#        weight    minuslogpost            logA             n_s         omega_b       omega_cdm        tau_reio Lambda_EDE_ridder        A_planck      calib_100T      calib_217T       A_cib_217       xi_sz_cib            A_sz        ksz_norm    gal545_A_100    gal545_A_143 gal545_A_143_217    gal545_A_217    ps_A_100_100    ps_A_143_143    ps_A_143_217    ps_A_217_217   galf_TE_A_100 galf_TE_A_100_143 galf_TE_A_100_217   galf_TE_A_143 galf_TE_A_143_217   galf_TE_A_217             A_s         Omega_m          sigma8              S8         rs_drag       chi2__BAO       chi2__CMB        chi2__SN   minuslogprior minuslogprior__0 minuslogprior__SZ            chi2 chi2__planck_2018_lowl.TT chi2__planck_2018_lowl.EE chi2__planck_2018_highl_plik.TTTEEE chi2__planck_2018_lensing.clik chi2__bao.sixdf_2011_bao chi2__bao.sdss_dr7_mgs chi2__bao.sdss_dr12_consensus_bao chi2__likelihoods.desi_y1_bao.DESI_Y1_BAO chi2__sn.pantheonplus  chi2__shoes_h0
              4       2220.3982       3.0278381      0.96638425     0.022629074      0.11209443     0.055893096         1.7039921      0.99886409      0.99867932      0.99822624       75.955833      0.14918933       5.1132993       5.3786479       6.9912137       12.376107        13.152285       64.623593        301.7984       48.371907       39.041321       91.641188      0.17204902        0.19518604         0.4411512      0.25919659        0.67974842        2.133961   2.0652535e-09      0.25631104      0.78509179      0.72567718       148.41383       40.199162       2903.2933       1421.9446       15.524363         12.59109         2.9332734       4409.7477                 21.430184                 395.84764                           2456.4186                      29.596918                2.1394989              6.6361936                          31.42347                                 44.041016             1421.9446      0.26960059
              1       2219.9432       3.0278381      0.96638425     0.022629074      0.11209443     0.055893096         1.7039921      0.99886409      0.99866007      0.99826541       76.008293      0.15342681       5.0695833       5.2027919       7.1749712        12.47532        12.898996        64.74609       302.77759       48.219163       38.309575       91.439105       0.1781556        0.19751205         0.4513528      0.28966697        0.65903216       2.1134689   2.0652535e-09      0.25631104      0.78509179      0.72567718       148.41383       40.199162       2901.0462       1421.9446       16.192988         13.36724         2.8257481       4407.5005                 21.430184                 395.84764                           2454.1714                      29.596918                2.1394989              6.6361936                          31.42347                                 44.041016             1421.9446      0.26960059
              3       2218.5755       3.0278381      0.96638425     0.022629074      0.11209443     0.055893096         1.7039921      0.99886409      0.99868339       0.9981598       77.420565      0.16864142        5.465614       4.9418485       7.5002629       12.712723        12.465483       64.000098       305.04507        49.01279       39.159787       91.107264       0.1300741         0.1479942        0.37721925      0.27767743        0.69260496       2.1794678   2.0652535e-09      0.25631104      0.78509179      0.72567718       148.41383       40.199162       2902.0648       1421.9446       14.315879        11.324464         2.9914149       4408.5192                 21.430184                 395.84764                           2455.1901                      29.596918                2.1394989              6.6361936                          31.42347                                 44.041016             1421.9446      0.26960059
              3       2221.0813       3.0278381      0.96638425     0.022629074      0.11209443     0.055893096         1.7039921      0.99886409      0.99836179      0.99797559       77.153971      0.12835798        5.485918       4.8887375       7.6474259       12.661268        12.140345       63.099464       311.10549       48.026822       38.346627       91.386798      0.13314655        0.13944508        0.37541454      0.28175769        0.73296652       2.1964251   2.0652535e-09      0.25631104      0.78509179      0.72567718       148.41383       40.199162       2904.5776       1421.9446       15.565382        12.583539         2.9818439       4411.0319                 21.430184                 395.84764                           2457.7028                      29.596918                2.1394989              6.6361936                          31.42347                                 44.041016             1421.9446      0.26960059
              3       2220.5246       3.0278381      0.96638425     0.022629074      0.11209443     0.055893096         1.7039921      0.99886409      0.99836987      0.99814707       77.056927      0.13294509       5.4050524       4.8438278       7.5514751       12.455716        11.846541       62.860817       310.58648       48.757952       37.978764       91.379332      0.11356135        0.13215979        0.37623328      0.25496091        0.75010061       2.2082956   2.0652535e-09      0.25631104      0.78509179      0.72567718       148.41383       40.199162       2904.0279       1421.9446        15.28342        12.380572         2.9028485       4410.4823                 21.430184                 395.84764                           2457.1532                      29.596918                2.1394989              6.6361936                          31.42347                                 44.041016             1421.9446      0.26960059
              1       2222.2529       3.0278381      0.96638425     0.022629074      0.11209443     0.055893096         1.7039921      0.99886409      0.99820186       0.9981858       77.331053      0.14561202       5.2669206       4.9329801       7.3681019       12.213808        11.843171       62.747888       312.81638       48.694327       37.941064        91.26928      0.11388828         0.1260319        0.37283681      0.26146523        0.73938132       2.2279511   2.0652535e-09      0.25631104      0.78509179      0.72567718       148.41383       40.199162       2906.2579       1421.9446       15.896794        13.051465         2.8453291       4412.7123                 21.430184                 395.84764                           2459.3832                      29.596918                2.1394989              6.6361936                          31.42347                                 44.041016             1421.9446      0.26960059
              1       2223.5801       3.0278381      0.96638425     0.022629074      0.11209443     0.055893096         1.7039921      0.99886409      0.99821685      0.99828648        77.34696      0.16521073       5.0490859       4.9958229       7.7090266        12.02066        12.229215       64.235261       307.53056        48.98971       37.384644       91.018744      0.12036198        0.10113704        0.33341666      0.22378701        0.76517042       2.2123125   2.0652535e-09      0.25631104      0.78509179      0.72567718       148.41383       40.199162       2908.4178       1421.9446       16.144029        13.416697         2.7273315       4414.8721                 21.430184                 395.84764                            2461.543                      29.596918                2.1394989              6.6361936                          31.42347                                 44.041016             1421.9446      0.26960059
              4       2223.6582       3.0278381      0.96638425     0.022629074      0.11209443     0.055893096         1.7039921      0.99886409      0.99822697      0.99829645       77.447501      0.16608948       4.9969138       4.8411016       7.7025727        12.07209        12.142925       64.411816       308.61484       48.751672       37.239087       91.160789      0.11590207        0.11551575        0.33582866      0.22490416        0.76141513       2.1939877   2.0652535e-09      0.25631104      0.78509179      0.72567718       148.41383       40.199162       2909.3737       1421.9446       15.744121        13.108238         2.6358835       4415.8281                 21.430184                 395.84764                            2462.499                      29.596918                2.1394989              6.6361936                          31.42347                                 44.041016             1421.9446      0.26960059
              3       2222.3118       3.0278381      0.96638425     0.022629074      0.11209443     0.055893096         1.7039921      0.99886409      0.99824673       0.9982121       77.161157      0.14436286       4.8617508       5.0309302       7.6649125       12.148594        12.390133       64.557163        306.7814       49.078799       37.435807       91.120836      0.13265736        0.10475232        0.32254339      0.21779452        0.74197118       2.2575848   2.0652535e-09      0.25631104      0.78509179      0.72567718       148.41383       40.199162       2906.5217       1421.9446       15.823723        13.197598         2.6261243       4412.9761                 21.430184                 395.84764                            2459.647                      29.596918                2.1394989              6.6361936                          31.42347                                 44.041016             1421.9446      0.26960059
              1        2222.601       3.0278381      0.96638425     0.022629074      0.11209443     0.055893096         1.7039921      0.99886409      0.99908665      0.99791331       77.123904      0.23516804       5.5342439       6.7067462        8.026981       11.968938        14.824695        66.52069       309.96372        49.76263       37.349497       89.054825      0.14852491        0.09595112        0.38209664      0.27563056        0.78420821       2.1307039   2.0652535e-09      0.25631104      0.78509179      0.72567718       148.41383       40.199162       2910.2671       1421.9446       14.240245         10.18146         4.0587854       4416.7215                 21.430184                 395.84764                           2463.3924                      29.596918                2.1394989              6.6361936                          31.42347                                 44.041016             1421.9446      0.26960059
              2       2219.7951       3.0278381      0.96638425     0.022629074      0.11209443     0.055893096         1.7039921      0.99886409      0.99918266      0.99780359        77.33831      0.26977731        4.747033       7.3442059       6.2822533        11.77625        14.029469       66.505204       309.84964       49.527925         37.9919       86.850325     0.050162662        0.13814823         0.4070983      0.33604363        0.75146783       2.0542711   2.0652535e-09      0.25631104      0.78509179      0.72567718       148.41383       40.199162       2900.6631       1421.9446       16.236368        12.575055         3.6613126       4407.1175                 21.430184                 395.84764                           2453.7884                      29.596918                2.1394989              6.6361936                          31.42347                                 44.041016             1421.9446      0.26960059
              4        2219.868       3.0278381      0.96638425     0.022629074      0.11209443     0.055893096         1.7039921      0.99869773      0.99918266      0.99780359        77.33831      0.26977731        4.747033       7.3442059       6.2822533        11.77625        14.029469       66.505204       309.84964       49.527925         37.9919       86.850325     0.050162662        0.13814823         0.4070983      0.33604363        0.75146783       2.0542711   2.0652535e-09      0.25631104      0.78509179      0.72567718       148.41383       40.199162       2900.7441       1421.9446       16.268816        12.607503         3.6613126       4407.1984                 21.447856                 395.84507                           2454.1107                       29.34041                2.1394989              6.6361936                          31.42347                                 44.041016             1421.9446      0.26960059
              3       2219.6043       3.0278381      0.96638425     0.022629074      0.11209443     0.055893096         1.7039921      0.99869773      0.99924419      0.99784838       77.344548      0.25532076       4.8629829       7.1071485         6.24235       11.611126        14.126615        66.30786       311.60515       49.344292       38.356595       86.972075     0.064930434        0.14426737        0.39514732       0.3321269        0.74393219       2.0529898   2.0652535e-09      0.25631104      0.78509179      0.72567718       148.41383       40.199162       2901.8517       1421.9446       15.451275        11.820963         3.6303116       4408.3061                 21.447856                 395.84507                           2455.2184                       29.34041                2.1394989              6.6361936                          31.42347                                 44.041016             1421.9446      0.26960059
              1       2222.1211       3.0278381      0.96638425     0.022629074      0.11209443     0.055893096         1.7039921      0.99869773      0.99933618      0.99769757       77.463449      0.25474582       4.8290077       7.0358345       6.1011955       11.565925        14.542108       66.354073       311.80108       49.694072       38.462914       87.055445     0.060149147        0.13662334        0.40282442      0.35188953        0.75369455       2.0856526   2.0652535e-09      0.25631104      0.78509179      0.72567718       148.41383       40.199162       2905.8128       1421.9446        15.98754        12.431587         3.5559531       4412.2671                 21.447856                 395.84507                           2459.1795                       29.34041                2.1394989              6.6361936                          31.42347                                 44.041016             1421.9446      0.26960059
              2       2220.9259       3.0278381      0.96638425     0.022629074      0.11209443     0.055893096         1.7039921      0.99869773       0.9993362      0.99765413       77.442705      0.24942263       4.8148943       6.9319644       6.0851246       11.599379        14.449577       66.482831       311.88414       49.862185       38.384899       86.880201     0.071884941         0.1337836        0.40847151      0.33824207        0.76097473       2.0833114   2.0652535e-09      0.25631104      0.78509179      0.72567718       148.41383       40.199162       2905.0066       1421.9446       15.195455        11.712549          3.482906       4411.4609                 21.447856                 395.84507                           2458.3732                       29.34041                2.1394989              6.6361936                          31.42347                                 44.041016             1421.9446      0.26960059
              1       2220.3793       3.0278381      0.96638425     0.022629074      0.11209443     0.055893096         1.7039921      0.99869773      0.99938542      0.99762596       77.805172      0.27072448       4.8195704       7.1631613       6.3179669       11.687812        14.410038       66.650591       313.92725       50.113448       38.008128       86.945377     0.074915906        0.14093715        0.41569199      0.32898289        0.75602115       2.0367291   2.0652535e-09      0.25631104      0.78509179      0.72567718       148.41383       40.199162       2904.7667       1421.9446        14.76878        11.146509         3.6222713        4411.221                 21.447856                 395.84507                           2458.1334                       29.34041                2.1394989              6.6361936                          31.42347                                 44.041016             1421.9446      0.26960059
              2       2221.0687       3.0278381      0.96638425     0.022629074      0.11209443     0.055893096         1.7039921       0.9987702      0.99932626      0.99714311       77.595729      0.30697129       4.7524749       6.7449542       6.3583397        11.78691        14.946267       66.873752       310.50045       51.958492       38.263532       87.445677     0.087475865        0.13007366        0.43702767      0.30359283        0.75427132       2.0642537   2.0652535e-09      0.25631104      0.78509179      0.72567718       148.41383       40.199162       2907.2371       1421.9446       14.222929        10.899158         3.3237712       4413.6915                 21.440149                 395.84706                           2460.4979                      29.451971                2.1394989              6.6361936                          31.42347                                 44.041016             1421.9446      0.26960059
              3       2220.5656       3.0278381      0.96638425     0.022629074      0.11209443     0.055893096         1.7039921       0.9987702      0.99944087      0.99727256       78.806318      0.27799292        4.480421         5.73724       6.5953675       12.161404        14.278482       66.322387       305.21129       52.290646       39.503858       87.299192      0.12841931        0.15517526        0.38455276       0.2543959        0.74560587       2.0532808   2.0652535e-09      0.25631104      0.78509179      0.72567718       148.41383       40.199162       2909.6137       1421.9446       12.531594        9.8695846          2.662009       4416.0681                 21.440149                 395.84706                           2462.8746                      29.451971                2.1394989              6.6361936                          31.42347                                 44.041016             1421.9446      0.26960059
              3       2220.3589       3.0278381      0.96638425     0.022629074      0.11209443     0.055893096         1.7039921       0.9987702      0.99955172      0.99736257       78.118152      0.30028225       4.4882725       5.6808048        6.866809       12.056556        14.872384        65.68182       311.28925       53.541061       39.314278       86.523338      0.12472855        0.12194887        0.26779042      0.23756243        0.69369089       1.9754667   2.0652535e-09      0.25631104      0.78509179      0.72567718       148.41383       40.199162       2907.5007       1421.9446       13.381424        10.735912         2.6455129        4413.955                 21.440149                 395.84706                           2460.7615                      29.451971                2.1394989              6.6361936                          31.42347                                 44.041016             1421.9446      0.26960059
              1       2219.4986       3.0278381      0.96638425     0.022629074      0.11209443     0.055893096         1.7039921      0.99854438      0.99969778      0.99760706        77.82625      0.25673542       4.7715574       6.5532981       7.2071633       12.482051        13.699619       64.899796       310.99008       52.430342       39.560887       88.414274     0.077775334        0.13656268        0.27608902      0.28143223        0.69169868       2.1004055   2.0652535e-09      0.25631104      0.78509179      0.72567718       148.41383       40.199162       2902.9007       1421.9446       14.821017        11.582612          3.238405       4409.3551                 21.464214                  395.8381                           2456.4932                      29.105238                2.1394989              6.6361936                          31.42347                                 44.041016             1421.9446      0.26960059
              3       2219.5274       3.0278381      0.96638425     0.022629074      0.11209443     0.055893096         1.7039921      0.99854438       0.9996897      0.99759766       77.847003      0.25644129       4.7601833       6.5970545       7.2633503       12.476323        13.692866        64.93913       310.84765       52.535305       39.514939       88.358841     0.074971752         0.1378752        0.27787978        0.281518        0.69226274       2.0974207   2.0652535e-09      0.25631104      0.78509179      0.72567718       148.41383       40.199162       2902.8387       1421.9446       14.880881        11.629127         3.2517534        4409.293                 21.464214                  395.8381                           2456.4312                      29.105238                2.1394989              6.6361936                          31.42347                                 44.041016             1421.9446      0.26960059
              1       2217.9303       3.0278381      0.96638425     0.022629074      0.11209443     0.055893096         1.7039921      0.99854438       0.9995967      0.99774756       77.483529      0.25964466       4.9726058       6.4286466       7.7183839       12.282288        13.787639       65.051878       309.07322       51.952407       39.259315       88.459226     0.086089484        0.12224724        0.28153196      0.26799366        0.69111385       2.0556822   2.0652535e-09      0.25631104      0.78509179      0.72567718       148.41383       40.199162       2901.1652       1421.9446       14.120563        10.777377         3.3431856       4407.6195                 21.464214                  395.8381                           2454.7576                      29.105238                2.1394989              6.6361936                          31.42347                                 44.041016             1421.9446      0.26960059
              1       2217.2702       3.0278381      0.96638425     0.022629074      0.11209443     0.055893096         1.7039921      0.99854438        1.000151      0.99776837       77.848847      0.19198012       4.4444041       5.4590675        8.114484       12.095766        13.070122       64.562445       296.34755       51.476769       37.877816       89.536839      0.13387095        0.14930643        0.38467286       0.2798346        0.66230924       2.0238133   2.0652535e-09      0.25631104      0.78509179      0.72567718       148.41383       40.199162       2905.9298       1421.9446       11.078093        8.5368979         2.5411953       4412.3842                 21.464214                  395.8381                           2459.5223                      29.105238                2.1394989              6.6361936                          31.42347                                 44.041016             1421.9446      0.26960059
              4       2217.3097       3.0278381      0.96638425     0.022629074      0.11209443     0.055893096         1.7039921      0.99854438       1.0001556      0.99785835       77.960553      0.17657366       4.4135863       5.4479864       8.2331359       12.120948        13.247484       64.337026        299.2293       51.609477       37.815837       89.690094       0.1441354         0.1399776        0.38340683      0.27085692        0.67087313       2.0099208   2.0652535e-09      0.25631104      0.78509179      0.72567718       148.41383       40.199162       2906.5534       1421.9446       10.805797        8.2849992         2.5207976       4413.0077                 21.464214                  395.8381                           2460.1459                      29.105238                2.1394989              6.6361936                          31.42347                                 44.041016             1421.9446      0.26960059
              2       2218.8168       3.0278381      0.96638425     0.022629074      0.11209443     0.055893096         1.7039921      0.99854438      0.99944048      0.99786991       77.930395      0.23071272       4.1908735       5.4766965       7.4901703       13.638099         14.67761       64.117738       302.25842       49.912837       36.197582       88.850695     0.060609632        0.10830347        0.52485634      0.22274816        0.64937452        1.893526   2.0652535e-09      0.25631104      0.78509179      0.72567718       148.41383       40.199162       2904.8488       1421.9446       13.165195        10.747998         2.4171969       4411.3031                 21.464214                  395.8381                           2458.4412                      29.105238                2.1394989              6.6361936                          31.42347                                 44.041016             1421.9446      0.26960059
              1       2219.3521       3.0278381      0.96638425     0.022629074      0.11209443     0.055893096         1.7039921      0.99854438      0.99948947      0.99783414       77.690578      0.23080504       4.1820917       5.3384536       7.4139021       13.534979        14.777397       64.666367       303.82401       49.651452       36.372024       87.937342     0.056473417       0.094285646        0.50128159      0.18040156        0.65891739       1.8403364   2.0652535e-09      0.25631104      0.78509179      0.72567718       148.41383       40.199162       2905.6538       1421.9446       13.298043        10.924942         2.3731003       4412.1081                 21.464214                  395.8381                           2459.2462                      29.105238                2.1394989              6.6361936                          31.42347                                 44.041016             1421.9446      0.26960059
              1       2219.9933       3.0278381      0.96638425     0.022629074      0.11209443     0.055893096         1.7039921      0.99854438      0.99967446      0.99816207       77.493598      0.24183516       3.9067523       4.4915725        7.572351       13.497881         14.00529       64.687759       297.53971       50.085996        36.74711       88.282233     0.048759409         0.1215164        0.42017052      0.20060581        0.66174504       1.8830321   2.0652535e-09      0.25631104      0.78509179      0.72567718       148.41383       40.199162        2908.411       1421.9446       12.560612        10.457311         2.1033007       4414.8654                 21.464214                  395.8381                           2462.0035                      29.105238                2.1394989              6.6361936                          31.42347                                 44.041016             1421.9446      0.26960059
              1       2219.7822       3.0278381      0.96638425     0.022629074      0.11209443     0.055893096         1.7039921      0.99854438      0.99954991      0.99817232       77.057177      0.23402924       4.0885877       4.7172091       7.4219676       13.676086        14.024765       65.171301       295.92346       49.727306       37.670862       88.237127     0.037547192        0.11928732        0.39460172      0.20930254        0.69327212       1.9335377   2.0652535e-09      0.25631104      0.78509179      0.72567718       148.41383       40.199162       2905.8784       1421.9446        13.61578        11.426345         2.1894343       4412.3327                 21.464214                  395.8381                           2459.4709                      29.105238                2.1394989              6.6361936                          31.42347                                 44.041016             1421.9446      0.26960059
              1       2216.5897       3.0278381      0.96638425     0.022629074      0.11209443     0.055893096         1.7039921        0.997835      0.99943366      0.99801076       76.897967      0.20272219       4.1163162        4.784003       7.4900847       13.241303        13.249053       65.497842         305.119       49.879142       37.795897       88.450344     0.051079657        0.13274102        0.36131342      0.22919169        0.67018329       1.8706556   2.0652535e-09      0.25631104      0.78509179      0.72567718       148.41383       40.199162        2899.792       1421.9446       13.466546          11.2547         2.2118457       4406.2463                 21.540829                 395.86652                            2454.351                      28.033665                2.1394989              6.6361936                          31.42347                                 44.041016             1421.9446      0.26960059
              2       2216.8149       3.0278381      0.96638425     0.022629074      0.11209443     0.055893096         1.7039921      0.99756026      0.99943979       0.9979994       76.882616      0.20321356       4.1078518       4.7954453         7.48448       13.251712        13.233913       65.518954       304.91062       49.878663       37.762844        88.45888     0.052237469        0.13123248        0.35956688      0.22707091         0.6703615       1.8707442   2.0652535e-09      0.25631104      0.78509179      0.72567718       148.41383       40.199162       2900.1218       1421.9446       13.526822        11.315413         2.2114094       4406.5761                 21.570973                 395.88021                           2455.0447                      27.625854                2.1394989              6.6361936                          31.42347                                 44.041016             1421.9446      0.26960059
              1       2216.6992       3.0278381      0.96638425     0.022629074      0.11209443     0.055893096         1.7039921      0.99756026      0.99945816      0.99792673       77.059485      0.20926472       4.1773429       4.7360101       7.2739693        13.24842        13.293755       65.405503        305.0195       50.245356       37.773372       88.295766     0.062139235        0.13656659        0.34852205      0.23551247        0.66224297       1.9062365   2.0652535e-09      0.25631104      0.78509179      0.72567718       148.41383       40.199162       2900.1547       1421.9446       13.394694        11.172395         2.2222994       4406.6091                 21.570973                 395.88021                           2455.0777                      27.625854                2.1394989              6.6361936                          31.42347                                 44.041016             1421.9446      0.26960059
              1       2216.7601       3.0278381      0.96638425     0.022629074      0.11209443     0.055893096         1.7039921      0.99756026      0.99959542      0.99798209       77.017073      0.15424364       4.1758624       4.7322712       7.7727947       13.680187        13.921078       65.294397        310.9297       52.948799       38.946346       88.855025      0.11303672        0.11847514        0.34198087      0.19625691        0.64840113       1.9110012   2.0652535e-09      0.25631104      0.78509179      0.72567718       148.41383       40.199162       2902.6984       1421.9446       12.183719        9.9627201         2.2209986       4409.1527                 21.570973                 395.88021                           2457.6214                      27.625854                2.1394989              6.6361936                          31.42347                                 44.041016             1421.9446      0.26960059
              1       2216.7383       3.0278381      0.96638425     0.022629074      0.11209443     0.055893096         1.7039921      0.99756026      0.99927553      0.99814528       77.181607      0.16872981       4.2329269       4.4781632       7.8291309       13.373327        13.705429       65.573429       295.63346       52.526796       39.790221       88.055987      0.12597458        0.13261424        0.34135982      0.21532295        0.69887947       1.9583456   2.0652535e-09      0.25631104      0.78509179      0.72567718       148.41383       40.199162       2902.6099       1421.9446       12.206205        10.018351         2.1878543       4409.0643                 21.570973                 395.88021                           2457.5329                      27.625854                2.1394989              6.6361936                          31.42347                                 44.041016             1421.9446      0.26960059
              2       2217.3738       3.0278381      0.96638425     0.022629074      0.11209443     0.055893096         1.7039921      0.99756026      0.99942347      0.99810011       76.943427      0.18593415       4.2568742       4.4737832       7.9478665       13.301411        13.044562       64.927655       295.64407       53.130088       40.293236       87.834208       0.1396573        0.13792715        0.31268907      0.20074734        0.72570569       1.8982561   2.0652535e-09      0.25631104      0.78509179      0.72567718       148.41383       40.199162       2903.0919       1421.9446       12.600669        10.406149         2.1945201       4409.5462                 21.570973                 395.88021                           2458.0149                      27.625854                2.1394989              6.6361936                          31.42347                                 44.041016             1421.9446      0.26960059
              1        2217.362       3.0278381      0.96638425     0.022629074      0.11209443     0.055893096         1.7039921      0.99756026      0.99940509       0.9980129       76.684447      0.15706244       4.3256707       4.2736098       7.9445398       12.812324        13.089045       64.640688       289.43563       53.966695       40.120072       88.815023      0.14472988        0.11380346        0.32660967       0.1996563         0.6977114       1.8659844   2.0652535e-09      0.25631104      0.78509179      0.72567718       148.41383       40.199162       2904.0137       1421.9446        12.12795        9.9508467         2.1771036       4410.4681                 21.570973                 395.88021                           2458.9367                      27.625854                2.1394989              6.6361936                          31.42347                                 44.041016             1421.9446      0.26960059
              2       2216.5084       3.0278381      0.96638425     0.022629074      0.11209443     0.055893096         1.7039921      0.99756026      0.99928107      0.99795695        76.79936          0.1769       4.3993325       4.2343818        7.929047       12.898051        13.073248        64.45595       291.44193       54.521729       40.041264       89.371538      0.13700903        0.12008764        0.32466728      0.21909842        0.70713707       1.8568565   2.0652535e-09      0.25631104      0.78509179      0.72567718       148.41383       40.199162       2901.7994       1421.9446       12.381527        10.189274         2.1922531       4408.2537                 21.570973                 395.88021                           2456.7224                      27.625854                2.1394989              6.6361936                          31.42347                                 44.041016             1421.9446      0.26960059
              3       2219.6889       3.0278381      0.96638425     0.022629074      0.11209443     0.055893096         1.7039921      0.99756026      0.99938305      0.99790664       76.835041      0.18258147       4.3449686        4.072643       7.8376586       12.814445        13.499489       63.884743       289.34991       53.486326       39.931685        90.34091      0.14064488        0.13359944        0.26511571      0.21683956        0.71602355        1.940031   2.0652535e-09      0.25631104      0.78509179      0.72567718       148.41383       40.199162       2906.2739       1421.9446       13.324744         11.17806         2.1466832       4412.7283                 21.570973                 395.88021                           2461.1969                      27.625854                2.1394989              6.6361936                          31.42347                                 44.041016             1421.9446      0.26960059
              2       2219.3357       3.0278381      0.96638425     0.022629074      0.11209443     0.055893096         1.7039921      0.99756026      0.99919718      0.99808295       76.643847       0.1651938       4.8496171       4.2871197       7.4437313       13.040303        13.539864       64.852391       288.28186       52.574626       39.995301       90.015243      0.14442012       0.086645267        0.30683956      0.16051026        0.71564506       1.9455476   2.0652535e-09      0.25631104      0.78509179      0.72567718       148.41383       40.199162       2904.0566       1421.9446       14.080285        11.702473         2.3778118       4410.5109                 21.570973                 395.88021                           2458.9795                      27.625854                2.1394989              6.6361936                          31.42347                                 44.041016             1421.9446      0.26960059
              2       2219.1552       3.0278381      0.96638425     0.022629074      0.11209443     0.055893096         1.7039921      0.99823174      0.99919718      0.99808295       76.643847       0.1651938       4.8496171       4.2871197       7.4437313       13.040303        13.539864       64.852391       288.28186       52.574626       39.995301       90.015243      0.14442012       0.086645267        0.30683956      0.16051026        0.71564506       1.9455476   2.0652535e-09      0.25631104      0.78509179      0.72567718       148.41383       40.199162       2904.1475       1421.9446       13.854237        11.476425         2.3778118       4410.6018                  21.49778                 395.85758                           2458.1625                      28.629682                2.1394989              6.6361936                          31.42347                                 44.041016             1421.9446      0.26960059
              4       2220.3808       3.0278381      0.96638425     0.022629074      0.11209443     0.055893096         1.7039921      0.99823174      0.99901665      0.99813092       78.105235     0.072486865       4.6547571       3.8210068       8.1679615       13.685142        14.146331       64.876028       273.68428       52.478554       37.972471       89.404756      0.16414019        0.11635165        0.44632111      0.18999843        0.82042416       2.0744594   2.0652535e-09      0.25631104      0.78509179      0.72567718       148.41383       40.199162       2907.6308       1421.9446       13.338214        11.146885         2.1913291       4414.0851                  21.49778                 395.85758                           2461.6457                      28.629682                2.1394989              6.6361936                          31.42347                                 44.041016             1421.9446      0.26960059
              1       2220.1656       3.0278381      0.96638425     0.022629074      0.11209443     0.055893096         1.7039921      0.99823174      0.99901797      0.99813882       78.127744     0.072224262       4.6589845       3.8540511        8.141794       13.691106        14.162782       64.922704       273.85211       52.484844       37.939635       89.344415      0.16561078        0.12065552        0.45062251      0.19043704        0.81937645       2.0820218   2.0652535e-09      0.25631104      0.78509179      0.72567718       148.41383       40.199162       2907.2431       1421.9446       13.316932        11.117692           2.19924       4413.6974                  21.49778                 395.85758                            2461.258                      28.629682                2.1394989              6.6361936                          31.42347                                 44.041016             1421.9446      0.26960059
              1       2220.0718       3.0278381      0.96638425     0.022629074      0.11209443     0.055893096         1.7039921      0.99823174      0.99898268      0.99823924        78.07441     0.071443962       4.6273699        3.631549       8.2932508       13.738637        14.269238       65.557169       274.31036        52.43273       38.196196       89.403178      0.15999431         0.1102149        0.44644362      0.22127916        0.81082822       2.1262627   2.0652535e-09      0.25631104      0.78509179      0.72567718       148.41383       40.199162       2907.1743       1421.9446       13.257425        11.108915         2.1485103       4413.6286                  21.49778                 395.85758                           2461.1893                      28.629682                2.1394989              6.6361936                          31.42347                                 44.041016             1421.9446      0.26960059
              2       2218.6804       3.0278381      0.96638425     0.022629074      0.11209443     0.055893096         1.7039921      0.99823174      0.99905434      0.99828019       77.918355     0.051982236       4.7252663       3.3569164       8.3520514       13.866396        14.387259       65.446598       273.30916       52.630899        37.53034       89.730312      0.14606042        0.14064256        0.45106957       0.2318961        0.80532565       2.0915716   2.0652535e-09      0.25631104      0.78509179      0.72567718       148.41383       40.199162       2905.2664       1421.9446       12.820056        10.690901         2.1291541       4411.7207                  21.49778                 395.85758                           2459.2813                      28.629682                2.1394989              6.6361936                          31.42347                                 44.041016             1421.9446      0.26960059
              6        2220.584       3.0278381      0.96638425     0.022629074      0.11209443     0.055893096         1.7039921      0.99823174      0.99817374      0.99797818       76.793222     0.057703475       5.4337917       4.1149519       8.0299739       13.945744        14.709524       67.505313       288.50342       52.551184       37.354284       93.353197     0.056492094         0.1052101        0.52239302      0.18202506        0.76772578       2.0072322   2.0652535e-09      0.25631104      0.78509179      0.72567718       148.41383       40.199162       2899.8228       1421.9446        17.44541        14.819548         2.6258622       4406.2772                  21.49778                 395.85758                           2453.8378                      28.629682                2.1394989              6.6361936                          31.42347                                 44.041016             1421.9446      0.26960059
              2       2221.7985       3.0278381      0.96638425     0.022629074      0.11209443     0.055893096         1.7039921      0.99823174      0.99794161      0.99852546       76.374968      0.10097351        5.378024       3.4495084       8.1464972       14.219236        14.205016        66.81551       286.32613       54.016668       36.623148        88.59512      0.13336498        0.10445717        0.55752923      0.12320238        0.77514373       2.0989069   2.0652535e-09      0.25631104      0.78509179      0.72567718       148.41383       40.199162       2900.4109       1421.9446       18.365921        15.985887         2.3800334       4406.8652                  21.49778                 395.85758                           2454.4258                      28.629682                2.1394989              6.6361936                          31.42347                                 44.041016             1421.9446      0.26960059
              2          2221.9       3.0278381      0.96638425     0.022629074      0.11209443     0.055893096         1.7039921      0.99823174      0.99792538       0.9985294       76.423947     0.090421117       5.3769757       3.6437042       8.0176767       14.260668        14.125825       66.940839        288.3566       53.943759        36.47125       88.410869      0.13542237       0.099689741        0.55198341      0.12343996        0.78594349       2.1114006   2.0652535e-09      0.25631104      0.78509179      0.72567718       148.41383       40.199162       2899.8938       1421.9446       18.725938        16.289205         2.4367325       4406.3482                  21.49778                 395.85758                           2453.9088                      28.629682                2.1394989              6.6361936                          31.42347                                 44.041016             1421.9446      0.26960059
              3        2221.495       3.0278381      0.96638425     0.022629074      0.11209443     0.055893096         1.7039921      0.99823174      0.99793908      0.99843046       76.392273     0.097658109       5.2552833       3.7761755       7.9603258       14.251165        14.073469        66.45652       290.53746       53.541086       36.325274       88.517386      0.13453062           0.11304        0.55154276       0.1105734        0.76458653       2.1276299   2.0652535e-09      0.25631104      0.78509179      0.72567718       148.41383       40.199162       2899.8593       1421.9446       18.338151        15.920199         2.4179526       4406.3136                  21.49778                 395.85758                           2453.8742                      28.629682                2.1394989              6.6361936                          31.42347                                 44.041016             1421.9446      0.26960059
              3       2221.3027       3.0278381      0.96638425     0.022629074      0.11209443     0.055893096         1.7039921      0.99823174       0.9979234      0.99852613       76.262199      0.07115225       5.1537376       3.5515829       8.0344835       14.409399        13.629387       67.391401       282.30433       52.697592       36.468243       87.963798      0.15752383         0.1308717        0.52603439       0.1017124        0.71833634       2.2880013   2.0652535e-09      0.25631104      0.78509179      0.72567718       148.41383       40.199162       2899.3211       1421.9446       18.414965        16.104148         2.3108173       4405.7754                  21.49778                 395.85758                            2453.336                      28.629682                2.1394989              6.6361936                          31.42347                                 44.041016             1421.9446      0.26960059
              2       2219.9861       3.0278381      0.96638425     0.022629074      0.11209443     0.055893096         1.7039921      0.99823174       0.9987372      0.99867603       75.859244       0.0788985       4.7271963        3.410034       8.1764189       14.211202        13.492261       68.152761       285.26418       50.914659       37.056639       87.790505      0.19702445        0.13135255        0.52762496       0.1075586        0.74259601       2.1762933   2.0652535e-09      0.25631104      0.78509179      0.72567718       148.41383       40.199162       2901.3792       1421.9446       16.069354        13.931173          2.138181       4407.8336                  21.49778                 395.85758                           2455.3942                      28.629682                2.1394989              6.6361936                          31.42347                                 44.041016             1421.9446      0.26960059
              1        2218.409       3.0278381      0.96638425     0.022629074      0.11209443     0.055893096         1.7039921      0.99823174      0.99880249      0.99872602       75.800378     0.091907894       4.8542946        3.543959       8.3140146        13.92733        13.408295       68.002309       286.17293       50.632648       37.328652       88.075081      0.16136187        0.11570591        0.55004763      0.11584409        0.76882003       2.2143141   2.0652535e-09      0.25631104      0.78509179      0.72567718       148.41383       40.199162        2900.013       1421.9446       15.175401        12.975677         2.1997234       4406.4673                  21.49778                 395.85758                           2454.0279                      28.629682                2.1394989              6.6361936                          31.42347                                 44.041016             1421.9446      0.26960059
              1       2218.1514       3.0278381      0.96638425     0.022629074      0.11209443     0.055893096         1.7039921      0.99823174      0.99901399      0.99844227       75.384999       0.1227454        4.771823       3.3659414        8.317999       13.872746        13.201157       67.272737       281.89033       50.577746       37.364592       88.187567      0.14232964        0.12676035        0.52557273      0.12670112        0.74897859       2.2118618   2.0652535e-09      0.25631104      0.78509179      0.72567718       148.41383       40.199162       2903.1804       1421.9446       13.334021        11.191327         2.1426939       4409.6347                  21.49778                 395.85758                           2457.1953                      28.629682                2.1394989              6.6361936                          31.42347                                 44.041016             1421.9446      0.26960059
              2        2217.978       3.0278381      0.96638425     0.022629074      0.11209443     0.055893096         1.7039921      0.99823174      0.99886859      0.99828063       75.594204      0.11986016       4.9004595       3.6459232       8.7744834       14.009665        13.355367       67.181525       278.07504       49.295551       37.653469       88.250446      0.15566143        0.15560687        0.52655211      0.14238179        0.74765382       2.2206416   2.0652535e-09      0.25631104      0.78509179      0.72567718       148.41383       40.199162       2901.5923       1421.9446        13.95468        11.717862         2.2368182       4408.0467                  21.49778                 395.85758                           2455.6073                      28.629682                2.1394989              6.6361936                          31.42347                                 44.041016             1421.9446      0.26960059
              1       2216.9842       3.0278381      0.96638425     0.022629074      0.11209443     0.055893096         1.7039921      0.99721727      0.99887324      0.99833719       75.791056      0.11448418       4.8003235       3.4774484       8.7407829       14.099593        12.974449       67.514146       276.77454       48.314738         37.9503       88.142826      0.13509358        0.14106899        0.51514397      0.15786852        0.73928083       2.2054623   2.0652535e-09      0.25631104      0.78509179      0.72567718       148.41383       40.199162       2900.1546       1421.9446       13.679735        11.509471         2.1702648       4406.6089                 21.608971                 395.90501                           2455.5182                        27.1224                2.1394989              6.6361936                          31.42347                                 44.041016             1421.9446      0.26960059
              6       2216.6989       3.0278381      0.96638425     0.022629074      0.11209443     0.055893096         1.7039921      0.99721727      0.99887158      0.99833743       75.809589      0.11282163       4.8231524       3.4844707        8.720508       14.074362        12.972811       67.505724        276.3725       48.310341       37.818793       88.059341      0.13586769        0.13826624        0.51118471      0.16299191        0.73813389       2.2153964   2.0652535e-09      0.25631104      0.78509179      0.72567718       148.41383       40.199162       2899.7785       1421.9446       13.582496        11.404104         2.1783926       4406.2328                 21.608971                 395.90501                           2455.1421                        27.1224                2.1394989              6.6361936                          31.42347                                 44.041016             1421.9446      0.26960059
              1       2217.6456       3.0278381      0.96638425     0.022629074      0.11209443     0.055893096         1.7039921      0.99680439      0.99887158      0.99833743       75.809589      0.11282163       4.8231524       3.4844707        8.720508       14.074362        12.972811       67.505724        276.3725       48.310341       37.818793       88.059341      0.13586769        0.13826624        0.51118471      0.16299191        0.73813389       2.2153964   2.0652535e-09      0.25631104      0.78509179      0.72567718       148.41383       40.199162       2901.2769       1421.9446       13.779962         11.60157         2.1783926       4407.7312                 21.655217                 395.89534                           2457.2016                      26.524741                2.1394989              6.6361936                          31.42347                                 44.041016             1421.9446      0.26960059
              4       2217.6811       3.0278381      0.96638425     0.022629074      0.11209443     0.055893096         1.7039921      0.99680439      0.99893404      0.99839867       75.716609     0.077487604       4.8315609       3.4510858       9.3626286       14.105634        13.468907       67.169134        278.8659       50.409161       37.942556       86.993678      0.13482211        0.14102458        0.50692379      0.17714683        0.74035641       2.2537474   2.0652535e-09      0.25631104      0.78509179      0.72567718       148.41383       40.199162        2901.611       1421.9446       13.648461        11.473814         2.1746465       4408.0653                 21.655217                 395.89534                           2457.5357                      26.524741                2.1394989              6.6361936                          31.42347                                 44.041016             1421.9446      0.26960059
              3       2217.2279       3.0278381      0.96638425     0.022629074      0.11209443     0.055893096         1.7039921      0.99680439      0.99906957      0.99824073       75.673464     0.082840775       4.8694085        3.425871       9.6714195       14.116058        13.027606       66.475636       287.06118       50.667707       38.087073       87.051672      0.13983248        0.15241271        0.50146513       0.2050733        0.73676054        2.219876   2.0652535e-09      0.25631104      0.78509179      0.72567718       148.41383       40.199162       2901.1914       1421.9446       13.405009         11.22369         2.1813192       4407.6457                 21.655217                 395.89534                           2457.1161                      26.524741                2.1394989              6.6361936                          31.42347                                 44.041016             1421.9446      0.26960059
              1       2217.4154       3.0278381      0.96638425     0.022629074      0.11209443     0.055893096         1.7039921      0.99680439      0.99918696       0.9982695       75.946161     0.089502869       4.7174257       3.5774678       9.8486897       14.107019        12.931614       67.061577       286.14522       51.169085       37.775017       86.887419      0.15984227        0.16082891        0.49417356      0.20067777        0.75085637       2.1901515   2.0652535e-09      0.25631104      0.78509179      0.72567718       148.41383       40.199162       2901.1773       1421.9446       13.599606        11.435291         2.1643152       4407.6316                 21.655217                 395.89534                            2457.102                      26.524741                2.1394989              6.6361936                          31.42347                                 44.041016             1421.9446      0.26960059
              1       2217.1583       3.0278381      0.96638425     0.022629074      0.11209443     0.055893096         1.7039921      0.99680439      0.99916857      0.99826723       76.004933     0.084515078       4.6826905       3.6554671       9.8360551        14.04602        13.010736       66.886105       285.62834       51.150416       37.757698       86.894048      0.15632054         0.1596728        0.49046723      0.20500292        0.75053436       2.1749841   2.0652535e-09      0.25631104      0.78509179      0.72567718       148.41383       40.199162       2900.9284       1421.9446       13.466915        11.298522         2.1683926       4407.3827                 21.655217                 395.89534                           2456.8531                      26.524741                2.1394989              6.6361936                          31.42347                                 44.041016             1421.9446      0.26960059
              2       2217.3636       3.0278381      0.96638425     0.022629074      0.11209443     0.055893096         1.7039921      0.99680439      0.99915633      0.99829457       76.007027     0.084872604       4.6699226       3.6228718       9.8423627        14.03933        12.917092       66.832359       285.22032       51.175352       37.628478       87.120586      0.15380425        0.16598947        0.48655039      0.20721454        0.75087528       2.1820334   2.0652535e-09      0.25631104      0.78509179      0.72567718       148.41383       40.199162       2901.0131       1421.9446       13.629905        11.471064         2.1588409       4407.4674                 21.655217                 395.89534                           2456.9378                      26.524741                2.1394989              6.6361936                          31.42347                                 44.041016             1421.9446      0.26960059
              3       2217.8499       3.0278381      0.96638425     0.022629074      0.11209443     0.055893096         1.7039921      0.99680439      0.99908284      0.99801879       76.152246      0.11549088       4.7366769       3.7759248       9.7362628       13.751059        13.162234       67.804171       289.00972       50.969319       38.245409        87.51146      0.15041444        0.15838544        0.48365925      0.17530361        0.75922433       2.1801252   2.0652535e-09      0.25631104      0.78509179      0.72567718       148.41383       40.199162       2902.5857       1421.9446       13.329913        11.121275         2.2086381         4409.04                 21.655217                 395.89534                           2458.5104                      26.524741                2.1394989              6.6361936                          31.42347                                 44.041016             1421.9446      0.26960059
              1        2217.317       3.0278381      0.96638425     0.022629074      0.11209443     0.055893096         1.7039921      0.99680439      0.99923666      0.99802772       76.402559     0.059187287       4.6722501       3.5699265        9.655921       13.597546        13.825835       68.142728       293.48783       51.623857       38.442732        87.53067       0.1625563         0.1452929        0.47170605      0.19023859        0.76572609        2.265587   2.0652535e-09      0.25631104      0.78509179      0.72567718       148.41383       40.199162       2902.7803       1421.9446       12.699696        10.549442         2.1502538       4409.2346                 21.655217                 395.89534                            2458.705                      26.524741                2.1394989              6.6361936                          31.42347                                 44.041016             1421.9446      0.26960059
              1       2215.8129       3.0278381      0.96638425     0.022629074      0.11209443     0.055893096         1.7039921      0.99723528      0.99923666      0.99802772       76.402559     0.059187287       4.6722501       3.5699265        9.655921       13.597546        13.825835       68.142728       293.48783       51.623857       38.442732        87.53067       0.1625563         0.1452929        0.47170605      0.19023859        0.76572609        2.265587   2.0652535e-09      0.25631104      0.78509179      0.72567718       148.41383       40.199162       2900.1829       1421.9446       12.494236        10.343983         2.1502538       4406.6373                 21.606966                 395.89872                           2455.5286                       27.14868                2.1394989              6.6361936                          31.42347                                 44.041016             1421.9446      0.26960059
              1       2216.2521       3.0278381      0.96638425     0.022629074      0.11209443     0.055893096         1.7039921      0.99723528      0.99934412      0.99802326       76.465704     0.059718294       4.5973149        3.642605       9.7254103       13.749313        13.769225       68.294843       293.44269       51.640185       38.496123       87.776461      0.16749716        0.14889752          0.472822      0.18538713        0.77465913       2.2458971   2.0652535e-09      0.25631104      0.78509179      0.72567718       148.41383       40.199162        2900.743       1421.9446       12.653467        10.511198         2.1422691       4407.1973                 21.606966                 395.89872                           2456.0886                       27.14868                2.1394989              6.6361936                          31.42347                                 44.041016             1421.9446      0.26960059
              3       2215.7148       3.0278381      0.96638425     0.022629074      0.11209443     0.055893096         1.7039921       0.9985452      0.99934412      0.99802326       76.465704     0.059718294       4.5973149        3.642605       9.7254103       13.749313        13.769225       68.294843       293.44269       51.640185       38.496123       87.776461      0.16749716        0.14889752          0.472822      0.18538713        0.77465913       2.2458971   2.0652535e-09      0.25631104      0.78509179      0.72567718       148.41383       40.199162       2900.5527       1421.9446       12.211289         10.06902         2.1422691       4407.0071                 21.464126                  395.8381                            2454.144                      29.106491                2.1394989              6.6361936                          31.42347                                 44.041016             1421.9446      0.26960059
              1       2216.4879       3.0278381      0.96638425     0.022629074      0.11209443     0.055893096         1.7039921       0.9985452       0.9992751      0.99815888       76.129306     0.020788734       4.9770964        3.652956       9.5634524       14.300518        13.041589       67.940543       295.64135       51.178927       38.726819        89.94705      0.16375047        0.12827179        0.60242011      0.16039085        0.78549956       2.3110869   2.0652535e-09      0.25631104      0.78509179      0.72567718       148.41383       40.199162       2897.6872       1421.9446       14.417174        12.150803         2.2663713       4404.1415                 21.464126                  395.8381                           2451.2785                      29.106491                2.1394989              6.6361936                          31.42347                                 44.041016             1421.9446      0.26960059
              1       2216.3697       3.0278381      0.96638425     0.022629074      0.11209443     0.055893096         1.7039921      0.99820723       0.9992751      0.99815888       76.129306     0.020788734       4.9770964        3.652956       9.5634524       14.300518        13.041589       67.940543       295.64135       51.178927       38.726819        89.94705      0.16375047        0.12827179        0.60242011      0.16039085        0.78549956       2.3110869   2.0652535e-09      0.25631104      0.78509179      0.72567718       148.41383       40.199162       2897.2752       1421.9446        14.50498        12.238609         2.2663713       4403.7295                 21.500425                 395.85758                           2451.3246                       28.59261                2.1394989              6.6361936                          31.42347                                 44.041016             1421.9446      0.26960059
              2       2215.0784       3.0278381      0.96638425     0.022629074      0.11209443     0.055893096         1.7039921      0.99820723      0.99929353      0.99850707       75.828077     0.025171532       5.0654002       3.4405141        8.813709       13.361801        13.608975       68.314377         296.511       49.869135       37.675798       90.681141     0.093826333        0.13256338        0.59929935      0.15324526        0.72884899        2.362088   2.0652535e-09      0.25631104      0.78509179      0.72567718       148.41383       40.199162       2896.9408       1421.9446       13.380786        11.130865         2.2499206       4403.3951                 21.500425                 395.85758                           2450.9902                       28.59261                2.1394989              6.6361936                          31.42347                                 44.041016             1421.9446      0.26960059
              3         2214.38       3.0278381      0.96638425     0.022629074      0.11209443     0.055893096         1.7039921      0.99820723      0.99929484      0.99855362       75.754136     0.031050035       4.9418662       3.3697439       8.6861191       13.241409        13.245416       69.172849       300.91739       50.661275       37.483343       91.001393      0.12899514        0.13165101        0.60174276      0.17561259         0.7340311       2.3944952   2.0652535e-09      0.25631104      0.78509179      0.72567718       148.41383       40.199162       2896.6032       1421.9446       12.851235        10.658308         2.1929269       4403.0576                 21.500425                 395.85758                           2450.6526                       28.59261                2.1394989              6.6361936                          31.42347                                 44.041016             1421.9446      0.26960059
              1       2216.6119       3.0278381      0.96638425     0.022629074      0.11209443     0.055893096         1.7039921      0.99820723      0.99910778      0.99885487       73.803294     0.061159723       5.7587488       4.2708786       9.4202066       12.341832        13.089604       69.274312       307.69914        51.30984       38.122461       93.205003     0.088524969        0.13272821        0.56449411       0.2974359        0.69416117       2.5057357   2.0652535e-09      0.25631104      0.78509179      0.72567718       148.41383       40.199162       2897.3572       1421.9446       14.706112        11.806381          2.899731       4403.8115                 21.500425                 395.85758                           2451.4065                       28.59261                2.1394989              6.6361936                          31.42347                                 44.041016             1421.9446      0.26960059
              7       2216.8281       3.0278381      0.96638425     0.022629074      0.11209443     0.055893096         1.7039921      0.99820723      0.99904361      0.99888948       73.578177     0.024381601       5.8535964       4.2156379       9.3096694       12.488585        12.938873       69.382805       307.42544       52.137208       38.060861       92.831222     0.099829276        0.12861922        0.57381782      0.28900746        0.71131957       2.5384569   2.0652535e-09      0.25631104      0.78509179      0.72567718       148.41383       40.199162        2897.459       1421.9446       14.871476        11.928494         2.9429821       4403.9133                 21.500425                 395.85758                           2451.5084                       28.59261                2.1394989              6.6361936                          31.42347                                 44.041016             1421.9446      0.26960059
              1       2216.8624       3.0278381      0.96638425     0.022629074      0.11209443     0.055893096         1.7039921      0.99820723      0.99902837      0.99893386       73.417203     0.012666661        5.825176       4.0796246       9.1826364       12.708956        12.731565       69.276254       304.77439       52.236829       38.410598       92.623649     0.089914841         0.1293594        0.59491943      0.28493658        0.71835943       2.5136267   2.0652535e-09      0.25631104      0.78509179      0.72567718       148.41383       40.199162       2896.3235       1421.9446       15.473474        12.610963         2.8625101       4402.7779                 21.500425                 395.85758                           2450.3729                       28.59261                2.1394989              6.6361936                          31.42347                                 44.041016             1421.9446      0.26960059
              4       2216.2752       3.0278381      0.96638425     0.022629074      0.11209443     0.055893096         1.7039921      0.99820723      0.99907195       0.9989402       73.438339     0.011398427       5.8404345       4.0379072       9.2534851       12.706541        12.844329       69.399918       304.06766       52.369305       38.478972       92.677048     0.089298857        0.13402406        0.59362012      0.27995735        0.72111569       2.5026426   2.0652535e-09      0.25631104      0.78509179      0.72567718       148.41383       40.199162       2895.5404       1421.9446       15.277851        12.422823         2.8550287       4401.9948                 21.500425                 395.85758                           2449.5898                       28.59261                2.1394989              6.6361936                          31.42347                                 44.041016             1421.9446      0.26960059
              6       2217.7276       3.0278381      0.96638425     0.022629074      0.11209443     0.055893096         1.7039921      0.99820723      0.99899823      0.99901503       73.293362     0.009488517       5.8230215       3.9049961       9.2799307       12.536813        12.782452       69.706222       305.52759       52.065748       38.608349         92.5262     0.078270042        0.13281421        0.60272677      0.30388544        0.71448423       2.5127669   2.0652535e-09      0.25631104      0.78509179      0.72567718       148.41383       40.199162       2896.4204       1421.9446       16.290244        13.503137         2.7871076       4402.8747                 21.500425                 395.85758                           2450.4698                       28.59261                2.1394989              6.6361936                          31.42347                                 44.041016             1421.9446      0.26960059
              1       2217.7574       3.0278381      0.96638425     0.022629074      0.11209443     0.055893096         1.7039921      0.99820723      0.99906488      0.99897999       73.655351     0.013456259       5.8259189       3.7873211       9.4892509       12.561595        12.455003       69.831972       304.96626        51.23268       38.876917       92.710624     0.084503497        0.13800807        0.60762111      0.30431478        0.71577981       2.5335426   2.0652535e-09      0.25631104      0.78509179      0.72567718       148.41383       40.199162       2896.8734       1421.9446       16.093572          13.3525         2.7410717       4403.3277                 21.500425                 395.85758                           2450.9228                       28.59261                2.1394989              6.6361936                          31.42347                                 44.041016             1421.9446      0.26960059
              2       2217.5394       3.0278381      0.96638425     0.022629074      0.11209443     0.055893096         1.7039921      0.99820723      0.99906964      0.99899512       73.642477    0.0071195803       5.8202064       3.7003639       9.5519618       12.533785        12.520768       69.722225       304.96284       51.474654       38.946116       92.694442      0.07805933        0.13661431        0.60386121      0.29647586        0.72221984       2.5550926   2.0652535e-09      0.25631104      0.78509179      0.72567718       148.41383       40.199162       2896.4162       1421.9446       16.104156        13.401104          2.703052       4402.8706                 21.500425                 395.85758                           2450.4656                       28.59261                2.1394989              6.6361936                          31.42347                                 44.041016             1421.9446      0.26960059
              3       2217.6916       3.0278381      0.96638425     0.022629074      0.11209443     0.055893096         1.7039921      0.99797672       0.9990659      0.99899205       73.629615    0.0083850604       5.8267614       3.7133217       9.5412911       12.545951         12.52972       69.701078       304.83258       51.484742       38.923697       92.687771     0.080215007        0.13664798        0.60530488      0.29633192        0.72289648       2.5564557   2.0652535e-09      0.25631104      0.78509179      0.72567718       148.41383       40.199162       2896.6176       1421.9446       16.155603         13.44337         2.7122333       4403.0719                  21.52539                 395.85758                            2450.989                      28.245604                2.1394989              6.6361936                          31.42347                                 44.041016             1421.9446      0.26960059
              1       2217.6086       3.0278381      0.96638425     0.022629074      0.11209443     0.055893096         1.7039921      0.99797672      0.99908211      0.99898743       73.614781    0.0075887606       5.8137007       3.7143528       9.5294564       12.575636        12.585399       69.685493        305.2036       51.573478       38.959936       92.720857     0.078114186        0.13680079        0.60663203      0.29648415        0.72626311       2.5543615   2.0652535e-09      0.25631104      0.78509179      0.72567718       148.41383       40.199162       2896.3582       1421.9446       16.202312        13.497862         2.7044498       4402.8125                  21.52539                 395.85758                           2450.7296                      28.245604                2.1394989              6.6361936                          31.42347                                 44.041016             1421.9446      0.26960059
              2       2216.7898       3.0278381      0.96638425     0.022629074      0.11209443     0.055893096         1.7039921      0.99797672      0.99909188      0.99888711       73.566262    0.0071206069          5.8992       3.6263354       9.3525835       12.681421        12.526568       69.903837       306.15405       51.426875       39.292184       92.017803     0.077786669        0.15216386        0.58614014      0.27099412         0.7307644        2.564593   2.0652535e-09      0.25631104      0.78509179      0.72567718       148.41383       40.199162        2896.117       1421.9446       15.504132        12.780491         2.7236408       4402.5713                  21.52539                 395.85758                           2450.4884                      28.245604                2.1394989              6.6361936                          31.42347                                 44.041016             1421.9446      0.26960059
             11       2216.8864       3.0278381      0.96638425     0.022629074      0.11209443     0.055893096         1.7039921      0.99855097      0.99909188      0.99888711       73.566262    0.0071206069          5.8992       3.6263354       9.3525835       12.681421        12.526568       69.903837       306.15405       51.426875       39.292184       92.017803     0.077786669        0.15216386        0.58614014      0.27099412         0.7307644        2.564593   2.0652535e-09      0.25631104      0.78509179      0.72567718       148.41383       40.199162       2896.6293       1421.9446       15.344613        12.620972         2.7236408       4403.0836                 21.463509                  395.8381                           2450.2124                      29.115331                2.1394989              6.6361936                          31.42347                                 44.041016             1421.9446      0.26960059
              1       2216.5427       3.0278381      0.96638425     0.022629074      0.11209443     0.055893096         1.7039921      0.99855097      0.99904904      0.99883702       73.653849     0.021846399       6.0269066       3.6945838       9.2819655       12.659824        12.663278       69.707254       305.95299       51.220148        39.60335        92.27541     0.083305618        0.14157128        0.58329549      0.26679666        0.73161756       2.5754886   2.0652535e-09      0.25631104      0.78509179      0.72567718       148.41383       40.199162        2896.497       1421.9446       15.067018        12.231276         2.8357418       4402.9514                 21.463509                  395.8381                           2450.0801                      29.115331                2.1394989              6.6361936                          31.42347                                 44.041016             1421.9446      0.26960059
              2       2216.5461       3.0278381      0.96638425     0.022629074      0.11209443     0.055893096         1.7039921      0.99855097      0.99909675      0.99888096       73.418806     0.028672834       6.0163642       3.7375679       9.4144449       12.831718        12.875373       69.635386       304.69912       50.835339       39.833595       92.425825     0.090076484        0.15378723         0.5788906      0.26275953        0.72333551       2.5454475   2.0652535e-09      0.25631104      0.78509179      0.72567718       148.41383       40.199162       2896.7794       1421.9446       14.929185         12.08227         2.8469157       4403.2338                 21.463509                  395.8381                           2450.3625                      29.115331                2.1394989              6.6361936                          31.42347                                 44.041016             1421.9446      0.26960059
              1       2217.3064       3.0285012      0.96614175     0.022659784      0.11258441     0.055751601         1.7012918      0.99855097      0.99909675      0.99888096       73.418806     0.028672834       6.0163642       3.7375679       9.4144449       12.831718        12.875373       69.635386       304.69912       50.835339       39.833595       92.425825     0.090076484        0.15378723         0.5788906      0.26275953        0.72333551       2.5454475   2.0666235e-09      0.25730166       0.7873915      0.72920794       148.24907       39.231646       2900.7111       1421.4178       14.929185         12.08227         2.8469157       4404.7544                 21.537175                 395.84289                           2454.8697                      28.461362                2.0699808              6.5685991                         30.593066                                 43.124235             1421.4178      0.26960059
              1       2216.3284       3.0285012      0.96614175     0.022659784      0.11258441     0.055751601         1.7012918      0.99771458      0.99909675      0.99888096       73.418806     0.028672834       6.0163642       3.7375679       9.4144449       12.831718        12.875373       69.635386       304.69912       50.835339       39.833595       92.425825     0.090076484        0.15378723         0.5788906      0.26275953        0.72333551       2.5454475   2.0666235e-09      0.25730166       0.7873915      0.72920794       148.24907       39.231646       2898.2554       1421.4178       15.179062        12.332146         2.8469157       4402.2987                 21.629593                 395.84763                           2453.5569                      27.221323                2.0699808              6.5685991                         30.593066                                 43.124235             1421.4178      0.26960059
              1         2216.97       3.0285012      0.96614175     0.022659784      0.11258441     0.055751601         1.7012918      0.99771458      0.99901467      0.99872478       73.127443     0.047157484       6.0370781       3.9158822       9.5810313       12.955428        12.716672       69.722555       304.58295       51.155985       39.479168       92.441958       0.1084813         0.1333692        0.58954476      0.27371083        0.73673005       2.5553213   2.0666235e-09      0.25730166       0.7873915      0.72920794       148.24907       39.231646       2899.5808       1421.4178       15.157923        12.217743         2.9401794       4403.6241                 21.629593                 395.84763                           2454.8823                      27.221323                2.0699808              6.5685991                         30.593066                                 43.124235             1421.4178      0.26960059
              3       2217.1301       3.0285012      0.96614175     0.022659784      0.11258441     0.055751601         1.7012918      0.99771458      0.99899925      0.99872207       73.154597     0.042137662       6.0741786       3.9409273       9.6088775       12.966729        12.651722       69.855526       305.71618       51.196792       39.477517       92.465933      0.10831127        0.13572354        0.58337784      0.27128067        0.73686864       2.5588167   2.0666235e-09      0.25730166       0.7873915      0.72920794       148.24907       39.231646       2899.9423       1421.4178       15.137303        12.158509         2.9787942       4403.9855                 21.629593                 395.84763                           2455.2437                      27.221323                2.0699808              6.5685991                         30.593066                                 43.124235             1421.4178      0.26960059
              2       2216.8365       3.0285012      0.96614175     0.022659784      0.11258441     0.055751601         1.7012918      0.99771458       0.9989406      0.99903929       72.609397     0.088656616        6.197434       4.9240981       9.0911789       12.176369        12.785561       70.881437       300.64067       51.479067       39.596027       90.899755      0.11060786        0.10729823        0.58076914      0.19146151        0.73894557       2.5543442   2.0666235e-09      0.25730166       0.7873915      0.72920794       148.24907       39.231646       2898.1955       1421.4178       15.717051        12.115304         3.6017463       4402.2388                 21.629593                 395.84763                            2453.497                      27.221323                2.0699808              6.5685991                         30.593066                                 43.124235             1421.4178      0.26960059
              1       2216.3476       3.0285012      0.96614175     0.022659784      0.11258441     0.055751601         1.7012918      0.99771458      0.99887638      0.99890357         72.4432     0.081472796       6.2604065       5.0049254       8.9531843       12.172386        12.498634       70.729627       298.30165       50.381355       40.450502       90.577093      0.11865149        0.10800628        0.56397153       0.2004818        0.73210257       2.5220259   2.0666235e-09      0.25730166       0.7873915      0.72920794       148.24907       39.231646       2898.0612       1421.4178       15.295363        11.584046         3.7113174       4402.1045                 21.629593                 395.84763                           2453.3626                      27.221323                2.0699808              6.5685991                         30.593066                                 43.124235             1421.4178      0.26960059
              2       2216.0428       3.0285012      0.96614175     0.022659784      0.11258441     0.055751601         1.7012918      0.99782717       0.9988875      0.99886767       72.557701     0.078392679       6.2317469       5.0750277       9.0018064       12.083065         12.64141       70.854949       300.15319       50.555603       40.452925        90.44832      0.13065401        0.11044521        0.55781437      0.19176419        0.73348263        2.529409   2.0666235e-09      0.25730166       0.7873915      0.72920794       148.24907       39.231646       2898.0427       1421.4178       14.999765         11.27354         3.7262258        4402.086                 21.617016                 395.82872                           2453.2109                      27.386087                2.0699808              6.5685991                         30.593066                                 43.124235             1421.4178      0.26960059
              1       2216.8615       3.0285012      0.96614175     0.022659784      0.11258441     0.055751601         1.7012918      0.99739481       0.9988875      0.99886767       72.557701     0.078392679       6.2317469       5.0750277       9.0018064       12.083065         12.64141       70.854949       300.15319       50.555603       40.452925        90.44832      0.13065401        0.11044521        0.55781437      0.19176419        0.73348263        2.529409   2.0666235e-09      0.25730166       0.7873915      0.72920794       148.24907       39.231646       2899.3496       1421.4178       15.165034        11.438808         3.7262258       4403.3929                 21.665539                 395.85431                           2455.0727                      26.757069                2.0699808              6.5685991                         30.593066                                 43.124235             1421.4178      0.26960059
              1       2216.2491       3.0285012      0.96614175     0.022659784      0.11258441     0.055751601         1.7012918      0.99739481      0.99898034       0.9987594       73.023556      0.08231062       5.9506319       4.4750968       8.4136707       12.167223         12.92154       70.500383       293.40312       51.812409       39.049088       90.570447      0.11794682       0.088088556        0.56635679      0.16804752        0.77408562       2.6138135   2.0666235e-09      0.25730166       0.7873915      0.72920794       148.24907       39.231646       2897.5682       1421.4178       15.443352        12.302746         3.1406055       4401.6115                 21.665539                 395.85431                           2453.2913                      26.757069                2.0699808              6.5685991                         30.593066                                 43.124235             1421.4178      0.26960059
              3       2214.8634       3.0285012      0.96614175     0.022659784      0.11258441     0.055751601         1.7012918      0.99739481      0.99899082      0.99862473       72.905201     0.099094012       6.0834476       4.3515819       8.2311245       11.758733        14.093856       72.060375       284.01871       51.851239       39.163891       90.860803      0.06603242        0.10148769        0.59692878      0.14661704         0.6763025       2.6197533   2.0666235e-09      0.25730166       0.7873915      0.72920794       148.24907       39.231646       2893.8903       1421.4178       15.896549        12.711047         3.1855022       4397.9336                 21.665539                 395.85431                           2449.6134                      26.757069                2.0699808              6.5685991                         30.593066                                 43.124235             1421.4178      0.26960059
              2       2213.2395       3.0298756      0.96581047     0.022700987      0.11287856      0.05616284         1.6600767      0.99739481      0.99902641      0.99861782       72.858319      0.10248446       6.0566243       4.2985084       8.1102193       11.781306        14.035802        72.27356       285.25067        51.79348       39.016957       90.608173     0.065642949       0.096692097        0.57961001      0.16555912        0.66746577        2.589524   2.0694658e-09      0.25793967      0.78885873      0.73147195       148.11438       38.358599       2893.8256       1421.0829       15.387834        12.250723         3.1371111       4395.7033                 21.693291                 395.90633                           2450.2005                      26.025433                2.0127462              6.5107301                         29.835123                                 42.166623             1421.0829      0.26960059
              1       2213.0073       3.0298756      0.96581047     0.022700987      0.11287856      0.05616284         1.6600767      0.99739481      0.99903746       0.9986366        73.00793     0.099462617       6.1098895        4.340201       8.0853561       11.766061        13.996695       72.367124       284.19433        51.67771       39.079231        90.39106     0.077325599        0.10178344        0.57850282      0.17195518        0.66462105       2.6080661   2.0694658e-09      0.25793967      0.78885873      0.73147195       148.11438       38.358599       2894.2786       1421.0829       14.929138        11.727827         3.2013108       4396.1563                 21.693291                 395.90633                           2450.6536                      26.025433                2.0127462              6.5107301                         29.835123                                 42.166623             1421.0829      0.26960059
              1       2213.4032       3.0298756      0.96581047     0.022700987      0.11287856      0.05616284         1.6600767      0.99739481       0.9988989      0.99854773       73.444032      0.13150868       6.2229615       4.4502197       7.8899178       11.808339        15.291308       72.367589       282.93185       51.354081       38.775305       89.939865     0.079066384       0.080314025        0.61040774      0.17726338        0.66986107       2.5324208   2.0694658e-09      0.25793967      0.78885873      0.73147195       148.11438       38.358599       2892.7028       1421.0829        16.11294        12.757709         3.3552307       4394.5805                 21.693291                 395.90633                           2449.0777                      26.025433                2.0127462              6.5107301                         29.835123                                 42.166623             1421.0829      0.26960059
              5       2213.7495       3.0298756      0.96581047     0.022700987      0.11287856      0.05616284         1.6600767      0.99739481       0.9988442      0.99864727        73.45243      0.11823834         6.15678       4.4192513       7.6986365       11.827807        15.437138       72.742937       287.44857       50.754318       38.379807       89.867412     0.060764917        0.10331909        0.61940941      0.17739181        0.68769313       2.5723922   2.0694658e-09      0.25793967      0.78885873      0.73147195       148.11438       38.358599       2892.6151       1421.0829       16.503053          13.2214         3.2816535       4394.4929                 21.693291                 395.90633                           2448.9901                      26.025433                2.0127462              6.5107301                         29.835123                                 42.166623             1421.0829      0.26960059
              1       2214.2168       3.0298756      0.96581047     0.022700987      0.11287856      0.05616284         1.6600767      0.99739481      0.99915054       0.9988415       73.525991     0.086963172       5.7584542       4.4604132       7.0622978       10.852232        15.196549       73.679787       285.90383       50.711416        36.49779       91.714818     0.081279673        0.11462895        0.58880523      0.17729058        0.60952873       2.6012345   2.0694658e-09      0.25793967      0.78885873      0.73147195       148.11438       38.358599        2896.913       1421.0829       14.821465        11.836038         2.9854272       4398.7907                 21.693291                 395.90633                           2453.2879                      26.025433                2.0127462              6.5107301                         29.835123                                 42.166623             1421.0829      0.26960059
              6       2212.8634       3.0298756      0.96581047     0.022700987      0.11287856      0.05616284         1.6600767      0.99739481      0.99928927      0.99894454       73.429241     0.054641388       5.9048882        4.075331        7.024013       10.987002        15.173188        75.17306       295.86777       50.023362       36.766349        90.67173     0.096593008        0.10322403        0.54375738      0.14309728        0.61381957       2.5291588   2.0694658e-09      0.25793967      0.78885873      0.73147195       148.11438       38.358599       2895.8608       1421.0829       13.994143        11.077384         2.9167594       4397.7385                 21.693291                 395.90633                           2452.2357                      26.025433                2.0127462              6.5107301                         29.835123                                 42.166623             1421.0829      0.26960059
              4        2212.809       3.0298756      0.96581047     0.022700987      0.11287856      0.05616284         1.6600767      0.99739481       0.9992878      0.99894097       73.419754     0.054045737       5.8951056       4.0810927       7.0364607       10.995576        15.188743       75.184676       296.02157       50.011836       36.769472       90.677437     0.097487802        0.10338267        0.54408241      0.14387248        0.61283064       2.5291983   2.0694658e-09      0.25793967      0.78885873      0.73147195       148.11438       38.358599       2895.8164       1421.0829       13.961918        11.049574         2.9123436       4397.6941                 21.693291                 395.90633                           2452.1914                      26.025433                2.0127462              6.5107301                         29.835123                                 42.166623             1421.0829      0.26960059
              2       2213.9446       3.0298756      0.96581047     0.022700987      0.11287856      0.05616284         1.6600767      0.99739481      0.99892223      0.99873764       73.772922      0.09997193       5.4852291       3.7423487       7.6196399        11.27797        14.557729       74.865027       285.86429       50.975469       37.106843       89.487716      0.13404034        0.12187794        0.53283058      0.12474204        0.68943453       2.2913482   2.0694658e-09      0.25793967      0.78885873      0.73147195       148.11438       38.358599       2900.3808       1421.0829       12.815348        10.291539         2.5238087       4402.2585                 21.693291                 395.90633                           2456.7557                      26.025433                2.0127462              6.5107301                         29.835123                                 42.166623             1421.0829      0.26960059
              1        2215.087       3.0298756      0.96581047     0.022700987      0.11287856      0.05616284         1.6600767      0.99739481      0.99900031      0.99895122       73.665177       0.1139144       5.5679371       3.5084562       7.7862416       11.267971        14.828725       74.447697       277.62051        50.60579        36.80422       89.152803      0.12773594        0.12594687         0.4744863     0.095234687        0.68400132       2.3528722   2.0694658e-09      0.25793967      0.78885873      0.73147195       148.11438       38.358599       2901.8349       1421.0829       13.230636        10.740319         2.4903173       4403.7126                 21.693291                 395.90633                           2458.2099                      26.025433                2.0127462              6.5107301                         29.835123                                 42.166623             1421.0829      0.26960059
              2       2215.0253       3.0298756      0.96581047     0.022700987      0.11287856      0.05616284         1.6600767      0.99729139      0.99900031      0.99895122       73.665177       0.1139144       5.5679371       3.5084562       7.7862416       11.267971        14.828725       74.447697       277.62051        50.60579        36.80422       89.152803      0.12773594        0.12594687         0.4744863     0.095234687        0.68400132       2.3528722   2.0694658e-09      0.25793967      0.78885873      0.73147195       148.11438       38.358599       2901.6236       1421.0829         13.2746        10.784283         2.4903173       4403.5013                 21.705062                 395.91526                           2458.1237                      25.879542                2.0127462              6.5107301                         29.835123                                 42.166623             1421.0829      0.26960059
              1       2215.0222       3.0298756      0.96581047     0.022700987      0.11287856      0.05616284         1.6600767      0.99729139       0.9989934      0.99898364       73.676273      0.10959797       5.5445429       3.5469344       7.7104705       11.221259        14.781495        74.29216       278.41059       50.539746       36.862822        89.15338      0.12981683        0.12132346        0.47890573     0.088166963        0.68768913       2.3734936   2.0694658e-09      0.25793967      0.78885873      0.73147195       148.11438       38.358599       2900.9684       1421.0829       13.599154        11.108497         2.4906569       4402.8461                 21.705062                 395.91526                           2457.4685                      25.879542                2.0127462              6.5107301                         29.835123                                 42.166623             1421.0829      0.26960059
              1       2214.9711       3.0298756      0.96581047     0.022700987      0.11287856      0.05616284         1.6600767      0.99729139       0.9990562      0.99914398       73.641149     0.098390117       5.5983062        3.455864       7.5942443       11.292513        14.931152       74.520958       279.38702       50.938956       37.040842       89.446237      0.13205906        0.13611935        0.48160272     0.098101799        0.71005713       2.3570302   2.0694658e-09      0.25793967      0.78885873      0.73147195       148.11438       38.358599       2900.8276       1421.0829       13.618508        11.129487         2.4890211       4402.7053                 21.705062                 395.91526                           2457.3277                      25.879542                2.0127462              6.5107301                         29.835123                                 42.166623             1421.0829      0.26960059
              1       2215.1854       3.0298756      0.96581047     0.022700987      0.11287856      0.05616284         1.6600767      0.99729139        0.999124      0.99903625       73.384959      0.11090959       5.5459207       3.3842507       7.5660703       11.266058        15.067806       74.302177       278.98406       51.686759       37.479007       89.194239      0.14889086        0.14403638        0.48027125     0.092857445        0.71890155       2.3716479   2.0694658e-09      0.25793967      0.78885873      0.73147195       148.11438       38.358599       2901.5613       1421.0829       13.465917        11.025864         2.4400531        4403.439                 21.705062                 395.91526                           2458.0614                      25.879542                2.0127462              6.5107301                         29.835123                                 42.166623             1421.0829      0.26960059
              1       2213.1273       3.0298756      0.96581047     0.022700987      0.11287856      0.05616284         1.6600767      0.99729139      0.99956104      0.99918925       74.092277      0.11636093       5.3937283       4.1229554       7.4279266       10.721713        14.974707       75.453704       274.92554       52.547404       36.577241        85.64224      0.17273915         0.1549821        0.49484416      0.17945478         0.7085906       2.4635338   2.0694658e-09      0.25793967      0.78885873      0.73147195       148.11438       38.358599       2898.8446       1421.0829       12.766164        10.160752         2.6054115       4400.7223                 21.705062                 395.91526                           2455.3448                      25.879542                2.0127462              6.5107301                         29.835123                                 42.166623             1421.0829      0.26960059
              1       2216.3175       3.0298756      0.96581047     0.022700987      0.11287856      0.05616284         1.6600767      0.99729139      0.99957143      0.99866258       73.998318     0.094029788        5.269341       3.7313064       7.2922714       10.693482        15.415719       76.213996       275.34021       49.435647        35.70606        86.32364      0.21641817        0.12997808         0.4504768      0.19974848          0.723178       2.3218174   2.0694658e-09      0.25793967      0.78885873      0.73147195       148.11438       38.358599       2905.8107       1421.0829        12.47326        10.061955         2.4113056       4407.6884                 21.705062                 395.91526                           2462.3108                      25.879542                2.0127462              6.5107301                         29.835123                                 42.166623             1421.0829      0.26960059
              1       2215.6008       3.0298756      0.96581047     0.022700987      0.11287856      0.05616284         1.6600767      0.99729139      0.99957531      0.99846055       73.728492      0.13650148       5.0819924       3.7446544       7.9377743       11.207109        15.180369       76.656334       288.11119       48.860215       35.768339       86.877039      0.14983714        0.12624205        0.47201529      0.22737207        0.62373655       2.3379658   2.0694658e-09      0.25793967      0.78885873      0.73147195       148.11438       38.358599        2908.719       1421.0829       10.302395        7.9712535         2.3311412       4410.5967                 21.705062                 395.91526                           2465.2192                      25.879542                2.0127462              6.5107301                         29.835123                                 42.166623             1421.0829      0.26960059
              1        2215.262       3.0298756      0.96581047     0.022700987      0.11287856      0.05616284         1.6600767      0.99729139       1.0000832      0.99897888       72.920881     0.095779089       5.1039945       3.3914336       8.7335788       10.866059        15.298248       77.544178       283.15738       48.730667       36.443885       87.143095      0.14387203        0.11997552        0.42950972      0.27269721        0.60586292       2.2079062   2.0694658e-09      0.25793967      0.78885873      0.73147195       148.11438       38.358599       2906.7605       1421.0829       10.942861        8.6900525         2.2528088       4408.6382                 21.705062                 395.91526                           2463.2607                      25.879542                2.0127462              6.5107301                         29.835123                                 42.166623             1421.0829      0.26960059
              1       2214.5706       3.0298756      0.96581047     0.022700987      0.11287856      0.05616284         1.6600767      0.99729139       1.0000659      0.99894956       72.704025     0.095766784       5.0950978       3.4929134       8.6450156       10.596755        15.062819       77.603192       283.69147       48.419036       36.783613       87.408151      0.13038497        0.12303438        0.44157821      0.27188029        0.61507337       2.2110256   2.0694658e-09      0.25793967      0.78885873      0.73147195       148.11438       38.358599       2905.8444       1421.0829       10.709581        8.4364008           2.27318       4407.7221                 21.705062                 395.91526                           2462.3445                      25.879542                2.0127462              6.5107301                         29.835123                                 42.166623             1421.0829      0.26960059
              1       2213.4739       3.0298756      0.96581047     0.022700987      0.11287856      0.05616284         1.6600767      0.99729139       1.0004386      0.99891995        72.85158      0.16775439       5.3981803       3.9297568       8.6250689       10.658819        16.118763          77.229       286.67602       48.044579        36.74412       87.834131      0.15832499        0.17143992        0.54847354      0.24944972         0.6264712       2.0454567   2.0694658e-09      0.25793967      0.78885873      0.73147195       148.11438       38.358599       2901.5736       1421.0829       11.748228        9.2081468         2.5400808       4403.4513                 21.705062                 395.91526                           2458.0737                      25.879542                2.0127462              6.5107301                         29.835123                                 42.166623             1421.0829      0.26960059
              1        2213.261       3.0298756      0.96581047     0.022700987      0.11287856      0.05616284         1.6600767      0.99729139       1.0004346      0.99893071       72.796181      0.16942777       5.4077991       3.8917915       8.6228717       10.674419        16.132728       77.177823       287.27512       48.014521        36.67551       87.793386      0.15433899        0.16966791        0.54793286      0.24642686        0.63085178       2.0441286   2.0694658e-09      0.25793967      0.78885873      0.73147195       148.11438       38.358599       2901.4778       1421.0829       11.583221        9.0508045         2.5324164       4403.3555                 21.705062                 395.91526                           2457.9779                      25.879542                2.0127462              6.5107301                         29.835123                                 42.166623             1421.0829      0.26960059
              2       2212.2901       3.0298756      0.96581047     0.022700987      0.11287856      0.05616284         1.6600767      0.99729139       1.0004088       0.9987669       72.884327      0.19457937       5.6373185       4.2142361       9.1685461       10.197058        16.644883       77.338129       282.84735       49.079164       35.966839       88.678765      0.12200336        0.15209786        0.50955421      0.23064924        0.63990312       2.0749006   2.0694658e-09      0.25793967      0.78885873      0.73147195       148.11438       38.358599       2901.7287       1421.0829       10.486846        7.6947197         2.7921259       4403.6065                 21.705062                 395.91526                           2458.2289                      25.879542                2.0127462              6.5107301                         29.835123                                 42.166623             1421.0829      0.26960059
              1       2212.4326       3.0298756      0.96581047     0.022700987      0.11287856      0.05616284         1.6600767      0.99729139       1.0004216      0.99889913       73.221303      0.19860421        5.522154       4.2911879       9.1427907       10.407724        16.390985       77.078301       278.68691        49.10983       36.129018       88.100835      0.12291419        0.14760396        0.49763798      0.21163557        0.67394503       2.0442316   2.0694658e-09      0.25793967      0.78885873      0.73147195       148.11438       38.358599       2902.2517       1421.0829       10.367929        7.6196847         2.7482439       4404.1294                 21.705062                 395.91526                           2458.7518                      25.879542                2.0127462              6.5107301                         29.835123                                 42.166623             1421.0829      0.26960059
              2       2213.0842       3.0298756      0.96581047     0.022700987      0.11287856      0.05616284         1.6600767      0.99737488       1.0004864      0.99877063       73.433752      0.17854318       5.5268331       4.4927559        9.227697       10.772191        16.799431       76.598141       282.49573       49.413515        35.17181       89.449588     0.084577947        0.11738365        0.45509253      0.21682833        0.70796948       2.0443901   2.0694658e-09      0.25793967      0.78885873      0.73147195       148.11438       38.358599       2903.0062       1421.0829       10.642223         7.807311         2.8349125       4404.8839                 21.695556                 395.90633                           2459.4071                      25.997277                2.0127462              6.5107301                         29.835123                                 42.166623             1421.0829      0.26960059
              3       2213.5996       3.0298756      0.96581047     0.022700987      0.11287856      0.05616284         1.6600767      0.99737488       1.0005122       0.9986817       72.974103      0.18254164       5.4503025       4.3279502       9.2913184       10.844998        16.775348       76.177169       272.53302       49.813171       34.712953       89.788677     0.090480886        0.11586792        0.47031252      0.20781047        0.70851893       2.0454532   2.0694658e-09      0.25793967      0.78885873      0.73147195       148.11438       38.358599       2904.7182       1421.0829       10.301624        7.5845518         2.7170722       4406.5959                 21.695556                 395.90633                            2461.119                      25.997277                2.0127462              6.5107301                         29.835123                                 42.166623             1421.0829      0.26960059
              1       2213.1192       3.0298756      0.96581047     0.022700987      0.11287856      0.05616284         1.6600767      0.99737488       1.0005288       0.9986874        73.08772      0.18084723       5.3501297       4.4205023       9.5156393       10.589857        16.640388       75.561651       273.04704       50.429868       35.371896       90.322016      0.10035615        0.10767865        0.45875992      0.19100342         0.7006003       2.1237894   2.0694658e-09      0.25793967      0.78885873      0.73147195       148.11438       38.358599        2903.692       1421.0829        10.33436        7.6437343         2.6906253       4405.5697                 21.695556                 395.90633                           2460.0928                      25.997277                2.0127462              6.5107301                         29.835123                                 42.166623             1421.0829      0.26960059
              2       2212.8832       3.0298756      0.96581047     0.022700987      0.11287856      0.05616284         1.6600767      0.99737488       1.0007331      0.99864348       72.854556      0.16398728       5.5117394       4.5058392       9.2106301       10.594855        16.317782       75.621356         275.397       50.958843       35.993805       90.088561      0.12095167         0.1458977        0.45551959       0.1754217        0.71207021       2.0696826   2.0694658e-09      0.25793967      0.78885873      0.73147195       148.11438       38.358599       2903.2764       1421.0829       10.306131        7.4759285         2.8302028       4405.1542                 21.695556                 395.90633                           2459.6773                      25.997277                2.0127462              6.5107301                         29.835123                                 42.166623             1421.0829      0.26960059
              1        2214.071       3.0298756      0.96581047     0.022700987      0.11287856      0.05616284         1.6600767      0.99737488         1.00073      0.99837367       72.794536       0.1769448       5.5264434       4.3248051       9.2478078       10.633892        16.260696       75.776864       274.52587       50.026661       35.998042       90.051783      0.12349692        0.14825819        0.46654167      0.17703317        0.69787287       2.0366402   2.0694658e-09      0.25793967      0.78885873      0.73147195       148.11438       38.358599       2906.4199       1421.0829       9.9221867        7.1575398         2.7646469       4408.2976                 21.695556                 395.90633                           2462.8207                      25.997277                2.0127462              6.5107301                         29.835123                                 42.166623             1421.0829      0.26960059
              1       2214.6494       3.0298756      0.96581047     0.022700987      0.11287856      0.05616284         1.6600767      0.99737488       1.0007508      0.99842113       73.047115      0.18081654       5.8173686        3.990789       8.8110869       11.073166        16.286259       75.900172       279.00843       49.755056       36.443339       89.654746      0.14457491       0.098615185        0.46469702      0.17181464        0.66418038       2.1291985   2.0694658e-09      0.25793967      0.78885873      0.73147195       148.11438       38.358599        2906.568       1421.0829       10.426554        7.6073809          2.819173       4408.4457                 21.695556                 395.90633                           2462.9688                      25.997277                2.0127462              6.5107301                         29.835123                                 42.166623             1421.0829      0.26960059
              2       2214.1663       3.0298756      0.96581047     0.022700987      0.11287856      0.05616284         1.6600767      0.99737488       1.0007642      0.99841053       72.897786      0.17995818       5.8137539       3.9977626       8.7695228       11.108338         16.36535        75.72477       277.07344       49.790277        36.37936       89.569835      0.14829709         0.1019329        0.46336183      0.17865883        0.66139579       2.1460327   2.0694658e-09      0.25793967      0.78885873      0.73147195       148.11438       38.358599       2905.7119       1421.0829       10.371502         7.551827         2.8196755       4407.5896                 21.695556                 395.90633                           2462.1127                      25.997277                2.0127462              6.5107301                         29.835123                                 42.166623             1421.0829      0.26960059
              3       2215.6308       3.0298756      0.96581047     0.022700987      0.11287856      0.05616284         1.6600767      0.99800478       1.0007642      0.99841053       72.897786      0.17995818       5.8137539       3.9977626       8.7695228       11.108338         16.36535        75.72477       277.07344       49.790277        36.37936       89.569835      0.14829709         0.1019329        0.46336183      0.17865883        0.66139579       2.1460327   2.0694658e-09      0.25793967      0.78885873      0.73147195       148.11438       38.358599       2909.1066       1421.0829       10.138675        7.3189998         2.8196755       4410.9843                 21.624543                 395.91193                           2464.6726                      26.897524                2.0127462              6.5107301                         29.835123                                 42.166623             1421.0829      0.26960059
              4       2213.0609        3.030051      0.96585203     0.022701834       0.1127617     0.056109566         1.6609393      0.99800478       1.0007642      0.99841053       72.897786      0.17995818       5.8137539       3.9977626       8.7695228       11.108338         16.36535        75.72477       277.07344       49.790277        36.37936       89.569835      0.14829709         0.1019329        0.46336183      0.17865883        0.66139579       2.1460327   2.0698288e-09      0.25771895      0.78838628      0.73072102       148.14464       38.513608       2903.5796       1421.1984       10.138675        7.3189998         2.8196755       4405.8445                 21.632581                 395.90318                           2459.4736                      26.570277                2.0249727              6.5229424                         29.965693                                 42.283361             1421.1984      0.26960059
              2       2214.1455        3.030051      0.96585203     0.022701834       0.1127617     0.056109566         1.6609393      0.99800478       1.0008343      0.99843698       72.917835      0.17580414       5.5478366       3.9797472       8.9627987       11.447126        16.153666       76.076556       277.90234       51.294291       36.366824         90.6461      0.13664559        0.13669791        0.49451425      0.21679269        0.68796119       2.1093899   2.0698288e-09      0.25771895      0.78838628      0.73072102       148.14464       38.513608        2906.605       1421.1984        9.710477         7.067112          2.643365       4408.8699                 21.632581                 395.90318                            2462.499                      26.570277                2.0249727              6.5229424                         29.965693                                 42.283361             1421.1984      0.26960059
              2       2213.6373        3.030051      0.96585203     0.022701834       0.1127617     0.056109566         1.6609393      0.99800478        1.000269      0.99892417       72.866978      0.13941711       5.4429864       4.2327049       8.8445124       11.568803        17.495055       77.443683       256.13646       51.573331       37.420783       90.074174     0.090373562        0.18337456        0.47438504      0.21272287        0.66220767       2.0488961   2.0698288e-09      0.25771895      0.78838628      0.73072102       148.14464       38.513608       2902.2643       1421.1984       11.372694        8.6971538           2.67554       4404.5293                 21.632581                 395.90318                           2458.1583                      26.570277                2.0249727              6.5229424                         29.965693                                 42.283361             1421.1984      0.26960059
              2       2214.1316        3.030051      0.96585203     0.022701834       0.1127617     0.056109566         1.6609393      0.99800478       1.0000938      0.99879972       73.109208      0.09900928       5.1163684       4.2628838       9.2177324        11.75603        17.752891       77.189994       255.25808       51.943094       37.450039        89.53646      0.10238042        0.16075232        0.48258538      0.18210482        0.72157122       1.9934187   2.0698288e-09      0.25771895      0.78838628      0.73072102       148.14464       38.513608       2905.6906       1421.1984       10.153862        7.6531428         2.5007193       4407.9556                 21.632581                 395.90318                           2461.5846                      26.570277                2.0249727              6.5229424                         29.965693                                 42.283361             1421.1984      0.26960059
              2       2213.3453        3.030051      0.96585203     0.022701834       0.1127617     0.056109566         1.6609393      0.99800478       1.0001607      0.99876707        73.18168     0.096795736       5.1130067       4.3114117       9.2782935       11.792516        17.742804       77.067746        257.4904       52.317497       37.345871       89.619581     0.099956039        0.15862474        0.50453556      0.18791368        0.70905081       1.9642626   2.0698288e-09      0.25771895      0.78838628      0.73072102       148.14464       38.513608       2904.1431       1421.1984       10.141315        7.6263528         2.5149617        4406.408                 21.632581                 395.90318                            2460.037                      26.570277                2.0249727              6.5229424                         29.965693                                 42.283361             1421.1984      0.26960059
              1       2212.1582        3.030051      0.96585203     0.022701834       0.1127617     0.056109566         1.6609393      0.99800478       1.0001262      0.99873571        73.03916     0.082467202       5.2168041        4.305693       9.5329542       11.743329         17.58211       77.758508       255.27674       52.304209       36.974433       90.427021      0.10127392        0.15074797        0.50475717      0.17780289        0.70635174       1.9436668   2.0698288e-09      0.25771895      0.78838628      0.73072102       148.14464       38.513608       2901.9671       1421.1984       10.042161        7.4724565         2.5697041       4404.2321                 21.632581                 395.90318                           2457.8611                      26.570277                2.0249727              6.5229424                         29.965693                                 42.283361             1421.1984      0.26960059
              1       2213.8205        3.030051      0.96585203     0.022701834       0.1127617     0.056109566         1.6609393      0.99800478       1.0002944      0.99887227       73.280521     0.095670169       5.3171049       4.3638876       9.5637034       11.991573        17.469136       78.339525       257.10299       52.435465       36.706691       90.031944     0.088362263        0.15081179        0.50248215      0.17592559        0.74904612       1.9392616   2.0698288e-09      0.25771895      0.78838628      0.73072102       148.14464       38.513608       2903.5767       1421.1984       10.899687        8.2507271         2.6489599       4405.8417                 21.632581                 395.90318                           2459.4707                      26.570277                2.0249727              6.5229424                         29.965693                                 42.283361             1421.1984      0.26960059
              2       2212.9933        3.030051      0.96585203     0.022701834       0.1127617     0.056109566         1.6609393      0.99800478       1.0003077      0.99890794       73.234382      0.10712586       5.3260319       4.4057442       9.3007428        12.04348        17.633407       78.276321       257.03499       52.833356       36.464122       89.896659      0.10342174        0.14858878         0.5220026      0.18513703        0.74445624       1.9272803   2.0698288e-09      0.25771895      0.78838628      0.73072102       148.14464       38.513608       2902.3841       1421.1984       10.668784        7.9986203         2.6701641       4404.6491                 21.632581                 395.90318                           2458.2781                      26.570277                2.0249727              6.5229424                         29.965693                                 42.283361             1421.1984      0.26960059
              2       2212.4769        3.030051      0.96585203     0.022701834       0.1127617     0.056109566         1.6609393      0.99800478        1.000301      0.99894594       73.135228      0.11286517        5.289202       4.5942176       9.3477094       12.044291        17.567199       78.038611       257.60213       52.488281       36.559368       89.928306      0.11292685        0.14197281        0.51958463      0.18426751        0.74964166       1.9087303   2.0698288e-09      0.25771895      0.78838628      0.73072102       148.14464       38.513608       2901.3955       1421.1984       10.646653        7.9262224         2.7204301       4403.6605                 21.632581                 395.90318                           2457.2895                      26.570277                2.0249727              6.5229424                         29.965693                                 42.283361             1421.1984      0.26960059
              3       2213.5926        3.030051      0.96585203     0.022701834       0.1127617     0.056109566         1.6609393      0.99800478       1.0002683      0.99891851       73.406693     0.096209067       5.5712185       4.7507671       9.2414613       12.292372        17.466621       77.079502       255.86364       52.563885       36.746417       90.101616      0.12127543        0.17770617        0.50441291      0.20717811        0.75914069       1.9393294   2.0698288e-09      0.25771895      0.78838628      0.73072102       148.14464       38.513608       2901.6113       1421.1984       11.654478        8.6733239         2.9811544       4403.8763                 21.632581                 395.90318                           2457.5053                      26.570277                2.0249727              6.5229424                         29.965693                                 42.283361             1421.1984      0.26960059
              2       2214.6576        3.030051      0.96585203     0.022701834       0.1127617     0.056109566         1.6609393      0.99800478       1.0000143      0.99923757       71.426536     0.095638605       5.9919702       3.6942402       8.2041352       12.206877        17.194193       76.642195       251.58966       49.405974       36.295283       91.510231       0.1735781        0.13149995        0.52609039      0.18410706        0.78165501       2.0161499   2.0698288e-09      0.25771895      0.78838628      0.73072102       148.14464       38.513608       2902.3773       1421.1984       12.336521        9.5245857         2.8119358       4404.6422                 21.632581                 395.90318                           2458.2712                      26.570277                2.0249727              6.5229424                         29.965693                                 42.283361             1421.1984      0.26960059
              1       2213.8974        3.030051      0.96585203     0.022701834       0.1127617     0.056109566         1.6609393      0.99800478        0.999971       0.9992271       71.280506      0.11862313       6.0121309         4.08267       8.5235137       12.219686        17.125062       77.135361       255.62605       48.870564       36.383922        91.60507      0.18468506        0.15149842        0.52639518      0.18550747        0.80426693       2.0227106   2.0698288e-09      0.25771895      0.78838628      0.73072102       148.14464       38.513608       2899.0127       1421.1984       13.258543        10.260021         2.9985214       4401.2777                 21.632581                 395.90318                           2454.9067                      26.570277                2.0249727              6.5229424                         29.965693                                 42.283361             1421.1984      0.26960059
              1       2213.9516        3.030051      0.96585203     0.022701834       0.1127617     0.056109566         1.6609393      0.99800478      0.99994321      0.99918236       71.441304      0.10465128       6.0796972       4.0208839       8.5137612       12.338196        17.039963       77.258017       256.97006       48.610307       36.422512       91.300174      0.19564672        0.15021309        0.52176361      0.18756338        0.80647316       2.0262965   2.0698288e-09      0.25771895      0.78838628      0.73072102       148.14464       38.513608       2898.5069       1421.1984       13.565713        10.545445         3.0202673       4400.7718                 21.632581                 395.90318                           2454.4008                      26.570277                2.0249727              6.5229424                         29.965693                                 42.283361             1421.1984      0.26960059
              1       2214.6508        3.030051      0.96585203     0.022701834       0.1127617     0.056109566         1.6609393      0.99800478      0.99990781      0.99922638       71.249051     0.094753659       6.1301713       3.9809707       8.6839924       12.338143        17.086101        77.33367       255.20426       49.198077       36.698352       91.113178      0.20452456        0.14118213        0.51954576      0.18743321        0.81178235       2.0385121   2.0698288e-09      0.25771895      0.78838628      0.73072102       148.14464       38.513608       2898.9816       1421.1984       14.027505        10.987864         3.0396409       4401.2466                 21.632581                 395.90318                           2454.8756                      26.570277                2.0249727              6.5229424                         29.965693                                 42.283361             1421.1984      0.26960059
              1       2215.5218        3.030051      0.96585203     0.022701834       0.1127617     0.056109566         1.6609393      0.99800478      0.99988887      0.99922977        71.27655     0.086282617       5.9987453       3.9326353       8.7234674       12.294432        16.701843         77.4111       254.29055       48.870046       36.908576       91.452968      0.20736313        0.12820538        0.52579687      0.18196559        0.81938323        2.047513   2.0698288e-09      0.25771895      0.78838628      0.73072102       148.14464       38.513608        2900.355       1421.1984        14.21185        11.291745         2.9201041         4402.62                 21.632581                 395.90318                            2456.249                      26.570277                2.0249727              6.5229424                         29.965693                                 42.283361             1421.1984      0.26960059
              2       2214.8876        3.030051      0.96585203     0.022701834       0.1127617     0.056109566         1.6609393      0.99729465       0.9994147      0.99947773       71.398366     0.067421501        5.899875       3.9556089       8.4745445       12.104453        16.122338       78.055707       260.78981       50.463421       36.316474       91.988882      0.20273236        0.17234771        0.47392533      0.16579407        0.77482771       2.0215423   2.0698288e-09      0.25771895      0.78838628      0.73072102       148.14464       38.513608       2896.6762       1421.1984       15.417032         12.55647         2.8605625       4398.9411                 21.712913                 395.91193                           2453.4856                      25.565713                2.0249727              6.5229424                         29.965693                                 42.283361             1421.1984      0.26960059
              1       2215.1328        3.030051      0.96585203     0.022701834       0.1127617     0.056109566         1.6609393      0.99729465      0.99939011      0.99950825       71.357945     0.062451856       5.8739656       3.9995902       8.4379105       12.068504        16.112153       77.997893       261.44039        50.55218       36.487415       92.146551      0.21505529        0.18066323        0.47942407      0.17579874        0.76610744       2.0242267   2.0698288e-09      0.25771895      0.78838628      0.73072102       148.14464       38.513608       2895.4837       1421.1984       16.258521        13.396865         2.8616563       4397.7486                 21.712913                 395.91193                           2452.2931                      25.565713                2.0249727              6.5229424                         29.965693                                 42.283361             1421.1984      0.26960059
              1       2216.1077        3.030051      0.96585203     0.022701834       0.1127617     0.056109566         1.6609393      0.99729465      0.99976287      0.99959898       73.017347     0.049163754        5.195355       3.0340859       8.7520408       12.348781        15.721334       77.111866        264.5911       54.068986        38.37601       93.290163      0.11132248        0.15639533        0.59275804      0.16646441        0.75488672        2.025878   2.0698288e-09      0.25771895      0.78838628      0.73072102       148.14464       38.513608       2901.9576       1421.1984       13.996474        11.789472         2.2070025       4404.2225                 21.712913                 395.91193                            2458.767                      25.565713                2.0249727              6.5229424                         29.965693                                 42.283361             1421.1984      0.26960059
              2       2215.3831        3.030051      0.96585203     0.022701834       0.1127617     0.056109566         1.6609393      0.99729465      0.99999364       0.9996446       73.193015     0.067537847       5.1085422       2.9109564        8.940309       12.282437        16.017056       77.057635       272.68044       53.965349       38.183963       92.148003      0.14465984        0.17699056        0.58003825      0.18158059        0.77115688       2.0722731   2.0698288e-09      0.25771895      0.78838628      0.73072102       148.14464       38.513608       2899.8344       1421.1984       14.333468        12.176415         2.1570526       4402.0993                 21.712913                 395.91193                           2456.6438                      25.565713                2.0249727              6.5229424                         29.965693                                 42.283361             1421.1984      0.26960059
              2       2216.6218        3.030051      0.96585203     0.022701834       0.1127617     0.056109566         1.6609393      0.99729465      0.99972451      0.99947719       73.550521      0.10392499       5.0774493       2.8312651       8.9149179       12.461734         17.33289       76.683568       271.59472       54.442251       38.400498       92.713724      0.16372795        0.19220328        0.57744268      0.18653855         0.8105011       2.0462471   2.0698288e-09      0.25771895      0.78838628      0.73072102       148.14464       38.513608       2900.6013       1421.1984        15.18865        13.053457         2.1351931       4402.8662                 21.712913                 395.91193                           2457.4107                      25.565713                2.0249727              6.5229424                         29.965693                                 42.283361             1421.1984      0.26960059
              1       2216.8808        3.030051      0.96585203     0.022701834       0.1127617     0.056109566         1.6609393      0.99729465      0.99981306      0.99958873       73.432826      0.14643192       5.0436898       2.4771966       8.8316681       12.510906        17.645502        77.23653       273.53766       53.852313       38.346107       93.409442      0.20059212        0.13788051        0.58625953       0.1689247        0.76791958       1.9835034   2.0698288e-09      0.25771895      0.78838628      0.73072102       148.14464       38.513608       2902.0336       1421.1984       14.731539        12.653076          2.078463       4404.2986                 21.712913                 395.91193                           2458.8431                      25.565713                2.0249727              6.5229424                         29.965693                                 42.283361             1421.1984      0.26960059
              1       2215.8451        3.030051      0.96585203     0.022701834       0.1127617     0.056109566         1.6609393      0.99729465      0.99982943       0.9996196        73.38215      0.12025376       5.1174554       2.3783625       8.8835701       12.445203         18.01807       77.297568       273.24171       54.154292       38.472971       93.290831      0.19592151         0.1325299        0.57570729       0.1647385        0.75647267       1.9931394   2.0698288e-09      0.25771895      0.78838628      0.73072102       148.14464       38.513608       2900.7293       1421.1984       14.347968        12.267252         2.0807162       4402.9943                 21.712913                 395.91193                           2457.5388                      25.565713                2.0249727              6.5229424                         29.965693                                 42.283361             1421.1984      0.26960059
              2       2216.0392        3.030051      0.96585203     0.022701834       0.1127617     0.056109566         1.6609393      0.99729465      0.99980852      0.99965186        73.48169      0.11768208       5.1421829       2.4676606       8.9545941       12.533027        18.006044       77.413096       273.67592       54.153087       38.510551        93.23797      0.19858941        0.12653321        0.57697129      0.16629693        0.75763042       1.9925905   2.0698288e-09      0.25771895      0.78838628      0.73072102       148.14464       38.513608       2900.4846       1421.1984       14.664409        12.567503         2.0969059       4402.7495                 21.712913                 395.91193                            2457.294                      25.565713                2.0249727              6.5229424                         29.965693                                 42.283361             1421.1984      0.26960059
              2       2214.3671        3.030051      0.96585203     0.022701834       0.1127617     0.056109566         1.6609393      0.99729465      0.99973217      0.99973254       73.029416     0.089373199       5.0389843       2.4255996       9.2416752       12.153137        18.055469       78.205216        285.2169       53.714497       38.359852        93.01802      0.18154248        0.15746891        0.60986642      0.19285203        0.75769591       2.0865042   2.0698288e-09      0.25771895      0.78838628      0.73072102       148.14464       38.513608       2896.4712       1421.1984       14.998986        12.927208         2.0717782       4398.7362                 21.712913                 395.91193                           2453.2807                      25.565713                2.0249727              6.5229424                         29.965693                                 42.283361             1421.1984      0.26960059
              1       2214.1965        3.030051      0.96585203     0.022701834       0.1127617     0.056109566         1.6609393      0.99729465      0.99973873      0.99969611        73.03766     0.093688871       5.0743564        2.490134       9.1581832       12.196234        18.044349       78.209536        286.8393       53.799404       38.327201       92.942393      0.18663945        0.15925331        0.61558222      0.19000088         0.7519581       2.0901606   2.0698288e-09      0.25771895      0.78838628      0.73072102       148.14464       38.513608       2895.8559       1421.1984       15.136139        13.050249         2.0858904       4398.1208                 21.712913                 395.91193                           2452.6653                      25.565713                2.0249727              6.5229424                         29.965693                                 42.283361             1421.1984      0.26960059
              2       2213.3737        3.030051      0.96585203     0.022701834       0.1127617     0.056109566         1.6609393      0.99729465       0.9998478      0.99937003       73.480956      0.03519425       5.3096429       2.6363153       9.5769203       12.058366        17.919069       78.693508       284.47047       53.808256       38.905314       92.447008      0.18502416        0.13358549        0.61911031      0.20839896         0.7541927       2.1053458   2.0698288e-09      0.25771895      0.78838628      0.73072102       148.14464       38.513608       2897.0989       1421.1984       13.691843        11.526371         2.1654724       4399.3638                 21.712913                 395.91193                           2453.9083                      25.565713                2.0249727              6.5229424                         29.965693                                 42.283361             1421.1984      0.26960059
              1       2218.3796        3.030051      0.96585203     0.022701834       0.1127617     0.056109566         1.6609393      0.99597216       0.9998478      0.99937003       73.480956      0.03519425       5.3096429       2.6363153       9.5769203       12.058366        17.919069       78.693508       284.47047       53.808256       38.905314       92.447008      0.18502416        0.13358549        0.61911031      0.20839896         0.7541927       2.1053458   2.0698288e-09      0.25771895      0.78838628      0.73072102       148.14464       38.513608       2905.6858       1421.1984       14.404213        12.238741         2.1654724       4407.9507                 21.866767                 395.91778                            2464.134                      23.767178                2.0249727              6.5229424                         29.965693                                 42.283361             1421.1984      0.26960059
              1       2216.4962        3.030051      0.96585203     0.022701834       0.1127617     0.056109566         1.6609393      0.99630164       0.9998478      0.99937003       73.480956      0.03519425       5.3096429       2.6363153       9.5769203       12.058366        17.919069       78.693508       284.47047       53.808256       38.905314       92.447008      0.18502416        0.13358549        0.61911031      0.20839896         0.7541927       2.1053458   2.0698288e-09      0.25771895      0.78838628      0.73072102       148.14464       38.513608       2902.3263       1421.1984       14.200561        12.035089         2.1654724       4404.5913                 21.827929                 395.91388                           2460.3781                      24.206411                2.0249727              6.5229424                         29.965693                                 42.283361             1421.1984      0.26960059
              1       2216.2328        3.030051      0.96585203     0.022701834       0.1127617     0.056109566         1.6609393      0.99630164      0.99982265      0.99930465       72.993678     0.058594311       5.1860401       2.3463343       9.1088014       11.883932        17.999115       77.476865       272.97158       54.244458       39.014148       93.077636      0.14018301       0.093659667        0.63146613      0.20566106          0.695421       2.1113778   2.0698288e-09      0.25771895      0.78838628      0.73072102       148.14464       38.513608       2903.1749       1421.1984       13.512832        11.422574         2.0902582       4405.4398                 21.827929                 395.91388                           2461.2267                      24.206411                2.0249727              6.5229424                         29.965693                                 42.283361             1421.1984      0.26960059
              1        2217.084        3.030051      0.96585203     0.022701834       0.1127617     0.056109566         1.6609393      0.99630164      0.99970437      0.99961485       73.053477     0.091935488       5.0418549       2.7748793       9.2971624       11.998846        18.349746       78.163956       263.80804       55.729453       39.754592       93.132973      0.12580763        0.14487675        0.64672173      0.26577454        0.68259363       2.0509514   2.0698288e-09      0.25771895      0.78838628      0.73072102       148.14464       38.513608       2902.1207       1421.1984       14.891167        12.773585         2.1175816       4404.3856                 21.827929                 395.91388                           2460.1724                      24.206411                2.0249727              6.5229424                         29.965693                                 42.283361             1421.1984      0.26960059
              2       2217.5566        3.030051      0.96585203     0.022701834       0.1127617     0.056109566         1.6609393      0.99630164      0.99954927      0.99952426       73.352017      0.12565814       5.2573413       2.7644402       9.6531723       11.915228        17.236657       78.011495       256.45488       56.384312       40.125571       93.058979      0.13528215        0.18243219        0.61494008      0.19394328        0.66792229         2.03726   2.0698288e-09      0.25771895      0.78838628      0.73072102       148.14464       38.513608       2902.9314       1421.1984       14.958419         12.78478         2.1736397       4405.1964                 21.827929                 395.91388                           2460.9832                      24.206411                2.0249727              6.5229424                         29.965693                                 42.283361             1421.1984      0.26960059
              1        2216.554        3.030051      0.96585203     0.022701834       0.1127617     0.056109566         1.6609393      0.99630164      0.99964909      0.99953252       73.204237      0.12796946       5.1931021       2.4718461       10.066189       11.264826        17.509645       77.245441       259.20687       57.693695       40.445808       91.990171      0.16061008         0.1939222        0.61608435      0.20627002        0.66991079        2.072532   2.0698288e-09      0.25771895      0.78838628      0.73072102       148.14464       38.513608       2899.7206       1421.1984       15.561262        13.452574         2.1086882       4401.9855                 21.827929                 395.91388                           2457.7724                      24.206411                2.0249727              6.5229424                         29.965693                                 42.283361             1421.1984      0.26960059
              1       2215.6077        3.030051      0.96585203     0.022701834       0.1127617     0.056109566         1.6609393      0.99789427      0.99964909      0.99953252       73.204237      0.12796946       5.1931021       2.4718461       10.066189       11.264826        17.509645       77.245441       259.20687       57.693695       40.445808       91.990171      0.16061008         0.1939222        0.61608435      0.20627002        0.66991079        2.072532   2.0698288e-09      0.25771895      0.78838628      0.73072102       148.14464       38.513608        2899.307       1421.1984        14.82176        12.713072         2.1086882        4401.572                  21.64498                 395.90318                           2455.3467                      26.412182                2.0249727              6.5229424                         29.965693                                 42.283361             1421.1984      0.26960059
              1       2214.8646        3.030051      0.96585203     0.022701834       0.1127617     0.056109566         1.6609393      0.99789427      0.99963677      0.99953033       73.220456      0.12211482       5.2427785       2.4599798       10.224403       11.355084         17.17075       76.749884       258.93759       58.309381       40.644519       92.239435       0.1615923         0.1850362        0.61754724      0.19690795        0.67519655       2.0857582   2.0698288e-09      0.25771895      0.78838628      0.73072102       148.14464       38.513608       2898.2541       1421.1984       14.605041        12.486476         2.1185648       4400.5191                  21.64498                 395.90318                           2454.2938                      26.412182                2.0249727              6.5229424                         29.965693                                 42.283361             1421.1984      0.26960059
              2       2214.9341        3.030051      0.96585203     0.022701834       0.1127617     0.056109566         1.6609393      0.99789427      0.99963752      0.99953772       73.222083      0.12368943       5.2399034       2.4635413       10.251337       11.381171        17.235427       76.681693       259.42382        58.30701       40.673939       92.201178      0.15332433        0.18607393         0.6140633       0.1978288        0.67263398       2.0895736   2.0698288e-09      0.25771895      0.78838628      0.73072102       148.14464       38.513608       2898.6091       1421.1984       14.497093        12.378684         2.1184092       4400.8741                  21.64498                 395.90318                           2454.6488                      26.412182                2.0249727              6.5229424                         29.965693                                 42.283361             1421.1984      0.26960059
              3       2215.0263        3.030051      0.96585203     0.022701834       0.1127617     0.056109566         1.6609393      0.99789427      0.99933962      0.99931208       73.741312      0.15387352       5.3225861       2.8237458       10.436146       11.430766        16.838274       77.143117       264.10639       58.252685       39.837613       91.256743      0.17284097        0.18762766        0.60353446      0.16173158        0.62142009        2.190096   2.0698288e-09      0.25771895      0.78838628      0.73072102       148.14464       38.513608       2897.4619       1421.1984       15.162915        12.957299         2.2056159       4399.7269                  21.64498                 395.90318                           2453.5016                      26.412182                2.0249727              6.5229424                         29.965693                                 42.283361             1421.1984      0.26960059
              2       2215.3463        3.030051      0.96585203     0.022701834       0.1127617     0.056109566         1.6609393      0.99789427       0.9993366      0.99930823       73.581641      0.18395935       5.3128176       2.9131962       10.244287       11.153896        16.822111       76.821087       270.55187       58.698622       40.086391       91.557725      0.19425626        0.19826274        0.59142479      0.19121111        0.63366327       2.2385944   2.0698288e-09      0.25771895      0.78838628      0.73072102       148.14464       38.513608        2896.841       1421.1984       15.793281        13.572271         2.2210099        4399.106                  21.64498                 395.90318                           2452.8807                      26.412182                2.0249727              6.5229424                         29.965693                                 42.283361             1421.1984      0.26960059
              2       2215.4938        3.030051      0.96585203     0.022701834       0.1127617     0.056109566         1.6609393      0.99789427      0.99935951      0.99930742       73.513225      0.18640549       5.3218928       2.8682498       10.259886       11.168544        16.883469       76.732418       271.93136       58.851075       39.874397       91.401869      0.18712479        0.20099724        0.58699031      0.19060432        0.62691879       2.2616092   2.0698288e-09      0.25771895      0.78838628      0.73072102       148.14464       38.513608       2897.4068       1421.1984       15.657892          13.4433         2.2145918       4399.6717                  21.64498                 395.90318                           2453.4464                      26.412182                2.0249727              6.5229424                         29.965693                                 42.283361             1421.1984      0.26960059
              1       2215.7202        3.030051      0.96585203     0.022701834       0.1127617     0.056109566         1.6609393      0.99805362      0.99935951      0.99930742       73.513225      0.18640549       5.3218928       2.8682498       10.259886       11.168544        16.883469       76.732418       271.93136       58.851075       39.874397       91.401869      0.18712479        0.20099724        0.58699031      0.19060432        0.62691879       2.2616092   2.0698288e-09      0.25771895      0.78838628      0.73072102       148.14464       38.513608        2897.963       1421.1984       15.606235        13.391644         2.2145918       4400.2279                 21.627114                 395.91638                           2453.7791                      26.640367                2.0249727              6.5229424                         29.965693                                 42.283361             1421.1984      0.26960059
              1        2203.267       3.0249378      0.96621429     0.022832743       0.1127129     0.052956762         1.7708589      0.99805362      0.99958139      0.99922476       73.265481      0.18169813       5.3055241       2.9631564       10.299123       11.208224        17.485164       76.864157       277.74663        58.66402       39.718583        92.54151      0.11784993         0.1707024         0.6194688       0.1959634        0.64842517       2.1616144   2.0592724e-09      0.25787516      0.78544488      0.72821537       148.02345       37.521047       2880.3942       1421.1166       13.156066        10.926833         2.2292333        4380.222                 21.655805                   395.672                           2436.1326                      26.933791                1.9710078              6.4659357                         29.084103                                 40.920544             1421.1166      0.26960059
              1       2203.7725       3.0249378      0.96621429     0.022832743       0.1127129     0.052956762         1.7708589      0.99805362      0.99981896      0.99903569       73.038355      0.17766622        5.397694        2.899516       10.026555       11.816918        17.847137       77.162428        280.6956       57.583911       39.896711       92.960258       0.1838365        0.17462027        0.62946013      0.19316854        0.66266017       2.2288068   2.0592724e-09      0.25787516      0.78544488      0.72821537       148.02345       37.521047       2880.6014       1421.1166       13.557875        11.310069         2.2478058       4380.4292                 21.655805                   395.672                           2436.3398                      26.933791                1.9710078              6.4659357                         29.084103                                 40.920544             1421.1166      0.26960059
              1        2203.416       3.0249378      0.96621429     0.022832743       0.1127129     0.052956762         1.7708589      0.99805362      0.99967171      0.99904861       73.127444      0.18092945        5.299449       2.7945224       9.8121139       11.882863        17.833763       77.032796       285.73118       56.930545       40.145203       92.800867       0.1798825        0.15243532        0.65638789      0.20297464        0.63304814       2.2403359   2.0592724e-09      0.25787516      0.78544488      0.72821537       148.02345       37.521047       2879.6204       1421.1166       13.691951        11.499633         2.1923176       4379.4482                 21.655805                   395.672                           2435.3588                      26.933791                1.9710078              6.4659357                         29.084103                                 40.920544             1421.1166      0.26960059
              2       2205.0525       3.0249378      0.96621429     0.022832743       0.1127129     0.052956762         1.7708589      0.99805362      0.99970976      0.99901089       73.270009       0.1685486       5.5532825       2.1499647       9.9187429       11.786877        18.072899       77.261265       281.57834       57.696782        40.34959       92.147864      0.18246369        0.13564701         0.7126102      0.14983885        0.62427989       2.2276962   2.0592724e-09      0.25787516      0.78544488      0.72821537       148.02345       37.521047       2879.6437       1421.1166       15.316807        13.168318         2.1484892       4379.4715                 21.655805                   395.672                           2435.3821                      26.933791                1.9710078              6.4659357                         29.084103                                 40.920544             1421.1166      0.26960059
              1       2206.0068       3.0249378      0.96621429     0.022832743       0.1127129     0.052956762         1.7708589      0.99805362        0.999536      0.99935369         74.7644      0.21613885        5.690906       1.0304763       8.1207664       11.889798        18.952661       77.741936        292.9161       56.649803        41.00048       90.623505      0.11457008       0.060302564        0.55555705      0.11443072        0.68454365       2.2497127   2.0592724e-09      0.25787516      0.78544488      0.72821537       148.02345       37.521047        2883.906       1421.1166       14.139877         12.09986         2.0400176       4383.7338                 21.655805                   395.672                           2439.6444                      26.933791                1.9710078              6.4659357                         29.084103                                 40.920544             1421.1166      0.26960059
              1       2206.6522       3.0249378      0.96621429     0.022832743       0.1127129     0.052956762         1.7708589      0.99805362       0.9996107      0.99943968       74.623977      0.25805051       5.7660119      0.87419864       8.2196535       12.112404        18.951556       78.024252       293.45615       56.397944       40.771414       90.305655      0.10433106       0.086143639        0.56976059     0.086406621        0.67872043       2.2340501   2.0592724e-09      0.25787516      0.78544488      0.72821537       148.02345       37.521047       2885.2634       1421.1166       14.106574        12.069035         2.0375387       4385.0912                 21.655805                   395.672                           2441.0018                      26.933791                1.9710078              6.4659357                         29.084103                                 40.920544             1421.1166      0.26960059
              1        2205.914       3.0249378      0.96621429     0.022832743       0.1127129     0.052956762         1.7708589      0.99805362      0.99952522      0.99944603       74.447341      0.24369689       5.7801785      0.57951433       8.4832235       12.196331        18.749281       78.243356        293.4232       56.214478       40.844936       89.768192     0.090029747       0.090932113        0.56102945      0.11410716        0.69629215       2.2288916   2.0592724e-09      0.25787516      0.78544488      0.72821537       148.02345       37.521047       2884.6728       1421.1166       13.663735        11.640214         2.0235204       4384.5006                 21.655805                   395.672                           2440.4112                      26.933791                1.9710078              6.4659357                         29.084103                                 40.920544             1421.1166      0.26960059
              2       2206.1201       3.0249378      0.96621429     0.022832743       0.1127129     0.052956762         1.7708589      0.99805362      0.99951396      0.99944808       74.453987      0.24298126       5.7565922      0.58457643       8.4935625       12.221799        18.726534       78.200983        293.0798       56.229176       40.823643       89.691671     0.089584549        0.08834311          0.561617      0.11013735        0.69649312       2.2323725   2.0592724e-09      0.25787516      0.78544488      0.72821537       148.02345       37.521047       2884.6677       1421.1166       13.872375        11.849985         2.0223896       4384.4955                 21.655805                   395.672                           2440.4061                      26.933791                1.9710078              6.4659357                         29.084103                                 40.920544             1421.1166      0.26960059
              3       2206.3617       3.0249378      0.96621429     0.022832743       0.1127129     0.052956762         1.7708589      0.99805362      0.99951518      0.99942752       74.470875      0.24261845       5.7881631      0.54115672       8.5167031       12.203349        18.774454       78.284087       293.54859       56.240385         40.8417       89.652694     0.090270831       0.081426496        0.56893366      0.10854939        0.69499516       2.2481287   2.0592724e-09      0.25787516      0.78544488      0.72821537       148.02345       37.521047       2884.5858       1421.1166       14.154864        12.132239          2.022625       4384.4136                 21.655805                   395.672                           2440.3242                      26.933791                1.9710078              6.4659357                         29.084103                                 40.920544             1421.1166      0.26960059
              2       2206.5143       3.0249378      0.96621429     0.022832743       0.1127129     0.052956762         1.7708589      0.99805362      0.99938183      0.99938976        74.69473      0.23789739       5.7283541      0.68321687       8.6654763       12.580373        19.080455       78.126635       295.59901       56.199681       40.682591       89.966227     0.076798956       0.084055829        0.55741287      0.10234133        0.69909681       2.2619442   2.0592724e-09      0.25787516      0.78544488      0.72821537       148.02345       37.521047       2883.9076       1421.1166       14.646642         12.62234         2.0243014       4383.7354                 21.655805                   395.672                            2439.646                      26.933791                1.9710078              6.4659357                         29.084103                                 40.920544             1421.1166      0.26960059
              1       2205.6749       3.0249378      0.96621429     0.022832743       0.1127129     0.052956762         1.7708589      0.99805362      0.99921235      0.99922007       74.359573       0.2900585       5.7094712       0.4726868       9.1492209       12.695536        18.997699       78.613356       301.48055       56.852037       42.195003       89.042823     0.087472585        0.08089512        0.53026015       0.1446084        0.69431781        2.210763   2.0592724e-09      0.25787516      0.78544488      0.72821537       148.02345       37.521047       2884.8396       1421.1166       13.341238        11.323042         2.0181969       4384.6674                 21.655805                   395.672                            2440.578                      26.933791                1.9710078              6.4659357                         29.084103                                 40.920544             1421.1166      0.26960059
              3        2205.938       3.0249378      0.96621429     0.022832743       0.1127129     0.052956762         1.7708589      0.99805362      0.99930674      0.99924912       74.471575       0.2930042       5.6207268      0.24687138        9.067037       12.809637        18.955534       77.957704       299.87219       58.628796       42.294641       89.273438     0.095758341       0.077385051        0.50780564      0.14070221        0.69050774       2.2176619   2.0592724e-09      0.25787516      0.78544488      0.72821537       148.02345       37.521047       2885.7117       1421.1166       13.168234        11.146929         2.0213054       4385.5395                 21.655805                   395.672                           2441.4501                      26.933791                1.9710078              6.4659357                         29.084103                                 40.920544             1421.1166      0.26960059
              2       2205.5991       3.0249378      0.96621429     0.022832743       0.1127129     0.052956762         1.7708589      0.99805362      0.99936465      0.99931413         74.7513       0.2690111       5.5841006      0.32411532       8.7694923       12.612772        18.634543       77.890887       301.09624       58.213244       42.499734       88.924326     0.089030141       0.071205902        0.46326077      0.14997659        0.68953264       2.2057758   2.0592724e-09      0.25787516      0.78544488      0.72821537       148.02345       37.521047       2884.7748       1421.1166       13.297869        11.277083         2.0207862       4384.6026                 21.655805                   395.672                           2440.5132                      26.933791                1.9710078              6.4659357                         29.084103                                 40.920544             1421.1166      0.26960059
              3       2205.1534       3.0249378      0.96621429     0.022832743       0.1127129     0.052956762         1.7708589      0.99805362      0.99934733       0.9992401       74.664063      0.27299673        5.554074       0.4255837       8.7405137       12.703908        18.503788       77.766004       301.29832       58.164908       42.555421       89.039768      0.07470271       0.078861573        0.45750004      0.14799311        0.69245122       2.2074127   2.0592724e-09      0.25787516      0.78544488      0.72821537       148.02345       37.521047        2883.958       1421.1166       13.260532        11.241019         2.0195122       4383.7858                 21.655805                   395.672                           2439.6964                      26.933791                1.9710078              6.4659357                         29.084103                                 40.920544             1421.1166      0.26960059
              2       2208.6301       3.0249378      0.96621429     0.022832743       0.1127129     0.052956762         1.7708589      0.99805362      0.99938752      0.99889355       73.978249      0.25369393        5.488823      0.98026953       7.7432524       12.338384        19.045998        77.78988       292.75886       59.179535       43.526858       88.733395      0.14839008       0.046957428        0.47759169      0.11265399        0.61613229       2.2475266   2.0592724e-09      0.25787516      0.78544488      0.72821537       148.02345       37.521047       2889.3606       1421.1166       14.035927        12.014551         2.0213756       4389.1883                 21.655805                   395.672                            2445.099                      26.933791                1.9710078              6.4659357                         29.084103                                 40.920544             1421.1166      0.26960059
              1       2207.9345       3.0249378      0.96621429     0.022832743       0.1127129     0.052956762         1.7708589      0.99805362      0.99939593      0.99890604       74.056881      0.24866838       5.4628378      0.92232547       7.6973583       12.236222        18.902739       77.814223       294.61518       58.812393       43.477291       88.358762      0.15618265       0.061361858        0.47754145      0.10265069        0.62454993        2.257586   2.0592724e-09      0.25787516      0.78544488      0.72821537       148.02345       37.521047       2889.2301       1421.1166       13.405518        11.386494         2.0190245       4389.0579                 21.655805                   395.672                           2444.9685                      26.933791                1.9710078              6.4659357                         29.084103                                 40.920544             1421.1166      0.26960059
              1       2206.1498       3.0249378      0.96621429     0.022832743       0.1127129     0.052956762         1.7708589      0.99805362      0.99940908      0.99894865       74.123798      0.24772034       5.4426763       0.6922706       7.4691518       12.187539        18.872313       78.045396       294.63907       58.860329       43.793469       88.713167      0.13179732       0.081172797        0.46799276      0.10829212        0.60960918       2.2389842   2.0592724e-09      0.25787516      0.78544488      0.72821537       148.02345       37.521047       2887.6679       1421.1166       12.401901        10.383801         2.0181003       4387.4957                 21.655805                   395.672                           2443.4064                      26.933791                1.9710078              6.4659357                         29.084103                                 40.920544             1421.1166      0.26960059
              1       2205.9815       3.0249378      0.96621429     0.022832743       0.1127129     0.052956762         1.7708589      0.99805362      0.99947512      0.99903939       74.173443      0.28161389       5.4481762      0.53218319       7.3300612       12.187017        18.603759       78.225615       293.98209       59.204868       42.948101       88.389577      0.11802186       0.064305753        0.48931975      0.10987264        0.62228481       2.1932734   2.0592724e-09      0.25787516      0.78544488      0.72821537       148.02345       37.521047       2885.7288       1421.1166       13.203242        11.182198         2.0210435       4385.5566                 21.655805                   395.672                           2441.4672                      26.933791                1.9710078              6.4659357                         29.084103                                 40.920544             1421.1166      0.26960059
              2       2204.9223        3.025501      0.96623412     0.022837924      0.11255884     0.053014868         1.7736694      0.99805362      0.99971505       0.9985821       73.598731       0.3400788       5.2416477      0.55412383       7.5947474       11.662585        18.924221       78.919898       278.14979       58.890084        43.16828       87.433321      0.15228846        0.11638769        0.40907158      0.13049171        0.66202049       2.0181916   2.0604324e-09      0.25759193      0.78492914      0.72733745          148.06       37.697837       2890.0962        1421.265       9.7373468         7.702421         2.0349258         4390.37                 21.700896                  395.7067                            2446.342                      26.346575                1.9855091               6.480601                         29.231727                                 41.041329              1421.265      0.26960059
              1       2204.1182        3.025501      0.96623412     0.022837924      0.11255884     0.053014868         1.7736694       0.9975164      0.99971092       0.9985764       73.586413      0.33970312        5.239848      0.54122328       7.6061172       11.691785        19.001472       79.017141       278.65435       58.974111       43.177516       87.226469      0.15203231        0.11831944         0.4121893      0.13455099        0.65840487       2.0193911   2.0604324e-09      0.25759193      0.78492914      0.72733745          148.06       37.697837       2888.2888        1421.265       9.8369656        7.8010454         2.0359202       4388.5625                 21.762349                 395.67922                           2445.2588                      25.588396                1.9855091               6.480601                         29.231727                                 41.041329              1421.265      0.26960059
              2       2204.1158        3.025501      0.96623412     0.022837924      0.11255884     0.053014868         1.7736694       0.9975164      0.99971892      0.99857671       73.594393      0.33964848       5.2434202      0.54129204       7.5975405       11.698383        19.004578       79.002936       278.44644       58.975816       43.185573       87.220743      0.15231536        0.11889036         0.4128049      0.13551449        0.65909256        2.021716   2.0604324e-09      0.25759193      0.78492914      0.72733745          148.06       37.697837       2888.3322        1421.265       9.8128317        7.7772792         2.0355524        4388.606                 21.762349                 395.67922                           2445.3023                      25.588396                1.9855091               6.480601                         29.231727                                 41.041329              1421.265      0.26960059
              9       2205.3837        3.025501      0.96623412     0.022837924      0.11255884     0.053014868         1.7736694       0.9975164      0.99970912      0.99855621       73.461017       0.3459492       5.2606642      0.31848258       7.6074321       11.746827         19.06055       78.913254       280.10375       58.693392       43.023624       86.995614      0.16547256        0.11948522        0.40183272      0.12775531        0.64001999       2.0043742   2.0604324e-09      0.25759193      0.78492914      0.72733745          148.06       37.697837       2889.8777        1421.265       10.307996        8.2579789          2.050017       4390.1515                 21.762349                 395.67922                           2446.8477                      25.588396                1.9855091               6.480601                         29.231727                                 41.041329              1421.265      0.26960059
              1       2205.0208        3.025501      0.96623412     0.022837924      0.11255884     0.053014868         1.7736694       0.9975164        0.999747      0.99855702       73.332416      0.35280491       5.2663263      0.35560188       7.6966701       11.675372        19.095348       79.038557       279.74589       58.542047       43.065996       87.332631      0.15137615        0.10746841        0.40291255      0.13176528        0.65707276       1.9662939   2.0604324e-09      0.25759193      0.78492914      0.72733745          148.06       37.697837       2889.7945        1421.265       9.9866988        7.9404858         2.0462131       4390.0683                 21.762349                 395.67922                           2446.7645                      25.588396                1.9855091               6.480601                         29.231727                                 41.041329              1421.265      0.26960059
              1       2204.8143        3.025501      0.96623412     0.022837924      0.11255884     0.053014868         1.7736694       0.9975164      0.99943061       0.9983939       73.743206      0.33781861       5.3382885      0.35367104       7.7312667       11.305715        19.314316       78.963375       281.04228        58.61514       42.824981       88.256295      0.11368824        0.15387481        0.36395994      0.20594674        0.72166776       2.0856609   2.0604324e-09      0.25759193      0.78492914      0.72733745          148.06       37.697837       2889.4919        1421.265       9.9315095        7.8936194         2.0378901       4389.7657                 21.762349                 395.67922                           2446.4619                      25.588396                1.9855091               6.480601                         29.231727                                 41.041329              1421.265      0.26960059
              4       2205.2981        3.025501      0.96623412     0.022837924      0.11255884     0.053014868         1.7736694      0.99801184      0.99943061       0.9983939       73.743206      0.33781861       5.3382885      0.35367104       7.7312667       11.305715        19.314316       78.963375       281.04228        58.61514       42.824981       88.256295      0.11368824        0.15387481        0.36395994      0.20594674        0.72166776       2.0856609   2.0604324e-09      0.25759193      0.78492914      0.72733745          148.06       37.697837       2890.8138        1421.265       9.7542708        7.7163807         2.0378901       4391.0876                 21.705643                 395.67589                           2447.1453                       26.28705                1.9855091               6.480601                         29.231727                                 41.041329              1421.265      0.26960059
              3       2205.3102        3.025501      0.96623412     0.022837924      0.11255884     0.053014868         1.7736694      0.99801184      0.99943141       0.9983939       73.741725      0.33772634       5.3380001      0.35325735       7.7304781       11.305421         19.31467       78.964655       280.99475       58.614663       42.828557       88.255804       0.1134843        0.15387576        0.36392425      0.20561827        0.72153613       2.0856516   2.0604324e-09      0.25759193      0.78492914      0.72733745          148.06       37.697837       2890.8365        1421.265       9.7550309        7.7170819         2.0379489       4391.1103                 21.705643                 395.67589                           2447.1679                       26.28705                1.9855091               6.480601                         29.231727                                 41.041329              1421.265      0.26960059
              1       2203.5008        3.025501      0.96623412     0.022837924      0.11255884     0.053014868         1.7736694      0.99801184      0.99963285       0.9986158       73.858422       0.2972455       5.3553567      0.37422371        7.874881       11.464026        19.266216       78.903226       278.51994       59.192048        43.00321       88.702917      0.13210676        0.12522708        0.41365591      0.21532962        0.74430974       2.1106908   2.0604324e-09      0.25759193      0.78492914      0.72733745          148.06       37.697837       2888.4481        1421.265       9.1398836         7.105084         2.0347996       4388.7219                 21.705643                 395.67589                           2444.7795                       26.28705                1.9855091               6.480601                         29.231727                                 41.041329              1421.265      0.26960059
              2        2203.462        3.025501      0.96623412     0.022837924      0.11255884     0.053014868         1.7736694      0.99801184      0.99966694      0.99843323       73.745864      0.27751729       5.4331949      0.74103706       8.2351837       11.707095        19.122127       79.140829       276.69623       59.464043       42.896188       88.788919      0.16283025        0.11463827         0.3875611      0.20543161         0.7338902       2.1160748   2.0604324e-09      0.25759193      0.78492914      0.72733745          148.06       37.697837       2887.8447        1421.265       9.4027586        7.3849668         2.0177917       4388.1185                 21.705643                 395.67589                           2444.1762                       26.28705                1.9855091               6.480601                         29.231727                                 41.041329              1421.265      0.26960059
              1       2203.6796        3.025501      0.96623412     0.022837924      0.11255884     0.053014868         1.7736694      0.99751644      0.99977837      0.99843228       73.647219      0.26856748       5.4858508      0.73365581       8.1525783        11.74608        19.578043       79.303733       277.91591       59.920991       42.915727       88.770478      0.15611525        0.12727158        0.36971258      0.22348818        0.74052596       2.0919683   2.0604324e-09      0.25759193      0.78492914      0.72733745          148.06       37.697837        2888.109        1421.265       9.4882055        7.4706479         2.0175576       4388.3828                 21.762345                 395.67922                            2445.079                      25.588444                1.9855091               6.480601                         29.231727                                 41.041329              1421.265      0.26960059
              1       2203.7963        3.025501      0.96623412     0.022837924      0.11255884     0.053014868         1.7736694      0.99751644      0.99972526      0.99847008        73.21534      0.34818595       5.4578112      0.48633809       8.0986948       11.835542        19.475622        78.42038       281.62992       61.038812       43.802274       88.638105      0.12138837         0.1230185        0.36345263      0.18118893        0.75699576       2.1875269   2.0604324e-09      0.25759193      0.78492914      0.72733745          148.06       37.697837       2887.7509        1421.265       9.7839714        7.7620287         2.0219427       4388.0247                 21.762345                 395.67922                           2444.7209                      25.588444                1.9855091               6.480601                         29.231727                                 41.041329              1421.265      0.26960059
              1       2203.4466        3.025501      0.96623412     0.022837924      0.11255884     0.053014868         1.7736694      0.99751644      0.99960799      0.99868753       73.463776      0.36629415       5.4962578      0.59003865       7.7238602        11.80554        19.197717       78.816648       280.72786       61.414954       44.113911       90.031602      0.14423288        0.11703096        0.40641749      0.19360115        0.76948466       2.1956753   2.0604324e-09      0.25759193      0.78492914      0.72733745          148.06       37.697837       2886.6279        1421.265       9.9957755        7.9774777         2.0182977       4386.9016                 21.762345                 395.67922                           2443.5979                      25.588444                1.9855091               6.480601                         29.231727                                 41.041329              1421.265      0.26960059
              1       2203.9566        3.025501      0.96623412     0.022837924      0.11255884     0.053014868         1.7736694      0.99751644      0.99955975      0.99864363       73.437372      0.36769009       5.5293058      0.63280137       7.5758533       11.895858        19.041805       78.783441       281.20529       61.278865       43.682559       89.989639      0.13553799        0.11928616        0.40290815       0.2018795        0.77954478       2.2176594   2.0604324e-09      0.25759193      0.78492914      0.72733745          148.06       37.697837       2887.3779        1421.265       10.130755         8.113181         2.0175737       4387.6517                 21.762345                 395.67922                           2444.3479                      25.588444                1.9855091               6.480601                         29.231727                                 41.041329              1421.265      0.26960059
              1       2201.6851       3.0296372      0.96662347      0.02287579       0.1123109     0.055409353         1.7405309      0.99751644      0.99955839      0.99863485        73.44787      0.36866379       5.5311965      0.61297817        7.581387       11.913569        19.047595         78.7492       281.21345       61.260982       43.694761       89.968118       0.1376501        0.11922357        0.40517997      0.20450565         0.7782518       2.2193416   2.0689725e-09      0.25719225       0.7852653      0.72708422       148.08128       37.680804       2882.9052       1421.4756       10.103695        8.0860674         2.0176273       4383.1628                 21.722509                 395.78861                           2440.6952                       24.69887                1.9922823              6.4865622                          29.20196                                 40.831688             1421.4756      0.26960059
              1       2201.8061       3.0296372      0.96662347      0.02287579       0.1123109     0.055409353         1.7405309       0.9976322      0.99952186      0.99865347       73.528042      0.36637453       5.5702544      0.58314767       7.7519746       11.909403        19.092599       78.642744       279.26836        61.20314       43.615601       90.157702      0.13718918        0.11927161        0.40170207      0.20256205        0.78693957       2.2373074   2.0689725e-09      0.25719225       0.7852653      0.72708422       148.08128       37.680804       2882.8863       1421.4756       10.234095        8.2165427         2.0175519       4383.1439                 21.709303                 395.78861                           2440.5318                      24.856525                1.9922823              6.4865622                          29.20196                                 40.831688             1421.4756      0.26960059
              1       2202.0465       3.0296372      0.96662347      0.02287579       0.1123109     0.055409353         1.7405309       0.9976322      0.99957792      0.99861399       73.476879      0.37723405       5.5694813      0.70232989       7.8493344       11.729312        19.003622       78.455609       278.89409       60.972465       43.515666       90.062562      0.12895531         0.1107184         0.4260702      0.20616143           0.80537       2.2134289   2.0689725e-09      0.25719225       0.7852653      0.72708422       148.08128       37.680804       2883.4245       1421.4756       10.205401         8.187135         2.0182665       4383.6822                 21.709303                 395.78861                           2441.0701                      24.856525                1.9922823              6.4865622                          29.20196                                 40.831688             1421.4756      0.26960059
              4       2202.5284       3.0296372      0.96662347      0.02287579       0.1123109     0.055409353         1.7405309       0.9976322      0.99968662      0.99860111       73.559341       0.3909142       5.6161387       1.0723418        7.940703       11.732072        19.828524       79.243097       279.40511       62.206088       43.709395       89.584992      0.11790599        0.16422817        0.43644432      0.24528567        0.82966813       2.2785815   2.0689725e-09      0.25719225       0.7852653      0.72708422       148.08128       37.680804       2883.0053       1421.4756       10.896959           8.8621          2.034859       4383.2629                 21.709303                 395.78861                           2440.6508                      24.856525                1.9922823              6.4865622                          29.20196                                 40.831688             1421.4756      0.26960059
              1        2202.307       3.0296372      0.96662347      0.02287579       0.1123109     0.055409353         1.7405309       0.9976322      0.99957359      0.99853021       73.092224      0.42186275       5.8615711       1.2434138       7.6390664        11.93025        20.281605       79.143935       282.09967       62.812147       43.356197       90.055898      0.11456108        0.12475694        0.40920961      0.25505296        0.76571258       2.3165296   2.0689725e-09      0.25719225       0.7852653      0.72708422       148.08128       37.680804       2884.1849       1421.4756       10.085677        7.9981977         2.0874798       4384.4426                 21.709303                 395.78861                           2441.8305                      24.856525                1.9922823              6.4865622                          29.20196                                 40.831688             1421.4756      0.26960059
              3        2202.261       3.0296372      0.96662347      0.02287579       0.1123109     0.055409353         1.7405309       0.9976322      0.99952412      0.99854217       72.994005      0.42366105       5.8121623       1.1712622       7.6542021       11.899238        20.247755       79.053207       281.60602       62.952992       43.404939       90.091906      0.12082779        0.12628364        0.40826023      0.25880682        0.76510673        2.316117   2.0689725e-09      0.25719225       0.7852653      0.72708422       148.08128       37.680804       2884.0139       1421.4756       10.125213        8.0553117         2.0699009       4384.2715                 21.709303                 395.78861                           2441.6594                      24.856525                1.9922823              6.4865622                          29.20196                                 40.831688             1421.4756      0.26960059
              1       2202.2084       3.0296372      0.96662347      0.02287579       0.1123109     0.055409353         1.7405309       0.9976322      0.99954315      0.99841986       73.022651      0.41633609       5.7059162       1.0026153       7.6073303       11.745291        20.668088       79.076864        285.5192        63.45166        43.38242       91.010575      0.10774069        0.12956249        0.40361344      0.23332043        0.77477587       2.2959344   2.0689725e-09      0.25719225       0.7852653      0.72708422       148.08128       37.680804       2884.3381       1421.4756       9.9105217         7.870775         2.0397467       4384.5957                 21.709303                 395.78861                           2441.9836                      24.856525                1.9922823              6.4865622                          29.20196                                 40.831688             1421.4756      0.26960059
              2       2202.3588       3.0296372      0.96662347      0.02287579       0.1123109     0.055409353         1.7405309       0.9976322      0.99954049      0.99842144       73.081394      0.41567339       5.7190375      0.96359621       7.5648074       11.790422         20.65354       79.133958       285.37152       63.525838       43.401796       91.062302      0.11057705        0.13403952        0.40149495      0.23558006        0.77301575        2.289857   2.0689725e-09      0.25719225       0.7852653      0.72708422       148.08128       37.680804        2884.638       1421.4756       9.9110221        7.8725232         2.0384989       4384.8956                 21.709303                 395.78861                           2442.2835                      24.856525                1.9922823              6.4865622                          29.20196                                 40.831688             1421.4756      0.26960059
              1       2204.4734       3.0296372      0.96662347      0.02287579       0.1123109     0.055409353         1.7405309       0.9976322      0.99944956      0.99833363        73.02818      0.42514044        5.942555       0.3578911       6.8311118       12.673447        20.579384       78.226664       278.02448       64.051778       42.888575       90.355936      0.11316342        0.12286726         0.4150175      0.21211657        0.75727327       2.2873446   2.0689725e-09      0.25719225       0.7852653      0.72708422       148.08128       37.680804       2888.1178       1421.4756       10.285671        8.2606787          2.024992       4388.3754                 21.709303                 395.78861                           2445.7633                      24.856525                1.9922823              6.4865622                          29.20196                                 40.831688             1421.4756      0.26960059
              4       2203.8856       3.0296372      0.96662347      0.02287579       0.1123109     0.055409353         1.7405309       0.9976322      0.99947636      0.99828095       72.998106      0.41033008       6.0173877      0.37774949       6.9401137       12.715867        20.590411       78.262919       277.69508       63.615357       42.783408       90.150143      0.11087517        0.11449852         0.4265888      0.21877481        0.76317399       2.2602282   2.0689725e-09      0.25719225       0.7852653      0.72708422       148.08128       37.680804       2886.9834       1421.4756       10.265045        8.2332941         2.0317509        4387.241                 21.709303                 395.78861                           2444.6289                      24.856525                1.9922823              6.4865622                          29.20196                                 40.831688             1421.4756      0.26960059
              4       2203.5236       3.0296372      0.96662347      0.02287579       0.1123109     0.055409353         1.7405309      0.99812177      0.99947636      0.99828095       72.998106      0.41033008       6.0173877      0.37774949       6.9401137       12.715867        20.590411       78.262919       277.69508       63.615357       42.783408       90.150143      0.11087517        0.11449852         0.4265888      0.21877481        0.76317399       2.2602282   2.0689725e-09      0.25719225       0.7852653      0.72708422       148.08128       37.680804        2886.592       1421.4756       10.098746        8.0669956         2.0317509       4386.8497                 21.653916                 395.77435                           2443.6325                      25.531275                1.9922823              6.4865622                          29.20196                                 40.831688             1421.4756      0.26960059
              1       2202.0514       3.0296372      0.96662347      0.02287579       0.1123109     0.055409353         1.7405309      0.99812177      0.99948433      0.99832642       72.863709       0.4230704       6.2684681      0.65395233       6.5989429       12.030186        21.031273       79.513946       276.56108       62.445276        43.27276       90.432285      0.12672198        0.11775109        0.41445044      0.18940984        0.69428837       2.2412698   2.0689725e-09      0.25719225       0.7852653      0.72708422       148.08128       37.680804       2884.7182       1421.4756       9.5634995        7.4681334         2.0953661       4384.9759                 21.653916                 395.77435                           2441.7586                      25.531275                1.9922823              6.4865622                          29.20196                                 40.831688             1421.4756      0.26960059
              3       2202.3303       3.0296372      0.96662347      0.02287579       0.1123109     0.055409353         1.7405309      0.99812177       0.9994865      0.99836617       72.748143      0.43294103       6.2887784      0.41610575       6.5854671       11.910368        21.052283       79.661016        284.2045        62.07765       43.181848       90.217357      0.11314199        0.12388466        0.42322951        0.180775        0.70890181       2.2570676   2.0689725e-09      0.25719225       0.7852653      0.72708422       148.08128       37.680804       2885.2275       1421.4756       9.5877384        7.5170331         2.0707053       4385.4851                 21.653916                 395.77435                           2442.2679                      25.531275                1.9922823              6.4865622                          29.20196                                 40.831688             1421.4756      0.26960059
              3       2202.6912       3.0296372      0.96662347      0.02287579       0.1123109     0.055409353         1.7405309      0.99812177      0.99964082      0.99833767       73.072361      0.40844511       6.1967125      0.46247316       6.2752936       11.862681        21.226901       79.665181       281.37646       61.825262       43.906029       92.013598     0.088101559        0.11429121        0.47535829      0.20278193        0.73309608       2.4307511   2.0689725e-09      0.25719225       0.7852653      0.72708422       148.08128       37.680804       2884.7202       1421.4756       10.202283        8.1419816          2.060301       4384.9779                 21.653916                 395.77435                           2441.7607                      25.531275                1.9922823              6.4865622                          29.20196                                 40.831688             1421.4756      0.26960059
              1       2204.7308       3.0296372      0.96662347      0.02287579       0.1123109     0.055409353         1.7405309      0.99812177      0.99957483      0.99829057       73.242132      0.35682497        6.453365      0.16870906       5.9642251       11.775487        21.300265       78.995611       278.30415       62.819897       43.659289       93.135558       0.1050942        0.17209717        0.48112493      0.20542483        0.64205952       2.3954554   2.0689725e-09      0.25719225       0.7852653      0.72708422       148.08128       37.680804       2887.8083       1421.4756       10.697784        8.6253322          2.072452        4388.066                 21.653916                 395.77435                           2444.8488                      25.531275                1.9922823              6.4865622                          29.20196                                 40.831688             1421.4756      0.26960059
              3       2204.2918       3.0296372      0.96662347      0.02287579       0.1123109     0.055409353         1.7405309      0.99812177      0.99953607       0.9983111       73.251613      0.36828169       6.4487052     0.047191522       5.9484386       11.787157        21.320559       79.083478       276.23718       62.737656       43.973539       93.247063      0.11254704        0.16588598        0.48460229      0.20575524         0.6393361       2.3815448   2.0689725e-09      0.25719225       0.7852653      0.72708422       148.08128       37.680804       2887.3528       1421.4756       10.486539        8.4274089         2.0591304       4387.6105                 21.653916                 395.77435                           2444.3933                      25.531275                1.9922823              6.4865622                          29.20196                                 40.831688             1421.4756      0.26960059
              4       2204.5909       3.0296372      0.96662347      0.02287579       0.1123109     0.055409353         1.7405309      0.99812177      0.99947579      0.99827936       73.287194      0.36755891       6.3997547     0.040987979       5.9101611       11.819741        21.295952       79.066441       276.92274       63.044012        44.06614       93.354272      0.11836575         0.1687747        0.46859833      0.20487189        0.64515596       2.3952564   2.0689725e-09      0.25719225       0.7852653      0.72708422       148.08128       37.680804       2887.7802       1421.4756       10.572007        8.5206042         2.0514025       4388.0378                 21.653916                 395.77435                           2444.8206                      25.531275                1.9922823              6.4865622                          29.20196                                 40.831688             1421.4756      0.26960059
              2       2204.7593       3.0296372      0.96662347      0.02287579       0.1123109     0.055409353         1.7405309      0.99812177      0.99945625      0.99850933       73.768003      0.37711076       6.3828421     0.018872707       5.4072529       11.598784        20.764551       79.210085       285.87234       62.627404       43.757931       93.485738      0.11402911        0.13464551        0.48451854      0.21946238        0.65194574       2.3705671   2.0689725e-09      0.25719225       0.7852653      0.72708422       148.08128       37.680804       2888.1738       1421.4756       10.543583        8.4963111         2.0472717       4388.4315                 21.653916                 395.77435                           2445.2143                      25.531275                1.9922823              6.4865622                          29.20196                                 40.831688             1421.4756      0.26960059
              2       2205.0781       3.0296372      0.96662347      0.02287579       0.1123109     0.055409353         1.7405309      0.99812177      0.99944147      0.99844696       73.639492      0.36044126       6.4784915      0.49475369       5.2786329       11.473767        20.882229       79.235056        285.9483       62.920079       43.990274       94.070369      0.14216595        0.11977831        0.49106282      0.23216607        0.63152925       2.3254858   2.0689725e-09      0.25719225       0.7852653      0.72708422       148.08128       37.680804       2888.3488       1421.4756       10.774883        8.6545248         2.1203578       4388.6065                 21.653916                 395.77435                           2445.3893                      25.531275                1.9922823              6.4865622                          29.20196                                 40.831688             1421.4756      0.26960059
              4        2203.375       3.0296372      0.96662347      0.02287579       0.1123109     0.055409353         1.7405309      0.99812177      0.99942063       0.9984406       73.843127      0.32482638       6.5705636      0.52928295       5.2441206       11.440219        21.338134       79.514659       289.10999       62.715867       44.077454       93.441772      0.13687152        0.13363639        0.48498208      0.24085292        0.64257187       2.3331144   2.0689725e-09      0.25719225       0.7852653      0.72708422       148.08128       37.680804       2885.0295       1421.4756        10.73145        8.5817698         2.1496805       4385.2872                 21.653916                 395.77435                           2442.0699                      25.531275                1.9922823              6.4865622                          29.20196                                 40.831688             1421.4756      0.26960059
              3       2204.8263       3.0296372      0.96662347      0.02287579       0.1123109     0.055409353         1.7405309      0.99812177      0.99948024      0.99863498       73.520714      0.25103564        6.593063      0.56808007       4.7852842        11.19307        20.953624       80.858389       289.02745       64.516577       45.496264        92.90495     0.081739614        0.18015638        0.47450862      0.23740467        0.65898412       2.3922985   2.0689725e-09      0.25719225       0.7852653      0.72708422       148.08128       37.680804       2883.8148       1421.4756       12.790032        10.627224         2.1628079       4384.0725                 21.653916                 395.77435                           2440.8552                      25.531275                1.9922823              6.4865622                          29.20196                                 40.831688             1421.4756      0.26960059
              1       2203.8373       3.0296372      0.96662347      0.02287579       0.1123109     0.055409353         1.7405309      0.99839446      0.99961637      0.99857567       73.783788      0.17727255       6.5106758      0.61901009       5.1949062        10.80847        21.240953       82.273026       284.43816       65.141611       44.452375       91.981675     0.087373305        0.17425206        0.49484088      0.24422494        0.69414212       2.2557266   2.0689725e-09      0.25719225       0.7852653      0.72708422       148.08128       37.680804       2884.4297       1421.4756       11.493675         9.345037         2.1486384       4384.6873                 21.623378                 395.77435                           2441.1192                      25.912723                1.9922823              6.4865622                          29.20196                                 40.831688             1421.4756      0.26960059
              1       2203.4141       3.0296372      0.96662347      0.02287579       0.1123109     0.055409353         1.7405309      0.99903118      0.99961637      0.99857567       73.783788      0.17727255       6.5106758      0.61901009       5.1949062        10.80847        21.240953       82.273026       284.43816       65.141611       44.452375       91.981675     0.087373305        0.17425206        0.49484088      0.24422494        0.69414212       2.2557266   2.0689725e-09      0.25719225       0.7852653      0.72708422       148.08128       37.680804       2883.8454       1421.4756       11.362545        9.2139066         2.1486384       4384.1031                 21.553048                 395.75334                           2439.7201                      26.818915                1.9922823              6.4865622                          29.20196                                 40.831688             1421.4756      0.26960059
              1       2202.8043       3.0296372      0.96662347      0.02287579       0.1123109     0.055409353         1.7405309      0.99903118       0.9998732      0.99860562        73.92788      0.23566323        6.551742      0.38215153       5.3119579       11.241454        21.283824       82.063698       285.09392       64.173902       43.977143        92.15402      0.10486475        0.16723746        0.47852733      0.21433698        0.73423647       2.1509043   2.0689725e-09      0.25719225       0.7852653      0.72708422       148.08128       37.680804       2884.6066       1421.4756         10.3722        8.2511456          2.121054       4384.8643                 21.553048                 395.75334                           2440.4813                      26.818915                1.9922823              6.4865622                          29.20196                                 40.831688             1421.4756      0.26960059
              5       2202.6187       3.0296372      0.96662347      0.02287579       0.1123109     0.055409353         1.7405309      0.99903118      0.99979834      0.99846475       73.526422      0.23757036       6.4844397      0.47465358       4.8355739       11.247501          20.8637       81.860244       284.21964       64.291075       43.534735       91.661447      0.10572662         0.1551616        0.48421785      0.19852649        0.72900026       2.0930696   2.0689725e-09      0.25719225       0.7852653      0.72708422       148.08128       37.680804       2884.2707       1421.4756       10.354449        8.2356847         2.1187644       4384.5284                 21.553048                 395.75334                           2440.1454                      26.818915                1.9922823              6.4865622                          29.20196                                 40.831688             1421.4756      0.26960059
              3       2202.5533       3.0296372      0.96662347      0.02287579       0.1123109     0.055409353         1.7405309      0.99903118      0.99980363      0.99845189       73.505967      0.23832506        6.484144      0.48404374       4.8341788       11.246524        20.885873       81.869901       284.43745       64.276661       43.550004       91.688617      0.10368265        0.15418582        0.48407252      0.20175236        0.73046579        2.092264   2.0689725e-09      0.25719225       0.7852653      0.72708422       148.08128       37.680804        2884.145       1421.4756       10.351951        8.2318451         2.1201061       4384.4027                 21.553048                 395.75334                           2440.0197                      26.818915                1.9922823              6.4865622                          29.20196                                 40.831688             1421.4756      0.26960059
              2       2202.8182       3.0296372      0.96662347      0.02287579       0.1123109     0.055409353         1.7405309      0.99903118      0.99976115      0.99868257        72.94994      0.17963615       6.4674694      0.78633938       4.5906727       11.114164        20.652304       81.835642        284.9791       64.655862       42.958401       91.842988     0.067928908       0.097369436        0.45515776      0.25060342        0.73291609       2.0190871   2.0689725e-09      0.25719225       0.7852653      0.72708422       148.08128       37.680804        2881.071       1421.4756       12.153875        9.9879408         2.1659344       4381.3287                 21.553048                 395.75334                           2436.9457                      26.818915                1.9922823              6.4865622                          29.20196                                 40.831688             1421.4756      0.26960059
              2        2203.432       3.0296372      0.96662347      0.02287579       0.1123109     0.055409353         1.7405309      0.99903118      0.99972583      0.99881282       72.802441      0.13945263       6.7759917      0.26520539       4.8933781       11.354841         20.61036       82.332889       279.40739        64.80622       42.136975         92.0439     0.026603275        0.10961253        0.48019965      0.23914526        0.72584978       2.1350257   2.0689725e-09      0.25719225       0.7852653      0.72708422       148.08128       37.680804       2879.0436       1421.4756        13.78136        11.620377         2.1609831       4379.3013                 21.553048                 395.75334                           2434.9183                      26.818915                1.9922823              6.4865622                          29.20196                                 40.831688             1421.4756      0.26960059
              8       2203.5951       3.0296372      0.96662347      0.02287579       0.1123109     0.055409353         1.7405309      0.99903118      0.99966561      0.99883557       72.850106      0.14249808       6.6457136      0.19858494       4.9115232       11.353504        20.659962        82.37663       276.69742       65.132343       42.016519       92.101256     0.033009431         0.1070718        0.47219176      0.24028145        0.72510211       2.1454253   2.0689725e-09      0.25719225       0.7852653      0.72708422       148.08128       37.680804       2879.9449       1421.4756       13.493779        11.377701         2.1160784       4380.2026                 21.553048                 395.75334                           2435.8196                      26.818915                1.9922823              6.4865622                          29.20196                                 40.831688             1421.4756      0.26960059
              2        2203.529       3.0296372      0.96662347      0.02287579       0.1123109     0.055409353         1.7405309      0.99903118      0.99965452      0.99891988       72.999105      0.11767674       6.7578072      0.30299497       5.0247823       11.144341        20.288182       82.012268       273.82403       65.816683       42.106443        92.03183      0.03825302        0.11012597        0.48698584      0.20885165        0.71107135       2.1673675   2.0689725e-09      0.25719225       0.7852653      0.72708422       148.08128       37.680804       2880.4575       1421.4756       13.171367        11.008827         2.1625395       4380.7152                 21.553048                 395.75334                           2436.3322                      26.818915                1.9922823              6.4865622                          29.20196                                 40.831688             1421.4756      0.26960059
              5        2205.241       3.0296372      0.96662347      0.02287579       0.1123109     0.055409353         1.7405309      0.99903118      0.99952576      0.99911533         72.5143      0.10526111       6.7335008      0.25637734       5.1037386       11.294825        19.345999       81.554081       276.04132       63.559581       40.169963       90.138962     0.026073368        0.15206346        0.47970938      0.22415931        0.70804295       2.0578088   2.0689725e-09      0.25719225       0.7852653      0.72708422       148.08128       37.680804       2881.3792       1421.4756       14.422555        12.274958         2.1475972       4381.6369                 21.553048                 395.75334                           2437.2539                      26.818915                1.9922823              6.4865622                          29.20196                                 40.831688             1421.4756      0.26960059
              4        2205.019       3.0296372      0.96662347      0.02287579       0.1123109     0.055409353         1.7405309      0.99903118      0.99956604      0.99910673       72.583873      0.11157789        6.926644      0.20139267       5.2244826       11.271668        19.363952       81.122854       280.81403       63.733288       40.171701       89.800474     0.042550151        0.16099921        0.48568651      0.21142477        0.71009651       2.0820466   2.0689725e-09      0.25719225       0.7852653      0.72708422       148.08128       37.680804       2882.5967       1421.4756       13.591844        11.397474         2.1943696       4382.8543                 21.553048                 395.75334                           2438.4714                      26.818915                1.9922823              6.4865622                          29.20196                                 40.831688             1421.4756      0.26960059
              3        2206.014       3.0296372      0.96662347      0.02287579       0.1123109     0.055409353         1.7405309      0.99903118      0.99985871      0.99944706       72.206384     0.074360255       7.1378908      0.01338913       4.7307607       12.081769        19.252168       81.444847       277.95957       61.632134       40.369846       90.866479     0.066074828        0.14480294        0.41263693      0.19283631        0.71439682       2.0993126   2.0689725e-09      0.25719225       0.7852653      0.72708422       148.08128       37.680804       2884.1234       1421.4756       13.823483        11.598132         2.2253515       4384.3811                 21.553048                 395.75334                           2439.9981                      26.818915                1.9922823              6.4865622                          29.20196                                 40.831688             1421.4756      0.26960059
              3       2203.3375       3.0296372      0.96662347      0.02287579       0.1123109     0.055409353         1.7405309      0.99903118      0.99985815      0.99934006       71.907226     0.096362493       7.1671142       0.1821253       4.8236812       11.924661        19.344995       81.864134       278.21275       61.151701       40.746199       91.709923     0.084425905        0.12708963        0.42330133      0.19050375        0.73009473       2.1715276   2.0689725e-09      0.25719225       0.7852653      0.72708422       148.08128       37.680804       2880.8483       1421.4756       12.784517        10.510279         2.2742389        4381.106                 21.553048                 395.75334                            2436.723                      26.818915                1.9922823              6.4865622                          29.20196                                 40.831688             1421.4756      0.26960059
              1       2202.6702       3.0296372      0.96662347      0.02287579       0.1123109     0.055409353         1.7405309      0.99912369      0.99948662      0.99843994       72.066429     0.080351686       7.2651816      0.89822119       5.2931439       11.715867        17.626675       78.692586       283.27392       61.339154        40.77988       89.035754     0.047741996        0.15106393        0.55976062      0.24460113        0.69637909       2.0113055   2.0689725e-09      0.25719225       0.7852653      0.72708422       148.08128       37.680804       2878.4396       1421.4756       13.321616        10.796533         2.5250829       4378.6972                 21.542941                 395.75334                           2434.1909                       26.95239                1.9922823              6.4865622                          29.20196                                 40.831688             1421.4756      0.26960059
              4       2206.5522       3.0296372      0.96662347      0.02287579       0.1123109     0.055409353         1.7405309      0.99912369      0.99969311      0.99856313       72.243498     0.013615516        7.210447       1.2757207       4.7269266       11.654337         17.61841       77.294545       289.22837       61.452767       41.510899       89.263408     0.054671926        0.17197771        0.50685439      0.28695564        0.69057431       2.0263149   2.0689725e-09      0.25719225       0.7852653      0.72708422       148.08128       37.680804       2884.7644       1421.4756       14.041157        11.414038         2.6271193       4385.0221                 21.542941                 395.75334                           2440.5157                       26.95239                1.9922823              6.4865622                          29.20196                                 40.831688             1421.4756      0.26960059
              1         2207.49       3.0296372      0.96662347      0.02287579       0.1123109     0.055409353         1.7405309      0.99912369      0.99966578      0.99855962       72.303924    0.0082522265       7.1512533        1.353578       4.7407687       11.639874        17.446883       77.141397       289.77295       61.156815       41.534317       89.059183     0.051165286        0.18151872        0.50474904      0.28517814        0.68960466       2.0250777   2.0689725e-09      0.25719225       0.7852653      0.72708422       148.08128       37.680804       2885.6816       1421.4756       14.520369        11.899436         2.6209325       4385.9392                 21.542941                 395.75334                           2441.4329                       26.95239                1.9922823              6.4865622                          29.20196                                 40.831688             1421.4756      0.26960059
              2       2199.9117       3.0296372      0.96662347      0.02287579       0.1123109     0.055409353         1.7405309      0.99912369      0.99919739      0.99847383       72.803696      0.03635933       6.6054536      0.81533665       5.0972285       11.590655        17.669072       79.836307       304.74766       59.716387       42.753175       89.290777     0.073737026        0.11340712        0.53392868      0.23075136        0.64888997       2.0705992   2.0689725e-09      0.25719225       0.7852653      0.72708422       148.08128       37.680804       2874.9201       1421.4756       12.322831        10.108075         2.2147559       4375.1778                 21.542941                 395.75334                           2430.6714                       26.95239                1.9922823              6.4865622                          29.20196                                 40.831688             1421.4756      0.26960059
              3       2200.8898       3.0296372      0.96662347      0.02287579       0.1123109     0.055409353         1.7405309      0.99912369      0.99912446       0.9985819       72.932184     0.059738372       6.4636786      0.91112392       5.1220654        11.87969        17.762027       79.258726       301.90739       60.145999       42.832313       89.486068     0.062231193       0.091566129        0.53672774      0.22232472        0.64617902       2.0783346   2.0689725e-09      0.25719225       0.7852653      0.72708422       148.08128       37.680804       2874.4734       1421.4756       13.524264        11.335989         2.1882754        4374.731                 21.542941                 395.75334                           2430.2247                       26.95239                1.9922823              6.4865622                          29.20196                                 40.831688             1421.4756      0.26960059
              1       2200.5697       3.0296372      0.96662347      0.02287579       0.1123109     0.055409353         1.7405309      0.99912369      0.99928213      0.99875631       73.420936     0.027387782       6.3140163      0.40072694       5.0117098       12.462133        18.143963       79.468764        303.2455       59.733946       41.738881       89.090915     0.083539865        0.12141719        0.52720511      0.23826485         0.6207814       2.1157763   2.0689725e-09      0.25719225       0.7852653      0.72708422       148.08128       37.680804       2875.7059       1421.4756       12.587873        10.514416         2.0734573       4375.9636                 21.542941                 395.75334                           2431.4572                       26.95239                1.9922823              6.4865622                          29.20196                                 40.831688             1421.4756      0.26960059
              2       2200.3144       3.0296372      0.96662347      0.02287579       0.1123109     0.055409353         1.7405309      0.99897232      0.99928213      0.99875631       73.420936     0.027387782       6.3140163      0.40072694       5.0117098       12.462133        18.143963       79.468764        303.2455       59.733946       41.738881       89.090915     0.083539865        0.12141719        0.52720511      0.23826485         0.6207814       2.1157763   2.0689725e-09      0.25719225       0.7852653      0.72708422       148.08128       37.680804       2875.1492       1421.4756       12.610931        10.537473         2.0734573       4375.4069                 21.559494                 395.75334                           2431.1021                      26.734228                1.9922823              6.4865622                          29.20196                                 40.831688             1421.4756      0.26960059
              1       2201.0407       3.0296372      0.96662347      0.02287579       0.1123109     0.055409353         1.7405309      0.99897232       0.9993034      0.99875659       73.485296     0.019376169       6.2095112      0.40745186        4.968417       12.448152        18.262363       79.606022       303.88051       59.620496       41.748631       88.782788     0.083153529        0.12930681        0.53246566      0.23141764        0.61678868       2.1209823   2.0689725e-09      0.25719225       0.7852653      0.72708422       148.08128       37.680804       2876.6154       1421.4756       12.604107        10.547107         2.0570004       4376.8731                 21.559494                 395.75334                           2432.5684                      26.734228                1.9922823              6.4865622                          29.20196                                 40.831688             1421.4756      0.26960059
              1       2200.7918       3.0296372      0.96662347      0.02287579       0.1123109     0.055409353         1.7405309      0.99897232      0.99926117      0.99872675       73.394619     0.044232807       6.1027986      0.47064985         5.07287       12.254685        18.192575       79.454344       306.73826       60.459512       41.809104       88.647862     0.085244389         0.1599385        0.52128994      0.23206485        0.64402068       2.1017091   2.0689725e-09      0.25719225       0.7852653      0.72708422       148.08128       37.680804       2876.4323       1421.4756       12.446845        10.399271         2.0475737         4376.69                 21.559494                 395.75334                           2432.3852                      26.734228                1.9922823              6.4865622                          29.20196                                 40.831688             1421.4756      0.26960059
              1       2201.2032       3.0296372      0.96662347      0.02287579       0.1123109     0.055409353         1.7405309      0.99897232      0.99943861       0.9985341       73.430241     0.056667636       6.2500449      0.65370069        5.367627       12.142028        18.919736       80.637252        317.8383       62.558106       40.924575       88.905727      0.05484133        0.13999505         0.5687931      0.29997564        0.58793657       2.0858951   2.0689725e-09      0.25719225       0.7852653      0.72708422       148.08128       37.680804       2874.0657       1421.4756       14.041493        11.949987         2.0915059       4374.3234                 21.559494                 395.75334                           2430.0187                      26.734228                1.9922823              6.4865622                          29.20196                                 40.831688             1421.4756      0.26960059
              1       2201.5559       3.0296372      0.96662347      0.02287579       0.1123109     0.055409353         1.7405309      0.99897232      0.99944303      0.99866448       73.507417     0.043718424       6.2136619      0.80987575       5.5171853       12.062458        18.761785       80.685809         316.989       62.553029       40.697043       88.734215     0.053477221        0.13649446        0.55889648      0.31535606        0.58814229       2.0742128   2.0689725e-09      0.25719225       0.7852653      0.72708422       148.08128       37.680804       2874.2981       1421.4756       14.278016        12.173418         2.1045975       4374.5558                 21.559494                 395.75334                           2430.2511                      26.734228                1.9922823              6.4865622                          29.20196                                 40.831688             1421.4756      0.26960059
              1       2203.4232       3.0296372      0.96662347      0.02287579       0.1123109     0.055409353         1.7405309      0.99897232      0.99956445      0.99877497       73.334139     0.063299792        6.311552      0.29985185       5.7467687       11.518422        19.529803       80.831709       308.98452       62.530993       40.213072       88.636503     0.023769343        0.15296189        0.52819735      0.31471546        0.59316132       2.2200528   2.0689725e-09      0.25719225       0.7852653      0.72708422       148.08128       37.680804        2875.999       1421.4756       15.294873        13.232489         2.0623845       4376.2567                 21.559494                 395.75334                            2431.952                      26.734228                1.9922823              6.4865622                          29.20196                                 40.831688             1421.4756      0.26960059
              1       2203.6176       3.0296372      0.96662347      0.02287579       0.1123109     0.055409353         1.7405309      0.99897232      0.99962811      0.99874891       72.912026     0.083666073       6.3720249      0.65305416       5.2772371       11.957178         20.07978       81.153755       306.72892        62.26451       39.462692       87.700173     0.044787669        0.15144233        0.48985426      0.33954164        0.62212624        2.210829   2.0689725e-09      0.25719225       0.7852653      0.72708422       148.08128       37.680804       2877.8726       1421.4756       14.552445          12.4339         2.1185451       4378.1303                 21.559494                 395.75334                           2433.8255                      26.734228                1.9922823              6.4865622                          29.20196                                 40.831688             1421.4756      0.26960059
              1       2202.6296       3.0296372      0.96662347      0.02287579       0.1123109     0.055409353         1.7405309      0.99897232      0.99972642      0.99875645       73.005721      0.07791152        6.334455      0.38824768       5.1680686       12.055328        19.798568       81.629217        304.5961        63.61891       39.318043       88.134838     0.091167893        0.16600937         0.4347658      0.31785752        0.57162975       2.1850211   2.0689725e-09      0.25719225       0.7852653      0.72708422       148.08128       37.680804       2878.4611       1421.4756       13.270248        11.194514          2.075734       4378.7188                 21.559494                 395.75334                           2434.4141                      26.734228                1.9922823              6.4865622                          29.20196                                 40.831688             1421.4756      0.26960059
              2        2202.761       3.0296372      0.96662347      0.02287579       0.1123109     0.055409353         1.7405309      0.99897232       0.9996766      0.99876665       72.695854      0.13788896       6.5436032      0.67327675        5.326372       12.041101        19.350959       81.363125       307.12671       63.375797       40.563619       88.308549      0.14834585         0.1970241        0.39471627      0.27611755        0.58811502       2.1015091   2.0689725e-09      0.25719225       0.7852653      0.72708422       148.08128       37.680804       2878.3835       1421.4756        13.44044        11.272912         2.1675279       4378.6412                 21.559494                 395.75334                           2434.3365                      26.734228                1.9922823              6.4865622                          29.20196                                 40.831688             1421.4756      0.26960059
              2       2202.2979       3.0296372      0.96662347      0.02287579       0.1123109     0.055409353         1.7405309      0.99897232      0.99951801      0.99885264       72.047704      0.10302722       6.2912634       0.4747172       5.0188941       12.304331        19.036581       81.697669       312.73335       65.222973       41.134513       90.230788      0.13916481        0.15201047        0.35361222      0.21773348        0.60571691        2.209655   2.0689725e-09      0.25719225       0.7852653      0.72708422       148.08128       37.680804       2879.6904       1421.4756       12.323873        10.246148         2.0777251       4379.9481                 21.559494                 395.75334                           2435.6433                      26.734228                1.9922823              6.4865622                          29.20196                                 40.831688             1421.4756      0.26960059
              2        2202.393       3.0296372      0.96662347      0.02287579       0.1123109     0.055409353         1.7405309      0.99897232      0.99955736      0.99884877       71.991839      0.10078762       6.2821441      0.40444931       5.0334044       12.339391        19.031344       81.562975       313.63911       65.226031       41.128182       90.041437      0.14042083        0.15076876        0.35161719       0.2157055        0.60533306       2.2081373   2.0689725e-09      0.25719225       0.7852653      0.72708422       148.08128       37.680804       2879.9852       1421.4756       12.271584        10.203272         2.0683123       4380.2428                 21.559494                 395.75334                           2435.9381                      26.734228                1.9922823              6.4865622                          29.20196                                 40.831688             1421.4756      0.26960059
              1       2203.1732       3.0296372      0.96662347      0.02287579       0.1123109     0.055409353         1.7405309      0.99897232      0.99975373      0.99906592       72.307275     0.089326314       6.0988082      0.70191779       4.3758322       12.214376        19.319665       81.064777       323.45523       65.160146       41.347203       90.878811      0.10420307        0.16444363        0.31936925      0.27220446        0.67785134       2.0703181   2.0689725e-09      0.25719225       0.7852653      0.72708422       148.08128       37.680804       2878.2423       1421.4756       13.923159        11.854407          2.068752          4378.5                 21.559494                 395.75334                           2434.1953                      26.734228                1.9922823              6.4865622                          29.20196                                 40.831688             1421.4756      0.26960059
              3       2203.9404       3.0296372      0.96662347      0.02287579       0.1123109     0.055409353         1.7405309      0.99897232      0.99989749      0.99904783       72.710033     0.090615518       6.0192391      0.84224924        4.417894       12.187836        18.871889       81.439339       330.47694       65.872015       42.029287        90.57016      0.13002917        0.17796055        0.32452484      0.26962211        0.69233419       2.0601617   2.0689725e-09      0.25719225       0.7852653      0.72708422       148.08128       37.680804       2879.9386       1421.4756       13.842299        11.772149         2.0701503       4380.1962                 21.559494                 395.75334                           2435.8915                      26.734228                1.9922823              6.4865622                          29.20196                                 40.831688             1421.4756      0.26960059
              1       2204.1028       3.0296372      0.96662347      0.02287579       0.1123109     0.055409353         1.7405309      0.99895931      0.99994971      0.99909822       72.592012     0.091849033        6.099701      0.72588297       4.4811193       12.043152        18.778313        81.28433         330.071       65.899679       42.228465        90.71592      0.13159732         0.1747485        0.31946648      0.27622135         0.7050615       2.0717727   2.0689725e-09      0.25719225       0.7852653      0.72708422       148.08128       37.680804       2880.1424       1421.4756       13.902749        11.831253         2.0714965       4380.4001                 21.560919                 395.75334                           2436.1126                      26.715549                1.9922823              6.4865622                          29.20196                                 40.831688             1421.4756      0.26960059
              1       2203.8875       3.0296372      0.96662347      0.02287579       0.1123109     0.055409353         1.7405309      0.99895931      0.99995415      0.99911344       72.609875     0.094081716       6.0772624        0.742608       4.5546136       11.943226        18.584908       81.577548       329.72438       65.647404       41.959857       90.775396      0.12939125        0.16838691        0.31966865      0.27461318        0.70711366       2.0631603   2.0689725e-09      0.25719225       0.7852653      0.72708422       148.08128       37.680804       2880.3118       1421.4756       13.602741        11.533324         2.0694173       4380.5695                 21.560919                 395.75334                            2436.282                      26.715549                1.9922823              6.4865622                          29.20196                                 40.831688             1421.4756      0.26960059
              1       2204.2924       3.0296372      0.96662347      0.02287579       0.1123109     0.055409353         1.7405309      0.99942591      0.99995415      0.99911344       72.609875     0.094081716       6.0772624        0.742608       4.5546136       11.943226        18.584908       81.577548       329.72438       65.647404       41.959857       90.775396      0.12939125        0.16838691        0.31966865      0.27461318        0.70711366       2.0631603   2.0689725e-09      0.25719225       0.7852653      0.72708422       148.08128       37.680804       2881.2421       1421.4756       13.542466        11.473048         2.0694173       4381.4998                 21.510144                 395.77181                           2436.5686                      27.391596                1.9922823              6.4865622                          29.20196                                 40.831688             1421.4756      0.26960059
              1       2204.2259       3.0296372      0.96662347      0.02287579       0.1123109     0.055409353         1.7405309      0.99942591       1.0000161      0.99901161        72.54006     0.087489668        5.990582      0.93867088       4.4861937       11.871831        18.692312       81.690472       327.68513       65.993588       41.947078       91.229679      0.11627261        0.16917278        0.32040368      0.27609771         0.7278689       2.0945056   2.0689725e-09      0.25719225       0.7852653      0.72708422       148.08128       37.680804       2881.2276       1421.4756       13.483211        11.407451         2.0757598       4381.4853                 21.510144                 395.77181                           2436.5541                      27.391596                1.9922823              6.4865622                          29.20196                                 40.831688             1421.4756      0.26960059
              4       2205.1225       3.0296372      0.96662347      0.02287579       0.1123109     0.055409353         1.7405309      0.99942591       0.9999455      0.99912127       72.454412     0.066223487       5.9101188       1.0607815       5.4379293        12.42541        18.149543       81.937383       327.33251       66.937857       43.072338         93.4004      0.07435839        0.14184441        0.35187283      0.30548087        0.64677837       2.1456163   2.0689725e-09      0.25719225       0.7852653      0.72708422       148.08128       37.680804       2882.9929       1421.4756       13.497181        11.422173         2.0750081       4383.2505                 21.510144                 395.77181                           2438.3193                      27.391596                1.9922823              6.4865622                          29.20196                                 40.831688             1421.4756      0.26960059
              1       2205.5149       3.0296372      0.96662347      0.02287579       0.1123109     0.055409353         1.7405309      0.99942591       1.0002106      0.99913096       72.207446     0.025405168       6.2983954      0.91798792        6.087362       11.996548        18.626796       79.754462       330.17365       66.124158       43.130803       92.293543     0.057608864         0.1125062        0.39762982      0.26561089        0.60485257        2.262323   2.0689725e-09      0.25719225       0.7852653      0.72708422       148.08128       37.680804       2884.8909       1421.4756       12.940628        10.798839         2.1417887       4385.1486                 21.510144                 395.77181                           2440.2174                      27.391596                1.9922823              6.4865622                          29.20196                                 40.831688             1421.4756      0.26960059
              2       2205.6981       3.0296372      0.96662347      0.02287579       0.1123109     0.055409353         1.7405309      0.99942591       1.0002525       0.9991003       71.943965      0.04429047        6.305458      0.50364575       5.9499992       12.099193        18.629685        79.77411       330.57895        66.52513       42.439573       91.753798     0.078621945         0.1418007         0.3952855      0.26830755        0.56440508       2.2571983   2.0689725e-09      0.25719225       0.7852653      0.72708422       148.08128       37.680804       2885.7353       1421.4756       12.701622        10.617777         2.0838448        4385.993                 21.510144                 395.77181                           2441.0618                      27.391596                1.9922823              6.4865622                          29.20196                                 40.831688             1421.4756      0.26960059
              3       2204.9423       3.0296372      0.96662347      0.02287579       0.1123109     0.055409353         1.7405309      0.99942591       1.0001949      0.99912267       71.923615     0.059980946       6.3062174      0.56257461       6.0548495       12.259858        18.576185       79.648256        330.5148       66.928898       42.394732       92.092137      0.08199786        0.14784739        0.42228677       0.2520903        0.56636583       2.2616339   2.0689725e-09      0.25719225       0.7852653      0.72708422       148.08128       37.680804       2884.8729       1421.4756       12.376999        10.285653         2.0913457       4385.1306                 21.510144                 395.77181                           2440.1994                      27.391596                1.9922823              6.4865622                          29.20196                                 40.831688             1421.4756      0.26960059
              2       2205.1917       3.0296372      0.96662347      0.02287579       0.1123109     0.055409353         1.7405309      0.99942591       1.0001517      0.99900583       72.090497     0.073289797       6.3058282      0.56842015        5.897755       12.513259        18.345988       79.576659       326.80022       66.636322       42.004042       92.432008     0.061462571       0.092875071         0.4341397      0.22431116        0.57501534       2.3174661   2.0689725e-09      0.25719225       0.7852653      0.72708422       148.08128       37.680804       2883.8308       1421.4756       13.147419        11.055403         2.0920161       4384.0885                 21.510144                 395.77181                           2439.1573                      27.391596                1.9922823              6.4865622                          29.20196                                 40.831688             1421.4756      0.26960059
              1        2206.027       3.0296372      0.96662347      0.02287579       0.1123109     0.055409353         1.7405309      0.99942591       1.0004693      0.99894276       72.492675     0.098654582       6.4226929       1.5920523       6.0647391        12.21134        18.604741        77.72113        314.8335       61.638667       39.162432       93.264471      0.13476532        0.11333689        0.37255267      0.28402756        0.56834358       2.2485842   2.0689725e-09      0.25719225       0.7852653      0.72708422       148.08128       37.680804       2887.0768       1421.4756       12.359804        10.030634         2.3291693       4387.3345                 21.510144                 395.77181                           2442.4033                      27.391596                1.9922823              6.4865622                          29.20196                                 40.831688             1421.4756      0.26960059
              2       2208.4954       3.0296372      0.96662347      0.02287579       0.1123109     0.055409353         1.7405309      0.99942591       1.0005238      0.99898025       72.584659     0.093872677       6.5050226       1.5547605       5.8414798        12.28734        18.566214       78.006283       315.63654       61.789068       38.992356       93.355956      0.13993022        0.11178627        0.37993863      0.31111806        0.58664142       2.2601718   2.0689725e-09      0.25719225       0.7852653      0.72708422       148.08128       37.680804       2890.9962       1421.4756       12.868448        10.513932         2.3545157       4391.2539                 21.510144                 395.77181                           2446.3227                      27.391596                1.9922823              6.4865622                          29.20196                                 40.831688             1421.4756      0.26960059
              1        2208.674       3.0296372      0.96662347      0.02287579       0.1123109     0.055409353         1.7405309      0.99942591       1.0004257      0.99902724       72.846683     0.090863431       6.6270768       1.5394625       6.1264426       12.053836        18.744134       78.172965       309.79671       62.689626       38.447804       93.269599        0.148402        0.11704017        0.40690843      0.30751914        0.58836919       2.2691323   2.0689725e-09      0.25719225       0.7852653      0.72708422       148.08128       37.680804       2892.3402       1421.4756       12.375127        9.9695592         2.4055683       4392.5978                 21.510144                 395.77181                           2447.6666                      27.391596                1.9922823              6.4865622                          29.20196                                 40.831688             1421.4756      0.26960059
              1       2209.4439       3.0296372      0.96662347      0.02287579       0.1123109     0.055409353         1.7405309      0.99942591       1.0003518      0.99903761       72.969501     0.088068212       6.6303408       1.3722948       6.1151599       12.041394        18.868345       78.184228       310.46858       62.616108       38.347203       93.184044      0.15680484        0.11506981        0.40197502      0.31644768        0.59728665        2.263376   2.0689725e-09      0.25719225       0.7852653      0.72708422       148.08128       37.680804       2893.5326       1421.4756       12.548771          10.1893         2.3594712       4393.7902                 21.510144                 395.77181                            2448.859                      27.391596                1.9922823              6.4865622                          29.20196                                 40.831688             1421.4756      0.26960059
              1       2208.3115       3.0296372      0.96662347      0.02287579       0.1123109     0.055409353         1.7405309      0.99942591       1.0004458      0.99918163       72.901387     0.074409203       6.6444357        1.442373       5.8892958       12.021495        19.223075       78.818642       311.38029       61.687569       38.538558        93.13986      0.13605873        0.12096532        0.37405226      0.32475521        0.61213406       2.3335826   2.0689725e-09      0.25719225       0.7852653      0.72708422       148.08128       37.680804       2889.9985       1421.4756        13.18345        10.797969         2.3854813       4390.2562                 21.510144                 395.77181                           2445.3249                      27.391596                1.9922823              6.4865622                          29.20196                                 40.831688             1421.4756      0.26960059
              3       2205.8357       3.0296372      0.96662347      0.02287579       0.1123109     0.055409353         1.7405309      0.99942591       1.0004471      0.99955172       73.328356     0.012509464       5.8360127       1.7857831       6.9631912       11.481229        19.144655       79.689417       292.40436       63.599727       38.754803        92.40655      0.12155165        0.16965011        0.33077439      0.28744914         0.6973201       2.2208198   2.0689725e-09      0.25719225       0.7852653      0.72708422       148.08128       37.680804       2884.8169       1421.4756       13.298378        11.134414         2.1639641       4385.0746                 21.510144                 395.77181                           2440.1434                      27.391596                1.9922823              6.4865622                          29.20196                                 40.831688             1421.4756      0.26960059
              1       2205.1959       3.0296372      0.96662347      0.02287579       0.1123109     0.055409353         1.7405309      0.99942591       1.0001832      0.99961209       73.565387     0.015474654       5.8758131       2.0010686       7.1854188       11.687169        18.937064       79.493504       290.73599       61.803187       39.317485       92.824974       0.1245364        0.18441969        0.33240931      0.25634471        0.68867935       2.2309453   2.0689725e-09      0.25719225       0.7852653      0.72708422       148.08128       37.680804       2882.9133       1421.4756       13.610382        11.391775         2.2186069        4383.171                 21.510144                 395.77181                           2438.2398                      27.391596                1.9922823              6.4865622                          29.20196                                 40.831688             1421.4756      0.26960059
              1       2206.5617       3.0296372      0.96662347      0.02287579       0.1123109     0.055409353         1.7405309      0.99942591       1.0002338      0.99979795       73.599842     0.049494933       6.3258808       1.9675312       7.8800368       11.226238        19.961063       79.012147       286.45398       61.646113       37.683072       91.956028      0.10702721        0.13905078        0.34747375      0.17743814        0.69025827       2.3075202   2.0689725e-09      0.25719225       0.7852653      0.72708422       148.08128       37.680804       2887.0106       1421.4756       12.927611        10.537693         2.3899182       4387.2682                 21.510144                 395.77181                            2442.337                      27.391596                1.9922823              6.4865622                          29.20196                                 40.831688             1421.4756      0.26960059
              1       2206.0174       3.0296372      0.96662347      0.02287579       0.1123109     0.055409353         1.7405309      0.99942591        1.000246      0.99977471        73.68477     0.058483926       6.4142811       2.0798769       7.8377472       11.254027        20.137714       79.146718       282.72842        61.69641       37.741885       92.724401      0.10558608        0.12873585        0.35784017      0.19018477        0.71123672       2.2878246   2.0689725e-09      0.25719225       0.7852653      0.72708422       148.08128       37.680804       2886.3636       1421.4756       12.706726        10.240225         2.4665005       4386.6213                 21.510144                 395.77181                           2441.6901                      27.391596                1.9922823              6.4865622                          29.20196                                 40.831688             1421.4756      0.26960059
              1       2204.7211       3.0296372      0.96662347      0.02287579       0.1123109     0.055409353         1.7405309      0.99942591       1.0003972      0.99934248       73.526325     0.056998798       6.3994599       1.8241826       7.7179014       10.777911        19.838155       78.856744       279.50451       62.152107       38.061265        92.33866     0.075379675        0.11312397        0.40135267      0.24897458        0.73462897       2.3149159   2.0689725e-09      0.25719225       0.7852653      0.72708422       148.08128       37.680804       2885.7014       1421.4756        11.74154        9.3589555         2.3825842        4385.959                 21.510144                 395.77181                           2441.0278                      27.391596                1.9922823              6.4865622                          29.20196                                 40.831688             1421.4756      0.26960059
              1       2204.9206       3.0296372      0.96662347      0.02287579       0.1123109     0.055409353         1.7405309      0.99942591       1.0002883      0.99899499       73.310814      0.08447044       6.5278839       1.9151897       8.4971156       11.198985        20.126214       79.113619       296.06998       64.162204       38.622391       89.472857      0.12958963        0.13745722        0.32993218      0.30797247        0.72840202       2.1176465   2.0689725e-09      0.25719225       0.7852653      0.72708422       148.08128       37.680804       2886.9977       1421.4756       11.292902        8.8209916         2.4719107       4387.2554                 21.510144                 395.77181                           2442.3241                      27.391596                1.9922823              6.4865622                          29.20196                                 40.831688             1421.4756      0.26960059
              1        2204.866       3.0296372      0.96662347      0.02287579       0.1123109     0.055409353         1.7405309      0.99863215       1.0002883      0.99899499       73.310814      0.08447044       6.5278839       1.9151897       8.4971156       11.198985        20.126214       79.113619       296.06998       64.162204       38.622391       89.472857      0.12958963        0.13745722        0.32993218      0.30797247        0.72840202       2.1176465   2.0689725e-09      0.25719225       0.7852653      0.72708422       148.08128       37.680804       2886.6419       1421.4756       11.416218        8.9443069         2.4719107       4386.8995                 21.596967                 395.76714                           2443.0293                      26.248457                1.9922823              6.4865622                          29.20196                                 40.831688             1421.4756      0.26960059
              1       2204.2834       3.0296372      0.96662347      0.02287579       0.1123109     0.055409353         1.7405309      0.99863215       1.0003385      0.99896192       74.643961      0.12250695       6.4318922       2.4323567       9.0053697       10.754725        20.059605       80.698164       317.08357       62.013589       37.538994       90.078735     0.088540917        0.12943431        0.46711114      0.31051456        0.71018734       1.9845239   2.0689725e-09      0.25719225       0.7852653      0.72708422       148.08128       37.680804       2886.7726       1421.4756       10.768306        8.1735219         2.5947845       4387.0303                 21.596967                 395.76714                             2443.16                      26.248457                1.9922823              6.4865622                          29.20196                                 40.831688             1421.4756      0.26960059
              1       2203.2736       3.0296372      0.96662347      0.02287579       0.1123109     0.055409353         1.7405309      0.99896542       1.0003385      0.99896192       74.643961      0.12250695       6.4318922       2.4323567       9.0053697       10.754725        20.059605       80.698164       317.08357       62.013589       37.538994       90.078735     0.088540917        0.12943431        0.46711114      0.31051456        0.71018734       1.9845239   2.0689725e-09      0.25719225       0.7852653      0.72708422       148.08128       37.680804        2884.881       1421.4756       10.704253         8.109469         2.5947845       4385.1387                  21.56025                 395.75334                           2440.8431                      26.724316                1.9922823              6.4865622                          29.20196                                 40.831688             1421.4756      0.26960059
              3       2203.6832       3.0296372      0.96662347      0.02287579       0.1123109     0.055409353         1.7405309      0.99896542       1.0003737      0.99892737       74.909008      0.10356194       6.4186801       2.5394628       8.8738128       10.917435        20.295384       80.506077       318.51678       61.965641       37.329202       89.798015     0.088751626         0.1273879         0.4636322      0.31641866        0.72153124       2.0148137   2.0689725e-09      0.25719225       0.7852653      0.72708422       148.08128       37.680804       2885.4573       1421.4756       10.825649        8.1996645         2.6259844        4385.715                  21.56025                 395.75334                           2441.4194                      26.724316                1.9922823              6.4865622                          29.20196                                 40.831688             1421.4756      0.26960059
              1       2205.7864       3.0296372      0.96662347      0.02287579       0.1123109     0.055409353         1.7405309      0.99896542       1.0001455      0.99872383       74.934166      0.13103744       6.3254588       2.4266175       9.1438496       10.943461        19.934499       81.380998       318.27167        61.59787       38.907545       90.656399     0.098891992        0.20215929        0.46840914       0.3005622        0.71401167        2.045106   2.0689725e-09      0.25719225       0.7852653      0.72708422       148.08128       37.680804        2887.656       1421.4756       11.829589        9.2961293         2.5334592       4387.9136                  21.56025                 395.75334                            2443.618                      26.724316                1.9922823              6.4865622                          29.20196                                 40.831688             1421.4756      0.26960059
              1        2204.589       3.0296372      0.96662347      0.02287579       0.1123109     0.055409353         1.7405309      0.99955559       1.0001455      0.99872383       74.934166      0.13103744       6.3254588       2.4266175       9.1438496       10.943461        19.934499       81.380998       318.27167        61.59787       38.907545       90.656399     0.098891992        0.20215929        0.46840914       0.3005622        0.71401167        2.045106   2.0689725e-09      0.25719225       0.7852653      0.72708422       148.08128       37.680804       2885.4008       1421.4756        11.75976        9.2263003         2.5334592       4385.6584                 21.496174                 395.76921                           2440.5538                      27.581556                1.9922823              6.4865622                          29.20196                                 40.831688             1421.4756      0.26960059
              2       2203.4369       3.0296372      0.96662347      0.02287579       0.1123109     0.055409353         1.7405309      0.99955559        1.000343      0.99880299       74.716341     0.093631485       6.5554427       2.0049508       9.5304664       10.748372         19.93862       81.599232       314.98581       61.513083       39.001028       90.480973      0.13067646        0.20102056        0.54695667      0.24997073        0.76411167       2.1693374   2.0689725e-09      0.25719225       0.7852653      0.72708422       148.08128       37.680804       2883.0536       1421.4756       11.781264        9.2658246         2.5154395       4383.3113                 21.496174                 395.76921                           2438.2067                      27.581556                1.9922823              6.4865622                          29.20196                                 40.831688             1421.4756      0.26960059
              1       2202.5025       3.0296372      0.96662347      0.02287579       0.1123109     0.055409353         1.7405309      0.99955559       1.0003464      0.99890824       74.613084      0.10380584       6.2656248       2.1484482       9.7228907       11.297646        20.577917       81.699955       308.99079       63.470143        39.37089       89.846035      0.11789828        0.19432317        0.61324474      0.26504416        0.69131725       2.2151137   2.0689725e-09      0.25719225       0.7852653      0.72708422       148.08128       37.680804       2879.7859       1421.4756       12.480715         10.06609         2.4146243       4380.0436                 21.496174                 395.76921                            2434.939                      27.581556                1.9922823              6.4865622                          29.20196                                 40.831688             1421.4756      0.26960059
              1       2201.3186       3.0296372      0.96662347      0.02287579       0.1123109     0.055409353         1.7405309      0.99955559       1.0003155      0.99889679       74.493692      0.10331823       6.1849461       1.9089157        9.737625        11.28593        20.422495        81.56114       310.68475       63.512697       39.359847       90.022383      0.11892825        0.18191783         0.6188545      0.26615369        0.68706401       2.2027559   2.0689725e-09      0.25719225       0.7852653      0.72708422       148.08128       37.680804       2878.5674       1421.4756       11.906021        9.5933454         2.3126752       4378.8251                 21.496174                 395.76921                           2433.7205                      27.581556                1.9922823              6.4865622                          29.20196                                 40.831688             1421.4756      0.26960059
              1       2201.8576       3.0296372      0.96662347      0.02287579       0.1123109     0.055409353         1.7405309      0.99955559       1.0003493      0.99870986       74.334877      0.10602351       6.2300362       1.9269201       9.6011044       10.934674        20.421265       81.773052       304.03808       63.696019       38.866704        90.67589      0.13502368        0.17141029        0.61354023       0.2580877        0.64833784       2.2248643   2.0689725e-09      0.25719225       0.7852653      0.72708422       148.08128       37.680804       2881.3534       1421.4756       11.052064        8.7158514         2.3362131        4381.611                 21.496174                 395.76921                           2436.5064                      27.581556                1.9922823              6.4865622                          29.20196                                 40.831688             1421.4756      0.26960059
              2       2202.3349       3.0296372      0.96662347      0.02287579       0.1123109     0.055409353         1.7405309      0.99955559       1.0003825      0.99882902        74.61655     0.080517361       6.4167716        1.993576       9.5755108        10.81025        20.223502       81.449071       304.75294       63.353869       39.101629       90.379489      0.14069911        0.18472246        0.62035757      0.25545845        0.64726775       2.2265317   2.0689725e-09      0.25719225       0.7852653      0.72708422       148.08128       37.680804       2880.3997       1421.4756       12.006206        9.5653292         2.4408767       4380.6574                 21.496174                 395.76921                           2435.5528                      27.581556                1.9922823              6.4865622                          29.20196                                 40.831688             1421.4756      0.26960059
              1         2204.65       3.0296372      0.96662347      0.02287579       0.1123109     0.055409353         1.7405309      0.99955559       1.0002228      0.99872838        74.72308     0.063326653        6.375488       2.4160437       9.5230358        10.97495        20.453347       81.202526        301.0424       62.473059       38.709445       90.060919      0.10671386        0.21165276        0.60984911      0.28385523        0.64576835       2.1942518   2.0689725e-09      0.25719225       0.7852653      0.72708422       148.08128       37.680804        2881.903       1421.4756       13.569656        11.012406         2.5572505       4382.1606                 21.496174                 395.76921                            2437.056                      27.581556                1.9922823              6.4865622                          29.20196                                 40.831688             1421.4756      0.26960059
              1       2204.1468       3.0296372      0.96662347      0.02287579       0.1123109     0.055409353         1.7405309      0.99955559       1.0002063      0.99879745       74.774147     0.056354181       6.1896905        2.222709       9.4651704       10.994227        20.319875       81.161329       298.70142       62.392238       38.573369       89.132255     0.093933349        0.20553683        0.63143254      0.26447365        0.64715264       2.1706553   2.0689725e-09      0.25719225       0.7852653      0.72708422       148.08128       37.680804       2880.9983       1421.4756       13.518782        11.118065         2.4007174        4381.256                 21.496174                 395.76921                           2436.1514                      27.581556                1.9922823              6.4865622                          29.20196                                 40.831688             1421.4756      0.26960059
              2       2203.1463       3.0296372      0.96662347      0.02287579       0.1123109     0.055409353         1.7405309      0.99955559       1.0001168      0.99886916       75.123555     0.049628976       6.0659156       2.5231241       9.6801808       10.978071        20.245833       80.244401       302.93284       63.849242       37.779105       89.262981      0.10638053        0.18196167        0.57844087      0.22128456        0.56972897       2.1148169   2.0689725e-09      0.25719225       0.7852653      0.72708422       148.08128       37.680804       2882.2511       1421.4756       11.891932        9.4607587          2.431173       4382.5087                 21.496174                 395.76921                           2437.4041                      27.581556                1.9922823              6.4865622                          29.20196                                 40.831688             1421.4756      0.26960059
              2       2203.6297       3.0296372      0.96662347      0.02287579       0.1123109     0.055409353         1.7405309      0.99955559       1.0001068      0.99880961       75.012456     0.047540026       6.0489257       2.5225288       9.7728294       10.842848        19.988456       80.311178       301.77164       63.985139       37.888628       88.991966      0.10978401        0.19346354        0.57000805      0.22348246        0.56385463       2.1271785   2.0689725e-09      0.25719225       0.7852653      0.72708422       148.08128       37.680804       2882.4929       1421.4756       12.254412        9.8316185         2.4227939       4382.7506                 21.496174                 395.76921                            2437.646                      27.581556                1.9922823              6.4865622                          29.20196                                 40.831688             1421.4756      0.26960059
              2       2203.7546       3.0296372      0.96662347      0.02287579       0.1123109     0.055409353         1.7405309      0.99955559       1.0002211      0.99877122       75.173658     0.025057705       5.8805529       2.5332144       9.6701081       10.681869        19.989381       80.314956       302.13497       63.546634        37.13516       90.039564      0.12114109         0.1835294        0.56019677      0.21176443        0.55568968       2.1190988   2.0689725e-09      0.25719225       0.7852653      0.72708422       148.08128       37.680804       2884.2472       1421.4756       11.502155        9.1532793         2.3488757       4384.5049                 21.496174                 395.76921                           2439.4002                      27.581556                1.9922823              6.4865622                          29.20196                                 40.831688             1421.4756      0.26960059
              4       2206.9646       3.0296372      0.96662347      0.02287579       0.1123109     0.055409353         1.7405309      0.99955559       1.0001648      0.99866234       75.134996     0.048954935       5.7130652       2.7370581       9.2466105       11.065337        20.151308       80.087556       304.83894       62.944081       36.908485       90.073901      0.10282472        0.20405545        0.59668521      0.23109018        0.52425216       2.1302974   2.0689725e-09      0.25719225       0.7852653      0.72708422       148.08128       37.680804       2886.4265       1421.4756       13.622504        11.290803         2.3317011       4386.6842                 21.496174                 395.76921                           2441.5796                      27.581556                1.9922823              6.4865622                          29.20196                                 40.831688             1421.4756      0.26960059
              2       2206.2365       3.0296372      0.96662347      0.02287579       0.1123109     0.055409353         1.7405309      0.99955559      0.99985698       0.9986193       75.374028      0.11463973       5.1275029       2.5824036       10.154018       10.774543        20.576153       80.456617       285.58201       62.800224       36.920061       89.392156      0.10884363        0.16090073        0.61123921      0.29584409        0.52031056        1.950705   2.0689725e-09      0.25719225       0.7852653      0.72708422       148.08128       37.680804       2886.5981       1421.4756       12.808668        10.699182         2.1094867       4386.8557                 21.496174                 395.76921                           2441.7511                      27.581556                1.9922823              6.4865622                          29.20196                                 40.831688             1421.4756      0.26960059
              1       2207.4923       3.0296372      0.96662347      0.02287579       0.1123109     0.055409353         1.7405309      0.99955559      0.99992288      0.99855202       75.454873      0.10368316        5.153133       2.6051929       10.336361       10.769338        20.469203        80.14309        285.8785        62.97211       36.943352       88.944783      0.10452273        0.15212359        0.61335161      0.31470097        0.50384287       1.9814088   2.0689725e-09      0.25719225       0.7852653      0.72708422       148.08128       37.680804       2887.8896       1421.4756       13.418714        11.299883         2.1188317       4388.1472                 21.496174                 395.76921                           2443.0426                      27.581556                1.9922823              6.4865622                          29.20196                                 40.831688             1421.4756      0.26960059
              1       2207.6484       3.0296372      0.96662347      0.02287579       0.1123109     0.055409353         1.7405309      0.99955559      0.99985775      0.99862813       75.472673     0.080358345       5.1668066        2.624323       10.449355       10.776472        20.349258       80.161218       285.36041       63.279053       36.506782       89.172403     0.089790747        0.15717477        0.62945366      0.32154878        0.51662439       1.9829017   2.0689725e-09      0.25719225       0.7852653      0.72708422       148.08128       37.680804        2886.692       1421.4756       14.173534        12.048457         2.1250772       4386.9497                 21.496174                 395.76921                           2441.8451                      27.581556                1.9922823              6.4865622                          29.20196                                 40.831688             1421.4756      0.26960059
              1       2206.6221       3.0296372      0.96662347      0.02287579       0.1123109     0.055409353         1.7405309      0.99955559      0.99972276      0.99861603       75.375351     0.075098685       5.1700272        3.103315       10.176186       10.978627        20.207515       79.725567       280.49297       62.862968       36.160172       88.280393     0.084036109        0.18240563        0.54293458      0.36366555        0.56394757       2.0068924   2.0689725e-09      0.25719225       0.7852653      0.72708422       148.08128       37.680804       2884.8399       1421.4756       14.073283        11.860345          2.212938       4385.0975                 21.496174                 395.76921                           2439.9929                      27.581556                1.9922823              6.4865622                          29.20196                                 40.831688             1421.4756      0.26960059
              3       2207.3619       3.0296372      0.96662347      0.02287579       0.1123109     0.055409353         1.7405309      0.99955559      0.99988502      0.99869911       75.018434     0.076056386       4.6759501       2.6716787       9.5169843       11.071722        19.371948        79.33183       295.72729       63.978687       36.212956       84.715888     0.086642232        0.21934832         0.6097697      0.38965379        0.62086439        1.834353   2.0689725e-09      0.25719225       0.7852653      0.72708422       148.08128       37.680804       2880.7883       1421.4756       16.838929        14.797674         2.0412546        4381.046                 21.496174                 395.76921                           2435.9414                      27.581556                1.9922823              6.4865622                          29.20196                                 40.831688             1421.4756      0.26960059
              1       2207.0134       3.0296372      0.96662347      0.02287579       0.1123109     0.055409353         1.7405309      0.99934408      0.99988379      0.99869909       75.020143     0.075833502        4.676161       2.6720697        9.517488       11.069424        19.371189       79.333059       295.77271       63.973635       36.216395       84.715839     0.086586295        0.21938027        0.60961532      0.38969273        0.62071825       1.8339101   2.0689725e-09      0.25719225       0.7852653      0.72708422       148.08128       37.680804       2880.0457       1421.4756       16.861716        14.820409         2.0413075       4380.3033                  21.51899                 395.75788                           2435.4966                      27.272202                1.9922823              6.4865622                          29.20196                                 40.831688             1421.4756      0.26960059
              5        2207.077       3.0296372      0.96662347      0.02287579       0.1123109     0.055409353         1.7405309      0.99934408       0.9998822       0.9986066       74.475038     0.069389353       5.0644089       2.7896598        9.736426       11.342441        19.018239       78.997227       295.07785       65.147535       35.937378       84.005254     0.080463351        0.20163787        0.63939577      0.39252578        0.59553425        1.902294   2.0689725e-09      0.25719225       0.7852653      0.72708422       148.08128       37.680804       2880.0028       1421.4756       16.946807        14.821497         2.1253093       4380.2605                  21.51899                 395.75788                           2435.4537                      27.272202                1.9922823              6.4865622                          29.20196                                 40.831688             1421.4756      0.26960059
              1       2207.8675       3.0296372      0.96662347      0.02287579       0.1123109     0.055409353         1.7405309      0.99934408       1.0006488      0.99895278       72.877167     0.092312541       4.7012995       2.7480235        9.413359       11.530815        18.408247       79.058194       310.52273       67.852257       33.921995        86.54675     0.049545197        0.15878564         0.5204895      0.35112955        0.62280627       1.9259081   2.0689725e-09      0.25719225       0.7852653      0.72708422       148.08128       37.680804       2888.0786       1421.4756        13.69936        11.648861         2.0504985       4388.3362                  21.51899                 395.75788                           2443.5295                      27.272202                1.9922823              6.4865622                          29.20196                                 40.831688             1421.4756      0.26960059
              1        2209.173       3.0296372      0.96662347      0.02287579       0.1123109     0.055409353         1.7405309      0.99934408       1.0005126      0.99907445       72.296715       0.1213474       4.6131073       3.2793566       8.9946307       11.016369        18.570562        78.24241       315.14744       67.607574       34.237513       87.937735     0.082635739        0.12843288         0.5382158      0.36550087        0.56831723       1.8350173   2.0689725e-09      0.25719225       0.7852653      0.72708422       148.08128       37.680804        2891.117       1421.4756       13.485694        11.393346         2.0923487       4391.3747                  21.51899                 395.75788                            2446.568                      27.272202                1.9922823              6.4865622                          29.20196                                 40.831688             1421.4756      0.26960059
              3       2208.1491       3.0296372      0.96662347      0.02287579       0.1123109     0.055409353         1.7405309      0.99934408       1.0006088       0.9992028       72.152667     0.095280913       4.7781853       3.2264666       9.0708159       10.814865        18.791911       78.202727       312.18469       66.613179       34.542358       88.039625     0.052230331        0.13553889        0.56445423      0.35351798        0.59662222       1.8556253   2.0689725e-09      0.25719225       0.7852653      0.72708422       148.08128       37.680804       2886.9481       1421.4756       14.546228        12.424167         2.1220611       4387.2057                  21.51899                 395.75788                            2442.399                      27.272202                1.9922823              6.4865622                          29.20196                                 40.831688             1421.4756      0.26960059
              2       2208.2914       3.0296372      0.96662347      0.02287579       0.1123109     0.055409353         1.7405309      0.99934408       1.0006619      0.99885918       72.408195     0.051958758       4.8343631       3.0136694       8.8961553       10.221314        19.165519       78.396138       313.15405        65.78809       34.686835        88.73193     0.096897487        0.16734205        0.53876802      0.39566633        0.60258308       1.8579759   2.0689725e-09      0.25719225       0.7852653      0.72708422       148.08128       37.680804       2888.5843       1421.4756       13.870407        11.766238          2.104169        4388.842                  21.51899                 395.75788                           2444.0353                      27.272202                1.9922823              6.4865622                          29.20196                                 40.831688             1421.4756      0.26960059
              1       2213.5465       3.0296372      0.96662347      0.02287579       0.1123109     0.055409353         1.7405309      0.99934408       1.0006068      0.99867868       72.375365   2.9997857e-05       4.8214592       2.8138585       9.6573928       9.6119155        18.869246       78.875539        310.8122       71.150187       34.690262       90.531344     0.034338902        0.17696526        0.61334788      0.40457695        0.62553666       1.6939146   2.0689725e-09      0.25719225       0.7852653      0.72708422       148.08128       37.680804       2891.6458       1421.4756       17.594768        15.518485         2.0762831       4391.9035                  21.51899                 395.75788                           2447.0967                      27.272202                1.9922823              6.4865622                          29.20196                                 40.831688             1421.4756      0.26960059
              1       2212.4731       3.0296372      0.96662347      0.02287579       0.1123109     0.055409353         1.7405309      0.99952623        1.000661      0.99876968       72.265867     0.014093828       4.9511568       2.6147466       9.7859323       9.5987762        18.891889       79.366965       307.87349       71.429798       34.753032       90.451166     0.061845877        0.20295498        0.59285879       0.3826697        0.61953404       1.6653745   2.0689725e-09      0.25719225       0.7852653      0.72708422       148.08128       37.680804       2891.3996       1421.4756       16.644469        14.567222         2.0772472       4391.6573                 21.499331                 395.76921                           2446.5926                      27.538474                1.9922823              6.4865622                          29.20196                                 40.831688             1421.4756      0.26960059
              1       2212.5647       3.0296372      0.96662347      0.02287579       0.1123109     0.055409353         1.7405309      0.99952623       1.0005832      0.99874922       72.152173    0.0096893754       4.7373873        2.696554       10.325732       9.5194749         19.37215       78.668429       313.03352       70.690878       35.061819        91.01226     0.079657411        0.21919695        0.60441401       0.3354655        0.58886434        1.645539   2.0689725e-09      0.25719225       0.7852653      0.72708422       148.08128       37.680804       2892.2669       1421.4756        16.30244        14.251403         2.0510373       4392.5245                 21.499331                 395.76921                           2447.4598                      27.538474                1.9922823              6.4865622                          29.20196                                 40.831688             1421.4756      0.26960059
              1       2211.5361       3.0296372      0.96662347      0.02287579       0.1123109     0.055409353         1.7405309      0.99952623       1.0005511      0.99868033       72.180854    0.0098770567       4.5928401       2.5151729       10.436208       9.6691922        19.331997       78.589833       309.23527       70.471636       35.050557       90.547988     0.095365227        0.21776791        0.61405055      0.31042666        0.57098692       1.6738225   2.0689725e-09      0.25719225       0.7852653      0.72708422       148.08128       37.680804       2891.7786       1421.4756       15.517902        13.493002         2.0249003       4392.0363                 21.499331                 395.76921                           2446.9716                      27.538474                1.9922823              6.4865622                          29.20196                                 40.831688             1421.4756      0.26960059
              9       2211.3685       3.0296372      0.96662347      0.02287579       0.1123109     0.055409353         1.7405309      0.99952623         1.00055      0.99866849       72.158559    0.0088989943       4.5938333       2.5252968       10.423653        9.676007        19.317104       78.645918        308.8981        70.54763       35.084779       90.515471     0.095586145        0.21721626        0.61206717      0.31125479        0.56993964        1.669969   2.0689725e-09      0.25719225       0.7852653      0.72708422       148.08128       37.680804       2891.5828       1421.4756       15.448237        13.422856         2.0253813       4391.8405                 21.499331                 395.76921                           2446.7758                      27.538474                1.9922823              6.4865622                          29.20196                                 40.831688             1421.4756      0.26960059
              2       2207.9521       3.0296372      0.96662347      0.02287579       0.1123109     0.055409353         1.7405309      0.99952623       1.0003954      0.99891274        72.06087     0.021789491       5.0355661       3.0920812       10.140931       9.1094526         19.78934       80.414419       316.23012       70.245067       34.226528       89.517661     0.097766597        0.16360414        0.62013089      0.25670335        0.55438985       1.6181411   2.0689725e-09      0.25719225       0.7852653      0.72708422       148.08128       37.680804       2889.6306       1421.4756       13.008019        10.839404         2.1686152       4389.8883                 21.499331                 395.76921                           2444.8236                      27.538474                1.9922823              6.4865622                          29.20196                                 40.831688             1421.4756      0.26960059
              1       2208.2502       3.0296372      0.96662347      0.02287579       0.1123109     0.055409353         1.7405309      0.99952623       1.0003992      0.99891773       71.970823     0.027841593       5.0796476       3.0917675       10.231129       9.1294799        19.763189       80.349635       316.14247        70.45585       34.193491       89.517915      0.10095896         0.1594616        0.62345782       0.2605098        0.55111707       1.6235761   2.0689725e-09      0.25719225       0.7852653      0.72708422       148.08128       37.680804       2890.1184       1421.4756        13.06212        10.880366         2.1817542       4390.3761                 21.499331                 395.76921                           2445.3114                      27.538474                1.9922823              6.4865622                          29.20196                                 40.831688             1421.4756      0.26960059
              1       2206.7773       3.0296372      0.96662347      0.02287579       0.1123109     0.055409353         1.7405309      0.99952623       1.0006922      0.99867627       71.499118     0.036205701       5.0018188       3.1124378       11.019136       9.1499179        19.789443       82.058631       316.92379       70.347714       34.322374       86.637101      0.14916836        0.19846487        0.53656223      0.23560927         0.6858772       1.7640715   2.0689725e-09      0.25719225       0.7852653      0.72708422       148.08128       37.680804       2889.8691       1421.4756       11.713886         9.551371         2.1625146       4390.1268                 21.499331                 395.76921                           2445.0621                      27.538474                1.9922823              6.4865622                          29.20196                                 40.831688             1421.4756      0.26960059
              1       2207.2485       3.0296372      0.96662347      0.02287579       0.1123109     0.055409353         1.7405309      0.99864112       1.0006922      0.99867627       71.499118     0.036205701       5.0018188       3.1124378       11.019136       9.1499179        19.789443       82.058631       316.92379       70.347714       34.322374       86.637101      0.14916836        0.19846487        0.53656223      0.23560927         0.6858772       1.7640715   2.0689725e-09      0.25719225       0.7852653      0.72708422       148.08128       37.680804       2890.5519       1421.4756       11.843653        9.6811388         2.1625146       4390.8096                 21.595974                 395.76714                           2446.9276                      26.261193                1.9922823              6.4865622                          29.20196                                 40.831688             1421.4756      0.26960059
              2       2208.5607       3.0296372      0.96662347      0.02287579       0.1123109     0.055409353         1.7405309      0.99864112       1.0008655      0.99845694       71.486266    0.0092736595       5.1863411       3.2038191       11.797759       8.7072799        19.790863       82.239314       318.69762       69.245791       32.998927       86.983393      0.16876546        0.18169054        0.56461194      0.27672177        0.67343078       1.7755275   2.0689725e-09      0.25719225       0.7852653      0.72708422       148.08128       37.680804       2891.1794       1421.4756       12.842126        10.601916         2.2402099        4391.437                 21.595974                 395.76714                           2447.5551                      26.261193                1.9922823              6.4865622                          29.20196                                 40.831688             1421.4756      0.26960059
              1       2208.0902       3.0296372      0.96662347      0.02287579       0.1123109     0.055409353         1.7405309      0.99980948       1.0008655      0.99845694       71.486266    0.0092736595       5.1863411       3.2038191       11.797759       8.7072799        19.790863       82.239314       318.69762       69.245791       32.998927       86.983393      0.16876546        0.18169054        0.56461194      0.27672177        0.67343078       1.7755275   2.0689725e-09      0.25719225       0.7852653      0.72708422       148.08128       37.680804       2890.5282       1421.4756       12.697306        10.457096         2.2402099       4390.7859                  21.46898                 395.76921                            2445.334                      27.956033                1.9922823              6.4865622                          29.20196                                 40.831688             1421.4756      0.26960059
              2       2207.3026       3.0296372      0.96662347      0.02287579       0.1123109     0.055409353         1.7405309      0.99980948       1.0008595      0.99840342       71.429424     0.024190616       5.0659599       3.0948655       11.861964       8.5863334        19.765507       82.521384       317.26833       68.775668       33.050981       87.045807      0.15380117        0.18798808        0.55388538       0.2719461         0.6684502        1.777864   2.0689725e-09      0.25719225       0.7852653      0.72708422       148.08128       37.680804       2889.3423       1421.4756       12.502555        10.324373         2.1781822          4389.6                  21.46898                 395.76921                           2444.1481                      27.956033                1.9922823              6.4865622                          29.20196                                 40.831688             1421.4756      0.26960059
              3       2207.0916       3.0296372      0.96662347      0.02287579       0.1123109     0.055409353         1.7405309      0.99980948       1.0011348      0.99855781           71.33     0.036577897        5.142708       3.7958596       11.991261       8.6724201        19.955582       83.379935       314.58739        69.16478       34.035114       88.180977      0.13089228        0.14440048        0.54914178      0.27195663        0.59941046       1.7716059   2.0689725e-09      0.25719225       0.7852653      0.72708422       148.08128       37.680804       2889.1501       1421.4756       12.387705        10.016179         2.3715257       4389.4078                  21.46898                 395.76921                           2443.9559                      27.956033                1.9922823              6.4865622                          29.20196                                 40.831688             1421.4756      0.26960059
              2       2207.0081       3.0296372      0.96662347      0.02287579       0.1123109     0.055409353         1.7405309      0.99958738       1.0011348      0.99855781           71.33     0.036577897        5.142708       3.7958596       11.991261       8.6724201        19.955582       83.379935       314.58739        69.16478       34.035114       88.180977      0.13089228        0.14440048        0.54914178      0.27195663        0.59941046       1.7716059   2.0689725e-09      0.25719225       0.7852653      0.72708422       148.08128       37.680804       2888.9616       1421.4756       12.398421        10.026895         2.3715257       4389.2193                 21.492758                 395.76921                           2444.0714                      27.628257                1.9922823              6.4865622                          29.20196                                 40.831688             1421.4756      0.26960059
              1       2206.9131       3.0296372      0.96662347      0.02287579       0.1123109     0.055409353         1.7405309      0.99958738        1.001069      0.99850844       71.302765     0.042609377       5.0426642       3.8548265       11.803288       8.6643553        19.968387       83.408283       317.17254       68.771495       34.203424       88.141358       0.1602503        0.14494364        0.54744984      0.25422382        0.57803573       1.7535457   2.0689725e-09      0.25719225       0.7852653      0.72708422       148.08128       37.680804       2888.8206       1421.4756       12.373949        10.030211         2.3437375       4389.0782                 21.492758                 395.76921                           2443.9303                      27.628257                1.9922823              6.4865622                          29.20196                                 40.831688             1421.4756      0.26960059
              3       2206.8804       3.0296372      0.96662347      0.02287579       0.1123109     0.055409353         1.7405309      0.99958738       1.0010849      0.99850117       71.231196     0.055693634       5.0824838        3.823135       11.806503       8.8371547        20.101118        83.69382       319.47362       68.074662       33.919592       88.075666       0.1519942        0.12202174        0.55004294      0.24567263        0.58531482       1.7702256   2.0689725e-09      0.25719225       0.7852653      0.72708422       148.08128       37.680804       2889.5433       1421.4756       11.979934        9.6275185         2.3524153        4389.801                 21.492758                 395.76921                           2444.6531                      27.628257                1.9922823              6.4865622                          29.20196                                 40.831688             1421.4756      0.26960059
              3       2206.5291       3.0296372      0.96662347      0.02287579       0.1123109     0.055409353         1.7405309      0.99958738       1.0009514      0.99855347       71.068593      0.11320917       5.1728842       2.8564469       11.286741       9.3280009        19.822618       82.000613       323.61933        68.21918       33.735436       87.989657      0.14106647         0.1630642        0.54233818      0.28001585        0.56467761       1.8561866   2.0689725e-09      0.25719225       0.7852653      0.72708422       148.08128       37.680804       2888.8978       1421.4756       11.951312        9.7856006         2.1657114       4389.1555                 21.492758                 395.76921                           2444.0076                      27.628257                1.9922823              6.4865622                          29.20196                                 40.831688             1421.4756      0.26960059
              1       2206.3271       3.0296372      0.96662347      0.02287579       0.1123109     0.055409353         1.7405309      0.99958738       1.0009346      0.99854257       71.095041      0.10652993       5.1844286       2.8497885       11.249363       9.3646467        19.890511        81.99321       324.70759       68.142901       33.622221       87.970697      0.13953978        0.15551425        0.53078844      0.28082619        0.56156453       1.8588916   2.0689725e-09      0.25719225       0.7852653      0.72708422       148.08128       37.680804       2889.1041       1421.4756       11.646182        9.4783192         2.1678626       4389.3617                 21.492758                 395.76921                           2444.2138                      27.628257                1.9922823              6.4865622                          29.20196                                 40.831688             1421.4756      0.26960059
              1       2205.7216       3.0296372      0.96662347      0.02287579       0.1123109     0.055409353         1.7405309      0.99958738        1.000958      0.99851424       71.043491     0.081521199        5.221248       2.9404933       11.335201       9.5489403        19.809282       82.053199        322.9837       68.140922       33.578702       88.356617      0.13640088        0.15008688        0.54466089      0.27226021        0.55911837       1.8710677   2.0689725e-09      0.25719225       0.7852653      0.72708422       148.08128       37.680804       2887.9238       1421.4756       11.630807        9.4343564         2.1964505       4388.1815                 21.492758                 395.76921                           2443.0336                      27.628257                1.9922823              6.4865622                          29.20196                                 40.831688             1421.4756      0.26960059
              3       2205.0917       3.0296372      0.96662347      0.02287579       0.1123109     0.055409353         1.7405309      0.99958738       1.0008024       0.9983131       70.860903     0.030009711       5.2648843       2.5489322       11.264529       8.9538815        20.134252       83.075051       316.04397       65.654849        33.98809       87.148003       0.1046823         0.1309937        0.57892383       0.2818106        0.58035718       1.8129654   2.0689725e-09      0.25719225       0.7852653      0.72708422       148.08128       37.680804       2886.7765       1421.4756       11.574645        9.4365952         2.1380499       4387.0341                 21.492758                 395.76921                           2441.8862                      27.628257                1.9922823              6.4865622                          29.20196                                 40.831688             1421.4756      0.26960059
              1       2204.1421       3.0296372      0.96662347      0.02287579       0.1123109     0.055409353         1.7405309      0.99905141       1.0008024       0.9983131       70.860903     0.030009711       5.2648843       2.5489322       11.264529       8.9538815        20.134252       83.075051       316.04397       65.654849        33.98809       87.148003       0.1046823         0.1309937        0.57892383       0.2818106        0.58035718       1.8129654   2.0689725e-09      0.25719225       0.7852653      0.72708422       148.08128       37.680804       2884.7606       1421.4756       11.633011        9.4949608         2.1380499       4385.0183                 21.550835                 395.75334                           2440.6083                      26.848064                1.9922823              6.4865622                          29.20196                                 40.831688             1421.4756      0.26960059
              4       2204.1024       3.0296372      0.96662347      0.02287579       0.1123109     0.055409353         1.7405309      0.99874505       1.0008024       0.9983131       70.860903     0.030009711       5.2648843       2.5489322       11.264529       8.9538815        20.134252       83.075051       316.04397       65.654849        33.98809       87.148003       0.1046823         0.1309937        0.57892383       0.2818106        0.58035718       1.8129654   2.0689725e-09      0.25719225       0.7852653      0.72708422       148.08128       37.680804       2884.5732       1421.4756       11.687016        9.5489664         2.1380499       4384.8308                  21.58449                 395.76227                           2440.8174                      26.409002                1.9922823              6.4865622                          29.20196                                 40.831688             1421.4756      0.26960059
              1       2204.0998       3.0296372      0.96662347      0.02287579       0.1123109     0.055409353         1.7405309      0.99874505       1.0008025      0.99831278        70.85824     0.029420499       5.2650585       2.5548758       11.265086       8.9540733        20.126784       83.070088       316.04898       65.647871       33.990652       87.135306      0.10496315        0.13101192         0.5791412      0.28157939        0.58022575       1.8130293   2.0689725e-09      0.25719225       0.7852653      0.72708422       148.08128       37.680804       2884.5694       1421.4756       11.686266        9.5471956         2.1390703        4384.827                  21.58449                 395.76227                           2440.8136                      26.409002                1.9922823              6.4865622                          29.20196                                 40.831688             1421.4756      0.26960059
              5       2204.3453       3.0296372      0.96662347      0.02287579       0.1123109     0.055409353         1.7405309      0.99874505       1.0006972      0.99829674        70.62785     0.062991889       4.9093364       3.4542935       10.109117       8.6638595        20.414598       84.107838        322.9255       65.565639       35.061675       87.244156      0.06069794        0.14871073        0.56781745      0.27812979        0.58646899       1.8950866   2.0689725e-09      0.25719225       0.7852653      0.72708422       148.08128       37.680804          2884.2       1421.4756       12.116491        9.9170892         2.1994019       4384.4577                  21.58449                 395.76227                           2440.4443                      26.409002                1.9922823              6.4865622                          29.20196                                 40.831688             1421.4756      0.26960059
              5       2203.2222       3.0296372      0.96662347      0.02287579       0.1123109     0.055409353         1.7405309      0.99874505       1.0007174      0.99824803       70.750825     0.069487659       5.0051246       3.3672427       10.123663       8.6357902        20.149922       84.197724       320.15531       65.977309       34.636516       87.211161     0.054461847        0.14089782        0.55788036      0.26643502        0.60273851       1.9068154   2.0689725e-09      0.25719225       0.7852653      0.72708422       148.08128       37.680804       2882.4771       1421.4756       11.854826        9.6418701         2.2129554       4382.7348                  21.58449                 395.76227                           2438.7214                      26.409002                1.9922823              6.4865622                          29.20196                                 40.831688             1421.4756      0.26960059
              1       2203.1639       3.0296372      0.96662347      0.02287579       0.1123109     0.055409353         1.7405309      0.99878349       1.0007174      0.99824803       70.750825     0.069487659       5.0051246       3.3672427       10.123663       8.6357902        20.149922       84.197724       320.15531       65.977309       34.636516       87.211161     0.054461847        0.14089782        0.55788036      0.26643502        0.60273851       1.9068154   2.0689725e-09      0.25719225       0.7852653      0.72708422       148.08128       37.680804       2882.3757       1421.4756       11.847225        9.6342698         2.2129554       4382.6334                 21.580251                 395.76227                           2438.5694                      26.463818                1.9922823              6.4865622                          29.20196                                 40.831688             1421.4756      0.26960059
              1       2203.1271       3.0296372      0.96662347      0.02287579       0.1123109     0.055409353         1.7405309      0.99878349       1.0007217      0.99826583       70.738601     0.068620544       5.0414168       3.3450084       10.116478       8.5896232        20.151555       84.017015        320.6882       66.016989       34.641304        87.08736     0.052453955         0.1376054        0.55233475       0.2614885        0.60511262       1.9238603   2.0689725e-09      0.25719225       0.7852653      0.72708422       148.08128       37.680804       2882.3781       1421.4756       11.809247        9.5887533         2.2204938       4382.6357                 21.580251                 395.76227                           2438.5717                      26.463818                1.9922823              6.4865622                          29.20196                                 40.831688             1421.4756      0.26960059
              1       2202.4377       3.0296372      0.96662347      0.02287579       0.1123109     0.055409353         1.7405309      0.99878349       1.0009065      0.99815661       70.512637     0.090928905       4.9057794       3.3783002       9.7256426       8.4510424        19.519549       83.703624        310.7072       65.291821       34.536431       87.657329     0.055065863        0.12483862        0.54779215      0.22768048         0.6056251       1.9382272   2.0689725e-09      0.25719225       0.7852653      0.72708422       148.08128       37.680804       2881.5833       1421.4756       11.517184        9.3338321         2.1833519        4381.841                 21.580251                 395.76227                           2437.7769                      26.463818                1.9922823              6.4865622                          29.20196                                 40.831688             1421.4756      0.26960059
              1       2204.1433       3.0276175      0.96698234     0.022865315      0.11228257     0.055481812         1.7568729      0.99878349       1.0009065      0.99815661       70.512637     0.090928905       4.9057794       3.3783002       9.7256426       8.4510424        19.519549       83.703624        310.7072       65.291821       34.536431       87.657329     0.055065863        0.12483862        0.54779215      0.22768048         0.6056251       1.9382272    2.064798e-09      0.25711843      0.78451198      0.72628246       148.10144       37.820492       2884.6505       1421.5146       11.517184        9.3338321         2.1833519       4385.2522                 21.414948                 395.77546                           2438.8445                       28.61565                2.0009107               6.495528                         29.324054                                 40.996934             1421.5146      0.26960059
              1       2208.5604       3.0276175      0.96698234     0.022865315      0.11228257     0.055481812         1.7568729      0.99878349       1.0013227      0.99835888       69.456587     0.094354748       4.5998309       3.8155487       9.8900806       8.1862145        20.043378       84.083114       319.04082       62.682106       33.671353       87.406018      0.02283586        0.12755352        0.50101011      0.30191149        0.67355634       1.9321186    2.064798e-09      0.25711843      0.78451198      0.72628246       148.10144       37.820492       2888.0429       1421.5146       14.238171          12.0647         2.1734707       4388.6445                 21.414948                 395.77546                           2442.2368                       28.61565                2.0009107               6.495528                         29.324054                                 40.996934             1421.5146      0.26960059
              2       2206.4575       3.0276175      0.96698234     0.022865315      0.11228257     0.055481812         1.7568729      0.99878349       1.0011353      0.99802467       69.304108      0.09686872       4.2329443       4.3255758       9.9293336       8.6173197        19.881918       83.349718       325.67416       62.411258       33.085961       86.215962     0.073449107        0.12478627        0.46421793      0.29233869        0.64047461        1.977777    2.064798e-09      0.25711843      0.78451198      0.72628246       148.10144       37.820492       2890.2232       1421.5146       11.045043        8.8855741         2.1594686       4390.8249                 21.414948                 395.77546                           2444.4172                       28.61565                2.0009107               6.495528                         29.324054                                 40.996934             1421.5146      0.26960059
              4       2204.7696       3.0276175      0.96698234     0.022865315      0.11228257     0.055481812         1.7568729      0.99878349       1.0010799      0.99819682       69.222575     0.099946036       4.1714528       4.1563917       9.9106482       8.5646607        19.688201       83.521026        325.5423       62.393904       32.790426       86.640621     0.068350952        0.14990901        0.43170494       0.2770924        0.65399459       1.9588151    2.064798e-09      0.25711843      0.78451198      0.72628246       148.10144       37.820492       2886.9174       1421.5146       11.010016         8.894087         2.1159289       4387.5191                 21.414948                 395.77546                           2441.1114                       28.61565                2.0009107               6.495528                         29.324054                                 40.996934             1421.5146      0.26960059
              2       2204.3748       3.0276175      0.96698234     0.022865315      0.11228257     0.055481812         1.7568729      0.99878349       1.0011692      0.99827958       69.386457      0.10079091       4.2844727       4.4846847       9.6502278       8.4557162        19.541695        83.61967       320.19312       62.123679       32.617946       86.695367     0.064737844        0.14857153        0.41240371      0.29032102        0.63563489       1.9935722    2.064798e-09      0.25711843      0.78451198      0.72628246       148.10144       37.820492       2884.5596       1421.5146       11.794161        9.5885539         2.2056072       4385.1613                 21.414948                 395.77546                           2438.7536                       28.61565                2.0009107               6.495528                         29.324054                                 40.996934             1421.5146      0.26960059
              3       2204.2071       3.0276175      0.96698234     0.022865315      0.11228257     0.055481812         1.7568729      0.99878349       1.0010937       0.9982195       69.657148      0.15798114       4.1184323       4.6209686       9.5754111       8.5118348        19.280696       83.940473       322.98554        61.78524       32.147678       85.311924     0.097672637        0.15928453        0.38645162      0.28754985        0.60901771       1.9943445    2.064798e-09      0.25711843      0.78451198      0.72628246       148.10144       37.820492       2885.3805       1421.5146       11.215987        9.0358992         2.1800883       4385.9822                 21.414948                 395.77546                           2439.5745                       28.61565                2.0009107               6.495528                         29.324054                                 40.996934             1421.5146      0.26960059
              1       2203.1055       3.0276175      0.96698234     0.022865315      0.11228257     0.055481812         1.7568729      0.99830968       1.0010937       0.9982195       69.657148      0.15798114       4.1184323       4.6209686       9.5754111       8.5118348        19.280696       83.940473       322.98554        61.78524       32.147678       85.311924     0.097672637        0.15928453        0.38645162      0.28754985        0.60901771       1.9943445    2.064798e-09      0.25711843      0.78451198      0.72628246       148.10144       37.820492       2882.9571       1421.5146       11.326171        9.1460829         2.1800883       4383.5587                 21.465219                 395.78886                           2437.7963                      27.906634                2.0009107               6.495528                         29.324054                                 40.996934             1421.5146      0.26960059
              3       2203.1688       3.0276175      0.96698234     0.022865315      0.11228257     0.055481812         1.7568729      0.99830968       1.0010143      0.99819452       69.913244      0.15927262        4.132384       4.6344226       9.7643718       8.6354779        19.262269       83.969523       324.17803       61.552486       32.396703       85.285116     0.088235102        0.14893754        0.39127222      0.30079643        0.61537263       2.0017865    2.064798e-09      0.25711843      0.78451198      0.72628246       148.10144       37.820492       2883.1355       1421.5146       11.300272        9.1133127         2.1869588       4383.7371                 21.465219                 395.78886                           2437.9747                      27.906634                2.0009107               6.495528                         29.324054                                 40.996934             1421.5146      0.26960059
              3       2203.1854       3.0276175      0.96698234     0.022865315      0.11228257     0.055481812         1.7568729      0.99830968       1.0010125      0.99818758       69.935175      0.15736669       4.1409726       4.6296775       9.7979369       8.6658218        19.242544       83.972596       324.55619       61.566545       32.471979       85.258966     0.087053321        0.14951702        0.38960081      0.30220877        0.61433277       1.9993523    2.064798e-09      0.25711843      0.78451198      0.72628246       148.10144       37.820492       2883.0107       1421.5146       11.379206        9.1904973         2.1887089       4383.6123                 21.465219                 395.78886                             2437.85                      27.906634                2.0009107               6.495528                         29.324054                                 40.996934             1421.5146      0.26960059
              2       2202.9744       3.0276175      0.96698234     0.022865315      0.11228257     0.055481812         1.7568729      0.99830968       1.0010285      0.99817895       69.934076      0.15807486       4.1593137       4.6293693       9.7921654       8.6944816        19.267043       83.974486       324.64399       61.513624       32.478489       85.269105     0.088357497        0.15094767        0.39011745       0.2949147        0.61503086       1.9948999    2.064798e-09      0.25711843      0.78451198      0.72628246       148.10144       37.820492       2882.8625       1421.5146       11.242396        9.0479773         2.1944188       4383.4641                 21.465219                 395.78886                           2437.7018                      27.906634                2.0009107               6.495528                         29.324054                                 40.996934             1421.5146      0.26960059
              3       2201.2375       3.0276175      0.96698234     0.022865315      0.11228257     0.055481812         1.7568729      0.99830968       1.0008367      0.99845408        69.59467     0.094772157       4.2229265       4.4110128       10.237885       9.0826724        18.857233       82.597851       313.98424       60.319344       31.844556       86.054227      0.14056489        0.15631789        0.38401475      0.30586991        0.66317316       1.8816993    2.064798e-09      0.25711843      0.78451198      0.72628246       148.10144       37.820492       2880.3915       1421.5146       10.740944        8.5688812         2.1720623       4380.9932                 21.465219                 395.78886                           2435.2308                      27.906634                2.0009107               6.495528                         29.324054                                 40.996934             1421.5146      0.26960059
              1       2201.5395       3.0276175      0.96698234     0.022865315      0.11228257     0.055481812         1.7568729      0.99830968         1.00102      0.99873291        69.65945      0.11037244       4.2008906       4.4306648       10.508302       9.2940228        18.941939       82.583964       313.94989       60.326749       31.451247       85.851688      0.12616127        0.15687748        0.35544788       0.3011295        0.65777053       1.9202349    2.064798e-09      0.25711843      0.78451198      0.72628246       148.10144       37.820492       2879.2009       1421.5146       11.638289        9.4691047         2.1691842       4379.8025                 21.465219                 395.78886                           2434.0402                      27.906634                2.0009107               6.495528                         29.324054                                 40.996934             1421.5146      0.26960059
              1       2202.4201       3.0276175      0.96698234     0.022865315      0.11228257     0.055481812         1.7568729      0.99830968        1.000657      0.99858706       69.189972     0.074347581       4.2902045       3.6085251       11.103414       9.7334349         19.02331        82.47175       320.40319       60.356115        30.44191       86.580327      0.12050762        0.17829953        0.31843775      0.27042116        0.64250765       1.9801126    2.064798e-09      0.25711843      0.78451198      0.72628246       148.10144       37.820492       2880.4826       1421.5146       11.878012        9.8078813         2.0701309       4381.0843                 21.465219                 395.78886                           2435.3219                      27.906634                2.0009107               6.495528                         29.324054                                 40.996934             1421.5146      0.26960059
              4       2203.2093       3.0276175      0.96698234     0.022865315      0.11228257     0.055481812         1.7568729      0.99830968       1.0006381      0.99860828       69.282097     0.067969464       4.2239257       3.7342152       11.266232        9.773267        19.014346       82.604898       320.61599       59.923289       30.584681       86.599863      0.13645724        0.20026728        0.32979964      0.26540293        0.62314745       1.9740834    2.064798e-09      0.25711843      0.78451198      0.72628246       148.10144       37.820492       2880.0928       1421.5146       12.862111        10.789835         2.0722758       4380.6945                 21.465219                 395.78886                           2434.9321                      27.906634                2.0009107               6.495528                         29.324054                                 40.996934             1421.5146      0.26960059
              6       2202.9028       3.0276175      0.96698234     0.022865315      0.11228257     0.055481812         1.7568729      0.99830968       1.0003442      0.99870554       68.728467      0.15760034       4.3871544       4.3023837       11.118349       10.190647        20.362255        81.97469       322.18121       58.272232       29.452025       86.980168      0.11340741        0.17366473        0.43175509      0.25690994        0.62519367       2.0247611    2.064798e-09      0.25711843      0.78451198      0.72628246       148.10144       37.820492       2884.1128       1421.5146       10.545587         8.343644         2.2019434       4384.7145                 21.465219                 395.78886                           2438.9521                      27.906634                2.0009107               6.495528                         29.324054                                 40.996934             1421.5146      0.26960059
              1       2201.8189       3.0276175      0.96698234     0.022865315      0.11228257     0.055481812         1.7568729      0.99830968       1.0002186      0.99835845       69.197975      0.15522177       4.3511442       4.3138942       11.153845       10.051386        19.557084       81.627564       322.05429       57.966827       28.949126       87.219873      0.09272624        0.14867657        0.38541506      0.23127018        0.61419969       2.0421742    2.064798e-09      0.25711843      0.78451198      0.72628246       148.10144       37.820492       2882.7692       1421.5146       10.133517        7.9407883         2.1927285       4383.3708                 21.465219                 395.78886                           2437.6085                      27.906634                2.0009107               6.495528                         29.324054                                 40.996934             1421.5146      0.26960059
              1        2201.258       3.0276175      0.96698234     0.022865315      0.11228257     0.055481812         1.7568729      0.99778517       1.0002688      0.99832339       69.065364      0.15458116       4.3544073       4.1946802       11.217207       10.157947        19.374086       81.492382       321.49444       58.116399       28.694215       87.132098     0.092171123        0.14295604        0.40701142      0.22835273         0.6135089       2.0634736    2.064798e-09      0.25711843      0.78451198      0.72628246       148.10144       37.820492       2881.7716       1421.5146       10.071402        7.9004424         2.1709593       4382.3732                 21.521672                 395.76846                           2437.3457                      27.135728                2.0009107               6.495528                         29.324054                                 40.996934             1421.5146      0.26960059
              1       2201.0213       3.0276175      0.96698234     0.022865315      0.11228257     0.055481812         1.7568729      0.99778517       1.0002565      0.99828784        68.99146      0.15285319       4.3040038       4.1292206       11.167819       9.9721011        19.461444       81.301141       320.64109       58.426331       28.853875       86.862788     0.097829042        0.13981609        0.40728399      0.22753981        0.61865899       2.0718066    2.064798e-09      0.25711843      0.78451198      0.72628246       148.10144       37.820492       2881.7865       1421.5146       9.8272573        7.6820885         2.1451688       4382.3882                 21.521672                 395.76846                           2437.3607                      27.135728                2.0009107               6.495528                         29.324054                                 40.996934             1421.5146      0.26960059
              2       2201.7752       3.0276175      0.96698234     0.022865315      0.11228257     0.055481812         1.7568729      0.99778517       1.0003136      0.99840004       68.964332      0.13838422       4.3691379       3.6838663       11.252272        9.923102        19.576365       81.006674       323.36903       58.332339       29.217766       86.684094      0.10485425        0.13171738        0.43419696      0.22923799        0.61801267       2.0907219    2.064798e-09      0.25711843      0.78451198      0.72628246       148.10144       37.820492       2883.6081       1421.5146       9.6703242        7.5761389         2.0941852       4384.2098                 21.521672                 395.76846                           2439.1823                      27.135728                2.0009107               6.495528                         29.324054                                 40.996934             1421.5146      0.26960059
              1       2202.7842       3.0276175      0.96698234     0.022865315      0.11228257     0.055481812         1.7568729      0.99778517       1.0003665      0.99843446       68.900818      0.14100014         4.51234       3.6851014        11.33783       9.8880934        19.632246       80.566446       321.62078       58.647456        29.24232       86.827974      0.10065164         0.1506035        0.41828927      0.23048261        0.62487886       2.0663298    2.064798e-09      0.25711843      0.78451198      0.72628246       148.10144       37.820492       2884.8652       1421.5146       10.050783         7.923588         2.1271947       4385.4668                 21.521672                 395.76846                           2440.4393                      27.135728                2.0009107               6.495528                         29.324054                                 40.996934             1421.5146      0.26960059
              1       2204.2003       3.0276175      0.96698234     0.022865315      0.11228257     0.055481812         1.7568729      0.99778517       1.0002902       0.9986339       70.033078       0.1070489       4.3216457       4.2845433       11.621009       10.712769        19.376643       79.179137       320.58391       57.572689        32.20756       87.593435     0.069185011       0.090598144        0.37671631      0.16061134        0.60731258        2.015184    2.064798e-09      0.25711843      0.78451198      0.72628246       148.10144       37.820492       2883.0694       1421.5146       12.364789        10.186838         2.1779509       4383.6711                 21.521672                 395.76846                           2438.6436                      27.135728                2.0009107               6.495528                         29.324054                                 40.996934             1421.5146      0.26960059
              1       2202.7891       3.0276175      0.96698234     0.022865315      0.11228257     0.055481812         1.7568729      0.99778517       1.0001641      0.99861401       70.430437     0.049656105       4.3518059       4.6384376       12.190956       10.883144        18.951494       78.731118       317.18364        57.37325       31.677177       87.272719      0.10494233        0.14074306        0.41213121      0.17946309        0.61220905       2.1201666    2.064798e-09      0.25711843      0.78451198      0.72628246       148.10144       37.820492       2882.8016       1421.5146       11.087459        8.8245988         2.2628606       4383.4033                 21.521672                 395.76846                           2438.3758                      27.135728                2.0009107               6.495528                         29.324054                                 40.996934             1421.5146      0.26960059
              2       2203.5466       3.0276175      0.96698234     0.022865315      0.11228257     0.055481812         1.7568729      0.99778517       1.0001869         0.99863       70.569551      0.04927383       4.2830394       4.5948252       12.224196       10.941316         19.20894       78.798898       314.03169       57.596077       31.553634       87.279882     0.094469884        0.14649013        0.42786629      0.18104703        0.60244592       2.0924497    2.064798e-09      0.25711843      0.78451198      0.72628246       148.10144       37.820492       2883.8355       1421.5146       11.327968        9.0996674         2.2283002       4384.4372                 21.521672                 395.76846                           2439.4097                      27.135728                2.0009107               6.495528                         29.324054                                 40.996934             1421.5146      0.26960059
              1       2203.8096       3.0276175      0.96698234     0.022865315      0.11228257     0.055481812         1.7568729      0.99755339       1.0001869         0.99863       70.569551      0.04927383       4.2830394       4.5948252       12.224196       10.941316         19.20894       78.798898       314.03169       57.596077       31.553634       87.279882     0.094469884        0.14649013        0.42786629      0.18104703        0.60244592       2.0924497    2.064798e-09      0.25711843      0.78451198      0.72628246       148.10144       37.820492       2884.1887       1421.5146         11.4144        9.1860999         2.2283002       4384.7903                  21.54693                 395.76785                           2440.0741                      26.799767                2.0009107               6.495528                         29.324054                                 40.996934             1421.5146      0.26960059
              1       2204.6063       3.0276175      0.96698234     0.022865315      0.11228257     0.055481812         1.7568729      0.99755339       1.0002265      0.99863307       70.812036     0.088559847       4.6491558       4.8740594       12.173095       11.010873        18.709552       79.043774       313.31924       57.493165       33.678667       86.142131     0.088123892       0.068682227        0.46575835      0.21350965         0.5853306       1.9027594    2.064798e-09      0.25711843      0.78451198      0.72628246       148.10144       37.820492       2882.2937       1421.5146       13.158575        10.701506         2.4570692       4382.8954                  21.54693                 395.76785                           2438.1792                      26.799767                2.0009107               6.495528                         29.324054                                 40.996934             1421.5146      0.26960059
              2       2204.1903       3.0276175      0.96698234     0.022865315      0.11228257     0.055481812         1.7568729      0.99755339       1.0001963      0.99861846       70.825763     0.088138299       4.6598261       4.9005853       12.217155       11.024194        18.662946       79.043527       313.82081        57.49252       33.710808        86.14961     0.085739627       0.071632418        0.46593632      0.21013445         0.5817458        1.905258    2.064798e-09      0.25711843      0.78451198      0.72628246       148.10144       37.820492       2881.4558       1421.5146       13.161588        10.690788         2.4708003       4382.0574                  21.54693                 395.76785                           2437.3412                      26.799767                2.0009107               6.495528                         29.324054                                 40.996934             1421.5146      0.26960059
              1       2204.2295       3.0276175      0.96698234     0.022865315      0.11228257     0.055481812         1.7568729      0.99755339       1.0004086      0.99857255       71.000837     0.064582809       4.8350119       5.1701786       11.762429       11.429412        18.428671       79.816274       315.56067       55.731734       32.915187       86.851164     0.011787505       0.066348773        0.40981634      0.19287135        0.57187521        1.836918    2.064798e-09      0.25711843      0.78451198      0.72628246       148.10144       37.820492       2873.8818       1421.5146       16.987747         14.32563         2.6621166       4374.4834                  21.54693                 395.76785                           2429.7672                      26.799767                2.0009107               6.495528                         29.324054                                 40.996934             1421.5146      0.26960059
              2       2201.5126       3.0276175      0.96698234     0.022865315      0.11228257     0.055481812         1.7568729      0.99755339      0.99972969      0.99882833       69.806264      0.04149867       5.0306251       4.1799762       11.316795       11.986076        18.382729       80.270391       289.17504       52.275101       32.753368       87.379878     0.034420812          0.168163        0.45938055      0.24643319        0.50421376       1.6721924    2.064798e-09      0.25711843      0.78451198      0.72628246       148.10144       37.820492       2870.1756       1421.5146       16.123957        13.692666         2.4312904       4370.7773                  21.54693                 395.76785                           2426.0611                      26.799767                2.0009107               6.495528                         29.324054                                 40.996934             1421.5146      0.26960059
              2       2201.3745       3.0276175      0.96698234     0.022865315      0.11228257     0.055481812         1.7568729      0.99755339      0.99971285      0.99879693       69.831288     0.037965562       5.0316415       4.1711776       11.405375       11.975087        18.382721       80.284342       290.10933       52.344175       32.589174       87.401432     0.035439223        0.16880499        0.45601024      0.24906141        0.50298632         1.67389    2.064798e-09      0.25711843      0.78451198      0.72628246       148.10144       37.820492       2869.8454       1421.5146       16.150998        13.721879         2.4291185       4370.4471                  21.54693                 395.76785                           2425.7309                      26.799767                2.0009107               6.495528                         29.324054                                 40.996934             1421.5146      0.26960059
              2       2199.9696       3.0276175      0.96698234     0.022865315      0.11228257     0.055481812         1.7568729      0.99755339      0.99971101      0.99874894       69.844012     0.042128729        4.992523       4.3192641       11.347387       11.966198        18.520795       80.681152       289.84954       52.296288       32.571829       87.371603     0.040725221        0.15606666        0.45669794      0.25623857        0.50426308       1.6632131    2.064798e-09      0.25711843      0.78451198      0.72628246       148.10144       37.820492       2868.3738       1421.5146       15.481841         13.02646         2.4553807       4368.9754                  21.54693                 395.76785                           2424.2592                      26.799767                2.0009107               6.495528                         29.324054                                 40.996934             1421.5146      0.26960059
              1       2199.0439       3.0276175      0.96698234     0.022865315      0.11228257     0.055481812         1.7568729      0.99755339      0.99966585      0.99881604       69.826125     0.042535392       5.0361758       4.2639344       11.312645       11.886324        18.475747       80.691907       289.70895       52.295877       32.479058       87.475013     0.051263016        0.15042784        0.45341746      0.26742946        0.50875492       1.6509415    2.064798e-09      0.25711843      0.78451198      0.72628246       148.10144       37.820492       2867.4262       1421.5146       15.029941        12.570021         2.4599199       4368.0279                  21.54693                 395.76785                           2423.3117                      26.799767                2.0009107               6.495528                         29.324054                                 40.996934             1421.5146      0.26960059
              1       2199.0981       3.0276175      0.96698234     0.022865315      0.11228257     0.055481812         1.7568729      0.99755339      0.99966166      0.99881424       69.827113     0.043008592       5.0418637       4.2811619       11.315516       11.893598        18.471469       80.654957       289.78821       52.277988       32.500828       87.463749     0.050546782        0.14919274        0.45133028      0.26767678        0.50877726       1.6493339    2.064798e-09      0.25711843      0.78451198      0.72628246       148.10144       37.820492       2867.4657       1421.5146       15.064362        12.596149         2.4682132       4368.0674                  21.54693                 395.76785                           2423.3512                      26.799767                2.0009107               6.495528                         29.324054                                 40.996934             1421.5146      0.26960059
              3       2197.6814       3.0276175      0.96698234     0.022865315      0.11228257     0.055481812         1.7568729      0.99755339      0.99969507       0.9986727       70.026011     0.010435243       5.2619972       4.3707159       11.337877       12.127344         17.91476       80.929551       272.52709        51.52288       31.628627       88.233598     0.054125386        0.14266815        0.42602706      0.22809225        0.55418423       1.6480425    2.064798e-09      0.25711843      0.78451198      0.72628246       148.10144       37.820492       2867.3465       1421.5146       13.707376        11.088519         2.6188573       4367.9481                  21.54693                 395.76785                           2423.2319                      26.799767                2.0009107               6.495528                         29.324054                                 40.996934             1421.5146      0.26960059
              2       2198.6172       3.0276175      0.96698234     0.022865315      0.11228257     0.055481812         1.7568729      0.99755339      0.99965925      0.99889047       70.133747     0.014148132       5.3001317       4.8742333       11.390569       11.833017        17.751863       80.860418       272.04732       51.860693       30.661045        87.86691     0.068398593        0.14919952         0.4162523      0.21519788        0.54106182       1.6705325    2.064798e-09      0.25711843      0.78451198      0.72628246       148.10144       37.820492       2868.5527       1421.5146       14.040013        11.197088         2.8429252       4369.1544                  21.54693                 395.76785                           2424.4382                      26.799767                2.0009107               6.495528                         29.324054                                 40.996934             1421.5146      0.26960059
              1        2197.462       3.0276175      0.96698234     0.022865315      0.11228257     0.055481812         1.7568729      0.99864563      0.99955667      0.99874133       69.662468      0.01813258       5.8430342       4.4574938       11.750214        11.36257        18.323713       82.038791       269.27652       51.396164       29.875372       86.446768     0.081213942        0.12890124        0.39386599      0.25177983          0.563993       1.6624901    2.064798e-09      0.25711843      0.78451198      0.72628246       148.10144       37.820492       2867.8095       1421.5146       13.256403        10.208594         3.0478085       4368.4111                 21.429512                 395.77546                           2422.1964                      28.408115                2.0009107               6.495528                         29.324054                                 40.996934             1421.5146      0.26960059
              5        2197.607       3.0276175      0.96698234     0.022865315      0.11228257     0.055481812         1.7568729      0.99864563      0.99955922      0.99874758       69.772427     0.015187147       5.8382496       4.4815241       11.853214       11.348206        18.211332       82.101408       269.30305       51.088279       29.928332       86.392697     0.076775292        0.12784629        0.39259282      0.25025743         0.5687622       1.6461262    2.064798e-09      0.25711843      0.78451198      0.72628246       148.10144       37.820492       2867.7566       1421.5146       13.427884        10.372225         3.0556585       4368.3582                 21.429512                 395.77546                           2422.1435                      28.408115                2.0009107               6.495528                         29.324054                                 40.996934             1421.5146      0.26960059
              1       2197.3228       3.0276175      0.96698234     0.022865315      0.11228257     0.055481812         1.7568729      0.99864563      0.99954122      0.99877106       69.742985    0.0071256603       5.8931758       4.4323692       11.737661       11.285285        18.220071       81.668389        268.0367       51.184501       29.687626       86.203863     0.081928656          0.126316        0.39806812      0.24489233        0.57326107       1.6610274    2.064798e-09      0.25711843      0.78451198      0.72628246       148.10144       37.820492       2867.8327       1421.5146       13.105625        10.031282         3.0743425       4368.4343                 21.429512                 395.77546                           2422.2196                      28.408115                2.0009107               6.495528                         29.324054                                 40.996934             1421.5146      0.26960059
              5       2198.1254       3.0276175      0.96698234     0.022865315      0.11228257     0.055481812         1.7568729      0.99864563      0.99947726       0.9988232       69.776752     0.031055686       5.8992777       4.6130254       11.745881       11.139374        18.306087        81.67091       269.44597       51.392063       29.388648       85.580327     0.075447384        0.13977604        0.39432914       0.2586492        0.57569119       1.6368592    2.064798e-09      0.25711843      0.78451198      0.72628246       148.10144       37.820492       2868.2135       1421.5146       13.717837        10.549202         3.1686351       4368.8152                 21.429512                 395.77546                           2422.6004                      28.408115                2.0009107               6.495528                         29.324054                                 40.996934             1421.5146      0.26960059
              2       2198.1668       3.0276175      0.96698234     0.022865315      0.11228257     0.055481812         1.7568729      0.99864563      0.99947367      0.99880589       69.735174     0.029802835       5.9359125       4.6163351       11.740896       11.121299        18.341272       81.740482       269.59401        51.49207       29.330172       85.649194      0.07579745        0.13864955        0.39620441      0.25840915        0.57349372       1.6298377    2.064798e-09      0.25711843      0.78451198      0.72628246       148.10144       37.820492       2868.3016       1421.5146       13.715206        10.515038         3.2001678       4368.9033                 21.429512                 395.77546                           2422.6886                      28.408115                2.0009107               6.495528                         29.324054                                 40.996934             1421.5146      0.26960059
              7       2198.5832       3.0276175      0.96698234     0.022865315      0.11228257     0.055481812         1.7568729      0.99864563      0.99947477      0.99880364       69.751597     0.029965241       5.8985619       4.5869991       11.785377       11.113997        18.327608       81.694377       269.50806       51.883551       29.305964       85.673563     0.070314094        0.13837731        0.38488404      0.25498202        0.57103887       1.6285702    2.064798e-09      0.25711843      0.78451198      0.72628246       148.10144       37.820492       2868.6105       1421.5146       13.977157        10.822223         3.1549338       4369.2122                 21.429512                 395.77546                           2422.9974                      28.408115                2.0009107               6.495528                         29.324054                                 40.996934             1421.5146      0.26960059
              3       2198.6976       3.0276175      0.96698234     0.022865315      0.11228257     0.055481812         1.7568729      0.99864563      0.99945437      0.99881707       69.749129     0.029227797       5.9134287       4.5725389       11.821594       11.096746        18.284047       81.705506       269.35656       51.723284       29.271926       85.513449      0.06899775        0.13126717        0.38475678      0.25401634         0.5750473       1.6270789    2.064798e-09      0.25711843      0.78451198      0.72628246       148.10144       37.820492       2868.7517       1421.5146       14.020934        10.861306         3.1596276       4369.3533                 21.429512                 395.77546                           2423.1386                      28.408115                2.0009107               6.495528                         29.324054                                 40.996934             1421.5146      0.26960059
              1       2198.4848       3.0276175      0.96698234     0.022865315      0.11228257     0.055481812         1.7568729      0.99864563      0.99939175      0.99887032       69.787504     0.022409518       5.7720817        4.435901       11.782457       11.000881        18.283052       81.861292       266.61693       51.967578        29.08463       85.686634     0.091642907        0.13633952        0.38357351      0.25495899        0.59304955       1.6279345    2.064798e-09      0.25711843      0.78451198      0.72628246       148.10144       37.820492       2870.0494       1421.5146       13.159301        10.175129         2.9841716        4370.651                 21.429512                 395.77546                           2424.4363                      28.408115                2.0009107               6.495528                         29.324054                                 40.996934             1421.5146      0.26960059
              3       2199.1051       3.0276175      0.96698234     0.022865315      0.11228257     0.055481812         1.7568729      0.99864563      0.99976698      0.99878325       69.950617     0.027701091       5.6199271       4.8440177       12.291246       10.972341        18.808321       81.948337       259.51959       51.041561       29.807327       85.528143      0.11354383        0.12983673        0.31777211      0.21439364        0.63049227       1.6404082    2.064798e-09      0.25711843      0.78451198      0.72628246       148.10144       37.820492       2871.7303       1421.5146       12.939165        9.8771674         3.0619974       4372.3319                 21.429512                 395.77546                           2426.1172                      28.408115                2.0009107               6.495528                         29.324054                                 40.996934             1421.5146      0.26960059
              1        2199.171       3.0276175      0.96698234     0.022865315      0.11228257     0.055481812         1.7568729      0.99864563      0.99975075      0.99864982       69.660069     0.033174002       5.6525331        4.891802       12.405051       10.881345        18.927372       82.158194       264.69904       51.629677        29.47569       85.536957     0.092388932        0.11190363        0.33608677      0.21153597        0.61248423       1.5839989    2.064798e-09      0.25711843      0.78451198      0.72628246       148.10144       37.820492       2871.2601       1421.5146        13.24011        10.129403         3.1107069       4371.8618                 21.429512                 395.77546                           2425.6471                      28.408115                2.0009107               6.495528                         29.324054                                 40.996934             1421.5146      0.26960059
              3       2199.2152       3.0276175      0.96698234     0.022865315      0.11228257     0.055481812         1.7568729      0.99864563      0.99979086      0.99868344       69.608435     0.025845712       5.6402851       4.9928322       12.349421       10.847688        18.957406       82.028832       263.95669       51.986859       29.474437       85.889115     0.087963332         0.1114572        0.33477194      0.21374615        0.60895337       1.5877056    2.064798e-09      0.25711843      0.78451198      0.72628246       148.10144       37.820492       2871.0288       1421.5146       13.400004        10.248793         3.1512116       4371.6305                 21.429512                 395.77546                           2425.4158                      28.408115                2.0009107               6.495528                         29.324054                                 40.996934             1421.5146      0.26960059
              3       2198.7303       3.0276175      0.96698234     0.022865315      0.11228257     0.055481812         1.7568729      0.99828068      0.99979086      0.99868344       69.608435     0.025845712       5.6402851       4.9928322       12.349421       10.847688        18.957406       82.028832       263.95669       51.986859       29.474437       85.889115     0.087963332         0.1114572        0.33477194      0.21374615        0.60895337       1.5877056    2.064798e-09      0.25711843      0.78451198      0.72628246       148.10144       37.820492       2869.8796       1421.5146       13.489742        10.338531         3.1512116       4370.4812                 21.468317                 395.78886                           2424.7588                      27.863633                2.0009107               6.495528                         29.324054                                 40.996934             1421.5146      0.26960059
              1        2200.014       3.0276175      0.96698234     0.022865315      0.11228257     0.055481812         1.7568729      0.99828068      0.99971522      0.99859835        69.83558     0.045598392       5.4237272       5.7635536       13.133009       11.134661        18.638803       81.361221       272.85097       53.850383       29.001891       85.960607     0.094875986        0.12060385        0.36076656      0.23946493        0.58205027       1.5814148    2.064798e-09      0.25711843      0.78451198      0.72628246       148.10144       37.820492       2870.7294       1421.5146       14.348543        10.974404         3.3741392        4371.331                 21.468317                 395.78886                           2425.6085                      27.863633                2.0009107               6.495528                         29.324054                                 40.996934             1421.5146      0.26960059
              1       2200.1252       3.0276175      0.96698234     0.022865315      0.11228257     0.055481812         1.7568729      0.99828068      0.99971797      0.99858681       69.786505     0.044245287       5.4333952       5.7681915        13.13935        11.14322        18.621514       81.273978       272.38388       53.888592       28.995855       86.036886      0.10031929        0.11764882        0.36014884      0.23548304        0.58236172       1.5710509    2.064798e-09      0.25711843      0.78451198      0.72628246       148.10144       37.820492       2871.1055       1421.5146       14.271594        10.886393         3.3852014       4371.7071                 21.468317                 395.78886                           2425.9847                      27.863633                2.0009107               6.495528                         29.324054                                 40.996934             1421.5146      0.26960059
              4       2201.2048       3.0276175      0.96698234     0.022865315      0.11228257     0.055481812         1.7568729      0.99828068      0.99954384      0.99856511        70.20175     0.016009923       5.2351885       5.8417642       12.911511       11.042846        18.988972       80.971668         266.585       54.326265       29.415158       85.484239      0.09232125        0.11997184        0.36347454      0.25191902        0.56553587        1.481415    2.064798e-09      0.25711843      0.78451198      0.72628246       148.10144       37.820492       2872.5839       1421.5146       14.612017        11.357791         3.2542256       4373.1855                 21.468317                 395.78886                            2427.463                      27.863633                2.0009107               6.495528                         29.324054                                 40.996934             1421.5146      0.26960059
              1       2200.8685       3.0276175      0.96698234     0.022865315      0.11228257     0.055481812         1.7568729      0.99828068      0.99954458      0.99857616       70.192939     0.022777167       5.2688364       5.6100554       12.751472        11.07443        18.930237       80.893486        267.7063       55.131141       29.324892        85.46498       0.1006663        0.12390707        0.37356436      0.26198835         0.5607626        1.482296    2.064798e-09      0.25711843      0.78451198      0.72628246       148.10144       37.820492       2872.6419       1421.5146       14.246769        11.084032         3.1627374       4373.2435                 21.468317                 395.78886                           2427.5211                      27.863633                2.0009107               6.495528                         29.324054                                 40.996934             1421.5146      0.26960059
              1       2201.2411       3.0276175      0.96698234     0.022865315      0.11228257     0.055481812         1.7568729      0.99828068      0.99953632      0.99858205       70.231315     0.018541552        5.290173       5.6100288       12.760994       11.064686        19.074787       80.856867       267.64059       55.005203       29.146793       85.582219      0.10588033        0.12261513        0.37812456      0.26565214        0.55798154       1.4892592    2.064798e-09      0.25711843      0.78451198      0.72628246       148.10144       37.820492       2873.4048       1421.5146       14.237843        11.057833         3.1800104       4374.0065                 21.468317                 395.78886                            2428.284                      27.863633                2.0009107               6.495528                         29.324054                                 40.996934             1421.5146      0.26960059
              4       2201.3957       3.0276175      0.96698234     0.022865315      0.11228257     0.055481812         1.7568729      0.99828068      0.99940572      0.99848463       70.322091     0.024428349       5.4210849       5.0191157       12.299234       11.329659        19.535714       80.585048       270.04297       55.591305       29.695281         85.4666     0.093146929        0.10449745        0.36487238      0.23763326        0.54252599       1.5812191    2.064798e-09      0.25711843      0.78451198      0.72628246       148.10144       37.820492       2873.8005       1421.5146       14.194675        11.200457         2.9942177       4374.4021                 21.468317                 395.78886                           2428.6797                      27.863633                2.0009107               6.495528                         29.324054                                 40.996934             1421.5146      0.26960059
              2       2201.4929       3.0276175      0.96698234     0.022865315      0.11228257     0.055481812         1.7568729      0.99828068      0.99933784      0.99840067       70.351619     0.062731129       5.6077277        5.154515       12.370031       11.512128        19.681907       81.264953       268.73206       55.658269       29.407637       85.535097      0.13042073        0.12120814        0.34690575      0.21506044        0.50680658       1.5389685    2.064798e-09      0.25711843      0.78451198      0.72628246       148.10144       37.820492        2872.693       1421.5146       14.845605         11.63872         3.2068849       4373.2947                 21.468317                 395.78886                           2427.5722                      27.863633                2.0009107               6.495528                         29.324054                                 40.996934             1421.5146      0.26960059
              6       2201.4599       3.0276175      0.96698234     0.022865315      0.11228257     0.055481812         1.7568729      0.99828068      0.99932729      0.99838324       70.362754     0.060051859       5.5762773       5.1441345       12.379562       11.579526        19.749384       81.237815       268.81253       55.738759       29.455896        85.40281      0.13143502        0.12587797        0.34522314      0.22014554        0.50802837       1.5274138    2.064798e-09      0.25711843      0.78451198      0.72628246       148.10144       37.820492       2872.6359       1421.5146        14.84111        11.665227         3.1758832       4373.2375                 21.468317                 395.78886                           2427.5151                      27.863633                2.0009107               6.495528                         29.324054                                 40.996934             1421.5146      0.26960059
              2        2201.486       3.0276175      0.96698234     0.022865315      0.11228257     0.055481812         1.7568729      0.99872259      0.99932729      0.99838324       70.362754     0.060051859       5.5762773       5.1441345       12.379562       11.579526        19.749384       81.237815       268.81253       55.738759       29.455896        85.40281      0.13143502        0.12587797        0.34522314      0.22014554        0.50802837       1.5274138    2.064798e-09      0.25711843      0.78451198      0.72628246       148.10144       37.820492       2872.8999       1421.5146       14.735167        11.559284         3.1758832       4373.5016                 21.421376                 395.77546                           2427.1792                      28.523852                2.0009107               6.495528                         29.324054                                 40.996934             1421.5146      0.26960059
              5       2201.6456       3.0276175      0.96698234     0.022865315      0.11228257     0.055481812         1.7568729      0.99810778      0.99932729      0.99838324       70.362754     0.060051859       5.5762773       5.1441345       12.379562       11.579526        19.749384       81.237815       268.81253       55.738759       29.455896        85.40281      0.13143502        0.12587797        0.34522314      0.22014554        0.50802837       1.5274138    2.064798e-09      0.25711843      0.78451198      0.72628246       148.10144       37.820492       2872.9075       1421.5146       14.891064        11.715181         3.1758832       4373.5091                 21.486842                 395.77735                           2428.0351                      27.608156                2.0009107               6.495528                         29.324054                                 40.996934             1421.5146      0.26960059
              1       2201.6231       3.0276175      0.96698234     0.022865315      0.11228257     0.055481812         1.7568729      0.99810778      0.99927089      0.99861403       70.442734     0.057326066       5.5777894       4.9514166       12.212398       11.283002          19.9798       81.620896       268.70023       55.886115       29.056745       85.146266      0.10426932        0.12765698        0.33410628      0.23740053        0.53213895       1.4983689    2.064798e-09      0.25711843      0.78451198      0.72628246       148.10144       37.820492       2872.9158       1421.5146       14.864431        11.783084         3.0813465       4373.5174                 21.486842                 395.77735                           2428.0434                      27.608156                2.0009107               6.495528                         29.324054                                 40.996934             1421.5146      0.26960059
              2       2201.4571       3.0276175      0.96698234     0.022865315      0.11228257     0.055481812         1.7568729      0.99810778      0.99930935      0.99863726       70.171023      0.04128631        5.672846        4.219077       12.168925       12.017277        20.373448       81.955468       268.81147       55.016115       28.879386       86.292974      0.13596396        0.13974643        0.29508542      0.21002346        0.58417145       1.4976291    2.064798e-09      0.25711843      0.78451198      0.72628246       148.10144       37.820492        2873.689       1421.5146       14.311771        11.493842         2.8179293       4374.2907                 21.486842                 395.77735                           2428.8167                      27.608156                2.0009107               6.495528                         29.324054                                 40.996934             1421.5146      0.26960059
              1       2200.9286       3.0276175      0.96698234     0.022865315      0.11228257     0.055481812         1.7568729      0.99810778      0.99961032      0.99843824       70.827522     0.057021292       5.5887878       4.1182637       11.678441       12.381737        21.327142       82.948319       270.32256       54.738689       30.359917       85.950052     0.070258128        0.12727302        0.30595588       0.2326086        0.57646218       1.5142541    2.064798e-09      0.25711843      0.78451198      0.72628246       148.10144       37.820492       2873.0418       1421.5146       14.106877        11.385109         2.7217679       4373.6435                 21.486842                 395.77735                           2428.1695                      27.608156                2.0009107               6.495528                         29.324054                                 40.996934             1421.5146      0.26960059
              2       2201.0081       3.0276175      0.96698234     0.022865315      0.11228257     0.055481812         1.7568729      0.99810778      0.99968895       0.9985738       70.746342     0.058782145       6.0101673       4.1601972       11.449644       12.267423        20.728517       82.551011       274.74087       55.733255       30.320335       85.275353      0.13093683        0.18771871        0.32420017      0.24482408        0.55615055       1.5849511    2.064798e-09      0.25711843      0.78451198      0.72628246       148.10144       37.820492       2872.3691       1421.5146       14.522749         11.48919         3.0335593       4372.9707                 21.486842                 395.77735                           2427.4967                      27.608156                2.0009107               6.495528                         29.324054                                 40.996934             1421.5146      0.26960059
              2       2200.3084       3.0276175      0.96698234     0.022865315      0.11228257     0.055481812         1.7568729      0.99810778      0.99972228       0.9988023       70.712528     0.070457247       6.0211202       4.4869201       11.652283       12.417913        20.725766       82.541601        278.1129       56.697858       30.591375       84.982329      0.12242148         0.1472302        0.33724098      0.24713183        0.57186026        1.591537    2.064798e-09      0.25711843      0.78451198      0.72628246       148.10144       37.820492       2872.7712       1421.5146       13.621977        10.418261         3.2037165       4373.3729                 21.486842                 395.77735                           2427.8989                      27.608156                2.0009107               6.495528                         29.324054                                 40.996934             1421.5146      0.26960059
              2        2200.581       3.0276175      0.96698234     0.022865315      0.11228257     0.055481812         1.7568729      0.99810778      0.99973312       0.9987958       70.677015     0.066513984       6.0370648       4.5276896       11.635252       12.512181        20.871779       82.880436       278.80981       56.675618       30.700899       84.714391      0.12107958        0.15105719        0.33480215      0.25644341        0.55729906       1.5747275    2.064798e-09      0.25711843      0.78451198      0.72628246       148.10144       37.820492       2872.4034       1421.5146       14.078524        10.840534           3.23799        4373.005                 21.486842                 395.77735                            2427.531                      27.608156                2.0009107               6.495528                         29.324054                                 40.996934             1421.5146      0.26960059
              1       2199.0721       3.0276175      0.96698234     0.022865315      0.11228257     0.055481812         1.7568729      0.99810778      0.99991444      0.99865305       70.745318     0.073696272       5.9620145        4.790803       11.581781       12.735154        21.150015       82.954456       280.18945       55.292711       30.897877        85.05505      0.11955563        0.14487754        0.40718049      0.26219107        0.54648336       1.7164133    2.064798e-09      0.25711843      0.78451198      0.72628246       148.10144       37.820492       2871.3903       1421.5146       13.076093        9.7624783         3.3136149       4371.9919                 21.486842                 395.77735                            2426.518                      27.608156                2.0009107               6.495528                         29.324054                                 40.996934             1421.5146      0.26960059
              2       2199.6384       3.0276175      0.96698234     0.022865315      0.11228257     0.055481812         1.7568729      0.99810778      0.99987624      0.99868944       70.634236     0.077142445        5.995998       4.7755449       11.625895       12.684556         20.95609       82.808074       279.79713       54.980071       30.447348       85.090258      0.12822356        0.14827132        0.41077145      0.29111493        0.55521187       1.7067942    2.064798e-09      0.25711843      0.78451198      0.72628246       148.10144       37.820492         2871.82       1421.5146        13.42763        10.092938          3.334692       4372.4216                 21.486842                 395.77735                           2426.9476                      27.608156                2.0009107               6.495528                         29.324054                                 40.996934             1421.5146      0.26960059
              2       2199.6704       3.0276175      0.96698234     0.022865315      0.11228257     0.055481812         1.7568729      0.99885734      0.99987624      0.99868944       70.634236     0.077142445        5.995998       4.7755449       11.625895       12.684556         20.95609       82.808074       279.79713       54.980071       30.447348       85.090258      0.12822356        0.14827132        0.41077145      0.29111493        0.55521187       1.7067942    2.064798e-09      0.25711843      0.78451198      0.72628246       148.10144       37.820492       2872.2479       1421.5146       13.245645        9.9109534          3.334692       4372.8495                 21.407164                 395.77791                           2426.3356                      28.727226                2.0009107               6.495528                         29.324054                                 40.996934             1421.5146      0.26960059
              2       2201.1101       3.0276175      0.96698234     0.022865315      0.11228257     0.055481812         1.7568729      0.99885734      0.99970771      0.99882636       70.910427     0.066775699       6.2868355       4.4292603       11.756831       13.092155        21.036298       83.408379       296.71939       54.899457       30.375649       86.193483      0.12342939        0.19717481        0.47276098      0.27462821        0.55475802       1.6674743    2.064798e-09      0.25711843      0.78451198      0.72628246       148.10144       37.820492       2871.0526       1421.5146       15.283001         11.88311         3.3998903       4371.6542                 21.407164                 395.77791                           2425.1403                      28.727226                2.0009107               6.495528                         29.324054                                 40.996934             1421.5146      0.26960059
              2       2200.9803       3.0276175      0.96698234     0.022865315      0.11228257     0.055481812         1.7568729      0.99885734      0.99967598      0.99881431       71.042556     0.048586096       6.1202646       4.5071173       12.000725       13.185748        20.384377       83.560883        302.8004       53.944148       30.149776       85.372622     0.092084735        0.18808699        0.45183951      0.27069981        0.53938372       1.7071904    2.064798e-09      0.25711843      0.78451198      0.72628246       148.10144       37.820492       2870.1386       1421.5146       15.610144        12.312838         3.2973058       4370.7402                 21.407164                 395.77791                           2424.2263                      28.727226                2.0009107               6.495528                         29.324054                                 40.996934             1421.5146      0.26960059
              4       2201.0392       3.0276175      0.96698234     0.022865315      0.11228257     0.055481812         1.7568729      0.99885734      0.99966783      0.99882644       71.074218     0.046436795        6.126236       4.5154499       12.023955       13.173621        20.387463       83.559067       302.72405       53.965896       30.146897       85.410867     0.090782085        0.18778532        0.45039581       0.2714465        0.53935892       1.7088648    2.064798e-09      0.25711843      0.78451198      0.72628246       148.10144       37.820492       2870.1018       1421.5146       15.687458        12.380596         3.3068624       4370.7034                 21.407164                 395.77791                           2424.1895                      28.727226                2.0009107               6.495528                         29.324054                                 40.996934             1421.5146      0.26960059
              2       2200.6713       3.0276175      0.96698234     0.022865315      0.11228257     0.055481812         1.7568729      0.99885734      0.99963113      0.99883858       71.005383     0.063309157       6.1239772       4.4816841       12.058422       12.952686        20.331097        83.63544       301.71252       54.015466       29.937716       85.325475     0.097816925        0.16899326        0.45397351      0.27609461        0.53157694       1.7277302    2.064798e-09      0.25711843      0.78451198      0.72628246       148.10144       37.820492       2870.7962       1421.5146       14.972346        11.685415         3.2869316       4371.3979                 21.407164                 395.77791                           2424.8839                      28.727226                2.0009107               6.495528                         29.324054                                 40.996934             1421.5146      0.26960059
              1       2200.7237       3.0276175      0.96698234     0.022865315      0.11228257     0.055481812         1.7568729      0.99885734      0.99955523      0.99889435       70.937345     0.052041664        6.053393       4.6137439       11.996661       12.851046        20.261182       82.097124       308.48523        53.38015       29.455861       85.132676     0.078539083          0.133485        0.48179058      0.28284822        0.56780294       1.6737143    2.064798e-09      0.25711843      0.78451198      0.72628246       148.10144       37.820492       2871.7981       1421.5146       14.523791        11.226682         3.2971096       4372.3998                 21.407164                 395.77791                           2425.8858                      28.727226                2.0009107               6.495528                         29.324054                                 40.996934             1421.5146      0.26960059
              1       2200.7977       3.0276175      0.96698234     0.022865315      0.11228257     0.055481812         1.7568729      0.99885734      0.99955003      0.99889113       70.780894     0.052653393       5.9275823       4.5533646       12.024433       12.683773         20.13755       81.898132       306.27253       53.512764       29.542288       84.933657     0.064184937         0.1352472        0.49323075      0.28472694        0.58072244       1.6808792    2.064798e-09      0.25711843      0.78451198      0.72628246       148.10144       37.820492        2871.612       1421.5146       14.690887         11.52951         3.1613771       4372.2136                 21.407164                 395.77791                           2425.6997                      28.727226                2.0009107               6.495528                         29.324054                                 40.996934             1421.5146      0.26960059
              1       2200.2244       3.0276175      0.96698234     0.022865315      0.11228257     0.055481812         1.7568729      0.99885734      0.99926555      0.99922565       69.886971     0.028116823       5.6874154       4.4829782       11.480839       12.295612        19.374308       82.265672       310.33154       52.810729       29.006273       85.547262      0.13487346        0.13338149        0.42192404      0.22263186        0.58190028       1.7208689    2.064798e-09      0.25711843      0.78451198      0.72628246       148.10144       37.820492       2873.1736       1421.5146       13.336818        10.393178           2.94364       4373.7752                 21.407164                 395.77791                           2427.2613                      28.727226                2.0009107               6.495528                         29.324054                                 40.996934             1421.5146      0.26960059
              1       2200.0877       3.0276175      0.96698234     0.022865315      0.11228257     0.055481812         1.7568729      0.99885734      0.99926878      0.99909644       69.989678     0.033783856       5.7079033       4.6252166       11.361932        12.22531        19.188653       81.910478       308.51444       52.725036       28.807112       85.553235      0.15886374        0.13774621        0.43052854       0.2177227        0.58469641       1.7298616    2.064798e-09      0.25711843      0.78451198      0.72628246       148.10144       37.820492        2873.304       1421.5146       13.134873        10.110134          3.024739       4373.9057                 21.407164                 395.77791                           2427.3917                      28.727226                2.0009107               6.495528                         29.324054                                 40.996934             1421.5146      0.26960059
              2       2200.2442       3.0276175      0.96698234     0.022865315      0.11228257     0.055481812         1.7568729      0.99885734      0.99927904      0.99909939       69.994653     0.034674809        5.760917       4.5302656       11.319753       12.146556        19.334868       81.773821       308.59258       52.707438       28.845906       85.415705      0.15580139        0.13685678        0.43240605      0.20427633        0.57787458       1.7486066    2.064798e-09      0.25711843      0.78451198      0.72628246       148.10144       37.820492       2873.7625       1421.5146         13.0621        10.042147         3.0199527       4374.3641                 21.407164                 395.77791                           2427.8502                      28.727226                2.0009107               6.495528                         29.324054                                 40.996934             1421.5146      0.26960059
              2       2200.3044       3.0276175      0.96698234     0.022865315      0.11228257     0.055481812         1.7568729      0.99885734      0.99927456      0.99909286       69.980552     0.035819154       5.7667545       4.5077246       11.321938       12.161774         19.32563       81.789152        308.4669       52.736322       28.837306       85.421438      0.15628642        0.13499634        0.43231216      0.20457933        0.57888465       1.7507827    2.064798e-09      0.25711843      0.78451198      0.72628246       148.10144       37.820492       2873.9289       1421.5146       13.039194        10.025462         3.0137319       4374.5305                 21.407164                 395.77791                           2428.0166                      28.727226                2.0009107               6.495528                         29.324054                                 40.996934             1421.5146      0.26960059
              1       2201.9487       3.0276175      0.96698234     0.022865315      0.11228257     0.055481812         1.7568729      0.99885734      0.99935155      0.99910189       70.143885      0.03062892        5.810078        4.843131       11.570161       12.009309        18.667081       81.177866       306.43809       53.478911       28.644839       85.200869      0.16333972         0.1078907        0.42320045      0.19496407        0.62310287         1.70757    2.064798e-09      0.25711843      0.78451198      0.72628246       148.10144       37.820492       2876.9126       1421.5146       13.191587        9.9783313         3.2132561       4377.5143                 21.407164                 395.77791                           2431.0003                      28.727226                2.0009107               6.495528                         29.324054                                 40.996934             1421.5146      0.26960059
              1       2202.1573       3.0276175      0.96698234     0.022865315      0.11228257     0.055481812         1.7568729      0.99885734      0.99928176      0.99906326       70.171288     0.032008665        5.722921       4.9084562       11.599609       12.150437        18.430936       81.308981       304.40658       53.675998       28.420135        85.14465      0.17970337        0.13001684        0.42365868      0.19297003        0.61625658       1.7000831    2.064798e-09      0.25711843      0.78451198      0.72628246       148.10144       37.820492       2876.6391       1421.5146       13.536923        10.361572         3.1753514       4377.2407                 21.407164                 395.77791                           2430.7268                      28.727226                2.0009107               6.495528                         29.324054                                 40.996934             1421.5146      0.26960059
              1       2202.6438       3.0276175      0.96698234     0.022865315      0.11228257     0.055481812         1.7568729      0.99885734      0.99907467      0.99898775       71.093636     0.029231307       5.6495923       5.3181203       11.629752        11.33988        19.147891       81.630636       300.09606       51.501026       28.064843       84.846495      0.17501603        0.15359532        0.39238777      0.12698199        0.63301247       1.7162212    2.064798e-09      0.25711843      0.78451198      0.72628246       148.10144       37.820492       2875.8394       1421.5146       14.423258        11.094874         3.3283839        4376.441                 21.407164                 395.77791                           2429.9271                      28.727226                2.0009107               6.495528                         29.324054                                 40.996934             1421.5146      0.26960059
              3       2200.9529       3.0276175      0.96698234     0.022865315      0.11228257     0.055481812         1.7568729      0.99885734      0.99908981      0.99908055        71.53295    0.0012096638       5.4837065       5.4814825       11.447443       11.877161        19.553925        81.62259       297.93638       51.949549       28.296785       83.816342      0.16543915        0.13093895        0.36312214       0.1374711        0.64295924       1.7671503    2.064798e-09      0.25711843      0.78451198      0.72628246       148.10144       37.820492       2873.0169       1421.5146        14.14365        10.869769         3.2738814       4373.6185                 21.407164                 395.77791                           2427.1046                      28.727226                2.0009107               6.495528                         29.324054                                 40.996934             1421.5146      0.26960059
              1       2200.0156       3.0276175      0.96698234     0.022865315      0.11228257     0.055481812         1.7568729      0.99885734      0.99910762      0.99909462       71.262709    0.0040147747       5.2533238       5.5802113       11.371333       11.716799         19.50285       81.810512       293.84535       52.102429       28.435651       83.828139       0.1425348        0.11702736        0.37491889       0.1314754        0.63665603       1.7615927    2.064798e-09      0.25711843      0.78451198      0.72628246       148.10144       37.820492       2872.1434       1421.5146       13.643073        10.507746         3.1353271       4372.7451                 21.407164                 395.77791                           2426.2311                      28.727226                2.0009107               6.495528                         29.324054                                 40.996934             1421.5146      0.26960059
              1       2198.9678       3.0276175      0.96698234     0.022865315      0.11228257     0.055481812         1.7568729      0.99885734      0.99924202      0.99912065       71.323181     0.029559334       4.9344597       5.4259587       10.319252       11.291314        18.931757       83.974197       288.14317       51.840255       28.534302        82.54748      0.16182176        0.11726303        0.33727916      0.14673874        0.60720232       1.7526016    2.064798e-09      0.25711843      0.78451198      0.72628246       148.10144       37.820492        2870.944       1421.5146       13.195006        10.366302         2.8287042       4371.5456                 21.407164                 395.77791                           2425.0317                      28.727226                2.0009107               6.495528                         29.324054                                 40.996934             1421.5146      0.26960059
              5       2200.1424       3.0276175      0.96698234     0.022865315      0.11228257     0.055481812         1.7568729      0.99885734      0.99920186      0.99910906       71.243889     0.044412901       4.9454222       5.5358488       10.336291       11.470922        18.818223       83.880609         287.476       52.143758       28.247446       81.902323      0.18755415         0.1382108        0.35240005      0.13987845        0.60186366       1.7388617    2.064798e-09      0.25711843      0.78451198      0.72628246       148.10144       37.820492       2871.8782       1421.5146       13.902515        11.018806         2.8837088       4372.4799                 21.407164                 395.77791                           2425.9659                      28.727226                2.0009107               6.495528                         29.324054                                 40.996934             1421.5146      0.26960059
              2        2199.138       3.0276175      0.96698234     0.022865315      0.11228257     0.055481812         1.7568729      0.99885734      0.99913386      0.99921428        71.37157     0.035484524       4.9637453       5.5928041        10.28883       11.526618        19.152231       83.900269       284.52771       51.746606       28.290243       81.819157      0.18487098        0.15381151        0.36002862      0.16613972        0.59288123       1.7606029    2.064798e-09      0.25711843      0.78451198      0.72628246       148.10144       37.820492       2869.3614       1421.5146       14.156457        11.234485         2.9219721       4369.9631                 21.407164                 395.77791                           2423.4491                      28.727226                2.0009107               6.495528                         29.324054                                 40.996934             1421.5146      0.26960059
              2        2199.137       3.0276175      0.96698234     0.022865315      0.11228257     0.055481812         1.7568729      0.99885734      0.99913415      0.99921164       71.370033     0.036498197       4.9541865        5.599617       10.294385       11.531506        19.147663       83.921296       284.51445       51.748922       28.299811       81.817889       0.1850208         0.1540164        0.36154199      0.16603958        0.59262774       1.7605939    2.064798e-09      0.25711843      0.78451198      0.72628246       148.10144       37.820492       2869.3886       1421.5146       14.141866        11.223692         2.9181739       4369.9903                 21.407164                 395.77791                           2423.4763                      28.727226                2.0009107               6.495528                         29.324054                                 40.996934             1421.5146      0.26960059
              2       2198.7859       3.0276175      0.96698234     0.022865315      0.11228257     0.055481812         1.7568729      0.99885734      0.99916633      0.99922988       71.495915     0.033388599       4.9804216        5.646004       10.330468        11.58698        19.111646       84.033215        284.4908       51.651136       28.243296       81.614287      0.17530395        0.15412568        0.36375974      0.16738972        0.60093809       1.7509162    2.064798e-09      0.25711843      0.78451198      0.72628246       148.10144       37.820492        2869.388       1421.5146       13.791114        10.832976         2.9581386       4369.9897                 21.407164                 395.77791                           2423.4757                      28.727226                2.0009107               6.495528                         29.324054                                 40.996934             1421.5146      0.26960059
              1       2198.3754       3.0276175      0.96698234     0.022865315      0.11228257     0.055481812         1.7568729      0.99885734      0.99890852      0.99926867       70.985598    0.0097922654       5.1444356       5.6736255       10.531184       11.916148        18.637252       84.088234       283.50257       51.486878       28.171953       82.028958      0.15211196        0.11917042        0.39049071      0.19893711        0.58826539       1.7154395    2.064798e-09      0.25711843      0.78451198      0.72628246       148.10144       37.820492       2868.1508       1421.5146       13.999238        10.903822         3.0954163       4368.7524                 21.407164                 395.77791                           2422.2385                      28.727226                2.0009107               6.495528                         29.324054                                 40.996934             1421.5146      0.26960059
              2       2198.1799       3.0276175      0.96698234     0.022865315      0.11228257     0.055481812         1.7568729      0.99885734      0.99889431       0.9992845       70.981214    0.0058548884       5.1363309       5.7661642       10.582562       11.904377        18.623514       83.987602          284.89        51.37952       28.066214       82.082574      0.15129748         0.1211304          0.392016      0.19022129        0.58760235       1.7265882    2.064798e-09      0.25711843      0.78451198      0.72628246       148.10144       37.820492       2867.4994       1421.5146       14.129421        10.994709         3.1347114        4368.101                 21.407164                 395.77791                           2421.5871                      28.727226                2.0009107               6.495528                         29.324054                                 40.996934             1421.5146      0.26960059
              1        2198.964       3.0276175      0.96698234     0.022865315      0.11228257     0.055481812         1.7568729      0.99885734      0.99878858      0.99914679       70.808192    0.0093295437       5.1396591       5.6290239       10.532794       12.004148        18.462527       83.699227       287.62155       50.953212       27.714821       82.446701      0.16148496        0.12728055        0.38073369        0.184298         0.5970166       1.7176807    2.064798e-09      0.25711843      0.78451198      0.72628246       148.10144       37.820492       2869.0318       1421.5146        14.14728         11.07728         3.0699991       4369.6335                 21.407164                 395.77791                           2423.1195                      28.727226                2.0009107               6.495528                         29.324054                                 40.996934             1421.5146      0.26960059
              2       2199.3748       3.0276175      0.96698234     0.022865315      0.11228257     0.055481812         1.7568729      0.99885734      0.99877941      0.99907728       70.816789     0.029980907       5.0453605       5.3334492        10.34269       11.693167        18.402881        83.78482       286.20642       50.429214       28.067164       81.677457      0.13670265        0.10612299        0.36821426      0.19608152        0.61427528       1.6517455    2.064798e-09      0.25711843      0.78451198      0.72628246       148.10144       37.820492       2871.0827       1421.5146       13.532597        10.667432         2.8651641       4371.6844                 21.407164                 395.77791                           2425.1704                      28.727226                2.0009107               6.495528                         29.324054                                 40.996934             1421.5146      0.26960059
              1       2200.6438       3.0276175      0.96698234     0.022865315      0.11228257     0.055481812         1.7568729      0.99885734       0.9988401       0.9990399       71.286646      0.01159522       4.9556889       4.5174531       10.121102       11.037695        18.240614        83.37548       282.80837       49.671296       27.876333       81.998784      0.14518041        0.18538056        0.43344458       0.2059383        0.59063236       1.7633948    2.064798e-09      0.25711843      0.78451198      0.72628246       148.10144       37.820492       2873.8749       1421.5146       13.405503        10.905608         2.4998947       4374.4765                 21.407164                 395.77791                           2427.9626                      28.727226                2.0009107               6.495528                         29.324054                                 40.996934             1421.5146      0.26960059
              2       2200.6854       3.0276175      0.96698234     0.022865315      0.11228257     0.055481812         1.7568729      0.99885734      0.99879864      0.99901247        71.33747    0.0039568614       4.9595552       4.5873483       10.195595       10.966106        18.284543       83.368723       284.61326       49.475482       28.173714        82.10826      0.14120601        0.18821447         0.4341059      0.20703803        0.58508025       1.7566131    2.064798e-09      0.25711843      0.78451198      0.72628246       148.10144       37.820492       2873.4305       1421.5146       13.669352        11.144228         2.5251248       4374.0322                 21.407164                 395.77791                           2427.5182                      28.727226                2.0009107               6.495528                         29.324054                                 40.996934             1421.5146      0.26960059
              1       2203.2834       3.0276175      0.96698234     0.022865315      0.11228257     0.055481812         1.7568729      0.99885734      0.99898062      0.99886724        70.52633     0.059502692       4.6085717       5.1695431       10.604248       10.558952        18.820808       83.355727       282.85014       48.246417       27.792644       82.521196      0.10691347        0.20169463         0.4392691      0.21257379        0.61139631       1.8752793    2.064798e-09      0.25711843      0.78451198      0.72628246       148.10144       37.820492       2879.0729       1421.5146        13.44609        10.914016         2.5320741       4379.6745                 21.407164                 395.77791                           2433.1606                      28.727226                2.0009107               6.495528                         29.324054                                 40.996934             1421.5146      0.26960059
              3       2202.6771       3.0276175      0.96698234     0.022865315      0.11228257     0.055481812         1.7568729      0.99885734      0.99882856      0.99887043       70.038118     0.043287132       4.5654018       4.9558175       11.087345       10.372908        18.514741        83.14664       277.21112       49.708818       28.122296       82.738519      0.11407582         0.1959853        0.45217215      0.22590041        0.62842351       1.8634196    2.064798e-09      0.25711843      0.78451198      0.72628246       148.10144       37.820492       2877.6581       1421.5146       13.547263        11.106371          2.440892       4378.2597                 21.407164                 395.77791                           2431.7458                      28.727226                2.0009107               6.495528                         29.324054                                 40.996934             1421.5146      0.26960059
              1       2201.9166       3.0276175      0.96698234     0.022865315      0.11228257     0.055481812         1.7568729      0.99863443      0.99877755      0.99885917       70.035892     0.048538932       4.5955316       4.9886378       11.148078       10.351268         18.39569        83.04446       275.91791       49.981381       28.008222       82.553284      0.10444272         0.1945732         0.4627608      0.22609237        0.62235341       1.8822697    2.064798e-09      0.25711843      0.78451198      0.72628246       148.10144       37.820492        2875.482       1421.5146       13.874745        11.408636         2.4661095       4376.0837                 21.430696                 395.77546                           2429.8845                       28.39131                2.0009107               6.495528                         29.324054                                 40.996934             1421.5146      0.26960059
              1       2204.5683       3.0276175      0.96698234     0.022865315      0.11228257     0.055481812         1.7568729      0.99863443      0.99856324      0.99859285       69.923291     0.038648388       4.3503364       5.3360795       11.768641       9.7360169         18.27487       83.867756       283.64276       49.180628       28.051041       82.960987     0.099630243         0.1844104        0.47559332      0.22284615        0.63596888       1.8458662    2.064798e-09      0.25711843      0.78451198      0.72628246       148.10144       37.820492       2880.2465       1421.5146       14.144183        11.692129         2.4520548       4380.8481                 21.430696                 395.77546                            2434.649                       28.39131                2.0009107               6.495528                         29.324054                                 40.996934             1421.5146      0.26960059
              1       2205.2049       3.0276175      0.96698234     0.022865315      0.11228257     0.055481812         1.7568729      0.99863443      0.99840757      0.99864144       70.185694     0.033905834       4.2384187       5.4429181       11.612791       9.6784712        18.414736       84.183169       276.35128       49.007972       28.522587       82.477734      0.11787332        0.18292318        0.48065647      0.21958639        0.66051386       1.8491524    2.064798e-09      0.25711843      0.78451198      0.72628246       148.10144       37.820492       2881.4047       1421.5146       14.201701        11.771801         2.4299003       4382.0064                 21.430696                 395.77546                           2435.8073                       28.39131                2.0009107               6.495528                         29.324054                                 40.996934             1421.5146      0.26960059
              2       2205.1789       3.0276175      0.96698234     0.022865315      0.11228257     0.055481812         1.7568729      0.99862367      0.99840757      0.99864144       70.185694     0.033905834       4.2384187       5.4429181       11.612791       9.6784712        18.414736       84.183169       276.35128       49.007972       28.522587       82.477734      0.11787332        0.18292318        0.48065647      0.21958639        0.66051386       1.8491524    2.064798e-09      0.25711843      0.78451198      0.72628246       148.10144       37.820492       2881.3481       1421.5146       14.204062        11.774162         2.4299003       4381.9497                 21.431835                 395.77546                           2435.7656                      28.375153                2.0009107               6.495528                         29.324054                                 40.996934             1421.5146      0.26960059
              2       2204.2588       3.0276175      0.96698234     0.022865315      0.11228257     0.055481812         1.7568729      0.99862367      0.99845267      0.99860398       70.184631     0.022914235       4.1739633       5.3723418       11.411891       9.4589477         18.42124       84.139048       274.87422       49.249304        28.17669       82.404405      0.11716966        0.16799749        0.48808609      0.23348715        0.65304818       1.8199926    2.064798e-09      0.25711843      0.78451198      0.72628246       148.10144       37.820492       2881.0213       1421.5146       13.447339        11.068345         2.3789944       4381.6229                 21.431835                 395.77546                           2435.4388                      28.375153                2.0009107               6.495528                         29.324054                                 40.996934             1421.5146      0.26960059
              2       2204.1076       3.0276175      0.96698234     0.022865315      0.11228257     0.055481812         1.7568729      0.99862367      0.99865384      0.99863278       69.140565     0.077892122       3.9323741       5.0936899       10.636811       9.6153345        18.479546       85.179698       267.65563       48.727318       28.196117       82.109571       0.1354507        0.16100549        0.47302577      0.22396293        0.69245537       1.9352569    2.064798e-09      0.25711843      0.78451198      0.72628246       148.10144       37.820492       2884.2105       1421.5146       11.701539        9.4864847         2.2150545       4384.8121                 21.431835                 395.77546                            2438.628                      28.375153                2.0009107               6.495528                         29.324054                                 40.996934             1421.5146      0.26960059
              3       2200.8802       3.0276175      0.96698234     0.022865315      0.11228257     0.055481812         1.7568729      0.99862367      0.99882615      0.99859095        68.85664     0.025376532       4.5588588       5.6626968       9.7907315       9.9262492        18.958699       85.454414       266.17672       49.461668       27.424388       83.315956     0.058491573        0.17525304        0.45019125      0.28988151        0.72547719       1.8849153    2.064798e-09      0.25711843      0.78451198      0.72628246       148.10144       37.820492          2873.7       1421.5146       13.729393        11.047956         2.6814373       4374.3017                 21.431835                 395.77546                           2428.1176                      28.375153                2.0009107               6.495528                         29.324054                                 40.996934             1421.5146      0.26960059
              3       2201.0309       3.0276175      0.96698234     0.022865315      0.11228257     0.055481812         1.7568729      0.99862367      0.99848302      0.99884165       67.770107     0.036581819       4.8236364       6.2504301         9.68584        10.24372        18.332733       85.484783       275.85722       46.425518       25.866965       80.323718     0.093392377        0.17241707        0.47619844       0.3205586        0.68165429       1.7891648    2.064798e-09      0.25711843      0.78451198      0.72628246       148.10144       37.820492       2871.4425       1421.5146       15.008881         11.88215          3.126731       4372.0441                 21.431835                 395.77546                             2425.86                      28.375153                2.0009107               6.495528                         29.324054                                 40.996934             1421.5146      0.26960059
              1       2201.1972       3.0276175      0.96698234     0.022865315      0.11228257     0.055481812         1.7568729      0.99862367      0.99841013      0.99874755       67.268406     0.016930373       4.5517689       6.4729078       9.6312317       10.114219        17.658967       85.595297        276.9431       46.537343       25.223258        81.00684      0.06419234        0.16359417        0.47804517      0.30689215        0.66832487       1.7310197    2.064798e-09      0.25711843      0.78451198      0.72628246       148.10144       37.820492       2870.9501       1421.5146        15.42128        12.397546         3.0237345       4371.5518                 21.431835                 395.77546                           2425.3677                      28.375153                2.0009107               6.495528                         29.324054                                 40.996934             1421.5146      0.26960059
              1        2202.951       3.0276175      0.96698234     0.022865315      0.11228257     0.055481812         1.7568729      0.99862367      0.99824614       0.9986791       67.188366     0.001153613       4.7414983       6.5030099       9.3450625       10.303678        17.397474       85.110949       281.87214       45.847955       25.942793       81.622512     0.051729751         0.1567052        0.48146179      0.34951197           0.67189        1.726515    2.064798e-09      0.25711843      0.78451198      0.72628246       148.10144       37.820492       2870.5009       1421.5146       17.399682        14.211984         3.1876985       4371.1026                 21.431835                 395.77546                           2424.9185                      28.375153                2.0009107               6.495528                         29.324054                                 40.996934             1421.5146      0.26960059
              4       2203.6607       3.0276175      0.96698234     0.022865315      0.11228257     0.055481812         1.7568729      0.99862367      0.99835874      0.99863964       67.105718     0.008665922       4.7425976       6.4699531       9.3261361       10.260097         17.28354       84.873408       283.45104       46.226778       25.620571       81.796844      0.07131956        0.14381486        0.46619721      0.37093551        0.68468473       1.7324784    2.064798e-09      0.25711843      0.78451198      0.72628246       148.10144       37.820492       2873.6658       1421.5146       16.527041        13.355248          3.171793       4374.2674                 21.431835                 395.77546                           2428.0833                      28.375153                2.0009107               6.495528                         29.324054                                 40.996934             1421.5146      0.26960059
              1       2204.1058       3.0276175      0.96698234     0.022865315      0.11228257     0.055481812         1.7568729      0.99862367      0.99832452      0.99854573       67.078879     0.019015072       5.1349432       6.6355823       9.9198056       9.8743339        16.856649       84.215535       287.35936       47.393967       25.550358        80.98885     0.082333364        0.17668417        0.38292426      0.30103495        0.68415887         1.58802    2.064798e-09      0.25711843      0.78451198      0.72628246       148.10144       37.820492       2874.7609       1421.5146       16.424526        12.815949         3.6085764       4375.3626                 21.431835                 395.77546                           2429.1785                      28.375153                2.0009107               6.495528                         29.324054                                 40.996934             1421.5146      0.26960059
              3       2204.1428       3.0276175      0.96698234     0.022865315      0.11228257     0.055481812         1.7568729      0.99862367      0.99826014      0.99856244       67.126787     0.027487639       5.1888375       6.4556359       10.074444       10.331951        17.000233       83.890659       285.47152       47.012748       25.896221       80.455609     0.099986786         0.1837008        0.38240411      0.29703198        0.67580939       1.6001927    2.064798e-09      0.25711843      0.78451198      0.72628246       148.10144       37.820492       2874.7973       1421.5146       16.443266        12.889926         3.5533401        4375.399                 21.431835                 395.77546                           2429.2149                      28.375153                2.0009107               6.495528                         29.324054                                 40.996934             1421.5146      0.26960059
              2       2204.7396       3.0276175      0.96698234     0.022865315      0.11228257     0.055481812         1.7568729      0.99862367      0.99837015      0.99872596       66.907295     0.060298142       5.2740003       6.1267741       9.9266491       10.538227        17.321827       84.476544       293.03259        47.85254       25.901499       81.576158      0.13370778        0.17842089         0.3848049      0.27273109        0.67261927       1.5756196    2.064798e-09      0.25711843      0.78451198      0.72628246       148.10144       37.820492       2878.4207       1421.5146       15.228408        11.785525         3.4428838       4379.0223                 21.431835                 395.77546                           2432.8382                      28.375153                2.0009107               6.495528                         29.324054                                 40.996934             1421.5146      0.26960059
              1       2204.3194       3.0276175      0.96698234     0.022865315      0.11228257     0.055481812         1.7568729      0.99862367      0.99821518      0.99873498       67.044742     0.041942936       5.1739466       6.3450744       9.7763217       10.663477        17.675036       84.410393       293.26195       48.398254       25.774245       81.557524      0.15084656        0.14397658        0.36473102      0.26658769        0.68025535       1.5544528    2.064798e-09      0.25711843      0.78451198      0.72628246       148.10144       37.820492       2877.5464       1421.5146       15.245345        11.769511         3.4758349        4378.148                 21.431835                 395.77546                           2431.9639                      28.375153                2.0009107               6.495528                         29.324054                                 40.996934             1421.5146      0.26960059
              1       2203.8989       3.0276175      0.96698234     0.022865315      0.11228257     0.055481812         1.7568729      0.99806858      0.99821518      0.99873498       67.044742     0.041942936       5.1739466       6.3450744       9.7763217       10.663477        17.675036       84.410393       293.26195       48.398254       25.774245       81.557524      0.15084656        0.14397658        0.36473102      0.26658769        0.68025535       1.5544528    2.064798e-09      0.25711843      0.78451198      0.72628246       148.10144       37.820492       2876.4118       1421.5146       15.392233        11.916398         3.4758349       4377.0134                 21.491056                 395.77735                           2431.5929                       27.55045                2.0009107               6.495528                         29.324054                                 40.996934             1421.5146      0.26960059
              3       2203.1938       3.0276175      0.96698234     0.022865315      0.11228257     0.055481812         1.7568729      0.99806858      0.99832121      0.99882123       67.094349     0.079839058       5.2291417       6.8244025        9.897171        10.89229        18.016939       84.437477       295.65036       46.889529       26.130711       81.572619      0.11732419        0.17579889        0.36949052      0.27971738        0.70055124       1.5352366    2.064798e-09      0.25711843      0.78451198      0.72628246       148.10144       37.820492       2873.2253       1421.5146       16.280274        12.463401         3.8168737        4373.827                 21.491056                 395.77735                           2428.4065                       27.55045                2.0009107               6.495528                         29.324054                                 40.996934             1421.5146      0.26960059
              4       2202.8131       3.0276175      0.96698234     0.022865315      0.11228257     0.055481812         1.7568729      0.99806858      0.99837149      0.99888834       66.946127     0.088280647       5.2595129       6.6801695       9.8639615       10.932167        18.014361       84.427315       293.54583       46.710615       26.213196       81.705543      0.12236419        0.16942483        0.37176848      0.27918221        0.69850189        1.516181    2.064798e-09      0.25711843      0.78451198      0.72628246       148.10144       37.820492       2873.2164       1421.5146       15.904134        12.147228         3.7569058        4373.818                 21.491056                 395.77735                           2428.3975                       27.55045                2.0009107               6.495528                         29.324054                                 40.996934             1421.5146      0.26960059
              4        2203.321       3.0276175      0.96698234     0.022865315      0.11228257     0.055481812         1.7568729      0.99863341      0.99837149      0.99888834       66.946127     0.088280647       5.2595129       6.6801695       9.8639615       10.932167        18.014361       84.427315       293.54583       46.710615       26.213196       81.705543      0.12236419        0.16942483        0.37176848      0.27918221        0.69850189        1.516181    2.064798e-09      0.25711843      0.78451198      0.72628246       148.10144       37.820492       2874.5302       1421.5146        15.75511        11.998204         3.7569058       4375.1318                 21.430805                 395.77546                           2428.9342                      28.389769                2.0009107               6.495528                         29.324054                                 40.996934             1421.5146      0.26960059
              2       2202.4011       3.0276175      0.96698234     0.022865315      0.11228257     0.055481812         1.7568729      0.99863341      0.99844226      0.99873386       66.881447      0.10465259       5.3268819       6.7599043        9.470937       10.910348         18.48908       84.640739       289.80953       48.106278       26.476879       81.373861      0.13779606        0.17435921        0.34481407      0.24890678        0.68766508       1.5379116    2.064798e-09      0.25711843      0.78451198      0.72628246       148.10144       37.820492       2873.5563       1421.5146       15.322091        11.446645         3.8754458       4374.1579                 21.430805                 395.77546                           2427.9602                      28.389769                2.0009107               6.495528                         29.324054                                 40.996934             1421.5146      0.26960059
              1       2201.9163       3.0276175      0.96698234     0.022865315      0.11228257     0.055481812         1.7568729      0.99863341       0.9983421      0.99865533       66.719958     0.079006069       5.1817499        7.088445       9.3168049       10.808754        18.281936       84.798496       290.64727       48.265626       25.988013       81.852307       0.1430849        0.13517999        0.33080337       0.2548968        0.67312178       1.5517887    2.064798e-09      0.25711843      0.78451198      0.72628246       148.10144       37.820492       2872.9246       1421.5146       15.153145        11.215287         3.9378575       4373.5263                 21.430805                 395.77546                           2427.3286                      28.389769                2.0009107               6.495528                         29.324054                                 40.996934             1421.5146      0.26960059
              4       2201.6933       3.0276175      0.96698234     0.022865315      0.11228257     0.055481812         1.7568729      0.99863341      0.99866553      0.99833496       66.860287     0.056635863       5.2845761       7.5392995       8.5895613       11.741049        17.595796       84.947095       295.44817        48.55326       26.501861       81.073296      0.10194816        0.13928367        0.37902019      0.27532325        0.77964627       1.6794538    2.064798e-09      0.25711843      0.78451198      0.72628246       148.10144       37.820492        2873.984       1421.5146       14.400543        10.039653           4.36089       4374.5856                 21.430805                 395.77546                           2428.3879                      28.389769                2.0009107               6.495528                         29.324054                                 40.996934             1421.5146      0.26960059
              2       2201.7687       3.0276175      0.96698234     0.022865315      0.11228257     0.055481812         1.7568729      0.99863341      0.99862935      0.99828517       66.690895     0.054686891       5.2658053       7.5179539       8.5154835       11.694168         17.62187       85.022165       293.92805       48.700826       26.444417       81.165928     0.093777513        0.13988865        0.38041272      0.26822735        0.78378529       1.6714417    2.064798e-09      0.25711843      0.78451198      0.72628246       148.10144       37.820492       2873.8619       1421.5146       14.536908        10.212947         4.3239604       4374.4635                 21.430805                 395.77546                           2428.2658                      28.389769                2.0009107               6.495528                         29.324054                                 40.996934             1421.5146      0.26960059
              3       2201.3949       3.0276175      0.96698234     0.022865315      0.11228257     0.055481812         1.7568729      0.99863341        0.998488      0.99837392       66.695075      0.08169274       5.1469855       7.7115335       8.4250672       11.764926        17.565497       85.101045       290.68368       49.228863       27.145462       80.825735     0.094491111          0.153062        0.38863337      0.26527941        0.76889719       1.7273607    2.064798e-09      0.25711843      0.78451198      0.72628246       148.10144       37.820492       2872.3168       1421.5146       14.935652        10.609208         4.3264438       4372.9185                 21.430805                 395.77546                           2426.7208                      28.389769                2.0009107               6.495528                         29.324054                                 40.996934             1421.5146      0.26960059
              2       2201.0351       3.0276175      0.96698234     0.022865315      0.11228257     0.055481812         1.7568729      0.99863341      0.99837367      0.99843673       66.844234     0.012277851       4.9490672        7.950615       8.7727177        11.76829        17.535633        86.37324       293.85663       49.239073       27.517972       79.887501      0.11124733          0.144973        0.38714015      0.24130788        0.75437321       1.8301784    2.064798e-09      0.25711843      0.78451198      0.72628246       148.10144       37.820492       2872.3325       1421.5146       14.568025        10.296823          4.271202       4372.9341                 21.430805                 395.77546                           2426.7364                      28.389769                2.0009107               6.495528                         29.324054                                 40.996934             1421.5146      0.26960059
              1       2201.1621       3.0276175      0.96698234     0.022865315      0.11228257     0.055481812         1.7568729      0.99853769      0.99837367      0.99843673       66.844234     0.012277851       4.9490672        7.950615       8.7727177        11.76829        17.535633        86.37324       293.85663       49.239073       27.517972       79.887501      0.11124733          0.144973        0.38714015      0.24130788        0.75437321       1.8301784    2.064798e-09      0.25711843      0.78451198      0.72628246       148.10144       37.820492       2872.5431       1421.5146       14.589686        10.318484          4.271202       4373.1447                 21.440946                 395.77546                           2427.0803                       28.24634                2.0009107               6.495528                         29.324054                                 40.996934             1421.5146      0.26960059
              3       2201.3586       3.0277018      0.96699833     0.022870979        0.112228     0.055622672         1.7586462      0.99853769      0.99837367      0.99843673       66.844234     0.012277851       4.9490672        7.950615       8.7727177        11.76829        17.535633        86.37324       293.85663       49.239073       27.517972       79.887501      0.11124733          0.144973        0.38714015      0.24130788        0.75437321       1.8301784   2.0649721e-09      0.25702539      0.78428061      0.72593689       148.11207       37.866537        2872.818       1421.5639       14.589686        10.318484          4.271202       4373.5379                 21.442037                 395.77902                           2427.2642                      28.332682                 2.005077              6.4996619                         29.361798                                 41.019879             1421.5639      0.26960059
              1       2201.4831       3.0277018      0.96699833     0.022870979        0.112228     0.055622672         1.7586462      0.99853769      0.99836306      0.99841505        66.86618     0.011522229       4.9448189       7.9087957       8.7413897       11.739094        17.516657       86.427325       293.75011       49.300489       27.590401       79.863576      0.11758891        0.15383808        0.39043868      0.24405485        0.74842044       1.8224049   2.0649721e-09      0.25702539      0.78428061      0.72593689       148.11207       37.866537       2873.0634       1421.5639        14.59142        10.354491         4.2369284       4373.7833                 21.442037                 395.77902                           2427.5096                      28.332682                 2.005077              6.4996619                         29.361798                                 41.019879             1421.5639      0.26960059
              2        2199.528       3.0277018      0.96699833     0.022870979        0.112228     0.055622672         1.7586462      0.99853769      0.99853509      0.99834483       66.838415     0.017909352        4.835855       8.0405983       8.5385563       11.702225        17.850927        86.50985       293.73437       49.018914       27.410793       79.596272      0.12444986        0.13778336        0.40563382      0.26035313        0.70842809       1.7937044   2.0649721e-09      0.25702539      0.78428061      0.72593689       148.11207       37.866537       2871.3963       1421.5639       13.469862        9.2627078         4.2071542       4372.1162                 21.442037                 395.77902                           2425.8426                      28.332682                 2.005077              6.4996619                         29.361798                                 41.019879             1421.5639      0.26960059
              1       2199.7313       3.0277018      0.96699833     0.022870979        0.112228     0.055622672         1.7586462      0.99853769      0.99856105      0.99834409       66.845421     0.016825989       4.7958876       7.8510586       8.4943766       11.857282        17.888934       86.638746       292.90368       48.801955       27.527278       79.567758      0.12908534        0.13355043        0.40978116       0.2674814        0.71868124       1.8015337   2.0649721e-09      0.25702539      0.78428061      0.72593689       148.11207       37.866537       2872.1405       1421.5639       13.301113        9.2672094         4.0339033       4372.8604                 21.442037                 395.77902                           2426.5868                      28.332682                 2.005077              6.4996619                         29.361798                                 41.019879             1421.5639      0.26960059
              3        2199.769       3.0277018      0.96699833     0.022870979        0.112228     0.055622672         1.7586462       0.9985007      0.99856105      0.99834409       66.845421     0.016825989       4.7958876       7.8510586       8.4943766       11.857282        17.888934       86.638746       292.90368       48.801955       27.527278       79.567758      0.12908534        0.13355043        0.40978116       0.2674814        0.71868124       1.8015337   2.0649721e-09      0.25702539      0.78428061      0.72593689       148.11207       37.866537       2872.1984       1421.5639       13.309878        9.2759743         4.0339033       4372.9183                 21.445967                 395.77902                           2426.6961                      28.277265                 2.005077              6.4996619                         29.361798                                 41.019879             1421.5639      0.26960059
              1       2199.5012       3.0277018      0.96699833     0.022870979        0.112228     0.055622672         1.7586462       0.9985007      0.99859807      0.99847367       66.999822      0.03225587       4.7694231       7.7304653       8.5339712       11.822488        17.912811       85.615565       292.58951       49.010071       28.066905       80.550456      0.11658758        0.11184908        0.41611176      0.28244993         0.7056248       1.8064202   2.0649721e-09      0.25702539      0.78428061      0.72593689       148.11207       37.866537       2871.3111       1421.5639        13.48571        9.5593989         3.9263107        4372.031                 21.445967                 395.77902                           2425.8089                      28.277265                 2.005077              6.4996619                         29.361798                                 41.019879             1421.5639      0.26960059
              3       2199.4943       3.0277018      0.96699833     0.022870979        0.112228     0.055622672         1.7586462       0.9985007      0.99860909      0.99847195       67.045393     0.033241836       4.7626066       7.7179593       8.5394497       11.852563        17.927368       85.635165        292.5983       48.949202       28.117432       80.591864      0.11827875         0.1125145        0.41626007      0.28327389        0.70650745       1.8036125   2.0649721e-09      0.25702539      0.78428061      0.72593689       148.11207       37.866537       2871.4011       1421.5639       13.433762        9.5226688          3.911093        4372.121                 21.445967                 395.77902                           2425.8989                      28.277265                 2.005077              6.4996619                         29.361798                                 41.019879             1421.5639      0.26960059
              1       2200.6319       3.0277018      0.96699833     0.022870979        0.112228     0.055622672         1.7586462      0.99947751      0.99860909      0.99847195       67.045393     0.033241836       4.7626066       7.7179593       8.5394497       11.852563        17.927368       85.635165        292.5983       48.949202       28.117432       80.591864      0.11827875         0.1125145        0.41626007      0.28327389        0.70650745       1.8036125   2.0649721e-09      0.25702539      0.78428061      0.72593689       148.11207       37.866537       2873.9923       1421.5639       13.275769        9.3646757          3.911093       4374.7122                 21.343397                 395.79353                           2427.0904                      29.764928                 2.005077              6.4996619                         29.361798                                 41.019879             1421.5639      0.26960059
              3       2201.0301       3.0277018      0.96699833     0.022870979        0.112228     0.055622672         1.7586462      0.99947751      0.99854529      0.99844271       67.001708     0.033858415        4.822629       7.6734648       8.4819585       11.923075        17.626962       85.105468       292.14418       49.065782        27.97513       80.994305      0.13001168        0.13376041        0.43614015      0.30358233        0.74786109        1.829801   2.0649721e-09      0.25702539      0.78428061      0.72593689       148.11207       37.866537       2873.6763       1421.5639       13.831993        9.8873182         3.9446745       4374.3962                 21.343397                 395.79353                           2426.7744                      29.764928                 2.005077              6.4996619                         29.361798                                 41.019879             1421.5639      0.26960059
              1       2201.3636       3.0277018      0.96699833     0.022870979        0.112228     0.055622672         1.7586462      0.99947751      0.99852323      0.99846583        67.01513     0.028736716       4.7971619       7.6961293       8.5139511       11.838082        17.763736       85.088217       291.00059        49.18549       28.212482       80.794555      0.12998685        0.13780827        0.43510707      0.30686802        0.75657579       1.8230663   2.0649721e-09      0.25702539      0.78428061      0.72593689       148.11207       37.866537       2873.9444       1421.5639       14.031508        10.098649         3.9328591       4374.6642                 21.343397                 395.79353                           2427.0425                      29.764928                 2.005077              6.4996619                         29.361798                                 41.019879             1421.5639      0.26960059
              5       2201.0066       3.0277018      0.96699833     0.022870979        0.112228     0.055622672         1.7586462      0.99947751      0.99852708      0.99847545       66.946426      0.03438406       4.7996702       7.8139258       8.5151906       11.795697        17.889476       85.491273       291.61898       49.276461       28.110044       81.022074      0.12432866        0.14826728        0.42001225      0.31614971        0.75403483       1.7926388   2.0649721e-09      0.25702539      0.78428061      0.72593689       148.11207       37.866537       2872.4258       1421.5639       14.433764        10.420612          4.013152       4373.1457                 21.343397                 395.79353                           2425.5239                      29.764928                 2.005077              6.4996619                         29.361798                                 41.019879             1421.5639      0.26960059
              1       2201.8228       3.0277018      0.96699833     0.022870979        0.112228     0.055622672         1.7586462      0.99947751      0.99918884      0.99869105       66.391627     0.097818784       5.1574723       6.0885668       9.1793764       11.208717        19.507589       86.752784       282.48006       51.181295       26.761972       85.005236        0.152981        0.19566449        0.54040242      0.28586458        0.72729701       1.9672398   2.0649721e-09      0.25702539      0.78428061      0.72593689       148.11207       37.866537       2876.5119       1421.5639       13.206937        9.8876825         3.3192541       4377.2318                 21.343397                 395.79353                             2429.61                      29.764928                 2.005077              6.4996619                         29.361798                                 41.019879             1421.5639      0.26960059
              1       2202.4142       3.0277018      0.96699833     0.022870979        0.112228     0.055622672         1.7586462      0.99947751       0.9991007      0.99858063       65.986075       0.1007231       5.1062981       6.3370433       9.0406813       11.136665        19.393861       86.723207       281.29785       51.741663       27.178154       85.582409      0.15889288        0.21099586        0.54569675      0.25413189        0.72998898       2.0012756   2.0649721e-09      0.25702539      0.78428061      0.72593689       148.11207       37.866537       2876.1988       1421.5639       13.954836        10.544438         3.4103982       4376.9187                 21.343397                 395.79353                            2429.297                      29.764928                 2.005077              6.4996619                         29.361798                                 41.019879             1421.5639      0.26960059
              3       2201.8245       3.0277018      0.96699833     0.022870979        0.112228     0.055622672         1.7586462      0.99947751      0.99932532      0.99916009        66.77402      0.10541891       5.3994055       7.1479907       8.6629463       11.334876         18.55531       86.052089       305.54452       53.251102       28.544672       87.660121     0.092045248        0.13626137        0.56302364       0.2379425         0.6255484       2.1394435   2.0649721e-09      0.25702539      0.78428061      0.72593689       148.11207       37.866537       2876.0165       1421.5639       13.456305        9.2428175         4.2134878       4376.7364                 21.343397                 395.79353                           2429.1147                      29.764928                 2.005077              6.4996619                         29.361798                                 41.019879             1421.5639      0.26960059
              2        2199.468       3.0277018      0.96699833     0.022870979        0.112228     0.055622672         1.7586462      0.99947751      0.99914481      0.99925744       66.296501     0.046570379       5.1481261       7.8375236       8.9557766       10.446768        17.482906       85.112826       298.89626       52.450642       27.744581       86.907284     0.089114636        0.13684183        0.46587421      0.27494239        0.69093865       2.1063099   2.0649721e-09      0.25702539      0.78428061      0.72593689       148.11207       37.866537       2870.5721       1421.5639       13.822004        9.4030984         4.4189054        4371.292                 21.343397                 395.79353                           2423.6702                      29.764928                 2.005077              6.4996619                         29.361798                                 41.019879             1421.5639      0.26960059
              2       2199.7491       3.0277018      0.96699833     0.022870979        0.112228     0.055622672         1.7586462      0.99947751      0.99903294      0.99935628       66.086681     0.047649953       5.1095146       7.5647656       8.9959097       10.319064        17.610168       85.040674       297.94838       52.388679       28.495973       87.216965     0.064562147        0.12376956        0.47356696       0.2940726        0.70114662       2.1205144   2.0649721e-09      0.25702539      0.78428061      0.72593689       148.11207       37.866537       2868.4159       1421.5639       15.181275        11.000532         4.1807432       4369.1357                 21.343397                 395.79353                            2421.514                      29.764928                 2.005077              6.4996619                         29.361798                                 41.019879             1421.5639      0.26960059
              1        2200.838       3.0277018      0.96699833     0.022870979        0.112228     0.055622672         1.7586462      0.99947751      0.99920242      0.99992015       66.112211    0.0044773125       4.5568216       7.9958684       9.0560479       9.8361368        17.691048       84.762533       290.49087       46.803172       27.915431       89.264421      0.10363811        0.09503401        0.59308211      0.19595161        0.61177971       2.0658727   2.0649721e-09      0.25702539      0.78428061      0.72593689       148.11207       37.866537       2867.2865       1421.5639       16.834821        12.956889         3.8779318       4368.0064                 21.343397                 395.79353                           2420.3846                      29.764928                 2.005077              6.4996619                         29.361798                                 41.019879             1421.5639      0.26960059
              4       2200.6934       3.0277018      0.96699833     0.022870979        0.112228     0.055622672         1.7586462      0.99947751      0.99918304      0.99992608       66.105204    0.0031019452       4.5537837       7.9782142        9.082111       9.8392883        17.675872       84.837834       290.27453       46.763405       28.016147        89.38038      0.10209747        0.09700073        0.58909433      0.19403816        0.61123369       2.0770897   2.0649721e-09      0.25702539      0.78428061      0.72593689       148.11207       37.866537       2867.0444       1421.5639        16.81129        12.947807         3.8634835       4367.7642                 21.343397                 395.79353                           2420.1425                      29.764928                 2.005077              6.4996619                         29.361798                                 41.019879             1421.5639      0.26960059
              2       2200.2344       3.0277018      0.96699833     0.022870979        0.112228     0.055622672         1.7586462      0.99947751      0.99932561       0.9997236       65.909019     0.047252062       4.8096224       8.2044144       9.0665173       9.7903489        18.462882       85.283178       284.49757       46.650899       28.166573        89.84662     0.096772432        0.13151874        0.57896562      0.16197471        0.57263898       2.0323704   2.0649721e-09      0.25702539      0.78428061      0.72593689       148.11207       37.866537       2867.3435       1421.5639       16.202673        11.909702         4.2929714       4368.0634                 21.343397                 395.79353                           2420.4417                      29.764928                 2.005077              6.4996619                         29.361798                                 41.019879             1421.5639      0.26960059
              1       2201.3679       3.0277018      0.96699833     0.022870979        0.112228     0.055622672         1.7586462      0.99947751      0.99910791      0.99942933       64.916957     0.099183717        4.594262       8.0172144       9.7586368        11.70018        18.636737        86.25789       269.00467       41.959238       26.901842       87.361231      0.15547283        0.13283245        0.56536076      0.11466907        0.73898663       2.0148397   2.0649721e-09      0.25702539      0.78428061      0.72593689       148.11207       37.866537       2872.0135       1421.5639       15.001246        11.070706         3.9305407       4372.7334                 21.343397                 395.79353                           2425.1116                      29.764928                 2.005077              6.4996619                         29.361798                                 41.019879             1421.5639      0.26960059
              1       2201.2897       3.0277018      0.96699833     0.022870979        0.112228     0.055622672         1.7586462      0.99947751        0.999108      0.99937739       64.878728     0.096657938       4.5357559       8.0953964       9.8417492       11.553913         18.67007       86.124219       270.53685       42.148283       26.905475       87.587084      0.15910234        0.13613927        0.56369241      0.12165383        0.74288713       1.9872171   2.0649721e-09      0.25702539      0.78428061      0.72593689       148.11207       37.866537       2872.3463       1421.5639       14.756623        10.836128          3.920495       4373.0662                 21.343397                 395.79353                           2425.4444                      29.764928                 2.005077              6.4996619                         29.361798                                 41.019879             1421.5639      0.26960059
              2        2200.596       3.0277018      0.96699833     0.022870979        0.112228     0.055622672         1.7586462      0.99947751      0.99904021      0.99934494       64.866629     0.089177293       4.4992655       7.9774915       9.9336005       11.549324          18.3499       85.777663       269.33502       42.453054       26.489345       88.012204      0.15767743        0.11347644        0.56459825      0.12945648        0.74708918          2.0375   2.0649721e-09      0.25702539      0.78428061      0.72593689       148.11207       37.866537       2870.9666       1421.5639       14.752799        10.945217         3.8075823       4371.6865                 21.343397                 395.79353                           2424.0647                      29.764928                 2.005077              6.4996619                         29.361798                                 41.019879             1421.5639      0.26960059
              1         2200.85       3.0277018      0.96699833     0.022870979        0.112228     0.055622672         1.7586462      0.99947751      0.99910662      0.99940381       64.736999     0.089271848       4.5174684       8.2281006       10.174145       11.003741        18.277611       85.845114       259.54963       42.951099       26.652073       87.364348      0.14107629        0.14098722        0.55214898      0.13431023        0.74713232       2.1072851   2.0649721e-09      0.25702539      0.78428061      0.72593689       148.11207       37.866537        2871.911       1421.5639       14.534547        10.546188         3.9883582       4372.6309                 21.343397                 395.79353                           2425.0091                      29.764928                 2.005077              6.4996619                         29.361798                                 41.019879             1421.5639      0.26960059
              2       2198.0504       3.0277018      0.96699833     0.022870979        0.112228     0.055622672         1.7586462      0.99947751      0.99943503      0.99905819       65.147345       0.1191657         4.63279        8.305231         9.86968       10.997485        17.860462       85.440658       258.94496       43.730084       26.664937       86.758436      0.10150647          0.101071        0.52542621      0.15453067        0.67424003       2.0747969   2.0649721e-09      0.25702539      0.78428061      0.72593689       148.11207       37.866537       2869.7491       1421.5639       12.815904        8.6505904         4.1653136        4370.469                 21.343397                 395.79353                           2422.8472                      29.764928                 2.005077              6.4996619                         29.361798                                 41.019879             1421.5639      0.26960059
              1       2195.2167       3.0277018      0.96699833     0.022870979        0.112228     0.055622672         1.7586462      0.99848168      0.99943503      0.99905819       65.147345       0.1191657         4.63279        8.305231         9.86968       10.997485        17.860462       85.440658       258.94496       43.730084       26.664937       86.758436      0.10150647          0.101071        0.52542621      0.15453067        0.67424003       2.0747969   2.0649721e-09      0.25702539      0.78428061      0.72593689       148.11207       37.866537       2863.7565       1421.5639       12.978488        8.8131743         4.1653136       4364.4764                 21.447989                 395.77902                           2418.2806                      28.248806                 2.005077              6.4996619                         29.361798                                 41.019879             1421.5639      0.26960059
              5       2195.1176       3.0277018      0.96699833     0.022870979        0.112228     0.055622672         1.7586462      0.99818134      0.99943503      0.99905819       65.147345       0.1191657         4.63279        8.305231         9.86968       10.997485        17.860462       85.440658       258.94496       43.730084       26.664937       86.758436      0.10150647          0.101071        0.52542621      0.15453067        0.67424003       2.0747969   2.0649721e-09      0.25702539      0.78428061      0.72593689       148.11207       37.866537       2863.3979       1421.5639       13.058667        8.8933536         4.1653136       4364.1178                 21.480065                 395.79634                           2418.3196                      27.801887                 2.005077              6.4996619                         29.361798                                 41.019879             1421.5639      0.26960059
              1       2195.2944       3.0277018      0.96699833     0.022870979        0.112228     0.055622672         1.7586462      0.99818134       0.9994399      0.99905736       65.145808      0.12000718       4.6297647       8.3735269       9.8649144       11.024157        17.814339        85.41522       259.04589       43.776483       26.417786       86.610079     0.097878487        0.10247836        0.52438643       0.1521167        0.67202544       2.0878084   2.0649721e-09      0.25702539      0.78428061      0.72593689       148.11207       37.866537       2863.5533       1421.5639       13.157767        8.9483913         4.2093759       4364.2732                 21.480065                 395.79634                            2418.475                      27.801887                 2.005077              6.4996619                         29.361798                                 41.019879             1421.5639      0.26960059
              2       2199.6565       3.0277018      0.96699833     0.022870979        0.112228     0.055622672         1.7586462      0.99818134       1.0001995      0.99899879       64.663309      0.17895466       4.6550608       7.8257086       9.9342456       11.268034        19.937683       85.206428       254.38574       46.333635       26.689099       85.579569     0.049475487        0.10197926        0.34691993      0.18451797        0.65664932       2.0952153   2.0649721e-09      0.25702539      0.78428061      0.72593689       148.11207       37.866537       2870.7599       1421.5639       13.916648        10.047051         3.8695972       4371.4798                 21.480065                 395.79634                           2425.6816                      27.801887                 2.005077              6.4996619                         29.361798                                 41.019879             1421.5639      0.26960059
              2       2199.5159       3.0277018      0.96699833     0.022870979        0.112228     0.055622672         1.7586462      0.99818134       1.0002729      0.99901955       64.517476      0.26320789       4.6939036       7.5010711       9.9012087       11.316947        19.718476       86.251749       262.51769       45.373284       26.203965       86.125825     0.054470722        0.11739277        0.36123653      0.18724286        0.70511631       2.0950016   2.0649721e-09      0.25702539      0.78428061      0.72593689       148.11207       37.866537       2872.1485       1421.5639       13.081694        9.3766647         3.7050293       4372.8684                 21.480065                 395.79634                           2427.0702                      27.801887                 2.005077              6.4996619                         29.361798                                 41.019879             1421.5639      0.26960059
              1       2199.0076       3.0277018      0.96699833     0.022870979        0.112228     0.055622672         1.7586462      0.99818134        1.000275      0.99905771       64.501409      0.25906997       4.7289882       7.5047544       9.8373098       11.318938        19.875521       86.212101       262.96707         45.5155       26.167581       86.033354     0.058249898        0.12201484         0.3672402      0.19456023        0.71273882       2.0994516   2.0649721e-09      0.25702539      0.78428061      0.72593689       148.11207       37.866537       2871.4699       1421.5639       12.912776        9.1709168         3.7418592       4372.1897                 21.480065                 395.79634                           2426.3916                      27.801887                 2.005077              6.4996619                         29.361798                                 41.019879             1421.5639      0.26960059
              1       2198.6839       3.0277018      0.96699833     0.022870979        0.112228     0.055622672         1.7586462      0.99818134       1.0000562      0.99913927       64.634588      0.24351645       4.4475749       7.5378387       9.1419999       11.212714        19.855026       86.193273       264.94721       44.618192       25.806174       86.415021     0.063438993       0.090986389        0.37700799      0.18534062        0.71951383       2.0122954   2.0649721e-09      0.25702539      0.78428061      0.72593689       148.11207       37.866537       2870.6856       1421.5639       12.981109          9.48782         3.4932891       4371.4055                 21.480065                 395.79634                           2425.6073                      27.801887                 2.005077              6.4996619                         29.361798                                 41.019879             1421.5639      0.26960059
              1       2198.4965       3.0277018      0.96699833     0.022870979        0.112228     0.055622672         1.7586462      0.99818134       1.0000133      0.99913855       64.642853      0.24456673       4.4895641       7.5317067       9.2023784       11.214667        19.850815       86.200324       264.32596       44.618506       25.757368       86.507411     0.069863496       0.091067955        0.37715309      0.18906111        0.71882058       1.9968287   2.0649721e-09      0.25702539      0.78428061      0.72593689       148.11207       37.866537        2870.707       1421.5639        12.78303        9.2545722         3.5284576       4371.4269                 21.480065                 395.79634                           2425.6287                      27.801887                 2.005077              6.4996619                         29.361798                                 41.019879             1421.5639      0.26960059
              9       2198.1412       3.0277018      0.96699833     0.022870979        0.112228     0.055622672         1.7586462      0.99818134       1.0000053      0.99911868       64.576856      0.24656591       4.4606328       7.5947435       9.2329136       11.135086        19.788217       86.113391       264.18272       44.573929       25.836139       86.431953     0.070846905       0.094846347        0.38495965       0.1916308        0.72352398       1.9937015   2.0649721e-09      0.25702539      0.78428061      0.72593689       148.11207       37.866537       2870.4931       1421.5639       12.534751        8.9965736         3.5381769        4371.213                 21.480065                 395.79634                           2425.4148                      27.801887                 2.005077              6.4996619                         29.361798                                 41.019879             1421.5639      0.26960059
              1       2197.3775       3.0277018      0.96699833     0.022870979        0.112228     0.055622672         1.7586462      0.99737967      0.99972069      0.99897671       64.557081      0.24025223       4.3439036       7.7080441       8.8959493       11.577372        19.352112       86.515741       268.40199        44.83111       25.383739       85.081652     0.091592867       0.076791497        0.42742033      0.18799888        0.70919966       2.0366237   2.0649721e-09      0.25702539      0.78428061      0.72593689       148.11207       37.866537       2869.1618       1421.5639       12.436655        8.9408848         3.4957705       4369.8817                 21.567156                 395.78823                           2425.1738                      26.632612                 2.005077              6.4996619                         29.361798                                 41.019879             1421.5639      0.26960059
              1       2196.1597       3.0277018      0.96699833     0.022870979        0.112228     0.055622672         1.7586462      0.99737967      0.99952454      0.99912176       64.173843      0.22771051        4.598652       8.0449645       8.8846532       11.082212        18.943562       86.285304       266.89193       43.849013       25.322881       85.179492     0.048560821        0.10887919        0.46116758      0.20277455         0.6289034       2.0653035   2.0649721e-09      0.25702539      0.78428061      0.72593689       148.11207       37.866537       2863.4659       1421.5639       14.066841         10.11356         3.9532807       4364.1858                 21.567156                 395.78823                           2419.4779                      26.632612                 2.005077              6.4996619                         29.361798                                 41.019879             1421.5639      0.26960059
              2       2196.3644       3.0277018      0.96699833     0.022870979        0.112228     0.055622672         1.7586462      0.99737967      0.99950047      0.99896714       64.428575      0.18656776       4.5971492       7.7036276       8.6845224       11.112404        18.938719       86.779432       268.02762       44.300887       25.122538       83.877775      0.04983468        0.10356829         0.4578876      0.23759292        0.57800045        1.910975   2.0649721e-09      0.25702539      0.78428061      0.72593689       148.11207       37.866537       2863.7065       1421.5639       14.151171        10.416774         3.7343963       4364.4264                 21.567156                 395.78823                           2419.7185                      26.632612                 2.005077              6.4996619                         29.361798                                 41.019879             1421.5639      0.26960059
              4       2194.9804       3.0277018      0.96699833     0.022870979        0.112228     0.055622672         1.7586462      0.99737967      0.99952064      0.99896486       64.378935      0.17132947       4.6192019       7.7285703       8.7960939       11.076803        18.809388       86.854564       267.40144       44.126511       25.245945       83.885783     0.073182378        0.11832427        0.45996173      0.21898237        0.57920024       1.8942362   2.0649721e-09      0.25702539      0.78428061      0.72593689       148.11207       37.866537        2863.346       1421.5639       12.947452        9.1756537         3.7717985       4364.0659                 21.567156                 395.78823                            2419.358                      26.632612                 2.005077              6.4996619                         29.361798                                 41.019879             1421.5639      0.26960059
              2       2194.8605        3.026432      0.96736796     0.022901064      0.11216731     0.054652328         1.7738859      0.99737967      0.99952064      0.99896486       64.378935      0.17132947       4.6192019       7.7285703       8.7960939       11.076803        18.809388       86.854564       267.40144       44.126511       25.245945       83.885783     0.073182378        0.11832427        0.45996173      0.21898237        0.57920024       1.8942362   2.0623516e-09      0.25696716      0.78341674      0.72505513       148.09589       37.694381       2863.5186       1421.5948       12.947452        9.1756537         3.7717985        4363.826                  21.54761                 395.72114                           2419.8665                      26.383432                1.9972973               6.491192                         29.205892                                 40.748655             1421.5948      0.26960059
              2       2194.8646        3.026432      0.96736796     0.022901064      0.11216731     0.054652328         1.7738859      0.99737967      0.99952018      0.99896555       64.378592      0.17125005       4.6191843       7.7299593       8.7932658       11.077978        18.809269       86.854651       267.39776       44.130502       25.242288       83.886832     0.073189097        0.11838208        0.46001081      0.21897352         0.5790883       1.8938023   2.0623516e-09      0.25696716      0.78341674      0.72505513       148.09589       37.694381       2863.5193       1421.5948       12.951274        9.1786261         3.7726483       4363.8267                  21.54761                 395.72114                           2419.8672                      26.383432                1.9972973               6.491192                         29.205892                                 40.748655             1421.5948      0.26960059
              3       2193.8193        3.026432      0.96736796     0.022901064      0.11216731     0.054652328         1.7738859      0.99839881      0.99937794      0.99897081       64.418866      0.16301977       4.6078313       7.8693921       8.8579919       10.916223        18.760122       87.431587       268.89444        43.69138       25.136508       83.611062     0.076055549        0.12709889        0.44917633      0.21596476        0.57074006       1.9029341   2.0623516e-09      0.25696716      0.78341674      0.72505513       148.09589       37.694381       2861.5777       1421.5948       12.876715        9.0275158         3.8491991       4361.8851                 21.438048                  395.7038                           2416.5693                      27.866632                1.9972973               6.491192                         29.205892                                 40.748655             1421.5948      0.26960059
              1        2195.198        3.026432      0.96736796     0.022901064      0.11216731     0.054652328         1.7738859      0.99839881      0.99949267      0.99910139       64.384827      0.16354958       4.6952354       8.0900289       9.0763911       10.643019        19.080335       86.755284       273.02612       42.194313       24.815358       84.390485      0.17816727        0.12504085        0.47869632      0.13671476        0.56558725         1.85885   2.0623516e-09      0.25696716      0.78341674      0.72505513       148.09589       37.694381       2862.8016       1421.5948        13.64348        9.5570759         4.0864038        4363.109                 21.438048                  395.7038                           2417.7931                      27.866632                1.9972973               6.491192                         29.205892                                 40.748655             1421.5948      0.26960059
              2       2196.2683        3.026432      0.96736796     0.022901064      0.11216731     0.054652328         1.7738859      0.99839881      0.99938545       0.9990287       64.583055      0.15663661       4.8953361       8.0274261       8.9768597       10.561275        19.289812       86.838938       273.73804          41.574       24.695953        84.24123      0.18776967        0.12048567        0.47756178      0.12352459        0.56333358       1.8715621   2.0623516e-09      0.25696716      0.78341674      0.72505513       148.09589       37.694381       2863.5732       1421.5948       14.328037        10.063312         4.2647253       4363.8806                 21.438048                  395.7038                           2418.5647                      27.866632                1.9972973               6.491192                         29.205892                                 40.748655             1421.5948      0.26960059
              3       2197.1407        3.026432      0.96736796     0.022901064      0.11216731     0.054652328         1.7738859      0.99839881      0.99912432      0.99912072        64.72057     0.087086288       4.8987761       8.2767351       8.8616964       10.866997        18.339175       86.233563       268.18153       41.491828       24.146378       85.153348      0.21853197        0.13986745        0.45465691      0.14145378         0.5956347       1.8626385   2.0623516e-09      0.25696716      0.78341674      0.72505513       148.09589       37.694381       2862.2288       1421.5948       15.872636        11.424237         4.4483993       4362.5362                 21.438048                  395.7038                           2417.2203                      27.866632                1.9972973               6.491192                         29.205892                                 40.748655             1421.5948      0.26960059
              1       2197.6015        3.026432      0.96736796     0.022901064      0.11216731     0.054652328         1.7738859      0.99839881      0.99913162      0.99907132       64.816256     0.097138756       4.9594088       8.3669976       8.8585053       10.978338        18.264924       86.337019       264.46666        42.03353       24.346491       84.946937       0.2180246        0.13232038        0.43927496      0.14440016        0.59255582       1.9068572   2.0623516e-09      0.25696716      0.78341674      0.72505513       148.09589       37.694381       2863.2107       1421.5948       15.842461        11.254471         4.5879901       4363.5181                 21.438048                  395.7038                           2418.2023                      27.866632                1.9972973               6.491192                         29.205892                                 40.748655             1421.5948      0.26960059
              1       2195.7892        3.026432      0.96736796     0.022901064      0.11216731     0.054652328         1.7738859      0.99839881      0.99918053      0.99897887        65.08383     0.098135966       4.9258709       8.4361982       8.8690245       11.016337        18.544435       85.965087       262.73009       41.796674       24.057696       85.000053      0.18938984        0.14027742        0.41282942       0.1508469        0.59494065       1.8583851   2.0623516e-09      0.25696716      0.78341674      0.72505513       148.09589       37.694381       2862.4973       1421.5948       14.386812         9.787064         4.5997484       4362.8047                 21.438048                  395.7038                           2417.4888                      27.866632                1.9972973               6.491192                         29.205892                                 40.748655             1421.5948      0.26960059
              2       2195.7368        3.026432      0.96736796     0.022901064      0.11216731     0.054652328         1.7738859      0.99839881      0.99921836      0.99898378       65.047652      0.09581259       4.9599407       8.3563238       8.9334315       11.107157        18.605825       85.879845       262.25146       41.770974       23.946282       85.218863      0.19046777        0.13180881        0.41495198      0.14930441        0.59573854       1.8640159   2.0623516e-09      0.25696716      0.78341674      0.72505513       148.09589       37.694381       2862.5565       1421.5948       14.304824         9.724252         4.5805715       4362.8639                 21.438048                  395.7038                            2417.548                      27.866632                1.9972973               6.491192                         29.205892                                 40.748655             1421.5948      0.26960059
              2       2195.1873        3.026432      0.96736796     0.022901064      0.11216731     0.054652328         1.7738859      0.99839881       0.9990321      0.99922212       64.976787     0.072353395       5.1286124       8.2398974       9.5066163       11.984292        18.985532       85.773429       254.14174       41.552961       23.130269       83.694908      0.15738415        0.13234679        0.43491398      0.14354031        0.61856132       1.8061178   2.0623516e-09      0.25696716      0.78341674      0.72505513       148.09589       37.694381       2860.7821       1421.5948       14.642548        9.9448617          4.697686       4361.0895                 21.438048                  395.7038                           2415.7736                      27.866632                1.9972973               6.491192                         29.205892                                 40.748655             1421.5948      0.26960059
              1        2195.313        3.026432      0.96736796     0.022901064      0.11216731     0.054652328         1.7738859      0.99839881      0.99907845      0.99909861       65.033208     0.086673007       5.2786921       8.2839161       9.7131197       11.912176        19.245121       85.870735        253.9205       41.731426        22.97669       83.468608      0.15457644        0.14024909        0.43566743      0.14011647         0.6071595       1.8395794   2.0623516e-09      0.25696716      0.78341674      0.72505513       148.09589       37.694381       2861.1643       1421.5948       14.577204        9.6557447          4.921459       4361.4716                 21.438048                  395.7038                           2416.1558                      27.866632                1.9972973               6.491192                         29.205892                                 40.748655             1421.5948      0.26960059
              2       2196.1433        3.026432      0.96736796     0.022901064      0.11216731     0.054652328         1.7738859      0.99839881      0.99918001      0.99918125       65.242827     0.070894521       5.3070832       8.0433906       9.6069549       11.706795        19.441334       85.679583       251.45121       42.540884       22.592551       84.268902      0.10324791        0.15128213        0.44963128      0.14800286        0.61813876       1.8534174   2.0623516e-09      0.25696716      0.78341674      0.72505513       148.09589       37.694381       2863.4866       1421.5948        14.24626        9.4794126         4.7668474        4363.794                 21.438048                  395.7038                           2418.4781                      27.866632                1.9972973               6.491192                         29.205892                                 40.748655             1421.5948      0.26960059
              1       2194.2573        3.026432      0.96736796     0.022901064      0.11216731     0.054652328         1.7738859      0.99839881      0.99921146      0.99908924       65.251925     0.039083525       5.5998922        7.992089       9.4390489       11.976647         19.55845       86.335259       253.90611        42.39928       22.834412       84.975797      0.10818021        0.12285329         0.4624949      0.17671596        0.60786498       1.8048095   2.0623516e-09      0.25696716      0.78341674      0.72505513       148.09589       37.694381       2860.3082       1421.5948       13.949483        8.8468736         5.1026097       4360.6156                 21.438048                  395.7038                           2415.2997                      27.866632                1.9972973               6.491192                         29.205892                                 40.748655             1421.5948      0.26960059
              3       2193.9299        3.026432      0.96736796     0.022901064      0.11216731     0.054652328         1.7738859      0.99839881      0.99921066       0.9990073       65.159484     0.012951606       5.4924498       7.9984887       9.3775224       12.034181        19.559006       86.413022       255.65122       42.857601       23.321819       85.696728     0.086942964        0.11745325        0.46057601      0.20749738        0.60038776       1.8025437   2.0623516e-09      0.25696716      0.78341674      0.72505513       148.09589       37.694381        2859.449       1421.5948       14.051726        9.0846335         4.9670923       4359.7564                 21.438048                  395.7038                           2414.4405                      27.866632                1.9972973               6.491192                         29.205892                                 40.748655             1421.5948      0.26960059
              1       2194.0239        3.026432      0.96736796     0.022901064      0.11216731     0.054652328         1.7738859      0.99834468      0.99925326      0.99902497       65.208264      0.01229028        5.475704       7.9449748       9.3375921       12.081194        19.683475       86.445107       255.69857       42.823978       23.288332       85.676343     0.083107069        0.11759269        0.48182134      0.20892705        0.60531608       1.8024122   2.0623516e-09      0.25696716      0.78341674      0.72505513       148.09589       37.694381       2859.6744       1421.5948        14.03306        9.1306262         4.9024339       4359.9817                 21.443784                  395.7038                           2414.7403                      27.786457                1.9972973               6.491192                         29.205892                                 40.748655             1421.5948      0.26960059
              4       2193.8116        3.026432      0.96736796     0.022901064      0.11216731     0.054652328         1.7738859      0.99834468      0.99918501      0.99905088       65.286072    0.0082024653       5.4061433       7.8481492       9.2575541       11.914538        19.562848       86.369306       255.19729       42.321773       23.097727       85.885855      0.08359837        0.13613123        0.48347808      0.21902361         0.6106404       1.7927122   2.0623516e-09      0.25696716      0.78341674      0.72505513       148.09589       37.694381       2859.4909       1421.5948       13.912447        9.1742457          4.738201       4359.7983                 21.443784                  395.7038                           2414.5569                      27.786457                1.9972973               6.491192                         29.205892                                 40.748655             1421.5948      0.26960059
              1       2196.4793        3.026432      0.96736796     0.022901064      0.11216731     0.054652328         1.7738859      0.99751737      0.99918501      0.99905088       65.286072    0.0082024653       5.4061433       7.8481492       9.2575541       11.914538        19.562848       86.369306       255.19729       42.321773       23.097727       85.885855      0.08359837        0.13613123        0.48347808      0.21902361         0.6106404       1.7927122   2.0623516e-09      0.25696716      0.78341674      0.72505513       148.09589       37.694381       2864.2786       1421.5948       14.186318        9.4481174          4.738201       4364.5859                 21.532598                 395.72114                           2420.4443                      26.580566                1.9972973               6.491192                         29.205892                                 40.748655             1421.5948      0.26960059
              1       2196.4195        3.026432      0.96736796     0.022901064      0.11216731     0.054652328         1.7738859      0.99751737      0.99929116      0.99902033       65.228333     0.010361436       5.3484295       7.9609578       9.2898583       11.900613        19.619392        86.37734       253.65773       41.995039       22.922846       85.679963     0.076163929        0.13490479        0.48628403      0.22680535        0.60614457       1.8178173   2.0623516e-09      0.25696716      0.78341674      0.72505513       148.09589       37.694381       2864.1462       1421.5948       14.192719        9.4385808         4.7541381       4364.4536                 21.532598                 395.72114                           2420.3119                      26.580566                1.9972973               6.491192                         29.205892                                 40.748655             1421.5948      0.26960059
              1       2196.3215        3.026432      0.96736796     0.022901064      0.11216731     0.054652328         1.7738859      0.99751737      0.99929499       0.9990159       65.224215    0.0082546212       5.3498911       7.9528092       9.2851523       11.896898         19.63061       86.331958       253.44326       42.033288       22.913106       85.669694     0.078528492        0.13561284        0.48677363      0.22801663        0.60820279       1.8183899   2.0623516e-09      0.25696716      0.78341674      0.72505513       148.09589       37.694381        2864.163       1421.5948       14.086346        9.3367365         4.7496091       4364.4704                 21.532598                 395.72114                           2420.3287                      26.580566                1.9972973               6.491192                         29.205892                                 40.748655             1421.5948      0.26960059
              1        2196.061        3.026432      0.96736796     0.022901064      0.11216731     0.054652328         1.7738859      0.99751737       0.9992901      0.99904077       65.030912    0.0081074078       5.4733237        7.844191       9.2553115       12.017113        19.452403       86.146148       253.32536       41.599186       22.693548         85.6912     0.082747729          0.135036        0.48750226      0.24055903        0.59094325       1.8135909   2.0623516e-09      0.25696716      0.78341674      0.72505513       148.09589       37.694381       2862.9875       1421.5948       14.413569        9.5942717         4.8192968       4363.2949                 21.532598                 395.72114                           2419.1532                      26.580566                1.9972973               6.491192                         29.205892                                 40.748655             1421.5948      0.26960059
              1        2195.759        3.026432      0.96736796     0.022901064      0.11216731     0.054652328         1.7738859      0.99758785       0.9992901      0.99904077       65.030912    0.0081074078       5.4733237        7.844191       9.2553115       12.017113        19.452403       86.146148       253.32536       41.599186       22.693548         85.6912     0.082747729          0.135036        0.48750226      0.24055903        0.59094325       1.8135909   2.0623516e-09      0.25696716      0.78341674      0.72505513       148.09589       37.694381       2862.4386       1421.5948        14.38597        9.5666732         4.8192968        4362.746                  21.52494                 395.72114                           2418.5107                      26.681862                1.9972973               6.491192                         29.205892                                 40.748655             1421.5948      0.26960059
              2       2195.6594        3.026432      0.96736796     0.022901064      0.11216731     0.054652328         1.7738859      0.99758785      0.99928596      0.99903118       65.014029     0.010201204        5.483387       7.8473798        9.266773       12.026617        19.477401       86.153965       253.75225       41.578687        22.77823       85.662038     0.084312111        0.13529721        0.48623435       0.2428307        0.59185331       1.8204352   2.0623516e-09      0.25696716      0.78341674      0.72505513       148.09589       37.694381       2862.3169       1421.5948       14.347228        9.5126899         4.8345384       4362.6243                  21.52494                 395.72114                           2418.3889                      26.681862                1.9972973               6.491192                         29.205892                                 40.748655             1421.5948      0.26960059
              1       2195.9885        3.026432      0.96736796     0.022901064      0.11216731     0.054652328         1.7738859      0.99758785      0.99924412      0.99908738       64.935937    0.0025071109       5.5810225       7.7063054       8.8846312       11.945986        19.497306       86.104765       252.56597       41.364299        22.59245       86.471852     0.075646853        0.11889599        0.48661274      0.22091157        0.58732164       1.8374722   2.0623516e-09      0.25696716      0.78341674      0.72505513       148.09589       37.694381       2862.2139       1421.5948       14.727837        9.8813055          4.846532       4362.5213                  21.52494                 395.72114                            2418.286                      26.681862                1.9972973               6.491192                         29.205892                                 40.748655             1421.5948      0.26960059
              2       2195.1793        3.026432      0.96736796     0.022901064      0.11216731     0.054652328         1.7738859      0.99758785      0.99905758      0.99906776       64.782763     0.021871829       5.7307346       7.3058861       8.9536139       11.642429        19.220019       86.016908       258.67791       41.208273        22.68559       85.841182      0.13237429        0.12879204        0.48263532      0.20264368        0.55902601       1.8516493   2.0623516e-09      0.25696716      0.78341674      0.72505513       148.09589       37.694381       2861.2966       1421.5948       14.377316        9.6569052         4.7204109        4361.604                  21.52494                 395.72114                           2417.3687                      26.681862                1.9972973               6.491192                         29.205892                                 40.748655             1421.5948      0.26960059
              1       2196.2426        3.026432      0.96736796     0.022901064      0.11216731     0.054652328         1.7738859      0.99758785      0.99890773      0.99899805       64.925937     0.020319617       5.8703021       7.6145279       8.6825748       11.808887        19.244194       85.479105        260.2884       40.997941       23.082244       86.296303       0.1512216        0.15284348        0.46977263      0.23243267        0.57776619       1.8445558   2.0623516e-09      0.25696716      0.78341674      0.72505513       148.09589       37.694381       2861.9042       1421.5948       15.136782        9.9883856         5.1483962       4362.2116                  21.52494                 395.72114                           2417.9762                      26.681862                1.9972973               6.491192                         29.205892                                 40.748655             1421.5948      0.26960059
              4       2198.8916        3.026432      0.96736796     0.022901064      0.11216731     0.054652328         1.7738859      0.99758785      0.99890601      0.99935617       65.005705     0.022034423       5.9958893        7.746482       8.8558134       11.834259        19.131531       85.452635       261.07954       41.367189       23.490132       86.326177      0.14834545        0.13057122        0.44639998      0.25941078        0.55599363       1.8834724   2.0623516e-09      0.25696716      0.78341674      0.72505513       148.09589       37.694381       2864.0789       1421.5948        16.69847        11.266246         5.4322235       4364.3863                  21.52494                 395.72114                            2420.151                      26.681862                1.9972973               6.491192                         29.205892                                 40.748655             1421.5948      0.26960059
              1       2199.1176        3.026432      0.96736796     0.022901064      0.11216731     0.054652328         1.7738859      0.99758785      0.99889378      0.99926516       64.397864     0.029009452       6.1419065       8.0495054       9.3986581       11.954498        18.535258       86.110541       262.08245          41.523       24.081699       85.612916      0.13970876        0.13793544        0.45353352      0.24105171        0.56138061       1.8705456   2.0623516e-09      0.25696716      0.78341674      0.72505513       148.09589       37.694381       2864.3466       1421.5948       16.790642        10.874942         5.9157001        4364.654                  21.52494                 395.72114                           2420.4187                      26.681862                1.9972973               6.491192                         29.205892                                 40.748655             1421.5948      0.26960059
              5       2198.8422        3.026432      0.96736796     0.022901064      0.11216731     0.054652328         1.7738859       1.0001523      0.99889378      0.99926516       64.397864     0.029009452       6.1419065       8.0495054       9.3986581       11.954498        18.535258       86.110541       262.08245          41.523       24.081699       85.612916      0.13970876        0.13793544        0.45353352      0.24105171        0.56138061       1.8705456   2.0623516e-09      0.25696716      0.78341674      0.72505513       148.09589       37.694381       2864.7229       1421.5948       16.327018        10.411318         5.9157001       4365.0303                 21.256779                 395.71895                            2417.199                      30.548189                1.9972973               6.491192                         29.205892                                 40.748655             1421.5948      0.26960059
              1       2199.1838        3.026432      0.96736796     0.022901064      0.11216731     0.054652328         1.7738859       1.0001523      0.99884717      0.99923914       64.362734     0.034354191       6.1253248       7.9642057       9.4096172       11.951633        18.588223        86.14252       261.90485       41.373683       24.111989       85.490232      0.14339762        0.13839845        0.45491961      0.24350168        0.56054204        1.879942   2.0623516e-09      0.25696716      0.78341674      0.72505513       148.09589       37.694381       2865.4055       1421.5948       16.327325        10.515013         5.8123111       4365.7129                 21.256779                 395.71895                           2417.8816                      30.548189                1.9972973               6.491192                         29.205892                                 40.748655             1421.5948      0.26960059
              3       2199.4556        3.026432      0.96736796     0.022901064      0.11216731     0.054652328         1.7738859       1.0001523      0.99883988      0.99929424       64.374855       0.0257567       6.2047485       7.8200066       9.3593337        11.78586        18.821201       86.221257       254.97684       41.202571       23.818518       85.653166      0.13653518        0.15218487        0.44185058      0.24629084        0.55867301       1.8532838   2.0623516e-09      0.25696716      0.78341674      0.72505513       148.09589       37.694381       2865.3816       1421.5948       16.611071        10.814466          5.796605        4365.689                 21.256779                 395.71895                           2417.8577                      30.548189                1.9972973               6.491192                         29.205892                                 40.748655             1421.5948      0.26960059
              4       2200.8104        3.026432      0.96736796     0.022901064      0.11216731     0.054652328         1.7738859       1.0001523      0.99900753      0.99907178       63.808805     0.028414115       6.3018807       7.8653675       9.2816832       11.561033        19.358073        86.85946       259.67349       40.181163       23.533018       85.797752     0.079714496         0.1746472        0.49850489      0.30484042        0.53561909       1.8703211   2.0623516e-09      0.25696716      0.78341674      0.72505513       148.09589       37.694381       2864.9535       1421.5948       18.179948        12.197116         5.9828324       4365.2609                 21.256779                 395.71895                           2417.4296                      30.548189                1.9972973               6.491192                         29.205892                                 40.748655             1421.5948      0.26960059
              1       2200.6691        3.026432      0.96736796     0.022901064      0.11216731     0.054652328         1.7738859       1.0001523      0.99902314      0.99903677       63.826059     0.032066221       6.3481509       7.9746507       9.2483915        11.47682        19.560713       86.908673        259.0711       40.229375       23.457673       85.760106      0.07897521        0.17046716        0.50924046      0.31185529        0.54233514       1.8859593   2.0623516e-09      0.25696716      0.78341674      0.72505513       148.09589       37.694381       2864.7369       1421.5948       18.146917        11.990138         6.1567791       4365.0443                 21.256779                 395.71895                            2417.213                      30.548189                1.9972973               6.491192                         29.205892                                 40.748655             1421.5948      0.26960059
              3       2201.3551        3.026432      0.96736796     0.022901064      0.11216731     0.054652328         1.7738859       1.0001523      0.99904174        0.999152       63.842114     0.026304473       6.2761194       8.0053147       9.2171534       11.506759        19.388886       86.676638       258.88648       40.335347       23.601698       85.851498     0.082346335         0.1786836         0.5306886      0.32224613        0.55460007        1.911661   2.0623516e-09      0.25696716      0.78341674      0.72505513       148.09589       37.694381       2865.0609       1421.5948       18.670897        12.594845         6.0760517       4365.3683                 21.256779                 395.71895                            2417.537                      30.548189                1.9972973               6.491192                         29.205892                                 40.748655             1421.5948      0.26960059
              3        2201.398        3.026432      0.96736796     0.022901064      0.11216731     0.054652328         1.7738859       1.0001523      0.99904319      0.99915867       63.854168     0.022145424       6.2955529       7.9916491       9.2109911       11.457982        19.366245       86.635198       258.21618       40.386211       23.572258       85.837267     0.083184272        0.17917278        0.52907136       0.3230355        0.55667387       1.9044885   2.0623516e-09      0.25696716      0.78341674      0.72505513       148.09589       37.694381       2865.1734       1421.5948       18.657634        12.565014         6.0926196       4365.4808                 21.256779                 395.71895                           2417.6495                      30.548189                1.9972973               6.491192                         29.205892                                 40.748655             1421.5948      0.26960059
              3       2200.6084        3.026432      0.96736796     0.022901064      0.11216731     0.054652328         1.7738859       1.0001523      0.99907303      0.99914761       63.807206     0.030355775       6.2197311       7.9178438       9.3875842       11.338985        19.379809       86.833188       257.93882       40.638904       23.479361       85.882877     0.096687517        0.18380811        0.52337378      0.30812436        0.57613027        1.922911   2.0623516e-09      0.25696716      0.78341674      0.72505513       148.09589       37.694381       2865.7101       1421.5948       17.599615         11.69056         5.9090555       4366.0175                 21.256779                 395.71895                           2418.1862                      30.548189                1.9972973               6.491192                         29.205892                                 40.748655             1421.5948      0.26960059
              1       2196.2416        3.026432      0.96736796     0.022901064      0.11216731     0.054652328         1.7738859      0.99857573      0.99907303      0.99914761       63.807206     0.030355775       6.2197311       7.9178438       9.3875842       11.338985        19.379809       86.833188       257.93882       40.638904       23.479361       85.882877     0.096687517        0.18380811        0.52337378      0.30812436        0.57613027        1.922911   2.0623516e-09      0.25696716      0.78341674      0.72505513       148.09589       37.694381       2856.6557       1421.5948       17.760045         11.85099         5.9090555       4356.9631                 21.419359                 395.70664                           2411.3999                      28.129779                1.9972973               6.491192                         29.205892                                 40.748655             1421.5948      0.26960059
              1       2196.3374        3.026432      0.96736796     0.022901064      0.11216731     0.054652328         1.7738859      0.99857573      0.99901888      0.99916372       63.644925     0.027885338       6.2018954       7.9029538       9.4464828       11.336301        19.417041       86.637191       256.29587       40.792056         23.4533       85.909346      0.10174239        0.17588521        0.51491056       0.3169318        0.58403501        1.917459   2.0623516e-09      0.25696716      0.78341674      0.72505513       148.09589       37.694381       2857.3294       1421.5948       17.519024        11.650248         5.8687758       4357.6368                 21.419359                 395.70664                           2412.0736                      28.129779                1.9972973               6.491192                         29.205892                                 40.748655             1421.5948      0.26960059
              4       2196.2925        3.026432      0.96736796     0.022901064      0.11216731     0.054652328         1.7738859      0.99857573      0.99906722      0.99935576       63.334807     0.037895494       6.0560397       7.6425348       9.3198366       11.021478        20.148284       87.469195       254.32491       39.276991        23.05368       86.584046      0.07441516        0.12942847        0.55115271       0.2799054        0.64329859        1.973543   2.0623516e-09      0.25696716      0.78341674      0.72505513       148.09589       37.694381       2859.5826       1421.5948       16.347454        10.921941         5.4255136         4359.89                 21.419359                 395.70664                           2414.3268                      28.129779                1.9972973               6.491192                         29.205892                                 40.748655             1421.5948      0.26960059
              2       2195.6047        3.026432      0.96736796     0.022901064      0.11216731     0.054652328         1.7738859      0.99857573      0.99914361      0.99940346       63.602083     0.032776245       6.1871502       7.5531488       9.2947476       11.176762        19.928146       87.161699       256.14747       38.980522       23.374451       86.446136     0.088123103        0.14371301        0.55834171      0.27156258        0.65232966       1.9274788   2.0623516e-09      0.25696716      0.78341674      0.72505513       148.09589       37.694381       2858.7426       1421.5948       16.079715        10.548626         5.5310882         4359.05                 21.419359                 395.70664                           2413.4868                      28.129779                1.9972973               6.491192                         29.205892                                 40.748655             1421.5948      0.26960059
              2       2195.6625        3.026432      0.96736796     0.022901064      0.11216731     0.054652328         1.7738859      0.99857573       0.9991652      0.99939701       63.490969     0.032383932       6.1691163       7.4857079       9.2406293       11.139447        19.866832       87.125896         256.177       38.906179       23.483243       86.583853     0.087597645        0.14359799        0.55691528      0.27377976        0.65615986       1.9246471   2.0623516e-09      0.25696716      0.78341674      0.72505513       148.09589       37.694381       2859.1713       1421.5948       15.923131        10.476616         5.4465149       4359.4787                 21.419359                 395.70664                           2413.9155                      28.129779                1.9972973               6.491192                         29.205892                                 40.748655             1421.5948      0.26960059
              6       2195.7047        3.026432      0.96736796     0.022901064      0.11216731     0.054652328         1.7738859      0.99857573      0.99916017      0.99941998        63.55957     0.031232411        6.161199       7.4485962        9.426018       10.985248        19.744979       86.982575       253.39563       39.255511       23.567329       86.736531     0.087218108        0.14761291        0.55319603      0.27337071        0.65441665       1.9129931   2.0623516e-09      0.25696716      0.78341674      0.72505513       148.09589       37.694381       2859.0913       1421.5948       16.005322        10.602123         5.4031992       4359.3987                 21.419359                 395.70664                           2413.8355                      28.129779                1.9972973               6.491192                         29.205892                                 40.748655             1421.5948      0.26960059
              1       2196.0852        3.026432      0.96736796     0.022901064      0.11216731     0.054652328         1.7738859      0.99857573      0.99914019      0.99932824       63.478787     0.057713411       6.2559771       7.5556031       9.4815895       10.973048        19.183558       87.091833       252.84552       39.888306       23.291593       86.617825     0.064229986        0.15076454        0.56101045       0.2794178        0.64680908         1.91071   2.0623516e-09      0.25696716      0.78341674      0.72505513       148.09589       37.694381       2857.8725       1421.5948       16.995216        11.363948         5.6312681       4358.1799                 21.419359                 395.70664                           2412.6167                      28.129779                1.9972973               6.491192                         29.205892                                 40.748655             1421.5948      0.26960059
              4        2195.207        3.026432      0.96736796     0.022901064      0.11216731     0.054652328         1.7738859      0.99857573      0.99907294      0.99923044       63.910937   4.1378476e-05       6.3796882       7.9334525       9.7871679       10.872309        18.708803       86.409722       246.02612       39.856099       23.570173       86.455574     0.079919965        0.12869154        0.53592276      0.27486946        0.62567335       1.9218329   2.0623516e-09      0.25696716      0.78341674      0.72505513       148.09589       37.694381       2856.8512       1421.5948       16.627711        10.462044         6.1656664       4357.1586                 21.419359                 395.70664                           2411.5955                      28.129779                1.9972973               6.491192                         29.205892                                 40.748655             1421.5948      0.26960059
              1       2195.6414        3.026432      0.96736796     0.022901064      0.11216731     0.054652328         1.7738859      0.99857573      0.99931679      0.99922389       64.004639     0.039707838       6.4868375       7.7775146       8.9189413       10.642543        18.745492       86.406642       243.03927       41.769306       24.191857       87.198306     0.071155969        0.12769207        0.54196829      0.23050578        0.66717461       1.8742386   2.0623516e-09      0.25696716      0.78341674      0.72505513       148.09589       37.694381       2859.6305       1421.5948       15.672431        9.4918684         6.1805623       4359.9379                 21.419359                 395.70664                           2414.3747                      28.129779                1.9972973               6.491192                         29.205892                                 40.748655             1421.5948      0.26960059
              3       2195.6486        3.026432      0.96736796     0.022901064      0.11216731     0.054652328         1.7738859      0.99857573      0.99931446      0.99922553       63.988638     0.038463647       6.4702488       7.7826212       8.9342263       10.674017        18.755804       86.367679       242.37441       41.797681       24.111129       87.265114     0.074960901        0.12226443        0.54149918      0.22590115        0.66853311       1.8716816   2.0623516e-09      0.25696716      0.78341674      0.72505513       148.09589       37.694381       2859.9225       1421.5948       15.533666         9.373695         6.1599707       4360.2299                 21.419359                 395.70664                           2414.6667                      28.129779                1.9972973               6.491192                         29.205892                                 40.748655             1421.5948      0.26960059
              1       2195.6379        3.026432      0.96736796     0.022901064      0.11216731     0.054652328         1.7738859      0.99862662      0.99931446      0.99922553       63.988638     0.038463647       6.4702488       7.7826212       8.9342263       10.674017        18.755804       86.367679       242.37441       41.797681       24.111129       87.265114     0.074960901        0.12226443        0.54149918      0.22590115        0.66853311       1.8716816   2.0623516e-09      0.25696716      0.78341674      0.72505513       148.09589       37.694381       2859.9238       1421.5948       15.522274        9.3623038         6.1599707       4360.2312                 21.413998                 395.70664                           2414.5974                      28.205792                1.9972973               6.491192                         29.205892                                 40.748655             1421.5948      0.26960059
              1       2195.7062        3.026432      0.96736796     0.022901064      0.11216731     0.054652328         1.7738859      0.99862662       0.9993224      0.99921973       64.013268     0.036594803       6.5057639       7.6930711       8.9259717       10.717278        18.748995       86.427161       242.94704        41.82349       24.118353       87.376442     0.083918922        0.11955285         0.5454513      0.23231262         0.6652602       1.8636099   2.0623516e-09      0.25696716      0.78341674      0.72505513       148.09589       37.694381       2860.5007       1421.5948       15.302151        9.1735196         6.1286313       4360.8081                 21.413998                 395.70664                           2415.1743                      28.205792                1.9972973               6.491192                         29.205892                                 40.748655             1421.5948      0.26960059
              2        2195.787        3.026432      0.96736796     0.022901064      0.11216731     0.054652328         1.7738859      0.99862662      0.99936917      0.99926757       64.069418     0.035568744       6.3506615       7.6272586       8.8373577       10.572989         18.85618        86.71837       243.57102       41.585855       24.018935       87.594067     0.076689213        0.11004968        0.54694283       0.2321598        0.64349571       1.8565846   2.0623516e-09      0.25696716      0.78341674      0.72505513       148.09589       37.694381        2860.326       1421.5948       15.470295        9.6362886         5.8340063       4360.6333                 21.413998                 395.70664                           2414.9995                      28.205792                1.9972973               6.491192                         29.205892                                 40.748655             1421.5948      0.26960059
              2       2196.2539        3.026432      0.96736796     0.022901064      0.11216731     0.054652328         1.7738859      0.99862662      0.99943406      0.99924397       64.084125     0.025102353       6.4514137       7.8210166       8.8678428       11.058213        19.490483       85.398336       252.23797       42.646195       24.206062        87.54071     0.061304309        0.13082848        0.54427527      0.20462766         0.6278859       1.8283675   2.0623516e-09      0.25696716      0.78341674      0.72505513       148.09589       37.694381       2860.1116       1421.5948        16.04443        9.8765309         6.1678987        4360.419                 21.413998                 395.70664                           2414.7851                      28.205792                1.9972973               6.491192                         29.205892                                 40.748655             1421.5948      0.26960059
              7       2196.3131        3.026432      0.96736796     0.022901064      0.11216731     0.054652328         1.7738859      0.99862662      0.99952644      0.99922137       63.982407     0.025725033       6.5164704       7.7537778       9.0693355       11.138682        19.373431       85.705398       252.80847       42.588633       24.228903       87.409295     0.048631169        0.11066364        0.52312156      0.19708619        0.60833669       1.8106391   2.0623516e-09      0.25696716      0.78341674      0.72505513       148.09589       37.694381       2859.1359       1421.5948       16.591465          10.3881         6.2033655       4359.4433                 21.413998                 395.70664                           2413.8095                      28.205792                1.9972973               6.491192                         29.205892                                 40.748655             1421.5948      0.26960059
              1       2196.4061        3.026432      0.96736796     0.022901064      0.11216731     0.054652328         1.7738859      0.99862662      0.99955655      0.99922873       63.949397     0.030400306       6.5443079       7.7484092       9.0669036       11.142754         19.37684       85.658741       253.25483       42.656398       24.132849       87.438895     0.049683294         0.1144411        0.52664033        0.198979        0.61123869       1.8107643   2.0623516e-09      0.25696716      0.78341674      0.72505513       148.09589       37.694381       2859.4904       1421.5948       16.507161        10.265931         6.2412299       4359.7978                 21.413998                 395.70664                            2414.164                      28.205792                1.9972973               6.491192                         29.205892                                 40.748655             1421.5948      0.26960059
              1       2195.4331        3.026432      0.96736796     0.022901064      0.11216731     0.054652328         1.7738859      0.99862662      0.99966916      0.99877346       63.871955     0.075035925       6.3773653       7.5724907       8.8970145       11.489379        18.858724       85.122543        260.8015        43.03364       24.464036       87.095368      0.08013186       0.092863154        0.50861833      0.19466514         0.5732032       1.8382467   2.0623516e-09      0.25696716      0.78341674      0.72505513       148.09589       37.694381       2861.2411       1421.5948       14.658871        8.8359457         5.8229248       4361.5485                 21.413998                 395.70664                           2415.9146                      28.205792                1.9972973               6.491192                         29.205892                                 40.748655             1421.5948      0.26960059
              7       2194.6744        3.026432      0.96736796     0.022901064      0.11216731     0.054652328         1.7738859      0.99862662      0.99970079      0.99875104       63.980465     0.079422927       6.3327676       7.9353324       9.3236957       11.608369        18.427529       84.919891       259.30183       42.315834       25.002263       87.165223     0.085844867        0.12097351        0.53212775      0.20272646        0.57592166       1.8485542   2.0623516e-09      0.25696716      0.78341674      0.72505513       148.09589       37.694381       2860.1552       1421.5948       14.443053        8.3473626         6.0956909       4360.4626                 21.413998                 395.70664                           2414.8288                      28.205792                1.9972973               6.491192                         29.205892                                 40.748655             1421.5948      0.26960059
              2       2194.5525        3.026432      0.96736796     0.022901064      0.11216731     0.054652328         1.7738859      0.99862662      0.99968359      0.99875783        63.98004     0.079429834       6.3347717       7.9518084       9.3335465       11.598308        18.430382       84.880198       258.74879       42.274574       25.060336        87.10031     0.086709934        0.12181032        0.52979272      0.19900148        0.57498195       1.8423226   2.0623516e-09      0.25696716      0.78341674      0.72505513       148.09589       37.694381       2859.8717       1421.5948       14.462952        8.3485022         6.1144496       4360.1791                 21.413998                 395.70664                           2414.5453                      28.205792                1.9972973               6.491192                         29.205892                                 40.748655             1421.5948      0.26960059
              1       2194.5238        3.026432      0.96736796     0.022901064      0.11216731     0.054652328         1.7738859      0.99876381      0.99968359      0.99875783        63.98004     0.079429834       6.3347717       7.9518084       9.3335465       11.598308        18.430382       84.880198       258.74879       42.274574       25.060336        87.10031     0.086709934        0.12181032        0.52979272      0.19900148        0.57498195       1.8423226   2.0623516e-09      0.25696716      0.78341674      0.72505513       148.09589       37.694381       2859.8716       1421.5948       14.434312        8.3198619         6.1144496        4360.179                  21.39958                 395.70664                            2414.354                      28.411371                1.9972973               6.491192                         29.205892                                 40.748655             1421.5948      0.26960059
              2       2195.0535        3.026432      0.96736796     0.022901064      0.11216731     0.054652328         1.7738859      0.99876381      0.99976077      0.99869501       65.644559       0.0333645       6.1395074       7.5958242       9.1117947       12.435024        17.947521       82.237208       267.86176       42.483085         25.7391       86.543994      0.12990996        0.11300068        0.52044748      0.15211437        0.52288645       2.0047147   2.0623516e-09      0.25696716      0.78341674      0.72505513       148.09589       37.694381       2860.4779       1421.5948       14.660828        9.1593257         5.5015026       4360.7853                  21.39958                 395.70664                           2414.9603                      28.411371                1.9972973               6.491192                         29.205892                                 40.748655             1421.5948      0.26960059
              2       2195.7776        3.026432      0.96736796     0.022901064      0.11216731     0.054652328         1.7738859      0.99876381      0.99976503      0.99870837       65.588969     0.032767398       6.1169416       7.6758876       9.1717379       12.445401        18.077167       82.207475       267.25454       42.516668        25.83082       86.270922      0.15132811         0.1140768        0.52989708      0.15039961        0.51694818       1.9968326   2.0623516e-09      0.25696716      0.78341674      0.72505513       148.09589       37.694381        2861.142       1421.5948       15.052907        9.5126187         5.5402885       4361.4494                  21.39958                 395.70664                           2415.6244                      28.411371                1.9972973               6.491192                         29.205892                                 40.748655             1421.5948      0.26960059
              1       2195.8869        3.026432      0.96736796     0.022901064      0.11216731     0.054652328         1.7738859      0.99876381      0.99955822      0.99841545       65.610056     0.034049587       5.8845993       8.0585951       9.0795635       12.364669        18.270694       81.595841       271.42206       41.577586       25.270965       85.650539      0.14844328       0.095650335        0.52365745       0.1090382        0.56681465       1.9963403   2.0623516e-09      0.25696716      0.78341674      0.72505513       148.09589       37.694381       2861.7355       1421.5948       14.865468         9.315476          5.549992       4362.0429                  21.39958                 395.70664                           2416.2179                      28.411371                1.9972973               6.491192                         29.205892                                 40.748655             1421.5948      0.26960059
              5       2196.1803        3.026432      0.96736796     0.022901064      0.11216731     0.054652328         1.7738859      0.99876381      0.99957581       0.9985526       65.848366     0.027992747       5.8279792       8.0572069       8.9207778       12.039481        18.087267       80.958469       272.14019       41.518588       25.406487        85.43844      0.15947973        0.10317019        0.52279093      0.13447172        0.59028131       1.9937031   2.0623516e-09      0.25696716      0.78341674      0.72505513       148.09589       37.694381       2864.0313       1421.5948       14.010958        8.5419896         5.4689679       4364.3387                  21.39958                 395.70664                           2418.5137                      28.411371                1.9972973               6.491192                         29.205892                                 40.748655             1421.5948      0.26960059
              3       2196.0196        3.026432      0.96736796     0.022901064      0.11216731     0.054652328         1.7738859      0.99876381      0.99956698      0.99854817       65.835243     0.029531431       5.8352593       8.0994758       8.8939257       12.006918        18.087784        80.96798       272.07274       41.490917       25.492369       85.528479      0.15537117        0.10381105        0.51908528      0.13574447        0.58790814       1.9888056   2.0623516e-09      0.25696716      0.78341674      0.72505513       148.09589       37.694381       2863.8186       1421.5948       13.956624        8.4402751         5.5163486        4364.126                  21.39958                 395.70664                            2418.301                      28.411371                1.9972973               6.491192                         29.205892                                 40.748655             1421.5948      0.26960059
              2       2195.6863        3.026432      0.96736796     0.022901064      0.11216731     0.054652328         1.7738859      0.99876381      0.99956223      0.99854299       65.789984     0.057939598       5.8145512       8.2111344       9.1715961       11.929266        18.096899       80.817261        272.7209       41.965729       25.411285       85.647546      0.15493131        0.11225599        0.53926961       0.1319069        0.57583977       1.9728098   2.0623516e-09      0.25696716      0.78341674      0.72505513       148.09589       37.694381        2862.527       1421.5948       14.269132        8.6831992         5.5859325       4362.8344                  21.39958                 395.70664                           2417.0094                      28.411371                1.9972973               6.491192                         29.205892                                 40.748655             1421.5948      0.26960059
              2       2196.1418        3.026432      0.96736796     0.022901064      0.11216731     0.054652328         1.7738859      0.99876381      0.99954244      0.99859584       65.999553      0.10181989       5.9143906       8.1158503       8.9815749       11.385275         17.98298       80.547317       273.70567       41.401241       25.934803       86.172589       0.1824865        0.12412283         0.5646041      0.15540599        0.57647682       1.9957343   2.0623516e-09      0.25696716      0.78341674      0.72505513       148.09589       37.694381       2862.4576       1421.5948       14.759269         9.115706         5.6435634        4362.765                  21.39958                 395.70664                             2416.94                      28.411371                1.9972973               6.491192                         29.205892                                 40.748655             1421.5948      0.26960059
              3       2195.5089        3.026432      0.96736796     0.022901064      0.11216731     0.054652328         1.7738859      0.99876381      0.99967999        0.998475       66.019199     0.071799724       5.6857845       8.4629186       8.9142098       11.108633        17.716073       80.593215       280.30501       41.537249       26.528495       86.721046      0.16689529        0.12122512        0.53735498      0.19008145        0.57717776        1.968235   2.0623516e-09      0.25696716      0.78341674      0.72505513       148.09589       37.694381       2863.7511       1421.5948       13.479593        7.8527978         5.6267954       4364.0585                  21.39958                 395.70664                           2418.2336                      28.411371                1.9972973               6.491192                         29.205892                                 40.748655             1421.5948      0.26960059
              1       2195.5072        3.026432      0.96736796     0.022901064      0.11216731     0.054652328         1.7738859      0.99878682      0.99967999        0.998475       66.019199     0.071799724       5.6857845       8.4629186       8.9142098       11.108633        17.716073       80.593215       280.30501       41.537249       26.528495       86.721046      0.16689529        0.12122512        0.53735498      0.19008145        0.57717776        1.968235   2.0623516e-09      0.25696716      0.78341674      0.72505513       148.09589       37.694381       2863.7569       1421.5948       13.475085        7.8482897         5.6267954       4364.0643                 21.397166                 395.70664                           2418.2071                      28.445945                1.9972973               6.491192                         29.205892                                 40.748655             1421.5948      0.26960059
              2        2195.734        3.026432      0.96736796     0.022901064      0.11216731     0.054652328         1.7738859      0.99878682      0.99968163      0.99847488       66.076756     0.067210592       5.6760331       8.4483461       8.7863853       11.081737        17.875148       80.803822       277.87993       42.164899       26.610058       87.205179      0.15921942        0.11014228        0.54824068      0.18837081        0.57571067       1.9746946   2.0623516e-09      0.25696716      0.78341674      0.72505513       148.09589       37.694381       2864.0937       1421.5948       13.533484        7.9336621         5.5998222       4364.4011                 21.397166                 395.70664                           2418.5439                      28.445945                1.9972973               6.491192                         29.205892                                 40.748655             1421.5948      0.26960059
              1       2195.0294        3.026432      0.96736796     0.022901064      0.11216731     0.054652328         1.7738859      0.99878682      0.99973143       0.9981341       66.105161     0.069396058       5.8411604       7.7935867       8.2445876       10.729698        17.436518       80.221475       276.59599       44.211744       26.203295       86.348789      0.16402027        0.15218798        0.50749348      0.17118564        0.52745864       1.8693234   2.0623516e-09      0.25696716      0.78341674      0.72505513       148.09589       37.694381       2862.3961       1421.5948       13.677696         8.417862         5.2598339       4362.7035                 21.397166                 395.70664                           2416.8463                      28.445945                1.9972973               6.491192                         29.205892                                 40.748655             1421.5948      0.26960059
              3       2195.6889        3.026432      0.96736796     0.022901064      0.11216731     0.054652328         1.7738859      0.99878682      0.99968794      0.99823826       66.072926     0.091556077       5.8925557       7.9156703       8.2967111       10.762779        17.416955       80.082853        276.5381       44.758904       25.714389       86.776923      0.15349721         0.1619689        0.51083978      0.16437686        0.53778559       1.8713734   2.0623516e-09      0.25696716      0.78341674      0.72505513       148.09589       37.694381        2863.397       1421.5948       13.836675        8.4010932         5.4355821       4363.7044                 21.397166                 395.70664                           2417.8473                      28.445945                1.9972973               6.491192                         29.205892                                 40.748655             1421.5948      0.26960059
              1       2196.6394        3.026432      0.96736796     0.022901064      0.11216731     0.054652328         1.7738859      0.99878682      0.99947259      0.99865872       66.061977      0.11701106       6.1439611       8.0410562        7.445293       11.198484        17.451831       79.426973        282.1033       43.741817       28.246973       87.353883      0.16137483        0.14176807        0.58850005      0.20511762         0.5866558       1.8586556   2.0623516e-09      0.25696716      0.78341674      0.72505513       148.09589       37.694381       2863.1849       1421.5948       14.893291        8.9823937         5.9108973       4363.4923                 21.397166                 395.70664                           2417.6351                      28.445945                1.9972973               6.491192                         29.205892                                 40.748655             1421.5948      0.26960059
              2       2196.7805        3.026432      0.96736796     0.022901064      0.11216731     0.054652328         1.7738859      0.99878682      0.99948284       0.9986688       66.064061      0.11105041        6.136264       8.0023069       7.3969546       11.180562        17.407438       79.381843       281.85349       43.782904       28.179069       87.453808        0.165892        0.14594836        0.58976482      0.20674039        0.58825992       1.8552856   2.0623516e-09      0.25696716      0.78341674      0.72505513       148.09589       37.694381       2863.2667       1421.5948       14.993499        9.1299549         5.8635441       4363.5741                 21.397166                 395.70664                            2417.717                      28.445945                1.9972973               6.491192                         29.205892                                 40.748655             1421.5948      0.26960059
              3       2196.8566        3.026432      0.96736796     0.022901064      0.11216731     0.054652328         1.7738859      0.99878682      0.99946011      0.99864627       66.091904      0.11036196       6.1926318       7.9879262       7.3931446        11.20343        17.499551       79.396422       281.96195        43.81193       28.095081       87.459091      0.16589013        0.14811566        0.59293272      0.20734622        0.60142477       1.8518901   2.0623516e-09      0.25696716      0.78341674      0.72505513       148.09589       37.694381       2863.4302       1421.5948        14.98781        9.0538632         5.9339463       4363.7376                 21.397166                 395.70664                           2417.8805                      28.445945                1.9972973               6.491192                         29.205892                                 40.748655             1421.5948      0.26960059
              1       2196.9348        3.026432      0.96736796     0.022901064      0.11216731     0.054652328         1.7738859      0.99878682      0.99945998      0.99864683       66.085101      0.10960826       6.1909621       7.9787235       7.4030092       11.210868        17.500501       79.364767        282.2235       43.811062       28.066241       87.445549      0.16645661        0.14639081        0.59332562      0.20586289        0.60124249       1.8509414   2.0623516e-09      0.25696716      0.78341674      0.72505513       148.09589       37.694381       2863.6136       1421.5948       14.974298        9.0514217         5.9228765        4363.921                 21.397166                 395.70664                           2418.0639                      28.445945                1.9972973               6.491192                         29.205892                                 40.748655             1421.5948      0.26960059
              1       2197.4269        3.026432      0.96736796     0.022901064      0.11216731     0.054652328         1.7738859      0.99878682      0.99918309      0.99857931        66.96946      0.15793689        6.105045       7.9836587       7.4744843       11.500114        16.853204       78.365902       275.33744       45.431973       28.982383       87.878491      0.16689763        0.11532744        0.55045233      0.17093962        0.61836382        1.751899   2.0623516e-09      0.25696716      0.78341674      0.72505513       148.09589       37.694381       2864.9867       1421.5948        14.77982        8.9794325         5.8003874       4365.2941                 21.397166                 395.70664                            2419.437                      28.445945                1.9972973               6.491192                         29.205892                                 40.748655             1421.5948      0.26960059
              1       2195.8712        3.026432      0.96736796     0.022901064      0.11216731     0.054652328         1.7738859      0.99878682      0.99907829      0.99874968         67.4974      0.12899675       6.2722302        7.401982        8.471612       12.891163        16.961027       78.341805       268.20495       43.518185       30.196977       85.865311      0.11560703        0.12758261        0.53613014      0.19868387        0.60388835       1.9633964   2.0623516e-09      0.25696716      0.78341674      0.72505513       148.09589       37.694381       2861.8909       1421.5948       14.772021        9.2542085         5.5178122       4362.1983                 21.397166                 395.70664                           2416.3412                      28.445945                1.9972973               6.491192                         29.205892                                 40.748655             1421.5948      0.26960059
              1       2196.9291        3.026432      0.96736796     0.022901064      0.11216731     0.054652328         1.7738859      0.99841787      0.99897276      0.99857957       67.712787      0.11308903       6.4447337       7.4699261       8.3304513        12.82306        17.061885       78.484532       264.77196       43.526186       29.695748       85.761973      0.13662923        0.13179257        0.52026561      0.16915022         0.5592482       2.0146052   2.0623516e-09      0.25696716      0.78341674      0.72505513       148.09589       37.694381       2862.1872       1421.5948       15.681833        9.8541025          5.827731       4362.4946                 21.436031                  395.7038                           2417.1524                      27.894896                1.9972973               6.491192                         29.205892                                 40.748655             1421.5948      0.26960059
              2       2196.3706        3.026432      0.96736796     0.022901064      0.11216731     0.054652328         1.7738859      0.99841787      0.99891472       0.9982562       67.143027     0.076468451       6.3207133       6.1356818       8.2701605       12.783194        16.800676       79.332686       259.30853       44.209011       30.673072       86.888884      0.16071052        0.11339247        0.54421162      0.17704887        0.55701485       2.0042884   2.0623516e-09      0.25696716      0.78341674      0.72505513       148.09589       37.694381       2862.8262       1421.5948       14.803793        10.255874         4.5479182       4363.1336                 21.436031                  395.7038                           2417.7915                      27.894896                1.9972973               6.491192                         29.205892                                 40.748655             1421.5948      0.26960059
              1       2197.0934        3.026432      0.96736796     0.022901064      0.11216731     0.054652328         1.7738859      0.99841787        0.998815      0.99826806       67.063712     0.087686974       6.1799645       6.0366421        8.251852       12.813776        17.442641       79.245864       258.21841       43.513382       30.027127       86.331803      0.16460871        0.11303596        0.53076853      0.18564908        0.55802109       2.0216051   2.0623516e-09      0.25696716      0.78341674      0.72505513       148.09589       37.694381       2864.4751       1421.5948       14.702203         10.39158         4.3106228       4364.7825                 21.436031                  395.7038                           2419.4403                      27.894896                1.9972973               6.491192                         29.205892                                 40.748655             1421.5948      0.26960059
              3       2196.8907        3.026432      0.96736796     0.022901064      0.11216731     0.054652328         1.7738859      0.99841787      0.99887146      0.99829357       67.002013     0.086423353       6.1545096       5.9680365       8.2301865       12.806214        17.465644       79.398829       258.11797       43.394963       29.992925       86.174393      0.16685391        0.12074183        0.54121744      0.18609733        0.56336112       1.9814324   2.0623516e-09      0.25696716      0.78341674      0.72505513       148.09589       37.694381       2864.5877       1421.5948       14.443201        10.209961           4.23324       4364.8951                 21.436031                  395.7038                            2419.553                      27.894896                1.9972973               6.491192                         29.205892                                 40.748655             1421.5948      0.26960059
              4       2199.2409        3.026432      0.96736796     0.022901064      0.11216731     0.054652328         1.7738859      0.99841787      0.99890225      0.99840638       66.872549     0.088483199       6.1839592       6.1440747       9.1943761       13.751664        17.670923       79.926662       257.75654       42.338847       30.261054       86.716987      0.16826871        0.10498504        0.58161394      0.21036501        0.54724488       2.0060936   2.0623516e-09      0.25696716      0.78341674      0.72505513       148.09589       37.694381       2865.7678       1421.5948        16.20331        11.810715         4.3925951       4366.0752                 21.436031                  395.7038                           2420.7331                      27.894896                1.9972973               6.491192                         29.205892                                 40.748655             1421.5948      0.26960059
              1       2198.2196        3.026432      0.96736796     0.022901064      0.11216731     0.054652328         1.7738859      0.99841787         0.99894      0.99845374       66.998084       0.1248204       6.1916789        5.628097       9.0597701       13.440835        17.733013       79.575795       259.77526       42.914609       30.176333       86.961266      0.15086489        0.10684807        0.58490721      0.22727534         0.5615237       1.8992035   2.0623516e-09      0.25696716      0.78341674      0.72505513       148.09589       37.694381       2865.9946       1421.5948       15.068613        11.027806         4.0408068        4366.302                 21.436031                  395.7038                           2420.9599                      27.894896                1.9972973               6.491192                         29.205892                                 40.748655             1421.5948      0.26960059
              1       2198.4118        3.026432      0.96736796     0.022901064      0.11216731     0.054652328         1.7738859      0.99841787      0.99889179      0.99841909       67.101329      0.12390252       6.1746363        5.645422       9.0878464       13.521297         17.76807       79.585051       259.92648       43.182968       30.332725       87.234028      0.15303568        0.10430782        0.58309431      0.23197367        0.56739445       1.8958109   2.0623516e-09      0.25696716      0.78341674      0.72505513       148.09589       37.694381       2866.1323       1421.5948       15.191927        11.157781         4.0341452       4366.4397                 21.436031                  395.7038                           2421.0976                      27.894896                1.9972973               6.491192                         29.205892                                 40.748655             1421.5948      0.26960059
              1       2197.8002        3.026432      0.96736796     0.022901064      0.11216731     0.054652328         1.7738859      0.99841787      0.99893424      0.99869109       67.547625      0.13431378       6.4715437       5.6511225       8.9321485        14.06158        17.593278       79.484873       257.58155       43.728073       30.140824       87.642831      0.13908939        0.14353665        0.55655913      0.17751852        0.56726128       1.8824103   2.0623516e-09      0.25696716      0.78341674      0.72505513       148.09589       37.694381       2864.2335       1421.5948       15.529771        11.160958         4.3688138       4364.5409                 21.436031                  395.7038                           2419.1988                      27.894896                1.9972973               6.491192                         29.205892                                 40.748655             1421.5948      0.26960059
              1       2198.2009        3.026432      0.96736796     0.022901064      0.11216731     0.054652328         1.7738859      0.99841787      0.99891652      0.99870042       67.553344      0.14063687       6.4769248        5.682546       9.0351759       14.048176        17.586016       79.679053       257.99983       43.898428       30.115525       87.429228      0.14070028        0.14272197        0.56137742      0.17212777        0.57220199       1.8757157   2.0623516e-09      0.25696716      0.78341674      0.72505513       148.09589       37.694381       2864.8281       1421.5948        15.63317         11.23533         4.3978406       4365.1355                 21.436031                  395.7038                           2419.7934                      27.894896                1.9972973               6.491192                         29.205892                                 40.748655             1421.5948      0.26960059
              1       2200.9773        3.026432      0.96736796     0.022901064      0.11216731     0.054652328         1.7738859      0.99841787      0.99928007      0.99858566       66.847249      0.12044875       6.5136097       5.6792579       9.5328716       14.414918        17.782253       78.463445       254.34896         43.1797       31.040242       88.118454      0.13772176        0.13537754         0.6159549      0.11761869        0.65125659       1.8046695   2.0623516e-09      0.25696716      0.78341674      0.72505513       148.09589       37.694381       2869.9478       1421.5948       15.849697        11.411388         4.4383088       4370.2552                 21.436031                  395.7038                           2424.9131                      27.894896                1.9972973               6.491192                         29.205892                                 40.748655             1421.5948      0.26960059
              1       2201.4688        3.026432      0.96736796     0.022901064      0.11216731     0.054652328         1.7738859      0.99841787      0.99925385      0.99828955       66.697175     0.075783255       7.1875952       5.0738104       9.2601236       14.546783         17.84124        79.07245       258.98148       43.767006       30.605795       87.451161      0.10737135       0.096647497        0.62261188      0.12636774        0.69276602       1.8833522   2.0623516e-09      0.25696716      0.78341674      0.72505513       148.09589       37.694381       2869.7254       1421.5948       16.452391        11.654787         4.7976035       4370.0328                 21.436031                  395.7038                           2424.6907                      27.894896                1.9972973               6.491192                         29.205892                                 40.748655             1421.5948      0.26960059
              2       2195.6641        3.026432      0.96736796     0.022901064      0.11216731     0.054652328         1.7738859      0.99841787      0.99924928       0.9979784       66.476541     0.025362657       6.8352485       5.3723843       8.9332884       14.088727        16.879846         80.1856       267.30464        41.97674       31.739153       89.393354      0.10731579        0.11451071        0.57857262      0.21501678        0.62639344       1.9910816   2.0623516e-09      0.25696716      0.78341674      0.72505513       148.09589       37.694381        2862.413       1421.5948       14.303914        9.7108349         4.5930793       4362.7203                 21.436031                  395.7038                           2417.3782                      27.894896                1.9972973               6.491192                         29.205892                                 40.748655             1421.5948      0.26960059
              1       2195.9278        3.026432      0.96736796     0.022901064      0.11216731     0.054652328         1.7738859      0.99820896      0.99924928       0.9979784       66.476541     0.025362657       6.8352485       5.3723843       8.9332884       14.088727        16.879846         80.1856       267.30464        41.97674       31.739153       89.393354      0.10731579        0.11451071        0.57857262      0.21501678        0.62639344       1.9910816   2.0623516e-09      0.25696716      0.78341674      0.72505513       148.09589       37.694381       2862.8277       1421.5948       14.360288        9.7672089         4.5930793       4363.1351                 21.458205                 395.70305                           2418.0804                       27.58611                1.9972973               6.491192                         29.205892                                 40.748655             1421.5948      0.26960059
              1        2195.266        3.026432      0.96736796     0.022901064      0.11216731     0.054652328         1.7738859      0.99820896      0.99932891      0.99818874        65.96819     0.042025437       6.4863395       5.5041086       9.4225446       14.050948        17.027746       79.197493       270.62362       40.913159       31.269327       90.113749     0.097376747          0.149784        0.57433809       0.2298806        0.64505301       1.9471918   2.0623516e-09      0.25696716      0.78341674      0.72505513       148.09589       37.694381       2862.1465       1421.5948       14.039012         9.758509          4.280503       4362.4539                 21.458205                 395.70305                           2417.3992                       27.58611                1.9972973               6.491192                         29.205892                                 40.748655             1421.5948      0.26960059
              1       2195.4131        3.026432      0.96736796     0.022901064      0.11216731     0.054652328         1.7738859      0.99866239      0.99932891      0.99818874        65.96819     0.042025437       6.4863395       5.5041086       9.4225446       14.050948        17.027746       79.197493       270.62362       40.913159       31.269327       90.113749     0.097376747          0.149784        0.57433809       0.2298806        0.64505301       1.9471918   2.0623516e-09      0.25696716      0.78341674      0.72505513       148.09589       37.694381       2862.6677       1421.5948       13.925523          9.64502          4.280503       4362.9751                 21.410235                 395.70664                           2417.2916                      28.259287                1.9972973               6.491192                         29.205892                                 40.748655             1421.5948      0.26960059
              2       2198.9333        3.026432      0.96736796     0.022901064      0.11216731     0.054652328         1.7738859      0.99866239      0.99889301      0.99789303       66.173343     0.024575226       6.3876647       5.8375779       9.5786181       14.672181         17.63481       79.299667       279.71056       40.912641       30.453682       90.010619     0.034930398         0.1442726        0.55963107      0.24396372        0.73364601       2.0760586   2.0623516e-09      0.25696716      0.78341674      0.72505513       148.09589       37.694381       2862.1763       1421.5948       17.691457        13.284724         4.4067333       4362.4837                 21.410235                 395.70664                           2416.8002                      28.259287                1.9972973               6.491192                         29.205892                                 40.748655             1421.5948      0.26960059
              1       2198.1278        3.026432      0.96736796     0.022901064      0.11216731     0.054652328         1.7738859      0.99866239      0.99878211      0.99743873       66.332688     0.089155851       6.4471643       5.4579028       9.7700916       14.807242        17.427696       78.595773       282.03312       39.041809        29.70912       89.159202     0.089475854         0.1336757        0.55522274      0.27255099        0.70676578       1.9982778   2.0623516e-09      0.25696716      0.78341674      0.72505513       148.09589       37.694381       2863.1995       1421.5948       16.374354        12.170407         4.2039462       4363.5069                 21.410235                 395.70664                           2417.8233                      28.259287                1.9972973               6.491192                         29.205892                                 40.748655             1421.5948      0.26960059
              3       2198.6603        3.026432      0.96736796     0.022901064      0.11216731     0.054652328         1.7738859      0.99866239      0.99899696      0.99800793       66.226882     0.093157097       6.4720497       5.6456495       9.4821546       14.611209        17.652697       79.164086       281.43394       40.077388       28.977637       87.915935     0.039572784       0.093140616         0.4876663        0.246441        0.71670997       2.0808893   2.0623516e-09      0.25696716      0.78341674      0.72505513       148.09589       37.694381       2863.2958       1421.5948        16.85867        12.493226         4.3654441       4363.6032                 21.410235                 395.70664                           2417.9196                      28.259287                1.9972973               6.491192                         29.205892                                 40.748655             1421.5948      0.26960059
              2       2198.2082        3.026432      0.96736796     0.022901064      0.11216731     0.054652328         1.7738859      0.99866239      0.99894457      0.99805041       66.168628       0.0924635        6.433804       5.6529143       9.4848453        14.66887        17.647392        79.42331       281.51774       39.827063       29.069604       88.112168     0.041127474        0.10039965        0.48775473      0.24089621        0.72269875       2.0922848   2.0623516e-09      0.25696716      0.78341674      0.72505513       148.09589       37.694381        2862.661       1421.5948       16.724019        12.397367         4.3266519       4362.9684                 21.410235                 395.70664                           2417.2848                      28.259287                1.9972973               6.491192                         29.205892                                 40.748655             1421.5948      0.26960059
              2        2197.458        3.026432      0.96736796     0.022901064      0.11216731     0.054652328         1.7738859      0.99866239      0.99894376      0.99814056        66.39396     0.075082677       6.3548028       5.5322318       9.4436442       14.791762        17.336644       79.114256       276.86454       40.287037       28.810211       88.517529     0.084032915       0.090444209        0.47533788      0.21717443        0.72569205       2.0583254   2.0623516e-09      0.25696716      0.78341674      0.72505513       148.09589       37.694381          2864.2       1421.5948       15.204345        11.051296         4.1530487       4364.5074                 21.410235                 395.70664                           2418.8238                      28.259287                1.9972973               6.491192                         29.205892                                 40.748655             1421.5948      0.26960059
              3       2197.3671        3.026432      0.96736796     0.022901064      0.11216731     0.054652328         1.7738859      0.99866239      0.99879608      0.99817837       66.244924     0.087464514       6.4940486       5.4827768       9.4196026       14.686454        17.673092       79.024524       277.31247       40.206957       28.713383       88.164431      0.10147817        0.11584052        0.45102896      0.19877155        0.72511036       2.0594384   2.0623516e-09      0.25696716      0.78341674      0.72505513       148.09589       37.694381       2865.0522       1421.5948       14.687367         10.41324         4.2741271       4365.3596                 21.410235                 395.70664                            2419.676                      28.259287                1.9972973               6.491192                         29.205892                                 40.748655             1421.5948      0.26960059
              3       2197.4104        3.026432      0.96736796     0.022901064      0.11216731     0.054652328         1.7738859      0.99866239      0.99882229      0.99816859       66.147805     0.092307002       6.5121502       5.5095806       9.3948336       14.697621        17.581239       79.200541       277.17005       40.194662       28.795204       88.511896      0.10262387        0.10904306        0.42837145      0.20124071        0.72611148       2.0599923   2.0623516e-09      0.25696716      0.78341674      0.72505513       148.09589       37.694381       2864.9332       1421.5948       14.790058        10.476268         4.3137902       4365.2406                 21.410235                 395.70664                           2419.5571                      28.259287                1.9972973               6.491192                         29.205892                                 40.748655             1421.5948      0.26960059
              1       2200.3655        3.026432      0.96736796     0.022901064      0.11216731     0.054652328         1.7738859      0.99866239      0.99880244       0.9981698       66.420946      0.10897298       6.4706067       5.2148849       9.5297328         14.8217        17.345662       79.607331       283.34551       39.382955       28.954008       88.413723      0.14501882        0.08193115        0.43407707      0.17609558        0.69487101       2.0619785   2.0623516e-09      0.25696716      0.78341674      0.72505513       148.09589       37.694381       2869.7737       1421.5948       15.324928        11.261884         4.0630437       4370.0811                 21.410235                 395.70664                           2424.3975                      28.259287                1.9972973               6.491192                         29.205892                                 40.748655             1421.5948      0.26960059
              1       2199.1264        3.026432      0.96736796     0.022901064      0.11216731     0.054652328         1.7738859      0.99866239      0.99887695      0.99828498       65.997695       0.1378847       6.4567495       5.4862176       9.1281713       14.690463        17.165415        79.90041        273.8532       38.934738       28.906064        87.71733      0.10603456        0.09508671        0.40068907       0.1977662        0.66264725       1.9643034   2.0623516e-09      0.25696716      0.78341674      0.72505513       148.09589       37.694381       2868.0974       1421.5948        14.92401        10.689531         4.2344787       4368.4048                 21.410235                 395.70664                           2422.7212                      28.259287                1.9972973               6.491192                         29.205892                                 40.748655             1421.5948      0.26960059
              1       2200.1179        3.026432      0.96736796     0.022901064      0.11216731     0.054652328         1.7738859      0.99866239      0.99887441      0.99825102        65.95705      0.15115447       6.4184881       5.5793703       9.2120682       14.785527        17.180394       79.870673       273.65664       39.369318       29.015514       87.664849      0.10862402        0.08490067        0.40941922        0.204523        0.66407993       1.9470393   2.0623516e-09      0.25696716      0.78341674      0.72505513       148.09589       37.694381         2869.42       1421.5948       15.254257        10.997307         4.2569499       4369.7273                 21.410235                 395.70664                           2424.0438                      28.259287                1.9972973               6.491192                         29.205892                                 40.748655             1421.5948      0.26960059
              1       2197.5765        3.026432      0.96736796     0.022901064      0.11216731     0.054652328         1.7738859      0.99866239      0.99881021      0.99784071       66.266051      0.11502144       6.3545774       6.1612978       8.7834323       14.471345        17.628608       79.452869        277.5441       38.875624       28.493982       87.100562     0.050828135       0.091121149        0.46023793       0.2151867        0.66002526       1.9346497   2.0623516e-09      0.25696716      0.78341674      0.72505513       148.09589       37.694381       2861.4242       1421.5948        16.71072        12.102609         4.6081105       4361.7316                 21.410235                 395.70664                            2416.048                      28.259287                1.9972973               6.491192                         29.205892                                 40.748655             1421.5948      0.26960059
              3       2198.9073        3.026432      0.96736796     0.022901064      0.11216731     0.054652328         1.7738859      0.99866239      0.99886872      0.99789818       66.462867      0.12583934       6.3412856       6.2701388       8.3802801       13.858928        17.389017       79.716704       279.71651       40.379332       28.224422       87.378828     0.084514726       0.066795566        0.45925348      0.22527055        0.63982385       1.9678512   2.0623516e-09      0.25696716      0.78341674      0.72505513       148.09589       37.694381       2865.6006       1421.5948       15.953293        11.278311         4.6749821        4365.908                 21.410235                 395.70664                           2420.2244                      28.259287                1.9972973               6.491192                         29.205892                                 40.748655             1421.5948      0.26960059
              4       2197.8501        3.026432      0.96736796     0.022901064      0.11216731     0.054652328         1.7738859      0.99866239      0.99873274      0.99804374       66.789516      0.15603895       6.1956859       6.7675839       8.2922161       13.800717        17.131159       80.196554       279.51804        39.43926       28.786926       86.926454     0.097774299       0.080565151        0.47558212       0.1942816        0.67130576       2.0077929   2.0623516e-09      0.25696716      0.78341674      0.72505513       148.09589       37.694381       2864.4544       1421.5948       15.469151        10.587034         4.8821166       4364.7618                 21.410235                 395.70664                           2419.0783                      28.259287                1.9972973               6.491192                         29.205892                                 40.748655             1421.5948      0.26960059
              1       2197.7012        3.026432      0.96736796     0.022901064      0.11216731     0.054652328         1.7738859      0.99866239      0.99873997      0.99804686        66.75386      0.15382109       6.1992082         6.76949       8.3105996        13.80859        17.169728        80.20228       279.49808        39.43297       28.803412       86.933593     0.096184309       0.079274766        0.47683035      0.19240146        0.67255511       2.0114612   2.0623516e-09      0.25696716      0.78341674      0.72505513       148.09589       37.694381       2864.0148       1421.5948       15.540097         10.65196         4.8881369       4364.3222                 21.410235                 395.70664                           2418.6387                      28.259287                1.9972973               6.491192                         29.205892                                 40.748655             1421.5948      0.26960059
              1       2198.1744        3.026432      0.96736796     0.022901064      0.11216731     0.054652328         1.7738859      0.99866239      0.99871581      0.99803044       66.733647      0.15449709        6.204983        6.750884       8.2892096        13.81863        17.149429       80.247361       279.91001       39.470851       28.775297        87.00457       0.0944168       0.075856055        0.47555254      0.18574817        0.66905295       2.0097565   2.0623516e-09      0.25696716      0.78341674      0.72505513       148.09589       37.694381        2864.407       1421.5948       15.817205        10.936544         4.8806611       4364.7144                 21.410235                 395.70664                           2419.0309                      28.259287                1.9972973               6.491192                         29.205892                                 40.748655             1421.5948      0.26960059
              1       2195.8493        3.026432      0.96736796     0.022901064      0.11216731     0.054652328         1.7738859      0.99866239      0.99880462      0.99795434       66.648747      0.15533904       6.0348532       6.2927754        8.273197       13.807252        17.662916       79.795563         270.007       40.722432       29.016637       86.152492      0.10808995          0.125561        0.48047243       0.1462522        0.61333989       1.9978448   2.0623516e-09      0.25696716      0.78341674      0.72505513       148.09589       37.694381       2862.8191       1421.5948       14.286043        9.9582881         4.3277549       4363.1265                 21.410235                 395.70664                           2417.4429                      28.259287                1.9972973               6.491192                         29.205892                                 40.748655             1421.5948      0.26960059
              4       2197.7391        3.026432      0.96736796     0.022901064      0.11216731     0.054652328         1.7738859      0.99866239      0.99880673      0.99789709       66.987621      0.16102138       5.9508005        6.264569       8.6114463       13.956119        17.323201       79.801517       272.25088       40.636062       28.821341       85.650709      0.14146617        0.12442944        0.51426647      0.10905869        0.63675333       2.0207647   2.0623516e-09      0.25696716      0.78341674      0.72505513       148.09589       37.694381       2865.6363       1421.5948       14.767254        10.554597         4.2126568       4365.9437                 21.410235                 395.70664                           2420.2602                      28.259287                1.9972973               6.491192                         29.205892                                 40.748655             1421.5948      0.26960059
              2       2197.8313        3.026432      0.96736796     0.022901064      0.11216731     0.054652328         1.7738859      0.99866239      0.99882078      0.99791509       67.169317      0.15939186        5.948006       6.2725987        8.644449       13.905236        17.330599       79.768558       271.98229       40.553715       28.760838       85.712489      0.15286892        0.11613569         0.5144808      0.10383566        0.63508828       2.0229315   2.0623516e-09      0.25696716      0.78341674      0.72505513       148.09589       37.694381       2865.4156       1421.5948       14.969738        10.754595         4.2151428        4365.723                 21.410235                 395.70664                           2420.0395                      28.259287                1.9972973               6.491192                         29.205892                                 40.748655             1421.5948      0.26960059
              1       2197.8431        3.026432      0.96736796     0.022901064      0.11216731     0.054652328         1.7738859      0.99866239      0.99882123      0.99791548       67.163329       0.1590256       5.9492053        6.272869       8.6469933       13.906615        17.335977        79.76398       271.89796       40.553573       28.753827        85.71879      0.15304313        0.11628395        0.51406668      0.10316747         0.6355094       2.0226853   2.0623516e-09      0.25696716      0.78341674      0.72505513       148.09589       37.694381       2865.4206       1421.5948       14.979051        10.762378          4.216673        4365.728                 21.410235                 395.70664                           2420.0445                      28.259287                1.9972973               6.491192                         29.205892                                 40.748655             1421.5948      0.26960059
              1       2201.4591        3.026432      0.96736796     0.022901064      0.11216731     0.054652328         1.7738859      0.99866239      0.99873007      0.99804733       67.069914      0.15051247       5.8804772       6.5059145        8.911642       13.518262        16.414429       79.215238       271.46442       40.106711       28.958033       87.328971       0.1143189        0.13410797        0.57837889     0.075542701        0.66274847       2.0962923   2.0623516e-09      0.25696716      0.78341674      0.72505513       148.09589       37.694381       2870.2536       1421.5948       16.178573        11.875017         4.3035561        4370.561                 21.410235                 395.70664                           2424.8775                      28.259287                1.9972973               6.491192                         29.205892                                 40.748655             1421.5948      0.26960059
              3       2201.1008        3.026432      0.96736796     0.022901064      0.11216731     0.054652328         1.7738859      0.99901023      0.99879305      0.99787552       67.160797      0.16145447       6.0444888       6.6432642       9.1343993       14.005681        16.366112       78.508468       272.08323       39.555621        29.09136       87.322142      0.12962581        0.13435007        0.58448719     0.095528214        0.67763423       2.1747752   2.0623516e-09      0.25696716      0.78341674      0.72505513       148.09589       37.694381       2869.3611       1421.5948       16.266588        11.669221         4.5973663       4369.6685                 21.373793                 395.70231                           2423.5018                      28.783148                1.9972973               6.491192                         29.205892                                 40.748655             1421.5948      0.26960059
              1       2201.7795        3.026432      0.96736796     0.022901064      0.11216731     0.054652328         1.7738859       0.9979924      0.99879305      0.99787552       67.160797      0.16145447       6.0444888       6.6432642       9.1343993       14.005681        16.366112       78.508468       272.08323       39.555621        29.09136       87.322142      0.12962581        0.13435007        0.58448719     0.095528214        0.67763423       2.1747752   2.0623516e-09      0.25696716      0.78341674      0.72505513       148.09589       37.694381       2870.2302       1421.5948       16.510654        11.913288         4.5973663       4370.5376                 21.481329                 395.71917                           2425.7612                      27.268471                1.9972973               6.491192                         29.205892                                 40.748655             1421.5948      0.26960059
              2        2201.707        3.026432      0.96736796     0.022901064      0.11216731     0.054652328         1.7738859       0.9979924       0.9986412      0.99786252       67.280345      0.17501924       6.0870282       6.5092186       8.8950969       13.557908        17.287517       78.448045        279.8121       39.588501       30.512416       87.773151     0.057081374        0.14560017        0.57557753      0.13232054        0.67725721       2.0216746   2.0623516e-09      0.25696716      0.78341674      0.72505513       148.09589       37.694381       2868.7477       1421.5948       17.179496        12.631847         4.5476488       4369.0551                 21.481329                 395.71917                           2424.2787                      27.268471                1.9972973               6.491192                         29.205892                                 40.748655             1421.5948      0.26960059
              1       2201.0686        3.026432      0.96736796     0.022901064      0.11216731     0.054652328         1.7738859       0.9979924      0.99883823       0.9981786       67.545476      0.18432062       5.5620993       6.6797085       8.9695959       12.929167        17.980274        79.09701       282.26778       40.927222       27.750823       87.420839     0.035265637       0.065979245        0.54192271      0.17235691        0.76693806       1.9322893   2.0623516e-09      0.25696716      0.78341674      0.72505513       148.09589       37.694381        2866.547       1421.5948       17.641438        13.570828         4.0706098       4366.8544                 21.481329                 395.71917                            2422.078                      27.268471                1.9972973               6.491192                         29.205892                                 40.748655             1421.5948      0.26960059
              1       2200.9539        3.026432      0.96736796     0.022901064      0.11216731     0.054652328         1.7738859      0.99888186      0.99883823       0.9981786       67.545476      0.18432062       5.5620993       6.6797085       8.9695959       12.929167        17.980274        79.09701       282.26778       40.927222       27.750823       87.420839     0.035265637       0.065979245        0.54192271      0.17235691        0.76693806       1.9322893   2.0623516e-09      0.25696716      0.78341674      0.72505513       148.09589       37.694381       2866.7625       1421.5948        17.41902         13.34841         4.0706098       4367.0698                 21.387209                 395.70231                           2421.0839                      28.589063                1.9972973               6.491192                         29.205892                                 40.748655             1421.5948      0.26960059
              2       2198.4808        3.026432      0.96736796     0.022901064      0.11216731     0.054652328         1.7738859      0.99888186       0.9986546       0.9983751       67.922093      0.17494223       5.7222938       6.1926117       8.8676863       12.830482        17.618773       79.177141       281.86692       41.939995       27.524263       85.289997     0.077597281        0.12003899        0.53634034      0.23658538        0.76109745       1.9002502   2.0623516e-09      0.25696716      0.78341674      0.72505513       148.09589       37.694381        2867.789       1421.5948       14.432613        10.514928         3.9176842       4368.0964                 21.387209                 395.70231                           2422.1104                      28.589063                1.9972973               6.491192                         29.205892                                 40.748655             1421.5948      0.26960059
              2       2198.2982        3.026432      0.96736796     0.022901064      0.11216731     0.054652328         1.7738859      0.99888186      0.99866806      0.99837138       67.810733       0.1855444       5.5627178       6.2908102       8.8876763       12.925491        17.703614       78.818205       282.90281       41.665014       27.929252        85.50592     0.080513732        0.12615772        0.53103505      0.24494342         0.7605483       1.8755587   2.0623516e-09      0.25696716      0.78341674      0.72505513       148.09589       37.694381       2867.8173       1421.5948        14.23581        10.418855         3.8169557       4368.1247                 21.387209                 395.70231                           2422.1387                      28.589063                1.9972973               6.491192                         29.205892                                 40.748655             1421.5948      0.26960059
              1       2198.7145        3.026432      0.96736796     0.022901064      0.11216731     0.054652328         1.7738859      0.99720126       0.9987217      0.99839303       67.649504      0.18896631       5.6013329       6.5189807       8.8364147       13.117789        18.200519       79.086584        282.3551       41.894074       27.869204       85.473052     0.099744296        0.12549923        0.53296584      0.22809338        0.72667637       1.8944019   2.0623516e-09      0.25696716      0.78341674      0.72505513       148.09589       37.694381       2868.8616       1421.5948       14.129984        10.125004         4.0049795        4369.169                 21.567159                 395.74081                           2425.4241                      26.129543                1.9972973               6.491192                         29.205892                                 40.748655             1421.5948      0.26960059
              3       2198.5477        3.026432      0.96736796     0.022901064      0.11216731     0.054652328         1.7738859      0.99720126      0.99878856      0.99842447       67.688831      0.18553702       5.6895403       6.3035655       8.7953254       13.320666        18.171909       78.726608       279.16464       41.022746       27.883947       85.585336      0.11248582        0.11680335        0.53349851      0.22161956         0.7269494       1.8929825   2.0623516e-09      0.25696716      0.78341674      0.72505513       148.09589       37.694381       2868.9367       1421.5948       13.925725        9.9698057         3.9559197        4369.244                 21.567159                 395.74081                           2425.4992                      26.129543                1.9972973               6.491192                         29.205892                                 40.748655             1421.5948      0.26960059
              2        2199.669        3.026432      0.96736796     0.022901064      0.11216731     0.054652328         1.7738859      0.99720126      0.99876259      0.99845207       67.679527      0.14641269       5.7152233       6.1024184         9.15423       13.666485        18.490404       78.583791       285.19914       41.223033       27.431144       86.393628     0.084169543        0.13656398        0.52587453      0.21704418         0.7244357       1.8815322   2.0623516e-09      0.25696716      0.78341674      0.72505513       148.09589       37.694381       2869.9086       1421.5948       14.560981        10.708684          3.852297       4370.2159                 21.567159                 395.74081                            2426.471                      26.129543                1.9972973               6.491192                         29.205892                                 40.748655             1421.5948      0.26960059
              1       2197.6917        3.026432      0.96736796     0.022901064      0.11216731     0.054652328         1.7738859      0.99802115      0.99876259      0.99845207       67.679527      0.14641269       5.7152233       6.1024184         9.15423       13.666485        18.490404       78.583791       285.19914       41.223033       27.431144       86.393628     0.084169543        0.13656398        0.52587453      0.21704418         0.7244357       1.8815322   2.0623516e-09      0.25696716      0.78341674      0.72505513       148.09589       37.694381       2866.5808       1421.5948       14.247612        10.395315          3.852297       4366.8882                  21.47825                 395.71917                           2422.0729                      27.310506                1.9972973               6.491192                         29.205892                                 40.748655             1421.5948      0.26960059
              4       2196.9628        3.026432      0.96736796     0.022901064      0.11216731     0.054652328         1.7738859      0.99802115      0.99881605       0.9983959       67.821494      0.14205954       5.5755943       6.0365831       9.1525603       13.912965        18.227559       78.392919        283.8834       41.550159       27.188927        86.03447      0.08203977        0.12560445        0.50598795      0.21662616         0.7177048       1.8442051   2.0623516e-09      0.25696716      0.78341674      0.72505513       148.09589       37.694381       2865.6612       1421.5948       13.978508        10.306253         3.6722551       4365.9686                  21.47825                 395.71917                           2421.1533                      27.310506                1.9972973               6.491192                         29.205892                                 40.748655             1421.5948      0.26960059
              2       2197.6582        3.026432      0.96736796     0.022901064      0.11216731     0.054652328         1.7738859      0.99802115      0.99865502      0.99833936       68.038777      0.11969933       5.5119345       5.7816735       9.2148234       13.825663        18.270353       79.405688       284.48325       40.439702       28.272894       86.165994     0.067035176        0.12315319        0.45569504      0.18215029        0.69368899       1.8261646   2.0623516e-09      0.25696716      0.78341674      0.72505513       148.09589       37.694381       2866.0628       1421.5948       14.473115        11.010129         3.4629865       4366.3702                  21.47825                 395.71917                           2421.5548                      27.310506                1.9972973               6.491192                         29.205892                                 40.748655             1421.5948      0.26960059
              1       2197.8416        3.026432      0.96736796     0.022901064      0.11216731     0.054652328         1.7738859      0.99802115      0.99861039         0.99857       68.315602      0.11082569       5.6619496       5.9900602       8.9529178       13.587547        17.449578       78.746988       286.66552       40.207626       27.827062       86.417133     0.062399594        0.13009832        0.47667398      0.21975203        0.71933913       1.7819513   2.0623516e-09      0.25696716      0.78341674      0.72505513       148.09589       37.694381        2865.038       1421.5948         15.1689        11.440605         3.7282949       4365.3454                  21.47825                 395.71917                           2420.5301                      27.310506                1.9972973               6.491192                         29.205892                                 40.748655             1421.5948      0.26960059
              3        2197.771        3.026432      0.96736796     0.022901064      0.11216731     0.054652328         1.7738859      0.99802115      0.99863441      0.99853127       68.305672      0.11059907       5.6615563       5.9616196       8.9401554       13.543704        17.391489        78.51782        288.5859       40.351653       27.917143       86.457812     0.062924416        0.13327502        0.48061519      0.21617596        0.70639908       1.7736922   2.0623516e-09      0.25696716      0.78341674      0.72505513       148.09589       37.694381       2865.3141       1421.5948       14.960274        11.249856         3.7104181       4365.6215                  21.47825                 395.71917                           2420.8062                      27.310506                1.9972973               6.491192                         29.205892                                 40.748655             1421.5948      0.26960059
              4       2198.1795        3.026432      0.96736796     0.022901064      0.11216731     0.054652328         1.7738859      0.99802115      0.99846373      0.99853853       68.826892      0.14462219       5.6743189       6.1859938       8.7796983        13.63836        17.773439       78.327527       287.05824       39.419306        28.40912       85.081939     0.086075915        0.13989011         0.5200784      0.23136575        0.67322235       1.7934168   2.0623516e-09      0.25696716      0.78341674      0.72505513       148.09589       37.694381       2865.5038       1421.5948       15.273882        11.409991         3.8638908       4365.8112                  21.47825                 395.71917                           2420.9959                      27.310506                1.9972973               6.491192                         29.205892                                 40.748655             1421.5948      0.26960059
              2       2198.1348        3.026432      0.96736796     0.022901064      0.11216731     0.054652328         1.7738859      0.99802115      0.99848813       0.9984658       68.705779       0.1375487       5.8428763       6.3772542       9.0237796       13.352384        17.835185       78.219844       285.42222       40.045626       28.181798       84.937351      0.10529993        0.14237402        0.52790742       0.2178327        0.67803678       1.7766474   2.0623516e-09      0.25696716      0.78341674      0.72505513       148.09589       37.694381       2866.1801       1421.5948       14.891009        10.720053         4.1709556       4366.4875                  21.47825                 395.71917                           2421.6722                      27.310506                1.9972973               6.491192                         29.205892                                 40.748655             1421.5948      0.26960059
              1       2197.7165        3.026432      0.96736796     0.022901064      0.11216731     0.054652328         1.7738859      0.99802115      0.99912622      0.99826783       68.608344      0.11265971       5.4268397       7.1120418       8.8956536       14.324577        16.686565       77.895792       289.07203       41.112388       27.299796        84.68274      0.16030785        0.14005765        0.56014304      0.20421337        0.62195874       1.7546331   2.0623516e-09      0.25696716      0.78341674      0.72505513       148.09589       37.694381       2866.0375       1421.5948       14.544046        10.325004          4.219042       4366.3449                  21.47825                 395.71917                           2421.5296                      27.310506                1.9972973               6.491192                         29.205892                                 40.748655             1421.5948      0.26960059
              1       2198.5523        3.026432      0.96736796     0.022901064      0.11216731     0.054652328         1.7738859      0.99802115      0.99907438      0.99832335       69.133562     0.052556446       5.0523768        6.435339       9.7624273       14.459506        17.709298       77.744241       293.00747       42.286351       26.713426       85.634892      0.14643899        0.12966748        0.63837537      0.19076337        0.59978505       1.7253858   2.0623516e-09      0.25696716      0.78341674      0.72505513       148.09589       37.694381       2865.8449       1421.5948       15.476147        12.059053         3.4170944       4366.1523                  21.47825                 395.71917                            2421.337                      27.310506                1.9972973               6.491192                         29.205892                                 40.748655             1421.5948      0.26960059
              5       2198.6543        3.026432      0.96736796     0.022901064      0.11216731     0.054652328         1.7738859      0.99802115      0.99911169      0.99836494       69.140101     0.060247988       5.0806376       6.3948898       9.7232397       14.434591        17.619876       77.582817       292.39505       42.419951       26.792474       85.620079      0.13949047        0.13492406        0.65434197      0.19417823        0.60381753       1.7179529   2.0623516e-09      0.25696716      0.78341674      0.72505513       148.09589       37.694381       2865.6434       1421.5948       15.678895         12.25914         3.4197548       4365.9508                  21.47825                 395.71917                           2421.1355                      27.310506                1.9972973               6.491192                         29.205892                                 40.748655             1421.5948      0.26960059
              3       2198.4533        3.026432      0.96736796     0.022901064      0.11216731     0.054652328         1.7738859      0.99802115      0.99913863      0.99836642        69.11169      0.06587375       5.0799297       6.4190227       9.6860451       14.469531        17.499211       77.613327       291.85236       42.534521       26.844052        85.50502      0.13881844        0.14282923        0.65445887      0.19860286        0.60506529       1.7241926   2.0623516e-09      0.25696716      0.78341674      0.72505513       148.09589       37.694381       2865.2141       1421.5948       15.692577        12.259953         3.4326232       4365.5215                  21.47825                 395.71917                           2420.7062                      27.310506                1.9972973               6.491192                         29.205892                                 40.748655             1421.5948      0.26960059
             10       2197.7941        3.026432      0.96736796     0.022901064      0.11216731     0.054652328         1.7738859      0.99875659      0.99913863      0.99836642        69.11169      0.06587375       5.0799297       6.4190227       9.6860451       14.469531        17.499211       77.613327       291.85236       42.534521       26.844052        85.50502      0.13881844        0.14282923        0.65445887      0.19860286        0.60506529       1.7241926   2.0623516e-09      0.25696716      0.78341674      0.72505513       148.09589       37.694381       2864.2748       1421.5948       15.502995        12.070372         3.4326232       4364.5822                 21.400338                 395.70664                           2418.7673                      28.400523                1.9972973               6.491192                         29.205892                                 40.748655             1421.5948      0.26960059
              5       2198.4865        3.026432      0.96736796     0.022901064      0.11216731     0.054652328         1.7738859      0.99875659      0.99935079      0.99835069       69.122739     0.011707951       5.0912733       6.4803842       10.081158       14.133365        17.356061       78.479058       291.45927       42.068034        27.35754       85.920571     0.066877813         0.1465548        0.63991069      0.18292209        0.60502501       1.7066087   2.0623516e-09      0.25696716      0.78341674      0.72505513       148.09589       37.694381       2865.0718       1421.5948       15.796915        12.319353         3.4775618       4365.3792                 21.400338                 395.70664                           2419.5643                      28.400523                1.9972973               6.491192                         29.205892                                 40.748655             1421.5948      0.26960059
              1       2199.2466        3.026432      0.96736796     0.022901064      0.11216731     0.054652328         1.7738859      0.99875659      0.99943018      0.99841324       69.123946     0.012911673       5.1635993       6.3317323       10.045811       14.278048        17.844334       78.318213       292.66072       42.875582       27.657098       86.295601     0.052499243        0.13078058        0.64818582      0.19913375        0.61592049       1.7101768   2.0623516e-09      0.25696716      0.78341674      0.72505513       148.09589       37.694381       2865.6355       1421.5948       16.275154        12.816289         3.4588649       4365.9429                 21.400338                 395.70664                            2420.128                      28.400523                1.9972973               6.491192                         29.205892                                 40.748655             1421.5948      0.26960059
              1       2199.1457        3.026432      0.96736796     0.022901064      0.11216731     0.054652328         1.7738859      0.99875659      0.99942752       0.9984294       69.131649     0.013137142       5.1668054       6.3466618       10.038252       14.270129        17.801944       78.275895       292.86431       42.895306        27.62185       86.231373     0.053868617        0.13231857        0.64543043      0.19790503        0.61547211        1.708778   2.0623516e-09      0.25696716      0.78341674      0.72505513       148.09589       37.694381       2865.6128       1421.5948       16.185579        12.715339         3.4702396       4365.9201                 21.400338                 395.70664                           2420.1052                      28.400523                1.9972973               6.491192                         29.205892                                 40.748655             1421.5948      0.26960059
              2       2199.2544        3.026432      0.96736796     0.022901064      0.11216731     0.054652328         1.7738859      0.99875659      0.99939256      0.99842577       69.143076     0.012280776       5.1735541       6.3531278       10.032319       14.244832        17.774149        78.21877       293.25433       42.804102       27.594713       86.252104     0.052434092        0.13292715        0.64869331      0.20298852        0.61837894        1.710297   2.0623516e-09      0.25696716      0.78341674      0.72505513       148.09589       37.694381       2865.5361       1421.5948       16.332643        12.852578         3.4800651       4365.8435                 21.400338                 395.70664                           2420.0286                      28.400523                1.9972973               6.491192                         29.205892                                 40.748655             1421.5948      0.26960059
              2       2199.0712        3.026432      0.96736796     0.022901064      0.11216731     0.054652328         1.7738859      0.99875659      0.99940308      0.99843647       69.055627     0.021513435        5.109694       6.4685989       10.090421       14.055008        17.808608       77.981974       289.59183       43.366207       27.383688       86.534197     0.043477805        0.11886773        0.63835111      0.20680564        0.63630966        1.715897   2.0623516e-09      0.25696716      0.78341674      0.72505513       148.09589       37.694381       2865.2889       1421.5948       16.273047        12.785393         3.4876542       4365.5963                 21.400338                 395.70664                           2419.7814                      28.400523                1.9972973               6.491192                         29.205892                                 40.748655             1421.5948      0.26960059
              2       2199.3792        3.026432      0.96736796     0.022901064      0.11216731     0.054652328         1.7738859      0.99875659      0.99942451      0.99839837       68.937946     0.021270544       5.4206808        6.446928        9.556078       14.345137        17.508407       79.088445         284.516       43.747511       26.071447       86.949205      0.04432495         0.1182639        0.62377897      0.24552742        0.64068611       1.6716464   2.0623516e-09      0.25696716      0.78341674      0.72505513       148.09589       37.694381       2865.6834       1421.5948       16.383767        12.611517         3.7722505       4365.9908                 21.400338                 395.70664                           2420.1759                      28.400523                1.9972973               6.491192                         29.205892                                 40.748655             1421.5948      0.26960059
              3       2199.4604        3.026432      0.96736796     0.022901064      0.11216731     0.054652328         1.7738859      0.99875659      0.99941978      0.99839202       68.916984     0.024359783       5.4204098       6.4788913       9.5514015       14.363715        17.530847       79.104705       285.08645       43.820501       26.056298       86.889993     0.044457554        0.11661485        0.62437398      0.24626149        0.64005569        1.677601   2.0623516e-09      0.25696716      0.78341674      0.72505513       148.09589       37.694381       2865.7226       1421.5948       16.445372        12.653377         3.7919943         4366.03                 21.400338                 395.70664                           2420.2151                      28.400523                1.9972973               6.491192                         29.205892                                 40.748655             1421.5948      0.26960059
              1       2199.6162        3.026432      0.96736796     0.022901064      0.11216731     0.054652328         1.7738859      0.99875659      0.99953514      0.99831959       69.298828     0.052477745       5.6799345       6.4716417       9.7955369       14.075242        17.709965       79.250824       286.25279       43.281975       26.691254       86.597281     0.059221196        0.11808574        0.63178949      0.25069065        0.63754935       1.6069679   2.0623516e-09      0.25696716      0.78341674      0.72505513       148.09589       37.694381       2867.1613       1421.5948       15.881818        11.824379         4.0574391       4367.4687                 21.400338                 395.70664                           2421.6538                      28.400523                1.9972973               6.491192                         29.205892                                 40.748655             1421.5948      0.26960059
              4       2199.9736        3.026432      0.96736796     0.022901064      0.11216731     0.054652328         1.7738859      0.99875659      0.99951069      0.99816263       68.932582     0.038791905        5.824005       6.6346136       9.8893159       14.173011        17.130327       79.479179       291.24063       42.486118       26.943018       87.274176     0.078301699        0.14586197         0.6079459      0.26411563        0.65185458       1.6359121   2.0623516e-09      0.25696716      0.78341674      0.72505513       148.09589       37.694381        2869.233       1421.5948       15.203447        10.872481         4.3309667       4369.5404                 21.400338                 395.70664                           2423.7255                      28.400523                1.9972973               6.491192                         29.205892                                 40.748655             1421.5948      0.26960059
              1        2198.738        3.026432      0.96736796     0.022901064      0.11216731     0.054652328         1.7738859      0.99908424      0.99953003      0.99823229       68.987208      0.03007256       5.7321793       6.6652232       10.039505       14.103744        16.895339        79.31292        289.7982       42.155089       27.162054       87.122403     0.086187098        0.13611721        0.60010487      0.26925821        0.65407062       1.6393898   2.0623516e-09      0.25696716      0.78341674      0.72505513       148.09589       37.694381       2867.7927       1421.5948       14.687907        10.439585         4.2483228       4368.1001                 21.366077                 395.70231                           2421.8289                      28.895434                1.9972973               6.491192                         29.205892                                 40.748655             1421.5948      0.26960059
              1       2197.2782        3.026432      0.96736796     0.022901064      0.11216731     0.054652328         1.7738859      0.99908424      0.99952821      0.99831227       68.956585     0.028011909       5.6899505       6.8885347       9.6983243       14.003917        17.208414       78.851602       287.77011       41.739972       26.942264       87.170253      0.10289162         0.1592181        0.59059087      0.28391754        0.67780965       1.6488645   2.0623516e-09      0.25696716      0.78341674      0.72505513       148.09589       37.694381       2865.1035       1421.5948        14.57276        10.213433         4.3593274       4365.4109                 21.366077                 395.70231                           2419.1397                      28.895434                1.9972973               6.491192                         29.205892                                 40.748655             1421.5948      0.26960059
              1       2197.5248        3.026432      0.96736796     0.022901064      0.11216731     0.054652328         1.7738859      0.99908424       0.9992257      0.99805239       68.617347     0.024519951        5.452693          7.5518       10.236941       13.709953        16.910019       78.609883       291.00265       42.771852       25.907956        85.91163       0.1492846         0.1649561         0.5869797       0.2728137        0.67322923       1.7382154   2.0623516e-09      0.25696716      0.78341674      0.72505513       148.09589       37.694381        2864.842       1421.5948       14.950123        10.381703         4.5684202       4365.1494                 21.366077                 395.70231                           2418.8782                      28.895434                1.9972973               6.491192                         29.205892                                 40.748655             1421.5948      0.26960059
              1       2197.6781        3.026432      0.96736796     0.022901064      0.11216731     0.054652328         1.7738859      0.99908424      0.99919395      0.99808325       68.684983     0.023983445       5.4307775       7.6045017       10.245835       13.759318        16.924019       78.757795       289.84656        42.56956        25.87847       85.821122      0.14752734         0.1622922         0.5887602      0.27811707        0.66656223       1.7399897   2.0623516e-09      0.25696716      0.78341674      0.72505513       148.09589       37.694381       2864.8667       1421.5948       15.091089        10.509373         4.5817164       4365.1741                 21.366077                 395.70231                           2418.9029                      28.895434                1.9972973               6.491192                         29.205892                                 40.748655             1421.5948      0.26960059
              1       2196.9578        3.026432      0.96736796     0.022901064      0.11216731     0.054652328         1.7738859      0.99908424      0.99942629      0.99798625       69.073835     0.084345058        5.175825         7.40042       10.321415        14.08015         17.54223       78.293862       279.93505       43.291121       25.426238       85.882699      0.16269683        0.16315228         0.5131209      0.22974234        0.61810728       1.7925368   2.0623516e-09      0.25696716      0.78341674      0.72505513       148.09589       37.694381       2866.2159       1421.5948       13.696158        9.5556125         4.1405458       4366.5233                 21.366077                 395.70231                           2420.2521                      28.895434                1.9972973               6.491192                         29.205892                                 40.748655             1421.5948      0.26960059
              1       2195.2221        3.026432      0.96736796     0.022901064      0.11216731     0.054652328         1.7738859      0.99927168      0.99946687      0.99800091       68.434239     0.063495483       5.1989999        7.204652       10.258778       13.998126        17.844102        78.91049       276.37106       43.194645        25.11055       84.694785      0.13318836        0.16594625        0.49024339      0.21928899         0.6280499       1.7873804   2.0623516e-09      0.25696716      0.78341674      0.72505513       148.09589       37.694381       2864.3376       1421.5948       12.899561        8.8666127         4.0329482        4364.645                 21.346615                 395.70231                           2418.1076                      29.181134                1.9972973               6.491192                         29.205892                                 40.748655             1421.5948      0.26960059
              1       2195.7098        3.026432      0.96736796     0.022901064      0.11216731     0.054652328         1.7738859      0.99927168      0.99956031      0.99824949       68.601743     0.045376846        5.358596       7.3902985       10.341476       14.042433        18.027877       78.846259       281.25246       43.629567       24.589279        84.42959      0.13849487        0.16179266        0.49131375      0.18787189        0.61592687       1.7966376   2.0623516e-09      0.25696716      0.78341674      0.72505513       148.09589       37.694381       2864.6906       1421.5948       13.210798        8.8719157         4.3388824        4364.998                 21.346615                 395.70231                           2418.4606                      29.181134                1.9972973               6.491192                         29.205892                                 40.748655             1421.5948      0.26960059
              6       2196.2386        3.026432      0.96736796     0.022901064      0.11216731     0.054652328         1.7738859      0.99927168      0.99964929      0.99824469        68.65457     0.020336117         5.12369       7.1817157       10.159294       13.900324         18.50203       79.790401       279.31652       44.639478       24.564863       84.876223      0.17894292        0.15544981         0.5440053      0.17860573        0.62180891       1.8338449   2.0623516e-09      0.25696716      0.78341674      0.72505513       148.09589       37.694381       2865.5511       1421.5948       13.309365        9.3712627         3.9381023       4365.8584                 21.346615                 395.70231                            2419.321                      29.181134                1.9972973               6.491192                         29.205892                                 40.748655             1421.5948      0.26960059
              2       2196.3528        3.026432      0.96736796     0.022901064      0.11216731     0.054652328         1.7738859      0.99927168       0.9997307      0.99827831       69.417514     0.019880982       4.9565585       7.1133502       10.046014       13.675278        18.249611       79.785301       273.72095       45.345964       24.661107       84.346918      0.17322858        0.16341518        0.52925088      0.20135661         0.6160733       1.8580987   2.0623516e-09      0.25696716      0.78341674      0.72505513       148.09589       37.694381       2867.0291       1421.5948       12.684518        8.9595117         3.7250066       4367.3365                 21.346615                 395.70231                           2420.7991                      29.181134                1.9972973               6.491192                         29.205892                                 40.748655             1421.5948      0.26960059
              1       2195.8181        3.026432      0.96736796     0.022901064      0.11216731     0.054652328         1.7738859      0.99927168      0.99964385      0.99810991        69.79021     0.031661479       4.8575568       7.0594012       9.9936114       14.290371        17.973072       79.403182       275.56864       43.938726       25.235589       82.368346       0.1195349        0.16764025        0.52858422      0.21349302        0.65536685       1.9549258   2.0623516e-09      0.25696716      0.78341674      0.72505513       148.09589       37.694381       2866.4041       1421.5948       12.462361        8.8656545         3.5967068       4366.7115                 21.346615                 395.70231                           2420.1741                      29.181134                1.9972973               6.491192                         29.205892                                 40.748655             1421.5948      0.26960059
              1       2197.5963        3.026432      0.96736796     0.022901064      0.11216731     0.054652328         1.7738859      0.99927168      0.99971219      0.99798071       69.916389     0.027172287       4.7441716       6.7389992       10.031422       14.119959        17.412641       78.381718       271.68048       45.034255       24.889168       82.846275      0.14109854        0.17346125        0.57416876       0.2485038        0.61868855       2.0630841   2.0623516e-09      0.25696716      0.78341674      0.72505513       148.09589       37.694381       2868.5368       1421.5948       13.174267        9.8608413         3.3134257       4368.8441                 21.346615                 395.70231                           2422.3067                      29.181134                1.9972973               6.491192                         29.205892                                 40.748655             1421.5948      0.26960059
              2       2197.9815        3.026432      0.96736796     0.022901064      0.11216731     0.054652328         1.7738859      0.99927168      0.99973892      0.99799651       69.786971     0.026938508       4.7295715       6.7240825       10.033369        14.24186        17.397003       78.448306       271.51665       45.171947       24.894785       83.090936      0.14327016        0.17690995        0.57043674      0.24720861        0.62733691       2.0800649   2.0623516e-09      0.25696716      0.78341674      0.72505513       148.09589       37.694381       2869.1674       1421.5948       13.244084         9.951117         3.2929666       4369.4748                 21.346615                 395.70231                           2422.9374                      29.181134                1.9972973               6.491192                         29.205892                                 40.748655             1421.5948      0.26960059
              2       2198.6353        3.026432      0.96736796     0.022901064      0.11216731     0.054652328         1.7738859      0.99927168      0.99973635      0.99795059       69.618021     0.051040097       4.8775812       6.6747333       10.060394       14.328308        17.748796       78.452245       273.14776       45.107357       24.671148       83.139533      0.14174181        0.17937509        0.58718741      0.26623869         0.6231179       2.0748382   2.0623516e-09      0.25696716      0.78341674      0.72505513       148.09589       37.694381       2869.0489       1421.5948         13.9572        10.562478         3.3947219       4369.3563                 21.346615                 395.70231                           2422.8188                      29.181134                1.9972973               6.491192                         29.205892                                 40.748655             1421.5948      0.26960059
              3       2198.5087        3.026432      0.96736796     0.022901064      0.11216731     0.054652328         1.7738859      0.99927168      0.99974171       0.9979722       69.619001     0.044530794       4.9069924       6.7169682       10.111994        14.32875        17.794007       78.332312       271.94036       44.888539       24.744436       83.142684      0.14570446        0.17859577        0.58649969      0.27397698        0.62708486       2.0775184   2.0623516e-09      0.25696716      0.78341674      0.72505513       148.09589       37.694381       2868.5665       1421.5948       14.071813        10.627251         3.4445622       4368.8739                 21.346615                 395.70231                           2422.3364                      29.181134                1.9972973               6.491192                         29.205892                                 40.748655             1421.5948      0.26960059
              3       2198.2844        3.026432      0.96736796     0.022901064      0.11216731     0.054652328         1.7738859      0.99927168      0.99974666      0.99803787       69.666507     0.044048507       4.9225976       6.7224346       10.153286       14.238142         17.91353       78.276232       273.04371       44.896133       25.233573       83.396665      0.14773624        0.18233685         0.5909967      0.28086568         0.6381289       2.0949337   2.0623516e-09      0.25696716      0.78341674      0.72505513       148.09589       37.694381       2867.7354       1421.5948        14.26295        10.801197         3.4617524       4368.0428                 21.346615                 395.70231                           2421.5054                      29.181134                1.9972973               6.491192                         29.205892                                 40.748655             1421.5948      0.26960059
              2       2197.0182        3.026432      0.96736796     0.022901064      0.11216731     0.054652328         1.7738859      0.99927168      0.99970544      0.99808693       70.011582     0.028781816       5.1589801       6.9617422       9.4630621       13.992154        18.447023       77.935502       279.19858       46.193717       25.219105        83.07466      0.14197441         0.1631987        0.57808501      0.25350612        0.64085583       1.9975092   2.0623516e-09      0.25696716      0.78341674      0.72505513       148.09589       37.694381       2867.7816       1421.5948       12.973688        9.1409197         3.8327685        4368.089                 21.346615                 395.70231                           2421.5515                      29.181134                1.9972973               6.491192                         29.205892                                 40.748655             1421.5948      0.26960059
              2       2197.0182        3.026432      0.96736796     0.022901064      0.11216731     0.054652328         1.7738859      0.99927168      0.99963673      0.99819009       70.235002     0.014019698       5.0824942       7.0469617       9.6413505       13.835908        18.169978       77.802911       279.46449       47.085848       24.813748       82.587506      0.12299363        0.16465699        0.57713924      0.27616165        0.64752227       2.0175673   2.0623516e-09      0.25696716      0.78341674      0.72505513       148.09589       37.694381        2867.327       1421.5948       13.201038        9.3917922         3.8092453       4367.6344                 21.346615                 395.70231                           2421.0969                      29.181134                1.9972973               6.491192                         29.205892                                 40.748655             1421.5948      0.26960059
              3       2196.4892        3.026432      0.96736796     0.022901064      0.11216731     0.054652328         1.7738859      0.99927168      0.99970201         0.99819        70.20023     0.045315049       4.8552219       7.1398571       9.8121894       13.642637        18.328635       78.207883       282.50425       46.827136       24.997895       82.552336      0.13795589        0.16871587        0.56723572      0.27358561        0.65096504       2.0804587   2.0623516e-09      0.25696716      0.78341674      0.72505513       148.09589       37.694381       2867.0929       1421.5948       12.789043        9.1465616         3.6424818       4367.4003                 21.346615                 395.70231                           2420.8628                      29.181134                1.9972973               6.491192                         29.205892                                 40.748655             1421.5948      0.26960059
              4       2196.5158        3.026432      0.96736796     0.022901064      0.11216731     0.054652328         1.7738859      0.99927168      0.99972212      0.99819775       70.203364     0.048925085       4.8654512       7.1379634       9.8061045       13.642874        18.310859       78.086255       282.61746       46.846405       25.057854        82.46118      0.13590457        0.16093069        0.56979424      0.27541839        0.66198615        2.084496   2.0623516e-09      0.25696716      0.78341674      0.72505513       148.09589       37.694381       2867.5614       1421.5948        12.58145        8.9302593         3.6511907       4367.8687                 21.346615                 395.70231                           2421.3313                      29.181134                1.9972973               6.491192                         29.205892                                 40.748655             1421.5948      0.26960059
              1       2196.3466        3.026432      0.96736796     0.022901064      0.11216731     0.054652328         1.7738859      0.99927168      0.99972357      0.99815367       70.285786     0.052061477       4.9014787        7.067889       9.8363143       13.671032        18.304632       78.215235       284.12671       46.410117       25.239779       82.531749      0.12444842        0.16101397         0.5752618       0.2840445        0.65865454        2.083347   2.0623516e-09      0.25696716      0.78341674      0.72505513       148.09589       37.694381       2866.7945       1421.5948       12.795657         9.151947         3.6437096       4367.1019                 21.346615                 395.70231                           2420.5645                      29.181134                1.9972973               6.491192                         29.205892                                 40.748655             1421.5948      0.26960059
              2       2196.3849        3.026432      0.96736796     0.022901064      0.11216731     0.054652328         1.7738859      0.99927168      0.99977549      0.99809722       70.296777     0.047864659       4.9695913       7.1643465       9.7632633       13.674426        18.280425       78.454632       281.87948       46.598355       25.080765       82.564276      0.13156079        0.15074526        0.57554505       0.2746352        0.66312128       2.0895511   2.0623516e-09      0.25696716      0.78341674      0.72505513       148.09589       37.694381        2867.493       1421.5948       12.484742         8.715191          3.769551       4367.8004                 21.346615                 395.70231                           2421.2629                      29.181134                1.9972973               6.491192                         29.205892                                 40.748655             1421.5948      0.26960059
              1       2196.3006        3.026432      0.96736796     0.022901064      0.11216731     0.054652328         1.7738859      0.99918203      0.99977549      0.99809722       70.296777     0.047864659       4.9695913       7.1643465       9.7632633       13.674426        18.280425       78.454632       281.87948       46.598355       25.080765       82.564276      0.13156079        0.15074526        0.57554505       0.2746352        0.66312128       2.0895511   2.0623516e-09      0.25696716      0.78341674      0.72505513       148.09589       37.694381       2867.3022       1421.5948       12.495833        8.7262815          3.769551       4367.6096                  21.35591                 395.70231                           2421.1997                      29.044252                1.9972973               6.491192                         29.205892                                 40.748655             1421.5948      0.26960059
              1       2196.7142        3.026432      0.96736796     0.022901064      0.11216731     0.054652328         1.7738859      0.99918203      0.99989929      0.99870664       70.031127     0.014329202       4.8362213       6.9911059       9.9912849       12.339753        17.915851       79.921082       276.66834       47.802674       24.546709        83.11372      0.13334741        0.17173341        0.58433746      0.29362115        0.68746595       2.1445421   2.0623516e-09      0.25696716      0.78341674      0.72505513       148.09589       37.694381       2867.4413       1421.5948       12.839836        9.3032261         3.5366101       4367.7487                  21.35591                 395.70231                           2421.3389                      29.044252                1.9972973               6.491192                         29.205892                                 40.748655             1421.5948      0.26960059
              1       2196.7821        3.026432      0.96736796     0.022901064      0.11216731     0.054652328         1.7738859      0.99918203       1.0001149      0.99891935       69.964422     0.020868923       4.9252219       6.7363036       9.6085228       12.520794        18.840732       81.261075       285.92064       47.163508       25.604498       81.769318      0.12587899        0.12697587        0.51739135      0.28712937        0.69052691       2.1674144   2.0623516e-09      0.25696716      0.78341674      0.72505513       148.09589       37.694381       2870.3895       1421.5948        11.43359        7.9615842         3.4720061       4370.6969                  21.35591                 395.70231                           2424.2871                      29.044252                1.9972973               6.491192                         29.205892                                 40.748655             1421.5948      0.26960059
              2       2197.3977        3.026432      0.96736796     0.022901064      0.11216731     0.054652328         1.7738859      0.99918203       1.0001175      0.99878072        69.69561     0.030867471       4.9933159       6.4979739       9.5349245       12.304583        17.947431       81.425366       287.83055       46.963371       26.130897       81.317877      0.14092545        0.12286966        0.51046077      0.30035592         0.7024743       2.1359829   2.0623516e-09      0.25696716      0.78341674      0.72505513       148.09589       37.694381       2871.9925       1421.5948       11.247789        7.8484078         3.3993817       4372.2999                  21.35591                 395.70231                             2425.89                      29.044252                1.9972973               6.491192                         29.205892                                 40.748655             1421.5948      0.26960059
              3       2194.9407        3.026432      0.96736796     0.022901064      0.11216731     0.054652328         1.7738859      0.99918203      0.99986357      0.99859776       70.175472     0.026176071       5.3692401       6.0793027         9.48905        11.85053         18.42685       81.400568       293.27496       48.938538        26.63273       81.542942     0.097483004        0.14389251        0.46816097      0.28921733        0.73379563       2.2020683   2.0623516e-09      0.25696716      0.78341674      0.72505513       148.09589       37.694381       2867.3539       1421.5948       11.110071        7.6075314         3.5025396       4367.6613                  21.35591                 395.70231                           2421.2515                      29.044252                1.9972973               6.491192                         29.205892                                 40.748655             1421.5948      0.26960059
              3        2195.425        3.026432      0.96736796     0.022901064      0.11216731     0.054652328         1.7738859      0.99918203       1.0000645      0.99858137       70.255678     0.017308875       5.5662074       5.9971046       9.2045083       12.213389        18.488811       81.153292       296.28259         48.7592       26.483912        81.74185      0.10704283        0.14799727        0.49977243      0.29465142        0.73278221       2.1888278   2.0623516e-09      0.25696716      0.78341674      0.72505513       148.09589       37.694381       2867.9949       1421.5948       11.273884        7.6345112         3.6393732       4368.3023                  21.35591                 395.70231                           2421.8924                      29.044252                1.9972973               6.491192                         29.205892                                 40.748655             1421.5948      0.26960059
              1       2194.9941        3.026432      0.96736796     0.022901064      0.11216731     0.054652328         1.7738859      0.99918203       1.0000611      0.99858605       70.334409     0.011419098       5.5525197       5.9563535       9.1215009       12.219093        18.505353       81.512894       296.33339       48.701701       26.314674       82.022185       0.1129483         0.1474509         0.4944598       0.2797354        0.73359569       2.1998826   2.0623516e-09      0.25696716      0.78341674      0.72505513       148.09589       37.694381       2867.8652       1421.5948       10.907855        7.3058761         3.6019793       4368.1726                  21.35591                 395.70231                           2421.7627                      29.044252                1.9972973               6.491192                         29.205892                                 40.748655             1421.5948      0.26960059
              1       2195.2356        3.026432      0.96736796     0.022901064      0.11216731     0.054652328         1.7738859      0.99918203       1.0000914      0.99858183        70.37342     0.010522846       5.5402551       5.9687369        9.077097       12.182639        18.497788       81.536036       295.84187       48.835978       26.227638       82.144794      0.11704607        0.14508494        0.49677918      0.28320604        0.73088182       2.1979803   2.0623516e-09      0.25696716      0.78341674      0.72505513       148.09589       37.694381       2868.4638       1421.5948       10.850017        7.2523313         3.5976862       4368.7712                  21.35591                 395.70231                           2422.3614                      29.044252                1.9972973               6.491192                         29.205892                                 40.748655             1421.5948      0.26960059
              1       2195.2074        3.026432      0.96736796     0.022901064      0.11216731     0.054652328         1.7738859      0.99918203       1.0001108      0.99853492       70.318522     0.005626629       5.5478287       5.9889345       9.0684527       12.199031        18.486636        81.51182       296.12781       49.081347       26.341115        81.93707      0.12151098        0.14795797        0.50413637      0.27969553        0.73049906       2.2009284   2.0623516e-09      0.25696716      0.78341674      0.72505513       148.09589       37.694381       2868.4828       1421.5948       10.812305         7.195412         3.6168933       4368.7902                  21.35591                 395.70231                           2422.3803                      29.044252                1.9972973               6.491192                         29.205892                                 40.748655             1421.5948      0.26960059
              1       2195.1533        3.026432      0.96736796     0.022901064      0.11216731     0.054652328         1.7738859      0.99918203       1.0001262      0.99854525       70.544085    0.0052073789       5.5137474       5.8746317       8.8050071       11.869635        17.744798       81.559725       300.07141       48.180282       26.727657       81.551313       0.1273881        0.15816691        0.51212268      0.26620692        0.73010214       2.1003776   2.0623516e-09      0.25696716      0.78341674      0.72505513       148.09589       37.694381        2868.799       1421.5948       10.600124        7.0822991         3.5178251       4369.1064                  21.35591                 395.70231                           2422.6966                      29.044252                1.9972973               6.491192                         29.205892                                 40.748655             1421.5948      0.26960059
              1       2193.9794       3.0296447      0.96753121      0.02289112      0.11240963     0.055800825         1.7484569      0.99918203       1.0003241      0.99852305       70.801269     0.016968923       5.2707602       6.2822773       9.0400304       11.594536        18.071414       81.246444        302.7155       47.857686       26.206235       80.690092      0.14319522        0.17396764        0.47162767      0.23877457        0.76115162       2.1181962    2.068988e-09      0.25740926      0.78590511      0.72798356       148.03768       37.408779       2866.7148       1421.3611       10.830559        7.3018213         3.5287382       4366.2977                 21.367879                 395.83014                           2421.9755                      27.541322                1.9740982              6.4677626                         28.966918                                 40.543398             1421.3611      0.26960059
              2       2192.9349       3.0296447      0.96753121      0.02289112      0.11240963     0.055800825         1.7484569      0.99918203       1.0003767      0.99836201       69.449758     0.031270559       5.4477799       6.9531988       9.1180218       11.441067        17.570996       80.782191       298.85262       47.122288       25.318376       80.736942      0.12873671        0.11108209        0.42159901      0.19020846        0.67014414       2.0262941    2.068988e-09      0.25740926      0.78590511      0.72798356       148.03768       37.408779       2865.5827       1421.3611       10.352052        6.2198048         4.1322475       4365.1656                 21.367879                 395.83014                           2420.8434                      27.541322                1.9740982              6.4677626                         28.966918                                 40.543398             1421.3611      0.26960059
              1       2192.7426       3.0296447      0.96753121      0.02289112      0.11240963     0.055800825         1.7484569      0.99884989       1.0003767      0.99836201       69.449758     0.031270559       5.4477799       6.9531988       9.1180218       11.441067        17.570996       80.782191       298.85262       47.122288       25.318376       80.736942      0.12873671        0.11108209        0.42159901      0.19020846        0.67014414       2.0262941    2.068988e-09      0.25740926      0.78590511      0.72798356       148.03768       37.408779       2865.0937       1421.3611       10.404347        6.2720992         4.1322475       4364.6766                 21.402646                 395.81833                            2420.816                      27.056683                1.9740982              6.4677626                         28.966918                                 40.543398             1421.3611      0.26960059
              3       2192.7824       3.0296447      0.96753121      0.02289112      0.11240963     0.055800825         1.7484569      0.99884989       1.0003584      0.99835042       69.478754      0.03998982       5.4368574       6.9590943        9.191711       11.450029        17.552196       80.844594       299.58246       47.258901       25.115626       80.765712      0.12374292        0.11443184        0.43255067      0.18574192        0.66865919       2.0174365    2.068988e-09      0.25740926      0.78590511      0.72798356       148.03768       37.408779       2865.3163       1421.3611       10.332877        6.2085611         4.1243163       4364.8991                 21.402646                 395.81833                           2421.0386                      27.056683                1.9740982              6.4677626                         28.966918                                 40.543398             1421.3611      0.26960059
              2       2192.7299       3.0296447      0.96753121      0.02289112      0.11240963     0.055800825         1.7484569      0.99884989       1.0003688      0.99834399        69.48054     0.040850914       5.4302888       6.9621691       9.1830608        11.42694        17.538053       80.884798       298.96319       47.294884       25.141094       80.727878      0.12244027         0.1180327        0.43536252      0.18670314        0.66942714        2.016294    2.068988e-09      0.25740926      0.78590511      0.72798356       148.03768       37.408779       2865.3322       1421.3611       10.272361        6.1531286         4.1192321       4364.9151                 21.402646                 395.81833                           2421.0546                      27.056683                1.9740982              6.4677626                         28.966918                                 40.543398             1421.3611      0.26960059
              1        2192.522       3.0296447      0.96753121      0.02289112      0.11240963     0.055800825         1.7484569      0.99884989       1.0004014      0.99832011       69.456893      0.05572212        5.480768       6.8720402       9.4539841       11.597116        17.857699        80.37006       296.61209       46.273307       25.802776       80.800005      0.10526798        0.10555719         0.4568638      0.21653834        0.67331368       2.0252541    2.068988e-09      0.25740926      0.78590511      0.72798356       148.03768       37.408779       2864.2675       1421.3611       10.596832        6.4839927         4.1128388       4363.8504                 21.402646                 395.81833                           2419.9899                      27.056683                1.9740982              6.4677626                         28.966918                                 40.543398             1421.3611      0.26960059
              3       2192.5222       3.0296447      0.96753121      0.02289112      0.11240963     0.055800825         1.7484569       0.9988502       1.0004014      0.99832011       69.456893      0.05572212        5.480768       6.8720402       9.4539841       11.597116        17.857699        80.37006       296.61209       46.273307       25.802776       80.800005      0.10526798        0.10555719         0.4568638      0.21653834        0.67331368       2.0252541    2.068988e-09      0.25740926      0.78590511      0.72798356       148.03768       37.408779       2864.2679       1421.3611       10.596773        6.4839345         4.1128388       4363.8508                 21.402613                 395.81833                           2419.9898                      27.057142                1.9740982              6.4677626                         28.966918                                 40.543398             1421.3611      0.26960059
              2       2192.9306       3.0296447      0.96753121      0.02289112      0.11240963     0.055800825         1.7484569       0.9988502       1.0004804      0.99844255       69.543727     0.055913945       5.4935838        6.768545       9.4008285       11.549762        17.982512        80.12432       294.33773       47.038701        25.90824       80.965482     0.088449259        0.14569682        0.45829367      0.22239585        0.69557465       2.0158268    2.068988e-09      0.25740926      0.78590511      0.72798356       148.03768       37.408779        2864.625       1421.3611       10.826687        6.7700949         4.0565922       4364.2078                 21.402613                 395.81833                           2420.3469                      27.057142                1.9740982              6.4677626                         28.966918                                 40.543398             1421.3611      0.26960059
              1       2192.9559       3.0296447      0.96753121      0.02289112      0.11240963     0.055800825         1.7484569       0.9988502       1.0004468      0.99840283       69.802003     0.046903216       5.3426815       6.7367749       9.2726072       11.502956        18.291694       80.875871       290.27859       47.234765       25.701755       80.637501      0.12728643        0.15758708        0.46227007      0.21009111         0.7073432       2.0145438    2.068988e-09      0.25740926      0.78590511      0.72798356       148.03768       37.408779       2865.8875       1421.3611       10.220759        6.3439315         3.8768275       4365.4703                 21.402613                 395.81833                           2421.6094                      27.057142                1.9740982              6.4677626                         28.966918                                 40.543398             1421.3611      0.26960059
              6       2193.1149       3.0296447      0.96753121      0.02289112      0.11240963     0.055800825         1.7484569       0.9988502       1.0004437      0.99822457       69.422582     0.051163011       5.1324706       7.0123356       8.8989681       11.312542        18.353842       81.279974       296.56108        47.77974       25.717987       81.940238      0.12352408        0.16874743        0.47150225       0.2459948        0.71336252       1.9259704    2.068988e-09      0.25740926      0.78590511      0.72798356       148.03768       37.408779       2865.7985       1421.3611       10.424224        6.5862573         3.8379663       4365.3814                 21.402613                 395.81833                           2421.5205                      27.057142                1.9740982              6.4677626                         28.966918                                 40.543398             1421.3611      0.26960059
              1       2192.3555       3.0296447      0.96753121      0.02289112      0.11240963     0.055800825         1.7484569       0.9988502       1.0002908      0.99813699       69.033006     0.045335426       5.0169298       7.1335894       8.5872711       11.093728        18.464964       81.213536       296.06525        47.25169       25.329786        82.52199      0.13160284        0.14766304        0.46566201      0.24395728        0.70818948       2.0104601    2.068988e-09      0.25740926      0.78590511      0.72798356       148.03768       37.408779       2865.6105       1421.3611       9.7588167        5.9610846         3.7977322       4365.1933                 21.402613                 395.81833                           2421.3324                      27.057142                1.9740982              6.4677626                         28.966918                                 40.543398             1421.3611      0.26960059
              1       2193.7294       3.0296447      0.96753121      0.02289112      0.11240963     0.055800825         1.7484569       0.9988502       1.0003949       0.9980256       69.078442     0.039706131         4.96068       6.9355054       8.8292413       10.785703        18.164547       81.070252       296.87797       47.754285       25.034418       82.276344     0.097967603        0.10502712        0.48874813      0.24471582        0.73288026       2.0335728    2.068988e-09      0.25740926      0.78590511      0.72798356       148.03768       37.408779       2867.5266       1421.3611       10.174697        6.5535485         3.6211486       4367.1094                 21.402613                 395.81833                           2423.2485                      27.057142                1.9740982              6.4677626                         28.966918                                 40.543398             1421.3611      0.26960059
              1       2193.7389       3.0296447      0.96753121      0.02289112      0.11240963     0.055800825         1.7484569       0.9988502       1.0003863      0.99803015       69.085282     0.037747273       4.9546033       6.9217983       8.8214153       10.788771        18.166772       81.056604       297.36413       47.743889       25.078507       82.288855     0.096563099        0.10534587        0.48864507      0.24763667        0.73395185       2.0339915    2.068988e-09      0.25740926      0.78590511      0.72798356       148.03768       37.408779       2867.4857       1421.3611       10.204614        6.5974213         3.6071925       4367.0686                 21.402613                 395.81833                           2423.2076                      27.057142                1.9740982              6.4677626                         28.966918                                 40.543398             1421.3611      0.26960059
              2       2193.8773       3.0296447      0.96753121      0.02289112      0.11240963     0.055800825         1.7484569       0.9988502       1.0005107      0.99806625        69.27466     0.046148377       4.9882586       6.8884493       8.4903593       10.707578        17.997315       80.965356       302.15562       47.263495       24.826966       82.386608     0.097987306        0.10647885        0.49453322      0.23640787        0.72931296       2.0302796    2.068988e-09      0.25740926      0.78590511      0.72798356       148.03768       37.408779       2867.8479       1421.3611       10.161932        6.5425324         3.6193998       4367.4308                 21.402613                 395.81833                           2423.5698                      27.057142                1.9740982              6.4677626                         28.966918                                 40.543398             1421.3611      0.26960059
              5       2196.1327       3.0296447      0.96753121      0.02289112      0.11240963     0.055800825         1.7484569       0.9988502       1.0004063      0.99806206       69.191815     0.060544161       5.3259447       7.1609346        8.292562       10.408118        18.263596       80.652467       300.85041       46.277044       25.150569       82.050042      0.11877423       0.094099787         0.4905633      0.26482079        0.73025493       2.0824597    2.068988e-09      0.25740926      0.78590511      0.72798356       148.03768       37.408779       2870.8653       1421.3611       10.908622        6.7675909         4.1410308       4370.4481                 21.402613                 395.81833                           2426.5872                      27.057142                1.9740982              6.4677626                         28.966918                                 40.543398             1421.3611      0.26960059
              1       2195.5175       3.0296447      0.96753121      0.02289112      0.11240963     0.055800825         1.7484569       0.9988502       1.0004495      0.99815532       68.938899     0.081777723       5.4417297       7.0915638       8.4451198        10.35117        18.310765       80.708496       304.66465        47.11569       25.330517        82.13858      0.12047711        0.10187225        0.49240465      0.26725877        0.71201765       2.0806474    2.068988e-09      0.25740926      0.78590511      0.72798356       148.03768       37.408779       2869.9056       1421.3611       10.773252        6.5518691         4.2213829       4369.4885                 21.402613                 395.81833                           2425.6276                      27.057142                1.9740982              6.4677626                         28.966918                                 40.543398             1421.3611      0.26960059
              2       2197.2138       3.0296447      0.96753121      0.02289112      0.11240963     0.055800825         1.7484569       0.9988502       1.0003812      0.99815829        69.27256     0.021722655       6.1102238       6.6743131        8.699773       10.858789        17.797364       83.045023       294.14476        47.06812       26.388704       82.359424     0.076270539        0.17813219        0.45471951      0.24830607        0.72461453       2.1628812    2.068988e-09      0.25740926      0.78590511      0.72798356       148.03768       37.408779        2869.982       1421.3611       12.431395        7.7298534         4.7015414       4369.5648                 21.402613                 395.81833                           2425.7039                      27.057142                1.9740982              6.4677626                         28.966918                                 40.543398             1421.3611      0.26960059
              1        2195.654       3.0296447      0.96753121      0.02289112      0.11240963     0.055800825         1.7484569       0.9988502       1.0002713      0.99819537       69.611894     0.038240315       6.1605133       6.9159558       8.4443367       11.500515        18.006252       81.952067       281.08875       46.457113       27.253437       82.000932     0.062629582        0.16090711         0.4453524       0.2501167         0.7230631       2.2228781    2.068988e-09      0.25740926      0.78590511      0.72798356       148.03768       37.408779       2866.1487       1421.3611       12.788235        7.8321683         4.9560667       4365.7315                 21.402613                 395.81833                           2421.8706                      27.057142                1.9740982              6.4677626                         28.966918                                 40.543398             1421.3611      0.26960059
              1       2194.9174       3.0296447      0.96753121      0.02289112      0.11240963     0.055800825         1.7484569       0.9988502       1.0003024      0.99826177       69.533452     0.043116215       6.1729832       6.6261602       8.3727032       11.483407        17.989324       81.885394       281.18826       46.206148       27.550051       82.040116      0.06983949        0.16421549        0.43231497      0.25369192        0.71239946       2.2130166    2.068988e-09      0.25740926      0.78590511      0.72798356       148.03768       37.408779        2865.348       1421.3611        12.45194        7.7098847          4.742055       4364.9309                 21.402613                 395.81833                           2421.0699                      27.057142                1.9740982              6.4677626                         28.966918                                 40.543398             1421.3611      0.26960059
              5       2195.1084       3.0296447      0.96753121      0.02289112      0.11240963     0.055800825         1.7484569      0.99852785        1.000307      0.99823271       69.532612     0.037082767       6.2614411       6.5780789       8.4177073       11.536793        17.975579       81.710443       281.39564       46.517853       27.569537       82.329557     0.071284742        0.15410358        0.42537038      0.23879981        0.71863872       2.1937442    2.068988e-09      0.25740926      0.78590511      0.72798356       148.03768       37.408779       2866.1632       1421.3611       12.235354        7.4200988          4.815255       4365.7461                 21.436604                 395.82405                           2422.3102                      26.592411                1.9740982              6.4677626                         28.966918                                 40.543398             1421.3611      0.26960059
              3        2197.171       3.0296447      0.96753121      0.02289112      0.11240963     0.055800825         1.7484569      0.99852785       1.0002762      0.99812668       69.704569     0.045327454       6.3040874       6.9179308       8.7649178       11.603165        18.185281       82.385574       278.51859       46.163412       28.388821       82.470485     0.082319206        0.17319707        0.46705455      0.27631048        0.76989213       2.2255871    2.068988e-09      0.25740926      0.78590511      0.72798356       148.03768       37.408779       2868.0753       1421.3611       13.341915         8.195638         5.1462775       4367.6582                 21.436604                 395.82405                           2424.2222                      26.592411                1.9740982              6.4677626                         28.966918                                 40.543398             1421.3611      0.26960059
              1       2197.0463       3.0296447      0.96753121      0.02289112      0.11240963     0.055800825         1.7484569      0.99852785       1.0002819      0.99808388        69.77423     0.053573867       6.3396903       7.0386942       8.6717927       11.687863          18.3714        82.09256       278.53098       46.323025       28.372765         82.4116     0.079618155        0.16890932        0.48235644      0.27170355        0.76227036       2.2202543    2.068988e-09      0.25740926      0.78590511      0.72798356       148.03768       37.408779       2867.8479       1421.3611       13.330885        8.0346582         5.2962273       4367.4308                 21.436604                 395.82405                           2423.9949                      26.592411                1.9740982              6.4677626                         28.966918                                 40.543398             1421.3611      0.26960059
              3       2197.0668       3.0296447      0.96753121      0.02289112      0.11240963     0.055800825         1.7484569      0.99852785       1.0001804      0.99808595        70.08353     0.086389164       5.9782149       6.7866186       9.2545829       11.591293        18.638695       79.930606       294.70275       43.788768       27.922435       84.357579      0.16465195        0.14748696        0.49198045      0.28863399        0.77841433       2.3045922    2.068988e-09      0.25740926      0.78590511      0.72798356       148.03768       37.408779       2869.7462       1421.3611       12.402234        7.7765361          4.625698        4369.329                 21.436604                 395.82405                           2425.8931                      26.592411                1.9740982              6.4677626                         28.966918                                 40.543398             1421.3611      0.26960059
              2       2196.8181       3.0296447      0.96753121      0.02289112      0.11240963     0.055800825         1.7484569      0.99885651        1.000156      0.99805221       70.018935     0.076324651        5.970003       6.7321303        9.307224       11.567456        18.550342       79.686562       293.86229       44.121358       28.133958       84.487958      0.16519921        0.15265755        0.49541311      0.29782458        0.76967817       2.2981793    2.068988e-09      0.25740926      0.78590511      0.72798356       148.03768       37.408779       2869.1368       1421.3611       12.458222         7.883755          4.574467       4368.7197                  21.40195                 395.81833                           2424.8503                      27.066288                1.9740982              6.4677626                         28.966918                                 40.543398             1421.3611      0.26960059
              4       2196.1378       3.0296447      0.96753121      0.02289112      0.11240963     0.055800825         1.7484569      0.99885651       1.0002046      0.99816602       70.214051     0.093735358       6.0015088        6.758124       9.3321504       11.324283        18.586689       79.833494       289.83599       44.482442       28.308659       84.554074      0.14441392        0.16793583        0.47453849      0.30346489        0.78078197       2.2968686    2.068988e-09      0.25740926      0.78590511      0.72798356       148.03768       37.408779        2867.305       1421.3611       12.693837         8.061454         4.6323832       4366.8879                  21.40195                 395.81833                           2423.0184                      27.066288                1.9740982              6.4677626                         28.966918                                 40.543398             1421.3611      0.26960059
              2       2196.6316       3.0296447      0.96753121      0.02289112      0.11240963     0.055800825         1.7484569      0.99885651       1.0001957      0.99811447       70.292004     0.077628008       5.9919332       6.8881811       9.4732786       11.203886        18.019318       79.852824       286.44592       43.774121       28.472292       84.744899      0.13039404        0.15769663        0.49770845      0.31851252        0.79358595       2.2976106    2.068988e-09      0.25740926      0.78590511      0.72798356       148.03768       37.408779       2867.6151       1421.3611       13.032576        8.3120001         4.7205759        4367.198                  21.40195                 395.81833                           2423.3286                      27.066288                1.9740982              6.4677626                         28.966918                                 40.543398             1421.3611      0.26960059
              1        2196.894       3.0296447      0.96753121      0.02289112      0.11240963     0.055800825         1.7484569      0.99885651       1.0002183      0.99812824       70.151858     0.083911098       6.0777433       6.9389166       9.5126025       11.023361        17.790107       79.689782        287.1438       43.526163       29.057833       84.287531       0.1548487        0.14995621        0.49313482      0.29352496        0.81099282       2.2609659    2.068988e-09      0.25740926      0.78590511      0.72798356       148.03768       37.408779       2868.3551       1421.3611       12.925018         8.056748         4.8682703        4367.938                  21.40195                 395.81833                           2424.0686                      27.066288                1.9740982              6.4677626                         28.966918                                 40.543398             1421.3611      0.26960059
              1        2197.336       3.0296447      0.96753121      0.02289112      0.11240963     0.055800825         1.7484569      0.99850369       1.0002183      0.99812824       70.151858     0.083911098       6.0777433       6.9389166       9.5126025       11.023361        17.790107       79.689782        287.1438       43.526163       29.057833       84.287531       0.1548487        0.14995621        0.49313482      0.29352496        0.81099282       2.2609659    2.068988e-09      0.25740926      0.78590511      0.72798356       148.03768       37.408779       2869.0902       1421.3611       12.999528        8.1312579         4.8682703        4368.673                 21.439162                  395.8084                           2425.2848                      26.557801                1.9740982              6.4677626                         28.966918                                 40.543398             1421.3611      0.26960059
              2        2197.192       3.0296447      0.96753121      0.02289112      0.11240963     0.055800825         1.7484569      0.99850369       1.0002297      0.99810488       70.168855     0.095750672       6.1595076       6.8777883        9.564182       11.025855        17.709266       79.257692       289.38659       43.450205       28.855316       84.453969      0.16144613        0.15312704        0.48898729      0.29357331        0.79869908        2.270878    2.068988e-09      0.25740926      0.78590511      0.72798356       148.03768       37.408779       2868.6729       1421.3611       13.064088        8.1400767         4.9240117       4368.2557                 21.439162                  395.8084                           2424.8675                      26.557801                1.9740982              6.4677626                         28.966918                                 40.543398             1421.3611      0.26960059
              2       2197.0635       3.0296447      0.96753121      0.02289112      0.11240963     0.055800825         1.7484569      0.99850369       1.0002417      0.99810638       70.192737     0.091406582       6.2112328       6.8351158       9.5534114       11.000832        17.720991       79.346665       289.28404       43.244973       28.855176        84.58221        0.158034        0.15468895         0.4893698      0.29268503        0.79880554       2.2645822    2.068988e-09      0.25740926      0.78590511      0.72798356       148.03768       37.408779       2868.4626       1421.3611       13.040776         8.084458         4.9563182       4368.0454                 21.439162                  395.8084                           2424.6572                      26.557801                1.9740982              6.4677626                         28.966918                                 40.543398             1421.3611      0.26960059
              3       2196.6669       3.0296447      0.96753121      0.02289112      0.11240963     0.055800825         1.7484569      0.99881186       1.0002417      0.99810638       70.192737     0.091406582       6.2112328       6.8351158       9.5534114       11.000832        17.720991       79.346665       289.28404       43.244973       28.855176        84.58221        0.158034        0.15468895         0.4893698      0.29268503        0.79880554       2.2645822    2.068988e-09      0.25740926      0.78590511      0.72798356       148.03768       37.408779       2867.8017       1421.3611       12.974595        8.0182763         4.9563182       4367.3845                 21.406643                 395.81833                           2423.5751                      27.001573                1.9740982              6.4677626                         28.966918                                 40.543398             1421.3611      0.26960059
              2         2196.23        3.029988      0.96749414     0.022899097      0.11242265     0.055808834         1.7438015      0.99881186       1.0003902      0.99816178       70.173252     0.086913883       6.1439965       6.6362852        9.847716       10.943595        17.826717        79.76616       286.64447       43.086832       28.497678       84.578172      0.13610752        0.16033554        0.50132881      0.29853724        0.82131158       2.2158692   2.0696985e-09       0.2574492      0.78606873       0.7281916       148.02775        37.34209       2866.6903       1421.3401       13.175693         8.461774         4.7139189       4366.1087                 21.433459                  395.8084                            2422.784                      26.664397                1.9698976              6.4633673                         28.908825                                 40.466657             1421.3401      0.26960059
              1       2195.6932        3.029988      0.96749414     0.022899097      0.11242265     0.055808834         1.7438015      0.99881186       1.0005272      0.99842079       69.997727     0.046872382       6.2388002       6.5320329        9.316843       10.627389         18.02103        80.58581       287.57107       42.707041       28.193996       84.555966     0.092224189        0.18037029        0.46997725      0.32189587        0.73276091       2.2395689   2.0696985e-09       0.2574492      0.78606873       0.7281916       148.02775        37.34209       2864.5595       1421.3401       13.704264         8.953503          4.750761       4363.9779                 21.433459                  395.8084                           2420.6532                      26.664397                1.9698976              6.4633673                         28.908825                                 40.466657             1421.3401      0.26960059
              2       2195.2858        3.029988      0.96749414     0.022899097      0.11242265     0.055808834         1.7438015      0.99881186       1.0004756      0.99853675        69.53541     0.070073011       6.3297929       6.5634924       9.0862281       11.158846         17.89159       81.593726       269.94863       42.119408       29.546583       86.453451       0.0819316        0.15690043        0.44509331      0.20521567         0.7139303       2.1467957   2.0696985e-09       0.2574492      0.78606873       0.7281916       148.02775        37.34209        2867.066       1421.3401       12.043588        7.1531042          4.890484       4366.4844                 21.433459                  395.8084                           2423.1598                      26.664397                1.9698976              6.4633673                         28.908825                                 40.466657             1421.3401      0.26960059
              4       2196.0746        3.029988      0.96749414     0.022899097      0.11242265     0.055808834         1.7438015      0.99881186        1.000308      0.99906259       70.831744     0.081742552        6.264115       5.7833526       8.0442894       11.500426         19.45181       80.975479       271.34215       41.729769       28.850988       86.112172      0.12402458        0.12369346        0.49794198      0.17362602        0.74859207       2.0746134   2.0696985e-09       0.2574492      0.78606873       0.7281916       148.02775        37.34209       2869.4544       1421.3401       11.638216        7.4115081         4.2267083       4368.8728                 21.433459                  395.8084                           2425.5481                      26.664397                1.9698976              6.4633673                         28.908825                                 40.466657             1421.3401      0.26960059
              1       2196.1533        3.029988      0.96749414     0.022899097      0.11242265     0.055808834         1.7438015      0.99881186       1.0002926      0.99905726       70.886567     0.084796484       6.2581448       5.7584808       8.0337409       11.505735        19.497385       80.836123       271.48027       41.780576       28.931015       86.302701      0.11884014        0.11892325        0.48994835      0.19031525        0.75318637       2.0567539   2.0696985e-09       0.2574492      0.78606873       0.7281916       148.02775        37.34209       2869.7441       1421.3401       11.572032         7.369377         4.2026546       4369.1625                 21.433459                  395.8084                           2425.8378                      26.664397                1.9698976              6.4633673                         28.908825                                 40.466657             1421.3401      0.26960059
              5       2195.4399        3.029988      0.96749414     0.022899097      0.11242265     0.055808834         1.7438015      0.99881186       1.0004683      0.99913287       70.922694     0.089316745       6.5455195       5.6482639       7.8273682       11.416092        18.817691       81.641795       278.45509       41.321111       28.930012       85.136097      0.10593806        0.15842359        0.44866828      0.22464762        0.76398882       2.0486713   2.0696985e-09       0.2574492      0.78606873       0.7281916       148.02775        37.34209       2866.3693       1421.3401       12.546012        8.0929671         4.4530453       4365.7877                 21.433459                  395.8084                           2422.4631                      26.664397                1.9698976              6.4633673                         28.908825                                 40.466657             1421.3401      0.26960059
              1       2195.4419        3.029988      0.96749414     0.022899097      0.11242265     0.055808834         1.7438015      0.99881186       1.0004574      0.99916322       70.936206     0.088222734       6.5009563       5.6311045       7.7882549       11.443884        18.723376       81.781457       278.76198       41.460676       29.042426       84.973617      0.10168394        0.15887734        0.45864127       0.2252645        0.76283608       2.0237733   2.0696985e-09       0.2574492      0.78606873       0.7281916       148.02775        37.34209        2866.227       1421.3401         12.6192        8.2307987         4.3884017       4365.6454                 21.433459                  395.8084                           2422.3207                      26.664397                1.9698976              6.4633673                         28.908825                                 40.466657             1421.3401      0.26960059
              3       2195.7521        3.029988      0.96749414     0.022899097      0.11242265     0.055808834         1.7438015      0.99881186       1.0000667      0.99958795        71.34648      0.10875222       6.5065243       5.6749745       8.0182332       11.537343        19.256646       81.561257       275.36392       41.375001       29.404408       84.210628      0.10211447        0.14840608         0.4716497      0.19291761        0.74114869       2.1366216   2.0696985e-09       0.2574492      0.78606873       0.7281916       148.02775        37.34209       2864.9253       1421.3401       13.580236        9.1533699         4.4268659       4364.3437                 21.433459                  395.8084                            2421.019                      26.664397                1.9698976              6.4633673                         28.908825                                 40.466657             1421.3401      0.26960059
              1        2196.011        3.029988      0.96749414     0.022899097      0.11242265     0.055808834         1.7438015      0.99881186       1.0000223      0.99954898       71.702744      0.11770202       6.6084875       5.7002068       8.3547785       11.861472        19.578936       81.781451       270.39289       42.056241       29.175928       84.429328      0.14350961        0.15888599        0.47404767      0.20379568        0.76344455       2.0612373   2.0696985e-09       0.2574492      0.78606873       0.7281916       148.02775        37.34209       2865.0785       1421.3401       13.762598        9.1959257         4.5666724       4364.4969                 21.433459                  395.8084                           2421.1722                      26.664397                1.9698976              6.4633673                         28.908825                                 40.466657             1421.3401      0.26960059
              2        2196.349        3.029988      0.96749414     0.022899097      0.11242265     0.055808834         1.7438015      0.99881186       1.0000461      0.99943225       72.043159      0.13763631       6.4954852       5.5259303       8.5334564        11.58055        19.424863       82.137351       268.72243       42.425949       29.046855       84.292739      0.13326205         0.1275026        0.48188872         0.19318        0.77995343       2.0916849   2.0696985e-09       0.2574492      0.78606873       0.7281916       148.02775        37.34209       2867.5639       1421.3401       12.857853         8.551425         4.3064283       4366.9823                 21.433459                  395.8084                           2423.6577                      26.664397                1.9698976              6.4633673                         28.908825                                 40.466657             1421.3401      0.26960059
              8       2196.9758        3.029988      0.96749414     0.022899097      0.11242265     0.055808834         1.7438015      0.99881186      0.99999011      0.99928523       71.969909      0.12761169       6.4761172       5.2591721       8.5660519       11.591399        19.483105       81.945206       270.24391       43.101074       29.289402       84.554341       0.1519704         0.1040365        0.48341317      0.18104376        0.78946486       2.0846911   2.0696985e-09       0.2574492      0.78606873       0.7281916       148.02775        37.34209       2868.9943       1421.3401       12.769438         8.670435         4.0990034       4368.4127                 21.433459                  395.8084                            2425.088                      26.664397                1.9698976              6.4633673                         28.908825                                 40.466657             1421.3401      0.26960059
              1       2195.1661        3.029988      0.96749414     0.022899097      0.11242265     0.055808834         1.7438015      0.99881186       0.9998308      0.99884821       72.653993     0.094011488       7.1067603       4.8982072       8.5183528       11.301892        19.180093       81.786569       269.42931       43.207087        30.44828       83.684947      0.14380109       0.096888567        0.48234055      0.16505265        0.71497123       2.0522035   2.0696985e-09       0.2574492      0.78606873       0.7281916       148.02775        37.34209         2867.25       1421.3401       11.831911        7.2688226         4.5630887       4366.6684                 21.433459                  395.8084                           2423.3438                      26.664397                1.9698976              6.4633673                         28.908825                                 40.466657             1421.3401      0.26960059
              3       2195.5964        3.029988      0.96749414     0.022899097      0.11242265     0.055808834         1.7438015      0.99881351      0.99985782      0.99886929       72.717609     0.077280794       7.0545332       5.1885964        8.674952       11.228888        19.229886        81.96127       270.35521        43.12226       30.794039       83.679003      0.11525593       0.083004677        0.49624361      0.16966475        0.70927493       2.0525708   2.0696985e-09       0.2574492      0.78606873       0.7281916       148.02775        37.34209       2866.9205       1421.3401       12.426959        7.7059377         4.7210218       4366.3389                 21.433285                  395.8084                            2423.012                      26.666768                1.9698976              6.4633673                         28.908825                                 40.466657             1421.3401      0.26960059
              1       2194.8003       3.0334335      0.96791882     0.022923211      0.11256417     0.056632807         1.7609587      0.99881351      0.99985782      0.99886929       72.717609     0.077280794       7.0545332       5.1885964        8.674952       11.228888        19.229886        81.96127       270.35521        43.12226       30.794039       83.679003      0.11525593       0.083004677        0.49624361      0.16966475        0.70927493       2.0525708   2.0768418e-09      0.25776432      0.78804586      0.73046979        147.9632       36.938277        2866.329       1421.1746       12.426959        7.7059377         4.7210218       4364.7468                 21.481542                  395.8951                           2424.4425                      24.509911                1.9431093              6.4353507                         28.559817                                 40.035245             1421.1746      0.26960059
              1       2195.2101       3.0334335      0.96791882     0.022923211      0.11256417     0.056632807         1.7609587      0.99881351      0.99992803      0.99887103        72.77682     0.085761437       7.1729563       5.1332971       8.5786141       11.342383        19.196267       82.283729       264.30768       43.295828       30.538893       83.606363      0.08247873       0.085238447        0.49769605       0.1725201        0.71697072       2.1278498   2.0768418e-09      0.25776432      0.78804586      0.73046979        147.9632       36.938277        2865.899       1421.1746       13.051786        8.2257636         4.8260223       4364.3167                 21.481542                  395.8951                           2424.0124                      24.509911                1.9431093              6.4353507                         28.559817                                 40.035245             1421.1746      0.26960059
              2       2195.8036       3.0334335      0.96791882     0.022923211      0.11256417     0.056632807         1.7609587      0.99881351       1.0001336      0.99885643       72.348796     0.033204038       7.1276785       4.5900803       8.7325504       11.195057        18.257529       83.592147       265.73726       43.639237       30.797569       84.111079     0.080831614        0.11909116        0.48619958      0.23089904        0.71965085        2.083789   2.0768418e-09      0.25776432      0.78804586      0.73046979        147.9632       36.938277          2869.8       1421.1746       11.694723        7.3340177         4.3607057       4368.2177                 21.481542                  395.8951                           2427.9134                      24.509911                1.9431093              6.4353507                         28.559817                                 40.035245             1421.1746      0.26960059
              3       2194.4116       3.0334335      0.96791882     0.022923211      0.11256417     0.056632807         1.7609587      0.99934791       1.0001336      0.99885643       72.348796     0.033204038       7.1276785       4.5900803       8.7325504       11.195057        18.257529       83.592147       265.73726       43.639237       30.797569       84.111079     0.080831614        0.11909116        0.48619958      0.23089904        0.71965085        2.083789   2.0768418e-09      0.25776432      0.78804586      0.73046979        147.9632       36.938277       2867.1732       1421.1746       11.616121        7.2554151         4.3607057       4365.5909                  21.42471                 395.90205                           2424.6083                       25.23806                1.9431093              6.4353507                         28.559817                                 40.035245             1421.1746      0.26960059
              1       2193.4467       3.0334335      0.96791882     0.022923211      0.11256417     0.056632807         1.7609587      0.99934791       1.0001387      0.99925855       71.626355     0.059827625         6.98734       4.3521081       8.8972259       11.677098         18.50866       83.743556       272.47135       44.729215       31.898008       84.979208     0.095521085       0.083549254        0.43446939      0.19992349        0.71342075       2.1007119   2.0768418e-09      0.25776432      0.78804586      0.73046979        147.9632       36.938277       2863.0445       1421.1746       12.715585        8.6767429         4.0388419       4361.4622                  21.42471                 395.90205                           2420.4797                       25.23806                1.9431093              6.4353507                         28.559817                                 40.035245             1421.1746      0.26960059
              5       2194.4501       3.0334335      0.96791882     0.022923211      0.11256417     0.056632807         1.7609587      0.99934791        1.000069      0.99912015       70.935546     0.050096019       6.7887647       4.5510271       9.0442482       11.738787        19.129851       83.932571       262.41704       45.633836       31.597005       85.128072      0.10107452       0.068984016        0.43517013      0.23682837        0.69404695       2.0431769   2.0768418e-09      0.25776432      0.78804586      0.73046979        147.9632       36.938277       2864.9075       1421.1746       12.787461        8.8274561         3.9600045       4363.3252                  21.42471                 395.90205                           2422.3427                       25.23806                1.9431093              6.4353507                         28.559817                                 40.035245             1421.1746      0.26960059
              2       2194.2154       3.0334335      0.96791882     0.022923211      0.11256417     0.056632807         1.7609587      0.99934791      0.99951996      0.99935705       69.353781    0.0072047227       6.5737413       4.4304498       9.1691467        12.08954        19.253007       84.473323       261.28428       43.777988       31.983062       84.595036     0.097709555        0.12548462        0.52401865      0.28546464        0.67791453       1.9098731   2.0768418e-09      0.25776432      0.78804586      0.73046979        147.9632       36.938277       2863.8697       1421.1746       13.071622        9.4048791         3.6667427       4362.2875                  21.42471                 395.90205                           2421.3049                       25.23806                1.9431093              6.4353507                         28.559817                                 40.035245             1421.1746      0.26960059
              1       2193.4667       3.0334335      0.96791882     0.022923211      0.11256417     0.056632807         1.7609587      0.99934791      0.99948424      0.99946785       69.297224     0.043359632       6.8513968       4.2262402       9.1690044       12.292636        19.038104       84.125217       263.01525       42.210337       30.876415       84.345876      0.11075264         0.1230717        0.48059743      0.30018029        0.71230432       1.8513264   2.0768418e-09      0.25776432      0.78804586      0.73046979        147.9632       36.938277       2861.3181       1421.1746       13.598794         9.783535         3.8152591       4359.7359                  21.42471                 395.90205                           2418.7533                       25.23806                1.9431093              6.4353507                         28.559817                                 40.035245             1421.1746      0.26960059
              2       2193.2769       3.0335382      0.96789885     0.022923188      0.11249216     0.056453362         1.7660332      0.99934791      0.99962171      0.99950462       69.676501     0.074374918       6.7639531       4.1857074       9.0745039       12.593838        18.984527       83.981348        267.9009       42.660707       30.703591       83.637741     0.070519829         0.1696607        0.51340349       0.3150323        0.71060651       1.8173405   2.0770592e-09      0.25762729      0.78773996      0.72999213       147.98269       37.038887       2856.8937       1421.2464       15.494439         11.79142         3.7030187       4355.5649                 21.452882                 395.90552                           2414.6646                      24.870716                1.9508815              6.4433653                          28.64464                                 40.116243             1421.2464      0.26960059
              2       2193.5728       3.0335382      0.96789885     0.022923188      0.11249216     0.056453362         1.7660332      0.99934791      0.99965812      0.99967695       70.078047    0.0063327896       6.5042462       4.2001395       8.6639446       12.497661        18.194776       84.247674       272.85616       41.785544       29.538745        83.05533      0.17194888        0.15461508        0.49946201      0.16031984        0.70806974       1.8932797   2.0770592e-09      0.25762729      0.78773996      0.72999213       147.98269       37.038887       2860.6369       1421.2464       13.918715        10.452232         3.4664825       4359.3081                 21.452882                 395.90552                           2418.4078                      24.870716                1.9508815              6.4433653                          28.64464                                 40.116243             1421.2464      0.26960059
              1       2193.5447       3.0335382      0.96789885     0.022923188      0.11249216     0.056453362         1.7660332      0.99934791       0.9996416      0.99966745       70.085269    0.0059416527       6.5026538       4.1880782       8.6691978       12.499551        18.172777       84.243167       273.05538       41.752645       29.563765        82.99898       0.1716934        0.15471981        0.49886663      0.16091653         0.7077864       1.8957661   2.0770592e-09      0.25762729      0.78773996      0.72999213       147.98269       37.038887       2860.6544       1421.2464        13.88192        10.423716         3.4582045       4359.3256                 21.452882                 395.90552                           2418.4253                      24.870716                1.9508815              6.4433653                          28.64464                                 40.116243             1421.2464      0.26960059
              7       2194.1627       3.0335382      0.96789885     0.022923188      0.11249216     0.056453362         1.7660332       1.0000793      0.99961271      0.99964869       69.984268    0.0019656828       6.4439742       3.9158865       8.2750801       12.163678        18.042567        83.84495       278.56339       42.279127       29.345025       83.868131      0.18619687        0.16495511        0.47703554      0.18628518        0.66266668       1.8744258   2.0770592e-09      0.25762729      0.78773996      0.72999213       147.98269       37.038887        2861.803       1421.2464       13.925567        10.667049         3.2585171       4360.4742                 21.375844                 395.89978                           2418.6462                      25.881171                1.9508815              6.4433653                          28.64464                                 40.116243             1421.2464      0.26960059
              1       2193.9882       3.0335382      0.96789885     0.022923188      0.11249216     0.056453362         1.7660332       1.0000793      0.99961223      0.99966301       70.069027    0.0083697716        6.425023       3.7975917       8.2723415        12.10594        18.133092       83.891123       277.99459       42.212448       29.235773       84.064801      0.18046624        0.16038185        0.47478624      0.18107375        0.65740837       1.8751861   2.0770592e-09      0.25762729      0.78773996      0.72999213       147.98269       37.038887       2862.0574       1421.2464       13.623881        10.442181         3.1816999       4360.7286                 21.375844                 395.89978                           2418.9006                      25.881171                1.9508815              6.4433653                          28.64464                                 40.116243             1421.2464      0.26960059
              3       2193.6816       3.0335382      0.96789885     0.022923188      0.11249216     0.056453362         1.7660332       1.0000793      0.99960125      0.99962672       70.030734    0.0038753088       6.4455068       3.9182525         8.26477       12.114111        18.438491       83.866293       276.48465       42.233601       29.174019       84.355407      0.17458335         0.1656866        0.47276444      0.17757821        0.66774944       1.8521105   2.0770592e-09      0.25762729      0.78773996      0.72999213       147.98269       37.038887       2861.6429       1421.2464       13.524523        10.263475         3.2610487       4360.3141                 21.375844                 395.89978                           2418.4861                      25.881171                1.9508815              6.4433653                          28.64464                                 40.116243             1421.2464      0.26960059
              3       2193.8435       3.0335382      0.96789885     0.022923188      0.11249216     0.056453362         1.7660332       1.0000793      0.99961864      0.99962401       70.017891    0.0028855569       6.4264557       3.8888736       8.2233511       12.099094         18.42941       83.813667       275.86229       42.148621       29.190824       84.335915      0.17540874        0.16403078        0.47277012      0.17656961        0.66926952       1.8528939   2.0770592e-09      0.25762729      0.78773996      0.72999213       147.98269       37.038887       2862.1357       1421.2464       13.440036        10.210255         3.2297805       4360.8069                 21.375844                 395.89978                           2418.9789                      25.881171                1.9508815              6.4433653                          28.64464                                 40.116243             1421.2464      0.26960059
              1       2194.0972       3.0335382      0.96789885     0.022923188      0.11249216     0.056453362         1.7660332       1.0000793      0.99959675      0.99943319       70.169498     0.035745383       6.1590783       3.8946348       8.1080157       12.282104        17.613544       83.575929       280.09438        42.87422       28.940341       85.077924       0.1658602        0.13908318        0.47309649       0.1719074        0.65199334        1.841425   2.0770592e-09      0.25762729      0.78773996      0.72999213       147.98269       37.038887       2865.1175       1421.2464       12.202872        9.1822455         3.0206265       4363.7887                 21.375844                 395.89978                           2421.9607                      25.881171                1.9508815              6.4433653                          28.64464                                 40.116243             1421.2464      0.26960059
              1       2194.1714       3.0335382      0.96789885     0.022923188      0.11249216     0.056453362         1.7660332       1.0000793      0.99960211      0.99943499       70.152981     0.036422305       6.1647874        3.881856       8.0833837       12.273138        17.607673       83.620342       280.20576       42.912022       29.007961       85.139001      0.16456403        0.14193735        0.47213239      0.16997503        0.65034971       1.8433243   2.0770592e-09      0.25762729      0.78773996      0.72999213       147.98269       37.038887       2865.2399       1421.2464       12.215831        9.1969244         3.0189066       4363.9111                 21.375844                 395.89978                           2422.0831                      25.881171                1.9508815              6.4433653                          28.64464                                 40.116243             1421.2464      0.26960059
              2       2194.9834       3.0335382      0.96789885     0.022923188      0.11249216     0.056453362         1.7660332       1.0000793        0.999723      0.99949141       70.313764     0.027340291       6.2060941       4.1028166       7.8226486       12.361839        17.662991       83.907968       280.11145       43.036464       28.563221       85.917268      0.15637441         0.1403456        0.48158137      0.19152531        0.67356606       1.8573511   2.0770592e-09      0.25762729      0.78773996      0.72999213       147.98269       37.038887       2866.9902       1421.2464       12.152655        8.9937622         3.1588933       4365.6614                 21.375844                 395.89978                           2423.8334                      25.881171                1.9508815              6.4433653                          28.64464                                 40.116243             1421.2464      0.26960059
              7       2195.2311       3.0335382      0.96789885     0.022923188      0.11249216     0.056453362         1.7660332       1.0000793      0.99956297      0.99953149       70.359072     0.030134805       6.0501299       4.2030484       7.6263331       11.916394        17.636927       84.664908       286.81358       42.398636       29.097058       85.539231      0.14950363        0.11692904        0.50202778      0.19969626        0.70505195       1.8406898   2.0770592e-09      0.25762729      0.78773996      0.72999213       147.98269       37.038887       2867.2739       1421.2464       12.258549        9.1736133         3.0849361       4365.9451                 21.375844                 395.89978                           2424.1171                      25.881171                1.9508815              6.4433653                          28.64464                                 40.116243             1421.2464      0.26960059
              1       2194.0352       3.0335382      0.96789885     0.022923188      0.11249216     0.056453362         1.7660332       1.0000793      0.99960285       0.9996043       70.153199     0.018323557       6.0894747       4.1648449       7.8201145       12.287061        17.503367       83.782713         288.588       43.099339       29.019458       85.238716      0.12539163        0.11767796        0.50350994      0.17079242        0.70419972       1.7721549   2.0770592e-09      0.25762729      0.78773996      0.72999213       147.98269       37.038887       2864.0873       1421.2464        12.65594        9.5589168         3.0970232       4362.7585                 21.375844                 395.89978                           2420.9305                      25.881171                1.9508815              6.4433653                          28.64464                                 40.116243             1421.2464      0.26960059
              2       2194.2158       3.0335382      0.96789885     0.022923188      0.11249216     0.056453362         1.7660332       1.0000793      0.99960134      0.99959373       70.106976     0.018743789       6.0941029       4.1568472        7.826275       12.272518        17.441607       83.843345       289.16221       43.014228       28.972961       85.200613       0.1267687        0.11829542        0.50698907      0.17529136        0.70357242       1.7694337   2.0770592e-09      0.25762729      0.78773996      0.72999213       147.98269       37.038887       2864.5662       1421.2464       12.597049        9.5003159         3.0967329       4363.2374                 21.375844                 395.89978                           2421.4094                      25.881171                1.9508815              6.4433653                          28.64464                                 40.116243             1421.2464      0.26960059
              3       2194.7209       3.0335382      0.96789885     0.022923188      0.11249216     0.056453362         1.7660332       1.0000793      0.99969873      0.99961895       69.623782     0.034044414        6.093207       3.6361816       7.9477803       12.587464        17.648803       82.968796       286.74284       44.176067       28.939105       85.168407     0.097068078        0.14067787        0.49197572      0.22967055        0.70855797       1.7237622   2.0770592e-09      0.25762729      0.78773996      0.72999213       147.98269       37.038887       2865.4129       1421.2464       12.678854        9.8226552         2.8561983       4364.0841                 21.375844                 395.89978                           2422.2561                      25.881171                1.9508815              6.4433653                          28.64464                                 40.116243             1421.2464      0.26960059
              1       2194.8054       3.0335382      0.96789885     0.022923188      0.11249216     0.056453362         1.7660332       1.0000793      0.99965209      0.99972123       69.525085     0.019765807       6.1122361       3.8136019       7.8073913        12.68376        17.589343       82.828538       286.52403       44.095983        28.57418       85.560323     0.095350782        0.14422666        0.49082903      0.23781402        0.70805138       1.7244734   2.0770592e-09      0.25762729      0.78773996      0.72999213       147.98269       37.038887       2864.1428       1421.2464       13.398367        10.450032         2.9483353        4362.814                 21.375844                 395.89978                           2420.9861                      25.881171                1.9508815              6.4433653                          28.64464                                 40.116243             1421.2464      0.26960059
              2       2193.3395       3.0335382      0.96789885     0.022923188      0.11249216     0.056453362         1.7660332      0.99960899      0.99957057      0.99958781       69.249036     0.017504375       5.8392084       4.0412028       7.9282773       12.516741        17.557132        82.42531       287.81474        44.19013        28.39501       85.708447     0.083619509        0.11835536        0.47613722      0.22955225        0.73532117       1.6747022   2.0770592e-09      0.25762729      0.78773996      0.72999213       147.98269       37.038887        2861.766       1421.2464       13.120884         10.26528         2.8556042       4360.4371                 21.425225                 395.90552                           2419.2071                      25.228145                1.9508815              6.4433653                          28.64464                                 40.116243             1421.2464      0.26960059
              2       2194.1123       3.0335382      0.96789885     0.022923188      0.11249216     0.056453362         1.7660332      0.99960899      0.99986426       0.9997649        69.00515      0.02570862       5.6941026       3.7838463       8.0862764       12.056952        17.030421       82.637801        285.0446       43.223302       29.526971        86.65753     0.072970321         0.1072404        0.48838535      0.24096814        0.72881867       1.8101427   2.0770592e-09      0.25762729      0.78773996      0.72999213       147.98269       37.038887       2862.4148       1421.2464       13.569302        10.911639         2.6576632        4361.086                 21.425225                 395.90552                           2419.8559                      25.228145                1.9508815              6.4433653                          28.64464                                 40.116243             1421.2464      0.26960059
              1       2193.6825       3.0335382      0.96789885     0.022923188      0.11249216     0.056453362         1.7660332      0.99960899       0.9999366      0.99954374       68.913094     0.023065868       5.6466051       3.8204293       8.4236226       11.570595        17.238044       83.366927       294.46163       43.306409       29.407491       86.962079     0.086197775       0.084078106        0.47294046      0.19834244         0.7257615       1.7871554   2.0770592e-09      0.25762729      0.78773996      0.72999213       147.98269       37.038887       2863.5968       1421.2464       12.548464        9.9055795         2.6428846        4362.268                 21.425225                 395.90552                           2421.0379                      25.228145                1.9508815              6.4433653                          28.64464                                 40.116243             1421.2464      0.26960059
              1       2193.4294       3.0335382      0.96789885     0.022923188      0.11249216     0.056453362         1.7660332      0.99960899      0.99982786      0.99964194        68.98269     0.032959871       5.5144531       4.1433687       8.3952131       11.359664        17.111647        83.26307       295.19699       43.400622        30.07766       87.170243      0.10385388       0.097225063        0.46921123      0.19966288        0.74240182       1.7335059   2.0770592e-09      0.25762729      0.78773996      0.72999213       147.98269       37.038887       2863.4762       1421.2464       12.355727        9.6705888         2.6851385       4362.1473                 21.425225                 395.90552                           2420.9173                      25.228145                1.9508815              6.4433653                          28.64464                                 40.116243             1421.2464      0.26960059
              2       2193.4139       3.0335382      0.96789885     0.022923188      0.11249216     0.056453362         1.7660332      0.99960899      0.99975929      0.99962514       68.829892     0.032787754        5.517906       4.0534032       8.4650317       11.344679        16.963468       83.135984       295.57657       43.206258       30.018793       87.185047     0.099131475         0.1070382        0.46572384      0.19473743        0.75081835       1.7386759   2.0770592e-09      0.25762729      0.78773996      0.72999213       147.98269       37.038887       2863.6479       1421.2464       12.254402        9.6013908         2.6530109       4362.3191                 21.425225                 395.90552                            2421.089                      25.228145                1.9508815              6.4433653                          28.64464                                 40.116243             1421.2464      0.26960059
              3       2193.5385       3.0335382      0.96789885     0.022923188      0.11249216     0.056453362         1.7660332      0.99960899      0.99975938      0.99963414       68.707375     0.047987233        5.594035       4.1207958       8.4993172       11.198341        17.109839       82.958674        295.3388        43.49532       30.021801       87.207853     0.077460849        0.10984132        0.48952048      0.19144599         0.7444361       1.7251679   2.0770592e-09      0.25762729      0.78773996      0.72999213       147.98269       37.038887       2862.7723       1421.2464       12.816754        10.090657         2.7260975       4361.4435                 21.425225                 395.90552                           2420.2134                      25.228145                1.9508815              6.4433653                          28.64464                                 40.116243             1421.2464      0.26960059
              2       2193.6826       3.0335382      0.96789885     0.022923188      0.11249216     0.056453362         1.7660332      0.99960899      0.99983035      0.99961041       68.440913     0.054780871       5.6328157       3.9847647       8.4750771       11.192828        16.902245       82.821647       293.03398       42.998246       29.462139       87.282422     0.091099326        0.12029043        0.46340483      0.18697956        0.73992398       1.7566148   2.0770592e-09      0.25762729      0.78773996      0.72999213       147.98269       37.038887       2864.4933       1421.2464       12.100325        9.4032799         2.6970451       4363.1645                 21.425225                 395.90552                           2421.9344                      25.228145                1.9508815              6.4433653                          28.64464                                 40.116243             1421.2464      0.26960059
              2       2195.1169       3.0335382      0.96789885     0.022923188      0.11249216     0.056453362         1.7660332      0.99960899      0.99979531      0.99974555       68.450719      0.05409519       5.7025147       4.0356988       8.1966568       11.286713        16.910995       82.516492       290.86023        42.55819       29.792394       87.591136     0.060294442        0.13009259        0.45008106       0.1855925        0.74359742       1.7661507   2.0770592e-09      0.25762729      0.78773996      0.72999213       147.98269       37.038887       2864.1757       1421.2464       13.693499        10.931861         2.7616379       4362.8469                 21.425225                 395.90552                           2421.6168                      25.228145                1.9508815              6.4433653                          28.64464                                 40.116243             1421.2464      0.26960059
              1       2193.9414       3.0335382      0.96789885     0.022923188      0.11249216     0.056453362         1.7660332      0.99960899      0.99983331      0.99973452       68.227148     0.056779425       5.7101094       4.1844106       8.6518349        11.49062        16.813271       82.416151       287.46183       42.116702       30.504325       87.987965     0.071054151         0.1338197        0.44462245      0.22876012        0.76100503        1.768427   2.0770592e-09      0.25762729      0.78773996      0.72999213       147.98269       37.038887       2862.2642       1421.2464       13.473691        10.645203         2.8284883       4360.9354                 21.425225                 395.90552                           2419.7053                      25.228145                1.9508815              6.4433653                          28.64464                                 40.116243             1421.2464      0.26960059
              4       2193.2268       3.0335382      0.96789885     0.022923188      0.11249216     0.056453362         1.7660332      0.99875147      0.99983331      0.99973452       68.227148     0.056779425       5.7101094       4.1844106       8.6518349        11.49062        16.813271       82.416151       287.46183       42.116702       30.504325       87.987965     0.071054151         0.1338197        0.44462245      0.22876012        0.76100503        1.768427   2.0770592e-09      0.25762729      0.78773996      0.72999213       147.98269       37.038887       2860.6101       1421.2464       13.586166        10.757678         2.8284883       4359.2813                 21.516846                 395.89322                           2419.1321                      24.067924                1.9508815              6.4433653                          28.64464                                 40.116243             1421.2464      0.26960059
              2       2193.2845       3.0335382      0.96789885     0.022923188      0.11249216     0.056453362         1.7660332      0.99875147      0.99983327      0.99973202        68.22834     0.056894161       5.7087229       4.1836061       8.6679537       11.500526        16.800274       82.423506       287.32213       42.122696       30.502573       88.008712     0.070962523        0.13453864        0.44362744      0.22866089        0.76178097       1.7659473   2.0770592e-09      0.25762729      0.78773996      0.72999213       147.98269       37.038887       2860.7105       1421.2464       13.593662        10.766456         2.8272056       4359.3817                 21.516846                 395.89322                           2419.2325                      24.067924                1.9508815              6.4433653                          28.64464                                 40.116243             1421.2464      0.26960059
              1       2191.6629       3.0335382      0.96789885     0.022923188      0.11249216     0.056453362         1.7660332      0.99875147       0.9999451      0.99941504       67.473417     0.025923925        5.572661       4.1007613       8.8949093       11.774819        16.404672        81.75928       294.08043       41.366237        29.87496       87.660891      0.11295136        0.14313965        0.48190075      0.27174372        0.70438879       1.7190535   2.0770592e-09      0.25762729      0.78773996      0.72999213       147.98269       37.038887       2861.3664       1421.2464       11.644111          8.93937         2.7047409       4360.0376                 21.516846                 395.89322                           2419.8884                      24.067924                1.9508815              6.4433653                          28.64464                                 40.116243             1421.2464      0.26960059
              6       2192.5443       3.0335382      0.96789885     0.022923188      0.11249216     0.056453362         1.7660332      0.99875147       1.0000104       0.9995039       67.629972     0.021797165       5.5116515       4.5735177       8.7620337       11.751326        15.862656       81.278484       296.13418       41.379082       30.021117       86.451639      0.12777896         0.1630662        0.43549952      0.27001992        0.69877317       1.7084879   2.0770592e-09      0.25762729      0.78773996      0.72999213       147.98269       37.038887        2861.659       1421.2464        12.37919        9.5200335         2.8591569       4360.3302                 21.516846                 395.89322                            2420.181                      24.067924                1.9508815              6.4433653                          28.64464                                 40.116243             1421.2464      0.26960059
              1       2194.9543       3.0335382      0.96789885     0.022923188      0.11249216     0.056453362         1.7660332      0.99875147       1.0000838      0.99947368       67.398561     0.027439641       5.3764372       4.8884535       8.8592416       11.767288         15.39102       80.505708       291.49306        41.54964       29.893938       85.785709      0.10155146        0.18375891        0.40595381       0.2287681         0.7203434       1.7556247   2.0770592e-09      0.25762729      0.78773996      0.72999213       147.98269       37.038887       2864.9879       1421.2464       13.124822        10.222487         2.9023347        4363.659                 21.516846                 395.89322                           2423.5099                      24.067924                1.9508815              6.4433653                          28.64464                                 40.116243             1421.2464      0.26960059
              1       2193.8878       3.0335382      0.96789885     0.022923188      0.11249216     0.056453362         1.7660332      0.99875147       1.0000912      0.99945888       67.344908     0.019922276       5.4141553       4.7791148       8.8753191       11.810876        15.207715       80.204792       292.45995       41.750748        29.44416       85.560347       0.1203608        0.17096563         0.3953767      0.23416329        0.71047565       1.7581244   2.0770592e-09      0.25762729      0.78773996      0.72999213       147.98269       37.038887       2864.1139       1421.2464       12.495286        9.6145412         2.8807452       4362.7851                 21.516846                 395.89322                           2422.6359                      24.067924                1.9508815              6.4433653                          28.64464                                 40.116243             1421.2464      0.26960059
              1       2196.0213       3.0335382      0.96789885     0.022923188      0.11249216     0.056453362         1.7660332      0.99875147       1.0000824      0.99955277       67.610264     0.025671921       5.1859946       3.8948385       9.2476381       11.882495        15.955499       81.354254       287.28666       43.253825       29.666659       86.006349      0.11143645        0.18681601        0.38290775      0.22442026        0.72144792       1.7118081   2.0770592e-09      0.25762729      0.78773996      0.72999213       147.98269       37.038887       2867.1402       1421.2464       13.115628        10.695345          2.420283       4365.8114                 21.516846                 395.89322                           2425.6622                      24.067924                1.9508815              6.4433653                          28.64464                                 40.116243             1421.2464      0.26960059
              3       2196.0061       3.0335382      0.96789885     0.022923188      0.11249216     0.056453362         1.7660332      0.99875147       0.9999393       0.9993645       67.244671     0.026489132       5.3312085       3.9727033       9.6214555       11.700613        16.135647       80.763464       292.72289       44.562758       29.486519        87.08558       0.1444097        0.17412151        0.38600459      0.24191304        0.80166648       1.6501748   2.0770592e-09      0.25762729      0.78773996      0.72999213       147.98269       37.038887       2867.4375       1421.2464       12.951779        10.433349         2.5184301       4366.1086                 21.516846                 395.89322                           2425.9595                      24.067924                1.9508815              6.4433653                          28.64464                                 40.116243             1421.2464      0.26960059
              1       2196.5275       3.0335382      0.96789885     0.022923188      0.11249216     0.056453362         1.7660332      0.99875147      0.99999353      0.99949666       67.235045     0.051471255       5.5312145       3.9314079       9.4982096       11.617972         16.28739       81.289781       295.82934       44.449154       29.441685       87.092892      0.12410199        0.16259432        0.38911473      0.26397958        0.82248631        1.685337   2.0770592e-09      0.25762729      0.78773996      0.72999213       147.98269       37.038887       2867.5182       1421.2464       13.432794        10.817062         2.6157322       4366.1894                 21.516846                 395.89322                           2426.0402                      24.067924                1.9508815              6.4433653                          28.64464                                 40.116243             1421.2464      0.26960059
              1       2194.0772       3.0335382      0.96789885     0.022923188      0.11249216     0.056453362         1.7660332      0.99875147      0.99982535      0.99902066       66.988163     0.076391771       5.5985438       4.2844499       9.2708025       12.093807         16.94232       82.567745       291.00658       44.575832       29.119379       87.060451     0.098660618        0.14418145        0.41194699      0.25673807        0.80869578        1.702308   2.0770592e-09      0.25762729      0.78773996      0.72999213       147.98269       37.038887       2865.8288       1421.2464       11.827179         9.031658          2.795521          4364.5                 21.516846                 395.89322                           2424.3508                      24.067924                1.9508815              6.4433653                          28.64464                                 40.116243             1421.2464      0.26960059
              1       2192.8095       3.0335382      0.96789885     0.022923188      0.11249216     0.056453362         1.7660332      0.99875147      0.99989011      0.99890379       67.144419     0.074623443        5.522492       4.3413174       9.4639884       11.526801        17.227268       82.644634       287.65565       44.155067       28.581741       87.350301      0.10912888        0.14218235        0.39420944      0.28603877        0.79561299       1.7669345   2.0770592e-09      0.25762729      0.78773996      0.72999213       147.98269       37.038887        2864.091       1421.2464       11.428401        8.6595966         2.7688047       4362.7622                 21.516846                 395.89322                            2422.613                      24.067924                1.9508815              6.4433653                          28.64464                                 40.116243             1421.2464      0.26960059
              4       2192.8899       3.0335382      0.96789885     0.022923188      0.11249216     0.056453362         1.7660332      0.99875147      0.99973875      0.99898054       67.387125     0.081220739       5.5895831       4.4309753         9.43159       11.414523        17.206129       82.396214       282.08922       44.274917       28.538905       87.591282      0.09792955        0.14640552        0.41302551      0.28077267        0.80138089       1.7682301   2.0770592e-09      0.25762729      0.78773996      0.72999213       147.98269       37.038887       2863.4063       1421.2464       11.851137        8.9996825         2.8514544       4362.0775                 21.516846                 395.89322                           2421.9283                      24.067924                1.9508815              6.4433653                          28.64464                                 40.116243             1421.2464      0.26960059
              2       2192.3837       3.0335382      0.96789885     0.022923188      0.11249216     0.056453362         1.7660332      0.99900975      0.99975209      0.99901181       67.390631     0.088630081        5.625993       4.5748906       9.4887565        11.46507         17.37375       82.315301       281.11374       43.950387       28.502546        87.64273      0.08731942        0.14608112        0.41444822      0.27756506        0.80110864       1.7928064   2.0770592e-09      0.25762729      0.78773996      0.72999213       147.98269       37.038887       2861.8699       1421.2464       12.113205        9.1724498         2.9407556       4360.5411                 21.489008                 395.89825                           2420.0694                      24.413211                1.9508815              6.4433653                          28.64464                                 40.116243             1421.2464      0.26960059
              2       2190.7649        3.031627      0.96868177     0.022951463      0.11249714     0.056069746         1.7767889      0.99900975      0.99973988      0.99900581       67.470122      0.08551008       5.5885612       4.6520233       9.5177607       11.483285        17.233892       82.205436       279.26988       44.236458       28.748616       87.468069     0.082088085        0.15098087        0.41097132      0.28184946        0.79747358       1.8025211   2.0730935e-09      0.25769054      0.78707297      0.72946357       147.95089       36.794298        2858.705       1421.2133       12.374949        9.4263675         2.9485816       4356.7798                  21.32209                 395.83122                           2415.9857                      25.566051                1.9370708               6.428521                         28.428707                                  39.79765             1421.2133      0.26960059
              4       2190.4995        3.031627      0.96868177     0.022951463      0.11249714     0.056069746         1.7767889      0.99900975      0.99979292      0.99897323       67.634342      0.08024409       5.6858523       4.7245355       9.5396933       11.346916          17.1071       81.866537       278.30418       44.235894       28.525553       87.371648        0.101302        0.13760051        0.41153311      0.27726127        0.79370189       1.8130751   2.0730935e-09      0.25769054      0.78707297      0.72946357       147.95089       36.794298       2859.5785       1421.2133       11.672777        8.6175139         3.0552626       4357.6534                  21.32209                 395.83122                           2416.8592                      25.566051                1.9370708               6.428521                         28.428707                                  39.79765             1421.2133      0.26960059
              1       2191.0028        3.031627      0.96868177     0.022951463      0.11249714     0.056069746         1.7767889      0.99900975      0.99977579      0.99896346       67.660021     0.088314291       5.7139821       4.6980808       9.5822971       11.361098        17.094455       81.894414       278.23954       44.219989       28.573197       87.552758      0.10698337        0.14620393        0.41138312      0.27869978        0.79427779       1.7820587   2.0730935e-09      0.25769054      0.78707297      0.72946357       147.95089       36.794298       2860.4768       1421.2133       11.726988        8.6627968         3.0641911       4358.5516                  21.32209                 395.83122                           2417.7574                      25.566051                1.9370708               6.428521                         28.428707                                  39.79765             1421.2133      0.26960059
              1       2194.3768        3.031627      0.96868177     0.022951463      0.11249714     0.056069746         1.7767889      0.99900975      0.99996977      0.99899731       67.561726     0.077909297       5.5253476       4.7756148       9.5895367       11.383267         16.77906        82.02612       279.25202       44.811542       28.587809       88.029601       0.1018882        0.12550863        0.43165188      0.32708748        0.80335017        1.731711   2.0730935e-09      0.25769054      0.78707297      0.72946357       147.95089       36.794298       2865.6182       1421.2133       12.530328        9.5715066          2.958821        4363.693                  21.32209                 395.83122                           2422.8988                      25.566051                1.9370708               6.428521                         28.428707                                  39.79765             1421.2133      0.26960059
              1       2195.2763        3.031627      0.96868177     0.022951463      0.11249714     0.056069746         1.7767889      0.99900975      0.99998193      0.99893324       67.057579     0.077266233        5.472131       4.8995572       9.5471665       11.361406        16.537294       82.608706       282.53151       45.584792       28.212199       89.078331       0.1262613        0.12178023        0.41693154      0.28990349        0.77393639       1.7519087   2.0730935e-09      0.25769054      0.78707297      0.72946357       147.95089       36.794298       2870.1547       1421.2133        11.16157        8.1849224          2.976648       4368.2295                  21.32209                 395.83122                           2427.4354                      25.566051                1.9370708               6.428521                         28.428707                                  39.79765             1421.2133      0.26960059
              1       2193.4292        3.031627      0.96868177     0.022951463      0.11249714     0.056069746         1.7767889      0.99900975       1.0002037      0.99867564       66.154578     0.041254541       5.7853801       5.4654405          9.6315       11.238689        16.678637        83.44939       278.35066       43.950107       27.541955       88.123062      0.10946709        0.16058508        0.46901741      0.27600108        0.81897022       1.6976805   2.0730935e-09      0.25769054      0.78707297      0.72946357       147.95089       36.794298       2864.8937       1421.2133       11.944933        8.4123942         3.5325392       4362.9685                  21.32209                 395.83122                           2422.1743                      25.566051                1.9370708               6.428521                         28.428707                                  39.79765             1421.2133      0.26960059
              1       2193.4686        3.031627      0.96868177     0.022951463      0.11249714     0.056069746         1.7767889      0.99900975       1.0001403      0.99874386       66.027513     0.046950655       5.7995932       5.5243996         9.70183       11.154401         16.60428       83.635133        277.9682         44.0489       27.702327       87.903155      0.11219946        0.15629191        0.47026181      0.28169356        0.81927361       1.6992201   2.0730935e-09      0.25769054      0.78707297      0.72946357       147.95089       36.794298       2864.7179       1421.2133        12.07227        8.4919553         3.5803148       4362.7927                  21.32209                 395.83122                           2421.9985                      25.566051                1.9370708               6.428521                         28.428707                                  39.79765             1421.2133      0.26960059
              4       2194.3669        3.031627      0.96868177     0.022951463      0.11249714     0.056069746         1.7767889      0.99900975      0.99990797      0.99865157       66.549077     0.025884776       5.7203018       5.2250415       9.7592281       11.242712        17.386031       82.583193       281.50756       42.534926       27.573111       87.846295     0.069750277        0.16846756        0.49331082      0.25197102         0.8729607       1.6545829   2.0730935e-09      0.25769054      0.78707297      0.72946357       147.95089       36.794298       2863.0745       1421.2133       13.792228        10.452997          3.339231       4361.1493                  21.32209                 395.83122                           2420.3551                      25.566051                1.9370708               6.428521                         28.428707                                  39.79765             1421.2133      0.26960059
              1        2194.203        3.031627      0.96868177     0.022951463      0.11249714     0.056069746         1.7767889      0.99900975      0.99987571      0.99865379       66.629902     0.029498131       5.7341702       5.2122404       9.8239318       11.193414        17.393726       82.603121       281.24559       42.430001       27.509694        88.09056     0.073516558        0.17188812        0.48887226      0.25546958        0.86816992       1.6586096   2.0730935e-09      0.25769054      0.78707297      0.72946357       147.95089       36.794298       2862.8981       1421.2133        13.71656        10.372236         3.3443239       4360.9729                  21.32209                 395.83122                           2420.1788                      25.566051                1.9370708               6.428521                         28.428707                                  39.79765             1421.2133      0.26960059
              2       2194.0003        3.031627      0.96868177     0.022951463      0.11249714     0.056069746         1.7767889      0.99900975      0.99988729       0.9986852       66.543659     0.032338056       5.8270311       5.2558771       9.7864748       11.249558        17.649753        82.55528        282.1684       42.451896       27.567032       88.263559     0.080163555        0.17186206        0.48778704      0.25745301        0.87721212       1.6831117   2.0730935e-09      0.25769054      0.78707297      0.72946357       147.95089       36.794298       2862.2571       1421.2133       13.834346        10.383599         3.4507469       4360.3319                  21.32209                 395.83122                           2419.5377                      25.566051                1.9370708               6.428521                         28.428707                                  39.79765             1421.2133      0.26960059
              4       2194.3801        3.031627      0.96868177     0.022951463      0.11249714     0.056069746         1.7767889      0.99900975      0.99986963      0.99862978       66.415435     0.064386889        5.928702       5.1844887       9.5690209       11.347523        17.450715       83.089574       286.45039       42.173817       27.581521       88.773967     0.074258262        0.17829385        0.50245717      0.27243854        0.84912385       1.6996547   2.0730935e-09      0.25769054      0.78707297      0.72946357       147.95089       36.794298       2863.0893       1421.2133       13.798074        10.295348         3.5027263       4361.1641                  21.32209                 395.83122                           2420.3699                      25.566051                1.9370708               6.428521                         28.428707                                  39.79765             1421.2133      0.26960059
              1        2194.134        3.031627      0.96868177     0.022951463      0.11249714     0.056069746         1.7767889      0.99900975      0.99982269      0.99859952       66.475901     0.055746203       5.9942548       5.0309442       9.5287332       11.246764        17.199458       83.085302       281.33066       42.280559       27.406557       88.817098     0.075108316        0.17498095        0.50132713        0.271906         0.8284534       1.6907771   2.0730935e-09      0.25769054      0.78707297      0.72946357       147.95089       36.794298       2863.7382       1421.2133       13.227441        9.7525381         3.4749031        4361.813                  21.32209                 395.83122                           2421.0189                      25.566051                1.9370708               6.428521                         28.428707                                  39.79765             1421.2133      0.26960059
              1       2192.1952        3.031627      0.96868177     0.022951463      0.11249714     0.056069746         1.7767889      0.99900975       0.9996304      0.99857736       66.818992     0.045838626       6.4188442       5.2470147       9.6392718       10.758719        17.801314       82.829515       290.19775       41.019076       27.421784         88.6808      0.12721453        0.14549976        0.48096805      0.25428245        0.80135592       1.6162817   2.0730935e-09      0.25769054      0.78707297      0.72946357       147.95089       36.794298       2862.8777       1421.2133       11.718981        7.6899706         4.0290107       4360.9525                  21.32209                 395.83122                           2420.1584                      25.566051                1.9370708               6.428521                         28.428707                                  39.79765             1421.2133      0.26960059
              1       2192.1585        3.031627      0.96868177     0.022951463      0.11249714     0.056069746         1.7767889      0.99917675       0.9996304      0.99857736       66.818992     0.045838626       6.4188442       5.2470147       9.6392718       10.758719        17.801314       82.829515       290.19775       41.019076       27.421784         88.6808      0.12721453        0.14549976        0.48096805      0.25428245        0.80135592       1.6162817   2.0730935e-09      0.25769054      0.78707297      0.72946357       147.95089       36.794298       2862.8526       1421.2133       11.694753         7.665742         4.0290107       4360.9275                 21.304986                 395.82286                           2419.9256                      25.799206                1.9370708               6.428521                         28.428707                                  39.79765             1421.2133      0.26960059
              1       2192.4027        3.031627      0.96868177     0.022951463      0.11249714     0.056069746         1.7767889      0.99917675      0.99961156      0.99864155       66.801684     0.039535974       6.4579802       5.2305482       9.6761366       10.622553        17.908107       83.177771       291.75183       41.005772       27.366381       88.811075      0.12675663        0.14908126        0.48381166      0.25141895        0.80169447       1.6215326   2.0730935e-09      0.25769054      0.78707297      0.72946357       147.95089       36.794298       2863.0234       1421.2133       11.853571        7.7935863         4.0599846       4361.0982                 21.304986                 395.82286                           2420.0964                      25.799206                1.9370708               6.428521                         28.428707                                  39.79765             1421.2133      0.26960059
              3       2192.4977       3.0298086      0.96812358     0.022962998      0.11281588     0.054222731         1.7455699      0.99917675      0.99961156      0.99864155       66.801684     0.039535974       6.4579802       5.2305482       9.6761366       10.622553        17.908107       83.177771       291.75183       41.005772       27.366381       88.811075      0.12675663        0.14908126        0.48381166      0.25141895        0.80169447       1.6215326   2.0693271e-09      0.25831888      0.78754353      0.73078903       147.84471       36.190544       2864.7197       1420.8854       11.853571        7.7935863         4.0599846       4361.2882                 21.368546                 395.68771                           2422.5571                      25.106381                1.8942374              6.3832805                         27.913026                                  39.22288             1420.8854      0.26960059
              2       2194.7531       3.0298086      0.96812358     0.022962998      0.11281588     0.054222731         1.7455699      0.99917675      0.99964293      0.99862151       66.860172     0.042648128       6.7120644        5.428215       9.7179741       10.516655        17.679075        82.94088       286.58969       41.545945       27.362119       90.457517      0.12713272        0.11654033        0.50434141      0.22559553        0.78530321       1.5797365   2.0693271e-09      0.25831888      0.78754353      0.73078903       147.84471       36.190544       2869.0389       1420.8854       11.949365         7.462048         4.4873173       4365.6074                 21.368546                 395.68771                           2426.8763                      25.106381                1.8942374              6.3832805                         27.913026                                  39.22288             1420.8854      0.26960059
              1       2194.7886       3.0298086      0.96812358     0.022962998      0.11281588     0.054222731         1.7455699      0.99917675      0.99964249      0.99862229       66.858556     0.043158258       6.7155972        5.429217       9.7090869       10.514258         17.67281       82.939897       286.64736       41.524912       27.377154       90.449493      0.12714675        0.11622703        0.50428822      0.22493191        0.78602462       1.5799897   2.0693271e-09      0.25831888      0.78754353      0.73078903       147.84471       36.190544       2869.0831       1420.8854       11.962805        7.4705557         4.4922497       4365.6516                 21.368546                 395.68771                           2426.9205                      25.106381                1.8942374              6.3832805                         27.913026                                  39.22288             1420.8854      0.26960059
              1       2193.7428       3.0298086      0.96812358     0.022962998      0.11281588     0.054222731         1.7455699      0.99917675      0.99997389      0.99848506       66.937509     0.061063846       6.5124891       5.3908642       10.027403       9.6167697        18.459368       82.262332        285.3711       42.881709       29.213609       90.429345      0.13657543         0.1071272        0.50731669      0.21734511        0.78333306        1.710155   2.0693271e-09      0.25831888      0.78754353      0.73078903       147.84471       36.190544       2868.0724       1420.8854       11.422375        7.1922249           4.23015       4364.6408                 21.368546                 395.68771                           2425.9097                      25.106381                1.8942374              6.3832805                         27.913026                                  39.22288             1420.8854      0.26960059
              1       2193.8357       3.0298086      0.96812358     0.022962998      0.11281588     0.054222731         1.7455699      0.99977617      0.99997389      0.99848506       66.937509     0.061063846       6.5124891       5.3908642       10.027403       9.6167697        18.459368       82.262332        285.3711       42.881709       29.213609       90.429345      0.13657543         0.1071272        0.50731669      0.21734511        0.78333306        1.710155   2.0693271e-09      0.25831888      0.78754353      0.73078903       147.84471       36.190544       2868.3585       1420.8854       11.372164        7.1420142           4.23015        4364.927                 21.306737                 395.68662                           2425.4259                      25.939223                1.8942374              6.3832805                         27.913026                                  39.22288             1420.8854      0.26960059
              3       2192.2667       3.0298086      0.96812358     0.022962998      0.11281588     0.054222731         1.7455699      0.99977617      0.99985089      0.99863109       67.042071    0.0025421591       6.2563717       5.4915234       9.4410186       8.8268557        18.300035       83.069414       288.80269        43.52348       27.764286        90.02546      0.14619608        0.13188426        0.49311455      0.24181001        0.71758943       1.7064899   2.0693271e-09      0.25831888      0.78754353      0.73078903       147.84471       36.190544       2866.1311       1420.8854       10.916885         6.898189         4.0186963       4362.6996                 21.306737                 395.68662                           2423.1985                      25.939223                1.8942374              6.3832805                         27.913026                                  39.22288             1420.8854      0.26960059
              1       2192.4314       3.0298086      0.96812358     0.022962998      0.11281588     0.054222731         1.7455699      0.99988772      0.99984898      0.99864288       67.043646    0.0037876716       6.2615478       5.4213183       9.4295619       8.8404595        18.190924       83.072637       289.43702       43.445702       27.861088       90.129675      0.14369286        0.12804689        0.49547056      0.24938443        0.71128379       1.6973562   2.0693271e-09      0.25831888      0.78754353      0.73078903       147.84471       36.190544        2866.447       1420.8854       10.923651        6.9460359         3.9776153       4363.0155                 21.295365                 395.68662                           2423.3687                      26.096331                1.8942374              6.3832805                         27.913026                                  39.22288             1420.8854      0.26960059
              3       2192.4128       3.0298086      0.96812358     0.022962998      0.11281588     0.054222731         1.7455699      0.99988772      0.99982334      0.99868096       67.056632      0.02113021       6.2538232       5.5096472       9.3634014        8.784614        18.186089       83.056994       288.27504       43.455901       27.866652       90.316486      0.13999724        0.12889251        0.48974432      0.24663873        0.71179796       1.6777944   2.0693271e-09      0.25831888      0.78754353      0.73078903       147.84471       36.190544       2866.2405       1420.8854       11.008368        6.9802943         4.0280741       4362.8089                 21.295365                 395.68662                           2423.1622                      26.096331                1.8942374              6.3832805                         27.913026                                  39.22288             1420.8854      0.26960059
              1       2193.1374       3.0298086      0.96812358     0.022962998      0.11281588     0.054222731         1.7455699      0.99988772      0.99998289      0.99839925       66.600087     0.026273479       6.9121879       5.1398399       9.2087847       9.5769007        18.785955       84.065919          293.03       44.072103        27.80974       89.580592      0.15734396        0.10639874        0.48439957      0.23393882        0.70963303       1.6147384   2.0693271e-09      0.25831888      0.78754353      0.73078903       147.84471       36.190544        2867.599       1420.8854       11.053652         6.542703         4.5109488       4364.1674                 21.295365                 395.68662                           2424.5207                      26.096331                1.8942374              6.3832805                         27.913026                                  39.22288             1420.8854      0.26960059
              3       2193.2294       3.0298086      0.96812358     0.022962998      0.11281588     0.054222731         1.7455699      0.99988772      0.99990175      0.99820539       67.518215     0.025089993       6.9372222       5.6092219       9.2787488       10.548034        19.439751       82.878006       289.87877       41.115952       28.322929       89.033261      0.10313127       0.093598016        0.42756474      0.23483874        0.71561612       1.7073764   2.0693271e-09      0.25831888      0.78754353      0.73078903       147.84471       36.190544       2866.9084       1420.8854       11.490965        6.5863878         4.9045771       4363.4768                 21.295365                 395.68662                             2423.83                      26.096331                1.8942374              6.3832805                         27.913026                                  39.22288             1420.8854      0.26960059
              2       2194.9192       3.0298086      0.96812358     0.022962998      0.11281588     0.054222731         1.7455699      0.99988772      0.99988425      0.99815837       67.377655     0.017839304       6.7810899       5.3225455        9.427563       10.814376        19.332978        82.96946       287.50619       40.553366       28.687712       89.455279       0.1208542       0.084675267        0.44949038      0.24696986         0.7250306       1.6914909   2.0693271e-09      0.25831888      0.78754353      0.73078903       147.84471       36.190544       2870.7082       1420.8854       11.280857        6.7900034         4.4908533       4367.2767                 21.295365                 395.68662                           2427.6299                      26.096331                1.8942374              6.3832805                         27.913026                                  39.22288             1420.8854      0.26960059
              1       2193.7203       3.0298086      0.96812358     0.022962998      0.11281588     0.054222731         1.7455699      0.99941429       1.0004932      0.99816403       66.853712   0.00044520242       6.7838035       5.7358905         8.95113       10.854617        18.186239        83.38621       297.79973       37.629916         29.0933       88.720361       0.1036698        0.17422457        0.50277729      0.23953113        0.76217814       1.7473755   2.0693271e-09      0.25831888      0.78754353      0.73078903       147.84471       36.190544       2866.8616       1420.8854       12.005278        7.1950736         4.8102042       4363.4301                 21.343914                 395.69024                           2424.3934                      25.434109                1.8942374              6.3832805                         27.913026                                  39.22288             1420.8854      0.26960059
              1       2191.8068       3.0298086      0.96812358     0.022962998      0.11281588     0.054222731         1.7455699      0.99941429       1.0004488      0.99814644       67.501444    0.0033111753       6.8123934       6.0690914       8.8668932       11.048944        17.248381       82.150901       293.21659       38.619838       28.828999       87.693925      0.12750665        0.17449934        0.52353631      0.26334726         0.7525772       1.7454193   2.0693271e-09      0.25831888      0.78754353      0.73078903       147.84471       36.190544       2862.0987       1420.8854       12.473189        7.3564843         5.1167051       4358.6672                 21.343914                 395.69024                           2419.6305                      25.434109                1.8942374              6.3832805                         27.913026                                  39.22288             1420.8854      0.26960059
              4       2192.0357       3.0298086      0.96812358     0.022962998      0.11281588     0.054222731         1.7455699      0.99941429       1.0003632      0.99807618       67.591942    0.0056323647       6.8474848       5.9902469       8.8553637       11.036921        17.226982       82.132412       291.92913       38.422017       29.095232       87.835588      0.13832604        0.17564758         0.5160905      0.25611617        0.75408106       1.7613402   2.0693271e-09      0.25831888      0.78754353      0.73078903       147.84471       36.190544       2862.8242       1420.8854       12.339391        7.2414943          5.097897       4359.3926                 21.343914                 395.69024                           2420.3559                      25.434109                1.8942374              6.3832805                         27.913026                                  39.22288             1420.8854      0.26960059
              1       2192.0843       3.0298086      0.96812358     0.022962998      0.11281588     0.054222731         1.7455699      0.99941429          1.0003      0.99807955       67.423949      0.02900064       6.8858308       6.1249636        8.153194        10.77379        16.975347       82.399822       285.39642       38.661283       29.145812       86.671892       0.0817035        0.15622533        0.42782995      0.24645152        0.75422626       1.6830535   2.0693271e-09      0.25831888      0.78754353      0.73078903       147.84471       36.190544       2862.7027       1420.8854       12.448702        7.1864491         5.2622531       4359.2712                 21.343914                 395.69024                           2420.2344                      25.434109                1.8942374              6.3832805                         27.913026                                  39.22288             1420.8854      0.26960059
              4       2191.9308       3.0298086      0.96812358     0.022962998      0.11281588     0.054222731         1.7455699      0.99973243          1.0003      0.99807955       67.423949      0.02900064       6.8858308       6.1249636        8.153194        10.77379        16.975347       82.399822       285.39642       38.661283       29.145812       86.671892       0.0817035        0.15622533        0.42782995      0.24645152        0.75422626       1.6830535   2.0693271e-09      0.25831888      0.78754353      0.73078903       147.84471       36.190544       2862.4392       1420.8854       12.426985        7.1647316         5.2622531       4359.0077                 21.311208                 395.68662                           2419.5636                      25.877803                1.8942374              6.3832805                         27.913026                                  39.22288             1420.8854      0.26960059
              2       2193.2949       3.0298086      0.96812358     0.022962998      0.11281588     0.054222731         1.7455699      0.99973243        1.000184      0.99849526       67.843479     0.017787096       6.6810973       6.6604761       8.6575736       11.208558        17.141669       82.188569       280.87115       39.338842       29.413173       86.145565       0.0164489        0.11474566        0.38926101      0.20616797        0.70008109       1.7376008   2.0693271e-09      0.25831888      0.78754353      0.73078903       147.84471       36.190544       2859.1016       1420.8854       15.459831        10.018606         5.4412252       4355.6701                 21.311208                 395.68662                            2416.226                      25.877803                1.8942374              6.3832805                         27.913026                                  39.22288             1420.8854      0.26960059
              1        2192.161       3.0298086      0.96812358     0.022962998      0.11281588     0.054222731         1.7455699      0.99973243       1.0001468      0.99837209       67.433246     0.027123664       6.3169499       6.7852319       8.7290068       11.193862        16.647928       82.658731       277.31547       38.857657       30.150702       85.673424     0.049564714        0.11380765        0.39208195      0.18753029        0.71541427       1.8827053   2.0693271e-09      0.25831888      0.78754353      0.73078903       147.84471       36.190544       2861.4152       1420.8854        13.16916        8.1156722         5.0534877       4357.9836                 21.311208                 395.68662                           2418.5395                      25.877803                1.8942374              6.3832805                         27.913026                                  39.22288             1420.8854      0.26960059
             11        2193.422       3.0298086      0.96812358     0.022962998      0.11281588     0.054222731         1.7455699      0.99973243       1.0002816      0.99836775       67.357418    0.0035202892       6.4299712       6.7879043       8.6867099       11.129748         16.67751       82.865737       280.47591       38.894365       29.464381       85.811356     0.042442012        0.13040929        0.39034388      0.16443128        0.69722942       1.9667319   2.0693271e-09      0.25831888      0.78754353      0.73078903       147.84471       36.190544        2862.965       1420.8854       13.655283        8.4491978         5.2060856       4359.5334                 21.311208                 395.68662                           2420.0893                      25.877803                1.8942374              6.3832805                         27.913026                                  39.22288             1420.8854      0.26960059
              1       2192.0134       3.0298086      0.96812358     0.022962998      0.11281588     0.054222731         1.7455699      0.99973243       1.0002404      0.99818152       67.083169    0.0022791896       6.1931209       7.0072368       9.1347162       11.022591        16.535737        83.36048        284.2709       42.243639       28.925825       85.967502     0.040245463        0.12875919        0.42987569      0.22327692         0.7350439       1.9965711   2.0693271e-09      0.25831888      0.78754353      0.73078903       147.84471       36.190544       2860.8831       1420.8854       13.287589        8.2144563         5.0731325       4357.4516                 21.311208                 395.68662                           2418.0075                      25.877803                1.8942374              6.3832805                         27.913026                                  39.22288             1420.8854      0.26960059
              1       2192.9004       3.0298086      0.96812358     0.022962998      0.11281588     0.054222731         1.7455699      0.99973243       1.0000171      0.99886302       67.115883     0.089097345       6.1989867       7.7415744        9.272485       10.395532        17.003948       82.551992       265.68114       40.946233        28.34793       85.876603      0.02705989        0.15707615        0.57502214       0.2475203        0.75816457        2.238612   2.0693271e-09      0.25831888      0.78754353      0.73078903       147.84471       36.190544       2855.4122       1420.8854       16.910109          11.1934         5.7167083       4351.9807                 21.311208                 395.68662                           2412.5366                      25.877803                1.8942374              6.3832805                         27.913026                                  39.22288             1420.8854      0.26960059
              2       2194.6669       3.0298086      0.96812358     0.022962998      0.11281588     0.054222731         1.7455699      0.99973243        1.000172        0.998764       67.029186      0.13399229       5.9006924       7.6402612       9.2063781       10.161005        16.277132       82.261895       265.49161        40.43123       27.228514       85.527842     0.012993097       0.090492497        0.55647264      0.21210133        0.76987506       2.2880689   2.0693271e-09      0.25831888      0.78754353      0.73078903       147.84471       36.190544       2858.2923       1420.8854       17.236507        12.025781         5.2107262       4354.8608                 21.311208                 395.68662                           2415.4167                      25.877803                1.8942374              6.3832805                         27.913026                                  39.22288             1420.8854      0.26960059
              5       2193.8086       3.0298086      0.96812358     0.022962998      0.11281588     0.054222731         1.7455699      0.99973243       1.0001685      0.99878274       67.023861      0.13627956       5.8712488       7.6009831       9.1747666       10.144654         16.42197       82.129838       266.57937        40.48014       27.163273       85.575212     0.018084688       0.086901468        0.55777701      0.21513115        0.76439094       2.2821448   2.0693271e-09      0.25831888      0.78754353      0.73078903       147.84471       36.190544       2857.1951       1420.8854       16.926779         11.78841         5.1383698       4353.7636                 21.311208                 395.68662                           2414.3195                      25.877803                1.8942374              6.3832805                         27.913026                                  39.22288             1420.8854      0.26960059
              1       2193.2206       3.0298086      0.96812358     0.022962998      0.11281588     0.054222731         1.7455699      0.99973243      0.99971887      0.99877367       67.066524      0.12994061       5.8528742       7.5015176       9.9616919       9.6324658        16.510496       81.653635       275.22417       40.572395       26.886707       84.677547    0.0061886381        0.10601444        0.48618303      0.22086476        0.77374156       2.2774191   2.0693271e-09      0.25831888      0.78754353      0.73078903       147.84471       36.190544       2855.5225       1420.8854       17.175076          12.1431         5.0319769        4352.091                 21.311208                 395.68662                           2412.6469                      25.877803                1.8942374              6.3832805                         27.913026                                  39.22288             1420.8854      0.26960059
              1       2193.0024       3.0298086      0.96812358     0.022962998      0.11281588     0.054222731         1.7455699      0.99973243      0.99971723      0.99947812       70.136155      0.28542626       5.3745835       7.7825571       10.420511       11.376665        18.208839       81.010783       277.17827       37.301932       26.857283       81.401705      0.06925587        0.11418829        0.48372932       0.2282468        0.73515426       2.2863388   2.0693271e-09      0.25831888      0.78754353      0.73078903       147.84471       36.190544       2859.6422       1420.8854       14.897105         10.24842         4.6486853       4356.2107                 21.311208                 395.68662                           2416.7666                      25.877803                1.8942374              6.3832805                         27.913026                                  39.22288             1420.8854      0.26960059
              1       2193.0338       3.0298086      0.96812358     0.022962998      0.11281588     0.054222731         1.7455699      0.99976024      0.99971723      0.99947812       70.136155      0.28542626       5.3745835       7.7825571       10.420511       11.376665        18.208839       81.010783       277.17827       37.301932       26.857283       81.401705      0.06925587        0.11418829        0.48372932       0.2282468        0.73515426       2.2863388   2.0693271e-09      0.25831888      0.78754353      0.73078903       147.84471       36.190544       2859.7071       1420.8854       14.895976        10.247291         4.6486853       4356.2756                 21.308365                 395.68662                           2416.7953                      25.916835                1.8942374              6.3832805                         27.913026                                  39.22288             1420.8854      0.26960059
              1       2192.9966       3.0298086      0.96812358     0.022962998      0.11281588     0.054222731         1.7455699      0.99976024      0.99971823      0.99946955       70.140784      0.28550912       5.3780222       7.7886601       10.430604       11.378257        18.223133       81.021457       276.99164       37.321912       26.790119       81.407638     0.071561019        0.11371255        0.48377619      0.22871325        0.73608053        2.284533   2.0693271e-09      0.25831888      0.78754353      0.73078903       147.84471       36.190544       2859.8013       1420.8854       14.811725        10.154158         4.6575665       4356.3697                 21.308365                 395.68662                           2416.8894                      25.916835                1.8942374              6.3832805                         27.913026                                  39.22288             1420.8854      0.26960059
              4        2193.083       3.0298086      0.96812358     0.022962998      0.11281588     0.054222731         1.7455699      0.99976024       0.9996292      0.99939844       69.786791      0.29252133       5.4716342        7.759779       10.419909        11.26172        18.237654       80.847422       278.19986       37.018652       26.320357       80.869372     0.077869657        0.12008946        0.48705825      0.22634663        0.73476365       2.3251034   2.0693271e-09      0.25831888      0.78754353      0.73078903       147.84471       36.190544       2860.5413       1420.8854       14.528087        9.7771074         4.7509797       4357.1098                 21.308365                 395.68662                           2417.6295                      25.916835                1.8942374              6.3832805                         27.913026                                  39.22288             1420.8854      0.26960059
              2       2194.6134       3.0298086      0.96812358     0.022962998      0.11281588     0.054222731         1.7455699      0.99976024      0.99965042      0.99942688       69.680474      0.32036755       5.4631401       7.5663474       10.352428       10.712541        17.971114       80.345814       278.68181        37.01907       26.708269       81.387129     0.077450462        0.14855039        0.49045393      0.23591799        0.73131771       2.2785078   2.0693271e-09      0.25831888      0.78754353      0.73078903       147.84471       36.190544       2863.7087       1420.8854        14.47486         9.882848         4.5920123       4360.2772                 21.308365                 395.68662                           2420.7969                      25.916835                1.8942374              6.3832805                         27.913026                                  39.22288             1420.8854      0.26960059
              3       2194.1495       3.0298086      0.96812358     0.022962998      0.11281588     0.054222731         1.7455699      0.99976024       0.9996677      0.99945786       69.562482      0.31620627       5.6452908       7.6434079       10.254407       10.584928        17.616246       80.348617       272.46428       36.974216       26.749057        81.35405     0.084020512        0.10522903         0.4979871      0.23287094        0.72061858       2.2543813   2.0693271e-09      0.25831888      0.78754353      0.73078903       147.84471       36.190544       2862.3499       1420.8854       14.690307        9.8120256         4.8782817       4358.9184                 21.308365                 395.68662                           2419.4381                      25.916835                1.8942374              6.3832805                         27.913026                                  39.22288             1420.8854      0.26960059
              1       2195.7547       3.0298086      0.96812358     0.022962998      0.11281588     0.054222731         1.7455699      0.99976024      0.99962532       0.9995843       69.493722      0.30576114       5.7251089       7.7892794       10.188853       10.591345        17.571489       80.280423       272.16868        37.55343       26.205466       81.272382      0.11052047       0.083273157        0.47438487      0.22581735        0.72411403       2.2448054   2.0693271e-09      0.25831888      0.78754353      0.73078903       147.84471       36.190544       2864.1594       1420.8854       15.390737        10.290166         5.1005708       4360.7278                 21.308365                 395.68662                           2421.2475                      25.916835                1.8942374              6.3832805                         27.913026                                  39.22288             1420.8854      0.26960059
              1       2194.8352       3.0298086      0.96812358     0.022962998      0.11281588     0.054222731         1.7455699      0.99976024       0.9995888      0.99950764       69.550928      0.27233877       5.7344671        7.922555       10.180178       10.664768        17.597168       80.461095       275.24167       37.424102       26.290784         81.5401      0.10648314       0.083733272        0.46883355      0.22230567        0.75253369       2.2690545   2.0693271e-09      0.25831888      0.78754353      0.73078903       147.84471       36.190544       2862.1292       1420.8854       15.486433        10.261933         5.2244998       4358.6976                 21.308365                 395.68662                           2419.2173                      25.916835                1.8942374              6.3832805                         27.913026                                  39.22288             1420.8854      0.26960059
              1       2194.2289       3.0298086      0.96812358     0.022962998      0.11281588     0.054222731         1.7455699      0.99976024      0.99948647      0.99948384        69.63666      0.28309192       5.7996844       7.9284168       10.113516       10.646462        17.445812       80.092688       275.31178       37.104629       26.361277       81.415543      0.10245782       0.097796166        0.45891099      0.20019345         0.7635243        2.233851   2.0693271e-09      0.25831888      0.78754353      0.73078903       147.84471       36.190544       2861.2926       1420.8854       15.298328        9.9801154         5.3182122       4357.8611                 21.308365                 395.68662                           2418.3808                      25.916835                1.8942374              6.3832805                         27.913026                                  39.22288             1420.8854      0.26960059
              2       2194.6316       3.0270146        0.968238      0.02297493      0.11297993     0.050975137         1.8306555       1.0004084      0.99948647      0.99948384        69.63666      0.28309192       5.7996844       7.9284168       10.113516       10.646462        17.445812       80.092688       275.31178       37.104629       26.361277       81.415543      0.10245782       0.097796166        0.45891099      0.20019345         0.7635243        2.233851   2.0635535e-09       0.2586537      0.78717018       0.7309158       147.79589       35.937023       2862.7171       1420.7121       15.307069        9.9888569         5.3182122       4358.6491                 21.381428                 395.69164                            2420.499                      25.145042                1.8750211               6.362856                         27.699146                                 39.013171             1420.7121      0.26960059
              1       2194.6715       3.0270146        0.968238      0.02297493      0.11297993     0.050975137         1.8306555       1.0004084      0.99937164       0.9994195       69.581158      0.27389047       5.7938525       7.9692326       10.662032       11.007524        17.456275       80.330562       273.09035       37.751119        26.21749        82.30692      0.12423434        0.14747094        0.44338025      0.19766832        0.73124618       2.2067499   2.0635535e-09       0.2586537      0.78717018       0.7309158       147.79589       35.937023       2863.7367       1420.7121       14.837182          9.49195         5.3452319       4359.6686                 21.381428                 395.69164                           2421.5186                      25.145042                1.8750211               6.362856                         27.699146                                 39.013171             1420.7121      0.26960059
              1       2194.0715       3.0270146        0.968238      0.02297493      0.11297993     0.050975137         1.8306555       1.0009844      0.99937164       0.9994195       69.581158      0.27389047       5.7938525       7.9692326       10.662032       11.007524        17.456275       80.330562       273.09035       37.751119        26.21749        82.30692      0.12423434        0.14747094        0.44338025      0.19766832        0.73124618       2.2067499   2.0635535e-09       0.2586537      0.78717018       0.7309158       147.79589       35.937023       2862.4083       1420.7121       14.901366        9.5561345         5.3452319       4358.3402                  21.32202                 395.68572                           2419.4549                      25.945648                1.8750211               6.362856                         27.699146                                 39.013171             1420.7121      0.26960059
              2       2194.2058       3.0270146        0.968238      0.02297493      0.11297993     0.050975137         1.8306555       1.0012237      0.99937164       0.9994195       69.581158      0.27389047       5.7938525       7.9692326       10.662032       11.007524        17.456275       80.330562       273.09035       37.751119        26.21749        82.30692      0.12423434        0.14747094        0.44338025      0.19766832        0.73124618       2.2067499   2.0635535e-09       0.2586537      0.78717018       0.7309158       147.79589       35.937023       2862.5925       1420.7121       14.943639        9.5984075         5.3452319       4358.5244                 21.297644                 395.70362                           2419.3077                      26.283448                1.8750211               6.362856                         27.699146                                 39.013171             1420.7121      0.26960059
              1       2193.9516       3.0270146        0.968238      0.02297493      0.11297993     0.050975137         1.8306555       1.0012237      0.99918709      0.99940988       69.727144      0.25941222       5.7798961        8.006642       10.574959       11.050485        17.545664       80.472955       269.86114       37.791955       26.108045       81.383437      0.12252952        0.15856388        0.42777689      0.23671514         0.7437595       2.1918303   2.0635535e-09       0.2586537      0.78717018       0.7309158       147.79589       35.937023       2860.7538       1420.7121       15.608697        10.250485         5.3582117       4356.6857                 21.297644                 395.70362                           2417.4691                      26.283448                1.8750211               6.362856                         27.699146                                 39.013171             1420.7121      0.26960059
              2       2193.8781       3.0270146        0.968238      0.02297493      0.11297993     0.050975137         1.8306555       1.0012237      0.99917082      0.99946317       69.839424      0.25386199       5.6131254       7.8975311       10.434703        10.88298        17.428215       80.442836       269.44076       38.623378       26.143624        81.73053      0.12850879        0.14232019        0.40698696      0.23627928        0.74395231       2.1896629   2.0635535e-09       0.2586537      0.78717018       0.7309158       147.79589       35.937023       2861.2946       1420.7121       15.264806        10.222659         5.0421469       4357.2265                 21.297644                 395.70362                           2418.0099                      26.283448                1.8750211               6.362856                         27.699146                                 39.013171             1420.7121      0.26960059
             10       2194.5442       3.0270146        0.968238      0.02297493      0.11297993     0.050975137         1.8306555       1.0012237      0.99922627      0.99943265       70.088077      0.25540078       5.6141506           8.097       10.474133       11.059682        17.701865       80.190019       265.68717       38.230448       26.139655       81.672707      0.14397489        0.12311855        0.38090025      0.21698359        0.75625531       2.1958363   2.0635535e-09       0.2586537      0.78717018       0.7309158       147.79589       35.937023       2862.1808       1420.7121       15.487912        10.278641         5.2092707       4358.1127                 21.297644                 395.70362                            2418.896                      26.283448                1.8750211               6.362856                         27.699146                                 39.013171             1420.7121      0.26960059
              4       2194.3398       3.0270146        0.968238      0.02297493      0.11297993     0.050975137         1.8306555       1.0012237      0.99927358      0.99932297       69.497312      0.29905962       5.5628591        8.426036       11.106244       10.979851        18.171559       80.168048       270.00718       40.036111       25.808795       81.889941      0.10885867        0.14199611        0.41860279       0.2114782        0.74441517       2.2067274   2.0635535e-09       0.2586537      0.78717018       0.7309158       147.79589       35.937023       2862.1333       1420.7121       15.307199        9.8865468         5.4206527       4358.0652                 21.297644                 395.70362                           2418.8485                      26.283448                1.8750211               6.362856                         27.699146                                 39.013171             1420.7121      0.26960059
              1       2194.3845       3.0270146        0.968238      0.02297493      0.11297993     0.050975137         1.8306555       1.0012237      0.99930555      0.99932232       69.554346      0.29049654       5.5920582       8.4042195       11.111915       10.973671         18.41074       80.045543       270.46188         40.2138       25.907007       82.016158       0.1078597        0.14182834        0.41085693      0.21774359         0.7451626       2.2167949   2.0635535e-09       0.2586537      0.78717018       0.7309158       147.79589       35.937023       2862.1679       1420.7121       15.334571        9.8922286         5.4423425       4358.0998                 21.297644                 395.70362                           2418.8832                      26.283448                1.8750211               6.362856                         27.699146                                 39.013171             1420.7121      0.26960059
              2       2195.8099       3.0270146        0.968238      0.02297493      0.11297993     0.050975137         1.8306555       1.0012237      0.99931135      0.99934906       69.734438      0.29772235       5.6188986       8.1943199       11.278779       10.794674        18.423935       80.480616       272.63948       40.163197       25.501826       82.236573      0.13528534        0.13151985        0.42711698      0.25406911        0.72943076       2.2094216   2.0635535e-09       0.2586537      0.78717018       0.7309158       147.79589       35.937023       2865.3268       1420.7121       15.180569        9.8823277         5.2982411       4361.2587                 21.297644                 395.70362                            2422.042                      26.283448                1.8750211               6.362856                         27.699146                                 39.013171             1420.7121      0.26960059
              4        2195.779       3.0270146        0.968238      0.02297493      0.11297993     0.050975137         1.8306555       1.0010353      0.99931135      0.99934906       69.734438      0.29772235       5.6188986       8.1943199       11.278779       10.794674        18.423935       80.480616       272.63948       40.163197       25.501826       82.236573      0.13528534        0.13151985        0.42711698      0.25406911        0.72943076       2.2094216   2.0635535e-09       0.2586537      0.78717018       0.7309158       147.79589       35.937023       2865.3331       1420.7121       15.146514        9.8482733         5.2982411        4361.265                 21.316823                 395.71064                           2422.2885                      26.017194                1.8750211               6.362856                         27.699146                                 39.013171             1420.7121      0.26960059
              1       2197.2777       3.0270146        0.968238      0.02297493      0.11297993     0.050975137         1.8306555       1.0010353      0.99937768      0.99918112       70.153169      0.28753865       5.5093801       8.3319522       11.225919       10.520547        18.643926       80.077121       274.14058       39.867532       26.110614       81.931344       0.1370905        0.14560194        0.35337702      0.30282526        0.68826415       2.1610847   2.0635535e-09       0.2586537      0.78717018       0.7309158       147.79589       35.937023       2867.1379       1420.7121       15.742857         10.47664         5.2662176       4363.0698                 21.316823                 395.71064                           2424.0932                      26.017194                1.8750211               6.362856                         27.699146                                 39.013171             1420.7121      0.26960059
              1       2196.5093       3.0270146        0.968238      0.02297493      0.11297993     0.050975137         1.8306555       1.0010353      0.99967313      0.99863987       71.187094      0.11384035       5.6589472       7.5113714       11.117235       11.212791        17.890742        79.66263        266.6479       40.541051        27.18875       85.895574       0.1421209        0.12777741        0.38017907      0.27446364        0.74820026       2.0351643   2.0635535e-09       0.2586537      0.78717018       0.7309158       147.79589       35.937023       2870.8429       1420.7121       13.121926        8.3308239         4.7911025       4366.7748                 21.316823                 395.71064                           2427.7983                      26.017194                1.8750211               6.362856                         27.699146                                 39.013171             1420.7121      0.26960059
              1       2196.3757       3.0270146        0.968238      0.02297493      0.11297993     0.050975137         1.8306555       1.0010353      0.99953917      0.99862588       71.022119     0.091704355       5.3248351       7.1404381       11.034839       11.078305        17.529122       80.407935       271.59403         39.9317       26.981323       86.148333      0.13174144        0.11206519        0.38634351      0.27111624        0.70964553       2.0388316   2.0635535e-09       0.2586537      0.78717018       0.7309158       147.79589       35.937023       2872.1522       1420.7121       12.333676         8.207917         4.1257591       4368.0841                 21.316823                 395.71064                           2429.1075                      26.017194                1.8750211               6.362856                         27.699146                                 39.013171             1420.7121      0.26960059
              1        2196.164       3.0270146        0.968238      0.02297493      0.11297993     0.050975137         1.8306555       1.0017524      0.99953917      0.99862588       71.022119     0.091704355       5.3248351       7.1404381       11.034839       11.078305        17.529122       80.407935       271.59403         39.9317       26.981323       86.148333      0.13174144        0.11206519        0.38634351      0.27111624        0.70964553       2.0388316   2.0635535e-09       0.2586537      0.78717018       0.7309158       147.79589       35.937023       2871.4088       1420.7121       12.493608         8.367849         4.1257591       4367.3407                 21.244465                 395.71923                           2427.4045                      27.040553                1.8750211               6.362856                         27.699146                                 39.013171             1420.7121      0.26960059
              2       2192.8096       3.0270146        0.968238      0.02297493      0.11297993     0.050975137         1.8306555       1.0017524      0.99947829      0.99860738       70.696265      0.10160645       5.5196112       7.3007051       10.844642       11.059718        17.485618       80.404434       275.06468       40.905613        27.06734       85.536049      0.11917071         0.1473748        0.40545157      0.26594618        0.69731709       2.0718628   2.0635535e-09       0.2586537      0.78717018       0.7309158       147.79589       35.937023       2864.5167       1420.7121       12.585281        8.1241455         4.4611355       4360.4486                 21.244465                 395.71923                           2420.5125                      27.040553                1.8750211               6.362856                         27.699146                                 39.013171             1420.7121      0.26960059
              2       2192.5488       3.0270146        0.968238      0.02297493      0.11297993     0.050975137         1.8306555       1.0017524      0.99933618      0.99867008       70.164498     0.082542857       5.4303906       6.7804439       10.881578       11.370611        16.929433       79.699395       275.98344        40.23518       26.657802       85.207319      0.14972914        0.17725651        0.40787716      0.23062232        0.72222164       2.0482385   2.0635535e-09       0.2586537      0.78717018       0.7309158       147.79589       35.937023       2862.8613       1420.7121       13.152236        9.1552523         3.9969832       4358.7932                 21.244465                 395.71923                           2418.8571                      27.040553                1.8750211               6.362856                         27.699146                                 39.013171             1420.7121      0.26960059
              2       2192.0134       3.0270146        0.968238      0.02297493      0.11297993     0.050975137         1.8306555       1.0017524      0.99932522       0.9983694       70.433073     0.028065862       5.4038581       6.4183619       11.208483       11.986016         17.57695       78.592036       276.82898       41.017578       26.101872       85.002899      0.06197998        0.12726205        0.50181163      0.22591722        0.73319662        2.099451   2.0635535e-09       0.2586537      0.78717018       0.7309158       147.79589       35.937023       2861.5718       1420.7121       13.261519        9.5237435         3.7377757       4357.5037                 21.244465                 395.71923                           2417.5675                      27.040553                1.8750211               6.362856                         27.699146                                 39.013171             1420.7121      0.26960059
              4        2193.366       3.0270146        0.968238      0.02297493      0.11297993     0.050975137         1.8306555       1.0017524      0.99936492      0.99841456       70.913724    0.0071868916       5.3020161       6.2311138       10.750834       12.156355        17.642536       78.553789       283.74575       41.272187        25.95458       84.914905     0.042741876         0.1477864        0.46271443      0.23092253        0.73840036       2.1187095   2.0635535e-09       0.2586537      0.78717018       0.7309158       147.79589       35.937023       2863.3496       1420.7121       13.725241        10.197172         3.5280695       4359.2815                 21.244465                 395.71923                           2419.3453                      27.040553                1.8750211               6.362856                         27.699146                                 39.013171             1420.7121      0.26960059
              1       2193.0408       3.0270146        0.968238      0.02297493      0.11297993     0.050975137         1.8306555       1.0017524      0.99919909      0.99828349       71.158264     0.010452992       5.5268669       6.7988353       10.554587       11.685855        17.229691       79.813482        283.9728       41.250961       25.009047         83.9305     0.099984882        0.15620632        0.48436784      0.26654755        0.80651932       2.1220688   2.0635535e-09       0.2586537      0.78717018       0.7309158       147.79589       35.937023       2863.0986       1420.7121       13.525482        9.4122656         4.1132165       4359.0305                 21.244465                 395.71923                           2419.0944                      27.040553                1.8750211               6.362856                         27.699146                                 39.013171             1420.7121      0.26960059
              5       2192.9209       3.0270146        0.968238      0.02297493      0.11297993     0.050975137         1.8306555       1.0017524      0.99921464      0.99827988       71.140005     0.010982535       5.5203078       6.7941584        10.53542       11.632485        17.247671       79.841276       283.69213        41.19942       25.011983       83.885609      0.10004942         0.1573845        0.48582999      0.26536705         0.8032116       2.1186103   2.0635535e-09       0.2586537      0.78717018       0.7309158       147.79589       35.937023       2863.0678       1420.7121       13.421082        9.3182065         4.1028759       4358.9997                 21.244465                 395.71923                           2419.0636                      27.040553                1.8750211               6.362856                         27.699146                                 39.013171             1420.7121      0.26960059
              3       2194.0213       3.0270146        0.968238      0.02297493      0.11297993     0.050975137         1.8306555       1.0023486      0.99921464      0.99827988       71.140005     0.010982535       5.5203078       6.7941584        10.53542       11.632485        17.247671       79.841276       283.69213        41.19942       25.011983       83.885609      0.10004942         0.1573845        0.48582999      0.26536705         0.8032116       2.1186103   2.0635535e-09       0.2586537      0.78717018       0.7309158       147.79589       35.937023       2864.8772       1420.7121       13.616695        9.5138192         4.1028759       4360.8091                 21.185549                 395.71399                           2420.0655                      27.912127                1.8750211               6.362856                         27.699146                                 39.013171             1420.7121      0.26960059
              1       2193.9054       3.0270146        0.968238      0.02297493      0.11297993     0.050975137         1.8306555       1.0023486      0.99924162      0.99827327       71.166384    0.0079528645       5.5295207       6.7743603       10.548848       11.656459        17.242423       79.895448        282.6793       41.279173        24.90945       83.735173     0.099449061        0.16044357        0.48743937      0.26930517        0.79819528        2.132076   2.0635535e-09       0.2586537      0.78717018       0.7309158       147.79589       35.937023       2864.6037       1420.7121       13.637573        9.5381388         4.0994345       4360.5356                 21.185549                 395.71399                            2419.792                      27.912127                1.8750211               6.362856                         27.699146                                 39.013171             1420.7121      0.26960059
              1       2194.1032       3.0270146        0.968238      0.02297493      0.11297993     0.050975137         1.8306555       1.0023486      0.99923604      0.99843243       71.198578     0.020962348       5.4943832       6.6014146         10.8649       11.785755         17.18209       79.650378       280.44505       40.629432       25.039163       83.958675     0.096474567        0.15133681        0.46569969       0.2701635        0.79836118       2.1735351   2.0635535e-09       0.2586537      0.78717018       0.7309158       147.79589       35.937023       2864.8829       1420.7121       13.695818        9.7493392         3.9464788       4360.8148                 21.185549                 395.71399                           2420.0712                      27.912127                1.8750211               6.362856                         27.699146                                 39.013171             1420.7121      0.26960059
              1       2196.6703       3.0270146        0.968238      0.02297493      0.11297993     0.050975137         1.8306555       1.0023486      0.99905218      0.99847589       70.926742     0.076239766       5.5336269       6.6400893       10.552628       12.476792        16.803616       79.983904       275.36471       40.154398       25.767464       82.611218      0.12690327        0.19876951        0.46567612      0.26874371         0.7864168       2.1118417   2.0635535e-09       0.2586537      0.78717018       0.7309158       147.79589       35.937023       2866.5165       1420.7121       15.446141         11.43266         4.0134812       4362.4484                 21.185549                 395.71399                           2421.7048                      27.912127                1.8750211               6.362856                         27.699146                                 39.013171             1420.7121      0.26960059
              8       2196.6173       3.0270146        0.968238      0.02297493      0.11297993     0.050975137         1.8306555       1.0023486       0.9988584      0.99841499       70.954439     0.068894455       5.1404047       6.4605374       10.418307       12.268425        16.997967       79.511954        283.8356       39.250407       25.587341       81.816164      0.11123889        0.15848239        0.39910976      0.25584042        0.81143416       2.0859053   2.0635535e-09       0.2586537      0.78717018       0.7309158       147.79589       35.937023       2868.8688       1420.7121       14.216903        10.705678         3.5112255       4364.8008                 21.185549                 395.71399                           2424.0572                      27.912127                1.8750211               6.362856                         27.699146                                 39.013171             1420.7121      0.26960059
              1       2195.5708       3.0270146        0.968238      0.02297493      0.11297993     0.050975137         1.8306555       1.0019958      0.99920568      0.99824141       71.863962     0.082703356       5.4513504       7.0089677       10.873631       11.881827        17.462741       77.822074       294.21783       39.327965       24.156039       80.554144     0.099199252         0.1579359        0.47285406      0.25941286        0.80124507       1.9072066   2.0635535e-09       0.2586537      0.78717018       0.7309158       147.79589       35.937023       2867.7842       1420.7121       13.712723        9.5381192         4.1746042       4363.7161                 21.220302                 395.71399                           2423.4558                      27.394061                1.8750211               6.362856                         27.699146                                 39.013171             1420.7121      0.26960059
              1       2195.1141       3.0270146        0.968238      0.02297493      0.11297993     0.050975137         1.8306555       1.0019958      0.99932915      0.99822796       71.028827     0.055716688       5.8208074       7.5746227       11.152525       11.813288        16.387758        78.20852       293.21723       40.961298       24.284229       79.802813      0.14311617        0.17235114        0.48846935      0.22436372        0.80578793        1.938973   2.0635535e-09       0.2586537      0.78717018       0.7309158       147.79589       35.937023       2865.0661       1420.7121       14.615124        9.5652798         5.0498442        4360.998                 21.220302                 395.71399                           2420.7377                      27.394061                1.8750211               6.362856                         27.699146                                 39.013171             1420.7121      0.26960059
              2       2195.4021       3.0270146        0.968238      0.02297493      0.11297993     0.050975137         1.8306555       1.0019958      0.99936909      0.99812643       71.133317     0.065363801       5.8079111       7.4689853       11.109469       11.785723        16.248407       78.335522       293.61028       40.933853       24.435166       79.393078      0.14267439        0.16371272        0.48158757       0.2141494        0.81031718       1.9455637   2.0635535e-09       0.2586537      0.78717018       0.7309158       147.79589       35.937023       2866.5716       1420.7121       14.150402        9.2033254         4.9470764       4362.5035                 21.220302                 395.71399                           2422.2432                      27.394061                1.8750211               6.362856                         27.699146                                 39.013171             1420.7121      0.26960059
              4       2194.9147       3.0270146        0.968238      0.02297493      0.11297993     0.050975137         1.8306555       1.0019958      0.99937986      0.99809176       71.155477     0.072282592       5.7607482        7.668966       11.102301       11.749454        16.147765        78.45422       292.80899       40.926013       24.612634       79.526355      0.13852221         0.1602403        0.47482719      0.22488183        0.79478951       1.9292371   2.0635535e-09       0.2586537      0.78717018       0.7309158       147.79589       35.937023       2866.0891       1420.7121        13.90419        8.8557828         5.0484067        4362.021                 21.220302                 395.71399                           2421.7608                      27.394061                1.8750211               6.362856                         27.699146                                 39.013171             1420.7121      0.26960059
              1       2195.3639       3.0270146        0.968238      0.02297493      0.11297993     0.050975137         1.8306555         1.00183      0.99906263      0.99785791       70.775925     0.054975824       5.9847387       6.6302544       10.327905       11.856356        15.919201       77.148209       289.13797       43.927464       24.546546       78.855307      0.13480046        0.13373007        0.50642802      0.23378275        0.78307855       1.9291434   2.0635535e-09       0.2586537      0.78717018       0.7309158       147.79589       35.937023       2868.1125       1420.7121        13.34172         8.825934         4.5157864       4364.0444                 21.236741                 395.72067                           2424.0021                      27.152966                1.8750211               6.362856                         27.699146                                 39.013171             1420.7121      0.26960059
              1       2195.3644       3.0270146        0.968238      0.02297493      0.11297993     0.050975137         1.8306555         1.00183      0.99908952       0.9978509        70.78915     0.040598397       5.9167899       6.6508301       10.345734       11.825013        16.007349       77.030152       287.76131       43.957585       24.669573        78.60647      0.14474566        0.12423122        0.50471034      0.22789347        0.78793319         1.91051   2.0635535e-09       0.2586537      0.78717018       0.7309158       147.79589       35.937023       2868.2059       1420.7121       13.295463        8.8449189         4.4505438       4364.1378                 21.236741                 395.72067                           2424.0955                      27.152966                1.8750211               6.362856                         27.699146                                 39.013171             1420.7121      0.26960059
              1        2194.393       3.0270146        0.968238      0.02297493      0.11297993     0.050975137         1.8306555         1.00183      0.99891463      0.99788876       70.064543     0.066581186       5.6572072       7.3628783       10.132002       11.652235        14.948808       75.958436       284.36614       44.552327       25.019581       79.514221      0.12132972        0.12036078        0.43044323      0.18867772        0.72274475       1.8437644   2.0635535e-09       0.2586537      0.78717018       0.7309158       147.79589       35.937023        2866.167       1420.7121       13.343567         8.669957         4.6736099       4362.0989                 21.236741                 395.72067                           2422.0566                      27.152966                1.8750211               6.362856                         27.699146                                 39.013171             1420.7121      0.26960059
              4       2195.1071       3.0270146        0.968238      0.02297493      0.11297993     0.050975137         1.8306555         1.00183      0.99891755      0.99748827       70.345048    0.0056171738       5.4437047       7.4601545       9.8717268       12.237655        14.874472       74.589099        283.2461       41.856397       25.175348       80.631053      0.12040869        0.17769792        0.50366973      0.16144888        0.66756444       1.9221429   2.0635535e-09       0.2586537      0.78717018       0.7309158       147.79589       35.937023       2864.8947       1420.7121       14.693848        10.204631         4.4892172       4360.8266                 21.236741                 395.72067                           2420.7843                      27.152966                1.8750211               6.362856                         27.699146                                 39.013171             1420.7121      0.26960059
              3       2193.5331       3.0270146        0.968238      0.02297493      0.11297993     0.050975137         1.8306555         1.00183      0.99904387      0.99773872       71.678282     0.088987032       5.5532471         6.93595       10.701543       12.135261        16.157807       76.102353       282.92739       44.164492       25.603831       79.840029     0.086939022         0.1300299        0.49846396      0.14504303        0.59539762       1.9959882   2.0635535e-09       0.2586537      0.78717018       0.7309158       147.79589       35.937023       2862.6023       1420.7121       14.265984        10.028606         4.2373774       4358.5342                 21.236741                 395.72067                           2418.4919                      27.152966                1.8750211               6.362856                         27.699146                                 39.013171             1420.7121      0.26960059
              2       2193.0229       3.0270146        0.968238      0.02297493      0.11297993     0.050975137         1.8306555         1.00183      0.99903427      0.99766332        71.90709     0.078521109       5.5553809       6.9910541       10.805774       12.244111        16.410875       76.171293       286.10628       43.083126       25.750054       79.895996     0.086181383        0.13242741        0.49122161      0.17071813        0.57795921       1.9591042   2.0635535e-09       0.2586537      0.78717018       0.7309158       147.79589       35.937023       2861.2586       1420.7121       14.427629        10.148961         4.2786678       4357.1905                 21.236741                 395.72067                           2417.1482                      27.152966                1.8750211               6.362856                         27.699146                                 39.013171             1420.7121      0.26960059
              3       2194.7481       3.0270146        0.968238      0.02297493      0.11297993     0.050975137         1.8306555         1.00183      0.99889825      0.99763056       71.870747      0.07184893       5.5585814       7.0308865       10.864773       12.225169        16.305068       76.526697       288.09401       43.339213       25.693783       80.002043     0.066115983          0.139184        0.50622851       0.1725285        0.57702359       1.9649366   2.0635535e-09       0.2586537      0.78717018       0.7309158       147.79589       35.937023       2862.4225       1420.7121       15.570884        11.260239         4.3106453       4358.3545                 21.236741                 395.72067                           2418.3122                      27.152966                1.8750211               6.362856                         27.699146                                 39.013171             1420.7121      0.26960059
              1       2194.2843       3.0270146        0.968238      0.02297493      0.11297993     0.050975137         1.8306555         1.00183      0.99896866      0.99742075       71.818228      0.07467034       5.5681273       6.9778562       10.578734        12.46056        16.339736       76.454145       291.71208       43.610838       24.963041       79.610353     0.084737709         0.1212945        0.45907047      0.17632304        0.57348894       2.0021578   2.0635535e-09       0.2586537      0.78717018       0.7309158       147.79589       35.937023       2862.8499       1420.7121       14.893362         10.60959         4.2837719       4358.7818                 21.236741                 395.72067                           2418.7396                      27.152966                1.8750211               6.362856                         27.699146                                 39.013171             1420.7121      0.26960059
              3       2194.2028       3.0293309      0.97044104     0.023092747      0.11371645     0.050652813         1.7764505         1.00183      0.99894703      0.99740197       71.788304     0.063566683       5.5304174       7.0924173       10.618402        12.47316        16.489227       76.321464       291.55244       43.566893       24.888224       79.754686     0.083412572        0.10135523        0.46807162      0.18086585        0.56659357       2.0095705    2.068339e-09      0.26027907      0.79133763      0.73709051       147.45486        33.84769       2866.7611       1419.8839       15.436165        11.113749         4.3224162       4357.5332                 21.019519                 395.72949                           2425.7005                      24.311546                1.7387012              6.2108312                         25.898157                                 36.771033             1419.8839      0.26960059
              4       2193.3244       3.0293309      0.97044104     0.023092747      0.11371645     0.050652813         1.7764505         1.00183       0.9988204      0.99790434       72.392245     0.066653785        4.918787       7.3474488       10.162586       12.675306        16.311664       75.545438       262.87682       44.987623       23.885044       77.640312      0.14053399        0.10404918        0.42579691      0.17537384        0.53158954        2.018178    2.068339e-09      0.26027907      0.79133763      0.73709051       147.45486        33.84769       2866.2179       1419.8839       14.829349        10.995693         3.8336563       4356.9901                 21.019519                 395.72949                           2425.1574                      24.311546                1.7387012              6.2108312                         25.898157                                 36.771033             1419.8839      0.26960059
              1       2193.2373       3.0293309      0.97044104     0.023092747      0.11371645     0.050652813         1.7764505       1.0019043       0.9988204      0.99790434       72.392245     0.066653785        4.918787       7.3474488       10.162586       12.675306        16.311664       75.545438       262.87682       44.987623       23.885044       77.640312      0.14053399        0.10404918        0.42579691      0.17537384        0.53158954        2.018178    2.068339e-09      0.26027907      0.79133763      0.73709051       147.45486        33.84769       2865.9993       1419.8839       14.851541        11.017885         3.8336563       4356.7715                 21.012742                 395.72949                            2424.846                      24.411057                1.7387012              6.2108312                         25.898157                                 36.771033             1419.8839      0.26960059
              2       2193.3854       3.0293309      0.97044104     0.023092747      0.11371645     0.050652813         1.7764505       1.0019043      0.99883775      0.99787329       72.406196     0.055202156       4.9093918       7.3335228       10.236972       12.767025        16.222469       75.711987       263.70803       44.966939       23.786903       77.458917      0.14623792        0.10688199        0.42762173      0.17945837        0.53442462        2.019977    2.068339e-09      0.26027907      0.79133763      0.73709051       147.45486        33.84769       2866.4358       1419.8839       14.781437        10.966131         3.8153063        4357.208                 21.012742                 395.72949                           2425.2825                      24.411057                1.7387012              6.2108312                         25.898157                                 36.771033             1419.8839      0.26960059
              1       2195.6727       3.0293309      0.97044104     0.023092747      0.11371645     0.050652813         1.7764505       1.0036897        0.998736      0.99791942       72.952836     0.011483589       4.8231162       7.7898624       10.207993        11.80311        15.975292       76.530943       269.96037       44.640472        22.64822       78.926454       0.1146671        0.10676649         0.3854817      0.18766724        0.63181183       1.9953298    2.068339e-09      0.26027907      0.79133763      0.73709051       147.45486        33.84769        2871.407       1419.8839       14.583086        10.560967          4.022119       4362.1792                 20.854424                 395.73291                           2427.9288                      26.890891                1.7387012              6.2108312                         25.898157                                 36.771033             1419.8839      0.26960059
              5       2195.1502       3.0293309      0.97044104     0.023092747      0.11371645     0.050652813         1.7764505       1.0036897      0.99880244      0.99795006       72.793859     0.007861319       4.8682144       7.9469435       10.071503       11.810921        16.113231       76.427812       274.20504       44.734051       22.638542       78.824048      0.12087296        0.10379011        0.38967954      0.19008897        0.63225781       1.9813147    2.068339e-09      0.26027907      0.79133763      0.73709051       147.45486        33.84769       2870.6516       1419.8839       14.438359         10.26032         4.1780383       4361.4237                 20.854424                 395.73291                           2427.1733                      26.890891                1.7387012              6.2108312                         25.898157                                 36.771033             1419.8839      0.26960059
              1       2193.2108       3.0293309      0.97044104     0.023092747      0.11371645     0.050652813         1.7764505       1.0028204      0.99880244      0.99795006       72.793859     0.007861319       4.8682144       7.9469435       10.071503       11.810921        16.113231       76.427812       274.20504       44.734051       22.638542       78.824048      0.12087296        0.10379011        0.38967954      0.19008897        0.63225781       1.9813147    2.068339e-09      0.26027907      0.79133763      0.73709051       147.45486        33.84769       2867.6782       1419.8839       13.985603        9.8075648         4.1780383       4358.4503                 20.930481                 395.76762                           2425.3177                      25.662363                1.7387012              6.2108312                         25.898157                                 36.771033             1419.8839      0.26960059
              2       2190.3896       3.0276239       0.9700606     0.023063773      0.11291381     0.050835943         1.8174551       1.0028204      0.99880244      0.99795006       72.793859     0.007861319       4.8682144       7.9469435       10.071503       11.810921        16.113231       76.427812       274.20504       44.734051       22.638542       78.824048      0.12087296        0.10379011        0.38967954      0.19008897        0.63225781       1.9813147   2.0648113e-09      0.25869692      0.78709097      0.73090332       147.71332        35.25484       2858.5259       1420.6898       13.985603        9.8075648         4.1780383        4352.808                 20.940737                 395.73631                            2414.503                      27.345908                1.8391315              6.3223655                         27.093343                                 38.067814             1420.6898      0.26960059
              3       2190.6513       3.0276239       0.9700606     0.023063773      0.11291381     0.050835943         1.8174551       1.0028204      0.99885961       0.9979118       72.882149     0.008664159       4.8955476       7.9256228       10.005832       11.862635        16.111916       76.627021       275.21562       44.773953       22.722699       79.001507      0.11524927        0.11100191        0.37704084      0.19354519        0.63987954       1.9696696   2.0648113e-09      0.25869692      0.78709097      0.73090332       147.71332        35.25484       2859.4074       1420.6898       13.806548        9.6129522         4.1935958       4353.6894                 20.940737                 395.73631                           2415.3844                      27.345908                1.8391315              6.3223655                         27.093343                                 38.067814             1420.6898      0.26960059
              2       2190.5711       3.0276239       0.9700606     0.023063773      0.11291381     0.050835943         1.8174551       1.0028204      0.99892458      0.99784243       73.019003     0.011597476       4.8249003       7.8852641       9.8847048       11.719645         15.91226       76.784303       280.02951        44.62958       23.326653       78.679241      0.10619821        0.11876671        0.37427411      0.18252999        0.64246622       1.9445605   2.0648113e-09      0.25869692      0.78709097      0.73090332       147.71332        35.25484       2859.7647       1420.6898       13.547768        9.4595339         4.0882343       4354.0467                 20.940737                 395.73631                           2415.7417                      27.345908                1.8391315              6.3223655                         27.093343                                 38.067814             1420.6898      0.26960059
              3       2190.9214       3.0276239       0.9700606     0.023063773      0.11291381     0.050835943         1.8174551       1.0028204      0.99895172      0.99798711         73.5973     0.049956182       4.6757023       7.7848201       9.8213021        11.84037        16.160296       76.202809       282.82127       43.640145       22.879532       79.392388      0.12203601        0.12741629        0.40181465      0.16125166        0.65918721       1.9168654   2.0648113e-09      0.25869692      0.78709097      0.73090332       147.71332        35.25484       2861.8587       1420.6898       12.850998        8.9864416         3.8645569       4356.1408                 20.940737                 395.73631                           2417.8358                      27.345908                1.8391315              6.3223655                         27.093343                                 38.067814             1420.6898      0.26960059
              4        2191.792       3.0276239       0.9700606     0.023063773      0.11291381     0.050835943         1.8174551       1.0028204      0.99895749      0.99791272       73.632843     0.059642166       4.7158954       7.8308822       9.9840685        11.87841        16.198708       76.146388       284.70936       43.975563       22.644977         79.1615      0.11442247        0.12705217        0.40864896      0.15550625        0.66441433       1.9213107   2.0648113e-09      0.25869692      0.78709097      0.73090332       147.71332        35.25484       2863.2431       1420.6898       13.029424          9.09348          3.935944       4357.5251                 20.940737                 395.73631                           2419.2201                      27.345908                1.8391315              6.3223655                         27.093343                                 38.067814             1420.6898      0.26960059
              4       2190.7081       3.0276239       0.9700606     0.023063773      0.11291381     0.050835943         1.8174551       1.0028204      0.99901773      0.99800279       73.877925     0.035053152       4.5297089       7.4456315       10.061769       11.620927        16.454897        75.72485       275.29897       44.493138       22.825374       78.114034      0.14342986        0.11895107        0.43251908      0.11877462        0.67881672       1.9847889   2.0648113e-09      0.25869692      0.78709097      0.73090332       147.71332        35.25484       2861.6119       1420.6898       12.761112        9.2452851         3.5158269        4355.894                 20.940737                 395.73631                            2417.589                      27.345908                1.8391315              6.3223655                         27.093343                                 38.067814             1420.6898      0.26960059
              2       2190.7101       3.0276239       0.9700606     0.023063773      0.11291381     0.050835943         1.8174551       1.0028204      0.99901763      0.99800283       73.878344     0.035042532       4.5297591       7.4459847       10.061973       11.620623        16.455592       75.725625       275.29857       44.493332       22.825573       78.113765      0.14340397        0.11895561        0.43249093      0.11876141        0.67883349       1.9847751   2.0648113e-09      0.25869692      0.78709097      0.73090332       147.71332        35.25484        2861.615       1420.6898       12.761567        9.2454894         3.5160771       4355.8971                 20.940737                 395.73631                           2417.5921                      27.345908                1.8391315              6.3223655                         27.093343                                 38.067814             1420.6898      0.26960059
              2       2190.9637       3.0276239       0.9700606     0.023063773      0.11291381     0.050835943         1.8174551       1.0028204      0.99896903      0.99803041        73.87149     0.040528888       4.5541751       7.5286767       10.051832        11.69151        16.533582       75.731822       275.31389       44.447346       22.713098       78.038842      0.13881648        0.11809601        0.43303712      0.11570845        0.69186377       2.0045359   2.0648113e-09      0.25869692      0.78709097      0.73090332       147.71332        35.25484       2861.6784       1420.6898       12.983458        9.3962946          3.587163       4355.9605                 20.940737                 395.73631                           2417.6555                      27.345908                1.8391315              6.3223655                         27.093343                                 38.067814             1420.6898      0.26960059
              4       2191.6178       3.0276239       0.9700606     0.023063773      0.11291381     0.050835943         1.8174551       1.0028204      0.99884931       0.9979361       72.915661     0.014878081       5.1297341       6.6326747       9.2401114       11.930226        16.734538       75.947269       265.62318       46.316981        23.48995       78.724563      0.19429046        0.13510935        0.50005421      0.14967468        0.71799087       2.0834122   2.0648113e-09      0.25869692      0.78709097      0.73090332       147.71332        35.25484        2861.134       1420.6898       13.909763        10.307864         3.6018987       4355.4161                 20.940737                 395.73631                           2417.1111                      27.345908                1.8391315              6.3223655                         27.093343                                 38.067814             1420.6898      0.26960059
              5       2192.9004       3.0276239       0.9700606     0.023063773      0.11291381     0.050835943         1.8174551       1.0028204      0.99899125      0.99815232       72.440009    0.0063561414       5.2845718       6.8131043        9.461411       12.317777        16.935601       74.984997       260.81921       47.642428       22.486384       78.231491      0.17049313        0.14622041        0.50693527      0.15187066         0.6953627       2.1220523   2.0648113e-09      0.25869692      0.78709097      0.73090332       147.71332        35.25484       2864.7516       1420.6898       13.383522         9.517379          3.866143       4359.0337                 20.940737                 395.73631                           2420.7286                      27.345908                1.8391315              6.3223655                         27.093343                                 38.067814             1420.6898      0.26960059
              1       2192.9916       3.0276239       0.9700606     0.023063773      0.11291381     0.050835943         1.8174551       1.0028204       0.9990104      0.99815579        72.65698     0.023635749        5.254975       6.7214574       9.4024952       12.518049         16.83579       75.010222       258.49127       47.489992       22.301659       78.326036      0.17826894        0.13713132        0.49436476       0.1444788        0.68881156       2.1439138   2.0648113e-09      0.25869692      0.78709097      0.73090332       147.71332        35.25484       2864.7336       1420.6898       13.483811         9.705686         3.7781252       4359.0156                 20.940737                 395.73631                           2420.7106                      27.345908                1.8391315              6.3223655                         27.093343                                 38.067814             1420.6898      0.26960059
              1       2192.9606       3.0276239       0.9700606     0.023063773      0.11291381     0.050835943         1.8174551       1.0028204      0.99899397      0.99809803       72.690953     0.028437167        5.501107       6.9032154       9.5967694       12.420677        16.595022       74.998598       261.61641       47.377237       22.089923       77.918209      0.16336542        0.11682067        0.49092197      0.14537557        0.69868476       2.1620411   2.0648113e-09      0.25869692      0.78709097      0.73090332       147.71332        35.25484       2864.4212       1420.6898       13.609016        9.4524734          4.156543       4358.7032                 20.940737                 395.73631                           2420.3982                      27.345908                1.8391315              6.3223655                         27.093343                                 38.067814             1420.6898      0.26960059
              1       2193.0922       3.0276239       0.9700606     0.023063773      0.11291381     0.050835943         1.8174551       1.0028204      0.99898379      0.99809512       72.635723     0.033376356       5.5075685       6.9119797       9.5787621       12.495313        16.611624       75.005508       261.11893       47.338884       22.022842       77.853141      0.15990822        0.11614352        0.49613988      0.14340648        0.69595071       2.1606933   2.0648113e-09      0.25869692      0.78709097      0.73090332       147.71332        35.25484       2864.5776       1420.6898       13.662345        9.4926114         4.1697334       4358.8597                 20.940737                 395.73631                           2420.5546                      27.345908                1.8391315              6.3223655                         27.093343                                 38.067814             1420.6898      0.26960059
              2       2193.1042       3.0276239       0.9700606     0.023063773      0.11291381     0.050835943         1.8174551       1.0028204      0.99898334      0.99809555       72.635783     0.033479957       5.5083985       6.9113007       9.5791879       12.495736        16.610453       75.009724       261.08576        47.34006       22.021332       77.855062      0.16005445        0.11618925        0.49602285      0.14349182        0.69600986       2.1607906   2.0648113e-09      0.25869692      0.78709097      0.73090332       147.71332        35.25484       2864.5968       1420.6898       13.664737        9.4945549         4.1701823       4358.8789                 20.940737                 395.73631                           2420.5739                      27.345908                1.8391315              6.3223655                         27.093343                                 38.067814             1420.6898      0.26960059
              4       2190.6893       3.0276239       0.9700606     0.023063773      0.11291381     0.050835943         1.8174551       1.0028204      0.99907324      0.99810566       73.568162     0.042062666       5.1602291       6.8945316       10.111394       11.545828        16.779688       76.712367       255.34439       43.143631       20.481162        75.57928      0.12687602        0.14676799        0.53884169      0.26275221        0.59083396       2.0513782   2.0648113e-09      0.25869692      0.78709097      0.73090332       147.71332        35.25484       2860.3882       1420.6898       13.354195        9.5626082         3.7915869       4354.6703                 20.940737                 395.73631                           2416.3653                      27.345908                1.8391315              6.3223655                         27.093343                                 38.067814             1420.6898      0.26960059
              5       2190.2165       3.0276239       0.9700606     0.023063773      0.11291381     0.050835943         1.8174551       1.0027153      0.99906303      0.99812426       73.318426    0.0047089839       5.2070454       7.4945728       10.277218       11.809085        17.014242        76.47593       251.94102       40.896775        20.77365       75.942642      0.15270319        0.16821471        0.53366674      0.26370404        0.62329245       2.0518112   2.0648113e-09      0.25869692      0.78709097      0.73090332       147.71332        35.25484       2857.8798       1420.6898       14.135521        9.8948411         4.2406798       4352.1619                 20.950149                 395.73631                           2414.0002                      27.193178                1.8391315              6.3223655                         27.093343                                 38.067814             1420.6898      0.26960059
              1          2190.1       3.0276239       0.9700606     0.023063773      0.11291381     0.050835943         1.8174551       1.0027153      0.99893452      0.99799007       73.646789    0.0052510055       5.4587617       7.4085454       10.352427       12.081301        17.162694       77.361996       253.75916       40.403264       20.624907       75.163174      0.12954735        0.17727217        0.51881834       0.2332687        0.62310553        2.088926   2.0648113e-09      0.25869692      0.78709097      0.73090332       147.71332        35.25484       2856.7981       1420.6898       14.559988        10.091123         4.4688652       4351.0801                 20.950149                 395.73631                           2412.9184                      27.193178                1.8391315              6.3223655                         27.093343                                 38.067814             1420.6898      0.26960059
              7       2191.2541       3.0276239       0.9700606     0.023063773      0.11291381     0.050835943         1.8174551       1.0027153      0.99889776      0.99800641        73.70536     0.002084071        5.491825       7.3194841       10.412948       12.077883        16.934553       77.317965       254.79213       40.623466       20.551662        75.25296      0.12928769        0.19515328        0.50719204      0.23919356        0.62210458       2.0513141   2.0648113e-09      0.25869692      0.78709097      0.73090332       147.71332        35.25484       2857.4269       1420.6898       15.399622        10.957372         4.4422495        4351.709                 20.950149                 395.73631                           2413.5473                      27.193178                1.8391315              6.3223655                         27.093343                                 38.067814             1420.6898      0.26960059
              3       2190.4027       3.0276239       0.9700606     0.023063773      0.11291381     0.050835943         1.8174551       1.0027153      0.99890176      0.99814453       73.565547     0.029384658       5.2668972         7.15482       10.563937       12.080387        16.763836       77.010773        252.7004       39.614175       20.143723       75.018122      0.11421903        0.17655891        0.51571022      0.20801161        0.67268632        2.128285   2.0648113e-09      0.25869692      0.78709097      0.73090332       147.71332        35.25484       2858.2751       1420.6898       14.124148        10.051655         4.0724933       4352.5572                 20.950149                 395.73631                           2414.3955                      27.193178                1.8391315              6.3223655                         27.093343                                 38.067814             1420.6898      0.26960059
              1        2189.835       3.0276239       0.9700606     0.023063773      0.11291381     0.050835943         1.8174551       1.0027153      0.99894506      0.99812381       73.534402     0.028496824       5.1892491       7.2231239       10.598494       12.083465        16.831136       77.482159       251.22931       39.905318        20.24678       75.233639      0.11727772        0.16603868        0.51023211      0.21391521        0.68733078       2.0964759   2.0648113e-09      0.25869692      0.78709097      0.73090332       147.71332        35.25484        2858.316       1420.6898       13.535963        9.5010935         4.0348698       4352.5981                 20.950149                 395.73631                           2414.4364                      27.193178                1.8391315              6.3223655                         27.093343                                 38.067814             1420.6898      0.26960059
              2       2189.4759       3.0276239       0.9700606     0.023063773      0.11291381     0.050835943         1.8174551       1.0027153      0.99891573      0.99797505       73.885872      0.02319135       5.2815312       7.3841792       10.349341        11.90833         17.48132       77.262797       256.44203       41.130708       20.196765         75.4288      0.14275454        0.13757936        0.48726284      0.20506084        0.67127357        2.116318   2.0648113e-09      0.25869692      0.78709097      0.73090332       147.71332        35.25484       2858.5957       1420.6898       13.037063        8.7902054         4.2468579       4352.8777                 20.950149                 395.73631                            2414.716                      27.193178                1.8391315              6.3223655                         27.093343                                 38.067814             1420.6898      0.26960059
              6       2189.6502       3.0276239       0.9700606     0.023063773      0.11291381     0.050835943         1.8174551       1.0027153      0.99898148      0.99802435       73.799354   0.00011310863       5.2804796       7.5736657       10.397204        11.63716        17.630001       77.340689       255.74319       41.078132       20.535362       75.540482      0.13110968        0.13181502        0.51290612      0.20036096        0.66314089       2.1503232   2.0648113e-09      0.25869692      0.78709097      0.73090332       147.71332        35.25484       2858.9507       1420.6898       13.033856        8.6528535         4.3810026       4353.2328                 20.950149                 395.73631                           2415.0711                      27.193178                1.8391315              6.3223655                         27.093343                                 38.067814             1420.6898      0.26960059
              2       2188.6466       3.0276239       0.9700606     0.023063773      0.11291381     0.050835943         1.8174551       1.0027153      0.99894543      0.99809501       73.394422   0.00099899827       5.2690409       7.3841645       10.633177       11.902221        17.298707       77.168672       259.56396       40.737037       19.694259        75.97764       0.1274808        0.12107468         0.5033776      0.20032811        0.65978715       2.1419366   2.0648113e-09      0.25869692      0.78709097      0.73090332       147.71332        35.25484       2856.6455       1420.6898       13.182868        8.9500641         4.2328037       4350.9275                 20.950149                 395.73631                           2412.7658                      27.193178                1.8391315              6.3223655                         27.093343                                 38.067814             1420.6898      0.26960059
             10        2188.706       3.0276239       0.9700606     0.023063773      0.11291381     0.050835943         1.8174551       1.0018117      0.99894543      0.99809501       73.394422   0.00099899827       5.2690409       7.3841645       10.633177       11.902221        17.298707       77.168672       259.56396       40.737037       19.694259        75.97764       0.1274808        0.12107468         0.5033776      0.20032811        0.65978715       2.1419366   2.0648113e-09      0.25869692      0.78709097      0.73090332       147.71332        35.25484       2857.4187       1420.6898       12.855617        8.6228135         4.2328037       4351.7008                 21.032389                 395.72678                           2414.7557                      25.903892                1.8391315              6.3223655                         27.093343                                 38.067814             1420.6898      0.26960059
              1       2188.7098       3.0276239       0.9700606     0.023063773      0.11291381     0.050835943         1.8174551       1.0018117      0.99894493      0.99809618       73.394117   0.00077344074       5.2678935       7.3828212       10.634294       11.900719        17.298936       77.173797       259.55138       40.739965       19.693775       75.977584      0.12757826        0.12083417        0.50361938      0.20005323        0.65993047       2.1423541   2.0648113e-09      0.25869692      0.78709097      0.73090332       147.71332        35.25484       2857.4223       1420.6898       12.857635        8.6270612         4.2305736       4351.7044                 21.032389                 395.72678                           2414.7593                      25.903892                1.8391315              6.3223655                         27.093343                                 38.067814             1420.6898      0.26960059
              2       2189.1429       3.0276239       0.9700606     0.023063773      0.11291381     0.050835943         1.8174551       1.0016141      0.99894493      0.99809618       73.394117   0.00077344074       5.2678935       7.3828212       10.634294       11.900719        17.298936       77.173797       259.55138       40.739965       19.693775       75.977584      0.12757826        0.12083417        0.50361938      0.20005323        0.65993047       2.1423541   2.0648113e-09      0.25869692      0.78709097      0.73090332       147.71332        35.25484       2858.3967       1420.6898       12.803468        8.5728946         4.2305736       4352.6788                 21.050736                 395.73295                           2415.9854                      25.627686                1.8391315              6.3223655                         27.093343                                 38.067814             1420.6898      0.26960059
              3       2189.1582       3.0276239       0.9700606     0.023063773      0.11291381     0.050835943         1.8174551       1.0016141      0.99895582      0.99808246       73.402196    0.0014571288       5.2815086       7.3617586       10.643182       11.888883        17.295747       77.176168       259.29845       40.681532        19.65808       75.985293       0.1289658        0.12182371        0.50190893      0.20355705        0.65790846       2.1415083   2.0648113e-09      0.25869692      0.78709097      0.73090332       147.71332        35.25484       2858.5095       1420.6898       12.762459        8.5313791         4.2310797       4352.7916                 21.050736                 395.73295                           2416.0981                      25.627686                1.8391315              6.3223655                         27.093343                                 38.067814             1420.6898      0.26960059
              1       2188.8026       3.0276239       0.9700606     0.023063773      0.11291381     0.050835943         1.8174551       1.0016141      0.99907733      0.99841998       73.141029    0.0072826454       5.1846966        6.186758       10.726634       12.082808        17.581714       78.560384        256.0578       41.068686       20.348808       73.957928      0.15916109         0.1279801        0.58047592      0.21223721        0.61399578       2.1699648   2.0648113e-09      0.25869692      0.78709097      0.73090332       147.71332        35.25484       2857.0167       1420.6898       13.153205        9.7565963         3.3966086       4351.2988                 21.050736                 395.73295                           2414.6054                      25.627686                1.8391315              6.3223655                         27.093343                                 38.067814             1420.6898      0.26960059
              2       2188.4237       3.0276239       0.9700606     0.023063773      0.11291381     0.050835943         1.8174551       1.0016141      0.99927598      0.99827351       73.329413     0.003777806       5.1686639       5.8281797       10.636186       12.237689        16.863533       78.284454       257.46102       40.661619       21.634255       73.762629      0.11528681        0.12349147        0.53121703      0.14462658         0.5673643       2.1701263   2.0648113e-09      0.25869692      0.78709097      0.73090332       147.71332        35.25484         2857.14       1420.6898       12.712713        9.5206075         3.1921058        4351.422                 21.050736                 395.73295                           2414.7286                      25.627686                1.8391315              6.3223655                         27.093343                                 38.067814             1420.6898      0.26960059
              1       2188.4932       3.0276239       0.9700606     0.023063773      0.11291381     0.050835943         1.8174551       1.0013625      0.99927598      0.99827351       73.329413     0.003777806       5.1686639       5.8281797       10.636186       12.237689        16.863533       78.284454       257.46102       40.661619       21.634255       73.762629      0.11528681        0.12349147        0.53121703      0.14462658         0.5673643       2.1701263   2.0648113e-09      0.25869692      0.78709097      0.73090332       147.71332        35.25484       2857.3987       1420.6898       12.652812        9.4607057         3.1921058       4351.6808                 21.074304                 395.73144                           2415.3138                      25.279164                1.8391315              6.3223655                         27.093343                                 38.067814             1420.6898      0.26960059
              2       2192.1031       3.0276239       0.9700606     0.023063773      0.11291381     0.050835943         1.8174551       1.0013625      0.99926085       0.9975535       73.647209    0.0022153398       6.1093165       4.9515741       11.132918       12.804995        17.544811       77.303914       260.63968       40.101837       20.691694       72.637259     0.066948654        0.10205254        0.56736995      0.16788869        0.54239692       2.0102281   2.0648113e-09      0.25869692      0.78709097      0.73090332       147.71332        35.25484       2858.6381       1420.6898       15.642964        12.107852         3.5351118       4352.9202                 21.074304                 395.73144                           2416.5532                      25.279164                1.8391315              6.3223655                         27.093343                                 38.067814             1420.6898      0.26960059
              5        2192.089       3.0276239       0.9700606     0.023063773      0.11291381     0.050835943         1.8174551       1.0013952      0.99926085       0.9975535       73.647209    0.0022153398       6.1093165       4.9515741       11.132918       12.804995        17.544811       77.303914       260.63968       40.101837       20.691694       72.637259     0.066948654        0.10205254        0.56736995      0.16788869        0.54239692       2.0102281   2.0648113e-09      0.25869692      0.78709097      0.73090332       147.71332        35.25484       2858.5956       1420.6898       15.650166        12.115054         3.5351118       4352.8777                 21.071232                 395.73144                           2416.4687                      25.324203                1.8391315              6.3223655                         27.093343                                 38.067814             1420.6898      0.26960059
              1       2191.0158       3.0276239       0.9700606     0.023063773      0.11291381     0.050835943         1.8174551       1.0013952        0.999181      0.99784054       74.098475     0.015891334       6.1353885       4.6987027       11.412897        12.71492        17.780332       76.853306       258.24998       39.047202        20.67939       72.555022     0.088935195        0.11577507        0.52202068      0.16142787        0.52945724       1.9126149   2.0648113e-09      0.25869692      0.78709097      0.73090332       147.71332        35.25484       2858.6882       1420.6898       14.530635        11.115669         3.4149663       4352.9703                 21.071232                 395.73144                           2416.5614                      25.324203                1.8391315              6.3223655                         27.093343                                 38.067814             1420.6898      0.26960059
              3       2191.1854       3.0276239       0.9700606     0.023063773      0.11291381     0.050835943         1.8174551       1.0013952      0.99915453      0.99783999       74.249211    0.0079714019       6.5133397       4.4111304       11.494515       12.793612        17.753183       77.067874       253.43344       38.200647       21.071997       72.944586     0.080289143        0.14248979        0.49819749      0.18015152         0.5394822       1.9225973   2.0648113e-09      0.25869692      0.78709097      0.73090332       147.71332        35.25484       2858.8949       1420.6898       14.596971        10.999683         3.5972885       4353.1769                 21.071232                 395.73144                            2416.768                      25.324203                1.8391315              6.3223655                         27.093343                                 38.067814             1420.6898      0.26960059
              4       2191.0634       3.0276239       0.9700606     0.023063773      0.11291381     0.050835943         1.8174551       1.0013952      0.99911356      0.99788998       74.093603    0.0058418604       6.4504618       4.4574118       11.539376       12.734826        17.741776       77.090739       251.13522       37.588224       21.041255       72.987908     0.081568862        0.13369741        0.48627461      0.17690003        0.53254609       1.9343702   2.0648113e-09      0.25869692      0.78709097      0.73090332       147.71332        35.25484       2858.5556       1420.6898       14.644547        11.079281         3.5652661       4352.8377                 21.071232                 395.73144                           2416.4288                      25.324203                1.8391315              6.3223655                         27.093343                                 38.067814             1420.6898      0.26960059
              1        2191.495       3.0276239       0.9700606     0.023063773      0.11291381     0.050835943         1.8174551       1.0013952      0.99930557      0.99784746       72.711747     0.061292403       6.3697842       4.8231671        12.18776       13.540502        18.647727       78.067248        273.3355       38.943774       20.761827       75.209722      0.10811037        0.07857636        0.47977884      0.15494861        0.66280267       2.0825684   2.0648113e-09      0.25869692      0.78709097      0.73090332       147.71332        35.25484       2859.6124       1420.6898       14.547742        10.840565         3.7071764       4353.8945                 21.071232                 395.73144                           2417.4856                      25.324203                1.8391315              6.3223655                         27.093343                                 38.067814             1420.6898      0.26960059
              1       2191.4231       3.0276239       0.9700606     0.023063773      0.11291381     0.050835943         1.8174551       1.0013952      0.99921431      0.99789573       73.258099     0.029380409       6.0655347       4.9126726        11.70191       14.006923        18.861078       78.521779        283.5569       40.096851       21.529283       73.567204      0.15862745        0.10670642        0.50680005       0.1540099        0.66168398       2.1232384   2.0648113e-09      0.25869692      0.78709097      0.73090332       147.71332        35.25484        2860.894       1420.6898       13.835072        10.362571         3.4725005        4355.176                 21.071232                 395.73144                           2418.7671                      25.324203                1.8391315              6.3223655                         27.093343                                 38.067814             1420.6898      0.26960059
              1       2191.7807       3.0276239       0.9700606     0.023063773      0.11291381     0.050835943         1.8174551       1.0013952      0.99922698      0.99773239       72.904033     0.013935742       6.0548127       4.7485321       11.590833       13.807138        19.268712       78.893098        280.5611       40.896741       21.663968       73.709669      0.15655106        0.11652144        0.53249887      0.16435948        0.65112063       2.1365271   2.0648113e-09      0.25869692      0.78709097      0.73090332       147.71332        35.25484       2862.3047       1420.6898       13.487304        10.116065         3.3712392       4356.5868                 21.071232                 395.73144                           2420.1779                      25.324203                1.8391315              6.3223655                         27.093343                                 38.067814             1420.6898      0.26960059
              1       2191.2239       3.0276239       0.9700606     0.023063773      0.11291381     0.050835943         1.8174551       1.0013952      0.99934612      0.99778427       72.999762     0.020281072       6.0499224       4.6341753       11.657807       13.749638        19.298638       78.960126       282.07914       40.698003       21.808612       73.636727      0.14243568          0.121441        0.54561391      0.16929698        0.64743872       2.1555472   2.0648113e-09      0.25869692      0.78709097      0.73090332       147.71332        35.25484       2861.9892       1420.6898       13.088241        9.7831857         3.3050557       4356.2713                 21.071232                 395.73144                           2419.8624                      25.324203                1.8391315              6.3223655                         27.093343                                 38.067814             1420.6898      0.26960059
              3       2191.2495       3.0276239       0.9700606     0.023063773      0.11291381     0.050835943         1.8174551       1.0013952      0.99942929      0.99782863       72.778645     0.059555717       6.1330416       4.6197447       11.523794       13.885713        19.041937       78.853433       278.99846       41.102323       22.439712       73.617011      0.16685436        0.13299597        0.55125533      0.16801368        0.64593267       2.1259835   2.0648113e-09      0.25869692      0.78709097      0.73090332       147.71332        35.25484       2861.4328       1420.6898       13.392047        10.022793         3.3692538       4355.7148                 21.071232                 395.73144                           2419.3059                      25.324203                1.8391315              6.3223655                         27.093343                                 38.067814             1420.6898      0.26960059
              1       2191.0928       3.0276239       0.9700606     0.023063773      0.11291381     0.050835943         1.8174551       1.0013952       0.9992332      0.99796291       72.965926      0.07533754       6.1867649       4.3287692       11.619822        13.55293        19.095408       79.537221       279.69021        41.34714       22.824037       73.112534      0.11932271        0.11358064        0.52731341      0.14704335        0.62868977       2.1946051   2.0648113e-09      0.25869692      0.78709097      0.73090332       147.71332        35.25484       2861.4122       1420.6898       13.245606        9.9863806          3.259225       4355.6943                 21.071232                 395.73144                           2419.2854                      25.324203                1.8391315              6.3223655                         27.093343                                 38.067814             1420.6898      0.26960059
              2       2191.0415       3.0276239       0.9700606     0.023063773      0.11291381     0.050835943         1.8174551       1.0013952      0.99916413      0.99803762       72.673379     0.044167297       6.0882176       4.7222372       11.733897       13.354362        19.233502       80.016414       283.19854       40.571802       23.023096       74.148836      0.14097665        0.10970981        0.47857004      0.15446178        0.63114502       2.2153643   2.0648113e-09      0.25869692      0.78709097      0.73090332       147.71332        35.25484       2861.5075       1420.6898       13.146728        9.7605552         3.3861727       4355.7896                 21.071232                 395.73144                           2419.3806                      25.324203                1.8391315              6.3223655                         27.093343                                 38.067814             1420.6898      0.26960059
              1       2192.6741       3.0276239       0.9700606     0.023063773      0.11291381     0.050835943         1.8174551       1.0013952      0.99909306      0.99813087       72.972982      0.03650487       6.1722621       4.7098667       11.648236        13.31773        19.725063       80.226456       281.98808       41.136032       23.034185       74.334118      0.17090297        0.10400092        0.48783849      0.15499834        0.61521023       2.1734195   2.0648113e-09      0.25869692      0.78709097      0.73090332       147.71332        35.25484       2863.2446       1420.6898       13.910804        10.456466          3.454338       4357.5267                 21.071232                 395.73144                           2421.1177                      25.324203                1.8391315              6.3223655                         27.093343                                 38.067814             1420.6898      0.26960059
              2       2192.1916       3.0276239       0.9700606     0.023063773      0.11291381     0.050835943         1.8174551       1.0013952      0.99947461      0.99790683       73.599922     0.067570155       6.2357198        4.650921       11.076111       12.387435        19.581801       80.720018       292.86929       40.250765       23.147064       73.914386      0.18364881        0.12956631        0.45295796      0.13537594        0.60271605       2.0825632   2.0648113e-09      0.25869692      0.78709097      0.73090332       147.71332        35.25484       2864.8041       1420.6898       12.648528        9.1700255         3.4785024       4359.0862                 21.071232                 395.73144                           2422.6773                      25.324203                1.8391315              6.3223655                         27.093343                                 38.067814             1420.6898      0.26960059
              1       2192.5613       3.0276239       0.9700606     0.023063773      0.11291381     0.050835943         1.8174551       1.0013952      0.99972528      0.99785517       73.615547     0.049596469       6.2621438       5.1001215       11.099611       12.449742        18.539614       81.394342       286.26194       38.884176       24.709029       72.565871      0.17075329        0.11597512        0.46593666      0.12383742         0.6006786       2.0924826   2.0648113e-09      0.25869692      0.78709097      0.73090332       147.71332        35.25484       2865.4929       1420.6898       12.673809        8.9018495         3.7719597        4359.775                 21.071232                 395.73144                           2423.3661                      25.324203                1.8391315              6.3223655                         27.093343                                 38.067814             1420.6898      0.26960059
              1       2193.5788       3.0276239       0.9700606     0.023063773      0.11291381     0.050835943         1.8174551       1.0013952      0.99984977      0.99766419       73.777949      0.14951011       6.2757913       4.7913349       11.543123       13.287542        18.693128        80.66571       281.16756       39.789564        24.76126       71.226966      0.16355614       0.097853018        0.48050345      0.16022075        0.62005214       2.0416496   2.0648113e-09      0.25869692      0.78709097      0.73090332       147.71332        35.25484       2867.1995       1420.6898       12.838027        9.2406628         3.5973638       4361.4816                 21.071232                 395.73144                           2425.0726                      25.324203                1.8391315              6.3223655                         27.093343                                 38.067814             1420.6898      0.26960059
              1       2192.9902       3.0276239       0.9700606     0.023063773      0.11291381     0.050835943         1.8174551       1.0013952      0.99987583      0.99772122       73.988608      0.10589112       6.2655731       5.0892279       11.902085       13.429913        18.626784        81.12281       281.19506          41.084       24.253028       70.900709      0.16035286        0.12535513        0.51692045      0.19199523        0.62343586       2.0230355   2.0648113e-09      0.25869692      0.78709097      0.73090332       147.71332        35.25484       2866.0681       1420.6898       12.815124        9.0465387         3.7685854       4360.3501                 21.071232                 395.73144                           2423.9412                      25.324203                1.8391315              6.3223655                         27.093343                                 38.067814             1420.6898      0.26960059
              6       2192.6044       3.0276239       0.9700606     0.023063773      0.11291381     0.050835943         1.8174551       1.0018073      0.99986578      0.99771815       73.895036      0.10665062       6.2845248        5.074274        11.92222       13.366972        18.580388       81.104684       280.61898       41.149004       24.247099       70.841399      0.15934718        0.12832888        0.51429524      0.19599064        0.62813623       2.0234454   2.0648113e-09      0.25869692      0.78709097      0.73090332       147.71332        35.25484       2865.2742       1420.6898       12.826281         9.048095         3.7781855       4359.5563                 21.032797                 395.73573                            2422.608                      25.897705                1.8391315              6.3223655                         27.093343                                 38.067814             1420.6898      0.26960059
              4       2192.0094       3.0276239       0.9700606     0.023063773      0.11291381     0.050835943         1.8174551       1.0018073      0.99981653      0.99767791       73.989252     0.095508263       6.2940079       5.0426261       11.647754       13.352193        18.768619       81.298244       278.31765       40.020101       23.718028        70.68049      0.15134999        0.13107562         0.4816091      0.20702955         0.6338442        2.040587   2.0648113e-09      0.25869692      0.78709097      0.73090332       147.71332        35.25484       2865.0915       1420.6898       12.322643        8.5547473         3.7678955       4359.3735                 21.032797                 395.73573                           2422.4252                      25.897705                1.8391315              6.3223655                         27.093343                                 38.067814             1420.6898      0.26960059
              2       2191.7092       3.0276239       0.9700606     0.023063773      0.11291381     0.050835943         1.8174551       1.0018073      0.99978483      0.99773936       73.853396     0.088268471       6.2952157       4.8785355       11.602392       13.479364        19.011059        81.28573       282.56648       40.309509       23.563644       70.470005      0.15119449        0.13021548        0.47874579      0.19887911        0.62896572       2.0775128   2.0648113e-09      0.25869692      0.78709097      0.73090332       147.71332        35.25484       2864.5627       1420.6898       12.286778        8.6185546          3.668223       4358.8447                 21.032797                 395.73573                           2421.8965                      25.897705                1.8391315              6.3223655                         27.093343                                 38.067814             1420.6898      0.26960059
              8       2191.2352       3.0276239       0.9700606     0.023063773      0.11291381     0.050835943         1.8174551       1.0018073      0.99974759      0.99781483       73.748118     0.066719222       6.1727677       4.6639067       11.715759       13.467834        18.742112       81.511794       280.99074       40.102146        23.41299       70.818267      0.13973182        0.13571039        0.49543358      0.21340754        0.63204568       2.0849299   2.0648113e-09      0.25869692      0.78709097      0.73090332       147.71332        35.25484       2864.0525       1420.6898       12.067921         8.638983         3.4289384       4358.3345                 21.032797                 395.73573                           2421.3862                      25.897705                1.8391315              6.3223655                         27.093343                                 38.067814             1420.6898      0.26960059
              3       2191.1663       3.0276239       0.9700606     0.023063773      0.11291381     0.050835943         1.8174551       1.0018073      0.99975747      0.99780983       73.802528     0.064686755       6.1690211       4.6707015       11.682294       13.472574        18.781401       81.482379       281.56022       40.118241       23.354659       70.658605      0.13667243        0.13884025        0.49232601      0.21537027        0.63632198       2.0815354   2.0648113e-09      0.25869692      0.78709097      0.73090332       147.71332        35.25484        2864.051       1420.6898       11.999807        8.5704205         3.4293866       4358.3331                 21.032797                 395.73573                           2421.3848                      25.897705                1.8391315              6.3223655                         27.093343                                 38.067814             1420.6898      0.26960059
              1       2191.8749       3.0276239       0.9700606     0.023063773      0.11291381     0.050835943         1.8174551       1.0018073      0.99966479      0.99770469       74.130161     0.049582373       6.2262399       4.8141188       11.232831       13.177229        18.711066       81.077656        278.5102         40.4307       23.473677       71.053591      0.16678586        0.11503485        0.49359814      0.18392399        0.65223486       2.0338627   2.0648113e-09      0.25869692      0.78709097      0.73090332       147.71332        35.25484       2865.1468       1420.6898       12.160463        8.5963981         3.5640652       4359.4289                 21.032797                 395.73573                           2422.4806                      25.897705                1.8391315              6.3223655                         27.093343                                 38.067814             1420.6898      0.26960059
              4        2190.805       3.0276239       0.9700606     0.023063773      0.11291381     0.050835943         1.8174551       1.0018073      0.99959469      0.99772835       73.980708     0.044545959       6.1952496        4.768575       11.271432       13.045718        18.625745        80.94269       280.76209       40.968769       23.391635        71.28762      0.14700704         0.1215108        0.50943247      0.17695994        0.67094135       2.0355099   2.0648113e-09      0.25869692      0.78709097      0.73090332       147.71332        35.25484       2863.7038       1420.6898       11.812094        8.3032935         3.5088006       4357.9858                 21.032797                 395.73573                           2421.0375                      25.897705                1.8391315              6.3223655                         27.093343                                 38.067814             1420.6898      0.26960059
              3       2190.1359       3.0276239       0.9700606     0.023063773      0.11291381     0.050835943         1.8174551       1.0018073      0.99946567      0.99778257       73.781868     0.040351464        5.984853       4.8998161       11.074455       12.997301        18.713379       80.425229       281.93021       41.283516       23.366511       71.937351      0.14500686        0.13537336        0.53949006      0.18027944        0.68444338       2.1227405   2.0648113e-09      0.25869692      0.78709097      0.73090332       147.71332        35.25484       2862.1991       1420.6898       11.895332        8.5024255         3.3929067       4356.4812                 21.032797                 395.73573                           2419.5329                      25.897705                1.8391315              6.3223655                         27.093343                                 38.067814             1420.6898      0.26960059
              3       2190.1293       3.0276239       0.9700606     0.023063773      0.11291381     0.050835943         1.8174551       1.0017944      0.99946567      0.99778257       73.781868     0.040351464        5.984853       4.8998161       11.074455       12.997301        18.713379       80.425229       281.93021       41.283516       23.366511       71.937351      0.14500686        0.13537336        0.53949006      0.18027944        0.68444338       2.1227405   2.0648113e-09      0.25869692      0.78709097      0.73090332       147.71332        35.25484       2862.1932       1420.6898       11.891618        8.4987109         3.3929067       4356.4753                 21.033989                 395.73573                           2419.5439                      25.879629                1.8391315              6.3223655                         27.093343                                 38.067814             1420.6898      0.26960059
              5       2190.2422       3.0276239       0.9700606     0.023063773      0.11291381     0.050835943         1.8174551       1.0017944      0.99946894      0.99778622       73.865826     0.029674164       5.9446804       4.8269433       10.938127       13.000943        18.705651       80.444175       281.70759       40.981503       23.488358       71.934041      0.14165853        0.12906954        0.53950813      0.17655542        0.68918844       2.1161327   2.0648113e-09      0.25869692      0.78709097      0.73090332       147.71332        35.25484       2862.7856       1420.6898       11.708413        8.3902835         3.3181299       4357.0677                 21.033989                 395.73573                           2420.1363                      25.879629                1.8391315              6.3223655                         27.093343                                 38.067814             1420.6898      0.26960059
              3       2189.6707       3.0276239       0.9700606     0.023063773      0.11291381     0.050835943         1.8174551       1.0017944      0.99941058      0.99779461       73.668543      0.01264703       6.0454221        4.581696       10.745689       12.713733        18.466198       80.436148       279.33443       41.158866       23.075102        72.20013      0.11460507        0.11307433        0.53698054      0.16913921        0.67553238       2.0972592   2.0648113e-09      0.25869692      0.78709097      0.73090332       147.71332        35.25484       2861.7377       1420.6898       11.660826        8.3874946         3.2733312       4356.0198                 21.033989                 395.73573                           2419.0884                      25.879629                1.8391315              6.3223655                         27.093343                                 38.067814             1420.6898      0.26960059
              1       2189.9436       3.0276239       0.9700606     0.023063773      0.11291381     0.050835943         1.8174551       1.0017944      0.99931799      0.99771111       73.705823     0.011028593       6.0102779       4.7755355       10.750666       12.827363        18.523767       80.592903        281.6391       41.051627       22.546905        72.75068      0.12656821        0.10730085        0.53419909      0.15326978        0.67823886       2.0160215   2.0648113e-09      0.25869692      0.78709097      0.73090332       147.71332        35.25484       2861.3886       1420.6898       12.108321        8.7612445         3.3470769       4355.6706                 21.033989                 395.73573                           2418.7392                      25.879629                1.8391315              6.3223655                         27.093343                                 38.067814             1420.6898      0.26960059
              1       2190.1576       3.0276239       0.9700606     0.023063773      0.11291381     0.050835943         1.8174551       1.0017944      0.99939148      0.99771131       73.679341     0.010890763       6.1398715       4.6953336       10.835444        12.81435        18.476105       80.647816       282.08787       40.726032       22.297414       72.538519      0.11680474        0.11002713        0.54270687      0.14718937        0.67181708       2.0069099   2.0648113e-09      0.25869692      0.78709097      0.73090332       147.71332        35.25484       2861.5289       1420.6898       12.252103        8.8350163         3.4170867        4355.811                 21.033989                 395.73573                           2418.8796                      25.879629                1.8391315              6.3223655                         27.093343                                 38.067814             1420.6898      0.26960059
              2       2190.1994       3.0276239       0.9700606     0.023063773      0.11291381     0.050835943         1.8174551       1.0018756      0.99939148      0.99771131       73.679341     0.010890763       6.1398715       4.6953336       10.835444        12.81435        18.476105       80.647816       282.08787       40.726032       22.297414       72.538519      0.11680474        0.11002713        0.54270687      0.14718937        0.67181708       2.0069099   2.0648113e-09      0.25869692      0.78709097      0.73090332       147.71332        35.25484       2861.5649       1420.6898       12.275928        8.8588418         3.4170867        4355.847                 21.026496                 395.73865                           2418.8062                      25.993565                1.8391315              6.3223655                         27.093343                                 38.067814             1420.6898      0.26960059
              2       2190.6211       3.0276239       0.9700606     0.023063773      0.11291381     0.050835943         1.8174551       1.0018756      0.99930348      0.99767923       73.783282     0.093145961       6.2787196       4.8153696       11.168685       13.405247        19.306872       80.018024       276.31424       40.115699       22.611117       72.091898      0.11914801        0.11300528         0.5392029      0.18741908        0.65094505       2.0022052   2.0648113e-09      0.25869692      0.78709097      0.73090332       147.71332        35.25484       2861.2391       1420.6898       12.860561        9.2461347         3.6144266       4355.5211                 21.026496                 395.73865                           2418.4804                      25.993565                1.8391315              6.3223655                         27.093343                                 38.067814             1420.6898      0.26960059
              4       2190.8124       3.0276239       0.9700606     0.023063773      0.11291381     0.050835943         1.8174551       1.0018756      0.99927687      0.99768366       73.763467     0.098902215       6.2582458       4.6848159        11.20947       13.377415        19.227534       79.917353       277.31706       40.171508       22.688337       72.166972      0.11792088        0.11811339        0.55031563      0.19057272        0.65135654       2.0097713   2.0648113e-09      0.25869692      0.78709097      0.73090332       147.71332        35.25484       2861.5806       1420.6898       12.881107         9.362484          3.518623       4355.8626                 21.026496                 395.73865                           2418.8219                      25.993565                1.8391315              6.3223655                         27.093343                                 38.067814             1420.6898      0.26960059
              4       2191.0421       3.0276239       0.9700606     0.023063773      0.11291381     0.050835943         1.8174551       1.0018756      0.99929049      0.99760519       73.678722       0.0958094       6.2390767        4.737682       11.284418       13.312837        19.197012       79.927585       277.00286       39.758427       22.628397       72.241563      0.12840841        0.12882979        0.55215864      0.18616114        0.66193257       2.0123337   2.0648113e-09      0.25869692      0.78709097      0.73090332       147.71332        35.25484       2862.1028       1420.6898       12.849665        9.3181953         3.5314696       4356.3849                 21.026496                 395.73865                           2419.3441                      25.993565                1.8391315              6.3223655                         27.093343                                 38.067814             1420.6898      0.26960059
              3       2191.0001       3.0276239       0.9700606     0.023063773      0.11291381     0.050835943         1.8174551       1.0018756       0.9992957      0.99760633       73.681657     0.095370793        6.252497       4.7545455       11.302235        13.32799         19.19617       79.917617       277.02562       39.780804       22.651719       72.258869      0.12880117        0.12895935        0.55182851      0.18799542        0.66302713       2.0115131   2.0648113e-09      0.25869692      0.78709097      0.73090332       147.71332        35.25484       2861.9808       1420.6898        12.86866        9.3148731          3.553787       4356.2629                 21.026496                 395.73865                           2419.2221                      25.993565                1.8391315              6.3223655                         27.093343                                 38.067814             1420.6898      0.26960059
              4       2190.7154       3.0276239       0.9700606     0.023063773      0.11291381     0.050835943         1.8174551       1.0018756      0.99923833      0.99780457       73.778436     0.099949921       6.1229924       4.6196947       10.805523       13.239192        19.309937       79.385116       279.99154       39.049099       22.298661       72.760624      0.10473668        0.14947386        0.54266378      0.19778574        0.64427416       1.9786985   2.0648113e-09      0.25869692      0.78709097      0.73090332       147.71332        35.25484       2862.0549       1420.6898       12.546947        9.1865183         3.3604286        4356.337                 21.026496                 395.73865                           2419.2962                      25.993565                1.8391315              6.3223655                         27.093343                                 38.067814             1420.6898      0.26960059
              1       2190.9398       3.0276239       0.9700606     0.023063773      0.11291381     0.050835943         1.8174551       1.0018756      0.99903235      0.99792454        74.03336      0.12572565       6.1257997       4.5540285       10.874126       12.969611        19.061109       79.527067       277.03953       39.956382       22.593089       72.842954      0.12779527        0.15784866        0.53566071      0.20123865        0.63365585       1.9854407   2.0648113e-09      0.25869692      0.78709097      0.73090332       147.71332        35.25484       2862.0843       1420.6898       12.756565        9.4293463         3.3272184       4356.3664                 21.026496                 395.73865                           2419.3256                      25.993565                1.8391315              6.3223655                         27.093343                                 38.067814             1420.6898      0.26960059
              1       2191.4346       3.0276239       0.9700606     0.023063773      0.11291381     0.050835943         1.8174551        1.002104      0.99903235      0.99792454        74.03336      0.12572565       6.1257997       4.5540285       10.874126       12.969611        19.061109       79.527067       277.03953       39.956382       22.593089       72.842954      0.12779527        0.15784866        0.53566071      0.20123865        0.63365585       1.9854407   2.0648113e-09      0.25869692      0.78709097      0.73090332       147.71332        35.25484       2862.9285       1420.6898       12.829289        9.5020711         3.3272184       4357.2105                  21.00553                  395.7446                           2419.8622                      26.316175                1.8391315              6.3223655                         27.093343                                 38.067814             1420.6898      0.26960059
              2       2193.8455       3.0276239       0.9700606     0.023063773      0.11291381     0.050835943         1.8174551        1.002104       0.9992015      0.99811503       74.311141      0.09448754       6.5136091       4.8399425       11.184364       13.149019        19.764748       79.715949       274.67822       40.890804         21.5267       71.632723      0.15499544        0.17111708        0.56800706      0.20529187        0.49784348       1.8226799   2.0648113e-09      0.25869692      0.78709097      0.73090332       147.71332        35.25484       2860.9602       1420.6898       16.224337        12.362487         3.8618499       4355.2423                  21.00553                  395.7446                           2417.8939                      26.316175                1.8391315              6.3223655                         27.093343                                 38.067814             1420.6898      0.26960059
              1       2193.7846       3.0276239       0.9700606     0.023063773      0.11291381     0.050835943         1.8174551        1.002104      0.99918684      0.99823503       74.422122     0.095742506        6.704095       5.1184473       10.971459       13.143312        19.864028       80.042861       275.46804       40.725238       21.237503       72.303986       0.1523047        0.17850303        0.56459112      0.21472232        0.48791362       1.8789564   2.0648113e-09      0.25869692      0.78709097      0.73090332       147.71332        35.25484       2859.4139       1420.6898       16.936614        12.682451         4.2541628       4353.6959                  21.00553                  395.7446                           2416.3476                      26.316175                1.8391315              6.3223655                         27.093343                                 38.067814             1420.6898      0.26960059
              3       2193.8627       3.0276239       0.9700606     0.023063773      0.11291381     0.050835943         1.8174551       1.0021678      0.99918684      0.99823503       74.422122     0.095742506        6.704095       5.1184473       10.971459       13.143312        19.864028       80.042861       275.46804       40.725238       21.237503       72.303986       0.1523047        0.17850303        0.56459112      0.21472232        0.48791362       1.8789564   2.0648113e-09      0.25869692      0.78709097      0.73090332       147.71332        35.25484       2859.5265       1420.6898       16.958407        12.704244         4.2541628       4353.8085                 20.999705                  395.7446                           2416.3754                      26.406733                1.8391315              6.3223655                         27.093343                                 38.067814             1420.6898      0.26960059
              1       2194.2076       3.0276239       0.9700606     0.023063773      0.11291381     0.050835943         1.8174551       1.0012598      0.99918684      0.99823503       74.422122     0.095742506        6.704095       5.1184473       10.971459       13.143312        19.864028       80.042861       275.46804       40.725238       21.237503       72.303986       0.1523047        0.17850303        0.56459112      0.21472232        0.48791362       1.8789564   2.0648113e-09      0.25869692      0.78709097      0.73090332       147.71332        35.25484       2860.7142       1420.6898       16.709442        12.455279         4.2541628       4354.9963                 21.083993                 395.73144                            2418.761                      25.137849                1.8391315              6.3223655                         27.093343                                 38.067814             1420.6898      0.26960059
              1       2193.4222       3.0276239       0.9700606     0.023063773      0.11291381     0.050835943         1.8174551       1.0012598      0.99921475      0.99825215       74.392369     0.084849337       6.5875496       5.0235869        10.94124       13.203784        19.767065       79.942788       275.30345       40.754781       21.379951       72.813899      0.15011446        0.17381344        0.56299884      0.19686555        0.48797609       1.9267859   2.0648113e-09      0.25869692      0.78709097      0.73090332       147.71332        35.25484       2860.0053       1420.6898       16.278529        12.218309         4.0602202       4354.2874                 21.083993                 395.73144                           2418.0521                      25.137849                1.8391315              6.3223655                         27.093343                                 38.067814             1420.6898      0.26960059
              3       2193.9257       3.0276239       0.9700606     0.023063773      0.11291381     0.050835943         1.8174551       1.0012598      0.99924006       0.9982427       74.384928     0.098156746       6.6670352       4.7917805       10.920021       13.295145        19.694655       79.658658        274.5022       41.041135       21.560779       73.282237      0.14366018         0.1672253        0.56376119      0.18720447        0.47495549       1.9678203   2.0648113e-09      0.25869692      0.78709097      0.73090332       147.71332        35.25484       2860.9277       1420.6898       16.320875         12.33054         3.9903353       4355.2097                 21.083993                 395.73144                           2418.9744                      25.137849                1.8391315              6.3223655                         27.093343                                 38.067814             1420.6898      0.26960059
              3       2195.1017       3.0276239       0.9700606     0.023063773      0.11291381     0.050835943         1.8174551       1.0012598      0.99918401      0.99804023       74.135037     0.068451037       6.7165346        4.582181        10.59507       13.400704        20.062838       79.953364       276.58419        41.93382       21.430716       72.290645      0.13681251        0.13275101        0.54608706      0.20813127        0.42034348       1.9423495   2.0648113e-09      0.25869692      0.78709097      0.73090332       147.71332        35.25484       2861.9397       1420.6898       16.990806        13.085866         3.9049398       4356.2218                 21.083993                 395.73144                           2419.9865                      25.137849                1.8391315              6.3223655                         27.093343                                 38.067814             1420.6898      0.26960059
              3       2195.2304       3.0276239       0.9700606     0.023063773      0.11291381     0.050835943         1.8174551       1.0012598       0.9991753      0.99804924       74.071807     0.075949687       6.6768584       4.5119264       10.627088       13.411385         20.08462       80.055051       276.52278       41.878264        21.33534       72.312101      0.13735149        0.13603385        0.54565191      0.21197066        0.41783642       1.9407022   2.0648113e-09      0.25869692      0.78709097      0.73090332       147.71332        35.25484       2862.1037       1420.6898       17.037519        13.218197         3.8193221       4356.3857                 21.083993                 395.73144                           2420.1504                      25.137849                1.8391315              6.3223655                         27.093343                                 38.067814             1420.6898      0.26960059
              1       2196.1624       3.0276239       0.9700606     0.023063773      0.11291381     0.050835943         1.8174551       1.0012598      0.99904833      0.99823403       74.209362     0.088632094       6.7099259       4.3841058       10.605356       13.350545        20.278656       80.046272       279.09334       41.951908       21.008609       72.181596      0.12905627        0.13284679        0.53848349      0.19899576        0.40287382       1.9090486   2.0648113e-09      0.25869692      0.78709097      0.73090332       147.71332        35.25484       2862.6952       1420.6898       17.673743        13.901512         3.7722318       4356.9772                 21.083993                 395.73144                           2420.7419                      25.137849                1.8391315              6.3223655                         27.093343                                 38.067814             1420.6898      0.26960059
              3       2196.0774       3.0276239       0.9700606     0.023063773      0.11291381     0.050835943         1.8174551       1.0012598      0.99904272      0.99818746       74.152186     0.087604267       6.8113622        4.365646       10.551694       13.308092        20.388173       80.033848       279.86025       41.891532       21.075172       71.904174      0.11911274        0.13188393        0.55785639      0.18919295        0.41574458       1.8855138   2.0648113e-09      0.25869692      0.78709097      0.73090332       147.71332        35.25484        2862.824       1420.6898       17.524428        13.661228            3.8632        4357.106                 21.083993                 395.73144                           2420.8707                      25.137849                1.8391315              6.3223655                         27.093343                                 38.067814             1420.6898      0.26960059
              2       2196.7358       3.0276239       0.9700606     0.023063773      0.11291381     0.050835943         1.8174551       1.0012598      0.99906721      0.99817528       73.818991     0.098245362       6.7409596       4.1748694       11.307121       12.862085        21.160227       80.109859       286.25371       41.930845       21.666814       73.808556     0.067615294        0.11261622        0.53306843      0.19434589         0.4605028        1.907428   2.0648113e-09      0.25869692      0.78709097      0.73090332       147.71332        35.25484       2865.3519       1420.6898       16.918822        13.244826         3.6739963       4359.6339                 21.083993                 395.73144                           2423.3986                      25.137849                1.8391315              6.3223655                         27.093343                                 38.067814             1420.6898      0.26960059
              1       2196.7576       3.0276239       0.9700606     0.023063773      0.11291381     0.050835943         1.8174551       1.0012598      0.99909966       0.9981552       73.905326     0.095139157       6.7625544       4.1628266       11.331055       12.830227        21.060162       80.088991       285.75061       42.031873       21.497559        73.66104     0.064247145       0.099147846        0.53194821      0.18103366        0.46198217       1.9173292   2.0648113e-09      0.25869692      0.78709097      0.73090332       147.71332        35.25484       2864.7825       1420.6898       17.225278        13.537597         3.6876809       4359.0646                 21.083993                 395.73144                           2422.8293                      25.137849                1.8391315              6.3223655                         27.093343                                 38.067814             1420.6898      0.26960059
              1       2198.1898       3.0276239       0.9700606     0.023063773      0.11291381     0.050835943         1.8174551       1.0012598      0.99929154      0.99813094       74.622902      0.12847343       6.9004324       4.1793012       11.624421       13.047145        19.419758       79.597862       271.96468       38.852742       23.856408       71.798622     0.058908787       0.081956241        0.48166224      0.23154892        0.40012371       1.7966679   2.0648113e-09      0.25869692      0.78709097      0.73090332       147.71332        35.25484        2862.408       1420.6898       19.844783        16.009548         3.8352353       4356.6901                 21.083993                 395.73144                           2420.4547                      25.137849                1.8391315              6.3223655                         27.093343                                 38.067814             1420.6898      0.26960059
              1       2198.1598       3.0276239       0.9700606     0.023063773      0.11291381     0.050835943         1.8174551       1.0012598      0.99928375       0.9981118       74.661325      0.13105971       6.8857182       4.2560117       11.544745       13.067739        19.494857       79.611648       271.25804       38.660283       23.957304       71.915319     0.069125176       0.074416475        0.48770891      0.22521698        0.40575317       1.7902471   2.0648113e-09      0.25869692      0.78709097      0.73090332       147.71332        35.25484       2862.9299       1420.6898        19.55386        15.684677         3.8691833       4357.2119                 21.083993                 395.73144                           2420.9766                      25.137849                1.8391315              6.3223655                         27.093343                                 38.067814             1420.6898      0.26960059
              1       2198.1972       3.0276239       0.9700606     0.023063773      0.11291381     0.050835943         1.8174551       1.0012598      0.99928561      0.99810395       74.703118      0.12529364       6.8935756        4.284666       11.536825       13.064435        19.493613       79.582798       271.68494       38.648601       23.986999       72.040657     0.069392304       0.073736383        0.48249056      0.22732158        0.40519255       1.7948799   2.0648113e-09      0.25869692      0.78709097      0.73090332       147.71332        35.25484        2862.916       1420.6898       19.598133         15.70241         3.8957228       4357.1981                 21.083993                 395.73144                           2420.9628                      25.137849                1.8391315              6.3223655                         27.093343                                 38.067814             1420.6898      0.26960059
              1       2196.3837       3.0276239       0.9700606     0.023063773      0.11291381     0.050835943         1.8174551       1.0012598      0.99919735      0.99820731       74.684906      0.09907676       6.9483727       4.1838008       11.484851       13.414227        19.370206       79.658516        271.4223       38.263711       23.979349       71.847801     0.062643743       0.079791727        0.47938016      0.21369455        0.42912985       1.7881678   2.0648113e-09      0.25869692      0.78709097      0.73090332       147.71332        35.25484       2860.2147       1420.6898       19.135293        15.248082         3.8872113       4354.4967                 21.083993                 395.73144                           2418.2614                      25.137849                1.8391315              6.3223655                         27.093343                                 38.067814             1420.6898      0.26960059
              1       2196.3973       3.0276239       0.9700606     0.023063773      0.11291381     0.050835943         1.8174551       1.0012598      0.99919771       0.9982065       74.679724     0.098993339       6.9503515       4.1899612       11.483305        13.41699        19.371992       79.661005       271.43269       38.264358       23.965987       71.832325     0.063196301       0.079742872        0.47886135      0.21392015        0.42890591       1.7874466   2.0648113e-09      0.25869692      0.78709097      0.73090332       147.71332        35.25484       2860.2556       1420.6898       19.128459        15.235231         3.8932278       4354.5377                 21.083993                 395.73144                           2418.3024                      25.137849                1.8391315              6.3223655                         27.093343                                 38.067814             1420.6898      0.26960059
              1       2196.1624       3.0276239       0.9700606     0.023063773      0.11291381     0.050835943         1.8174551       1.0012598      0.99921855      0.99819869       74.643526      0.10319001       6.9473791       4.2503275         11.4739        13.48377        19.343599       79.625236       270.97147       38.361057       23.988541        71.88922     0.058245581       0.081406775        0.47816026      0.21338216        0.43075353        1.794981   2.0648113e-09      0.25869692      0.78709097      0.73090332       147.71332        35.25484       2859.5855       1420.6898       19.228624        15.299322         3.9293024       4353.8675                 21.083993                 395.73144                           2417.6322                      25.137849                1.8391315              6.3223655                         27.093343                                 38.067814             1420.6898      0.26960059
              7       2196.4565       3.0276239       0.9700606     0.023063773      0.11291381     0.050835943         1.8174551       1.0012598      0.99941127       0.9981768       74.382771     0.082185851       7.1684588       4.9048824       11.650701       13.674767        19.200023       78.997795       263.75833       38.036364       24.327744       70.381225     0.068533723         0.1034815        0.44061262      0.23057781        0.45691426       1.8291614   2.0648113e-09      0.25869692      0.78709097      0.73090332       147.71332        35.25484       2862.4252       1420.6898       18.102933         13.45996         4.6429732       4356.7072                 21.083993                 395.73144                           2420.4719                      25.137849                1.8391315              6.3223655                         27.093343                                 38.067814             1420.6898      0.26960059
              1       2195.4845       3.0276239       0.9700606     0.023063773      0.11291381     0.050835943         1.8174551       1.0012598      0.99946354      0.99810458       74.581076      0.12179526       7.1549726       4.9222834       11.764924       13.462387        19.079238       79.176625       259.15147       37.809808       25.010435       70.308872     0.053648381        0.11500235         0.4620311      0.21180574        0.45750283       1.8439379   2.0648113e-09      0.25869692      0.78709097      0.73090332       147.71332        35.25484       2860.2148       1420.6898       18.236133         13.59635         4.6397837       4354.4968                 21.083993                 395.73144                           2418.2615                      25.137849                1.8391315              6.3223655                         27.093343                                 38.067814             1420.6898      0.26960059
              1       2195.5237       3.0276239       0.9700606     0.023063773      0.11291381     0.050835943         1.8174551        1.001747      0.99946354      0.99810458       74.581076      0.12179526       7.1549726       4.9222834       11.764924       13.462387        19.079238       79.176625       259.15147       37.809808       25.010435       70.308872     0.053648381        0.11500235         0.4620311      0.21180574        0.45750283       1.8439379   2.0648113e-09      0.25869692      0.78709097      0.73090332       147.71332        35.25484       2860.0586       1420.6898       18.353327        13.713543         4.6397837       4354.3407                 21.038378                 395.73573                           2417.4713                      25.813244                1.8391315              6.3223655                         27.093343                                 38.067814             1420.6898      0.26960059
              1       2195.3948       3.0276239       0.9700606     0.023063773      0.11291381     0.050835943         1.8174551       1.0015351      0.99946354      0.99810458       74.581076      0.12179526       7.1549726       4.9222834       11.764924       13.462387        19.079238       79.176625       259.15147       37.809808       25.010435       70.308872     0.053648381        0.11500235         0.4620311      0.21180574        0.45750283       1.8439379   2.0648113e-09      0.25869692      0.78709097      0.73090332       147.71332        35.25484       2859.9121       1420.6898       18.297688        13.657905         4.6397837       4354.1941                 21.058108                 395.73295                           2417.6031                      25.517927                1.8391315              6.3223655                         27.093343                                 38.067814             1420.6898      0.26960059
              1       2193.9447       3.0276239       0.9700606     0.023063773      0.11291381     0.050835943         1.8174551       1.0015351      0.99957764      0.99816569        74.72342      0.10844759       6.9282834       5.2214055       10.947941       14.095554        18.532014       79.530404       251.13347       36.579692       25.902767       71.148406      0.10304877        0.10265759        0.38252634      0.19425358        0.47960132       1.8467781   2.0648113e-09      0.25869692      0.78709097      0.73090332       147.71332        35.25484       2860.4034       1420.6898       16.601965        12.010492         4.5914733       4354.6855                 21.058108                 395.73295                           2418.0945                      25.517927                1.8391315              6.3223655                         27.093343                                 38.067814             1420.6898      0.26960059
              1       2192.7106       3.0276239       0.9700606     0.023063773      0.11291381     0.050835943         1.8174551       1.0015351      0.99942985      0.99821802       74.730767      0.11370735       6.7023753       5.2396062       10.626459       13.952567        18.425663       79.560256       245.97802       35.236274       24.822248       71.013216      0.10459187        0.11112415          0.428742      0.19790215          0.488724       1.8707313   2.0648113e-09      0.25869692      0.78709097      0.73090332       147.71332        35.25484       2860.0298       1420.6898       15.554675        11.216256         4.3384189       4354.3118                 21.058108                 395.73295                           2417.7208                      25.517927                1.8391315              6.3223655                         27.093343                                 38.067814             1420.6898      0.26960059
              3       2192.6574       3.0276239       0.9700606     0.023063773      0.11291381     0.050835943         1.8174551       1.0015351      0.99946698      0.99821641       74.667713       0.1050537       6.7686288       5.2996991       10.572538       13.900853        18.373245       79.350893        243.9606       35.437716       24.864226       70.732975      0.10776355        0.11192824        0.43527426      0.19554831        0.50205451       1.8685477   2.0648113e-09      0.25869692      0.78709097      0.73090332       147.71332        35.25484       2860.7004       1420.6898       15.166186         10.70695         4.4592363       4354.9825                 21.058108                 395.73295                           2418.3915                      25.517927                1.8391315              6.3223655                         27.093343                                 38.067814             1420.6898      0.26960059
              1       2192.6721       3.0276239       0.9700606     0.023063773      0.11291381     0.050835943         1.8174551       1.0015351      0.99949589      0.99850601       74.656905     0.094358145       6.6348348       5.4553015       10.600685       13.968641        18.073667       79.585921       249.43076       36.173609       25.235124       71.747178      0.11199255       0.097637985        0.47405028      0.20045479        0.48733086       1.8187736   2.0648113e-09      0.25869692      0.78709097      0.73090332       147.71332        35.25484       2859.1699       1420.6898       15.946155        11.529797          4.416358       4353.4519                 21.058108                 395.73295                           2416.8609                      25.517927                1.8391315              6.3223655                         27.093343                                 38.067814             1420.6898      0.26960059
              3       2193.6499       3.0276239       0.9700606     0.023063773      0.11291381     0.050835943         1.8174551       1.0015351      0.99918098      0.99841094       74.770744       0.1061959       6.7260873       5.2593503       10.757995       14.005784        17.808472        79.65527       252.01875       36.559765       25.526549        71.81131      0.11484182       0.098441559        0.49708504      0.20619055        0.47373627       1.8606096   2.0648113e-09      0.25869692      0.78709097      0.73090332       147.71332        35.25484       2859.2925       1420.6898       16.862616        12.482586         4.3800295       4353.5746                 21.058108                 395.73295                           2416.9836                      25.517927                1.8391315              6.3223655                         27.093343                                 38.067814             1420.6898      0.26960059
              1       2193.6494       3.0276239       0.9700606     0.023063773      0.11291381     0.050835943         1.8174551       1.0015351      0.99918191      0.99841397       74.790357      0.10800038       6.7294096        5.264631       10.738764       13.990576        17.792771       79.684214       251.82779       36.520297       25.544658       71.837673      0.11588582       0.099004871        0.49775738      0.20714256        0.47562707       1.8625295   2.0648113e-09      0.25869692      0.78709097      0.73090332       147.71332        35.25484       2859.4605       1420.6898       16.778104         12.39039         4.3877134       4353.7426                 21.058108                 395.73295                           2417.1515                      25.517927                1.8391315              6.3223655                         27.093343                                 38.067814             1420.6898      0.26960059
              5       2194.5416       3.0276239       0.9700606     0.023063773      0.11291381     0.050835943         1.8174551       1.0015351      0.99917329      0.99845953        74.47407       0.1130908       6.6861822        5.417167       10.934763       14.180571        17.905513        79.51883        250.0863       36.293001         25.6002       71.720197      0.13300849       0.089579613        0.51189836      0.21342271        0.49617604       1.9148344   2.0648113e-09      0.25869692      0.78709097      0.73090332       147.71332        35.25484       2860.9382       1420.6898       16.931511        12.482905         4.4486064       4355.2203                 21.058108                 395.73295                           2418.6292                      25.517927                1.8391315              6.3223655                         27.093343                                 38.067814             1420.6898      0.26960059
              1       2193.4995       3.0276239       0.9700606     0.023063773      0.11291381     0.050835943         1.8174551       1.0015351      0.99898528      0.99847544       75.207139      0.14679712       6.8899374       5.0570404       11.292307       13.483509        18.525549       79.115303       246.81701       37.639773       25.123448       71.507832      0.13662538       0.095138637        0.45699331      0.21681394        0.52265155       2.0370345   2.0648113e-09      0.25869692      0.78709097      0.73090332       147.71332        35.25484       2860.5275       1420.6898       16.094681        11.671087         4.4235939       4354.8095                 21.058108                 395.73295                           2418.2185                      25.517927                1.8391315              6.3223655                         27.093343                                 38.067814             1420.6898      0.26960059
              2       2193.5442       3.0276239       0.9700606     0.023063773      0.11291381     0.050835943         1.8174551       1.0015351      0.99898643      0.99847342       75.212114      0.14704999       6.8927461       5.0547008       11.302594       13.489608        18.526489       79.122096       246.77895       37.624066       25.129742       71.504845      0.13720861       0.094981369        0.45748327      0.21675004        0.52300109       2.0371687   2.0648113e-09      0.25869692      0.78709097      0.73090332       147.71332        35.25484       2860.6034       1420.6898       16.101498        11.676329         4.4251693       4354.8855                 21.058108                 395.73295                           2418.2945                      25.517927                1.8391315              6.3223655                         27.093343                                 38.067814             1420.6898      0.26960059
              4       2193.7245       3.0276239       0.9700606     0.023063773      0.11291381     0.050835943         1.8174551       1.0015351      0.99898198      0.99846873       75.212118      0.14896458       6.8767225       5.0743909       11.293383       13.506551        18.544776       79.172384       246.76365       37.703758       25.111884       71.448746      0.13992934       0.094342104        0.45685374      0.21548476        0.52280936       2.0379901   2.0648113e-09      0.25869692      0.78709097      0.73090332       147.71332        35.25484       2860.8878       1420.6898       16.139609        11.718788         4.4208209       4355.1698                 21.058108                 395.73295                           2418.5788                      25.517927                1.8391315              6.3223655                         27.093343                                 38.067814             1420.6898      0.26960059
              2       2195.2017       3.0276239       0.9700606     0.023063773      0.11291381     0.050835943         1.8174551       1.0015351      0.99939315      0.99868457       73.313758      0.22205901        6.667811        5.755897       11.991351       14.156984        18.782282       77.820746       246.29052       34.295647       24.418037       72.452893      0.16133817        0.17040547        0.38434269       0.2092293        0.54058438       2.1636306   2.0648113e-09      0.25869692      0.78709097      0.73090332       147.71332        35.25484       2861.3932       1420.6898       17.364087          12.6828         4.6812864       4355.6753                 21.058108                 395.73295                           2419.0843                      25.517927                1.8391315              6.3223655                         27.093343                                 38.067814             1420.6898      0.26960059
              2       2194.7073       3.0276239       0.9700606     0.023063773      0.11291381     0.050835943         1.8174551       1.0015351      0.99943595      0.99883795       73.402853      0.22017742       6.8693234       5.8712896       11.955515       14.084373        18.375563       77.467008        252.0879       33.703228       24.801474       72.831956      0.15139202         0.1620582        0.39815782      0.23701818        0.52337961       2.1591833   2.0648113e-09      0.25869692      0.78709097      0.73090332       147.71332        35.25484       2859.5991       1420.6898       17.766744        12.737966         5.0287782       4353.8812                 21.058108                 395.73295                           2417.2902                      25.517927                1.8391315              6.3223655                         27.093343                                 38.067814             1420.6898      0.26960059
              4       2194.5818       3.0276239       0.9700606     0.023063773      0.11291381     0.050835943         1.8174551       1.0011047      0.99943595      0.99883795       73.402853      0.22017742       6.8693234       5.8712896       11.955515       14.084373        18.375563       77.467008        252.0879       33.703228       24.801474       72.831956      0.15139202         0.1620582        0.39815782      0.23701818        0.52337961       2.1591833   2.0648113e-09      0.25869692      0.78709097      0.73090332       147.71332        35.25484       2859.5298       1420.6898       17.675836        12.647058         5.0287782       4353.8119                 21.098707                 395.72979                           2417.7759                      24.925396                1.8391315              6.3223655                         27.093343                                 38.067814             1420.6898      0.26960059
              2       2195.0082       3.0276239       0.9700606     0.023063773      0.11291381     0.050835943         1.8174551       1.0008915      0.99942334      0.99899476       73.880556      0.23133427       6.9518132       5.3050273       11.827395       14.255058        18.785593       77.135151       237.02459       33.944765       24.125803       73.144441      0.14949292        0.16448315         0.4178032      0.22033058        0.52352993       2.0844211   2.0648113e-09      0.25869692      0.78709097      0.73090332       147.71332        35.25484       2860.8073       1420.6898       17.463575        12.779569          4.684006       4355.0893                 21.119061                 395.72852                            2419.324                      24.635667                1.8391315              6.3223655                         27.093343                                 38.067814             1420.6898      0.26960059
              1       2195.6881       3.0276239       0.9700606     0.023063773      0.11291381     0.050835943         1.8174551       1.0008915      0.99941695      0.99898002       73.835035      0.22160491       6.9621196       5.3202985       11.880309       14.261646        18.938842        76.94125       236.87082       34.071102       24.204205       73.266229      0.15970193        0.16554197        0.41481127      0.22322157         0.5154065       2.0785046   2.0648113e-09      0.25869692      0.78709097      0.73090332       147.71332        35.25484       2861.3433       1420.6898       17.875441         13.16693          4.708511       4355.6254                 21.119061                 395.72852                           2419.8601                      24.635667                1.8391315              6.3223655                         27.093343                                 38.067814             1420.6898      0.26960059
              1       2195.0548       3.0276239       0.9700606     0.023063773      0.11291381     0.050835943         1.8174551       1.0008915      0.99956425      0.99880175       73.847215      0.11927194       7.0451486       5.0089138       11.918873       14.046625        18.155223       76.694945       235.17784       34.820644       23.486086       73.080878      0.10913032        0.12727267        0.46729176      0.23648169        0.49170796       2.1337699   2.0648113e-09      0.25869692      0.78709097      0.73090332       147.71332        35.25484       2861.8738       1420.6898       16.976799         12.40458         4.5722184       4356.1559                 21.119061                 395.72852                           2420.3906                      24.635667                1.8391315              6.3223655                         27.093343                                 38.067814             1420.6898      0.26960059
              3       2195.2397       3.0276239       0.9700606     0.023063773      0.11291381     0.050835943         1.8174551       1.0008915      0.99956792       0.9988048       73.838563       0.1209118       7.0457687       4.9747186       11.924589       14.031622        18.156337       76.678428       235.06991        34.75653       23.520587       73.081874      0.10983183         0.1262134        0.46724107      0.24047215        0.49153369       2.1388246   2.0648113e-09      0.25869692      0.78709097      0.73090332       147.71332        35.25484       2862.2546       1420.6898       16.971309        12.424047         4.5472624       4356.5367                 21.119061                 395.72852                           2420.7714                      24.635667                1.8391315              6.3223655                         27.093343                                 38.067814             1420.6898      0.26960059
              2       2195.0942       3.0276239       0.9700606     0.023063773      0.11291381     0.050835943         1.8174551       1.0008915      0.99952468      0.99879563       73.872813      0.11911268       7.0518955       5.0009396       11.974094       13.958171        18.076718       76.690687       235.21107       34.793118        23.44476        72.97978      0.10199828        0.12737112        0.45756004      0.24461841        0.49315088       2.1392831   2.0648113e-09      0.25869692      0.78709097      0.73090332       147.71332        35.25484       2861.6765       1420.6898       17.114883        12.540539         4.5743442       4355.9586                 21.119061                 395.72852                           2420.1933                      24.635667                1.8391315              6.3223655                         27.093343                                 38.067814             1420.6898      0.26960059
              2       2195.0662       3.0276239       0.9700606     0.023063773      0.11291381     0.050835943         1.8174551       1.0008915      0.99952723      0.99879265       73.876137      0.12026549       7.0504366       5.0025736       11.978791       13.966729        18.056108       76.675751       235.12996       34.809245       23.459725       72.999104      0.10172484        0.12654836        0.45711581      0.24467011        0.49409346       2.1397759   2.0648113e-09      0.25869692      0.78709097      0.73090332       147.71332        35.25484       2861.6441       1420.6898       17.103164        12.529348         4.5738164       4355.9261                 21.119061                 395.72852                           2420.1608                      24.635667                1.8391315              6.3223655                         27.093343                                 38.067814             1420.6898      0.26960059
              1       2197.3565       3.0276239       0.9700606     0.023063773      0.11291381     0.050835943         1.8174551       1.0008915      0.99951286      0.99893063       73.842697      0.16077275       6.8645759       5.4082421       12.340484       14.428834        17.949155       77.400624       235.56317       34.987818       23.023502       72.534613      0.11270176        0.13696535        0.44349579      0.24033918        0.45076247       2.0900631   2.0648113e-09      0.25869692      0.78709097      0.73090332       147.71332        35.25484       2862.0672       1420.6898       19.181873        14.525786         4.6560868       4356.3493                 21.119061                 395.72852                            2420.584                      24.635667                1.8391315              6.3223655                         27.093343                                 38.067814             1420.6898      0.26960059
              4       2197.7006       3.0276239       0.9700606     0.023063773      0.11291381     0.050835943         1.8174551       1.0008915      0.99944593      0.99886858       73.922482       0.1709146       6.9278057       5.3046856       12.480133       14.493871          18.0897       77.375633        235.3437       34.789275       22.885905       72.501882      0.12484403        0.13728503        0.44857415      0.24513788        0.45571202       2.0899949   2.0648113e-09      0.25869692      0.78709097      0.73090332       147.71332        35.25484       2862.8314       1420.6898        19.14384        14.489582         4.6542579       4357.1134                 21.119061                 395.72852                           2421.3481                      24.635667                1.8391315              6.3223655                         27.093343                                 38.067814             1420.6898      0.26960059
              3        2197.517       3.0276239       0.9700606     0.023063773      0.11291381     0.050835943         1.8174551       1.0008915      0.99963818      0.99877745       72.614658      0.24249781       7.0075945       5.6560694       12.645379        14.53078        17.682194       77.461702       233.55424       32.096766       24.452791       73.220298     0.093297387        0.10896616        0.40811389      0.23730193        0.49921383       2.1477209   2.0648113e-09      0.25869692      0.78709097      0.73090332       147.71332        35.25484       2863.0479       1420.6898       18.852029        13.818329         5.0336994       4357.3299                 21.119061                 395.72852                           2421.5646                      24.635667                1.8391315              6.3223655                         27.093343                                 38.067814             1420.6898      0.26960059
              1       2196.7497       3.0276239       0.9700606     0.023063773      0.11291381     0.050835943         1.8174551       1.0008915      0.99973872      0.99887148       71.472874     0.089671933       6.9147447       5.6194829       12.212847       14.868855        18.045282       77.988234       234.21581       31.412465       23.564587       73.778677     0.068675018        0.11919459        0.42584497      0.21669803        0.59383498       2.0362996   2.0648113e-09      0.25869692      0.78709097      0.73090332       147.71332        35.25484       2864.6069       1420.6898       17.305196        12.421169         4.8840263       4358.8889                 21.119061                 395.72852                           2423.1236                      24.635667                1.8391315              6.3223655                         27.093343                                 38.067814             1420.6898      0.26960059
              2       2196.7499       3.0276239       0.9700606     0.023063773      0.11291381     0.050835943         1.8174551       1.0008915      0.99969541      0.99884875       71.486106     0.089821241       6.9235635       5.9175573       12.197844       15.248845          17.5713       77.735476       234.11394       32.433845       23.523001       74.153159     0.048863526        0.10205137        0.42252902      0.21006711          0.617753       2.0234901   2.0648113e-09      0.25869692      0.78709097      0.73090332       147.71332        35.25484       2861.5673       1420.6898       18.825262        13.686661         5.1386012       4355.8494                 21.119061                 395.72852                            2420.084                      24.635667                1.8391315              6.3223655                         27.093343                                 38.067814             1420.6898      0.26960059
              6       2197.2053       3.0276239       0.9700606     0.023063773      0.11291381     0.050835943         1.8174551       1.0008915      0.99993275      0.99908941       72.604264     0.086233617       6.0011289       6.2027787       11.278696       15.224472        17.187781       77.904405       245.18556       31.367949       22.160599       74.096037     0.035873795       0.070432096        0.37057264      0.20106955        0.61288084       2.2160005   2.0648113e-09      0.25869692      0.78709097      0.73090332       147.71332        35.25484       2860.5016       1420.6898       19.813435        15.587674         4.2257614       4354.7837                 21.119061                 395.72852                           2419.0184                      24.635667                1.8391315              6.3223655                         27.093343                                 38.067814             1420.6898      0.26960059
              2       2197.2277       3.0276239       0.9700606     0.023063773      0.11291381     0.050835943         1.8174551       1.0008915      0.99995046      0.99909888           72.99     0.092482639       5.9277903       6.2335436       11.289987       15.274708        17.467139       78.444548       241.92349       31.299152       22.209583       74.425714     0.040886142       0.085965234        0.33452164      0.19564111        0.58630234       2.1826236   2.0648113e-09      0.25869692      0.78709097      0.73090332       147.71332        35.25484        2860.846       1420.6898       19.663697        15.498167           4.16553       4355.1281                 21.119061                 395.72852                           2419.3628                      24.635667                1.8391315              6.3223655                         27.093343                                 38.067814             1420.6898      0.26960059
              1       2197.5013       3.0276239       0.9700606     0.023063773      0.11291381     0.050835943         1.8174551       1.0008915      0.99991148      0.99912248       73.076601      0.10143291       5.9470911       6.3107784       11.215882       15.204081        17.411835       78.456578       241.78284       31.023828       22.125547       74.434124      0.04165426       0.076673288        0.32795252      0.18874904        0.59749965       2.1855746   2.0648113e-09      0.25869692      0.78709097      0.73090332       147.71332        35.25484       2860.7321       1420.6898       19.994234        15.753359         4.2408757       4355.0142                 21.119061                 395.72852                           2419.2489                      24.635667                1.8391315              6.3223655                         27.093343                                 38.067814             1420.6898      0.26960059
              1       2197.5133       3.0276239       0.9700606     0.023063773      0.11291381     0.050835943         1.8174551       1.0008915      0.99989687      0.99914362        73.09456     0.094330011       5.8689372        6.452309       11.225268       15.370856        17.295305       78.404685       241.98717       31.271157        21.87045       74.517058     0.045657102       0.090188003        0.32886363      0.17727931        0.60708343       2.1915001   2.0648113e-09      0.25869692      0.78709097      0.73090332       147.71332        35.25484       2861.6643       1420.6898        19.54011        15.287633         4.2524776       4355.9464                 21.119061                 395.72852                           2420.1811                      24.635667                1.8391315              6.3223655                         27.093343                                 38.067814             1420.6898      0.26960059
              1        2199.169       3.0276239       0.9700606     0.023063773      0.11291381     0.050835943         1.8174551       1.0008915      0.99989279      0.99916985       73.351933      0.12050118       5.9777512       6.3847739       11.556971       15.287292        16.886454       78.189923       237.85889       30.767125       21.084932        75.61558     0.090964072        0.10120604        0.36043391      0.21184001        0.58860273       2.2354656   2.0648113e-09      0.25869692      0.78709097      0.73090332       147.71332        35.25484       2868.6429       1420.6898       17.706533        13.378323         4.3282102       4362.9249                 21.119061                 395.72852                           2427.1596                      24.635667                1.8391315              6.3223655                         27.093343                                 38.067814             1420.6898      0.26960059
              1        2199.495       3.0276239       0.9700606     0.023063773      0.11291381     0.050835943         1.8174551       1.0008915       1.0001427      0.99915481       73.728054      0.14447852       5.7678948       5.7121914        12.06167       14.188246        18.871349       78.585396       255.52901       31.638115       20.949095       77.699339     0.096008993        0.15213535        0.38663522      0.10198564        0.64917413       2.4670371   2.0648113e-09      0.25869692      0.78709097      0.73090332       147.71332        35.25484        2872.006       1420.6898        16.35101        12.688872         3.6621373        4366.288                 21.119061                 395.72852                           2430.5227                      24.635667                1.8391315              6.3223655                         27.093343                                 38.067814             1420.6898      0.26960059
              1       2196.3172       3.0276239       0.9700606     0.023063773      0.11291381     0.050835943         1.8174551       1.0008004       1.0000278      0.99939459       73.318502      0.22585309       5.4404999        5.914321       12.214352       13.827762        18.930144       79.663389       249.48748       34.812908       21.871606       77.314739      0.14562034        0.13410875        0.42454449      0.12664249        0.68277528       2.3998455   2.0648113e-09      0.25869692      0.78709097      0.73090332       147.71332        35.25484       2867.7293       1420.6898       15.311487        11.838081         3.4734063       4362.0114                 21.127801                 395.72852                           2426.3604                      24.512623                1.8391315              6.3223655                         27.093343                                 38.067814             1420.6898      0.26960059
              4       2193.5953       3.0276239       0.9700606     0.023063773      0.11291381     0.050835943         1.8174551       1.0008004       1.0000597      0.99936903       72.857627      0.20389345       5.4301998       5.7238106       12.444562       13.963594        19.369615       79.523065       248.93618       33.939261        22.95651        78.17152      0.13598071         0.1003801           0.42454      0.13941243        0.68771413       2.3074581   2.0648113e-09      0.25869692      0.78709097      0.73090332       147.71332        35.25484       2862.1765       1420.6898       15.365982         12.00793         3.3580521       4356.4586                 21.127801                 395.72852                           2420.8076                      24.512623                1.8391315              6.3223655                         27.093343                                 38.067814             1420.6898      0.26960059
              3       2194.2407       3.0276239       0.9700606     0.023063773      0.11291381     0.050835943         1.8174551       1.0008004      0.99977162      0.99922685       72.839933       0.2273666       5.3675992       5.3581503       12.165953       12.880278         19.81015       80.341994        238.6092       37.596609       23.378718       78.519058     0.076204843       0.099964086        0.44486156      0.12962789        0.75512359       2.2018662   2.0648113e-09      0.25869692      0.78709097      0.73090332       147.71332        35.25484        2864.519       1420.6898       14.840155        11.724289         3.1158655        4358.801                 21.127801                 395.72852                             2423.15                      24.512623                1.8391315              6.3223655                         27.093343                                 38.067814             1420.6898      0.26960059
              1       2194.1186       3.0276239       0.9700606     0.023063773      0.11291381     0.050835943         1.8174551       1.0008004      0.99974941      0.99919244       72.851287      0.22556366       5.3833809       5.3799846       12.148653       12.884589        19.858589       80.318569       238.57478        37.54025       23.360426       78.503075     0.079089989        0.09890722        0.44404928      0.12984503        0.75703187       2.2034596   2.0648113e-09      0.25869692      0.78709097      0.73090332       147.71332        35.25484       2864.4972       1420.6898       14.728921        11.589671         3.1392502       4358.7793                 21.127801                 395.72852                           2423.1283                      24.512623                1.8391315              6.3223655                         27.093343                                 38.067814             1420.6898      0.26960059
              3       2194.8974       3.0276239       0.9700606     0.023063773      0.11291381     0.050835943         1.8174551       1.0004796      0.99987546      0.99921135       72.039973      0.17162927       5.6343115       5.4007076       12.075484       13.627255        18.864209       81.334828       242.73293       37.673256       24.081208       80.660866       0.1089531         0.1041953        0.46999287      0.13807572        0.74524284        2.134303   2.0648113e-09      0.25869692      0.78709097      0.73090332       147.71332        35.25484       2866.8489       1420.6898       14.331924        10.971974         3.3599498        4361.131                 21.158783                 395.72852                           2425.8789                      24.082676                1.8391315              6.3223655                         27.093343                                 38.067814             1420.6898      0.26960059
              1       2194.9131       3.0276239       0.9700606     0.023063773      0.11291381     0.050835943         1.8174551       1.0004796      0.99987526      0.99921152       72.040827      0.17183366       5.6355591       5.3957686       12.075199       13.627114        18.862021       81.335808       242.70514       37.681373       24.079438         80.6632      0.10883743        0.10370461         0.4698651      0.13856776         0.7451862       2.1342863   2.0648113e-09      0.25869692      0.78709097      0.73090332       147.71332        35.25484       2866.8744       1420.6898       14.334853        10.976509          3.358343       4361.1564                 21.158783                 395.72852                           2425.9044                      24.082676                1.8391315              6.3223655                         27.093343                                 38.067814             1420.6898      0.26960059
              1       2199.0619       3.0267293      0.96939957     0.023093213      0.11267459     0.053279044         1.7100456       1.0004796      0.99962454      0.99912006       72.824718      0.13248765       5.5632882       4.8625058       11.213236       14.027839        18.553097       80.180798       242.36018       37.596261       24.202409       80.824045      0.10667022        0.13424521        0.50500922      0.12965036        0.74544952        2.102023   2.0629649e-09      0.25829782      0.78520568      0.72858994       147.73294       35.227151       2876.4584       1420.8964       13.706612        10.679077         3.0275346       4370.7106                 20.982562                 395.62424                           2431.7105                      28.141046                1.8449385              6.3276655                         27.054547                                 37.859095             1420.8964      0.26960059
              2       2199.0607       3.0267293      0.96939957     0.023093213      0.11267459     0.053279044         1.7100456       1.0004796      0.99874454      0.99936638       72.094234      0.08670138       5.4517868       5.5204594       10.994608       13.858232        19.799494       80.336165       270.37616       39.257282       25.038458       80.951197     0.062778174       0.055581782        0.57699053      0.20274177        0.79093204       2.2123922   2.0629649e-09      0.25829782      0.78520568      0.72858994       147.73294       35.227151       2863.8073       1420.8964       20.030934        16.763435         3.2674991       4358.0595                 20.982562                 395.62424                           2419.0594                      28.141046                1.8449385              6.3276655                         27.054547                                 37.859095             1420.8964      0.26960059
              1       2198.6746       3.0267293      0.96939957     0.023093213      0.11267459     0.053279044         1.7100456       1.0004796      0.99837581      0.99838913       72.012117     0.010318083       5.7308615       6.2827257       12.354927       14.614255        20.196367       78.043302       271.11777       43.102783       20.832123       82.297986      0.11103517       0.079790078        0.54003801      0.22788425        0.69999206       2.2564377   2.0629649e-09      0.25829782      0.78520568      0.72858994       147.73294       35.227151       2866.0466       1420.8964       18.525228        14.539481         3.9857476       4360.2988                 20.982562                 395.62424                           2421.2987                      28.141046                1.8449385              6.3276655                         27.054547                                 37.859095             1420.8964      0.26960059
              1       2197.8864       3.0267293      0.96939957     0.023093213      0.11267459     0.053279044         1.7100456       1.0004796      0.99831603       0.9983373       71.938048       0.0143116       5.9261585       6.2789402       12.285403       14.451232         20.20613       78.087793       271.17158       41.993113       20.646341       82.545054     0.098119608       0.091641202        0.55128541      0.23117454        0.69116142       2.2830898   2.0629649e-09      0.25829782      0.78520568      0.72858994       147.73294       35.227151       2864.2522       1420.8964       18.634167        14.438975         4.1951919       4358.5045                 20.982562                 395.62424                           2419.5044                      28.141046                1.8449385              6.3276655                         27.054547                                 37.859095             1420.8964      0.26960059
              1        2197.081       3.0267293      0.96939957     0.023093213      0.11267459     0.053279044         1.7100456       1.0004796      0.99834968      0.99831422        71.83592    0.0083817576       5.8531524       6.1521703       12.211158         14.5454        20.234192       78.086297       266.48614       42.440935       20.167189       82.464751     0.098299074       0.098077516        0.54107286      0.23178365        0.69445011       2.2883032   2.0629649e-09      0.25829782      0.78520568      0.72858994       147.73294       35.227151        2863.767       1420.8964       18.071406        14.042362         4.0290434       4358.0192                 20.982562                 395.62424                           2419.0192                      28.141046                1.8449385              6.3276655                         27.054547                                 37.859095             1420.8964      0.26960059
              2       2196.9754       3.0267293      0.96939957     0.023093213      0.11267459     0.053279044         1.7100456       1.0004796      0.99832961      0.99829024        71.82333     0.020812633       5.8367602       6.1008902       12.329037       14.455944        20.247784       78.001907       266.16343       42.641483       20.215926        82.37074     0.098963142         0.1023131         0.5417495      0.22094349        0.70276001       2.2838144   2.0629649e-09      0.25829782      0.78520568      0.72858994       147.73294       35.227151       2863.7674       1420.8964       17.965603        13.988046         3.9775571       4358.0196                 20.982562                 395.62424                           2419.0195                      28.141046                1.8449385              6.3276655                         27.054547                                 37.859095             1420.8964      0.26960059
              2       2198.5418       3.0267293      0.96939957     0.023093213      0.11267459     0.053279044         1.7100456       1.0004796      0.99828126      0.99817657       71.787737     0.023870455       5.7076029       6.1908725       12.406555       14.419642        20.341466       78.060901       265.95198        42.76148       20.155867       82.156715     0.095868872       0.095846127        0.56494849      0.25154719        0.69664723       2.2627779   2.0629649e-09      0.25829782      0.78520568      0.72858994       147.73294       35.227151       2865.4736       1420.8964       18.678897        14.777582         3.9013153       4359.7258                 20.982562                 395.62424                           2420.7257                      28.141046                1.8449385              6.3276655                         27.054547                                 37.859095             1420.8964      0.26960059
              1       2195.8028       3.0267293      0.96939957     0.023093213      0.11267459     0.053279044         1.7100456       1.0004796      0.99888432      0.99785892       70.796709    0.0057565702       5.9862991       6.5920514       12.146628       14.045898        20.134787       79.832682       258.04466       42.106593       20.757357       81.422842     0.073088488       0.079997339        0.64848184      0.18008098        0.71043084       2.2454903   2.0629649e-09      0.25829782      0.78520568      0.72858994       147.73294       35.227151       2859.0081       1420.8964       19.172611        14.683358         4.4892526       4353.2603                 20.982562                 395.62424                           2414.2602                      28.141046                1.8449385              6.3276655                         27.054547                                 37.859095             1420.8964      0.26960059
              1       2195.3702       3.0267293      0.96939957     0.023093213      0.11267459     0.053279044         1.7100456       1.0004796      0.99894518      0.99788576       70.766408     0.017292217       5.9677733       6.5538335        12.10689       14.152651         20.28247       80.017771       257.94662       41.896772       20.802766        81.15815     0.091537951       0.078125263        0.64757865      0.17305138        0.69429765       2.2248831   2.0629649e-09      0.25829782      0.78520568      0.72858994       147.73294       35.227151       2859.3938       1420.8964       18.547225        14.108009         4.4392164        4353.646                 20.982562                 395.62424                           2414.6459                      28.141046                1.8449385              6.3276655                         27.054547                                 37.859095             1420.8964      0.26960059
              4       2194.5485       3.0267293      0.96939957     0.023093213      0.11267459     0.053279044         1.7100456       1.0004796      0.99894893       0.9980395       71.314448     0.054765704       6.0540583       6.1876011       11.954185       14.292763        20.651232       79.894405       261.51081       42.276308       20.713604        81.75831      0.12899607        0.12134433          0.632711      0.16505765        0.67342279       2.1365439   2.0629649e-09      0.25829782      0.78520568      0.72858994       147.73294       35.227151         2861.71       1420.8964       16.567338        12.292616         4.2747219       4355.9622                 20.982562                 395.62424                           2416.9622                      28.141046                1.8449385              6.3276655                         27.054547                                 37.859095             1420.8964      0.26960059
              2         2195.43       3.0267293      0.96939957     0.023093213      0.11267459     0.053279044         1.7100456       1.0004796      0.99878648      0.99796071        71.22516     0.038660722       5.7491255       5.4833854       12.118911       14.562672        19.991762       79.915115       256.81502       41.913629       20.932875        80.63298      0.13662983        0.12826561        0.62430767      0.10500923        0.64343058       2.1089251   2.0629649e-09      0.25829782      0.78520568      0.72858994       147.73294       35.227151       2861.7602       1420.8964       17.423826        13.914443         3.5093831       4356.0124                 20.982562                 395.62424                           2417.0124                      28.141046                1.8449385              6.3276655                         27.054547                                 37.859095             1420.8964      0.26960059
              2       2196.7829       3.0267293      0.96939957     0.023093213      0.11267459     0.053279044         1.7100456       1.0004796      0.99884337      0.99796823       70.970885     0.056193571       5.7566424       5.6205175       12.554882       14.491243        19.614822       79.842275       260.44129       41.705884       20.415016        81.27619      0.13217753        0.13770902         0.6372299      0.13041153        0.61571682       2.1130295   2.0629649e-09      0.25829782      0.78520568      0.72858994       147.73294       35.227151       2863.7896       1420.8964       17.761983        14.165481         3.5965015       4358.0419                 20.982562                 395.62424                           2419.0418                      28.141046                1.8449385              6.3276655                         27.054547                                 37.859095             1420.8964      0.26960059
              1       2196.9884       3.0267293      0.96939957     0.023093213      0.11267459     0.053279044         1.7100456       1.0004796      0.99876924      0.99787113       71.275498     0.035890428       5.5654502       5.7621226       12.650881       14.446717        20.073375       80.365977        266.1639       42.198114       20.303233        81.05372      0.11524789        0.14206541          0.684922      0.14921714         0.6302792       2.1360582   2.0629649e-09      0.25829782      0.78520568      0.72858994       147.73294       35.227151       2862.0258       1420.8964       18.849363        15.348686         3.5006767        4356.278                 20.982562                 395.62424                           2417.2779                      28.141046                1.8449385              6.3276655                         27.054547                                 37.859095             1420.8964      0.26960059
              3       2195.4963       3.0267293      0.96939957     0.023093213      0.11267459     0.053279044         1.7100456       1.0004796      0.99924262      0.99800342       70.908426     0.033147132       5.5859539       6.4837276       12.854616       14.252983         20.42606       79.693763       262.22814       44.266052       20.161331       79.232667     0.050639613        0.14256228        0.60448443      0.23474156        0.70733644       2.2359671   2.0629649e-09      0.25829782      0.78520568      0.72858994       147.73294       35.227151       2861.3629       1420.8964       17.688757        13.723359         3.9653979       4355.6151                 20.982562                 395.62424                            2416.615                      28.141046                1.8449385              6.3276655                         27.054547                                 37.859095             1420.8964      0.26960059
              1         2196.19       3.0267293      0.96939957     0.023093213      0.11267459     0.053279044         1.7100456       1.0004796      0.99947233      0.99800277       70.747582     0.042489559       5.4508065       6.3164962       12.979285       14.149854        20.227801       79.990355       266.40464       44.010962       20.438554       77.811282     0.040944116        0.13621715        0.61543037      0.18778204         0.6824364       2.2444747   2.0629649e-09      0.25829782      0.78520568      0.72858994       147.73294       35.227151       2862.7959       1420.8964       17.665896        13.944618         3.7212775       4357.0482                 20.982562                 395.62424                           2418.0481                      28.141046                1.8449385              6.3276655                         27.054547                                 37.859095             1420.8964      0.26960059
              1       2197.2394       3.0267293      0.96939957     0.023093213      0.11267459     0.053279044         1.7100456       1.0004796      0.99921026      0.99787886       71.404598     0.033620386       5.8809197       6.0876599       12.683899       13.660231        19.346057       79.998415       272.74873       44.661792       20.348618        75.98643     0.059600067        0.17498439        0.58860848      0.23421254        0.62787396       2.3647966   2.0629649e-09      0.25829782      0.78520568      0.72858994       147.73294       35.227151       2864.9191       1420.8964       17.653692        13.638053         4.0156389       4359.1714                 20.982562                 395.62424                           2420.1713                      28.141046                1.8449385              6.3276655                         27.054547                                 37.859095             1420.8964      0.26960059
              2        2197.347       3.0267293      0.96939957     0.023093213      0.11267459     0.053279044         1.7100456       1.0004796      0.99921507      0.99787251       71.422676     0.039451917        5.868443       6.1047372       12.638029       13.641272        19.420231       80.071593       272.59942       44.498343       20.344405       75.864429     0.062665031        0.17916301         0.5942308      0.23178149        0.63474484       2.3624884   2.0629649e-09      0.25829782      0.78520568      0.72858994       147.73294       35.227151       2865.1712       1420.8964       17.635266        13.621549         4.0137167       4359.4234                 20.982562                 395.62424                           2420.4234                      28.141046                1.8449385              6.3276655                         27.054547                                 37.859095             1420.8964      0.26960059
              2        2196.456       3.0267293      0.96939957     0.023093213      0.11267459     0.053279044         1.7100456       1.0004796      0.99927508      0.99788124       71.421637     0.039242413       5.8736008       6.0319883       12.787187       13.484648        19.596425       80.031219       275.76446       44.420284       20.633683       76.670237     0.087487067         0.1893309        0.58675926       0.2398823        0.65056501       2.3777113   2.0629649e-09      0.25829782      0.78520568      0.72858994       147.73294       35.227151        2864.643       1420.8964       17.008342         13.03735         3.9709914       4358.8953                 20.982562                 395.62424                           2419.8952                      28.141046                1.8449385              6.3276655                         27.054547                                 37.859095             1420.8964      0.26960059
              3       2197.3314       3.0267293      0.96939957     0.023093213      0.11267459     0.053279044         1.7100456       1.0004796      0.99929052      0.99780832        71.27115     0.037262001       5.8975696       5.9517425        12.83493       13.395217          19.5114       80.334807       276.60552       44.422415           20.32       76.499866     0.093344975        0.19541664        0.57576704      0.23150434         0.6469111       2.3782107   2.0629649e-09      0.25829782      0.78520568      0.72858994       147.73294       35.227151        2866.531       1420.8964       16.939754        12.996268         3.9434855       4360.7832                 20.982562                 395.62424                           2421.7831                      28.141046                1.8449385              6.3276655                         27.054547                                 37.859095             1420.8964      0.26960059
              1       2200.6756       3.0267293      0.96939957     0.023093213      0.11267459     0.053279044         1.7100456      0.99849044      0.99929052      0.99780832        71.27115     0.037262001       5.8975696       5.9517425        12.83493       13.395217          19.5114       80.334807       276.60552       44.422415           20.32       76.499866     0.093344975        0.19541664        0.57576704      0.23150434         0.6469111       2.3782107   2.0629649e-09      0.25829782      0.78520568      0.72858994       147.73294       35.227151       2872.8916       1420.8964       17.103658        13.160173         3.9434855       4367.1438                 21.170296                 395.61809                           2430.8185                      25.284682                1.8449385              6.3276655                         27.054547                                 37.859095             1420.8964      0.26960059
              1       2199.7041       3.0267293      0.96939957     0.023093213      0.11267459     0.053279044         1.7100456      0.99849044      0.99919843      0.99781196       71.576202     0.014699514       5.6386866        5.953566       12.555641       13.474394        19.430887        80.03109       283.70994       44.607111       20.118791       76.207203     0.090570021        0.19274665        0.57740444      0.24499232        0.69807443       2.3987722   2.0629649e-09      0.25829782      0.78520568      0.72858994       147.73294       35.227151       2871.6395       1420.8964       16.758254        13.075108         3.6831459       4365.8917                 21.170296                 395.61809                           2429.5664                      25.284682                1.8449385              6.3276655                         27.054547                                 37.859095             1420.8964      0.26960059
              1       2202.3653       3.0267293      0.96939957     0.023093213      0.11267459     0.053279044         1.7100456      0.99849044       0.9992946      0.99787272       71.594072     0.012422035       5.6258021       5.8191319       12.542087       13.287623        19.231213       80.086494       282.39599       45.843067       20.619914       76.165989     0.058345712        0.20873398        0.58679091      0.27486344        0.70161726       2.3797944   2.0629649e-09      0.25829782      0.78520568      0.72858994       147.73294       35.227151       2873.2313       1420.8964       18.623584        15.033432         3.5901518       4367.4835                 21.170296                 395.61809                           2431.1582                      25.284682                1.8449385              6.3276655                         27.054547                                 37.859095             1420.8964      0.26960059
              3       2200.6971       3.0267293      0.96939957     0.023093213      0.11267459     0.053279044         1.7100456      0.99849044      0.99933997       0.9978909       71.336391      0.02966403       5.5594525       5.7504566       12.439599       13.112513        19.191679       79.949053       281.55553       45.453895       20.700878       76.225711     0.056687344        0.20426574         0.5879559      0.26355092        0.71943796       2.3671341   2.0629649e-09      0.25829782      0.78520568      0.72858994       147.73294       35.227151       2871.2638       1420.8964         17.9391        14.450605         3.4884953        4365.516                 21.170296                 395.61809                           2429.1907                      25.284682                1.8449385              6.3276655                         27.054547                                 37.859095             1420.8964      0.26960059
              2       2199.0635       3.0267293      0.96939957     0.023093213      0.11267459     0.053279044         1.7100456      0.99849044      0.99908798      0.99803316       70.824767     0.015821731       5.4212925       5.4667573        13.00553       12.978182        19.316642       80.028152       287.24684       45.780617       20.312754       75.929068      0.03042425         0.1602513        0.59053068      0.26528211        0.69823646       2.3073096   2.0629649e-09      0.25829782      0.78520568      0.72858994       147.73294       35.227151       2867.7251       1420.8964       18.074847        14.860782         3.2140653       4361.9774                 21.170296                 395.61809                           2425.6521                      25.284682                1.8449385              6.3276655                         27.054547                                 37.859095             1420.8964      0.26960059
              6       2199.0011       3.0267293      0.96939957     0.023093213      0.11267459     0.053279044         1.7100456      0.99849044      0.99908444      0.99803149       70.817007     0.012976135       5.4245857       5.4596528       13.012571       12.978525        19.311625       79.993202       287.23041       45.798307       20.278237       76.020913     0.030152814        0.15866614        0.58942534      0.26637451        0.69872526       2.3042255   2.0629649e-09      0.25829782      0.78520568      0.72858994       147.73294       35.227151       2867.6262       1420.8964       18.061914        14.848795          3.213119       4361.8784                 21.170296                 395.61809                           2425.5531                      25.284682                1.8449385              6.3276655                         27.054547                                 37.859095             1420.8964      0.26960059
              2       2198.5361       3.0267293      0.96939957     0.023093213      0.11267459     0.053279044         1.7100456      0.99849044      0.99913334      0.99800578       70.416569     0.014046621       5.0465736       5.1940518       13.156258       13.404392        18.205822       79.905106       278.07478       45.416626       20.797575       77.935374     0.082386023        0.18476023        0.56033051      0.25217557        0.68651415       2.6037012   2.0629649e-09      0.25829782      0.78520568      0.72858994       147.73294       35.227151       2869.4453       1420.8964       16.687334        13.880777         2.8065573       4363.6976                 21.170296                 395.61809                           2427.3723                      25.284682                1.8449385              6.3276655                         27.054547                                 37.859095             1420.8964      0.26960059
              1       2197.2361       3.0267293      0.96939957     0.023093213      0.11267459     0.053279044         1.7100456      0.99849044      0.99925029      0.99805085        70.57021     0.032911701       5.4956904       5.6693925       13.525816         13.0525        18.613066       80.536625       275.18375       43.702592       20.619957       76.670135     0.085212606        0.14956199        0.58365978      0.28373716        0.68104359       2.5372328   2.0629649e-09      0.25829782      0.78520568      0.72858994       147.73294       35.227151       2866.9127       1420.8964       16.653615        13.267932         3.3856829       4361.1649                 21.170296                 395.61809                           2424.8396                      25.284682                1.8449385              6.3276655                         27.054547                                 37.859095             1420.8964      0.26960059
              3        2197.215       3.0267293      0.96939957     0.023093213      0.11267459     0.053279044         1.7100456      0.99849044       0.9992338      0.99790533       70.435347      0.01684244       5.4059857       5.8305203       13.607827       12.953553        19.077266       80.804096         274.479       43.272032       20.829668        76.64773     0.083658153        0.14071894         0.5827592       0.2775505        0.71095172       2.6301362   2.0629649e-09      0.25829782      0.78520568      0.72858994       147.73294       35.227151       2866.6009       1420.8964       16.788429        13.393024         3.3954048       4360.8531                 21.170296                 395.61809                           2424.5278                      25.284682                1.8449385              6.3276655                         27.054547                                 37.859095             1420.8964      0.26960059
              7        2198.363       3.0267293      0.96939957     0.023093213      0.11267459     0.053279044         1.7100456      0.99849044      0.99927525      0.99797033       70.519602    0.0047125328       5.2557719       5.9014447       13.824312       12.974331        18.964352       80.725565       275.77498       43.199772       20.629044       76.417081     0.071188703        0.14640415        0.59595268      0.29651764        0.70232063       2.6491579   2.0629649e-09      0.25829782      0.78520568      0.72858994       147.73294       35.227151       2866.7534       1420.8964       17.860116        14.556863          3.303253       4361.0057                 21.170296                 395.61809                           2424.6804                      25.284682                1.8449385              6.3276655                         27.054547                                 37.859095             1420.8964      0.26960059
              3       2196.7441       3.0267293      0.96939957     0.023093213      0.11267459     0.053279044         1.7100456      0.99849044      0.99907835       0.9982238       70.543541     0.041074224       4.9806661       5.8638901       13.546858       13.000477        19.146908       80.940417       274.53469       42.318124       20.693609       77.984022     0.066973656        0.14433663        0.60839495      0.28956393        0.69744434       2.5704586   2.0629649e-09      0.25829782      0.78520568      0.72858994       147.73294       35.227151       2863.7574       1420.8964        17.73926        14.678681         3.0605789       4358.0097                 21.170296                 395.61809                           2421.6844                      25.284682                1.8449385              6.3276655                         27.054547                                 37.859095             1420.8964      0.26960059
              2        2197.378       3.0267293      0.96939957     0.023093213      0.11267459     0.053279044         1.7100456      0.99849044      0.99913759       0.9981417        70.42561     0.076750426       5.0573062       5.8771713       13.202896       13.089781        20.014504       80.780576       281.37318       42.354832       21.293425       77.880969     0.080155173        0.16155035        0.59645583       0.2996727        0.71897638       2.5744158   2.0629649e-09      0.25829782      0.78520568      0.72858994       147.73294       35.227151       2866.2033       1420.8964       17.150218        14.023182         3.1270353       4360.4556                 21.170296                 395.61809                           2424.1303                      25.284682                1.8449385              6.3276655                         27.054547                                 37.859095             1420.8964      0.26960059
              1       2197.9067       3.0267293      0.96939957     0.023093213      0.11267459     0.053279044         1.7100456      0.99849044      0.99902009      0.99803815       70.077067     0.092976314       5.5150314       5.5154673       13.290757       12.882224           19.828       80.546422       278.82847       42.650982       21.539302        77.93373     0.057303371        0.14855579        0.56442586      0.30130541        0.72946599       2.5594407   2.0629649e-09      0.25829782      0.78520568      0.72858994       147.73294       35.227151       2866.1556       1420.8964       17.702767        14.384053         3.3187136       4360.4078                 21.170296                 395.61809                           2424.0825                      25.284682                1.8449385              6.3276655                         27.054547                                 37.859095             1420.8964      0.26960059
              1       2198.3493       3.0267293      0.96939957     0.023093213      0.11267459     0.053279044         1.7100456      0.99849044      0.99896653      0.99805444       70.169593     0.089118429       5.4815693        5.544453       13.229676       12.872171        19.853199       80.740544       279.51908       42.314494       21.679985       77.826967     0.049459427        0.13870902        0.54631515      0.30813477        0.73380729        2.572794   2.0629649e-09      0.25829782      0.78520568      0.72858994       147.73294       35.227151       2866.5635       1420.8964       17.941431        14.635887         3.3055441       4360.8157                 21.170296                 395.61809                           2424.4904                      25.284682                1.8449385              6.3276655                         27.054547                                 37.859095             1420.8964      0.26960059
              1       2198.1634       3.0267293      0.96939957     0.023093213      0.11267459     0.053279044         1.7100456      0.99849044      0.99905729      0.99804595       70.208574     0.099697669       5.3094108       5.1650505       13.481585       12.840819        19.717853       81.112033       282.96528       42.307337       21.376107       78.363075     0.031981632        0.13507064        0.51599199      0.30908502        0.69846388       2.4798027   2.0629649e-09      0.25829782      0.78520568      0.72858994       147.73294       35.227151       2866.0959       1420.8964       17.989275        15.010252         2.9790229       4360.3482                 21.170296                 395.61809                           2424.0229                      25.284682                1.8449385              6.3276655                         27.054547                                 37.859095             1420.8964      0.26960059
              3       2197.9071       3.0267293      0.96939957     0.023093213      0.11267459     0.053279044         1.7100456      0.99858579      0.99905729      0.99804595       70.208574     0.099697669       5.3094108       5.1650505       13.481585       12.840819        19.717853       81.112033       282.96528       42.307337       21.376107       78.363075     0.031981632        0.13507064        0.51599199      0.30908502        0.69846388       2.4798027   2.0629649e-09      0.25829782      0.78520568      0.72858994       147.73294       35.227151        2865.628       1420.8964       17.966972        14.987949         2.9790229       4359.8802                 21.160992                 395.63764                           2423.4126                      25.416758                1.8449385              6.3276655                         27.054547                                 37.859095             1420.8964      0.26960059
              1       2197.4181       3.0267293      0.96939957     0.023093213      0.11267459     0.053279044         1.7100456      0.99858579      0.99901352      0.99797913        70.22523      0.11046782       5.1973312       5.5643648       12.887534       12.881355        19.363316       81.634253       285.92774       42.110398       21.102978       77.685572     0.055008037        0.11304377        0.49975844      0.29481263        0.71984705       2.5053559   2.0629649e-09      0.25829782      0.78520568      0.72858994       147.73294       35.227151       2868.0988       1420.8964        16.24264        13.159243         3.0833969        4362.351                 21.160992                 395.63764                           2425.8834                      25.416758                1.8449385              6.3276655                         27.054547                                 37.859095             1420.8964      0.26960059
              1       2197.4015       3.0267293      0.96939957     0.023093213      0.11267459     0.053279044         1.7100456      0.99858579      0.99906441      0.99805128       69.758034       0.1217551       5.0076571       5.6775374       12.923721       13.060653        19.598361       81.521906       282.12038       41.865928         20.8905       78.039471     0.046470933       0.090186928        0.52566458      0.28407663        0.73156641       2.5235831   2.0629649e-09      0.25829782      0.78520568      0.72858994       147.73294       35.227151       2866.2902       1420.8964       17.130309        14.137517         2.9927914       4360.5424                 21.160992                 395.63764                           2424.0748                      25.416758                1.8449385              6.3276655                         27.054547                                 37.859095             1420.8964      0.26960059
              1       2195.1821       3.0267293      0.96939957     0.023093213      0.11267459     0.053279044         1.7100456      0.99858579      0.99937207      0.99832842       70.349543      0.11424338       4.6215009       5.6159677       12.805438       13.372972        20.053438       81.413017       281.25417       42.614684       20.359895       77.953387     0.070184252         0.1031031         0.4724709      0.30523679        0.72587302        2.439224   2.0629649e-09      0.25829782      0.78520568      0.72858994       147.73294       35.227151       2866.1245       1420.8964       14.993779        12.291635         2.7021448       4360.3767                 21.160992                 395.63764                           2423.9091                      25.416758                1.8449385              6.3276655                         27.054547                                 37.859095             1420.8964      0.26960059
              1       2194.7244       3.0267293      0.96939957     0.023093213      0.11267459     0.053279044         1.7100456      0.99858579      0.99956665      0.99821208       70.188155     0.052591128       4.5404379       5.6505567       12.413467       13.135743        19.358469       80.960508       275.69567       42.239999       19.896821       78.605709     0.042686916        0.14602804        0.47691724      0.34623037        0.74442973       2.4866688   2.0629649e-09      0.25829782      0.78520568      0.72858994       147.73294       35.227151       2862.7821       1420.8964       16.207253        13.541703         2.6655498       4357.0344                 21.160992                 395.63764                           2420.5668                      25.416758                1.8449385              6.3276655                         27.054547                                 37.859095             1420.8964      0.26960059
              1       2199.9519       3.0267293      0.96939957     0.023093213      0.11267459     0.053279044         1.7100456      0.99894636      0.99972181      0.99814962        69.90431     0.083909101       4.7388666       5.7575016       12.105977        12.90618        20.190645       81.281518       278.37055       42.974859       20.574067       78.408545     0.025245724        0.13925006        0.49197824        0.419716         0.8055243       2.4121701   2.0629649e-09      0.25829782      0.78520568      0.72858994       147.73294       35.227151       2866.5042       1420.8964       19.573628         16.73701         2.8366178       4360.7564                 21.126041                 395.64352                            2423.814                      25.920635                1.8449385              6.3276655                         27.054547                                 37.859095             1420.8964      0.26960059
              1       2199.3758       3.0267293      0.96939957     0.023093213      0.11267459     0.053279044         1.7100456      0.99894636      0.99977597      0.99818014       69.874453     0.098563127       4.7909626        5.770506       12.112709       12.768316         20.04862       81.175752       276.90583       42.966825       20.473744       78.414831     0.033682604        0.13741807        0.49023757      0.41630448        0.80326393       2.4068339   2.0629649e-09      0.25829782      0.78520568      0.72858994       147.73294       35.227151       2866.8328       1420.8964       18.833232        15.954989          2.878243        4361.085                 21.126041                 395.64352                           2424.1426                      25.920635                1.8449385              6.3276655                         27.054547                                 37.859095             1420.8964      0.26960059
              1       2198.9801       3.0267293      0.96939957     0.023093213      0.11267459     0.053279044         1.7100456      0.99894636       1.0001844      0.99813347       70.150234     0.080493469       4.7983817       5.7486937       12.089012       12.906183        19.691874       82.531062       277.11762       42.647078       21.759528       78.563722     0.038734561        0.11588774        0.53988079      0.39719194        0.76573375       2.4111791   2.0629649e-09      0.25829782      0.78520568      0.72858994       147.73294       35.227151       2868.4453       1420.8964       17.631297        14.757396         2.8739006       4362.6975                 21.126041                 395.64352                           2425.7551                      25.920635                1.8449385              6.3276655                         27.054547                                 37.859095             1420.8964      0.26960059
              1       2198.5411       3.0267293      0.96939957     0.023093213      0.11267459     0.053279044         1.7100456      0.99894636       1.0002071      0.99797009        69.89151     0.086339782       4.4159705       5.5609395       12.353472       12.863526        19.880162       82.931508       272.84669       42.814949       21.372253       78.454408     0.051970688       0.094146617        0.57757035      0.33492565        0.82396258       2.4455393   2.0629649e-09      0.25829782      0.78520568      0.72858994       147.73294       35.227151       2869.5147       1420.8964       16.657648        14.097045         2.5606039        4363.767                 21.126041                 395.64352                           2426.8245                      25.920635                1.8449385              6.3276655                         27.054547                                 37.859095             1420.8964      0.26960059
              1       2198.2236       3.0267293      0.96939957     0.023093213      0.11267459     0.053279044         1.7100456      0.99894636       1.0003495      0.99805838       69.957118     0.082748872       4.5433349       5.7056037       12.193641       12.684968        20.487221       83.007621       270.58566       42.276778       21.518888       78.174674     0.054453103        0.10307137        0.56305827      0.32375034        0.85091377       2.4776519   2.0629649e-09      0.25829782      0.78520568      0.72858994       147.73294       35.227151       2869.6151       1420.8964       16.289945        13.601549         2.6883955       4363.8673                 21.126041                 395.64352                           2426.9249                      25.920635                1.8449385              6.3276655                         27.054547                                 37.859095             1420.8964      0.26960059
