[output] Output to be read-from/written-into folder 'chains', with prefix 'v3_planck_medium'
[prior] *WARNING* External prior 'SZ' loaded. Mind that it might not be normalized!
[classy] `classy` module loaded successfully from /home/ridderadmin/Ridder-Field/phase2/class
[planck_2018_highl_plik.tt] `clipy` module loaded successfully from /home/ridderadmin/Ridder-Field/phase3/packages/code/planck/clipy/clipy
/home/ridderadmin/Ridder-Field/phase3/packages/code/planck/clipy/clipy/smica_component.py:452: RuntimeWarning: invalid value encountered in divide
  self.template/= self.template[l_pivot-self.lmin][jnp.newaxis,:,:] * l_pivot * (l_pivot + 1)/jnp64(2.*jnp.pi)
----
clipy_0.15
Checking likelihood '/home/ridderadmin/Ridder-Field/phase3/packages/data/planck_2018/baseline/plc_3.0/hi_l/plik/plik_rd12_HM_v22_TT.clik' on test data. got -380.341 expected -380.341 (diff 2.04268e-05)
----
[bao.sixdf_2011_bao] Initialized.
[bao.sdss_dr12_consensus_bao] Initialized.
[mcmc] Getting initial point... (this may take a few seconds)
[mcmc] Initial point: logA:3.044, n_s:0.9649, H0:72, omega_b:0.02237, omega_cdm:0.12, tau_reio:0.0544, ridder_Lambda_EDE_eV:0.7, ridder_a_c:0.0005, ridder_sigma_lna:0.8, A_planck:0.9976693, calib_100T:1.001208, calib_217T:0.9975616, A_cib_217:65.03376, xi_sz_cib:0.09240618, A_sz:8.66105, ksz_norm:0.3969899, gal545_A_100:7.344568, gal545_A_143:7.251385, gal545_A_143_217:25.11663, gal545_A_217:70.80938, ps_A_100_100:215.9353, ps_A_143_143:50.17552, ps_A_143_217:26.00201, ps_A_217_217:96.18279
[model] Measuring speeds... (this may take a few seconds)
DEBUG INPUT.C: Just set model_type to 2 (should be 2)

DEBUG: Reading v3 canonical parameters...
  f_eV = 5.000000e+26 eV
  Lambda_EDE = 7.000000e-01 eV, theta_E_center = 0.00, sigma_E = 0.40
  Lambda_tail = 2.300000e-03 eV, alpha_tail = 1.00
BACKGROUND_INIT ENTERED: Lambda=0.00e+00
DEBUG BG_INIT ENTRY: model_type=2
DEBUG AFTER CHECKS: model_type=2 has_ridder=1
RIDDER DEBUG (background_init): has_ridder=1, Lambda_EDE_ridder=0.000000e+00, f_axion_ridder=1.000000e+16, theta_i_ridder=2.800000e+00, beta_ridder=0.000000e+00
BG_INIT: entering background_checks
BG_INIT: background_checks OK
RIDDER FREEZE FLAG (from input): ridder_freeze_phi = 0, force_damping = 1.000e+00
DEBUG SHOOTING CHECK: has_ridder=1, model_type=2 (unified=1), use_shooting_EDE=0
BG_INIT: entering background_solve
BACKGROUND_SOLVE ENTERED: has_ridder=1 Lambda=0.00e+00
RIDDER IC DEBUG: model_type=2 f_for_ic=5.000000e+26 theta_i=2.800000e+00 phi_ini=1.400000e+27
V3_CANON BRANCH HIT! model_type=2
V3_POT: a=1.000e-14 theta=2.80 V_theta=1.759e+00 Lambda_EDE=7.000e-01
V3_POT: a=1.000e-14 theta=2.80 V_theta=1.759e+00 Lambda_EDE=7.000e-01
V3_POT: a=1.000e-14 theta=2.80 V_theta=1.759e+00 Lambda_EDE=7.000e-01
V3_POT: a=1.000e-14 theta=2.80 V_theta=1.759e+00 Lambda_EDE=7.000e-01
ABOUT TO INTEGRATE: bi_size=7 has_ridder=1 Lambda=0.00e+00
BG_DERIVS: FIRST CALL at a = 1.000e-14
  phi_ridder = 1.400e+27 eV, phi_prime_ridder = 0.000e+00 eV/Mpc
V3_CANON BRANCH HIT! model_type=2
V3_POT: a=1.000e-14 theta=2.80 V_theta=1.759e+00 Lambda_EDE=7.000e-01
RIDDER DERIVS: First call! has_ridder=1 Lambda=0.00e+00 fluid_mode=0
CHECKPOINT_A: call#=1
CHECKPOINT_B: call#=1
CHECKPOINT_C: call#=1
CHECKPOINT_E: After switching block
CHECKPOINT_F: After debug block
PRE_IF: call#=1 fluid_mode=0 _FALSE_=0 condition=1
V3_CANON BRANCH HIT! model_type=2
CHECKPOINT_A: call#=2
CHECKPOINT_B: call#=2
CHECKPOINT_C: call#=2
CHECKPOINT_E: After switching block
CHECKPOINT_F: After debug block
PRE_IF: call#=2 fluid_mode=0 _FALSE_=0 condition=1
CHECKPOINT_A: call#=3
CHECKPOINT_B: call#=3
CHECKPOINT_C: call#=3
CHECKPOINT_E: After switching block
CHECKPOINT_F: After debug block
PRE_IF: call#=3 fluid_mode=0 _FALSE_=0 condition=1
CHECKPOINT_A: call#=4
CHECKPOINT_B: call#=4
CHECKPOINT_C: call#=4
CHECKPOINT_E: After switching block
CHECKPOINT_F: After debug block
PRE_IF: call#=4 fluid_mode=0 _FALSE_=0 condition=1
PRE_IF: call#=5 fluid_mode=0 _FALSE_=0 condition=1
PRE_IF: call#=6 fluid_mode=0 _FALSE_=0 condition=1
PRE_IF: call#=7 fluid_mode=0 _FALSE_=0 condition=1
PRE_IF: call#=8 fluid_mode=0 _FALSE_=0 condition=1
PRE_IF: call#=9 fluid_mode=0 _FALSE_=0 condition=1
BG_INIT: background_solve OK

========================================
RIDDER FINAL STATE (a=1, z=0):
  rho_ridder = 1.849618e-14 Mpc^-2
  rho_tot    = 5.767980e-08 Mpc^-2
  f_ridder   = 3.206700e-07 (fraction of total)
  Omega_ridder = 0.000000 (if f ~ Omega_Lambda)
========================================

RIDDER IC: k=5.394e+00 coeff=9.095e-13 delta_g=-1.633e-03
RIDDER IC: k=4.284e+00 coeff=1.819e-12 delta_g=-1.633e-03
RIDDER IC: k=3.403e+00 coeff=3.638e-12 delta_g=-1.633e-03
DEBUG INPUT.C: Just set model_type to 2 (should be 2)

DEBUG: Reading v3 canonical parameters...
  f_eV = 5.000000e+26 eV
  Lambda_EDE = 5.891055e-01 eV, theta_E_center = 0.00, sigma_E = 0.40
  Lambda_tail = 2.300000e-03 eV, alpha_tail = 1.00
BACKGROUND_INIT ENTERED: Lambda=0.00e+00
DEBUG BG_INIT ENTRY: model_type=2
DEBUG AFTER CHECKS: model_type=2 has_ridder=1
RIDDER DEBUG (background_init): has_ridder=1, Lambda_EDE_ridder=0.000000e+00, f_axion_ridder=1.000000e+16, theta_i_ridder=2.800000e+00, beta_ridder=0.000000e+00
BG_INIT: entering background_checks
BG_INIT: background_checks OK
RIDDER FREEZE FLAG (from input): ridder_freeze_phi = 0, force_damping = 1.000e+00
DEBUG SHOOTING CHECK: has_ridder=1, model_type=2 (unified=1), use_shooting_EDE=0
BG_INIT: entering background_solve
BACKGROUND_SOLVE ENTERED: has_ridder=1 Lambda=0.00e+00
RIDDER IC DEBUG: model_type=2 f_for_ic=5.000000e+26 theta_i=2.800000e+00 phi_ini=1.400000e+27
ABOUT TO INTEGRATE: bi_size=7 has_ridder=1 Lambda=0.00e+0[model] Setting measured speeds (per sec): {planck_2018_lowl.TT: 1180.0, planck_2018_lowl.EE: 4330.0, planck_2018_highl_plik.TT: 100.0, bao.sixdf_2011_bao: 2100.0, bao.sdss_dr7_mgs: 3780.0, bao.sdss_dr12_consensus_bao: 1730.0, classy: 0.121}
[mcmc] Oversampling with factors:
[mcmc] *  1 : ['logA', 'n_s', 'H0', 'omega_b', 'omega_cdm', 'tau_reio', 'ridder_Lambda_EDE_eV', 'ridder_a_c', 'ridder_sigma_lna']
[mcmc] * 13 : ['A_planck']
[mcmc] * 14 : ['calib_100T', 'calib_217T', 'A_cib_217', 'xi_sz_cib', 'A_sz', 'ksz_norm', 'gal545_A_100', 'gal545_A_143', 'gal545_A_143_217', 'gal545_A_217', 'ps_A_100_100', 'ps_A_143_143', 'ps_A_143_217', 'ps_A_217_217']
[mcmc] Sampling!
0
DERIVS_ENTRY: call#=5000 has_ridder=1 Lambda=0.00e+00 a=7.62e-04
BG_INIT: background_solve OK

========================================
RIDDER FINAL STATE (a=1, z=0):
  rho_ridder = 2.664641e-14 Mpc^-2
  rho_tot    = 5.873668e-08 Mpc^-2
  f_ridder   = 4.536587e-07 (fraction of total)
  Omega_ridder = 0.000000 (if f ~ Omega_Lambda)
========================================

DEBUG INPUT.C: Just set model_type to 2 (should be 2)

DEBUG: Reading v3 canonical parameters...
  f_eV = 5.000000e+26 eV
  Lambda_EDE = 5.645521e-01 eV, theta_E_center = 0.00, sigma_E = 0.40
  Lambda_tail = 2.300000e-03 eV, alpha_tail = 1.00
BACKGROUND_INIT ENTERED: Lambda=0.00e+00
DEBUG BG_INIT ENTRY: model_type=2
DEBUG AFTER CHECKS: model_type=2 has_ridder=1
RIDDER DEBUG (background_init): has_ridder=1, Lambda_EDE_ridder=0.000000e+00, f_axion_ridder=1.000000e+16, theta_i_ridder=2.800000e+00, beta_ridder=0.000000e+00
BG_INIT: entering background_checks
BG_INIT: background_checks OK
RIDDER FREEZE FLAG (from input): ridder_freeze_phi = 0, force_damping = 1.000e+00
DEBUG SHOOTING CHECK: has_ridder=1, model_type=2 (unified=1), use_shooting_EDE=0
BG_INIT: entering background_solve
BACKGROUND_SOLVE ENTERED: has_ridder=1 Lambda=0.00e+00
RIDDER IC DEBUG: model_type=2 f_for_ic=5.000000e+26 theta_i=2.800000e+00 phi_ini=1.400000e+27
ABOUT TO INTEGRATE: bi_size=7 has_ridder=1 Lambda=0.00e+00
DERIVS_ENTRY: call#=10000 has_ridder=1 Lambda=0.00e+00 a=5.80e-01
BG_INIT: background_solve OK

========================================
RIDDER FINAL STATE (a=1, z=0):
  rho_ridder = 2.283072e-14 Mpc^-2
  rho_tot    = 5.612917e-08 Mpc^-2
  f_ridder   = 4.067531e-07 (fraction of total)
  Omega_ridder = 0.000000 (if f ~ Omega_Lambda)
========================================

DEBUG INPUT.C: Just set model_type to 2 (should be 2)

DEBUG: Reading v3 canonical parameters...
  f_eV = 5.000000e+26 eV
  Lambda_EDE = 8.797567e-01 eV, theta_E_center = 0.00, sigma_E = 0.40
  Lambda_tail = 2.300000e-03 eV, alpha_tail = 1.00
BACKGROUND_INIT ENTERED: Lambda=0.00e+00
DEBUG BG_INIT ENTRY: model_type=2
DEBUG AFTER CHECKS: model_type=2 has_ridder=1
RIDDER DEBUG (background_init): has_ridder=1, Lambda_EDE_ridder=0.000000e+00, f_axion_ridder=1.000000e+16, theta_i_ridder=2.800000e+00, beta_ridder=0.000000e+00
BG_INIT: entering background_checks
BG_INIT: background_checks OK
RIDDER FREEZE FLAG (from input): ridder_freeze_phi = 0, force_damping = 1.000e+00
DEBUG SHOOTING CHECK: has_ridder=1, model_type=2 (unified=1), use_shooting_EDE=0
BG_INIT: entering background_solve
BACKGROUND_SOLVE ENTERED: has_ridder=1 Lambda=0.00e+00
RIDDER IC DEBUG: model_type=2 f_for_ic=5.000000e+26 theta_i=2.800000e+00 phi_ini=1.400000e+27
ABOUT TO INTEGRATE: bi_size=7 has_ridder=1 Lambda=0.00e+00
BG_INIT: background_solve OK

========================================
RIDDER FINAL STATE (a=1, z=0):
  rho_ridder = 1.938203e-14 Mpc^-2
  rho_tot    = 6.014676e-08 Mpc^-2
  f_ridder   = 3.222456e-07 (fraction of total)
  Omega_ridder = 0.000000 (if f ~ Omega_Lambda)
========================================

DEBUG INPUT.C: Just set model_type to 2 (should be 2)

DEBUG: Reading v3 canonical parameters...
  f_eV = 5.000000e+26 eV
  Lambda_EDE = 7.000000e-01 eV, theta_E_center = 0.00, sigma_E = 0.40
  Lambda_tail = 2.300000e-03 eV, alpha_tail = 1.00
BACKGROUND_INIT ENTERED: Lambda=0.00e+00
DEBUG BG_INIT ENTRY: model_type=2
DEBUG AFTER CHECKS: model_type=2 has_ridder=1
RIDDER DEBUG (background_init): has_ridder=1, Lambda_EDE_ridder=0.000000e+00, f_axion_ridder=1.000000e+16, theta_i_ridder=2.800000e+00, beta_ridder=0.000000e+00
BG_INIT: entering background_checks
BG_INIT: background_checks OK
RIDDER FREEZE FLAG (from input): ridder_freeze_phi = 0, force_damping = 1.000e+00
DEBUG SHOOTING CHECK: has_ridder=1, model_type=2 (unified=1), use_shooting_EDE=0
BG_INIT: entering background_solve
BACKGROUND_SOLVE ENTERED: has_ridder=1 Lambda=0.00e+00
RIDDER IC DEBUG: model_type=2 f_for_ic=5.000000e+26 theta_i=2.800000e+00 phi_ini=1.400000e+27
ABOUT TO INTEGRATE: bi_size=7 has_ridder=1 Lambda=0.00e+00
DERIVS_ENTRY: call#=15000 has_ridder=1 Lam[mcmc] Progress @ 2025-11-26 18:39:46 : 1 steps taken, and 0 accepted.
bda=0.00e+00 a=5.89e-06
BG_INIT: background_solve OK

========================================
RIDDER FINAL STATE (a=1, z=0):
  rho_ridder = 1.849618e-14 Mpc^-2
  rho_tot    = 5.767980e-08 Mpc^-2
  f_ridder   = 3.206700e-07 (fraction of total)
  Omega_ridder = 0.000000 (if f ~ Omega_Lambda)
========================================

DEBUG INPUT.C: Just set model_type to 2 (should be 2)

DEBUG: Reading v3 canonical parameters...
  f_eV = 5.000000e+26 eV
  Lambda_EDE = 7.170147e-01 eV, theta_E_center = 0.00, sigma_E = 0.40
  Lambda_tail = 2.300000e-03 eV, alpha_tail = 1.00
BACKGROUND_INIT ENTERED: Lambda=0.00e+00
DEBUG BG_INIT ENTRY: model_type=2
DEBUG AFTER CHECKS: model_type=2 has_ridder=1
RIDDER DEBUG (background_init): has_ridder=1, Lambda_EDE_ridder=0.000000e+00, f_axion_ridder=1.000000e+16, theta_i_ridder=2.800000e+00, beta_ridder=0.000000e+00
BG_INIT: entering background_checks
BG_INIT: background_checks OK
RIDDER FREEZE FLAG (from input): ridder_freeze_phi = 0, force_damping = 1.000e+00
DEBUG SHOOTING CHECK: has_ridder=1, model_type=2 (unified=1), use_shooting_EDE=0
BG_INIT: entering background_solve
BACKGROUND_SOLVE ENTERED: has_ridder=1 Lambda=0.00e+00
RIDDER IC DEBUG: model_type=2 f_for_ic=5.000000e+26 theta_i=2.800000e+00 phi_ini=1.400000e+27
ABOUT TO INTEGRATE: bi_size=7 has_ridder=1 Lambda=0.00e+00
DERIVS_ENTRY: call#=20000 has_ridder=1 Lambda=0.00e+00 a=2.41e-02
BG_INIT: background_solve OK

========================================
RIDDER FINAL STATE (a=1, z=0):
  rho_ridder = 1.445936e-14 Mpc^-2
  rho_tot    = 5.764348e-08 Mpc^-2
  f_ridder   = 2.508412e-07 (fraction of total)
  Omega_ridder = 0.000000 (if f ~ Omega_Lambda)
========================================

DEBUG INPUT.C: Just set model_type to 2 (should be 2)

DEBUG: Reading v3 canonical parameters...
  f_eV = 5.000000e+26 eV
  Lambda_EDE = 6.892987e-01 eV, theta_E_center = 0.00, sigma_E = 0.40
  Lambda_tail = 2.300000e-03 eV, alpha_tail = 1.00
BACKGROUND_INIT ENTERED: Lambda=0.00e+00
DEBUG BG_INIT ENTRY: model_type=2
DEBUG AFTER CHECKS: model_type=2 has_ridder=1
RIDDER DEBUG (background_init): has_ridder=1, Lambda_EDE_ridder=0.000000e+00, f_axion_ridder=1.000000e+16, theta_i_ridder=2.800000e+00, beta_ridder=0.000000e+00
BG_INIT: entering background_checks
BG_INIT: background_checks OK
RIDDER FREEZE FLAG (from input): ridder_freeze_phi = 0, force_damping = 1.000e+00
DEBUG SHOOTING CHECK: has_ridder=1, model_type=2 (unified=1), use_shooting_EDE=0
BG_INIT: entering background_solve
BACKGROUND_SOLVE ENTERED: has_ridder=1 Lambda=0.00e+00
RIDDER IC DEBUG: model_type=2 f_for_ic=5.000000e+26 theta_i=2.800000e+00 phi_ini=1.400000e+27
ABOUT TO INTEGRATE: bi_size=7 has_ridder=1 Lambda=0.00e+00
BG_INIT: background_solve OK

========================================
RIDDER FINAL STATE (a=1, z=0):
  rho_ridder = 2.220551e-14 Mpc^-2
  rho_tot    = 5.743260e-08 Mpc^-2
  f_ridder   = 3.866359e-07 (fraction of total)
  Omega_ridder = 0.000000 (if f ~ Omega_Lambda)
========================================

DEBUG INPUT.C: Just set model_type to 2 (should be 2)

DEBUG: Reading v3 canonical parameters...
  f_eV = 5.000000e+26 eV
  Lambda_EDE = 6.911302e-01 eV, theta_E_center = 0.00, sigma_E = 0.40
  Lambda_tail = 2.300000e-03 eV, alpha_tail = 1.00
BACKGROUND_INIT ENTERED: Lambda=0.00e+00
DEBUG BG_INIT ENTRY: model_type=2
DEBUG AFTER CHECKS: model_type=2 has_ridder=1
RIDDER DEBUG (background_init): has_ridder=1, Lambda_EDE_ridder=0.000000e+00, f_axion_ridder=1.000000e+16, theta_i_ridder=2.800000e+00, beta_ridder=0.000000e+00
BG_INIT: entering background_checks
BG_INIT: background_checks OK
RIDDER FREEZE FLAG (from input): ridder_freeze_phi = 0, force_damping = 1.000e+00
DEBUG SHOOTING CHECK: has_ridder=1, model_type=2 (unified=1), use_shooting_EDE=0
BG_INIT: entering background_solve
BACKGROUND_SOLVE ENTERED: has_ridder=1 Lambda=0.00e+00
RIDDER IC DEBUG: model_type=2 f_for_ic=5.000000e+26 theta_i=2.800000e+00 phi_ini=1.400000e+27
ABOUT TO INTEGRATE: bi_size=7 has_ridder=1 Lambda=0.00e+00
DERIVS_ENTRY: call#=25000 has_ridder=1 Lambda=0.00e+00 a=5.79e-12
BG_INIT: background_solve OK

========================================
RIDDER FINAL STATE (a=1, z=0):
  rho_ridder = 2.163631e-14 Mpc^-2
  rho_tot    = 5.761671e-08 Mpc^-2
  f_ridder   = 3.755214e-07 (fraction of total)
  Omega_ridder = 0.000000 (if f ~ Omega_Lambda)
========================================

DEBUG INPUT.C: Just set model_type to 2 (should be 2)

DEBUG: Reading v3 canonical parameters...
  f_eV = 5.000000e+26 eV
  Lambda_EDE = 7.204454e-01 eV, theta_E_center = 0.00, sigma_E = 0.40
  Lambda_tail = 2.300000e-03 eV, alpha_tail = 1.00
BACKGROUND_INIT ENTERED: Lambda=0.00e+00
DEBUG BG_INIT ENTRY: model_type=2
DEBUG AFTER CHECKS: model_type=2 has_ridder=1
RIDDER DEBUG (background_init): has_ridder=1, Lambda_EDE_ridder=0.000000e+00, f_axion_ridder=1.000000e+16, theta_i_ridder=2.800000e+00, beta_ridder=0.000000e+00
BG_INIT: entering background_checks
BG_INIT: background_checks OK
RIDDER FREEZE FLAG (from input): ridder_freeze_phi = 0, force_damping = 1.000e+00
DEBUG SHOOTING CHECK: has_ridder=1, model_type=2 (unified=1), use_shooting_EDE=0
BG_INIT: entering background_solve
BACKGROUND_SOLVE ENTERED: has_ridder=1 Lambda=0.00e+00
RIDDER IC DEBUG: model_type=2 f_for_ic=5.000000e+26 theta_i=2.800000e+00 phi_ini=1.400000e+27
ABOUT TO INTEGRATE: bi_size=7 has_ridder=1 Lambda=0.00e+00
DERIVS_ENTRY: call#=30000 has_ridder=1 Lambda=0.00e+00 a=2.53e-03
BG_INIT: background_solve OK

========================================
RIDDER FINAL STATE (a=1, z=0):
  rho_ridder = 1.170529e-14 Mpc^-2
  rho_tot    = 5.944239e-08 Mpc^-2
  f_ridder   = 1.969182e-07 (fraction of total)
  Omega_ridder = 0.000000 (if f ~ Omega_Lambda)
========================================

DEBUG INPUT.C: Just set model_type to 2 (should be 2)

DEBUG: Reading v3 canonical parameters...
  f_eV = 5.000000e+26 eV
  Lambda_EDE = 7.000000e-01 eV, theta_E_center = 0.00, sigma_E = 0.40
  Lambda_tail = 2.300000e-03 eV, alpha_tail = 1.00
BACKGROUND_INIT ENTERED: Lambda=0.00e+00
DEBUG BG_INIT ENTRY: model_type=2
DEBUG AFTER CHECKS: model_type=2 has_ridder=1
RIDDER DEBUG (background_init): has_ridder=1, Lambda_EDE_ridder=0.000000e+00, f_axion_ridder=1.000000e+16, theta_i_ridder=2.800000e+00, beta_ridder=0.000000e+00
BG_INIT: entering background_checks
BG_INIT: background_checks OK
RIDDER FREEZE FLAG (from input): ridder_freeze_phi = 0, force_damping = 1.000e+00
DEBUG SHOOTING CHECK: has_ridder=1, model_type=2 (unified=1), use_shooting_EDE=0
BG_INIT: entering background_solve
BACKGROUND_SOLVE ENTERED: has_ridder=1 Lambda=0.00e+00
RIDDER IC DEBUG: model_type=2 f_for_ic=5.000000e+26 theta_i=2.800000e+00 phi_ini=1.400000e+27
ABOUT TO INTEGRATE: bi_size=7 has_ridder=1 Lambda=0.00e+00
DERIVS_ENTRY: call#=35000 has_ridder=1 Lambda=0.00e+00 a=1.95e-01
BG_INIT: background_solve OK

========================================
RIDDER FINAL STATE (a=1, z=0):
  rho_ridder = 1.849618e-14 Mpc^-2
  rho_tot    = 5.767980e-08 Mpc^-2
  f_ridder   = 3.206700e-07 (fraction of total)
  Omega_ridder = 0.000000 (if f ~ Omega_Lambda)
========================================

DEBUG INPUT.C: Just set model_type to 2 (should be 2)

DEBUG: Reading v3 canonical parameters...
  f_eV = 5.000000e+26 eV
  Lambda_EDE = 7.103491e-01 eV, theta_E_center = 0.00, sigma_E = 0.40
  Lambda_tail = 2.300000e-03 eV, alpha_tail = 1.00
BACKGROUND_INIT ENTERED: Lambda=0.00e+00
DEBUG BG_INIT ENTRY: model_type=2
DEBUG AFTER CHECKS: model_type=2 has_ridder=1
RIDDER DEBUG (background_init): has_ridder=1, Lambda_EDE_ridder=0.000000e+00, f_axion_ridder=1.000000e+16, theta_i_ridder=2.800000e+00, beta_ridder=0.000000e+00
BG_INIT: entering background_checks
BG_INIT: background_checks OK
RIDDER FREEZE FLAG (from input): ridder_freeze_phi = 0, force_damping = 1.000e+00
DEBUG SHOOTING CHECK: has_ridder=1, model_type=2 (unified=1), use_shooting_EDE=0
BG_INIT: entering background_solve
BACKGROUND_SOLVE ENTERED: has_ridder=1 Lambda=0.00e+00
RIDDER IC DEBUG: model_type=2 f_for_ic=5.000000e+26 theta_i=2.800000e+00 phi_ini=1.400000e+27
ABOUT TO INTEGRATE: bi_size=7 has_ridder=1 Lambda=0.00e+00
BG_INIT: background_solve OK

================================[mcmc] Progress @ 2025-11-26 18:40:53 : 113 steps taken, and 12 accepted.
========
RIDDER FINAL STATE (a=1, z=0):
  rho_ridder = 1.395669e-14 Mpc^-2
  rho_tot    = 5.538933e-08 Mpc^-2
  f_ridder   = 2.519744e-07 (fraction of total)
  Omega_ridder = 0.000000 (if f ~ Omega_Lambda)
========================================

DEBUG INPUT.C: Just set model_type to 2 (should be 2)

DEBUG: Reading v3 canonical parameters...
  f_eV = 5.000000e+26 eV
  Lambda_EDE = 7.415196e-01 eV, theta_E_center = 0.00, sigma_E = 0.40
  Lambda_tail = 2.300000e-03 eV, alpha_tail = 1.00
BACKGROUND_INIT ENTERED: Lambda=0.00e+00
DEBUG BG_INIT ENTRY: model_type=2
DEBUG AFTER CHECKS: model_type=2 has_ridder=1
RIDDER DEBUG (background_init): has_ridder=1, Lambda_EDE_ridder=0.000000e+00, f_axion_ridder=1.000000e+16, theta_i_ridder=2.800000e+00, beta_ridder=0.000000e+00
BG_INIT: entering background_checks
BG_INIT: background_checks OK
RIDDER FREEZE FLAG (from input): ridder_freeze_phi = 0, force_damping = 1.000e+00
DEBUG SHOOTING CHECK: has_ridder=1, model_type=2 (unified=1), use_shooting_EDE=0
BG_INIT: entering background_solve
BACKGROUND_SOLVE ENTERED: has_ridder=1 Lambda=0.00e+00
RIDDER IC DEBUG: model_type=2 f_for_ic=5.000000e+26 theta_i=2.800000e+00 phi_ini=1.400000e+27
ABOUT TO INTEGRATE: bi_size=7 has_ridder=1 Lambda=0.00e+00
DERIVS_ENTRY: call#=40000 has_ridder=1 Lambda=0.00e+00 a=5.41e-07
BG_INIT: background_solve OK

========================================
RIDDER FINAL STATE (a=1, z=0):
  rho_ridder = 1.828350e-14 Mpc^-2
  rho_tot    = 5.156493e-08 Mpc^-2
  f_ridder   = 3.545724e-07 (fraction of total)
  Omega_ridder = 0.000000 (if f ~ Omega_Lambda)
========================================

DEBUG INPUT.C: Just set model_type to 2 (should be 2)

DEBUG: Reading v3 canonical parameters...
  f_eV = 5.000000e+26 eV
  Lambda_EDE = 6.521635e-01 eV, theta_E_center = 0.00, sigma_E = 0.40
  Lambda_tail = 2.300000e-03 eV, alpha_tail = 1.00
BACKGROUND_INIT ENTERED: Lambda=0.00e+00
DEBUG BG_INIT ENTRY: model_type=2
DEBUG AFTER CHECKS: model_type=2 has_ridder=1
RIDDER DEBUG (background_init): has_ridder=1, Lambda_EDE_ridder=0.000000e+00, f_axion_ridder=1.000000e+16, theta_i_ridder=2.800000e+00, beta_ridder=0.000000e+00
BG_INIT: entering background_checks
BG_INIT: background_checks OK
RIDDER FREEZE FLAG (from input): ridder_freeze_phi = 0, force_damping = 1.000e+00
DEBUG SHOOTING CHECK: has_ridder=1, model_type=2 (unified=1), use_shooting_EDE=0
BG_INIT: entering background_solve
BACKGROUND_SOLVE ENTERED: has_ridder=1 Lambda=0.00e+00
RIDDER IC DEBUG: model_type=2 f_for_ic=5.000000e+26 theta_i=2.800000e+00 phi_ini=1.400000e+27
ABOUT TO INTEGRATE: bi_size=7 has_ridder=1 Lambda=0.00e+00
DERIVS_ENTRY: call#=45000 has_ridder=1 Lambda=0.00e+00 a=1.23e-02
BG_INIT: background_solve OK

========================================
RIDDER FINAL STATE (a=1, z=0):
  rho_ridder = 1.656606e-14 Mpc^-2
  rho_tot    = 5.841767e-08 Mpc^-2
  f_ridder   = 2.835796e-07 (fraction of total)
  Omega_ridder = 0.000000 (if f ~ Omega_Lambda)
========================================

DEBUG INPUT.C: Just set model_type to 2 (should be 2)

DEBUG: Reading v3 canonical parameters...
  f_eV = 5.000000e+26 eV
  Lambda_EDE = 4.894634e-01 eV, theta_E_center = 0.00, sigma_E = 0.40
  Lambda_tail = 2.300000e-03 eV, alpha_tail = 1.00
BACKGROUND_INIT ENTERED: Lambda=0.00e+00
DEBUG BG_INIT ENTRY: model_type=2
DEBUG AFTER CHECKS: model_type=2 has_ridder=1
RIDDER DEBUG (background_init): has_ridder=1, Lambda_EDE_ridder=0.000000e+00, f_axion_ridder=1.000000e+16, theta_i_ridder=2.800000e+00, beta_ridder=0.000000e+00
BG_INIT: entering background_checks
BG_INIT: background_checks OK
RIDDER FREEZE FLAG (from input): ridder_freeze_phi = 0, force_damping = 1.000e+00
DEBUG SHOOTING CHECK: has_ridder=1, model_type=2 (unified=1), use_shooting_EDE=0
BG_INIT: entering background_solve
BACKGROUND_SOLVE ENTERED: has_ridder=1 Lambda=0.00e+00
RIDDER IC DEBUG: model_type=2 f_for_ic=5.000000e+26 theta_i=2.800000e+00 phi_ini=1.400000e+27
ABOUT TO INTEGRATE: bi_size=7 has_ridder=1 Lambda=0.00e+00
BG_INIT: background_solve OK

========================================
RIDDER FINAL STATE (a=1, z=0):
  rho_ridder = 3.791252e-14 Mpc^-2
  rho_tot    = 5.848460e-08 Mpc^-2
  f_ridder   = 6.482479e-07 (fraction of total)
  Omega_ridder = 0.000001 (if f ~ Omega_Lambda)
========================================

DEBUG INPUT.C: Just set model_type to 2 (should be 2)

DEBUG: Reading v3 canonical parameters...
  f_eV = 5.000000e+26 eV
  Lambda_EDE = 6.766655e-01 eV, theta_E_center = 0.00, sigma_E = 0.40
  Lambda_tail = 2.300000e-03 eV, alpha_tail = 1.00
BACKGROUND_INIT ENTERED: Lambda=0.00e+00
DEBUG BG_INIT ENTRY: model_type=2
DEBUG AFTER CHECKS: model_type=2 has_ridder=1
RIDDER DEBUG (background_init): has_ridder=1, Lambda_EDE_ridder=0.000000e+00, f_axion_ridder=1.000000e+16, theta_i_ridder=2.800000e+00, beta_ridder=0.000000e+00
BG_INIT: entering background_checks
BG_INIT: background_checks OK
RIDDER FREEZE FLAG (from input): ridder_freeze_phi = 0, force_damping = 1.000e+00
DEBUG SHOOTING CHECK: has_ridder=1, model_type=2 (unified=1), use_shooting_EDE=0
BG_INIT: entering background_solve
BACKGROUND_SOLVE ENTERED: has_ridder=1 Lambda=0.00e+00
RIDDER IC DEBUG: model_type=2 f_for_ic=5.000000e+26 theta_i=2.800000e+00 phi_ini=1.400000e+27
ABOUT TO INTEGRATE: bi_size=7 has_ridder=1 Lambda=0.00e+00
DERIVS_ENTRY: call#=50000 has_ridder=1 Lambda=0.00e+00 a=6.30e-10
BG_INIT: background_solve OK

========================================
RIDDER FINAL STATE (a=1, z=0):
  rho_ridder = 2.777081e-14 Mpc^-2
  rho_tot    = 5.790908e-08 Mpc^-2
  f_ridder   = 4.795588e-07 (fraction of total)
  Omega_ridder = 0.000000 (if f ~ Omega_Lambda)
========================================

DEBUG INPUT.C: Just set model_type to 2 (should be 2)

DEBUG: Reading v3 canonical parameters...
  f_eV = 5.000000e+26 eV
  Lambda_EDE = 6.155255e-01 eV, theta_E_center = 0.00, sigma_E = 0.40
  Lambda_tail = 2.300000e-03 eV, alpha_tail = 1.00
BACKGROUND_INIT ENTERED: Lambda=0.00e+00
DEBUG BG_INIT ENTRY: model_type=2
DEBUG AFTER CHECKS: model_type=2 has_ridder=1
RIDDER DEBUG (background_init): has_ridder=1, Lambda_EDE_ridder=0.000000e+00, f_axion_ridder=1.000000e+16, theta_i_ridder=2.800000e+00, beta_ridder=0.000000e+00
BG_INIT: entering background_checks
BG_INIT: background_checks OK
RIDDER FREEZE FLAG (from input): ridder_freeze_phi = 0, force_damping = 1.000e+00
DEBUG SHOOTING CHECK: has_ridder=1, model_type=2 (unified=1), use_shooting_EDE=0
BG_INIT: entering background_solve
BACKGROUND_SOLVE ENTERED: has_ridder=1 Lambda=0.00e+00
RIDDER IC DEBUG: model_type=2 f_for_ic=5.000000e+26 theta_i=2.800000e+00 phi_ini=1.400000e+27
ABOUT TO INTEGRATE: bi_size=7 has_ridder=1 Lambda=0.00e+00
DERIVS_ENTRY: call#=55000 has_ridder=1 Lambda=0.00e+00 a=8.36e-03
BG_INIT: background_solve OK

========================================
RIDDER FINAL STATE (a=1, z=0):
  rho_ridder = 1.959882e-14 Mpc^-2
  rho_tot    = 5.876775e-08 Mpc^-2
  f_ridder   = 3.334961e-07 (fraction of total)
  Omega_ridder = 0.000000 (if f ~ Omega_Lambda)
========================================

DEBUG INPUT.C: Just set model_type to 2 (should be 2)

DEBUG: Reading v3 canonical parameters...
  f_eV = 5.000000e+26 eV
  Lambda_EDE = 6.015123e-01 eV, theta_E_center = 0.00, sigma_E = 0.40
  Lambda_tail = 2.300000e-03 eV, alpha_tail = 1.00
BACKGROUND_INIT ENTERED: Lambda=0.00e+00
DEBUG BG_INIT ENTRY: model_type=2
DEBUG AFTER CHECKS: model_type=2 has_ridder=1
RIDDER DEBUG (background_init): has_ridder=1, Lambda_EDE_ridder=0.000000e+00, f_axion_ridder=1.000000e+16, theta_i_ridder=2.800000e+00, beta_ridder=0.000000e+00
BG_INIT: entering background_checks
BG_INIT: background_checks OK
RIDDER FREEZE FLAG (from input): ridder_freeze_phi = 0, force_damping = 1.000e+00
DEBUG SHOOTING CHECK: has_ridder=1, model_type=2 (unified=1), use_shooting_EDE=0
BG_INIT: entering background_solve
BACKGROUND_SOLVE ENTERED: has_ridder=1 Lambda=0.00e+00
RIDDER IC DEBUG: model_type=2 f_for_ic=5.000000e+26 theta_i=2.800000e+00 phi_ini=1.400000e+27
ABOUT TO INTEGRATE: bi_size=7 has_ridder=1 Lambda=0.00e+00
BG_INIT: background_solve OK

========================================
RIDDER FINAL STATE (a=1, z=0):
  rho_ridder = 2.237432e-14 Mpc^-2
  rho_tot    = 5.824250e-08 Mpc^-2
  f_ridder   = 3.841579e-07 (fraction of total)
  Omega_ridder = 0.000000 (if f ~ Omega_Lambda)
========================================

DEBUG INPUT.C: Just set model_type to 2 (should be 2)

DEBUG: Reading v3 canonical parameters...
  f_eV = 5.000000e+26 eV
  Lambda_EDE = 6.145233e-01 eV, theta_E_center = 0.00, sigma_E = 0.40
  Lambda_tail = 2.300000e-03 eV, alpha_tail = 1.00
BACKGROUND_INIT ENTERED: Lambda=0.00e+00
DEBUG BG_INIT ENTRY: model_type=2
DEBUG AFTER CHECKS: model_type=2 has_ridder=1
RIDDER DEBUG (background_init): has_ridder=1, Lambda_EDE_ridder=0.000000e+00, f_axion_ridder=1.000000e+16, theta_i_ridder=2.800000e+00, beta_ridder=0.000000e+00
BG_INIT: entering background_checks
BG_INIT: background_checks OK
RIDDER FREEZE FLAG (from input): ridder_freeze_phi = 0, force_damping = 1.000e+00
DEBUG SHOOTING CHECK: has_ridder=1, model_type=2 (unified=1), use_shooting_EDE=0
BG_INIT: entering background_solve
BACKGROUND_SOLVE ENTERED: has_ridder=1 Lambda=0.00e+00
RIDDER IC DEBUG: model_type=2 f_for_ic=5.000000e+26 theta_i=2.800000e+00 phi_ini=1.400000e+27
ABOUT TO INTEGRATE: bi_size=7 has_ridder=1 Lambda=0.00e+00
DERIVS_ENTRY: call#=60000 has_ridder=1 Lambda=0.00e+00 a=7.44e-11
BG_INIT: background_solve OK

========================================
RIDDER FINAL STATE (a=1, z=0):
  rho_ridder = 1.976596e-14 Mpc^-2
  rho_tot    = 5.557248e-08 Mpc^-2
  f_ridder   = 3.556790e-07 (fraction of total)
  Omega_ridder = 0.000000 (if f ~ Omega_Lambda)
========================================

DEBUG INPUT.C: Just set model_type to 2 (should be 2)

DEBUG: Reading v3 canonical parameters...
  f_eV = 5.000000e+26 eV
  Lambda_EDE = 6.649956e-01 eV, theta_E_center = 0.00, sigma_E = 0.40
  Lambda_tail = 2.300000e-03 eV, alpha_tail = 1.00
BACKGROUND_INIT ENTERED: Lambda=0.00e+00
DEBUG BG_INIT ENTRY: model_type=2
DEBUG AFTER CHECKS: model_type=2 has_ridder=1
RIDDER DEBUG (background_init): has_ridder=1, Lambda_EDE_ridder=0.000000e+00, f_axion_ridder=1.000000e+16, theta_i_ridder=2.800000e+00, beta_ridder=0.000000e+00
BG_INIT: entering background_checks
BG_INIT: background_checks OK
RIDDER FREEZE FLAG (from input): ridder_freeze_phi = 0, force_damping = 1.000e+00
DEBUG SHOOTING CHECK: has_ridder=1, model_type=2 (unified=1), use_shooting_EDE=0
BG_INIT: entering background_solve
BACKGROUND_SOLVE ENTERED: has_ridder=1 Lambda=0.00e+00
RIDDER IC DEBUG: model_type=2 f_for_ic=5.000000e+26 theta_i=2.800000e+00 phi_ini=1.400000e+27
ABOUT TO INTEGRATE: bi_size=7 has_ridder=1 Lambda=0.00e+00
DERIVS_ENTRY: call#=65000 has_ridder=1 Lambda=0.00e+00 a=8.90e-03
BG_INIT: background_solve OK

========================================
RIDDER FINAL STATE (a=1, z=0):
  rho_ridder = 1.404930e-14 Mpc^-2
  rho_tot    = 5.732236e-08 Mpc^-2
  f_ridder   = 2.450928e-07 (fraction of total)
  Omega_ridder = 0.000000 (if f ~ Omega_Lambda)
========================================

DEBUG INPUT.C: Just set model_type to 2 (should be 2)

DEBUG: Reading v3 canonical parameters...
  f_eV = 5.000000e+26 eV
  Lambda_EDE = 9.687959e-01 eV, theta_E_center = 0.00, sigma_E = 0.40
  Lambda_tail = 2.300000e-03 eV, alpha_tail = 1.00
BACKGROUND_INIT ENTERED: Lambda=0.00e+00
DEBUG BG_INIT ENTRY: model_type=2
DEBUG AFTER CHECKS: model_type=2 has_ridder=1
RIDDER DEBUG (background_init): has_ridder=1, Lambda_EDE_ridder=0.000000e+00, f_axion_ridder=1.000000e+16, theta_i_ridder=2.800000e+00, beta_ridder=0.000000e+00
BG_INIT: entering background_checks
BG_INIT: background_checks OK
RIDDER FREEZE FLAG (from input): ridder_freeze_phi = 0, force_damping = 1.000e+00
DEBUG SHOOTING CHECK: has_ridder=1, model_type=2 (unified=1), use_shooting_EDE=0
BG_INIT: entering background_solve
BACKGROUND_SOLVE ENTERED: has_ridder=1 Lambda=0.00e+00
RIDDER IC DEBUG: model_type=2 f_for_ic=5.000000e+26 theta_i=2.800000e+00 phi_ini=1.400000e+27
ABOUT TO INTEGRATE: bi_size=7 has_ridder=1 Lambda=0.00e+00
DERIVS_ENTRY: call#=70000 has_ridder=1 Lambda=0.00e+00 a=3.83e-01
BG_INIT: background_solve OK

========================================
RIDDER FINAL STATE (a=1, z=0):
  rho_ridder = 1.015594[mcmc] Progress @ 2025-11-26 18:42:01 : 381 steps taken, and 40 accepted.
e-14 Mpc^-2
  rho_tot    = 5.813605e-08 Mpc^-2
  f_ridder   = 1.746927e-07 (fraction of total)
  Omega_ridder = 0.000000 (if f ~ Omega_Lambda)
========================================

DEBUG INPUT.C: Just set model_type to 2 (should be 2)

DEBUG: Reading v3 canonical parameters...
  f_eV = 5.000000e+26 eV
  Lambda_EDE = 6.142533e-01 eV, theta_E_center = 0.00, sigma_E = 0.40
  Lambda_tail = 2.300000e-03 eV, alpha_tail = 1.00
BACKGROUND_INIT ENTERED: Lambda=0.00e+00
DEBUG BG_INIT ENTRY: model_type=2
DEBUG AFTER CHECKS: model_type=2 has_ridder=1
RIDDER DEBUG (background_init): has_ridder=1, Lambda_EDE_ridder=0.000000e+00, f_axion_ridder=1.000000e+16, theta_i_ridder=2.800000e+00, beta_ridder=0.000000e+00
BG_INIT: entering background_checks
BG_INIT: background_checks OK
RIDDER FREEZE FLAG (from input): ridder_freeze_phi = 0, force_damping = 1.000e+00
DEBUG SHOOTING CHECK: has_ridder=1, model_type=2 (unified=1), use_shooting_EDE=0
BG_INIT: entering background_solve
BACKGROUND_SOLVE ENTERED: has_ridder=1 Lambda=0.00e+00
RIDDER IC DEBUG: model_type=2 f_for_ic=5.000000e+26 theta_i=2.800000e+00 phi_ini=1.400000e+27
ABOUT TO INTEGRATE: bi_size=7 has_ridder=1 Lambda=0.00e+00
BG_INIT: background_solve OK

========================================
RIDDER FINAL STATE (a=1, z=0):
  rho_ridder = 2.002176e-14 Mpc^-2
  rho_tot    = 5.869328e-08 Mpc^-2
  f_ridder   = 3.411253e-07 (fraction of total)
  Omega_ridder = 0.000000 (if f ~ Omega_Lambda)
========================================

DEBUG INPUT.C: Just set model_type to 2 (should be 2)

DEBUG: Reading v3 canonical parameters...
  f_eV = 5.000000e+26 eV
  Lambda_EDE = 5.512734e-01 eV, theta_E_center = 0.00, sigma_E = 0.40
  Lambda_tail = 2.300000e-03 eV, alpha_tail = 1.00
BACKGROUND_INIT ENTERED: Lambda=0.00e+00
DEBUG BG_INIT ENTRY: model_type=2
DEBUG AFTER CHECKS: model_type=2 has_ridder=1
RIDDER DEBUG (background_init): has_ridder=1, Lambda_EDE_ridder=0.000000e+00, f_axion_ridder=1.000000e+16, theta_i_ridder=2.800000e+00, beta_ridder=0.000000e+00
BG_INIT: entering background_checks
BG_INIT: background_checks OK
RIDDER FREEZE FLAG (from input): ridder_freeze_phi = 0, force_damping = 1.000e+00
DEBUG SHOOTING CHECK: has_ridder=1, model_type=2 (unified=1), use_shooting_EDE=0
BG_INIT: entering background_solve
BACKGROUND_SOLVE ENTERED: has_ridder=1 Lambda=0.00e+00
RIDDER IC DEBUG: model_type=2 f_for_ic=5.000000e+26 theta_i=2.800000e+00 phi_ini=1.400000e+27
ABOUT TO INTEGRATE: bi_size=7 has_ridder=1 Lambda=0.00e+00
DERIVS_ENTRY: call#=75000 has_ridder=1 Lambda=0.00e+00 a=5.78e-04
BG_INIT: background_solve OK

========================================
RIDDER FINAL STATE (a=1, z=0):
  rho_ridder = 1.405768e-14 Mpc^-2
  rho_tot    = 5.708713e-08 Mpc^-2
  f_ridder   = 2.462495e-07 (fraction of total)
  Omega_ridder = 0.000000 (if f ~ Omega_Lambda)
========================================

DEBUG INPUT.C: Just set model_type to 2 (should be 2)

DEBUG: Reading v3 canonical parameters...
  f_eV = 5.000000e+26 eV
  Lambda_EDE = 7.030742e-01 eV, theta_E_center = 0.00, sigma_E = 0.40
  Lambda_tail = 2.300000e-03 eV, alpha_tail = 1.00
BACKGROUND_INIT ENTERED: Lambda=0.00e+00
DEBUG BG_INIT ENTRY: model_type=2
DEBUG AFTER CHECKS: model_type=2 has_ridder=1
RIDDER DEBUG (background_init): has_ridder=1, Lambda_EDE_ridder=0.000000e+00, f_axion_ridder=1.000000e+16, theta_i_ridder=2.800000e+00, beta_ridder=0.000000e+00
BG_INIT: entering background_checks
BG_INIT: background_checks OK
RIDDER FREEZE FLAG (from input): ridder_freeze_phi = 0, force_damping = 1.000e+00
DEBUG SHOOTING CHECK: has_ridder=1, model_type=2 (unified=1), use_shooting_EDE=0
BG_INIT: entering background_solve
BACKGROUND_SOLVE ENTERED: has_ridder=1 Lambda=0.00e+00
RIDDER IC DEBUG: model_type=2 f_for_ic=5.000000e+26 theta_i=2.800000e+00 phi_ini=1.400000e+27
ABOUT TO INTEGRATE: bi_size=7 has_ridder=1 Lambda=0.00e+00
DERIVS_ENTRY: call#=80000 has_ridder=1 Lambda=0.00e+00 a=3.07e-01
BG_INIT: background_solve OK

========================================
RIDDER FINAL STATE (a=1, z=0):
  rho_ridder = 2.128713e-14 Mpc^-2
  rho_tot    = 5.851902e-08 Mpc^-2
  f_ridder   = 3.637643e-07 (fraction of total)
  Omega_ridder = 0.000000 (if f ~ Omega_Lambda)
========================================

DEBUG INPUT.C: Just set model_type to 2 (should be 2)

DEBUG: Reading v3 canonical parameters...
  f_eV = 5.000000e+26 eV
  Lambda_EDE = 6.176684e-01 eV, theta_E_center = 0.00, sigma_E = 0.40
  Lambda_tail = 2.300000e-03 eV, alpha_tail = 1.00
BACKGROUND_INIT ENTERED: Lambda=0.00e+00
DEBUG BG_INIT ENTRY: model_type=2
DEBUG AFTER CHECKS: model_type=2 has_ridder=1
RIDDER DEBUG (background_init): has_ridder=1, Lambda_EDE_ridder=0.000000e+00, f_axion_ridder=1.000000e+16, theta_i_ridder=2.800000e+00, beta_ridder=0.000000e+00
BG_INIT: entering background_checks
BG_INIT: background_checks OK
RIDDER FREEZE FLAG (from input): ridder_freeze_phi = 0, force_damping = 1.000e+00
DEBUG SHOOTING CHECK: has_ridder=1, model_type=2 (unified=1), use_shooting_EDE=0
BG_INIT: entering background_solve
BACKGROUND_SOLVE ENTERED: has_ridder=1 Lambda=0.00e+00
RIDDER IC DEBUG: model_type=2 f_for_ic=5.000000e+26 theta_i=2.800000e+00 phi_ini=1.400000e+27
ABOUT TO INTEGRATE: bi_size=7 has_ridder=1 Lambda=0.00e+00
BG_INIT: background_solve OK

========================================
RIDDER FINAL STATE (a=1, z=0):
  rho_ridder = 1.873999e-14 Mpc^-2
  rho_tot    = 5.863756e-08 Mpc^-2
  f_ridder   = 3.195902e-07 (fraction of total)
  Omega_ridder = 0.000000 (if f ~ Omega_Lambda)
========================================

DEBUG INPUT.C: Just set model_type to 2 (should be 2)

DEBUG: Reading v3 canonical parameters...
  f_eV = 5.000000e+26 eV
  Lambda_EDE = 5.660834e-01 eV, theta_E_center = 0.00, sigma_E = 0.40
  Lambda_tail = 2.300000e-03 eV, alpha_tail = 1.00
BACKGROUND_INIT ENTERED: Lambda=0.00e+00
DEBUG BG_INIT ENTRY: model_type=2
DEBUG AFTER CHECKS: model_type=2 has_ridder=1
RIDDER DEBUG (background_init): has_ridder=1, Lambda_EDE_ridder=0.000000e+00, f_axion_ridder=1.000000e+16, theta_i_ridder=2.800000e+00, beta_ridder=0.000000e+00
BG_INIT: entering background_checks
BG_INIT: background_checks OK
RIDDER FREEZE FLAG (from input): ridder_freeze_phi = 0, force_damping = 1.000e+00
DEBUG SHOOTING CHECK: has_ridder=1, model_type=2 (unified=1), use_shooting_EDE=0
BG_INIT: entering background_solve
BACKGROUND_SOLVE ENTERED: has_ridder=1 Lambda=0.00e+00
RIDDER IC DEBUG: model_type=2 f_for_ic=5.000000e+26 theta_i=2.800000e+00 phi_ini=1.400000e+27
ABOUT TO INTEGRATE: bi_size=7 has_ridder=1 Lambda=0.00e+00
DERIVS_ENTRY: call#=85000 has_ridder=1 Lambda=0.00e+00 a=4.52e-04
BG_INIT: background_solve OK

========================================
RIDDER FINAL STATE (a=1, z=0):
  rho_ridder = 1.959539e-14 Mpc^-2
  rho_tot    = 5.926252e-08 Mpc^-2
  f_ridder   = 3.306539e-07 (fraction of total)
  Omega_ridder = 0.000000 (if f ~ Omega_Lambda)
========================================

DEBUG INPUT.C: Just set model_type to 2 (should be 2)

DEBUG: Reading v3 canonical parameters...
  f_eV = 5.000000e+26 eV
  Lambda_EDE = 6.816551e-01 eV, theta_E_center = 0.00, sigma_E = 0.40
  Lambda_tail = 2.300000e-03 eV, alpha_tail = 1.00
BACKGROUND_INIT ENTERED: Lambda=0.00e+00
DEBUG BG_INIT ENTRY: model_type=2
DEBUG AFTER CHECKS: model_type=2 has_ridder=1
RIDDER DEBUG (background_init): has_ridder=1, Lambda_EDE_ridder=0.000000e+00, f_axion_ridder=1.000000e+16, theta_i_ridder=2.800000e+00, beta_ridder=0.000000e+00
BG_INIT: entering background_checks
BG_INIT: background_checks OK
RIDDER FREEZE FLAG (from input): ridder_freeze_phi = 0, force_damping = 1.000e+00
DEBUG SHOOTING CHECK: has_ridder=1, model_type=2 (unified=1), use_shooting_EDE=0
BG_INIT: entering background_solve
BACKGROUND_SOLVE ENTERED: has_ridder=1 Lambda=0.00e+00
RIDDER IC DEBUG: model_type=2 f_for_ic=5.000000e+26 theta_i=2.800000e+00 phi_ini=1.400000e+27
ABOUT TO INTEGRATE: bi_size=7 has_ridder=1 Lambda=0.00e+00
DERIVS_ENTRY: call#=90000 has_ridder=1 Lambda=0.00e+00 a=2.45e-01
BG_INIT: background_solve OK

========================================
RIDDER FINAL STATE (a=1, z=0):
  rho_ridder = 2.564384e-14 Mpc^-2
  rho_tot    = 6.038695e-08 Mpc^-2
  f_ridder   = 4.246586e-07 (fraction of total)
  Omega_ridder = 0.000000 (if f ~ Omega_Lambda)
========================================

DEBUG INPUT.C: Just set model_type to 2 (should be 2)

DEBUG: Reading v3 canonical parameters...
  f_eV = 5.000000e+26 eV
  Lambda_EDE = 6.804385e-01 eV, theta_E_center = 0.00, sigma_E = 0.40
  Lambda_tail = 2.300000e-03 eV, alpha_tail = 1.00
BACKGROUND_INIT ENTERED: Lambda=0.00e+00
DEBUG BG_INIT ENTRY: model_type=2
DEBUG AFTER CHECKS: model_type=2 has_ridder=1
RIDDER DEBUG (background_init): has_ridder=1, Lambda_EDE_ridder=0.000000e+00, f_axion_ridder=1.000000e+16, theta_i_ridder=2.800000e+00, beta_ridder=0.000000e+00
BG_INIT: entering background_checks
BG_INIT: background_checks OK
RIDDER FREEZE FLAG (from input): ridder_freeze_phi = 0, force_damping = 1.000e+00
DEBUG SHOOTING CHECK: has_ridder=1, model_type=2 (unified=1), use_shooting_EDE=0
BG_INIT: entering background_solve
BACKGROUND_SOLVE ENTERED: has_ridder=1 Lambda=0.00e+00
RIDDER IC DEBUG: model_type=2 f_for_ic=5.000000e+26 theta_i=2.800000e+00 phi_ini=1.400000e+27
ABOUT TO INTEGRATE: bi_size=7 has_ridder=1 Lambda=0.00e+00
BG_INIT: background_solve OK

========================================
RIDDER FINAL STATE (a=1, z=0):
  rho_ridder = 2.547551e-14 Mpc^-2
  rho_tot    = 5.949863e-08 Mpc^-2
  f_ridder   = 4.281697e-07 (fraction of total)
  Omega_ridder = 0.000000 (if f ~ Omega_Lambda)
========================================

DEBUG INPUT.C: Just set model_type to 2 (should be 2)

DEBUG: Reading v3 canonical parameters...
  f_eV = 5.000000e+26 eV
  Lambda_EDE = 5.590020e-01 eV, theta_E_center = 0.00, sigma_E = 0.40
  Lambda_tail = 2.300000e-03 eV, alpha_tail = 1.00
BACKGROUND_INIT ENTERED: Lambda=0.00e+00
DEBUG BG_INIT ENTRY: model_type=2
DEBUG AFTER CHECKS: model_type=2 has_ridder=1
RIDDER DEBUG (background_init): has_ridder=1, Lambda_EDE_ridder=0.000000e+00, f_axion_ridder=1.000000e+16, theta_i_ridder=2.800000e+00, beta_ridder=0.000000e+00
BG_INIT: entering background_checks
BG_INIT: background_checks OK
RIDDER FREEZE FLAG (from input): ridder_freeze_phi = 0, force_damping = 1.000e+00
DEBUG SHOOTING CHECK: has_ridder=1, model_type=2 (unified=1), use_shooting_EDE=0
BG_INIT: entering background_solve
BACKGROUND_SOLVE ENTERED: has_ridder=1 Lambda=0.00e+00
RIDDER IC DEBUG: model_type=2 f_for_ic=5.000000e+26 theta_i=2.800000e+00 phi_ini=1.400000e+27
ABOUT TO INTEGRATE: bi_size=7 has_ridder=1 Lambda=0.00e+00
DERIVS_ENTRY: call#=95000 has_ridder=1 Lambda=0.00e+00 a=1.08e-04
BG_INIT: background_solve OK

========================================
RIDDER FINAL STATE (a=1, z=0):
  rho_ridder = 2.826620e-14 Mpc^-2
  rho_tot    = 6.058386e-08 Mpc^-2
  f_ridder   = 4.665633e-07 (fraction of total)
  Omega_ridder = 0.000000 (if f ~ Omega_Lambda)
========================================

DEBUG INPUT.C: Just set model_type to 2 (should be 2)

DEBUG: Reading v3 canonical parameters...
  f_eV = 5.000000e+26 eV
  Lambda_EDE = 7.040009e-01 eV, theta_E_center = 0.00, sigma_E = 0.40
  Lambda_tail = 2.300000e-03 eV, alpha_tail = 1.00
BACKGROUND_INIT ENTERED: Lambda=0.00e+00
DEBUG BG_INIT ENTRY: model_type=2
DEBUG AFTER CHECKS: model_type=2 has_ridder=1
RIDDER DEBUG (background_init): has_ridder=1, Lambda_EDE_ridder=0.000000e+00, f_axion_ridder=1.000000e+16, theta_i_ridder=2.800000e+00, beta_ridder=0.000000e+00
BG_INIT: entering background_checks
BG_INIT: background_checks OK
RIDDER FREEZE FLAG (from input): ridder_freeze_phi = 0, force_damping = 1.000e+00
DEBUG SHOOTING CHECK: has_ridder=1, model_type=2 (unified=1), use_shooting_EDE=0
BG_INIT: entering background_solve
BACKGROUND_SOLVE ENTERED: has_ridder=1 Lambda=0.00e+00
RIDDER IC DEBUG: model_type=2 f_for_ic=5.000000e+26 theta_i=2.800000e+00 phi_ini=1.400000e+27
ABOUT TO INTEGRATE: bi_size=7 has_ridder=1 Lambda=0.00e+00
DERIVS_ENTRY: call#=100000 has_ridder=1 Lambda=0.00e+00 a=8.67e-02
BG_INIT: background_solve OK

========================================
RIDDER FINAL STATE (a=1, z=0):
  rho_ridder = 2.387123e-14 Mpc^-2
  rho_tot    = 6.353076e-08 Mpc^-2
  f_ridder   = 3.757429e-07 (fraction of total)
  Omega_ridder = 0.000000 (if f ~[mcmc] Progress @ 2025-11-26 18:43:08 : 556 steps taken, and 57 accepted.
 Omega_Lambda)
========================================

DEBUG INPUT.C: Just set model_type to 2 (should be 2)

DEBUG: Reading v3 canonical parameters...
  f_eV = 5.000000e+26 eV
  Lambda_EDE = 7.096731e-01 eV, theta_E_center = 0.00, sigma_E = 0.40
  Lambda_tail = 2.300000e-03 eV, alpha_tail = 1.00
BACKGROUND_INIT ENTERED: Lambda=0.00e+00
DEBUG BG_INIT ENTRY: model_type=2
DEBUG AFTER CHECKS: model_type=2 has_ridder=1
RIDDER DEBUG (background_init): has_ridder=1, Lambda_EDE_ridder=0.000000e+00, f_axion_ridder=1.000000e+16, theta_i_ridder=2.800000e+00, beta_ridder=0.000000e+00
BG_INIT: entering background_checks
BG_INIT: background_checks OK
RIDDER FREEZE FLAG (from input): ridder_freeze_phi = 0, force_damping = 1.000e+00
DEBUG SHOOTING CHECK: has_ridder=1, model_type=2 (unified=1), use_shooting_EDE=0
BG_INIT: entering background_solve
BACKGROUND_SOLVE ENTERED: has_ridder=1 Lambda=0.00e+00
RIDDER IC DEBUG: model_type=2 f_for_ic=5.000000e+26 theta_i=2.800000e+00 phi_ini=1.400000e+27
ABOUT TO INTEGRATE: bi_size=7 has_ridder=1 Lambda=0.00e+00
BG_INIT: background_solve OK

========================================
RIDDER FINAL STATE (a=1, z=0):
  rho_ridder = 2.015698e-14 Mpc^-2
  rho_tot    = 6.251712e-08 Mpc^-2
  f_ridder   = 3.224234e-07 (fraction of total)
  Omega_ridder = 0.000000 (if f ~ Omega_Lambda)
========================================

DEBUG INPUT.C: Just set model_type to 2 (should be 2)

DEBUG: Reading v3 canonical parameters...
  f_eV = 5.000000e+26 eV
  Lambda_EDE = 6.519057e-01 eV, theta_E_center = 0.00, sigma_E = 0.40
  Lambda_tail = 2.300000e-03 eV, alpha_tail = 1.00
BACKGROUND_INIT ENTERED: Lambda=0.00e+00
DEBUG BG_INIT ENTRY: model_type=2
DEBUG AFTER CHECKS: model_type=2 has_ridder=1
RIDDER DEBUG (background_init): has_ridder=1, Lambda_EDE_ridder=0.000000e+00, f_axion_ridder=1.000000e+16, theta_i_ridder=2.800000e+00, beta_ridder=0.000000e+00
BG_INIT: entering background_checks
BG_INIT: background_checks OK
RIDDER FREEZE FLAG (from input): ridder_freeze_phi = 0, force_damping = 1.000e+00
DEBUG SHOOTING CHECK: has_ridder=1, model_type=2 (unified=1), use_shooting_EDE=0
BG_INIT: entering background_solve
BACKGROUND_SOLVE ENTERED: has_ridder=1 Lambda=0.00e+00
RIDDER IC DEBUG: model_type=2 f_for_ic=5.000000e+26 theta_i=2.800000e+00 phi_ini=1.400000e+27
ABOUT TO INTEGRATE: bi_size=7 has_ridder=1 Lambda=0.00e+00
DERIVS_ENTRY: call#=105000 has_ridder=1 Lambda=0.00e+00 a=4.91e-08
BG_INIT: background_solve OK

========================================
RIDDER FINAL STATE (a=1, z=0):
  rho_ridder = 1.312885e-14 Mpc^-2
  rho_tot    = 5.762779e-08 Mpc^-2
  f_ridder   = 2.278215e-07 (fraction of total)
  Omega_ridder = 0.000000 (if f ~ Omega_Lambda)
========================================

DEBUG INPUT.C: Just set model_type to 2 (should be 2)

DEBUG: Reading v3 canonical parameters...
  f_eV = 5.000000e+26 eV
  Lambda_EDE = 6.076677e-01 eV, theta_E_center = 0.00, sigma_E = 0.40
  Lambda_tail = 2.300000e-03 eV, alpha_tail = 1.00
BACKGROUND_INIT ENTERED: Lambda=0.00e+00
DEBUG BG_INIT ENTRY: model_type=2
DEBUG AFTER CHECKS: model_type=2 has_ridder=1
RIDDER DEBUG (background_init): has_ridder=1, Lambda_EDE_ridder=0.000000e+00, f_axion_ridder=1.000000e+16, theta_i_ridder=2.800000e+00, beta_ridder=0.000000e+00
BG_INIT: entering background_checks
BG_INIT: background_checks OK
RIDDER FREEZE FLAG (from input): ridder_freeze_phi = 0, force_damping = 1.000e+00
DEBUG SHOOTING CHECK: has_ridder=1, model_type=2 (unified=1), use_shooting_EDE=0
BG_INIT: entering background_solve
BACKGROUND_SOLVE ENTERED: has_ridder=1 Lambda=0.00e+00
RIDDER IC DEBUG: model_type=2 f_for_ic=5.000000e+26 theta_i=2.800000e+00 phi_ini=1.400000e+27
ABOUT TO INTEGRATE: bi_size=7 has_ridder=1 Lambda=0.00e+00
DERIVS_ENTRY: call#=110000 has_ridder=1 Lambda=0.00e+00 a=5.49e-02
BG_INIT: background_solve OK

========================================
RIDDER FINAL STATE (a=1, z=0):
  rho_ridder = 2.849043e-14 Mpc^-2
  rho_tot    = 6.685970e-08 Mpc^-2
  f_ridder   = 4.261226e-07 (fraction of total)
  Omega_ridder = 0.000000 (if f ~ Omega_Lambda)
========================================

DEBUG INPUT.C: Just set model_type to 2 (should be 2)

DEBUG: Reading v3 canonical parameters...
  f_eV = 5.000000e+26 eV
  Lambda_EDE = 6.829230e-01 eV, theta_E_center = 0.00, sigma_E = 0.40
  Lambda_tail = 2.300000e-03 eV, alpha_tail = 1.00
BACKGROUND_INIT ENTERED: Lambda=0.00e+00
DEBUG BG_INIT ENTRY: model_type=2
DEBUG AFTER CHECKS: model_type=2 has_ridder=1
RIDDER DEBUG (background_init): has_ridder=1, Lambda_EDE_ridder=0.000000e+00, f_axion_ridder=1.000000e+16, theta_i_ridder=2.800000e+00, beta_ridder=0.000000e+00
BG_INIT: entering background_checks
BG_INIT: background_checks OK
RIDDER FREEZE FLAG (from input): ridder_freeze_phi = 0, force_damping = 1.000e+00
DEBUG SHOOTING CHECK: has_ridder=1, model_type=2 (unified=1), use_shooting_EDE=0
BG_INIT: entering background_solve
BACKGROUND_SOLVE ENTERED: has_ridder=1 Lambda=0.00e+00
RIDDER IC DEBUG: model_type=2 f_for_ic=5.000000e+26 theta_i=2.800000e+00 phi_ini=1.400000e+27
ABOUT TO INTEGRATE: bi_size=7 has_ridder=1 Lambda=0.00e+00
BG_INIT: background_solve OK

========================================
RIDDER FINAL STATE (a=1, z=0):
  rho_ridder = 1.814838e-14 Mpc^-2
  rho_tot    = 6.227145e-08 Mpc^-2
  f_ridder   = 2.914399e-07 (fraction of total)
  Omega_ridder = 0.000000 (if f ~ Omega_Lambda)
========================================

DEBUG INPUT.C: Just set model_type to 2 (should be 2)

DEBUG: Reading v3 canonical parameters...
  f_eV = 5.000000e+26 eV
  Lambda_EDE = 8.274446e-01 eV, theta_E_center = 0.00, sigma_E = 0.40
  Lambda_tail = 2.300000e-03 eV, alpha_tail = 1.00
BACKGROUND_INIT ENTERED: Lambda=0.00e+00
DEBUG BG_INIT ENTRY: model_type=2
DEBUG AFTER CHECKS: model_type=2 has_ridder=1
RIDDER DEBUG (background_init): has_ridder=1, Lambda_EDE_ridder=0.000000e+00, f_axion_ridder=1.000000e+16, theta_i_ridder=2.800000e+00, beta_ridder=0.000000e+00
BG_INIT: entering background_checks
BG_INIT: background_checks OK
RIDDER FREEZE FLAG (from input): ridder_freeze_phi = 0, force_damping = 1.000e+00
DEBUG SHOOTING CHECK: has_ridder=1, model_type=2 (unified=1), use_shooting_EDE=0
BG_INIT: entering background_solve
BACKGROUND_SOLVE ENTERED: has_ridder=1 Lambda=0.00e+00
RIDDER IC DEBUG: model_type=2 f_for_ic=5.000000e+26 theta_i=2.800000e+00 phi_ini=1.400000e+27
ABOUT TO INTEGRATE: bi_size=7 has_ridder=1 Lambda=0.00e+00
DERIVS_ENTRY: call#=115000 has_ridder=1 Lambda=0.00e+00 a=3.35e-08
BG_INIT: background_solve OK

========================================
RIDDER FINAL STATE (a=1, z=0):
  rho_ridder = 1.424048e-14 Mpc^-2
  rho_tot    = 6.811299e-08 Mpc^-2
  f_ridder   = 2.090714e-07 (fraction of total)
  Omega_ridder = 0.000000 (if f ~ Omega_Lambda)
========================================

DEBUG INPUT.C: Just set model_type to 2 (should be 2)

DEBUG: Reading v3 canonical parameters...
  f_eV = 5.000000e+26 eV
  Lambda_EDE = 6.330148e-01 eV, theta_E_center = 0.00, sigma_E = 0.40
  Lambda_tail = 2.300000e-03 eV, alpha_tail = 1.00
BACKGROUND_INIT ENTERED: Lambda=0.00e+00
DEBUG BG_INIT ENTRY: model_type=2
DEBUG AFTER CHECKS: model_type=2 has_ridder=1
RIDDER DEBUG (background_init): has_ridder=1, Lambda_EDE_ridder=0.000000e+00, f_axion_ridder=1.000000e+16, theta_i_ridder=2.800000e+00, beta_ridder=0.000000e+00
BG_INIT: entering background_checks
BG_INIT: background_checks OK
RIDDER FREEZE FLAG (from input): ridder_freeze_phi = 0, force_damping = 1.000e+00
DEBUG SHOOTING CHECK: has_ridder=1, model_type=2 (unified=1), use_shooting_EDE=0
BG_INIT: entering background_solve
BACKGROUND_SOLVE ENTERED: has_ridder=1 Lambda=0.00e+00
RIDDER IC DEBUG: model_type=2 f_for_ic=5.000000e+26 theta_i=2.800000e+00 phi_ini=1.400000e+27
ABOUT TO INTEGRATE: bi_size=7 has_ridder=1 Lambda=0.00e+00
DERIVS_ENTRY: call#=120000 has_ridder=1 Lambda=0.00e+00 a=8.50e-03
BG_INIT: background_solve OK

========================================
RIDDER FINAL STATE (a=1, z=0):
  rho_ridder = 1.439066e-14 Mpc^-2
  rho_tot    = 6.231159e-08 Mpc^-2
  f_ridder   = 2.309468e-07 (fraction of total)
  Omega_ridder = 0.000000 (if f ~ Omega_Lambda)
========================================

DEBUG INPUT.C: Just set m[mcmc] Progress @ 2025-11-26 18:44:09 : 811 steps taken, and 84 accepted.
odel_type to 2 (should be 2)

DEBUG: Reading v3 canonical parameters...
  f_eV = 5.000000e+26 eV
  Lambda_EDE = 7.031349e-01 eV, theta_E_center = 0.00, sigma_E = 0.40
  Lambda_tail = 2.300000e-03 eV, alpha_tail = 1.00
BACKGROUND_INIT ENTERED: Lambda=0.00e+00
DEBUG BG_INIT ENTRY: model_type=2
DEBUG AFTER CHECKS: model_type=2 has_ridder=1
RIDDER DEBUG (background_init): has_ridder=1, Lambda_EDE_ridder=0.000000e+00, f_axion_ridder=1.000000e+16, theta_i_ridder=2.800000e+00, beta_ridder=0.000000e+00
BG_INIT: entering background_checks
BG_INIT: background_checks OK
RIDDER FREEZE FLAG (from input): ridder_freeze_phi = 0, force_damping = 1.000e+00
DEBUG SHOOTING CHECK: has_ridder=1, model_type=2 (unified=1), use_shooting_EDE=0
BG_INIT: entering background_solve
BACKGROUND_SOLVE ENTERED: has_ridder=1 Lambda=0.00e+00
RIDDER IC DEBUG: model_type=2 f_for_ic=5.000000e+26 theta_i=2.800000e+00 phi_ini=1.400000e+27
ABOUT TO INTEGRATE: bi_size=7 has_ridder=1 Lambda=0.00e+00
BG_INIT: background_solve OK

========================================
RIDDER FINAL STATE (a=1, z=0):
  rho_ridder = 2.387247e-14 Mpc^-2
  rho_tot    = 6.389898e-08 Mpc^-2
  f_ridder   = 3.735970e-07 (fraction of total)
  Omega_ridder = 0.000000 (if f ~ Omega_Lambda)
========================================

DEBUG INPUT.C: Just set model_type to 2 (should be 2)

DEBUG: Reading v3 canonical parameters...
  f_eV = 5.000000e+26 eV
  Lambda_EDE = 7.722399e-01 eV, theta_E_center = 0.00, sigma_E = 0.40
  Lambda_tail = 2.300000e-03 eV, alpha_tail = 1.00
BACKGROUND_INIT ENTERED: Lambda=0.00e+00
DEBUG BG_INIT ENTRY: model_type=2
DEBUG AFTER CHECKS: model_type=2 has_ridder=1
RIDDER DEBUG (background_init): has_ridder=1, Lambda_EDE_ridder=0.000000e+00, f_axion_ridder=1.000000e+16, theta_i_ridder=2.800000e+00, beta_ridder=0.000000e+00
BG_INIT: entering background_checks
BG_INIT: background_checks OK
RIDDER FREEZE FLAG (from input): ridder_freeze_phi = 0, force_damping = 1.000e+00
DEBUG SHOOTING CHECK: has_ridder=1, model_type=2 (unified=1), use_shooting_EDE=0
BG_INIT: entering background_solve
BACKGROUND_SOLVE ENTERED: has_ridder=1 Lambda=0.00e+00
RIDDER IC DEBUG: model_type=2 f_for_ic=5.000000e+26 theta_i=2.800000e+00 phi_ini=1.400000e+27
ABOUT TO INTEGRATE: bi_size=7 has_ridder=1 Lambda=0.00e+00
DERIVS_ENTRY: call#=125000 has_ridder=1 Lambda=0.00e+00 a=2.23e-12
BG_INIT: background_solve OK

========================================
RIDDER FINAL STATE (a=1, z=0):
  rho_ridder = 1.481086e-14 Mpc^-2
  rho_tot    = 6.389375e-08 Mpc^-2
  f_ridder   = 2.318046e-07 (fraction of total)
  Omega_ridder = 0.000000 (if f ~ Omega_Lambda)
========================================

DEBUG INPUT.C: Just set model_type to 2 (should be 2)

DEBUG: Reading v3 canonical parameters...
  f_eV = 5.000000e+26 eV
  Lambda_EDE = 7.133373e-01 eV, theta_E_center = 0.00, sigma_E = 0.40
  Lambda_tail = 2.300000e-03 eV, alpha_tail = 1.00
BACKGROUND_INIT ENTERED: Lambda=0.00e+00
DEBUG BG_INIT ENTRY: model_type=2
DEBUG AFTER CHECKS: model_type=2 has_ridder=1
RIDDER DEBUG (background_init): has_ridder=1, Lambda_EDE_ridder=0.000000e+00, f_axion_ridder=1.000000e+16, theta_i_ridder=2.800000e+00, beta_ridder=0.000000e+00
BG_INIT: entering background_checks
BG_INIT: background_checks OK
RIDDER FREEZE FLAG (from input): ridder_freeze_phi = 0, force_damping = 1.000e+00
DEBUG SHOOTING CHECK: has_ridder=1, model_type=2 (unified=1), use_shooting_EDE=0
BG_INIT: entering background_solve
BACKGROUND_SOLVE ENTERED: has_ridder=1 Lambda=0.00e+00
RIDDER IC DEBUG: model_type=2 f_for_ic=5.000000e+26 theta_i=2.800000e+00 phi_ini=1.400000e+27
ABOUT TO INTEGRATE: bi_size=7 has_ridder=1 Lambda=0.00e+00
DERIVS_ENTRY: call#=130000 has_ridder=1 Lambda=0.00e+00 a=1.28e-03
BG_INIT: background_solve OK

========================================
RIDDER FINAL STATE (a=1, z=0):
  rho_ridder = 1.923390e-14 Mpc^-2
  rho_tot    = 6.381535e-08 Mpc^-2
  f_ridder   = 3.013992e-07 (fraction of total)
  Omega_ridder = 0.000000 (if f ~ Omega_Lambda)
========================================

DEBUG INPUT.C: Just set model_type to 2 (should be 2)

DEBUG: Reading v3 canonical parameters...
  f_eV = 5.000000e+26 eV
  Lambda_EDE = 6.941671e-01 eV, theta_E_center = 0.00, sigma_E = 0.40
  Lambda_tail = 2.300000e-03 eV, alpha_tail = 1.00
BACKGROUND_INIT ENTERED: Lambda=0.00e+00
DEBUG BG_INIT ENTRY: model_type=2
DEBUG AFTER CHECKS: model_type=2 has_ridder=1
RIDDER DEBUG (background_init): has_ridder=1, Lambda_EDE_ridder=0.000000e+00, f_axion_ridder=1.000000e+16, theta_i_ridder=2.800000e+00, beta_ridder=0.000000e+00
BG_INIT: entering background_checks
BG_INIT: background_checks OK
RIDDER FREEZE FLAG (from input): ridder_freeze_phi = 0, force_damping = 1.000e+00
DEBUG SHOOTING CHECK: has_ridder=1, model_type=2 (unified=1), use_shooting_EDE=0
BG_INIT: entering background_solve
BACKGROUND_SOLVE ENTERED: has_ridder=1 Lambda=0.00e+00
RIDDER IC DEBUG: model_type=2 f_for_ic=5.000000e+26 theta_i=2.800000e+00 phi_ini=1.400000e+27
ABOUT TO INTEGRATE: bi_size=7 has_ridder=1 Lambda=0.00e+00
DERIVS_ENTRY: call#=135000 has_ridder=1 Lambda=0.00e+00 a=1.48e-01
BG_INIT: background_solve OK

========================================
RIDDER FINAL STATE (a=1, z=0):
  rho_ridder = 2.434477e-14 Mpc^-2
  rho_tot    = 6.158362e-08 Mpc^-2
  f_ridder   = 3.953124e-07 (fraction of total)
  Omega_ridder = 0.000000 (if f ~ Omega_Lambda)
========================================

DEBUG INPUT.C: Just set model_type to 2 (should be 2)

DEBUG: Reading v3 canonical parameters...
  f_eV = 5.000000e+26 eV
  Lambda_EDE = 9.350086e-01 eV, theta_E_center = 0.00, sigma_E = 0.40
  Lambda_tail = 2.300000e-03 eV, alpha_tail = 1.00
BACKGROUND_INIT ENTERED: Lambda=0.00e+00
DEBUG BG_INIT ENTRY: model_type=2
DEBUG AFTER CHECKS: model_type=2 has_ridder=1
RIDDER DEBUG (background_init): has_ridder=1, Lambda_EDE_ridder=0.000000e+00, f_axion_ridder=1.000000e+16, theta_i_ridder=2.800000e+00, beta_ridder=0.000000e+00
BG_INIT: entering background_checks
BG_INIT: background_checks OK
RIDDER FREEZE FLAG (from input): ridder_freeze_phi = 0, force_damping = 1.000e+00
DEBUG SHOOTING CHECK: has_ridder=1, model_type=2 (unified=1), use_shooting_EDE=0
BG_INIT: entering background_solve
BACKGROUND_SOLVE ENTERED: has_ridder=1 Lambda=0.00e+00
RIDDER IC DEBUG: model_type=2 f_for_ic=5.000000e+26 theta_i=2.800000e+00 phi_ini=1.400000e+27
ABOUT TO INTEGRATE: bi_size=7 has_ridder=1 Lambda=0.00e+00
BG_INIT: background_solve OK

========================================
RIDDER FINAL STATE (a=1, z=0):
  rho_ridder = 1.509913e-14 Mpc^-2
  rho_tot    = 6.499224e-08 Mpc^-2
  f_ridder   = 2.323221e-07 (fraction of total)
  Omega_ridder = 0.000000 (if f ~ Omega_Lambda)
========================================

DEBUG INPUT.C: Just set model_type to 2 (should be 2)

DEBUG: Reading v3 canonical parameters...
  f_eV = 5.000000e+26 eV
  Lambda_EDE = 7.016164e-01 eV, theta_E_center = 0.00, sigma_E = 0.40
  Lambda_tail = 2.300000e-03 eV, alpha_tail = 1.00
BACKGROUND_INIT ENTERED: Lambda=0.00e+00
DEBUG BG_INIT ENTRY: model_type=2
DEBUG AFTER CHECKS: model_type=2 has_ridder=1
RIDDER DEBUG (background_init): has_ridder=1, Lambda_EDE_ridder=0.000000e+00, f_axion_ridder=1.000000e+16, theta_i_ridder=2.800000e+00, beta_ridder=0.000000e+00
BG_INIT: entering background_checks
BG_INIT: background_checks OK
RIDDER FREEZE FLAG (from input): ridder_freeze_phi = 0, force_damping = 1.000e+00
DEBUG SHOOTING CHECK: has_ridder=1, model_type=2 (unified=1), use_shooting_EDE=0
BG_INIT: entering background_solve
BACKGROUND_SOLVE ENTERED: has_ridder=1 Lambda=0.00e+00
RIDDER IC DEBUG: model_type=2 f_for_ic=5.000000e+26 theta_i=2.800000e+00 phi_ini=1.400000e+27
ABOUT TO INTEGRATE: bi_size=7 has_ridder=1 Lambda=0.00e+00
DERIVS_ENTRY: call#=140000 has_ridder=1 Lambda=0.00e+00 a=6.84e-09
BG_INIT: background_solve OK

========================================
RIDDER FINAL STATE (a=1, z=0):
  rho_ridder = 1.758392e-14 Mpc^-2
  rho_tot    = 6.697368e-08 Mpc^-2
  f_ridder   = 2.625497e-07 (fraction of total)
  Omega_ridder = 0.000000 (if f ~ Omega_Lambda)
========================================

DEBUG INPUT.C: Just set model_type to 2 (should be 2)

DEBUG: Reading v3 canonical parameters...
  f_eV = 5[mcmc] Progress @ 2025-11-26 18:45:09 : 1048 steps taken, and 111 accepted.
.000000e+26 eV
  Lambda_EDE = 7.223104e-01 eV, theta_E_center = 0.00, sigma_E = 0.40
  Lambda_tail = 2.300000e-03 eV, alpha_tail = 1.00
BACKGROUND_INIT ENTERED: Lambda=0.00e+00
DEBUG BG_INIT ENTRY: model_type=2
DEBUG AFTER CHECKS: model_type=2 has_ridder=1
RIDDER DEBUG (background_init): has_ridder=1, Lambda_EDE_ridder=0.000000e+00, f_axion_ridder=1.000000e+16, theta_i_ridder=2.800000e+00, beta_ridder=0.000000e+00
BG_INIT: entering background_checks
BG_INIT: background_checks OK
RIDDER FREEZE FLAG (from input): ridder_freeze_phi = 0, force_damping = 1.000e+00
DEBUG SHOOTING CHECK: has_ridder=1, model_type=2 (unified=1), use_shooting_EDE=0
BG_INIT: entering background_solve
BACKGROUND_SOLVE ENTERED: has_ridder=1 Lambda=0.00e+00
RIDDER IC DEBUG: model_type=2 f_for_ic=5.000000e+26 theta_i=2.800000e+00 phi_ini=1.400000e+27
ABOUT TO INTEGRATE: bi_size=7 has_ridder=1 Lambda=0.00e+00
DERIVS_ENTRY: call#=145000 has_ridder=1 Lambda=0.00e+00 a=7.58e-03
BG_INIT: background_solve OK

========================================
RIDDER FINAL STATE (a=1, z=0):
  rho_ridder = 1.668937e-14 Mpc^-2
  rho_tot    = 6.353734e-08 Mpc^-2
  f_ridder   = 2.626703e-07 (fraction of total)
  Omega_ridder = 0.000000 (if f ~ Omega_Lambda)
========================================

DEBUG INPUT.C: Just set model_type to 2 (should be 2)

DEBUG: Reading v3 canonical parameters...
  f_eV = 5.000000e+26 eV
  Lambda_EDE = 6.890491e-01 eV, theta_E_center = 0.00, sigma_E = 0.40
  Lambda_tail = 2.300000e-03 eV, alpha_tail = 1.00
BACKGROUND_INIT ENTERED: Lambda=0.00e+00
DEBUG BG_INIT ENTRY: model_type=2
DEBUG AFTER CHECKS: model_type=2 has_ridder=1
RIDDER DEBUG (background_init): has_ridder=1, Lambda_EDE_ridder=0.000000e+00, f_axion_ridder=1.000000e+16, theta_i_ridder=2.800000e+00, beta_ridder=0.000000e+00
BG_INIT: entering background_checks
BG_INIT: background_checks OK
RIDDER FREEZE FLAG (from input): ridder_freeze_phi = 0, force_damping = 1.000e+00
DEBUG SHOOTING CHECK: has_ridder=1, model_type=2 (unified=1), use_shooting_EDE=0
BG_INIT: entering background_solve
BACKGROUND_SOLVE ENTERED: has_ridder=1 Lambda=0.00e+00
RIDDER IC DEBUG: model_type=2 f_for_ic=5.000000e+26 theta_i=2.800000e+00 phi_ini=1.400000e+27
ABOUT TO INTEGRATE: bi_size=7 has_ridder=1 Lambda=0.00e+00
BG_INIT: background_solve OK

========================================
RIDDER FINAL STATE (a=1, z=0):
  rho_ridder = 2.790513e-14 Mpc^-2
  rho_tot    = 6.306616e-08 Mpc^-2
  f_ridder   = 4.424739e-07 (fraction of total)
  Omega_ridder = 0.000000 (if f ~ Omega_Lambda)
========================================

DEBUG INPUT.C: Just set model_type to 2 (should be 2)

DEBUG: Reading v3 canonical parameters...
  f_eV = 5.000000e+26 eV
  Lambda_EDE = 7.034316e-01 eV, theta_E_center = 0.00, sigma_E = 0.40
  Lambda_tail = 2.300000e-03 eV, alpha_tail = 1.00
BACKGROUND_INIT ENTERED: Lambda=0.00e+00
DEBUG BG_INIT ENTRY: model_type=2
DEBUG AFTER CHECKS: model_type=2 has_ridder=1
RIDDER DEBUG (background_init): has_ridder=1, Lambda_EDE_ridder=0.000000e+00, f_axion_ridder=1.000000e+16, theta_i_ridder=2.800000e+00, beta_ridder=0.000000e+00
BG_INIT: entering background_checks
BG_INIT: background_checks OK
RIDDER FREEZE FLAG (from input): ridder_freeze_phi = 0, force_damping = 1.000e+00
DEBUG SHOOTING CHECK: has_ridder=1, model_type=2 (unified=1), use_shooting_EDE=0
BG_INIT: entering background_solve
BACKGROUND_SOLVE ENTERED: has_ridder=1 Lambda=0.00e+00
RIDDER IC DEBUG: model_type=2 f_for_ic=5.000000e+26 theta_i=2.800000e+00 phi_ini=1.400000e+27
ABOUT TO INTEGRATE: bi_size=7 has_ridder=1 Lambda=0.00e+00
DERIVS_ENTRY: call#=150000 has_ridder=1 Lambda=0.00e+00 a=1.41e-14
BG_INIT: background_solve OK

========================================
RIDDER FINAL STATE (a=1, z=0):
  rho_ridder = 2.353592e-14 Mpc^-2
  rho_tot    = 6.436410e-08 Mpc^-2
  f_ridder   = 3.656684e-07 (fraction of total)
  Omega_ridder = 0.000000 (if f ~ Omega_Lambda)
========================================

DEBUG INPUT.C: Just set model_type to 2 (should be 2)

DEBUG: Reading v3 canonical parameters...
  f_eV = 5.000000e+26 eV
  Lambda_EDE = 7.246909e-01 eV, theta_E_center = 0.00, sigma_E = 0.40
  Lambda_tail = 2.300000e-03 eV, alpha_tail = 1.00
BACKGROUND_INIT ENTERED: Lambda=0.00e+00
DEBUG BG_INIT ENTRY: model_type=2
DEBUG AFTER CHECKS: model_type=2 has_ridder=1
RIDDER DEBUG (background_init): has_ridder=1, Lambda_EDE_ridder=0.000000e+00, f_axion_ridder=1.000000e+16, theta_i_ridder=2.800000e+00, beta_ridder=0.000000e+00
BG_INIT: entering background_checks
BG_INIT: background_checks OK
RIDDER FREEZE FLAG (from input): ridder_freeze_phi = 0, force_damping = 1.000e+00
DEBUG SHOOTING CHECK: has_ridder=1, model_type=2 (unified=1), use_shooting_EDE=0
BG_INIT: entering background_solve
BACKGROUND_SOLVE ENTERED: has_ridder=1 Lambda=0.00e+00
RIDDER IC DEBUG: model_type=2 f_for_ic=5.000000e+26 theta_i=2.800000e+00 phi_ini=1.400000e+27
ABOUT TO INTEGRATE: bi_size=7 has_ridder=1 Lambda=0.00e+00
DERIVS_ENTRY: call#=155000 has_ridder=1 Lambda=0.00e+00 a=7.57e-04
BG_INIT: background_solve OK

========================================
RIDDER FINAL STATE (a=1, z=0):
  rho_ridder = 1.893464e-14 Mpc^-2
  rho_tot    = 6.438940e-08 Mpc^-2
  f_ridder   = 2.940645e-07 (fraction of total)
  Omega_ridder = 0.000000 (if f ~ Omega_Lambda)
========================================

DEBUG INPUT.C: Just set model_type to 2 (should be 2)

DEBUG: Reading v3 canonical parameters...
  f_eV = 5.000000e+26 eV
  Lambda_EDE = 6.657026e-01 eV, theta_E_center = 0.00, sigma_E = 0.40
  Lambda_tail = 2.300000e-03 eV, alpha_tail = 1.00
BACKGROUND_INIT ENTERED: Lambda=0.00e+00
DEBUG BG_INIT ENTRY: model_type=2
DEBUG AFTER CHECKS: model_type=2 has_ridder=1
RIDDER DEBUG (background_init): has_ridder=1, Lambda_EDE_ridder=0.000000e+00, f_axion_ridder=1.000000e+16, theta_i_ridder=2.800000e+00, beta_ridder=0.000000e+00
BG_INIT: entering background_checks
BG_INIT: background_checks OK
RIDDER FREEZE FLAG (from input): ridder_freeze_phi = 0, force_damping = 1.000e+00
DEBUG SHOOTING CHECK: has_ridder=1, model_type=2 (unified=1), use_shooting_EDE=0
BG_INIT: entering background_solve
BACKGROUND_SOLVE ENTERED: has_ridder=1 Lambda=0.00e+00
RIDDER IC DEBUG: model_type=2 f_for_ic=5.000000e+26 theta_i=2.800000e+00 phi_ini=1.400000e+27
ABOUT TO INTEGRATE: bi_size=7 has_ridder=1 Lambda=0.00e+00
DERIVS_ENTRY: call#=160000 has_ridder=1 Lambda=0.00e+00 a=1.40e-01
BG_INIT: background_solve OK

========================================
RIDDER FINAL STATE (a=1, z=0):
  rho_ridder = 2.533479e-14 Mpc^-2
  rho_tot    = 7.333255e-08 Mpc^-2
  f_ridder   = 3.454781e-07 (fraction of total)
  Omega_ridder = 0.000000 (if f ~ Omega_Lambda)
========================================

DEBUG INPUT.C: Just set model_type to 2 (should be 2)

DEBUG: Reading v3 canonical parameters...
  f_eV = 5.000000e+26 eV
  Lambda_EDE = 8.380662e-01 eV, theta_E_center = 0.00, sigma_E = 0.40
  Lambda_tail = 2.300000e-03 eV, alpha_tail = 1.00
BACKGROUND_INIT ENTERED: Lambda=0.00e+00
DEBUG BG_INIT ENTRY: model_type=2
DEBUG AFTER CHECKS: model_type=2 has_ridder=1
RIDDER DEBUG (background_init): has_ridder=1, Lambda_EDE_ridder=0.000000e+00, f_axion_ridder=1.000000e+16, theta_i_ridder=2.800000e+00, beta_ridder=0.000000e+00
BG_INIT: entering background_checks
BG_INIT: background_checks OK
RIDDER FREEZE FLAG (from input): ridder_freeze_phi = 0, force_damping = 1.000e+00
DEBUG SHOOTING CHECK: has_ridder=1, model_type=2 (unified=1), use_shooting_EDE=0
BG_INIT: entering background_solve
BACKGROUND_SOLVE ENTERED: has_ridder=1 Lambda=0.00e+00
RIDDER IC DEBUG: model_type=2 f_for_ic=5.000000e+26 theta_i=2.800000e+00 phi_ini=1.400000e+27
ABOUT TO INTEGRATE: bi_size=7 has_ridder=1 Lambda=0.00e+00
BG_INIT: background_solve OK

========================================
RIDDER FINAL STATE (a=1, z=0):
  rho_ridder = 1.599012e-14 Mpc^-2
  rho_tot    = 6.443053e-08 Mpc^-2
  f_ridder   = 2.481761e-07 (fraction of total)
  Omega_ridder = 0.000000 (if f ~ Omega_Lambda)
========================================

DEBUG INPUT.C: Just set model_type to 2 (should be 2)

DEBUG: Reading v3 canonical parameters...
  f_eV = 5.000000e+26 eV
  Lambda_EDE = 5.740471e-01 eV, theta_E_center = 0.00, sigma_E = 0.40
  Lambda_tail = 2.300000e-03 eV, alpha_tail = 1.00
BACKGROUND_INIT ENTERED: Lambda=0.00e+00
DEBUG BG_INIT ENTRY: model_type=2
DEBUG AFTER CHECKS: model_type=2 has_ridder=1
RIDDER DEBUG (background_init): has_ridder=1, Lambda_EDE_ridder=0.000000e+00, f_axion_ridder=1.000000e+16, theta_i_ridder=2.800000e+00, beta_ridder=0.000000e+00
BG_INIT: entering background_checks
BG_INIT: background_checks OK
RIDDER FREEZE FLAG (from input): ridder_freeze_phi = 0, force_damping = 1.000e+00
DEBUG SHOOTING CHECK: has_ridder=1, model_type=2 (unified=1), use_shooting_EDE=0
BG_INIT: entering background_solve
BACKGROUND_SOLVE ENTERED: has_ridder=1 Lambda=0.00e+00
RIDDER IC DEBUG: model_type=2 f_for_ic=5.000000e+26 theta_i=2.800000e+00 phi_ini=1.400000e+27
ABOUT TO INTEGRATE: bi_size=7 has_ridder=1 Lambda=0.00e+00
DERIVS_ENTRY: call#=165000 has_ridder=1 Lambda=0.00e+00 a=8.29e-09
BG_INIT: background_solve OK

========================================
RIDDER FINAL STATE (a=1, z=0):
  rho_ridder = 2.711336e-14 Mpc^-2
  rho_tot    = 6.386961e-08 Mpc^-2
  f_ridder   = 4.245111e-07 (fraction of total)
  Omega_ridder = 0.000000 (if f ~ Omega_Lambda)
========================================

DEBUG INPUT.C: Just set model_type to 2 (should be 2)

DEBUG: Reading v3 canonical parameters...
  f_eV = 5.000000e+26 eV
  Lambda_EDE = 6.670971e-01 eV, theta_E_center = 0.00, sigma_E = 0.40
  Lambda_tail = 2.300000e-03 eV, alpha_tail = 1.00
BACKGROUND_INIT ENTERED: Lambda=0.00e+00
DEBUG BG_INIT ENTRY: model_type=2
DEBUG AFTER CHECKS: model_type=2 has_ridder=1
RIDDER DEBUG (background_init): has_ridder=1, Lambda_EDE_ridder=0.000000e+00, f_axion_ridder=1.000000e+16, theta_i_ridder=2.800000e+00, beta_ridder=0.000000e+00
BG_INIT: entering background_checks
BG_INIT: background_checks OK
RIDDER FREEZE FLAG (from input): ridder_freeze_phi = 0, force_damping = 1.000e+00
DEBUG SHOOTING CHECK: has_ridder=1, model_type=2 (unified=1), use_shooting_EDE=0
BG_INIT: entering background_solve
BACKGROUND_SOLVE ENTERED: has_ridder=1 Lambda=0.00e+00
RIDDER IC DEBUG: model_type=2 f_for_ic=5.000000e+26 theta_i=2.800000e+00 phi_ini=1.400000e+27
ABOUT TO INTEGRATE: bi_size=7 has_ridder=1 Lambda=0.00e+00
DERIVS_ENTRY: call#=170000 has_ridder=1 Lambda=0.00e+00 a=1.74e-02
BG_INIT: background_solve OK

========================================
RIDDER FINAL STATE (a=1, z=0):
  rho_ridder = 1.377700e-14 Mpc^-2
  rho_tot    = 6.394154e-08 Mpc^-2
  f_ridder   = 2.154625e-07 (fraction of total)
  Omega_ridder = 0.000000 (if f ~ Omega_Lambda)
========================================

DEBUG INPUT.C: Just set model_type to 2 (should be 2)

DEBUG: Reading v3 canonical parameters...
  f_eV = 5.000000e+26 eV
  Lambda_EDE = 6.062760e-01 eV, theta_E_center = 0.00, sigma_E = 0.40
  Lambda_tail = 2.300000e-03 eV, alpha_tail = 1.00
BACKGROUND_INIT ENTERED: Lambda=0.00e+00
DEBUG BG_INIT ENTRY: model_type=2
DEBUG AFTER CHECKS: model_type=2 has_ridder=1
RIDDER DEBUG (background_init): has_ridder=1, Lambda_EDE_ridder=0.000000e+00, f_axion_ridder=1.000000e+16, theta_i_ridder=2.800000e+00, beta_ridder=0.000000e+00
BG_INIT: entering background_checks
BG_INIT: background_checks OK
RIDDER FREEZE FLAG (from input): ridder_freeze_phi = 0, force_damping = 1.000e+00
DEBUG SHOOTING CHECK: has_ridder=1, model_type=2 (unified=1), use_shooting_EDE=0
BG_INIT: entering background_solve
BACKGROUND_SOLVE ENTERED: has_ridder=1 Lambda=0.00e+00
RIDDER IC DEBUG: model_type=2 f_for_ic=5.000000e+26 theta_i=2.800000e+00 phi_ini=1.400000e+27
ABOUT TO INTEGRATE: bi_size=7 has_ridder=1 Lambda=0.00e+00
BG_INIT: background_solve OK

========================================
RIDDER FINAL STATE (a=1, z=0):
  rho_ridder = 2.636046e-14 Mpc^-2
  rho_tot    = 6.647693e-08 Mpc^-2
  f_ridder   = 3.965355e-07 (fraction of total)
  Omega_ridder = 0.000000 (if f ~ Omega_Lambda)
========================================

DEBUG INPUT.C: Just set model_type to 2 (should be 2)

DEBUG: Reading v3 canonical parameters...
  f_eV = 5.000000e+26 eV
  Lambda_EDE = 7.316610e-01 eV, theta_E_center = 0.00, sigma_E = 0.40
  Lambda_tail = 2.300000e-03 eV, alpha[mcmc] Progress @ 2025-11-26 18:46:16 : 1199 steps taken, and 125 accepted.
_tail = 1.00
BACKGROUND_INIT ENTERED: Lambda=0.00e+00
DEBUG BG_INIT ENTRY: model_type=2
DEBUG AFTER CHECKS: model_type=2 has_ridder=1
RIDDER DEBUG (background_init): has_ridder=1, Lambda_EDE_ridder=0.000000e+00, f_axion_ridder=1.000000e+16, theta_i_ridder=2.800000e+00, beta_ridder=0.000000e+00
BG_INIT: entering background_checks
BG_INIT: background_checks OK
RIDDER FREEZE FLAG (from input): ridder_freeze_phi = 0, force_damping = 1.000e+00
DEBUG SHOOTING CHECK: has_ridder=1, model_type=2 (unified=1), use_shooting_EDE=0
BG_INIT: entering background_solve
BACKGROUND_SOLVE ENTERED: has_ridder=1 Lambda=0.00e+00
RIDDER IC DEBUG: model_type=2 f_for_ic=5.000000e+26 theta_i=2.800000e+00 phi_ini=1.400000e+27
ABOUT TO INTEGRATE: bi_size=7 has_ridder=1 Lambda=0.00e+00
DERIVS_ENTRY: call#=175000 has_ridder=1 Lambda=0.00e+00 a=2.16e-09
BG_INIT: background_solve OK

========================================
RIDDER FINAL STATE (a=1, z=0):
  rho_ridder = 1.200108e-14 Mpc^-2
  rho_tot    = 6.563684e-08 Mpc^-2
  f_ridder   = 1.828406e-07 (fraction of total)
  Omega_ridder = 0.000000 (if f ~ Omega_Lambda)
========================================

DEBUG INPUT.C: Just set model_type to 2 (should be 2)

DEBUG: Reading v3 canonical parameters...
  f_eV = 5.000000e+26 eV
  Lambda_EDE = 7.421747e-01 eV, theta_E_center = 0.00, sigma_E = 0.40
  Lambda_tail = 2.300000e-03 eV, alpha_tail = 1.00
BACKGROUND_INIT ENTERED: Lambda=0.00e+00
DEBUG BG_INIT ENTRY: model_type=2
DEBUG AFTER CHECKS: model_type=2 has_ridder=1
RIDDER DEBUG (background_init): has_ridder=1, Lambda_EDE_ridder=0.000000e+00, f_axion_ridder=1.000000e+16, theta_i_ridder=2.800000e+00, beta_ridder=0.000000e+00
BG_INIT: entering background_checks
BG_INIT: background_checks OK
RIDDER FREEZE FLAG (from input): ridder_freeze_phi = 0, force_damping = 1.000e+00
DEBUG SHOOTING CHECK: has_ridder=1, model_type=2 (unified=1), use_shooting_EDE=0
BG_INIT: entering background_solve
BACKGROUND_SOLVE ENTERED: has_ridder=1 Lambda=0.00e+00
RIDDER IC DEBUG: model_type=2 f_for_ic=5.000000e+26 theta_i=2.800000e+00 phi_ini=1.400000e+27
ABOUT TO INTEGRATE: bi_size=7 has_ridder=1 Lambda=0.00e+00
DERIVS_ENTRY: call#=180000 has_ridder=1 Lambda=0.00e+00 a=5.17e-03
BG_INIT: background_solve OK

========================================
RIDDER FINAL STATE (a=1, z=0):
  rho_ridder = 1.184313e-14 Mpc^-2
  rho_tot    = 6.416662e-08 Mpc^-2
  f_ridder   = 1.845684e-07 (fraction of total)
  Omega_ridder = 0.000000 (if f ~ Omega_Lambda)
========================================

DEBUG INPUT.C: Just set model_type to 2 (should be 2)

DEBUG: Reading v3 canonical parameters...
  f_eV = 5.000000e+26 eV
  Lambda_EDE = 7.145954e-01 eV, theta_E_center = 0.00, sigma_E = 0.40
  Lambda_tail = 2.300000e-03 eV, alpha_tail = 1.00
BACKGROUND_INIT ENTERED: Lambda=0.00e+00
DEBUG BG_INIT ENTRY: model_type=2
DEBUG AFTER CHECKS: model_type=2 has_ridder=1
RIDDER DEBUG (background_init): has_ridder=1, Lambda_EDE_ridder=0.000000e+00, f_axion_ridder=1.000000e+16, theta_i_ridder=2.800000e+00, beta_ridder=0.000000e+00
BG_INIT: entering background_checks
BG_INIT: background_checks OK
RIDDER FREEZE FLAG (from input): ridder_freeze_phi = 0, force_damping = 1.000e+00
DEBUG SHOOTING CHECK: has_ridder=1, model_type=2 (unified=1), use_shooting_EDE=0
BG_INIT: entering background_solve
BACKGROUND_SOLVE ENTERED: has_ridder=1 Lambda=0.00e+00
RIDDER IC DEBUG: model_type=2 f_for_ic=5.000000e+26 theta_i=2.800000e+00 phi_ini=1.400000e+27
ABOUT TO INTEGRATE: bi_size=7 has_ridder=1 Lambda=0.00e+00
DERIVS_ENTRY: call#=185000 has_ridder=1 Lambda=0.00e+00 a=4.72e-01
BG_INIT: background_solve OK

========================================
RIDDER FINAL STATE (a=1, z=0):
  rho_ridder = 1.796855e-14 Mpc^-2
  rho_tot    = 6.190917e-08 Mpc^-2
  f_ridder   = 2.902405e-07 (fraction of total)
  Omega_ridder = 0.000000 (if f ~ Omega_Lambda)
========================================

DEBUG INPUT.C: Just set model_type to 2 (should be 2)

DEBUG: Reading v3 canonical parameters...
  f_eV = 5.000000e+26 eV
  Lambda_EDE = 5.969834e-01 eV, theta_E_center = 0.00, sigma_E = 0.40
  Lambda_tail = 2.300000e-03 eV, alpha_tail = 1.00
BACKGROUND_INIT ENTERED: Lambda=0.00e+00
DEBUG BG_INIT ENTRY: model_type=2
DEBUG AFTER CHECKS: model_type=2 has_ridder=1
RIDDER DEBUG (background_init): has_ridder=1, Lambda_EDE_ridder=0.000000e+00, f_axion_ridder=1.000000e+16, theta_i_ridder=2.800000e+00, beta_ridder=0.000000e+00
BG_INIT: entering background_checks
BG_INIT: background_checks OK
RIDDER FREEZE FLAG (from input): ridder_freeze_phi = 0, force_damping = 1.000e+00
DEBUG SHOOTING CHECK: has_ridder=1, model_type=2 (unified=1), use_shooting_EDE=0
BG_INIT: entering background_solve
BACKGROUND_SOLVE ENTERED: has_ridder=1 Lambda=0.00e+00
RIDDER IC DEBUG: model_type=2 f_for_ic=5.000000e+26 theta_i=2.800000e+00 phi_ini=1.400000e+27
ABOUT TO INTEGRATE: bi_size=7 has_ridder=1 Lambda=0.00e+00
BG_INIT: background_solve OK

========================================
RIDDER FINAL STATE (a=1, z=0):
  rho_ridder = 3.211382e-14 Mpc^-2
  rho_tot    = 6.350236e-08 Mpc^-2
  f_ridder   = 5.057106e-07 (fraction of total)
  Omega_ridder = 0.000001 (if f ~ Omega_Lambda)
========================================

DEBUG INPUT.C: Just set model_type to 2 (should be 2)

DEBUG: Reading v3 canonical parameters...
  f_eV = 5.000000e+26 eV
  Lambda_EDE = 6.928910e-01 eV, theta_E_center = 0.00, sigma_E = 0.40
  Lambda_tail = 2.300000e-03 eV, alpha_tail = 1.00
BACKGROUND_INIT ENTERED: Lambda=0.00e+00
DEBUG BG_INIT ENTRY: model_type=2
DEBUG AFTER CHECKS: model_type=2 has_ridder=1
RIDDER DEBUG (background_init): has_ridder=1, Lambda_EDE_ridder=0.000000e+00, f_axion_ridder=1.000000e+16, theta_i_ridder=2.800000e+00, beta_ridder=0.000000e+00
BG_INIT: entering background_checks
BG_INIT: background_checks OK
RIDDER FREEZE FLAG (from input): ridder_freeze_phi = 0, force_damping = 1.000e+00
DEBUG SHOOTING CHECK: has_ridder=1, model_type=2 (unified=1), use_shooting_EDE=0
BG_INIT: entering background_solve
BACKGROUND_SOLVE ENTERED: has_ridder=1 Lambda=0.00e+00
RIDDER IC DEBUG: model_type=2 f_for_ic=5.000000e+26 theta_i=2.800000e+00 phi_ini=1.400000e+27
ABOUT TO INTEGRATE: bi_size=7 has_ridder=1 Lambda=0.00e+00
DERIVS_ENTRY: call#=190000 has_ridder=1 Lambda=0.00e+00 a=7.10e-04
BG_INIT: background_solve OK

========================================
RIDDER FINAL STATE (a=1, z=0):
  rho_ridder = 2.779176e-14 Mpc^-2
  rho_tot    = 6.384781e-08 Mpc^-2
  f_ridder   = 4.352814e-07 (fraction of total)
  Omega_ridder = 0.000000 (if f ~ Omega_Lambda)
========================================

DEBUG INPUT.C: Just set model_type to 2 (should be 2)

DEBUG: Reading v3 canonical parameters...
  f_eV = 5.000000e+26 eV
  Lambda_EDE = 8.588836e-01 eV, theta_E_center = 0.00, sigma_E = 0.40
  Lambda_tail = 2.300000e-03 eV, alpha_tail = 1.00
BACKGROUND_INIT ENTERED: Lambda=0.00e+00
DEBUG BG_INIT ENTRY: model_type=2
DEBUG AFTER CHECKS: model_type=2 has_ridder=1
RIDDER DEBUG (background_init): has_ridder=1, Lambda_EDE_ridder=0.000000e+00, f_axion_ridder=1.000000e+16, theta_i_ridder=2.800000e+00, beta_ridder=0.000000e+00
BG_INIT: entering background_checks
BG_INIT: background_checks OK
RIDDER FREEZE FLAG (from input): ridder_freeze_phi = 0, force_damping = 1.000e+00
DEBUG SHOOTING CHECK: has_ridder=1, model_type=2 (unified=1), use_shooting_EDE=0
BG_INIT: entering background_solve
BACKGROUND_SOLVE ENTERED: has_ridder=1 Lambda=0.00e+00
RIDDER IC DEBUG: model_type=2 f_for_ic=5.000000e+26 theta_i=2.800000e+00 phi_ini=1.400000e+27
ABOUT TO INTEGRATE: bi_size=7 has_ridder=1 Lambda=0.00e+00
DERIVS_ENTRY: call#=195000 has_ridder=1 Lambda=0.00e+00 a=9.14e-02
BG_INIT: background_solve OK

========================================
RIDDER FINAL STATE (a=1, z=0):
  rho_ridder = 1.329306e-14 Mpc^-2
  rho_tot    = 6.694235e-08 Mpc^-2
  f_ridder   = 1.985747e-07 (fraction of total)
  Omega_ridder = 0.000000 (if f ~ Omega_Lambda)
========================================

DEBUG INPUT.C: Just set model_type to 2 (should be 2)

DEBUG: Reading v3 canonical parameters...
  f_eV = 5.000000e+26 eV
  Lambda_EDE = 6.962008e-01 eV, theta_E_center = 0.00, sigma_E = 0.40
  Lambda_tail = 2.300000e-03 eV, alpha_tail = 1.00
BA[mcmc] Progress @ 2025-11-26 18:47:23 : 1434 steps taken, and 149 accepted.
CKGROUND_INIT ENTERED: Lambda=0.00e+00
DEBUG BG_INIT ENTRY: model_type=2
DEBUG AFTER CHECKS: model_type=2 has_ridder=1
RIDDER DEBUG (background_init): has_ridder=1, Lambda_EDE_ridder=0.000000e+00, f_axion_ridder=1.000000e+16, theta_i_ridder=2.800000e+00, beta_ridder=0.000000e+00
BG_INIT: entering background_checks
BG_INIT: background_checks OK
RIDDER FREEZE FLAG (from input): ridder_freeze_phi = 0, force_damping = 1.000e+00
DEBUG SHOOTING CHECK: has_ridder=1, model_type=2 (unified=1), use_shooting_EDE=0
BG_INIT: entering background_solve
BACKGROUND_SOLVE ENTERED: has_ridder=1 Lambda=0.00e+00
RIDDER IC DEBUG: model_type=2 f_for_ic=5.000000e+26 theta_i=2.800000e+00 phi_ini=1.400000e+27
ABOUT TO INTEGRATE: bi_size=7 has_ridder=1 Lambda=0.00e+00
BG_INIT: background_solve OK

========================================
RIDDER FINAL STATE (a=1, z=0):
  rho_ridder = 2.720060e-14 Mpc^-2
  rho_tot    = 6.028600e-08 Mpc^-2
  f_ridder   = 4.511926e-07 (fraction of total)
  Omega_ridder = 0.000000 (if f ~ Omega_Lambda)
========================================

DEBUG INPUT.C: Just set model_type to 2 (should be 2)

DEBUG: Reading v3 canonical parameters...
  f_eV = 5.000000e+26 eV
  Lambda_EDE = 6.127167e-01 eV, theta_E_center = 0.00, sigma_E = 0.40
  Lambda_tail = 2.300000e-03 eV, alpha_tail = 1.00
BACKGROUND_INIT ENTERED: Lambda=0.00e+00
DEBUG BG_INIT ENTRY: model_type=2
DEBUG AFTER CHECKS: model_type=2 has_ridder=1
RIDDER DEBUG (background_init): has_ridder=1, Lambda_EDE_ridder=0.000000e+00, f_axion_ridder=1.000000e+16, theta_i_ridder=2.800000e+00, beta_ridder=0.000000e+00
BG_INIT: entering background_checks
BG_INIT: background_checks OK
RIDDER FREEZE FLAG (from input): ridder_freeze_phi = 0, force_damping = 1.000e+00
DEBUG SHOOTING CHECK: has_ridder=1, model_type=2 (unified=1), use_shooting_EDE=0
BG_INIT: entering background_solve
BACKGROUND_SOLVE ENTERED: has_ridder=1 Lambda=0.00e+00
RIDDER IC DEBUG: model_type=2 f_for_ic=5.000000e+26 theta_i=2.800000e+00 phi_ini=1.400000e+27
ABOUT TO INTEGRATE: bi_size=7 has_ridder=1 Lambda=0.00e+00
DERIVS_ENTRY: call#=200000 has_ridder=1 Lambda=0.00e+00 a=3.12e-08
BG_INIT: background_solve OK

========================================
RIDDER FINAL STATE (a=1, z=0):
  rho_ridder = 2.061329e-14 Mpc^-2
  rho_tot    = 6.370351e-08 Mpc^-2
  f_ridder   = 3.235817e-07 (fraction of total)
  Omega_ridder = 0.000000 (if f ~ Omega_Lambda)
========================================

DEBUG INPUT.C: Just set model_type to 2 (should be 2)

DEBUG: Reading v3 canonical parameters...
  f_eV = 5.000000e+26 eV
  Lambda_EDE = 5.941370e-01 eV, theta_E_center = 0.00, sigma_E = 0.40
  Lambda_tail = 2.300000e-03 eV, alpha_tail = 1.00
BACKGROUND_INIT ENTERED: Lambda=0.00e+00
DEBUG BG_INIT ENTRY: model_type=2
DEBUG AFTER CHECKS: model_type=2 has_ridder=1
RIDDER DEBUG (background_init): has_ridder=1, Lambda_EDE_ridder=0.000000e+00, f_axion_ridder=1.000000e+16, theta_i_ridder=2.800000e+00, beta_ridder=0.000000e+00
BG_INIT: entering background_checks
BG_INIT: background_checks OK
RIDDER FREEZE FLAG (from input): ridder_freeze_phi = 0, force_damping = 1.000e+00
DEBUG SHOOTING CHECK: has_ridder=1, model_type=2 (unified=1), use_shooting_EDE=0
BG_INIT: entering background_solve
BACKGROUND_SOLVE ENTERED: has_ridder=1 Lambda=0.00e+00
RIDDER IC DEBUG: model_type=2 f_for_ic=5.000000e+26 theta_i=2.800000e+00 phi_ini=1.400000e+27
ABOUT TO INTEGRATE: bi_size=7 has_ridder=1 Lambda=0.00e+00
DERIVS_ENTRY: call#=205000 has_ridder=1 Lambda=0.00e+00 a=3.53e-02
BG_INIT: background_solve OK

========================================
RIDDER FINAL STATE (a=1, z=0):
  rho_ridder = 3.225596e-14 Mpc^-2
  rho_tot    = 6.771868e-08 Mpc^-2
  f_ridder   = 4.763229e-07 (fraction of total)
  Omega_ridder = 0.000000 (if f ~ Omega_Lambda)
========================================

DEBUG INPUT.C: Just set model_type to 2 (should be 2)

DEBUG: Reading v3 canonical parameters...
  f_eV = 5.000000e+26 eV
  Lambda_EDE = 6.647358e-01 eV, theta_E_center = 0.00, sigma_E = 0.40
  Lambda_tail = 2.300000e-03 eV, alpha_tail = 1.00
BACKGROUND_INIT ENTERED: Lambda=0.00e+00
DEBUG BG_INIT ENTRY: model_type=2
DEBUG AFTER CHECKS: model_type=2 has_ridder=1
RIDDER DEBUG (background_init): has_ridder=1, Lambda_EDE_ridder=0.000000e+00, f_axion_ridder=1.000000e+16, theta_i_ridder=2.800000e+00, beta_ridder=0.000000e+00
BG_INIT: entering background_checks
BG_INIT: background_checks OK
RIDDER FREEZE FLAG (from input): ridder_freeze_phi = 0, force_damping = 1.000e+00
DEBUG SHOOTING CHECK: has_ridder=1, model_type=2 (unified=1), use_shooting_EDE=0
BG_INIT: entering background_solve
BACKGROUND_SOLVE ENTERED: has_ridder=1 Lambda=0.00e+00
RIDDER IC DEBUG: model_type=2 f_for_ic=5.000000e+26 theta_i=2.800000e+00 phi_ini=1.400000e+27
ABOUT TO INTEGRATE: bi_size=7 has_ridder=1 Lambda=0.00e+00
BG_INIT: background_solve OK

========================================
RIDDER FINAL STATE (a=1, z=0):
  rho_ridder = 1.458588e-14 Mpc^-2
  rho_tot    = 6.402973e-08 Mpc^-2
  f_ridder   = 2.277986e-07 (fraction of total)
  Omega_ridder = 0.000000 (if f ~ Omega_Lambda)
========================================

DEBUG INPUT.C: Just set model_type to 2 (should be 2)

DEBUG: Reading v3 canonical parameters...
  f_eV = 5.000000e+26 eV
  Lambda_EDE = 9.510006e-01 eV, theta_E_center = 0.00, sigma_E = 0.40
  Lambda_tail = 2.300000e-03 eV, alpha_tail = 1.00
BACKGROUND_INIT ENTERED: Lambda=0.00e+00
DEBUG BG_INIT ENTRY: model_type=2
DEBUG AFTER CHECKS: model_type=2 has_ridder=1
RIDDER DEBUG (background_init): has_ridder=1, Lambda_EDE_ridder=0.000000e+00, f_axion_ridder=1.000000e+16, theta_i_ridder=2.800000e+00, beta_ridder=0.000000e+00
BG_INIT: entering background_checks
BG_INIT: background_checks OK
RIDDER FREEZE FLAG (from input): ridder_freeze_phi = 0, force_damping = 1.000e+00
DEBUG SHOOTING CHECK: has_ridder=1, model_type=2 (unified=1), use_shooting_EDE=0
BG_INIT: entering background_solve
BACKGROUND_SOLVE ENTERED: has_ridder=1 Lambda=0.00e+00
RIDDER IC DEBUG: model_type=2 f_for_ic=5.000000e+26 theta_i=2.800000e+00 phi_ini=1.400000e+27
ABOUT TO INTEGRATE: bi_size=7 has_ridder=1 Lambda=0.00e+00
DERIVS_ENTRY: call#=210000 has_ridder=1 Lambda=0.00e+00 a=2.24e-09
BG_INIT: background_solve OK

========================================
RIDDER FINAL STATE (a=1, z=0):
  rho_ridder = 9.914970e-15 Mpc^-2
  rho_tot    = 6.100098e-08 Mpc^-2
  f_ridder   = 1.625379e-07 (fraction of total)
  Omega_ridder = 0.000000 (if f ~ Omega_Lambda)
========================================

DEBUG INPUT.C: Just set model_type to 2 (should be 2)

DEBUG: Reading v3 canonical parameters...
  f_eV = 5.000000e+26 eV
  Lambda_EDE = 6.676082e-01 eV, theta_E_center = 0.00, sigma_E = 0.40
  Lambda_tail = 2.300000e-03 eV, alpha_tail = 1.00
BACKGROUND_INIT ENTERED: Lambda=0.00e+00
DEBUG BG_INIT ENTRY: model_type=2
DEBUG AFTER CHECKS: model_type=2 has_ridder=1
RIDDER DEBUG (background_init): has_ridder=1, Lambda_EDE_ridder=0.000000e+00, f_axion_ridder=1.000000e+16, theta_i_ridder=2.800000e+00, beta_ridder=0.000000e+00
BG_INIT: entering background_checks
BG_INIT: background_checks OK
RIDDER FREEZE FLAG (from input): ridder_freeze_phi = 0, force_damping = 1.000e+00
DEBUG SHOOTING CHECK: has_ridder=1, model_type=2 (unified=1), use_shooting_EDE=0
BG_INIT: entering background_solve
BACKGROUND_SOLVE ENTERED: has_ridder=1 Lambda=0.00e+00
RIDDER IC DEBUG: model_type=2 f_for_ic=5.000000e+26 theta_i=2.800000e+00 phi_ini=1.400000e+27
ABOUT TO INTEGRATE: bi_size=7 has_ridder=1 Lambda=0.00e+00
DERIVS_ENTRY: call#=215000 has_ridder=1 Lambda=0.00e+00 a=2.76e-03
BG_INIT: background_solve OK

========================================
RIDDER FINAL STATE (a=1, z=0):
  rho_ridder = 1.226243e-14 Mpc^-2
  rho_tot    = 6.344193e-08 Mpc^-2
  f_ridder   = 1.932859e-07 (fraction of total)
  Omega_ridder = 0.000000 (if f ~ Omega_Lambda)
========================================

DEBUG INPUT.C: Just set model_type to 2 (should be 2)

DEBUG: Reading v3 canonical parameters...
  f_eV = 5.000000e+26 eV
  Lambda_EDE = 7.179545e-01 eV, theta_E_center = 0.00, sigma_E = 0.40
  Lambda_tail = 2.300000e-03 eV, alpha_tail = 1.00
BACKGROUND_INIT ENTERED: Lambda=0.00e+00
DEBUG BG_INIT ENTRY: model_type=2
DEBUG AFTER CHECKS: model_type=2 has_ridder=1
RIDDER DEBUG (background_init): has_ridder=1, Lambda_EDE_ridder=0.000000e+00, f_axion_ridder=1.000000e+16, theta_i_ridder=2.800000e+00, beta_ridder=0.000000e+00
BG_INIT: entering background_checks
BG_INIT: background_checks OK
RIDDER FREEZE FLAG (from input): ridder_freeze_phi = 0, force_damping = 1.000e+00
DEBUG SHOOTING CHECK: has_ridder=1, model_type=2 (unified=1), use_shooting_EDE=0
BG_INIT: entering background_solve
BACKGROUND_SOLVE ENTERED: has_ridder=1 Lambda=0.00e+00
RIDDER IC DEBUG: model_type=2 f_for_ic=5.000000e+26 theta_i=2.800000e+00 phi_ini=1.400000e+27
ABOUT TO INTEGRATE: bi_size=7 has_ridder=1 Lambda=0.00e+00
DERIVS_ENTRY: call#=220000 has_ridder=1 Lambda=0.00e+00 a=3.60e-01
BG_INIT: background_solve OK

========================================
RIDDER FINAL STATE (a=1, z=0):
  rho_ridder = 1.978569e-14 Mpc^-2
  rho_tot    = 6.359677e-08 Mpc^-2
  f_ridder   = 3.111116e-07 (fraction of total)
  Omega_ridder = 0.000000 (if f ~ Omega_Lambda)
========================================

DEBUG INPUT.C: Just set model_type to 2 (should be 2)

DEBUG: Reading v3 canonical parameters...
  f_eV = 5.000000e+26 eV
  Lambda_EDE = 6.596561e-01 eV, theta_E_center = 0.00, sigma_E = 0.40
  Lambda_tail = 2.300000e-03 eV, alpha_tail = 1.00
BACKGROUND_INIT ENTERED: Lambda=0.00e+00
DEBUG BG_INIT ENTRY: model_type=2
DEBUG AFTER CHECKS: model_type=2 has_ridder=1
RIDDER DEBUG (background_init): has_ridder=1, Lambda_EDE_ridder=0.000000e+00, f_axion_ridder=1.000000e+16, theta_i_ridder=2.800000e+00, beta_ridder=0.000000e+00
BG_INIT: entering background_checks
BG_INIT: background_checks OK
RIDDER FREEZE FLAG (from input): ridder_freeze_phi = 0, force_damping = 1.000e+00
DEBUG SHOOTING CHECK: has_ridder=1, model_type=2 (unified=1), use_shooting_EDE=0
BG_INIT: entering background_solve
BACKGROUND_SOLVE ENTERED: has_ridder=1 Lambda=0.00e+00
RIDDER IC DEBUG: model_type=2 f_for_ic=5.000000e+26 theta_i=2.800000e+00 phi_ini=1.400000e+27
ABOUT TO INTEGRATE: bi_size=7 has_ridder=1 Lambda=0.00e+00
BG_INIT: background_solve OK

========================================
RIDDER FINAL STATE (a=1, z=0):
  rho_ridder = 1.638742e-14 Mpc^-2
  rho_tot    = 6.505369e-08 Mpc^-2
  f_ridder   = 2.519061e-07 (fraction of total)
  Omega_ridder = 0.000000 (if f ~ Omega_Lambda)
========================================

DEBUG INPUT.C: Just set model_type to 2 (should be 2)

DEBUG: Reading v3 canonical parameters...
  f_eV = 5.000000e+26 eV
  Lambda_EDE = 5.399483e-01 eV, theta_E_center = 0.00, sigma_E = 0.40
  Lambda_tail = 2.300000e-03 eV, alpha_tail = 1.00
BACKGROUND_INIT ENTERED: Lambda=0.00e+00
DEBUG BG_INIT ENTRY: model_type=2
DEBUG AFTER CHECKS: model_type=2 has_ridder=1
RIDDER DEBUG (background_init): has_ridder=1, Lambda_EDE_ridder=0.000000e+00, f_axion_ridder=1.000000e+16, theta_i_ridder=2.800000e+00, beta_ridder=0.000000e+00
BG_INIT: entering background_checks
BG_INIT: background_checks OK
RIDDER FREEZE FLAG (from input): ridder_freeze_phi = 0, force_damping = 1.000e+00
DEBUG SHOOTING CHECK: has_ridder=1, model_type=2 (unified=1), use_shooting_EDE=0
BG_INIT: entering background_solve
BACKGROUND_SOLVE ENTERED: has_ridder=1 Lambda=0.00e+00
RIDDER IC DEBUG: model_type=2 f_for_ic=5.000000e+26 theta_i=2.800000e+00 phi_ini=1.400000e+27
ABOUT TO INTEGRATE: bi_size=7 has_ridder=1 Lambda=0.00e+00
DERIVS_ENTRY: call#=225000 has_ridder=1 Lambda=0.00e+00 a=5.74e-04
BG_INIT: background_solve OK

========================================
RIDDER FINAL STATE (a=1, z=0):
  rho_ridder = 1.703120e-14 Mpc^-2
  rho_tot    = 5.597848e-08 Mpc^-2
  f_ridder   = 3.042455e-07 (fraction of total)
  Omega_ridder = 0.000000 (if f ~ Omega_Lambda)
========================================

DEBUG INPUT.C: Just set model_type to 2 (should be 2)

DEBUG: Reading v3 canonical parameters...
  f_eV = 5.000000e+26 eV
  Lambda_EDE = 6.145274e-01 eV, theta_E_center = 0.00, sigma_E = 0.40
  Lambda_tail = 2.300000e-03 eV, alpha_tail = 1.00
BACKGROUND_INIT ENTERED: Lambda=0.00e+00
DEBUG BG_INIT ENTRY: model_type=2
DEBUG AFTER CHECKS: model_type=2 has_ridder=1
RIDD[mcmc] Progress @ 2025-11-26 18:48:30 : 1659 steps taken, and 173 accepted.
ER DEBUG (background_init): has_ridder=1, Lambda_EDE_ridder=0.000000e+00, f_axion_ridder=1.000000e+16, theta_i_ridder=2.800000e+00, beta_ridder=0.000000e+00
BG_INIT: entering background_checks
BG_INIT: background_checks OK
RIDDER FREEZE FLAG (from input): ridder_freeze_phi = 0, force_damping = 1.000e+00
DEBUG SHOOTING CHECK: has_ridder=1, model_type=2 (unified=1), use_shooting_EDE=0
BG_INIT: entering background_solve
BACKGROUND_SOLVE ENTERED: has_ridder=1 Lambda=0.00e+00
RIDDER IC DEBUG: model_type=2 f_for_ic=5.000000e+26 theta_i=2.800000e+00 phi_ini=1.400000e+27
ABOUT TO INTEGRATE: bi_size=7 has_ridder=1 Lambda=0.00e+00
DERIVS_ENTRY: call#=230000 has_ridder=1 Lambda=0.00e+00 a=3.66e-01
BG_INIT: background_solve OK

========================================
RIDDER FINAL STATE (a=1, z=0):
  rho_ridder = 2.371529e-14 Mpc^-2
  rho_tot    = 6.604233e-08 Mpc^-2
  f_ridder   = 3.590923e-07 (fraction of total)
  Omega_ridder = 0.000000 (if f ~ Omega_Lambda)
========================================

DEBUG INPUT.C: Just set model_type to 2 (should be 2)

DEBUG: Reading v3 canonical parameters...
  f_eV = 5.000000e+26 eV
  Lambda_EDE = 6.121426e-01 eV, theta_E_center = 0.00, sigma_E = 0.40
  Lambda_tail = 2.300000e-03 eV, alpha_tail = 1.00
BACKGROUND_INIT ENTERED: Lambda=0.00e+00
DEBUG BG_INIT ENTRY: model_type=2
DEBUG AFTER CHECKS: model_type=2 has_ridder=1
RIDDER DEBUG (background_init): has_ridder=1, Lambda_EDE_ridder=0.000000e+00, f_axion_ridder=1.000000e+16, theta_i_ridder=2.800000e+00, beta_ridder=0.000000e+00
BG_INIT: entering background_checks
BG_INIT: background_checks OK
RIDDER FREEZE FLAG (from input): ridder_freeze_phi = 0, force_damping = 1.000e+00
DEBUG SHOOTING CHECK: has_ridder=1, model_type=2 (unified=1), use_shooting_EDE=0
BG_INIT: entering background_solve
BACKGROUND_SOLVE ENTERED: has_ridder=1 Lambda=0.00e+00
RIDDER IC DEBUG: model_type=2 f_for_ic=5.000000e+26 theta_i=2.800000e+00 phi_ini=1.400000e+27
ABOUT TO INTEGRATE: bi_size=7 has_ridder=1 Lambda=0.00e+00
BG_INIT: background_solve OK

========================================
RIDDER FINAL STATE (a=1, z=0):
  rho_ridder = 2.607069e-14 Mpc^-2
  rho_tot    = 6.365071e-08 Mpc^-2
  f_ridder   = 4.095899e-07 (fraction of total)
  Omega_ridder = 0.000000 (if f ~ Omega_Lambda)
========================================

DEBUG INPUT.C: Just set model_type to 2 (should be 2)

DEBUG: Reading v3 canonical parameters...
  f_eV = 5.000000e+26 eV
  Lambda_EDE = 5.808101e-01 eV, theta_E_center = 0.00, sigma_E = 0.40
  Lambda_tail = 2.300000e-03 eV, alpha_tail = 1.00
BACKGROUND_INIT ENTERED: Lambda=0.00e+00
DEBUG BG_INIT ENTRY: model_type=2
DEBUG AFTER CHECKS: model_type=2 has_ridder=1
RIDDER DEBUG (background_init): has_ridder=1, Lambda_EDE_ridder=0.000000e+00, f_axion_ridder=1.000000e+16, theta_i_ridder=2.800000e+00, beta_ridder=0.000000e+00
BG_INIT: entering background_checks
BG_INIT: background_checks OK
RIDDER FREEZE FLAG (from input): ridder_freeze_phi = 0, force_damping = 1.000e+00
DEBUG SHOOTING CHECK: has_ridder=1, model_type=2 (unified=1), use_shooting_EDE=0
BG_INIT: entering background_solve
BACKGROUND_SOLVE ENTERED: has_ridder=1 Lambda=0.00e+00
RIDDER IC DEBUG: model_type=2 f_for_ic=5.000000e+26 theta_i=2.800000e+00 phi_ini=1.400000e+27
ABOUT TO INTEGRATE: bi_size=7 has_ridder=1 Lambda=0.00e+00
DERIVS_ENTRY: call#=235000 has_ridder=1 Lambda=0.00e+00 a=4.72e-04
BG_INIT: background_solve OK

========================================
RIDDER FINAL STATE (a=1, z=0):
  rho_ridder = 1.707452e-14 Mpc^-2
  rho_tot    = 6.789505e-08 Mpc^-2
  f_ridder   = 2.514840e-07 (fraction of total)
  Omega_ridder = 0.000000 (if f ~ Omega_Lambda)
========================================

DEBUG INPUT.C: Just set model_type to 2 (should be 2)

DEBUG: Reading v3 canonical parameters...
  f_eV = 5.000000e+26 eV
  Lambda_EDE = 7.529594e-01 eV, theta_E_center = 0.00, sigma_E = 0.40
  Lambda_tail = 2.300000e-03 eV, alpha_tail = 1.00
BACKGROUND_INIT ENTERED: Lambda=0.00e+00
DEBUG BG_INIT ENTRY: model_type=2
DEBUG AFTER CHECKS: model_type=2 has_ridder=1
RIDDER DEBUG (background_init): has_ridder=1, Lambda_EDE_ridder=0.000000e+00, f_axion_ridder=1.000000e+16, theta_i_ridder=2.800000e+00, beta_ridder=0.000000e+00
BG_INIT: entering background_checks
BG_INIT: background_checks OK
RIDDER FREEZE FLAG (from input): ridder_freeze_phi = 0, force_damping = 1.000e+00
DEBUG SHOOTING CHECK: has_ridder=1, model_type=2 (unified=1), use_shooting_EDE=0
BG_INIT: entering background_solve
BACKGROUND_SOLVE ENTERED: has_ridder=1 Lambda=0.00e+00
RIDDER IC DEBUG: model_type=2 f_for_ic=5.000000e+26 theta_i=2.800000e+00 phi_ini=1.400000e+27
ABOUT TO INTEGRATE: bi_size=7 has_ridder=1 Lambda=0.00e+00
DERIVS_ENTRY: call#=240000 has_ridder=1 Lambda=0.00e+00 a=1.68e-01
BG_INIT: background_solve OK

========================================
RIDDER FINAL STATE (a=1, z=0):
  rho_ridder = 1.180182e-14 Mpc^-2
  rho_tot    = 6.415581e-08 Mpc^-2
  f_ridder   = 1.839556e-07 (fraction of total)
  Omega_ridder = 0.000000 (if f ~ Omega_Lambda)
========================================

DEBUG INPUT.C: Just set model_type to 2 (should be 2)

DEBUG: Reading v3 canonical parameters...
  f_eV = 5.000000e+26 eV
  Lambda_EDE = 6.750808e-01 eV, theta_E_center = 0.00, sigma_E = 0.40
  Lambda_tail = 2.300000e-03 eV, alpha_tail = 1.00
BACKGROUND_INIT ENTERED: Lambda=0.00e+00
DEBUG BG_INIT ENTRY: model_type=2
DEBUG AFTER CHECKS: model_type=2 has_ridder=1
RIDDER DEBUG (background_init): has_ridder=1, Lambda_EDE_ridder=0.000000e+00, f_axion_ridder=1.000000e+16, theta_i_ridder=2.800000e+00, beta_ridder=0.000000e+00
BG_INIT: entering background_checks
BG_INIT: background_checks OK
RIDDER FREEZE FLAG (from input): ridder_freeze_phi = 0, force_damping = 1.000e+00
DEBUG SHOOTING CHECK: has_ridder=1, model_type=2 (unified=1), use_shooting_EDE=0
BG_INIT: entering background_solve
BACKGROUND_SOLVE ENTERED: has_ridder=1 Lambda=0.00e+00
RIDDER IC DEBUG: model_type=2 f_for_ic=5.000000e+26 theta_i=2.800000e+00 phi_ini=1.400000e+27
ABOUT TO INTEGRATE: bi_size=7 has_ridder=1 Lambda=0.00e+00
BG_INIT: background_solve OK

========================================
RIDDER FINAL STATE (a=1, z=0):
  rho_ridder = 1.338537e-14 Mpc^-2
  rho_tot    = 6.490551e-08 Mpc^-2
  f_ridder   = 2.062286e-07 (fraction of total)
  Omega_ridder = 0.000000 (if f ~ Omega_Lambda)
========================================

DEBUG INPUT.C: Just set model_type to 2 (should be 2)

DEBUG: Reading v3 canonical parameters...
  f_eV = 5.000000e+26 eV
  Lambda_EDE = 6.717515e-01 eV, theta_E_center = 0.00, sigma_E = 0.40
  Lambda_tail = 2.300000e-03 eV, alpha_tail = 1.00
BACKGROUND_INIT ENTERED: Lambda=0.00e+00
DEBUG BG_INIT ENTRY: model_type=2
DEBUG AFTER CHECKS: model_type=2 has_ridder=1
RIDDER DEBUG (background_init): has_ridder=1, Lambda_EDE_ridder=0.000000e+00, f_axion_ridder=1.000000e+16, theta_i_ridder=2.800000e+00, beta_ridder=0.000000e+00
BG_INIT: entering background_checks
BG_INIT: background_checks OK
RIDDER FREEZE FLAG (from input): ridder_freeze_phi = 0, force_damping = 1.000e+00
DEBUG SHOOTING CHECK: has_ridder=1, model_type=2 (unified=1), use_shooting_EDE=0
BG_INIT: entering background_solve
BACKGROUND_SOLVE ENTERED: has_ridder=1 Lambda=0.00e+00
RIDDER IC DEBUG: model_type=2 f_for_ic=5.000000e+26 theta_i=2.800000e+00 phi_ini=1.400000e+27
ABOUT TO INTEGRATE: bi_size=7 has_ridder=1 Lambda=0.00e+00
DERIVS_ENTRY: call#=245000 has_ridder=1 Lambda=0.00e+00 a=1.31e-05
BG_INIT: background_solve OK

========================================
RIDDER FINAL STATE (a=1, z=0):
  rho_ridder = 1.804288e-14 Mpc^-2
  rho_tot    = 6.191592e-08 Mpc^-2
  f_ridder   = 2.914093e-07 (fraction of total)
  Omega_ridder = 0.000000 (if f ~ Omega_Lambda)
========================================

DEBUG INPUT.C: Just set model_type to 2 (should be 2)

DEBUG: Reading v3 canonical parameters...
  f_eV = 5.000000e+26 eV
  Lambda_EDE = 7.022574e-01 eV, theta_E_center = 0.00, sigma_E = 0.40
  Lambda_tail = 2.300000e-03 eV, alpha_tail = 1.00
BACKGROUND_INIT ENTERED: Lambda=0.00e+00
DEBUG BG_INIT ENTRY: model_type=2
DEBUG AFTER CHECKS: model_type=2 has_ridder=1
RIDDER DEBUG (background_init): has_ridder=1, Lambda_EDE_ridder=0.000000e+00, f_axion_ridder=1.000000e+16, theta_i_ridder=2.800000e+00, beta_ridder=0.000000e+00
BG_INIT: entering background_checks
BG_INIT: background_checks OK
RIDDER FREEZE FLAG (from input): ridder_freeze_phi = 0, force_damping = 1.000e+00
DEBUG SHOOTING CHECK: has_ridder=1, model_type=2 (unified=1), use_shooting_EDE=0
BG_INIT: entering background_solve
BACKGROUND_SOLVE ENTERED: has_ridder=1 Lambda=0.00e+00
RIDDER IC DEBUG: model_type=2 f_for_ic=5.000000e+26 theta_i=2.800000e+00 phi_ini=1.400000e+27
ABOUT TO INTEGRATE: bi_size=7 has_ridder=1 Lambda=0.00e+00
DERIVS_ENTRY: call#=250000 has_ridder=1 Lambda=0.00e+00 a=5.18e-02
BG_INIT: background_solve OK

========================================
RIDDER FINAL STATE (a=1, z=0):
  rho_ridder = 2.555358e-14 Mpc^-2
  rho_tot    = 6.239930e-08 Mpc^-2
  f_ridder   = 4.095171e-07 (fraction of total)
  Omega_ridder = 0.000000 (if f ~ Omega_Lambda)
========================================

DEBUG INPUT.C: Just set model_type to 2 (should be 2)

DEBUG: Reading v3 canonical parameters...
  f_eV = 5.000000e+26 eV
  Lambda_EDE = 7.891663e-01 eV, theta_E_center = 0.00, sigma_E = 0.40
  Lambda_tail = 2.300000e-03 eV, alpha_tail = 1.00
BACKGROUND_INIT ENTERED: Lambda=0.00e+00
DEBUG BG_INIT ENTRY: model_type=2
DEBUG AFTER CHECKS: model_type=2 has_ridder=1
RIDDER DEBUG (background_init): has_ridder=1, Lambda_EDE_ridder=0.000000e+00, f_axion_ridder=1.000000e+16, theta_i_ridder=2.800000e+00, beta_ridder=0.000000e+00
BG_INIT: entering background_checks
BG_INIT: background_checks OK
RIDDER FREEZE FLAG (from input): ridder_freeze_phi = 0, force_damping = 1.000e+00
DEBUG SHOOTING CHECK: has_ridder=1, model_type=2 (unified=1), use_shooting_EDE=0
BG_INIT: entering background_solve
BACKGROUND_SOLVE ENTERED: has_ridder=1 Lambda=0.00e+00
RIDDER IC DEBUG: model_type=2 f_for_ic=5.000000e+26 theta_i=2.800000e+00 phi_ini=1.400000e+27
ABOUT TO INTEGRATE: bi_size=7 has_ridder=1 Lambda=0.00e+00
BG_INIT: background_solve OK

========================================
RIDDER FINAL STATE (a=1, z=0):
  rho_ridder = 2.202409e-14 Mpc^-2
  rho_tot    = 6.421006e-08 Mpc^-2
  f_ridder   = 3.430006e-07 (fraction of total)
  Omega_ridder = 0.000000 (if f ~ Omega_Lambda)
========================================

DEBUG INPUT.C: Just set model_type to 2 (should be 2)

DEBUG: Reading v3 canonical parameters...
  f_eV = 5.000000e+26 eV
  Lambda_EDE = 4.814182e-01 eV, theta_E_center = 0.00, sigma_E = 0.40
  Lambda_tail = 2.300000e-03 eV, alpha_tail = 1.00
BACKGROUND_INIT ENTERED: Lambda=0.00e+00
DEBUG BG_INIT ENTRY: model_type=2
DEBUG AFTER CHECKS: model_type=2 has_ridder=1
RIDDER DEBUG (background_init): has_ridder=1, Lambda_EDE_ridder=0.000000e+00, f_axion_ridder=1.000000e+16, theta_i_ridder=2.800000e+00, beta_ridder=0.000000e+00
BG_INIT: entering background_checks
BG_INIT: background_checks OK
RIDDER FREEZE FLAG (from input): ridder_freeze_phi = 0, force_damping = 1.000e+00
DEBUG SHOOTING CHECK: has_ridder=1, model_type=2 (unified=1), use_shooting_EDE=0
BG_INIT: entering background_solve
BACKGROUND_SOLVE ENTERED: has_ridder=1 Lambda=0.00e+00
RIDDER IC DEBUG: model_type=2 f_for_ic=5.000000e+26 theta_i=2.800000e+00 phi_ini=1.400000e+27
ABOUT TO INTEGRATE: bi_size=7 has_ridder=1 Lambda=0.00e+00
DERIVS_ENTRY: call#=255000 has_ridder=1 Lambda=0.00e+00 a=9.55e-11
BG_INIT: background_solve OK

========================================
RIDDER FINAL STATE (a=1, z=0):
  rho_ridder = 1.614182e-14 Mpc^-2
  rho_tot    = 6.926561e-08 Mpc^-2
  f_ridder   = 2.330423e-07 (fraction of total)
  Omega_ridder = 0.000000 (if f ~ Omega_Lambda)
========================================

DEBUG INPUT.C: Just set model_type to 2 (should be 2)

DEBUG: Reading v3 canonical parameters...
  f_eV = 5.000000e+26 eV
  Lambda_EDE = 6.810313e-01 eV, theta_E_center = 0.00, sigma_E = 0.40
  Lambda_tail = 2.300000e-03 eV, alpha_tail = 1.00
BACKGROUND_INIT ENTERED: Lambda=0.00e+00
DEBUG BG_INIT ENTRY: model_type=2
DEBUG AFTER CHECKS: model_type=2 has_ridder=1
RIDDER DEBUG (background_init): has_ridder=1, Lambda_EDE_ridder=0.000000e+00, f_axion_ridder=1.000000e+16, theta_i_ridder=2.800[mcmc] Progress @ 2025-11-26 18:49:37 : 1875 steps taken, and 197 accepted.
000e+00, beta_ridder=0.000000e+00
BG_INIT: entering background_checks
BG_INIT: background_checks OK
RIDDER FREEZE FLAG (from input): ridder_freeze_phi = 0, force_damping = 1.000e+00
DEBUG SHOOTING CHECK: has_ridder=1, model_type=2 (unified=1), use_shooting_EDE=0
BG_INIT: entering background_solve
BACKGROUND_SOLVE ENTERED: has_ridder=1 Lambda=0.00e+00
RIDDER IC DEBUG: model_type=2 f_for_ic=5.000000e+26 theta_i=2.800000e+00 phi_ini=1.400000e+27
ABOUT TO INTEGRATE: bi_size=7 has_ridder=1 Lambda=0.00e+00
DERIVS_ENTRY: call#=260000 has_ridder=1 Lambda=0.00e+00 a=2.25e-02
BG_INIT: background_solve OK

========================================
RIDDER FINAL STATE (a=1, z=0):
  rho_ridder = 2.515569e-14 Mpc^-2
  rho_tot    = 6.382740e-08 Mpc^-2
  f_ridder   = 3.941206e-07 (fraction of total)
  Omega_ridder = 0.000000 (if f ~ Omega_Lambda)
========================================

DEBUG INPUT.C: Just set model_type to 2 (should be 2)

DEBUG: Reading v3 canonical parameters...
  f_eV = 5.000000e+26 eV
  Lambda_EDE = 5.501497e-01 eV, theta_E_center = 0.00, sigma_E = 0.40
  Lambda_tail = 2.300000e-03 eV, alpha_tail = 1.00
BACKGROUND_INIT ENTERED: Lambda=0.00e+00
DEBUG BG_INIT ENTRY: model_type=2
DEBUG AFTER CHECKS: model_type=2 has_ridder=1
RIDDER DEBUG (background_init): has_ridder=1, Lambda_EDE_ridder=0.000000e+00, f_axion_ridder=1.000000e+16, theta_i_ridder=2.800000e+00, beta_ridder=0.000000e+00
BG_INIT: entering background_checks
BG_INIT: background_checks OK
RIDDER FREEZE FLAG (from input): ridder_freeze_phi = 0, force_damping = 1.000e+00
DEBUG SHOOTING CHECK: has_ridder=1, model_type=2 (unified=1), use_shooting_EDE=0
BG_INIT: entering background_solve
BACKGROUND_SOLVE ENTERED: has_ridder=1 Lambda=0.00e+00
RIDDER IC DEBUG: model_type=2 f_for_ic=5.000000e+26 theta_i=2.800000e+00 phi_ini=1.400000e+27
ABOUT TO INTEGRATE: bi_size=7 has_ridder=1 Lambda=0.00e+00
BG_INIT: background_solve OK

========================================
RIDDER FINAL STATE (a=1, z=0):
  rho_ridder = 1.402821e-14 Mpc^-2
  rho_tot    = 6.078901e-08 Mpc^-2
  f_ridder   = 2.307689e-07 (fraction of total)
  Omega_ridder = 0.000000 (if f ~ Omega_Lambda)
========================================

DEBUG INPUT.C: Just set model_type to 2 (should be 2)

DEBUG: Reading v3 canonical parameters...
  f_eV = 5.000000e+26 eV
  Lambda_EDE = 7.124452e-01 eV, theta_E_center = 0.00, sigma_E = 0.40
  Lambda_tail = 2.300000e-03 eV, alpha_tail = 1.00
BACKGROUND_INIT ENTERED: Lambda=0.00e+00
DEBUG BG_INIT ENTRY: model_type=2
DEBUG AFTER CHECKS: model_type=2 has_ridder=1
RIDDER DEBUG (background_init): has_ridder=1, Lambda_EDE_ridder=0.000000e+00, f_axion_ridder=1.000000e+16, theta_i_ridder=2.800000e+00, beta_ridder=0.000000e+00
BG_INIT: entering background_checks
BG_INIT: background_checks OK
RIDDER FREEZE FLAG (from input): ridder_freeze_phi = 0, force_damping = 1.000e+00
DEBUG SHOOTING CHECK: has_ridder=1, model_type=2 (unified=1), use_shooting_EDE=0
BG_INIT: entering background_solve
BACKGROUND_SOLVE ENTERED: has_ridder=1 Lambda=0.00e+00
RIDDER IC DEBUG: model_type=2 f_for_ic=5.000000e+26 theta_i=2.800000e+00 phi_ini=1.400000e+27
ABOUT TO INTEGRATE: bi_size=7 has_ridder=1 Lambda=0.00e+00
DERIVS_ENTRY: call#=265000 has_ridder=1 Lambda=0.00e+00 a=1.70e-09
BG_INIT: background_solve OK

========================================
RIDDER FINAL STATE (a=1, z=0):
  rho_ridder = 2.304277e-14 Mpc^-2
  rho_tot    = 6.052652e-08 Mpc^-2
  f_ridder   = 3.807054e-07 (fraction of total)
  Omega_ridder = 0.000000 (if f ~ Omega_Lambda)
========================================

DEBUG INPUT.C: Just set model_type to 2 (should be 2)

DEBUG: Reading v3 canonical parameters...
  f_eV = 5.000000e+26 eV
  Lambda_EDE = 7.856806e-01 eV, theta_E_center = 0.00, sigma_E = 0.40
  Lambda_tail = 2.300000e-03 eV, alpha_tail = 1.00
BACKGROUND_INIT ENTERED: Lambda=0.00e+00
DEBUG BG_INIT ENTRY: model_type=2
DEBUG AFTER CHECKS: model_type=2 has_ridder=1
RIDDER DEBUG (background_init): has_ridder=1, Lambda_EDE_ridder=0.000000e+00, f_axion_ridder=1.000000e+16, theta_i_ridder=2.800000e+00, beta_ridder=0.000000e+00
BG_INIT: entering background_checks
BG_INIT: background_checks OK
RIDDER FREEZE FLAG (from input): ridder_freeze_phi = 0, force_damping = 1.000e+00
DEBUG SHOOTING CHECK: has_ridder=1, model_type=2 (unified=1), use_shooting_EDE=0
BG_INIT: entering background_solve
BACKGROUND_SOLVE ENTERED: has_ridder=1 Lambda=0.00e+00
RIDDER IC DEBUG: model_type=2 f_for_ic=5.000000e+26 theta_i=2.800000e+00 phi_ini=1.400000e+27
ABOUT TO INTEGRATE: bi_size=7 has_ridder=1 Lambda=0.00e+00
DERIVS_ENTRY: call#=270000 has_ridder=1 Lambda=0.00e+00 a=5.14e-03
BG_INIT: background_solve OK

========================================
RIDDER FINAL STATE (a=1, z=0):
  rho_ridder = 1.803068e-14 Mpc^-2
  rho_tot    = 6.139676e-08 Mpc^-2
  f_ridder   = 2.936747e-07 (fraction of total)
  Omega_ridder = 0.000000 (if f ~ Omega_Lambda)
========================================

DEBUG INPUT.C: Just set model_type to 2 (should be 2)

DEBUG: Reading v3 canonical parameters...
  f_eV = 5.000000e+26 eV
  Lambda_EDE = 6.883590e-01 eV, theta_E_center = 0.00, sigma_E = 0.40
  Lambda_tail = 2.300000e-03 eV, alpha_tail = 1.00
BACKGROUND_INIT ENTERED: Lambda=0.00e+00
DEBUG BG_INIT ENTRY: model_type=2
DEBUG AFTER CHECKS: model_type=2 has_ridder=1
RIDDER DEBUG (background_init): has_ridder=1, Lambda_EDE_ridder=0.000000e+00, f_axion_ridder=1.000000e+16, theta_i_ridder=2.800000e+00, beta_ridder=0.000000e+00
BG_INIT: entering background_checks
BG_INIT: background_checks OK
RIDDER FREEZE FLAG (from input): ridder_freeze_phi = 0, force_damping = 1.000e+00
DEBUG SHOOTING CHECK: has_ridder=1, model_type=2 (unified=1), use_shooting_EDE=0
BG_INIT: entering background_solve
BACKGROUND_SOLVE ENTERED: has_ridder=1 Lambda=0.00e+00
RIDDER IC DEBUG: model_type=2 f_for_ic=5.000000e+26 theta_i=2.800000e+00 phi_ini=1.400000e+27
ABOUT TO INTEGRATE: bi_size=7 has_ridder=1 Lambda=0.00e+00
DERIVS_ENTRY: call#=275000 has_ridder=1 Lambda=0.00e+00 a=1.00e+00
BG_INIT: background_solve OK

========================================
RIDDER FINAL STATE (a=1, z=0):
  rho_ridder = 2.539277e-14 Mpc^-2
  rho_tot    = 6.626531e-08 Mpc^-2
  f_ridder   = 3.831985e-07 (fraction of total)
  Omega_ridder = 0.000000 (if f ~ Omega_Lambda)
========================================

DEBUG INPUT.C: Just set model_type to 2 (should be 2)

DEBUG: Reading v3 canonical parameters...
  f_eV = 5.000000e+26 eV
  Lambda_EDE = 6.288457e-01 eV, theta_E_center = 0.00, sigma_E = 0.40
  Lambda_tail = 2.300000e-03 eV, alpha_tail = 1.00
BACKGROUND_INIT ENTERED: Lambda=0.00e+00
DEBUG BG_INIT ENTRY: model_type=2
DEBUG AFTER CHECKS: model_type=2 has_ridder=1
RIDDER DEBUG (background_init): has_ridder=1, Lambda_EDE_ridder=0.000000e+00, f_axion_ridder=1.000000e+16, theta_i_ridder=2.800000e+00, beta_ridder=0.000000e+00
BG_INIT: entering background_checks
BG_INIT: background_checks OK
RIDDER FREEZE FLAG (from input): ridder_freeze_phi = 0, force_damping = 1.000e+00
DEBUG SHOOTING CHECK: has_ridder=1, model_type=2 (unified=1), use_shooting_EDE=0
BG_INIT: entering background_solve
BACKGROUND_SOLVE ENTERED: has_ridder=1 Lambda=0.00e+00
RIDDER IC DEBUG: model_type=2 f_for_ic=5.000000e+26 theta_i=2.800000e+00 phi_ini=1.400000e+27
ABOUT TO INTEGRATE: bi_size=7 has_ridder=1 Lambda=0.00e+00
BG_INIT: background_solve OK

========================================
RIDDER FINAL STATE (a=1, z=0):
  rho_ridder = 1.266470e-14 Mpc^-2
  rho_tot    = 6.235646e-08 Mpc^-2
  f_ridder   = 2.031016e-07 (fraction of total)
  Omega_ridder = 0.000000 (if f ~ Omega_Lambda)
========================================

DEBUG INPUT.C: Just set model_type to 2 (should be 2)

DEBUG: Reading v3 canonical parameters...
  f_eV = 5.000000e+26 eV
  Lambda_EDE = 7.608752e-01 eV, theta_E_center = 0.00, sigma_E = 0.40
  Lambda_tail = 2.300000e-03 eV, alpha_tail = 1.00
BACKGROUND_INIT ENTERED: Lambda=0.00e+00
DEBUG BG_INIT ENTRY: model_type=2
DEBUG AFTER CHECKS: model_type=2 has_ridder=1
RIDDER DEBUG (background_init): has_ridder=1, Lambda_EDE_ridder=0.000000e+00, f_axion_ridder=1.000000e+16, theta_i_ridder=2.800000e+00, beta_ridder=0.000000e+00
BG_INIT: entering background_checks
BG_INIT: bac[mcmc] Progress @ 2025-11-26 18:50:44 : 2090 steps taken, and 219 accepted.
kground_checks OK
RIDDER FREEZE FLAG (from input): ridder_freeze_phi = 0, force_damping = 1.000e+00
DEBUG SHOOTING CHECK: has_ridder=1, model_type=2 (unified=1), use_shooting_EDE=0
BG_INIT: entering background_solve
BACKGROUND_SOLVE ENTERED: has_ridder=1 Lambda=0.00e+00
RIDDER IC DEBUG: model_type=2 f_for_ic=5.000000e+26 theta_i=2.800000e+00 phi_ini=1.400000e+27
ABOUT TO INTEGRATE: bi_size=7 has_ridder=1 Lambda=0.00e+00
DERIVS_ENTRY: call#=280000 has_ridder=1 Lambda=0.00e+00 a=1.15e-03
BG_INIT: background_solve OK

========================================
RIDDER FINAL STATE (a=1, z=0):
  rho_ridder = 1.115945e-14 Mpc^-2
  rho_tot    = 6.843234e-08 Mpc^-2
  f_ridder   = 1.630727e-07 (fraction of total)
  Omega_ridder = 0.000000 (if f ~ Omega_Lambda)
========================================

DEBUG INPUT.C: Just set model_type to 2 (should be 2)

DEBUG: Reading v3 canonical parameters...
  f_eV = 5.000000e+26 eV
  Lambda_EDE = 7.062759e-01 eV, theta_E_center = 0.00, sigma_E = 0.40
  Lambda_tail = 2.300000e-03 eV, alpha_tail = 1.00
BACKGROUND_INIT ENTERED: Lambda=0.00e+00
DEBUG BG_INIT ENTRY: model_type=2
DEBUG AFTER CHECKS: model_type=2 has_ridder=1
RIDDER DEBUG (background_init): has_ridder=1, Lambda_EDE_ridder=0.000000e+00, f_axion_ridder=1.000000e+16, theta_i_ridder=2.800000e+00, beta_ridder=0.000000e+00
BG_INIT: entering background_checks
BG_INIT: background_checks OK
RIDDER FREEZE FLAG (from input): ridder_freeze_phi = 0, force_damping = 1.000e+00
DEBUG SHOOTING CHECK: has_ridder=1, model_type=2 (unified=1), use_shooting_EDE=0
BG_INIT: entering background_solve
BACKGROUND_SOLVE ENTERED: has_ridder=1 Lambda=0.00e+00
RIDDER IC DEBUG: model_type=2 f_for_ic=5.000000e+26 theta_i=2.800000e+00 phi_ini=1.400000e+27
ABOUT TO INTEGRATE: bi_size=7 has_ridder=1 Lambda=0.00e+00
DERIVS_ENTRY: call#=285000 has_ridder=1 Lambda=0.00e+00 a=1.47e-01
BG_INIT: background_solve OK

========================================
RIDDER FINAL STATE (a=1, z=0):
  rho_ridder = 2.238734e-14 Mpc^-2
  rho_tot    = 6.455021e-08 Mpc^-2
  f_ridder   = 3.468205e-07 (fraction of total)
  Omega_ridder = 0.000000 (if f ~ Omega_Lambda)
========================================

DEBUG INPUT.C: Just set model_type to 2 (should be 2)

DEBUG: Reading v3 canonical parameters...
  f_eV = 5.000000e+26 eV
  Lambda_EDE = 7.345457e-01 eV, theta_E_center = 0.00, sigma_E = 0.40
  Lambda_tail = 2.300000e-03 eV, alpha_tail = 1.00
BACKGROUND_INIT ENTERED: Lambda=0.00e+00
DEBUG BG_INIT ENTRY: model_type=2
DEBUG AFTER CHECKS: model_type=2 has_ridder=1
RIDDER DEBUG (background_init): has_ridder=1, Lambda_EDE_ridder=0.000000e+00, f_axion_ridder=1.000000e+16, theta_i_ridder=2.800000e+00, beta_ridder=0.000000e+00
BG_INIT: entering background_checks
BG_INIT: background_checks OK
RIDDER FREEZE FLAG (from input): ridder_freeze_phi = 0, force_damping = 1.000e+00
DEBUG SHOOTING CHECK: has_ridder=1, model_type=2 (unified=1), use_shooting_EDE=0
BG_INIT: entering background_solve
BACKGROUND_SOLVE ENTERED: has_ridder=1 Lambda=0.00e+00
RIDDER IC DEBUG: model_type=2 f_for_ic=5.000000e+26 theta_i=2.800000e+00 phi_ini=1.400000e+27
ABOUT TO INTEGRATE: bi_size=7 has_ridder=1 Lambda=0.00e+00
BG_INIT: background_solve OK

========================================
RIDDER FINAL STATE (a=1, z=0):
  rho_ridder = 1.474081e-14 Mpc^-2
  rho_tot    = 7.046383e-08 Mpc^-2
  f_ridder   = 2.091968e-07 (fraction of total)
  Omega_ridder = 0.000000 (if f ~ Omega_Lambda)
========================================

DEBUG INPUT.C: Just set model_type to 2 (should be 2)

DEBUG: Reading v3 canonical parameters...
  f_eV = 5.000000e+26 eV
  Lambda_EDE = 3.493078e-01 eV, theta_E_center = 0.00, sigma_E = 0.40
  Lambda_tail = 2.300000e-03 eV, alpha_tail = 1.00
BACKGROUND_INIT ENTERED: Lambda=0.00e+00
DEBUG BG_INIT ENTRY: model_type=2
DEBUG AFTER CHECKS: model_type=2 has_ridder=1
RIDDER DEBUG (background_init): has_ridder=1, Lambda_EDE_ridder=0.000000e+00, f_axion_ridder=1.000000e+16, theta_i_ridder=2.800000e+00, beta_ridder=0.000000e+00
BG_INIT: entering background_checks
BG_INIT: background_checks OK
RIDDER FREEZE FLAG (from input): ridder_freeze_phi = 0, force_damping = 1.000e+00
DEBUG SHOOTING CHECK: has_ridder=1, model_type=2 (unified=1), use_shooting_EDE=0
BG_INIT: entering background_solve
BACKGROUND_SOLVE ENTERED: has_ridder=1 Lambda=0.00e+00
RIDDER IC DEBUG: model_type=2 f_for_ic=5.000000e+26 theta_i=2.800000e+00 phi_ini=1.400000e+27
ABOUT TO INTEGRATE: bi_size=7 has_ridder=1 Lambda=0.00e+00
DERIVS_ENTRY: call#=290000 has_ridder=1 Lambda=0.00e+00 a=4.36e-07
BG_INIT: background_solve OK

========================================
RIDDER FINAL STATE (a=1, z=0):
  rho_ridder = 5.516900e-14 Mpc^-2
  rho_tot    = 6.790983e-08 Mpc^-2
  f_ridder   = 8.123861e-07 (fraction of total)
  Omega_ridder = 0.000001 (if f ~ Omega_Lambda)
========================================

DEBUG INPUT.C: Just set model_type to 2 (should be 2)

DEBUG: Reading v3 canonical parameters...
  f_eV = 5.000000e+26 eV
  Lambda_EDE = 5.028102e-01 eV, theta_E_center = 0.00, sigma_E = 0.40
  Lambda_tail = 2.300000e-03 eV, alpha_tail = 1.00
BACKGROUND_INIT ENTERED: Lambda=0.00e+00
DEBUG BG_INIT ENTRY: model_type=2
DEBUG AFTER CHECKS: model_type=2 has_ridder=1
RIDDER DEBUG (background_init): has_ridder=1, Lambda_EDE_ridder=0.000000e+00, f_axion_ridder=1.000000e+16, theta_i_ridder=2.800000e+00, beta_ridder=0.000000e+00
BG_INIT: entering background_checks
BG_INIT: background_checks OK
RIDDER FREEZE FLAG (from input): ridder_freeze_phi = 0, force_damping = 1.000e+00
DEBUG SHOOTING CHECK: has_ridder=1, model_type=2 (unified=1), use_shooting_EDE=0
BG_INIT: entering background_solve
BACKGROUND_SOLVE ENTERED: has_ridder=1 Lambda=0.00e+00
RIDDER IC DEBUG: model_type=2 f_for_ic=5.000000e+26 theta_i=2.800000e+00 phi_ini=1.400000e+27
ABOUT TO INTEGRATE: bi_size=7 has_ridder=1 Lambda=0.00e+00
DERIVS_ENTRY: call#=295000 has_ridder=1 Lambda=0.00e+00 a=7.15e-01
BG_INIT: background_solve OK

========================================
RIDDER FINAL STATE (a=1, z=0):
  rho_ridder = 3.511604e-14 Mpc^-2
  rho_tot    = 6.211459e-08 Mpc^-2
  f_ridder   = 5.653429e-07 (fraction of total)
  Omega_ridder = 0.000001 (if f ~ Omega_Lambda)
========================================

DEBUG INPUT.C: Just set model_type to 2 (should be 2)

DEBUG: Reading v3 canonical parameters...
  f_eV = 5.000000e+26 eV
  Lambda_EDE = 8.010701e-01 eV, theta_E_center = 0.00, sigma_E = 0.40
  Lambda_tail = 2.300000e-03 eV, alpha_tail = 1.00
BACKGROUND_INIT ENTERED: Lambda=0.00e+00
DEBUG BG_INIT ENTRY: model_type=2
DEBUG AFTER CHECKS: model_type=2 has_ridder=1
RIDDER DEBUG (background_init): has_ridder=1, Lambda_EDE_ridder=0.000000e+00, f_axion_ridder=1.000000e+16, theta_i_ridder=2.800000e+00, beta_ridder=0.000000e+00
BG_INIT: entering background_checks
BG_INIT: background_checks OK
RIDDER FREEZE FLAG (from input): ridder_freeze_phi = 0, force_damping = 1.000e+00
DEBUG SHOOTING CHECK: has_ridder=1, model_type=2 (unified=1), use_shooting_EDE=0
BG_INIT: entering background_solve
BACKGROUND_SOLVE ENTERED: has_ridder=1 Lambda=0.00e+00
RIDDER IC DEBUG: model_type=2 f_for_ic=5.000000e+26 theta_i=2.800000e+00 phi_ini=1.400000e+27
ABOUT TO INTEGRATE: bi_size=7 has_ridder=1 Lambda=0.00e+00
BG_INIT: background_solve OK

========================================
RIDDER FINAL STATE (a=1, z=0):
  rho_ridder = 1.830824e-14 Mpc^-2
  rho_tot    = 6.297951e-08 Mpc^-2
  f_ridder   = 2.907015e-07 (fraction of total)
  Omega_ridder = 0.000000 (if f ~ Omega_Lambda)
========================================

DEBUG INPUT.C: Just set model_type to 2 (should be 2)

DEBUG: Reading v3 canonical parameters...
  f_eV = 5.000000e+26 eV
  Lambda_EDE = 7.441363e-01 eV, theta_E_center = 0.00, sigma_E = 0.40
  Lambda_tail = 2.300000e-03 eV, alpha_tail = 1.00
BACKGROUND_INIT ENTERED: Lambda=0.00e+00
DEBUG BG_INIT ENTRY: model_type=2
DEBUG AFTER CHECKS: model_type=2 has_ridder=1
RIDDER DEBUG (background_init): has_ridder=1, Lambda_EDE_ridder=0.000000e+00, f_axion_ridder=1.000000e+16, theta_i_ridder=2.800000e+00, beta_ridder=0.000000e+00
BG_INIT: entering background_checks
BG_INIT: background_checks OK
RIDDER FREEZE FLAG (from input): ridder_freeze_phi = 0, force_damping = 1.000e+00
DEBUG SHOOTING CHECK: has_ridder=1, model_type=2 (unified=1), use_shooting_EDE=0
BG_INIT: entering background_solve
BACKGROUND_SOLVE ENTERED: has_ridder=1 Lambda=0.00e+00
RIDDER IC DEBUG: model_type=2 f_for_ic=5.000000e+26 theta_i=2.800000e+00 phi_ini=1.400000e+27
ABOUT TO INTEGRATE: bi_size=7 has_ridder=1 Lambda=0.00e+00
DERIVS_ENTRY: call#=300000 has_ridder=1 Lambda=0.00e+00 a=6.06e-05
BG_INIT: background_solve OK

========================================
RIDDER FINAL STATE (a=1, z=0):
  rho_ridder = 1.245901e-14 Mpc^-2
  rho_tot    = 6.427099e-08 Mpc^-2
  f_ridder   = 1.938512e-07 (fraction of total)
  Omega_ridder = 0.000000 (if f ~ Omega_Lambda)
========================================

DEBUG INPUT.C: Just set model_type to 2 (should be 2)

DEBUG: Reading v3 canonical parameters...
  f_eV = 5.000000e+26 eV
  Lambda_EDE = 7.286085e-01 eV, theta_E_center = 0.00, sigma_E = 0.40
  Lambda_tail = 2.300000e-03 eV, alpha_tail = 1.00
BACKGROUND_INIT ENTERED: Lambda=0.00e+00
DEBUG BG_INIT ENTRY: model_type=2
DEBUG AFTER CHECKS: model_type=2 has_ridder=1
RIDDER DEBUG (background_init): has_ridder=1, Lambda_EDE_ridder=0.000000e+00, f_axion_ridder=1.000000e+16, theta_i_ridder=2.800000e+00, beta_ridder=0.000000e+00
BG_INIT: entering background_checks
BG_INIT: background_checks OK
RIDDER FREEZE FLAG (from input): ridder_freeze_phi = 0, force_damping = 1.000e+00
DEBUG SHOOTING CHECK: has_ridder=1, model_type=2 (unified=1), use_shooting_EDE=0
BG_INIT: entering background_solve
BACKGROUND_SOLVE ENTERED: has_ridder=1 Lambda=0.00e+00
RIDDER IC DEBUG: model_type=2 f_for_ic=5.000000e+26 theta_i=2.800000e+00 phi_ini=1.400000e+27
ABOUT TO INTEGRATE: bi_size=7 has_ridder=1 Lambda=0.00e+00
DERIVS_ENTRY: call#=305000 has_ridder=1 Lambda=0.00e+00 a=2.47e-02
BG_INIT: background_solve OK

========================================
RIDDER FINAL STATE (a=1, z=0):
  rho_ridder = 1.884591e-14 Mpc^-2
  rho_tot    = 6.364653e-08 Mpc^-2
  f_ridder   = 2.961026e-07 (fraction of total)
  Omega_ridder = 0.000000 (if f ~ Omega_Lambda)
========================================

DEBUG INPUT.C: Just set model_type to 2 (should be 2)

DEBUG: Reading v3 canonical parameters...
  f_eV = 5.000000e+26 eV
  Lambda_EDE = 8.180421e-01 eV, theta_E_center = 0.00, sigma_E = 0.40
  Lambda_tail = 2.300000e-03 eV, alpha_tail = 1.00
BACKGROUND_INIT ENTERED: Lambda=0.00e+00
DEBUG BG_INIT ENTRY: model_type=2
DEBUG AFTER CHECKS: model_type=2 has_ridder=1
RIDDER DEBUG (background_init): has_ridder=1, Lambda_EDE_ridder=0.000000e+00, f_axion_ridder=1.000000e+16, theta_i_ridder=2.800000e+00, beta_ridder=0.000000e+00
BG_INIT: entering background_checks
BG_INIT: background_checks OK
RIDDER FREEZE FLAG (from input): ridder_freeze_phi = 0, force_damping = 1.000e+00
DEBUG SHOOTING CHECK: has_ridder=1, model_type=2 (unified=1), use_shooting_EDE=0
BG_INIT: entering background_solve
BACKGROUND_SOLVE ENTERED: has_ridder=1 Lambda=0.00e+00
RIDDER IC DEBUG: model_type=2 f_for_ic=5.000000e+26 theta_i=2.800000e+00 phi_ini=1.400000e+27
ABOUT TO INTEGRATE: bi_size=7 has_ridder=1 Lambda=0.00e+00
BG_INIT: background_solve OK

========================================
RIDDER FINAL STATE (a=1, z=0):
  rho_ridder = 1.827523e-14 Mpc^-2
  rho_tot    = 6.627399e-08 Mpc^-2
  f_ridder   = 2.757527e-07 (fraction of total)
  Omega_ridder = 0.000000 (if f ~ Omega_Lambda)
========================================

DEBUG INPUT.C: Just set model_type to 2 (should be 2)

DEBUG: Reading v3 canonical parameters...
  f_eV = 5.000000e+26 eV
  Lambda_EDE = 6.839138e-01 eV, theta_E_center = 0.00, sigma_E = 0.40
  Lambda_tail = 2.300000e-03 eV, alpha_tail = 1.00
BACKGROUND_INIT ENTERED: Lambda=0.00e+00
DEBUG BG_INIT ENTRY: model_type=2
DEBUG AFTER CHECKS: model_type=2 has_ridder=1
RIDDER DEBUG (background_init): has_ridder=1, Lambda_EDE_ridder=0.000000e+00, f_axion_ridder=1.000000e+16, theta_i_ridder=2.800000e+00, beta_ridder=0.000000e+00
BG_INIT: entering background_checks
BG_INIT: background_checks OK
RIDDER FREEZE FLAG (from input): ridder_freeze_phi = 0, force_damping = 1.000e+00
DEBUG SHOOTING CHECK: h[mcmc] Progress @ 2025-11-26 18:51:50 : 2327 steps taken, and 243 accepted.
as_ridder=1, model_type=2 (unified=1), use_shooting_EDE=0
BG_INIT: entering background_solve
BACKGROUND_SOLVE ENTERED: has_ridder=1 Lambda=0.00e+00
RIDDER IC DEBUG: model_type=2 f_for_ic=5.000000e+26 theta_i=2.800000e+00 phi_ini=1.400000e+27
ABOUT TO INTEGRATE: bi_size=7 has_ridder=1 Lambda=0.00e+00
DERIVS_ENTRY: call#=310000 has_ridder=1 Lambda=0.00e+00 a=2.32e-13
BG_INIT: background_solve OK

========================================
RIDDER FINAL STATE (a=1, z=0):
  rho_ridder = 2.369056e-14 Mpc^-2
  rho_tot    = 6.751486e-08 Mpc^-2
  f_ridder   = 3.508940e-07 (fraction of total)
  Omega_ridder = 0.000000 (if f ~ Omega_Lambda)
========================================

DEBUG INPUT.C: Just set model_type to 2 (should be 2)

DEBUG: Reading v3 canonical parameters...
  f_eV = 5.000000e+26 eV
  Lambda_EDE = 7.710801e-01 eV, theta_E_center = 0.00, sigma_E = 0.40
  Lambda_tail = 2.300000e-03 eV, alpha_tail = 1.00
BACKGROUND_INIT ENTERED: Lambda=0.00e+00
DEBUG BG_INIT ENTRY: model_type=2
DEBUG AFTER CHECKS: model_type=2 has_ridder=1
RIDDER DEBUG (background_init): has_ridder=1, Lambda_EDE_ridder=0.000000e+00, f_axion_ridder=1.000000e+16, theta_i_ridder=2.800000e+00, beta_ridder=0.000000e+00
BG_INIT: entering background_checks
BG_INIT: background_checks OK
RIDDER FREEZE FLAG (from input): ridder_freeze_phi = 0, force_damping = 1.000e+00
DEBUG SHOOTING CHECK: has_ridder=1, model_type=2 (unified=1), use_shooting_EDE=0
BG_INIT: entering background_solve
BACKGROUND_SOLVE ENTERED: has_ridder=1 Lambda=0.00e+00
RIDDER IC DEBUG: model_type=2 f_for_ic=5.000000e+26 theta_i=2.800000e+00 phi_ini=1.400000e+27
ABOUT TO INTEGRATE: bi_size=7 has_ridder=1 Lambda=0.00e+00
DERIVS_ENTRY: call#=315000 has_ridder=1 Lambda=0.00e+00 a=1.40e-03
BG_INIT: background_solve OK

========================================
RIDDER FINAL STATE (a=1, z=0):
  rho_ridder = 1.223820e-14 Mpc^-2
  rho_tot    = 6.612538e-08 Mpc^-2
  f_ridder   = 1.850756e-07 (fraction of total)
  Omega_ridder = 0.000000 (if f ~ Omega_Lambda)
========================================

DEBUG INPUT.C: Just set model_type to 2 (should be 2)

DEBUG: Reading v3 canonical parameters...
  f_eV = 5.000000e+26 eV
  Lambda_EDE = 7.738806e-01 eV, theta_E_center = 0.00, sigma_E = 0.40
  Lambda_tail = 2.300000e-03 eV, alpha_tail = 1.00
BACKGROUND_INIT ENTERED: Lambda=0.00e+00
DEBUG BG_INIT ENTRY: model_type=2
DEBUG AFTER CHECKS: model_type=2 has_ridder=1
RIDDER DEBUG (background_init): has_ridder=1, Lambda_EDE_ridder=0.000000e+00, f_axion_ridder=1.000000e+16, theta_i_ridder=2.800000e+00, beta_ridder=0.000000e+00
BG_INIT: entering background_checks
BG_INIT: background_checks OK
RIDDER FREEZE FLAG (from input): ridder_freeze_phi = 0, force_damping = 1.000e+00
DEBUG SHOOTING CHECK: has_ridder=1, model_type=2 (unified=1), use_shooting_EDE=0
BG_INIT: entering background_solve
BACKGROUND_SOLVE ENTERED: has_ridder=1 Lambda=0.00e+00
RIDDER IC DEBUG: model_type=2 f_for_ic=5.000000e+26 theta_i=2.800000e+00 phi_ini=1.400000e+27
ABOUT TO INTEGRATE: bi_size=7 has_ridder=1 Lambda=0.00e+00
DERIVS_ENTRY: call#=320000 has_ridder=1 Lambda=0.00e+00 a=1.40e-01
BG_INIT: background_solve OK

========================================
RIDDER FINAL STATE (a=1, z=0):
  rho_ridder = 1.187422e-14 Mpc^-2
  rho_tot    = 6.169989e-08 Mpc^-2
  f_ridder   = 1.924512e-07 (fraction of total)
  Omega_ridder = 0.000000 (if f ~ Omega_Lambda)
========================================

DEBUG INPUT.C: Just set model_type to 2 (should be 2)

DEBUG: Reading v3 canonical parameters...
  f_eV = 5.000000e+26 eV
  Lambda_EDE = 6.988127e-01 eV, theta_E_center = 0.00, sigma_E = 0.40
  Lambda_tail = 2.300000e-03 eV, alpha_tail = 1.00
BACKGROUND_INIT ENTERED: Lambda=0.00e+00
DEBUG BG_INIT ENTRY: model_type=2
DEBUG AFTER CHECKS: model_type=2 has_ridder=1
RIDDER DEBUG (background_init): has_ridder=1, Lambda_EDE_ridder=0.000000e+00, f_axion_ridder=1.000000e+16, theta_i_ridder=2.800000e+00, beta_ridder=0.000000e+00
BG_INIT: entering background_checks
BG_INIT: background_checks OK
RIDDER FREEZE FLAG (from input): ridder_freeze_phi = 0, force_damping = 1.000e+00
DEBUG SHOOTING CHECK: has_ridder=1, model_type=2 (unified=1), use_shooting_EDE=0
BG_INIT: entering background_solve
BACKGROUND_SOLVE ENTERED: has_ridder=1 Lambda=0.00e+00
RIDDER IC DEBUG: model_type=2 f_for_ic=5.000000e+26 theta_i=2.800000e+00 phi_ini=1.400000e+27
ABOUT TO INTEGRATE: bi_size=7 has_ridder=1 Lambda=0.00e+00
BG_INIT: background_solve OK

========================================
RIDDER FINAL STATE (a=1, z=0):
  rho_ridder = 2.438213e-14 Mpc^-2
  rho_tot    = 6.519572e-08 Mpc^-2
  f_ridder   = 3.739836e-07 (fraction of total)
  Omega_ridder = 0.000000 (if f ~ Omega_Lambda)
========================================

DEBUG INPUT.C: Just set model_type to 2 (should be 2)

DEBUG: Reading v3 canonical parameters...
  f_eV = 5.000000e+26 eV
  Lambda_EDE = 8.350039e-01 eV, theta_E_center = 0.00, sigma_E = 0.40
  Lambda_tail = 2.300000e-03 eV, alpha_tail = 1.00
BACKGROUND_INIT ENTERED: Lambda=0.00e+00
DEBUG BG_INIT ENTRY: model_type=2
DEBUG AFTER CHECKS: model_type=2 has_ridder=1
RIDDER DEBUG (background_init): has_ridder=1, Lambda_EDE_ridder=0.000000e+00, f_axion_ridder=1.000000e+16, theta_i_ridder=2.800000e+00, beta_ridder=0.000000e+00
BG_INIT: entering background_checks
BG_INIT: background_checks OK
RIDDER FREEZE FLAG (from input): ridder_freeze_phi = 0, force_damping = 1.000e+00
DEBUG SHOOTING CHECK: has_ridder=1, model_type=2 (unified=1), use_shooting_EDE=0
BG_INIT: entering background_solve
BACKGROUND_SOLVE ENTERED: has_ridder=1 Lambda=0.00e+00
RIDDER IC DEBUG: model_type=2 f_for_ic=5.000000e+26 theta_i=2.800000e+00 phi_ini=1.400000e+27
ABOUT TO INTEGRATE: bi_size=7 has_ridder=1 Lambda=0.00e+00
DERIVS_ENTRY: call#=325000 has_ridder=1 Lambda=0.00e+00 a=1.20e-06
BG_INIT: background_solve OK

========================================
RIDDER FINAL STATE (a=1, z=0):
  rho_ridder = 1.159867e-14 Mpc^-2
  rho_tot    = 6.164032e-08 Mpc^-2
  f_ridder   = 1.881668e-07 (fraction of total)
  Omega_ridder = 0.000000 (if f ~ Omega_Lambda)
========================================

DEBUG INPUT.C: Just set model_type to 2 (should be 2)

DEBUG: Reading v3 canonical parameters...
  f_eV = 5.000000e+26 eV
  Lambda_EDE = 6.588810e-01 eV, theta_E_center = 0.00, sigma_E = 0.40
  Lambda_tail = 2.300000e-03 eV, alpha_tail = 1.00
BACKGROUND_INIT ENTERED: Lambda=0.00e+00
DEBUG BG_INIT ENTRY: model_type=2
DEBUG AFTER CHECKS: model_type=2 has_ridder=1
RIDDER DEBUG (background_init): has_ridder=1, Lambda_EDE_ridder=0.000000e+00, f_axion_ridder=1.000000e+16, theta_i_ridder=2.800000e+00, beta_ridder=0.000000e+00
BG_INIT: entering background_checks
BG_INIT: background_checks OK
RIDDER FREEZE FLAG (from input): ridder_freeze_phi = 0, force_damping = 1.000e+00
DEBUG SHOOTING CHECK: has_ridder=1, model_type=2 (unified=1), use_shooting_EDE=0
BG_INIT: entering background_solve
BACKGROUND_SOLVE ENTERED: has_ridder=1 Lambda=0.00e+00
RIDDER IC DEBUG: model_type=2 f_for_ic=5.000000e+26 theta_i=2.800000e+00 phi_ini=1.400000e+27
ABOUT TO INTEGRATE: bi_size=7 has_ridder=1 Lambda=0.00e+00
DERIVS_ENTRY: call#=330000 has_ridder=1 Lambda=0.00e+00 a=1.40e-02
BG_INIT: background_solve OK

========================================
RIDDER FINAL STATE (a=1, z=0):
  rho_ridder = 1.345664e-14 Mpc^-2
  rho_tot    = 6.471061e-08 Mpc^-2
  f_ridder   = 2.079510e-07 (fraction of total)
  Omega_ridder = 0.000000 (if f ~ Omega_Lambda)
========================================

DEBUG INPUT.C: Just set model_type to 2 (should be 2)

DEBUG: Reading v3 canonical parameters...
  f_eV = 5.000000e+26 eV
  Lambda_EDE = 6.180600e-01 eV, theta_E_center = 0.00, sigma_E = 0.40
  Lambda_tail = 2.300000e-03 eV, alpha_tail = 1.00
BACKGROUND_INIT ENTERED: Lambda=0.00e+00
DEBUG BG_INIT ENTRY: model_type=2
DEBUG AFTER CHECKS: model_type=2 has_ridder=1
RIDDER DEBUG (background_init): has_ridder=1, Lambda_EDE_ridder=0.000000e+00, f_axion_ridder=1.000000e+16, theta_i_ridder=2.800000e+00, beta_ridder=0.000000e+00
BG_INIT: entering background_checks
BG_INIT: background_checks OK
RIDDER FREEZE FLAG (from input): ridder_freeze_phi = 0, force_damping = 1.000e+00
DEBUG SHOOTING CHECK: has_ridder=1, mo[mcmc] Progress @ 2025-11-26 18:52:51 : 2588 steps taken, and 270 accepted.
del_type=2 (unified=1), use_shooting_EDE=0
BG_INIT: entering background_solve
BACKGROUND_SOLVE ENTERED: has_ridder=1 Lambda=0.00e+00
RIDDER IC DEBUG: model_type=2 f_for_ic=5.000000e+26 theta_i=2.800000e+00 phi_ini=1.400000e+27
ABOUT TO INTEGRATE: bi_size=7 has_ridder=1 Lambda=0.00e+00
BG_INIT: background_solve OK

========================================
RIDDER FINAL STATE (a=1, z=0):
  rho_ridder = 2.141306e-14 Mpc^-2
  rho_tot    = 6.591403e-08 Mpc^-2
  f_ridder   = 3.248634e-07 (fraction of total)
  Omega_ridder = 0.000000 (if f ~ Omega_Lambda)
========================================

DEBUG INPUT.C: Just set model_type to 2 (should be 2)

DEBUG: Reading v3 canonical parameters...
  f_eV = 5.000000e+26 eV
  Lambda_EDE = 6.276639e-01 eV, theta_E_center = 0.00, sigma_E = 0.40
  Lambda_tail = 2.300000e-03 eV, alpha_tail = 1.00
BACKGROUND_INIT ENTERED: Lambda=0.00e+00
DEBUG BG_INIT ENTRY: model_type=2
DEBUG AFTER CHECKS: model_type=2 has_ridder=1
RIDDER DEBUG (background_init): has_ridder=1, Lambda_EDE_ridder=0.000000e+00, f_axion_ridder=1.000000e+16, theta_i_ridder=2.800000e+00, beta_ridder=0.000000e+00
BG_INIT: entering background_checks
BG_INIT: background_checks OK
RIDDER FREEZE FLAG (from input): ridder_freeze_phi = 0, force_damping = 1.000e+00
DEBUG SHOOTING CHECK: has_ridder=1, model_type=2 (unified=1), use_shooting_EDE=0
BG_INIT: entering background_solve
BACKGROUND_SOLVE ENTERED: has_ridder=1 Lambda=0.00e+00
RIDDER IC DEBUG: model_type=2 f_for_ic=5.000000e+26 theta_i=2.800000e+00 phi_ini=1.400000e+27
ABOUT TO INTEGRATE: bi_size=7 has_ridder=1 Lambda=0.00e+00
DERIVS_ENTRY: call#=335000 has_ridder=1 Lambda=0.00e+00 a=3.12e-11
BG_INIT: background_solve OK

========================================
RIDDER FINAL STATE (a=1, z=0):
  rho_ridder = 1.684085e-14 Mpc^-2
  rho_tot    = 6.429683e-08 Mpc^-2
  f_ridder   = 2.619236e-07 (fraction of total)
  Omega_ridder = 0.000000 (if f ~ Omega_Lambda)
========================================

DEBUG INPUT.C: Just set model_type to 2 (should be 2)

DEBUG: Reading v3 canonical parameters...
  f_eV = 5.000000e+26 eV
  Lambda_EDE = 8.921288e-01 eV, theta_E_center = 0.00, sigma_E = 0.40
  Lambda_tail = 2.300000e-03 eV, alpha_tail = 1.00
BACKGROUND_INIT ENTERED: Lambda=0.00e+00
DEBUG BG_INIT ENTRY: model_type=2
DEBUG AFTER CHECKS: model_type=2 has_ridder=1
RIDDER DEBUG (background_init): has_ridder=1, Lambda_EDE_ridder=0.000000e+00, f_axion_ridder=1.000000e+16, theta_i_ridder=2.800000e+00, beta_ridder=0.000000e+00
BG_INIT: entering background_checks
BG_INIT: background_checks OK
RIDDER FREEZE FLAG (from input): ridder_freeze_phi = 0, force_damping = 1.000e+00
DEBUG SHOOTING CHECK: has_ridder=1, model_type=2 (unified=1), use_shooting_EDE=0
BG_INIT: entering background_solve
BACKGROUND_SOLVE ENTERED: has_ridder=1 Lambda=0.00e+00
RIDDER IC DEBUG: model_type=2 f_for_ic=5.000000e+26 theta_i=2.800000e+00 phi_ini=1.400000e+27
ABOUT TO INTEGRATE: bi_size=7 has_ridder=1 Lambda=0.00e+00
DERIVS_ENTRY: call#=340000 has_ridder=1 Lambda=0.00e+00 a=5.35e-03
BG_INIT: background_solve OK

========================================
RIDDER FINAL STATE (a=1, z=0):
  rho_ridder = 1.639137e-14 Mpc^-2
  rho_tot    = 7.144706e-08 Mpc^-2
  f_ridder   = 2.294198e-07 (fraction of total)
  Omega_ridder = 0.000000 (if f ~ Omega_Lambda)
========================================

DEBUG INPUT.C: Just set model_type to 2 (should be 2)

DEBUG: Reading v3 canonical parameters...
  f_eV = 5.000000e+26 eV
  Lambda_EDE = 7.420082e-01 eV, theta_E_center = 0.00, sigma_E = 0.40
  Lambda_tail = 2.300000e-03 eV, alpha_tail = 1.00
BACKGROUND_INIT ENTERED: Lambda=0.00e+00
DEBUG BG_INIT ENTRY: model_type=2
DEBUG AFTER CHECKS: model_type=2 has_ridder=1
RIDDER DEBUG (background_init): has_ridder=1, Lambda_EDE_ridder=0.000000e+00, f_axion_ridder=1.000000e+16, theta_i_ridder=2.800000e+00, beta_ridder=0.000000e+00
BG_INIT: entering background_checks
BG_INIT: background_checks OK
RIDDER FREEZE FLAG (from input): ridder_freeze_phi = 0, force_damping = 1.000e+00
DEBUG SHOOTING CHECK: has_ridder=1, model_type=2 (unified=1), use_shooting_EDE=0
BG_INIT: entering background_solve
BACKGROUND_SOLVE ENTERED: has_ridder=1 Lambda=0.00e+00
RIDDER IC DEBUG: model_type=2 f_for_ic=5.000000e+26 theta_i=2.800000e+00 phi_ini=1.400000e+27
ABOUT TO INTEGRATE: bi_size=7 has_ridder=1 Lambda=0.00e+00
DERIVS_ENTRY: call#=345000 has_ridder=1 Lambda=0.00e+00 a=3.77e-01
BG_INIT: background_solve OK

========================================
RIDDER FINAL STATE (a=1, z=0):
  rho_ridder = 1.228664e-14 Mpc^-2
  rho_tot    = 6.640952e-08 Mpc^-2
  f_ridder   = 1.850133e-07 (fraction of total)
  Omega_ridder = 0.000000 (if f ~ Omega_Lambda)
========================================

DEBUG INPUT.C: Just set model_type to 2 (should be 2)

DEBUG: Reading v3 canonical parameters...
  f_eV = 5.000000e+26 eV
  Lambda_EDE = 8.744922e-01 eV, theta_E_center = 0.00, sigma_E = 0.40
  Lambda_tail = 2.300000e-03 eV, alpha_tail = 1.00
BACKGROUND_INIT ENTERED: Lambda=0.00e+00
DEBUG BG_INIT ENTRY: model_type=2
DEBUG AFTER CHECKS: model_type=2 has_ridder=1
RIDDER DEBUG (background_init): has_ridder=1, Lambda_EDE_ridder=0.000000e+00, f_axion_ridder=1.000000e+16, theta_i_ridder=2.800000e+00, beta_ridder=0.000000e+00
BG_INIT: entering background_checks
BG_INIT: background_checks OK
RIDDER FREEZE FLAG (from input): ridder_freeze_phi = 0, force_damping = 1.000e+00
DEBUG SHOOTING CHECK: has_ridder=1, model_type=2 (unified=1), use_shooting_EDE=0
BG_INIT: entering background_solve
BACKGROUND_SOLVE ENTERED: has_ridder=1 Lambda=0.00e+00
RIDDER IC DEBUG: model_type=2 f_for_ic=5.000000e+26 theta_i=2.800000e+00 phi_ini=1.400000e+27
ABOUT TO INTEGRATE: bi_size=7 has_ridder=1 Lambda=0.00e+00
BG_INIT: background_solve OK

========================================
RIDDER FINAL STATE (a=1, z=0):
  rho_ridder = 1.043847e-14 Mpc^-2
  rho_tot    = 6.725189e-08 Mpc^-2
  f_ridder   = 1.552146e-07 (fraction of total)
  Omega_ridder = 0.000000 (if f ~ Omega_Lambda)
========================================

DEBUG INPUT.C: Just set model_type to 2 (should be 2)

DEBUG: Reading v3 canonical parameters...
  f_eV = 5.000000e+26 eV
  Lambda_EDE = 7.370042e-01 eV, theta_E_center = 0.00, sigma_E = 0.40
  Lambda_tail = 2.300000e-03 eV, alpha_tail = 1.00
BACKGROUND_INIT ENTERED: Lambda=0.00e+00
DEBUG BG_INIT ENTRY: model_type=2
DEBUG AFTER CHECKS: model_type=2 has_ridder=1
RIDDER DEBUG (background_init): has_ridder=1, Lambda_EDE_ridder=0.000000e+00, f_axion_ridder=1.000000e+16, theta_i_ridder=2.800000e+00, beta_ridder=0.000000e+00
BG_INIT: entering background_checks
BG_INIT: background_checks OK
RIDDER FREEZE FLAG (from input): ridder_freeze_phi = 0, force_damping = 1.000e+00
DEBUG SHOOTING CHECK: has_ridder=1, model_type=2 (unified=1), use_shooting_EDE=0
BG_INIT: entering background_solve
BACKGROUND_SOLVE ENTERED: has_ridder=1 Lambda=0.00e+00
RIDDER IC DEBUG: model_type=2 f_for_ic=5.000000e+26 theta_i=2.800000e+00 phi_ini=1.400000e+27
ABOUT TO INTEGRATE: bi_size=7 has_ridder=1 Lambda=0.00e+00
DERIVS_ENTRY: call#=350000 has_ridder=1 Lambda=0.00e+00 a=3.65e-06
BG_INIT: background_solve OK

========================================
RIDDER FINAL STATE (a=1, z=0):
  rho_ridder = 1.308383e-14 Mpc^-2
  rho_tot    = 6.662554e-08 Mpc^-2
  f_ridder   = 1.963787e-07 (fraction of total)
  Omega_ridder = 0.000000 (if f ~ Omega_Lambda)
========================================

DEBUG INPUT.C: Just set model_type to 2 (should be 2)

DEBUG: Reading v3 canonical parameters...
  f_eV = 5.000000e+26 eV
  Lambda_EDE = 8.915619e-01 eV, theta_E_center = 0.00, sigma_E = 0.40
  Lambda_tail = 2.300000e-03 eV, alpha_tail = 1.00
BACKGROUND_INIT ENTERED: Lambda=0.00e+00
DEBUG BG_INIT ENTRY: model_type=2
DEBUG AFTER CHECKS: model_type=2 has_ridder=1
RIDDER DEBUG (background_init): has_ridder=1, Lambda_EDE_ridder=0.000000e+00, f_axion_ridder=1.000000e+16, theta_i_ridder=2.800000e+00, beta_ridder=0.000000e+00
BG_INIT: entering background_checks
BG_INIT: background_checks OK
RIDDER FREEZE FLAG (from input): ridder_freeze_phi = 0, force_damping = 1.000e+00
DEBUG SHOOTING CHECK: has_ridder=1, model_type=2 (unified=1), use_shooting_EDE=0
BG_INIT: entering background_solve
BACKGROUND_SOLVE ENTERED: has_ridder=1 Lambda=0.00e+00
RIDDER IC DEBUG: model_type=2 f_for_ic=5.000000e+26 theta_i=2.800000e+00 phi_ini=1.400000e+27
ABOUT TO INTEGRATE: bi_size=7 has_ridder=1 Lambda=0.00e+00
DERIVS_ENTRY: call#=355000 has_ridder=1 Lambda=0.00e+00 a=1.13e-02
BG_INIT: background_solve OK

========================================
RIDDER FINAL STATE (a=1, z=0):
  rho_ridder = 1.192092e-14 Mpc^-2
  rho_tot    = 6.768846e-08 Mpc^-2
  f_ridder   = 1.761145e-07 (fraction of total)
  Omega_ridder = 0.000000 (if f ~ Omega_Lambda)
========================================

DEBUG INPUT.C: Just set model_type to 2 (should be 2)

DEBUG: Reading v3 canonical parameters...
  f_eV = 5.000000e+26 eV
  Lambda_EDE = 6.279116e-01 eV, theta_E_center = 0.00, sigma_E = 0.40
  Lambda_tail = 2.300000e-03 eV, alpha_tail = 1.00
BACKGROUND_INIT ENTERED: Lambda=0.00e+00
DEBUG BG_INIT ENTRY: model_type=2
DEBUG AFTER CHECKS: model_type=2 has_ridder=1
RIDDER DEBUG (background_init): has_ridder=1, Lambda_EDE_ridder=0.000000e+00, f_axion_ridder=1.000000e+16, theta_i_ridder=2.800000e+00, beta_ridder=0.000000e+00
BG_INIT: entering background_checks
BG_INIT: background_checks OK
RIDDER FREEZE FLAG (from input): ridder_freeze_phi = 0, force_damping = 1.000e+00
DEBUG SHOOTING CHECK: has_ridder=1, model_type=2 (unified=1), use_shooting_EDE=0
BG_INIT: entering background_solve
BACKGROUND_SOLVE ENTERED: has_ridder=1 Lambda=0.00e+00
RIDDER IC DEBUG: model_type=2 f_for_ic=5.000000e+26 theta_i=2.800000e+00 phi_ini=1.400000e+27
ABOUT TO INTEGRATE: bi_size=7 has_ridder=1 Lambda=0.00e+00
BG_INIT: background_solve OK

========================================
RIDDER FINAL STATE (a=1, z=0):
  rho_ridder = 1.740879e-14 Mpc^-2
  rho_tot    = 6.450188e-08 Mpc^-2
  f_ridder   = 2.698958e-07 (fraction of total)
  Omega_ridder = 0.000000 (if f ~ Omega_Lambda)
========================================

DEBUG INPUT.C: Just set model_type to 2 (should be 2)

DEBUG: Reading v3 canonical parameters...
  f_eV = 5.000000e+26 eV
  Lambda_EDE = 7.373706e-01 eV, theta_E_center = 0.00, sigma_E = 0.40
  Lambda_tail = 2.300000e-03 eV, alpha_tail = 1.00
BACKGROUND_INIT ENTERED: Lambda=0.00e+00
DEBUG BG_INIT ENTRY: model_type=2
DEBUG AFTER CHECKS: model_type=2 has_ridder=1
RIDDER DEBUG (background_init): has_ridder=1, Lambda_EDE_ridder=0.000000e+00, f_axion_ridder=1.000000e+16, theta_i_ridder=2.800000e+00, beta_ridder=0.000000e+00
BG_INIT: entering background_checks
BG_INIT: background_checks OK
RIDDER FREEZE FLAG (from input): ridder_freeze_phi = 0, force_damping = 1.000e+00
DEBUG SHOOTING CHECK: has_ridder=1, model_type=2 (unified=1), use_shooting_EDE=0
BG_INIT: entering background_solve
BACKGROUND_SOLVE ENTERED: has_ridder=1 Lambda=0.00e+00
RIDDER IC DEBUG: model_type=2 f_for_ic=5.000000e+26 theta_i=2.800000e+00 phi_ini=1.400000e+27
ABOUT TO INTEGRATE: bi_size=7 has_ridder=1 Lambda=0.00e+00
DERIVS_ENTRY: call#=360000 has_ridder=1 Lambda=0.00e+00 a=2.61e-13
BG_INIT: background_solve OK

========================================
RIDDER FINAL STATE (a=1, z=0):
  rho_ridder = 1.120033e-14 Mpc^-2
  rho_tot    = 6.419846e-08 Mpc^-2
  f_ridder   = 1.744641e-07 (fraction of total)
  Omega_ridder = 0.000000 (if f ~ Omega_Lambda)
========================================

DEBUG INPUT.C: Just set model_type to 2 (should be 2)

DEBUG: Reading v3 canonical parameters...
  f_eV = 5.000000e+26 eV
  Lambda_EDE = 7.239905e-01 eV, theta_E_center = 0.00, sigma_E = 0.40
  Lambda_tail = 2.300000e-03 eV, alpha_tail = 1.00
BACKGROUND_INIT ENTERED: Lambda=0.00e+00
DEBUG BG_INIT ENTRY: model_type=2
DEBUG AFTER CHECKS: model_type=2 has_ridder=1
RIDDER DEBUG (background_init): has_ridder=1, Lambda_EDE_ridder=0.000000e+00, f_axion_ridder=1.000000e+16, theta_i_ridder=2.800000e+00, beta_ridder=0.000000e+00
BG_INIT: entering background_checks
BG_INIT: background_checks OK
RIDDER FREEZE FLAG (from input): ridder_freeze_phi = 0, force_damping = 1.000e+00
DEBUG SHOOTING CHECK: has_ridder=1, model_type=2 (unified=1), use_shooting_EDE=0
BG_INIT: entering background_solve
BACKGROUND_SOLVE ENTERED: has_ridder=1 Lambda[mcmc] Progress @ 2025-11-26 18:53:56 : 2731 steps taken, and 283 accepted.
=0.00e+00
RIDDER IC DEBUG: model_type=2 f_for_ic=5.000000e+26 theta_i=2.800000e+00 phi_ini=1.400000e+27
ABOUT TO INTEGRATE: bi_size=7 has_ridder=1 Lambda=0.00e+00
DERIVS_ENTRY: call#=365000 has_ridder=1 Lambda=0.00e+00 a=8.94e-04
BG_INIT: background_solve OK

========================================
RIDDER FINAL STATE (a=1, z=0):
  rho_ridder = 1.346944e-14 Mpc^-2
  rho_tot    = 6.545659e-08 Mpc^-2
  f_ridder   = 2.057767e-07 (fraction of total)
  Omega_ridder = 0.000000 (if f ~ Omega_Lambda)
========================================

DEBUG INPUT.C: Just set model_type to 2 (should be 2)

DEBUG: Reading v3 canonical parameters...
  f_eV = 5.000000e+26 eV
  Lambda_EDE = 8.003792e-01 eV, theta_E_center = 0.00, sigma_E = 0.40
  Lambda_tail = 2.300000e-03 eV, alpha_tail = 1.00
BACKGROUND_INIT ENTERED: Lambda=0.00e+00
DEBUG BG_INIT ENTRY: model_type=2
DEBUG AFTER CHECKS: model_type=2 has_ridder=1
RIDDER DEBUG (background_init): has_ridder=1, Lambda_EDE_ridder=0.000000e+00, f_axion_ridder=1.000000e+16, theta_i_ridder=2.800000e+00, beta_ridder=0.000000e+00
BG_INIT: entering background_checks
BG_INIT: background_checks OK
RIDDER FREEZE FLAG (from input): ridder_freeze_phi = 0, force_damping = 1.000e+00
DEBUG SHOOTING CHECK: has_ridder=1, model_type=2 (unified=1), use_shooting_EDE=0
BG_INIT: entering background_solve
BACKGROUND_SOLVE ENTERED: has_ridder=1 Lambda=0.00e+00
RIDDER IC DEBUG: model_type=2 f_for_ic=5.000000e+26 theta_i=2.800000e+00 phi_ini=1.400000e+27
ABOUT TO INTEGRATE: bi_size=7 has_ridder=1 Lambda=0.00e+00
DERIVS_ENTRY: call#=370000 has_ridder=1 Lambda=0.00e+00 a=7.05e-02
BG_INIT: background_solve OK

========================================
RIDDER FINAL STATE (a=1, z=0):
  rho_ridder = 1.973736e-14 Mpc^-2
  rho_tot    = 6.667401e-08 Mpc^-2
  f_ridder   = 2.960278e-07 (fraction of total)
  Omega_ridder = 0.000000 (if f ~ Omega_Lambda)
========================================

DEBUG INPUT.C: Just set model_type to 2 (should be 2)

DEBUG: Reading v3 canonical parameters...
  f_eV = 5.000000e+26 eV
  Lambda_EDE = 6.081490e-01 eV, theta_E_center = 0.00, sigma_E = 0.40
  Lambda_tail = 2.300000e-03 eV, alpha_tail = 1.00
BACKGROUND_INIT ENTERED: Lambda=0.00e+00
DEBUG BG_INIT ENTRY: model_type=2
DEBUG AFTER CHECKS: model_type=2 has_ridder=1
RIDDER DEBUG (background_init): has_ridder=1, Lambda_EDE_ridder=0.000000e+00, f_axion_ridder=1.000000e+16, theta_i_ridder=2.800000e+00, beta_ridder=0.000000e+00
BG_INIT: entering background_checks
BG_INIT: background_checks OK
RIDDER FREEZE FLAG (from input): ridder_freeze_phi = 0, force_damping = 1.000e+00
DEBUG SHOOTING CHECK: has_ridder=1, model_type=2 (unified=1), use_shooting_EDE=0
BG_INIT: entering background_solve
BACKGROUND_SOLVE ENTERED: has_ridder=1 Lambda=0.00e+00
RIDDER IC DEBUG: model_type=2 f_for_ic=5.000000e+26 theta_i=2.800000e+00 phi_ini=1.400000e+27
ABOUT TO INTEGRATE: bi_size=7 has_ridder=1 Lambda=0.00e+00
BG_INIT: background_solve OK

========================================
RIDDER FINAL STATE (a=1, z=0):
  rho_ridder = 2.215791e-14 Mpc^-2
  rho_tot    = 6.919205e-08 Mpc^-2
  f_ridder   = 3.202378e-07 (fraction of total)
  Omega_ridder = 0.000000 (if f ~ Omega_Lambda)
========================================

DEBUG INPUT.C: Just set model_type to 2 (should be 2)

DEBUG: Reading v3 canonical parameters...
  f_eV = 5.000000e+26 eV
  Lambda_EDE = 7.218916e-01 eV, theta_E_center = 0.00, sigma_E = 0.40
  Lambda_tail = 2.300000e-03 eV, alpha_tail = 1.00
BACKGROUND_INIT ENTERED: Lambda=0.00e+00
DEBUG BG_INIT ENTRY: model_type=2
DEBUG AFTER CHECKS: model_type=2 has_ridder=1
RIDDER DEBUG (background_init): has_ridder=1, Lambda_EDE_ridder=0.000000e+00, f_axion_ridder=1.000000e+16, theta_i_ridder=2.800000e+00, beta_ridder=0.000000e+00
BG_INIT: entering background_checks
BG_INIT: background_checks OK
RIDDER FREEZE FLAG (from input): ridder_freeze_phi = 0, force_damping = 1.000e+00
DEBUG SHOOTING CHECK: has_ridder=1, model_type=2 (unified=1), use_shooting_EDE=0
BG_INIT: entering background_solve
BACKGROUND_SOLVE ENTERED: has_ridder=1 Lambda=0.00e+00
RIDDER IC DEBUG: model_type=2 f_for_ic=5.000000e+26 theta_i=2.800000e+00 phi_ini=1.400000e+27
ABOUT TO INTEGRATE: bi_size=7 has_ridder=1 Lambda=0.00e+00
DERIVS_ENTRY: call#=375000 has_ridder=1 Lambda=0.00e+00 a=2.98e-07
BG_INIT: background_solve OK

========================================
RIDDER FINAL STATE (a=1, z=0):
  rho_ridder = 1.564305e-14 Mpc^-2
  rho_tot    = 6.897078e-08 Mpc^-2
  f_ridder   = 2.268069e-07 (fraction of total)
  Omega_ridder = 0.000000 (if f ~ Omega_Lambda)
========================================

DEBUG INPUT.C: Just set model_type to 2 (should be 2)

DEBUG: Reading v3 canonical parameters...
  f_eV = 5.000000e+26 eV
  Lambda_EDE = 6.490046e-01 eV, theta_E_center = 0.00, sigma_E = 0.40
  Lambda_tail = 2.300000e-03 eV, alpha_tail = 1.00
BACKGROUND_INIT ENTERED: Lambda=0.00e+00
DEBUG BG_INIT ENTRY: model_type=2
DEBUG AFTER CHECKS: model_type=2 has_ridder=1
RIDDER DEBUG (background_init): has_ridder=1, Lambda_EDE_ridder=0.000000e+00, f_axion_ridder=1.000000e+16, theta_i_ridder=2.800000e+00, beta_ridder=0.000000e+00
BG_INIT: entering background_checks
BG_INIT: background_checks OK
RIDDER FREEZE FLAG (from input): ridder_freeze_phi = 0, force_damping = 1.000e+00
DEBUG SHOOTING CHECK: has_ridder=1, model_type=2 (unified=1), use_shooting_EDE=0
BG_INIT: entering background_solve
BACKGROUND_SOLVE ENTERED: has_ridder=1 Lambda=0.00e+00
RIDDER IC DEBUG: model_type=2 f_for_ic=5.000000e+26 theta_i=2.800000e+00 phi_ini=1.400000e+27
ABOUT TO INTEGRATE: bi_size=7 has_ridder=1 Lambda=0.00e+00
DERIVS_ENTRY: call#=380000 has_ridder=1 Lambda=0.00e+00 a=1.33e-02
BG_INIT: background_solve OK

========================================
RIDDER FINAL STATE (a=1, z=0):
  rho_ridder = 1.243478e-14 Mpc^-2
  rho_tot    = 6.702567e-08 Mpc^-2
  f_ridder   = 1.855226e-07 (fraction of total)
  Omega_ridder = 0.000000 (if f ~ Omega_Lambda)
========================================

DEBUG INPUT.C: Just set model_type to 2 (should be 2)

DEBUG: Reading v3 canonical parameters...
  f_eV = 5.000000e+26 eV
  Lambda_EDE = 8.123352e-01 eV, theta_E_center = 0.00, sigma_E = 0.40
  Lambda_tail = 2.300000e-03 eV, alpha_tail = 1.00
BACKGROUND_INIT ENTERED: Lambda=0.00e+00
DEBUG BG_INIT ENTRY: model_type=2
DEBUG AFTER CHECKS: model_type=2 has_ridder=1
RIDDER DEBUG (background_init): has_ridder=1, Lambda_EDE_ridder=0.000000e+00, f_axion_ridder=1.000000e+16, theta_i_ridder=2.800000e+00, beta_ridder=0.000000e+00
BG_INIT: entering background_checks
BG_INIT: background_checks OK
RIDDER FREEZE FLAG (from input): ridder_freeze_phi = 0, force_damping = 1.000e+00
DEBUG SHOOTING CHECK: has_ridder=1, model_type=2 (unified=1), use_shooting_EDE=0
BG_INIT: entering background_solve
BACKGROUND_SOLVE ENTERED: has_ridder=1 Lambda=0.00e+00
RIDDER IC DEBUG: model_type=2 f_for_ic=5.000000e+26 theta_i=2.800000e+00 phi_ini=1.400000e+27
ABOUT TO INTEGRATE: bi_size=7 has_ridder=1 Lambda=0.00e+00
BG_INIT: background_solve OK

========================================
RIDDER FINAL STATE (a=1, z=0):
  rho_ridder = 1.629207e-14 Mpc^-2
  rho_tot    = 6.586133e-08 Mpc^-2
  f_ridder   = 2.473693e-07 (fraction of total)
  Omega_ridder = 0.000000 (if f ~ Omega_Lambda)
========================================

DEBUG INPUT.C: Just set model_type to 2 (should be 2)

DEBUG: Reading v3 canonical parameters...
  f_eV = 5.000000e+26 eV
  Lambda_EDE = 8.361985e-01 eV, theta_E_center = 0.00, sigma_E = 0.40
  Lambda_tail = 2.300000e-03 eV, alpha_tail = 1.00
BACKGROUND_INIT ENTERED: Lambda=0.00e+00
DEBUG BG_INIT ENTRY: model_type=2
DEBUG AFTER CHECKS: model_type=2 has_ridder=1
RIDDER DEBUG (background_init): has_ridder=1, Lambda_EDE_ridder=0.000000e+00, f_axion_ridder=1.000000e+16, theta_i_ridder=2.800000e+00, beta_ridder=0.000000e+00
BG_INIT: entering background_checks
BG_INIT: background_checks OK
RIDDER FREEZE FLAG (from input): ridder_freeze_phi = 0, force_damping = 1.000e+00
DEBUG SHOOTING CHECK: has_ridder=1, model_type=2 (unified=1), use_shooting_EDE=0
BG_INIT: entering background_solve
BACKGROUND_SOLVE ENTERED: has_ridder=1 Lambda=0.00e+00
RIDDER IC DEBUG: model_type=2 f_for_ic=5.000000e+26 theta_i=2.800000e+00 phi_ini=1.400000e+27
ABOUT TO INTEGRATE: bi_size=7 has_ridder=1 Lambda=0.00e+00
DERIVS_ENTRY: call#=385000 has_ridder=1 Lambda=0.00e+00 a=2.51e-14
BG_INIT: background_solve OK

========================================
RIDDER FINAL STATE (a=1, z=0):
  rho_ridder = 1.011388e-14 Mpc^-2
  rho_tot    = 6.991185e-08 Mpc^-2
  f_ridder   = 1.446661e-07 (fraction of total)
  Omega_ridder = 0.000000 (if f ~ Omega_Lambda)
========================================

DEBUG INPUT.C: Just set model_type to 2 (should be 2)

DEBUG: Reading v3 canonical parameters...
  f_eV = 5.000000e+26 eV
  Lambda_EDE = 8.828386e-01 eV, theta_E_center = 0.00, sigma_E = 0.40
  Lambda_tail = 2.300000e-03 eV, alpha_tail = 1.00
BACKGROUND_INIT ENTERED: Lambda=0.00e+00
DEBUG BG_INIT ENTRY: model_type=2
DEBUG AFTER CHECKS: model_type=2 has_ridder=1
RIDDER DEBUG (background_init): has_ridder=1, Lambda_EDE_ridder=0.000000e+00, f_axion_ridder=1.000000e+16, theta_i_ridder=2.800000e+00, beta_ridder=0.000000e+00
BG_INIT: entering background_checks
BG_INIT: background_checks OK
RIDDER FREEZE FLAG (from input): ridder_freeze_phi = 0, force_damping = 1.000e+00
DEBUG SHOOTING CHECK: has_ridder=1, model_type=2 (unified=1), use_shooting_EDE=0
BG_INIT: entering background_solve
BACKGROUND_SOLVE ENTERED: has_ridder=1 Lambda=0.00e+00
RIDDER IC DEBUG: model_type=2 f_for_ic=5.000000e+26 theta_i=2.800000e+00 phi_ini=1.400000e+27
ABOUT TO INTEGRATE: bi_size=7 has_ridder=1 Lambda=0.00e+00
DERIVS_ENTRY: call#=390000 has_ridder=1 Lambda=0.00e+00 a=2.34e-04
BG_INIT: background_solve OK

========================================
RIDDER FINAL STATE (a=1, z=0):
  rho_ridder = 2.066220e-14 Mpc^-2
  rho_tot    = 6.165139e-08 Mpc^-2
  f_ridder   = 3.351458e-07 (fraction of total)
  Omega_ridder = 0.000000 (if f ~ Omega_Lambda)
========================================

DEBUG INPUT.C: Just set model_type to 2 (should be 2)

DEBUG: Reading v3 canonical parameters...
  f_eV = 5.000000e+26 eV
  Lambda_EDE = 7.937975e-01 eV, theta_E_center = 0.00, sigma_E = 0.40
  Lambda_tail = 2.300000e-03 eV, alpha_tail = 1.00
BACKGROUND_INIT ENTERED: Lambda=0.00e+00
DEBUG BG_INIT ENTRY: model_type=2
DEBUG AFTER CHECKS: model_type=2 has_ridder=1
RIDDER DEBUG (background_init): has_ridder=1, Lambda_EDE_ridder=0.000000e+00, f_axion_ridder=1.000000e+16, theta_i_ridder=2.800000e+00, beta_ridder=0.000000e+00
BG_INIT: entering background_checks
BG_INIT: background_checks OK
RIDDER FREEZE FLAG (from input): ridder_freeze_phi = 0, force_damping = 1.000e+00
DEBUG SHOOTING CHECK: has_ridder=1, model_type=2 (unified=1), use_shooting_EDE=0
BG_INIT: entering background_solve
BACKGROUND_SOLVE ENTERED: has_ridder=1 Lambda=0.00e+00
RIDDER IC DEBUG: model_type=2 f_for_ic=5.000000e+26 theta_i=2.800000e+00 phi_ini=1.400000e+27
ABOUT TO INTEGRATE: bi_size=7 has_ridder=1 Lambda=0.00e+00
DERIVS_ENTRY: call#=395000 has_ridder=1 Lambda=0.00e+00 a=1.90e-02
BG_INIT: background_solve OK

========================================
RIDDER FINAL STATE (a=1, z=0):
  rho_ridder = 2.173468e-14 Mpc^-2
  rho_tot    = 6.462737e-08 Mpc^-2
  f_ridder   = 3.363076e-07 (fraction of total)
  Omega_ridder = 0.000000 (if f ~ Omega_Lambda)
========================================

DEBUG INPUT.C: Just set model_type to 2 (should be 2)

DEBUG: Reading v3 canonical parameters...
  f_eV = 5.000000e+26 eV
  Lambda_EDE = 9.198395e-01 eV, theta_E_center = 0.00, sigma_E = 0.40
  Lambda_tail = 2.300000e-03 eV, alpha_tail = 1.00
BACKGROUND_INIT ENTERED: Lambda=0.00e+00
DEBUG BG_INIT ENTRY: model_type=2
DEBUG AFTER CHECKS: model_type=2 has_ridder=1
RIDDER DEBUG (background_init): has_ridder=1, Lambda_EDE_ridder=0.000000e+00, f_axion_ridder=1.000000e+16, theta_i_ridder=2.800000e+00, beta_ridder=0.000000e+00
BG_INIT: entering background_checks
BG_INIT: background_checks OK
RIDDER FREEZE FLAG (from input): ridder_freeze_phi = 0, force_damping = 1.000e+00
DEBUG SHOOTING CHECK: has_ridder=1, model_type=2 (unified=1), use_shooting_EDE=0
BG_INIT: entering background_solve
BACKGROUND_SOLVE ENTERED: has_ridder=1 Lambda=0.00e+00
RIDDER IC DEBUG: model_type=2 f_for_ic=5.00000[mcmc] Progress @ 2025-11-26 18:55:03 : 2987 steps taken, and 310 accepted.
0e+26 theta_i=2.800000e+00 phi_ini=1.400000e+27
ABOUT TO INTEGRATE: bi_size=7 has_ridder=1 Lambda=0.00e+00
DERIVS_ENTRY: call#=400000 has_ridder=1 Lambda=0.00e+00 a=6.70e-01
BG_INIT: background_solve OK

========================================
RIDDER FINAL STATE (a=1, z=0):
  rho_ridder = 1.525655e-14 Mpc^-2
  rho_tot    = 6.530957e-08 Mpc^-2
  f_ridder   = 2.336035e-07 (fraction of total)
  Omega_ridder = 0.000000 (if f ~ Omega_Lambda)
========================================

DEBUG INPUT.C: Just set model_type to 2 (should be 2)

DEBUG: Reading v3 canonical parameters...
  f_eV = 5.000000e+26 eV
  Lambda_EDE = 8.748340e-01 eV, theta_E_center = 0.00, sigma_E = 0.40
  Lambda_tail = 2.300000e-03 eV, alpha_tail = 1.00
BACKGROUND_INIT ENTERED: Lambda=0.00e+00
DEBUG BG_INIT ENTRY: model_type=2
DEBUG AFTER CHECKS: model_type=2 has_ridder=1
RIDDER DEBUG (background_init): has_ridder=1, Lambda_EDE_ridder=0.000000e+00, f_axion_ridder=1.000000e+16, theta_i_ridder=2.800000e+00, beta_ridder=0.000000e+00
BG_INIT: entering background_checks
BG_INIT: background_checks OK
RIDDER FREEZE FLAG (from input): ridder_freeze_phi = 0, force_damping = 1.000e+00
DEBUG SHOOTING CHECK: has_ridder=1, model_type=2 (unified=1), use_shooting_EDE=0
BG_INIT: entering background_solve
BACKGROUND_SOLVE ENTERED: has_ridder=1 Lambda=0.00e+00
RIDDER IC DEBUG: model_type=2 f_for_ic=5.000000e+26 theta_i=2.800000e+00 phi_ini=1.400000e+27
ABOUT TO INTEGRATE: bi_size=7 has_ridder=1 Lambda=0.00e+00
BG_INIT: background_solve OK

========================================
RIDDER FINAL STATE (a=1, z=0):
  rho_ridder = 1.337845e-14 Mpc^-2
  rho_tot    = 6.613854e-08 Mpc^-2
  f_ridder   = 2.022791e-07 (fraction of total)
  Omega_ridder = 0.000000 (if f ~ Omega_Lambda)
========================================

DEBUG INPUT.C: Just set model_type to 2 (should be 2)

DEBUG: Reading v3 canonical parameters...
  f_eV = 5.000000e+26 eV
  Lambda_EDE = 7.587274e-01 eV, theta_E_center = 0.00, sigma_E = 0.40
  Lambda_tail = 2.300000e-03 eV, alpha_tail = 1.00
BACKGROUND_INIT ENTERED: Lambda=0.00e+00
DEBUG BG_INIT ENTRY: model_type=2
DEBUG AFTER CHECKS: model_type=2 has_ridder=1
RIDDER DEBUG (background_init): has_ridder=1, Lambda_EDE_ridder=0.000000e+00, f_axion_ridder=1.000000e+16, theta_i_ridder=2.800000e+00, beta_ridder=0.000000e+00
BG_INIT: entering background_checks
BG_INIT: background_checks OK
RIDDER FREEZE FLAG (from input): ridder_freeze_phi = 0, force_damping = 1.000e+00
DEBUG SHOOTING CHECK: has_ridder=1, model_type=2 (unified=1), use_shooting_EDE=0
BG_INIT: entering background_solve
BACKGROUND_SOLVE ENTERED: has_ridder=1 Lambda=0.00e+00
RIDDER IC DEBUG: model_type=2 f_for_ic=5.000000e+26 theta_i=2.800000e+00 phi_ini=1.400000e+27
ABOUT TO INTEGRATE: bi_size=7 has_ridder=1 Lambda=0.00e+00
DERIVS_ENTRY: call#=405000 has_ridder=1 Lambda=0.00e+00 a=2.04e-05
BG_INIT: background_solve OK

========================================
RIDDER FINAL STATE (a=1, z=0):
  rho_ridder = 2.387943e-14 Mpc^-2
  rho_tot    = 6.268455e-08 Mpc^-2
  f_ridder   = 3.809461e-07 (fraction of total)
  Omega_ridder = 0.000000 (if f ~ Omega_Lambda)
========================================

DEBUG INPUT.C: Just set model_type to 2 (should be 2)

DEBUG: Reading v3 canonical parameters...
  f_eV = 5.000000e+26 eV
  Lambda_EDE = 5.334891e-01 eV, theta_E_center = 0.00, sigma_E = 0.40
  Lambda_tail = 2.300000e-03 eV, alpha_tail = 1.00
BACKGROUND_INIT ENTERED: Lambda=0.00e+00
DEBUG BG_INIT ENTRY: model_type=2
DEBUG AFTER CHECKS: model_type=2 has_ridder=1
RIDDER DEBUG (background_init): has_ridder=1, Lambda_EDE_ridder=0.000000e+00, f_axion_ridder=1.000000e+16, theta_i_ridder=2.800000e+00, beta_ridder=0.000000e+00
BG_INIT: entering background_checks
BG_INIT: background_checks OK
RIDDER FREEZE FLAG (from input): ridder_freeze_phi = 0, force_damping = 1.000e+00
DEBUG SHOOTING CHECK: has_ridder=1, model_type=2 (unified=1), use_shooting_EDE=0
BG_INIT: entering background_solve
BACKGROUND_SOLVE ENTERED: has_ridder=1 Lambda=0.00e+00
RIDDER IC DEBUG: model_type=2 f_for_ic=5.000000e+26 theta_i=2.800000e+00 phi_ini=1.400000e+27
ABOUT TO INTEGRATE: bi_size=7 has_ridder=1 Lambda=0.00e+00
DERIVS_ENTRY: call#=410000 has_ridder=1 Lambda=0.00e+00 a=2.71e-02
BG_INIT: background_solve OK

========================================
RIDDER FINAL STATE (a=1, z=0):
  rho_ridder = 1.971026e-14 Mpc^-2
  rho_tot    = 6.458016e-08 Mpc^-2
  f_ridder   = 3.052061e-07 (fraction of total)
  Omega_ridder = 0.000000 (if f ~ Omega_Lambda)
========================================

DEBUG INPUT.C: Just set model_type to 2 (should be 2)

DEBUG: Reading v3 canonical parameters...
  f_eV = 5.000000e+26 eV
  Lambda_EDE = 8.061681e-01 eV, theta_E_center = 0.00, sigma_E = 0.40
  Lambda_tail = 2.300000e-03 eV, alpha_tail = 1.00
BACKGROUND_INIT ENTERED: Lambda=0.00e+00
DEBUG BG_INIT ENTRY: model_type=2
DEBUG AFTER CHECKS: model_type=2 has_ridder=1
RIDDER DEBUG (background_init): has_ridder=1, Lambda_EDE_ridder=0.000000e+00, f_axion_ridder=1.000000e+16, theta_i_ridder=2.800000e+00, beta_ridder=0.000000e+00
BG_INIT: entering background_checks
BG_INIT: background_checks OK
RIDDER FREEZE FLAG (from input): ridder_freeze_phi = 0, force_damping = 1.000e+00
DEBUG SHOOTING CHECK: has_ridder=1, model_type=2 (unified=1), use_shooting_EDE=0
BG_INIT: entering background_solve
BACKGROUND_SOLVE ENTERED: has_ridder=1 Lambda=0.00e+00
RIDDER IC DEBUG: model_type=2 f_for_ic=5.000000e+26 theta_i=2.800000e+00 phi_ini=1.400000e+27
ABOUT TO INTEGRATE: bi_size=7 has_ridder=1 Lambda=0.00e+00
BG_INIT: background_solve OK

========================================
RIDDER FINAL STATE (a=1, z=0):
  rho_ridder = 1.817383e-14 Mpc^-2
  rho_tot    = 6.474246e-08 Mpc^-2
  f_ridder   = 2.807096e-07 (fraction of total)
  Omega_ridder = 0.000000 (if f ~ Omega_Lambda)
========================================

DEBUG INPUT.C: Just set model_type to 2 (should be 2)

DEBUG: Reading v3 canonical parameters...
  f_eV = 5.000000e+26 eV
  Lambda_EDE = 7.430465e-01 eV, theta_E_center = 0.00, sigma_E = 0.40
  Lambda_tail = 2.300000e-03 eV, alpha_tail = 1.00
BACKGROUND_INIT ENTERED: Lambda=0.00e+00
DEBUG BG_INIT ENTRY: model_type=2
DEBUG AFTER CHECKS: model_type=2 has_ridder=1
RIDDER DEBUG (background_init): has_ridder=1, Lambda_EDE_ridder=0.000000e+00, f_axion_ridder=1.000000e+16, theta_i_ridder=2.800000e+00, beta_ridder=0.000000e+00
BG_INIT: entering background_checks
BG_INIT: background_checks OK
RIDDER FREEZE FLAG (from input): ridder_freeze_phi = 0, force_damping = 1.000e+00
DEBUG SHOOTING CHECK: has_ridder=1, model_type=2 (unified=1), use_shooting_EDE=0
BG_INIT: entering background_solve
BACKGROUND_SOLVE ENTERED: has_ridder=1 Lambda=0.00e+00
RIDDER IC DEBUG: model_type=2 f_for_ic=5.000000e+26 theta_i=2.800000e+00 phi_ini=1.400000e+27
ABOUT TO INTEGRATE: bi_size=7 has_ridder=1 Lambda=0.00e+00
DERIVS_ENTRY: call#=415000 has_ridder=1 Lambda=0.00e+00 a=2.95e-12
BG_INIT: background_solve OK

========================================
RIDDER FINAL STATE (a=1, z=0):
  rho_ridder = 2.005957e-14 Mpc^-2
  rho_tot    = 6.303572e-08 Mpc^-2
  f_ridder   = 3.182255e-07 (fraction of total)
  Omega_ridder = 0.000000 (if f ~ Omega_Lambda)
========================================

DEBUG INPUT.C: Just set model_type to 2 (should be 2)

DEBUG: Reading v3 canonical parameters...
  f_eV = 5.000000e+26 eV
  Lambda_EDE = 8.150054e-01 eV, theta_E_center = 0.00, sigma_E = 0.40
  Lambda_tail = 2.300000e-03 eV, alpha_tail = 1.00
BACKGROUND_INIT ENTERED: Lambda=0.00e+00
DEBUG BG_INIT ENTRY: model_type=2
DEBUG AFTER CHECKS: model_type=2 has_ridder=1
RIDDER DEBUG (background_init): has_ridder=1, Lambda_EDE_ridder=0.000000e+00, f_axion_ridder=1.000000e+16, theta_i_ridder=2.800000e+00, beta_ridder=0.000000e+00
BG_INIT: entering background_checks
BG_INIT: background_checks OK
RIDDER FREEZE FLAG (from input): ridder_freeze_phi = 0, force_damping = 1.000e+00
DEBUG SHOOTING CHECK: has_ridder=1, model_type=2 (unified=1), use_shooting_EDE=0
BG_INIT: entering background_solve
BACKGROUND_SOLVE ENTERED: has_ridder=1 Lambda=0.00e+00
RIDDER IC DEBUG: model_type=2 f_for_ic=5.000000e+26 theta_i=2.800000e+00 phi_ini=1.400000e+27
ABOUT TO INTEGRATE: bi_size=7 has_[mcmc] Progress @ 2025-11-26 18:56:10 : 3228 steps taken, and 336 accepted.
ridder=1 Lambda=0.00e+00
DERIVS_ENTRY: call#=420000 has_ridder=1 Lambda=0.00e+00 a=7.04e-04
BG_INIT: background_solve OK

========================================
RIDDER FINAL STATE (a=1, z=0):
  rho_ridder = 1.377824e-14 Mpc^-2
  rho_tot    = 6.458715e-08 Mpc^-2
  f_ridder   = 2.133279e-07 (fraction of total)
  Omega_ridder = 0.000000 (if f ~ Omega_Lambda)
========================================

DEBUG INPUT.C: Just set model_type to 2 (should be 2)

DEBUG: Reading v3 canonical parameters...
  f_eV = 5.000000e+26 eV
  Lambda_EDE = 8.542436e-01 eV, theta_E_center = 0.00, sigma_E = 0.40
  Lambda_tail = 2.300000e-03 eV, alpha_tail = 1.00
BACKGROUND_INIT ENTERED: Lambda=0.00e+00
DEBUG BG_INIT ENTRY: model_type=2
DEBUG AFTER CHECKS: model_type=2 has_ridder=1
RIDDER DEBUG (background_init): has_ridder=1, Lambda_EDE_ridder=0.000000e+00, f_axion_ridder=1.000000e+16, theta_i_ridder=2.800000e+00, beta_ridder=0.000000e+00
BG_INIT: entering background_checks
BG_INIT: background_checks OK
RIDDER FREEZE FLAG (from input): ridder_freeze_phi = 0, force_damping = 1.000e+00
DEBUG SHOOTING CHECK: has_ridder=1, model_type=2 (unified=1), use_shooting_EDE=0
BG_INIT: entering background_solve
BACKGROUND_SOLVE ENTERED: has_ridder=1 Lambda=0.00e+00
RIDDER IC DEBUG: model_type=2 f_for_ic=5.000000e+26 theta_i=2.800000e+00 phi_ini=1.400000e+27
ABOUT TO INTEGRATE: bi_size=7 has_ridder=1 Lambda=0.00e+00
DERIVS_ENTRY: call#=425000 has_ridder=1 Lambda=0.00e+00 a=4.63e-02
BG_INIT: background_solve OK

========================================
RIDDER FINAL STATE (a=1, z=0):
  rho_ridder = 1.014039e-14 Mpc^-2
  rho_tot    = 6.568483e-08 Mpc^-2
  f_ridder   = 1.543794e-07 (fraction of total)
  Omega_ridder = 0.000000 (if f ~ Omega_Lambda)
========================================

DEBUG INPUT.C: Just set model_type to 2 (should be 2)

DEBUG: Reading v3 canonical parameters...
  f_eV = 5.000000e+26 eV
  Lambda_EDE = 8.665635e-01 eV, theta_E_center = 0.00, sigma_E = 0.40
  Lambda_tail = 2.300000e-03 eV, alpha_tail = 1.00
BACKGROUND_INIT ENTERED: Lambda=0.00e+00
DEBUG BG_INIT ENTRY: model_type=2
DEBUG AFTER CHECKS: model_type=2 has_ridder=1
RIDDER DEBUG (background_init): has_ridder=1, Lambda_EDE_ridder=0.000000e+00, f_axion_ridder=1.000000e+16, theta_i_ridder=2.800000e+00, beta_ridder=0.000000e+00
BG_INIT: entering background_checks
BG_INIT: background_checks OK
RIDDER FREEZE FLAG (from input): ridder_freeze_phi = 0, force_damping = 1.000e+00
DEBUG SHOOTING CHECK: has_ridder=1, model_type=2 (unified=1), use_shooting_EDE=0
BG_INIT: entering background_solve
BACKGROUND_SOLVE ENTERED: has_ridder=1 Lambda=0.00e+00
RIDDER IC DEBUG: model_type=2 f_for_ic=5.000000e+26 theta_i=2.800000e+00 phi_ini=1.400000e+27
ABOUT TO INTEGRATE: bi_size=7 has_ridder=1 Lambda=0.00e+00
BG_INIT: background_solve OK

========================================
RIDDER FINAL STATE (a=1, z=0):
  rho_ridder = 1.035848e-14 Mpc^-2
  rho_tot    = 6.693764e-08 Mpc^-2
  f_ridder   = 1.547483e-07 (fraction of total)
  Omega_ridder = 0.000000 (if f ~ Omega_Lambda)
========================================

DEBUG INPUT.C: Just set model_type to 2 (should be 2)

DEBUG: Reading v3 canonical parameters...
  f_eV = 5.000000e+26 eV
  Lambda_EDE = 8.295818e-01 eV, theta_E_center = 0.00, sigma_E = 0.40
  Lambda_tail = 2.300000e-03 eV, alpha_tail = 1.00
BACKGROUND_INIT ENTERED: Lambda=0.00e+00
DEBUG BG_INIT ENTRY: model_type=2
DEBUG AFTER CHECKS: model_type=2 has_ridder=1
RIDDER DEBUG (background_init): has_ridder=1, Lambda_EDE_ridder=0.000000e+00, f_axion_ridder=1.000000e+16, theta_i_ridder=2.800000e+00, beta_ridder=0.000000e+00
BG_INIT: entering background_checks
BG_INIT: background_checks OK
RIDDER FREEZE FLAG (from input): ridder_freeze_phi = 0, force_damping = 1.000e+00
DEBUG SHOOTING CHECK: has_ridder=1, model_type=2 (unified=1), use_shooting_EDE=0
BG_INIT: entering background_solve
BACKGROUND_SOLVE ENTERED: has_ridder=1 Lambda=0.00e+00
RIDDER IC DEBUG: model_type=2 f_for_ic=5.000000e+26 theta_i=2.800000e+00 phi_ini=1.400000e+27
ABOUT TO INTEGRATE: bi_size=7 has_ridder=1 Lambda=0.00e+00
DERIVS_ENTRY: call#=430000 has_ridder=1 Lambda=0.00e+00 a=4.74e-12
BG_INIT: background_solve OK

========================================
RIDDER FINAL STATE (a=1, z=0):
  rho_ridder = 1.427216e-14 Mpc^-2
  rho_tot    = 6.080636e-08 Mpc^-2
  f_ridder   = 2.347149e-07 (fraction of total)
  Omega_ridder = 0.000000 (if f ~ Omega_Lambda)
========================================

DEBUG INPUT.C: Just set model_type to 2 (should be 2)

DEBUG: Reading v3 canonical parameters...
  f_eV = 5.000000e+26 eV
  Lambda_EDE = 7.532677e-01 eV, theta_E_center = 0.00, sigma_E = 0.40
  Lambda_tail = 2.300000e-03 eV, alpha_tail = 1.00
BACKGROUND_INIT ENTERED: Lambda=0.00e+00
DEBUG BG_INIT ENTRY: model_type=2
DEBUG AFTER CHECKS: model_type=2 has_ridder=1
RIDDER DEBUG (background_init): has_ridder=1, Lambda_EDE_ridder=0.000000e+00, f_axion_ridder=1.000000e+16, theta_i_ridder=2.800000e+00, beta_ridder=0.000000e+00
BG_INIT: entering background_checks
BG_INIT: background_checks OK
RIDDER FREEZE FLAG (from input): ridder_freeze_phi = 0, force_damping = 1.000e+00
DEBUG SHOOTING CHECK: has_ridder=1, model_type=2 (unified=1), use_shooting_EDE=0
BG_INIT: entering background_solve
BACKGROUND_SOLVE ENTERED: has_ridder=1 Lambda=0.00e+00
RIDDER IC DEBUG: model_type=2 f_for_ic=5.000000e+26 theta_i=2.800000e+00 phi_ini=1.400000e+27
ABOUT TO INTEGRATE: bi_size=7 has_ridder=1 Lambda=0.00e+00
DERIVS_ENTRY: call#=435000 has_ridder=1 Lambda=0.00e+00 a=7.98e-04
BG_INIT: background_solve OK

========================================
RIDDER FINAL STATE (a=1, z=0):
  rho_ridder = 1.544598e-14 Mpc^-2
  rho_tot    = 6.417215e-08 Mpc^-2
  f_ridder   = 2.406960e-07 (fraction of total)
  Omega_ridder = 0.000000 (if f ~ Omega_Lambda)
========================================

DEBUG INPUT.C: Just set model_type to 2 (should be 2)

DEBUG: Reading v3 canonical parameters...
  f_eV = 5.000000e+26 eV
  Lambda_EDE = 8.222750e-01 eV, theta_E_center = 0.00, sigma_E = 0.40
  Lambda_tail = 2.300000e-03 eV, alpha_tail = 1.00
BACKGROUND_INIT ENTERED: Lambda=0.00e+00
DEBUG BG_INIT ENTRY: model_type=2
DEBUG AFTER CHECKS: model_type=2 has_ridder=1
RIDDER DEBUG (background_init): has_ridder=1, Lambda_EDE_ridder=0.000000e+00, f_axion_ridder=1.000000e+16, theta_i_ridder=2.800000e+00, beta_ridder=0.000000e+00
BG_INIT: entering background_checks
BG_INIT: background_checks OK
RIDDER FREEZE FLAG (from input): ridder_freeze_phi = 0, force_damping = 1.000e+00
DEBUG SHOOTING CHECK: has_ridder=1, model_type=2 (unified=1), use_shooting_EDE=0
BG_INIT: entering background_solve
BACKGROUND_SOLVE ENTERED: has_ridder=1 Lambda=0.00e+00
RIDDER IC DEBUG: model_type=2 f_for_ic=5.000000e+26 theta_i=2.800000e+00 phi_ini=1.400000e+27
ABOUT TO INTEGRATE: bi_size=7 has_ridder=1 Lambda=0.00e+00
DERIVS_ENTRY: call#=440000 has_ridder=1 Lambda=0.00e+00 a=7.85e-02
BG_INIT: background_solve OK

========================================
RIDDER FINAL STATE (a=1, z=0):
  rho_ridder = 1.436501e-14 Mpc^-2
  rho_tot    = 6.588495e-08 Mpc^-2
  f_ridder   = 2.180317e-07 (fraction of total)
  Omega_ridder = 0.000000 (if f ~ Omega_Lambda)
========================================

DEBUG INPUT.C: Just set model_type to 2 (should be 2)

DEBUG: Reading v3 canonical parameters...
  f_eV = 5.000000e+26 eV
  Lambda_EDE = 8.341678e-01 eV, theta_E_center = 0.00, sigma_E = 0.40
  Lambda_tail = 2.300000e-03 eV, alpha_tail = 1.00
BACKGROUND_INIT ENTERED: Lambda=0.00e+00
DEBUG BG_INIT ENTRY: model_type=2
DEBUG AFTER CHECKS: model_type=2 has_ridder=1
RIDDER DEBUG (background_init): has_ridder=1, Lambda_EDE_ridder=0.000000e+00, f_axion_ridder=1.000000e+16, theta_i_ridder=2.800000e+00, beta_ridder=0.000000e+00
BG_INIT: entering background_checks
BG_INIT: background_checks OK
RIDDER FREEZE FLAG (from input): ridder_freeze_phi = 0, force_damping = 1.000e+00
DEBUG SHOOTING CHECK: has_ridder=1, model_type=2 (unified=1), use_shooting_EDE=0
BG_INIT: entering background_solve
BACKGROUND_SOLVE ENTERED: has_ridder=1 Lambda=0.00e+00
RIDDER IC DEBUG: model_type=2 f_for_ic=5.000000e+26 theta_i=2.800000e+00 phi_ini=1.400000e+27
ABOUT TO INTEGRATE: bi_size=7 has_ridder=1 Lambda=0.00e+00
BG_INIT: background_solve OK

========================================
RIDDER FINAL STATE (a=1, z=0):
  rho_ridder = 1.160551e-14 Mpc^-2
  rho_tot    = 6.654173e-08 Mpc^-2
  f_ridder   = 1.744095e-07 (fraction of total)
  Omega_ridder = 0.000000 (if f ~ Omega_Lambda)
========================================

DEBUG INPUT.C: Just set model_type to 2 (should be 2)

DEBUG: Reading v3 canonical parameters...
  f_eV = 5.000000e+26 eV
  Lambda_EDE = 6.864730e-01 eV, theta_E_center = 0.00, sigma_E = 0.40
  Lambda_tail = 2.300000e-03 eV, alpha_tail = 1.00
BACKGROUND_INIT ENTERED: Lambda=0.00e+00
DEBUG BG_INIT ENTRY: model_type=2
DEBUG AFTER CHECKS: model_type=2 has_ridder=1
RIDDER DEBUG (background_init): has_ridder=1, Lambda_EDE_ridder=0.000000e+00, f_axion_ridder=1.000000e+16, theta_i_ridder=2.800000e+00, beta_ridder=0.000000e+00
BG_INIT: entering background_checks
BG_INIT: background_checks OK
RIDDER FREEZE FLAG (from input): ridder_freeze_phi = 0, force_damping = 1.000e+00
DEBUG SHOOTING CHECK: has_ridder=1, model_type=2 (unified=1), use_shooting_EDE=0
BG_INIT: entering background_solve
BACKGROUND_SOLVE ENTERED: has_ridder=1 Lambda=0.00e+00
RIDDER IC DEBUG: model_type=2 f_for_ic=5.000000e+26 theta_i=2.800000e+00 phi_ini=1.400000e+27
ABOUT TO INTEGRATE: bi_size=7 has_ridder=1 Lambda=0.00e+00
DERIVS_ENTRY: call#=445000 has_ridder=1 Lambda=0.00e+00 a=1.34e-10
BG_INIT: background_solve OK

========================================
RIDDER FINAL STATE (a=1, z=0):
  rho_ridder = 2.890064e-14 Mpc^-2
  rho_tot    = 7.430930e-08 Mpc^-2
  f_ridder   = 3.889236e-07 (fraction of total)
  Omega_ridder = 0.000000 (if f ~ Omega_Lambda)
========================================

DEBUG INPUT.C: Just set model_type to 2 (should be 2)

DEBUG: Reading v3 canonical parameters...
  f_eV = 5.000000e+26 eV
  Lambda_EDE = 8.104089e-01 eV, theta_E_center = 0.00, sigma_E = 0.40
  Lambda_tail = 2.300000e-03 eV, alpha_tail = 1.00
BACKGROUND_INIT ENTERED: Lambda=0.00e+00
DEBUG BG_INIT ENTRY: model_type=2
DEBUG AFTER CHECKS: model_type=2 has_ridder=1
RIDDER DEBUG (background_init): has_ridder=1, Lambda_EDE_ridder=0.000000e+00, f_axion_ridder=1.000000e+16, theta_i_ridder=2.800000e+00, beta_ridder=0.000000e+00
BG_INIT: entering background_checks
BG_INIT: background_checks OK
RIDDER FREEZE FLAG (from input): ridder_freeze_phi = 0, force_damping = 1.000e+00
DEBUG SHOOTING CHECK: has_ridder=1, model_type=2 (unified=1), use_shooting_EDE=0
BG_INIT: entering background_solve
BACKGROUND_SOLVE ENTERED: has_ridder=1 Lambda=0.00e+00
RIDDER IC DEBUG: model_type=2 f_for_ic=5.000000e+26 theta_i=2.800000e+00 phi_ini=1.400000e+27
ABOUT TO INTEGRATE: bi_size=7 has_ridder=1 Lambda=0.00e+00
DERIVS_ENTRY: call#=450000 has_ridder=1 Lambda=0.00e+00 a=3.39e-03
BG_INIT: background_solve OK

========================================
RIDDER FINAL STATE (a=1, z=0):
  rho_ridder = 1.694036e-14 Mpc^-2
  rho_tot    = 6.593076e-08 Mpc^-2
  f_ridder   = 2.569418e-07 (fraction of total)
  Omega_ridder = 0.000000 (if f ~ Omega_Lambda)
========================================

DEBUG INPUT.C: Just set model_type to 2 (should be 2)

DEBUG: Reading v3 canonical parameters...
  f_eV = 5.000000e+26 eV
  Lambda_EDE = 8.760373e-01 eV, theta_E_center = 0.00, sigma_E = 0.40
  Lambda_tail = 2.300000e-03 eV, alpha_tail = 1.00
BACKGROUND_INIT ENTERED: Lambda=0.00e+00
DEBUG BG_INIT ENTRY: model_type=2
DEBUG AFTER CHECKS: model_type=2 has_ridder=1
RIDDER DEBUG (background_init): has_ridder=1, Lambda_EDE_ridder=0.000000e+00, f_axion_ridder=1.000000e+16, theta_i_ridder=2.800000e+00, beta_ridder=0.000000e+00
BG_INIT: entering background_checks
BG_INIT: background_checks OK
RIDDER FREEZE FLAG (from input): ridder_freeze_phi = 0, force_damping = 1.000e+00
DEBUG SHOOTING CHECK: has_ridder=1, model_type=2 (unified=1), use_shooting_EDE=0
BG_INIT: entering background_solve
BACKGROUND_SOLVE ENTERED: has_ridder=1 Lambda=0.00e+00
RIDDER IC DEBUG: model_type=2 f_for_ic=5.000000e+26 theta_i=2.800000e+00 phi_ini=1.400000e+27
ABOUT TO INTEGRATE: bi_size=7 has_ridder=1 Lambda=0.00e+00
DERIVS_ENTRY: call#=455000 has_[mcmc] Progress @ 2025-11-26 18:57:10 : 3492 steps taken, and 365 accepted.
ridder=1 Lambda=0.00e+00 a=1.35e-01
BG_INIT: background_solve OK

========================================
RIDDER FINAL STATE (a=1, z=0):
  rho_ridder = 1.029054e-14 Mpc^-2
  rho_tot    = 6.747193e-08 Mpc^-2
  f_ridder   = 1.525159e-07 (fraction of total)
  Omega_ridder = 0.000000 (if f ~ Omega_Lambda)
========================================

DEBUG INPUT.C: Just set model_type to 2 (should be 2)

DEBUG: Reading v3 canonical parameters...
  f_eV = 5.000000e+26 eV
  Lambda_EDE = 8.274232e-01 eV, theta_E_center = 0.00, sigma_E = 0.40
  Lambda_tail = 2.300000e-03 eV, alpha_tail = 1.00
BACKGROUND_INIT ENTERED: Lambda=0.00e+00
DEBUG BG_INIT ENTRY: model_type=2
DEBUG AFTER CHECKS: model_type=2 has_ridder=1
RIDDER DEBUG (background_init): has_ridder=1, Lambda_EDE_ridder=0.000000e+00, f_axion_ridder=1.000000e+16, theta_i_ridder=2.800000e+00, beta_ridder=0.000000e+00
BG_INIT: entering background_checks
BG_INIT: background_checks OK
RIDDER FREEZE FLAG (from input): ridder_freeze_phi = 0, force_damping = 1.000e+00
DEBUG SHOOTING CHECK: has_ridder=1, model_type=2 (unified=1), use_shooting_EDE=0
BG_INIT: entering background_solve
BACKGROUND_SOLVE ENTERED: has_ridder=1 Lambda=0.00e+00
RIDDER IC DEBUG: model_type=2 f_for_ic=5.000000e+26 theta_i=2.800000e+00 phi_ini=1.400000e+27
ABOUT TO INTEGRATE: bi_size=7 has_ridder=1 Lambda=0.00e+00
BG_INIT: background_solve OK

========================================
RIDDER FINAL STATE (a=1, z=0):
  rho_ridder = 1.335087e-14 Mpc^-2
  rho_tot    = 6.561754e-08 Mpc^-2
  f_ridder   = 2.034650e-07 (fraction of total)
  Omega_ridder = 0.000000 (if f ~ Omega_Lambda)
========================================

DEBUG INPUT.C: Just set model_type to 2 (should be 2)

DEBUG: Reading v3 canonical parameters...
  f_eV = 5.000000e+26 eV
  Lambda_EDE = 8.666331e-01 eV, theta_E_center = 0.00, sigma_E = 0.40
  Lambda_tail = 2.300000e-03 eV, alpha_tail = 1.00
BACKGROUND_INIT ENTERED: Lambda=0.00e+00
DEBUG BG_INIT ENTRY: model_type=2
DEBUG AFTER CHECKS: model_type=2 has_ridder=1
RIDDER DEBUG (background_init): has_ridder=1, Lambda_EDE_ridder=0.000000e+00, f_axion_ridder=1.000000e+16, theta_i_ridder=2.800000e+00, beta_ridder=0.000000e+00
BG_INIT: entering background_checks
BG_INIT: background_checks OK
RIDDER FREEZE FLAG (from input): ridder_freeze_phi = 0, force_damping = 1.000e+00
DEBUG SHOOTING CHECK: has_ridder=1, model_type=2 (unified=1), use_shooting_EDE=0
BG_INIT: entering background_solve
BACKGROUND_SOLVE ENTERED: has_ridder=1 Lambda=0.00e+00
RIDDER IC DEBUG: model_type=2 f_for_ic=5.000000e+26 theta_i=2.800000e+00 phi_ini=1.400000e+27
ABOUT TO INTEGRATE: bi_size=7 has_ridder=1 Lambda=0.00e+00
DERIVS_ENTRY: call#=460000 has_ridder=1 Lambda=0.00e+00 a=1.70e-08
BG_INIT: background_solve OK

========================================
RIDDER FINAL STATE (a=1, z=0):
  rho_ridder = 1.668700e-14 Mpc^-2
  rho_tot    = 6.327822e-08 Mpc^-2
  f_ridder   = 2.637084e-07 (fraction of total)
  Omega_ridder = 0.000000 (if f ~ Omega_Lambda)
========================================

DEBUG INPUT.C: Just set model_type to 2 (should be 2)

DEBUG: Reading v3 canonical parameters...
  f_eV = 5.000000e+26 eV
  Lambda_EDE = 8.754670e-01 eV, theta_E_center = 0.00, sigma_E = 0.40
  Lambda_tail = 2.300000e-03 eV, alpha_tail = 1.00
BACKGROUND_INIT ENTERED: Lambda=0.00e+00
DEBUG BG_INIT ENTRY: model_type=2
DEBUG AFTER CHECKS: model_type=2 has_ridder=1
RIDDER DEBUG (background_init): has_ridder=1, Lambda_EDE_ridder=0.000000e+00, f_axion_ridder=1.000000e+16, theta_i_ridder=2.800000e+00, beta_ridder=0.000000e+00
BG_INIT: entering background_checks
BG_INIT: background_checks OK
RIDDER FREEZE FLAG (from input): ridder_freeze_phi = 0, force_damping = 1.000e+00
DEBUG SHOOTING CHECK: has_ridder=1, model_type=2 (unified=1), use_shooting_EDE=0
BG_INIT: entering background_solve
BACKGROUND_SOLVE ENTERED: has_ridder=1 Lambda=0.00e+00
RIDDER IC DEBUG: model_type=2 f_for_ic=5.000000e+26 theta_i=2.800000e+00 phi_ini=1.400000e+27
ABOUT TO INTEGRATE: bi_size=7 has_ridder=1 Lambda=0.00e+00
DERIVS_ENTRY: call#=465000 has_ridder=1 Lambda=0.00e+00 a=3.20e-03
BG_INIT: background_solve OK

========================================
RIDDER FINAL STATE (a=1, z=0):
  rho_ridder = 1.119175e-14 Mpc^-2
  rho_tot    = 6.302956e-08 Mpc^-2
  f_ridder   = 1.775636e-07 (fraction of total)
  Omega_ridder = 0.000000 (if f ~ Omega_Lambda)
========================================

DEBUG INPUT.C: Just set model_type to 2 (should be 2)

DEBUG: Reading v3 canonical parameters...
  f_eV = 5.000000e+26 eV
  Lambda_EDE = 8.814091e-01 eV, theta_E_center = 0.00, sigma_E = 0.40
  Lambda_tail = 2.300000e-03 eV, alpha_tail = 1.00
BACKGROUND_INIT ENTERED: Lambda=0.00e+00
DEBUG BG_INIT ENTRY: model_type=2
DEBUG AFTER CHECKS: model_type=2 has_ridder=1
RIDDER DEBUG (background_init): has_ridder=1, Lambda_EDE_ridder=0.000000e+00, f_axion_ridder=1.000000e+16, theta_i_ridder=2.800000e+00, beta_ridder=0.000000e+00
BG_INIT: entering background_checks
BG_INIT: background_checks OK
RIDDER FREEZE FLAG (from input): ridder_freeze_phi = 0, force_damping = 1.000e+00
DEBUG SHOOTING CHECK: has_ridder=1, model_type=2 (unified=1), use_shooting_EDE=0
BG_INIT: entering background_solve
BACKGROUND_SOLVE ENTERED: has_ridder=1 Lambda=0.00e+00
RIDDER IC DEBUG: model_type=2 f_for_ic=5.000000e+26 theta_i=2.800000e+00 phi_ini=1.400000e+27
ABOUT TO INTEGRATE: bi_size=7 has_ridder=1 Lambda=0.00e+00
DERIVS_ENTRY: call#=470000 has_ridder=1 Lambda=0.00e+00 a=1.52e-01
BG_INIT: background_solve OK

========================================
RIDDER FINAL STATE (a=1, z=0):
  rho_ridder = 2.200727e-14 Mpc^-2
  rho_tot    = 6.710880e-08 Mpc^-2
  f_ridder   = 3.279341e-07 (fraction of total)
  Omega_ridder = 0.000000 (if f ~ Omega_Lambda)
========================================

DEBUG INPUT.C: Just set model_type to 2 (should be 2)

DEBUG: Reading v3 canonical parameters...
  f_eV = 5.000000e+26 eV
  Lambda_EDE = 8.213078e-01 eV, theta_E_center = 0.00, sigma_E = 0.40
  Lambda_tail = 2.300000e-03 eV, alpha_tail = 1.00
BACKGROUND_INIT ENTERED: Lambda=0.00e+00
DEBUG BG_INIT ENTRY: model_type=2
DEBUG AFTER CHECKS: model_type=2 has_ridder=1
RIDDER DEBUG (background_init): has_ridder=1, Lambda_EDE_ridder=0.000000e+00, f_axion_ridder=1.000000e+16, theta_i_ridder=2.800000e+00, beta_ridder=0.000000e+00
BG_INIT: entering background_checks
BG_INIT: background_checks OK
RIDDER FREEZE FLAG (from input): ridder_freeze_phi = 0, force_damping = 1.000e+00
DEBUG SHOOTING CHECK: has_ridder=1, model_type=2 (unified=1), use_shooting_EDE=0
BG_INIT: entering background_solve
BACKGROUND_SOLVE ENTERED: has_ridder=1 Lambda=0.00e+00
RIDDER IC DEBUG: model_type=2 f_for_ic=5.000000e+26 theta_i=2.800000e+00 phi_ini=1.400000e+27
ABOUT TO INTEGRATE: bi_size=7 has_ridder=1 Lambda=0.00e+00
BG_INIT: background_solve OK

========================================
RIDDER FINAL STATE (a=1, z=0):
  rho_ridder = 1.455775e-14 Mpc^-2
  rho_tot    = 6.609685e-08 Mpc^-2
  f_ridder   = 2.202488e-07 (fraction of total)
  Omega_ridder = 0.000000 (if f ~ Omega_Lambda)
========================================

DEBUG INPUT.C: Just set model_type to 2 (should be 2)

DEBUG: Reading v3 canonical parameters...
  f_eV = 5.000000e+26 eV
  Lambda_EDE = 7.648749e-01 eV, theta_E_center = 0.00, sigma_E = 0.40
  Lambda_tail = 2.300000e-03 eV, alpha_tail = 1.00
BACKGROUND_INIT ENTERED: Lambda=0.00e+00
DEBUG BG_INIT ENTRY: model_type=2
DEBUG AFTER CHECKS: model_type=2 has_ridder=1
RIDDER DEBUG (background_init): has_ridder=1, Lambda_EDE_ridder=0.000000e+00, f_axion_ridder=1.000000e+16, theta_i_ridder=2.800000e+00, beta_ridder=0.000000e+00
BG_INIT: entering background_checks
BG_INIT: background_checks OK
RIDDER FREEZE FLAG (from input): ridder_freeze_phi = 0, force_damping = 1.000e+00
DEBUG SHOOTING CHECK: has_ridder=1, model_type=2 (unified=1), use_shooting_EDE=0
BG_INIT: entering background_solve
BACKGROUND_SOLVE ENTERED: has_ridder=1 Lambda=0.00e+00
RIDDER IC DEBUG: model_type=2 f_for_ic=5.000000e+26 theta_i=2.800000e+00 phi_ini=1.400000e+27
ABOUT TO INTEGRATE: bi_size=7 has_ridder=1 Lambda=0.00e+00
DERIVS_ENTRY: call#=475000 has_ridder=1 Lambda=0.00e+00 a=3.09e-09
BG_INIT: background_solve OK

================[mcmc] Progress @ 2025-11-26 18:58:16 : 3770 steps taken, and 394 accepted.
========================
RIDDER FINAL STATE (a=1, z=0):
  rho_ridder = 1.279942e-14 Mpc^-2
  rho_tot    = 6.127691e-08 Mpc^-2
  f_ridder   = 2.088783e-07 (fraction of total)
  Omega_ridder = 0.000000 (if f ~ Omega_Lambda)
========================================

DEBUG INPUT.C: Just set model_type to 2 (should be 2)

DEBUG: Reading v3 canonical parameters...
  f_eV = 5.000000e+26 eV
  Lambda_EDE = 6.446979e-01 eV, theta_E_center = 0.00, sigma_E = 0.40
  Lambda_tail = 2.300000e-03 eV, alpha_tail = 1.00
BACKGROUND_INIT ENTERED: Lambda=0.00e+00
DEBUG BG_INIT ENTRY: model_type=2
DEBUG AFTER CHECKS: model_type=2 has_ridder=1
RIDDER DEBUG (background_init): has_ridder=1, Lambda_EDE_ridder=0.000000e+00, f_axion_ridder=1.000000e+16, theta_i_ridder=2.800000e+00, beta_ridder=0.000000e+00
BG_INIT: entering background_checks
BG_INIT: background_checks OK
RIDDER FREEZE FLAG (from input): ridder_freeze_phi = 0, force_damping = 1.000e+00
DEBUG SHOOTING CHECK: has_ridder=1, model_type=2 (unified=1), use_shooting_EDE=0
BG_INIT: entering background_solve
BACKGROUND_SOLVE ENTERED: has_ridder=1 Lambda=0.00e+00
RIDDER IC DEBUG: model_type=2 f_for_ic=5.000000e+26 theta_i=2.800000e+00 phi_ini=1.400000e+27
ABOUT TO INTEGRATE: bi_size=7 has_ridder=1 Lambda=0.00e+00
DERIVS_ENTRY: call#=480000 has_ridder=1 Lambda=0.00e+00 a=7.84e-03
BG_INIT: background_solve OK

========================================
RIDDER FINAL STATE (a=1, z=0):
  rho_ridder = 1.294810e-14 Mpc^-2
  rho_tot    = 6.461414e-08 Mpc^-2
  f_ridder   = 2.003910e-07 (fraction of total)
  Omega_ridder = 0.000000 (if f ~ Omega_Lambda)
========================================

DEBUG INPUT.C: Just set model_type to 2 (should be 2)

DEBUG: Reading v3 canonical parameters...
  f_eV = 5.000000e+26 eV
  Lambda_EDE = 8.429189e-01 eV, theta_E_center = 0.00, sigma_E = 0.40
  Lambda_tail = 2.300000e-03 eV, alpha_tail = 1.00
BACKGROUND_INIT ENTERED: Lambda=0.00e+00
DEBUG BG_INIT ENTRY: model_type=2
DEBUG AFTER CHECKS: model_type=2 has_ridder=1
RIDDER DEBUG (background_init): has_ridder=1, Lambda_EDE_ridder=0.000000e+00, f_axion_ridder=1.000000e+16, theta_i_ridder=2.800000e+00, beta_ridder=0.000000e+00
BG_INIT: entering background_checks
BG_INIT: background_checks OK
RIDDER FREEZE FLAG (from input): ridder_freeze_phi = 0, force_damping = 1.000e+00
DEBUG SHOOTING CHECK: has_ridder=1, model_type=2 (unified=1), use_shooting_EDE=0
BG_INIT: entering background_solve
BACKGROUND_SOLVE ENTERED: has_ridder=1 Lambda=0.00e+00
RIDDER IC DEBUG: model_type=2 f_for_ic=5.000000e+26 theta_i=2.800000e+00 phi_ini=1.400000e+27
ABOUT TO INTEGRATE: bi_size=7 has_ridder=1 Lambda=0.00e+00
DERIVS_ENTRY: call#=485000 has_ridder=1 Lambda=0.00e+00 a=5.82e-01
BG_INIT: background_solve OK

========================================
RIDDER FINAL STATE (a=1, z=0):
  rho_ridder = 1.148759e-14 Mpc^-2
  rho_tot    = 6.708816e-08 Mpc^-2
  f_ridder   = 1.712313e-07 (fraction of total)
  Omega_ridder = 0.000000 (if f ~ Omega_Lambda)
========================================

DEBUG INPUT.C: Just set model_type to 2 (should be 2)

DEBUG: Reading v3 canonical parameters...
  f_eV = 5.000000e+26 eV
  Lambda_EDE = 8.084587e-01 eV, theta_E_center = 0.00, sigma_E = 0.40
  Lambda_tail = 2.300000e-03 eV, alpha_tail = 1.00
BACKGROUND_INIT ENTERED: Lambda=0.00e+00
DEBUG BG_INIT ENTRY: model_type=2
DEBUG AFTER CHECKS: model_type=2 has_ridder=1
RIDDER DEBUG (background_init): has_ridder=1, Lambda_EDE_ridder=0.000000e+00, f_axion_ridder=1.000000e+16, theta_i_ridder=2.800000e+00, beta_ridder=0.000000e+00
BG_INIT: entering background_checks
BG_INIT: background_checks OK
RIDDER FREEZE FLAG (from input): ridder_freeze_phi = 0, force_damping = 1.000e+00
DEBUG SHOOTING CHECK: has_ridder=1, model_type=2 (unified=1), use_shooting_EDE=0
BG_INIT: entering background_solve
BACKGROUND_SOLVE ENTERED: has_ridder=1 Lambda=0.00e+00
RIDDER IC DEBUG: model_type=2 f_for_ic=5.000000e+26 theta_i=2.800000e+00 phi_ini=1.400000e+27
ABOUT TO INTEGRATE: bi_size=7 has_ridder=1 Lambda=0.00e+00
BG_INIT: background_solve OK

========================================
RIDDER FINAL STATE (a=1, z=0):
  rho_ridder = 1.794595e-14 Mpc^-2
  rho_tot    = 6.553774e-08 Mpc^-2
  f_ridder   = 2.738262e-07 (fraction of total)
  Omega_ridder = 0.000000 (if f ~ Omega_Lambda)
========================================

DEBUG INPUT.C: Just set model_type to 2 (should be 2)

DEBUG: Reading v3 canonical parameters...
  f_eV = 5.000000e+26 eV
  Lambda_EDE = 8.181053e-01 eV, theta_E_center = 0.00, sigma_E = 0.40
  Lambda_tail = 2.300000e-03 eV, alpha_tail = 1.00
BACKGROUND_INIT ENTERED: Lambda=0.00e+00
DEBUG BG_INIT ENTRY: model_type=2
DEBUG AFTER CHECKS: model_type=2 has_ridder=1
RIDDER DEBUG (background_init): has_ridder=1, Lambda_EDE_ridder=0.000000e+00, f_axion_ridder=1.000000e+16, theta_i_ridder=2.800000e+00, beta_ridder=0.000000e+00
BG_INIT: entering background_checks
BG_INIT: background_checks OK
RIDDER FREEZE FLAG (from input): ridder_freeze_phi = 0, force_damping = 1.000e+00
DEBUG SHOOTING CHECK: has_ridder=1, model_type=2 (unified=1), use_shooting_EDE=0
BG_INIT: entering background_solve
BACKGROUND_SOLVE ENTERED: has_ridder=1 Lambda=0.00e+00
RIDDER IC DEBUG: model_type=2 f_for_ic=5.000000e+26 theta_i=2.800000e+00 phi_ini=1.400000e+27
ABOUT TO INTEGRATE: bi_size=7 has_ridder=1 Lambda=0.00e+00
DERIVS_ENTRY: call#=490000 has_ridder=1 Lambda=0.00e+00 a=1.30e-04
BG_INIT: background_solve OK

========================================
RIDDER FINAL STATE (a=1, z=0):
  rho_ridder = 1.533672e-14 Mpc^-2
  rho_tot    = 6.627127e-08 Mpc^-2
  f_ridder   = 2.314233e-07 (fraction of total)
  Omega_ridder = 0.000000 (if f ~ Omega_Lambda)
========================================

DEBUG INPUT.C: Just set model_type to 2 (should be 2)

DEBUG: Reading v3 canonical parameters...
  f_eV = 5.000000e+26 eV
  Lambda_EDE = 9.234363e-01 eV, theta_E_center = 0.00, sigma_E = 0.40
  Lambda_tail = 2.300000e-03 eV, alpha_tail = 1.00
BACKGROUND_INIT ENTERED: Lambda=0.00e+00
DEBUG BG_INIT ENTRY: model_type=2
DEBUG AFTER CHECKS: model_type=2 has_ridder=1
RIDDER DEBUG (background_init): has_ridder=1, Lambda_EDE_ridder=0.000000e+00, f_axion_ridder=1.000000e+16, theta_i_ridder=2.800000e+00, beta_ridder=0.000000e+00
BG_INIT: entering background_checks
BG_INIT: background_checks OK
RIDDER FREEZE FLAG (from input): ridder_freeze_phi = 0, force_damping = 1.000e+00
DEBUG SHOOTING CHECK: has_ridder=1, model_type=2 (unified=1), use_shooting_EDE=0
BG_INIT: entering background_solve
BACKGROUND_SOLVE ENTERED: has_ridder=1 Lambda=0.00e+00
RIDDER IC DEBUG: model_type=2 f_for_ic=5.000000e+26 theta_i=2.800000e+00 phi_ini=1.400000e+27
ABOUT TO INTEGRATE: bi_size=7 has_ridder=1 Lambda=0.00e+00
DERIVS_ENTRY: call#=495000 has_ridder=1 Lambda=0.00e+00 a=1.30e-02
BG_INIT: background_solve OK

========================================
RIDDER FINAL STATE (a=1, z=0):
  rho_ridder = 1.427138e-14 Mpc^-2
  rho_tot    = 6.140673e-08 Mpc^-2
  f_ridder   = 2.324074e-07 (fraction of total)
  Omega_ridder = 0.000000 (if f ~ Omega_Lambda)
========================================

DEBUG INPUT.C: Just set model_type to 2 (should be 2)

DEBUG: Reading v3 canonical parameters...
  f_eV = 5.000000e+26 eV
  Lambda_EDE = 8.083789e-01 eV, theta_E_center = 0.00, sigma_E = 0.40
  Lambda_tail = 2.300000e-03 eV, alpha_tail = 1.00
BACKGROUND_INIT ENTERED: Lambda=0.00e+00
DEBUG BG_INIT ENTRY: model_type=2
DEBUG AFTER CHECKS: model_type=2 has_ridder=1
RIDDER DEBUG (background_init): has_ridder=1, Lambda_EDE_ridder=0.000000e+00, f_axion_ridder=1.000000e+16, theta_i_ridder=2.800000e+00, beta_ridder=0.000000e+00
BG_INIT: entering background_checks
BG_INIT: background_checks OK
RIDDER FREEZE FLAG (from input): ridder_freeze_phi = 0, force_damping = 1.000e+00
DEBUG SHOOTING CHECK: has_ridder=1, model_type=2 (unified=1), use_shooting_EDE=0
BG_INIT: entering background_solve
BACKGROUND_SOLVE ENTERED: has_ridder=1 Lambda=0.00e+00
RIDDER IC DEBUG: model_type=2 f_for_ic=5.000000e+26 theta_i=2.800000e+00 phi_ini=1.400000e+27
ABOUT TO INTEGRATE: bi_size=7 has_ridder=1 Lambda=0.00e+00
DERIVS_ENTRY: call#=500000 has_ridder=1 Lambda=0.00e+00 a=5.14e-01
BG_INIT: background_solve OK

========================================
RIDDER FINAL STATE (a=1, z=0):
  rho_ridder = 1.795393e-14 Mpc^-2
  rho_tot    = 6.554108e-08 Mpc^-2
  f_ridder   = 2.739340e-07 (fraction of total)
  Omega_ridder = 0.000000 (if f ~ Omega_Lambda)
========================================

DEBUG INPUT.C: Just set model_type to 2 (should be 2)

DEBUG: Reading v3 canonical parameters...
  f_eV = 5.000000e+26 eV
  Lambda_EDE = 9.000108e-01 eV, theta_E_center = 0.00, sigma_E = 0.40
  Lambda_tail = 2.300000e-03 eV, alpha_tail = 1.00
BACKGROUND_INIT ENTERED: Lambda=0.00e+00
DEBUG BG_INIT ENTRY: model_type=2
DEBUG AFTER CHECKS: model_type=2 has_ridder=1
RIDDER DEBUG (background_init): has_ridder=1, Lambda_EDE_ridder=0.000000e+00, f_axion_ridder=1.000000e+16, theta_i_ridder=2.800000e+00, beta_ridder=0.000000e+00
BG_INIT: entering background_checks
BG_INIT: background_checks OK
RIDDER FREEZE FLAG (from input): ridder_freeze_phi = 0, force_damping = 1.000e+00
DEBUG SHOOTING CHECK: has_ridder=1, model_type=2 (unified=1), use_shooting_EDE=0
BG_INIT: entering background_solve
BACKGROUND_SOLVE ENTERED: has_ridder=1 Lambda=0.00e+00
RIDDER IC DEBUG: model_type=2 f_for_ic=5.000000e+26 theta_i=2.800000e+00 phi_ini=1.400000e+27
ABOUT TO INTEGRATE: bi_size=7 has_ridder=1 Lambda=0.00e+00
BG_INIT: background_solve OK

========================================
RIDDER FINAL STATE (a=1, z=0):
  rho_ridder = 2.143919e-14 Mpc^-2
  rho_tot    = 6.603385e-08 Mpc^-2
  f_ridder   = 3.246696e-07 (fraction of total)
  Omega_ridder = 0.000000 (if f ~ Omega_Lambda)
========================================

DEBUG INPUT.C: Just set model_type to 2 (should be 2)

DEBUG: Reading v3 canonical parameters...
  f_eV = 5.000000e+26 eV
  Lambda_EDE = 9.021937e-01 eV, theta_E_center = 0.00, sigma_E = 0.40
  Lambda_tail = 2.300000e-03 eV, alpha_tail = 1.00
BACKGROUND_INIT ENTERED: Lambda=0.00e+00
DEBUG BG_INIT ENTRY: model_type=2
DEBUG AFTER CHECKS: model_type=2 has_ridder=1
RIDDER DEBUG (background_init): has_ridder=1, Lambda_EDE_ridder=0.000000e+00, f_axion_ridder=1.000000e+16, theta_i_ridder=2.800000e+00, beta_ridder=0.000000e+00
BG_INIT: entering background_checks
BG_INIT: background_checks OK
RIDDER FREEZE FLAG (from input): ridder_freeze_phi = 0, force_damping = 1.000e+00
DEBUG SHOOTING CHECK: has_ridder=1, model_type=2 (unified=1), use_shooting_EDE=0
BG_INIT: entering background_solve
BACKGROUND_SOLVE ENTERED: has_ridder=1 Lambda=0.00e+00
RIDDER IC DEBUG: model_type=2 f_for_ic=5.000000e+26 theta_i=2.800000e+00 phi_ini=1.400000e+27
ABOUT TO INTEGRATE: bi_size=7 has_ridder=1 Lambda=0.00e+00
DERIVS_ENTRY: call#=505000 has_ridder=1 Lambda=0.00e+00 a=8.04e-07
BG_INIT: background_solve OK

========================================
RIDDER FINAL STATE (a=1, z=0):
  rho_ridder = 2.075384e-14 Mpc^-2
  rho_tot    = 6.505102e-08 Mpc^-2
  f_ridder   = 3.190393e-07 (fraction of total)
  Omega_ridder = 0.000000 (if f ~ Omega_Lambda)
========================================

DEBUG INPUT.C: Just set model_type to 2 (should be 2)

DEBUG: Reading v3 canonical parameters...
  f_eV = 5.000000e+26 eV
  Lambda_EDE = 7.636120e-01 eV, theta_E_center = 0.00, sigma_E = 0.40
  Lambda_tail = 2.300000e-03 eV, alpha_tail = 1.00
BACKGROUND_INIT ENTERED: Lambda=0.00e+00
DEBUG BG_INIT ENTRY: model_type=2
DEBUG AFTER CHECKS: model_type=2 has_ridder=1
RIDDER DEBUG (background_init): has_ridder=1, Lambda_EDE_ridder=0.000000e+00, f_axion_ridder=1.000000e+16, theta_i_ridder=2.800000e+00, beta_ridder=0.000000e+00
BG_INIT: entering background_checks
BG_INIT: background_checks OK
RIDDER FREEZE FLAG (from input): ridder_freeze_phi = 0, force_damping = 1.000e+00
DEBUG SHOOTING CHECK: has_ridder=1, model_type=2 (unified=1), use_shooting_EDE=0
BG_INIT: entering background_solve
BACKGROUND_SOLVE ENTERED: has_ridder=1 Lambda=0.00e+00
RIDDER IC DEBUG: model_type=2 f_for_ic=5.000000e+26 theta_i=2.800000e+00 phi_ini=1.400000e+27
ABOUT TO INTEGRATE: bi_size=7 has_ridder=1 Lambda=0.00e+00
DERIVS_ENTRY: call#=510000 has_ridder=1 Lambda=0.00e+00 a=7.20e-03
BG_INIT: background_solve OK

========================================
RIDDER FINAL STATE (a=1, z=0):
[mcmc] Progress @ 2025-11-26 18:59:24 : 4089 steps taken, and 426 accepted.
  rho_ridder = 1.177617e-14 Mpc^-2
  rho_tot    = 6.771745e-08 Mpc^-2
  f_ridder   = 1.739016e-07 (fraction of total)
  Omega_ridder = 0.000000 (if f ~ Omega_Lambda)
========================================

DEBUG INPUT.C: Just set model_type to 2 (should be 2)

DEBUG: Reading v3 canonical parameters...
  f_eV = 5.000000e+26 eV
  Lambda_EDE = 9.314201e-01 eV, theta_E_center = 0.00, sigma_E = 0.40
  Lambda_tail = 2.300000e-03 eV, alpha_tail = 1.00
BACKGROUND_INIT ENTERED: Lambda=0.00e+00
DEBUG BG_INIT ENTRY: model_type=2
DEBUG AFTER CHECKS: model_type=2 has_ridder=1
RIDDER DEBUG (background_init): has_ridder=1, Lambda_EDE_ridder=0.000000e+00, f_axion_ridder=1.000000e+16, theta_i_ridder=2.800000e+00, beta_ridder=0.000000e+00
BG_INIT: entering background_checks
BG_INIT: background_checks OK
RIDDER FREEZE FLAG (from input): ridder_freeze_phi = 0, force_damping = 1.000e+00
DEBUG SHOOTING CHECK: has_ridder=1, model_type=2 (unified=1), use_shooting_EDE=0
BG_INIT: entering background_solve
BACKGROUND_SOLVE ENTERED: has_ridder=1 Lambda=0.00e+00
RIDDER IC DEBUG: model_type=2 f_for_ic=5.000000e+26 theta_i=2.800000e+00 phi_ini=1.400000e+27
ABOUT TO INTEGRATE: bi_size=7 has_ridder=1 Lambda=0.00e+00
DERIVS_ENTRY: call#=515000 has_ridder=1 Lambda=0.00e+00 a=2.40e-01
BG_INIT: background_solve OK

========================================
RIDDER FINAL STATE (a=1, z=0):
  rho_ridder = 1.123236e-14 Mpc^-2
  rho_tot    = 6.671169e-08 Mpc^-2
  f_ridder   = 1.683717e-07 (fraction of total)
  Omega_ridder = 0.000000 (if f ~ Omega_Lambda)
========================================

DEBUG INPUT.C: Just set model_type to 2 (should be 2)

DEBUG: Reading v3 canonical parameters...
  f_eV = 5.000000e+26 eV
  Lambda_EDE = 7.910329e-01 eV, theta_E_center = 0.00, sigma_E = 0.40
  Lambda_tail = 2.300000e-03 eV, alpha_tail = 1.00
BACKGROUND_INIT ENTERED: Lambda=0.00e+00
DEBUG BG_INIT ENTRY: model_type=2
DEBUG AFTER CHECKS: model_type=2 has_ridder=1
RIDDER DEBUG (background_init): has_ridder=1, Lambda_EDE_ridder=0.000000e+00, f_axion_ridder=1.000000e+16, theta_i_ridder=2.800000e+00, beta_ridder=0.000000e+00
BG_INIT: entering background_checks
BG_INIT: background_checks OK
RIDDER FREEZE FLAG (from input): ridder_freeze_phi = 0, force_damping = 1.000e+00
DEBUG SHOOTING CHECK: has_ridder=1, model_type=2 (unified=1), use_shooting_EDE=0
BG_INIT: entering background_solve
BACKGROUND_SOLVE ENTERED: has_ridder=1 Lambda=0.00e+00
RIDDER IC DEBUG: model_type=2 f_for_ic=5.000000e+26 theta_i=2.800000e+00 phi_ini=1.400000e+27
ABOUT TO INTEGRATE: bi_size=7 has_ridder=1 Lambda=0.00e+00
BG_INIT: background_solve OK

========================================
RIDDER FINAL STATE (a=1, z=0):
  rho_ridder = 2.113439e-14 Mpc^-2
  rho_tot    = 6.480875e-08 Mpc^-2
  f_ridder   = 3.261040e-07 (fraction of total)
  Omega_ridder = 0.000000 (if f ~ Omega_Lambda)
========================================

DEBUG INPUT.C: Just set model_type to 2 (should be 2)

DEBUG: Reading v3 canonical parameters...
  f_eV = 5.000000e+26 eV
  Lambda_EDE = 7.987833e-01 eV, theta_E_center = 0.00, sigma_E = 0.40
  Lambda_tail = 2.300000e-03 eV, alpha_tail = 1.00
BACKGROUND_INIT ENTERED: Lambda=0.00e+00
DEBUG BG_INIT ENTRY: model_type=2
DEBUG AFTER CHECKS: model_type=2 has_ridder=1
RIDDER DEBUG (background_init): has_ridder=1, Lambda_EDE_ridder=0.000000e+00, f_axion_ridder=1.000000e+16, theta_i_ridder=2.800000e+00, beta_ridder=0.000000e+00
BG_INIT: entering background_checks
BG_INIT: background_checks OK
RIDDER FREEZE FLAG (from input): ridder_freeze_phi = 0, force_damping = 1.000e+00
DEBUG SHOOTING CHECK: has_ridder=1, model_type=2 (unified=1), use_shooting_EDE=0
BG_INIT: entering background_solve
BACKGROUND_SOLVE ENTERED: has_ridder=1 Lambda=0.00e+00
RIDDER IC DEBUG: model_type=2 f_for_ic=5.000000e+26 theta_i=2.800000e+00 phi_ini=1.400000e+27
ABOUT TO INTEGRATE: bi_size=7 has_ridder=1 Lambda=0.00e+00
DERIVS_ENTRY: call#=520000 has_ridder=1 Lambda=0.00e+00 a=1.24e-07
BG_INIT: background_solve OK

========================================
RIDDER FINAL STATE (a=1, z=0):
  rho_ridder = 2.083037e-14 Mpc^-2
  rho_tot    = 6.549843e-08 Mpc^-2
  f_ridder   = 3.180285e-07 (fraction of total)
  Omega_ridder = 0.000000 (if f ~ Omega_Lambda)
========================================

DEBUG INPUT.C: Just set model_type to 2 (should be 2)

DEBUG: Reading v3 canonical parameters...
  f_eV = 5.000000e+26 eV
  Lambda_EDE = 7.274825e-01 eV, theta_E_center = 0.00, sigma_E = 0.40
  Lambda_tail = 2.300000e-03 eV, alpha_tail = 1.00
BACKGROUND_INIT ENTERED: Lambda=0.00e+00
DEBUG BG_INIT ENTRY: model_type=2
DEBUG AFTER CHECKS: model_type=2 has_ridder=1
RIDDER DEBUG (background_init): has_ridder=1, Lambda_EDE_ridder=0.000000e+00, f_axion_ridder=1.000000e+16, theta_i_ridder=2.800000e+00, beta_ridder=0.000000e+00
BG_INIT: entering background_checks
BG_INIT: background_checks OK
RIDDER FREEZE FLAG (from input): ridder_freeze_phi = 0, force_damping = 1.000e+00
DEBUG SHOOTING CHECK: has_ridder=1, model_type=2 (unified=1), use_shooting_EDE=0
BG_INIT: entering background_solve
BACKGROUND_SOLVE ENTERED: has_ridder=1 Lambda=0.00e+00
RIDDER IC DEBUG: model_type=2 f_for_ic=5.000000e+26 theta_i=2.800000e+00 phi_ini=1.400000e+27
ABOUT TO INTEGRATE: bi_size=7 has_ridder=1 Lambda=0.00e+00
DERIVS_ENTRY: call#=525000 has_ridder=1 Lambda=0.00e+00 a=6.05e-03
BG_INIT: background_solve OK

========================================
RIDDER FINAL STATE (a=1, z=0):
  rho_ridder = 1.566513e-14 Mpc^-2
  rho_tot    = 6.488599e-08 Mpc^-2
  f_ridder   = 2.414254e-07 (fraction of total)
  Omega_ridder = 0.000000 (if f ~ Omega_Lambda)
========================================

DEBUG INPUT.C: Just set model_type to 2 (should be 2)

DEBUG: Reading v3 canonical parameters...
  f_eV = 5.000000e+26 eV
  Lambda_EDE = 9.205656e-01 eV, theta_E_center = 0.00, sigma_E = 0.40
  Lambda_tail = 2.300000e-03 eV, alpha_tail = 1.00
BACKGROUND_INIT ENTERED: Lambda=0.00e+00
DEBUG BG_INIT ENTRY: model_type=2
DEBUG AFTER CHECKS: model_type=2 has_ridder=1
RIDDER DEBUG (background_init): has_ridder=1, Lambda_EDE_ridder=0.000000e+00, f_axion_ridder=1.000000e+16, theta_i_ridder=2.800000e+00, beta_ridder=0.000000e+00
BG_INIT: entering background_checks
BG_INIT: background_checks OK
RIDDER FREEZE FLAG (from input): ridder_freeze_phi = 0, force_damping = 1.000e+00
DEBUG SHOOTING CHECK: has_ridder=1, model_type=2 (unified=1), use_shooting_EDE=0
BG_INIT: entering background_solve
BACKGROUND_SOLVE ENTERED: has_ridder=1 Lambda=0.00e+00
RIDDER IC DEBUG: model_type=2 f_for_ic=5.000000e+26 theta_i=2.800000e+00 phi_ini=1.400000e+27
ABOUT TO INTEGRATE: bi_size=7 has_ridder=1 Lambda=0.00e+00
DERIVS_ENTRY: call#=530000 has_ridder=1 Lambda=0.00e+00 a=2.10e-01
BG_INIT: background_solve OK

========================================
RIDDER FINAL STATE (a=1, z=0):
  rho_ridder = 1.116414e-14 Mpc^-2
  rho_tot    = 7.389191e-08 Mpc^-2
  f_ridder   = 1.510875e-07 (fraction of total)
  Omega_ridder = 0.000000 (if f ~ Omega_Lambda)
========================================

DEBUG INPUT.C: Just set model_type to 2 (should be 2)

DEBUG: Reading v3 canonical parameters...
  f_eV = 5.000000e+26 eV
  Lambda_EDE = 8.318448e-01 eV, theta_E_center = 0.00, sigma_E = 0.40
  Lambda_tail = 2.300000e-03 eV, alpha_tail = 1.00
BACKGROUND_INIT ENTERED: Lambda=0.00e+00
DEBUG BG_INIT ENTRY: model_type=2
DEBUG AFTER CHECKS: model_type=2 has_ridder=1
RIDDER DEBUG (background_init): has_ridder=1, Lambda_EDE_ridder=0.000000e+00, f_axion_ridder=1.000000e+16, theta_i_ridder=2.800000e+00, beta_ridder=0.000000e+00
BG_INIT: entering background_checks
BG_INIT: background_checks OK
RIDDER FREEZE FLAG (from input): ridder_freeze_phi = 0, force_damping = 1.000e+00
DEBUG SHOOTING CHECK: has_ridder=1, model_type=2 (unified=1), use_shooting_EDE=0
BG_INIT: entering background_solve
BACKGROUND_SOLVE ENTERED: has_ridder=1 Lambda=0.00e+00
RIDDER IC DEBUG: model_type=2 f_for_ic=5.000000e+26 theta_i=2.800000e+00 phi_ini=1.400000e+27
ABOUT TO INTEGRATE: bi_size=7 has_ridder=1 Lambda=0.00e+00
BG_INIT: background_solve OK

========================================
RIDDER FINAL STATE (a=1, z=0):
  rho_ridder = 1.290886e-14 Mpc^-2
  rho_tot    = 6.737454e-08 Mpc^-2
  f_ridder   = 1.915985e-07 (fraction of total)
  Omega_ridder = 0.000000 (if f ~ Omega_Lambda)
========================================

DEBUG INPUT.C: Just set model_type to 2 (should be 2)

DEBUG: Reading v3 canonical parameters...
  f_eV = 5.000000e+26 eV
  Lambda_EDE = 8.193254e-01 eV, theta_E_center = 0.00, sigma_E = 0.40
  Lambda_tail = 2.300000e-03 eV, alpha_tail = 1.00
BACKGROUND_INIT ENTERED: Lambda=0.00e+00
DEBUG BG_INIT ENTRY: model_type=2
DEBUG AFTER CHECKS: model_type=2 has_ridder=1
RIDDER DEBUG (background_init): has_ridder=1, Lambda_EDE_ridder=0.000000e+00, f_axion_ridder=1.000000e+16, theta_i_ridder=2.800000e+00, beta_ridder=0.000000e+00
BG_INIT: entering background_checks
BG_INIT: background_checks OK
RIDDER FREEZE FLAG (from input): ridder_freeze_phi = 0, force_damping = 1.000e+00
DEBUG SHOOTING CHECK: has_ridder=1, model_type=2 (unified=1), use_shooting_EDE=0
BG_INIT: entering background_solve
BACKGROUND_SOLVE ENTERED: has_ridder=1 Lambda=0.00e+00
RIDDER IC DEBUG: model_type=2 f_for_ic=5.000000e+26 theta_i=2.800000e+00 phi_ini=1.400000e+27
ABOUT TO INTEGRATE: bi_size=7 has_ridder=1 Lambda=0.00e+00
DERIVS_ENTRY: call#=535000 has_ridder=1 Lambda=0.00e+00 a=8.03e-08
BG_INIT: background_solve OK

========================================
RIDDER FINAL STATE (a=1, z=0):
  rho_ridder = 1.136350e-14 Mpc^-2
  rho_tot    = 6.041223e-08 Mpc^-2
  f_ridder   = 1.880994e-07 (fraction of total)
  Omega_ridder = 0.000000 (if f ~ Omega_Lambda)
========================================

DEBUG INPUT.C: Just set model_type to 2 (should be 2)

DEBUG: Reading v3 canonical parameters...
  f_eV = 5.000000e+26 eV
  Lambda_EDE = 7.754020e-01 eV, theta_E_center = 0.00, sigma_E = 0.40
  Lambda_tail = 2.300000e-03 eV, alpha_tail = 1.00
BACKGROUND_INIT ENTERED: Lambda=0.00e+00
DEBUG BG_INIT ENTRY: model_type=2
DEBUG AFTER CHECKS: model_type=2 has_ridder=1
RIDDER DEBUG (background_init): has_ridder=1, Lambda_EDE_ridder=0.000000e+00, f_axion_ridder=1.000000e+16, theta_i_ridder=2.800000e+00, beta_ridder=0.000000e+00
BG_INIT: entering background_checks
BG_INIT: background_checks OK
RIDDER FREEZE FLAG (from input): ridder_freeze_phi = 0, force_damping = 1.000e+00
DEBUG SHOOTING CHECK: has_ridder=1, model_type=2 (unified=1), use_shooting_EDE=0
BG_INIT: entering background_solve
BACKGROUND_SOLVE ENTERED: has_ridder=1 Lambda=0.00e+00
RIDDER IC DEBUG: model_type=2 f_for_ic=5.000000e+26 theta_i=2.800000e+00 phi_ini=1.400000e+27
ABOUT TO INTEGRATE: bi_size=7 has_ridder=1 Lambda=0.00e+00
DERIVS_ENTRY: call#=540000 has_ridder=1 Lambda=0.00e+00 a=6.50e-03
BG_INIT: background_solve OK

========================================
RIDDER FINAL STATE (a=1, z=0):
  rho_ridder = 2.191349e-14 Mpc^-2
  rho_tot    = 6.587181e-08 Mpc^-2
  f_ridder   = 3.326687e-07 (fraction of total)
  Omega_ridder = 0.000000 (if f ~ Omega_Lambda)
========================================

DEBUG INPUT.C: Just set model_type to 2 (should be 2)

DEBUG: Reading v3 canonical parameters...
  f_eV = 5.000000e+26 eV
  Lambda_EDE = 8.096566e-01 eV, theta_E_center = 0.00, sigma_E = 0.40
  Lambda_tail = 2.300000e-03 eV, alpha_tail = 1.00
BACKGROUND_INIT ENTERED: Lambda=0.00e+00
DEBUG BG_INIT ENTRY: model_type=2
DEBUG AFTER CHECKS: model_type=2 has_ridder=1
RIDDER DEBUG (background_init): has_ridder=1, Lambda_EDE_ridder=0.000000e+00, f_axion_ridder=1.000000e+16, theta_i_ridder=2.800000e+00, beta_ridder=0.000000e+00
BG_INIT: entering background_checks
BG_INIT: background_checks OK
RIDDER FREEZE FLAG (from input): ridder_freeze_phi = 0, force_damping = 1.000e+00
DEBUG SHOOTING CHECK: has_ridder=1, model_type=2 (unified=1), use_shooting_EDE=0
BG_INIT: entering background_solve
BACKGROUND_SOLVE ENTERED: has_ridder=1 Lambda=0.00e+00
RIDDER IC DEBUG: model_type=2 f_for_ic=5.000000e+26 theta_i=2.800000e+00 phi_ini=1.400000e+27
ABOUT TO INTEGRATE: bi_size=7 has_ridder=1 Lambda=0.00e+00
DERIVS_ENTRY: call#=545000 has_ridder=1 Lambda=0.00e+00 a=3.81e-01
BG_INIT: background_solve OK

========================================
RIDDER FINAL STATE (a=1, z=0):
  rho_ridder = 1.753500e-14 Mpc^-2
  rho_tot    = 6.5507[mcmc] Progress @ 2025-11-26 19:00:31 : 4405 steps taken, and 460 accepted.
19e-08 Mpc^-2
  f_ridder   = 2.676805e-07 (fraction of total)
  Omega_ridder = 0.000000 (if f ~ Omega_Lambda)
========================================

DEBUG INPUT.C: Just set model_type to 2 (should be 2)

DEBUG: Reading v3 canonical parameters...
  f_eV = 5.000000e+26 eV
  Lambda_EDE = 8.161190e-01 eV, theta_E_center = 0.00, sigma_E = 0.40
  Lambda_tail = 2.300000e-03 eV, alpha_tail = 1.00
BACKGROUND_INIT ENTERED: Lambda=0.00e+00
DEBUG BG_INIT ENTRY: model_type=2
DEBUG AFTER CHECKS: model_type=2 has_ridder=1
RIDDER DEBUG (background_init): has_ridder=1, Lambda_EDE_ridder=0.000000e+00, f_axion_ridder=1.000000e+16, theta_i_ridder=2.800000e+00, beta_ridder=0.000000e+00
BG_INIT: entering background_checks
BG_INIT: background_checks OK
RIDDER FREEZE FLAG (from input): ridder_freeze_phi = 0, force_damping = 1.000e+00
DEBUG SHOOTING CHECK: has_ridder=1, model_type=2 (unified=1), use_shooting_EDE=0
BG_INIT: entering background_solve
BACKGROUND_SOLVE ENTERED: has_ridder=1 Lambda=0.00e+00
RIDDER IC DEBUG: model_type=2 f_for_ic=5.000000e+26 theta_i=2.800000e+00 phi_ini=1.400000e+27
ABOUT TO INTEGRATE: bi_size=7 has_ridder=1 Lambda=0.00e+00
BG_INIT: background_solve OK

========================================
RIDDER FINAL STATE (a=1, z=0):
  rho_ridder = 1.625209e-14 Mpc^-2
  rho_tot    = 6.547531e-08 Mpc^-2
  f_ridder   = 2.482171e-07 (fraction of total)
  Omega_ridder = 0.000000 (if f ~ Omega_Lambda)
========================================

DEBUG INPUT.C: Just set model_type to 2 (should be 2)

DEBUG: Reading v3 canonical parameters...
  f_eV = 5.000000e+26 eV
  Lambda_EDE = 7.389228e-01 eV, theta_E_center = 0.00, sigma_E = 0.40
  Lambda_tail = 2.300000e-03 eV, alpha_tail = 1.00
BACKGROUND_INIT ENTERED: Lambda=0.00e+00
DEBUG BG_INIT ENTRY: model_type=2
DEBUG AFTER CHECKS: model_type=2 has_ridder=1
RIDDER DEBUG (background_init): has_ridder=1, Lambda_EDE_ridder=0.000000e+00, f_axion_ridder=1.000000e+16, theta_i_ridder=2.800000e+00, beta_ridder=0.000000e+00
BG_INIT: entering background_checks
BG_INIT: background_checks OK
RIDDER FREEZE FLAG (from input): ridder_freeze_phi = 0, force_damping = 1.000e+00
DEBUG SHOOTING CHECK: has_ridder=1, model_type=2 (unified=1), use_shooting_EDE=0
BG_INIT: entering background_solve
BACKGROUND_SOLVE ENTERED: has_ridder=1 Lambda=0.00e+00
RIDDER IC DEBUG: model_type=2 f_for_ic=5.000000e+26 theta_i=2.800000e+00 phi_ini=1.400000e+27
ABOUT TO INTEGRATE: bi_size=7 has_ridder=1 Lambda=0.00e+00
DERIVS_ENTRY: call#=550000 has_ridder=1 Lambda=0.00e+00 a=1.71e-06
BG_INIT: background_solve OK

========================================
RIDDER FINAL STATE (a=1, z=0):
  rho_ridder = 1.239282e-14 Mpc^-2
  rho_tot    = 6.688556e-08 Mpc^-2
  f_ridder   = 1.852839e-07 (fraction of total)
  Omega_ridder = 0.000000 (if f ~ Omega_Lambda)
========================================

DEBUG INPUT.C: Just set model_type to 2 (should be 2)

DEBUG: Reading v3 canonical parameters...
  f_eV = 5.000000e+26 eV
  Lambda_EDE = 9.272981e-01 eV, theta_E_center = 0.00, sigma_E = 0.40
  Lambda_tail = 2.300000e-03 eV, alpha_tail = 1.00
BACKGROUND_INIT ENTERED: Lambda=0.00e+00
DEBUG BG_INIT ENTRY: model_type=2
DEBUG AFTER CHECKS: model_type=2 has_ridder=1
RIDDER DEBUG (background_init): has_ridder=1, Lambda_EDE_ridder=0.000000e+00, f_axion_ridder=1.000000e+16, theta_i_ridder=2.800000e+00, beta_ridder=0.000000e+00
BG_INIT: entering background_checks
BG_INIT: background_checks OK
RIDDER FREEZE FLAG (from input): ridder_freeze_phi = 0, force_damping = 1.000e+00
DEBUG SHOOTING CHECK: has_ridder=1, model_type=2 (unified=1), use_shooting_EDE=0
BG_INIT: entering background_solve
BACKGROUND_SOLVE ENTERED: has_ridder=1 Lambda=0.00e+00
RIDDER IC DEBUG: model_type=2 f_for_ic=5.000000e+26 theta_i=2.800000e+00 phi_ini=1.400000e+27
ABOUT TO INTEGRATE: bi_size=7 has_ridder=1 Lambda=0.00e+00
DERIVS_ENTRY: call#=555000 has_ridder=1 Lambda=0.00e+00 a=1.03e-02
BG_INIT: background_solve OK

========================================
RIDDER FINAL STATE (a=1, z=0):
  rho_ridder = 1.302313e-14 Mpc^-2
  rho_tot    = 6.381047e-08 Mpc^-2
  f_ridder   = 2.040908e-07 (fraction of total)
  Omega_ridder = 0.000000 (if f ~ Omega_Lambda)
========================================

DEBUG INPUT.C: Just set model_type to 2 (should be 2)

DEBUG: Reading v3 canonical parameters...
  f_eV = 5.000000e+26 eV
  Lambda_EDE = 6.462362e-01 eV, theta_E_center = 0.00, sigma_E = 0.40
  Lambda_tail = 2.300000e-03 eV, alpha_tail = 1.00
BACKGROUND_INIT ENTERED: Lambda=0.00e+00
DEBUG BG_INIT ENTRY: model_type=2
DEBUG AFTER CHECKS: model_type=2 has_ridder=1
RIDDER DEBUG (background_init): has_ridder=1, Lambda_EDE_ridder=0.000000e+00, f_axion_ridder=1.000000e+16, theta_i_ridder=2.800000e+00, beta_ridder=0.000000e+00
BG_INIT: entering background_checks
BG_INIT: background_checks OK
RIDDER FREEZE FLAG (from input): ridder_freeze_phi = 0, force_damping = 1.000e+00
DEBUG SHOOTING CHECK: has_ridder=1, model_type=2 (unified=1), use_shooting_EDE=0
BG_INIT: entering background_solve
BACKGROUND_SOLVE ENTERED: has_ridder=1 Lambda=0.00e+00
RIDDER IC DEBUG: model_type=2 f_for_ic=5.000000e+26 theta_i=2.800000e+00 phi_ini=1.400000e+27
ABOUT TO INTEGRATE: bi_size=7 has_ridder=1 Lambda=0.00e+00
BG_INIT: background_solve OK

========================================
RIDDER FINAL STATE (a=1, z=0):
  rho_ridder = 1.234688e-14 Mpc^-2
  rho_tot    = 6.981233e-08 Mpc^-2
  f_ridder   = 1.768581e-07 (fraction of total)
  Omega_ridder = 0.000000 (if f ~ Omega_Lambda)
========================================

DEBUG INPUT.C: Just set model_type to 2 (should be 2)

DEBUG: Reading v3 canonical parameters...
  f_eV = 5.000000e+26 eV
  Lambda_EDE = 8.030473e-01 eV, theta_E_center = 0.00, sigma_E = 0.40
  Lambda_tail = 2.300000e-03 eV, alpha_tail = 1.00
BACKGROUND_INIT ENTERED: Lambda=0.00e+00
DEBUG BG_INIT ENTRY: model_type=2
DEBUG AFTER CHECKS: model_type=2 has_ridder=1
RIDDER DEBUG (background_init): has_ridder=1, Lambda_EDE_ridder=0.000000e+00, f_axion_ridder=1.000000e+16, theta_i_ridder=2.800000e+00, beta_ridder=0.000000e+00
BG_INIT: entering background_checks
BG_INIT: background_checks OK
RIDDER FREEZE FLAG (from input): ridder_freeze_phi = 0, force_damping = 1.000e+00
DEBUG SHOOTING CHECK: has_ridder=1, model_type=2 (unified=1), use_shooting_EDE=0
BG_INIT: entering background_solve
BACKGROUND_SOLVE ENTERED: has_ridder=1 Lambda=0.00e+00
RIDDER IC DEBUG: model_type=2 f_for_ic=5.000000e+26 theta_i=2.800000e+00 phi_ini=1.400000e+27
ABOUT TO INTEGRATE: bi_size=7 has_ridder=1 Lambda=0.00e+00
DERIVS_ENTRY: call#=560000 has_ridder=1 Lambda=0.00e+00 a=2.61e-14
BG_INIT: background_solve OK

========================================
RIDDER FINAL STATE (a=1, z=0):
  rho_ridder = 1.918639e-14 Mpc^-2
  rho_tot    = 6.523519e-08 Mpc^-2
  f_ridder   = 2.941110e-07 (fraction of total)
  Omega_ridder = 0.000000 (if f ~ Omega_Lambda)
========================================

DEBUG INPUT.C: Just set model_type to 2 (should be 2)

DEBUG: Reading v3 canonical parameters...
  f_eV = 5.000000e+26 eV
  Lambda_EDE = 8.730512e-01 eV, theta_E_center = 0.00, sigma_E = 0.40
  Lambda_tail = 2.300000e-03 eV, alpha_tail = 1.00
BACKGROUND_INIT ENTERED: Lambda=0.00e+00
DEBUG BG_INIT ENTRY: model_type=2
DEBUG AFTER CHECKS: model_type=2 has_ridder=1
RIDDER DEBUG (background_init): has_ridder=1, Lambda_EDE_ridder=0.000000e+00, f_axion_ridder=1.000000e+16, theta_i_ridder=2.800000e+00, beta_ridder=0.000000e+00
BG_INIT: entering background_checks
BG_INIT: background_checks OK
RIDDER FREEZE FLAG (from input): ridder_freeze_phi = 0, force_damping = 1.000e+00
DEBUG SHOOTING CHECK: has_ridder=1, model_type=2 (unified=1), use_shooting_EDE=0
BG_INIT: entering background_solve
BACKGROUND_SOLVE ENTERED: has_ridder=1 Lambda=0.00e+00
RIDDER IC DEBUG: model_type=2 f_for_ic=5.000000e+26 theta_i=2.800000e+00 phi_ini=1.400000e+27
ABOUT TO INTEGRATE: bi_size=7 has_ridder=1 Lambda=0.00e+00
DERIVS_ENTRY: call#=565000 has_ridder=1 Lambda=0.00e+00 a=3.02e-04
BG_INIT: background_solve OK

========================================
RIDDER FINAL STATE (a=1, z=0):
  rho_ridder = 1.023378e-14 Mpc^-2
  rho_tot    = 6.555077e-08 Mpc^-2
  f_ridder   = 1.561199e-07 (fraction of total)
  Omega_ridder = 0.0[mcmc] Progress @ 2025-11-26 19:01:31 : 4716 steps taken, and 490 accepted.
00000 (if f ~ Omega_Lambda)
========================================

DEBUG INPUT.C: Just set model_type to 2 (should be 2)

DEBUG: Reading v3 canonical parameters...
  f_eV = 5.000000e+26 eV
  Lambda_EDE = 8.042139e-01 eV, theta_E_center = 0.00, sigma_E = 0.40
  Lambda_tail = 2.300000e-03 eV, alpha_tail = 1.00
BACKGROUND_INIT ENTERED: Lambda=0.00e+00
DEBUG BG_INIT ENTRY: model_type=2
DEBUG AFTER CHECKS: model_type=2 has_ridder=1
RIDDER DEBUG (background_init): has_ridder=1, Lambda_EDE_ridder=0.000000e+00, f_axion_ridder=1.000000e+16, theta_i_ridder=2.800000e+00, beta_ridder=0.000000e+00
BG_INIT: entering background_checks
BG_INIT: background_checks OK
RIDDER FREEZE FLAG (from input): ridder_freeze_phi = 0, force_damping = 1.000e+00
DEBUG SHOOTING CHECK: has_ridder=1, model_type=2 (unified=1), use_shooting_EDE=0
BG_INIT: entering background_solve
BACKGROUND_SOLVE ENTERED: has_ridder=1 Lambda=0.00e+00
RIDDER IC DEBUG: model_type=2 f_for_ic=5.000000e+26 theta_i=2.800000e+00 phi_ini=1.400000e+27
ABOUT TO INTEGRATE: bi_size=7 has_ridder=1 Lambda=0.00e+00
DERIVS_ENTRY: call#=570000 has_ridder=1 Lambda=0.00e+00 a=2.07e-02
BG_INIT: background_solve OK

========================================
RIDDER FINAL STATE (a=1, z=0):
  rho_ridder = 1.915223e-14 Mpc^-2
  rho_tot    = 6.585544e-08 Mpc^-2
  f_ridder   = 2.908223e-07 (fraction of total)
  Omega_ridder = 0.000000 (if f ~ Omega_Lambda)
========================================

DEBUG INPUT.C: Just set model_type to 2 (should be 2)

DEBUG: Reading v3 canonical parameters...
  f_eV = 5.000000e+26 eV
  Lambda_EDE = 6.861554e-01 eV, theta_E_center = 0.00, sigma_E = 0.40
  Lambda_tail = 2.300000e-03 eV, alpha_tail = 1.00
BACKGROUND_INIT ENTERED: Lambda=0.00e+00
DEBUG BG_INIT ENTRY: model_type=2
DEBUG AFTER CHECKS: model_type=2 has_ridder=1
RIDDER DEBUG (background_init): has_ridder=1, Lambda_EDE_ridder=0.000000e+00, f_axion_ridder=1.000000e+16, theta_i_ridder=2.800000e+00, beta_ridder=0.000000e+00
BG_INIT: entering background_checks
BG_INIT: background_checks OK
RIDDER FREEZE FLAG (from input): ridder_freeze_phi = 0, force_damping = 1.000e+00
DEBUG SHOOTING CHECK: has_ridder=1, model_type=2 (unified=1), use_shooting_EDE=0
BG_INIT: entering background_solve
BACKGROUND_SOLVE ENTERED: has_ridder=1 Lambda=0.00e+00
RIDDER IC DEBUG: model_type=2 f_for_ic=5.000000e+26 theta_i=2.800000e+00 phi_ini=1.400000e+27
ABOUT TO INTEGRATE: bi_size=7 has_ridder=1 Lambda=0.00e+00
BG_INIT: background_solve OK

========================================
RIDDER FINAL STATE (a=1, z=0):
  rho_ridder = 2.336982e-14 Mpc^-2
  rho_tot    = 6.553723e-08 Mpc^-2
  f_ridder   = 3.565885e-07 (fraction of total)
  Omega_ridder = 0.000000 (if f ~ Omega_Lambda)
========================================

DEBUG INPUT.C: Just set model_type to 2 (should be 2)

DEBUG: Reading v3 canonical parameters...
  f_eV = 5.000000e+26 eV
  Lambda_EDE = 8.236302e-01 eV, theta_E_center = 0.00, sigma_E = 0.40
  Lambda_tail = 2.300000e-03 eV, alpha_tail = 1.00
BACKGROUND_INIT ENTERED: Lambda=0.00e+00
DEBUG BG_INIT ENTRY: model_type=2
DEBUG AFTER CHECKS: model_type=2 has_ridder=1
RIDDER DEBUG (background_init): has_ridder=1, Lambda_EDE_ridder=0.000000e+00, f_axion_ridder=1.000000e+16, theta_i_ridder=2.800000e+00, beta_ridder=0.000000e+00
BG_INIT: entering background_checks
BG_INIT: background_checks OK
RIDDER FREEZE FLAG (from input): ridder_freeze_phi = 0, force_damping = 1.000e+00
DEBUG SHOOTING CHECK: has_ridder=1, model_type=2 (unified=1), use_shooting_EDE=0
BG_INIT: entering background_solve
BACKGROUND_SOLVE ENTERED: has_ridder=1 Lambda=0.00e+00
RIDDER IC DEBUG: model_type=2 f_for_ic=5.000000e+26 theta_i=2.800000e+00 phi_ini=1.400000e+27
ABOUT TO INTEGRATE: bi_size=7 has_ridder=1 Lambda=0.00e+00
DERIVS_ENTRY: call#=575000 has_ridder=1 Lambda=0.00e+00 a=1.05e-12
BG_INIT: background_solve OK

========================================
RIDDER FINAL STATE (a=1, z=0):
  rho_ridder = 1.394599e-14 Mpc^-2
  rho_tot    = 6.602228e-08 Mpc^-2
  f_ridder   = 2.112316e-07 (fraction of total)
  Omega_ridder = 0.000000 (if f ~ Omega_Lambda)
========================================

DEBUG INPUT.C: Just set model_type to 2 (should be 2)

DEBUG: Reading v3 canonical parameters...
  f_eV = 5.000000e+26 eV
  Lambda_EDE = 8.296170e-01 eV, theta_E_center = 0.00, sigma_E = 0.40
  Lambda_tail = 2.300000e-03 eV, alpha_tail = 1.00
BACKGROUND_INIT ENTERED: Lambda=0.00e+00
DEBUG BG_INIT ENTRY: model_type=2
DEBUG AFTER CHECKS: model_type=2 has_ridder=1
RIDDER DEBUG (background_init): has_ridder=1, Lambda_EDE_ridder=0.000000e+00, f_axion_ridder=1.000000e+16, theta_i_ridder=2.800000e+00, beta_ridder=0.000000e+00
BG_INIT: entering background_checks
BG_INIT: background_checks OK
RIDDER FREEZE FLAG (from input): ridder_freeze_phi = 0, force_damping = 1.000e+00
DEBUG SHOOTING CHECK: has_ridder=1, model_type=2 (unified=1), use_shooting_EDE=0
BG_INIT: entering background_solve
BACKGROUND_SOLVE ENTERED: has_ridder=1 Lambda=0.00e+00
RIDDER IC DEBUG: model_type=2 f_for_ic=5.000000e+26 theta_i=2.800000e+00 phi_ini=1.400000e+27
ABOUT TO INTEGRATE: bi_size=7 has_ridder=1 Lambda=0.00e+00
DERIVS_ENTRY: call#=580000 has_ridder=1 Lambda=0.00e+00 a=7.59e-04
BG_INIT: background_solve OK

========================================
RIDDER FINAL STATE (a=1, z=0):
  rho_ridder = 1.291051e-14 Mpc^-2
  rho_tot    = 6.530899e-08 Mpc^-2
  f_ridder   = 1.976834e-07 (fraction of total)
  Omega_ridder = 0.000000 (if f ~ Omega_Lambda)
========================================

DEBUG INPUT.C: Just set model_type to 2 (should be 2)

DEBUG: Reading v3 canonical parameters...
  f_eV = 5.000000e+26 eV
  Lambda_EDE = 7.586529e-01 eV, theta_E_center = 0.00, sigma_E = 0.40
  Lambda_tail = 2.300000e-03 eV, alpha_tail = 1.00
BACKGROUND_INIT ENTERED: Lambda=0.00e+00
DEBUG BG_INIT ENTRY: model_type=2
DEBUG AFTER CHECKS: model_type=2 has_ridder=1
RIDDER DEBUG (background_init): has_ridder=1, Lambda_EDE_ridder=0.000000e+00, f_axion_ridder=1.000000e+16, theta_i_ridder=2.800000e+00, beta_ridder=0.000000e+00
BG_INIT: entering background_checks
BG_INIT: background_checks OK
RIDDER FREEZE FLAG (from input): ridder_freeze_phi = 0, force_damping = 1.000e+00
DEBUG SHOOTING CHECK: has_ridder=1, model_type=2 (unified=1), use_shooting_EDE=0
BG_INIT: entering background_solve
BACKGROUND_SOLVE ENTERED: has_ridder=1 Lambda=0.00e+00
RIDDER IC DEBUG: model_type=2 f_for_ic=5.000000e+26 theta_i=2.800000e+00 phi_ini=1.400000e+27
ABOUT TO INTEGRATE: bi_size=7 has_ridder=1 Lambda=0.00e+00
DERIVS_ENTRY: call#=585000 has_ridder=1 Lambda=0.00e+00 a=6.43e-02
BG_INIT: background_solve OK

========================================
RIDDER FINAL STATE (a=1, z=0):
  rho_ridder = 1.118786e-14 Mpc^-2
  rho_tot    = 6.601321e-08 Mpc^-2
  f_ridder   = 1.694791e-07 (fraction of total)
  Omega_ridder = 0.000000 (if f ~ Omega_Lambda)
========================================

DEBUG INPUT.C: Just set model_type to 2 (should be 2)

DEBUG: Reading v3 canonical parameters...
  f_eV = 5.000000e+26 eV
  Lambda_EDE = 8.862399e-01 eV, theta_E_center = 0.00, sigma_E = 0.40
  Lambda_tail = 2.300000e-03 eV, alpha_tail = 1.00
BACKGROUND_INIT ENTERED: Lambda=0.00e+00
DEBUG BG_INIT ENTRY: model_type=2
DEBUG AFTER CHECKS: model_type=2 has_ridder=1
RIDDER DEBUG (background_init): has_ridder=1, Lambda_EDE_ridder=0.000000e+00, f_axion_ridder=1.000000e+16, theta_i_ridder=2.800000e+00, beta_ridder=0.000000e+00
BG_INIT: entering background_checks
BG_INIT: background_checks OK
RIDDER FREEZE FLAG (from input): ridder_freeze_phi = 0, force_damping = 1.000e+00
DEBUG SHOOTING CHECK: has_ridder=1, model_type=2 (unified=1), use_shooting_EDE=0
BG_INIT: entering background_solve
BACKGROUND_SOLVE ENTERED: has_ridder=1 Lambda=0.00e+00
RIDDER IC DEBUG: model_type=2 f_for_ic=5.000000e+26 theta_i=2.800000e+00 phi_ini=1.400000e+27
ABOUT TO INTEGRATE: bi_size=7 has_ridder=1 Lambda=0.00e+00
BG_INIT: background_solve OK

========================================
RIDDER FINAL STATE (a=1, z=0):
  rho_ridder = 2.145818e-14 Mpc^-2
  rho_tot    = 6.500197e-08 Mpc^-2
  f_ridder   = 3.301158e-07 (fraction of total)
  Omega_ridder = 0.000000 (if f ~ Omega_Lambda)
========================================

DEBUG INPUT.C: Just set model_type to 2 (should be 2)

DEBUG: Reading v3 canonical parameters...
  f_eV = 5.000000e+26 eV
  Lambda_EDE = 8.171981e-01 eV, theta_E_center = 0.00, sigma_E = 0.40
  Lambda_tail = 2.300000e-03 eV, alpha_tail = 1.00
BACKGROUND_INIT ENTERED: Lambda=0.00e+00
DEBUG BG_INIT ENTRY: model_type=2
DEBUG AFTER CHECKS: model_type=2 has_ridder=1
RIDDER DEBUG (background_init): has_ridder=1, Lambda_EDE_ridder=0.000000e+00, f_axion_ridder=1.000000e+16, theta_i_ridder=2.800000e+00, beta_ridder=0.000000e+00
BG_INIT: entering background_checks
BG_INIT: background_checks OK
RIDDER FREEZE FLAG (from input): ridder_freeze_phi = 0, force_damping = 1.000e+00
DEBUG SHOOTING CHECK: has_ridder=1, model_type=2 (unified=1), use_shooting_EDE=0
BG_INIT: entering background_solve
BACKGROUND_SOLVE ENTERED: has_ridder=1 Lambda=0.00e+00
RIDDER IC DEBUG: model_type=2 f_for_ic=5.000000e+26 theta_i=2.800000e+00 phi_ini=1.400000e+27
ABOUT TO INTEGRATE: bi_size=7 has_ridder=1 Lambda=0.00e+00
DERIVS_ENTRY: call#=590000 has_ridder=1 Lambda=0.00e+00 a=1.28e-11
BG_INIT: background_solve OK

========================================
RIDDER FINAL STATE (a=1, z=0):
  rho_ridder = 1.435057e-14 Mpc^-2
  rho_tot    = 7.250647e-08 Mpc^-2
  f_ridder   = 1.979213e-07 (fraction of total)
  Omega_ridder = 0.000000 (if f ~ Omega_Lambda)
========================================

DEBUG INPUT.C: Just set model_type to 2 (should be 2)

DEBUG: Reading v3 canonical parameters...
  f_eV = 5.000000e+26 eV
  Lambda_EDE = 7.725367e-01 eV, theta_E_center = 0.00, sigma_E = 0.40
  Lambda_tail = 2.300000e-03 eV, alpha_tail = 1.00
BACKGROUND_INIT ENTERED: Lambda=0.00e+00
DEBUG BG_INIT ENTRY: model_type=2
DEBUG AFTER CHECKS: model_type=2 has_ridder=1
RIDDER DEBUG (background_init): has_ridder=1, Lambda_EDE_ridder=0.000000e+00, f_axion_ridder=1.000000e+16, theta_i_ridder=2.800000e+00, beta_ridder=0.000000e+00
BG_INIT: entering background_checks
BG_INIT: background_checks OK
RIDDER FREEZE FLAG (from input): ridder_freeze_phi = 0, force_damping = 1.000e+00
DEBUG SHOOTING CHECK: has_ridder=1, model_type=2 (unified=1), use_shooting_EDE=0
BG_INIT: entering background_solve
BACKGROUND_SOLVE ENTERED: has_ridder=1 Lambda=0.00e+00
RIDDER IC DEBUG: model_type=2 f_for_ic=5.000000e+26 theta_i=2.800000e+00 phi_ini=1.400000e+27
ABOUT TO INTEGRATE: bi_size=7 has_ridder=1 Lambda=0.00e+00
DERIVS_ENTRY: call#=595000 has_ridder=1 Lambda=0.00e+00 a=7.74e-04
BG_INIT: background_solve OK

========================================
RIDDER FINAL STATE (a=1, z=0):
  rho_ridder = 2.137332e-14 Mpc^-2
  rho_tot    = 6.370427e-08 Mpc^-2
  f_ridder   = 3.355085e-07 (fraction of total)
  Omega_ridder = 0.000000 (if f ~ Omega_Lambda)
========================================

DEBUG INPUT.C: Just set model_type to 2 (should be 2)

DEBUG: Reading v3 canonical parameters...
  f_eV = 5.000000e+26 eV
  Lambda_EDE = 8.032108e-01 eV, theta_E_center = 0.00, sigma_E = 0.40
  Lambda_tail = 2.300000e-03 eV, alpha_tail = 1.00
BACKGROUND_INIT ENTERED: Lambda=0.00e+00
DEBUG BG_INIT ENTRY: model_type=2
DEBUG AFTER CHECKS: model_type=2 has_ridder=1
RIDDER DEBUG (background_init): has_ridder=1, Lambda_EDE_ridder=0.000000e+00, f_axion_ridder=1.000000e+16, theta_i_ridder=2.800000e+00, beta_ridder=0.000000e+00
BG_INIT: entering background_checks
BG_INIT: background_checks OK
RIDDER FREEZE FLAG (from input): ridder_freeze_phi = 0, force_damping = 1.000e+00
DEBUG SHOOTING CHECK: has_ridder=1, model_type=2 (unified=1), use_shooting_EDE=0
BG_INIT: entering background_solve
BACKGROUND_SOLVE ENTERED: has_ridder=1 Lambda=0.00e+00
RIDDER IC DEBUG: model_type=2 f_for_ic=5.000000e+26 theta_i=2.800000e+00 phi_ini=1.400000e+27
ABOUT TO INTEGRATE: bi_size=7 has_ridder=1 Lambda=0.00e+00
DERIVS_ENTRY: call#=600000 has_ridder=1 Lambda=0.00e+00 a=4.30e-02
BG_INIT: background_solve OK

========================================
RIDDER FINAL STATE (a=1, z=0):
  rho_ridder = 2.029932e-14 Mpc^-2
  rho_tot    = 6.575644e-08 Mpc^-2
  f_ridder   = 3.087046e-07 (fraction of total)
  Omega_ridder = 0.000000 (if f ~ Omega_Lambda)
============================[mcmc] Progress @ 2025-11-26 19:02:38 : 4953 steps taken, and 511 accepted.
============

DEBUG INPUT.C: Just set model_type to 2 (should be 2)

DEBUG: Reading v3 canonical parameters...
  f_eV = 5.000000e+26 eV
  Lambda_EDE = 8.064348e-01 eV, theta_E_center = 0.00, sigma_E = 0.40
  Lambda_tail = 2.300000e-03 eV, alpha_tail = 1.00
BACKGROUND_INIT ENTERED: Lambda=0.00e+00
DEBUG BG_INIT ENTRY: model_type=2
DEBUG AFTER CHECKS: model_type=2 has_ridder=1
RIDDER DEBUG (background_init): has_ridder=1, Lambda_EDE_ridder=0.000000e+00, f_axion_ridder=1.000000e+16, theta_i_ridder=2.800000e+00, beta_ridder=0.000000e+00
BG_INIT: entering background_checks
BG_INIT: background_checks OK
RIDDER FREEZE FLAG (from input): ridder_freeze_phi = 0, force_damping = 1.000e+00
DEBUG SHOOTING CHECK: has_ridder=1, model_type=2 (unified=1), use_shooting_EDE=0
BG_INIT: entering background_solve
BACKGROUND_SOLVE ENTERED: has_ridder=1 Lambda=0.00e+00
RIDDER IC DEBUG: model_type=2 f_for_ic=5.000000e+26 theta_i=2.800000e+00 phi_ini=1.400000e+27
ABOUT TO INTEGRATE: bi_size=7 has_ridder=1 Lambda=0.00e+00
BG_INIT: background_solve OK

========================================
RIDDER FINAL STATE (a=1, z=0):
  rho_ridder = 1.848935e-14 Mpc^-2
  rho_tot    = 6.554422e-08 Mpc^-2
  f_ridder   = 2.820898e-07 (fraction of total)
  Omega_ridder = 0.000000 (if f ~ Omega_Lambda)
========================================

DEBUG INPUT.C: Just set model_type to 2 (should be 2)

DEBUG: Reading v3 canonical parameters...
  f_eV = 5.000000e+26 eV
  Lambda_EDE = 7.731087e-01 eV, theta_E_center = 0.00, sigma_E = 0.40
  Lambda_tail = 2.300000e-03 eV, alpha_tail = 1.00
BACKGROUND_INIT ENTERED: Lambda=0.00e+00
DEBUG BG_INIT ENTRY: model_type=2
DEBUG AFTER CHECKS: model_type=2 has_ridder=1
RIDDER DEBUG (background_init): has_ridder=1, Lambda_EDE_ridder=0.000000e+00, f_axion_ridder=1.000000e+16, theta_i_ridder=2.800000e+00, beta_ridder=0.000000e+00
BG_INIT: entering background_checks
BG_INIT: background_checks OK
RIDDER FREEZE FLAG (from input): ridder_freeze_phi = 0, force_damping = 1.000e+00
DEBUG SHOOTING CHECK: has_ridder=1, model_type=2 (unified=1), use_shooting_EDE=0
BG_INIT: entering background_solve
BACKGROUND_SOLVE ENTERED: has_ridder=1 Lambda=0.00e+00
RIDDER IC DEBUG: model_type=2 f_for_ic=5.000000e+26 theta_i=2.800000e+00 phi_ini=1.400000e+27
ABOUT TO INTEGRATE: bi_size=7 has_ridder=1 Lambda=0.00e+00
DERIVS_ENTRY: call#=605000 has_ridder=1 Lambda=0.00e+00 a=2.51e-12
BG_INIT: background_solve OK

========================================
RIDDER FINAL STATE (a=1, z=0):
  rho_ridder = 1.948115e-14 Mpc^-2
  rho_tot    = 6.313100e-08 Mpc^-2
  f_ridder   = 3.085829e-07 (fraction of total)
  Omega_ridder = 0.000000 (if f ~ Omega_Lambda)
========================================

DEBUG INPUT.C: Just set model_type to 2 (should be 2)

DEBUG: Reading v3 canonical parameters...
  f_eV = 5.000000e+26 eV
  Lambda_EDE = 8.030740e-01 eV, theta_E_center = 0.00, sigma_E = 0.40
  Lambda_tail = 2.300000e-03 eV, alpha_tail = 1.00
BACKGROUND_INIT ENTERED: Lambda=0.00e+00
DEBUG BG_INIT ENTRY: model_type=2
DEBUG AFTER CHECKS: model_type=2 has_ridder=1
RIDDER DEBUG (background_init): has_ridder=1, Lambda_EDE_ridder=0.000000e+00, f_axion_ridder=1.000000e+16, theta_i_ridder=2.800000e+00, beta_ridder=0.000000e+00
BG_INIT: entering background_checks
BG_INIT: background_checks OK
RIDDER FREEZE FLAG (from input): ridder_freeze_phi = 0, force_damping = 1.000e+00
DEBUG SHOOTING CHECK: has_ridder=1, model_type=2 (unified=1), use_shooting_EDE=0
BG_INIT: entering background_solve
BACKGROUND_SOLVE ENTERED: has_ridder=1 Lambda=0.00e+00
RIDDER IC DEBUG: model_type=2 f_for_ic=5.000000e+26 theta_i=2.800000e+00 phi_ini=1.400000e+27
ABOUT TO INTEGRATE: bi_size=7 has_ridder=1 Lambda=0.00e+00
DERIVS_ENTRY: call#=610000 has_ridder=1 Lambda=0.00e+00 a=1.25e-03
BG_INIT: background_solve OK

========================================
RIDDER FINAL STATE (a=1, z=0):
  rho_ridder = 1.547898e-14 Mpc^-2
  rho_tot    = 6.745588e-08 Mpc^-2
  f_ridder   = 2.294682e-07 (fraction of total)
  Omega_ridder = 0.000000 (if f ~ Omega_Lambda)
========================================

DEBUG INPUT.C: Just set mod