[output] Output to be read-from/written-into folder 'chains', with prefix 'tier3_v3_trgb'
[prior] *WARNING* External prior 'SZ' loaded. Mind that it might not be normalized!
[classy] `classy` module loaded successfully from /home/ridderadmin/Ridder-Field/phase2/class
[planck_2018_highl_plik.ttteee] `clipy` module loaded successfully from /home/ridderadmin/Ridder-Field/phase3/packages/code/planck/clipy/clipy
----
clipy_0.15
Checking likelihood '/home/ridderadmin/Ridder-Field/phase3/packages/data/planck_2018/baseline/plc_3.0/hi_l/plik/plik_rd12_HM_v22b_TTTEEE.clik' on test data. got -1172.47 expected -1172.47 (diff 4.00569e-06)
----
[planck_2018_lensing.clik] `clipy` module loaded successfully from /home/ridderadmin/Ridder-Field/phase3/packages/code/planck/clipy/clipy
----
clipy_0.15
Checking likelihood '/home/ridderadmin/Ridder-Field/phase3/packages/data/planck_2018/baseline/plc_3.0/lensing/smicadx12_Dec5_ftl_mv2_ndclpp_p_teb_consext8.clik_lensing' on test data. got -4.42102
----
[bao.sixdf_2011_bao] Initialized.
[bao.sdss_dr12_consensus_bao] Initialized.
[trgb_h0] Initialized external likelihood.
[mcmc] Getting initial point... (this may take a few seconds)
[mcmc] Initial point: logA:3.044, n_s:0.9649, H0:69, omega_b:0.02237, omega_cdm:0.12, tau_reio:0.0544, ridder_Lambda_EDE_eV:0.5, ridder_a_c:0.0003, ridder_sigma_lna:0.6, A_planck:0.9986446, calib_100T:1.002097, calib_217T:0.9986629, A_cib_217:66.30318, xi_sz_cib:0.2091351, A_sz:7.160879, ksz_norm:0.438663, gal545_A_100:7.793635, gal545_A_143:8.895228, gal545_A_143_217:21.9802, gal545_A_217:86.14725, ps_A_100_100:259.0681, ps_A_143_143:41.50444, ps_A_143_217:68.82327, ps_A_217_217:120.8303, galf_TE_A_100:0.1454451, galf_TE_A_100_143:0.1536114, galf_TE_A_100_217:0.4956867, galf_TE_A_143:0.03837581, galf_TE_A_143_217:0.6968167, galf_TE_A_217:2.131811
[model] Measuring speeds... (this may take a few seconds)
DEBUG INPUT.C: Just set model_type to 2 (should be 2)

DEBUG: Reading v3 canonical parameters...
  f_eV = 2.000000e+26 eV
  Lambda_EDE = 5.000000e-01 eV, theta_E_center = 0.00, sigma_E = 0.40
  Lambda_tail = 2.300000e-03 eV, alpha_tail = 1.00
BACKGROUND_INIT ENTERED: Lambda=0.00e+00
DEBUG BG_INIT ENTRY: model_type=2
DEBUG AFTER CHECKS: model_type=2 has_ridder=1
RIDDER DEBUG (background_init): has_ridder=1, Lambda_EDE_ridder=0.000000e+00, f_axion_ridder=1.000000e+16, theta_i_ridder=2.800000e+00, beta_ridder=0.000000e+00
BG_INIT: entering background_checks
BG_INIT: background_checks OK
RIDDER FREEZE FLAG (from input): ridder_freeze_phi = 0, force_damping = 1.000e+00
DEBUG SHOOTING CHECK: has_ridder=1, model_type=2 (unified=1), use_shooting_EDE=0
BG_INIT: entering background_solve
BACKGROUND_SOLVE ENTERED: has_ridder=1 Lambda=0.00e+00
RIDDER IC DEBUG: model_type=2 f_for_ic=2.000000e+26 theta_i=2.800000e+00 phi_ini=5.600000e+26
V3_CANON BRANCH HIT! model_type=2
V3_POT: a=1.000e-14 theta=2.80 V_theta=4.579e-01 Lambda_EDE=5.000e-01
V3_POT: a=1.000e-14 theta=2.80 V_theta=4.579e-01 Lambda_EDE=5.000e-01
V3_POT: a=1.000e-14 theta=2.80 V_theta=4.579e-01 Lambda_EDE=5.000e-01
V3_POT: a=1.000e-14 theta=2.80 V_theta=4.579e-01 Lambda_EDE=5.000e-01
ABOUT TO INTEGRATE: bi_size=7 has_ridder=1 Lambda=0.00e+00
BG_DERIVS: FIRST CALL at a = 1.000e-14
  phi_ridder = 5.600e+26 eV, phi_prime_ridder = 0.000e+00 eV/Mpc
V3_CANON BRANCH HIT! model_type=2
V3_POT: a=1.000e-14 theta=2.80 V_theta=4.579e-01 Lambda_EDE=5.000e-01
RIDDER DERIVS: First call! has_ridder=1 Lambda=0.00e+00 fluid_mode=0
CHECKPOINT_A: call#=1
CHECKPOINT_B: call#=1
CHECKPOINT_C: call#=1
CHECKPOINT_E: After switching block
CHECKPOINT_F: After debug block
PRE_IF: call#=1 fluid_mode=0 _FALSE_=0 condition=1
V3_CANON BRANCH HIT! model_type=2
CHECKPOINT_A: call#=2
CHECKPOINT_B: call#=2
CHECKPOINT_C: call#=2
CHECKPOINT_E: After switching block
CHECKPOINT_F: After debug block
PRE_IF: call#=2 fluid_mode=0 _FALSE_=0 condition=1
CHECKPOINT_A: call#=3
CHECKPOINT_B: call#=3
CHECKPOINT_C: call#=3
CHECKPOINT_E: After switching block
CHECKPOINT_F: After debug block
PRE_IF: call#=3 fluid_mode=0 _FALSE_=0 condition=1
CHECKPOINT_A: call#=4
CHECKPOINT_B: call#=4
CHECKPOINT_C: call#=4
CHECKPOINT_E: After switching block
CHECKPOINT_F: After debug block
PRE_IF: call#=4 fluid_mode=0 _FALSE_=0 condition=1
PRE_IF: call#=5 fluid_mode=0 _FALSE_=0 condition=1
PRE_IF: call#=6 fluid_mode=0 _FALSE_=0 condition=1
PRE_IF: call#=7 fluid_mode=0 _FALSE_=0 condition=1
PRE_IF: call#=8 fluid_mode=0 _FALSE_=0 condition=1
PRE_IF: call#=9 fluid_mode=0 _FALSE_=0 condition=1
BG_INIT: background_solve OK

========================================
RIDDER FINAL STATE (a=1, z=0):
  rho_ridder = 2.696482e-15 Mpc^-2
  rho_tot    = 5.297327e-08 Mpc^-2
  f_ridder   = 5.090268e-08 (fraction of total)
  Omega_ridder = 0.000000 (if f ~ Omega_Lambda)
========================================

RIDDER IC: k=5.819e+00 coeff=2.274e-13 delta_g=-1.633e-03
RIDDER IC: k=4.622e+00 coeff=4.547e-13 delta_g=-1.633e-03
RIDDER IC: k=3.671e+00 coeff=1.137e-12 delta_g=-1.633e-03
DEBUG INPUT.C: Just set model_type to 2 (should be 2)

DEBUG: Reading v3 canonical parameters...
  f_eV = 2.000000e+26 eV
  Lambda_EDE = 5.374651e-01 eV, theta_E_center = 0.00, sigma_E = 0.40
  Lambda_tail = 2.300000e-03 eV, alpha_tail = 1.00
BACKGROUND_INIT ENTERED: Lambda=0.00e+00
DEBUG BG_INIT ENTRY: model_type=2
DEBUG AFTER CHECKS: model_type=2 has_ridder=1
RIDDER DEBUG (background_init): has_ridder=1, Lambda_EDE_ridder=0.000000e+00, f_axion_ridder=1.000000e+16, theta_i_ridder=2.800000e+00, beta_ridder=0.000000e+00
BG_INIT: entering background_checks
BG_INIT: background_checks OK
RIDDER FREEZE FLAG (from input): ridder_freeze_phi = 0, force_damping = 1.000e+00
DEBUG SHOOTING CHECK: has_ridder=1, model_type=2 (unified=1), use_shooting_EDE=0
BG_INIT: entering background_solve
BACKGROUND_SOLVE ENTERED: has_ridder=1 Lambda=0.00e+00
RIDDER IC DEBUG: model_type=2 f_for_ic=2.000000e+26 theta_i=2.800000e+00 phi_ini=5.600000e+26
ABOUT TO INTEGRATE: bi_size=7 has_ridder=1 Lambda=0.00e+0[model] Setting measured speeds (per sec): {planck_2018_lowl.TT: 810.0, planck_2018_lowl.EE: 2940.0, planck_2018_highl_plik.TTTEEE: 12.3, planck_2018_lensing.clik: 444.0, bao.sixdf_2011_bao: 1400.0, bao.sdss_dr7_mgs: 2570.0, bao.sdss_dr12_consensus_bao: 406.0, trgb_h0: 51300.0, classy: 0.0536}
[mcmc] Oversampling with factors:
[mcmc] * 1 : ['H0']
[mcmc] * 1 : ['logA', 'n_s', 'omega_b', 'omega_cdm', 'tau_reio', 'ridder_Lambda_EDE_eV', 'ridder_a_c', 'ridder_sigma_lna']
[mcmc] * 8 : ['A_planck']
[mcmc] * 8 : ['calib_100T', 'calib_217T', 'A_cib_217', 'xi_sz_cib', 'A_sz', 'ksz_norm', 'gal545_A_100', 'gal545_A_143', 'gal545_A_143_217', 'gal545_A_217', 'ps_A_100_100', 'ps_A_143_143', 'ps_A_143_217', 'ps_A_217_217', 'galf_TE_A_100', 'galf_TE_A_100_143', 'galf_TE_A_100_217', 'galf_TE_A_143', 'galf_TE_A_143_217', 'galf_TE_A_217']
[mcmc] Sampling!
[mcmc] Progress @ 2025-11-26 19:29:53 : 1 steps taken, and 0 accepted.
0
DERIVS_ENTRY: call#=5000 has_ridder=1 Lambda=0.00e+00 a=2.38e-04
BG_INIT: background_solve OK

========================================
RIDDER FINAL STATE (a=1, z=0):
  rho_ridder = 2.036785e-15 Mpc^-2
  rho_tot    = 5.357166e-08 Mpc^-2
  f_ridder   = 3.801983e-08 (fraction of total)
  Omega_ridder = 0.000000 (if f ~ Omega_Lambda)
========================================

DEBUG INPUT.C: Just set model_type to 2 (should be 2)

DEBUG: Reading v3 canonical parameters...
  f_eV = 2.000000e+26 eV
  Lambda_EDE = 5.304953e-01 eV, theta_E_center = 0.00, sigma_E = 0.40
  Lambda_tail = 2.300000e-03 eV, alpha_tail = 1.00
BACKGROUND_INIT ENTERED: Lambda=0.00e+00
DEBUG BG_INIT ENTRY: model_type=2
DEBUG AFTER CHECKS: model_type=2 has_ridder=1
RIDDER DEBUG (background_init): has_ridder=1, Lambda_EDE_ridder=0.000000e+00, f_axion_ridder=1.000000e+16, theta_i_ridder=2.800000e+00, beta_ridder=0.000000e+00
BG_INIT: entering background_checks
BG_INIT: background_checks OK
RIDDER FREEZE FLAG (from input): ridder_freeze_phi = 0, force_damping = 1.000e+00
DEBUG SHOOTING CHECK: has_ridder=1, model_type=2 (unified=1), use_shooting_EDE=0
BG_INIT: entering background_solve
BACKGROUND_SOLVE ENTERED: has_ridder=1 Lambda=0.00e+00
RIDDER IC DEBUG: model_type=2 f_for_ic=2.000000e+26 theta_i=2.800000e+00 phi_ini=5.600000e+26
ABOUT TO INTEGRATE: bi_size=7 has_ridder=1 Lambda=0.00e+00
DERIVS_ENTRY: call#=10000 has_ridder=1 Lambda=0.00e+00 a=1.93e-02
BG_INIT: background_solve OK

========================================
RIDDER FINAL STATE (a=1, z=0):
  rho_ridder = 2.134430e-15 Mpc^-2
  rho_tot    = 5.366484e-08 Mpc^-2
  f_ridder   = 3.977333e-08 (fraction of total)
  Omega_ridder = 0.000000 (if f ~ Omega_Lambda)
========================================

DEBUG INPUT.C: Just set model_type to 2 (should be 2)

DEBUG: Reading v3 canonical parameters...
  f_eV = 2.000000e+26 eV
  Lambda_EDE = 4.860161e-01 eV, theta_E_center = 0.00, sigma_E = 0.40
  Lambda_tail = 2.300000e-03 eV, alpha_tail = 1.00
BACKGROUND_INIT ENTERED: Lambda=0.00e+00
DEBUG BG_INIT ENTRY: model_type=2
DEBUG AFTER CHECKS: model_type=2 has_ridder=1
RIDDER DEBUG (background_init): has_ridder=1, Lambda_EDE_ridder=0.000000e+00, f_axion_ridder=1.000000e+16, theta_i_ridder=2.800000e+00, beta_ridder=0.000000e+00
BG_INIT: entering background_checks
BG_INIT: background_checks OK
RIDDER FREEZE FLAG (from input): ridder_freeze_phi = 0, force_damping = 1.000e+00
DEBUG SHOOTING CHECK: has_ridder=1, model_type=2 (unified=1), use_shooting_EDE=0
BG_INIT: entering background_solve
BACKGROUND_SOLVE ENTERED: has_ridder=1 Lambda=0.00e+00
RIDDER IC DEBUG: model_type=2 f_for_ic=2.000000e+26 theta_i=2.800000e+00 phi_ini=5.600000e+26
ABOUT TO INTEGRATE: bi_size=7 has_ridder=1 Lambda=0.00e+00
BG_INIT: background_solve OK

========================================
RIDDER FINAL STATE (a=1, z=0):
  rho_ridder = 2.036492e-15 Mpc^-2
  rho_tot    = 5.409791e-08 Mpc^-2
  f_ridder   = 3.764456e-08 (fraction of total)
  Omega_ridder = 0.000000 (if f ~ Omega_Lambda)
========================================

DEBUG INPUT.C: Just set model_type to 2 (should be 2)

DEBUG: Reading v3 canonical parameters...
  f_eV = 2.000000e+26 eV
  Lambda_EDE = 5.000000e-01 eV, theta_E_center = 0.00, sigma_E = 0.40
  Lambda_tail = 2.300000e-03 eV, alpha_tail = 1.00
BACKGROUND_INIT ENTERED: Lambda=0.00e+00
DEBUG BG_INIT ENTRY: model_type=2
DEBUG AFTER CHECKS: model_type=2 has_ridder=1
RIDDER DEBUG (background_init): has_ridder=1, Lambda_EDE_ridder=0.000000e+00, f_axion_ridder=1.000000e+16, theta_i_ridder=2.800000e+00, beta_ridder=0.000000e+00
BG_INIT: entering background_checks
BG_INIT: background_checks OK
RIDDER FREEZE FLAG (from input): ridder_freeze_phi = 0, force_damping = 1.000e+00
DEBUG SHOOTING CHECK: has_ridder=1, model_type=2 (unified=1), use_shooting_EDE=0
BG_INIT: entering background_solve
BACKGROUND_SOLVE ENTERED: has_ridder=1 Lambda=0.00e+00
RIDDER IC DEBUG: model_type=2 f_for_ic=2.000000e+26 theta_i=2.800000e+00 phi_ini=5.600000e+26
ABOUT TO INTEGRATE: bi_size=7 has_ridder=1 Lambda=0.00e+00
DERIVS_ENTRY: call#=15000 has_ridder=1 Lam[mcmc] Progress @ 2025-11-26 19:30:53 : 62 steps taken, and 7 accepted.
bda=0.00e+00 a=8.32e-12
BG_INIT: background_solve OK

========================================
RIDDER FINAL STATE (a=1, z=0):
  rho_ridder = 2.696482e-15 Mpc^-2
  rho_tot    = 5.297327e-08 Mpc^-2
  f_ridder   = 5.090268e-08 (fraction of total)
  Omega_ridder = 0.000000 (if f ~ Omega_Lambda)
========================================

DEBUG INPUT.C: Just set model_type to 2 (should be 2)

DEBUG: Reading v3 canonical parameters...
  f_eV = 2.000000e+26 eV
  Lambda_EDE = 4.887233e-01 eV, theta_E_center = 0.00, sigma_E = 0.40
  Lambda_tail = 2.300000e-03 eV, alpha_tail = 1.00
BACKGROUND_INIT ENTERED: Lambda=0.00e+00
DEBUG BG_INIT ENTRY: model_type=2
DEBUG AFTER CHECKS: model_type=2 has_ridder=1
RIDDER DEBUG (background_init): has_ridder=1, Lambda_EDE_ridder=0.000000e+00, f_axion_ridder=1.000000e+16, theta_i_ridder=2.800000e+00, beta_ridder=0.000000e+00
BG_INIT: entering background_checks
BG_INIT: background_checks OK
RIDDER FREEZE FLAG (from input): ridder_freeze_phi = 0, force_damping = 1.000e+00
DEBUG SHOOTING CHECK: has_ridder=1, model_type=2 (unified=1), use_shooting_EDE=0
BG_INIT: entering background_solve
BACKGROUND_SOLVE ENTERED: has_ridder=1 Lambda=0.00e+00
RIDDER IC DEBUG: model_type=2 f_for_ic=2.000000e+26 theta_i=2.800000e+00 phi_ini=5.600000e+26
ABOUT TO INTEGRATE: bi_size=7 has_ridder=1 Lambda=0.00e+00
DERIVS_ENTRY: call#=20000 has_ridder=1 Lambda=0.00e+00 a=1.63e-03
BG_INIT: background_solve OK

========================================
RIDDER FINAL STATE (a=1, z=0):
  rho_ridder = 1.658135e-15 Mpc^-2
  rho_tot    = 5.297327e-08 Mpc^-2
  f_ridder   = 3.130136e-08 (fraction of total)
  Omega_ridder = 0.000000 (if f ~ Omega_Lambda)
========================================

DEBUG INPUT.C: Just set model_type to 2 (should be 2)

DEBUG: Reading v3 canonical parameters...
  f_eV = 2.000000e+26 eV
  Lambda_EDE = 4.889425e-01 eV, theta_E_center = 0.00, sigma_E = 0.40
  Lambda_tail = 2.300000e-03 eV, alpha_tail = 1.00
BACKGROUND_INIT ENTERED: Lambda=0.00e+00
DEBUG BG_INIT ENTRY: model_type=2
DEBUG AFTER CHECKS: model_type=2 has_ridder=1
RIDDER DEBUG (background_init): has_ridder=1, Lambda_EDE_ridder=0.000000e+00, f_axion_ridder=1.000000e+16, theta_i_ridder=2.800000e+00, beta_ridder=0.000000e+00
BG_INIT: entering background_checks
BG_INIT: background_checks OK
RIDDER FREEZE FLAG (from input): ridder_freeze_phi = 0, force_damping = 1.000e+00
DEBUG SHOOTING CHECK: has_ridder=1, model_type=2 (unified=1), use_shooting_EDE=0
BG_INIT: entering background_solve
BACKGROUND_SOLVE ENTERED: has_ridder=1 Lambda=0.00e+00
RIDDER IC DEBUG: model_type=2 f_for_ic=2.000000e+26 theta_i=2.800000e+00 phi_ini=5.600000e+26
ABOUT TO INTEGRATE: bi_size=7 has_ridder=1 Lambda=0.00e+00
DERIVS_ENTRY: call#=25000 has_ridder=1 Lambda=0.00e+00 a=1.91e-01
BG_INIT: background_solve OK

========================================
RIDDER FINAL STATE (a=1, z=0):
  rho_ridder = 1.620562e-15 Mpc^-2
  rho_tot    = 5.297327e-08 Mpc^-2
  f_ridder   = 3.059208e-08 (fraction of total)
  Omega_ridder = 0.000000 (if f ~ Omega_Lambda)
========================================

DEBUG INPUT.C: Just set model_type to 2 (should be 2)

DEBUG: Reading v3 canonical parameters...
  f_eV = 2.000000e+26 eV
  Lambda_EDE = 4.248128e-01 eV, theta_E_center = 0.00, sigma_E = 0.40
  Lambda_tail = 2.300000e-03 eV, alpha_tail = 1.00
BACKGROUND_INIT ENTERED: Lambda=0.00e+00
DEBUG BG_INIT ENTRY: model_type=2
DEBUG AFTER CHECKS: model_type=2 has_ridder=1
RIDDER DEBUG (background_init): has_ridder=1, Lambda_EDE_ridder=0.000000e+00, f_axion_ridder=1.000000e+16, theta_i_ridder=2.800000e+00, beta_ridder=0.000000e+00
BG_INIT: entering background_checks
BG_INIT: background_checks OK
RIDDER FREEZE FLAG (from input): ridder_freeze_phi = 0, force_damping = 1.000e+00
DEBUG SHOOTING CHECK: has_ridder=1, model_type=2 (unified=1), use_shooting_EDE=0
BG_INIT: entering background_solve
BACKGROUND_SOLVE ENTERED: has_ridder=1 Lambda=0.00e+00
RIDDER IC DEBUG: model_type=2 f_for_ic=2.000000e+26 theta_i=2.800000e+00 phi_ini=5.600000e+26
ABOUT TO INTEGRATE: bi_size=7 has_ridder=1 Lambda=0.00e+00
BG_INIT: background_solve OK

========================================
RIDDER FINAL STATE (a=1, z=0):
  rho_ridder = 1.786204e-15 Mpc^-2
  rho_tot    = 5.297327e-08 Mpc^-2
  f_ridder   = 3.371896e-08 (fraction of total)
  Omega_ridder = 0.000000 (if f ~ Omega_Lambda)
========================================

DEBUG INPUT.C: Just set model_type to 2 (should be 2)

DEBUG: Reading v3 canonical parameters...
  f_eV = 2.000000e+26 eV
  Lambda_EDE = 5.070358e-01 eV, theta_E_center = 0.00, sigma_E = 0.40
  Lambda_tail = 2.300000e-03 eV, alpha_tail = 1.00
BACKGROUND_INIT ENTERED: Lambda=0.00e+00
DEBUG BG_INIT ENTRY: model_type=2
DEBUG AFTER CHECKS: model_type=2 has_ridder=1
RIDDER DEBUG (background_init): has_ridder=1, Lambda_EDE_ridder=0.000000e+00, f_axion_ridder=1.000000e+16, theta_i_ridder=2.800000e+00, beta_ridder=0.000000e+00
BG_INIT: entering background_checks
BG_INIT: background_checks OK
RIDDER FREEZE FLAG (from input): ridder_freeze_phi = 0, force_damping = 1.000e+00
DEBUG SHOOTING CHECK: has_ridder=1, model_type=2 (unified=1), use_shooting_EDE=0
BG_INIT: entering background_solve
BACKGROUND_SOLVE ENTERED: has_ridder=1 Lambda=0.00e+00
RIDDER IC DEBUG: model_type=2 f_for_ic=2.000000e+26 theta_i=2.800000e+00 phi_ini=5.600000e+26
ABOUT TO INTEGRATE: bi_size=7 has_ridder=1 Lambda=0.00e+00
DERIVS_ENTRY: call#=30000 has_ridder=1 Lambda=0.00e+00 a=1.57e-05
BG_INIT: background_solve OK

========================================
RIDDER FINAL STATE (a=1, z=0):
  rho_ridder = 3.153734e-15 Mpc^-2
  rho_tot    = 5.297327e-08 Mpc^-2
  f_ridder   = 5.953444e-08 (fraction of total)
  Omega_ridder = 0.000000 (if f ~ Omega_Lambda)
========================================

DEBUG INPUT.C: Just set model_type to 2 (should be 2)

DEBUG: Reading v3 canonical parameters...
  f_eV = 2.000000e+26 eV
  Lambda_EDE = 5.020681e-01 eV, theta_E_center = 0.00, sigma_E = 0.40
  Lambda_tail = 2.300000e-03 eV, alpha_tail = 1.00
BACKGROUND_INIT ENTERED: Lambda=0.00e+00
DEBUG BG_INIT ENTRY: model_type=2
DEBUG AFTER CHECKS: model_type=2 has_ridder=1
RIDDER DEBUG (background_init): has_ridder=1, Lambda_EDE_ridder=0.000000e+00, f_axion_ridder=1.000000e+16, theta_i_ridder=2.800000e+00, beta_ridder=0.000000e+00
BG_INIT: entering background_checks
BG_INIT: background_checks OK
RIDDER FREEZE FLAG (from input): ridder_freeze_phi = 0, force_damping = 1.000e+00
DEBUG SHOOTING CHECK: has_ridder=1, model_type=2 (unified=1), use_shooting_EDE=0
BG_INIT: entering background_solve
BACKGROUND_SOLVE ENTERED: has_ridder=1 Lambda=0.00e+00
RIDDER IC DEBUG: model_type=2 f_for_ic=2.000000e+26 theta_i=2.800000e+00 phi_ini=5.600000e+26
ABOUT TO INTEGRATE: bi_size=7 has_ridder=1 Lambda=0.00e+00
DERIVS_ENTRY: call#=35000 has_ridder=1 Lambda=0.00e+00 a=1.92e-02
BG_INIT: background_solve OK

========================================
RIDDER FINAL STATE (a=1, z=0):
  rho_ridder = 3.435149e-15 Mpc^-2
  rho_tot    = 5.297327e-08 Mpc^-2
  f_ridder   = 6.484683e-08 (fraction of total)
  Omega_ridder = 0.000000 (if f ~ Omega_Lambda)
========================================

DEBUG INPUT.C: Just set model_type to 2 (should be 2)

DEBUG: Reading v3 canonical parameters...
  f_eV = 2.000000e+26 eV
  Lambda_EDE = 5.228741e-01 eV, theta_E_center = 0.00, sigma_E = 0.40
  Lambda_tail = 2.300000e-03 eV, alpha_tail = 1.00
BACKGROUND_INIT ENTERED: Lambda=0.00e+00
DEBUG BG_INIT ENTRY: model_type=2
DEBUG AFTER CHECKS: model_type=2 has_ridder=1
RIDDER DEBUG (background_init): has_ridder=1, Lambda_EDE_ridder=0.000000e+00, f_axion_ridder=1.000000e+16, theta_i_ridder=2.800000e+00, beta_ridder=0.000000e+00
BG_INIT: entering background_checks
BG_INIT: background_checks OK
RIDDER FREEZE FLAG (from input): ridder_freeze_phi = 0, force_damping = 1.000e+00
DEBUG SHOOTING CHECK: has_ridder=1, model_type=2 (unified=1), use_shooting_EDE=0
BG_INIT: entering background_solve
BACKGROUND_SOLVE ENTERED: has_ridder=1 Lambda=0.00e+00
RIDDER IC DEBUG: model_type=2 f_for_ic=2.000000e+26 theta_i=2.800000e+00 phi_ini=5.600000e+26
ABOUT TO INTEGRATE: bi_size=7 has_ridder=1 Lambda=0.00e+00
BG_INIT: background_solve OK

================================[mcmc] Progress @ 2025-11-26 19:32:11 : 125 steps taken, and 18 accepted.
========
RIDDER FINAL STATE (a=1, z=0):
  rho_ridder = 2.608830e-15 Mpc^-2
  rho_tot    = 5.297327e-08 Mpc^-2
  f_ridder   = 4.924805e-08 (fraction of total)
  Omega_ridder = 0.000000 (if f ~ Omega_Lambda)
========================================

DEBUG INPUT.C: Just set model_type to 2 (should be 2)

DEBUG: Reading v3 canonical parameters...
  f_eV = 2.000000e+26 eV
  Lambda_EDE = 5.000000e-01 eV, theta_E_center = 0.00, sigma_E = 0.40
  Lambda_tail = 2.300000e-03 eV, alpha_tail = 1.00
BACKGROUND_INIT ENTERED: Lambda=0.00e+00
DEBUG BG_INIT ENTRY: model_type=2
DEBUG AFTER CHECKS: model_type=2 has_ridder=1
RIDDER DEBUG (background_init): has_ridder=1, Lambda_EDE_ridder=0.000000e+00, f_axion_ridder=1.000000e+16, theta_i_ridder=2.800000e+00, beta_ridder=0.000000e+00
BG_INIT: entering background_checks
BG_INIT: background_checks OK
RIDDER FREEZE FLAG (from input): ridder_freeze_phi = 0, force_damping = 1.000e+00
DEBUG SHOOTING CHECK: has_ridder=1, model_type=2 (unified=1), use_shooting_EDE=0
BG_INIT: entering background_solve
BACKGROUND_SOLVE ENTERED: has_ridder=1 Lambda=0.00e+00
RIDDER IC DEBUG: model_type=2 f_for_ic=2.000000e+26 theta_i=2.800000e+00 phi_ini=5.600000e+26
ABOUT TO INTEGRATE: bi_size=7 has_ridder=1 Lambda=0.00e+00
DERIVS_ENTRY: call#=40000 has_ridder=1 Lambda=0.00e+00 a=1.53e-14
BG_INIT: background_solve OK

========================================
RIDDER FINAL STATE (a=1, z=0):
  rho_ridder = 2.601110e-15 Mpc^-2
  rho_tot    = 5.428401e-08 Mpc^-2
  f_ridder   = 4.791669e-08 (fraction of total)
  Omega_ridder = 0.000000 (if f ~ Omega_Lambda)
========================================

DEBUG INPUT.C: Just set model_type to 2 (should be 2)

DEBUG: Reading v3 canonical parameters...
  f_eV = 2.000000e+26 eV
  Lambda_EDE = 6.315823e-01 eV, theta_E_center = 0.00, sigma_E = 0.40
  Lambda_tail = 2.300000e-03 eV, alpha_tail = 1.00
BACKGROUND_INIT ENTERED: Lambda=0.00e+00
DEBUG BG_INIT ENTRY: model_type=2
DEBUG AFTER CHECKS: model_type=2 has_ridder=1
RIDDER DEBUG (background_init): has_ridder=1, Lambda_EDE_ridder=0.000000e+00, f_axion_ridder=1.000000e+16, theta_i_ridder=2.800000e+00, beta_ridder=0.000000e+00
BG_INIT: entering background_checks
BG_INIT: background_checks OK
RIDDER FREEZE FLAG (from input): ridder_freeze_phi = 0, force_damping = 1.000e+00
DEBUG SHOOTING CHECK: has_ridder=1, model_type=2 (unified=1), use_shooting_EDE=0
BG_INIT: entering background_solve
BACKGROUND_SOLVE ENTERED: has_ridder=1 Lambda=0.00e+00
RIDDER IC DEBUG: model_type=2 f_for_ic=2.000000e+26 theta_i=2.800000e+00 phi_ini=5.600000e+26
ABOUT TO INTEGRATE: bi_size=7 has_ridder=1 Lambda=0.00e+00
DERIVS_ENTRY: call#=45000 has_ridder=1 Lambda=0.00e+00 a=3.38e-04
BG_INIT: background_solve OK

========================================
RIDDER FINAL STATE (a=1, z=0):
  rho_ridder = 1.447738e-15 Mpc^-2
  rho_tot    = 5.297327e-08 Mpc^-2
  f_ridder   = 2.732959e-08 (fraction of total)
  Omega_ridder = 0.000000 (if f ~ Omega_Lambda)
========================================

DEBUG INPUT.C: Just set model_type to 2 (should be 2)

DEBUG: Reading v3 canonical parameters...
  f_eV = 2.000000e+26 eV
  Lambda_EDE = 5.063199e-01 eV, theta_E_center = 0.00, sigma_E = 0.40
  Lambda_tail = 2.300000e-03 eV, alpha_tail = 1.00
BACKGROUND_INIT ENTERED: Lambda=0.00e+00
DEBUG BG_INIT ENTRY: model_type=2
DEBUG AFTER CHECKS: model_type=2 has_ridder=1
RIDDER DEBUG (background_init): has_ridder=1, Lambda_EDE_ridder=0.000000e+00, f_axion_ridder=1.000000e+16, theta_i_ridder=2.800000e+00, beta_ridder=0.000000e+00
BG_INIT: entering background_checks
BG_INIT: background_checks OK
RIDDER FREEZE FLAG (from input): ridder_freeze_phi = 0, force_damping = 1.000e+00
DEBUG SHOOTING CHECK: has_ridder=1, model_type=2 (unified=1), use_shooting_EDE=0
BG_INIT: entering background_solve
BACKGROUND_SOLVE ENTERED: has_ridder=1 Lambda=0.00e+00
RIDDER IC DEBUG: model_type=2 f_for_ic=2.000000e+26 theta_i=2.800000e+00 phi_ini=5.600000e+26
ABOUT TO INTEGRATE: bi_size=7 has_ridder=1 Lambda=0.00e+00
DERIVS_ENTRY: call#=50000 has_ridder=1 Lambda=0.00e+00 a=1.25e-02
BG_INIT: background_solve OK

=========[mcmc] Progress @ 2025-11-26 19:33:15 : 253 steps taken, and 34 accepted.
===============================
RIDDER FINAL STATE (a=1, z=0):
  rho_ridder = 3.348002e-15 Mpc^-2
  rho_tot    = 5.297327e-08 Mpc^-2
  f_ridder   = 6.320172e-08 (fraction of total)
  Omega_ridder = 0.000000 (if f ~ Omega_Lambda)
========================================

DEBUG INPUT.C: Just set model_type to 2 (should be 2)

DEBUG: Reading v3 canonical parameters...
  f_eV = 2.000000e+26 eV
  Lambda_EDE = 5.803375e-01 eV, theta_E_center = 0.00, sigma_E = 0.40
  Lambda_tail = 2.300000e-03 eV, alpha_tail = 1.00
BACKGROUND_INIT ENTERED: Lambda=0.00e+00
DEBUG BG_INIT ENTRY: model_type=2
DEBUG AFTER CHECKS: model_type=2 has_ridder=1
RIDDER DEBUG (background_init): has_ridder=1, Lambda_EDE_ridder=0.000000e+00, f_axion_ridder=1.000000e+16, theta_i_ridder=2.800000e+00, beta_ridder=0.000000e+00
BG_INIT: entering background_checks
BG_INIT: background_checks OK
RIDDER FREEZE FLAG (from input): ridder_freeze_phi = 0, force_damping = 1.000e+00
DEBUG SHOOTING CHECK: has_ridder=1, model_type=2 (unified=1), use_shooting_EDE=0
BG_INIT: entering background_solve
BACKGROUND_SOLVE ENTERED: has_ridder=1 Lambda=0.00e+00
RIDDER IC DEBUG: model_type=2 f_for_ic=2.000000e+26 theta_i=2.800000e+00 phi_ini=5.600000e+26
ABOUT TO INTEGRATE: bi_size=7 has_ridder=1 Lambda=0.00e+00
DERIVS_ENTRY: call#=55000 has_ridder=1 Lambda=0.00e+00 a=6.04e-01
BG_INIT: background_solve OK

========================================
RIDDER FINAL STATE (a=1, z=0):
  rho_ridder = 2.886255e-15 Mpc^-2
  rho_tot    = 5.297327e-08 Mpc^-2
  f_ridder   = 5.448513e-08 (fraction of total)
  Omega_ridder = 0.000000 (if f ~ Omega_Lambda)
========================================

DEBUG INPUT.C: Just set model_type to 2 (should be 2)

DEBUG: Reading v3 canonical parameters...
  f_eV = 2.000000e+26 eV
  Lambda_EDE = 5.000000e-01 eV, theta_E_center = 0.00, sigma_E = 0.40
  Lambda_tail = 2.300000e-03 eV, alpha_tail = 1.00
BACKGROUND_INIT ENTERED: Lambda=0.00e+00
DEBUG BG_INIT ENTRY: model_type=2
DEBUG AFTER CHECKS: model_type=2 has_ridder=1
RIDDER DEBUG (background_init): has_ridder=1, Lambda_EDE_ridder=0.000000e+00, f_axion_ridder=1.000000e+16, theta_i_ridder=2.800000e+00, beta_ridder=0.000000e+00
BG_INIT: entering background_checks
BG_INIT: background_checks OK
RIDDER FREEZE FLAG (from input): ridder_freeze_phi = 0, force_damping = 1.000e+00
DEBUG SHOOTING CHECK: has_ridder=1, model_type=2 (unified=1), use_shooting_EDE=0
BG_INIT: entering background_solve
BACKGROUND_SOLVE ENTERED: has_ridder=1 Lambda=0.00e+00
RIDDER IC DEBUG: model_type=2 f_for_ic=2.000000e+26 theta_i=2.800000e+00 phi_ini=5.600000e+26
ABOUT TO INTEGRATE: bi_size=7 has_ridder=1 Lambda=0.00e+00
BG_INIT: background_solve OK

========================================
RIDDER FINAL STATE (a=1, z=0):
  rho_ridder = 2.538586e-15 Mpc^-2
  rho_tot    = 5.513319e-08 Mpc^-2
  f_ridder   = 4.604461e-08 (fraction of total)
  Omega_ridder = 0.000000 (if f ~ Omega_Lambda)
========================================

DEBUG INPUT.C: Just set model_type to 2 (should be 2)

DEBUG: Reading v3 canonical parameters...
  f_eV = 2.000000e+26 eV
  Lambda_EDE = 5.126424e-01 eV, theta_E_center = 0.00, sigma_E = 0.40
  Lambda_tail = 2.300000e-03 eV, alpha_tail = 1.00
BACKGROUND_INIT ENTERED: Lambda=0.00e+00
DEBUG BG_INIT ENTRY: model_type=2
DEBUG AFTER CHECKS: model_type=2 has_ridder=1
RIDDER DEBUG (background_init): has_ridder=1, Lambda_EDE_ridder=0.000000e+00, f_axion_ridder=1.000000e+16, theta_i_ridder=2.800000e+00, beta_ridder=0.000000e+00
BG_INIT: entering background_checks
BG_INIT: background_checks OK
RIDDER FREEZE FLAG (from input): ridder_freeze_phi = 0, force_damping = 1.000e+00
DEBUG SHOOTING CHECK: has_ridder=1, model_type=2 (unified=1), use_shooting_EDE=0
BG_INIT: entering background_solve
BACKGROUND_SOLVE ENTERED: has_ridder=1 Lambda=0.00e+00
RIDDER IC DEBUG: model_type=2 f_for_ic=2.000000e+26 theta_i=2.800000e+00 phi_ini=5.600000e+26
ABOUT TO INTEGRATE: bi_size=7 has_ridder=1 Lambda=0.00e+00
DERIVS_ENTRY: call#=60000 has_ridder=1 Lambda=0.00e+00 a=2.48e-04
BG_INIT: background_solve OK

========================================
RIDDER FINA[mcmc] Progress @ 2025-11-26 19:34:32 : 315 steps taken, and 39 accepted.
L STATE (a=1, z=0):
  rho_ridder = 3.367988e-15 Mpc^-2
  rho_tot    = 5.297327e-08 Mpc^-2
  f_ridder   = 6.357901e-08 (fraction of total)
  Omega_ridder = 0.000000 (if f ~ Omega_Lambda)
========================================

DEBUG INPUT.C: Just set model_type to 2 (should be 2)

DEBUG: Reading v3 canonical parameters...
  f_eV = 2.000000e+26 eV
  Lambda_EDE = 5.064770e-01 eV, theta_E_center = 0.00, sigma_E = 0.40
  Lambda_tail = 2.300000e-03 eV, alpha_tail = 1.00
BACKGROUND_INIT ENTERED: Lambda=0.00e+00
DEBUG BG_INIT ENTRY: model_type=2
DEBUG AFTER CHECKS: model_type=2 has_ridder=1
RIDDER DEBUG (background_init): has_ridder=1, Lambda_EDE_ridder=0.000000e+00, f_axion_ridder=1.000000e+16, theta_i_ridder=2.800000e+00, beta_ridder=0.000000e+00
BG_INIT: entering background_checks
BG_INIT: background_checks OK
RIDDER FREEZE FLAG (from input): ridder_freeze_phi = 0, force_damping = 1.000e+00
DEBUG SHOOTING CHECK: has_ridder=1, model_type=2 (unified=1), use_shooting_EDE=0
BG_INIT: entering background_solve
BACKGROUND_SOLVE ENTERED: has_ridder=1 Lambda=0.00e+00
RIDDER IC DEBUG: model_type=2 f_for_ic=2.000000e+26 theta_i=2.800000e+00 phi_ini=5.600000e+26
ABOUT TO INTEGRATE: bi_size=7 has_ridder=1 Lambda=0.00e+00
DERIVS_ENTRY: call#=65000 has_ridder=1 Lambda=0.00e+00 a=3.22e-02
BG_INIT: background_solve OK

========================================
RIDDER FINAL STATE (a=1, z=0):
  rho_ridder = 3.346510e-15 Mpc^-2
  rho_tot    = 5.297327e-08 Mpc^-2
  f_ridder   = 6.317355e-08 (fraction of total)
  Omega_ridder = 0.000000 (if f ~ Omega_Lambda)
========================================

DEBUG INPUT.C: Just set model_type to 2 (should be 2)

DEBUG: Reading v3 canonical parameters...
  f_eV = 2.000000e+26 eV
  Lambda_EDE = 3.744618e-01 eV, theta_E_center = 0.00, sigma_E = 0.40
  Lambda_tail = 2.300000e-03 eV, alpha_tail = 1.00
BACKGROUND_INIT ENTERED: Lambda=0.00e+00
DEBUG BG_INIT ENTRY: model_type=2
DEBUG AFTER CHECKS: model_type=2 has_ridder=1
RIDDER DEBUG (background_init): has_ridder=1, Lambda_EDE_ridder=0.000000e+00, f_axion_ridder=1.000000e+16, theta_i_ridder=2.800000e+00, beta_ridder=0.000000e+00
BG_INIT: entering background_checks
BG_INIT: background_checks OK
RIDDER FREEZE FLAG (from input): ridder_freeze_phi = 0, force_damping = 1.000e+00
DEBUG SHOOTING CHECK: has_ridder=1, model_type=2 (unified=1), use_shooting_EDE=0
BG_INIT: entering background_solve
BACKGROUND_SOLVE ENTERED: has_ridder=1 Lambda=0.00e+00
RIDDER IC DEBUG: model_type=2 f_for_ic=2.000000e+26 theta_i=2.800000e+00 phi_ini=5.600000e+26
ABOUT TO INTEGRATE: bi_size=7 has_ridder=1 Lambda=0.00e+00
BG_INIT: background_solve OK

========================================
RIDDER FINAL STATE (a=1, z=0):
  rho_ridder = 2.085725e-15 Mpc^-2
  rho_tot    = 5.297327e-08 Mpc^-2
  f_ridder   = 3.937316e-08 (fraction of total)
  Omega_ridder = 0.000000 (if f ~ Omega_Lambda)
========================================

DEBUG INPUT.C: Just set model_type to 2 (should be 2)

DEBUG: Reading v3 canonical parameters...
  f_eV = 2.000000e+26 eV
  Lambda_EDE = 5.175894e-01 eV, theta_E_center = 0.00, sigma_E = 0.40
  Lambda_tail = 2.300000e-03 eV, alpha_tail = 1.00
BACKGROUND_INIT ENTERED: Lambda=0.00e+00
DEBUG BG_INIT ENTRY: model_type=2
DEBUG AFTER CHECKS: model_type=2 has_ridder=1
RIDDER DEBUG (background_init): has_ridder=1, Lambda_EDE_ridder=0.000000e+00, f_axion_ridder=1.000000e+16, theta_i_ridder=2.800000e+00, beta_ridder=0.000000e+00
BG_INIT: entering background_checks
BG_INIT: background_checks OK
RIDDER FREEZE FLAG (from input): ridder_freeze_phi = 0, force_damping = 1.000e+00
DEBUG SHOOTING CHECK: has_ridder=1, model_type=2 (unified=1), use_shooting_EDE=0
BG_INIT: entering background_solve
BACKGROUND_SOLVE ENTERED: has_ridder=1 Lambda=0.00e+00
RIDDER IC DEBUG: model_type=2 f_for_ic=2.000000e+26 theta_i=2.800000e+00 phi_ini=5.600000e+26
ABOUT TO INTEGRATE: bi_size=7 has_ridder=1 Lambda=0.00e+00
DERIVS_ENTRY: call#=70000 has_ridder=1 Lambda=0.00e+00 a=2.93e-09
BG_INIT: background_solve OK

========================================
RIDDER FINAL STATE (a=1, z=0):
  rho_ridder = 2.900151[mcmc] Progress @ 2025-11-26 19:35:33 : 385 steps taken, and 49 accepted.
e-15 Mpc^-2
  rho_tot    = 5.297327e-08 Mpc^-2
  f_ridder   = 5.474744e-08 (fraction of total)
  Omega_ridder = 0.000000 (if f ~ Omega_Lambda)
========================================

DEBUG INPUT.C: Just set model_type to 2 (should be 2)

DEBUG: Reading v3 canonical parameters...
  f_eV = 2.000000e+26 eV
  Lambda_EDE = 4.804548e-01 eV, theta_E_center = 0.00, sigma_E = 0.40
  Lambda_tail = 2.300000e-03 eV, alpha_tail = 1.00
BACKGROUND_INIT ENTERED: Lambda=0.00e+00
DEBUG BG_INIT ENTRY: model_type=2
DEBUG AFTER CHECKS: model_type=2 has_ridder=1
RIDDER DEBUG (background_init): has_ridder=1, Lambda_EDE_ridder=0.000000e+00, f_axion_ridder=1.000000e+16, theta_i_ridder=2.800000e+00, beta_ridder=0.000000e+00
BG_INIT: entering background_checks
BG_INIT: background_checks OK
RIDDER FREEZE FLAG (from input): ridder_freeze_phi = 0, force_damping = 1.000e+00
DEBUG SHOOTING CHECK: has_ridder=1, model_type=2 (unified=1), use_shooting_EDE=0
BG_INIT: entering background_solve
BACKGROUND_SOLVE ENTERED: has_ridder=1 Lambda=0.00e+00
RIDDER IC DEBUG: model_type=2 f_for_ic=2.000000e+26 theta_i=2.800000e+00 phi_ini=5.600000e+26
ABOUT TO INTEGRATE: bi_size=7 has_ridder=1 Lambda=0.00e+00
DERIVS_ENTRY: call#=75000 has_ridder=1 Lambda=0.00e+00 a=6.63e-03
BG_INIT: background_solve OK

========================================
RIDDER FINAL STATE (a=1, z=0):
  rho_ridder = 2.281848e-15 Mpc^-2
  rho_tot    = 5.297327e-08 Mpc^-2
  f_ridder   = 4.307546e-08 (fraction of total)
  Omega_ridder = 0.000000 (if f ~ Omega_Lambda)
========================================

DEBUG INPUT.C: Just set model_type to 2 (should be 2)

DEBUG: Reading v3 canonical parameters...
  f_eV = 2.000000e+26 eV
  Lambda_EDE = 4.878653e-01 eV, theta_E_center = 0.00, sigma_E = 0.40
  Lambda_tail = 2.300000e-03 eV, alpha_tail = 1.00
BACKGROUND_INIT ENTERED: Lambda=0.00e+00
DEBUG BG_INIT ENTRY: model_type=2
DEBUG AFTER CHECKS: model_type=2 has_ridder=1
RIDDER DEBUG (background_init): has_ridder=1, Lambda_EDE_ridder=0.000000e+00, f_axion_ridder=1.000000e+16, theta_i_ridder=2.800000e+00, beta_ridder=0.000000e+00
BG_INIT: entering background_checks
BG_INIT: background_checks OK
RIDDER FREEZE FLAG (from input): ridder_freeze_phi = 0, force_damping = 1.000e+00
DEBUG SHOOTING CHECK: has_ridder=1, model_type=2 (unified=1), use_shooting_EDE=0
BG_INIT: entering background_solve
BACKGROUND_SOLVE ENTERED: has_ridder=1 Lambda=0.00e+00
RIDDER IC DEBUG: model_type=2 f_for_ic=2.000000e+26 theta_i=2.800000e+00 phi_ini=5.600000e+26
ABOUT TO INTEGRATE: bi_size=7 has_ridder=1 Lambda=0.00e+00
BG_INIT: background_solve OK

========================================
RIDDER FINAL STATE (a=1, z=0):
  rho_ridder = 1.691747e-15 Mpc^-2
  rho_tot    = 5.297327e-08 Mpc^-2
  f_ridder   = 3.193586e-08 (fraction of total)
  Omega_ridder = 0.000000 (if f ~ Omega_Lambda)
========================================

DEBUG INPUT.C: Just set model_type to 2 (should be 2)

DEBUG: Reading v3 canonical parameters...
  f_eV = 2.000000e+26 eV
  Lambda_EDE = 5.315741e-01 eV, theta_E_center = 0.00, sigma_E = 0.40
  Lambda_tail = 2.300000e-03 eV, alpha_tail = 1.00
BACKGROUND_INIT ENTERED: Lambda=0.00e+00
DEBUG BG_INIT ENTRY: model_type=2
DEBUG AFTER CHECKS: model_type=2 has_ridder=1
RIDDER DEBUG (background_init): has_ridder=1, Lambda_EDE_ridder=0.000000e+00, f_axion_ridder=1.000000e+16, theta_i_ridder=2.800000e+00, beta_ridder=0.000000e+00
BG_INIT: entering background_checks
BG_INIT: background_checks OK
RIDDER FREEZE FLAG (from input): ridder_freeze_phi = 0, force_damping = 1.000e+00
DEBUG SHOOTING CHECK: has_ridder=1, model_type=2 (unified=1), use_shooting_EDE=0
BG_INIT: entering background_solve
BACKGROUND_SOLVE ENTERED: has_ridder=1 Lambda=0.00e+00
RIDDER IC DEBUG: model_type=2 f_for_ic=2.000000e+26 theta_i=2.800000e+00 phi_ini=5.600000e+26
ABOUT TO INTEGRATE: bi_size=7 has_ridder=1 Lambda=0.00e+00
DERIVS_ENTRY: call#=80000 has_ridder=1 Lambda=0.00e+00 a=1.00e-14
BG_INIT: background_solve OK

========================================
RIDDER FINAL STATE (a=1, z=0):
  rho_ridder = 2.245908e-15 Mpc^-2
  rho_tot    = 5.297327e-08 Mpc[mcmc] Progress @ 2025-11-26 19:36:51 : 465 steps taken, and 56 accepted.
^-2
  f_ridder   = 4.239701e-08 (fraction of total)
  Omega_ridder = 0.000000 (if f ~ Omega_Lambda)
========================================

DEBUG INPUT.C: Just set model_type to 2 (should be 2)

DEBUG: Reading v3 canonical parameters...
  f_eV = 2.000000e+26 eV
  Lambda_EDE = 5.315741e-01 eV, theta_E_center = 0.00, sigma_E = 0.40
  Lambda_tail = 2.300000e-03 eV, alpha_tail = 1.00
BACKGROUND_INIT ENTERED: Lambda=0.00e+00
DEBUG BG_INIT ENTRY: model_type=2
DEBUG AFTER CHECKS: model_type=2 has_ridder=1
RIDDER DEBUG (background_init): has_ridder=1, Lambda_EDE_ridder=0.000000e+00, f_axion_ridder=1.000000e+16, theta_i_ridder=2.800000e+00, beta_ridder=0.000000e+00
BG_INIT: entering background_checks
BG_INIT: background_checks OK
RIDDER FREEZE FLAG (from input): ridder_freeze_phi = 0, force_damping = 1.000e+00
DEBUG SHOOTING CHECK: has_ridder=1, model_type=2 (unified=1), use_shooting_EDE=0
BG_INIT: entering background_solve
BACKGROUND_SOLVE ENTERED: has_ridder=1 Lambda=0.00e+00
RIDDER IC DEBUG: model_type=2 f_for_ic=2.000000e+26 theta_i=2.800000e+00 phi_ini=5.600000e+26
ABOUT TO INTEGRATE: bi_size=7 has_ridder=1 Lambda=0.00e+00
DERIVS_ENTRY: call#=85000 has_ridder=1 Lambda=0.00e+00 a=1.39e-04
BG_INIT: background_solve OK

========================================
RIDDER FINAL STATE (a=1, z=0):
  rho_ridder = 2.283012e-15 Mpc^-2
  rho_tot    = 5.456951e-08 Mpc^-2
  f_ridder   = 4.183676e-08 (fraction of total)
  Omega_ridder = 0.000000 (if f ~ Omega_Lambda)
========================================

DEBUG INPUT.C: Just set model_type to 2 (should be 2)

DEBUG: Reading v3 canonical parameters...
  f_eV = 2.000000e+26 eV
  Lambda_EDE = 4.256306e-01 eV, theta_E_center = 0.00, sigma_E = 0.40
  Lambda_tail = 2.300000e-03 eV, alpha_tail = 1.00
BACKGROUND_INIT ENTERED: Lambda=0.00e+00
DEBUG BG_INIT ENTRY: model_type=2
DEBUG AFTER CHECKS: model_type=2 has_ridder=1
RIDDER DEBUG (background_init): has_ridder=1, Lambda_EDE_ridder=0.000000e+00, f_axion_ridder=1.000000e+16, theta_i_ridder=2.800000e+00, beta_ridder=0.000000e+00
BG_INIT: entering background_checks
BG_INIT: background_checks OK
RIDDER FREEZE FLAG (from input): ridder_freeze_phi = 0, force_damping = 1.000e+00
DEBUG SHOOTING CHECK: has_ridder=1, model_type=2 (unified=1), use_shooting_EDE=0
BG_INIT: entering background_solve
BACKGROUND_SOLVE ENTERED: has_ridder=1 Lambda=0.00e+00
RIDDER IC DEBUG: model_type=2 f_for_ic=2.000000e+26 theta_i=2.800000e+00 phi_ini=5.600000e+26
ABOUT TO INTEGRATE: bi_size=7 has_ridder=1 Lambda=0.00e+00
DERIVS_ENTRY: call#=90000 has_ridder=1 Lambda=0.00e+00 a=3.08e-02
BG_INIT: background_solve OK

========================================
RIDDER FINAL STATE (a=1, z=0):
  rho_ridder = 1.865713e-15 Mpc^-2
  rho_tot    = 5.297327e-08 Mpc^-2
  f_ridder   = 3.521990e-08 (fraction of total)
  Omega_ridder = 0.000000 (if f ~ Omega_Lambda)
========================================

DEBUG INPUT.C: Just set model_type to 2 (should be 2)

DEBUG: Reading v3 canonical parameters...
  f_eV = 2.000000e+26 eV
  Lambda_EDE = 5.308348e-01 eV, theta_E_center = 0.00, sigma_E = 0.40
  Lambda_tail = 2.300000e-03 eV, alpha_tail = 1.00
BACKGROUND_INIT ENTERED: Lambda=0.00e+00
DEBUG BG_INIT ENTRY: model_type=2
DEBUG AFTER CHECKS: model_type=2 has_ridder=1
RIDDER DEBUG (background_init): has_ridder=1, Lambda_EDE_ridder=0.000000e+00, f_axion_ridder=1.000000e+16, theta_i_ridder=2.800000e+00, beta_ridder=0.000000e+00
BG_INIT: entering background_checks
BG_INIT: background_checks OK
RIDDER FREEZE FLAG (from input): ridder_freeze_phi = 0, force_damping = 1.000e+00
DEBUG SHOOTING CHECK: has_ridder=1, model_type=2 (unified=1), use_shooting_EDE=0
BG_INIT: entering background_solve
BACKGROUND_SOLVE ENTERED: has_ridder=1 Lambda=0.00e+00
RIDDER IC DEBUG: model_type=2 f_for_ic=2.000000e+26 theta_i=2.800000e+00 phi_ini=5.600000e+26
ABOUT TO INTEGRATE: bi_size=7 has_ridder=1 Lambda=0.00e+00
BG_INIT: background_solve OK

========================================
RIDDER FINAL STATE (a=1, z=0):
  rho_ridder = 2.309299e-15 Mpc^-2
  rho_tot    = 5.297327e-08 Mpc^-2
  f_ridder   = 4.359367e-08 (fraction o[mcmc] Progress @ 2025-11-26 19:37:51 : 517 steps taken, and 63 accepted.
f total)
  Omega_ridder = 0.000000 (if f ~ Omega_Lambda)
========================================

DEBUG INPUT.C: Just set model_type to 2 (should be 2)

DEBUG: Reading v3 canonical parameters...
  f_eV = 2.000000e+26 eV
  Lambda_EDE = 4.821903e-01 eV, theta_E_center = 0.00, sigma_E = 0.40
  Lambda_tail = 2.300000e-03 eV, alpha_tail = 1.00
BACKGROUND_INIT ENTERED: Lambda=0.00e+00
DEBUG BG_INIT ENTRY: model_type=2
DEBUG AFTER CHECKS: model_type=2 has_ridder=1
RIDDER DEBUG (background_init): has_ridder=1, Lambda_EDE_ridder=0.000000e+00, f_axion_ridder=1.000000e+16, theta_i_ridder=2.800000e+00, beta_ridder=0.000000e+00
BG_INIT: entering background_checks
BG_INIT: background_checks OK
RIDDER FREEZE FLAG (from input): ridder_freeze_phi = 0, force_damping = 1.000e+00
DEBUG SHOOTING CHECK: has_ridder=1, model_type=2 (unified=1), use_shooting_EDE=0
BG_INIT: entering background_solve
BACKGROUND_SOLVE ENTERED: has_ridder=1 Lambda=0.00e+00
RIDDER IC DEBUG: model_type=2 f_for_ic=2.000000e+26 theta_i=2.800000e+00 phi_ini=5.600000e+26
ABOUT TO INTEGRATE: bi_size=7 has_ridder=1 Lambda=0.00e+00
DERIVS_ENTRY: call#=95000 has_ridder=1 Lambda=0.00e+00 a=6.01e-12
BG_INIT: background_solve OK

========================================
RIDDER FINAL STATE (a=1, z=0):
  rho_ridder = 1.649474e-15 Mpc^-2
  rho_tot    = 5.297327e-08 Mpc^-2
  f_ridder   = 3.113785e-08 (fraction of total)
  Omega_ridder = 0.000000 (if f ~ Omega_Lambda)
========================================

DEBUG INPUT.C: Just set model_type to 2 (should be 2)

DEBUG: Reading v3 canonical parameters...
  f_eV = 2.000000e+26 eV
  Lambda_EDE = 6.346875e-01 eV, theta_E_center = 0.00, sigma_E = 0.40
  Lambda_tail = 2.300000e-03 eV, alpha_tail = 1.00
BACKGROUND_INIT ENTERED: Lambda=0.00e+00
DEBUG BG_INIT ENTRY: model_type=2
DEBUG AFTER CHECKS: model_type=2 has_ridder=1
RIDDER DEBUG (background_init): has_ridder=1, Lambda_EDE_ridder=0.000000e+00, f_axion_ridder=1.000000e+16, theta_i_ridder=2.800000e+00, beta_ridder=0.000000e+00
BG_INIT: entering background_checks
BG_INIT: background_checks OK
RIDDER FREEZE FLAG (from input): ridder_freeze_phi = 0, force_damping = 1.000e+00
DEBUG SHOOTING CHECK: has_ridder=1, model_type=2 (unified=1), use_shooting_EDE=0
BG_INIT: entering background_solve
BACKGROUND_SOLVE ENTERED: has_ridder=1 Lambda=0.00e+00
RIDDER IC DEBUG: model_type=2 f_for_ic=2.000000e+26 theta_i=2.800000e+00 phi_ini=5.600000e+26
ABOUT TO INTEGRATE: bi_size=7 has_ridder=1 Lambda=0.00e+00
DERIVS_ENTRY: call#=100000 has_ridder=1 Lambda=0.00e+00 a=1.60e-03
BG_INIT: background_solve OK

========================================
RIDDER FINAL STATE (a=1, z=0):
  rho_ridder = 1.394253e-15 Mpc^-2
  rho_tot    = 5.297327e-08 Mpc^-2
  f_ridder   = 2.631994e-08 (fraction of total)
  Omega_ridder = 0.000000 (if f ~ Omega_Lambda)
========================================

DEBUG INPUT.C: Just set model_type to 2 (should be 2)

DEBUG: Reading v3 canonical parameters...
  f_eV = 2.000000e+26 eV
  Lambda_EDE = 4.958992e-01 eV, theta_E_center = 0.00, sigma_E = 0.40
  Lambda_tail = 2.300000e-03 eV, alpha_tail = 1.00
BACKGROUND_INIT ENTERED: Lambda=0.00e+00
DEBUG BG_INIT ENTRY: model_type=2
DEBUG AFTER CHECKS: model_type=2 has_ridder=1
RIDDER DEBUG (background_init): has_ridder=1, Lambda_EDE_ridder=0.000000e+00, f_axion_ridder=1.000000e+16, theta_i_ridder=2.800000e+00, beta_ridder=0.000000e+00
BG_INIT: entering background_checks
BG_INIT: background_checks OK
RIDDER FREEZE FLAG (from input): ridder_freeze_phi = 0, force_damping = 1.000e+00
DEBUG SHOOTING CHECK: has_ridder=1, model_type=2 (unified=1), use_shooting_EDE=0
BG_INIT: entering background_solve
BACKGROUND_SOLVE ENTERED: has_ridder=1 Lambda=0.00e+00
RIDDER IC DEBUG: model_type=2 f_for_ic=2.000000e+26 theta_i=2.800000e+00 phi_ini=5.600000e+26
ABOUT TO INTEGRATE: bi_size=7 has_ridder=1 Lambda=0.00e+00
DERIVS_ENTRY: call#=105000 has_ridder=1 Lambda=0.00e+00 a=1.53e-01
BG_INIT: background_solve OK

========================================
RIDDER FINAL STATE (a=1, z=0):
  rho_ridder = 1.921554e-15 Mpc^-2
  rho_tot    = 5.297327e-08 Mpc^-2
  f_ridder   =[mcmc] Progress @ 2025-11-26 19:38:53 : 574 steps taken, and 68 accepted.
 3.627403e-08 (fraction of total)
  Omega_ridder = 0.000000 (if f ~ Omega_Lambda)
========================================

DEBUG INPUT.C: Just set model_type to 2 (should be 2)

DEBUG: Reading v3 canonical parameters...
  f_eV = 2.000000e+26 eV
  Lambda_EDE = 5.157124e-01 eV, theta_E_center = 0.00, sigma_E = 0.40
  Lambda_tail = 2.300000e-03 eV, alpha_tail = 1.00
BACKGROUND_INIT ENTERED: Lambda=0.00e+00
DEBUG BG_INIT ENTRY: model_type=2
DEBUG AFTER CHECKS: model_type=2 has_ridder=1
RIDDER DEBUG (background_init): has_ridder=1, Lambda_EDE_ridder=0.000000e+00, f_axion_ridder=1.000000e+16, theta_i_ridder=2.800000e+00, beta_ridder=0.000000e+00
BG_INIT: entering background_checks
BG_INIT: background_checks OK
RIDDER FREEZE FLAG (from input): ridder_freeze_phi = 0, force_damping = 1.000e+00
DEBUG SHOOTING CHECK: has_ridder=1, model_type=2 (unified=1), use_shooting_EDE=0
BG_INIT: entering background_solve
BACKGROUND_SOLVE ENTERED: has_ridder=1 Lambda=0.00e+00
RIDDER IC DEBUG: model_type=2 f_for_ic=2.000000e+26 theta_i=2.800000e+00 phi_ini=5.600000e+26
ABOUT TO INTEGRATE: bi_size=7 has_ridder=1 Lambda=0.00e+00
BG_INIT: background_solve OK

========================================
RIDDER FINAL STATE (a=1, z=0):
  rho_ridder = 3.310176e-15 Mpc^-2
  rho_tot    = 5.297327e-08 Mpc^-2
  f_ridder   = 6.248766e-08 (fraction of total)
  Omega_ridder = 0.000000 (if f ~ Omega_Lambda)
========================================

DEBUG INPUT.C: Just set model_type to 2 (should be 2)

DEBUG: Reading v3 canonical parameters...
  f_eV = 2.000000e+26 eV
  Lambda_EDE = 5.157124e-01 eV, theta_E_center = 0.00, sigma_E = 0.40
  Lambda_tail = 2.300000e-03 eV, alpha_tail = 1.00
BACKGROUND_INIT ENTERED: Lambda=0.00e+00
DEBUG BG_INIT ENTRY: model_type=2
DEBUG AFTER CHECKS: model_type=2 has_ridder=1
RIDDER DEBUG (background_init): has_ridder=1, Lambda_EDE_ridder=0.000000e+00, f_axion_ridder=1.000000e+16, theta_i_ridder=2.800000e+00, beta_ridder=0.000000e+00
BG_INIT: entering background_checks
BG_INIT: background_checks OK
RIDDER FREEZE FLAG (from input): ridder_freeze_phi = 0, force_damping = 1.000e+00
DEBUG SHOOTING CHECK: has_ridder=1, model_type=2 (unified=1), use_shooting_EDE=0
BG_INIT: entering background_solve
BACKGROUND_SOLVE ENTERED: has_ridder=1 Lambda=0.00e+00
RIDDER IC DEBUG: model_type=2 f_for_ic=2.000000e+26 theta_i=2.800000e+00 phi_ini=5.600000e+26
ABOUT TO INTEGRATE: bi_size=7 has_ridder=1 Lambda=0.00e+00
DERIVS_ENTRY: call#=110000 has_ridder=1 Lambda=0.00e+00 a=9.16e-07
BG_INIT: background_solve OK

========================================
RIDDER FINAL STATE (a=1, z=0):
  rho_ridder = 3.326713e-15 Mpc^-2
  rho_tot    = 5.350559e-08 Mpc^-2
  f_ridder   = 6.217506e-08 (fraction of total)
  Omega_ridder = 0.000000 (if f ~ Omega_Lambda)
========================================

DEBUG INPUT.C: Just set model_type to 2 (should be 2)

DEBUG: Reading v3 canonical parameters...
  f_eV = 2.000000e+26 eV
  Lambda_EDE = 5.234401e-01 eV, theta_E_center = 0.00, sigma_E = 0.40
  Lambda_tail = 2.300000e-03 eV, alpha_tail = 1.00
BACKGROUND_INIT ENTERED: Lambda=0.00e+00
DEBUG BG_INIT ENTRY: model_type=2
DEBUG AFTER CHECKS: model_type=2 has_ridder=1
RIDDER DEBUG (background_init): has_ridder=1, Lambda_EDE_ridder=0.000000e+00, f_axion_ridder=1.000000e+16, theta_i_ridder=2.800000e+00, beta_ridder=0.000000e+00
BG_INIT: entering background_checks
BG_INIT: background_checks OK
RIDDER FREEZE FLAG (from input): ridder_freeze_phi = 0, force_damping = 1.000e+00
DEBUG SHOOTING CHECK: has_ridder=1, model_type=2 (unified=1), use_shooting_EDE=0
BG_INIT: entering background_solve
BACKGROUND_SOLVE ENTERED: has_ridder=1 Lambda=0.00e+00
RIDDER IC DEBUG: model_type=2 f_for_ic=2.000000e+26 theta_i=2.800000e+00 phi_ini=5.600000e+26
ABOUT TO INTEGRATE: bi_size=7 has_ridder=1 Lambda=0.00e+00
DERIVS_ENTRY: call#=115000 has_ridder=1 Lambda=0.00e+00 a=1.54e-02
BG_INIT: background_solve OK

========================================
RIDDER FINAL STATE (a=1, z=0):
  rho_ridder = 3.201363e-15 Mpc^-2
  rho_tot    = 5.297327e-08 Mpc^-2
  f_ridder   = 6.043355e-08 (fraction of total)
  Omega[mcmc] Progress @ 2025-11-26 19:39:54 : 634 steps taken, and 74 accepted.
_ridder = 0.000000 (if f ~ Omega_Lambda)
========================================

DEBUG INPUT.C: Just set model_type to 2 (should be 2)

DEBUG: Reading v3 canonical parameters...
  f_eV = 2.000000e+26 eV
  Lambda_EDE = 5.219177e-01 eV, theta_E_center = 0.00, sigma_E = 0.40
  Lambda_tail = 2.300000e-03 eV, alpha_tail = 1.00
BACKGROUND_INIT ENTERED: Lambda=0.00e+00
DEBUG BG_INIT ENTRY: model_type=2
DEBUG AFTER CHECKS: model_type=2 has_ridder=1
RIDDER DEBUG (background_init): has_ridder=1, Lambda_EDE_ridder=0.000000e+00, f_axion_ridder=1.000000e+16, theta_i_ridder=2.800000e+00, beta_ridder=0.000000e+00
BG_INIT: entering background_checks
BG_INIT: background_checks OK
RIDDER FREEZE FLAG (from input): ridder_freeze_phi = 0, force_damping = 1.000e+00
DEBUG SHOOTING CHECK: has_ridder=1, model_type=2 (unified=1), use_shooting_EDE=0
BG_INIT: entering background_solve
BACKGROUND_SOLVE ENTERED: has_ridder=1 Lambda=0.00e+00
RIDDER IC DEBUG: model_type=2 f_for_ic=2.000000e+26 theta_i=2.800000e+00 phi_ini=5.600000e+26
ABOUT TO INTEGRATE: bi_size=7 has_ridder=1 Lambda=0.00e+00
BG_INIT: background_solve OK

========================================
RIDDER FINAL STATE (a=1, z=0):
  rho_ridder = 3.012468e-15 Mpc^-2
  rho_tot    = 5.297327e-08 Mpc^-2
  f_ridder   = 5.686770e-08 (fraction of total)
  Omega_ridder = 0.000000 (if f ~ Omega_Lambda)
========================================

DEBUG INPUT.C: Just set model_type to 2 (should be 2)

DEBUG: Reading v3 canonical parameters...
  f_eV = 2.000000e+26 eV
  Lambda_EDE = 5.185805e-01 eV, theta_E_center = 0.00, sigma_E = 0.40
  Lambda_tail = 2.300000e-03 eV, alpha_tail = 1.00
BACKGROUND_INIT ENTERED: Lambda=0.00e+00
DEBUG BG_INIT ENTRY: model_type=2
DEBUG AFTER CHECKS: model_type=2 has_ridder=1
RIDDER DEBUG (background_init): has_ridder=1, Lambda_EDE_ridder=0.000000e+00, f_axion_ridder=1.000000e+16, theta_i_ridder=2.800000e+00, beta_ridder=0.000000e+00
BG_INIT: entering background_checks
BG_INIT: background_checks OK
RIDDER FREEZE FLAG (from input): ridder_freeze_phi = 0, force_damping = 1.000e+00
DEBUG SHOOTING CHECK: has_ridder=1, model_type=2 (unified=1), use_shooting_EDE=0
BG_INIT: entering background_solve
BACKGROUND_SOLVE ENTERED: has_ridder=1 Lambda=0.00e+00
RIDDER IC DEBUG: model_type=2 f_for_ic=2.000000e+26 theta_i=2.800000e+00 phi_ini=5.600000e+26
ABOUT TO INTEGRATE: bi_size=7 has_ridder=1 Lambda=0.00e+00
DERIVS_ENTRY: call#=120000 has_ridder=1 Lambda=0.00e+00 a=1.00e-14
BG_INIT: background_solve OK

========================================
RIDDER FINAL STATE (a=1, z=0):
  rho_ridder = 3.180316e-15 Mpc^-2
  rho_tot    = 5.297327e-08 Mpc^-2
  f_ridder   = 6.003623e-08 (fraction of total)
  Omega_ridder = 0.000000 (if f ~ Omega_Lambda)
========================================

DEBUG INPUT.C: Just set model_type to 2 (should be 2)

DEBUG: Reading v3 canonical parameters...
  f_eV = 2.000000e+26 eV
  Lambda_EDE = 6.070338e-01 eV, theta_E_center = 0.00, sigma_E = 0.40
  Lambda_tail = 2.300000e-03 eV, alpha_tail = 1.00
BACKGROUND_INIT ENTERED: Lambda=0.00e+00
DEBUG BG_INIT ENTRY: model_type=2
DEBUG AFTER CHECKS: model_type=2 has_ridder=1
RIDDER DEBUG (background_init): has_ridder=1, Lambda_EDE_ridder=0.000000e+00, f_axion_ridder=1.000000e+16, theta_i_ridder=2.800000e+00, beta_ridder=0.000000e+00
BG_INIT: entering background_checks
BG_INIT: background_checks OK
RIDDER FREEZE FLAG (from input): ridder_freeze_phi = 0, force_damping = 1.000e+00
DEBUG SHOOTING CHECK: has_ridder=1, model_type=2 (unified=1), use_shooting_EDE=0
BG_INIT: entering background_solve
BACKGROUND_SOLVE ENTERED: has_ridder=1 Lambda=0.00e+00
RIDDER IC DEBUG: model_type=2 f_for_ic=2.000000e+26 theta_i=2.800000e+00 phi_ini=5.600000e+26
ABOUT TO INTEGRATE: bi_size=7 has_ridder=1 Lambda=0.00e+00
DERIVS_ENTRY: call#=125000 has_ridder=1 Lambda=0.00e+00 a=2.39e-04
BG_INIT: background_solve OK

========================================
RIDDER FINAL STATE (a=1, z=0):
  rho_ridder = 2.233387e-15 Mpc^-2
  rho_tot    = 5.297327e-08 Mpc^-2
  f_ridder   = 4.216065e-08 (fraction of total)
  Omega_ridder = 0.000000 (if f ~ Omega_Lambda)
[mcmc] Progress @ 2025-11-26 19:40:54 : 702 steps taken, and 83 accepted.
========================================

DEBUG INPUT.C: Just set model_type to 2 (should be 2)

DEBUG: Reading v3 canonical parameters...
  f_eV = 2.000000e+26 eV
  Lambda_EDE = 5.026472e-01 eV, theta_E_center = 0.00, sigma_E = 0.40
  Lambda_tail = 2.300000e-03 eV, alpha_tail = 1.00
BACKGROUND_INIT ENTERED: Lambda=0.00e+00
DEBUG BG_INIT ENTRY: model_type=2
DEBUG AFTER CHECKS: model_type=2 has_ridder=1
RIDDER DEBUG (background_init): has_ridder=1, Lambda_EDE_ridder=0.000000e+00, f_axion_ridder=1.000000e+16, theta_i_ridder=2.800000e+00, beta_ridder=0.000000e+00
BG_INIT: entering background_checks
BG_INIT: background_checks OK
RIDDER FREEZE FLAG (from input): ridder_freeze_phi = 0, force_damping = 1.000e+00
DEBUG SHOOTING CHECK: has_ridder=1, model_type=2 (unified=1), use_shooting_EDE=0
BG_INIT: entering background_solve
BACKGROUND_SOLVE ENTERED: has_ridder=1 Lambda=0.00e+00
RIDDER IC DEBUG: model_type=2 f_for_ic=2.000000e+26 theta_i=2.800000e+00 phi_ini=5.600000e+26
ABOUT TO INTEGRATE: bi_size=7 has_ridder=1 Lambda=0.00e+00
DERIVS_ENTRY: call#=130000 has_ridder=1 Lambda=0.00e+00 a=3.06e-02
BG_INIT: background_solve OK

========================================
RIDDER FINAL STATE (a=1, z=0):
  rho_ridder = 2.795643e-15 Mpc^-2
  rho_tot    = 5.297327e-08 Mpc^-2
  f_ridder   = 5.277459e-08 (fraction of total)
  Omega_ridder = 0.000000 (if f ~ Omega_Lambda)
========================================

DEBUG INPUT.C: Just set model_type to 2 (should be 2)

DEBUG: Reading v3 canonical parameters...
  f_eV = 2.000000e+26 eV
  Lambda_EDE = 4.738524e-01 eV, theta_E_center = 0.00, sigma_E = 0.40
  Lambda_tail = 2.300000e-03 eV, alpha_tail = 1.00
BACKGROUND_INIT ENTERED: Lambda=0.00e+00
DEBUG BG_INIT ENTRY: model_type=2
DEBUG AFTER CHECKS: model_type=2 has_ridder=1
RIDDER DEBUG (background_init): has_ridder=1, Lambda_EDE_ridder=0.000000e+00, f_axion_ridder=1.000000e+16, theta_i_ridder=2.800000e+00, beta_ridder=0.000000e+00
BG_INIT: entering background_checks
BG_INIT: background_checks OK
RIDDER FREEZE FLAG (from input): ridder_freeze_phi = 0, force_damping = 1.000e+00
DEBUG SHOOTING CHECK: has_ridder=1, model_type=2 (unified=1), use_shooting_EDE=0
BG_INIT: entering background_solve
BACKGROUND_SOLVE ENTERED: has_ridder=1 Lambda=0.00e+00
RIDDER IC DEBUG: model_type=2 f_for_ic=2.000000e+26 theta_i=2.800000e+00 phi_ini=5.600000e+26
ABOUT TO INTEGRATE: bi_size=7 has_ridder=1 Lambda=0.00e+00
BG_INIT: background_solve OK

========================================
RIDDER FINAL STATE (a=1, z=0):
  rho_ridder = 2.290859e-15 Mpc^-2
  rho_tot    = 5.297327e-08 Mpc^-2
  f_ridder   = 4.324556e-08 (fraction of total)
  Omega_ridder = 0.000000 (if f ~ Omega_Lambda)
========================================

DEBUG INPUT.C: Just set model_type to 2 (should be 2)

DEBUG: Reading v3 canonical parameters...
  f_eV = 2.000000e+26 eV
  Lambda_EDE = 5.394862e-01 eV, theta_E_center = 0.00, sigma_E = 0.40
  Lambda_tail = 2.300000e-03 eV, alpha_tail = 1.00
BACKGROUND_INIT ENTERED: Lambda=0.00e+00
DEBUG BG_INIT ENTRY: model_type=2
DEBUG AFTER CHECKS: model_type=2 has_ridder=1
RIDDER DEBUG (background_init): has_ridder=1, Lambda_EDE_ridder=0.000000e+00, f_axion_ridder=1.000000e+16, theta_i_ridder=2.800000e+00, beta_ridder=0.000000e+00
BG_INIT: entering background_checks
BG_INIT: background_checks OK
RIDDER FREEZE FLAG (from input): ridder_freeze_phi = 0, force_damping = 1.000e+00
DEBUG SHOOTING CHECK: has_ridder=1, model_type=2 (unified=1), use_shooting_EDE=0
BG_INIT: entering background_solve
BACKGROUND_SOLVE ENTERED: has_ridder=1 Lambda=0.00e+00
RIDDER IC DEBUG: model_type=2 f_for_ic=2.000000e+26 theta_i=2.800000e+00 phi_ini=5.600000e+26
ABOUT TO INTEGRATE: bi_size=7 has_ridder=1 Lambda=0.00e+00
DERIVS_ENTRY: call#=135000 has_ridder=1 Lambda=0.00e+00 a=1.05e-10
BG_INIT: background_solve OK

========================================
RIDDER FINAL STATE (a=1, z=0):
  rho_ridder = 1.995435e-15 Mpc^-2
  rho_tot    = 5.297327e-08 Mpc^-2
  f_ridder   = 3.766871e-08 (fraction of total)
  Omega_ridder = 0.000000 (if f ~ Omega_Lambda)
========================================
[mcmc] Progress @ 2025-11-26 19:41:55 : 792 steps taken, and 93 accepted.

DEBUG INPUT.C: Just set model_type to 2 (should be 2)

DEBUG: Reading v3 canonical parameters...
  f_eV = 2.000000e+26 eV
  Lambda_EDE = 4.969549e-01 eV, theta_E_center = 0.00, sigma_E = 0.40
  Lambda_tail = 2.300000e-03 eV, alpha_tail = 1.00
BACKGROUND_INIT ENTERED: Lambda=0.00e+00
DEBUG BG_INIT ENTRY: model_type=2
DEBUG AFTER CHECKS: model_type=2 has_ridder=1
RIDDER DEBUG (background_init): has_ridder=1, Lambda_EDE_ridder=0.000000e+00, f_axion_ridder=1.000000e+16, theta_i_ridder=2.800000e+00, beta_ridder=0.000000e+00
BG_INIT: entering background_checks
BG_INIT: background_checks OK
RIDDER FREEZE FLAG (from input): ridder_freeze_phi = 0, force_damping = 1.000e+00
DEBUG SHOOTING CHECK: has_ridder=1, model_type=2 (unified=1), use_shooting_EDE=0
BG_INIT: entering background_solve
BACKGROUND_SOLVE ENTERED: has_ridder=1 Lambda=0.00e+00
RIDDER IC DEBUG: model_type=2 f_for_ic=2.000000e+26 theta_i=2.800000e+00 phi_ini=5.600000e+26
ABOUT TO INTEGRATE: bi_size=7 has_ridder=1 Lambda=0.00e+00
DERIVS_ENTRY: call#=140000 has_ridder=1 Lambda=0.00e+00 a=1.50e-03
BG_INIT: background_solve OK

========================================
RIDDER FINAL STATE (a=1, z=0):
  rho_ridder = 1.734157e-15 Mpc^-2
  rho_tot    = 5.297327e-08 Mpc^-2
  f_ridder   = 3.273645e-08 (fraction of total)
  Omega_ridder = 0.000000 (if f ~ Omega_Lambda)
========================================

DEBUG INPUT.C: Just set model_type to 2 (should be 2)

DEBUG: Reading v3 canonical parameters...
  f_eV = 2.000000e+26 eV
  Lambda_EDE = 5.006138e-01 eV, theta_E_center = 0.00, sigma_E = 0.40
  Lambda_tail = 2.300000e-03 eV, alpha_tail = 1.00
BACKGROUND_INIT ENTERED: Lambda=0.00e+00
DEBUG BG_INIT ENTRY: model_type=2
DEBUG AFTER CHECKS: model_type=2 has_ridder=1
RIDDER DEBUG (background_init): has_ridder=1, Lambda_EDE_ridder=0.000000e+00, f_axion_ridder=1.000000e+16, theta_i_ridder=2.800000e+00, beta_ridder=0.000000e+00
BG_INIT: entering background_checks
BG_INIT: background_checks OK
RIDDER FREEZE FLAG (from input): ridder_freeze_phi = 0, force_damping = 1.000e+00
DEBUG SHOOTING CHECK: has_ridder=1, model_type=2 (unified=1), use_shooting_EDE=0
BG_INIT: entering background_solve
BACKGROUND_SOLVE ENTERED: has_ridder=1 Lambda=0.00e+00
RIDDER IC DEBUG: model_type=2 f_for_ic=2.000000e+26 theta_i=2.800000e+00 phi_ini=5.600000e+26
ABOUT TO INTEGRATE: bi_size=7 has_ridder=1 Lambda=0.00e+00
DERIVS_ENTRY: call#=145000 has_ridder=1 Lambda=0.00e+00 a=1.53e-01
BG_INIT: background_solve OK

========================================
RIDDER FINAL STATE (a=1, z=0):
  rho_ridder = 2.426783e-15 Mpc^-2
  rho_tot    = 5.297327e-08 Mpc^-2
  f_ridder   = 4.581146e-08 (fraction of total)
  Omega_ridder = 0.000000 (if f ~ Omega_Lambda)
========================================

DEBUG INPUT.C: Just set model_type to 2 (should be 2)

DEBUG: Reading v3 canonical parameters...
  f_eV = 2.000000e+26 eV
  Lambda_EDE = 5.049082e-01 eV, theta_E_center = 0.00, sigma_E = 0.40
  Lambda_tail = 2.300000e-03 eV, alpha_tail = 1.00
BACKGROUND_INIT ENTERED: Lambda=0.00e+00
DEBUG BG_INIT ENTRY: model_type=2
DEBUG AFTER CHECKS: model_type=2 has_ridder=1
RIDDER DEBUG (background_init): has_ridder=1, Lambda_EDE_ridder=0.000000e+00, f_axion_ridder=1.000000e+16, theta_i_ridder=2.800000e+00, beta_ridder=0.000000e+00
BG_INIT: entering background_checks
BG_INIT: background_checks OK
RIDDER FREEZE FLAG (from input): ridder_freeze_phi = 0, force_damping = 1.000e+00
DEBUG SHOOTING CHECK: has_ridder=1, model_type=2 (unified=1), use_shooting_EDE=0
BG_INIT: entering background_solve
BACKGROUND_SOLVE ENTERED: has_ridder=1 Lambda=0.00e+00
RIDDER IC DEBUG: model_type=2 f_for_ic=2.000000e+26 theta_i=2.800000e+00 phi_ini=5.600000e+26
ABOUT TO INTEGRATE: bi_size=7 has_ridder=1 Lambda=0.00e+00
BG_INIT: background_solve OK

========================================
RIDDER FINAL STATE (a=1, z=0):
  rho_ridder = 2.131573e-15 Mpc^-2
  rho_tot    = 5.297327e-08 Mpc^-2
  f_ridder   = 4.023865e-08 (fraction of total)
  Omega_ridder = 0.000000 (if f ~ Omega_Lambda)
========================================

DEBUG INPUT.C: Just set model_type to 2 [mcmc] Progress @ 2025-11-26 19:43:08 : 826 steps taken, and 97 accepted.
(should be 2)

DEBUG: Reading v3 canonical parameters...
  f_eV = 2.000000e+26 eV
  Lambda_EDE = 5.157124e-01 eV, theta_E_center = 0.00, sigma_E = 0.40
  Lambda_tail = 2.300000e-03 eV, alpha_tail = 1.00
BACKGROUND_INIT ENTERED: Lambda=0.00e+00
DEBUG BG_INIT ENTRY: model_type=2
DEBUG AFTER CHECKS: model_type=2 has_ridder=1
RIDDER DEBUG (background_init): has_ridder=1, Lambda_EDE_ridder=0.000000e+00, f_axion_ridder=1.000000e+16, theta_i_ridder=2.800000e+00, beta_ridder=0.000000e+00
BG_INIT: entering background_checks
BG_INIT: background_checks OK
RIDDER FREEZE FLAG (from input): ridder_freeze_phi = 0, force_damping = 1.000e+00
DEBUG SHOOTING CHECK: has_ridder=1, model_type=2 (unified=1), use_shooting_EDE=0
BG_INIT: entering background_solve
BACKGROUND_SOLVE ENTERED: has_ridder=1 Lambda=0.00e+00
RIDDER IC DEBUG: model_type=2 f_for_ic=2.000000e+26 theta_i=2.800000e+00 phi_ini=5.600000e+26
ABOUT TO INTEGRATE: bi_size=7 has_ridder=1 Lambda=0.00e+00
DERIVS_ENTRY: call#=150000 has_ridder=1 Lambda=0.00e+00 a=8.20e-08
BG_INIT: background_solve OK

========================================
RIDDER FINAL STATE (a=1, z=0):
  rho_ridder = 3.208560e-15 Mpc^-2
  rho_tot    = 5.003053e-08 Mpc^-2
  f_ridder   = 6.413204e-08 (fraction of total)
  Omega_ridder = 0.000000 (if f ~ Omega_Lambda)
========================================

DEBUG INPUT.C: Just set model_type to 2 (should be 2)

DEBUG: Reading v3 canonical parameters...
  f_eV = 2.000000e+26 eV
  Lambda_EDE = 4.490412e-01 eV, theta_E_center = 0.00, sigma_E = 0.40
  Lambda_tail = 2.300000e-03 eV, alpha_tail = 1.00
BACKGROUND_INIT ENTERED: Lambda=0.00e+00
DEBUG BG_INIT ENTRY: model_type=2
DEBUG AFTER CHECKS: model_type=2 has_ridder=1
RIDDER DEBUG (background_init): has_ridder=1, Lambda_EDE_ridder=0.000000e+00, f_axion_ridder=1.000000e+16, theta_i_ridder=2.800000e+00, beta_ridder=0.000000e+00
BG_INIT: entering background_checks
BG_INIT: background_checks OK
RIDDER FREEZE FLAG (from input): ridder_freeze_phi = 0, force_damping = 1.000e+00
DEBUG SHOOTING CHECK: has_ridder=1, model_type=2 (unified=1), use_shooting_EDE=0
BG_INIT: entering background_solve
BACKGROUND_SOLVE ENTERED: has_ridder=1 Lambda=0.00e+00
RIDDER IC DEBUG: model_type=2 f_for_ic=2.000000e+26 theta_i=2.800000e+00 phi_ini=5.600000e+26
ABOUT TO INTEGRATE: bi_size=7 has_ridder=1 Lambda=0.00e+00
DERIVS_ENTRY: call#=155000 has_ridder=1 Lambda=0.00e+00 a=1.29e-02
BG_INIT: background_solve OK

========================================
RIDDER FINAL STATE (a=1, z=0):
  rho_ridder = 3.723722e-15 Mpc^-2
  rho_tot    = 5.297327e-08 Mpc^-2
  f_ridder   = 7.029436e-08 (fraction of total)
  Omega_ridder = 0.000000 (if f ~ Omega_Lambda)
========================================

DEBUG INPUT.C: Just set model_type to 2 (should be 2)

DEBUG: Reading v3 canonical parameters...
  f_eV = 2.000000e+26 eV
  Lambda_EDE = 5.157124e-01 eV, theta_E_center = 0.00, sigma_E = 0.40
  Lambda_tail = 2.300000e-03 eV, alpha_tail = 1.00
BACKGROUND_INIT ENTERED: Lambda=0.00e+00
DEBUG BG_INIT ENTRY: model_type=2
DEBUG AFTER CHECKS: model_type=2 has_ridder=1
RIDDER DEBUG (background_init): has_ridder=1, Lambda_EDE_ridder=0.000000e+00, f_axion_ridder=1.000000e+16, theta_i_ridder=2.800000e+00, beta_ridder=0.000000e+00
BG_INIT: entering background_checks
BG_INIT: background_checks OK
RIDDER FREEZE FLAG (from input): ridder_freeze_phi = 0, force_damping = 1.000e+00
DEBUG SHOOTING CHECK: has_ridder=1, model_type=2 (unified=1), use_shooting_EDE=0
BG_INIT: entering background_solve
BACKGROUND_SOLVE ENTERED: has_ridder=1 Lambda=0.00e+00
RIDDER IC DEBUG: model_type=2 f_for_ic=2.000000e+26 theta_i=2.800000e+00 phi_ini=5.600000e+26
ABOUT TO INTEGRATE: bi_size=7 has_ridder=1 Lambda=0.00e+00
BG_INIT: background_solve OK

========================================
RIDDER FINAL STATE (a=1, z=0):
  rho_ridder = 3.310176e-15 Mpc^-2
  rho_tot    = 5.297327e-08 Mpc^-2
  f_ridder   = 6.248766e-08 (fraction of total)
  Omega_ridder = 0.000000 (if f ~ Omega_Lambda)
========================================

DEBUG INPUT.C: Just set model_type to 2 (should be 2)

DEBUG: Reading v3 canonical parameters...
  f_eV = 2.000000e+26 eV
  Lambda_EDE = 5.557912e-01 eV, theta_E_center = 0.00, sigma_E = 0.40
  Lambda_tail = 2.300000e-03 eV, alpha_tail = 1.00
BACKGROUND_INIT ENTERED: Lambda=0.00e+00
DEBUG BG_INIT ENTRY: model_type=2
DEBUG AFTER CHECKS: model_type=2 has_ridder=1
RIDDER DEBUG (background_init): has_ridder=1, Lambda_EDE_ridder=0.000000e+00, f_axion_ridder=1.000000e+16, theta_i_ridder=2.800000e+00, beta_ridder=0.000000e+00
BG_INIT: entering background_checks
BG_INIT: background_checks OK
RIDDER FREEZE FLAG (from input): ridder_freeze_phi = 0, force_damping = 1.000e+00
DEBUG SHOOTING CHECK: has_ridder=1, model_type=2 (unified=1), use_shooting_EDE=0
BG_INIT: entering background_solve
BACKGROUND_SOLVE ENTERED: has_ridder=1 Lambda=0.00e+00
RIDDER IC DEBUG: model_type=2 f_for_ic=2.000000e+26 theta_i=2.800000e+00 phi_ini=5.600000e+26
ABOUT TO INTEGRATE: bi_size=7 has_ridder=1 Lambda=0.00e+00
DERIVS_ENTRY: call#=160000 has_ridder=1 Lambda=0.00e+00 a=7.32e-14
BG_INIT: background_solve OK

========================================
RIDDER FINAL STATE (a=1, z=0):
  rho_ridder = 1.692436e-15 Mpc^-2
  rho_tot    = 5.297327e-08 Mpc^-2
  f_ridder   = 3.194887e-08 (fraction of total)
  Omega_ridder = 0.000000 (if f ~ Omega_Lambda)
========================================

DEBUG INPUT.C: Just set model_type to 2 (should be 2)

DEBUG: Reading v3 canonical parameters...
  f_eV = 2.000000e+26 eV
  Lambda_EDE = 5.214593e-01 eV, theta_E_center = 0.00, sigma_E = 0.40
  Lambda_tail = 2.300000e-03 eV, alpha_tail = 1.00
BACKGROUND_INIT ENTERED: Lambda=0.00e+00
DEBUG BG_INIT ENTRY: model_type=2
DEBUG AFTER CHECKS: model_type=2 has_ridder=1
RIDDER DEBUG (background_init): has_ridder=1, Lambda_EDE_ridder=0.000000e+00, f_axion_ridder=1.000000e+16, theta_i_ridder=2.800000e+00, beta_ridder=0.000000e+00
BG_INIT: entering background_checks
BG_INIT: background_checks OK
RIDDER FREEZE FLAG (from input): ridder_freeze_phi = 0, force_damping = 1.000e+00
DEBUG SHOOTING CHECK: has_ridder=1, model_type=2 (unified=1), use_shooting_EDE=0
BG_INIT: entering background_solve
BACKGROUND_SOLVE ENTERED: has_ridder=1 Lambda=0.00e+00
RIDDER IC DEBUG: model_type=2 f_for_ic=2.000000e+26 theta_i=2.800000e+00 phi_ini=5.600000e+26
ABOUT TO INTEGRATE: bi_size=7 has_ridder=1 Lambda=0.00e+00
DERIVS_ENTRY: call#=165000 has_ridder=1 Lambda=0.00e+00 a=5.01e-04
BG_INIT: background_solve OK

========================================
RIDDER FINAL STATE (a=1, z=0):
  rho_ridder = 3.020187e-15 Mpc^-2
  rho_tot    = 5.297327e-08 Mpc^-2
  f_ridder   = 5.701342e-08 (fraction of total)
  Omega_ridder = 0.000000 (if f ~ Omega_Lambda)
========================================

DEBUG INPUT.C: Just set model_type to 2 (should be 2)

DEBUG: Reading v3 canonical parameters...
  f_eV = 2.000000e+26 eV
  Lambda_EDE = 5.249265e-01 eV, theta_E_center = 0.00, sigma_E = 0.40
  Lambda_tail = 2.300000e-03 eV, alpha_tail = 1.00
BACKGROUND_INIT ENTERED: Lambda=0.00e+00
DEBUG BG_INIT ENTRY: model_type=2
DEBUG AFTER CHECKS: model_type=2 has_ridder=1
RIDDER DEBUG (background_init): has_ridder=1, Lambda_EDE_ridder=0.000000e+00, f_axion_ridder=1.000000e+16, theta_i_ridder=2.800000e+00, beta_ridder=0.000000e+00
BG_INIT: entering background_checks
BG_INIT: background_checks OK
RIDDER FREEZE FLAG (from input): ridder_freeze_phi = 0, force_damping = 1.000e+00
DEBUG SHOOTING CHECK: has_ridder=1, model_type=2 (unified=1), use_shooting_EDE=0
BG_INIT: entering background_solve
BACKGROUND_SOLVE ENTERED: has_ridder=1 Lambda=0.00e+00
RIDDER IC DEBUG: model_type=2 f_for_ic=2.000000e+26 theta_i=2.800000e+00 phi_ini=5.600000e+26
ABOUT TO INTEGRATE: bi_size=7 has_ridder=1 Lambda=0.00e+00
DERIVS_ENTRY: call#=170000 has_ridder=1 Lambda=0.00e+00 a=5.26e-02
BG_INIT: background_solve OK

========================================
RIDDER FINAL STATE (a=1, z=0):
  rho_ridder = 2.628372e-15 Mpc^-2
  rho_tot    = 5.297327e-08 Mpc^-2
  f_ridder   = 4.961695e-08 (fraction of total)
  Omega_ridder = 0.000000 (if f ~ Omega_Lambda)
========================================

DEBUG INPUT.C: Just set model_type to 2 (should be 2)

[mcmc] Progress @ 2025-11-26 19:44:26 : 912 steps taken, and 105 accepted.
DEBUG: Reading v3 canonical parameters...
  f_eV = 2.000000e+26 eV
  Lambda_EDE = 5.172695e-01 eV, theta_E_center = 0.00, sigma_E = 0.40
  Lambda_tail = 2.300000e-03 eV, alpha_tail = 1.00
BACKGROUND_INIT ENTERED: Lambda=0.00e+00
DEBUG BG_INIT ENTRY: model_type=2
DEBUG AFTER CHECKS: model_type=2 has_ridder=1
RIDDER DEBUG (background_init): has_ridder=1, Lambda_EDE_ridder=0.000000e+00, f_axion_ridder=1.000000e+16, theta_i_ridder=2.800000e+00, beta_ridder=0.000000e+00
BG_INIT: entering background_checks
BG_INIT: background_checks OK
RIDDER FREEZE FLAG (from input): ridder_freeze_phi = 0, force_damping = 1.000e+00
DEBUG SHOOTING CHECK: has_ridder=1, model_type=2 (unified=1), use_shooting_EDE=0
BG_INIT: entering background_solve
BACKGROUND_SOLVE ENTERED: has_ridder=1 Lambda=0.00e+00
RIDDER IC DEBUG: model_type=2 f_for_ic=2.000000e+26 theta_i=2.800000e+00 phi_ini=5.600000e+26
ABOUT TO INTEGRATE: bi_size=7 has_ridder=1 Lambda=0.00e+00
BG_INIT: background_solve OK

========================================
RIDDER FINAL STATE (a=1, z=0):
  rho_ridder = 3.295354e-15 Mpc^-2
  rho_tot    = 5.297327e-08 Mpc^-2
  f_ridder   = 6.220786e-08 (fraction of total)
  Omega_ridder = 0.000000 (if f ~ Omega_Lambda)
========================================

DEBUG INPUT.C: Just set model_type to 2 (should be 2)

DEBUG: Reading v3 canonical parameters...
  f_eV = 2.000000e+26 eV
  Lambda_EDE = 5.477773e-01 eV, theta_E_center = 0.00, sigma_E = 0.40
  Lambda_tail = 2.300000e-03 eV, alpha_tail = 1.00
BACKGROUND_INIT ENTERED: Lambda=0.00e+00
DEBUG BG_INIT ENTRY: model_type=2
DEBUG AFTER CHECKS: model_type=2 has_ridder=1
RIDDER DEBUG (background_init): has_ridder=1, Lambda_EDE_ridder=0.000000e+00, f_axion_ridder=1.000000e+16, theta_i_ridder=2.800000e+00, beta_ridder=0.000000e+00
BG_INIT: entering background_checks
BG_INIT: background_checks OK
RIDDER FREEZE FLAG (from input): ridder_freeze_phi = 0, force_damping = 1.000e+00
DEBUG SHOOTING CHECK: has_ridder=1, model_type=2 (unified=1), use_shooting_EDE=0
BG_INIT: entering background_solve
BACKGROUND_SOLVE ENTERED: has_ridder=1 Lambda=0.00e+00
RIDDER IC DEBUG: model_type=2 f_for_ic=2.000000e+26 theta_i=2.800000e+00 phi_ini=5.600000e+26
ABOUT TO INTEGRATE: bi_size=7 has_ridder=1 Lambda=0.00e+00
DERIVS_ENTRY: call#=175000 has_ridder=1 Lambda=0.00e+00 a=2.33e-11
BG_INIT: background_solve OK

========================================
RIDDER FINAL STATE (a=1, z=0):
  rho_ridder = 1.735689e-15 Mpc^-2
  rho_tot    = 5.297327e-08 Mpc^-2
  f_ridder   = 3.276538e-08 (fraction of total)
  Omega_ridder = 0.000000 (if f ~ Omega_Lambda)
========================================

DEBUG INPUT.C: Just set model_type to 2 (should be 2)

DEBUG: Reading v3 canonical parameters...
  f_eV = 2.000000e+26 eV
  Lambda_EDE = 5.030429e-01 eV, theta_E_center = 0.00, sigma_E = 0.40
  Lambda_tail = 2.300000e-03 eV, alpha_tail = 1.00
BACKGROUND_INIT ENTERED: Lambda=0.00e+00
DEBUG BG_INIT ENTRY: model_type=2
DEBUG AFTER CHECKS: model_type=2 has_ridder=1
RIDDER DEBUG (background_init): has_ridder=1, Lambda_EDE_ridder=0.000000e+00, f_axion_ridder=1.000000e+16, theta_i_ridder=2.800000e+00, beta_ridder=0.000000e+00
BG_INIT: entering background_checks
BG_INIT: background_checks OK
RIDDER FREEZE FLAG (from input): ridder_freeze_phi = 0, force_damping = 1.000e+00
DEBUG SHOOTING CHECK: has_ridder=1, model_type=2 (unified=1), use_shooting_EDE=0
BG_INIT: entering background_solve
BACKGROUND_SOLVE ENTERED: has_ridder=1 Lambda=0.00e+00
RIDDER IC DEBUG: model_type=2 f_for_ic=2.000000e+26 theta_i=2.800000e+00 phi_ini=5.600000e+26
ABOUT TO INTEGRATE: bi_size=7 has_ridder=1 Lambda=0.00e+00
DERIVS_ENTRY: call#=180000 has_ridder=1 Lambda=0.00e+00 a=9.12e-04
BG_INIT: background_solve OK

========================================
RIDDER FINAL STATE (a=1, z=0):
  rho_ridder = 2.824043e-15 Mpc^-2
  rho_tot    = 5.297327e-08 Mpc^-2
  f_ridder   = 5.331071e-08 (fraction of total)
  Omega_ridder = 0.000000 (if f ~ Omega_Lambda)
========================================

DEBUG INPUT.C: Just set model_type to 2 (should be 2)

DEBUG: Reading v3 canonical parameters...[mcmc] Progress @ 2025-11-26 19:45:42 : 1041 steps taken, and 114 accepted.

  f_eV = 2.000000e+26 eV
  Lambda_EDE = 3.883868e-01 eV, theta_E_center = 0.00, sigma_E = 0.40
  Lambda_tail = 2.300000e-03 eV, alpha_tail = 1.00
BACKGROUND_INIT ENTERED: Lambda=0.00e+00
DEBUG BG_INIT ENTRY: model_type=2
DEBUG AFTER CHECKS: model_type=2 has_ridder=1
RIDDER DEBUG (background_init): has_ridder=1, Lambda_EDE_ridder=0.000000e+00, f_axion_ridder=1.000000e+16, theta_i_ridder=2.800000e+00, beta_ridder=0.000000e+00
BG_INIT: entering background_checks
BG_INIT: background_checks OK
RIDDER FREEZE FLAG (from input): ridder_freeze_phi = 0, force_damping = 1.000e+00
DEBUG SHOOTING CHECK: has_ridder=1, model_type=2 (unified=1), use_shooting_EDE=0
BG_INIT: entering background_solve
BACKGROUND_SOLVE ENTERED: has_ridder=1 Lambda=0.00e+00
RIDDER IC DEBUG: model_type=2 f_for_ic=2.000000e+26 theta_i=2.800000e+00 phi_ini=5.600000e+26
ABOUT TO INTEGRATE: bi_size=7 has_ridder=1 Lambda=0.00e+00
DERIVS_ENTRY: call#=185000 has_ridder=1 Lambda=0.00e+00 a=2.34e-01
BG_INIT: background_solve OK

========================================
RIDDER FINAL STATE (a=1, z=0):
  rho_ridder = 3.623951e-15 Mpc^-2
  rho_tot    = 5.297327e-08 Mpc^-2
  f_ridder   = 6.841092e-08 (fraction of total)
  Omega_ridder = 0.000000 (if f ~ Omega_Lambda)
========================================

DEBUG INPUT.C: Just set model_type to 2 (should be 2)

DEBUG: Reading v3 canonical parameters...
  f_eV = 2.000000e+26 eV
  Lambda_EDE = 5.157124e-01 eV, theta_E_center = 0.00, sigma_E = 0.40
  Lambda_tail = 2.300000e-03 eV, alpha_tail = 1.00
BACKGROUND_INIT ENTERED: Lambda=0.00e+00
DEBUG BG_INIT ENTRY: model_type=2
DEBUG AFTER CHECKS: model_type=2 has_ridder=1
RIDDER DEBUG (background_init): has_ridder=1, Lambda_EDE_ridder=0.000000e+00, f_axion_ridder=1.000000e+16, theta_i_ridder=2.800000e+00, beta_ridder=0.000000e+00
BG_INIT: entering background_checks
BG_INIT: background_checks OK
RIDDER FREEZE FLAG (from input): ridder_freeze_phi = 0, force_damping = 1.000e+00
DEBUG SHOOTING CHECK: has_ridder=1, model_type=2 (unified=1), use_shooting_EDE=0
BG_INIT: entering background_solve
BACKGROUND_SOLVE ENTERED: has_ridder=1 Lambda=0.00e+00
RIDDER IC DEBUG: model_type=2 f_for_ic=2.000000e+26 theta_i=2.800000e+00 phi_ini=5.600000e+26
ABOUT TO INTEGRATE: bi_size=7 has_ridder=1 Lambda=0.00e+00
BG_INIT: background_solve OK

========================================
RIDDER FINAL STATE (a=1, z=0):
  rho_ridder = 3.222776e-15 Mpc^-2
  rho_tot    = 5.042028e-08 Mpc^-2
  f_ridder   = 6.391825e-08 (fraction of total)
  Omega_ridder = 0.000000 (if f ~ Omega_Lambda)
========================================

DEBUG INPUT.C: Just set model_type to 2 (should be 2)

DEBUG: Reading v3 canonical parameters...
  f_eV = 2.000000e+26 eV
  Lambda_EDE = 4.376375e-01 eV, theta_E_center = 0.00, sigma_E = 0.40
  Lambda_tail = 2.300000e-03 eV, alpha_tail = 1.00
BACKGROUND_INIT ENTERED: Lambda=0.00e+00
DEBUG BG_INIT ENTRY: model_type=2
DEBUG AFTER CHECKS: model_type=2 has_ridder=1
RIDDER DEBUG (background_init): has_ridder=1, Lambda_EDE_ridder=0.000000e+00, f_axion_ridder=1.000000e+16, theta_i_ridder=2.800000e+00, beta_ridder=0.000000e+00
BG_INIT: entering background_checks
BG_INIT: background_checks OK
RIDDER FREEZE FLAG (from input): ridder_freeze_phi = 0, force_damping = 1.000e+00
DEBUG SHOOTING CHECK: has_ridder=1, model_type=2 (unified=1), use_shooting_EDE=0
BG_INIT: entering background_solve
BACKGROUND_SOLVE ENTERED: has_ridder=1 Lambda=0.00e+00
RIDDER IC DEBUG: model_type=2 f_for_ic=2.000000e+26 theta_i=2.800000e+00 phi_ini=5.600000e+26
ABOUT TO INTEGRATE: bi_size=7 has_ridder=1 Lambda=0.00e+00
DERIVS_ENTRY: call#=190000 has_ridder=1 Lambda=0.00e+00 a=4.54e-06
BG_INIT: background_solve OK

========================================
RIDDER FINAL STATE (a=1, z=0):
  rho_ridder = 3.893797e-15 Mpc^-2
  rho_tot    = 5.297327e-08 Mpc^-2
  f_ridder   = 7.350493e-08 (fraction of total)
  Omega_ridder = 0.000000 (if f ~ Omega_Lambda)
========================================

DEBUG INPUT.C: Just set model_type to 2 (should be 2)

DEBUG: Reading v3 canonical parameters...
  f_eV = 2.000000e+26 eV
  Lambda_EDE = [mcmc] Progress @ 2025-11-26 19:46:58 : 1117 steps taken, and 123 accepted.
4.910510e-01 eV, theta_E_center = 0.00, sigma_E = 0.40
  Lambda_tail = 2.300000e-03 eV, alpha_tail = 1.00
BACKGROUND_INIT ENTERED: Lambda=0.00e+00
DEBUG BG_INIT ENTRY: model_type=2
DEBUG AFTER CHECKS: model_type=2 has_ridder=1
RIDDER DEBUG (background_init): has_ridder=1, Lambda_EDE_ridder=0.000000e+00, f_axion_ridder=1.000000e+16, theta_i_ridder=2.800000e+00, beta_ridder=0.000000e+00
BG_INIT: entering background_checks
BG_INIT: background_checks OK
RIDDER FREEZE FLAG (from input): ridder_freeze_phi = 0, force_damping = 1.000e+00
DEBUG SHOOTING CHECK: has_ridder=1, model_type=2 (unified=1), use_shooting_EDE=0
BG_INIT: entering background_solve
BACKGROUND_SOLVE ENTERED: has_ridder=1 Lambda=0.00e+00
RIDDER IC DEBUG: model_type=2 f_for_ic=2.000000e+26 theta_i=2.800000e+00 phi_ini=5.600000e+26
ABOUT TO INTEGRATE: bi_size=7 has_ridder=1 Lambda=0.00e+00
DERIVS_ENTRY: call#=195000 has_ridder=1 Lambda=0.00e+00 a=2.18e-02
BG_INIT: background_solve OK

========================================
RIDDER FINAL STATE (a=1, z=0):
  rho_ridder = 1.628500e-15 Mpc^-2
  rho_tot    = 5.297327e-08 Mpc^-2
  f_ridder   = 3.074192e-08 (fraction of total)
  Omega_ridder = 0.000000 (if f ~ Omega_Lambda)
========================================

DEBUG INPUT.C: Just set model_type to 2 (should be 2)

DEBUG: Reading v3 canonical parameters...
  f_eV = 2.000000e+26 eV
  Lambda_EDE = 5.176086e-01 eV, theta_E_center = 0.00, sigma_E = 0.40
  Lambda_tail = 2.300000e-03 eV, alpha_tail = 1.00
BACKGROUND_INIT ENTERED: Lambda=0.00e+00
DEBUG BG_INIT ENTRY: model_type=2
DEBUG AFTER CHECKS: model_type=2 has_ridder=1
RIDDER DEBUG (background_init): has_ridder=1, Lambda_EDE_ridder=0.000000e+00, f_axion_ridder=1.000000e+16, theta_i_ridder=2.800000e+00, beta_ridder=0.000000e+00
BG_INIT: entering background_checks
BG_INIT: background_checks OK
RIDDER FREEZE FLAG (from input): ridder_freeze_phi = 0, force_damping = 1.000e+00
DEBUG SHOOTING CHECK: has_ridder=1, model_type=2 (unified=1), use_shooting_EDE=0
BG_INIT: entering background_solve
BACKGROUND_SOLVE ENTERED: has_ridder=1 Lambda=0.00e+00
RIDDER IC DEBUG: model_type=2 f_for_ic=2.000000e+26 theta_i=2.800000e+00 phi_ini=5.600000e+26
ABOUT TO INTEGRATE: bi_size=7 has_ridder=1 Lambda=0.00e+00
BG_INIT: background_solve OK

========================================
RIDDER FINAL STATE (a=1, z=0):
  rho_ridder = 3.370343e-15 Mpc^-2
  rho_tot    = 5.297327e-08 Mpc^-2
  f_ridder   = 6.362347e-08 (fraction of total)
  Omega_ridder = 0.000000 (if f ~ Omega_Lambda)
========================================

DEBUG INPUT.C: Just set model_type to 2 (should be 2)

DEBUG: Reading v3 canonical parameters...
  f_eV = 2.000000e+26 eV
  Lambda_EDE = 5.205569e-01 eV, theta_E_center = 0.00, sigma_E = 0.40
  Lambda_tail = 2.300000e-03 eV, alpha_tail = 1.00
BACKGROUND_INIT ENTERED: Lambda=0.00e+00
DEBUG BG_INIT ENTRY: model_type=2
DEBUG AFTER CHECKS: model_type=2 has_ridder=1
RIDDER DEBUG (background_init): has_ridder=1, Lambda_EDE_ridder=0.000000e+00, f_axion_ridder=1.000000e+16, theta_i_ridder=2.800000e+00, beta_ridder=0.000000e+00
BG_INIT: entering background_checks
BG_INIT: background_checks OK
RIDDER FREEZE FLAG (from input): ridder_freeze_phi = 0, force_damping = 1.000e+00
DEBUG SHOOTING CHECK: has_ridder=1, model_type=2 (unified=1), use_shooting_EDE=0
BG_INIT: entering background_solve
BACKGROUND_SOLVE ENTERED: has_ridder=1 Lambda=0.00e+00
RIDDER IC DEBUG: model_type=2 f_for_ic=2.000000e+26 theta_i=2.800000e+00 phi_ini=5.600000e+26
ABOUT TO INTEGRATE: bi_size=7 has_ridder=1 Lambda=0.00e+00
DERIVS_ENTRY: call#=200000 has_ridder=1 Lambda=0.00e+00 a=2.99e-12
BG_INIT: background_solve OK

========================================
RIDDER FINAL STATE (a=1, z=0):
  rho_ridder = 3.215510e-15 Mpc^-2
  rho_tot    = 5.297327e-08 Mpc^-2
  f_ridder   = 6.070062e-08 (fraction of total)
  Omega_ridder = 0.000000 (if f ~ Omega_Lambda)
========================================

DEBUG INPUT.C: Just set model_type to 2 (should be 2)

DEBUG: Reading v3 canonical parameters...
  f_eV = 2.000000e+26 eV
  Lambda_EDE = 5.680956e-01 eV, theta_E_center = 0.00, sigma_E = 0.40
  Lambda_tail = 2.300000e-03 eV, alpha_tail = 1.00
BACKGROUND_INIT ENTERED: Lambda=0.00e+00
DEBUG BG_INIT ENTRY: model_type=2
DEBUG AFTER CHECKS: model_type=2 has_ridder=1
RIDDER DEBUG (background_init): has_ridder=1, Lambda_EDE_ridder=0.000000e+00, f_axion_ridder=1.000000e+16, theta_i_ridder=2.800000e+00, beta_ridder=0.000000e+00
BG_INIT: entering background_checks
BG_INIT: background_checks OK
RIDDER FREEZE FLAG (from input): ridder_freeze_phi = 0, force_damping = 1.000e+00
DEBUG SHOOTING CHECK: has_ridder=1, model_type=2 (unified=1), use_shooting_EDE=0
BG_INIT: entering background_solve
BACKGROUND_SOLVE ENTERED: has_ridder=1 Lambda=0.00e+00
RIDDER IC DEBUG: model_type=2 f_for_ic=2.000000e+26 theta_i=2.800000e+00 phi_ini=5.600000e+26
ABOUT TO INTEGRATE: bi_size=7 has_ridder=1 Lambda=0.00e+00
DERIVS_ENTRY: call#=205000 has_ridder=1 Lambda=0.00e+00 a=1.10e-03
BG_INIT: background_solve OK

========================================
RIDDER FINAL STATE (a=1, z=0):
  rho_ridder = 1.836117e-15 Mpc^-2
  rho_tot    = 5.297327e-08 Mpc^-2
  f_ridder   = 3.466119e-08 (fraction of total)
  Omega_ridder = 0.000000 (if f ~ Omega_Lambda)
========================================

DEBUG INPUT.C: Just set model_type to 2 (should be 2)

DEBUG: Reading v3 canonical parameters...
  f_eV = 2.000000e+26 eV
  Lambda_EDE = 4.880504e-01 eV, theta_E_center = 0.00, sigma_E = 0.40
  Lambda_tail = 2.300000e-03 eV, alpha_tail = 1.00
BACKGROUND_INIT ENTERED: Lambda=0.00e+00
DEBUG BG_INIT ENTRY: model_type=2
DEBUG AFTER CHECKS: model_type=2 has_ridder=1
RIDDER DEBUG (background_init): has_ridder=1, Lambda_EDE_ridder=0.000000e+00, f_axion_ridder=1.000000e+16, theta_i_ridder=2.800000e+00, beta_ridder=0.000000e+00
BG_INIT: entering background_checks
BG_INIT: background_checks OK
RIDDER FREEZE FLAG (from input): ridder_freeze_phi = 0, force_damping = 1.000e+00
DEBUG SHOOTING CHECK: has_ridder=1, model_type=2 (unified=1), use_shooting_EDE=0
BG_INIT: entering background_solve
BACKGROUND_SOLVE ENTERED: has_ridder=1 Lambda=0.00e+00
RIDDER IC DEBUG: model_type=2 f_for_ic=2.000000e+26 theta_i=2.800000e+00 phi_ini=5.600000e+26
ABOUT TO INTEGRATE: bi_size=7 has_ridder=1 Lambda=0.00e+00
DERIVS_ENTRY: call#=210000 has_ridder=1 Lambda=0.00e+00 a=6.80e-02
BG_INIT: background_solve OK

========================================
RIDDER FINAL STATE (a=1, z=0):
  rho_ridder = 1.633886e-15 Mpc^-2
  rho_tot    = 5.297327e-08 Mpc^-2
  f_ridder   = 3.084359e-08 (fraction of total)
  Omega_ridder = 0.000000 (if f ~ Omega_Lambda)
========================================

DEBUG INPUT.C: Just set model_type to 2 (should be 2)

DEBUG: Reading v3 canonical parameters...
  f_eV = 2.000000e+26 eV
  Lambda_EDE = 4.900707e-01 eV, theta_E_center = 0.00, sigma_E = 0.40
  Lambda_tail = 2.300000e-03 eV, alpha_tail = 1.00
BACKGROUND_INIT ENTERED: Lambda=0.00e+00
DEBUG BG_INIT ENTRY: model_type=2
DEBUG AFTER CHECKS: model_type=2 has_ridder=1
RIDDER DEBUG (background_init): has_ridder=1, Lambda_EDE_ridder=0.000000e+00, f_axion_ridder=1.000000e+16, theta_i_ridder=2.800000e+00, beta_ridder=0.000000e+00
BG_INIT: entering background_checks
BG_INIT: background_checks OK
RIDDER FREEZE FLAG (from input): ridder_freeze_phi = 0, force_damping = 1.000e+00
DEBUG SHOOTING CHECK: has_ridder=1, model_type=2 (unified=1), use_shooting_EDE=0
BG_INIT: entering background_solve
BACKGROUND_SOLVE ENTERED: has_ridder=1 Lambda=0.00e+00
RIDDER IC DEBUG: model_type=2 f_for_ic=2.000000e+26 theta_i=2.800000e+00 phi_ini=5.600000e+26
ABOUT TO INTEGRATE: bi_size=7 has_ridder=1 Lambda=0.00e+00
BG_INIT: background_solve OK

========================================
RIDDER FINAL STATE (a=1, z=0):
  rho_ridder = 1.619337e-15 Mpc^-2
  rho_tot    = 5.297327e-08 Mpc^-2
  f_ridder   = 3.056895e-08 (fraction of total)
  Omega_ridder = 0.000000 (if f ~ Omega_Lambda)
========================================

DEBUG INPUT.C: Just set model_type to 2 (should be 2)

DEBUG: Reading v3 canonical parameters...
  f_eV = 2.000000e+26 eV
  Lambda_EDE = 5.157124e-01 eV, theta_E_center = 0.00, sigma_E = 0.40
  Lambda_tail = 2.300000e-0[mcmc] Progress @ 2025-11-26 19:48:16 : 1188 steps taken, and 131 accepted.
3 eV, alpha_tail = 1.00
BACKGROUND_INIT ENTERED: Lambda=0.00e+00
DEBUG BG_INIT ENTRY: model_type=2
DEBUG AFTER CHECKS: model_type=2 has_ridder=1
RIDDER DEBUG (background_init): has_ridder=1, Lambda_EDE_ridder=0.000000e+00, f_axion_ridder=1.000000e+16, theta_i_ridder=2.800000e+00, beta_ridder=0.000000e+00
BG_INIT: entering background_checks
BG_INIT: background_checks OK
RIDDER FREEZE FLAG (from input): ridder_freeze_phi = 0, force_damping = 1.000e+00
DEBUG SHOOTING CHECK: has_ridder=1, model_type=2 (unified=1), use_shooting_EDE=0
BG_INIT: entering background_solve
BACKGROUND_SOLVE ENTERED: has_ridder=1 Lambda=0.00e+00
RIDDER IC DEBUG: model_type=2 f_for_ic=2.000000e+26 theta_i=2.800000e+00 phi_ini=5.600000e+26
ABOUT TO INTEGRATE: bi_size=7 has_ridder=1 Lambda=0.00e+00
DERIVS_ENTRY: call#=215000 has_ridder=1 Lambda=0.00e+00 a=1.61e-09
BG_INIT: background_solve OK

========================================
RIDDER FINAL STATE (a=1, z=0):
  rho_ridder = 3.341244e-15 Mpc^-2
  rho_tot    = 5.399507e-08 Mpc^-2
  f_ridder   = 6.188053e-08 (fraction of total)
  Omega_ridder = 0.000000 (if f ~ Omega_Lambda)
========================================

DEBUG INPUT.C: Just set model_type to 2 (should be 2)

DEBUG: Reading v3 canonical parameters...
  f_eV = 2.000000e+26 eV
  Lambda_EDE = 4.509793e-01 eV, theta_E_center = 0.00, sigma_E = 0.40
  Lambda_tail = 2.300000e-03 eV, alpha_tail = 1.00
BACKGROUND_INIT ENTERED: Lambda=0.00e+00
DEBUG BG_INIT ENTRY: model_type=2
DEBUG AFTER CHECKS: model_type=2 has_ridder=1
RIDDER DEBUG (background_init): has_ridder=1, Lambda_EDE_ridder=0.000000e+00, f_axion_ridder=1.000000e+16, theta_i_ridder=2.800000e+00, beta_ridder=0.000000e+00
BG_INIT: entering background_checks
BG_INIT: background_checks OK
RIDDER FREEZE FLAG (from input): ridder_freeze_phi = 0, force_damping = 1.000e+00
DEBUG SHOOTING CHECK: has_ridder=1, model_type=2 (unified=1), use_shooting_EDE=0
BG_INIT: entering background_solve
BACKGROUND_SOLVE ENTERED: has_ridder=1 Lambda=0.00e+00
RIDDER IC DEBUG: model_type=2 f_for_ic=2.000000e+26 theta_i=2.800000e+00 phi_ini=5.600000e+26
ABOUT TO INTEGRATE: bi_size=7 has_ridder=1 Lambda=0.00e+00
DERIVS_ENTRY: call#=220000 has_ridder=1 Lambda=0.00e+00 a=7.61e-03
BG_INIT: background_solve OK

========================================
RIDDER FINAL STATE (a=1, z=0):
  rho_ridder = 3.561234e-15 Mpc^-2
  rho_tot    = 5.297327e-08 Mpc^-2
  f_ridder   = 6.722700e-08 (fraction of total)
  Omega_ridder = 0.000000 (if f ~ Omega_Lambda)
========================================

DEBUG INPUT.C: Just set model_type to 2 (should be 2)

DEBUG: Reading v3 canonical parameters...
  f_eV = 2.000000e+26 eV
  Lambda_EDE = 4.680703e-01 eV, theta_E_center = 0.00, sigma_E = 0.40
  Lambda_tail = 2.300000e-03 eV, alpha_tail = 1.00
BACKGROUND_INIT ENTERED: Lambda=0.00e+00
DEBUG BG_INIT ENTRY: model_type=2
DEBUG AFTER CHECKS: model_type=2 has_ridder=1
RIDDER DEBUG (background_init): has_ridder=1, Lambda_EDE_ridder=0.000000e+00, f_axion_ridder=1.000000e+16, theta_i_ridder=2.800000e+00, beta_ridder=0.000000e+00
BG_INIT: entering background_checks
BG_INIT: background_checks OK
RIDDER FREEZE FLAG (from input): ridder_freeze_phi = 0, force_damping = 1.000e+00
DEBUG SHOOTING CHECK: has_ridder=1, model_type=2 (unified=1), use_shooting_EDE=0
BG_INIT: entering background_solve
BACKGROUND_SOLVE ENTERED: has_ridder=1 Lambda=0.00e+00
RIDDER IC DEBUG: model_type=2 f_for_ic=2.000000e+26 theta_i=2.800000e+00 phi_ini=5.600000e+26
ABOUT TO INTEGRATE: bi_size=7 has_ridder=1 Lambda=0.00e+00
BG_INIT: background_solve OK

========================================
RIDDER FINAL STATE (a=1, z=0):
  rho_ridder = 3.575900e-15 Mpc^-2
  rho_tot    = 5.297327e-08 Mpc^-2
  f_ridder   = 6.750384e-08 (fraction of total)
  Omega_ridder = 0.000000 (if f ~ Omega_Lambda)
========================================

DEBUG INPUT.C: Just set model_type to 2 (should be 2)

DEBUG: Reading v3 canonical parameters...
  f_eV = 2.000000e+26 eV
  Lambda_EDE = 6.375900e-01 eV, theta_E_center = 0.00, sigma_E = 0.40
  Lambda_tail = 2.300000e-03 eV, alpha_tail = 1.00
BACKGROUND_INIT E[mcmc] Progress @ 2025-11-26 19:49:16 : 1316 steps taken, and 150 accepted.
NTERED: Lambda=0.00e+00
DEBUG BG_INIT ENTRY: model_type=2
DEBUG AFTER CHECKS: model_type=2 has_ridder=1
RIDDER DEBUG (background_init): has_ridder=1, Lambda_EDE_ridder=0.000000e+00, f_axion_ridder=1.000000e+16, theta_i_ridder=2.800000e+00, beta_ridder=0.000000e+00
BG_INIT: entering background_checks
BG_INIT: background_checks OK
RIDDER FREEZE FLAG (from input): ridder_freeze_phi = 0, force_damping = 1.000e+00
DEBUG SHOOTING CHECK: has_ridder=1, model_type=2 (unified=1), use_shooting_EDE=0
BG_INIT: entering background_solve
BACKGROUND_SOLVE ENTERED: has_ridder=1 Lambda=0.00e+00
RIDDER IC DEBUG: model_type=2 f_for_ic=2.000000e+26 theta_i=2.800000e+00 phi_ini=5.600000e+26
ABOUT TO INTEGRATE: bi_size=7 has_ridder=1 Lambda=0.00e+00
DERIVS_ENTRY: call#=225000 has_ridder=1 Lambda=0.00e+00 a=1.70e-14
BG_INIT: background_solve OK

========================================
RIDDER FINAL STATE (a=1, z=0):
  rho_ridder = 1.428704e-15 Mpc^-2
  rho_tot    = 5.297327e-08 Mpc^-2
  f_ridder   = 2.697029e-08 (fraction of total)
  Omega_ridder = 0.000000 (if f ~ Omega_Lambda)
========================================

DEBUG INPUT.C: Just set model_type to 2 (should be 2)

DEBUG: Reading v3 canonical parameters...
  f_eV = 2.000000e+26 eV
  Lambda_EDE = 5.847650e-01 eV, theta_E_center = 0.00, sigma_E = 0.40
  Lambda_tail = 2.300000e-03 eV, alpha_tail = 1.00
BACKGROUND_INIT ENTERED: Lambda=0.00e+00
DEBUG BG_INIT ENTRY: model_type=2
DEBUG AFTER CHECKS: model_type=2 has_ridder=1
RIDDER DEBUG (background_init): has_ridder=1, Lambda_EDE_ridder=0.000000e+00, f_axion_ridder=1.000000e+16, theta_i_ridder=2.800000e+00, beta_ridder=0.000000e+00
BG_INIT: entering background_checks
BG_INIT: background_checks OK
RIDDER FREEZE FLAG (from input): ridder_freeze_phi = 0, force_damping = 1.000e+00
DEBUG SHOOTING CHECK: has_ridder=1, model_type=2 (unified=1), use_shooting_EDE=0
BG_INIT: entering background_solve
BACKGROUND_SOLVE ENTERED: has_ridder=1 Lambda=0.00e+00
RIDDER IC DEBUG: model_type=2 f_for_ic=2.000000e+26 theta_i=2.800000e+00 phi_ini=5.600000e+26
ABOUT TO INTEGRATE: bi_size=7 has_ridder=1 Lambda=0.00e+00
DERIVS_ENTRY: call#=230000 has_ridder=1 Lambda=0.00e+00 a=5.66e-05
BG_INIT: background_solve OK

========================================
RIDDER FINAL STATE (a=1, z=0):
  rho_ridder = 2.899267e-15 Mpc^-2
  rho_tot    = 5.297327e-08 Mpc^-2
  f_ridder   = 5.473075e-08 (fraction of total)
  Omega_ridder = 0.000000 (if f ~ Omega_Lambda)
========================================

DEBUG INPUT.C: Just set model_type to 2 (should be 2)

DEBUG: Reading v3 canonical parameters...
  f_eV = 2.000000e+26 eV
  Lambda_EDE = 5.157124e-01 eV, theta_E_center = 0.00, sigma_E = 0.40
  Lambda_tail = 2.300000e-03 eV, alpha_tail = 1.00
BACKGROUND_INIT ENTERED: Lambda=0.00e+00
DEBUG BG_INIT ENTRY: model_type=2
DEBUG AFTER CHECKS: model_type=2 has_ridder=1
RIDDER DEBUG (background_init): has_ridder=1, Lambda_EDE_ridder=0.000000e+00, f_axion_ridder=1.000000e+16, theta_i_ridder=2.800000e+00, beta_ridder=0.000000e+00
BG_INIT: entering background_checks
BG_INIT: background_checks OK
RIDDER FREEZE FLAG (from input): ridder_freeze_phi = 0, force_damping = 1.000e+00
DEBUG SHOOTING CHECK: has_ridder=1, model_type=2 (unified=1), use_shooting_EDE=0
BG_INIT: entering background_solve
BACKGROUND_SOLVE ENTERED: has_ridder=1 Lambda=0.00e+00
RIDDER IC DEBUG: model_type=2 f_for_ic=2.000000e+26 theta_i=2.800000e+00 phi_ini=5.600000e+26
ABOUT TO INTEGRATE: bi_size=7 has_ridder=1 Lambda=0.00e+00
DERIVS_ENTRY: call#=235000 has_ridder=1 Lambda=0.00e+00 a=1.30e-02
BG_INIT: background_solve OK

========================================
RIDDER FINAL STATE (a=1, z=0):
  rho_ridder = 3.368565e-15 Mpc^-2
  rho_tot    = 5.497724e-08 Mpc^-2
  f_ridder   = 6.127199e-08 (fraction of total)
  Omega_ridder = 0.000000 (if f ~ Omega_Lambda)
========================================

DEBUG INPUT.C: Just set model_type to 2 (should be 2)

DEBUG: Reading v3 canonical parameters...
  f_eV = 2.000000e+26 eV
  Lambda_EDE = 5.024381e-01 eV, theta_E_center = 0.00, sigma_E = 0.40
  Lambda_tail = 2.300000e-03 eV, alpha_tai[mcmc] Progress @ 2025-11-26 19:50:33 : 1397 steps taken, and 159 accepted.
l = 1.00
BACKGROUND_INIT ENTERED: Lambda=0.00e+00
DEBUG BG_INIT ENTRY: model_type=2
DEBUG AFTER CHECKS: model_type=2 has_ridder=1
RIDDER DEBUG (background_init): has_ridder=1, Lambda_EDE_ridder=0.000000e+00, f_axion_ridder=1.000000e+16, theta_i_ridder=2.800000e+00, beta_ridder=0.000000e+00
BG_INIT: entering background_checks
BG_INIT: background_checks OK
RIDDER FREEZE FLAG (from input): ridder_freeze_phi = 0, force_damping = 1.000e+00
DEBUG SHOOTING CHECK: has_ridder=1, model_type=2 (unified=1), use_shooting_EDE=0
BG_INIT: entering background_solve
BACKGROUND_SOLVE ENTERED: has_ridder=1 Lambda=0.00e+00
RIDDER IC DEBUG: model_type=2 f_for_ic=2.000000e+26 theta_i=2.800000e+00 phi_ini=5.600000e+26
ABOUT TO INTEGRATE: bi_size=7 has_ridder=1 Lambda=0.00e+00
BG_INIT: background_solve OK

========================================
RIDDER FINAL STATE (a=1, z=0):
  rho_ridder = 3.256952e-15 Mpc^-2
  rho_tot    = 5.297327e-08 Mpc^-2
  f_ridder   = 6.148294e-08 (fraction of total)
  Omega_ridder = 0.000000 (if f ~ Omega_Lambda)
========================================

DEBUG INPUT.C: Just set model_type to 2 (should be 2)

DEBUG: Reading v3 canonical parameters...
  f_eV = 2.000000e+26 eV
  Lambda_EDE = 5.335819e-01 eV, theta_E_center = 0.00, sigma_E = 0.40
  Lambda_tail = 2.300000e-03 eV, alpha_tail = 1.00
BACKGROUND_INIT ENTERED: Lambda=0.00e+00
DEBUG BG_INIT ENTRY: model_type=2
DEBUG AFTER CHECKS: model_type=2 has_ridder=1
RIDDER DEBUG (background_init): has_ridder=1, Lambda_EDE_ridder=0.000000e+00, f_axion_ridder=1.000000e+16, theta_i_ridder=2.800000e+00, beta_ridder=0.000000e+00
BG_INIT: entering background_checks
BG_INIT: background_checks OK
RIDDER FREEZE FLAG (from input): ridder_freeze_phi = 0, force_damping = 1.000e+00
DEBUG SHOOTING CHECK: has_ridder=1, model_type=2 (unified=1), use_shooting_EDE=0
BG_INIT: entering background_solve
BACKGROUND_SOLVE ENTERED: has_ridder=1 Lambda=0.00e+00
RIDDER IC DEBUG: model_type=2 f_for_ic=2.000000e+26 theta_i=2.800000e+00 phi_ini=5.600000e+26
ABOUT TO INTEGRATE: bi_size=7 has_ridder=1 Lambda=0.00e+00
DERIVS_ENTRY: call#=240000 has_ridder=1 Lambda=0.00e+00 a=1.98e-14
BG_INIT: background_solve OK

========================================
RIDDER FINAL STATE (a=1, z=0):
  rho_ridder = 1.754337e-15 Mpc^-2
  rho_tot    = 5.297327e-08 Mpc^-2
  f_ridder   = 3.311740e-08 (fraction of total)
  Omega_ridder = 0.000000 (if f ~ Omega_Lambda)
========================================

DEBUG INPUT.C: Just set model_type to 2 (should be 2)

DEBUG: Reading v3 canonical parameters...
  f_eV = 2.000000e+26 eV
  Lambda_EDE = 5.234568e-01 eV, theta_E_center = 0.00, sigma_E = 0.40
  Lambda_tail = 2.300000e-03 eV, alpha_tail = 1.00
BACKGROUND_INIT ENTERED: Lambda=0.00e+00
DEBUG BG_INIT ENTRY: model_type=2
DEBUG AFTER CHECKS: model_type=2 has_ridder=1
RIDDER DEBUG (background_init): has_ridder=1, Lambda_EDE_ridder=0.000000e+00, f_axion_ridder=1.000000e+16, theta_i_ridder=2.800000e+00, beta_ridder=0.000000e+00
BG_INIT: entering background_checks
BG_INIT: background_checks OK
RIDDER FREEZE FLAG (from input): ridder_freeze_phi = 0, force_damping = 1.000e+00
DEBUG SHOOTING CHECK: has_ridder=1, model_type=2 (unified=1), use_shooting_EDE=0
BG_INIT: entering background_solve
BACKGROUND_SOLVE ENTERED: has_ridder=1 Lambda=0.00e+00
RIDDER IC DEBUG: model_type=2 f_for_ic=2.000000e+26 theta_i=2.800000e+00 phi_ini=5.600000e+26
ABOUT TO INTEGRATE: bi_size=7 has_ridder=1 Lambda=0.00e+00
DERIVS_ENTRY: call#=245000 has_ridder=1 Lambda=0.00e+00 a=2.49e-04
BG_INIT: background_solve OK

========================================
RIDDER FINAL STATE (a=1, z=0):
  rho_ridder = 2.830033e-15 Mpc^-2
  rho_tot    = 5.297327e-08 Mpc^-2
  f_ridder   = 5.342379e-08 (fraction of total)
  Omega_ridder = 0.000000 (if f ~ Omega_Lambda)
========================================

DEBUG INPUT.C: Just set model_type to 2 (should be 2)

DEBUG: Reading v3 canonical parameters...
  f_eV = 2.000000e+26 eV
  Lambda_EDE = 4.934450e-01 eV, theta_E_center = 0.00, sigma_E = 0.40
  Lambda_tail = 2.300000e-03 eV, alpha_tail = 1.00
BACKGROUND_INIT ENTERED: Lambda=[mcmc] Progress @ 2025-11-26 19:51:49 : 1430 steps taken, and 162 accepted.
0.00e+00
DEBUG BG_INIT ENTRY: model_type=2
DEBUG AFTER CHECKS: model_type=2 has_ridder=1
RIDDER DEBUG (background_init): has_ridder=1, Lambda_EDE_ridder=0.000000e+00, f_axion_ridder=1.000000e+16, theta_i_ridder=2.800000e+00, beta_ridder=0.000000e+00
BG_INIT: entering background_checks
BG_INIT: background_checks OK
RIDDER FREEZE FLAG (from input): ridder_freeze_phi = 0, force_damping = 1.000e+00
DEBUG SHOOTING CHECK: has_ridder=1, model_type=2 (unified=1), use_shooting_EDE=0
BG_INIT: entering background_solve
BACKGROUND_SOLVE ENTERED: has_ridder=1 Lambda=0.00e+00
RIDDER IC DEBUG: model_type=2 f_for_ic=2.000000e+26 theta_i=2.800000e+00 phi_ini=5.600000e+26
ABOUT TO INTEGRATE: bi_size=7 has_ridder=1 Lambda=0.00e+00
DERIVS_ENTRY: call#=250000 has_ridder=1 Lambda=0.00e+00 a=4.73e-02
BG_INIT: background_solve OK

========================================
RIDDER FINAL STATE (a=1, z=0):
  rho_ridder = 1.767179e-15 Mpc^-2
  rho_tot    = 5.297327e-08 Mpc^-2
  f_ridder   = 3.335982e-08 (fraction of total)
  Omega_ridder = 0.000000 (if f ~ Omega_Lambda)
========================================

DEBUG INPUT.C: Just set model_type to 2 (should be 2)

DEBUG: Reading v3 canonical parameters...
  f_eV = 2.000000e+26 eV
  Lambda_EDE = 5.621833e-01 eV, theta_E_center = 0.00, sigma_E = 0.40
  Lambda_tail = 2.300000e-03 eV, alpha_tail = 1.00
BACKGROUND_INIT ENTERED: Lambda=0.00e+00
DEBUG BG_INIT ENTRY: model_type=2
DEBUG AFTER CHECKS: model_type=2 has_ridder=1
RIDDER DEBUG (background_init): has_ridder=1, Lambda_EDE_ridder=0.000000e+00, f_axion_ridder=1.000000e+16, theta_i_ridder=2.800000e+00, beta_ridder=0.000000e+00
BG_INIT: entering background_checks
BG_INIT: background_checks OK
RIDDER FREEZE FLAG (from input): ridder_freeze_phi = 0, force_damping = 1.000e+00
DEBUG SHOOTING CHECK: has_ridder=1, model_type=2 (unified=1), use_shooting_EDE=0
BG_INIT: entering background_solve
BACKGROUND_SOLVE ENTERED: has_ridder=1 Lambda=0.00e+00
RIDDER IC DEBUG: model_type=2 f_for_ic=2.000000e+26 theta_i=2.800000e+00 phi_ini=5.600000e+26
ABOUT TO INTEGRATE: bi_size=7 has_ridder=1 Lambda=0.00e+00
BG_INIT: background_solve OK

========================================
RIDDER FINAL STATE (a=1, z=0):
  rho_ridder = 1.782544e-15 Mpc^-2
  rho_tot    = 5.297327e-08 Mpc^-2
  f_ridder   = 3.364987e-08 (fraction of total)
  Omega_ridder = 0.000000 (if f ~ Omega_Lambda)
========================================

DEBUG INPUT.C: Just set model_type to 2 (should be 2)

DEBUG: Reading v3 canonical parameters...
  f_eV = 2.000000e+26 eV
  Lambda_EDE = 4.970521e-01 eV, theta_E_center = 0.00, sigma_E = 0.40
  Lambda_tail = 2.300000e-03 eV, alpha_tail = 1.00
BACKGROUND_INIT ENTERED: Lambda=0.00e+00
DEBUG BG_INIT ENTRY: model_type=2
DEBUG AFTER CHECKS: model_type=2 has_ridder=1
RIDDER DEBUG (background_init): has_ridder=1, Lambda_EDE_ridder=0.000000e+00, f_axion_ridder=1.000000e+16, theta_i_ridder=2.800000e+00, beta_ridder=0.000000e+00
BG_INIT: entering background_checks
BG_INIT: background_checks OK
RIDDER FREEZE FLAG (from input): ridder_freeze_phi = 0, force_damping = 1.000e+00
DEBUG SHOOTING CHECK: has_ridder=1, model_type=2 (unified=1), use_shooting_EDE=0
BG_INIT: entering background_solve
BACKGROUND_SOLVE ENTERED: has_ridder=1 Lambda=0.00e+00
RIDDER IC DEBUG: model_type=2 f_for_ic=2.000000e+26 theta_i=2.800000e+00 phi_ini=5.600000e+26
ABOUT TO INTEGRATE: bi_size=7 has_ridder=1 Lambda=0.00e+00
DERIVS_ENTRY: call#=255000 has_ridder=1 Lambda=0.00e+00 a=1.74e-12
BG_INIT: background_solve OK

========================================
RIDDER FINAL STATE (a=1, z=0):
  rho_ridder = 1.710724e-15 Mpc^-2
  rho_tot    = 5.297327e-08 Mpc^-2
  f_ridder   = 3.229410e-08 (fraction of total)
  Omega_ridder = 0.000000 (if f ~ Omega_Lambda)
========================================

DEBUG INPUT.C: Just set model_type to 2 (should be 2)

DEBUG: Reading v3 canonical parameters...
  f_eV = 2.000000e+26 eV
  Lambda_EDE = 5.908219e-01 eV, theta_E_center = 0.00, sigma_E = 0.40
  Lambda_tail = 2.300000e-03 eV, alpha_tail = 1.00
BACKGROUND_INIT ENTERED: Lambda=0.00e+00
DEBUG BG_INIT ENTRY: model_type=[mcmc] Progress @ 2025-11-26 19:52:49 : 1496 steps taken, and 167 accepted.
2
DEBUG AFTER CHECKS: model_type=2 has_ridder=1
RIDDER DEBUG (background_init): has_ridder=1, Lambda_EDE_ridder=0.000000e+00, f_axion_ridder=1.000000e+16, theta_i_ridder=2.800000e+00, beta_ridder=0.000000e+00
BG_INIT: entering background_checks
BG_INIT: background_checks OK
RIDDER FREEZE FLAG (from input): ridder_freeze_phi = 0, force_damping = 1.000e+00
DEBUG SHOOTING CHECK: has_ridder=1, model_type=2 (unified=1), use_shooting_EDE=0
BG_INIT: entering background_solve
BACKGROUND_SOLVE ENTERED: has_ridder=1 Lambda=0.00e+00
RIDDER IC DEBUG: model_type=2 f_for_ic=2.000000e+26 theta_i=2.800000e+00 phi_ini=5.600000e+26
ABOUT TO INTEGRATE: bi_size=7 has_ridder=1 Lambda=0.00e+00
DERIVS_ENTRY: call#=260000 has_ridder=1 Lambda=0.00e+00 a=1.47e-03
BG_INIT: background_solve OK

========================================
RIDDER FINAL STATE (a=1, z=0):
  rho_ridder = 2.917254e-15 Mpc^-2
  rho_tot    = 5.297327e-08 Mpc^-2
  f_ridder   = 5.507029e-08 (fraction of total)
  Omega_ridder = 0.000000 (if f ~ Omega_Lambda)
========================================

DEBUG INPUT.C: Just set model_type to 2 (should be 2)

DEBUG: Reading v3 canonical parameters...
  f_eV = 2.000000e+26 eV
  Lambda_EDE = 5.865930e-01 eV, theta_E_center = 0.00, sigma_E = 0.40
  Lambda_tail = 2.300000e-03 eV, alpha_tail = 1.00
BACKGROUND_INIT ENTERED: Lambda=0.00e+00
DEBUG BG_INIT ENTRY: model_type=2
DEBUG AFTER CHECKS: model_type=2 has_ridder=1
RIDDER DEBUG (background_init): has_ridder=1, Lambda_EDE_ridder=0.000000e+00, f_axion_ridder=1.000000e+16, theta_i_ridder=2.800000e+00, beta_ridder=0.000000e+00
BG_INIT: entering background_checks
BG_INIT: background_checks OK
RIDDER FREEZE FLAG (from input): ridder_freeze_phi = 0, force_damping = 1.000e+00
DEBUG SHOOTING CHECK: has_ridder=1, model_type=2 (unified=1), use_shooting_EDE=0
BG_INIT: entering background_solve
BACKGROUND_SOLVE ENTERED: has_ridder=1 Lambda=0.00e+00
RIDDER IC DEBUG: model_type=2 f_for_ic=2.000000e+26 theta_i=2.800000e+00 phi_ini=5.600000e+26
ABOUT TO INTEGRATE: bi_size=7 has_ridder=1 Lambda=0.00e+00
DERIVS_ENTRY: call#=265000 has_ridder=1 Lambda=0.00e+00 a=6.54e-02
BG_INIT: background_solve OK

========================================
RIDDER FINAL STATE (a=1, z=0):
  rho_ridder = 2.923565e-15 Mpc^-2
  rho_tot    = 5.297327e-08 Mpc^-2
  f_ridder   = 5.518943e-08 (fraction of total)
  Omega_ridder = 0.000000 (if f ~ Omega_Lambda)
========================================

DEBUG INPUT.C: Just set model_type to 2 (should be 2)

DEBUG: Reading v3 canonical parameters...
  f_eV = 2.000000e+26 eV
  Lambda_EDE = 5.487962e-01 eV, theta_E_center = 0.00, sigma_E = 0.40
  Lambda_tail = 2.300000e-03 eV, alpha_tail = 1.00
BACKGROUND_INIT ENTERED: Lambda=0.00e+00
DEBUG BG_INIT ENTRY: model_type=2
DEBUG AFTER CHECKS: model_type=2 has_ridder=1
RIDDER DEBUG (background_init): has_ridder=1, Lambda_EDE_ridder=0.000000e+00, f_axion_ridder=1.000000e+16, theta_i_ridder=2.800000e+00, beta_ridder=0.000000e+00
BG_INIT: entering background_checks
BG_INIT: background_checks OK
RIDDER FREEZE FLAG (from input): ridder_freeze_phi = 0, force_damping = 1.000e+00
DEBUG SHOOTING CHECK: has_ridder=1, model_type=2 (unified=1), use_shooting_EDE=0
BG_INIT: entering background_solve
BACKGROUND_SOLVE ENTERED: has_ridder=1 Lambda=0.00e+00
RIDDER IC DEBUG: model_type=2 f_for_ic=2.000000e+26 theta_i=2.800000e+00 phi_ini=5.600000e+26
ABOUT TO INTEGRATE: bi_size=7 has_ridder=1 Lambda=0.00e+00
BG_INIT: background_solve OK

========================================
RIDDER FINAL STATE (a=1, z=0):
  rho_ridder = 1.897534e-15 Mpc^-2
  rho_tot    = 5.297327e-08 Mpc^-2
  f_ridder   = 3.582059e-08 (fraction of total)
  Omega_ridder = 0.000000 (if f ~ Omega_Lambda)
========================================

DEBUG INPUT.C: Just set model_type to 2 (should be 2)

DEBUG: Reading v3 canonical parameters...
  f_eV = 2.000000e+26 eV
  Lambda_EDE = 4.943624e-01 eV, theta_E_center = 0.00, sigma_E = 0.40
  Lambda_tail = 2.300000e-03 eV, alpha_tail = 1.00
BACKGROUND_INIT ENTERED: Lambda=0.00e+00
DEBUG BG_INIT ENTRY: model_type=2
DEBUG AFTER CHECKS: model_type=2 has_ridder=1
RIDDER DEBUG (background_init): has_ridder=1, Lambda_EDE_ridder=0.000000e+00, f_axion_ridder=1.000000e+16, theta_i_ridder=2.800000e+00, beta_ridder=0.000000e+00
BG_INIT: entering background_checks
BG_INIT: background_checks OK
RIDDER FREEZE FLAG (from input): ridder_freeze_phi = 0, force_damping = 1.000e+00
DEBUG SHOOTING CHECK: has_ridder=1, model_type=2 (unified=1), use_shooting_EDE=0
BG_INIT: entering background_solve
BACKGROUND_SOLVE ENTERED: has_ridder=1 Lambda=0.00e+00
RIDDER IC DEBUG: model_type=2 f_for_ic=2.000000e+26 theta_i=2.800000e+00 phi_ini=5.600000e+26
ABOUT TO INTEGRATE: bi_size=7 has_ridder=1 Lambda=0.00e+00
DERIVS_ENTRY: call#=270000 has_ridder=1 Lambda=0.00e+00 a=6.63e-12
BG_INIT: background_solve OK

========================================
RIDDER FINAL STATE (a=1, z=0):
  rho_ridder = 1.631813e-15 Mpc^-2
  rho_tot    = 5.297327e-08 Mpc^-2
  f_ridder   = 3.080447e-08 (fraction of total)
  Omega_ridder = 0.000000 (if f ~ Omega_Lambda)
========================================

DEBUG INPUT.C: Just set model_type to 2 (should be 2)

DEBUG: Reading v3 canonical parameters...
  f_eV = 2.000000e+26 eV
  Lambda_EDE = 6.557822e-01 eV, theta_E_center = 0.00, sigma_E = 0.40
  Lambda_tail = 2.300000e-03 eV, alpha_tail = 1.00
BACKGROUND_INIT ENTERED: Lambda=0.00e+00
DEBUG BG_INIT ENTRY: model_type=2
DEBUG AFTER CHECKS: model_type=2 has_ridder=1
RIDDER DEBUG (background_init): has_ridder=1, Lambda_EDE_ridder=0.000000e+00, f_axion_ridder=1.000000e+16, theta_i_ridder=2.800000e+00, beta_ridder=0.000000e+00
BG_INIT: entering background_checks
BG_INIT: background_checks OK
RIDDER FREEZE FLAG (from input): ridder_freeze_phi = 0, force_damping = 1.000e+00
DEBUG SHOOTING CHECK: has_ridder=1, model_type=2 (unified=1), use_shooting_EDE=0
BG_INIT: entering background_solve
BACKGROUND_SOLVE ENTERED: has_ridder=1 Lambda=0.00e+00
RIDDER IC DEBUG: model_type=2 f_for_ic=2.000000e+26 theta_i=2.800000e+00 phi_ini=5.600000e+26
ABOUT TO INTEGRATE: bi_size=7 has_ridder=1 Lambda=0.00e+00
DERIVS_ENTRY: call#=275000 has_ridder=1 Lambda=0.00e+00 a=9.97e-04
BG_INIT: background_solve OK

========================================
RIDDER FINAL STATE (a=1, z=0):
  rho_ridder = 2.260277e-15 Mpc^-2
  rho_tot    = 5.297327e-08 Mpc^-2
  f_ridder   = 4.266826e-08 (fraction of total)
  Omega_ridder = 0.000000 (if f ~ Omega_Lambda)
========================================

DEBUG INPUT.C: Just set model_type to 2 (should be 2)

DEBUG: Reading v3 canonical parameters...
  f_eV = 2.000000e+26 eV
  Lambda_EDE = 5.157124e-01 eV, theta_E_center = 0.00, sigma_E = 0.40
  Lambda_tail = 2.300000e-03 eV, alpha_tail = 1.00
BACKGROUND_INIT ENTERED: Lambda=0.00e+00
DEBUG BG_INIT ENTRY: model_type=2
DEBUG AFTER CHECKS: model_type=2 has_ridder=1
RIDDER DEBUG (background_init): has_ridder=1, Lambda_EDE_ridder=0.000000e+00, f_axion_ridder=1.000000e+16, theta_i_ridder=2.800000e+00, beta_ridder=0.000000e+00
BG_INIT: entering background_checks
BG_INIT: background_checks OK
RIDDER FREEZE FLAG (from input): ridder_freeze_phi = 0, force_damping = 1.000e+00
DEBUG SHOOTING CHECK: has_ridder=1, model_type=2 (unified=1), use_shooting_EDE=0
BG_INIT: entering background_solve
BACKGROUND_SOLVE ENTERED: has_ridder=1 Lambda=0.00e+00
RIDDER IC DEBUG: model_type=2 f_for_ic=2.000000e+26 theta_i=2.800000e+00 phi_ini=5.600000e+26
ABOUT TO INTEGRATE: bi_size=7 has_ridder=1 Lambda=0.00e+00
DERIVS_ENTRY: call#=280000 has_ridder=1 Lambda=0.00e+00 a=2.42e-02
BG_INIT: background_solve OK

========================================
RIDDER FINAL STATE (a=1, z=0):
  rho_ridder = 3.262346e-15 Mpc^-2
  rho_tot    = 5.153111e-08 Mpc^-2
  f_ridder   = 6.330829e-08 (fraction of total)
  Omega_ridder = 0.000000 (if f ~ Omega_Lambda)
========================================

DEBUG INPUT.C: Just set model_type to 2 (should be 2)

DEBUG: Reading v3 canonical parameters...
  f_eV = 2.000000e+26 eV
  Lambda_EDE = 5.096938e-01 eV, theta_E_center = 0.00, sigma_E = 0.40
  Lambda_tail = 2.300000e-03 eV, alpha_tail = 1.00
BACKGROUND_INIT ENTERED: Lambda=0.00e+00
DEBUG BG_INIT ENTRY: model_type=2
DEBUG AFTER C[mcmc] Progress @ 2025-11-26 19:54:06 : 1553 steps taken, and 175 accepted.
HECKS: model_type=2 has_ridder=1
RIDDER DEBUG (background_init): has_ridder=1, Lambda_EDE_ridder=0.000000e+00, f_axion_ridder=1.000000e+16, theta_i_ridder=2.800000e+00, beta_ridder=0.000000e+00
BG_INIT: entering background_checks
BG_INIT: background_checks OK
RIDDER FREEZE FLAG (from input): ridder_freeze_phi = 0, force_damping = 1.000e+00
DEBUG SHOOTING CHECK: has_ridder=1, model_type=2 (unified=1), use_shooting_EDE=0
BG_INIT: entering background_solve
BACKGROUND_SOLVE ENTERED: has_ridder=1 Lambda=0.00e+00
RIDDER IC DEBUG: model_type=2 f_for_ic=2.000000e+26 theta_i=2.800000e+00 phi_ini=5.600000e+26
ABOUT TO INTEGRATE: bi_size=7 has_ridder=1 Lambda=0.00e+00
BG_INIT: background_solve OK

========================================
RIDDER FINAL STATE (a=1, z=0):
  rho_ridder = 3.334117e-15 Mpc^-2
  rho_tot    = 5.297327e-08 Mpc^-2
  f_ridder   = 6.293961e-08 (fraction of total)
  Omega_ridder = 0.000000 (if f ~ Omega_Lambda)
========================================

DEBUG INPUT.C: Just set model_type to 2 (should be 2)

DEBUG: Reading v3 canonical parameters...
  f_eV = 2.000000e+26 eV
  Lambda_EDE = 5.371978e-01 eV, theta_E_center = 0.00, sigma_E = 0.40
  Lambda_tail = 2.300000e-03 eV, alpha_tail = 1.00
BACKGROUND_INIT ENTERED: Lambda=0.00e+00
DEBUG BG_INIT ENTRY: model_type=2
DEBUG AFTER CHECKS: model_type=2 has_ridder=1
RIDDER DEBUG (background_init): has_ridder=1, Lambda_EDE_ridder=0.000000e+00, f_axion_ridder=1.000000e+16, theta_i_ridder=2.800000e+00, beta_ridder=0.000000e+00
BG_INIT: entering background_checks
BG_INIT: background_checks OK
RIDDER FREEZE FLAG (from input): ridder_freeze_phi = 0, force_damping = 1.000e+00
DEBUG SHOOTING CHECK: has_ridder=1, model_type=2 (unified=1), use_shooting_EDE=0
BG_INIT: entering background_solve
BACKGROUND_SOLVE ENTERED: has_ridder=1 Lambda=0.00e+00
RIDDER IC DEBUG: model_type=2 f_for_ic=2.000000e+26 theta_i=2.800000e+00 phi_ini=5.600000e+26
ABOUT TO INTEGRATE: bi_size=7 has_ridder=1 Lambda=0.00e+00
DERIVS_ENTRY: call#=285000 has_ridder=1 Lambda=0.00e+00 a=9.31e-13
BG_INIT: background_solve OK

========================================
RIDDER FINAL STATE (a=1, z=0):
  rho_ridder = 2.098561e-15 Mpc^-2
  rho_tot    = 5.297327e-08 Mpc^-2
  f_ridder   = 3.961547e-08 (fraction of total)
  Omega_ridder = 0.000000 (if f ~ Omega_Lambda)
========================================

DEBUG INPUT.C: Just set model_type to 2 (should be 2)

DEBUG: Reading v3 canonical parameters...
  f_eV = 2.000000e+26 eV
  Lambda_EDE = 4.518541e-01 eV, theta_E_center = 0.00, sigma_E = 0.40
  Lambda_tail = 2.300000e-03 eV, alpha_tail = 1.00
BACKGROUND_INIT ENTERED: Lambda=0.00e+00
DEBUG BG_INIT ENTRY: model_type=2
DEBUG AFTER CHECKS: model_type=2 has_ridder=1
RIDDER DEBUG (background_init): has_ridder=1, Lambda_EDE_ridder=0.000000e+00, f_axion_ridder=1.000000e+16, theta_i_ridder=2.800000e+00, beta_ridder=0.000000e+00
BG_INIT: entering background_checks
BG_INIT: background_checks OK
RIDDER FREEZE FLAG (from input): ridder_freeze_phi = 0, force_damping = 1.000e+00
DEBUG SHOOTING CHECK: has_ridder=1, model_type=2 (unified=1), use_shooting_EDE=0
BG_INIT: entering background_solve
BACKGROUND_SOLVE ENTERED: has_ridder=1 Lambda=0.00e+00
RIDDER IC DEBUG: model_type=2 f_for_ic=2.000000e+26 theta_i=2.800000e+00 phi_ini=5.600000e+26
ABOUT TO INTEGRATE: bi_size=7 has_ridder=1 Lambda=0.00e+00
DERIVS_ENTRY: call#=290000 has_ridder=1 Lambda=0.00e+00 a=9.42e-04
BG_INIT: background_solve OK

========================================
RIDDER FINAL STATE (a=1, z=0):
  rho_ridder = 2.604133e-15 Mpc^-2
  rho_tot    = 5.297327e-08 Mpc^-2
  f_ridder   = 4.915937e-08 (fraction of total)
  Omega_ridder = 0.000000 (if f ~ Omega_Lambda)
========================================

DEBUG INPUT.C: Just set model_type to 2 (should be 2)

DEBUG: Reading v3 canonical parameters...
  f_eV = 2.000000e+26 eV
  Lambda_EDE = 5.513830e-01 eV, theta_E_center = 0.00, sigma_E = 0.40
  Lambda_tail = 2.300000e-03 eV, alpha_tail = 1.00
BACKGROUND_INIT ENTERED: Lambda=0.00e+00
DEBUG BG_INIT ENTRY: model_type=2
DEBUG AFTER CHECKS: model_type=2 has_ridder=1
RIDDER D[mcmc] Progress @ 2025-11-26 19:55:08 : 1690 steps taken, and 189 accepted.
EBUG (background_init): has_ridder=1, Lambda_EDE_ridder=0.000000e+00, f_axion_ridder=1.000000e+16, theta_i_ridder=2.800000e+00, beta_ridder=0.000000e+00
BG_INIT: entering background_checks
BG_INIT: background_checks OK
RIDDER FREEZE FLAG (from input): ridder_freeze_phi = 0, force_damping = 1.000e+00
DEBUG SHOOTING CHECK: has_ridder=1, model_type=2 (unified=1), use_shooting_EDE=0
BG_INIT: entering background_solve
BACKGROUND_SOLVE ENTERED: has_ridder=1 Lambda=0.00e+00
RIDDER IC DEBUG: model_type=2 f_for_ic=2.000000e+26 theta_i=2.800000e+00 phi_ini=5.600000e+26
ABOUT TO INTEGRATE: bi_size=7 has_ridder=1 Lambda=0.00e+00
DERIVS_ENTRY: call#=295000 has_ridder=1 Lambda=0.00e+00 a=8.03e-02
BG_INIT: background_solve OK

========================================
RIDDER FINAL STATE (a=1, z=0):
  rho_ridder = 1.635903e-15 Mpc^-2
  rho_tot    = 5.297327e-08 Mpc^-2
  f_ridder   = 3.088167e-08 (fraction of total)
  Omega_ridder = 0.000000 (if f ~ Omega_Lambda)
========================================

DEBUG INPUT.C: Just set model_type to 2 (should be 2)

DEBUG: Reading v3 canonical parameters...
  f_eV = 2.000000e+26 eV
  Lambda_EDE = 3.698051e-01 eV, theta_E_center = 0.00, sigma_E = 0.40
  Lambda_tail = 2.300000e-03 eV, alpha_tail = 1.00
BACKGROUND_INIT ENTERED: Lambda=0.00e+00
DEBUG BG_INIT ENTRY: model_type=2
DEBUG AFTER CHECKS: model_type=2 has_ridder=1
RIDDER DEBUG (background_init): has_ridder=1, Lambda_EDE_ridder=0.000000e+00, f_axion_ridder=1.000000e+16, theta_i_ridder=2.800000e+00, beta_ridder=0.000000e+00
BG_INIT: entering background_checks
BG_INIT: background_checks OK
RIDDER FREEZE FLAG (from input): ridder_freeze_phi = 0, force_damping = 1.000e+00
DEBUG SHOOTING CHECK: has_ridder=1, model_type=2 (unified=1), use_shooting_EDE=0
BG_INIT: entering background_solve
BACKGROUND_SOLVE ENTERED: has_ridder=1 Lambda=0.00e+00
RIDDER IC DEBUG: model_type=2 f_for_ic=2.000000e+26 theta_i=2.800000e+00 phi_ini=5.600000e+26
ABOUT TO INTEGRATE: bi_size=7 has_ridder=1 Lambda=0.00e+00
BG_INIT: background_solve OK

========================================
RIDDER FINAL STATE (a=1, z=0):
  rho_ridder = 3.008707e-15 Mpc^-2
  rho_tot    = 5.297327e-08 Mpc^-2
  f_ridder   = 5.679670e-08 (fraction of total)
  Omega_ridder = 0.000000 (if f ~ Omega_Lambda)
========================================

DEBUG INPUT.C: Just set model_type to 2 (should be 2)

DEBUG: Reading v3 canonical parameters...
  f_eV = 2.000000e+26 eV
  Lambda_EDE = 5.288174e-01 eV, theta_E_center = 0.00, sigma_E = 0.40
  Lambda_tail = 2.300000e-03 eV, alpha_tail = 1.00
BACKGROUND_INIT ENTERED: Lambda=0.00e+00
DEBUG BG_INIT ENTRY: model_type=2
DEBUG AFTER CHECKS: model_type=2 has_ridder=1
RIDDER DEBUG (background_init): has_ridder=1, Lambda_EDE_ridder=0.000000e+00, f_axion_ridder=1.000000e+16, theta_i_ridder=2.800000e+00, beta_ridder=0.000000e+00
BG_INIT: entering background_checks
BG_INIT: background_checks OK
RIDDER FREEZE FLAG (from input): ridder_freeze_phi = 0, force_damping = 1.000e+00
DEBUG SHOOTING CHECK: has_ridder=1, model_type=2 (unified=1), use_shooting_EDE=0
BG_INIT: entering background_solve
BACKGROUND_SOLVE ENTERED: has_ridder=1 Lambda=0.00e+00
RIDDER IC DEBUG: model_type=2 f_for_ic=2.000000e+26 theta_i=2.800000e+00 phi_ini=5.600000e+26
ABOUT TO INTEGRATE: bi_size=7 has_ridder=1 Lambda=0.00e+00
DERIVS_ENTRY: call#=300000 has_ridder=1 Lambda=0.00e+00 a=4.25e-08
BG_INIT: background_solve OK

========================================
RIDDER FINAL STATE (a=1, z=0):
  rho_ridder = 2.468480e-15 Mpc^-2
  rho_tot    = 5.297327e-08 Mpc^-2
  f_ridder   = 4.659859e-08 (fraction of total)
  Omega_ridder = 0.000000 (if f ~ Omega_Lambda)
========================================

DEBUG INPUT.C: Just set model_type to 2 (should be 2)

DEBUG: Reading v3 canonical parameters...
  f_eV = 2.000000e+26 eV
  Lambda_EDE = 5.096938e-01 eV, theta_E_center = 0.00, sigma_E = 0.40
  Lambda_tail = 2.300000e-03 eV, alpha_tail = 1.00
BACKGROUND_INIT ENTERED: Lambda=0.00e+00
DEBUG BG_INIT ENTRY: model_type=2
DEBUG AFTER CHECKS: model_type=2 has_ridder=1
RIDDER DEBUG (background_init): has_ridder=1, Lam[mcmc] Progress @ 2025-11-26 19:56:26 : 1731 steps taken, and 194 accepted.
bda_EDE_ridder=0.000000e+00, f_axion_ridder=1.000000e+16, theta_i_ridder=2.800000e+00, beta_ridder=0.000000e+00
BG_INIT: entering background_checks
BG_INIT: background_checks OK
RIDDER FREEZE FLAG (from input): ridder_freeze_phi = 0, force_damping = 1.000e+00
DEBUG SHOOTING CHECK: has_ridder=1, model_type=2 (unified=1), use_shooting_EDE=0
BG_INIT: entering background_solve
BACKGROUND_SOLVE ENTERED: has_ridder=1 Lambda=0.00e+00
RIDDER IC DEBUG: model_type=2 f_for_ic=2.000000e+26 theta_i=2.800000e+00 phi_ini=5.600000e+26
ABOUT TO INTEGRATE: bi_size=7 has_ridder=1 Lambda=0.00e+00
DERIVS_ENTRY: call#=305000 has_ridder=1 Lambda=0.00e+00 a=6.97e-03
BG_INIT: background_solve OK

========================================
RIDDER FINAL STATE (a=1, z=0):
  rho_ridder = 3.292322e-15 Mpc^-2
  rho_tot    = 5.481576e-08 Mpc^-2
  f_ridder   = 6.006160e-08 (fraction of total)
  Omega_ridder = 0.000000 (if f ~ Omega_Lambda)
========================================

DEBUG INPUT.C: Just set model_type to 2 (should be 2)

DEBUG: Reading v3 canonical parameters...
  f_eV = 2.000000e+26 eV
  Lambda_EDE = 4.774232e-01 eV, theta_E_center = 0.00, sigma_E = 0.40
  Lambda_tail = 2.300000e-03 eV, alpha_tail = 1.00
BACKGROUND_INIT ENTERED: Lambda=0.00e+00
DEBUG BG_INIT ENTRY: model_type=2
DEBUG AFTER CHECKS: model_type=2 has_ridder=1
RIDDER DEBUG (background_init): has_ridder=1, Lambda_EDE_ridder=0.000000e+00, f_axion_ridder=1.000000e+16, theta_i_ridder=2.800000e+00, beta_ridder=0.000000e+00
BG_INIT: entering background_checks
BG_INIT: background_checks OK
RIDDER FREEZE FLAG (from input): ridder_freeze_phi = 0, force_damping = 1.000e+00
DEBUG SHOOTING CHECK: has_ridder=1, model_type=2 (unified=1), use_shooting_EDE=0
BG_INIT: entering background_solve
BACKGROUND_SOLVE ENTERED: has_ridder=1 Lambda=0.00e+00
RIDDER IC DEBUG: model_type=2 f_for_ic=2.000000e+26 theta_i=2.800000e+00 phi_ini=5.600000e+26
ABOUT TO INTEGRATE: bi_size=7 has_ridder=1 Lambda=0.00e+00
BG_INIT: background_solve OK

========================================
RIDDER FINAL STATE (a=1, z=0):
  rho_ridder = 2.350738e-15 Mpc^-2
  rho_tot    = 5.297327e-08 Mpc^-2
  f_ridder   = 4.437593e-08 (fraction of total)
  Omega_ridder = 0.000000 (if f ~ Omega_Lambda)
========================================

DEBUG INPUT.C: Just set model_type to 2 (should be 2)

DEBUG: Reading v3 canonical parameters...
  f_eV = 2.000000e+26 eV
  Lambda_EDE = 4.886226e-01 eV, theta_E_center = 0.00, sigma_E = 0.40
  Lambda_tail = 2.300000e-03 eV, alpha_tail = 1.00
BACKGROUND_INIT ENTERED: Lambda=0.00e+00
DEBUG BG_INIT ENTRY: model_type=2
DEBUG AFTER CHECKS: model_type=2 has_ridder=1
RIDDER DEBUG (background_init): has_ridder=1, Lambda_EDE_ridder=0.000000e+00, f_axion_ridder=1.000000e+16, theta_i_ridder=2.800000e+00, beta_ridder=0.000000e+00
BG_INIT: entering background_checks
BG_INIT: background_checks OK
RIDDER FREEZE FLAG (from input): ridder_freeze_phi = 0, force_damping = 1.000e+00
DEBUG SHOOTING CHECK: has_ridder=1, model_type=2 (unified=1), use_shooting_EDE=0
BG_INIT: entering background_solve
BACKGROUND_SOLVE ENTERED: has_ridder=1 Lambda=0.00e+00
RIDDER IC DEBUG: model_type=2 f_for_ic=2.000000e+26 theta_i=2.800000e+00 phi_ini=5.600000e+26
ABOUT TO INTEGRATE: bi_size=7 has_ridder=1 Lambda=0.00e+00
DERIVS_ENTRY: call#=310000 has_ridder=1 Lambda=0.00e+00 a=1.01e-14
BG_INIT: background_solve OK

========================================
RIDDER FINAL STATE (a=1, z=0):
  rho_ridder = 1.734952e-15 Mpc^-2
  rho_tot    = 5.297327e-08 Mpc^-2
  f_ridder   = 3.275147e-08 (fraction of total)
  Omega_ridder = 0.000000 (if f ~ Omega_Lambda)
========================================

DEBUG INPUT.C: Just set model_type to 2 (should be 2)

DEBUG: Reading v3 canonical parameters...
  f_eV = 2.000000e+26 eV
  Lambda_EDE = 4.688016e-01 eV, theta_E_center = 0.00, sigma_E = 0.40
  Lambda_tail = 2.300000e-03 eV, alpha_tail = 1.00
BACKGROUND_INIT ENTERED: Lambda=0.00e+00
DEBUG BG_INIT ENTRY: model_type=2
DEBUG AFTER CHECKS: model_type=2 has_ridder=1
RIDDER DEBUG (background_init): has_ridder=1, Lambda_EDE_ridder=0.000000e+00, f_axion_ridd[mcmc] Progress @ 2025-11-26 19:57:43 : 1833 steps taken, and 207 accepted.
er=1.000000e+16, theta_i_ridder=2.800000e+00, beta_ridder=0.000000e+00
BG_INIT: entering background_checks
BG_INIT: background_checks OK
RIDDER FREEZE FLAG (from input): ridder_freeze_phi = 0, force_damping = 1.000e+00
DEBUG SHOOTING CHECK: has_ridder=1, model_type=2 (unified=1), use_shooting_EDE=0
BG_INIT: entering background_solve
BACKGROUND_SOLVE ENTERED: has_ridder=1 Lambda=0.00e+00
RIDDER IC DEBUG: model_type=2 f_for_ic=2.000000e+26 theta_i=2.800000e+00 phi_ini=5.600000e+26
ABOUT TO INTEGRATE: bi_size=7 has_ridder=1 Lambda=0.00e+00
DERIVS_ENTRY: call#=315000 has_ridder=1 Lambda=0.00e+00 a=5.26e-04
BG_INIT: background_solve OK

========================================
RIDDER FINAL STATE (a=1, z=0):
  rho_ridder = 2.385084e-15 Mpc^-2
  rho_tot    = 5.297327e-08 Mpc^-2
  f_ridder   = 4.502430e-08 (fraction of total)
  Omega_ridder = 0.000000 (if f ~ Omega_Lambda)
========================================

DEBUG INPUT.C: Just set model_type to 2 (should be 2)

DEBUG: Reading v3 canonical parameters...
  f_eV = 2.000000e+26 eV
  Lambda_EDE = 5.350211e-01 eV, theta_E_center = 0.00, sigma_E = 0.40
  Lambda_tail = 2.300000e-03 eV, alpha_tail = 1.00
BACKGROUND_INIT ENTERED: Lambda=0.00e+00
DEBUG BG_INIT ENTRY: model_type=2
DEBUG AFTER CHECKS: model_type=2 has_ridder=1
RIDDER DEBUG (background_init): has_ridder=1, Lambda_EDE_ridder=0.000000e+00, f_axion_ridder=1.000000e+16, theta_i_ridder=2.800000e+00, beta_ridder=0.000000e+00
BG_INIT: entering background_checks
BG_INIT: background_checks OK
RIDDER FREEZE FLAG (from input): ridder_freeze_phi = 0, force_damping = 1.000e+00
DEBUG SHOOTING CHECK: has_ridder=1, model_type=2 (unified=1), use_shooting_EDE=0
BG_INIT: entering background_solve
BACKGROUND_SOLVE ENTERED: has_ridder=1 Lambda=0.00e+00
RIDDER IC DEBUG: model_type=2 f_for_ic=2.000000e+26 theta_i=2.800000e+00 phi_ini=5.600000e+26
ABOUT TO INTEGRATE: bi_size=7 has_ridder=1 Lambda=0.00e+00
DERIVS_ENTRY: call#=320000 has_ridder=1 Lambda=0.00e+00 a=7.82e-02
BG_INIT: background_solve OK

========================================
RIDDER FINAL STATE (a=1, z=0):
  rho_ridder = 2.466267e-15 Mpc^-2
  rho_tot    = 5.297327e-08 Mpc^-2
  f_ridder   = 4.655683e-08 (fraction of total)
  Omega_ridder = 0.000000 (if f ~ Omega_Lambda)
========================================

DEBUG INPUT.C: Just set model_type to 2 (should be 2)

DEBUG: Reading v3 canonical parameters...
  f_eV = 2.000000e+26 eV
  Lambda_EDE = 5.096938e-01 eV, theta_E_center = 0.00, sigma_E = 0.40
  Lambda_tail = 2.300000e-03 eV, alpha_tail = 1.00
BACKGROUND_INIT ENTERED: Lambda=0.00e+00
DEBUG BG_INIT ENTRY: model_type=2
DEBUG AFTER CHECKS: model_type=2 has_ridder=1
RIDDER DEBUG (background_init): has_ridder=1, Lambda_EDE_ridder=0.000000e+00, f_axion_ridder=1.000000e+16, theta_i_ridder=2.800000e+00, beta_ridder=0.000000e+00
BG_INIT: entering background_checks
BG_INIT: background_checks OK
RIDDER FREEZE FLAG (from input): ridder_freeze_phi = 0, force_damping = 1.000e+00
DEBUG SHOOTING CHECK: has_ridder=1, model_type=2 (unified=1), use_shooting_EDE=0
BG_INIT: entering background_solve
BACKGROUND_SOLVE ENTERED: has_ridder=1 Lambda=0.00e+00
RIDDER IC DEBUG: model_type=2 f_for_ic=2.000000e+26 theta_i=2.800000e+00 phi_ini=5.600000e+26
ABOUT TO INTEGRATE: bi_size=7 has_ridder=1 Lambda=0.00e+00
BG_INIT: background_solve OK

========================================
RIDDER FINAL STATE (a=1, z=0):
  rho_ridder = 3.344868e-15 Mpc^-2
  rho_tot    = 5.229285e-08 Mpc^-2
  f_ridder   = 6.396415e-08 (fraction of total)
  Omega_ridder = 0.000000 (if f ~ Omega_Lambda)
========================================

DEBUG INPUT.C: Just set model_type to 2 (should be 2)

DEBUG: Reading v3 canonical parameters...
  f_eV = 2.000000e+26 eV
  Lambda_EDE = 5.465768e-01 eV, theta_E_center = 0.00, sigma_E = 0.40
  Lambda_tail = 2.300000e-03 eV, alpha_tail = 1.00
BACKGROUND_INIT ENTERED: Lambda=0.00e+00
DEBUG BG_INIT ENTRY: model_type=2
DEBUG AFTER CHECKS: model_type=2 has_ridder=1
RIDDER DEBUG (background_init): has_ridder=1, Lambda_EDE_ridder=0.000000e+00, f_axion_ridder=1.000000e+16, theta_i_ridder=2.800000e+00, beta_ridder=0.000000e+00
BG_INIT: entering background_checks
BG_INIT: background_checks OK
RIDDER FREEZE FLAG (from input): ridder_freeze_phi = 0, force_damping = 1.000e+00
DEBUG SHOOTING CHECK: has_ridder=1, model_type=2 (unified=1), use_shooting_EDE=0
BG_INIT: entering background_solve
BACKGROUND_SOLVE ENTERED: has_ridder=1 Lambda=0.00e+00
RIDDER IC DEBUG: model_type=2 f_for_ic=2.000000e+26 theta_i=2.800000e+00 phi_ini=5.600000e+26
ABOUT TO INTEGRATE: bi_size=7 has_ridder=1 Lambda=0.00e+00
DERIVS_ENTRY: call#=325000 has_ridder=1 Lambda=0.00e+00 a=2.15e-10
BG_INIT: background_solve OK

========================================
RIDDER FINAL STATE (a=1, z=0):
  rho_ridder = 1.565979e-15 Mpc^-2
  rho_tot    = 5.297327e-08 Mpc^-2
  f_ridder   = 2.956167e-08 (fraction of total)
  Omega_ridder = 0.000000 (if f ~ Omega_Lambda)
========================================

DEBUG INPUT.C: Just set model_type to 2 (should be 2)

DEBUG: Reading v3 canonical parameters...
  f_eV = 2.000000e+26 eV
  Lambda_EDE = 5.275626e-01 eV, theta_E_center = 0.00, sigma_E = 0.40
  Lambda_tail = 2.300000e-03 eV, alpha_tail = 1.00
BACKGROUND_INIT ENTERED: Lambda=0.00e+00
DEBUG BG_INIT ENTRY: model_type=2
DEBUG AFTER CHECKS: model_type=2 has_ridder=1
RIDDER DEBUG (background_init): has_ridder=1, Lambda_EDE_ridder=0.000000e+00, f_axion_ridder=1.000000e+16, theta_i_ridder=2.800000e+00, beta_ridder=0.000000e+00
BG_INIT: entering background_checks
BG_INIT: background_checks OK
RIDDER FREEZE FLAG (from input): ridder_freeze_phi = 0, force_damping = 1.000e+00
DEBUG SHOOTING CHECK: has_ridder=1, model_type=2 (unified=1), use_shooting_EDE=0
BG_INIT: entering background_solve
BACKGROUND_SOLVE ENTERED: has_ridder=1 Lambda=0.00e+00
RIDDER IC DEBUG: model_type=2 f_for_ic=2.000000e+26 theta_i=2.800000e+00 phi_ini=5.600000e+26
ABOUT TO INTEGRATE: bi_size=7 has_ridder=1 Lambda=0.00e+00
DERIVS_ENTRY: call#=330000 has_ridder=1 Lambda=0.00e+00 a=2.44e-03
BG_INIT: background_solve OK

========================================
RIDDER FINAL STATE (a=1, z=0):
  rho_ridder = 2.507581e-15 Mpc^-2
  rho_tot    = 5.297327e-08 Mpc^-2
  f_ridder   = 4.733673e-08 (fraction of total)
  Omega_ridder = 0.000000 (if f ~ Omega_Lambda)
========================================

DEBUG INPUT.C: Just set model_type to 2 (should be 2)

DEBUG: Reading v3 canonical parameters...
  f_eV = 2.000000e+26 eV
  Lambda_EDE = 5.139352e-01 eV, theta_E_center = 0.00, sigma_E = 0.40
  Lambda_tail = 2.300000e-03 eV, alpha_tail = 1.00
BACKGROUND_INIT ENTERED: Lambda=0.00e+00
DEBUG BG_INIT ENTRY: model_type=2
DEBUG AFTER CHECKS: model_type=2 has_ridder=1
RIDDER DEBUG (background_init): has_ridder=1, Lambda_EDE_ridder=0.000000e+00, f_axion_ridder=1.000000e+16, theta_i_ridder=2.800000e+00, beta_ridder=0.000000e+00
BG_INIT: entering background_checks
BG_INIT: background_checks OK
RIDDER FREEZE FLAG (from input): ridder_freeze_phi = 0, force_damping = 1.000e+00
DEBUG SHOOTING CHECK: has_ridder=1, model_type=2 (unified=1), use_shooting_EDE=0
BG_INIT: entering background_solve
BACKGROUND_SOLVE ENTERED: has_ridder=1 Lambda=0.00e+00
RIDDER IC DEBUG: model_type=2 f_for_ic=2.000000e+26 theta_i=2.800000e+00 phi_ini=5.600000e+26
ABOUT TO INTEGRATE: bi_size=7 has_ridder=1 Lambda=0.00e+00
DERIVS_ENTRY: call#=335000 has_ridder=1 Lambda=0.00e+00 a=1.50e-01
BG_INIT: background_solve OK

========================================
RIDDER FINAL STATE (a=1, z=0):
  rho_ridder = 3.137465e-15 Mpc^-2
  rho_tot    = 5.297327e-08 Mpc^-2
  f_ridder   = 5.922731e-08 (fraction of total)
  Omega_ridder = 0.000000 (if f ~ Omega_Lambda)
========================================

DEBUG INPUT.C: Just set model_type to 2 (should be 2)

DEBUG: Reading v3 canonical parameters...
  f_eV = 2.000000e+26 eV
  Lambda_EDE = 4.783148e-01 eV, theta_E_center = 0.00, sigma_E = 0.40
  Lambda_tail = 2.300000e-03 eV, alpha_tail = 1.00
BACKGROUND_INIT ENTERED: Lambda=0.00e+00
DEBUG BG_INIT ENTRY: model_type=2
DEBUG AFTER CHECKS: model_type=2 has_ridder=1
RIDDER DEBUG (background_init): has_ridder=1, Lambda_EDE_ridder=0.000000e+00, f_axion_ridder=1.000000e+16[mcmc] Progress @ 2025-11-26 19:58:59 : 1884 steps taken, and 210 accepted.
, theta_i_ridder=2.800000e+00, beta_ridder=0.000000e+00
BG_INIT: entering background_checks
BG_INIT: background_checks OK
RIDDER FREEZE FLAG (from input): ridder_freeze_phi = 0, force_damping = 1.000e+00
DEBUG SHOOTING CHECK: has_ridder=1, model_type=2 (unified=1), use_shooting_EDE=0
BG_INIT: entering background_solve
BACKGROUND_SOLVE ENTERED: has_ridder=1 Lambda=0.00e+00
RIDDER IC DEBUG: model_type=2 f_for_ic=2.000000e+26 theta_i=2.800000e+00 phi_ini=5.600000e+26
ABOUT TO INTEGRATE: bi_size=7 has_ridder=1 Lambda=0.00e+00
BG_INIT: background_solve OK

========================================
RIDDER FINAL STATE (a=1, z=0):
  rho_ridder = 1.913336e-15 Mpc^-2
  rho_tot    = 5.297327e-08 Mpc^-2
  f_ridder   = 3.611890e-08 (fraction of total)
  Omega_ridder = 0.000000 (if f ~ Omega_Lambda)
========================================

DEBUG INPUT.C: Just set model_type to 2 (should be 2)

DEBUG: Reading v3 canonical parameters...
  f_eV = 2.000000e+26 eV
  Lambda_EDE = 4.864414e-01 eV, theta_E_center = 0.00, sigma_E = 0.40
  Lambda_tail = 2.300000e-03 eV, alpha_tail = 1.00
BACKGROUND_INIT ENTERED: Lambda=0.00e+00
DEBUG BG_INIT ENTRY: model_type=2
DEBUG AFTER CHECKS: model_type=2 has_ridder=1
RIDDER DEBUG (background_init): has_ridder=1, Lambda_EDE_ridder=0.000000e+00, f_axion_ridder=1.000000e+16, theta_i_ridder=2.800000e+00, beta_ridder=0.000000e+00
BG_INIT: entering background_checks
BG_INIT: background_checks OK
RIDDER FREEZE FLAG (from input): ridder_freeze_phi = 0, force_damping = 1.000e+00
DEBUG SHOOTING CHECK: has_ridder=1, model_type=2 (unified=1), use_shooting_EDE=0
BG_INIT: entering background_solve
BACKGROUND_SOLVE ENTERED: has_ridder=1 Lambda=0.00e+00
RIDDER IC DEBUG: model_type=2 f_for_ic=2.000000e+26 theta_i=2.800000e+00 phi_ini=5.600000e+26
ABOUT TO INTEGRATE: bi_size=7 has_ridder=1 Lambda=0.00e+00
DERIVS_ENTRY: call#=340000 has_ridder=1 Lambda=0.00e+00 a=1.66e-05
BG_INIT: background_solve OK

========================================
RIDDER FINAL STATE (a=1, z=0):
  rho_ridder = 1.670543e-15 Mpc^-2
  rho_tot    = 5.297327e-08 Mpc^-2
  f_ridder   = 3.153558e-08 (fraction of total)
  Omega_ridder = 0.000000 (if f ~ Omega_Lambda)
========================================

DEBUG INPUT.C: Just set model_type to 2 (should be 2)

DEBUG: Reading v3 canonical parameters...
  f_eV = 2.000000e+26 eV
  Lambda_EDE = 4.204110e-01 eV, theta_E_center = 0.00, sigma_E = 0.40
  Lambda_tail = 2.300000e-03 eV, alpha_tail = 1.00
BACKGROUND_INIT ENTERED: Lambda=0.00e+00
DEBUG BG_INIT ENTRY: model_type=2
DEBUG AFTER CHECKS: model_type=2 has_ridder=1
RIDDER DEBUG (background_init): has_ridder=1, Lambda_EDE_ridder=0.000000e+00, f_axion_ridder=1.000000e+16, theta_i_ridder=2.800000e+00, beta_ridder=0.000000e+00
BG_INIT: entering background_checks
BG_INIT: background_checks OK
RIDDER FREEZE FLAG (from input): ridder_freeze_phi = 0, force_damping = 1.000e+00
DEBUG SHOOTING CHECK: has_ridder=1, model_type=2 (unified=1), use_shooting_EDE=0
BG_INIT: entering background_solve
BACKGROUND_SOLVE ENTERED: has_ridder=1 Lambda=0.00e+00
RIDDER IC DEBUG: model_type=2 f_for_ic=2.000000e+26 theta_i=2.800000e+00 phi_ini=5.600000e+26
ABOUT TO INTEGRATE: bi_size=7 has_ridder=1 Lambda=0.00e+00
DERIVS_ENTRY: call#=345000 has_ridder=1 Lambda=0.00e+00 a=4.19e-02
BG_INIT: background_solve OK

========================================
RIDDER FINAL STATE (a=1, z=0):
  rho_ridder = 1.787822e-15 Mpc^-2
  rho_tot    = 5.297327e-08 Mpc^-2
  f_ridder   = 3.374950e-08 (fraction of total)
  Omega_ridder = 0.000000 (if f ~ Omega_Lambda)
========================================

DEBUG INPUT.C: Just set model_type to 2 (should be 2)

DEBUG: Reading v3 canonical parameters...
  f_eV = 2.000000e+26 eV
  Lambda_EDE = 4.596388e-01 eV, theta_E_center = 0.00, sigma_E = 0.40
  Lambda_tail = 2.300000e-03 eV, alpha_tail = 1.00
BACKGROUND_INIT ENTERED: Lambda=0.00e+00
DEBUG BG_INIT ENTRY: model_type=2
DEBUG AFTER CHECKS: model_type=2 has_ridder=1
RIDDER DEBUG (background_init): has_ridder=1, Lambda_EDE_ridder=0.000000e+00, f_axion_ridder=1.000000e+16, theta_i_ridder=2.800000e+00, beta_ridde[mcmc] Progress @ 2025-11-26 20:00:15 : 1965 steps taken, and 216 accepted.
r=0.000000e+00
BG_INIT: entering background_checks
BG_INIT: background_checks OK
RIDDER FREEZE FLAG (from input): ridder_freeze_phi = 0, force_damping = 1.000e+00
DEBUG SHOOTING CHECK: has_ridder=1, model_type=2 (unified=1), use_shooting_EDE=0
BG_INIT: entering background_solve
BACKGROUND_SOLVE ENTERED: has_ridder=1 Lambda=0.00e+00
RIDDER IC DEBUG: model_type=2 f_for_ic=2.000000e+26 theta_i=2.800000e+00 phi_ini=5.600000e+26
ABOUT TO INTEGRATE: bi_size=7 has_ridder=1 Lambda=0.00e+00
BG_INIT: background_solve OK

========================================
RIDDER FINAL STATE (a=1, z=0):
  rho_ridder = 3.222762e-15 Mpc^-2
  rho_tot    = 5.297327e-08 Mpc^-2
  f_ridder   = 6.083751e-08 (fraction of total)
  Omega_ridder = 0.000000 (if f ~ Omega_Lambda)
========================================

DEBUG INPUT.C: Just set model_type to 2 (should be 2)

DEBUG: Reading v3 canonical parameters...
  f_eV = 2.000000e+26 eV
  Lambda_EDE = 5.178851e-01 eV, theta_E_center = 0.00, sigma_E = 0.40
  Lambda_tail = 2.300000e-03 eV, alpha_tail = 1.00
BACKGROUND_INIT ENTERED: Lambda=0.00e+00
DEBUG BG_INIT ENTRY: model_type=2
DEBUG AFTER CHECKS: model_type=2 has_ridder=1
RIDDER DEBUG (background_init): has_ridder=1, Lambda_EDE_ridder=0.000000e+00, f_axion_ridder=1.000000e+16, theta_i_ridder=2.800000e+00, beta_ridder=0.000000e+00
BG_INIT: entering background_checks
BG_INIT: background_checks OK
RIDDER FREEZE FLAG (from input): ridder_freeze_phi = 0, force_damping = 1.000e+00
DEBUG SHOOTING CHECK: has_ridder=1, model_type=2 (unified=1), use_shooting_EDE=0
BG_INIT: entering background_solve
BACKGROUND_SOLVE ENTERED: has_ridder=1 Lambda=0.00e+00
RIDDER IC DEBUG: model_type=2 f_for_ic=2.000000e+26 theta_i=2.800000e+00 phi_ini=5.600000e+26
ABOUT TO INTEGRATE: bi_size=7 has_ridder=1 Lambda=0.00e+00
DERIVS_ENTRY: call#=350000 has_ridder=1 Lambda=0.00e+00 a=9.22e-10
BG_INIT: background_solve OK

========================================
RIDDER FINAL STATE (a=1, z=0):
  rho_ridder = 3.241192e-15 Mpc^-2
  rho_tot    = 5.297327e-08 Mpc^-2
  f_ridder   = 6.118542e-08 (fraction of total)
  Omega_ridder = 0.000000 (if f ~ Omega_Lambda)
========================================

DEBUG INPUT.C: Just set model_type to 2 (should be 2)

DEBUG: Reading v3 canonical parameters...
  f_eV = 2.000000e+26 eV
  Lambda_EDE = 5.464567e-01 eV, theta_E_center = 0.00, sigma_E = 0.40
  Lambda_tail = 2.300000e-03 eV, alpha_tail = 1.00
BACKGROUND_INIT ENTERED: Lambda=0.00e+00
DEBUG BG_INIT ENTRY: model_type=2
DEBUG AFTER CHECKS: model_type=2 has_ridder=1
RIDDER DEBUG (background_init): has_ridder=1, Lambda_EDE_ridder=0.000000e+00, f_axion_ridder=1.000000e+16, theta_i_ridder=2.800000e+00, beta_ridder=0.000000e+00
BG_INIT: entering background_checks
BG_INIT: background_checks OK
RIDDER FREEZE FLAG (from input): ridder_freeze_phi = 0, force_damping = 1.000e+00
DEBUG SHOOTING CHECK: has_ridder=1, model_type=2 (unified=1), use_shooting_EDE=0
BG_INIT: entering background_solve
BACKGROUND_SOLVE ENTERED: has_ridder=1 Lambda=0.00e+00
RIDDER IC DEBUG: model_type=2 f_for_ic=2.000000e+26 theta_i=2.800000e+00 phi_ini=5.600000e+26
ABOUT TO INTEGRATE: bi_size=7 has_ridder=1 Lambda=0.00e+00
DERIVS_ENTRY: call#=355000 has_ridder=1 Lambda=0.00e+00 a=4.00e-03
BG_INIT: background_solve OK

========================================
RIDDER FINAL STATE (a=1, z=0):
  rho_ridder = 1.795548e-15 Mpc^-2
  rho_tot    = 5.297327e-08 Mpc^-2
  f_ridder   = 3.389537e-08 (fraction of total)
  Omega_ridder = 0.000000 (if f ~ Omega_Lambda)
========================================

DEBUG INPUT.C: Just set model_type to 2 (should be 2)

DEBUG: Reading v3 canonical parameters...
  f_eV = 2.000000e+26 eV
  Lambda_EDE = 4.579045e-01 eV, theta_E_center = 0.00, sigma_E = 0.40
  Lambda_tail = 2.300000e-03 eV, alpha_tail = 1.00
BACKGROUND_INIT ENTERED: Lambda=0.00e+00
DEBUG BG_INIT ENTRY: model_type=2
DEBUG AFTER CHECKS: model_type=2 has_ridder=1
RIDDER DEBUG (background_init): has_ridder=1, Lambda_EDE_ridder=0.000000e+00, f_axion_ridder=1.000000e+16, theta_i_ridder=2.800000e+00, beta_ridder=0.000000e+00
BG_INIT: entering backgrou[mcmc] Progress @ 2025-11-26 20:01:32 : 2016 steps taken, and 219 accepted.
nd_checks
BG_INIT: background_checks OK
RIDDER FREEZE FLAG (from input): ridder_freeze_phi = 0, force_damping = 1.000e+00
DEBUG SHOOTING CHECK: has_ridder=1, model_type=2 (unified=1), use_shooting_EDE=0
BG_INIT: entering background_solve
BACKGROUND_SOLVE ENTERED: has_ridder=1 Lambda=0.00e+00
RIDDER IC DEBUG: model_type=2 f_for_ic=2.000000e+26 theta_i=2.800000e+00 phi_ini=5.600000e+26
ABOUT TO INTEGRATE: bi_size=7 has_ridder=1 Lambda=0.00e+00
DERIVS_ENTRY: call#=360000 has_ridder=1 Lambda=0.00e+00 a=4.00e-01
BG_INIT: background_solve OK

========================================
RIDDER FINAL STATE (a=1, z=0):
  rho_ridder = 3.294537e-15 Mpc^-2
  rho_tot    = 5.297327e-08 Mpc^-2
  f_ridder   = 6.219244e-08 (fraction of total)
  Omega_ridder = 0.000000 (if f ~ Omega_Lambda)
========================================

DEBUG INPUT.C: Just set model_type to 2 (should be 2)

DEBUG: Reading v3 canonical parameters...
  f_eV = 2.000000e+26 eV
  Lambda_EDE = 5.096938e-01 eV, theta_E_center = 0.00, sigma_E = 0.40
  Lambda_tail = 2.300000e-03 eV, alpha_tail = 1.00
BACKGROUND_INIT ENTERED: Lambda=0.00e+00
DEBUG BG_INIT ENTRY: model_type=2
DEBUG AFTER CHECKS: model_type=2 has_ridder=1
RIDDER DEBUG (background_init): has_ridder=1, Lambda_EDE_ridder=0.000000e+00, f_axion_ridder=1.000000e+16, theta_i_ridder=2.800000e+00, beta_ridder=0.000000e+00
BG_INIT: entering background_checks
BG_INIT: background_checks OK
RIDDER FREEZE FLAG (from input): ridder_freeze_phi = 0, force_damping = 1.000e+00
DEBUG SHOOTING CHECK: has_ridder=1, model_type=2 (unified=1), use_shooting_EDE=0
BG_INIT: entering background_solve
BACKGROUND_SOLVE ENTERED: has_ridder=1 Lambda=0.00e+00
RIDDER IC DEBUG: model_type=2 f_for_ic=2.000000e+26 theta_i=2.800000e+00 phi_ini=5.600000e+26
ABOUT TO INTEGRATE: bi_size=7 has_ridder=1 Lambda=0.00e+00
BG_INIT: background_solve OK

========================================
RIDDER FINAL STATE (a=1, z=0):
  rho_ridder = 3.353250e-15 Mpc^-2
  rho_tot    = 5.152875e-08 Mpc^-2
  f_ridder   = 6.507532e-08 (fraction of total)
  Omega_ridder = 0.000000 (if f ~ Omega_Lambda)
========================================

DEBUG INPUT.C: Just set model_type to 2 (should be 2)

DEBUG: Reading v3 canonical parameters...
  f_eV = 2.000000e+26 eV
  Lambda_EDE = 4.602843e-01 eV, theta_E_center = 0.00, sigma_E = 0.40
  Lambda_tail = 2.300000e-03 eV, alpha_tail = 1.00
BACKGROUND_INIT ENTERED: Lambda=0.00e+00
DEBUG BG_INIT ENTRY: model_type=2
DEBUG AFTER CHECKS: model_type=2 has_ridder=1
RIDDER DEBUG (background_init): has_ridder=1, Lambda_EDE_ridder=0.000000e+00, f_axion_ridder=1.000000e+16, theta_i_ridder=2.800000e+00, beta_ridder=0.000000e+00
BG_INIT: entering background_checks
BG_INIT: background_checks OK
RIDDER FREEZE FLAG (from input): ridder_freeze_phi = 0, force_damping = 1.000e+00
DEBUG SHOOTING CHECK: has_ridder=1, model_type=2 (unified=1), use_shooting_EDE=0
BG_INIT: entering background_solve
BACKGROUND_SOLVE ENTERED: has_ridder=1 Lambda=0.00e+00
RIDDER IC DEBUG: model_type=2 f_for_ic=2.000000e+26 theta_i=2.800000e+00 phi_ini=5.600000e+26
ABOUT TO INTEGRATE: bi_size=7 has_ridder=1 Lambda=0.00e+00
DERIVS_ENTRY: call#=365000 has_ridder=1 Lambda=0.00e+00 a=4.53e-05
BG_INIT: background_solve OK

========================================
RIDDER FINAL STATE (a=1, z=0):
  rho_ridder = 3.091313e-15 Mpc^-2
  rho_tot    = 5.297327e-08 Mpc^-2
  f_ridder   = 5.835608e-08 (fraction of total)
  Omega_ridder = 0.000000 (if f ~ Omega_Lambda)
========================================

DEBUG INPUT.C: Just set model_type to 2 (should be 2)

DEBUG: Reading v3 canonical parameters...
  f_eV = 2.000000e+26 eV
  Lambda_EDE = 5.078658e-01 eV, theta_E_center = 0.00, sigma_E = 0.40
  Lambda_tail = 2.300000e-03 eV, alpha_tail = 1.00
BACKGROUND_INIT ENTERED: Lambda=0.00e+00
DEBUG BG_INIT ENTRY: model_type=2
DEBUG AFTER CHECKS: model_type=2 has_ridder=1
RIDDER DEBUG (background_init): has_ridder=1, Lambda_EDE_ridder=0.000000e+00, f_axion_ridder=1.000000e+16, theta_i_ridder=2.800000e+00, beta_ridder=0.000000e+00
BG_INIT: entering background_checks
BG_INIT: background_checks OK
R[mcmc] Progress @ 2025-11-26 20:02:38 : 2166 steps taken, and 234 accepted.
IDDER FREEZE FLAG (from input): ridder_freeze_phi = 0, force_damping = 1.000e+00
DEBUG SHOOTING CHECK: has_ridder=1, model_type=2 (unified=1), use_shooting_EDE=0
BG_INIT: entering background_solve
BACKGROUND_SOLVE ENTERED: has_ridder=1 Lambda=0.00e+00
RIDDER IC DEBUG: model_type=2 f_for_ic=2.000000e+26 theta_i=2.800000e+00 phi_ini=5.600000e+26
ABOUT TO INTEGRATE: bi_size=7 has_ridder=1 Lambda=0.00e+00
DERIVS_ENTRY: call#=370000 has_ridder=1 Lambda=0.00e+00 a=2.88e-02
BG_INIT: background_solve OK

========================================
RIDDER FINAL STATE (a=1, z=0):
  rho_ridder = 3.234692e-15 Mpc^-2
  rho_tot    = 5.297327e-08 Mpc^-2
  f_ridder   = 6.106271e-08 (fraction of total)
  Omega_ridder = 0.000000 (if f ~ Omega_Lambda)
========================================

DEBUG INPUT.C: Just set model_type to 2 (should be 2)

DEBUG: Reading v3 canonical parameters...
  f_eV = 2.000000e+26 eV
  Lambda_EDE = 5.212051e-01 eV, theta_E_center = 0.00, sigma_E = 0.40
  Lambda_tail = 2.300000e-03 eV, alpha_tail = 1.00
BACKGROUND_INIT ENTERED: Lambda=0.00e+00
DEBUG BG_INIT ENTRY: model_type=2
DEBUG AFTER CHECKS: model_type=2 has_ridder=1
RIDDER DEBUG (background_init): has_ridder=1, Lambda_EDE_ridder=0.000000e+00, f_axion_ridder=1.000000e+16, theta_i_ridder=2.800000e+00, beta_ridder=0.000000e+00
BG_INIT: entering background_checks
BG_INIT: background_checks OK
RIDDER FREEZE FLAG (from input): ridder_freeze_phi = 0, force_damping = 1.000e+00
DEBUG SHOOTING CHECK: has_ridder=1, model_type=2 (unified=1), use_shooting_EDE=0
BG_INIT: entering background_solve
BACKGROUND_SOLVE ENTERED: has_ridder=1 Lambda=0.00e+00
RIDDER IC DEBUG: model_type=2 f_for_ic=2.000000e+26 theta_i=2.800000e+00 phi_ini=5.600000e+26
ABOUT TO INTEGRATE: bi_size=7 has_ridder=1 Lambda=0.00e+00
BG_INIT: background_solve OK

========================================
RIDDER FINAL STATE (a=1, z=0):
  rho_ridder = 3.108466e-15 Mpc^-2
  rho_tot    = 5.297327e-08 Mpc^-2
  f_ridder   = 5.867989e-08 (fraction of total)
  Omega_ridder = 0.000000 (if f ~ Omega_Lambda)
========================================

DEBUG INPUT.C: Just set model_type to 2 (should be 2)

DEBUG: Reading v3 canonical parameters...
  f_eV = 2.000000e+26 eV
  Lambda_EDE = 5.007563e-01 eV, theta_E_center = 0.00, sigma_E = 0.40
  Lambda_tail = 2.300000e-03 eV, alpha_tail = 1.00
BACKGROUND_INIT ENTERED: Lambda=0.00e+00
DEBUG BG_INIT ENTRY: model_type=2
DEBUG AFTER CHECKS: model_type=2 has_ridder=1
RIDDER DEBUG (background_init): has_ridder=1, Lambda_EDE_ridder=0.000000e+00, f_axion_ridder=1.000000e+16, theta_i_ridder=2.800000e+00, beta_ridder=0.000000e+00
BG_INIT: entering background_checks
BG_INIT: background_checks OK
RIDDER FREEZE FLAG (from input): ridder_freeze_phi = 0, force_damping = 1.000e+00
DEBUG SHOOTING CHECK: has_ridder=1, model_type=2 (unified=1), use_shooting_EDE=0
BG_INIT: entering background_solve
BACKGROUND_SOLVE ENTERED: has_ridder=1 Lambda=0.00e+00
RIDDER IC DEBUG: model_type=2 f_for_ic=2.000000e+26 theta_i=2.800000e+00 phi_ini=5.600000e+26
ABOUT TO INTEGRATE: bi_size=7 has_ridder=1 Lambda=0.00e+00
DERIVS_ENTRY: call#=375000 has_ridder=1 Lambda=0.00e+00 a=1.42e-12
BG_INIT: background_solve OK

========================================
RIDDER FINAL STATE (a=1, z=0):
  rho_ridder = 2.250265e-15 Mpc^-2
  rho_tot    = 5.297327e-08 Mpc^-2
  f_ridder   = 4.247925e-08 (fraction of total)
  Omega_ridder = 0.000000 (if f ~ Omega_Lambda)
========================================

DEBUG INPUT.C: Just set model_type to 2 (should be 2)

DEBUG: Reading v3 canonical parameters...
  f_eV = 2.000000e+26 eV
  Lambda_EDE = 5.007416e-01 eV, theta_E_center = 0.00, sigma_E = 0.40
  Lambda_tail = 2.300000e-03 eV, alpha_tail = 1.00
BACKGROUND_INIT ENTERED: Lambda=0.00e+00
DEBUG BG_INIT ENTRY: model_type=2
DEBUG AFTER CHECKS: model_type=2 has_ridder=1
RIDDER DEBUG (background_init): has_ridder=1, Lambda_EDE_ridder=0.000000e+00, f_axion_ridder=1.000000e+16, theta_i_ridder=2.800000e+00, beta_ridder=0.000000e+00
BG_INIT: entering background_checks
BG_INIT: background_checks OK
RIDDER FREEZE FLAG (from input): ridder_fr[mcmc] Progress @ 2025-11-26 20:03:38 : 2227 steps taken, and 243 accepted.
eeze_phi = 0, force_damping = 1.000e+00
DEBUG SHOOTING CHECK: has_ridder=1, model_type=2 (unified=1), use_shooting_EDE=0
BG_INIT: entering background_solve
BACKGROUND_SOLVE ENTERED: has_ridder=1 Lambda=0.00e+00
RIDDER IC DEBUG: model_type=2 f_for_ic=2.000000e+26 theta_i=2.800000e+00 phi_ini=5.600000e+26
ABOUT TO INTEGRATE: bi_size=7 has_ridder=1 Lambda=0.00e+00
DERIVS_ENTRY: call#=380000 has_ridder=1 Lambda=0.00e+00 a=1.11e-03
BG_INIT: background_solve OK

========================================
RIDDER FINAL STATE (a=1, z=0):
  rho_ridder = 2.263967e-15 Mpc^-2
  rho_tot    = 5.297327e-08 Mpc^-2
  f_ridder   = 4.273791e-08 (fraction of total)
  Omega_ridder = 0.000000 (if f ~ Omega_Lambda)
========================================

DEBUG INPUT.C: Just set model_type to 2 (should be 2)

DEBUG: Reading v3 canonical parameters...
  f_eV = 2.000000e+26 eV
  Lambda_EDE = 3.338540e-01 eV, theta_E_center = 0.00, sigma_E = 0.40
  Lambda_tail = 2.300000e-03 eV, alpha_tail = 1.00
BACKGROUND_INIT ENTERED: Lambda=0.00e+00
DEBUG BG_INIT ENTRY: model_type=2
DEBUG AFTER CHECKS: model_type=2 has_ridder=1
RIDDER DEBUG (background_init): has_ridder=1, Lambda_EDE_ridder=0.000000e+00, f_axion_ridder=1.000000e+16, theta_i_ridder=2.800000e+00, beta_ridder=0.000000e+00
BG_INIT: entering background_checks
BG_INIT: background_checks OK
RIDDER FREEZE FLAG (from input): ridder_freeze_phi = 0, force_damping = 1.000e+00
DEBUG SHOOTING CHECK: has_ridder=1, model_type=2 (unified=1), use_shooting_EDE=0
BG_INIT: entering background_solve
BACKGROUND_SOLVE ENTERED: has_ridder=1 Lambda=0.00e+00
RIDDER IC DEBUG: model_type=2 f_for_ic=2.000000e+26 theta_i=2.800000e+00 phi_ini=5.600000e+26
ABOUT TO INTEGRATE: bi_size=7 has_ridder=1 Lambda=0.00e+00
DERIVS_ENTRY: call#=385000 has_ridder=1 Lambda=0.00e+00 a=4.23e-01
BG_INIT: background_solve OK

========================================
RIDDER FINAL STATE (a=1, z=0):
  rho_ridder = 4.639943e-15 Mpc^-2
  rho_tot    = 5.297327e-08 Mpc^-2
  f_ridder   = 8.759027e-08 (fraction of total)
  Omega_ridder = 0.000000 (if f ~ Omega_Lambda)
========================================

DEBUG INPUT.C: Just set model_type to 2 (should be 2)

DEBUG: Reading v3 canonical parameters...
  f_eV = 2.000000e+26 eV
  Lambda_EDE = 5.007416e-01 eV, theta_E_center = 0.00, sigma_E = 0.40
  Lambda_tail = 2.300000e-03 eV, alpha_tail = 1.00
BACKGROUND_INIT ENTERED: Lambda=0.00e+00
DEBUG BG_INIT ENTRY: model_type=2
DEBUG AFTER CHECKS: model_type=2 has_ridder=1
RIDDER DEBUG (background_init): has_ridder=1, Lambda_EDE_ridder=0.000000e+00, f_axion_ridder=1.000000e+16, theta_i_ridder=2.800000e+00, beta_ridder=0.000000e+00
BG_INIT: entering background_checks
BG_INIT: background_checks OK
RIDDER FREEZE FLAG (from input): ridder_freeze_phi = 0, force_damping = 1.000e+00
DEBUG SHOOTING CHECK: has_ridder=1, model_type=2 (unified=1), use_shooting_EDE=0
BG_INIT: entering background_solve
BACKGROUND_SOLVE ENTERED: has_ridder=1 Lambda=0.00e+00
RIDDER IC DEBUG: model_type=2 f_for_ic=2.000000e+26 theta_i=2.800000e+00 phi_ini=5.600000e+26
ABOUT TO INTEGRATE: bi_size=7 has_ridder=1 Lambda=0.00e+00
BG_INIT: background_solve OK

========================================
RIDDER FINAL STATE (a=1, z=0):
  rho_ridder = 2.400785e-15 Mpc^-2
  rho_tot    = 5.106511e-08 Mpc^-2
  f_ridder   = 4.701420e-08 (fraction of total)
  Omega_ridder = 0.000000 (if f ~ Omega_Lambda)
========================================

DEBUG INPUT.C: Just set model_type to 2 (should be 2)

DEBUG: Reading v3 canonical parameters...
  f_eV = 2.000000e+26 eV
  Lambda_EDE = 5.343423e-01 eV, theta_E_center = 0.00, sigma_E = 0.40
  Lambda_tail = 2.300000e-03 eV, alpha_tail = 1.00
BACKGROUND_INIT ENTERED: Lambda=0.00e+00
DEBUG BG_INIT ENTRY: model_type=2
DEBUG AFTER CHECKS: model_type=2 has_ridder=1
RIDDER DEBUG (background_init): has_ridder=1, Lambda_EDE_ridder=0.000000e+00, f_axion_ridder=1.000000e+16, theta_i_ridder=2.800000e+00, beta_ridder=0.000000e+00
BG_INIT: entering background_checks
BG_INIT: background_checks OK
RIDDER FREEZE FLAG (from input): ridder_freeze_phi = 0, force_damping = 1.000e+00
DEBUG SHOOTING CHECK: has_ridder=1, model_type=2 (unified=1), use_shooting_EDE=0
BG_INIT: entering background_solve
BACKGROUND_SOLVE ENTERED: has_ridder=1 Lambda=0.00e+00
RIDDER IC DEBUG: model_type=2 f_for_ic=2.000000e+26 theta_i=2.800000e+00 phi_ini=5.600000e+26
ABOUT TO INTEGRATE: bi_size=7 has_ridder=1 Lambda=0.00e+00
DERIVS_ENTRY: call#=390000 has_ridder=1 Lambda=0.00e+00 a=5.35e-05
BG_INIT: background_solve OK

========================================
RIDDER FINAL STATE (a=1, z=0):
  rho_ridder = 2.062194e-15 Mpc^-2
  rho_tot    = 5.297327e-08 Mpc^-2
  f_ridder   = 3.892895e-08 (fraction of total)
  Omega_ridder = 0.000000 (if f ~ Omega_Lambda)
========================================

DEBUG INPUT.C: Just set model_type to 2 (should be 2)

DEBUG: Reading v3 canonical parameters...
  f_eV = 2.000000e+26 eV
  Lambda_EDE = 4.917231e-01 eV, theta_E_center = 0.00, sigma_E = 0.40
  Lambda_tail = 2.300000e-03 eV, alpha_tail = 1.00
BACKGROUND_INIT ENTERED: Lambda=0.00e+00
DEBUG BG_INIT ENTRY: model_type=2
DEBUG AFTER CHECKS: model_type=2 has_ridder=1
RIDDER DEBUG (background_init): has_ridder=1, Lambda_EDE_ridder=0.000000e+00, f_axion_ridder=1.000000e+16, theta_i_ridder=2.800000e+00, beta_ridder=0.000000e+00
BG_INIT: entering background_checks
BG_INIT: background_checks OK
RIDDER FREEZE FLAG (from input): ridder_freeze_phi = 0, force_damping = 1.000e+00
DEBUG SHOOTING CHECK: has_ridder=1, model_type=2 (unified=1), use_shooting_EDE=0
BG_INIT: entering background_solve
BACKGROUND_SOLVE ENTERED: has_ridder=1 Lambda=0.00e+00
RIDDER IC DEBUG: model_type=2 f_for_ic=2.000000e+26 theta_i=2.800000e+00 phi_ini=5.600000e+26
ABOUT TO INTEGRATE: bi_size=7 has_ridder=1 Lambda=0.00e+00
DERIVS_ENTRY: call#=395000 has_ridder=1 Lambda=0.00e+00 a=2.38e-02
BG_INIT: background_solve OK

========================================
RIDDER FINAL STATE (a=1, z=0):
  rho_ridder = 2.795019e-15 Mpc^-2
  rho_tot    = 5.297327e-08 Mpc^-2
  f_ridder   = 5.276281e-08 (fraction of total)
  Omega_ridder = 0.000000 (if f ~ Omega_Lambda)
========================================

DEBUG INPUT.C: Just set model_type to 2 (should be 2)

DEBUG: Reading v3 canonical parameters...
  f_eV = 2.000000e+26 eV
  Lambda_EDE = 5.264900e-01 eV, theta_E_center = 0.00, sigma_E = 0.40
  Lambda_tail = 2.300000e-03 eV, alpha_tail = 1.00
BACKGROUND_INIT ENTERED: Lambda=0.00e+00
DEBUG BG_INIT ENTRY: model_type=2
DEBUG AFTER CHECKS: model_type=2 has_ridder=1
RIDDER DEBUG (background_init): has_ridder=1, Lambda_EDE_ridder=0.000000e+00, f_axion_ridder=1.000000e+16, theta_i_ridder=2.800000e+00, beta_ridder=0.000000e+00
BG_INIT: entering background_checks
BG_INIT: background_checks OK
RIDDER FREEZE FLAG (from input): ridder_freeze_phi = 0, force_damping = 1.000e+00
DEBUG SHOOTING CHECK: has_ridder=1, model_type=2 (unified=1), use_shooting_EDE=0
BG_INIT: entering background_solve
BACKGROUND_SOLVE ENTERED: has_ridder=1 Lambda=0.00e+00
RIDDER IC DEBUG: model_type=2 f_for_ic=2.000000e+26 theta_i=2.800000e+00 phi_ini=5.600000e+26
ABOUT TO INTEGRATE: bi_size=7 has_ridder=1 Lambda=0.00e+00
BG_INIT: background_solve OK

========================================
RIDDER FINAL STATE (a=1, z=0):
  rho_ridder = 2.739103e-15 Mpc^-2
  rho_tot    = 5.297327e-08 Mpc^-2
  f_ridder   = 5.170726e-08 (fraction of total)
  Omega_ridder = 0.000000 (if f ~ Omega_Lambda)
========================================

DEBUG INPUT.C: Just set model_type to 2 (should be 2)

DEBUG: Reading v3 canonical parameters...
  f_eV = 2.000000e+26 eV
  Lambda_EDE = 4.557889e-01 eV, theta_E_center = 0.00, sigma_E = 0.40
  Lambda_tail = 2.300000e-03 eV, alpha_tail = 1.00
BACKGROUND_INIT ENTERED: Lambda=0.00e+00
DEBUG BG_INIT ENTRY: model_type=2
DEBUG AFTER CHECKS: model_type=2 has_ridder=1
RIDDER DEBUG (background_init): has_ridder=1, Lambda_EDE_ridder=0.000000e+00, f_axion_ridder=1.000000e+16, theta_i_ridder=2.800000e+00, beta_ridder=0.000000e+00
BG_INIT: entering background_checks
BG_INIT: background_checks OK
RIDDER FREEZE FLAG (from input): ridder_freeze_phi = 0, force_damping = 1.000e+00
DEBUG SHOOTING CHECK: has_ridder=1, model_[mcmc] Progress @ 2025-11-26 20:04:53 : 2288 steps taken, and 250 accepted.
type=2 (unified=1), use_shooting_EDE=0
BG_INIT: entering background_solve
BACKGROUND_SOLVE ENTERED: has_ridder=1 Lambda=0.00e+00
RIDDER IC DEBUG: model_type=2 f_for_ic=2.000000e+26 theta_i=2.800000e+00 phi_ini=5.600000e+26
ABOUT TO INTEGRATE: bi_size=7 has_ridder=1 Lambda=0.00e+00
DERIVS_ENTRY: call#=400000 has_ridder=1 Lambda=0.00e+00 a=1.47e-12
BG_INIT: background_solve OK

========================================
RIDDER FINAL STATE (a=1, z=0):
  rho_ridder = 3.109607e-15 Mpc^-2
  rho_tot    = 5.297327e-08 Mpc^-2
  f_ridder   = 5.870143e-08 (fraction of total)
  Omega_ridder = 0.000000 (if f ~ Omega_Lambda)
========================================

DEBUG INPUT.C: Just set model_type to 2 (should be 2)

DEBUG: Reading v3 canonical parameters...
  f_eV = 2.000000e+26 eV
  Lambda_EDE = 4.744419e-01 eV, theta_E_center = 0.00, sigma_E = 0.40
  Lambda_tail = 2.300000e-03 eV, alpha_tail = 1.00
BACKGROUND_INIT ENTERED: Lambda=0.00e+00
DEBUG BG_INIT ENTRY: model_type=2
DEBUG AFTER CHECKS: model_type=2 has_ridder=1
RIDDER DEBUG (background_init): has_ridder=1, Lambda_EDE_ridder=0.000000e+00, f_axion_ridder=1.000000e+16, theta_i_ridder=2.800000e+00, beta_ridder=0.000000e+00
BG_INIT: entering background_checks
BG_INIT: background_checks OK
RIDDER FREEZE FLAG (from input): ridder_freeze_phi = 0, force_damping = 1.000e+00
DEBUG SHOOTING CHECK: has_ridder=1, model_type=2 (unified=1), use_shooting_EDE=0
BG_INIT: entering background_solve
BACKGROUND_SOLVE ENTERED: has_ridder=1 Lambda=0.00e+00
RIDDER IC DEBUG: model_type=2 f_for_ic=2.000000e+26 theta_i=2.800000e+00 phi_ini=5.600000e+26
ABOUT TO INTEGRATE: bi_size=7 has_ridder=1 Lambda=0.00e+00
DERIVS_ENTRY: call#=405000 has_ridder=1 Lambda=0.00e+00 a=2.51e-03
BG_INIT: background_solve OK

========================================
RIDDER FINAL STATE (a=1, z=0):
  rho_ridder = 2.053802e-15 Mpc^-2
  rho_tot    = 5.297327e-08 Mpc^-2
  f_ridder   = 3.877054e-08 (fraction of total)
  Omega_ridder = 0.000000 (if f ~ Omega_Lambda)
========================================

DEBUG INPUT.C: Just set model_type to 2 (should be 2)

DEBUG: Reading v3 canonical parameters...
  f_eV = 2.000000e+26 eV
  Lambda_EDE = 4.953649e-01 eV, theta_E_center = 0.00, sigma_E = 0.40
  Lambda_tail = 2.300000e-03 eV, alpha_tail = 1.00
BACKGROUND_INIT ENTERED: Lambda=0.00e+00
DEBUG BG_INIT ENTRY: model_type=2
DEBUG AFTER CHECKS: model_type=2 has_ridder=1
RIDDER DEBUG (background_init): has_ridder=1, Lambda_EDE_ridder=0.000000e+00, f_axion_ridder=1.000000e+16, theta_i_ridder=2.800000e+00, beta_ridder=0.000000e+00
BG_INIT: entering background_checks
BG_INIT: background_checks OK
RIDDER FREEZE FLAG (from input): ridder_freeze_phi = 0, force_damping = 1.000e+00
DEBUG SHOOTING CHECK: has_ridder=1, model_type=2 (unified=1), use_shooting_EDE=0
BG_INIT: entering background_solve
BACKGROUND_SOLVE ENTERED: has_ridder=1 Lambda=0.00e+00
RIDDER IC DEBUG: model_type=2 f_for_ic=2.000000e+26 theta_i=2.800000e+00 phi_ini=5.600000e+26
ABOUT TO INTEGRATE: bi_size=7 has_ridder=1 Lambda=0.00e+00
DERIVS_ENTRY: call#=410000 has_ridder=1 Lambda=0.00e+00 a=3.57e-01
BG_INIT: background_solve OK

========================================
RIDDER FINAL STATE (a=1, z=0):
  rho_ridder = 1.640646e-15 Mpc^-2
  rho_tot    = 5.297327e-08 Mpc^-2
  f_ridder   = 3.097120e-08 (fraction of total)
  Omega_ridder = 0.000000 (if f ~ Omega_Lambda)
========================================

DEBUG INPUT.C: Just set model_type to 2 (should be 2)

DEBUG: Reading v3 canonical parameters...
  f_eV = 2.000000e+26 eV
  Lambda_EDE = 5.007416e-01 eV, theta_E_center = 0.00, sigma_E = 0.40
  Lambda_tail = 2.300000e-03 eV, alpha_tail = 1.00
BACKGROUND_INIT ENTERED: Lambda=0.00e+00
DEBUG BG_INIT ENTRY: model_type=2
DEBUG AFTER CHECKS: model_type=2 has_ridder=1
RIDDER DEBUG (background_init): has_ridder=1, Lambda_EDE_ridder=0.000000e+00, f_axion_ridder=1.000000e+16, theta_i_ridder=2.800000e+00, beta_ridder=0.000000e+00
BG_INIT: entering background_checks
BG_INIT: background_checks OK
RIDDER FREEZE FLAG (from input): ridder_freeze_phi = 0, force_damping = 1.000e+00
DEBUG SHOOTING C[mcmc] Progress @ 2025-11-26 20:06:08 : 2361 steps taken, and 257 accepted.
HECK: has_ridder=1, model_type=2 (unified=1), use_shooting_EDE=0
BG_INIT: entering background_solve
BACKGROUND_SOLVE ENTERED: has_ridder=1 Lambda=0.00e+00
RIDDER IC DEBUG: model_type=2 f_for_ic=2.000000e+26 theta_i=2.800000e+00 phi_ini=5.600000e+26
ABOUT TO INTEGRATE: bi_size=7 has_ridder=1 Lambda=0.00e+00
BG_INIT: background_solve OK

========================================
RIDDER FINAL STATE (a=1, z=0):
  rho_ridder = 2.539383e-15 Mpc^-2
  rho_tot    = 4.922019e-08 Mpc^-2
  f_ridder   = 5.159230e-08 (fraction of total)
  Omega_ridder = 0.000000 (if f ~ Omega_Lambda)
========================================

DEBUG INPUT.C: Just set model_type to 2 (should be 2)

DEBUG: Reading v3 canonical parameters...
  f_eV = 2.000000e+26 eV
  Lambda_EDE = 6.142018e-01 eV, theta_E_center = 0.00, sigma_E = 0.40
  Lambda_tail = 2.300000e-03 eV, alpha_tail = 1.00
BACKGROUND_INIT ENTERED: Lambda=0.00e+00
DEBUG BG_INIT ENTRY: model_type=2
DEBUG AFTER CHECKS: model_type=2 has_ridder=1
RIDDER DEBUG (background_init): has_ridder=1, Lambda_EDE_ridder=0.000000e+00, f_axion_ridder=1.000000e+16, theta_i_ridder=2.800000e+00, beta_ridder=0.000000e+00
BG_INIT: entering background_checks
BG_INIT: background_checks OK
RIDDER FREEZE FLAG (from input): ridder_freeze_phi = 0, force_damping = 1.000e+00
DEBUG SHOOTING CHECK: has_ridder=1, model_type=2 (unified=1), use_shooting_EDE=0
BG_INIT: entering background_solve
BACKGROUND_SOLVE ENTERED: has_ridder=1 Lambda=0.00e+00
RIDDER IC DEBUG: model_type=2 f_for_ic=2.000000e+26 theta_i=2.800000e+00 phi_ini=5.600000e+26
ABOUT TO INTEGRATE: bi_size=7 has_ridder=1 Lambda=0.00e+00
DERIVS_ENTRY: call#=415000 has_ridder=1 Lambda=0.00e+00 a=1.31e-05
BG_INIT: background_solve OK

========================================
RIDDER FINAL STATE (a=1, z=0):
  rho_ridder = 1.394508e-15 Mpc^-2
  rho_tot    = 5.297327e-08 Mpc^-2
  f_ridder   = 2.632475e-08 (fraction of total)
  Omega_ridder = 0.000000 (if f ~ Omega_Lambda)
========================================

DEBUG INPUT.C: Just set model_type to 2 (should be 2)

DEBUG: Reading v3 canonical parameters...
  f_eV = 2.000000e+26 eV
  Lambda_EDE = 4.930305e-01 eV, theta_E_center = 0.00, sigma_E = 0.40
  Lambda_tail = 2.300000e-03 eV, alpha_tail = 1.00
BACKGROUND_INIT ENTERED: Lambda=0.00e+00
DEBUG BG_INIT ENTRY: model_type=2
DEBUG AFTER CHECKS: model_type=2 has_ridder=1
RIDDER DEBUG (background_init): has_ridder=1, Lambda_EDE_ridder=0.000000e+00, f_axion_ridder=1.000000e+16, theta_i_ridder=2.800000e+00, beta_ridder=0.000000e+00
BG_INIT: entering background_checks
BG_INIT: background_checks OK
RIDDER FREEZE FLAG (from input): ridder_freeze_phi = 0, force_damping = 1.000e+00
DEBUG SHOOTING CHECK: has_ridder=1, model_type=2 (unified=1), use_shooting_EDE=0
BG_INIT: entering background_solve
BACKGROUND_SOLVE ENTERED: has_ridder=1 Lambda=0.00e+00
RIDDER IC DEBUG: model_type=2 f_for_ic=2.000000e+26 theta_i=2.800000e+00 phi_ini=5.600000e+26
ABOUT TO INTEGRATE: bi_size=7 has_ridder=1 Lambda=0.00e+00
DERIVS_ENTRY: call#=420000 has_ridder=1 Lambda=0.00e+00 a=1.20e-02
BG_INIT: background_solve OK

========================================
RIDDER FINAL STATE (a=1, z=0):
  rho_ridder = 1.794180e-15 Mpc^-2
  rho_tot    = 5.297327e-08 Mpc^-2
  f_ridder   = 3.386954e-08 (fraction of total)
  Omega_ridder = 0.000000 (if f ~ Omega_Lambda)
========================================

DEBUG INPUT.C: Just set model_type to 2 (should be 2)

DEBUG: Reading v3 canonical parameters...
  f_eV = 2.000000e+26 eV
  Lambda_EDE = 5.466653e-01 eV, theta_E_center = 0.00, sigma_E = 0.40
  Lambda_tail = 2.300000e-03 eV, alpha_tail = 1.00
BACKGROUND_INIT ENTERED: Lambda=0.00e+00
DEBUG BG_INIT ENTRY: model_type=2
DEBUG AFTER CHECKS: model_type=2 has_ridder=1
RIDDER DEBUG (background_init): has_ridder=1, Lambda_EDE_ridder=0.000000e+00, f_axion_ridder=1.000000e+16, theta_i_ridder=2.800000e+00, beta_ridder=0.000000e+00
BG_INIT: entering background_checks
BG_INIT: background_checks OK
RIDDER FREEZE FLAG (from input): ridder_freeze_phi = 0, force_damping = 1.000e+00
DEBUG SHOOTING CHECK: has_ridder=1, model_type=2 (unified[mcmc] Progress @ 2025-11-26 20:07:23 : 2412 steps taken, and 264 accepted.
=1), use_shooting_EDE=0
BG_INIT: entering background_solve
BACKGROUND_SOLVE ENTERED: has_ridder=1 Lambda=0.00e+00
RIDDER IC DEBUG: model_type=2 f_for_ic=2.000000e+26 theta_i=2.800000e+00 phi_ini=5.600000e+26
ABOUT TO INTEGRATE: bi_size=7 has_ridder=1 Lambda=0.00e+00
DERIVS_ENTRY: call#=425000 has_ridder=1 Lambda=0.00e+00 a=5.77e-01
BG_INIT: background_solve OK

========================================
RIDDER FINAL STATE (a=1, z=0):
  rho_ridder = 1.828034e-15 Mpc^-2
  rho_tot    = 5.297327e-08 Mpc^-2
  f_ridder   = 3.450861e-08 (fraction of total)
  Omega_ridder = 0.000000 (if f ~ Omega_Lambda)
========================================

DEBUG INPUT.C: Just set model_type to 2 (should be 2)

DEBUG: Reading v3 canonical parameters...
  f_eV = 2.000000e+26 eV
  Lambda_EDE = 3.660459e-01 eV, theta_E_center = 0.00, sigma_E = 0.40
  Lambda_tail = 2.300000e-03 eV, alpha_tail = 1.00
BACKGROUND_INIT ENTERED: Lambda=0.00e+00
DEBUG BG_INIT ENTRY: model_type=2
DEBUG AFTER CHECKS: model_type=2 has_ridder=1
RIDDER DEBUG (background_init): has_ridder=1, Lambda_EDE_ridder=0.000000e+00, f_axion_ridder=1.000000e+16, theta_i_ridder=2.800000e+00, beta_ridder=0.000000e+00
BG_INIT: entering background_checks
BG_INIT: background_checks OK
RIDDER FREEZE FLAG (from input): ridder_freeze_phi = 0, force_damping = 1.000e+00
DEBUG SHOOTING CHECK: has_ridder=1, model_type=2 (unified=1), use_shooting_EDE=0
BG_INIT: entering background_solve
BACKGROUND_SOLVE ENTERED: has_ridder=1 Lambda=0.00e+00
RIDDER IC DEBUG: model_type=2 f_for_ic=2.000000e+26 theta_i=2.800000e+00 phi_ini=5.600000e+26
ABOUT TO INTEGRATE: bi_size=7 has_ridder=1 Lambda=0.00e+00
BG_INIT: background_solve OK

========================================
RIDDER FINAL STATE (a=1, z=0):
  rho_ridder = 3.272611e-15 Mpc^-2
  rho_tot    = 5.297327e-08 Mpc^-2
  f_ridder   = 6.177854e-08 (fraction of total)
  Omega_ridder = 0.000000 (if f ~ Omega_Lambda)
========================================

DEBUG INPUT.C: Just set model_type to 2 (should be 2)

DEBUG: Reading v3 canonical parameters...
  f_eV = 2.000000e+26 eV
  Lambda_EDE = 5.234771e-01 eV, theta_E_center = 0.00, sigma_E = 0.40
  Lambda_tail = 2.300000e-03 eV, alpha_tail = 1.00
BACKGROUND_INIT ENTERED: Lambda=0.00e+00
DEBUG BG_INIT ENTRY: model_type=2
DEBUG AFTER CHECKS: model_type=2 has_ridder=1
RIDDER DEBUG (background_init): has_ridder=1, Lambda_EDE_ridder=0.000000e+00, f_axion_ridder=1.000000e+16, theta_i_ridder=2.800000e+00, beta_ridder=0.000000e+00
BG_INIT: entering background_checks
BG_INIT: background_checks OK
RIDDER FREEZE FLAG (from input): ridder_freeze_phi = 0, force_damping = 1.000e+00
DEBUG SHOOTING CHECK: has_ridder=1, model_type=2 (unified=1), use_shooting_EDE=0
BG_INIT: entering background_solve
BACKGROUND_SOLVE ENTERED: has_ridder=1 Lambda=0.00e+00
RIDDER IC DEBUG: model_type=2 f_for_ic=2.000000e+26 theta_i=2.800000e+00 phi_ini=5.600000e+26
ABOUT TO INTEGRATE: bi_size=7 has_ridder=1 Lambda=0.00e+00
DERIVS_ENTRY: call#=430000 has_ridder=1 Lambda=0.00e+00 a=6.21e-04
BG_INIT: background_solve OK

========================================
RIDDER FINAL STATE (a=1, z=0):
  rho_ridder = 2.838887e-15 Mpc^-2
  rho_tot    = 5.297327e-08 Mpc^-2
  f_ridder   = 5.359093e-08 (fraction of total)
  Omega_ridder = 0.000000 (if f ~ Omega_Lambda)
========================================

DEBUG INPUT.C: Just set model_type to 2 (should be 2)

DEBUG: Reading v3 canonical parameters...
  f_eV = 2.000000e+26 eV
  Lambda_EDE = 5.772029e-01 eV, theta_E_center = 0.00, sigma_E = 0.40
  Lambda_tail = 2.300000e-03 eV, alpha_tail = 1.00
BACKGROUND_INIT ENTERED: Lambda=0.00e+00
DEBUG BG_INIT ENTRY: model_type=2
DEBUG AFTER CHECKS: model_type=2 has_ridder=1
RIDDER DEBUG (background_init): has_ridder=1, Lambda_EDE_ridder=0.000000e+00, f_axion_ridder=1.000000e+16, theta_i_ridder=2.800000e+00, beta_ridder=0.000000e+00
BG_INIT: entering background_checks
BG_INIT: background_checks OK
RIDDER FREEZE FLAG (from input): ridder_freeze_phi = 0, force_damping = 1.000e+00
DEBUG SHOOTING CHECK: has_ridder=1, model_type=2 (unified=1), use_shooting_EDE=0
BG_INIT: entering[mcmc] Progress @ 2025-11-26 20:08:24 : 2515 steps taken, and 280 accepted.
 background_solve
BACKGROUND_SOLVE ENTERED: has_ridder=1 Lambda=0.00e+00
RIDDER IC DEBUG: model_type=2 f_for_ic=2.000000e+26 theta_i=2.800000e+00 phi_ini=5.600000e+26
ABOUT TO INTEGRATE: bi_size=7 has_ridder=1 Lambda=0.00e+00
DERIVS_ENTRY: call#=435000 has_ridder=1 Lambda=0.00e+00 a=4.91e-02
BG_INIT: background_solve OK

========================================
RIDDER FINAL STATE (a=1, z=0):
  rho_ridder = 1.902561e-15 Mpc^-2
  rho_tot    = 5.297327e-08 Mpc^-2
  f_ridder   = 3.591549e-08 (fraction of total)
  Omega_ridder = 0.000000 (if f ~ Omega_Lambda)
========================================

DEBUG INPUT.C: Just set model_type to 2 (should be 2)

DEBUG: Reading v3 canonical parameters...
  f_eV = 2.000000e+26 eV
  Lambda_EDE = 4.820096e-01 eV, theta_E_center = 0.00, sigma_E = 0.40
  Lambda_tail = 2.300000e-03 eV, alpha_tail = 1.00
BACKGROUND_INIT ENTERED: Lambda=0.00e+00
DEBUG BG_INIT ENTRY: model_type=2
DEBUG AFTER CHECKS: model_type=2 has_ridder=1
RIDDER DEBUG (background_init): has_ridder=1, Lambda_EDE_ridder=0.000000e+00, f_axion_ridder=1.000000e+16, theta_i_ridder=2.800000e+00, beta_ridder=0.000000e+00
BG_INIT: entering background_checks
BG_INIT: background_checks OK
RIDDER FREEZE FLAG (from input): ridder_freeze_phi = 0, force_damping = 1.000e+00
DEBUG SHOOTING CHECK: has_ridder=1, model_type=2 (unified=1), use_shooting_EDE=0
BG_INIT: entering background_solve
BACKGROUND_SOLVE ENTERED: has_ridder=1 Lambda=0.00e+00
RIDDER IC DEBUG: model_type=2 f_for_ic=2.000000e+26 theta_i=2.800000e+00 phi_ini=5.600000e+26
ABOUT TO INTEGRATE: bi_size=7 has_ridder=1 Lambda=0.00e+00
BG_INIT: background_solve OK

========================================
RIDDER FINAL STATE (a=1, z=0):
  rho_ridder = 1.704912e-15 Mpc^-2
  rho_tot    = 5.297327e-08 Mpc^-2
  f_ridder   = 3.218438e-08 (fraction of total)
  Omega_ridder = 0.000000 (if f ~ Omega_Lambda)
========================================

DEBUG INPUT.C: Just set model_type to 2 (should be 2)

DEBUG: Reading v3 canonical parameters...
  f_eV = 2.000000e+26 eV
  Lambda_EDE = 3.807378e-01 eV, theta_E_center = 0.00, sigma_E = 0.40
  Lambda_tail = 2.300000e-03 eV, alpha_tail = 1.00
BACKGROUND_INIT ENTERED: Lambda=0.00e+00
DEBUG BG_INIT ENTRY: model_type=2
DEBUG AFTER CHECKS: model_type=2 has_ridder=1
RIDDER DEBUG (background_init): has_ridder=1, Lambda_EDE_ridder=0.000000e+00, f_axion_ridder=1.000000e+16, theta_i_ridder=2.800000e+00, beta_ridder=0.000000e+00
BG_INIT: entering background_checks
BG_INIT: background_checks OK
RIDDER FREEZE FLAG (from input): ridder_freeze_phi = 0, force_damping = 1.000e+00
DEBUG SHOOTING CHECK: has_ridder=1, model_type=2 (unified=1), use_shooting_EDE=0
BG_INIT: entering background_solve
BACKGROUND_SOLVE ENTERED: has_ridder=1 Lambda=0.00e+00
RIDDER IC DEBUG: model_type=2 f_for_ic=2.000000e+26 theta_i=2.800000e+00 phi_ini=5.600000e+26
ABOUT TO INTEGRATE: bi_size=7 has_ridder=1 Lambda=0.00e+00
DERIVS_ENTRY: call#=440000 has_ridder=1 Lambda=0.00e+00 a=5.29e-10
BG_INIT: background_solve OK

========================================
RIDDER FINAL STATE (a=1, z=0):
  rho_ridder = 3.297476e-15 Mpc^-2
  rho_tot    = 5.297327e-08 Mpc^-2
  f_ridder   = 6.224792e-08 (fraction of total)
  Omega_ridder = 0.000000 (if f ~ Omega_Lambda)
========================================

DEBUG INPUT.C: Just set model_type to 2 (should be 2)

DEBUG: Reading v3 canonical parameters...
  f_eV = 2.000000e+26 eV
  Lambda_EDE = 5.571098e-01 eV, theta_E_center = 0.00, sigma_E = 0.40
  Lambda_tail = 2.300000e-03 eV, alpha_tail = 1.00
BACKGROUND_INIT ENTERED: Lambda=0.00e+00
DEBUG BG_INIT ENTRY: model_type=2
DEBUG AFTER CHECKS: model_type=2 has_ridder=1
RIDDER DEBUG (background_init): has_ridder=1, Lambda_EDE_ridder=0.000000e+00, f_axion_ridder=1.000000e+16, theta_i_ridder=2.800000e+00, beta_ridder=0.000000e+00
BG_INIT: entering background_checks
BG_INIT: background_checks OK
RIDDER FREEZE FLAG (from input): ridder_freeze_phi = 0, force_damping = 1.000e+00
DEBUG SHOOTING CHECK: has_ridder=1, model_type=2 (unified=1), use_shooting_EDE=0
BG_INIT: entering background_solve
BACKGROUND_SOLVE ENTERE[mcmc] Progress @ 2025-11-26 20:09:24 : 2608 steps taken, and 294 accepted.
D: has_ridder=1 Lambda=0.00e+00
RIDDER IC DEBUG: model_type=2 f_for_ic=2.000000e+26 theta_i=2.800000e+00 phi_ini=5.600000e+26
ABOUT TO INTEGRATE: bi_size=7 has_ridder=1 Lambda=0.00e+00
DERIVS_ENTRY: call#=445000 has_ridder=1 Lambda=0.00e+00 a=9.11e-03
BG_INIT: background_solve OK

========================================
RIDDER FINAL STATE (a=1, z=0):
  rho_ridder = 1.514551e-15 Mpc^-2
  rho_tot    = 5.297327e-08 Mpc^-2
  f_ridder   = 2.859085e-08 (fraction of total)
  Omega_ridder = 0.000000 (if f ~ Omega_Lambda)
========================================

DEBUG INPUT.C: Just set model_type to 2 (should be 2)

DEBUG: Reading v3 canonical parameters...
  f_eV = 2.000000e+26 eV
  Lambda_EDE = 5.053006e-01 eV, theta_E_center = 0.00, sigma_E = 0.40
  Lambda_tail = 2.300000e-03 eV, alpha_tail = 1.00
BACKGROUND_INIT ENTERED: Lambda=0.00e+00
DEBUG BG_INIT ENTRY: model_type=2
DEBUG AFTER CHECKS: model_type=2 has_ridder=1
RIDDER DEBUG (background_init): has_ridder=1, Lambda_EDE_ridder=0.000000e+00, f_axion_ridder=1.000000e+16, theta_i_ridder=2.800000e+00, beta_ridder=0.000000e+00
BG_INIT: entering background_checks
BG_INIT: background_checks OK
RIDDER FREEZE FLAG (from input): ridder_freeze_phi = 0, force_damping = 1.000e+00
DEBUG SHOOTING CHECK: has_ridder=1, model_type=2 (unified=1), use_shooting_EDE=0
BG_INIT: entering background_solve
BACKGROUND_SOLVE ENTERED: has_ridder=1 Lambda=0.00e+00
RIDDER IC DEBUG: model_type=2 f_for_ic=2.000000e+26 theta_i=2.800000e+00 phi_ini=5.600000e+26
ABOUT TO INTEGRATE: bi_size=7 has_ridder=1 Lambda=0.00e+00
DERIVS_ENTRY: call#=450000 has_ridder=1 Lambda=0.00e+00 a=5.66e-01
BG_INIT: background_solve OK

========================================
RIDDER FINAL STATE (a=1, z=0):
  rho_ridder = 3.374517e-15 Mpc^-2
  rho_tot    = 5.297327e-08 Mpc^-2
  f_ridder   = 6.370226e-08 (fraction of total)
  Omega_ridder = 0.000000 (if f ~ Omega_Lambda)
========================================

DEBUG INPUT.C: Just set model_type to 2 (should be 2)

DEBUG: Reading v3 canonical parameters...
  f_eV = 2.000000e+26 eV
  Lambda_EDE = 5.122402e-01 eV, theta_E_center = 0.00, sigma_E = 0.40
  Lambda_tail = 2.300000e-03 eV, alpha_tail = 1.00
BACKGROUND_INIT ENTERED: Lambda=0.00e+00
DEBUG BG_INIT ENTRY: model_type=2
DEBUG AFTER CHECKS: model_type=2 has_ridder=1
RIDDER DEBUG (background_init): has_ridder=1, Lambda_EDE_ridder=0.000000e+00, f_axion_ridder=1.000000e+16, theta_i_ridder=2.800000e+00, beta_ridder=0.000000e+00
BG_INIT: entering background_checks
BG_INIT: background_checks OK
RIDDER FREEZE FLAG (from input): ridder_freeze_phi = 0, force_damping = 1.000e+00
DEBUG SHOOTING CHECK: has_ridder=1, model_type=2 (unified=1), use_shooting_EDE=0
BG_INIT: entering background_solve
BACKGROUND_SOLVE ENTERED: has_ridder=1 Lambda=0.00e+00
RIDDER IC DEBUG: model_type=2 f_for_ic=2.000000e+26 theta_i=2.800000e+00 phi_ini=5.600000e+26
ABOUT TO INTEGRATE: bi_size=7 has_ridder=1 Lambda=0.00e+00
BG_INIT: background_solve OK

========================================
RIDDER FINAL STATE (a=1, z=0):
  rho_ridder = 2.866614e-15 Mpc^-2
  rho_tot    = 5.297327e-08 Mpc^-2
  f_ridder   = 5.411435e-08 (fraction of total)
  Omega_ridder = 0.000000 (if f ~ Omega_Lambda)
========================================

DEBUG INPUT.C: Just set model_type to 2 (should be 2)

DEBUG: Reading v3 canonical parameters...
  f_eV = 2.000000e+26 eV
  Lambda_EDE = 5.395004e-01 eV, theta_E_center = 0.00, sigma_E = 0.40
  Lambda_tail = 2.300000e-03 eV, alpha_tail = 1.00
BACKGROUND_INIT ENTERED: Lambda=0.00e+00
DEBUG BG_INIT ENTRY: model_type=2
DEBUG AFTER CHECKS: model_type=2 has_ridder=1
RIDDER DEBUG (background_init): has_ridder=1, Lambda_EDE_ridder=0.000000e+00, f_axion_ridder=1.000000e+16, theta_i_ridder=2.800000e+00, beta_ridder=0.000000e+00
BG_INIT: entering background_checks
BG_INIT: background_checks OK
RIDDER FREEZE FLAG (from input): ridder_freeze_phi = 0, force_damping = 1.000e+00
DEBUG SHOOTING CHECK: has_ridder=1, model_type=2 (unified=1), use_shooting_EDE=0
BG_INIT: entering background_solve
BACKGROUND_SOLVE ENTERED: has_ridder=1 Lambda=0.00e+00
RIDDER IC DEBUG: model_type=2 f_for_ic=2.000000e+26 theta_i=2.800000e+00 phi_ini=5.600000e+26
ABOUT TO INTEGRATE: bi_size=7 has_ridder=1 Lambda=0.00e+00
DERIVS_ENTRY: call#=455000 has_ridder=1 Lambda=0.00e+00 a=1.06e-04
BG_INIT: background_solve OK

========================================
RIDDER FINAL STATE (a=1, z=0):
  rho_ridder = 1.999269e-15 Mpc^-2
  rho_tot    = 5.297327e-08 Mpc^-2
  f_ridder   = 3.774109e-08 (fraction of total)
  Omega_ridder = 0.000000 (if f ~ Omega_Lambda)
========================================

DEBUG INPUT.C: Just set model_type to 2 (should be 2)

DEBUG: Reading v3 canonical parameters...
  f_eV = 2.000000e+26 eV
  Lambda_EDE = 5.007416e-01 eV, theta_E_center = 0.00, sigma_E = 0.40
  Lambda_tail = 2.300000e-03 eV, alpha_tail = 1.00
BACKGROUND_INIT ENTERED: Lambda=0.00e+00
DEBUG BG_INIT ENTRY: model_type=2
DEBUG AFTER CHECKS: model_type=2 has_ridder=1
RIDDER DEBUG (background_init): has_ridder=1, Lambda_EDE_ridder=0.000000e+00, f_axion_ridder=1.000000e+16, theta_i_ridder=2.800000e+00, beta_ridder=0.000000e+00
BG_INIT: entering background_checks
BG_INIT: background_checks OK
RIDDER FREEZE FLAG (from input): ridder_freeze_phi = 0, force_damping = 1.000e+00
DEBUG SHOOTING CHECK: has_ridder=1, model_type=2 (unified=1), use_shooting_EDE=0
BG_INIT: entering background_solve
BACKGROUND_SOLVE ENTERED: has_ridder=1 Lambda=0.00e+00
RIDDER IC DEBUG: model_type=2 f_for_ic=2.000000e+26 theta_i=2.800000e+00 phi_ini=5.600000e+26
ABOUT TO INTEGRATE: bi_size=7 has_ridder=1 Lambda=0.00e+00
DERIVS_ENTRY: call#=460000 has_ridder=1 Lambda=0.00e+00 a=1.25e-02
BG_INIT: background_solve OK

========================================
RIDDER FINAL STATE (a=1, z=0):
  rho_ridder = 2.284043e-15 Mpc^-2
  rho_tot    = 5.268976e-08 Mpc^-2
  f_ridder   = 4.334890e-08 (fraction of total)
  Omega_ridder = 0.000000 (if f ~ Omega_Lambda)
========================================

DEBUG INPUT.C: Just set model_type to 2 (should be 2)

DEBUG: Reading v3 canonical parameters...
  f_eV = 2.000000e+26 eV
  Lambda_EDE = 5.827520e-01 eV, theta_E_center = 0.00, sigma_E = 0.40
  Lambda_tail = 2.300000e-03 eV, alpha_tail = 1.00
BACKGROUND_INIT ENTERED: Lambda=0.00e+00
DEBUG BG_INIT ENTRY: model_type=2
DEBUG AFTER CHECKS: model_type=2 has_ridder=1
RIDDER DEBUG (background_init): has_ridder=1, Lambda_EDE_ridder=0.000000e+00, f_axion_ridder=1.000000e+16, theta_i_ridder=2.800000e+00, beta_ridder=0.000000e+00
BG_INIT: entering background_checks
BG_INIT: background_checks OK
RIDDER FREEZE FLAG (from input): ridder_freeze_phi = 0, force_damping = 1.000e+00
DEBUG SHOOTING CHECK: has_ridder=1, model_type=2 (unified=1), use_shooting_EDE=0
BG_INIT: entering background_solve
BACKGROUND_SOLVE ENTERED: has_ridder=1 Lambda=0.00e+00
RIDDER IC DEBUG: model_type=2 f_for_ic=2.000000e+26 theta_i=2.800000e+00 phi_ini=5.600000e+26
ABOUT TO INTEGRATE: bi_size=7 has_ridder=1 Lambda=0.00e+00
DERIVS_ENTRY: call#=465000 has_ridder=1 Lambda=0.00e+00 a=7.08e-01
BG_INIT: background_solve OK

========================================
RIDDER FINAL STATE (a=1, z=0):
  rho_ridder = 1.864184e-15 Mpc^-2
  rho_tot    = 5.297327e-08 Mpc^-2
  f_ridder   = 3.519103e-08 (fraction of total)
  Omega_ridder = 0.000000 (if f ~ Omega_Lambda)
========================================

DEBUG INPUT.C: Just set model_type to 2 (should be 2)

DEBUG: Reading v3 canonical parameters...
  f_eV = 2.000000e+26 eV
  Lambda_EDE = 5.109065e-01 eV, theta_E_center = 0.00, sigma_E = 0.40
  Lambda_tail = 2.300000e-03 eV, alpha_tail = 1.00
BACKGROUND_INIT ENTERED: Lambda=0.00e+00
DEBUG BG_INIT ENTRY: model_type=2
DEBUG AFTER CHECKS: model_type=2 has_ridder=1
RIDDER DEBUG (background_init): has_ridder=1, Lambda_EDE_ridder=0.000000e+00, f_axion_ridder=1.000000e+16, theta_i_ridder=2.800000e+00, beta_ridder=0.000000e+00
BG_INIT: entering background_checks
BG_INIT: background_checks OK
RIDDER FREEZE FLAG (from input): ridder_freeze_phi = 0, force_damping = 1.000e+00
DEBUG SHOOTING CHECK: has_ridder=1, model_type=2 (unified=1), use_shooting_EDE=0
BG_INIT: entering background_solve
BACKGROUND_SOLVE ENTERED: has_ridder=1[mcmc] Progress @ 2025-11-26 20:10:39 : 2647 steps taken, and 297 accepted.
 Lambda=0.00e+00
RIDDER IC DEBUG: model_type=2 f_for_ic=2.000000e+26 theta_i=2.800000e+00 phi_ini=5.600000e+26
ABOUT TO INTEGRATE: bi_size=7 has_ridder=1 Lambda=0.00e+00
BG_INIT: background_solve OK

========================================
RIDDER FINAL STATE (a=1, z=0):
  rho_ridder = 3.385628e-15 Mpc^-2
  rho_tot    = 5.297327e-08 Mpc^-2
  f_ridder   = 6.391200e-08 (fraction of total)
  Omega_ridder = 0.000000 (if f ~ Omega_Lambda)
========================================

DEBUG INPUT.C: Just set model_type to 2 (should be 2)

DEBUG: Reading v3 canonical parameters...
  f_eV = 2.000000e+26 eV
  Lambda_EDE = 4.291588e-01 eV, theta_E_center = 0.00, sigma_E = 0.40
  Lambda_tail = 2.300000e-03 eV, alpha_tail = 1.00
BACKGROUND_INIT ENTERED: Lambda=0.00e+00
DEBUG BG_INIT ENTRY: model_type=2
DEBUG AFTER CHECKS: model_type=2 has_ridder=1
RIDDER DEBUG (background_init): has_ridder=1, Lambda_EDE_ridder=0.000000e+00, f_axion_ridder=1.000000e+16, theta_i_ridder=2.800000e+00, beta_ridder=0.000000e+00
BG_INIT: entering background_checks
BG_INIT: background_checks OK
RIDDER FREEZE FLAG (from input): ridder_freeze_phi = 0, force_damping = 1.000e+00
DEBUG SHOOTING CHECK: has_ridder=1, model_type=2 (unified=1), use_shooting_EDE=0
BG_INIT: entering background_solve
BACKGROUND_SOLVE ENTERED: has_ridder=1 Lambda=0.00e+00
RIDDER IC DEBUG: model_type=2 f_for_ic=2.000000e+26 theta_i=2.800000e+00 phi_ini=5.600000e+26
ABOUT TO INTEGRATE: bi_size=7 has_ridder=1 Lambda=0.00e+00
DERIVS_ENTRY: call#=470000 has_ridder=1 Lambda=0.00e+00 a=4.66e-05
BG_INIT: background_solve OK

========================================
RIDDER FINAL STATE (a=1, z=0):
  rho_ridder = 1.802738e-15 Mpc^-2
  rho_tot    = 5.297327e-08 Mpc^-2
  f_ridder   = 3.403109e-08 (fraction of total)
  Omega_ridder = 0.000000 (if f ~ Omega_Lambda)
========================================

DEBUG INPUT.C: Just set model_type to 2 (should be 2)

DEBUG: Reading v3 canonical parameters...
  f_eV = 2.000000e+26 eV
  Lambda_EDE = 4.727101e-01 eV, theta_E_center = 0.00, sigma_E = 0.40
  Lambda_tail = 2.300000e-03 eV, alpha_tail = 1.00
BACKGROUND_INIT ENTERED: Lambda=0.00e+00
DEBUG BG_INIT ENTRY: model_type=2
DEBUG AFTER CHECKS: model_type=2 has_ridder=1
RIDDER DEBUG (background_init): has_ridder=1, Lambda_EDE_ridder=0.000000e+00, f_axion_ridder=1.000000e+16, theta_i_ridder=2.800000e+00, beta_ridder=0.000000e+00
BG_INIT: entering background_checks
BG_INIT: background_checks OK
RIDDER FREEZE FLAG (from input): ridder_freeze_phi = 0, force_damping = 1.000e+00
DEBUG SHOOTING CHECK: has_ridder=1, model_type=2 (unified=1), use_shooting_EDE=0
BG_INIT: entering background_solve
BACKGROUND_SOLVE ENTERED: has_ridder=1 Lambda=0.00e+00
RIDDER IC DEBUG: model_type=2 f_for_ic=2.000000e+26 theta_i=2.800000e+00 phi_ini=5.600000e+26
ABOUT TO INTEGRATE: bi_size=7 has_ridder=1 Lambda=0.00e+00
DERIVS_ENTRY: call#=475000 has_ridder=1 Lambda=0.00e+00 a=7.95e-02
BG_INIT: background_solve OK

========================================
RIDDER FINAL STATE (a=1, z=0):
  rho_ridder = 2.245351e-15 Mpc^-2
  rho_tot    = 5.297327e-08 Mpc^-2
  f_ridder   = 4.238648e-08 (fraction of total)
  Omega_ridder = 0.000000 (if f ~ Omega_Lambda)
========================================

DEBUG INPUT.C: Just set model_type to 2 (should be 2)

DEBUG: Reading v3 canonical parameters...
  f_eV = 2.000000e+26 eV
  Lambda_EDE = 4.769568e-01 eV, theta_E_center = 0.00, sigma_E = 0.40
  Lambda_tail = 2.300000e-03 eV, alpha_tail = 1.00
BACKGROUND_INIT ENTERED: Lambda=0.00e+00
DEBUG BG_INIT ENTRY: model_type=2
DEBUG AFTER CHECKS: model_type=2 has_ridder=1
RIDDER DEBUG (background_init): has_ridder=1, Lambda_EDE_ridder=0.000000e+00, f_axion_ridder=1.000000e+16, theta_i_ridder=2.800000e+00, beta_ridder=0.000000e+00
BG_INIT: entering background_checks
BG_INIT: background_checks OK
RIDDER FREEZE FLAG (from input): ridder_freeze_phi = 0, force_damping = 1.000e+00
DEBUG SHOOTING CHECK: has_ridder=1, model_type=2 (unified=1), use_shooting_EDE=0
BG_INIT: entering background_solve
BACKGROUND_SOLVE ENTERED: has_ridder=1 Lambda=0.00e+00
RIDDER IC DEBUG: model_t[mcmc] Progress @ 2025-11-26 20:11:40 : 2717 steps taken, and 305 accepted.
ype=2 f_for_ic=2.000000e+26 theta_i=2.800000e+00 phi_ini=5.600000e+26
ABOUT TO INTEGRATE: bi_size=7 has_ridder=1 Lambda=0.00e+00
BG_INIT: background_solve OK

========================================
RIDDER FINAL STATE (a=1, z=0):
  rho_ridder = 1.820814e-15 Mpc^-2
  rho_tot    = 5.297327e-08 Mpc^-2
  f_ridder   = 3.437231e-08 (fraction of total)
  Omega_ridder = 0.000000 (if f ~ Omega_Lambda)
========================================

DEBUG INPUT.C: Just set model_type to 2 (should be 2)

DEBUG: Reading v3 canonical parameters...
  f_eV = 2.000000e+26 eV
  Lambda_EDE = 4.164705e-01 eV, theta_E_center = 0.00, sigma_E = 0.40
  Lambda_tail = 2.300000e-03 eV, alpha_tail = 1.00
BACKGROUND_INIT ENTERED: Lambda=0.00e+00
DEBUG BG_INIT ENTRY: model_type=2
DEBUG AFTER CHECKS: model_type=2 has_ridder=1
RIDDER DEBUG (background_init): has_ridder=1, Lambda_EDE_ridder=0.000000e+00, f_axion_ridder=1.000000e+16, theta_i_ridder=2.800000e+00, beta_ridder=0.000000e+00
BG_INIT: entering background_checks
BG_INIT: background_checks OK
RIDDER FREEZE FLAG (from input): ridder_freeze_phi = 0, force_damping = 1.000e+00
DEBUG SHOOTING CHECK: has_ridder=1, model_type=2 (unified=1), use_shooting_EDE=0
BG_INIT: entering background_solve
BACKGROUND_SOLVE ENTERED: has_ridder=1 Lambda=0.00e+00
RIDDER IC DEBUG: model_type=2 f_for_ic=2.000000e+26 theta_i=2.800000e+00 phi_ini=5.600000e+26
ABOUT TO INTEGRATE: bi_size=7 has_ridder=1 Lambda=0.00e+00
DERIVS_ENTRY: call#=480000 has_ridder=1 Lambda=0.00e+00 a=5.49e-08
BG_INIT: background_solve OK

========================================
RIDDER FINAL STATE (a=1, z=0):
  rho_ridder = 2.218092e-15 Mpc^-2
  rho_tot    = 5.297327e-08 Mpc^-2
  f_ridder   = 4.187190e-08 (fraction of total)
  Omega_ridder = 0.000000 (if f ~ Omega_Lambda)
========================================

DEBUG INPUT.C: Just set model_type to 2 (should be 2)

DEBUG: Reading v3 canonical parameters...
  f_eV = 2.000000e+26 eV
  Lambda_EDE = 5.021154e-01 eV, theta_E_center = 0.00, sigma_E = 0.40
  Lambda_tail = 2.300000e-03 eV, alpha_tail = 1.00
BACKGROUND_INIT ENTERED: Lambda=0.00e+00
DEBUG BG_INIT ENTRY: model_type=2
DEBUG AFTER CHECKS: model_type=2 has_ridder=1
RIDDER DEBUG (background_init): has_ridder=1, Lambda_EDE_ridder=0.000000e+00, f_axion_ridder=1.000000e+16, theta_i_ridder=2.800000e+00, beta_ridder=0.000000e+00
BG_INIT: entering background_checks
BG_INIT: background_checks OK
RIDDER FREEZE FLAG (from input): ridder_freeze_phi = 0, force_damping = 1.000e+00
DEBUG SHOOTING CHECK: has_ridder=1, model_type=2 (unified=1), use_shooting_EDE=0
BG_INIT: entering background_solve
BACKGROUND_SOLVE ENTERED: has_ridder=1 Lambda=0.00e+00
RIDDER IC DEBUG: model_type=2 f_for_ic=2.000000e+26 theta_i=2.800000e+00 phi_ini=5.600000e+26
ABOUT TO INTEGRATE: bi_size=7 has_ridder=1 Lambda=0.00e+00
DERIVS_ENTRY: call#=485000 has_ridder=1 Lambda=0.00e+00 a=1.46e-02
BG_INIT: background_solve OK

========================================
RIDDER FINAL STATE (a=1, z=0):
  rho_ridder = 1.903587e-15 Mpc^-2
  rho_tot    = 5.297327e-08 Mpc^-2
  f_ridder   = 3.593486e-08 (fraction of total)
  Omega_ridder = 0.000000 (if f ~ Omega_Lambda)
========================================

DEBUG INPUT.C: Just set model_type to 2 (should be 2)

DEBUG: Reading v3 canonical parameters...
  f_eV = 2.000000e+26 eV
  Lambda_EDE = 5.007416e-01 eV, theta_E_center = 0.00, sigma_E = 0.40
  Lambda_tail = 2.300000e-03 eV, alpha_tail = 1.00
BACKGROUND_INIT ENTERED: Lambda=0.00e+00
DEBUG BG_INIT ENTRY: model_type=2
DEBUG AFTER CHECKS: model_type=2 has_ridder=1
RIDDER DEBUG (background_init): has_ridder=1, Lambda_EDE_ridder=0.000000e+00, f_axion_ridder=1.000000e+16, theta_i_ridder=2.800000e+00, beta_ridder=0.000000e+00
BG_INIT: entering background_checks
BG_INIT: background_checks OK
RIDDER FREEZE FLAG (from input): ridder_freeze_phi = 0, force_damping = 1.000e+00
DEBUG SHOOTING CHECK: has_ridder=1, model_type=2 (unified=1), use_shooting_EDE=0
BG_INIT: entering background_solve
BACKGROUND_SOLVE ENTERED: has_ridder=1 Lambda=0.00e+00
RIDDER IC DEBUG: model_type=2 f_for_ic=2.000000e+26 theta_i=2.800[mcmc] Progress @ 2025-11-26 20:12:40 : 2788 steps taken, and 313 accepted.
000e+00 phi_ini=5.600000e+26
ABOUT TO INTEGRATE: bi_size=7 has_ridder=1 Lambda=0.00e+00
BG_INIT: background_solve OK

========================================
RIDDER FINAL STATE (a=1, z=0):
  rho_ridder = 2.207398e-15 Mpc^-2
  rho_tot    = 5.376732e-08 Mpc^-2
  f_ridder   = 4.105465e-08 (fraction of total)
  Omega_ridder = 0.000000 (if f ~ Omega_Lambda)
========================================

DEBUG INPUT.C: Just set model_type to 2 (should be 2)

DEBUG: Reading v3 canonical parameters...
  f_eV = 2.000000e+26 eV
  Lambda_EDE = 4.550734e-01 eV, theta_E_center = 0.00, sigma_E = 0.40
  Lambda_tail = 2.300000e-03 eV, alpha_tail = 1.00
BACKGROUND_INIT ENTERED: Lambda=0.00e+00
DEBUG BG_INIT ENTRY: model_type=2
DEBUG AFTER CHECKS: model_type=2 has_ridder=1
RIDDER DEBUG (background_init): has_ridder=1, Lambda_EDE_ridder=0.000000e+00, f_axion_ridder=1.000000e+16, theta_i_ridder=2.800000e+00, beta_ridder=0.000000e+00
BG_INIT: entering background_checks
BG_INIT: background_checks OK
RIDDER FREEZE FLAG (from input): ridder_freeze_phi = 0, force_damping = 1.000e+00
DEBUG SHOOTING CHECK: has_ridder=1, model_type=2 (unified=1), use_shooting_EDE=0
BG_INIT: entering background_solve
BACKGROUND_SOLVE ENTERED: has_ridder=1 Lambda=0.00e+00
RIDDER IC DEBUG: model_type=2 f_for_ic=2.000000e+26 theta_i=2.800000e+00 phi_ini=5.600000e+26
ABOUT TO INTEGRATE: bi_size=7 has_ridder=1 Lambda=0.00e+00
DERIVS_ENTRY: call#=490000 has_ridder=1 Lambda=0.00e+00 a=2.19e-14
BG_INIT: background_solve OK

========================================
RIDDER FINAL STATE (a=1, z=0):
  rho_ridder = 2.890408e-15 Mpc^-2
  rho_tot    = 5.297327e-08 Mpc^-2
  f_ridder   = 5.456352e-08 (fraction of total)
  Omega_ridder = 0.000000 (if f ~ Omega_Lambda)
========================================

DEBUG INPUT.C: Just set model_type to 2 (should be 2)

DEBUG: Reading v3 canonical parameters...
  f_eV = 2.000000e+26 eV
  Lambda_EDE = 5.581419e-01 eV, theta_E_center = 0.00, sigma_E = 0.40
  Lambda_tail = 2.300000e-03 eV, alpha_tail = 1.00
BACKGROUND_INIT ENTERED: Lambda=0.00e+00
DEBUG BG_INIT ENTRY: model_type=2
DEBUG AFTER CHECKS: model_type=2 has_ridder=1
RIDDER DEBUG (background_init): has_ridder=1, Lambda_EDE_ridder=0.000000e+00, f_axion_ridder=1.000000e+16, theta_i_ridder=2.800000e+00, beta_ridder=0.000000e+00
BG_INIT: entering background_checks
BG_INIT: background_checks OK
RIDDER FREEZE FLAG (from input): ridder_freeze_phi = 0, force_damping = 1.000e+00
DEBUG SHOOTING CHECK: has_ridder=1, model_type=2 (unified=1), use_shooting_EDE=0
BG_INIT: entering background_solve
BACKGROUND_SOLVE ENTERED: has_ridder=1 Lambda=0.00e+00
RIDDER IC DEBUG: model_type=2 f_for_ic=2.000000e+26 theta_i=2.800000e+00 phi_ini=5.600000e+26
ABOUT TO INTEGRATE: bi_size=7 has_ridder=1 Lambda=0.00e+00
DERIVS_ENTRY: call#=495000 has_ridder=1 Lambda=0.00e+00 a=6.24e-04
BG_INIT: background_solve OK

========================================
RIDDER FINAL STATE (a=1, z=0):
  rho_ridder = 1.578894e-15 Mpc^-2
  rho_tot    = 5.297327e-08 Mpc^-2
  f_ridder   = 2.980549e-08 (fraction of total)
  Omega_ridder = 0.000000 (if f ~ Omega_Lambda)
========================================

DEBUG INPUT.C: Just set model_type to 2 (should be 2)

DEBUG: Reading v3 canonical parameters...
  f_eV = 2.000000e+26 eV
  Lambda_EDE = 5.210173e-01 eV, theta_E_center = 0.00, sigma_E = 0.40
  Lambda_tail = 2.300000e-03 eV, alpha_tail = 1.00
BACKGROUND_INIT ENTERED: Lambda=0.00e+00
DEBUG BG_INIT ENTRY: model_type=2
DEBUG AFTER CHECKS: model_type=2 has_ridder=1
RIDDER DEBUG (background_init): has_ridder=1, Lambda_EDE_ridder=0.000000e+00, f_axion_ridder=1.000000e+16, theta_i_ridder=2.800000e+00, beta_ridder=0.000000e+00
BG_INIT: entering background_checks
BG_INIT: background_checks OK
RIDDER FREEZE FLAG (from input): ridder_freeze_phi = 0, force_damping = 1.000e+00
DEBUG SHOOTING CHECK: has_ridder=1, model_type=2 (unified=1), use_shooting_EDE=0
BG_INIT: entering background_solve
BACKGROUND_SOLVE ENTERED: has_ridder=1 Lambda=0.00e+00
RIDDER IC DEBUG: model_type=2 f_for_ic=2.000000e+26 theta_i=2.800000e+00 phi_ini=5.600000e+26
ABOUT TO INT[mcmc] Progress @ 2025-11-26 20:13:58 : 2834 steps taken, and 318 accepted.
EGRATE: bi_size=7 has_ridder=1 Lambda=0.00e+00
DERIVS_ENTRY: call#=500000 has_ridder=1 Lambda=0.00e+00 a=5.89e-02
BG_INIT: background_solve OK

========================================
RIDDER FINAL STATE (a=1, z=0):
  rho_ridder = 3.360977e-15 Mpc^-2
  rho_tot    = 5.297327e-08 Mpc^-2
  f_ridder   = 6.344666e-08 (fraction of total)
  Omega_ridder = 0.000000 (if f ~ Omega_Lambda)
========================================

DEBUG INPUT.C: Just set model_type to 2 (should be 2)

DEBUG: Reading v3 canonical parameters...
  f_eV = 2.000000e+26 eV
  Lambda_EDE = 3.321296e-01 eV, theta_E_center = 0.00, sigma_E = 0.40
  Lambda_tail = 2.300000e-03 eV, alpha_tail = 1.00
BACKGROUND_INIT ENTERED: Lambda=0.00e+00
DEBUG BG_INIT ENTRY: model_type=2
DEBUG AFTER CHECKS: model_type=2 has_ridder=1
RIDDER DEBUG (background_init): has_ridder=1, Lambda_EDE_ridder=0.000000e+00, f_axion_ridder=1.000000e+16, theta_i_ridder=2.800000e+00, beta_ridder=0.000000e+00
BG_INIT: entering background_checks
BG_INIT: background_checks OK
RIDDER FREEZE FLAG (from input): ridder_freeze_phi = 0, force_damping = 1.000e+00
DEBUG SHOOTING CHECK: has_ridder=1, model_type=2 (unified=1), use_shooting_EDE=0
BG_INIT: entering background_solve
BACKGROUND_SOLVE ENTERED: has_ridder=1 Lambda=0.00e+00
RIDDER IC DEBUG: model_type=2 f_for_ic=2.000000e+26 theta_i=2.800000e+00 phi_ini=5.600000e+26
ABOUT TO INTEGRATE: bi_size=7 has_ridder=1 Lambda=0.00e+00
BG_INIT: background_solve OK

========================================
RIDDER FINAL STATE (a=1, z=0):
  rho_ridder = 4.241097e-15 Mpc^-2
  rho_tot    = 5.297327e-08 Mpc^-2
  f_ridder   = 8.006107e-08 (fraction of total)
  Omega_ridder = 0.000000 (if f ~ Omega_Lambda)
========================================

DEBUG INPUT.C: Just set model_type to 2 (should be 2)

DEBUG: Reading v3 canonical parameters...
  f_eV = 2.000000e+26 eV
  Lambda_EDE = 5.629902e-01 eV, theta_E_center = 0.00, sigma_E = 0.40
  Lambda_tail = 2.300000e-03 eV, alpha_tail = 1.00
BACKGROUND_INIT ENTERED: Lambda=0.00e+00
DEBUG BG_INIT ENTRY: model_type=2
DEBUG AFTER CHECKS: model_type=2 has_ridder=1
RIDDER DEBUG (background_init): has_ridder=1, Lambda_EDE_ridder=0.000000e+00, f_axion_ridder=1.000000e+16, theta_i_ridder=2.800000e+00, beta_ridder=0.000000e+00
BG_INIT: entering background_checks
BG_INIT: background_checks OK
RIDDER FREEZE FLAG (from input): ridder_freeze_phi = 0, force_damping = 1.000e+00
DEBUG SHOOTING CHECK: has_ridder=1, model_type=2 (unified=1), use_shooting_EDE=0
BG_INIT: entering background_solve
BACKGROUND_SOLVE ENTERED: has_ridder=1 Lambda=0.00e+00
RIDDER IC DEBUG: model_type=2 f_for_ic=2.000000e+26 theta_i=2.800000e+00 phi_ini=5.600000e+26
ABOUT TO INTEGRATE: bi_size=7 has_ridder=1 Lambda=0.00e+00
DERIVS_ENTRY: call#=505000 has_ridder=1 Lambda=0.00e+00 a=5.66e-06
BG_INIT: background_solve OK

========================================
RIDDER FINAL STATE (a=1, z=0):
  rho_ridder = 1.544884e-15 Mpc^-2
  rho_tot    = 5.297327e-08 Mpc^-2
  f_ridder   = 2.916347e-08 (fraction of total)
  Omega_ridder = 0.000000 (if f ~ Omega_Lambda)
========================================

DEBUG INPUT.C: Just set model_type to 2 (should be 2)

DEBUG: Reading v3 canonical parameters...
  f_eV = 2.000000e+26 eV
  Lambda_EDE = 5.007416e-01 eV, theta_E_center = 0.00, sigma_E = 0.40
  Lambda_tail = 2.300000e-03 eV, alpha_tail = 1.00
BACKGROUND_INIT ENTERED: Lambda=0.00e+00
DEBUG BG_INIT ENTRY: model_type=2
DEBUG AFTER CHECKS: model_type=2 has_ridder=1
RIDDER DEBUG (background_init): has_ridder=1, Lambda_EDE_ridder=0.000000e+00, f_axion_ridder=1.000000e+16, theta_i_ridder=2.800000e+00, beta_ridder=0.000000e+00
BG_INIT: entering background_checks
BG_INIT: background_checks OK
RIDDER FREEZE FLAG (from input): ridder_freeze_phi = 0, force_damping = 1.000e+00
DEBUG SHOOTING CHECK: has_ridder=1, model_type=2 (unified=1), use_shooting_EDE=0
BG_INIT: entering background_solve
BACKGROUND_SOLVE ENTERED: has_ridder=1 Lambda=0.00e+00
RIDDER IC DEBUG: model_type=2 f_for_ic=2.000000e+26 theta_i=2.800000e+00 phi_ini=5.600000e+26
ABOUT TO INTEGRATE: bi_size=7 has_ridder=1 Lambda=0.0[mcmc] Progress @ 2025-11-26 20:15:00 : 2918 steps taken, and 329 accepted.
0e+00
DERIVS_ENTRY: call#=510000 has_ridder=1 Lambda=0.00e+00 a=1.24e-02
BG_INIT: background_solve OK

========================================
RIDDER FINAL STATE (a=1, z=0):
  rho_ridder = 2.291686e-15 Mpc^-2
  rho_tot    = 5.253972e-08 Mpc^-2
  f_ridder   = 4.361817e-08 (fraction of total)
  Omega_ridder = 0.000000 (if f ~ Omega_Lambda)
========================================

DEBUG INPUT.C: Just set model_type to 2 (should be 2)

DEBUG: Reading v3 canonical parameters...
  f_eV = 2.000000e+26 eV
  Lambda_EDE = 4.727985e-01 eV, theta_E_center = 0.00, sigma_E = 0.40
  Lambda_tail = 2.300000e-03 eV, alpha_tail = 1.00
BACKGROUND_INIT ENTERED: Lambda=0.00e+00
DEBUG BG_INIT ENTRY: model_type=2
DEBUG AFTER CHECKS: model_type=2 has_ridder=1
RIDDER DEBUG (background_init): has_ridder=1, Lambda_EDE_ridder=0.000000e+00, f_axion_ridder=1.000000e+16, theta_i_ridder=2.800000e+00, beta_ridder=0.000000e+00
BG_INIT: entering background_checks
BG_INIT: background_checks OK
RIDDER FREEZE FLAG (from input): ridder_freeze_phi = 0, force_damping = 1.000e+00
DEBUG SHOOTING CHECK: has_ridder=1, model_type=2 (unified=1), use_shooting_EDE=0
BG_INIT: entering background_solve
BACKGROUND_SOLVE ENTERED: has_ridder=1 Lambda=0.00e+00
RIDDER IC DEBUG: model_type=2 f_for_ic=2.000000e+26 theta_i=2.800000e+00 phi_ini=5.600000e+26
ABOUT TO INTEGRATE: bi_size=7 has_ridder=1 Lambda=0.00e+00
BG_INIT: background_solve OK

========================================
RIDDER FINAL STATE (a=1, z=0):
  rho_ridder = 2.120652e-15 Mpc^-2
  rho_tot    = 5.297327e-08 Mpc^-2
  f_ridder   = 4.003250e-08 (fraction of total)
  Omega_ridder = 0.000000 (if f ~ Omega_Lambda)
========================================

DEBUG INPUT.C: Just set model_type to 2 (should be 2)

DEBUG: Reading v3 canonical parameters...
  f_eV = 2.000000e+26 eV
  Lambda_EDE = 4.693481e-01 eV, theta_E_center = 0.00, sigma_E = 0.40
  Lambda_tail = 2.300000e-03 eV, alpha_tail = 1.00
BACKGROUND_INIT ENTERED: Lambda=0.00e+00
DEBUG BG_INIT ENTRY: model_type=2
DEBUG AFTER CHECKS: model_type=2 has_ridder=1
RIDDER DEBUG (background_init): has_ridder=1, Lambda_EDE_ridder=0.000000e+00, f_axion_ridder=1.000000e+16, theta_i_ridder=2.800000e+00, beta_ridder=0.000000e+00
BG_INIT: entering background_checks
BG_INIT: background_checks OK
RIDDER FREEZE FLAG (from input): ridder_freeze_phi = 0, force_damping = 1.000e+00
DEBUG SHOOTING CHECK: has_ridder=1, model_type=2 (unified=1), use_shooting_EDE=0
BG_INIT: entering background_solve
BACKGROUND_SOLVE ENTERED: has_ridder=1 Lambda=0.00e+00
RIDDER IC DEBUG: model_type=2 f_for_ic=2.000000e+26 theta_i=2.800000e+00 phi_ini=5.600000e+26
ABOUT TO INTEGRATE: bi_size=7 has_ridder=1 Lambda=0.00e+00
DERIVS_ENTRY: call#=515000 has_ridder=1 Lambda=0.00e+00 a=2.63e-13
BG_INIT: background_solve OK

========================================
RIDDER FINAL STATE (a=1, z=0):
  rho_ridder = 2.285660e-15 Mpc^-2
  rho_tot    = 5.297327e-08 Mpc^-2
  f_ridder   = 4.314742e-08 (fraction of total)
  Omega_ridder = 0.000000 (if f ~ Omega_Lambda)
========================================

DEBUG INPUT.C: Just set model_type to 2 (should be 2)

DEBUG: Reading v3 canonical parameters...
  f_eV = 2.000000e+26 eV
  Lambda_EDE = 4.980115e-01 eV, theta_E_center = 0.00, sigma_E = 0.40
  Lambda_tail = 2.300000e-03 eV, alpha_tail = 1.00
BACKGROUND_INIT ENTERED: Lambda=0.00e+00
DEBUG BG_INIT ENTRY: model_type=2
DEBUG AFTER CHECKS: model_type=2 has_ridder=1
RIDDER DEBUG (background_init): has_ridder=1, Lambda_EDE_ridder=0.000000e+00, f_axion_ridder=1.000000e+16, theta_i_ridder=2.800000e+00, beta_ridder=0.000000e+00
BG_INIT: entering background_checks
BG_INIT: background_checks OK
RIDDER FREEZE FLAG (from input): ridder_freeze_phi = 0, force_damping = 1.000e+00
DEBUG SHOOTING CHECK: has_ridder=1, model_type=2 (unified=1), use_shooting_EDE=0
BG_INIT: entering background_solve
BACKGROUND_SOLVE ENTERED: has_ridder=1 Lambda=0.00e+00
RIDDER IC DEBUG: model_type=2 f_for_ic=2.000000e+26 theta_i=2.800000e+00 phi_ini=5.600000e+26
ABOUT TO INTEGRATE: bi_size=7 has_ridder=1 Lambda=0.00e+00
DERIVS_ENTRY: call#=520000 has_ridd[mcmc] Progress @ 2025-11-26 20:16:02 : 2988 steps taken, and 339 accepted.
er=1 Lambda=0.00e+00 a=1.11e-03
BG_INIT: background_solve OK

========================================
RIDDER FINAL STATE (a=1, z=0):
  rho_ridder = 1.677321e-15 Mpc^-2
  rho_tot    = 5.297327e-08 Mpc^-2
  f_ridder   = 3.166354e-08 (fraction of total)
  Omega_ridder = 0.000000 (if f ~ Omega_Lambda)
========================================

DEBUG INPUT.C: Just set model_type to 2 (should be 2)

DEBUG: Reading v3 canonical parameters...
  f_eV = 2.000000e+26 eV
  Lambda_EDE = 5.059044e-01 eV, theta_E_center = 0.00, sigma_E = 0.40
  Lambda_tail = 2.300000e-03 eV, alpha_tail = 1.00
BACKGROUND_INIT ENTERED: Lambda=0.00e+00
DEBUG BG_INIT ENTRY: model_type=2
DEBUG AFTER CHECKS: model_type=2 has_ridder=1
RIDDER DEBUG (background_init): has_ridder=1, Lambda_EDE_ridder=0.000000e+00, f_axion_ridder=1.000000e+16, theta_i_ridder=2.800000e+00, beta_ridder=0.000000e+00
BG_INIT: entering background_checks
BG_INIT: background_checks OK
RIDDER FREEZE FLAG (from input): ridder_freeze_phi = 0, force_damping = 1.000e+00
DEBUG SHOOTING CHECK: has_ridder=1, model_type=2 (unified=1), use_shooting_EDE=0
BG_INIT: entering background_solve
BACKGROUND_SOLVE ENTERED: has_ridder=1 Lambda=0.00e+00
RIDDER IC DEBUG: model_type=2 f_for_ic=2.000000e+26 theta_i=2.800000e+00 phi_ini=5.600000e+26
ABOUT TO INTEGRATE: bi_size=7 has_ridder=1 Lambda=0.00e+00
DERIVS_ENTRY: call#=525000 has_ridder=1 Lambda=0.00e+00 a=1.65e-01
BG_INIT: background_solve OK

========================================
RIDDER FINAL STATE (a=1, z=0):
  rho_ridder = 3.198109e-15 Mpc^-2
  rho_tot    = 5.297327e-08 Mpc^-2
  f_ridder   = 6.037213e-08 (fraction of total)
  Omega_ridder = 0.000000 (if f ~ Omega_Lambda)
========================================

DEBUG INPUT.C: Just set model_type to 2 (should be 2)

DEBUG: Reading v3 canonical parameters...
  f_eV = 2.000000e+26 eV
  Lambda_EDE = 4.718814e-01 eV, theta_E_center = 0.00, sigma_E = 0.40
  Lambda_tail = 2.300000e-03 eV, alpha_tail = 1.00
BACKGROUND_INIT ENTERED: Lambda=0.00e+00
DEBUG BG_INIT ENTRY: model_type=2
DEBUG AFTER CHECKS: model_type=2 has_ridder=1
RIDDER DEBUG (background_init): has_ridder=1, Lambda_EDE_ridder=0.000000e+00, f_axion_ridder=1.000000e+16, theta_i_ridder=2.800000e+00, beta_ridder=0.000000e+00
BG_INIT: entering background_checks
BG_INIT: background_checks OK
RIDDER FREEZE FLAG (from input): ridder_freeze_phi = 0, force_damping = 1.000e+00
DEBUG SHOOTING CHECK: has_ridder=1, model_type=2 (unified=1), use_shooting_EDE=0
BG_INIT: entering background_solve
BACKGROUND_SOLVE ENTERED: has_ridder=1 Lambda=0.00e+00
RIDDER IC DEBUG: model_type=2 f_for_ic=2.000000e+26 theta_i=2.800000e+00 phi_ini=5.600000e+26
ABOUT TO INTEGRATE: bi_size=7 has_ridder=1 Lambda=0.00e+00
BG_INIT: background_solve OK

========================================
RIDDER FINAL STATE (a=1, z=0):
  rho_ridder = 2.045056e-15 Mpc^-2
  rho_tot    = 5.297327e-08 Mpc^-2
  f_ridder   = 3.860543e-08 (fraction of total)
  Omega_ridder = 0.000000 (if f ~ Omega_Lambda)
========================================

DEBUG INPUT.C: Just set model_type to 2 (should be 2)

DEBUG: Reading v3 canonical parameters...
  f_eV = 2.000000e+26 eV
  Lambda_EDE = 5.135127e-01 eV, theta_E_center = 0.00, sigma_E = 0.40
  Lambda_tail = 2.300000e-03 eV, alpha_tail = 1.00
BACKGROUND_INIT ENTERED: Lambda=0.00e+00
DEBUG BG_INIT ENTRY: model_type=2
DEBUG AFTER CHECKS: model_type=2 has_ridder=1
RIDDER DEBUG (background_init): has_ridder=1, Lambda_EDE_ridder=0.000000e+00, f_axion_ridder=1.000000e+16, theta_i_ridder=2.800000e+00, beta_ridder=0.000000e+00
BG_INIT: entering background_checks
BG_INIT: background_checks OK
RIDDER FREEZE FLAG (from input): ridder_freeze_phi = 0, force_damping = 1.000e+00
DEBUG SHOOTING CHECK: has_ridder=1, model_type=2 (unified=1), use_shooting_EDE=0
BG_INIT: entering background_solve
BACKGROUND_SOLVE ENTERED: has_ridder=1 Lambda=0.00e+00
RIDDER IC DEBUG: model_type=2 f_for_ic=2.000000e+26 theta_i=2.800000e+00 phi_ini=5.600000e+26
ABOUT TO INTEGRATE: bi_size=7 has_ridder=1 Lambda=0.00e+00
DERIVS_ENTRY: call#=530000 has_ridder=1 Lambda=0.00e+00 a=1.58e-05
BG_INIT: [mcmc] Progress @ 2025-11-26 20:17:02 : 3036 steps taken, and 344 accepted.
background_solve OK

========================================
RIDDER FINAL STATE (a=1, z=0):
  rho_ridder = 3.385741e-15 Mpc^-2
  rho_tot    = 5.297327e-08 Mpc^-2
  f_ridder   = 6.391413e-08 (fraction of total)
  Omega_ridder = 0.000000 (if f ~ Omega_Lambda)
========================================

DEBUG INPUT.C: Just set model_type to 2 (should be 2)

DEBUG: Reading v3 canonical parameters...
  f_eV = 2.000000e+26 eV
  Lambda_EDE = 4.554331e-01 eV, theta_E_center = 0.00, sigma_E = 0.40
  Lambda_tail = 2.300000e-03 eV, alpha_tail = 1.00
BACKGROUND_INIT ENTERED: Lambda=0.00e+00
DEBUG BG_INIT ENTRY: model_type=2
DEBUG AFTER CHECKS: model_type=2 has_ridder=1
RIDDER DEBUG (background_init): has_ridder=1, Lambda_EDE_ridder=0.000000e+00, f_axion_ridder=1.000000e+16, theta_i_ridder=2.800000e+00, beta_ridder=0.000000e+00
BG_INIT: entering background_checks
BG_INIT: background_checks OK
RIDDER FREEZE FLAG (from input): ridder_freeze_phi = 0, force_damping = 1.000e+00
DEBUG SHOOTING CHECK: has_ridder=1, model_type=2 (unified=1), use_shooting_EDE=0
BG_INIT: entering background_solve
BACKGROUND_SOLVE ENTERED: has_ridder=1 Lambda=0.00e+00
RIDDER IC DEBUG: model_type=2 f_for_ic=2.000000e+26 theta_i=2.800000e+00 phi_ini=5.600000e+26
ABOUT TO INTEGRATE: bi_size=7 has_ridder=1 Lambda=0.00e+00
DERIVS_ENTRY: call#=535000 has_ridder=1 Lambda=0.00e+00 a=2.28e-02
BG_INIT: background_solve OK

========================================
RIDDER FINAL STATE (a=1, z=0):
  rho_ridder = 3.244661e-15 Mpc^-2
  rho_tot    = 5.297327e-08 Mpc^-2
  f_ridder   = 6.125090e-08 (fraction of total)
  Omega_ridder = 0.000000 (if f ~ Omega_Lambda)
========================================

DEBUG INPUT.C: Just set model_type to 2 (should be 2)

DEBUG: Reading v3 canonical parameters...
  f_eV = 2.000000e+26 eV
  Lambda_EDE = 5.007416e-01 eV, theta_E_center = 0.00, sigma_E = 0.40
  Lambda_tail = 2.300000e-03 eV, alpha_tail = 1.00
BACKGROUND_INIT ENTERED: Lambda=0.00e+00
DEBUG BG_INIT ENTRY: model_type=2
DEBUG AFTER CHECKS: model_type=2 has_ridder=1
RIDDER DEBUG (background_init): has_ridder=1, Lambda_EDE_ridder=0.000000e+00, f_axion_ridder=1.000000e+16, theta_i_ridder=2.800000e+00, beta_ridder=0.000000e+00
BG_INIT: entering background_checks
BG_INIT: background_checks OK
RIDDER FREEZE FLAG (from input): ridder_freeze_phi = 0, force_damping = 1.000e+00
DEBUG SHOOTING CHECK: has_ridder=1, model_type=2 (unified=1), use_shooting_EDE=0
BG_INIT: entering background_solve
BACKGROUND_SOLVE ENTERED: has_ridder=1 Lambda=0.00e+00
RIDDER IC DEBUG: model_type=2 f_for_ic=2.000000e+26 theta_i=2.800000e+00 phi_ini=5.600000e+26
ABOUT TO INTEGRATE: bi_size=7 has_ridder=1 Lambda=0.00e+00
BG_INIT: background_solve OK

========================================
RIDDER FINAL STATE (a=1, z=0):
  rho_ridder = 2.304576e-15 Mpc^-2
  rho_tot    = 5.238128e-08 Mpc^-2
  f_ridder   = 4.399617e-08 (fraction of total)
  Omega_ridder = 0.000000 (if f ~ Omega_Lambda)
========================================

DEBUG INPUT.C: Just set model_type to 2 (should be 2)

DEBUG: Reading v3 canonical parameters...
  f_eV = 2.000000e+26 eV
  Lambda_EDE = 5.248437e-01 eV, theta_E_center = 0.00, sigma_E = 0.40
  Lambda_tail = 2.300000e-03 eV, alpha_tail = 1.00
BACKGROUND_INIT ENTERED: Lambda=0.00e+00
DEBUG BG_INIT ENTRY: model_type=2
DEBUG AFTER CHECKS: model_type=2 has_ridder=1
RIDDER DEBUG (background_init): has_ridder=1, Lambda_EDE_ridder=0.000000e+00, f_axion_ridder=1.000000e+16, theta_i_ridder=2.800000e+00, beta_ridder=0.000000e+00
BG_INIT: entering background_checks
BG_INIT: background_checks OK
RIDDER FREEZE FLAG (from input): ridder_freeze_phi = 0, force_damping = 1.000e+00
DEBUG SHOOTING CHECK: has_ridder=1, model_type=2 (unified=1), use_shooting_EDE=0
BG_INIT: entering background_solve
BACKGROUND_SOLVE ENTERED: has_ridder=1 Lambda=0.00e+00
RIDDER IC DEBUG: model_type=2 f_for_ic=2.000000e+26 theta_i=2.800000e+00 phi_ini=5.600000e+26
ABOUT TO INTEGRATE: bi_size=7 has_ridder=1 Lambda=0.00e+00
DERIVS_ENTRY: call#=540000 has_ridder=1 Lambda=0.00e+00 a=4.75e-13
BG_INIT: background_solve OK

====================[mcmc] Progress @ 2025-11-26 20:18:02 : 3133 steps taken, and 357 accepted.
====================
RIDDER FINAL STATE (a=1, z=0):
  rho_ridder = 3.089405e-15 Mpc^-2
  rho_tot    = 5.297327e-08 Mpc^-2
  f_ridder   = 5.832007e-08 (fraction of total)
  Omega_ridder = 0.000000 (if f ~ Omega_Lambda)
========================================

DEBUG INPUT.C: Just set model_type to 2 (should be 2)

DEBUG: Reading v3 canonical parameters...
  f_eV = 2.000000e+26 eV
  Lambda_EDE = 5.125981e-01 eV, theta_E_center = 0.00, sigma_E = 0.40
  Lambda_tail = 2.300000e-03 eV, alpha_tail = 1.00
BACKGROUND_INIT ENTERED: Lambda=0.00e+00
DEBUG BG_INIT ENTRY: model_type=2
DEBUG AFTER CHECKS: model_type=2 has_ridder=1
RIDDER DEBUG (background_init): has_ridder=1, Lambda_EDE_ridder=0.000000e+00, f_axion_ridder=1.000000e+16, theta_i_ridder=2.800000e+00, beta_ridder=0.000000e+00
BG_INIT: entering background_checks
BG_INIT: background_checks OK
RIDDER FREEZE FLAG (from input): ridder_freeze_phi = 0, force_damping = 1.000e+00
DEBUG SHOOTING CHECK: has_ridder=1, model_type=2 (unified=1), use_shooting_EDE=0
BG_INIT: entering background_solve
BACKGROUND_SOLVE ENTERED: has_ridder=1 Lambda=0.00e+00
RIDDER IC DEBUG: model_type=2 f_for_ic=2.000000e+26 theta_i=2.800000e+00 phi_ini=5.600000e+26
ABOUT TO INTEGRATE: bi_size=7 has_ridder=1 Lambda=0.00e+00
DERIVS_ENTRY: call#=545000 has_ridder=1 Lambda=0.00e+00 a=1.28e-03
BG_INIT: background_solve OK

========================================
RIDDER FINAL STATE (a=1, z=0):
  rho_ridder = 3.348607e-15 Mpc^-2
  rho_tot    = 5.297327e-08 Mpc^-2
  f_ridder   = 6.321315e-08 (fraction of total)
  Omega_ridder = 0.000000 (if f ~ Omega_Lambda)
========================================

DEBUG INPUT.C: Just set model_type to 2 (should be 2)

DEBUG: Reading v3 canonical parameters...
  f_eV = 2.000000e+26 eV
  Lambda_EDE = 4.839794e-01 eV, theta_E_center = 0.00, sigma_E = 0.40
  Lambda_tail = 2.300000e-03 eV, alpha_tail = 1.00
BACKGROUND_INIT ENTERED: Lambda=0.00e+00
DEBUG BG_INIT ENTRY: model_type=2
DEBUG AFTER CHECKS: model_type=2 has_ridder=1
RIDDER DEBUG (background_init): has_ridder=1, Lambda_EDE_ridder=0.000000e+00, f_axion_ridder=1.000000e+16, theta_i_ridder=2.800000e+00, beta_ridder=0.000000e+00
BG_INIT: entering background_checks
BG_INIT: background_checks OK
RIDDER FREEZE FLAG (from input): ridder_freeze_phi = 0, force_damping = 1.000e+00
DEBUG SHOOTING CHECK: has_ridder=1, model_type=2 (unified=1), use_shooting_EDE=0
BG_INIT: entering background_solve
BACKGROUND_SOLVE ENTERED: has_ridder=1 Lambda=0.00e+00
RIDDER IC DEBUG: model_type=2 f_for_ic=2.000000e+26 theta_i=2.800000e+00 phi_ini=5.600000e+26
ABOUT TO INTEGRATE: bi_size=7 has_ridder=1 Lambda=0.00e+00
DERIVS_ENTRY: call#=550000 has_ridder=1 Lambda=0.00e+00 a=2.05e-01
BG_INIT: background_solve OK

========================================
RIDDER FINAL STATE (a=1, z=0):
  rho_ridder = 1.714445e-15 Mpc^-2
  rho_tot    = 5.297327e-08 Mpc^-2
  f_ridder   = 3.236435e-08 (fraction of total)
  Omega_ridder = 0.000000 (if f ~ Omega_Lambda)
========================================

DEBUG INPUT.C: Just set model_type to 2 (should be 2)

DEBUG: Reading v3 canonical parameters...
  f_eV = 2.000000e+26 eV
  Lambda_EDE = 4.597245e-01 eV, theta_E_center = 0.00, sigma_E = 0.40
  Lambda_tail = 2.300000e-03 eV, alpha_tail = 1.00
BACKGROUND_INIT ENTERED: Lambda=0.00e+00
DEBUG BG_INIT ENTRY: model_type=2
DEBUG AFTER CHECKS: model_type=2 has_ridder=1
RIDDER DEBUG (background_init): has_ridder=1, Lambda_EDE_ridder=0.000000e+00, f_axion_ridder=1.000000e+16, theta_i_ridder=2.800000e+00, beta_ridder=0.000000e+00
BG_INIT: entering background_checks
BG_INIT: background_checks OK
RIDDER FREEZE FLAG (from input): ridder_freeze_phi = 0, force_damping = 1.000e+00
DEBUG SHOOTING CHECK: has_ridder=1, model_type=2 (unified=1), use_shooting_EDE=0
BG_INIT: entering background_solve
BACKGROUND_SOLVE ENTERED: has_ridder=1 Lambda=0.00e+00
RIDDER IC DEBUG: model_type=2 f_for_ic=2.000000e+26 theta_i=2.800000e+00 phi_ini=5.600000e+26
ABOUT TO INTEGRATE: bi_size=7 has_ridder=1 Lambda=0.00e+00
BG_INIT: background_solve OK

========================================
RIDDER FINAL STATE ([mcmc] Progress @ 2025-11-26 20:19:02 : 3189 steps taken, and 364 accepted.
a=1, z=0):
  rho_ridder = 2.894079e-15 Mpc^-2
  rho_tot    = 5.297327e-08 Mpc^-2
  f_ridder   = 5.463282e-08 (fraction of total)
  Omega_ridder = 0.000000 (if f ~ Omega_Lambda)
========================================

DEBUG INPUT.C: Just set model_type to 2 (should be 2)

DEBUG: Reading v3 canonical parameters...
  f_eV = 2.000000e+26 eV
  Lambda_EDE = 5.116586e-01 eV, theta_E_center = 0.00, sigma_E = 0.40
  Lambda_tail = 2.300000e-03 eV, alpha_tail = 1.00
BACKGROUND_INIT ENTERED: Lambda=0.00e+00
DEBUG BG_INIT ENTRY: model_type=2
DEBUG AFTER CHECKS: model_type=2 has_ridder=1
RIDDER DEBUG (background_init): has_ridder=1, Lambda_EDE_ridder=0.000000e+00, f_axion_ridder=1.000000e+16, theta_i_ridder=2.800000e+00, beta_ridder=0.000000e+00
BG_INIT: entering background_checks
BG_INIT: background_checks OK
RIDDER FREEZE FLAG (from input): ridder_freeze_phi = 0, force_damping = 1.000e+00
DEBUG SHOOTING CHECK: has_ridder=1, model_type=2 (unified=1), use_shooting_EDE=0
BG_INIT: entering background_solve
BACKGROUND_SOLVE ENTERED: has_ridder=1 Lambda=0.00e+00
RIDDER IC DEBUG: model_type=2 f_for_ic=2.000000e+26 theta_i=2.800000e+00 phi_ini=5.600000e+26
ABOUT TO INTEGRATE: bi_size=7 has_ridder=1 Lambda=0.00e+00
DERIVS_ENTRY: call#=555000 has_ridder=1 Lambda=0.00e+00 a=1.11e-05
BG_INIT: background_solve OK

========================================
RIDDER FINAL STATE (a=1, z=0):
  rho_ridder = 3.399463e-15 Mpc^-2
  rho_tot    = 5.297327e-08 Mpc^-2
  f_ridder   = 6.417318e-08 (fraction of total)
  Omega_ridder = 0.000000 (if f ~ Omega_Lambda)
========================================

DEBUG INPUT.C: Just set model_type to 2 (should be 2)

DEBUG: Reading v3 canonical parameters...
  f_eV = 2.000000e+26 eV
  Lambda_EDE = 5.071060e-01 eV, theta_E_center = 0.00, sigma_E = 0.40
  Lambda_tail = 2.300000e-03 eV, alpha_tail = 1.00
BACKGROUND_INIT ENTERED: Lambda=0.00e+00
DEBUG BG_INIT ENTRY: model_type=2
DEBUG AFTER CHECKS: model_type=2 has_ridder=1
RIDDER DEBUG (background_init): has_ridder=1, Lambda_EDE_ridder=0.000000e+00, f_axion_ridder=1.000000e+16, theta_i_ridder=2.800000e+00, beta_ridder=0.000000e+00
BG_INIT: entering background_checks
BG_INIT: background_checks OK
RIDDER FREEZE FLAG (from input): ridder_freeze_phi = 0, force_damping = 1.000e+00
DEBUG SHOOTING CHECK: has_ridder=1, model_type=2 (unified=1), use_shooting_EDE=0
BG_INIT: entering background_solve
BACKGROUND_SOLVE ENTERED: has_ridder=1 Lambda=0.00e+00
RIDDER IC DEBUG: model_type=2 f_for_ic=2.000000e+26 theta_i=2.800000e+00 phi_ini=5.600000e+26
ABOUT TO INTEGRATE: bi_size=7 has_ridder=1 Lambda=0.00e+00
DERIVS_ENTRY: call#=560000 has_ridder=1 Lambda=0.00e+00 a=1.09e-02
BG_INIT: background_solve OK

========================================
RIDDER FINAL STATE (a=1, z=0):
  rho_ridder = 2.770750e-15 Mpc^-2
  rho_tot    = 5.297327e-08 Mpc^-2
  f_ridder   = 5.230468e-08 (fraction of total)
  Omega_ridder = 0.000000 (if f ~ Omega_Lambda)
========================================

DEBUG INPUT.C: Just set model_type to 2 (should be 2)

DEBUG: Reading v3 canonical parameters...
  f_eV = 2.000000e+26 eV
  Lambda_EDE = 5.291815e-01 eV, theta_E_center = 0.00, sigma_E = 0.40
  Lambda_tail = 2.300000e-03 eV, alpha_tail = 1.00
BACKGROUND_INIT ENTERED: Lambda=0.00e+00
DEBUG BG_INIT ENTRY: model_type=2
DEBUG AFTER CHECKS: model_type=2 has_ridder=1
RIDDER DEBUG (background_init): has_ridder=1, Lambda_EDE_ridder=0.000000e+00, f_axion_ridder=1.000000e+16, theta_i_ridder=2.800000e+00, beta_ridder=0.000000e+00
BG_INIT: entering background_checks
BG_INIT: background_checks OK
RIDDER FREEZE FLAG (from input): ridder_freeze_phi = 0, force_damping = 1.000e+00
DEBUG SHOOTING CHECK: has_ridder=1, model_type=2 (unified=1), use_shooting_EDE=0
BG_INIT: entering background_solve
BACKGROUND_SOLVE ENTERED: has_ridder=1 Lambda=0.00e+00
RIDDER IC DEBUG: model_type=2 f_for_ic=2.000000e+26 theta_i=2.800000e+00 phi_ini=5.600000e+26
ABOUT TO INTEGRATE: bi_size=7 has_ridder=1 Lambda=0.00e+00
DERIVS_ENTRY: call#=565000 has_ridder=1 Lambda=0.00e+00 a=9.56e-01
BG_INIT: background_solve OK

===================================[mcmc] Progress @ 2025-11-26 20:20:17 : 3223 steps taken, and 367 accepted.
=====
RIDDER FINAL STATE (a=1, z=0):
  rho_ridder = 2.305989e-15 Mpc^-2
  rho_tot    = 5.297327e-08 Mpc^-2
  f_ridder   = 4.353119e-08 (fraction of total)
  Omega_ridder = 0.000000 (if f ~ Omega_Lambda)
========================================

DEBUG INPUT.C: Just set model_type to 2 (should be 2)

DEBUG: Reading v3 canonical parameters...
  f_eV = 2.000000e+26 eV
  Lambda_EDE = 4.431557e-01 eV, theta_E_center = 0.00, sigma_E = 0.40
  Lambda_tail = 2.300000e-03 eV, alpha_tail = 1.00
BACKGROUND_INIT ENTERED: Lambda=0.00e+00
DEBUG BG_INIT ENTRY: model_type=2
DEBUG AFTER CHECKS: model_type=2 has_ridder=1
RIDDER DEBUG (background_init): has_ridder=1, Lambda_EDE_ridder=0.000000e+00, f_axion_ridder=1.000000e+16, theta_i_ridder=2.800000e+00, beta_ridder=0.000000e+00
BG_INIT: entering background_checks
BG_INIT: background_checks OK
RIDDER FREEZE FLAG (from input): ridder_freeze_phi = 0, force_damping = 1.000e+00
DEBUG SHOOTING CHECK: has_ridder=1, model_type=2 (unified=1), use_shooting_EDE=0
BG_INIT: entering background_solve
BACKGROUND_SOLVE ENTERED: has_ridder=1 Lambda=0.00e+00
RIDDER IC DEBUG: model_type=2 f_for_ic=2.000000e+26 theta_i=2.800000e+00 phi_ini=5.600000e+26
ABOUT TO INTEGRATE: bi_size=7 has_ridder=1 Lambda=0.00e+00
BG_INIT: background_solve OK

========================================
RIDDER FINAL STATE (a=1, z=0):
  rho_ridder = 3.751987e-15 Mpc^-2
  rho_tot    = 5.297327e-08 Mpc^-2
  f_ridder   = 7.082793e-08 (fraction of total)
  Omega_ridder = 0.000000 (if f ~ Omega_Lambda)
========================================

DEBUG INPUT.C: Just set model_type to 2 (should be 2)

DEBUG: Reading v3 canonical parameters...
  f_eV = 2.000000e+26 eV
  Lambda_EDE = 5.116586e-01 eV, theta_E_center = 0.00, sigma_E = 0.40
  Lambda_tail = 2.300000e-03 eV, alpha_tail = 1.00
BACKGROUND_INIT ENTERED: Lambda=0.00e+00
DEBUG BG_INIT ENTRY: model_type=2
DEBUG AFTER CHECKS: model_type=2 has_ridder=1
RIDDER DEBUG (background_init): has_ridder=1, Lambda_EDE_ridder=0.000000e+00, f_axion_ridder=1.000000e+16, theta_i_ridder=2.800000e+00, beta_ridder=0.000000e+00
BG_INIT: entering background_checks
BG_INIT: background_checks OK
RIDDER FREEZE FLAG (from input): ridder_freeze_phi = 0, force_damping = 1.000e+00
DEBUG SHOOTING CHECK: has_ridder=1, model_type=2 (unified=1), use_shooting_EDE=0
BG_INIT: entering background_solve
BACKGROUND_SOLVE ENTERED: has_ridder=1 Lambda=0.00e+00
RIDDER IC DEBUG: model_type=2 f_for_ic=2.000000e+26 theta_i=2.800000e+00 phi_ini=5.600000e+26
ABOUT TO INTEGRATE: bi_size=7 has_ridder=1 Lambda=0.00e+00
DERIVS_ENTRY: call#=570000 has_ridder=1 Lambda=0.00e+00 a=5.38e-04
BG_INIT: background_solve OK

========================================
RIDDER FINAL STATE (a=1, z=0):
  rho_ridder = 3.334196e-15 Mpc^-2
  rho_tot    = 4.965694e-08 Mpc^-2
  f_ridder   = 6.714462e-08 (fraction of total)
  Omega_ridder = 0.000000 (if f ~ Omega_Lambda)
========================================

DEBUG INPUT.C: Just set model_type to 2 (should be 2)

DEBUG: Reading v3 canonical parameters...
  f_eV = 2.000000e+26 eV
  Lambda_EDE = 5.715036e-01 eV, theta_E_center = 0.00, sigma_E = 0.40
  Lambda_tail = 2.300000e-03 eV, alpha_tail = 1.00
BACKGROUND_INIT ENTERED: Lambda=0.00e+00
DEBUG BG_INIT ENTRY: model_type=2
DEBUG AFTER CHECKS: model_type=2 has_ridder=1
RIDDER DEBUG (background_init): has_ridder=1, Lambda_EDE_ridder=0.000000e+00, f_axion_ridder=1.000000e+16, theta_i_ridder=2.800000e+00, beta_ridder=0.000000e+00
BG_INIT: entering background_checks
BG_INIT: background_checks OK
RIDDER FREEZE FLAG (from input): ridder_freeze_phi = 0, force_damping = 1.000e+00
DEBUG SHOOTING CHECK: has_ridder=1, model_type=2 (unified=1), use_shooting_EDE=0
BG_INIT: entering background_solve
BACKGROUND_SOLVE ENTERED: has_ridder=1 Lambda=0.00e+00
RIDDER IC DEBUG: model_type=2 f_for_ic=2.000000e+26 theta_i=2.800000e+00 phi_ini=5.600000e+26
ABOUT TO INTEGRATE: bi_size=7 has_ridder=1 Lambda=0.00e+00
DERIVS_ENTRY: call#=575000 has_ridder=1 Lambda=0.00e+00 a=3.26e-02
BG_INIT: background_solve OK

========================================
RIDDER FINAL STATE (a=1, z=0):
  rh[mcmc] Progress @ 2025-11-26 20:21:17 : 3291 steps taken, and 375 accepted.
o_ridder = 2.322450e-15 Mpc^-2
  rho_tot    = 5.297327e-08 Mpc^-2
  f_ridder   = 4.384192e-08 (fraction of total)
  Omega_ridder = 0.000000 (if f ~ Omega_Lambda)
========================================

DEBUG INPUT.C: Just set model_type to 2 (should be 2)

DEBUG: Reading v3 canonical parameters...
  f_eV = 2.000000e+26 eV
  Lambda_EDE = 5.800195e-01 eV, theta_E_center = 0.00, sigma_E = 0.40
  Lambda_tail = 2.300000e-03 eV, alpha_tail = 1.00
BACKGROUND_INIT ENTERED: Lambda=0.00e+00
DEBUG BG_INIT ENTRY: model_type=2
DEBUG AFTER CHECKS: model_type=2 has_ridder=1
RIDDER DEBUG (background_init): has_ridder=1, Lambda_EDE_ridder=0.000000e+00, f_axion_ridder=1.000000e+16, theta_i_ridder=2.800000e+00, beta_ridder=0.000000e+00
BG_INIT: entering background_checks
BG_INIT: background_checks OK
RIDDER FREEZE FLAG (from input): ridder_freeze_phi = 0, force_damping = 1.000e+00
DEBUG SHOOTING CHECK: has_ridder=1, model_type=2 (unified=1), use_shooting_EDE=0
BG_INIT: entering background_solve
BACKGROUND_SOLVE ENTERED: has_ridder=1 Lambda=0.00e+00
RIDDER IC DEBUG: model_type=2 f_for_ic=2.000000e+26 theta_i=2.800000e+00 phi_ini=5.600000e+26
ABOUT TO INTEGRATE: bi_size=7 has_ridder=1 Lambda=0.00e+00
BG_INIT: background_solve OK

========================================
RIDDER FINAL STATE (a=1, z=0):
  rho_ridder = 2.915301e-15 Mpc^-2
  rho_tot    = 5.297327e-08 Mpc^-2
  f_ridder   = 5.503343e-08 (fraction of total)
  Omega_ridder = 0.000000 (if f ~ Omega_Lambda)
========================================

DEBUG INPUT.C: Just set model_type to 2 (should be 2)

DEBUG: Reading v3 canonical parameters...
  f_eV = 2.000000e+26 eV
  Lambda_EDE = 5.352331e-01 eV, theta_E_center = 0.00, sigma_E = 0.40
  Lambda_tail = 2.300000e-03 eV, alpha_tail = 1.00
BACKGROUND_INIT ENTERED: Lambda=0.00e+00
DEBUG BG_INIT ENTRY: model_type=2
DEBUG AFTER CHECKS: model_type=2 has_ridder=1
RIDDER DEBUG (background_init): has_ridder=1, Lambda_EDE_ridder=0.000000e+00, f_axion_ridder=1.000000e+16, theta_i_ridder=2.800000e+00, beta_ridder=0.000000e+00
BG_INIT: entering background_checks
BG_INIT: background_checks OK
RIDDER FREEZE FLAG (from input): ridder_freeze_phi = 0, force_damping = 1.000e+00
DEBUG SHOOTING CHECK: has_ridder=1, model_type=2 (unified=1), use_shooting_EDE=0
BG_INIT: entering background_solve
BACKGROUND_SOLVE ENTERED: has_ridder=1 Lambda=0.00e+00
RIDDER IC DEBUG: model_type=2 f_for_ic=2.000000e+26 theta_i=2.800000e+00 phi_ini=5.600000e+26
ABOUT TO INTEGRATE: bi_size=7 has_ridder=1 Lambda=0.00e+00
DERIVS_ENTRY: call#=580000 has_ridder=1 Lambda=0.00e+00 a=2.06e-13
BG_INIT: background_solve OK

========================================
RIDDER FINAL STATE (a=1, z=0):
  rho_ridder = 2.083706e-15 Mpc^-2
  rho_tot    = 5.297327e-08 Mpc^-2
  f_ridder   = 3.933504e-08 (fraction of total)
  Omega_ridder = 0.000000 (if f ~ Omega_Lambda)
========================================

DEBUG INPUT.C: Just set model_type to 2 (should be 2)

DEBUG: Reading v3 canonical parameters...
  f_eV = 2.000000e+26 eV
  Lambda_EDE = 4.995366e-01 eV, theta_E_center = 0.00, sigma_E = 0.40
  Lambda_tail = 2.300000e-03 eV, alpha_tail = 1.00
BACKGROUND_INIT ENTERED: Lambda=0.00e+00
DEBUG BG_INIT ENTRY: model_type=2
DEBUG AFTER CHECKS: model_type=2 has_ridder=1
RIDDER DEBUG (background_init): has_ridder=1, Lambda_EDE_ridder=0.000000e+00, f_axion_ridder=1.000000e+16, theta_i_ridder=2.800000e+00, beta_ridder=0.000000e+00
BG_INIT: entering background_checks
BG_INIT: background_checks OK
RIDDER FREEZE FLAG (from input): ridder_freeze_phi = 0, force_damping = 1.000e+00
DEBUG SHOOTING CHECK: has_ridder=1, model_type=2 (unified=1), use_shooting_EDE=0
BG_INIT: entering background_solve
BACKGROUND_SOLVE ENTERED: has_ridder=1 Lambda=0.00e+00
RIDDER IC DEBUG: model_type=2 f_for_ic=2.000000e+26 theta_i=2.800000e+00 phi_ini=5.600000e+26
ABOUT TO INTEGRATE: bi_size=7 has_ridder=1 Lambda=0.00e+00
DERIVS_ENTRY: call#=585000 has_ridder=1 Lambda=0.00e+00 a=7.10e-04
BG_INIT: background_solve OK

========================================
RIDDER FINAL STATE (a=1, z=0):
  rho_ridder = 2.165440e-15 Mpc^-2
  rho_tot [mcmc] Progress @ 2025-11-26 20:22:25 : 3458 steps taken, and 394 accepted.
   = 5.297327e-08 Mpc^-2
  f_ridder   = 4.087798e-08 (fraction of total)
  Omega_ridder = 0.000000 (if f ~ Omega_Lambda)
========================================

DEBUG INPUT.C: Just set model_type to 2 (should be 2)

DEBUG: Reading v3 canonical parameters...
  f_eV = 2.000000e+26 eV
  Lambda_EDE = 5.116586e-01 eV, theta_E_center = 0.00, sigma_E = 0.40
  Lambda_tail = 2.300000e-03 eV, alpha_tail = 1.00
BACKGROUND_INIT ENTERED: Lambda=0.00e+00
DEBUG BG_INIT ENTRY: model_type=2
DEBUG AFTER CHECKS: model_type=2 has_ridder=1
RIDDER DEBUG (background_init): has_ridder=1, Lambda_EDE_ridder=0.000000e+00, f_axion_ridder=1.000000e+16, theta_i_ridder=2.800000e+00, beta_ridder=0.000000e+00
BG_INIT: entering background_checks
BG_INIT: background_checks OK
RIDDER FREEZE FLAG (from input): ridder_freeze_phi = 0, force_damping = 1.000e+00
DEBUG SHOOTING CHECK: has_ridder=1, model_type=2 (unified=1), use_shooting_EDE=0
BG_INIT: entering background_solve
BACKGROUND_SOLVE ENTERED: has_ridder=1 Lambda=0.00e+00
RIDDER IC DEBUG: model_type=2 f_for_ic=2.000000e+26 theta_i=2.800000e+00 phi_ini=5.600000e+26
ABOUT TO INTEGRATE: bi_size=7 has_ridder=1 Lambda=0.00e+00
DERIVS_ENTRY: call#=590000 has_ridder=1 Lambda=0.00e+00 a=1.28e-01
BG_INIT: background_solve OK

========================================
RIDDER FINAL STATE (a=1, z=0):
  rho_ridder = 3.381552e-15 Mpc^-2
  rho_tot    = 5.181356e-08 Mpc^-2
  f_ridder   = 6.526385e-08 (fraction of total)
  Omega_ridder = 0.000000 (if f ~ Omega_Lambda)
========================================

DEBUG INPUT.C: Just set model_type to 2 (should be 2)

DEBUG: Reading v3 canonical parameters...
  f_eV = 2.000000e+26 eV
  Lambda_EDE = 5.320495e-01 eV, theta_E_center = 0.00, sigma_E = 0.40
  Lambda_tail = 2.300000e-03 eV, alpha_tail = 1.00
BACKGROUND_INIT ENTERED: Lambda=0.00e+00
DEBUG BG_INIT ENTRY: model_type=2
DEBUG AFTER CHECKS: model_type=2 has_ridder=1
RIDDER DEBUG (background_init): has_ridder=1, Lambda_EDE_ridder=0.000000e+00, f_axion_ridder=1.000000e+16, theta_i_ridder=2.800000e+00, beta_ridder=0.000000e+00
BG_INIT: entering background_checks
BG_INIT: background_checks OK
RIDDER FREEZE FLAG (from input): ridder_freeze_phi = 0, force_damping = 1.000e+00
DEBUG SHOOTING CHECK: has_ridder=1, model_type=2 (unified=1), use_shooting_EDE=0
BG_INIT: entering background_solve
BACKGROUND_SOLVE ENTERED: has_ridder=1 Lambda=0.00e+00
RIDDER IC DEBUG: model_type=2 f_for_ic=2.000000e+26 theta_i=2.800000e+00 phi_ini=5.600000e+26
ABOUT TO INTEGRATE: bi_size=7 has_ridder=1 Lambda=0.00e+00
BG_INIT: background_solve OK

========================================
RIDDER FINAL STATE (a=1, z=0):
  rho_ridder = 2.212201e-15 Mpc^-2
  rho_tot    = 5.297327e-08 Mpc^-2
  f_ridder   = 4.176070e-08 (fraction of total)
  Omega_ridder = 0.000000 (if f ~ Omega_Lambda)
========================================

DEBUG INPUT.C: Just set model_type to 2 (should be 2)

DEBUG: Reading v3 canonical parameters...
  f_eV = 2.000000e+26 eV
  Lambda_EDE = 5.750643e-01 eV, theta_E_center = 0.00, sigma_E = 0.40
  Lambda_tail = 2.300000e-03 eV, alpha_tail = 1.00
BACKGROUND_INIT ENTERED: Lambda=0.00e+00
DEBUG BG_INIT ENTRY: model_type=2
DEBUG AFTER CHECKS: model_type=2 has_ridder=1
RIDDER DEBUG (background_init): has_ridder=1, Lambda_EDE_ridder=0.000000e+00, f_axion_ridder=1.000000e+16, theta_i_ridder=2.800000e+00, beta_ridder=0.000000e+00
BG_INIT: entering background_checks
BG_INIT: background_checks OK
RIDDER FREEZE FLAG (from input): ridder_freeze_phi = 0, force_damping = 1.000e+00
DEBUG SHOOTING CHECK: has_ridder=1, model_type=2 (unified=1), use_shooting_EDE=0
BG_INIT: entering background_solve
BACKGROUND_SOLVE ENTERED: has_ridder=1 Lambda=0.00e+00
RIDDER IC DEBUG: model_type=2 f_for_ic=2.000000e+26 theta_i=2.800000e+00 phi_ini=5.600000e+26
ABOUT TO INTEGRATE: bi_size=7 has_ridder=1 Lambda=0.00e+00
DERIVS_ENTRY: call#=595000 has_ridder=1 Lambda=0.00e+00 a=5.60e-09
BG_INIT: background_solve OK

========================================
RIDDER FINAL STATE (a=1, z=0):
  rho_ridder = 2.612100e-15 Mpc^-2
  rho_tot    = 5.297327e-08 Mpc^-2
  f_ridder   = 4.930978e-08 (fraction of total)
  Omega_ridder = 0.000000 (if f ~ Omega_Lambda)
========================================

DEBUG INPUT.C: Just set model_type to 2 (should be 2)

DEBUG: Reading v3 canonical parameters...
  f_eV = 2.000000e+26 eV
  Lambda_EDE = 4.369185e-01 eV, theta_E_center = 0.00, sigma_E = 0.40
  Lambda_tail = 2.300000e-03 eV, alpha_tail = 1.00
BACKGROUND_INIT ENTERED: Lambda=0.00e+00
DEBUG BG_INIT ENTRY: model_type=2
DEBUG AFTER CHECKS: model_type=2 has_ridder=1
RIDDER DEBUG (background_init): has_ridder=1, Lambda_EDE_ridder=0.000000e+00, f_axion_ridder=1.000000e+16, theta_i_ridder=2.800000e+00, beta_ridder=0.000000e+00
BG_INIT: entering background_checks
BG_INIT: background_checks OK
RIDDER FREEZE FLAG (from input): ridder_freeze_phi = 0, force_damping = 1.000e+00
DEBUG SHOOTING CHECK: has_ridder=1, model_type=2 (unified=1), use_shooting_EDE=0
BG_INIT: entering background_solve
BACKGROUND_SOLVE ENTERED: has_ridder=1 Lambda=0.00e+00
RIDDER IC DEBUG: model_type=2 f_for_ic=2.000000e+26 theta_i=2.800000e+00 phi_ini=5.600000e+26
ABOUT TO INTEGRATE: bi_size=7 has_ridder=1 Lambda=0.00e+00
DERIVS_ENTRY: call#=600000 has_ridder=1 Lambda=0.00e+00 a=4.99e-03
BG_INIT: background_solve OK

========================================
RIDDER FINAL STATE (a=1, z=0):
  rho_ridder = 3.323118e-15 Mpc^-2
  rho_tot    = 5.297327e-08 Mpc^-2
  f_ridder   = 6.273198e-08 (fraction of total)
  Omega_ridder = 0.000000 (if f ~ Omega_Lambda)
========================================

DEBUG INPUT.C: Just set model_type to 2 (should be 2)

DEBUG: Reading v3 canonical parameters...
  f_eV = 2.000000e+26 eV
  Lambda_EDE = 3.907171e-01 eV, theta_E_center = 0.00, sigma_E = 0.40
  Lambda_tail = 2.300000e-03 eV, alpha_tail = 1.00
BACKGROUND_INIT ENTERED: Lambda=0.00e+00
DEBUG BG_INIT ENTRY: model_type=2
DEBUG AFTER CHECKS: model_type=2 has_ridder=1
RIDDER DEBUG (background_init): has_ridder=1, Lambda_EDE_ridder=0.000000e+00, f_axion_ridder=1.000000e+16, theta_i_ridder=2.800000e+00, beta_ridder=0.000000e+00
BG_INIT: entering background_checks
BG_INIT: background_checks OK
RIDDER FREEZE FLAG (from input): ridder_freeze_phi = 0, force_damping = 1.000e+00
DEBUG SHOOTING CHECK: has_ridder=1, model_type=2 (unified=1), use_shooting_EDE=0
BG_INIT: entering background_solve
BACKGROUND_SOLVE ENTERED: has_ridder=1 Lambda=0.00e+00
RIDDER IC DEBUG: model_type=2 f_for_ic=2.000000e+26 theta_i=2.800000e+00 phi_ini=5.600000e+26
ABOUT TO INTEGRATE: bi_size=7 has_ridder=1 Lambda=0.00e+00
BG_INIT: background_solve OK

========================================
RIDDER FINAL STATE (a=1, z=0):
  rho_ridder = 4.369897e-15 Mpc^-2
  rho_tot    = 5.297327e-08 Mpc^-2
  f_ridder   = 8.249249e-08 (fraction of total)
  Omega_ridder = 0.000000 (if f ~ Omega_Lambda)
========================================

DEBUG INPUT.C: Just set model_type to 2 (should be 2)

DEBUG: Reading v3 canonical parameters...
  f_eV = 2.000000e+26 eV
  Lambda_EDE = 4.149220e-01 eV, theta_E_center = 0.00, sigma_E = 0.40
  Lambda_tail = 2.300000e-03 eV, alpha_tail = 1.00
BACKGROUND_INIT ENTERED: Lambda=0.00e+00
DEBUG BG_INIT ENTRY: model_type=2
DEBUG AFTER CHECKS: model_type=2 has_ridder=1
RIDDER DEBUG (background_init): has_ridder=1, Lambda_EDE_ridder=0.000000e+00, f_axion_ridder=1.000000e+16, theta_i_ridder=2.800000e+00, beta_ridder=0.000000e+00
BG_INIT: entering background_checks
BG_INIT: background_checks OK
RIDDER FREEZE FLAG (from input): ridder_freeze_phi = 0, force_damping = 1.000e+00
DEBUG SHOOTING CHECK: has_ridder=1, model_type=2 (unified=1), use_shooting_EDE=0
BG_INIT: entering background_solve
BACKGROUND_SOLVE ENTERED: has_ridder=1 Lambda=0.00e+00
RIDDER IC DEBUG: model_type=2 f_for_ic=2.000000e+26 theta_i=2.800000e+00 phi_ini=5.600000e+26
ABOUT TO INTEGRATE: bi_size=7 has_ridder=1 Lambda=0.00e+00
DERIVS_ENTRY: call#=605000 has_ridder=1 Lambda=0.00e+00 a=4.29e-13
BG_INIT: background_solve OK

========================================
RIDDER FINAL STATE (a=1, z=0):
  rho_ridder = 2.151507e-15 Mpc^-2
  rho_tot    = 5.297327e-08 Mpc^-2
  f_ridder   = 4.061495e-08 (fraction of total)
  Omega_r[mcmc] Progress @ 2025-11-26 20:23:41 : 3490 steps taken, and 400 accepted.
idder = 0.000000 (if f ~ Omega_Lambda)
========================================

DEBUG INPUT.C: Just set model_type to 2 (should be 2)

DEBUG: Reading v3 canonical parameters...
  f_eV = 2.000000e+26 eV
  Lambda_EDE = 4.401968e-01 eV, theta_E_center = 0.00, sigma_E = 0.40
  Lambda_tail = 2.300000e-03 eV, alpha_tail = 1.00
BACKGROUND_INIT ENTERED: Lambda=0.00e+00
DEBUG BG_INIT ENTRY: model_type=2
DEBUG AFTER CHECKS: model_type=2 has_ridder=1
RIDDER DEBUG (background_init): has_ridder=1, Lambda_EDE_ridder=0.000000e+00, f_axion_ridder=1.000000e+16, theta_i_ridder=2.800000e+00, beta_ridder=0.000000e+00
BG_INIT: entering background_checks
BG_INIT: background_checks OK
RIDDER FREEZE FLAG (from input): ridder_freeze_phi = 0, force_damping = 1.000e+00
DEBUG SHOOTING CHECK: has_ridder=1, model_type=2 (unified=1), use_shooting_EDE=0
BG_INIT: entering background_solve
BACKGROUND_SOLVE ENTERED: has_ridder=1 Lambda=0.00e+00
RIDDER IC DEBUG: model_type=2 f_for_ic=2.000000e+26 theta_i=2.800000e+00 phi_ini=5.600000e+26
ABOUT TO INTEGRATE: bi_size=7 has_ridder=1 Lambda=0.00e+00
DERIVS_ENTRY: call#=610000 has_ridder=1 Lambda=0.00e+00 a=2.43e-03
BG_INIT: background_solve OK

========================================
RIDDER FINAL STATE (a=1, z=0):
  rho_ridder = 3.731496e-15 Mpc^-2
  rho_tot    = 5.297327e-08 Mpc^-2
  f_ridder   = 7.044110e-08 (fraction of total)
  Omega_ridder = 0.000000 (if f ~ Omega_Lambda)
========================================

DEBUG INPUT.C: Just set model_type to 2 (should be 2)

DEBUG: Reading v3 canonical parameters...
  f_eV = 2.000000e+26 eV
  Lambda_EDE = 4.325392e-01 eV, theta_E_center = 0.00, sigma_E = 0.40
  Lambda_tail = 2.300000e-03 eV, alpha_tail = 1.00
BACKGROUND_INIT ENTERED: Lambda=0.00e+00
DEBUG BG_INIT ENTRY: model_type=2
DEBUG AFTER CHECKS: model_type=2 has_ridder=1
RIDDER DEBUG (background_init): has_ridder=1, Lambda_EDE_ridder=0.000000e+00, f_axion_ridder=1.000000e+16, theta_i_ridder=2.800000e+00, beta_ridder=0.000000e+00
BG_INIT: entering background_checks
BG_INIT: background_checks OK
RIDDER FREEZE FLAG (from input): ridder_freeze_phi = 0, force_damping = 1.000e+00
DEBUG SHOOTING CHECK: has_ridder=1, model_type=2 (unified=1), use_shooting_EDE=0
BG_INIT: entering background_solve
BACKGROUND_SOLVE ENTERED: has_ridder=1 Lambda=0.00e+00
RIDDER IC DEBUG: model_type=2 f_for_ic=2.000000e+26 theta_i=2.800000e+00 phi_ini=5.600000e+26
ABOUT TO INTEGRATE: bi_size=7 has_ridder=1 Lambda=0.00e+00
DERIVS_ENTRY: call#=615000 has_ridder=1 Lambda=0.00e+00 a=6.68e-01
BG_INIT: background_solve OK

========================================
RIDDER FINAL STATE (a=1, z=0):
  rho_ridder = 3.487763e-15 Mpc^-2
  rho_tot    = 5.297327e-08 Mpc^-2
  f_ridder   = 6.584005e-08 (fraction of total)
  Omega_ridder = 0.000000 (if f ~ Omega_Lambda)
========================================

DEBUG INPUT.C: Just set model_type to 2 (should be 2)

DEBUG: Reading v3 canonical parameters...
  f_eV = 2.000000e+26 eV
  Lambda_EDE = 4.570655e-01 eV, theta_E_center = 0.00, sigma_E = 0.40
  Lambda_tail = 2.300000e-03 eV, alpha_tail = 1.00
BACKGROUND_INIT ENTERED: Lambda=0.00e+00
DEBUG BG_INIT ENTRY: model_type=2
DEBUG AFTER CHECKS: model_type=2 has_ridder=1
RIDDER DEBUG (background_init): has_ridder=1, Lambda_EDE_ridder=0.000000e+00, f_axion_ridder=1.000000e+16, theta_i_ridder=2.800000e+00, beta_ridder=0.000000e+00
BG_INIT: entering background_checks
BG_INIT: background_checks OK
RIDDER FREEZE FLAG (from input): ridder_freeze_phi = 0, force_damping = 1.000e+00
DEBUG SHOOTING CHECK: has_ridder=1, model_type=2 (unified=1), use_shooting_EDE=0
BG_INIT: entering background_solve
BACKGROUND_SOLVE ENTERED: has_ridder=1 Lambda=0.00e+00
RIDDER IC DEBUG: model_type=2 f_for_ic=2.000000e+26 theta_i=2.800000e+00 phi_ini=5.600000e+26
ABOUT TO INTEGRATE: bi_size=7 has_ridder=1 Lambda=0.00e+00
BG_INIT: background_solve OK

========================================
RIDDER FINAL STATE (a=1, z=0):
  rho_ridder = 3.095589e-15 Mpc^-2
  rho_tot    = 5.297327e-08 Mpc^-2
  f_ridder   = 5.843681e-08 (fraction of total)
  Omega_ridder = 0.000000 (if f ~ Omega_Lambda)
==[mcmc] Progress @ 2025-11-26 20:24:58 : 3547 steps taken, and 408 accepted.
======================================

DEBUG INPUT.C: Just set model_type to 2 (should be 2)

DEBUG: Reading v3 canonical parameters...
  f_eV = 2.000000e+26 eV
  Lambda_EDE = 4.873181e-01 eV, theta_E_center = 0.00, sigma_E = 0.40
  Lambda_tail = 2.300000e-03 eV, alpha_tail = 1.00
BACKGROUND_INIT ENTERED: Lambda=0.00e+00
DEBUG BG_INIT ENTRY: model_type=2
DEBUG AFTER CHECKS: model_type=2 has_ridder=1
RIDDER DEBUG (background_init): has_ridder=1, Lambda_EDE_ridder=0.000000e+00, f_axion_ridder=1.000000e+16, theta_i_ridder=2.800000e+00, beta_ridder=0.000000e+00
BG_INIT: entering background_checks
BG_INIT: background_checks OK
RIDDER FREEZE FLAG (from input): ridder_freeze_phi = 0, force_damping = 1.000e+00
DEBUG SHOOTING CHECK: has_ridder=1, model_type=2 (unified=1), use_shooting_EDE=0
BG_INIT: entering background_solve
BACKGROUND_SOLVE ENTERED: has_ridder=1 Lambda=0.00e+00
RIDDER IC DEBUG: model_type=2 f_for_ic=2.000000e+26 theta_i=2.800000e+00 phi_ini=5.600000e+26
ABOUT TO INTEGRATE: bi_size=7 has_ridder=1 Lambda=0.00e+00
DERIVS_ENTRY: call#=620000 has_ridder=1 Lambda=0.00e+00 a=2.61e-04
BG_INIT: background_solve OK

========================================
RIDDER FINAL STATE (a=1, z=0):
  rho_ridder = 1.626211e-15 Mpc^-2
  rho_tot    = 5.297327e-08 Mpc^-2
  f_ridder   = 3.069872e-08 (fraction of total)
  Omega_ridder = 0.000000 (if f ~ Omega_Lambda)
========================================

DEBUG INPUT.C: Just set model_type to 2 (should be 2)

DEBUG: Reading v3 canonical parameters...
  f_eV = 2.000000e+26 eV
  Lambda_EDE = 5.262767e-01 eV, theta_E_center = 0.00, sigma_E = 0.40
  Lambda_tail = 2.300000e-03 eV, alpha_tail = 1.00
BACKGROUND_INIT ENTERED: Lambda=0.00e+00
DEBUG BG_INIT ENTRY: model_type=2
DEBUG AFTER CHECKS: model_type=2 has_ridder=1
RIDDER DEBUG (background_init): has_ridder=1, Lambda_EDE_ridder=0.000000e+00, f_axion_ridder=1.000000e+16, theta_i_ridder=2.800000e+00, beta_ridder=0.000000e+00
BG_INIT: entering background_checks
BG_INIT: background_checks OK
RIDDER FREEZE FLAG (from input): ridder_freeze_phi = 0, force_damping = 1.000e+00
DEBUG SHOOTING CHECK: has_ridder=1, model_type=2 (unified=1), use_shooting_EDE=0
BG_INIT: entering background_solve
BACKGROUND_SOLVE ENTERED: has_ridder=1 Lambda=0.00e+00
RIDDER IC DEBUG: model_type=2 f_for_ic=2.000000e+26 theta_i=2.800000e+00 phi_ini=5.600000e+26
ABOUT TO INTEGRATE: bi_size=7 has_ridder=1 Lambda=0.00e+00
DERIVS_ENTRY: call#=625000 has_ridder=1 Lambda=0.00e+00 a=3.16e-02
BG_INIT: background_solve OK

========================================
RIDDER FINAL STATE (a=1, z=0):
  rho_ridder = 2.069701e-15 Mpc^-2
  rho_tot    = 5.297327e-08 Mpc^-2
  f_ridder   = 3.907068e-08 (fraction of total)
  Omega_ridder = 0.000000 (if f ~ Omega_Lambda)
========================================

DEBUG INPUT.C: Just set model_type to 2 (should be 2)

DEBUG: Reading v3 canonical parameters...
  f_eV = 2.000000e+26 eV
  Lambda_EDE = 4.382286e-01 eV, theta_E_center = 0.00, sigma_E = 0.40
  Lambda_tail = 2.300000e-03 eV, alpha_tail = 1.00
BACKGROUND_INIT ENTERED: Lambda=0.00e+00
DEBUG BG_INIT ENTRY: model_type=2
DEBUG AFTER CHECKS: model_type=2 has_ridder=1
RIDDER DEBUG (background_init): has_ridder=1, Lambda_EDE_ridder=0.000000e+00, f_axion_ridder=1.000000e+16, theta_i_ridder=2.800000e+00, beta_ridder=0.000000e+00
BG_INIT: entering background_checks
BG_INIT: background_checks OK
RIDDER FREEZE FLAG (from input): ridder_freeze_phi = 0, force_damping = 1.000e+00
DEBUG SHOOTING CHECK: has_ridder=1, model_type=2 (unified=1), use_shooting_EDE=0
BG_INIT: entering background_solve
BACKGROUND_SOLVE ENTERED: has_ridder=1 Lambda=0.00e+00
RIDDER IC DEBUG: model_type=2 f_for_ic=2.000000e+26 theta_i=2.800000e+00 phi_ini=5.600000e+26
ABOUT TO INTEGRATE: bi_size=7 has_ridder=1 Lambda=0.00e+00
BG_INIT: background_solve OK

========================================
RIDDER FINAL STATE (a=1, z=0):
  rho_ridder = 3.524800e-15 Mpc^-2
  rho_tot    = 5.297327e-08 Mpc^-2
  f_ridder   = 6.653922e-08 (fraction of total)
  Omega_ridder = 0.000000 (if f ~ Omega_Lambda)
========================================

D[mcmc] Progress @ 2025-11-26 20:26:00 : 3630 steps taken, and 418 accepted.
EBUG INPUT.C: Just set model_type to 2 (should be 2)

DEBUG: Reading v3 canonical parameters...
  f_eV = 2.000000e+26 eV
  Lambda_EDE = 4.356907e-01 eV, theta_E_center = 0.00, sigma_E = 0.40
  Lambda_tail = 2.300000e-03 eV, alpha_tail = 1.00
BACKGROUND_INIT ENTERED: Lambda=0.00e+00
DEBUG BG_INIT ENTRY: model_type=2
DEBUG AFTER CHECKS: model_type=2 has_ridder=1
RIDDER DEBUG (background_init): has_ridder=1, Lambda_EDE_ridder=0.000000e+00, f_axion_ridder=1.000000e+16, theta_i_ridder=2.800000e+00, beta_ridder=0.000000e+00
BG_INIT: entering background_checks
BG_INIT: background_checks OK
RIDDER FREEZE FLAG (from input): ridder_freeze_phi = 0, force_damping = 1.000e+00
DEBUG SHOOTING CHECK: has_ridder=1, model_type=2 (unified=1), use_shooting_EDE=0
BG_INIT: entering background_solve
BACKGROUND_SOLVE ENTERED: has_ridder=1 Lambda=0.00e+00
RIDDER IC DEBUG: model_type=2 f_for_ic=2.000000e+26 theta_i=2.800000e+00 phi_ini=5.600000e+26
ABOUT TO INTEGRATE: bi_size=7 has_ridder=1 Lambda=0.00e+00
DERIVS_ENTRY: call#=630000 has_ridder=1 Lambda=0.00e+00 a=2.37e-11
BG_INIT: background_solve OK

========================================
RIDDER FINAL STATE (a=1, z=0):
  rho_ridder = 3.392142e-15 Mpc^-2
  rho_tot    = 5.297327e-08 Mpc^-2
  f_ridder   = 6.403496e-08 (fraction of total)
  Omega_ridder = 0.000000 (if f ~ Omega_Lambda)
========================================

DEBUG INPUT.C: Just set model_type to 2 (should be 2)

DEBUG: Reading v3 canonical parameters...
  f_eV = 2.000000e+26 eV
  Lambda_EDE = 4.369185e-01 eV, theta_E_center = 0.00, sigma_E = 0.40
  Lambda_tail = 2.300000e-03 eV, alpha_tail = 1.00
BACKGROUND_INIT ENTERED: Lambda=0.00e+00
DEBUG BG_INIT ENTRY: model_type=2
DEBUG AFTER CHECKS: model_type=2 has_ridder=1
RIDDER DEBUG (background_init): has_ridder=1, Lambda_EDE_ridder=0.000000e+00, f_axion_ridder=1.000000e+16, theta_i_ridder=2.800000e+00, beta_ridder=0.000000e+00
BG_INIT: entering background_checks
BG_INIT: background_checks OK
RIDDER FREEZE FLAG (from input): ridder_freeze_phi = 0, force_damping = 1.000e+00
DEBUG SHOOTING CHECK: has_ridder=1, model_type=2 (unified=1), use_shooting_EDE=0
BG_INIT: entering background_solve
BACKGROUND_SOLVE ENTERED: has_ridder=1 Lambda=0.00e+00
RIDDER IC DEBUG: model_type=2 f_for_ic=2.000000e+26 theta_i=2.800000e+00 phi_ini=5.600000e+26
ABOUT TO INTEGRATE: bi_size=7 has_ridder=1 Lambda=0.00e+00
DERIVS_ENTRY: call#=635000 has_ridder=1 Lambda=0.00e+00 a=4.09e-03
BG_INIT: background_solve OK

========================================
RIDDER FINAL STATE (a=1, z=0):
  rho_ridder = 3.286026e-15 Mpc^-2
  rho_tot    = 5.349135e-08 Mpc^-2
  f_ridder   = 6.143099e-08 (fraction of total)
  Omega_ridder = 0.000000 (if f ~ Omega_Lambda)
========================================

DEBUG INPUT.C: Just set model_type to 2 (should be 2)

DEBUG: Reading v3 canonical parameters...
  f_eV = 2.000000e+26 eV
  Lambda_EDE = 5.629380e-01 eV, theta_E_center = 0.00, sigma_E = 0.40
  Lambda_tail = 2.300000e-03 eV, alpha_tail = 1.00
BACKGROUND_INIT ENTERED: Lambda=0.00e+00
DEBUG BG_INIT ENTRY: model_type=2
DEBUG AFTER CHECKS: model_type=2 has_ridder=1
RIDDER DEBUG (background_init): has_ridder=1, Lambda_EDE_ridder=0.000000e+00, f_axion_ridder=1.000000e+16, theta_i_ridder=2.800000e+00, beta_ridder=0.000000e+00
BG_INIT: entering background_checks
BG_INIT: background_checks OK
RIDDER FREEZE FLAG (from input): ridder_freeze_phi = 0, force_damping = 1.000e+00
DEBUG SHOOTING CHECK: has_ridder=1, model_type=2 (unified=1), use_shooting_EDE=0
BG_INIT: entering background_solve
BACKGROUND_SOLVE ENTERED: has_ridder=1 Lambda=0.00e+00
RIDDER IC DEBUG: model_type=2 f_for_ic=2.000000e+26 theta_i=2.800000e+00 phi_ini=5.600000e+26
ABOUT TO INTEGRATE: bi_size=7 has_ridder=1 Lambda=0.00e+00
DERIVS_ENTRY: call#=640000 has_ridder=1 Lambda=0.00e+00 a=3.22e-01
BG_INIT: background_solve OK

========================================
RIDDER FINAL STATE (a=1, z=0):
  rho_ridder = 1.484611e-15 Mpc^-2
  rho_tot    = 5.297327e-08 Mpc^-2
  f_ridder   = 2.802566e-08 (fraction of total)
  Omega_ridder = 0.000000 (if f ~ Omega_Lambda)
=================[mcmc] Progress @ 2025-11-26 20:27:02 : 3696 steps taken, and 427 accepted.
