[output] Output to be read-from/written-into folder 'chains', with prefix 'planck_only_ede'
[prior] *WARNING* External prior 'SZ' loaded. Mind that it might not be normalized!
[classy] `classy` module loaded successfully from /home/ridderadmin/Ridder-Field/phase2/class/python
[planck_2018_highl_plik.ttteee] `clipy` module loaded successfully from /home/ridderadmin/.local/share/cobaya/data/code/planck/clipy/clipy
----
clipy_0.15
Checking likelihood '/home/ridderadmin/.local/share/cobaya/data/data/planck_2018/baseline/plc_3.0/hi_l/plik/plik_rd12_HM_v22b_TTTEEE.clik' on test data. got -1172.47 expected -1172.47 (diff 4.00569e-06)
----
[planck_2018_lensing.clik] `clipy` module loaded successfully from /home/ridderadmin/.local/share/cobaya/data/code/planck/clipy/clipy
----
clipy_0.15
Checking likelihood '/home/ridderadmin/.local/share/cobaya/data/data/planck_2018/baseline/plc_3.0/lensing/smicadx12_Dec5_ftl_mv2_ndclpp_p_teb_consext8.clik_lensing' on test data. got -4.42102
----
[classy] *WARNING* Requesting BB for ell>50 or lensing Cl's: using a non-linear code is recommended (and you are not using any). To activate it, set 'non_linear: halofit|hmcode|...' in classy's 'extra_args'.
[mcmc] Getting initial point... (this may take a few seconds)
[mcmc] Initial point: logA:3.044, n_s:0.9649, H0:67.5, omega_b:0.02237, omega_cdm:0.12, tau_reio:0.0544, Lambda_EDE_ridder:1, A_planck:0.9983883, calib_100T:0.9984245, calib_217T:0.9981156, A_cib_217:75.94488, xi_sz_cib:0.04001361, A_sz:9.324042, ksz_norm:4.392747, gal545_A_100:2.91345, gal545_A_143:7.57227, gal545_A_143_217:17.75139, gal545_A_217:60.64528, ps_A_100_100:258.0843, ps_A_143_143:39.12984, ps_A_143_217:24.81248, ps_A_217_217:111.7993, galf_TE_A_100:0.1337876, galf_TE_A_100_143:0.2035333, galf_TE_A_100_217:0.5842037, galf_TE_A_143:0.3208662, galf_TE_A_143_217:0.7637897, galf_TE_A_217:2.119152
[model] Measuring speeds... (this may take a few seconds)
[model] Setting measured speeds (per sec): {planck_2018_lowl.TT: 367.0, planck_2018_lowl.EE: 2970.0, planck_2018_highl_plik.TTTEEE: 10.1, planck_2018_lensing.clik: 866.0, classy: 0.118}
[mcmc] Oversampling with factors:
[mcmc] * 1 : ['logA', 'n_s', 'H0', 'omega_b', 'omega_cdm', 'tau_reio', 'Lambda_EDE_ridder']
[mcmc] * 5 : ['A_planck']
[mcmc] * 5 : ['calib_100T', 'calib_217T', 'A_cib_217', 'xi_sz_cib', 'A_sz', 'ksz_norm', 'gal545_A_100', 'gal545_A_143', 'gal545_A_143_217', 'gal545_A_217', 'ps_A_100_100', 'ps_A_143_143', 'ps_A_143_217', 'ps_A_217_217', 'galf_TE_A_100', 'galf_TE_A_100_143', 'galf_TE_A_100_217', 'galf_TE_A_143', 'galf_TE_A_143_217', 'galf_TE_A_217']
[mcmc] Covariance matrix not present. We will start learning the covariance of the proposal earlier: R-1 = 30 (would be 2 if all params loaded).
[mcmc] Sampling! (NB: no accepted step will be saved until 50 burn-in samples have been obtained)
[mcmc] Progress @ 2025-12-01 01:29:19 : 1 steps taken -- still burning in, 201 accepted steps left.
DEBUG: Ridder field ENABLED. Lambda = 1.000000e+00
DEBUG: Ridder field ENABLED. Lambda = 1.000000e+00
BG_FUNC: a=3.50e-13 V=9.71e-02 factor_V=2.45e+58 factor_rho=5.62e-56 rho_eV2=2.38e+57 rho_final=1.34e+02
BG_FUNC: a=1.37e-11 V=9.71e-02 factor_V=2.45e+58 factor_rho=5.62e-56 rho_eV2=2.38e+57 rho_final=1.34e+02
BG_FUNC: a=5.44e-10 V=9.71e-02 factor_V=2.45e+58 factor_rho=5.62e-56 rho_eV2=2.38e+57 rho_final=1.34e+02
BG_FUNC: a=2.16e-08 V=9.71e-02 factor_V=2.45e+58 factor_rho=5.62e-56 rho_eV2=2.38e+57 rho_final=1.34e+02
BG_FUNC: a=8.56e-07 V=9.71e-02 factor_V=2.45e+58 factor_rho=5.62e-56 rho_eV2=2.38e+57 rho_final=1.34e+02
BG_FUNC: a=3.39e-05 V=9.71e-02 factor_V=2.45e+58 factor_rho=5.62e-56 rho_eV2=2.37e+57 rho_final=1.33e+02
RIDDER SWITCHING: z_osc = 4482.82, a_osc = 2.230242e-04
RIDDER IC: k=2.233e+00 coeff=1.734e-12 delta_g=-1.633e-03
RIDDER IC: k=2.812e+00 coeff=6.821e-13 delta_g=-1.633e-03
RIDDER IC: k=3.540e+00 coeff=2.842e-13 delta_g=-1.633e-03
DEBUG: Ridder field ENABLED. Lambda = 9.659932e-01
DEBUG: Ridder field ENABLED. Lambda = 9.659932e-01
BG_FUNC: a=5.39e-14 V=8.46e-02 factor_V=2.45e+58 factor_rho=5.62e-56 rho_eV2=2.07e+57 rho_final=1.16e+02
BG_FUNC: a=2.08e-12 V=8.46e-02 factor_V=2.45e+58 factor_rho=5.62e-56 rho_eV2=2.07e+57 rho_final=1.16e+02
BG_FUNC: a=8.18e-11 V=8.46e-02 factor_V=2.45e+58 factor_rho=5.62e-56 rho_eV2=2.07e+57 rho_final=1.16e+02
BG_FUNC: a=3.24e-09 V=8.46e-02 factor_V=2.45e+58 factor_rho=5.62e-56 rho_eV2=2.07e+57 rho_final=1.16e+02
BG_FUNC: a=1.29e-07 V=8.46e-02 factor_V=2.45e+58 factor_rho=5.62e-56 rho_eV2=2.07e+57 rho_final=1.16e+02
BG_FUNC: a=5.10e-06 V=8.46e-02 factor_V=2.45e+58 factor_rho=5.62e-56 rho_eV2=2.07e+57 rho_final=1.16e+02
BG_FUNC: a=1.99e-04 V=4.43e-02 factor_V=2.45e+58 factor_rho=5.62e-56 rho_eV2=1.39e+57 rho_final=7.83e+01
RIDDER SWITCHING: z_osc = 4286.05, a_osc = 2.332609e-04
DEBUG: Ridder field ENABLED. Lambda = 5.939014e-01
DEBUG: Ridder field ENABLED. Lambda = 5.939014e-01
BG_FUNC: a=2.95e-13 V=1.21e-02 factor_V=2.45e+58 factor_rho=5.62e-56 rho_eV2=2.96e+56 rho_final=1.66e+01
BG_FUNC: a=1.17e-11 V=1.21e-02 factor_V=2.45e+58 factor_rho=5.62e-56 rho_eV2=2.96e+56 rho_final=1.66e+01
BG_FUNC: a=4.67e-10 V=1.21e-02 factor_V=2.45e+58 factor_rho=5.62e-56 rho_eV2=2.96e+56 rho_final=1.66e+01
BG_FUNC: a=1.83e-08 V=1.21e-02 factor_V=2.45e+58 factor_rho=5.62e-56 rho_eV2=2.96e+56 rho_final=1.66e+01
BG_FUNC: a=7.27e-07 V=1.21e-02 factor_V=2.45e+58 factor_rho=5.62e-56 rho_eV2=2.96e+56 rho_final=1.66e+01
BG_FUNC: a=2.88e-05 V=1.21e-02 factor_V=2.45e+58 factor_rho=5.62e-56 rho_eV2=2.96e+56 rho_final=1.66e+01
RIDDER SWITCHING: z_osc = 2430.62, a_osc = 4.112489e-04
DEBUG: Ridder field ENABLED. Lambda = 8.915878e-01
DEBUG: Ridder field ENABLED. Lambda = 8.915878e-01
BG_FUNC: a=2.51e-14 V=6.14e-02 factor_V=2.45e+58 factor_rho=5.62e-56 rho_eV2=1.50e+57 rho_final=8.44e+01
BG_FUNC: a=9.50e-13 V=6.14e-02 factor_V=2.45e+58 factor_rho=5.62e-56 rho_eV2=1.50e+57 rho_final=8.44e+01
BG_FUNC: a=3.79e-11 V=6.14e-02 factor_V=2.45e+58 factor_rho=5.62e-56 rho_eV2=1.50e+57 rho_final=8.44e+01
BG_FUNC: a=1.51e-09 V=6.14e-02 factor_V=2.45e+58 factor_rho=5.62e-56 rho_eV2=1.50e+57 rho_final=8.44e+01
BG_FUNC: a=6.00e-08 V=6.14e-02 factor_V=2.45e+58 factor_rho=5.62e-56 rho_eV2=1.50e+57 rho_final=8.44e+01
BG_FUNC: a=2.39e-06 V=6.14e-02 factor_V=2.45e+58 factor_rho=5.62e-56 rho_eV2=1.50e+57 rho_final=8.44e+01
BG_FUNC: a=9.46e-05 V=5.95e-02 factor_V=2.45e+58 factor_rho=5.62e-56 rho_eV2=1.47e+57 rho_final=8.28e+01
RIDDER SWITCHING: z_osc = 3925.56, a_osc = 2.546760e-04
DEBUG: Ridder field ENABLED. Lambda = 1.000000e+00
DEBUG: Ridder field ENABLED. Lambda = 1.000000e+00
BG_FUNC: a=1.27e-13 V=9.71e-02 factor_V=2.45e+58 factor_rho=5.62e-56 rho_eV2=2.38e+57 rho_final=1.34e+02
BG_FUNC: a=5.04e-12 V=9.71e-02 factor_V=2.45e+58 factor_rho=5.62e-56 rho_eV2=2.38e+57 rho_final=1.34e+02
BG_FUNC: a=2.00e-10 V=9.71e-02 factor_V=2.45e+58 factor_rho=5.62e-56 rho_eV2=2.38e+57 rho_final=1.34e+02
BG_FUNC: a=7.98e-09 V=9.71e-02 factor_V=2.45e+58 factor_rho=5.62e-56 rho_eV2=2.38e+57 rho_final=1.34e+02
BG_FUNC: a=3.14e-07 V=9.71e-02 factor_V=2.45e+58 factor_rho=5.62e-56 rho_eV2=2.38e+57 rho_final=1.34e+02
BG_FUNC: a=1.24e-05 V=9.71e-02 factor_V=2.45e+58 factor_rho=5.62e-56 rho_eV2=2.38e+57 rho_final=1.34e+02
RIDDER SWITCHING: z_osc = 4482.82, a_osc = 2.230242e-04
DEBUG: Ridder field ENABLED. Lambda = 9.871080e-01
DEBUG: Ridder field ENABLED. Lambda = 9.871080e-01
BG_FUNC: a=2.01e-14 V=9.22e-02 factor_V=2.45e+58 factor_rho=5.62e-56 rho_eV2=2.26e+57 rho_final=1.27e+02
BG_FUNC: a=7.58e-13 V=9.22e-02 factor_V=2.45e+58 factor_rho=5.62e-56 rho_eV2=2.26e+57 rho_final=1.27e+02
BG_FUNC: a=3.01e-11 V=9.22e-02 factor_V=2.45e+58 factor_rho=5.62e-56 rho_eV2=2.26e+57 rho_final=1.27e+02
BG_FUNC: a=1.20e-09 V=9.22e-02 factor_V=2.45e+58 factor_rho=5.62e-56 rho_eV2=2.26e+57 rho_final=1.27e+02
BG_FUNC: a=4.77e-08 V=9.22e-02 factor_V=2.45e+58 factor_rho=5.62e-56 rho_eV2=2.26e+57 rho_final=1.27e+02
BG_FUNC: a=1.90e-06 V=9.22e-02 factor_V=2.45e+58 factor_rho=5.62e-56 rho_eV2=2.26e+57 rho_final=1.27e+02
BG_FUNC: a=7.50e-05 V=9.05e-02 factor_V=2.45e+58 factor_rho=5.62e-56 rho_eV2=2.23e+57 rho_final=1.25e+02
RIDDER SWITCHING: z_osc = 4423.32, a_osc = 2.260234e-04
DEBUG: Ridder field ENABLED. Lambda = 9.427393e-01
DEBUG: Ridder field ENABLED. Lambda = 9.427393e-01
BG_FUNC: a=1.13e-13 V=7.67e-02 factor_V=2.45e+58 factor_rho=5.62e-56 rho_eV2=1.88e+57 rho_final=1.05e+02
BG_FUNC: a=4.54e-12 V=7.67e-02 factor_V=2.45e+58 factor_rho=5.62e-56 rho_eV2=1.88e+57 rho_final=1.05e+02
BG_FUNC: a=1.81e-10 V=7.67e-02 factor_V=2.45e+58 factor_rho=5.62e-56 rho_eV2=1.88e+57 rho_final=1.05e+02
BG_FUNC: a=7.25e-09 V=7.67e-02 factor_V=2.45e+58 factor_rho=5.62e-56 rho_eV2=1.88e+57 rho_final=1.05e+02
BG_FUNC: a=2.90e-07 V=7.67e-02 factor_V=2.45e+58 factor_rho=5.62e-56 rho_eV2=1.88e+57 rho_final=1.05e+02
BG_FUNC: a=1.16e-05 V=7.67e-02 factor_V=2.45e+58 factor_rho=5.62e-56 rho_eV2=1.88e+57 rho_final=1.05e+02
RIDDER SWITCHING: z_osc = 4203.70, a_osc = 2.378291e-04
DEBUG: Ridder field ENABLED. Lambda = 9.253921e-01
DEBUG: Ridder field ENABLED. Lambda = 9.253921e-01
BG_FUNC: a=1.76e-14 V=7.12e-02 factor_V=2.45e+58 factor_rho=5.62e-56 rho_eV2=1.74e+57 rho_final=9.79e+01
BG_FUNC: a=6.66e-13 V=7.12e-02 factor_V=2.45e+58 factor_rho=5.62e-56 rho_eV2=1.74e+57 rho_final=9.79e+01
BG_FUNC: a=2.62e-11 V=7.12e-02 factor_V=2.45e+58 factor_rho=5.62e-56 rho_eV2=1.74e+57 rho_final=9.79e+01
BG_FUNC: a=1.04e-09 V=7.12e-02 factor_V=2.45e+58 factor_rho=5.62e-56 rho_eV2=1.74e+57 rho_final=9.79e+01
BG_FUNC: a=4.14e-08 V=7.12e-02 factor_V=2.45e+58 factor_rho=5.62e-56 rho_eV2=1.74e+57 rho_final=9.79e+01
BG_FUNC: a=1.64e-06 V=7.12e-02 factor_V=2.45e+58 factor_rho=5.62e-56 rho_eV2=1.74e+57 rho_final=9.79e+01
BG_FUNC: a=6.49e-05 V=7.06e-02 factor_V=2.45e+58 factor_rho=5.62e-56 rho_eV2=1.73e+57 rho_final=9.74e+01
RIDDER SWITCHING: z_osc = 4088.20, a_osc = 2.445467e-04
DEBUG: Ridder field ENABLED. Lambda = 9.321170e-01
DEBUG: Ridder field ENABLED. Lambda = 9.321170e-01
BG_FUNC: a=9.18e-14 V=7.33e-02 factor_V=2.45e+58 factor_rho=5.62e-56 rho_eV2=1.79e+57 rho_final=1.01e+02
BG_FUNC: a=3.67e-12 V=7.33e-02 factor_V=2.45e+58 factor_rho=5.62e-56 rho_eV2=1.79e+57 rho_final=1.01e+02
BG_FUNC: a=1.48e-10 V=7.33e-02 factor_V=2.45e+58 factor_rho=5.62e-56 rho_eV2=1.79e+57 rho_final=1.01e+02
BG_FUNC: a=5.94e-09 V=7.33e-02 factor_V=2.45e+58 factor_rho=5.62e-56 rho_eV2=1.79e+57 rho_final=1.01e+02
BG_FUNC: a=2.39e-07 V=7.33e-02 factor_V=2.45e+58 factor_rho=5.62e-56 rho_eV2=1.79e+57 rho_final=1.01e+02
BG_FUNC: a=9.62e-06 V=7.33e-02 factor_V=2.45e+58 factor_rho=5.62e-56 rho_eV2=1.79e+57 rho_final=1.01e+02
RIDDER SWITCHING: z_osc = 4121.95, a_osc = 2.425446e-04
DEBUG: Ridder field ENABLED. Lambda = 5.255168e-01
DEBUG: Ridder field ENABLED. Lambda = 5.255168e-01
BG_FUNC: a=1.46e-14 V=7.41e-03 factor_V=2.45e+58 factor_rho=5.62e-56 rho_eV2=1.81e+56 rho_final=1.02e+01
BG_FUNC: a=5.43e-13 V=7.41e-03 factor_V=2.45e+58 factor_rho=5.62e-56 rho_eV2=1.81e+56 rho_final=1.02e+01
BG_FUNC: a=2.18e-11 V=7.41e-03 factor_V=2.45e+58 factor_rho=5.62e-56 rho_eV2=1.81e+56 rho_final=1.02e+01
BG_FUNC: a=8.76e-10 V=7.41e-03 factor_V=2.45e+58 factor_rho=5.62e-56 rho_eV2=1.81e+56 rho[mcmc] Progress @ 2025-12-01 01:30:20 : 87 steps taken -- still burning in, 165 accepted steps left.
_final=1.02e+01
BG_FUNC: a=3.52e-08 V=7.41e-03 factor_V=2.45e+58 factor_rho=5.62e-56 rho_eV2=1.81e+56 rho_final=1.02e+01
BG_FUNC: a=1.41e-06 V=7.41e-03 factor_V=2.45e+58 factor_rho=5.62e-56 rho_eV2=1.81e+56 rho_final=1.02e+01
BG_FUNC: a=5.67e-05 V=7.41e-03 factor_V=2.45e+58 factor_rho=5.62e-56 rho_eV2=1.81e+56 rho_final=1.02e+01
RIDDER SWITCHING: z_osc = 2087.14, a_osc = 4.788960e-04
DEBUG: Ridder field ENABLED. Lambda = 8.553436e-01
DEBUG: Ridder field ENABLED. Lambda = 8.553436e-01
BG_FUNC: a=4.18e-14 V=5.20e-02 factor_V=2.45e+58 factor_rho=5.62e-56 rho_eV2=1.27e+57 rho_final=7.15e+01
BG_FUNC: a=1.59e-12 V=5.20e-02 factor_V=2.45e+58 factor_rho=5.62e-56 rho_eV2=1.27e+57 rho_final=7.15e+01
BG_FUNC: a=6.31e-11 V=5.20e-02 factor_V=2.45e+58 factor_rho=5.62e-56 rho_eV2=1.27e+57 rho_final=7.15e+01
BG_FUNC: a=2.50e-09 V=5.20e-02 factor_V=2.45e+58 factor_rho=5.62e-56 rho_eV2=1.27e+57 rho_final=7.15e+01
BG_FUNC: a=9.92e-08 V=5.20e-02 factor_V=2.45e+58 factor_rho=5.62e-56 rho_eV2=1.27e+57 rho_final=7.15e+01
BG_FUNC: a=3.93e-06 V=5.20e-02 factor_V=2.45e+58 factor_rho=5.62e-56 rho_eV2=1.27e+57 rho_final=7.15e+01
BG_FUNC: a=1.55e-04 V=4.40e-02 factor_V=2.45e+58 factor_rho=5.62e-56 rho_eV2=1.15e+57 rho_final=6.45e+01
RIDDER SWITCHING: z_osc = 3744.90, a_osc = 2.669586e-04
DEBUG: Ridder field ENABLED. Lambda = 9.109545e-01
DEBUG: Ridder field ENABLED. Lambda = 9.109545e-01
BG_FUNC: a=1.99e-13 V=6.69e-02 factor_V=2.45e+58 factor_rho=5.62e-56 rho_eV2=1.64e+57 rho_final=9.20e+01
BG_FUNC: a=7.97e-12 V=6.69e-02 factor_V=2.45e+58 factor_rho=5.62e-56 rho_eV2=1.64e+57 rho_final=9.20e+01
BG_FUNC: a=3.19e-10 V=6.69e-02 factor_V=2.45e+58 factor_rho=5.62e-56 rho_eV2=1.64e+57 rho_final=9.20e+01
BG_FUNC: a=1.28e-08 V=6.69e-02 factor_V=2.45e+58 factor_rho=5.62e-56 rho_eV2=1.64e+57 rho_final=9.20e+01
BG_FUNC: a=5.10e-07 V=6.69e-02 factor_V=2.45e+58 factor_rho=5.62e-56 rho_eV2=1.64e+57 rho_final=9.20e+01
BG_FUNC: a=2.04e-05 V=6.69e-02 factor_V=2.45e+58 factor_rho=5.62e-56 rho_eV2=1.64e+57 rho_final=9.20e+01
RIDDER SWITCHING: z_osc = 4052.28, a_osc = 2.467139e-04
DEBUG: Ridder field ENABLED. Lambda = 1.077775e+00
DEBUG: Ridder field ENABLED. Lambda = 1.077775e+00
BG_FUNC: a=3.00e-14 V=1.31e-01 factor_V=2.45e+58 factor_rho=5.62e-56 rho_eV2=3.21e+57 rho_final=1.80e+02
BG_FUNC: a=1.13e-12 V=1.31e-01 factor_V=2.45e+58 factor_rho=5.62e-56 rho_eV2=3.21e+57 rho_final=1.80e+02
BG_FUNC: a=4.58e-11 V=1.31e-01 factor_V=2.45e+58 factor_rho=5.62e-56 rho_eV2=3.21e+57 rho_final=1.80e+02
BG_FUNC: a=1.82e-09 V=1.31e-01 factor_V=2.45e+58 factor_rho=5.62e-56 rho_eV2=3.21e+57 rho_final=1.80e+02
BG_FUNC: a=7.31e-08 V=1.31e-01 factor_V=2.45e+58 factor_rho=5.62e-56 rho_eV2=3.21e+57 rho_final=1.80e+02
BG_FUNC: a=2.93e-06 V=1.31e-01 factor_V=2.45e+58 factor_rho=5.62e-56 rho_eV2=3.21e+57 rho_final=1.80e+02
BG_FUNC: a=1.17e-04 V=1.13e-01 factor_V=2.45e+58 factor_rho=5.62e-56 rho_eV2=2.93e+57 rho_final=1.65e+02
RIDDER SWITCHING: z_osc = 4892.05, a_osc = 2.043714e-04
DEBUG: Ridder field ENABLED. Lambda = 9.070952e-01
DEBUG: Ridder field ENABLED. Lambda = 9.070952e-01
BG_FUNC: a=1.96e-13 V=6.58e-02 factor_V=2.45e+58 factor_rho=5.62e-56 rho_eV2=1.61e+57 rho_final=9.04e+01
BG_FUNC: a=7.83e-12 V=6.58e-02 factor_V=2.45e+58 factor_rho=5.62e-56 rho_eV2=1.61e+57 rho_final=9.04e+01
BG_FUNC: a=3.12e-10 V=6.58e-02 factor_V=2.45e+58 factor_rho=5.62e-56 rho_eV2=1.61e+57 rho_final=9.04e+01
BG_FUNC: a=1.25e-08 V=6.58e-02 factor_V=2.45e+58 factor_rho=5.62e-56 rho_eV2=1.61e+57 rho_final=9.04e+01
BG_FUNC: a=4.98e-07 V=6.58e-02 factor_V=2.45e+58 factor_rho=5.62e-56 rho_eV2=1.61e+57 rho_final=9.04e+01
BG_FUNC: a=1.99e-05 V=6.58e-02 factor_V=2.45e+58 factor_rho=5.62e-56 rho_eV2=1.61e+57 rho_final=9.04e+01
RIDDER SWITCHING: z_osc = 4002.38, a_osc = 2.497886e-04
DEBUG: Ridder field ENABLED. Lambda = 9.254196e-01
DEBUG: Ridder field ENABLED. Lambda = 9.254196e-01
BG_FUNC: a=2.86e-14 V=7.12e-02 factor_V=2.45e+58 factor_rho=5.62e-56 rho_eV2=1.74e+57 rho_final=9.79e+01
BG_FUNC: a=1.08e-12 V=7.12e-02 factor_V=2.45e+58 factor_rho=5.62e-56 rho_eV2=1.74e+57 rho_final=9.79e+01
BG_FUNC: a=4.31e-11 V=7.12e-02 fact[mcmc] Progress @ 2025-12-01 01:31:20 : 187 steps taken -- still burning in, 136 accepted steps left.
or_V=2.45e+58 factor_rho=5.62e-56 rho_eV2=1.74e+57 rho_final=9.79e+01
BG_FUNC: a=1.72e-09 V=7.12e-02 factor_V=2.45e+58 factor_rho=5.62e-56 rho_eV2=1.74e+57 rho_final=9.79e+01
BG_FUNC: a=6.82e-08 V=7.12e-02 factor_V=2.45e+58 factor_rho=5.62e-56 rho_eV2=1.74e+57 rho_final=9.79e+01
BG_FUNC: a=2.71e-06 V=7.12e-02 factor_V=2.45e+58 factor_rho=5.62e-56 rho_eV2=1.74e+57 rho_final=9.79e+01
BG_FUNC: a=1.08e-04 V=6.71e-02 factor_V=2.45e+58 factor_rho=5.62e-56 rho_eV2=1.68e+57 rho_final=9.44e+01
RIDDER SWITCHING: z_osc = 4087.84, a_osc = 2.445683e-04
DEBUG: Ridder field ENABLED. Lambda = 1.057336e+00
DEBUG: Ridder field ENABLED. Lambda = 1.057336e+00
BG_FUNC: a=1.51e-13 V=1.21e-01 factor_V=2.45e+58 factor_rho=5.62e-56 rho_eV2=2.97e+57 rho_final=1.67e+02
BG_FUNC: a=6.03e-12 V=1.21e-01 factor_V=2.45e+58 factor_rho=5.62e-56 rho_eV2=2.97e+57 rho_final=1.67e+02
BG_FUNC: a=2.41e-10 V=1.21e-01 factor_V=2.45e+58 factor_rho=5.62e-56 rho_eV2=2.97e+57 rho_final=1.67e+02
BG_FUNC: a=9.63e-09 V=1.21e-01 factor_V=2.45e+58 factor_rho=5.62e-56 rho_eV2=2.97e+57 rho_final=1.67e+02
BG_FUNC: a=3.85e-07 V=1.21e-01 factor_V=2.45e+58 factor_rho=5.62e-56 rho_eV2=2.97e+57 rho_final=1.67e+02
BG_FUNC: a=1.54e-05 V=1.21e-01 factor_V=2.45e+58 factor_rho=5.62e-56 rho_eV2=2.97e+57 rho_final=1.67e+02
RIDDER SWITCHING: z_osc = 4756.96, a_osc = 2.101741e-04
DEBUG: Ridder field ENABLED. Lambda = 1.272513e+00
DEBUG: Ridder field ENABLED. Lambda = 1.272513e+00
BG_FUNC: a=2.62e-14 V=2.55e-01 factor_V=2.45e+58 factor_rho=5.62e-56 rho_eV2=6.23e+57 rho_final=3.50e+02
BG_FUNC: a=1.00e-12 V=2.55e-01 factor_V=2.45e+58 factor_rho=5.62e-56 rho_eV2=6.23e+57 rho_final=3.50e+02
BG_FUNC: a=3.96e-11 V=2.55e-01 factor_V=2.45e+58 factor_rho=5.62e-56 rho_eV2=6.23e+57 rho_final=3.50e+02
BG_FUNC: a=1.58e-09 V=2.55e-01 factor_V=2.45e+58 factor_rho=5.62e-56 rho_eV2=6.23e+57 rho_final=3.50e+02
BG_FUNC: a=6.29e-08 V=2.55e-01 factor_V=2.45e+58 factor_rho=5.62e-56 rho_eV2=6.23e+57 rho_final=3.50e+02
BG_FUNC: a=2.51e-06 V=2.55e-01 factor_V=2.45e+58 factor_rho=5.62e-56 rho_eV2=6.23e+57 rho_final=3.50e+02
BG_FUNC: a=9.90e-05 V=2.19e-01 factor_V=2.45e+58 factor_rho=5.62e-56 rho_eV2=5.68e+57 rho_final=3.19e+02
RIDDER SWITCHING: z_osc = 5845.51, a_osc = 1.710423e-04
DEBUG: Ridder field ENABLED. Lambda = 1.037537e+00
DEBUG: Ridder field ENABLED. Lambda = 1.037537e+00
BG_FUNC: a=1.98e-13 V=1.13e-01 factor_V=2.45e+58 factor_rho=5.62e-56 rho_eV2=2.75e+57 rho_final=1.55e+02
BG_FUNC: a=7.92e-12 V=1.13e-01 factor_V=2.45e+58 factor_rho=5.62e-56 rho_eV2=2.75e+57 rho_final=1.55e+02
BG_FUNC: a=3.11e-10 V=1.13e-01 factor_V=2.45e+58 factor_rho=5.62e-56 rho_eV2=2.75e+57 rho_final=1.55e+02
BG_FUNC: a=1.23e-08 V=1.13e-01 factor_V=2.45e+58 factor_rho=5.62e-56 rho_eV2=2.75e+57 rho_final=1.55e+02
BG_FUNC: a=4.93e-07 V=1.13e-01 factor_V=2.45e+58 factor_rho=5.62e-56 rho_eV2=2.75e+57 rho_final=1.55e+02
BG_FUNC: a=1.94e-05 V=1.13e-01 factor_V=2.45e+58 factor_rho=5.62e-56 rho_eV2=2.75e+57 rho_final=1.55e+02
RIDDER SWITCHING: z_osc = 4671.00, a_osc = 2.140410e-04
DEBUG: Ridder field ENABLED. Lambda = 1.214309e+00
DEBUG: Ridder field ENABLED. Lambda = 1.214309e+00
BG_FUNC: a=3.23e-14 V=2.11e-01 factor_V=2.45e+58 factor_rho=5.62e-56 rho_eV2=5.16e+57 rho_final=2.90e+02
BG_FUNC: a=1.22e-12 V=2.11e-01 factor_V=2.45e+58 factor_rho=5.62e-56 rho_eV2=5.16e+57 rho_final=2.90e+02
BG_FUNC: a=4.84e-11 V=2.11e-01 factor_V=2.45e+58 factor_rho=5.62e-56 rho_eV2=5.16e+57 rho_final=2.90e+02
BG_FUNC: a=1.92e-09 V=2.11e-01 factor_V=2.45e+58 factor_rho=5.62e-56 rho_eV2=5.16e+57 rho_final=2.90e+02
BG_FUNC: a=7.63e-08 V=2.11e-01 factor_V=2.45e+58 factor_rho=5.62e-56 rho_eV2=5.16e+57 rho_final=2.90e+02
BG_FUNC: a=3.03e-06 V=2.11e-01 factor_V=2.45e+58 factor_rho=5.62e-56 rho_eV2=5.16e+57 rho_final=2.90e+02
BG_FUNC: a=1.20e-04 V=1.64e-01 factor_V=2.45e+58 factor_rho=5.62e-56 rho_eV2=4.42e+57 rho_final=2.49e+02
RIDDER SWITCHING: z_osc = 5557.83, a_osc = 1.798940e-04
DEBUG: Ridder field ENABLED. Lambda = 9.721807e-01
DEBUG: Ridder field ENABLED. Lambda = 9.721807e-01
BG_FUNC: a=2.31e-13 V=8.68e-02 factor_V=2.45e+58 factor_rho=5.62e-56 rho_eV2=2.12e+57 [mcmc] Progress @ 2025-12-01 01:32:27 : 277 steps taken -- still burning in, 116 accepted steps left.
rho_final=1.19e+02
BG_FUNC: a=9.09e-12 V=8.68e-02 factor_V=2.45e+58 factor_rho=5.62e-56 rho_eV2=2.12e+57 rho_final=1.19e+02
BG_FUNC: a=3.61e-10 V=8.68e-02 factor_V=2.45e+58 factor_rho=5.62e-56 rho_eV2=2.12e+57 rho_final=1.19e+02
BG_FUNC: a=1.43e-08 V=8.68e-02 factor_V=2.45e+58 factor_rho=5.62e-56 rho_eV2=2.12e+57 rho_final=1.19e+02
BG_FUNC: a=5.68e-07 V=8.68e-02 factor_V=2.45e+58 factor_rho=5.62e-56 rho_eV2=2.12e+57 rho_final=1.19e+02
BG_FUNC: a=2.27e-05 V=8.68e-02 factor_V=2.45e+58 factor_rho=5.62e-56 rho_eV2=2.12e+57 rho_final=1.19e+02
RIDDER SWITCHING: z_osc = 4342.71, a_osc = 2.302178e-04
DEBUG: Ridder field ENABLED. Lambda = 1.175137e+00
DEBUG: Ridder field ENABLED. Lambda = 1.175137e+00
BG_FUNC: a=3.49e-14 V=1.85e-01 factor_V=2.45e+58 factor_rho=5.62e-56 rho_eV2=4.53e+57 rho_final=2.55e+02
BG_FUNC: a=1.32e-12 V=1.85e-01 factor_V=2.45e+58 factor_rho=5.62e-56 rho_eV2=4.53e+57 rho_final=2.55e+02
BG_FUNC: a=5.25e-11 V=1.85e-01 factor_V=2.45e+58 factor_rho=5.62e-56 rho_eV2=4.53e+57 rho_final=2.55e+02
BG_FUNC: a=2.08e-09 V=1.85e-01 factor_V=2.45e+58 factor_rho=5.62e-56 rho_eV2=4.53e+57 rho_final=2.55e+02
BG_FUNC: a=8.26e-08 V=1.85e-01 factor_V=2.45e+58 factor_rho=5.62e-56 rho_eV2=4.53e+57 rho_final=2.55e+02
BG_FUNC: a=3.28e-06 V=1.85e-01 factor_V=2.45e+58 factor_rho=5.62e-56 rho_eV2=4.53e+57 rho_final=2.55e+02
BG_FUNC: a=1.28e-04 V=1.38e-01 factor_V=2.45e+58 factor_rho=5.62e-56 rho_eV2=3.79e+57 rho_final=2.13e+02
RIDDER SWITCHING: z_osc = 5380.58, a_osc = 1.858191e-04
DEBUG: Ridder field ENABLED. Lambda = 1.267639e+00
DEBUG: Ridder field ENABLED. Lambda = 1.267639e+00
BG_FUNC: a=2.37e-13 V=2.51e-01 factor_V=2.45e+58 factor_rho=5.62e-56 rho_eV2=6.13e+57 rho_final=3.45e+02
BG_FUNC: a=9.46e-12 V=2.51e-01 factor_V=2.45e+58 factor_rho=5.62e-56 rho_eV2=6.13e+57 rho_final=3.45e+02
BG_FUNC: a=3.72e-10 V=2.51e-01 factor_V=2.45e+58 factor_rho=5.62e-56 rho_eV2=6.13e+57 rho_final=3.45e+02
BG_FUNC: a=1.48e-08 V=2.51e-01 factor_V=2.45e+58 factor_rho=5.62e-56 rho_eV2=6.13e+57 rho_final=3.45e+02
BG_FUNC: a=5.90e-07 V=2.51e-01 factor_V=2.45e+58 factor_rho=5.62e-56 rho_eV2=6.13e+57 rho_final=3.45e+02
BG_FUNC: a=2.32e-05 V=2.51e-01 factor_V=2.45e+58 factor_rho=5.62e-56 rho_eV2=6.13e+57 rho_final=3.45e+02
RIDDER SWITCHING: z_osc = 5816.80, a_osc = 1.718864e-04
DEBUG: Ridder field ENABLED. Lambda = 1.073023e+00
DEBUG: Ridder field ENABLED. Lambda = 1.073023e+00
BG_FUNC: a=4.76e-14 V=1.29e-01 factor_V=2.45e+58 factor_rho=5.62e-56 rho_eV2=3.15e+57 rho_final=1.77e+02
BG_FUNC: a=1.84e-12 V=1.29e-01 factor_V=2.45e+58 factor_rho=5.62e-56 rho_eV2=3.15e+57 rho_final=1.77e+02
BG_FUNC: a=7.25e-11 V=1.29e-01 factor_V=2.45e+58 factor_rho=5.62e-56 rho_eV2=3.15e+57 rho_final=1.77e+02
BG_FUNC: a=2.89e-09 V=1.29e-01 factor_V=2.45e+58 factor_rho=5.62e-56 rho_eV2=3.15e+57 rho_final=1.77e+02
BG_FUNC: a=1.15e-07 V=1.29e-01 factor_V=2.45e+58 factor_rho=5.62e-56 rho_eV2=3.15e+57 rho_final=1.77e+02
BG_FUNC: a=4.57e-06 V=1.29e-01 factor_V=2.45e+58 factor_rho=5.62e-56 rho_eV2=3.15e+57 rho_final=1.77e+02
BG_FUNC: a=1.78e-04 V=6.74e-02 factor_V=2.45e+58 factor_rho=5.62e-56 rho_eV2=2.12e+57 rho_final=1.19e+02
RIDDER SWITCHING: z_osc = 4846.12, a_osc = 2.063081e-04
DEBUG: Ridder field ENABLED. Lambda = 7.797769e-01
DEBUG: Ridder field ENABLED. Lambda = 7.797769e-01
BG_FUNC: a=2.99e-13 V=3.59e-02 factor_V=2.45e+58 factor_rho=5.62e-56 rho_eV2=8.78e+56 rho_final=4.94e+01
BG_FUNC: a=1.19e-11 V=3.59e-02 factor_V=2.45e+58 factor_rho=5.62e-56 rho_eV2=8.78e+56 rho_final=4.94e+01
BG_FUNC: a=4.71e-10 V=3.59e-02 factor_V=2.45e+58 factor_rho=5.62e-56 rho_eV2=8.78e+56 rho_final=4.94e+01
BG_FUNC: a=1.87e-08 V=3.59e-02 factor_V=2.45e+58 factor_rho=5.62e-56 rho_eV2=8.78e+56 rho_final=4.94e+01
BG_FUNC: a=7.50e-07 V=3.59e-02 factor_V=2.45e+58 factor_rho=5.62e-56 rho_eV2=8.78e+56 rho_final=4.94e+01
BG_FUNC: a=2.95e-05 V=3.59e-02 factor_V=2.45e+58 factor_rho=5.62e-56 rho_eV2=8.78e+56 rho_final=4.94e+01
RIDDER SWITCHING: z_osc = 3323.07, a_osc = 3.008357e-04
DEBUG: Ridder field ENABLED. Lambda = 7.801019e-01
DEBUG: Ridder field ENABLED. Lambda = 7.801019e-01
BG_FUNC: a=3.48e-14 V=3.60e-02 factor_V=2.45e+58 factor_rho=5.62e-56 rho_eV2=8.80e+56 rho_final=4.95e+01
BG_FUNC: a=1.32e-12 V=3.60e-02 factor_V=2.45e+58 factor_rho=5.62e-56 rho_eV2=8.80e+56 rho_final=4.95e+01
BG_FUNC: a=5.24e-11 V=3.60e-02 factor_V=2.45e+58 factor_rho=5.62e-56 rho_eV2=8.80e+56 rho_final=4.95e+01
BG_FUNC: a=2.08e-09 V=3.60e-02 factor_V=2.45e+58 factor_rho=5.62e-56 rho_eV2=8.80e+56 rho_final=4.95e+01
BG_FUNC: a=8.25e-08 V=3.60e-02 factor_V=2.45e+58 factor_rho=5.62e-56 rho_eV2=8.80e+56 rho_final=4.95e+01
BG_FUNC: a=3.28e-06 V=3.60e-02 factor_V=2.45e+58 factor_rho=5.62e-56 rho_eV2=8.80e+56 rho_final=4.95e+01
BG_FUNC: a=1.29e-04 V=3.39e-02 factor_V=2.45e+58 factor_rho=5.62e-56 rho_eV2=8.48e+56 rho_final=4.77e+01
RIDDER SWITCHING: z_osc = 3325.59, a_osc = 3.006080e-04
DEBUG: Ridder field ENABLED. Lambda = 7.795926e-01
DEBUG: Ridder field ENABLED. Lambda = 7.795926e-01
BG_FUNC: a=1.49e-13 V=3.59e-02 factor_V=2.45e+58 factor_rho=5.62e-56 rho_eV2=8.77e+56 rho_final=4.93e+01
BG_FUNC: a=5.88e-12 V=3.59e-02 factor_V=2.45e+58 factor_rho=5.62e-56 rho_eV2=8.77e+56 rho_final=4.93e+01
BG_FUNC: a=2.33e-10 V=3.59e-02 factor_V=2.45e+58 factor_rho=5.62e-56 rho_eV2=8.77e+56 rho_final=4.93e+01
BG_FUNC: a=9.27e-09 V=3.59e-02 factor_V=2.45e+58 factor_rho=5.62e-56 rho_eV2=8.77e+56 rho_final=4.93e+01
BG_FUNC: a=3.68e-07 V=3.59e-02 factor_V=2.45e+58 factor_rho=5.62e-56 rho_eV2=8.77e+56 rho_final=4.93e+01
BG_FUNC: a=1.46e-05 V=3.59e-02 factor_V=2.45e+58 factor_rho=5.62e-56 rho_eV2=8.77e+56 rho_final=4.93e+01
RIDDER SWITCHING: z_osc = 3322.17, a_osc = 3.009179e-04
DEBUG: Ridder field ENABLED. Lambda = 7.150754e-01
DEBUG: Ridder field ENABLED. Lambda = 7.150754e-01
BG_FUNC: a=1.74e-14 V=2.54e-02 factor_V=2.45e+58 factor_rho=5.62e-56 rho_eV2=6.21e+56 rho_final=3.49e+01
BG_FUNC: a=6.57e-13 V=2.54e-02 factor_V=2.45e+58 factor_rho=5.62e-56 rho_eV2=6.21e+56 rho_final=3.49e+01
BG_FUNC: a=2.63e-11 V=2.54e-02 factor_V=2.45e+58 factor_rho=5.62e-56 rho_eV2=6.21e+56 rho_final=3.49e+01
BG_FUNC: a=1.05e-09 V=2.54e-02 factor_V=2.45e+58 factor_rho=5.62e-56 rho_eV2=6.21e+56 rho_final=3.49e+01
BG_FUNC: a=4.20e-08 V=2.54e-02 factor_V=2.45e+58 factor_rho=5.62e-56 rho_eV2=6.21e+56 rho_final=3.49e+01
BG_FUNC: a=1.68e-06 V=2.54e-02 factor_V=2.45e+58 factor_rho=5.62e-56 rho_eV2=6.21e+56 rho_final=3.49e+01
BG_FUNC: a=6.75e-05 V=2.53e-02 factor_V=2.45e+58 factor_rho=5.62e-56 rho_eV2=6.20e+56 rho_final=3.48e+01
RIDDER SWITCHING: z_osc = 3005.36, a_osc = 3.326282e-04
DEBUG: Ridder field ENABLED. Lambda = 7.605817e-01
DEBUG: Ridder field ENABLED. Lambda = 7.605817e-01
BG_FUNC: a=7.09e-14 V=3.25e-02 factor_V=2.45e+58 factor_rho=5.62e-56 rho_eV2=7.95e+56 rho_final=4.47e+01
BG_FUNC: a=2.74e-12 V=3.25e-02 factor_V=2.45e+58 factor_rho=5.62e-56 rho_eV2=7.95e+56 rho_final=4.47e+01
BG_FUNC: a=1.09e-10 V=3.25e-02 factor_V=2.45e+58 factor_rho=5.62e-56 rho_eV2=7.95e+56 rho_final=4.47e+01
BG_FUNC: a=4.36e-09 V=3.25e-02 factor_V=2.45e+58 factor_rho=5.62e-56 rho_eV2=7.95e+56 rho_final=4.47e+01
BG_FUNC: a=1.74e-07 V=3.25e-02 factor_V=2.45e+58 factor_rho=5.62e-56 rho_eV2=7.95e+56 rho_final=4.47e+01
BG_FUNC: a=6.93e-06 V=3.25e-02 factor_V=2.45e+58 factor_rho=5.62e-56 rho_eV2=7.95e+56 rho_final=4.47e+01
BG_FUNC: a=2.71e-04 V=1.54e-02 factor_V=2.45e+58 factor_rho=5.62e-56 rho_eV2=5.03e+56 rho_final=2.83e+01
RIDDER SWITCHING: z_osc = 3232.68, a_osc = 3.092449e-04
DEBUG: Ridder field ENABLED. Lambda = 1.008254e+00
DEBUG: Ridder field ENABLED. Lambda = 1.008254e+00
BG_FUNC: a=3.04e-13 V=1.00e-01 factor_V=2.45e+58 factor_rho=5.62e-56 rho_eV2=2.45e+57 rho_final=1.38e+02
BG_FUNC: a=1.21e-11 V=1.00e-01 factor_V=2.45e+58 factor_rho=5.62e-56 rho_eV2=2.45e+57 rho_final=1.38e+02
BG_FUNC: a=4.80e-10 V=1.00e-01 factor_V=2.45e+58 factor_rho=5.62e-56 rho_eV2=2.45e+57 rho_final=1.38e+02
BG_FUNC: a=1.90e-08 V=1.00e-01 factor_V=2.45e+58 factor_rho=5.62e-56 rho_eV2=2.45e+57 rho_final=1.38e+02
BG_FUNC: a=7.57e-07 V=1.00e-01 factor_V=2.45e+58 factor_rho=5.62e-56 rho_eV2=2.45e+57 rho_final=1.38e+02
BG_FUNC: a=3.01e-05 V=1.00e-01 factor_V=2.45e+58 factor_rho=5.62e-56 rho_eV2=2.45e+57 rho_final=1.38e+02
RIDDER SWITCHING: z_osc = 4497.[mcmc] Progress @ 2025-12-01 01:33:36 : 367 steps taken -- still burning in, 97 accepted steps left.
69, a_osc = 2.222867e-04
DEBUG: Ridder field ENABLED. Lambda = 6.817580e-01
DEBUG: Ridder field ENABLED. Lambda = 6.817580e-01
BG_FUNC: a=4.78e-14 V=2.10e-02 factor_V=2.45e+58 factor_rho=5.62e-56 rho_eV2=5.13e+56 rho_final=2.88e+01
BG_FUNC: a=1.83e-12 V=2.10e-02 factor_V=2.45e+58 factor_rho=5.62e-56 rho_eV2=5.13e+56 rho_final=2.88e+01
BG_FUNC: a=7.27e-11 V=2.10e-02 factor_V=2.45e+58 factor_rho=5.62e-56 rho_eV2=5.13e+56 rho_final=2.88e+01
BG_FUNC: a=2.88e-09 V=2.10e-02 factor_V=2.45e+58 factor_rho=5.62e-56 rho_eV2=5.13e+56 rho_final=2.88e+01
BG_FUNC: a=1.15e-07 V=2.10e-02 factor_V=2.45e+58 factor_rho=5.62e-56 rho_eV2=5.13e+56 rho_final=2.88e+01
BG_FUNC: a=4.55e-06 V=2.10e-02 factor_V=2.45e+58 factor_rho=5.62e-56 rho_eV2=5.13e+56 rho_final=2.88e+01
BG_FUNC: a=1.79e-04 V=1.87e-02 factor_V=2.45e+58 factor_rho=5.62e-56 rho_eV2=4.78e+56 rho_final=2.69e+01
RIDDER SWITCHING: z_osc = 2836.48, a_osc = 3.524258e-04
DEBUG: Ridder field ENABLED. Lambda = 5.964292e-01
DEBUG: Ridder field ENABLED. Lambda = 5.964292e-01
BG_FUNC: a=1.74e-13 V=1.23e-02 factor_V=2.45e+58 factor_rho=5.62e-56 rho_eV2=3.01e+56 rho_final=1.69e+01
BG_FUNC: a=7.00e-12 V=1.23e-02 factor_V=2.45e+58 factor_rho=5.62e-56 rho_eV2=3.01e+56 rho_final=1.69e+01
BG_FUNC: a=2.80e-10 V=1.23e-02 factor_V=2.45e+58 factor_rho=5.62e-56 rho_eV2=3.01e+56 rho_final=1.69e+01
BG_FUNC: a=1.12e-08 V=1.23e-02 factor_V=2.45e+58 factor_rho=5.62e-56 rho_eV2=3.01e+56 rho_final=1.69e+01
BG_FUNC: a=4.51e-07 V=1.23e-02 factor_V=2.45e+58 factor_rho=5.62e-56 rho_eV2=3.01e+56 rho_final=1.69e+01
BG_FUNC: a=1.81e-05 V=1.23e-02 factor_V=2.45e+58 factor_rho=5.62e-56 rho_eV2=3.01e+56 rho_final=1.69e+01
RIDDER SWITCHING: z_osc = 2411.46, a_osc = 4.145138e-04
DEBUG: Ridder field ENABLED. Lambda = 4.393959e-01
DEBUG: Ridder field ENABLED. Lambda = 4.393959e-01
BG_FUNC: a=1.58e-14 V=3.62e-03 factor_V=2.45e+58 factor_rho=5.62e-56 rho_eV2=8.85e+55 rho_final=4.98e+00
BG_FUNC: a=5.91e-13 V=3.62e-03 factor_V=2.45e+58 factor_rho=5.62e-56 rho_eV2=8.85e+55 rho_final=4.98e+00
BG_FUNC: a=2.38e-11 V=3.62e-03 factor_V=2.45e+58 factor_rho=5.62e-56 rho_eV2=8.85e+55 rho_final=4.98e+00
BG_FUNC: a=9.59e-10 V=3.62e-03 factor_V=2.45e+58 factor_rho=5.62e-56 rho_eV2=8.85e+55 rho_final=4.98e+00
BG_FUNC: a=3.87e-08 V=3.62e-03 factor_V=2.45e+58 factor_rho=5.62e-56 rho_eV2=8.85e+55 rho_final=4.98e+00
BG_FUNC: a=1.56e-06 V=3.62e-03 factor_V=2.45e+58 factor_rho=5.62e-56 rho_eV2=8.85e+55 rho_final=4.98e+00
BG_FUNC: a=6.27e-05 V=3.62e-03 factor_V=2.45e+58 factor_rho=5.62e-56 rho_eV2=8.85e+55 rho_final=4.98e+00
RIDDER SWITCHING: z_osc = 1642.22, a_osc = 6.085611e-04
DEBUG: Ridder field ENABLED. Lambda = 4.727643e-01
DEBUG: Ridder field ENABLED. Lambda = 4.727643e-01
BG_FUNC: a=3.68e-14 V=4.85e-03 factor_V=2.45e+58 factor_rho=5.62e-56 rho_eV2=1.19e+56 rho_final=6.67e+00
BG_FUNC: a=1.39e-12 V=4.85e-03 factor_V=2.45e+58 factor_rho=5.62e-56 rho_eV2=1.19e+56 rho_final=6.67e+00
BG_FUNC: a=5.43e-11 V=4.85e-03 factor_V=2.45e+58 factor_rho=5.62e-56 rho_eV2=1.19e+56 rho_final=6.67e+00
BG_FUNC: a=2.13e-09 V=4.85e-03 factor_V=2.45e+58 factor_rho=5.62e-56 rho_eV2=1.19e+56 rho_final=6.67e+00
BG_FUNC: a=8.34e-08 V=4.85e-03 factor_V=2.45e+58 factor_rho=5.62e-56 rho_eV2=1.19e+56 rho_final=6.67e+00
BG_FUNC: a=3.25e-06 V=4.85e-03 factor_V=2.45e+58 factor_rho=5.62e-56 rho_eV2=1.19e+56 rho_final=6.67e+00
BG_FUNC: a=1.23e-04 V=4.82e-03 factor_V=2.45e+58 factor_rho=5.62e-56 rho_eV2=1.18e+56 rho_final=6.64e+00
RIDDER SWITCHING: z_osc = 1792.55, a_osc = 5.575536e-04
DEBUG: Ridder field ENABLED. Lambda = 4.237134e-01
DEBUG: Ridder field ENABLED. Lambda = 4.237134e-01
BG_FUNC: a=7.73e-14 V=3.13e-03 factor_V=2.45e+58 factor_rho=5.62e-56 rho_eV2=7.66e+55 rho_final=4.30e+00
BG_FUNC: a=3.01e-12 V=3.13e-03 factor_V=2.45e+58 factor_rho=5.62e-56 rho_eV2=7.66e+55 rho_final=4.30e+00
BG_FUNC: a=1.22e-10 V=3.13e-03 factor_V=2.45e+58 factor_rho=5.62e-56 rho_eV2=7.66e+55 rho_final=4.30e+00
BG_FUNC: a=4.93e-09 V=3.13e-03 factor_V=2.45e+58 factor_rho=5.62e-56 rho_eV2=7.66e+55 rho_final=4.30e+00
BG_FUNC: a=1.99e-07 V=3.13e-03 factor_V=2.45e+58 factor_rho=5.62e-56 rho_eV2=7.66e[mcmc] Progress @ 2025-12-01 01:34:39 : 489 steps taken -- still burning in, 66 accepted steps left.
+55 rho_final=4.30e+00
BG_FUNC: a=8.05e-06 V=3.13e-03 factor_V=2.45e+58 factor_rho=5.62e-56 rho_eV2=7.66e+55 rho_final=4.30e+00
BG_FUNC: a=3.24e-04 V=2.70e-03 factor_V=2.45e+58 factor_rho=5.62e-56 rho_eV2=6.98e+55 rho_final=3.92e+00
RIDDER SWITCHING: z_osc = 1578.58, a_osc = 6.330809e-04
DEBUG: Ridder field ENABLED. Lambda = 6.853374e-01
DEBUG: Ridder field ENABLED. Lambda = 6.853374e-01
BG_FUNC: a=1.76e-13 V=2.14e-02 factor_V=2.45e+58 factor_rho=5.62e-56 rho_eV2=5.24e+56 rho_final=2.95e+01
BG_FUNC: a=6.99e-12 V=2.14e-02 factor_V=2.45e+58 factor_rho=5.62e-56 rho_eV2=5.24e+56 rho_final=2.95e+01
BG_FUNC: a=2.77e-10 V=2.14e-02 factor_V=2.45e+58 factor_rho=5.62e-56 rho_eV2=5.24e+56 rho_final=2.95e+01
BG_FUNC: a=1.10e-08 V=2.14e-02 factor_V=2.45e+58 factor_rho=5.62e-56 rho_eV2=5.24e+56 rho_final=2.95e+01
BG_FUNC: a=4.34e-07 V=2.14e-02 factor_V=2.45e+58 factor_rho=5.62e-56 rho_eV2=5.24e+56 rho_final=2.95e+01
BG_FUNC: a=1.73e-05 V=2.14e-02 factor_V=2.45e+58 factor_rho=5.62e-56 rho_eV2=5.24e+56 rho_final=2.95e+01
RIDDER SWITCHING: z_osc = 2821.30, a_osc = 3.543214e-04
DEBUG: Ridder field ENABLED. Lambda = 7.150049e-01
DEBUG: Ridder field ENABLED. Lambda = 7.150049e-01
BG_FUNC: a=1.74e-14 V=2.54e-02 factor_V=2.45e+58 factor_rho=5.62e-56 rho_eV2=6.21e+56 rho_final=3.49e+01
BG_FUNC: a=6.57e-13 V=2.54e-02 factor_V=2.45e+58 factor_rho=5.62e-56 rho_eV2=6.21e+56 rho_final=3.49e+01
BG_FUNC: a=2.64e-11 V=2.54e-02 factor_V=2.45e+58 factor_rho=5.62e-56 rho_eV2=6.21e+56 rho_final=3.49e+01
BG_FUNC: a=1.06e-09 V=2.54e-02 factor_V=2.45e+58 factor_rho=5.62e-56 rho_eV2=6.21e+56 rho_final=3.49e+01
BG_FUNC: a=4.25e-08 V=2.54e-02 factor_V=2.45e+58 factor_rho=5.62e-56 rho_eV2=6.21e+56 rho_final=3.49e+01
BG_FUNC: a=1.71e-06 V=2.54e-02 factor_V=2.45e+58 factor_rho=5.62e-56 rho_eV2=6.21e+56 rho_final=3.49e+01
BG_FUNC: a=6.90e-05 V=2.53e-02 factor_V=2.45e+58 factor_rho=5.62e-56 rho_eV2=6.19e+56 rho_final=3.48e+01
RIDDER SWITCHING: z_osc = 3016.52, a_osc = 3.313984e-04
DEBUG: Ridder field ENABLED. Lambda = 4.867014e-01
DEBUG: Ridder field ENABLED. Lambda = 4.867014e-01
BG_FUNC: a=7.31e-14 V=5.45e-03 factor_V=2.45e+58 factor_rho=5.62e-56 rho_eV2=1.33e+56 rho_final=7.49e+00
BG_FUNC: a=2.77e-12 V=5.45e-03 factor_V=2.45e+58 factor_rho=5.62e-56 rho_eV2=1.33e+56 rho_final=7.49e+00
BG_FUNC: a=1.09e-10 V=5.45e-03 factor_V=2.45e+58 factor_rho=5.62e-56 rho_eV2=1.33e+56 rho_final=7.49e+00
BG_FUNC: a=4.25e-09 V=5.45e-03 factor_V=2.45e+58 factor_rho=5.62e-56 rho_eV2=1.33e+56 rho_final=7.49e+00
BG_FUNC: a=1.67e-07 V=5.45e-03 factor_V=2.45e+58 factor_rho=5.62e-56 rho_eV2=1.33e+56 rho_final=7.49e+00
BG_FUNC: a=6.49e-06 V=5.45e-03 factor_V=2.45e+58 factor_rho=5.62e-56 rho_eV2=1.33e+56 rho_final=7.49e+00
BG_FUNC: a=2.48e-04 V=4.94e-03 factor_V=2.45e+58 factor_rho=5.62e-56 rho_eV2=1.25e+56 rho_final=7.05e+00
RIDDER SWITCHING: z_osc = 1874.52, a_osc = 5.331853e-04
DEBUG: Ridder field ENABLED. Lambda = 4.174714e-01
DEBUG: Ridder field ENABLED. Lambda = 4.174714e-01
BG_FUNC: a=1.57e-13 V=2.95e-03 factor_V=2.45e+58 factor_rho=5.62e-56 rho_eV2=7.21e+55 rho_final=4.06e+00
BG_FUNC: a=6.16e-12 V=2.95e-03 factor_V=2.45e+58 factor_rho=5.62e-56 rho_eV2=7.21e+55 rho_final=4.06e+00
BG_FUNC: a=2.42e-10 V=2.95e-03 factor_V=2.45e+58 factor_rho=5.62e-56 rho_eV2=7.21e+55 rho_final=4.06e+00
BG_FUNC: a=9.50e-09 V=2.95e-03 factor_V=2.45e+58 factor_rho=5.62e-56 rho_eV2=7.21e+55 rho_final=4.06e+00
BG_FUNC: a=3.73e-07 V=2.95e-03 factor_V=2.45e+58 factor_rho=5.62e-56 rho_eV2=7.21e+55 rho_final=4.06e+00
BG_FUNC: a=1.46e-05 V=2.95e-03 factor_V=2.45e+58 factor_rho=5.62e-56 rho_eV2=7.21e+55 rho_final=4.06e+00
BG_FUNC: a=5.54e-04 V=1.28e-03 factor_V=2.45e+58 factor_rho=5.62e-56 rho_eV2=4.27e+55 rho_final=2.40e+00
RIDDER SWITCHING: z_osc = 1550.63, a_osc = 6.444850e-04
DEBUG: Ridder field ENABLED. Lambda = 4.818279e-01
DEBUG: Ridder field ENABLED. Lambda = 4.818279e-01
BG_FUNC: a=2.99e-13 V=5.24e-03 factor_V=2.45e+58 factor_rho=5.62e-56 rho_eV2=1.28e+56 rho_final=7.20e+00
BG_FUNC: a=1.20e-11 V=5.24e-03 factor_V=2.45e+58 factor_rho=5.62e-56 rho_eV2=1.28e+56 rho_final=7.20e+00
BG_FUNC: a=4.80e-10 V=5.24e-[mcmc] Progress @ 2025-12-01 01:35:39 : 575 steps taken -- still burning in, 43 accepted steps left.
03 factor_V=2.45e+58 factor_rho=5.62e-56 rho_eV2=1.28e+56 rho_final=7.20e+00
BG_FUNC: a=1.92e-08 V=5.24e-03 factor_V=2.45e+58 factor_rho=5.62e-56 rho_eV2=1.28e+56 rho_final=7.20e+00
BG_FUNC: a=7.69e-07 V=5.24e-03 factor_V=2.45e+58 factor_rho=5.62e-56 rho_eV2=1.28e+56 rho_final=7.20e+00
BG_FUNC: a=3.08e-05 V=5.24e-03 factor_V=2.45e+58 factor_rho=5.62e-56 rho_eV2=1.28e+56 rho_final=7.20e+00
RIDDER SWITCHING: z_osc = 1859.93, a_osc = 5.373644e-04
DEBUG: Ridder field ENABLED. Lambda = 4.360418e-01
DEBUG: Ridder field ENABLED. Lambda = 4.360418e-01
BG_FUNC: a=2.04e-14 V=3.51e-03 factor_V=2.45e+58 factor_rho=5.62e-56 rho_eV2=8.59e+55 rho_final=4.83e+00
BG_FUNC: a=7.82e-13 V=3.51e-03 factor_V=2.45e+58 factor_rho=5.62e-56 rho_eV2=8.59e+55 rho_final=4.83e+00
BG_FUNC: a=3.13e-11 V=3.51e-03 factor_V=2.45e+58 factor_rho=5.62e-56 rho_eV2=8.59e+55 rho_final=4.83e+00
BG_FUNC: a=1.27e-09 V=3.51e-03 factor_V=2.45e+58 factor_rho=5.62e-56 rho_eV2=8.59e+55 rho_final=4.83e+00
BG_FUNC: a=5.13e-08 V=3.51e-03 factor_V=2.45e+58 factor_rho=5.62e-56 rho_eV2=8.59e+55 rho_final=4.83e+00
BG_FUNC: a=2.08e-06 V=3.51e-03 factor_V=2.45e+58 factor_rho=5.62e-56 rho_eV2=8.59e+55 rho_final=4.83e+00
BG_FUNC: a=8.41e-05 V=3.51e-03 factor_V=2.45e+58 factor_rho=5.62e-56 rho_eV2=8.58e+55 rho_final=4.82e+00
RIDDER SWITCHING: z_osc = 1625.00, a_osc = 6.150055e-04
DEBUG: Ridder field ENABLED. Lambda = 7.723143e-01
DEBUG: Ridder field ENABLED. Lambda = 7.723143e-01
BG_FUNC: a=4.88e-14 V=3.46e-02 factor_V=2.45e+58 factor_rho=5.62e-56 rho_eV2=8.45e+56 rho_final=4.75e+01
BG_FUNC: a=1.88e-12 V=3.46e-02 factor_V=2.45e+58 factor_rho=5.62e-56 rho_eV2=8.45e+56 rho_final=4.75e+01
BG_FUNC: a=7.56e-11 V=3.46e-02 factor_V=2.45e+58 factor_rho=5.62e-56 rho_eV2=8.45e+56 rho_final=4.75e+01
BG_FUNC: a=3.04e-09 V=3.46e-02 factor_V=2.45e+58 factor_rho=5.62e-56 rho_eV2=8.45e+56 rho_final=4.75e+01
BG_FUNC: a=1.22e-07 V=3.46e-02 factor_V=2.45e+58 factor_rho=5.62e-56 rho_eV2=8.45e+56 rho_final=4.75e+01
BG_FUNC: a=4.90e-06 V=3.46e-02 factor_V=2.45e+58 factor_rho=5.62e-56 rho_eV2=8.45e+56 rho_final=4.75e+01
BG_FUNC: a=1.95e-04 V=2.67e-02 factor_V=2.45e+58 factor_rho=5.62e-56 rho_eV2=7.22e+56 rho_final=4.06e+01
RIDDER SWITCHING: z_osc = 3293.69, a_osc = 3.035187e-04
DEBUG: Ridder field ENABLED. Lambda = 7.727817e-01
DEBUG: Ridder field ENABLED. Lambda = 7.727817e-01
BG_FUNC: a=2.21e-13 V=3.46e-02 factor_V=2.45e+58 factor_rho=5.62e-56 rho_eV2=8.47e+56 rho_final=4.76e+01
BG_FUNC: a=8.75e-12 V=3.46e-02 factor_V=2.45e+58 factor_rho=5.62e-56 rho_eV2=8.47e+56 rho_final=4.76e+01
BG_FUNC: a=3.47e-10 V=3.46e-02 factor_V=2.45e+58 factor_rho=5.62e-56 rho_eV2=8.47e+56 rho_final=4.76e+01
BG_FUNC: a=1.37e-08 V=3.46e-02 factor_V=2.45e+58 factor_rho=5.62e-56 rho_eV2=8.47e+56 rho_final=4.76e+01
BG_FUNC: a=5.45e-07 V=3.46e-02 factor_V=2.45e+58 factor_rho=5.62e-56 rho_eV2=8.47e+56 rho_final=4.76e+01
BG_FUNC: a=2.16e-05 V=3.46e-02 factor_V=2.45e+58 factor_rho=5.62e-56 rho_eV2=8.47e+56 rho_final=4.76e+01
RIDDER SWITCHING: z_osc = 3304.20, a_osc = 3.025540e-04
DEBUG: Ridder field ENABLED. Lambda = 8.111985e-01
DEBUG: Ridder field ENABLED. Lambda = 8.111985e-01
BG_FUNC: a=2.58e-14 V=4.21e-02 factor_V=2.45e+58 factor_rho=5.62e-56 rho_eV2=1.03e+57 rho_final=5.78e+01
BG_FUNC: a=9.62e-13 V=4.21e-02 factor_V=2.45e+58 factor_rho=5.62e-56 rho_eV2=1.03e+57 rho_final=5.78e+01
BG_FUNC: a=3.81e-11 V=4.21e-02 factor_V=2.45e+58 factor_rho=5.62e-56 rho_eV2=1.03e+57 rho_final=5.78e+01
BG_FUNC: a=1.51e-09 V=4.21e-02 factor_V=2.45e+58 factor_rho=5.62e-56 rho_eV2=1.03e+57 rho_final=5.78e+01
BG_FUNC: a=5.98e-08 V=4.21e-02 factor_V=2.45e+58 factor_rho=5.62e-56 rho_eV2=1.03e+57 rho_final=5.78e+01
BG_FUNC: a=2.39e-06 V=4.21e-02 factor_V=2.45e+58 factor_rho=5.62e-56 rho_eV2=1.03e+57 rho_final=5.78e+01
BG_FUNC: a=9.35e-05 V=4.12e-02 factor_V=2.45e+58 factor_rho=5.62e-56 rho_eV2=1.02e+57 rho_final=5.71e+01
RIDDER SWITCHING: z_osc = 3471.51, a_osc = 2.879764e-04
DEBUG: Ridder field ENABLED. Lambda = 9.949857e-01
DEBUG: Ridder field ENABLED. Lambda = 9.949857e-01
BG_FUNC: a=1.12e-13 V=9.52e-02 factor_V=2.45e+58 factor_rho=5.62e-56 rho_eV2=2.[mcmc] Progress @ 2025-12-01 01:36:42 : 706 steps taken -- still burning in, 11 accepted steps left.
33e+57 rho_final=1.31e+02
BG_FUNC: a=4.48e-12 V=9.52e-02 factor_V=2.45e+58 factor_rho=5.62e-56 rho_eV2=2.33e+57 rho_final=1.31e+02
BG_FUNC: a=1.79e-10 V=9.52e-02 factor_V=2.45e+58 factor_rho=5.62e-56 rho_eV2=2.33e+57 rho_final=1.31e+02
BG_FUNC: a=7.17e-09 V=9.52e-02 factor_V=2.45e+58 factor_rho=5.62e-56 rho_eV2=2.33e+57 rho_final=1.31e+02
BG_FUNC: a=2.87e-07 V=9.52e-02 factor_V=2.45e+58 factor_rho=5.62e-56 rho_eV2=2.33e+57 rho_final=1.31e+02
BG_FUNC: a=1.15e-05 V=9.52e-02 factor_V=2.45e+58 factor_rho=5.62e-56 rho_eV2=2.33e+57 rho_final=1.31e+02
RIDDER SWITCHING: z_osc = 4423.90, a_osc = 2.259938e-04
DEBUG: Ridder field ENABLED. Lambda = 2.859462e-01
DEBUG: Ridder field ENABLED. Lambda = 2.859462e-01
BG_FUNC: a=1.84e-14 V=6.49e-04 factor_V=2.45e+58 factor_rho=5.62e-56 rho_eV2=1.59e+55 rho_final=8.93e-01
BG_FUNC: a=6.86e-13 V=6.49e-04 factor_V=2.45e+58 factor_rho=5.62e-56 rho_eV2=1.59e+55 rho_final=8.93e-01
BG_FUNC: a=2.73e-11 V=6.49e-04 factor_V=2.45e+58 factor_rho=5.62e-56 rho_eV2=1.59e+55 rho_final=8.93e-01
BG_FUNC: a=1.09e-09 V=6.49e-04 factor_V=2.45e+58 factor_rho=5.62e-56 rho_eV2=1.59e+55 rho_final=8.93e-01
BG_FUNC: a=4.32e-08 V=6.49e-04 factor_V=2.45e+58 factor_rho=5.62e-56 rho_eV2=1.59e+55 rho_final=8.93e-01
BG_FUNC: a=1.73e-06 V=6.49e-04 factor_V=2.45e+58 factor_rho=5.62e-56 rho_eV2=1.59e+55 rho_final=8.93e-01
BG_FUNC: a=6.82e-05 V=6.49e-04 factor_V=2.45e+58 factor_rho=5.62e-56 rho_eV2=1.59e+55 rho_final=8.93e-01
RIDDER SWITCHING: z_osc = 941.63, a_osc = 1.060858e-03
DEBUG: Ridder field ENABLED. Lambda = 6.891346e-01
DEBUG: Ridder field ENABLED. Lambda = 6.891346e-01
BG_FUNC: a=2.33e-14 V=2.19e-02 factor_V=2.45e+58 factor_rho=5.62e-56 rho_eV2=5.36e+56 rho_final=3.01e+01
BG_FUNC: a=8.72e-13 V=2.19e-02 factor_V=2.45e+58 factor_rho=5.62e-56 rho_eV2=5.36e+56 rho_final=3.01e+01
BG_FUNC: a=3.42e-11 V=2.19e-02 factor_V=2.45e+58 factor_rho=5.62e-56 rho_eV2=5.36e+56 rho_final=3.01e+01
BG_FUNC: a=1.35e-09 V=2.19e-02 factor_V=2.45e+58 factor_rho=5.62e-56 rho_eV2=5.36e+56 rho_final=3.01e+01
BG_FUNC: a=5.25e-08 V=2.19e-02 factor_V=2.45e+58 factor_rho=5.62e-56 rho_eV2=5.36e+56 rho_final=3.01e+01
BG_FUNC: a=2.06e-06 V=2.19e-02 factor_V=2.45e+58 factor_rho=5.62e-56 rho_eV2=5.36e+56 rho_final=3.01e+01
BG_FUNC: a=7.80e-05 V=2.18e-02 factor_V=2.45e+58 factor_rho=5.62e-56 rho_eV2=5.34e+56 rho_final=3.00e+01
RIDDER SWITCHING: z_osc = 2880.47, a_osc = 3.470452e-04
DEBUG: Ridder field ENABLED. Lambda = 6.652142e-01
DEBUG: Ridder field ENABLED. Lambda = 6.652142e-01
BG_FUNC: a=8.00e-14 V=1.90e-02 factor_V=2.45e+58 factor_rho=5.62e-56 rho_eV2=4.65e+56 rho_final=2.61e+01
BG_FUNC: a=3.10e-12 V=1.90e-02 factor_V=2.45e+58 factor_rho=5.62e-56 rho_eV2=4.65e+56 rho_final=2.61e+01
BG_FUNC: a=1.24e-10 V=1.90e-02 factor_V=2.45e+58 factor_rho=5.62e-56 rho_eV2=4.65e+56 rho_final=2.61e+01
BG_FUNC: a=4.95e-09 V=1.90e-02 factor_V=2.45e+58 factor_rho=5.62e-56 rho_eV2=4.65e+56 rho_final=2.61e+01
BG_FUNC: a=1.98e-07 V=1.90e-02 factor_V=2.45e+58 factor_rho=5.62e-56 rho_eV2=4.65e+56 rho_final=2.61e+01
BG_FUNC: a=7.91e-06 V=1.90e-02 factor_V=2.45e+58 factor_rho=5.62e-56 rho_eV2=4.65e+56 rho_final=2.61e+01
BG_FUNC: a=3.10e-04 V=9.41e-03 factor_V=2.45e+58 factor_rho=5.62e-56 rho_eV2=3.01e+56 rho_final=1.69e+01
RIDDER SWITCHING: z_osc = 2744.26, a_osc = 3.642648e-04
DEBUG: Ridder field ENABLED. Lambda = 6.619545e-01
DEBUG: Ridder field ENABLED. Lambda = 6.619545e-01
BG_FUNC: a=2.96e-13 V=1.87e-02 factor_V=2.45e+58 factor_rho=5.62e-56 rho_eV2=4.56e+56 rho_final=2.56e+01
BG_FUNC: a=1.18e-11 V=1.87e-02 factor_V=2.45e+58 factor_rho=5.62e-56 rho_eV2=4.56e+56 rho_final=2.56e+01
BG_FUNC: a=4.67e-10 V=1.87e-02 factor_V=2.45e+58 factor_rho=5.62e-56 rho_eV2=4.56e+56 rho_final=2.56e+01
BG_FUNC: a=1.85e-08 V=1.87e-02 factor_V=2.45e+58 factor_rho=5.62e-56 rho_eV2=4.56e+56 rho_final=2.56e+01
BG_FUNC: a=7.37e-07 V=1.87e-02 factor_V=2.45e+58 factor_rho=5.62e-56 rho_eV2=4.56e+56 rho_final=2.56e+01
BG_FUNC: a=2.93e-05 V=1.87e-02 factor_V=2.45e+58 factor_rho=5.62e-56 rho_eV2=4.56e+56 rho_final=2.56e+01
RIDDER SWITCHING: z_osc = 2747.25, a_osc = 3.638678e-04
DEBUG: Ridder field ENA[mcmc] Finished burn-in phase: discarded 50 accepted steps.
BLED. Lambda = 1.957629e-01
DEBUG: Ridder field ENABLED. Lambda = 1.957629e-01
BG_FUNC: a=2.63e-14 V=1.43e-04 factor_V=2.45e+58 factor_rho=5.62e-56 rho_eV2=3.49e+54 rho_final=1.96e-01
BG_FUNC: a=7.58e-13 V=1.43e-04 factor_V=2.45e+58 factor_rho=5.62e-56 rho_eV2=3.49e+54 rho_final=1.96e-01
BG_FUNC: a=2.32e-11 V=1.43e-04 factor_V=2.45e+58 factor_rho=5.62e-56 rho_eV2=3.49e+54 rho_final=1.96e-01
BG_FUNC: a=7.09e-10 V=1.43e-04 factor_V=2.45e+58 factor_rho=5.62e-56 rho_eV2=3.49e+54 rho_final=1.96e-01
BG_FUNC: a=2.19e-08 V=1.43e-04 factor_V=2.45e+58 factor_rho=5.62e-56 rho_eV2=3.49e+54 rho_final=1.96e-01
BG_FUNC: a=6.64e-07 V=1.43e-04 factor_V=2.45e+58 factor_rho=5.62e-56 rho_eV2=3.49e+54 rho_final=1.96e-01
BG_FUNC: a=2.03e-05 V=1.43e-04 factor_V=2.45e+58 factor_rho=5.62e-56 rho_eV2=3.49e+54 rho_final=1.96e-01
BG_FUNC: a=6.88e-04 V=1.30e-04 factor_V=2.45e+58 factor_rho=5.62e-56 rho_eV2=3.28e+54 rho_final=1.85e-01
RIDDER SWITCHING: z_osc = 572.39, a_osc = 1.744006e-03
DEBUG: Ridder field ENABLED. Lambda = 6.129980e-01
DEBUG: Ridder field ENABLED. Lambda = 6.129980e-01
BG_FUNC: a=1.36e-13 V=1.37e-02 factor_V=2.45e+58 factor_rho=5.62e-56 rho_eV2=3.35e+56 rho_final=1.89e+01
BG_FUNC: a=5.42e-12 V=1.37e-02 factor_V=2.45e+58 factor_rho=5.62e-56 rho_eV2=3.35e+56 rho_final=1.89e+01
BG_FUNC: a=2.17e-10 V=1.37e-02 factor_V=2.45e+58 factor_rho=5.62e-56 rho_eV2=3.35e+56 rho_final=1.89e+01
BG_FUNC: a=8.67e-09 V=1.37e-02 factor_V=2.45e+58 factor_rho=5.62e-56 rho_eV2=3.35e+56 rho_final=1.89e+01
BG_FUNC: a=3.46e-07 V=1.37e-02 factor_V=2.45e+58 factor_rho=5.62e-56 rho_eV2=3.35e+56 rho_final=1.89e+01
BG_FUNC: a=1.39e-05 V=1.37e-02 factor_V=2.45e+58 factor_rho=5.62e-56 rho_eV2=3.35e+56 rho_final=1.89e+01
RIDDER SWITCHING: z_osc = 2508.19, a_osc = 3.985355e-04
DEBUG: Ridder field ENABLED. Lambda = 8.660288e-01
DEBUG: Ridder field ENABLED. Lambda = 8.660288e-01
BG_FUNC: a=1.26e-14 V=5.46e-02 factor_V=2.45e+58 factor_rho=5.62e-56 rho_eV2=1.34e+57 rho_final=7.51e+01
BG_FUNC: a=4.73e-13 V=5.46e-02 factor_V=2.45e+58 factor_rho=5.62e-56 rho_eV2=1.34e+57 rho_final=7.51e+01
BG_FUNC: a=1.89e-11 V=5.46e-02 factor_V=2.45e+58 factor_rho=5.62e-56 rho_eV2=1.34e+57 rho_final=7.51e+01
BG_FUNC: a=7.62e-10 V=5.46e-02 factor_V=2.45e+58 factor_rho=5.62e-56 rho_eV2=1.34e+57 rho_final=7.51e+01
BG_FUNC: a=3.02e-08 V=5.46e-02 factor_V=2.45e+58 factor_rho=5.62e-56 rho_eV2=1.34e+57 rho_final=7.51e+01
BG_FUNC: a=1.21e-06 V=5.46e-02 factor_V=2.45e+58 factor_rho=5.62e-56 rho_eV2=1.34e+57 rho_final=7.51e+01
BG_FUNC: a=4.82e-05 V=5.45e-02 factor_V=2.45e+58 factor_rho=5.62e-56 rho_eV2=1.33e+57 rho_final=7.50e+01
RIDDER SWITCHING: z_osc = 3778.60, a_osc = 2.645781e-04
DEBUG: Ridder field ENABLED. Lambda = 6.735987e-01
DEBUG: Ridder field ENABLED. Lambda = 6.735987e-01
BG_FUNC: a=6.43e-14 V=2.00e-02 factor_V=2.45e+58 factor_rho=5.62e-56 rho_eV2=4.89e+56 rho_final=2.75e+01
BG_FUNC: a=2.46e-12 V=2.00e-02 factor_V=2.45e+58 factor_rho=5.62e-56 rho_eV2=4.89e+56 rho_final=2.75e+01
BG_FUNC: a=9.75e-11 V=2.00e-02 factor_V=2.45e+58 factor_rho=5.62e-56 rho_eV2=4.89e+56 rho_final=2.75e+01
BG_FUNC: a=3.90e-09 V=2.00e-02 factor_V=2.45e+58 factor_rho=5.62e-56 rho_eV2=4.89e+56 rho_final=2.75e+01
BG_FUNC: a=1.53e-07 V=2.00e-02 factor_V=2.45e+58 factor_rho=5.62e-56 rho_eV2=4.89e+56 rho_final=2.75e+01
BG_FUNC: a=6.12e-06 V=2.00e-02 factor_V=2.45e+58 factor_rho=5.62e-56 rho_eV2=4.89e+56 rho_final=2.75e+01
BG_FUNC: a=2.37e-04 V=1.49e-02 factor_V=2.45e+58 factor_rho=5.62e-56 rho_eV2=4.07e+56 rho_final=2.29e+01
RIDDER SWITCHING: z_osc = 2778.59, a_osc = 3.597658e-04
DEBUG: Ridder field ENABLED. Lambda = 3.284414e-01
DEBUG: Ridder field ENABLED. Lambda = 3.284414e-01
BG_FUNC: a=2.23e-13 V=1.13e-03 factor_V=2.45e+58 factor_rho=5.62e-56 rho_eV2=2.76e+55 rho_final=1.55e+00
BG_FUNC: a=8.82e-12 V=1.13e-03 factor_V=2.45e+58 factor_rho=5.62e-56 rho_eV2=2.76e+55 rho_final=1.55e+00
BG_FUNC: a=3.46e-10 V=1.13e-03 factor_V=2.45e+58 factor_rho=5.62e-56 rho_eV2=2.76e+55 rho_final=1.55e+00
BG_FUNC: a=1.35e-08 V=1.13e-03 factor_V=2.45e+58 factor_rho=5.62e-56 rho_eV2=2.76e+55 rho_final=1.55e+00
BG_FUNC: a=5.29e-07 V=1.13[mcmc] Progress @ 2025-12-01 01:37:44 : 781 steps taken, and 6 accepted.
e-03 factor_V=2.45e+58 factor_rho=5.62e-56 rho_eV2=2.76e+55 rho_final=1.55e+00
BG_FUNC: a=2.05e-05 V=1.13e-03 factor_V=2.45e+58 factor_rho=5.62e-56 rho_eV2=2.76e+55 rho_final=1.55e+00
BG_FUNC: a=7.83e-04 V=4.11e-04 factor_V=2.45e+58 factor_rho=5.62e-56 rho_eV2=1.46e+55 rho_final=8.21e-01
RIDDER SWITCHING: z_osc = 1133.05, a_osc = 8.817978e-04
DEBUG: Ridder field ENABLED. Lambda = 6.215262e-01
DEBUG: Ridder field ENABLED. Lambda = 6.215262e-01
BG_FUNC: a=3.11e-13 V=1.45e-02 factor_V=2.45e+58 factor_rho=5.62e-56 rho_eV2=3.54e+56 rho_final=1.99e+01
BG_FUNC: a=1.25e-11 V=1.45e-02 factor_V=2.45e+58 factor_rho=5.62e-56 rho_eV2=3.54e+56 rho_final=1.99e+01
BG_FUNC: a=5.00e-10 V=1.45e-02 factor_V=2.45e+58 factor_rho=5.62e-56 rho_eV2=3.54e+56 rho_final=1.99e+01
BG_FUNC: a=2.00e-08 V=1.45e-02 factor_V=2.45e+58 factor_rho=5.62e-56 rho_eV2=3.54e+56 rho_final=1.99e+01
BG_FUNC: a=8.11e-07 V=1.45e-02 factor_V=2.45e+58 factor_rho=5.62e-56 rho_eV2=3.54e+56 rho_final=1.99e+01
BG_FUNC: a=3.22e-05 V=1.45e-02 factor_V=2.45e+58 factor_rho=5.62e-56 rho_eV2=3.54e+56 rho_final=1.99e+01
RIDDER SWITCHING: z_osc = 2547.86, a_osc = 3.923322e-04
DEBUG: Ridder field ENABLED. Lambda = 6.048930e-01
DEBUG: Ridder field ENABLED. Lambda = 6.048930e-01
BG_FUNC: a=2.96e-14 V=1.30e-02 factor_V=2.45e+58 factor_rho=5.62e-56 rho_eV2=3.18e+56 rho_final=1.79e+01
BG_FUNC: a=1.13e-12 V=1.30e-02 factor_V=2.45e+58 factor_rho=5.62e-56 rho_eV2=3.18e+56 rho_final=1.79e+01
BG_FUNC: a=4.51e-11 V=1.30e-02 factor_V=2.45e+58 factor_rho=5.62e-56 rho_eV2=3.18e+56 rho_final=1.79e+01
BG_FUNC: a=1.80e-09 V=1.30e-02 factor_V=2.45e+58 factor_rho=5.62e-56 rho_eV2=3.18e+56 rho_final=1.79e+01
BG_FUNC: a=7.21e-08 V=1.30e-02 factor_V=2.45e+58 factor_rho=5.62e-56 rho_eV2=3.18e+56 rho_final=1.79e+01
BG_FUNC: a=2.91e-06 V=1.30e-02 factor_V=2.45e+58 factor_rho=5.62e-56 rho_eV2=3.18e+56 rho_final=1.79e+01
BG_FUNC: a=1.16e-04 V=1.28e-02 factor_V=2.45e+58 factor_rho=5.62e-56 rho_eV2=3.15e+56 rho_final=1.77e+01
RIDDER SWITCHING: z_osc = 2450.83, a_osc = 4.078580e-04
DEBUG: Ridder field ENABLED. Lambda = 4.395595e-01
DEBUG: Ridder field ENABLED. Lambda = 4.395595e-01
BG_FUNC: a=9.51e-14 V=3.63e-03 factor_V=2.45e+58 factor_rho=5.62e-56 rho_eV2=8.87e+55 rho_final=4.99e+00
BG_FUNC: a=3.72e-12 V=3.63e-03 factor_V=2.45e+58 factor_rho=5.62e-56 rho_eV2=8.87e+55 rho_final=4.99e+00
BG_FUNC: a=1.46e-10 V=3.63e-03 factor_V=2.45e+58 factor_rho=5.62e-56 rho_eV2=8.87e+55 rho_final=4.99e+00
BG_FUNC: a=5.74e-09 V=3.63e-03 factor_V=2.45e+58 factor_rho=5.62e-56 rho_eV2=8.87e+55 rho_final=4.99e+00
BG_FUNC: a=2.25e-07 V=3.63e-03 factor_V=2.45e+58 factor_rho=5.62e-56 rho_eV2=8.87e+55 rho_final=4.99e+00
BG_FUNC: a=8.84e-06 V=3.63e-03 factor_V=2.45e+58 factor_rho=5.62e-56 rho_eV2=8.87e+55 rho_final=4.99e+00
BG_FUNC: a=3.39e-04 V=2.97e-03 factor_V=2.45e+58 factor_rho=5.62e-56 rho_eV2=7.82e+55 rho_final=4.40e+00
RIDDER SWITCHING: z_osc = 1657.42, a_osc = 6.029851e-04
DEBUG: Ridder field ENABLED. Lambda = 5.911329e-01
DEBUG: Ridder field ENABLED. Lambda = 5.911329e-01
BG_FUNC: a=1.95e-13 V=1.19e-02 factor_V=2.45e+58 factor_rho=5.62e-56 rho_eV2=2.90e+56 rho_final=1.63e+01
BG_FUNC: a=7.71e-12 V=1.19e-02 factor_V=2.45e+58 factor_rho=5.62e-56 rho_eV2=2.90e+56 rho_final=1.63e+01
BG_FUNC: a=3.08e-10 V=1.19e-02 factor_V=2.45e+58 factor_rho=5.62e-56 rho_eV2=2.90e+56 rho_final=1.63e+01
BG_FUNC: a=1.23e-08 V=1.19e-02 factor_V=2.45e+58 factor_rho=5.62e-56 rho_eV2=2.90e+56 rho_final=1.63e+01
BG_FUNC: a=4.93e-07 V=1.19e-02 factor_V=2.45e+58 factor_rho=5.62e-56 rho_eV2=2.90e+56 rho_final=1.63e+01
BG_FUNC: a=1.97e-05 V=1.19e-02 factor_V=2.45e+58 factor_rho=5.62e-56 rho_eV2=2.90e+56 rho_final=1.63e+01
RIDDER SWITCHING: z_osc = 2389.03, a_osc = 4.184047e-04
DEBUG: Ridder field ENABLED. Lambda = 5.014200e-01
DEBUG: Ridder field ENABLED. Lambda = 5.014200e-01
BG_FUNC: a=1.70e-14 V=6.14e-03 factor_V=2.45e+58 factor_rho=5.62e-56 rho_eV2=1.50e+56 rho_final=8.44e+00
BG_FUNC: a=6.34e-13 V=6.14e-03 factor_V=2.45e+58 factor_rho=5.62e-56 rho_eV2=1.50e+56 rho_final=8.44e+00
BG_FUNC: a=2.49e-11 V=6.14e-03 factor_V=2.45e+58 factor_rho=5.62e-56 rho_eV2=[mcmc] Progress @ 2025-12-01 01:38:45 : 869 steps taken, and 22 accepted.
1.50e+56 rho_final=8.44e+00
BG_FUNC: a=9.79e-10 V=6.14e-03 factor_V=2.45e+58 factor_rho=5.62e-56 rho_eV2=1.50e+56 rho_final=8.44e+00
BG_FUNC: a=3.85e-08 V=6.14e-03 factor_V=2.45e+58 factor_rho=5.62e-56 rho_eV2=1.50e+56 rho_final=8.44e+00
BG_FUNC: a=1.51e-06 V=6.14e-03 factor_V=2.45e+58 factor_rho=5.62e-56 rho_eV2=1.50e+56 rho_final=8.44e+00
BG_FUNC: a=5.87e-05 V=6.14e-03 factor_V=2.45e+58 factor_rho=5.62e-56 rho_eV2=1.50e+56 rho_final=8.44e+00
RIDDER SWITCHING: z_osc = 1942.26, a_osc = 5.145999e-04
DEBUG: Ridder field ENABLED. Lambda = 5.624375e-01
DEBUG: Ridder field ENABLED. Lambda = 5.624375e-01
BG_FUNC: a=4.01e-14 V=9.72e-03 factor_V=2.45e+58 factor_rho=5.62e-56 rho_eV2=2.38e+56 rho_final=1.34e+01
BG_FUNC: a=1.54e-12 V=9.72e-03 factor_V=2.45e+58 factor_rho=5.62e-56 rho_eV2=2.38e+56 rho_final=1.34e+01
BG_FUNC: a=6.15e-11 V=9.72e-03 factor_V=2.45e+58 factor_rho=5.62e-56 rho_eV2=2.38e+56 rho_final=1.34e+01
BG_FUNC: a=2.48e-09 V=9.72e-03 factor_V=2.45e+58 factor_rho=5.62e-56 rho_eV2=2.38e+56 rho_final=1.34e+01
BG_FUNC: a=9.84e-08 V=9.72e-03 factor_V=2.45e+58 factor_rho=5.62e-56 rho_eV2=2.38e+56 rho_final=1.34e+01
BG_FUNC: a=3.94e-06 V=9.72e-03 factor_V=2.45e+58 factor_rho=5.62e-56 rho_eV2=2.38e+56 rho_final=1.34e+01
BG_FUNC: a=1.57e-04 V=9.40e-03 factor_V=2.45e+58 factor_rho=5.62e-56 rho_eV2=2.33e+56 rho_final=1.31e+01
RIDDER SWITCHING: z_osc = 2245.95, a_osc = 4.450473e-04
DEBUG: Ridder field ENABLED. Lambda = 8.119496e-01
DEBUG: Ridder field ENABLED. Lambda = 8.119496e-01
BG_FUNC: a=1.21e-13 V=4.22e-02 factor_V=2.45e+58 factor_rho=5.62e-56 rho_eV2=1.03e+57 rho_final=5.80e+01
BG_FUNC: a=4.79e-12 V=4.22e-02 factor_V=2.45e+58 factor_rho=5.62e-56 rho_eV2=1.03e+57 rho_final=5.80e+01
BG_FUNC: a=1.90e-10 V=4.22e-02 factor_V=2.45e+58 factor_rho=5.62e-56 rho_eV2=1.03e+57 rho_final=5.80e+01
BG_FUNC: a=7.55e-09 V=4.22e-02 factor_V=2.45e+58 factor_rho=5.62e-56 rho_eV2=1.03e+57 rho_final=5.80e+01
BG_FUNC: a=2.99e-07 V=4.22e-02 factor_V=2.45e+58 factor_rho=5.62e-56 rho_eV2=1.03e+57 rho_final=5.80e+01
BG_FUNC: a=1.19e-05 V=4.22e-02 factor_V=2.45e+58 factor_rho=5.62e-56 rho_eV2=1.03e+57 rho_final=5.80e+01
RIDDER SWITCHING: z_osc = 3507.31, a_osc = 2.850375e-04
DEBUG: Ridder field ENABLED. Lambda = 5.494746e-01
DEBUG: Ridder field ENABLED. Lambda = 5.494746e-01
BG_FUNC: a=1.51e-14 V=8.86e-03 factor_V=2.45e+58 factor_rho=5.62e-56 rho_eV2=2.17e+56 rho_final=1.22e+01
BG_FUNC: a=5.63e-13 V=8.86e-03 factor_V=2.45e+58 factor_rho=5.62e-56 rho_eV2=2.17e+56 rho_final=1.22e+01
BG_FUNC: a=2.23e-11 V=8.86e-03 factor_V=2.45e+58 factor_rho=5.62e-56 rho_eV2=2.17e+56 rho_final=1.22e+01
BG_FUNC: a=8.88e-10 V=8.86e-03 factor_V=2.45e+58 factor_rho=5.62e-56 rho_eV2=2.17e+56 rho_final=1.22e+01
BG_FUNC: a=3.53e-08 V=8.86e-03 factor_V=2.45e+58 factor_rho=5.62e-56 rho_eV2=2.17e+56 rho_final=1.22e+01
BG_FUNC: a=1.40e-06 V=8.86e-03 factor_V=2.45e+58 factor_rho=5.62e-56 rho_eV2=2.17e+56 rho_final=1.22e+01
BG_FUNC: a=5.55e-05 V=8.85e-03 factor_V=2.45e+58 factor_rho=5.62e-56 rho_eV2=2.16e+56 rho_final=1.22e+01
RIDDER SWITCHING: z_osc = 2160.56, a_osc = 4.626280e-04
DEBUG: Ridder field ENABLED. Lambda = 6.173842e-01
DEBUG: Ridder field ENABLED. Lambda = 6.173842e-01
BG_FUNC: a=4.28e-14 V=1.41e-02 factor_V=2.45e+58 factor_rho=5.62e-56 rho_eV2=3.45e+56 rho_final=1.94e+01
BG_FUNC: a=1.64e-12 V=1.41e-02 factor_V=2.45e+58 factor_rho=5.62e-56 rho_eV2=3.45e+56 rho_final=1.94e+01
BG_FUNC: a=6.55e-11 V=1.41e-02 factor_V=2.45e+58 factor_rho=5.62e-56 rho_eV2=3.45e+56 rho_final=1.94e+01
BG_FUNC: a=2.61e-09 V=1.41e-02 factor_V=2.45e+58 factor_rho=5.62e-56 rho_eV2=3.45e+56 rho_final=1.94e+01
BG_FUNC: a=1.04e-07 V=1.41e-02 factor_V=2.45e+58 factor_rho=5.62e-56 rho_eV2=3.45e+56 rho_final=1.94e+01
BG_FUNC: a=4.17e-06 V=1.41e-02 factor_V=2.45e+58 factor_rho=5.62e-56 rho_eV2=3.45e+56 rho_final=1.94e+01
BG_FUNC: a=1.66e-04 V=1.33e-02 factor_V=2.45e+58 factor_rho=5.62e-56 rho_eV2=3.33e+56 rho_final=1.87e+01
RIDDER SWITCHING: z_osc = 2535.72, a_osc = 3.942094e-04
DEBUG: Ridder field ENABLED. Lambda = 9.813854e-01
DEBUG: Ridder field ENABLED. Lambda = 9.813854e-01
BG_FUNC: a=1.44e-13 V=9[mcmc] Progress @ 2025-12-01 01:39:50 : 978 steps taken, and 36 accepted.
.01e-02 factor_V=2.45e+58 factor_rho=5.62e-56 rho_eV2=2.20e+57 rho_final=1.24e+02
BG_FUNC: a=5.69e-12 V=9.01e-02 factor_V=2.45e+58 factor_rho=5.62e-56 rho_eV2=2.20e+57 rho_final=1.24e+02
BG_FUNC: a=2.25e-10 V=9.01e-02 factor_V=2.45e+58 factor_rho=5.62e-56 rho_eV2=2.20e+57 rho_final=1.24e+02
BG_FUNC: a=8.93e-09 V=9.01e-02 factor_V=2.45e+58 factor_rho=5.62e-56 rho_eV2=2.20e+57 rho_final=1.24e+02
BG_FUNC: a=3.54e-07 V=9.01e-02 factor_V=2.45e+58 factor_rho=5.62e-56 rho_eV2=2.20e+57 rho_final=1.24e+02
BG_FUNC: a=1.40e-05 V=9.01e-02 factor_V=2.45e+58 factor_rho=5.62e-56 rho_eV2=2.20e+57 rho_final=1.24e+02
RIDDER SWITCHING: z_osc = 4369.55, a_osc = 2.288044e-04
DEBUG: Ridder field ENABLED. Lambda = 5.819749e-01
DEBUG: Ridder field ENABLED. Lambda = 5.819749e-01
BG_FUNC: a=2.20e-14 V=1.11e-02 factor_V=2.45e+58 factor_rho=5.62e-56 rho_eV2=2.72e+56 rho_final=1.53e+01
BG_FUNC: a=8.33e-13 V=1.11e-02 factor_V=2.45e+58 factor_rho=5.62e-56 rho_eV2=2.72e+56 rho_final=1.53e+01
BG_FUNC: a=3.34e-11 V=1.11e-02 factor_V=2.45e+58 factor_rho=5.62e-56 rho_eV2=2.72e+56 rho_final=1.53e+01
BG_FUNC: a=1.34e-09 V=1.11e-02 factor_V=2.45e+58 factor_rho=5.62e-56 rho_eV2=2.72e+56 rho_final=1.53e+01
BG_FUNC: a=5.34e-08 V=1.11e-02 factor_V=2.45e+58 factor_rho=5.62e-56 rho_eV2=2.72e+56 rho_final=1.53e+01
BG_FUNC: a=2.14e-06 V=1.11e-02 factor_V=2.45e+58 factor_rho=5.62e-56 rho_eV2=2.72e+56 rho_final=1.53e+01
BG_FUNC: a=8.53e-05 V=1.11e-02 factor_V=2.45e+58 factor_rho=5.62e-56 rho_eV2=2.72e+56 rho_final=1.53e+01
RIDDER SWITCHING: z_osc = 2346.22, a_osc = 4.260351e-04
DEBUG: Ridder field ENABLED. Lambda = 5.800749e-01
DEBUG: Ridder field ENABLED. Lambda = 5.800749e-01
BG_FUNC: a=7.08e-14 V=1.10e-02 factor_V=2.45e+58 factor_rho=5.62e-56 rho_eV2=2.69e+56 rho_final=1.51e+01
BG_FUNC: a=2.74e-12 V=1.10e-02 factor_V=2.45e+58 factor_rho=5.62e-56 rho_eV2=2.69e+56 rho_final=1.51e+01
BG_FUNC: a=1.10e-10 V=1.10e-02 factor_V=2.45e+58 factor_rho=5.62e-56 rho_eV2=2.69e+56 rho_final=1.51e+01
BG_FUNC: a=4.40e-09 V=1.10e-02 factor_V=2.45e+58 factor_rho=5.62e-56 rho_eV2=2.69e+56 rho_final=1.51e+01
BG_FUNC: a=1.76e-07 V=1.10e-02 factor_V=2.45e+58 factor_rho=5.62e-56 rho_eV2=2.69e+56 rho_final=1.51e+01
BG_FUNC: a=7.06e-06 V=1.10e-02 factor_V=2.45e+58 factor_rho=5.62e-56 rho_eV2=2.69e+56 rho_final=1.51e+01
BG_FUNC: a=2.81e-04 V=8.10e-03 factor_V=2.45e+58 factor_rho=5.62e-56 rho_eV2=2.22e+56 rho_final=1.25e+01
RIDDER SWITCHING: z_osc = 2334.32, a_osc = 4.282063e-04
DEBUG: Ridder field ENABLED. Lambda = 7.100524e-01
DEBUG: Ridder field ENABLED. Lambda = 7.100524e-01
BG_FUNC: a=2.27e-13 V=2.47e-02 factor_V=2.45e+58 factor_rho=5.62e-56 rho_eV2=6.04e+56 rho_final=3.39e+01
BG_FUNC: a=9.05e-12 V=2.47e-02 factor_V=2.45e+58 factor_rho=5.62e-56 rho_eV2=6.04e+56 rho_final=3.39e+01
BG_FUNC: a=3.62e-10 V=2.47e-02 factor_V=2.45e+58 factor_rho=5.62e-56 rho_eV2=6.04e+56 rho_final=3.39e+01
BG_FUNC: a=1.44e-08 V=2.47e-02 factor_V=2.45e+58 factor_rho=5.62e-56 rho_eV2=6.04e+56 rho_final=3.39e+01
BG_FUNC: a=5.76e-07 V=2.47e-02 factor_V=2.45e+58 factor_rho=5.62e-56 rho_eV2=6.04e+56 rho_final=3.39e+01
BG_FUNC: a=2.30e-05 V=2.47e-02 factor_V=2.45e+58 factor_rho=5.62e-56 rho_eV2=6.04e+56 rho_final=3.39e+01
RIDDER SWITCHING: z_osc = 2977.51, a_osc = 3.357379e-04
DEBUG: Ridder field ENABLED. Lambda = 6.348712e-01
DEBUG: Ridder field ENABLED. Lambda = 6.348712e-01
BG_FUNC: a=2.45e-14 V=1.58e-02 factor_V=2.45e+58 factor_rho=5.62e-56 rho_eV2=3.86e+56 rho_final=2.17e+01
BG_FUNC: a=9.28e-13 V=1.58e-02 factor_V=2.45e+58 factor_rho=5.62e-56 rho_eV2=3.86e+56 rho_final=2.17e+01
BG_FUNC: a=3.69e-11 V=1.58e-02 factor_V=2.45e+58 factor_rho=5.62e-56 rho_eV2=3.86e+56 rho_final=2.17e+01
BG_FUNC: a=1.47e-09 V=1.58e-02 factor_V=2.45e+58 factor_rho=5.62e-56 rho_eV2=3.86e+56 rho_final=2.17e+01
BG_FUNC: a=5.83e-08 V=1.58e-02 factor_V=2.45e+58 factor_rho=5.62e-56 rho_eV2=3.86e+56 rho_final=2.17e+01
BG_FUNC: a=2.32e-06 V=1.58e-02 factor_V=2.45e+58 factor_rho=5.62e-56 rho_eV2=3.86e+56 rho_final=2.17e+01
BG_FUNC: a=9.17e-05 V=1.57e-02 factor_V=2.45e+58 factor_rho=5.62e-56 rho_eV2=3.84e+56 rho_final=2.16e+01
RIDDER SWITCHING: z_osc = 2629.10, a_osc = 3.802143e-04
DEBUG: Ridder field ENABLED. Lambda = 7.209824e-01
DEBUG: Ridder field ENABLED. Lambda = 7.209824e-01
BG_FUNC: a=8.55e-14 V=2.62e-02 factor_V=2.45e+58 factor_rho=5.62e-56 rho_eV2=6.42e+56 rho_final=3.61e+01
BG_FUNC: a=3.26e-12 V=2.62e-02 factor_V=2.45e+58 factor_rho=5.62e-56 rho_eV2=6.42e+56 rho_final=3.61e+01
BG_FUNC: a=1.28e-10 V=2.62e-02 factor_V=2.45e+58 factor_rho=5.62e-56 rho_eV2=6.42e+56 rho_final=3.61e+01
BG_FUNC: a=5.01e-09 V=2.62e-02 factor_V=2.45e+58 factor_rho=5.62e-56 rho_eV2=6.42e+56 rho_final=3.61e+01
BG_FUNC: a=1.96e-07 V=2.62e-02 factor_V=2.45e+58 factor_rho=5.62e-56 rho_eV2=6.42e+56 rho_final=3.61e+01
BG_FUNC: a=7.60e-06 V=2.62e-02 factor_V=2.45e+58 factor_rho=5.62e-56 rho_eV2=6.42e+56 rho_final=3.61e+01
BG_FUNC: a=2.90e-04 V=1.22e-02 factor_V=2.45e+58 factor_rho=5.62e-56 rho_eV2=4.00e+56 rho_final=2.25e+01
RIDDER SWITCHING: z_osc = 3023.86, a_osc = 3.305938e-04
DEBUG: Ridder field ENABLED. Lambda = 6.448667e-01
DEBUG: Ridder field ENABLED. Lambda = 6.448667e-01
BG_FUNC: a=3.05e-13 V=1.68e-02 factor_V=2.45e+58 factor_rho=5.62e-56 rho_eV2=4.11e+56 rho_final=2.31e+01
BG_FUNC: a=1.21e-11 V=1.68e-02 factor_V=2.45e+58 factor_rho=5.62e-56 rho_eV2=4.11e+56 rho_final=2.31e+01
BG_FUNC: a=4.79e-10 V=1.68e-02 factor_V=2.45e+58 factor_rho=5.62e-56 rho_eV2=4.11e+56 rho_final=2.31e+01
BG_FUNC: a=1.90e-08 V=1.68e-02 factor_V=2.45e+58 factor_rho=5.62e-56 rho_eV2=4.11e+56 rho_final=2.31e+01
BG_FUNC: a=7.53e-07 V=1.68e-02 factor_V=2.45e+58 factor_rho=5.62e-56 rho_eV2=4.11e+56 rho_final=2.31e+01
BG_FUNC: a=2.98e-05 V=1.68e-02 factor_V=2.45e+58 factor_rho=5.62e-56 rho_eV2=4.11e+56 rho_final=2.31e+01
RIDDER SWITCHING: z_osc = 2661.08, a_osc = 3.756468e-04
DEBUG: Ridder field ENABLED. Lambda = 5.400580e-01
DEBUG: Ridder field ENABLED. Lambda = 5.400580e-01
BG_FUNC: a=2.82e-14 V=8.26e-03 factor_V=2.45e+58 factor_rho=5.62e-56 rho_eV2=2.02e+56 rho_final=1.14e+01
BG_FUNC: a=1.07e-12 V=8.26e-03 factor_V=2.45e+58 factor_rho=5.62e-56 rho_eV2=2.02e+56 rho_final=1.14e+01
BG_FUNC: a=4.24e-11 V=8.26e-03 factor_V=2.45e+58 factor_rho=5.62e-56 rho_eV2=2.02e+56 rho_final=1.14e+01
BG_FUNC: a=1.68e-09 V=8.26e-03 factor_V=2.45e+58 factor_rho=5.62e-56 rho_eV2=2.02e+56 rho_final=1.14e+01
BG_FUNC: a=6.66e-08 V=8.26e-03 factor_V=2.45e+58 factor_rho=5.62e-56 rho_eV2=2.02e+56 rho_final=1.14e+01
BG_FUNC: a=2.64e-06 V=8.26e-03 factor_V=2.45e+58 factor_rho=5.62e-56 rho_eV2=2.02e+56 rho_final=1.14e+01
BG_FUNC: a=1.04e-04 V=8.21e-03 factor_V=2.45e+58 factor_rho=5.62e-56 rho_eV2=2.01e+56 rho_final=1.13e+01
RIDDER SWITCHING: z_osc = 2137.83, a_osc = 4.675463e-04
DEBUG: Ridder field ENABLED. Lambda = 7.672760e-01
DEBUG: Ridder field ENABLED. Lambda = 7.672760e-01
BG_FUNC: a=7.83e-14 V=3.37e-02 factor_V=2.45e+58 factor_rho=5.62e-56 rho_eV2=8.23e+56 rho_final=4.63e+01
BG_FUNC: a=3.01e-12 V=3.37e-02 factor_V=2.45e+58 factor_rho=5.62e-56 rho_eV2=8.23e+56 rho_final=4.63e+01
BG_FUNC: a=1.19e-10 V=3.37e-02 factor_V=2.45e+58 factor_rho=5.62e-56 rho_eV2=8.23e+56 rho_final=4.63e+01
BG_FUNC: a=4.74e-09 V=3.37e-02 factor_V=2.45e+58 factor_rho=5.62e-56 rho_eV2=8.23e+56 rho_final=4.63e+01
BG_FUNC: a=1.88e-07 V=3.37e-02 factor_V=2.45e+58 factor_rho=5.62e-56 rho_eV2=8.23e+56 rho_final=4.63e+01
BG_FUNC: a=7.54e-06 V=3.37e-02 factor_V=2.45e+58 factor_rho=5.62e-56 rho_eV2=8.23e+56 rho_final=4.63e+01
BG_FUNC: a=2.92e-04 V=1.27e-02 factor_V=2.45e+58 factor_rho=5.62e-56 rho_eV2=4.52e+56 rho_final=2.54e+01
RIDDER SWITCHING: z_osc = 3255.93, a_osc = 3.070374e-04
DEBUG: Ridder field ENABLED. Lambda = 5.961660e-01
DEBUG: Ridder field ENABLED. Lambda = 5.961660e-01
BG_FUNC: a=3.31e-13 V=1.23e-02 factor_V=2.45e+58 factor_rho=5.62e-56 rho_eV2=3.00e+56 rho_final=1.69e+01
BG_FUNC: a=1.31e-11 V=1.23e-02 factor_V=2.45e+58 factor_rho=5.62e-56 rho_eV2=3.00e+56 rho_final=1.69e+01
BG_FUNC: a=5.20e-10 V=1.23e-02 factor_V=2.45e+58 factor_rho=5.62e-56 rho_eV2=3.00e+56 rho_final=1.69e+01
BG_FUNC: a=2.06e-08 V=1.23e-02 factor_V=2.45e+58 factor_rho=5.62e-56 rho_eV2=3.00e+56 rho_final=1.69e+01
BG_FUNC: a=8.24e-07 V=1.23e-02 factor_V=2.45e+58 factor_rho=5.62e-56 rho_[mcmc] Progress @ 2025-12-01 01:40:50 : 1049 steps taken, and 48 accepted.
eV2=3.00e+56 rho_final=1.69e+01
BG_FUNC: a=3.24e-05 V=1.23e-02 factor_V=2.45e+58 factor_rho=5.62e-56 rho_eV2=3.00e+56 rho_final=1.69e+01
RIDDER SWITCHING: z_osc = 2417.68, a_osc = 4.134483e-04
DEBUG: Ridder field ENABLED. Lambda = 8.708267e-01
DEBUG: Ridder field ENABLED. Lambda = 8.708267e-01
BG_FUNC: a=2.81e-14 V=5.59e-02 factor_V=2.45e+58 factor_rho=5.62e-56 rho_eV2=1.37e+57 rho_final=7.68e+01
BG_FUNC: a=1.05e-12 V=5.59e-02 factor_V=2.45e+58 factor_rho=5.62e-56 rho_eV2=1.37e+57 rho_final=7.68e+01
BG_FUNC: a=4.17e-11 V=5.59e-02 factor_V=2.45e+58 factor_rho=5.62e-56 rho_eV2=1.37e+57 rho_final=7.68e+01
BG_FUNC: a=1.66e-09 V=5.59e-02 factor_V=2.45e+58 factor_rho=5.62e-56 rho_eV2=1.37e+57 rho_final=7.68e+01
BG_FUNC: a=6.57e-08 V=5.59e-02 factor_V=2.45e+58 factor_rho=5.62e-56 rho_eV2=1.37e+57 rho_final=7.68e+01
BG_FUNC: a=2.63e-06 V=5.59e-02 factor_V=2.45e+58 factor_rho=5.62e-56 rho_eV2=1.37e+57 rho_final=7.68e+01
BG_FUNC: a=1.03e-04 V=5.37e-02 factor_V=2.45e+58 factor_rho=5.62e-56 rho_eV2=1.33e+57 rho_final=7.50e+01
RIDDER SWITCHING: z_osc = 3794.77, a_osc = 2.634512e-04
DEBUG: Ridder field ENABLED. Lambda = 5.724946e-01
DEBUG: Ridder field ENABLED. Lambda = 5.724946e-01
BG_FUNC: a=1.34e-13 V=1.04e-02 factor_V=2.45e+58 factor_rho=5.62e-56 rho_eV2=2.55e+56 rho_final=1.43e+01
BG_FUNC: a=5.30e-12 V=1.04e-02 factor_V=2.45e+58 factor_rho=5.62e-56 rho_eV2=2.55e+56 rho_final=1.43e+01
BG_FUNC: a=2.10e-10 V=1.04e-02 factor_V=2.45e+58 factor_rho=5.62e-56 rho_eV2=2.55e+56 rho_final=1.43e+01
BG_FUNC: a=8.33e-09 V=1.04e-02 factor_V=2.45e+58 factor_rho=5.62e-56 rho_eV2=2.55e+56 rho_final=1.43e+01
BG_FUNC: a=3.33e-07 V=1.04e-02 factor_V=2.45e+58 factor_rho=5.62e-56 rho_eV2=2.55e+56 rho_final=1.43e+01
BG_FUNC: a=1.31e-05 V=1.04e-02 factor_V=2.45e+58 factor_rho=5.62e-56 rho_eV2=2.55e+56 rho_final=1.43e+01
RIDDER SWITCHING: z_osc = 2297.39, a_osc = 4.350877e-04
DEBUG: Ridder field ENABLED. Lambda = 6.064335e-01
DEBUG: Ridder field ENABLED. Lambda = 6.064335e-01
BG_FUNC: a=1.10e-14 V=1.31e-02 factor_V=2.45e+58 factor_rho=5.62e-56 rho_eV2=3.21e+56 rho_final=1.81e+01
BG_FUNC: a=4.06e-13 V=1.31e-02 factor_V=2.45e+58 factor_rho=5.62e-56 rho_eV2=3.21e+56 rho_final=1.81e+01
BG_FUNC: a=1.61e-11 V=1.31e-02 factor_V=2.45e+58 factor_rho=5.62e-56 rho_eV2=3.21e+56 rho_final=1.81e+01
BG_FUNC: a=6.38e-10 V=1.31e-02 factor_V=2.45e+58 factor_rho=5.62e-56 rho_eV2=3.21e+56 rho_final=1.81e+01
BG_FUNC: a=2.53e-08 V=1.31e-02 factor_V=2.45e+58 factor_rho=5.62e-56 rho_eV2=3.21e+56 rho_final=1.81e+01
BG_FUNC: a=1.00e-06 V=1.31e-02 factor_V=2.45e+58 factor_rho=5.62e-56 rho_eV2=3.21e+56 rho_final=1.81e+01
BG_FUNC: a=3.98e-05 V=1.31e-02 factor_V=2.45e+58 factor_rho=5.62e-56 rho_eV2=3.21e+56 rho_final=1.81e+01
RIDDER SWITCHING: z_osc = 2457.08, a_osc = 4.068215e-04
DEBUG: Ridder field ENABLED. Lambda = 4.901274e-01
DEBUG: Ridder field ENABLED. Lambda = 4.901274e-01
BG_FUNC: a=3.48e-14 V=5.61e-03 factor_V=2.45e+58 factor_rho=5.62e-56 rho_eV2=1.37e+56 rho_final=7.71e+00
BG_FUNC: a=1.31e-12 V=5.61e-03 factor_V=2.45e+58 factor_rho=5.62e-56 rho_eV2=1.37e+56 rho_final=7.71e+00
BG_FUNC: a=5.13e-11 V=5.61e-03 factor_V=2.45e+58 factor_rho=5.62e-56 rho_eV2=1.37e+56 rho_final=7.71e+00
BG_FUNC: a=2.02e-09 V=5.61e-03 factor_V=2.45e+58 factor_rho=5.62e-56 rho_eV2=1.37e+56 rho_final=7.71e+00
BG_FUNC: a=7.92e-08 V=5.61e-03 factor_V=2.45e+58 factor_rho=5.62e-56 rho_eV2=1.37e+56 rho_final=7.71e+00
BG_FUNC: a=3.11e-06 V=5.61e-03 factor_V=2.45e+58 factor_rho=5.62e-56 rho_eV2=1.37e+56 rho_final=7.71e+00
BG_FUNC: a=1.19e-04 V=5.57e-03 factor_V=2.45e+58 factor_rho=5.62e-56 rho_eV2=1.36e+56 rho_final=7.67e+00
RIDDER SWITCHING: z_osc = 1893.42, a_osc = 5.278648e-04
DEBUG: Ridder field ENABLED. Lambda = 5.639759e-01
DEBUG: Ridder field ENABLED. Lambda = 5.639759e-01
BG_FUNC: a=7.93e-14 V=9.83e-03 factor_V=2.45e+58 factor_rho=5.62e-56 rho_eV2=2.40e+56 rho_final=1.35e+01
BG_FUNC: a=3.09e-12 V=9.83e-03 factor_V=2.45e+58 factor_rho=5.62e-56 rho_eV2=2.40e+56 rho_final=1.35e+01
BG_FUNC: a=1.24e-10 V=9.83e-03 factor_V=2.45e+58 factor_rho=5.62e-56 rho_eV2=2.40e+56 rho_final=1.35e+01
BG_FUNC: a=4.97e-09[mcmc] Progress @ 2025-12-01 01:41:53 : 1174 steps taken, and 73 accepted.
 V=9.83e-03 factor_V=2.45e+58 factor_rho=5.62e-56 rho_eV2=2.40e+56 rho_final=1.35e+01
BG_FUNC: a=1.99e-07 V=9.83e-03 factor_V=2.45e+58 factor_rho=5.62e-56 rho_eV2=2.40e+56 rho_final=1.35e+01
BG_FUNC: a=8.01e-06 V=9.83e-03 factor_V=2.45e+58 factor_rho=5.62e-56 rho_eV2=2.40e+56 rho_final=1.35e+01
BG_FUNC: a=3.17e-04 V=6.47e-03 factor_V=2.45e+58 factor_rho=5.62e-56 rho_eV2=1.85e+56 rho_final=1.04e+01
RIDDER SWITCHING: z_osc = 2251.17, a_osc = 4.440160e-04
DEBUG: Ridder field ENABLED. Lambda = 5.927476e-01
DEBUG: Ridder field ENABLED. Lambda = 5.927476e-01
BG_FUNC: a=2.48e-13 V=1.20e-02 factor_V=2.45e+58 factor_rho=5.62e-56 rho_eV2=2.93e+56 rho_final=1.65e+01
BG_FUNC: a=9.93e-12 V=1.20e-02 factor_V=2.45e+58 factor_rho=5.62e-56 rho_eV2=2.93e+56 rho_final=1.65e+01
BG_FUNC: a=3.98e-10 V=1.20e-02 factor_V=2.45e+58 factor_rho=5.62e-56 rho_eV2=2.93e+56 rho_final=1.65e+01
BG_FUNC: a=1.59e-08 V=1.20e-02 factor_V=2.45e+58 factor_rho=5.62e-56 rho_eV2=2.93e+56 rho_final=1.65e+01
BG_FUNC: a=6.38e-07 V=1.20e-02 factor_V=2.45e+58 factor_rho=5.62e-56 rho_eV2=2.93e+56 rho_final=1.65e+01
BG_FUNC: a=2.55e-05 V=1.20e-02 factor_V=2.45e+58 factor_rho=5.62e-56 rho_eV2=2.93e+56 rho_final=1.65e+01
RIDDER SWITCHING: z_osc = 2369.25, a_osc = 4.218972e-04
DEBUG: Ridder field ENABLED. Lambda = 6.802652e-01
DEBUG: Ridder field ENABLED. Lambda = 6.802652e-01
BG_FUNC: a=2.20e-14 V=2.08e-02 factor_V=2.45e+58 factor_rho=5.62e-56 rho_eV2=5.09e+56 rho_final=2.86e+01
BG_FUNC: a=8.33e-13 V=2.08e-02 factor_V=2.45e+58 factor_rho=5.62e-56 rho_eV2=5.09e+56 rho_final=2.86e+01
BG_FUNC: a=3.27e-11 V=2.08e-02 factor_V=2.45e+58 factor_rho=5.62e-56 rho_eV2=5.09e+56 rho_final=2.86e+01
BG_FUNC: a=1.29e-09 V=2.08e-02 factor_V=2.45e+58 factor_rho=5.62e-56 rho_eV2=5.09e+56 rho_final=2.86e+01
BG_FUNC: a=5.12e-08 V=2.08e-02 factor_V=2.45e+58 factor_rho=5.62e-56 rho_eV2=5.09e+56 rho_final=2.86e+01
BG_FUNC: a=2.03e-06 V=2.08e-02 factor_V=2.45e+58 factor_rho=5.62e-56 rho_eV2=5.09e+56 rho_final=2.86e+01
BG_FUNC: a=7.96e-05 V=2.07e-02 factor_V=2.45e+58 factor_rho=5.62e-56 rho_eV2=5.07e+56 rho_final=2.85e+01
RIDDER SWITCHING: z_osc = 2829.95, a_osc = 3.532380e-04
DEBUG: Ridder field ENABLED. Lambda = 5.835892e-01
DEBUG: Ridder field ENABLED. Lambda = 5.835892e-01
BG_FUNC: a=8.00e-14 V=1.13e-02 factor_V=2.45e+58 factor_rho=5.62e-56 rho_eV2=2.76e+56 rho_final=1.55e+01
BG_FUNC: a=3.10e-12 V=1.13e-02 factor_V=2.45e+58 factor_rho=5.62e-56 rho_eV2=2.76e+56 rho_final=1.55e+01
BG_FUNC: a=1.24e-10 V=1.13e-02 factor_V=2.45e+58 factor_rho=5.62e-56 rho_eV2=2.76e+56 rho_final=1.55e+01
BG_FUNC: a=4.95e-09 V=1.13e-02 factor_V=2.45e+58 factor_rho=5.62e-56 rho_eV2=2.76e+56 rho_final=1.55e+01
BG_FUNC: a=1.98e-07 V=1.13e-02 factor_V=2.45e+58 factor_rho=5.62e-56 rho_eV2=2.76e+56 rho_final=1.55e+01
BG_FUNC: a=7.92e-06 V=1.13e-02 factor_V=2.45e+58 factor_rho=5.62e-56 rho_eV2=2.76e+56 rho_final=1.55e+01
BG_FUNC: a=3.11e-04 V=7.23e-03 factor_V=2.45e+58 factor_rho=5.62e-56 rho_eV2=2.09e+56 rho_final=1.18e+01
RIDDER SWITCHING: z_osc = 2350.68, a_osc = 4.252279e-04
DEBUG: Ridder field ENABLED. Lambda = 7.840196e-01
DEBUG: Ridder field ENABLED. Lambda = 7.840196e-01
BG_FUNC: a=2.54e-13 V=3.67e-02 factor_V=2.45e+58 factor_rho=5.62e-56 rho_eV2=8.97e+56 rho_final=5.05e+01
BG_FUNC: a=1.02e-11 V=3.67e-02 factor_V=2.45e+58 factor_rho=5.62e-56 rho_eV2=8.97e+56 rho_final=5.05e+01
BG_FUNC: a=4.06e-10 V=3.67e-02 factor_V=2.45e+58 factor_rho=5.62e-56 rho_eV2=8.97e+56 rho_final=5.05e+01
BG_FUNC: a=1.62e-08 V=3.67e-02 factor_V=2.45e+58 factor_rho=5.62e-56 rho_eV2=8.97e+56 rho_final=5.05e+01
BG_FUNC: a=6.49e-07 V=3.67e-02 factor_V=2.45e+58 factor_rho=5.62e-56 rho_eV2=8.97e+56 rho_final=5.05e+01
BG_FUNC: a=2.62e-05 V=3.67e-02 factor_V=2.45e+58 factor_rho=5.62e-56 rho_eV2=8.97e+56 rho_final=5.05e+01
RIDDER SWITCHING: z_osc = 3359.67, a_osc = 2.975594e-04
DEBUG: Ridder field ENABLED. Lambda = 4.039565e-01
DEBUG: Ridder field ENABLED. Lambda = 4.039565e-01
BG_FUNC: a=3.12e-14 V=2.59e-03 factor_V=2.45e+58 factor_rho=5.62e-56 rho_eV2=6.33e+55 rho_final=3.56e+00
BG_FUNC: a=1.18e-12 V=2.59e-03 factor_V=2.45e+58 factor_rho=5.62e-56 r[mcmc] Progress @ 2025-12-01 01:42:54 : 1256 steps taken, and 88 accepted.
ho_eV2=6.33e+55 rho_final=3.56e+00
BG_FUNC: a=4.67e-11 V=2.59e-03 factor_V=2.45e+58 factor_rho=5.62e-56 rho_eV2=6.33e+55 rho_final=3.56e+00
BG_FUNC: a=1.86e-09 V=2.59e-03 factor_V=2.45e+58 factor_rho=5.62e-56 rho_eV2=6.33e+55 rho_final=3.56e+00
BG_FUNC: a=7.38e-08 V=2.59e-03 factor_V=2.45e+58 factor_rho=5.62e-56 rho_eV2=6.33e+55 rho_final=3.56e+00
BG_FUNC: a=2.94e-06 V=2.59e-03 factor_V=2.45e+58 factor_rho=5.62e-56 rho_eV2=6.33e+55 rho_final=3.56e+00
BG_FUNC: a=1.16e-04 V=2.58e-03 factor_V=2.45e+58 factor_rho=5.62e-56 rho_eV2=6.31e+55 rho_final=3.55e+00
RIDDER SWITCHING: z_osc = 1466.83, a_osc = 6.812772e-04
DEBUG: Ridder field ENABLED. Lambda = 5.660917e-01
DEBUG: Ridder field ENABLED. Lambda = 5.660917e-01
BG_FUNC: a=6.07e-14 V=9.98e-03 factor_V=2.45e+58 factor_rho=5.62e-56 rho_eV2=2.44e+56 rho_final=1.37e+01
BG_FUNC: a=2.32e-12 V=9.98e-03 factor_V=2.45e+58 factor_rho=5.62e-56 rho_eV2=2.44e+56 rho_final=1.37e+01
BG_FUNC: a=9.22e-11 V=9.98e-03 factor_V=2.45e+58 factor_rho=5.62e-56 rho_eV2=2.44e+56 rho_final=1.37e+01
BG_FUNC: a=3.65e-09 V=9.98e-03 factor_V=2.45e+58 factor_rho=5.62e-56 rho_eV2=2.44e+56 rho_final=1.37e+01
BG_FUNC: a=1.45e-07 V=9.98e-03 factor_V=2.45e+58 factor_rho=5.62e-56 rho_eV2=2.44e+56 rho_final=1.37e+01
BG_FUNC: a=5.74e-06 V=9.98e-03 factor_V=2.45e+58 factor_rho=5.62e-56 rho_eV2=2.44e+56 rho_final=1.37e+01
BG_FUNC: a=2.26e-04 V=8.77e-03 factor_V=2.45e+58 factor_rho=5.62e-56 rho_eV2=2.25e+56 rho_final=1.27e+01
RIDDER SWITCHING: z_osc = 2255.03, a_osc = 4.432567e-04
DEBUG: Ridder field ENABLED. Lambda = 1.980141e-01
DEBUG: Ridder field ENABLED. Lambda = 1.980141e-01
BG_FUNC: a=1.38e-13 V=1.49e-04 factor_V=2.45e+58 factor_rho=5.62e-56 rho_eV2=3.65e+54 rho_final=2.05e-01
BG_FUNC: a=4.05e-12 V=1.49e-04 factor_V=2.45e+58 factor_rho=5.62e-56 rho_eV2=3.65e+54 rho_final=2.05e-01
BG_FUNC: a=1.17e-10 V=1.49e-04 factor_V=2.45e+58 factor_rho=5.62e-56 rho_eV2=3.65e+54 rho_final=2.05e-01
BG_FUNC: a=3.39e-09 V=1.49e-04 factor_V=2.45e+58 factor_rho=5.62e-56 rho_eV2=3.65e+54 rho_final=2.05e-01
BG_FUNC: a=9.88e-08 V=1.49e-04 factor_V=2.45e+58 factor_rho=5.62e-56 rho_eV2=3.65e+54 rho_final=2.05e-01
BG_FUNC: a=2.89e-06 V=1.49e-04 factor_V=2.45e+58 factor_rho=5.62e-56 rho_eV2=3.65e+54 rho_final=2.05e-01
BG_FUNC: a=8.41e-05 V=1.49e-04 factor_V=2.45e+58 factor_rho=5.62e-56 rho_eV2=3.65e+54 rho_final=2.05e-01
RIDDER SWITCHING: z_osc = 582.01, a_osc = 1.715239e-03
DEBUG: Ridder field ENABLED. Lambda = 3.029677e-01
DEBUG: Ridder field ENABLED. Lambda = 3.029677e-01
BG_FUNC: a=1.69e-14 V=8.18e-04 factor_V=2.45e+58 factor_rho=5.62e-56 rho_eV2=2.00e+55 rho_final=1.13e+00
BG_FUNC: a=6.22e-13 V=8.18e-04 factor_V=2.45e+58 factor_rho=5.62e-56 rho_eV2=2.00e+55 rho_final=1.13e+00
BG_FUNC: a=2.44e-11 V=8.18e-04 factor_V=2.45e+58 factor_rho=5.62e-56 rho_eV2=2.00e+55 rho_final=1.13e+00
BG_FUNC: a=9.59e-10 V=8.18e-04 factor_V=2.45e+58 factor_rho=5.62e-56 rho_eV2=2.00e+55 rho_final=1.13e+00
BG_FUNC: a=3.76e-08 V=8.18e-04 factor_V=2.45e+58 factor_rho=5.62e-56 rho_eV2=2.00e+55 rho_final=1.13e+00
BG_FUNC: a=1.49e-06 V=8.18e-04 factor_V=2.45e+58 factor_rho=5.62e-56 rho_eV2=2.00e+55 rho_final=1.13e+00
BG_FUNC: a=5.67e-05 V=8.18e-04 factor_V=2.45e+58 factor_rho=5.62e-56 rho_eV2=2.00e+55 rho_final=1.13e+00
RIDDER SWITCHING: z_osc = 1020.85, a_osc = 9.786162e-04
DEBUG: Ridder field ENABLED. Lambda = 7.041240e-01
DEBUG: Ridder field ENABLED. Lambda = 7.041240e-01
BG_FUNC: a=2.08e-14 V=2.39e-02 factor_V=2.45e+58 factor_rho=5.62e-56 rho_eV2=5.84e+56 rho_final=3.28e+01
BG_FUNC: a=7.88e-13 V=2.39e-02 factor_V=2.45e+58 factor_rho=5.62e-56 rho_eV2=5.84e+56 rho_final=3.28e+01
BG_FUNC: a=3.15e-11 V=2.39e-02 factor_V=2.45e+58 factor_rho=5.62e-56 rho_eV2=5.84e+56 rho_final=3.28e+01
BG_FUNC: a=1.26e-09 V=2.39e-02 factor_V=2.45e+58 factor_rho=5.62e-56 rho_eV2=5.84e+56 rho_final=3.28e+01
BG_FUNC: a=5.03e-08 V=2.39e-02 factor_V=2.45e+58 factor_rho=5.62e-56 rho_eV2=5.84e+56 rho_final=3.28e+01
BG_FUNC: a=2.01e-06 V=2.39e-02 factor_V=2.45e+58 factor_rho=5.62e-56 rho_eV2=5.84e+56 rho_final=3.28e+01
BG_FUNC: a=8.01e-05 V=2.37e-02 factor_V=2.45e+58 factor_rho=5.62e-56 r[mcmc] Progress @ 2025-12-01 01:43:58 : 1364 steps taken, and 103 accepted.
ho_eV2=5.82e+56 rho_final=3.27e+01
RIDDER SWITCHING: z_osc = 2956.17, a_osc = 3.381615e-04
DEBUG: Ridder field ENABLED. Lambda = 4.585486e-01
DEBUG: Ridder field ENABLED. Lambda = 4.585486e-01
BG_FUNC: a=8.34e-14 V=4.29e-03 factor_V=2.45e+58 factor_rho=5.62e-56 rho_eV2=1.05e+56 rho_final=5.90e+00
BG_FUNC: a=3.16e-12 V=4.29e-03 factor_V=2.45e+58 factor_rho=5.62e-56 rho_eV2=1.05e+56 rho_final=5.90e+00
BG_FUNC: a=1.25e-10 V=4.29e-03 factor_V=2.45e+58 factor_rho=5.62e-56 rho_eV2=1.05e+56 rho_final=5.90e+00
BG_FUNC: a=4.86e-09 V=4.29e-03 factor_V=2.45e+58 factor_rho=5.62e-56 rho_eV2=1.05e+56 rho_final=5.90e+00
BG_FUNC: a=1.90e-07 V=4.29e-03 factor_V=2.45e+58 factor_rho=5.62e-56 rho_eV2=1.05e+56 rho_final=5.90e+00
BG_FUNC: a=7.41e-06 V=4.29e-03 factor_V=2.45e+58 factor_rho=5.62e-56 rho_eV2=1.05e+56 rho_final=5.90e+00
BG_FUNC: a=2.82e-04 V=3.79e-03 factor_V=2.45e+58 factor_rho=5.62e-56 rho_eV2=9.72e+55 rho_final=5.46e+00
RIDDER SWITCHING: z_osc = 1736.71, a_osc = 5.754707e-04
DEBUG: Ridder field ENABLED. Lambda = 3.487550e-01
DEBUG: Ridder field ENABLED. Lambda = 3.487550e-01
BG_FUNC: a=1.66e-13 V=1.44e-03 factor_V=2.45e+58 factor_rho=5.62e-56 rho_eV2=3.51e+55 rho_final=1.98e+00
BG_FUNC: a=6.60e-12 V=1.44e-03 factor_V=2.45e+58 factor_rho=5.62e-56 rho_eV2=3.51e+55 rho_final=1.98e+00
BG_FUNC: a=2.62e-10 V=1.44e-03 factor_V=2.45e+58 factor_rho=5.62e-56 rho_eV2=3.51e+55 rho_final=1.98e+00
BG_FUNC: a=1.04e-08 V=1.44e-03 factor_V=2.45e+58 factor_rho=5.62e-56 rho_eV2=3.51e+55 rho_final=1.98e+00
BG_FUNC: a=4.15e-07 V=1.44e-03 factor_V=2.45e+58 factor_rho=5.62e-56 rho_eV2=3.51e+55 rho_final=1.98e+00
BG_FUNC: a=1.65e-05 V=1.44e-03 factor_V=2.45e+58 factor_rho=5.62e-56 rho_eV2=3.51e+55 rho_final=1.98e+00
BG_FUNC: a=6.42e-04 V=7.20e-04 factor_V=2.45e+58 factor_rho=5.62e-56 rho_eV2=2.27e+55 rho_final=1.28e+00
RIDDER SWITCHING: z_osc = 1229.20, a_osc = 8.128774e-04
DEBUG: Ridder field ENABLED. Lambda = 6.876125e-01
DEBUG: Ridder field ENABLED. Lambda = 6.876125e-01
BG_FUNC: a=2.73e-13 V=2.17e-02 factor_V=2.45e+58 factor_rho=5.62e-56 rho_eV2=5.31e+56 rho_final=2.99e+01
BG_FUNC: a=1.08e-11 V=2.17e-02 factor_V=2.45e+58 factor_rho=5.62e-56 rho_eV2=5.31e+56 rho_final=2.99e+01
BG_FUNC: a=4.28e-10 V=2.17e-02 factor_V=2.45e+58 factor_rho=5.62e-56 rho_eV2=5.31e+56 rho_final=2.99e+01
BG_FUNC: a=1.70e-08 V=2.17e-02 factor_V=2.45e+58 factor_rho=5.62e-56 rho_eV2=5.31e+56 rho_final=2.99e+01
BG_FUNC: a=6.72e-07 V=2.17e-02 factor_V=2.45e+58 factor_rho=5.62e-56 rho_eV2=5.31e+56 rho_final=2.99e+01
BG_FUNC: a=2.69e-05 V=2.17e-02 factor_V=2.45e+58 factor_rho=5.62e-56 rho_eV2=5.31e+56 rho_final=2.99e+01
RIDDER SWITCHING: z_osc = 2878.16, a_osc = 3.473231e-04
DEBUG: Ridder field ENABLED. Lambda = 4.475347e-01
DEBUG: Ridder field ENABLED. Lambda = 4.475347e-01
BG_FUNC: a=2.74e-14 V=3.90e-03 factor_V=2.45e+58 factor_rho=5.62e-56 rho_eV2=9.53e+55 rho_final=5.36e+00
BG_FUNC: a=1.05e-12 V=3.90e-03 factor_V=2.45e+58 factor_rho=5.62e-56 rho_eV2=9.53e+55 rho_final=5.36e+00
BG_FUNC: a=4.24e-11 V=3.90e-03 factor_V=2.45e+58 factor_rho=5.62e-56 rho_eV2=9.53e+55 rho_final=5.36e+00
BG_FUNC: a=1.71e-09 V=3.90e-03 factor_V=2.45e+58 factor_rho=5.62e-56 rho_eV2=9.53e+55 rho_final=5.36e+00
BG_FUNC: a=6.93e-08 V=3.90e-03 factor_V=2.45e+58 factor_rho=5.62e-56 rho_eV2=9.53e+55 rho_final=5.36e+00
BG_FUNC: a=2.80e-06 V=3.90e-03 factor_V=2.45e+58 factor_rho=5.62e-56 rho_eV2=9.53e+55 rho_final=5.36e+00
BG_FUNC: a=1.13e-04 V=3.88e-03 factor_V=2.45e+58 factor_rho=5.62e-56 rho_eV2=9.51e+55 rho_final=5.34e+00
RIDDER SWITCHING: z_osc = 1680.22, a_osc = 5.948070e-04
DEBUG: Ridder field ENABLED. Lambda = 2.750445e-01
DEBUG: Ridder field ENABLED. Lambda = 2.750445e-01
BG_FUNC: a=6.66e-14 V=5.56e-04 factor_V=2.45e+58 factor_rho=5.62e-56 rho_eV2=1.36e+55 rho_final=7.64e-01
BG_FUNC: a=2.55e-12 V=5.56e-04 factor_V=2.45e+58 factor_rho=5.62e-56 rho_eV2=1.36e+55 rho_final=7.64e-01
BG_FUNC: a=1.01e-10 V=5.56e-04 factor_V=2.45e+58 factor_rho=5.62e-56 rho_eV2=1.36e+55 rho_final=7.64e-01
BG_FUNC: a=4.03e-09 V=5.56e-04 factor_V=2.45e+58 factor_rho=5.62e-56 rho_eV2=1.36e+55 rho_final=7.64e-01
BG_FUNC: a=1.60e-07 V=5.56e-04 factor_V=2.45e+58 factor_rho=5.62e-56 rho_eV2=1.36e+55 rho_final=7.64e-01
BG_FUNC: a=6.38e-06 V=5.56e-04 factor_V=2.45e+58 factor_rho=5.62e-56 rho_eV2=1.36e+55 rho_final=7.64e-01
BG_FUNC: a=2.51e-04 V=5.50e-04 factor_V=2.45e+58 factor_rho=5.62e-56 rho_eV2=1.35e+55 rho_final=7.59e-01
RIDDER SWITCHING: z_osc = 888.04, a_osc = 1.124803e-03
DEBUG: Ridder field ENABLED. Lambda = 6.397881e-01
DEBUG: Ridder field ENABLED. Lambda = 6.397881e-01
BG_FUNC: a=7.97e-14 V=1.63e-02 factor_V=2.45e+58 factor_rho=5.62e-56 rho_eV2=3.98e+56 rho_final=2.24e+01
BG_FUNC: a=3.06e-12 V=1.63e-02 factor_V=2.45e+58 factor_rho=5.62e-56 rho_eV2=3.98e+56 rho_final=2.24e+01
BG_FUNC: a=1.21e-10 V=1.63e-02 factor_V=2.45e+58 factor_rho=5.62e-56 rho_eV2=3.98e+56 rho_final=2.24e+01
BG_FUNC: a=4.80e-09 V=1.63e-02 factor_V=2.45e+58 factor_rho=5.62e-56 rho_eV2=3.98e+56 rho_final=2.24e+01
BG_FUNC: a=1.90e-07 V=1.63e-02 factor_V=2.45e+58 factor_rho=5.62e-56 rho_eV2=3.98e+56 rho_final=2.24e+01
BG_FUNC: a=7.61e-06 V=1.63e-02 factor_V=2.45e+58 factor_rho=5.62e-56 rho_eV2=3.98e+56 rho_final=2.24e+01
BG_FUNC: a=2.93e-04 V=9.74e-03 factor_V=2.45e+58 factor_rho=5.62e-56 rho_eV2=2.90e+56 rho_final=1.63e+01
RIDDER SWITCHING: z_osc = 2623.84, a_osc = 3.809749e-04
DEBUG: Ridder field ENABLED. Lambda = 6.325977e-01
DEBUG: Ridder field ENABLED. Lambda = 6.325977e-01
BG_FUNC: a=2.69e-13 V=1.56e-02 factor_V=2.45e+58 factor_rho=5.62e-56 rho_eV2=3.80e+56 rho_final=2.14e+01
BG_FUNC: a=1.08e-11 V=1.56e-02 factor_V=2.45e+58 factor_rho=5.62e-56 rho_eV2=3.80e+56 rho_final=2.14e+01
BG_FUNC: a=4.33e-10 V=1.56e-02 factor_V=2.45e+58 factor_rho=5.62e-56 rho_eV2=3.80e+56 rho_final=2.14e+01
BG_FUNC: a=1.74e-08 V=1.56e-02 factor_V=2.45e+58 factor_rho=5.62e-56 rho_eV2=3.80e+56 rho_final=2.14e+01
BG_FUNC: a=6.97e-07 V=1.56e-02 factor_V=2.45e+58 factor_rho=5.62e-56 rho_eV2=3.80e+56 rho_final=2.14e+01
BG_FUNC: a=2.80e-05 V=1.56e-02 factor_V=2.45e+58 factor_rho=5.62e-56 rho_eV2=3.80e+56 rho_final=2.14e+01
RIDDER SWITCHING: z_osc = 2595.41, a_osc = 3.851470e-04
DEBUG: Ridder field ENABLED. Lambda = 8.886894e-01
DEBUG: Ridder field ENABLED. Lambda = 8.886894e-01
BG_FUNC: a=2.61e-14 V=6.06e-02 factor_V=2.45e+58 factor_rho=5.62e-56 rho_eV2=1.48e+57 rho_final=8.33e+01
BG_FUNC: a=9.85e-13 V=6.06e-02 factor_V=2.45e+58 factor_rho=5.62e-56 rho_eV2=1.48e+57 rho_final=8.33e+01
BG_FUNC: a=3.91e-11 V=6.06e-02 factor_V=2.45e+58 factor_rho=5.62e-56 rho_eV2=1.48e+57 rho_final=8.33e+01
BG_FUNC: a=1.55e-09 V=6.06e-02 factor_V=2.45e+58 factor_rho=5.62e-56 rho_eV2=1.48e+57 rho_final=8.33e+01
BG_FUNC: a=6.17e-08 V=6.06e-02 factor_V=2.45e+58 factor_rho=5.62e-56 rho_eV2=1.48e+57 rho_final=8.33e+01
BG_FUNC: a=2.45e-06 V=6.06e-02 factor_V=2.45e+58 factor_rho=5.62e-56 rho_eV2=1.48e+57 rho_final=8.33e+01
BG_FUNC: a=9.66e-05 V=5.86e-02 factor_V=2.45e+58 factor_rho=5.62e-56 rho_eV2=1.45e+57 rho_final=8.16e+01
RIDDER SWITCHING: z_osc = 3858.09, a_osc = 2.591286e-04
DEBUG: Ridder field ENABLED. Lambda = 5.681663e-01
DEBUG: Ridder field ENABLED. Lambda = 5.681663e-01
BG_FUNC: a=1.28e-13 V=1.01e-02 factor_V=2.45e+58 factor_rho=5.62e-56 rho_eV2=2.48e+56 rho_final=1.39e+01
BG_FUNC: a=5.07e-12 V=1.01e-02 factor_V=2.45e+58 factor_rho=5.62e-56 rho_eV2=2.48e+56 rho_final=1.39e+01
BG_FUNC: a=2.01e-10 V=1.01e-02 factor_V=2.45e+58 factor_rho=5.62e-56 rho_eV2=2.48e+56 rho_final=1.39e+01
BG_FUNC: a=8.06e-09 V=1.01e-02 factor_V=2.45e+58 factor_rho=5.62e-56 rho_eV2=2.48e+56 rho_final=1.39e+01
BG_FUNC: a=3.17e-07 V=1.01e-02 factor_V=2.45e+58 factor_rho=5.62e-56 rho_eV2=2.48e+56 rho_final=1.39e+01
BG_FUNC: a=1.26e-05 V=1.01e-02 factor_V=2.45e+58 factor_rho=5.62e-56 rho_eV2=2.48e+56 rho_final=1.39e+01
RIDDER SWITCHING: z_osc = 2283.82, a_osc = 4.376717e-04
DEBUG: Ridder field ENABLED. Lambda = 3.818342e-01
DEBUG: Ridder field ENABLED. Lambda = 3.818342e-01
BG_FUNC: a=1.04e-14 V=2.06e-03 factor_V=2.45e+58 factor_rho=5.62e-56 rho_eV2=5.05e+55 rho_final=2.84e+00
BG_FUNC: a=3.80e-13 V=2.06e-03 factor_V=2.45e+58 factor_rho=5.62e-56 rho_eV2=5.05e+55 rho_final=2.84e+00
BG_FUNC: a=1.49e-11 V=2.06e-03 factor_V=2.45e+58 factor_rho=5.62e-56[mcmc] Progress @ 2025-12-01 01:45:03 : 1482 steps taken, and 126 accepted.
 rho_eV2=5.05e+55 rho_final=2.84e+00
BG_FUNC: a=5.85e-10 V=2.06e-03 factor_V=2.45e+58 factor_rho=5.62e-56 rho_eV2=5.05e+55 rho_final=2.84e+00
BG_FUNC: a=2.30e-08 V=2.06e-03 factor_V=2.45e+58 factor_rho=5.62e-56 rho_eV2=5.05e+55 rho_final=2.84e+00
BG_FUNC: a=9.02e-07 V=2.06e-03 factor_V=2.45e+58 factor_rho=5.62e-56 rho_eV2=5.05e+55 rho_final=2.84e+00
BG_FUNC: a=3.48e-05 V=2.06e-03 factor_V=2.45e+58 factor_rho=5.62e-56 rho_eV2=5.05e+55 rho_final=2.84e+00
RIDDER SWITCHING: z_osc = 1384.98, a_osc = 7.215099e-04
DEBUG: Ridder field ENABLED. Lambda = 6.246925e-01
DEBUG: Ridder field ENABLED. Lambda = 6.246925e-01
BG_FUNC: a=1.73e-14 V=1.48e-02 factor_V=2.45e+58 factor_rho=5.62e-56 rho_eV2=3.62e+56 rho_final=2.03e+01
BG_FUNC: a=6.47e-13 V=1.48e-02 factor_V=2.45e+58 factor_rho=5.62e-56 rho_eV2=3.62e+56 rho_final=2.03e+01
BG_FUNC: a=2.57e-11 V=1.48e-02 factor_V=2.45e+58 factor_rho=5.62e-56 rho_eV2=3.62e+56 rho_final=2.03e+01
BG_FUNC: a=1.02e-09 V=1.48e-02 factor_V=2.45e+58 factor_rho=5.62e-56 rho_eV2=3.62e+56 rho_final=2.03e+01
BG_FUNC: a=4.05e-08 V=1.48e-02 factor_V=2.45e+58 factor_rho=5.62e-56 rho_eV2=3.62e+56 rho_final=2.03e+01
BG_FUNC: a=1.61e-06 V=1.48e-02 factor_V=2.45e+58 factor_rho=5.62e-56 rho_eV2=3.62e+56 rho_final=2.03e+01
BG_FUNC: a=6.35e-05 V=1.48e-02 factor_V=2.45e+58 factor_rho=5.62e-56 rho_eV2=3.61e+56 rho_final=2.03e+01
RIDDER SWITCHING: z_osc = 2551.24, a_osc = 3.918119e-04
DEBUG: Ridder field ENABLED. Lambda = 7.172776e-01
DEBUG: Ridder field ENABLED. Lambda = 7.172776e-01
BG_FUNC: a=5.72e-14 V=2.57e-02 factor_V=2.45e+58 factor_rho=5.62e-56 rho_eV2=6.29e+56 rho_final=3.53e+01
BG_FUNC: a=2.19e-12 V=2.57e-02 factor_V=2.45e+58 factor_rho=5.62e-56 rho_eV2=6.29e+56 rho_final=3.53e+01
BG_FUNC: a=8.68e-11 V=2.57e-02 factor_V=2.45e+58 factor_rho=5.62e-56 rho_eV2=6.29e+56 rho_final=3.53e+01
BG_FUNC: a=3.44e-09 V=2.57e-02 factor_V=2.45e+58 factor_rho=5.62e-56 rho_eV2=6.29e+56 rho_final=3.53e+01
BG_FUNC: a=1.37e-07 V=2.57e-02 factor_V=2.45e+58 factor_rho=5.62e-56 rho_eV2=6.29e+56 rho_final=3.53e+01
BG_FUNC: a=5.41e-06 V=2.57e-02 factor_V=2.45e+58 factor_rho=5.62e-56 rho_eV2=6.29e+56 rho_final=3.53e+01
BG_FUNC: a=2.13e-04 V=1.98e-02 factor_V=2.45e+58 factor_rho=5.62e-56 rho_eV2=5.34e+56 rho_final=3.00e+01
RIDDER SWITCHING: z_osc = 3022.50, a_osc = 3.307425e-04
DEBUG: Ridder field ENABLED. Lambda = 4.646862e-01
DEBUG: Ridder field ENABLED. Lambda = 4.646862e-01
BG_FUNC: a=2.22e-13 V=4.53e-03 factor_V=2.45e+58 factor_rho=5.62e-56 rho_eV2=1.11e+56 rho_final=6.23e+00
BG_FUNC: a=9.07e-12 V=4.53e-03 factor_V=2.45e+58 factor_rho=5.62e-56 rho_eV2=1.11e+56 rho_final=6.23e+00
BG_FUNC: a=3.70e-10 V=4.53e-03 factor_V=2.45e+58 factor_rho=5.62e-56 rho_eV2=1.11e+56 rho_final=6.23e+00
BG_FUNC: a=1.52e-08 V=4.53e-03 factor_V=2.45e+58 factor_rho=5.62e-56 rho_eV2=1.11e+56 rho_final=6.23e+00
BG_FUNC: a=6.23e-07 V=4.53e-03 factor_V=2.45e+58 factor_rho=5.62e-56 rho_eV2=1.11e+56 rho_final=6.23e+00
BG_FUNC: a=2.52e-05 V=4.53e-03 factor_V=2.45e+58 factor_rho=5.62e-56 rho_eV2=1.11e+56 rho_final=6.23e+00
RIDDER SWITCHING: z_osc = 1786.12, a_osc = 5.595582e-04
DEBUG: Ridder field ENABLED. Lambda = 6.778111e-01
DEBUG: Ridder field ENABLED. Lambda = 6.778111e-01
BG_FUNC: a=1.63e-14 V=2.05e-02 factor_V=2.45e+58 factor_rho=5.62e-56 rho_eV2=5.01e+56 rho_final=2.82e+01
BG_FUNC: a=6.17e-13 V=2.05e-02 factor_V=2.45e+58 factor_rho=5.62e-56 rho_eV2=5.01e+56 rho_final=2.82e+01
BG_FUNC: a=2.48e-11 V=2.05e-02 factor_V=2.45e+58 factor_rho=5.62e-56 rho_eV2=5.01e+56 rho_final=2.82e+01
BG_FUNC: a=9.96e-10 V=2.05e-02 factor_V=2.45e+58 factor_rho=5.62e-56 rho_eV2=5.01e+56 rho_final=2.82e+01
BG_FUNC: a=4.00e-08 V=2.05e-02 factor_V=2.45e+58 factor_rho=5.62e-56 rho_eV2=5.01e+56 rho_final=2.82e+01
BG_FUNC: a=1.61e-06 V=2.05e-02 factor_V=2.45e+58 factor_rho=5.62e-56 rho_eV2=5.01e+56 rho_final=2.82e+01
BG_FUNC: a=6.47e-05 V=2.05e-02 factor_V=2.45e+58 factor_rho=5.62e-56 rho_eV2=5.01e+56 rho_final=2.81e+01
RIDDER SWITCHING: z_osc = 2844.91, a_osc = 3.513813e-04
DEBUG: Ridder field ENABLED. Lambda = 5.856972e-01
DEBUG: Ridder field ENABLED. Lambda = 5.856972e-01
BG_FUNC: a=6.5[mcmc] Progress @ 2025-12-01 01:46:03 : 1557 steps taken, and 141 accepted.
0e-14 V=1.14e-02 factor_V=2.45e+58 factor_rho=5.62e-56 rho_eV2=2.80e+56 rho_final=1.57e+01
BG_FUNC: a=2.52e-12 V=1.14e-02 factor_V=2.45e+58 factor_rho=5.62e-56 rho_eV2=2.80e+56 rho_final=1.57e+01
BG_FUNC: a=1.01e-10 V=1.14e-02 factor_V=2.45e+58 factor_rho=5.62e-56 rho_eV2=2.80e+56 rho_final=1.57e+01
BG_FUNC: a=4.11e-09 V=1.14e-02 factor_V=2.45e+58 factor_rho=5.62e-56 rho_eV2=2.80e+56 rho_final=1.57e+01
BG_FUNC: a=1.64e-07 V=1.14e-02 factor_V=2.45e+58 factor_rho=5.62e-56 rho_eV2=2.80e+56 rho_final=1.57e+01
BG_FUNC: a=6.59e-06 V=1.14e-02 factor_V=2.45e+58 factor_rho=5.62e-56 rho_eV2=2.80e+56 rho_final=1.57e+01
BG_FUNC: a=2.63e-04 V=8.92e-03 factor_V=2.45e+58 factor_rho=5.62e-56 rho_eV2=2.40e+56 rho_final=1.35e+01
RIDDER SWITCHING: z_osc = 2347.95, a_osc = 4.257217e-04
DEBUG: Ridder field ENABLED. Lambda = 8.994154e-01
DEBUG: Ridder field ENABLED. Lambda = 8.994154e-01
BG_FUNC: a=2.13e-13 V=6.36e-02 factor_V=2.45e+58 factor_rho=5.62e-56 rho_eV2=1.55e+57 rho_final=8.74e+01
BG_FUNC: a=8.42e-12 V=6.36e-02 factor_V=2.45e+58 factor_rho=5.62e-56 rho_eV2=1.55e+57 rho_final=8.74e+01
BG_FUNC: a=3.35e-10 V=6.36e-02 factor_V=2.45e+58 factor_rho=5.62e-56 rho_eV2=1.55e+57 rho_final=8.74e+01
BG_FUNC: a=1.33e-08 V=6.36e-02 factor_V=2.45e+58 factor_rho=5.62e-56 rho_eV2=1.55e+57 rho_final=8.74e+01
BG_FUNC: a=5.31e-07 V=6.36e-02 factor_V=2.45e+58 factor_rho=5.62e-56 rho_eV2=1.55e+57 rho_final=8.74e+01
BG_FUNC: a=2.11e-05 V=6.36e-02 factor_V=2.45e+58 factor_rho=5.62e-56 rho_eV2=1.55e+57 rho_final=8.74e+01
RIDDER SWITCHING: z_osc = 3946.99, a_osc = 2.532934e-04
DEBUG: Ridder field ENABLED. Lambda = 6.632840e-01
DEBUG: Ridder field ENABLED. Lambda = 6.632840e-01
BG_FUNC: a=2.99e-14 V=1.88e-02 factor_V=2.45e+58 factor_rho=5.62e-56 rho_eV2=4.60e+56 rho_final=2.58e+01
BG_FUNC: a=1.14e-12 V=1.88e-02 factor_V=2.45e+58 factor_rho=5.62e-56 rho_eV2=4.60e+56 rho_final=2.58e+01
BG_FUNC: a=4.55e-11 V=1.88e-02 factor_V=2.45e+58 factor_rho=5.62e-56 rho_eV2=4.60e+56 rho_final=2.58e+01
BG_FUNC: a=1.82e-09 V=1.88e-02 factor_V=2.45e+58 factor_rho=5.62e-56 rho_eV2=4.60e+56 rho_final=2.58e+01
BG_FUNC: a=7.27e-08 V=1.88e-02 factor_V=2.45e+58 factor_rho=5.62e-56 rho_eV2=4.60e+56 rho_final=2.58e+01
BG_FUNC: a=2.91e-06 V=1.88e-02 factor_V=2.45e+58 factor_rho=5.62e-56 rho_eV2=4.60e+56 rho_final=2.58e+01
BG_FUNC: a=1.16e-04 V=1.84e-02 factor_V=2.45e+58 factor_rho=5.62e-56 rho_eV2=4.54e+56 rho_final=2.55e+01
RIDDER SWITCHING: z_osc = 2760.98, a_osc = 3.620591e-04
DEBUG: Ridder field ENABLED. Lambda = 6.511954e-01
DEBUG: Ridder field ENABLED. Lambda = 6.511954e-01
BG_FUNC: a=1.10e-13 V=1.75e-02 factor_V=2.45e+58 factor_rho=5.62e-56 rho_eV2=4.27e+56 rho_final=2.40e+01
BG_FUNC: a=4.37e-12 V=1.75e-02 factor_V=2.45e+58 factor_rho=5.62e-56 rho_eV2=4.27e+56 rho_final=2.40e+01
BG_FUNC: a=1.75e-10 V=1.75e-02 factor_V=2.45e+58 factor_rho=5.62e-56 rho_eV2=4.27e+56 rho_final=2.40e+01
BG_FUNC: a=6.88e-09 V=1.75e-02 factor_V=2.45e+58 factor_rho=5.62e-56 rho_eV2=4.27e+56 rho_final=2.40e+01
BG_FUNC: a=2.73e-07 V=1.75e-02 factor_V=2.45e+58 factor_rho=5.62e-56 rho_eV2=4.27e+56 rho_final=2.40e+01
BG_FUNC: a=1.08e-05 V=1.75e-02 factor_V=2.45e+58 factor_rho=5.62e-56 rho_eV2=4.27e+56 rho_final=2.40e+01
RIDDER SWITCHING: z_osc = 2701.28, a_osc = 3.700578e-04
DEBUG: Ridder field ENABLED. Lambda = 6.824127e-01
DEBUG: Ridder field ENABLED. Lambda = 6.824127e-01
BG_FUNC: a=1.07e-14 V=2.11e-02 factor_V=2.45e+58 factor_rho=5.62e-56 rho_eV2=5.15e+56 rho_final=2.90e+01
BG_FUNC: a=3.96e-13 V=2.11e-02 factor_V=2.45e+58 factor_rho=5.62e-56 rho_eV2=5.15e+56 rho_final=2.90e+01
BG_FUNC: a=1.58e-11 V=2.11e-02 factor_V=2.45e+58 factor_rho=5.62e-56 rho_eV2=5.15e+56 rho_final=2.90e+01
BG_FUNC: a=6.34e-10 V=2.11e-02 factor_V=2.45e+58 factor_rho=5.62e-56 rho_eV2=5.15e+56 rho_final=2.90e+01
BG_FUNC: a=2.53e-08 V=2.11e-02 factor_V=2.45e+58 factor_rho=5.62e-56 rho_eV2=5.15e+56 rho_final=2.90e+01
BG_FUNC: a=1.01e-06 V=2.11e-02 factor_V=2.45e+58 factor_rho=5.62e-56 rho_eV2=5.15e+56 rho_final=2.90e+01
BG_FUNC: a=4.05e-05 V=2.11e-02 factor_V=2.45e+58 factor_rho=5.62e-56 rho_eV2=5.15e+56 rho_final=2.90e+01
RIDDER SWITCH[mcmc] Progress @ 2025-12-01 01:47:03 : 1632 steps taken, and 151 accepted.
ING: z_osc = 2847.78, a_osc = 3.510279e-04
DEBUG: Ridder field ENABLED. Lambda = 5.365077e-01
DEBUG: Ridder field ENABLED. Lambda = 5.365077e-01
BG_FUNC: a=4.12e-14 V=8.05e-03 factor_V=2.45e+58 factor_rho=5.62e-56 rho_eV2=1.97e+56 rho_final=1.11e+01
BG_FUNC: a=1.57e-12 V=8.05e-03 factor_V=2.45e+58 factor_rho=5.62e-56 rho_eV2=1.97e+56 rho_final=1.11e+01
BG_FUNC: a=6.22e-11 V=8.05e-03 factor_V=2.45e+58 factor_rho=5.62e-56 rho_eV2=1.97e+56 rho_final=1.11e+01
BG_FUNC: a=2.47e-09 V=8.05e-03 factor_V=2.45e+58 factor_rho=5.62e-56 rho_eV2=1.97e+56 rho_final=1.11e+01
BG_FUNC: a=9.81e-08 V=8.05e-03 factor_V=2.45e+58 factor_rho=5.62e-56 rho_eV2=1.97e+56 rho_final=1.11e+01
BG_FUNC: a=3.90e-06 V=8.05e-03 factor_V=2.45e+58 factor_rho=5.62e-56 rho_eV2=1.97e+56 rho_final=1.11e+01
BG_FUNC: a=1.54e-04 V=7.84e-03 factor_V=2.45e+58 factor_rho=5.62e-56 rho_eV2=1.94e+56 rho_final=1.09e+01
RIDDER SWITCHING: z_osc = 2152.86, a_osc = 4.642828e-04
DEBUG: Ridder field ENABLED. Lambda = 4.463664e-01
DEBUG: Ridder field ENABLED. Lambda = 4.463664e-01
BG_FUNC: a=1.13e-13 V=3.86e-03 factor_V=2.45e+58 factor_rho=5.62e-56 rho_eV2=9.43e+55 rho_final=5.30e+00
BG_FUNC: a=4.43e-12 V=3.86e-03 factor_V=2.45e+58 factor_rho=5.62e-56 rho_eV2=9.43e+55 rho_final=5.30e+00
BG_FUNC: a=1.74e-10 V=3.86e-03 factor_V=2.45e+58 factor_rho=5.62e-56 rho_eV2=9.43e+55 rho_final=5.30e+00
BG_FUNC: a=6.80e-09 V=3.86e-03 factor_V=2.45e+58 factor_rho=5.62e-56 rho_eV2=9.43e+55 rho_final=5.30e+00
BG_FUNC: a=2.66e-07 V=3.86e-03 factor_V=2.45e+58 factor_rho=5.62e-56 rho_eV2=9.43e+55 rho_final=5.30e+00
BG_FUNC: a=1.03e-05 V=3.86e-03 factor_V=2.45e+58 factor_rho=5.62e-56 rho_eV2=9.43e+55 rho_final=5.30e+00
BG_FUNC: a=3.92e-04 V=2.72e-03 factor_V=2.45e+58 factor_rho=5.62e-56 rho_eV2=7.57e+55 rho_final=4.26e+00
RIDDER SWITCHING: z_osc = 1690.85, a_osc = 5.910700e-04
DEBUG: Ridder field ENABLED. Lambda = 4.355784e-01
DEBUG: Ridder field ENABLED. Lambda = 4.355784e-01
BG_FUNC: a=2.24e-13 V=3.50e-03 factor_V=2.45e+58 factor_rho=5.62e-56 rho_eV2=8.55e+55 rho_final=4.81e+00
BG_FUNC: a=8.78e-12 V=3.50e-03 factor_V=2.45e+58 factor_rho=5.62e-56 rho_eV2=8.55e+55 rho_final=4.81e+00
BG_FUNC: a=3.45e-10 V=3.50e-03 factor_V=2.45e+58 factor_rho=5.62e-56 rho_eV2=8.55e+55 rho_final=4.81e+00
BG_FUNC: a=1.35e-08 V=3.50e-03 factor_V=2.45e+58 factor_rho=5.62e-56 rho_eV2=8.55e+55 rho_final=4.81e+00
BG_FUNC: a=5.31e-07 V=3.50e-03 factor_V=2.45e+58 factor_rho=5.62e-56 rho_eV2=8.55e+55 rho_final=4.81e+00
BG_FUNC: a=2.06e-05 V=3.50e-03 factor_V=2.45e+58 factor_rho=5.62e-56 rho_eV2=8.55e+55 rho_final=4.81e+00
RIDDER SWITCHING: z_osc = 1641.91, a_osc = 6.086779e-04
DEBUG: Ridder field ENABLED. Lambda = 7.111565e-01
DEBUG: Ridder field ENABLED. Lambda = 7.111565e-01
BG_FUNC: a=1.23e-14 V=2.48e-02 factor_V=2.45e+58 factor_rho=5.62e-56 rho_eV2=6.08e+56 rho_final=3.42e+01
BG_FUNC: a=4.54e-13 V=2.48e-02 factor_V=2.45e+58 factor_rho=5.62e-56 rho_eV2=6.08e+56 rho_final=3.42e+01
BG_FUNC: a=1.80e-11 V=2.48e-02 factor_V=2.45e+58 factor_rho=5.62e-56 rho_eV2=6.08e+56 rho_final=3.42e+01
BG_FUNC: a=7.17e-10 V=2.48e-02 factor_V=2.45e+58 factor_rho=5.62e-56 rho_eV2=6.08e+56 rho_final=3.42e+01
BG_FUNC: a=2.85e-08 V=2.48e-02 factor_V=2.45e+58 factor_rho=5.62e-56 rho_eV2=6.08e+56 rho_final=3.42e+01
BG_FUNC: a=1.13e-06 V=2.48e-02 factor_V=2.45e+58 factor_rho=5.62e-56 rho_eV2=6.08e+56 rho_final=3.42e+01
BG_FUNC: a=4.53e-05 V=2.48e-02 factor_V=2.45e+58 factor_rho=5.62e-56 rho_eV2=6.07e+56 rho_final=3.41e+01
RIDDER SWITCHING: z_osc = 3004.38, a_osc = 3.327363e-04
DEBUG: Ridder field ENABLED. Lambda = 6.610383e-01
DEBUG: Ridder field ENABLED. Lambda = 6.610383e-01
BG_FUNC: a=4.79e-14 V=1.85e-02 factor_V=2.45e+58 factor_rho=5.62e-56 rho_eV2=4.54e+56 rho_final=2.55e+01
BG_FUNC: a=1.84e-12 V=1.85e-02 factor_V=2.45e+58 factor_rho=5.62e-56 rho_eV2=4.54e+56 rho_final=2.55e+01
BG_FUNC: a=7.38e-11 V=1.85e-02 factor_V=2.45e+58 factor_rho=5.62e-56 rho_eV2=4.54e+56 rho_final=2.55e+01
BG_FUNC: a=2.96e-09 V=1.85e-02 factor_V=2.45e+58 factor_rho=5.62e-56 rho_eV2=4.54e+56 rho_final=2.55e+01
BG_FUNC: a=1.18e-07 V=1.85e-02 factor_V=2.45e+58 factor_rho=5.62[mcmc] Progress @ 2025-12-01 01:48:06 : 1752 steps taken, and 170 accepted.
e-56 rho_eV2=4.54e+56 rho_final=2.55e+01
BG_FUNC: a=4.74e-06 V=1.85e-02 factor_V=2.45e+58 factor_rho=5.62e-56 rho_eV2=4.54e+56 rho_final=2.55e+01
BG_FUNC: a=1.88e-04 V=1.64e-02 factor_V=2.45e+58 factor_rho=5.62e-56 rho_eV2=4.20e+56 rho_final=2.36e+01
RIDDER SWITCHING: z_osc = 2743.32, a_osc = 3.643895e-04
DEBUG: Ridder field ENABLED. Lambda = 6.896962e-01
DEBUG: Ridder field ENABLED. Lambda = 6.896962e-01
BG_FUNC: a=1.78e-13 V=2.20e-02 factor_V=2.45e+58 factor_rho=5.62e-56 rho_eV2=5.37e+56 rho_final=3.02e+01
BG_FUNC: a=7.10e-12 V=2.20e-02 factor_V=2.45e+58 factor_rho=5.62e-56 rho_eV2=5.37e+56 rho_final=3.02e+01
BG_FUNC: a=2.86e-10 V=2.20e-02 factor_V=2.45e+58 factor_rho=5.62e-56 rho_eV2=5.37e+56 rho_final=3.02e+01
BG_FUNC: a=1.13e-08 V=2.20e-02 factor_V=2.45e+58 factor_rho=5.62e-56 rho_eV2=5.37e+56 rho_final=3.02e+01
BG_FUNC: a=4.53e-07 V=2.20e-02 factor_V=2.45e+58 factor_rho=5.62e-56 rho_eV2=5.37e+56 rho_final=3.02e+01
BG_FUNC: a=1.81e-05 V=2.20e-02 factor_V=2.45e+58 factor_rho=5.62e-56 rho_eV2=5.37e+56 rho_final=3.02e+01
RIDDER SWITCHING: z_osc = 2884.15, a_osc = 3.466021e-04
DEBUG: Ridder field ENABLED. Lambda = 3.682388e-01
DEBUG: Ridder field ENABLED. Lambda = 3.682388e-01
BG_FUNC: a=1.91e-14 V=1.79e-03 factor_V=2.45e+58 factor_rho=5.62e-56 rho_eV2=4.37e+55 rho_final=2.46e+00
BG_FUNC: a=7.00e-13 V=1.79e-03 factor_V=2.45e+58 factor_rho=5.62e-56 rho_eV2=4.37e+55 rho_final=2.46e+00
BG_FUNC: a=2.75e-11 V=1.79e-03 factor_V=2.45e+58 factor_rho=5.62e-56 rho_eV2=4.37e+55 rho_final=2.46e+00
BG_FUNC: a=1.08e-09 V=1.79e-03 factor_V=2.45e+58 factor_rho=5.62e-56 rho_eV2=4.37e+55 rho_final=2.46e+00
BG_FUNC: a=4.24e-08 V=1.79e-03 factor_V=2.45e+58 factor_rho=5.62e-56 rho_eV2=4.37e+55 rho_final=2.46e+00
BG_FUNC: a=1.66e-06 V=1.79e-03 factor_V=2.45e+58 factor_rho=5.62e-56 rho_eV2=4.37e+55 rho_final=2.46e+00
BG_FUNC: a=6.38e-05 V=1.79e-03 factor_V=2.45e+58 factor_rho=5.62e-56 rho_eV2=4.37e+55 rho_final=2.46e+00
RIDDER SWITCHING: z_osc = 1331.70, a_osc = 7.503546e-04
DEBUG: Ridder field ENABLED. Lambda = 6.422322e-01
DEBUG: Ridder field ENABLED. Lambda = 6.422322e-01
BG_FUNC: a=3.10e-14 V=1.65e-02 factor_V=2.45e+58 factor_rho=5.62e-56 rho_eV2=4.04e+56 rho_final=2.27e+01
BG_FUNC: a=1.17e-12 V=1.65e-02 factor_V=2.45e+58 factor_rho=5.62e-56 rho_eV2=4.04e+56 rho_final=2.27e+01
BG_FUNC: a=4.71e-11 V=1.65e-02 factor_V=2.45e+58 factor_rho=5.62e-56 rho_eV2=4.04e+56 rho_final=2.27e+01
BG_FUNC: a=1.89e-09 V=1.65e-02 factor_V=2.45e+58 factor_rho=5.62e-56 rho_eV2=4.04e+56 rho_final=2.27e+01
BG_FUNC: a=7.59e-08 V=1.65e-02 factor_V=2.45e+58 factor_rho=5.62e-56 rho_eV2=4.04e+56 rho_final=2.27e+01
BG_FUNC: a=3.08e-06 V=1.65e-02 factor_V=2.45e+58 factor_rho=5.62e-56 rho_eV2=4.04e+56 rho_final=2.27e+01
BG_FUNC: a=1.22e-04 V=1.62e-02 factor_V=2.45e+58 factor_rho=5.62e-56 rho_eV2=3.99e+56 rho_final=2.24e+01
RIDDER SWITCHING: z_osc = 2659.38, a_osc = 3.758860e-04
DEBUG: Ridder field ENABLED. Lambda = 6.913828e-01
DEBUG: Ridder field ENABLED. Lambda = 6.913828e-01
BG_FUNC: a=1.11e-13 V=2.22e-02 factor_V=2.45e+58 factor_rho=5.62e-56 rho_eV2=5.43e+56 rho_final=3.05e+01
BG_FUNC: a=4.45e-12 V=2.22e-02 factor_V=2.45e+58 factor_rho=5.62e-56 rho_eV2=5.43e+56 rho_final=3.05e+01
BG_FUNC: a=1.78e-10 V=2.22e-02 factor_V=2.45e+58 factor_rho=5.62e-56 rho_eV2=5.43e+56 rho_final=3.05e+01
BG_FUNC: a=7.18e-09 V=2.22e-02 factor_V=2.45e+58 factor_rho=5.62e-56 rho_eV2=5.43e+56 rho_final=3.05e+01
BG_FUNC: a=2.85e-07 V=2.22e-02 factor_V=2.45e+58 factor_rho=5.62e-56 rho_eV2=5.43e+56 rho_final=3.05e+01
BG_FUNC: a=1.14e-05 V=2.22e-02 factor_V=2.45e+58 factor_rho=5.62e-56 rho_eV2=5.43e+56 rho_final=3.05e+01
RIDDER SWITCHING: z_osc = 2919.33, a_osc = 3.424270e-04
DEBUG: Ridder field ENABLED. Lambda = 1.369012e+00
DEBUG: Ridder field ENABLED. Lambda = 1.369012e+00
BG_FUNC: a=1.22e-14 V=3.41e-01 factor_V=2.45e+58 factor_rho=5.62e-56 rho_eV2=8.34e+57 rho_final=4.69e+02
BG_FUNC: a=4.52e-13 V=3.41e-01 factor_V=2.45e+58 factor_rho=5.62e-56 rho_eV2=8.34e+57 rho_final=4.69e+02
BG_FUNC: a=1.81e-11 V=3.41e-01 factor_V=2.45e+58 factor_rho=5.62e-56 rho_eV2=8.34e+57 rho_final=4.69e+02
BG_FUNC: a=7.24e-10 V=3.41e-01 factor_V=2.45e+58 factor_rho=5.62e-56 rho_eV2=8.34e+57 rho_final=4.69e+02
BG_FUNC: a=2.90e-08 V=3.41e-01 factor_V=2.45e+58 factor_rho=5.62e-56 rho_eV2=8.34e+57 rho_final=4.69e+02
BG_FUNC: a=1.16e-06 V=3.41e-01 factor_V=2.45e+58 factor_rho=5.62e-56 rho_eV2=8.34e+57 rho_final=4.69e+02
BG_FUNC: a=4.63e-05 V=3.37e-01 factor_V=2.45e+58 factor_rho=5.62e-56 rho_eV2=8.29e+57 rho_final=4.66e+02
RIDDER SWITCHING: z_osc = 6405.60, a_osc = 1.560891e-04
DEBUG: Ridder field ENABLED. Lambda = 7.417664e-01
DEBUG: Ridder field ENABLED. Lambda = 7.417664e-01
BG_FUNC: a=1.01e-13 V=2.94e-02 factor_V=2.45e+58 factor_rho=5.62e-56 rho_eV2=7.19e+56 rho_final=4.04e+01
BG_FUNC: a=4.02e-12 V=2.94e-02 factor_V=2.45e+58 factor_rho=5.62e-56 rho_eV2=7.19e+56 rho_final=4.04e+01
BG_FUNC: a=1.61e-10 V=2.94e-02 factor_V=2.45e+58 factor_rho=5.62e-56 rho_eV2=7.19e+56 rho_final=4.04e+01
BG_FUNC: a=6.33e-09 V=2.94e-02 factor_V=2.45e+58 factor_rho=5.62e-56 rho_eV2=7.19e+56 rho_final=4.04e+01
BG_FUNC: a=2.51e-07 V=2.94e-02 factor_V=2.45e+58 factor_rho=5.62e-56 rho_eV2=7.19e+56 rho_final=4.04e+01
BG_FUNC: a=9.96e-06 V=2.94e-02 factor_V=2.45e+58 factor_rho=5.62e-56 rho_eV2=7.19e+56 rho_final=4.04e+01
RIDDER SWITCHING: z_osc = 3137.74, a_osc = 3.185994e-04
DEBUG: Ridder field ENABLED. Lambda = 6.752292e-01
DEBUG: Ridder field ENABLED. Lambda = 6.752292e-01
BG_FUNC: a=1.13e-14 V=2.02e-02 factor_V=2.45e+58 factor_rho=5.62e-56 rho_eV2=4.94e+56 rho_final=2.78e+01
BG_FUNC: a=4.25e-13 V=2.02e-02 factor_V=2.45e+58 factor_rho=5.62e-56 rho_eV2=4.94e+56 rho_final=2.78e+01
BG_FUNC: a=1.68e-11 V=2.02e-02 factor_V=2.45e+58 factor_rho=5.62e-56 rho_eV2=4.94e+56 rho_final=2.78e+01
BG_FUNC: a=6.69e-10 V=2.02e-02 factor_V=2.45e+58 factor_rho=5.62e-56 rho_eV2=4.94e+56 rho_final=2.78e+01
BG_FUNC: a=2.67e-08 V=2.02e-02 factor_V=2.45e+58 factor_rho=5.62e-56 rho_eV2=4.94e+56 rho_final=2.78e+01
BG_FUNC: a=1.06e-06 V=2.02e-02 factor_V=2.45e+58 factor_rho=5.62e-56 rho_eV2=4.94e+56 rho_final=2.78e+01
BG_FUNC: a=4.23e-05 V=2.02e-02 factor_V=2.45e+58 factor_rho=5.62e-56 rho_eV2=4.94e+56 rho_final=2.78e+01
RIDDER SWITCHING: z_osc = 2820.99, a_osc = 3.543593e-04
DEBUG: Ridder field ENABLED. Lambda = 7.306036e-01
DEBUG: Ridder field ENABLED. Lambda = 7.306036e-01
BG_FUNC: a=4.27e-14 V=2.77e-02 factor_V=2.45e+58 factor_rho=5.62e-56 rho_eV2=6.77e+56 rho_final=3.80e+01
BG_FUNC: a=1.62e-12 V=2.77e-02 factor_V=2.45e+58 factor_rho=5.62e-56 rho_eV2=6.77e+56 rho_final=3.80e+01
BG_FUNC: a=6.43e-11 V=2.77e-02 factor_V=2.45e+58 factor_rho=5.62e-56 rho_eV2=6.77e+56 rho_final=3.80e+01
BG_FUNC: a=2.55e-09 V=2.77e-02 factor_V=2.45e+58 factor_rho=5.62e-56 rho_eV2=6.77e+56 rho_final=3.80e+01
BG_FUNC: a=1.01e-07 V=2.77e-02 factor_V=2.45e+58 factor_rho=5.62e-56 rho_eV2=6.77e+56 rho_final=3.80e+01
BG_FUNC: a=4.01e-06 V=2.77e-02 factor_V=2.45e+58 factor_rho=5.62e-56 rho_eV2=6.77e+56 rho_final=3.80e+01
BG_FUNC: a=1.58e-04 V=2.51e-02 factor_V=2.45e+58 factor_rho=5.62e-56 rho_eV2=6.38e+56 rho_final=3.59e+01
RIDDER SWITCHING: z_osc = 3087.54, a_osc = 3.237775e-04
DEBUG: Ridder field ENABLED. Lambda = 1.029883e+00
DEBUG: Ridder field ENABLED. Lambda = 1.029883e+00
BG_FUNC: a=1.66e-13 V=1.09e-01 factor_V=2.45e+58 factor_rho=5.62e-56 rho_eV2=2.67e+57 rho_final=1.50e+02
BG_FUNC: a=6.60e-12 V=1.09e-01 factor_V=2.45e+58 factor_rho=5.62e-56 rho_eV2=2.67e+57 rho_final=1.50e+02
BG_FUNC: a=2.62e-10 V=1.09e-01 factor_V=2.45e+58 factor_rho=5.62e-56 rho_eV2=2.67e+57 rho_final=1.50e+02
BG_FUNC: a=1.04e-08 V=1.09e-01 factor_V=2.45e+58 factor_rho=5.62e-56 rho_eV2=2.67e+57 rho_final=1.50e+02
BG_FUNC: a=4.12e-07 V=1.09e-01 factor_V=2.45e+58 factor_rho=5.62e-56 rho_eV2=2.67e+57 rho_final=1.50e+02
BG_FUNC: a=1.63e-05 V=1.09e-01 factor_V=2.45e+58 factor_rho=5.62e-56 rho_eV2=2.67e+57 rho_final=1.50e+02
RIDDER SWITCHING: z_osc = 4642.62, a_osc = 2.153491e-04
DEBUG: Ridder field ENABLED. Lambda = 9.562436e-01
DEBUG: Ridder field ENABLED. Lambda = 9.562436e-01
BG_FUNC: a=2.71e-14 V=8.12e-02 factor_V=2.45e+58 factor_rho=5.62e-56 rho_eV2=1.99e+57 rho_final=1.12e+02
BG_FUNC: a=1.03e-12 V=8.12e-02 factor_V=2.45e+58 factor_rho=5[mcmc] Progress @ 2025-12-01 01:49:14 : 1869 steps taken, and 188 accepted.
.62e-56 rho_eV2=1.99e+57 rho_final=1.12e+02
BG_FUNC: a=4.07e-11 V=8.12e-02 factor_V=2.45e+58 factor_rho=5.62e-56 rho_eV2=1.99e+57 rho_final=1.12e+02
BG_FUNC: a=1.61e-09 V=8.12e-02 factor_V=2.45e+58 factor_rho=5.62e-56 rho_eV2=1.99e+57 rho_final=1.12e+02
BG_FUNC: a=6.39e-08 V=8.12e-02 factor_V=2.45e+58 factor_rho=5.62e-56 rho_eV2=1.99e+57 rho_final=1.12e+02
BG_FUNC: a=2.53e-06 V=8.12e-02 factor_V=2.45e+58 factor_rho=5.62e-56 rho_eV2=1.99e+57 rho_final=1.12e+02
BG_FUNC: a=9.99e-05 V=7.72e-02 factor_V=2.45e+58 factor_rho=5.62e-56 rho_eV2=1.93e+57 rho_final=1.08e+02
RIDDER SWITCHING: z_osc = 4249.34, a_osc = 2.352751e-04
DEBUG: Ridder field ENABLED. Lambda = 9.185531e-01
DEBUG: Ridder field ENABLED. Lambda = 9.185531e-01
BG_FUNC: a=1.45e-13 V=6.92e-02 factor_V=2.45e+58 factor_rho=5.62e-56 rho_eV2=1.69e+57 rho_final=9.51e+01
BG_FUNC: a=5.73e-12 V=6.92e-02 factor_V=2.45e+58 factor_rho=5.62e-56 rho_eV2=1.69e+57 rho_final=9.51e+01
BG_FUNC: a=2.27e-10 V=6.92e-02 factor_V=2.45e+58 factor_rho=5.62e-56 rho_eV2=1.69e+57 rho_final=9.51e+01
BG_FUNC: a=8.99e-09 V=6.92e-02 factor_V=2.45e+58 factor_rho=5.62e-56 rho_eV2=1.69e+57 rho_final=9.51e+01
BG_FUNC: a=3.56e-07 V=6.92e-02 factor_V=2.45e+58 factor_rho=5.62e-56 rho_eV2=1.69e+57 rho_final=9.51e+01
BG_FUNC: a=1.41e-05 V=6.92e-02 factor_V=2.45e+58 factor_rho=5.62e-56 rho_eV2=1.69e+57 rho_final=9.51e+01
RIDDER SWITCHING: z_osc = 4043.73, a_osc = 2.472350e-04
DEBUG: Ridder field ENABLED. Lambda = 6.434265e-01
DEBUG: Ridder field ENABLED. Lambda = 6.434265e-01
BG_FUNC: a=2.04e-14 V=1.66e-02 factor_V=2.45e+58 factor_rho=5.62e-56 rho_eV2=4.07e+56 rho_final=2.29e+01
BG_FUNC: a=7.68e-13 V=1.66e-02 factor_V=2.45e+58 factor_rho=5.62e-56 rho_eV2=4.07e+56 rho_final=2.29e+01
BG_FUNC: a=3.04e-11 V=1.66e-02 factor_V=2.45e+58 factor_rho=5.62e-56 rho_eV2=4.07e+56 rho_final=2.29e+01
BG_FUNC: a=1.21e-09 V=1.66e-02 factor_V=2.45e+58 factor_rho=5.62e-56 rho_eV2=4.07e+56 rho_final=2.29e+01
BG_FUNC: a=4.78e-08 V=1.66e-02 factor_V=2.45e+58 factor_rho=5.62e-56 rho_eV2=4.07e+56 rho_final=2.29e+01
BG_FUNC: a=1.90e-06 V=1.66e-02 factor_V=2.45e+58 factor_rho=5.62e-56 rho_eV2=4.07e+56 rho_final=2.29e+01
BG_FUNC: a=7.45e-05 V=1.66e-02 factor_V=2.45e+58 factor_rho=5.62e-56 rho_eV2=4.06e+56 rho_final=2.28e+01
RIDDER SWITCHING: z_osc = 2649.34, a_osc = 3.773101e-04
DEBUG: Ridder field ENABLED. Lambda = 6.306885e-01
DEBUG: Ridder field ENABLED. Lambda = 6.306885e-01
BG_FUNC: a=6.99e-14 V=1.54e-02 factor_V=2.45e+58 factor_rho=5.62e-56 rho_eV2=3.76e+56 rho_final=2.11e+01
BG_FUNC: a=2.68e-12 V=1.54e-02 factor_V=2.45e+58 factor_rho=5.62e-56 rho_eV2=3.76e+56 rho_final=2.11e+01
BG_FUNC: a=1.06e-10 V=1.54e-02 factor_V=2.45e+58 factor_rho=5.62e-56 rho_eV2=3.76e+56 rho_final=2.11e+01
BG_FUNC: a=4.22e-09 V=1.54e-02 factor_V=2.45e+58 factor_rho=5.62e-56 rho_eV2=3.76e+56 rho_final=2.11e+01
BG_FUNC: a=1.69e-07 V=1.54e-02 factor_V=2.45e+58 factor_rho=5.62e-56 rho_eV2=3.76e+56 rho_final=2.11e+01
BG_FUNC: a=6.65e-06 V=1.54e-02 factor_V=2.45e+58 factor_rho=5.62e-56 rho_eV2=3.76e+56 rho_final=2.11e+01
BG_FUNC: a=2.61e-04 V=1.10e-02 factor_V=2.45e+58 factor_rho=5.62e-56 rho_eV2=3.05e+56 rho_final=1.71e+01
RIDDER SWITCHING: z_osc = 2620.47, a_osc = 3.814660e-04
DEBUG: Ridder field ENABLED. Lambda = 7.276190e-01
DEBUG: Ridder field ENABLED. Lambda = 7.276190e-01
BG_FUNC: a=2.37e-13 V=2.72e-02 factor_V=2.45e+58 factor_rho=5.62e-56 rho_eV2=6.66e+56 rho_final=3.74e+01
BG_FUNC: a=9.45e-12 V=2.72e-02 factor_V=2.45e+58 factor_rho=5.62e-56 rho_eV2=6.66e+56 rho_final=3.74e+01
BG_FUNC: a=3.80e-10 V=2.72e-02 factor_V=2.45e+58 factor_rho=5.62e-56 rho_eV2=6.66e+56 rho_final=3.74e+01
BG_FUNC: a=1.50e-08 V=2.72e-02 factor_V=2.45e+58 factor_rho=5.62e-56 rho_eV2=6.66e+56 rho_final=3.74e+01
BG_FUNC: a=5.99e-07 V=2.72e-02 factor_V=2.45e+58 factor_rho=5.62e-56 rho_eV2=6.66e+56 rho_final=3.74e+01
BG_FUNC: a=2.39e-05 V=2.72e-02 factor_V=2.45e+58 factor_rho=5.62e-56 rho_eV2=6.66e+56 rho_final=3.74e+01
RIDDER SWITCHING: z_osc = 3082.95, a_osc = 3.242599e-04
DEBUG: Ridder field ENABLED. Lambda = 6.435181e-01
DEBUG: Ridder field ENABLED. Lambda = 6.435181e-01
BG_FUNC[mcmc] Progress @ 2025-12-01 01:50:20 : 1963 steps taken, and 202 accepted.
: a=2.62e-14 V=1.67e-02 factor_V=2.45e+58 factor_rho=5.62e-56 rho_eV2=4.07e+56 rho_final=2.29e+01
BG_FUNC: a=1.01e-12 V=1.67e-02 factor_V=2.45e+58 factor_rho=5.62e-56 rho_eV2=4.07e+56 rho_final=2.29e+01
BG_FUNC: a=3.99e-11 V=1.67e-02 factor_V=2.45e+58 factor_rho=5.62e-56 rho_eV2=4.07e+56 rho_final=2.29e+01
BG_FUNC: a=1.59e-09 V=1.67e-02 factor_V=2.45e+58 factor_rho=5.62e-56 rho_eV2=4.07e+56 rho_final=2.29e+01
BG_FUNC: a=6.37e-08 V=1.67e-02 factor_V=2.45e+58 factor_rho=5.62e-56 rho_eV2=4.07e+56 rho_final=2.29e+01
BG_FUNC: a=2.55e-06 V=1.67e-02 factor_V=2.45e+58 factor_rho=5.62e-56 rho_eV2=4.07e+56 rho_final=2.29e+01
BG_FUNC: a=1.01e-04 V=1.65e-02 factor_V=2.45e+58 factor_rho=5.62e-56 rho_eV2=4.05e+56 rho_final=2.27e+01
RIDDER SWITCHING: z_osc = 2655.38, a_osc = 3.764516e-04
DEBUG: Ridder field ENABLED. Lambda = 5.017799e-01
DEBUG: Ridder field ENABLED. Lambda = 5.017799e-01
BG_FUNC: a=9.24e-14 V=6.16e-03 factor_V=2.45e+58 factor_rho=5.62e-56 rho_eV2=1.51e+56 rho_final=8.47e+00
BG_FUNC: a=3.61e-12 V=6.16e-03 factor_V=2.45e+58 factor_rho=5.62e-56 rho_eV2=1.51e+56 rho_final=8.47e+00
BG_FUNC: a=1.42e-10 V=6.16e-03 factor_V=2.45e+58 factor_rho=5.62e-56 rho_eV2=1.51e+56 rho_final=8.47e+00
BG_FUNC: a=5.57e-09 V=6.16e-03 factor_V=2.45e+58 factor_rho=5.62e-56 rho_eV2=1.51e+56 rho_final=8.47e+00
BG_FUNC: a=2.19e-07 V=6.16e-03 factor_V=2.45e+58 factor_rho=5.62e-56 rho_eV2=1.51e+56 rho_final=8.47e+00
BG_FUNC: a=8.60e-06 V=6.16e-03 factor_V=2.45e+58 factor_rho=5.62e-56 rho_eV2=1.51e+56 rho_final=8.47e+00
BG_FUNC: a=3.28e-04 V=4.55e-03 factor_V=2.45e+58 factor_rho=5.62e-56 rho_eV2=1.25e+56 rho_final=7.02e+00
RIDDER SWITCHING: z_osc = 1952.40, a_osc = 5.119283e-04
DEBUG: Ridder field ENABLED. Lambda = 6.810815e-01
DEBUG: Ridder field ENABLED. Lambda = 6.810815e-01
BG_FUNC: a=2.21e-13 V=2.09e-02 factor_V=2.45e+58 factor_rho=5.62e-56 rho_eV2=5.11e+56 rho_final=2.87e+01
BG_FUNC: a=8.87e-12 V=2.09e-02 factor_V=2.45e+58 factor_rho=5.62e-56 rho_eV2=5.11e+56 rho_final=2.87e+01
BG_FUNC: a=3.56e-10 V=2.09e-02 factor_V=2.45e+58 factor_rho=5.62e-56 rho_eV2=5.11e+56 rho_final=2.87e+01
BG_FUNC: a=1.43e-08 V=2.09e-02 factor_V=2.45e+58 factor_rho=5.62e-56 rho_eV2=5.11e+56 rho_final=2.87e+01
BG_FUNC: a=5.75e-07 V=2.09e-02 factor_V=2.45e+58 factor_rho=5.62e-56 rho_eV2=5.11e+56 rho_final=2.87e+01
BG_FUNC: a=2.31e-05 V=2.09e-02 factor_V=2.45e+58 factor_rho=5.62e-56 rho_eV2=5.11e+56 rho_final=2.87e+01
RIDDER SWITCHING: z_osc = 2860.82, a_osc = 3.494286e-04
DEBUG: Ridder field ENABLED. Lambda = 6.993885e-01
DEBUG: Ridder field ENABLED. Lambda = 6.993885e-01
BG_FUNC: a=2.38e-14 V=2.32e-02 factor_V=2.45e+58 factor_rho=5.62e-56 rho_eV2=5.68e+56 rho_final=3.20e+01
BG_FUNC: a=8.96e-13 V=2.32e-02 factor_V=2.45e+58 factor_rho=5.62e-56 rho_eV2=5.68e+56 rho_final=3.20e+01
BG_FUNC: a=3.56e-11 V=2.32e-02 factor_V=2.45e+58 factor_rho=5.62e-56 rho_eV2=5.68e+56 rho_final=3.20e+01
BG_FUNC: a=1.41e-09 V=2.32e-02 factor_V=2.45e+58 factor_rho=5.62e-56 rho_eV2=5.68e+56 rho_final=3.20e+01
BG_FUNC: a=5.60e-08 V=2.32e-02 factor_V=2.45e+58 factor_rho=5.62e-56 rho_eV2=5.68e+56 rho_final=3.20e+01
BG_FUNC: a=2.24e-06 V=2.32e-02 factor_V=2.45e+58 factor_rho=5.62e-56 rho_eV2=5.68e+56 rho_final=3.20e+01
BG_FUNC: a=8.77e-05 V=2.30e-02 factor_V=2.45e+58 factor_rho=5.62e-56 rho_eV2=5.65e+56 rho_final=3.18e+01
RIDDER SWITCHING: z_osc = 2944.56, a_osc = 3.394944e-04
DEBUG: Ridder field ENABLED. Lambda = 5.802321e-01
DEBUG: Ridder field ENABLED. Lambda = 5.802321e-01
BG_FUNC: a=8.98e-14 V=1.10e-02 factor_V=2.45e+58 factor_rho=5.62e-56 rho_eV2=2.69e+56 rho_final=1.51e+01
BG_FUNC: a=3.51e-12 V=1.10e-02 factor_V=2.45e+58 factor_rho=5.62e-56 rho_eV2=2.69e+56 rho_final=1.51e+01
BG_FUNC: a=1.39e-10 V=1.10e-02 factor_V=2.45e+58 factor_rho=5.62e-56 rho_eV2=2.69e+56 rho_final=1.51e+01
BG_FUNC: a=5.50e-09 V=1.10e-02 factor_V=2.45e+58 factor_rho=5.62e-56 rho_eV2=2.69e+56 rho_final=1.51e+01
BG_FUNC: a=2.18e-07 V=1.10e-02 factor_V=2.45e+58 factor_rho=5.62e-56 rho_eV2=2.69e+56 rho_final=1.51e+01
BG_FUNC: a=8.62e-06 V=1.10e-02 factor_V=2.45e+58 factor_rho=5.62e-56 rho_eV2=2.69e+56 rho_final=1.51e+01
BG_FUNC: a=3.34e-04 V=6.45e-03 factor_V=2.45e+58 factor_rho=5.62e-56 rho_eV2=1.93e+56 rho_final=1.08e+01
RIDDER SWITCHING: z_osc = 2301.17, a_osc = 4.343724e-04
DEBUG: Ridder field ENABLED. Lambda = 5.247682e-01
DEBUG: Ridder field ENABLED. Lambda = 5.247682e-01
BG_FUNC: a=2.66e-13 V=7.37e-03 factor_V=2.45e+58 factor_rho=5.62e-56 rho_eV2=1.80e+56 rho_final=1.01e+01
BG_FUNC: a=1.04e-11 V=7.37e-03 factor_V=2.45e+58 factor_rho=5.62e-56 rho_eV2=1.80e+56 rho_final=1.01e+01
BG_FUNC: a=4.09e-10 V=7.37e-03 factor_V=2.45e+58 factor_rho=5.62e-56 rho_eV2=1.80e+56 rho_final=1.01e+01
BG_FUNC: a=1.60e-08 V=7.37e-03 factor_V=2.45e+58 factor_rho=5.62e-56 rho_eV2=1.80e+56 rho_final=1.01e+01
BG_FUNC: a=6.28e-07 V=7.37e-03 factor_V=2.45e+58 factor_rho=5.62e-56 rho_eV2=1.80e+56 rho_final=1.01e+01
BG_FUNC: a=2.40e-05 V=7.37e-03 factor_V=2.45e+58 factor_rho=5.62e-56 rho_eV2=1.80e+56 rho_final=1.01e+01
RIDDER SWITCHING: z_osc = 2069.93, a_osc = 4.828748e-04
DEBUG: Ridder field ENABLED. Lambda = 1.037509e+00
DEBUG: Ridder field ENABLED. Lambda = 1.037509e+00
BG_FUNC: a=1.75e-14 V=1.13e-01 factor_V=2.45e+58 factor_rho=5.62e-56 rho_eV2=2.75e+57 rho_final=1.55e+02
BG_FUNC: a=6.55e-13 V=1.13e-01 factor_V=2.45e+58 factor_rho=5.62e-56 rho_eV2=2.75e+57 rho_final=1.55e+02
BG_FUNC: a=2.60e-11 V=1.13e-01 factor_V=2.45e+58 factor_rho=5.62e-56 rho_eV2=2.75e+57 rho_final=1.55e+02
BG_FUNC: a=1.04e-09 V=1.13e-01 factor_V=2.45e+58 factor_rho=5.62e-56 rho_eV2=2.75e+57 rho_final=1.55e+02
BG_FUNC: a=4.08e-08 V=1.13e-01 factor_V=2.45e+58 factor_rho=5.62e-56 rho_eV2=2.75e+57 rho_final=1.55e+02
BG_FUNC: a=1.62e-06 V=1.13e-01 factor_V=2.45e+58 factor_rho=5.62e-56 rho_eV2=2.75e+57 rho_final=1.55e+02
BG_FUNC: a=6.37e-05 V=1.11e-01 factor_V=2.45e+58 factor_rho=5.62e-56 rho_eV2=2.73e+57 rho_final=1.54e+02
RIDDER SWITCHING: z_osc = 4630.64, a_osc = 2.159065e-04
DEBUG: Ridder field ENABLED. Lambda = 6.944493e-01
DEBUG: Ridder field ENABLED. Lambda = 6.944493e-01
BG_FUNC: a=1.02e-13 V=2.26e-02 factor_V=2.45e+58 factor_rho=5.62e-56 rho_eV2=5.52e+56 rho_final=3.11e+01
BG_FUNC: a=4.03e-12 V=2.26e-02 factor_V=2.45e+58 factor_rho=5.62e-56 rho_eV2=5.52e+56 rho_final=3.11e+01
BG_FUNC: a=1.60e-10 V=2.26e-02 factor_V=2.45e+58 factor_rho=5.62e-56 rho_eV2=5.52e+56 rho_final=3.11e+01
BG_FUNC: a=6.33e-09 V=2.26e-02 factor_V=2.45e+58 factor_rho=5.62e-56 rho_eV2=5.52e+56 rho_final=3.11e+01
BG_FUNC: a=2.51e-07 V=2.26e-02 factor_V=2.45e+58 factor_rho=5.62e-56 rho_eV2=5.52e+56 rho_final=3.11e+01
BG_FUNC: a=9.95e-06 V=2.26e-02 factor_V=2.45e+58 factor_rho=5.62e-56 rho_eV2=5.52e+56 rho_final=3.11e+01
RIDDER SWITCHING: z_osc = 2913.21, a_osc = 3.431459e-04
DEBUG: Ridder field ENABLED. Lambda = 9.859085e-01
DEBUG: Ridder field ENABLED. Lambda = 9.859085e-01
BG_FUNC: a=1.06e-14 V=9.18e-02 factor_V=2.45e+58 factor_rho=5.62e-56 rho_eV2=2.24e+57 rho_final=1.26e+02
BG_FUNC: a=3.92e-13 V=9.18e-02 factor_V=2.45e+58 factor_rho=5.62e-56 rho_eV2=2.24e+57 rho_final=1.26e+02
BG_FUNC: a=1.57e-11 V=9.18e-02 factor_V=2.45e+58 factor_rho=5.62e-56 rho_eV2=2.24e+57 rho_final=1.26e+02
BG_FUNC: a=6.31e-10 V=9.18e-02 factor_V=2.45e+58 factor_rho=5.62e-56 rho_eV2=2.24e+57 rho_final=1.26e+02
BG_FUNC: a=2.53e-08 V=9.18e-02 factor_V=2.45e+58 factor_rho=5.62e-56 rho_eV2=2.24e+57 rho_final=1.26e+02
BG_FUNC: a=1.02e-06 V=9.18e-02 factor_V=2.45e+58 factor_rho=5.62e-56 rho_eV2=2.24e+57 rho_final=1.26e+02
BG_FUNC: a=4.11e-05 V=9.16e-02 factor_V=2.45e+58 factor_rho=5.62e-56 rho_eV2=2.24e+57 rho_final=1.26e+02
RIDDER SWITCHING: z_osc = 4383.37, a_osc = 2.280829e-04
DEBUG: Ridder field ENABLED. Lambda = 4.837596e-01
DEBUG: Ridder field ENABLED. Lambda = 4.837596e-01
BG_FUNC: a=6.34e-14 V=5.32e-03 factor_V=2.45e+58 factor_rho=5.62e-56 rho_eV2=1.30e+56 rho_final=7.31e+00
BG_FUNC: a=2.40e-12 V=5.32e-03 factor_V=2.45e+58 factor_rho=5.62e-56 rho_eV2=1.30e+56 rho_final=7.31e+00
BG_FUNC: a=9.43e-11 V=5.32e-03 factor_V=2.45e+58 factor_rho=5.62e-56 rho_eV2=1.30e+56 rho_final=7.31e+00
BG_FUNC: a=3.70e-09 V=5.32e-03 factor_V=2.45e+58 factor_rho=5.62e-56 rho_eV2=1.30e+56 rho_final=7.31e+00
BG_FUNC: a=1.46e-07 V=5.32e-03 factor_V=2.45e+58 factor_r[mcmc] Progress @ 2025-12-01 01:51:21 : 2091 steps taken, and 222 accepted.
ho=5.62e-56 rho_eV2=1.30e+56 rho_final=7.31e+00
BG_FUNC: a=5.72e-06 V=5.32e-03 factor_V=2.45e+58 factor_rho=5.62e-56 rho_eV2=1.30e+56 rho_final=7.31e+00
BG_FUNC: a=2.20e-04 V=5.00e-03 factor_V=2.45e+58 factor_rho=5.62e-56 rho_eV2=1.25e+56 rho_final=7.03e+00
RIDDER SWITCHING: z_osc = 1862.07, a_osc = 5.367496e-04
DEBUG: Ridder field ENABLED. Lambda = 6.360482e-01
DEBUG: Ridder field ENABLED. Lambda = 6.360482e-01
BG_FUNC: a=1.41e-13 V=1.59e-02 factor_V=2.45e+58 factor_rho=5.62e-56 rho_eV2=3.89e+56 rho_final=2.19e+01
BG_FUNC: a=5.62e-12 V=1.59e-02 factor_V=2.45e+58 factor_rho=5.62e-56 rho_eV2=3.89e+56 rho_final=2.19e+01
BG_FUNC: a=2.21e-10 V=1.59e-02 factor_V=2.45e+58 factor_rho=5.62e-56 rho_eV2=3.89e+56 rho_final=2.19e+01
BG_FUNC: a=8.76e-09 V=1.59e-02 factor_V=2.45e+58 factor_rho=5.62e-56 rho_eV2=3.89e+56 rho_final=2.19e+01
BG_FUNC: a=3.47e-07 V=1.59e-02 factor_V=2.45e+58 factor_rho=5.62e-56 rho_eV2=3.89e+56 rho_final=2.19e+01
BG_FUNC: a=1.38e-05 V=1.59e-02 factor_V=2.45e+58 factor_rho=5.62e-56 rho_eV2=3.89e+56 rho_final=2.19e+01
RIDDER SWITCHING: z_osc = 2633.07, a_osc = 3.796400e-04
DEBUG: Ridder field ENABLED. Lambda = 6.929328e-01
DEBUG: Ridder field ENABLED. Lambda = 6.929328e-01
BG_FUNC: a=1.31e-14 V=2.24e-02 factor_V=2.45e+58 factor_rho=5.62e-56 rho_eV2=5.48e+56 rho_final=3.08e+01
BG_FUNC: a=4.90e-13 V=2.24e-02 factor_V=2.45e+58 factor_rho=5.62e-56 rho_eV2=5.48e+56 rho_final=3.08e+01
BG_FUNC: a=1.94e-11 V=2.24e-02 factor_V=2.45e+58 factor_rho=5.62e-56 rho_eV2=5.48e+56 rho_final=3.08e+01
BG_FUNC: a=7.70e-10 V=2.24e-02 factor_V=2.45e+58 factor_rho=5.62e-56 rho_eV2=5.48e+56 rho_final=3.08e+01
BG_FUNC: a=3.05e-08 V=2.24e-02 factor_V=2.45e+58 factor_rho=5.62e-56 rho_eV2=5.48e+56 rho_final=3.08e+01
BG_FUNC: a=1.21e-06 V=2.24e-02 factor_V=2.45e+58 factor_rho=5.62e-56 rho_eV2=5.48e+56 rho_final=3.08e+01
BG_FUNC: a=4.78e-05 V=2.24e-02 factor_V=2.45e+58 factor_rho=5.62e-56 rho_eV2=5.47e+56 rho_final=3.08e+01
RIDDER SWITCHING: z_osc = 2912.10, a_osc = 3.432768e-04
DEBUG: Ridder field ENABLED. Lambda = 9.795798e-01
DEBUG: Ridder field ENABLED. Lambda = 9.795798e-01
BG_FUNC: a=4.95e-14 V=8.94e-02 factor_V=2.45e+58 factor_rho=5.62e-56 rho_eV2=2.19e+57 rho_final=1.23e+02
BG_FUNC: a=1.89e-12 V=8.94e-02 factor_V=2.45e+58 factor_rho=5.62e-56 rho_eV2=2.19e+57 rho_final=1.23e+02
BG_FUNC: a=7.49e-11 V=8.94e-02 factor_V=2.45e+58 factor_rho=5.62e-56 rho_eV2=2.19e+57 rho_final=1.23e+02
BG_FUNC: a=2.97e-09 V=8.94e-02 factor_V=2.45e+58 factor_rho=5.62e-56 rho_eV2=2.19e+57 rho_final=1.23e+02
BG_FUNC: a=1.18e-07 V=8.94e-02 factor_V=2.45e+58 factor_rho=5.62e-56 rho_eV2=2.19e+57 rho_final=1.23e+02
BG_FUNC: a=4.73e-06 V=8.94e-02 factor_V=2.45e+58 factor_rho=5.62e-56 rho_eV2=2.19e+57 rho_final=1.23e+02
BG_FUNC: a=1.82e-04 V=5.43e-02 factor_V=2.45e+58 factor_rho=5.62e-56 rho_eV2=1.61e+57 rho_final=9.06e+01
RIDDER SWITCHING: z_osc = 4374.71, a_osc = 2.285341e-04
DEBUG: Ridder field ENABLED. Lambda = 5.681592e-01
DEBUG: Ridder field ENABLED. Lambda = 5.681592e-01
BG_FUNC: a=2.77e-13 V=1.01e-02 factor_V=2.45e+58 factor_rho=5.62e-56 rho_eV2=2.48e+56 rho_final=1.39e+01
BG_FUNC: a=1.11e-11 V=1.01e-02 factor_V=2.45e+58 factor_rho=5.62e-56 rho_eV2=2.48e+56 rho_final=1.39e+01
BG_FUNC: a=4.44e-10 V=1.01e-02 factor_V=2.45e+58 factor_rho=5.62e-56 rho_eV2=2.48e+56 rho_final=1.39e+01
BG_FUNC: a=1.78e-08 V=1.01e-02 factor_V=2.45e+58 factor_rho=5.62e-56 rho_eV2=2.48e+56 rho_final=1.39e+01
BG_FUNC: a=7.14e-07 V=1.01e-02 factor_V=2.45e+58 factor_rho=5.62e-56 rho_eV2=2.48e+56 rho_final=1.39e+01
BG_FUNC: a=2.86e-05 V=1.01e-02 factor_V=2.45e+58 factor_rho=5.62e-56 rho_eV2=2.48e+56 rho_final=1.39e+01
RIDDER SWITCHING: z_osc = 2285.09, a_osc = 4.374286e-04
DEBUG: Ridder field ENABLED. Lambda = 6.254597e-01
DEBUG: Ridder field ENABLED. Lambda = 6.254597e-01
BG_FUNC: a=2.36e-14 V=1.49e-02 factor_V=2.45e+58 factor_rho=5.62e-56 rho_eV2=3.64e+56 rho_final=2.04e+01
BG_FUNC: a=8.92e-13 V=1.49e-02 factor_V=2.45e+58 factor_rho=5.62e-56 rho_eV2=3.64e+56 rho_final=2.04e+01
BG_FUNC: a=3.59e-11 V=1.49e-02 factor_V=2.45e+58 factor_rho=5.62e-56 rho_eV2=3.64e+56 rho_final=2.04e+01
BG_[mcmc] Progress @ 2025-12-01 01:52:28 : 2173 steps taken, and 231 accepted.
FUNC: a=1.42e-09 V=1.49e-02 factor_V=2.45e+58 factor_rho=5.62e-56 rho_eV2=3.64e+56 rho_final=2.04e+01
BG_FUNC: a=5.68e-08 V=1.49e-02 factor_V=2.45e+58 factor_rho=5.62e-56 rho_eV2=3.64e+56 rho_final=2.04e+01
BG_FUNC: a=2.27e-06 V=1.49e-02 factor_V=2.45e+58 factor_rho=5.62e-56 rho_eV2=3.64e+56 rho_final=2.04e+01
BG_FUNC: a=9.00e-05 V=1.48e-02 factor_V=2.45e+58 factor_rho=5.62e-56 rho_eV2=3.62e+56 rho_final=2.04e+01
RIDDER SWITCHING: z_osc = 2572.97, a_osc = 3.885050e-04
DEBUG: Ridder field ENABLED. Lambda = 4.932639e-01
DEBUG: Ridder field ENABLED. Lambda = 4.932639e-01
BG_FUNC: a=8.18e-14 V=5.75e-03 factor_V=2.45e+58 factor_rho=5.62e-56 rho_eV2=1.41e+56 rho_final=7.91e+00
BG_FUNC: a=3.21e-12 V=5.75e-03 factor_V=2.45e+58 factor_rho=5.62e-56 rho_eV2=1.41e+56 rho_final=7.91e+00
BG_FUNC: a=1.30e-10 V=5.75e-03 factor_V=2.45e+58 factor_rho=5.62e-56 rho_eV2=1.41e+56 rho_final=7.91e+00
BG_FUNC: a=5.25e-09 V=5.75e-03 factor_V=2.45e+58 factor_rho=5.62e-56 rho_eV2=1.41e+56 rho_final=7.91e+00
BG_FUNC: a=2.13e-07 V=5.75e-03 factor_V=2.45e+58 factor_rho=5.62e-56 rho_eV2=1.41e+56 rho_final=7.91e+00
BG_FUNC: a=8.60e-06 V=5.75e-03 factor_V=2.45e+58 factor_rho=5.62e-56 rho_eV2=1.41e+56 rho_final=7.91e+00
BG_FUNC: a=3.42e-04 V=4.16e-03 factor_V=2.45e+58 factor_rho=5.62e-56 rho_eV2=1.15e+56 rho_final=6.46e+00
RIDDER SWITCHING: z_osc = 1907.64, a_osc = 5.239323e-04
DEBUG: Ridder field ENABLED. Lambda = 7.221961e-01
DEBUG: Ridder field ENABLED. Lambda = 7.221961e-01
BG_FUNC: a=2.24e-13 V=2.64e-02 factor_V=2.45e+58 factor_rho=5.62e-56 rho_eV2=6.46e+56 rho_final=3.63e+01
BG_FUNC: a=9.01e-12 V=2.64e-02 factor_V=2.45e+58 factor_rho=5.62e-56 rho_eV2=6.46e+56 rho_final=3.63e+01
BG_FUNC: a=3.62e-10 V=2.64e-02 factor_V=2.45e+58 factor_rho=5.62e-56 rho_eV2=6.46e+56 rho_final=3.63e+01
BG_FUNC: a=1.45e-08 V=2.64e-02 factor_V=2.45e+58 factor_rho=5.62e-56 rho_eV2=6.46e+56 rho_final=3.63e+01
BG_FUNC: a=5.84e-07 V=2.64e-02 factor_V=2.45e+58 factor_rho=5.62e-56 rho_eV2=6.46e+56 rho_final=3.63e+01
BG_FUNC: a=2.34e-05 V=2.64e-02 factor_V=2.45e+58 factor_rho=5.62e-56 rho_eV2=6.46e+56 rho_final=3.63e+01
RIDDER SWITCHING: z_osc = 3011.79, a_osc = 3.319185e-04
DEBUG: Ridder field ENABLED. Lambda = 5.804721e-01
DEBUG: Ridder field ENABLED. Lambda = 5.804721e-01
BG_FUNC: a=2.57e-14 V=1.10e-02 factor_V=2.45e+58 factor_rho=5.62e-56 rho_eV2=2.70e+56 rho_final=1.52e+01
BG_FUNC: a=9.78e-13 V=1.10e-02 factor_V=2.45e+58 factor_rho=5.62e-56 rho_eV2=2.70e+56 rho_final=1.52e+01
BG_FUNC: a=3.91e-11 V=1.10e-02 factor_V=2.45e+58 factor_rho=5.62e-56 rho_eV2=2.70e+56 rho_final=1.52e+01
BG_FUNC: a=1.56e-09 V=1.10e-02 factor_V=2.45e+58 factor_rho=5.62e-56 rho_eV2=2.70e+56 rho_final=1.52e+01
BG_FUNC: a=6.25e-08 V=1.10e-02 factor_V=2.45e+58 factor_rho=5.62e-56 rho_eV2=2.70e+56 rho_final=1.52e+01
BG_FUNC: a=2.52e-06 V=1.10e-02 factor_V=2.45e+58 factor_rho=5.62e-56 rho_eV2=2.70e+56 rho_final=1.52e+01
BG_FUNC: a=9.96e-05 V=1.10e-02 factor_V=2.45e+58 factor_rho=5.62e-56 rho_eV2=2.69e+56 rho_final=1.51e+01
RIDDER SWITCHING: z_osc = 2353.93, a_osc = 4.246416e-04
DEBUG: Ridder field ENABLED. Lambda = 6.532867e-01
DEBUG: Ridder field ENABLED. Lambda = 6.532867e-01
BG_FUNC: a=8.27e-14 V=1.77e-02 factor_V=2.45e+58 factor_rho=5.62e-56 rho_eV2=4.33e+56 rho_final=2.43e+01
BG_FUNC: a=3.20e-12 V=1.77e-02 factor_V=2.45e+58 factor_rho=5.62e-56 rho_eV2=4.33e+56 rho_final=2.43e+01
BG_FUNC: a=1.29e-10 V=1.77e-02 factor_V=2.45e+58 factor_rho=5.62e-56 rho_eV2=4.33e+56 rho_final=2.43e+01
BG_FUNC: a=5.09e-09 V=1.77e-02 factor_V=2.45e+58 factor_rho=5.62e-56 rho_eV2=4.33e+56 rho_final=2.43e+01
BG_FUNC: a=2.03e-07 V=1.77e-02 factor_V=2.45e+58 factor_rho=5.62e-56 rho_eV2=4.33e+56 rho_final=2.43e+01
BG_FUNC: a=8.17e-06 V=1.77e-02 factor_V=2.45e+58 factor_rho=5.62e-56 rho_eV2=4.33e+56 rho_final=2.43e+01
BG_FUNC: a=3.17e-04 V=8.65e-03 factor_V=2.45e+58 factor_rho=5.62e-56 rho_eV2=2.78e+56 rho_final=1.56e+01
RIDDER SWITCHING: z_osc = 2694.71, a_osc = 3.709596e-04
DEBUG: Ridder field ENABLED. Lambda = 5.479379e-01
DEBUG: Ridder field ENABLED. Lambda = 5.479379e-01
BG_FUNC: a=2.93e-13 V=8.76e-03 factor_V=2.45e+58 facto[mcmc] Progress @ 2025-12-01 01:53:33 : 2286 steps taken, and 249 accepted.
r_rho=5.62e-56 rho_eV2=2.14e+56 rho_final=1.20e+01
BG_FUNC: a=1.16e-11 V=8.76e-03 factor_V=2.45e+58 factor_rho=5.62e-56 rho_eV2=2.14e+56 rho_final=1.20e+01
BG_FUNC: a=4.63e-10 V=8.76e-03 factor_V=2.45e+58 factor_rho=5.62e-56 rho_eV2=2.14e+56 rho_final=1.20e+01
BG_FUNC: a=1.84e-08 V=8.76e-03 factor_V=2.45e+58 factor_rho=5.62e-56 rho_eV2=2.14e+56 rho_final=1.20e+01
BG_FUNC: a=7.30e-07 V=8.76e-03 factor_V=2.45e+58 factor_rho=5.62e-56 rho_eV2=2.14e+56 rho_final=1.20e+01
BG_FUNC: a=2.90e-05 V=8.76e-03 factor_V=2.45e+58 factor_rho=5.62e-56 rho_eV2=2.14e+56 rho_final=1.20e+01
RIDDER SWITCHING: z_osc = 2180.12, a_osc = 4.584795e-04
DEBUG: Ridder field ENABLED. Lambda = 6.812541e-01
DEBUG: Ridder field ENABLED. Lambda = 6.812541e-01
BG_FUNC: a=2.26e-14 V=2.09e-02 factor_V=2.45e+58 factor_rho=5.62e-56 rho_eV2=5.12e+56 rho_final=2.88e+01
BG_FUNC: a=8.49e-13 V=2.09e-02 factor_V=2.45e+58 factor_rho=5.62e-56 rho_eV2=5.12e+56 rho_final=2.88e+01
BG_FUNC: a=3.37e-11 V=2.09e-02 factor_V=2.45e+58 factor_rho=5.62e-56 rho_eV2=5.12e+56 rho_final=2.88e+01
BG_FUNC: a=1.34e-09 V=2.09e-02 factor_V=2.45e+58 factor_rho=5.62e-56 rho_eV2=5.12e+56 rho_final=2.88e+01
BG_FUNC: a=5.31e-08 V=2.09e-02 factor_V=2.45e+58 factor_rho=5.62e-56 rho_eV2=5.12e+56 rho_final=2.88e+01
BG_FUNC: a=2.11e-06 V=2.09e-02 factor_V=2.45e+58 factor_rho=5.62e-56 rho_eV2=5.12e+56 rho_final=2.88e+01
BG_FUNC: a=8.32e-05 V=2.08e-02 factor_V=2.45e+58 factor_rho=5.62e-56 rho_eV2=5.10e+56 rho_final=2.86e+01
RIDDER SWITCHING: z_osc = 2846.31, a_osc = 3.512085e-04
DEBUG: Ridder field ENABLED. Lambda = 3.893106e-01
DEBUG: Ridder field ENABLED. Lambda = 3.893106e-01
BG_FUNC: a=8.33e-14 V=2.23e-03 factor_V=2.45e+58 factor_rho=5.62e-56 rho_eV2=5.46e+55 rho_final=3.07e+00
BG_FUNC: a=3.14e-12 V=2.23e-03 factor_V=2.45e+58 factor_rho=5.62e-56 rho_eV2=5.46e+55 rho_final=3.07e+00
BG_FUNC: a=1.23e-10 V=2.23e-03 factor_V=2.45e+58 factor_rho=5.62e-56 rho_eV2=5.46e+55 rho_final=3.07e+00
BG_FUNC: a=4.89e-09 V=2.23e-03 factor_V=2.45e+58 factor_rho=5.62e-56 rho_eV2=5.46e+55 rho_final=3.07e+00
BG_FUNC: a=1.90e-07 V=2.23e-03 factor_V=2.45e+58 factor_rho=5.62e-56 rho_eV2=5.46e+55 rho_final=3.07e+00
BG_FUNC: a=7.48e-06 V=2.23e-03 factor_V=2.45e+58 factor_rho=5.62e-56 rho_eV2=5.46e+55 rho_final=3.07e+00
BG_FUNC: a=2.87e-04 V=2.08e-03 factor_V=2.45e+58 factor_rho=5.62e-56 rho_eV2=5.23e+55 rho_final=2.94e+00
RIDDER SWITCHING: z_osc = 1414.23, a_osc = 7.066010e-04
DEBUG: Ridder field ENABLED. Lambda = 6.999850e-01
DEBUG: Ridder field ENABLED. Lambda = 6.999850e-01
BG_FUNC: a=1.40e-13 V=2.33e-02 factor_V=2.45e+58 factor_rho=5.62e-56 rho_eV2=5.70e+56 rho_final=3.21e+01
BG_FUNC: a=5.56e-12 V=2.33e-02 factor_V=2.45e+58 factor_rho=5.62e-56 rho_eV2=5.70e+56 rho_final=3.21e+01
BG_FUNC: a=2.23e-10 V=2.33e-02 factor_V=2.45e+58 factor_rho=5.62e-56 rho_eV2=5.70e+56 rho_final=3.21e+01
BG_FUNC: a=8.76e-09 V=2.33e-02 factor_V=2.45e+58 factor_rho=5.62e-56 rho_eV2=5.70e+56 rho_final=3.21e+01
BG_FUNC: a=3.47e-07 V=2.33e-02 factor_V=2.45e+58 factor_rho=5.62e-56 rho_eV2=5.70e+56 rho_final=3.21e+01
BG_FUNC: a=1.38e-05 V=2.33e-02 factor_V=2.45e+58 factor_rho=5.62e-56 rho_eV2=5.70e+56 rho_final=3.21e+01
RIDDER SWITCHING: z_osc = 2908.46, a_osc = 3.437061e-04
DEBUG: Ridder field ENABLED. Lambda = 8.553694e-01
DEBUG: Ridder field ENABLED. Lambda = 8.553694e-01
BG_FUNC: a=1.45e-14 V=5.20e-02 factor_V=2.45e+58 factor_rho=5.62e-56 rho_eV2=1.27e+57 rho_final=7.15e+01
BG_FUNC: a=5.43e-13 V=5.20e-02 factor_V=2.45e+58 factor_rho=5.62e-56 rho_eV2=1.27e+57 rho_final=7.15e+01
BG_FUNC: a=2.15e-11 V=5.20e-02 factor_V=2.45e+58 factor_rho=5.62e-56 rho_eV2=1.27e+57 rho_final=7.15e+01
BG_FUNC: a=8.53e-10 V=5.20e-02 factor_V=2.45e+58 factor_rho=5.62e-56 rho_eV2=1.27e+57 rho_final=7.15e+01
BG_FUNC: a=3.38e-08 V=5.20e-02 factor_V=2.45e+58 factor_rho=5.62e-56 rho_eV2=1.27e+57 rho_final=7.15e+01
BG_FUNC: a=1.34e-06 V=5.20e-02 factor_V=2.45e+58 factor_rho=5.62e-56 rho_eV2=1.27e+57 rho_final=7.15e+01
BG_FUNC: a=5.28e-05 V=5.19e-02 factor_V=2.45e+58 factor_rho=5.62e-56 rho_eV2=1.27e+57 rho_final=7.14e+01
RIDDER SWITCHING: z_osc = 3737.96, a_osc = 2.674539e-04
DEBUG: Ridder field ENABLED. Lambda = 6.528404e-01
DEBUG: Ridder field ENABLED. Lambda = 6.528404e-01
BG_FUNC: a=6.96e-14 V=1.76e-02 factor_V=2.45e+58 factor_rho=5.62e-56 rho_eV2=4.31e+56 rho_final=2.43e+01
BG_FUNC: a=2.69e-12 V=1.76e-02 factor_V=2.45e+58 factor_rho=5.62e-56 rho_eV2=4.31e+56 rho_final=2.43e+01
BG_FUNC: a=1.08e-10 V=1.76e-02 factor_V=2.45e+58 factor_rho=5.62e-56 rho_eV2=4.31e+56 rho_final=2.43e+01
BG_FUNC: a=4.30e-09 V=1.76e-02 factor_V=2.45e+58 factor_rho=5.62e-56 rho_eV2=4.31e+56 rho_final=2.43e+01
BG_FUNC: a=1.72e-07 V=1.76e-02 factor_V=2.45e+58 factor_rho=5.62e-56 rho_eV2=4.31e+56 rho_final=2.43e+01
BG_FUNC: a=6.87e-06 V=1.76e-02 factor_V=2.45e+58 factor_rho=5.62e-56 rho_eV2=4.31e+56 rho_final=2.43e+01
BG_FUNC: a=2.70e-04 V=1.15e-02 factor_V=2.45e+58 factor_rho=5.62e-56 rho_eV2=3.32e+56 rho_final=1.87e+01
RIDDER SWITCHING: z_osc = 2698.66, a_osc = 3.704172e-04
DEBUG: Ridder field ENABLED. Lambda = 6.783611e-01
DEBUG: Ridder field ENABLED. Lambda = 6.783611e-01
BG_FUNC: a=2.53e-13 V=2.06e-02 factor_V=2.45e+58 factor_rho=5.62e-56 rho_eV2=5.03e+56 rho_final=2.83e+01
BG_FUNC: a=1.00e-11 V=2.06e-02 factor_V=2.45e+58 factor_rho=5.62e-56 rho_eV2=5.03e+56 rho_final=2.83e+01
BG_FUNC: a=3.99e-10 V=2.06e-02 factor_V=2.45e+58 factor_rho=5.62e-56 rho_eV2=5.03e+56 rho_final=2.83e+01
BG_FUNC: a=1.59e-08 V=2.06e-02 factor_V=2.45e+58 factor_rho=5.62e-56 rho_eV2=5.03e+56 rho_final=2.83e+01
BG_FUNC: a=6.30e-07 V=2.06e-02 factor_V=2.45e+58 factor_rho=5.62e-56 rho_eV2=5.03e+56 rho_final=2.83e+01
BG_FUNC: a=2.50e-05 V=2.06e-02 factor_V=2.45e+58 factor_rho=5.62e-56 rho_eV2=5.03e+56 rho_final=2.83e+01
RIDDER SWITCHING: z_osc = 2827.82, a_osc = 3.535041e-04
DEBUG: Ridder field ENABLED. Lambda = 5.902312e-01
DEBUG: Ridder field ENABLED. Lambda = 5.902312e-01
BG_FUNC: a=2.54e-14 V=1.18e-02 factor_V=2.45e+58 factor_rho=5.62e-56 rho_eV2=2.88e+56 rho_final=1.62e+01
BG_FUNC: a=9.63e-13 V=1.18e-02 factor_V=2.45e+58 factor_rho=5.62e-56 rho_eV2=2.88e+56 rho_final=1.62e+01
BG_FUNC: a=3.89e-11 V=1.18e-02 factor_V=2.45e+58 factor_rho=5.62e-56 rho_eV2=2.88e+56 rho_final=1.62e+01
BG_FUNC: a=1.54e-09 V=1.18e-02 factor_V=2.45e+58 factor_rho=5.62e-56 rho_eV2=2.88e+56 rho_final=1.62e+01
BG_FUNC: a=6.17e-08 V=1.18e-02 factor_V=2.45e+58 factor_rho=5.62e-56 rho_eV2=2.88e+56 rho_final=1.62e+01
BG_FUNC: a=2.47e-06 V=1.18e-02 factor_V=2.45e+58 factor_rho=5.62e-56 rho_eV2=2.88e+56 rho_final=1.62e+01
BG_FUNC: a=9.83e-05 V=1.17e-02 factor_V=2.45e+58 factor_rho=5.62e-56 rho_eV2=2.87e+56 rho_final=1.61e+01
RIDDER SWITCHING: z_osc = 2420.80, a_osc = 4.129166e-04
DEBUG: Ridder field ENABLED. Lambda = 5.705380e-01
DEBUG: Ridder field ENABLED. Lambda = 5.705380e-01
BG_FUNC: a=8.42e-14 V=1.03e-02 factor_V=2.45e+58 factor_rho=5.62e-56 rho_eV2=2.52e+56 rho_final=1.41e+01
BG_FUNC: a=3.27e-12 V=1.03e-02 factor_V=2.45e+58 factor_rho=5.62e-56 rho_eV2=2.52e+56 rho_final=1.41e+01
BG_FUNC: a=1.31e-10 V=1.03e-02 factor_V=2.45e+58 factor_rho=5.62e-56 rho_eV2=2.52e+56 rho_final=1.41e+01
BG_FUNC: a=5.25e-09 V=1.03e-02 factor_V=2.45e+58 factor_rho=5.62e-56 rho_eV2=2.52e+56 rho_final=1.41e+01
BG_FUNC: a=2.10e-07 V=1.03e-02 factor_V=2.45e+58 factor_rho=5.62e-56 rho_eV2=2.52e+56 rho_final=1.41e+01
BG_FUNC: a=8.41e-06 V=1.03e-02 factor_V=2.45e+58 factor_rho=5.62e-56 rho_eV2=2.52e+56 rho_final=1.41e+01
BG_FUNC: a=3.34e-04 V=6.12e-03 factor_V=2.45e+58 factor_rho=5.62e-56 rho_eV2=1.82e+56 rho_final=1.02e+01
RIDDER SWITCHING: z_osc = 2294.19, a_osc = 4.356944e-04
DEBUG: Ridder field ENABLED. Lambda = 1.000849e+00
DEBUG: Ridder field ENABLED. Lambda = 1.000849e+00
BG_FUNC: a=2.65e-13 V=9.75e-02 factor_V=2.45e+58 factor_rho=5.62e-56 rho_eV2=2.38e+57 rho_final=1.34e+02
BG_FUNC: a=1.05e-11 V=9.75e-02 factor_V=2.45e+58 factor_rho=5.62e-56 rho_eV2=2.38e+57 rho_final=1.34e+02
BG_FUNC: a=4.18e-10 V=9.75e-02 factor_V=2.45e+58 factor_rho=5.62e-56 rho_eV2=2.38e+57 rho_final=1.34e+02
BG_FUNC: a=1.66e-08 V=9.75e-02 factor_V=2.45e+58 factor_rho=5.62e-56 rho_eV2=2.38e+57 rho_final=1.34e+02
BG_FUNC: a=6.59e-07 V=9.75e-02 factor_V=2.45e+58 factor_rho=5.62e-56 rho_eV2=2.38e+57 rho_final=1.34e+02[mcmc] Progress @ 2025-12-01 01:54:36 : 2421 steps taken, and 271 accepted.

BG_FUNC: a=2.62e-05 V=9.74e-02 factor_V=2.45e+58 factor_rho=5.62e-56 rho_eV2=2.38e+57 rho_final=1.34e+02
RIDDER SWITCHING: z_osc = 4460.81, a_osc = 2.241242e-04
DEBUG: Ridder field ENABLED. Lambda = 9.012737e-01
DEBUG: Ridder field ENABLED. Lambda = 9.012737e-01
BG_FUNC: a=4.13e-14 V=6.41e-02 factor_V=2.45e+58 factor_rho=5.62e-56 rho_eV2=1.57e+57 rho_final=8.81e+01
BG_FUNC: a=1.57e-12 V=6.41e-02 factor_V=2.45e+58 factor_rho=5.62e-56 rho_eV2=1.57e+57 rho_final=8.81e+01
BG_FUNC: a=6.23e-11 V=6.41e-02 factor_V=2.45e+58 factor_rho=5.62e-56 rho_eV2=1.57e+57 rho_final=8.81e+01
BG_FUNC: a=2.48e-09 V=6.41e-02 factor_V=2.45e+58 factor_rho=5.62e-56 rho_eV2=1.57e+57 rho_final=8.81e+01
BG_FUNC: a=9.83e-08 V=6.41e-02 factor_V=2.45e+58 factor_rho=5.62e-56 rho_eV2=1.57e+57 rho_final=8.81e+01
BG_FUNC: a=3.91e-06 V=6.41e-02 factor_V=2.45e+58 factor_rho=5.62e-56 rho_eV2=1.57e+57 rho_final=8.81e+01
BG_FUNC: a=1.55e-04 V=5.22e-02 factor_V=2.45e+58 factor_rho=5.62e-56 rho_eV2=1.38e+57 rho_final=7.77e+01
RIDDER SWITCHING: z_osc = 3960.53, a_osc = 2.524279e-04
DEBUG: Ridder field ENABLED. Lambda = 5.014807e-01
DEBUG: Ridder field ENABLED. Lambda = 5.014807e-01
BG_FUNC: a=2.08e-13 V=6.14e-03 factor_V=2.45e+58 factor_rho=5.62e-56 rho_eV2=1.50e+56 rho_final=8.45e+00
BG_FUNC: a=8.16e-12 V=6.14e-03 factor_V=2.45e+58 factor_rho=5.62e-56 rho_eV2=1.50e+56 rho_final=8.45e+00
BG_FUNC: a=3.20e-10 V=6.14e-03 factor_V=2.45e+58 factor_rho=5.62e-56 rho_eV2=1.50e+56 rho_final=8.45e+00
BG_FUNC: a=1.25e-08 V=6.14e-03 factor_V=2.45e+58 factor_rho=5.62e-56 rho_eV2=1.50e+56 rho_final=8.45e+00
BG_FUNC: a=4.91e-07 V=6.14e-03 factor_V=2.45e+58 factor_rho=5.62e-56 rho_eV2=1.50e+56 rho_final=8.45e+00
BG_FUNC: a=1.88e-05 V=6.14e-03 factor_V=2.45e+58 factor_rho=5.62e-56 rho_eV2=1.50e+56 rho_final=8.45e+00
RIDDER SWITCHING: z_osc = 1948.38, a_osc = 5.129824e-04
DEBUG: Ridder field ENABLED. Lambda = 7.724818e-01
DEBUG: Ridder field ENABLED. Lambda = 7.724818e-01
BG_FUNC: a=1.31e-14 V=3.46e-02 factor_V=2.45e+58 factor_rho=5.62e-56 rho_eV2=8.46e+56 rho_final=4.76e+01
BG_FUNC: a=4.88e-13 V=3.46e-02 factor_V=2.45e+58 factor_rho=5.62e-56 rho_eV2=8.46e+56 rho_final=4.76e+01
BG_FUNC: a=1.93e-11 V=3.46e-02 factor_V=2.45e+58 factor_rho=5.62e-56 rho_eV2=8.46e+56 rho_final=4.76e+01
BG_FUNC: a=7.67e-10 V=3.46e-02 factor_V=2.45e+58 factor_rho=5.62e-56 rho_eV2=8.46e+56 rho_final=4.76e+01
BG_FUNC: a=3.04e-08 V=3.46e-02 factor_V=2.45e+58 factor_rho=5.62e-56 rho_eV2=8.46e+56 rho_final=4.76e+01
BG_FUNC: a=1.21e-06 V=3.46e-02 factor_V=2.45e+58 factor_rho=5.62e-56 rho_eV2=8.46e+56 rho_final=4.76e+01
BG_FUNC: a=4.77e-05 V=3.45e-02 factor_V=2.45e+58 factor_rho=5.62e-56 rho_eV2=8.45e+56 rho_final=4.75e+01
RIDDER SWITCHING: z_osc = 3308.38, a_osc = 3.021714e-04
DEBUG: Ridder field ENABLED. Lambda = 6.487543e-01
DEBUG: Ridder field ENABLED. Lambda = 6.487543e-01
BG_FUNC: a=5.64e-14 V=1.72e-02 factor_V=2.45e+58 factor_rho=5.62e-56 rho_eV2=4.21e+56 rho_final=2.37e+01
BG_FUNC: a=2.14e-12 V=1.72e-02 factor_V=2.45e+58 factor_rho=5.62e-56 rho_eV2=4.21e+56 rho_final=2.37e+01
BG_FUNC: a=8.50e-11 V=1.72e-02 factor_V=2.45e+58 factor_rho=5.62e-56 rho_eV2=4.21e+56 rho_final=2.37e+01
BG_FUNC: a=3.37e-09 V=1.72e-02 factor_V=2.45e+58 factor_rho=5.62e-56 rho_eV2=4.21e+56 rho_final=2.37e+01
BG_FUNC: a=1.34e-07 V=1.72e-02 factor_V=2.45e+58 factor_rho=5.62e-56 rho_eV2=4.21e+56 rho_final=2.37e+01
BG_FUNC: a=5.31e-06 V=1.72e-02 factor_V=2.45e+58 factor_rho=5.62e-56 rho_eV2=4.21e+56 rho_final=2.37e+01
BG_FUNC: a=2.11e-04 V=1.45e-02 factor_V=2.45e+58 factor_rho=5.62e-56 rho_eV2=3.78e+56 rho_final=2.12e+01
RIDDER SWITCHING: z_osc = 2690.92, a_osc = 3.714814e-04
DEBUG: Ridder field ENABLED. Lambda = 6.046888e-01
DEBUG: Ridder field ENABLED. Lambda = 6.046888e-01
BG_FUNC: a=1.94e-13 V=1.30e-02 factor_V=2.45e+58 factor_rho=5.62e-56 rho_eV2=3.18e+56 rho_final=1.79e+01
BG_FUNC: a=7.74e-12 V=1.30e-02 factor_V=2.45e+58 factor_rho=5.62e-56 rho_eV2=3.18e+56 rho_final=1.79e+01
BG_FUNC: a=3.09e-10 V=1.30e-02 factor_V=2.45e+58 factor_rho=5.62e-56 rho_eV2=3.18e+56 rho_final=1.79e+01
BG_FUNC: a=1.23e-08 V=1.30e-02 factor_V=2.45e+58 f[mcmc] Progress @ 2025-12-01 01:55:37 : 2502 steps taken, and 287 accepted.
actor_rho=5.62e-56 rho_eV2=3.18e+56 rho_final=1.79e+01
BG_FUNC: a=4.92e-07 V=1.30e-02 factor_V=2.45e+58 factor_rho=5.62e-56 rho_eV2=3.18e+56 rho_final=1.79e+01
BG_FUNC: a=1.96e-05 V=1.30e-02 factor_V=2.45e+58 factor_rho=5.62e-56 rho_eV2=3.18e+56 rho_final=1.79e+01
RIDDER SWITCHING: z_osc = 2468.40, a_osc = 4.049565e-04
DEBUG: Ridder field ENABLED. Lambda = 7.017307e-01
DEBUG: Ridder field ENABLED. Lambda = 7.017307e-01
BG_FUNC: a=1.77e-14 V=2.36e-02 factor_V=2.45e+58 factor_rho=5.62e-56 rho_eV2=5.76e+56 rho_final=3.24e+01
BG_FUNC: a=6.56e-13 V=2.36e-02 factor_V=2.45e+58 factor_rho=5.62e-56 rho_eV2=5.76e+56 rho_final=3.24e+01
BG_FUNC: a=2.60e-11 V=2.36e-02 factor_V=2.45e+58 factor_rho=5.62e-56 rho_eV2=5.76e+56 rho_final=3.24e+01
BG_FUNC: a=1.03e-09 V=2.36e-02 factor_V=2.45e+58 factor_rho=5.62e-56 rho_eV2=5.76e+56 rho_final=3.24e+01
BG_FUNC: a=4.09e-08 V=2.36e-02 factor_V=2.45e+58 factor_rho=5.62e-56 rho_eV2=5.76e+56 rho_final=3.24e+01
BG_FUNC: a=1.64e-06 V=2.36e-02 factor_V=2.45e+58 factor_rho=5.62e-56 rho_eV2=5.76e+56 rho_final=3.24e+01
BG_FUNC: a=6.40e-05 V=2.35e-02 factor_V=2.45e+58 factor_rho=5.62e-56 rho_eV2=5.75e+56 rho_final=3.23e+01
RIDDER SWITCHING: z_osc = 2961.77, a_osc = 3.375222e-04
DEBUG: Ridder field ENABLED. Lambda = 3.051201e-01
DEBUG: Ridder field ENABLED. Lambda = 3.051201e-01
BG_FUNC: a=6.66e-14 V=8.42e-04 factor_V=2.45e+58 factor_rho=5.62e-56 rho_eV2=2.06e+55 rho_final=1.16e+00
BG_FUNC: a=2.59e-12 V=8.42e-04 factor_V=2.45e+58 factor_rho=5.62e-56 rho_eV2=2.06e+55 rho_final=1.16e+00
BG_FUNC: a=1.05e-10 V=8.42e-04 factor_V=2.45e+58 factor_rho=5.62e-56 rho_eV2=2.06e+55 rho_final=1.16e+00
BG_FUNC: a=4.27e-09 V=8.42e-04 factor_V=2.45e+58 factor_rho=5.62e-56 rho_eV2=2.06e+55 rho_final=1.16e+00
BG_FUNC: a=1.73e-07 V=8.42e-04 factor_V=2.45e+58 factor_rho=5.62e-56 rho_eV2=2.06e+55 rho_final=1.16e+00
BG_FUNC: a=7.03e-06 V=8.42e-04 factor_V=2.45e+58 factor_rho=5.62e-56 rho_eV2=2.06e+55 rho_final=1.16e+00
BG_FUNC: a=2.84e-04 V=8.21e-04 factor_V=2.45e+58 factor_rho=5.62e-56 rho_eV2=2.03e+55 rho_final=1.14e+00
RIDDER SWITCHING: z_osc = 1024.76, a_osc = 9.748833e-04
DEBUG: Ridder field ENABLED. Lambda = 7.142004e-01
DEBUG: Ridder field ENABLED. Lambda = 7.142004e-01
BG_FUNC: a=1.01e-13 V=2.53e-02 factor_V=2.45e+58 factor_rho=5.62e-56 rho_eV2=6.18e+56 rho_final=3.47e+01
BG_FUNC: a=4.06e-12 V=2.53e-02 factor_V=2.45e+58 factor_rho=5.62e-56 rho_eV2=6.18e+56 rho_final=3.47e+01
BG_FUNC: a=1.61e-10 V=2.53e-02 factor_V=2.45e+58 factor_rho=5.62e-56 rho_eV2=6.18e+56 rho_final=3.47e+01
BG_FUNC: a=6.46e-09 V=2.53e-02 factor_V=2.45e+58 factor_rho=5.62e-56 rho_eV2=6.18e+56 rho_final=3.47e+01
BG_FUNC: a=2.59e-07 V=2.53e-02 factor_V=2.45e+58 factor_rho=5.62e-56 rho_eV2=6.18e+56 rho_final=3.47e+01
BG_FUNC: a=1.04e-05 V=2.53e-02 factor_V=2.45e+58 factor_rho=5.62e-56 rho_eV2=6.18e+56 rho_final=3.47e+01
RIDDER SWITCHING: z_osc = 3013.42, a_osc = 3.317392e-04
DEBUG: Ridder field ENABLED. Lambda = 8.575577e-01
DEBUG: Ridder field ENABLED. Lambda = 8.575577e-01
BG_FUNC: a=1.14e-14 V=5.25e-02 factor_V=2.45e+58 factor_rho=5.62e-56 rho_eV2=1.28e+57 rho_final=7.22e+01
BG_FUNC: a=4.23e-13 V=5.25e-02 factor_V=2.45e+58 factor_rho=5.62e-56 rho_eV2=1.28e+57 rho_final=7.22e+01
BG_FUNC: a=1.68e-11 V=5.25e-02 factor_V=2.45e+58 factor_rho=5.62e-56 rho_eV2=1.28e+57 rho_final=7.22e+01
BG_FUNC: a=6.68e-10 V=5.25e-02 factor_V=2.45e+58 factor_rho=5.62e-56 rho_eV2=1.28e+57 rho_final=7.22e+01
BG_FUNC: a=2.65e-08 V=5.25e-02 factor_V=2.45e+58 factor_rho=5.62e-56 rho_eV2=1.28e+57 rho_final=7.22e+01
BG_FUNC: a=1.05e-06 V=5.25e-02 factor_V=2.45e+58 factor_rho=5.62e-56 rho_eV2=1.28e+57 rho_final=7.22e+01
BG_FUNC: a=4.17e-05 V=5.25e-02 factor_V=2.45e+58 factor_rho=5.62e-56 rho_eV2=1.28e+57 rho_final=7.22e+01
RIDDER SWITCHING: z_osc = 3741.31, a_osc = 2.672143e-04
DEBUG: Ridder field ENABLED. Lambda = 5.081571e-01
DEBUG: Ridder field ENABLED. Lambda = 5.081571e-01
BG_FUNC: a=5.51e-14 V=6.48e-03 factor_V=2.45e+58 factor_rho=5.62e-56 rho_eV2=1.58e+56 rho_final=8.90e+00
BG_FUNC: a=2.08e-12 V=6.48e-03 factor_V=2.45e+58 factor_rho=5.62e-56 rho_eV2=1.58e+56 rho_final=8.90e[mcmc] Progress @ 2025-12-01 01:56:38 : 2588 steps taken, and 304 accepted.
+00
BG_FUNC: a=8.21e-11 V=6.48e-03 factor_V=2.45e+58 factor_rho=5.62e-56 rho_eV2=1.58e+56 rho_final=8.90e+00
BG_FUNC: a=3.19e-09 V=6.48e-03 factor_V=2.45e+58 factor_rho=5.62e-56 rho_eV2=1.58e+56 rho_final=8.90e+00
BG_FUNC: a=1.25e-07 V=6.48e-03 factor_V=2.45e+58 factor_rho=5.62e-56 rho_eV2=1.58e+56 rho_final=8.90e+00
BG_FUNC: a=4.89e-06 V=6.48e-03 factor_V=2.45e+58 factor_rho=5.62e-56 rho_eV2=1.58e+56 rho_final=8.90e+00
BG_FUNC: a=1.86e-04 V=6.21e-03 factor_V=2.45e+58 factor_rho=5.62e-56 rho_eV2=1.54e+56 rho_final=8.68e+00
RIDDER SWITCHING: z_osc = 1995.89, a_osc = 5.007781e-04
DEBUG: Ridder field ENABLED. Lambda = 5.893644e-01
DEBUG: Ridder field ENABLED. Lambda = 5.893644e-01
BG_FUNC: a=1.26e-13 V=1.17e-02 factor_V=2.45e+58 factor_rho=5.62e-56 rho_eV2=2.87e+56 rho_final=1.61e+01
BG_FUNC: a=5.05e-12 V=1.17e-02 factor_V=2.45e+58 factor_rho=5.62e-56 rho_eV2=2.87e+56 rho_final=1.61e+01
BG_FUNC: a=2.03e-10 V=1.17e-02 factor_V=2.45e+58 factor_rho=5.62e-56 rho_eV2=2.87e+56 rho_final=1.61e+01
BG_FUNC: a=8.18e-09 V=1.17e-02 factor_V=2.45e+58 factor_rho=5.62e-56 rho_eV2=2.87e+56 rho_final=1.61e+01
BG_FUNC: a=3.29e-07 V=1.17e-02 factor_V=2.45e+58 factor_rho=5.62e-56 rho_eV2=2.87e+56 rho_final=1.61e+01
BG_FUNC: a=1.33e-05 V=1.17e-02 factor_V=2.45e+58 factor_rho=5.62e-56 rho_eV2=2.87e+56 rho_final=1.61e+01
RIDDER SWITCHING: z_osc = 2384.96, a_osc = 4.191178e-04
DEBUG: Ridder field ENABLED. Lambda = 7.951071e-01
DEBUG: Ridder field ENABLED. Lambda = 7.951071e-01
BG_FUNC: a=1.17e-14 V=3.88e-02 factor_V=2.45e+58 factor_rho=5.62e-56 rho_eV2=9.49e+56 rho_final=5.34e+01
BG_FUNC: a=4.35e-13 V=3.88e-02 factor_V=2.45e+58 factor_rho=5.62e-56 rho_eV2=9.49e+56 rho_final=5.34e+01
BG_FUNC: a=1.73e-11 V=3.88e-02 factor_V=2.45e+58 factor_rho=5.62e-56 rho_eV2=9.49e+56 rho_final=5.34e+01
BG_FUNC: a=6.85e-10 V=3.88e-02 factor_V=2.45e+58 factor_rho=5.62e-56 rho_eV2=9.49e+56 rho_final=5.34e+01
BG_FUNC: a=2.72e-08 V=3.88e-02 factor_V=2.45e+58 factor_rho=5.62e-56 rho_eV2=9.49e+56 rho_final=5.34e+01
BG_FUNC: a=1.08e-06 V=3.88e-02 factor_V=2.45e+58 factor_rho=5.62e-56 rho_eV2=9.49e+56 rho_final=5.34e+01
BG_FUNC: a=4.28e-05 V=3.88e-02 factor_V=2.45e+58 factor_rho=5.62e-56 rho_eV2=9.49e+56 rho_final=5.33e+01
RIDDER SWITCHING: z_osc = 3433.05, a_osc = 2.912010e-04
DEBUG: Ridder field ENABLED. Lambda = 3.221111e-01
DEBUG: Ridder field ENABLED. Lambda = 3.221111e-01
BG_FUNC: a=5.22e-14 V=1.05e-03 factor_V=2.45e+58 factor_rho=5.62e-56 rho_eV2=2.56e+55 rho_final=1.44e+00
BG_FUNC: a=1.96e-12 V=1.05e-03 factor_V=2.45e+58 factor_rho=5.62e-56 rho_eV2=2.56e+55 rho_final=1.44e+00
BG_FUNC: a=7.68e-11 V=1.05e-03 factor_V=2.45e+58 factor_rho=5.62e-56 rho_eV2=2.56e+55 rho_final=1.44e+00
BG_FUNC: a=3.02e-09 V=1.05e-03 factor_V=2.45e+58 factor_rho=5.62e-56 rho_eV2=2.56e+55 rho_final=1.44e+00
BG_FUNC: a=1.18e-07 V=1.05e-03 factor_V=2.45e+58 factor_rho=5.62e-56 rho_eV2=2.56e+55 rho_final=1.44e+00
BG_FUNC: a=4.65e-06 V=1.05e-03 factor_V=2.45e+58 factor_rho=5.62e-56 rho_eV2=2.56e+55 rho_final=1.44e+00
BG_FUNC: a=1.77e-04 V=1.04e-03 factor_V=2.45e+58 factor_rho=5.62e-56 rho_eV2=2.55e+55 rho_final=1.43e+00
RIDDER SWITCHING: z_osc = 1140.50, a_osc = 8.760369e-04
DEBUG: Ridder field ENABLED. Lambda = 4.277619e-01
DEBUG: Ridder field ENABLED. Lambda = 4.277619e-01
BG_FUNC: a=7.15e-14 V=3.25e-03 factor_V=2.45e+58 factor_rho=5.62e-56 rho_eV2=7.95e+55 rho_final=4.47e+00
BG_FUNC: a=2.77e-12 V=3.25e-03 factor_V=2.45e+58 factor_rho=5.62e-56 rho_eV2=7.95e+55 rho_final=4.47e+00
BG_FUNC: a=1.12e-10 V=3.25e-03 factor_V=2.45e+58 factor_rho=5.62e-56 rho_eV2=7.95e+55 rho_final=4.47e+00
BG_FUNC: a=4.50e-09 V=3.25e-03 factor_V=2.45e+58 factor_rho=5.62e-56 rho_eV2=7.95e+55 rho_final=4.47e+00
BG_FUNC: a=1.82e-07 V=3.25e-03 factor_V=2.45e+58 factor_rho=5.62e-56 rho_eV2=7.95e+55 rho_final=4.47e+00
BG_FUNC: a=7.33e-06 V=3.25e-03 factor_V=2.45e+58 factor_rho=5.62e-56 rho_eV2=7.95e+55 rho_final=4.47e+00
BG_FUNC: a=2.94e-04 V=2.92e-03 factor_V=2.45e+58 factor_rho=5.62e-56 rho_eV2=7.43e+55 rho_final=4.18e+00
RIDDER SWITCHING: z_osc = 1597.02, a_osc = 6.257759e-04
DEBUG: Ridder field ENABLED. Lambda = 5.3296[mcmc] Progress @ 2025-12-01 01:57:39 : 2688 steps taken, and 319 accepted.
47e-01
DEBUG: Ridder field ENABLED. Lambda = 5.329647e-01
BG_FUNC: a=1.61e-13 V=7.84e-03 factor_V=2.45e+58 factor_rho=5.62e-56 rho_eV2=1.92e+56 rho_final=1.08e+01
BG_FUNC: a=6.48e-12 V=7.84e-03 factor_V=2.45e+58 factor_rho=5.62e-56 rho_eV2=1.92e+56 rho_final=1.08e+01
BG_FUNC: a=2.60e-10 V=7.84e-03 factor_V=2.45e+58 factor_rho=5.62e-56 rho_eV2=1.92e+56 rho_final=1.08e+01
BG_FUNC: a=1.04e-08 V=7.84e-03 factor_V=2.45e+58 factor_rho=5.62e-56 rho_eV2=1.92e+56 rho_final=1.08e+01
BG_FUNC: a=4.19e-07 V=7.84e-03 factor_V=2.45e+58 factor_rho=5.62e-56 rho_eV2=1.92e+56 rho_final=1.08e+01
BG_FUNC: a=1.68e-05 V=7.84e-03 factor_V=2.45e+58 factor_rho=5.62e-56 rho_eV2=1.92e+56 rho_final=1.08e+01
RIDDER SWITCHING: z_osc = 2109.96, a_osc = 4.737190e-04
DEBUG: Ridder field ENABLED. Lambda = 2.303019e-01
DEBUG: Ridder field ENABLED. Lambda = 2.303019e-01
BG_FUNC: a=1.26e-14 V=2.73e-04 factor_V=2.45e+58 factor_rho=5.62e-56 rho_eV2=6.68e+54 rho_final=3.76e-01
BG_FUNC: a=3.56e-13 V=2.73e-04 factor_V=2.45e+58 factor_rho=5.62e-56 rho_eV2=6.68e+54 rho_final=3.76e-01
BG_FUNC: a=1.02e-11 V=2.73e-04 factor_V=2.45e+58 factor_rho=5.62e-56 rho_eV2=6.68e+54 rho_final=3.76e-01
BG_FUNC: a=2.97e-10 V=2.73e-04 factor_V=2.45e+58 factor_rho=5.62e-56 rho_eV2=6.68e+54 rho_final=3.76e-01
BG_FUNC: a=8.60e-09 V=2.73e-04 factor_V=2.45e+58 factor_rho=5.62e-56 rho_eV2=6.68e+54 rho_final=3.76e-01
BG_FUNC: a=2.49e-07 V=2.73e-04 factor_V=2.45e+58 factor_rho=5.62e-56 rho_eV2=6.68e+54 rho_final=3.76e-01
BG_FUNC: a=7.22e-06 V=2.73e-04 factor_V=2.45e+58 factor_rho=5.62e-56 rho_eV2=6.68e+54 rho_final=3.76e-01
BG_FUNC: a=2.20e-04 V=2.72e-04 factor_V=2.45e+58 factor_rho=5.62e-56 rho_eV2=6.67e+54 rho_final=3.75e-01
RIDDER SWITCHING: z_osc = 714.19, a_osc = 1.398221e-03
DEBUG: Ridder field ENABLED. Lambda = 6.531184e-01
DEBUG: Ridder field ENABLED. Lambda = 6.531184e-01
BG_FUNC: a=5.61e-14 V=1.77e-02 factor_V=2.45e+58 factor_rho=5.62e-56 rho_eV2=4.32e+56 rho_final=2.43e+01
BG_FUNC: a=2.15e-12 V=1.77e-02 factor_V=2.45e+58 factor_rho=5.62e-56 rho_eV2=4.32e+56 rho_final=2.43e+01
BG_FUNC: a=8.54e-11 V=1.77e-02 factor_V=2.45e+58 factor_rho=5.62e-56 rho_eV2=4.32e+56 rho_final=2.43e+01
BG_FUNC: a=3.39e-09 V=1.77e-02 factor_V=2.45e+58 factor_rho=5.62e-56 rho_eV2=4.32e+56 rho_final=2.43e+01
BG_FUNC: a=1.35e-07 V=1.77e-02 factor_V=2.45e+58 factor_rho=5.62e-56 rho_eV2=4.32e+56 rho_final=2.43e+01
BG_FUNC: a=5.34e-06 V=1.77e-02 factor_V=2.45e+58 factor_rho=5.62e-56 rho_eV2=4.32e+56 rho_final=2.43e+01
BG_FUNC: a=2.10e-04 V=1.48e-02 factor_V=2.45e+58 factor_rho=5.62e-56 rho_eV2=3.88e+56 rho_final=2.18e+01
RIDDER SWITCHING: z_osc = 2711.06, a_osc = 3.687239e-04
DEBUG: Ridder field ENABLED. Lambda = 7.410843e-01
DEBUG: Ridder field ENABLED. Lambda = 7.410843e-01
BG_FUNC: a=1.96e-13 V=2.93e-02 factor_V=2.45e+58 factor_rho=5.62e-56 rho_eV2=7.16e+56 rho_final=4.03e+01
BG_FUNC: a=7.80e-12 V=2.93e-02 factor_V=2.45e+58 factor_rho=5.62e-56 rho_eV2=7.16e+56 rho_final=4.03e+01
BG_FUNC: a=3.11e-10 V=2.93e-02 factor_V=2.45e+58 factor_rho=5.62e-56 rho_eV2=7.16e+56 rho_final=4.03e+01
BG_FUNC: a=1.24e-08 V=2.93e-02 factor_V=2.45e+58 factor_rho=5.62e-56 rho_eV2=7.16e+56 rho_final=4.03e+01
BG_FUNC: a=4.93e-07 V=2.93e-02 factor_V=2.45e+58 factor_rho=5.62e-56 rho_eV2=7.16e+56 rho_final=4.03e+01
BG_FUNC: a=1.96e-05 V=2.93e-02 factor_V=2.45e+58 factor_rho=5.62e-56 rho_eV2=7.16e+56 rho_final=4.03e+01
RIDDER SWITCHING: z_osc = 3152.47, a_osc = 3.171113e-04
DEBUG: Ridder field ENABLED. Lambda = 7.397159e-01
DEBUG: Ridder field ENABLED. Lambda = 7.397159e-01
BG_FUNC: a=2.23e-14 V=2.91e-02 factor_V=2.45e+58 factor_rho=5.62e-56 rho_eV2=7.11e+56 rho_final=4.00e+01
BG_FUNC: a=8.44e-13 V=2.91e-02 factor_V=2.45e+58 factor_rho=5.62e-56 rho_eV2=7.11e+56 rho_final=4.00e+01
BG_FUNC: a=3.37e-11 V=2.91e-02 factor_V=2.45e+58 factor_rho=5.62e-56 rho_eV2=7.11e+56 rho_final=4.00e+01
BG_FUNC: a=1.34e-09 V=2.91e-02 factor_V=2.45e+58 factor_rho=5.62e-56 rho_eV2=7.11e+56 rho_final=4.00e+01
BG_FUNC: a=5.41e-08 V=2.91e-02 factor_V=2.45e+58 factor_rho=5.62e-56 rho_eV2=7.11e+56 rho_final=4.00e+01
BG_FUNC: a=2.14e-06 V=2.91e-02 factor_V=2.45e+58 factor_rho=5.62e-56 rho_eV2=7.11e+56 rho_final=4.00e+01
BG_FUNC: a=8.60e-05 V=2.88e-02 factor_V=2.45e+58 factor_rho=5.62e-56 rho_eV2=7.07e+56 rho_final=3.97e+01
RIDDER SWITCHING: z_osc = 3141.03, a_osc = 3.182655e-04
DEBUG: Ridder field ENABLED. Lambda = 6.658733e-01
DEBUG: Ridder field ENABLED. Lambda = 6.658733e-01
BG_FUNC: a=9.23e-14 V=1.91e-02 factor_V=2.45e+58 factor_rho=5.62e-56 rho_eV2=4.67e+56 rho_final=2.63e+01
BG_FUNC: a=3.64e-12 V=1.91e-02 factor_V=2.45e+58 factor_rho=5.62e-56 rho_eV2=4.67e+56 rho_final=2.63e+01
BG_FUNC: a=1.44e-10 V=1.91e-02 factor_V=2.45e+58 factor_rho=5.62e-56 rho_eV2=4.67e+56 rho_final=2.63e+01
BG_FUNC: a=5.74e-09 V=1.91e-02 factor_V=2.45e+58 factor_rho=5.62e-56 rho_eV2=4.67e+56 rho_final=2.63e+01
BG_FUNC: a=2.28e-07 V=1.91e-02 factor_V=2.45e+58 factor_rho=5.62e-56 rho_eV2=4.67e+56 rho_final=2.63e+01
BG_FUNC: a=9.04e-06 V=1.91e-02 factor_V=2.45e+58 factor_rho=5.62e-56 rho_eV2=4.67e+56 rho_final=2.63e+01
BG_FUNC: a=3.53e-04 V=6.41e-03 factor_V=2.45e+58 factor_rho=5.62e-56 rho_eV2=2.38e+56 rho_final=1.34e+01
RIDDER SWITCHING: z_osc = 2771.03, a_osc = 3.607458e-04
DEBUG: Ridder field ENABLED. Lambda = 8.213450e-01
DEBUG: Ridder field ENABLED. Lambda = 8.213450e-01
BG_FUNC: a=3.45e-13 V=4.42e-02 factor_V=2.45e+58 factor_rho=5.62e-56 rho_eV2=1.08e+57 rho_final=6.08e+01
BG_FUNC: a=1.37e-11 V=4.42e-02 factor_V=2.45e+58 factor_rho=5.62e-56 rho_eV2=1.08e+57 rho_final=6.08e+01
BG_FUNC: a=5.48e-10 V=4.42e-02 factor_V=2.45e+58 factor_rho=5.62e-56 rho_eV2=1.08e+57 rho_final=6.08e+01
BG_FUNC: a=2.18e-08 V=4.42e-02 factor_V=2.45e+58 factor_rho=5.62e-56 rho_eV2=1.08e+57 rho_final=6.08e+01
BG_FUNC: a=8.71e-07 V=4.42e-02 factor_V=2.45e+58 factor_rho=5.62e-56 rho_eV2=1.08e+57 rho_final=6.08e+01
BG_FUNC: a=3.47e-05 V=4.42e-02 factor_V=2.45e+58 factor_rho=5.62e-56 rho_eV2=1.08e+57 rho_final=6.08e+01
RIDDER SWITCHING: z_osc = 3552.95, a_osc = 2.813770e-04
DEBUG: Ridder field ENABLED. Lambda = 6.468114e-01
DEBUG: Ridder field ENABLED. Lambda = 6.468114e-01
BG_FUNC: a=4.37e-14 V=1.70e-02 factor_V=2.45e+58 factor_rho=5.62e-56 rho_eV2=4.16e+56 rho_final=2.34e+01
BG_FUNC: a=1.68e-12 V=1.70e-02 factor_V=2.45e+58 factor_rho=5.62e-56 rho_eV2=4.16e+56 rho_final=2.34e+01
BG_FUNC: a=6.70e-11 V=1.70e-02 factor_V=2.45e+58 factor_rho=5.62e-56 rho_eV2=4.16e+56 rho_final=2.34e+01
BG_FUNC: a=2.68e-09 V=1.70e-02 factor_V=2.45e+58 factor_rho=5.62e-56 rho_eV2=4.16e+56 rho_final=2.34e+01
BG_FUNC: a=1.08e-07 V=1.70e-02 factor_V=2.45e+58 factor_rho=5.62e-56 rho_eV2=4.16e+56 rho_final=2.34e+01
BG_FUNC: a=4.28e-06 V=1.70e-02 factor_V=2.45e+58 factor_rho=5.62e-56 rho_eV2=4.16e+56 rho_final=2.34e+01
BG_FUNC: a=1.72e-04 V=1.57e-02 factor_V=2.45e+58 factor_rho=5.62e-56 rho_eV2=3.95e+56 rho_final=2.22e+01
RIDDER SWITCHING: z_osc = 2671.20, a_osc = 3.742235e-04
DEBUG: Ridder field ENABLED. Lambda = 5.657291e-01
DEBUG: Ridder field ENABLED. Lambda = 5.657291e-01
BG_FUNC: a=1.56e-13 V=9.95e-03 factor_V=2.45e+58 factor_rho=5.62e-56 rho_eV2=2.43e+56 rho_final=1.37e+01
BG_FUNC: a=6.20e-12 V=9.95e-03 factor_V=2.45e+58 factor_rho=5.62e-56 rho_eV2=2.43e+56 rho_final=1.37e+01
BG_FUNC: a=2.47e-10 V=9.95e-03 factor_V=2.45e+58 factor_rho=5.62e-56 rho_eV2=2.43e+56 rho_final=1.37e+01
BG_FUNC: a=9.79e-09 V=9.95e-03 factor_V=2.45e+58 factor_rho=5.62e-56 rho_eV2=2.43e+56 rho_final=1.37e+01
BG_FUNC: a=3.89e-07 V=9.95e-03 factor_V=2.45e+58 factor_rho=5.62e-56 rho_eV2=2.43e+56 rho_final=1.37e+01
BG_FUNC: a=1.54e-05 V=9.95e-03 factor_V=2.45e+58 factor_rho=5.62e-56 rho_eV2=2.43e+56 rho_final=1.37e+01
RIDDER SWITCHING: z_osc = 2271.37, a_osc = 4.400700e-04
DEBUG: Ridder field ENABLED. Lambda = 6.001643e-01
DEBUG: Ridder field ENABLED. Lambda = 6.001643e-01
BG_FUNC: a=1.27e-14 V=1.26e-02 factor_V=2.45e+58 factor_rho=5.62e-56 rho_eV2=3.08e+56 rho_final=1.73e+01
BG_FUNC: a=4.74e-13 V=1.26e-02 factor_V=2.45e+58 factor_rho=5.62e-56 rho_eV2=3.08e+56 rho_final=1.73e+01
BG_FUNC: a=1.88e-11 V=1.26e-02 factor_V=2.45e+58 factor_rho=5.62e-56 rho_eV2=3.08e+56 rho_final=1.73e+01
BG_FUNC: a=7.47e-10 V=1.26e-02 factor_V=2.45e+58 factor_rho=5.62e-56 rho_eV2=3.08e+56 rho_final=1.[mcmc] Progress @ 2025-12-01 01:58:39 : 2762 steps taken, and 327 accepted.
73e+01
BG_FUNC: a=2.96e-08 V=1.26e-02 factor_V=2.45e+58 factor_rho=5.62e-56 rho_eV2=3.08e+56 rho_final=1.73e+01
BG_FUNC: a=1.19e-06 V=1.26e-02 factor_V=2.45e+58 factor_rho=5.62e-56 rho_eV2=3.08e+56 rho_final=1.73e+01
BG_FUNC: a=4.67e-05 V=1.26e-02 factor_V=2.45e+58 factor_rho=5.62e-56 rho_eV2=3.08e+56 rho_final=1.73e+01
RIDDER SWITCHING: z_osc = 2458.85, a_osc = 4.065291e-04
DEBUG: Ridder field ENABLED. Lambda = 7.111616e-01
DEBUG: Ridder field ENABLED. Lambda = 7.111616e-01
BG_FUNC: a=4.08e-14 V=2.48e-02 factor_V=2.45e+58 factor_rho=5.62e-56 rho_eV2=6.08e+56 rho_final=3.42e+01
BG_FUNC: a=1.56e-12 V=2.48e-02 factor_V=2.45e+58 factor_rho=5.62e-56 rho_eV2=6.08e+56 rho_final=3.42e+01
BG_FUNC: a=6.26e-11 V=2.48e-02 factor_V=2.45e+58 factor_rho=5.62e-56 rho_eV2=6.08e+56 rho_final=3.42e+01
BG_FUNC: a=2.47e-09 V=2.48e-02 factor_V=2.45e+58 factor_rho=5.62e-56 rho_eV2=6.08e+56 rho_final=3.42e+01
BG_FUNC: a=9.84e-08 V=2.48e-02 factor_V=2.45e+58 factor_rho=5.62e-56 rho_eV2=6.08e+56 rho_final=3.42e+01
BG_FUNC: a=3.92e-06 V=2.48e-02 factor_V=2.45e+58 factor_rho=5.62e-56 rho_eV2=6.08e+56 rho_final=3.42e+01
BG_FUNC: a=1.56e-04 V=2.29e-02 factor_V=2.45e+58 factor_rho=5.62e-56 rho_eV2=5.78e+56 rho_final=3.25e+01
RIDDER SWITCHING: z_osc = 2971.64, a_osc = 3.364015e-04
DEBUG: Ridder field ENABLED. Lambda = 8.135687e-01
DEBUG: Ridder field ENABLED. Lambda = 8.135687e-01
BG_FUNC: a=1.59e-13 V=4.26e-02 factor_V=2.45e+58 factor_rho=5.62e-56 rho_eV2=1.04e+57 rho_final=5.85e+01
BG_FUNC: a=6.32e-12 V=4.26e-02 factor_V=2.45e+58 factor_rho=5.62e-56 rho_eV2=1.04e+57 rho_final=5.85e+01
BG_FUNC: a=2.50e-10 V=4.26e-02 factor_V=2.45e+58 factor_rho=5.62e-56 rho_eV2=1.04e+57 rho_final=5.85e+01
BG_FUNC: a=9.92e-09 V=4.26e-02 factor_V=2.45e+58 factor_rho=5.62e-56 rho_eV2=1.04e+57 rho_final=5.85e+01
BG_FUNC: a=3.97e-07 V=4.26e-02 factor_V=2.45e+58 factor_rho=5.62e-56 rho_eV2=1.04e+57 rho_final=5.85e+01
BG_FUNC: a=1.56e-05 V=4.26e-02 factor_V=2.45e+58 factor_rho=5.62e-56 rho_eV2=1.04e+57 rho_final=5.85e+01
RIDDER SWITCHING: z_osc = 3539.15, a_osc = 2.824735e-04
DEBUG: Ridder field ENABLED. Lambda = 8.071032e-01
DEBUG: Ridder field ENABLED. Lambda = 8.071032e-01
BG_FUNC: a=1.98e-14 V=4.12e-02 factor_V=2.45e+58 factor_rho=5.62e-56 rho_eV2=1.01e+57 rho_final=5.67e+01
BG_FUNC: a=7.47e-13 V=4.12e-02 factor_V=2.45e+58 factor_rho=5.62e-56 rho_eV2=1.01e+57 rho_final=5.67e+01
BG_FUNC: a=2.98e-11 V=4.12e-02 factor_V=2.45e+58 factor_rho=5.62e-56 rho_eV2=1.01e+57 rho_final=5.67e+01
BG_FUNC: a=1.20e-09 V=4.12e-02 factor_V=2.45e+58 factor_rho=5.62e-56 rho_eV2=1.01e+57 rho_final=5.67e+01
BG_FUNC: a=4.76e-08 V=4.12e-02 factor_V=2.45e+58 factor_rho=5.62e-56 rho_eV2=1.01e+57 rho_final=5.67e+01
BG_FUNC: a=1.90e-06 V=4.12e-02 factor_V=2.45e+58 factor_rho=5.62e-56 rho_eV2=1.01e+57 rho_final=5.67e+01
BG_FUNC: a=7.57e-05 V=4.09e-02 factor_V=2.45e+58 factor_rho=5.62e-56 rho_eV2=1.00e+57 rho_final=5.64e+01
RIDDER SWITCHING: z_osc = 3480.80, a_osc = 2.872076e-04
DEBUG: Ridder field ENABLED. Lambda = 8.237679e-01
DEBUG: Ridder field ENABLED. Lambda = 8.237679e-01
BG_FUNC: a=9.17e-14 V=4.47e-02 factor_V=2.45e+58 factor_rho=5.62e-56 rho_eV2=1.09e+57 rho_final=6.15e+01
BG_FUNC: a=3.63e-12 V=4.47e-02 factor_V=2.45e+58 factor_rho=5.62e-56 rho_eV2=1.09e+57 rho_final=6.15e+01
BG_FUNC: a=1.46e-10 V=4.47e-02 factor_V=2.45e+58 factor_rho=5.62e-56 rho_eV2=1.09e+57 rho_final=6.15e+01
BG_FUNC: a=5.86e-09 V=4.47e-02 factor_V=2.45e+58 factor_rho=5.62e-56 rho_eV2=1.09e+57 rho_final=6.15e+01
BG_FUNC: a=2.36e-07 V=4.47e-02 factor_V=2.45e+58 factor_rho=5.62e-56 rho_eV2=1.09e+57 rho_final=6.15e+01
BG_FUNC: a=9.47e-06 V=4.47e-02 factor_V=2.45e+58 factor_rho=5.62e-56 rho_eV2=1.09e+57 rho_final=6.15e+01
RIDDER SWITCHING: z_osc = 3583.00, a_osc = 2.790181e-04
DEBUG: Ridder field ENABLED. Lambda = 5.642986e-01
DEBUG: Ridder field ENABLED. Lambda = 5.642986e-01
BG_FUNC: a=1.25e-14 V=9.85e-03 factor_V=2.45e+58 factor_rho=5.62e-56 rho_eV2=2.41e+56 rho_final=1.35e+01
BG_FUNC: a=4.67e-13 V=9.85e-03 factor_V=2.45e+58 factor_rho=5.62e-56 rho_eV2=2.41e+56 rho_final=1.35e+01
BG_FUNC: a=1.89e-11 V=9.85e-03 factor_V=2.45[mcmc] Progress @ 2025-12-01 01:59:44 : 2887 steps taken, and 349 accepted.
e+58 factor_rho=5.62e-56 rho_eV2=2.41e+56 rho_final=1.35e+01
BG_FUNC: a=7.48e-10 V=9.85e-03 factor_V=2.45e+58 factor_rho=5.62e-56 rho_eV2=2.41e+56 rho_final=1.35e+01
BG_FUNC: a=2.99e-08 V=9.85e-03 factor_V=2.45e+58 factor_rho=5.62e-56 rho_eV2=2.41e+56 rho_final=1.35e+01
BG_FUNC: a=1.20e-06 V=9.85e-03 factor_V=2.45e+58 factor_rho=5.62e-56 rho_eV2=2.41e+56 rho_final=1.35e+01
BG_FUNC: a=4.78e-05 V=9.85e-03 factor_V=2.45e+58 factor_rho=5.62e-56 rho_eV2=2.41e+56 rho_final=1.35e+01
RIDDER SWITCHING: z_osc = 2277.38, a_osc = 4.389087e-04
DEBUG: Ridder field ENABLED. Lambda = 6.276030e-01
DEBUG: Ridder field ENABLED. Lambda = 6.276030e-01
BG_FUNC: a=3.88e-14 V=1.51e-02 factor_V=2.45e+58 factor_rho=5.62e-56 rho_eV2=3.69e+56 rho_final=2.07e+01
BG_FUNC: a=1.49e-12 V=1.51e-02 factor_V=2.45e+58 factor_rho=5.62e-56 rho_eV2=3.69e+56 rho_final=2.07e+01
BG_FUNC: a=5.94e-11 V=1.51e-02 factor_V=2.45e+58 factor_rho=5.62e-56 rho_eV2=3.69e+56 rho_final=2.07e+01
BG_FUNC: a=2.37e-09 V=1.51e-02 factor_V=2.45e+58 factor_rho=5.62e-56 rho_eV2=3.69e+56 rho_final=2.07e+01
BG_FUNC: a=9.49e-08 V=1.51e-02 factor_V=2.45e+58 factor_rho=5.62e-56 rho_eV2=3.69e+56 rho_final=2.07e+01
BG_FUNC: a=3.79e-06 V=1.51e-02 factor_V=2.45e+58 factor_rho=5.62e-56 rho_eV2=3.69e+56 rho_final=2.07e+01
BG_FUNC: a=1.51e-04 V=1.44e-02 factor_V=2.45e+58 factor_rho=5.62e-56 rho_eV2=3.58e+56 rho_final=2.02e+01
RIDDER SWITCHING: z_osc = 2583.59, a_osc = 3.869091e-04
DEBUG: Ridder field ENABLED. Lambda = 6.238133e-01
DEBUG: Ridder field ENABLED. Lambda = 6.238133e-01
BG_FUNC: a=1.35e-13 V=1.47e-02 factor_V=2.45e+58 factor_rho=5.62e-56 rho_eV2=3.60e+56 rho_final=2.02e+01
BG_FUNC: a=5.33e-12 V=1.47e-02 factor_V=2.45e+58 factor_rho=5.62e-56 rho_eV2=3.60e+56 rho_final=2.02e+01
BG_FUNC: a=2.13e-10 V=1.47e-02 factor_V=2.45e+58 factor_rho=5.62e-56 rho_eV2=3.60e+56 rho_final=2.02e+01
BG_FUNC: a=8.53e-09 V=1.47e-02 factor_V=2.45e+58 factor_rho=5.62e-56 rho_eV2=3.60e+56 rho_final=2.02e+01
BG_FUNC: a=3.44e-07 V=1.47e-02 factor_V=2.45e+58 factor_rho=5.62e-56 rho_eV2=3.60e+56 rho_final=2.02e+01
BG_FUNC: a=1.36e-05 V=1.47e-02 factor_V=2.45e+58 factor_rho=5.62e-56 rho_eV2=3.60e+56 rho_final=2.02e+01
RIDDER SWITCHING: z_osc = 2545.91, a_osc = 3.926329e-04
DEBUG: Ridder field ENABLED. Lambda = 7.241398e-01
DEBUG: Ridder field ENABLED. Lambda = 7.241398e-01
BG_FUNC: a=1.27e-14 V=2.67e-02 factor_V=2.45e+58 factor_rho=5.62e-56 rho_eV2=6.53e+56 rho_final=3.67e+01
BG_FUNC: a=4.73e-13 V=2.67e-02 factor_V=2.45e+58 factor_rho=5.62e-56 rho_eV2=6.53e+56 rho_final=3.67e+01
BG_FUNC: a=1.87e-11 V=2.67e-02 factor_V=2.45e+58 factor_rho=5.62e-56 rho_eV2=6.53e+56 rho_final=3.67e+01
BG_FUNC: a=7.42e-10 V=2.67e-02 factor_V=2.45e+58 factor_rho=5.62e-56 rho_eV2=6.53e+56 rho_final=3.67e+01
BG_FUNC: a=2.94e-08 V=2.67e-02 factor_V=2.45e+58 factor_rho=5.62e-56 rho_eV2=6.53e+56 rho_final=3.67e+01
BG_FUNC: a=1.17e-06 V=2.67e-02 factor_V=2.45e+58 factor_rho=5.62e-56 rho_eV2=6.53e+56 rho_final=3.67e+01
BG_FUNC: a=4.60e-05 V=2.67e-02 factor_V=2.45e+58 factor_rho=5.62e-56 rho_eV2=6.53e+56 rho_final=3.67e+01
RIDDER SWITCHING: z_osc = 3051.00, a_osc = 3.276540e-04
DEBUG: Ridder field ENABLED. Lambda = 6.846587e-01
DEBUG: Ridder field ENABLED. Lambda = 6.846587e-01
BG_FUNC: a=4.98e-14 V=2.13e-02 factor_V=2.45e+58 factor_rho=5.62e-56 rho_eV2=5.22e+56 rho_final=2.93e+01
BG_FUNC: a=1.92e-12 V=2.13e-02 factor_V=2.45e+58 factor_rho=5.62e-56 rho_eV2=5.22e+56 rho_final=2.93e+01
BG_FUNC: a=7.71e-11 V=2.13e-02 factor_V=2.45e+58 factor_rho=5.62e-56 rho_eV2=5.22e+56 rho_final=2.93e+01
BG_FUNC: a=3.10e-09 V=2.13e-02 factor_V=2.45e+58 factor_rho=5.62e-56 rho_eV2=5.22e+56 rho_final=2.93e+01
BG_FUNC: a=1.25e-07 V=2.13e-02 factor_V=2.45e+58 factor_rho=5.62e-56 rho_eV2=5.22e+56 rho_final=2.93e+01
BG_FUNC: a=4.99e-06 V=2.13e-02 factor_V=2.45e+58 factor_rho=5.62e-56 rho_eV2=5.22e+56 rho_final=2.93e+01
BG_FUNC: a=2.00e-04 V=1.79e-02 factor_V=2.45e+58 factor_rho=5.62e-56 rho_eV2=4.68e+56 rho_final=2.63e+01
RIDDER SWITCHING: z_osc = 2855.99, a_osc = 3.500192e-04
DEBUG: Ridder field ENABLED. Lambda = 5.423940e-01
DEBUG: Ridder field ENABLED. Lambda = 5.4[mcmc] Progress @ 2025-12-01 02:00:46 : 2986 steps taken, and 365 accepted.
23940e-01
BG_FUNC: a=1.96e-13 V=8.41e-03 factor_V=2.45e+58 factor_rho=5.62e-56 rho_eV2=2.06e+56 rho_final=1.16e+01
BG_FUNC: a=7.84e-12 V=8.41e-03 factor_V=2.45e+58 factor_rho=5.62e-56 rho_eV2=2.06e+56 rho_final=1.16e+01
BG_FUNC: a=3.13e-10 V=8.41e-03 factor_V=2.45e+58 factor_rho=5.62e-56 rho_eV2=2.06e+56 rho_final=1.16e+01
BG_FUNC: a=1.25e-08 V=8.41e-03 factor_V=2.45e+58 factor_rho=5.62e-56 rho_eV2=2.06e+56 rho_final=1.16e+01
BG_FUNC: a=5.03e-07 V=8.41e-03 factor_V=2.45e+58 factor_rho=5.62e-56 rho_eV2=2.06e+56 rho_final=1.16e+01
BG_FUNC: a=1.99e-05 V=8.41e-03 factor_V=2.45e+58 factor_rho=5.62e-56 rho_eV2=2.06e+56 rho_final=1.16e+01
RIDDER SWITCHING: z_osc = 2177.94, a_osc = 4.589395e-04
DEBUG: Ridder field ENABLED. Lambda = 5.813846e-01
DEBUG: Ridder field ENABLED. Lambda = 5.813846e-01
BG_FUNC: a=1.58e-14 V=1.11e-02 factor_V=2.45e+58 factor_rho=5.62e-56 rho_eV2=2.71e+56 rho_final=1.53e+01
BG_FUNC: a=5.86e-13 V=1.11e-02 factor_V=2.45e+58 factor_rho=5.62e-56 rho_eV2=2.71e+56 rho_final=1.53e+01
BG_FUNC: a=2.32e-11 V=1.11e-02 factor_V=2.45e+58 factor_rho=5.62e-56 rho_eV2=2.71e+56 rho_final=1.53e+01
BG_FUNC: a=9.21e-10 V=1.11e-02 factor_V=2.45e+58 factor_rho=5.62e-56 rho_eV2=2.71e+56 rho_final=1.53e+01
BG_FUNC: a=3.65e-08 V=1.11e-02 factor_V=2.45e+58 factor_rho=5.62e-56 rho_eV2=2.71e+56 rho_final=1.53e+01
BG_FUNC: a=1.45e-06 V=1.11e-02 factor_V=2.45e+58 factor_rho=5.62e-56 rho_eV2=2.71e+56 rho_final=1.53e+01
BG_FUNC: a=5.70e-05 V=1.11e-02 factor_V=2.45e+58 factor_rho=5.62e-56 rho_eV2=2.71e+56 rho_final=1.52e+01
RIDDER SWITCHING: z_osc = 2327.81, a_osc = 4.294046e-04
DEBUG: Ridder field ENABLED. Lambda = 5.842975e-01
DEBUG: Ridder field ENABLED. Lambda = 5.842975e-01
BG_FUNC: a=4.76e-14 V=1.13e-02 factor_V=2.45e+58 factor_rho=5.62e-56 rho_eV2=2.77e+56 rho_final=1.56e+01
BG_FUNC: a=1.81e-12 V=1.13e-02 factor_V=2.45e+58 factor_rho=5.62e-56 rho_eV2=2.77e+56 rho_final=1.56e+01
BG_FUNC: a=7.20e-11 V=1.13e-02 factor_V=2.45e+58 factor_rho=5.62e-56 rho_eV2=2.77e+56 rho_final=1.56e+01
BG_FUNC: a=2.86e-09 V=1.13e-02 factor_V=2.45e+58 factor_rho=5.62e-56 rho_eV2=2.77e+56 rho_final=1.56e+01
BG_FUNC: a=1.14e-07 V=1.13e-02 factor_V=2.45e+58 factor_rho=5.62e-56 rho_eV2=2.77e+56 rho_final=1.56e+01
BG_FUNC: a=4.51e-06 V=1.13e-02 factor_V=2.45e+58 factor_rho=5.62e-56 rho_eV2=2.77e+56 rho_final=1.56e+01
BG_FUNC: a=1.78e-04 V=1.06e-02 factor_V=2.45e+58 factor_rho=5.62e-56 rho_eV2=2.66e+56 rho_final=1.50e+01
RIDDER SWITCHING: z_osc = 2359.10, a_osc = 4.237106e-04
DEBUG: Ridder field ENABLED. Lambda = 8.888234e-01
DEBUG: Ridder field ENABLED. Lambda = 8.888234e-01
BG_FUNC: a=1.44e-13 V=6.06e-02 factor_V=2.45e+58 factor_rho=5.62e-56 rho_eV2=1.48e+57 rho_final=8.33e+01
BG_FUNC: a=5.78e-12 V=6.06e-02 factor_V=2.45e+58 factor_rho=5.62e-56 rho_eV2=1.48e+57 rho_final=8.33e+01
BG_FUNC: a=2.31e-10 V=6.06e-02 factor_V=2.45e+58 factor_rho=5.62e-56 rho_eV2=1.48e+57 rho_final=8.33e+01
BG_FUNC: a=9.24e-09 V=6.06e-02 factor_V=2.45e+58 factor_rho=5.62e-56 rho_eV2=1.48e+57 rho_final=8.33e+01
BG_FUNC: a=3.70e-07 V=6.06e-02 factor_V=2.45e+58 factor_rho=5.62e-56 rho_eV2=1.48e+57 rho_final=8.33e+01
BG_FUNC: a=1.48e-05 V=6.06e-02 factor_V=2.45e+58 factor_rho=5.62e-56 rho_eV2=1.48e+57 rho_final=8.33e+01
RIDDER SWITCHING: z_osc = 3889.26, a_osc = 2.570526e-04
DEBUG: Ridder field ENABLED. Lambda = 8.261542e-01
DEBUG: Ridder field ENABLED. Lambda = 8.261542e-01
BG_FUNC: a=2.07e-14 V=4.53e-02 factor_V=2.45e+58 factor_rho=5.62e-56 rho_eV2=1.11e+57 rho_final=6.22e+01
BG_FUNC: a=7.79e-13 V=4.53e-02 factor_V=2.45e+58 factor_rho=5.62e-56 rho_eV2=1.11e+57 rho_final=6.22e+01
BG_FUNC: a=3.12e-11 V=4.53e-02 factor_V=2.45e+58 factor_rho=5.62e-56 rho_eV2=1.11e+57 rho_final=6.22e+01
BG_FUNC: a=1.23e-09 V=4.53e-02 factor_V=2.45e+58 factor_rho=5.62e-56 rho_eV2=1.11e+57 rho_final=6.22e+01
BG_FUNC: a=4.88e-08 V=4.53e-02 factor_V=2.45e+58 factor_rho=5.62e-56 rho_eV2=1.11e+57 rho_final=6.22e+01
BG_FUNC: a=1.94e-06 V=4.53e-02 factor_V=2.45e+58 factor_rho=5.62e-56 rho_eV2=1.11e+57 rho_final=6.22e+01
BG_FUNC: a=7.64e-05 V=4.48e-02 factor_V=2.45e+58 factor_rho=5.62e-56 rho_eV2=1.10e+57 rho_fina[mcmc] Progress @ 2025-12-01 02:01:46 : 3055 steps taken, and 376 accepted.
l=6.18e+01
RIDDER SWITCHING: z_osc = 3580.04, a_osc = 2.792487e-04
DEBUG: Ridder field ENABLED. Lambda = 9.694586e-01
DEBUG: Ridder field ENABLED. Lambda = 9.694586e-01
BG_FUNC: a=9.62e-14 V=8.58e-02 factor_V=2.45e+58 factor_rho=5.62e-56 rho_eV2=2.10e+57 rho_final=1.18e+02
BG_FUNC: a=3.68e-12 V=8.58e-02 factor_V=2.45e+58 factor_rho=5.62e-56 rho_eV2=2.10e+57 rho_final=1.18e+02
BG_FUNC: a=1.44e-10 V=8.58e-02 factor_V=2.45e+58 factor_rho=5.62e-56 rho_eV2=2.10e+57 rho_final=1.18e+02
BG_FUNC: a=5.65e-09 V=8.58e-02 factor_V=2.45e+58 factor_rho=5.62e-56 rho_eV2=2.10e+57 rho_final=1.18e+02
BG_FUNC: a=2.22e-07 V=8.58e-02 factor_V=2.45e+58 factor_rho=5.62e-56 rho_eV2=2.10e+57 rho_final=1.18e+02
BG_FUNC: a=8.65e-06 V=8.58e-02 factor_V=2.45e+58 factor_rho=5.62e-56 rho_eV2=2.10e+57 rho_final=1.18e+02
RIDDER SWITCHING: z_osc = 4327.67, a_osc = 2.310176e-04
DEBUG: Ridder field ENABLED. Lambda = 5.746201e-01
DEBUG: Ridder field ENABLED. Lambda = 5.746201e-01
BG_FUNC: a=1.32e-14 V=1.06e-02 factor_V=2.45e+58 factor_rho=5.62e-56 rho_eV2=2.59e+56 rho_final=1.46e+01
BG_FUNC: a=4.96e-13 V=1.06e-02 factor_V=2.45e+58 factor_rho=5.62e-56 rho_eV2=2.59e+56 rho_final=1.46e+01
BG_FUNC: a=1.99e-11 V=1.06e-02 factor_V=2.45e+58 factor_rho=5.62e-56 rho_eV2=2.59e+56 rho_final=1.46e+01
BG_FUNC: a=8.03e-10 V=1.06e-02 factor_V=2.45e+58 factor_rho=5.62e-56 rho_eV2=2.59e+56 rho_final=1.46e+01
BG_FUNC: a=3.23e-08 V=1.06e-02 factor_V=2.45e+58 factor_rho=5.62e-56 rho_eV2=2.59e+56 rho_final=1.46e+01
BG_FUNC: a=1.31e-06 V=1.06e-02 factor_V=2.45e+58 factor_rho=5.62e-56 rho_eV2=2.59e+56 rho_final=1.46e+01
BG_FUNC: a=5.23e-05 V=1.06e-02 factor_V=2.45e+58 factor_rho=5.62e-56 rho_eV2=2.59e+56 rho_final=1.46e+01
RIDDER SWITCHING: z_osc = 2331.69, a_osc = 4.286891e-04
DEBUG: Ridder field ENABLED. Lambda = 6.848993e-01
DEBUG: Ridder field ENABLED. Lambda = 6.848993e-01
BG_FUNC: a=4.39e-14 V=2.14e-02 factor_V=2.45e+58 factor_rho=5.62e-56 rho_eV2=5.23e+56 rho_final=2.94e+01
BG_FUNC: a=1.69e-12 V=2.14e-02 factor_V=2.45e+58 factor_rho=5.62e-56 rho_eV2=5.23e+56 rho_final=2.94e+01
BG_FUNC: a=6.78e-11 V=2.14e-02 factor_V=2.45e+58 factor_rho=5.62e-56 rho_eV2=5.23e+56 rho_final=2.94e+01
BG_FUNC: a=2.72e-09 V=2.14e-02 factor_V=2.45e+58 factor_rho=5.62e-56 rho_eV2=5.23e+56 rho_final=2.94e+01
BG_FUNC: a=1.09e-07 V=2.14e-02 factor_V=2.45e+58 factor_rho=5.62e-56 rho_eV2=5.23e+56 rho_final=2.94e+01
BG_FUNC: a=4.43e-06 V=2.14e-02 factor_V=2.45e+58 factor_rho=5.62e-56 rho_eV2=5.23e+56 rho_final=2.94e+01
BG_FUNC: a=1.77e-04 V=1.91e-02 factor_V=2.45e+58 factor_rho=5.62e-56 rho_eV2=4.87e+56 rho_final=2.74e+01
RIDDER SWITCHING: z_osc = 2863.54, a_osc = 3.490960e-04
DEBUG: Ridder field ENABLED. Lambda = 4.843468e-01
DEBUG: Ridder field ENABLED. Lambda = 4.843468e-01
BG_FUNC: a=1.73e-13 V=5.35e-03 factor_V=2.45e+58 factor_rho=5.62e-56 rho_eV2=1.31e+56 rho_final=7.35e+00
BG_FUNC: a=7.02e-12 V=5.35e-03 factor_V=2.45e+58 factor_rho=5.62e-56 rho_eV2=1.31e+56 rho_final=7.35e+00
BG_FUNC: a=2.83e-10 V=5.35e-03 factor_V=2.45e+58 factor_rho=5.62e-56 rho_eV2=1.31e+56 rho_final=7.35e+00
BG_FUNC: a=1.14e-08 V=5.35e-03 factor_V=2.45e+58 factor_rho=5.62e-56 rho_eV2=1.31e+56 rho_final=7.35e+00
BG_FUNC: a=4.58e-07 V=5.35e-03 factor_V=2.45e+58 factor_rho=5.62e-56 rho_eV2=1.31e+56 rho_final=7.35e+00
BG_FUNC: a=1.84e-05 V=5.35e-03 factor_V=2.45e+58 factor_rho=5.62e-56 rho_eV2=1.31e+56 rho_final=7.35e+00
RIDDER SWITCHING: z_osc = 1883.88, a_osc = 5.305374e-04
DEBUG: Ridder field ENABLED. Lambda = 6.269544e-01
DEBUG: Ridder field ENABLED. Lambda = 6.269544e-01
BG_FUNC: a=1.25e-14 V=1.50e-02 factor_V=2.45e+58 factor_rho=5.62e-56 rho_eV2=3.67e+56 rho_final=2.06e+01
BG_FUNC: a=4.68e-13 V=1.50e-02 factor_V=2.45e+58 factor_rho=5.62e-56 rho_eV2=3.67e+56 rho_final=2.06e+01
BG_FUNC: a=1.87e-11 V=1.50e-02 factor_V=2.45e+58 factor_rho=5.62e-56 rho_eV2=3.67e+56 rho_final=2.06e+01
BG_FUNC: a=7.49e-10 V=1.50e-02 factor_V=2.45e+58 factor_rho=5.62e-56 rho_eV2=3.67e+56 rho_final=2.06e+01
BG_FUNC: a=3.00e-08 V=1.50e-02 factor_V=2.45e+58 factor_rho=5.62e-56 rho_eV2=3.67e+56 rho_final=2.06e+01
BG_FUNC: a=1.20e-06 V=1.50e-02 factor_V=2.45e+58 factor_rho=5.62e-56 rho_eV2=3.67e+56 rho_final=2.06e+01
BG_FUNC: a=4.79e-05 V=1.50e-02 factor_V=2.45e+58 factor_rho=5.62e-56 rho_eV2=3.67e+56 rho_final=2.06e+01
RIDDER SWITCHING: z_osc = 2577.30, a_osc = 3.878527e-04
DEBUG: Ridder field ENABLED. Lambda = 4.571805e-01
DEBUG: Ridder field ENABLED. Lambda = 4.571805e-01
BG_FUNC: a=4.40e-14 V=4.24e-03 factor_V=2.45e+58 factor_rho=5.62e-56 rho_eV2=1.04e+56 rho_final=5.83e+00
BG_FUNC: a=1.65e-12 V=4.24e-03 factor_V=2.45e+58 factor_rho=5.62e-56 rho_eV2=1.04e+56 rho_final=5.83e+00
BG_FUNC: a=6.54e-11 V=4.24e-03 factor_V=2.45e+58 factor_rho=5.62e-56 rho_eV2=1.04e+56 rho_final=5.83e+00
BG_FUNC: a=2.54e-09 V=4.24e-03 factor_V=2.45e+58 factor_rho=5.62e-56 rho_eV2=1.04e+56 rho_final=5.83e+00
BG_FUNC: a=9.96e-08 V=4.24e-03 factor_V=2.45e+58 factor_rho=5.62e-56 rho_eV2=1.04e+56 rho_final=5.83e+00
BG_FUNC: a=3.90e-06 V=4.24e-03 factor_V=2.45e+58 factor_rho=5.62e-56 rho_eV2=1.04e+56 rho_final=5.83e+00
BG_FUNC: a=1.48e-04 V=4.19e-03 factor_V=2.45e+58 factor_rho=5.62e-56 rho_eV2=1.03e+56 rho_final=5.79e+00
RIDDER SWITCHING: z_osc = 1742.19, a_osc = 5.736600e-04
DEBUG: Ridder field ENABLED. Lambda = 7.062494e-01
DEBUG: Ridder field ENABLED. Lambda = 7.062494e-01
BG_FUNC: a=8.95e-14 V=2.42e-02 factor_V=2.45e+58 factor_rho=5.62e-56 rho_eV2=5.91e+56 rho_final=3.32e+01
BG_FUNC: a=3.51e-12 V=2.42e-02 factor_V=2.45e+58 factor_rho=5.62e-56 rho_eV2=5.91e+56 rho_final=3.32e+01
BG_FUNC: a=1.39e-10 V=2.42e-02 factor_V=2.45e+58 factor_rho=5.62e-56 rho_eV2=5.91e+56 rho_final=3.32e+01
BG_FUNC: a=5.54e-09 V=2.42e-02 factor_V=2.45e+58 factor_rho=5.62e-56 rho_eV2=5.91e+56 rho_final=3.32e+01
BG_FUNC: a=2.22e-07 V=2.42e-02 factor_V=2.45e+58 factor_rho=5.62e-56 rho_eV2=5.91e+56 rho_final=3.32e+01
BG_FUNC: a=8.72e-06 V=2.42e-02 factor_V=2.45e+58 factor_rho=5.62e-56 rho_eV2=5.91e+56 rho_final=3.32e+01
RIDDER SWITCHING: z_osc = 2979.00, a_osc = 3.355703e-04
DEBUG: Ridder field ENABLED. Lambda = 6.342486e-01
DEBUG: Ridder field ENABLED. Lambda = 6.342486e-01
BG_FUNC: a=1.00e-14 V=1.57e-02 factor_V=2.45e+58 factor_rho=5.62e-56 rho_eV2=3.84e+56 rho_final=2.16e+01
BG_FUNC: a=3.52e-13 V=1.57e-02 factor_V=2.45e+58 factor_rho=5.62e-56 rho_eV2=3.84e+56 rho_final=2.16e+01
BG_FUNC: a=1.39e-11 V=1.57e-02 factor_V=2.45e+58 factor_rho=5.62e-56 rho_eV2=3.84e+56 rho_final=2.16e+01
BG_FUNC: a=5.51e-10 V=1.57e-02 factor_V=2.45e+58 factor_rho=5.62e-56 rho_eV2=3.84e+56 rho_final=2.16e+01
BG_FUNC: a=2.18e-08 V=1.57e-02 factor_V=2.45e+58 factor_rho=5.62e-56 rho_eV2=3.84e+56 rho_final=2.16e+01
BG_FUNC: a=8.72e-07 V=1.57e-02 factor_V=2.45e+58 factor_rho=5.62e-56 rho_eV2=3.84e+56 rho_final=2.16e+01
BG_FUNC: a=3.42e-05 V=1.57e-02 factor_V=2.45e+58 factor_rho=5.62e-56 rho_eV2=3.84e+56 rho_final=2.16e+01
RIDDER SWITCHING: z_osc = 2605.05, a_osc = 3.837225e-04
DEBUG: Ridder field ENABLED. Lambda = 3.788012e-01
DEBUG: Ridder field ENABLED. Lambda = 3.788012e-01
BG_FUNC: a=3.16e-14 V=2.00e-03 factor_V=2.45e+58 factor_rho=5.62e-56 rho_eV2=4.89e+55 rho_final=2.75e+00
BG_FUNC: a=1.18e-12 V=2.00e-03 factor_V=2.45e+58 factor_rho=5.62e-56 rho_eV2=4.89e+55 rho_final=2.75e+00
BG_FUNC: a=4.62e-11 V=2.00e-03 factor_V=2.45e+58 factor_rho=5.62e-56 rho_eV2=4.89e+55 rho_final=2.75e+00
BG_FUNC: a=1.83e-09 V=2.00e-03 factor_V=2.45e+58 factor_rho=5.62e-56 rho_eV2=4.89e+55 rho_final=2.75e+00
BG_FUNC: a=7.13e-08 V=2.00e-03 factor_V=2.45e+58 factor_rho=5.62e-56 rho_eV2=4.89e+55 rho_final=2.75e+00
BG_FUNC: a=2.80e-06 V=2.00e-03 factor_V=2.45e+58 factor_rho=5.62e-56 rho_eV2=4.89e+55 rho_final=2.75e+00
BG_FUNC: a=1.07e-04 V=2.00e-03 factor_V=2.45e+58 factor_rho=5.62e-56 rho_eV2=4.89e+55 rho_final=2.75e+00
RIDDER SWITCHING: z_osc = 1377.85, a_osc = 7.252395e-04
DEBUG: Ridder field ENABLED. Lambda = 6.660936e-01
DEBUG: Ridder field ENABLED. Lambda = 6.660936e-01
BG_FUNC: a=5.28e-14 V=1.91e-02 factor_V=2.45e+58 factor_rho=5.62e-56 rho_eV2=4.68e+56 rho_final=2.63e+01
BG_FUNC: a=2.00e-12 V=1.91e-02 factor_V=2.45e+58 factor_rho=5.62e-56 rho_eV2=4.68e+56 rho_final=2.63e+01
BG_FUNC: a=7.93e-11 V=1.91e-02 factor_V=2.45e+58 factor_rho=5.62e-56 rho_eV2=4.68e+56 rho_f[mcmc] Progress @ 2025-12-01 02:02:47 : 3144 steps taken, and 390 accepted.
inal=2.63e+01
BG_FUNC: a=3.15e-09 V=1.91e-02 factor_V=2.45e+58 factor_rho=5.62e-56 rho_eV2=4.68e+56 rho_final=2.63e+01
BG_FUNC: a=1.25e-07 V=1.91e-02 factor_V=2.45e+58 factor_rho=5.62e-56 rho_eV2=4.68e+56 rho_final=2.63e+01
BG_FUNC: a=4.97e-06 V=1.91e-02 factor_V=2.45e+58 factor_rho=5.62e-56 rho_eV2=4.68e+56 rho_final=2.63e+01
BG_FUNC: a=1.96e-04 V=1.65e-02 factor_V=2.45e+58 factor_rho=5.62e-56 rho_eV2=4.27e+56 rho_final=2.40e+01
RIDDER SWITCHING: z_osc = 2769.26, a_osc = 3.609774e-04
DEBUG: Ridder field ENABLED. Lambda = 7.489898e-01
DEBUG: Ridder field ENABLED. Lambda = 7.489898e-01
BG_FUNC: a=1.86e-13 V=3.06e-02 factor_V=2.45e+58 factor_rho=5.62e-56 rho_eV2=7.48e+56 rho_final=4.20e+01
BG_FUNC: a=7.43e-12 V=3.06e-02 factor_V=2.45e+58 factor_rho=5.62e-56 rho_eV2=7.48e+56 rho_final=4.20e+01
BG_FUNC: a=2.92e-10 V=3.06e-02 factor_V=2.45e+58 factor_rho=5.62e-56 rho_eV2=7.48e+56 rho_final=4.20e+01
BG_FUNC: a=1.16e-08 V=3.06e-02 factor_V=2.45e+58 factor_rho=5.62e-56 rho_eV2=7.48e+56 rho_final=4.20e+01
BG_FUNC: a=4.60e-07 V=3.06e-02 factor_V=2.45e+58 factor_rho=5.62e-56 rho_eV2=7.48e+56 rho_final=4.20e+01
BG_FUNC: a=1.82e-05 V=3.06e-02 factor_V=2.45e+58 factor_rho=5.62e-56 rho_eV2=7.48e+56 rho_final=4.20e+01
RIDDER SWITCHING: z_osc = 3212.09, a_osc = 3.112266e-04
DEBUG: Ridder field ENABLED. Lambda = 1.264049e+00
DEBUG: Ridder field ENABLED. Lambda = 1.264049e+00
BG_FUNC: a=2.11e-14 V=2.48e-01 factor_V=2.45e+58 factor_rho=5.62e-56 rho_eV2=6.06e+57 rho_final=3.41e+02
BG_FUNC: a=7.89e-13 V=2.48e-01 factor_V=2.45e+58 factor_rho=5.62e-56 rho_eV2=6.06e+57 rho_final=3.41e+02
BG_FUNC: a=3.14e-11 V=2.48e-01 factor_V=2.45e+58 factor_rho=5.62e-56 rho_eV2=6.06e+57 rho_final=3.41e+02
BG_FUNC: a=1.25e-09 V=2.48e-01 factor_V=2.45e+58 factor_rho=5.62e-56 rho_eV2=6.06e+57 rho_final=3.41e+02
BG_FUNC: a=4.98e-08 V=2.48e-01 factor_V=2.45e+58 factor_rho=5.62e-56 rho_eV2=6.06e+57 rho_final=3.41e+02
BG_FUNC: a=1.98e-06 V=2.48e-01 factor_V=2.45e+58 factor_rho=5.62e-56 rho_eV2=6.06e+57 rho_final=3.41e+02
BG_FUNC: a=7.87e-05 V=2.33e-01 factor_V=2.45e+58 factor_rho=5.62e-56 rho_eV2=5.84e+57 rho_final=3.28e+02
RIDDER SWITCHING: z_osc = 5794.08, a_osc = 1.725602e-04
DEBUG: Ridder field ENABLED. Lambda = 6.370272e-01
DEBUG: Ridder field ENABLED. Lambda = 6.370272e-01
BG_FUNC: a=1.56e-13 V=1.60e-02 factor_V=2.45e+58 factor_rho=5.62e-56 rho_eV2=3.91e+56 rho_final=2.20e+01
BG_FUNC: a=6.24e-12 V=1.60e-02 factor_V=2.45e+58 factor_rho=5.62e-56 rho_eV2=3.91e+56 rho_final=2.20e+01
BG_FUNC: a=2.50e-10 V=1.60e-02 factor_V=2.45e+58 factor_rho=5.62e-56 rho_eV2=3.91e+56 rho_final=2.20e+01
BG_FUNC: a=1.00e-08 V=1.60e-02 factor_V=2.45e+58 factor_rho=5.62e-56 rho_eV2=3.91e+56 rho_final=2.20e+01
BG_FUNC: a=4.00e-07 V=1.60e-02 factor_V=2.45e+58 factor_rho=5.62e-56 rho_eV2=3.91e+56 rho_final=2.20e+01
BG_FUNC: a=1.60e-05 V=1.60e-02 factor_V=2.45e+58 factor_rho=5.62e-56 rho_eV2=3.91e+56 rho_final=2.20e+01
RIDDER SWITCHING: z_osc = 2612.38, a_osc = 3.826460e-04
DEBUG: Ridder field ENABLED. Lambda = 4.933453e-01
DEBUG: Ridder field ENABLED. Lambda = 4.933453e-01
BG_FUNC: a=1.52e-14 V=5.75e-03 factor_V=2.45e+58 factor_rho=5.62e-56 rho_eV2=1.41e+56 rho_final=7.91e+00
BG_FUNC: a=5.67e-13 V=5.75e-03 factor_V=2.45e+58 factor_rho=5.62e-56 rho_eV2=1.41e+56 rho_final=7.91e+00
BG_FUNC: a=2.22e-11 V=5.75e-03 factor_V=2.45e+58 factor_rho=5.62e-56 rho_eV2=1.41e+56 rho_final=7.91e+00
BG_FUNC: a=8.72e-10 V=5.75e-03 factor_V=2.45e+58 factor_rho=5.62e-56 rho_eV2=1.41e+56 rho_final=7.91e+00
BG_FUNC: a=3.41e-08 V=5.75e-03 factor_V=2.45e+58 factor_rho=5.62e-56 rho_eV2=1.41e+56 rho_final=7.91e+00
BG_FUNC: a=1.34e-06 V=5.75e-03 factor_V=2.45e+58 factor_rho=5.62e-56 rho_eV2=1.41e+56 rho_final=7.91e+00
BG_FUNC: a=5.07e-05 V=5.75e-03 factor_V=2.45e+58 factor_rho=5.62e-56 rho_eV2=1.41e+56 rho_final=7.91e+00
RIDDER SWITCHING: z_osc = 1915.16, a_osc = 5.218782e-04
DEBUG: Ridder field ENABLED. Lambda = 6.873993e-01
DEBUG: Ridder field ENABLED. Lambda = 6.873993e-01
BG_FUNC: a=3.45e-14 V=2.17e-02 factor_V=2.45e+58 factor_rho=5.62e-56 rho_eV2=5.30e+56 rho_final=2.98e+01
BG_FUNC: a=1.31e-12 V=2.17e-02 factor[mcmc] Progress @ 2025-12-01 02:03:50 : 3275 steps taken, and 414 accepted.
_V=2.45e+58 factor_rho=5.62e-56 rho_eV2=5.30e+56 rho_final=2.98e+01
BG_FUNC: a=5.19e-11 V=2.17e-02 factor_V=2.45e+58 factor_rho=5.62e-56 rho_eV2=5.30e+56 rho_final=2.98e+01
BG_FUNC: a=2.06e-09 V=2.17e-02 factor_V=2.45e+58 factor_rho=5.62e-56 rho_eV2=5.30e+56 rho_final=2.98e+01
BG_FUNC: a=8.17e-08 V=2.17e-02 factor_V=2.45e+58 factor_rho=5.62e-56 rho_eV2=5.30e+56 rho_final=2.98e+01
BG_FUNC: a=3.24e-06 V=2.17e-02 factor_V=2.45e+58 factor_rho=5.62e-56 rho_eV2=5.30e+56 rho_final=2.98e+01
BG_FUNC: a=1.29e-04 V=2.09e-02 factor_V=2.45e+58 factor_rho=5.62e-56 rho_eV2=5.19e+56 rho_final=2.92e+01
RIDDER SWITCHING: z_osc = 2887.52, a_osc = 3.461979e-04
DEBUG: Ridder field ENABLED. Lambda = 6.130783e-01
DEBUG: Ridder field ENABLED. Lambda = 6.130783e-01
BG_FUNC: a=1.26e-13 V=1.37e-02 factor_V=2.45e+58 factor_rho=5.62e-56 rho_eV2=3.36e+56 rho_final=1.89e+01
BG_FUNC: a=5.08e-12 V=1.37e-02 factor_V=2.45e+58 factor_rho=5.62e-56 rho_eV2=3.36e+56 rho_final=1.89e+01
BG_FUNC: a=2.02e-10 V=1.37e-02 factor_V=2.45e+58 factor_rho=5.62e-56 rho_eV2=3.36e+56 rho_final=1.89e+01
BG_FUNC: a=8.06e-09 V=1.37e-02 factor_V=2.45e+58 factor_rho=5.62e-56 rho_eV2=3.36e+56 rho_final=1.89e+01
BG_FUNC: a=3.22e-07 V=1.37e-02 factor_V=2.45e+58 factor_rho=5.62e-56 rho_eV2=3.36e+56 rho_final=1.89e+01
BG_FUNC: a=1.29e-05 V=1.37e-02 factor_V=2.45e+58 factor_rho=5.62e-56 rho_eV2=3.36e+56 rho_final=1.89e+01
RIDDER SWITCHING: z_osc = 2503.48, a_osc = 3.992839e-04
DEBUG: Ridder field ENABLED. Lambda = 6.077268e-01
DEBUG: Ridder field ENABLED. Lambda = 6.077268e-01
BG_FUNC: a=1.18e-14 V=1.33e-02 factor_V=2.45e+58 factor_rho=5.62e-56 rho_eV2=3.24e+56 rho_final=1.82e+01
BG_FUNC: a=4.37e-13 V=1.33e-02 factor_V=2.45e+58 factor_rho=5.62e-56 rho_eV2=3.24e+56 rho_final=1.82e+01
BG_FUNC: a=1.74e-11 V=1.33e-02 factor_V=2.45e+58 factor_rho=5.62e-56 rho_eV2=3.24e+56 rho_final=1.82e+01
BG_FUNC: a=6.88e-10 V=1.33e-02 factor_V=2.45e+58 factor_rho=5.62e-56 rho_eV2=3.24e+56 rho_final=1.82e+01
BG_FUNC: a=2.73e-08 V=1.33e-02 factor_V=2.45e+58 factor_rho=5.62e-56 rho_eV2=3.24e+56 rho_final=1.82e+01
BG_FUNC: a=1.08e-06 V=1.33e-02 factor_V=2.45e+58 factor_rho=5.62e-56 rho_eV2=3.24e+56 rho_final=1.82e+01
BG_FUNC: a=4.29e-05 V=1.32e-02 factor_V=2.45e+58 factor_rho=5.62e-56 rho_eV2=3.24e+56 rho_final=1.82e+01
RIDDER SWITCHING: z_osc = 2485.03, a_osc = 4.022476e-04
DEBUG: Ridder field ENABLED. Lambda = 6.189291e-01
DEBUG: Ridder field ENABLED. Lambda = 6.189291e-01
BG_FUNC: a=3.80e-14 V=1.43e-02 factor_V=2.45e+58 factor_rho=5.62e-56 rho_eV2=3.49e+56 rho_final=1.96e+01
BG_FUNC: a=1.46e-12 V=1.43e-02 factor_V=2.45e+58 factor_rho=5.62e-56 rho_eV2=3.49e+56 rho_final=1.96e+01
BG_FUNC: a=5.87e-11 V=1.43e-02 factor_V=2.45e+58 factor_rho=5.62e-56 rho_eV2=3.49e+56 rho_final=1.96e+01
BG_FUNC: a=2.38e-09 V=1.43e-02 factor_V=2.45e+58 factor_rho=5.62e-56 rho_eV2=3.49e+56 rho_final=1.96e+01
BG_FUNC: a=9.49e-08 V=1.43e-02 factor_V=2.45e+58 factor_rho=5.62e-56 rho_eV2=3.49e+56 rho_final=1.96e+01
BG_FUNC: a=3.81e-06 V=1.43e-02 factor_V=2.45e+58 factor_rho=5.62e-56 rho_eV2=3.49e+56 rho_final=1.96e+01
BG_FUNC: a=1.53e-04 V=1.36e-02 factor_V=2.45e+58 factor_rho=5.62e-56 rho_eV2=3.39e+56 rho_final=1.91e+01
RIDDER SWITCHING: z_osc = 2534.74, a_osc = 3.943620e-04
DEBUG: Ridder field ENABLED. Lambda = 7.479457e-01
DEBUG: Ridder field ENABLED. Lambda = 7.479457e-01
BG_FUNC: a=1.32e-13 V=3.04e-02 factor_V=2.45e+58 factor_rho=5.62e-56 rho_eV2=7.43e+56 rho_final=4.18e+01
BG_FUNC: a=5.30e-12 V=3.04e-02 factor_V=2.45e+58 factor_rho=5.62e-56 rho_eV2=7.43e+56 rho_final=4.18e+01
BG_FUNC: a=2.12e-10 V=3.04e-02 factor_V=2.45e+58 factor_rho=5.62e-56 rho_eV2=7.43e+56 rho_final=4.18e+01
BG_FUNC: a=8.47e-09 V=3.04e-02 factor_V=2.45e+58 factor_rho=5.62e-56 rho_eV2=7.43e+56 rho_final=4.18e+01
BG_FUNC: a=3.39e-07 V=3.04e-02 factor_V=2.45e+58 factor_rho=5.62e-56 rho_eV2=7.43e+56 rho_final=4.18e+01
BG_FUNC: a=1.35e-05 V=3.04e-02 factor_V=2.45e+58 factor_rho=5.62e-56 rho_eV2=7.43e+56 rho_final=4.18e+01
RIDDER SWITCHING: z_osc = 3193.35, a_osc = 3.130522e-04
DEBUG: Ridder field ENABLED. Lambda = 2.011646e-01
DEBUG: Ridder field ENABLED. Lambd[mcmc] Progress @ 2025-12-01 02:04:51 : 3363 steps taken, and 425 accepted.
a = 2.011646e-01
BG_FUNC: a=1.51e-14 V=1.59e-04 factor_V=2.45e+58 factor_rho=5.62e-56 rho_eV2=3.89e+54 rho_final=2.19e-01
BG_FUNC: a=4.20e-13 V=1.59e-04 factor_V=2.45e+58 factor_rho=5.62e-56 rho_eV2=3.89e+54 rho_final=2.19e-01
BG_FUNC: a=1.22e-11 V=1.59e-04 factor_V=2.45e+58 factor_rho=5.62e-56 rho_eV2=3.89e+54 rho_final=2.19e-01
BG_FUNC: a=3.55e-10 V=1.59e-04 factor_V=2.45e+58 factor_rho=5.62e-56 rho_eV2=3.89e+54 rho_final=2.19e-01
BG_FUNC: a=1.04e-08 V=1.59e-04 factor_V=2.45e+58 factor_rho=5.62e-56 rho_eV2=3.89e+54 rho_final=2.19e-01
BG_FUNC: a=3.00e-07 V=1.59e-04 factor_V=2.45e+58 factor_rho=5.62e-56 rho_eV2=3.89e+54 rho_final=2.19e-01
BG_FUNC: a=8.72e-06 V=1.59e-04 factor_V=2.45e+58 factor_rho=5.62e-56 rho_eV2=3.89e+54 rho_final=2.19e-01
BG_FUNC: a=2.68e-04 V=1.58e-04 factor_V=2.45e+58 factor_rho=5.62e-56 rho_eV2=3.88e+54 rho_final=2.18e-01
RIDDER SWITCHING: z_osc = 606.55, a_osc = 1.645944e-03
DEBUG: Ridder field ENABLED. Lambda = 5.658351e-01
DEBUG: Ridder field ENABLED. Lambda = 5.658351e-01
BG_FUNC: a=5.84e-14 V=9.96e-03 factor_V=2.45e+58 factor_rho=5.62e-56 rho_eV2=2.43e+56 rho_final=1.37e+01
BG_FUNC: a=2.25e-12 V=9.96e-03 factor_V=2.45e+58 factor_rho=5.62e-56 rho_eV2=2.43e+56 rho_final=1.37e+01
BG_FUNC: a=8.96e-11 V=9.96e-03 factor_V=2.45e+58 factor_rho=5.62e-56 rho_eV2=2.43e+56 rho_final=1.37e+01
BG_FUNC: a=3.57e-09 V=9.96e-03 factor_V=2.45e+58 factor_rho=5.62e-56 rho_eV2=2.43e+56 rho_final=1.37e+01
BG_FUNC: a=1.43e-07 V=9.96e-03 factor_V=2.45e+58 factor_rho=5.62e-56 rho_eV2=2.43e+56 rho_final=1.37e+01
BG_FUNC: a=5.69e-06 V=9.96e-03 factor_V=2.45e+58 factor_rho=5.62e-56 rho_eV2=2.43e+56 rho_final=1.37e+01
BG_FUNC: a=2.25e-04 V=8.77e-03 factor_V=2.45e+58 factor_rho=5.62e-56 rho_eV2=2.25e+56 rho_final=1.27e+01
RIDDER SWITCHING: z_osc = 2270.98, a_osc = 4.401449e-04
DEBUG: Ridder field ENABLED. Lambda = 6.238750e-01
DEBUG: Ridder field ENABLED. Lambda = 6.238750e-01
BG_FUNC: a=1.75e-13 V=1.47e-02 factor_V=2.45e+58 factor_rho=5.62e-56 rho_eV2=3.60e+56 rho_final=2.02e+01
BG_FUNC: a=6.93e-12 V=1.47e-02 factor_V=2.45e+58 factor_rho=5.62e-56 rho_eV2=3.60e+56 rho_final=2.02e+01
BG_FUNC: a=2.74e-10 V=1.47e-02 factor_V=2.45e+58 factor_rho=5.62e-56 rho_eV2=3.60e+56 rho_final=2.02e+01
BG_FUNC: a=1.09e-08 V=1.47e-02 factor_V=2.45e+58 factor_rho=5.62e-56 rho_eV2=3.60e+56 rho_final=2.02e+01
BG_FUNC: a=4.31e-07 V=1.47e-02 factor_V=2.45e+58 factor_rho=5.62e-56 rho_eV2=3.60e+56 rho_final=2.02e+01
BG_FUNC: a=1.71e-05 V=1.47e-02 factor_V=2.45e+58 factor_rho=5.62e-56 rho_eV2=3.60e+56 rho_final=2.02e+01
RIDDER SWITCHING: z_osc = 2556.50, a_osc = 3.910074e-04
DEBUG: Ridder field ENABLED. Lambda = 6.006900e-01
DEBUG: Ridder field ENABLED. Lambda = 6.006900e-01
BG_FUNC: a=1.56e-14 V=1.26e-02 factor_V=2.45e+58 factor_rho=5.62e-56 rho_eV2=3.09e+56 rho_final=1.74e+01
BG_FUNC: a=5.89e-13 V=1.26e-02 factor_V=2.45e+58 factor_rho=5.62e-56 rho_eV2=3.09e+56 rho_final=1.74e+01
BG_FUNC: a=2.36e-11 V=1.26e-02 factor_V=2.45e+58 factor_rho=5.62e-56 rho_eV2=3.09e+56 rho_final=1.74e+01
BG_FUNC: a=9.46e-10 V=1.26e-02 factor_V=2.45e+58 factor_rho=5.62e-56 rho_eV2=3.09e+56 rho_final=1.74e+01
BG_FUNC: a=3.82e-08 V=1.26e-02 factor_V=2.45e+58 factor_rho=5.62e-56 rho_eV2=3.09e+56 rho_final=1.74e+01
BG_FUNC: a=1.52e-06 V=1.26e-02 factor_V=2.45e+58 factor_rho=5.62e-56 rho_eV2=3.09e+56 rho_final=1.74e+01
BG_FUNC: a=6.08e-05 V=1.26e-02 factor_V=2.45e+58 factor_rho=5.62e-56 rho_eV2=3.09e+56 rho_final=1.74e+01
RIDDER SWITCHING: z_osc = 2455.32, a_osc = 4.071123e-04
DEBUG: Ridder field ENABLED. Lambda = 7.500920e-01
DEBUG: Ridder field ENABLED. Lambda = 7.500920e-01
BG_FUNC: a=5.32e-14 V=3.08e-02 factor_V=2.45e+58 factor_rho=5.62e-56 rho_eV2=7.52e+56 rho_final=4.23e+01
BG_FUNC: a=2.05e-12 V=3.08e-02 factor_V=2.45e+58 factor_rho=5.62e-56 rho_eV2=7.52e+56 rho_final=4.23e+01
BG_FUNC: a=8.19e-11 V=3.08e-02 factor_V=2.45e+58 factor_rho=5.62e-56 rho_eV2=7.52e+56 rho_final=4.23e+01
BG_FUNC: a=3.27e-09 V=3.08e-02 factor_V=2.45e+58 factor_rho=5.62e-56 rho_eV2=7.52e+56 rho_final=4.23e+01
BG_FUNC: a=1.31e-07 V=3.08e-02 factor_V=2.45e+58 factor_rho=5.62e-56 rho_eV2=7.52e+56 rh[mcmc] Progress @ 2025-12-01 02:05:51 : 3471 steps taken, and 442 accepted.
o_final=4.23e+01
BG_FUNC: a=5.23e-06 V=3.08e-02 factor_V=2.45e+58 factor_rho=5.62e-56 rho_eV2=7.52e+56 rho_final=4.23e+01
BG_FUNC: a=2.07e-04 V=2.31e-02 factor_V=2.45e+58 factor_rho=5.62e-56 rho_eV2=6.31e+56 rho_final=3.54e+01
RIDDER SWITCHING: z_osc = 3192.38, a_osc = 3.131474e-04
DEBUG: Ridder field ENABLED. Lambda = 1.256455e+00
DEBUG: Ridder field ENABLED. Lambda = 1.256455e+00
BG_FUNC: a=2.26e-13 V=2.42e-01 factor_V=2.45e+58 factor_rho=5.62e-56 rho_eV2=5.92e+57 rho_final=3.33e+02
BG_FUNC: a=9.05e-12 V=2.42e-01 factor_V=2.45e+58 factor_rho=5.62e-56 rho_eV2=5.92e+57 rho_final=3.33e+02
BG_FUNC: a=3.55e-10 V=2.42e-01 factor_V=2.45e+58 factor_rho=5.62e-56 rho_eV2=5.92e+57 rho_final=3.33e+02
BG_FUNC: a=1.41e-08 V=2.42e-01 factor_V=2.45e+58 factor_rho=5.62e-56 rho_eV2=5.92e+57 rho_final=3.33e+02
BG_FUNC: a=5.59e-07 V=2.42e-01 factor_V=2.45e+58 factor_rho=5.62e-56 rho_eV2=5.92e+57 rho_final=3.33e+02
BG_FUNC: a=2.23e-05 V=2.42e-01 factor_V=2.45e+58 factor_rho=5.62e-56 rho_eV2=5.92e+57 rho_final=3.33e+02
RIDDER SWITCHING: z_osc = 5796.20, a_osc = 1.724972e-04
DEBUG: Ridder field ENABLED. Lambda = 6.107553e-01
DEBUG: Ridder field ENABLED. Lambda = 6.107553e-01
BG_FUNC: a=4.54e-14 V=1.35e-02 factor_V=2.45e+58 factor_rho=5.62e-56 rho_eV2=3.31e+56 rho_final=1.86e+01
BG_FUNC: a=1.74e-12 V=1.35e-02 factor_V=2.45e+58 factor_rho=5.62e-56 rho_eV2=3.31e+56 rho_final=1.86e+01
BG_FUNC: a=6.97e-11 V=1.35e-02 factor_V=2.45e+58 factor_rho=5.62e-56 rho_eV2=3.31e+56 rho_final=1.86e+01
BG_FUNC: a=2.79e-09 V=1.35e-02 factor_V=2.45e+58 factor_rho=5.62e-56 rho_eV2=3.31e+56 rho_final=1.86e+01
BG_FUNC: a=1.12e-07 V=1.35e-02 factor_V=2.45e+58 factor_rho=5.62e-56 rho_eV2=3.31e+56 rho_final=1.86e+01
BG_FUNC: a=4.51e-06 V=1.35e-02 factor_V=2.45e+58 factor_rho=5.62e-56 rho_eV2=3.31e+56 rho_final=1.86e+01
BG_FUNC: a=1.78e-04 V=1.26e-02 factor_V=2.45e+58 factor_rho=5.62e-56 rho_eV2=3.16e+56 rho_final=1.78e+01
RIDDER SWITCHING: z_osc = 2504.76, a_osc = 3.990800e-04
DEBUG: Ridder field ENABLED. Lambda = 7.755260e-01
DEBUG: Ridder field ENABLED. Lambda = 7.755260e-01
BG_FUNC: a=1.52e-13 V=3.51e-02 factor_V=2.45e+58 factor_rho=5.62e-56 rho_eV2=8.59e+56 rho_final=4.83e+01
BG_FUNC: a=6.05e-12 V=3.51e-02 factor_V=2.45e+58 factor_rho=5.62e-56 rho_eV2=8.59e+56 rho_final=4.83e+01
BG_FUNC: a=2.40e-10 V=3.51e-02 factor_V=2.45e+58 factor_rho=5.62e-56 rho_eV2=8.59e+56 rho_final=4.83e+01
BG_FUNC: a=9.55e-09 V=3.51e-02 factor_V=2.45e+58 factor_rho=5.62e-56 rho_eV2=8.59e+56 rho_final=4.83e+01
BG_FUNC: a=3.79e-07 V=3.51e-02 factor_V=2.45e+58 factor_rho=5.62e-56 rho_eV2=8.59e+56 rho_final=4.83e+01
BG_FUNC: a=1.51e-05 V=3.51e-02 factor_V=2.45e+58 factor_rho=5.62e-56 rho_eV2=8.59e+56 rho_final=4.83e+01
RIDDER SWITCHING: z_osc = 3315.54, a_osc = 3.015192e-04
DEBUG: Ridder field ENABLED. Lambda = 7.049711e-01
DEBUG: Ridder field ENABLED. Lambda = 7.049711e-01
BG_FUNC: a=1.80e-14 V=2.40e-02 factor_V=2.45e+58 factor_rho=5.62e-56 rho_eV2=5.87e+56 rho_final=3.30e+01
BG_FUNC: a=6.80e-13 V=2.40e-02 factor_V=2.45e+58 factor_rho=5.62e-56 rho_eV2=5.87e+56 rho_final=3.30e+01
BG_FUNC: a=2.67e-11 V=2.40e-02 factor_V=2.45e+58 factor_rho=5.62e-56 rho_eV2=5.87e+56 rho_final=3.30e+01
BG_FUNC: a=1.06e-09 V=2.40e-02 factor_V=2.45e+58 factor_rho=5.62e-56 rho_eV2=5.87e+56 rho_final=3.30e+01
BG_FUNC: a=4.20e-08 V=2.40e-02 factor_V=2.45e+58 factor_rho=5.62e-56 rho_eV2=5.87e+56 rho_final=3.30e+01
BG_FUNC: a=1.67e-06 V=2.40e-02 factor_V=2.45e+58 factor_rho=5.62e-56 rho_eV2=5.87e+56 rho_final=3.30e+01
BG_FUNC: a=6.57e-05 V=2.39e-02 factor_V=2.45e+58 factor_rho=5.62e-56 rho_eV2=5.86e+56 rho_final=3.29e+01
RIDDER SWITCHING: z_osc = 2982.61, a_osc = 3.351645e-04
DEBUG: Ridder field ENABLED. Lambda = 7.067066e-01
DEBUG: Ridder field ENABLED. Lambda = 7.067066e-01
BG_FUNC: a=6.94e-14 V=2.42e-02 factor_V=2.45e+58 factor_rho=5.62e-56 rho_eV2=5.92e+56 rho_final=3.33e+01
BG_FUNC: a=2.68e-12 V=2.42e-02 factor_V=2.45e+58 factor_rho=5.62e-56 rho_eV2=5.92e+56 rho_final=3.33e+01
BG_FUNC: a=1.07e-10 V=2.42e-02 factor_V=2.45e+58 factor_rho=5.62e-56 rho_eV2=5.92e+56 rho_final=3.33e+01
BG_FUNC: a=4.29e-09 V=2.42e-02 factor_V=2.45e+58 factor_rho=5.62e-56 rho_eV2=5.92e+56 rho_final=3.33e+01
BG_FUNC: a=1.71e-07 V=2.42e-02 factor_V=2.45e+58 factor_rho=5.62e-56 rho_eV2=5.92e+56 rho_final=3.33e+01
BG_FUNC: a=6.85e-06 V=2.42e-02 factor_V=2.45e+58 factor_rho=5.62e-56 rho_eV2=5.92e+56 rho_final=3.33e+01
BG_FUNC: a=2.68e-04 V=1.40e-02 factor_V=2.45e+58 factor_rho=5.62e-56 rho_eV2=4.22e+56 rho_final=2.37e+01
RIDDER SWITCHING: z_osc = 2964.38, a_osc = 3.372254e-04
DEBUG: Ridder field ENABLED. Lambda = 1.006775e+00
DEBUG: Ridder field ENABLED. Lambda = 1.006775e+00
BG_FUNC: a=2.74e-13 V=9.98e-02 factor_V=2.45e+58 factor_rho=5.62e-56 rho_eV2=2.44e+57 rho_final=1.37e+02
BG_FUNC: a=1.09e-11 V=9.98e-02 factor_V=2.45e+58 factor_rho=5.62e-56 rho_eV2=2.44e+57 rho_final=1.37e+02
BG_FUNC: a=4.31e-10 V=9.98e-02 factor_V=2.45e+58 factor_rho=5.62e-56 rho_eV2=2.44e+57 rho_final=1.37e+02
BG_FUNC: a=1.71e-08 V=9.98e-02 factor_V=2.45e+58 factor_rho=5.62e-56 rho_eV2=2.44e+57 rho_final=1.37e+02
BG_FUNC: a=6.77e-07 V=9.98e-02 factor_V=2.45e+58 factor_rho=5.62e-56 rho_eV2=2.44e+57 rho_final=1.37e+02
BG_FUNC: a=2.68e-05 V=9.98e-02 factor_V=2.45e+58 factor_rho=5.62e-56 rho_eV2=2.44e+57 rho_final=1.37e+02
RIDDER SWITCHING: z_osc = 4506.59, a_osc = 2.218478e-04
DEBUG: Ridder field ENABLED. Lambda = 6.773951e-01
DEBUG: Ridder field ENABLED. Lambda = 6.773951e-01
BG_FUNC: a=4.29e-14 V=2.05e-02 factor_V=2.45e+58 factor_rho=5.62e-56 rho_eV2=5.00e+56 rho_final=2.81e+01
BG_FUNC: a=1.64e-12 V=2.05e-02 factor_V=2.45e+58 factor_rho=5.62e-56 rho_eV2=5.00e+56 rho_final=2.81e+01
BG_FUNC: a=6.59e-11 V=2.05e-02 factor_V=2.45e+58 factor_rho=5.62e-56 rho_eV2=5.00e+56 rho_final=2.81e+01
BG_FUNC: a=2.64e-09 V=2.05e-02 factor_V=2.45e+58 factor_rho=5.62e-56 rho_eV2=5.00e+56 rho_final=2.81e+01
BG_FUNC: a=1.06e-07 V=2.05e-02 factor_V=2.45e+58 factor_rho=5.62e-56 rho_eV2=5.00e+56 rho_final=2.81e+01
BG_FUNC: a=4.24e-06 V=2.05e-02 factor_V=2.45e+58 factor_rho=5.62e-56 rho_eV2=5.00e+56 rho_final=2.81e+01
BG_FUNC: a=1.69e-04 V=1.86e-02 factor_V=2.45e+58 factor_rho=5.62e-56 rho_eV2=4.72e+56 rho_final=2.66e+01
RIDDER SWITCHING: z_osc = 2857.81, a_osc = 3.497957e-04
DEBUG: Ridder field ENABLED. Lambda = 7.916230e-01
DEBUG: Ridder field ENABLED. Lambda = 7.916230e-01
BG_FUNC: a=1.66e-13 V=3.81e-02 factor_V=2.45e+58 factor_rho=5.62e-56 rho_eV2=9.33e+56 rho_final=5.24e+01
BG_FUNC: a=6.58e-12 V=3.81e-02 factor_V=2.45e+58 factor_rho=5.62e-56 rho_eV2=9.33e+56 rho_final=5.24e+01
BG_FUNC: a=2.61e-10 V=3.81e-02 factor_V=2.45e+58 factor_rho=5.62e-56 rho_eV2=9.33e+56 rho_final=5.24e+01
BG_FUNC: a=1.04e-08 V=3.81e-02 factor_V=2.45e+58 factor_rho=5.62e-56 rho_eV2=9.33e+56 rho_final=5.24e+01
BG_FUNC: a=4.11e-07 V=3.81e-02 factor_V=2.45e+58 factor_rho=5.62e-56 rho_eV2=9.33e+56 rho_final=5.24e+01
BG_FUNC: a=1.63e-05 V=3.81e-02 factor_V=2.45e+58 factor_rho=5.62e-56 rho_eV2=9.33e+56 rho_final=5.24e+01
RIDDER SWITCHING: z_osc = 3391.54, a_osc = 2.947647e-04
DEBUG: Ridder field ENABLED. Lambda = 2.985100e-01
DEBUG: Ridder field ENABLED. Lambda = 2.985100e-01
BG_FUNC: a=1.99e-14 V=7.71e-04 factor_V=2.45e+58 factor_rho=5.62e-56 rho_eV2=1.89e+55 rho_final=1.06e+00
BG_FUNC: a=7.34e-13 V=7.71e-04 factor_V=2.45e+58 factor_rho=5.62e-56 rho_eV2=1.89e+55 rho_final=1.06e+00
BG_FUNC: a=2.89e-11 V=7.71e-04 factor_V=2.45e+58 factor_rho=5.62e-56 rho_eV2=1.89e+55 rho_final=1.06e+00
BG_FUNC: a=1.13e-09 V=7.71e-04 factor_V=2.45e+58 factor_rho=5.62e-56 rho_eV2=1.89e+55 rho_final=1.06e+00
BG_FUNC: a=4.45e-08 V=7.71e-04 factor_V=2.45e+58 factor_rho=5.62e-56 rho_eV2=1.89e+55 rho_final=1.06e+00
BG_FUNC: a=1.75e-06 V=7.71e-04 factor_V=2.45e+58 factor_rho=5.62e-56 rho_eV2=1.89e+55 rho_final=1.06e+00
BG_FUNC: a=6.72e-05 V=7.71e-04 factor_V=2.45e+58 factor_rho=5.62e-56 rho_eV2=1.89e+55 rho_final=1.06e+00
RIDDER SWITCHING: z_osc = 1007.37, a_osc = 9.917003e-04
DEBUG: Ridder field ENABLED. Lambda = 5.913361e-01
DEBUG: Ridder field ENABLED. Lambda = 5.913361e-01
BG_FUNC: a=2.45e-14 V=1.19e-02 factor_V=2.45e+58 factor_rho=5.62e-56 rho_eV2=2.90e+56 rho_final=1.63e+01
BG_FUNC: a=9.31e-13 V=1.19e-02 factor_V=2.45e+58 factor_rho=5.62e-56 rho_eV2=2.90e+56[mcmc] Progress @ 2025-12-01 02:06:51 : 3579 steps taken, and 460 accepted.
 rho_final=1.63e+01
BG_FUNC: a=3.74e-11 V=1.19e-02 factor_V=2.45e+58 factor_rho=5.62e-56 rho_eV2=2.90e+56 rho_final=1.63e+01
BG_FUNC: a=1.50e-09 V=1.19e-02 factor_V=2.45e+58 factor_rho=5.62e-56 rho_eV2=2.90e+56 rho_final=1.63e+01
BG_FUNC: a=6.05e-08 V=1.19e-02 factor_V=2.45e+58 factor_rho=5.62e-56 rho_eV2=2.90e+56 rho_final=1.63e+01
BG_FUNC: a=2.43e-06 V=1.19e-02 factor_V=2.45e+58 factor_rho=5.62e-56 rho_eV2=2.90e+56 rho_final=1.63e+01
BG_FUNC: a=9.74e-05 V=1.18e-02 factor_V=2.45e+58 factor_rho=5.62e-56 rho_eV2=2.89e+56 rho_final=1.63e+01
RIDDER SWITCHING: z_osc = 2397.03, a_osc = 4.170090e-04
DEBUG: Ridder field ENABLED. Lambda = 7.101690e-01
DEBUG: Ridder field ENABLED. Lambda = 7.101690e-01
BG_FUNC: a=8.27e-14 V=2.47e-02 factor_V=2.45e+58 factor_rho=5.62e-56 rho_eV2=6.04e+56 rho_final=3.40e+01
BG_FUNC: a=3.22e-12 V=2.47e-02 factor_V=2.45e+58 factor_rho=5.62e-56 rho_eV2=6.04e+56 rho_final=3.40e+01
BG_FUNC: a=1.29e-10 V=2.47e-02 factor_V=2.45e+58 factor_rho=5.62e-56 rho_eV2=6.04e+56 rho_final=3.40e+01
BG_FUNC: a=5.18e-09 V=2.47e-02 factor_V=2.45e+58 factor_rho=5.62e-56 rho_eV2=6.04e+56 rho_final=3.40e+01
BG_FUNC: a=2.08e-07 V=2.47e-02 factor_V=2.45e+58 factor_rho=5.62e-56 rho_eV2=6.04e+56 rho_final=3.40e+01
BG_FUNC: a=8.34e-06 V=2.47e-02 factor_V=2.45e+58 factor_rho=5.62e-56 rho_eV2=6.04e+56 rho_final=3.40e+01
BG_FUNC: a=3.27e-04 V=8.44e-03 factor_V=2.45e+58 factor_rho=5.62e-56 rho_eV2=3.12e+56 rho_final=1.76e+01
RIDDER SWITCHING: z_osc = 2990.02, a_osc = 3.343336e-04
DEBUG: Ridder field ENABLED. Lambda = 7.513235e-01
DEBUG: Ridder field ENABLED. Lambda = 7.513235e-01
BG_FUNC: a=3.40e-13 V=3.10e-02 factor_V=2.45e+58 factor_rho=5.62e-56 rho_eV2=7.57e+56 rho_final=4.26e+01
BG_FUNC: a=1.35e-11 V=3.10e-02 factor_V=2.45e+58 factor_rho=5.62e-56 rho_eV2=7.57e+56 rho_final=4.26e+01
BG_FUNC: a=5.36e-10 V=3.10e-02 factor_V=2.45e+58 factor_rho=5.62e-56 rho_eV2=7.57e+56 rho_final=4.26e+01
BG_FUNC: a=2.13e-08 V=3.10e-02 factor_V=2.45e+58 factor_rho=5.62e-56 rho_eV2=7.57e+56 rho_final=4.26e+01
BG_FUNC: a=8.45e-07 V=3.10e-02 factor_V=2.45e+58 factor_rho=5.62e-56 rho_eV2=7.57e+56 rho_final=4.26e+01
BG_FUNC: a=3.35e-05 V=3.09e-02 factor_V=2.45e+58 factor_rho=5.62e-56 rho_eV2=7.57e+56 rho_final=4.25e+01
RIDDER SWITCHING: z_osc = 3164.66, a_osc = 3.158897e-04
DEBUG: Ridder field ENABLED. Lambda = 7.650380e-01
DEBUG: Ridder field ENABLED. Lambda = 7.650380e-01
BG_FUNC: a=3.77e-14 V=3.33e-02 factor_V=2.45e+58 factor_rho=5.62e-56 rho_eV2=8.14e+56 rho_final=4.57e+01
BG_FUNC: a=1.43e-12 V=3.33e-02 factor_V=2.45e+58 factor_rho=5.62e-56 rho_eV2=8.14e+56 rho_final=4.57e+01
BG_FUNC: a=5.68e-11 V=3.33e-02 factor_V=2.45e+58 factor_rho=5.62e-56 rho_eV2=8.14e+56 rho_final=4.57e+01
BG_FUNC: a=2.25e-09 V=3.33e-02 factor_V=2.45e+58 factor_rho=5.62e-56 rho_eV2=8.14e+56 rho_final=4.57e+01
BG_FUNC: a=8.92e-08 V=3.33e-02 factor_V=2.45e+58 factor_rho=5.62e-56 rho_eV2=8.14e+56 rho_final=4.57e+01
BG_FUNC: a=3.57e-06 V=3.33e-02 factor_V=2.45e+58 factor_rho=5.62e-56 rho_eV2=8.14e+56 rho_final=4.57e+01
BG_FUNC: a=1.40e-04 V=3.09e-02 factor_V=2.45e+58 factor_rho=5.62e-56 rho_eV2=7.78e+56 rho_final=4.37e+01
RIDDER SWITCHING: z_osc = 3287.60, a_osc = 3.040807e-04
DEBUG: Ridder field ENABLED. Lambda = 6.771455e-01
DEBUG: Ridder field ENABLED. Lambda = 6.771455e-01
BG_FUNC: a=1.58e-13 V=2.04e-02 factor_V=2.45e+58 factor_rho=5.62e-56 rho_eV2=4.99e+56 rho_final=2.81e+01
BG_FUNC: a=6.30e-12 V=2.04e-02 factor_V=2.45e+58 factor_rho=5.62e-56 rho_eV2=4.99e+56 rho_final=2.81e+01
BG_FUNC: a=2.54e-10 V=2.04e-02 factor_V=2.45e+58 factor_rho=5.62e-56 rho_eV2=4.99e+56 rho_final=2.81e+01
BG_FUNC: a=1.00e-08 V=2.04e-02 factor_V=2.45e+58 factor_rho=5.62e-56 rho_eV2=4.99e+56 rho_final=2.81e+01
BG_FUNC: a=4.01e-07 V=2.04e-02 factor_V=2.45e+58 factor_rho=5.62e-56 rho_eV2=4.99e+56 rho_final=2.81e+01
BG_FUNC: a=1.60e-05 V=2.04e-02 factor_V=2.45e+58 factor_rho=5.62e-56 rho_eV2=4.99e+56 rho_final=2.81e+01
RIDDER SWITCHING: z_osc = 2820.93, a_osc = 3.543671e-04
DEBUG: Ridder field ENABLED. Lambda = 5.968045e-01
DEBUG: Ridder field ENABLED. Lambda = 5.968045e-01
BG_FUNC: a=1.64e-14 V=1.23e-02 [mcmc] Progress @ 2025-12-01 02:08:00 : 3676 steps taken, and 475 accepted.
factor_V=2.45e+58 factor_rho=5.62e-56 rho_eV2=3.01e+56 rho_final=1.69e+01
BG_FUNC: a=6.16e-13 V=1.23e-02 factor_V=2.45e+58 factor_rho=5.62e-56 rho_eV2=3.01e+56 rho_final=1.69e+01
BG_FUNC: a=2.47e-11 V=1.23e-02 factor_V=2.45e+58 factor_rho=5.62e-56 rho_eV2=3.01e+56 rho_final=1.69e+01
BG_FUNC: a=9.87e-10 V=1.23e-02 factor_V=2.45e+58 factor_rho=5.62e-56 rho_eV2=3.01e+56 rho_final=1.69e+01
BG_FUNC: a=3.95e-08 V=1.23e-02 factor_V=2.45e+58 factor_rho=5.62e-56 rho_eV2=3.01e+56 rho_final=1.69e+01
BG_FUNC: a=1.59e-06 V=1.23e-02 factor_V=2.45e+58 factor_rho=5.62e-56 rho_eV2=3.01e+56 rho_final=1.69e+01
BG_FUNC: a=6.32e-05 V=1.23e-02 factor_V=2.45e+58 factor_rho=5.62e-56 rho_eV2=3.01e+56 rho_final=1.69e+01
RIDDER SWITCHING: z_osc = 2416.01, a_osc = 4.137340e-04
DEBUG: Ridder field ENABLED. Lambda = 2.483028e-01
DEBUG: Ridder field ENABLED. Lambda = 2.483028e-01
BG_FUNC: a=4.78e-14 V=3.69e-04 factor_V=2.45e+58 factor_rho=5.62e-56 rho_eV2=9.03e+54 rho_final=5.08e-01
BG_FUNC: a=1.37e-12 V=3.69e-04 factor_V=2.45e+58 factor_rho=5.62e-56 rho_eV2=9.03e+54 rho_final=5.08e-01
BG_FUNC: a=4.12e-11 V=3.69e-04 factor_V=2.45e+58 factor_rho=5.62e-56 rho_eV2=9.03e+54 rho_final=5.08e-01
BG_FUNC: a=1.24e-09 V=3.69e-04 factor_V=2.45e+58 factor_rho=5.62e-56 rho_eV2=9.03e+54 rho_final=5.08e-01
BG_FUNC: a=3.71e-08 V=3.69e-04 factor_V=2.45e+58 factor_rho=5.62e-56 rho_eV2=9.03e+54 rho_final=5.08e-01
BG_FUNC: a=1.11e-06 V=3.69e-04 factor_V=2.45e+58 factor_rho=5.62e-56 rho_eV2=9.03e+54 rho_final=5.08e-01
BG_FUNC: a=3.35e-05 V=3.69e-04 factor_V=2.45e+58 factor_rho=5.62e-56 rho_eV2=9.03e+54 rho_final=5.08e-01
BG_FUNC: a=1.17e-03 V=1.09e-04 factor_V=2.45e+58 factor_rho=5.62e-56 rho_eV2=4.16e+54 rho_final=2.34e-01
RIDDER SWITCHING: z_osc = 786.12, a_osc = 1.270455e-03
DEBUG: Ridder field ENABLED. Lambda = 4.524420e-01
DEBUG: Ridder field ENABLED. Lambda = 4.524420e-01
BG_FUNC: a=3.24e-13 V=4.07e-03 factor_V=2.45e+58 factor_rho=5.62e-56 rho_eV2=9.95e+55 rho_final=5.60e+00
BG_FUNC: a=1.33e-11 V=4.07e-03 factor_V=2.45e+58 factor_rho=5.62e-56 rho_eV2=9.95e+55 rho_final=5.60e+00
BG_FUNC: a=5.45e-10 V=4.07e-03 factor_V=2.45e+58 factor_rho=5.62e-56 rho_eV2=9.95e+55 rho_final=5.60e+00
BG_FUNC: a=2.24e-08 V=4.07e-03 factor_V=2.45e+58 factor_rho=5.62e-56 rho_eV2=9.95e+55 rho_final=5.60e+00
BG_FUNC: a=9.17e-07 V=4.07e-03 factor_V=2.45e+58 factor_rho=5.62e-56 rho_eV2=9.95e+55 rho_final=5.60e+00
BG_FUNC: a=3.76e-05 V=4.07e-03 factor_V=2.45e+58 factor_rho=5.62e-56 rho_eV2=9.95e+55 rho_final=5.60e+00
RIDDER SWITCHING: z_osc = 1715.11, a_osc = 5.827126e-04
DEBUG: Ridder field ENABLED. Lambda = 5.804937e-01
DEBUG: Ridder field ENABLED. Lambda = 5.804937e-01
BG_FUNC: a=2.33e-14 V=1.10e-02 factor_V=2.45e+58 factor_rho=5.62e-56 rho_eV2=2.70e+56 rho_final=1.52e+01
BG_FUNC: a=8.82e-13 V=1.10e-02 factor_V=2.45e+58 factor_rho=5.62e-56 rho_eV2=2.70e+56 rho_final=1.52e+01
BG_FUNC: a=3.53e-11 V=1.10e-02 factor_V=2.45e+58 factor_rho=5.62e-56 rho_eV2=2.70e+56 rho_final=1.52e+01
BG_FUNC: a=1.41e-09 V=1.10e-02 factor_V=2.45e+58 factor_rho=5.62e-56 rho_eV2=2.70e+56 rho_final=1.52e+01
BG_FUNC: a=5.64e-08 V=1.10e-02 factor_V=2.45e+58 factor_rho=5.62e-56 rho_eV2=2.70e+56 rho_final=1.52e+01
BG_FUNC: a=2.25e-06 V=1.10e-02 factor_V=2.45e+58 factor_rho=5.62e-56 rho_eV2=2.70e+56 rho_final=1.52e+01
BG_FUNC: a=8.96e-05 V=1.10e-02 factor_V=2.45e+58 factor_rho=5.62e-56 rho_eV2=2.69e+56 rho_final=1.51e+01
RIDDER SWITCHING: z_osc = 2341.22, a_osc = 4.269448e-04
DEBUG: Ridder field ENABLED. Lambda = 1.358581e+00
DEBUG: Ridder field ENABLED. Lambda = 1.358581e+00
BG_FUNC: a=7.41e-14 V=3.31e-01 factor_V=2.45e+58 factor_rho=5.62e-56 rho_eV2=8.09e+57 rho_final=4.55e+02
BG_FUNC: a=2.86e-12 V=3.31e-01 factor_V=2.45e+58 factor_rho=5.62e-56 rho_eV2=8.09e+57 rho_final=4.55e+02
BG_FUNC: a=1.14e-10 V=3.31e-01 factor_V=2.45e+58 factor_rho=5.62e-56 rho_eV2=8.09e+57 rho_final=4.55e+02
BG_FUNC: a=4.53e-09 V=3.31e-01 factor_V=2.45e+58 factor_rho=5.62e-56 rho_eV2=8.09e+57 rho_final=4.55e+02
BG_FUNC: a=1.80e-07 V=3.31e-01 factor_V=2.45e+58 factor_rho=5.62e-56 rho_eV2=8.09e+57 rho_final=4.55e+02
BG_FUNC: a=7.19e-06 V=3.31e-01 [mcmc] Progress @ 2025-12-01 02:09:00 : 3754 steps taken, and 488 accepted.
factor_V=2.45e+58 factor_rho=5.62e-56 rho_eV2=8.09e+57 rho_final=4.55e+02
RIDDER SWITCHING: z_osc = 6330.88, a_osc = 1.579310e-04
DEBUG: Ridder field ENABLED. Lambda = 5.559653e-01
DEBUG: Ridder field ENABLED. Lambda = 5.559653e-01
BG_FUNC: a=1.64e-14 V=9.28e-03 factor_V=2.45e+58 factor_rho=5.62e-56 rho_eV2=2.27e+56 rho_final=1.28e+01
BG_FUNC: a=6.23e-13 V=9.28e-03 factor_V=2.45e+58 factor_rho=5.62e-56 rho_eV2=2.27e+56 rho_final=1.28e+01
BG_FUNC: a=2.47e-11 V=9.28e-03 factor_V=2.45e+58 factor_rho=5.62e-56 rho_eV2=2.27e+56 rho_final=1.28e+01
BG_FUNC: a=9.85e-10 V=9.28e-03 factor_V=2.45e+58 factor_rho=5.62e-56 rho_eV2=2.27e+56 rho_final=1.28e+01
BG_FUNC: a=3.93e-08 V=9.28e-03 factor_V=2.45e+58 factor_rho=5.62e-56 rho_eV2=2.27e+56 rho_final=1.28e+01
BG_FUNC: a=1.57e-06 V=9.28e-03 factor_V=2.45e+58 factor_rho=5.62e-56 rho_eV2=2.27e+56 rho_final=1.28e+01
BG_FUNC: a=6.27e-05 V=9.27e-03 factor_V=2.45e+58 factor_rho=5.62e-56 rho_eV2=2.27e+56 rho_final=1.28e+01
RIDDER SWITCHING: z_osc = 2219.78, a_osc = 4.502922e-04
DEBUG: Ridder field ENABLED. Lambda = 5.531643e-01
DEBUG: Ridder field ENABLED. Lambda = 5.531643e-01
BG_FUNC: a=4.98e-14 V=9.10e-03 factor_V=2.45e+58 factor_rho=5.62e-56 rho_eV2=2.22e+56 rho_final=1.25e+01
BG_FUNC: a=1.92e-12 V=9.10e-03 factor_V=2.45e+58 factor_rho=5.62e-56 rho_eV2=2.22e+56 rho_final=1.25e+01
BG_FUNC: a=7.72e-11 V=9.10e-03 factor_V=2.45e+58 factor_rho=5.62e-56 rho_eV2=2.22e+56 rho_final=1.25e+01
BG_FUNC: a=3.10e-09 V=9.10e-03 factor_V=2.45e+58 factor_rho=5.62e-56 rho_eV2=2.22e+56 rho_final=1.25e+01
BG_FUNC: a=1.25e-07 V=9.10e-03 factor_V=2.45e+58 factor_rho=5.62e-56 rho_eV2=2.22e+56 rho_final=1.25e+01
BG_FUNC: a=5.01e-06 V=9.10e-03 factor_V=2.45e+58 factor_rho=5.62e-56 rho_eV2=2.22e+56 rho_final=1.25e+01
BG_FUNC: a=2.00e-04 V=8.43e-03 factor_V=2.45e+58 factor_rho=5.62e-56 rho_eV2=2.12e+56 rho_final=1.19e+01
RIDDER SWITCHING: z_osc = 2190.86, a_osc = 4.562328e-04
DEBUG: Ridder field ENABLED. Lambda = 5.879034e-01
DEBUG: Ridder field ENABLED. Lambda = 5.879034e-01
BG_FUNC: a=1.51e-13 V=1.16e-02 factor_V=2.45e+58 factor_rho=5.62e-56 rho_eV2=2.84e+56 rho_final=1.60e+01
BG_FUNC: a=6.04e-12 V=1.16e-02 factor_V=2.45e+58 factor_rho=5.62e-56 rho_eV2=2.84e+56 rho_final=1.60e+01
BG_FUNC: a=2.42e-10 V=1.16e-02 factor_V=2.45e+58 factor_rho=5.62e-56 rho_eV2=2.84e+56 rho_final=1.60e+01
BG_FUNC: a=9.70e-09 V=1.16e-02 factor_V=2.45e+58 factor_rho=5.62e-56 rho_eV2=2.84e+56 rho_final=1.60e+01
BG_FUNC: a=3.89e-07 V=1.16e-02 factor_V=2.45e+58 factor_rho=5.62e-56 rho_eV2=2.84e+56 rho_final=1.60e+01
BG_FUNC: a=1.56e-05 V=1.16e-02 factor_V=2.45e+58 factor_rho=5.62e-56 rho_eV2=2.84e+56 rho_final=1.60e+01
RIDDER SWITCHING: z_osc = 2372.29, a_osc = 4.213553e-04
DEBUG: Ridder field ENABLED. Lambda = 7.063307e-01
DEBUG: Ridder field ENABLED. Lambda = 7.063307e-01
BG_FUNC: a=1.34e-14 V=2.42e-02 factor_V=2.45e+58 factor_rho=5.62e-56 rho_eV2=5.91e+56 rho_final=3.32e+01
BG_FUNC: a=4.99e-13 V=2.42e-02 factor_V=2.45e+58 factor_rho=5.62e-56 rho_eV2=5.91e+56 rho_final=3.32e+01
BG_FUNC: a=1.98e-11 V=2.42e-02 factor_V=2.45e+58 factor_rho=5.62e-56 rho_eV2=5.91e+56 rho_final=3.32e+01
BG_FUNC: a=7.84e-10 V=2.42e-02 factor_V=2.45e+58 factor_rho=5.62e-56 rho_eV2=5.91e+56 rho_final=3.32e+01
BG_FUNC: a=3.11e-08 V=2.42e-02 factor_V=2.45e+58 factor_rho=5.62e-56 rho_eV2=5.91e+56 rho_final=3.32e+01
BG_FUNC: a=1.24e-06 V=2.42e-02 factor_V=2.45e+58 factor_rho=5.62e-56 rho_eV2=5.91e+56 rho_final=3.32e+01
BG_FUNC: a=4.86e-05 V=2.42e-02 factor_V=2.45e+58 factor_rho=5.62e-56 rho_eV2=5.91e+56 rho_final=3.32e+01
RIDDER SWITCHING: z_osc = 2966.71, a_osc = 3.369607e-04
DEBUG: Ridder field ENABLED. Lambda = 2.292213e-01
DEBUG: Ridder field ENABLED. Lambda = 2.292213e-01
BG_FUNC: a=4.51e-14 V=2.68e-04 factor_V=2.45e+58 factor_rho=5.62e-56 rho_eV2=6.56e+54 rho_final=3.69e-01
BG_FUNC: a=1.26e-12 V=2.68e-04 factor_V=2.45e+58 factor_rho=5.62e-56 rho_eV2=6.56e+54 rho_final=3.69e-01
BG_FUNC: a=3.66e-11 V=2.68e-04 factor_V=2.45e+58 factor_rho=5.62e-56 rho_eV2=6.56e+54 rho_final=3.69e-01
BG_FUNC: a=1.06e-09 V=2.68e-04 factor_V=2.45e+58 factor_rho=5.62e-56 rho_eV2=6.56e+54 rho_final=3.69e-01
BG_FUNC: a=3.09e-08 V=2.68e-04 factor_V=2.45e+58 factor_rho=5.62e-56 rho_eV2=6.56e+54 rho_final=3.69e-01
BG_FUNC: a=8.99e-07 V=2.68e-04 factor_V=2.45e+58 factor_rho=5.62e-56 rho_eV2=6.56e+54 rho_final=3.69e-01
BG_FUNC: a=2.62e-05 V=2.68e-04 factor_V=2.45e+58 factor_rho=5.62e-56 rho_eV2=6.56e+54 rho_final=3.69e-01
BG_FUNC: a=9.01e-04 V=1.79e-04 factor_V=2.45e+58 factor_rho=5.62e-56 rho_eV2=5.07e+54 rho_final=2.85e-01
RIDDER SWITCHING: z_osc = 695.92, a_osc = 1.434885e-03
DEBUG: Ridder field ENABLED. Lambda = 4.672558e-01
DEBUG: Ridder field ENABLED. Lambda = 4.672558e-01
BG_FUNC: a=2.14e-13 V=4.63e-03 factor_V=2.45e+58 factor_rho=5.62e-56 rho_eV2=1.13e+56 rho_final=6.37e+00
BG_FUNC: a=8.40e-12 V=4.63e-03 factor_V=2.45e+58 factor_rho=5.62e-56 rho_eV2=1.13e+56 rho_final=6.37e+00
BG_FUNC: a=3.29e-10 V=4.63e-03 factor_V=2.45e+58 factor_rho=5.62e-56 rho_eV2=1.13e+56 rho_final=6.37e+00
BG_FUNC: a=1.29e-08 V=4.63e-03 factor_V=2.45e+58 factor_rho=5.62e-56 rho_eV2=1.13e+56 rho_final=6.37e+00
BG_FUNC: a=5.06e-07 V=4.63e-03 factor_V=2.45e+58 factor_rho=5.62e-56 rho_eV2=1.13e+56 rho_final=6.37e+00
BG_FUNC: a=1.95e-05 V=4.63e-03 factor_V=2.45e+58 factor_rho=5.62e-56 rho_eV2=1.13e+56 rho_final=6.37e+00
RIDDER SWITCHING: z_osc = 1802.18, a_osc = 5.545755e-04
DEBUG: Ridder field ENABLED. Lambda = 7.638414e-01
DEBUG: Ridder field ENABLED. Lambda = 7.638414e-01
BG_FUNC: a=1.25e-14 V=3.31e-02 factor_V=2.45e+58 factor_rho=5.62e-56 rho_eV2=8.09e+56 rho_final=4.55e+01
BG_FUNC: a=4.63e-13 V=3.31e-02 factor_V=2.45e+58 factor_rho=5.62e-56 rho_eV2=8.09e+56 rho_final=4.55e+01
BG_FUNC: a=1.84e-11 V=3.31e-02 factor_V=2.45e+58 factor_rho=5.62e-56 rho_eV2=8.09e+56 rho_final=4.55e+01
BG_FUNC: a=7.37e-10 V=3.31e-02 factor_V=2.45e+58 factor_rho=5.62e-56 rho_eV2=8.09e+56 rho_final=4.55e+01
BG_FUNC: a=2.90e-08 V=3.31e-02 factor_V=2.45e+58 factor_rho=5.62e-56 rho_eV2=8.09e+56 rho_final=4.55e+01
BG_FUNC: a=1.15e-06 V=3.31e-02 factor_V=2.45e+58 factor_rho=5.62e-56 rho_eV2=8.09e+56 rho_final=4.55e+01
BG_FUNC: a=4.56e-05 V=3.30e-02 factor_V=2.45e+58 factor_rho=5.62e-56 rho_eV2=8.08e+56 rho_final=4.54e+01
RIDDER SWITCHING: z_osc = 3241.09, a_osc = 3.084434e-04
DEBUG: Ridder field ENABLED. Lambda = 5.266463e-01
DEBUG: Ridder field ENABLED. Lambda = 5.266463e-01
BG_FUNC: a=5.24e-14 V=7.47e-03 factor_V=2.45e+58 factor_rho=5.62e-56 rho_eV2=1.83e+56 rho_final=1.03e+01
BG_FUNC: a=2.02e-12 V=7.47e-03 factor_V=2.45e+58 factor_rho=5.62e-56 rho_eV2=1.83e+56 rho_final=1.03e+01
BG_FUNC: a=8.17e-11 V=7.47e-03 factor_V=2.45e+58 factor_rho=5.62e-56 rho_eV2=1.83e+56 rho_final=1.03e+01
BG_FUNC: a=3.25e-09 V=7.47e-03 factor_V=2.45e+58 factor_rho=5.62e-56 rho_eV2=1.83e+56 rho_final=1.03e+01
BG_FUNC: a=1.30e-07 V=7.47e-03 factor_V=2.45e+58 factor_rho=5.62e-56 rho_eV2=1.83e+56 rho_final=1.03e+01
BG_FUNC: a=5.22e-06 V=7.47e-03 factor_V=2.45e+58 factor_rho=5.62e-56 rho_eV2=1.83e+56 rho_final=1.03e+01
BG_FUNC: a=2.08e-04 V=6.96e-03 factor_V=2.45e+58 factor_rho=5.62e-56 rho_eV2=1.75e+56 rho_final=9.83e+00
RIDDER SWITCHING: z_osc = 2069.44, a_osc = 4.829893e-04
DEBUG: Ridder field ENABLED. Lambda = 6.907470e-01
DEBUG: Ridder field ENABLED. Lambda = 6.907470e-01
BG_FUNC: a=1.47e-13 V=2.21e-02 factor_V=2.45e+58 factor_rho=5.62e-56 rho_eV2=5.41e+56 rho_final=3.04e+01
BG_FUNC: a=5.85e-12 V=2.21e-02 factor_V=2.45e+58 factor_rho=5.62e-56 rho_eV2=5.41e+56 rho_final=3.04e+01
BG_FUNC: a=2.32e-10 V=2.21e-02 factor_V=2.45e+58 factor_rho=5.62e-56 rho_eV2=5.41e+56 rho_final=3.04e+01
BG_FUNC: a=9.23e-09 V=2.21e-02 factor_V=2.45e+58 factor_rho=5.62e-56 rho_eV2=5.41e+56 rho_final=3.04e+01
BG_FUNC: a=3.66e-07 V=2.21e-02 factor_V=2.45e+58 factor_rho=5.62e-56 rho_eV2=5.41e+56 rho_final=3.04e+01
BG_FUNC: a=1.46e-05 V=2.21e-02 factor_V=2.45e+58 factor_rho=5.62e-56 rho_eV2=5.41e+56 rho_final=3.04e+01
RIDDER SWITCHING: z_osc = 2916.05, a_osc = 3.428121e-04
DEBUG: Ridder field ENABLED. Lambda = 6.162340e-01
DEBUG: Ridder field ENABLED. Lambda = 6.162340e-01
BG_FUNC: a=1.54e-14 V=1.40e-02 factor_V=2.45e+58 factor_rho=5.62e-56 rho_eV2=3.43e+56 rho_final=1.93e+01
BG_FUNC: a=5.85e-13 V=1.40e-0[mcmc] Progress @ 2025-12-01 02:10:06 : 3896 steps taken, and 512 accepted.
2 factor_V=2.45e+58 factor_rho=5.62e-56 rho_eV2=3.43e+56 rho_final=1.93e+01
BG_FUNC: a=2.34e-11 V=1.40e-02 factor_V=2.45e+58 factor_rho=5.62e-56 rho_eV2=3.43e+56 rho_final=1.93e+01
BG_FUNC: a=9.40e-10 V=1.40e-02 factor_V=2.45e+58 factor_rho=5.62e-56 rho_eV2=3.43e+56 rho_final=1.93e+01
BG_FUNC: a=3.78e-08 V=1.40e-02 factor_V=2.45e+58 factor_rho=5.62e-56 rho_eV2=3.43e+56 rho_final=1.93e+01
BG_FUNC: a=1.52e-06 V=1.40e-02 factor_V=2.45e+58 factor_rho=5.62e-56 rho_eV2=3.43e+56 rho_final=1.93e+01
BG_FUNC: a=6.13e-05 V=1.40e-02 factor_V=2.45e+58 factor_rho=5.62e-56 rho_eV2=3.42e+56 rho_final=1.92e+01
RIDDER SWITCHING: z_osc = 2515.94, a_osc = 3.973084e-04
DEBUG: Ridder field ENABLED. Lambda = 5.625799e-01
DEBUG: Ridder field ENABLED. Lambda = 5.625799e-01
BG_FUNC: a=5.50e-14 V=9.73e-03 factor_V=2.45e+58 factor_rho=5.62e-56 rho_eV2=2.38e+56 rho_final=1.34e+01
BG_FUNC: a=2.12e-12 V=9.73e-03 factor_V=2.45e+58 factor_rho=5.62e-56 rho_eV2=2.38e+56 rho_final=1.34e+01
BG_FUNC: a=8.48e-11 V=9.73e-03 factor_V=2.45e+58 factor_rho=5.62e-56 rho_eV2=2.38e+56 rho_final=1.34e+01
BG_FUNC: a=3.39e-09 V=9.73e-03 factor_V=2.45e+58 factor_rho=5.62e-56 rho_eV2=2.38e+56 rho_final=1.34e+01
BG_FUNC: a=1.36e-07 V=9.73e-03 factor_V=2.45e+58 factor_rho=5.62e-56 rho_eV2=2.38e+56 rho_final=1.34e+01
BG_FUNC: a=5.43e-06 V=9.73e-03 factor_V=2.45e+58 factor_rho=5.62e-56 rho_eV2=2.38e+56 rho_final=1.34e+01
BG_FUNC: a=2.16e-04 V=8.74e-03 factor_V=2.45e+58 factor_rho=5.62e-56 rho_eV2=2.23e+56 rho_final=1.25e+01
RIDDER SWITCHING: z_osc = 2250.96, a_osc = 4.440580e-04
DEBUG: Ridder field ENABLED. Lambda = 6.739755e-01
DEBUG: Ridder field ENABLED. Lambda = 6.739755e-01
BG_FUNC: a=1.67e-13 V=2.00e-02 factor_V=2.45e+58 factor_rho=5.62e-56 rho_eV2=4.90e+56 rho_final=2.76e+01
BG_FUNC: a=6.60e-12 V=2.00e-02 factor_V=2.45e+58 factor_rho=5.62e-56 rho_eV2=4.90e+56 rho_final=2.76e+01
BG_FUNC: a=2.62e-10 V=2.00e-02 factor_V=2.45e+58 factor_rho=5.62e-56 rho_eV2=4.90e+56 rho_final=2.76e+01
BG_FUNC: a=1.04e-08 V=2.00e-02 factor_V=2.45e+58 factor_rho=5.62e-56 rho_eV2=4.90e+56 rho_final=2.76e+01
BG_FUNC: a=4.11e-07 V=2.00e-02 factor_V=2.45e+58 factor_rho=5.62e-56 rho_eV2=4.90e+56 rho_final=2.76e+01
BG_FUNC: a=1.63e-05 V=2.00e-02 factor_V=2.45e+58 factor_rho=5.62e-56 rho_eV2=4.90e+56 rho_final=2.76e+01
RIDDER SWITCHING: z_osc = 2803.82, a_osc = 3.565295e-04
DEBUG: Ridder field ENABLED. Lambda = 4.947480e-01
DEBUG: Ridder field ENABLED. Lambda = 4.947480e-01
BG_FUNC: a=1.63e-14 V=5.82e-03 factor_V=2.45e+58 factor_rho=5.62e-56 rho_eV2=1.42e+56 rho_final=8.00e+00
BG_FUNC: a=6.16e-13 V=5.82e-03 factor_V=2.45e+58 factor_rho=5.62e-56 rho_eV2=1.42e+56 rho_final=8.00e+00
BG_FUNC: a=2.48e-11 V=5.82e-03 factor_V=2.45e+58 factor_rho=5.62e-56 rho_eV2=1.42e+56 rho_final=8.00e+00
BG_FUNC: a=9.95e-10 V=5.82e-03 factor_V=2.45e+58 factor_rho=5.62e-56 rho_eV2=1.42e+56 rho_final=8.00e+00
BG_FUNC: a=4.00e-08 V=5.82e-03 factor_V=2.45e+58 factor_rho=5.62e-56 rho_eV2=1.42e+56 rho_final=8.00e+00
BG_FUNC: a=1.61e-06 V=5.82e-03 factor_V=2.45e+58 factor_rho=5.62e-56 rho_eV2=1.42e+56 rho_final=8.00e+00
BG_FUNC: a=6.47e-05 V=5.82e-03 factor_V=2.45e+58 factor_rho=5.62e-56 rho_eV2=1.42e+56 rho_final=8.00e+00
RIDDER SWITCHING: z_osc = 1921.69, a_osc = 5.201056e-04
DEBUG: Ridder field ENABLED. Lambda = 8.283675e-01
DEBUG: Ridder field ENABLED. Lambda = 8.283675e-01
BG_FUNC: a=4.42e-14 V=4.57e-02 factor_V=2.45e+58 factor_rho=5.62e-56 rho_eV2=1.12e+57 rho_final=6.29e+01
BG_FUNC: a=1.68e-12 V=4.57e-02 factor_V=2.45e+58 factor_rho=5.62e-56 rho_eV2=1.12e+57 rho_final=6.29e+01
BG_FUNC: a=6.67e-11 V=4.57e-02 factor_V=2.45e+58 factor_rho=5.62e-56 rho_eV2=1.12e+57 rho_final=6.29e+01
BG_FUNC: a=2.64e-09 V=4.57e-02 factor_V=2.45e+58 factor_rho=5.62e-56 rho_eV2=1.12e+57 rho_final=6.29e+01
BG_FUNC: a=1.05e-07 V=4.57e-02 factor_V=2.45e+58 factor_rho=5.62e-56 rho_eV2=1.12e+57 rho_final=6.29e+01
BG_FUNC: a=4.16e-06 V=4.57e-02 factor_V=2.45e+58 factor_rho=5.62e-56 rho_eV2=1.12e+57 rho_final=6.29e+01
BG_FUNC: a=1.64e-04 V=3.82e-02 factor_V=2.45e+58 factor_rho=5.62e-56 rho_eV2=1.00e+57 rho_final=5.63e+01
RIDDER SWITCHING: z_osc = 35[mcmc] Progress @ 2025-12-01 02:11:14 : 3969 steps taken, and 526 accepted.
88.17, a_osc = 2.786161e-04
DEBUG: Ridder field ENABLED. Lambda = 5.814253e-01
DEBUG: Ridder field ENABLED. Lambda = 5.814253e-01
BG_FUNC: a=2.03e-13 V=1.11e-02 factor_V=2.45e+58 factor_rho=5.62e-56 rho_eV2=2.71e+56 rho_final=1.53e+01
BG_FUNC: a=8.11e-12 V=1.11e-02 factor_V=2.45e+58 factor_rho=5.62e-56 rho_eV2=2.71e+56 rho_final=1.53e+01
BG_FUNC: a=3.28e-10 V=1.11e-02 factor_V=2.45e+58 factor_rho=5.62e-56 rho_eV2=2.71e+56 rho_final=1.53e+01
BG_FUNC: a=1.30e-08 V=1.11e-02 factor_V=2.45e+58 factor_rho=5.62e-56 rho_eV2=2.71e+56 rho_final=1.53e+01
BG_FUNC: a=5.22e-07 V=1.11e-02 factor_V=2.45e+58 factor_rho=5.62e-56 rho_eV2=2.71e+56 rho_final=1.53e+01
BG_FUNC: a=2.09e-05 V=1.11e-02 factor_V=2.45e+58 factor_rho=5.62e-56 rho_eV2=2.71e+56 rho_final=1.53e+01
RIDDER SWITCHING: z_osc = 2338.67, a_osc = 4.274105e-04
DEBUG: Ridder field ENABLED. Lambda = 5.359302e-01
DEBUG: Ridder field ENABLED. Lambda = 5.359302e-01
BG_FUNC: a=1.78e-14 V=8.01e-03 factor_V=2.45e+58 factor_rho=5.62e-56 rho_eV2=1.96e+56 rho_final=1.10e+01
BG_FUNC: a=6.62e-13 V=8.01e-03 factor_V=2.45e+58 factor_rho=5.62e-56 rho_eV2=1.96e+56 rho_final=1.10e+01
BG_FUNC: a=2.63e-11 V=8.01e-03 factor_V=2.45e+58 factor_rho=5.62e-56 rho_eV2=1.96e+56 rho_final=1.10e+01
BG_FUNC: a=1.04e-09 V=8.01e-03 factor_V=2.45e+58 factor_rho=5.62e-56 rho_eV2=1.96e+56 rho_final=1.10e+01
BG_FUNC: a=4.14e-08 V=8.01e-03 factor_V=2.45e+58 factor_rho=5.62e-56 rho_eV2=1.96e+56 rho_final=1.10e+01
BG_FUNC: a=1.64e-06 V=8.01e-03 factor_V=2.45e+58 factor_rho=5.62e-56 rho_eV2=1.96e+56 rho_final=1.10e+01
BG_FUNC: a=6.50e-05 V=8.01e-03 factor_V=2.45e+58 factor_rho=5.62e-56 rho_eV2=1.96e+56 rho_final=1.10e+01
RIDDER SWITCHING: z_osc = 2125.96, a_osc = 4.701537e-04
DEBUG: Ridder field ENABLED. Lambda = 5.100054e-01
DEBUG: Ridder field ENABLED. Lambda = 5.100054e-01
BG_FUNC: a=4.90e-14 V=6.57e-03 factor_V=2.45e+58 factor_rho=5.62e-56 rho_eV2=1.61e+56 rho_final=9.03e+00
BG_FUNC: a=1.90e-12 V=6.57e-03 factor_V=2.45e+58 factor_rho=5.62e-56 rho_eV2=1.61e+56 rho_final=9.03e+00
BG_FUNC: a=7.72e-11 V=6.57e-03 factor_V=2.45e+58 factor_rho=5.62e-56 rho_eV2=1.61e+56 rho_final=9.03e+00
BG_FUNC: a=3.13e-09 V=6.57e-03 factor_V=2.45e+58 factor_rho=5.62e-56 rho_eV2=1.61e+56 rho_final=9.03e+00
BG_FUNC: a=1.27e-07 V=6.57e-03 factor_V=2.45e+58 factor_rho=5.62e-56 rho_eV2=1.61e+56 rho_final=9.03e+00
BG_FUNC: a=5.15e-06 V=6.57e-03 factor_V=2.45e+58 factor_rho=5.62e-56 rho_eV2=1.61e+56 rho_final=9.03e+00
BG_FUNC: a=2.07e-04 V=6.18e-03 factor_V=2.45e+58 factor_rho=5.62e-56 rho_eV2=1.55e+56 rho_final=8.69e+00
RIDDER SWITCHING: z_osc = 2001.60, a_osc = 4.993509e-04
DEBUG: Ridder field ENABLED. Lambda = 6.154843e-01
DEBUG: Ridder field ENABLED. Lambda = 6.154843e-01
BG_FUNC: a=1.42e-13 V=1.39e-02 factor_V=2.45e+58 factor_rho=5.62e-56 rho_eV2=3.41e+56 rho_final=1.92e+01
BG_FUNC: a=5.70e-12 V=1.39e-02 factor_V=2.45e+58 factor_rho=5.62e-56 rho_eV2=3.41e+56 rho_final=1.92e+01
BG_FUNC: a=2.29e-10 V=1.39e-02 factor_V=2.45e+58 factor_rho=5.62e-56 rho_eV2=3.41e+56 rho_final=1.92e+01
BG_FUNC: a=9.23e-09 V=1.39e-02 factor_V=2.45e+58 factor_rho=5.62e-56 rho_eV2=3.41e+56 rho_final=1.92e+01
BG_FUNC: a=3.72e-07 V=1.39e-02 factor_V=2.45e+58 factor_rho=5.62e-56 rho_eV2=3.41e+56 rho_final=1.92e+01
BG_FUNC: a=1.51e-05 V=1.39e-02 factor_V=2.45e+58 factor_rho=5.62e-56 rho_eV2=3.41e+56 rho_final=1.92e+01
RIDDER SWITCHING: z_osc = 2518.35, a_osc = 3.969275e-04
DEBUG: Ridder field ENABLED. Lambda = 5.346931e-01
DEBUG: Ridder field ENABLED. Lambda = 5.346931e-01
BG_FUNC: a=1.38e-14 V=7.94e-03 factor_V=2.45e+58 factor_rho=5.62e-56 rho_eV2=1.94e+56 rho_final=1.09e+01
BG_FUNC: a=5.17e-13 V=7.94e-03 factor_V=2.45e+58 factor_rho=5.62e-56 rho_eV2=1.94e+56 rho_final=1.09e+01
BG_FUNC: a=2.08e-11 V=7.94e-03 factor_V=2.45e+58 factor_rho=5.62e-56 rho_eV2=1.94e+56 rho_final=1.09e+01
BG_FUNC: a=8.34e-10 V=7.94e-03 factor_V=2.45e+58 factor_rho=5.62e-56 rho_eV2=1.94e+56 rho_final=1.09e+01
BG_FUNC: a=3.35e-08 V=7.94e-03 factor_V=2.45e+58 factor_rho=5.62e-56 rho_eV2=1.94e+56 rho_final=1.09e+01
BG_FUNC: a=1.34e-06 V=7.94e-03 factor_V=2.45e+58 factor_rho=5.62e-56 rho_eV2=1.[mcmc] Progress @ 2025-12-01 02:12:17 : 4086 steps taken, and 547 accepted.
94e+56 rho_final=1.09e+01
BG_FUNC: a=5.45e-05 V=7.94e-03 factor_V=2.45e+58 factor_rho=5.62e-56 rho_eV2=1.94e+56 rho_final=1.09e+01
RIDDER SWITCHING: z_osc = 2124.19, a_osc = 4.705458e-04
DEBUG: Ridder field ENABLED. Lambda = 8.580826e-01
DEBUG: Ridder field ENABLED. Lambda = 8.580826e-01
BG_FUNC: a=4.13e-14 V=5.27e-02 factor_V=2.45e+58 factor_rho=5.62e-56 rho_eV2=1.29e+57 rho_final=7.24e+01
BG_FUNC: a=1.57e-12 V=5.27e-02 factor_V=2.45e+58 factor_rho=5.62e-56 rho_eV2=1.29e+57 rho_final=7.24e+01
BG_FUNC: a=6.24e-11 V=5.27e-02 factor_V=2.45e+58 factor_rho=5.62e-56 rho_eV2=1.29e+57 rho_final=7.24e+01
BG_FUNC: a=2.48e-09 V=5.27e-02 factor_V=2.45e+58 factor_rho=5.62e-56 rho_eV2=1.29e+57 rho_final=7.24e+01
BG_FUNC: a=9.84e-08 V=5.27e-02 factor_V=2.45e+58 factor_rho=5.62e-56 rho_eV2=1.29e+57 rho_final=7.24e+01
BG_FUNC: a=3.94e-06 V=5.27e-02 factor_V=2.45e+58 factor_rho=5.62e-56 rho_eV2=1.29e+57 rho_final=7.24e+01
BG_FUNC: a=1.54e-04 V=4.46e-02 factor_V=2.45e+58 factor_rho=5.62e-56 rho_eV2=1.16e+57 rho_final=6.54e+01
RIDDER SWITCHING: z_osc = 3739.80, a_osc = 2.673223e-04
DEBUG: Ridder field ENABLED. Lambda = 5.826735e-01
DEBUG: Ridder field ENABLED. Lambda = 5.826735e-01
BG_FUNC: a=1.97e-13 V=1.12e-02 factor_V=2.45e+58 factor_rho=5.62e-56 rho_eV2=2.74e+56 rho_final=1.54e+01
BG_FUNC: a=7.73e-12 V=1.12e-02 factor_V=2.45e+58 factor_rho=5.62e-56 rho_eV2=2.74e+56 rho_final=1.54e+01
BG_FUNC: a=3.05e-10 V=1.12e-02 factor_V=2.45e+58 factor_rho=5.62e-56 rho_eV2=2.74e+56 rho_final=1.54e+01
BG_FUNC: a=1.19e-08 V=1.12e-02 factor_V=2.45e+58 factor_rho=5.62e-56 rho_eV2=2.74e+56 rho_final=1.54e+01
BG_FUNC: a=4.66e-07 V=1.12e-02 factor_V=2.45e+58 factor_rho=5.62e-56 rho_eV2=2.74e+56 rho_final=1.54e+01
BG_FUNC: a=1.79e-05 V=1.12e-02 factor_V=2.45e+58 factor_rho=5.62e-56 rho_eV2=2.74e+56 rho_final=1.54e+01
RIDDER SWITCHING: z_osc = 2362.72, a_osc = 4.230628e-04
DEBUG: Ridder field ENABLED. Lambda = 4.689324e-01
DEBUG: Ridder field ENABLED. Lambda = 4.689324e-01
BG_FUNC: a=1.51e-14 V=4.70e-03 factor_V=2.45e+58 factor_rho=5.62e-56 rho_eV2=1.15e+56 rho_final=6.46e+00
BG_FUNC: a=5.60e-13 V=4.70e-03 factor_V=2.45e+58 factor_rho=5.62e-56 rho_eV2=1.15e+56 rho_final=6.46e+00
BG_FUNC: a=2.20e-11 V=4.70e-03 factor_V=2.45e+58 factor_rho=5.62e-56 rho_eV2=1.15e+56 rho_final=6.46e+00
BG_FUNC: a=8.60e-10 V=4.70e-03 factor_V=2.45e+58 factor_rho=5.62e-56 rho_eV2=1.15e+56 rho_final=6.46e+00
BG_FUNC: a=3.37e-08 V=4.70e-03 factor_V=2.45e+58 factor_rho=5.62e-56 rho_eV2=1.15e+56 rho_final=6.46e+00
BG_FUNC: a=1.32e-06 V=4.70e-03 factor_V=2.45e+58 factor_rho=5.62e-56 rho_eV2=1.15e+56 rho_final=6.46e+00
BG_FUNC: a=5.05e-05 V=4.70e-03 factor_V=2.45e+58 factor_rho=5.62e-56 rho_eV2=1.15e+56 rho_final=6.46e+00
RIDDER SWITCHING: z_osc = 1797.05, a_osc = 5.561581e-04
DEBUG: Ridder field ENABLED. Lambda = 5.579608e-01
DEBUG: Ridder field ENABLED. Lambda = 5.579608e-01
BG_FUNC: a=3.19e-14 V=9.42e-03 factor_V=2.45e+58 factor_rho=5.62e-56 rho_eV2=2.30e+56 rho_final=1.29e+01
BG_FUNC: a=1.21e-12 V=9.42e-03 factor_V=2.45e+58 factor_rho=5.62e-56 rho_eV2=2.30e+56 rho_final=1.29e+01
BG_FUNC: a=4.79e-11 V=9.42e-03 factor_V=2.45e+58 factor_rho=5.62e-56 rho_eV2=2.30e+56 rho_final=1.29e+01
BG_FUNC: a=1.90e-09 V=9.42e-03 factor_V=2.45e+58 factor_rho=5.62e-56 rho_eV2=2.30e+56 rho_final=1.29e+01
BG_FUNC: a=7.55e-08 V=9.42e-03 factor_V=2.45e+58 factor_rho=5.62e-56 rho_eV2=2.30e+56 rho_final=1.29e+01
BG_FUNC: a=3.00e-06 V=9.42e-03 factor_V=2.45e+58 factor_rho=5.62e-56 rho_eV2=2.30e+56 rho_final=1.29e+01
BG_FUNC: a=1.18e-04 V=9.31e-03 factor_V=2.45e+58 factor_rho=5.62e-56 rho_eV2=2.29e+56 rho_final=1.29e+01
RIDDER SWITCHING: z_osc = 2240.93, a_osc = 4.460444e-04
DEBUG: Ridder field ENABLED. Lambda = 3.259767e-01
DEBUG: Ridder field ENABLED. Lambda = 3.259767e-01
BG_FUNC: a=9.08e-14 V=1.10e-03 factor_V=2.45e+58 factor_rho=5.62e-56 rho_eV2=2.68e+55 rho_final=1.51e+00
BG_FUNC: a=3.53e-12 V=1.10e-03 factor_V=2.45e+58 factor_rho=5.62e-56 rho_eV2=2.68e+55 rho_final=1.51e+00
BG_FUNC: a=1.38e-10 V=1.10e-03 factor_V=2.45e+58 factor_rho=5.62e-56 rho_eV2=2.68e+55 rho_final=1.51e+00
BG_FUNC: a=5.44e-09 V=1.10e-03 factor_V=2.45e+58 factor_rho=5.62e-56 rho_eV2=2.68e+55 rho_final=1.51e+00
BG_FUNC: a=2.13e-07 V=1.10e-03 factor_V=2.45e+58 factor_rho=5.62e-56 rho_eV2=2.68e+55 rho_final=1.51e+00
BG_FUNC: a=8.36e-06 V=1.10e-03 factor_V=2.45e+58 factor_rho=5.62e-56 rho_eV2=2.68e+55 rho_final=1.51e+00
BG_FUNC: a=3.24e-04 V=1.04e-03 factor_V=2.45e+58 factor_rho=5.62e-56 rho_eV2=2.60e+55 rho_final=1.46e+00
RIDDER SWITCHING: z_osc = 1126.42, a_osc = 8.869811e-04
DEBUG: Ridder field ENABLED. Lambda = 5.550330e-01
DEBUG: Ridder field ENABLED. Lambda = 5.550330e-01
BG_FUNC: a=1.24e-13 V=9.22e-03 factor_V=2.45e+58 factor_rho=5.62e-56 rho_eV2=2.25e+56 rho_final=1.27e+01
BG_FUNC: a=5.00e-12 V=9.22e-03 factor_V=2.45e+58 factor_rho=5.62e-56 rho_eV2=2.25e+56 rho_final=1.27e+01
BG_FUNC: a=2.01e-10 V=9.22e-03 factor_V=2.45e+58 factor_rho=5.62e-56 rho_eV2=2.25e+56 rho_final=1.27e+01
BG_FUNC: a=8.10e-09 V=9.22e-03 factor_V=2.45e+58 factor_rho=5.62e-56 rho_eV2=2.25e+56 rho_final=1.27e+01
BG_FUNC: a=3.26e-07 V=9.22e-03 factor_V=2.45e+58 factor_rho=5.62e-56 rho_eV2=2.25e+56 rho_final=1.27e+01
BG_FUNC: a=1.31e-05 V=9.22e-03 factor_V=2.45e+58 factor_rho=5.62e-56 rho_eV2=2.25e+56 rho_final=1.27e+01
RIDDER SWITCHING: z_osc = 2225.26, a_osc = 4.491848e-04
DEBUG: Ridder field ENABLED. Lambda = 8.035575e-01
DEBUG: Ridder field ENABLED. Lambda = 8.035575e-01
BG_FUNC: a=1.09e-14 V=4.05e-02 factor_V=2.45e+58 factor_rho=5.62e-56 rho_eV2=9.90e+56 rho_final=5.57e+01
BG_FUNC: a=4.04e-13 V=4.05e-02 factor_V=2.45e+58 factor_rho=5.62e-56 rho_eV2=9.90e+56 rho_final=5.57e+01
BG_FUNC: a=1.62e-11 V=4.05e-02 factor_V=2.45e+58 factor_rho=5.62e-56 rho_eV2=9.90e+56 rho_final=5.57e+01
BG_FUNC: a=6.46e-10 V=4.05e-02 factor_V=2.45e+58 factor_rho=5.62e-56 rho_eV2=9.90e+56 rho_final=5.57e+01
BG_FUNC: a=2.58e-08 V=4.05e-02 factor_V=2.45e+58 factor_rho=5.62e-56 rho_eV2=9.90e+56 rho_final=5.57e+01
BG_FUNC: a=1.03e-06 V=4.05e-02 factor_V=2.45e+58 factor_rho=5.62e-56 rho_eV2=9.90e+56 rho_final=5.57e+01
BG_FUNC: a=4.13e-05 V=4.05e-02 factor_V=2.45e+58 factor_rho=5.62e-56 rho_eV2=9.90e+56 rho_final=5.56e+01
RIDDER SWITCHING: z_osc = 3453.42, a_osc = 2.894838e-04
DEBUG: Ridder field ENABLED. Lambda = 7.296405e-01
DEBUG: Ridder field ENABLED. Lambda = 7.296405e-01
BG_FUNC: a=5.06e-14 V=2.75e-02 factor_V=2.45e+58 factor_rho=5.62e-56 rho_eV2=6.73e+56 rho_final=3.78e+01
BG_FUNC: a=1.93e-12 V=2.75e-02 factor_V=2.45e+58 factor_rho=5.62e-56 rho_eV2=6.73e+56 rho_final=3.78e+01
BG_FUNC: a=7.66e-11 V=2.75e-02 factor_V=2.45e+58 factor_rho=5.62e-56 rho_eV2=6.73e+56 rho_final=3.78e+01
BG_FUNC: a=3.04e-09 V=2.75e-02 factor_V=2.45e+58 factor_rho=5.62e-56 rho_eV2=6.73e+56 rho_final=3.78e+01
BG_FUNC: a=1.22e-07 V=2.75e-02 factor_V=2.45e+58 factor_rho=5.62e-56 rho_eV2=6.73e+56 rho_final=3.78e+01
BG_FUNC: a=4.80e-06 V=2.75e-02 factor_V=2.45e+58 factor_rho=5.62e-56 rho_eV2=6.73e+56 rho_final=3.78e+01
BG_FUNC: a=1.89e-04 V=2.29e-02 factor_V=2.45e+58 factor_rho=5.62e-56 rho_eV2=6.01e+56 rho_final=3.38e+01
RIDDER SWITCHING: z_osc = 3098.36, a_osc = 3.226472e-04
DEBUG: Ridder field ENABLED. Lambda = 8.536759e-01
DEBUG: Ridder field ENABLED. Lambda = 8.536759e-01
BG_FUNC: a=2.02e-13 V=5.16e-02 factor_V=2.45e+58 factor_rho=5.62e-56 rho_eV2=1.26e+57 rho_final=7.09e+01
BG_FUNC: a=8.06e-12 V=5.16e-02 factor_V=2.45e+58 factor_rho=5.62e-56 rho_eV2=1.26e+57 rho_final=7.09e+01
BG_FUNC: a=3.22e-10 V=5.16e-02 factor_V=2.45e+58 factor_rho=5.62e-56 rho_eV2=1.26e+57 rho_final=7.09e+01
BG_FUNC: a=1.29e-08 V=5.16e-02 factor_V=2.45e+58 factor_rho=5.62e-56 rho_eV2=1.26e+57 rho_final=7.09e+01
BG_FUNC: a=5.19e-07 V=5.16e-02 factor_V=2.45e+58 factor_rho=5.62e-56 rho_eV2=1.26e+57 rho_final=7.09e+01
BG_FUNC: a=2.06e-05 V=5.16e-02 factor_V=2.45e+58 factor_rho=5.62e-56 rho_eV2=1.26e+57 rho_final=7.09e+01
RIDDER SWITCHING: z_osc = 3699.35, a_osc = 2.702445e-04
DEBUG: Ridder field ENABLED. Lambda = 6.279731e-01
DEBUG: Ridder field ENABLED. Lambda = 6.279731e-01
BG_FUNC: a=2.75e-14 V=1.51e-02 factor_V=2.45e+58 factor_rho=5.62e-56 rho_eV2=3.69e+56 rho_final=2.08e+01
BG_FUNC: a=1.04e-12 V=1.51e-02 factor_V=2.45e+58 factor_rho=5.62e-56 rho_eV2[mcmc] Progress @ 2025-12-01 02:13:17 : 4178 steps taken, and 561 accepted.
=3.69e+56 rho_final=2.08e+01
BG_FUNC: a=4.11e-11 V=1.51e-02 factor_V=2.45e+58 factor_rho=5.62e-56 rho_eV2=3.69e+56 rho_final=2.08e+01
BG_FUNC: a=1.63e-09 V=1.51e-02 factor_V=2.45e+58 factor_rho=5.62e-56 rho_eV2=3.69e+56 rho_final=2.08e+01
BG_FUNC: a=6.48e-08 V=1.51e-02 factor_V=2.45e+58 factor_rho=5.62e-56 rho_eV2=3.69e+56 rho_final=2.08e+01
BG_FUNC: a=2.57e-06 V=1.51e-02 factor_V=2.45e+58 factor_rho=5.62e-56 rho_eV2=3.69e+56 rho_final=2.08e+01
BG_FUNC: a=1.01e-04 V=1.50e-02 factor_V=2.45e+58 factor_rho=5.62e-56 rho_eV2=3.67e+56 rho_final=2.06e+01
RIDDER SWITCHING: z_osc = 2574.48, a_osc = 3.882778e-04
DEBUG: Ridder field ENABLED. Lambda = 5.147379e-01
DEBUG: Ridder field ENABLED. Lambda = 5.147379e-01
BG_FUNC: a=9.11e-14 V=6.82e-03 factor_V=2.45e+58 factor_rho=5.62e-56 rho_eV2=1.67e+56 rho_final=9.37e+00
BG_FUNC: a=3.60e-12 V=6.82e-03 factor_V=2.45e+58 factor_rho=5.62e-56 rho_eV2=1.67e+56 rho_final=9.37e+00
BG_FUNC: a=1.45e-10 V=6.82e-03 factor_V=2.45e+58 factor_rho=5.62e-56 rho_eV2=1.67e+56 rho_final=9.37e+00
BG_FUNC: a=5.86e-09 V=6.82e-03 factor_V=2.45e+58 factor_rho=5.62e-56 rho_eV2=1.67e+56 rho_final=9.37e+00
BG_FUNC: a=2.36e-07 V=6.82e-03 factor_V=2.45e+58 factor_rho=5.62e-56 rho_eV2=1.67e+56 rho_final=9.37e+00
BG_FUNC: a=9.54e-06 V=6.82e-03 factor_V=2.45e+58 factor_rho=5.62e-56 rho_eV2=1.67e+56 rho_final=9.37e+00
BG_FUNC: a=3.76e-04 V=4.09e-03 factor_V=2.45e+58 factor_rho=5.62e-56 rho_eV2=1.21e+56 rho_final=6.82e+00
RIDDER SWITCHING: z_osc = 1989.73, a_osc = 5.023282e-04
DEBUG: Ridder field ENABLED. Lambda = 5.076904e-01
DEBUG: Ridder field ENABLED. Lambda = 5.076904e-01
BG_FUNC: a=2.58e-13 V=6.45e-03 factor_V=2.45e+58 factor_rho=5.62e-56 rho_eV2=1.58e+56 rho_final=8.87e+00
BG_FUNC: a=1.03e-11 V=6.45e-03 factor_V=2.45e+58 factor_rho=5.62e-56 rho_eV2=1.58e+56 rho_final=8.87e+00
BG_FUNC: a=4.13e-10 V=6.45e-03 factor_V=2.45e+58 factor_rho=5.62e-56 rho_eV2=1.58e+56 rho_final=8.87e+00
BG_FUNC: a=1.65e-08 V=6.45e-03 factor_V=2.45e+58 factor_rho=5.62e-56 rho_eV2=1.58e+56 rho_final=8.87e+00
BG_FUNC: a=6.61e-07 V=6.45e-03 factor_V=2.45e+58 factor_rho=5.62e-56 rho_eV2=1.58e+56 rho_final=8.87e+00
BG_FUNC: a=2.67e-05 V=6.45e-03 factor_V=2.45e+58 factor_rho=5.62e-56 rho_eV2=1.58e+56 rho_final=8.87e+00
RIDDER SWITCHING: z_osc = 1974.13, a_osc = 5.062960e-04
DEBUG: Ridder field ENABLED. Lambda = 7.142567e-01
DEBUG: Ridder field ENABLED. Lambda = 7.142567e-01
BG_FUNC: a=1.87e-14 V=2.53e-02 factor_V=2.45e+58 factor_rho=5.62e-56 rho_eV2=6.18e+56 rho_final=3.48e+01
BG_FUNC: a=7.06e-13 V=2.53e-02 factor_V=2.45e+58 factor_rho=5.62e-56 rho_eV2=6.18e+56 rho_final=3.48e+01
BG_FUNC: a=2.83e-11 V=2.53e-02 factor_V=2.45e+58 factor_rho=5.62e-56 rho_eV2=6.18e+56 rho_final=3.48e+01
BG_FUNC: a=1.14e-09 V=2.53e-02 factor_V=2.45e+58 factor_rho=5.62e-56 rho_eV2=6.18e+56 rho_final=3.48e+01
BG_FUNC: a=4.56e-08 V=2.53e-02 factor_V=2.45e+58 factor_rho=5.62e-56 rho_eV2=6.18e+56 rho_final=3.48e+01
BG_FUNC: a=1.83e-06 V=2.53e-02 factor_V=2.45e+58 factor_rho=5.62e-56 rho_eV2=6.18e+56 rho_final=3.48e+01
BG_FUNC: a=7.32e-05 V=2.52e-02 factor_V=2.45e+58 factor_rho=5.62e-56 rho_eV2=6.16e+56 rho_final=3.47e+01
RIDDER SWITCHING: z_osc = 2979.23, a_osc = 3.355441e-04
DEBUG: Ridder field ENABLED. Lambda = 7.062332e-01
DEBUG: Ridder field ENABLED. Lambda = 7.062332e-01
BG_FUNC: a=7.73e-14 V=2.42e-02 factor_V=2.45e+58 factor_rho=5.62e-56 rho_eV2=5.91e+56 rho_final=3.32e+01
BG_FUNC: a=2.97e-12 V=2.42e-02 factor_V=2.45e+58 factor_rho=5.62e-56 rho_eV2=5.91e+56 rho_final=3.32e+01
BG_FUNC: a=1.19e-10 V=2.42e-02 factor_V=2.45e+58 factor_rho=5.62e-56 rho_eV2=5.91e+56 rho_final=3.32e+01
BG_FUNC: a=4.68e-09 V=2.42e-02 factor_V=2.45e+58 factor_rho=5.62e-56 rho_eV2=5.91e+56 rho_final=3.32e+01
BG_FUNC: a=1.86e-07 V=2.42e-02 factor_V=2.45e+58 factor_rho=5.62e-56 rho_eV2=5.91e+56 rho_final=3.32e+01
BG_FUNC: a=7.38e-06 V=2.42e-02 factor_V=2.45e+58 factor_rho=5.62e-56 rho_eV2=5.91e+56 rho_final=3.32e+01
BG_FUNC: a=2.90e-04 V=1.18e-02 factor_V=2.45e+58 factor_rho=5.62e-56 rho_eV2=3.79e+56 rho_final=2.13e+01
RIDDER SWITCHING: z_osc = 2980.20, a_osc = 3.354359e-04
DEBUG: Ridder field[mcmc] Progress @ 2025-12-01 02:14:18 : 4265 steps taken, and 573 accepted.
 ENABLED. Lambda = 6.019509e-01
DEBUG: Ridder field ENABLED. Lambda = 6.019509e-01
BG_FUNC: a=3.01e-13 V=1.28e-02 factor_V=2.45e+58 factor_rho=5.62e-56 rho_eV2=3.12e+56 rho_final=1.75e+01
BG_FUNC: a=1.21e-11 V=1.28e-02 factor_V=2.45e+58 factor_rho=5.62e-56 rho_eV2=3.12e+56 rho_final=1.75e+01
BG_FUNC: a=4.84e-10 V=1.28e-02 factor_V=2.45e+58 factor_rho=5.62e-56 rho_eV2=3.12e+56 rho_final=1.75e+01
BG_FUNC: a=1.94e-08 V=1.28e-02 factor_V=2.45e+58 factor_rho=5.62e-56 rho_eV2=3.12e+56 rho_final=1.75e+01
BG_FUNC: a=7.79e-07 V=1.28e-02 factor_V=2.45e+58 factor_rho=5.62e-56 rho_eV2=3.12e+56 rho_final=1.75e+01
BG_FUNC: a=3.15e-05 V=1.28e-02 factor_V=2.45e+58 factor_rho=5.62e-56 rho_eV2=3.12e+56 rho_final=1.75e+01
RIDDER SWITCHING: z_osc = 2453.20, a_osc = 4.074644e-04
DEBUG: Ridder field ENABLED. Lambda = 5.540392e-01
DEBUG: Ridder field ENABLED. Lambda = 5.540392e-01
BG_FUNC: a=2.77e-14 V=9.15e-03 factor_V=2.45e+58 factor_rho=5.62e-56 rho_eV2=2.24e+56 rho_final=1.26e+01
BG_FUNC: a=1.05e-12 V=9.15e-03 factor_V=2.45e+58 factor_rho=5.62e-56 rho_eV2=2.24e+56 rho_final=1.26e+01
BG_FUNC: a=4.18e-11 V=9.15e-03 factor_V=2.45e+58 factor_rho=5.62e-56 rho_eV2=2.24e+56 rho_final=1.26e+01
BG_FUNC: a=1.68e-09 V=9.15e-03 factor_V=2.45e+58 factor_rho=5.62e-56 rho_eV2=2.24e+56 rho_final=1.26e+01
BG_FUNC: a=6.62e-08 V=9.15e-03 factor_V=2.45e+58 factor_rho=5.62e-56 rho_eV2=2.24e+56 rho_final=1.26e+01
BG_FUNC: a=2.64e-06 V=9.15e-03 factor_V=2.45e+58 factor_rho=5.62e-56 rho_eV2=2.24e+56 rho_final=1.26e+01
BG_FUNC: a=1.05e-04 V=9.09e-03 factor_V=2.45e+58 factor_rho=5.62e-56 rho_eV2=2.23e+56 rho_final=1.25e+01
RIDDER SWITCHING: z_osc = 2190.84, a_osc = 4.562386e-04
DEBUG: Ridder field ENABLED. Lambda = 7.283455e-01
DEBUG: Ridder field ENABLED. Lambda = 7.283455e-01
BG_FUNC: a=8.05e-14 V=2.73e-02 factor_V=2.45e+58 factor_rho=5.62e-56 rho_eV2=6.68e+56 rho_final=3.76e+01
BG_FUNC: a=3.12e-12 V=2.73e-02 factor_V=2.45e+58 factor_rho=5.62e-56 rho_eV2=6.68e+56 rho_final=3.76e+01
BG_FUNC: a=1.24e-10 V=2.73e-02 factor_V=2.45e+58 factor_rho=5.62e-56 rho_eV2=6.68e+56 rho_final=3.76e+01
BG_FUNC: a=4.96e-09 V=2.73e-02 factor_V=2.45e+58 factor_rho=5.62e-56 rho_eV2=6.68e+56 rho_final=3.76e+01
BG_FUNC: a=1.98e-07 V=2.73e-02 factor_V=2.45e+58 factor_rho=5.62e-56 rho_eV2=6.68e+56 rho_final=3.76e+01
BG_FUNC: a=7.89e-06 V=2.73e-02 factor_V=2.45e+58 factor_rho=5.62e-56 rho_eV2=6.68e+56 rho_final=3.76e+01
BG_FUNC: a=3.09e-04 V=1.03e-02 factor_V=2.45e+58 factor_rho=5.62e-56 rho_eV2=3.66e+56 rho_final=2.06e+01
RIDDER SWITCHING: z_osc = 3070.99, a_osc = 3.255223e-04
DEBUG: Ridder field ENABLED. Lambda = 6.369230e-01
DEBUG: Ridder field ENABLED. Lambda = 6.369230e-01
BG_FUNC: a=3.30e-13 V=1.60e-02 factor_V=2.45e+58 factor_rho=5.62e-56 rho_eV2=3.91e+56 rho_final=2.20e+01
BG_FUNC: a=1.32e-11 V=1.60e-02 factor_V=2.45e+58 factor_rho=5.62e-56 rho_eV2=3.91e+56 rho_final=2.20e+01
BG_FUNC: a=5.28e-10 V=1.60e-02 factor_V=2.45e+58 factor_rho=5.62e-56 rho_eV2=3.91e+56 rho_final=2.20e+01
BG_FUNC: a=2.11e-08 V=1.60e-02 factor_V=2.45e+58 factor_rho=5.62e-56 rho_eV2=3.91e+56 rho_final=2.20e+01
BG_FUNC: a=8.46e-07 V=1.60e-02 factor_V=2.45e+58 factor_rho=5.62e-56 rho_eV2=3.91e+56 rho_final=2.20e+01
BG_FUNC: a=3.39e-05 V=1.60e-02 factor_V=2.45e+58 factor_rho=5.62e-56 rho_eV2=3.91e+56 rho_final=2.20e+01
RIDDER SWITCHING: z_osc = 2625.69, a_osc = 3.807076e-04
DEBUG: Ridder field ENABLED. Lambda = 6.703402e-01
DEBUG: Ridder field ENABLED. Lambda = 6.703402e-01
BG_FUNC: a=3.21e-14 V=1.96e-02 factor_V=2.45e+58 factor_rho=5.62e-56 rho_eV2=4.80e+56 rho_final=2.70e+01
BG_FUNC: a=1.20e-12 V=1.96e-02 factor_V=2.45e+58 factor_rho=5.62e-56 rho_eV2=4.80e+56 rho_final=2.70e+01
BG_FUNC: a=4.78e-11 V=1.96e-02 factor_V=2.45e+58 factor_rho=5.62e-56 rho_eV2=4.80e+56 rho_final=2.70e+01
BG_FUNC: a=1.90e-09 V=1.96e-02 factor_V=2.45e+58 factor_rho=5.62e-56 rho_eV2=4.80e+56 rho_final=2.70e+01
BG_FUNC: a=7.54e-08 V=1.96e-02 factor_V=2.45e+58 factor_rho=5.62e-56 rho_eV2=4.80e+56 rho_final=2.70e+01
BG_FUNC: a=2.99e-06 V=1.96e-02 factor_V=2.45e+58 factor_rho=5.62e-56 rho_eV2=4.80e+56 rho_final=2.70e+01
BG_FUNC: a=1.18e-04 V[mcmc] Progress @ 2025-12-01 02:15:21 : 4368 steps taken, and 589 accepted.
=1.92e-02 factor_V=2.45e+58 factor_rho=5.62e-56 rho_eV2=4.73e+56 rho_final=2.66e+01
RIDDER SWITCHING: z_osc = 2796.10, a_osc = 3.575135e-04
DEBUG: Ridder field ENABLED. Lambda = 6.370226e-01
DEBUG: Ridder field ENABLED. Lambda = 6.370226e-01
BG_FUNC: a=1.12e-13 V=1.60e-02 factor_V=2.45e+58 factor_rho=5.62e-56 rho_eV2=3.91e+56 rho_final=2.20e+01
BG_FUNC: a=4.45e-12 V=1.60e-02 factor_V=2.45e+58 factor_rho=5.62e-56 rho_eV2=3.91e+56 rho_final=2.20e+01
BG_FUNC: a=1.77e-10 V=1.60e-02 factor_V=2.45e+58 factor_rho=5.62e-56 rho_eV2=3.91e+56 rho_final=2.20e+01
BG_FUNC: a=7.02e-09 V=1.60e-02 factor_V=2.45e+58 factor_rho=5.62e-56 rho_eV2=3.91e+56 rho_final=2.20e+01
BG_FUNC: a=2.79e-07 V=1.60e-02 factor_V=2.45e+58 factor_rho=5.62e-56 rho_eV2=3.91e+56 rho_final=2.20e+01
BG_FUNC: a=1.11e-05 V=1.60e-02 factor_V=2.45e+58 factor_rho=5.62e-56 rho_eV2=3.91e+56 rho_final=2.20e+01
RIDDER SWITCHING: z_osc = 2624.40, a_osc = 3.808949e-04
DEBUG: Ridder field ENABLED. Lambda = 5.768479e-01
DEBUG: Ridder field ENABLED. Lambda = 5.768479e-01
BG_FUNC: a=1.06e-14 V=1.08e-02 factor_V=2.45e+58 factor_rho=5.62e-56 rho_eV2=2.63e+56 rho_final=1.48e+01
BG_FUNC: a=3.94e-13 V=1.08e-02 factor_V=2.45e+58 factor_rho=5.62e-56 rho_eV2=2.63e+56 rho_final=1.48e+01
BG_FUNC: a=1.59e-11 V=1.08e-02 factor_V=2.45e+58 factor_rho=5.62e-56 rho_eV2=2.63e+56 rho_final=1.48e+01
BG_FUNC: a=6.39e-10 V=1.08e-02 factor_V=2.45e+58 factor_rho=5.62e-56 rho_eV2=2.63e+56 rho_final=1.48e+01
BG_FUNC: a=2.57e-08 V=1.08e-02 factor_V=2.45e+58 factor_rho=5.62e-56 rho_eV2=2.63e+56 rho_final=1.48e+01
BG_FUNC: a=1.04e-06 V=1.08e-02 factor_V=2.45e+58 factor_rho=5.62e-56 rho_eV2=2.63e+56 rho_final=1.48e+01
BG_FUNC: a=4.17e-05 V=1.08e-02 factor_V=2.45e+58 factor_rho=5.62e-56 rho_eV2=2.63e+56 rho_final=1.48e+01
RIDDER SWITCHING: z_osc = 2309.73, a_osc = 4.327635e-04
DEBUG: Ridder field ENABLED. Lambda = 5.133658e-01
DEBUG: Ridder field ENABLED. Lambda = 5.133658e-01
BG_FUNC: a=3.47e-14 V=6.75e-03 factor_V=2.45e+58 factor_rho=5.62e-56 rho_eV2=1.65e+56 rho_final=9.27e+00
BG_FUNC: a=1.32e-12 V=6.75e-03 factor_V=2.45e+58 factor_rho=5.62e-56 rho_eV2=1.65e+56 rho_final=9.27e+00
BG_FUNC: a=5.30e-11 V=6.75e-03 factor_V=2.45e+58 factor_rho=5.62e-56 rho_eV2=1.65e+56 rho_final=9.27e+00
BG_FUNC: a=2.12e-09 V=6.75e-03 factor_V=2.45e+58 factor_rho=5.62e-56 rho_eV2=1.65e+56 rho_final=9.27e+00
BG_FUNC: a=8.47e-08 V=6.75e-03 factor_V=2.45e+58 factor_rho=5.62e-56 rho_eV2=1.65e+56 rho_final=9.27e+00
BG_FUNC: a=3.39e-06 V=6.75e-03 factor_V=2.45e+58 factor_rho=5.62e-56 rho_eV2=1.65e+56 rho_final=9.27e+00
BG_FUNC: a=1.35e-04 V=6.66e-03 factor_V=2.45e+58 factor_rho=5.62e-56 rho_eV2=1.64e+56 rho_final=9.20e+00
RIDDER SWITCHING: z_osc = 2013.53, a_osc = 4.963945e-04
DEBUG: Ridder field ENABLED. Lambda = 5.812357e-01
DEBUG: Ridder field ENABLED. Lambda = 5.812357e-01
BG_FUNC: a=9.33e-14 V=1.11e-02 factor_V=2.45e+58 factor_rho=5.62e-56 rho_eV2=2.71e+56 rho_final=1.52e+01
BG_FUNC: a=3.74e-12 V=1.11e-02 factor_V=2.45e+58 factor_rho=5.62e-56 rho_eV2=2.71e+56 rho_final=1.52e+01
BG_FUNC: a=1.49e-10 V=1.11e-02 factor_V=2.45e+58 factor_rho=5.62e-56 rho_eV2=2.71e+56 rho_final=1.52e+01
BG_FUNC: a=5.98e-09 V=1.11e-02 factor_V=2.45e+58 factor_rho=5.62e-56 rho_eV2=2.71e+56 rho_final=1.52e+01
BG_FUNC: a=2.40e-07 V=1.11e-02 factor_V=2.45e+58 factor_rho=5.62e-56 rho_eV2=2.71e+56 rho_final=1.52e+01
BG_FUNC: a=9.66e-06 V=1.11e-02 factor_V=2.45e+58 factor_rho=5.62e-56 rho_eV2=2.71e+56 rho_final=1.52e+01
BG_FUNC: a=3.79e-04 V=4.78e-03 factor_V=2.45e+58 factor_rho=5.62e-56 rho_eV2=1.61e+56 rho_final=9.06e+00
RIDDER SWITCHING: z_osc = 2336.45, a_osc = 4.278170e-04
DEBUG: Ridder field ENABLED. Lambda = 5.713518e-01
DEBUG: Ridder field ENABLED. Lambda = 5.713518e-01
BG_FUNC: a=3.10e-13 V=1.04e-02 factor_V=2.45e+58 factor_rho=5.62e-56 rho_eV2=2.53e+56 rho_final=1.42e+01
BG_FUNC: a=1.24e-11 V=1.04e-02 factor_V=2.45e+58 factor_rho=5.62e-56 rho_eV2=2.53e+56 rho_final=1.42e+01
BG_FUNC: a=4.96e-10 V=1.04e-02 factor_V=2.45e+58 factor_rho=5.62e-56 rho_eV2=2.53e+56 rho_final=1.42e+01
BG_FUNC: a=2.00e-08 V=1.04e-02 factor_V=2.45e+58 factor_rho=5.62e-56 rho[mcmc] Progress @ 2025-12-01 02:16:22 : 4473 steps taken, and 602 accepted.
_eV2=2.53e+56 rho_final=1.42e+01
BG_FUNC: a=7.92e-07 V=1.04e-02 factor_V=2.45e+58 factor_rho=5.62e-56 rho_eV2=2.53e+56 rho_final=1.42e+01
BG_FUNC: a=3.17e-05 V=1.04e-02 factor_V=2.45e+58 factor_rho=5.62e-56 rho_eV2=2.53e+56 rho_final=1.42e+01
RIDDER SWITCHING: z_osc = 2320.80, a_osc = 4.307007e-04
DEBUG: Ridder field ENABLED. Lambda = 1.216735e-01
DEBUG: Ridder field ENABLED. Lambda = 1.216735e-01
BG_FUNC: a=2.44e-14 V=2.13e-05 factor_V=2.45e+58 factor_rho=5.62e-56 rho_eV2=5.21e+53 rho_final=2.93e-02
BG_FUNC: a=6.99e-13 V=2.13e-05 factor_V=2.45e+58 factor_rho=5.62e-56 rho_eV2=5.21e+53 rho_final=2.93e-02
BG_FUNC: a=2.12e-11 V=2.13e-05 factor_V=2.45e+58 factor_rho=5.62e-56 rho_eV2=5.21e+53 rho_final=2.93e-02
BG_FUNC: a=6.42e-10 V=2.13e-05 factor_V=2.45e+58 factor_rho=5.62e-56 rho_eV2=5.21e+53 rho_final=2.93e-02
BG_FUNC: a=1.95e-08 V=2.13e-05 factor_V=2.45e+58 factor_rho=5.62e-56 rho_eV2=5.21e+53 rho_final=2.93e-02
BG_FUNC: a=5.90e-07 V=2.13e-05 factor_V=2.45e+58 factor_rho=5.62e-56 rho_eV2=5.21e+53 rho_final=2.93e-02
BG_FUNC: a=1.79e-05 V=2.13e-05 factor_V=2.45e+58 factor_rho=5.62e-56 rho_eV2=5.21e+53 rho_final=2.93e-02
BG_FUNC: a=5.71e-04 V=2.11e-05 factor_V=2.45e+58 factor_rho=5.62e-56 rho_eV2=5.18e+53 rho_final=2.91e-02
RIDDER SWITCHING: z_osc = 288.34, a_osc = 3.456102e-03
DEBUG: Ridder field ENABLED. Lambda = 6.231921e-01
DEBUG: Ridder field ENABLED. Lambda = 6.231921e-01
BG_FUNC: a=5.83e-14 V=1.47e-02 factor_V=2.45e+58 factor_rho=5.62e-56 rho_eV2=3.58e+56 rho_final=2.01e+01
BG_FUNC: a=2.25e-12 V=1.47e-02 factor_V=2.45e+58 factor_rho=5.62e-56 rho_eV2=3.58e+56 rho_final=2.01e+01
BG_FUNC: a=8.99e-11 V=1.47e-02 factor_V=2.45e+58 factor_rho=5.62e-56 rho_eV2=3.58e+56 rho_final=2.01e+01
BG_FUNC: a=3.59e-09 V=1.47e-02 factor_V=2.45e+58 factor_rho=5.62e-56 rho_eV2=3.58e+56 rho_final=2.01e+01
BG_FUNC: a=1.44e-07 V=1.47e-02 factor_V=2.45e+58 factor_rho=5.62e-56 rho_eV2=3.58e+56 rho_final=2.01e+01
BG_FUNC: a=5.74e-06 V=1.47e-02 factor_V=2.45e+58 factor_rho=5.62e-56 rho_eV2=3.58e+56 rho_final=2.01e+01
BG_FUNC: a=2.28e-04 V=1.21e-02 factor_V=2.45e+58 factor_rho=5.62e-56 rho_eV2=3.18e+56 rho_final=1.79e+01
RIDDER SWITCHING: z_osc = 2549.90, a_osc = 3.920183e-04
DEBUG: Ridder field ENABLED. Lambda = 5.644644e-01
DEBUG: Ridder field ENABLED. Lambda = 5.644644e-01
BG_FUNC: a=1.99e-13 V=9.86e-03 factor_V=2.45e+58 factor_rho=5.62e-56 rho_eV2=2.41e+56 rho_final=1.36e+01
BG_FUNC: a=7.98e-12 V=9.86e-03 factor_V=2.45e+58 factor_rho=5.62e-56 rho_eV2=2.41e+56 rho_final=1.36e+01
BG_FUNC: a=3.22e-10 V=9.86e-03 factor_V=2.45e+58 factor_rho=5.62e-56 rho_eV2=2.41e+56 rho_final=1.36e+01
BG_FUNC: a=1.28e-08 V=9.86e-03 factor_V=2.45e+58 factor_rho=5.62e-56 rho_eV2=2.41e+56 rho_final=1.36e+01
BG_FUNC: a=5.12e-07 V=9.86e-03 factor_V=2.45e+58 factor_rho=5.62e-56 rho_eV2=2.41e+56 rho_final=1.36e+01
BG_FUNC: a=2.05e-05 V=9.86e-03 factor_V=2.45e+58 factor_rho=5.62e-56 rho_eV2=2.41e+56 rho_final=1.36e+01
RIDDER SWITCHING: z_osc = 2254.82, a_osc = 4.432975e-04
DEBUG: Ridder field ENABLED. Lambda = 6.968660e-01
DEBUG: Ridder field ENABLED. Lambda = 6.968660e-01
BG_FUNC: a=1.67e-14 V=2.29e-02 factor_V=2.45e+58 factor_rho=5.62e-56 rho_eV2=5.60e+56 rho_final=3.15e+01
BG_FUNC: a=6.32e-13 V=2.29e-02 factor_V=2.45e+58 factor_rho=5.62e-56 rho_eV2=5.60e+56 rho_final=3.15e+01
BG_FUNC: a=2.53e-11 V=2.29e-02 factor_V=2.45e+58 factor_rho=5.62e-56 rho_eV2=5.60e+56 rho_final=3.15e+01
BG_FUNC: a=1.02e-09 V=2.29e-02 factor_V=2.45e+58 factor_rho=5.62e-56 rho_eV2=5.60e+56 rho_final=3.15e+01
BG_FUNC: a=4.07e-08 V=2.29e-02 factor_V=2.45e+58 factor_rho=5.62e-56 rho_eV2=5.60e+56 rho_final=3.15e+01
BG_FUNC: a=1.63e-06 V=2.29e-02 factor_V=2.45e+58 factor_rho=5.62e-56 rho_eV2=5.60e+56 rho_final=3.15e+01
BG_FUNC: a=6.54e-05 V=2.28e-02 factor_V=2.45e+58 factor_rho=5.62e-56 rho_eV2=5.59e+56 rho_final=3.14e+01
RIDDER SWITCHING: z_osc = 2926.72, a_osc = 3.415625e-04
DEBUG: Ridder field ENABLED. Lambda = 5.851678e-01
DEBUG: Ridder field ENABLED. Lambda = 5.851678e-01
BG_FUNC: a=6.79e-14 V=1.14e-02 factor_V=2.45e+58 factor_rho=5.62e-56 rho_eV2=2.79e+56 rho_final=1.57e+01
BG_FUNC: a=2.63e-12 V=1.14e-02 factor_V=2.45e+58 factor_rho=5.62e-56 rho_eV2=2.79e+56 rho_final=1.57e+01
BG_FUNC: a=1.05e-10 V=1.14e-02 factor_V=2.45e+58 factor_rho=5.62e-56 rho_eV2=2.79e+56 rho_final=1.57e+01
BG_FUNC: a=4.21e-09 V=1.14e-02 factor_V=2.45e+58 factor_rho=5.62e-56 rho_eV2=2.79e+56 rho_final=1.57e+01
BG_FUNC: a=1.69e-07 V=1.14e-02 factor_V=2.45e+58 factor_rho=5.62e-56 rho_eV2=2.79e+56 rho_final=1.57e+01
BG_FUNC: a=6.76e-06 V=1.14e-02 factor_V=2.45e+58 factor_rho=5.62e-56 rho_eV2=2.79e+56 rho_final=1.57e+01
BG_FUNC: a=2.68e-04 V=8.71e-03 factor_V=2.45e+58 factor_rho=5.62e-56 rho_eV2=2.36e+56 rho_final=1.33e+01
RIDDER SWITCHING: z_osc = 2351.35, a_osc = 4.251070e-04
DEBUG: Ridder field ENABLED. Lambda = 6.188425e-01
DEBUG: Ridder field ENABLED. Lambda = 6.188425e-01
BG_FUNC: a=2.17e-13 V=1.42e-02 factor_V=2.45e+58 factor_rho=5.62e-56 rho_eV2=3.48e+56 rho_final=1.96e+01
BG_FUNC: a=8.67e-12 V=1.42e-02 factor_V=2.45e+58 factor_rho=5.62e-56 rho_eV2=3.48e+56 rho_final=1.96e+01
BG_FUNC: a=3.46e-10 V=1.42e-02 factor_V=2.45e+58 factor_rho=5.62e-56 rho_eV2=3.48e+56 rho_final=1.96e+01
BG_FUNC: a=1.38e-08 V=1.42e-02 factor_V=2.45e+58 factor_rho=5.62e-56 rho_eV2=3.48e+56 rho_final=1.96e+01
BG_FUNC: a=5.53e-07 V=1.42e-02 factor_V=2.45e+58 factor_rho=5.62e-56 rho_eV2=3.48e+56 rho_final=1.96e+01
BG_FUNC: a=2.23e-05 V=1.42e-02 factor_V=2.45e+58 factor_rho=5.62e-56 rho_eV2=3.48e+56 rho_final=1.96e+01
RIDDER SWITCHING: z_osc = 2533.16, a_osc = 3.946084e-04
DEBUG: Ridder field ENABLED. Lambda = 1.037859e+00
DEBUG: Ridder field ENABLED. Lambda = 1.037859e+00
BG_FUNC: a=2.02e-14 V=1.13e-01 factor_V=2.45e+58 factor_rho=5.62e-56 rho_eV2=2.76e+57 rho_final=1.55e+02
BG_FUNC: a=7.57e-13 V=1.13e-01 factor_V=2.45e+58 factor_rho=5.62e-56 rho_eV2=2.76e+57 rho_final=1.55e+02
BG_FUNC: a=3.03e-11 V=1.13e-01 factor_V=2.45e+58 factor_rho=5.62e-56 rho_eV2=2.76e+57 rho_final=1.55e+02
BG_FUNC: a=1.19e-09 V=1.13e-01 factor_V=2.45e+58 factor_rho=5.62e-56 rho_eV2=2.76e+57 rho_final=1.55e+02
BG_FUNC: a=4.71e-08 V=1.13e-01 factor_V=2.45e+58 factor_rho=5.62e-56 rho_eV2=2.76e+57 rho_final=1.55e+02
BG_FUNC: a=1.87e-06 V=1.13e-01 factor_V=2.45e+58 factor_rho=5.62e-56 rho_eV2=2.76e+57 rho_final=1.55e+02
BG_FUNC: a=7.33e-05 V=1.10e-01 factor_V=2.45e+58 factor_rho=5.62e-56 rho_eV2=2.72e+57 rho_final=1.53e+02
RIDDER SWITCHING: z_osc = 4632.66, a_osc = 2.158120e-04
DEBUG: Ridder field ENABLED. Lambda = 6.011556e-01
DEBUG: Ridder field ENABLED. Lambda = 6.011556e-01
BG_FUNC: a=1.16e-13 V=1.27e-02 factor_V=2.45e+58 factor_rho=5.62e-56 rho_eV2=3.10e+56 rho_final=1.74e+01
BG_FUNC: a=4.67e-12 V=1.27e-02 factor_V=2.45e+58 factor_rho=5.62e-56 rho_eV2=3.10e+56 rho_final=1.74e+01
BG_FUNC: a=1.88e-10 V=1.27e-02 factor_V=2.45e+58 factor_rho=5.62e-56 rho_eV2=3.10e+56 rho_final=1.74e+01
BG_FUNC: a=7.53e-09 V=1.27e-02 factor_V=2.45e+58 factor_rho=5.62e-56 rho_eV2=3.10e+56 rho_final=1.74e+01
BG_FUNC: a=3.03e-07 V=1.27e-02 factor_V=2.45e+58 factor_rho=5.62e-56 rho_eV2=3.10e+56 rho_final=1.74e+01
BG_FUNC: a=1.22e-05 V=1.27e-02 factor_V=2.45e+58 factor_rho=5.62e-56 rho_eV2=3.10e+56 rho_final=1.74e+01
RIDDER SWITCHING: z_osc = 2434.81, a_osc = 4.105409e-04
DEBUG: Ridder field ENABLED. Lambda = 4.399848e-01
DEBUG: Ridder field ENABLED. Lambda = 4.399848e-01
BG_FUNC: a=1.08e-14 V=3.64e-03 factor_V=2.45e+58 factor_rho=5.62e-56 rho_eV2=8.90e+55 rho_final=5.00e+00
BG_FUNC: a=4.00e-13 V=3.64e-03 factor_V=2.45e+58 factor_rho=5.62e-56 rho_eV2=8.90e+55 rho_final=5.00e+00
BG_FUNC: a=1.60e-11 V=3.64e-03 factor_V=2.45e+58 factor_rho=5.62e-56 rho_eV2=8.90e+55 rho_final=5.00e+00
BG_FUNC: a=6.43e-10 V=3.64e-03 factor_V=2.45e+58 factor_rho=5.62e-56 rho_eV2=8.90e+55 rho_final=5.00e+00
BG_FUNC: a=2.58e-08 V=3.64e-03 factor_V=2.45e+58 factor_rho=5.62e-56 rho_eV2=8.90e+55 rho_final=5.00e+00
BG_FUNC: a=1.03e-06 V=3.64e-03 factor_V=2.45e+58 factor_rho=5.62e-56 rho_eV2=8.90e+55 rho_final=5.00e+00
BG_FUNC: a=4.15e-05 V=3.64e-03 factor_V=2.45e+58 factor_rho=5.62e-56 rho_eV2=8.90e+55 rho_final=5.00e+00
RIDDER SWITCHING: z_osc = 1642.65, a_osc = 6.084019e-04
DEBUG: Ridder field ENABLED. Lambda = 6.661885e-01
DEBUG: Ridder fi[mcmc] Progress @ 2025-12-01 02:17:28 : 4525 steps taken, and 612 accepted.
eld ENABLED. Lambda = 6.661885e-01
BG_FUNC: a=2.45e-14 V=1.91e-02 factor_V=2.45e+58 factor_rho=5.62e-56 rho_eV2=4.68e+56 rho_final=2.63e+01
BG_FUNC: a=9.28e-13 V=1.91e-02 factor_V=2.45e+58 factor_rho=5.62e-56 rho_eV2=4.68e+56 rho_final=2.63e+01
BG_FUNC: a=3.70e-11 V=1.91e-02 factor_V=2.45e+58 factor_rho=5.62e-56 rho_eV2=4.68e+56 rho_final=2.63e+01
BG_FUNC: a=1.47e-09 V=1.91e-02 factor_V=2.45e+58 factor_rho=5.62e-56 rho_eV2=4.68e+56 rho_final=2.63e+01
BG_FUNC: a=5.86e-08 V=1.91e-02 factor_V=2.45e+58 factor_rho=5.62e-56 rho_eV2=4.68e+56 rho_final=2.63e+01
BG_FUNC: a=2.33e-06 V=1.91e-02 factor_V=2.45e+58 factor_rho=5.62e-56 rho_eV2=4.68e+56 rho_final=2.63e+01
BG_FUNC: a=9.24e-05 V=1.90e-02 factor_V=2.45e+58 factor_rho=5.62e-56 rho_eV2=4.65e+56 rho_final=2.62e+01
RIDDER SWITCHING: z_osc = 2761.72, a_osc = 3.619627e-04
DEBUG: Ridder field ENABLED. Lambda = 5.964636e-01
DEBUG: Ridder field ENABLED. Lambda = 5.964636e-01
BG_FUNC: a=9.00e-14 V=1.23e-02 factor_V=2.45e+58 factor_rho=5.62e-56 rho_eV2=3.01e+56 rho_final=1.69e+01
BG_FUNC: a=3.49e-12 V=1.23e-02 factor_V=2.45e+58 factor_rho=5.62e-56 rho_eV2=3.01e+56 rho_final=1.69e+01
BG_FUNC: a=1.40e-10 V=1.23e-02 factor_V=2.45e+58 factor_rho=5.62e-56 rho_eV2=3.01e+56 rho_final=1.69e+01
BG_FUNC: a=5.58e-09 V=1.23e-02 factor_V=2.45e+58 factor_rho=5.62e-56 rho_eV2=3.01e+56 rho_final=1.69e+01
BG_FUNC: a=2.23e-07 V=1.23e-02 factor_V=2.45e+58 factor_rho=5.62e-56 rho_eV2=3.01e+56 rho_final=1.69e+01
BG_FUNC: a=8.91e-06 V=1.23e-02 factor_V=2.45e+58 factor_rho=5.62e-56 rho_eV2=3.01e+56 rho_final=1.69e+01
BG_FUNC: a=3.50e-04 V=5.99e-03 factor_V=2.45e+58 factor_rho=5.62e-56 rho_eV2=1.93e+56 rho_final=1.08e+01
RIDDER SWITCHING: z_osc = 2423.55, a_osc = 4.124479e-04
DEBUG: Ridder field ENABLED. Lambda = 4.542138e-01
DEBUG: Ridder field ENABLED. Lambda = 4.542138e-01
BG_FUNC: a=2.97e-13 V=4.13e-03 factor_V=2.45e+58 factor_rho=5.62e-56 rho_eV2=1.01e+56 rho_final=5.68e+00
BG_FUNC: a=1.20e-11 V=4.13e-03 factor_V=2.45e+58 factor_rho=5.62e-56 rho_eV2=1.01e+56 rho_final=5.68e+00
BG_FUNC: a=4.84e-10 V=4.13e-03 factor_V=2.45e+58 factor_rho=5.62e-56 rho_eV2=1.01e+56 rho_final=5.68e+00
BG_FUNC: a=1.95e-08 V=4.13e-03 factor_V=2.45e+58 factor_rho=5.62e-56 rho_eV2=1.01e+56 rho_final=5.68e+00
BG_FUNC: a=7.88e-07 V=4.13e-03 factor_V=2.45e+58 factor_rho=5.62e-56 rho_eV2=1.01e+56 rho_final=5.68e+00
BG_FUNC: a=3.21e-05 V=4.13e-03 factor_V=2.45e+58 factor_rho=5.62e-56 rho_eV2=1.01e+56 rho_final=5.68e+00
RIDDER SWITCHING: z_osc = 1718.24, a_osc = 5.816508e-04
DEBUG: Ridder field ENABLED. Lambda = 5.253225e-01
DEBUG: Ridder field ENABLED. Lambda = 5.253225e-01
BG_FUNC: a=1.96e-14 V=7.40e-03 factor_V=2.45e+58 factor_rho=5.62e-56 rho_eV2=1.81e+56 rho_final=1.02e+01
BG_FUNC: a=7.34e-13 V=7.40e-03 factor_V=2.45e+58 factor_rho=5.62e-56 rho_eV2=1.81e+56 rho_final=1.02e+01
BG_FUNC: a=2.87e-11 V=7.40e-03 factor_V=2.45e+58 factor_rho=5.62e-56 rho_eV2=1.81e+56 rho_final=1.02e+01
BG_FUNC: a=1.13e-09 V=7.40e-03 factor_V=2.45e+58 factor_rho=5.62e-56 rho_eV2=1.81e+56 rho_final=1.02e+01
BG_FUNC: a=4.45e-08 V=7.40e-03 factor_V=2.45e+58 factor_rho=5.62e-56 rho_eV2=1.81e+56 rho_final=1.02e+01
BG_FUNC: a=1.73e-06 V=7.40e-03 factor_V=2.45e+58 factor_rho=5.62e-56 rho_eV2=1.81e+56 rho_final=1.02e+01
BG_FUNC: a=6.54e-05 V=7.39e-03 factor_V=2.45e+58 factor_rho=5.62e-56 rho_eV2=1.81e+56 rho_final=1.02e+01
RIDDER SWITCHING: z_osc = 2072.46, a_osc = 4.822863e-04
DEBUG: Ridder field ENABLED. Lambda = 6.496186e-01
DEBUG: Ridder field ENABLED. Lambda = 6.496186e-01
BG_FUNC: a=4.78e-14 V=1.73e-02 factor_V=2.45e+58 factor_rho=5.62e-56 rho_eV2=4.23e+56 rho_final=2.38e+01
BG_FUNC: a=1.83e-12 V=1.73e-02 factor_V=2.45e+58 factor_rho=5.62e-56 rho_eV2=4.23e+56 rho_final=2.38e+01
BG_FUNC: a=7.34e-11 V=1.73e-02 factor_V=2.45e+58 factor_rho=5.62e-56 rho_eV2=4.23e+56 rho_final=2.38e+01
BG_FUNC: a=2.96e-09 V=1.73e-02 factor_V=2.45e+58 factor_rho=5.62e-56 rho_eV2=4.23e+56 rho_final=2.38e+01
BG_FUNC: a=1.18e-07 V=1.73e-02 factor_V=2.45e+58 factor_rho=5.62e-56 rho_eV2=4.23e+56 rho_final=2.38e+01
BG_FUNC: a=4.70e-06 V=1.73e-02 factor_V=2.45e+58 factor_rho=5.62e-56 [mcmc] Progress @ 2025-12-01 02:18:28 : 4673 steps taken, and 632 accepted.
rho_eV2=4.23e+56 rho_final=2.38e+01
BG_FUNC: a=1.87e-04 V=1.55e-02 factor_V=2.45e+58 factor_rho=5.62e-56 rho_eV2=3.95e+56 rho_final=2.22e+01
RIDDER SWITCHING: z_osc = 2686.79, a_osc = 3.720535e-04
DEBUG: Ridder field ENABLED. Lambda = 6.602060e-01
DEBUG: Ridder field ENABLED. Lambda = 6.602060e-01
BG_FUNC: a=1.73e-13 V=1.85e-02 factor_V=2.45e+58 factor_rho=5.62e-56 rho_eV2=4.51e+56 rho_final=2.54e+01
BG_FUNC: a=6.86e-12 V=1.85e-02 factor_V=2.45e+58 factor_rho=5.62e-56 rho_eV2=4.51e+56 rho_final=2.54e+01
BG_FUNC: a=2.72e-10 V=1.85e-02 factor_V=2.45e+58 factor_rho=5.62e-56 rho_eV2=4.51e+56 rho_final=2.54e+01
BG_FUNC: a=1.08e-08 V=1.85e-02 factor_V=2.45e+58 factor_rho=5.62e-56 rho_eV2=4.51e+56 rho_final=2.54e+01
BG_FUNC: a=4.27e-07 V=1.85e-02 factor_V=2.45e+58 factor_rho=5.62e-56 rho_eV2=4.51e+56 rho_final=2.54e+01
BG_FUNC: a=1.69e-05 V=1.85e-02 factor_V=2.45e+58 factor_rho=5.62e-56 rho_eV2=4.51e+56 rho_final=2.54e+01
RIDDER SWITCHING: z_osc = 2744.58, a_osc = 3.642223e-04
DEBUG: Ridder field ENABLED. Lambda = 1.644099e-01
DEBUG: Ridder field ENABLED. Lambda = 1.644099e-01
BG_FUNC: a=1.59e-14 V=7.10e-05 factor_V=2.45e+58 factor_rho=5.62e-56 rho_eV2=1.74e+54 rho_final=9.76e-02
BG_FUNC: a=4.48e-13 V=7.10e-05 factor_V=2.45e+58 factor_rho=5.62e-56 rho_eV2=1.74e+54 rho_final=9.76e-02
BG_FUNC: a=1.29e-11 V=7.10e-05 factor_V=2.45e+58 factor_rho=5.62e-56 rho_eV2=1.74e+54 rho_final=9.76e-02
BG_FUNC: a=3.76e-10 V=7.10e-05 factor_V=2.45e+58 factor_rho=5.62e-56 rho_eV2=1.74e+54 rho_final=9.76e-02
BG_FUNC: a=1.09e-08 V=7.10e-05 factor_V=2.45e+58 factor_rho=5.62e-56 rho_eV2=1.74e+54 rho_final=9.76e-02
BG_FUNC: a=3.17e-07 V=7.10e-05 factor_V=2.45e+58 factor_rho=5.62e-56 rho_eV2=1.74e+54 rho_final=9.76e-02
BG_FUNC: a=9.29e-06 V=7.10e-05 factor_V=2.45e+58 factor_rho=5.62e-56 rho_eV2=1.74e+54 rho_final=9.76e-02
BG_FUNC: a=2.80e-04 V=7.08e-05 factor_V=2.45e+58 factor_rho=5.62e-56 rho_eV2=1.73e+54 rho_final=9.74e-02
RIDDER SWITCHING: z_osc = 449.99, a_osc = 2.217338e-03
DEBUG: Ridder field ENABLED. Lambda = 6.540365e-01
DEBUG: Ridder field ENABLED. Lambda = 6.540365e-01
BG_FUNC: a=4.56e-14 V=1.78e-02 factor_V=2.45e+58 factor_rho=5.62e-56 rho_eV2=4.35e+56 rho_final=2.44e+01
BG_FUNC: a=1.75e-12 V=1.78e-02 factor_V=2.45e+58 factor_rho=5.62e-56 rho_eV2=4.35e+56 rho_final=2.44e+01
BG_FUNC: a=6.99e-11 V=1.78e-02 factor_V=2.45e+58 factor_rho=5.62e-56 rho_eV2=4.35e+56 rho_final=2.44e+01
BG_FUNC: a=2.79e-09 V=1.78e-02 factor_V=2.45e+58 factor_rho=5.62e-56 rho_eV2=4.35e+56 rho_final=2.44e+01
BG_FUNC: a=1.12e-07 V=1.78e-02 factor_V=2.45e+58 factor_rho=5.62e-56 rho_eV2=4.35e+56 rho_final=2.44e+01
BG_FUNC: a=4.46e-06 V=1.78e-02 factor_V=2.45e+58 factor_rho=5.62e-56 rho_eV2=4.35e+56 rho_final=2.44e+01
BG_FUNC: a=1.78e-04 V=1.61e-02 factor_V=2.45e+58 factor_rho=5.62e-56 rho_eV2=4.10e+56 rho_final=2.30e+01
RIDDER SWITCHING: z_osc = 2701.06, a_osc = 3.700884e-04
DEBUG: Ridder field ENABLED. Lambda = 8.567575e-01
DEBUG: Ridder field ENABLED. Lambda = 8.567575e-01
BG_FUNC: a=1.65e-13 V=5.23e-02 factor_V=2.45e+58 factor_rho=5.62e-56 rho_eV2=1.28e+57 rho_final=7.20e+01
BG_FUNC: a=6.53e-12 V=5.23e-02 factor_V=2.45e+58 factor_rho=5.62e-56 rho_eV2=1.28e+57 rho_final=7.20e+01
BG_FUNC: a=2.59e-10 V=5.23e-02 factor_V=2.45e+58 factor_rho=5.62e-56 rho_eV2=1.28e+57 rho_final=7.20e+01
BG_FUNC: a=1.03e-08 V=5.23e-02 factor_V=2.45e+58 factor_rho=5.62e-56 rho_eV2=1.28e+57 rho_final=7.20e+01
BG_FUNC: a=4.06e-07 V=5.23e-02 factor_V=2.45e+58 factor_rho=5.62e-56 rho_eV2=1.28e+57 rho_final=7.20e+01
BG_FUNC: a=1.61e-05 V=5.23e-02 factor_V=2.45e+58 factor_rho=5.62e-56 rho_eV2=1.28e+57 rho_final=7.19e+01
RIDDER SWITCHING: z_osc = 3760.78, a_osc = 2.658315e-04
DEBUG: Ridder field ENABLED. Lambda = 1.427289e+00
DEBUG: Ridder field ENABLED. Lambda = 1.427289e+00
BG_FUNC: a=2.17e-14 V=4.03e-01 factor_V=2.45e+58 factor_rho=5.62e-56 rho_eV2=9.86e+57 rho_final=5.54e+02
BG_FUNC: a=8.17e-13 V=4.03e-01 factor_V=2.45e+58 factor_rho=5.62e-56 rho_eV2=9.86e+57 rho_final=5.54e+02
BG_FUNC: a=3.25e-11 V=4.03e-01 factor_V=2.45e+58 factor_rho=5.62e-56 rho_eV2=9.86e+57 rho_final=5.54e+02
BG_FUNC: a=1.29e[mcmc] Progress @ 2025-12-01 02:19:35 : 4749 steps taken, and 645 accepted.
-09 V=4.03e-01 factor_V=2.45e+58 factor_rho=5.62e-56 rho_eV2=9.86e+57 rho_final=5.54e+02
BG_FUNC: a=5.12e-08 V=4.03e-01 factor_V=2.45e+58 factor_rho=5.62e-56 rho_eV2=9.86e+57 rho_final=5.54e+02
BG_FUNC: a=2.04e-06 V=4.03e-01 factor_V=2.45e+58 factor_rho=5.62e-56 rho_eV2=9.86e+57 rho_final=5.54e+02
BG_FUNC: a=8.02e-05 V=3.62e-01 factor_V=2.45e+58 factor_rho=5.62e-56 rho_eV2=9.23e+57 rho_final=5.19e+02
RIDDER SWITCHING: z_osc = 6656.62, a_osc = 1.502039e-04
DEBUG: Ridder field ENABLED. Lambda = 8.169103e-01
DEBUG: Ridder field ENABLED. Lambda = 8.169103e-01
BG_FUNC: a=1.83e-13 V=4.33e-02 factor_V=2.45e+58 factor_rho=5.62e-56 rho_eV2=1.06e+57 rho_final=5.95e+01
BG_FUNC: a=7.25e-12 V=4.33e-02 factor_V=2.45e+58 factor_rho=5.62e-56 rho_eV2=1.06e+57 rho_final=5.95e+01
BG_FUNC: a=2.88e-10 V=4.33e-02 factor_V=2.45e+58 factor_rho=5.62e-56 rho_eV2=1.06e+57 rho_final=5.95e+01
BG_FUNC: a=1.14e-08 V=4.33e-02 factor_V=2.45e+58 factor_rho=5.62e-56 rho_eV2=1.06e+57 rho_final=5.95e+01
BG_FUNC: a=4.54e-07 V=4.33e-02 factor_V=2.45e+58 factor_rho=5.62e-56 rho_eV2=1.06e+57 rho_final=5.95e+01
BG_FUNC: a=1.80e-05 V=4.33e-02 factor_V=2.45e+58 factor_rho=5.62e-56 rho_eV2=1.06e+57 rho_final=5.95e+01
RIDDER SWITCHING: z_osc = 3532.86, a_osc = 2.829769e-04
DEBUG: Ridder field ENABLED. Lambda = 6.482658e-01
DEBUG: Ridder field ENABLED. Lambda = 6.482658e-01
BG_FUNC: a=2.30e-14 V=1.72e-02 factor_V=2.45e+58 factor_rho=5.62e-56 rho_eV2=4.20e+56 rho_final=2.36e+01
BG_FUNC: a=8.70e-13 V=1.72e-02 factor_V=2.45e+58 factor_rho=5.62e-56 rho_eV2=4.20e+56 rho_final=2.36e+01
BG_FUNC: a=3.48e-11 V=1.72e-02 factor_V=2.45e+58 factor_rho=5.62e-56 rho_eV2=4.20e+56 rho_final=2.36e+01
BG_FUNC: a=1.39e-09 V=1.72e-02 factor_V=2.45e+58 factor_rho=5.62e-56 rho_eV2=4.20e+56 rho_final=2.36e+01
BG_FUNC: a=5.58e-08 V=1.72e-02 factor_V=2.45e+58 factor_rho=5.62e-56 rho_eV2=4.20e+56 rho_final=2.36e+01
BG_FUNC: a=2.23e-06 V=1.72e-02 factor_V=2.45e+58 factor_rho=5.62e-56 rho_eV2=4.20e+56 rho_final=2.36e+01
BG_FUNC: a=8.89e-05 V=1.70e-02 factor_V=2.45e+58 factor_rho=5.62e-56 rho_eV2=4.18e+56 rho_final=2.35e+01
RIDDER SWITCHING: z_osc = 2673.45, a_osc = 3.739082e-04
DEBUG: Ridder field ENABLED. Lambda = 5.172601e-01
DEBUG: Ridder field ENABLED. Lambda = 5.172601e-01
BG_FUNC: a=8.37e-14 V=6.95e-03 factor_V=2.45e+58 factor_rho=5.62e-56 rho_eV2=1.70e+56 rho_final=9.56e+00
BG_FUNC: a=3.27e-12 V=6.95e-03 factor_V=2.45e+58 factor_rho=5.62e-56 rho_eV2=1.70e+56 rho_final=9.56e+00
BG_FUNC: a=1.32e-10 V=6.95e-03 factor_V=2.45e+58 factor_rho=5.62e-56 rho_eV2=1.70e+56 rho_final=9.56e+00
BG_FUNC: a=5.29e-09 V=6.95e-03 factor_V=2.45e+58 factor_rho=5.62e-56 rho_eV2=1.70e+56 rho_final=9.56e+00
BG_FUNC: a=2.13e-07 V=6.95e-03 factor_V=2.45e+58 factor_rho=5.62e-56 rho_eV2=1.70e+56 rho_final=9.56e+00
BG_FUNC: a=8.57e-06 V=6.95e-03 factor_V=2.45e+58 factor_rho=5.62e-56 rho_eV2=1.70e+56 rho_final=9.56e+00
BG_FUNC: a=3.39e-04 V=4.77e-03 factor_V=2.45e+58 factor_rho=5.62e-56 rho_eV2=1.35e+56 rho_final=7.56e+00
RIDDER SWITCHING: z_osc = 2030.34, a_osc = 4.922862e-04
DEBUG: Ridder field ENABLED. Lambda = 6.241322e-01
DEBUG: Ridder field ENABLED. Lambda = 6.241322e-01
BG_FUNC: a=2.36e-13 V=1.47e-02 factor_V=2.45e+58 factor_rho=5.62e-56 rho_eV2=3.60e+56 rho_final=2.03e+01
BG_FUNC: a=9.45e-12 V=1.47e-02 factor_V=2.45e+58 factor_rho=5.62e-56 rho_eV2=3.60e+56 rho_final=2.03e+01
BG_FUNC: a=3.78e-10 V=1.47e-02 factor_V=2.45e+58 factor_rho=5.62e-56 rho_eV2=3.60e+56 rho_final=2.03e+01
BG_FUNC: a=1.51e-08 V=1.47e-02 factor_V=2.45e+58 factor_rho=5.62e-56 rho_eV2=3.60e+56 rho_final=2.03e+01
BG_FUNC: a=6.03e-07 V=1.47e-02 factor_V=2.45e+58 factor_rho=5.62e-56 rho_eV2=3.60e+56 rho_final=2.03e+01
BG_FUNC: a=2.41e-05 V=1.47e-02 factor_V=2.45e+58 factor_rho=5.62e-56 rho_eV2=3.60e+56 rho_final=2.03e+01
RIDDER SWITCHING: z_osc = 2554.76, a_osc = 3.912735e-04
DEBUG: Ridder field ENABLED. Lambda = 7.577264e-01
DEBUG: Ridder field ENABLED. Lambda = 7.577264e-01
BG_FUNC: a=2.24e-14 V=3.20e-02 factor_V=2.45e+58 factor_rho=5.62e-56 rho_eV2=7.83e+56 rho_final=4.40e+01
BG_FUNC: a=8.36e-13 V=3.20e-02 factor_V=2.45e+58 factor_rho=5.62e-56 rho_eV2=7.83e+56 rho_final=4.40e+01
BG_FUNC: a=3.32e-11 V=3.20e-02 factor_V=2.45e+58 factor_rho=5.62e-56 rho_eV2=7.83e+56 rho_final=4.40e+01
BG_FUNC: a=1.32e-09 V=3.20e-02 factor_V=2.45e+58 factor_rho=5.62e-56 rho_eV2=7.83e+56 rho_final=4.40e+01
BG_FUNC: a=5.24e-08 V=3.20e-02 factor_V=2.45e+58 factor_rho=5.62e-56 rho_eV2=7.83e+56 rho_final=4.40e+01
BG_FUNC: a=2.08e-06 V=3.20e-02 factor_V=2.45e+58 factor_rho=5.62e-56 rho_eV2=7.83e+56 rho_final=4.40e+01
BG_FUNC: a=8.21e-05 V=3.17e-02 factor_V=2.45e+58 factor_rho=5.62e-56 rho_eV2=7.78e+56 rho_final=4.38e+01
RIDDER SWITCHING: z_osc = 3209.64, a_osc = 3.114643e-04
DEBUG: Ridder field ENABLED. Lambda = 5.292017e-01
DEBUG: Ridder field ENABLED. Lambda = 5.292017e-01
BG_FUNC: a=9.15e-14 V=7.62e-03 factor_V=2.45e+58 factor_rho=5.62e-56 rho_eV2=1.86e+56 rho_final=1.05e+01
BG_FUNC: a=3.61e-12 V=7.62e-03 factor_V=2.45e+58 factor_rho=5.62e-56 rho_eV2=1.86e+56 rho_final=1.05e+01
BG_FUNC: a=1.45e-10 V=7.62e-03 factor_V=2.45e+58 factor_rho=5.62e-56 rho_eV2=1.86e+56 rho_final=1.05e+01
BG_FUNC: a=5.87e-09 V=7.62e-03 factor_V=2.45e+58 factor_rho=5.62e-56 rho_eV2=1.86e+56 rho_final=1.05e+01
BG_FUNC: a=2.34e-07 V=7.62e-03 factor_V=2.45e+58 factor_rho=5.62e-56 rho_eV2=1.86e+56 rho_final=1.05e+01
BG_FUNC: a=9.39e-06 V=7.62e-03 factor_V=2.45e+58 factor_rho=5.62e-56 rho_eV2=1.86e+56 rho_final=1.05e+01
BG_FUNC: a=3.68e-04 V=4.43e-03 factor_V=2.45e+58 factor_rho=5.62e-56 rho_eV2=1.33e+56 rho_final=7.47e+00
RIDDER SWITCHING: z_osc = 2095.52, a_osc = 4.769805e-04
DEBUG: Ridder field ENABLED. Lambda = 6.702962e-01
DEBUG: Ridder field ENABLED. Lambda = 6.702962e-01
BG_FUNC: a=2.69e-13 V=1.96e-02 factor_V=2.45e+58 factor_rho=5.62e-56 rho_eV2=4.80e+56 rho_final=2.70e+01
BG_FUNC: a=1.07e-11 V=1.96e-02 factor_V=2.45e+58 factor_rho=5.62e-56 rho_eV2=4.80e+56 rho_final=2.70e+01
BG_FUNC: a=4.28e-10 V=1.96e-02 factor_V=2.45e+58 factor_rho=5.62e-56 rho_eV2=4.80e+56 rho_final=2.70e+01
BG_FUNC: a=1.70e-08 V=1.96e-02 factor_V=2.45e+58 factor_rho=5.62e-56 rho_eV2=4.80e+56 rho_final=2.70e+01
BG_FUNC: a=6.80e-07 V=1.96e-02 factor_V=2.45e+58 factor_rho=5.62e-56 rho_eV2=4.80e+56 rho_final=2.70e+01
BG_FUNC: a=2.71e-05 V=1.96e-02 factor_V=2.45e+58 factor_rho=5.62e-56 rho_eV2=4.79e+56 rho_final=2.70e+01
RIDDER SWITCHING: z_osc = 2787.31, a_osc = 3.586396e-04
DEBUG: Ridder field ENABLED. Lambda = 5.552661e-01
DEBUG: Ridder field ENABLED. Lambda = 5.552661e-01
BG_FUNC: a=2.72e-14 V=9.23e-03 factor_V=2.45e+58 factor_rho=5.62e-56 rho_eV2=2.26e+56 rho_final=1.27e+01
BG_FUNC: a=1.04e-12 V=9.23e-03 factor_V=2.45e+58 factor_rho=5.62e-56 rho_eV2=2.26e+56 rho_final=1.27e+01
BG_FUNC: a=4.14e-11 V=9.23e-03 factor_V=2.45e+58 factor_rho=5.62e-56 rho_eV2=2.26e+56 rho_final=1.27e+01
BG_FUNC: a=1.66e-09 V=9.23e-03 factor_V=2.45e+58 factor_rho=5.62e-56 rho_eV2=2.26e+56 rho_final=1.27e+01
BG_FUNC: a=6.64e-08 V=9.23e-03 factor_V=2.45e+58 factor_rho=5.62e-56 rho_eV2=2.26e+56 rho_final=1.27e+01
BG_FUNC: a=2.66e-06 V=9.23e-03 factor_V=2.45e+58 factor_rho=5.62e-56 rho_eV2=2.26e+56 rho_final=1.27e+01
BG_FUNC: a=1.06e-04 V=9.17e-03 factor_V=2.45e+58 factor_rho=5.62e-56 rho_eV2=2.25e+56 rho_final=1.26e+01
RIDDER SWITCHING: z_osc = 2212.59, a_osc = 4.517540e-04
DEBUG: Ridder field ENABLED. Lambda = 1.197277e-01
DEBUG: Ridder field ENABLED. Lambda = 1.197277e-01
BG_FUNC: a=7.04e-14 V=2.00e-05 factor_V=2.45e+58 factor_rho=5.62e-56 rho_eV2=4.88e+53 rho_final=2.74e-02
BG_FUNC: a=2.04e-12 V=2.00e-05 factor_V=2.45e+58 factor_rho=5.62e-56 rho_eV2=4.88e+53 rho_final=2.74e-02
BG_FUNC: a=6.13e-11 V=2.00e-05 factor_V=2.45e+58 factor_rho=5.62e-56 rho_eV2=4.88e+53 rho_final=2.74e-02
BG_FUNC: a=1.85e-09 V=2.00e-05 factor_V=2.45e+58 factor_rho=5.62e-56 rho_eV2=4.88e+53 rho_final=2.74e-02
BG_FUNC: a=5.62e-08 V=2.00e-05 factor_V=2.45e+58 factor_rho=5.62e-56 rho_eV2=4.88e+53 rho_final=2.74e-02
BG_FUNC: a=1.68e-06 V=2.00e-05 factor_V=2.45e+58 factor_rho=5.62e-56 rho_eV2=4.88e+53 rho_final=2.74e-02
BG_FUNC: a=5.05e-05 V=2.00e-05 factor_V=2.45e+58 factor_rho=5.62e-56 rho_eV2=4.88e+53 rho_final=2.74e-02
BG_FUNC: a=1.76e-03 V=1.53e-05 factor_V=2.45e+58 factor_rho=5.62e-[mcmc] Progress @ 2025-12-01 02:20:40 : 4870 steps taken, and 660 accepted.
56 rho_eV2=4.11e+53 rho_final=2.31e-02
RIDDER SWITCHING: z_osc = 274.73, a_osc = 3.626732e-03
DEBUG: Ridder field ENABLED. Lambda = 8.035934e-01
DEBUG: Ridder field ENABLED. Lambda = 8.035934e-01
BG_FUNC: a=1.67e-13 V=4.05e-02 factor_V=2.45e+58 factor_rho=5.62e-56 rho_eV2=9.91e+56 rho_final=5.57e+01
BG_FUNC: a=6.60e-12 V=4.05e-02 factor_V=2.45e+58 factor_rho=5.62e-56 rho_eV2=9.91e+56 rho_final=5.57e+01
BG_FUNC: a=2.61e-10 V=4.05e-02 factor_V=2.45e+58 factor_rho=5.62e-56 rho_eV2=9.91e+56 rho_final=5.57e+01
BG_FUNC: a=1.04e-08 V=4.05e-02 factor_V=2.45e+58 factor_rho=5.62e-56 rho_eV2=9.91e+56 rho_final=5.57e+01
BG_FUNC: a=4.11e-07 V=4.05e-02 factor_V=2.45e+58 factor_rho=5.62e-56 rho_eV2=9.91e+56 rho_final=5.57e+01
BG_FUNC: a=1.63e-05 V=4.05e-02 factor_V=2.45e+58 factor_rho=5.62e-56 rho_eV2=9.91e+56 rho_final=5.57e+01
RIDDER SWITCHING: z_osc = 3441.57, a_osc = 2.904810e-04
DEBUG: Ridder field ENABLED. Lambda = 5.572166e-01
DEBUG: Ridder field ENABLED. Lambda = 5.572166e-01
BG_FUNC: a=2.01e-14 V=9.37e-03 factor_V=2.45e+58 factor_rho=5.62e-56 rho_eV2=2.29e+56 rho_final=1.29e+01
BG_FUNC: a=7.60e-13 V=9.37e-03 factor_V=2.45e+58 factor_rho=5.62e-56 rho_eV2=2.29e+56 rho_final=1.29e+01
BG_FUNC: a=3.03e-11 V=9.37e-03 factor_V=2.45e+58 factor_rho=5.62e-56 rho_eV2=2.29e+56 rho_final=1.29e+01
BG_FUNC: a=1.22e-09 V=9.37e-03 factor_V=2.45e+58 factor_rho=5.62e-56 rho_eV2=2.29e+56 rho_final=1.29e+01
BG_FUNC: a=4.83e-08 V=9.37e-03 factor_V=2.45e+58 factor_rho=5.62e-56 rho_eV2=2.29e+56 rho_final=1.29e+01
BG_FUNC: a=1.93e-06 V=9.37e-03 factor_V=2.45e+58 factor_rho=5.62e-56 rho_eV2=2.29e+56 rho_final=1.29e+01
BG_FUNC: a=7.67e-05 V=9.35e-03 factor_V=2.45e+58 factor_rho=5.62e-56 rho_eV2=2.29e+56 rho_final=1.29e+01
RIDDER SWITCHING: z_osc = 2227.26, a_osc = 4.487801e-04
DEBUG: Ridder field ENABLED. Lambda = 6.392211e-01
DEBUG: Ridder field ENABLED. Lambda = 6.392211e-01
BG_FUNC: a=6.05e-14 V=1.62e-02 factor_V=2.45e+58 factor_rho=5.62e-56 rho_eV2=3.97e+56 rho_final=2.23e+01
BG_FUNC: a=2.32e-12 V=1.62e-02 factor_V=2.45e+58 factor_rho=5.62e-56 rho_eV2=3.97e+56 rho_final=2.23e+01
BG_FUNC: a=9.21e-11 V=1.62e-02 factor_V=2.45e+58 factor_rho=5.62e-56 rho_eV2=3.97e+56 rho_final=2.23e+01
BG_FUNC: a=3.65e-09 V=1.62e-02 factor_V=2.45e+58 factor_rho=5.62e-56 rho_eV2=3.97e+56 rho_final=2.23e+01
BG_FUNC: a=1.46e-07 V=1.62e-02 factor_V=2.45e+58 factor_rho=5.62e-56 rho_eV2=3.97e+56 rho_final=2.23e+01
BG_FUNC: a=5.75e-06 V=1.62e-02 factor_V=2.45e+58 factor_rho=5.62e-56 rho_eV2=3.97e+56 rho_final=2.23e+01
BG_FUNC: a=2.28e-04 V=1.31e-02 factor_V=2.45e+58 factor_rho=5.62e-56 rho_eV2=3.47e+56 rho_final=1.95e+01
RIDDER SWITCHING: z_osc = 2638.30, a_osc = 3.788876e-04
DEBUG: Ridder field ENABLED. Lambda = 7.362820e-01
DEBUG: Ridder field ENABLED. Lambda = 7.362820e-01
BG_FUNC: a=2.06e-13 V=2.85e-02 factor_V=2.45e+58 factor_rho=5.62e-56 rho_eV2=6.98e+56 rho_final=3.92e+01
BG_FUNC: a=8.23e-12 V=2.85e-02 factor_V=2.45e+58 factor_rho=5.62e-56 rho_eV2=6.98e+56 rho_final=3.92e+01
BG_FUNC: a=3.29e-10 V=2.85e-02 factor_V=2.45e+58 factor_rho=5.62e-56 rho_eV2=6.98e+56 rho_final=3.92e+01
BG_FUNC: a=1.31e-08 V=2.85e-02 factor_V=2.45e+58 factor_rho=5.62e-56 rho_eV2=6.98e+56 rho_final=3.92e+01
BG_FUNC: a=5.26e-07 V=2.85e-02 factor_V=2.45e+58 factor_rho=5.62e-56 rho_eV2=6.98e+56 rho_final=3.92e+01
BG_FUNC: a=2.10e-05 V=2.85e-02 factor_V=2.45e+58 factor_rho=5.62e-56 rho_eV2=6.98e+56 rho_final=3.92e+01
RIDDER SWITCHING: z_osc = 3141.70, a_osc = 3.181981e-04
DEBUG: Ridder field ENABLED. Lambda = 6.588045e-01
DEBUG: Ridder field ENABLED. Lambda = 6.588045e-01
BG_FUNC: a=2.39e-14 V=1.83e-02 factor_V=2.45e+58 factor_rho=5.62e-56 rho_eV2=4.47e+56 rho_final=2.52e+01
BG_FUNC: a=9.00e-13 V=1.83e-02 factor_V=2.45e+58 factor_rho=5.62e-56 rho_eV2=4.47e+56 rho_final=2.52e+01
BG_FUNC: a=3.57e-11 V=1.83e-02 factor_V=2.45e+58 factor_rho=5.62e-56 rho_eV2=4.47e+56 rho_final=2.52e+01
BG_FUNC: a=1.41e-09 V=1.83e-02 factor_V=2.45e+58 factor_rho=5.62e-56 rho_eV2=4.47e+56 rho_final=2.52e+01
BG_FUNC: a=5.61e-08 V=1.83e-02 factor_V=2.45e+58 factor_rho=5.62e-56 rho_eV2=4.47e+56 rho_final=2.52e+01
BG_FUNC: a=2.[mcmc] Progress @ 2025-12-01 02:21:48 : 4948 steps taken, and 676 accepted.
22e-06 V=1.83e-02 factor_V=2.45e+58 factor_rho=5.62e-56 rho_eV2=4.47e+56 rho_final=2.52e+01
BG_FUNC: a=8.74e-05 V=1.82e-02 factor_V=2.45e+58 factor_rho=5.62e-56 rho_eV2=4.46e+56 rho_final=2.50e+01
RIDDER SWITCHING: z_osc = 2723.46, a_osc = 3.670451e-04
DEBUG: Ridder field ENABLED. Lambda = 5.658890e-01
DEBUG: Ridder field ENABLED. Lambda = 5.658890e-01
BG_FUNC: a=8.42e-14 V=9.96e-03 factor_V=2.45e+58 factor_rho=5.62e-56 rho_eV2=2.44e+56 rho_final=1.37e+01
BG_FUNC: a=3.27e-12 V=9.96e-03 factor_V=2.45e+58 factor_rho=5.62e-56 rho_eV2=2.44e+56 rho_final=1.37e+01
BG_FUNC: a=1.31e-10 V=9.96e-03 factor_V=2.45e+58 factor_rho=5.62e-56 rho_eV2=2.44e+56 rho_final=1.37e+01
BG_FUNC: a=5.24e-09 V=9.96e-03 factor_V=2.45e+58 factor_rho=5.62e-56 rho_eV2=2.44e+56 rho_final=1.37e+01
BG_FUNC: a=2.10e-07 V=9.96e-03 factor_V=2.45e+58 factor_rho=5.62e-56 rho_eV2=2.44e+56 rho_final=1.37e+01
BG_FUNC: a=8.39e-06 V=9.96e-03 factor_V=2.45e+58 factor_rho=5.62e-56 rho_eV2=2.44e+56 rho_final=1.37e+01
BG_FUNC: a=3.30e-04 V=6.18e-03 factor_V=2.45e+58 factor_rho=5.62e-56 rho_eV2=1.81e+56 rho_final=1.02e+01
RIDDER SWITCHING: z_osc = 2255.97, a_osc = 4.430727e-04
DEBUG: Ridder field ENABLED. Lambda = 7.270051e-01
DEBUG: Ridder field ENABLED. Lambda = 7.270051e-01
BG_FUNC: a=2.61e-13 V=2.71e-02 factor_V=2.45e+58 factor_rho=5.62e-56 rho_eV2=6.64e+56 rho_final=3.73e+01
BG_FUNC: a=1.01e-11 V=2.71e-02 factor_V=2.45e+58 factor_rho=5.62e-56 rho_eV2=6.64e+56 rho_final=3.73e+01
BG_FUNC: a=3.97e-10 V=2.71e-02 factor_V=2.45e+58 factor_rho=5.62e-56 rho_eV2=6.64e+56 rho_final=3.73e+01
BG_FUNC: a=1.56e-08 V=2.71e-02 factor_V=2.45e+58 factor_rho=5.62e-56 rho_eV2=6.64e+56 rho_final=3.73e+01
BG_FUNC: a=6.10e-07 V=2.71e-02 factor_V=2.45e+58 factor_rho=5.62e-56 rho_eV2=6.64e+56 rho_final=3.73e+01
BG_FUNC: a=2.33e-05 V=2.71e-02 factor_V=2.45e+58 factor_rho=5.62e-56 rho_eV2=6.64e+56 rho_final=3.73e+01
RIDDER SWITCHING: z_osc = 3076.47, a_osc = 3.249427e-04
DEBUG: Ridder field ENABLED. Lambda = 9.377332e-01
DEBUG: Ridder field ENABLED. Lambda = 9.377332e-01
BG_FUNC: a=2.56e-14 V=7.51e-02 factor_V=2.45e+58 factor_rho=5.62e-56 rho_eV2=1.84e+57 rho_final=1.03e+02
BG_FUNC: a=9.75e-13 V=7.51e-02 factor_V=2.45e+58 factor_rho=5.62e-56 rho_eV2=1.84e+57 rho_final=1.03e+02
BG_FUNC: a=3.83e-11 V=7.51e-02 factor_V=2.45e+58 factor_rho=5.62e-56 rho_eV2=1.84e+57 rho_final=1.03e+02
BG_FUNC: a=1.52e-09 V=7.51e-02 factor_V=2.45e+58 factor_rho=5.62e-56 rho_eV2=1.84e+57 rho_final=1.03e+02
BG_FUNC: a=6.02e-08 V=7.51e-02 factor_V=2.45e+58 factor_rho=5.62e-56 rho_eV2=1.84e+57 rho_final=1.03e+02
BG_FUNC: a=2.41e-06 V=7.51e-02 factor_V=2.45e+58 factor_rho=5.62e-56 rho_eV2=1.84e+57 rho_final=1.03e+02
BG_FUNC: a=9.43e-05 V=7.23e-02 factor_V=2.45e+58 factor_rho=5.62e-56 rho_eV2=1.79e+57 rho_final=1.01e+02
RIDDER SWITCHING: z_osc = 4173.49, a_osc = 2.395501e-04
DEBUG: Ridder field ENABLED. Lambda = 7.093519e-01
DEBUG: Ridder field ENABLED. Lambda = 7.093519e-01
BG_FUNC: a=1.35e-13 V=2.46e-02 factor_V=2.45e+58 factor_rho=5.62e-56 rho_eV2=6.01e+56 rho_final=3.38e+01
BG_FUNC: a=5.35e-12 V=2.46e-02 factor_V=2.45e+58 factor_rho=5.62e-56 rho_eV2=6.01e+56 rho_final=3.38e+01
BG_FUNC: a=2.13e-10 V=2.46e-02 factor_V=2.45e+58 factor_rho=5.62e-56 rho_eV2=6.01e+56 rho_final=3.38e+01
BG_FUNC: a=8.53e-09 V=2.46e-02 factor_V=2.45e+58 factor_rho=5.62e-56 rho_eV2=6.01e+56 rho_final=3.38e+01
BG_FUNC: a=3.36e-07 V=2.46e-02 factor_V=2.45e+58 factor_rho=5.62e-56 rho_eV2=6.01e+56 rho_final=3.38e+01
BG_FUNC: a=1.33e-05 V=2.46e-02 factor_V=2.45e+58 factor_rho=5.62e-56 rho_eV2=6.01e+56 rho_final=3.38e+01
RIDDER SWITCHING: z_osc = 2973.06, a_osc = 3.362410e-04
DEBUG: Ridder field ENABLED. Lambda = 6.535997e-01
DEBUG: Ridder field ENABLED. Lambda = 6.535997e-01
BG_FUNC: a=1.44e-14 V=1.77e-02 factor_V=2.45e+58 factor_rho=5.62e-56 rho_eV2=4.33e+56 rho_final=2.44e+01
BG_FUNC: a=5.41e-13 V=1.77e-02 factor_V=2.45e+58 factor_rho=5.62e-56 rho_eV2=4.33e+56 rho_final=2.44e+01
BG_FUNC: a=2.16e-11 V=1.77e-02 factor_V=2.45e+58 factor_rho=5.62e-56 rho_eV2=4.33e+56 rho_final=2.44e+01
BG_FUNC: a=8.65e-10 V=1.77e-02 factor_V=2.45e+58 factor_rho=5.62[mcmc] Progress @ 2025-12-01 02:22:49 : 5051 steps taken, and 693 accepted.
e-56 rho_eV2=4.33e+56 rho_final=2.44e+01
BG_FUNC: a=3.46e-08 V=1.77e-02 factor_V=2.45e+58 factor_rho=5.62e-56 rho_eV2=4.33e+56 rho_final=2.44e+01
BG_FUNC: a=1.39e-06 V=1.77e-02 factor_V=2.45e+58 factor_rho=5.62e-56 rho_eV2=4.33e+56 rho_final=2.44e+01
BG_FUNC: a=5.53e-05 V=1.77e-02 factor_V=2.45e+58 factor_rho=5.62e-56 rho_eV2=4.33e+56 rho_final=2.44e+01
RIDDER SWITCHING: z_osc = 2699.15, a_osc = 3.703492e-04
DEBUG: Ridder field ENABLED. Lambda = 1.103372e+00
DEBUG: Ridder field ENABLED. Lambda = 1.103372e+00
BG_FUNC: a=5.33e-14 V=1.44e-01 factor_V=2.45e+58 factor_rho=5.62e-56 rho_eV2=3.52e+57 rho_final=1.98e+02
BG_FUNC: a=2.02e-12 V=1.44e-01 factor_V=2.45e+58 factor_rho=5.62e-56 rho_eV2=3.52e+57 rho_final=1.98e+02
BG_FUNC: a=8.00e-11 V=1.44e-01 factor_V=2.45e+58 factor_rho=5.62e-56 rho_eV2=3.52e+57 rho_final=1.98e+02
BG_FUNC: a=3.18e-09 V=1.44e-01 factor_V=2.45e+58 factor_rho=5.62e-56 rho_eV2=3.52e+57 rho_final=1.98e+02
BG_FUNC: a=1.26e-07 V=1.44e-01 factor_V=2.45e+58 factor_rho=5.62e-56 rho_eV2=3.52e+57 rho_final=1.98e+02
BG_FUNC: a=5.01e-06 V=1.44e-01 factor_V=2.45e+58 factor_rho=5.62e-56 rho_eV2=3.52e+57 rho_final=1.98e+02
BG_FUNC: a=1.94e-04 V=5.53e-02 factor_V=2.45e+58 factor_rho=5.62e-56 rho_eV2=1.97e+57 rho_final=1.11e+02
RIDDER SWITCHING: z_osc = 4981.77, a_osc = 2.006916e-04
DEBUG: Ridder field ENABLED. Lambda = 9.237625e-01
DEBUG: Ridder field ENABLED. Lambda = 9.237625e-01
BG_FUNC: a=3.36e-13 V=7.07e-02 factor_V=2.45e+58 factor_rho=5.62e-56 rho_eV2=1.73e+57 rho_final=9.72e+01
BG_FUNC: a=1.33e-11 V=7.07e-02 factor_V=2.45e+58 factor_rho=5.62e-56 rho_eV2=1.73e+57 rho_final=9.72e+01
BG_FUNC: a=5.29e-10 V=7.07e-02 factor_V=2.45e+58 factor_rho=5.62e-56 rho_eV2=1.73e+57 rho_final=9.72e+01
BG_FUNC: a=2.10e-08 V=7.07e-02 factor_V=2.45e+58 factor_rho=5.62e-56 rho_eV2=1.73e+57 rho_final=9.72e+01
BG_FUNC: a=8.40e-07 V=7.07e-02 factor_V=2.45e+58 factor_rho=5.62e-56 rho_eV2=1.73e+57 rho_final=9.72e+01
BG_FUNC: a=3.31e-05 V=7.07e-02 factor_V=2.45e+58 factor_rho=5.62e-56 rho_eV2=1.73e+57 rho_final=9.72e+01
RIDDER SWITCHING: z_osc = 4068.86, a_osc = 2.457086e-04
DEBUG: Ridder field ENABLED. Lambda = 6.214329e-01
DEBUG: Ridder field ENABLED. Lambda = 6.214329e-01
BG_FUNC: a=4.75e-14 V=1.45e-02 factor_V=2.45e+58 factor_rho=5.62e-56 rho_eV2=3.54e+56 rho_final=1.99e+01
BG_FUNC: a=1.81e-12 V=1.45e-02 factor_V=2.45e+58 factor_rho=5.62e-56 rho_eV2=3.54e+56 rho_final=1.99e+01
BG_FUNC: a=7.16e-11 V=1.45e-02 factor_V=2.45e+58 factor_rho=5.62e-56 rho_eV2=3.54e+56 rho_final=1.99e+01
BG_FUNC: a=2.83e-09 V=1.45e-02 factor_V=2.45e+58 factor_rho=5.62e-56 rho_eV2=3.54e+56 rho_final=1.99e+01
BG_FUNC: a=1.12e-07 V=1.45e-02 factor_V=2.45e+58 factor_rho=5.62e-56 rho_eV2=3.54e+56 rho_final=1.99e+01
BG_FUNC: a=4.44e-06 V=1.45e-02 factor_V=2.45e+58 factor_rho=5.62e-56 rho_eV2=3.54e+56 rho_final=1.99e+01
BG_FUNC: a=1.74e-04 V=1.35e-02 factor_V=2.45e+58 factor_rho=5.62e-56 rho_eV2=3.39e+56 rho_final=1.90e+01
RIDDER SWITCHING: z_osc = 2536.50, a_osc = 3.940893e-04
DEBUG: Ridder field ENABLED. Lambda = 6.814366e-01
DEBUG: Ridder field ENABLED. Lambda = 6.814366e-01
BG_FUNC: a=1.52e-13 V=2.09e-02 factor_V=2.45e+58 factor_rho=5.62e-56 rho_eV2=5.12e+56 rho_final=2.88e+01
BG_FUNC: a=5.98e-12 V=2.09e-02 factor_V=2.45e+58 factor_rho=5.62e-56 rho_eV2=5.12e+56 rho_final=2.88e+01
BG_FUNC: a=2.38e-10 V=2.09e-02 factor_V=2.45e+58 factor_rho=5.62e-56 rho_eV2=5.12e+56 rho_final=2.88e+01
BG_FUNC: a=9.44e-09 V=2.09e-02 factor_V=2.45e+58 factor_rho=5.62e-56 rho_eV2=5.12e+56 rho_final=2.88e+01
BG_FUNC: a=3.75e-07 V=2.09e-02 factor_V=2.45e+58 factor_rho=5.62e-56 rho_eV2=5.12e+56 rho_final=2.88e+01
BG_FUNC: a=1.49e-05 V=2.09e-02 factor_V=2.45e+58 factor_rho=5.62e-56 rho_eV2=5.12e+56 rho_final=2.88e+01
RIDDER SWITCHING: z_osc = 2862.96, a_osc = 3.491673e-04
DEBUG: Ridder field ENABLED. Lambda = 6.077102e-01
DEBUG: Ridder field ENABLED. Lambda = 6.077102e-01
BG_FUNC: a=1.54e-14 V=1.32e-02 factor_V=2.45e+58 factor_rho=5.62e-56 rho_eV2=3.24e+56 rho_final=1.82e+01
BG_FUNC: a=5.79e-13 V=1.32e-02 factor_V=2.45e+58 factor_rho=5.62e-56 rho_eV2=3.24e+56 rho_final=1.82e+01
BG_FUNC: a=2.28e-11 V=1.32e-02 factor_V=2.45e+58 factor_rho=5.62e-56 rho_eV2=3.24e+56 rho_final=1.82e+01
BG_FUNC: a=9.05e-10 V=1.32e-02 factor_V=2.45e+58 factor_rho=5.62e-56 rho_eV2=3.24e+56 rho_final=1.82e+01
BG_FUNC: a=3.59e-08 V=1.32e-02 factor_V=2.45e+58 factor_rho=5.62e-56 rho_eV2=3.24e+56 rho_final=1.82e+01
BG_FUNC: a=1.43e-06 V=1.32e-02 factor_V=2.45e+58 factor_rho=5.62e-56 rho_eV2=3.24e+56 rho_final=1.82e+01
BG_FUNC: a=5.65e-05 V=1.32e-02 factor_V=2.45e+58 factor_rho=5.62e-56 rho_eV2=3.24e+56 rho_final=1.82e+01
RIDDER SWITCHING: z_osc = 2474.32, a_osc = 4.039875e-04
DEBUG: Ridder field ENABLED. Lambda = 7.586137e-01
DEBUG: Ridder field ENABLED. Lambda = 7.586137e-01
BG_FUNC: a=4.96e-14 V=3.22e-02 factor_V=2.45e+58 factor_rho=5.62e-56 rho_eV2=7.87e+56 rho_final=4.42e+01
BG_FUNC: a=1.89e-12 V=3.22e-02 factor_V=2.45e+58 factor_rho=5.62e-56 rho_eV2=7.87e+56 rho_final=4.42e+01
BG_FUNC: a=7.50e-11 V=3.22e-02 factor_V=2.45e+58 factor_rho=5.62e-56 rho_eV2=7.87e+56 rho_final=4.42e+01
BG_FUNC: a=3.00e-09 V=3.22e-02 factor_V=2.45e+58 factor_rho=5.62e-56 rho_eV2=7.87e+56 rho_final=4.42e+01
BG_FUNC: a=1.18e-07 V=3.22e-02 factor_V=2.45e+58 factor_rho=5.62e-56 rho_eV2=7.87e+56 rho_final=4.42e+01
BG_FUNC: a=4.67e-06 V=3.22e-02 factor_V=2.45e+58 factor_rho=5.62e-56 rho_eV2=7.87e+56 rho_final=4.42e+01
BG_FUNC: a=1.83e-04 V=2.66e-02 factor_V=2.45e+58 factor_rho=5.62e-56 rho_eV2=6.99e+56 rho_final=3.93e+01
RIDDER SWITCHING: z_osc = 3228.33, a_osc = 3.096622e-04
DEBUG: Ridder field ENABLED. Lambda = 1.519742e-01
DEBUG: Ridder field ENABLED. Lambda = 1.519742e-01
BG_FUNC: a=1.59e-13 V=5.18e-05 factor_V=2.45e+58 factor_rho=5.62e-56 rho_eV2=1.27e+54 rho_final=7.12e-02
BG_FUNC: a=4.58e-12 V=5.18e-05 factor_V=2.45e+58 factor_rho=5.62e-56 rho_eV2=1.27e+54 rho_final=7.12e-02
BG_FUNC: a=1.33e-10 V=5.18e-05 factor_V=2.45e+58 factor_rho=5.62e-56 rho_eV2=1.27e+54 rho_final=7.12e-02
BG_FUNC: a=3.87e-09 V=5.18e-05 factor_V=2.45e+58 factor_rho=5.62e-56 rho_eV2=1.27e+54 rho_final=7.12e-02
BG_FUNC: a=1.13e-07 V=5.18e-05 factor_V=2.45e+58 factor_rho=5.62e-56 rho_eV2=1.27e+54 rho_final=7.12e-02
BG_FUNC: a=3.30e-06 V=5.18e-05 factor_V=2.45e+58 factor_rho=5.62e-56 rho_eV2=1.27e+54 rho_final=7.12e-02
BG_FUNC: a=9.68e-05 V=5.18e-05 factor_V=2.45e+58 factor_rho=5.62e-56 rho_eV2=1.27e+54 rho_final=7.12e-02
RIDDER SWITCHING: z_osc = 401.69, a_osc = 2.483302e-03
DEBUG: Ridder field ENABLED. Lambda = 6.124431e-01
DEBUG: Ridder field ENABLED. Lambda = 6.124431e-01
BG_FUNC: a=1.32e-14 V=1.37e-02 factor_V=2.45e+58 factor_rho=5.62e-56 rho_eV2=3.34e+56 rho_final=1.88e+01
BG_FUNC: a=4.95e-13 V=1.37e-02 factor_V=2.45e+58 factor_rho=5.62e-56 rho_eV2=3.34e+56 rho_final=1.88e+01
BG_FUNC: a=1.98e-11 V=1.37e-02 factor_V=2.45e+58 factor_rho=5.62e-56 rho_eV2=3.34e+56 rho_final=1.88e+01
BG_FUNC: a=8.00e-10 V=1.37e-02 factor_V=2.45e+58 factor_rho=5.62e-56 rho_eV2=3.34e+56 rho_final=1.88e+01
BG_FUNC: a=3.18e-08 V=1.37e-02 factor_V=2.45e+58 factor_rho=5.62e-56 rho_eV2=3.34e+56 rho_final=1.88e+01
BG_FUNC: a=1.27e-06 V=1.37e-02 factor_V=2.45e+58 factor_rho=5.62e-56 rho_eV2=3.34e+56 rho_final=1.88e+01
BG_FUNC: a=5.09e-05 V=1.37e-02 factor_V=2.45e+58 factor_rho=5.62e-56 rho_eV2=3.34e+56 rho_final=1.88e+01
RIDDER SWITCHING: z_osc = 2471.44, a_osc = 4.044587e-04
DEBUG: Ridder field ENABLED. Lambda = 5.797508e-01
DEBUG: Ridder field ENABLED. Lambda = 5.797508e-01
BG_FUNC: a=4.51e-14 V=1.10e-02 factor_V=2.45e+58 factor_rho=5.62e-56 rho_eV2=2.68e+56 rho_final=1.51e+01
BG_FUNC: a=1.73e-12 V=1.10e-02 factor_V=2.45e+58 factor_rho=5.62e-56 rho_eV2=2.68e+56 rho_final=1.51e+01
BG_FUNC: a=6.93e-11 V=1.10e-02 factor_V=2.45e+58 factor_rho=5.62e-56 rho_eV2=2.68e+56 rho_final=1.51e+01
BG_FUNC: a=2.77e-09 V=1.10e-02 factor_V=2.45e+58 factor_rho=5.62e-56 rho_eV2=2.68e+56 rho_final=1.51e+01
BG_FUNC: a=1.11e-07 V=1.10e-02 factor_V=2.45e+58 factor_rho=5.62e-56 rho_eV2=2.68e+56 rho_final=1.51e+01
BG_FUNC: a=4.43e-06 V=1.10e-02 factor_V=2.45e+58 factor_rho=5.62e-56 rho_eV2=2.68e+56 rho_final=1.51e+01
BG_FUNC: a=1.78e-04 V=1.03e-02 factor_V=2.45e+58 factor_rho=5.62e-56 rho_eV2=2.59e+56 rho_final=1.45e+01
RIDDER SWI[mcmc] Progress @ 2025-12-01 02:23:53 : 5172 steps taken, and 713 accepted.
TCHING: z_osc = 2350.02, a_osc = 4.253467e-04
DEBUG: Ridder field ENABLED. Lambda = 1.019217e+00
DEBUG: Ridder field ENABLED. Lambda = 1.019217e+00
BG_FUNC: a=1.41e-13 V=1.05e-01 factor_V=2.45e+58 factor_rho=5.62e-56 rho_eV2=2.56e+57 rho_final=1.44e+02
BG_FUNC: a=5.67e-12 V=1.05e-01 factor_V=2.45e+58 factor_rho=5.62e-56 rho_eV2=2.56e+57 rho_final=1.44e+02
BG_FUNC: a=2.23e-10 V=1.05e-01 factor_V=2.45e+58 factor_rho=5.62e-56 rho_eV2=2.56e+57 rho_final=1.44e+02
BG_FUNC: a=8.86e-09 V=1.05e-01 factor_V=2.45e+58 factor_rho=5.62e-56 rho_eV2=2.56e+57 rho_final=1.44e+02
BG_FUNC: a=3.52e-07 V=1.05e-01 factor_V=2.45e+58 factor_rho=5.62e-56 rho_eV2=2.56e+57 rho_final=1.44e+02
BG_FUNC: a=1.40e-05 V=1.05e-01 factor_V=2.45e+58 factor_rho=5.62e-56 rho_eV2=2.56e+57 rho_final=1.44e+02
RIDDER SWITCHING: z_osc = 4545.73, a_osc = 2.199382e-04
DEBUG: Ridder field ENABLED. Lambda = 6.477348e-01
DEBUG: Ridder field ENABLED. Lambda = 6.477348e-01
BG_FUNC: a=2.28e-14 V=1.71e-02 factor_V=2.45e+58 factor_rho=5.62e-56 rho_eV2=4.18e+56 rho_final=2.35e+01
BG_FUNC: a=8.64e-13 V=1.71e-02 factor_V=2.45e+58 factor_rho=5.62e-56 rho_eV2=4.18e+56 rho_final=2.35e+01
BG_FUNC: a=3.46e-11 V=1.71e-02 factor_V=2.45e+58 factor_rho=5.62e-56 rho_eV2=4.18e+56 rho_final=2.35e+01
BG_FUNC: a=1.38e-09 V=1.71e-02 factor_V=2.45e+58 factor_rho=5.62e-56 rho_eV2=4.18e+56 rho_final=2.35e+01
BG_FUNC: a=5.53e-08 V=1.71e-02 factor_V=2.45e+58 factor_rho=5.62e-56 rho_eV2=4.18e+56 rho_final=2.35e+01
BG_FUNC: a=2.23e-06 V=1.71e-02 factor_V=2.45e+58 factor_rho=5.62e-56 rho_eV2=4.18e+56 rho_final=2.35e+01
BG_FUNC: a=8.81e-05 V=1.70e-02 factor_V=2.45e+58 factor_rho=5.62e-56 rho_eV2=4.16e+56 rho_final=2.34e+01
RIDDER SWITCHING: z_osc = 2666.44, a_osc = 3.748909e-04
DEBUG: Ridder field ENABLED. Lambda = 6.833323e-01
DEBUG: Ridder field ENABLED. Lambda = 6.833323e-01
BG_FUNC: a=8.39e-14 V=2.12e-02 factor_V=2.45e+58 factor_rho=5.62e-56 rho_eV2=5.18e+56 rho_final=2.91e+01
BG_FUNC: a=3.20e-12 V=2.12e-02 factor_V=2.45e+58 factor_rho=5.62e-56 rho_eV2=5.18e+56 rho_final=2.91e+01
BG_FUNC: a=1.27e-10 V=2.12e-02 factor_V=2.45e+58 factor_rho=5.62e-56 rho_eV2=5.18e+56 rho_final=2.91e+01
BG_FUNC: a=5.05e-09 V=2.12e-02 factor_V=2.45e+58 factor_rho=5.62e-56 rho_eV2=5.18e+56 rho_final=2.91e+01
BG_FUNC: a=2.01e-07 V=2.12e-02 factor_V=2.45e+58 factor_rho=5.62e-56 rho_eV2=5.18e+56 rho_final=2.91e+01
BG_FUNC: a=7.96e-06 V=2.12e-02 factor_V=2.45e+58 factor_rho=5.62e-56 rho_eV2=5.18e+56 rho_final=2.91e+01
BG_FUNC: a=3.09e-04 V=9.83e-03 factor_V=2.45e+58 factor_rho=5.62e-56 rho_eV2=3.22e+56 rho_final=1.81e+01
RIDDER SWITCHING: z_osc = 2817.57, a_osc = 3.547894e-04
DEBUG: Ridder field ENABLED. Lambda = 6.512536e-01
DEBUG: Ridder field ENABLED. Lambda = 6.512536e-01
BG_FUNC: a=3.03e-13 V=1.75e-02 factor_V=2.45e+58 factor_rho=5.62e-56 rho_eV2=4.27e+56 rho_final=2.40e+01
BG_FUNC: a=1.20e-11 V=1.75e-02 factor_V=2.45e+58 factor_rho=5.62e-56 rho_eV2=4.27e+56 rho_final=2.40e+01
BG_FUNC: a=4.78e-10 V=1.75e-02 factor_V=2.45e+58 factor_rho=5.62e-56 rho_eV2=4.27e+56 rho_final=2.40e+01
BG_FUNC: a=1.90e-08 V=1.75e-02 factor_V=2.45e+58 factor_rho=5.62e-56 rho_eV2=4.27e+56 rho_final=2.40e+01
BG_FUNC: a=7.54e-07 V=1.75e-02 factor_V=2.45e+58 factor_rho=5.62e-56 rho_eV2=4.27e+56 rho_final=2.40e+01
BG_FUNC: a=3.00e-05 V=1.75e-02 factor_V=2.45e+58 factor_rho=5.62e-56 rho_eV2=4.27e+56 rho_final=2.40e+01
RIDDER SWITCHING: z_osc = 2698.33, a_osc = 3.704617e-04
DEBUG: Ridder field ENABLED. Lambda = 7.181282e-01
DEBUG: Ridder field ENABLED. Lambda = 7.181282e-01
BG_FUNC: a=2.92e-14 V=2.58e-02 factor_V=2.45e+58 factor_rho=5.62e-56 rho_eV2=6.32e+56 rho_final=3.55e+01
BG_FUNC: a=1.10e-12 V=2.58e-02 factor_V=2.45e+58 factor_rho=5.62e-56 rho_eV2=6.32e+56 rho_final=3.55e+01
BG_FUNC: a=4.37e-11 V=2.58e-02 factor_V=2.45e+58 factor_rho=5.62e-56 rho_eV2=6.32e+56 rho_final=3.55e+01
BG_FUNC: a=1.73e-09 V=2.58e-02 factor_V=2.45e+58 factor_rho=5.62e-56 rho_eV2=6.32e+56 rho_final=3.55e+01
BG_FUNC: a=6.90e-08 V=2.58e-02 factor_V=2.45e+58 factor_rho=5.62e-56 rho_eV2=6.32e+56 rho_final=3.55e+01
BG_FUNC: a=2.71e-06 V=2.58e-02 factor_V=2.45e+58 factor_rho=5[mcmc] Progress @ 2025-12-01 02:24:54 : 5264 steps taken, and 727 accepted.
.62e-56 rho_eV2=6.32e+56 rho_final=3.55e+01
BG_FUNC: a=1.07e-04 V=2.53e-02 factor_V=2.45e+58 factor_rho=5.62e-56 rho_eV2=6.24e+56 rho_final=3.51e+01
RIDDER SWITCHING: z_osc = 3032.98, a_osc = 3.296005e-04
DEBUG: Ridder field ENABLED. Lambda = 3.755342e-01
DEBUG: Ridder field ENABLED. Lambda = 3.755342e-01
BG_FUNC: a=1.10e-13 V=1.93e-03 factor_V=2.45e+58 factor_rho=5.62e-56 rho_eV2=4.72e+55 rho_final=2.66e+00
BG_FUNC: a=4.42e-12 V=1.93e-03 factor_V=2.45e+58 factor_rho=5.62e-56 rho_eV2=4.72e+55 rho_final=2.66e+00
BG_FUNC: a=1.77e-10 V=1.93e-03 factor_V=2.45e+58 factor_rho=5.62e-56 rho_eV2=4.72e+55 rho_final=2.66e+00
BG_FUNC: a=7.12e-09 V=1.93e-03 factor_V=2.45e+58 factor_rho=5.62e-56 rho_eV2=4.72e+55 rho_final=2.66e+00
BG_FUNC: a=2.86e-07 V=1.93e-03 factor_V=2.45e+58 factor_rho=5.62e-56 rho_eV2=4.72e+55 rho_final=2.66e+00
BG_FUNC: a=1.15e-05 V=1.93e-03 factor_V=2.45e+58 factor_rho=5.62e-56 rho_eV2=4.72e+55 rho_final=2.66e+00
BG_FUNC: a=4.58e-04 V=1.42e-03 factor_V=2.45e+58 factor_rho=5.62e-56 rho_eV2=3.90e+55 rho_final=2.19e+00
RIDDER SWITCHING: z_osc = 1362.17, a_osc = 7.335825e-04
DEBUG: Ridder field ENABLED. Lambda = 1.104610e+00
DEBUG: Ridder field ENABLED. Lambda = 1.104610e+00
BG_FUNC: a=2.14e-13 V=1.45e-01 factor_V=2.45e+58 factor_rho=5.62e-56 rho_eV2=3.54e+57 rho_final=1.99e+02
BG_FUNC: a=8.49e-12 V=1.45e-01 factor_V=2.45e+58 factor_rho=5.62e-56 rho_eV2=3.54e+57 rho_final=1.99e+02
BG_FUNC: a=3.36e-10 V=1.45e-01 factor_V=2.45e+58 factor_rho=5.62e-56 rho_eV2=3.54e+57 rho_final=1.99e+02
BG_FUNC: a=1.33e-08 V=1.45e-01 factor_V=2.45e+58 factor_rho=5.62e-56 rho_eV2=3.54e+57 rho_final=1.99e+02
BG_FUNC: a=5.27e-07 V=1.45e-01 factor_V=2.45e+58 factor_rho=5.62e-56 rho_eV2=3.54e+57 rho_final=1.99e+02
BG_FUNC: a=2.09e-05 V=1.45e-01 factor_V=2.45e+58 factor_rho=5.62e-56 rho_eV2=3.54e+57 rho_final=1.99e+02
RIDDER SWITCHING: z_osc = 5004.58, a_osc = 1.997769e-04
DEBUG: Ridder field ENABLED. Lambda = 7.158635e-01
DEBUG: Ridder field ENABLED. Lambda = 7.158635e-01
BG_FUNC: a=3.71e-14 V=2.55e-02 factor_V=2.45e+58 factor_rho=5.62e-56 rho_eV2=6.24e+56 rho_final=3.51e+01
BG_FUNC: a=1.42e-12 V=2.55e-02 factor_V=2.45e+58 factor_rho=5.62e-56 rho_eV2=6.24e+56 rho_final=3.51e+01
BG_FUNC: a=5.64e-11 V=2.55e-02 factor_V=2.45e+58 factor_rho=5.62e-56 rho_eV2=6.24e+56 rho_final=3.51e+01
BG_FUNC: a=2.24e-09 V=2.55e-02 factor_V=2.45e+58 factor_rho=5.62e-56 rho_eV2=6.24e+56 rho_final=3.51e+01
BG_FUNC: a=8.94e-08 V=2.55e-02 factor_V=2.45e+58 factor_rho=5.62e-56 rho_eV2=6.24e+56 rho_final=3.51e+01
BG_FUNC: a=3.56e-06 V=2.55e-02 factor_V=2.45e+58 factor_rho=5.62e-56 rho_eV2=6.24e+56 rho_final=3.51e+01
BG_FUNC: a=1.41e-04 V=2.41e-02 factor_V=2.45e+58 factor_rho=5.62e-56 rho_eV2=6.02e+56 rho_final=3.38e+01
RIDDER SWITCHING: z_osc = 3022.53, a_osc = 3.307389e-04
DEBUG: Ridder field ENABLED. Lambda = 7.011586e-01
DEBUG: Ridder field ENABLED. Lambda = 7.011586e-01
BG_FUNC: a=1.47e-13 V=2.35e-02 factor_V=2.45e+58 factor_rho=5.62e-56 rho_eV2=5.74e+56 rho_final=3.23e+01
BG_FUNC: a=5.82e-12 V=2.35e-02 factor_V=2.45e+58 factor_rho=5.62e-56 rho_eV2=5.74e+56 rho_final=3.23e+01
BG_FUNC: a=2.31e-10 V=2.35e-02 factor_V=2.45e+58 factor_rho=5.62e-56 rho_eV2=5.74e+56 rho_final=3.23e+01
BG_FUNC: a=9.13e-09 V=2.35e-02 factor_V=2.45e+58 factor_rho=5.62e-56 rho_eV2=5.74e+56 rho_final=3.23e+01
BG_FUNC: a=3.62e-07 V=2.35e-02 factor_V=2.45e+58 factor_rho=5.62e-56 rho_eV2=5.74e+56 rho_final=3.23e+01
BG_FUNC: a=1.43e-05 V=2.35e-02 factor_V=2.45e+58 factor_rho=5.62e-56 rho_eV2=5.74e+56 rho_final=3.23e+01
RIDDER SWITCHING: z_osc = 2939.58, a_osc = 3.400685e-04
DEBUG: Ridder field ENABLED. Lambda = 6.582083e-01
DEBUG: Ridder field ENABLED. Lambda = 6.582083e-01
BG_FUNC: a=1.53e-14 V=1.82e-02 factor_V=2.45e+58 factor_rho=5.62e-56 rho_eV2=4.46e+56 rho_final=2.51e+01
BG_FUNC: a=5.71e-13 V=1.82e-02 factor_V=2.45e+58 factor_rho=5.62e-56 rho_eV2=4.46e+56 rho_final=2.51e+01
BG_FUNC: a=2.27e-11 V=1.82e-02 factor_V=2.45e+58 factor_rho=5.62e-56 rho_eV2=4.46e+56 rho_final=2.51e+01
BG_FUNC: a=9.00e-10 V=1.82e-02 factor_V=2.45e+58 factor_rho=5.62e-56 rho_eV2=4.46e+56 rho_final=2.51e+01
BG_FUNC[mcmc] Progress @ 2025-12-01 02:25:58 : 5364 steps taken, and 744 accepted.
: a=3.57e-08 V=1.82e-02 factor_V=2.45e+58 factor_rho=5.62e-56 rho_eV2=4.46e+56 rho_final=2.51e+01
BG_FUNC: a=1.42e-06 V=1.82e-02 factor_V=2.45e+58 factor_rho=5.62e-56 rho_eV2=4.46e+56 rho_final=2.51e+01
BG_FUNC: a=5.61e-05 V=1.82e-02 factor_V=2.45e+58 factor_rho=5.62e-56 rho_eV2=4.45e+56 rho_final=2.50e+01
RIDDER SWITCHING: z_osc = 2719.48, a_osc = 3.675822e-04
DEBUG: Ridder field ENABLED. Lambda = 5.414852e-01
DEBUG: Ridder field ENABLED. Lambda = 5.414852e-01
BG_FUNC: a=5.43e-14 V=8.35e-03 factor_V=2.45e+58 factor_rho=5.62e-56 rho_eV2=2.04e+56 rho_final=1.15e+01
BG_FUNC: a=2.09e-12 V=8.35e-03 factor_V=2.45e+58 factor_rho=5.62e-56 rho_eV2=2.04e+56 rho_final=1.15e+01
BG_FUNC: a=8.37e-11 V=8.35e-03 factor_V=2.45e+58 factor_rho=5.62e-56 rho_eV2=2.04e+56 rho_final=1.15e+01
BG_FUNC: a=3.35e-09 V=8.35e-03 factor_V=2.45e+58 factor_rho=5.62e-56 rho_eV2=2.04e+56 rho_final=1.15e+01
BG_FUNC: a=1.35e-07 V=8.35e-03 factor_V=2.45e+58 factor_rho=5.62e-56 rho_eV2=2.04e+56 rho_final=1.15e+01
BG_FUNC: a=5.35e-06 V=8.35e-03 factor_V=2.45e+58 factor_rho=5.62e-56 rho_eV2=2.04e+56 rho_final=1.15e+01
BG_FUNC: a=2.13e-04 V=7.64e-03 factor_V=2.45e+58 factor_rho=5.62e-56 rho_eV2=1.93e+56 rho_final=1.09e+01
RIDDER SWITCHING: z_osc = 2170.72, a_osc = 4.604644e-04
DEBUG: Ridder field ENABLED. Lambda = 6.476942e-01
DEBUG: Ridder field ENABLED. Lambda = 6.476942e-01
BG_FUNC: a=1.60e-13 V=1.71e-02 factor_V=2.45e+58 factor_rho=5.62e-56 rho_eV2=4.18e+56 rho_final=2.35e+01
BG_FUNC: a=6.33e-12 V=1.71e-02 factor_V=2.45e+58 factor_rho=5.62e-56 rho_eV2=4.18e+56 rho_final=2.35e+01
BG_FUNC: a=2.51e-10 V=1.71e-02 factor_V=2.45e+58 factor_rho=5.62e-56 rho_eV2=4.18e+56 rho_final=2.35e+01
BG_FUNC: a=9.94e-09 V=1.71e-02 factor_V=2.45e+58 factor_rho=5.62e-56 rho_eV2=4.18e+56 rho_final=2.35e+01
BG_FUNC: a=3.94e-07 V=1.71e-02 factor_V=2.45e+58 factor_rho=5.62e-56 rho_eV2=4.18e+56 rho_final=2.35e+01
BG_FUNC: a=1.56e-05 V=1.71e-02 factor_V=2.45e+58 factor_rho=5.62e-56 rho_eV2=4.18e+56 rho_final=2.35e+01
RIDDER SWITCHING: z_osc = 2673.91, a_osc = 3.738439e-04
DEBUG: Ridder field ENABLED. Lambda = 7.614102e-01
DEBUG: Ridder field ENABLED. Lambda = 7.614102e-01
BG_FUNC: a=1.51e-14 V=3.27e-02 factor_V=2.45e+58 factor_rho=5.62e-56 rho_eV2=7.98e+56 rho_final=4.49e+01
BG_FUNC: a=5.63e-13 V=3.27e-02 factor_V=2.45e+58 factor_rho=5.62e-56 rho_eV2=7.98e+56 rho_final=4.49e+01
BG_FUNC: a=2.24e-11 V=3.27e-02 factor_V=2.45e+58 factor_rho=5.62e-56 rho_eV2=7.98e+56 rho_final=4.49e+01
BG_FUNC: a=8.88e-10 V=3.27e-02 factor_V=2.45e+58 factor_rho=5.62e-56 rho_eV2=7.98e+56 rho_final=4.49e+01
BG_FUNC: a=3.53e-08 V=3.27e-02 factor_V=2.45e+58 factor_rho=5.62e-56 rho_eV2=7.98e+56 rho_final=4.49e+01
BG_FUNC: a=1.40e-06 V=3.27e-02 factor_V=2.45e+58 factor_rho=5.62e-56 rho_eV2=7.98e+56 rho_final=4.49e+01
BG_FUNC: a=5.54e-05 V=3.26e-02 factor_V=2.45e+58 factor_rho=5.62e-56 rho_eV2=7.97e+56 rho_final=4.48e+01
RIDDER SWITCHING: z_osc = 3239.55, a_osc = 3.085894e-04
DEBUG: Ridder field ENABLED. Lambda = 1.069050e+00
DEBUG: Ridder field ENABLED. Lambda = 1.069050e+00
BG_FUNC: a=6.41e-14 V=1.27e-01 factor_V=2.45e+58 factor_rho=5.62e-56 rho_eV2=3.10e+57 rho_final=1.74e+02
BG_FUNC: a=2.43e-12 V=1.27e-01 factor_V=2.45e+58 factor_rho=5.62e-56 rho_eV2=3.10e+57 rho_final=1.74e+02
BG_FUNC: a=9.66e-11 V=1.27e-01 factor_V=2.45e+58 factor_rho=5.62e-56 rho_eV2=3.10e+57 rho_final=1.74e+02
BG_FUNC: a=3.83e-09 V=1.27e-01 factor_V=2.45e+58 factor_rho=5.62e-56 rho_eV2=3.10e+57 rho_final=1.74e+02
BG_FUNC: a=1.53e-07 V=1.27e-01 factor_V=2.45e+58 factor_rho=5.62e-56 rho_eV2=3.10e+57 rho_final=1.74e+02
BG_FUNC: a=6.03e-06 V=1.27e-01 factor_V=2.45e+58 factor_rho=5.62e-56 rho_eV2=3.10e+57 rho_final=1.74e+02
RIDDER SWITCHING: z_osc = 4835.84, a_osc = 2.067466e-04
DEBUG: Ridder field ENABLED. Lambda = 5.171560e-01
DEBUG: Ridder field ENABLED. Lambda = 5.171560e-01
BG_FUNC: a=1.06e-14 V=6.95e-03 factor_V=2.45e+58 factor_rho=5.62e-56 rho_eV2=1.70e+56 rho_final=9.55e+00
BG_FUNC: a=3.95e-13 V=6.95e-03 factor_V=2.45e+58 factor_rho=5.62e-56 rho_eV2=1.70e+56 rho_final=9.55e+00
BG_FUNC: a=1.59e-11 V=6.95e-03 factor_V=2.45e+58 factor_rh[mcmc] Progress @ 2025-12-01 02:26:59 : 5451 steps taken, and 758 accepted.
o=5.62e-56 rho_eV2=1.70e+56 rho_final=9.55e+00
BG_FUNC: a=6.39e-10 V=6.95e-03 factor_V=2.45e+58 factor_rho=5.62e-56 rho_eV2=1.70e+56 rho_final=9.55e+00
BG_FUNC: a=2.57e-08 V=6.95e-03 factor_V=2.45e+58 factor_rho=5.62e-56 rho_eV2=1.70e+56 rho_final=9.55e+00
BG_FUNC: a=1.03e-06 V=6.95e-03 factor_V=2.45e+58 factor_rho=5.62e-56 rho_eV2=1.70e+56 rho_final=9.55e+00
BG_FUNC: a=4.16e-05 V=6.95e-03 factor_V=2.45e+58 factor_rho=5.62e-56 rho_eV2=1.70e+56 rho_final=9.55e+00
RIDDER SWITCHING: z_osc = 2024.35, a_osc = 4.937411e-04
DEBUG: Ridder field ENABLED. Lambda = 5.072279e-01
DEBUG: Ridder field ENABLED. Lambda = 5.072279e-01
BG_FUNC: a=3.02e-14 V=6.43e-03 factor_V=2.45e+58 factor_rho=5.62e-56 rho_eV2=1.57e+56 rho_final=8.84e+00
BG_FUNC: a=1.12e-12 V=6.43e-03 factor_V=2.45e+58 factor_rho=5.62e-56 rho_eV2=1.57e+56 rho_final=8.84e+00
BG_FUNC: a=4.41e-11 V=6.43e-03 factor_V=2.45e+58 factor_rho=5.62e-56 rho_eV2=1.57e+56 rho_final=8.84e+00
BG_FUNC: a=1.73e-09 V=6.43e-03 factor_V=2.45e+58 factor_rho=5.62e-56 rho_eV2=1.57e+56 rho_final=8.84e+00
BG_FUNC: a=6.81e-08 V=6.43e-03 factor_V=2.45e+58 factor_rho=5.62e-56 rho_eV2=1.57e+56 rho_final=8.84e+00
BG_FUNC: a=2.67e-06 V=6.43e-03 factor_V=2.45e+58 factor_rho=5.62e-56 rho_eV2=1.57e+56 rho_final=8.84e+00
BG_FUNC: a=1.03e-04 V=6.40e-03 factor_V=2.45e+58 factor_rho=5.62e-56 rho_eV2=1.57e+56 rho_final=8.82e+00
RIDDER SWITCHING: z_osc = 1969.51, a_osc = 5.074824e-04
DEBUG: Ridder field ENABLED. Lambda = 1.160313e+00
DEBUG: Ridder field ENABLED. Lambda = 1.160313e+00
BG_FUNC: a=7.15e-14 V=1.76e-01 factor_V=2.45e+58 factor_rho=5.62e-56 rho_eV2=4.31e+57 rho_final=2.42e+02
BG_FUNC: a=2.74e-12 V=1.76e-01 factor_V=2.45e+58 factor_rho=5.62e-56 rho_eV2=4.31e+57 rho_final=2.42e+02
BG_FUNC: a=1.09e-10 V=1.76e-01 factor_V=2.45e+58 factor_rho=5.62e-56 rho_eV2=4.31e+57 rho_final=2.42e+02
BG_FUNC: a=4.30e-09 V=1.76e-01 factor_V=2.45e+58 factor_rho=5.62e-56 rho_eV2=4.31e+57 rho_final=2.42e+02
BG_FUNC: a=1.70e-07 V=1.76e-01 factor_V=2.45e+58 factor_rho=5.62e-56 rho_eV2=4.31e+57 rho_final=2.42e+02
BG_FUNC: a=6.74e-06 V=1.76e-01 factor_V=2.45e+58 factor_rho=5.62e-56 rho_eV2=4.31e+57 rho_final=2.42e+02
RIDDER SWITCHING: z_osc = 5259.03, a_osc = 1.901128e-04
DEBUG: Ridder field ENABLED. Lambda = 3.910641e-01
DEBUG: Ridder field ENABLED. Lambda = 3.910641e-01
BG_FUNC: a=1.28e-14 V=2.27e-03 factor_V=2.45e+58 factor_rho=5.62e-56 rho_eV2=5.56e+55 rho_final=3.12e+00
BG_FUNC: a=4.72e-13 V=2.27e-03 factor_V=2.45e+58 factor_rho=5.62e-56 rho_eV2=5.56e+55 rho_final=3.12e+00
BG_FUNC: a=1.84e-11 V=2.27e-03 factor_V=2.45e+58 factor_rho=5.62e-56 rho_eV2=5.56e+55 rho_final=3.12e+00
BG_FUNC: a=7.23e-10 V=2.27e-03 factor_V=2.45e+58 factor_rho=5.62e-56 rho_eV2=5.56e+55 rho_final=3.12e+00
BG_FUNC: a=2.84e-08 V=2.27e-03 factor_V=2.45e+58 factor_rho=5.62e-56 rho_eV2=5.56e+55 rho_final=3.12e+00
BG_FUNC: a=1.13e-06 V=2.27e-03 factor_V=2.45e+58 factor_rho=5.62e-56 rho_eV2=5.56e+55 rho_final=3.12e+00
BG_FUNC: a=4.31e-05 V=2.27e-03 factor_V=2.45e+58 factor_rho=5.62e-56 rho_eV2=5.56e+55 rho_final=3.12e+00
RIDDER SWITCHING: z_osc = 1430.73, a_osc = 6.984544e-04
DEBUG: Ridder field ENABLED. Lambda = 8.463458e-01
DEBUG: Ridder field ENABLED. Lambda = 8.463458e-01
BG_FUNC: a=2.20e-14 V=4.98e-02 factor_V=2.45e+58 factor_rho=5.62e-56 rho_eV2=1.22e+57 rho_final=6.85e+01
BG_FUNC: a=8.29e-13 V=4.98e-02 factor_V=2.45e+58 factor_rho=5.62e-56 rho_eV2=1.22e+57 rho_final=6.85e+01
BG_FUNC: a=3.29e-11 V=4.98e-02 factor_V=2.45e+58 factor_rho=5.62e-56 rho_eV2=1.22e+57 rho_final=6.85e+01
BG_FUNC: a=1.31e-09 V=4.98e-02 factor_V=2.45e+58 factor_rho=5.62e-56 rho_eV2=1.22e+57 rho_final=6.85e+01
BG_FUNC: a=5.23e-08 V=4.98e-02 factor_V=2.45e+58 factor_rho=5.62e-56 rho_eV2=1.22e+57 rho_final=6.85e+01
BG_FUNC: a=2.06e-06 V=4.98e-02 factor_V=2.45e+58 factor_rho=5.62e-56 rho_eV2=1.22e+57 rho_final=6.85e+01
BG_FUNC: a=8.12e-05 V=4.91e-02 factor_V=2.45e+58 factor_rho=5.62e-56 rho_eV2=1.21e+57 rho_final=6.79e+01
RIDDER SWITCHING: z_osc = 3697.92, a_osc = 2.703495e-04
DEBUG: Ridder field ENABLED. Lambda = 6.847261e-01
DEBUG: Ridder field ENABLED. Lambda = 6.847261e-01
BG_FUNC: a=1.04e-13 V=2.14e-02 factor_V=2.45e+58 factor_rho=5.62e-56 rho_eV2=5.22e+56 rho_final=2.94e+01
BG_FUNC: a=4.10e-12 V=2.14e-02 factor_V=2.45e+58 factor_rho=5.62e-56 rho_eV2=5.22e+56 rho_final=2.94e+01
BG_FUNC: a=1.63e-10 V=2.14e-02 factor_V=2.45e+58 factor_rho=5.62e-56 rho_eV2=5.22e+56 rho_final=2.94e+01
BG_FUNC: a=6.44e-09 V=2.14e-02 factor_V=2.45e+58 factor_rho=5.62e-56 rho_eV2=5.22e+56 rho_final=2.94e+01
BG_FUNC: a=2.55e-07 V=2.14e-02 factor_V=2.45e+58 factor_rho=5.62e-56 rho_eV2=5.22e+56 rho_final=2.94e+01
BG_FUNC: a=1.01e-05 V=2.14e-02 factor_V=2.45e+58 factor_rho=5.62e-56 rho_eV2=5.22e+56 rho_final=2.94e+01
RIDDER SWITCHING: z_osc = 2843.80, a_osc = 3.515184e-04
DEBUG: Ridder field ENABLED. Lambda = 6.200385e-01
DEBUG: Ridder field ENABLED. Lambda = 6.200385e-01
BG_FUNC: a=1.06e-14 V=1.44e-02 factor_V=2.45e+58 factor_rho=5.62e-56 rho_eV2=3.51e+56 rho_final=1.97e+01
BG_FUNC: a=3.93e-13 V=1.44e-02 factor_V=2.45e+58 factor_rho=5.62e-56 rho_eV2=3.51e+56 rho_final=1.97e+01
BG_FUNC: a=1.57e-11 V=1.44e-02 factor_V=2.45e+58 factor_rho=5.62e-56 rho_eV2=3.51e+56 rho_final=1.97e+01
BG_FUNC: a=6.28e-10 V=1.44e-02 factor_V=2.45e+58 factor_rho=5.62e-56 rho_eV2=3.51e+56 rho_final=1.97e+01
BG_FUNC: a=2.54e-08 V=1.44e-02 factor_V=2.45e+58 factor_rho=5.62e-56 rho_eV2=3.51e+56 rho_final=1.97e+01
BG_FUNC: a=1.01e-06 V=1.44e-02 factor_V=2.45e+58 factor_rho=5.62e-56 rho_eV2=3.51e+56 rho_final=1.97e+01
BG_FUNC: a=4.02e-05 V=1.44e-02 factor_V=2.45e+58 factor_rho=5.62e-56 rho_eV2=3.51e+56 rho_final=1.97e+01
RIDDER SWITCHING: z_osc = 2535.48, a_osc = 3.942464e-04
DEBUG: Ridder field ENABLED. Lambda = 7.133366e-01
DEBUG: Ridder field ENABLED. Lambda = 7.133366e-01
BG_FUNC: a=3.68e-14 V=2.52e-02 factor_V=2.45e+58 factor_rho=5.62e-56 rho_eV2=6.15e+56 rho_final=3.46e+01
BG_FUNC: a=1.39e-12 V=2.52e-02 factor_V=2.45e+58 factor_rho=5.62e-56 rho_eV2=6.15e+56 rho_final=3.46e+01
BG_FUNC: a=5.53e-11 V=2.52e-02 factor_V=2.45e+58 factor_rho=5.62e-56 rho_eV2=6.15e+56 rho_final=3.46e+01
BG_FUNC: a=2.20e-09 V=2.52e-02 factor_V=2.45e+58 factor_rho=5.62e-56 rho_eV2=6.15e+56 rho_final=3.46e+01
BG_FUNC: a=8.70e-08 V=2.52e-02 factor_V=2.45e+58 factor_rho=5.62e-56 rho_eV2=6.15e+56 rho_final=3.46e+01
BG_FUNC: a=3.45e-06 V=2.52e-02 factor_V=2.45e+58 factor_rho=5.62e-56 rho_eV2=6.15e+56 rho_final=3.46e+01
BG_FUNC: a=1.36e-04 V=2.39e-02 factor_V=2.45e+58 factor_rho=5.62e-56 rho_eV2=5.96e+56 rho_final=3.35e+01
RIDDER SWITCHING: z_osc = 3006.32, a_osc = 3.325218e-04
DEBUG: Ridder field ENABLED. Lambda = 6.193733e-01
DEBUG: Ridder field ENABLED. Lambda = 6.193733e-01
BG_FUNC: a=1.41e-13 V=1.43e-02 factor_V=2.45e+58 factor_rho=5.62e-56 rho_eV2=3.50e+56 rho_final=1.97e+01
BG_FUNC: a=5.58e-12 V=1.43e-02 factor_V=2.45e+58 factor_rho=5.62e-56 rho_eV2=3.50e+56 rho_final=1.97e+01
BG_FUNC: a=2.21e-10 V=1.43e-02 factor_V=2.45e+58 factor_rho=5.62e-56 rho_eV2=3.50e+56 rho_final=1.97e+01
BG_FUNC: a=8.79e-09 V=1.43e-02 factor_V=2.45e+58 factor_rho=5.62e-56 rho_eV2=3.50e+56 rho_final=1.97e+01
BG_FUNC: a=3.49e-07 V=1.43e-02 factor_V=2.45e+58 factor_rho=5.62e-56 rho_eV2=3.50e+56 rho_final=1.97e+01
BG_FUNC: a=1.39e-05 V=1.43e-02 factor_V=2.45e+58 factor_rho=5.62e-56 rho_eV2=3.50e+56 rho_final=1.97e+01
RIDDER SWITCHING: z_osc = 2527.21, a_osc = 3.955370e-04
DEBUG: Ridder field ENABLED. Lambda = 9.310541e-01
DEBUG: Ridder field ENABLED. Lambda = 9.310541e-01
BG_FUNC: a=1.28e-14 V=7.30e-02 factor_V=2.45e+58 factor_rho=5.62e-56 rho_eV2=1.78e+57 rho_final=1.00e+02
BG_FUNC: a=4.71e-13 V=7.30e-02 factor_V=2.45e+58 factor_rho=5.62e-56 rho_eV2=1.78e+57 rho_final=1.00e+02
BG_FUNC: a=1.87e-11 V=7.30e-02 factor_V=2.45e+58 factor_rho=5.62e-56 rho_eV2=1.78e+57 rho_final=1.00e+02
BG_FUNC: a=7.39e-10 V=7.30e-02 factor_V=2.45e+58 factor_rho=5.62e-56 rho_eV2=1.78e+57 rho_final=1.00e+02
BG_FUNC: a=2.93e-08 V=7.30e-02 factor_V=2.45e+58 factor_rho=5.62e-56 rho_eV2=1.78e+57 rho_final=1.00e+02
BG_FUNC: a=1.16e-06 V=7.30e-02 factor_V=2.45e+58 factor_rho=5.62e-56 rho_eV2=1.78e+57 rho_final=1.00e+02
BG_FUNC: a=4.58e-05 V=7.28e-02 factor_V=2.45e+58 factor_rho=5.62e-56 rho_eV2=1.78e+57 rho_final=1.00e+02
RID[mcmc] Progress @ 2025-12-01 02:27:59 : 5526 steps taken, and 772 accepted.
DER SWITCHING: z_osc = 4123.47, a_osc = 2.424553e-04
DEBUG: Ridder field ENABLED. Lambda = 7.871333e-01
DEBUG: Ridder field ENABLED. Lambda = 7.871333e-01
BG_FUNC: a=6.71e-14 V=3.73e-02 factor_V=2.45e+58 factor_rho=5.62e-56 rho_eV2=9.12e+56 rho_final=5.13e+01
BG_FUNC: a=2.62e-12 V=3.73e-02 factor_V=2.45e+58 factor_rho=5.62e-56 rho_eV2=9.12e+56 rho_final=5.13e+01
BG_FUNC: a=1.04e-10 V=3.73e-02 factor_V=2.45e+58 factor_rho=5.62e-56 rho_eV2=9.12e+56 rho_final=5.13e+01
BG_FUNC: a=4.17e-09 V=3.73e-02 factor_V=2.45e+58 factor_rho=5.62e-56 rho_eV2=9.12e+56 rho_final=5.13e+01
BG_FUNC: a=1.67e-07 V=3.73e-02 factor_V=2.45e+58 factor_rho=5.62e-56 rho_eV2=9.12e+56 rho_final=5.13e+01
BG_FUNC: a=6.69e-06 V=3.73e-02 factor_V=2.45e+58 factor_rho=5.62e-56 rho_eV2=9.12e+56 rho_final=5.13e+01
BG_FUNC: a=2.62e-04 V=1.74e-02 factor_V=2.45e+58 factor_rho=5.62e-56 rho_eV2=5.72e+56 rho_final=3.21e+01
RIDDER SWITCHING: z_osc = 3358.89, a_osc = 2.976292e-04
DEBUG: Ridder field ENABLED. Lambda = 8.322480e-01
DEBUG: Ridder field ENABLED. Lambda = 8.322480e-01
BG_FUNC: a=3.07e-13 V=4.66e-02 factor_V=2.45e+58 factor_rho=5.62e-56 rho_eV2=1.14e+57 rho_final=6.41e+01
BG_FUNC: a=1.22e-11 V=4.66e-02 factor_V=2.45e+58 factor_rho=5.62e-56 rho_eV2=1.14e+57 rho_final=6.41e+01
BG_FUNC: a=4.82e-10 V=4.66e-02 factor_V=2.45e+58 factor_rho=5.62e-56 rho_eV2=1.14e+57 rho_final=6.41e+01
BG_FUNC: a=1.91e-08 V=4.66e-02 factor_V=2.45e+58 factor_rho=5.62e-56 rho_eV2=1.14e+57 rho_final=6.41e+01
BG_FUNC: a=7.57e-07 V=4.66e-02 factor_V=2.45e+58 factor_rho=5.62e-56 rho_eV2=1.14e+57 rho_final=6.41e+01
BG_FUNC: a=3.00e-05 V=4.66e-02 factor_V=2.45e+58 factor_rho=5.62e-56 rho_eV2=1.14e+57 rho_final=6.41e+01
RIDDER SWITCHING: z_osc = 3628.35, a_osc = 2.755311e-04
DEBUG: Ridder field ENABLED. Lambda = 7.174782e-01
DEBUG: Ridder field ENABLED. Lambda = 7.174782e-01
BG_FUNC: a=3.86e-14 V=2.57e-02 factor_V=2.45e+58 factor_rho=5.62e-56 rho_eV2=6.29e+56 rho_final=3.54e+01
BG_FUNC: a=1.48e-12 V=2.57e-02 factor_V=2.45e+58 factor_rho=5.62e-56 rho_eV2=6.29e+56 rho_final=3.54e+01
BG_FUNC: a=5.94e-11 V=2.57e-02 factor_V=2.45e+58 factor_rho=5.62e-56 rho_eV2=6.29e+56 rho_final=3.54e+01
BG_FUNC: a=2.38e-09 V=2.57e-02 factor_V=2.45e+58 factor_rho=5.62e-56 rho_eV2=6.29e+56 rho_final=3.54e+01
BG_FUNC: a=9.55e-08 V=2.57e-02 factor_V=2.45e+58 factor_rho=5.62e-56 rho_eV2=6.29e+56 rho_final=3.54e+01
BG_FUNC: a=3.87e-06 V=2.57e-02 factor_V=2.45e+58 factor_rho=5.62e-56 rho_eV2=6.29e+56 rho_final=3.54e+01
BG_FUNC: a=1.53e-04 V=2.38e-02 factor_V=2.45e+58 factor_rho=5.62e-56 rho_eV2=5.99e+56 rho_final=3.37e+01
RIDDER SWITCHING: z_osc = 3026.04, a_osc = 3.303555e-04
DEBUG: Ridder field ENABLED. Lambda = 7.550385e-01
DEBUG: Ridder field ENABLED. Lambda = 7.550385e-01
BG_FUNC: a=1.59e-13 V=3.16e-02 factor_V=2.45e+58 factor_rho=5.62e-56 rho_eV2=7.72e+56 rho_final=4.34e+01
BG_FUNC: a=6.30e-12 V=3.16e-02 factor_V=2.45e+58 factor_rho=5.62e-56 rho_eV2=7.72e+56 rho_final=4.34e+01
BG_FUNC: a=2.50e-10 V=3.16e-02 factor_V=2.45e+58 factor_rho=5.62e-56 rho_eV2=7.72e+56 rho_final=4.34e+01
BG_FUNC: a=9.93e-09 V=3.16e-02 factor_V=2.45e+58 factor_rho=5.62e-56 rho_eV2=7.72e+56 rho_final=4.34e+01
BG_FUNC: a=3.94e-07 V=3.16e-02 factor_V=2.45e+58 factor_rho=5.62e-56 rho_eV2=7.72e+56 rho_final=4.34e+01
BG_FUNC: a=1.57e-05 V=3.16e-02 factor_V=2.45e+58 factor_rho=5.62e-56 rho_eV2=7.72e+56 rho_final=4.34e+01
RIDDER SWITCHING: z_osc = 3220.26, a_osc = 3.104371e-04
DEBUG: Ridder field ENABLED. Lambda = 7.168398e-01
DEBUG: Ridder field ENABLED. Lambda = 7.168398e-01
BG_FUNC: a=1.81e-14 V=2.57e-02 factor_V=2.45e+58 factor_rho=5.62e-56 rho_eV2=6.27e+56 rho_final=3.53e+01
BG_FUNC: a=6.80e-13 V=2.57e-02 factor_V=2.45e+58 factor_rho=5.62e-56 rho_eV2=6.27e+56 rho_final=3.53e+01
BG_FUNC: a=2.70e-11 V=2.57e-02 factor_V=2.45e+58 factor_rho=5.62e-56 rho_eV2=6.27e+56 rho_final=3.53e+01
BG_FUNC: a=1.07e-09 V=2.57e-02 factor_V=2.45e+58 factor_rho=5.62e-56 rho_eV2=6.27e+56 rho_final=3.53e+01
BG_FUNC: a=4.24e-08 V=2.57e-02 factor_V=2.45e+58 factor_rho=5.62e-56 rho_eV2=6.27e+56 rho_final=3.53e+01
BG_FUNC: a=1.68e-06 V=2.57e-02 factor_V=2.45e+58 facto[mcmc] Progress @ 2025-12-01 02:29:02 : 5638 steps taken, and 790 accepted.
r_rho=5.62e-56 rho_eV2=6.27e+56 rho_final=3.53e+01
BG_FUNC: a=6.62e-05 V=2.56e-02 factor_V=2.45e+58 factor_rho=5.62e-56 rho_eV2=6.26e+56 rho_final=3.52e+01
RIDDER SWITCHING: z_osc = 3036.81, a_osc = 3.291845e-04
DEBUG: Ridder field ENABLED. Lambda = 6.079553e-01
DEBUG: Ridder field ENABLED. Lambda = 6.079553e-01
BG_FUNC: a=7.16e-14 V=1.33e-02 factor_V=2.45e+58 factor_rho=5.62e-56 rho_eV2=3.24e+56 rho_final=1.82e+01
BG_FUNC: a=2.77e-12 V=1.33e-02 factor_V=2.45e+58 factor_rho=5.62e-56 rho_eV2=3.24e+56 rho_final=1.82e+01
BG_FUNC: a=1.11e-10 V=1.33e-02 factor_V=2.45e+58 factor_rho=5.62e-56 rho_eV2=3.24e+56 rho_final=1.82e+01
BG_FUNC: a=4.43e-09 V=1.33e-02 factor_V=2.45e+58 factor_rho=5.62e-56 rho_eV2=3.24e+56 rho_final=1.82e+01
BG_FUNC: a=1.77e-07 V=1.33e-02 factor_V=2.45e+58 factor_rho=5.62e-56 rho_eV2=3.24e+56 rho_final=1.82e+01
BG_FUNC: a=7.07e-06 V=1.33e-02 factor_V=2.45e+58 factor_rho=5.62e-56 rho_eV2=3.24e+56 rho_final=1.82e+01
BG_FUNC: a=2.79e-04 V=9.25e-03 factor_V=2.45e+58 factor_rho=5.62e-56 rho_eV2=2.59e+56 rho_final=1.46e+01
RIDDER SWITCHING: z_osc = 2473.41, a_osc = 4.041361e-04
DEBUG: Ridder field ENABLED. Lambda = 5.916799e-01
DEBUG: Ridder field ENABLED. Lambda = 5.916799e-01
BG_FUNC: a=2.39e-13 V=1.19e-02 factor_V=2.45e+58 factor_rho=5.62e-56 rho_eV2=2.91e+56 rho_final=1.64e+01
BG_FUNC: a=9.57e-12 V=1.19e-02 factor_V=2.45e+58 factor_rho=5.62e-56 rho_eV2=2.91e+56 rho_final=1.64e+01
BG_FUNC: a=3.87e-10 V=1.19e-02 factor_V=2.45e+58 factor_rho=5.62e-56 rho_eV2=2.91e+56 rho_final=1.64e+01
BG_FUNC: a=1.54e-08 V=1.19e-02 factor_V=2.45e+58 factor_rho=5.62e-56 rho_eV2=2.91e+56 rho_final=1.64e+01
BG_FUNC: a=6.16e-07 V=1.19e-02 factor_V=2.45e+58 factor_rho=5.62e-56 rho_eV2=2.91e+56 rho_final=1.64e+01
BG_FUNC: a=2.47e-05 V=1.19e-02 factor_V=2.45e+58 factor_rho=5.62e-56 rho_eV2=2.91e+56 rho_final=1.64e+01
RIDDER SWITCHING: z_osc = 2388.91, a_osc = 4.184262e-04
DEBUG: Ridder field ENABLED. Lambda = 1.062602e+00
DEBUG: Ridder field ENABLED. Lambda = 1.062602e+00
BG_FUNC: a=2.15e-14 V=1.24e-01 factor_V=2.45e+58 factor_rho=5.62e-56 rho_eV2=3.03e+57 rho_final=1.70e+02
BG_FUNC: a=7.99e-13 V=1.24e-01 factor_V=2.45e+58 factor_rho=5.62e-56 rho_eV2=3.03e+57 rho_final=1.70e+02
BG_FUNC: a=3.13e-11 V=1.24e-01 factor_V=2.45e+58 factor_rho=5.62e-56 rho_eV2=3.03e+57 rho_final=1.70e+02
BG_FUNC: a=1.23e-09 V=1.24e-01 factor_V=2.45e+58 factor_rho=5.62e-56 rho_eV2=3.03e+57 rho_final=1.70e+02
BG_FUNC: a=4.81e-08 V=1.24e-01 factor_V=2.45e+58 factor_rho=5.62e-56 rho_eV2=3.03e+57 rho_final=1.70e+02
BG_FUNC: a=1.89e-06 V=1.24e-01 factor_V=2.45e+58 factor_rho=5.62e-56 rho_eV2=3.03e+57 rho_final=1.70e+02
BG_FUNC: a=7.17e-05 V=1.21e-01 factor_V=2.45e+58 factor_rho=5.62e-56 rho_eV2=2.99e+57 rho_final=1.68e+02
RIDDER SWITCHING: z_osc = 4757.14, a_osc = 2.101662e-04
DEBUG: Ridder field ENABLED. Lambda = 6.247852e-01
DEBUG: Ridder field ENABLED. Lambda = 6.247852e-01
BG_FUNC: a=1.17e-13 V=1.48e-02 factor_V=2.45e+58 factor_rho=5.62e-56 rho_eV2=3.62e+56 rho_final=2.03e+01
BG_FUNC: a=4.69e-12 V=1.48e-02 factor_V=2.45e+58 factor_rho=5.62e-56 rho_eV2=3.62e+56 rho_final=2.03e+01
BG_FUNC: a=1.88e-10 V=1.48e-02 factor_V=2.45e+58 factor_rho=5.62e-56 rho_eV2=3.62e+56 rho_final=2.03e+01
BG_FUNC: a=7.56e-09 V=1.48e-02 factor_V=2.45e+58 factor_rho=5.62e-56 rho_eV2=3.62e+56 rho_final=2.03e+01
BG_FUNC: a=3.03e-07 V=1.48e-02 factor_V=2.45e+58 factor_rho=5.62e-56 rho_eV2=3.62e+56 rho_final=2.03e+01
BG_FUNC: a=1.23e-05 V=1.48e-02 factor_V=2.45e+58 factor_rho=5.62e-56 rho_eV2=3.62e+56 rho_final=2.03e+01
RIDDER SWITCHING: z_osc = 2559.69, a_osc = 3.905192e-04
DEBUG: Ridder field ENABLED. Lambda = 1.075696e+00
DEBUG: Ridder field ENABLED. Lambda = 1.075696e+00
BG_FUNC: a=1.14e-14 V=1.30e-01 factor_V=2.45e+58 factor_rho=5.62e-56 rho_eV2=3.18e+57 rho_final=1.79e+02
BG_FUNC: a=4.24e-13 V=1.30e-01 factor_V=2.45e+58 factor_rho=5.62e-56 rho_eV2=3.18e+57 rho_final=1.79e+02
BG_FUNC: a=1.68e-11 V=1.30e-01 factor_V=2.45e+58 factor_rho=5.62e-56 rho_eV2=3.18e+57 rho_final=1.79e+02
BG_FUNC: a=6.67e-10 V=1.30e-01 factor_V=2.45e+58 factor_rho=5.62e-56 rho_eV2=3.18e+57 rho_final=1.79e+02
[mcmc] Progress @ 2025-12-01 02:30:04 : 5732 steps taken, and 806 accepted.
BG_FUNC: a=2.64e-08 V=1.30e-01 factor_V=2.45e+58 factor_rho=5.62e-56 rho_eV2=3.18e+57 rho_final=1.79e+02
BG_FUNC: a=1.05e-06 V=1.30e-01 factor_V=2.45e+58 factor_rho=5.62e-56 rho_eV2=3.18e+57 rho_final=1.79e+02
BG_FUNC: a=4.14e-05 V=1.30e-01 factor_V=2.45e+58 factor_rho=5.62e-56 rho_eV2=3.18e+57 rho_final=1.79e+02
RIDDER SWITCHING: z_osc = 4891.69, a_osc = 2.043863e-04
DEBUG: Ridder field ENABLED. Lambda = 9.118505e-01
DEBUG: Ridder field ENABLED. Lambda = 9.118505e-01
BG_FUNC: a=7.14e-14 V=6.72e-02 factor_V=2.45e+58 factor_rho=5.62e-56 rho_eV2=1.64e+57 rho_final=9.23e+01
BG_FUNC: a=2.76e-12 V=6.72e-02 factor_V=2.45e+58 factor_rho=5.62e-56 rho_eV2=1.64e+57 rho_final=9.23e+01
BG_FUNC: a=1.10e-10 V=6.72e-02 factor_V=2.45e+58 factor_rho=5.62e-56 rho_eV2=1.64e+57 rho_final=9.23e+01
BG_FUNC: a=4.42e-09 V=6.72e-02 factor_V=2.45e+58 factor_rho=5.62e-56 rho_eV2=1.64e+57 rho_final=9.23e+01
BG_FUNC: a=1.77e-07 V=6.72e-02 factor_V=2.45e+58 factor_rho=5.62e-56 rho_eV2=1.64e+57 rho_final=9.23e+01
BG_FUNC: a=7.06e-06 V=6.72e-02 factor_V=2.45e+58 factor_rho=5.62e-56 rho_eV2=1.64e+57 rho_final=9.23e+01
RIDDER SWITCHING: z_osc = 3993.02, a_osc = 2.503743e-04
DEBUG: Ridder field ENABLED. Lambda = 6.178928e-01
DEBUG: Ridder field ENABLED. Lambda = 6.178928e-01
BG_FUNC: a=1.03e-14 V=1.42e-02 factor_V=2.45e+58 factor_rho=5.62e-56 rho_eV2=3.46e+56 rho_final=1.95e+01
BG_FUNC: a=3.83e-13 V=1.42e-02 factor_V=2.45e+58 factor_rho=5.62e-56 rho_eV2=3.46e+56 rho_final=1.95e+01
BG_FUNC: a=1.53e-11 V=1.42e-02 factor_V=2.45e+58 factor_rho=5.62e-56 rho_eV2=3.46e+56 rho_final=1.95e+01
BG_FUNC: a=6.02e-10 V=1.42e-02 factor_V=2.45e+58 factor_rho=5.62e-56 rho_eV2=3.46e+56 rho_final=1.95e+01
BG_FUNC: a=2.39e-08 V=1.42e-02 factor_V=2.45e+58 factor_rho=5.62e-56 rho_eV2=3.46e+56 rho_final=1.95e+01
BG_FUNC: a=9.45e-07 V=1.42e-02 factor_V=2.45e+58 factor_rho=5.62e-56 rho_eV2=3.46e+56 rho_final=1.95e+01
BG_FUNC: a=3.75e-05 V=1.42e-02 factor_V=2.45e+58 factor_rho=5.62e-56 rho_eV2=3.46e+56 rho_final=1.95e+01
RIDDER SWITCHING: z_osc = 2509.55, a_osc = 3.983196e-04
DEBUG: Ridder field ENABLED. Lambda = 1.053862e+00
DEBUG: Ridder field ENABLED. Lambda = 1.053862e+00
BG_FUNC: a=3.35e-14 V=1.20e-01 factor_V=2.45e+58 factor_rho=5.62e-56 rho_eV2=2.93e+57 rho_final=1.65e+02
BG_FUNC: a=1.27e-12 V=1.20e-01 factor_V=2.45e+58 factor_rho=5.62e-56 rho_eV2=2.93e+57 rho_final=1.65e+02
BG_FUNC: a=5.02e-11 V=1.20e-01 factor_V=2.45e+58 factor_rho=5.62e-56 rho_eV2=2.93e+57 rho_final=1.65e+02
BG_FUNC: a=1.99e-09 V=1.20e-01 factor_V=2.45e+58 factor_rho=5.62e-56 rho_eV2=2.93e+57 rho_final=1.65e+02
BG_FUNC: a=7.87e-08 V=1.20e-01 factor_V=2.45e+58 factor_rho=5.62e-56 rho_eV2=2.93e+57 rho_final=1.65e+02
BG_FUNC: a=3.12e-06 V=1.20e-01 factor_V=2.45e+58 factor_rho=5.62e-56 rho_eV2=2.93e+57 rho_final=1.65e+02
BG_FUNC: a=1.23e-04 V=1.02e-01 factor_V=2.45e+58 factor_rho=5.62e-56 rho_eV2=2.65e+57 rho_final=1.49e+02
RIDDER SWITCHING: z_osc = 4770.66, a_osc = 2.095705e-04
DEBUG: Ridder field ENABLED. Lambda = 5.132746e-01
DEBUG: Ridder field ENABLED. Lambda = 5.132746e-01
BG_FUNC: a=2.01e-13 V=6.74e-03 factor_V=2.45e+58 factor_rho=5.62e-56 rho_eV2=1.65e+56 rho_final=9.27e+00
BG_FUNC: a=8.17e-12 V=6.74e-03 factor_V=2.45e+58 factor_rho=5.62e-56 rho_eV2=1.65e+56 rho_final=9.27e+00
BG_FUNC: a=3.31e-10 V=6.74e-03 factor_V=2.45e+58 factor_rho=5.62e-56 rho_eV2=1.65e+56 rho_final=9.27e+00
BG_FUNC: a=1.34e-08 V=6.74e-03 factor_V=2.45e+58 factor_rho=5.62e-56 rho_eV2=1.65e+56 rho_final=9.27e+00
BG_FUNC: a=5.45e-07 V=6.74e-03 factor_V=2.45e+58 factor_rho=5.62e-56 rho_eV2=1.65e+56 rho_final=9.27e+00
BG_FUNC: a=2.21e-05 V=6.74e-03 factor_V=2.45e+58 factor_rho=5.62e-56 rho_eV2=1.65e+56 rho_final=9.27e+00
RIDDER SWITCHING: z_osc = 2006.29, a_osc = 4.981838e-04
DEBUG: Ridder field ENABLED. Lambda = 7.636771e-01
DEBUG: Ridder field ENABLED. Lambda = 7.636771e-01
BG_FUNC: a=1.61e-14 V=3.30e-02 factor_V=2.45e+58 factor_rho=5.62e-56 rho_eV2=8.08e+56 rho_final=4.54e+01
BG_FUNC: a=6.02e-13 V=3.30e-02 factor_V=2.45e+58 factor_rho=5.62e-56 rho_eV2=8.08e+56 rho_final=4.54e+01
BG_FUNC: a=2.39e-11 V=3.30e-02 factor_V=2.45e+58 fa[mcmc] Progress @ 2025-12-01 02:31:08 : 5844 steps taken, and 821 accepted.
ctor_rho=5.62e-56 rho_eV2=8.08e+56 rho_final=4.54e+01
BG_FUNC: a=9.50e-10 V=3.30e-02 factor_V=2.45e+58 factor_rho=5.62e-56 rho_eV2=8.08e+56 rho_final=4.54e+01
BG_FUNC: a=3.77e-08 V=3.30e-02 factor_V=2.45e+58 factor_rho=5.62e-56 rho_eV2=8.08e+56 rho_final=4.54e+01
BG_FUNC: a=1.50e-06 V=3.30e-02 factor_V=2.45e+58 factor_rho=5.62e-56 rho_eV2=8.08e+56 rho_final=4.54e+01
BG_FUNC: a=5.92e-05 V=3.29e-02 factor_V=2.45e+58 factor_rho=5.62e-56 rho_eV2=8.07e+56 rho_final=4.53e+01
RIDDER SWITCHING: z_osc = 3248.86, a_osc = 3.077057e-04
DEBUG: Ridder field ENABLED. Lambda = 2.671061e-01
DEBUG: Ridder field ENABLED. Lambda = 2.671061e-01
BG_FUNC: a=6.83e-14 V=4.94e-04 factor_V=2.45e+58 factor_rho=5.62e-56 rho_eV2=1.21e+55 rho_final=6.80e-01
BG_FUNC: a=2.55e-12 V=4.94e-04 factor_V=2.45e+58 factor_rho=5.62e-56 rho_eV2=1.21e+55 rho_final=6.80e-01
BG_FUNC: a=1.00e-10 V=4.94e-04 factor_V=2.45e+58 factor_rho=5.62e-56 rho_eV2=1.21e+55 rho_final=6.80e-01
BG_FUNC: a=3.93e-09 V=4.94e-04 factor_V=2.45e+58 factor_rho=5.62e-56 rho_eV2=1.21e+55 rho_final=6.80e-01
BG_FUNC: a=1.54e-07 V=4.94e-04 factor_V=2.45e+58 factor_rho=5.62e-56 rho_eV2=1.21e+55 rho_final=6.80e-01
BG_FUNC: a=6.06e-06 V=4.94e-04 factor_V=2.45e+58 factor_rho=5.62e-56 rho_eV2=1.21e+55 rho_final=6.80e-01
BG_FUNC: a=2.31e-04 V=4.91e-04 factor_V=2.45e+58 factor_rho=5.62e-56 rho_eV2=1.20e+55 rho_final=6.77e-01
RIDDER SWITCHING: z_osc = 871.14, a_osc = 1.146610e-03
DEBUG: Ridder field ENABLED. Lambda = 5.462348e-01
DEBUG: Ridder field ENABLED. Lambda = 5.462348e-01
BG_FUNC: a=7.26e-14 V=8.65e-03 factor_V=2.45e+58 factor_rho=5.62e-56 rho_eV2=2.11e+56 rho_final=1.19e+01
BG_FUNC: a=2.76e-12 V=8.65e-03 factor_V=2.45e+58 factor_rho=5.62e-56 rho_eV2=2.11e+56 rho_final=1.19e+01
BG_FUNC: a=1.10e-10 V=8.65e-03 factor_V=2.45e+58 factor_rho=5.62e-56 rho_eV2=2.11e+56 rho_final=1.19e+01
BG_FUNC: a=4.36e-09 V=8.65e-03 factor_V=2.45e+58 factor_rho=5.62e-56 rho_eV2=2.11e+56 rho_final=1.19e+01
BG_FUNC: a=1.73e-07 V=8.65e-03 factor_V=2.45e+58 factor_rho=5.62e-56 rho_eV2=2.11e+56 rho_final=1.19e+01
BG_FUNC: a=6.88e-06 V=8.65e-03 factor_V=2.45e+58 factor_rho=5.62e-56 rho_eV2=2.11e+56 rho_final=1.19e+01
BG_FUNC: a=2.70e-04 V=6.99e-03 factor_V=2.45e+58 factor_rho=5.62e-56 rho_eV2=1.85e+56 rho_final=1.04e+01
RIDDER SWITCHING: z_osc = 2174.27, a_osc = 4.597134e-04
DEBUG: Ridder field ENABLED. Lambda = 6.058841e-01
DEBUG: Ridder field ENABLED. Lambda = 6.058841e-01
BG_FUNC: a=2.01e-13 V=1.31e-02 factor_V=2.45e+58 factor_rho=5.62e-56 rho_eV2=3.20e+56 rho_final=1.80e+01
BG_FUNC: a=7.98e-12 V=1.31e-02 factor_V=2.45e+58 factor_rho=5.62e-56 rho_eV2=3.20e+56 rho_final=1.80e+01
BG_FUNC: a=3.17e-10 V=1.31e-02 factor_V=2.45e+58 factor_rho=5.62e-56 rho_eV2=3.20e+56 rho_final=1.80e+01
BG_FUNC: a=1.25e-08 V=1.31e-02 factor_V=2.45e+58 factor_rho=5.62e-56 rho_eV2=3.20e+56 rho_final=1.80e+01
BG_FUNC: a=4.97e-07 V=1.31e-02 factor_V=2.45e+58 factor_rho=5.62e-56 rho_eV2=3.20e+56 rho_final=1.80e+01
BG_FUNC: a=1.97e-05 V=1.31e-02 factor_V=2.45e+58 factor_rho=5.62e-56 rho_eV2=3.20e+56 rho_final=1.80e+01
RIDDER SWITCHING: z_osc = 2493.17, a_osc = 4.009355e-04
DEBUG: Ridder field ENABLED. Lambda = 7.407410e-01
DEBUG: Ridder field ENABLED. Lambda = 7.407410e-01
BG_FUNC: a=1.77e-14 V=2.92e-02 factor_V=2.45e+58 factor_rho=5.62e-56 rho_eV2=7.15e+56 rho_final=4.02e+01
BG_FUNC: a=6.66e-13 V=2.92e-02 factor_V=2.45e+58 factor_rho=5.62e-56 rho_eV2=7.15e+56 rho_final=4.02e+01
BG_FUNC: a=2.64e-11 V=2.92e-02 factor_V=2.45e+58 factor_rho=5.62e-56 rho_eV2=7.15e+56 rho_final=4.02e+01
BG_FUNC: a=1.05e-09 V=2.92e-02 factor_V=2.45e+58 factor_rho=5.62e-56 rho_eV2=7.15e+56 rho_final=4.02e+01
BG_FUNC: a=4.15e-08 V=2.92e-02 factor_V=2.45e+58 factor_rho=5.62e-56 rho_eV2=7.15e+56 rho_final=4.02e+01
BG_FUNC: a=1.64e-06 V=2.92e-02 factor_V=2.45e+58 factor_rho=5.62e-56 rho_eV2=7.15e+56 rho_final=4.02e+01
BG_FUNC: a=6.47e-05 V=2.91e-02 factor_V=2.45e+58 factor_rho=5.62e-56 rho_eV2=7.14e+56 rho_final=4.01e+01
RIDDER SWITCHING: z_osc = 3150.50, a_osc = 3.173096e-04
DEBUG: Ridder field ENABLED. Lambda = 4.154080e-01
DEBUG: Ridder field ENABLED. Lambda = 4.154080e-01
BG_FUNC: a=7.18e-14 V=2.89e-03 factor_V=2.45e+58 factor_rho=5.62e-56 rho_eV2=7.07e+55 rho_final=3.98e+00
BG_FUNC: a=2.79e-12 V=2.89e-03 factor_V=2.45e+58 factor_rho=5.62e-56 rho_eV2=7.07e+55 rho_final=3.98e+00
BG_FUNC: a=1.13e-10 V=2.89e-03 factor_V=2.45e+58 factor_rho=5.62e-56 rho_eV2=7.07e+55 rho_final=3.98e+00
BG_FUNC: a=4.60e-09 V=2.89e-03 factor_V=2.45e+58 factor_rho=5.62e-56 rho_eV2=7.07e+55 rho_final=3.98e+00
BG_FUNC: a=1.86e-07 V=2.89e-03 factor_V=2.45e+58 factor_rho=5.62e-56 rho_eV2=7.07e+55 rho_final=3.98e+00
BG_FUNC: a=7.56e-06 V=2.89e-03 factor_V=2.45e+58 factor_rho=5.62e-56 rho_eV2=7.07e+55 rho_final=3.98e+00
BG_FUNC: a=3.08e-04 V=2.58e-03 factor_V=2.45e+58 factor_rho=5.62e-56 rho_eV2=6.58e+55 rho_final=3.70e+00
RIDDER SWITCHING: z_osc = 1546.25, a_osc = 6.463095e-04
DEBUG: Ridder field ENABLED. Lambda = 5.964826e-01
DEBUG: Ridder field ENABLED. Lambda = 5.964826e-01
BG_FUNC: a=1.63e-13 V=1.23e-02 factor_V=2.45e+58 factor_rho=5.62e-56 rho_eV2=3.01e+56 rho_final=1.69e+01
BG_FUNC: a=6.55e-12 V=1.23e-02 factor_V=2.45e+58 factor_rho=5.62e-56 rho_eV2=3.01e+56 rho_final=1.69e+01
BG_FUNC: a=2.63e-10 V=1.23e-02 factor_V=2.45e+58 factor_rho=5.62e-56 rho_eV2=3.01e+56 rho_final=1.69e+01
BG_FUNC: a=1.05e-08 V=1.23e-02 factor_V=2.45e+58 factor_rho=5.62e-56 rho_eV2=3.01e+56 rho_final=1.69e+01
BG_FUNC: a=4.22e-07 V=1.23e-02 factor_V=2.45e+58 factor_rho=5.62e-56 rho_eV2=3.01e+56 rho_final=1.69e+01
BG_FUNC: a=1.69e-05 V=1.23e-02 factor_V=2.45e+58 factor_rho=5.62e-56 rho_eV2=3.01e+56 rho_final=1.69e+01
RIDDER SWITCHING: z_osc = 2426.70, a_osc = 4.119129e-04
DEBUG: Ridder field ENABLED. Lambda = 6.660325e-01
DEBUG: Ridder field ENABLED. Lambda = 6.660325e-01
BG_FUNC: a=1.50e-14 V=1.91e-02 factor_V=2.45e+58 factor_rho=5.62e-56 rho_eV2=4.67e+56 rho_final=2.63e+01
BG_FUNC: a=5.60e-13 V=1.91e-02 factor_V=2.45e+58 factor_rho=5.62e-56 rho_eV2=4.67e+56 rho_final=2.63e+01
BG_FUNC: a=2.27e-11 V=1.91e-02 factor_V=2.45e+58 factor_rho=5.62e-56 rho_eV2=4.67e+56 rho_final=2.63e+01
BG_FUNC: a=9.00e-10 V=1.91e-02 factor_V=2.45e+58 factor_rho=5.62e-56 rho_eV2=4.67e+56 rho_final=2.63e+01
BG_FUNC: a=3.61e-08 V=1.91e-02 factor_V=2.45e+58 factor_rho=5.62e-56 rho_eV2=4.67e+56 rho_final=2.63e+01
BG_FUNC: a=1.45e-06 V=1.91e-02 factor_V=2.45e+58 factor_rho=5.62e-56 rho_eV2=4.67e+56 rho_final=2.63e+01
BG_FUNC: a=5.79e-05 V=1.91e-02 factor_V=2.45e+58 factor_rho=5.62e-56 rho_eV2=4.67e+56 rho_final=2.63e+01
RIDDER SWITCHING: z_osc = 2774.61, a_osc = 3.602807e-04
DEBUG: Ridder field ENABLED. Lambda = 7.120242e-01
DEBUG: Ridder field ENABLED. Lambda = 7.120242e-01
BG_FUNC: a=5.71e-14 V=2.50e-02 factor_V=2.45e+58 factor_rho=5.62e-56 rho_eV2=6.11e+56 rho_final=3.43e+01
BG_FUNC: a=2.21e-12 V=2.50e-02 factor_V=2.45e+58 factor_rho=5.62e-56 rho_eV2=6.11e+56 rho_final=3.43e+01
BG_FUNC: a=8.90e-11 V=2.50e-02 factor_V=2.45e+58 factor_rho=5.62e-56 rho_eV2=6.11e+56 rho_final=3.43e+01
BG_FUNC: a=3.58e-09 V=2.50e-02 factor_V=2.45e+58 factor_rho=5.62e-56 rho_eV2=6.11e+56 rho_final=3.43e+01
BG_FUNC: a=1.44e-07 V=2.50e-02 factor_V=2.45e+58 factor_rho=5.62e-56 rho_eV2=6.11e+56 rho_final=3.43e+01
BG_FUNC: a=5.81e-06 V=2.50e-02 factor_V=2.45e+58 factor_rho=5.62e-56 rho_eV2=6.11e+56 rho_final=3.43e+01
BG_FUNC: a=2.32e-04 V=1.75e-02 factor_V=2.45e+58 factor_rho=5.62e-56 rho_eV2=4.90e+56 rho_final=2.76e+01
RIDDER SWITCHING: z_osc = 3032.37, a_osc = 3.296668e-04
DEBUG: Ridder field ENABLED. Lambda = 5.989122e-01
DEBUG: Ridder field ENABLED. Lambda = 5.989122e-01
BG_FUNC: a=2.42e-13 V=1.25e-02 factor_V=2.45e+58 factor_rho=5.62e-56 rho_eV2=3.06e+56 rho_final=1.72e+01
BG_FUNC: a=9.60e-12 V=1.25e-02 factor_V=2.45e+58 factor_rho=5.62e-56 rho_eV2=3.06e+56 rho_final=1.72e+01
BG_FUNC: a=3.81e-10 V=1.25e-02 factor_V=2.45e+58 factor_rho=5.62e-56 rho_eV2=3.06e+56 rho_final=1.72e+01
BG_FUNC: a=1.51e-08 V=1.25e-02 factor_V=2.45e+58 factor_rho=5.62e-56 rho_eV2=3.06e+56 rho_final=1.72e+01
BG_FUNC: a=6.00e-07 V=1.25e-02 factor_V=2.45e+58 factor_rho=5.62e-56 rho_eV2=3.06e+56 rho_final=1.72e+01
BG_FUNC: a=2.38e-05 V=1.25e-02 factor_V=2.45e+58 factor_rho=5.62e-56 rho_eV2=3.06e+56 rho_final=1.72e+01
RIDDER SWITCHING: z_osc = 2439.48, a_osc = 4.097553e-04
DEBUG: Ridder field ENABLED. Lambda = 7.804946e-01
DEBUG: Ridder field ENABLED. Lambda = 7.804946e-01
BG_FUNC: a=2.09e-14 V=3.60e-02 factor_V=2.45e+58 factor_rho=5.62e-56 rho_eV2=8.81e+56 rho_final=4.96e+01
BG_FUNC: a=7.90e-13 V=3.60e-02 factor_V=2.45e+58 factor_rho=5.62e-56 rho_eV2=8.81e+56 rho_final=4.96e+01
BG_FUNC: a=3.15e-11 V=3.60e-02 factor_V=2.45e+58 factor_rho=5.62e-56 rho_eV2=8.81e+56 rho_final=4.96e+01
BG_FUNC: a=1.25e-09 V=3.60e-02 factor_V=2.45e+58 factor_rho=5.62e-56 rho_eV2=8.81e+56 rho_final=4.96e+01
BG_FUNC: a=4.98e-08 V=3.60e-02 factor_V=2.45e+58 factor_rho=5.62e-56 rho_eV2=8.81e+56 rho_final=4.96e+01
BG_FUNC: a=1.98e-06 V=3.60e-02 factor_V=2.45e+58 factor_rho=5.62e-56 rho_eV2=8.81e+56 rho_final=4.96e+01
BG_FUNC: a=7.85e-05 V=3.57e-02 factor_V=2.45e+58 factor_rho=5.62e-56 rho_eV2=8.77e+56 rho_final=4.93e+01
RIDDER SWITCHING: z_osc = 3343.15, a_osc = 2.990300e-04
DEBUG: Ridder field ENABLED. Lambda = 6.443145e-01
DEBUG: Ridder field ENABLED. Lambda = 6.443145e-01
BG_FUNC: a=9.19e-14 V=1.67e-02 factor_V=2.45e+58 factor_rho=5.62e-56 rho_eV2=4.09e+56 rho_final=2.30e+01
BG_FUNC: a=3.60e-12 V=1.67e-02 factor_V=2.45e+58 factor_rho=5.62e-56 rho_eV2=4.09e+56 rho_final=2.30e+01
BG_FUNC: a=1.44e-10 V=1.67e-02 factor_V=2.45e+58 factor_rho=5.62e-56 rho_eV2=4.09e+56 rho_final=2.30e+01
BG_FUNC: a=5.78e-09 V=1.67e-02 factor_V=2.45e+58 factor_rho=5.62e-56 rho_eV2=4.09e+56 rho_final=2.30e+01
BG_FUNC: a=2.32e-07 V=1.67e-02 factor_V=2.45e+58 factor_rho=5.62e-56 rho_eV2=4.09e+56 rho_final=2.30e+01
BG_FUNC: a=9.30e-06 V=1.67e-02 factor_V=2.45e+58 factor_rho=5.62e-56 rho_eV2=4.09e+56 rho_final=2.30e+01
BG_FUNC: a=3.65e-04 V=5.70e-03 factor_V=2.45e+58 factor_rho=5.62e-56 rho_eV2=2.11e+56 rho_final=1.18e+01
RIDDER SWITCHING: z_osc = 2651.31, a_osc = 3.770301e-04
DEBUG: Ridder field ENABLED. Lambda = 6.272451e-01
DEBUG: Ridder field ENABLED. Lambda = 6.272451e-01
BG_FUNC: a=3.38e-13 V=1.50e-02 factor_V=2.45e+58 factor_rho=5.62e-56 rho_eV2=3.68e+56 rho_final=2.07e+01
BG_FUNC: a=1.34e-11 V=1.50e-02 factor_V=2.45e+58 factor_rho=5.62e-56 rho_eV2=3.68e+56 rho_final=2.07e+01
BG_FUNC: a=5.31e-10 V=1.50e-02 factor_V=2.45e+58 factor_rho=5.62e-56 rho_eV2=3.68e+56 rho_final=2.07e+01
BG_FUNC: a=2.11e-08 V=1.50e-02 factor_V=2.45e+58 factor_rho=5.62e-56 rho_eV2=3.68e+56 rho_final=2.07e+01
BG_FUNC: a=8.34e-07 V=1.50e-02 factor_V=2.45e+58 factor_rho=5.62e-56 rho_eV2=3.68e+56 rho_final=2.07e+01
BG_FUNC: a=3.31e-05 V=1.50e-02 factor_V=2.45e+58 factor_rho=5.62e-56 rho_eV2=3.68e+56 rho_final=2.07e+01
RIDDER SWITCHING: z_osc = 2571.79, a_osc = 3.886829e-04
DEBUG: Ridder field ENABLED. Lambda = 9.060513e-01
DEBUG: Ridder field ENABLED. Lambda = 9.060513e-01
BG_FUNC: a=3.01e-14 V=6.55e-02 factor_V=2.45e+58 factor_rho=5.62e-56 rho_eV2=1.60e+57 rho_final=9.00e+01
BG_FUNC: a=1.14e-12 V=6.55e-02 factor_V=2.45e+58 factor_rho=5.62e-56 rho_eV2=1.60e+57 rho_final=9.00e+01
BG_FUNC: a=4.53e-11 V=6.55e-02 factor_V=2.45e+58 factor_rho=5.62e-56 rho_eV2=1.60e+57 rho_final=9.00e+01
BG_FUNC: a=1.79e-09 V=6.55e-02 factor_V=2.45e+58 factor_rho=5.62e-56 rho_eV2=1.60e+57 rho_final=9.00e+01
BG_FUNC: a=7.11e-08 V=6.55e-02 factor_V=2.45e+58 factor_rho=5.62e-56 rho_eV2=1.60e+57 rho_final=9.00e+01
BG_FUNC: a=2.82e-06 V=6.55e-02 factor_V=2.45e+58 factor_rho=5.62e-56 rho_eV2=1.60e+57 rho_final=9.00e+01
BG_FUNC: a=1.11e-04 V=6.16e-02 factor_V=2.45e+58 factor_rho=5.62e-56 rho_eV2=1.54e+57 rho_final=8.67e+01
RIDDER SWITCHING: z_osc = 3963.79, a_osc = 2.522203e-04
DEBUG: Ridder field ENABLED. Lambda = 4.016199e-01
DEBUG: Ridder field ENABLED. Lambda = 4.016199e-01
BG_FUNC: a=1.49e-13 V=2.53e-03 factor_V=2.45e+58 factor_rho=5.62e-56 rho_eV2=6.18e+55 rho_final=3.47e+00
BG_FUNC: a=5.88e-12 V=2.53e-03 factor_V=2.45e+58 factor_rho=5.62e-56 rho_eV2=6.18e+55 rho_final=3.47e+00
BG_FUNC: a=2.29e-10 V=2.53e-03 factor_V=2.45e+58 factor_rho=5.62e-56 rho_eV2=6.18e+55 rho_final=3.47e+00
BG_FUNC: a=9.00e-09 V=2.53e-03 factor_V=2.45e+58 factor_rho=5.62e-56 rho_eV2=6.18e+55 rho_final=3.47e+00
BG_FUNC: a=3.53e-07 V=2.53e-03 factor_V=2.45e+58[mcmc] Progress @ 2025-12-01 02:32:11 : 6026 steps taken, and 853 accepted.
 factor_rho=5.62e-56 rho_eV2=6.18e+55 rho_final=3.47e+00
BG_FUNC: a=1.38e-05 V=2.53e-03 factor_V=2.45e+58 factor_rho=5.62e-56 rho_eV2=6.18e+55 rho_final=3.47e+00
BG_FUNC: a=5.27e-04 V=1.34e-03 factor_V=2.45e+58 factor_rho=5.62e-56 rho_eV2=4.15e+55 rho_final=2.34e+00
RIDDER SWITCHING: z_osc = 1491.44, a_osc = 6.700423e-04
DEBUG: Ridder field ENABLED. Lambda = 5.723292e-01
DEBUG: Ridder field ENABLED. Lambda = 5.723292e-01
BG_FUNC: a=2.72e-13 V=1.04e-02 factor_V=2.45e+58 factor_rho=5.62e-56 rho_eV2=2.55e+56 rho_final=1.43e+01
BG_FUNC: a=1.08e-11 V=1.04e-02 factor_V=2.45e+58 factor_rho=5.62e-56 rho_eV2=2.55e+56 rho_final=1.43e+01
BG_FUNC: a=4.29e-10 V=1.04e-02 factor_V=2.45e+58 factor_rho=5.62e-56 rho_eV2=2.55e+56 rho_final=1.43e+01
BG_FUNC: a=1.70e-08 V=1.04e-02 factor_V=2.45e+58 factor_rho=5.62e-56 rho_eV2=2.55e+56 rho_final=1.43e+01
BG_FUNC: a=6.75e-07 V=1.04e-02 factor_V=2.45e+58 factor_rho=5.62e-56 rho_eV2=2.55e+56 rho_final=1.43e+01
BG_FUNC: a=2.68e-05 V=1.04e-02 factor_V=2.45e+58 factor_rho=5.62e-56 rho_eV2=2.55e+56 rho_final=1.43e+01
RIDDER SWITCHING: z_osc = 2302.99, a_osc = 4.340304e-04
DEBUG: Ridder field ENABLED. Lambda = 6.296610e-01
DEBUG: Ridder field ENABLED. Lambda = 6.296610e-01
BG_FUNC: a=2.21e-14 V=1.53e-02 factor_V=2.45e+58 factor_rho=5.62e-56 rho_eV2=3.73e+56 rho_final=2.10e+01
BG_FUNC: a=8.36e-13 V=1.53e-02 factor_V=2.45e+58 factor_rho=5.62e-56 rho_eV2=3.73e+56 rho_final=2.10e+01
BG_FUNC: a=3.34e-11 V=1.53e-02 factor_V=2.45e+58 factor_rho=5.62e-56 rho_eV2=3.73e+56 rho_final=2.10e+01
BG_FUNC: a=1.34e-09 V=1.53e-02 factor_V=2.45e+58 factor_rho=5.62e-56 rho_eV2=3.73e+56 rho_final=2.10e+01
BG_FUNC: a=5.34e-08 V=1.53e-02 factor_V=2.45e+58 factor_rho=5.62e-56 rho_eV2=3.73e+56 rho_final=2.10e+01
BG_FUNC: a=2.14e-06 V=1.53e-02 factor_V=2.45e+58 factor_rho=5.62e-56 rho_eV2=3.73e+56 rho_final=2.10e+01
BG_FUNC: a=8.50e-05 V=1.52e-02 factor_V=2.45e+58 factor_rho=5.62e-56 rho_eV2=3.72e+56 rho_final=2.09e+01
RIDDER SWITCHING: z_osc = 2589.00, a_osc = 3.861000e-04
DEBUG: Ridder field ENABLED. Lambda = 8.992173e-01
DEBUG: Ridder field ENABLED. Lambda = 8.992173e-01
BG_FUNC: a=7.76e-14 V=6.35e-02 factor_V=2.45e+58 factor_rho=5.62e-56 rho_eV2=1.55e+57 rho_final=8.73e+01
BG_FUNC: a=2.98e-12 V=6.35e-02 factor_V=2.45e+58 factor_rho=5.62e-56 rho_eV2=1.55e+57 rho_final=8.73e+01
BG_FUNC: a=1.18e-10 V=6.35e-02 factor_V=2.45e+58 factor_rho=5.62e-56 rho_eV2=1.55e+57 rho_final=8.73e+01
BG_FUNC: a=4.69e-09 V=6.35e-02 factor_V=2.45e+58 factor_rho=5.62e-56 rho_eV2=1.55e+57 rho_final=8.73e+01
BG_FUNC: a=1.88e-07 V=6.35e-02 factor_V=2.45e+58 factor_rho=5.62e-56 rho_eV2=1.55e+57 rho_final=8.73e+01
BG_FUNC: a=7.38e-06 V=6.35e-02 factor_V=2.45e+58 factor_rho=5.62e-56 rho_eV2=1.55e+57 rho_final=8.73e+01
RIDDER SWITCHING: z_osc = 3949.50, a_osc = 2.531326e-04
DEBUG: Ridder field ENABLED. Lambda = 6.298382e-01
DEBUG: Ridder field ENABLED. Lambda = 6.298382e-01
BG_FUNC: a=1.07e-14 V=1.53e-02 factor_V=2.45e+58 factor_rho=5.62e-56 rho_eV2=3.74e+56 rho_final=2.10e+01
BG_FUNC: a=3.96e-13 V=1.53e-02 factor_V=2.45e+58 factor_rho=5.62e-56 rho_eV2=3.74e+56 rho_final=2.10e+01
BG_FUNC: a=1.59e-11 V=1.53e-02 factor_V=2.45e+58 factor_rho=5.62e-56 rho_eV2=3.74e+56 rho_final=2.10e+01
BG_FUNC: a=6.34e-10 V=1.53e-02 factor_V=2.45e+58 factor_rho=5.62e-56 rho_eV2=3.74e+56 rho_final=2.10e+01
BG_FUNC: a=2.53e-08 V=1.53e-02 factor_V=2.45e+58 factor_rho=5.62e-56 rho_eV2=3.74e+56 rho_final=2.10e+01
BG_FUNC: a=1.01e-06 V=1.53e-02 factor_V=2.45e+58 factor_rho=5.62e-56 rho_eV2=3.74e+56 rho_final=2.10e+01
BG_FUNC: a=4.05e-05 V=1.53e-02 factor_V=2.45e+58 factor_rho=5.62e-56 rho_eV2=3.74e+56 rho_final=2.10e+01
RIDDER SWITCHING: z_osc = 2587.75, a_osc = 3.862864e-04
DEBUG: Ridder field ENABLED. Lambda = 5.536608e-01
DEBUG: Ridder field ENABLED. Lambda = 5.536608e-01
BG_FUNC: a=3.77e-14 V=9.13e-03 factor_V=2.45e+58 factor_rho=5.62e-56 rho_eV2=2.23e+56 rho_final=1.25e+01
BG_FUNC: a=1.42e-12 V=9.13e-03 factor_V=2.45e+58 factor_rho=5.62e-56 rho_eV2=2.23e+56 rho_final=1.25e+01
BG_FUNC: a=5.64e-11 V=9.13e-03 factor_V=2.45e+58 factor_rho=5.62e-56 rho_eV2=2.23e+56 rho_final=1.25e+01
BG_FUNC: a=2.25e-09 V=9.13e-03 factor_V=2.45e+58 factor_rho=5.62e-56 rho_eV2=2.23e+56 rho_final=1.25e+01
BG_FUNC: a=8.85e-08 V=9.13e-03 factor_V=2.45e+58 factor_rho=5.62e-56 rho_eV2=2.23e+56 rho_final=1.25e+01
BG_FUNC: a=3.51e-06 V=9.13e-03 factor_V=2.45e+58 factor_rho=5.62e-56 rho_eV2=2.23e+56 rho_final=1.25e+01
BG_FUNC: a=1.38e-04 V=8.96e-03 factor_V=2.45e+58 factor_rho=5.62e-56 rho_eV2=2.21e+56 rho_final=1.24e+01
RIDDER SWITCHING: z_osc = 2204.84, a_osc = 4.533410e-04
DEBUG: Ridder field ENABLED. Lambda = 3.830448e-01
DEBUG: Ridder field ENABLED. Lambda = 3.830448e-01
BG_FUNC: a=1.03e-13 V=2.09e-03 factor_V=2.45e+58 factor_rho=5.62e-56 rho_eV2=5.11e+55 rho_final=2.87e+00
BG_FUNC: a=4.03e-12 V=2.09e-03 factor_V=2.45e+58 factor_rho=5.62e-56 rho_eV2=5.11e+55 rho_final=2.87e+00
BG_FUNC: a=1.58e-10 V=2.09e-03 factor_V=2.45e+58 factor_rho=5.62e-56 rho_eV2=5.11e+55 rho_final=2.87e+00
BG_FUNC: a=6.21e-09 V=2.09e-03 factor_V=2.45e+58 factor_rho=5.62e-56 rho_eV2=5.11e+55 rho_final=2.87e+00
BG_FUNC: a=2.44e-07 V=2.09e-03 factor_V=2.45e+58 factor_rho=5.62e-56 rho_eV2=5.11e+55 rho_final=2.87e+00
BG_FUNC: a=9.55e-06 V=2.09e-03 factor_V=2.45e+58 factor_rho=5.62e-56 rho_eV2=5.11e+55 rho_final=2.87e+00
BG_FUNC: a=3.66e-04 V=1.79e-03 factor_V=2.45e+58 factor_rho=5.62e-56 rho_eV2=4.64e+55 rho_final=2.61e+00
RIDDER SWITCHING: z_osc = 1396.02, a_osc = 7.158087e-04
DEBUG: Ridder field ENABLED. Lambda = 7.200678e-01
DEBUG: Ridder field ENABLED. Lambda = 7.200678e-01
BG_FUNC: a=1.76e-13 V=2.61e-02 factor_V=2.45e+58 factor_rho=5.62e-56 rho_eV2=6.39e+56 rho_final=3.59e+01
BG_FUNC: a=7.06e-12 V=2.61e-02 factor_V=2.45e+58 factor_rho=5.62e-56 rho_eV2=6.39e+56 rho_final=3.59e+01
BG_FUNC: a=2.83e-10 V=2.61e-02 factor_V=2.45e+58 factor_rho=5.62e-56 rho_eV2=6.39e+56 rho_final=3.59e+01
BG_FUNC: a=1.14e-08 V=2.61e-02 factor_V=2.45e+58 factor_rho=5.62e-56 rho_eV2=6.39e+56 rho_final=3.59e+01
BG_FUNC: a=4.56e-07 V=2.61e-02 factor_V=2.45e+58 factor_rho=5.62e-56 rho_eV2=6.39e+56 rho_final=3.59e+01
BG_FUNC: a=1.83e-05 V=2.61e-02 factor_V=2.45e+58 factor_rho=5.62e-56 rho_eV2=6.39e+56 rho_final=3.59e+01
RIDDER SWITCHING: z_osc = 3059.54, a_osc = 3.267393e-04
DEBUG: Ridder field ENABLED. Lambda = 4.576567e-01
DEBUG: Ridder field ENABLED. Lambda = 4.576567e-01
BG_FUNC: a=2.04e-14 V=4.26e-03 factor_V=2.45e+58 factor_rho=5.62e-56 rho_eV2=1.04e+56 rho_final=5.86e+00
BG_FUNC: a=7.75e-13 V=4.26e-03 factor_V=2.45e+58 factor_rho=5.62e-56 rho_eV2=1.04e+56 rho_final=5.86e+00
BG_FUNC: a=3.14e-11 V=4.26e-03 factor_V=2.45e+58 factor_rho=5.62e-56 rho_eV2=1.04e+56 rho_final=5.86e+00
BG_FUNC: a=1.28e-09 V=4.26e-03 factor_V=2.45e+58 factor_rho=5.62e-56 rho_eV2=1.04e+56 rho_final=5.86e+00
BG_FUNC: a=5.15e-08 V=4.26e-03 factor_V=2.45e+58 factor_rho=5.62e-56 rho_eV2=1.04e+56 rho_final=5.86e+00
BG_FUNC: a=2.08e-06 V=4.26e-03 factor_V=2.45e+58 factor_rho=5.62e-56 rho_eV2=1.04e+56 rho_final=5.86e+00
BG_FUNC: a=8.44e-05 V=4.26e-03 factor_V=2.45e+58 factor_rho=5.62e-56 rho_eV2=1.04e+56 rho_final=5.85e+00
RIDDER SWITCHING: z_osc = 1742.61, a_osc = 5.735243e-04
DEBUG: Ridder field ENABLED. Lambda = 6.067567e-01
DEBUG: Ridder field ENABLED. Lambda = 6.067567e-01
BG_FUNC: a=5.18e-14 V=1.32e-02 factor_V=2.45e+58 factor_rho=5.62e-56 rho_eV2=3.22e+56 rho_final=1.81e+01
BG_FUNC: a=1.98e-12 V=1.32e-02 factor_V=2.45e+58 factor_rho=5.62e-56 rho_eV2=3.22e+56 rho_final=1.81e+01
BG_FUNC: a=7.85e-11 V=1.32e-02 factor_V=2.45e+58 factor_rho=5.62e-56 rho_eV2=3.22e+56 rho_final=1.81e+01
BG_FUNC: a=3.12e-09 V=1.32e-02 factor_V=2.45e+58 factor_rho=5.62e-56 rho_eV2=3.22e+56 rho_final=1.81e+01
BG_FUNC: a=1.24e-07 V=1.32e-02 factor_V=2.45e+58 factor_rho=5.62e-56 rho_eV2=3.22e+56 rho_final=1.81e+01
BG_FUNC: a=4.91e-06 V=1.32e-02 factor_V=2.45e+58 factor_rho=5.62e-56 rho_eV2=3.22e+56 rho_final=1.81e+01
BG_FUNC: a=1.94e-04 V=1.19e-02 factor_V=2.45e+58 factor_rho=5.62e-56 rho_eV2=3.03e+56 rho_final=1.70e+01
RIDDER SWITCHING: z_osc = 2472.68, a_osc = 4.042556e-04
DEBUG: Ridder field ENABLED. Lambda = 3.002561e-01
DEBUG: Ridder field ENABLED. Lambda = 3.002561e-01
BG_FUNC: a=1.64e-13 V=7.90e-04 factor_V=2.45e+58 factor_rho=5.62e-56 rho_eV2=1.93e+55 rho_final=1.09e+00
BG_FUNC: a=6.39e-12 V=7.90e-04 factor_V=2.45e+58 factor_rho=5.62e-56 rho_eV2=1.93e+55 rho_final=1.09e+00
BG_FUNC: a=2.51e-10 V=7.90e-04 factor_V=2.45e+58 factor_rho=5.62e-56 rho_eV2=1.93e+55 rho_final=1.09e+00
BG_FUNC: a=9.85e-09 V=7.90e-04 factor_V=2.45e+58 factor_rho=5.62e-56 rho_eV2=1.93e+55 rho_final=1.09e+00
BG_FUNC: a=3.87e-07 V=7.90e-04 factor_V=2.45e+58 factor_rho=5.62e-56 rho_eV2=1.93e+55 rho_final=1.09e+00
BG_FUNC: a=1.51e-05 V=7.90e-04 factor_V=2.45e+58 factor_rho=5.62e-56 rho_eV2=1.93e+55 rho_final=1.09e+00
BG_FUNC: a=5.82e-04 V=5.96e-04 factor_V=2.45e+58 factor_rho=5.62e-56 rho_eV2=1.62e+55 rho_final=9.09e-01
RIDDER SWITCHING: z_osc = 1001.45, a_osc = 9.975577e-04
DEBUG: Ridder field ENABLED. Lambda = 1.180917e+00
DEBUG: Ridder field ENABLED. Lambda = 1.180917e+00
BG_FUNC: a=2.00e-13 V=1.89e-01 factor_V=2.45e+58 factor_rho=5.62e-56 rho_eV2=4.62e+57 rho_final=2.60e+02
BG_FUNC: a=7.93e-12 V=1.89e-01 factor_V=2.45e+58 factor_rho=5.62e-56 rho_eV2=4.62e+57 rho_final=2.60e+02
BG_FUNC: a=3.15e-10 V=1.89e-01 factor_V=2.45e+58 factor_rho=5.62e-56 rho_eV2=4.62e+57 rho_final=2.60e+02
BG_FUNC: a=1.25e-08 V=1.89e-01 factor_V=2.45e+58 factor_rho=5.62e-56 rho_eV2=4.62e+57 rho_final=2.60e+02
BG_FUNC: a=4.95e-07 V=1.89e-01 factor_V=2.45e+58 factor_rho=5.62e-56 rho_eV2=4.62e+57 rho_final=2.60e+02
BG_FUNC: a=1.96e-05 V=1.89e-01 factor_V=2.45e+58 factor_rho=5.62e-56 rho_eV2=4.62e+57 rho_final=2.60e+02
RIDDER SWITCHING: z_osc = 5375.34, a_osc = 1.860003e-04
DEBUG: Ridder field ENABLED. Lambda = 5.235876e-01
DEBUG: Ridder field ENABLED. Lambda = 5.235876e-01
BG_FUNC: a=3.75e-14 V=7.30e-03 factor_V=2.45e+58 factor_rho=5.62e-56 rho_eV2=1.79e+56 rho_final=1.00e+01
BG_FUNC: a=1.41e-12 V=7.30e-03 factor_V=2.45e+58 factor_rho=5.62e-56 rho_eV2=1.79e+56 rho_final=1.00e+01
BG_FUNC: a=5.51e-11 V=7.30e-03 factor_V=2.45e+58 factor_rho=5.62e-56 rho_eV2=1.79e+56 rho_final=1.00e+01
BG_FUNC: a=2.16e-09 V=7.30e-03 factor_V=2.45e+58 factor_rho=5.62e-56 rho_eV2=1.79e+56 rho_final=1.00e+01
BG_FUNC: a=8.47e-08 V=7.30e-03 factor_V=2.45e+58 factor_rho=5.62e-56 rho_eV2=1.79e+56 rho_final=1.00e+01
BG_FUNC: a=3.32e-06 V=7.30e-03 factor_V=2.45e+58 factor_rho=5.62e-56 rho_eV2=1.79e+56 rho_final=1.00e+01
BG_FUNC: a=1.26e-04 V=7.22e-03 factor_V=2.45e+58 factor_rho=5.62e-56 rho_eV2=1.77e+56 rho_final=9.97e+00
RIDDER SWITCHING: z_osc = 2062.05, a_osc = 4.847191e-04
DEBUG: Ridder field ENABLED. Lambda = 8.118436e-01
DEBUG: Ridder field ENABLED. Lambda = 8.118436e-01
BG_FUNC: a=8.98e-14 V=4.22e-02 factor_V=2.45e+58 factor_rho=5.62e-56 rho_eV2=1.03e+57 rho_final=5.80e+01
BG_FUNC: a=3.52e-12 V=4.22e-02 factor_V=2.45e+58 factor_rho=5.62e-56 rho_eV2=1.03e+57 rho_final=5.80e+01
BG_FUNC: a=1.40e-10 V=4.22e-02 factor_V=2.45e+58 factor_rho=5.62e-56 rho_eV2=1.03e+57 rho_final=5.80e+01
BG_FUNC: a=5.55e-09 V=4.22e-02 factor_V=2.45e+58 factor_rho=5.62e-56 rho_eV2=1.03e+57 rho_final=5.80e+01
BG_FUNC: a=2.20e-07 V=4.22e-02 factor_V=2.45e+58 factor_rho=5.62e-56 rho_eV2=1.03e+57 rho_final=5.80e+01
BG_FUNC: a=8.75e-06 V=4.22e-02 factor_V=2.45e+58 factor_rho=5.62e-56 rho_eV2=1.03e+57 rho_final=5.80e+01
RIDDER SWITCHING: z_osc = 3496.03, a_osc = 2.859566e-04
DEBUG: Ridder field ENABLED. Lambda = 5.965168e-01
DEBUG: Ridder field ENABLED. Lambda = 5.965168e-01
BG_FUNC: a=1.11e-14 V=1.23e-02 factor_V=2.45e+58 factor_rho=5.62e-56 rho_eV2=3.01e+56 rho_final=1.69e+01
BG_FUNC: a=4.12e-13 V=1.23e-02 factor_V=2.45e+58 factor_rho=5.62e-56 rho_eV2=3.01e+56 rho_final=1.69e+01
BG_FUNC: a=1.63e-11 V=1.23e-02 factor_V=2.45e+58 factor_rho=5.62e-56 rho_eV2=3.01e+56 rho_final=1.69e+01
BG_FUNC: a=6.47e-10 V=1.23e-02 factor_V=2.45e+58 factor_rho=5.62e-56 rho_eV2=3.01e+56 rho_final=1.69e+01
BG_FUNC: a=2.59e-08 V=1.23e-02 factor_V=2.45e+58 factor_rho=5.62e-56 rho_eV2=3.01e+56 rho_final=1.69e+01
BG_FUNC: a=1.02e-06 V=1.23e-02 factor_V=2.45e+58 factor_rho=5.62e-56 rho_eV2=3.01e+56 rho_final=1.69e+01
BG_FUNC: a=4.03e-05 V=1.23e-02 factor_V=2.45e+58 factor_rho=5.62e-56 rho_eV2=3.01e+56 rho_final=1.69e+01
RIDDER SWITCHING: z_osc = 2416.15, a_osc = 4[mcmc] Progress @ 2025-12-01 02:33:11 : 6215 steps taken, and 882 accepted.
.137097e-04
DEBUG: Ridder field ENABLED. Lambda = 6.558787e-01
DEBUG: Ridder field ENABLED. Lambda = 6.558787e-01
BG_FUNC: a=3.47e-14 V=1.80e-02 factor_V=2.45e+58 factor_rho=5.62e-56 rho_eV2=4.40e+56 rho_final=2.47e+01
BG_FUNC: a=1.32e-12 V=1.80e-02 factor_V=2.45e+58 factor_rho=5.62e-56 rho_eV2=4.40e+56 rho_final=2.47e+01
BG_FUNC: a=5.23e-11 V=1.80e-02 factor_V=2.45e+58 factor_rho=5.62e-56 rho_eV2=4.40e+56 rho_final=2.47e+01
BG_FUNC: a=2.07e-09 V=1.80e-02 factor_V=2.45e+58 factor_rho=5.62e-56 rho_eV2=4.40e+56 rho_final=2.47e+01
BG_FUNC: a=8.22e-08 V=1.80e-02 factor_V=2.45e+58 factor_rho=5.62e-56 rho_eV2=4.40e+56 rho_final=2.47e+01
BG_FUNC: a=3.26e-06 V=1.80e-02 factor_V=2.45e+58 factor_rho=5.62e-56 rho_eV2=4.40e+56 rho_final=2.47e+01
BG_FUNC: a=1.30e-04 V=1.74e-02 factor_V=2.45e+58 factor_rho=5.62e-56 rho_eV2=4.31e+56 rho_final=2.43e+01
RIDDER SWITCHING: z_osc = 2725.82, a_osc = 3.667278e-04
DEBUG: Ridder field ENABLED. Lambda = 5.237348e-01
DEBUG: Ridder field ENABLED. Lambda = 5.237348e-01
BG_FUNC: a=1.20e-13 V=7.31e-03 factor_V=2.45e+58 factor_rho=5.62e-56 rho_eV2=1.79e+56 rho_final=1.00e+01
BG_FUNC: a=4.70e-12 V=7.31e-03 factor_V=2.45e+58 factor_rho=5.62e-56 rho_eV2=1.79e+56 rho_final=1.00e+01
BG_FUNC: a=1.84e-10 V=7.31e-03 factor_V=2.45e+58 factor_rho=5.62e-56 rho_eV2=1.79e+56 rho_final=1.00e+01
BG_FUNC: a=7.22e-09 V=7.31e-03 factor_V=2.45e+58 factor_rho=5.62e-56 rho_eV2=1.79e+56 rho_final=1.00e+01
BG_FUNC: a=2.83e-07 V=7.31e-03 factor_V=2.45e+58 factor_rho=5.62e-56 rho_eV2=1.79e+56 rho_final=1.00e+01
BG_FUNC: a=1.10e-05 V=7.31e-03 factor_V=2.45e+58 factor_rho=5.62e-56 rho_eV2=1.79e+56 rho_final=1.00e+01
BG_FUNC: a=4.12e-04 V=3.39e-03 factor_V=2.45e+58 factor_rho=5.62e-56 rho_eV2=1.11e+56 rho_final=6.24e+00
RIDDER SWITCHING: z_osc = 2077.49, a_osc = 4.811183e-04
DEBUG: Ridder field ENABLED. Lambda = 4.339113e-01
DEBUG: Ridder field ENABLED. Lambda = 4.339113e-01
BG_FUNC: a=2.93e-13 V=3.44e-03 factor_V=2.45e+58 factor_rho=5.62e-56 rho_eV2=8.42e+55 rho_final=4.73e+00
BG_FUNC: a=1.15e-11 V=3.44e-03 factor_V=2.45e+58 factor_rho=5.62e-56 rho_eV2=8.42e+55 rho_final=4.73e+00
BG_FUNC: a=4.52e-10 V=3.44e-03 factor_V=2.45e+58 factor_rho=5.62e-56 rho_eV2=8.42e+55 rho_final=4.73e+00
BG_FUNC: a=1.79e-08 V=3.44e-03 factor_V=2.45e+58 factor_rho=5.62e-56 rho_eV2=8.42e+55 rho_final=4.73e+00
BG_FUNC: a=6.97e-07 V=3.44e-03 factor_V=2.45e+58 factor_rho=5.62e-56 rho_eV2=8.42e+55 rho_final=4.73e+00
BG_FUNC: a=2.70e-05 V=3.44e-03 factor_V=2.45e+58 factor_rho=5.62e-56 rho_eV2=8.42e+55 rho_final=4.73e+00
RIDDER SWITCHING: z_osc = 1641.95, a_osc = 6.086630e-04
DEBUG: Ridder field ENABLED. Lambda = 5.072963e-01
DEBUG: Ridder field ENABLED. Lambda = 5.072963e-01
BG_FUNC: a=1.58e-14 V=6.43e-03 factor_V=2.45e+58 factor_rho=5.62e-56 rho_eV2=1.57e+56 rho_final=8.84e+00
BG_FUNC: a=5.87e-13 V=6.43e-03 factor_V=2.45e+58 factor_rho=5.62e-56 rho_eV2=1.57e+56 rho_final=8.84e+00
BG_FUNC: a=2.30e-11 V=6.43e-03 factor_V=2.45e+58 factor_rho=5.62e-56 rho_eV2=1.57e+56 rho_final=8.84e+00
BG_FUNC: a=9.02e-10 V=6.43e-03 factor_V=2.45e+58 factor_rho=5.62e-56 rho_eV2=1.57e+56 rho_final=8.84e+00
BG_FUNC: a=3.54e-08 V=6.43e-03 factor_V=2.45e+58 factor_rho=5.62e-56 rho_eV2=1.57e+56 rho_final=8.84e+00
BG_FUNC: a=1.39e-06 V=6.43e-03 factor_V=2.45e+58 factor_rho=5.62e-56 rho_eV2=1.57e+56 rho_final=8.84e+00
BG_FUNC: a=5.23e-05 V=6.43e-03 factor_V=2.45e+58 factor_rho=5.62e-56 rho_eV2=1.57e+56 rho_final=8.84e+00
RIDDER SWITCHING: z_osc = 1979.40, a_osc = 5.049485e-04
DEBUG: Ridder field ENABLED. Lambda = 8.504717e-01
DEBUG: Ridder field ENABLED. Lambda = 8.504717e-01
BG_FUNC: a=3.65e-14 V=5.08e-02 factor_V=2.45e+58 factor_rho=5.62e-56 rho_eV2=1.24e+57 rho_final=6.99e+01
BG_FUNC: a=1.39e-12 V=5.08e-02 factor_V=2.45e+58 factor_rho=5.62e-56 rho_eV2=1.24e+57 rho_final=6.99e+01
BG_FUNC: a=5.50e-11 V=5.08e-02 factor_V=2.45e+58 factor_rho=5.62e-56 rho_eV2=1.24e+57 rho_final=6.99e+01
BG_FUNC: a=2.18e-09 V=5.08e-02 factor_V=2.45e+58 factor_rho=5.62e-56 rho_eV2=1.24e+57 rho_final=6.99e+01
BG_FUNC: a=8.65e-08 V=5.08e-02 factor_V=2.45e+58 factor_rho=5.62e-56 rho_eV2=1.24e+57 rho_final=6.99e+01
BG_FUNC: a=3.43e-06 V=5.08e-02 factor_V=2.45e+58 factor_rho=5.62e-56 rho_eV2=1.24e+57 rho_final=6.99e+01
BG_FUNC: a=1.35e-04 V=4.61e-02 factor_V=2.45e+58 factor_rho=5.62e-56 rho_eV2=1.17e+57 rho_final=6.58e+01
RIDDER SWITCHING: z_osc = 3707.83, a_osc = 2.696266e-04
DEBUG: Ridder field ENABLED. Lambda = 5.295768e-01
DEBUG: Ridder field ENABLED. Lambda = 5.295768e-01
BG_FUNC: a=1.70e-13 V=7.64e-03 factor_V=2.45e+58 factor_rho=5.62e-56 rho_eV2=1.87e+56 rho_final=1.05e+01
BG_FUNC: a=6.66e-12 V=7.64e-03 factor_V=2.45e+58 factor_rho=5.62e-56 rho_eV2=1.87e+56 rho_final=1.05e+01
BG_FUNC: a=2.61e-10 V=7.64e-03 factor_V=2.45e+58 factor_rho=5.62e-56 rho_eV2=1.87e+56 rho_final=1.05e+01
BG_FUNC: a=1.02e-08 V=7.64e-03 factor_V=2.45e+58 factor_rho=5.62e-56 rho_eV2=1.87e+56 rho_final=1.05e+01
BG_FUNC: a=4.05e-07 V=7.64e-03 factor_V=2.45e+58 factor_rho=5.62e-56 rho_eV2=1.87e+56 rho_final=1.05e+01
BG_FUNC: a=1.55e-05 V=7.64e-03 factor_V=2.45e+58 factor_rho=5.62e-56 rho_eV2=1.87e+56 rho_final=1.05e+01
RIDDER SWITCHING: z_osc = 2089.92, a_osc = 4.782582e-04
DEBUG: Ridder field ENABLED. Lambda = 6.840445e-01
DEBUG: Ridder field ENABLED. Lambda = 6.840445e-01
BG_FUNC: a=1.15e-14 V=2.13e-02 factor_V=2.45e+58 factor_rho=5.62e-56 rho_eV2=5.20e+56 rho_final=2.92e+01
BG_FUNC: a=4.25e-13 V=2.13e-02 factor_V=2.45e+58 factor_rho=5.62e-56 rho_eV2=5.20e+56 rho_final=2.92e+01
BG_FUNC: a=1.69e-11 V=2.13e-02 factor_V=2.45e+58 factor_rho=5.62e-56 rho_eV2=5.20e+56 rho_final=2.92e+01
BG_FUNC: a=6.71e-10 V=2.13e-02 factor_V=2.45e+58 factor_rho=5.62e-56 rho_eV2=5.20e+56 rho_final=2.92e+01
BG_FUNC: a=2.66e-08 V=2.13e-02 factor_V=2.45e+58 factor_rho=5.62e-56 rho_eV2=5.20e+56 rho_final=2.92e+01
BG_FUNC: a=1.06e-06 V=2.13e-02 factor_V=2.45e+58 factor_rho=5.62e-56 rho_eV2=5.20e+56 rho_final=2.92e+01
BG_FUNC: a=4.20e-05 V=2.13e-02 factor_V=2.45e+58 factor_rho=5.62e-56 rho_eV2=5.20e+56 rho_final=2.92e+01
RIDDER SWITCHING: z_osc = 2856.88, a_osc = 3.499094e-04
DEBUG: Ridder field ENABLED. Lambda = 3.696583e-01
DEBUG: Ridder field ENABLED. Lambda = 3.696583e-01
BG_FUNC: a=4.25e-14 V=1.81e-03 factor_V=2.45e+58 factor_rho=5.62e-56 rho_eV2=4.44e+55 rho_final=2.49e+00
BG_FUNC: a=1.60e-12 V=1.81e-03 factor_V=2.45e+58 factor_rho=5.62e-56 rho_eV2=4.44e+55 rho_final=2.49e+00
BG_FUNC: a=6.23e-11 V=1.81e-03 factor_V=2.45e+58 factor_rho=5.62e-56 rho_eV2=4.44e+55 rho_final=2.49e+00
BG_FUNC: a=2.45e-09 V=1.81e-03 factor_V=2.45e+58 factor_rho=5.62e-56 rho_eV2=4.44e+55 rho_final=2.49e+00
BG_FUNC: a=9.61e-08 V=1.81e-03 factor_V=2.45e+58 factor_rho=5.62e-56 rho_eV2=4.44e+55 rho_final=2.49e+00
BG_FUNC: a=3.77e-06 V=1.81e-03 factor_V=2.45e+58 factor_rho=5.62e-56 rho_eV2=4.44e+55 rho_final=2.49e+00
BG_FUNC: a=1.44e-04 V=1.81e-03 factor_V=2.45e+58 factor_rho=5.62e-56 rho_eV2=4.42e+55 rho_final=2.49e+00
RIDDER SWITCHING: z_osc = 1346.56, a_osc = 7.420835e-04
DEBUG: Ridder field ENABLED. Lambda = 7.155044e-01
DEBUG: Ridder field ENABLED. Lambda = 7.155044e-01
BG_FUNC: a=6.94e-14 V=2.55e-02 factor_V=2.45e+58 factor_rho=5.62e-56 rho_eV2=6.23e+56 rho_final=3.50e+01
BG_FUNC: a=2.66e-12 V=2.55e-02 factor_V=2.45e+58 factor_rho=5.62e-56 rho_eV2=6.23e+56 rho_final=3.50e+01
BG_FUNC: a=1.06e-10 V=2.55e-02 factor_V=2.45e+58 factor_rho=5.62e-56 rho_eV2=6.23e+56 rho_final=3.50e+01
BG_FUNC: a=4.19e-09 V=2.55e-02 factor_V=2.45e+58 factor_rho=5.62e-56 rho_eV2=6.23e+56 rho_final=3.50e+01
BG_FUNC: a=1.66e-07 V=2.55e-02 factor_V=2.45e+58 factor_rho=5.62e-56 rho_eV2=6.23e+56 rho_final=3.50e+01
BG_FUNC: a=6.61e-06 V=2.55e-02 factor_V=2.45e+58 factor_rho=5.62e-56 rho_eV2=6.23e+56 rho_final=3.50e+01
BG_FUNC: a=2.58e-04 V=1.53e-02 factor_V=2.45e+58 factor_rho=5.62e-56 rho_eV2=4.55e+56 rho_final=2.56e+01
RIDDER SWITCHING: z_osc = 3009.58, a_osc = 3.321617e-04
DEBUG: Ridder field ENABLED. Lambda = 6.132923e-01
DEBUG: Ridder field ENABLED. Lambda = 6.132923e-01
BG_FUNC: a=2.71e-13 V=1.37e-02 factor_V=2.45e+58 factor_rho=5.62e-56 rho_eV2=3.36e+56 rho_final=1.89e+01
BG_FUNC: a=1.09e-11 V=1.37e-02 factor_V=2.45e+58 factor_rho=5.62e-56 rho_eV2=3.36e+56 rho_final=1.89e+01
BG_FUNC: a=4.34e-10 V=1.37e-02 factor_V=2[mcmc] Progress @ 2025-12-01 02:34:13 : 6456 steps taken, and 922 accepted.
.45e+58 factor_rho=5.62e-56 rho_eV2=3.36e+56 rho_final=1.89e+01
BG_FUNC: a=1.74e-08 V=1.37e-02 factor_V=2.45e+58 factor_rho=5.62e-56 rho_eV2=3.36e+56 rho_final=1.89e+01
BG_FUNC: a=6.94e-07 V=1.37e-02 factor_V=2.45e+58 factor_rho=5.62e-56 rho_eV2=3.36e+56 rho_final=1.89e+01
BG_FUNC: a=2.78e-05 V=1.37e-02 factor_V=2.45e+58 factor_rho=5.62e-56 rho_eV2=3.36e+56 rho_final=1.89e+01
RIDDER SWITCHING: z_osc = 2510.59, a_osc = 3.981548e-04
DEBUG: Ridder field ENABLED. Lambda = 6.636338e-01
DEBUG: Ridder field ENABLED. Lambda = 6.636338e-01
BG_FUNC: a=2.50e-14 V=1.88e-02 factor_V=2.45e+58 factor_rho=5.62e-56 rho_eV2=4.61e+56 rho_final=2.59e+01
BG_FUNC: a=9.52e-13 V=1.88e-02 factor_V=2.45e+58 factor_rho=5.62e-56 rho_eV2=4.61e+56 rho_final=2.59e+01
BG_FUNC: a=3.82e-11 V=1.88e-02 factor_V=2.45e+58 factor_rho=5.62e-56 rho_eV2=4.61e+56 rho_final=2.59e+01
BG_FUNC: a=1.55e-09 V=1.88e-02 factor_V=2.45e+58 factor_rho=5.62e-56 rho_eV2=4.61e+56 rho_final=2.59e+01
BG_FUNC: a=6.17e-08 V=1.88e-02 factor_V=2.45e+58 factor_rho=5.62e-56 rho_eV2=4.61e+56 rho_final=2.59e+01
BG_FUNC: a=2.48e-06 V=1.88e-02 factor_V=2.45e+58 factor_rho=5.62e-56 rho_eV2=4.61e+56 rho_final=2.59e+01
BG_FUNC: a=9.91e-05 V=1.86e-02 factor_V=2.45e+58 factor_rho=5.62e-56 rho_eV2=4.57e+56 rho_final=2.57e+01
RIDDER SWITCHING: z_osc = 2759.63, a_osc = 3.622355e-04
DEBUG: Ridder field ENABLED. Lambda = 6.343669e-01
DEBUG: Ridder field ENABLED. Lambda = 6.343669e-01
BG_FUNC: a=9.53e-14 V=1.57e-02 factor_V=2.45e+58 factor_rho=5.62e-56 rho_eV2=3.85e+56 rho_final=2.16e+01
BG_FUNC: a=3.79e-12 V=1.57e-02 factor_V=2.45e+58 factor_rho=5.62e-56 rho_eV2=3.85e+56 rho_final=2.16e+01
BG_FUNC: a=1.52e-10 V=1.57e-02 factor_V=2.45e+58 factor_rho=5.62e-56 rho_eV2=3.85e+56 rho_final=2.16e+01
BG_FUNC: a=6.12e-09 V=1.57e-02 factor_V=2.45e+58 factor_rho=5.62e-56 rho_eV2=3.85e+56 rho_final=2.16e+01
BG_FUNC: a=2.43e-07 V=1.57e-02 factor_V=2.45e+58 factor_rho=5.62e-56 rho_eV2=3.85e+56 rho_final=2.16e+01
BG_FUNC: a=9.71e-06 V=1.57e-02 factor_V=2.45e+58 factor_rho=5.62e-56 rho_eV2=3.85e+56 rho_final=2.16e+01
BG_FUNC: a=3.78e-04 V=5.08e-03 factor_V=2.45e+58 factor_rho=5.62e-56 rho_eV2=1.92e+56 rho_final=1.08e+01
RIDDER SWITCHING: z_osc = 2600.49, a_osc = 3.843946e-04
DEBUG: Ridder field ENABLED. Lambda = 5.151683e-01
DEBUG: Ridder field ENABLED. Lambda = 5.151683e-01
BG_FUNC: a=3.45e-13 V=6.84e-03 factor_V=2.45e+58 factor_rho=5.62e-56 rho_eV2=1.67e+56 rho_final=9.41e+00
BG_FUNC: a=1.39e-11 V=6.84e-03 factor_V=2.45e+58 factor_rho=5.62e-56 rho_eV2=1.67e+56 rho_final=9.41e+00
BG_FUNC: a=5.64e-10 V=6.84e-03 factor_V=2.45e+58 factor_rho=5.62e-56 rho_eV2=1.67e+56 rho_final=9.41e+00
BG_FUNC: a=2.28e-08 V=6.84e-03 factor_V=2.45e+58 factor_rho=5.62e-56 rho_eV2=1.67e+56 rho_final=9.41e+00
BG_FUNC: a=9.24e-07 V=6.84e-03 factor_V=2.45e+58 factor_rho=5.62e-56 rho_eV2=1.67e+56 rho_final=9.41e+00
BG_FUNC: a=3.74e-05 V=6.84e-03 factor_V=2.45e+58 factor_rho=5.62e-56 rho_eV2=1.67e+56 rho_final=9.41e+00
RIDDER SWITCHING: z_osc = 2022.55, a_osc = 4.941822e-04
DEBUG: Ridder field ENABLED. Lambda = 5.858313e-01
DEBUG: Ridder field ENABLED. Lambda = 5.858313e-01
BG_FUNC: a=2.71e-14 V=1.14e-02 factor_V=2.45e+58 factor_rho=5.62e-56 rho_eV2=2.80e+56 rho_final=1.57e+01
BG_FUNC: a=1.03e-12 V=1.14e-02 factor_V=2.45e+58 factor_rho=5.62e-56 rho_eV2=2.80e+56 rho_final=1.57e+01
BG_FUNC: a=4.13e-11 V=1.14e-02 factor_V=2.45e+58 factor_rho=5.62e-56 rho_eV2=2.80e+56 rho_final=1.57e+01
BG_FUNC: a=1.65e-09 V=1.14e-02 factor_V=2.45e+58 factor_rho=5.62e-56 rho_eV2=2.80e+56 rho_final=1.57e+01
BG_FUNC: a=6.61e-08 V=1.14e-02 factor_V=2.45e+58 factor_rho=5.62e-56 rho_eV2=2.80e+56 rho_final=1.57e+01
BG_FUNC: a=2.64e-06 V=1.14e-02 factor_V=2.45e+58 factor_rho=5.62e-56 rho_eV2=2.80e+56 rho_final=1.57e+01
BG_FUNC: a=1.05e-04 V=1.13e-02 factor_V=2.45e+58 factor_rho=5.62e-56 rho_eV2=2.78e+56 rho_final=1.56e+01
RIDDER SWITCHING: z_osc = 2381.37, a_osc = 4.197492e-04
DEBUG: Ridder field ENABLED. Lambda = 2.640842e-01
DEBUG: Ridder field ENABLED. Lambda = 2.640842e-01
BG_FUNC: a=7.50e-14 V=4.72e-04 factor_V=2.45e+58 factor_rho=5.62e-56 rho_eV2=1.16e+55 rho_final=6.49e-01
BG_FUNC: a=2.16e-12 V=4.72e-04 factor_V=2.45e+58 factor_rho=5.62e-56 rho_eV2=1.16e+55 rho_final=6.49e-01
BG_FUNC: a=6.45e-11 V=4.72e-04 factor_V=2.45e+58 factor_rho=5.62e-56 rho_eV2=1.16e+55 rho_final=6.49e-01
BG_FUNC: a=1.93e-09 V=4.72e-04 factor_V=2.45e+58 factor_rho=5.62e-56 rho_eV2=1.16e+55 rho_final=6.49e-01
BG_FUNC: a=5.75e-08 V=4.72e-04 factor_V=2.45e+58 factor_rho=5.62e-56 rho_eV2=1.16e+55 rho_final=6.49e-01
BG_FUNC: a=1.72e-06 V=4.72e-04 factor_V=2.45e+58 factor_rho=5.62e-56 rho_eV2=1.16e+55 rho_final=6.49e-01
BG_FUNC: a=5.12e-05 V=4.72e-04 factor_V=2.45e+58 factor_rho=5.62e-56 rho_eV2=1.16e+55 rho_final=6.49e-01
RIDDER SWITCHING: z_osc = 847.27, a_osc = 1.178875e-03
DEBUG: Ridder field ENABLED. Lambda = 6.462925e-01
DEBUG: Ridder field ENABLED. Lambda = 6.462925e-01
BG_FUNC: a=1.47e-14 V=1.69e-02 factor_V=2.45e+58 factor_rho=5.62e-56 rho_eV2=4.14e+56 rho_final=2.33e+01
BG_FUNC: a=5.50e-13 V=1.69e-02 factor_V=2.45e+58 factor_rho=5.62e-56 rho_eV2=4.14e+56 rho_final=2.33e+01
BG_FUNC: a=2.18e-11 V=1.69e-02 factor_V=2.45e+58 factor_rho=5.62e-56 rho_eV2=4.14e+56 rho_final=2.33e+01
BG_FUNC: a=8.67e-10 V=1.69e-02 factor_V=2.45e+58 factor_rho=5.62e-56 rho_eV2=4.14e+56 rho_final=2.33e+01
BG_FUNC: a=3.44e-08 V=1.69e-02 factor_V=2.45e+58 factor_rho=5.62e-56 rho_eV2=4.14e+56 rho_final=2.33e+01
BG_FUNC: a=1.38e-06 V=1.69e-02 factor_V=2.45e+58 factor_rho=5.62e-56 rho_eV2=4.14e+56 rho_final=2.33e+01
BG_FUNC: a=5.41e-05 V=1.69e-02 factor_V=2.45e+58 factor_rho=5.62e-56 rho_eV2=4.14e+56 rho_final=2.33e+01
RIDDER SWITCHING: z_osc = 2676.32, a_osc = 3.735079e-04
DEBUG: Ridder field ENABLED. Lambda = 5.658735e-01
DEBUG: Ridder field ENABLED. Lambda = 5.658735e-01
BG_FUNC: a=5.13e-14 V=9.96e-03 factor_V=2.45e+58 factor_rho=5.62e-56 rho_eV2=2.44e+56 rho_final=1.37e+01
BG_FUNC: a=1.96e-12 V=9.96e-03 factor_V=2.45e+58 factor_rho=5.62e-56 rho_eV2=2.44e+56 rho_final=1.37e+01
BG_FUNC: a=7.75e-11 V=9.96e-03 factor_V=2.45e+58 factor_rho=5.62e-56 rho_eV2=2.44e+56 rho_final=1.37e+01
BG_FUNC: a=3.07e-09 V=9.96e-03 factor_V=2.45e+58 factor_rho=5.62e-56 rho_eV2=2.44e+56 rho_final=1.37e+01
BG_FUNC: a=1.22e-07 V=9.96e-03 factor_V=2.45e+58 factor_rho=5.62e-56 rho_eV2=2.44e+56 rho_final=1.37e+01
BG_FUNC: a=4.83e-06 V=9.96e-03 factor_V=2.45e+58 factor_rho=5.62e-56 rho_eV2=2.44e+56 rho_final=1.37e+01
BG_FUNC: a=1.90e-04 V=9.29e-03 factor_V=2.45e+58 factor_rho=5.62e-56 rho_eV2=2.33e+56 rho_final=1.31e+01
RIDDER SWITCHING: z_osc = 2261.07, a_osc = 4.420731e-04
DEBUG: Ridder field ENABLED. Lambda = 6.021746e-01
DEBUG: Ridder field ENABLED. Lambda = 6.021746e-01
BG_FUNC: a=1.48e-13 V=1.28e-02 factor_V=2.45e+58 factor_rho=5.62e-56 rho_eV2=3.12e+56 rho_final=1.76e+01
BG_FUNC: a=5.92e-12 V=1.28e-02 factor_V=2.45e+58 factor_rho=5.62e-56 rho_eV2=3.12e+56 rho_final=1.76e+01
BG_FUNC: a=2.33e-10 V=1.28e-02 factor_V=2.45e+58 factor_rho=5.62e-56 rho_eV2=3.12e+56 rho_final=1.76e+01
BG_FUNC: a=9.25e-09 V=1.28e-02 factor_V=2.45e+58 factor_rho=5.62e-56 rho_eV2=3.12e+56 rho_final=1.76e+01
BG_FUNC: a=3.67e-07 V=1.28e-02 factor_V=2.45e+58 factor_rho=5.62e-56 rho_eV2=3.12e+56 rho_final=1.76e+01
BG_FUNC: a=1.46e-05 V=1.28e-02 factor_V=2.45e+58 factor_rho=5.62e-56 rho_eV2=3.12e+56 rho_final=1.76e+01
RIDDER SWITCHING: z_osc = 2439.55, a_osc = 4.097433e-04
DEBUG: Ridder field ENABLED. Lambda = 8.190662e-01
DEBUG: Ridder field ENABLED. Lambda = 8.190662e-01
BG_FUNC: a=1.28e-14 V=4.37e-02 factor_V=2.45e+58 factor_rho=5.62e-56 rho_eV2=1.07e+57 rho_final=6.01e+01
BG_FUNC: a=4.79e-13 V=4.37e-02 factor_V=2.45e+58 factor_rho=5.62e-56 rho_eV2=1.07e+57 rho_final=6.01e+01
BG_FUNC: a=1.90e-11 V=4.37e-02 factor_V=2.45e+58 factor_rho=5.62e-56 rho_eV2=1.07e+57 rho_final=6.01e+01
BG_FUNC: a=7.53e-10 V=4.37e-02 factor_V=2.45e+58 factor_rho=5.62e-56 rho_eV2=1.07e+57 rho_final=6.01e+01
BG_FUNC: a=2.99e-08 V=4.37e-02 factor_V=2.45e+58 factor_rho=5.62e-56 rho_eV2=1.07e+57 rho_final=6.01e+01
BG_FUNC: a=1.18e-06 V=4.37e-02 factor_V=2.45e+58 factor_rho=5.62e-56 rho_eV2=1.07e+57 rho_final=6.01e+01
BG_FUNC: a=4.67e-05 V=4.37e-02 factor_V=2.45e+58 factor_rho=5.62e-56 rho_eV2=1.07e+57 rho_fi[mcmc] Progress @ 2025-12-01 02:35:16 : 6596 steps taken, and 940 accepted.
nal=6.00e+01
RIDDER SWITCHING: z_osc = 3543.74, a_osc = 2.821083e-04
DEBUG: Ridder field ENABLED. Lambda = 3.960946e-01
DEBUG: Ridder field ENABLED. Lambda = 3.960946e-01
BG_FUNC: a=5.84e-14 V=2.39e-03 factor_V=2.45e+58 factor_rho=5.62e-56 rho_eV2=5.85e+55 rho_final=3.29e+00
BG_FUNC: a=2.19e-12 V=2.39e-03 factor_V=2.45e+58 factor_rho=5.62e-56 rho_eV2=5.85e+55 rho_final=3.29e+00
BG_FUNC: a=8.61e-11 V=2.39e-03 factor_V=2.45e+58 factor_rho=5.62e-56 rho_eV2=5.85e+55 rho_final=3.29e+00
BG_FUNC: a=3.38e-09 V=2.39e-03 factor_V=2.45e+58 factor_rho=5.62e-56 rho_eV2=5.85e+55 rho_final=3.29e+00
BG_FUNC: a=1.33e-07 V=2.39e-03 factor_V=2.45e+58 factor_rho=5.62e-56 rho_eV2=5.85e+55 rho_final=3.29e+00
BG_FUNC: a=5.22e-06 V=2.39e-03 factor_V=2.45e+58 factor_rho=5.62e-56 rho_eV2=5.85e+55 rho_final=3.29e+00
BG_FUNC: a=2.01e-04 V=2.34e-03 factor_V=2.45e+58 factor_rho=5.62e-56 rho_eV2=5.77e+55 rho_final=3.25e+00
RIDDER SWITCHING: z_osc = 1453.24, a_osc = 6.876433e-04
DEBUG: Ridder field ENABLED. Lambda = 6.179488e-01
DEBUG: Ridder field ENABLED. Lambda = 6.179488e-01
BG_FUNC: a=1.00e-13 V=1.42e-02 factor_V=2.45e+58 factor_rho=5.62e-56 rho_eV2=3.46e+56 rho_final=1.95e+01
BG_FUNC: a=3.96e-12 V=1.42e-02 factor_V=2.45e+58 factor_rho=5.62e-56 rho_eV2=3.46e+56 rho_final=1.95e+01
BG_FUNC: a=1.57e-10 V=1.42e-02 factor_V=2.45e+58 factor_rho=5.62e-56 rho_eV2=3.46e+56 rho_final=1.95e+01
BG_FUNC: a=6.23e-09 V=1.42e-02 factor_V=2.45e+58 factor_rho=5.62e-56 rho_eV2=3.46e+56 rho_final=1.95e+01
BG_FUNC: a=2.47e-07 V=1.42e-02 factor_V=2.45e+58 factor_rho=5.62e-56 rho_eV2=3.46e+56 rho_final=1.95e+01
BG_FUNC: a=9.79e-06 V=1.42e-02 factor_V=2.45e+58 factor_rho=5.62e-56 rho_eV2=3.46e+56 rho_final=1.95e+01
BG_FUNC: a=3.80e-04 V=4.91e-03 factor_V=2.45e+58 factor_rho=5.62e-56 rho_eV2=1.80e+56 rho_final=1.01e+01
RIDDER SWITCHING: z_osc = 2525.41, a_osc = 3.958180e-04
DEBUG: Ridder field ENABLED. Lambda = 4.352249e-01
DEBUG: Ridder field ENABLED. Lambda = 4.352249e-01
BG_FUNC: a=3.27e-13 V=3.49e-03 factor_V=2.45e+58 factor_rho=5.62e-56 rho_eV2=8.52e+55 rho_final=4.79e+00
BG_FUNC: a=1.28e-11 V=3.49e-03 factor_V=2.45e+58 factor_rho=5.62e-56 rho_eV2=8.52e+55 rho_final=4.79e+00
BG_FUNC: a=5.04e-10 V=3.49e-03 factor_V=2.45e+58 factor_rho=5.62e-56 rho_eV2=8.52e+55 rho_final=4.79e+00
BG_FUNC: a=1.98e-08 V=3.49e-03 factor_V=2.45e+58 factor_rho=5.62e-56 rho_eV2=8.52e+55 rho_final=4.79e+00
BG_FUNC: a=7.78e-07 V=3.49e-03 factor_V=2.45e+58 factor_rho=5.62e-56 rho_eV2=8.52e+55 rho_final=4.79e+00
BG_FUNC: a=3.01e-05 V=3.49e-03 factor_V=2.45e+58 factor_rho=5.62e-56 rho_eV2=8.52e+55 rho_final=4.79e+00
RIDDER SWITCHING: z_osc = 1649.03, a_osc = 6.060478e-04
DEBUG: Ridder field ENABLED. Lambda = 6.128901e-01
DEBUG: Ridder field ENABLED. Lambda = 6.128901e-01
BG_FUNC: a=1.77e-14 V=1.37e-02 factor_V=2.45e+58 factor_rho=5.62e-56 rho_eV2=3.35e+56 rho_final=1.88e+01
BG_FUNC: a=6.63e-13 V=1.37e-02 factor_V=2.45e+58 factor_rho=5.62e-56 rho_eV2=3.35e+56 rho_final=1.88e+01
BG_FUNC: a=2.63e-11 V=1.37e-02 factor_V=2.45e+58 factor_rho=5.62e-56 rho_eV2=3.35e+56 rho_final=1.88e+01
BG_FUNC: a=1.05e-09 V=1.37e-02 factor_V=2.45e+58 factor_rho=5.62e-56 rho_eV2=3.35e+56 rho_final=1.88e+01
BG_FUNC: a=4.15e-08 V=1.37e-02 factor_V=2.45e+58 factor_rho=5.62e-56 rho_eV2=3.35e+56 rho_final=1.88e+01
BG_FUNC: a=1.65e-06 V=1.37e-02 factor_V=2.45e+58 factor_rho=5.62e-56 rho_eV2=3.35e+56 rho_final=1.88e+01
BG_FUNC: a=6.51e-05 V=1.37e-02 factor_V=2.45e+58 factor_rho=5.62e-56 rho_eV2=3.35e+56 rho_final=1.88e+01
RIDDER SWITCHING: z_osc = 2506.23, a_osc = 3.988472e-04
DEBUG: Ridder field ENABLED. Lambda = 6.550008e-01
DEBUG: Ridder field ENABLED. Lambda = 6.550008e-01
BG_FUNC: a=5.80e-14 V=1.79e-02 factor_V=2.45e+58 factor_rho=5.62e-56 rho_eV2=4.37e+56 rho_final=2.46e+01
BG_FUNC: a=2.26e-12 V=1.79e-02 factor_V=2.45e+58 factor_rho=5.62e-56 rho_eV2=4.37e+56 rho_final=2.46e+01
BG_FUNC: a=8.93e-11 V=1.79e-02 factor_V=2.45e+58 factor_rho=5.62e-56 rho_eV2=4.37e+56 rho_final=2.46e+01
BG_FUNC: a=3.57e-09 V=1.79e-02 factor_V=2.45e+58 factor_rho=5.62e-56 rho_eV2=4.37e+56 rho_final=2.46e+01
BG_FUNC: a=1.43e-07 V=1.79e-02 factor_[mcmc] Progress @ 2025-12-01 02:36:17 : 6693 steps taken, and 956 accepted.
V=2.45e+58 factor_rho=5.62e-56 rho_eV2=4.37e+56 rho_final=2.46e+01
BG_FUNC: a=5.70e-06 V=1.79e-02 factor_V=2.45e+58 factor_rho=5.62e-56 rho_eV2=4.37e+56 rho_final=2.46e+01
BG_FUNC: a=2.27e-04 V=1.42e-02 factor_V=2.45e+58 factor_rho=5.62e-56 rho_eV2=3.78e+56 rho_final=2.13e+01
RIDDER SWITCHING: z_osc = 2714.65, a_osc = 3.682358e-04
DEBUG: Ridder field ENABLED. Lambda = 6.799979e-01
DEBUG: Ridder field ENABLED. Lambda = 6.799979e-01
BG_FUNC: a=2.10e-13 V=2.08e-02 factor_V=2.45e+58 factor_rho=5.62e-56 rho_eV2=5.08e+56 rho_final=2.86e+01
BG_FUNC: a=8.33e-12 V=2.08e-02 factor_V=2.45e+58 factor_rho=5.62e-56 rho_eV2=5.08e+56 rho_final=2.86e+01
BG_FUNC: a=3.30e-10 V=2.08e-02 factor_V=2.45e+58 factor_rho=5.62e-56 rho_eV2=5.08e+56 rho_final=2.86e+01
BG_FUNC: a=1.31e-08 V=2.08e-02 factor_V=2.45e+58 factor_rho=5.62e-56 rho_eV2=5.08e+56 rho_final=2.86e+01
BG_FUNC: a=5.23e-07 V=2.08e-02 factor_V=2.45e+58 factor_rho=5.62e-56 rho_eV2=5.08e+56 rho_final=2.86e+01
BG_FUNC: a=2.05e-05 V=2.08e-02 factor_V=2.45e+58 factor_rho=5.62e-56 rho_eV2=5.08e+56 rho_final=2.86e+01
RIDDER SWITCHING: z_osc = 2832.28, a_osc = 3.529482e-04
DEBUG: Ridder field ENABLED. Lambda = 6.084754e-01
DEBUG: Ridder field ENABLED. Lambda = 6.084754e-01
BG_FUNC: a=2.07e-14 V=1.33e-02 factor_V=2.45e+58 factor_rho=5.62e-56 rho_eV2=3.26e+56 rho_final=1.83e+01
BG_FUNC: a=7.83e-13 V=1.33e-02 factor_V=2.45e+58 factor_rho=5.62e-56 rho_eV2=3.26e+56 rho_final=1.83e+01
BG_FUNC: a=3.13e-11 V=1.33e-02 factor_V=2.45e+58 factor_rho=5.62e-56 rho_eV2=3.26e+56 rho_final=1.83e+01
BG_FUNC: a=1.25e-09 V=1.33e-02 factor_V=2.45e+58 factor_rho=5.62e-56 rho_eV2=3.26e+56 rho_final=1.83e+01
BG_FUNC: a=5.00e-08 V=1.33e-02 factor_V=2.45e+58 factor_rho=5.62e-56 rho_eV2=3.26e+56 rho_final=1.83e+01
BG_FUNC: a=2.00e-06 V=1.33e-02 factor_V=2.45e+58 factor_rho=5.62e-56 rho_eV2=3.26e+56 rho_final=1.83e+01
BG_FUNC: a=8.04e-05 V=1.33e-02 factor_V=2.45e+58 factor_rho=5.62e-56 rho_eV2=3.25e+56 rho_final=1.83e+01
RIDDER SWITCHING: z_osc = 2483.56, a_osc = 4.024858e-04
DEBUG: Ridder field ENABLED. Lambda = 5.784906e-01
DEBUG: Ridder field ENABLED. Lambda = 5.784906e-01
BG_FUNC: a=7.05e-14 V=1.09e-02 factor_V=2.45e+58 factor_rho=5.62e-56 rho_eV2=2.66e+56 rho_final=1.50e+01
BG_FUNC: a=2.68e-12 V=1.09e-02 factor_V=2.45e+58 factor_rho=5.62e-56 rho_eV2=2.66e+56 rho_final=1.50e+01
BG_FUNC: a=1.06e-10 V=1.09e-02 factor_V=2.45e+58 factor_rho=5.62e-56 rho_eV2=2.66e+56 rho_final=1.50e+01
BG_FUNC: a=4.22e-09 V=1.09e-02 factor_V=2.45e+58 factor_rho=5.62e-56 rho_eV2=2.66e+56 rho_final=1.50e+01
BG_FUNC: a=1.68e-07 V=1.09e-02 factor_V=2.45e+58 factor_rho=5.62e-56 rho_eV2=2.66e+56 rho_final=1.50e+01
BG_FUNC: a=6.65e-06 V=1.09e-02 factor_V=2.45e+58 factor_rho=5.62e-56 rho_eV2=2.66e+56 rho_final=1.50e+01
BG_FUNC: a=2.61e-04 V=8.61e-03 factor_V=2.45e+58 factor_rho=5.62e-56 rho_eV2=2.30e+56 rho_final=1.29e+01
RIDDER SWITCHING: z_osc = 2328.28, a_osc = 4.293163e-04
DEBUG: Ridder field ENABLED. Lambda = 5.974661e-01
DEBUG: Ridder field ENABLED. Lambda = 5.974661e-01
BG_FUNC: a=2.09e-13 V=1.24e-02 factor_V=2.45e+58 factor_rho=5.62e-56 rho_eV2=3.03e+56 rho_final=1.70e+01
BG_FUNC: a=8.33e-12 V=1.24e-02 factor_V=2.45e+58 factor_rho=5.62e-56 rho_eV2=3.03e+56 rho_final=1.70e+01
BG_FUNC: a=3.31e-10 V=1.24e-02 factor_V=2.45e+58 factor_rho=5.62e-56 rho_eV2=3.03e+56 rho_final=1.70e+01
BG_FUNC: a=1.32e-08 V=1.24e-02 factor_V=2.45e+58 factor_rho=5.62e-56 rho_eV2=3.03e+56 rho_final=1.70e+01
BG_FUNC: a=5.25e-07 V=1.24e-02 factor_V=2.45e+58 factor_rho=5.62e-56 rho_eV2=3.03e+56 rho_final=1.70e+01
BG_FUNC: a=2.09e-05 V=1.24e-02 factor_V=2.45e+58 factor_rho=5.62e-56 rho_eV2=3.03e+56 rho_final=1.70e+01
RIDDER SWITCHING: z_osc = 2421.30, a_osc = 4.128305e-04
DEBUG: Ridder field ENABLED. Lambda = 6.852251e-01
DEBUG: Ridder field ENABLED. Lambda = 6.852251e-01
BG_FUNC: a=1.83e-14 V=2.14e-02 factor_V=2.45e+58 factor_rho=5.62e-56 rho_eV2=5.24e+56 rho_final=2.94e+01
BG_FUNC: a=6.89e-13 V=2.14e-02 factor_V=2.45e+58 factor_rho=5.62e-56 rho_eV2=5.24e+56 rho_final=2.94e+01
BG_FUNC: a=2.76e-11 V=2.14e-02 factor_V=2.45e+58 factor_rho=5.62e-56 rho_eV2=5.24e+56 rho[mcmc] Progress @ 2025-12-01 02:37:23 : 6785 steps taken, and 974 accepted.
_final=2.94e+01
BG_FUNC: a=1.11e-09 V=2.14e-02 factor_V=2.45e+58 factor_rho=5.62e-56 rho_eV2=5.24e+56 rho_final=2.94e+01
BG_FUNC: a=4.43e-08 V=2.14e-02 factor_V=2.45e+58 factor_rho=5.62e-56 rho_eV2=5.24e+56 rho_final=2.94e+01
BG_FUNC: a=1.77e-06 V=2.14e-02 factor_V=2.45e+58 factor_rho=5.62e-56 rho_eV2=5.24e+56 rho_final=2.94e+01
BG_FUNC: a=7.15e-05 V=2.13e-02 factor_V=2.45e+58 factor_rho=5.62e-56 rho_eV2=5.22e+56 rho_final=2.94e+01
RIDDER SWITCHING: z_osc = 2865.57, a_osc = 3.488494e-04
DEBUG: Ridder field ENABLED. Lambda = 5.838965e-01
DEBUG: Ridder field ENABLED. Lambda = 5.838965e-01
BG_FUNC: a=7.22e-14 V=1.13e-02 factor_V=2.45e+58 factor_rho=5.62e-56 rho_eV2=2.76e+56 rho_final=1.55e+01
BG_FUNC: a=2.78e-12 V=1.13e-02 factor_V=2.45e+58 factor_rho=5.62e-56 rho_eV2=2.76e+56 rho_final=1.55e+01
BG_FUNC: a=1.10e-10 V=1.13e-02 factor_V=2.45e+58 factor_rho=5.62e-56 rho_eV2=2.76e+56 rho_final=1.55e+01
BG_FUNC: a=4.36e-09 V=1.13e-02 factor_V=2.45e+58 factor_rho=5.62e-56 rho_eV2=2.76e+56 rho_final=1.55e+01
BG_FUNC: a=1.74e-07 V=1.13e-02 factor_V=2.45e+58 factor_rho=5.62e-56 rho_eV2=2.76e+56 rho_final=1.55e+01
BG_FUNC: a=6.85e-06 V=1.13e-02 factor_V=2.45e+58 factor_rho=5.62e-56 rho_eV2=2.76e+56 rho_final=1.55e+01
BG_FUNC: a=2.69e-04 V=8.62e-03 factor_V=2.45e+58 factor_rho=5.62e-56 rho_eV2=2.33e+56 rho_final=1.31e+01
RIDDER SWITCHING: z_osc = 2352.33, a_osc = 4.249304e-04
DEBUG: Ridder field ENABLED. Lambda = 4.905428e-01
DEBUG: Ridder field ENABLED. Lambda = 4.905428e-01
BG_FUNC: a=2.16e-13 V=5.63e-03 factor_V=2.45e+58 factor_rho=5.62e-56 rho_eV2=1.38e+56 rho_final=7.73e+00
BG_FUNC: a=8.49e-12 V=5.63e-03 factor_V=2.45e+58 factor_rho=5.62e-56 rho_eV2=1.38e+56 rho_final=7.73e+00
BG_FUNC: a=3.34e-10 V=5.63e-03 factor_V=2.45e+58 factor_rho=5.62e-56 rho_eV2=1.38e+56 rho_final=7.73e+00
BG_FUNC: a=1.31e-08 V=5.63e-03 factor_V=2.45e+58 factor_rho=5.62e-56 rho_eV2=1.38e+56 rho_final=7.73e+00
BG_FUNC: a=5.15e-07 V=5.63e-03 factor_V=2.45e+58 factor_rho=5.62e-56 rho_eV2=1.38e+56 rho_final=7.73e+00
BG_FUNC: a=2.01e-05 V=5.62e-03 factor_V=2.45e+58 factor_rho=5.62e-56 rho_eV2=1.38e+56 rho_final=7.73e+00
RIDDER SWITCHING: z_osc = 1896.82, a_osc = 5.269202e-04
DEBUG: Ridder field ENABLED. Lambda = 4.910685e-01
DEBUG: Ridder field ENABLED. Lambda = 4.910685e-01
BG_FUNC: a=1.34e-14 V=5.65e-03 factor_V=2.45e+58 factor_rho=5.62e-56 rho_eV2=1.38e+56 rho_final=7.77e+00
BG_FUNC: a=5.06e-13 V=5.65e-03 factor_V=2.45e+58 factor_rho=5.62e-56 rho_eV2=1.38e+56 rho_final=7.77e+00
BG_FUNC: a=2.06e-11 V=5.65e-03 factor_V=2.45e+58 factor_rho=5.62e-56 rho_eV2=1.38e+56 rho_final=7.77e+00
BG_FUNC: a=8.35e-10 V=5.65e-03 factor_V=2.45e+58 factor_rho=5.62e-56 rho_eV2=1.38e+56 rho_final=7.77e+00
BG_FUNC: a=3.39e-08 V=5.65e-03 factor_V=2.45e+58 factor_rho=5.62e-56 rho_eV2=1.38e+56 rho_final=7.77e+00
BG_FUNC: a=1.37e-06 V=5.65e-03 factor_V=2.45e+58 factor_rho=5.62e-56 rho_eV2=1.38e+56 rho_final=7.77e+00
BG_FUNC: a=5.58e-05 V=5.65e-03 factor_V=2.45e+58 factor_rho=5.62e-56 rho_eV2=1.38e+56 rho_final=7.76e+00
RIDDER SWITCHING: z_osc = 1917.19, a_osc = 5.213249e-04
DEBUG: Ridder field ENABLED. Lambda = 6.079155e-01
DEBUG: Ridder field ENABLED. Lambda = 6.079155e-01
BG_FUNC: a=3.76e-14 V=1.33e-02 factor_V=2.45e+58 factor_rho=5.62e-56 rho_eV2=3.24e+56 rho_final=1.82e+01
BG_FUNC: a=1.44e-12 V=1.33e-02 factor_V=2.45e+58 factor_rho=5.62e-56 rho_eV2=3.24e+56 rho_final=1.82e+01
BG_FUNC: a=5.84e-11 V=1.33e-02 factor_V=2.45e+58 factor_rho=5.62e-56 rho_eV2=3.24e+56 rho_final=1.82e+01
BG_FUNC: a=2.32e-09 V=1.33e-02 factor_V=2.45e+58 factor_rho=5.62e-56 rho_eV2=3.24e+56 rho_final=1.82e+01
BG_FUNC: a=9.30e-08 V=1.33e-02 factor_V=2.45e+58 factor_rho=5.62e-56 rho_eV2=3.24e+56 rho_final=1.82e+01
BG_FUNC: a=3.73e-06 V=1.33e-02 factor_V=2.45e+58 factor_rho=5.62e-56 rho_eV2=3.24e+56 rho_final=1.82e+01
BG_FUNC: a=1.49e-04 V=1.28e-02 factor_V=2.45e+58 factor_rho=5.62e-56 rho_eV2=3.17e+56 rho_final=1.78e+01
RIDDER SWITCHING: z_osc = 2484.96, a_osc = 4.022599e-04
DEBUG: Ridder field ENABLED. Lambda = 6.811193e-01
DEBUG: Ridder field ENABLED. Lambda = 6.811193e-01
BG_FUNC: a=1.28e-13 V=2.09e-02 factor_V=2.45e+58 factor_rho=5.62e-56 rho_eV2=5.11e+56 rho_final=2.87e+01
BG_FUNC: a=5.13e-12 V=2.09e-02 factor_V=2.45e+58 factor_rho=5.62e-56 rho_eV2=5.11e+56 rho_final=2.87e+01
BG_FUNC: a=2.02e-10 V=2.09e-02 factor_V=2.45e+58 factor_rho=5.62e-56 rho_eV2=5.11e+56 rho_final=2.87e+01
BG_FUNC: a=8.05e-09 V=2.09e-02 factor_V=2.45e+58 factor_rho=5.62e-56 rho_eV2=5.11e+56 rho_final=2.87e+01
BG_FUNC: a=3.20e-07 V=2.09e-02 factor_V=2.45e+58 factor_rho=5.62e-56 rho_eV2=5.11e+56 rho_final=2.87e+01
BG_FUNC: a=1.27e-05 V=2.09e-02 factor_V=2.45e+58 factor_rho=5.62e-56 rho_eV2=5.11e+56 rho_final=2.87e+01
RIDDER SWITCHING: z_osc = 2849.64, a_osc = 3.507986e-04
DEBUG: Ridder field ENABLED. Lambda = 6.149217e-01
DEBUG: Ridder field ENABLED. Lambda = 6.149217e-01
BG_FUNC: a=1.31e-14 V=1.39e-02 factor_V=2.45e+58 factor_rho=5.62e-56 rho_eV2=3.40e+56 rho_final=1.91e+01
BG_FUNC: a=4.92e-13 V=1.39e-02 factor_V=2.45e+58 factor_rho=5.62e-56 rho_eV2=3.40e+56 rho_final=1.91e+01
BG_FUNC: a=1.97e-11 V=1.39e-02 factor_V=2.45e+58 factor_rho=5.62e-56 rho_eV2=3.40e+56 rho_final=1.91e+01
BG_FUNC: a=7.82e-10 V=1.39e-02 factor_V=2.45e+58 factor_rho=5.62e-56 rho_eV2=3.40e+56 rho_final=1.91e+01
BG_FUNC: a=3.13e-08 V=1.39e-02 factor_V=2.45e+58 factor_rho=5.62e-56 rho_eV2=3.40e+56 rho_final=1.91e+01
BG_FUNC: a=1.25e-06 V=1.39e-02 factor_V=2.45e+58 factor_rho=5.62e-56 rho_eV2=3.40e+56 rho_final=1.91e+01
BG_FUNC: a=5.01e-05 V=1.39e-02 factor_V=2.45e+58 factor_rho=5.62e-56 rho_eV2=3.40e+56 rho_final=1.91e+01
RIDDER SWITCHING: z_osc = 2515.63, a_osc = 3.973574e-04
DEBUG: Ridder field ENABLED. Lambda = 5.249638e-01
DEBUG: Ridder field ENABLED. Lambda = 5.249638e-01
BG_FUNC: a=4.50e-14 V=7.38e-03 factor_V=2.45e+58 factor_rho=5.62e-56 rho_eV2=1.80e+56 rho_final=1.01e+01
BG_FUNC: a=1.74e-12 V=7.38e-03 factor_V=2.45e+58 factor_rho=5.62e-56 rho_eV2=1.80e+56 rho_final=1.01e+01
BG_FUNC: a=7.00e-11 V=7.38e-03 factor_V=2.45e+58 factor_rho=5.62e-56 rho_eV2=1.80e+56 rho_final=1.01e+01
BG_FUNC: a=2.82e-09 V=7.38e-03 factor_V=2.45e+58 factor_rho=5.62e-56 rho_eV2=1.80e+56 rho_final=1.01e+01
BG_FUNC: a=1.14e-07 V=7.38e-03 factor_V=2.45e+58 factor_rho=5.62e-56 rho_eV2=1.80e+56 rho_final=1.01e+01
BG_FUNC: a=4.58e-06 V=7.38e-03 factor_V=2.45e+58 factor_rho=5.62e-56 rho_eV2=1.80e+56 rho_final=1.01e+01
BG_FUNC: a=1.84e-04 V=7.05e-03 factor_V=2.45e+58 factor_rho=5.62e-56 rho_eV2=1.75e+56 rho_final=9.86e+00
RIDDER SWITCHING: z_osc = 2080.07, a_osc = 4.805211e-04
DEBUG: Ridder field ENABLED. Lambda = 6.474719e-01
DEBUG: Ridder field ENABLED. Lambda = 6.474719e-01
BG_FUNC: a=1.32e-13 V=1.71e-02 factor_V=2.45e+58 factor_rho=5.62e-56 rho_eV2=4.17e+56 rho_final=2.35e+01
BG_FUNC: a=5.27e-12 V=1.71e-02 factor_V=2.45e+58 factor_rho=5.62e-56 rho_eV2=4.17e+56 rho_final=2.35e+01
BG_FUNC: a=2.11e-10 V=1.71e-02 factor_V=2.45e+58 factor_rho=5.62e-56 rho_eV2=4.17e+56 rho_final=2.35e+01
BG_FUNC: a=8.44e-09 V=1.71e-02 factor_V=2.45e+58 factor_rho=5.62e-56 rho_eV2=4.17e+56 rho_final=2.35e+01
BG_FUNC: a=3.38e-07 V=1.71e-02 factor_V=2.45e+58 factor_rho=5.62e-56 rho_eV2=4.17e+56 rho_final=2.35e+01
BG_FUNC: a=1.35e-05 V=1.71e-02 factor_V=2.45e+58 factor_rho=5.62e-56 rho_eV2=4.17e+56 rho_final=2.35e+01
RIDDER SWITCHING: z_osc = 2680.11, a_osc = 3.729798e-04
DEBUG: Ridder field ENABLED. Lambda = 5.433444e-01
DEBUG: Ridder field ENABLED. Lambda = 5.433444e-01
BG_FUNC: a=1.32e-14 V=8.47e-03 factor_V=2.45e+58 factor_rho=5.62e-56 rho_eV2=2.07e+56 rho_final=1.16e+01
BG_FUNC: a=4.94e-13 V=8.47e-03 factor_V=2.45e+58 factor_rho=5.62e-56 rho_eV2=2.07e+56 rho_final=1.16e+01
BG_FUNC: a=1.98e-11 V=8.47e-03 factor_V=2.45e+58 factor_rho=5.62e-56 rho_eV2=2.07e+56 rho_final=1.16e+01
BG_FUNC: a=7.90e-10 V=8.47e-03 factor_V=2.45e+58 factor_rho=5.62e-56 rho_eV2=2.07e+56 rho_final=1.16e+01
BG_FUNC: a=3.19e-08 V=8.47e-03 factor_V=2.45e+58 factor_rho=5.62e-56 rho_eV2=2.07e+56 rho_final=1.16e+01
BG_FUNC: a=1.26e-06 V=8.47e-03 factor_V=2.45e+58 factor_rho=5.62e-56 rho_eV2=2.07e+56 rho_final=1.16e+01
BG_FUNC: a=5.06e-05 V=8.46e-03 factor_V=2.45e+58 factor_rho=5.62e-56 rho_eV2=2.07e+56 rho_final=1.16e+01
RIDDER SWITCHING: z_osc = 2154.41,[mcmc] Progress @ 2025-12-01 02:38:28 : 6873 steps taken, and 987 accepted.
 a_osc = 4.639489e-04
DEBUG: Ridder field ENABLED. Lambda = 1.190274e-01
DEBUG: Ridder field ENABLED. Lambda = 1.190274e-01
BG_FUNC: a=3.50e-14 V=1.95e-05 factor_V=2.45e+58 factor_rho=5.62e-56 rho_eV2=4.77e+53 rho_final=2.68e-02
BG_FUNC: a=1.01e-12 V=1.95e-05 factor_V=2.45e+58 factor_rho=5.62e-56 rho_eV2=4.77e+53 rho_final=2.68e-02
BG_FUNC: a=3.04e-11 V=1.95e-05 factor_V=2.45e+58 factor_rho=5.62e-56 rho_eV2=4.77e+53 rho_final=2.68e-02
BG_FUNC: a=9.28e-10 V=1.95e-05 factor_V=2.45e+58 factor_rho=5.62e-56 rho_eV2=4.77e+53 rho_final=2.68e-02
BG_FUNC: a=2.78e-08 V=1.95e-05 factor_V=2.45e+58 factor_rho=5.62e-56 rho_eV2=4.77e+53 rho_final=2.68e-02
BG_FUNC: a=8.42e-07 V=1.95e-05 factor_V=2.45e+58 factor_rho=5.62e-56 rho_eV2=4.77e+53 rho_final=2.68e-02
BG_FUNC: a=2.55e-05 V=1.95e-05 factor_V=2.45e+58 factor_rho=5.62e-56 rho_eV2=4.77e+53 rho_final=2.68e-02
BG_FUNC: a=8.36e-04 V=1.90e-05 factor_V=2.45e+58 factor_rho=5.62e-56 rho_eV2=4.69e+53 rho_final=2.64e-02
RIDDER SWITCHING: z_osc = 282.77, a_osc = 3.524037e-03
DEBUG: Ridder field ENABLED. Lambda = 3.971832e-01
DEBUG: Ridder field ENABLED. Lambda = 3.971832e-01
BG_FUNC: a=8.37e-14 V=2.42e-03 factor_V=2.45e+58 factor_rho=5.62e-56 rho_eV2=5.91e+55 rho_final=3.32e+00
BG_FUNC: a=3.17e-12 V=2.42e-03 factor_V=2.45e+58 factor_rho=5.62e-56 rho_eV2=5.91e+55 rho_final=3.32e+00
BG_FUNC: a=1.24e-10 V=2.42e-03 factor_V=2.45e+58 factor_rho=5.62e-56 rho_eV2=5.91e+55 rho_final=3.32e+00
BG_FUNC: a=4.86e-09 V=2.42e-03 factor_V=2.45e+58 factor_rho=5.62e-56 rho_eV2=5.91e+55 rho_final=3.32e+00
BG_FUNC: a=1.91e-07 V=2.42e-03 factor_V=2.45e+58 factor_rho=5.62e-56 rho_eV2=5.91e+55 rho_final=3.32e+00
BG_FUNC: a=7.38e-06 V=2.42e-03 factor_V=2.45e+58 factor_rho=5.62e-56 rho_eV2=5.91e+55 rho_final=3.32e+00
BG_FUNC: a=2.82e-04 V=2.25e-03 factor_V=2.45e+58 factor_rho=5.62e-56 rho_eV2=5.65e+55 rho_final=3.18e+00
RIDDER SWITCHING: z_osc = 1475.13, a_osc = 6.774478e-04
DEBUG: Ridder field ENABLED. Lambda = 5.942763e-01
DEBUG: Ridder field ENABLED. Lambda = 5.942763e-01
BG_FUNC: a=1.43e-13 V=1.21e-02 factor_V=2.45e+58 factor_rho=5.62e-56 rho_eV2=2.96e+56 rho_final=1.67e+01
BG_FUNC: a=5.67e-12 V=1.21e-02 factor_V=2.45e+58 factor_rho=5.62e-56 rho_eV2=2.96e+56 rho_final=1.67e+01
BG_FUNC: a=2.25e-10 V=1.21e-02 factor_V=2.45e+58 factor_rho=5.62e-56 rho_eV2=2.96e+56 rho_final=1.67e+01
BG_FUNC: a=8.92e-09 V=1.21e-02 factor_V=2.45e+58 factor_rho=5.62e-56 rho_eV2=2.96e+56 rho_final=1.67e+01
BG_FUNC: a=3.53e-07 V=1.21e-02 factor_V=2.45e+58 factor_rho=5.62e-56 rho_eV2=2.96e+56 rho_final=1.67e+01
BG_FUNC: a=1.40e-05 V=1.21e-02 factor_V=2.45e+58 factor_rho=5.62e-56 rho_eV2=2.96e+56 rho_final=1.67e+01
RIDDER SWITCHING: z_osc = 2404.95, a_osc = 4.156357e-04
DEBUG: Ridder field ENABLED. Lambda = 5.267324e-01
DEBUG: Ridder field ENABLED. Lambda = 5.267324e-01
BG_FUNC: a=1.22e-14 V=7.48e-03 factor_V=2.45e+58 factor_rho=5.62e-56 rho_eV2=1.83e+56 rho_final=1.03e+01
BG_FUNC: a=4.52e-13 V=7.48e-03 factor_V=2.45e+58 factor_rho=5.62e-56 rho_eV2=1.83e+56 rho_final=1.03e+01
BG_FUNC: a=1.78e-11 V=7.48e-03 factor_V=2.45e+58 factor_rho=5.62e-56 rho_eV2=1.83e+56 rho_final=1.03e+01
BG_FUNC: a=6.98e-10 V=7.48e-03 factor_V=2.45e+58 factor_rho=5.62e-56 rho_eV2=1.83e+56 rho_final=1.03e+01
BG_FUNC: a=2.74e-08 V=7.48e-03 factor_V=2.45e+58 factor_rho=5.62e-56 rho_eV2=1.83e+56 rho_final=1.03e+01
BG_FUNC: a=1.08e-06 V=7.48e-03 factor_V=2.45e+58 factor_rho=5.62e-56 rho_eV2=1.83e+56 rho_final=1.03e+01
BG_FUNC: a=4.16e-05 V=7.48e-03 factor_V=2.45e+58 factor_rho=5.62e-56 rho_eV2=1.83e+56 rho_final=1.03e+01
RIDDER SWITCHING: z_osc = 2080.69, a_osc = 4.803796e-04
DEBUG: Ridder field ENABLED. Lambda = 5.628913e-01
DEBUG: Ridder field ENABLED. Lambda = 5.628913e-01
BG_FUNC: a=3.07e-14 V=9.75e-03 factor_V=2.45e+58 factor_rho=5.62e-56 rho_eV2=2.38e+56 rho_final=1.34e+01
BG_FUNC: a=1.16e-12 V=9.75e-03 factor_V=2.45e+58 factor_rho=5.62e-56 rho_eV2=2.38e+56 rho_final=1.34e+01
BG_FUNC: a=4.60e-11 V=9.75e-03 factor_V=2.45e+58 factor_rho=5.62e-56 rho_eV2=2.38e+56 rho_final=1.34e+01
BG_FUNC: a=1.83e-09 V=9.75e-03 factor_V=2.45e+58 factor_rho=5.62e-56 rho_eV2=2.38e+56 [mcmc] Progress @ 2025-12-01 02:39:32 : 7001 steps taken, and 1004 accepted.
rho_final=1.34e+01
BG_FUNC: a=7.26e-08 V=9.75e-03 factor_V=2.45e+58 factor_rho=5.62e-56 rho_eV2=2.38e+56 rho_final=1.34e+01
BG_FUNC: a=2.88e-06 V=9.75e-03 factor_V=2.45e+58 factor_rho=5.62e-56 rho_eV2=2.38e+56 rho_final=1.34e+01
BG_FUNC: a=1.15e-04 V=9.65e-03 factor_V=2.45e+58 factor_rho=5.62e-56 rho_eV2=2.37e+56 rho_final=1.33e+01
RIDDER SWITCHING: z_osc = 2245.20, a_osc = 4.451967e-04
DEBUG: Ridder field ENABLED. Lambda = 4.769051e-01
DEBUG: Ridder field ENABLED. Lambda = 4.769051e-01
BG_FUNC: a=9.06e-14 V=5.03e-03 factor_V=2.45e+58 factor_rho=5.62e-56 rho_eV2=1.23e+56 rho_final=6.91e+00
BG_FUNC: a=3.53e-12 V=5.03e-03 factor_V=2.45e+58 factor_rho=5.62e-56 rho_eV2=1.23e+56 rho_final=6.91e+00
BG_FUNC: a=1.41e-10 V=5.03e-03 factor_V=2.45e+58 factor_rho=5.62e-56 rho_eV2=1.23e+56 rho_final=6.91e+00
BG_FUNC: a=5.67e-09 V=5.03e-03 factor_V=2.45e+58 factor_rho=5.62e-56 rho_eV2=1.23e+56 rho_final=6.91e+00
BG_FUNC: a=2.27e-07 V=5.03e-03 factor_V=2.45e+58 factor_rho=5.62e-56 rho_eV2=1.23e+56 rho_final=6.91e+00
BG_FUNC: a=9.10e-06 V=5.03e-03 factor_V=2.45e+58 factor_rho=5.62e-56 rho_eV2=1.23e+56 rho_final=6.91e+00
BG_FUNC: a=3.63e-04 V=3.55e-03 factor_V=2.45e+58 factor_rho=5.62e-56 rho_eV2=9.90e+55 rho_final=5.56e+00
RIDDER SWITCHING: z_osc = 1837.92, a_osc = 5.437974e-04
DEBUG: Ridder field ENABLED. Lambda = 7.173737e-01
DEBUG: Ridder field ENABLED. Lambda = 7.173737e-01
BG_FUNC: a=2.29e-13 V=2.57e-02 factor_V=2.45e+58 factor_rho=5.62e-56 rho_eV2=6.29e+56 rho_final=3.54e+01
BG_FUNC: a=9.11e-12 V=2.57e-02 factor_V=2.45e+58 factor_rho=5.62e-56 rho_eV2=6.29e+56 rho_final=3.54e+01
BG_FUNC: a=3.62e-10 V=2.57e-02 factor_V=2.45e+58 factor_rho=5.62e-56 rho_eV2=6.29e+56 rho_final=3.54e+01
BG_FUNC: a=1.44e-08 V=2.57e-02 factor_V=2.45e+58 factor_rho=5.62e-56 rho_eV2=6.29e+56 rho_final=3.54e+01
BG_FUNC: a=5.71e-07 V=2.57e-02 factor_V=2.45e+58 factor_rho=5.62e-56 rho_eV2=6.29e+56 rho_final=3.54e+01
BG_FUNC: a=2.27e-05 V=2.57e-02 factor_V=2.45e+58 factor_rho=5.62e-56 rho_eV2=6.29e+56 rho_final=3.54e+01
RIDDER SWITCHING: z_osc = 3026.62, a_osc = 3.302922e-04
DEBUG: Ridder field ENABLED. Lambda = 6.481141e-01
DEBUG: Ridder field ENABLED. Lambda = 6.481141e-01
BG_FUNC: a=2.47e-14 V=1.71e-02 factor_V=2.45e+58 factor_rho=5.62e-56 rho_eV2=4.19e+56 rho_final=2.36e+01
BG_FUNC: a=9.29e-13 V=1.71e-02 factor_V=2.45e+58 factor_rho=5.62e-56 rho_eV2=4.19e+56 rho_final=2.36e+01
BG_FUNC: a=3.69e-11 V=1.71e-02 factor_V=2.45e+58 factor_rho=5.62e-56 rho_eV2=4.19e+56 rho_final=2.36e+01
BG_FUNC: a=1.46e-09 V=1.71e-02 factor_V=2.45e+58 factor_rho=5.62e-56 rho_eV2=4.19e+56 rho_final=2.36e+01
BG_FUNC: a=5.81e-08 V=1.71e-02 factor_V=2.45e+58 factor_rho=5.62e-56 rho_eV2=4.19e+56 rho_final=2.36e+01
BG_FUNC: a=2.30e-06 V=1.71e-02 factor_V=2.45e+58 factor_rho=5.62e-56 rho_eV2=4.19e+56 rho_final=2.36e+01
BG_FUNC: a=9.08e-05 V=1.70e-02 factor_V=2.45e+58 factor_rho=5.62e-56 rho_eV2=4.17e+56 rho_final=2.35e+01
RIDDER SWITCHING: z_osc = 2690.59, a_osc = 3.715281e-04
DEBUG: Ridder field ENABLED. Lambda = 5.167081e-01
DEBUG: Ridder field ENABLED. Lambda = 5.167081e-01
BG_FUNC: a=8.63e-14 V=6.92e-03 factor_V=2.45e+58 factor_rho=5.62e-56 rho_eV2=1.69e+56 rho_final=9.52e+00
BG_FUNC: a=3.27e-12 V=6.92e-03 factor_V=2.45e+58 factor_rho=5.62e-56 rho_eV2=1.69e+56 rho_final=9.52e+00
BG_FUNC: a=1.28e-10 V=6.92e-03 factor_V=2.45e+58 factor_rho=5.62e-56 rho_eV2=1.69e+56 rho_final=9.52e+00
BG_FUNC: a=5.03e-09 V=6.92e-03 factor_V=2.45e+58 factor_rho=5.62e-56 rho_eV2=1.69e+56 rho_final=9.52e+00
BG_FUNC: a=1.97e-07 V=6.92e-03 factor_V=2.45e+58 factor_rho=5.62e-56 rho_eV2=1.69e+56 rho_final=9.52e+00
BG_FUNC: a=7.67e-06 V=6.92e-03 factor_V=2.45e+58 factor_rho=5.62e-56 rho_eV2=1.69e+56 rho_final=9.52e+00
BG_FUNC: a=2.92e-04 V=5.52e-03 factor_V=2.45e+58 factor_rho=5.62e-56 rho_eV2=1.47e+56 rho_final=8.27e+00
RIDDER SWITCHING: z_osc = 2027.99, a_osc = 4.928569e-04
DEBUG: Ridder field ENABLED. Lambda = 5.538349e-01
DEBUG: Ridder field ENABLED. Lambda = 5.538349e-01
BG_FUNC: a=2.03e-13 V=9.14e-03 factor_V=2.45e+58 factor_rho=5.62e-56 rho_eV2=2.23e+56 rho_final=1.26e+01
BG_FUNC: a=8.12e-12 V=9.14e-03 f[mcmc] Progress @ 2025-12-01 02:40:35 : 7095 steps taken, and 1017 accepted.
actor_V=2.45e+58 factor_rho=5.62e-56 rho_eV2=2.23e+56 rho_final=1.26e+01
BG_FUNC: a=3.25e-10 V=9.14e-03 factor_V=2.45e+58 factor_rho=5.62e-56 rho_eV2=2.23e+56 rho_final=1.26e+01
BG_FUNC: a=1.30e-08 V=9.14e-03 factor_V=2.45e+58 factor_rho=5.62e-56 rho_eV2=2.23e+56 rho_final=1.26e+01
BG_FUNC: a=5.21e-07 V=9.14e-03 factor_V=2.45e+58 factor_rho=5.62e-56 rho_eV2=2.23e+56 rho_final=1.26e+01
BG_FUNC: a=2.11e-05 V=9.14e-03 factor_V=2.45e+58 factor_rho=5.62e-56 rho_eV2=2.23e+56 rho_final=1.26e+01
RIDDER SWITCHING: z_osc = 2210.55, a_osc = 4.521717e-04
DEBUG: Ridder field ENABLED. Lambda = 8.307553e-01
DEBUG: Ridder field ENABLED. Lambda = 8.307553e-01
BG_FUNC: a=1.67e-14 V=4.63e-02 factor_V=2.45e+58 factor_rho=5.62e-56 rho_eV2=1.13e+57 rho_final=6.36e+01
BG_FUNC: a=6.25e-13 V=4.63e-02 factor_V=2.45e+58 factor_rho=5.62e-56 rho_eV2=1.13e+57 rho_final=6.36e+01
BG_FUNC: a=2.48e-11 V=4.63e-02 factor_V=2.45e+58 factor_rho=5.62e-56 rho_eV2=1.13e+57 rho_final=6.36e+01
BG_FUNC: a=9.85e-10 V=4.63e-02 factor_V=2.45e+58 factor_rho=5.62e-56 rho_eV2=1.13e+57 rho_final=6.36e+01
BG_FUNC: a=3.91e-08 V=4.63e-02 factor_V=2.45e+58 factor_rho=5.62e-56 rho_eV2=1.13e+57 rho_final=6.36e+01
BG_FUNC: a=1.55e-06 V=4.63e-02 factor_V=2.45e+58 factor_rho=5.62e-56 rho_eV2=1.13e+57 rho_final=6.36e+01
BG_FUNC: a=6.12e-05 V=4.61e-02 factor_V=2.45e+58 factor_rho=5.62e-56 rho_eV2=1.13e+57 rho_final=6.34e+01
RIDDER SWITCHING: z_osc = 3595.20, a_osc = 2.780709e-04
DEBUG: Ridder field ENABLED. Lambda = 9.441030e-01
DEBUG: Ridder field ENABLED. Lambda = 9.441030e-01
BG_FUNC: a=7.76e-14 V=7.72e-02 factor_V=2.45e+58 factor_rho=5.62e-56 rho_eV2=1.89e+57 rho_final=1.06e+02
BG_FUNC: a=2.98e-12 V=7.72e-02 factor_V=2.45e+58 factor_rho=5.62e-56 rho_eV2=1.89e+57 rho_final=1.06e+02
BG_FUNC: a=1.18e-10 V=7.72e-02 factor_V=2.45e+58 factor_rho=5.62e-56 rho_eV2=1.89e+57 rho_final=1.06e+02
BG_FUNC: a=4.70e-09 V=7.72e-02 factor_V=2.45e+58 factor_rho=5.62e-56 rho_eV2=1.89e+57 rho_final=1.06e+02
BG_FUNC: a=1.87e-07 V=7.72e-02 factor_V=2.45e+58 factor_rho=5.62e-56 rho_eV2=1.89e+57 rho_final=1.06e+02
BG_FUNC: a=7.41e-06 V=7.72e-02 factor_V=2.45e+58 factor_rho=5.62e-56 rho_eV2=1.89e+57 rho_final=1.06e+02
RIDDER SWITCHING: z_osc = 4217.61, a_osc = 2.370448e-04
DEBUG: Ridder field ENABLED. Lambda = 5.293311e-01
DEBUG: Ridder field ENABLED. Lambda = 5.293311e-01
BG_FUNC: a=1.13e-14 V=7.63e-03 factor_V=2.45e+58 factor_rho=5.62e-56 rho_eV2=1.86e+56 rho_final=1.05e+01
BG_FUNC: a=4.18e-13 V=7.63e-03 factor_V=2.45e+58 factor_rho=5.62e-56 rho_eV2=1.86e+56 rho_final=1.05e+01
BG_FUNC: a=1.64e-11 V=7.63e-03 factor_V=2.45e+58 factor_rho=5.62e-56 rho_eV2=1.86e+56 rho_final=1.05e+01
BG_FUNC: a=6.48e-10 V=7.63e-03 factor_V=2.45e+58 factor_rho=5.62e-56 rho_eV2=1.86e+56 rho_final=1.05e+01
BG_FUNC: a=2.52e-08 V=7.63e-03 factor_V=2.45e+58 factor_rho=5.62e-56 rho_eV2=1.86e+56 rho_final=1.05e+01
BG_FUNC: a=9.88e-07 V=7.63e-03 factor_V=2.45e+58 factor_rho=5.62e-56 rho_eV2=1.86e+56 rho_final=1.05e+01
BG_FUNC: a=3.81e-05 V=7.63e-03 factor_V=2.45e+58 factor_rho=5.62e-56 rho_eV2=1.86e+56 rho_final=1.05e+01
RIDDER SWITCHING: z_osc = 2081.78, a_osc = 4.801282e-04
DEBUG: Ridder field ENABLED. Lambda = 6.591833e-01
DEBUG: Ridder field ENABLED. Lambda = 6.591833e-01
BG_FUNC: a=2.76e-14 V=1.83e-02 factor_V=2.45e+58 factor_rho=5.62e-56 rho_eV2=4.48e+56 rho_final=2.52e+01
BG_FUNC: a=1.04e-12 V=1.83e-02 factor_V=2.45e+58 factor_rho=5.62e-56 rho_eV2=4.48e+56 rho_final=2.52e+01
BG_FUNC: a=4.13e-11 V=1.83e-02 factor_V=2.45e+58 factor_rho=5.62e-56 rho_eV2=4.48e+56 rho_final=2.52e+01
BG_FUNC: a=1.64e-09 V=1.83e-02 factor_V=2.45e+58 factor_rho=5.62e-56 rho_eV2=4.48e+56 rho_final=2.52e+01
BG_FUNC: a=6.49e-08 V=1.83e-02 factor_V=2.45e+58 factor_rho=5.62e-56 rho_eV2=4.48e+56 rho_final=2.52e+01
BG_FUNC: a=2.57e-06 V=1.83e-02 factor_V=2.45e+58 factor_rho=5.62e-56 rho_eV2=4.48e+56 rho_final=2.52e+01
BG_FUNC: a=1.01e-04 V=1.81e-02 factor_V=2.45e+58 factor_rho=5.62e-56 rho_eV2=4.45e+56 rho_final=2.50e+01
RIDDER SWITCHING: z_osc = 2735.99, a_osc = 3.653651e-04
DEBUG: Ridder field ENABLED. Lambda = 5.595696e-01
DEBUG: Ridder field ENABLED. [mcmc] Progress @ 2025-12-01 02:41:37 : 7175 steps taken, and 1030 accepted.
Lambda = 5.595696e-01
BG_FUNC: a=9.51e-14 V=9.52e-03 factor_V=2.45e+58 factor_rho=5.62e-56 rho_eV2=2.33e+56 rho_final=1.31e+01
BG_FUNC: a=3.77e-12 V=9.52e-03 factor_V=2.45e+58 factor_rho=5.62e-56 rho_eV2=2.33e+56 rho_final=1.31e+01
BG_FUNC: a=1.50e-10 V=9.52e-03 factor_V=2.45e+58 factor_rho=5.62e-56 rho_eV2=2.33e+56 rho_final=1.31e+01
BG_FUNC: a=6.01e-09 V=9.52e-03 factor_V=2.45e+58 factor_rho=5.62e-56 rho_eV2=2.33e+56 rho_final=1.31e+01
BG_FUNC: a=2.37e-07 V=9.52e-03 factor_V=2.45e+58 factor_rho=5.62e-56 rho_eV2=2.33e+56 rho_final=1.31e+01
BG_FUNC: a=9.40e-06 V=9.52e-03 factor_V=2.45e+58 factor_rho=5.62e-56 rho_eV2=2.33e+56 rho_final=1.31e+01
BG_FUNC: a=3.67e-04 V=4.93e-03 factor_V=2.45e+58 factor_rho=5.62e-56 rho_eV2=1.55e+56 rho_final=8.69e+00
RIDDER SWITCHING: z_osc = 2245.81, a_osc = 4.450756e-04
DEBUG: Ridder field ENABLED. Lambda = 5.556497e-01
DEBUG: Ridder field ENABLED. Lambda = 5.556497e-01
BG_FUNC: a=2.84e-13 V=9.26e-03 factor_V=2.45e+58 factor_rho=5.62e-56 rho_eV2=2.26e+56 rho_final=1.27e+01
BG_FUNC: a=1.13e-11 V=9.26e-03 factor_V=2.45e+58 factor_rho=5.62e-56 rho_eV2=2.26e+56 rho_final=1.27e+01
BG_FUNC: a=4.48e-10 V=9.26e-03 factor_V=2.45e+58 factor_rho=5.62e-56 rho_eV2=2.26e+56 rho_final=1.27e+01
BG_FUNC: a=1.78e-08 V=9.26e-03 factor_V=2.45e+58 factor_rho=5.62e-56 rho_eV2=2.26e+56 rho_final=1.27e+01
BG_FUNC: a=7.06e-07 V=9.26e-03 factor_V=2.45e+58 factor_rho=5.62e-56 rho_eV2=2.26e+56 rho_final=1.27e+01
BG_FUNC: a=2.80e-05 V=9.26e-03 factor_V=2.45e+58 factor_rho=5.62e-56 rho_eV2=2.26e+56 rho_final=1.27e+01
RIDDER SWITCHING: z_osc = 2223.01, a_osc = 4.496389e-04
DEBUG: Ridder field ENABLED. Lambda = 6.462106e-01
DEBUG: Ridder field ENABLED. Lambda = 6.462106e-01
BG_FUNC: a=2.24e-14 V=1.69e-02 factor_V=2.45e+58 factor_rho=5.62e-56 rho_eV2=4.14e+56 rho_final=2.33e+01
BG_FUNC: a=8.46e-13 V=1.69e-02 factor_V=2.45e+58 factor_rho=5.62e-56 rho_eV2=4.14e+56 rho_final=2.33e+01
BG_FUNC: a=3.36e-11 V=1.69e-02 factor_V=2.45e+58 factor_rho=5.62e-56 rho_eV2=4.14e+56 rho_final=2.33e+01
BG_FUNC: a=1.33e-09 V=1.69e-02 factor_V=2.45e+58 factor_rho=5.62e-56 rho_eV2=4.14e+56 rho_final=2.33e+01
BG_FUNC: a=5.33e-08 V=1.69e-02 factor_V=2.45e+58 factor_rho=5.62e-56 rho_eV2=4.14e+56 rho_final=2.33e+01
BG_FUNC: a=2.09e-06 V=1.69e-02 factor_V=2.45e+58 factor_rho=5.62e-56 rho_eV2=4.14e+56 rho_final=2.33e+01
BG_FUNC: a=8.25e-05 V=1.69e-02 factor_V=2.45e+58 factor_rho=5.62e-56 rho_eV2=4.13e+56 rho_final=2.32e+01
RIDDER SWITCHING: z_osc = 2658.19, a_osc = 3.760542e-04
DEBUG: Ridder field ENABLED. Lambda = 5.255525e-01
DEBUG: Ridder field ENABLED. Lambda = 5.255525e-01
BG_FUNC: a=7.76e-14 V=7.41e-03 factor_V=2.45e+58 factor_rho=5.62e-56 rho_eV2=1.81e+56 rho_final=1.02e+01
BG_FUNC: a=3.05e-12 V=7.41e-03 factor_V=2.45e+58 factor_rho=5.62e-56 rho_eV2=1.81e+56 rho_final=1.02e+01
BG_FUNC: a=1.25e-10 V=7.41e-03 factor_V=2.45e+58 factor_rho=5.62e-56 rho_eV2=1.81e+56 rho_final=1.02e+01
BG_FUNC: a=5.00e-09 V=7.41e-03 factor_V=2.45e+58 factor_rho=5.62e-56 rho_eV2=1.81e+56 rho_final=1.02e+01
BG_FUNC: a=2.03e-07 V=7.41e-03 factor_V=2.45e+58 factor_rho=5.62e-56 rho_eV2=1.81e+56 rho_final=1.02e+01
BG_FUNC: a=8.21e-06 V=7.41e-03 factor_V=2.45e+58 factor_rho=5.62e-56 rho_eV2=1.81e+56 rho_final=1.02e+01
BG_FUNC: a=3.27e-04 V=5.21e-03 factor_V=2.45e+58 factor_rho=5.62e-56 rho_eV2=1.46e+56 rho_final=8.18e+00
RIDDER SWITCHING: z_osc = 2070.66, a_osc = 4.827043e-04
DEBUG: Ridder field ENABLED. Lambda = 8.306665e-01
DEBUG: Ridder field ENABLED. Lambda = 8.306665e-01
BG_FUNC: a=2.32e-13 V=4.63e-02 factor_V=2.45e+58 factor_rho=5.62e-56 rho_eV2=1.13e+57 rho_final=6.36e+01
BG_FUNC: a=9.21e-12 V=4.63e-02 factor_V=2.45e+58 factor_rho=5.62e-56 rho_eV2=1.13e+57 rho_final=6.36e+01
BG_FUNC: a=3.65e-10 V=4.63e-02 factor_V=2.45e+58 factor_rho=5.62e-56 rho_eV2=1.13e+57 rho_final=6.36e+01
BG_FUNC: a=1.45e-08 V=4.63e-02 factor_V=2.45e+58 factor_rho=5.62e-56 rho_eV2=1.13e+57 rho_final=6.36e+01
BG_FUNC: a=5.74e-07 V=4.63e-02 factor_V=2.45e+58 factor_rho=5.62e-56 rho_eV2=1.13e+57 rho_final=6.36e+01
BG_FUNC: a=2.27e-05 V=4.62e-02 factor_V=2.45e+58 factor_rho=5.62e-56 rho_eV2=1.13e+57 rho_final=6.36e+01
RIDDER SWITCHING: z_osc = 3631.29, a_osc = 2.753087e-04
DEBUG: Ridder field ENABLED. Lambda = 5.730162e-01
DEBUG: Ridder field ENABLED. Lambda = 5.730162e-01
BG_FUNC: a=2.95e-14 V=1.05e-02 factor_V=2.45e+58 factor_rho=5.62e-56 rho_eV2=2.56e+56 rho_final=1.44e+01
BG_FUNC: a=1.12e-12 V=1.05e-02 factor_V=2.45e+58 factor_rho=5.62e-56 rho_eV2=2.56e+56 rho_final=1.44e+01
BG_FUNC: a=4.47e-11 V=1.05e-02 factor_V=2.45e+58 factor_rho=5.62e-56 rho_eV2=2.56e+56 rho_final=1.44e+01
BG_FUNC: a=1.75e-09 V=1.05e-02 factor_V=2.45e+58 factor_rho=5.62e-56 rho_eV2=2.56e+56 rho_final=1.44e+01
BG_FUNC: a=6.96e-08 V=1.05e-02 factor_V=2.45e+58 factor_rho=5.62e-56 rho_eV2=2.56e+56 rho_final=1.44e+01
BG_FUNC: a=2.76e-06 V=1.05e-02 factor_V=2.45e+58 factor_rho=5.62e-56 rho_eV2=2.56e+56 rho_final=1.44e+01
BG_FUNC: a=1.08e-04 V=1.04e-02 factor_V=2.45e+58 factor_rho=5.62e-56 rho_eV2=2.55e+56 rho_final=1.43e+01
RIDDER SWITCHING: z_osc = 2308.68, a_osc = 4.329597e-04
DEBUG: Ridder field ENABLED. Lambda = 6.240569e-01
DEBUG: Ridder field ENABLED. Lambda = 6.240569e-01
BG_FUNC: a=8.88e-14 V=1.47e-02 factor_V=2.45e+58 factor_rho=5.62e-56 rho_eV2=3.60e+56 rho_final=2.03e+01
BG_FUNC: a=3.42e-12 V=1.47e-02 factor_V=2.45e+58 factor_rho=5.62e-56 rho_eV2=3.60e+56 rho_final=2.03e+01
BG_FUNC: a=1.36e-10 V=1.47e-02 factor_V=2.45e+58 factor_rho=5.62e-56 rho_eV2=3.60e+56 rho_final=2.03e+01
BG_FUNC: a=5.38e-09 V=1.47e-02 factor_V=2.45e+58 factor_rho=5.62e-56 rho_eV2=3.60e+56 rho_final=2.03e+01
BG_FUNC: a=2.13e-07 V=1.47e-02 factor_V=2.45e+58 factor_rho=5.62e-56 rho_eV2=3.60e+56 rho_final=2.03e+01
BG_FUNC: a=8.45e-06 V=1.47e-02 factor_V=2.45e+58 factor_rho=5.62e-56 rho_eV2=3.60e+56 rho_final=2.03e+01
BG_FUNC: a=3.28e-04 V=7.38e-03 factor_V=2.45e+58 factor_rho=5.62e-56 rho_eV2=2.35e+56 rho_final=1.32e+01
RIDDER SWITCHING: z_osc = 2580.39, a_osc = 3.873883e-04
DEBUG: Ridder field ENABLED. Lambda = 4.710919e-01
DEBUG: Ridder field ENABLED. Lambda = 4.710919e-01
BG_FUNC: a=2.91e-13 V=4.78e-03 factor_V=2.45e+58 factor_rho=5.62e-56 rho_eV2=1.17e+56 rho_final=6.58e+00
BG_FUNC: a=1.14e-11 V=4.78e-03 factor_V=2.45e+58 factor_rho=5.62e-56 rho_eV2=1.17e+56 rho_final=6.58e+00
BG_FUNC: a=4.49e-10 V=4.78e-03 factor_V=2.45e+58 factor_rho=5.62e-56 rho_eV2=1.17e+56 rho_final=6.58e+00
BG_FUNC: a=1.76e-08 V=4.78e-03 factor_V=2.45e+58 factor_rho=5.62e-56 rho_eV2=1.17e+56 rho_final=6.58e+00
BG_FUNC: a=6.93e-07 V=4.78e-03 factor_V=2.45e+58 factor_rho=5.62e-56 rho_eV2=1.17e+56 rho_final=6.58e+00
BG_FUNC: a=2.69e-05 V=4.78e-03 factor_V=2.45e+58 factor_rho=5.62e-56 rho_eV2=1.17e+56 rho_final=6.58e+00
RIDDER SWITCHING: z_osc = 1802.73, a_osc = 5.544058e-04
DEBUG: Ridder field ENABLED. Lambda = 9.967565e-01
DEBUG: Ridder field ENABLED. Lambda = 9.967565e-01
BG_FUNC: a=1.74e-14 V=9.59e-02 factor_V=2.45e+58 factor_rho=5.62e-56 rho_eV2=2.34e+57 rho_final=1.32e+02
BG_FUNC: a=6.50e-13 V=9.59e-02 factor_V=2.45e+58 factor_rho=5.62e-56 rho_eV2=2.34e+57 rho_final=1.32e+02
BG_FUNC: a=2.58e-11 V=9.59e-02 factor_V=2.45e+58 factor_rho=5.62e-56 rho_eV2=2.34e+57 rho_final=1.32e+02
BG_FUNC: a=1.03e-09 V=9.59e-02 factor_V=2.45e+58 factor_rho=5.62e-56 rho_eV2=2.34e+57 rho_final=1.32e+02
BG_FUNC: a=4.07e-08 V=9.59e-02 factor_V=2.45e+58 factor_rho=5.62e-56 rho_eV2=2.34e+57 rho_final=1.32e+02
BG_FUNC: a=1.62e-06 V=9.59e-02 factor_V=2.45e+58 factor_rho=5.62e-56 rho_eV2=2.34e+57 rho_final=1.32e+02
BG_FUNC: a=6.38e-05 V=9.49e-02 factor_V=2.45e+58 factor_rho=5.62e-56 rho_eV2=2.33e+57 rho_final=1.31e+02
RIDDER SWITCHING: z_osc = 4436.60, a_osc = 2.253472e-04
DEBUG: Ridder field ENABLED. Lambda = 3.857728e-01
DEBUG: Ridder field ENABLED. Lambda = 3.857728e-01
BG_FUNC: a=9.57e-14 V=2.15e-03 factor_V=2.45e+58 factor_rho=5.62e-56 rho_eV2=5.26e+55 rho_final=2.96e+00
BG_FUNC: a=3.75e-12 V=2.15e-03 factor_V=2.45e+58 factor_rho=5.62e-56 rho_eV2=5.26e+55 rho_final=2.96e+00
BG_FUNC: a=1.47e-10 V=2.15e-03 factor_V=2.45e+58 factor_rho=5.62e-56 rho_eV2=5.26e+55 rho_final=2.96e+00
BG_FUNC: a=5.79e-09 V=2.15e-03 factor_V=2.45e+58 factor_rho=5.62e-56 rho_eV2=5.26e+55 rho_final=2.96e+00
BG_FUNC: a=2.27e-07 V=2.15e-[mcmc] Progress @ 2025-12-01 02:42:38 : 7271 steps taken, and 1044 accepted.
03 factor_V=2.45e+58 factor_rho=5.62e-56 rho_eV2=5.26e+55 rho_final=2.96e+00
BG_FUNC: a=8.93e-06 V=2.15e-03 factor_V=2.45e+58 factor_rho=5.62e-56 rho_eV2=5.26e+55 rho_final=2.96e+00
BG_FUNC: a=3.43e-04 V=1.90e-03 factor_V=2.45e+58 factor_rho=5.62e-56 rho_eV2=4.87e+55 rho_final=2.74e+00
RIDDER SWITCHING: z_osc = 1403.85, a_osc = 7.118196e-04
DEBUG: Ridder field ENABLED. Lambda = 8.816853e-01
DEBUG: Ridder field ENABLED. Lambda = 8.816853e-01
BG_FUNC: a=1.65e-13 V=5.87e-02 factor_V=2.45e+58 factor_rho=5.62e-56 rho_eV2=1.44e+57 rho_final=8.07e+01
BG_FUNC: a=6.65e-12 V=5.87e-02 factor_V=2.45e+58 factor_rho=5.62e-56 rho_eV2=1.44e+57 rho_final=8.07e+01
BG_FUNC: a=2.68e-10 V=5.87e-02 factor_V=2.45e+58 factor_rho=5.62e-56 rho_eV2=1.44e+57 rho_final=8.07e+01
BG_FUNC: a=1.08e-08 V=5.87e-02 factor_V=2.45e+58 factor_rho=5.62e-56 rho_eV2=1.44e+57 rho_final=8.07e+01
BG_FUNC: a=4.37e-07 V=5.87e-02 factor_V=2.45e+58 factor_rho=5.62e-56 rho_eV2=1.44e+57 rho_final=8.07e+01
BG_FUNC: a=1.74e-05 V=5.87e-02 factor_V=2.45e+58 factor_rho=5.62e-56 rho_eV2=1.44e+57 rho_final=8.07e+01
RIDDER SWITCHING: z_osc = 3871.23, a_osc = 2.582488e-04
DEBUG: Ridder field ENABLED. Lambda = 5.970813e-01
DEBUG: Ridder field ENABLED. Lambda = 5.970813e-01
BG_FUNC: a=2.44e-14 V=1.23e-02 factor_V=2.45e+58 factor_rho=5.62e-56 rho_eV2=3.02e+56 rho_final=1.70e+01
BG_FUNC: a=9.26e-13 V=1.23e-02 factor_V=2.45e+58 factor_rho=5.62e-56 rho_eV2=3.02e+56 rho_final=1.70e+01
BG_FUNC: a=3.70e-11 V=1.23e-02 factor_V=2.45e+58 factor_rho=5.62e-56 rho_eV2=3.02e+56 rho_final=1.70e+01
BG_FUNC: a=1.48e-09 V=1.23e-02 factor_V=2.45e+58 factor_rho=5.62e-56 rho_eV2=3.02e+56 rho_final=1.70e+01
BG_FUNC: a=5.92e-08 V=1.23e-02 factor_V=2.45e+58 factor_rho=5.62e-56 rho_eV2=3.02e+56 rho_final=1.70e+01
BG_FUNC: a=2.36e-06 V=1.23e-02 factor_V=2.45e+58 factor_rho=5.62e-56 rho_eV2=3.02e+56 rho_final=1.70e+01
BG_FUNC: a=9.42e-05 V=1.23e-02 factor_V=2.45e+58 factor_rho=5.62e-56 rho_eV2=3.01e+56 rho_final=1.69e+01
RIDDER SWITCHING: z_osc = 2431.40, a_osc = 4.111165e-04
DEBUG: Ridder field ENABLED. Lambda = 2.363016e-01
DEBUG: Ridder field ENABLED. Lambda = 2.363016e-01
BG_FUNC: a=6.95e-14 V=3.03e-04 factor_V=2.45e+58 factor_rho=5.62e-56 rho_eV2=7.41e+54 rho_final=4.16e-01
BG_FUNC: a=1.99e-12 V=3.03e-04 factor_V=2.45e+58 factor_rho=5.62e-56 rho_eV2=7.41e+54 rho_final=4.16e-01
BG_FUNC: a=5.99e-11 V=3.03e-04 factor_V=2.45e+58 factor_rho=5.62e-56 rho_eV2=7.41e+54 rho_final=4.16e-01
BG_FUNC: a=1.80e-09 V=3.03e-04 factor_V=2.45e+58 factor_rho=5.62e-56 rho_eV2=7.41e+54 rho_final=4.16e-01
BG_FUNC: a=5.41e-08 V=3.03e-04 factor_V=2.45e+58 factor_rho=5.62e-56 rho_eV2=7.41e+54 rho_final=4.16e-01
BG_FUNC: a=1.64e-06 V=3.03e-04 factor_V=2.45e+58 factor_rho=5.62e-56 rho_eV2=7.41e+54 rho_final=4.16e-01
BG_FUNC: a=4.89e-05 V=3.03e-04 factor_V=2.45e+58 factor_rho=5.62e-56 rho_eV2=7.41e+54 rho_final=4.16e-01
RIDDER SWITCHING: z_osc = 723.78, a_osc = 1.379734e-03
DEBUG: Ridder field ENABLED. Lambda = 6.671960e-01
DEBUG: Ridder field ENABLED. Lambda = 6.671960e-01
BG_FUNC: a=1.20e-14 V=1.93e-02 factor_V=2.45e+58 factor_rho=5.62e-56 rho_eV2=4.71e+56 rho_final=2.65e+01
BG_FUNC: a=4.45e-13 V=1.93e-02 factor_V=2.45e+58 factor_rho=5.62e-56 rho_eV2=4.71e+56 rho_final=2.65e+01
BG_FUNC: a=1.77e-11 V=1.93e-02 factor_V=2.45e+58 factor_rho=5.62e-56 rho_eV2=4.71e+56 rho_final=2.65e+01
BG_FUNC: a=7.02e-10 V=1.93e-02 factor_V=2.45e+58 factor_rho=5.62e-56 rho_eV2=4.71e+56 rho_final=2.65e+01
BG_FUNC: a=2.79e-08 V=1.93e-02 factor_V=2.45e+58 factor_rho=5.62e-56 rho_eV2=4.71e+56 rho_final=2.65e+01
BG_FUNC: a=1.12e-06 V=1.93e-02 factor_V=2.45e+58 factor_rho=5.62e-56 rho_eV2=4.71e+56 rho_final=2.65e+01
BG_FUNC: a=4.39e-05 V=1.92e-02 factor_V=2.45e+58 factor_rho=5.62e-56 rho_eV2=4.71e+56 rho_final=2.65e+01
RIDDER SWITCHING: z_osc = 2777.28, a_osc = 3.599354e-04
DEBUG: Ridder field ENABLED. Lambda = 5.210883e-01
DEBUG: Ridder field ENABLED. Lambda = 5.210883e-01
BG_FUNC: a=4.35e-14 V=7.16e-03 factor_V=2.45e+58 factor_rho=5.62e-56 rho_eV2=1.75e+56 rho_final=9.85e+00
BG_FUNC: a=1.68e-12 V=7.16e-03 factor_V=2.45e+58 factor_rho=5.62e-56 rho_eV2=1.7[mcmc] Progress @ 2025-12-01 02:43:43 : 7387 steps taken, and 1061 accepted.
5e+56 rho_final=9.85e+00
BG_FUNC: a=6.84e-11 V=7.16e-03 factor_V=2.45e+58 factor_rho=5.62e-56 rho_eV2=1.75e+56 rho_final=9.85e+00
BG_FUNC: a=2.78e-09 V=7.16e-03 factor_V=2.45e+58 factor_rho=5.62e-56 rho_eV2=1.75e+56 rho_final=9.85e+00
BG_FUNC: a=1.13e-07 V=7.16e-03 factor_V=2.45e+58 factor_rho=5.62e-56 rho_eV2=1.75e+56 rho_final=9.85e+00
BG_FUNC: a=4.57e-06 V=7.16e-03 factor_V=2.45e+58 factor_rho=5.62e-56 rho_eV2=1.75e+56 rho_final=9.85e+00
BG_FUNC: a=1.84e-04 V=6.85e-03 factor_V=2.45e+58 factor_rho=5.62e-56 rho_eV2=1.70e+56 rho_final=9.58e+00
RIDDER SWITCHING: z_osc = 2042.35, a_osc = 4.893913e-04
DEBUG: Ridder field ENABLED. Lambda = 2.296266e-01
DEBUG: Ridder field ENABLED. Lambda = 2.296266e-01
BG_FUNC: a=1.05e-13 V=2.70e-04 factor_V=2.45e+58 factor_rho=5.62e-56 rho_eV2=6.60e+54 rho_final=3.71e-01
BG_FUNC: a=3.03e-12 V=2.70e-04 factor_V=2.45e+58 factor_rho=5.62e-56 rho_eV2=6.60e+54 rho_final=3.71e-01
BG_FUNC: a=8.80e-11 V=2.70e-04 factor_V=2.45e+58 factor_rho=5.62e-56 rho_eV2=6.60e+54 rho_final=3.71e-01
BG_FUNC: a=2.56e-09 V=2.70e-04 factor_V=2.45e+58 factor_rho=5.62e-56 rho_eV2=6.60e+54 rho_final=3.71e-01
BG_FUNC: a=7.45e-08 V=2.70e-04 factor_V=2.45e+58 factor_rho=5.62e-56 rho_eV2=6.60e+54 rho_final=3.71e-01
BG_FUNC: a=2.17e-06 V=2.70e-04 factor_V=2.45e+58 factor_rho=5.62e-56 rho_eV2=6.60e+54 rho_final=3.71e-01
BG_FUNC: a=6.18e-05 V=2.70e-04 factor_V=2.45e+58 factor_rho=5.62e-56 rho_eV2=6.60e+54 rho_final=3.71e-01
RIDDER SWITCHING: z_osc = 711.88, a_osc = 1.402752e-03
DEBUG: Ridder field ENABLED. Lambda = 5.945193e-01
DEBUG: Ridder field ENABLED. Lambda = 5.945193e-01
BG_FUNC: a=1.50e-14 V=1.21e-02 factor_V=2.45e+58 factor_rho=5.62e-56 rho_eV2=2.97e+56 rho_final=1.67e+01
BG_FUNC: a=5.66e-13 V=1.21e-02 factor_V=2.45e+58 factor_rho=5.62e-56 rho_eV2=2.97e+56 rho_final=1.67e+01
BG_FUNC: a=2.27e-11 V=1.21e-02 factor_V=2.45e+58 factor_rho=5.62e-56 rho_eV2=2.97e+56 rho_final=1.67e+01
BG_FUNC: a=9.13e-10 V=1.21e-02 factor_V=2.45e+58 factor_rho=5.62e-56 rho_eV2=2.97e+56 rho_final=1.67e+01
BG_FUNC: a=3.66e-08 V=1.21e-02 factor_V=2.45e+58 factor_rho=5.62e-56 rho_eV2=2.97e+56 rho_final=1.67e+01
BG_FUNC: a=1.47e-06 V=1.21e-02 factor_V=2.45e+58 factor_rho=5.62e-56 rho_eV2=2.97e+56 rho_final=1.67e+01
BG_FUNC: a=5.91e-05 V=1.21e-02 factor_V=2.45e+58 factor_rho=5.62e-56 rho_eV2=2.97e+56 rho_final=1.67e+01
RIDDER SWITCHING: z_osc = 2411.29, a_osc = 4.145445e-04
DEBUG: Ridder field ENABLED. Lambda = 9.819924e-01
DEBUG: Ridder field ENABLED. Lambda = 9.819924e-01
BG_FUNC: a=5.08e-14 V=9.03e-02 factor_V=2.45e+58 factor_rho=5.62e-56 rho_eV2=2.21e+57 rho_final=1.24e+02
BG_FUNC: a=1.93e-12 V=9.03e-02 factor_V=2.45e+58 factor_rho=5.62e-56 rho_eV2=2.21e+57 rho_final=1.24e+02
BG_FUNC: a=7.68e-11 V=9.03e-02 factor_V=2.45e+58 factor_rho=5.62e-56 rho_eV2=2.21e+57 rho_final=1.24e+02
BG_FUNC: a=3.04e-09 V=9.03e-02 factor_V=2.45e+58 factor_rho=5.62e-56 rho_eV2=2.21e+57 rho_final=1.24e+02
BG_FUNC: a=1.21e-07 V=9.03e-02 factor_V=2.45e+58 factor_rho=5.62e-56 rho_eV2=2.21e+57 rho_final=1.24e+02
BG_FUNC: a=4.78e-06 V=9.03e-02 factor_V=2.45e+58 factor_rho=5.62e-56 rho_eV2=2.21e+57 rho_final=1.24e+02
BG_FUNC: a=1.87e-04 V=5.19e-02 factor_V=2.45e+58 factor_rho=5.62e-56 rho_eV2=1.57e+57 rho_final=8.84e+01
RIDDER SWITCHING: z_osc = 4366.87, a_osc = 2.289444e-04
DEBUG: Ridder field ENABLED. Lambda = 5.529771e-01
DEBUG: Ridder field ENABLED. Lambda = 5.529771e-01
BG_FUNC: a=2.83e-13 V=9.08e-03 factor_V=2.45e+58 factor_rho=5.62e-56 rho_eV2=2.22e+56 rho_final=1.25e+01
BG_FUNC: a=1.12e-11 V=9.08e-03 factor_V=2.45e+58 factor_rho=5.62e-56 rho_eV2=2.22e+56 rho_final=1.25e+01
BG_FUNC: a=4.45e-10 V=9.08e-03 factor_V=2.45e+58 factor_rho=5.62e-56 rho_eV2=2.22e+56 rho_final=1.25e+01
BG_FUNC: a=1.76e-08 V=9.08e-03 factor_V=2.45e+58 factor_rho=5.62e-56 rho_eV2=2.22e+56 rho_final=1.25e+01
BG_FUNC: a=6.99e-07 V=9.08e-03 factor_V=2.45e+58 factor_rho=5.62e-56 rho_eV2=2.22e+56 rho_final=1.25e+01
BG_FUNC: a=2.80e-05 V=9.08e-03 factor_V=2.45e+58 factor_rho=5.62e-56 rho_eV2=2.22e+56 rho_final=1.25e+01
RIDDER SWITCHING: z_osc = 2200.67, a_osc = 4.542012e-04
DEBUG: Ridder field ENAB[mcmc] Progress @ 2025-12-01 02:44:43 : 7463 steps taken, and 1075 accepted.
LED. Lambda = 1.036059e+00
DEBUG: Ridder field ENABLED. Lambda = 1.036059e+00
BG_FUNC: a=2.18e-14 V=1.12e-01 factor_V=2.45e+58 factor_rho=5.62e-56 rho_eV2=2.74e+57 rho_final=1.54e+02
BG_FUNC: a=8.22e-13 V=1.12e-01 factor_V=2.45e+58 factor_rho=5.62e-56 rho_eV2=2.74e+57 rho_final=1.54e+02
BG_FUNC: a=3.20e-11 V=1.12e-01 factor_V=2.45e+58 factor_rho=5.62e-56 rho_eV2=2.74e+57 rho_final=1.54e+02
BG_FUNC: a=1.25e-09 V=1.12e-01 factor_V=2.45e+58 factor_rho=5.62e-56 rho_eV2=2.74e+57 rho_final=1.54e+02
BG_FUNC: a=4.91e-08 V=1.12e-01 factor_V=2.45e+58 factor_rho=5.62e-56 rho_eV2=2.74e+57 rho_final=1.54e+02
BG_FUNC: a=1.94e-06 V=1.12e-01 factor_V=2.45e+58 factor_rho=5.62e-56 rho_eV2=2.74e+57 rho_final=1.54e+02
BG_FUNC: a=7.35e-05 V=1.10e-01 factor_V=2.45e+58 factor_rho=5.62e-56 rho_eV2=2.70e+57 rho_final=1.52e+02
RIDDER SWITCHING: z_osc = 4685.29, a_osc = 2.133886e-04
DEBUG: Ridder field ENABLED. Lambda = 4.423329e-01
DEBUG: Ridder field ENABLED. Lambda = 4.423329e-01
BG_FUNC: a=1.17e-13 V=3.72e-03 factor_V=2.45e+58 factor_rho=5.62e-56 rho_eV2=9.09e+55 rho_final=5.11e+00
BG_FUNC: a=4.58e-12 V=3.72e-03 factor_V=2.45e+58 factor_rho=5.62e-56 rho_eV2=9.09e+55 rho_final=5.11e+00
BG_FUNC: a=1.80e-10 V=3.72e-03 factor_V=2.45e+58 factor_rho=5.62e-56 rho_eV2=9.09e+55 rho_final=5.11e+00
BG_FUNC: a=7.06e-09 V=3.72e-03 factor_V=2.45e+58 factor_rho=5.62e-56 rho_eV2=9.09e+55 rho_final=5.11e+00
BG_FUNC: a=2.80e-07 V=3.72e-03 factor_V=2.45e+58 factor_rho=5.62e-56 rho_eV2=9.09e+55 rho_final=5.11e+00
BG_FUNC: a=1.08e-05 V=3.72e-03 factor_V=2.45e+58 factor_rho=5.62e-56 rho_eV2=9.09e+55 rho_final=5.11e+00
BG_FUNC: a=4.14e-04 V=2.47e-03 factor_V=2.45e+58 factor_rho=5.62e-56 rho_eV2=7.04e+55 rho_final=3.96e+00
RIDDER SWITCHING: z_osc = 1673.61, a_osc = 5.971549e-04
DEBUG: Ridder field ENABLED. Lambda = 5.771497e-01
DEBUG: Ridder field ENABLED. Lambda = 5.771497e-01
BG_FUNC: a=2.39e-13 V=1.08e-02 factor_V=2.45e+58 factor_rho=5.62e-56 rho_eV2=2.64e+56 rho_final=1.48e+01
BG_FUNC: a=9.53e-12 V=1.08e-02 factor_V=2.45e+58 factor_rho=5.62e-56 rho_eV2=2.64e+56 rho_final=1.48e+01
BG_FUNC: a=3.74e-10 V=1.08e-02 factor_V=2.45e+58 factor_rho=5.62e-56 rho_eV2=2.64e+56 rho_final=1.48e+01
BG_FUNC: a=1.48e-08 V=1.08e-02 factor_V=2.45e+58 factor_rho=5.62e-56 rho_eV2=2.64e+56 rho_final=1.48e+01
BG_FUNC: a=5.87e-07 V=1.08e-02 factor_V=2.45e+58 factor_rho=5.62e-56 rho_eV2=2.64e+56 rho_final=1.48e+01
BG_FUNC: a=2.35e-05 V=1.08e-02 factor_V=2.45e+58 factor_rho=5.62e-56 rho_eV2=2.64e+56 rho_final=1.48e+01
RIDDER SWITCHING: z_osc = 2348.27, a_osc = 4.256647e-04
DEBUG: Ridder field ENABLED. Lambda = 5.750443e-01
DEBUG: Ridder field ENABLED. Lambda = 5.750443e-01
BG_FUNC: a=1.95e-14 V=1.06e-02 factor_V=2.45e+58 factor_rho=5.62e-56 rho_eV2=2.60e+56 rho_final=1.46e+01
BG_FUNC: a=7.34e-13 V=1.06e-02 factor_V=2.45e+58 factor_rho=5.62e-56 rho_eV2=2.60e+56 rho_final=1.46e+01
BG_FUNC: a=2.91e-11 V=1.06e-02 factor_V=2.45e+58 factor_rho=5.62e-56 rho_eV2=2.60e+56 rho_final=1.46e+01
BG_FUNC: a=1.17e-09 V=1.06e-02 factor_V=2.45e+58 factor_rho=5.62e-56 rho_eV2=2.60e+56 rho_final=1.46e+01
BG_FUNC: a=4.59e-08 V=1.06e-02 factor_V=2.45e+58 factor_rho=5.62e-56 rho_eV2=2.60e+56 rho_final=1.46e+01
BG_FUNC: a=1.84e-06 V=1.06e-02 factor_V=2.45e+58 factor_rho=5.62e-56 rho_eV2=2.60e+56 rho_final=1.46e+01
BG_FUNC: a=7.19e-05 V=1.06e-02 factor_V=2.45e+58 factor_rho=5.62e-56 rho_eV2=2.59e+56 rho_final=1.46e+01
RIDDER SWITCHING: z_osc = 2305.09, a_osc = 4.336353e-04
DEBUG: Ridder field ENABLED. Lambda = 5.793983e-01
DEBUG: Ridder field ENABLED. Lambda = 5.793983e-01
BG_FUNC: a=5.89e-14 V=1.09e-02 factor_V=2.45e+58 factor_rho=5.62e-56 rho_eV2=2.68e+56 rho_final=1.50e+01
BG_FUNC: a=2.26e-12 V=1.09e-02 factor_V=2.45e+58 factor_rho=5.62e-56 rho_eV2=2.68e+56 rho_final=1.50e+01
BG_FUNC: a=8.95e-11 V=1.09e-02 factor_V=2.45e+58 factor_rho=5.62e-56 rho_eV2=2.68e+56 rho_final=1.50e+01
BG_FUNC: a=3.55e-09 V=1.09e-02 factor_V=2.45e+58 factor_rho=5.62e-56 rho_eV2=2.68e+56 rho_final=1.50e+01
BG_FUNC: a=1.41e-07 V=1.09e-02 factor_V=2.45e+58 factor_rho=5.62e-56 rho_eV2=2.68e+56 rho_final=1.50e+01
BG_FUNC: a=5.57e-06 V=1.09[mcmc] Progress @ 2025-12-01 02:45:50 : 7580 steps taken, and 1093 accepted.
e-02 factor_V=2.45e+58 factor_rho=5.62e-56 rho_eV2=2.68e+56 rho_final=1.50e+01
BG_FUNC: a=2.19e-04 V=9.65e-03 factor_V=2.45e+58 factor_rho=5.62e-56 rho_eV2=2.48e+56 rho_final=1.39e+01
RIDDER SWITCHING: z_osc = 2328.63, a_osc = 4.292519e-04
DEBUG: Ridder field ENABLED. Lambda = 1.058923e+00
DEBUG: Ridder field ENABLED. Lambda = 1.058923e+00
BG_FUNC: a=1.75e-13 V=1.22e-01 factor_V=2.45e+58 factor_rho=5.62e-56 rho_eV2=2.99e+57 rho_final=1.68e+02
BG_FUNC: a=6.94e-12 V=1.22e-01 factor_V=2.45e+58 factor_rho=5.62e-56 rho_eV2=2.99e+57 rho_final=1.68e+02
BG_FUNC: a=2.75e-10 V=1.22e-01 factor_V=2.45e+58 factor_rho=5.62e-56 rho_eV2=2.99e+57 rho_final=1.68e+02
BG_FUNC: a=1.09e-08 V=1.22e-01 factor_V=2.45e+58 factor_rho=5.62e-56 rho_eV2=2.99e+57 rho_final=1.68e+02
BG_FUNC: a=4.32e-07 V=1.22e-01 factor_V=2.45e+58 factor_rho=5.62e-56 rho_eV2=2.99e+57 rho_final=1.68e+02
BG_FUNC: a=1.71e-05 V=1.22e-01 factor_V=2.45e+58 factor_rho=5.62e-56 rho_eV2=2.99e+57 rho_final=1.68e+02
RIDDER SWITCHING: z_osc = 4791.89, a_osc = 2.086425e-04
DEBUG: Ridder field ENABLED. Lambda = 5.507780e-01
DEBUG: Ridder field ENABLED. Lambda = 5.507780e-01
BG_FUNC: a=2.92e-14 V=8.94e-03 factor_V=2.45e+58 factor_rho=5.62e-56 rho_eV2=2.19e+56 rho_final=1.23e+01
BG_FUNC: a=1.10e-12 V=8.94e-03 factor_V=2.45e+58 factor_rho=5.62e-56 rho_eV2=2.19e+56 rho_final=1.23e+01
BG_FUNC: a=4.38e-11 V=8.94e-03 factor_V=2.45e+58 factor_rho=5.62e-56 rho_eV2=2.19e+56 rho_final=1.23e+01
BG_FUNC: a=1.74e-09 V=8.94e-03 factor_V=2.45e+58 factor_rho=5.62e-56 rho_eV2=2.19e+56 rho_final=1.23e+01
BG_FUNC: a=6.88e-08 V=8.94e-03 factor_V=2.45e+58 factor_rho=5.62e-56 rho_eV2=2.19e+56 rho_final=1.23e+01
BG_FUNC: a=2.73e-06 V=8.94e-03 factor_V=2.45e+58 factor_rho=5.62e-56 rho_eV2=2.19e+56 rho_final=1.23e+01
BG_FUNC: a=1.07e-04 V=8.87e-03 factor_V=2.45e+58 factor_rho=5.62e-56 rho_eV2=2.18e+56 rho_final=1.22e+01
RIDDER SWITCHING: z_osc = 2203.92, a_osc = 4.535304e-04
DEBUG: Ridder field ENABLED. Lambda = 5.826565e-01
DEBUG: Ridder field ENABLED. Lambda = 5.826565e-01
BG_FUNC: a=8.33e-14 V=1.12e-02 factor_V=2.45e+58 factor_rho=5.62e-56 rho_eV2=2.74e+56 rho_final=1.54e+01
BG_FUNC: a=3.20e-12 V=1.12e-02 factor_V=2.45e+58 factor_rho=5.62e-56 rho_eV2=2.74e+56 rho_final=1.54e+01
BG_FUNC: a=1.27e-10 V=1.12e-02 factor_V=2.45e+58 factor_rho=5.62e-56 rho_eV2=2.74e+56 rho_final=1.54e+01
BG_FUNC: a=5.04e-09 V=1.12e-02 factor_V=2.45e+58 factor_rho=5.62e-56 rho_eV2=2.74e+56 rho_final=1.54e+01
BG_FUNC: a=2.00e-07 V=1.12e-02 factor_V=2.45e+58 factor_rho=5.62e-56 rho_eV2=2.74e+56 rho_final=1.54e+01
BG_FUNC: a=7.93e-06 V=1.12e-02 factor_V=2.45e+58 factor_rho=5.62e-56 rho_eV2=2.74e+56 rho_final=1.54e+01
BG_FUNC: a=3.09e-04 V=7.23e-03 factor_V=2.45e+58 factor_rho=5.62e-56 rho_eV2=2.09e+56 rho_final=1.17e+01
RIDDER SWITCHING: z_osc = 2371.20, a_osc = 4.215491e-04
DEBUG: Ridder field ENABLED. Lambda = 7.598777e-01
DEBUG: Ridder field ENABLED. Lambda = 7.598777e-01
BG_FUNC: a=2.54e-13 V=3.24e-02 factor_V=2.45e+58 factor_rho=5.62e-56 rho_eV2=7.92e+56 rho_final=4.45e+01
BG_FUNC: a=1.01e-11 V=3.24e-02 factor_V=2.45e+58 factor_rho=5.62e-56 rho_eV2=7.92e+56 rho_final=4.45e+01
BG_FUNC: a=4.05e-10 V=3.24e-02 factor_V=2.45e+58 factor_rho=5.62e-56 rho_eV2=7.92e+56 rho_final=4.45e+01
BG_FUNC: a=1.61e-08 V=3.24e-02 factor_V=2.45e+58 factor_rho=5.62e-56 rho_eV2=7.92e+56 rho_final=4.45e+01
BG_FUNC: a=6.44e-07 V=3.24e-02 factor_V=2.45e+58 factor_rho=5.62e-56 rho_eV2=7.92e+56 rho_final=4.45e+01
BG_FUNC: a=2.57e-05 V=3.24e-02 factor_V=2.45e+58 factor_rho=5.62e-56 rho_eV2=7.92e+56 rho_final=4.45e+01
RIDDER SWITCHING: z_osc = 3246.77, a_osc = 3.079037e-04
DEBUG: Ridder field ENABLED. Lambda = 6.592801e-01
DEBUG: Ridder field ENABLED. Lambda = 6.592801e-01
BG_FUNC: a=2.99e-14 V=1.84e-02 factor_V=2.45e+58 factor_rho=5.62e-56 rho_eV2=4.49e+56 rho_final=2.52e+01
BG_FUNC: a=1.15e-12 V=1.84e-02 factor_V=2.45e+58 factor_rho=5.62e-56 rho_eV2=4.49e+56 rho_final=2.52e+01
BG_FUNC: a=4.51e-11 V=1.84e-02 factor_V=2.45e+58 factor_rho=5.62e-56 rho_eV2=4.49e+56 rho_final=2.52e+01
BG_FUNC: a=1.79e-09 V=1.84e-02 factor_V=2.45e+58 factor_rho=5.62e-56 rho_eV2=4.49e+56 rho_final=2.52e+01
BG_FUNC: a=7.12e-08 V=1.84e-02 factor_V=2.45e+58 factor_rho=5.62e-56 rho_eV2=4.49e+56 rho_final=2.52e+01
BG_FUNC: a=2.83e-06 V=1.84e-02 factor_V=2.45e+58 factor_rho=5.62e-56 rho_eV2=4.49e+56 rho_final=2.52e+01
BG_FUNC: a=1.12e-04 V=1.80e-02 factor_V=2.45e+58 factor_rho=5.62e-56 rho_eV2=4.44e+56 rho_final=2.50e+01
RIDDER SWITCHING: z_osc = 2731.80, a_osc = 3.659244e-04
DEBUG: Ridder field ENABLED. Lambda = 5.527414e-01
DEBUG: Ridder field ENABLED. Lambda = 5.527414e-01
BG_FUNC: a=1.05e-13 V=9.07e-03 factor_V=2.45e+58 factor_rho=5.62e-56 rho_eV2=2.22e+56 rho_final=1.25e+01
BG_FUNC: a=4.20e-12 V=9.07e-03 factor_V=2.45e+58 factor_rho=5.62e-56 rho_eV2=2.22e+56 rho_final=1.25e+01
BG_FUNC: a=1.70e-10 V=9.07e-03 factor_V=2.45e+58 factor_rho=5.62e-56 rho_eV2=2.22e+56 rho_final=1.25e+01
BG_FUNC: a=6.75e-09 V=9.07e-03 factor_V=2.45e+58 factor_rho=5.62e-56 rho_eV2=2.22e+56 rho_final=1.25e+01
BG_FUNC: a=2.71e-07 V=9.07e-03 factor_V=2.45e+58 factor_rho=5.62e-56 rho_eV2=2.22e+56 rho_final=1.25e+01
BG_FUNC: a=1.09e-05 V=9.07e-03 factor_V=2.45e+58 factor_rho=5.62e-56 rho_eV2=2.22e+56 rho_final=1.25e+01
BG_FUNC: a=4.26e-04 V=3.28e-03 factor_V=2.45e+58 factor_rho=5.62e-56 rho_eV2=1.18e+56 rho_final=6.64e+00
RIDDER SWITCHING: z_osc = 2214.55, a_osc = 4.513551e-04
DEBUG: Ridder field ENABLED. Lambda = 3.100048e-01
DEBUG: Ridder field ENABLED. Lambda = 3.100048e-01
BG_FUNC: a=3.27e-13 V=8.97e-04 factor_V=2.45e+58 factor_rho=5.62e-56 rho_eV2=2.19e+55 rho_final=1.23e+00
BG_FUNC: a=1.34e-11 V=8.97e-04 factor_V=2.45e+58 factor_rho=5.62e-56 rho_eV2=2.19e+55 rho_final=1.23e+00
BG_FUNC: a=5.44e-10 V=8.97e-04 factor_V=2.45e+58 factor_rho=5.62e-56 rho_eV2=2.19e+55 rho_final=1.23e+00
BG_FUNC: a=2.19e-08 V=8.97e-04 factor_V=2.45e+58 factor_rho=5.62e-56 rho_eV2=2.19e+55 rho_final=1.23e+00
BG_FUNC: a=8.87e-07 V=8.97e-04 factor_V=2.45e+58 factor_rho=5.62e-56 rho_eV2=2.19e+55 rho_final=1.23e+00
BG_FUNC: a=3.60e-05 V=8.97e-04 factor_V=2.45e+58 factor_rho=5.62e-56 rho_eV2=2.19e+55 rho_final=1.23e+00
RIDDER SWITCHING: z_osc = 1051.62, a_osc = 9.500092e-04
DEBUG: Ridder field ENABLED. Lambda = 5.022764e-01
DEBUG: Ridder field ENABLED. Lambda = 5.022764e-01
BG_FUNC: a=1.39e-14 V=6.18e-03 factor_V=2.45e+58 factor_rho=5.62e-56 rho_eV2=1.51e+56 rho_final=8.50e+00
BG_FUNC: a=5.23e-13 V=6.18e-03 factor_V=2.45e+58 factor_rho=5.62e-56 rho_eV2=1.51e+56 rho_final=8.50e+00
BG_FUNC: a=2.12e-11 V=6.18e-03 factor_V=2.45e+58 factor_rho=5.62e-56 rho_eV2=1.51e+56 rho_final=8.50e+00
BG_FUNC: a=8.55e-10 V=6.18e-03 factor_V=2.45e+58 factor_rho=5.62e-56 rho_eV2=1.51e+56 rho_final=8.50e+00
BG_FUNC: a=3.46e-08 V=6.18e-03 factor_V=2.45e+58 factor_rho=5.62e-56 rho_eV2=1.51e+56 rho_final=8.50e+00
BG_FUNC: a=1.41e-06 V=6.18e-03 factor_V=2.45e+58 factor_rho=5.62e-56 rho_eV2=1.51e+56 rho_final=8.50e+00
BG_FUNC: a=5.65e-05 V=6.18e-03 factor_V=2.45e+58 factor_rho=5.62e-56 rho_eV2=1.51e+56 rho_final=8.50e+00
RIDDER SWITCHING: z_osc = 1954.20, a_osc = 5.114564e-04
DEBUG: Ridder field ENABLED. Lambda = 1.201302e+00
DEBUG: Ridder field ENABLED. Lambda = 1.201302e+00
BG_FUNC: a=3.94e-14 V=2.02e-01 factor_V=2.45e+58 factor_rho=5.62e-56 rho_eV2=4.95e+57 rho_final=2.78e+02
BG_FUNC: a=1.49e-12 V=2.02e-01 factor_V=2.45e+58 factor_rho=5.62e-56 rho_eV2=4.95e+57 rho_final=2.78e+02
BG_FUNC: a=5.92e-11 V=2.02e-01 factor_V=2.45e+58 factor_rho=5.62e-56 rho_eV2=4.95e+57 rho_final=2.78e+02
BG_FUNC: a=2.34e-09 V=2.02e-01 factor_V=2.45e+58 factor_rho=5.62e-56 rho_eV2=4.95e+57 rho_final=2.78e+02
BG_FUNC: a=9.28e-08 V=2.02e-01 factor_V=2.45e+58 factor_rho=5.62e-56 rho_eV2=4.95e+57 rho_final=2.78e+02
BG_FUNC: a=3.68e-06 V=2.02e-01 factor_V=2.45e+58 factor_rho=5.62e-56 rho_eV2=4.95e+57 rho_final=2.78e+02
BG_FUNC: a=1.43e-04 V=1.27e-01 factor_V=2.45e+58 factor_rho=5.62e-56 rho_eV2=3.73e+57 rho_final=2.10e+02
RIDDER SWITCHING: z_osc = 5515.46, a_osc = 1.812757e-04
DEBUG: Ridder field ENABLED. Lambda = 5.152287e-01
DEBUG: Ridder field ENABLED. Lambda = 5.152287e-01
BG_FUNC: a=2.74e-13 V=6.85e-03 factor_V=2.45e+58 factor_rho=5.62e-56 rho_eV2=1.67e+56 rho_final=9.41e+00
BG_FUNC: a=1.12e-11 V=6[mcmc] Progress @ 2025-12-01 02:46:50 : 7639 steps taken, and 1103 accepted.
.85e-03 factor_V=2.45e+58 factor_rho=5.62e-56 rho_eV2=1.67e+56 rho_final=9.41e+00
BG_FUNC: a=4.54e-10 V=6.85e-03 factor_V=2.45e+58 factor_rho=5.62e-56 rho_eV2=1.67e+56 rho_final=9.41e+00
BG_FUNC: a=1.84e-08 V=6.85e-03 factor_V=2.45e+58 factor_rho=5.62e-56 rho_eV2=1.67e+56 rho_final=9.41e+00
BG_FUNC: a=7.50e-07 V=6.85e-03 factor_V=2.45e+58 factor_rho=5.62e-56 rho_eV2=1.67e+56 rho_final=9.41e+00
BG_FUNC: a=3.05e-05 V=6.85e-03 factor_V=2.45e+58 factor_rho=5.62e-56 rho_eV2=1.67e+56 rho_final=9.41e+00
RIDDER SWITCHING: z_osc = 2044.10, a_osc = 4.889740e-04
DEBUG: Ridder field ENABLED. Lambda = 5.529500e-01
DEBUG: Ridder field ENABLED. Lambda = 5.529500e-01
BG_FUNC: a=2.26e-14 V=9.08e-03 factor_V=2.45e+58 factor_rho=5.62e-56 rho_eV2=2.22e+56 rho_final=1.25e+01
BG_FUNC: a=8.45e-13 V=9.08e-03 factor_V=2.45e+58 factor_rho=5.62e-56 rho_eV2=2.22e+56 rho_final=1.25e+01
BG_FUNC: a=3.35e-11 V=9.08e-03 factor_V=2.45e+58 factor_rho=5.62e-56 rho_eV2=2.22e+56 rho_final=1.25e+01
BG_FUNC: a=1.33e-09 V=9.08e-03 factor_V=2.45e+58 factor_rho=5.62e-56 rho_eV2=2.22e+56 rho_final=1.25e+01
BG_FUNC: a=5.29e-08 V=9.08e-03 factor_V=2.45e+58 factor_rho=5.62e-56 rho_eV2=2.22e+56 rho_final=1.25e+01
BG_FUNC: a=2.10e-06 V=9.08e-03 factor_V=2.45e+58 factor_rho=5.62e-56 rho_eV2=2.22e+56 rho_final=1.25e+01
BG_FUNC: a=8.30e-05 V=9.06e-03 factor_V=2.45e+58 factor_rho=5.62e-56 rho_eV2=2.22e+56 rho_final=1.25e+01
RIDDER SWITCHING: z_osc = 2214.88, a_osc = 4.512873e-04
DEBUG: Ridder field ENABLED. Lambda = 9.037786e-01
DEBUG: Ridder field ENABLED. Lambda = 9.037786e-01
BG_FUNC: a=6.54e-14 V=6.48e-02 factor_V=2.45e+58 factor_rho=5.62e-56 rho_eV2=1.58e+57 rho_final=8.91e+01
BG_FUNC: a=2.48e-12 V=6.48e-02 factor_V=2.45e+58 factor_rho=5.62e-56 rho_eV2=1.58e+57 rho_final=8.91e+01
BG_FUNC: a=9.84e-11 V=6.48e-02 factor_V=2.45e+58 factor_rho=5.62e-56 rho_eV2=1.58e+57 rho_final=8.91e+01
BG_FUNC: a=3.90e-09 V=6.48e-02 factor_V=2.45e+58 factor_rho=5.62e-56 rho_eV2=1.58e+57 rho_final=8.91e+01
BG_FUNC: a=1.54e-07 V=6.48e-02 factor_V=2.45e+58 factor_rho=5.62e-56 rho_eV2=1.58e+57 rho_final=8.91e+01
BG_FUNC: a=6.12e-06 V=6.48e-02 factor_V=2.45e+58 factor_rho=5.62e-56 rho_eV2=1.58e+57 rho_final=8.91e+01
BG_FUNC: a=2.38e-04 V=2.57e-02 factor_V=2.45e+58 factor_rho=5.62e-56 rho_eV2=9.02e+56 rho_final=5.07e+01
RIDDER SWITCHING: z_osc = 3999.85, a_osc = 2.499466e-04
DEBUG: Ridder field ENABLED. Lambda = 6.487162e-01
DEBUG: Ridder field ENABLED. Lambda = 6.487162e-01
BG_FUNC: a=3.31e-13 V=1.72e-02 factor_V=2.45e+58 factor_rho=5.62e-56 rho_eV2=4.21e+56 rho_final=2.36e+01
BG_FUNC: a=1.32e-11 V=1.72e-02 factor_V=2.45e+58 factor_rho=5.62e-56 rho_eV2=4.21e+56 rho_final=2.36e+01
BG_FUNC: a=5.35e-10 V=1.72e-02 factor_V=2.45e+58 factor_rho=5.62e-56 rho_eV2=4.21e+56 rho_final=2.36e+01
BG_FUNC: a=2.12e-08 V=1.72e-02 factor_V=2.45e+58 factor_rho=5.62e-56 rho_eV2=4.21e+56 rho_final=2.36e+01
BG_FUNC: a=8.49e-07 V=1.72e-02 factor_V=2.45e+58 factor_rho=5.62e-56 rho_eV2=4.21e+56 rho_final=2.36e+01
BG_FUNC: a=3.39e-05 V=1.72e-02 factor_V=2.45e+58 factor_rho=5.62e-56 rho_eV2=4.21e+56 rho_final=2.36e+01
RIDDER SWITCHING: z_osc = 2687.29, a_osc = 3.719843e-04
DEBUG: Ridder field ENABLED. Lambda = 5.135783e-01
DEBUG: Ridder field ENABLED. Lambda = 5.135783e-01
BG_FUNC: a=3.25e-14 V=6.76e-03 factor_V=2.45e+58 factor_rho=5.62e-56 rho_eV2=1.65e+56 rho_final=9.29e+00
BG_FUNC: a=1.22e-12 V=6.76e-03 factor_V=2.45e+58 factor_rho=5.62e-56 rho_eV2=1.65e+56 rho_final=9.29e+00
BG_FUNC: a=4.78e-11 V=6.76e-03 factor_V=2.45e+58 factor_rho=5.62e-56 rho_eV2=1.65e+56 rho_final=9.29e+00
BG_FUNC: a=1.87e-09 V=6.76e-03 factor_V=2.45e+58 factor_rho=5.62e-56 rho_eV2=1.65e+56 rho_final=9.29e+00
BG_FUNC: a=7.35e-08 V=6.76e-03 factor_V=2.45e+58 factor_rho=5.62e-56 rho_eV2=1.65e+56 rho_final=9.29e+00
BG_FUNC: a=2.88e-06 V=6.76e-03 factor_V=2.45e+58 factor_rho=5.62e-56 rho_eV2=1.65e+56 rho_final=9.29e+00
BG_FUNC: a=1.10e-04 V=6.72e-03 factor_V=2.45e+58 factor_rho=5.62e-56 rho_eV2=1.65e+56 rho_final=9.25e+00
RIDDER SWITCHING: z_osc = 2011.93, a_osc = 4.967893e-04
DEBUG: Ridder field ENABLED. Lambda = 6.002168e-01
DEBUG: Ridder field [mcmc] Learn + convergence test @ 1120 samples accepted.
[mcmc]  - Acceptance rate: 0.635
[mcmc]  - Convergence of means: R-1 = 14.613373 after 896 accepted steps
[mcmc]  - Updated covariance matrix of proposal pdf.
[mcmc] Progress @ 2025-12-01 02:47:56 : 7758 steps taken, and 1125 accepted.
ENABLED. Lambda = 6.002168e-01
BG_FUNC: a=7.80e-14 V=1.26e-02 factor_V=2.45e+58 factor_rho=5.62e-56 rho_eV2=3.08e+56 rho_final=1.73e+01
BG_FUNC: a=3.00e-12 V=1.26e-02 factor_V=2.45e+58 factor_rho=5.62e-56 rho_eV2=3.08e+56 rho_final=1.73e+01
BG_FUNC: a=1.20e-10 V=1.26e-02 factor_V=2.45e+58 factor_rho=5.62e-56 rho_eV2=3.08e+56 rho_final=1.73e+01
BG_FUNC: a=4.80e-09 V=1.26e-02 factor_V=2.45e+58 factor_rho=5.62e-56 rho_eV2=3.08e+56 rho_final=1.73e+01
BG_FUNC: a=1.92e-07 V=1.26e-02 factor_V=2.45e+58 factor_rho=5.62e-56 rho_eV2=3.08e+56 rho_final=1.73e+01
BG_FUNC: a=7.67e-06 V=1.26e-02 factor_V=2.45e+58 factor_rho=5.62e-56 rho_eV2=3.08e+56 rho_final=1.73e+01
BG_FUNC: a=3.02e-04 V=8.03e-03 factor_V=2.45e+58 factor_rho=5.62e-56 rho_eV2=2.33e+56 rho_final=1.31e+01
RIDDER SWITCHING: z_osc = 2451.14, a_osc = 4.078077e-04
DEBUG: Ridder field ENABLED. Lambda = 5.598058e-01
DEBUG: Ridder field ENABLED. Lambda = 5.598058e-01
BG_FUNC: a=2.57e-13 V=9.54e-03 factor_V=2.45e+58 factor_rho=5.62e-56 rho_eV2=2.33e+56 rho_final=1.31e+01
BG_FUNC: a=1.03e-11 V=9.54e-03 factor_V=2.45e+58 factor_rho=5.62e-56 rho_eV2=2.33e+56 rho_final=1.31e+01
BG_FUNC: a=4.12e-10 V=9.54e-03 factor_V=2.45e+58 factor_rho=5.62e-56 rho_eV2=2.33e+56 rho_final=1.31e+01
BG_FUNC: a=1.65e-08 V=9.54e-03 factor_V=2.45e+58 factor_rho=5.62e-56 rho_eV2=2.33e+56 rho_final=1.31e+01
BG_FUNC: a=6.61e-07 V=9.54e-03 factor_V=2.45e+58 factor_rho=5.62e-56 rho_eV2=2.33e+56 rho_final=1.31e+01
BG_FUNC: a=2.64e-05 V=9.54e-03 factor_V=2.45e+58 factor_rho=5.62e-56 rho_eV2=2.33e+56 rho_final=1.31e+01
RIDDER SWITCHING: z_osc = 2244.88, a_osc = 4.452596e-04
DEBUG: Ridder field ENABLED. Lambda = 5.631053e-01
DEBUG: Ridder field ENABLED. Lambda = 5.631053e-01
BG_FUNC: a=2.16e-14 V=9.77e-03 factor_V=2.45e+58 factor_rho=5.62e-56 rho_eV2=2.39e+56 rho_final=1.34e+01
BG_FUNC: a=8.10e-13 V=9.77e-03 factor_V=2.45e+58 factor_rho=5.62e-56 rho_eV2=2.39e+56 rho_final=1.34e+01
BG_FUNC: a=3.24e-11 V=9.77e-03 factor_V=2.45e+58 factor_rho=5.62e-56 rho_eV2=2.39e+56 rho_final=1.34e+01
BG_FUNC: a=1.31e-09 V=9.77e-03 factor_V=2.45e+58 factor_rho=5.62e-56 rho_eV2=2.39e+56 rho_final=1.34e+01
BG_FUNC: a=5.18e-08 V=9.77e-03 factor_V=2.45e+58 factor_rho=5.62e-56 rho_eV2=2.39e+56 rho_final=1.34e+01
BG_FUNC: a=2.07e-06 V=9.77e-03 factor_V=2.45e+58 factor_rho=5.62e-56 rho_eV2=2.39e+56 rho_final=1.34e+01
BG_FUNC: a=8.27e-05 V=9.74e-03 factor_V=2.45e+58 factor_rho=5.62e-56 rho_eV2=2.38e+56 rho_final=1.34e+01
RIDDER SWITCHING: z_osc = 2254.04, a_osc = 4.434502e-04
DEBUG: Ridder field ENABLED. Lambda = 5.453373e-01
DEBUG: Ridder field ENABLED. Lambda = 5.453373e-01
BG_FUNC: a=6.60e-14 V=8.59e-03 factor_V=2.45e+58 factor_rho=5.62e-56 rho_eV2=2.10e+56 rho_final=1.18e+01
BG_FUNC: a=2.55e-12 V=8.59e-03 factor_V=2.45e+58 factor_rho=5.62e-56 rho_eV2=2.10e+56 rho_final=1.18e+01
BG_FUNC: a=1.02e-10 V=8.59e-03 factor_V=2.45e+58 factor_rho=5.62e-56 rho_eV2=2.10e+56 rho_final=1.18e+01
BG_FUNC: a=4.08e-09 V=8.59e-03 factor_V=2.45e+58 factor_rho=5.62e-56 rho_eV2=2.10e+56 rho_final=1.18e+01
BG_FUNC: a=1.63e-07 V=8.59e-03 factor_V=2.45e+58 factor_rho=5.62e-56 rho_eV2=2.10e+56 rho_final=1.18e+01
BG_FUNC: a=6.54e-06 V=8.59e-03 factor_V=2.45e+58 factor_rho=5.62e-56 rho_eV2=2.10e+56 rho_final=1.18e+01
BG_FUNC: a=2.61e-04 V=7.13e-03 factor_V=2.45e+58 factor_rho=5.62e-56 rho_eV2=1.87e+56 rho_final=1.05e+01
RIDDER SWITCHING: z_osc = 2170.09, a_osc = 4.605987e-04
DEBUG: Ridder field ENABLED. Lambda = 5.419160e-01
DEBUG: Ridder field ENABLED. Lambda = 5.419160e-01
BG_FUNC: a=1.94e-13 V=8.38e-03 factor_V=2.45e+58 factor_rho=5.62e-56 rho_eV2=2.05e+56 rho_final=1.15e+01
BG_FUNC: a=7.71e-12 V=8.38e-03 factor_V=2.45e+58 factor_rho=5.62e-56 rho_eV2=2.05e+56 rho_final=1.15e+01
BG_FUNC: a=3.06e-10 V=8.38e-03 factor_V=2.45e+58 factor_rho=5.62e-56 rho_eV2=2.05e+56 rho_final=1.15e+01
BG_FUNC: a=1.21e-08 V=8.38e-03 factor_V=2.45e+58 factor_rho=5.62e-56 rho_eV2=2.05e+56 rho_final=1.15e+01
BG_FUNC: a=4.81e-07 V=8.38e-03 factor_V=2.45e+58 factor_rho=5.62e-56 rho_eV2=2.05e+56 rho_final=1.15e+01
BG_FUNC: a=1.91e-05 V=8.38e-03 factor_V=2.45e+58 factor_rho=5.62e-56 rho_[mcmc] Progress @ 2025-12-01 02:48:58 : 7872 steps taken, and 1152 accepted.
eV2=2.05e+56 rho_final=1.15e+01
RIDDER SWITCHING: z_osc = 2154.78, a_osc = 4.638694e-04
DEBUG: Ridder field ENABLED. Lambda = 5.613526e-01
DEBUG: Ridder field ENABLED. Lambda = 5.613526e-01
BG_FUNC: a=1.49e-14 V=9.65e-03 factor_V=2.45e+58 factor_rho=5.62e-56 rho_eV2=2.36e+56 rho_final=1.33e+01
BG_FUNC: a=5.57e-13 V=9.65e-03 factor_V=2.45e+58 factor_rho=5.62e-56 rho_eV2=2.36e+56 rho_final=1.33e+01
BG_FUNC: a=2.21e-11 V=9.65e-03 factor_V=2.45e+58 factor_rho=5.62e-56 rho_eV2=2.36e+56 rho_final=1.33e+01
BG_FUNC: a=8.75e-10 V=9.65e-03 factor_V=2.45e+58 factor_rho=5.62e-56 rho_eV2=2.36e+56 rho_final=1.33e+01
BG_FUNC: a=3.47e-08 V=9.65e-03 factor_V=2.45e+58 factor_rho=5.62e-56 rho_eV2=2.36e+56 rho_final=1.33e+01
BG_FUNC: a=1.37e-06 V=9.65e-03 factor_V=2.45e+58 factor_rho=5.62e-56 rho_eV2=2.36e+56 rho_final=1.33e+01
BG_FUNC: a=5.47e-05 V=9.64e-03 factor_V=2.45e+58 factor_rho=5.62e-56 rho_eV2=2.36e+56 rho_final=1.33e+01
RIDDER SWITCHING: z_osc = 2244.27, a_osc = 4.453815e-04
DEBUG: Ridder field ENABLED. Lambda = 5.087267e-01
DEBUG: Ridder field ENABLED. Lambda = 5.087267e-01
BG_FUNC: a=4.31e-14 V=6.51e-03 factor_V=2.45e+58 factor_rho=5.62e-56 rho_eV2=1.59e+56 rho_final=8.94e+00
BG_FUNC: a=1.67e-12 V=6.51e-03 factor_V=2.45e+58 factor_rho=5.62e-56 rho_eV2=1.59e+56 rho_final=8.94e+00
BG_FUNC: a=6.78e-11 V=6.51e-03 factor_V=2.45e+58 factor_rho=5.62e-56 rho_eV2=1.59e+56 rho_final=8.94e+00
BG_FUNC: a=2.78e-09 V=6.51e-03 factor_V=2.45e+58 factor_rho=5.62e-56 rho_eV2=1.59e+56 rho_final=8.94e+00
BG_FUNC: a=1.12e-07 V=6.51e-03 factor_V=2.45e+58 factor_rho=5.62e-56 rho_eV2=1.59e+56 rho_final=8.94e+00
BG_FUNC: a=4.54e-06 V=6.51e-03 factor_V=2.45e+58 factor_rho=5.62e-56 rho_eV2=1.59e+56 rho_final=8.94e+00
BG_FUNC: a=1.83e-04 V=6.26e-03 factor_V=2.45e+58 factor_rho=5.62e-56 rho_eV2=1.55e+56 rho_final=8.73e+00
RIDDER SWITCHING: z_osc = 1996.01, a_osc = 5.007479e-04
DEBUG: Ridder field ENABLED. Lambda = 5.073616e-01
DEBUG: Ridder field ENABLED. Lambda = 5.073616e-01
BG_FUNC: a=1.24e-13 V=6.44e-03 factor_V=2.45e+58 factor_rho=5.62e-56 rho_eV2=1.57e+56 rho_final=8.85e+00
BG_FUNC: a=4.97e-12 V=6.44e-03 factor_V=2.45e+58 factor_rho=5.62e-56 rho_eV2=1.57e+56 rho_final=8.85e+00
BG_FUNC: a=1.99e-10 V=6.44e-03 factor_V=2.45e+58 factor_rho=5.62e-56 rho_eV2=1.57e+56 rho_final=8.85e+00
BG_FUNC: a=7.95e-09 V=6.44e-03 factor_V=2.45e+58 factor_rho=5.62e-56 rho_eV2=1.57e+56 rho_final=8.85e+00
BG_FUNC: a=3.18e-07 V=6.44e-03 factor_V=2.45e+58 factor_rho=5.62e-56 rho_eV2=1.57e+56 rho_final=8.85e+00
BG_FUNC: a=1.28e-05 V=6.44e-03 factor_V=2.45e+58 factor_rho=5.62e-56 rho_eV2=1.57e+56 rho_final=8.85e+00
BG_FUNC: a=4.95e-04 V=1.96e-03 factor_V=2.45e+58 factor_rho=5.62e-56 rho_eV2=7.53e+55 rho_final=4.23e+00
RIDDER SWITCHING: z_osc = 1990.31, a_osc = 5.021813e-04
DEBUG: Ridder field ENABLED. Lambda = 5.053074e-01
DEBUG: Ridder field ENABLED. Lambda = 5.053074e-01
BG_FUNC: a=3.43e-13 V=6.33e-03 factor_V=2.45e+58 factor_rho=5.62e-56 rho_eV2=1.55e+56 rho_final=8.71e+00
BG_FUNC: a=1.37e-11 V=6.33e-03 factor_V=2.45e+58 factor_rho=5.62e-56 rho_eV2=1.55e+56 rho_final=8.71e+00
BG_FUNC: a=5.51e-10 V=6.33e-03 factor_V=2.45e+58 factor_rho=5.62e-56 rho_eV2=1.55e+56 rho_final=8.71e+00
BG_FUNC: a=2.21e-08 V=6.33e-03 factor_V=2.45e+58 factor_rho=5.62e-56 rho_eV2=1.55e+56 rho_final=8.71e+00
BG_FUNC: a=8.85e-07 V=6.33e-03 factor_V=2.45e+58 factor_rho=5.62e-56 rho_eV2=1.55e+56 rho_final=8.71e+00
BG_FUNC: a=3.55e-05 V=6.33e-03 factor_V=2.45e+58 factor_rho=5.62e-56 rho_eV2=1.55e+56 rho_final=8.71e+00
RIDDER SWITCHING: z_osc = 1972.31, a_osc = 5.067627e-04
DEBUG: Ridder field ENABLED. Lambda = 5.135386e-01
DEBUG: Ridder field ENABLED. Lambda = 5.135386e-01
BG_FUNC: a=2.49e-14 V=6.76e-03 factor_V=2.45e+58 factor_rho=5.62e-56 rho_eV2=1.65e+56 rho_final=9.29e+00
BG_FUNC: a=9.66e-13 V=6.76e-03 factor_V=2.45e+58 factor_rho=5.62e-56 rho_eV2=1.65e+56 rho_final=9.29e+00
BG_FUNC: a=3.91e-11 V=6.76e-03 factor_V=2.45e+58 factor_rho=5.62e-56 rho_eV2=1.65e+56 rho_final=9.29e+00
BG_FUNC: a=1.60e-09 V=6.76e-03 factor_V=2.45e+58 factor_rho=5.62e-56 rho_eV2=1.65e+56 rho_final=9.29e+00
BG_FUNC: a=6.53e-08[mcmc] Progress @ 2025-12-01 02:49:58 : 7941 steps taken, and 1168 accepted.
 V=6.76e-03 factor_V=2.45e+58 factor_rho=5.62e-56 rho_eV2=1.65e+56 rho_final=9.29e+00
BG_FUNC: a=2.67e-06 V=6.76e-03 factor_V=2.45e+58 factor_rho=5.62e-56 rho_eV2=1.65e+56 rho_final=9.29e+00
BG_FUNC: a=1.09e-04 V=6.72e-03 factor_V=2.45e+58 factor_rho=5.62e-56 rho_eV2=1.65e+56 rho_final=9.25e+00
RIDDER SWITCHING: z_osc = 2019.03, a_osc = 4.950421e-04
DEBUG: Ridder field ENABLED. Lambda = 4.952463e-01
DEBUG: Ridder field ENABLED. Lambda = 4.952463e-01
BG_FUNC: a=7.78e-14 V=5.84e-03 factor_V=2.45e+58 factor_rho=5.62e-56 rho_eV2=1.43e+56 rho_final=8.03e+00
BG_FUNC: a=3.05e-12 V=5.84e-03 factor_V=2.45e+58 factor_rho=5.62e-56 rho_eV2=1.43e+56 rho_final=8.03e+00
BG_FUNC: a=1.24e-10 V=5.84e-03 factor_V=2.45e+58 factor_rho=5.62e-56 rho_eV2=1.43e+56 rho_final=8.03e+00
BG_FUNC: a=5.02e-09 V=5.84e-03 factor_V=2.45e+58 factor_rho=5.62e-56 rho_eV2=1.43e+56 rho_final=8.03e+00
BG_FUNC: a=2.04e-07 V=5.84e-03 factor_V=2.45e+58 factor_rho=5.62e-56 rho_eV2=1.43e+56 rho_final=8.03e+00
BG_FUNC: a=8.26e-06 V=5.84e-03 factor_V=2.45e+58 factor_rho=5.62e-56 rho_eV2=1.43e+56 rho_final=8.03e+00
BG_FUNC: a=3.30e-04 V=4.37e-03 factor_V=2.45e+58 factor_rho=5.62e-56 rho_eV2=1.19e+56 rho_final=6.70e+00
RIDDER SWITCHING: z_osc = 1928.87, a_osc = 5.181686e-04
DEBUG: Ridder field ENABLED. Lambda = 5.030549e-01
DEBUG: Ridder field ENABLED. Lambda = 5.030549e-01
BG_FUNC: a=2.16e-13 V=6.22e-03 factor_V=2.45e+58 factor_rho=5.62e-56 rho_eV2=1.52e+56 rho_final=8.55e+00
BG_FUNC: a=8.49e-12 V=6.22e-03 factor_V=2.45e+58 factor_rho=5.62e-56 rho_eV2=1.52e+56 rho_final=8.55e+00
BG_FUNC: a=3.34e-10 V=6.22e-03 factor_V=2.45e+58 factor_rho=5.62e-56 rho_eV2=1.52e+56 rho_final=8.55e+00
BG_FUNC: a=1.32e-08 V=6.22e-03 factor_V=2.45e+58 factor_rho=5.62e-56 rho_eV2=1.52e+56 rho_final=8.55e+00
BG_FUNC: a=5.19e-07 V=6.22e-03 factor_V=2.45e+58 factor_rho=5.62e-56 rho_eV2=1.52e+56 rho_final=8.55e+00
BG_FUNC: a=2.01e-05 V=6.22e-03 factor_V=2.45e+58 factor_rho=5.62e-56 rho_eV2=1.52e+56 rho_final=8.55e+00
RIDDER SWITCHING: z_osc = 1962.03, a_osc = 5.094156e-04
DEBUG: Ridder field ENABLED. Lambda = 4.942887e-01
DEBUG: Ridder field ENABLED. Lambda = 4.942887e-01
BG_FUNC: a=1.40e-14 V=5.80e-03 factor_V=2.45e+58 factor_rho=5.62e-56 rho_eV2=1.42e+56 rho_final=7.97e+00
BG_FUNC: a=5.26e-13 V=5.80e-03 factor_V=2.45e+58 factor_rho=5.62e-56 rho_eV2=1.42e+56 rho_final=7.97e+00
BG_FUNC: a=2.12e-11 V=5.80e-03 factor_V=2.45e+58 factor_rho=5.62e-56 rho_eV2=1.42e+56 rho_final=7.97e+00
BG_FUNC: a=8.54e-10 V=5.80e-03 factor_V=2.45e+58 factor_rho=5.62e-56 rho_eV2=1.42e+56 rho_final=7.97e+00
BG_FUNC: a=3.44e-08 V=5.80e-03 factor_V=2.45e+58 factor_rho=5.62e-56 rho_eV2=1.42e+56 rho_final=7.97e+00
BG_FUNC: a=1.38e-06 V=5.80e-03 factor_V=2.45e+58 factor_rho=5.62e-56 rho_eV2=1.42e+56 rho_final=7.97e+00
BG_FUNC: a=5.57e-05 V=5.80e-03 factor_V=2.45e+58 factor_rho=5.62e-56 rho_eV2=1.42e+56 rho_final=7.97e+00
RIDDER SWITCHING: z_osc = 1923.35, a_osc = 5.196555e-04
DEBUG: Ridder field ENABLED. Lambda = 5.647514e-01
DEBUG: Ridder field ENABLED. Lambda = 5.647514e-01
BG_FUNC: a=3.79e-14 V=9.88e-03 factor_V=2.45e+58 factor_rho=5.62e-56 rho_eV2=2.42e+56 rho_final=1.36e+01
BG_FUNC: a=1.45e-12 V=9.88e-03 factor_V=2.45e+58 factor_rho=5.62e-56 rho_eV2=2.42e+56 rho_final=1.36e+01
BG_FUNC: a=5.81e-11 V=9.88e-03 factor_V=2.45e+58 factor_rho=5.62e-56 rho_eV2=2.42e+56 rho_final=1.36e+01
BG_FUNC: a=2.32e-09 V=9.88e-03 factor_V=2.45e+58 factor_rho=5.62e-56 rho_eV2=2.42e+56 rho_final=1.36e+01
BG_FUNC: a=9.29e-08 V=9.88e-03 factor_V=2.45e+58 factor_rho=5.62e-56 rho_eV2=2.42e+56 rho_final=1.36e+01
BG_FUNC: a=3.72e-06 V=9.88e-03 factor_V=2.45e+58 factor_rho=5.62e-56 rho_eV2=2.42e+56 rho_final=1.36e+01
BG_FUNC: a=1.48e-04 V=9.62e-03 factor_V=2.45e+58 factor_rho=5.62e-56 rho_eV2=2.38e+56 rho_final=1.34e+01
RIDDER SWITCHING: z_osc = 2269.46, a_osc = 4.404395e-04
DEBUG: Ridder field ENABLED. Lambda = 4.696406e-01
DEBUG: Ridder field ENABLED. Lambda = 4.696406e-01
BG_FUNC: a=1.15e-13 V=4.73e-03 factor_V=2.45e+58 factor_rho=5.62e-56 rho_eV2=1.16e+56 rho_final=6.50e+00
BG_FUNC: a=4.53e-12 V=4.73e-03 factor_V=2.45e+58 factor_rho=5.62e-56 rho_eV2=1.16e+56 rho_final=6.50e+00
BG_FUNC: a=1.76e-10 V=4.73e-03 factor_V=2.45e+58 factor_rho=5.62e-56 rho_eV2=1.16e+56 rho_final=6.50e+00
BG_FUNC: a=6.91e-09 V=4.73e-03 factor_V=2.45e+58 factor_rho=5.62e-56 rho_eV2=1.16e+56 rho_final=6.50e+00
BG_FUNC: a=2.73e-07 V=4.73e-03 factor_V=2.45e+58 factor_rho=5.62e-56 rho_eV2=1.16e+56 rho_final=6.50e+00
BG_FUNC: a=1.05e-05 V=4.73e-03 factor_V=2.45e+58 factor_rho=5.62e-56 rho_eV2=1.16e+56 rho_final=6.50e+00
BG_FUNC: a=3.99e-04 V=3.01e-03 factor_V=2.45e+58 factor_rho=5.62e-56 rho_eV2=8.72e+55 rho_final=4.90e+00
RIDDER SWITCHING: z_osc = 1800.42, a_osc = 5.551175e-04
DEBUG: Ridder field ENABLED. Lambda = 4.973182e-01
DEBUG: Ridder field ENABLED. Lambda = 4.973182e-01
BG_FUNC: a=2.48e-13 V=5.94e-03 factor_V=2.45e+58 factor_rho=5.62e-56 rho_eV2=1.45e+56 rho_final=8.17e+00
BG_FUNC: a=9.93e-12 V=5.94e-03 factor_V=2.45e+58 factor_rho=5.62e-56 rho_eV2=1.45e+56 rho_final=8.17e+00
BG_FUNC: a=3.98e-10 V=5.94e-03 factor_V=2.45e+58 factor_rho=5.62e-56 rho_eV2=1.45e+56 rho_final=8.17e+00
BG_FUNC: a=1.59e-08 V=5.94e-03 factor_V=2.45e+58 factor_rho=5.62e-56 rho_eV2=1.45e+56 rho_final=8.17e+00
BG_FUNC: a=6.39e-07 V=5.94e-03 factor_V=2.45e+58 factor_rho=5.62e-56 rho_eV2=1.45e+56 rho_final=8.17e+00
BG_FUNC: a=2.56e-05 V=5.94e-03 factor_V=2.45e+58 factor_rho=5.62e-56 rho_eV2=1.45e+56 rho_final=8.17e+00
RIDDER SWITCHING: z_osc = 1929.85, a_osc = 5.179077e-04
DEBUG: Ridder field ENABLED. Lambda = 4.828377e-01
DEBUG: Ridder field ENABLED. Lambda = 4.828377e-01
BG_FUNC: a=1.77e-14 V=5.28e-03 factor_V=2.45e+58 factor_rho=5.62e-56 rho_eV2=1.29e+56 rho_final=7.26e+00
BG_FUNC: a=6.57e-13 V=5.28e-03 factor_V=2.45e+58 factor_rho=5.62e-56 rho_eV2=1.29e+56 rho_final=7.26e+00
BG_FUNC: a=2.58e-11 V=5.28e-03 factor_V=2.45e+58 factor_rho=5.62e-56 rho_eV2=1.29e+56 rho_final=7.26e+00
BG_FUNC: a=1.01e-09 V=5.28e-03 factor_V=2.45e+58 factor_rho=5.62e-56 rho_eV2=1.29e+56 rho_final=7.26e+00
BG_FUNC: a=3.96e-08 V=5.28e-03 factor_V=2.45e+58 factor_rho=5.62e-56 rho_eV2=1.29e+56 rho_final=7.26e+00
BG_FUNC: a=1.55e-06 V=5.28e-03 factor_V=2.45e+58 factor_rho=5.62e-56 rho_eV2=1.29e+56 rho_final=7.26e+00
BG_FUNC: a=5.78e-05 V=5.28e-03 factor_V=2.45e+58 factor_rho=5.62e-56 rho_eV2=1.29e+56 rho_final=7.26e+00
RIDDER SWITCHING: z_osc = 1865.67, a_osc = 5.357131e-04
DEBUG: Ridder field ENABLED. Lambda = 4.691490e-01
DEBUG: Ridder field ENABLED. Lambda = 4.691490e-01
BG_FUNC: a=3.83e-14 V=4.71e-03 factor_V=2.45e+58 factor_rho=5.62e-56 rho_eV2=1.15e+56 rho_final=6.47e+00
BG_FUNC: a=1.46e-12 V=4.71e-03 factor_V=2.45e+58 factor_rho=5.62e-56 rho_eV2=1.15e+56 rho_final=6.47e+00
BG_FUNC: a=5.66e-11 V=4.71e-03 factor_V=2.45e+58 factor_rho=5.62e-56 rho_eV2=1.15e+56 rho_final=6.47e+00
BG_FUNC: a=2.22e-09 V=4.71e-03 factor_V=2.45e+58 factor_rho=5.62e-56 rho_eV2=1.15e+56 rho_final=6.47e+00
BG_FUNC: a=8.70e-08 V=4.71e-03 factor_V=2.45e+58 factor_rho=5.62e-56 rho_eV2=1.15e+56 rho_final=6.47e+00
BG_FUNC: a=3.39e-06 V=4.71e-03 factor_V=2.45e+58 factor_rho=5.62e-56 rho_eV2=1.15e+56 rho_final=6.47e+00
BG_FUNC: a=1.29e-04 V=4.67e-03 factor_V=2.45e+58 factor_rho=5.62e-56 rho_eV2=1.15e+56 rho_final=6.44e+00
RIDDER SWITCHING: z_osc = 1796.15, a_osc = 5.564374e-04
DEBUG: Ridder field ENABLED. Lambda = 4.981538e-01
DEBUG: Ridder field ENABLED. Lambda = 4.981538e-01
BG_FUNC: a=8.08e-14 V=5.98e-03 factor_V=2.45e+58 factor_rho=5.62e-56 rho_eV2=1.46e+56 rho_final=8.22e+00
BG_FUNC: a=3.15e-12 V=5.98e-03 factor_V=2.45e+58 factor_rho=5.62e-56 rho_eV2=1.46e+56 rho_final=8.22e+00
BG_FUNC: a=1.28e-10 V=5.98e-03 factor_V=2.45e+58 factor_rho=5.62e-56 rho_eV2=1.46e+56 rho_final=8.22e+00
BG_FUNC: a=5.11e-09 V=5.98e-03 factor_V=2.45e+58 factor_rho=5.62e-56 rho_eV2=1.46e+56 rho_final=8.22e+00
BG_FUNC: a=2.06e-07 V=5.98e-03 factor_V=2.45e+58 factor_rho=5.62e-56 rho_eV2=1.46e+56 rho_final=8.22e+00
BG_FUNC: a=8.28e-06 V=5.98e-03 factor_V=2.45e+58 factor_rho=5.62e-56 rho_eV2=1.46e+56 rho_final=8.22e+00
BG_FUNC: a=3.28e-04 V=4.46e-03 factor_V=2.45e+58 factor_rho=5.62e-56 rho_eV2=1.22e+56 rho_final=6.85e+00
RIDDER SWITCHING: z_osc = 1932.88, a_osc = 5.170946e-04
DEBUG: Ridder[mcmc] Progress @ 2025-12-01 02:51:01 : 8026 steps taken, and 1187 accepted.
 field ENABLED. Lambda = 4.950389e-01
DEBUG: Ridder field ENABLED. Lambda = 4.950389e-01
BG_FUNC: a=2.18e-13 V=5.83e-03 factor_V=2.45e+58 factor_rho=5.62e-56 rho_eV2=1.43e+56 rho_final=8.02e+00
BG_FUNC: a=8.76e-12 V=5.83e-03 factor_V=2.45e+58 factor_rho=5.62e-56 rho_eV2=1.43e+56 rho_final=8.02e+00
BG_FUNC: a=3.53e-10 V=5.83e-03 factor_V=2.45e+58 factor_rho=5.62e-56 rho_eV2=1.43e+56 rho_final=8.02e+00
BG_FUNC: a=1.42e-08 V=5.83e-03 factor_V=2.45e+58 factor_rho=5.62e-56 rho_eV2=1.43e+56 rho_final=8.02e+00
BG_FUNC: a=5.71e-07 V=5.83e-03 factor_V=2.45e+58 factor_rho=5.62e-56 rho_eV2=1.43e+56 rho_final=8.02e+00
BG_FUNC: a=2.30e-05 V=5.83e-03 factor_V=2.45e+58 factor_rho=5.62e-56 rho_eV2=1.43e+56 rho_final=8.02e+00
RIDDER SWITCHING: z_osc = 1918.78, a_osc = 5.208929e-04
DEBUG: Ridder field ENABLED. Lambda = 4.931224e-01
DEBUG: Ridder field ENABLED. Lambda = 4.931224e-01
BG_FUNC: a=1.59e-14 V=5.74e-03 factor_V=2.45e+58 factor_rho=5.62e-56 rho_eV2=1.40e+56 rho_final=7.90e+00
BG_FUNC: a=5.99e-13 V=5.74e-03 factor_V=2.45e+58 factor_rho=5.62e-56 rho_eV2=1.40e+56 rho_final=7.90e+00
BG_FUNC: a=2.41e-11 V=5.74e-03 factor_V=2.45e+58 factor_rho=5.62e-56 rho_eV2=1.40e+56 rho_final=7.90e+00
BG_FUNC: a=9.68e-10 V=5.74e-03 factor_V=2.45e+58 factor_rho=5.62e-56 rho_eV2=1.40e+56 rho_final=7.90e+00
BG_FUNC: a=3.89e-08 V=5.74e-03 factor_V=2.45e+58 factor_rho=5.62e-56 rho_eV2=1.40e+56 rho_final=7.90e+00
BG_FUNC: a=1.56e-06 V=5.74e-03 factor_V=2.45e+58 factor_rho=5.62e-56 rho_eV2=1.40e+56 rho_final=7.90e+00
BG_FUNC: a=6.34e-05 V=5.74e-03 factor_V=2.45e+58 factor_rho=5.62e-56 rho_eV2=1.40e+56 rho_final=7.89e+00
RIDDER SWITCHING: z_osc = 1911.59, a_osc = 5.228523e-04
DEBUG: Ridder field ENABLED. Lambda = 4.865821e-01
DEBUG: Ridder field ENABLED. Lambda = 4.865821e-01
BG_FUNC: a=4.23e-14 V=5.45e-03 factor_V=2.45e+58 factor_rho=5.62e-56 rho_eV2=1.33e+56 rho_final=7.49e+00
BG_FUNC: a=1.62e-12 V=5.45e-03 factor_V=2.45e+58 factor_rho=5.62e-56 rho_eV2=1.33e+56 rho_final=7.49e+00
BG_FUNC: a=6.51e-11 V=5.45e-03 factor_V=2.45e+58 factor_rho=5.62e-56 rho_eV2=1.33e+56 rho_final=7.49e+00
BG_FUNC: a=2.60e-09 V=5.45e-03 factor_V=2.45e+58 factor_rho=5.62e-56 rho_eV2=1.33e+56 rho_final=7.49e+00
BG_FUNC: a=1.04e-07 V=5.45e-03 factor_V=2.45e+58 factor_rho=5.62e-56 rho_eV2=1.33e+56 rho_final=7.49e+00
BG_FUNC: a=4.18e-06 V=5.45e-03 factor_V=2.45e+58 factor_rho=5.62e-56 rho_eV2=1.33e+56 rho_final=7.49e+00
BG_FUNC: a=1.66e-04 V=5.32e-03 factor_V=2.45e+58 factor_rho=5.62e-56 rho_eV2=1.31e+56 rho_final=7.38e+00
RIDDER SWITCHING: z_osc = 1886.38, a_osc = 5.298336e-04
DEBUG: Ridder field ENABLED. Lambda = 4.860081e-01
DEBUG: Ridder field ENABLED. Lambda = 4.860081e-01
BG_FUNC: a=1.06e-13 V=5.42e-03 factor_V=2.45e+58 factor_rho=5.62e-56 rho_eV2=1.33e+56 rho_final=7.45e+00
BG_FUNC: a=4.29e-12 V=5.42e-03 factor_V=2.45e+58 factor_rho=5.62e-56 rho_eV2=1.33e+56 rho_final=7.45e+00
BG_FUNC: a=1.73e-10 V=5.42e-03 factor_V=2.45e+58 factor_rho=5.62e-56 rho_eV2=1.33e+56 rho_final=7.45e+00
BG_FUNC: a=6.98e-09 V=5.42e-03 factor_V=2.45e+58 factor_rho=5.62e-56 rho_eV2=1.33e+56 rho_final=7.45e+00
BG_FUNC: a=2.82e-07 V=5.42e-03 factor_V=2.45e+58 factor_rho=5.62e-56 rho_eV2=1.33e+56 rho_final=7.45e+00
BG_FUNC: a=1.14e-05 V=5.42e-03 factor_V=2.45e+58 factor_rho=5.62e-56 rho_eV2=1.33e+56 rho_final=7.45e+00
BG_FUNC: a=4.52e-04 V=2.52e-03 factor_V=2.45e+58 factor_rho=5.62e-56 rho_eV2=8.21e+55 rho_final=4.62e+00
RIDDER SWITCHING: z_osc = 1879.71, a_osc = 5.317132e-04
DEBUG: Ridder field ENABLED. Lambda = 4.857882e-01
DEBUG: Ridder field ENABLED. Lambda = 4.857882e-01
BG_FUNC: a=2.95e-13 V=5.41e-03 factor_V=2.45e+58 factor_rho=5.62e-56 rho_eV2=1.32e+56 rho_final=7.44e+00
BG_FUNC: a=1.19e-11 V=5.41e-03 factor_V=2.45e+58 factor_rho=5.62e-56 rho_eV2=1.32e+56 rho_final=7.44e+00
BG_FUNC: a=4.78e-10 V=5.41e-03 factor_V=2.45e+58 factor_rho=5.62e-56 rho_eV2=1.32e+56 rho_final=7.44e+00
BG_FUNC: a=1.92e-08 V=5.41e-03 factor_V=2.45e+58 factor_rho=5.62e-56 rho_eV2=1.32e+56 rho_final=7.44e+00
BG_FUNC: a=7.75e-07 V=5.41e-03 factor_V=2.45e+58 factor_rho=5.62e-56 rho_eV2=1.32e+56 rho_final=7.44e+00
BG_FUNC: a=3.12[mcmc] Progress @ 2025-12-01 02:52:04 : 8122 steps taken, and 1209 accepted.
e-05 V=5.41e-03 factor_V=2.45e+58 factor_rho=5.62e-56 rho_eV2=1.32e+56 rho_final=7.44e+00
RIDDER SWITCHING: z_osc = 1877.59, a_osc = 5.323138e-04
DEBUG: Ridder field ENABLED. Lambda = 5.204341e-01
DEBUG: Ridder field ENABLED. Lambda = 5.204341e-01
BG_FUNC: a=2.12e-14 V=7.13e-03 factor_V=2.45e+58 factor_rho=5.62e-56 rho_eV2=1.74e+56 rho_final=9.80e+00
BG_FUNC: a=7.84e-13 V=7.13e-03 factor_V=2.45e+58 factor_rho=5.62e-56 rho_eV2=1.74e+56 rho_final=9.80e+00
BG_FUNC: a=3.08e-11 V=7.13e-03 factor_V=2.45e+58 factor_rho=5.62e-56 rho_eV2=1.74e+56 rho_final=9.80e+00
BG_FUNC: a=1.21e-09 V=7.13e-03 factor_V=2.45e+58 factor_rho=5.62e-56 rho_eV2=1.74e+56 rho_final=9.80e+00
BG_FUNC: a=4.75e-08 V=7.13e-03 factor_V=2.45e+58 factor_rho=5.62e-56 rho_eV2=1.74e+56 rho_final=9.80e+00
BG_FUNC: a=1.87e-06 V=7.13e-03 factor_V=2.45e+58 factor_rho=5.62e-56 rho_eV2=1.74e+56 rho_final=9.80e+00
BG_FUNC: a=7.18e-05 V=7.12e-03 factor_V=2.45e+58 factor_rho=5.62e-56 rho_eV2=1.74e+56 rho_final=9.79e+00
RIDDER SWITCHING: z_osc = 2051.22, a_osc = 4.872777e-04
DEBUG: Ridder field ENABLED. Lambda = 5.094106e-01
DEBUG: Ridder field ENABLED. Lambda = 5.094106e-01
BG_FUNC: a=5.17e-14 V=6.54e-03 factor_V=2.45e+58 factor_rho=5.62e-56 rho_eV2=1.60e+56 rho_final=8.99e+00
BG_FUNC: a=1.95e-12 V=6.54e-03 factor_V=2.45e+58 factor_rho=5.62e-56 rho_eV2=1.60e+56 rho_final=8.99e+00
BG_FUNC: a=7.67e-11 V=6.54e-03 factor_V=2.45e+58 factor_rho=5.62e-56 rho_eV2=1.60e+56 rho_final=8.99e+00
BG_FUNC: a=3.01e-09 V=6.54e-03 factor_V=2.45e+58 factor_rho=5.62e-56 rho_eV2=1.60e+56 rho_final=8.99e+00
BG_FUNC: a=1.18e-07 V=6.54e-03 factor_V=2.45e+58 factor_rho=5.62e-56 rho_eV2=1.60e+56 rho_final=8.99e+00
BG_FUNC: a=4.65e-06 V=6.54e-03 factor_V=2.45e+58 factor_rho=5.62e-56 rho_eV2=1.60e+56 rho_final=8.99e+00
BG_FUNC: a=1.78e-04 V=6.31e-03 factor_V=2.45e+58 factor_rho=5.62e-56 rho_eV2=1.56e+56 rho_final=8.80e+00
RIDDER SWITCHING: z_osc = 1988.40, a_osc = 5.026650e-04
DEBUG: Ridder field ENABLED. Lambda = 4.992438e-01
DEBUG: Ridder field ENABLED. Lambda = 4.992438e-01
BG_FUNC: a=1.21e-13 V=6.03e-03 factor_V=2.45e+58 factor_rho=5.62e-56 rho_eV2=1.48e+56 rho_final=8.30e+00
BG_FUNC: a=4.74e-12 V=6.03e-03 factor_V=2.45e+58 factor_rho=5.62e-56 rho_eV2=1.48e+56 rho_final=8.30e+00
BG_FUNC: a=1.86e-10 V=6.03e-03 factor_V=2.45e+58 factor_rho=5.62e-56 rho_eV2=1.48e+56 rho_final=8.30e+00
BG_FUNC: a=7.32e-09 V=6.03e-03 factor_V=2.45e+58 factor_rho=5.62e-56 rho_eV2=1.48e+56 rho_final=8.30e+00
BG_FUNC: a=2.88e-07 V=6.03e-03 factor_V=2.45e+58 factor_rho=5.62e-56 rho_eV2=1.48e+56 rho_final=8.30e+00
BG_FUNC: a=1.13e-05 V=6.03e-03 factor_V=2.45e+58 factor_rho=5.62e-56 rho_eV2=1.48e+56 rho_final=8.30e+00
BG_FUNC: a=4.30e-04 V=2.93e-03 factor_V=2.45e+58 factor_rho=5.62e-56 rho_eV2=9.41e+55 rho_final=5.29e+00
RIDDER SWITCHING: z_osc = 1939.17, a_osc = 5.154193e-04
DEBUG: Ridder field ENABLED. Lambda = 5.200874e-01
DEBUG: Ridder field ENABLED. Lambda = 5.200874e-01
BG_FUNC: a=2.88e-13 V=7.11e-03 factor_V=2.45e+58 factor_rho=5.62e-56 rho_eV2=1.74e+56 rho_final=9.77e+00
BG_FUNC: a=1.13e-11 V=7.11e-03 factor_V=2.45e+58 factor_rho=5.62e-56 rho_eV2=1.74e+56 rho_final=9.77e+00
BG_FUNC: a=4.46e-10 V=7.11e-03 factor_V=2.45e+58 factor_rho=5.62e-56 rho_eV2=1.74e+56 rho_final=9.77e+00
BG_FUNC: a=1.73e-08 V=7.11e-03 factor_V=2.45e+58 factor_rho=5.62e-56 rho_eV2=1.74e+56 rho_final=9.77e+00
BG_FUNC: a=6.79e-07 V=7.11e-03 factor_V=2.45e+58 factor_rho=5.62e-56 rho_eV2=1.74e+56 rho_final=9.77e+00
BG_FUNC: a=2.59e-05 V=7.11e-03 factor_V=2.45e+58 factor_rho=5.62e-56 rho_eV2=1.74e+56 rho_final=9.77e+00
RIDDER SWITCHING: z_osc = 2047.74, a_osc = 4.881041e-04
DEBUG: Ridder field ENABLED. Lambda = 4.911359e-01
DEBUG: Ridder field ENABLED. Lambda = 4.911359e-01
BG_FUNC: a=1.87e-14 V=5.65e-03 factor_V=2.45e+58 factor_rho=5.62e-56 rho_eV2=1.38e+56 rho_final=7.77e+00
BG_FUNC: a=7.13e-13 V=5.65e-03 factor_V=2.45e+58 factor_rho=5.62e-56 rho_eV2=1.38e+56 rho_final=7.77e+00
BG_FUNC: a=2.90e-11 V=5.65e-03 factor_V=2.45e+58 factor_rho=5.62e-56 rho_eV2=1.38e+56 rho_final=7.77e+00
BG_FUNC: a=1.18e-09 V=5.65e-03 factor_V=2.45e+58 factor_rho=5.62e-[mcmc] Progress @ 2025-12-01 02:53:12 : 8266 steps taken, and 1238 accepted.
56 rho_eV2=1.38e+56 rho_final=7.77e+00
BG_FUNC: a=4.80e-08 V=5.65e-03 factor_V=2.45e+58 factor_rho=5.62e-56 rho_eV2=1.38e+56 rho_final=7.77e+00
BG_FUNC: a=1.95e-06 V=5.65e-03 factor_V=2.45e+58 factor_rho=5.62e-56 rho_eV2=1.38e+56 rho_final=7.77e+00
BG_FUNC: a=7.94e-05 V=5.64e-03 factor_V=2.45e+58 factor_rho=5.62e-56 rho_eV2=1.38e+56 rho_final=7.76e+00
RIDDER SWITCHING: z_osc = 1902.83, a_osc = 5.252583e-04
DEBUG: Ridder field ENABLED. Lambda = 5.034203e-01
DEBUG: Ridder field ENABLED. Lambda = 5.034203e-01
BG_FUNC: a=5.33e-14 V=6.24e-03 factor_V=2.45e+58 factor_rho=5.62e-56 rho_eV2=1.53e+56 rho_final=8.58e+00
BG_FUNC: a=2.09e-12 V=6.24e-03 factor_V=2.45e+58 factor_rho=5.62e-56 rho_eV2=1.53e+56 rho_final=8.58e+00
BG_FUNC: a=8.54e-11 V=6.24e-03 factor_V=2.45e+58 factor_rho=5.62e-56 rho_eV2=1.53e+56 rho_final=8.58e+00
BG_FUNC: a=3.49e-09 V=6.24e-03 factor_V=2.45e+58 factor_rho=5.62e-56 rho_eV2=1.53e+56 rho_final=8.58e+00
BG_FUNC: a=1.43e-07 V=6.24e-03 factor_V=2.45e+58 factor_rho=5.62e-56 rho_eV2=1.53e+56 rho_final=8.58e+00
BG_FUNC: a=5.83e-06 V=6.24e-03 factor_V=2.45e+58 factor_rho=5.62e-56 rho_eV2=1.53e+56 rho_final=8.58e+00
BG_FUNC: a=2.37e-04 V=5.66e-03 factor_V=2.45e+58 factor_rho=5.62e-56 rho_eV2=1.44e+56 rho_final=8.07e+00
RIDDER SWITCHING: z_osc = 1958.38, a_osc = 5.103665e-04
DEBUG: Ridder field ENABLED. Lambda = 5.053196e-01
DEBUG: Ridder field ENABLED. Lambda = 5.053196e-01
BG_FUNC: a=1.58e-13 V=6.33e-03 factor_V=2.45e+58 factor_rho=5.62e-56 rho_eV2=1.55e+56 rho_final=8.71e+00
BG_FUNC: a=6.19e-12 V=6.33e-03 factor_V=2.45e+58 factor_rho=5.62e-56 rho_eV2=1.55e+56 rho_final=8.71e+00
BG_FUNC: a=2.43e-10 V=6.33e-03 factor_V=2.45e+58 factor_rho=5.62e-56 rho_eV2=1.55e+56 rho_final=8.71e+00
BG_FUNC: a=9.52e-09 V=6.33e-03 factor_V=2.45e+58 factor_rho=5.62e-56 rho_eV2=1.55e+56 rho_final=8.71e+00
BG_FUNC: a=3.73e-07 V=6.33e-03 factor_V=2.45e+58 factor_rho=5.62e-56 rho_eV2=1.55e+56 rho_final=8.71e+00
BG_FUNC: a=1.44e-05 V=6.33e-03 factor_V=2.45e+58 factor_rho=5.62e-56 rho_eV2=1.55e+56 rho_final=8.71e+00
RIDDER SWITCHING: z_osc = 1975.71, a_osc = 5.058912e-04
DEBUG: Ridder field ENABLED. Lambda = 5.511097e-01
DEBUG: Ridder field ENABLED. Lambda = 5.511097e-01
BG_FUNC: a=1.01e-14 V=8.96e-03 factor_V=2.45e+58 factor_rho=5.62e-56 rho_eV2=2.19e+56 rho_final=1.23e+01
BG_FUNC: a=3.78e-13 V=8.96e-03 factor_V=2.45e+58 factor_rho=5.62e-56 rho_eV2=2.19e+56 rho_final=1.23e+01
BG_FUNC: a=1.52e-11 V=8.96e-03 factor_V=2.45e+58 factor_rho=5.62e-56 rho_eV2=2.19e+56 rho_final=1.23e+01
BG_FUNC: a=6.09e-10 V=8.96e-03 factor_V=2.45e+58 factor_rho=5.62e-56 rho_eV2=2.19e+56 rho_final=1.23e+01
BG_FUNC: a=2.44e-08 V=8.96e-03 factor_V=2.45e+58 factor_rho=5.62e-56 rho_eV2=2.19e+56 rho_final=1.23e+01
BG_FUNC: a=9.81e-07 V=8.96e-03 factor_V=2.45e+58 factor_rho=5.62e-56 rho_eV2=2.19e+56 rho_final=1.23e+01
BG_FUNC: a=3.94e-05 V=8.96e-03 factor_V=2.45e+58 factor_rho=5.62e-56 rho_eV2=2.19e+56 rho_final=1.23e+01
RIDDER SWITCHING: z_osc = 2194.13, a_osc = 4.555545e-04
DEBUG: Ridder field ENABLED. Lambda = 4.872839e-01
DEBUG: Ridder field ENABLED. Lambda = 4.872839e-01
BG_FUNC: a=3.09e-14 V=5.48e-03 factor_V=2.45e+58 factor_rho=5.62e-56 rho_eV2=1.34e+56 rho_final=7.53e+00
BG_FUNC: a=1.19e-12 V=5.48e-03 factor_V=2.45e+58 factor_rho=5.62e-56 rho_eV2=1.34e+56 rho_final=7.53e+00
BG_FUNC: a=4.85e-11 V=5.48e-03 factor_V=2.45e+58 factor_rho=5.62e-56 rho_eV2=1.34e+56 rho_final=7.53e+00
BG_FUNC: a=1.97e-09 V=5.48e-03 factor_V=2.45e+58 factor_rho=5.62e-56 rho_eV2=1.34e+56 rho_final=7.53e+00
BG_FUNC: a=8.03e-08 V=5.48e-03 factor_V=2.45e+58 factor_rho=5.62e-56 rho_eV2=1.34e+56 rho_final=7.53e+00
BG_FUNC: a=3.27e-06 V=5.48e-03 factor_V=2.45e+58 factor_rho=5.62e-56 rho_eV2=1.34e+56 rho_final=7.53e+00
BG_FUNC: a=1.33e-04 V=5.42e-03 factor_V=2.45e+58 factor_rho=5.62e-56 rho_eV2=1.33e+56 rho_final=7.48e+00
RIDDER SWITCHING: z_osc = 1894.64, a_osc = 5.275250e-04
DEBUG: Ridder field ENABLED. Lambda = 4.906153e-01
DEBUG: Ridder field ENABLED. Lambda = 4.906153e-01
BG_FUNC: a=8.76e-14 V=5.63e-03 factor_V=2.45e+58 factor_rho=5.62e-56 rho_eV2=1.38e+56 rho_final=7.74e+00
BG_FUNC: a=3.45e-12 V=5.63e-03 factor_V=2.45e+58 factor_rho=5.62e-56 rho_eV2=1.38e+56 rho_final=7.74e+00
BG_FUNC: a=1.40e-10 V=5.63e-03 factor_V=2.45e+58 factor_rho=5.62e-56 rho_eV2=1.38e+56 rho_final=7.74e+00
BG_FUNC: a=5.66e-09 V=5.63e-03 factor_V=2.45e+58 factor_rho=5.62e-56 rho_eV2=1.38e+56 rho_final=7.74e+00
BG_FUNC: a=2.30e-07 V=5.63e-03 factor_V=2.45e+58 factor_rho=5.62e-56 rho_eV2=1.38e+56 rho_final=7.74e+00
BG_FUNC: a=9.31e-06 V=5.63e-03 factor_V=2.45e+58 factor_rho=5.62e-56 rho_eV2=1.38e+56 rho_final=7.74e+00
BG_FUNC: a=3.69e-04 V=3.73e-03 factor_V=2.45e+58 factor_rho=5.62e-56 rho_eV2=1.06e+56 rho_final=5.98e+00
RIDDER SWITCHING: z_osc = 1900.49, a_osc = 5.259024e-04
DEBUG: Ridder field ENABLED. Lambda = 4.937794e-01
DEBUG: Ridder field ENABLED. Lambda = 4.937794e-01
BG_FUNC: a=2.43e-13 V=5.77e-03 factor_V=2.45e+58 factor_rho=5.62e-56 rho_eV2=1.41e+56 rho_final=7.94e+00
BG_FUNC: a=1.00e-11 V=5.77e-03 factor_V=2.45e+58 factor_rho=5.62e-56 rho_eV2=1.41e+56 rho_final=7.94e+00
BG_FUNC: a=4.04e-10 V=5.77e-03 factor_V=2.45e+58 factor_rho=5.62e-56 rho_eV2=1.41e+56 rho_final=7.94e+00
BG_FUNC: a=1.65e-08 V=5.77e-03 factor_V=2.45e+58 factor_rho=5.62e-56 rho_eV2=1.41e+56 rho_final=7.94e+00
BG_FUNC: a=6.73e-07 V=5.77e-03 factor_V=2.45e+58 factor_rho=5.62e-56 rho_eV2=1.41e+56 rho_final=7.94e+00
BG_FUNC: a=2.75e-05 V=5.77e-03 factor_V=2.45e+58 factor_rho=5.62e-56 rho_eV2=1.41e+56 rho_final=7.94e+00
RIDDER SWITCHING: z_osc = 1915.55, a_osc = 5.217696e-04
DEBUG: Ridder field ENABLED. Lambda = 4.988293e-01
DEBUG: Ridder field ENABLED. Lambda = 4.988293e-01
BG_FUNC: a=1.90e-14 V=6.01e-03 factor_V=2.45e+58 factor_rho=5.62e-56 rho_eV2=1.47e+56 rho_final=8.27e+00
BG_FUNC: a=7.20e-13 V=6.01e-03 factor_V=2.45e+58 factor_rho=5.62e-56 rho_eV2=1.47e+56 rho_final=8.27e+00
BG_FUNC: a=2.88e-11 V=6.01e-03 factor_V=2.45e+58 factor_rho=5.62e-56 rho_eV2=1.47e+56 rho_final=8.27e+00
BG_FUNC: a=1.15e-09 V=6.01e-03 factor_V=2.45e+58 factor_rho=5.62e-56 rho_eV2=1.47e+56 rho_final=8.27e+00
BG_FUNC: a=4.62e-08 V=6.01e-03 factor_V=2.45e+58 factor_rho=5.62e-56 rho_eV2=1.47e+56 rho_final=8.27e+00
BG_FUNC: a=1.85e-06 V=6.01e-03 factor_V=2.45e+58 factor_rho=5.62e-56 rho_eV2=1.47e+56 rho_final=8.27e+00
BG_FUNC: a=7.40e-05 V=6.01e-03 factor_V=2.45e+58 factor_rho=5.62e-56 rho_eV2=1.47e+56 rho_final=8.26e+00
RIDDER SWITCHING: z_osc = 1949.72, a_osc = 5.126309e-04
DEBUG: Ridder field ENABLED. Lambda = 5.076661e-01
DEBUG: Ridder field ENABLED. Lambda = 5.076661e-01
BG_FUNC: a=5.06e-14 V=6.45e-03 factor_V=2.45e+58 factor_rho=5.62e-56 rho_eV2=1.58e+56 rho_final=8.87e+00
BG_FUNC: a=1.92e-12 V=6.45e-03 factor_V=2.45e+58 factor_rho=5.62e-56 rho_eV2=1.58e+56 rho_final=8.87e+00
BG_FUNC: a=7.49e-11 V=6.45e-03 factor_V=2.45e+58 factor_rho=5.62e-56 rho_eV2=1.58e+56 rho_final=8.87e+00
BG_FUNC: a=2.93e-09 V=6.45e-03 factor_V=2.45e+58 factor_rho=5.62e-56 rho_eV2=1.58e+56 rho_final=8.87e+00
BG_FUNC: a=1.16e-07 V=6.45e-03 factor_V=2.45e+58 factor_rho=5.62e-56 rho_eV2=1.58e+56 rho_final=8.87e+00
BG_FUNC: a=4.49e-06 V=6.45e-03 factor_V=2.45e+58 factor_rho=5.62e-56 rho_eV2=1.58e+56 rho_final=8.87e+00
BG_FUNC: a=1.71e-04 V=6.26e-03 factor_V=2.45e+58 factor_rho=5.62e-56 rho_eV2=1.55e+56 rho_final=8.70e+00
RIDDER SWITCHING: z_osc = 1984.29, a_osc = 5.037042e-04
DEBUG: Ridder field ENABLED. Lambda = 4.987287e-01
DEBUG: Ridder field ENABLED. Lambda = 4.987287e-01
BG_FUNC: a=1.16e-13 V=6.01e-03 factor_V=2.45e+58 factor_rho=5.62e-56 rho_eV2=1.47e+56 rho_final=8.26e+00
BG_FUNC: a=4.56e-12 V=6.01e-03 factor_V=2.45e+58 factor_rho=5.62e-56 rho_eV2=1.47e+56 rho_final=8.26e+00
BG_FUNC: a=1.79e-10 V=6.01e-03 factor_V=2.45e+58 factor_rho=5.62e-56 rho_eV2=1.47e+56 rho_final=8.26e+00
BG_FUNC: a=7.04e-09 V=6.01e-03 factor_V=2.45e+58 factor_rho=5.62e-56 rho_eV2=1.47e+56 rho_final=8.26e+00
BG_FUNC: a=2.77e-07 V=6.01e-03 factor_V=2.45e+58 factor_rho=5.62e-56 rho_eV2=1.47e+56 rho_final=8.26e+00
BG_FUNC: a=1.09e-05 V=6.01e-03 factor_V=2.45e+58 factor_rho=5.62e-56 rho_eV2=1.47e+56 rho_final=8.26e+00
BG_FUNC: a=4.11e-04 V=3.21e-03 factor_V=2.45e+58 factor_rho=5.62e-56 rho_eV2=9.94e+55 rho_final=5.59e+00
RIDDER SWIT[mcmc] Progress @ 2025-12-01 02:54:14 : 8358 steps taken, and 1258 accepted.
CHING: z_osc = 1941.34, a_osc = 5.148427e-04
DEBUG: Ridder field ENABLED. Lambda = 4.898315e-01
DEBUG: Ridder field ENABLED. Lambda = 4.898315e-01
BG_FUNC: a=2.73e-13 V=5.59e-03 factor_V=2.45e+58 factor_rho=5.62e-56 rho_eV2=1.37e+56 rho_final=7.69e+00
BG_FUNC: a=1.08e-11 V=5.59e-03 factor_V=2.45e+58 factor_rho=5.62e-56 rho_eV2=1.37e+56 rho_final=7.69e+00
BG_FUNC: a=4.20e-10 V=5.59e-03 factor_V=2.45e+58 factor_rho=5.62e-56 rho_eV2=1.37e+56 rho_final=7.69e+00
BG_FUNC: a=1.65e-08 V=5.59e-03 factor_V=2.45e+58 factor_rho=5.62e-56 rho_eV2=1.37e+56 rho_final=7.69e+00
BG_FUNC: a=6.51e-07 V=5.59e-03 factor_V=2.45e+58 factor_rho=5.62e-56 rho_eV2=1.37e+56 rho_final=7.69e+00
BG_FUNC: a=2.48e-05 V=5.59e-03 factor_V=2.45e+58 factor_rho=5.62e-56 rho_eV2=1.37e+56 rho_final=7.69e+00
RIDDER SWITCHING: z_osc = 1898.63, a_osc = 5.264194e-04
DEBUG: Ridder field ENABLED. Lambda = 5.052750e-01
DEBUG: Ridder field ENABLED. Lambda = 5.052750e-01
BG_FUNC: a=1.66e-14 V=6.33e-03 factor_V=2.45e+58 factor_rho=5.62e-56 rho_eV2=1.55e+56 rho_final=8.70e+00
BG_FUNC: a=6.31e-13 V=6.33e-03 factor_V=2.45e+58 factor_rho=5.62e-56 rho_eV2=1.55e+56 rho_final=8.70e+00
BG_FUNC: a=2.57e-11 V=6.33e-03 factor_V=2.45e+58 factor_rho=5.62e-56 rho_eV2=1.55e+56 rho_final=8.70e+00
BG_FUNC: a=1.04e-09 V=6.33e-03 factor_V=2.45e+58 factor_rho=5.62e-56 rho_eV2=1.55e+56 rho_final=8.70e+00
BG_FUNC: a=4.24e-08 V=6.33e-03 factor_V=2.45e+58 factor_rho=5.62e-56 rho_eV2=1.55e+56 rho_final=8.70e+00
BG_FUNC: a=1.72e-06 V=6.33e-03 factor_V=2.45e+58 factor_rho=5.62e-56 rho_eV2=1.55e+56 rho_final=8.70e+00
BG_FUNC: a=7.01e-05 V=6.33e-03 factor_V=2.45e+58 factor_rho=5.62e-56 rho_eV2=1.55e+56 rho_final=8.70e+00
RIDDER SWITCHING: z_osc = 1982.41, a_osc = 5.041812e-04
DEBUG: Ridder field ENABLED. Lambda = 4.837020e-01
DEBUG: Ridder field ENABLED. Lambda = 4.837020e-01
BG_FUNC: a=4.95e-14 V=5.32e-03 factor_V=2.45e+58 factor_rho=5.62e-56 rho_eV2=1.30e+56 rho_final=7.31e+00
BG_FUNC: a=1.93e-12 V=5.32e-03 factor_V=2.45e+58 factor_rho=5.62e-56 rho_eV2=1.30e+56 rho_final=7.31e+00
BG_FUNC: a=7.70e-11 V=5.32e-03 factor_V=2.45e+58 factor_rho=5.62e-56 rho_eV2=1.30e+56 rho_final=7.31e+00
BG_FUNC: a=3.10e-09 V=5.32e-03 factor_V=2.45e+58 factor_rho=5.62e-56 rho_eV2=1.30e+56 rho_final=7.31e+00
BG_FUNC: a=1.25e-07 V=5.32e-03 factor_V=2.45e+58 factor_rho=5.62e-56 rho_eV2=1.30e+56 rho_final=7.31e+00
BG_FUNC: a=5.03e-06 V=5.32e-03 factor_V=2.45e+58 factor_rho=5.62e-56 rho_eV2=1.30e+56 rho_final=7.31e+00
BG_FUNC: a=2.01e-04 V=5.08e-03 factor_V=2.45e+58 factor_rho=5.62e-56 rho_eV2=1.26e+56 rho_final=7.11e+00
RIDDER SWITCHING: z_osc = 1870.12, a_osc = 5.344405e-04
DEBUG: Ridder field ENABLED. Lambda = 4.539238e-01
DEBUG: Ridder field ENABLED. Lambda = 4.539238e-01
BG_FUNC: a=1.28e-13 V=4.12e-03 factor_V=2.45e+58 factor_rho=5.62e-56 rho_eV2=1.01e+56 rho_final=5.67e+00
BG_FUNC: a=5.28e-12 V=4.12e-03 factor_V=2.45e+58 factor_rho=5.62e-56 rho_eV2=1.01e+56 rho_final=5.67e+00
BG_FUNC: a=2.13e-10 V=4.12e-03 factor_V=2.45e+58 factor_rho=5.62e-56 rho_eV2=1.01e+56 rho_final=5.67e+00
BG_FUNC: a=8.72e-09 V=4.12e-03 factor_V=2.45e+58 factor_rho=5.62e-56 rho_eV2=1.01e+56 rho_final=5.67e+00
BG_FUNC: a=3.56e-07 V=4.12e-03 factor_V=2.45e+58 factor_rho=5.62e-56 rho_eV2=1.01e+56 rho_final=5.67e+00
BG_FUNC: a=1.45e-05 V=4.12e-03 factor_V=2.45e+58 factor_rho=5.62e-56 rho_eV2=1.01e+56 rho_final=5.67e+00
BG_FUNC: a=5.71e-04 V=1.20e-03 factor_V=2.45e+58 factor_rho=5.62e-56 rho_eV2=4.68e+55 rho_final=2.63e+00
RIDDER SWITCHING: z_osc = 1728.57, a_osc = 5.781779e-04
DEBUG: Ridder field ENABLED. Lambda = 5.147243e-01
DEBUG: Ridder field ENABLED. Lambda = 5.147243e-01
BG_FUNC: a=3.41e-13 V=6.82e-03 factor_V=2.45e+58 factor_rho=5.62e-56 rho_eV2=1.67e+56 rho_final=9.37e+00
BG_FUNC: a=1.34e-11 V=6.82e-03 factor_V=2.45e+58 factor_rho=5.62e-56 rho_eV2=1.67e+56 rho_final=9.37e+00
BG_FUNC: a=5.27e-10 V=6.82e-03 factor_V=2.45e+58 factor_rho=5.62e-56 rho_eV2=1.67e+56 rho_final=9.37e+00
BG_FUNC: a=2.07e-08 V=6.82e-03 factor_V=2.45e+58 factor_rho=5.62e-56 rho_eV2=1.67e+56 rho_final=9.37e+00
BG_FUNC: a=8.14e-07 V=6.82e-03 factor_V=2.45e+58 factor_rho=5.[mcmc] Progress @ 2025-12-01 02:55:19 : 8502 steps taken, and 1288 accepted.
62e-56 rho_eV2=1.67e+56 rho_final=9.37e+00
BG_FUNC: a=3.15e-05 V=6.82e-03 factor_V=2.45e+58 factor_rho=5.62e-56 rho_eV2=1.67e+56 rho_final=9.37e+00
RIDDER SWITCHING: z_osc = 2017.83, a_osc = 4.953367e-04
DEBUG: Ridder field ENABLED. Lambda = 4.970809e-01
DEBUG: Ridder field ENABLED. Lambda = 4.970809e-01
BG_FUNC: a=2.24e-14 V=5.93e-03 factor_V=2.45e+58 factor_rho=5.62e-56 rho_eV2=1.45e+56 rho_final=8.15e+00
BG_FUNC: a=8.63e-13 V=5.93e-03 factor_V=2.45e+58 factor_rho=5.62e-56 rho_eV2=1.45e+56 rho_final=8.15e+00
BG_FUNC: a=3.59e-11 V=5.93e-03 factor_V=2.45e+58 factor_rho=5.62e-56 rho_eV2=1.45e+56 rho_final=8.15e+00
BG_FUNC: a=1.46e-09 V=5.93e-03 factor_V=2.45e+58 factor_rho=5.62e-56 rho_eV2=1.45e+56 rho_final=8.15e+00
BG_FUNC: a=6.02e-08 V=5.93e-03 factor_V=2.45e+58 factor_rho=5.62e-56 rho_eV2=1.45e+56 rho_final=8.15e+00
BG_FUNC: a=2.48e-06 V=5.93e-03 factor_V=2.45e+58 factor_rho=5.62e-56 rho_eV2=1.45e+56 rho_final=8.15e+00
BG_FUNC: a=1.02e-04 V=5.91e-03 factor_V=2.45e+58 factor_rho=5.62e-56 rho_eV2=1.45e+56 rho_final=8.13e+00
RIDDER SWITCHING: z_osc = 1931.01, a_osc = 5.175968e-04
DEBUG: Ridder field ENABLED. Lambda = 5.207774e-01
DEBUG: Ridder field ENABLED. Lambda = 5.207774e-01
BG_FUNC: a=6.98e-14 V=7.15e-03 factor_V=2.45e+58 factor_rho=5.62e-56 rho_eV2=1.75e+56 rho_final=9.82e+00
BG_FUNC: a=2.64e-12 V=7.15e-03 factor_V=2.45e+58 factor_rho=5.62e-56 rho_eV2=1.75e+56 rho_final=9.82e+00
BG_FUNC: a=1.04e-10 V=7.15e-03 factor_V=2.45e+58 factor_rho=5.62e-56 rho_eV2=1.75e+56 rho_final=9.82e+00
BG_FUNC: a=4.08e-09 V=7.15e-03 factor_V=2.45e+58 factor_rho=5.62e-56 rho_eV2=1.75e+56 rho_final=9.82e+00
BG_FUNC: a=1.60e-07 V=7.15e-03 factor_V=2.45e+58 factor_rho=5.62e-56 rho_eV2=1.75e+56 rho_final=9.82e+00
BG_FUNC: a=6.30e-06 V=7.15e-03 factor_V=2.45e+58 factor_rho=5.62e-56 rho_eV2=1.75e+56 rho_final=9.82e+00
BG_FUNC: a=2.42e-04 V=6.34e-03 factor_V=2.45e+58 factor_rho=5.62e-56 rho_eV2=1.62e+56 rho_final=9.12e+00
RIDDER SWITCHING: z_osc = 2044.63, a_osc = 4.888476e-04
DEBUG: Ridder field ENABLED. Lambda = 4.959395e-01
DEBUG: Ridder field ENABLED. Lambda = 4.959395e-01
BG_FUNC: a=1.72e-13 V=5.88e-03 factor_V=2.45e+58 factor_rho=5.62e-56 rho_eV2=1.44e+56 rho_final=8.08e+00
BG_FUNC: a=6.90e-12 V=5.88e-03 factor_V=2.45e+58 factor_rho=5.62e-56 rho_eV2=1.44e+56 rho_final=8.08e+00
BG_FUNC: a=2.80e-10 V=5.88e-03 factor_V=2.45e+58 factor_rho=5.62e-56 rho_eV2=1.44e+56 rho_final=8.08e+00
BG_FUNC: a=1.13e-08 V=5.88e-03 factor_V=2.45e+58 factor_rho=5.62e-56 rho_eV2=1.44e+56 rho_final=8.08e+00
BG_FUNC: a=4.60e-07 V=5.88e-03 factor_V=2.45e+58 factor_rho=5.62e-56 rho_eV2=1.44e+56 rho_final=8.08e+00
BG_FUNC: a=1.87e-05 V=5.88e-03 factor_V=2.45e+58 factor_rho=5.62e-56 rho_eV2=1.44e+56 rho_final=8.08e+00
RIDDER SWITCHING: z_osc = 1925.36, a_osc = 5.191136e-04
DEBUG: Ridder field ENABLED. Lambda = 5.294170e-01
DEBUG: Ridder field ENABLED. Lambda = 5.294170e-01
BG_FUNC: a=1.31e-14 V=7.63e-03 factor_V=2.45e+58 factor_rho=5.62e-56 rho_eV2=1.87e+56 rho_final=1.05e+01
BG_FUNC: a=4.93e-13 V=7.63e-03 factor_V=2.45e+58 factor_rho=5.62e-56 rho_eV2=1.87e+56 rho_final=1.05e+01
BG_FUNC: a=2.00e-11 V=7.63e-03 factor_V=2.45e+58 factor_rho=5.62e-56 rho_eV2=1.87e+56 rho_final=1.05e+01
BG_FUNC: a=8.12e-10 V=7.63e-03 factor_V=2.45e+58 factor_rho=5.62e-56 rho_eV2=1.87e+56 rho_final=1.05e+01
BG_FUNC: a=3.30e-08 V=7.63e-03 factor_V=2.45e+58 factor_rho=5.62e-56 rho_eV2=1.87e+56 rho_final=1.05e+01
BG_FUNC: a=1.34e-06 V=7.63e-03 factor_V=2.45e+58 factor_rho=5.62e-56 rho_eV2=1.87e+56 rho_final=1.05e+01
BG_FUNC: a=5.43e-05 V=7.63e-03 factor_V=2.45e+58 factor_rho=5.62e-56 rho_eV2=1.87e+56 rho_final=1.05e+01
RIDDER SWITCHING: z_osc = 2090.94, a_osc = 4.780258e-04
DEBUG: Ridder field ENABLED. Lambda = 5.222658e-01
DEBUG: Ridder field ENABLED. Lambda = 5.222658e-01
BG_FUNC: a=4.05e-14 V=7.23e-03 factor_V=2.45e+58 factor_rho=5.62e-56 rho_eV2=1.77e+56 rho_final=9.94e+00
BG_FUNC: a=1.54e-12 V=7.23e-03 factor_V=2.45e+58 factor_rho=5.62e-56 rho_eV2=1.77e+56 rho_final=9.94e+00
BG_FUNC: a=6.03e-11 V=7.23e-03 factor_V=2.45e+58 factor_rho=5.62e-56 rho_eV2=1.77e+56 rho_final=9.94e+00
BG_FUNC:[mcmc] Progress @ 2025-12-01 02:56:23 : 8578 steps taken, and 1306 accepted.
 a=2.37e-09 V=7.23e-03 factor_V=2.45e+58 factor_rho=5.62e-56 rho_eV2=1.77e+56 rho_final=9.94e+00
BG_FUNC: a=9.32e-08 V=7.23e-03 factor_V=2.45e+58 factor_rho=5.62e-56 rho_eV2=1.77e+56 rho_final=9.94e+00
BG_FUNC: a=3.63e-06 V=7.23e-03 factor_V=2.45e+58 factor_rho=5.62e-56 rho_eV2=1.77e+56 rho_final=9.94e+00
BG_FUNC: a=1.40e-04 V=7.11e-03 factor_V=2.45e+58 factor_rho=5.62e-56 rho_eV2=1.75e+56 rho_final=9.84e+00
RIDDER SWITCHING: z_osc = 2055.88, a_osc = 4.861726e-04
DEBUG: Ridder field ENABLED. Lambda = 5.483869e-01
DEBUG: Ridder field ENABLED. Lambda = 5.483869e-01
BG_FUNC: a=9.79e-14 V=8.79e-03 factor_V=2.45e+58 factor_rho=5.62e-56 rho_eV2=2.15e+56 rho_final=1.21e+01
BG_FUNC: a=3.91e-12 V=8.79e-03 factor_V=2.45e+58 factor_rho=5.62e-56 rho_eV2=2.15e+56 rho_final=1.21e+01
BG_FUNC: a=1.56e-10 V=8.79e-03 factor_V=2.45e+58 factor_rho=5.62e-56 rho_eV2=2.15e+56 rho_final=1.21e+01
BG_FUNC: a=6.24e-09 V=8.79e-03 factor_V=2.45e+58 factor_rho=5.62e-56 rho_eV2=2.15e+56 rho_final=1.21e+01
BG_FUNC: a=2.52e-07 V=8.79e-03 factor_V=2.45e+58 factor_rho=5.62e-56 rho_eV2=2.15e+56 rho_final=1.21e+01
BG_FUNC: a=9.98e-06 V=8.79e-03 factor_V=2.45e+58 factor_rho=5.62e-56 rho_eV2=2.15e+56 rho_final=1.21e+01
BG_FUNC: a=3.90e-04 V=4.16e-03 factor_V=2.45e+58 factor_rho=5.62e-56 rho_eV2=1.35e+56 rho_final=7.59e+00
RIDDER SWITCHING: z_osc = 2180.09, a_osc = 4.584861e-04
DEBUG: Ridder field ENABLED. Lambda = 5.014548e-01
DEBUG: Ridder field ENABLED. Lambda = 5.014548e-01
BG_FUNC: a=2.96e-13 V=6.14e-03 factor_V=2.45e+58 factor_rho=5.62e-56 rho_eV2=1.50e+56 rho_final=8.44e+00
BG_FUNC: a=1.19e-11 V=6.14e-03 factor_V=2.45e+58 factor_rho=5.62e-56 rho_eV2=1.50e+56 rho_final=8.44e+00
BG_FUNC: a=4.74e-10 V=6.14e-03 factor_V=2.45e+58 factor_rho=5.62e-56 rho_eV2=1.50e+56 rho_final=8.44e+00
BG_FUNC: a=1.90e-08 V=6.14e-03 factor_V=2.45e+58 factor_rho=5.62e-56 rho_eV2=1.50e+56 rho_final=8.44e+00
BG_FUNC: a=7.59e-07 V=6.14e-03 factor_V=2.45e+58 factor_rho=5.62e-56 rho_eV2=1.50e+56 rho_final=8.44e+00
BG_FUNC: a=3.04e-05 V=6.14e-03 factor_V=2.45e+58 factor_rho=5.62e-56 rho_eV2=1.50e+56 rho_final=8.44e+00
RIDDER SWITCHING: z_osc = 1956.20, a_osc = 5.109327e-04
DEBUG: Ridder field ENABLED. Lambda = 4.935749e-01
DEBUG: Ridder field ENABLED. Lambda = 4.935749e-01
BG_FUNC: a=2.12e-14 V=5.77e-03 factor_V=2.45e+58 factor_rho=5.62e-56 rho_eV2=1.41e+56 rho_final=7.93e+00
BG_FUNC: a=7.89e-13 V=5.77e-03 factor_V=2.45e+58 factor_rho=5.62e-56 rho_eV2=1.41e+56 rho_final=7.93e+00
BG_FUNC: a=3.09e-11 V=5.77e-03 factor_V=2.45e+58 factor_rho=5.62e-56 rho_eV2=1.41e+56 rho_final=7.93e+00
BG_FUNC: a=1.21e-09 V=5.77e-03 factor_V=2.45e+58 factor_rho=5.62e-56 rho_eV2=1.41e+56 rho_final=7.93e+00
BG_FUNC: a=4.75e-08 V=5.77e-03 factor_V=2.45e+58 factor_rho=5.62e-56 rho_eV2=1.41e+56 rho_final=7.93e+00
BG_FUNC: a=1.86e-06 V=5.77e-03 factor_V=2.45e+58 factor_rho=5.62e-56 rho_eV2=1.41e+56 rho_final=7.93e+00
BG_FUNC: a=7.08e-05 V=5.76e-03 factor_V=2.45e+58 factor_rho=5.62e-56 rho_eV2=1.41e+56 rho_final=7.92e+00
RIDDER SWITCHING: z_osc = 1917.93, a_osc = 5.211231e-04
DEBUG: Ridder field ENABLED. Lambda = 4.729009e-01
DEBUG: Ridder field ENABLED. Lambda = 4.729009e-01
BG_FUNC: a=4.83e-14 V=4.86e-03 factor_V=2.45e+58 factor_rho=5.62e-56 rho_eV2=1.19e+56 rho_final=6.68e+00
BG_FUNC: a=1.83e-12 V=4.86e-03 factor_V=2.45e+58 factor_rho=5.62e-56 rho_eV2=1.19e+56 rho_final=6.68e+00
BG_FUNC: a=7.21e-11 V=4.86e-03 factor_V=2.45e+58 factor_rho=5.62e-56 rho_eV2=1.19e+56 rho_final=6.68e+00
BG_FUNC: a=2.80e-09 V=4.86e-03 factor_V=2.45e+58 factor_rho=5.62e-56 rho_eV2=1.19e+56 rho_final=6.68e+00
BG_FUNC: a=1.10e-07 V=4.86e-03 factor_V=2.45e+58 factor_rho=5.62e-56 rho_eV2=1.19e+56 rho_final=6.68e+00
BG_FUNC: a=4.26e-06 V=4.86e-03 factor_V=2.45e+58 factor_rho=5.62e-56 rho_eV2=1.19e+56 rho_final=6.68e+00
BG_FUNC: a=1.71e-04 V=4.75e-03 factor_V=2.45e+58 factor_rho=5.62e-56 rho_eV2=1.17e+56 rho_final=6.59e+00
RIDDER SWITCHING: z_osc = 1813.01, a_osc = 5.512655e-04
DEBUG: Ridder field ENABLED. Lambda = 4.939057e-01
DEBUG: Ridder field ENABLED. Lambda = 4.939057e-01
BG_FUNC: a=1.05e-13 V=5.78e-03 factor_V=2.45e+58 factor_rho[mcmc] Progress @ 2025-12-01 02:57:29 : 8713 steps taken, and 1339 accepted.
=5.62e-56 rho_eV2=1.41e+56 rho_final=7.95e+00
BG_FUNC: a=4.25e-12 V=5.78e-03 factor_V=2.45e+58 factor_rho=5.62e-56 rho_eV2=1.41e+56 rho_final=7.95e+00
BG_FUNC: a=1.72e-10 V=5.78e-03 factor_V=2.45e+58 factor_rho=5.62e-56 rho_eV2=1.41e+56 rho_final=7.95e+00
BG_FUNC: a=6.97e-09 V=5.78e-03 factor_V=2.45e+58 factor_rho=5.62e-56 rho_eV2=1.41e+56 rho_final=7.95e+00
BG_FUNC: a=2.82e-07 V=5.78e-03 factor_V=2.45e+58 factor_rho=5.62e-56 rho_eV2=1.41e+56 rho_final=7.95e+00
BG_FUNC: a=1.14e-05 V=5.78e-03 factor_V=2.45e+58 factor_rho=5.62e-56 rho_eV2=1.41e+56 rho_final=7.95e+00
BG_FUNC: a=4.52e-04 V=2.56e-03 factor_V=2.45e+58 factor_rho=5.62e-56 rho_eV2=8.51e+55 rho_final=4.78e+00
RIDDER SWITCHING: z_osc = 1918.06, a_osc = 5.210897e-04
DEBUG: Ridder field ENABLED. Lambda = 4.837018e-01
DEBUG: Ridder field ENABLED. Lambda = 4.837018e-01
BG_FUNC: a=3.02e-13 V=5.32e-03 factor_V=2.45e+58 factor_rho=5.62e-56 rho_eV2=1.30e+56 rho_final=7.31e+00
BG_FUNC: a=1.21e-11 V=5.32e-03 factor_V=2.45e+58 factor_rho=5.62e-56 rho_eV2=1.30e+56 rho_final=7.31e+00
BG_FUNC: a=4.83e-10 V=5.32e-03 factor_V=2.45e+58 factor_rho=5.62e-56 rho_eV2=1.30e+56 rho_final=7.31e+00
BG_FUNC: a=1.93e-08 V=5.32e-03 factor_V=2.45e+58 factor_rho=5.62e-56 rho_eV2=1.30e+56 rho_final=7.31e+00
BG_FUNC: a=7.73e-07 V=5.32e-03 factor_V=2.45e+58 factor_rho=5.62e-56 rho_eV2=1.30e+56 rho_final=7.31e+00
BG_FUNC: a=3.09e-05 V=5.32e-03 factor_V=2.45e+58 factor_rho=5.62e-56 rho_eV2=1.30e+56 rho_final=7.31e+00
RIDDER SWITCHING: z_osc = 1870.70, a_osc = 5.342750e-04
DEBUG: Ridder field ENABLED. Lambda = 4.939978e-01
DEBUG: Ridder field ENABLED. Lambda = 4.939978e-01
BG_FUNC: a=2.09e-14 V=5.79e-03 factor_V=2.45e+58 factor_rho=5.62e-56 rho_eV2=1.41e+56 rho_final=7.95e+00
BG_FUNC: a=7.76e-13 V=5.79e-03 factor_V=2.45e+58 factor_rho=5.62e-56 rho_eV2=1.41e+56 rho_final=7.95e+00
BG_FUNC: a=3.04e-11 V=5.79e-03 factor_V=2.45e+58 factor_rho=5.62e-56 rho_eV2=1.41e+56 rho_final=7.95e+00
BG_FUNC: a=1.19e-09 V=5.79e-03 factor_V=2.45e+58 factor_rho=5.62e-56 rho_eV2=1.41e+56 rho_final=7.95e+00
BG_FUNC: a=4.68e-08 V=5.79e-03 factor_V=2.45e+58 factor_rho=5.62e-56 rho_eV2=1.41e+56 rho_final=7.95e+00
BG_FUNC: a=1.83e-06 V=5.79e-03 factor_V=2.45e+58 factor_rho=5.62e-56 rho_eV2=1.41e+56 rho_final=7.95e+00
BG_FUNC: a=7.04e-05 V=5.78e-03 factor_V=2.45e+58 factor_rho=5.62e-56 rho_eV2=1.41e+56 rho_final=7.95e+00
RIDDER SWITCHING: z_osc = 1921.17, a_osc = 5.202450e-04
DEBUG: Ridder field ENABLED. Lambda = 4.891594e-01
DEBUG: Ridder field ENABLED. Lambda = 4.891594e-01
BG_FUNC: a=4.71e-14 V=5.56e-03 factor_V=2.45e+58 factor_rho=5.62e-56 rho_eV2=1.36e+56 rho_final=7.65e+00
BG_FUNC: a=1.81e-12 V=5.56e-03 factor_V=2.45e+58 factor_rho=5.62e-56 rho_eV2=1.36e+56 rho_final=7.65e+00
BG_FUNC: a=7.27e-11 V=5.56e-03 factor_V=2.45e+58 factor_rho=5.62e-56 rho_eV2=1.36e+56 rho_final=7.65e+00
BG_FUNC: a=2.91e-09 V=5.56e-03 factor_V=2.45e+58 factor_rho=5.62e-56 rho_eV2=1.36e+56 rho_final=7.65e+00
BG_FUNC: a=1.17e-07 V=5.56e-03 factor_V=2.45e+58 factor_rho=5.62e-56 rho_eV2=1.36e+56 rho_final=7.65e+00
BG_FUNC: a=4.67e-06 V=5.56e-03 factor_V=2.45e+58 factor_rho=5.62e-56 rho_eV2=1.36e+56 rho_final=7.65e+00
BG_FUNC: a=1.87e-04 V=5.36e-03 factor_V=2.45e+58 factor_rho=5.62e-56 rho_eV2=1.33e+56 rho_final=7.48e+00
RIDDER SWITCHING: z_osc = 1894.23, a_osc = 5.276406e-04
DEBUG: Ridder field ENABLED. Lambda = 4.819833e-01
DEBUG: Ridder field ENABLED. Lambda = 4.819833e-01
BG_FUNC: a=1.21e-13 V=5.24e-03 factor_V=2.45e+58 factor_rho=5.62e-56 rho_eV2=1.28e+56 rho_final=7.21e+00
BG_FUNC: a=4.73e-12 V=5.24e-03 factor_V=2.45e+58 factor_rho=5.62e-56 rho_eV2=1.28e+56 rho_final=7.21e+00
BG_FUNC: a=1.87e-10 V=5.24e-03 factor_V=2.45e+58 factor_rho=5.62e-56 rho_eV2=1.28e+56 rho_final=7.21e+00
BG_FUNC: a=7.27e-09 V=5.24e-03 factor_V=2.45e+58 factor_rho=5.62e-56 rho_eV2=1.28e+56 rho_final=7.21e+00
BG_FUNC: a=2.85e-07 V=5.24e-03 factor_V=2.45e+58 factor_rho=5.62e-56 rho_eV2=1.28e+56 rho_final=7.21e+00
BG_FUNC: a=1.10e-05 V=5.24e-03 factor_V=2.45e+58 factor_rho=5.62e-56 rho_eV2=1.28e+56 rho_final=7.21e+00
BG_FUNC: a=4.15e-04 V=2.98e-03 factor_V=2.45e+58 factor_rho=5.62e-56 rho_eV2=9.00e+55 rho_final=5.06e+00
RIDDER SWITCHING: z_osc = 1867.95, a_osc = 5.350586e-04
DEBUG: Ridder field ENABLED. Lambda = 4.685393e-01
DEBUG: Ridder field ENABLED. Lambda = 4.685393e-01
BG_FUNC: a=2.67e-13 V=4.68e-03 factor_V=2.45e+58 factor_rho=5.62e-56 rho_eV2=1.14e+56 rho_final=6.44e+00
BG_FUNC: a=1.05e-11 V=4.68e-03 factor_V=2.45e+58 factor_rho=5.62e-56 rho_eV2=1.14e+56 rho_final=6.44e+00
BG_FUNC: a=4.13e-10 V=4.68e-03 factor_V=2.45e+58 factor_rho=5.62e-56 rho_eV2=1.14e+56 rho_final=6.44e+00
BG_FUNC: a=1.62e-08 V=4.68e-03 factor_V=2.45e+58 factor_rho=5.62e-56 rho_eV2=1.14e+56 rho_final=6.44e+00
BG_FUNC: a=6.37e-07 V=4.68e-03 factor_V=2.45e+58 factor_rho=5.62e-56 rho_eV2=1.14e+56 rho_final=6.44e+00
BG_FUNC: a=2.47e-05 V=4.68e-03 factor_V=2.45e+58 factor_rho=5.62e-56 rho_eV2=1.14e+56 rho_final=6.44e+00
RIDDER SWITCHING: z_osc = 1802.54, a_osc = 5.544659e-04
DEBUG: Ridder field ENABLED. Lambda = 4.822837e-01
DEBUG: Ridder field ENABLED. Lambda = 4.822837e-01
BG_FUNC: a=1.59e-14 V=5.26e-03 factor_V=2.45e+58 factor_rho=5.62e-56 rho_eV2=1.29e+56 rho_final=7.22e+00
BG_FUNC: a=6.05e-13 V=5.26e-03 factor_V=2.45e+58 factor_rho=5.62e-56 rho_eV2=1.29e+56 rho_final=7.22e+00
BG_FUNC: a=2.47e-11 V=5.26e-03 factor_V=2.45e+58 factor_rho=5.62e-56 rho_eV2=1.29e+56 rho_final=7.22e+00
BG_FUNC: a=1.01e-09 V=5.26e-03 factor_V=2.45e+58 factor_rho=5.62e-56 rho_eV2=1.29e+56 rho_final=7.22e+00
BG_FUNC: a=4.10e-08 V=5.26e-03 factor_V=2.45e+58 factor_rho=5.62e-56 rho_eV2=1.29e+56 rho_final=7.22e+00
BG_FUNC: a=1.67e-06 V=5.26e-03 factor_V=2.45e+58 factor_rho=5.62e-56 rho_eV2=1.29e+56 rho_final=7.22e+00
BG_FUNC: a=6.83e-05 V=5.25e-03 factor_V=2.45e+58 factor_rho=5.62e-56 rho_eV2=1.28e+56 rho_final=7.22e+00
RIDDER SWITCHING: z_osc = 1864.82, a_osc = 5.359565e-04
DEBUG: Ridder field ENABLED. Lambda = 5.253812e-01
DEBUG: Ridder field ENABLED. Lambda = 5.253812e-01
BG_FUNC: a=4.51e-14 V=7.40e-03 factor_V=2.45e+58 factor_rho=5.62e-56 rho_eV2=1.81e+56 rho_final=1.02e+01
BG_FUNC: a=1.75e-12 V=7.40e-03 factor_V=2.45e+58 factor_rho=5.62e-56 rho_eV2=1.81e+56 rho_final=1.02e+01
BG_FUNC: a=7.13e-11 V=7.40e-03 factor_V=2.45e+58 factor_rho=5.62e-56 rho_eV2=1.81e+56 rho_final=1.02e+01
BG_FUNC: a=2.90e-09 V=7.40e-03 factor_V=2.45e+58 factor_rho=5.62e-56 rho_eV2=1.81e+56 rho_final=1.02e+01
BG_FUNC: a=1.18e-07 V=7.40e-03 factor_V=2.45e+58 factor_rho=5.62e-56 rho_eV2=1.81e+56 rho_final=1.02e+01
BG_FUNC: a=4.80e-06 V=7.40e-03 factor_V=2.45e+58 factor_rho=5.62e-56 rho_eV2=1.81e+56 rho_final=1.02e+01
BG_FUNC: a=1.94e-04 V=7.00e-03 factor_V=2.45e+58 factor_rho=5.62e-56 rho_eV2=1.75e+56 rho_final=9.83e+00
RIDDER SWITCHING: z_osc = 2074.48, a_osc = 4.818173e-04
DEBUG: Ridder field ENABLED. Lambda = 4.758362e-01
DEBUG: Ridder field ENABLED. Lambda = 4.758362e-01
BG_FUNC: a=1.36e-13 V=4.98e-03 factor_V=2.45e+58 factor_rho=5.62e-56 rho_eV2=1.22e+56 rho_final=6.85e+00
BG_FUNC: a=5.34e-12 V=4.98e-03 factor_V=2.45e+58 factor_rho=5.62e-56 rho_eV2=1.22e+56 rho_final=6.85e+00
BG_FUNC: a=2.09e-10 V=4.98e-03 factor_V=2.45e+58 factor_rho=5.62e-56 rho_eV2=1.22e+56 rho_final=6.85e+00
BG_FUNC: a=8.20e-09 V=4.98e-03 factor_V=2.45e+58 factor_rho=5.62e-56 rho_eV2=1.22e+56 rho_final=6.85e+00
BG_FUNC: a=3.24e-07 V=4.98e-03 factor_V=2.45e+58 factor_rho=5.62e-56 rho_eV2=1.22e+56 rho_final=6.85e+00
BG_FUNC: a=1.24e-05 V=4.98e-03 factor_V=2.45e+58 factor_rho=5.62e-56 rho_eV2=1.22e+56 rho_final=6.85e+00
BG_FUNC: a=4.70e-04 V=2.22e-03 factor_V=2.45e+58 factor_rho=5.62e-56 rho_eV2=7.36e+55 rho_final=4.14e+00
RIDDER SWITCHING: z_osc = 1826.09, a_osc = 5.473176e-04
DEBUG: Ridder field ENABLED. Lambda = 4.889291e-01
DEBUG: Ridder field ENABLED. Lambda = 4.889291e-01
BG_FUNC: a=2.96e-13 V=5.55e-03 factor_V=2.45e+58 factor_rho=5.62e-56 rho_eV2=1.36e+56 rho_final=7.63e+00
BG_FUNC: a=1.16e-11 V=5.55e-03 factor_V=2.45e+58 factor_rho=5.62e-56 rho_eV2=1.36e+56 rho_final=7.63e+00
BG_FUNC: a=4.57e-10 V=5.55e-03 factor_V=2.45e+58 factor_rho=5.62e-56 rho_eV2=1.36e+56 rho_final=7.63e+00
BG_FUNC: a=1.79e-08 V=5.55e-03 factor_V=2.45e+58 factor_rho=5.62e-56 rho_eV2=1.36e+56 rho_final=7.63e+00
BG_F[mcmc] Progress @ 2025-12-01 02:58:33 : 8810 steps taken, and 1364 accepted.
UNC: a=7.05e-07 V=5.55e-03 factor_V=2.45e+58 factor_rho=5.62e-56 rho_eV2=1.36e+56 rho_final=7.63e+00
BG_FUNC: a=2.73e-05 V=5.55e-03 factor_V=2.45e+58 factor_rho=5.62e-56 rho_eV2=1.36e+56 rho_final=7.63e+00
RIDDER SWITCHING: z_osc = 1892.27, a_osc = 5.281863e-04
DEBUG: Ridder field ENABLED. Lambda = 4.955289e-01
DEBUG: Ridder field ENABLED. Lambda = 4.955289e-01
BG_FUNC: a=1.84e-14 V=5.86e-03 factor_V=2.45e+58 factor_rho=5.62e-56 rho_eV2=1.43e+56 rho_final=8.05e+00
BG_FUNC: a=6.80e-13 V=5.86e-03 factor_V=2.45e+58 factor_rho=5.62e-56 rho_eV2=1.43e+56 rho_final=8.05e+00
BG_FUNC: a=2.67e-11 V=5.86e-03 factor_V=2.45e+58 factor_rho=5.62e-56 rho_eV2=1.43e+56 rho_final=8.05e+00
BG_FUNC: a=1.05e-09 V=5.86e-03 factor_V=2.45e+58 factor_rho=5.62e-56 rho_eV2=1.43e+56 rho_final=8.05e+00
BG_FUNC: a=4.12e-08 V=5.86e-03 factor_V=2.45e+58 factor_rho=5.62e-56 rho_eV2=1.43e+56 rho_final=8.05e+00
BG_FUNC: a=1.62e-06 V=5.86e-03 factor_V=2.45e+58 factor_rho=5.62e-56 rho_eV2=1.43e+56 rho_final=8.05e+00
BG_FUNC: a=6.23e-05 V=5.85e-03 factor_V=2.45e+58 factor_rho=5.62e-56 rho_eV2=1.43e+56 rho_final=8.05e+00
RIDDER SWITCHING: z_osc = 1923.94, a_osc = 5.194963e-04
DEBUG: Ridder field ENABLED. Lambda = 4.911173e-01
DEBUG: Ridder field ENABLED. Lambda = 4.911173e-01
BG_FUNC: a=4.26e-14 V=5.65e-03 factor_V=2.45e+58 factor_rho=5.62e-56 rho_eV2=1.38e+56 rho_final=7.77e+00
BG_FUNC: a=1.60e-12 V=5.65e-03 factor_V=2.45e+58 factor_rho=5.62e-56 rho_eV2=1.38e+56 rho_final=7.77e+00
BG_FUNC: a=6.28e-11 V=5.65e-03 factor_V=2.45e+58 factor_rho=5.62e-56 rho_eV2=1.38e+56 rho_final=7.77e+00
BG_FUNC: a=2.46e-09 V=5.65e-03 factor_V=2.45e+58 factor_rho=5.62e-56 rho_eV2=1.38e+56 rho_final=7.77e+00
BG_FUNC: a=9.65e-08 V=5.65e-03 factor_V=2.45e+58 factor_rho=5.62e-56 rho_eV2=1.38e+56 rho_final=7.77e+00
BG_FUNC: a=3.78e-06 V=5.65e-03 factor_V=2.45e+58 factor_rho=5.62e-56 rho_eV2=1.38e+56 rho_final=7.77e+00
BG_FUNC: a=1.44e-04 V=5.57e-03 factor_V=2.45e+58 factor_rho=5.62e-56 rho_eV2=1.37e+56 rho_final=7.70e+00
RIDDER SWITCHING: z_osc = 1909.16, a_osc = 5.235172e-04
DEBUG: Ridder field ENABLED. Lambda = 4.922420e-01
DEBUG: Ridder field ENABLED. Lambda = 4.922420e-01
BG_FUNC: a=9.36e-14 V=5.70e-03 factor_V=2.45e+58 factor_rho=5.62e-56 rho_eV2=1.39e+56 rho_final=7.84e+00
BG_FUNC: a=3.64e-12 V=5.70e-03 factor_V=2.45e+58 factor_rho=5.62e-56 rho_eV2=1.39e+56 rho_final=7.84e+00
BG_FUNC: a=1.43e-10 V=5.70e-03 factor_V=2.45e+58 factor_rho=5.62e-56 rho_eV2=1.39e+56 rho_final=7.84e+00
BG_FUNC: a=5.62e-09 V=5.70e-03 factor_V=2.45e+58 factor_rho=5.62e-56 rho_eV2=1.39e+56 rho_final=7.84e+00
BG_FUNC: a=2.21e-07 V=5.70e-03 factor_V=2.45e+58 factor_rho=5.62e-56 rho_eV2=1.39e+56 rho_final=7.84e+00
BG_FUNC: a=8.68e-06 V=5.70e-03 factor_V=2.45e+58 factor_rho=5.62e-56 rho_eV2=1.39e+56 rho_final=7.84e+00
BG_FUNC: a=3.38e-04 V=4.19e-03 factor_V=2.45e+58 factor_rho=5.62e-56 rho_eV2=1.15e+56 rho_final=6.47e+00
RIDDER SWITCHING: z_osc = 1910.69, a_osc = 5.230960e-04
DEBUG: Ridder field ENABLED. Lambda = 4.599683e-01
DEBUG: Ridder field ENABLED. Lambda = 4.599683e-01
BG_FUNC: a=2.19e-13 V=4.35e-03 factor_V=2.45e+58 factor_rho=5.62e-56 rho_eV2=1.06e+56 rho_final=5.98e+00
BG_FUNC: a=8.53e-12 V=4.35e-03 factor_V=2.45e+58 factor_rho=5.62e-56 rho_eV2=1.06e+56 rho_final=5.98e+00
BG_FUNC: a=3.35e-10 V=4.35e-03 factor_V=2.45e+58 factor_rho=5.62e-56 rho_eV2=1.06e+56 rho_final=5.98e+00
BG_FUNC: a=1.32e-08 V=4.35e-03 factor_V=2.45e+58 factor_rho=5.62e-56 rho_eV2=1.06e+56 rho_final=5.98e+00
BG_FUNC: a=5.17e-07 V=4.35e-03 factor_V=2.45e+58 factor_rho=5.62e-56 rho_eV2=1.06e+56 rho_final=5.98e+00
BG_FUNC: a=2.01e-05 V=4.35e-03 factor_V=2.45e+58 factor_rho=5.62e-56 rho_eV2=1.06e+56 rho_final=5.98e+00
RIDDER SWITCHING: z_osc = 1753.19, a_osc = 5.700630e-04
DEBUG: Ridder field ENABLED. Lambda = 4.929876e-01
DEBUG: Ridder field ENABLED. Lambda = 4.929876e-01
BG_FUNC: a=1.26e-14 V=5.74e-03 factor_V=2.45e+58 factor_rho=5.62e-56 rho_eV2=1.40e+56 rho_final=7.89e+00
BG_FUNC: a=4.65e-13 V=5.74e-03 factor_V=2.45e+58 factor_rho=5.62e-56 rho_eV2=1.40e+56 rho_final=7.89e+00
BG_FUNC: a=1.83e-11 V=5.74e-03 factor_V=2.45e+58 factor[mcmc] Progress @ 2025-12-01 02:59:33 : 8870 steps taken, and 1378 accepted.
_rho=5.62e-56 rho_eV2=1.40e+56 rho_final=7.89e+00
BG_FUNC: a=7.18e-10 V=5.74e-03 factor_V=2.45e+58 factor_rho=5.62e-56 rho_eV2=1.40e+56 rho_final=7.89e+00
BG_FUNC: a=2.82e-08 V=5.74e-03 factor_V=2.45e+58 factor_rho=5.62e-56 rho_eV2=1.40e+56 rho_final=7.89e+00
BG_FUNC: a=1.11e-06 V=5.74e-03 factor_V=2.45e+58 factor_rho=5.62e-56 rho_eV2=1.40e+56 rho_final=7.89e+00
BG_FUNC: a=4.28e-05 V=5.74e-03 factor_V=2.45e+58 factor_rho=5.62e-56 rho_eV2=1.40e+56 rho_final=7.89e+00
RIDDER SWITCHING: z_osc = 1915.23, a_osc = 5.218587e-04
DEBUG: Ridder field ENABLED. Lambda = 5.114820e-01
DEBUG: Ridder field ENABLED. Lambda = 5.114820e-01
BG_FUNC: a=2.92e-14 V=6.65e-03 factor_V=2.45e+58 factor_rho=5.62e-56 rho_eV2=1.63e+56 rho_final=9.14e+00
BG_FUNC: a=1.12e-12 V=6.65e-03 factor_V=2.45e+58 factor_rho=5.62e-56 rho_eV2=1.63e+56 rho_final=9.14e+00
BG_FUNC: a=4.51e-11 V=6.65e-03 factor_V=2.45e+58 factor_rho=5.62e-56 rho_eV2=1.63e+56 rho_final=9.14e+00
BG_FUNC: a=1.82e-09 V=6.65e-03 factor_V=2.45e+58 factor_rho=5.62e-56 rho_eV2=1.63e+56 rho_final=9.14e+00
BG_FUNC: a=7.35e-08 V=6.65e-03 factor_V=2.45e+58 factor_rho=5.62e-56 rho_eV2=1.63e+56 rho_final=9.14e+00
BG_FUNC: a=2.97e-06 V=6.65e-03 factor_V=2.45e+58 factor_rho=5.62e-56 rho_eV2=1.63e+56 rho_final=9.14e+00
BG_FUNC: a=1.19e-04 V=6.59e-03 factor_V=2.45e+58 factor_rho=5.62e-56 rho_eV2=1.62e+56 rho_final=9.09e+00
RIDDER SWITCHING: z_osc = 2002.58, a_osc = 4.991057e-04
DEBUG: Ridder field ENABLED. Lambda = 5.326797e-01
DEBUG: Ridder field ENABLED. Lambda = 5.326797e-01
BG_FUNC: a=8.44e-14 V=7.82e-03 factor_V=2.45e+58 factor_rho=5.62e-56 rho_eV2=1.91e+56 rho_final=1.08e+01
BG_FUNC: a=3.21e-12 V=7.82e-03 factor_V=2.45e+58 factor_rho=5.62e-56 rho_eV2=1.91e+56 rho_final=1.08e+01
BG_FUNC: a=1.28e-10 V=7.82e-03 factor_V=2.45e+58 factor_rho=5.62e-56 rho_eV2=1.91e+56 rho_final=1.08e+01
BG_FUNC: a=5.07e-09 V=7.82e-03 factor_V=2.45e+58 factor_rho=5.62e-56 rho_eV2=1.91e+56 rho_final=1.08e+01
BG_FUNC: a=2.01e-07 V=7.82e-03 factor_V=2.45e+58 factor_rho=5.62e-56 rho_eV2=1.91e+56 rho_final=1.08e+01
BG_FUNC: a=7.99e-06 V=7.82e-03 factor_V=2.45e+58 factor_rho=5.62e-56 rho_eV2=1.91e+56 rho_final=1.08e+01
BG_FUNC: a=3.14e-04 V=5.64e-03 factor_V=2.45e+58 factor_rho=5.62e-56 rho_eV2=1.56e+56 rho_final=8.78e+00
RIDDER SWITCHING: z_osc = 2114.05, a_osc = 4.728031e-04
DEBUG: Ridder field ENABLED. Lambda = 5.327287e-01
DEBUG: Ridder field ENABLED. Lambda = 5.327287e-01
BG_FUNC: a=2.31e-13 V=7.82e-03 factor_V=2.45e+58 factor_rho=5.62e-56 rho_eV2=1.91e+56 rho_final=1.08e+01
BG_FUNC: a=9.13e-12 V=7.82e-03 factor_V=2.45e+58 factor_rho=5.62e-56 rho_eV2=1.91e+56 rho_final=1.08e+01
BG_FUNC: a=3.64e-10 V=7.82e-03 factor_V=2.45e+58 factor_rho=5.62e-56 rho_eV2=1.91e+56 rho_final=1.08e+01
BG_FUNC: a=1.45e-08 V=7.82e-03 factor_V=2.45e+58 factor_rho=5.62e-56 rho_eV2=1.91e+56 rho_final=1.08e+01
BG_FUNC: a=5.78e-07 V=7.82e-03 factor_V=2.45e+58 factor_rho=5.62e-56 rho_eV2=1.91e+56 rho_final=1.08e+01
BG_FUNC: a=2.31e-05 V=7.82e-03 factor_V=2.45e+58 factor_rho=5.62e-56 rho_eV2=1.91e+56 rho_final=1.08e+01
RIDDER SWITCHING: z_osc = 2106.47, a_osc = 4.745019e-04
DEBUG: Ridder field ENABLED. Lambda = 5.179958e-01
DEBUG: Ridder field ENABLED. Lambda = 5.179958e-01
BG_FUNC: a=1.75e-14 V=6.99e-03 factor_V=2.45e+58 factor_rho=5.62e-56 rho_eV2=1.71e+56 rho_final=9.61e+00
BG_FUNC: a=6.51e-13 V=6.99e-03 factor_V=2.45e+58 factor_rho=5.62e-56 rho_eV2=1.71e+56 rho_final=9.61e+00
BG_FUNC: a=2.55e-11 V=6.99e-03 factor_V=2.45e+58 factor_rho=5.62e-56 rho_eV2=1.71e+56 rho_final=9.61e+00
BG_FUNC: a=1.00e-09 V=6.99e-03 factor_V=2.45e+58 factor_rho=5.62e-56 rho_eV2=1.71e+56 rho_final=9.61e+00
BG_FUNC: a=3.92e-08 V=6.99e-03 factor_V=2.45e+58 factor_rho=5.62e-56 rho_eV2=1.71e+56 rho_final=9.61e+00
BG_FUNC: a=1.54e-06 V=6.99e-03 factor_V=2.45e+58 factor_rho=5.62e-56 rho_eV2=1.71e+56 rho_final=9.61e+00
BG_FUNC: a=5.86e-05 V=6.99e-03 factor_V=2.45e+58 factor_rho=5.62e-56 rho_eV2=1.71e+56 rho_final=9.61e+00
RIDDER SWITCHING: z_osc = 2043.77, a_osc = 4.890522e-04
DEBUG: Ridder field ENABLED. Lambda = 5.189079e-01
DEBUG: Ridder field ENABLED. Lambda = 5.189079e-01
B[mcmc] Progress @ 2025-12-01 03:00:41 : 8991 steps taken, and 1403 accepted.
G_FUNC: a=4.21e-14 V=7.04e-03 factor_V=2.45e+58 factor_rho=5.62e-56 rho_eV2=1.72e+56 rho_final=9.68e+00
BG_FUNC: a=1.63e-12 V=7.04e-03 factor_V=2.45e+58 factor_rho=5.62e-56 rho_eV2=1.72e+56 rho_final=9.68e+00
BG_FUNC: a=6.57e-11 V=7.04e-03 factor_V=2.45e+58 factor_rho=5.62e-56 rho_eV2=1.72e+56 rho_final=9.68e+00
BG_FUNC: a=2.66e-09 V=7.04e-03 factor_V=2.45e+58 factor_rho=5.62e-56 rho_eV2=1.72e+56 rho_final=9.68e+00
BG_FUNC: a=1.07e-07 V=7.04e-03 factor_V=2.45e+58 factor_rho=5.62e-56 rho_eV2=1.72e+56 rho_final=9.68e+00
BG_FUNC: a=4.34e-06 V=7.04e-03 factor_V=2.45e+58 factor_rho=5.62e-56 rho_eV2=1.72e+56 rho_final=9.68e+00
BG_FUNC: a=1.74e-04 V=6.80e-03 factor_V=2.45e+58 factor_rho=5.62e-56 rho_eV2=1.68e+56 rho_final=9.47e+00
RIDDER SWITCHING: z_osc = 2043.36, a_osc = 4.891495e-04
DEBUG: Ridder field ENABLED. Lambda = 5.073299e-01
DEBUG: Ridder field ENABLED. Lambda = 5.073299e-01
BG_FUNC: a=1.22e-13 V=6.44e-03 factor_V=2.45e+58 factor_rho=5.62e-56 rho_eV2=1.57e+56 rho_final=8.85e+00
BG_FUNC: a=4.97e-12 V=6.44e-03 factor_V=2.45e+58 factor_rho=5.62e-56 rho_eV2=1.57e+56 rho_final=8.85e+00
BG_FUNC: a=2.02e-10 V=6.44e-03 factor_V=2.45e+58 factor_rho=5.62e-56 rho_eV2=1.57e+56 rho_final=8.85e+00
BG_FUNC: a=8.22e-09 V=6.44e-03 factor_V=2.45e+58 factor_rho=5.62e-56 rho_eV2=1.57e+56 rho_final=8.85e+00
BG_FUNC: a=3.34e-07 V=6.44e-03 factor_V=2.45e+58 factor_rho=5.62e-56 rho_eV2=1.57e+56 rho_final=8.85e+00
BG_FUNC: a=1.36e-05 V=6.44e-03 factor_V=2.45e+58 factor_rho=5.62e-56 rho_eV2=1.57e+56 rho_final=8.85e+00
RIDDER SWITCHING: z_osc = 1985.79, a_osc = 5.033257e-04
DEBUG: Ridder field ENABLED. Lambda = 5.144061e-01
DEBUG: Ridder field ENABLED. Lambda = 5.144061e-01
BG_FUNC: a=1.00e-14 V=6.80e-03 factor_V=2.45e+58 factor_rho=5.62e-56 rho_eV2=1.66e+56 rho_final=9.35e+00
BG_FUNC: a=3.70e-13 V=6.80e-03 factor_V=2.45e+58 factor_rho=5.62e-56 rho_eV2=1.66e+56 rho_final=9.35e+00
BG_FUNC: a=1.50e-11 V=6.80e-03 factor_V=2.45e+58 factor_rho=5.62e-56 rho_eV2=1.66e+56 rho_final=9.35e+00
BG_FUNC: a=6.08e-10 V=6.80e-03 factor_V=2.45e+58 factor_rho=5.62e-56 rho_eV2=1.66e+56 rho_final=9.35e+00
BG_FUNC: a=2.46e-08 V=6.80e-03 factor_V=2.45e+58 factor_rho=5.62e-56 rho_eV2=1.66e+56 rho_final=9.35e+00
BG_FUNC: a=9.98e-07 V=6.80e-03 factor_V=2.45e+58 factor_rho=5.62e-56 rho_eV2=1.66e+56 rho_final=9.35e+00
BG_FUNC: a=4.05e-05 V=6.80e-03 factor_V=2.45e+58 factor_rho=5.62e-56 rho_eV2=1.66e+56 rho_final=9.35e+00
RIDDER SWITCHING: z_osc = 2023.76, a_osc = 4.938858e-04
DEBUG: Ridder field ENABLED. Lambda = 4.975130e-01
DEBUG: Ridder field ENABLED. Lambda = 4.975130e-01
BG_FUNC: a=2.92e-14 V=5.95e-03 factor_V=2.45e+58 factor_rho=5.62e-56 rho_eV2=1.46e+56 rho_final=8.18e+00
BG_FUNC: a=1.09e-12 V=5.95e-03 factor_V=2.45e+58 factor_rho=5.62e-56 rho_eV2=1.46e+56 rho_final=8.18e+00
BG_FUNC: a=4.29e-11 V=5.95e-03 factor_V=2.45e+58 factor_rho=5.62e-56 rho_eV2=1.46e+56 rho_final=8.18e+00
BG_FUNC: a=1.68e-09 V=5.95e-03 factor_V=2.45e+58 factor_rho=5.62e-56 rho_eV2=1.46e+56 rho_final=8.18e+00
BG_FUNC: a=6.59e-08 V=5.95e-03 factor_V=2.45e+58 factor_rho=5.62e-56 rho_eV2=1.46e+56 rho_final=8.18e+00
BG_FUNC: a=2.58e-06 V=5.95e-03 factor_V=2.45e+58 factor_rho=5.62e-56 rho_eV2=1.46e+56 rho_final=8.18e+00
BG_FUNC: a=9.81e-05 V=5.93e-03 factor_V=2.45e+58 factor_rho=5.62e-56 rho_eV2=1.45e+56 rho_final=8.16e+00
RIDDER SWITCHING: z_osc = 1932.62, a_osc = 5.171646e-04
DEBUG: Ridder field ENABLED. Lambda = 4.917700e-01
DEBUG: Ridder field ENABLED. Lambda = 4.917700e-01
BG_FUNC: a=6.63e-14 V=5.68e-03 factor_V=2.45e+58 factor_rho=5.62e-56 rho_eV2=1.39e+56 rho_final=7.81e+00
BG_FUNC: a=2.51e-12 V=5.68e-03 factor_V=2.45e+58 factor_rho=5.62e-56 rho_eV2=1.39e+56 rho_final=7.81e+00
BG_FUNC: a=9.87e-11 V=5.68e-03 factor_V=2.45e+58 factor_rho=5.62e-56 rho_eV2=1.39e+56 rho_final=7.81e+00
BG_FUNC: a=3.88e-09 V=5.68e-03 factor_V=2.45e+58 factor_rho=5.62e-56 rho_eV2=1.39e+56 rho_final=7.81e+00
BG_FUNC: a=1.52e-07 V=5.68e-03 factor_V=2.45e+58 factor_rho=5.62e-56 rho_eV2=1.39e+56 rho_final=7.81e+00
BG_FUNC: a=5.99e-06 V=5.68e-03 factor_V=2.45e+58 factor_rho=5.62e-56 rho_eV2=1.39e+56 rho_final=7.81e+00
[mcmc] Progress @ 2025-12-01 03:01:49 : 9130 steps taken, and 1435 accepted.
BG_FUNC: a=2.30e-04 V=5.25e-03 factor_V=2.45e+58 factor_rho=5.62e-56 rho_eV2=1.32e+56 rho_final=7.44e+00
RIDDER SWITCHING: z_osc = 1913.58, a_osc = 5.223080e-04
DEBUG: Ridder field ENABLED. Lambda = 5.400683e-01
DEBUG: Ridder field ENABLED. Lambda = 5.400683e-01
BG_FUNC: a=1.51e-13 V=8.26e-03 factor_V=2.45e+58 factor_rho=5.62e-56 rho_eV2=2.02e+56 rho_final=1.14e+01
BG_FUNC: a=6.00e-12 V=8.26e-03 factor_V=2.45e+58 factor_rho=5.62e-56 rho_eV2=2.02e+56 rho_final=1.14e+01
BG_FUNC: a=2.38e-10 V=8.26e-03 factor_V=2.45e+58 factor_rho=5.62e-56 rho_eV2=2.02e+56 rho_final=1.14e+01
BG_FUNC: a=9.47e-09 V=8.26e-03 factor_V=2.45e+58 factor_rho=5.62e-56 rho_eV2=2.02e+56 rho_final=1.14e+01
BG_FUNC: a=3.76e-07 V=8.26e-03 factor_V=2.45e+58 factor_rho=5.62e-56 rho_eV2=2.02e+56 rho_final=1.14e+01
BG_FUNC: a=1.50e-05 V=8.26e-03 factor_V=2.45e+58 factor_rho=5.62e-56 rho_eV2=2.02e+56 rho_final=1.14e+01
RIDDER SWITCHING: z_osc = 2140.23, a_osc = 4.670216e-04
DEBUG: Ridder field ENABLED. Lambda = 5.522631e-01
DEBUG: Ridder field ENABLED. Lambda = 5.522631e-01
BG_FUNC: a=1.16e-14 V=9.04e-03 factor_V=2.45e+58 factor_rho=5.62e-56 rho_eV2=2.21e+56 rho_final=1.24e+01
BG_FUNC: a=4.34e-13 V=9.04e-03 factor_V=2.45e+58 factor_rho=5.62e-56 rho_eV2=2.21e+56 rho_final=1.24e+01
BG_FUNC: a=1.74e-11 V=9.04e-03 factor_V=2.45e+58 factor_rho=5.62e-56 rho_eV2=2.21e+56 rho_final=1.24e+01
BG_FUNC: a=7.00e-10 V=9.04e-03 factor_V=2.45e+58 factor_rho=5.62e-56 rho_eV2=2.21e+56 rho_final=1.24e+01
BG_FUNC: a=2.81e-08 V=9.04e-03 factor_V=2.45e+58 factor_rho=5.62e-56 rho_eV2=2.21e+56 rho_final=1.24e+01
BG_FUNC: a=1.13e-06 V=9.04e-03 factor_V=2.45e+58 factor_rho=5.62e-56 rho_eV2=2.21e+56 rho_final=1.24e+01
BG_FUNC: a=4.53e-05 V=9.03e-03 factor_V=2.45e+58 factor_rho=5.62e-56 rho_eV2=2.21e+56 rho_final=1.24e+01
RIDDER SWITCHING: z_osc = 2212.32, a_osc = 4.518090e-04
DEBUG: Ridder field ENABLED. Lambda = 5.443399e-01
DEBUG: Ridder field ENABLED. Lambda = 5.443399e-01
BG_FUNC: a=3.66e-14 V=8.53e-03 factor_V=2.45e+58 factor_rho=5.62e-56 rho_eV2=2.09e+56 rho_final=1.17e+01
BG_FUNC: a=1.38e-12 V=8.53e-03 factor_V=2.45e+58 factor_rho=5.62e-56 rho_eV2=2.09e+56 rho_final=1.17e+01
BG_FUNC: a=5.47e-11 V=8.53e-03 factor_V=2.45e+58 factor_rho=5.62e-56 rho_eV2=2.09e+56 rho_final=1.17e+01
BG_FUNC: a=2.17e-09 V=8.53e-03 factor_V=2.45e+58 factor_rho=5.62e-56 rho_eV2=2.09e+56 rho_final=1.17e+01
BG_FUNC: a=8.60e-08 V=8.53e-03 factor_V=2.45e+58 factor_rho=5.62e-56 rho_eV2=2.09e+56 rho_final=1.17e+01
BG_FUNC: a=3.41e-06 V=8.53e-03 factor_V=2.45e+58 factor_rho=5.62e-56 rho_eV2=2.09e+56 rho_final=1.17e+01
BG_FUNC: a=1.36e-04 V=8.38e-03 factor_V=2.45e+58 factor_rho=5.62e-56 rho_eV2=2.06e+56 rho_final=1.16e+01
RIDDER SWITCHING: z_osc = 2163.09, a_osc = 4.620889e-04
DEBUG: Ridder field ENABLED. Lambda = 5.265083e-01
DEBUG: Ridder field ENABLED. Lambda = 5.265083e-01
BG_FUNC: a=9.96e-14 V=7.47e-03 factor_V=2.45e+58 factor_rho=5.62e-56 rho_eV2=1.83e+56 rho_final=1.03e+01
BG_FUNC: a=4.07e-12 V=7.47e-03 factor_V=2.45e+58 factor_rho=5.62e-56 rho_eV2=1.83e+56 rho_final=1.03e+01
BG_FUNC: a=1.66e-10 V=7.47e-03 factor_V=2.45e+58 factor_rho=5.62e-56 rho_eV2=1.83e+56 rho_final=1.03e+01
BG_FUNC: a=6.78e-09 V=7.47e-03 factor_V=2.45e+58 factor_rho=5.62e-56 rho_eV2=1.83e+56 rho_final=1.03e+01
BG_FUNC: a=2.79e-07 V=7.47e-03 factor_V=2.45e+58 factor_rho=5.62e-56 rho_eV2=1.83e+56 rho_final=1.03e+01
BG_FUNC: a=1.13e-05 V=7.47e-03 factor_V=2.45e+58 factor_rho=5.62e-56 rho_eV2=1.83e+56 rho_final=1.03e+01
BG_FUNC: a=4.50e-04 V=2.71e-03 factor_V=2.45e+58 factor_rho=5.62e-56 rho_eV2=9.72e+55 rho_final=5.47e+00
RIDDER SWITCHING: z_osc = 2085.12, a_osc = 4.793597e-04
DEBUG: Ridder field ENABLED. Lambda = 5.229213e-01
DEBUG: Ridder field ENABLED. Lambda = 5.229213e-01
BG_FUNC: a=3.25e-13 V=7.26e-03 factor_V=2.45e+58 factor_rho=5.62e-56 rho_eV2=1.78e+56 rho_final=9.99e+00
BG_FUNC: a=1.28e-11 V=7.26e-03 factor_V=2.45e+58 factor_rho=5.62e-56 rho_eV2=1.78e+56 rho_final=9.99e+00
BG_FUNC: a=5.01e-10 V=7.26e-03 factor_V=2.45e+58 factor_rho=5.62e-56 rho_eV2=1.78e+56 rho_final=9.99e+00
BG_FUNC: a=1.97e-08 V=7.26e-03 factor_V=2.45e+58 factor_rho=5.62e-56 rho_eV2=1.78e+56 rho_final=9.99e+00
BG_FUNC: a=7.74e-07 V=7.26e-03 factor_V=2.45e+58 factor_rho=5.62e-56 rho_eV2=1.78e+56 rho_final=9.99e+00
BG_FUNC: a=3.00e-05 V=7.26e-03 factor_V=2.45e+58 factor_rho=5.62e-56 rho_eV2=1.78e+56 rho_final=9.98e+00
RIDDER SWITCHING: z_osc = 2061.71, a_osc = 4.847993e-04
DEBUG: Ridder field ENABLED. Lambda = 5.259500e-01
DEBUG: Ridder field ENABLED. Lambda = 5.259500e-01
BG_FUNC: a=2.20e-14 V=7.43e-03 factor_V=2.45e+58 factor_rho=5.62e-56 rho_eV2=1.82e+56 rho_final=1.02e+01
BG_FUNC: a=8.22e-13 V=7.43e-03 factor_V=2.45e+58 factor_rho=5.62e-56 rho_eV2=1.82e+56 rho_final=1.02e+01
BG_FUNC: a=3.23e-11 V=7.43e-03 factor_V=2.45e+58 factor_rho=5.62e-56 rho_eV2=1.82e+56 rho_final=1.02e+01
BG_FUNC: a=1.27e-09 V=7.43e-03 factor_V=2.45e+58 factor_rho=5.62e-56 rho_eV2=1.82e+56 rho_final=1.02e+01
BG_FUNC: a=4.99e-08 V=7.43e-03 factor_V=2.45e+58 factor_rho=5.62e-56 rho_eV2=1.82e+56 rho_final=1.02e+01
BG_FUNC: a=1.96e-06 V=7.43e-03 factor_V=2.45e+58 factor_rho=5.62e-56 rho_eV2=1.82e+56 rho_final=1.02e+01
BG_FUNC: a=7.53e-05 V=7.42e-03 factor_V=2.45e+58 factor_rho=5.62e-56 rho_eV2=1.82e+56 rho_final=1.02e+01
RIDDER SWITCHING: z_osc = 2076.93, a_osc = 4.812484e-04
DEBUG: Ridder field ENABLED. Lambda = 5.172080e-01
DEBUG: Ridder field ENABLED. Lambda = 5.172080e-01
BG_FUNC: a=5.54e-14 V=6.95e-03 factor_V=2.45e+58 factor_rho=5.62e-56 rho_eV2=1.70e+56 rho_final=9.56e+00
BG_FUNC: a=2.09e-12 V=6.95e-03 factor_V=2.45e+58 factor_rho=5.62e-56 rho_eV2=1.70e+56 rho_final=9.56e+00
BG_FUNC: a=8.19e-11 V=6.95e-03 factor_V=2.45e+58 factor_rho=5.62e-56 rho_eV2=1.70e+56 rho_final=9.56e+00
BG_FUNC: a=3.21e-09 V=6.95e-03 factor_V=2.45e+58 factor_rho=5.62e-56 rho_eV2=1.70e+56 rho_final=9.56e+00
BG_FUNC: a=1.26e-07 V=6.95e-03 factor_V=2.45e+58 factor_rho=5.62e-56 rho_eV2=1.70e+56 rho_final=9.56e+00
BG_FUNC: a=4.92e-06 V=6.95e-03 factor_V=2.45e+58 factor_rho=5.62e-56 rho_eV2=1.70e+56 rho_final=9.56e+00
BG_FUNC: a=1.87e-04 V=6.64e-03 factor_V=2.45e+58 factor_rho=5.62e-56 rho_eV2=1.65e+56 rho_final=9.29e+00
RIDDER SWITCHING: z_osc = 2028.17, a_osc = 4.928131e-04
DEBUG: Ridder field ENABLED. Lambda = 4.795391e-01
DEBUG: Ridder field ENABLED. Lambda = 4.795391e-01
BG_FUNC: a=1.28e-13 V=5.14e-03 factor_V=2.45e+58 factor_rho=5.62e-56 rho_eV2=1.26e+56 rho_final=7.06e+00
BG_FUNC: a=5.05e-12 V=5.14e-03 factor_V=2.45e+58 factor_rho=5.62e-56 rho_eV2=1.26e+56 rho_final=7.06e+00
BG_FUNC: a=2.00e-10 V=5.14e-03 factor_V=2.45e+58 factor_rho=5.62e-56 rho_eV2=1.26e+56 rho_final=7.06e+00
BG_FUNC: a=7.86e-09 V=5.14e-03 factor_V=2.45e+58 factor_rho=5.62e-56 rho_eV2=1.26e+56 rho_final=7.06e+00
BG_FUNC: a=3.09e-07 V=5.14e-03 factor_V=2.45e+58 factor_rho=5.62e-56 rho_eV2=1.26e+56 rho_final=7.06e+00
BG_FUNC: a=1.20e-05 V=5.14e-03 factor_V=2.45e+58 factor_rho=5.62e-56 rho_eV2=1.26e+56 rho_final=7.06e+00
BG_FUNC: a=4.53e-04 V=2.45e-03 factor_V=2.45e+58 factor_rho=5.62e-56 rho_eV2=7.91e+55 rho_final=4.45e+00
RIDDER SWITCHING: z_osc = 1846.64, a_osc = 5.412311e-04
DEBUG: Ridder field ENABLED. Lambda = 5.041827e-01
DEBUG: Ridder field ENABLED. Lambda = 5.041827e-01
BG_FUNC: a=2.90e-13 V=6.28e-03 factor_V=2.45e+58 factor_rho=5.62e-56 rho_eV2=1.53e+56 rho_final=8.63e+00
BG_FUNC: a=1.13e-11 V=6.28e-03 factor_V=2.45e+58 factor_rho=5.62e-56 rho_eV2=1.53e+56 rho_final=8.63e+00
BG_FUNC: a=4.43e-10 V=6.28e-03 factor_V=2.45e+58 factor_rho=5.62e-56 rho_eV2=1.53e+56 rho_final=8.63e+00
BG_FUNC: a=1.73e-08 V=6.28e-03 factor_V=2.45e+58 factor_rho=5.62e-56 rho_eV2=1.53e+56 rho_final=8.63e+00
BG_FUNC: a=6.81e-07 V=6.28e-03 factor_V=2.45e+58 factor_rho=5.62e-56 rho_eV2=1.53e+56 rho_final=8.63e+00
BG_FUNC: a=2.61e-05 V=6.28e-03 factor_V=2.45e+58 factor_rho=5.62e-56 rho_eV2=1.53e+56 rho_final=8.63e+00
RIDDER SWITCHING: z_osc = 1969.38, a_osc = 5.075168e-04
DEBUG: Ridder field ENABLED. Lambda = 5.299707e-01
DEBUG: Ridder field ENABLED. Lambda = 5.299707e-01
BG_FUNC: a=1.83e-14 V=7.66e-03 factor_V=2.45e+58 factor_rho=5.62e-56 rho_eV2=1.87e+56 rho_final=1.05e+01
BG_FUNC: a=6.85e-13 V=7.66e-03 factor_V=2.45e+58 factor_rho=5.62e-56 rho_eV2=1.87e+56 rho_final=1.05e+[mcmc] Progress @ 2025-12-01 03:02:57 : 9203 steps taken, and 1450 accepted.
01
BG_FUNC: a=2.74e-11 V=7.66e-03 factor_V=2.45e+58 factor_rho=5.62e-56 rho_eV2=1.87e+56 rho_final=1.05e+01
BG_FUNC: a=1.10e-09 V=7.66e-03 factor_V=2.45e+58 factor_rho=5.62e-56 rho_eV2=1.87e+56 rho_final=1.05e+01
BG_FUNC: a=4.39e-08 V=7.66e-03 factor_V=2.45e+58 factor_rho=5.62e-56 rho_eV2=1.87e+56 rho_final=1.05e+01
BG_FUNC: a=1.76e-06 V=7.66e-03 factor_V=2.45e+58 factor_rho=5.62e-56 rho_eV2=1.87e+56 rho_final=1.05e+01
BG_FUNC: a=7.02e-05 V=7.65e-03 factor_V=2.45e+58 factor_rho=5.62e-56 rho_eV2=1.87e+56 rho_final=1.05e+01
RIDDER SWITCHING: z_osc = 2100.28, a_osc = 4.759014e-04
DEBUG: Ridder field ENABLED. Lambda = 5.672203e-01
DEBUG: Ridder field ENABLED. Lambda = 5.672203e-01
BG_FUNC: a=5.25e-14 V=1.01e-02 factor_V=2.45e+58 factor_rho=5.62e-56 rho_eV2=2.46e+56 rho_final=1.38e+01
BG_FUNC: a=2.03e-12 V=1.01e-02 factor_V=2.45e+58 factor_rho=5.62e-56 rho_eV2=2.46e+56 rho_final=1.38e+01
BG_FUNC: a=8.12e-11 V=1.01e-02 factor_V=2.45e+58 factor_rho=5.62e-56 rho_eV2=2.46e+56 rho_final=1.38e+01
BG_FUNC: a=3.26e-09 V=1.01e-02 factor_V=2.45e+58 factor_rho=5.62e-56 rho_eV2=2.46e+56 rho_final=1.38e+01
BG_FUNC: a=1.31e-07 V=1.01e-02 factor_V=2.45e+58 factor_rho=5.62e-56 rho_eV2=2.46e+56 rho_final=1.38e+01
BG_FUNC: a=5.23e-06 V=1.01e-02 factor_V=2.45e+58 factor_rho=5.62e-56 rho_eV2=2.46e+56 rho_final=1.38e+01
BG_FUNC: a=2.08e-04 V=9.12e-03 factor_V=2.45e+58 factor_rho=5.62e-56 rho_eV2=2.31e+56 rho_final=1.30e+01
RIDDER SWITCHING: z_osc = 2274.29, a_osc = 4.395051e-04
DEBUG: Ridder field ENABLED. Lambda = 5.472024e-01
DEBUG: Ridder field ENABLED. Lambda = 5.472024e-01
BG_FUNC: a=1.63e-13 V=8.71e-03 factor_V=2.45e+58 factor_rho=5.62e-56 rho_eV2=2.13e+56 rho_final=1.20e+01
BG_FUNC: a=6.54e-12 V=8.71e-03 factor_V=2.45e+58 factor_rho=5.62e-56 rho_eV2=2.13e+56 rho_final=1.20e+01
BG_FUNC: a=2.63e-10 V=8.71e-03 factor_V=2.45e+58 factor_rho=5.62e-56 rho_eV2=2.13e+56 rho_final=1.20e+01
BG_FUNC: a=1.06e-08 V=8.71e-03 factor_V=2.45e+58 factor_rho=5.62e-56 rho_eV2=2.13e+56 rho_final=1.20e+01
BG_FUNC: a=4.26e-07 V=8.71e-03 factor_V=2.45e+58 factor_rho=5.62e-56 rho_eV2=2.13e+56 rho_final=1.20e+01
BG_FUNC: a=1.73e-05 V=8.71e-03 factor_V=2.45e+58 factor_rho=5.62e-56 rho_eV2=2.13e+56 rho_final=1.20e+01
RIDDER SWITCHING: z_osc = 2179.77, a_osc = 4.585530e-04
DEBUG: Ridder field ENABLED. Lambda = 5.521689e-01
DEBUG: Ridder field ENABLED. Lambda = 5.521689e-01
BG_FUNC: a=1.37e-14 V=9.03e-03 factor_V=2.45e+58 factor_rho=5.62e-56 rho_eV2=2.21e+56 rho_final=1.24e+01
BG_FUNC: a=5.14e-13 V=9.03e-03 factor_V=2.45e+58 factor_rho=5.62e-56 rho_eV2=2.21e+56 rho_final=1.24e+01
BG_FUNC: a=2.06e-11 V=9.03e-03 factor_V=2.45e+58 factor_rho=5.62e-56 rho_eV2=2.21e+56 rho_final=1.24e+01
BG_FUNC: a=8.25e-10 V=9.03e-03 factor_V=2.45e+58 factor_rho=5.62e-56 rho_eV2=2.21e+56 rho_final=1.24e+01
BG_FUNC: a=3.31e-08 V=9.03e-03 factor_V=2.45e+58 factor_rho=5.62e-56 rho_eV2=2.21e+56 rho_final=1.24e+01
BG_FUNC: a=1.32e-06 V=9.03e-03 factor_V=2.45e+58 factor_rho=5.62e-56 rho_eV2=2.21e+56 rho_final=1.24e+01
BG_FUNC: a=5.30e-05 V=9.03e-03 factor_V=2.45e+58 factor_rho=5.62e-56 rho_eV2=2.21e+56 rho_final=1.24e+01
RIDDER SWITCHING: z_osc = 2208.46, a_osc = 4.525985e-04
DEBUG: Ridder field ENABLED. Lambda = 5.262521e-01
DEBUG: Ridder field ENABLED. Lambda = 5.262521e-01
BG_FUNC: a=4.21e-14 V=7.45e-03 factor_V=2.45e+58 factor_rho=5.62e-56 rho_eV2=1.82e+56 rho_final=1.02e+01
BG_FUNC: a=1.58e-12 V=7.45e-03 factor_V=2.45e+58 factor_rho=5.62e-56 rho_eV2=1.82e+56 rho_final=1.02e+01
BG_FUNC: a=6.22e-11 V=7.45e-03 factor_V=2.45e+58 factor_rho=5.62e-56 rho_eV2=1.82e+56 rho_final=1.02e+01
BG_FUNC: a=2.44e-09 V=7.45e-03 factor_V=2.45e+58 factor_rho=5.62e-56 rho_eV2=1.82e+56 rho_final=1.02e+01
BG_FUNC: a=9.60e-08 V=7.45e-03 factor_V=2.45e+58 factor_rho=5.62e-56 rho_eV2=1.82e+56 rho_final=1.02e+01
BG_FUNC: a=3.77e-06 V=7.45e-03 factor_V=2.45e+58 factor_rho=5.62e-56 rho_eV2=1.82e+56 rho_final=1.02e+01
BG_FUNC: a=1.45e-04 V=7.31e-03 factor_V=2.45e+58 factor_rho=5.62e-56 rho_eV2=1.80e+56 rho_final=1.01e+01
RIDDER SWITCHING: z_osc = 2083.40, a_osc = 4.797546e-04
DEBUG: Ridder field ENABLED. Lambda = 5.36737[mcmc] Progress @ 2025-12-01 03:04:03 : 9305 steps taken, and 1475 accepted.
5e-01
DEBUG: Ridder field ENABLED. Lambda = 5.367375e-01
BG_FUNC: a=1.04e-13 V=8.06e-03 factor_V=2.45e+58 factor_rho=5.62e-56 rho_eV2=1.97e+56 rho_final=1.11e+01
BG_FUNC: a=4.13e-12 V=8.06e-03 factor_V=2.45e+58 factor_rho=5.62e-56 rho_eV2=1.97e+56 rho_final=1.11e+01
BG_FUNC: a=1.64e-10 V=8.06e-03 factor_V=2.45e+58 factor_rho=5.62e-56 rho_eV2=1.97e+56 rho_final=1.11e+01
BG_FUNC: a=6.48e-09 V=8.06e-03 factor_V=2.45e+58 factor_rho=5.62e-56 rho_eV2=1.97e+56 rho_final=1.11e+01
BG_FUNC: a=2.57e-07 V=8.06e-03 factor_V=2.45e+58 factor_rho=5.62e-56 rho_eV2=1.97e+56 rho_final=1.11e+01
BG_FUNC: a=1.02e-05 V=8.06e-03 factor_V=2.45e+58 factor_rho=5.62e-56 rho_eV2=1.97e+56 rho_final=1.11e+01
BG_FUNC: a=3.94e-04 V=3.95e-03 factor_V=2.45e+58 factor_rho=5.62e-56 rho_eV2=1.26e+56 rho_final=7.11e+00
RIDDER SWITCHING: z_osc = 2124.67, a_osc = 4.704396e-04
DEBUG: Ridder field ENABLED. Lambda = 5.251129e-01
DEBUG: Ridder field ENABLED. Lambda = 5.251129e-01
BG_FUNC: a=2.92e-13 V=7.39e-03 factor_V=2.45e+58 factor_rho=5.62e-56 rho_eV2=1.81e+56 rho_final=1.02e+01
BG_FUNC: a=1.19e-11 V=7.39e-03 factor_V=2.45e+58 factor_rho=5.62e-56 rho_eV2=1.81e+56 rho_final=1.02e+01
BG_FUNC: a=4.82e-10 V=7.39e-03 factor_V=2.45e+58 factor_rho=5.62e-56 rho_eV2=1.81e+56 rho_final=1.02e+01
BG_FUNC: a=1.96e-08 V=7.39e-03 factor_V=2.45e+58 factor_rho=5.62e-56 rho_eV2=1.81e+56 rho_final=1.02e+01
BG_FUNC: a=7.94e-07 V=7.39e-03 factor_V=2.45e+58 factor_rho=5.62e-56 rho_eV2=1.81e+56 rho_final=1.02e+01
BG_FUNC: a=3.23e-05 V=7.39e-03 factor_V=2.45e+58 factor_rho=5.62e-56 rho_eV2=1.81e+56 rho_final=1.02e+01
RIDDER SWITCHING: z_osc = 2071.02, a_osc = 4.826203e-04
DEBUG: Ridder field ENABLED. Lambda = 5.219639e-01
DEBUG: Ridder field ENABLED. Lambda = 5.219639e-01
BG_FUNC: a=2.42e-14 V=7.21e-03 factor_V=2.45e+58 factor_rho=5.62e-56 rho_eV2=1.76e+56 rho_final=9.91e+00
BG_FUNC: a=9.14e-13 V=7.21e-03 factor_V=2.45e+58 factor_rho=5.62e-56 rho_eV2=1.76e+56 rho_final=9.91e+00
BG_FUNC: a=3.55e-11 V=7.21e-03 factor_V=2.45e+58 factor_rho=5.62e-56 rho_eV2=1.76e+56 rho_final=9.91e+00
BG_FUNC: a=1.39e-09 V=7.21e-03 factor_V=2.45e+58 factor_rho=5.62e-56 rho_eV2=1.76e+56 rho_final=9.91e+00
BG_FUNC: a=5.46e-08 V=7.21e-03 factor_V=2.45e+58 factor_rho=5.62e-56 rho_eV2=1.76e+56 rho_final=9.91e+00
BG_FUNC: a=2.15e-06 V=7.21e-03 factor_V=2.45e+58 factor_rho=5.62e-56 rho_eV2=1.76e+56 rho_final=9.91e+00
BG_FUNC: a=8.15e-05 V=7.20e-03 factor_V=2.45e+58 factor_rho=5.62e-56 rho_eV2=1.76e+56 rho_final=9.90e+00
RIDDER SWITCHING: z_osc = 2058.20, a_osc = 4.856244e-04
DEBUG: Ridder field ENABLED. Lambda = 5.179370e-01
DEBUG: Ridder field ENABLED. Lambda = 5.179370e-01
BG_FUNC: a=5.94e-14 V=6.99e-03 factor_V=2.45e+58 factor_rho=5.62e-56 rho_eV2=1.71e+56 rho_final=9.61e+00
BG_FUNC: a=2.28e-12 V=6.99e-03 factor_V=2.45e+58 factor_rho=5.62e-56 rho_eV2=1.71e+56 rho_final=9.61e+00
BG_FUNC: a=9.16e-11 V=6.99e-03 factor_V=2.45e+58 factor_rho=5.62e-56 rho_eV2=1.71e+56 rho_final=9.61e+00
BG_FUNC: a=3.68e-09 V=6.99e-03 factor_V=2.45e+58 factor_rho=5.62e-56 rho_eV2=1.71e+56 rho_final=9.61e+00
BG_FUNC: a=1.48e-07 V=6.99e-03 factor_V=2.45e+58 factor_rho=5.62e-56 rho_eV2=1.71e+56 rho_final=9.61e+00
BG_FUNC: a=5.93e-06 V=6.99e-03 factor_V=2.45e+58 factor_rho=5.62e-56 rho_eV2=1.71e+56 rho_final=9.61e+00
BG_FUNC: a=2.36e-04 V=6.29e-03 factor_V=2.45e+58 factor_rho=5.62e-56 rho_eV2=1.60e+56 rho_final=9.00e+00
RIDDER SWITCHING: z_osc = 2029.27, a_osc = 4.925459e-04
DEBUG: Ridder field ENABLED. Lambda = 5.323017e-01
DEBUG: Ridder field ENABLED. Lambda = 5.323017e-01
BG_FUNC: a=1.65e-13 V=7.80e-03 factor_V=2.45e+58 factor_rho=5.62e-56 rho_eV2=1.91e+56 rho_final=1.07e+01
BG_FUNC: a=6.54e-12 V=7.80e-03 factor_V=2.45e+58 factor_rho=5.62e-56 rho_eV2=1.91e+56 rho_final=1.07e+01
BG_FUNC: a=2.61e-10 V=7.80e-03 factor_V=2.45e+58 factor_rho=5.62e-56 rho_eV2=1.91e+56 rho_final=1.07e+01
BG_FUNC: a=1.04e-08 V=7.80e-03 factor_V=2.45e+58 factor_rho=5.62e-56 rho_eV2=1.91e+56 rho_final=1.07e+01
BG_FUNC: a=4.18e-07 V=7.80e-03 factor_V=2.45e+58 factor_rho=5.62e-56 rho_eV2=1.91e+56 rho_final=1.07e+01
BG_FUNC: a=1.67e-05 V=7.80e-03 factor_V=2.45e+5[mcmc] Reached maximum number of accepted steps allowed (1500). Stopping.
[mcmc] Sampling complete after 1500 accepted steps.
8 factor_rho=5.62e-56 rho_eV2=1.91e+56 rho_final=1.07e+01
RIDDER SWITCHING: z_osc = 2110.93, a_osc = 4.735012e-04
DEBUG: Ridder field ENABLED. Lambda = 4.946711e-01
DEBUG: Ridder field ENABLED. Lambda = 4.946711e-01
BG_FUNC: a=1.28e-14 V=5.82e-03 factor_V=2.45e+58 factor_rho=5.62e-56 rho_eV2=1.42e+56 rho_final=8.00e+00
BG_FUNC: a=4.75e-13 V=5.82e-03 factor_V=2.45e+58 factor_rho=5.62e-56 rho_eV2=1.42e+56 rho_final=8.00e+00
BG_FUNC: a=1.86e-11 V=5.82e-03 factor_V=2.45e+58 factor_rho=5.62e-56 rho_eV2=1.42e+56 rho_final=8.00e+00
BG_FUNC: a=7.29e-10 V=5.82e-03 factor_V=2.45e+58 factor_rho=5.62e-56 rho_eV2=1.42e+56 rho_final=8.00e+00
BG_FUNC: a=2.86e-08 V=5.82e-03 factor_V=2.45e+58 factor_rho=5.62e-56 rho_eV2=1.42e+56 rho_final=8.00e+00
BG_FUNC: a=1.12e-06 V=5.82e-03 factor_V=2.45e+58 factor_rho=5.62e-56 rho_eV2=1.42e+56 rho_final=8.00e+00
BG_FUNC: a=4.28e-05 V=5.82e-03 factor_V=2.45e+58 factor_rho=5.62e-56 rho_eV2=1.42e+56 rho_final=8.00e+00
RIDDER SWITCHING: z_osc = 1918.33, a_osc = 5.210155e-04
DEBUG: Ridder field ENABLED. Lambda = 5.316479e-01
DEBUG: Ridder field ENABLED. Lambda = 5.316479e-01
BG_FUNC: a=2.90e-14 V=7.76e-03 factor_V=2.45e+58 factor_rho=5.62e-56 rho_eV2=1.90e+56 rho_final=1.07e+01
BG_FUNC: a=1.10e-12 V=7.76e-03 factor_V=2.45e+58 factor_rho=5.62e-56 rho_eV2=1.90e+56 rho_final=1.07e+01
BG_FUNC: a=4.43e-11 V=7.76e-03 factor_V=2.45e+58 factor_rho=5.62e-56 rho_eV2=1.90e+56 rho_final=1.07e+01
BG_FUNC: a=1.78e-09 V=7.76e-03 factor_V=2.45e+58 factor_rho=5.62e-56 rho_eV2=1.90e+56 rho_final=1.07e+01
BG_FUNC: a=7.12e-08 V=7.76e-03 factor_V=2.45e+58 factor_rho=5.62e-56 rho_eV2=1.90e+56 rho_final=1.07e+01
BG_FUNC: a=2.85e-06 V=7.76e-03 factor_V=2.45e+58 factor_rho=5.62e-56 rho_eV2=1.90e+56 rho_final=1.07e+01
BG_FUNC: a=1.14e-04 V=7.70e-03 factor_V=2.45e+58 factor_rho=5.62e-56 rho_eV2=1.89e+56 rho_final=1.06e+01
RIDDER SWITCHING: z_osc = 2107.44, a_osc = 4.742851e-04
DEBUG: Ridder field ENABLED. Lambda = 5.311638e-01
DEBUG: Ridder field ENABLED. Lambda = 5.311638e-01
BG_FUNC: a=8.54e-14 V=7.73e-03 factor_V=2.45e+58 factor_rho=5.62e-56 rho_eV2=1.89e+56 rho_final=1.06e+01
BG_FUNC: a=3.29e-12 V=7.73e-03 factor_V=2.45e+58 factor_rho=5.62e-56 rho_eV2=1.89e+56 rho_final=1.06e+01
BG_FUNC: a=1.30e-10 V=7.73e-03 factor_V=2.45e+58 factor_rho=5.62e-56 rho_eV2=1.89e+56 rho_final=1.06e+01
BG_FUNC: a=5.17e-09 V=7.73e-03 factor_V=2.45e+58 factor_rho=5.62e-56 rho_eV2=1.89e+56 rho_final=1.06e+01
BG_FUNC: a=2.05e-07 V=7.73e-03 factor_V=2.45e+58 factor_rho=5.62e-56 rho_eV2=1.89e+56 rho_final=1.06e+01
BG_FUNC: a=8.16e-06 V=7.73e-03 factor_V=2.45e+58 factor_rho=5.62e-56 rho_eV2=1.89e+56 rho_final=1.06e+01
BG_FUNC: a=3.22e-04 V=5.45e-03 factor_V=2.45e+58 factor_rho=5.62e-56 rho_eV2=1.52e+56 rho_final=8.55e+00
RIDDER SWITCHING: z_osc = 2105.53, a_osc = 4.747153e-04
