[output] Output to be read-from/written-into folder 'chains', with prefix 'tier5_ede_trgb_predesi'
[prior] *WARNING* External prior 'SZ' loaded. Mind that it might not be normalized!
[classy] `classy` module loaded successfully from /home/ridderadmin/Ridder-Field/phase2/class/python
[planck_2018_highl_plik.ttteee] `clipy` module loaded successfully from /home/ridderadmin/.local/share/cobaya/code/planck/clipy/clipy
----
clipy_0.15
Checking likelihood '/home/ridderadmin/.local/share/cobaya/data/planck_2018/baseline/plc_3.0/hi_l/plik/plik_rd12_HM_v22b_TTTEEE.clik' on test data. got -1172.47 expected -1172.47 (diff 4.00569e-06)
----
[planck_2018_lensing.clik] `clipy` module loaded successfully from /home/ridderadmin/.local/share/cobaya/code/planck/clipy/clipy
----
clipy_0.15
Checking likelihood '/home/ridderadmin/.local/share/cobaya/data/planck_2018/baseline/plc_3.0/lensing/smicadx12_Dec5_ftl_mv2_ndclpp_p_teb_consext8.clik_lensing' on test data. got -4.42102
----
[bao.sixdf_2011_bao] Initialized.
[bao.sdss_dr12_consensus_bao] Initialized.
[trgb_h0] Initialized external likelihood.
[classy] *WARNING* Requesting BB for ell>50 or lensing Cl's: using a non-linear code is recommended (and you are not using any). To activate it, set 'non_linear: halofit|hmcode|...' in classy's 'extra_args'.
[classy] *WARNING* Requesting BB for ell>50 or lensing Cl's: using a non-linear code is recommended (and you are not using any). To activate it, set 'non_linear: halofit|hmcode|...' in classy's 'extra_args'.
[classy] *WARNING* Requesting BB for ell>50 or lensing Cl's: using a non-linear code is recommended (and you are not using any). To activate it, set 'non_linear: halofit|hmcode|...' in classy's 'extra_args'.
[classy] *WARNING* Requesting BB for ell>50 or lensing Cl's: using a non-linear code is recommended (and you are not using any). To activate it, set 'non_linear: halofit|hmcode|...' in classy's 'extra_args'.
[classy] *WARNING* Requesting BB for ell>50 or lensing Cl's: using a non-linear code is recommended (and you are not using any). To activate it, set 'non_linear: halofit|hmcode|...' in classy's 'extra_args'.
[classy] *WARNING* Requesting BB for ell>50 or lensing Cl's: using a non-linear code is recommended (and you are not using any). To activate it, set 'non_linear: halofit|hmcode|...' in classy's 'extra_args'.
[classy] *WARNING* Requesting BB for ell>50 or lensing Cl's: using a non-linear code is recommended (and you are not using any). To activate it, set 'non_linear: halofit|hmcode|...' in classy's 'extra_args'.
[classy] *WARNING* Requesting BB for ell>50 or lensing Cl's: using a non-linear code is recommended (and you are not using any). To activate it, set 'non_linear: halofit|hmcode|...' in classy's 'extra_args'.
[classy] *WARNING* Requesting BB for ell>50 or lensing Cl's: using a non-linear code is recommended (and you are not using any). To activate it, set 'non_linear: halofit|hmcode|...' in classy's 'extra_args'.
[mcmc] Getting initial point... (this may take a few seconds)
[mcmc] Initial point: logA:3.044, n_s:0.9649, H0:70, omega_b:0.02237, omega_cdm:0.117, tau_reio:0.0544, Lambda_EDE_ridder:1, A_planck:1.000506, calib_100T:1.00073, calib_217T:0.9982034, A_cib_217:67.43911, xi_sz_cib:0.07085816, A_sz:4.865863, ksz_norm:0.1259324, gal545_A_100:8.883106, gal545_A_143:8.737857, gal545_A_143_217:20.37881, gal545_A_217:67.96257, ps_A_100_100:253.4622, ps_A_143_143:42.65347, ps_A_143_217:37.97037, ps_A_217_217:88.12394, galf_TE_A_100:0.1713991, galf_TE_A_100_143:0.2195833, galf_TE_A_100_217:0.4777366, galf_TE_A_143:0.1846655, galf_TE_A_143_217:0.621335, galf_TE_A_217:2.003675
[model] Measuring speeds... (this may take a few seconds)
[model] Setting measured speeds (per sec): {planck_2018_lowl.TT: 92.7, planck_2018_lowl.EE: 3000.0, planck_2018_highl_plik.TTTEEE: 0.879, planck_2018_lensing.clik: 39.7, bao.sixdf_2011_bao: 1380.0, bao.sdss_dr7_mgs: 1990.0, bao.sdss_dr12_consensus_bao: 1200.0, sn.pantheonplus: 42.7, trgb_h0: 56500.0, classy: 0.0235}
[mcmc] Oversampling with factors:
[mcmc] * 1 : ['H0']
[mcmc] * 1 : ['logA', 'n_s', 'omega_b', 'omega_cdm', 'tau_reio', 'Lambda_EDE_ridder']
[mcmc] * 4 : ['A_planck']
[mcmc] * 4 : ['calib_100T', 'calib_217T', 'A_cib_217', 'xi_sz_cib', 'A_sz', 'ksz_norm', 'gal545_A_100', 'gal545_A_143', 'gal545_A_143_217', 'gal545_A_217', 'ps_A_100_100', 'ps_A_143_143', 'ps_A_143_217', 'ps_A_217_217', 'galf_TE_A_100', 'galf_TE_A_100_143', 'galf_TE_A_100_217', 'galf_TE_A_143', 'galf_TE_A_143_217', 'galf_TE_A_217']
[mcmc] Covariance matrix not present. We will start learning the covariance of the proposal earlier: R-1 = 30 (would be 2 if all params loaded).
[mcmc] Sampling! (NB: no accepted step will be saved until 50 burn-in samples have been obtained)
[mcmc] Progress @ 2025-11-30 16:59:14 : 1 steps taken -- still burning in, 151 accepted steps left.
DEBUG: Ridder field ENABLED. Lambda = 1.000000e+00
DEBUG: Ridder field ENABLED. Lambda = 1.000000e+00
BG_FUNC: a=3.46e-13 V=9.71e-02 factor_V=2.45e+58 factor_rho=5.62e-56 rho_eV2=2.38e+57 rho_final=1.34e+02
BG_FUNC: a=1.37e-11 V=9.71e-02 factor_V=2.45e+58 factor_rho=5.62e-56 rho_eV2=2.38e+57 rho_final=1.34e+02
BG_FUNC: a=5.43e-10 V=9.71e-02 factor_V=2.45e+58 factor_rho=5.62e-56 rho_eV2=2.38e+57 rho_final=1.34e+02
BG_FUNC: a=2.15e-08 V=9.71e-02 factor_V=2.45e+58 factor_rho=5.62e-56 rho_eV2=2.38e+57 rho_final=1.34e+02
BG_FUNC: a=8.53e-07 V=9.71e-02 factor_V=2.45e+58 factor_rho=5.62e-56 rho_eV2=2.38e+57 rho_final=1.34e+02
BG_FUNC: a=3.38e-05 V=9.71e-02 factor_V=2.45e+58 factor_rho=5.62e-56 rho_eV2=2.37e+57 rho_final=1.33e+02
RIDDER SWITCHING: z_osc = 4486.54, a_osc = 2.228392e-04
RIDDER IC: k=3.673e+00 coeff=2.274e-13 delta_g=-1.633e-03
RIDDER IC: k=2.318e+00 coeff=1.478e-12 delta_g=-1.633e-03
RIDDER IC: k=2.918e+00 coeff=5.684e-13 delta_g=-1.633e-03
DEBUG: Ridder field ENABLED. Lambda = 1.278627e+00
DEBUG: Ridder field ENABLED. Lambda = 1.278627e+00
BG_FUNC: a=5.35e-14 V=2.60e-01 factor_V=2.45e+58 factor_rho=5.62e-56 rho_eV2=6.35e+57 rho_final=3.57e+02
BG_FUNC: a=2.06e-12 V=2.60e-01 factor_V=2.45e+58 factor_rho=5.62e-56 rho_eV2=6.35e+57 rho_final=3.57e+02
BG_FUNC: a=8.11e-11 V=2.60e-01 factor_V=2.45e+58 factor_rho=5.62e-56 rho_eV2=6.35e+57 rho_final=3.57e+02
BG_FUNC: a=3.22e-09 V=2.60e-01 factor_V=2.45e+58 factor_rho=5.62e-56 rho_eV2=6.35e+57 rho_final=3.57e+02
BG_FUNC: a=1.28e-07 V=2.60e-01 factor_V=2.45e+58 factor_rho=5.62e-56 rho_eV2=6.35e+57 rho_final=3.57e+02
BG_FUNC: a=5.07e-06 V=2.60e-01 factor_V=2.45e+58 factor_rho=5.62e-56 rho_eV2=6.35e+57 rho_final=3.57e+02
RIDDER SWITCHING: z_osc = 5958.13, a_osc = 1.678099e-04
DEBUG: Ridder field ENABLED. Lambda = 1.371336e+00
DEBUG: Ridder field ENABLED. Lambda = 1.371336e+00
BG_FUNC: a=1.10e-14 V=3.44e-01 factor_V=2.45e+58 factor_rho=5.62e-56 rho_eV2=8.40e+57 rho_final=4.72e+02
BG_FUNC: a=4.08e-13 V=3.44e-01 factor_V=2.45e+58 factor_rho=5.62e-56 rho_eV2=8.40e+57 rho_final=4.72e+02
BG_FUNC: a=1.63e-11 V=3.44e-01 factor_V=2.45e+58 factor_rho=5.62e-56 rho_eV2=8.40e+57 rho_final=4.72e+02
BG_FUNC: a=6.48e-10 V=3.44e-01 factor_V=2.45e+58 factor_rho=5.62e-56 rho_eV2=8.40e+57 rho_final=4.72e+02
BG_FUNC: a=2.58e-08 V=3.44e-01 factor_V=2.45e+58 factor_rho=5.62e-56 rho_eV2=8.40e+57 rho_final=4.72e+02
BG_FUNC: a=1.04e-06 V=3.44e-01 factor_V=2.45e+58 factor_rho=5.62e-56 rho_eV2=8.40e+57 rho_final=4.72e+02
BG_FUNC: a=4.10e-05 V=3.41e-01 factor_V=2.45e+58 factor_rho=5.62e-56 rho_eV2=8.37e+57 rho_final=4.70e+02
RIDDER SWITCHING: z_osc = 6429.33, a_osc = 1.555131e-04
DEBUG: Ridder field ENABLED. Lambda = 7.887448e-01
DEBUG: Ridder field ENABLED. Lambda = 7.887448e-01
BG_FUNC: a=9.10e-14 V=3.76e-02 factor_V=2.45e+58 factor_rho=5.62e-56 rho_eV2=9.19e+56 rho_final=5.17e+01
BG_FUNC: a=3.59e-12 V=3.76e-02 factor_V=2.45e+58 factor_rho=5.62e-56 rho_eV2=9.19e+56 rho_final=5.17e+01
BG_FUNC: a=1.42e-10 V=3.76e-02 factor_V=2.45e+58 factor_rho=5.62e-56 rho_eV2=9.19e+56 rho_final=5.17e+01
BG_FUNC: a=5.69e-09 V=3.76e-02 factor_V=2.45e+58 factor_rho=5.62e-56 rho_eV2=9.19e+56 rho_final=5.17e+01
BG_FUNC: a=2.24e-07 V=3.76e-02 factor_V=2.45e+58 factor_rho=5.62e-56 rho_eV2=9.19e+56 rho_final=5.17e+01
BG_FUNC: a=8.88e-06 V=3.76e-02 factor_V=2.45e+58 factor_rho=5.62e-56 rho_eV2=9.19e+56 rho_final=5.17e+01
RIDDER SWITCHING: z_osc = 3413.46, a_osc = 2.928717e-04
DEBUG: Ridder field ENABLED. Lambda = 1.000000e+00
DEBUG: Ridder field ENABLED. Lambda = 1.000000e+00
BG_FUNC: a=1.10e-14 V=9.71e-02 factor_V=2.45e+58 factor_rho=5.62e-56 rho_eV2=2.38e+57 rho_final=1.34e+02
BG_FUNC: a=4.09e-13 V=9.71e-02 factor_V=2.45e+58 factor_rho=5.62e-56 rho_eV2=2.38e+57 rho_final=1.34e+02
BG_FUNC: a=1.64e-11 V=9.71e-02 factor_V=2.45e+58 factor_rho=5.62e-56 rho_eV2=2.38e+57 rho_final=1.34e+02
BG_FUNC: a=6.43e-10 V=9.71e-02 factor_V=2.45e+58 factor_rho=5.62e-56 rho_eV2=2.38e+57 rho_final=1.34e+02
BG_FUNC: a=2.55e-08 V=9.71e-02 factor_V=2.45e+58 factor_rho=5.62e-56 rho_eV2=2.38e+57 rho_final=1.34e+02
BG_FUNC: a=1.01e-06 V=9.71e-02 factor_[mcmc] Progress @ 2025-11-30 17:00:42 : 4 steps taken -- still burning in, 151 accepted steps left.
[mcmc] Progress @ 2025-11-30 17:01:42 : 31 steps taken -- still burning in, 144 accepted steps left.
[mcmc] Progress @ 2025-11-30 17:02:42 : 52 steps taken -- still burning in, 134 accepted steps left.
V=2.45e+58 factor_rho=5.62e-56 rho_eV2=2.38e+57 rho_final=1.34e+02
BG_FUNC: a=3.99e-05 V=9.70e-02 factor_V=2.45e+58 factor_rho=5.62e-56 rho_eV2=2.37e+57 rho_final=1.33e+02
RIDDER SWITCHING: z_osc = 4486.54, a_osc = 2.228392e-04
DEBUG: Ridder field ENABLED. Lambda = 1.139977e+00
DEBUG: Ridder field ENABLED. Lambda = 1.139977e+00
BG_FUNC: a=6.35e-14 V=1.64e-01 factor_V=2.45e+58 factor_rho=5.62e-56 rho_eV2=4.01e+57 rho_final=2.26e+02
BG_FUNC: a=2.42e-12 V=1.64e-01 factor_V=2.45e+58 factor_rho=5.62e-56 rho_eV2=4.01e+57 rho_final=2.26e+02
BG_FUNC: a=9.60e-11 V=1.64e-01 factor_V=2.45e+58 factor_rho=5.62e-56 rho_eV2=4.01e+57 rho_final=2.26e+02
BG_FUNC: a=3.80e-09 V=1.64e-01 factor_V=2.45e+58 factor_rho=5.62e-56 rho_eV2=4.01e+57 rho_final=2.26e+02
BG_FUNC: a=1.51e-07 V=1.64e-01 factor_V=2.45e+58 factor_rho=5.62e-56 rho_eV2=4.01e+57 rho_final=2.26e+02
BG_FUNC: a=5.96e-06 V=1.64e-01 factor_V=2.45e+58 factor_rho=5.62e-56 rho_eV2=4.01e+57 rho_final=2.26e+02
RIDDER SWITCHING: z_osc = 5236.44, a_osc = 1.909328e-04
DEBUG: Ridder field ENABLED. Lambda = 1.441000e+00
DEBUG: Ridder field ENABLED. Lambda = 1.441000e+00
BG_FUNC: a=1.14e-14 V=4.19e-01 factor_V=2.45e+58 factor_rho=5.62e-56 rho_eV2=1.02e+58 rho_final=5.76e+02
BG_FUNC: a=4.20e-13 V=4.19e-01 factor_V=2.45e+58 factor_rho=5.62e-56 rho_eV2=1.02e+58 rho_final=5.76e+02
BG_FUNC: a=1.67e-11 V=4.19e-01 factor_V=2.45e+58 factor_rho=5.62e-56 rho_eV2=1.02e+58 rho_final=5.76e+02
BG_FUNC: a=6.60e-10 V=4.19e-01 factor_V=2.45e+58 factor_rho=5.62e-56 rho_eV2=1.02e+58 rho_final=5.76e+02
BG_FUNC: a=2.62e-08 V=4.19e-01 factor_V=2.45e+58 factor_rho=5.62e-56 rho_eV2=1.02e+58 rho_final=5.76e+02
BG_FUNC: a=1.04e-06 V=4.19e-01 factor_V=2.45e+58 factor_rho=5.62e-56 rho_eV2=1.02e+58 rho_final=5.76e+02
BG_FUNC: a=4.09e-05 V=4.15e-01 factor_V=2.45e+58 factor_rho=5.62e-56 rho_eV2=1.02e+58 rho_final=5.73e+02
RIDDER SWITCHING: z_osc = 6821.72, a_osc = 1.465691e-04
DEBUG: Ridder field ENABLED. Lambda = 4.223515e-01
DEBUG: Ridder field ENABLED. Lambda = 4.223515e-01
BG_FUNC: a=9.44e-14 V=3.09e-03 factor_V=2.45e+58 factor_rho=5.62e-56 rho_eV2=7.56e+55 rho_final=4.25e+00
BG_FUNC: a=3.80e-12 V=3.09e-03 factor_V=2.45e+58 factor_rho=5.62e-56 rho_eV2=7.56e+55 rho_final=4.25e+00
BG_FUNC: a=1.54e-10 V=3.09e-03 factor_V=2.45e+58 factor_rho=5.62e-56 rho_eV2=7.56e+55 rho_final=4.25e+00
BG_FUNC: a=6.16e-09 V=3.09e-03 factor_V=2.45e+58 factor_rho=5.62e-56 rho_eV2=7.56e+55 rho_final=4.25e+00
BG_FUNC: a=2.48e-07 V=3.09e-03 factor_V=2.45e+58 factor_rho=5.62e-56 rho_eV2=7.56e+55 rho_final=4.25e+00
BG_FUNC: a=1.00e-05 V=3.09e-03 factor_V=2.45e+58 factor_rho=5.62e-56 rho_eV2=7.56e+55 rho_final=4.25e+00
BG_FUNC: a=4.04e-04 V=2.24e-03 factor_V=2.45e+58 factor_rho=5.62e-56 rho_eV2=6.19e+55 rho_final=3.48e+00
RIDDER SWITCHING: z_osc = 1586.27, a_osc = 6.300117e-04
DEBUG: Ridder field ENABLED. Lambda = 9.957806e-01
DEBUG: Ridder field ENABLED. Lambda = 9.957806e-01
BG_FUNC: a=2.19e-13 V=9.55e-02 factor_V=2.45e+58 factor_rho=5.62e-56 rho_eV2=2.34e+57 rho_final=1.31e+02
BG_FUNC: a=8.68e-12 V=9.55e-02 factor_V=2.45e+58 factor_rho=5.62e-56 rho_eV2=2.34e+57 rho_final=1.31e+02
BG_FUNC: a=3.44e-10 V=9.55e-02 factor_V=2.45e+58 factor_rho=5.62e-56 rho_eV2=2.34e+57 rho_final=1.31e+02
BG_FUNC: a=1.37e-08 V=9.55e-02 factor_V=2.45e+58 factor_rho=5.62e-56 rho_eV2=2.34e+57 rho_final=1.31e+02
BG_FUNC: a=5.42e-07 V=9.55e-02 factor_V=2.45e+58 factor_rho=5.62e-56 rho_eV2=2.34e+57 rho_final=1.31e+02
BG_FUNC: a=2.15e-05 V=9.55e-02 factor_V=2.45e+58 factor_rho=5.62e-56 rho_eV2=2.34e+57 rho_final=1.31e+02
RIDDER SWITCHING: z_osc = 4491.23, a_osc = 2.226064e-04
DEBUG: Ridder field ENABLED. Lambda = 7.976622e-01
DEBUG: Ridder field ENABLED. Lambda = 7.976622e-01
BG_FUNC: a=3.43e-14 V=3.93e-02 factor_V=2.45e+58 factor_rho=5.62e-56 rho_eV2=9.62e+56 rho_final=5.41e+01
BG_FUNC: a=1.30e-12 V=3.93e-02 factor_V=2.45e+58 factor_rho=5.62e-56 rho_eV2=9.62e+56 rho_final=5.41e+01
BG_FUNC: a=5.15e-11 V=3.93e-02 factor_V=2.45e+58 factor_rho=5.62e-56 rho_eV2=9.62e+56 rho_final=5.41e+01
BG_FUNC: a=2.06e-09 V=3.93e-02 factor_V=2.45e+58 factor_rho=5.62e-56 rho_eV2=9.62e+56 rho[mcmc] Progress @ 2025-11-30 17:04:18 : 68 steps taken -- still burning in, 130 accepted steps left.
[mcmc] Progress @ 2025-11-30 17:05:19 : 81 steps taken -- still burning in, 123 accepted steps left.
[mcmc] Progress @ 2025-11-30 17:06:58 : 100 steps taken -- still burning in, 117 accepted steps left.
[mcmc] Progress @ 2025-11-30 17:07:59 : 117 steps taken -- still burning in, 114 accepted steps left.
_final=5.41e+01
BG_FUNC: a=8.11e-08 V=3.93e-02 factor_V=2.45e+58 factor_rho=5.62e-56 rho_eV2=9.62e+56 rho_final=5.41e+01
BG_FUNC: a=3.22e-06 V=3.93e-02 factor_V=2.45e+58 factor_rho=5.62e-56 rho_eV2=9.62e+56 rho_final=5.41e+01
BG_FUNC: a=1.27e-04 V=3.70e-02 factor_V=2.45e+58 factor_rho=5.62e-56 rho_eV2=9.26e+56 rho_final=5.21e+01
RIDDER SWITCHING: z_osc = 3474.05, a_osc = 2.877659e-04
DEBUG: Ridder field ENABLED. Lambda = 1.000000e+00
DEBUG: Ridder field ENABLED. Lambda = 1.000000e+00
BG_FUNC: a=1.50e-13 V=9.71e-02 factor_V=2.45e+58 factor_rho=5.62e-56 rho_eV2=2.38e+57 rho_final=1.34e+02
BG_FUNC: a=5.96e-12 V=9.71e-02 factor_V=2.45e+58 factor_rho=5.62e-56 rho_eV2=2.38e+57 rho_final=1.34e+02
BG_FUNC: a=2.36e-10 V=9.71e-02 factor_V=2.45e+58 factor_rho=5.62e-56 rho_eV2=2.38e+57 rho_final=1.34e+02
BG_FUNC: a=9.36e-09 V=9.71e-02 factor_V=2.45e+58 factor_rho=5.62e-56 rho_eV2=2.38e+57 rho_final=1.34e+02
BG_FUNC: a=3.71e-07 V=9.71e-02 factor_V=2.45e+58 factor_rho=5.62e-56 rho_eV2=2.38e+57 rho_final=1.34e+02
BG_FUNC: a=1.47e-05 V=9.71e-02 factor_V=2.45e+58 factor_rho=5.62e-56 rho_eV2=2.38e+57 rho_final=1.34e+02
RIDDER SWITCHING: z_osc = 4491.76, a_osc = 2.225804e-04
DEBUG: Ridder field ENABLED. Lambda = 1.017388e+00
DEBUG: Ridder field ENABLED. Lambda = 1.017388e+00
BG_FUNC: a=2.39e-14 V=1.04e-01 factor_V=2.45e+58 factor_rho=5.62e-56 rho_eV2=2.54e+57 rho_final=1.43e+02
BG_FUNC: a=8.92e-13 V=1.04e-01 factor_V=2.45e+58 factor_rho=5.62e-56 rho_eV2=2.54e+57 rho_final=1.43e+02
BG_FUNC: a=3.54e-11 V=1.04e-01 factor_V=2.45e+58 factor_rho=5.62e-56 rho_eV2=2.54e+57 rho_final=1.43e+02
BG_FUNC: a=1.41e-09 V=1.04e-01 factor_V=2.45e+58 factor_rho=5.62e-56 rho_eV2=2.54e+57 rho_final=1.43e+02
BG_FUNC: a=5.58e-08 V=1.04e-01 factor_V=2.45e+58 factor_rho=5.62e-56 rho_eV2=2.54e+57 rho_final=1.43e+02
BG_FUNC: a=2.21e-06 V=1.04e-01 factor_V=2.45e+58 factor_rho=5.62e-56 rho_eV2=2.54e+57 rho_final=1.43e+02
BG_FUNC: a=8.73e-05 V=1.00e-01 factor_V=2.45e+58 factor_rho=5.62e-56 rho_eV2=2.48e+57 rho_final=1.40e+02
RIDDER SWITCHING: z_osc = 4608.57, a_osc = 2.169400e-04
DEBUG: Ridder field ENABLED. Lambda = 9.821881e-01
DEBUG: Ridder field ENABLED. Lambda = 9.821881e-01
BG_FUNC: a=1.37e-13 V=9.04e-02 factor_V=2.45e+58 factor_rho=5.62e-56 rho_eV2=2.21e+57 rho_final=1.24e+02
BG_FUNC: a=5.45e-12 V=9.04e-02 factor_V=2.45e+58 factor_rho=5.62e-56 rho_eV2=2.21e+57 rho_final=1.24e+02
BG_FUNC: a=2.18e-10 V=9.04e-02 factor_V=2.45e+58 factor_rho=5.62e-56 rho_eV2=2.21e+57 rho_final=1.24e+02
BG_FUNC: a=8.63e-09 V=9.04e-02 factor_V=2.45e+58 factor_rho=5.62e-56 rho_eV2=2.21e+57 rho_final=1.24e+02
BG_FUNC: a=3.39e-07 V=9.04e-02 factor_V=2.45e+58 factor_rho=5.62e-56 rho_eV2=2.21e+57 rho_final=1.24e+02
BG_FUNC: a=1.35e-05 V=9.04e-02 factor_V=2.45e+58 factor_rho=5.62e-56 rho_eV2=2.21e+57 rho_final=1.24e+02
RIDDER SWITCHING: z_osc = 4420.93, a_osc = 2.261458e-04
DEBUG: Ridder field ENABLED. Lambda = 8.712550e-01
DEBUG: Ridder field ENABLED. Lambda = 8.712550e-01
BG_FUNC: a=2.15e-14 V=5.60e-02 factor_V=2.45e+58 factor_rho=5.62e-56 rho_eV2=1.37e+57 rho_final=7.69e+01
BG_FUNC: a=8.02e-13 V=5.60e-02 factor_V=2.45e+58 factor_rho=5.62e-56 rho_eV2=1.37e+57 rho_final=7.69e+01
BG_FUNC: a=3.18e-11 V=5.60e-02 factor_V=2.45e+58 factor_rho=5.62e-56 rho_eV2=1.37e+57 rho_final=7.69e+01
BG_FUNC: a=1.26e-09 V=5.60e-02 factor_V=2.45e+58 factor_rho=5.62e-56 rho_eV2=1.37e+57 rho_final=7.69e+01
BG_FUNC: a=4.99e-08 V=5.60e-02 factor_V=2.45e+58 factor_rho=5.62e-56 rho_eV2=1.37e+57 rho_final=7.69e+01
BG_FUNC: a=1.98e-06 V=5.60e-02 factor_V=2.45e+58 factor_rho=5.62e-56 rho_eV2=1.37e+57 rho_final=7.69e+01
BG_FUNC: a=7.80e-05 V=5.52e-02 factor_V=2.45e+58 factor_rho=5.62e-56 rho_eV2=1.36e+57 rho_final=7.63e+01
RIDDER SWITCHING: z_osc = 3826.68, a_osc = 2.612546e-04
DEBUG: Ridder field ENABLED. Lambda = 9.655359e-01
DEBUG: Ridder field ENABLED. Lambda = 9.655359e-01
BG_FUNC: a=1.02e-13 V=8.44e-02 factor_V=2.45e+58 factor_rho=5.62e-56 rho_eV2=2.06e+57 rho_final=1.16e+02
BG_FUNC: a=4.06e-12 V=8.44e-02 factor_V=2.45e+58 factor_rho=5.62e-56 rho_eV2=2.06e+57 rho_final=1.16e+02
BG_FUNC: a=1.61e-10 V=8.44e-02 fact[mcmc] Progress @ 2025-11-30 17:09:20 : 145 steps taken -- still burning in, 111 accepted steps left.
or_V=2.45e+58 factor_rho=5.62e-56 rho_eV2=2.06e+57 rho_final=1.16e+02
BG_FUNC: a=6.40e-09 V=8.44e-02 factor_V=2.45e+58 factor_rho=5.62e-56 rho_eV2=2.06e+57 rho_final=1.16e+02
BG_FUNC: a=2.54e-07 V=8.44e-02 factor_V=2.45e+58 factor_rho=5.62e-56 rho_eV2=2.06e+57 rho_final=1.16e+02
BG_FUNC: a=1.01e-05 V=8.44e-02 factor_V=2.45e+58 factor_rho=5.62e-56 rho_eV2=2.06e+57 rho_final=1.16e+02
RIDDER SWITCHING: z_osc = 4313.83, a_osc = 2.317588e-04
DEBUG: Ridder field ENABLED. Lambda = 9.308805e-01
DEBUG: Ridder field ENABLED. Lambda = 9.308805e-01
BG_FUNC: a=1.57e-14 V=7.29e-02 factor_V=2.45e+58 factor_rho=5.62e-56 rho_eV2=1.78e+57 rho_final=1.00e+02
BG_FUNC: a=5.88e-13 V=7.29e-02 factor_V=2.45e+58 factor_rho=5.62e-56 rho_eV2=1.78e+57 rho_final=1.00e+02
BG_FUNC: a=2.33e-11 V=7.29e-02 factor_V=2.45e+58 factor_rho=5.62e-56 rho_eV2=1.78e+57 rho_final=1.00e+02
BG_FUNC: a=9.25e-10 V=7.29e-02 factor_V=2.45e+58 factor_rho=5.62e-56 rho_eV2=1.78e+57 rho_final=1.00e+02
BG_FUNC: a=3.66e-08 V=7.29e-02 factor_V=2.45e+58 factor_rho=5.62e-56 rho_eV2=1.78e+57 rho_final=1.00e+02
BG_FUNC: a=1.45e-06 V=7.29e-02 factor_V=2.45e+58 factor_rho=5.62e-56 rho_eV2=1.78e+57 rho_final=1.00e+02
BG_FUNC: a=5.73e-05 V=7.25e-02 factor_V=2.45e+58 factor_rho=5.62e-56 rho_eV2=1.78e+57 rho_final=9.99e+01
RIDDER SWITCHING: z_osc = 4147.42, a_osc = 2.410556e-04
DEBUG: Ridder field ENABLED. Lambda = 1.008355e+00
DEBUG: Ridder field ENABLED. Lambda = 1.008355e+00
BG_FUNC: a=8.37e-14 V=1.00e-01 factor_V=2.45e+58 factor_rho=5.62e-56 rho_eV2=2.46e+57 rho_final=1.38e+02
BG_FUNC: a=3.19e-12 V=1.00e-01 factor_V=2.45e+58 factor_rho=5.62e-56 rho_eV2=2.46e+57 rho_final=1.38e+02
BG_FUNC: a=1.25e-10 V=1.00e-01 factor_V=2.45e+58 factor_rho=5.62e-56 rho_eV2=2.46e+57 rho_final=1.38e+02
BG_FUNC: a=4.94e-09 V=1.00e-01 factor_V=2.45e+58 factor_rho=5.62e-56 rho_eV2=2.46e+57 rho_final=1.38e+02
BG_FUNC: a=1.92e-07 V=1.00e-01 factor_V=2.45e+58 factor_rho=5.62e-56 rho_eV2=2.46e+57 rho_final=1.38e+02
BG_FUNC: a=7.52e-06 V=1.00e-01 factor_V=2.45e+58 factor_rho=5.62e-56 rho_eV2=2.46e+57 rho_final=1.38e+02
RIDDER SWITCHING: z_osc = 4557.58, a_osc = 2.193666e-04
DEBUG: Ridder field ENABLED. Lambda = 9.243095e-01
DEBUG: Ridder field ENABLED. Lambda = 9.243095e-01
BG_FUNC: a=1.21e-14 V=7.09e-02 factor_V=2.45e+58 factor_rho=5.62e-56 rho_eV2=1.73e+57 rho_final=9.75e+01
BG_FUNC: a=4.52e-13 V=7.09e-02 factor_V=2.45e+58 factor_rho=5.62e-56 rho_eV2=1.73e+57 rho_final=9.75e+01
BG_FUNC: a=1.82e-11 V=7.09e-02 factor_V=2.45e+58 factor_rho=5.62e-56 rho_eV2=1.73e+57 rho_final=9.75e+01
BG_FUNC: a=7.31e-10 V=7.09e-02 factor_V=2.45e+58 factor_rho=5.62e-56 rho_eV2=1.73e+57 rho_final=9.75e+01
BG_FUNC: a=2.93e-08 V=7.09e-02 factor_V=2.45e+58 factor_rho=5.62e-56 rho_eV2=1.73e+57 rho_final=9.75e+01
BG_FUNC: a=1.18e-06 V=7.09e-02 factor_V=2.45e+58 factor_rho=5.62e-56 rho_eV2=1.73e+57 rho_final=9.75e+01
BG_FUNC: a=4.74e-05 V=7.07e-02 factor_V=2.45e+58 factor_rho=5.62e-56 rho_eV2=1.73e+57 rho_final=9.73e+01
RIDDER SWITCHING: z_osc = 4108.37, a_osc = 2.433463e-04
DEBUG: Ridder field ENABLED. Lambda = 1.000000e+00
DEBUG: Ridder field ENABLED. Lambda = 1.000000e+00
BG_FUNC: a=6.85e-14 V=9.71e-02 factor_V=2.45e+58 factor_rho=5.62e-56 rho_eV2=2.38e+57 rho_final=1.34e+02
BG_FUNC: a=2.66e-12 V=9.71e-02 factor_V=2.45e+58 factor_rho=5.62e-56 rho_eV2=2.38e+57 rho_final=1.34e+02
BG_FUNC: a=1.07e-10 V=9.71e-02 factor_V=2.45e+58 factor_rho=5.62e-56 rho_eV2=2.38e+57 rho_final=1.34e+02
BG_FUNC: a=4.28e-09 V=9.71e-02 factor_V=2.45e+58 factor_rho=5.62e-56 rho_eV2=2.38e+57 rho_final=1.34e+02
BG_FUNC: a=1.72e-07 V=9.71e-02 factor_V=2.45e+58 factor_rho=5.62e-56 rho_eV2=2.38e+57 rho_final=1.34e+02
BG_FUNC: a=6.90e-06 V=9.71e-02 factor_V=2.45e+58 factor_rho=5.62e-56 rho_eV2=2.38e+57 rho_final=1.34e+02
RIDDER SWITCHING: z_osc = 4485.91, a_osc = 2.228707e-04
DEBUG: Ridder field ENABLED. Lambda = 9.463492e-01
DEBUG: Ridder field ENABLED. Lambda = 9.463492e-01
BG_FUNC: a=1.13e-14 V=7.79e-02 factor_V=2.45e+58 factor_rho=5.62e-56 rho_eV2=1.91e+57 rho_final=1.07e+02
BG_FUNC: a=4.21e-13 V=7.79e-02 factor_V=2.45e+58 factor_rho=5.62e-56 rho_eV2=1.91e+57 [mcmc] Progress @ 2025-11-30 17:10:39 : 194 steps taken -- still burning in, 102 accepted steps left.
[mcmc] Progress @ 2025-11-30 17:11:58 : 218 steps taken -- still burning in, 99 accepted steps left.
rho_final=1.07e+02
BG_FUNC: a=1.67e-11 V=7.79e-02 factor_V=2.45e+58 factor_rho=5.62e-56 rho_eV2=1.91e+57 rho_final=1.07e+02
BG_FUNC: a=6.62e-10 V=7.79e-02 factor_V=2.45e+58 factor_rho=5.62e-56 rho_eV2=1.91e+57 rho_final=1.07e+02
BG_FUNC: a=2.63e-08 V=7.79e-02 factor_V=2.45e+58 factor_rho=5.62e-56 rho_eV2=1.91e+57 rho_final=1.07e+02
BG_FUNC: a=1.04e-06 V=7.79e-02 factor_V=2.45e+58 factor_rho=5.62e-56 rho_eV2=1.91e+57 rho_final=1.07e+02
BG_FUNC: a=4.12e-05 V=7.78e-02 factor_V=2.45e+58 factor_rho=5.62e-56 rho_eV2=1.90e+57 rho_final=1.07e+02
RIDDER SWITCHING: z_osc = 4211.45, a_osc = 2.373913e-04
DEBUG: Ridder field ENABLED. Lambda = 1.142652e+00
DEBUG: Ridder field ENABLED. Lambda = 1.142652e+00
BG_FUNC: a=6.15e-14 V=1.66e-01 factor_V=2.45e+58 factor_rho=5.62e-56 rho_eV2=4.05e+57 rho_final=2.28e+02
BG_FUNC: a=2.36e-12 V=1.66e-01 factor_V=2.45e+58 factor_rho=5.62e-56 rho_eV2=4.05e+57 rho_final=2.28e+02
BG_FUNC: a=9.34e-11 V=1.66e-01 factor_V=2.45e+58 factor_rho=5.62e-56 rho_eV2=4.05e+57 rho_final=2.28e+02
BG_FUNC: a=3.70e-09 V=1.66e-01 factor_V=2.45e+58 factor_rho=5.62e-56 rho_eV2=4.05e+57 rho_final=2.28e+02
BG_FUNC: a=1.47e-07 V=1.66e-01 factor_V=2.45e+58 factor_rho=5.62e-56 rho_eV2=4.05e+57 rho_final=2.28e+02
BG_FUNC: a=5.82e-06 V=1.66e-01 factor_V=2.45e+58 factor_rho=5.62e-56 rho_eV2=4.05e+57 rho_final=2.28e+02
RIDDER SWITCHING: z_osc = 5243.47, a_osc = 1.906772e-04
DEBUG: Ridder field ENABLED. Lambda = 7.328226e-01
DEBUG: Ridder field ENABLED. Lambda = 7.328226e-01
BG_FUNC: a=1.12e-14 V=2.80e-02 factor_V=2.45e+58 factor_rho=5.62e-56 rho_eV2=6.85e+56 rho_final=3.85e+01
BG_FUNC: a=4.14e-13 V=2.80e-02 factor_V=2.45e+58 factor_rho=5.62e-56 rho_eV2=6.85e+56 rho_final=3.85e+01
BG_FUNC: a=1.65e-11 V=2.80e-02 factor_V=2.45e+58 factor_rho=5.62e-56 rho_eV2=6.85e+56 rho_final=3.85e+01
BG_FUNC: a=6.54e-10 V=2.80e-02 factor_V=2.45e+58 factor_rho=5.62e-56 rho_eV2=6.85e+56 rho_final=3.85e+01
BG_FUNC: a=2.60e-08 V=2.80e-02 factor_V=2.45e+58 factor_rho=5.62e-56 rho_eV2=6.85e+56 rho_final=3.85e+01
BG_FUNC: a=1.03e-06 V=2.80e-02 factor_V=2.45e+58 factor_rho=5.62e-56 rho_eV2=6.85e+56 rho_final=3.85e+01
BG_FUNC: a=4.10e-05 V=2.80e-02 factor_V=2.45e+58 factor_rho=5.62e-56 rho_eV2=6.85e+56 rho_final=3.85e+01
RIDDER SWITCHING: z_osc = 3136.02, a_osc = 3.187735e-04
DEBUG: Ridder field ENABLED. Lambda = 9.175057e-01
DEBUG: Ridder field ENABLED. Lambda = 9.175057e-01
BG_FUNC: a=4.55e-14 V=6.88e-02 factor_V=2.45e+58 factor_rho=5.62e-56 rho_eV2=1.68e+57 rho_final=9.46e+01
BG_FUNC: a=1.73e-12 V=6.88e-02 factor_V=2.45e+58 factor_rho=5.62e-56 rho_eV2=1.68e+57 rho_final=9.46e+01
BG_FUNC: a=6.88e-11 V=6.88e-02 factor_V=2.45e+58 factor_rho=5.62e-56 rho_eV2=1.68e+57 rho_final=9.46e+01
BG_FUNC: a=2.75e-09 V=6.88e-02 factor_V=2.45e+58 factor_rho=5.62e-56 rho_eV2=1.68e+57 rho_final=9.46e+01
BG_FUNC: a=1.08e-07 V=6.88e-02 factor_V=2.45e+58 factor_rho=5.62e-56 rho_eV2=1.68e+57 rho_final=9.46e+01
BG_FUNC: a=4.30e-06 V=6.88e-02 factor_V=2.45e+58 factor_rho=5.62e-56 rho_eV2=1.68e+57 rho_final=9.46e+01
BG_FUNC: a=1.69e-04 V=5.08e-02 factor_V=2.45e+58 factor_rho=5.62e-56 rho_eV2=1.40e+57 rho_final=7.86e+01
RIDDER SWITCHING: z_osc = 4070.24, a_osc = 2.456252e-04
DEBUG: Ridder field ENABLED. Lambda = 1.390514e+00
DEBUG: Ridder field ENABLED. Lambda = 1.390514e+00
BG_FUNC: a=2.36e-13 V=3.63e-01 factor_V=2.45e+58 factor_rho=5.62e-56 rho_eV2=8.88e+57 rho_final=4.99e+02
BG_FUNC: a=9.45e-12 V=3.63e-01 factor_V=2.45e+58 factor_rho=5.62e-56 rho_eV2=8.88e+57 rho_final=4.99e+02
BG_FUNC: a=3.78e-10 V=3.63e-01 factor_V=2.45e+58 factor_rho=5.62e-56 rho_eV2=8.88e+57 rho_final=4.99e+02
BG_FUNC: a=1.51e-08 V=3.63e-01 factor_V=2.45e+58 factor_rho=5.62e-56 rho_eV2=8.88e+57 rho_final=4.99e+02
BG_FUNC: a=6.06e-07 V=3.63e-01 factor_V=2.45e+58 factor_rho=5.62e-56 rho_eV2=8.88e+57 rho_final=4.99e+02
BG_FUNC: a=2.43e-05 V=3.63e-01 factor_V=2.45e+58 factor_rho=5.62e-56 rho_eV2=8.88e+57 rho_final=4.99e+02
RIDDER SWITCHING: z_osc = 6554.63, a_osc = 1.525406e-04
DEBUG: Ridder field ENABLED. Lambda = 1.000000e+00
DEBUG: Ridder field ENABLED. Lambda = 1.000000e+00
BG_FUNC: a=5.65e-14 V=9.71e-02 f[mcmc] Progress @ 2025-11-30 17:13:03 : 263 steps taken -- still burning in, 82 accepted steps left.
[mcmc] Progress @ 2025-11-30 17:14:19 : 301 steps taken -- still burning in, 72 accepted steps left.
actor_V=2.45e+58 factor_rho=5.62e-56 rho_eV2=2.38e+57 rho_final=1.34e+02
BG_FUNC: a=2.16e-12 V=9.71e-02 factor_V=2.45e+58 factor_rho=5.62e-56 rho_eV2=2.38e+57 rho_final=1.34e+02
BG_FUNC: a=8.69e-11 V=9.71e-02 factor_V=2.45e+58 factor_rho=5.62e-56 rho_eV2=2.38e+57 rho_final=1.34e+02
BG_FUNC: a=3.49e-09 V=9.71e-02 factor_V=2.45e+58 factor_rho=5.62e-56 rho_eV2=2.38e+57 rho_final=1.34e+02
BG_FUNC: a=1.40e-07 V=9.71e-02 factor_V=2.45e+58 factor_rho=5.62e-56 rho_eV2=2.38e+57 rho_final=1.34e+02
BG_FUNC: a=5.63e-06 V=9.71e-02 factor_V=2.45e+58 factor_rho=5.62e-56 rho_eV2=2.38e+57 rho_final=1.34e+02
BG_FUNC: a=2.20e-04 V=3.45e-02 factor_V=2.45e+58 factor_rho=5.62e-56 rho_eV2=1.27e+57 rho_final=7.12e+01
RIDDER SWITCHING: z_osc = 4485.91, a_osc = 2.228707e-04
DEBUG: Ridder field ENABLED. Lambda = 1.036954e+00
DEBUG: Ridder field ENABLED. Lambda = 1.036954e+00
BG_FUNC: a=3.45e-13 V=1.12e-01 factor_V=2.45e+58 factor_rho=5.62e-56 rho_eV2=2.75e+57 rho_final=1.54e+02
BG_FUNC: a=1.37e-11 V=1.12e-01 factor_V=2.45e+58 factor_rho=5.62e-56 rho_eV2=2.75e+57 rho_final=1.54e+02
BG_FUNC: a=5.44e-10 V=1.12e-01 factor_V=2.45e+58 factor_rho=5.62e-56 rho_eV2=2.75e+57 rho_final=1.54e+02
BG_FUNC: a=2.16e-08 V=1.12e-01 factor_V=2.45e+58 factor_rho=5.62e-56 rho_eV2=2.75e+57 rho_final=1.54e+02
BG_FUNC: a=8.59e-07 V=1.12e-01 factor_V=2.45e+58 factor_rho=5.62e-56 rho_eV2=2.75e+57 rho_final=1.54e+02
BG_FUNC: a=3.41e-05 V=1.12e-01 factor_V=2.45e+58 factor_rho=5.62e-56 rho_eV2=2.74e+57 rho_final=1.54e+02
RIDDER SWITCHING: z_osc = 4685.05, a_osc = 2.133991e-04
DEBUG: Ridder field ENABLED. Lambda = 1.000000e+00
DEBUG: Ridder field ENABLED. Lambda = 1.000000e+00
BG_FUNC: a=5.66e-14 V=9.71e-02 factor_V=2.45e+58 factor_rho=5.62e-56 rho_eV2=2.38e+57 rho_final=1.34e+02
BG_FUNC: a=2.14e-12 V=9.71e-02 factor_V=2.45e+58 factor_rho=5.62e-56 rho_eV2=2.38e+57 rho_final=1.34e+02
BG_FUNC: a=8.50e-11 V=9.71e-02 factor_V=2.45e+58 factor_rho=5.62e-56 rho_eV2=2.38e+57 rho_final=1.34e+02
BG_FUNC: a=3.37e-09 V=9.71e-02 factor_V=2.45e+58 factor_rho=5.62e-56 rho_eV2=2.38e+57 rho_final=1.34e+02
BG_FUNC: a=1.33e-07 V=9.71e-02 factor_V=2.45e+58 factor_rho=5.62e-56 rho_eV2=2.38e+57 rho_final=1.34e+02
BG_FUNC: a=5.28e-06 V=9.71e-02 factor_V=2.45e+58 factor_rho=5.62e-56 rho_eV2=2.38e+57 rho_final=1.34e+02
BG_FUNC: a=2.05e-04 V=4.30e-02 factor_V=2.45e+58 factor_rho=5.62e-56 rho_eV2=1.45e+57 rho_final=8.12e+01
RIDDER SWITCHING: z_osc = 4508.44, a_osc = 2.217570e-04
DEBUG: Ridder field ENABLED. Lambda = 1.000121e+00
DEBUG: Ridder field ENABLED. Lambda = 1.000121e+00
BG_FUNC: a=3.21e-13 V=9.72e-02 factor_V=2.45e+58 factor_rho=5.62e-56 rho_eV2=2.38e+57 rho_final=1.34e+02
BG_FUNC: a=1.27e-11 V=9.72e-02 factor_V=2.45e+58 factor_rho=5.62e-56 rho_eV2=2.38e+57 rho_final=1.34e+02
BG_FUNC: a=5.06e-10 V=9.72e-02 factor_V=2.45e+58 factor_rho=5.62e-56 rho_eV2=2.38e+57 rho_final=1.34e+02
BG_FUNC: a=2.03e-08 V=9.72e-02 factor_V=2.45e+58 factor_rho=5.62e-56 rho_eV2=2.38e+57 rho_final=1.34e+02
BG_FUNC: a=7.99e-07 V=9.72e-02 factor_V=2.45e+58 factor_rho=5.62e-56 rho_eV2=2.38e+57 rho_final=1.34e+02
BG_FUNC: a=3.17e-05 V=9.71e-02 factor_V=2.45e+58 factor_rho=5.62e-56 rho_eV2=2.38e+57 rho_final=1.34e+02
RIDDER SWITCHING: z_osc = 4505.57, a_osc = 2.218985e-04
DEBUG: Ridder field ENABLED. Lambda = 4.762909e-01
DEBUG: Ridder field ENABLED. Lambda = 4.762909e-01
BG_FUNC: a=5.04e-14 V=5.00e-03 factor_V=2.45e+58 factor_rho=5.62e-56 rho_eV2=1.22e+56 rho_final=6.87e+00
BG_FUNC: a=1.98e-12 V=5.00e-03 factor_V=2.45e+58 factor_rho=5.62e-56 rho_eV2=1.22e+56 rho_final=6.87e+00
BG_FUNC: a=8.11e-11 V=5.00e-03 factor_V=2.45e+58 factor_rho=5.62e-56 rho_eV2=1.22e+56 rho_final=6.87e+00
BG_FUNC: a=3.36e-09 V=5.00e-03 factor_V=2.45e+58 factor_rho=5.62e-56 rho_eV2=1.22e+56 rho_final=6.87e+00
BG_FUNC: a=1.37e-07 V=5.00e-03 factor_V=2.45e+58 factor_rho=5.62e-56 rho_eV2=1.22e+56 rho_final=6.87e+00
BG_FUNC: a=5.60e-06 V=5.00e-03 factor_V=2.45e+58 factor_rho=5.62e-56 rho_eV2=1.22e+56 rho_final=6.87e+00
BG_FUNC: a=2.27e-04 V=4.67e-03 factor_V=2.45e+58 factor_rho=5.62e-56 rho_eV2=1.17e+56 rho_final=6.59e+00
RIDDER SWITCHING: z_osc = 1850.[mcmc] Progress @ 2025-11-30 17:15:35 : 335 steps taken -- still burning in, 65 accepted steps left.
[mcmc] Progress @ 2025-11-30 17:16:36 : 375 steps taken -- still burning in, 52 accepted steps left.
36, a_osc = 5.401437e-04
DEBUG: Ridder field ENABLED. Lambda = 1.027924e+00
DEBUG: Ridder field ENABLED. Lambda = 1.027924e+00
BG_FUNC: a=1.43e-13 V=1.08e-01 factor_V=2.45e+58 factor_rho=5.62e-56 rho_eV2=2.65e+57 rho_final=1.49e+02
BG_FUNC: a=5.68e-12 V=1.08e-01 factor_V=2.45e+58 factor_rho=5.62e-56 rho_eV2=2.65e+57 rho_final=1.49e+02
BG_FUNC: a=2.26e-10 V=1.08e-01 factor_V=2.45e+58 factor_rho=5.62e-56 rho_eV2=2.65e+57 rho_final=1.49e+02
BG_FUNC: a=8.97e-09 V=1.08e-01 factor_V=2.45e+58 factor_rho=5.62e-56 rho_eV2=2.65e+57 rho_final=1.49e+02
BG_FUNC: a=3.56e-07 V=1.08e-01 factor_V=2.45e+58 factor_rho=5.62e-56 rho_eV2=2.65e+57 rho_final=1.49e+02
BG_FUNC: a=1.42e-05 V=1.08e-01 factor_V=2.45e+58 factor_rho=5.62e-56 rho_eV2=2.65e+57 rho_final=1.49e+02
RIDDER SWITCHING: z_osc = 4652.30, a_osc = 2.149010e-04
DEBUG: Ridder field ENABLED. Lambda = 8.203605e-01
DEBUG: Ridder field ENABLED. Lambda = 8.203605e-01
BG_FUNC: a=2.36e-14 V=4.40e-02 factor_V=2.45e+58 factor_rho=5.62e-56 rho_eV2=1.08e+57 rho_final=6.05e+01
BG_FUNC: a=8.95e-13 V=4.40e-02 factor_V=2.45e+58 factor_rho=5.62e-56 rho_eV2=1.08e+57 rho_final=6.05e+01
BG_FUNC: a=3.58e-11 V=4.40e-02 factor_V=2.45e+58 factor_rho=5.62e-56 rho_eV2=1.08e+57 rho_final=6.05e+01
BG_FUNC: a=1.43e-09 V=4.40e-02 factor_V=2.45e+58 factor_rho=5.62e-56 rho_eV2=1.08e+57 rho_final=6.05e+01
BG_FUNC: a=5.72e-08 V=4.40e-02 factor_V=2.45e+58 factor_rho=5.62e-56 rho_eV2=1.08e+57 rho_final=6.05e+01
BG_FUNC: a=2.29e-06 V=4.40e-02 factor_V=2.45e+58 factor_rho=5.62e-56 rho_eV2=1.08e+57 rho_final=6.05e+01
BG_FUNC: a=9.10e-05 V=4.31e-02 factor_V=2.45e+58 factor_rho=5.62e-56 rho_eV2=1.06e+57 rho_final=5.98e+01
RIDDER SWITCHING: z_osc = 3571.03, a_osc = 2.799525e-04
DEBUG: Ridder field ENABLED. Lambda = 6.623873e-01
DEBUG: Ridder field ENABLED. Lambda = 6.623873e-01
BG_FUNC: a=1.10e-13 V=1.87e-02 factor_V=2.45e+58 factor_rho=5.62e-56 rho_eV2=4.57e+56 rho_final=2.57e+01
BG_FUNC: a=4.37e-12 V=1.87e-02 factor_V=2.45e+58 factor_rho=5.62e-56 rho_eV2=4.57e+56 rho_final=2.57e+01
BG_FUNC: a=1.74e-10 V=1.87e-02 factor_V=2.45e+58 factor_rho=5.62e-56 rho_eV2=4.57e+56 rho_final=2.57e+01
BG_FUNC: a=6.90e-09 V=1.87e-02 factor_V=2.45e+58 factor_rho=5.62e-56 rho_eV2=4.57e+56 rho_final=2.57e+01
BG_FUNC: a=2.74e-07 V=1.87e-02 factor_V=2.45e+58 factor_rho=5.62e-56 rho_eV2=4.57e+56 rho_final=2.57e+01
BG_FUNC: a=1.09e-05 V=1.87e-02 factor_V=2.45e+58 factor_rho=5.62e-56 rho_eV2=4.57e+56 rho_final=2.57e+01
RIDDER SWITCHING: z_osc = 2779.08, a_osc = 3.597018e-04
DEBUG: Ridder field ENABLED. Lambda = 1.150633e+00
DEBUG: Ridder field ENABLED. Lambda = 1.150633e+00
BG_FUNC: a=1.10e-14 V=1.70e-01 factor_V=2.45e+58 factor_rho=5.62e-56 rho_eV2=4.16e+57 rho_final=2.34e+02
BG_FUNC: a=4.14e-13 V=1.70e-01 factor_V=2.45e+58 factor_rho=5.62e-56 rho_eV2=4.16e+57 rho_final=2.34e+02
BG_FUNC: a=1.65e-11 V=1.70e-01 factor_V=2.45e+58 factor_rho=5.62e-56 rho_eV2=4.16e+57 rho_final=2.34e+02
BG_FUNC: a=6.58e-10 V=1.70e-01 factor_V=2.45e+58 factor_rho=5.62e-56 rho_eV2=4.16e+57 rho_final=2.34e+02
BG_FUNC: a=2.62e-08 V=1.70e-01 factor_V=2.45e+58 factor_rho=5.62e-56 rho_eV2=4.16e+57 rho_final=2.34e+02
BG_FUNC: a=1.04e-06 V=1.70e-01 factor_V=2.45e+58 factor_rho=5.62e-56 rho_eV2=4.16e+57 rho_final=2.34e+02
BG_FUNC: a=4.12e-05 V=1.70e-01 factor_V=2.45e+58 factor_rho=5.62e-56 rho_eV2=4.15e+57 rho_final=2.34e+02
RIDDER SWITCHING: z_osc = 5337.73, a_osc = 1.873104e-04
DEBUG: Ridder field ENABLED. Lambda = 8.608634e-01
DEBUG: Ridder field ENABLED. Lambda = 8.608634e-01
BG_FUNC: a=7.74e-14 V=5.34e-02 factor_V=2.45e+58 factor_rho=5.62e-56 rho_eV2=1.30e+57 rho_final=7.33e+01
BG_FUNC: a=3.03e-12 V=5.34e-02 factor_V=2.45e+58 factor_rho=5.62e-56 rho_eV2=1.30e+57 rho_final=7.33e+01
BG_FUNC: a=1.20e-10 V=5.34e-02 factor_V=2.45e+58 factor_rho=5.62e-56 rho_eV2=1.30e+57 rho_final=7.33e+01
BG_FUNC: a=4.81e-09 V=5.34e-02 factor_V=2.45e+58 factor_rho=5.62e-56 rho_eV2=1.30e+57 rho_final=7.33e+01
BG_FUNC: a=1.93e-07 V=5.34e-02 factor_V=2.45e+58 factor_rho=5.62e-56 rho_eV2=1.30e+57 rho_final=7.33e+01
BG_FUNC: a=7.72e-06 V=5.34e-02 factor_V=2.45e+58 factor_rho=5.62e-56 rho_eV2=1.30e[mcmc] Progress @ 2025-11-30 17:17:51 : 401 steps taken -- still burning in, 44 accepted steps left.
[mcmc] Progress @ 2025-11-30 17:18:51 : 437 steps taken -- still burning in, 38 accepted steps left.
+57 rho_final=7.33e+01
RIDDER SWITCHING: z_osc = 3785.54, a_osc = 2.640936e-04
DEBUG: Ridder field ENABLED. Lambda = 1.000121e+00
DEBUG: Ridder field ENABLED. Lambda = 1.000121e+00
BG_FUNC: a=1.08e-14 V=9.72e-02 factor_V=2.45e+58 factor_rho=5.62e-56 rho_eV2=2.38e+57 rho_final=1.34e+02
BG_FUNC: a=4.02e-13 V=9.72e-02 factor_V=2.45e+58 factor_rho=5.62e-56 rho_eV2=2.38e+57 rho_final=1.34e+02
BG_FUNC: a=1.63e-11 V=9.72e-02 factor_V=2.45e+58 factor_rho=5.62e-56 rho_eV2=2.38e+57 rho_final=1.34e+02
BG_FUNC: a=6.55e-10 V=9.72e-02 factor_V=2.45e+58 factor_rho=5.62e-56 rho_eV2=2.38e+57 rho_final=1.34e+02
BG_FUNC: a=2.61e-08 V=9.72e-02 factor_V=2.45e+58 factor_rho=5.62e-56 rho_eV2=2.38e+57 rho_final=1.34e+02
BG_FUNC: a=1.05e-06 V=9.72e-02 factor_V=2.45e+58 factor_rho=5.62e-56 rho_eV2=2.38e+57 rho_final=1.34e+02
BG_FUNC: a=4.21e-05 V=9.70e-02 factor_V=2.45e+58 factor_rho=5.62e-56 rho_eV2=2.37e+57 rho_final=1.33e+02
RIDDER SWITCHING: z_osc = 4510.94, a_osc = 2.216343e-04
DEBUG: Ridder field ENABLED. Lambda = 1.013016e+00
DEBUG: Ridder field ENABLED. Lambda = 1.013016e+00
BG_FUNC: a=6.70e-14 V=1.02e-01 factor_V=2.45e+58 factor_rho=5.62e-56 rho_eV2=2.50e+57 rho_final=1.41e+02
BG_FUNC: a=2.57e-12 V=1.02e-01 factor_V=2.45e+58 factor_rho=5.62e-56 rho_eV2=2.50e+57 rho_final=1.41e+02
BG_FUNC: a=1.02e-10 V=1.02e-01 factor_V=2.45e+58 factor_rho=5.62e-56 rho_eV2=2.50e+57 rho_final=1.41e+02
BG_FUNC: a=4.03e-09 V=1.02e-01 factor_V=2.45e+58 factor_rho=5.62e-56 rho_eV2=2.50e+57 rho_final=1.41e+02
BG_FUNC: a=1.60e-07 V=1.02e-01 factor_V=2.45e+58 factor_rho=5.62e-56 rho_eV2=2.50e+57 rho_final=1.41e+02
BG_FUNC: a=6.34e-06 V=1.02e-01 factor_V=2.45e+58 factor_rho=5.62e-56 rho_eV2=2.50e+57 rho_final=1.41e+02
RIDDER SWITCHING: z_osc = 4581.21, a_osc = 2.182351e-04
DEBUG: Ridder field ENABLED. Lambda = 7.655055e-01
DEBUG: Ridder field ENABLED. Lambda = 7.655055e-01
BG_FUNC: a=1.06e-14 V=3.34e-02 factor_V=2.45e+58 factor_rho=5.62e-56 rho_eV2=8.16e+56 rho_final=4.59e+01
BG_FUNC: a=3.92e-13 V=3.34e-02 factor_V=2.45e+58 factor_rho=5.62e-56 rho_eV2=8.16e+56 rho_final=4.59e+01
BG_FUNC: a=1.56e-11 V=3.34e-02 factor_V=2.45e+58 factor_rho=5.62e-56 rho_eV2=8.16e+56 rho_final=4.59e+01
BG_FUNC: a=6.18e-10 V=3.34e-02 factor_V=2.45e+58 factor_rho=5.62e-56 rho_eV2=8.16e+56 rho_final=4.59e+01
BG_FUNC: a=2.45e-08 V=3.34e-02 factor_V=2.45e+58 factor_rho=5.62e-56 rho_eV2=8.16e+56 rho_final=4.59e+01
BG_FUNC: a=9.74e-07 V=3.34e-02 factor_V=2.45e+58 factor_rho=5.62e-56 rho_eV2=8.16e+56 rho_final=4.59e+01
BG_FUNC: a=3.90e-05 V=3.33e-02 factor_V=2.45e+58 factor_rho=5.62e-56 rho_eV2=8.15e+56 rho_final=4.58e+01
RIDDER SWITCHING: z_osc = 3291.65, a_osc = 3.037067e-04
DEBUG: Ridder field ENABLED. Lambda = 1.005892e+00
DEBUG: Ridder field ENABLED. Lambda = 1.005892e+00
BG_FUNC: a=4.50e-14 V=9.95e-02 factor_V=2.45e+58 factor_rho=5.62e-56 rho_eV2=2.43e+57 rho_final=1.37e+02
BG_FUNC: a=1.71e-12 V=9.95e-02 factor_V=2.45e+58 factor_rho=5.62e-56 rho_eV2=2.43e+57 rho_final=1.37e+02
BG_FUNC: a=6.78e-11 V=9.95e-02 factor_V=2.45e+58 factor_rho=5.62e-56 rho_eV2=2.43e+57 rho_final=1.37e+02
BG_FUNC: a=2.69e-09 V=9.95e-02 factor_V=2.45e+58 factor_rho=5.62e-56 rho_eV2=2.43e+57 rho_final=1.37e+02
BG_FUNC: a=1.07e-07 V=9.95e-02 factor_V=2.45e+58 factor_rho=5.62e-56 rho_eV2=2.43e+57 rho_final=1.37e+02
BG_FUNC: a=4.22e-06 V=9.95e-02 factor_V=2.45e+58 factor_rho=5.62e-56 rho_eV2=2.43e+57 rho_final=1.37e+02
BG_FUNC: a=1.66e-04 V=6.61e-02 factor_V=2.45e+58 factor_rho=5.62e-56 rho_eV2=1.89e+57 rho_final=1.06e+02
RIDDER SWITCHING: z_osc = 4541.23, a_osc = 2.201560e-04
DEBUG: Ridder field ENABLED. Lambda = 1.177548e+00
DEBUG: Ridder field ENABLED. Lambda = 1.177548e+00
BG_FUNC: a=2.58e-13 V=1.87e-01 factor_V=2.45e+58 factor_rho=5.62e-56 rho_eV2=4.57e+57 rho_final=2.57e+02
BG_FUNC: a=1.03e-11 V=1.87e-01 factor_V=2.45e+58 factor_rho=5.62e-56 rho_eV2=4.57e+57 rho_final=2.57e+02
BG_FUNC: a=4.07e-10 V=1.87e-01 factor_V=2.45e+58 factor_rho=5.62e-56 rho_eV2=4.57e+57 rho_final=2.57e+02
BG_FUNC: a=1.62e-08 V=1.87e-01 factor_V=2.45e+58 factor_rho=5.62e-56 rho_eV2=4.57e+57 rho_final=2.57e+02
BG_FUNC: a=6.42e-07 V=1.87e-[mcmc] Progress @ 2025-11-30 17:20:07 : 464 steps taken -- still burning in, 30 accepted steps left.
[mcmc] Progress @ 2025-11-30 17:21:07 : 500 steps taken -- still burning in, 24 accepted steps left.
01 factor_V=2.45e+58 factor_rho=5.62e-56 rho_eV2=4.57e+57 rho_final=2.57e+02
BG_FUNC: a=2.55e-05 V=1.87e-01 factor_V=2.45e+58 factor_rho=5.62e-56 rho_eV2=4.57e+57 rho_final=2.57e+02
RIDDER SWITCHING: z_osc = 5419.35, a_osc = 1.844900e-04
DEBUG: Ridder field ENABLED. Lambda = 1.067169e+00
DEBUG: Ridder field ENABLED. Lambda = 1.067169e+00
BG_FUNC: a=4.88e-14 V=1.26e-01 factor_V=2.45e+58 factor_rho=5.62e-56 rho_eV2=3.08e+57 rho_final=1.73e+02
BG_FUNC: a=1.86e-12 V=1.26e-01 factor_V=2.45e+58 factor_rho=5.62e-56 rho_eV2=3.08e+57 rho_final=1.73e+02
BG_FUNC: a=7.37e-11 V=1.26e-01 factor_V=2.45e+58 factor_rho=5.62e-56 rho_eV2=3.08e+57 rho_final=1.73e+02
BG_FUNC: a=2.92e-09 V=1.26e-01 factor_V=2.45e+58 factor_rho=5.62e-56 rho_eV2=3.08e+57 rho_final=1.73e+02
BG_FUNC: a=1.16e-07 V=1.26e-01 factor_V=2.45e+58 factor_rho=5.62e-56 rho_eV2=3.08e+57 rho_final=1.73e+02
BG_FUNC: a=4.59e-06 V=1.26e-01 factor_V=2.45e+58 factor_rho=5.62e-56 rho_eV2=3.08e+57 rho_final=1.73e+02
BG_FUNC: a=1.78e-04 V=6.57e-02 factor_V=2.45e+58 factor_rho=5.62e-56 rho_eV2=2.07e+57 rho_final=1.17e+02
RIDDER SWITCHING: z_osc = 4852.59, a_osc = 2.060330e-04
DEBUG: Ridder field ENABLED. Lambda = 9.494258e-01
DEBUG: Ridder field ENABLED. Lambda = 9.494258e-01
BG_FUNC: a=3.01e-13 V=7.89e-02 factor_V=2.45e+58 factor_rho=5.62e-56 rho_eV2=1.93e+57 rho_final=1.09e+02
BG_FUNC: a=1.20e-11 V=7.89e-02 factor_V=2.45e+58 factor_rho=5.62e-56 rho_eV2=1.93e+57 rho_final=1.09e+02
BG_FUNC: a=4.82e-10 V=7.89e-02 factor_V=2.45e+58 factor_rho=5.62e-56 rho_eV2=1.93e+57 rho_final=1.09e+02
BG_FUNC: a=1.93e-08 V=7.89e-02 factor_V=2.45e+58 factor_rho=5.62e-56 rho_eV2=1.93e+57 rho_final=1.09e+02
BG_FUNC: a=7.77e-07 V=7.89e-02 factor_V=2.45e+58 factor_rho=5.62e-56 rho_eV2=1.93e+57 rho_final=1.09e+02
BG_FUNC: a=3.08e-05 V=7.89e-02 factor_V=2.45e+58 factor_rho=5.62e-56 rho_eV2=1.93e+57 rho_final=1.08e+02
RIDDER SWITCHING: z_osc = 4227.88, a_osc = 2.364693e-04
DEBUG: Ridder field ENABLED. Lambda = 1.033275e+00
DEBUG: Ridder field ENABLED. Lambda = 1.033275e+00
BG_FUNC: a=4.63e-14 V=1.11e-01 factor_V=2.45e+58 factor_rho=5.62e-56 rho_eV2=2.71e+57 rho_final=1.52e+02
BG_FUNC: a=1.76e-12 V=1.11e-01 factor_V=2.45e+58 factor_rho=5.62e-56 rho_eV2=2.71e+57 rho_final=1.52e+02
BG_FUNC: a=6.98e-11 V=1.11e-01 factor_V=2.45e+58 factor_rho=5.62e-56 rho_eV2=2.71e+57 rho_final=1.52e+02
BG_FUNC: a=2.77e-09 V=1.11e-01 factor_V=2.45e+58 factor_rho=5.62e-56 rho_eV2=2.71e+57 rho_final=1.52e+02
BG_FUNC: a=1.10e-07 V=1.11e-01 factor_V=2.45e+58 factor_rho=5.62e-56 rho_eV2=2.71e+57 rho_final=1.52e+02
BG_FUNC: a=4.39e-06 V=1.11e-01 factor_V=2.45e+58 factor_rho=5.62e-56 rho_eV2=2.71e+57 rho_final=1.52e+02
BG_FUNC: a=1.70e-04 V=6.85e-02 factor_V=2.45e+58 factor_rho=5.62e-56 rho_eV2=2.02e+57 rho_final=1.13e+02
RIDDER SWITCHING: z_osc = 4660.09, a_osc = 2.145422e-04
DEBUG: Ridder field ENABLED. Lambda = 7.995074e-01
DEBUG: Ridder field ENABLED. Lambda = 7.995074e-01
BG_FUNC: a=2.77e-13 V=3.97e-02 factor_V=2.45e+58 factor_rho=5.62e-56 rho_eV2=9.71e+56 rho_final=5.46e+01
BG_FUNC: a=1.10e-11 V=3.97e-02 factor_V=2.45e+58 factor_rho=5.62e-56 rho_eV2=9.71e+56 rho_final=5.46e+01
BG_FUNC: a=4.38e-10 V=3.97e-02 factor_V=2.45e+58 factor_rho=5.62e-56 rho_eV2=9.71e+56 rho_final=5.46e+01
BG_FUNC: a=1.75e-08 V=3.97e-02 factor_V=2.45e+58 factor_rho=5.62e-56 rho_eV2=9.71e+56 rho_final=5.46e+01
BG_FUNC: a=6.98e-07 V=3.97e-02 factor_V=2.45e+58 factor_rho=5.62e-56 rho_eV2=9.71e+56 rho_final=5.46e+01
BG_FUNC: a=2.79e-05 V=3.97e-02 factor_V=2.45e+58 factor_rho=5.62e-56 rho_eV2=9.70e+56 rho_final=5.46e+01
RIDDER SWITCHING: z_osc = 3453.50, a_osc = 2.894772e-04
DEBUG: Ridder field ENABLED. Lambda = 9.494258e-01
DEBUG: Ridder field ENABLED. Lambda = 9.494258e-01
BG_FUNC: a=3.45e-14 V=7.89e-02 factor_V=2.45e+58 factor_rho=5.62e-56 rho_eV2=1.93e+57 rho_final=1.09e+02
BG_FUNC: a=1.32e-12 V=7.89e-02 factor_V=2.45e+58 factor_rho=5.62e-56 rho_eV2=1.93e+57 rho_final=1.09e+02
BG_FUNC: a=5.26e-11 V=7.89e-02 factor_V=2.45e+58 factor_rho=5.62e-56 rho_eV2=1.93e+57 rho_final=1.09e+02
BG_FUNC: a=2.11e-09 V=7.89e-02 factor_V=2.45e+58 factor_rho=5.62e-56 rho_eV2=1.[mcmc] Progress @ 2025-11-30 17:22:08 : 535 steps taken -- still burning in, 18 accepted steps left.
[mcmc] Progress @ 2025-11-30 17:23:22 : 558 steps taken -- still burning in, 15 accepted steps left.
93e+57 rho_final=1.09e+02
BG_FUNC: a=8.42e-08 V=7.89e-02 factor_V=2.45e+58 factor_rho=5.62e-56 rho_eV2=1.93e+57 rho_final=1.09e+02
BG_FUNC: a=3.36e-06 V=7.89e-02 factor_V=2.45e+58 factor_rho=5.62e-56 rho_eV2=1.93e+57 rho_final=1.09e+02
BG_FUNC: a=1.34e-04 V=6.81e-02 factor_V=2.45e+58 factor_rho=5.62e-56 rho_eV2=1.76e+57 rho_final=9.91e+01
RIDDER SWITCHING: z_osc = 4227.88, a_osc = 2.364693e-04
DEBUG: Ridder field ENABLED. Lambda = 8.825248e-01
DEBUG: Ridder field ENABLED. Lambda = 8.825248e-01
BG_FUNC: a=1.94e-13 V=5.89e-02 factor_V=2.45e+58 factor_rho=5.62e-56 rho_eV2=1.44e+57 rho_final=8.10e+01
BG_FUNC: a=7.70e-12 V=5.89e-02 factor_V=2.45e+58 factor_rho=5.62e-56 rho_eV2=1.44e+57 rho_final=8.10e+01
BG_FUNC: a=3.06e-10 V=5.89e-02 factor_V=2.45e+58 factor_rho=5.62e-56 rho_eV2=1.44e+57 rho_final=8.10e+01
BG_FUNC: a=1.21e-08 V=5.89e-02 factor_V=2.45e+58 factor_rho=5.62e-56 rho_eV2=1.44e+57 rho_final=8.10e+01
BG_FUNC: a=4.82e-07 V=5.89e-02 factor_V=2.45e+58 factor_rho=5.62e-56 rho_eV2=1.44e+57 rho_final=8.10e+01
BG_FUNC: a=1.91e-05 V=5.89e-02 factor_V=2.45e+58 factor_rho=5.62e-56 rho_eV2=1.44e+57 rho_final=8.10e+01
RIDDER SWITCHING: z_osc = 3886.82, a_osc = 2.572135e-04
DEBUG: Ridder field ENABLED. Lambda = 9.146787e-01
DEBUG: Ridder field ENABLED. Lambda = 9.146787e-01
BG_FUNC: a=2.66e-14 V=6.80e-02 factor_V=2.45e+58 factor_rho=5.62e-56 rho_eV2=1.66e+57 rho_final=9.35e+01
BG_FUNC: a=1.01e-12 V=6.80e-02 factor_V=2.45e+58 factor_rho=5.62e-56 rho_eV2=1.66e+57 rho_final=9.35e+01
BG_FUNC: a=4.04e-11 V=6.80e-02 factor_V=2.45e+58 factor_rho=5.62e-56 rho_eV2=1.66e+57 rho_final=9.35e+01
BG_FUNC: a=1.62e-09 V=6.80e-02 factor_V=2.45e+58 factor_rho=5.62e-56 rho_eV2=1.66e+57 rho_final=9.35e+01
BG_FUNC: a=6.47e-08 V=6.80e-02 factor_V=2.45e+58 factor_rho=5.62e-56 rho_eV2=1.66e+57 rho_final=9.35e+01
BG_FUNC: a=2.59e-06 V=6.80e-02 factor_V=2.45e+58 factor_rho=5.62e-56 rho_eV2=1.66e+57 rho_final=9.35e+01
BG_FUNC: a=1.03e-04 V=6.48e-02 factor_V=2.45e+58 factor_rho=5.62e-56 rho_eV2=1.61e+57 rho_final=9.07e+01
RIDDER SWITCHING: z_osc = 4051.77, a_osc = 2.467448e-04
DEBUG: Ridder field ENABLED. Lambda = 1.169888e+00
DEBUG: Ridder field ENABLED. Lambda = 1.169888e+00
BG_FUNC: a=1.43e-13 V=1.82e-01 factor_V=2.45e+58 factor_rho=5.62e-56 rho_eV2=4.45e+57 rho_final=2.50e+02
BG_FUNC: a=5.68e-12 V=1.82e-01 factor_V=2.45e+58 factor_rho=5.62e-56 rho_eV2=4.45e+57 rho_final=2.50e+02
BG_FUNC: a=2.26e-10 V=1.82e-01 factor_V=2.45e+58 factor_rho=5.62e-56 rho_eV2=4.45e+57 rho_final=2.50e+02
BG_FUNC: a=8.97e-09 V=1.82e-01 factor_V=2.45e+58 factor_rho=5.62e-56 rho_eV2=4.45e+57 rho_final=2.50e+02
BG_FUNC: a=3.56e-07 V=1.82e-01 factor_V=2.45e+58 factor_rho=5.62e-56 rho_eV2=4.45e+57 rho_final=2.50e+02
BG_FUNC: a=1.41e-05 V=1.82e-01 factor_V=2.45e+58 factor_rho=5.62e-56 rho_eV2=4.45e+57 rho_final=2.50e+02
RIDDER SWITCHING: z_osc = 5305.57, a_osc = 1.884456e-04
DEBUG: Ridder field ENABLED. Lambda = 8.635459e-01
DEBUG: Ridder field ENABLED. Lambda = 8.635459e-01
BG_FUNC: a=2.67e-14 V=5.40e-02 factor_V=2.45e+58 factor_rho=5.62e-56 rho_eV2=1.32e+57 rho_final=7.43e+01
BG_FUNC: a=1.01e-12 V=5.40e-02 factor_V=2.45e+58 factor_rho=5.62e-56 rho_eV2=1.32e+57 rho_final=7.43e+01
BG_FUNC: a=4.02e-11 V=5.40e-02 factor_V=2.45e+58 factor_rho=5.62e-56 rho_eV2=1.32e+57 rho_final=7.43e+01
BG_FUNC: a=1.60e-09 V=5.40e-02 factor_V=2.45e+58 factor_rho=5.62e-56 rho_eV2=1.32e+57 rho_final=7.43e+01
BG_FUNC: a=6.34e-08 V=5.40e-02 factor_V=2.45e+58 factor_rho=5.62e-56 rho_eV2=1.32e+57 rho_final=7.43e+01
BG_FUNC: a=2.54e-06 V=5.40e-02 factor_V=2.45e+58 factor_rho=5.62e-56 rho_eV2=1.32e+57 rho_final=7.43e+01
BG_FUNC: a=9.98e-05 V=5.22e-02 factor_V=2.45e+58 factor_rho=5.62e-56 rho_eV2=1.29e+57 rho_final=7.27e+01
RIDDER SWITCHING: z_osc = 3780.60, a_osc = 2.644385e-04
DEBUG: Ridder field ENABLED. Lambda = 1.060630e+00
DEBUG: Ridder field ENABLED. Lambda = 1.060630e+00
BG_FUNC: a=1.29e-13 V=1.23e-01 factor_V=2.45e+58 factor_rho=5.62e-56 rho_eV2=3.01e+57 rho_final=1.69e+02
BG_FUNC: a=5.17e-12 V=1.23e-01 factor_V=2.45e+58 factor_rho=5.62e-56 rho_eV2=3.01e+57 rho_final=1.69e+02
BG_FUNC: a=2.04e-10 V=1.2[mcmc] Progress @ 2025-11-30 17:24:33 : 573 steps taken -- still burning in, 13 accepted steps left.
[mcmc] Progress @ 2025-11-30 17:25:33 : 612 steps taken -- still burning in, 5 accepted steps left.
3e-01 factor_V=2.45e+58 factor_rho=5.62e-56 rho_eV2=3.01e+57 rho_final=1.69e+02
BG_FUNC: a=8.08e-09 V=1.23e-01 factor_V=2.45e+58 factor_rho=5.62e-56 rho_eV2=3.01e+57 rho_final=1.69e+02
BG_FUNC: a=3.21e-07 V=1.23e-01 factor_V=2.45e+58 factor_rho=5.62e-56 rho_eV2=3.01e+57 rho_final=1.69e+02
BG_FUNC: a=1.27e-05 V=1.23e-01 factor_V=2.45e+58 factor_rho=5.62e-56 rho_eV2=3.01e+57 rho_final=1.69e+02
RIDDER SWITCHING: z_osc = 4818.67, a_osc = 2.074830e-04
DEBUG: Ridder field ENABLED. Lambda = 9.494258e-01
DEBUG: Ridder field ENABLED. Lambda = 9.494258e-01
BG_FUNC: a=2.21e-14 V=7.89e-02 factor_V=2.45e+58 factor_rho=5.62e-56 rho_eV2=1.93e+57 rho_final=1.09e+02
BG_FUNC: a=8.43e-13 V=7.89e-02 factor_V=2.45e+58 factor_rho=5.62e-56 rho_eV2=1.93e+57 rho_final=1.09e+02
BG_FUNC: a=3.34e-11 V=7.89e-02 factor_V=2.45e+58 factor_rho=5.62e-56 rho_eV2=1.93e+57 rho_final=1.09e+02
BG_FUNC: a=1.34e-09 V=7.89e-02 factor_V=2.45e+58 factor_rho=5.62e-56 rho_eV2=1.93e+57 rho_final=1.09e+02
BG_FUNC: a=5.34e-08 V=7.89e-02 factor_V=2.45e+58 factor_rho=5.62e-56 rho_eV2=1.93e+57 rho_final=1.09e+02
BG_FUNC: a=2.14e-06 V=7.89e-02 factor_V=2.45e+58 factor_rho=5.62e-56 rho_eV2=1.93e+57 rho_final=1.09e+02
BG_FUNC: a=8.53e-05 V=7.68e-02 factor_V=2.45e+58 factor_rho=5.62e-56 rho_eV2=1.90e+57 rho_final=1.07e+02
RIDDER SWITCHING: z_osc = 4227.88, a_osc = 2.364693e-04
DEBUG: Ridder field ENABLED. Lambda = 9.494258e-01
DEBUG: Ridder field ENABLED. Lambda = 9.494258e-01
BG_FUNC: a=1.23e-13 V=7.89e-02 factor_V=2.45e+58 factor_rho=5.62e-56 rho_eV2=1.93e+57 rho_final=1.09e+02
BG_FUNC: a=4.94e-12 V=7.89e-02 factor_V=2.45e+58 factor_rho=5.62e-56 rho_eV2=1.93e+57 rho_final=1.09e+02
BG_FUNC: a=1.99e-10 V=7.89e-02 factor_V=2.45e+58 factor_rho=5.62e-56 rho_eV2=1.93e+57 rho_final=1.09e+02
BG_FUNC: a=7.89e-09 V=7.89e-02 factor_V=2.45e+58 factor_rho=5.62e-56 rho_eV2=1.93e+57 rho_final=1.09e+02
BG_FUNC: a=3.15e-07 V=7.89e-02 factor_V=2.45e+58 factor_rho=5.62e-56 rho_eV2=1.93e+57 rho_final=1.09e+02
BG_FUNC: a=1.26e-05 V=7.89e-02 factor_V=2.45e+58 factor_rho=5.62e-56 rho_eV2=1.93e+57 rho_final=1.09e+02
RIDDER SWITCHING: z_osc = 4227.88, a_osc = 2.364693e-04
DEBUG: Ridder field ENABLED. Lambda = 9.974844e-01
DEBUG: Ridder field ENABLED. Lambda = 9.974844e-01
BG_FUNC: a=1.93e-14 V=9.62e-02 factor_V=2.45e+58 factor_rho=5.62e-56 rho_eV2=2.35e+57 rho_final=1.32e+02
BG_FUNC: a=7.23e-13 V=9.62e-02 factor_V=2.45e+58 factor_rho=5.62e-56 rho_eV2=2.35e+57 rho_final=1.32e+02
BG_FUNC: a=2.86e-11 V=9.62e-02 factor_V=2.45e+58 factor_rho=5.62e-56 rho_eV2=2.35e+57 rho_final=1.32e+02
BG_FUNC: a=1.13e-09 V=9.62e-02 factor_V=2.45e+58 factor_rho=5.62e-56 rho_eV2=2.35e+57 rho_final=1.32e+02
BG_FUNC: a=4.50e-08 V=9.62e-02 factor_V=2.45e+58 factor_rho=5.62e-56 rho_eV2=2.35e+57 rho_final=1.32e+02
BG_FUNC: a=1.78e-06 V=9.62e-02 factor_V=2.45e+58 factor_rho=5.62e-56 rho_eV2=2.35e+57 rho_final=1.32e+02
BG_FUNC: a=7.03e-05 V=9.47e-02 factor_V=2.45e+58 factor_rho=5.62e-56 rho_eV2=2.33e+57 rho_final=1.31e+02
RIDDER SWITCHING: z_osc = 4473.52, a_osc = 2.234877e-04
DEBUG: Ridder field ENABLED. Lambda = 9.433229e-01
DEBUG: Ridder field ENABLED. Lambda = 9.433229e-01
BG_FUNC: a=1.07e-13 V=7.69e-02 factor_V=2.45e+58 factor_rho=5.62e-56 rho_eV2=1.88e+57 rho_final=1.06e+02
BG_FUNC: a=4.27e-12 V=7.69e-02 factor_V=2.45e+58 factor_rho=5.62e-56 rho_eV2=1.88e+57 rho_final=1.06e+02
BG_FUNC: a=1.69e-10 V=7.69e-02 factor_V=2.45e+58 factor_rho=5.62e-56 rho_eV2=1.88e+57 rho_final=1.06e+02
BG_FUNC: a=6.72e-09 V=7.69e-02 factor_V=2.45e+58 factor_rho=5.62e-56 rho_eV2=1.88e+57 rho_final=1.06e+02
BG_FUNC: a=2.67e-07 V=7.69e-02 factor_V=2.45e+58 factor_rho=5.62e-56 rho_eV2=1.88e+57 rho_final=1.06e+02
BG_FUNC: a=1.06e-05 V=7.69e-02 factor_V=2.45e+58 factor_rho=5.62e-56 rho_eV2=1.88e+57 rho_final=1.06e+02
RIDDER SWITCHING: z_osc = 4196.94, a_osc = 2.382120e-04
DEBUG: Ridder field ENABLED. Lambda = 8.484162e-01
DEBUG: Ridder field ENABLED. Lambda = 8.484162e-01
BG_FUNC: a=1.61e-14 V=5.03e-02 factor_V=2.45e+58 factor_rho=5.62e-56 rho_eV2=1.23e+57 rho_final=6.92e+01
BG_FUNC: a=6.03e-13 V=5.03e-02 factor_V=2.45e+58 factor_rho=5.62e-56 rho_eV2[mcmc] Finished burn-in phase: discarded 50 accepted steps.
[mcmc] Progress @ 2025-11-30 17:26:38 : 651 steps taken, and 5 accepted.
[mcmc] Progress @ 2025-11-30 17:27:53 : 679 steps taken, and 12 accepted.
=1.23e+57 rho_final=6.92e+01
BG_FUNC: a=2.39e-11 V=5.03e-02 factor_V=2.45e+58 factor_rho=5.62e-56 rho_eV2=1.23e+57 rho_final=6.92e+01
BG_FUNC: a=9.51e-10 V=5.03e-02 factor_V=2.45e+58 factor_rho=5.62e-56 rho_eV2=1.23e+57 rho_final=6.92e+01
BG_FUNC: a=3.78e-08 V=5.03e-02 factor_V=2.45e+58 factor_rho=5.62e-56 rho_eV2=1.23e+57 rho_final=6.92e+01
BG_FUNC: a=1.50e-06 V=5.03e-02 factor_V=2.45e+58 factor_rho=5.62e-56 rho_eV2=1.23e+57 rho_final=6.92e+01
BG_FUNC: a=5.99e-05 V=5.01e-02 factor_V=2.45e+58 factor_rho=5.62e-56 rho_eV2=1.23e+57 rho_final=6.90e+01
RIDDER SWITCHING: z_osc = 3708.49, a_osc = 2.695788e-04
DEBUG: Ridder field ENABLED. Lambda = 3.686765e-01
DEBUG: Ridder field ENABLED. Lambda = 3.686765e-01
BG_FUNC: a=7.76e-14 V=1.79e-03 factor_V=2.45e+58 factor_rho=5.62e-56 rho_eV2=4.39e+55 rho_final=2.47e+00
BG_FUNC: a=2.92e-12 V=1.79e-03 factor_V=2.45e+58 factor_rho=5.62e-56 rho_eV2=4.39e+55 rho_final=2.47e+00
BG_FUNC: a=1.15e-10 V=1.79e-03 factor_V=2.45e+58 factor_rho=5.62e-56 rho_eV2=4.39e+55 rho_final=2.47e+00
BG_FUNC: a=4.50e-09 V=1.79e-03 factor_V=2.45e+58 factor_rho=5.62e-56 rho_eV2=4.39e+55 rho_final=2.47e+00
BG_FUNC: a=1.77e-07 V=1.79e-03 factor_V=2.45e+58 factor_rho=5.62e-56 rho_eV2=4.39e+55 rho_final=2.47e+00
BG_FUNC: a=6.94e-06 V=1.79e-03 factor_V=2.45e+58 factor_rho=5.62e-56 rho_eV2=4.39e+55 rho_final=2.47e+00
BG_FUNC: a=2.66e-04 V=1.72e-03 factor_V=2.45e+58 factor_rho=5.62e-56 rho_eV2=4.27e+55 rho_final=2.40e+00
RIDDER SWITCHING: z_osc = 1316.42, a_osc = 7.590593e-04
DEBUG: Ridder field ENABLED. Lambda = 9.571850e-01
DEBUG: Ridder field ENABLED. Lambda = 9.571850e-01
BG_FUNC: a=1.20e-13 V=8.15e-02 factor_V=2.45e+58 factor_rho=5.62e-56 rho_eV2=1.99e+57 rho_final=1.12e+02
BG_FUNC: a=4.77e-12 V=8.15e-02 factor_V=2.45e+58 factor_rho=5.62e-56 rho_eV2=1.99e+57 rho_final=1.12e+02
BG_FUNC: a=1.89e-10 V=8.15e-02 factor_V=2.45e+58 factor_rho=5.62e-56 rho_eV2=1.99e+57 rho_final=1.12e+02
BG_FUNC: a=7.50e-09 V=8.15e-02 factor_V=2.45e+58 factor_rho=5.62e-56 rho_eV2=1.99e+57 rho_final=1.12e+02
BG_FUNC: a=2.97e-07 V=8.15e-02 factor_V=2.45e+58 factor_rho=5.62e-56 rho_eV2=1.99e+57 rho_final=1.12e+02
BG_FUNC: a=1.18e-05 V=8.15e-02 factor_V=2.45e+58 factor_rho=5.62e-56 rho_eV2=1.99e+57 rho_final=1.12e+02
RIDDER SWITCHING: z_osc = 4261.86, a_osc = 2.345842e-04
DEBUG: Ridder field ENABLED. Lambda = 1.060173e+00
DEBUG: Ridder field ENABLED. Lambda = 1.060173e+00
BG_FUNC: a=1.81e-14 V=1.23e-01 factor_V=2.45e+58 factor_rho=5.62e-56 rho_eV2=3.00e+57 rho_final=1.69e+02
BG_FUNC: a=6.80e-13 V=1.23e-01 factor_V=2.45e+58 factor_rho=5.62e-56 rho_eV2=3.00e+57 rho_final=1.69e+02
BG_FUNC: a=2.70e-11 V=1.23e-01 factor_V=2.45e+58 factor_rho=5.62e-56 rho_eV2=3.00e+57 rho_final=1.69e+02
BG_FUNC: a=1.07e-09 V=1.23e-01 factor_V=2.45e+58 factor_rho=5.62e-56 rho_eV2=3.00e+57 rho_final=1.69e+02
BG_FUNC: a=4.25e-08 V=1.23e-01 factor_V=2.45e+58 factor_rho=5.62e-56 rho_eV2=3.00e+57 rho_final=1.69e+02
BG_FUNC: a=1.69e-06 V=1.23e-01 factor_V=2.45e+58 factor_rho=5.62e-56 rho_eV2=3.00e+57 rho_final=1.69e+02
BG_FUNC: a=6.67e-05 V=1.21e-01 factor_V=2.45e+58 factor_rho=5.62e-56 rho_eV2=2.97e+57 rho_final=1.67e+02
RIDDER SWITCHING: z_osc = 4812.75, a_osc = 2.077381e-04
DEBUG: Ridder field ENABLED. Lambda = 9.231522e-01
DEBUG: Ridder field ENABLED. Lambda = 9.231522e-01
BG_FUNC: a=1.10e-13 V=7.06e-02 factor_V=2.45e+58 factor_rho=5.62e-56 rho_eV2=1.73e+57 rho_final=9.70e+01
BG_FUNC: a=4.34e-12 V=7.06e-02 factor_V=2.45e+58 factor_rho=5.62e-56 rho_eV2=1.73e+57 rho_final=9.70e+01
BG_FUNC: a=1.72e-10 V=7.06e-02 factor_V=2.45e+58 factor_rho=5.62e-56 rho_eV2=1.73e+57 rho_final=9.70e+01
BG_FUNC: a=6.82e-09 V=7.06e-02 factor_V=2.45e+58 factor_rho=5.62e-56 rho_eV2=1.73e+57 rho_final=9.70e+01
BG_FUNC: a=2.70e-07 V=7.06e-02 factor_V=2.45e+58 factor_rho=5.62e-56 rho_eV2=1.73e+57 rho_final=9.70e+01
BG_FUNC: a=1.07e-05 V=7.06e-02 factor_V=2.45e+58 factor_rho=5.62e-56 rho_eV2=1.73e+57 rho_final=9.70e+01
RIDDER SWITCHING: z_osc = 4078.96, a_osc = 2.451006e-04
DEBUG: Ridder field ENABLED. Lambda = 1.193477e+00
DEBUG: Ridder field ENABLED. Lambda = 1.193477e+00
BG_FUNC: a=1.57e-14 V=[mcmc] Progress @ 2025-11-30 17:29:07 : 705 steps taken, and 17 accepted.
1.97e-01 factor_V=2.45e+58 factor_rho=5.62e-56 rho_eV2=4.82e+57 rho_final=2.71e+02
BG_FUNC: a=5.87e-13 V=1.97e-01 factor_V=2.45e+58 factor_rho=5.62e-56 rho_eV2=4.82e+57 rho_final=2.71e+02
BG_FUNC: a=2.33e-11 V=1.97e-01 factor_V=2.45e+58 factor_rho=5.62e-56 rho_eV2=4.82e+57 rho_final=2.71e+02
BG_FUNC: a=9.25e-10 V=1.97e-01 factor_V=2.45e+58 factor_rho=5.62e-56 rho_eV2=4.82e+57 rho_final=2.71e+02
BG_FUNC: a=3.68e-08 V=1.97e-01 factor_V=2.45e+58 factor_rho=5.62e-56 rho_eV2=4.82e+57 rho_final=2.71e+02
BG_FUNC: a=1.46e-06 V=1.97e-01 factor_V=2.45e+58 factor_rho=5.62e-56 rho_eV2=4.82e+57 rho_final=2.71e+02
BG_FUNC: a=5.78e-05 V=1.94e-01 factor_V=2.45e+58 factor_rho=5.62e-56 rho_eV2=4.78e+57 rho_final=2.68e+02
RIDDER SWITCHING: z_osc = 5478.88, a_osc = 1.824858e-04
DEBUG: Ridder field ENABLED. Lambda = 1.057510e+00
DEBUG: Ridder field ENABLED. Lambda = 1.057510e+00
BG_FUNC: a=1.08e-13 V=1.21e-01 factor_V=2.45e+58 factor_rho=5.62e-56 rho_eV2=2.97e+57 rho_final=1.67e+02
BG_FUNC: a=4.31e-12 V=1.21e-01 factor_V=2.45e+58 factor_rho=5.62e-56 rho_eV2=2.97e+57 rho_final=1.67e+02
BG_FUNC: a=1.70e-10 V=1.21e-01 factor_V=2.45e+58 factor_rho=5.62e-56 rho_eV2=2.97e+57 rho_final=1.67e+02
BG_FUNC: a=6.81e-09 V=1.21e-01 factor_V=2.45e+58 factor_rho=5.62e-56 rho_eV2=2.97e+57 rho_final=1.67e+02
BG_FUNC: a=2.68e-07 V=1.21e-01 factor_V=2.45e+58 factor_rho=5.62e-56 rho_eV2=2.97e+57 rho_final=1.67e+02
BG_FUNC: a=1.07e-05 V=1.21e-01 factor_V=2.45e+58 factor_rho=5.62e-56 rho_eV2=2.97e+57 rho_final=1.67e+02
RIDDER SWITCHING: z_osc = 4796.57, a_osc = 2.084388e-04
DEBUG: Ridder field ENABLED. Lambda = 9.433229e-01
DEBUG: Ridder field ENABLED. Lambda = 9.433229e-01
BG_FUNC: a=1.84e-14 V=7.69e-02 factor_V=2.45e+58 factor_rho=5.62e-56 rho_eV2=1.88e+57 rho_final=1.06e+02
BG_FUNC: a=6.93e-13 V=7.69e-02 factor_V=2.45e+58 factor_rho=5.62e-56 rho_eV2=1.88e+57 rho_final=1.06e+02
BG_FUNC: a=2.75e-11 V=7.69e-02 factor_V=2.45e+58 factor_rho=5.62e-56 rho_eV2=1.88e+57 rho_final=1.06e+02
BG_FUNC: a=1.09e-09 V=7.69e-02 factor_V=2.45e+58 factor_rho=5.62e-56 rho_eV2=1.88e+57 rho_final=1.06e+02
BG_FUNC: a=4.32e-08 V=7.69e-02 factor_V=2.45e+58 factor_rho=5.62e-56 rho_eV2=1.88e+57 rho_final=1.06e+02
BG_FUNC: a=1.71e-06 V=7.69e-02 factor_V=2.45e+58 factor_rho=5.62e-56 rho_eV2=1.88e+57 rho_final=1.06e+02
BG_FUNC: a=6.76e-05 V=7.61e-02 factor_V=2.45e+58 factor_rho=5.62e-56 rho_eV2=1.87e+57 rho_final=1.05e+02
RIDDER SWITCHING: z_osc = 4196.49, a_osc = 2.382375e-04
DEBUG: Ridder field ENABLED. Lambda = 9.344687e-01
DEBUG: Ridder field ENABLED. Lambda = 9.344687e-01
BG_FUNC: a=9.71e-14 V=7.41e-02 factor_V=2.45e+58 factor_rho=5.62e-56 rho_eV2=1.81e+57 rho_final=1.02e+02
BG_FUNC: a=3.86e-12 V=7.41e-02 factor_V=2.45e+58 factor_rho=5.62e-56 rho_eV2=1.81e+57 rho_final=1.02e+02
BG_FUNC: a=1.53e-10 V=7.41e-02 factor_V=2.45e+58 factor_rho=5.62e-56 rho_eV2=1.81e+57 rho_final=1.02e+02
BG_FUNC: a=6.08e-09 V=7.41e-02 factor_V=2.45e+58 factor_rho=5.62e-56 rho_eV2=1.81e+57 rho_final=1.02e+02
BG_FUNC: a=2.41e-07 V=7.41e-02 factor_V=2.45e+58 factor_rho=5.62e-56 rho_eV2=1.81e+57 rho_final=1.02e+02
BG_FUNC: a=9.58e-06 V=7.41e-02 factor_V=2.45e+58 factor_rho=5.62e-56 rho_eV2=1.81e+57 rho_final=1.02e+02
RIDDER SWITCHING: z_osc = 4154.20, a_osc = 2.406622e-04
DEBUG: Ridder field ENABLED. Lambda = 9.433229e-01
DEBUG: Ridder field ENABLED. Lambda = 9.433229e-01
BG_FUNC: a=1.44e-14 V=7.69e-02 factor_V=2.45e+58 factor_rho=5.62e-56 rho_eV2=1.88e+57 rho_final=1.06e+02
BG_FUNC: a=5.38e-13 V=7.69e-02 factor_V=2.45e+58 factor_rho=5.62e-56 rho_eV2=1.88e+57 rho_final=1.06e+02
BG_FUNC: a=2.14e-11 V=7.69e-02 factor_V=2.45e+58 factor_rho=5.62e-56 rho_eV2=1.88e+57 rho_final=1.06e+02
BG_FUNC: a=8.48e-10 V=7.69e-02 factor_V=2.45e+58 factor_rho=5.62e-56 rho_eV2=1.88e+57 rho_final=1.06e+02
BG_FUNC: a=3.37e-08 V=7.69e-02 factor_V=2.45e+58 factor_rho=5.62e-56 rho_eV2=1.88e+57 rho_final=1.06e+02
BG_FUNC: a=1.34e-06 V=7.69e-02 factor_V=2.45e+58 factor_rho=5.62e-56 rho_eV2=1.88e+57 rho_final=1.06e+02
BG_FUNC: a=5.28e-05 V=7.66e-02 factor_V=2.45e+58 factor_rho=5.62e-56 rho_eV2=1.88e+57 rho_final=1.05e+02
RIDDER SWITCHING: z_o[mcmc] Progress @ 2025-11-30 17:30:22 : 764 steps taken, and 28 accepted.
[mcmc] Progress @ 2025-11-30 17:31:39 : 791 steps taken, and 31 accepted.
sc = 4196.94, a_osc = 2.382120e-04
DEBUG: Ridder field ENABLED. Lambda = 8.654332e-01
DEBUG: Ridder field ENABLED. Lambda = 8.654332e-01
BG_FUNC: a=7.84e-14 V=5.45e-02 factor_V=2.45e+58 factor_rho=5.62e-56 rho_eV2=1.33e+57 rho_final=7.49e+01
BG_FUNC: a=3.02e-12 V=5.45e-02 factor_V=2.45e+58 factor_rho=5.62e-56 rho_eV2=1.33e+57 rho_final=7.49e+01
BG_FUNC: a=1.21e-10 V=5.45e-02 factor_V=2.45e+58 factor_rho=5.62e-56 rho_eV2=1.33e+57 rho_final=7.49e+01
BG_FUNC: a=4.75e-09 V=5.45e-02 factor_V=2.45e+58 factor_rho=5.62e-56 rho_eV2=1.33e+57 rho_final=7.49e+01
BG_FUNC: a=1.88e-07 V=5.45e-02 factor_V=2.45e+58 factor_rho=5.62e-56 rho_eV2=1.33e+57 rho_final=7.49e+01
BG_FUNC: a=7.47e-06 V=5.45e-02 factor_V=2.45e+58 factor_rho=5.62e-56 rho_eV2=1.33e+57 rho_final=7.49e+01
RIDDER SWITCHING: z_osc = 3796.69, a_osc = 2.633182e-04
DEBUG: Ridder field ENABLED. Lambda = 1.035658e+00
DEBUG: Ridder field ENABLED. Lambda = 1.035658e+00
BG_FUNC: a=1.03e-14 V=1.12e-01 factor_V=2.45e+58 factor_rho=5.62e-56 rho_eV2=2.73e+57 rho_final=1.54e+02
BG_FUNC: a=3.80e-13 V=1.12e-01 factor_V=2.45e+58 factor_rho=5.62e-56 rho_eV2=2.73e+57 rho_final=1.54e+02
BG_FUNC: a=1.49e-11 V=1.12e-01 factor_V=2.45e+58 factor_rho=5.62e-56 rho_eV2=2.73e+57 rho_final=1.54e+02
BG_FUNC: a=5.84e-10 V=1.12e-01 factor_V=2.45e+58 factor_rho=5.62e-56 rho_eV2=2.73e+57 rho_final=1.54e+02
BG_FUNC: a=2.29e-08 V=1.12e-01 factor_V=2.45e+58 factor_rho=5.62e-56 rho_eV2=2.73e+57 rho_final=1.54e+02
BG_FUNC: a=8.98e-07 V=1.12e-01 factor_V=2.45e+58 factor_rho=5.62e-56 rho_eV2=2.73e+57 rho_final=1.54e+02
BG_FUNC: a=3.42e-05 V=1.12e-01 factor_V=2.45e+58 factor_rho=5.62e-56 rho_eV2=2.73e+57 rho_final=1.54e+02
RIDDER SWITCHING: z_osc = 4679.57, a_osc = 2.136490e-04
DEBUG: Ridder field ENABLED. Lambda = 1.027751e+00
DEBUG: Ridder field ENABLED. Lambda = 1.027751e+00
BG_FUNC: a=5.66e-14 V=1.08e-01 factor_V=2.45e+58 factor_rho=5.62e-56 rho_eV2=2.65e+57 rho_final=1.49e+02
BG_FUNC: a=2.16e-12 V=1.08e-01 factor_V=2.45e+58 factor_rho=5.62e-56 rho_eV2=2.65e+57 rho_final=1.49e+02
BG_FUNC: a=8.56e-11 V=1.08e-01 factor_V=2.45e+58 factor_rho=5.62e-56 rho_eV2=2.65e+57 rho_final=1.49e+02
BG_FUNC: a=3.39e-09 V=1.08e-01 factor_V=2.45e+58 factor_rho=5.62e-56 rho_eV2=2.65e+57 rho_final=1.49e+02
BG_FUNC: a=1.34e-07 V=1.08e-01 factor_V=2.45e+58 factor_rho=5.62e-56 rho_eV2=2.65e+57 rho_final=1.49e+02
BG_FUNC: a=5.33e-06 V=1.08e-01 factor_V=2.45e+58 factor_rho=5.62e-56 rho_eV2=2.65e+57 rho_final=1.49e+02
BG_FUNC: a=2.08e-04 V=4.20e-02 factor_V=2.45e+58 factor_rho=5.62e-56 rho_eV2=1.49e+57 rho_final=8.38e+01
RIDDER SWITCHING: z_osc = 4618.51, a_osc = 2.164733e-04
DEBUG: Ridder field ENABLED. Lambda = 1.036652e+00
DEBUG: Ridder field ENABLED. Lambda = 1.036652e+00
BG_FUNC: a=3.35e-13 V=1.12e-01 factor_V=2.45e+58 factor_rho=5.62e-56 rho_eV2=2.74e+57 rho_final=1.54e+02
BG_FUNC: a=1.33e-11 V=1.12e-01 factor_V=2.45e+58 factor_rho=5.62e-56 rho_eV2=2.74e+57 rho_final=1.54e+02
BG_FUNC: a=5.28e-10 V=1.12e-01 factor_V=2.45e+58 factor_rho=5.62e-56 rho_eV2=2.74e+57 rho_final=1.54e+02
BG_FUNC: a=2.10e-08 V=1.12e-01 factor_V=2.45e+58 factor_rho=5.62e-56 rho_eV2=2.74e+57 rho_final=1.54e+02
BG_FUNC: a=8.33e-07 V=1.12e-01 factor_V=2.45e+58 factor_rho=5.62e-56 rho_eV2=2.74e+57 rho_final=1.54e+02
BG_FUNC: a=3.31e-05 V=1.12e-01 factor_V=2.45e+58 factor_rho=5.62e-56 rho_eV2=2.74e+57 rho_final=1.54e+02
RIDDER SWITCHING: z_osc = 4644.67, a_osc = 2.152543e-04
DEBUG: Ridder field ENABLED. Lambda = 1.006403e+00
DEBUG: Ridder field ENABLED. Lambda = 1.006403e+00
BG_FUNC: a=5.48e-14 V=9.97e-02 factor_V=2.45e+58 factor_rho=5.62e-56 rho_eV2=2.44e+57 rho_final=1.37e+02
BG_FUNC: a=2.10e-12 V=9.97e-02 factor_V=2.45e+58 factor_rho=5.62e-56 rho_eV2=2.44e+57 rho_final=1.37e+02
BG_FUNC: a=8.41e-11 V=9.97e-02 factor_V=2.45e+58 factor_rho=5.62e-56 rho_eV2=2.44e+57 rho_final=1.37e+02
BG_FUNC: a=3.37e-09 V=9.97e-02 factor_V=2.45e+58 factor_rho=5.62e-56 rho_eV2=2.44e+57 rho_final=1.37e+02
BG_FUNC: a=1.35e-07 V=9.97e-02 factor_V=2.45e+58 factor_rho=5.62e-56 rho_eV2=2.44e+57 rho_final=1.37e+02
BG_FUNC: a=5.42e-06 V=9.97e-02 factor_V=2.45e+58 factor_rho=5.62e-56 rho[mcmc] Progress @ 2025-11-30 17:32:58 : 824 steps taken, and 37 accepted.
[mcmc] Progress @ 2025-11-30 17:33:58 : 858 steps taken, and 43 accepted.
_eV2=2.44e+57 rho_final=1.37e+02
BG_FUNC: a=2.12e-04 V=3.84e-02 factor_V=2.45e+58 factor_rho=5.62e-56 rho_eV2=1.36e+57 rho_final=7.67e+01
RIDDER SWITCHING: z_osc = 4567.58, a_osc = 2.188866e-04
DEBUG: Ridder field ENABLED. Lambda = 1.027751e+00
DEBUG: Ridder field ENABLED. Lambda = 1.027751e+00
BG_FUNC: a=3.38e-13 V=1.08e-01 factor_V=2.45e+58 factor_rho=5.62e-56 rho_eV2=2.65e+57 rho_final=1.49e+02
BG_FUNC: a=1.34e-11 V=1.08e-01 factor_V=2.45e+58 factor_rho=5.62e-56 rho_eV2=2.65e+57 rho_final=1.49e+02
BG_FUNC: a=5.31e-10 V=1.08e-01 factor_V=2.45e+58 factor_rho=5.62e-56 rho_eV2=2.65e+57 rho_final=1.49e+02
BG_FUNC: a=2.10e-08 V=1.08e-01 factor_V=2.45e+58 factor_rho=5.62e-56 rho_eV2=2.65e+57 rho_final=1.49e+02
BG_FUNC: a=8.33e-07 V=1.08e-01 factor_V=2.45e+58 factor_rho=5.62e-56 rho_eV2=2.65e+57 rho_final=1.49e+02
BG_FUNC: a=3.30e-05 V=1.08e-01 factor_V=2.45e+58 factor_rho=5.62e-56 rho_eV2=2.65e+57 rho_final=1.49e+02
RIDDER SWITCHING: z_osc = 4618.51, a_osc = 2.164733e-04
DEBUG: Ridder field ENABLED. Lambda = 6.606339e-01
DEBUG: Ridder field ENABLED. Lambda = 6.606339e-01
BG_FUNC: a=5.44e-14 V=1.85e-02 factor_V=2.45e+58 factor_rho=5.62e-56 rho_eV2=4.52e+56 rho_final=2.54e+01
BG_FUNC: a=2.09e-12 V=1.85e-02 factor_V=2.45e+58 factor_rho=5.62e-56 rho_eV2=4.52e+56 rho_final=2.54e+01
BG_FUNC: a=8.44e-11 V=1.85e-02 factor_V=2.45e+58 factor_rho=5.62e-56 rho_eV2=4.52e+56 rho_final=2.54e+01
BG_FUNC: a=3.35e-09 V=1.85e-02 factor_V=2.45e+58 factor_rho=5.62e-56 rho_eV2=4.52e+56 rho_final=2.54e+01
BG_FUNC: a=1.34e-07 V=1.85e-02 factor_V=2.45e+58 factor_rho=5.62e-56 rho_eV2=4.52e+56 rho_final=2.54e+01
BG_FUNC: a=5.35e-06 V=1.85e-02 factor_V=2.45e+58 factor_rho=5.62e-56 rho_eV2=4.52e+56 rho_final=2.54e+01
BG_FUNC: a=2.12e-04 V=1.53e-02 factor_V=2.45e+58 factor_rho=5.62e-56 rho_eV2=4.02e+56 rho_final=2.26e+01
RIDDER SWITCHING: z_osc = 2754.03, a_osc = 3.629719e-04
DEBUG: Ridder field ENABLED. Lambda = 9.123916e-01
DEBUG: Ridder field ENABLED. Lambda = 9.123916e-01
BG_FUNC: a=2.00e-13 V=6.73e-02 factor_V=2.45e+58 factor_rho=5.62e-56 rho_eV2=1.65e+57 rho_final=9.25e+01
BG_FUNC: a=7.94e-12 V=6.73e-02 factor_V=2.45e+58 factor_rho=5.62e-56 rho_eV2=1.65e+57 rho_final=9.25e+01
BG_FUNC: a=3.15e-10 V=6.73e-02 factor_V=2.45e+58 factor_rho=5.62e-56 rho_eV2=1.65e+57 rho_final=9.25e+01
BG_FUNC: a=1.25e-08 V=6.73e-02 factor_V=2.45e+58 factor_rho=5.62e-56 rho_eV2=1.65e+57 rho_final=9.25e+01
BG_FUNC: a=4.95e-07 V=6.73e-02 factor_V=2.45e+58 factor_rho=5.62e-56 rho_eV2=1.65e+57 rho_final=9.25e+01
BG_FUNC: a=1.97e-05 V=6.73e-02 factor_V=2.45e+58 factor_rho=5.62e-56 rho_eV2=1.65e+57 rho_final=9.25e+01
RIDDER SWITCHING: z_osc = 4017.27, a_osc = 2.488631e-04
DEBUG: Ridder field ENABLED. Lambda = 1.126353e+00
DEBUG: Ridder field ENABLED. Lambda = 1.126353e+00
BG_FUNC: a=2.81e-14 V=1.56e-01 factor_V=2.45e+58 factor_rho=5.62e-56 rho_eV2=3.82e+57 rho_final=2.15e+02
BG_FUNC: a=1.06e-12 V=1.56e-01 factor_V=2.45e+58 factor_rho=5.62e-56 rho_eV2=3.82e+57 rho_final=2.15e+02
BG_FUNC: a=4.15e-11 V=1.56e-01 factor_V=2.45e+58 factor_rho=5.62e-56 rho_eV2=3.82e+57 rho_final=2.15e+02
BG_FUNC: a=1.63e-09 V=1.56e-01 factor_V=2.45e+58 factor_rho=5.62e-56 rho_eV2=3.82e+57 rho_final=2.15e+02
BG_FUNC: a=6.37e-08 V=1.56e-01 factor_V=2.45e+58 factor_rho=5.62e-56 rho_eV2=3.82e+57 rho_final=2.15e+02
BG_FUNC: a=2.50e-06 V=1.56e-01 factor_V=2.45e+58 factor_rho=5.62e-56 rho_eV2=3.82e+57 rho_final=2.15e+02
BG_FUNC: a=9.51e-05 V=1.44e-01 factor_V=2.45e+58 factor_rho=5.62e-56 rho_eV2=3.64e+57 rho_final=2.05e+02
RIDDER SWITCHING: z_osc = 5121.87, a_osc = 1.952031e-04
DEBUG: Ridder field ENABLED. Lambda = 1.040730e+00
DEBUG: Ridder field ENABLED. Lambda = 1.040730e+00
BG_FUNC: a=1.68e-13 V=1.14e-01 factor_V=2.45e+58 factor_rho=5.62e-56 rho_eV2=2.79e+57 rho_final=1.57e+02
BG_FUNC: a=6.53e-12 V=1.14e-01 factor_V=2.45e+58 factor_rho=5.62e-56 rho_eV2=2.79e+57 rho_final=1.57e+02
BG_FUNC: a=2.56e-10 V=1.14e-01 factor_V=2.45e+58 factor_rho=5.62e-56 rho_eV2=2.79e+57 rho_final=1.57e+02
BG_FUNC: a=1.00e-08 V=1.14e-01 factor_V=2.45e+58 factor_rho=5.62e-56 rho_eV2=2.79e+57 rho_final=1.57e+02
BG_FUNC: a=3.93e-0[mcmc] Progress @ 2025-11-30 17:35:00 : 882 steps taken, and 46 accepted.
[mcmc] Progress @ 2025-11-30 17:36:01 : 923 steps taken, and 54 accepted.
7 V=1.14e-01 factor_V=2.45e+58 factor_rho=5.62e-56 rho_eV2=2.79e+57 rho_final=1.57e+02
BG_FUNC: a=1.51e-05 V=1.14e-01 factor_V=2.45e+58 factor_rho=5.62e-56 rho_eV2=2.79e+57 rho_final=1.57e+02
RIDDER SWITCHING: z_osc = 4686.41, a_osc = 2.133373e-04
DEBUG: Ridder field ENABLED. Lambda = 1.191248e+00
DEBUG: Ridder field ENABLED. Lambda = 1.191248e+00
BG_FUNC: a=2.52e-14 V=1.96e-01 factor_V=2.45e+58 factor_rho=5.62e-56 rho_eV2=4.78e+57 rho_final=2.69e+02
BG_FUNC: a=9.50e-13 V=1.96e-01 factor_V=2.45e+58 factor_rho=5.62e-56 rho_eV2=4.78e+57 rho_final=2.69e+02
BG_FUNC: a=3.77e-11 V=1.96e-01 factor_V=2.45e+58 factor_rho=5.62e-56 rho_eV2=4.78e+57 rho_final=2.69e+02
BG_FUNC: a=1.50e-09 V=1.96e-01 factor_V=2.45e+58 factor_rho=5.62e-56 rho_eV2=4.78e+57 rho_final=2.69e+02
BG_FUNC: a=5.99e-08 V=1.96e-01 factor_V=2.45e+58 factor_rho=5.62e-56 rho_eV2=4.78e+57 rho_final=2.69e+02
BG_FUNC: a=2.36e-06 V=1.96e-01 factor_V=2.45e+58 factor_rho=5.62e-56 rho_eV2=4.78e+57 rho_final=2.69e+02
BG_FUNC: a=9.31e-05 V=1.78e-01 factor_V=2.45e+58 factor_rho=5.62e-56 rho_eV2=4.52e+57 rho_final=2.54e+02
RIDDER SWITCHING: z_osc = 5496.06, a_osc = 1.819154e-04
DEBUG: Ridder field ENABLED. Lambda = 1.070653e+00
DEBUG: Ridder field ENABLED. Lambda = 1.070653e+00
BG_FUNC: a=1.76e-13 V=1.28e-01 factor_V=2.45e+58 factor_rho=5.62e-56 rho_eV2=3.12e+57 rho_final=1.75e+02
BG_FUNC: a=7.07e-12 V=1.28e-01 factor_V=2.45e+58 factor_rho=5.62e-56 rho_eV2=3.12e+57 rho_final=1.75e+02
BG_FUNC: a=2.78e-10 V=1.28e-01 factor_V=2.45e+58 factor_rho=5.62e-56 rho_eV2=3.12e+57 rho_final=1.75e+02
BG_FUNC: a=1.10e-08 V=1.28e-01 factor_V=2.45e+58 factor_rho=5.62e-56 rho_eV2=3.12e+57 rho_final=1.75e+02
BG_FUNC: a=4.38e-07 V=1.28e-01 factor_V=2.45e+58 factor_rho=5.62e-56 rho_eV2=3.12e+57 rho_final=1.75e+02
BG_FUNC: a=1.74e-05 V=1.28e-01 factor_V=2.45e+58 factor_rho=5.62e-56 rho_eV2=3.12e+57 rho_final=1.75e+02
RIDDER SWITCHING: z_osc = 4849.62, a_osc = 2.061590e-04
DEBUG: Ridder field ENABLED. Lambda = 7.819928e-01
DEBUG: Ridder field ENABLED. Lambda = 7.819928e-01
BG_FUNC: a=3.01e-14 V=3.63e-02 factor_V=2.45e+58 factor_rho=5.62e-56 rho_eV2=8.88e+56 rho_final=4.99e+01
BG_FUNC: a=1.15e-12 V=3.63e-02 factor_V=2.45e+58 factor_rho=5.62e-56 rho_eV2=8.88e+56 rho_final=4.99e+01
BG_FUNC: a=4.63e-11 V=3.63e-02 factor_V=2.45e+58 factor_rho=5.62e-56 rho_eV2=8.88e+56 rho_final=4.99e+01
BG_FUNC: a=1.86e-09 V=3.63e-02 factor_V=2.45e+58 factor_rho=5.62e-56 rho_eV2=8.88e+56 rho_final=4.99e+01
BG_FUNC: a=7.50e-08 V=3.63e-02 factor_V=2.45e+58 factor_rho=5.62e-56 rho_eV2=8.88e+56 rho_final=4.99e+01
BG_FUNC: a=3.02e-06 V=3.63e-02 factor_V=2.45e+58 factor_rho=5.62e-56 rho_eV2=8.88e+56 rho_final=4.99e+01
BG_FUNC: a=1.21e-04 V=3.47e-02 factor_V=2.45e+58 factor_rho=5.62e-56 rho_eV2=8.63e+56 rho_final=4.85e+01
RIDDER SWITCHING: z_osc = 3368.08, a_osc = 2.968167e-04
DEBUG: Ridder field ENABLED. Lambda = 9.473429e-01
DEBUG: Ridder field ENABLED. Lambda = 9.473429e-01
BG_FUNC: a=1.40e-13 V=7.82e-02 factor_V=2.45e+58 factor_rho=5.62e-56 rho_eV2=1.91e+57 rho_final=1.08e+02
BG_FUNC: a=5.57e-12 V=7.82e-02 factor_V=2.45e+58 factor_rho=5.62e-56 rho_eV2=1.91e+57 rho_final=1.08e+02
BG_FUNC: a=2.22e-10 V=7.82e-02 factor_V=2.45e+58 factor_rho=5.62e-56 rho_eV2=1.91e+57 rho_final=1.08e+02
BG_FUNC: a=8.92e-09 V=7.82e-02 factor_V=2.45e+58 factor_rho=5.62e-56 rho_eV2=1.91e+57 rho_final=1.08e+02
BG_FUNC: a=3.52e-07 V=7.82e-02 factor_V=2.45e+58 factor_rho=5.62e-56 rho_eV2=1.91e+57 rho_final=1.08e+02
BG_FUNC: a=1.40e-05 V=7.82e-02 factor_V=2.45e+58 factor_rho=5.62e-56 rho_eV2=1.91e+57 rho_final=1.08e+02
RIDDER SWITCHING: z_osc = 4207.25, a_osc = 2.376287e-04
DEBUG: Ridder field ENABLED. Lambda = 1.050537e+00
DEBUG: Ridder field ENABLED. Lambda = 1.050537e+00
BG_FUNC: a=2.14e-14 V=1.18e-01 factor_V=2.45e+58 factor_rho=5.62e-56 rho_eV2=2.89e+57 rho_final=1.63e+02
BG_FUNC: a=8.11e-13 V=1.18e-01 factor_V=2.45e+58 factor_rho=5.62e-56 rho_eV2=2.89e+57 rho_final=1.63e+02
BG_FUNC: a=3.29e-11 V=1.18e-01 factor_V=2.45e+58 factor_rho=5.62e-56 rho_eV2=2.89e+57 rho_final=1.63e+02
BG_FUNC: a=1.31e-09 V=1.18e-01 factor_V=2.45e+58 factor_rho=5.62e-56 [mcmc] Progress @ 2025-11-30 17:37:06 : 966 steps taken, and 61 accepted.
[mcmc] Progress @ 2025-11-30 17:38:06 : 995 steps taken, and 65 accepted.
rho_eV2=2.89e+57 rho_final=1.63e+02
BG_FUNC: a=5.26e-08 V=1.18e-01 factor_V=2.45e+58 factor_rho=5.62e-56 rho_eV2=2.89e+57 rho_final=1.63e+02
BG_FUNC: a=2.13e-06 V=1.18e-01 factor_V=2.45e+58 factor_rho=5.62e-56 rho_eV2=2.89e+57 rho_final=1.63e+02
BG_FUNC: a=8.45e-05 V=1.14e-01 factor_V=2.45e+58 factor_rho=5.62e-56 rho_eV2=2.82e+57 rho_final=1.59e+02
RIDDER SWITCHING: z_osc = 4766.58, a_osc = 2.097500e-04
DEBUG: Ridder field ENABLED. Lambda = 6.328420e-01
DEBUG: Ridder field ENABLED. Lambda = 6.328420e-01
BG_FUNC: a=1.38e-13 V=1.56e-02 factor_V=2.45e+58 factor_rho=5.62e-56 rho_eV2=3.81e+56 rho_final=2.14e+01
BG_FUNC: a=5.52e-12 V=1.56e-02 factor_V=2.45e+58 factor_rho=5.62e-56 rho_eV2=3.81e+56 rho_final=2.14e+01
BG_FUNC: a=2.21e-10 V=1.56e-02 factor_V=2.45e+58 factor_rho=5.62e-56 rho_eV2=3.81e+56 rho_final=2.14e+01
BG_FUNC: a=8.83e-09 V=1.56e-02 factor_V=2.45e+58 factor_rho=5.62e-56 rho_eV2=3.81e+56 rho_final=2.14e+01
BG_FUNC: a=3.53e-07 V=1.56e-02 factor_V=2.45e+58 factor_rho=5.62e-56 rho_eV2=3.81e+56 rho_final=2.14e+01
BG_FUNC: a=1.41e-05 V=1.56e-02 factor_V=2.45e+58 factor_rho=5.62e-56 rho_eV2=3.81e+56 rho_final=2.14e+01
RIDDER SWITCHING: z_osc = 2599.99, a_osc = 3.844683e-04
DEBUG: Ridder field ENABLED. Lambda = 1.027751e+00
DEBUG: Ridder field ENABLED. Lambda = 1.027751e+00
BG_FUNC: a=1.35e-14 V=1.08e-01 factor_V=2.45e+58 factor_rho=5.62e-56 rho_eV2=2.65e+57 rho_final=1.49e+02
BG_FUNC: a=5.02e-13 V=1.08e-01 factor_V=2.45e+58 factor_rho=5.62e-56 rho_eV2=2.65e+57 rho_final=1.49e+02
BG_FUNC: a=1.99e-11 V=1.08e-01 factor_V=2.45e+58 factor_rho=5.62e-56 rho_eV2=2.65e+57 rho_final=1.49e+02
BG_FUNC: a=7.89e-10 V=1.08e-01 factor_V=2.45e+58 factor_rho=5.62e-56 rho_eV2=2.65e+57 rho_final=1.49e+02
BG_FUNC: a=3.13e-08 V=1.08e-01 factor_V=2.45e+58 factor_rho=5.62e-56 rho_eV2=2.65e+57 rho_final=1.49e+02
BG_FUNC: a=1.24e-06 V=1.08e-01 factor_V=2.45e+58 factor_rho=5.62e-56 rho_eV2=2.65e+57 rho_final=1.49e+02
BG_FUNC: a=4.91e-05 V=1.08e-01 factor_V=2.45e+58 factor_rho=5.62e-56 rho_eV2=2.64e+57 rho_final=1.49e+02
RIDDER SWITCHING: z_osc = 4645.74, a_osc = 2.152046e-04
DEBUG: Ridder field ENABLED. Lambda = 1.159204e+00
DEBUG: Ridder field ENABLED. Lambda = 1.159204e+00
BG_FUNC: a=8.07e-14 V=1.75e-01 factor_V=2.45e+58 factor_rho=5.62e-56 rho_eV2=4.29e+57 rho_final=2.41e+02
BG_FUNC: a=3.11e-12 V=1.75e-01 factor_V=2.45e+58 factor_rho=5.62e-56 rho_eV2=4.29e+57 rho_final=2.41e+02
BG_FUNC: a=1.23e-10 V=1.75e-01 factor_V=2.45e+58 factor_rho=5.62e-56 rho_eV2=4.29e+57 rho_final=2.41e+02
BG_FUNC: a=4.90e-09 V=1.75e-01 factor_V=2.45e+58 factor_rho=5.62e-56 rho_eV2=4.29e+57 rho_final=2.41e+02
BG_FUNC: a=1.95e-07 V=1.75e-01 factor_V=2.45e+58 factor_rho=5.62e-56 rho_eV2=4.29e+57 rho_final=2.41e+02
BG_FUNC: a=7.73e-06 V=1.75e-01 factor_V=2.45e+58 factor_rho=5.62e-56 rho_eV2=4.29e+57 rho_final=2.41e+02
RIDDER SWITCHING: z_osc = 5314.28, a_osc = 1.881367e-04
DEBUG: Ridder field ENABLED. Lambda = 1.128056e+00
DEBUG: Ridder field ENABLED. Lambda = 1.128056e+00
BG_FUNC: a=1.48e-14 V=1.57e-01 factor_V=2.45e+58 factor_rho=5.62e-56 rho_eV2=3.85e+57 rho_final=2.16e+02
BG_FUNC: a=5.54e-13 V=1.57e-01 factor_V=2.45e+58 factor_rho=5.62e-56 rho_eV2=3.85e+57 rho_final=2.16e+02
BG_FUNC: a=2.20e-11 V=1.57e-01 factor_V=2.45e+58 factor_rho=5.62e-56 rho_eV2=3.85e+57 rho_final=2.16e+02
BG_FUNC: a=8.74e-10 V=1.57e-01 factor_V=2.45e+58 factor_rho=5.62e-56 rho_eV2=3.85e+57 rho_final=2.16e+02
BG_FUNC: a=3.47e-08 V=1.57e-01 factor_V=2.45e+58 factor_rho=5.62e-56 rho_eV2=3.85e+57 rho_final=2.16e+02
BG_FUNC: a=1.38e-06 V=1.57e-01 factor_V=2.45e+58 factor_rho=5.62e-56 rho_eV2=3.85e+57 rho_final=2.16e+02
BG_FUNC: a=5.45e-05 V=1.56e-01 factor_V=2.45e+58 factor_rho=5.62e-56 rho_eV2=3.82e+57 rho_final=2.15e+02
RIDDER SWITCHING: z_osc = 5170.16, a_osc = 1.933803e-04
DEBUG: Ridder field ENABLED. Lambda = 1.017195e+00
DEBUG: Ridder field ENABLED. Lambda = 1.017195e+00
BG_FUNC: a=9.60e-14 V=1.04e-01 factor_V=2.45e+58 factor_rho=5.62e-56 rho_eV2=2.54e+57 rho_final=1.43e+02
BG_FUNC: a=3.80e-12 V=1.04e-01 factor_V=2.45e+58 factor_rho=5.62e-56 rho_eV2=2.54e+57 rho_final=1.43e+02
BG_FUNC: a=1.52[mcmc] Progress @ 2025-11-30 17:39:06 : 1044 steps taken, and 73 accepted.
[mcmc] Progress @ 2025-11-30 17:40:18 : 1067 steps taken, and 78 accepted.
e-10 V=1.04e-01 factor_V=2.45e+58 factor_rho=5.62e-56 rho_eV2=2.54e+57 rho_final=1.43e+02
BG_FUNC: a=5.97e-09 V=1.04e-01 factor_V=2.45e+58 factor_rho=5.62e-56 rho_eV2=2.54e+57 rho_final=1.43e+02
BG_FUNC: a=2.36e-07 V=1.04e-01 factor_V=2.45e+58 factor_rho=5.62e-56 rho_eV2=2.54e+57 rho_final=1.43e+02
BG_FUNC: a=9.36e-06 V=1.04e-01 factor_V=2.45e+58 factor_rho=5.62e-56 rho_eV2=2.54e+57 rho_final=1.43e+02
RIDDER SWITCHING: z_osc = 4586.47, a_osc = 2.179851e-04
DEBUG: Ridder field ENABLED. Lambda = 1.228717e+00
DEBUG: Ridder field ENABLED. Lambda = 1.228717e+00
BG_FUNC: a=1.54e-14 V=2.21e-01 factor_V=2.45e+58 factor_rho=5.62e-56 rho_eV2=5.41e+57 rho_final=3.04e+02
BG_FUNC: a=5.77e-13 V=2.21e-01 factor_V=2.45e+58 factor_rho=5.62e-56 rho_eV2=5.41e+57 rho_final=3.04e+02
BG_FUNC: a=2.29e-11 V=2.21e-01 factor_V=2.45e+58 factor_rho=5.62e-56 rho_eV2=5.41e+57 rho_final=3.04e+02
BG_FUNC: a=9.07e-10 V=2.21e-01 factor_V=2.45e+58 factor_rho=5.62e-56 rho_eV2=5.41e+57 rho_final=3.04e+02
BG_FUNC: a=3.62e-08 V=2.21e-01 factor_V=2.45e+58 factor_rho=5.62e-56 rho_eV2=5.41e+57 rho_final=3.04e+02
BG_FUNC: a=1.42e-06 V=2.21e-01 factor_V=2.45e+58 factor_rho=5.62e-56 rho_eV2=5.41e+57 rho_final=3.04e+02
BG_FUNC: a=5.62e-05 V=2.18e-01 factor_V=2.45e+58 factor_rho=5.62e-56 rho_eV2=5.36e+57 rho_final=3.02e+02
RIDDER SWITCHING: z_osc = 5700.57, a_osc = 1.753904e-04
DEBUG: Ridder field ENABLED. Lambda = 8.108829e-01
DEBUG: Ridder field ENABLED. Lambda = 8.108829e-01
BG_FUNC: a=1.09e-13 V=4.20e-02 factor_V=2.45e+58 factor_rho=5.62e-56 rho_eV2=1.03e+57 rho_final=5.77e+01
BG_FUNC: a=4.32e-12 V=4.20e-02 factor_V=2.45e+58 factor_rho=5.62e-56 rho_eV2=1.03e+57 rho_final=5.77e+01
BG_FUNC: a=1.71e-10 V=4.20e-02 factor_V=2.45e+58 factor_rho=5.62e-56 rho_eV2=1.03e+57 rho_final=5.77e+01
BG_FUNC: a=6.80e-09 V=4.20e-02 factor_V=2.45e+58 factor_rho=5.62e-56 rho_eV2=1.03e+57 rho_final=5.77e+01
BG_FUNC: a=2.69e-07 V=4.20e-02 factor_V=2.45e+58 factor_rho=5.62e-56 rho_eV2=1.03e+57 rho_final=5.77e+01
BG_FUNC: a=1.07e-05 V=4.20e-02 factor_V=2.45e+58 factor_rho=5.62e-56 rho_eV2=1.03e+57 rho_final=5.77e+01
RIDDER SWITCHING: z_osc = 3523.07, a_osc = 2.837630e-04
DEBUG: Ridder field ENABLED. Lambda = 9.364147e-01
DEBUG: Ridder field ENABLED. Lambda = 9.364147e-01
BG_FUNC: a=1.36e-14 V=7.47e-02 factor_V=2.45e+58 factor_rho=5.62e-56 rho_eV2=1.83e+57 rho_final=1.03e+02
BG_FUNC: a=5.07e-13 V=7.47e-02 factor_V=2.45e+58 factor_rho=5.62e-56 rho_eV2=1.83e+57 rho_final=1.03e+02
BG_FUNC: a=2.01e-11 V=7.47e-02 factor_V=2.45e+58 factor_rho=5.62e-56 rho_eV2=1.83e+57 rho_final=1.03e+02
BG_FUNC: a=8.06e-10 V=7.47e-02 factor_V=2.45e+58 factor_rho=5.62e-56 rho_eV2=1.83e+57 rho_final=1.03e+02
BG_FUNC: a=3.17e-08 V=7.47e-02 factor_V=2.45e+58 factor_rho=5.62e-56 rho_eV2=1.83e+57 rho_final=1.03e+02
BG_FUNC: a=1.26e-06 V=7.47e-02 factor_V=2.45e+58 factor_rho=5.62e-56 rho_eV2=1.83e+57 rho_final=1.03e+02
BG_FUNC: a=4.98e-05 V=7.45e-02 factor_V=2.45e+58 factor_rho=5.62e-56 rho_eV2=1.82e+57 rho_final=1.02e+02
RIDDER SWITCHING: z_osc = 4192.09, a_osc = 2.384876e-04
DEBUG: Ridder field ENABLED. Lambda = 1.159204e+00
DEBUG: Ridder field ENABLED. Lambda = 1.159204e+00
BG_FUNC: a=7.45e-14 V=1.75e-01 factor_V=2.45e+58 factor_rho=5.62e-56 rho_eV2=4.29e+57 rho_final=2.41e+02
BG_FUNC: a=2.84e-12 V=1.75e-01 factor_V=2.45e+58 factor_rho=5.62e-56 rho_eV2=4.29e+57 rho_final=2.41e+02
BG_FUNC: a=1.13e-10 V=1.75e-01 factor_V=2.45e+58 factor_rho=5.62e-56 rho_eV2=4.29e+57 rho_final=2.41e+02
BG_FUNC: a=4.48e-09 V=1.75e-01 factor_V=2.45e+58 factor_rho=5.62e-56 rho_eV2=4.29e+57 rho_final=2.41e+02
BG_FUNC: a=1.79e-07 V=1.75e-01 factor_V=2.45e+58 factor_rho=5.62e-56 rho_eV2=4.29e+57 rho_final=2.41e+02
BG_FUNC: a=7.06e-06 V=1.75e-01 factor_V=2.45e+58 factor_rho=5.62e-56 rho_eV2=4.29e+57 rho_final=2.41e+02
RIDDER SWITCHING: z_osc = 5320.30, a_osc = 1.879239e-04
DEBUG: Ridder field ENABLED. Lambda = 1.249204e+00
DEBUG: Ridder field ENABLED. Lambda = 1.249204e+00
BG_FUNC: a=1.37e-14 V=2.37e-01 factor_V=2.45e+58 factor_rho=5.62e-56 rho_eV2=5.78e+57 rho_final=3.25e+02
BG_FUNC: a=5.05e-13 V=2.37e-01 factor_V=2.45e+58 factor_rho=5.62e-[mcmc] Progress @ 2025-11-30 17:41:19 : 1103 steps taken, and 86 accepted.
[mcmc] Progress @ 2025-11-30 17:42:40 : 1141 steps taken, and 92 accepted.
56 rho_eV2=5.78e+57 rho_final=3.25e+02
BG_FUNC: a=2.00e-11 V=2.37e-01 factor_V=2.45e+58 factor_rho=5.62e-56 rho_eV2=5.78e+57 rho_final=3.25e+02
BG_FUNC: a=7.95e-10 V=2.37e-01 factor_V=2.45e+58 factor_rho=5.62e-56 rho_eV2=5.78e+57 rho_final=3.25e+02
BG_FUNC: a=3.16e-08 V=2.37e-01 factor_V=2.45e+58 factor_rho=5.62e-56 rho_eV2=5.78e+57 rho_final=3.25e+02
BG_FUNC: a=1.25e-06 V=2.37e-01 factor_V=2.45e+58 factor_rho=5.62e-56 rho_eV2=5.78e+57 rho_final=3.25e+02
BG_FUNC: a=4.95e-05 V=2.34e-01 factor_V=2.45e+58 factor_rho=5.62e-56 rho_eV2=5.75e+57 rho_final=3.23e+02
RIDDER SWITCHING: z_osc = 5796.08, a_osc = 1.725005e-04
DEBUG: Ridder field ENABLED. Lambda = 1.082711e+00
DEBUG: Ridder field ENABLED. Lambda = 1.082711e+00
BG_FUNC: a=9.78e-14 V=1.33e-01 factor_V=2.45e+58 factor_rho=5.62e-56 rho_eV2=3.26e+57 rho_final=1.84e+02
BG_FUNC: a=3.88e-12 V=1.33e-01 factor_V=2.45e+58 factor_rho=5.62e-56 rho_eV2=3.26e+57 rho_final=1.84e+02
BG_FUNC: a=1.54e-10 V=1.33e-01 factor_V=2.45e+58 factor_rho=5.62e-56 rho_eV2=3.26e+57 rho_final=1.84e+02
BG_FUNC: a=6.12e-09 V=1.33e-01 factor_V=2.45e+58 factor_rho=5.62e-56 rho_eV2=3.26e+57 rho_final=1.84e+02
BG_FUNC: a=2.43e-07 V=1.33e-01 factor_V=2.45e+58 factor_rho=5.62e-56 rho_eV2=3.26e+57 rho_final=1.84e+02
BG_FUNC: a=9.65e-06 V=1.33e-01 factor_V=2.45e+58 factor_rho=5.62e-56 rho_eV2=3.26e+57 rho_final=1.84e+02
RIDDER SWITCHING: z_osc = 4924.32, a_osc = 2.030324e-04
DEBUG: Ridder field ENABLED. Lambda = 8.581906e-01
DEBUG: Ridder field ENABLED. Lambda = 8.581906e-01
BG_FUNC: a=1.73e-14 V=5.27e-02 factor_V=2.45e+58 factor_rho=5.62e-56 rho_eV2=1.29e+57 rho_final=7.24e+01
BG_FUNC: a=6.51e-13 V=5.27e-02 factor_V=2.45e+58 factor_rho=5.62e-56 rho_eV2=1.29e+57 rho_final=7.24e+01
BG_FUNC: a=2.56e-11 V=5.27e-02 factor_V=2.45e+58 factor_rho=5.62e-56 rho_eV2=1.29e+57 rho_final=7.24e+01
BG_FUNC: a=1.01e-09 V=5.27e-02 factor_V=2.45e+58 factor_rho=5.62e-56 rho_eV2=1.29e+57 rho_final=7.24e+01
BG_FUNC: a=4.02e-08 V=5.27e-02 factor_V=2.45e+58 factor_rho=5.62e-56 rho_eV2=1.29e+57 rho_final=7.24e+01
BG_FUNC: a=1.59e-06 V=5.27e-02 factor_V=2.45e+58 factor_rho=5.62e-56 rho_eV2=1.29e+57 rho_final=7.24e+01
BG_FUNC: a=6.28e-05 V=5.24e-02 factor_V=2.45e+58 factor_rho=5.62e-56 rho_eV2=1.28e+57 rho_final=7.22e+01
RIDDER SWITCHING: z_osc = 3778.35, a_osc = 2.645955e-04
DEBUG: Ridder field ENABLED. Lambda = 1.065161e+00
DEBUG: Ridder field ENABLED. Lambda = 1.065161e+00
BG_FUNC: a=8.38e-14 V=1.25e-01 factor_V=2.45e+58 factor_rho=5.62e-56 rho_eV2=3.06e+57 rho_final=1.72e+02
BG_FUNC: a=3.22e-12 V=1.25e-01 factor_V=2.45e+58 factor_rho=5.62e-56 rho_eV2=3.06e+57 rho_final=1.72e+02
BG_FUNC: a=1.28e-10 V=1.25e-01 factor_V=2.45e+58 factor_rho=5.62e-56 rho_eV2=3.06e+57 rho_final=1.72e+02
BG_FUNC: a=5.08e-09 V=1.25e-01 factor_V=2.45e+58 factor_rho=5.62e-56 rho_eV2=3.06e+57 rho_final=1.72e+02
BG_FUNC: a=2.02e-07 V=1.25e-01 factor_V=2.45e+58 factor_rho=5.62e-56 rho_eV2=3.06e+57 rho_final=1.72e+02
BG_FUNC: a=8.00e-06 V=1.25e-01 factor_V=2.45e+58 factor_rho=5.62e-56 rho_eV2=3.06e+57 rho_final=1.72e+02
RIDDER SWITCHING: z_osc = 4836.16, a_osc = 2.067329e-04
DEBUG: Ridder field ENABLED. Lambda = 1.162862e+00
DEBUG: Ridder field ENABLED. Lambda = 1.162862e+00
BG_FUNC: a=1.39e-14 V=1.78e-01 factor_V=2.45e+58 factor_rho=5.62e-56 rho_eV2=4.34e+57 rho_final=2.44e+02
BG_FUNC: a=5.20e-13 V=1.78e-01 factor_V=2.45e+58 factor_rho=5.62e-56 rho_eV2=4.34e+57 rho_final=2.44e+02
BG_FUNC: a=2.06e-11 V=1.78e-01 factor_V=2.45e+58 factor_rho=5.62e-56 rho_eV2=4.34e+57 rho_final=2.44e+02
BG_FUNC: a=8.17e-10 V=1.78e-01 factor_V=2.45e+58 factor_rho=5.62e-56 rho_eV2=4.34e+57 rho_final=2.44e+02
BG_FUNC: a=3.24e-08 V=1.78e-01 factor_V=2.45e+58 factor_rho=5.62e-56 rho_eV2=4.34e+57 rho_final=2.44e+02
BG_FUNC: a=1.30e-06 V=1.78e-01 factor_V=2.45e+58 factor_rho=5.62e-56 rho_eV2=4.34e+57 rho_final=2.44e+02
BG_FUNC: a=5.12e-05 V=1.76e-01 factor_V=2.45e+58 factor_rho=5.62e-56 rho_eV2=4.32e+57 rho_final=2.43e+02
RIDDER SWITCHING: z_osc = 5346.16, a_osc = 1.870150e-04
DEBUG: Ridder field ENABLED. Lambda = 1.577859e+00
DEBUG: Ridder field ENABLED. Lambda = 1.577859e+00
BG_FUNC: a=9[mcmc] Progress @ 2025-11-30 17:43:48 : 1153 steps taken, and 93 accepted.
[mcmc] Progress @ 2025-11-30 17:44:53 : 1195 steps taken, and 100 accepted.
.27e-14 V=6.02e-01 factor_V=2.45e+58 factor_rho=5.62e-56 rho_eV2=1.47e+58 rho_final=8.28e+02
BG_FUNC: a=3.65e-12 V=6.02e-01 factor_V=2.45e+58 factor_rho=5.62e-56 rho_eV2=1.47e+58 rho_final=8.28e+02
BG_FUNC: a=1.45e-10 V=6.02e-01 factor_V=2.45e+58 factor_rho=5.62e-56 rho_eV2=1.47e+58 rho_final=8.28e+02
BG_FUNC: a=5.76e-09 V=6.02e-01 factor_V=2.45e+58 factor_rho=5.62e-56 rho_eV2=1.47e+58 rho_final=8.28e+02
BG_FUNC: a=2.29e-07 V=6.02e-01 factor_V=2.45e+58 factor_rho=5.62e-56 rho_eV2=1.47e+58 rho_final=8.28e+02
BG_FUNC: a=9.09e-06 V=6.02e-01 factor_V=2.45e+58 factor_rho=5.62e-56 rho_eV2=1.47e+58 rho_final=8.28e+02
RIDDER SWITCHING: z_osc = 7523.78, a_osc = 1.328943e-04
DEBUG: Ridder field ENABLED. Lambda = 1.248636e+00
DEBUG: Ridder field ENABLED. Lambda = 1.248636e+00
BG_FUNC: a=2.46e-14 V=2.36e-01 factor_V=2.45e+58 factor_rho=5.62e-56 rho_eV2=5.77e+57 rho_final=3.25e+02
BG_FUNC: a=9.26e-13 V=2.36e-01 factor_V=2.45e+58 factor_rho=5.62e-56 rho_eV2=5.77e+57 rho_final=3.25e+02
BG_FUNC: a=3.64e-11 V=2.36e-01 factor_V=2.45e+58 factor_rho=5.62e-56 rho_eV2=5.77e+57 rho_final=3.25e+02
BG_FUNC: a=1.44e-09 V=2.36e-01 factor_V=2.45e+58 factor_rho=5.62e-56 rho_eV2=5.77e+57 rho_final=3.25e+02
BG_FUNC: a=5.72e-08 V=2.36e-01 factor_V=2.45e+58 factor_rho=5.62e-56 rho_eV2=5.77e+57 rho_final=3.25e+02
BG_FUNC: a=2.27e-06 V=2.36e-01 factor_V=2.45e+58 factor_rho=5.62e-56 rho_eV2=5.77e+57 rho_final=3.25e+02
BG_FUNC: a=8.91e-05 V=2.15e-01 factor_V=2.45e+58 factor_rho=5.62e-56 rho_eV2=5.45e+57 rho_final=3.06e+02
RIDDER SWITCHING: z_osc = 5769.99, a_osc = 1.732806e-04
DEBUG: Ridder field ENABLED. Lambda = 1.084820e+00
DEBUG: Ridder field ENABLED. Lambda = 1.084820e+00
BG_FUNC: a=1.76e-13 V=1.35e-01 factor_V=2.45e+58 factor_rho=5.62e-56 rho_eV2=3.29e+57 rho_final=1.85e+02
BG_FUNC: a=6.98e-12 V=1.35e-01 factor_V=2.45e+58 factor_rho=5.62e-56 rho_eV2=3.29e+57 rho_final=1.85e+02
BG_FUNC: a=2.77e-10 V=1.35e-01 factor_V=2.45e+58 factor_rho=5.62e-56 rho_eV2=3.29e+57 rho_final=1.85e+02
BG_FUNC: a=1.10e-08 V=1.35e-01 factor_V=2.45e+58 factor_rho=5.62e-56 rho_eV2=3.29e+57 rho_final=1.85e+02
BG_FUNC: a=4.35e-07 V=1.35e-01 factor_V=2.45e+58 factor_rho=5.62e-56 rho_eV2=3.29e+57 rho_final=1.85e+02
BG_FUNC: a=1.73e-05 V=1.35e-01 factor_V=2.45e+58 factor_rho=5.62e-56 rho_eV2=3.29e+57 rho_final=1.85e+02
RIDDER SWITCHING: z_osc = 4909.86, a_osc = 2.036304e-04
DEBUG: Ridder field ENABLED. Lambda = 1.159204e+00
DEBUG: Ridder field ENABLED. Lambda = 1.159204e+00
BG_FUNC: a=3.04e-14 V=1.75e-01 factor_V=2.45e+58 factor_rho=5.62e-56 rho_eV2=4.29e+57 rho_final=2.41e+02
BG_FUNC: a=1.15e-12 V=1.75e-01 factor_V=2.45e+58 factor_rho=5.62e-56 rho_eV2=4.29e+57 rho_final=2.41e+02
BG_FUNC: a=4.57e-11 V=1.75e-01 factor_V=2.45e+58 factor_rho=5.62e-56 rho_eV2=4.29e+57 rho_final=2.41e+02
BG_FUNC: a=1.82e-09 V=1.75e-01 factor_V=2.45e+58 factor_rho=5.62e-56 rho_eV2=4.29e+57 rho_final=2.41e+02
BG_FUNC: a=7.21e-08 V=1.75e-01 factor_V=2.45e+58 factor_rho=5.62e-56 rho_eV2=4.29e+57 rho_final=2.41e+02
BG_FUNC: a=2.86e-06 V=1.75e-01 factor_V=2.45e+58 factor_rho=5.62e-56 rho_eV2=4.29e+57 rho_final=2.41e+02
BG_FUNC: a=1.13e-04 V=1.48e-01 factor_V=2.45e+58 factor_rho=5.62e-56 rho_eV2=3.86e+57 rho_final=2.17e+02
RIDDER SWITCHING: z_osc = 5314.28, a_osc = 1.881367e-04
DEBUG: Ridder field ENABLED. Lambda = 1.475486e+00
DEBUG: Ridder field ENABLED. Lambda = 1.475486e+00
BG_FUNC: a=2.05e-13 V=4.60e-01 factor_V=2.45e+58 factor_rho=5.62e-56 rho_eV2=1.13e+58 rho_final=6.33e+02
BG_FUNC: a=8.12e-12 V=4.60e-01 factor_V=2.45e+58 factor_rho=5.62e-56 rho_eV2=1.13e+58 rho_final=6.33e+02
BG_FUNC: a=3.22e-10 V=4.60e-01 factor_V=2.45e+58 factor_rho=5.62e-56 rho_eV2=1.13e+58 rho_final=6.33e+02
BG_FUNC: a=1.29e-08 V=4.60e-01 factor_V=2.45e+58 factor_rho=5.62e-56 rho_eV2=1.13e+58 rho_final=6.33e+02
BG_FUNC: a=5.09e-07 V=4.60e-01 factor_V=2.45e+58 factor_rho=5.62e-56 rho_eV2=1.13e+58 rho_final=6.33e+02
BG_FUNC: a=2.02e-05 V=4.60e-01 factor_V=2.45e+58 factor_rho=5.62e-56 rho_eV2=1.13e+58 rho_final=6.33e+02
RIDDER SWITCHING: z_osc = 6971.23, a_osc = 1.434261e-04
DEBUG: Ridder field ENABLED. Lambda = 1.269501e+00
DEBUG: Ri[mcmc] Progress @ 2025-11-30 17:46:14 : 1239 steps taken, and 108 accepted.
[mcmc] Progress @ 2025-11-30 17:47:14 : 1265 steps taken, and 111 accepted.
dder field ENABLED. Lambda = 1.269501e+00
BG_FUNC: a=4.96e-14 V=2.52e-01 factor_V=2.45e+58 factor_rho=5.62e-56 rho_eV2=6.17e+57 rho_final=3.47e+02
BG_FUNC: a=1.87e-12 V=2.52e-01 factor_V=2.45e+58 factor_rho=5.62e-56 rho_eV2=6.17e+57 rho_final=3.47e+02
BG_FUNC: a=7.41e-11 V=2.52e-01 factor_V=2.45e+58 factor_rho=5.62e-56 rho_eV2=6.17e+57 rho_final=3.47e+02
BG_FUNC: a=2.88e-09 V=2.52e-01 factor_V=2.45e+58 factor_rho=5.62e-56 rho_eV2=6.17e+57 rho_final=3.47e+02
BG_FUNC: a=1.13e-07 V=2.52e-01 factor_V=2.45e+58 factor_rho=5.62e-56 rho_eV2=6.17e+57 rho_final=3.47e+02
BG_FUNC: a=4.41e-06 V=2.52e-01 factor_V=2.45e+58 factor_rho=5.62e-56 rho_eV2=6.17e+57 rho_final=3.47e+02
BG_FUNC: a=1.66e-04 V=9.78e-02 factor_V=2.45e+58 factor_rho=5.62e-56 rho_eV2=3.48e+57 rho_final=1.95e+02
RIDDER SWITCHING: z_osc = 5853.95, a_osc = 1.707957e-04
DEBUG: Ridder field ENABLED. Lambda = 1.123637e+00
DEBUG: Ridder field ENABLED. Lambda = 1.123637e+00
BG_FUNC: a=3.38e-13 V=1.55e-01 factor_V=2.45e+58 factor_rho=5.62e-56 rho_eV2=3.79e+57 rho_final=2.13e+02
BG_FUNC: a=1.35e-11 V=1.55e-01 factor_V=2.45e+58 factor_rho=5.62e-56 rho_eV2=3.79e+57 rho_final=2.13e+02
BG_FUNC: a=5.34e-10 V=1.55e-01 factor_V=2.45e+58 factor_rho=5.62e-56 rho_eV2=3.79e+57 rho_final=2.13e+02
BG_FUNC: a=2.12e-08 V=1.55e-01 factor_V=2.45e+58 factor_rho=5.62e-56 rho_eV2=3.79e+57 rho_final=2.13e+02
BG_FUNC: a=8.43e-07 V=1.55e-01 factor_V=2.45e+58 factor_rho=5.62e-56 rho_eV2=3.79e+57 rho_final=2.13e+02
BG_FUNC: a=3.35e-05 V=1.55e-01 factor_V=2.45e+58 factor_rho=5.62e-56 rho_eV2=3.78e+57 rho_final=2.13e+02
RIDDER SWITCHING: z_osc = 5094.91, a_osc = 1.962360e-04
DEBUG: Ridder field ENABLED. Lambda = 1.124211e+00
DEBUG: Ridder field ENABLED. Lambda = 1.124211e+00
BG_FUNC: a=6.00e-14 V=1.55e-01 factor_V=2.45e+58 factor_rho=5.62e-56 rho_eV2=3.79e+57 rho_final=2.13e+02
BG_FUNC: a=2.29e-12 V=1.55e-01 factor_V=2.45e+58 factor_rho=5.62e-56 rho_eV2=3.79e+57 rho_final=2.13e+02
BG_FUNC: a=9.11e-11 V=1.55e-01 factor_V=2.45e+58 factor_rho=5.62e-56 rho_eV2=3.79e+57 rho_final=2.13e+02
BG_FUNC: a=3.62e-09 V=1.55e-01 factor_V=2.45e+58 factor_rho=5.62e-56 rho_eV2=3.79e+57 rho_final=2.13e+02
BG_FUNC: a=1.44e-07 V=1.55e-01 factor_V=2.45e+58 factor_rho=5.62e-56 rho_eV2=3.79e+57 rho_final=2.13e+02
BG_FUNC: a=5.76e-06 V=1.55e-01 factor_V=2.45e+58 factor_rho=5.62e-56 rho_eV2=3.79e+57 rho_final=2.13e+02
RIDDER SWITCHING: z_osc = 5144.00, a_osc = 1.943636e-04
DEBUG: Ridder field ENABLED. Lambda = 1.159204e+00
DEBUG: Ridder field ENABLED. Lambda = 1.159204e+00
BG_FUNC: a=1.07e-14 V=1.75e-01 factor_V=2.45e+58 factor_rho=5.62e-56 rho_eV2=4.29e+57 rho_final=2.41e+02
BG_FUNC: a=3.95e-13 V=1.75e-01 factor_V=2.45e+58 factor_rho=5.62e-56 rho_eV2=4.29e+57 rho_final=2.41e+02
BG_FUNC: a=1.57e-11 V=1.75e-01 factor_V=2.45e+58 factor_rho=5.62e-56 rho_eV2=4.29e+57 rho_final=2.41e+02
BG_FUNC: a=6.24e-10 V=1.75e-01 factor_V=2.45e+58 factor_rho=5.62e-56 rho_eV2=4.29e+57 rho_final=2.41e+02
BG_FUNC: a=2.48e-08 V=1.75e-01 factor_V=2.45e+58 factor_rho=5.62e-56 rho_eV2=4.29e+57 rho_final=2.41e+02
BG_FUNC: a=9.84e-07 V=1.75e-01 factor_V=2.45e+58 factor_rho=5.62e-56 rho_eV2=4.29e+57 rho_final=2.41e+02
BG_FUNC: a=3.90e-05 V=1.75e-01 factor_V=2.45e+58 factor_rho=5.62e-56 rho_eV2=4.28e+57 rho_final=2.41e+02
RIDDER SWITCHING: z_osc = 5320.30, a_osc = 1.879239e-04
DEBUG: Ridder field ENABLED. Lambda = 1.626730e+00
DEBUG: Ridder field ENABLED. Lambda = 1.626730e+00
BG_FUNC: a=7.28e-14 V=6.80e-01 factor_V=2.45e+58 factor_rho=5.62e-56 rho_eV2=1.66e+58 rho_final=9.35e+02
BG_FUNC: a=2.82e-12 V=6.80e-01 factor_V=2.45e+58 factor_rho=5.62e-56 rho_eV2=1.66e+58 rho_final=9.35e+02
BG_FUNC: a=1.13e-10 V=6.80e-01 factor_V=2.45e+58 factor_rho=5.62e-56 rho_eV2=1.66e+58 rho_final=9.35e+02
BG_FUNC: a=4.51e-09 V=6.80e-01 factor_V=2.45e+58 factor_rho=5.62e-56 rho_eV2=1.66e+58 rho_final=9.35e+02
BG_FUNC: a=1.81e-07 V=6.80e-01 factor_V=2.45e+58 factor_rho=5.62e-56 rho_eV2=1.66e+58 rho_final=9.35e+02
BG_FUNC: a=7.22e-06 V=6.80e-01 factor_V=2.45e+58 factor_rho=5.62e-56 rho_eV2=1.66e+58 rho_final=9.35e+02
RIDDER SWITCHING: z_osc = 7750.60, a_osc = 1.290056e-04
DEBUG:[mcmc] Progress @ 2025-11-30 17:48:15 : 1289 steps taken, and 116 accepted.
[mcmc] Progress @ 2025-11-30 17:49:18 : 1340 steps taken, and 126 accepted.
 Ridder field ENABLED. Lambda = 1.171928e+00
DEBUG: Ridder field ENABLED. Lambda = 1.171928e+00
BG_FUNC: a=2.01e-14 V=1.83e-01 factor_V=2.45e+58 factor_rho=5.62e-56 rho_eV2=4.48e+57 rho_final=2.52e+02
BG_FUNC: a=7.57e-13 V=1.83e-01 factor_V=2.45e+58 factor_rho=5.62e-56 rho_eV2=4.48e+57 rho_final=2.52e+02
BG_FUNC: a=3.01e-11 V=1.83e-01 factor_V=2.45e+58 factor_rho=5.62e-56 rho_eV2=4.48e+57 rho_final=2.52e+02
BG_FUNC: a=1.19e-09 V=1.83e-01 factor_V=2.45e+58 factor_rho=5.62e-56 rho_eV2=4.48e+57 rho_final=2.52e+02
BG_FUNC: a=4.74e-08 V=1.83e-01 factor_V=2.45e+58 factor_rho=5.62e-56 rho_eV2=4.48e+57 rho_final=2.52e+02
BG_FUNC: a=1.88e-06 V=1.83e-01 factor_V=2.45e+58 factor_rho=5.62e-56 rho_eV2=4.48e+57 rho_final=2.52e+02
BG_FUNC: a=7.44e-05 V=1.77e-01 factor_V=2.45e+58 factor_rho=5.62e-56 rho_eV2=4.38e+57 rho_final=2.46e+02
RIDDER SWITCHING: z_osc = 5366.18, a_osc = 1.863177e-04
DEBUG: Ridder field ENABLED. Lambda = 1.557536e+00
DEBUG: Ridder field ENABLED. Lambda = 1.557536e+00
BG_FUNC: a=1.36e-13 V=5.72e-01 factor_V=2.45e+58 factor_rho=5.62e-56 rho_eV2=1.40e+58 rho_final=7.86e+02
BG_FUNC: a=5.44e-12 V=5.72e-01 factor_V=2.45e+58 factor_rho=5.62e-56 rho_eV2=1.40e+58 rho_final=7.86e+02
BG_FUNC: a=2.17e-10 V=5.72e-01 factor_V=2.45e+58 factor_rho=5.62e-56 rho_eV2=1.40e+58 rho_final=7.86e+02
BG_FUNC: a=8.70e-09 V=5.72e-01 factor_V=2.45e+58 factor_rho=5.62e-56 rho_eV2=1.40e+58 rho_final=7.86e+02
BG_FUNC: a=3.51e-07 V=5.72e-01 factor_V=2.45e+58 factor_rho=5.62e-56 rho_eV2=1.40e+58 rho_final=7.86e+02
BG_FUNC: a=1.39e-05 V=5.72e-01 factor_V=2.45e+58 factor_rho=5.62e-56 rho_eV2=1.40e+58 rho_final=7.86e+02
RIDDER SWITCHING: z_osc = 7421.59, a_osc = 1.347239e-04
DEBUG: Ridder field ENABLED. Lambda = 1.159763e+00
DEBUG: Ridder field ENABLED. Lambda = 1.159763e+00
BG_FUNC: a=3.68e-14 V=1.76e-01 factor_V=2.45e+58 factor_rho=5.62e-56 rho_eV2=4.30e+57 rho_final=2.42e+02
BG_FUNC: a=1.40e-12 V=1.76e-01 factor_V=2.45e+58 factor_rho=5.62e-56 rho_eV2=4.30e+57 rho_final=2.42e+02
BG_FUNC: a=5.54e-11 V=1.76e-01 factor_V=2.45e+58 factor_rho=5.62e-56 rho_eV2=4.30e+57 rho_final=2.42e+02
BG_FUNC: a=2.20e-09 V=1.76e-01 factor_V=2.45e+58 factor_rho=5.62e-56 rho_eV2=4.30e+57 rho_final=2.42e+02
BG_FUNC: a=8.70e-08 V=1.76e-01 factor_V=2.45e+58 factor_rho=5.62e-56 rho_eV2=4.30e+57 rho_final=2.42e+02
BG_FUNC: a=3.48e-06 V=1.76e-01 factor_V=2.45e+58 factor_rho=5.62e-56 rho_eV2=4.30e+57 rho_final=2.42e+02
BG_FUNC: a=1.35e-04 V=1.26e-01 factor_V=2.45e+58 factor_rho=5.62e-56 rho_eV2=3.50e+57 rho_final=1.97e+02
RIDDER SWITCHING: z_osc = 5331.00, a_osc = 1.875469e-04
DEBUG: Ridder field ENABLED. Lambda = 1.159763e+00
DEBUG: Ridder field ENABLED. Lambda = 1.159763e+00
BG_FUNC: a=2.51e-13 V=1.76e-01 factor_V=2.45e+58 factor_rho=5.62e-56 rho_eV2=4.30e+57 rho_final=2.42e+02
BG_FUNC: a=9.87e-12 V=1.76e-01 factor_V=2.45e+58 factor_rho=5.62e-56 rho_eV2=4.30e+57 rho_final=2.42e+02
BG_FUNC: a=3.92e-10 V=1.76e-01 factor_V=2.45e+58 factor_rho=5.62e-56 rho_eV2=4.30e+57 rho_final=2.42e+02
BG_FUNC: a=1.56e-08 V=1.76e-01 factor_V=2.45e+58 factor_rho=5.62e-56 rho_eV2=4.30e+57 rho_final=2.42e+02
BG_FUNC: a=6.17e-07 V=1.76e-01 factor_V=2.45e+58 factor_rho=5.62e-56 rho_eV2=4.30e+57 rho_final=2.42e+02
BG_FUNC: a=2.45e-05 V=1.76e-01 factor_V=2.45e+58 factor_rho=5.62e-56 rho_eV2=4.30e+57 rho_final=2.42e+02
RIDDER SWITCHING: z_osc = 5302.73, a_osc = 1.885467e-04
DEBUG: Ridder field ENABLED. Lambda = 1.330824e+00
DEBUG: Ridder field ENABLED. Lambda = 1.330824e+00
BG_FUNC: a=4.64e-14 V=3.05e-01 factor_V=2.45e+58 factor_rho=5.62e-56 rho_eV2=7.45e+57 rho_final=4.19e+02
BG_FUNC: a=1.78e-12 V=3.05e-01 factor_V=2.45e+58 factor_rho=5.62e-56 rho_eV2=7.45e+57 rho_final=4.19e+02
BG_FUNC: a=7.14e-11 V=3.05e-01 factor_V=2.45e+58 factor_rho=5.62e-56 rho_eV2=7.45e+57 rho_final=4.19e+02
BG_FUNC: a=2.87e-09 V=3.05e-01 factor_V=2.45e+58 factor_rho=5.62e-56 rho_eV2=7.45e+57 rho_final=4.19e+02
BG_FUNC: a=1.15e-07 V=3.05e-01 factor_V=2.45e+58 factor_rho=5.62e-56 rho_eV2=7.45e+57 rho_final=4.19e+02
BG_FUNC: a=4.61e-06 V=3.05e-01 factor_V=2.45e+58 factor_rho=5.62e-56 rho_eV2=7.45e+57 rho_final=4.19e+02
RIDDER S[mcmc] Progress @ 2025-11-30 17:50:33 : 1353 steps taken, and 129 accepted.
[mcmc] Progress @ 2025-11-30 17:51:37 : 1391 steps taken, and 136 accepted.
WITCHING: z_osc = 6196.81, a_osc = 1.613473e-04
DEBUG: Ridder field ENABLED. Lambda = 1.171004e+00
DEBUG: Ridder field ENABLED. Lambda = 1.171004e+00
BG_FUNC: a=1.05e-14 V=1.83e-01 factor_V=2.45e+58 factor_rho=5.62e-56 rho_eV2=4.47e+57 rho_final=2.51e+02
BG_FUNC: a=3.89e-13 V=1.83e-01 factor_V=2.45e+58 factor_rho=5.62e-56 rho_eV2=4.47e+57 rho_final=2.51e+02
BG_FUNC: a=1.55e-11 V=1.83e-01 factor_V=2.45e+58 factor_rho=5.62e-56 rho_eV2=4.47e+57 rho_final=2.51e+02
BG_FUNC: a=6.21e-10 V=1.83e-01 factor_V=2.45e+58 factor_rho=5.62e-56 rho_eV2=4.47e+57 rho_final=2.51e+02
BG_FUNC: a=2.48e-08 V=1.83e-01 factor_V=2.45e+58 factor_rho=5.62e-56 rho_eV2=4.47e+57 rho_final=2.51e+02
BG_FUNC: a=9.91e-07 V=1.83e-01 factor_V=2.45e+58 factor_rho=5.62e-56 rho_eV2=4.47e+57 rho_final=2.51e+02
BG_FUNC: a=3.95e-05 V=1.82e-01 factor_V=2.45e+58 factor_rho=5.62e-56 rho_eV2=4.46e+57 rho_final=2.51e+02
RIDDER SWITCHING: z_osc = 5385.77, a_osc = 1.856400e-04
DEBUG: Ridder field ENABLED. Lambda = 1.190724e+00
DEBUG: Ridder field ENABLED. Lambda = 1.190724e+00
BG_FUNC: a=7.54e-14 V=1.95e-01 factor_V=2.45e+58 factor_rho=5.62e-56 rho_eV2=4.77e+57 rho_final=2.68e+02
BG_FUNC: a=2.89e-12 V=1.95e-01 factor_V=2.45e+58 factor_rho=5.62e-56 rho_eV2=4.77e+57 rho_final=2.68e+02
BG_FUNC: a=1.12e-10 V=1.95e-01 factor_V=2.45e+58 factor_rho=5.62e-56 rho_eV2=4.77e+57 rho_final=2.68e+02
BG_FUNC: a=4.40e-09 V=1.95e-01 factor_V=2.45e+58 factor_rho=5.62e-56 rho_eV2=4.77e+57 rho_final=2.68e+02
BG_FUNC: a=1.73e-07 V=1.95e-01 factor_V=2.45e+58 factor_rho=5.62e-56 rho_eV2=4.77e+57 rho_final=2.68e+02
BG_FUNC: a=6.71e-06 V=1.95e-01 factor_V=2.45e+58 factor_rho=5.62e-56 rho_eV2=4.77e+57 rho_final=2.68e+02
RIDDER SWITCHING: z_osc = 5473.61, a_osc = 1.826613e-04
DEBUG: Ridder field ENABLED. Lambda = 1.156510e+00
DEBUG: Ridder field ENABLED. Lambda = 1.156510e+00
BG_FUNC: a=1.30e-14 V=1.74e-01 factor_V=2.45e+58 factor_rho=5.62e-56 rho_eV2=4.25e+57 rho_final=2.39e+02
BG_FUNC: a=4.86e-13 V=1.74e-01 factor_V=2.45e+58 factor_rho=5.62e-56 rho_eV2=4.25e+57 rho_final=2.39e+02
BG_FUNC: a=1.95e-11 V=1.74e-01 factor_V=2.45e+58 factor_rho=5.62e-56 rho_eV2=4.25e+57 rho_final=2.39e+02
BG_FUNC: a=7.80e-10 V=1.74e-01 factor_V=2.45e+58 factor_rho=5.62e-56 rho_eV2=4.25e+57 rho_final=2.39e+02
BG_FUNC: a=3.15e-08 V=1.74e-01 factor_V=2.45e+58 factor_rho=5.62e-56 rho_eV2=4.25e+57 rho_final=2.39e+02
BG_FUNC: a=1.25e-06 V=1.74e-01 factor_V=2.45e+58 factor_rho=5.62e-56 rho_eV2=4.25e+57 rho_final=2.39e+02
BG_FUNC: a=5.05e-05 V=1.72e-01 factor_V=2.45e+58 factor_rho=5.62e-56 rho_eV2=4.23e+57 rho_final=2.38e+02
RIDDER SWITCHING: z_osc = 5317.81, a_osc = 1.880121e-04
DEBUG: Ridder field ENABLED. Lambda = 1.353369e+00
DEBUG: Ridder field ENABLED. Lambda = 1.353369e+00
BG_FUNC: a=9.39e-14 V=3.26e-01 factor_V=2.45e+58 factor_rho=5.62e-56 rho_eV2=7.97e+57 rho_final=4.48e+02
BG_FUNC: a=3.65e-12 V=3.26e-01 factor_V=2.45e+58 factor_rho=5.62e-56 rho_eV2=7.97e+57 rho_final=4.48e+02
BG_FUNC: a=1.46e-10 V=3.26e-01 factor_V=2.45e+58 factor_rho=5.62e-56 rho_eV2=7.97e+57 rho_final=4.48e+02
BG_FUNC: a=5.84e-09 V=3.26e-01 factor_V=2.45e+58 factor_rho=5.62e-56 rho_eV2=7.97e+57 rho_final=4.48e+02
BG_FUNC: a=2.34e-07 V=3.26e-01 factor_V=2.45e+58 factor_rho=5.62e-56 rho_eV2=7.97e+57 rho_final=4.48e+02
BG_FUNC: a=9.33e-06 V=3.26e-01 factor_V=2.45e+58 factor_rho=5.62e-56 rho_eV2=7.97e+57 rho_final=4.48e+02
RIDDER SWITCHING: z_osc = 6311.50, a_osc = 1.584159e-04
DEBUG: Ridder field ENABLED. Lambda = 1.264638e+00
DEBUG: Ridder field ENABLED. Lambda = 1.264638e+00
BG_FUNC: a=2.12e-14 V=2.48e-01 factor_V=2.45e+58 factor_rho=5.62e-56 rho_eV2=6.08e+57 rho_final=3.42e+02
BG_FUNC: a=7.96e-13 V=2.48e-01 factor_V=2.45e+58 factor_rho=5.62e-56 rho_eV2=6.08e+57 rho_final=3.42e+02
BG_FUNC: a=3.18e-11 V=2.48e-01 factor_V=2.45e+58 factor_rho=5.62e-56 rho_eV2=6.08e+57 rho_final=3.42e+02
BG_FUNC: a=1.25e-09 V=2.48e-01 factor_V=2.45e+58 factor_rho=5.62e-56 rho_eV2=6.08e+57 rho_final=3.42e+02
BG_FUNC: a=4.97e-08 V=2.48e-01 factor_V=2.45e+58 factor_rho=5.62e-56 rho_eV2=6.08e+57 rho_final=3.42e+02
BG_FUNC: a=1.97e-06 V=2.48e-01 factor_V=2.45e+58 factor_rho[mcmc] Progress @ 2025-11-30 17:52:51 : 1406 steps taken, and 140 accepted.
[mcmc] Progress @ 2025-11-30 17:53:51 : 1432 steps taken, and 144 accepted.
=5.62e-56 rho_eV2=6.08e+57 rho_final=3.42e+02
BG_FUNC: a=7.78e-05 V=2.34e-01 factor_V=2.45e+58 factor_rho=5.62e-56 rho_eV2=5.86e+57 rho_final=3.29e+02
RIDDER SWITCHING: z_osc = 5858.78, a_osc = 1.706548e-04
DEBUG: Ridder field ENABLED. Lambda = 1.218655e+00
DEBUG: Ridder field ENABLED. Lambda = 1.218655e+00
BG_FUNC: a=1.56e-13 V=2.14e-01 factor_V=2.45e+58 factor_rho=5.62e-56 rho_eV2=5.24e+57 rho_final=2.95e+02
BG_FUNC: a=6.19e-12 V=2.14e-01 factor_V=2.45e+58 factor_rho=5.62e-56 rho_eV2=5.24e+57 rho_final=2.95e+02
BG_FUNC: a=2.46e-10 V=2.14e-01 factor_V=2.45e+58 factor_rho=5.62e-56 rho_eV2=5.24e+57 rho_final=2.95e+02
BG_FUNC: a=9.76e-09 V=2.14e-01 factor_V=2.45e+58 factor_rho=5.62e-56 rho_eV2=5.24e+57 rho_final=2.95e+02
BG_FUNC: a=3.87e-07 V=2.14e-01 factor_V=2.45e+58 factor_rho=5.62e-56 rho_eV2=5.24e+57 rho_final=2.95e+02
BG_FUNC: a=1.55e-05 V=2.14e-01 factor_V=2.45e+58 factor_rho=5.62e-56 rho_eV2=5.24e+57 rho_final=2.95e+02
RIDDER SWITCHING: z_osc = 5646.67, a_osc = 1.770642e-04
DEBUG: Ridder field ENABLED. Lambda = 1.156510e+00
DEBUG: Ridder field ENABLED. Lambda = 1.156510e+00
BG_FUNC: a=3.09e-14 V=1.74e-01 factor_V=2.45e+58 factor_rho=5.62e-56 rho_eV2=4.25e+57 rho_final=2.39e+02
BG_FUNC: a=1.17e-12 V=1.74e-01 factor_V=2.45e+58 factor_rho=5.62e-56 rho_eV2=4.25e+57 rho_final=2.39e+02
BG_FUNC: a=4.62e-11 V=1.74e-01 factor_V=2.45e+58 factor_rho=5.62e-56 rho_eV2=4.25e+57 rho_final=2.39e+02
BG_FUNC: a=1.83e-09 V=1.74e-01 factor_V=2.45e+58 factor_rho=5.62e-56 rho_eV2=4.25e+57 rho_final=2.39e+02
BG_FUNC: a=7.24e-08 V=1.74e-01 factor_V=2.45e+58 factor_rho=5.62e-56 rho_eV2=4.25e+57 rho_final=2.39e+02
BG_FUNC: a=2.87e-06 V=1.74e-01 factor_V=2.45e+58 factor_rho=5.62e-56 rho_eV2=4.25e+57 rho_final=2.39e+02
BG_FUNC: a=1.12e-04 V=1.47e-01 factor_V=2.45e+58 factor_rho=5.62e-56 rho_eV2=3.83e+57 rho_final=2.16e+02
RIDDER SWITCHING: z_osc = 5313.85, a_osc = 1.881521e-04
DEBUG: Ridder field ENABLED. Lambda = 1.059219e+00
DEBUG: Ridder field ENABLED. Lambda = 1.059219e+00
BG_FUNC: a=2.05e-13 V=1.22e-01 factor_V=2.45e+58 factor_rho=5.62e-56 rho_eV2=2.99e+57 rho_final=1.68e+02
BG_FUNC: a=8.13e-12 V=1.22e-01 factor_V=2.45e+58 factor_rho=5.62e-56 rho_eV2=2.99e+57 rho_final=1.68e+02
BG_FUNC: a=3.23e-10 V=1.22e-01 factor_V=2.45e+58 factor_rho=5.62e-56 rho_eV2=2.99e+57 rho_final=1.68e+02
BG_FUNC: a=1.28e-08 V=1.22e-01 factor_V=2.45e+58 factor_rho=5.62e-56 rho_eV2=2.99e+57 rho_final=1.68e+02
BG_FUNC: a=5.09e-07 V=1.22e-01 factor_V=2.45e+58 factor_rho=5.62e-56 rho_eV2=2.99e+57 rho_final=1.68e+02
BG_FUNC: a=2.02e-05 V=1.22e-01 factor_V=2.45e+58 factor_rho=5.62e-56 rho_eV2=2.99e+57 rho_final=1.68e+02
RIDDER SWITCHING: z_osc = 4805.67, a_osc = 2.080441e-04
DEBUG: Ridder field ENABLED. Lambda = 1.196316e+00
DEBUG: Ridder field ENABLED. Lambda = 1.196316e+00
BG_FUNC: a=3.50e-14 V=1.99e-01 factor_V=2.45e+58 factor_rho=5.62e-56 rho_eV2=4.87e+57 rho_final=2.74e+02
BG_FUNC: a=1.31e-12 V=1.99e-01 factor_V=2.45e+58 factor_rho=5.62e-56 rho_eV2=4.87e+57 rho_final=2.74e+02
BG_FUNC: a=5.19e-11 V=1.99e-01 factor_V=2.45e+58 factor_rho=5.62e-56 rho_eV2=4.87e+57 rho_final=2.74e+02
BG_FUNC: a=2.06e-09 V=1.99e-01 factor_V=2.45e+58 factor_rho=5.62e-56 rho_eV2=4.87e+57 rho_final=2.74e+02
BG_FUNC: a=8.15e-08 V=1.99e-01 factor_V=2.45e+58 factor_rho=5.62e-56 rho_eV2=4.87e+57 rho_final=2.74e+02
BG_FUNC: a=3.23e-06 V=1.99e-01 factor_V=2.45e+58 factor_rho=5.62e-56 rho_eV2=4.87e+57 rho_final=2.74e+02
BG_FUNC: a=1.26e-04 V=1.48e-01 factor_V=2.45e+58 factor_rho=5.62e-56 rho_eV2=4.07e+57 rho_final=2.29e+02
RIDDER SWITCHING: z_osc = 5500.16, a_osc = 1.817798e-04
DEBUG: Ridder field ENABLED. Lambda = 1.312662e+00
DEBUG: Ridder field ENABLED. Lambda = 1.312662e+00
BG_FUNC: a=2.39e-13 V=2.88e-01 factor_V=2.45e+58 factor_rho=5.62e-56 rho_eV2=7.05e+57 rho_final=3.96e+02
BG_FUNC: a=9.68e-12 V=2.88e-01 factor_V=2.45e+58 factor_rho=5.62e-56 rho_eV2=7.05e+57 rho_final=3.96e+02
BG_FUNC: a=3.85e-10 V=2.88e-01 factor_V=2.45e+58 factor_rho=5.62e-56 rho_eV2=7.05e+57 rho_final=3.96e+02
BG_FUNC: a=1.55e-08 V=2.88e-01 factor_V=2.45e+58 factor_rho=5.62e-56 rho_eV2=7.05e+57 rho_final=3.96e+02
BG_FU[mcmc] Progress @ 2025-11-30 17:54:52 : 1481 steps taken, and 154 accepted.
[mcmc] Progress @ 2025-11-30 17:56:03 : 1497 steps taken, and 156 accepted.
NC: a=6.21e-07 V=2.88e-01 factor_V=2.45e+58 factor_rho=5.62e-56 rho_eV2=7.05e+57 rho_final=3.96e+02
BG_FUNC: a=2.49e-05 V=2.88e-01 factor_V=2.45e+58 factor_rho=5.62e-56 rho_eV2=7.05e+57 rho_final=3.96e+02
RIDDER SWITCHING: z_osc = 6124.78, a_osc = 1.632444e-04
DEBUG: Ridder field ENABLED. Lambda = 1.400562e+00
DEBUG: Ridder field ENABLED. Lambda = 1.400562e+00
BG_FUNC: a=5.41e-14 V=3.74e-01 factor_V=2.45e+58 factor_rho=5.62e-56 rho_eV2=9.14e+57 rho_final=5.14e+02
BG_FUNC: a=2.07e-12 V=3.74e-01 factor_V=2.45e+58 factor_rho=5.62e-56 rho_eV2=9.14e+57 rho_final=5.14e+02
BG_FUNC: a=8.27e-11 V=3.74e-01 factor_V=2.45e+58 factor_rho=5.62e-56 rho_eV2=9.14e+57 rho_final=5.14e+02
BG_FUNC: a=3.26e-09 V=3.74e-01 factor_V=2.45e+58 factor_rho=5.62e-56 rho_eV2=9.14e+57 rho_final=5.14e+02
BG_FUNC: a=1.29e-07 V=3.74e-01 factor_V=2.45e+58 factor_rho=5.62e-56 rho_eV2=9.14e+57 rho_final=5.14e+02
BG_FUNC: a=5.13e-06 V=3.74e-01 factor_V=2.45e+58 factor_rho=5.62e-56 rho_eV2=9.14e+57 rho_final=5.14e+02
RIDDER SWITCHING: z_osc = 6576.17, a_osc = 1.520411e-04
DEBUG: Ridder field ENABLED. Lambda = 1.124632e+00
DEBUG: Ridder field ENABLED. Lambda = 1.124632e+00
BG_FUNC: a=1.24e-14 V=1.55e-01 factor_V=2.45e+58 factor_rho=5.62e-56 rho_eV2=3.80e+57 rho_final=2.14e+02
BG_FUNC: a=4.62e-13 V=1.55e-01 factor_V=2.45e+58 factor_rho=5.62e-56 rho_eV2=3.80e+57 rho_final=2.14e+02
BG_FUNC: a=1.84e-11 V=1.55e-01 factor_V=2.45e+58 factor_rho=5.62e-56 rho_eV2=3.80e+57 rho_final=2.14e+02
BG_FUNC: a=7.35e-10 V=1.55e-01 factor_V=2.45e+58 factor_rho=5.62e-56 rho_eV2=3.80e+57 rho_final=2.14e+02
BG_FUNC: a=2.94e-08 V=1.55e-01 factor_V=2.45e+58 factor_rho=5.62e-56 rho_eV2=3.80e+57 rho_final=2.14e+02
BG_FUNC: a=1.17e-06 V=1.55e-01 factor_V=2.45e+58 factor_rho=5.62e-56 rho_eV2=3.80e+57 rho_final=2.14e+02
BG_FUNC: a=4.66e-05 V=1.55e-01 factor_V=2.45e+58 factor_rho=5.62e-56 rho_eV2=3.79e+57 rho_final=2.13e+02
RIDDER SWITCHING: z_osc = 5143.54, a_osc = 1.943809e-04
DEBUG: Ridder field ENABLED. Lambda = 9.843640e-01
DEBUG: Ridder field ENABLED. Lambda = 9.843640e-01
BG_FUNC: a=8.43e-14 V=9.12e-02 factor_V=2.45e+58 factor_rho=5.62e-56 rho_eV2=2.23e+57 rho_final=1.25e+02
BG_FUNC: a=3.28e-12 V=9.12e-02 factor_V=2.45e+58 factor_rho=5.62e-56 rho_eV2=2.23e+57 rho_final=1.25e+02
BG_FUNC: a=1.31e-10 V=9.12e-02 factor_V=2.45e+58 factor_rho=5.62e-56 rho_eV2=2.23e+57 rho_final=1.25e+02
BG_FUNC: a=5.26e-09 V=9.12e-02 factor_V=2.45e+58 factor_rho=5.62e-56 rho_eV2=2.23e+57 rho_final=1.25e+02
BG_FUNC: a=2.13e-07 V=9.12e-02 factor_V=2.45e+58 factor_rho=5.62e-56 rho_eV2=2.23e+57 rho_final=1.25e+02
BG_FUNC: a=8.45e-06 V=9.12e-02 factor_V=2.45e+58 factor_rho=5.62e-56 rho_eV2=2.23e+57 rho_final=1.25e+02
RIDDER SWITCHING: z_osc = 4425.74, a_osc = 2.258997e-04
DEBUG: Ridder field ENABLED. Lambda = 1.674156e+00
DEBUG: Ridder field ENABLED. Lambda = 1.674156e+00
BG_FUNC: a=1.36e-14 V=7.63e-01 factor_V=2.45e+58 factor_rho=5.62e-56 rho_eV2=1.87e+58 rho_final=1.05e+03
BG_FUNC: a=5.06e-13 V=7.63e-01 factor_V=2.45e+58 factor_rho=5.62e-56 rho_eV2=1.87e+58 rho_final=1.05e+03
BG_FUNC: a=2.01e-11 V=7.63e-01 factor_V=2.45e+58 factor_rho=5.62e-56 rho_eV2=1.87e+58 rho_final=1.05e+03
BG_FUNC: a=7.96e-10 V=7.63e-01 factor_V=2.45e+58 factor_rho=5.62e-56 rho_eV2=1.87e+58 rho_final=1.05e+03
BG_FUNC: a=3.16e-08 V=7.63e-01 factor_V=2.45e+58 factor_rho=5.62e-56 rho_eV2=1.87e+58 rho_final=1.05e+03
BG_FUNC: a=1.26e-06 V=7.63e-01 factor_V=2.45e+58 factor_rho=5.62e-56 rho_eV2=1.87e+58 rho_final=1.05e+03
BG_FUNC: a=4.94e-05 V=7.39e-01 factor_V=2.45e+58 factor_rho=5.62e-56 rho_eV2=1.83e+58 rho_final=1.03e+03
RIDDER SWITCHING: z_osc = 7995.68, a_osc = 1.250519e-04
DEBUG: Ridder field ENABLED. Lambda = 1.257484e+00
DEBUG: Ridder field ENABLED. Lambda = 1.257484e+00
BG_FUNC: a=1.34e-13 V=2.43e-01 factor_V=2.45e+58 factor_rho=5.62e-56 rho_eV2=5.94e+57 rho_final=3.34e+02
BG_FUNC: a=5.32e-12 V=2.43e-01 factor_V=2.45e+58 factor_rho=5.62e-56 rho_eV2=5.94e+57 rho_final=3.34e+02
BG_FUNC: a=2.11e-10 V=2.43e-01 factor_V=2.45e+58 factor_rho=5.62e-56 rho_eV2=5.94e+57 rho_final=3.34e+02
BG_FUNC: a=8.37e-09 V=2.43e-01 factor_V=2.45e+58 factor_[mcmc] Progress @ 2025-11-30 17:57:12 : 1541 steps taken, and 165 accepted.
[mcmc] Progress @ 2025-11-30 17:58:12 : 1571 steps taken, and 168 accepted.
rho=5.62e-56 rho_eV2=5.94e+57 rho_final=3.34e+02
BG_FUNC: a=3.35e-07 V=2.43e-01 factor_V=2.45e+58 factor_rho=5.62e-56 rho_eV2=5.94e+57 rho_final=3.34e+02
BG_FUNC: a=1.32e-05 V=2.43e-01 factor_V=2.45e+58 factor_rho=5.62e-56 rho_eV2=5.94e+57 rho_final=3.34e+02
RIDDER SWITCHING: z_osc = 5845.79, a_osc = 1.710340e-04
DEBUG: Ridder field ENABLED. Lambda = 1.156510e+00
DEBUG: Ridder field ENABLED. Lambda = 1.156510e+00
BG_FUNC: a=2.75e-14 V=1.74e-01 factor_V=2.45e+58 factor_rho=5.62e-56 rho_eV2=4.25e+57 rho_final=2.39e+02
BG_FUNC: a=1.03e-12 V=1.74e-01 factor_V=2.45e+58 factor_rho=5.62e-56 rho_eV2=4.25e+57 rho_final=2.39e+02
BG_FUNC: a=4.08e-11 V=1.74e-01 factor_V=2.45e+58 factor_rho=5.62e-56 rho_eV2=4.25e+57 rho_final=2.39e+02
BG_FUNC: a=1.59e-09 V=1.74e-01 factor_V=2.45e+58 factor_rho=5.62e-56 rho_eV2=4.25e+57 rho_final=2.39e+02
BG_FUNC: a=6.22e-08 V=1.74e-01 factor_V=2.45e+58 factor_rho=5.62e-56 rho_eV2=4.25e+57 rho_final=2.39e+02
BG_FUNC: a=2.44e-06 V=1.74e-01 factor_V=2.45e+58 factor_rho=5.62e-56 rho_eV2=4.25e+57 rho_final=2.39e+02
BG_FUNC: a=9.38e-05 V=1.60e-01 factor_V=2.45e+58 factor_rho=5.62e-56 rho_eV2=4.03e+57 rho_final=2.27e+02
RIDDER SWITCHING: z_osc = 5311.29, a_osc = 1.882427e-04
DEBUG: Ridder field ENABLED. Lambda = 1.216873e+00
DEBUG: Ridder field ENABLED. Lambda = 1.216873e+00
BG_FUNC: a=1.68e-13 V=2.13e-01 factor_V=2.45e+58 factor_rho=5.62e-56 rho_eV2=5.21e+57 rho_final=2.93e+02
BG_FUNC: a=6.65e-12 V=2.13e-01 factor_V=2.45e+58 factor_rho=5.62e-56 rho_eV2=5.21e+57 rho_final=2.93e+02
BG_FUNC: a=2.59e-10 V=2.13e-01 factor_V=2.45e+58 factor_rho=5.62e-56 rho_eV2=5.21e+57 rho_final=2.93e+02
BG_FUNC: a=1.01e-08 V=2.13e-01 factor_V=2.45e+58 factor_rho=5.62e-56 rho_eV2=5.21e+57 rho_final=2.93e+02
BG_FUNC: a=3.98e-07 V=2.13e-01 factor_V=2.45e+58 factor_rho=5.62e-56 rho_eV2=5.21e+57 rho_final=2.93e+02
BG_FUNC: a=1.53e-05 V=2.13e-01 factor_V=2.45e+58 factor_rho=5.62e-56 rho_eV2=5.21e+57 rho_final=2.93e+02
RIDDER SWITCHING: z_osc = 5621.79, a_osc = 1.778475e-04
DEBUG: Ridder field ENABLED. Lambda = 1.026109e+00
DEBUG: Ridder field ENABLED. Lambda = 1.026109e+00
BG_FUNC: a=3.04e-14 V=1.08e-01 factor_V=2.45e+58 factor_rho=5.62e-56 rho_eV2=2.63e+57 rho_final=1.48e+02
BG_FUNC: a=1.16e-12 V=1.08e-01 factor_V=2.45e+58 factor_rho=5.62e-56 rho_eV2=2.63e+57 rho_final=1.48e+02
BG_FUNC: a=4.62e-11 V=1.08e-01 factor_V=2.45e+58 factor_rho=5.62e-56 rho_eV2=2.63e+57 rho_final=1.48e+02
BG_FUNC: a=1.85e-09 V=1.08e-01 factor_V=2.45e+58 factor_rho=5.62e-56 rho_eV2=2.63e+57 rho_final=1.48e+02
BG_FUNC: a=7.39e-08 V=1.08e-01 factor_V=2.45e+58 factor_rho=5.62e-56 rho_eV2=2.63e+57 rho_final=1.48e+02
BG_FUNC: a=2.96e-06 V=1.08e-01 factor_V=2.45e+58 factor_rho=5.62e-56 rho_eV2=2.63e+57 rho_final=1.48e+02
BG_FUNC: a=1.18e-04 V=9.51e-02 factor_V=2.45e+58 factor_rho=5.62e-56 rho_eV2=2.44e+57 rho_final=1.37e+02
RIDDER SWITCHING: z_osc = 4612.36, a_osc = 2.167617e-04
DEBUG: Ridder field ENABLED. Lambda = 1.427744e+00
DEBUG: Ridder field ENABLED. Lambda = 1.427744e+00
BG_FUNC: a=1.86e-13 V=4.04e-01 factor_V=2.45e+58 factor_rho=5.62e-56 rho_eV2=9.87e+57 rho_final=5.55e+02
BG_FUNC: a=7.41e-12 V=4.04e-01 factor_V=2.45e+58 factor_rho=5.62e-56 rho_eV2=9.87e+57 rho_final=5.55e+02
BG_FUNC: a=2.95e-10 V=4.04e-01 factor_V=2.45e+58 factor_rho=5.62e-56 rho_eV2=9.87e+57 rho_final=5.55e+02
BG_FUNC: a=1.17e-08 V=4.04e-01 factor_V=2.45e+58 factor_rho=5.62e-56 rho_eV2=9.87e+57 rho_final=5.55e+02
BG_FUNC: a=4.66e-07 V=4.04e-01 factor_V=2.45e+58 factor_rho=5.62e-56 rho_eV2=9.87e+57 rho_final=5.55e+02
BG_FUNC: a=1.85e-05 V=4.04e-01 factor_V=2.45e+58 factor_rho=5.62e-56 rho_eV2=9.87e+57 rho_final=5.55e+02
RIDDER SWITCHING: z_osc = 6702.26, a_osc = 1.491811e-04
DEBUG: Ridder field ENABLED. Lambda = 1.470224e+00
DEBUG: Ridder field ENABLED. Lambda = 1.470224e+00
BG_FUNC: a=4.39e-14 V=4.54e-01 factor_V=2.45e+58 factor_rho=5.62e-56 rho_eV2=1.11e+58 rho_final=6.24e+02
BG_FUNC: a=1.68e-12 V=4.54e-01 factor_V=2.45e+58 factor_rho=5.62e-56 rho_eV2=1.11e+58 rho_final=6.24e+02
BG_FUNC: a=6.73e-11 V=4.54e-01 factor_V=2.45e+58 factor_rho=5.62e-56 rho_eV2=1.11e+58 rho_final=6.24e+02
BG[mcmc] Progress @ 2025-11-30 17:59:15 : 1609 steps taken, and 173 accepted.
[mcmc] Progress @ 2025-11-30 18:00:32 : 1637 steps taken, and 177 accepted.
_FUNC: a=2.69e-09 V=4.54e-01 factor_V=2.45e+58 factor_rho=5.62e-56 rho_eV2=1.11e+58 rho_final=6.24e+02
BG_FUNC: a=1.08e-07 V=4.54e-01 factor_V=2.45e+58 factor_rho=5.62e-56 rho_eV2=1.11e+58 rho_final=6.24e+02
BG_FUNC: a=4.31e-06 V=4.54e-01 factor_V=2.45e+58 factor_rho=5.62e-56 rho_eV2=1.11e+58 rho_final=6.24e+02
RIDDER SWITCHING: z_osc = 6934.19, a_osc = 1.441921e-04
DEBUG: Ridder field ENABLED. Lambda = 1.064242e+00
DEBUG: Ridder field ENABLED. Lambda = 1.064242e+00
BG_FUNC: a=1.10e-14 V=1.25e-01 factor_V=2.45e+58 factor_rho=5.62e-56 rho_eV2=3.05e+57 rho_final=1.71e+02
BG_FUNC: a=4.06e-13 V=1.25e-01 factor_V=2.45e+58 factor_rho=5.62e-56 rho_eV2=3.05e+57 rho_final=1.71e+02
BG_FUNC: a=1.61e-11 V=1.25e-01 factor_V=2.45e+58 factor_rho=5.62e-56 rho_eV2=3.05e+57 rho_final=1.71e+02
BG_FUNC: a=6.37e-10 V=1.25e-01 factor_V=2.45e+58 factor_rho=5.62e-56 rho_eV2=3.05e+57 rho_final=1.71e+02
BG_FUNC: a=2.52e-08 V=1.25e-01 factor_V=2.45e+58 factor_rho=5.62e-56 rho_eV2=3.05e+57 rho_final=1.71e+02
BG_FUNC: a=9.99e-07 V=1.25e-01 factor_V=2.45e+58 factor_rho=5.62e-56 rho_eV2=3.05e+57 rho_final=1.71e+02
BG_FUNC: a=3.94e-05 V=1.24e-01 factor_V=2.45e+58 factor_rho=5.62e-56 rho_eV2=3.04e+57 rho_final=1.71e+02
RIDDER SWITCHING: z_osc = 4802.14, a_osc = 2.081970e-04
DEBUG: Ridder field ENABLED. Lambda = 1.086620e+00
DEBUG: Ridder field ENABLED. Lambda = 1.086620e+00
BG_FUNC: a=6.67e-14 V=1.35e-01 factor_V=2.45e+58 factor_rho=5.62e-56 rho_eV2=3.31e+57 rho_final=1.86e+02
BG_FUNC: a=2.55e-12 V=1.35e-01 factor_V=2.45e+58 factor_rho=5.62e-56 rho_eV2=3.31e+57 rho_final=1.86e+02
BG_FUNC: a=1.02e-10 V=1.35e-01 factor_V=2.45e+58 factor_rho=5.62e-56 rho_eV2=3.31e+57 rho_final=1.86e+02
BG_FUNC: a=4.02e-09 V=1.35e-01 factor_V=2.45e+58 factor_rho=5.62e-56 rho_eV2=3.31e+57 rho_final=1.86e+02
BG_FUNC: a=1.59e-07 V=1.35e-01 factor_V=2.45e+58 factor_rho=5.62e-56 rho_eV2=3.31e+57 rho_final=1.86e+02
BG_FUNC: a=6.37e-06 V=1.35e-01 factor_V=2.45e+58 factor_rho=5.62e-56 rho_eV2=3.31e+57 rho_final=1.86e+02
RIDDER SWITCHING: z_osc = 4886.74, a_osc = 2.045936e-04
DEBUG: Ridder field ENABLED. Lambda = 1.044318e+00
DEBUG: Ridder field ENABLED. Lambda = 1.044318e+00
BG_FUNC: a=1.12e-14 V=1.16e-01 factor_V=2.45e+58 factor_rho=5.62e-56 rho_eV2=2.83e+57 rho_final=1.59e+02
BG_FUNC: a=4.15e-13 V=1.16e-01 factor_V=2.45e+58 factor_rho=5.62e-56 rho_eV2=2.83e+57 rho_final=1.59e+02
BG_FUNC: a=1.66e-11 V=1.16e-01 factor_V=2.45e+58 factor_rho=5.62e-56 rho_eV2=2.83e+57 rho_final=1.59e+02
BG_FUNC: a=6.53e-10 V=1.16e-01 factor_V=2.45e+58 factor_rho=5.62e-56 rho_eV2=2.83e+57 rho_final=1.59e+02
BG_FUNC: a=2.59e-08 V=1.16e-01 factor_V=2.45e+58 factor_rho=5.62e-56 rho_eV2=2.83e+57 rho_final=1.59e+02
BG_FUNC: a=1.03e-06 V=1.16e-01 factor_V=2.45e+58 factor_rho=5.62e-56 rho_eV2=2.83e+57 rho_final=1.59e+02
BG_FUNC: a=4.06e-05 V=1.15e-01 factor_V=2.45e+58 factor_rho=5.62e-56 rho_eV2=2.82e+57 rho_final=1.59e+02
RIDDER SWITCHING: z_osc = 4706.25, a_osc = 2.124383e-04
DEBUG: Ridder field ENABLED. Lambda = 1.156510e+00
DEBUG: Ridder field ENABLED. Lambda = 1.156510e+00
BG_FUNC: a=6.79e-14 V=1.74e-01 factor_V=2.45e+58 factor_rho=5.62e-56 rho_eV2=4.25e+57 rho_final=2.39e+02
BG_FUNC: a=2.60e-12 V=1.74e-01 factor_V=2.45e+58 factor_rho=5.62e-56 rho_eV2=4.25e+57 rho_final=2.39e+02
BG_FUNC: a=1.03e-10 V=1.74e-01 factor_V=2.45e+58 factor_rho=5.62e-56 rho_eV2=4.25e+57 rho_final=2.39e+02
BG_FUNC: a=4.09e-09 V=1.74e-01 factor_V=2.45e+58 factor_rho=5.62e-56 rho_eV2=4.25e+57 rho_final=2.39e+02
BG_FUNC: a=1.62e-07 V=1.74e-01 factor_V=2.45e+58 factor_rho=5.62e-56 rho_eV2=4.25e+57 rho_final=2.39e+02
BG_FUNC: a=6.43e-06 V=1.74e-01 factor_V=2.45e+58 factor_rho=5.62e-56 rho_eV2=4.25e+57 rho_final=2.39e+02
RIDDER SWITCHING: z_osc = 5307.16, a_osc = 1.883893e-04
DEBUG: Ridder field ENABLED. Lambda = 1.156510e+00
DEBUG: Ridder field ENABLED. Lambda = 1.156510e+00
BG_FUNC: a=1.24e-14 V=1.74e-01 factor_V=2.45e+58 factor_rho=5.62e-56 rho_eV2=4.25e+57 rho_final=2.39e+02
BG_FUNC: a=4.59e-13 V=1.74e-01 factor_V=2.45e+58 factor_rho=5.62e-56 rho_eV2=4.25e+57 rho_final=2.39e+02
BG_FUNC: a=1.82e-11 V=1.74e-01 factor_V=2.45e+58 fact[mcmc] Progress @ 2025-11-30 18:01:45 : 1652 steps taken, and 179 accepted.
[mcmc] Progress @ 2025-11-30 18:02:59 : 1673 steps taken, and 183 accepted.
or_rho=5.62e-56 rho_eV2=4.25e+57 rho_final=2.39e+02
BG_FUNC: a=7.24e-10 V=1.74e-01 factor_V=2.45e+58 factor_rho=5.62e-56 rho_eV2=4.25e+57 rho_final=2.39e+02
BG_FUNC: a=2.87e-08 V=1.74e-01 factor_V=2.45e+58 factor_rho=5.62e-56 rho_eV2=4.25e+57 rho_final=2.39e+02
BG_FUNC: a=1.14e-06 V=1.74e-01 factor_V=2.45e+58 factor_rho=5.62e-56 rho_eV2=4.25e+57 rho_final=2.39e+02
BG_FUNC: a=4.50e-05 V=1.73e-01 factor_V=2.45e+58 factor_rho=5.62e-56 rho_eV2=4.24e+57 rho_final=2.38e+02
RIDDER SWITCHING: z_osc = 5311.15, a_osc = 1.882477e-04
DEBUG: Ridder field ENABLED. Lambda = 1.078338e+00
DEBUG: Ridder field ENABLED. Lambda = 1.078338e+00
BG_FUNC: a=8.42e-14 V=1.31e-01 factor_V=2.45e+58 factor_rho=5.62e-56 rho_eV2=3.21e+57 rho_final=1.81e+02
BG_FUNC: a=3.24e-12 V=1.31e-01 factor_V=2.45e+58 factor_rho=5.62e-56 rho_eV2=3.21e+57 rho_final=1.81e+02
BG_FUNC: a=1.28e-10 V=1.31e-01 factor_V=2.45e+58 factor_rho=5.62e-56 rho_eV2=3.21e+57 rho_final=1.81e+02
BG_FUNC: a=5.10e-09 V=1.31e-01 factor_V=2.45e+58 factor_rho=5.62e-56 rho_eV2=3.21e+57 rho_final=1.81e+02
BG_FUNC: a=2.02e-07 V=1.31e-01 factor_V=2.45e+58 factor_rho=5.62e-56 rho_eV2=3.21e+57 rho_final=1.81e+02
BG_FUNC: a=8.01e-06 V=1.31e-01 factor_V=2.45e+58 factor_rho=5.62e-56 rho_eV2=3.21e+57 rho_final=1.81e+02
RIDDER SWITCHING: z_osc = 4906.04, a_osc = 2.037890e-04
DEBUG: Ridder field ENABLED. Lambda = 8.388105e-01
DEBUG: Ridder field ENABLED. Lambda = 8.388105e-01
BG_FUNC: a=1.42e-14 V=4.81e-02 factor_V=2.45e+58 factor_rho=5.62e-56 rho_eV2=1.18e+57 rho_final=6.61e+01
BG_FUNC: a=5.28e-13 V=4.81e-02 factor_V=2.45e+58 factor_rho=5.62e-56 rho_eV2=1.18e+57 rho_final=6.61e+01
BG_FUNC: a=2.10e-11 V=4.81e-02 factor_V=2.45e+58 factor_rho=5.62e-56 rho_eV2=1.18e+57 rho_final=6.61e+01
BG_FUNC: a=8.31e-10 V=4.81e-02 factor_V=2.45e+58 factor_rho=5.62e-56 rho_eV2=1.18e+57 rho_final=6.61e+01
BG_FUNC: a=3.33e-08 V=4.81e-02 factor_V=2.45e+58 factor_rho=5.62e-56 rho_eV2=1.18e+57 rho_final=6.61e+01
BG_FUNC: a=1.32e-06 V=4.81e-02 factor_V=2.45e+58 factor_rho=5.62e-56 rho_eV2=1.18e+57 rho_final=6.61e+01
BG_FUNC: a=5.22e-05 V=4.80e-02 factor_V=2.45e+58 factor_rho=5.62e-56 rho_eV2=1.17e+57 rho_final=6.60e+01
RIDDER SWITCHING: z_osc = 3671.74, a_osc = 2.722763e-04
DEBUG: Ridder field ENABLED. Lambda = 1.201718e+00
DEBUG: Ridder field ENABLED. Lambda = 1.201718e+00
BG_FUNC: a=6.72e-14 V=2.03e-01 factor_V=2.45e+58 factor_rho=5.62e-56 rho_eV2=4.95e+57 rho_final=2.78e+02
BG_FUNC: a=2.58e-12 V=2.03e-01 factor_V=2.45e+58 factor_rho=5.62e-56 rho_eV2=4.95e+57 rho_final=2.78e+02
BG_FUNC: a=1.03e-10 V=2.03e-01 factor_V=2.45e+58 factor_rho=5.62e-56 rho_eV2=4.95e+57 rho_final=2.78e+02
BG_FUNC: a=4.09e-09 V=2.03e-01 factor_V=2.45e+58 factor_rho=5.62e-56 rho_eV2=4.95e+57 rho_final=2.78e+02
BG_FUNC: a=1.63e-07 V=2.03e-01 factor_V=2.45e+58 factor_rho=5.62e-56 rho_eV2=4.95e+57 rho_final=2.78e+02
BG_FUNC: a=6.46e-06 V=2.03e-01 factor_V=2.45e+58 factor_rho=5.62e-56 rho_eV2=4.95e+57 rho_final=2.78e+02
RIDDER SWITCHING: z_osc = 5588.76, a_osc = 1.788985e-04
DEBUG: Ridder field ENABLED. Lambda = 1.438617e+00
DEBUG: Ridder field ENABLED. Lambda = 1.438617e+00
BG_FUNC: a=1.30e-14 V=4.16e-01 factor_V=2.45e+58 factor_rho=5.62e-56 rho_eV2=1.02e+58 rho_final=5.72e+02
BG_FUNC: a=4.85e-13 V=4.16e-01 factor_V=2.45e+58 factor_rho=5.62e-56 rho_eV2=1.02e+58 rho_final=5.72e+02
BG_FUNC: a=1.93e-11 V=4.16e-01 factor_V=2.45e+58 factor_rho=5.62e-56 rho_eV2=1.02e+58 rho_final=5.72e+02
BG_FUNC: a=7.64e-10 V=4.16e-01 factor_V=2.45e+58 factor_rho=5.62e-56 rho_eV2=1.02e+58 rho_final=5.72e+02
BG_FUNC: a=3.03e-08 V=4.16e-01 factor_V=2.45e+58 factor_rho=5.62e-56 rho_eV2=1.02e+58 rho_final=5.72e+02
BG_FUNC: a=1.20e-06 V=4.16e-01 factor_V=2.45e+58 factor_rho=5.62e-56 rho_eV2=1.02e+58 rho_final=5.72e+02
BG_FUNC: a=4.75e-05 V=4.10e-01 factor_V=2.45e+58 factor_rho=5.62e-56 rho_eV2=1.01e+58 rho_final=5.67e+02
RIDDER SWITCHING: z_osc = 6762.82, a_osc = 1.478455e-04
DEBUG: Ridder field ENABLED. Lambda = 9.019587e-01
DEBUG: Ridder field ENABLED. Lambda = 9.019587e-01
BG_FUNC: a=1.11e-13 V=6.43e-02 factor_V=2.45e+58 factor_rho=5.62e-56 rho_eV2=1.57e+57 rho_final=8.84e+01[mcmc] Progress @ 2025-11-30 18:03:59 : 1701 steps taken, and 189 accepted.
[mcmc] Progress @ 2025-11-30 18:05:21 : 1776 steps taken, and 203 accepted.

BG_FUNC: a=4.39e-12 V=6.43e-02 factor_V=2.45e+58 factor_rho=5.62e-56 rho_eV2=1.57e+57 rho_final=8.84e+01
BG_FUNC: a=1.75e-10 V=6.43e-02 factor_V=2.45e+58 factor_rho=5.62e-56 rho_eV2=1.57e+57 rho_final=8.84e+01
BG_FUNC: a=7.02e-09 V=6.43e-02 factor_V=2.45e+58 factor_rho=5.62e-56 rho_eV2=1.57e+57 rho_final=8.84e+01
BG_FUNC: a=2.80e-07 V=6.43e-02 factor_V=2.45e+58 factor_rho=5.62e-56 rho_eV2=1.57e+57 rho_final=8.84e+01
BG_FUNC: a=1.12e-05 V=6.43e-02 factor_V=2.45e+58 factor_rho=5.62e-56 rho_eV2=1.57e+57 rho_final=8.84e+01
RIDDER SWITCHING: z_osc = 3963.52, a_osc = 2.522372e-04
DEBUG: Ridder field ENABLED. Lambda = 1.035720e+00
DEBUG: Ridder field ENABLED. Lambda = 1.035720e+00
BG_FUNC: a=1.61e-14 V=1.12e-01 factor_V=2.45e+58 factor_rho=5.62e-56 rho_eV2=2.73e+57 rho_final=1.54e+02
BG_FUNC: a=6.03e-13 V=1.12e-01 factor_V=2.45e+58 factor_rho=5.62e-56 rho_eV2=2.73e+57 rho_final=1.54e+02
BG_FUNC: a=2.39e-11 V=1.12e-01 factor_V=2.45e+58 factor_rho=5.62e-56 rho_eV2=2.73e+57 rho_final=1.54e+02
BG_FUNC: a=9.49e-10 V=1.12e-01 factor_V=2.45e+58 factor_rho=5.62e-56 rho_eV2=2.73e+57 rho_final=1.54e+02
BG_FUNC: a=3.77e-08 V=1.12e-01 factor_V=2.45e+58 factor_rho=5.62e-56 rho_eV2=2.73e+57 rho_final=1.54e+02
BG_FUNC: a=1.50e-06 V=1.12e-01 factor_V=2.45e+58 factor_rho=5.62e-56 rho_eV2=2.73e+57 rho_final=1.54e+02
BG_FUNC: a=5.90e-05 V=1.11e-01 factor_V=2.45e+58 factor_rho=5.62e-56 rho_eV2=2.72e+57 rho_final=1.53e+02
RIDDER SWITCHING: z_osc = 4672.74, a_osc = 2.139614e-04
DEBUG: Ridder field ENABLED. Lambda = 1.224229e+00
DEBUG: Ridder field ENABLED. Lambda = 1.224229e+00
BG_FUNC: a=9.41e-14 V=2.18e-01 factor_V=2.45e+58 factor_rho=5.62e-56 rho_eV2=5.34e+57 rho_final=3.00e+02
BG_FUNC: a=3.72e-12 V=2.18e-01 factor_V=2.45e+58 factor_rho=5.62e-56 rho_eV2=5.34e+57 rho_final=3.00e+02
BG_FUNC: a=1.47e-10 V=2.18e-01 factor_V=2.45e+58 factor_rho=5.62e-56 rho_eV2=5.34e+57 rho_final=3.00e+02
BG_FUNC: a=5.84e-09 V=2.18e-01 factor_V=2.45e+58 factor_rho=5.62e-56 rho_eV2=5.34e+57 rho_final=3.00e+02
BG_FUNC: a=2.31e-07 V=2.18e-01 factor_V=2.45e+58 factor_rho=5.62e-56 rho_eV2=5.34e+57 rho_final=3.00e+02
BG_FUNC: a=9.15e-06 V=2.18e-01 factor_V=2.45e+58 factor_rho=5.62e-56 rho_eV2=5.34e+57 rho_final=3.00e+02
RIDDER SWITCHING: z_osc = 5642.41, a_osc = 1.771978e-04
DEBUG: Ridder field ENABLED. Lambda = 1.373682e+00
DEBUG: Ridder field ENABLED. Lambda = 1.373682e+00
BG_FUNC: a=1.85e-14 V=3.46e-01 factor_V=2.45e+58 factor_rho=5.62e-56 rho_eV2=8.46e+57 rho_final=4.75e+02
BG_FUNC: a=7.01e-13 V=3.46e-01 factor_V=2.45e+58 factor_rho=5.62e-56 rho_eV2=8.46e+57 rho_final=4.75e+02
BG_FUNC: a=2.82e-11 V=3.46e-01 factor_V=2.45e+58 factor_rho=5.62e-56 rho_eV2=8.46e+57 rho_final=4.75e+02
BG_FUNC: a=1.13e-09 V=3.46e-01 factor_V=2.45e+58 factor_rho=5.62e-56 rho_eV2=8.46e+57 rho_final=4.75e+02
BG_FUNC: a=4.56e-08 V=3.46e-01 factor_V=2.45e+58 factor_rho=5.62e-56 rho_eV2=8.46e+57 rho_final=4.75e+02
BG_FUNC: a=1.83e-06 V=3.46e-01 factor_V=2.45e+58 factor_rho=5.62e-56 rho_eV2=8.46e+57 rho_final=4.75e+02
BG_FUNC: a=7.33e-05 V=3.24e-01 factor_V=2.45e+58 factor_rho=5.62e-56 rho_eV2=8.12e+57 rho_final=4.57e+02
RIDDER SWITCHING: z_osc = 6443.57, a_osc = 1.551695e-04
DEBUG: Ridder field ENABLED. Lambda = 1.025832e+00
DEBUG: Ridder field ENABLED. Lambda = 1.025832e+00
BG_FUNC: a=1.61e-13 V=1.08e-01 factor_V=2.45e+58 factor_rho=5.62e-56 rho_eV2=2.63e+57 rho_final=1.48e+02
BG_FUNC: a=6.45e-12 V=1.08e-01 factor_V=2.45e+58 factor_rho=5.62e-56 rho_eV2=2.63e+57 rho_final=1.48e+02
BG_FUNC: a=2.58e-10 V=1.08e-01 factor_V=2.45e+58 factor_rho=5.62e-56 rho_eV2=2.63e+57 rho_final=1.48e+02
BG_FUNC: a=1.03e-08 V=1.08e-01 factor_V=2.45e+58 factor_rho=5.62e-56 rho_eV2=2.63e+57 rho_final=1.48e+02
BG_FUNC: a=4.14e-07 V=1.08e-01 factor_V=2.45e+58 factor_rho=5.62e-56 rho_eV2=2.63e+57 rho_final=1.48e+02
BG_FUNC: a=1.66e-05 V=1.08e-01 factor_V=2.45e+58 factor_rho=5.62e-56 rho_eV2=2.63e+57 rho_final=1.48e+02
RIDDER SWITCHING: z_osc = 4627.48, a_osc = 2.160538e-04
DEBUG: Ridder field ENABLED. Lambda = 1.316674e+00
DEBUG: Ridder field ENABLED. Lambda = 1.316674e+00
BG_FUNC: a=2.75e-14 V=2.92e-01 factor_V=2.45e+58 f[mcmc] Progress @ 2025-11-30 18:06:37 : 1794 steps taken, and 207 accepted.
actor_rho=5.62e-56 rho_eV2=7.14e+57 rho_final=4.01e+02
BG_FUNC: a=1.04e-12 V=2.92e-01 factor_V=2.45e+58 factor_rho=5.62e-56 rho_eV2=7.14e+57 rho_final=4.01e+02
BG_FUNC: a=4.14e-11 V=2.92e-01 factor_V=2.45e+58 factor_rho=5.62e-56 rho_eV2=7.14e+57 rho_final=4.01e+02
BG_FUNC: a=1.65e-09 V=2.92e-01 factor_V=2.45e+58 factor_rho=5.62e-56 rho_eV2=7.14e+57 rho_final=4.01e+02
BG_FUNC: a=6.55e-08 V=2.92e-01 factor_V=2.45e+58 factor_rho=5.62e-56 rho_eV2=7.14e+57 rho_final=4.01e+02
BG_FUNC: a=2.61e-06 V=2.92e-01 factor_V=2.45e+58 factor_rho=5.62e-56 rho_eV2=7.14e+57 rho_final=4.01e+02
BG_FUNC: a=1.03e-04 V=2.39e-01 factor_V=2.45e+58 factor_rho=5.62e-56 rho_eV2=6.31e+57 rho_final=3.55e+02
RIDDER SWITCHING: z_osc = 6150.76, a_osc = 1.625552e-04
DEBUG: Ridder field ENABLED. Lambda = 9.778095e-01
DEBUG: Ridder field ENABLED. Lambda = 9.778095e-01
BG_FUNC: a=2.17e-13 V=8.88e-02 factor_V=2.45e+58 factor_rho=5.62e-56 rho_eV2=2.17e+57 rho_final=1.22e+02
BG_FUNC: a=8.56e-12 V=8.88e-02 factor_V=2.45e+58 factor_rho=5.62e-56 rho_eV2=2.17e+57 rho_final=1.22e+02
BG_FUNC: a=3.33e-10 V=8.88e-02 factor_V=2.45e+58 factor_rho=5.62e-56 rho_eV2=2.17e+57 rho_final=1.22e+02
BG_FUNC: a=1.31e-08 V=8.88e-02 factor_V=2.45e+58 factor_rho=5.62e-56 rho_eV2=2.17e+57 rho_final=1.22e+02
BG_FUNC: a=5.16e-07 V=8.88e-02 factor_V=2.45e+58 factor_rho=5.62e-56 rho_eV2=2.17e+57 rho_final=1.22e+02
BG_FUNC: a=1.97e-05 V=8.88e-02 factor_V=2.45e+58 factor_rho=5.62e-56 rho_eV2=2.17e+57 rho_final=1.22e+02
RIDDER SWITCHING: z_osc = 4406.03, a_osc = 2.269103e-04
DEBUG: Ridder field ENABLED. Lambda = 1.071757e+00
DEBUG: Ridder field ENABLED. Lambda = 1.071757e+00
BG_FUNC: a=3.06e-14 V=1.28e-01 factor_V=2.45e+58 factor_rho=5.62e-56 rho_eV2=3.13e+57 rho_final=1.76e+02
BG_FUNC: a=1.16e-12 V=1.28e-01 factor_V=2.45e+58 factor_rho=5.62e-56 rho_eV2=3.13e+57 rho_final=1.76e+02
BG_FUNC: a=4.64e-11 V=1.28e-01 factor_V=2.45e+58 factor_rho=5.62e-56 rho_eV2=3.13e+57 rho_final=1.76e+02
BG_FUNC: a=1.82e-09 V=1.28e-01 factor_V=2.45e+58 factor_rho=5.62e-56 rho_eV2=3.13e+57 rho_final=1.76e+02
BG_FUNC: a=7.23e-08 V=1.28e-01 factor_V=2.45e+58 factor_rho=5.62e-56 rho_eV2=3.13e+57 rho_final=1.76e+02
BG_FUNC: a=2.87e-06 V=1.28e-01 factor_V=2.45e+58 factor_rho=5.62e-56 rho_eV2=3.13e+57 rho_final=1.76e+02
BG_FUNC: a=1.13e-04 V=1.13e-01 factor_V=2.45e+58 factor_rho=5.62e-56 rho_eV2=2.90e+57 rho_final=1.63e+02
RIDDER SWITCHING: z_osc = 4834.11, a_osc = 2.068206e-04
DEBUG: Ridder field ENABLED. Lambda = 1.156510e+00
DEBUG: Ridder field ENABLED. Lambda = 1.156510e+00
BG_FUNC: a=1.86e-13 V=1.74e-01 factor_V=2.45e+58 factor_rho=5.62e-56 rho_eV2=4.25e+57 rho_final=2.39e+02
BG_FUNC: a=7.38e-12 V=1.74e-01 factor_V=2.45e+58 factor_rho=5.62e-56 rho_eV2=4.25e+57 rho_final=2.39e+02
BG_FUNC: a=2.92e-10 V=1.74e-01 factor_V=2.45e+58 factor_rho=5.62e-56 rho_eV2=4.25e+57 rho_final=2.39e+02
BG_FUNC: a=1.16e-08 V=1.74e-01 factor_V=2.45e+58 factor_rho=5.62e-56 rho_eV2=4.25e+57 rho_final=2.39e+02
BG_FUNC: a=4.59e-07 V=1.74e-01 factor_V=2.45e+58 factor_rho=5.62e-56 rho_eV2=4.25e+57 rho_final=2.39e+02
BG_FUNC: a=1.82e-05 V=1.74e-01 factor_V=2.45e+58 factor_rho=5.62e-56 rho_eV2=4.25e+57 rho_final=2.39e+02
RIDDER SWITCHING: z_osc = 5300.30, a_osc = 1.886329e-04
DEBUG: Ridder field ENABLED. Lambda = 1.304335e+00
DEBUG: Ridder field ENABLED. Lambda = 1.304335e+00
BG_FUNC: a=3.43e-14 V=2.81e-01 factor_V=2.45e+58 factor_rho=5.62e-56 rho_eV2=6.88e+57 rho_final=3.87e+02
BG_FUNC: a=1.31e-12 V=2.81e-01 factor_V=2.45e+58 factor_rho=5.62e-56 rho_eV2=6.88e+57 rho_final=3.87e+02
BG_FUNC: a=5.26e-11 V=2.81e-01 factor_V=2.45e+58 factor_rho=5.62e-56 rho_eV2=6.88e+57 rho_final=3.87e+02
BG_FUNC: a=2.11e-09 V=2.81e-01 factor_V=2.45e+58 factor_rho=5.62e-56 rho_eV2=6.88e+57 rho_final=3.87e+02
BG_FUNC: a=8.49e-08 V=2.81e-01 factor_V=2.45e+58 factor_rho=5.62e-56 rho_eV2=6.88e+57 rho_final=3.87e+02
BG_FUNC: a=3.41e-06 V=2.81e-01 factor_V=2.45e+58 factor_rho=5.62e-56 rho_eV2=6.88e+57 rho_final=3.87e+02
BG_FUNC: a=1.34e-04 V=1.70e-01 factor_V=2.45e+58 factor_rho=5.62e-56 rho_eV2=5.06e+57 rho_final=2.84e+02
RIDDER SWITCHING: z_osc = 6078.88, a_osc = 1.6447[mcmc] Progress @ 2025-11-30 18:07:55 : 1826 steps taken, and 215 accepted.
[mcmc] Progress @ 2025-11-30 18:08:56 : 1866 steps taken, and 222 accepted.
70e-04
DEBUG: Ridder field ENABLED. Lambda = 1.156510e+00
DEBUG: Ridder field ENABLED. Lambda = 1.156510e+00
BG_FUNC: a=2.83e-13 V=1.74e-01 factor_V=2.45e+58 factor_rho=5.62e-56 rho_eV2=4.25e+57 rho_final=2.39e+02
BG_FUNC: a=1.12e-11 V=1.74e-01 factor_V=2.45e+58 factor_rho=5.62e-56 rho_eV2=4.25e+57 rho_final=2.39e+02
BG_FUNC: a=4.45e-10 V=1.74e-01 factor_V=2.45e+58 factor_rho=5.62e-56 rho_eV2=4.25e+57 rho_final=2.39e+02
BG_FUNC: a=1.76e-08 V=1.74e-01 factor_V=2.45e+58 factor_rho=5.62e-56 rho_eV2=4.25e+57 rho_final=2.39e+02
BG_FUNC: a=7.05e-07 V=1.74e-01 factor_V=2.45e+58 factor_rho=5.62e-56 rho_eV2=4.25e+57 rho_final=2.39e+02
BG_FUNC: a=2.77e-05 V=1.74e-01 factor_V=2.45e+58 factor_rho=5.62e-56 rho_eV2=4.25e+57 rho_final=2.39e+02
RIDDER SWITCHING: z_osc = 5311.96, a_osc = 1.882189e-04
DEBUG: Ridder field ENABLED. Lambda = 1.311329e+00
DEBUG: Ridder field ENABLED. Lambda = 1.311329e+00
BG_FUNC: a=5.22e-14 V=2.87e-01 factor_V=2.45e+58 factor_rho=5.62e-56 rho_eV2=7.02e+57 rho_final=3.95e+02
BG_FUNC: a=2.00e-12 V=2.87e-01 factor_V=2.45e+58 factor_rho=5.62e-56 rho_eV2=7.02e+57 rho_final=3.95e+02
BG_FUNC: a=8.05e-11 V=2.87e-01 factor_V=2.45e+58 factor_rho=5.62e-56 rho_eV2=7.02e+57 rho_final=3.95e+02
BG_FUNC: a=3.18e-09 V=2.87e-01 factor_V=2.45e+58 factor_rho=5.62e-56 rho_eV2=7.02e+57 rho_final=3.95e+02
BG_FUNC: a=1.27e-07 V=2.87e-01 factor_V=2.45e+58 factor_rho=5.62e-56 rho_eV2=7.02e+57 rho_final=3.95e+02
BG_FUNC: a=5.05e-06 V=2.87e-01 factor_V=2.45e+58 factor_rho=5.62e-56 rho_eV2=7.02e+57 rho_final=3.95e+02
RIDDER SWITCHING: z_osc = 6116.41, a_osc = 1.634679e-04
DEBUG: Ridder field ENABLED. Lambda = 1.107803e+00
DEBUG: Ridder field ENABLED. Lambda = 1.107803e+00
BG_FUNC: a=1.12e-14 V=1.46e-01 factor_V=2.45e+58 factor_rho=5.62e-56 rho_eV2=3.58e+57 rho_final=2.01e+02
BG_FUNC: a=4.16e-13 V=1.46e-01 factor_V=2.45e+58 factor_rho=5.62e-56 rho_eV2=3.58e+57 rho_final=2.01e+02
BG_FUNC: a=1.65e-11 V=1.46e-01 factor_V=2.45e+58 factor_rho=5.62e-56 rho_eV2=3.58e+57 rho_final=2.01e+02
BG_FUNC: a=6.56e-10 V=1.46e-01 factor_V=2.45e+58 factor_rho=5.62e-56 rho_eV2=3.58e+57 rho_final=2.01e+02
BG_FUNC: a=2.60e-08 V=1.46e-01 factor_V=2.45e+58 factor_rho=5.62e-56 rho_eV2=3.58e+57 rho_final=2.01e+02
BG_FUNC: a=1.03e-06 V=1.46e-01 factor_V=2.45e+58 factor_rho=5.62e-56 rho_eV2=3.58e+57 rho_final=2.01e+02
BG_FUNC: a=4.12e-05 V=1.46e-01 factor_V=2.45e+58 factor_rho=5.62e-56 rho_eV2=3.57e+57 rho_final=2.01e+02
RIDDER SWITCHING: z_osc = 5032.68, a_osc = 1.986620e-04
DEBUG: Ridder field ENABLED. Lambda = 1.143133e+00
DEBUG: Ridder field ENABLED. Lambda = 1.143133e+00
BG_FUNC: a=7.26e-14 V=1.66e-01 factor_V=2.45e+58 factor_rho=5.62e-56 rho_eV2=4.06e+57 rho_final=2.28e+02
BG_FUNC: a=2.76e-12 V=1.66e-01 factor_V=2.45e+58 factor_rho=5.62e-56 rho_eV2=4.06e+57 rho_final=2.28e+02
BG_FUNC: a=1.08e-10 V=1.66e-01 factor_V=2.45e+58 factor_rho=5.62e-56 rho_eV2=4.06e+57 rho_final=2.28e+02
BG_FUNC: a=4.24e-09 V=1.66e-01 factor_V=2.45e+58 factor_rho=5.62e-56 rho_eV2=4.06e+57 rho_final=2.28e+02
BG_FUNC: a=1.66e-07 V=1.66e-01 factor_V=2.45e+58 factor_rho=5.62e-56 rho_eV2=4.06e+57 rho_final=2.28e+02
BG_FUNC: a=6.46e-06 V=1.66e-01 factor_V=2.45e+58 factor_rho=5.62e-56 rho_eV2=4.06e+57 rho_final=2.28e+02
RIDDER SWITCHING: z_osc = 5243.18, a_osc = 1.906874e-04
DEBUG: Ridder field ENABLED. Lambda = 8.809861e-01
DEBUG: Ridder field ENABLED. Lambda = 8.809861e-01
BG_FUNC: a=1.20e-14 V=5.85e-02 factor_V=2.45e+58 factor_rho=5.62e-56 rho_eV2=1.43e+57 rho_final=8.04e+01
BG_FUNC: a=4.47e-13 V=5.85e-02 factor_V=2.45e+58 factor_rho=5.62e-56 rho_eV2=1.43e+57 rho_final=8.04e+01
BG_FUNC: a=1.77e-11 V=5.85e-02 factor_V=2.45e+58 factor_rho=5.62e-56 rho_eV2=1.43e+57 rho_final=8.04e+01
BG_FUNC: a=7.02e-10 V=5.85e-02 factor_V=2.45e+58 factor_rho=5.62e-56 rho_eV2=1.43e+57 rho_final=8.04e+01
BG_FUNC: a=2.78e-08 V=5.85e-02 factor_V=2.45e+58 factor_rho=5.62e-56 rho_eV2=1.43e+57 rho_final=8.04e+01
BG_FUNC: a=1.10e-06 V=5.85e-02 factor_V=2.45e+58 factor_rho=5.62e-56 rho_eV2=1.43e+57 rho_final=8.04e+01
BG_FUNC: a=4.35e-05 V=5.84e-02 factor_V=2.45e+58 factor_rho=5.62e-56 rho_eV2=1.43e+57 rho_final=8.04[mcmc] Progress @ 2025-11-30 18:10:15 : 1894 steps taken, and 227 accepted.
[mcmc] Progress @ 2025-11-30 18:11:29 : 1915 steps taken, and 230 accepted.
e+01
RIDDER SWITCHING: z_osc = 3856.18, a_osc = 2.592565e-04
DEBUG: Ridder field ENABLED. Lambda = 1.461046e+00
DEBUG: Ridder field ENABLED. Lambda = 1.461046e+00
BG_FUNC: a=5.96e-14 V=4.43e-01 factor_V=2.45e+58 factor_rho=5.62e-56 rho_eV2=1.08e+58 rho_final=6.09e+02
BG_FUNC: a=2.30e-12 V=4.43e-01 factor_V=2.45e+58 factor_rho=5.62e-56 rho_eV2=1.08e+58 rho_final=6.09e+02
BG_FUNC: a=9.25e-11 V=4.43e-01 factor_V=2.45e+58 factor_rho=5.62e-56 rho_eV2=1.08e+58 rho_final=6.09e+02
BG_FUNC: a=3.72e-09 V=4.43e-01 factor_V=2.45e+58 factor_rho=5.62e-56 rho_eV2=1.08e+58 rho_final=6.09e+02
BG_FUNC: a=1.49e-07 V=4.43e-01 factor_V=2.45e+58 factor_rho=5.62e-56 rho_eV2=1.08e+58 rho_final=6.09e+02
BG_FUNC: a=5.99e-06 V=4.43e-01 factor_V=2.45e+58 factor_rho=5.62e-56 rho_eV2=1.08e+58 rho_final=6.08e+02
RIDDER SWITCHING: z_osc = 6890.30, a_osc = 1.451104e-04
DEBUG: Ridder field ENABLED. Lambda = 1.467501e+00
DEBUG: Ridder field ENABLED. Lambda = 1.467501e+00
BG_FUNC: a=1.51e-14 V=4.51e-01 factor_V=2.45e+58 factor_rho=5.62e-56 rho_eV2=1.10e+58 rho_final=6.19e+02
BG_FUNC: a=5.65e-13 V=4.51e-01 factor_V=2.45e+58 factor_rho=5.62e-56 rho_eV2=1.10e+58 rho_final=6.19e+02
BG_FUNC: a=2.25e-11 V=4.51e-01 factor_V=2.45e+58 factor_rho=5.62e-56 rho_eV2=1.10e+58 rho_final=6.19e+02
BG_FUNC: a=8.92e-10 V=4.51e-01 factor_V=2.45e+58 factor_rho=5.62e-56 rho_eV2=1.10e+58 rho_final=6.19e+02
BG_FUNC: a=3.54e-08 V=4.51e-01 factor_V=2.45e+58 factor_rho=5.62e-56 rho_eV2=1.10e+58 rho_final=6.19e+02
BG_FUNC: a=1.42e-06 V=4.51e-01 factor_V=2.45e+58 factor_rho=5.62e-56 rho_eV2=1.10e+58 rho_final=6.19e+02
BG_FUNC: a=5.57e-05 V=4.37e-01 factor_V=2.45e+58 factor_rho=5.62e-56 rho_eV2=1.08e+58 rho_final=6.08e+02
RIDDER SWITCHING: z_osc = 6958.64, a_osc = 1.436856e-04
DEBUG: Ridder field ENABLED. Lambda = 1.000065e+00
DEBUG: Ridder field ENABLED. Lambda = 1.000065e+00
BG_FUNC: a=1.32e-13 V=9.72e-02 factor_V=2.45e+58 factor_rho=5.62e-56 rho_eV2=2.38e+57 rho_final=1.34e+02
BG_FUNC: a=5.23e-12 V=9.72e-02 factor_V=2.45e+58 factor_rho=5.62e-56 rho_eV2=2.38e+57 rho_final=1.34e+02
BG_FUNC: a=2.07e-10 V=9.72e-02 factor_V=2.45e+58 factor_rho=5.62e-56 rho_eV2=2.38e+57 rho_final=1.34e+02
BG_FUNC: a=8.23e-09 V=9.72e-02 factor_V=2.45e+58 factor_rho=5.62e-56 rho_eV2=2.38e+57 rho_final=1.34e+02
BG_FUNC: a=3.26e-07 V=9.72e-02 factor_V=2.45e+58 factor_rho=5.62e-56 rho_eV2=2.38e+57 rho_final=1.34e+02
BG_FUNC: a=1.29e-05 V=9.72e-02 factor_V=2.45e+58 factor_rho=5.62e-56 rho_eV2=2.38e+57 rho_final=1.34e+02
RIDDER SWITCHING: z_osc = 4478.09, a_osc = 2.232594e-04
DEBUG: Ridder field ENABLED. Lambda = 1.153214e+00
DEBUG: Ridder field ENABLED. Lambda = 1.153214e+00
BG_FUNC: a=2.08e-14 V=1.72e-01 factor_V=2.45e+58 factor_rho=5.62e-56 rho_eV2=4.20e+57 rho_final=2.36e+02
BG_FUNC: a=7.79e-13 V=1.72e-01 factor_V=2.45e+58 factor_rho=5.62e-56 rho_eV2=4.20e+57 rho_final=2.36e+02
BG_FUNC: a=3.11e-11 V=1.72e-01 factor_V=2.45e+58 factor_rho=5.62e-56 rho_eV2=4.20e+57 rho_final=2.36e+02
BG_FUNC: a=1.22e-09 V=1.72e-01 factor_V=2.45e+58 factor_rho=5.62e-56 rho_eV2=4.20e+57 rho_final=2.36e+02
BG_FUNC: a=4.89e-08 V=1.72e-01 factor_V=2.45e+58 factor_rho=5.62e-56 rho_eV2=4.20e+57 rho_final=2.36e+02
BG_FUNC: a=1.92e-06 V=1.72e-01 factor_V=2.45e+58 factor_rho=5.62e-56 rho_eV2=4.20e+57 rho_final=2.36e+02
BG_FUNC: a=7.56e-05 V=1.66e-01 factor_V=2.45e+58 factor_rho=5.62e-56 rho_eV2=4.11e+57 rho_final=2.31e+02
RIDDER SWITCHING: z_osc = 5278.03, a_osc = 1.894287e-04
DEBUG: Ridder field ENABLED. Lambda = 1.156510e+00
DEBUG: Ridder field ENABLED. Lambda = 1.156510e+00
BG_FUNC: a=1.37e-13 V=1.74e-01 factor_V=2.45e+58 factor_rho=5.62e-56 rho_eV2=4.25e+57 rho_final=2.39e+02
BG_FUNC: a=5.47e-12 V=1.74e-01 factor_V=2.45e+58 factor_rho=5.62e-56 rho_eV2=4.25e+57 rho_final=2.39e+02
BG_FUNC: a=2.19e-10 V=1.74e-01 factor_V=2.45e+58 factor_rho=5.62e-56 rho_eV2=4.25e+57 rho_final=2.39e+02
BG_FUNC: a=8.77e-09 V=1.74e-01 factor_V=2.45e+58 factor_rho=5.62e-56 rho_eV2=4.25e+57 rho_final=2.39e+02
BG_FUNC: a=3.51e-07 V=1.74e-01 factor_V=2.45e+58 factor_rho=5.62e-56 rho_eV2=4.25e+57 rho_final=2.39e+02
BG_FUNC: a=1.41e-05 V=1.74e-01 factor_V=2.45e+[mcmc] Progress @ 2025-11-30 18:12:30 : 1954 steps taken, and 238 accepted.
[mcmc] Progress @ 2025-11-30 18:13:45 : 1980 steps taken, and 241 accepted.
58 factor_rho=5.62e-56 rho_eV2=4.25e+57 rho_final=2.39e+02
RIDDER SWITCHING: z_osc = 5317.81, a_osc = 1.880121e-04
DEBUG: Ridder field ENABLED. Lambda = 1.322432e+00
DEBUG: Ridder field ENABLED. Lambda = 1.322432e+00
BG_FUNC: a=2.69e-14 V=2.97e-01 factor_V=2.45e+58 factor_rho=5.62e-56 rho_eV2=7.26e+57 rho_final=4.08e+02
BG_FUNC: a=1.02e-12 V=2.97e-01 factor_V=2.45e+58 factor_rho=5.62e-56 rho_eV2=7.26e+57 rho_final=4.08e+02
BG_FUNC: a=4.07e-11 V=2.97e-01 factor_V=2.45e+58 factor_rho=5.62e-56 rho_eV2=7.26e+57 rho_final=4.08e+02
BG_FUNC: a=1.62e-09 V=2.97e-01 factor_V=2.45e+58 factor_rho=5.62e-56 rho_eV2=7.26e+57 rho_final=4.08e+02
BG_FUNC: a=6.46e-08 V=2.97e-01 factor_V=2.45e+58 factor_rho=5.62e-56 rho_eV2=7.26e+57 rho_final=4.08e+02
BG_FUNC: a=2.57e-06 V=2.97e-01 factor_V=2.45e+58 factor_rho=5.62e-56 rho_eV2=7.26e+57 rho_final=4.08e+02
BG_FUNC: a=1.02e-04 V=2.43e-01 factor_V=2.45e+58 factor_rho=5.62e-56 rho_eV2=6.43e+57 rho_final=3.61e+02
RIDDER SWITCHING: z_osc = 6171.34, a_osc = 1.620131e-04
DEBUG: Ridder field ENABLED. Lambda = 1.600857e+00
DEBUG: Ridder field ENABLED. Lambda = 1.600857e+00
BG_FUNC: a=2.15e-13 V=6.38e-01 factor_V=2.45e+58 factor_rho=5.62e-56 rho_eV2=1.56e+58 rho_final=8.77e+02
BG_FUNC: a=8.58e-12 V=6.38e-01 factor_V=2.45e+58 factor_rho=5.62e-56 rho_eV2=1.56e+58 rho_final=8.77e+02
BG_FUNC: a=3.37e-10 V=6.38e-01 factor_V=2.45e+58 factor_rho=5.62e-56 rho_eV2=1.56e+58 rho_final=8.77e+02
BG_FUNC: a=1.34e-08 V=6.38e-01 factor_V=2.45e+58 factor_rho=5.62e-56 rho_eV2=1.56e+58 rho_final=8.77e+02
BG_FUNC: a=5.30e-07 V=6.38e-01 factor_V=2.45e+58 factor_rho=5.62e-56 rho_eV2=1.56e+58 rho_final=8.77e+02
BG_FUNC: a=2.10e-05 V=6.37e-01 factor_V=2.45e+58 factor_rho=5.62e-56 rho_eV2=1.56e+58 rho_final=8.77e+02
RIDDER SWITCHING: z_osc = 7593.45, a_osc = 1.316751e-04
DEBUG: Ridder field ENABLED. Lambda = 1.264821e+00
DEBUG: Ridder field ENABLED. Lambda = 1.264821e+00
BG_FUNC: a=5.59e-14 V=2.49e-01 factor_V=2.45e+58 factor_rho=5.62e-56 rho_eV2=6.08e+57 rho_final=3.42e+02
BG_FUNC: a=2.15e-12 V=2.49e-01 factor_V=2.45e+58 factor_rho=5.62e-56 rho_eV2=6.08e+57 rho_final=3.42e+02
BG_FUNC: a=8.56e-11 V=2.49e-01 factor_V=2.45e+58 factor_rho=5.62e-56 rho_eV2=6.08e+57 rho_final=3.42e+02
BG_FUNC: a=3.41e-09 V=2.49e-01 factor_V=2.45e+58 factor_rho=5.62e-56 rho_eV2=6.08e+57 rho_final=3.42e+02
BG_FUNC: a=1.36e-07 V=2.49e-01 factor_V=2.45e+58 factor_rho=5.62e-56 rho_eV2=6.08e+57 rho_final=3.42e+02
BG_FUNC: a=5.42e-06 V=2.49e-01 factor_V=2.45e+58 factor_rho=5.62e-56 rho_eV2=6.08e+57 rho_final=3.42e+02
RIDDER SWITCHING: z_osc = 5832.00, a_osc = 1.714384e-04
DEBUG: Ridder field ENABLED. Lambda = 1.102628e+00
DEBUG: Ridder field ENABLED. Lambda = 1.102628e+00
BG_FUNC: a=1.16e-14 V=1.44e-01 factor_V=2.45e+58 factor_rho=5.62e-56 rho_eV2=3.51e+57 rho_final=1.97e+02
BG_FUNC: a=4.30e-13 V=1.44e-01 factor_V=2.45e+58 factor_rho=5.62e-56 rho_eV2=3.51e+57 rho_final=1.97e+02
BG_FUNC: a=1.72e-11 V=1.44e-01 factor_V=2.45e+58 factor_rho=5.62e-56 rho_eV2=3.51e+57 rho_final=1.97e+02
BG_FUNC: a=6.92e-10 V=1.44e-01 factor_V=2.45e+58 factor_rho=5.62e-56 rho_eV2=3.51e+57 rho_final=1.97e+02
BG_FUNC: a=2.77e-08 V=1.44e-01 factor_V=2.45e+58 factor_rho=5.62e-56 rho_eV2=3.51e+57 rho_final=1.97e+02
BG_FUNC: a=1.11e-06 V=1.44e-01 factor_V=2.45e+58 factor_rho=5.62e-56 rho_eV2=3.51e+57 rho_final=1.97e+02
BG_FUNC: a=4.46e-05 V=1.43e-01 factor_V=2.45e+58 factor_rho=5.62e-56 rho_eV2=3.50e+57 rho_final=1.97e+02
RIDDER SWITCHING: z_osc = 5007.63, a_osc = 1.996554e-04
DEBUG: Ridder field ENABLED. Lambda = 1.166293e+00
DEBUG: Ridder field ENABLED. Lambda = 1.166293e+00
BG_FUNC: a=7.92e-14 V=1.80e-01 factor_V=2.45e+58 factor_rho=5.62e-56 rho_eV2=4.39e+57 rho_final=2.47e+02
BG_FUNC: a=3.02e-12 V=1.80e-01 factor_V=2.45e+58 factor_rho=5.62e-56 rho_eV2=4.39e+57 rho_final=2.47e+02
BG_FUNC: a=1.21e-10 V=1.80e-01 factor_V=2.45e+58 factor_rho=5.62e-56 rho_eV2=4.39e+57 rho_final=2.47e+02
BG_FUNC: a=4.79e-09 V=1.80e-01 factor_V=2.45e+58 factor_rho=5.62e-56 rho_eV2=4.39e+57 rho_final=2.47e+02
BG_FUNC: a=1.89e-07 V=1.80e-01 factor_V=2.45e+58 factor_rho=5.62e-56 rho_eV2=4.39e+57 rho_final=2[mcmc] Progress @ 2025-11-30 18:14:49 : 2017 steps taken, and 247 accepted.
[mcmc] Progress @ 2025-11-30 18:15:49 : 2055 steps taken, and 251 accepted.
[mcmc] Progress @ 2025-11-30 18:16:51 : 2079 steps taken, and 254 accepted.
.47e+02
BG_FUNC: a=7.49e-06 V=1.80e-01 factor_V=2.45e+58 factor_rho=5.62e-56 rho_eV2=4.39e+57 rho_final=2.47e+02
RIDDER SWITCHING: z_osc = 5355.52, a_osc = 1.866884e-04
DEBUG: Ridder field ENABLED. Lambda = 8.749435e-01
DEBUG: Ridder field ENABLED. Lambda = 8.749435e-01
BG_FUNC: a=1.45e-14 V=5.69e-02 factor_V=2.45e+58 factor_rho=5.62e-56 rho_eV2=1.39e+57 rho_final=7.83e+01
BG_FUNC: a=5.43e-13 V=5.69e-02 factor_V=2.45e+58 factor_rho=5.62e-56 rho_eV2=1.39e+57 rho_final=7.83e+01
BG_FUNC: a=2.17e-11 V=5.69e-02 factor_V=2.45e+58 factor_rho=5.62e-56 rho_eV2=1.39e+57 rho_final=7.83e+01
BG_FUNC: a=8.69e-10 V=5.69e-02 factor_V=2.45e+58 factor_rho=5.62e-56 rho_eV2=1.39e+57 rho_final=7.83e+01
BG_FUNC: a=3.48e-08 V=5.69e-02 factor_V=2.45e+58 factor_rho=5.62e-56 rho_eV2=1.39e+57 rho_final=7.83e+01
BG_FUNC: a=1.39e-06 V=5.69e-02 factor_V=2.45e+58 factor_rho=5.62e-56 rho_eV2=1.39e+57 rho_final=7.83e+01
BG_FUNC: a=5.55e-05 V=5.67e-02 factor_V=2.45e+58 factor_rho=5.62e-56 rho_eV2=1.39e+57 rho_final=7.81e+01
RIDDER SWITCHING: z_osc = 3845.36, a_osc = 2.599862e-04
DEBUG: Ridder field ENABLED. Lambda = 6.585768e-01
DEBUG: Ridder field ENABLED. Lambda = 6.585768e-01
BG_FUNC: a=7.55e-14 V=1.83e-02 factor_V=2.45e+58 factor_rho=5.62e-56 rho_eV2=4.47e+56 rho_final=2.51e+01
BG_FUNC: a=2.93e-12 V=1.83e-02 factor_V=2.45e+58 factor_rho=5.62e-56 rho_eV2=4.47e+56 rho_final=2.51e+01
BG_FUNC: a=1.17e-10 V=1.83e-02 factor_V=2.45e+58 factor_rho=5.62e-56 rho_eV2=4.47e+56 rho_final=2.51e+01
BG_FUNC: a=4.69e-09 V=1.83e-02 factor_V=2.45e+58 factor_rho=5.62e-56 rho_eV2=4.47e+56 rho_final=2.51e+01
BG_FUNC: a=1.87e-07 V=1.83e-02 factor_V=2.45e+58 factor_rho=5.62e-56 rho_eV2=4.47e+56 rho_final=2.51e+01
BG_FUNC: a=7.56e-06 V=1.83e-02 factor_V=2.45e+58 factor_rho=5.62e-56 rho_eV2=4.47e+56 rho_final=2.51e+01
BG_FUNC: a=2.94e-04 V=1.02e-02 factor_V=2.45e+58 factor_rho=5.62e-56 rho_eV2=3.11e+56 rho_final=1.75e+01
RIDDER SWITCHING: z_osc = 2734.35, a_osc = 3.655835e-04
DEBUG: Ridder field ENABLED. Lambda = 1.244125e+00
DEBUG: Ridder field ENABLED. Lambda = 1.244125e+00
BG_FUNC: a=2.77e-13 V=2.33e-01 factor_V=2.45e+58 factor_rho=5.62e-56 rho_eV2=5.69e+57 rho_final=3.20e+02
BG_FUNC: a=1.10e-11 V=2.33e-01 factor_V=2.45e+58 factor_rho=5.62e-56 rho_eV2=5.69e+57 rho_final=3.20e+02
BG_FUNC: a=4.36e-10 V=2.33e-01 factor_V=2.45e+58 factor_rho=5.62e-56 rho_eV2=5.69e+57 rho_final=3.20e+02
BG_FUNC: a=1.73e-08 V=2.33e-01 factor_V=2.45e+58 factor_rho=5.62e-56 rho_eV2=5.69e+57 rho_final=3.20e+02
BG_FUNC: a=6.87e-07 V=2.33e-01 factor_V=2.45e+58 factor_rho=5.62e-56 rho_eV2=5.69e+57 rho_final=3.20e+02
BG_FUNC: a=2.73e-05 V=2.33e-01 factor_V=2.45e+58 factor_rho=5.62e-56 rho_eV2=5.69e+57 rho_final=3.20e+02
RIDDER SWITCHING: z_osc = 5743.64, a_osc = 1.740753e-04
DEBUG: Ridder field ENABLED. Lambda = 1.250607e+00
DEBUG: Ridder field ENABLED. Lambda = 1.250607e+00
BG_FUNC: a=5.51e-14 V=2.38e-01 factor_V=2.45e+58 factor_rho=5.62e-56 rho_eV2=5.81e+57 rho_final=3.27e+02
BG_FUNC: a=2.10e-12 V=2.38e-01 factor_V=2.45e+58 factor_rho=5.62e-56 rho_eV2=5.81e+57 rho_final=3.27e+02
BG_FUNC: a=8.33e-11 V=2.38e-01 factor_V=2.45e+58 factor_rho=5.62e-56 rho_eV2=5.81e+57 rho_final=3.27e+02
BG_FUNC: a=3.30e-09 V=2.38e-01 factor_V=2.45e+58 factor_rho=5.62e-56 rho_eV2=5.81e+57 rho_final=3.27e+02
BG_FUNC: a=1.31e-07 V=2.38e-01 factor_V=2.45e+58 factor_rho=5.62e-56 rho_eV2=5.81e+57 rho_final=3.27e+02
BG_FUNC: a=5.19e-06 V=2.38e-01 factor_V=2.45e+58 factor_rho=5.62e-56 rho_eV2=5.81e+57 rho_final=3.27e+02
RIDDER SWITCHING: z_osc = 5781.52, a_osc = 1.729349e-04
DEBUG: Ridder field ENABLED. Lambda = 1.156510e+00
DEBUG: Ridder field ENABLED. Lambda = 1.156510e+00
BG_FUNC: a=1.09e-14 V=1.74e-01 factor_V=2.45e+58 factor_rho=5.62e-56 rho_eV2=4.25e+57 rho_final=2.39e+02
BG_FUNC: a=4.06e-13 V=1.74e-01 factor_V=2.45e+58 factor_rho=5.62e-56 rho_eV2=4.25e+57 rho_final=2.39e+02
BG_FUNC: a=1.63e-11 V=1.74e-01 factor_V=2.45e+58 factor_rho=5.62e-56 rho_eV2=4.25e+57 rho_final=2.39e+02
BG_FUNC: a=6.51e-10 V=1.74e-01 factor_V=2.45e+58 factor_rho=5.62e-56 rho_eV2=4.25e+57 rho_final=2.39e+02
BG_FUNC: a=2.61e-08 V=1.74e-01 factor_V=2.4[mcmc] Progress @ 2025-11-30 18:17:51 : 2119 steps taken, and 261 accepted.
[mcmc] Progress @ 2025-11-30 18:19:11 : 2153 steps taken, and 266 accepted.
5e+58 factor_rho=5.62e-56 rho_eV2=4.25e+57 rho_final=2.39e+02
BG_FUNC: a=1.04e-06 V=1.74e-01 factor_V=2.45e+58 factor_rho=5.62e-56 rho_eV2=4.25e+57 rho_final=2.39e+02
BG_FUNC: a=4.17e-05 V=1.73e-01 factor_V=2.45e+58 factor_rho=5.62e-56 rho_eV2=4.24e+57 rho_final=2.38e+02
RIDDER SWITCHING: z_osc = 5317.81, a_osc = 1.880121e-04
DEBUG: Ridder field ENABLED. Lambda = 1.156510e+00
DEBUG: Ridder field ENABLED. Lambda = 1.156510e+00
BG_FUNC: a=7.87e-14 V=1.74e-01 factor_V=2.45e+58 factor_rho=5.62e-56 rho_eV2=4.25e+57 rho_final=2.39e+02
BG_FUNC: a=3.03e-12 V=1.74e-01 factor_V=2.45e+58 factor_rho=5.62e-56 rho_eV2=4.25e+57 rho_final=2.39e+02
BG_FUNC: a=1.20e-10 V=1.74e-01 factor_V=2.45e+58 factor_rho=5.62e-56 rho_eV2=4.25e+57 rho_final=2.39e+02
BG_FUNC: a=4.78e-09 V=1.74e-01 factor_V=2.45e+58 factor_rho=5.62e-56 rho_eV2=4.25e+57 rho_final=2.39e+02
BG_FUNC: a=1.90e-07 V=1.74e-01 factor_V=2.45e+58 factor_rho=5.62e-56 rho_eV2=4.25e+57 rho_final=2.39e+02
BG_FUNC: a=7.53e-06 V=1.74e-01 factor_V=2.45e+58 factor_rho=5.62e-56 rho_eV2=4.25e+57 rho_final=2.39e+02
RIDDER SWITCHING: z_osc = 5300.22, a_osc = 1.886357e-04
DEBUG: Ridder field ENABLED. Lambda = 1.070653e+00
DEBUG: Ridder field ENABLED. Lambda = 1.070653e+00
BG_FUNC: a=1.45e-14 V=1.28e-01 factor_V=2.45e+58 factor_rho=5.62e-56 rho_eV2=3.12e+57 rho_final=1.75e+02
BG_FUNC: a=5.35e-13 V=1.28e-01 factor_V=2.45e+58 factor_rho=5.62e-56 rho_eV2=3.12e+57 rho_final=1.75e+02
BG_FUNC: a=2.10e-11 V=1.28e-01 factor_V=2.45e+58 factor_rho=5.62e-56 rho_eV2=3.12e+57 rho_final=1.75e+02
BG_FUNC: a=8.23e-10 V=1.28e-01 factor_V=2.45e+58 factor_rho=5.62e-56 rho_eV2=3.12e+57 rho_final=1.75e+02
BG_FUNC: a=3.22e-08 V=1.28e-01 factor_V=2.45e+58 factor_rho=5.62e-56 rho_eV2=3.12e+57 rho_final=1.75e+02
BG_FUNC: a=1.26e-06 V=1.28e-01 factor_V=2.45e+58 factor_rho=5.62e-56 rho_eV2=3.12e+57 rho_final=1.75e+02
BG_FUNC: a=4.70e-05 V=1.27e-01 factor_V=2.45e+58 factor_rho=5.62e-56 rho_eV2=3.11e+57 rho_final=1.75e+02
RIDDER SWITCHING: z_osc = 4840.85, a_osc = 2.065324e-04
DEBUG: Ridder field ENABLED. Lambda = 1.367868e+00
DEBUG: Ridder field ENABLED. Lambda = 1.367868e+00
BG_FUNC: a=7.96e-14 V=3.40e-01 factor_V=2.45e+58 factor_rho=5.62e-56 rho_eV2=8.32e+57 rho_final=4.68e+02
BG_FUNC: a=3.08e-12 V=3.40e-01 factor_V=2.45e+58 factor_rho=5.62e-56 rho_eV2=8.32e+57 rho_final=4.68e+02
BG_FUNC: a=1.22e-10 V=3.40e-01 factor_V=2.45e+58 factor_rho=5.62e-56 rho_eV2=8.32e+57 rho_final=4.68e+02
BG_FUNC: a=4.82e-09 V=3.40e-01 factor_V=2.45e+58 factor_rho=5.62e-56 rho_eV2=8.32e+57 rho_final=4.68e+02
BG_FUNC: a=1.92e-07 V=3.40e-01 factor_V=2.45e+58 factor_rho=5.62e-56 rho_eV2=8.32e+57 rho_final=4.68e+02
BG_FUNC: a=7.61e-06 V=3.40e-01 factor_V=2.45e+58 factor_rho=5.62e-56 rho_eV2=8.32e+57 rho_final=4.67e+02
RIDDER SWITCHING: z_osc = 6404.55, a_osc = 1.561147e-04
DEBUG: Ridder field ENABLED. Lambda = 1.126313e+00
DEBUG: Ridder field ENABLED. Lambda = 1.126313e+00
BG_FUNC: a=1.75e-14 V=1.56e-01 factor_V=2.45e+58 factor_rho=5.62e-56 rho_eV2=3.82e+57 rho_final=2.15e+02
BG_FUNC: a=6.55e-13 V=1.56e-01 factor_V=2.45e+58 factor_rho=5.62e-56 rho_eV2=3.82e+57 rho_final=2.15e+02
BG_FUNC: a=2.60e-11 V=1.56e-01 factor_V=2.45e+58 factor_rho=5.62e-56 rho_eV2=3.82e+57 rho_final=2.15e+02
BG_FUNC: a=1.03e-09 V=1.56e-01 factor_V=2.45e+58 factor_rho=5.62e-56 rho_eV2=3.82e+57 rho_final=2.15e+02
BG_FUNC: a=4.08e-08 V=1.56e-01 factor_V=2.45e+58 factor_rho=5.62e-56 rho_eV2=3.82e+57 rho_final=2.15e+02
BG_FUNC: a=1.62e-06 V=1.56e-01 factor_V=2.45e+58 factor_rho=5.62e-56 rho_eV2=3.82e+57 rho_final=2.15e+02
BG_FUNC: a=6.37e-05 V=1.54e-01 factor_V=2.45e+58 factor_rho=5.62e-56 rho_eV2=3.78e+57 rho_final=2.13e+02
RIDDER SWITCHING: z_osc = 5131.45, a_osc = 1.948387e-04
DEBUG: Ridder field ENABLED. Lambda = 8.613868e-01
DEBUG: Ridder field ENABLED. Lambda = 8.613868e-01
BG_FUNC: a=1.12e-13 V=5.35e-02 factor_V=2.45e+58 factor_rho=5.62e-56 rho_eV2=1.31e+57 rho_final=7.35e+01
BG_FUNC: a=4.43e-12 V=5.35e-02 factor_V=2.45e+58 factor_rho=5.62e-56 rho_eV2=1.31e+57 rho_final=7.35e+01
BG_FUNC: a=1.76e-10 V=5.35e-02 factor_V=2.45e+58 factor_rho=5.62e-56 rho_eV2=1.31e+57 rho_fina[mcmc] Progress @ 2025-11-30 18:20:27 : 2180 steps taken, and 271 accepted.
l=7.35e+01
BG_FUNC: a=6.99e-09 V=5.35e-02 factor_V=2.45e+58 factor_rho=5.62e-56 rho_eV2=1.31e+57 rho_final=7.35e+01
BG_FUNC: a=2.78e-07 V=5.35e-02 factor_V=2.45e+58 factor_rho=5.62e-56 rho_eV2=1.31e+57 rho_final=7.35e+01
BG_FUNC: a=1.10e-05 V=5.35e-02 factor_V=2.45e+58 factor_rho=5.62e-56 rho_eV2=1.31e+57 rho_final=7.35e+01
RIDDER SWITCHING: z_osc = 3788.28, a_osc = 2.639021e-04
DEBUG: Ridder field ENABLED. Lambda = 1.137395e+00
DEBUG: Ridder field ENABLED. Lambda = 1.137395e+00
BG_FUNC: a=1.51e-14 V=1.63e-01 factor_V=2.45e+58 factor_rho=5.62e-56 rho_eV2=3.98e+57 rho_final=2.23e+02
BG_FUNC: a=5.66e-13 V=1.63e-01 factor_V=2.45e+58 factor_rho=5.62e-56 rho_eV2=3.98e+57 rho_final=2.23e+02
BG_FUNC: a=2.25e-11 V=1.63e-01 factor_V=2.45e+58 factor_rho=5.62e-56 rho_eV2=3.98e+57 rho_final=2.23e+02
BG_FUNC: a=8.92e-10 V=1.63e-01 factor_V=2.45e+58 factor_rho=5.62e-56 rho_eV2=3.98e+57 rho_final=2.23e+02
BG_FUNC: a=3.54e-08 V=1.63e-01 factor_V=2.45e+58 factor_rho=5.62e-56 rho_eV2=3.98e+57 rho_final=2.23e+02
BG_FUNC: a=1.41e-06 V=1.63e-01 factor_V=2.45e+58 factor_rho=5.62e-56 rho_eV2=3.98e+57 rho_final=2.23e+02
BG_FUNC: a=5.55e-05 V=1.61e-01 factor_V=2.45e+58 factor_rho=5.62e-56 rho_eV2=3.95e+57 rho_final=2.22e+02
RIDDER SWITCHING: z_osc = 5220.79, a_osc = 1.915051e-04
DEBUG: Ridder field ENABLED. Lambda = 1.324999e+00
DEBUG: Ridder field ENABLED. Lambda = 1.324999e+00
BG_FUNC: a=9.88e-14 V=2.99e-01 factor_V=2.45e+58 factor_rho=5.62e-56 rho_eV2=7.32e+57 rho_final=4.12e+02
BG_FUNC: a=3.93e-12 V=2.99e-01 factor_V=2.45e+58 factor_rho=5.62e-56 rho_eV2=7.32e+57 rho_final=4.12e+02
BG_FUNC: a=1.57e-10 V=2.99e-01 factor_V=2.45e+58 factor_rho=5.62e-56 rho_eV2=7.32e+57 rho_final=4.12e+02
BG_FUNC: a=6.24e-09 V=2.99e-01 factor_V=2.45e+58 factor_rho=5.62e-56 rho_eV2=7.32e+57 rho_final=4.12e+02
BG_FUNC: a=2.49e-07 V=2.99e-01 factor_V=2.45e+58 factor_rho=5.62e-56 rho_eV2=7.32e+57 rho_final=4.12e+02
BG_FUNC: a=9.91e-06 V=2.99e-01 factor_V=2.45e+58 factor_rho=5.62e-56 rho_eV2=7.32e+57 rho_final=4.12e+02
RIDDER SWITCHING: z_osc = 6116.67, a_osc = 1.634610e-04
DEBUG: Ridder field ENABLED. Lambda = 1.156510e+00
DEBUG: Ridder field ENABLED. Lambda = 1.156510e+00
BG_FUNC: a=2.18e-14 V=1.74e-01 factor_V=2.45e+58 factor_rho=5.62e-56 rho_eV2=4.25e+57 rho_final=2.39e+02
BG_FUNC: a=8.21e-13 V=1.74e-01 factor_V=2.45e+58 factor_rho=5.62e-56 rho_eV2=4.25e+57 rho_final=2.39e+02
BG_FUNC: a=3.25e-11 V=1.74e-01 factor_V=2.45e+58 factor_rho=5.62e-56 rho_eV2=4.25e+57 rho_final=2.39e+02
BG_FUNC: a=1.29e-09 V=1.74e-01 factor_V=2.45e+58 factor_rho=5.62e-56 rho_eV2=4.25e+57 rho_final=2.39e+02
BG_FUNC: a=5.11e-08 V=1.74e-01 factor_V=2.45e+58 factor_rho=5.62e-56 rho_eV2=4.25e+57 rho_final=2.39e+02
BG_FUNC: a=2.03e-06 V=1.74e-01 factor_V=2.45e+58 factor_rho=5.62e-56 rho_eV2=4.25e+57 rho_final=2.39e+02
BG_FUNC: a=8.00e-05 V=1.66e-01 factor_V=2.45e+58 factor_rho=5.62e-56 rho_eV2=4.13e+57 rho_final=2.32e+02
RIDDER SWITCHING: z_osc = 5311.96, a_osc = 1.882189e-04
DEBUG: Ridder field ENABLED. Lambda = 1.357126e+00
DEBUG: Ridder field ENABLED. Lambda = 1.357126e+00
BG_FUNC: a=1.46e-13 V=3.30e-01 factor_V=2.45e+58 factor_rho=5.62e-56 rho_eV2=8.06e+57 rho_final=4.53e+02
BG_FUNC: a=5.88e-12 V=3.30e-01 factor_V=2.45e+58 factor_rho=5.62e-56 rho_eV2=8.06e+57 rho_final=4.53e+02
BG_FUNC: a=2.37e-10 V=3.30e-01 factor_V=2.45e+58 factor_rho=5.62e-56 rho_eV2=8.06e+57 rho_final=4.53e+02
BG_FUNC: a=9.62e-09 V=3.30e-01 factor_V=2.45e+58 factor_rho=5.62e-56 rho_eV2=8.06e+57 rho_final=4.53e+02
BG_FUNC: a=3.84e-07 V=3.30e-01 factor_V=2.45e+58 factor_rho=5.62e-56 rho_eV2=8.06e+57 rho_final=4.53e+02
BG_FUNC: a=1.55e-05 V=3.29e-01 factor_V=2.45e+58 factor_rho=5.62e-56 rho_eV2=8.06e+57 rho_final=4.53e+02
RIDDER SWITCHING: z_osc = 6341.46, a_osc = 1.576675e-04
DEBUG: Ridder field ENABLED. Lambda = 1.113776e+00
DEBUG: Ridder field ENABLED. Lambda = 1.113776e+00
BG_FUNC: a=3.51e-14 V=1.49e-01 factor_V=2.45e+58 factor_rho=5.62e-56 rho_eV2=3.66e+57 rho_final=2.05e+02
BG_FUNC: a=1.35e-12 V=1.49e-01 factor_V=2.45e+58 factor_rho=5.62e-56 rho_eV2=3.66e+57 rho_final=2.05e+02
BG_FUNC: a=5.31e-11 V=1.49e-01 factor_V=[mcmc] Progress @ 2025-11-30 18:21:41 : 2211 steps taken, and 278 accepted.
[mcmc] Progress @ 2025-11-30 18:22:57 : 2250 steps taken, and 286 accepted.
2.45e+58 factor_rho=5.62e-56 rho_eV2=3.66e+57 rho_final=2.05e+02
BG_FUNC: a=2.12e-09 V=1.49e-01 factor_V=2.45e+58 factor_rho=5.62e-56 rho_eV2=3.66e+57 rho_final=2.05e+02
BG_FUNC: a=8.42e-08 V=1.49e-01 factor_V=2.45e+58 factor_rho=5.62e-56 rho_eV2=3.66e+57 rho_final=2.05e+02
BG_FUNC: a=3.35e-06 V=1.49e-01 factor_V=2.45e+58 factor_rho=5.62e-56 rho_eV2=3.66e+57 rho_final=2.05e+02
BG_FUNC: a=1.32e-04 V=1.15e-01 factor_V=2.45e+58 factor_rho=5.62e-56 rho_eV2=3.12e+57 rho_final=1.75e+02
RIDDER SWITCHING: z_osc = 5091.56, a_osc = 1.963647e-04
DEBUG: Ridder field ENABLED. Lambda = 1.005581e+00
DEBUG: Ridder field ENABLED. Lambda = 1.005581e+00
BG_FUNC: a=2.31e-13 V=9.93e-02 factor_V=2.45e+58 factor_rho=5.62e-56 rho_eV2=2.43e+57 rho_final=1.37e+02
BG_FUNC: a=9.22e-12 V=9.93e-02 factor_V=2.45e+58 factor_rho=5.62e-56 rho_eV2=2.43e+57 rho_final=1.37e+02
BG_FUNC: a=3.68e-10 V=9.93e-02 factor_V=2.45e+58 factor_rho=5.62e-56 rho_eV2=2.43e+57 rho_final=1.37e+02
BG_FUNC: a=1.47e-08 V=9.93e-02 factor_V=2.45e+58 factor_rho=5.62e-56 rho_eV2=2.43e+57 rho_final=1.37e+02
BG_FUNC: a=5.87e-07 V=9.93e-02 factor_V=2.45e+58 factor_rho=5.62e-56 rho_eV2=2.43e+57 rho_final=1.37e+02
BG_FUNC: a=2.34e-05 V=9.93e-02 factor_V=2.45e+58 factor_rho=5.62e-56 rho_eV2=2.43e+57 rho_final=1.37e+02
RIDDER SWITCHING: z_osc = 4518.64, a_osc = 2.212565e-04
DEBUG: Ridder field ENABLED. Lambda = 1.810788e+00
DEBUG: Ridder field ENABLED. Lambda = 1.810788e+00
BG_FUNC: a=3.74e-14 V=1.04e+00 factor_V=2.45e+58 factor_rho=5.62e-56 rho_eV2=2.55e+58 rho_final=1.44e+03
BG_FUNC: a=1.42e-12 V=1.04e+00 factor_V=2.45e+58 factor_rho=5.62e-56 rho_eV2=2.55e+58 rho_final=1.44e+03
BG_FUNC: a=5.64e-11 V=1.04e+00 factor_V=2.45e+58 factor_rho=5.62e-56 rho_eV2=2.55e+58 rho_final=1.44e+03
BG_FUNC: a=2.24e-09 V=1.04e+00 factor_V=2.45e+58 factor_rho=5.62e-56 rho_eV2=2.55e+58 rho_final=1.44e+03
BG_FUNC: a=8.86e-08 V=1.04e+00 factor_V=2.45e+58 factor_rho=5.62e-56 rho_eV2=2.55e+58 rho_final=1.44e+03
BG_FUNC: a=3.51e-06 V=1.04e+00 factor_V=2.45e+58 factor_rho=5.62e-56 rho_eV2=2.55e+58 rho_final=1.44e+03
RIDDER SWITCHING: z_osc = 8735.65, a_osc = 1.144603e-04
DEBUG: Ridder field ENABLED. Lambda = 1.371153e+00
DEBUG: Ridder field ENABLED. Lambda = 1.371153e+00
BG_FUNC: a=1.11e-14 V=3.43e-01 factor_V=2.45e+58 factor_rho=5.62e-56 rho_eV2=8.40e+57 rho_final=4.72e+02
BG_FUNC: a=4.13e-13 V=3.43e-01 factor_V=2.45e+58 factor_rho=5.62e-56 rho_eV2=8.40e+57 rho_final=4.72e+02
BG_FUNC: a=1.66e-11 V=3.43e-01 factor_V=2.45e+58 factor_rho=5.62e-56 rho_eV2=8.40e+57 rho_final=4.72e+02
BG_FUNC: a=6.67e-10 V=3.43e-01 factor_V=2.45e+58 factor_rho=5.62e-56 rho_eV2=8.40e+57 rho_final=4.72e+02
BG_FUNC: a=2.68e-08 V=3.43e-01 factor_V=2.45e+58 factor_rho=5.62e-56 rho_eV2=8.40e+57 rho_final=4.72e+02
BG_FUNC: a=1.08e-06 V=3.43e-01 factor_V=2.45e+58 factor_rho=5.62e-56 rho_eV2=8.40e+57 rho_final=4.72e+02
BG_FUNC: a=4.31e-05 V=3.40e-01 factor_V=2.45e+58 factor_rho=5.62e-56 rho_eV2=8.35e+57 rho_final=4.70e+02
RIDDER SWITCHING: z_osc = 6406.48, a_osc = 1.560676e-04
DEBUG: Ridder field ENABLED. Lambda = 1.219531e+00
DEBUG: Ridder field ENABLED. Lambda = 1.219531e+00
BG_FUNC: a=9.47e-14 V=2.15e-01 factor_V=2.45e+58 factor_rho=5.62e-56 rho_eV2=5.25e+57 rho_final=2.95e+02
BG_FUNC: a=3.75e-12 V=2.15e-01 factor_V=2.45e+58 factor_rho=5.62e-56 rho_eV2=5.25e+57 rho_final=2.95e+02
BG_FUNC: a=1.49e-10 V=2.15e-01 factor_V=2.45e+58 factor_rho=5.62e-56 rho_eV2=5.25e+57 rho_final=2.95e+02
BG_FUNC: a=5.88e-09 V=2.15e-01 factor_V=2.45e+58 factor_rho=5.62e-56 rho_eV2=5.25e+57 rho_final=2.95e+02
BG_FUNC: a=2.33e-07 V=2.15e-01 factor_V=2.45e+58 factor_rho=5.62e-56 rho_eV2=5.25e+57 rho_final=2.95e+02
BG_FUNC: a=9.24e-06 V=2.15e-01 factor_V=2.45e+58 factor_rho=5.62e-56 rho_eV2=5.25e+57 rho_final=2.95e+02
RIDDER SWITCHING: z_osc = 5631.39, a_osc = 1.775446e-04
DEBUG: Ridder field ENABLED. Lambda = 1.675687e+00
DEBUG: Ridder field ENABLED. Lambda = 1.675687e+00
BG_FUNC: a=1.85e-14 V=7.66e-01 factor_V=2.45e+58 factor_rho=5.62e-56 rho_eV2=1.87e+58 rho_final=1.05e+03
BG_FUNC: a=6.95e-13 V=7.66e-01 factor_V=2.45e+58 factor_rho=5.62e-56 rho_eV2=1.87e+58 rho_f[mcmc] Progress @ 2025-11-30 18:24:03 : 2292 steps taken, and 293 accepted.
[mcmc] Progress @ 2025-11-30 18:25:04 : 2316 steps taken, and 297 accepted.
inal=1.05e+03
BG_FUNC: a=2.76e-11 V=7.66e-01 factor_V=2.45e+58 factor_rho=5.62e-56 rho_eV2=1.87e+58 rho_final=1.05e+03
BG_FUNC: a=1.10e-09 V=7.66e-01 factor_V=2.45e+58 factor_rho=5.62e-56 rho_eV2=1.87e+58 rho_final=1.05e+03
BG_FUNC: a=4.35e-08 V=7.66e-01 factor_V=2.45e+58 factor_rho=5.62e-56 rho_eV2=1.87e+58 rho_final=1.05e+03
BG_FUNC: a=1.73e-06 V=7.66e-01 factor_V=2.45e+58 factor_rho=5.62e-56 rho_eV2=1.87e+58 rho_final=1.05e+03
BG_FUNC: a=6.83e-05 V=6.86e-01 factor_V=2.45e+58 factor_rho=5.62e-56 rho_eV2=1.75e+58 rho_final=9.84e+02
RIDDER SWITCHING: z_osc = 7999.41, a_osc = 1.249935e-04
DEBUG: Ridder field ENABLED. Lambda = 1.066370e+00
DEBUG: Ridder field ENABLED. Lambda = 1.066370e+00
BG_FUNC: a=1.87e-13 V=1.26e-01 factor_V=2.45e+58 factor_rho=5.62e-56 rho_eV2=3.07e+57 rho_final=1.73e+02
BG_FUNC: a=7.43e-12 V=1.26e-01 factor_V=2.45e+58 factor_rho=5.62e-56 rho_eV2=3.07e+57 rho_final=1.73e+02
BG_FUNC: a=2.95e-10 V=1.26e-01 factor_V=2.45e+58 factor_rho=5.62e-56 rho_eV2=3.07e+57 rho_final=1.73e+02
BG_FUNC: a=1.17e-08 V=1.26e-01 factor_V=2.45e+58 factor_rho=5.62e-56 rho_eV2=3.07e+57 rho_final=1.73e+02
BG_FUNC: a=4.66e-07 V=1.26e-01 factor_V=2.45e+58 factor_rho=5.62e-56 rho_eV2=3.07e+57 rho_final=1.73e+02
BG_FUNC: a=1.85e-05 V=1.26e-01 factor_V=2.45e+58 factor_rho=5.62e-56 rho_eV2=3.07e+57 rho_final=1.73e+02
RIDDER SWITCHING: z_osc = 4832.81, a_osc = 2.068761e-04
DEBUG: Ridder field ENABLED. Lambda = 1.397001e+00
DEBUG: Ridder field ENABLED. Lambda = 1.397001e+00
BG_FUNC: a=3.18e-14 V=3.70e-01 factor_V=2.45e+58 factor_rho=5.62e-56 rho_eV2=9.05e+57 rho_final=5.09e+02
BG_FUNC: a=1.20e-12 V=3.70e-01 factor_V=2.45e+58 factor_rho=5.62e-56 rho_eV2=9.05e+57 rho_final=5.09e+02
BG_FUNC: a=4.78e-11 V=3.70e-01 factor_V=2.45e+58 factor_rho=5.62e-56 rho_eV2=9.05e+57 rho_final=5.09e+02
BG_FUNC: a=1.90e-09 V=3.70e-01 factor_V=2.45e+58 factor_rho=5.62e-56 rho_eV2=9.05e+57 rho_final=5.09e+02
BG_FUNC: a=7.54e-08 V=3.70e-01 factor_V=2.45e+58 factor_rho=5.62e-56 rho_eV2=9.05e+57 rho_final=5.09e+02
BG_FUNC: a=2.99e-06 V=3.70e-01 factor_V=2.45e+58 factor_rho=5.62e-56 rho_eV2=9.05e+57 rho_final=5.09e+02
BG_FUNC: a=1.17e-04 V=2.47e-01 factor_V=2.45e+58 factor_rho=5.62e-56 rho_eV2=7.08e+57 rho_final=3.98e+02
RIDDER SWITCHING: z_osc = 6533.14, a_osc = 1.530423e-04
DEBUG: Ridder field ENABLED. Lambda = 1.154880e+00
DEBUG: Ridder field ENABLED. Lambda = 1.154880e+00
BG_FUNC: a=2.65e-13 V=1.73e-01 factor_V=2.45e+58 factor_rho=5.62e-56 rho_eV2=4.23e+57 rho_final=2.38e+02
BG_FUNC: a=1.05e-11 V=1.73e-01 factor_V=2.45e+58 factor_rho=5.62e-56 rho_eV2=4.23e+57 rho_final=2.38e+02
BG_FUNC: a=4.16e-10 V=1.73e-01 factor_V=2.45e+58 factor_rho=5.62e-56 rho_eV2=4.23e+57 rho_final=2.38e+02
BG_FUNC: a=1.65e-08 V=1.73e-01 factor_V=2.45e+58 factor_rho=5.62e-56 rho_eV2=4.23e+57 rho_final=2.38e+02
BG_FUNC: a=6.53e-07 V=1.73e-01 factor_V=2.45e+58 factor_rho=5.62e-56 rho_eV2=4.23e+57 rho_final=2.38e+02
BG_FUNC: a=2.59e-05 V=1.73e-01 factor_V=2.45e+58 factor_rho=5.62e-56 rho_eV2=4.22e+57 rho_final=2.37e+02
RIDDER SWITCHING: z_osc = 5303.80, a_osc = 1.885086e-04
DEBUG: Ridder field ENABLED. Lambda = 1.300980e+00
DEBUG: Ridder field ENABLED. Lambda = 1.300980e+00
BG_FUNC: a=4.87e-14 V=2.78e-01 factor_V=2.45e+58 factor_rho=5.62e-56 rho_eV2=6.80e+57 rho_final=3.83e+02
BG_FUNC: a=1.86e-12 V=2.78e-01 factor_V=2.45e+58 factor_rho=5.62e-56 rho_eV2=6.80e+57 rho_final=3.83e+02
BG_FUNC: a=7.38e-11 V=2.78e-01 factor_V=2.45e+58 factor_rho=5.62e-56 rho_eV2=6.80e+57 rho_final=3.83e+02
BG_FUNC: a=2.92e-09 V=2.78e-01 factor_V=2.45e+58 factor_rho=5.62e-56 rho_eV2=6.80e+57 rho_final=3.83e+02
BG_FUNC: a=1.16e-07 V=2.78e-01 factor_V=2.45e+58 factor_rho=5.62e-56 rho_eV2=6.80e+57 rho_final=3.83e+02
BG_FUNC: a=4.63e-06 V=2.78e-01 factor_V=2.45e+58 factor_rho=5.62e-56 rho_eV2=6.80e+57 rho_final=3.83e+02
RIDDER SWITCHING: z_osc = 6082.33, a_osc = 1.643837e-04
DEBUG: Ridder field ENABLED. Lambda = 1.156510e+00
DEBUG: Ridder field ENABLED. Lambda = 1.156510e+00
BG_FUNC: a=1.02e-14 V=1.74e-01 factor_V=2.45e+58 factor_rho=5.62e-56 rho_eV2=4.25e+57 rho_final=2.39e+02
BG_FUNC: a=3.79e-13 V=1.74e-01 factor[mcmc] Progress @ 2025-11-30 18:26:16 : 2338 steps taken, and 301 accepted.
[mcmc] Progress @ 2025-11-30 18:27:21 : 2380 steps taken, and 309 accepted.
_V=2.45e+58 factor_rho=5.62e-56 rho_eV2=4.25e+57 rho_final=2.39e+02
BG_FUNC: a=1.52e-11 V=1.74e-01 factor_V=2.45e+58 factor_rho=5.62e-56 rho_eV2=4.25e+57 rho_final=2.39e+02
BG_FUNC: a=6.07e-10 V=1.74e-01 factor_V=2.45e+58 factor_rho=5.62e-56 rho_eV2=4.25e+57 rho_final=2.39e+02
BG_FUNC: a=2.43e-08 V=1.74e-01 factor_V=2.45e+58 factor_rho=5.62e-56 rho_eV2=4.25e+57 rho_final=2.39e+02
BG_FUNC: a=9.73e-07 V=1.74e-01 factor_V=2.45e+58 factor_rho=5.62e-56 rho_eV2=4.25e+57 rho_final=2.39e+02
BG_FUNC: a=3.89e-05 V=1.73e-01 factor_V=2.45e+58 factor_rho=5.62e-56 rho_eV2=4.24e+57 rho_final=2.38e+02
RIDDER SWITCHING: z_osc = 5317.81, a_osc = 1.880121e-04
DEBUG: Ridder field ENABLED. Lambda = 9.856578e-01
DEBUG: Ridder field ENABLED. Lambda = 9.856578e-01
BG_FUNC: a=7.36e-14 V=9.17e-02 factor_V=2.45e+58 factor_rho=5.62e-56 rho_eV2=2.24e+57 rho_final=1.26e+02
BG_FUNC: a=2.84e-12 V=9.17e-02 factor_V=2.45e+58 factor_rho=5.62e-56 rho_eV2=2.24e+57 rho_final=1.26e+02
BG_FUNC: a=1.13e-10 V=9.17e-02 factor_V=2.45e+58 factor_rho=5.62e-56 rho_eV2=2.24e+57 rho_final=1.26e+02
BG_FUNC: a=4.53e-09 V=9.17e-02 factor_V=2.45e+58 factor_rho=5.62e-56 rho_eV2=2.24e+57 rho_final=1.26e+02
BG_FUNC: a=1.81e-07 V=9.17e-02 factor_V=2.45e+58 factor_rho=5.62e-56 rho_eV2=2.24e+57 rho_final=1.26e+02
BG_FUNC: a=7.21e-06 V=9.17e-02 factor_V=2.45e+58 factor_rho=5.62e-56 rho_eV2=2.24e+57 rho_final=1.26e+02
RIDDER SWITCHING: z_osc = 4391.88, a_osc = 2.276410e-04
DEBUG: Ridder field ENABLED. Lambda = 1.156510e+00
DEBUG: Ridder field ENABLED. Lambda = 1.156510e+00
BG_FUNC: a=1.16e-14 V=1.74e-01 factor_V=2.45e+58 factor_rho=5.62e-56 rho_eV2=4.25e+57 rho_final=2.39e+02
BG_FUNC: a=4.32e-13 V=1.74e-01 factor_V=2.45e+58 factor_rho=5.62e-56 rho_eV2=4.25e+57 rho_final=2.39e+02
BG_FUNC: a=1.68e-11 V=1.74e-01 factor_V=2.45e+58 factor_rho=5.62e-56 rho_eV2=4.25e+57 rho_final=2.39e+02
BG_FUNC: a=6.59e-10 V=1.74e-01 factor_V=2.45e+58 factor_rho=5.62e-56 rho_eV2=4.25e+57 rho_final=2.39e+02
BG_FUNC: a=2.58e-08 V=1.74e-01 factor_V=2.45e+58 factor_rho=5.62e-56 rho_eV2=4.25e+57 rho_final=2.39e+02
BG_FUNC: a=1.02e-06 V=1.74e-01 factor_V=2.45e+58 factor_rho=5.62e-56 rho_eV2=4.25e+57 rho_final=2.39e+02
BG_FUNC: a=3.86e-05 V=1.73e-01 factor_V=2.45e+58 factor_rho=5.62e-56 rho_eV2=4.24e+57 rho_final=2.38e+02
RIDDER SWITCHING: z_osc = 5311.29, a_osc = 1.882427e-04
DEBUG: Ridder field ENABLED. Lambda = 1.429951e+00
DEBUG: Ridder field ENABLED. Lambda = 1.429951e+00
BG_FUNC: a=7.21e-14 V=4.06e-01 factor_V=2.45e+58 factor_rho=5.62e-56 rho_eV2=9.93e+57 rho_final=5.58e+02
BG_FUNC: a=2.76e-12 V=4.06e-01 factor_V=2.45e+58 factor_rho=5.62e-56 rho_eV2=9.93e+57 rho_final=5.58e+02
BG_FUNC: a=1.10e-10 V=4.06e-01 factor_V=2.45e+58 factor_rho=5.62e-56 rho_eV2=9.93e+57 rho_final=5.58e+02
BG_FUNC: a=4.36e-09 V=4.06e-01 factor_V=2.45e+58 factor_rho=5.62e-56 rho_eV2=9.93e+57 rho_final=5.58e+02
BG_FUNC: a=1.73e-07 V=4.06e-01 factor_V=2.45e+58 factor_rho=5.62e-56 rho_eV2=9.93e+57 rho_final=5.58e+02
BG_FUNC: a=6.87e-06 V=4.06e-01 factor_V=2.45e+58 factor_rho=5.62e-56 rho_eV2=9.93e+57 rho_final=5.58e+02
RIDDER SWITCHING: z_osc = 6722.47, a_osc = 1.487328e-04
DEBUG: Ridder field ENABLED. Lambda = 1.336127e+00
DEBUG: Ridder field ENABLED. Lambda = 1.336127e+00
BG_FUNC: a=1.66e-14 V=3.10e-01 factor_V=2.45e+58 factor_rho=5.62e-56 rho_eV2=7.57e+57 rho_final=4.26e+02
BG_FUNC: a=6.25e-13 V=3.10e-01 factor_V=2.45e+58 factor_rho=5.62e-56 rho_eV2=7.57e+57 rho_final=4.26e+02
BG_FUNC: a=2.50e-11 V=3.10e-01 factor_V=2.45e+58 factor_rho=5.62e-56 rho_eV2=7.57e+57 rho_final=4.26e+02
BG_FUNC: a=9.97e-10 V=3.10e-01 factor_V=2.45e+58 factor_rho=5.62e-56 rho_eV2=7.57e+57 rho_final=4.26e+02
BG_FUNC: a=3.99e-08 V=3.10e-01 factor_V=2.45e+58 factor_rho=5.62e-56 rho_eV2=7.57e+57 rho_final=4.26e+02
BG_FUNC: a=1.59e-06 V=3.10e-01 factor_V=2.45e+58 factor_rho=5.62e-56 rho_eV2=7.57e+57 rho_final=4.26e+02
BG_FUNC: a=6.33e-05 V=2.99e-01 factor_V=2.45e+58 factor_rho=5.62e-56 rho_eV2=7.42e+57 rho_final=4.17e+02
RIDDER SWITCHING: z_osc = 6240.20, a_osc = 1.602255e-04
DEBUG: Ridder field ENABLED. Lambda = 1.071899e+00
DEBUG: Ridder field ENABLED. Lambd[mcmc] Progress @ 2025-11-30 18:28:35 : 2402 steps taken, and 311 accepted.
[mcmc] Progress @ 2025-11-30 18:29:36 : 2432 steps taken, and 314 accepted.
[mcmc] Progress @ 2025-11-30 18:30:39 : 2478 steps taken, and 318 accepted.
a = 1.071899e+00
BG_FUNC: a=1.35e-13 V=1.28e-01 factor_V=2.45e+58 factor_rho=5.62e-56 rho_eV2=3.14e+57 rho_final=1.76e+02
BG_FUNC: a=5.36e-12 V=1.28e-01 factor_V=2.45e+58 factor_rho=5.62e-56 rho_eV2=3.14e+57 rho_final=1.76e+02
BG_FUNC: a=2.13e-10 V=1.28e-01 factor_V=2.45e+58 factor_rho=5.62e-56 rho_eV2=3.14e+57 rho_final=1.76e+02
BG_FUNC: a=8.45e-09 V=1.28e-01 factor_V=2.45e+58 factor_rho=5.62e-56 rho_eV2=3.14e+57 rho_final=1.76e+02
BG_FUNC: a=3.35e-07 V=1.28e-01 factor_V=2.45e+58 factor_rho=5.62e-56 rho_eV2=3.14e+57 rho_final=1.76e+02
BG_FUNC: a=1.33e-05 V=1.28e-01 factor_V=2.45e+58 factor_rho=5.62e-56 rho_eV2=3.14e+57 rho_final=1.76e+02
RIDDER SWITCHING: z_osc = 4855.27, a_osc = 2.059192e-04
DEBUG: Ridder field ENABLED. Lambda = 1.022443e+00
DEBUG: Ridder field ENABLED. Lambda = 1.022443e+00
BG_FUNC: a=2.32e-14 V=1.06e-01 factor_V=2.45e+58 factor_rho=5.62e-56 rho_eV2=2.60e+57 rho_final=1.46e+02
BG_FUNC: a=8.80e-13 V=1.06e-01 factor_V=2.45e+58 factor_rho=5.62e-56 rho_eV2=2.60e+57 rho_final=1.46e+02
BG_FUNC: a=3.53e-11 V=1.06e-01 factor_V=2.45e+58 factor_rho=5.62e-56 rho_eV2=2.60e+57 rho_final=1.46e+02
BG_FUNC: a=1.42e-09 V=1.06e-01 factor_V=2.45e+58 factor_rho=5.62e-56 rho_eV2=2.60e+57 rho_final=1.46e+02
BG_FUNC: a=5.69e-08 V=1.06e-01 factor_V=2.45e+58 factor_rho=5.62e-56 rho_eV2=2.60e+57 rho_final=1.46e+02
BG_FUNC: a=2.28e-06 V=1.06e-01 factor_V=2.45e+58 factor_rho=5.62e-56 rho_eV2=2.60e+57 rho_final=1.46e+02
BG_FUNC: a=9.10e-05 V=1.01e-01 factor_V=2.45e+58 factor_rho=5.62e-56 rho_eV2=2.52e+57 rho_final=1.42e+02
RIDDER SWITCHING: z_osc = 4620.97, a_osc = 2.163579e-04
DEBUG: Ridder field ENABLED. Lambda = 9.162769e-01
DEBUG: Ridder field ENABLED. Lambda = 9.162769e-01
BG_FUNC: a=1.43e-13 V=6.85e-02 factor_V=2.45e+58 factor_rho=5.62e-56 rho_eV2=1.67e+57 rho_final=9.41e+01
BG_FUNC: a=5.69e-12 V=6.85e-02 factor_V=2.45e+58 factor_rho=5.62e-56 rho_eV2=1.67e+57 rho_final=9.41e+01
BG_FUNC: a=2.27e-10 V=6.85e-02 factor_V=2.45e+58 factor_rho=5.62e-56 rho_eV2=1.67e+57 rho_final=9.41e+01
BG_FUNC: a=8.93e-09 V=6.85e-02 factor_V=2.45e+58 factor_rho=5.62e-56 rho_eV2=1.67e+57 rho_final=9.41e+01
BG_FUNC: a=3.54e-07 V=6.85e-02 factor_V=2.45e+58 factor_rho=5.62e-56 rho_eV2=1.67e+57 rho_final=9.41e+01
BG_FUNC: a=1.41e-05 V=6.85e-02 factor_V=2.45e+58 factor_rho=5.62e-56 rho_eV2=1.67e+57 rho_final=9.41e+01
RIDDER SWITCHING: z_osc = 4043.96, a_osc = 2.472214e-04
DEBUG: Ridder field ENABLED. Lambda = 1.167375e+00
DEBUG: Ridder field ENABLED. Lambda = 1.167375e+00
BG_FUNC: a=2.04e-14 V=1.80e-01 factor_V=2.45e+58 factor_rho=5.62e-56 rho_eV2=4.41e+57 rho_final=2.48e+02
BG_FUNC: a=7.71e-13 V=1.80e-01 factor_V=2.45e+58 factor_rho=5.62e-56 rho_eV2=4.41e+57 rho_final=2.48e+02
BG_FUNC: a=3.09e-11 V=1.80e-01 factor_V=2.45e+58 factor_rho=5.62e-56 rho_eV2=4.41e+57 rho_final=2.48e+02
BG_FUNC: a=1.24e-09 V=1.80e-01 factor_V=2.45e+58 factor_rho=5.62e-56 rho_eV2=4.41e+57 rho_final=2.48e+02
BG_FUNC: a=5.01e-08 V=1.80e-01 factor_V=2.45e+58 factor_rho=5.62e-56 rho_eV2=4.41e+57 rho_final=2.48e+02
BG_FUNC: a=1.99e-06 V=1.80e-01 factor_V=2.45e+58 factor_rho=5.62e-56 rho_eV2=4.41e+57 rho_final=2.48e+02
BG_FUNC: a=7.95e-05 V=1.72e-01 factor_V=2.45e+58 factor_rho=5.62e-56 rho_eV2=4.29e+57 rho_final=2.41e+02
RIDDER SWITCHING: z_osc = 5364.85, a_osc = 1.863636e-04
DEBUG: Ridder field ENABLED. Lambda = 1.428199e+00
DEBUG: Ridder field ENABLED. Lambda = 1.428199e+00
BG_FUNC: a=1.45e-13 V=4.04e-01 factor_V=2.45e+58 factor_rho=5.62e-56 rho_eV2=9.88e+57 rho_final=5.56e+02
BG_FUNC: a=5.75e-12 V=4.04e-01 factor_V=2.45e+58 factor_rho=5.62e-56 rho_eV2=9.88e+57 rho_final=5.56e+02
BG_FUNC: a=2.30e-10 V=4.04e-01 factor_V=2.45e+58 factor_rho=5.62e-56 rho_eV2=9.88e+57 rho_final=5.56e+02
BG_FUNC: a=9.08e-09 V=4.04e-01 factor_V=2.45e+58 factor_rho=5.62e-56 rho_eV2=9.88e+57 rho_final=5.56e+02
BG_FUNC: a=3.60e-07 V=4.04e-01 factor_V=2.45e+58 factor_rho=5.62e-56 rho_eV2=9.88e+57 rho_final=5.56e+02
BG_FUNC: a=1.43e-05 V=4.04e-01 factor_V=2.45e+58 factor_rho=5.62e-56 rho_eV2=9.88e+57 rho_final=5.56e+02
RIDDER SWITCHING: z_osc = 6754.97, a_osc = 1.480172e-04
DEBUG: Ridder field ENABLED. La[mcmc] Progress @ 2025-11-30 18:31:44 : 2512 steps taken, and 325 accepted.
mbda = 1.091910e+00
DEBUG: Ridder field ENABLED. Lambda = 1.091910e+00
BG_FUNC: a=3.43e-14 V=1.38e-01 factor_V=2.45e+58 factor_rho=5.62e-56 rho_eV2=3.38e+57 rho_final=1.90e+02
BG_FUNC: a=1.29e-12 V=1.38e-01 factor_V=2.45e+58 factor_rho=5.62e-56 rho_eV2=3.38e+57 rho_final=1.90e+02
BG_FUNC: a=5.06e-11 V=1.38e-01 factor_V=2.45e+58 factor_rho=5.62e-56 rho_eV2=3.38e+57 rho_final=1.90e+02
BG_FUNC: a=2.00e-09 V=1.38e-01 factor_V=2.45e+58 factor_rho=5.62e-56 rho_eV2=3.38e+57 rho_final=1.90e+02
BG_FUNC: a=7.79e-08 V=1.38e-01 factor_V=2.45e+58 factor_rho=5.62e-56 rho_eV2=3.38e+57 rho_final=1.90e+02
BG_FUNC: a=3.05e-06 V=1.38e-01 factor_V=2.45e+58 factor_rho=5.62e-56 rho_eV2=3.38e+57 rho_final=1.90e+02
BG_FUNC: a=1.16e-04 V=1.19e-01 factor_V=2.45e+58 factor_rho=5.62e-56 rho_eV2=3.08e+57 rho_final=1.73e+02
RIDDER SWITCHING: z_osc = 4977.61, a_osc = 2.008591e-04
DEBUG: Ridder field ENABLED. Lambda = 1.034385e+00
DEBUG: Ridder field ENABLED. Lambda = 1.034385e+00
BG_FUNC: a=1.97e-13 V=1.11e-01 factor_V=2.45e+58 factor_rho=5.62e-56 rho_eV2=2.72e+57 rho_final=1.53e+02
BG_FUNC: a=7.83e-12 V=1.11e-01 factor_V=2.45e+58 factor_rho=5.62e-56 rho_eV2=2.72e+57 rho_final=1.53e+02
BG_FUNC: a=3.14e-10 V=1.11e-01 factor_V=2.45e+58 factor_rho=5.62e-56 rho_eV2=2.72e+57 rho_final=1.53e+02
BG_FUNC: a=1.24e-08 V=1.11e-01 factor_V=2.45e+58 factor_rho=5.62e-56 rho_eV2=2.72e+57 rho_final=1.53e+02
BG_FUNC: a=4.91e-07 V=1.11e-01 factor_V=2.45e+58 factor_rho=5.62e-56 rho_eV2=2.72e+57 rho_final=1.53e+02
BG_FUNC: a=1.95e-05 V=1.11e-01 factor_V=2.45e+58 factor_rho=5.62e-56 rho_eV2=2.72e+57 rho_final=1.53e+02
RIDDER SWITCHING: z_osc = 4664.31, a_osc = 2.143479e-04
DEBUG: Ridder field ENABLED. Lambda = 1.156510e+00
DEBUG: Ridder field ENABLED. Lambda = 1.156510e+00
BG_FUNC: a=3.24e-14 V=1.74e-01 factor_V=2.45e+58 factor_rho=5.62e-56 rho_eV2=4.25e+57 rho_final=2.39e+02
BG_FUNC: a=1.23e-12 V=1.74e-01 factor_V=2.45e+58 factor_rho=5.62e-56 rho_eV2=4.25e+57 rho_final=2.39e+02
BG_FUNC: a=4.89e-11 V=1.74e-01 factor_V=2.45e+58 factor_rho=5.62e-56 rho_eV2=4.25e+57 rho_final=2.39e+02
BG_FUNC: a=1.94e-09 V=1.74e-01 factor_V=2.45e+58 factor_rho=5.62e-56 rho_eV2=4.25e+57 rho_final=2.39e+02
BG_FUNC: a=7.70e-08 V=1.74e-01 factor_V=2.45e+58 factor_rho=5.62e-56 rho_eV2=4.25e+57 rho_final=2.39e+02
BG_FUNC: a=3.06e-06 V=1.74e-01 factor_V=2.45e+58 factor_rho=5.62e-56 rho_eV2=4.25e+57 rho_final=2.39e+02
BG_FUNC: a=1.20e-04 V=1.40e-01 factor_V=2.45e+58 factor_rho=5.62e-56 rho_eV2=3.73e+57 rho_final=2.09e+02
RIDDER SWITCHING: z_osc = 5300.22, a_osc = 1.886357e-04
DEBUG: Ridder field ENABLED. Lambda = 6.652273e-01
DEBUG: Ridder field ENABLED. Lambda = 6.652273e-01
BG_FUNC: a=2.19e-13 V=1.90e-02 factor_V=2.45e+58 factor_rho=5.62e-56 rho_eV2=4.65e+56 rho_final=2.62e+01
BG_FUNC: a=8.80e-12 V=1.90e-02 factor_V=2.45e+58 factor_rho=5.62e-56 rho_eV2=4.65e+56 rho_final=2.62e+01
BG_FUNC: a=3.54e-10 V=1.90e-02 factor_V=2.45e+58 factor_rho=5.62e-56 rho_eV2=4.65e+56 rho_final=2.62e+01
BG_FUNC: a=1.42e-08 V=1.90e-02 factor_V=2.45e+58 factor_rho=5.62e-56 rho_eV2=4.65e+56 rho_final=2.62e+01
BG_FUNC: a=5.71e-07 V=1.90e-02 factor_V=2.45e+58 factor_rho=5.62e-56 rho_eV2=4.65e+56 rho_final=2.62e+01
BG_FUNC: a=2.29e-05 V=1.90e-02 factor_V=2.45e+58 factor_rho=5.62e-56 rho_eV2=4.65e+56 rho_final=2.62e+01
RIDDER SWITCHING: z_osc = 2819.95, a_osc = 3.544910e-04
DEBUG: Ridder field ENABLED. Lambda = 1.435309e+00
DEBUG: Ridder field ENABLED. Lambda = 1.435309e+00
BG_FUNC: a=2.33e-14 V=4.12e-01 factor_V=2.45e+58 factor_rho=5.62e-56 rho_eV2=1.01e+58 rho_final=5.67e+02
BG_FUNC: a=8.82e-13 V=4.12e-01 factor_V=2.45e+58 factor_rho=5.62e-56 rho_eV2=1.01e+58 rho_final=5.67e+02
BG_FUNC: a=3.56e-11 V=4.12e-01 factor_V=2.45e+58 factor_rho=5.62e-56 rho_eV2=1.01e+58 rho_final=5.67e+02
BG_FUNC: a=1.41e-09 V=4.12e-01 factor_V=2.45e+58 factor_rho=5.62e-56 rho_eV2=1.01e+58 rho_final=5.67e+02
BG_FUNC: a=5.64e-08 V=4.12e-01 factor_V=2.45e+58 factor_rho=5.62e-56 rho_eV2=1.01e+58 rho_final=5.67e+02
BG_FUNC: a=2.25e-06 V=4.12e-01 factor_V=2.45e+58 factor_rho=5.62e-56 rho_eV2=1.01e+58 rho_final=5.67e+02
BG_FUNC: a=8.97e-05 V=3.48e-01 fa[mcmc] Progress @ 2025-11-30 18:32:59 : 2538 steps taken, and 329 accepted.
[mcmc] Progress @ 2025-11-30 18:34:12 : 2562 steps taken, and 332 accepted.
ctor_V=2.45e+58 factor_rho=5.62e-56 rho_eV2=9.09e+57 rho_final=5.11e+02
RIDDER SWITCHING: z_osc = 6783.86, a_osc = 1.473870e-04
DEBUG: Ridder field ENABLED. Lambda = 1.187968e+00
DEBUG: Ridder field ENABLED. Lambda = 1.187968e+00
BG_FUNC: a=2.10e-13 V=1.93e-01 factor_V=2.45e+58 factor_rho=5.62e-56 rho_eV2=4.73e+57 rho_final=2.66e+02
BG_FUNC: a=8.31e-12 V=1.93e-01 factor_V=2.45e+58 factor_rho=5.62e-56 rho_eV2=4.73e+57 rho_final=2.66e+02
BG_FUNC: a=3.30e-10 V=1.93e-01 factor_V=2.45e+58 factor_rho=5.62e-56 rho_eV2=4.73e+57 rho_final=2.66e+02
BG_FUNC: a=1.31e-08 V=1.93e-01 factor_V=2.45e+58 factor_rho=5.62e-56 rho_eV2=4.73e+57 rho_final=2.66e+02
BG_FUNC: a=5.18e-07 V=1.93e-01 factor_V=2.45e+58 factor_rho=5.62e-56 rho_eV2=4.73e+57 rho_final=2.66e+02
BG_FUNC: a=2.05e-05 V=1.93e-01 factor_V=2.45e+58 factor_rho=5.62e-56 rho_eV2=4.73e+57 rho_final=2.66e+02
RIDDER SWITCHING: z_osc = 5467.10, a_osc = 1.828787e-04
DEBUG: Ridder field ENABLED. Lambda = 6.567500e-01
DEBUG: Ridder field ENABLED. Lambda = 6.567500e-01
BG_FUNC: a=3.99e-14 V=1.81e-02 factor_V=2.45e+58 factor_rho=5.62e-56 rho_eV2=4.42e+56 rho_final=2.48e+01
BG_FUNC: a=1.53e-12 V=1.81e-02 factor_V=2.45e+58 factor_rho=5.62e-56 rho_eV2=4.42e+56 rho_final=2.48e+01
BG_FUNC: a=6.02e-11 V=1.81e-02 factor_V=2.45e+58 factor_rho=5.62e-56 rho_eV2=4.42e+56 rho_final=2.48e+01
BG_FUNC: a=2.39e-09 V=1.81e-02 factor_V=2.45e+58 factor_rho=5.62e-56 rho_eV2=4.42e+56 rho_final=2.48e+01
BG_FUNC: a=9.49e-08 V=1.81e-02 factor_V=2.45e+58 factor_rho=5.62e-56 rho_eV2=4.42e+56 rho_final=2.48e+01
BG_FUNC: a=3.77e-06 V=1.81e-02 factor_V=2.45e+58 factor_rho=5.62e-56 rho_eV2=4.42e+56 rho_final=2.48e+01
BG_FUNC: a=1.49e-04 V=1.72e-02 factor_V=2.45e+58 factor_rho=5.62e-56 rho_eV2=4.28e+56 rho_final=2.41e+01
RIDDER SWITCHING: z_osc = 2726.25, a_osc = 3.666692e-04
DEBUG: Ridder field ENABLED. Lambda = 1.399267e+00
DEBUG: Ridder field ENABLED. Lambda = 1.399267e+00
BG_FUNC: a=1.39e-13 V=3.72e-01 factor_V=2.45e+58 factor_rho=5.62e-56 rho_eV2=9.11e+57 rho_final=5.12e+02
BG_FUNC: a=5.56e-12 V=3.72e-01 factor_V=2.45e+58 factor_rho=5.62e-56 rho_eV2=9.11e+57 rho_final=5.12e+02
BG_FUNC: a=2.22e-10 V=3.72e-01 factor_V=2.45e+58 factor_rho=5.62e-56 rho_eV2=9.11e+57 rho_final=5.12e+02
BG_FUNC: a=8.89e-09 V=3.72e-01 factor_V=2.45e+58 factor_rho=5.62e-56 rho_eV2=9.11e+57 rho_final=5.12e+02
BG_FUNC: a=3.55e-07 V=3.72e-01 factor_V=2.45e+58 factor_rho=5.62e-56 rho_eV2=9.11e+57 rho_final=5.12e+02
BG_FUNC: a=1.42e-05 V=3.72e-01 factor_V=2.45e+58 factor_rho=5.62e-56 rho_eV2=9.11e+57 rho_final=5.12e+02
RIDDER SWITCHING: z_osc = 6569.38, a_osc = 1.521983e-04
DEBUG: Ridder field ENABLED. Lambda = 9.385145e-01
DEBUG: Ridder field ENABLED. Lambda = 9.385145e-01
BG_FUNC: a=3.33e-14 V=7.54e-02 factor_V=2.45e+58 factor_rho=5.62e-56 rho_eV2=1.84e+57 rho_final=1.04e+02
BG_FUNC: a=1.26e-12 V=7.54e-02 factor_V=2.45e+58 factor_rho=5.62e-56 rho_eV2=1.84e+57 rho_final=1.04e+02
BG_FUNC: a=5.01e-11 V=7.54e-02 factor_V=2.45e+58 factor_rho=5.62e-56 rho_eV2=1.84e+57 rho_final=1.04e+02
BG_FUNC: a=1.99e-09 V=7.54e-02 factor_V=2.45e+58 factor_rho=5.62e-56 rho_eV2=1.84e+57 rho_final=1.04e+02
BG_FUNC: a=7.89e-08 V=7.54e-02 factor_V=2.45e+58 factor_rho=5.62e-56 rho_eV2=1.84e+57 rho_final=1.04e+02
BG_FUNC: a=3.16e-06 V=7.54e-02 factor_V=2.45e+58 factor_rho=5.62e-56 rho_eV2=1.84e+57 rho_final=1.04e+02
BG_FUNC: a=1.23e-04 V=6.78e-02 factor_V=2.45e+58 factor_rho=5.62e-56 rho_eV2=1.73e+57 rho_final=9.71e+01
RIDDER SWITCHING: z_osc = 4182.45, a_osc = 2.390372e-04
DEBUG: Ridder field ENABLED. Lambda = 1.156510e+00
DEBUG: Ridder field ENABLED. Lambda = 1.156510e+00
BG_FUNC: a=1.76e-13 V=1.74e-01 factor_V=2.45e+58 factor_rho=5.62e-56 rho_eV2=4.25e+57 rho_final=2.39e+02
BG_FUNC: a=7.00e-12 V=1.74e-01 factor_V=2.45e+58 factor_rho=5.62e-56 rho_eV2=4.25e+57 rho_final=2.39e+02
BG_FUNC: a=2.77e-10 V=1.74e-01 factor_V=2.45e+58 factor_rho=5.62e-56 rho_eV2=4.25e+57 rho_final=2.39e+02
BG_FUNC: a=1.10e-08 V=1.74e-01 factor_V=2.45e+58 factor_rho=5.62e-56 rho_eV2=4.25e+57 rho_final=2.39e+02
BG_FUNC: a=4.36e-07 V=1.74e-01 factor_V=2.45e+58 factor_rho=5.62e-56 rho_eV2=4.25e+5[mcmc] Progress @ 2025-11-30 18:35:34 : 2597 steps taken, and 337 accepted.
[mcmc] Progress @ 2025-11-30 18:36:38 : 2635 steps taken, and 344 accepted.
7 rho_final=2.39e+02
BG_FUNC: a=1.73e-05 V=1.74e-01 factor_V=2.45e+58 factor_rho=5.62e-56 rho_eV2=4.25e+57 rho_final=2.39e+02
RIDDER SWITCHING: z_osc = 5307.16, a_osc = 1.883893e-04
DEBUG: Ridder field ENABLED. Lambda = 8.917490e-01
DEBUG: Ridder field ENABLED. Lambda = 8.917490e-01
BG_FUNC: a=3.26e-14 V=6.14e-02 factor_V=2.45e+58 factor_rho=5.62e-56 rho_eV2=1.50e+57 rho_final=8.44e+01
BG_FUNC: a=1.24e-12 V=6.14e-02 factor_V=2.45e+58 factor_rho=5.62e-56 rho_eV2=1.50e+57 rho_final=8.44e+01
BG_FUNC: a=4.91e-11 V=6.14e-02 factor_V=2.45e+58 factor_rho=5.62e-56 rho_eV2=1.50e+57 rho_final=8.44e+01
BG_FUNC: a=1.95e-09 V=6.14e-02 factor_V=2.45e+58 factor_rho=5.62e-56 rho_eV2=1.50e+57 rho_final=8.44e+01
BG_FUNC: a=7.71e-08 V=6.14e-02 factor_V=2.45e+58 factor_rho=5.62e-56 rho_eV2=1.50e+57 rho_final=8.44e+01
BG_FUNC: a=3.06e-06 V=6.14e-02 factor_V=2.45e+58 factor_rho=5.62e-56 rho_eV2=1.50e+57 rho_final=8.44e+01
BG_FUNC: a=1.20e-04 V=5.69e-02 factor_V=2.45e+58 factor_rho=5.62e-56 rho_eV2=1.43e+57 rho_final=8.06e+01
RIDDER SWITCHING: z_osc = 3913.39, a_osc = 2.554679e-04
DEBUG: Ridder field ENABLED. Lambda = 9.024057e-01
DEBUG: Ridder field ENABLED. Lambda = 9.024057e-01
BG_FUNC: a=1.61e-13 V=6.44e-02 factor_V=2.45e+58 factor_rho=5.62e-56 rho_eV2=1.58e+57 rho_final=8.86e+01
BG_FUNC: a=6.39e-12 V=6.44e-02 factor_V=2.45e+58 factor_rho=5.62e-56 rho_eV2=1.58e+57 rho_final=8.86e+01
BG_FUNC: a=2.53e-10 V=6.44e-02 factor_V=2.45e+58 factor_rho=5.62e-56 rho_eV2=1.58e+57 rho_final=8.86e+01
BG_FUNC: a=1.00e-08 V=6.44e-02 factor_V=2.45e+58 factor_rho=5.62e-56 rho_eV2=1.58e+57 rho_final=8.86e+01
BG_FUNC: a=3.98e-07 V=6.44e-02 factor_V=2.45e+58 factor_rho=5.62e-56 rho_eV2=1.58e+57 rho_final=8.86e+01
BG_FUNC: a=1.58e-05 V=6.44e-02 factor_V=2.45e+58 factor_rho=5.62e-56 rho_eV2=1.58e+57 rho_final=8.86e+01
RIDDER SWITCHING: z_osc = 4047.87, a_osc = 2.469825e-04
DEBUG: Ridder field ENABLED. Lambda = 1.234445e+00
DEBUG: Ridder field ENABLED. Lambda = 1.234445e+00
BG_FUNC: a=2.29e-14 V=2.26e-01 factor_V=2.45e+58 factor_rho=5.62e-56 rho_eV2=5.52e+57 rho_final=3.10e+02
BG_FUNC: a=8.70e-13 V=2.26e-01 factor_V=2.45e+58 factor_rho=5.62e-56 rho_eV2=5.52e+57 rho_final=3.10e+02
BG_FUNC: a=3.50e-11 V=2.26e-01 factor_V=2.45e+58 factor_rho=5.62e-56 rho_eV2=5.52e+57 rho_final=3.10e+02
BG_FUNC: a=1.41e-09 V=2.26e-01 factor_V=2.45e+58 factor_rho=5.62e-56 rho_eV2=5.52e+57 rho_final=3.10e+02
BG_FUNC: a=5.66e-08 V=2.26e-01 factor_V=2.45e+58 factor_rho=5.62e-56 rho_eV2=5.52e+57 rho_final=3.10e+02
BG_FUNC: a=2.28e-06 V=2.26e-01 factor_V=2.45e+58 factor_rho=5.62e-56 rho_eV2=5.52e+57 rho_final=3.10e+02
BG_FUNC: a=9.10e-05 V=2.04e-01 factor_V=2.45e+58 factor_rho=5.62e-56 rho_eV2=5.19e+57 rho_final=2.92e+02
RIDDER SWITCHING: z_osc = 5698.59, a_osc = 1.754512e-04
DEBUG: Ridder field ENABLED. Lambda = 9.039714e-01
DEBUG: Ridder field ENABLED. Lambda = 9.039714e-01
BG_FUNC: a=1.77e-13 V=6.49e-02 factor_V=2.45e+58 factor_rho=5.62e-56 rho_eV2=1.59e+57 rho_final=8.92e+01
BG_FUNC: a=7.01e-12 V=6.49e-02 factor_V=2.45e+58 factor_rho=5.62e-56 rho_eV2=1.59e+57 rho_final=8.92e+01
BG_FUNC: a=2.78e-10 V=6.49e-02 factor_V=2.45e+58 factor_rho=5.62e-56 rho_eV2=1.59e+57 rho_final=8.92e+01
BG_FUNC: a=1.11e-08 V=6.49e-02 factor_V=2.45e+58 factor_rho=5.62e-56 rho_eV2=1.59e+57 rho_final=8.92e+01
BG_FUNC: a=4.39e-07 V=6.49e-02 factor_V=2.45e+58 factor_rho=5.62e-56 rho_eV2=1.59e+57 rho_final=8.92e+01
BG_FUNC: a=1.74e-05 V=6.49e-02 factor_V=2.45e+58 factor_rho=5.62e-56 rho_eV2=1.59e+57 rho_final=8.92e+01
RIDDER SWITCHING: z_osc = 3959.36, a_osc = 2.525021e-04
DEBUG: Ridder field ENABLED. Lambda = 9.583790e-01
DEBUG: Ridder field ENABLED. Lambda = 9.583790e-01
BG_FUNC: a=2.46e-14 V=8.20e-02 factor_V=2.45e+58 factor_rho=5.62e-56 rho_eV2=2.00e+57 rho_final=1.13e+02
BG_FUNC: a=9.37e-13 V=8.20e-02 factor_V=2.45e+58 factor_rho=5.62e-56 rho_eV2=2.00e+57 rho_final=1.13e+02
BG_FUNC: a=3.79e-11 V=8.20e-02 factor_V=2.45e+58 factor_rho=5.62e-56 rho_eV2=2.00e+57 rho_final=1.13e+02
BG_FUNC: a=1.51e-09 V=8.20e-02 factor_V=2.45e+58 factor_rho=5.62e-56 rho_eV2=2.00e+57 rho_final=1.13e+02
BG_FUNC: a=6.06e-08 V=8.20e-02[mcmc] Progress @ 2025-11-30 18:37:54 : 2659 steps taken, and 350 accepted.
[mcmc] Progress @ 2025-11-30 18:39:00 : 2695 steps taken, and 355 accepted.
 factor_V=2.45e+58 factor_rho=5.62e-56 rho_eV2=2.00e+57 rho_final=1.13e+02
BG_FUNC: a=2.43e-06 V=8.20e-02 factor_V=2.45e+58 factor_rho=5.62e-56 rho_eV2=2.00e+57 rho_final=1.13e+02
BG_FUNC: a=9.70e-05 V=7.83e-02 factor_V=2.45e+58 factor_rho=5.62e-56 rho_eV2=1.95e+57 rho_final=1.10e+02
RIDDER SWITCHING: z_osc = 4278.91, a_osc = 2.336496e-04
DEBUG: Ridder field ENABLED. Lambda = 1.228491e+00
DEBUG: Ridder field ENABLED. Lambda = 1.228491e+00
BG_FUNC: a=1.42e-13 V=2.21e-01 factor_V=2.45e+58 factor_rho=5.62e-56 rho_eV2=5.41e+57 rho_final=3.04e+02
BG_FUNC: a=5.65e-12 V=2.21e-01 factor_V=2.45e+58 factor_rho=5.62e-56 rho_eV2=5.41e+57 rho_final=3.04e+02
BG_FUNC: a=2.24e-10 V=2.21e-01 factor_V=2.45e+58 factor_rho=5.62e-56 rho_eV2=5.41e+57 rho_final=3.04e+02
BG_FUNC: a=8.98e-09 V=2.21e-01 factor_V=2.45e+58 factor_rho=5.62e-56 rho_eV2=5.41e+57 rho_final=3.04e+02
BG_FUNC: a=3.54e-07 V=2.21e-01 factor_V=2.45e+58 factor_rho=5.62e-56 rho_eV2=5.41e+57 rho_final=3.04e+02
BG_FUNC: a=1.40e-05 V=2.21e-01 factor_V=2.45e+58 factor_rho=5.62e-56 rho_eV2=5.41e+57 rho_final=3.04e+02
RIDDER SWITCHING: z_osc = 5661.15, a_osc = 1.766112e-04
DEBUG: Ridder field ENABLED. Lambda = 1.156510e+00
DEBUG: Ridder field ENABLED. Lambda = 1.156510e+00
BG_FUNC: a=2.84e-14 V=1.74e-01 factor_V=2.45e+58 factor_rho=5.62e-56 rho_eV2=4.25e+57 rho_final=2.39e+02
BG_FUNC: a=1.06e-12 V=1.74e-01 factor_V=2.45e+58 factor_rho=5.62e-56 rho_eV2=4.25e+57 rho_final=2.39e+02
BG_FUNC: a=4.18e-11 V=1.74e-01 factor_V=2.45e+58 factor_rho=5.62e-56 rho_eV2=4.25e+57 rho_final=2.39e+02
BG_FUNC: a=1.64e-09 V=1.74e-01 factor_V=2.45e+58 factor_rho=5.62e-56 rho_eV2=4.25e+57 rho_final=2.39e+02
BG_FUNC: a=6.42e-08 V=1.74e-01 factor_V=2.45e+58 factor_rho=5.62e-56 rho_eV2=4.25e+57 rho_final=2.39e+02
BG_FUNC: a=2.52e-06 V=1.74e-01 factor_V=2.45e+58 factor_rho=5.62e-56 rho_eV2=4.25e+57 rho_final=2.39e+02
BG_FUNC: a=9.61e-05 V=1.58e-01 factor_V=2.45e+58 factor_rho=5.62e-56 rho_eV2=4.01e+57 rho_final=2.26e+02
RIDDER SWITCHING: z_osc = 5311.29, a_osc = 1.882427e-04
DEBUG: Ridder field ENABLED. Lambda = 1.123567e+00
DEBUG: Ridder field ENABLED. Lambda = 1.123567e+00
BG_FUNC: a=1.74e-13 V=1.55e-01 factor_V=2.45e+58 factor_rho=5.62e-56 rho_eV2=3.79e+57 rho_final=2.13e+02
BG_FUNC: a=6.90e-12 V=1.55e-01 factor_V=2.45e+58 factor_rho=5.62e-56 rho_eV2=3.79e+57 rho_final=2.13e+02
BG_FUNC: a=2.73e-10 V=1.55e-01 factor_V=2.45e+58 factor_rho=5.62e-56 rho_eV2=3.79e+57 rho_final=2.13e+02
BG_FUNC: a=1.08e-08 V=1.55e-01 factor_V=2.45e+58 factor_rho=5.62e-56 rho_eV2=3.79e+57 rho_final=2.13e+02
BG_FUNC: a=4.28e-07 V=1.55e-01 factor_V=2.45e+58 factor_rho=5.62e-56 rho_eV2=3.79e+57 rho_final=2.13e+02
BG_FUNC: a=1.70e-05 V=1.55e-01 factor_V=2.45e+58 factor_rho=5.62e-56 rho_eV2=3.79e+57 rho_final=2.13e+02
RIDDER SWITCHING: z_osc = 5127.74, a_osc = 1.949795e-04
DEBUG: Ridder field ENABLED. Lambda = 1.439005e+00
DEBUG: Ridder field ENABLED. Lambda = 1.439005e+00
BG_FUNC: a=3.10e-14 V=4.17e-01 factor_V=2.45e+58 factor_rho=5.62e-56 rho_eV2=1.02e+58 rho_final=5.73e+02
BG_FUNC: a=1.19e-12 V=4.17e-01 factor_V=2.45e+58 factor_rho=5.62e-56 rho_eV2=1.02e+58 rho_final=5.73e+02
BG_FUNC: a=4.67e-11 V=4.17e-01 factor_V=2.45e+58 factor_rho=5.62e-56 rho_eV2=1.02e+58 rho_final=5.73e+02
BG_FUNC: a=1.86e-09 V=4.17e-01 factor_V=2.45e+58 factor_rho=5.62e-56 rho_eV2=1.02e+58 rho_final=5.73e+02
BG_FUNC: a=7.44e-08 V=4.17e-01 factor_V=2.45e+58 factor_rho=5.62e-56 rho_eV2=1.02e+58 rho_final=5.73e+02
BG_FUNC: a=2.93e-06 V=4.17e-01 factor_V=2.45e+58 factor_rho=5.62e-56 rho_eV2=1.02e+58 rho_final=5.73e+02
BG_FUNC: a=1.15e-04 V=2.74e-01 factor_V=2.45e+58 factor_rho=5.62e-56 rho_eV2=7.89e+57 rho_final=4.44e+02
RIDDER SWITCHING: z_osc = 6753.02, a_osc = 1.480600e-04
DEBUG: Ridder field ENABLED. Lambda = 1.094928e+00
DEBUG: Ridder field ENABLED. Lambda = 1.094928e+00
BG_FUNC: a=2.66e-13 V=1.40e-01 factor_V=2.45e+58 factor_rho=5.62e-56 rho_eV2=3.41e+57 rho_final=1.92e+02
BG_FUNC: a=1.06e-11 V=1.40e-01 factor_V=2.45e+58 factor_rho=5.62e-56 rho_eV2=3.41e+57 rho_final=1.92e+02
BG_FUNC: a=4.20e-10 V=1.40e-01 factor_V=2.45e+58 factor_rho=5.62e-56 rho_eV2=3.41[mcmc] Progress @ 2025-11-30 18:40:00 : 2726 steps taken, and 362 accepted.
[mcmc] Progress @ 2025-11-30 18:41:02 : 2775 steps taken, and 370 accepted.
e+57 rho_final=1.92e+02
BG_FUNC: a=1.67e-08 V=1.40e-01 factor_V=2.45e+58 factor_rho=5.62e-56 rho_eV2=3.41e+57 rho_final=1.92e+02
BG_FUNC: a=6.62e-07 V=1.40e-01 factor_V=2.45e+58 factor_rho=5.62e-56 rho_eV2=3.41e+57 rho_final=1.92e+02
BG_FUNC: a=2.63e-05 V=1.40e-01 factor_V=2.45e+58 factor_rho=5.62e-56 rho_eV2=3.41e+57 rho_final=1.92e+02
RIDDER SWITCHING: z_osc = 4952.57, a_osc = 2.018746e-04
DEBUG: Ridder field ENABLED. Lambda = 8.559706e-01
DEBUG: Ridder field ENABLED. Lambda = 8.559706e-01
BG_FUNC: a=4.63e-14 V=5.21e-02 factor_V=2.45e+58 factor_rho=5.62e-56 rho_eV2=1.28e+57 rho_final=7.17e+01
BG_FUNC: a=1.75e-12 V=5.21e-02 factor_V=2.45e+58 factor_rho=5.62e-56 rho_eV2=1.28e+57 rho_final=7.17e+01
BG_FUNC: a=6.86e-11 V=5.21e-02 factor_V=2.45e+58 factor_rho=5.62e-56 rho_eV2=1.28e+57 rho_final=7.17e+01
BG_FUNC: a=2.69e-09 V=5.21e-02 factor_V=2.45e+58 factor_rho=5.62e-56 rho_eV2=1.28e+57 rho_final=7.17e+01
BG_FUNC: a=1.05e-07 V=5.21e-02 factor_V=2.45e+58 factor_rho=5.62e-56 rho_eV2=1.28e+57 rho_final=7.17e+01
BG_FUNC: a=4.12e-06 V=5.21e-02 factor_V=2.45e+58 factor_rho=5.62e-56 rho_eV2=1.28e+57 rho_final=7.17e+01
BG_FUNC: a=1.58e-04 V=4.34e-02 factor_V=2.45e+58 factor_rho=5.62e-56 rho_eV2=1.14e+57 rho_final=6.40e+01
RIDDER SWITCHING: z_osc = 3759.71, a_osc = 2.659076e-04
DEBUG: Ridder field ENABLED. Lambda = 1.076612e+00
DEBUG: Ridder field ENABLED. Lambda = 1.076612e+00
BG_FUNC: a=2.03e-13 V=1.31e-01 factor_V=2.45e+58 factor_rho=5.62e-56 rho_eV2=3.19e+57 rho_final=1.79e+02
BG_FUNC: a=8.13e-12 V=1.31e-01 factor_V=2.45e+58 factor_rho=5.62e-56 rho_eV2=3.19e+57 rho_final=1.79e+02
BG_FUNC: a=3.19e-10 V=1.31e-01 factor_V=2.45e+58 factor_rho=5.62e-56 rho_eV2=3.19e+57 rho_final=1.79e+02
BG_FUNC: a=1.27e-08 V=1.31e-01 factor_V=2.45e+58 factor_rho=5.62e-56 rho_eV2=3.19e+57 rho_final=1.79e+02
BG_FUNC: a=5.02e-07 V=1.31e-01 factor_V=2.45e+58 factor_rho=5.62e-56 rho_eV2=3.19e+57 rho_final=1.79e+02
BG_FUNC: a=1.99e-05 V=1.30e-01 factor_V=2.45e+58 factor_rho=5.62e-56 rho_eV2=3.19e+57 rho_final=1.79e+02
RIDDER SWITCHING: z_osc = 4945.27, a_osc = 2.021726e-04
DEBUG: Ridder field ENABLED. Lambda = 2.052902e+00
DEBUG: Ridder field ENABLED. Lambda = 2.052902e+00
BG_FUNC: a=3.49e-14 V=1.73e+00 factor_V=2.45e+58 factor_rho=5.62e-56 rho_eV2=4.22e+58 rho_final=2.37e+03
BG_FUNC: a=1.32e-12 V=1.73e+00 factor_V=2.45e+58 factor_rho=5.62e-56 rho_eV2=4.22e+58 rho_final=2.37e+03
BG_FUNC: a=5.25e-11 V=1.73e+00 factor_V=2.45e+58 factor_rho=5.62e-56 rho_eV2=4.22e+58 rho_final=2.37e+03
BG_FUNC: a=2.08e-09 V=1.73e+00 factor_V=2.45e+58 factor_rho=5.62e-56 rho_eV2=4.22e+58 rho_final=2.37e+03
BG_FUNC: a=8.25e-08 V=1.73e+00 factor_V=2.45e+58 factor_rho=5.62e-56 rho_eV2=4.22e+58 rho_final=2.37e+03
BG_FUNC: a=3.30e-06 V=1.73e+00 factor_V=2.45e+58 factor_rho=5.62e-56 rho_eV2=4.22e+58 rho_final=2.37e+03
RIDDER SWITCHING: z_osc = 9984.13, a_osc = 1.001490e-04
DEBUG: Ridder field ENABLED. Lambda = 1.092203e+00
DEBUG: Ridder field ENABLED. Lambda = 1.092203e+00
BG_FUNC: a=1.18e-14 V=1.38e-01 factor_V=2.45e+58 factor_rho=5.62e-56 rho_eV2=3.38e+57 rho_final=1.90e+02
BG_FUNC: a=4.43e-13 V=1.38e-01 factor_V=2.45e+58 factor_rho=5.62e-56 rho_eV2=3.38e+57 rho_final=1.90e+02
BG_FUNC: a=1.74e-11 V=1.38e-01 factor_V=2.45e+58 factor_rho=5.62e-56 rho_eV2=3.38e+57 rho_final=1.90e+02
BG_FUNC: a=6.93e-10 V=1.38e-01 factor_V=2.45e+58 factor_rho=5.62e-56 rho_eV2=3.38e+57 rho_final=1.90e+02
BG_FUNC: a=2.76e-08 V=1.38e-01 factor_V=2.45e+58 factor_rho=5.62e-56 rho_eV2=3.38e+57 rho_final=1.90e+02
BG_FUNC: a=1.09e-06 V=1.38e-01 factor_V=2.45e+58 factor_rho=5.62e-56 rho_eV2=3.38e+57 rho_final=1.90e+02
BG_FUNC: a=4.33e-05 V=1.38e-01 factor_V=2.45e+58 factor_rho=5.62e-56 rho_eV2=3.37e+57 rho_final=1.90e+02
RIDDER SWITCHING: z_osc = 4957.48, a_osc = 2.016746e-04
DEBUG: Ridder field ENABLED. Lambda = 1.176333e+00
DEBUG: Ridder field ENABLED. Lambda = 1.176333e+00
BG_FUNC: a=7.56e-14 V=1.86e-01 factor_V=2.45e+58 factor_rho=5.62e-56 rho_eV2=4.55e+57 rho_final=2.56e+02
BG_FUNC: a=2.97e-12 V=1.86e-01 factor_V=2.45e+58 factor_rho=5.62e-56 rho_eV2=4.55e+57 rho_final=2.56e+02
BG_FUNC: a=1.18e-10 V=1.86e[mcmc] Progress @ 2025-11-30 18:42:17 : 2797 steps taken, and 373 accepted.
[mcmc] Progress @ 2025-11-30 18:43:18 : 2826 steps taken, and 379 accepted.
[mcmc] Progress @ 2025-11-30 18:44:18 : 2863 steps taken, and 387 accepted.
-01 factor_V=2.45e+58 factor_rho=5.62e-56 rho_eV2=4.55e+57 rho_final=2.56e+02
BG_FUNC: a=4.74e-09 V=1.86e-01 factor_V=2.45e+58 factor_rho=5.62e-56 rho_eV2=4.55e+57 rho_final=2.56e+02
BG_FUNC: a=1.91e-07 V=1.86e-01 factor_V=2.45e+58 factor_rho=5.62e-56 rho_eV2=4.55e+57 rho_final=2.56e+02
BG_FUNC: a=7.65e-06 V=1.86e-01 factor_V=2.45e+58 factor_rho=5.62e-56 rho_eV2=4.55e+57 rho_final=2.56e+02
RIDDER SWITCHING: z_osc = 5421.64, a_osc = 1.844120e-04
DEBUG: Ridder field ENABLED. Lambda = 1.247607e+00
DEBUG: Ridder field ENABLED. Lambda = 1.247607e+00
BG_FUNC: a=1.51e-14 V=2.35e-01 factor_V=2.45e+58 factor_rho=5.62e-56 rho_eV2=5.75e+57 rho_final=3.24e+02
BG_FUNC: a=5.67e-13 V=2.35e-01 factor_V=2.45e+58 factor_rho=5.62e-56 rho_eV2=5.75e+57 rho_final=3.24e+02
BG_FUNC: a=2.30e-11 V=2.35e-01 factor_V=2.45e+58 factor_rho=5.62e-56 rho_eV2=5.75e+57 rho_final=3.24e+02
BG_FUNC: a=9.13e-10 V=2.35e-01 factor_V=2.45e+58 factor_rho=5.62e-56 rho_eV2=5.75e+57 rho_final=3.24e+02
BG_FUNC: a=3.66e-08 V=2.35e-01 factor_V=2.45e+58 factor_rho=5.62e-56 rho_eV2=5.75e+57 rho_final=3.24e+02
BG_FUNC: a=1.47e-06 V=2.35e-01 factor_V=2.45e+58 factor_rho=5.62e-56 rho_eV2=5.75e+57 rho_final=3.24e+02
BG_FUNC: a=5.88e-05 V=2.31e-01 factor_V=2.45e+58 factor_rho=5.62e-56 rho_eV2=5.69e+57 rho_final=3.20e+02
RIDDER SWITCHING: z_osc = 5792.55, a_osc = 1.726058e-04
DEBUG: Ridder field ENABLED. Lambda = 1.156510e+00
DEBUG: Ridder field ENABLED. Lambda = 1.156510e+00
BG_FUNC: a=1.16e-13 V=1.74e-01 factor_V=2.45e+58 factor_rho=5.62e-56 rho_eV2=4.25e+57 rho_final=2.39e+02
BG_FUNC: a=4.59e-12 V=1.74e-01 factor_V=2.45e+58 factor_rho=5.62e-56 rho_eV2=4.25e+57 rho_final=2.39e+02
BG_FUNC: a=1.82e-10 V=1.74e-01 factor_V=2.45e+58 factor_rho=5.62e-56 rho_eV2=4.25e+57 rho_final=2.39e+02
BG_FUNC: a=7.20e-09 V=1.74e-01 factor_V=2.45e+58 factor_rho=5.62e-56 rho_eV2=4.25e+57 rho_final=2.39e+02
BG_FUNC: a=2.85e-07 V=1.74e-01 factor_V=2.45e+58 factor_rho=5.62e-56 rho_eV2=4.25e+57 rho_final=2.39e+02
BG_FUNC: a=1.13e-05 V=1.74e-01 factor_V=2.45e+58 factor_rho=5.62e-56 rho_eV2=4.25e+57 rho_final=2.39e+02
RIDDER SWITCHING: z_osc = 5313.85, a_osc = 1.881521e-04
DEBUG: Ridder field ENABLED. Lambda = 1.583847e+00
DEBUG: Ridder field ENABLED. Lambda = 1.583847e+00
BG_FUNC: a=2.14e-14 V=6.11e-01 factor_V=2.45e+58 factor_rho=5.62e-56 rho_eV2=1.49e+58 rho_final=8.40e+02
BG_FUNC: a=8.04e-13 V=6.11e-01 factor_V=2.45e+58 factor_rho=5.62e-56 rho_eV2=1.49e+58 rho_final=8.40e+02
BG_FUNC: a=3.19e-11 V=6.11e-01 factor_V=2.45e+58 factor_rho=5.62e-56 rho_eV2=1.49e+58 rho_final=8.40e+02
BG_FUNC: a=1.27e-09 V=6.11e-01 factor_V=2.45e+58 factor_rho=5.62e-56 rho_eV2=1.49e+58 rho_final=8.40e+02
BG_FUNC: a=5.01e-08 V=6.11e-01 factor_V=2.45e+58 factor_rho=5.62e-56 rho_eV2=1.49e+58 rho_final=8.40e+02
BG_FUNC: a=1.99e-06 V=6.11e-01 factor_V=2.45e+58 factor_rho=5.62e-56 rho_eV2=1.49e+58 rho_final=8.40e+02
BG_FUNC: a=7.82e-05 V=5.26e-01 factor_V=2.45e+58 factor_rho=5.62e-56 rho_eV2=1.36e+58 rho_final=7.67e+02
RIDDER SWITCHING: z_osc = 7552.87, a_osc = 1.323824e-04
DEBUG: Ridder field ENABLED. Lambda = 1.203533e+00
DEBUG: Ridder field ENABLED. Lambda = 1.203533e+00
BG_FUNC: a=2.03e-13 V=2.04e-01 factor_V=2.45e+58 factor_rho=5.62e-56 rho_eV2=4.98e+57 rho_final=2.80e+02
BG_FUNC: a=8.04e-12 V=2.04e-01 factor_V=2.45e+58 factor_rho=5.62e-56 rho_eV2=4.98e+57 rho_final=2.80e+02
BG_FUNC: a=3.19e-10 V=2.04e-01 factor_V=2.45e+58 factor_rho=5.62e-56 rho_eV2=4.98e+57 rho_final=2.80e+02
BG_FUNC: a=1.26e-08 V=2.04e-01 factor_V=2.45e+58 factor_rho=5.62e-56 rho_eV2=4.98e+57 rho_final=2.80e+02
BG_FUNC: a=5.01e-07 V=2.04e-01 factor_V=2.45e+58 factor_rho=5.62e-56 rho_eV2=4.98e+57 rho_final=2.80e+02
BG_FUNC: a=2.00e-05 V=2.04e-01 factor_V=2.45e+58 factor_rho=5.62e-56 rho_eV2=4.98e+57 rho_final=2.80e+02
RIDDER SWITCHING: z_osc = 5535.62, a_osc = 1.806156e-04
DEBUG: Ridder field ENABLED. Lambda = 1.229064e+00
DEBUG: Ridder field ENABLED. Lambda = 1.229064e+00
BG_FUNC: a=3.88e-14 V=2.22e-01 factor_V=2.45e+58 factor_rho=5.62e-56 rho_eV2=5.42e+57 rho_final=3.05e+02
BG_FUNC: a=1.47e-12 V=2.22e-01 factor_V=2.45e+58 factor_rho=5.62e-56 rho_eV2=5[mcmc] Progress @ 2025-11-30 18:45:35 : 2889 steps taken, and 389 accepted.
.42e+57 rho_final=3.05e+02
BG_FUNC: a=5.85e-11 V=2.22e-01 factor_V=2.45e+58 factor_rho=5.62e-56 rho_eV2=5.42e+57 rho_final=3.05e+02
BG_FUNC: a=2.32e-09 V=2.22e-01 factor_V=2.45e+58 factor_rho=5.62e-56 rho_eV2=5.42e+57 rho_final=3.05e+02
BG_FUNC: a=9.30e-08 V=2.22e-01 factor_V=2.45e+58 factor_rho=5.62e-56 rho_eV2=5.42e+57 rho_final=3.05e+02
BG_FUNC: a=3.66e-06 V=2.22e-01 factor_V=2.45e+58 factor_rho=5.62e-56 rho_eV2=5.42e+57 rho_final=3.05e+02
BG_FUNC: a=1.43e-04 V=1.33e-01 factor_V=2.45e+58 factor_rho=5.62e-56 rho_eV2=3.97e+57 rho_final=2.23e+02
RIDDER SWITCHING: z_osc = 5704.08, a_osc = 1.752823e-04
DEBUG: Ridder field ENABLED. Lambda = 1.146011e+00
DEBUG: Ridder field ENABLED. Lambda = 1.146011e+00
BG_FUNC: a=2.84e-13 V=1.68e-01 factor_V=2.45e+58 factor_rho=5.62e-56 rho_eV2=4.10e+57 rho_final=2.30e+02
BG_FUNC: a=1.12e-11 V=1.68e-01 factor_V=2.45e+58 factor_rho=5.62e-56 rho_eV2=4.10e+57 rho_final=2.30e+02
BG_FUNC: a=4.44e-10 V=1.68e-01 factor_V=2.45e+58 factor_rho=5.62e-56 rho_eV2=4.10e+57 rho_final=2.30e+02
BG_FUNC: a=1.76e-08 V=1.68e-01 factor_V=2.45e+58 factor_rho=5.62e-56 rho_eV2=4.10e+57 rho_final=2.30e+02
BG_FUNC: a=7.00e-07 V=1.68e-01 factor_V=2.45e+58 factor_rho=5.62e-56 rho_eV2=4.10e+57 rho_final=2.30e+02
BG_FUNC: a=2.78e-05 V=1.67e-01 factor_V=2.45e+58 factor_rho=5.62e-56 rho_eV2=4.10e+57 rho_final=2.30e+02
RIDDER SWITCHING: z_osc = 5257.75, a_osc = 1.901592e-04
DEBUG: Ridder field ENABLED. Lambda = 9.053427e-01
DEBUG: Ridder field ENABLED. Lambda = 9.053427e-01
BG_FUNC: a=5.20e-14 V=6.53e-02 factor_V=2.45e+58 factor_rho=5.62e-56 rho_eV2=1.60e+57 rho_final=8.97e+01
BG_FUNC: a=2.02e-12 V=6.53e-02 factor_V=2.45e+58 factor_rho=5.62e-56 rho_eV2=1.60e+57 rho_final=8.97e+01
BG_FUNC: a=8.04e-11 V=6.53e-02 factor_V=2.45e+58 factor_rho=5.62e-56 rho_eV2=1.60e+57 rho_final=8.97e+01
BG_FUNC: a=3.23e-09 V=6.53e-02 factor_V=2.45e+58 factor_rho=5.62e-56 rho_eV2=1.60e+57 rho_final=8.97e+01
BG_FUNC: a=1.29e-07 V=6.53e-02 factor_V=2.45e+58 factor_rho=5.62e-56 rho_eV2=1.60e+57 rho_final=8.97e+01
BG_FUNC: a=5.19e-06 V=6.53e-02 factor_V=2.45e+58 factor_rho=5.62e-56 rho_eV2=1.60e+57 rho_final=8.97e+01
BG_FUNC: a=2.04e-04 V=3.73e-02 factor_V=2.45e+58 factor_rho=5.62e-56 rho_eV2=1.13e+57 rho_final=6.37e+01
RIDDER SWITCHING: z_osc = 3982.73, a_osc = 2.510211e-04
DEBUG: Ridder field ENABLED. Lambda = 1.412530e+00
DEBUG: Ridder field ENABLED. Lambda = 1.412530e+00
BG_FUNC: a=2.82e-13 V=3.87e-01 factor_V=2.45e+58 factor_rho=5.62e-56 rho_eV2=9.46e+57 rho_final=5.32e+02
BG_FUNC: a=1.13e-11 V=3.87e-01 factor_V=2.45e+58 factor_rho=5.62e-56 rho_eV2=9.46e+57 rho_final=5.32e+02
BG_FUNC: a=4.50e-10 V=3.87e-01 factor_V=2.45e+58 factor_rho=5.62e-56 rho_eV2=9.46e+57 rho_final=5.32e+02
BG_FUNC: a=1.80e-08 V=3.87e-01 factor_V=2.45e+58 factor_rho=5.62e-56 rho_eV2=9.46e+57 rho_final=5.32e+02
BG_FUNC: a=7.18e-07 V=3.87e-01 factor_V=2.45e+58 factor_rho=5.62e-56 rho_eV2=9.46e+57 rho_final=5.32e+02
BG_FUNC: a=2.87e-05 V=3.86e-01 factor_V=2.45e+58 factor_rho=5.62e-56 rho_eV2=9.45e+57 rho_final=5.31e+02
RIDDER SWITCHING: z_osc = 6604.20, a_osc = 1.513959e-04
DEBUG: Ridder field ENABLED. Lambda = 1.156510e+00
DEBUG: Ridder field ENABLED. Lambda = 1.156510e+00
BG_FUNC: a=6.69e-14 V=1.74e-01 factor_V=2.45e+58 factor_rho=5.62e-56 rho_eV2=4.25e+57 rho_final=2.39e+02
BG_FUNC: a=2.56e-12 V=1.74e-01 factor_V=2.45e+58 factor_rho=5.62e-56 rho_eV2=4.25e+57 rho_final=2.39e+02
BG_FUNC: a=1.02e-10 V=1.74e-01 factor_V=2.45e+58 factor_rho=5.62e-56 rho_eV2=4.25e+57 rho_final=2.39e+02
BG_FUNC: a=4.03e-09 V=1.74e-01 factor_V=2.45e+58 factor_rho=5.62e-56 rho_eV2=4.25e+57 rho_final=2.39e+02
BG_FUNC: a=1.60e-07 V=1.74e-01 factor_V=2.45e+58 factor_rho=5.62e-56 rho_eV2=4.25e+57 rho_final=2.39e+02
BG_FUNC: a=6.33e-06 V=1.74e-01 factor_V=2.45e+58 factor_rho=5.62e-56 rho_eV2=4.25e+57 rho_final=2.39e+02
RIDDER SWITCHING: z_osc = 5307.16, a_osc = 1.883893e-04
DEBUG: Ridder field ENABLED. Lambda = 1.006545e+00
DEBUG: Ridder field ENABLED. Lambda = 1.006545e+00
BG_FUNC: a=1.22e-14 V=9.97e-02 factor_V=2.45e+58 factor_rho=5.62e-56 rho_eV2=2.44e+57 rho_final=1.37e+02
BG_FUNC: a=4.52e-13 V=9.[mcmc] Progress @ 2025-11-30 18:46:52 : 2915 steps taken, and 393 accepted.
[mcmc] Progress @ 2025-11-30 18:48:12 : 2944 steps taken, and 399 accepted.
97e-02 factor_V=2.45e+58 factor_rho=5.62e-56 rho_eV2=2.44e+57 rho_final=1.37e+02
BG_FUNC: a=1.80e-11 V=9.97e-02 factor_V=2.45e+58 factor_rho=5.62e-56 rho_eV2=2.44e+57 rho_final=1.37e+02
BG_FUNC: a=7.13e-10 V=9.97e-02 factor_V=2.45e+58 factor_rho=5.62e-56 rho_eV2=2.44e+57 rho_final=1.37e+02
BG_FUNC: a=2.83e-08 V=9.97e-02 factor_V=2.45e+58 factor_rho=5.62e-56 rho_eV2=2.44e+57 rho_final=1.37e+02
BG_FUNC: a=1.12e-06 V=9.97e-02 factor_V=2.45e+58 factor_rho=5.62e-56 rho_eV2=2.44e+57 rho_final=1.37e+02
BG_FUNC: a=4.45e-05 V=9.94e-02 factor_V=2.45e+58 factor_rho=5.62e-56 rho_eV2=2.43e+57 rho_final=1.37e+02
RIDDER SWITCHING: z_osc = 4498.37, a_osc = 2.222532e-04
DEBUG: Ridder field ENABLED. Lambda = 8.234283e-01
DEBUG: Ridder field ENABLED. Lambda = 8.234283e-01
BG_FUNC: a=7.04e-14 V=4.47e-02 factor_V=2.45e+58 factor_rho=5.62e-56 rho_eV2=1.09e+57 rho_final=6.14e+01
BG_FUNC: a=2.72e-12 V=4.47e-02 factor_V=2.45e+58 factor_rho=5.62e-56 rho_eV2=1.09e+57 rho_final=6.14e+01
BG_FUNC: a=1.09e-10 V=4.47e-02 factor_V=2.45e+58 factor_rho=5.62e-56 rho_eV2=1.09e+57 rho_final=6.14e+01
BG_FUNC: a=4.39e-09 V=4.47e-02 factor_V=2.45e+58 factor_rho=5.62e-56 rho_eV2=1.09e+57 rho_final=6.14e+01
BG_FUNC: a=1.74e-07 V=4.47e-02 factor_V=2.45e+58 factor_rho=5.62e-56 rho_eV2=1.09e+57 rho_final=6.14e+01
BG_FUNC: a=6.97e-06 V=4.47e-02 factor_V=2.45e+58 factor_rho=5.62e-56 rho_eV2=1.09e+57 rho_final=6.14e+01
BG_FUNC: a=2.72e-04 V=1.61e-02 factor_V=2.45e+58 factor_rho=5.62e-56 rho_eV2=5.84e+56 rho_final=3.28e+01
RIDDER SWITCHING: z_osc = 3583.33, a_osc = 2.789921e-04
DEBUG: Ridder field ENABLED. Lambda = 1.156510e+00
DEBUG: Ridder field ENABLED. Lambda = 1.156510e+00
BG_FUNC: a=3.38e-13 V=1.74e-01 factor_V=2.45e+58 factor_rho=5.62e-56 rho_eV2=4.25e+57 rho_final=2.39e+02
BG_FUNC: a=1.33e-11 V=1.74e-01 factor_V=2.45e+58 factor_rho=5.62e-56 rho_eV2=4.25e+57 rho_final=2.39e+02
BG_FUNC: a=5.20e-10 V=1.74e-01 factor_V=2.45e+58 factor_rho=5.62e-56 rho_eV2=4.25e+57 rho_final=2.39e+02
BG_FUNC: a=2.04e-08 V=1.74e-01 factor_V=2.45e+58 factor_rho=5.62e-56 rho_eV2=4.25e+57 rho_final=2.39e+02
BG_FUNC: a=7.98e-07 V=1.74e-01 factor_V=2.45e+58 factor_rho=5.62e-56 rho_eV2=4.25e+57 rho_final=2.39e+02
BG_FUNC: a=3.05e-05 V=1.74e-01 factor_V=2.45e+58 factor_rho=5.62e-56 rho_eV2=4.25e+57 rho_final=2.39e+02
RIDDER SWITCHING: z_osc = 5311.29, a_osc = 1.882427e-04
DEBUG: Ridder field ENABLED. Lambda = 1.194774e+00
DEBUG: Ridder field ENABLED. Lambda = 1.194774e+00
BG_FUNC: a=5.72e-14 V=1.98e-01 factor_V=2.45e+58 factor_rho=5.62e-56 rho_eV2=4.84e+57 rho_final=2.72e+02
BG_FUNC: a=2.19e-12 V=1.98e-01 factor_V=2.45e+58 factor_rho=5.62e-56 rho_eV2=4.84e+57 rho_final=2.72e+02
BG_FUNC: a=8.69e-11 V=1.98e-01 factor_V=2.45e+58 factor_rho=5.62e-56 rho_eV2=4.84e+57 rho_final=2.72e+02
BG_FUNC: a=3.45e-09 V=1.98e-01 factor_V=2.45e+58 factor_rho=5.62e-56 rho_eV2=4.84e+57 rho_final=2.72e+02
BG_FUNC: a=1.37e-07 V=1.98e-01 factor_V=2.45e+58 factor_rho=5.62e-56 rho_eV2=4.84e+57 rho_final=2.72e+02
BG_FUNC: a=5.44e-06 V=1.98e-01 factor_V=2.45e+58 factor_rho=5.62e-56 rho_eV2=4.84e+57 rho_final=2.72e+02
RIDDER SWITCHING: z_osc = 5504.14, a_osc = 1.816484e-04
DEBUG: Ridder field ENABLED. Lambda = 1.237954e+00
DEBUG: Ridder field ENABLED. Lambda = 1.237954e+00
BG_FUNC: a=1.09e-14 V=2.28e-01 factor_V=2.45e+58 factor_rho=5.62e-56 rho_eV2=5.58e+57 rho_final=3.14e+02
BG_FUNC: a=4.02e-13 V=2.28e-01 factor_V=2.45e+58 factor_rho=5.62e-56 rho_eV2=5.58e+57 rho_final=3.14e+02
BG_FUNC: a=1.59e-11 V=2.28e-01 factor_V=2.45e+58 factor_rho=5.62e-56 rho_eV2=5.58e+57 rho_final=3.14e+02
BG_FUNC: a=6.32e-10 V=2.28e-01 factor_V=2.45e+58 factor_rho=5.62e-56 rho_eV2=5.58e+57 rho_final=3.14e+02
BG_FUNC: a=2.53e-08 V=2.28e-01 factor_V=2.45e+58 factor_rho=5.62e-56 rho_eV2=5.58e+57 rho_final=3.14e+02
BG_FUNC: a=9.92e-07 V=2.28e-01 factor_V=2.45e+58 factor_rho=5.62e-56 rho_eV2=5.58e+57 rho_final=3.14e+02
BG_FUNC: a=3.92e-05 V=2.27e-01 factor_V=2.45e+58 factor_rho=5.62e-56 rho_eV2=5.57e+57 rho_final=3.13e+02
RIDDER SWITCHING: z_osc = 5714.14, a_osc = 1.749738e-04
DEBUG: Ridder field ENABLED. Lambda = 1.119092e+00
DEBUG: Ridder field E[mcmc] Progress @ 2025-11-30 18:49:12 : 2972 steps taken, and 405 accepted.
[mcmc] Progress @ 2025-11-30 18:50:13 : 3012 steps taken, and 412 accepted.
NABLED. Lambda = 1.119092e+00
BG_FUNC: a=7.88e-14 V=1.52e-01 factor_V=2.45e+58 factor_rho=5.62e-56 rho_eV2=3.73e+57 rho_final=2.09e+02
BG_FUNC: a=3.03e-12 V=1.52e-01 factor_V=2.45e+58 factor_rho=5.62e-56 rho_eV2=3.73e+57 rho_final=2.09e+02
BG_FUNC: a=1.20e-10 V=1.52e-01 factor_V=2.45e+58 factor_rho=5.62e-56 rho_eV2=3.73e+57 rho_final=2.09e+02
BG_FUNC: a=4.76e-09 V=1.52e-01 factor_V=2.45e+58 factor_rho=5.62e-56 rho_eV2=3.73e+57 rho_final=2.09e+02
BG_FUNC: a=1.89e-07 V=1.52e-01 factor_V=2.45e+58 factor_rho=5.62e-56 rho_eV2=3.73e+57 rho_final=2.09e+02
BG_FUNC: a=7.50e-06 V=1.52e-01 factor_V=2.45e+58 factor_rho=5.62e-56 rho_eV2=3.73e+57 rho_final=2.09e+02
RIDDER SWITCHING: z_osc = 5121.16, a_osc = 1.952303e-04
DEBUG: Ridder field ENABLED. Lambda = 1.093703e+00
DEBUG: Ridder field ENABLED. Lambda = 1.093703e+00
BG_FUNC: a=1.39e-14 V=1.39e-01 factor_V=2.45e+58 factor_rho=5.62e-56 rho_eV2=3.40e+57 rho_final=1.91e+02
BG_FUNC: a=5.21e-13 V=1.39e-01 factor_V=2.45e+58 factor_rho=5.62e-56 rho_eV2=3.40e+57 rho_final=1.91e+02
BG_FUNC: a=2.09e-11 V=1.39e-01 factor_V=2.45e+58 factor_rho=5.62e-56 rho_eV2=3.40e+57 rho_final=1.91e+02
BG_FUNC: a=8.34e-10 V=1.39e-01 factor_V=2.45e+58 factor_rho=5.62e-56 rho_eV2=3.40e+57 rho_final=1.91e+02
BG_FUNC: a=3.34e-08 V=1.39e-01 factor_V=2.45e+58 factor_rho=5.62e-56 rho_eV2=3.40e+57 rho_final=1.91e+02
BG_FUNC: a=1.34e-06 V=1.39e-01 factor_V=2.45e+58 factor_rho=5.62e-56 rho_eV2=3.40e+57 rho_final=1.91e+02
BG_FUNC: a=5.33e-05 V=1.38e-01 factor_V=2.45e+58 factor_rho=5.62e-56 rho_eV2=3.38e+57 rho_final=1.90e+02
RIDDER SWITCHING: z_osc = 4991.38, a_osc = 2.003052e-04
DEBUG: Ridder field ENABLED. Lambda = 1.175685e+00
DEBUG: Ridder field ENABLED. Lambda = 1.175685e+00
BG_FUNC: a=9.10e-14 V=1.86e-01 factor_V=2.45e+58 factor_rho=5.62e-56 rho_eV2=4.54e+57 rho_final=2.55e+02
BG_FUNC: a=3.62e-12 V=1.86e-01 factor_V=2.45e+58 factor_rho=5.62e-56 rho_eV2=4.54e+57 rho_final=2.55e+02
BG_FUNC: a=1.42e-10 V=1.86e-01 factor_V=2.45e+58 factor_rho=5.62e-56 rho_eV2=4.54e+57 rho_final=2.55e+02
BG_FUNC: a=5.63e-09 V=1.86e-01 factor_V=2.45e+58 factor_rho=5.62e-56 rho_eV2=4.54e+57 rho_final=2.55e+02
BG_FUNC: a=2.25e-07 V=1.86e-01 factor_V=2.45e+58 factor_rho=5.62e-56 rho_eV2=4.54e+57 rho_final=2.55e+02
BG_FUNC: a=8.84e-06 V=1.86e-01 factor_V=2.45e+58 factor_rho=5.62e-56 rho_eV2=4.54e+57 rho_final=2.55e+02
RIDDER SWITCHING: z_osc = 5410.93, a_osc = 1.847768e-04
DEBUG: Ridder field ENABLED. Lambda = 1.156510e+00
DEBUG: Ridder field ENABLED. Lambda = 1.156510e+00
BG_FUNC: a=1.72e-14 V=1.74e-01 factor_V=2.45e+58 factor_rho=5.62e-56 rho_eV2=4.25e+57 rho_final=2.39e+02
BG_FUNC: a=6.43e-13 V=1.74e-01 factor_V=2.45e+58 factor_rho=5.62e-56 rho_eV2=4.25e+57 rho_final=2.39e+02
BG_FUNC: a=2.55e-11 V=1.74e-01 factor_V=2.45e+58 factor_rho=5.62e-56 rho_eV2=4.25e+57 rho_final=2.39e+02
BG_FUNC: a=1.01e-09 V=1.74e-01 factor_V=2.45e+58 factor_rho=5.62e-56 rho_eV2=4.25e+57 rho_final=2.39e+02
BG_FUNC: a=4.00e-08 V=1.74e-01 factor_V=2.45e+58 factor_rho=5.62e-56 rho_eV2=4.25e+57 rho_final=2.39e+02
BG_FUNC: a=1.59e-06 V=1.74e-01 factor_V=2.45e+58 factor_rho=5.62e-56 rho_eV2=4.25e+57 rho_final=2.39e+02
BG_FUNC: a=6.27e-05 V=1.71e-01 factor_V=2.45e+58 factor_rho=5.62e-56 rho_eV2=4.20e+57 rho_final=2.36e+02
RIDDER SWITCHING: z_osc = 5300.30, a_osc = 1.886329e-04
DEBUG: Ridder field ENABLED. Lambda = 1.663067e+00
DEBUG: Ridder field ENABLED. Lambda = 1.663067e+00
BG_FUNC: a=1.13e-13 V=7.43e-01 factor_V=2.45e+58 factor_rho=5.62e-56 rho_eV2=1.82e+58 rho_final=1.02e+03
BG_FUNC: a=4.49e-12 V=7.43e-01 factor_V=2.45e+58 factor_rho=5.62e-56 rho_eV2=1.82e+58 rho_final=1.02e+03
BG_FUNC: a=1.78e-10 V=7.43e-01 factor_V=2.45e+58 factor_rho=5.62e-56 rho_eV2=1.82e+58 rho_final=1.02e+03
BG_FUNC: a=7.06e-09 V=7.43e-01 factor_V=2.45e+58 factor_rho=5.62e-56 rho_eV2=1.82e+58 rho_final=1.02e+03
BG_FUNC: a=2.80e-07 V=7.43e-01 factor_V=2.45e+58 factor_rho=5.62e-56 rho_eV2=1.82e+58 rho_final=1.02e+03
BG_FUNC: a=1.12e-05 V=7.43e-01 factor_V=2.45e+58 factor_rho=5.62e-56 rho_eV2=1.82e+58 rho_final=1.02e+03
RIDDER SWITCHING: z_osc = 7938.16, a_osc = 1.259579e-04
DEBUG: Ridder fiel[mcmc] Progress @ 2025-11-30 18:51:30 : 3050 steps taken, and 422 accepted.
[mcmc] Progress @ 2025-11-30 18:52:48 : 3072 steps taken, and 425 accepted.
d ENABLED. Lambda = 1.094915e+00
DEBUG: Ridder field ENABLED. Lambda = 1.094915e+00
BG_FUNC: a=3.14e-14 V=1.40e-01 factor_V=2.45e+58 factor_rho=5.62e-56 rho_eV2=3.41e+57 rho_final=1.92e+02
BG_FUNC: a=1.21e-12 V=1.40e-01 factor_V=2.45e+58 factor_rho=5.62e-56 rho_eV2=3.41e+57 rho_final=1.92e+02
BG_FUNC: a=4.81e-11 V=1.40e-01 factor_V=2.45e+58 factor_rho=5.62e-56 rho_eV2=3.41e+57 rho_final=1.92e+02
BG_FUNC: a=1.93e-09 V=1.40e-01 factor_V=2.45e+58 factor_rho=5.62e-56 rho_eV2=3.41e+57 rho_final=1.92e+02
BG_FUNC: a=7.76e-08 V=1.40e-01 factor_V=2.45e+58 factor_rho=5.62e-56 rho_eV2=3.41e+57 rho_final=1.92e+02
BG_FUNC: a=3.11e-06 V=1.40e-01 factor_V=2.45e+58 factor_rho=5.62e-56 rho_eV2=3.41e+57 rho_final=1.92e+02
BG_FUNC: a=1.25e-04 V=1.14e-01 factor_V=2.45e+58 factor_rho=5.62e-56 rho_eV2=3.02e+57 rho_final=1.70e+02
RIDDER SWITCHING: z_osc = 5015.13, a_osc = 1.993567e-04
DEBUG: Ridder field ENABLED. Lambda = 1.323616e+00
DEBUG: Ridder field ENABLED. Lambda = 1.323616e+00
BG_FUNC: a=2.12e-13 V=2.98e-01 factor_V=2.45e+58 factor_rho=5.62e-56 rho_eV2=7.29e+57 rho_final=4.10e+02
BG_FUNC: a=8.43e-12 V=2.98e-01 factor_V=2.45e+58 factor_rho=5.62e-56 rho_eV2=7.29e+57 rho_final=4.10e+02
BG_FUNC: a=3.35e-10 V=2.98e-01 factor_V=2.45e+58 factor_rho=5.62e-56 rho_eV2=7.29e+57 rho_final=4.10e+02
BG_FUNC: a=1.34e-08 V=2.98e-01 factor_V=2.45e+58 factor_rho=5.62e-56 rho_eV2=7.29e+57 rho_final=4.10e+02
BG_FUNC: a=5.28e-07 V=2.98e-01 factor_V=2.45e+58 factor_rho=5.62e-56 rho_eV2=7.29e+57 rho_final=4.10e+02
BG_FUNC: a=2.10e-05 V=2.98e-01 factor_V=2.45e+58 factor_rho=5.62e-56 rho_eV2=7.29e+57 rho_final=4.10e+02
RIDDER SWITCHING: z_osc = 6169.42, a_osc = 1.620636e-04
DEBUG: Ridder field ENABLED. Lambda = 1.148006e+00
DEBUG: Ridder field ENABLED. Lambda = 1.148006e+00
BG_FUNC: a=4.59e-14 V=1.69e-01 factor_V=2.45e+58 factor_rho=5.62e-56 rho_eV2=4.13e+57 rho_final=2.32e+02
BG_FUNC: a=1.75e-12 V=1.69e-01 factor_V=2.45e+58 factor_rho=5.62e-56 rho_eV2=4.13e+57 rho_final=2.32e+02
BG_FUNC: a=6.94e-11 V=1.69e-01 factor_V=2.45e+58 factor_rho=5.62e-56 rho_eV2=4.13e+57 rho_final=2.32e+02
BG_FUNC: a=2.76e-09 V=1.69e-01 factor_V=2.45e+58 factor_rho=5.62e-56 rho_eV2=4.13e+57 rho_final=2.32e+02
BG_FUNC: a=1.10e-07 V=1.69e-01 factor_V=2.45e+58 factor_rho=5.62e-56 rho_eV2=4.13e+57 rho_final=2.32e+02
BG_FUNC: a=4.35e-06 V=1.69e-01 factor_V=2.45e+58 factor_rho=5.62e-56 rho_eV2=4.13e+57 rho_final=2.32e+02
BG_FUNC: a=1.69e-04 V=8.31e-02 factor_V=2.45e+58 factor_rho=5.62e-56 rho_eV2=2.68e+57 rho_final=1.51e+02
RIDDER SWITCHING: z_osc = 5263.56, a_osc = 1.899496e-04
DEBUG: Ridder field ENABLED. Lambda = 1.064237e+00
DEBUG: Ridder field ENABLED. Lambda = 1.064237e+00
BG_FUNC: a=3.09e-13 V=1.25e-01 factor_V=2.45e+58 factor_rho=5.62e-56 rho_eV2=3.05e+57 rho_final=1.71e+02
BG_FUNC: a=1.22e-11 V=1.25e-01 factor_V=2.45e+58 factor_rho=5.62e-56 rho_eV2=3.05e+57 rho_final=1.71e+02
BG_FUNC: a=4.86e-10 V=1.25e-01 factor_V=2.45e+58 factor_rho=5.62e-56 rho_eV2=3.05e+57 rho_final=1.71e+02
BG_FUNC: a=1.93e-08 V=1.25e-01 factor_V=2.45e+58 factor_rho=5.62e-56 rho_eV2=3.05e+57 rho_final=1.71e+02
BG_FUNC: a=7.64e-07 V=1.25e-01 factor_V=2.45e+58 factor_rho=5.62e-56 rho_eV2=3.05e+57 rho_final=1.71e+02
BG_FUNC: a=3.03e-05 V=1.25e-01 factor_V=2.45e+58 factor_rho=5.62e-56 rho_eV2=3.05e+57 rho_final=1.71e+02
RIDDER SWITCHING: z_osc = 4830.42, a_osc = 2.069787e-04
DEBUG: Ridder field ENABLED. Lambda = 1.016897e+00
DEBUG: Ridder field ENABLED. Lambda = 1.016897e+00
BG_FUNC: a=5.19e-14 V=1.04e-01 factor_V=2.45e+58 factor_rho=5.62e-56 rho_eV2=2.54e+57 rho_final=1.43e+02
BG_FUNC: a=1.98e-12 V=1.04e-01 factor_V=2.45e+58 factor_rho=5.62e-56 rho_eV2=2.54e+57 rho_final=1.43e+02
BG_FUNC: a=7.84e-11 V=1.04e-01 factor_V=2.45e+58 factor_rho=5.62e-56 rho_eV2=2.54e+57 rho_final=1.43e+02
BG_FUNC: a=3.11e-09 V=1.04e-01 factor_V=2.45e+58 factor_rho=5.62e-56 rho_eV2=2.54e+57 rho_final=1.43e+02
BG_FUNC: a=1.23e-07 V=1.04e-01 factor_V=2.45e+58 factor_rho=5.62e-56 rho_eV2=2.54e+57 rho_final=1.43e+02
BG_FUNC: a=4.89e-06 V=1.04e-01 factor_V=2.45e+58 factor_rho=5.62e-56 rho_eV2=2.54e+57 rho_final=1.43e+02
BG_FUNC: a=1.90e-04 [mcmc] Progress @ 2025-11-30 18:54:04 : 3115 steps taken, and 433 accepted.
V=5.32e-02 factor_V=2.45e+58 factor_rho=5.62e-56 rho_eV2=1.69e+57 rho_final=9.49e+01
RIDDER SWITCHING: z_osc = 4586.51, a_osc = 2.179830e-04
DEBUG: Ridder field ENABLED. Lambda = 9.046158e-01
DEBUG: Ridder field ENABLED. Lambda = 9.046158e-01
BG_FUNC: a=3.01e-13 V=6.51e-02 factor_V=2.45e+58 factor_rho=5.62e-56 rho_eV2=1.59e+57 rho_final=8.94e+01
BG_FUNC: a=1.20e-11 V=6.51e-02 factor_V=2.45e+58 factor_rho=5.62e-56 rho_eV2=1.59e+57 rho_final=8.94e+01
BG_FUNC: a=4.75e-10 V=6.51e-02 factor_V=2.45e+58 factor_rho=5.62e-56 rho_eV2=1.59e+57 rho_final=8.94e+01
BG_FUNC: a=1.89e-08 V=6.51e-02 factor_V=2.45e+58 factor_rho=5.62e-56 rho_eV2=1.59e+57 rho_final=8.94e+01
BG_FUNC: a=7.50e-07 V=6.51e-02 factor_V=2.45e+58 factor_rho=5.62e-56 rho_eV2=1.59e+57 rho_final=8.94e+01
BG_FUNC: a=2.98e-05 V=6.50e-02 factor_V=2.45e+58 factor_rho=5.62e-56 rho_eV2=1.59e+57 rho_final=8.94e+01
RIDDER SWITCHING: z_osc = 3970.57, a_osc = 2.517896e-04
DEBUG: Ridder field ENABLED. Lambda = 1.193270e+00
DEBUG: Ridder field ENABLED. Lambda = 1.193270e+00
BG_FUNC: a=4.19e-14 V=1.97e-01 factor_V=2.45e+58 factor_rho=5.62e-56 rho_eV2=4.82e+57 rho_final=2.71e+02
BG_FUNC: a=1.59e-12 V=1.97e-01 factor_V=2.45e+58 factor_rho=5.62e-56 rho_eV2=4.82e+57 rho_final=2.71e+02
BG_FUNC: a=6.33e-11 V=1.97e-01 factor_V=2.45e+58 factor_rho=5.62e-56 rho_eV2=4.82e+57 rho_final=2.71e+02
BG_FUNC: a=2.51e-09 V=1.97e-01 factor_V=2.45e+58 factor_rho=5.62e-56 rho_eV2=4.82e+57 rho_final=2.71e+02
BG_FUNC: a=9.98e-08 V=1.97e-01 factor_V=2.45e+58 factor_rho=5.62e-56 rho_eV2=4.82e+57 rho_final=2.71e+02
BG_FUNC: a=3.96e-06 V=1.97e-01 factor_V=2.45e+58 factor_rho=5.62e-56 rho_eV2=4.82e+57 rho_final=2.71e+02
BG_FUNC: a=1.54e-04 V=1.09e-01 factor_V=2.45e+58 factor_rho=5.62e-56 rho_eV2=3.36e+57 rho_final=1.89e+02
RIDDER SWITCHING: z_osc = 5493.56, a_osc = 1.819981e-04
DEBUG: Ridder field ENABLED. Lambda = 1.156510e+00
DEBUG: Ridder field ENABLED. Lambda = 1.156510e+00
BG_FUNC: a=2.93e-13 V=1.74e-01 factor_V=2.45e+58 factor_rho=5.62e-56 rho_eV2=4.25e+57 rho_final=2.39e+02
BG_FUNC: a=1.16e-11 V=1.74e-01 factor_V=2.45e+58 factor_rho=5.62e-56 rho_eV2=4.25e+57 rho_final=2.39e+02
BG_FUNC: a=4.61e-10 V=1.74e-01 factor_V=2.45e+58 factor_rho=5.62e-56 rho_eV2=4.25e+57 rho_final=2.39e+02
BG_FUNC: a=1.83e-08 V=1.74e-01 factor_V=2.45e+58 factor_rho=5.62e-56 rho_eV2=4.25e+57 rho_final=2.39e+02
BG_FUNC: a=7.25e-07 V=1.74e-01 factor_V=2.45e+58 factor_rho=5.62e-56 rho_eV2=4.25e+57 rho_final=2.39e+02
BG_FUNC: a=2.87e-05 V=1.74e-01 factor_V=2.45e+58 factor_rho=5.62e-56 rho_eV2=4.25e+57 rho_final=2.39e+02
RIDDER SWITCHING: z_osc = 5300.30, a_osc = 1.886329e-04
DEBUG: Ridder field ENABLED. Lambda = 1.272708e+00
DEBUG: Ridder field ENABLED. Lambda = 1.272708e+00
BG_FUNC: a=5.36e-14 V=2.55e-01 factor_V=2.45e+58 factor_rho=5.62e-56 rho_eV2=6.23e+57 rho_final=3.50e+02
BG_FUNC: a=2.05e-12 V=2.55e-01 factor_V=2.45e+58 factor_rho=5.62e-56 rho_eV2=6.23e+57 rho_final=3.50e+02
BG_FUNC: a=8.13e-11 V=2.55e-01 factor_V=2.45e+58 factor_rho=5.62e-56 rho_eV2=6.23e+57 rho_final=3.50e+02
BG_FUNC: a=3.23e-09 V=2.55e-01 factor_V=2.45e+58 factor_rho=5.62e-56 rho_eV2=6.23e+57 rho_final=3.50e+02
BG_FUNC: a=1.28e-07 V=2.55e-01 factor_V=2.45e+58 factor_rho=5.62e-56 rho_eV2=6.23e+57 rho_final=3.50e+02
BG_FUNC: a=5.08e-06 V=2.55e-01 factor_V=2.45e+58 factor_rho=5.62e-56 rho_eV2=6.23e+57 rho_final=3.50e+02
RIDDER SWITCHING: z_osc = 5919.81, a_osc = 1.688958e-04
DEBUG: Ridder field ENABLED. Lambda = 1.359212e+00
DEBUG: Ridder field ENABLED. Lambda = 1.359212e+00
BG_FUNC: a=1.09e-14 V=3.32e-01 factor_V=2.45e+58 factor_rho=5.62e-56 rho_eV2=8.11e+57 rho_final=4.56e+02
BG_FUNC: a=4.07e-13 V=3.32e-01 factor_V=2.45e+58 factor_rho=5.62e-56 rho_eV2=8.11e+57 rho_final=4.56e+02
BG_FUNC: a=1.63e-11 V=3.32e-01 factor_V=2.45e+58 factor_rho=5.62e-56 rho_eV2=8.11e+57 rho_final=4.56e+02
BG_FUNC: a=6.50e-10 V=3.32e-01 factor_V=2.45e+58 factor_rho=5.62e-56 rho_eV2=8.11e+57 rho_final=4.56e+02
BG_FUNC: a=2.60e-08 V=3.32e-01 factor_V=2.45e+58 factor_rho=5.62e-56 rho_eV2=8.11e+57 rho_final=4.56e+02
BG_FUNC: a=1.04e-06 V=3.32e-01 factor_V=2.45e+58 factor_rho=5.62e-56 rh[mcmc] Progress @ 2025-11-30 18:55:19 : 3135 steps taken, and 437 accepted.
[mcmc] Progress @ 2025-11-30 18:56:36 : 3209 steps taken, and 448 accepted.
o_eV2=8.11e+57 rho_final=4.56e+02
BG_FUNC: a=4.15e-05 V=3.29e-01 factor_V=2.45e+58 factor_rho=5.62e-56 rho_eV2=8.07e+57 rho_final=4.54e+02
RIDDER SWITCHING: z_osc = 6308.16, a_osc = 1.584998e-04
DEBUG: Ridder field ENABLED. Lambda = 8.365240e-01
DEBUG: Ridder field ENABLED. Lambda = 8.365240e-01
BG_FUNC: a=9.00e-14 V=4.76e-02 factor_V=2.45e+58 factor_rho=5.62e-56 rho_eV2=1.16e+57 rho_final=6.54e+01
BG_FUNC: a=3.53e-12 V=4.76e-02 factor_V=2.45e+58 factor_rho=5.62e-56 rho_eV2=1.16e+57 rho_final=6.54e+01
BG_FUNC: a=1.40e-10 V=4.76e-02 factor_V=2.45e+58 factor_rho=5.62e-56 rho_eV2=1.16e+57 rho_final=6.54e+01
BG_FUNC: a=5.57e-09 V=4.76e-02 factor_V=2.45e+58 factor_rho=5.62e-56 rho_eV2=1.16e+57 rho_final=6.54e+01
BG_FUNC: a=2.21e-07 V=4.76e-02 factor_V=2.45e+58 factor_rho=5.62e-56 rho_eV2=1.16e+57 rho_final=6.54e+01
BG_FUNC: a=8.77e-06 V=4.76e-02 factor_V=2.45e+58 factor_rho=5.62e-56 rho_eV2=1.16e+57 rho_final=6.54e+01
RIDDER SWITCHING: z_osc = 3637.75, a_osc = 2.748193e-04
DEBUG: Ridder field ENABLED. Lambda = 9.968042e-01
DEBUG: Ridder field ENABLED. Lambda = 9.968042e-01
BG_FUNC: a=1.16e-14 V=9.59e-02 factor_V=2.45e+58 factor_rho=5.62e-56 rho_eV2=2.35e+57 rho_final=1.32e+02
BG_FUNC: a=4.34e-13 V=9.59e-02 factor_V=2.45e+58 factor_rho=5.62e-56 rho_eV2=2.35e+57 rho_final=1.32e+02
BG_FUNC: a=1.74e-11 V=9.59e-02 factor_V=2.45e+58 factor_rho=5.62e-56 rho_eV2=2.35e+57 rho_final=1.32e+02
BG_FUNC: a=6.95e-10 V=9.59e-02 factor_V=2.45e+58 factor_rho=5.62e-56 rho_eV2=2.35e+57 rho_final=1.32e+02
BG_FUNC: a=2.78e-08 V=9.59e-02 factor_V=2.45e+58 factor_rho=5.62e-56 rho_eV2=2.35e+57 rho_final=1.32e+02
BG_FUNC: a=1.12e-06 V=9.59e-02 factor_V=2.45e+58 factor_rho=5.62e-56 rho_eV2=2.35e+57 rho_final=1.32e+02
BG_FUNC: a=4.50e-05 V=9.56e-02 factor_V=2.45e+58 factor_rho=5.62e-56 rho_eV2=2.34e+57 rho_final=1.32e+02
RIDDER SWITCHING: z_osc = 4447.57, a_osc = 2.247915e-04
DEBUG: Ridder field ENABLED. Lambda = 1.156510e+00
DEBUG: Ridder field ENABLED. Lambda = 1.156510e+00
BG_FUNC: a=6.99e-14 V=1.74e-01 factor_V=2.45e+58 factor_rho=5.62e-56 rho_eV2=4.25e+57 rho_final=2.39e+02
BG_FUNC: a=2.69e-12 V=1.74e-01 factor_V=2.45e+58 factor_rho=5.62e-56 rho_eV2=4.25e+57 rho_final=2.39e+02
BG_FUNC: a=1.07e-10 V=1.74e-01 factor_V=2.45e+58 factor_rho=5.62e-56 rho_eV2=4.25e+57 rho_final=2.39e+02
BG_FUNC: a=4.24e-09 V=1.74e-01 factor_V=2.45e+58 factor_rho=5.62e-56 rho_eV2=4.25e+57 rho_final=2.39e+02
BG_FUNC: a=1.68e-07 V=1.74e-01 factor_V=2.45e+58 factor_rho=5.62e-56 rho_eV2=4.25e+57 rho_final=2.39e+02
BG_FUNC: a=6.68e-06 V=1.74e-01 factor_V=2.45e+58 factor_rho=5.62e-56 rho_eV2=4.25e+57 rho_final=2.39e+02
RIDDER SWITCHING: z_osc = 5300.22, a_osc = 1.886357e-04
DEBUG: Ridder field ENABLED. Lambda = 1.119442e+00
DEBUG: Ridder field ENABLED. Lambda = 1.119442e+00
BG_FUNC: a=1.29e-14 V=1.53e-01 factor_V=2.45e+58 factor_rho=5.62e-56 rho_eV2=3.73e+57 rho_final=2.10e+02
BG_FUNC: a=4.76e-13 V=1.53e-01 factor_V=2.45e+58 factor_rho=5.62e-56 rho_eV2=3.73e+57 rho_final=2.10e+02
BG_FUNC: a=1.89e-11 V=1.53e-01 factor_V=2.45e+58 factor_rho=5.62e-56 rho_eV2=3.73e+57 rho_final=2.10e+02
BG_FUNC: a=7.48e-10 V=1.53e-01 factor_V=2.45e+58 factor_rho=5.62e-56 rho_eV2=3.73e+57 rho_final=2.10e+02
BG_FUNC: a=2.96e-08 V=1.53e-01 factor_V=2.45e+58 factor_rho=5.62e-56 rho_eV2=3.73e+57 rho_final=2.10e+02
BG_FUNC: a=1.17e-06 V=1.53e-01 factor_V=2.45e+58 factor_rho=5.62e-56 rho_eV2=3.73e+57 rho_final=2.10e+02
BG_FUNC: a=4.63e-05 V=1.52e-01 factor_V=2.45e+58 factor_rho=5.62e-56 rho_eV2=3.72e+57 rho_final=2.09e+02
RIDDER SWITCHING: z_osc = 5149.83, a_osc = 1.941435e-04
DEBUG: Ridder field ENABLED. Lambda = 1.081252e+00
DEBUG: Ridder field ENABLED. Lambda = 1.081252e+00
BG_FUNC: a=8.40e-14 V=1.33e-01 factor_V=2.45e+58 factor_rho=5.62e-56 rho_eV2=3.25e+57 rho_final=1.83e+02
BG_FUNC: a=3.22e-12 V=1.33e-01 factor_V=2.45e+58 factor_rho=5.62e-56 rho_eV2=3.25e+57 rho_final=1.83e+02
BG_FUNC: a=1.28e-10 V=1.33e-01 factor_V=2.45e+58 factor_rho=5.62e-56 rho_eV2=3.25e+57 rho_final=1.83e+02
BG_FUNC: a=5.10e-09 V=1.33e-01 factor_V=2.45e+58 factor_rho=5.62e-56 rho_eV2=3.25e+57 rho_final=1.83e+02
BG_FUNC: a=2.01e-[mcmc] Progress @ 2025-11-30 18:57:46 : 3221 steps taken, and 449 accepted.
[mcmc] Progress @ 2025-11-30 18:58:48 : 3260 steps taken, and 456 accepted.
07 V=1.33e-01 factor_V=2.45e+58 factor_rho=5.62e-56 rho_eV2=3.25e+57 rho_final=1.83e+02
BG_FUNC: a=7.94e-06 V=1.33e-01 factor_V=2.45e+58 factor_rho=5.62e-56 rho_eV2=3.25e+57 rho_final=1.83e+02
RIDDER SWITCHING: z_osc = 4928.47, a_osc = 2.028617e-04
DEBUG: Ridder field ENABLED. Lambda = 5.021212e-01
DEBUG: Ridder field ENABLED. Lambda = 5.021212e-01
BG_FUNC: a=1.42e-14 V=6.18e-03 factor_V=2.45e+58 factor_rho=5.62e-56 rho_eV2=1.51e+56 rho_final=8.49e+00
BG_FUNC: a=5.35e-13 V=6.18e-03 factor_V=2.45e+58 factor_rho=5.62e-56 rho_eV2=1.51e+56 rho_final=8.49e+00
BG_FUNC: a=2.17e-11 V=6.18e-03 factor_V=2.45e+58 factor_rho=5.62e-56 rho_eV2=1.51e+56 rho_final=8.49e+00
BG_FUNC: a=8.81e-10 V=6.18e-03 factor_V=2.45e+58 factor_rho=5.62e-56 rho_eV2=1.51e+56 rho_final=8.49e+00
BG_FUNC: a=3.57e-08 V=6.18e-03 factor_V=2.45e+58 factor_rho=5.62e-56 rho_eV2=1.51e+56 rho_final=8.49e+00
BG_FUNC: a=1.46e-06 V=6.18e-03 factor_V=2.45e+58 factor_rho=5.62e-56 rho_eV2=1.51e+56 rho_final=8.49e+00
BG_FUNC: a=5.89e-05 V=6.17e-03 factor_V=2.45e+58 factor_rho=5.62e-56 rho_eV2=1.51e+56 rho_final=8.49e+00
RIDDER SWITCHING: z_osc = 1984.71, a_osc = 5.035992e-04
DEBUG: Ridder field ENABLED. Lambda = 1.074926e+00
DEBUG: Ridder field ENABLED. Lambda = 1.074926e+00
BG_FUNC: a=4.17e-14 V=1.30e-01 factor_V=2.45e+58 factor_rho=5.62e-56 rho_eV2=3.17e+57 rho_final=1.78e+02
BG_FUNC: a=1.60e-12 V=1.30e-01 factor_V=2.45e+58 factor_rho=5.62e-56 rho_eV2=3.17e+57 rho_final=1.78e+02
BG_FUNC: a=6.44e-11 V=1.30e-01 factor_V=2.45e+58 factor_rho=5.62e-56 rho_eV2=3.17e+57 rho_final=1.78e+02
BG_FUNC: a=2.61e-09 V=1.30e-01 factor_V=2.45e+58 factor_rho=5.62e-56 rho_eV2=3.17e+57 rho_final=1.78e+02
BG_FUNC: a=1.04e-07 V=1.30e-01 factor_V=2.45e+58 factor_rho=5.62e-56 rho_eV2=3.17e+57 rho_final=1.78e+02
BG_FUNC: a=4.18e-06 V=1.30e-01 factor_V=2.45e+58 factor_rho=5.62e-56 rho_eV2=3.17e+57 rho_final=1.78e+02
BG_FUNC: a=1.65e-04 V=7.83e-02 factor_V=2.45e+58 factor_rho=5.62e-56 rho_eV2=2.33e+57 rho_final=1.31e+02
RIDDER SWITCHING: z_osc = 4861.80, a_osc = 2.056427e-04
DEBUG: Ridder field ENABLED. Lambda = 8.032535e-01
DEBUG: Ridder field ENABLED. Lambda = 8.032535e-01
BG_FUNC: a=2.78e-13 V=4.04e-02 factor_V=2.45e+58 factor_rho=5.62e-56 rho_eV2=9.89e+56 rho_final=5.56e+01
BG_FUNC: a=1.10e-11 V=4.04e-02 factor_V=2.45e+58 factor_rho=5.62e-56 rho_eV2=9.89e+56 rho_final=5.56e+01
BG_FUNC: a=4.36e-10 V=4.04e-02 factor_V=2.45e+58 factor_rho=5.62e-56 rho_eV2=9.89e+56 rho_final=5.56e+01
BG_FUNC: a=1.73e-08 V=4.04e-02 factor_V=2.45e+58 factor_rho=5.62e-56 rho_eV2=9.89e+56 rho_final=5.56e+01
BG_FUNC: a=6.85e-07 V=4.04e-02 factor_V=2.45e+58 factor_rho=5.62e-56 rho_eV2=9.89e+56 rho_final=5.56e+01
BG_FUNC: a=2.72e-05 V=4.04e-02 factor_V=2.45e+58 factor_rho=5.62e-56 rho_eV2=9.89e+56 rho_final=5.56e+01
RIDDER SWITCHING: z_osc = 3466.21, a_osc = 2.884164e-04
DEBUG: Ridder field ENABLED. Lambda = 9.724371e-01
DEBUG: Ridder field ENABLED. Lambda = 9.724371e-01
BG_FUNC: a=3.37e-14 V=8.69e-02 factor_V=2.45e+58 factor_rho=5.62e-56 rho_eV2=2.12e+57 rho_final=1.19e+02
BG_FUNC: a=1.29e-12 V=8.69e-02 factor_V=2.45e+58 factor_rho=5.62e-56 rho_eV2=2.12e+57 rho_final=1.19e+02
BG_FUNC: a=5.08e-11 V=8.69e-02 factor_V=2.45e+58 factor_rho=5.62e-56 rho_eV2=2.12e+57 rho_final=1.19e+02
BG_FUNC: a=2.02e-09 V=8.69e-02 factor_V=2.45e+58 factor_rho=5.62e-56 rho_eV2=2.12e+57 rho_final=1.19e+02
BG_FUNC: a=8.01e-08 V=8.69e-02 factor_V=2.45e+58 factor_rho=5.62e-56 rho_eV2=2.12e+57 rho_final=1.19e+02
BG_FUNC: a=3.18e-06 V=8.69e-02 factor_V=2.45e+58 factor_rho=5.62e-56 rho_eV2=2.12e+57 rho_final=1.19e+02
BG_FUNC: a=1.26e-04 V=7.63e-02 factor_V=2.45e+58 factor_rho=5.62e-56 rho_eV2=1.96e+57 rho_final=1.10e+02
RIDDER SWITCHING: z_osc = 4381.79, a_osc = 2.281654e-04
DEBUG: Ridder field ENABLED. Lambda = 1.218480e+00
DEBUG: Ridder field ENABLED. Lambda = 1.218480e+00
BG_FUNC: a=1.88e-13 V=2.14e-01 factor_V=2.45e+58 factor_rho=5.62e-56 rho_eV2=5.24e+57 rho_final=2.94e+02
BG_FUNC: a=7.44e-12 V=2.14e-01 factor_V=2.45e+58 factor_rho=5.62e-56 rho_eV2=5.24e+57 rho_final=2.94e+02
BG_FUNC: a=2.95e-10 V=2.14e-01 factor_V=2.45e+58 factor_rho=5.62e-56[mcmc] Progress @ 2025-11-30 19:00:05 : 3288 steps taken, and 459 accepted.
[mcmc] Progress @ 2025-11-30 19:01:05 : 3325 steps taken, and 464 accepted.
[mcmc] Progress @ 2025-11-30 19:02:05 : 3356 steps taken, and 468 accepted.
 rho_eV2=5.24e+57 rho_final=2.94e+02
BG_FUNC: a=1.17e-08 V=2.14e-01 factor_V=2.45e+58 factor_rho=5.62e-56 rho_eV2=5.24e+57 rho_final=2.94e+02
BG_FUNC: a=4.63e-07 V=2.14e-01 factor_V=2.45e+58 factor_rho=5.62e-56 rho_eV2=5.24e+57 rho_final=2.94e+02
BG_FUNC: a=1.84e-05 V=2.14e-01 factor_V=2.45e+58 factor_rho=5.62e-56 rho_eV2=5.24e+57 rho_final=2.94e+02
RIDDER SWITCHING: z_osc = 5604.29, a_osc = 1.784030e-04
DEBUG: Ridder field ENABLED. Lambda = 1.299034e+00
DEBUG: Ridder field ENABLED. Lambda = 1.299034e+00
BG_FUNC: a=3.64e-14 V=2.77e-01 factor_V=2.45e+58 factor_rho=5.62e-56 rho_eV2=6.76e+57 rho_final=3.80e+02
BG_FUNC: a=1.39e-12 V=2.77e-01 factor_V=2.45e+58 factor_rho=5.62e-56 rho_eV2=6.76e+57 rho_final=3.80e+02
BG_FUNC: a=5.54e-11 V=2.77e-01 factor_V=2.45e+58 factor_rho=5.62e-56 rho_eV2=6.76e+57 rho_final=3.80e+02
BG_FUNC: a=2.21e-09 V=2.77e-01 factor_V=2.45e+58 factor_rho=5.62e-56 rho_eV2=6.76e+57 rho_final=3.80e+02
BG_FUNC: a=8.80e-08 V=2.77e-01 factor_V=2.45e+58 factor_rho=5.62e-56 rho_eV2=6.76e+57 rho_final=3.80e+02
BG_FUNC: a=3.51e-06 V=2.77e-01 factor_V=2.45e+58 factor_rho=5.62e-56 rho_eV2=6.76e+57 rho_final=3.80e+02
BG_FUNC: a=1.38e-04 V=1.60e-01 factor_V=2.45e+58 factor_rho=5.62e-56 rho_eV2=4.85e+57 rho_final=2.72e+02
RIDDER SWITCHING: z_osc = 6054.84, a_osc = 1.651298e-04
DEBUG: Ridder field ENABLED. Lambda = 9.078818e-01
DEBUG: Ridder field ENABLED. Lambda = 9.078818e-01
BG_FUNC: a=2.89e-13 V=6.60e-02 factor_V=2.45e+58 factor_rho=5.62e-56 rho_eV2=1.61e+57 rho_final=9.07e+01
BG_FUNC: a=1.16e-11 V=6.60e-02 factor_V=2.45e+58 factor_rho=5.62e-56 rho_eV2=1.61e+57 rho_final=9.07e+01
BG_FUNC: a=4.65e-10 V=6.60e-02 factor_V=2.45e+58 factor_rho=5.62e-56 rho_eV2=1.61e+57 rho_final=9.07e+01
BG_FUNC: a=1.86e-08 V=6.60e-02 factor_V=2.45e+58 factor_rho=5.62e-56 rho_eV2=1.61e+57 rho_final=9.07e+01
BG_FUNC: a=7.47e-07 V=6.60e-02 factor_V=2.45e+58 factor_rho=5.62e-56 rho_eV2=1.61e+57 rho_final=9.07e+01
BG_FUNC: a=3.00e-05 V=6.60e-02 factor_V=2.45e+58 factor_rho=5.62e-56 rho_eV2=1.61e+57 rho_final=9.07e+01
RIDDER SWITCHING: z_osc = 4011.23, a_osc = 2.492377e-04
DEBUG: Ridder field ENABLED. Lambda = 1.240125e+00
DEBUG: Ridder field ENABLED. Lambda = 1.240125e+00
BG_FUNC: a=4.26e-14 V=2.30e-01 factor_V=2.45e+58 factor_rho=5.62e-56 rho_eV2=5.62e+57 rho_final=3.16e+02
BG_FUNC: a=1.62e-12 V=2.30e-01 factor_V=2.45e+58 factor_rho=5.62e-56 rho_eV2=5.62e+57 rho_final=3.16e+02
BG_FUNC: a=6.43e-11 V=2.30e-01 factor_V=2.45e+58 factor_rho=5.62e-56 rho_eV2=5.62e+57 rho_final=3.16e+02
BG_FUNC: a=2.55e-09 V=2.30e-01 factor_V=2.45e+58 factor_rho=5.62e-56 rho_eV2=5.62e+57 rho_final=3.16e+02
BG_FUNC: a=1.02e-07 V=2.30e-01 factor_V=2.45e+58 factor_rho=5.62e-56 rho_eV2=5.62e+57 rho_final=3.16e+02
BG_FUNC: a=4.03e-06 V=2.30e-01 factor_V=2.45e+58 factor_rho=5.62e-56 rho_eV2=5.62e+57 rho_final=3.16e+02
BG_FUNC: a=1.57e-04 V=1.12e-01 factor_V=2.45e+58 factor_rho=5.62e-56 rho_eV2=3.62e+57 rho_final=2.04e+02
RIDDER SWITCHING: z_osc = 5725.58, a_osc = 1.746244e-04
DEBUG: Ridder field ENABLED. Lambda = 1.156510e+00
DEBUG: Ridder field ENABLED. Lambda = 1.156510e+00
BG_FUNC: a=3.12e-13 V=1.74e-01 factor_V=2.45e+58 factor_rho=5.62e-56 rho_eV2=4.25e+57 rho_final=2.39e+02
BG_FUNC: a=1.24e-11 V=1.74e-01 factor_V=2.45e+58 factor_rho=5.62e-56 rho_eV2=4.25e+57 rho_final=2.39e+02
BG_FUNC: a=4.90e-10 V=1.74e-01 factor_V=2.45e+58 factor_rho=5.62e-56 rho_eV2=4.25e+57 rho_final=2.39e+02
BG_FUNC: a=1.96e-08 V=1.74e-01 factor_V=2.45e+58 factor_rho=5.62e-56 rho_eV2=4.25e+57 rho_final=2.39e+02
BG_FUNC: a=7.70e-07 V=1.74e-01 factor_V=2.45e+58 factor_rho=5.62e-56 rho_eV2=4.25e+57 rho_final=2.39e+02
BG_FUNC: a=3.05e-05 V=1.74e-01 factor_V=2.45e+58 factor_rho=5.62e-56 rho_eV2=4.25e+57 rho_final=2.39e+02
RIDDER SWITCHING: z_osc = 5309.31, a_osc = 1.883128e-04
DEBUG: Ridder field ENABLED. Lambda = 1.118493e+00
DEBUG: Ridder field ENABLED. Lambda = 1.118493e+00
BG_FUNC: a=5.72e-14 V=1.52e-01 factor_V=2.45e+58 factor_rho=5.62e-56 rho_eV2=3.72e+57 rho_final=2.09e+02
BG_FUNC: a=2.20e-12 V=1.52e-01 factor_V=2.45e+58 factor_rho=5.62e-56 rho_eV2=3.72e+57 rho_final=2.09e+02
BG_FUNC: a=8.8[mcmc] Progress @ 2025-11-30 19:03:24 : 3384 steps taken, and 472 accepted.
[mcmc] Progress @ 2025-11-30 19:04:24 : 3415 steps taken, and 479 accepted.
0e-11 V=1.52e-01 factor_V=2.45e+58 factor_rho=5.62e-56 rho_eV2=3.72e+57 rho_final=2.09e+02
BG_FUNC: a=3.52e-09 V=1.52e-01 factor_V=2.45e+58 factor_rho=5.62e-56 rho_eV2=3.72e+57 rho_final=2.09e+02
BG_FUNC: a=1.41e-07 V=1.52e-01 factor_V=2.45e+58 factor_rho=5.62e-56 rho_eV2=3.72e+57 rho_final=2.09e+02
BG_FUNC: a=5.62e-06 V=1.52e-01 factor_V=2.45e+58 factor_rho=5.62e-56 rho_eV2=3.72e+57 rho_final=2.09e+02
RIDDER SWITCHING: z_osc = 5087.18, a_osc = 1.965337e-04
DEBUG: Ridder field ENABLED. Lambda = 5.791015e-01
DEBUG: Ridder field ENABLED. Lambda = 5.791015e-01
BG_FUNC: a=1.04e-14 V=1.09e-02 factor_V=2.45e+58 factor_rho=5.62e-56 rho_eV2=2.67e+56 rho_final=1.50e+01
BG_FUNC: a=3.86e-13 V=1.09e-02 factor_V=2.45e+58 factor_rho=5.62e-56 rho_eV2=2.67e+56 rho_final=1.50e+01
BG_FUNC: a=1.53e-11 V=1.09e-02 factor_V=2.45e+58 factor_rho=5.62e-56 rho_eV2=2.67e+56 rho_final=1.50e+01
BG_FUNC: a=6.09e-10 V=1.09e-02 factor_V=2.45e+58 factor_rho=5.62e-56 rho_eV2=2.67e+56 rho_final=1.50e+01
BG_FUNC: a=2.42e-08 V=1.09e-02 factor_V=2.45e+58 factor_rho=5.62e-56 rho_eV2=2.67e+56 rho_final=1.50e+01
BG_FUNC: a=9.61e-07 V=1.09e-02 factor_V=2.45e+58 factor_rho=5.62e-56 rho_eV2=2.67e+56 rho_final=1.50e+01
BG_FUNC: a=3.82e-05 V=1.09e-02 factor_V=2.45e+58 factor_rho=5.62e-56 rho_eV2=2.67e+56 rho_final=1.50e+01
RIDDER SWITCHING: z_osc = 2356.01, a_osc = 4.242665e-04
DEBUG: Ridder field ENABLED. Lambda = 1.328207e+00
DEBUG: Ridder field ENABLED. Lambda = 1.328207e+00
BG_FUNC: a=3.19e-14 V=3.02e-01 factor_V=2.45e+58 factor_rho=5.62e-56 rho_eV2=7.39e+57 rho_final=4.16e+02
BG_FUNC: a=1.21e-12 V=3.02e-01 factor_V=2.45e+58 factor_rho=5.62e-56 rho_eV2=7.39e+57 rho_final=4.16e+02
BG_FUNC: a=4.79e-11 V=3.02e-01 factor_V=2.45e+58 factor_rho=5.62e-56 rho_eV2=7.39e+57 rho_final=4.16e+02
BG_FUNC: a=1.90e-09 V=3.02e-01 factor_V=2.45e+58 factor_rho=5.62e-56 rho_eV2=7.39e+57 rho_final=4.16e+02
BG_FUNC: a=7.55e-08 V=3.02e-01 factor_V=2.45e+58 factor_rho=5.62e-56 rho_eV2=7.39e+57 rho_final=4.16e+02
BG_FUNC: a=2.99e-06 V=3.02e-01 factor_V=2.45e+58 factor_rho=5.62e-56 rho_eV2=7.39e+57 rho_final=4.16e+02
BG_FUNC: a=1.18e-04 V=2.14e-01 factor_V=2.45e+58 factor_rho=5.62e-56 rho_eV2=5.98e+57 rho_final=3.36e+02
RIDDER SWITCHING: z_osc = 6205.62, a_osc = 1.611184e-04
DEBUG: Ridder field ENABLED. Lambda = 1.156510e+00
DEBUG: Ridder field ENABLED. Lambda = 1.156510e+00
BG_FUNC: a=2.49e-13 V=1.74e-01 factor_V=2.45e+58 factor_rho=5.62e-56 rho_eV2=4.25e+57 rho_final=2.39e+02
BG_FUNC: a=9.77e-12 V=1.74e-01 factor_V=2.45e+58 factor_rho=5.62e-56 rho_eV2=4.25e+57 rho_final=2.39e+02
BG_FUNC: a=3.83e-10 V=1.74e-01 factor_V=2.45e+58 factor_rho=5.62e-56 rho_eV2=4.25e+57 rho_final=2.39e+02
BG_FUNC: a=1.50e-08 V=1.74e-01 factor_V=2.45e+58 factor_rho=5.62e-56 rho_eV2=4.25e+57 rho_final=2.39e+02
BG_FUNC: a=5.89e-07 V=1.74e-01 factor_V=2.45e+58 factor_rho=5.62e-56 rho_eV2=4.25e+57 rho_final=2.39e+02
BG_FUNC: a=2.25e-05 V=1.74e-01 factor_V=2.45e+58 factor_rho=5.62e-56 rho_eV2=4.25e+57 rho_final=2.39e+02
RIDDER SWITCHING: z_osc = 5311.29, a_osc = 1.882427e-04
DEBUG: Ridder field ENABLED. Lambda = 1.432228e+00
DEBUG: Ridder field ENABLED. Lambda = 1.432228e+00
BG_FUNC: a=4.22e-14 V=4.09e-01 factor_V=2.45e+58 factor_rho=5.62e-56 rho_eV2=9.99e+57 rho_final=5.62e+02
BG_FUNC: a=1.62e-12 V=4.09e-01 factor_V=2.45e+58 factor_rho=5.62e-56 rho_eV2=9.99e+57 rho_final=5.62e+02
BG_FUNC: a=6.50e-11 V=4.09e-01 factor_V=2.45e+58 factor_rho=5.62e-56 rho_eV2=9.99e+57 rho_final=5.62e+02
BG_FUNC: a=2.61e-09 V=4.09e-01 factor_V=2.45e+58 factor_rho=5.62e-56 rho_eV2=9.99e+57 rho_final=5.62e+02
BG_FUNC: a=1.05e-07 V=4.09e-01 factor_V=2.45e+58 factor_rho=5.62e-56 rho_eV2=9.99e+57 rho_final=5.62e+02
BG_FUNC: a=4.20e-06 V=4.09e-01 factor_V=2.45e+58 factor_rho=5.62e-56 rho_eV2=9.99e+57 rho_final=5.62e+02
RIDDER SWITCHING: z_osc = 6733.56, a_osc = 1.484877e-04
DEBUG: Ridder field ENABLED. Lambda = 1.218209e+00
DEBUG: Ridder field ENABLED. Lambda = 1.218209e+00
BG_FUNC: a=1.04e-14 V=2.14e-01 factor_V=2.45e+58 factor_rho=5.62e-56 rho_eV2=5.23e+57 rho_final=2.94e+02
BG_FUNC: a=3.86e-13 V=2.14e-01 factor_V=2.45e+58 factor_rho=5.62e[mcmc] Progress @ 2025-11-30 19:05:25 : 3441 steps taken, and 484 accepted.
[mcmc] Progress @ 2025-11-30 19:06:25 : 3480 steps taken, and 489 accepted.
-56 rho_eV2=5.23e+57 rho_final=2.94e+02
BG_FUNC: a=1.55e-11 V=2.14e-01 factor_V=2.45e+58 factor_rho=5.62e-56 rho_eV2=5.23e+57 rho_final=2.94e+02
BG_FUNC: a=6.20e-10 V=2.14e-01 factor_V=2.45e+58 factor_rho=5.62e-56 rho_eV2=5.23e+57 rho_final=2.94e+02
BG_FUNC: a=2.49e-08 V=2.14e-01 factor_V=2.45e+58 factor_rho=5.62e-56 rho_eV2=5.23e+57 rho_final=2.94e+02
BG_FUNC: a=9.98e-07 V=2.14e-01 factor_V=2.45e+58 factor_rho=5.62e-56 rho_eV2=5.23e+57 rho_final=2.94e+02
BG_FUNC: a=4.00e-05 V=2.13e-01 factor_V=2.45e+58 factor_rho=5.62e-56 rho_eV2=5.22e+57 rho_final=2.93e+02
RIDDER SWITCHING: z_osc = 5613.00, a_osc = 1.781261e-04
DEBUG: Ridder field ENABLED. Lambda = 7.305686e-01
DEBUG: Ridder field ENABLED. Lambda = 7.305686e-01
BG_FUNC: a=7.92e-14 V=2.77e-02 factor_V=2.45e+58 factor_rho=5.62e-56 rho_eV2=6.77e+56 rho_final=3.80e+01
BG_FUNC: a=3.07e-12 V=2.77e-02 factor_V=2.45e+58 factor_rho=5.62e-56 rho_eV2=6.77e+56 rho_final=3.80e+01
BG_FUNC: a=1.23e-10 V=2.77e-02 factor_V=2.45e+58 factor_rho=5.62e-56 rho_eV2=6.77e+56 rho_final=3.80e+01
BG_FUNC: a=4.91e-09 V=2.77e-02 factor_V=2.45e+58 factor_rho=5.62e-56 rho_eV2=6.77e+56 rho_final=3.80e+01
BG_FUNC: a=1.96e-07 V=2.77e-02 factor_V=2.45e+58 factor_rho=5.62e-56 rho_eV2=6.77e+56 rho_final=3.80e+01
BG_FUNC: a=7.85e-06 V=2.77e-02 factor_V=2.45e+58 factor_rho=5.62e-56 rho_eV2=6.77e+56 rho_final=3.80e+01
BG_FUNC: a=3.07e-04 V=1.04e-02 factor_V=2.45e+58 factor_rho=5.62e-56 rho_eV2=3.71e+56 rho_final=2.08e+01
RIDDER SWITCHING: z_osc = 3115.00, a_osc = 3.209242e-04
DEBUG: Ridder field ENABLED. Lambda = 1.274013e+00
DEBUG: Ridder field ENABLED. Lambda = 1.274013e+00
BG_FUNC: a=3.34e-13 V=2.56e-01 factor_V=2.45e+58 factor_rho=5.62e-56 rho_eV2=6.26e+57 rho_final=3.52e+02
BG_FUNC: a=1.33e-11 V=2.56e-01 factor_V=2.45e+58 factor_rho=5.62e-56 rho_eV2=6.26e+57 rho_final=3.52e+02
BG_FUNC: a=5.33e-10 V=2.56e-01 factor_V=2.45e+58 factor_rho=5.62e-56 rho_eV2=6.26e+57 rho_final=3.52e+02
BG_FUNC: a=2.13e-08 V=2.56e-01 factor_V=2.45e+58 factor_rho=5.62e-56 rho_eV2=6.26e+57 rho_final=3.52e+02
BG_FUNC: a=8.53e-07 V=2.56e-01 factor_V=2.45e+58 factor_rho=5.62e-56 rho_eV2=6.26e+57 rho_final=3.52e+02
BG_FUNC: a=3.41e-05 V=2.55e-01 factor_V=2.45e+58 factor_rho=5.62e-56 rho_eV2=6.25e+57 rho_final=3.51e+02
RIDDER SWITCHING: z_osc = 5947.30, a_osc = 1.681154e-04
DEBUG: Ridder field ENABLED. Lambda = 1.466908e+00
DEBUG: Ridder field ENABLED. Lambda = 1.466908e+00
BG_FUNC: a=7.13e-14 V=4.50e-01 factor_V=2.45e+58 factor_rho=5.62e-56 rho_eV2=1.10e+58 rho_final=6.18e+02
BG_FUNC: a=2.74e-12 V=4.50e-01 factor_V=2.45e+58 factor_rho=5.62e-56 rho_eV2=1.10e+58 rho_final=6.18e+02
BG_FUNC: a=1.09e-10 V=4.50e-01 factor_V=2.45e+58 factor_rho=5.62e-56 rho_eV2=1.10e+58 rho_final=6.18e+02
BG_FUNC: a=4.32e-09 V=4.50e-01 factor_V=2.45e+58 factor_rho=5.62e-56 rho_eV2=1.10e+58 rho_final=6.18e+02
BG_FUNC: a=1.71e-07 V=4.50e-01 factor_V=2.45e+58 factor_rho=5.62e-56 rho_eV2=1.10e+58 rho_final=6.18e+02
BG_FUNC: a=6.80e-06 V=4.50e-01 factor_V=2.45e+58 factor_rho=5.62e-56 rho_eV2=1.10e+58 rho_final=6.18e+02
RIDDER SWITCHING: z_osc = 6950.94, a_osc = 1.438448e-04
DEBUG: Ridder field ENABLED. Lambda = 1.143346e+00
DEBUG: Ridder field ENABLED. Lambda = 1.143346e+00
BG_FUNC: a=1.71e-14 V=1.66e-01 factor_V=2.45e+58 factor_rho=5.62e-56 rho_eV2=4.06e+57 rho_final=2.28e+02
BG_FUNC: a=6.40e-13 V=1.66e-01 factor_V=2.45e+58 factor_rho=5.62e-56 rho_eV2=4.06e+57 rho_final=2.28e+02
BG_FUNC: a=2.54e-11 V=1.66e-01 factor_V=2.45e+58 factor_rho=5.62e-56 rho_eV2=4.06e+57 rho_final=2.28e+02
BG_FUNC: a=1.01e-09 V=1.66e-01 factor_V=2.45e+58 factor_rho=5.62e-56 rho_eV2=4.06e+57 rho_final=2.28e+02
BG_FUNC: a=3.99e-08 V=1.66e-01 factor_V=2.45e+58 factor_rho=5.62e-56 rho_eV2=4.06e+57 rho_final=2.28e+02
BG_FUNC: a=1.58e-06 V=1.66e-01 factor_V=2.45e+58 factor_rho=5.62e-56 rho_eV2=4.06e+57 rho_final=2.28e+02
BG_FUNC: a=6.26e-05 V=1.63e-01 factor_V=2.45e+58 factor_rho=5.62e-56 rho_eV2=4.02e+57 rho_final=2.26e+02
RIDDER SWITCHING: z_osc = 5188.52, a_osc = 1.926962e-04
DEBUG: Ridder field ENABLED. Lambda = 1.156510e+00
DEBUG: Ridder field ENABLED. Lambda = 1.156510e+00
BG_FUNC: a=[mcmc] Progress @ 2025-11-30 19:07:25 : 3520 steps taken, and 497 accepted.
[mcmc] Progress @ 2025-11-30 19:08:39 : 3541 steps taken, and 501 accepted.
1.11e-13 V=1.74e-01 factor_V=2.45e+58 factor_rho=5.62e-56 rho_eV2=4.25e+57 rho_final=2.39e+02
BG_FUNC: a=4.39e-12 V=1.74e-01 factor_V=2.45e+58 factor_rho=5.62e-56 rho_eV2=4.25e+57 rho_final=2.39e+02
BG_FUNC: a=1.74e-10 V=1.74e-01 factor_V=2.45e+58 factor_rho=5.62e-56 rho_eV2=4.25e+57 rho_final=2.39e+02
BG_FUNC: a=6.89e-09 V=1.74e-01 factor_V=2.45e+58 factor_rho=5.62e-56 rho_eV2=4.25e+57 rho_final=2.39e+02
BG_FUNC: a=2.73e-07 V=1.74e-01 factor_V=2.45e+58 factor_rho=5.62e-56 rho_eV2=4.25e+57 rho_final=2.39e+02
BG_FUNC: a=1.08e-05 V=1.74e-01 factor_V=2.45e+58 factor_rho=5.62e-56 rho_eV2=4.25e+57 rho_final=2.39e+02
RIDDER SWITCHING: z_osc = 5300.30, a_osc = 1.886329e-04
DEBUG: Ridder field ENABLED. Lambda = 1.239585e+00
DEBUG: Ridder field ENABLED. Lambda = 1.239585e+00
BG_FUNC: a=2.06e-14 V=2.29e-01 factor_V=2.45e+58 factor_rho=5.62e-56 rho_eV2=5.61e+57 rho_final=3.15e+02
BG_FUNC: a=7.72e-13 V=2.29e-01 factor_V=2.45e+58 factor_rho=5.62e-56 rho_eV2=5.61e+57 rho_final=3.15e+02
BG_FUNC: a=3.07e-11 V=2.29e-01 factor_V=2.45e+58 factor_rho=5.62e-56 rho_eV2=5.61e+57 rho_final=3.15e+02
BG_FUNC: a=1.22e-09 V=2.29e-01 factor_V=2.45e+58 factor_rho=5.62e-56 rho_eV2=5.61e+57 rho_final=3.15e+02
BG_FUNC: a=4.83e-08 V=2.29e-01 factor_V=2.45e+58 factor_rho=5.62e-56 rho_eV2=5.61e+57 rho_final=3.15e+02
BG_FUNC: a=1.92e-06 V=2.29e-01 factor_V=2.45e+58 factor_rho=5.62e-56 rho_eV2=5.61e+57 rho_final=3.15e+02
BG_FUNC: a=7.56e-05 V=2.18e-01 factor_V=2.45e+58 factor_rho=5.62e-56 rho_eV2=5.44e+57 rho_final=3.06e+02
RIDDER SWITCHING: z_osc = 5712.43, a_osc = 1.750263e-04
DEBUG: Ridder field ENABLED. Lambda = 1.536452e+00
DEBUG: Ridder field ENABLED. Lambda = 1.536452e+00
BG_FUNC: a=1.47e-13 V=5.41e-01 factor_V=2.45e+58 factor_rho=5.62e-56 rho_eV2=1.32e+58 rho_final=7.44e+02
BG_FUNC: a=5.81e-12 V=5.41e-01 factor_V=2.45e+58 factor_rho=5.62e-56 rho_eV2=1.32e+58 rho_final=7.44e+02
BG_FUNC: a=2.30e-10 V=5.41e-01 factor_V=2.45e+58 factor_rho=5.62e-56 rho_eV2=1.32e+58 rho_final=7.44e+02
BG_FUNC: a=9.13e-09 V=5.41e-01 factor_V=2.45e+58 factor_rho=5.62e-56 rho_eV2=1.32e+58 rho_final=7.44e+02
BG_FUNC: a=3.61e-07 V=5.41e-01 factor_V=2.45e+58 factor_rho=5.62e-56 rho_eV2=1.32e+58 rho_final=7.44e+02
BG_FUNC: a=1.43e-05 V=5.41e-01 factor_V=2.45e+58 factor_rho=5.62e-56 rho_eV2=1.32e+58 rho_final=7.44e+02
RIDDER SWITCHING: z_osc = 7295.16, a_osc = 1.370584e-04
DEBUG: Ridder field ENABLED. Lambda = 1.134315e+00
DEBUG: Ridder field ENABLED. Lambda = 1.134315e+00
BG_FUNC: a=3.70e-14 V=1.61e-01 factor_V=2.45e+58 factor_rho=5.62e-56 rho_eV2=3.93e+57 rho_final=2.21e+02
BG_FUNC: a=1.40e-12 V=1.61e-01 factor_V=2.45e+58 factor_rho=5.62e-56 rho_eV2=3.93e+57 rho_final=2.21e+02
BG_FUNC: a=5.56e-11 V=1.61e-01 factor_V=2.45e+58 factor_rho=5.62e-56 rho_eV2=3.93e+57 rho_final=2.21e+02
BG_FUNC: a=2.20e-09 V=1.61e-01 factor_V=2.45e+58 factor_rho=5.62e-56 rho_eV2=3.93e+57 rho_final=2.21e+02
BG_FUNC: a=8.74e-08 V=1.61e-01 factor_V=2.45e+58 factor_rho=5.62e-56 rho_eV2=3.93e+57 rho_final=2.21e+02
BG_FUNC: a=3.47e-06 V=1.61e-01 factor_V=2.45e+58 factor_rho=5.62e-56 rho_eV2=3.93e+57 rho_final=2.21e+02
BG_FUNC: a=1.36e-04 V=1.18e-01 factor_V=2.45e+58 factor_rho=5.62e-56 rho_eV2=3.25e+57 rho_final=1.83e+02
RIDDER SWITCHING: z_osc = 5195.02, a_osc = 1.924549e-04
DEBUG: Ridder field ENABLED. Lambda = 1.244496e+00
DEBUG: Ridder field ENABLED. Lambda = 1.244496e+00
BG_FUNC: a=2.42e-13 V=2.33e-01 factor_V=2.45e+58 factor_rho=5.62e-56 rho_eV2=5.70e+57 rho_final=3.20e+02
BG_FUNC: a=9.65e-12 V=2.33e-01 factor_V=2.45e+58 factor_rho=5.62e-56 rho_eV2=5.70e+57 rho_final=3.20e+02
BG_FUNC: a=3.84e-10 V=2.33e-01 factor_V=2.45e+58 factor_rho=5.62e-56 rho_eV2=5.70e+57 rho_final=3.20e+02
BG_FUNC: a=1.53e-08 V=2.33e-01 factor_V=2.45e+58 factor_rho=5.62e-56 rho_eV2=5.70e+57 rho_final=3.20e+02
BG_FUNC: a=6.09e-07 V=2.33e-01 factor_V=2.45e+58 factor_rho=5.62e-56 rho_eV2=5.70e+57 rho_final=3.20e+02
BG_FUNC: a=2.43e-05 V=2.33e-01 factor_V=2.45e+58 factor_rho=5.62e-56 rho_eV2=5.70e+57 rho_final=3.20e+02
RIDDER SWITCHING: z_osc = 5745.18, a_osc = 1.740287e-04
DEBUG: Ridder field ENABLED. Lambda = 1.174047e+00
DEBUG: R[mcmc] Progress @ 2025-11-30 19:09:56 : 3563 steps taken, and 505 accepted.
[mcmc] Progress @ 2025-11-30 19:11:06 : 3582 steps taken, and 507 accepted.
idder field ENABLED. Lambda = 1.174047e+00
BG_FUNC: a=5.01e-14 V=1.85e-01 factor_V=2.45e+58 factor_rho=5.62e-56 rho_eV2=4.51e+57 rho_final=2.54e+02
BG_FUNC: a=1.89e-12 V=1.85e-01 factor_V=2.45e+58 factor_rho=5.62e-56 rho_eV2=4.51e+57 rho_final=2.54e+02
BG_FUNC: a=7.50e-11 V=1.85e-01 factor_V=2.45e+58 factor_rho=5.62e-56 rho_eV2=4.51e+57 rho_final=2.54e+02
BG_FUNC: a=2.97e-09 V=1.85e-01 factor_V=2.45e+58 factor_rho=5.62e-56 rho_eV2=4.51e+57 rho_final=2.54e+02
BG_FUNC: a=1.18e-07 V=1.85e-01 factor_V=2.45e+58 factor_rho=5.62e-56 rho_eV2=4.51e+57 rho_final=2.54e+02
BG_FUNC: a=4.67e-06 V=1.85e-01 factor_V=2.45e+58 factor_rho=5.62e-56 rho_eV2=4.51e+57 rho_final=2.54e+02
BG_FUNC: a=1.81e-04 V=7.02e-02 factor_V=2.45e+58 factor_rho=5.62e-56 rho_eV2=2.51e+57 rho_final=1.41e+02
RIDDER SWITCHING: z_osc = 5405.61, a_osc = 1.849587e-04
DEBUG: Ridder field ENABLED. Lambda = 1.238100e+00
DEBUG: Ridder field ENABLED. Lambda = 1.238100e+00
BG_FUNC: a=3.42e-13 V=2.28e-01 factor_V=2.45e+58 factor_rho=5.62e-56 rho_eV2=5.58e+57 rho_final=3.14e+02
BG_FUNC: a=1.34e-11 V=2.28e-01 factor_V=2.45e+58 factor_rho=5.62e-56 rho_eV2=5.58e+57 rho_final=3.14e+02
BG_FUNC: a=5.33e-10 V=2.28e-01 factor_V=2.45e+58 factor_rho=5.62e-56 rho_eV2=5.58e+57 rho_final=3.14e+02
BG_FUNC: a=2.12e-08 V=2.28e-01 factor_V=2.45e+58 factor_rho=5.62e-56 rho_eV2=5.58e+57 rho_final=3.14e+02
BG_FUNC: a=8.46e-07 V=2.28e-01 factor_V=2.45e+58 factor_rho=5.62e-56 rho_eV2=5.58e+57 rho_final=3.14e+02
BG_FUNC: a=3.32e-05 V=2.28e-01 factor_V=2.45e+58 factor_rho=5.62e-56 rho_eV2=5.57e+57 rho_final=3.13e+02
RIDDER SWITCHING: z_osc = 5712.48, a_osc = 1.750246e-04
DEBUG: Ridder field ENABLED. Lambda = 1.156510e+00
DEBUG: Ridder field ENABLED. Lambda = 1.156510e+00
BG_FUNC: a=6.69e-14 V=1.74e-01 factor_V=2.45e+58 factor_rho=5.62e-56 rho_eV2=4.25e+57 rho_final=2.39e+02
BG_FUNC: a=2.56e-12 V=1.74e-01 factor_V=2.45e+58 factor_rho=5.62e-56 rho_eV2=4.25e+57 rho_final=2.39e+02
BG_FUNC: a=1.02e-10 V=1.74e-01 factor_V=2.45e+58 factor_rho=5.62e-56 rho_eV2=4.25e+57 rho_final=2.39e+02
BG_FUNC: a=4.03e-09 V=1.74e-01 factor_V=2.45e+58 factor_rho=5.62e-56 rho_eV2=4.25e+57 rho_final=2.39e+02
BG_FUNC: a=1.60e-07 V=1.74e-01 factor_V=2.45e+58 factor_rho=5.62e-56 rho_eV2=4.25e+57 rho_final=2.39e+02
BG_FUNC: a=6.35e-06 V=1.74e-01 factor_V=2.45e+58 factor_rho=5.62e-56 rho_eV2=4.25e+57 rho_final=2.39e+02
RIDDER SWITCHING: z_osc = 5309.35, a_osc = 1.883116e-04
DEBUG: Ridder field ENABLED. Lambda = 1.296797e+00
DEBUG: Ridder field ENABLED. Lambda = 1.296797e+00
BG_FUNC: a=1.22e-14 V=2.75e-01 factor_V=2.45e+58 factor_rho=5.62e-56 rho_eV2=6.72e+57 rho_final=3.78e+02
BG_FUNC: a=4.55e-13 V=2.75e-01 factor_V=2.45e+58 factor_rho=5.62e-56 rho_eV2=6.72e+57 rho_final=3.78e+02
BG_FUNC: a=1.82e-11 V=2.75e-01 factor_V=2.45e+58 factor_rho=5.62e-56 rho_eV2=6.72e+57 rho_final=3.78e+02
BG_FUNC: a=7.24e-10 V=2.75e-01 factor_V=2.45e+58 factor_rho=5.62e-56 rho_eV2=6.72e+57 rho_final=3.78e+02
BG_FUNC: a=2.88e-08 V=2.75e-01 factor_V=2.45e+58 factor_rho=5.62e-56 rho_eV2=6.72e+57 rho_final=3.78e+02
BG_FUNC: a=1.15e-06 V=2.75e-01 factor_V=2.45e+58 factor_rho=5.62e-56 rho_eV2=6.72e+57 rho_final=3.78e+02
BG_FUNC: a=4.57e-05 V=2.72e-01 factor_V=2.45e+58 factor_rho=5.62e-56 rho_eV2=6.68e+57 rho_final=3.76e+02
RIDDER SWITCHING: z_osc = 6026.48, a_osc = 1.659069e-04
DEBUG: Ridder field ENABLED. Lambda = 1.115189e+00
DEBUG: Ridder field ENABLED. Lambda = 1.115189e+00
BG_FUNC: a=9.43e-14 V=1.50e-01 factor_V=2.45e+58 factor_rho=5.62e-56 rho_eV2=3.67e+57 rho_final=2.07e+02
BG_FUNC: a=3.73e-12 V=1.50e-01 factor_V=2.45e+58 factor_rho=5.62e-56 rho_eV2=3.67e+57 rho_final=2.07e+02
BG_FUNC: a=1.48e-10 V=1.50e-01 factor_V=2.45e+58 factor_rho=5.62e-56 rho_eV2=3.67e+57 rho_final=2.07e+02
BG_FUNC: a=5.87e-09 V=1.50e-01 factor_V=2.45e+58 factor_rho=5.62e-56 rho_eV2=3.67e+57 rho_final=2.07e+02
BG_FUNC: a=2.33e-07 V=1.50e-01 factor_V=2.45e+58 factor_rho=5.62e-56 rho_eV2=3.67e+57 rho_final=2.07e+02
BG_FUNC: a=9.22e-06 V=1.50e-01 factor_V=2.45e+58 factor_rho=5.62e-56 rho_eV2=3.67e+57 rho_final=2.07e+02
RIDDER SWITCHING: z_osc = 5067.25, a_osc = 1.973067e-04
DEBUG[mcmc] Progress @ 2025-11-30 19:12:25 : 3636 steps taken, and 515 accepted.
[mcmc] Progress @ 2025-11-30 19:13:25 : 3661 steps taken, and 518 accepted.
: Ridder field ENABLED. Lambda = 1.241878e+00
DEBUG: Ridder field ENABLED. Lambda = 1.241878e+00
BG_FUNC: a=1.68e-14 V=2.31e-01 factor_V=2.45e+58 factor_rho=5.62e-56 rho_eV2=5.65e+57 rho_final=3.18e+02
BG_FUNC: a=6.28e-13 V=2.31e-01 factor_V=2.45e+58 factor_rho=5.62e-56 rho_eV2=5.65e+57 rho_final=3.18e+02
BG_FUNC: a=2.49e-11 V=2.31e-01 factor_V=2.45e+58 factor_rho=5.62e-56 rho_eV2=5.65e+57 rho_final=3.18e+02
BG_FUNC: a=9.99e-10 V=2.31e-01 factor_V=2.45e+58 factor_rho=5.62e-56 rho_eV2=5.65e+57 rho_final=3.18e+02
BG_FUNC: a=3.93e-08 V=2.31e-01 factor_V=2.45e+58 factor_rho=5.62e-56 rho_eV2=5.65e+57 rho_final=3.18e+02
BG_FUNC: a=1.56e-06 V=2.31e-01 factor_V=2.45e+58 factor_rho=5.62e-56 rho_eV2=5.65e+57 rho_final=3.18e+02
BG_FUNC: a=6.18e-05 V=2.26e-01 factor_V=2.45e+58 factor_rho=5.62e-56 rho_eV2=5.57e+57 rho_final=3.13e+02
RIDDER SWITCHING: z_osc = 5751.17, a_osc = 1.738473e-04
DEBUG: Ridder field ENABLED. Lambda = 8.142828e-01
DEBUG: Ridder field ENABLED. Lambda = 8.142828e-01
BG_FUNC: a=1.21e-13 V=4.27e-02 factor_V=2.45e+58 factor_rho=5.62e-56 rho_eV2=1.04e+57 rho_final=5.87e+01
BG_FUNC: a=4.87e-12 V=4.27e-02 factor_V=2.45e+58 factor_rho=5.62e-56 rho_eV2=1.04e+57 rho_final=5.87e+01
BG_FUNC: a=1.96e-10 V=4.27e-02 factor_V=2.45e+58 factor_rho=5.62e-56 rho_eV2=1.04e+57 rho_final=5.87e+01
BG_FUNC: a=7.86e-09 V=4.27e-02 factor_V=2.45e+58 factor_rho=5.62e-56 rho_eV2=1.04e+57 rho_final=5.87e+01
BG_FUNC: a=3.15e-07 V=4.27e-02 factor_V=2.45e+58 factor_rho=5.62e-56 rho_eV2=1.04e+57 rho_final=5.87e+01
BG_FUNC: a=1.27e-05 V=4.27e-02 factor_V=2.45e+58 factor_rho=5.62e-56 rho_eV2=1.04e+57 rho_final=5.87e+01
RIDDER SWITCHING: z_osc = 3499.99, a_osc = 2.856334e-04
DEBUG: Ridder field ENABLED. Lambda = 1.136881e+00
DEBUG: Ridder field ENABLED. Lambda = 1.136881e+00
BG_FUNC: a=1.61e-14 V=1.62e-01 factor_V=2.45e+58 factor_rho=5.62e-56 rho_eV2=3.97e+57 rho_final=2.23e+02
BG_FUNC: a=6.03e-13 V=1.62e-01 factor_V=2.45e+58 factor_rho=5.62e-56 rho_eV2=3.97e+57 rho_final=2.23e+02
BG_FUNC: a=2.39e-11 V=1.62e-01 factor_V=2.45e+58 factor_rho=5.62e-56 rho_eV2=3.97e+57 rho_final=2.23e+02
BG_FUNC: a=9.46e-10 V=1.62e-01 factor_V=2.45e+58 factor_rho=5.62e-56 rho_eV2=3.97e+57 rho_final=2.23e+02
BG_FUNC: a=3.75e-08 V=1.62e-01 factor_V=2.45e+58 factor_rho=5.62e-56 rho_eV2=3.97e+57 rho_final=2.23e+02
BG_FUNC: a=1.48e-06 V=1.62e-01 factor_V=2.45e+58 factor_rho=5.62e-56 rho_eV2=3.97e+57 rho_final=2.23e+02
BG_FUNC: a=5.84e-05 V=1.60e-01 factor_V=2.45e+58 factor_rho=5.62e-56 rho_eV2=3.94e+57 rho_final=2.21e+02
RIDDER SWITCHING: z_osc = 5219.68, a_osc = 1.915461e-04
DEBUG: Ridder field ENABLED. Lambda = 1.123703e+00
DEBUG: Ridder field ENABLED. Lambda = 1.123703e+00
BG_FUNC: a=1.04e-13 V=1.55e-01 factor_V=2.45e+58 factor_rho=5.62e-56 rho_eV2=3.79e+57 rho_final=2.13e+02
BG_FUNC: a=4.12e-12 V=1.55e-01 factor_V=2.45e+58 factor_rho=5.62e-56 rho_eV2=3.79e+57 rho_final=2.13e+02
BG_FUNC: a=1.63e-10 V=1.55e-01 factor_V=2.45e+58 factor_rho=5.62e-56 rho_eV2=3.79e+57 rho_final=2.13e+02
BG_FUNC: a=6.47e-09 V=1.55e-01 factor_V=2.45e+58 factor_rho=5.62e-56 rho_eV2=3.79e+57 rho_final=2.13e+02
BG_FUNC: a=2.57e-07 V=1.55e-01 factor_V=2.45e+58 factor_rho=5.62e-56 rho_eV2=3.79e+57 rho_final=2.13e+02
BG_FUNC: a=1.02e-05 V=1.55e-01 factor_V=2.45e+58 factor_rho=5.62e-56 rho_eV2=3.79e+57 rho_final=2.13e+02
RIDDER SWITCHING: z_osc = 5134.19, a_osc = 1.947348e-04
DEBUG: Ridder field ENABLED. Lambda = 6.732709e-01
DEBUG: Ridder field ENABLED. Lambda = 6.732709e-01
BG_FUNC: a=1.90e-14 V=2.00e-02 factor_V=2.45e+58 factor_rho=5.62e-56 rho_eV2=4.88e+56 rho_final=2.74e+01
BG_FUNC: a=7.10e-13 V=2.00e-02 factor_V=2.45e+58 factor_rho=5.62e-56 rho_eV2=4.88e+56 rho_final=2.74e+01
BG_FUNC: a=2.81e-11 V=2.00e-02 factor_V=2.45e+58 factor_rho=5.62e-56 rho_eV2=4.88e+56 rho_final=2.74e+01
BG_FUNC: a=1.12e-09 V=2.00e-02 factor_V=2.45e+58 factor_rho=5.62e-56 rho_eV2=4.88e+56 rho_final=2.74e+01
BG_FUNC: a=4.42e-08 V=2.00e-02 factor_V=2.45e+58 factor_rho=5.62e-56 rho_eV2=4.88e+56 rho_final=2.74e+01
BG_FUNC: a=1.75e-06 V=2.00e-02 factor_V=2.45e+58 factor_rho=5.62e-56 rho_eV2=4.88e+56 rho_final=2.74e+01
BG_FUNC[mcmc] Progress @ 2025-11-30 19:14:34 : 3671 steps taken, and 519 accepted.
[mcmc] Progress @ 2025-11-30 19:15:34 : 3718 steps taken, and 530 accepted.
: a=6.90e-05 V=1.99e-02 factor_V=2.45e+58 factor_rho=5.62e-56 rho_eV2=4.87e+56 rho_final=2.74e+01
RIDDER SWITCHING: z_osc = 2840.98, a_osc = 3.518672e-04
DEBUG: Ridder field ENABLED. Lambda = 1.111148e+00
DEBUG: Ridder field ENABLED. Lambda = 1.111148e+00
BG_FUNC: a=6.96e-14 V=1.48e-01 factor_V=2.45e+58 factor_rho=5.62e-56 rho_eV2=3.62e+57 rho_final=2.04e+02
BG_FUNC: a=2.69e-12 V=1.48e-01 factor_V=2.45e+58 factor_rho=5.62e-56 rho_eV2=3.62e+57 rho_final=2.04e+02
BG_FUNC: a=1.08e-10 V=1.48e-01 factor_V=2.45e+58 factor_rho=5.62e-56 rho_eV2=3.62e+57 rho_final=2.04e+02
BG_FUNC: a=4.32e-09 V=1.48e-01 factor_V=2.45e+58 factor_rho=5.62e-56 rho_eV2=3.62e+57 rho_final=2.04e+02
BG_FUNC: a=1.71e-07 V=1.48e-01 factor_V=2.45e+58 factor_rho=5.62e-56 rho_eV2=3.62e+57 rho_final=2.04e+02
BG_FUNC: a=6.83e-06 V=1.48e-01 factor_V=2.45e+58 factor_rho=5.62e-56 rho_eV2=3.62e+57 rho_final=2.04e+02
RIDDER SWITCHING: z_osc = 5047.03, a_osc = 1.980971e-04
DEBUG: Ridder field ENABLED. Lambda = 1.136371e+00
DEBUG: Ridder field ENABLED. Lambda = 1.136371e+00
BG_FUNC: a=1.26e-14 V=1.62e-01 factor_V=2.45e+58 factor_rho=5.62e-56 rho_eV2=3.96e+57 rho_final=2.23e+02
BG_FUNC: a=4.69e-13 V=1.62e-01 factor_V=2.45e+58 factor_rho=5.62e-56 rho_eV2=3.96e+57 rho_final=2.23e+02
BG_FUNC: a=1.86e-11 V=1.62e-01 factor_V=2.45e+58 factor_rho=5.62e-56 rho_eV2=3.96e+57 rho_final=2.23e+02
BG_FUNC: a=7.37e-10 V=1.62e-01 factor_V=2.45e+58 factor_rho=5.62e-56 rho_eV2=3.96e+57 rho_final=2.23e+02
BG_FUNC: a=2.92e-08 V=1.62e-01 factor_V=2.45e+58 factor_rho=5.62e-56 rho_eV2=3.96e+57 rho_final=2.23e+02
BG_FUNC: a=1.16e-06 V=1.62e-01 factor_V=2.45e+58 factor_rho=5.62e-56 rho_eV2=3.96e+57 rho_final=2.23e+02
BG_FUNC: a=4.60e-05 V=1.61e-01 factor_V=2.45e+58 factor_rho=5.62e-56 rho_eV2=3.95e+57 rho_final=2.22e+02
RIDDER SWITCHING: z_osc = 5186.48, a_osc = 1.927717e-04
DEBUG: Ridder field ENABLED. Lambda = 1.095227e+00
DEBUG: Ridder field ENABLED. Lambda = 1.095227e+00
BG_FUNC: a=8.42e-14 V=1.40e-01 factor_V=2.45e+58 factor_rho=5.62e-56 rho_eV2=3.42e+57 rho_final=1.92e+02
BG_FUNC: a=3.24e-12 V=1.40e-01 factor_V=2.45e+58 factor_rho=5.62e-56 rho_eV2=3.42e+57 rho_final=1.92e+02
BG_FUNC: a=1.28e-10 V=1.40e-01 factor_V=2.45e+58 factor_rho=5.62e-56 rho_eV2=3.42e+57 rho_final=1.92e+02
BG_FUNC: a=5.09e-09 V=1.40e-01 factor_V=2.45e+58 factor_rho=5.62e-56 rho_eV2=3.42e+57 rho_final=1.92e+02
BG_FUNC: a=2.02e-07 V=1.40e-01 factor_V=2.45e+58 factor_rho=5.62e-56 rho_eV2=3.42e+57 rho_final=1.92e+02
BG_FUNC: a=8.01e-06 V=1.40e-01 factor_V=2.45e+58 factor_rho=5.62e-56 rho_eV2=3.42e+57 rho_final=1.92e+02
RIDDER SWITCHING: z_osc = 4967.66, a_osc = 2.012617e-04
DEBUG: Ridder field ENABLED. Lambda = 1.123703e+00
DEBUG: Ridder field ENABLED. Lambda = 1.123703e+00
BG_FUNC: a=1.44e-14 V=1.55e-01 factor_V=2.45e+58 factor_rho=5.62e-56 rho_eV2=3.79e+57 rho_final=2.13e+02
BG_FUNC: a=5.37e-13 V=1.55e-01 factor_V=2.45e+58 factor_rho=5.62e-56 rho_eV2=3.79e+57 rho_final=2.13e+02
BG_FUNC: a=2.13e-11 V=1.55e-01 factor_V=2.45e+58 factor_rho=5.62e-56 rho_eV2=3.79e+57 rho_final=2.13e+02
BG_FUNC: a=8.47e-10 V=1.55e-01 factor_V=2.45e+58 factor_rho=5.62e-56 rho_eV2=3.79e+57 rho_final=2.13e+02
BG_FUNC: a=3.36e-08 V=1.55e-01 factor_V=2.45e+58 factor_rho=5.62e-56 rho_eV2=3.79e+57 rho_final=2.13e+02
BG_FUNC: a=1.34e-06 V=1.55e-01 factor_V=2.45e+58 factor_rho=5.62e-56 rho_eV2=3.79e+57 rho_final=2.13e+02
BG_FUNC: a=5.29e-05 V=1.54e-01 factor_V=2.45e+58 factor_rho=5.62e-56 rho_eV2=3.77e+57 rho_final=2.12e+02
RIDDER SWITCHING: z_osc = 5135.63, a_osc = 1.946800e-04
DEBUG: Ridder field ENABLED. Lambda = 1.474086e+00
DEBUG: Ridder field ENABLED. Lambda = 1.474086e+00
BG_FUNC: a=9.27e-14 V=4.59e-01 factor_V=2.45e+58 factor_rho=5.62e-56 rho_eV2=1.12e+58 rho_final=6.31e+02
BG_FUNC: a=3.65e-12 V=4.59e-01 factor_V=2.45e+58 factor_rho=5.62e-56 rho_eV2=1.12e+58 rho_final=6.31e+02
BG_FUNC: a=1.45e-10 V=4.59e-01 factor_V=2.45e+58 factor_rho=5.62e-56 rho_eV2=1.12e+58 rho_final=6.31e+02
BG_FUNC: a=5.73e-09 V=4.59e-01 factor_V=2.45e+58 factor_rho=5.62e-56 rho_eV2=1.12e+58 rho_final=6.31e+02
BG_FUNC: a=2.29e-07 V=4.59e-01 factor_V=2.45e+58 factor_rh[mcmc] Progress @ 2025-11-30 19:16:55 : 3753 steps taken, and 535 accepted.
o=5.62e-56 rho_eV2=1.12e+58 rho_final=6.31e+02
BG_FUNC: a=8.99e-06 V=4.59e-01 factor_V=2.45e+58 factor_rho=5.62e-56 rho_eV2=1.12e+58 rho_final=6.31e+02
RIDDER SWITCHING: z_osc = 6950.26, a_osc = 1.438589e-04
DEBUG: Ridder field ENABLED. Lambda = 8.625002e-01
DEBUG: Ridder field ENABLED. Lambda = 8.625002e-01
BG_FUNC: a=2.23e-14 V=5.38e-02 factor_V=2.45e+58 factor_rho=5.62e-56 rho_eV2=1.31e+57 rho_final=7.39e+01
BG_FUNC: a=8.37e-13 V=5.38e-02 factor_V=2.45e+58 factor_rho=5.62e-56 rho_eV2=1.31e+57 rho_final=7.39e+01
BG_FUNC: a=3.32e-11 V=5.38e-02 factor_V=2.45e+58 factor_rho=5.62e-56 rho_eV2=1.31e+57 rho_final=7.39e+01
BG_FUNC: a=1.33e-09 V=5.38e-02 factor_V=2.45e+58 factor_rho=5.62e-56 rho_eV2=1.31e+57 rho_final=7.39e+01
BG_FUNC: a=5.21e-08 V=5.38e-02 factor_V=2.45e+58 factor_rho=5.62e-56 rho_eV2=1.31e+57 rho_final=7.39e+01
BG_FUNC: a=2.07e-06 V=5.38e-02 factor_V=2.45e+58 factor_rho=5.62e-56 rho_eV2=1.31e+57 rho_final=7.39e+01
BG_FUNC: a=8.14e-05 V=5.29e-02 factor_V=2.45e+58 factor_rho=5.62e-56 rho_eV2=1.30e+57 rho_final=7.32e+01
RIDDER SWITCHING: z_osc = 3802.95, a_osc = 2.628843e-04
DEBUG: Ridder field ENABLED. Lambda = 1.282957e+00
DEBUG: Ridder field ENABLED. Lambda = 1.282957e+00
BG_FUNC: a=1.06e-13 V=2.63e-01 factor_V=2.45e+58 factor_rho=5.62e-56 rho_eV2=6.44e+57 rho_final=3.62e+02
BG_FUNC: a=4.21e-12 V=2.63e-01 factor_V=2.45e+58 factor_rho=5.62e-56 rho_eV2=6.44e+57 rho_final=3.62e+02
BG_FUNC: a=1.69e-10 V=2.63e-01 factor_V=2.45e+58 factor_rho=5.62e-56 rho_eV2=6.44e+57 rho_final=3.62e+02
BG_FUNC: a=6.63e-09 V=2.63e-01 factor_V=2.45e+58 factor_rho=5.62e-56 rho_eV2=6.44e+57 rho_final=3.62e+02
BG_FUNC: a=2.63e-07 V=2.63e-01 factor_V=2.45e+58 factor_rho=5.62e-56 rho_eV2=6.44e+57 rho_final=3.62e+02
BG_FUNC: a=1.04e-05 V=2.63e-01 factor_V=2.45e+58 factor_rho=5.62e-56 rho_eV2=6.44e+57 rho_final=3.62e+02
RIDDER SWITCHING: z_osc = 5983.90, a_osc = 1.670871e-04
DEBUG: Ridder field ENABLED. Lambda = 1.123703e+00
DEBUG: Ridder field ENABLED. Lambda = 1.123703e+00
BG_FUNC: a=2.24e-14 V=1.55e-01 factor_V=2.45e+58 factor_rho=5.62e-56 rho_eV2=3.79e+57 rho_final=2.13e+02
BG_FUNC: a=8.44e-13 V=1.55e-01 factor_V=2.45e+58 factor_rho=5.62e-56 rho_eV2=3.79e+57 rho_final=2.13e+02
BG_FUNC: a=3.35e-11 V=1.55e-01 factor_V=2.45e+58 factor_rho=5.62e-56 rho_eV2=3.79e+57 rho_final=2.13e+02
BG_FUNC: a=1.33e-09 V=1.55e-01 factor_V=2.45e+58 factor_rho=5.62e-56 rho_eV2=3.79e+57 rho_final=2.13e+02
BG_FUNC: a=5.29e-08 V=1.55e-01 factor_V=2.45e+58 factor_rho=5.62e-56 rho_eV2=3.79e+57 rho_final=2.13e+02
BG_FUNC: a=2.10e-06 V=1.55e-01 factor_V=2.45e+58 factor_rho=5.62e-56 rho_eV2=3.79e+57 rho_final=2.13e+02
BG_FUNC: a=8.31e-05 V=1.48e-01 factor_V=2.45e+58 factor_rho=5.62e-56 rho_eV2=3.68e+57 rho_final=2.07e+02
RIDDER SWITCHING: z_osc = 5135.63, a_osc = 1.946800e-04
DEBUG: Ridder field ENABLED. Lambda = 9.306613e-01
DEBUG: Ridder field ENABLED. Lambda = 9.306613e-01
BG_FUNC: a=1.46e-13 V=7.29e-02 factor_V=2.45e+58 factor_rho=5.62e-56 rho_eV2=1.78e+57 rho_final=1.00e+02
BG_FUNC: a=5.78e-12 V=7.29e-02 factor_V=2.45e+58 factor_rho=5.62e-56 rho_eV2=1.78e+57 rho_final=1.00e+02
BG_FUNC: a=2.29e-10 V=7.29e-02 factor_V=2.45e+58 factor_rho=5.62e-56 rho_eV2=1.78e+57 rho_final=1.00e+02
BG_FUNC: a=9.10e-09 V=7.29e-02 factor_V=2.45e+58 factor_rho=5.62e-56 rho_eV2=1.78e+57 rho_final=1.00e+02
BG_FUNC: a=3.61e-07 V=7.29e-02 factor_V=2.45e+58 factor_rho=5.62e-56 rho_eV2=1.78e+57 rho_final=1.00e+02
BG_FUNC: a=1.43e-05 V=7.29e-02 factor_V=2.45e+58 factor_rho=5.62e-56 rho_eV2=1.78e+57 rho_final=1.00e+02
RIDDER SWITCHING: z_osc = 4127.89, a_osc = 2.421956e-04
DEBUG: Ridder field ENABLED. Lambda = 1.210387e+00
DEBUG: Ridder field ENABLED. Lambda = 1.210387e+00
BG_FUNC: a=2.14e-14 V=2.09e-01 factor_V=2.45e+58 factor_rho=5.62e-56 rho_eV2=5.10e+57 rho_final=2.87e+02
BG_FUNC: a=7.99e-13 V=2.09e-01 factor_V=2.45e+58 factor_rho=5.62e-56 rho_eV2=5.10e+57 rho_final=2.87e+02
BG_FUNC: a=3.17e-11 V=2.09e-01 factor_V=2.45e+58 factor_rho=5.62e-56 rho_eV2=5.10e+57 rho_final=2.87e+02
BG_FUNC: a=1.25e-09 V=2.09e-01 factor_V=2.45e+58 factor_rho=5.62e-56 rho_eV2=5.10e+57 rho_final=2.87e+02
BG_F[mcmc] Progress @ 2025-11-30 19:18:06 : 3778 steps taken, and 540 accepted.
[mcmc] Progress @ 2025-11-30 19:19:24 : 3837 steps taken, and 554 accepted.
UNC: a=4.97e-08 V=2.09e-01 factor_V=2.45e+58 factor_rho=5.62e-56 rho_eV2=5.10e+57 rho_final=2.87e+02
BG_FUNC: a=1.97e-06 V=2.09e-01 factor_V=2.45e+58 factor_rho=5.62e-56 rho_eV2=5.10e+57 rho_final=2.87e+02
BG_FUNC: a=7.76e-05 V=1.98e-01 factor_V=2.45e+58 factor_rho=5.62e-56 rho_eV2=4.95e+57 rho_final=2.78e+02
RIDDER SWITCHING: z_osc = 5568.28, a_osc = 1.795563e-04
DEBUG: Ridder field ENABLED. Lambda = 1.002885e+00
DEBUG: Ridder field ENABLED. Lambda = 1.002885e+00
BG_FUNC: a=1.48e-13 V=9.83e-02 factor_V=2.45e+58 factor_rho=5.62e-56 rho_eV2=2.40e+57 rho_final=1.35e+02
BG_FUNC: a=5.94e-12 V=9.83e-02 factor_V=2.45e+58 factor_rho=5.62e-56 rho_eV2=2.40e+57 rho_final=1.35e+02
BG_FUNC: a=2.38e-10 V=9.83e-02 factor_V=2.45e+58 factor_rho=5.62e-56 rho_eV2=2.40e+57 rho_final=1.35e+02
BG_FUNC: a=9.57e-09 V=9.83e-02 factor_V=2.45e+58 factor_rho=5.62e-56 rho_eV2=2.40e+57 rho_final=1.35e+02
BG_FUNC: a=3.84e-07 V=9.83e-02 factor_V=2.45e+58 factor_rho=5.62e-56 rho_eV2=2.40e+57 rho_final=1.35e+02
BG_FUNC: a=1.54e-05 V=9.83e-02 factor_V=2.45e+58 factor_rho=5.62e-56 rho_eV2=2.40e+57 rho_final=1.35e+02
RIDDER SWITCHING: z_osc = 4525.71, a_osc = 2.209109e-04
DEBUG: Ridder field ENABLED. Lambda = 1.205490e+00
DEBUG: Ridder field ENABLED. Lambda = 1.205490e+00
BG_FUNC: a=2.51e-14 V=2.05e-01 factor_V=2.45e+58 factor_rho=5.62e-56 rho_eV2=5.02e+57 rho_final=2.82e+02
BG_FUNC: a=9.47e-13 V=2.05e-01 factor_V=2.45e+58 factor_rho=5.62e-56 rho_eV2=5.02e+57 rho_final=2.82e+02
BG_FUNC: a=3.78e-11 V=2.05e-01 factor_V=2.45e+58 factor_rho=5.62e-56 rho_eV2=5.02e+57 rho_final=2.82e+02
BG_FUNC: a=1.49e-09 V=2.05e-01 factor_V=2.45e+58 factor_rho=5.62e-56 rho_eV2=5.02e+57 rho_final=2.82e+02
BG_FUNC: a=5.94e-08 V=2.05e-01 factor_V=2.45e+58 factor_rho=5.62e-56 rho_eV2=5.02e+57 rho_final=2.82e+02
BG_FUNC: a=2.33e-06 V=2.05e-01 factor_V=2.45e+58 factor_rho=5.62e-56 rho_eV2=5.02e+57 rho_final=2.82e+02
BG_FUNC: a=9.17e-05 V=1.87e-01 factor_V=2.45e+58 factor_rho=5.62e-56 rho_eV2=4.74e+57 rho_final=2.66e+02
RIDDER SWITCHING: z_osc = 5586.39, a_osc = 1.789743e-04
DEBUG: Ridder field ENABLED. Lambda = 1.123703e+00
DEBUG: Ridder field ENABLED. Lambda = 1.123703e+00
BG_FUNC: a=1.75e-13 V=1.55e-01 factor_V=2.45e+58 factor_rho=5.62e-56 rho_eV2=3.79e+57 rho_final=2.13e+02
BG_FUNC: a=6.94e-12 V=1.55e-01 factor_V=2.45e+58 factor_rho=5.62e-56 rho_eV2=3.79e+57 rho_final=2.13e+02
BG_FUNC: a=2.76e-10 V=1.55e-01 factor_V=2.45e+58 factor_rho=5.62e-56 rho_eV2=3.79e+57 rho_final=2.13e+02
BG_FUNC: a=1.11e-08 V=1.55e-01 factor_V=2.45e+58 factor_rho=5.62e-56 rho_eV2=3.79e+57 rho_final=2.13e+02
BG_FUNC: a=4.35e-07 V=1.55e-01 factor_V=2.45e+58 factor_rho=5.62e-56 rho_eV2=3.79e+57 rho_final=2.13e+02
BG_FUNC: a=1.73e-05 V=1.55e-01 factor_V=2.45e+58 factor_rho=5.62e-56 rho_eV2=3.79e+57 rho_final=2.13e+02
RIDDER SWITCHING: z_osc = 5135.63, a_osc = 1.946800e-04
DEBUG: Ridder field ENABLED. Lambda = 1.373969e+00
DEBUG: Ridder field ENABLED. Lambda = 1.373969e+00
BG_FUNC: a=3.16e-14 V=3.46e-01 factor_V=2.45e+58 factor_rho=5.62e-56 rho_eV2=8.47e+57 rho_final=4.76e+02
BG_FUNC: a=1.20e-12 V=3.46e-01 factor_V=2.45e+58 factor_rho=5.62e-56 rho_eV2=8.47e+57 rho_final=4.76e+02
BG_FUNC: a=4.79e-11 V=3.46e-01 factor_V=2.45e+58 factor_rho=5.62e-56 rho_eV2=8.47e+57 rho_final=4.76e+02
BG_FUNC: a=1.91e-09 V=3.46e-01 factor_V=2.45e+58 factor_rho=5.62e-56 rho_eV2=8.47e+57 rho_final=4.76e+02
BG_FUNC: a=7.61e-08 V=3.46e-01 factor_V=2.45e+58 factor_rho=5.62e-56 rho_eV2=8.47e+57 rho_final=4.76e+02
BG_FUNC: a=3.03e-06 V=3.46e-01 factor_V=2.45e+58 factor_rho=5.62e-56 rho_eV2=8.47e+57 rho_final=4.76e+02
BG_FUNC: a=1.19e-04 V=2.30e-01 factor_V=2.45e+58 factor_rho=5.62e-56 rho_eV2=6.61e+57 rho_final=3.72e+02
RIDDER SWITCHING: z_osc = 6446.82, a_osc = 1.550912e-04
DEBUG: Ridder field ENABLED. Lambda = 1.172045e+00
DEBUG: Ridder field ENABLED. Lambda = 1.172045e+00
BG_FUNC: a=2.67e-13 V=1.83e-01 factor_V=2.45e+58 factor_rho=5.62e-56 rho_eV2=4.48e+57 rho_final=2.52e+02
BG_FUNC: a=1.06e-11 V=1.83e-01 factor_V=2.45e+58 factor_rho=5.62e-56 rho_eV2=4.48e+57 rho_final=2.52e+02
BG_FUNC: a=4.18e-10 V=1.83e-01 factor_V=2.45e+58 factor[mcmc] Progress @ 2025-11-30 19:20:43 : 3871 steps taken, and 563 accepted.
[mcmc] Progress @ 2025-11-30 19:21:43 : 3907 steps taken, and 571 accepted.
_rho=5.62e-56 rho_eV2=4.48e+57 rho_final=2.52e+02
BG_FUNC: a=1.66e-08 V=1.83e-01 factor_V=2.45e+58 factor_rho=5.62e-56 rho_eV2=4.48e+57 rho_final=2.52e+02
BG_FUNC: a=6.56e-07 V=1.83e-01 factor_V=2.45e+58 factor_rho=5.62e-56 rho_eV2=4.48e+57 rho_final=2.52e+02
BG_FUNC: a=2.60e-05 V=1.83e-01 factor_V=2.45e+58 factor_rho=5.62e-56 rho_eV2=4.48e+57 rho_final=2.52e+02
RIDDER SWITCHING: z_osc = 5372.56, a_osc = 1.860965e-04
DEBUG: Ridder field ENABLED. Lambda = 1.093537e+00
DEBUG: Ridder field ENABLED. Lambda = 1.093537e+00
BG_FUNC: a=4.90e-14 V=1.39e-01 factor_V=2.45e+58 factor_rho=5.62e-56 rho_eV2=3.40e+57 rho_final=1.91e+02
BG_FUNC: a=1.85e-12 V=1.39e-01 factor_V=2.45e+58 factor_rho=5.62e-56 rho_eV2=3.40e+57 rho_final=1.91e+02
BG_FUNC: a=7.25e-11 V=1.39e-01 factor_V=2.45e+58 factor_rho=5.62e-56 rho_eV2=3.40e+57 rho_final=1.91e+02
BG_FUNC: a=2.85e-09 V=1.39e-01 factor_V=2.45e+58 factor_rho=5.62e-56 rho_eV2=3.40e+57 rho_final=1.91e+02
BG_FUNC: a=1.12e-07 V=1.39e-01 factor_V=2.45e+58 factor_rho=5.62e-56 rho_eV2=3.40e+57 rho_final=1.91e+02
BG_FUNC: a=4.31e-06 V=1.39e-01 factor_V=2.45e+58 factor_rho=5.62e-56 rho_eV2=3.40e+57 rho_final=1.91e+02
BG_FUNC: a=1.64e-04 V=8.22e-02 factor_V=2.45e+58 factor_rho=5.62e-56 rho_eV2=2.47e+57 rho_final=1.39e+02
RIDDER SWITCHING: z_osc = 4956.08, a_osc = 2.017315e-04
DEBUG: Ridder field ENABLED. Lambda = 1.047524e+00
DEBUG: Ridder field ENABLED. Lambda = 1.047524e+00
BG_FUNC: a=2.80e-13 V=1.17e-01 factor_V=2.45e+58 factor_rho=5.62e-56 rho_eV2=2.86e+57 rho_final=1.61e+02
BG_FUNC: a=1.11e-11 V=1.17e-01 factor_V=2.45e+58 factor_rho=5.62e-56 rho_eV2=2.86e+57 rho_final=1.61e+02
BG_FUNC: a=4.41e-10 V=1.17e-01 factor_V=2.45e+58 factor_rho=5.62e-56 rho_eV2=2.86e+57 rho_final=1.61e+02
BG_FUNC: a=1.75e-08 V=1.17e-01 factor_V=2.45e+58 factor_rho=5.62e-56 rho_eV2=2.86e+57 rho_final=1.61e+02
BG_FUNC: a=6.95e-07 V=1.17e-01 factor_V=2.45e+58 factor_rho=5.62e-56 rho_eV2=2.86e+57 rho_final=1.61e+02
BG_FUNC: a=2.76e-05 V=1.17e-01 factor_V=2.45e+58 factor_rho=5.62e-56 rho_eV2=2.86e+57 rho_final=1.61e+02
RIDDER SWITCHING: z_osc = 4699.02, a_osc = 2.127651e-04
DEBUG: Ridder field ENABLED. Lambda = 9.554158e-01
DEBUG: Ridder field ENABLED. Lambda = 9.554158e-01
BG_FUNC: a=4.59e-14 V=8.09e-02 factor_V=2.45e+58 factor_rho=5.62e-56 rho_eV2=1.98e+57 rho_final=1.11e+02
BG_FUNC: a=1.75e-12 V=8.09e-02 factor_V=2.45e+58 factor_rho=5.62e-56 rho_eV2=1.98e+57 rho_final=1.11e+02
BG_FUNC: a=6.92e-11 V=8.09e-02 factor_V=2.45e+58 factor_rho=5.62e-56 rho_eV2=1.98e+57 rho_final=1.11e+02
BG_FUNC: a=2.74e-09 V=8.09e-02 factor_V=2.45e+58 factor_rho=5.62e-56 rho_eV2=1.98e+57 rho_final=1.11e+02
BG_FUNC: a=1.09e-07 V=8.09e-02 factor_V=2.45e+58 factor_rho=5.62e-56 rho_eV2=1.98e+57 rho_final=1.11e+02
BG_FUNC: a=4.31e-06 V=8.09e-02 factor_V=2.45e+58 factor_rho=5.62e-56 rho_eV2=1.98e+57 rho_final=1.11e+02
BG_FUNC: a=1.69e-04 V=5.67e-02 factor_V=2.45e+58 factor_rho=5.62e-56 rho_eV2=1.59e+57 rho_final=8.95e+01
RIDDER SWITCHING: z_osc = 4269.55, a_osc = 2.341617e-04
DEBUG: Ridder field ENABLED. Lambda = 1.123703e+00
DEBUG: Ridder field ENABLED. Lambda = 1.123703e+00
BG_FUNC: a=2.48e-13 V=1.55e-01 factor_V=2.45e+58 factor_rho=5.62e-56 rho_eV2=3.79e+57 rho_final=2.13e+02
BG_FUNC: a=9.93e-12 V=1.55e-01 factor_V=2.45e+58 factor_rho=5.62e-56 rho_eV2=3.79e+57 rho_final=2.13e+02
BG_FUNC: a=3.91e-10 V=1.55e-01 factor_V=2.45e+58 factor_rho=5.62e-56 rho_eV2=3.79e+57 rho_final=2.13e+02
BG_FUNC: a=1.55e-08 V=1.55e-01 factor_V=2.45e+58 factor_rho=5.62e-56 rho_eV2=3.79e+57 rho_final=2.13e+02
BG_FUNC: a=6.20e-07 V=1.55e-01 factor_V=2.45e+58 factor_rho=5.62e-56 rho_eV2=3.79e+57 rho_final=2.13e+02
BG_FUNC: a=2.44e-05 V=1.55e-01 factor_V=2.45e+58 factor_rho=5.62e-56 rho_eV2=3.79e+57 rho_final=2.13e+02
RIDDER SWITCHING: z_osc = 5134.19, a_osc = 1.947348e-04
DEBUG: Ridder field ENABLED. Lambda = 1.169058e+00
DEBUG: Ridder field ENABLED. Lambda = 1.169058e+00
BG_FUNC: a=4.48e-14 V=1.81e-01 factor_V=2.45e+58 factor_rho=5.62e-56 rho_eV2=4.44e+57 rho_final=2.49e+02
BG_FUNC: a=1.71e-12 V=1.81e-01 factor_V=2.45e+58 factor_rho=5.62e-56 rho_eV2=4.44e+57 rho_final=2.49e+02
B[mcmc] Progress @ 2025-11-30 19:23:03 : 3932 steps taken, and 575 accepted.
[mcmc] Progress @ 2025-11-30 19:24:13 : 3949 steps taken, and 579 accepted.
G_FUNC: a=6.86e-11 V=1.81e-01 factor_V=2.45e+58 factor_rho=5.62e-56 rho_eV2=4.44e+57 rho_final=2.49e+02
BG_FUNC: a=2.76e-09 V=1.81e-01 factor_V=2.45e+58 factor_rho=5.62e-56 rho_eV2=4.44e+57 rho_final=2.49e+02
BG_FUNC: a=1.11e-07 V=1.81e-01 factor_V=2.45e+58 factor_rho=5.62e-56 rho_eV2=4.44e+57 rho_final=2.49e+02
BG_FUNC: a=4.45e-06 V=1.81e-01 factor_V=2.45e+58 factor_rho=5.62e-56 rho_eV2=4.44e+57 rho_final=2.49e+02
BG_FUNC: a=1.74e-04 V=7.87e-02 factor_V=2.45e+58 factor_rho=5.62e-56 rho_eV2=2.67e+57 rho_final=1.50e+02
RIDDER SWITCHING: z_osc = 5368.52, a_osc = 1.862364e-04
DEBUG: Ridder field ENABLED. Lambda = 1.198494e+00
DEBUG: Ridder field ENABLED. Lambda = 1.198494e+00
BG_FUNC: a=3.27e-13 V=2.00e-01 factor_V=2.45e+58 factor_rho=5.62e-56 rho_eV2=4.90e+57 rho_final=2.76e+02
BG_FUNC: a=1.30e-11 V=2.00e-01 factor_V=2.45e+58 factor_rho=5.62e-56 rho_eV2=4.90e+57 rho_final=2.76e+02
BG_FUNC: a=5.13e-10 V=2.00e-01 factor_V=2.45e+58 factor_rho=5.62e-56 rho_eV2=4.90e+57 rho_final=2.76e+02
BG_FUNC: a=2.03e-08 V=2.00e-01 factor_V=2.45e+58 factor_rho=5.62e-56 rho_eV2=4.90e+57 rho_final=2.76e+02
BG_FUNC: a=8.07e-07 V=2.00e-01 factor_V=2.45e+58 factor_rho=5.62e-56 rho_eV2=4.90e+57 rho_final=2.76e+02
BG_FUNC: a=3.19e-05 V=2.00e-01 factor_V=2.45e+58 factor_rho=5.62e-56 rho_eV2=4.90e+57 rho_final=2.75e+02
RIDDER SWITCHING: z_osc = 5507.81, a_osc = 1.815273e-04
DEBUG: Ridder field ENABLED. Lambda = 1.082958e+00
DEBUG: Ridder field ENABLED. Lambda = 1.082958e+00
BG_FUNC: a=6.18e-14 V=1.34e-01 factor_V=2.45e+58 factor_rho=5.62e-56 rho_eV2=3.27e+57 rho_final=1.84e+02
BG_FUNC: a=2.36e-12 V=1.34e-01 factor_V=2.45e+58 factor_rho=5.62e-56 rho_eV2=3.27e+57 rho_final=1.84e+02
BG_FUNC: a=9.38e-11 V=1.34e-01 factor_V=2.45e+58 factor_rho=5.62e-56 rho_eV2=3.27e+57 rho_final=1.84e+02
BG_FUNC: a=3.76e-09 V=1.34e-01 factor_V=2.45e+58 factor_rho=5.62e-56 rho_eV2=3.27e+57 rho_final=1.84e+02
BG_FUNC: a=1.48e-07 V=1.34e-01 factor_V=2.45e+58 factor_rho=5.62e-56 rho_eV2=3.27e+57 rho_final=1.84e+02
BG_FUNC: a=5.88e-06 V=1.34e-01 factor_V=2.45e+58 factor_rho=5.62e-56 rho_eV2=3.27e+57 rho_final=1.84e+02
RIDDER SWITCHING: z_osc = 4910.94, a_osc = 2.035857e-04
DEBUG: Ridder field ENABLED. Lambda = 5.474097e-01
DEBUG: Ridder field ENABLED. Lambda = 5.474097e-01
BG_FUNC: a=1.06e-14 V=8.72e-03 factor_V=2.45e+58 factor_rho=5.62e-56 rho_eV2=2.13e+56 rho_final=1.20e+01
BG_FUNC: a=3.93e-13 V=8.72e-03 factor_V=2.45e+58 factor_rho=5.62e-56 rho_eV2=2.13e+56 rho_final=1.20e+01
BG_FUNC: a=1.57e-11 V=8.72e-03 factor_V=2.45e+58 factor_rho=5.62e-56 rho_eV2=2.13e+56 rho_final=1.20e+01
BG_FUNC: a=6.28e-10 V=8.72e-03 factor_V=2.45e+58 factor_rho=5.62e-56 rho_eV2=2.13e+56 rho_final=1.20e+01
BG_FUNC: a=2.51e-08 V=8.72e-03 factor_V=2.45e+58 factor_rho=5.62e-56 rho_eV2=2.13e+56 rho_final=1.20e+01
BG_FUNC: a=1.01e-06 V=8.72e-03 factor_V=2.45e+58 factor_rho=5.62e-56 rho_eV2=2.13e+56 rho_final=1.20e+01
BG_FUNC: a=4.01e-05 V=8.72e-03 factor_V=2.45e+58 factor_rho=5.62e-56 rho_eV2=2.13e+56 rho_final=1.20e+01
RIDDER SWITCHING: z_osc = 2169.39, a_osc = 4.607466e-04
DEBUG: Ridder field ENABLED. Lambda = 1.136220e+00
DEBUG: Ridder field ENABLED. Lambda = 1.136220e+00
BG_FUNC: a=3.12e-14 V=1.62e-01 factor_V=2.45e+58 factor_rho=5.62e-56 rho_eV2=3.96e+57 rho_final=2.23e+02
BG_FUNC: a=1.19e-12 V=1.62e-01 factor_V=2.45e+58 factor_rho=5.62e-56 rho_eV2=3.96e+57 rho_final=2.23e+02
BG_FUNC: a=4.79e-11 V=1.62e-01 factor_V=2.45e+58 factor_rho=5.62e-56 rho_eV2=3.96e+57 rho_final=2.23e+02
BG_FUNC: a=1.92e-09 V=1.62e-01 factor_V=2.45e+58 factor_rho=5.62e-56 rho_eV2=3.96e+57 rho_final=2.23e+02
BG_FUNC: a=7.73e-08 V=1.62e-01 factor_V=2.45e+58 factor_rho=5.62e-56 rho_eV2=3.96e+57 rho_final=2.23e+02
BG_FUNC: a=3.10e-06 V=1.62e-01 factor_V=2.45e+58 factor_rho=5.62e-56 rho_eV2=3.96e+57 rho_final=2.23e+02
BG_FUNC: a=1.23e-04 V=1.30e-01 factor_V=2.45e+58 factor_rho=5.62e-56 rho_eV2=3.46e+57 rho_final=1.94e+02
RIDDER SWITCHING: z_osc = 5196.13, a_osc = 1.924140e-04
DEBUG: Ridder field ENABLED. Lambda = 1.170426e+00
DEBUG: Ridder field ENABLED. Lambda = 1.170426e+00
BG_FUNC: a=2.19e-13 V=1.82e-01 factor_V=2.45e+58 fac[mcmc] Progress @ 2025-11-30 19:25:24 : 3998 steps taken, and 588 accepted.
[mcmc] Progress @ 2025-11-30 19:26:43 : 4036 steps taken, and 596 accepted.
tor_rho=5.62e-56 rho_eV2=4.46e+57 rho_final=2.51e+02
BG_FUNC: a=8.71e-12 V=1.82e-01 factor_V=2.45e+58 factor_rho=5.62e-56 rho_eV2=4.46e+57 rho_final=2.51e+02
BG_FUNC: a=3.46e-10 V=1.82e-01 factor_V=2.45e+58 factor_rho=5.62e-56 rho_eV2=4.46e+57 rho_final=2.51e+02
BG_FUNC: a=1.39e-08 V=1.82e-01 factor_V=2.45e+58 factor_rho=5.62e-56 rho_eV2=4.46e+57 rho_final=2.51e+02
BG_FUNC: a=5.46e-07 V=1.82e-01 factor_V=2.45e+58 factor_rho=5.62e-56 rho_eV2=4.46e+57 rho_final=2.51e+02
BG_FUNC: a=2.17e-05 V=1.82e-01 factor_V=2.45e+58 factor_rho=5.62e-56 rho_eV2=4.46e+57 rho_final=2.51e+02
RIDDER SWITCHING: z_osc = 5376.59, a_osc = 1.859568e-04
DEBUG: Ridder field ENABLED. Lambda = 1.126917e+00
DEBUG: Ridder field ENABLED. Lambda = 1.126917e+00
BG_FUNC: a=4.13e-14 V=1.57e-01 factor_V=2.45e+58 factor_rho=5.62e-56 rho_eV2=3.83e+57 rho_final=2.15e+02
BG_FUNC: a=1.57e-12 V=1.57e-01 factor_V=2.45e+58 factor_rho=5.62e-56 rho_eV2=3.83e+57 rho_final=2.15e+02
BG_FUNC: a=6.23e-11 V=1.57e-01 factor_V=2.45e+58 factor_rho=5.62e-56 rho_eV2=3.83e+57 rho_final=2.15e+02
BG_FUNC: a=2.47e-09 V=1.57e-01 factor_V=2.45e+58 factor_rho=5.62e-56 rho_eV2=3.83e+57 rho_final=2.15e+02
BG_FUNC: a=9.79e-08 V=1.57e-01 factor_V=2.45e+58 factor_rho=5.62e-56 rho_eV2=3.83e+57 rho_final=2.15e+02
BG_FUNC: a=3.88e-06 V=1.57e-01 factor_V=2.45e+58 factor_rho=5.62e-56 rho_eV2=3.83e+57 rho_final=2.15e+02
BG_FUNC: a=1.52e-04 V=9.91e-02 factor_V=2.45e+58 factor_rho=5.62e-56 rho_eV2=2.90e+57 rho_final=1.63e+02
RIDDER SWITCHING: z_osc = 5125.06, a_osc = 1.950817e-04
DEBUG: Ridder field ENABLED. Lambda = 1.123703e+00
DEBUG: Ridder field ENABLED. Lambda = 1.123703e+00
BG_FUNC: a=2.69e-13 V=1.55e-01 factor_V=2.45e+58 factor_rho=5.62e-56 rho_eV2=3.79e+57 rho_final=2.13e+02
BG_FUNC: a=1.07e-11 V=1.55e-01 factor_V=2.45e+58 factor_rho=5.62e-56 rho_eV2=3.79e+57 rho_final=2.13e+02
BG_FUNC: a=4.26e-10 V=1.55e-01 factor_V=2.45e+58 factor_rho=5.62e-56 rho_eV2=3.79e+57 rho_final=2.13e+02
BG_FUNC: a=1.67e-08 V=1.55e-01 factor_V=2.45e+58 factor_rho=5.62e-56 rho_eV2=3.79e+57 rho_final=2.13e+02
BG_FUNC: a=6.63e-07 V=1.55e-01 factor_V=2.45e+58 factor_rho=5.62e-56 rho_eV2=3.79e+57 rho_final=2.13e+02
BG_FUNC: a=2.63e-05 V=1.55e-01 factor_V=2.45e+58 factor_rho=5.62e-56 rho_eV2=3.79e+57 rho_final=2.13e+02
RIDDER SWITCHING: z_osc = 5118.32, a_osc = 1.953385e-04
DEBUG: Ridder field ENABLED. Lambda = 6.845510e-01
DEBUG: Ridder field ENABLED. Lambda = 6.845510e-01
BG_FUNC: a=4.77e-14 V=2.13e-02 factor_V=2.45e+58 factor_rho=5.62e-56 rho_eV2=5.22e+56 rho_final=2.93e+01
BG_FUNC: a=1.83e-12 V=2.13e-02 factor_V=2.45e+58 factor_rho=5.62e-56 rho_eV2=5.22e+56 rho_final=2.93e+01
BG_FUNC: a=7.21e-11 V=2.13e-02 factor_V=2.45e+58 factor_rho=5.62e-56 rho_eV2=5.22e+56 rho_final=2.93e+01
BG_FUNC: a=2.86e-09 V=2.13e-02 factor_V=2.45e+58 factor_rho=5.62e-56 rho_eV2=5.22e+56 rho_final=2.93e+01
BG_FUNC: a=1.15e-07 V=2.13e-02 factor_V=2.45e+58 factor_rho=5.62e-56 rho_eV2=5.22e+56 rho_final=2.93e+01
BG_FUNC: a=4.51e-06 V=2.13e-02 factor_V=2.45e+58 factor_rho=5.62e-56 rho_eV2=5.22e+56 rho_final=2.93e+01
BG_FUNC: a=1.77e-04 V=1.90e-02 factor_V=2.45e+58 factor_rho=5.62e-56 rho_eV2=4.86e+56 rho_final=2.73e+01
RIDDER SWITCHING: z_osc = 2866.01, a_osc = 3.487958e-04
DEBUG: Ridder field ENABLED. Lambda = 9.923147e-01
DEBUG: Ridder field ENABLED. Lambda = 9.923147e-01
BG_FUNC: a=1.75e-13 V=9.42e-02 factor_V=2.45e+58 factor_rho=5.62e-56 rho_eV2=2.30e+57 rho_final=1.29e+02
BG_FUNC: a=6.95e-12 V=9.42e-02 factor_V=2.45e+58 factor_rho=5.62e-56 rho_eV2=2.30e+57 rho_final=1.29e+02
BG_FUNC: a=2.76e-10 V=9.42e-02 factor_V=2.45e+58 factor_rho=5.62e-56 rho_eV2=2.30e+57 rho_final=1.29e+02
BG_FUNC: a=1.10e-08 V=9.42e-02 factor_V=2.45e+58 factor_rho=5.62e-56 rho_eV2=2.30e+57 rho_final=1.29e+02
BG_FUNC: a=4.35e-07 V=9.42e-02 factor_V=2.45e+58 factor_rho=5.62e-56 rho_eV2=2.30e+57 rho_final=1.29e+02
BG_FUNC: a=1.73e-05 V=9.42e-02 factor_V=2.45e+58 factor_rho=5.62e-56 rho_eV2=2.30e+57 rho_final=1.29e+02
RIDDER SWITCHING: z_osc = 4451.02, a_osc = 2.246171e-04
DEBUG: Ridder field ENABLED. Lambda = 1.267317e+00
DEBUG: Ridder field ENABLED. Lambda = 1.267317e+0[mcmc] Progress @ 2025-11-30 19:27:48 : 4086 steps taken, and 605 accepted.
[mcmc] Progress @ 2025-11-30 19:28:48 : 4113 steps taken, and 608 accepted.
0
BG_FUNC: a=2.74e-14 V=2.51e-01 factor_V=2.45e+58 factor_rho=5.62e-56 rho_eV2=6.13e+57 rho_final=3.44e+02
BG_FUNC: a=1.04e-12 V=2.51e-01 factor_V=2.45e+58 factor_rho=5.62e-56 rho_eV2=6.13e+57 rho_final=3.44e+02
BG_FUNC: a=4.15e-11 V=2.51e-01 factor_V=2.45e+58 factor_rho=5.62e-56 rho_eV2=6.13e+57 rho_final=3.44e+02
BG_FUNC: a=1.63e-09 V=2.51e-01 factor_V=2.45e+58 factor_rho=5.62e-56 rho_eV2=6.13e+57 rho_final=3.44e+02
BG_FUNC: a=6.46e-08 V=2.51e-01 factor_V=2.45e+58 factor_rho=5.62e-56 rho_eV2=6.13e+57 rho_final=3.44e+02
BG_FUNC: a=2.56e-06 V=2.51e-01 factor_V=2.45e+58 factor_rho=5.62e-56 rho_eV2=6.13e+57 rho_final=3.44e+02
BG_FUNC: a=1.01e-04 V=2.13e-01 factor_V=2.45e+58 factor_rho=5.62e-56 rho_eV2=5.56e+57 rho_final=3.12e+02
RIDDER SWITCHING: z_osc = 5909.39, a_osc = 1.691935e-04
DEBUG: Ridder field ENABLED. Lambda = 1.211922e+00
DEBUG: Ridder field ENABLED. Lambda = 1.211922e+00
BG_FUNC: a=2.04e-13 V=2.10e-01 factor_V=2.45e+58 factor_rho=5.62e-56 rho_eV2=5.12e+57 rho_final=2.88e+02
BG_FUNC: a=7.98e-12 V=2.10e-01 factor_V=2.45e+58 factor_rho=5.62e-56 rho_eV2=5.12e+57 rho_final=2.88e+02
BG_FUNC: a=3.13e-10 V=2.10e-01 factor_V=2.45e+58 factor_rho=5.62e-56 rho_eV2=5.12e+57 rho_final=2.88e+02
BG_FUNC: a=1.23e-08 V=2.10e-01 factor_V=2.45e+58 factor_rho=5.62e-56 rho_eV2=5.12e+57 rho_final=2.88e+02
BG_FUNC: a=4.81e-07 V=2.10e-01 factor_V=2.45e+58 factor_rho=5.62e-56 rho_eV2=5.12e+57 rho_final=2.88e+02
BG_FUNC: a=1.85e-05 V=2.10e-01 factor_V=2.45e+58 factor_rho=5.62e-56 rho_eV2=5.12e+57 rho_final=2.88e+02
RIDDER SWITCHING: z_osc = 5570.23, a_osc = 1.794936e-04
DEBUG: Ridder field ENABLED. Lambda = 1.222803e+00
DEBUG: Ridder field ENABLED. Lambda = 1.222803e+00
BG_FUNC: a=3.61e-14 V=2.17e-01 factor_V=2.45e+58 factor_rho=5.62e-56 rho_eV2=5.31e+57 rho_final=2.99e+02
BG_FUNC: a=1.37e-12 V=2.17e-01 factor_V=2.45e+58 factor_rho=5.62e-56 rho_eV2=5.31e+57 rho_final=2.99e+02
BG_FUNC: a=5.44e-11 V=2.17e-01 factor_V=2.45e+58 factor_rho=5.62e-56 rho_eV2=5.31e+57 rho_final=2.99e+02
BG_FUNC: a=2.16e-09 V=2.17e-01 factor_V=2.45e+58 factor_rho=5.62e-56 rho_eV2=5.31e+57 rho_final=2.99e+02
BG_FUNC: a=8.58e-08 V=2.17e-01 factor_V=2.45e+58 factor_rho=5.62e-56 rho_eV2=5.31e+57 rho_final=2.99e+02
BG_FUNC: a=3.41e-06 V=2.17e-01 factor_V=2.45e+58 factor_rho=5.62e-56 rho_eV2=5.31e+57 rho_final=2.99e+02
BG_FUNC: a=1.33e-04 V=1.47e-01 factor_V=2.45e+58 factor_rho=5.62e-56 rho_eV2=4.19e+57 rho_final=2.35e+02
RIDDER SWITCHING: z_osc = 5630.46, a_osc = 1.775740e-04
DEBUG: Ridder field ENABLED. Lambda = 1.328413e+00
DEBUG: Ridder field ENABLED. Lambda = 1.328413e+00
BG_FUNC: a=2.59e-13 V=3.03e-01 factor_V=2.45e+58 factor_rho=5.62e-56 rho_eV2=7.40e+57 rho_final=4.16e+02
BG_FUNC: a=1.05e-11 V=3.03e-01 factor_V=2.45e+58 factor_rho=5.62e-56 rho_eV2=7.40e+57 rho_final=4.16e+02
BG_FUNC: a=4.17e-10 V=3.03e-01 factor_V=2.45e+58 factor_rho=5.62e-56 rho_eV2=7.40e+57 rho_final=4.16e+02
BG_FUNC: a=1.67e-08 V=3.03e-01 factor_V=2.45e+58 factor_rho=5.62e-56 rho_eV2=7.40e+57 rho_final=4.16e+02
BG_FUNC: a=6.69e-07 V=3.03e-01 factor_V=2.45e+58 factor_rho=5.62e-56 rho_eV2=7.40e+57 rho_final=4.16e+02
BG_FUNC: a=2.68e-05 V=3.02e-01 factor_V=2.45e+58 factor_rho=5.62e-56 rho_eV2=7.39e+57 rho_final=4.16e+02
RIDDER SWITCHING: z_osc = 6134.58, a_osc = 1.629838e-04
DEBUG: Ridder field ENABLED. Lambda = 1.086997e+00
DEBUG: Ridder field ENABLED. Lambda = 1.086997e+00
BG_FUNC: a=5.79e-14 V=1.36e-01 factor_V=2.45e+58 factor_rho=5.62e-56 rho_eV2=3.32e+57 rho_final=1.86e+02
BG_FUNC: a=2.22e-12 V=1.36e-01 factor_V=2.45e+58 factor_rho=5.62e-56 rho_eV2=3.32e+57 rho_final=1.86e+02
BG_FUNC: a=8.80e-11 V=1.36e-01 factor_V=2.45e+58 factor_rho=5.62e-56 rho_eV2=3.32e+57 rho_final=1.86e+02
BG_FUNC: a=3.50e-09 V=1.36e-01 factor_V=2.45e+58 factor_rho=5.62e-56 rho_eV2=3.32e+57 rho_final=1.86e+02
BG_FUNC: a=1.39e-07 V=1.36e-01 factor_V=2.45e+58 factor_rho=5.62e-56 rho_eV2=3.32e+57 rho_final=1.86e+02
BG_FUNC: a=5.52e-06 V=1.36e-01 factor_V=2.45e+58 factor_rho=5.62e-56 rho_eV2=3.32e+57 rho_final=1.86e+02
RIDDER SWITCHING: z_osc = 4926.79, a_osc = 2.029308e-04
DEBUG: Ridder field ENABLED. Lambda = 1.061669[mcmc] Progress @ 2025-11-30 19:30:04 : 4138 steps taken, and 611 accepted.
[mcmc] Progress @ 2025-11-30 19:31:22 : 4164 steps taken, and 617 accepted.
e+00
DEBUG: Ridder field ENABLED. Lambda = 1.061669e+00
BG_FUNC: a=1.00e-14 V=1.23e-01 factor_V=2.45e+58 factor_rho=5.62e-56 rho_eV2=3.02e+57 rho_final=1.70e+02
BG_FUNC: a=3.66e-13 V=1.23e-01 factor_V=2.45e+58 factor_rho=5.62e-56 rho_eV2=3.02e+57 rho_final=1.70e+02
BG_FUNC: a=1.46e-11 V=1.23e-01 factor_V=2.45e+58 factor_rho=5.62e-56 rho_eV2=3.02e+57 rho_final=1.70e+02
BG_FUNC: a=5.77e-10 V=1.23e-01 factor_V=2.45e+58 factor_rho=5.62e-56 rho_eV2=3.02e+57 rho_final=1.70e+02
BG_FUNC: a=2.29e-08 V=1.23e-01 factor_V=2.45e+58 factor_rho=5.62e-56 rho_eV2=3.02e+57 rho_final=1.70e+02
BG_FUNC: a=9.07e-07 V=1.23e-01 factor_V=2.45e+58 factor_rho=5.62e-56 rho_eV2=3.02e+57 rho_final=1.70e+02
BG_FUNC: a=3.60e-05 V=1.23e-01 factor_V=2.45e+58 factor_rho=5.62e-56 rho_eV2=3.01e+57 rho_final=1.69e+02
RIDDER SWITCHING: z_osc = 4807.60, a_osc = 2.079606e-04
DEBUG: Ridder field ENABLED. Lambda = 1.343785e+00
DEBUG: Ridder field ENABLED. Lambda = 1.343785e+00
BG_FUNC: a=6.08e-14 V=3.17e-01 factor_V=2.45e+58 factor_rho=5.62e-56 rho_eV2=7.75e+57 rho_final=4.35e+02
BG_FUNC: a=2.32e-12 V=3.17e-01 factor_V=2.45e+58 factor_rho=5.62e-56 rho_eV2=7.75e+57 rho_final=4.35e+02
BG_FUNC: a=9.19e-11 V=3.17e-01 factor_V=2.45e+58 factor_rho=5.62e-56 rho_eV2=7.75e+57 rho_final=4.35e+02
BG_FUNC: a=3.64e-09 V=3.17e-01 factor_V=2.45e+58 factor_rho=5.62e-56 rho_eV2=7.75e+57 rho_final=4.35e+02
BG_FUNC: a=1.44e-07 V=3.17e-01 factor_V=2.45e+58 factor_rho=5.62e-56 rho_eV2=7.75e+57 rho_final=4.35e+02
BG_FUNC: a=5.71e-06 V=3.17e-01 factor_V=2.45e+58 factor_rho=5.62e-56 rho_eV2=7.75e+57 rho_final=4.35e+02
RIDDER SWITCHING: z_osc = 6263.69, a_osc = 1.596249e-04
DEBUG: Ridder field ENABLED. Lambda = 1.222803e+00
DEBUG: Ridder field ENABLED. Lambda = 1.222803e+00
BG_FUNC: a=1.29e-14 V=2.17e-01 factor_V=2.45e+58 factor_rho=5.62e-56 rho_eV2=5.31e+57 rho_final=2.99e+02
BG_FUNC: a=4.80e-13 V=2.17e-01 factor_V=2.45e+58 factor_rho=5.62e-56 rho_eV2=5.31e+57 rho_final=2.99e+02
BG_FUNC: a=1.91e-11 V=2.17e-01 factor_V=2.45e+58 factor_rho=5.62e-56 rho_eV2=5.31e+57 rho_final=2.99e+02
BG_FUNC: a=7.58e-10 V=2.17e-01 factor_V=2.45e+58 factor_rho=5.62e-56 rho_eV2=5.31e+57 rho_final=2.99e+02
BG_FUNC: a=3.01e-08 V=2.17e-01 factor_V=2.45e+58 factor_rho=5.62e-56 rho_eV2=5.31e+57 rho_final=2.99e+02
BG_FUNC: a=1.21e-06 V=2.17e-01 factor_V=2.45e+58 factor_rho=5.62e-56 rho_eV2=5.31e+57 rho_final=2.99e+02
BG_FUNC: a=4.73e-05 V=2.16e-01 factor_V=2.45e+58 factor_rho=5.62e-56 rho_eV2=5.29e+57 rho_final=2.97e+02
RIDDER SWITCHING: z_osc = 5633.00, a_osc = 1.774938e-04
DEBUG: Ridder field ENABLED. Lambda = 9.520443e-01
DEBUG: Ridder field ENABLED. Lambda = 9.520443e-01
BG_FUNC: a=9.17e-14 V=7.98e-02 factor_V=2.45e+58 factor_rho=5.62e-56 rho_eV2=1.95e+57 rho_final=1.10e+02
BG_FUNC: a=3.61e-12 V=7.98e-02 factor_V=2.45e+58 factor_rho=5.62e-56 rho_eV2=1.95e+57 rho_final=1.10e+02
BG_FUNC: a=1.43e-10 V=7.98e-02 factor_V=2.45e+58 factor_rho=5.62e-56 rho_eV2=1.95e+57 rho_final=1.10e+02
BG_FUNC: a=5.68e-09 V=7.98e-02 factor_V=2.45e+58 factor_rho=5.62e-56 rho_eV2=1.95e+57 rho_final=1.10e+02
BG_FUNC: a=2.25e-07 V=7.98e-02 factor_V=2.45e+58 factor_rho=5.62e-56 rho_eV2=1.95e+57 rho_final=1.10e+02
BG_FUNC: a=8.93e-06 V=7.98e-02 factor_V=2.45e+58 factor_rho=5.62e-56 rho_eV2=1.95e+57 rho_final=1.10e+02
RIDDER SWITCHING: z_osc = 4243.75, a_osc = 2.355852e-04
DEBUG: Ridder field ENABLED. Lambda = 8.765591e-01
DEBUG: Ridder field ENABLED. Lambda = 8.765591e-01
BG_FUNC: a=1.36e-14 V=5.74e-02 factor_V=2.45e+58 factor_rho=5.62e-56 rho_eV2=1.40e+57 rho_final=7.88e+01
BG_FUNC: a=5.10e-13 V=5.74e-02 factor_V=2.45e+58 factor_rho=5.62e-56 rho_eV2=1.40e+57 rho_final=7.88e+01
BG_FUNC: a=2.04e-11 V=5.74e-02 factor_V=2.45e+58 factor_rho=5.62e-56 rho_eV2=1.40e+57 rho_final=7.88e+01
BG_FUNC: a=8.13e-10 V=5.74e-02 factor_V=2.45e+58 factor_rho=5.62e-56 rho_eV2=1.40e+57 rho_final=7.88e+01
BG_FUNC: a=3.25e-08 V=5.74e-02 factor_V=2.45e+58 factor_rho=5.62e-56 rho_eV2=1.40e+57 rho_final=7.88e+01
BG_FUNC: a=1.30e-06 V=5.74e-02 factor_V=2.45e+58 factor_rho=5.62e-56 rho_eV2=1.40e+57 rho_final=7.88e+01
BG_FUNC: a=5.16e-05 V=5.72e-02 factor_V=2.45e+58[mcmc] Progress @ 2025-11-30 19:32:22 : 4197 steps taken, and 624 accepted.
[mcmc] Progress @ 2025-11-30 19:33:23 : 4228 steps taken, and 629 accepted.
 factor_rho=5.62e-56 rho_eV2=1.40e+57 rho_final=7.87e+01
RIDDER SWITCHING: z_osc = 3855.91, a_osc = 2.592750e-04
DEBUG: Ridder field ENABLED. Lambda = 1.308574e+00
DEBUG: Ridder field ENABLED. Lambda = 1.308574e+00
BG_FUNC: a=7.06e-14 V=2.85e-01 factor_V=2.45e+58 factor_rho=5.62e-56 rho_eV2=6.96e+57 rho_final=3.92e+02
BG_FUNC: a=2.70e-12 V=2.85e-01 factor_V=2.45e+58 factor_rho=5.62e-56 rho_eV2=6.96e+57 rho_final=3.92e+02
BG_FUNC: a=1.07e-10 V=2.85e-01 factor_V=2.45e+58 factor_rho=5.62e-56 rho_eV2=6.96e+57 rho_final=3.92e+02
BG_FUNC: a=4.25e-09 V=2.85e-01 factor_V=2.45e+58 factor_rho=5.62e-56 rho_eV2=6.96e+57 rho_final=3.92e+02
BG_FUNC: a=1.69e-07 V=2.85e-01 factor_V=2.45e+58 factor_rho=5.62e-56 rho_eV2=6.96e+57 rho_final=3.92e+02
BG_FUNC: a=6.69e-06 V=2.85e-01 factor_V=2.45e+58 factor_rho=5.62e-56 rho_eV2=6.96e+57 rho_final=3.92e+02
RIDDER SWITCHING: z_osc = 6102.73, a_osc = 1.638342e-04
DEBUG: Ridder field ENABLED. Lambda = 1.243814e+00
DEBUG: Ridder field ENABLED. Lambda = 1.243814e+00
BG_FUNC: a=1.47e-14 V=2.33e-01 factor_V=2.45e+58 factor_rho=5.62e-56 rho_eV2=5.69e+57 rho_final=3.20e+02
BG_FUNC: a=5.50e-13 V=2.33e-01 factor_V=2.45e+58 factor_rho=5.62e-56 rho_eV2=5.69e+57 rho_final=3.20e+02
BG_FUNC: a=2.18e-11 V=2.33e-01 factor_V=2.45e+58 factor_rho=5.62e-56 rho_eV2=5.69e+57 rho_final=3.20e+02
BG_FUNC: a=8.67e-10 V=2.33e-01 factor_V=2.45e+58 factor_rho=5.62e-56 rho_eV2=5.69e+57 rho_final=3.20e+02
BG_FUNC: a=3.44e-08 V=2.33e-01 factor_V=2.45e+58 factor_rho=5.62e-56 rho_eV2=5.69e+57 rho_final=3.20e+02
BG_FUNC: a=1.37e-06 V=2.33e-01 factor_V=2.45e+58 factor_rho=5.62e-56 rho_eV2=5.69e+57 rho_final=3.20e+02
BG_FUNC: a=5.40e-05 V=2.29e-01 factor_V=2.45e+58 factor_rho=5.62e-56 rho_eV2=5.64e+57 rho_final=3.17e+02
RIDDER SWITCHING: z_osc = 5760.28, a_osc = 1.735726e-04
DEBUG: Ridder field ENABLED. Lambda = 1.145058e+00
DEBUG: Ridder field ENABLED. Lambda = 1.145058e+00
BG_FUNC: a=1.06e-13 V=1.67e-01 factor_V=2.45e+58 factor_rho=5.62e-56 rho_eV2=4.08e+57 rho_final=2.30e+02
BG_FUNC: a=4.20e-12 V=1.67e-01 factor_V=2.45e+58 factor_rho=5.62e-56 rho_eV2=4.08e+57 rho_final=2.30e+02
BG_FUNC: a=1.67e-10 V=1.67e-01 factor_V=2.45e+58 factor_rho=5.62e-56 rho_eV2=4.08e+57 rho_final=2.30e+02
BG_FUNC: a=6.62e-09 V=1.67e-01 factor_V=2.45e+58 factor_rho=5.62e-56 rho_eV2=4.08e+57 rho_final=2.30e+02
BG_FUNC: a=2.63e-07 V=1.67e-01 factor_V=2.45e+58 factor_rho=5.62e-56 rho_eV2=4.08e+57 rho_final=2.30e+02
BG_FUNC: a=1.04e-05 V=1.67e-01 factor_V=2.45e+58 factor_rho=5.62e-56 rho_eV2=4.08e+57 rho_final=2.30e+02
RIDDER SWITCHING: z_osc = 5257.63, a_osc = 1.901637e-04
DEBUG: Ridder field ENABLED. Lambda = 8.556934e-01
DEBUG: Ridder field ENABLED. Lambda = 8.556934e-01
BG_FUNC: a=1.92e-14 V=5.21e-02 factor_V=2.45e+58 factor_rho=5.62e-56 rho_eV2=1.27e+57 rho_final=7.16e+01
BG_FUNC: a=7.23e-13 V=5.21e-02 factor_V=2.45e+58 factor_rho=5.62e-56 rho_eV2=1.27e+57 rho_final=7.16e+01
BG_FUNC: a=2.86e-11 V=5.21e-02 factor_V=2.45e+58 factor_rho=5.62e-56 rho_eV2=1.27e+57 rho_final=7.16e+01
BG_FUNC: a=1.14e-09 V=5.21e-02 factor_V=2.45e+58 factor_rho=5.62e-56 rho_eV2=1.27e+57 rho_final=7.16e+01
BG_FUNC: a=4.50e-08 V=5.21e-02 factor_V=2.45e+58 factor_rho=5.62e-56 rho_eV2=1.27e+57 rho_final=7.16e+01
BG_FUNC: a=1.78e-06 V=5.21e-02 factor_V=2.45e+58 factor_rho=5.62e-56 rho_eV2=1.27e+57 rho_final=7.16e+01
BG_FUNC: a=7.03e-05 V=5.16e-02 factor_V=2.45e+58 factor_rho=5.62e-56 rho_eV2=1.27e+57 rho_final=7.12e+01
RIDDER SWITCHING: z_osc = 3707.65, a_osc = 2.696395e-04
DEBUG: Ridder field ENABLED. Lambda = 1.222803e+00
DEBUG: Ridder field ENABLED. Lambda = 1.222803e+00
BG_FUNC: a=8.99e-14 V=2.17e-01 factor_V=2.45e+58 factor_rho=5.62e-56 rho_eV2=5.31e+57 rho_final=2.99e+02
BG_FUNC: a=3.52e-12 V=2.17e-01 factor_V=2.45e+58 factor_rho=5.62e-56 rho_eV2=5.31e+57 rho_final=2.99e+02
BG_FUNC: a=1.40e-10 V=2.17e-01 factor_V=2.45e+58 factor_rho=5.62e-56 rho_eV2=5.31e+57 rho_final=2.99e+02
BG_FUNC: a=5.56e-09 V=2.17e-01 factor_V=2.45e+58 factor_rho=5.62e-56 rho_eV2=5.31e+57 rho_final=2.99e+02
BG_FUNC: a=2.21e-07 V=2.17e-01 factor_V=2.45e+58 factor_rho=5.62e-56 rho_eV2=5.31e+57 rho_final=2.9[mcmc] Progress @ 2025-11-30 19:34:44 : 4261 steps taken, and 633 accepted.
[mcmc] Progress @ 2025-11-30 19:35:54 : 4282 steps taken, and 634 accepted.
9e+02
BG_FUNC: a=8.76e-06 V=2.17e-01 factor_V=2.45e+58 factor_rho=5.62e-56 rho_eV2=5.31e+57 rho_final=2.99e+02
RIDDER SWITCHING: z_osc = 5630.46, a_osc = 1.775740e-04
DEBUG: Ridder field ENABLED. Lambda = 1.128359e+00
DEBUG: Ridder field ENABLED. Lambda = 1.128359e+00
BG_FUNC: a=1.78e-14 V=1.57e-01 factor_V=2.45e+58 factor_rho=5.62e-56 rho_eV2=3.85e+57 rho_final=2.16e+02
BG_FUNC: a=6.70e-13 V=1.57e-01 factor_V=2.45e+58 factor_rho=5.62e-56 rho_eV2=3.85e+57 rho_final=2.16e+02
BG_FUNC: a=2.68e-11 V=1.57e-01 factor_V=2.45e+58 factor_rho=5.62e-56 rho_eV2=3.85e+57 rho_final=2.16e+02
BG_FUNC: a=1.07e-09 V=1.57e-01 factor_V=2.45e+58 factor_rho=5.62e-56 rho_eV2=3.85e+57 rho_final=2.16e+02
BG_FUNC: a=4.30e-08 V=1.57e-01 factor_V=2.45e+58 factor_rho=5.62e-56 rho_eV2=3.85e+57 rho_final=2.16e+02
BG_FUNC: a=1.72e-06 V=1.57e-01 factor_V=2.45e+58 factor_rho=5.62e-56 rho_eV2=3.85e+57 rho_final=2.16e+02
BG_FUNC: a=6.88e-05 V=1.54e-01 factor_V=2.45e+58 factor_rho=5.62e-56 rho_eV2=3.80e+57 rho_final=2.13e+02
RIDDER SWITCHING: z_osc = 5129.97, a_osc = 1.948950e-04
DEBUG: Ridder field ENABLED. Lambda = 1.286369e+00
DEBUG: Ridder field ENABLED. Lambda = 1.286369e+00
BG_FUNC: a=1.20e-13 V=2.66e-01 factor_V=2.45e+58 factor_rho=5.62e-56 rho_eV2=6.50e+57 rho_final=3.66e+02
BG_FUNC: a=4.77e-12 V=2.66e-01 factor_V=2.45e+58 factor_rho=5.62e-56 rho_eV2=6.50e+57 rho_final=3.66e+02
BG_FUNC: a=1.89e-10 V=2.66e-01 factor_V=2.45e+58 factor_rho=5.62e-56 rho_eV2=6.50e+57 rho_final=3.66e+02
BG_FUNC: a=7.52e-09 V=2.66e-01 factor_V=2.45e+58 factor_rho=5.62e-56 rho_eV2=6.50e+57 rho_final=3.66e+02
BG_FUNC: a=2.99e-07 V=2.66e-01 factor_V=2.45e+58 factor_rho=5.62e-56 rho_eV2=6.50e+57 rho_final=3.66e+02
BG_FUNC: a=1.19e-05 V=2.66e-01 factor_V=2.45e+58 factor_rho=5.62e-56 rho_eV2=6.50e+57 rho_final=3.66e+02
RIDDER SWITCHING: z_osc = 6007.93, a_osc = 1.664189e-04
DEBUG: Ridder field ENABLED. Lambda = 7.798364e-01
DEBUG: Ridder field ENABLED. Lambda = 7.798364e-01
BG_FUNC: a=2.58e-14 V=3.59e-02 factor_V=2.45e+58 factor_rho=5.62e-56 rho_eV2=8.78e+56 rho_final=4.94e+01
BG_FUNC: a=9.73e-13 V=3.59e-02 factor_V=2.45e+58 factor_rho=5.62e-56 rho_eV2=8.78e+56 rho_final=4.94e+01
BG_FUNC: a=3.89e-11 V=3.59e-02 factor_V=2.45e+58 factor_rho=5.62e-56 rho_eV2=8.78e+56 rho_final=4.94e+01
BG_FUNC: a=1.56e-09 V=3.59e-02 factor_V=2.45e+58 factor_rho=5.62e-56 rho_eV2=8.78e+56 rho_final=4.94e+01
BG_FUNC: a=6.22e-08 V=3.59e-02 factor_V=2.45e+58 factor_rho=5.62e-56 rho_eV2=8.78e+56 rho_final=4.94e+01
BG_FUNC: a=2.49e-06 V=3.59e-02 factor_V=2.45e+58 factor_rho=5.62e-56 rho_eV2=8.78e+56 rho_final=4.94e+01
BG_FUNC: a=9.99e-05 V=3.51e-02 factor_V=2.45e+58 factor_rho=5.62e-56 rho_eV2=8.66e+56 rho_final=4.87e+01
RIDDER SWITCHING: z_osc = 3358.34, a_osc = 2.976776e-04
DEBUG: Ridder field ENABLED. Lambda = 1.208701e+00
DEBUG: Ridder field ENABLED. Lambda = 1.208701e+00
BG_FUNC: a=1.14e-13 V=2.07e-01 factor_V=2.45e+58 factor_rho=5.62e-56 rho_eV2=5.07e+57 rho_final=2.85e+02
BG_FUNC: a=4.48e-12 V=2.07e-01 factor_V=2.45e+58 factor_rho=5.62e-56 rho_eV2=5.07e+57 rho_final=2.85e+02
BG_FUNC: a=1.76e-10 V=2.07e-01 factor_V=2.45e+58 factor_rho=5.62e-56 rho_eV2=5.07e+57 rho_final=2.85e+02
BG_FUNC: a=6.89e-09 V=2.07e-01 factor_V=2.45e+58 factor_rho=5.62e-56 rho_eV2=5.07e+57 rho_final=2.85e+02
BG_FUNC: a=2.70e-07 V=2.07e-01 factor_V=2.45e+58 factor_rho=5.62e-56 rho_eV2=5.07e+57 rho_final=2.85e+02
BG_FUNC: a=1.04e-05 V=2.07e-01 factor_V=2.45e+58 factor_rho=5.62e-56 rho_eV2=5.07e+57 rho_final=2.85e+02
RIDDER SWITCHING: z_osc = 5583.06, a_osc = 1.790811e-04
DEBUG: Ridder field ENABLED. Lambda = 1.128359e+00
DEBUG: Ridder field ENABLED. Lambda = 1.128359e+00
BG_FUNC: a=2.08e-14 V=1.57e-01 factor_V=2.45e+58 factor_rho=5.62e-56 rho_eV2=3.85e+57 rho_final=2.16e+02
BG_FUNC: a=7.79e-13 V=1.57e-01 factor_V=2.45e+58 factor_rho=5.62e-56 rho_eV2=3.85e+57 rho_final=2.16e+02
BG_FUNC: a=3.09e-11 V=1.57e-01 factor_V=2.45e+58 factor_rho=5.62e-56 rho_eV2=3.85e+57 rho_final=2.16e+02
BG_FUNC: a=1.22e-09 V=1.57e-01 factor_V=2.45e+58 factor_rho=5.62e-56 rho_eV2=3.85e+57 rho_final=2.16e+02
BG_FUNC: a=4.84e-08 V=1.57e-01 factor_V=2.45e[mcmc] Progress @ 2025-11-30 19:36:55 : 4320 steps taken, and 643 accepted.
[mcmc] Progress @ 2025-11-30 19:37:56 : 4358 steps taken, and 650 accepted.
+58 factor_rho=5.62e-56 rho_eV2=3.85e+57 rho_final=2.16e+02
BG_FUNC: a=1.92e-06 V=1.57e-01 factor_V=2.45e+58 factor_rho=5.62e-56 rho_eV2=3.85e+57 rho_final=2.16e+02
BG_FUNC: a=7.55e-05 V=1.52e-01 factor_V=2.45e+58 factor_rho=5.62e-56 rho_eV2=3.77e+57 rho_final=2.12e+02
RIDDER SWITCHING: z_osc = 5146.05, a_osc = 1.942859e-04
DEBUG: Ridder field ENABLED. Lambda = 1.089587e+00
DEBUG: Ridder field ENABLED. Lambda = 1.089587e+00
BG_FUNC: a=1.33e-13 V=1.37e-01 factor_V=2.45e+58 factor_rho=5.62e-56 rho_eV2=3.35e+57 rho_final=1.88e+02
BG_FUNC: a=5.27e-12 V=1.37e-01 factor_V=2.45e+58 factor_rho=5.62e-56 rho_eV2=3.35e+57 rho_final=1.88e+02
BG_FUNC: a=2.11e-10 V=1.37e-01 factor_V=2.45e+58 factor_rho=5.62e-56 rho_eV2=3.35e+57 rho_final=1.88e+02
BG_FUNC: a=8.31e-09 V=1.37e-01 factor_V=2.45e+58 factor_rho=5.62e-56 rho_eV2=3.35e+57 rho_final=1.88e+02
BG_FUNC: a=3.30e-07 V=1.37e-01 factor_V=2.45e+58 factor_rho=5.62e-56 rho_eV2=3.35e+57 rho_final=1.88e+02
BG_FUNC: a=1.31e-05 V=1.37e-01 factor_V=2.45e+58 factor_rho=5.62e-56 rho_eV2=3.35e+57 rho_final=1.88e+02
RIDDER SWITCHING: z_osc = 4939.19, a_osc = 2.024213e-04
DEBUG: Ridder field ENABLED. Lambda = 1.181986e+00
DEBUG: Ridder field ENABLED. Lambda = 1.181986e+00
BG_FUNC: a=2.31e-14 V=1.90e-01 factor_V=2.45e+58 factor_rho=5.62e-56 rho_eV2=4.64e+57 rho_final=2.61e+02
BG_FUNC: a=8.70e-13 V=1.90e-01 factor_V=2.45e+58 factor_rho=5.62e-56 rho_eV2=4.64e+57 rho_final=2.61e+02
BG_FUNC: a=3.46e-11 V=1.90e-01 factor_V=2.45e+58 factor_rho=5.62e-56 rho_eV2=4.64e+57 rho_final=2.61e+02
BG_FUNC: a=1.37e-09 V=1.90e-01 factor_V=2.45e+58 factor_rho=5.62e-56 rho_eV2=4.64e+57 rho_final=2.61e+02
BG_FUNC: a=5.45e-08 V=1.90e-01 factor_V=2.45e+58 factor_rho=5.62e-56 rho_eV2=4.64e+57 rho_final=2.61e+02
BG_FUNC: a=2.16e-06 V=1.90e-01 factor_V=2.45e+58 factor_rho=5.62e-56 rho_eV2=4.64e+57 rho_final=2.61e+02
BG_FUNC: a=8.54e-05 V=1.78e-01 factor_V=2.45e+58 factor_rho=5.62e-56 rho_eV2=4.46e+57 rho_final=2.50e+02
RIDDER SWITCHING: z_osc = 5427.46, a_osc = 1.842142e-04
DEBUG: Ridder field ENABLED. Lambda = 1.132780e+00
DEBUG: Ridder field ENABLED. Lambda = 1.132780e+00
BG_FUNC: a=1.60e-13 V=1.60e-01 factor_V=2.45e+58 factor_rho=5.62e-56 rho_eV2=3.91e+57 rho_final=2.20e+02
BG_FUNC: a=6.28e-12 V=1.60e-01 factor_V=2.45e+58 factor_rho=5.62e-56 rho_eV2=3.91e+57 rho_final=2.20e+02
BG_FUNC: a=2.49e-10 V=1.60e-01 factor_V=2.45e+58 factor_rho=5.62e-56 rho_eV2=3.91e+57 rho_final=2.20e+02
BG_FUNC: a=9.88e-09 V=1.60e-01 factor_V=2.45e+58 factor_rho=5.62e-56 rho_eV2=3.91e+57 rho_final=2.20e+02
BG_FUNC: a=3.92e-07 V=1.60e-01 factor_V=2.45e+58 factor_rho=5.62e-56 rho_eV2=3.91e+57 rho_final=2.20e+02
BG_FUNC: a=1.55e-05 V=1.60e-01 factor_V=2.45e+58 factor_rho=5.62e-56 rho_eV2=3.91e+57 rho_final=2.20e+02
RIDDER SWITCHING: z_osc = 5145.25, a_osc = 1.943161e-04
DEBUG: Ridder field ENABLED. Lambda = 1.155178e+00
DEBUG: Ridder field ENABLED. Lambda = 1.155178e+00
BG_FUNC: a=2.85e-14 V=1.73e-01 factor_V=2.45e+58 factor_rho=5.62e-56 rho_eV2=4.23e+57 rho_final=2.38e+02
BG_FUNC: a=1.07e-12 V=1.73e-01 factor_V=2.45e+58 factor_rho=5.62e-56 rho_eV2=4.23e+57 rho_final=2.38e+02
BG_FUNC: a=4.19e-11 V=1.73e-01 factor_V=2.45e+58 factor_rho=5.62e-56 rho_eV2=4.23e+57 rho_final=2.38e+02
BG_FUNC: a=1.64e-09 V=1.73e-01 factor_V=2.45e+58 factor_rho=5.62e-56 rho_eV2=4.23e+57 rho_final=2.38e+02
BG_FUNC: a=6.50e-08 V=1.73e-01 factor_V=2.45e+58 factor_rho=5.62e-56 rho_eV2=4.23e+57 rho_final=2.38e+02
BG_FUNC: a=2.53e-06 V=1.73e-01 factor_V=2.45e+58 factor_rho=5.62e-56 rho_eV2=4.23e+57 rho_final=2.38e+02
BG_FUNC: a=9.61e-05 V=1.58e-01 factor_V=2.45e+58 factor_rho=5.62e-56 rho_eV2=4.00e+57 rho_final=2.25e+02
RIDDER SWITCHING: z_osc = 5312.86, a_osc = 1.881872e-04
DEBUG: Ridder field ENABLED. Lambda = 1.430920e+00
DEBUG: Ridder field ENABLED. Lambda = 1.430920e+00
BG_FUNC: a=1.75e-13 V=4.07e-01 factor_V=2.45e+58 factor_rho=5.62e-56 rho_eV2=9.96e+57 rho_final=5.60e+02
BG_FUNC: a=7.01e-12 V=4.07e-01 factor_V=2.45e+58 factor_rho=5.62e-56 rho_eV2=9.96e+57 rho_final=5.60e+02
BG_FUNC: a=2.81e-10 V=4.07e-01 factor_V=2.45e+58 factor_rho=5.62e-56 rho_eV2=9.96e+57 rho_final=[mcmc] Progress @ 2025-11-30 19:39:13 : 4385 steps taken, and 655 accepted.
[mcmc] Progress @ 2025-11-30 19:40:16 : 4428 steps taken, and 662 accepted.
5.60e+02
BG_FUNC: a=1.13e-08 V=4.07e-01 factor_V=2.45e+58 factor_rho=5.62e-56 rho_eV2=9.96e+57 rho_final=5.60e+02
BG_FUNC: a=4.53e-07 V=4.07e-01 factor_V=2.45e+58 factor_rho=5.62e-56 rho_eV2=9.96e+57 rho_final=5.60e+02
BG_FUNC: a=1.82e-05 V=4.07e-01 factor_V=2.45e+58 factor_rho=5.62e-56 rho_eV2=9.96e+57 rho_final=5.60e+02
RIDDER SWITCHING: z_osc = 6712.83, a_osc = 1.489463e-04
DEBUG: Ridder field ENABLED. Lambda = 1.078495e+00
DEBUG: Ridder field ENABLED. Lambda = 1.078495e+00
BG_FUNC: a=4.35e-14 V=1.31e-01 factor_V=2.45e+58 factor_rho=5.62e-56 rho_eV2=3.21e+57 rho_final=1.81e+02
BG_FUNC: a=1.65e-12 V=1.31e-01 factor_V=2.45e+58 factor_rho=5.62e-56 rho_eV2=3.21e+57 rho_final=1.81e+02
BG_FUNC: a=6.54e-11 V=1.31e-01 factor_V=2.45e+58 factor_rho=5.62e-56 rho_eV2=3.21e+57 rho_final=1.81e+02
BG_FUNC: a=2.61e-09 V=1.31e-01 factor_V=2.45e+58 factor_rho=5.62e-56 rho_eV2=3.21e+57 rho_final=1.81e+02
BG_FUNC: a=1.03e-07 V=1.31e-01 factor_V=2.45e+58 factor_rho=5.62e-56 rho_eV2=3.21e+57 rho_final=1.81e+02
BG_FUNC: a=4.06e-06 V=1.31e-01 factor_V=2.45e+58 factor_rho=5.62e-56 rho_eV2=3.21e+57 rho_final=1.81e+02
BG_FUNC: a=1.58e-04 V=8.42e-02 factor_V=2.45e+58 factor_rho=5.62e-56 rho_eV2=2.45e+57 rho_final=1.38e+02
RIDDER SWITCHING: z_osc = 4937.43, a_osc = 2.024936e-04
DEBUG: Ridder field ENABLED. Lambda = 1.160672e+00
DEBUG: Ridder field ENABLED. Lambda = 1.160672e+00
BG_FUNC: a=2.70e-13 V=1.76e-01 factor_V=2.45e+58 factor_rho=5.62e-56 rho_eV2=4.31e+57 rho_final=2.42e+02
BG_FUNC: a=1.07e-11 V=1.76e-01 factor_V=2.45e+58 factor_rho=5.62e-56 rho_eV2=4.31e+57 rho_final=2.42e+02
BG_FUNC: a=4.24e-10 V=1.76e-01 factor_V=2.45e+58 factor_rho=5.62e-56 rho_eV2=4.31e+57 rho_final=2.42e+02
BG_FUNC: a=1.68e-08 V=1.76e-01 factor_V=2.45e+58 factor_rho=5.62e-56 rho_eV2=4.31e+57 rho_final=2.42e+02
BG_FUNC: a=6.67e-07 V=1.76e-01 factor_V=2.45e+58 factor_rho=5.62e-56 rho_eV2=4.31e+57 rho_final=2.42e+02
BG_FUNC: a=2.65e-05 V=1.76e-01 factor_V=2.45e+58 factor_rho=5.62e-56 rho_eV2=4.31e+57 rho_final=2.42e+02
RIDDER SWITCHING: z_osc = 5306.41, a_osc = 1.884158e-04
DEBUG: Ridder field ENABLED. Lambda = 1.128359e+00
DEBUG: Ridder field ENABLED. Lambda = 1.128359e+00
BG_FUNC: a=4.96e-14 V=1.57e-01 factor_V=2.45e+58 factor_rho=5.62e-56 rho_eV2=3.85e+57 rho_final=2.16e+02
BG_FUNC: a=1.89e-12 V=1.57e-01 factor_V=2.45e+58 factor_rho=5.62e-56 rho_eV2=3.85e+57 rho_final=2.16e+02
BG_FUNC: a=7.47e-11 V=1.57e-01 factor_V=2.45e+58 factor_rho=5.62e-56 rho_eV2=3.85e+57 rho_final=2.16e+02
BG_FUNC: a=2.96e-09 V=1.57e-01 factor_V=2.45e+58 factor_rho=5.62e-56 rho_eV2=3.85e+57 rho_final=2.16e+02
BG_FUNC: a=1.17e-07 V=1.57e-01 factor_V=2.45e+58 factor_rho=5.62e-56 rho_eV2=3.85e+57 rho_final=2.16e+02
BG_FUNC: a=4.64e-06 V=1.57e-01 factor_V=2.45e+58 factor_rho=5.62e-56 rho_eV2=3.85e+57 rho_final=2.16e+02
BG_FUNC: a=1.79e-04 V=7.04e-02 factor_V=2.45e+58 factor_rho=5.62e-56 rho_eV2=2.36e+57 rho_final=1.33e+02
RIDDER SWITCHING: z_osc = 5164.04, a_osc = 1.936095e-04
DEBUG: Ridder field ENABLED. Lambda = 8.923891e-01
DEBUG: Ridder field ENABLED. Lambda = 8.923891e-01
BG_FUNC: a=3.21e-13 V=6.16e-02 factor_V=2.45e+58 factor_rho=5.62e-56 rho_eV2=1.51e+57 rho_final=8.47e+01
BG_FUNC: a=1.27e-11 V=6.16e-02 factor_V=2.45e+58 factor_rho=5.62e-56 rho_eV2=1.51e+57 rho_final=8.47e+01
BG_FUNC: a=5.05e-10 V=6.16e-02 factor_V=2.45e+58 factor_rho=5.62e-56 rho_eV2=1.51e+57 rho_final=8.47e+01
BG_FUNC: a=2.00e-08 V=6.16e-02 factor_V=2.45e+58 factor_rho=5.62e-56 rho_eV2=1.51e+57 rho_final=8.47e+01
BG_FUNC: a=7.93e-07 V=6.16e-02 factor_V=2.45e+58 factor_rho=5.62e-56 rho_eV2=1.51e+57 rho_final=8.47e+01
BG_FUNC: a=3.14e-05 V=6.16e-02 factor_V=2.45e+58 factor_rho=5.62e-56 rho_eV2=1.51e+57 rho_final=8.47e+01
RIDDER SWITCHING: z_osc = 3922.78, a_osc = 2.548562e-04
DEBUG: Ridder field ENABLED. Lambda = 1.173030e+00
DEBUG: Ridder field ENABLED. Lambda = 1.173030e+00
BG_FUNC: a=4.38e-14 V=1.84e-01 factor_V=2.45e+58 factor_rho=5.62e-56 rho_eV2=4.50e+57 rho_final=2.53e+02
BG_FUNC: a=1.67e-12 V=1.84e-01 factor_V=2.45e+58 factor_rho=5.62e-56 rho_eV2=4.50e+57 rho_final=2.53e+02
BG_FUNC: a=6.60e-11 V=1.84e-01 factor_V=2.[mcmc] Progress @ 2025-11-30 19:41:34 : 4456 steps taken, and 668 accepted.
[mcmc] Progress @ 2025-11-30 19:42:54 : 4483 steps taken, and 673 accepted.
45e+58 factor_rho=5.62e-56 rho_eV2=4.50e+57 rho_final=2.53e+02
BG_FUNC: a=2.61e-09 V=1.84e-01 factor_V=2.45e+58 factor_rho=5.62e-56 rho_eV2=4.50e+57 rho_final=2.53e+02
BG_FUNC: a=1.04e-07 V=1.84e-01 factor_V=2.45e+58 factor_rho=5.62e-56 rho_eV2=4.50e+57 rho_final=2.53e+02
BG_FUNC: a=4.10e-06 V=1.84e-01 factor_V=2.45e+58 factor_rho=5.62e-56 rho_eV2=4.50e+57 rho_final=2.53e+02
BG_FUNC: a=1.59e-04 V=9.88e-02 factor_V=2.45e+58 factor_rho=5.62e-56 rho_eV2=3.08e+57 rho_final=1.73e+02
RIDDER SWITCHING: z_osc = 5385.28, a_osc = 1.856568e-04
DEBUG: Ridder field ENABLED. Lambda = 1.024185e+00
DEBUG: Ridder field ENABLED. Lambda = 1.024185e+00
BG_FUNC: a=2.98e-13 V=1.07e-01 factor_V=2.45e+58 factor_rho=5.62e-56 rho_eV2=2.61e+57 rho_final=1.47e+02
BG_FUNC: a=1.19e-11 V=1.07e-01 factor_V=2.45e+58 factor_rho=5.62e-56 rho_eV2=2.61e+57 rho_final=1.47e+02
BG_FUNC: a=4.72e-10 V=1.07e-01 factor_V=2.45e+58 factor_rho=5.62e-56 rho_eV2=2.61e+57 rho_final=1.47e+02
BG_FUNC: a=1.88e-08 V=1.07e-01 factor_V=2.45e+58 factor_rho=5.62e-56 rho_eV2=2.61e+57 rho_final=1.47e+02
BG_FUNC: a=7.48e-07 V=1.07e-01 factor_V=2.45e+58 factor_rho=5.62e-56 rho_eV2=2.61e+57 rho_final=1.47e+02
BG_FUNC: a=2.97e-05 V=1.07e-01 factor_V=2.45e+58 factor_rho=5.62e-56 rho_eV2=2.61e+57 rho_final=1.47e+02
RIDDER SWITCHING: z_osc = 4582.74, a_osc = 2.181624e-04
DEBUG: Ridder field ENABLED. Lambda = 1.128359e+00
DEBUG: Ridder field ENABLED. Lambda = 1.128359e+00
BG_FUNC: a=4.85e-14 V=1.57e-01 factor_V=2.45e+58 factor_rho=5.62e-56 rho_eV2=3.85e+57 rho_final=2.16e+02
BG_FUNC: a=1.87e-12 V=1.57e-01 factor_V=2.45e+58 factor_rho=5.62e-56 rho_eV2=3.85e+57 rho_final=2.16e+02
BG_FUNC: a=7.50e-11 V=1.57e-01 factor_V=2.45e+58 factor_rho=5.62e-56 rho_eV2=3.85e+57 rho_final=2.16e+02
BG_FUNC: a=3.01e-09 V=1.57e-01 factor_V=2.45e+58 factor_rho=5.62e-56 rho_eV2=3.85e+57 rho_final=2.16e+02
BG_FUNC: a=1.21e-07 V=1.57e-01 factor_V=2.45e+58 factor_rho=5.62e-56 rho_eV2=3.85e+57 rho_final=2.16e+02
BG_FUNC: a=4.86e-06 V=1.57e-01 factor_V=2.45e+58 factor_rho=5.62e-56 rho_eV2=3.85e+57 rho_final=2.16e+02
BG_FUNC: a=1.90e-04 V=5.89e-02 factor_V=2.45e+58 factor_rho=5.62e-56 rho_eV2=2.12e+57 rho_final=1.19e+02
RIDDER SWITCHING: z_osc = 5134.51, a_osc = 1.947225e-04
DEBUG: Ridder field ENABLED. Lambda = 1.452795e+00
DEBUG: Ridder field ENABLED. Lambda = 1.452795e+00
BG_FUNC: a=3.41e-13 V=4.33e-01 factor_V=2.45e+58 factor_rho=5.62e-56 rho_eV2=1.06e+58 rho_final=5.95e+02
BG_FUNC: a=1.37e-11 V=4.33e-01 factor_V=2.45e+58 factor_rho=5.62e-56 rho_eV2=1.06e+58 rho_final=5.95e+02
BG_FUNC: a=5.47e-10 V=4.33e-01 factor_V=2.45e+58 factor_rho=5.62e-56 rho_eV2=1.06e+58 rho_final=5.95e+02
BG_FUNC: a=2.19e-08 V=4.33e-01 factor_V=2.45e+58 factor_rho=5.62e-56 rho_eV2=1.06e+58 rho_final=5.95e+02
BG_FUNC: a=8.78e-07 V=4.33e-01 factor_V=2.45e+58 factor_rho=5.62e-56 rho_eV2=1.06e+58 rho_final=5.95e+02
BG_FUNC: a=3.51e-05 V=4.31e-01 factor_V=2.45e+58 factor_rho=5.62e-56 rho_eV2=1.06e+58 rho_final=5.93e+02
RIDDER SWITCHING: z_osc = 6846.51, a_osc = 1.460385e-04
DEBUG: Ridder field ENABLED. Lambda = 1.078421e+00
DEBUG: Ridder field ENABLED. Lambda = 1.078421e+00
BG_FUNC: a=8.45e-14 V=1.31e-01 factor_V=2.45e+58 factor_rho=5.62e-56 rho_eV2=3.21e+57 rho_final=1.81e+02
BG_FUNC: a=3.29e-12 V=1.31e-01 factor_V=2.45e+58 factor_rho=5.62e-56 rho_eV2=3.21e+57 rho_final=1.81e+02
BG_FUNC: a=1.32e-10 V=1.31e-01 factor_V=2.45e+58 factor_rho=5.62e-56 rho_eV2=3.21e+57 rho_final=1.81e+02
BG_FUNC: a=5.30e-09 V=1.31e-01 factor_V=2.45e+58 factor_rho=5.62e-56 rho_eV2=3.21e+57 rho_final=1.81e+02
BG_FUNC: a=2.13e-07 V=1.31e-01 factor_V=2.45e+58 factor_rho=5.62e-56 rho_eV2=3.21e+57 rho_final=1.81e+02
BG_FUNC: a=8.53e-06 V=1.31e-01 factor_V=2.45e+58 factor_rho=5.62e-56 rho_eV2=3.21e+57 rho_final=1.81e+02
RIDDER SWITCHING: z_osc = 4881.87, a_osc = 2.047977e-04
DEBUG: Ridder field ENABLED. Lambda = 9.718488e-01
DEBUG: Ridder field ENABLED. Lambda = 9.718488e-01
BG_FUNC: a=1.51e-14 V=8.67e-02 factor_V=2.45e+58 factor_rho=5.62e-56 rho_eV2=2.12e+57 rho_final=1.19e+02
BG_FUNC: a=5.64e-13 V=8.67e-02 factor_V=2.45e+58 factor_rho=5.62e-56 rho_eV2=2.12e+57 rho_fin[mcmc] Progress @ 2025-11-30 19:43:54 : 4513 steps taken, and 679 accepted.
[mcmc] Progress @ 2025-11-30 19:44:55 : 4555 steps taken, and 689 accepted.
al=1.19e+02
BG_FUNC: a=2.23e-11 V=8.67e-02 factor_V=2.45e+58 factor_rho=5.62e-56 rho_eV2=2.12e+57 rho_final=1.19e+02
BG_FUNC: a=8.86e-10 V=8.67e-02 factor_V=2.45e+58 factor_rho=5.62e-56 rho_eV2=2.12e+57 rho_final=1.19e+02
BG_FUNC: a=3.51e-08 V=8.67e-02 factor_V=2.45e+58 factor_rho=5.62e-56 rho_eV2=2.12e+57 rho_final=1.19e+02
BG_FUNC: a=1.39e-06 V=8.67e-02 factor_V=2.45e+58 factor_rho=5.62e-56 rho_eV2=2.12e+57 rho_final=1.19e+02
BG_FUNC: a=5.49e-05 V=8.62e-02 factor_V=2.45e+58 factor_rho=5.62e-56 rho_eV2=2.11e+57 rho_final=1.19e+02
RIDDER SWITCHING: z_osc = 4327.54, a_osc = 2.310250e-04
DEBUG: Ridder field ENABLED. Lambda = 1.235258e+00
DEBUG: Ridder field ENABLED. Lambda = 1.235258e+00
BG_FUNC: a=8.36e-14 V=2.26e-01 factor_V=2.45e+58 factor_rho=5.62e-56 rho_eV2=5.53e+57 rho_final=3.11e+02
BG_FUNC: a=3.22e-12 V=2.26e-01 factor_V=2.45e+58 factor_rho=5.62e-56 rho_eV2=5.53e+57 rho_final=3.11e+02
BG_FUNC: a=1.28e-10 V=2.26e-01 factor_V=2.45e+58 factor_rho=5.62e-56 rho_eV2=5.53e+57 rho_final=3.11e+02
BG_FUNC: a=5.06e-09 V=2.26e-01 factor_V=2.45e+58 factor_rho=5.62e-56 rho_eV2=5.53e+57 rho_final=3.11e+02
BG_FUNC: a=2.01e-07 V=2.26e-01 factor_V=2.45e+58 factor_rho=5.62e-56 rho_eV2=5.53e+57 rho_final=3.11e+02
BG_FUNC: a=7.95e-06 V=2.26e-01 factor_V=2.45e+58 factor_rho=5.62e-56 rho_eV2=5.53e+57 rho_final=3.11e+02
RIDDER SWITCHING: z_osc = 5685.96, a_osc = 1.758410e-04
DEBUG: Ridder field ENABLED. Lambda = 1.132663e+00
DEBUG: Ridder field ENABLED. Lambda = 1.132663e+00
BG_FUNC: a=1.63e-14 V=1.60e-01 factor_V=2.45e+58 factor_rho=5.62e-56 rho_eV2=3.91e+57 rho_final=2.20e+02
BG_FUNC: a=6.13e-13 V=1.60e-01 factor_V=2.45e+58 factor_rho=5.62e-56 rho_eV2=3.91e+57 rho_final=2.20e+02
BG_FUNC: a=2.45e-11 V=1.60e-01 factor_V=2.45e+58 factor_rho=5.62e-56 rho_eV2=3.91e+57 rho_final=2.20e+02
BG_FUNC: a=9.84e-10 V=1.60e-01 factor_V=2.45e+58 factor_rho=5.62e-56 rho_eV2=3.91e+57 rho_final=2.20e+02
BG_FUNC: a=3.98e-08 V=1.60e-01 factor_V=2.45e+58 factor_rho=5.62e-56 rho_eV2=3.91e+57 rho_final=2.20e+02
BG_FUNC: a=1.58e-06 V=1.60e-01 factor_V=2.45e+58 factor_rho=5.62e-56 rho_eV2=3.91e+57 rho_final=2.20e+02
BG_FUNC: a=6.32e-05 V=1.57e-01 factor_V=2.45e+58 factor_rho=5.62e-56 rho_eV2=3.87e+57 rho_final=2.17e+02
RIDDER SWITCHING: z_osc = 5142.49, a_osc = 1.944204e-04
DEBUG: Ridder field ENABLED. Lambda = 1.068700e+00
DEBUG: Ridder field ENABLED. Lambda = 1.068700e+00
BG_FUNC: a=1.12e-13 V=1.27e-01 factor_V=2.45e+58 factor_rho=5.62e-56 rho_eV2=3.10e+57 rho_final=1.74e+02
BG_FUNC: a=4.42e-12 V=1.27e-01 factor_V=2.45e+58 factor_rho=5.62e-56 rho_eV2=3.10e+57 rho_final=1.74e+02
BG_FUNC: a=1.77e-10 V=1.27e-01 factor_V=2.45e+58 factor_rho=5.62e-56 rho_eV2=3.10e+57 rho_final=1.74e+02
BG_FUNC: a=6.94e-09 V=1.27e-01 factor_V=2.45e+58 factor_rho=5.62e-56 rho_eV2=3.10e+57 rho_final=1.74e+02
BG_FUNC: a=2.75e-07 V=1.27e-01 factor_V=2.45e+58 factor_rho=5.62e-56 rho_eV2=3.10e+57 rho_final=1.74e+02
BG_FUNC: a=1.09e-05 V=1.27e-01 factor_V=2.45e+58 factor_rho=5.62e-56 rho_eV2=3.10e+57 rho_final=1.74e+02
RIDDER SWITCHING: z_osc = 4852.66, a_osc = 2.060302e-04
DEBUG: Ridder field ENABLED. Lambda = 1.128359e+00
DEBUG: Ridder field ENABLED. Lambda = 1.128359e+00
BG_FUNC: a=1.90e-14 V=1.57e-01 factor_V=2.45e+58 factor_rho=5.62e-56 rho_eV2=3.85e+57 rho_final=2.16e+02
BG_FUNC: a=7.12e-13 V=1.57e-01 factor_V=2.45e+58 factor_rho=5.62e-56 rho_eV2=3.85e+57 rho_final=2.16e+02
BG_FUNC: a=2.82e-11 V=1.57e-01 factor_V=2.45e+58 factor_rho=5.62e-56 rho_eV2=3.85e+57 rho_final=2.16e+02
BG_FUNC: a=1.12e-09 V=1.57e-01 factor_V=2.45e+58 factor_rho=5.62e-56 rho_eV2=3.85e+57 rho_final=2.16e+02
BG_FUNC: a=4.42e-08 V=1.57e-01 factor_V=2.45e+58 factor_rho=5.62e-56 rho_eV2=3.85e+57 rho_final=2.16e+02
BG_FUNC: a=1.75e-06 V=1.57e-01 factor_V=2.45e+58 factor_rho=5.62e-56 rho_eV2=3.85e+57 rho_final=2.16e+02
BG_FUNC: a=6.89e-05 V=1.54e-01 factor_V=2.45e+58 factor_rho=5.62e-56 rho_eV2=3.79e+57 rho_final=2.13e+02
RIDDER SWITCHING: z_osc = 5133.59, a_osc = 1.947574e-04
DEBUG: Ridder field ENABLED. Lambda = 1.115013e+00
DEBUG: Ridder field ENABLED. Lambda = 1.115013e+00
BG_FUNC: a=1.21e-13 V=1.50e-01 factor_V[mcmc] Progress @ 2025-11-30 19:46:14 : 4591 steps taken, and 694 accepted.
[mcmc] Progress @ 2025-11-30 19:47:30 : 4615 steps taken, and 698 accepted.
=2.45e+58 factor_rho=5.62e-56 rho_eV2=3.67e+57 rho_final=2.06e+02
BG_FUNC: a=4.80e-12 V=1.50e-01 factor_V=2.45e+58 factor_rho=5.62e-56 rho_eV2=3.67e+57 rho_final=2.06e+02
BG_FUNC: a=1.91e-10 V=1.50e-01 factor_V=2.45e+58 factor_rho=5.62e-56 rho_eV2=3.67e+57 rho_final=2.06e+02
BG_FUNC: a=7.56e-09 V=1.50e-01 factor_V=2.45e+58 factor_rho=5.62e-56 rho_eV2=3.67e+57 rho_final=2.06e+02
BG_FUNC: a=3.00e-07 V=1.50e-01 factor_V=2.45e+58 factor_rho=5.62e-56 rho_eV2=3.67e+57 rho_final=2.06e+02
BG_FUNC: a=1.20e-05 V=1.50e-01 factor_V=2.45e+58 factor_rho=5.62e-56 rho_eV2=3.67e+57 rho_final=2.06e+02
RIDDER SWITCHING: z_osc = 5119.94, a_osc = 1.952768e-04
DEBUG: Ridder field ENABLED. Lambda = 1.167650e+00
DEBUG: Ridder field ENABLED. Lambda = 1.167650e+00
BG_FUNC: a=2.18e-14 V=1.81e-01 factor_V=2.45e+58 factor_rho=5.62e-56 rho_eV2=4.42e+57 rho_final=2.48e+02
BG_FUNC: a=8.21e-13 V=1.81e-01 factor_V=2.45e+58 factor_rho=5.62e-56 rho_eV2=4.42e+57 rho_final=2.48e+02
BG_FUNC: a=3.26e-11 V=1.81e-01 factor_V=2.45e+58 factor_rho=5.62e-56 rho_eV2=4.42e+57 rho_final=2.48e+02
BG_FUNC: a=1.29e-09 V=1.81e-01 factor_V=2.45e+58 factor_rho=5.62e-56 rho_eV2=4.42e+57 rho_final=2.48e+02
BG_FUNC: a=5.14e-08 V=1.81e-01 factor_V=2.45e+58 factor_rho=5.62e-56 rho_eV2=4.42e+57 rho_final=2.48e+02
BG_FUNC: a=2.04e-06 V=1.81e-01 factor_V=2.45e+58 factor_rho=5.62e-56 rho_eV2=4.42e+57 rho_final=2.48e+02
BG_FUNC: a=8.07e-05 V=1.72e-01 factor_V=2.45e+58 factor_rho=5.62e-56 rho_eV2=4.28e+57 rho_final=2.41e+02
RIDDER SWITCHING: z_osc = 5361.58, a_osc = 1.864775e-04
DEBUG: Ridder field ENABLED. Lambda = 1.315427e+00
DEBUG: Ridder field ENABLED. Lambda = 1.315427e+00
BG_FUNC: a=1.48e-13 V=2.91e-01 factor_V=2.45e+58 factor_rho=5.62e-56 rho_eV2=7.11e+57 rho_final=4.00e+02
BG_FUNC: a=5.85e-12 V=2.91e-01 factor_V=2.45e+58 factor_rho=5.62e-56 rho_eV2=7.11e+57 rho_final=4.00e+02
BG_FUNC: a=2.32e-10 V=2.91e-01 factor_V=2.45e+58 factor_rho=5.62e-56 rho_eV2=7.11e+57 rho_final=4.00e+02
BG_FUNC: a=9.19e-09 V=2.91e-01 factor_V=2.45e+58 factor_rho=5.62e-56 rho_eV2=7.11e+57 rho_final=4.00e+02
BG_FUNC: a=3.64e-07 V=2.91e-01 factor_V=2.45e+58 factor_rho=5.62e-56 rho_eV2=7.11e+57 rho_final=4.00e+02
BG_FUNC: a=1.44e-05 V=2.91e-01 factor_V=2.45e+58 factor_rho=5.62e-56 rho_eV2=7.11e+57 rho_final=4.00e+02
RIDDER SWITCHING: z_osc = 6125.61, a_osc = 1.632224e-04
DEBUG: Ridder field ENABLED. Lambda = 1.095091e+00
DEBUG: Ridder field ENABLED. Lambda = 1.095091e+00
BG_FUNC: a=3.18e-14 V=1.40e-01 factor_V=2.45e+58 factor_rho=5.62e-56 rho_eV2=3.42e+57 rho_final=1.92e+02
BG_FUNC: a=1.19e-12 V=1.40e-01 factor_V=2.45e+58 factor_rho=5.62e-56 rho_eV2=3.42e+57 rho_final=1.92e+02
BG_FUNC: a=4.73e-11 V=1.40e-01 factor_V=2.45e+58 factor_rho=5.62e-56 rho_eV2=3.42e+57 rho_final=1.92e+02
BG_FUNC: a=1.88e-09 V=1.40e-01 factor_V=2.45e+58 factor_rho=5.62e-56 rho_eV2=3.42e+57 rho_final=1.92e+02
BG_FUNC: a=7.46e-08 V=1.40e-01 factor_V=2.45e+58 factor_rho=5.62e-56 rho_eV2=3.42e+57 rho_final=1.92e+02
BG_FUNC: a=2.96e-06 V=1.40e-01 factor_V=2.45e+58 factor_rho=5.62e-56 rho_eV2=3.42e+57 rho_final=1.92e+02
BG_FUNC: a=1.17e-04 V=1.19e-01 factor_V=2.45e+58 factor_rho=5.62e-56 rho_eV2=3.10e+57 rho_final=1.74e+02
RIDDER SWITCHING: z_osc = 5007.20, a_osc = 1.996725e-04
DEBUG: Ridder field ENABLED. Lambda = 1.404842e+00
DEBUG: Ridder field ENABLED. Lambda = 1.404842e+00
BG_FUNC: a=2.01e-13 V=3.78e-01 factor_V=2.45e+58 factor_rho=5.62e-56 rho_eV2=9.25e+57 rho_final=5.20e+02
BG_FUNC: a=8.03e-12 V=3.78e-01 factor_V=2.45e+58 factor_rho=5.62e-56 rho_eV2=9.25e+57 rho_final=5.20e+02
BG_FUNC: a=3.21e-10 V=3.78e-01 factor_V=2.45e+58 factor_rho=5.62e-56 rho_eV2=9.25e+57 rho_final=5.20e+02
BG_FUNC: a=1.28e-08 V=3.78e-01 factor_V=2.45e+58 factor_rho=5.62e-56 rho_eV2=9.25e+57 rho_final=5.20e+02
BG_FUNC: a=5.13e-07 V=3.78e-01 factor_V=2.45e+58 factor_rho=5.62e-56 rho_eV2=9.25e+57 rho_final=5.20e+02
BG_FUNC: a=2.05e-05 V=3.78e-01 factor_V=2.45e+58 factor_rho=5.62e-56 rho_eV2=9.25e+57 rho_final=5.20e+02
RIDDER SWITCHING: z_osc = 6583.60, a_osc = 1.518695e-04
DEBUG: Ridder field ENABLED. Lambda = 1.087216e+00
DEBUG: Ridder field ENABLED. Lambda [mcmc] Progress @ 2025-11-30 19:48:44 : 4670 steps taken, and 708 accepted.
[mcmc] Progress @ 2025-11-30 19:49:53 : 4673 steps taken, and 708 accepted.
= 1.087216e+00
BG_FUNC: a=4.79e-14 V=1.36e-01 factor_V=2.45e+58 factor_rho=5.62e-56 rho_eV2=3.32e+57 rho_final=1.87e+02
BG_FUNC: a=1.82e-12 V=1.36e-01 factor_V=2.45e+58 factor_rho=5.62e-56 rho_eV2=3.32e+57 rho_final=1.87e+02
BG_FUNC: a=7.23e-11 V=1.36e-01 factor_V=2.45e+58 factor_rho=5.62e-56 rho_eV2=3.32e+57 rho_final=1.87e+02
BG_FUNC: a=2.87e-09 V=1.36e-01 factor_V=2.45e+58 factor_rho=5.62e-56 rho_eV2=3.32e+57 rho_final=1.87e+02
BG_FUNC: a=1.14e-07 V=1.36e-01 factor_V=2.45e+58 factor_rho=5.62e-56 rho_eV2=3.32e+57 rho_final=1.87e+02
BG_FUNC: a=4.51e-06 V=1.36e-01 factor_V=2.45e+58 factor_rho=5.62e-56 rho_eV2=3.32e+57 rho_final=1.87e+02
BG_FUNC: a=1.76e-04 V=7.00e-02 factor_V=2.45e+58 factor_rho=5.62e-56 rho_eV2=2.22e+57 rho_final=1.25e+02
RIDDER SWITCHING: z_osc = 4939.94, a_osc = 2.023908e-04
DEBUG: Ridder field ENABLED. Lambda = 9.174402e-01
DEBUG: Ridder field ENABLED. Lambda = 9.174402e-01
BG_FUNC: a=3.01e-13 V=6.88e-02 factor_V=2.45e+58 factor_rho=5.62e-56 rho_eV2=1.68e+57 rho_final=9.46e+01
BG_FUNC: a=1.19e-11 V=6.88e-02 factor_V=2.45e+58 factor_rho=5.62e-56 rho_eV2=1.68e+57 rho_final=9.46e+01
BG_FUNC: a=4.73e-10 V=6.88e-02 factor_V=2.45e+58 factor_rho=5.62e-56 rho_eV2=1.68e+57 rho_final=9.46e+01
BG_FUNC: a=1.87e-08 V=6.88e-02 factor_V=2.45e+58 factor_rho=5.62e-56 rho_eV2=1.68e+57 rho_final=9.46e+01
BG_FUNC: a=7.43e-07 V=6.88e-02 factor_V=2.45e+58 factor_rho=5.62e-56 rho_eV2=1.68e+57 rho_final=9.46e+01
BG_FUNC: a=2.95e-05 V=6.88e-02 factor_V=2.45e+58 factor_rho=5.62e-56 rho_eV2=1.68e+57 rho_final=9.46e+01
RIDDER SWITCHING: z_osc = 4072.87, a_osc = 2.454668e-04
DEBUG: Ridder field ENABLED. Lambda = 1.128359e+00
DEBUG: Ridder field ENABLED. Lambda = 1.128359e+00
BG_FUNC: a=4.25e-14 V=1.57e-01 factor_V=2.45e+58 factor_rho=5.62e-56 rho_eV2=3.85e+57 rho_final=2.16e+02
BG_FUNC: a=1.61e-12 V=1.57e-01 factor_V=2.45e+58 factor_rho=5.62e-56 rho_eV2=3.85e+57 rho_final=2.16e+02
BG_FUNC: a=6.39e-11 V=1.57e-01 factor_V=2.45e+58 factor_rho=5.62e-56 rho_eV2=3.85e+57 rho_final=2.16e+02
BG_FUNC: a=2.53e-09 V=1.57e-01 factor_V=2.45e+58 factor_rho=5.62e-56 rho_eV2=3.85e+57 rho_final=2.16e+02
BG_FUNC: a=1.00e-07 V=1.57e-01 factor_V=2.45e+58 factor_rho=5.62e-56 rho_eV2=3.85e+57 rho_final=2.16e+02
BG_FUNC: a=3.97e-06 V=1.57e-01 factor_V=2.45e+58 factor_rho=5.62e-56 rho_eV2=3.85e+57 rho_final=2.16e+02
BG_FUNC: a=1.54e-04 V=9.72e-02 factor_V=2.45e+58 factor_rho=5.62e-56 rho_eV2=2.87e+57 rho_final=1.61e+02
RIDDER SWITCHING: z_osc = 5133.59, a_osc = 1.947574e-04
DEBUG: Ridder field ENABLED. Lambda = 1.161164e+00
DEBUG: Ridder field ENABLED. Lambda = 1.161164e+00
BG_FUNC: a=2.75e-13 V=1.77e-01 factor_V=2.45e+58 factor_rho=5.62e-56 rho_eV2=4.32e+57 rho_final=2.43e+02
BG_FUNC: a=1.09e-11 V=1.77e-01 factor_V=2.45e+58 factor_rho=5.62e-56 rho_eV2=4.32e+57 rho_final=2.43e+02
BG_FUNC: a=4.32e-10 V=1.77e-01 factor_V=2.45e+58 factor_rho=5.62e-56 rho_eV2=4.32e+57 rho_final=2.43e+02
BG_FUNC: a=1.71e-08 V=1.77e-01 factor_V=2.45e+58 factor_rho=5.62e-56 rho_eV2=4.32e+57 rho_final=2.43e+02
BG_FUNC: a=6.79e-07 V=1.77e-01 factor_V=2.45e+58 factor_rho=5.62e-56 rho_eV2=4.32e+57 rho_final=2.43e+02
BG_FUNC: a=2.69e-05 V=1.76e-01 factor_V=2.45e+58 factor_rho=5.62e-56 rho_eV2=4.32e+57 rho_final=2.43e+02
RIDDER SWITCHING: z_osc = 5335.86, a_osc = 1.873761e-04
DEBUG: Ridder field ENABLED. Lambda = 1.128359e+00
DEBUG: Ridder field ENABLED. Lambda = 1.128359e+00
BG_FUNC: a=5.09e-14 V=1.57e-01 factor_V=2.45e+58 factor_rho=5.62e-56 rho_eV2=3.85e+57 rho_final=2.16e+02
BG_FUNC: a=1.96e-12 V=1.57e-01 factor_V=2.45e+58 factor_rho=5.62e-56 rho_eV2=3.85e+57 rho_final=2.16e+02
BG_FUNC: a=7.85e-11 V=1.57e-01 factor_V=2.45e+58 factor_rho=5.62e-56 rho_eV2=3.85e+57 rho_final=2.16e+02
BG_FUNC: a=3.14e-09 V=1.57e-01 factor_V=2.45e+58 factor_rho=5.62e-56 rho_eV2=3.85e+57 rho_final=2.16e+02
BG_FUNC: a=1.26e-07 V=1.57e-01 factor_V=2.45e+58 factor_rho=5.62e-56 rho_eV2=3.85e+57 rho_final=2.16e+02
BG_FUNC: a=5.04e-06 V=1.57e-01 factor_V=2.45e+58 factor_rho=5.62e-56 rho_eV2=3.85e+57 rho_final=2.16e+02
RIDDER SWITCHING: z_osc = 5129.97, a_osc = 1.948950e-04
DEBUG: Ridder field ENABLED. Lamb[mcmc] Progress @ 2025-11-30 19:50:53 : 4698 steps taken, and 712 accepted.
[mcmc] Progress @ 2025-11-30 19:52:02 : 4732 steps taken, and 722 accepted.
da = 1.342912e+00
DEBUG: Ridder field ENABLED. Lambda = 1.342912e+00
BG_FUNC: a=1.00e-14 V=3.16e-01 factor_V=2.45e+58 factor_rho=5.62e-56 rho_eV2=7.73e+57 rho_final=4.34e+02
BG_FUNC: a=3.53e-13 V=3.16e-01 factor_V=2.45e+58 factor_rho=5.62e-56 rho_eV2=7.73e+57 rho_final=4.34e+02
BG_FUNC: a=1.40e-11 V=3.16e-01 factor_V=2.45e+58 factor_rho=5.62e-56 rho_eV2=7.73e+57 rho_final=4.34e+02
BG_FUNC: a=5.55e-10 V=3.16e-01 factor_V=2.45e+58 factor_rho=5.62e-56 rho_eV2=7.73e+57 rho_final=4.34e+02
BG_FUNC: a=2.20e-08 V=3.16e-01 factor_V=2.45e+58 factor_rho=5.62e-56 rho_eV2=7.73e+57 rho_final=4.34e+02
BG_FUNC: a=8.72e-07 V=3.16e-01 factor_V=2.45e+58 factor_rho=5.62e-56 rho_eV2=7.73e+57 rho_final=4.34e+02
BG_FUNC: a=3.47e-05 V=3.15e-01 factor_V=2.45e+58 factor_rho=5.62e-56 rho_eV2=7.71e+57 rho_final=4.33e+02
RIDDER SWITCHING: z_osc = 6259.00, a_osc = 1.597444e-04
DEBUG: Ridder field ENABLED. Lambda = 1.163329e+00
DEBUG: Ridder field ENABLED. Lambda = 1.163329e+00
BG_FUNC: a=7.60e-14 V=1.78e-01 factor_V=2.45e+58 factor_rho=5.62e-56 rho_eV2=4.35e+57 rho_final=2.45e+02
BG_FUNC: a=2.95e-12 V=1.78e-01 factor_V=2.45e+58 factor_rho=5.62e-56 rho_eV2=4.35e+57 rho_final=2.45e+02
BG_FUNC: a=1.18e-10 V=1.78e-01 factor_V=2.45e+58 factor_rho=5.62e-56 rho_eV2=4.35e+57 rho_final=2.45e+02
BG_FUNC: a=4.72e-09 V=1.78e-01 factor_V=2.45e+58 factor_rho=5.62e-56 rho_eV2=4.35e+57 rho_final=2.45e+02
BG_FUNC: a=1.89e-07 V=1.78e-01 factor_V=2.45e+58 factor_rho=5.62e-56 rho_eV2=4.35e+57 rho_final=2.45e+02
BG_FUNC: a=7.57e-06 V=1.78e-01 factor_V=2.45e+58 factor_rho=5.62e-56 rho_eV2=4.35e+57 rho_final=2.45e+02
RIDDER SWITCHING: z_osc = 5332.05, a_osc = 1.875098e-04
DEBUG: Ridder field ENABLED. Lambda = 9.347301e-01
DEBUG: Ridder field ENABLED. Lambda = 9.347301e-01
BG_FUNC: a=1.46e-14 V=7.42e-02 factor_V=2.45e+58 factor_rho=5.62e-56 rho_eV2=1.81e+57 rho_final=1.02e+02
BG_FUNC: a=5.44e-13 V=7.42e-02 factor_V=2.45e+58 factor_rho=5.62e-56 rho_eV2=1.81e+57 rho_final=1.02e+02
BG_FUNC: a=2.16e-11 V=7.42e-02 factor_V=2.45e+58 factor_rho=5.62e-56 rho_eV2=1.81e+57 rho_final=1.02e+02
BG_FUNC: a=8.54e-10 V=7.42e-02 factor_V=2.45e+58 factor_rho=5.62e-56 rho_eV2=1.81e+57 rho_final=1.02e+02
BG_FUNC: a=3.38e-08 V=7.42e-02 factor_V=2.45e+58 factor_rho=5.62e-56 rho_eV2=1.81e+57 rho_final=1.02e+02
BG_FUNC: a=1.34e-06 V=7.42e-02 factor_V=2.45e+58 factor_rho=5.62e-56 rho_eV2=1.81e+57 rho_final=1.02e+02
BG_FUNC: a=5.28e-05 V=7.39e-02 factor_V=2.45e+58 factor_rho=5.62e-56 rho_eV2=1.81e+57 rho_final=1.02e+02
RIDDER SWITCHING: z_osc = 4135.46, a_osc = 2.417526e-04
DEBUG: Ridder field ENABLED. Lambda = 1.096170e+00
DEBUG: Ridder field ENABLED. Lambda = 1.096170e+00
BG_FUNC: a=7.70e-14 V=1.40e-01 factor_V=2.45e+58 factor_rho=5.62e-56 rho_eV2=3.43e+57 rho_final=1.93e+02
BG_FUNC: a=2.95e-12 V=1.40e-01 factor_V=2.45e+58 factor_rho=5.62e-56 rho_eV2=3.43e+57 rho_final=1.93e+02
BG_FUNC: a=1.17e-10 V=1.40e-01 factor_V=2.45e+58 factor_rho=5.62e-56 rho_eV2=3.43e+57 rho_final=1.93e+02
BG_FUNC: a=4.68e-09 V=1.40e-01 factor_V=2.45e+58 factor_rho=5.62e-56 rho_eV2=3.43e+57 rho_final=1.93e+02
BG_FUNC: a=1.84e-07 V=1.40e-01 factor_V=2.45e+58 factor_rho=5.62e-56 rho_eV2=3.43e+57 rho_final=1.93e+02
BG_FUNC: a=7.28e-06 V=1.40e-01 factor_V=2.45e+58 factor_rho=5.62e-56 rho_eV2=3.43e+57 rho_final=1.93e+02
RIDDER SWITCHING: z_osc = 4983.71, a_osc = 2.006134e-04
DEBUG: Ridder field ENABLED. Lambda = 1.338855e+00
DEBUG: Ridder field ENABLED. Lambda = 1.338855e+00
BG_FUNC: a=1.31e-14 V=3.12e-01 factor_V=2.45e+58 factor_rho=5.62e-56 rho_eV2=7.63e+57 rho_final=4.29e+02
BG_FUNC: a=4.89e-13 V=3.12e-01 factor_V=2.45e+58 factor_rho=5.62e-56 rho_eV2=7.63e+57 rho_final=4.29e+02
BG_FUNC: a=1.95e-11 V=3.12e-01 factor_V=2.45e+58 factor_rho=5.62e-56 rho_eV2=7.63e+57 rho_final=4.29e+02
BG_FUNC: a=7.77e-10 V=3.12e-01 factor_V=2.45e+58 factor_rho=5.62e-56 rho_eV2=7.63e+57 rho_final=4.29e+02
BG_FUNC: a=3.10e-08 V=3.12e-01 factor_V=2.45e+58 factor_rho=5.62e-56 rho_eV2=7.63e+57 rho_final=4.29e+02
BG_FUNC: a=1.24e-06 V=3.12e-01 factor_V=2.45e+58 factor_rho=5.62e-56 rho_eV2=7.63e+57 rho_final=4.29e+02
BG_FUNC: a=4.97e-05 V=3.08e-01 fact[mcmc] Progress @ 2025-11-30 19:53:20 : 4772 steps taken, and 728 accepted.
or_V=2.45e+58 factor_rho=5.62e-56 rho_eV2=7.57e+57 rho_final=4.26e+02
RIDDER SWITCHING: z_osc = 6246.19, a_osc = 1.600721e-04
DEBUG: Ridder field ENABLED. Lambda = 1.128359e+00
DEBUG: Ridder field ENABLED. Lambda = 1.128359e+00
BG_FUNC: a=1.06e-13 V=1.57e-01 factor_V=2.45e+58 factor_rho=5.62e-56 rho_eV2=3.85e+57 rho_final=2.16e+02
BG_FUNC: a=4.29e-12 V=1.57e-01 factor_V=2.45e+58 factor_rho=5.62e-56 rho_eV2=3.85e+57 rho_final=2.16e+02
BG_FUNC: a=1.71e-10 V=1.57e-01 factor_V=2.45e+58 factor_rho=5.62e-56 rho_eV2=3.85e+57 rho_final=2.16e+02
BG_FUNC: a=6.86e-09 V=1.57e-01 factor_V=2.45e+58 factor_rho=5.62e-56 rho_eV2=3.85e+57 rho_final=2.16e+02
BG_FUNC: a=2.76e-07 V=1.57e-01 factor_V=2.45e+58 factor_rho=5.62e-56 rho_eV2=3.85e+57 rho_final=2.16e+02
BG_FUNC: a=1.11e-05 V=1.57e-01 factor_V=2.45e+58 factor_rho=5.62e-56 rho_eV2=3.85e+57 rho_final=2.16e+02
RIDDER SWITCHING: z_osc = 5132.72, a_osc = 1.947906e-04
DEBUG: Ridder field ENABLED. Lambda = 1.360635e+00
DEBUG: Ridder field ENABLED. Lambda = 1.360635e+00
BG_FUNC: a=2.05e-14 V=3.33e-01 factor_V=2.45e+58 factor_rho=5.62e-56 rho_eV2=8.14e+57 rho_final=4.58e+02
BG_FUNC: a=7.75e-13 V=3.33e-01 factor_V=2.45e+58 factor_rho=5.62e-56 rho_eV2=8.14e+57 rho_final=4.58e+02
BG_FUNC: a=3.10e-11 V=3.33e-01 factor_V=2.45e+58 factor_rho=5.62e-56 rho_eV2=8.14e+57 rho_final=4.58e+02
BG_FUNC: a=1.24e-09 V=3.33e-01 factor_V=2.45e+58 factor_rho=5.62e-56 rho_eV2=8.14e+57 rho_final=4.58e+02
BG_FUNC: a=4.95e-08 V=3.33e-01 factor_V=2.45e+58 factor_rho=5.62e-56 rho_eV2=8.14e+57 rho_final=4.58e+02
BG_FUNC: a=1.98e-06 V=3.33e-01 factor_V=2.45e+58 factor_rho=5.62e-56 rho_eV2=8.14e+57 rho_final=4.58e+02
BG_FUNC: a=7.89e-05 V=3.06e-01 factor_V=2.45e+58 factor_rho=5.62e-56 rho_eV2=7.74e+57 rho_final=4.35e+02
RIDDER SWITCHING: z_osc = 6349.16, a_osc = 1.574763e-04
DEBUG: Ridder field ENABLED. Lambda = 1.083056e+00
DEBUG: Ridder field ENABLED. Lambda = 1.083056e+00
BG_FUNC: a=1.71e-13 V=1.34e-01 factor_V=2.45e+58 factor_rho=5.62e-56 rho_eV2=3.27e+57 rho_final=1.84e+02
BG_FUNC: a=6.79e-12 V=1.34e-01 factor_V=2.45e+58 factor_rho=5.62e-56 rho_eV2=3.27e+57 rho_final=1.84e+02
BG_FUNC: a=2.69e-10 V=1.34e-01 factor_V=2.45e+58 factor_rho=5.62e-56 rho_eV2=3.27e+57 rho_final=1.84e+02
BG_FUNC: a=1.08e-08 V=1.34e-01 factor_V=2.45e+58 factor_rho=5.62e-56 rho_eV2=3.27e+57 rho_final=1.84e+02
BG_FUNC: a=4.24e-07 V=1.34e-01 factor_V=2.45e+58 factor_rho=5.62e-56 rho_eV2=3.27e+57 rho_final=1.84e+02
BG_FUNC: a=1.68e-05 V=1.34e-01 factor_V=2.45e+58 factor_rho=5.62e-56 rho_eV2=3.27e+57 rho_final=1.84e+02
RIDDER SWITCHING: z_osc = 4893.31, a_osc = 2.043190e-04
DEBUG: Ridder field ENABLED. Lambda = 1.067140e+00
DEBUG: Ridder field ENABLED. Lambda = 1.067140e+00
BG_FUNC: a=2.92e-14 V=1.26e-01 factor_V=2.45e+58 factor_rho=5.62e-56 rho_eV2=3.08e+57 rho_final=1.73e+02
BG_FUNC: a=1.10e-12 V=1.26e-01 factor_V=2.45e+58 factor_rho=5.62e-56 rho_eV2=3.08e+57 rho_final=1.73e+02
BG_FUNC: a=4.38e-11 V=1.26e-01 factor_V=2.45e+58 factor_rho=5.62e-56 rho_eV2=3.08e+57 rho_final=1.73e+02
BG_FUNC: a=1.74e-09 V=1.26e-01 factor_V=2.45e+58 factor_rho=5.62e-56 rho_eV2=3.08e+57 rho_final=1.73e+02
BG_FUNC: a=6.88e-08 V=1.26e-01 factor_V=2.45e+58 factor_rho=5.62e-56 rho_eV2=3.08e+57 rho_final=1.73e+02
BG_FUNC: a=2.73e-06 V=1.26e-01 factor_V=2.45e+58 factor_rho=5.62e-56 rho_eV2=3.08e+57 rho_final=1.73e+02
BG_FUNC: a=1.08e-04 V=1.14e-01 factor_V=2.45e+58 factor_rho=5.62e-56 rho_eV2=2.89e+57 rho_final=1.63e+02
RIDDER SWITCHING: z_osc = 4757.78, a_osc = 2.101380e-04
DEBUG: Ridder field ENABLED. Lambda = 8.656511e-01
DEBUG: Ridder field ENABLED. Lambda = 8.656511e-01
BG_FUNC: a=1.76e-13 V=5.45e-02 factor_V=2.45e+58 factor_rho=5.62e-56 rho_eV2=1.33e+57 rho_final=7.50e+01
BG_FUNC: a=6.98e-12 V=5.45e-02 factor_V=2.45e+58 factor_rho=5.62e-56 rho_eV2=1.33e+57 rho_final=7.50e+01
BG_FUNC: a=2.77e-10 V=5.45e-02 factor_V=2.45e+58 factor_rho=5.62e-56 rho_eV2=1.33e+57 rho_final=7.50e+01
BG_FUNC: a=1.10e-08 V=5.45e-02 factor_V=2.45e+58 factor_rho=5.62e-56 rho_eV2=1.33e+57 rho_final=7.50e+01
BG_FUNC: a=4.41e-07 V=5.45e-02 factor_V=2.45e+58 factor_rho=5.62e-56 rho_eV2=1.33e+57 [mcmc] Progress @ 2025-11-30 19:54:34 : 4793 steps taken, and 733 accepted.
[mcmc] Progress @ 2025-11-30 19:55:36 : 4839 steps taken, and 741 accepted.
rho_final=7.50e+01
BG_FUNC: a=1.74e-05 V=5.45e-02 factor_V=2.45e+58 factor_rho=5.62e-56 rho_eV2=1.33e+57 rho_final=7.50e+01
RIDDER SWITCHING: z_osc = 3790.31, a_osc = 2.637608e-04
DEBUG: Ridder field ENABLED. Lambda = 1.363827e+00
DEBUG: Ridder field ENABLED. Lambda = 1.363827e+00
BG_FUNC: a=2.35e-14 V=3.36e-01 factor_V=2.45e+58 factor_rho=5.62e-56 rho_eV2=8.22e+57 rho_final=4.62e+02
BG_FUNC: a=8.90e-13 V=3.36e-01 factor_V=2.45e+58 factor_rho=5.62e-56 rho_eV2=8.22e+57 rho_final=4.62e+02
BG_FUNC: a=3.53e-11 V=3.36e-01 factor_V=2.45e+58 factor_rho=5.62e-56 rho_eV2=8.22e+57 rho_final=4.62e+02
BG_FUNC: a=1.41e-09 V=3.36e-01 factor_V=2.45e+58 factor_rho=5.62e-56 rho_eV2=8.22e+57 rho_final=4.62e+02
BG_FUNC: a=5.65e-08 V=3.36e-01 factor_V=2.45e+58 factor_rho=5.62e-56 rho_eV2=8.22e+57 rho_final=4.62e+02
BG_FUNC: a=2.26e-06 V=3.36e-01 factor_V=2.45e+58 factor_rho=5.62e-56 rho_eV2=8.22e+57 rho_final=4.62e+02
BG_FUNC: a=8.96e-05 V=2.93e-01 factor_V=2.45e+58 factor_rho=5.62e-56 rho_eV2=7.55e+57 rho_final=4.25e+02
RIDDER SWITCHING: z_osc = 6381.41, a_osc = 1.566805e-04
DEBUG: Ridder field ENABLED. Lambda = 1.051213e+00
DEBUG: Ridder field ENABLED. Lambda = 1.051213e+00
BG_FUNC: a=1.96e-13 V=1.19e-01 factor_V=2.45e+58 factor_rho=5.62e-56 rho_eV2=2.90e+57 rho_final=1.63e+02
BG_FUNC: a=7.79e-12 V=1.19e-01 factor_V=2.45e+58 factor_rho=5.62e-56 rho_eV2=2.90e+57 rho_final=1.63e+02
BG_FUNC: a=3.09e-10 V=1.19e-01 factor_V=2.45e+58 factor_rho=5.62e-56 rho_eV2=2.90e+57 rho_final=1.63e+02
BG_FUNC: a=1.23e-08 V=1.19e-01 factor_V=2.45e+58 factor_rho=5.62e-56 rho_eV2=2.90e+57 rho_final=1.63e+02
BG_FUNC: a=4.85e-07 V=1.19e-01 factor_V=2.45e+58 factor_rho=5.62e-56 rho_eV2=2.90e+57 rho_final=1.63e+02
BG_FUNC: a=1.92e-05 V=1.19e-01 factor_V=2.45e+58 factor_rho=5.62e-56 rho_eV2=2.90e+57 rho_final=1.63e+02
RIDDER SWITCHING: z_osc = 4753.23, a_osc = 2.103389e-04
DEBUG: Ridder field ENABLED. Lambda = 1.131997e+00
DEBUG: Ridder field ENABLED. Lambda = 1.131997e+00
BG_FUNC: a=3.25e-14 V=1.60e-01 factor_V=2.45e+58 factor_rho=5.62e-56 rho_eV2=3.90e+57 rho_final=2.19e+02
BG_FUNC: a=1.24e-12 V=1.60e-01 factor_V=2.45e+58 factor_rho=5.62e-56 rho_eV2=3.90e+57 rho_final=2.19e+02
BG_FUNC: a=4.88e-11 V=1.60e-01 factor_V=2.45e+58 factor_rho=5.62e-56 rho_eV2=3.90e+57 rho_final=2.19e+02
BG_FUNC: a=1.94e-09 V=1.60e-01 factor_V=2.45e+58 factor_rho=5.62e-56 rho_eV2=3.90e+57 rho_final=2.19e+02
BG_FUNC: a=7.68e-08 V=1.60e-01 factor_V=2.45e+58 factor_rho=5.62e-56 rho_eV2=3.90e+57 rho_final=2.19e+02
BG_FUNC: a=3.05e-06 V=1.60e-01 factor_V=2.45e+58 factor_rho=5.62e-56 rho_eV2=3.90e+57 rho_final=2.19e+02
BG_FUNC: a=1.20e-04 V=1.31e-01 factor_V=2.45e+58 factor_rho=5.62e-56 rho_eV2=3.46e+57 rho_final=1.94e+02
RIDDER SWITCHING: z_osc = 5162.58, a_osc = 1.936640e-04
DEBUG: Ridder field ENABLED. Lambda = 1.128359e+00
DEBUG: Ridder field ENABLED. Lambda = 1.128359e+00
BG_FUNC: a=2.13e-13 V=1.57e-01 factor_V=2.45e+58 factor_rho=5.62e-56 rho_eV2=3.85e+57 rho_final=2.16e+02
BG_FUNC: a=8.56e-12 V=1.57e-01 factor_V=2.45e+58 factor_rho=5.62e-56 rho_eV2=3.85e+57 rho_final=2.16e+02
BG_FUNC: a=3.44e-10 V=1.57e-01 factor_V=2.45e+58 factor_rho=5.62e-56 rho_eV2=3.85e+57 rho_final=2.16e+02
BG_FUNC: a=1.38e-08 V=1.57e-01 factor_V=2.45e+58 factor_rho=5.62e-56 rho_eV2=3.85e+57 rho_final=2.16e+02
BG_FUNC: a=5.55e-07 V=1.57e-01 factor_V=2.45e+58 factor_rho=5.62e-56 rho_eV2=3.85e+57 rho_final=2.16e+02
BG_FUNC: a=2.23e-05 V=1.57e-01 factor_V=2.45e+58 factor_rho=5.62e-56 rho_eV2=3.85e+57 rho_final=2.16e+02
RIDDER SWITCHING: z_osc = 5132.72, a_osc = 1.947906e-04
DEBUG: Ridder field ENABLED. Lambda = 9.726049e-01
DEBUG: Ridder field ENABLED. Lambda = 9.726049e-01
BG_FUNC: a=4.08e-14 V=8.69e-02 factor_V=2.45e+58 factor_rho=5.62e-56 rho_eV2=2.13e+57 rho_final=1.19e+02
BG_FUNC: a=1.56e-12 V=8.69e-02 factor_V=2.45e+58 factor_rho=5.62e-56 rho_eV2=2.13e+57 rho_final=1.19e+02
BG_FUNC: a=6.25e-11 V=8.69e-02 factor_V=2.45e+58 factor_rho=5.62e-56 rho_eV2=2.13e+57 rho_final=1.19e+02
BG_FUNC: a=2.50e-09 V=8.69e-02 factor_V=2.45e+58 factor_rho=5.62e-56 rho_eV2=2.13e+57 rho_final=1.19e+02
BG_FUNC: a=1.01e-07 V=8.69e-02 f[mcmc] Progress @ 2025-11-30 19:56:54 : 4874 steps taken, and 747 accepted.
[mcmc] Progress @ 2025-11-30 19:58:15 : 4906 steps taken, and 751 accepted.
actor_V=2.45e+58 factor_rho=5.62e-56 rho_eV2=2.13e+57 rho_final=1.19e+02
BG_FUNC: a=3.99e-06 V=8.69e-02 factor_V=2.45e+58 factor_rho=5.62e-56 rho_eV2=2.13e+57 rho_final=1.19e+02
BG_FUNC: a=1.59e-04 V=6.41e-02 factor_V=2.45e+58 factor_rho=5.62e-56 rho_eV2=1.76e+57 rho_final=9.92e+01
RIDDER SWITCHING: z_osc = 4324.43, a_osc = 2.311907e-04
DEBUG: Ridder field ENABLED. Lambda = 9.913470e-01
DEBUG: Ridder field ENABLED. Lambda = 9.913470e-01
BG_FUNC: a=2.36e-13 V=9.38e-02 factor_V=2.45e+58 factor_rho=5.62e-56 rho_eV2=2.29e+57 rho_final=1.29e+02
BG_FUNC: a=9.37e-12 V=9.38e-02 factor_V=2.45e+58 factor_rho=5.62e-56 rho_eV2=2.29e+57 rho_final=1.29e+02
BG_FUNC: a=3.72e-10 V=9.38e-02 factor_V=2.45e+58 factor_rho=5.62e-56 rho_eV2=2.29e+57 rho_final=1.29e+02
BG_FUNC: a=1.48e-08 V=9.38e-02 factor_V=2.45e+58 factor_rho=5.62e-56 rho_eV2=2.29e+57 rho_final=1.29e+02
BG_FUNC: a=5.87e-07 V=9.38e-02 factor_V=2.45e+58 factor_rho=5.62e-56 rho_eV2=2.29e+57 rho_final=1.29e+02
BG_FUNC: a=2.33e-05 V=9.38e-02 factor_V=2.45e+58 factor_rho=5.62e-56 rho_eV2=2.29e+57 rho_final=1.29e+02
RIDDER SWITCHING: z_osc = 4394.45, a_osc = 2.275078e-04
DEBUG: Ridder field ENABLED. Lambda = 7.842188e-01
DEBUG: Ridder field ENABLED. Lambda = 7.842188e-01
BG_FUNC: a=3.66e-14 V=3.67e-02 factor_V=2.45e+58 factor_rho=5.62e-56 rho_eV2=8.98e+56 rho_final=5.05e+01
BG_FUNC: a=1.40e-12 V=3.67e-02 factor_V=2.45e+58 factor_rho=5.62e-56 rho_eV2=8.98e+56 rho_final=5.05e+01
BG_FUNC: a=5.64e-11 V=3.67e-02 factor_V=2.45e+58 factor_rho=5.62e-56 rho_eV2=8.98e+56 rho_final=5.05e+01
BG_FUNC: a=2.26e-09 V=3.67e-02 factor_V=2.45e+58 factor_rho=5.62e-56 rho_eV2=8.98e+56 rho_final=5.05e+01
BG_FUNC: a=9.09e-08 V=3.67e-02 factor_V=2.45e+58 factor_rho=5.62e-56 rho_eV2=8.98e+56 rho_final=5.05e+01
BG_FUNC: a=3.65e-06 V=3.67e-02 factor_V=2.45e+58 factor_rho=5.62e-56 rho_eV2=8.98e+56 rho_final=5.05e+01
BG_FUNC: a=1.46e-04 V=3.34e-02 factor_V=2.45e+58 factor_rho=5.62e-56 rho_eV2=8.48e+56 rho_final=4.77e+01
RIDDER SWITCHING: z_osc = 3356.04, a_osc = 2.978815e-04
DEBUG: Ridder field ENABLED. Lambda = 8.388256e-01
DEBUG: Ridder field ENABLED. Lambda = 8.388256e-01
BG_FUNC: a=1.68e-13 V=4.81e-02 factor_V=2.45e+58 factor_rho=5.62e-56 rho_eV2=1.18e+57 rho_final=6.61e+01
BG_FUNC: a=6.68e-12 V=4.81e-02 factor_V=2.45e+58 factor_rho=5.62e-56 rho_eV2=1.18e+57 rho_final=6.61e+01
BG_FUNC: a=2.66e-10 V=4.81e-02 factor_V=2.45e+58 factor_rho=5.62e-56 rho_eV2=1.18e+57 rho_final=6.61e+01
BG_FUNC: a=1.06e-08 V=4.81e-02 factor_V=2.45e+58 factor_rho=5.62e-56 rho_eV2=1.18e+57 rho_final=6.61e+01
BG_FUNC: a=4.21e-07 V=4.81e-02 factor_V=2.45e+58 factor_rho=5.62e-56 rho_eV2=1.18e+57 rho_final=6.61e+01
BG_FUNC: a=1.68e-05 V=4.81e-02 factor_V=2.45e+58 factor_rho=5.62e-56 rho_eV2=1.18e+57 rho_final=6.61e+01
RIDDER SWITCHING: z_osc = 3662.24, a_osc = 2.729825e-04
DEBUG: Ridder field ENABLED. Lambda = 1.113535e+00
DEBUG: Ridder field ENABLED. Lambda = 1.113535e+00
BG_FUNC: a=2.21e-14 V=1.49e-01 factor_V=2.45e+58 factor_rho=5.62e-56 rho_eV2=3.65e+57 rho_final=2.05e+02
BG_FUNC: a=8.34e-13 V=1.49e-01 factor_V=2.45e+58 factor_rho=5.62e-56 rho_eV2=3.65e+57 rho_final=2.05e+02
BG_FUNC: a=3.32e-11 V=1.49e-01 factor_V=2.45e+58 factor_rho=5.62e-56 rho_eV2=3.65e+57 rho_final=2.05e+02
BG_FUNC: a=1.33e-09 V=1.49e-01 factor_V=2.45e+58 factor_rho=5.62e-56 rho_eV2=3.65e+57 rho_final=2.05e+02
BG_FUNC: a=5.28e-08 V=1.49e-01 factor_V=2.45e+58 factor_rho=5.62e-56 rho_eV2=3.65e+57 rho_final=2.05e+02
BG_FUNC: a=2.11e-06 V=1.49e-01 factor_V=2.45e+58 factor_rho=5.62e-56 rho_eV2=3.65e+57 rho_final=2.05e+02
BG_FUNC: a=8.37e-05 V=1.42e-01 factor_V=2.45e+58 factor_rho=5.62e-56 rho_eV2=3.55e+57 rho_final=1.99e+02
RIDDER SWITCHING: z_osc = 5022.57, a_osc = 1.990616e-04
DEBUG: Ridder field ENABLED. Lambda = 1.211426e+00
DEBUG: Ridder field ENABLED. Lambda = 1.211426e+00
BG_FUNC: a=1.44e-13 V=2.09e-01 factor_V=2.45e+58 factor_rho=5.62e-56 rho_eV2=5.12e+57 rho_final=2.88e+02
BG_FUNC: a=5.72e-12 V=2.09e-01 factor_V=2.45e+58 factor_rho=5.62e-56 rho_eV2=5.12e+57 rho_final=2.88e+02
BG_FUNC: a=2.26e-10 V=2.09e-01 factor_V=2.45e+58 factor_rho=5.62e-56 rho_eV2=5.12e+[mcmc] Progress @ 2025-11-30 19:59:16 : 4942 steps taken, and 756 accepted.
[mcmc] Progress @ 2025-11-30 20:00:38 : 4965 steps taken, and 760 accepted.
57 rho_final=2.88e+02
BG_FUNC: a=8.97e-09 V=2.09e-01 factor_V=2.45e+58 factor_rho=5.62e-56 rho_eV2=5.12e+57 rho_final=2.88e+02
BG_FUNC: a=3.56e-07 V=2.09e-01 factor_V=2.45e+58 factor_rho=5.62e-56 rho_eV2=5.12e+57 rho_final=2.88e+02
BG_FUNC: a=1.41e-05 V=2.09e-01 factor_V=2.45e+58 factor_rho=5.62e-56 rho_eV2=5.12e+57 rho_final=2.88e+02
RIDDER SWITCHING: z_osc = 5587.41, a_osc = 1.789418e-04
DEBUG: Ridder field ENABLED. Lambda = 1.124364e+00
DEBUG: Ridder field ENABLED. Lambda = 1.124364e+00
BG_FUNC: a=2.81e-14 V=1.55e-01 factor_V=2.45e+58 factor_rho=5.62e-56 rho_eV2=3.80e+57 rho_final=2.13e+02
BG_FUNC: a=1.06e-12 V=1.55e-01 factor_V=2.45e+58 factor_rho=5.62e-56 rho_eV2=3.80e+57 rho_final=2.13e+02
BG_FUNC: a=4.20e-11 V=1.55e-01 factor_V=2.45e+58 factor_rho=5.62e-56 rho_eV2=3.80e+57 rho_final=2.13e+02
BG_FUNC: a=1.67e-09 V=1.55e-01 factor_V=2.45e+58 factor_rho=5.62e-56 rho_eV2=3.80e+57 rho_final=2.13e+02
BG_FUNC: a=6.61e-08 V=1.55e-01 factor_V=2.45e+58 factor_rho=5.62e-56 rho_eV2=3.80e+57 rho_final=2.13e+02
BG_FUNC: a=2.62e-06 V=1.55e-01 factor_V=2.45e+58 factor_rho=5.62e-56 rho_eV2=3.80e+57 rho_final=2.13e+02
BG_FUNC: a=1.03e-04 V=1.39e-01 factor_V=2.45e+58 factor_rho=5.62e-56 rho_eV2=3.55e+57 rho_final=2.00e+02
RIDDER SWITCHING: z_osc = 5106.23, a_osc = 1.958007e-04
DEBUG: Ridder field ENABLED. Lambda = 1.289277e+00
DEBUG: Ridder field ENABLED. Lambda = 1.289277e+00
BG_FUNC: a=1.80e-13 V=2.68e-01 factor_V=2.45e+58 factor_rho=5.62e-56 rho_eV2=6.56e+57 rho_final=3.69e+02
BG_FUNC: a=7.14e-12 V=2.68e-01 factor_V=2.45e+58 factor_rho=5.62e-56 rho_eV2=6.56e+57 rho_final=3.69e+02
BG_FUNC: a=2.83e-10 V=2.68e-01 factor_V=2.45e+58 factor_rho=5.62e-56 rho_eV2=6.56e+57 rho_final=3.69e+02
BG_FUNC: a=1.12e-08 V=2.68e-01 factor_V=2.45e+58 factor_rho=5.62e-56 rho_eV2=6.56e+57 rho_final=3.69e+02
BG_FUNC: a=4.45e-07 V=2.68e-01 factor_V=2.45e+58 factor_rho=5.62e-56 rho_eV2=6.56e+57 rho_final=3.69e+02
BG_FUNC: a=1.76e-05 V=2.68e-01 factor_V=2.45e+58 factor_rho=5.62e-56 rho_eV2=6.56e+57 rho_final=3.69e+02
RIDDER SWITCHING: z_osc = 6020.31, a_osc = 1.660769e-04
DEBUG: Ridder field ENABLED. Lambda = 1.128359e+00
DEBUG: Ridder field ENABLED. Lambda = 1.128359e+00
BG_FUNC: a=3.77e-14 V=1.57e-01 factor_V=2.45e+58 factor_rho=5.62e-56 rho_eV2=3.85e+57 rho_final=2.16e+02
BG_FUNC: a=1.45e-12 V=1.57e-01 factor_V=2.45e+58 factor_rho=5.62e-56 rho_eV2=3.85e+57 rho_final=2.16e+02
BG_FUNC: a=5.82e-11 V=1.57e-01 factor_V=2.45e+58 factor_rho=5.62e-56 rho_eV2=3.85e+57 rho_final=2.16e+02
BG_FUNC: a=2.34e-09 V=1.57e-01 factor_V=2.45e+58 factor_rho=5.62e-56 rho_eV2=3.85e+57 rho_final=2.16e+02
BG_FUNC: a=9.39e-08 V=1.57e-01 factor_V=2.45e+58 factor_rho=5.62e-56 rho_eV2=3.85e+57 rho_final=2.16e+02
BG_FUNC: a=3.77e-06 V=1.57e-01 factor_V=2.45e+58 factor_rho=5.62e-56 rho_eV2=3.85e+57 rho_final=2.16e+02
BG_FUNC: a=1.49e-04 V=1.03e-01 factor_V=2.45e+58 factor_rho=5.62e-56 rho_eV2=2.98e+57 rho_final=1.67e+02
RIDDER SWITCHING: z_osc = 5132.72, a_osc = 1.947905e-04
DEBUG: Ridder field ENABLED. Lambda = 8.149522e-01
DEBUG: Ridder field ENABLED. Lambda = 8.149522e-01
BG_FUNC: a=2.64e-13 V=4.28e-02 factor_V=2.45e+58 factor_rho=5.62e-56 rho_eV2=1.05e+57 rho_final=5.89e+01
BG_FUNC: a=1.06e-11 V=4.28e-02 factor_V=2.45e+58 factor_rho=5.62e-56 rho_eV2=1.05e+57 rho_final=5.89e+01
BG_FUNC: a=4.15e-10 V=4.28e-02 factor_V=2.45e+58 factor_rho=5.62e-56 rho_eV2=1.05e+57 rho_final=5.89e+01
BG_FUNC: a=1.64e-08 V=4.28e-02 factor_V=2.45e+58 factor_rho=5.62e-56 rho_eV2=1.05e+57 rho_final=5.89e+01
BG_FUNC: a=6.57e-07 V=4.28e-02 factor_V=2.45e+58 factor_rho=5.62e-56 rho_eV2=1.05e+57 rho_final=5.89e+01
BG_FUNC: a=2.58e-05 V=4.28e-02 factor_V=2.45e+58 factor_rho=5.62e-56 rho_eV2=1.05e+57 rho_final=5.89e+01
RIDDER SWITCHING: z_osc = 3535.64, a_osc = 2.827541e-04
DEBUG: Ridder field ENABLED. Lambda = 9.813802e-01
DEBUG: Ridder field ENABLED. Lambda = 9.813802e-01
BG_FUNC: a=3.24e-14 V=9.01e-02 factor_V=2.45e+58 factor_rho=5.62e-56 rho_eV2=2.20e+57 rho_final=1.24e+02
BG_FUNC: a=1.23e-12 V=9.01e-02 factor_V=2.45e+58 factor_rho=5.62e-56 rho_eV2=2.20e+57 rho_final=1.24e+02
BG_FUNC: a=4.87e-11 V=9.01e-0[mcmc] Progress @ 2025-11-30 20:01:38 : 5004 steps taken, and 768 accepted.
[mcmc] Progress @ 2025-11-30 20:02:38 : 5032 steps taken, and 775 accepted.
2 factor_V=2.45e+58 factor_rho=5.62e-56 rho_eV2=2.20e+57 rho_final=1.24e+02
BG_FUNC: a=1.93e-09 V=9.01e-02 factor_V=2.45e+58 factor_rho=5.62e-56 rho_eV2=2.20e+57 rho_final=1.24e+02
BG_FUNC: a=7.66e-08 V=9.01e-02 factor_V=2.45e+58 factor_rho=5.62e-56 rho_eV2=2.20e+57 rho_final=1.24e+02
BG_FUNC: a=3.03e-06 V=9.01e-02 factor_V=2.45e+58 factor_rho=5.62e-56 rho_eV2=2.20e+57 rho_final=1.24e+02
BG_FUNC: a=1.19e-04 V=8.07e-02 factor_V=2.45e+58 factor_rho=5.62e-56 rho_eV2=2.06e+57 rho_final=1.16e+02
RIDDER SWITCHING: z_osc = 4382.44, a_osc = 2.281314e-04
DEBUG: Ridder field ENABLED. Lambda = 1.365392e+00
DEBUG: Ridder field ENABLED. Lambda = 1.365392e+00
BG_FUNC: a=1.79e-13 V=3.38e-01 factor_V=2.45e+58 factor_rho=5.62e-56 rho_eV2=8.26e+57 rho_final=4.64e+02
BG_FUNC: a=7.21e-12 V=3.38e-01 factor_V=2.45e+58 factor_rho=5.62e-56 rho_eV2=8.26e+57 rho_final=4.64e+02
BG_FUNC: a=2.93e-10 V=3.38e-01 factor_V=2.45e+58 factor_rho=5.62e-56 rho_eV2=8.26e+57 rho_final=4.64e+02
BG_FUNC: a=1.17e-08 V=3.38e-01 factor_V=2.45e+58 factor_rho=5.62e-56 rho_eV2=8.26e+57 rho_final=4.64e+02
BG_FUNC: a=4.70e-07 V=3.38e-01 factor_V=2.45e+58 factor_rho=5.62e-56 rho_eV2=8.26e+57 rho_final=4.64e+02
BG_FUNC: a=1.89e-05 V=3.38e-01 factor_V=2.45e+58 factor_rho=5.62e-56 rho_eV2=8.25e+57 rho_final=4.64e+02
RIDDER SWITCHING: z_osc = 6411.68, a_osc = 1.559409e-04
DEBUG: Ridder field ENABLED. Lambda = 1.128359e+00
DEBUG: Ridder field ENABLED. Lambda = 1.128359e+00
BG_FUNC: a=4.31e-14 V=1.57e-01 factor_V=2.45e+58 factor_rho=5.62e-56 rho_eV2=3.85e+57 rho_final=2.16e+02
BG_FUNC: a=1.66e-12 V=1.57e-01 factor_V=2.45e+58 factor_rho=5.62e-56 rho_eV2=3.85e+57 rho_final=2.16e+02
BG_FUNC: a=6.65e-11 V=1.57e-01 factor_V=2.45e+58 factor_rho=5.62e-56 rho_eV2=3.85e+57 rho_final=2.16e+02
BG_FUNC: a=2.67e-09 V=1.57e-01 factor_V=2.45e+58 factor_rho=5.62e-56 rho_eV2=3.85e+57 rho_final=2.16e+02
BG_FUNC: a=1.07e-07 V=1.57e-01 factor_V=2.45e+58 factor_rho=5.62e-56 rho_eV2=3.85e+57 rho_final=2.16e+02
BG_FUNC: a=4.32e-06 V=1.57e-01 factor_V=2.45e+58 factor_rho=5.62e-56 rho_eV2=3.85e+57 rho_final=2.16e+02
BG_FUNC: a=1.69e-04 V=8.08e-02 factor_V=2.45e+58 factor_rho=5.62e-56 rho_eV2=2.57e+57 rho_final=1.44e+02
RIDDER SWITCHING: z_osc = 5132.72, a_osc = 1.947906e-04
DEBUG: Ridder field ENABLED. Lambda = 1.127503e+00
DEBUG: Ridder field ENABLED. Lambda = 1.127503e+00
BG_FUNC: a=3.04e-13 V=1.57e-01 factor_V=2.45e+58 factor_rho=5.62e-56 rho_eV2=3.84e+57 rho_final=2.16e+02
BG_FUNC: a=1.22e-11 V=1.57e-01 factor_V=2.45e+58 factor_rho=5.62e-56 rho_eV2=3.84e+57 rho_final=2.16e+02
BG_FUNC: a=4.86e-10 V=1.57e-01 factor_V=2.45e+58 factor_rho=5.62e-56 rho_eV2=3.84e+57 rho_final=2.16e+02
BG_FUNC: a=1.94e-08 V=1.57e-01 factor_V=2.45e+58 factor_rho=5.62e-56 rho_eV2=3.84e+57 rho_final=2.16e+02
BG_FUNC: a=7.77e-07 V=1.57e-01 factor_V=2.45e+58 factor_rho=5.62e-56 rho_eV2=3.84e+57 rho_final=2.16e+02
BG_FUNC: a=3.11e-05 V=1.57e-01 factor_V=2.45e+58 factor_rho=5.62e-56 rho_eV2=3.84e+57 rho_final=2.16e+02
RIDDER SWITCHING: z_osc = 5090.89, a_osc = 1.963908e-04
DEBUG: Ridder field ENABLED. Lambda = 1.390692e+00
DEBUG: Ridder field ENABLED. Lambda = 1.390692e+00
BG_FUNC: a=5.58e-14 V=3.63e-01 factor_V=2.45e+58 factor_rho=5.62e-56 rho_eV2=8.88e+57 rho_final=4.99e+02
BG_FUNC: a=2.16e-12 V=3.63e-01 factor_V=2.45e+58 factor_rho=5.62e-56 rho_eV2=8.88e+57 rho_final=4.99e+02
BG_FUNC: a=8.66e-11 V=3.63e-01 factor_V=2.45e+58 factor_rho=5.62e-56 rho_eV2=8.88e+57 rho_final=4.99e+02
BG_FUNC: a=3.48e-09 V=3.63e-01 factor_V=2.45e+58 factor_rho=5.62e-56 rho_eV2=8.88e+57 rho_final=4.99e+02
BG_FUNC: a=1.40e-07 V=3.63e-01 factor_V=2.45e+58 factor_rho=5.62e-56 rho_eV2=8.88e+57 rho_final=4.99e+02
BG_FUNC: a=5.62e-06 V=3.63e-01 factor_V=2.45e+58 factor_rho=5.62e-56 rho_eV2=8.88e+57 rho_final=4.99e+02
RIDDER SWITCHING: z_osc = 6513.79, a_osc = 1.534968e-04
DEBUG: Ridder field ENABLED. Lambda = 1.175180e+00
DEBUG: Ridder field ENABLED. Lambda = 1.175180e+00
BG_FUNC: a=1.33e-14 V=1.85e-01 factor_V=2.45e+58 factor_rho=5.62e-56 rho_eV2=4.53e+57 rho_final=2.55e+02
BG_FUNC: a=4.95e-13 V=1.85e-01 factor_V=2.45e+58 factor_rho=5.62e-56 rho_eV2=4.5[mcmc] Progress @ 2025-11-30 20:03:53 : 5057 steps taken, and 780 accepted.
[mcmc] Progress @ 2025-11-30 20:04:53 : 5103 steps taken, and 786 accepted.
3e+57 rho_final=2.55e+02
BG_FUNC: a=1.94e-11 V=1.85e-01 factor_V=2.45e+58 factor_rho=5.62e-56 rho_eV2=4.53e+57 rho_final=2.55e+02
BG_FUNC: a=7.60e-10 V=1.85e-01 factor_V=2.45e+58 factor_rho=5.62e-56 rho_eV2=4.53e+57 rho_final=2.55e+02
BG_FUNC: a=3.00e-08 V=1.85e-01 factor_V=2.45e+58 factor_rho=5.62e-56 rho_eV2=4.53e+57 rho_final=2.55e+02
BG_FUNC: a=1.17e-06 V=1.85e-01 factor_V=2.45e+58 factor_rho=5.62e-56 rho_eV2=4.53e+57 rho_final=2.55e+02
BG_FUNC: a=4.45e-05 V=1.84e-01 factor_V=2.45e+58 factor_rho=5.62e-56 rho_eV2=4.52e+57 rho_final=2.54e+02
RIDDER SWITCHING: z_osc = 5377.16, a_osc = 1.859372e-04
DEBUG: Ridder field ENABLED. Lambda = 8.551365e-01
DEBUG: Ridder field ENABLED. Lambda = 8.551365e-01
BG_FUNC: a=8.40e-14 V=5.19e-02 factor_V=2.45e+58 factor_rho=5.62e-56 rho_eV2=1.27e+57 rho_final=7.14e+01
BG_FUNC: a=3.23e-12 V=5.19e-02 factor_V=2.45e+58 factor_rho=5.62e-56 rho_eV2=1.27e+57 rho_final=7.14e+01
BG_FUNC: a=1.28e-10 V=5.19e-02 factor_V=2.45e+58 factor_rho=5.62e-56 rho_eV2=1.27e+57 rho_final=7.14e+01
BG_FUNC: a=5.08e-09 V=5.19e-02 factor_V=2.45e+58 factor_rho=5.62e-56 rho_eV2=1.27e+57 rho_final=7.14e+01
BG_FUNC: a=2.02e-07 V=5.19e-02 factor_V=2.45e+58 factor_rho=5.62e-56 rho_eV2=1.27e+57 rho_final=7.14e+01
BG_FUNC: a=8.00e-06 V=5.19e-02 factor_V=2.45e+58 factor_rho=5.62e-56 rho_eV2=1.27e+57 rho_final=7.14e+01
RIDDER SWITCHING: z_osc = 3741.53, a_osc = 2.671986e-04
DEBUG: Ridder field ENABLED. Lambda = 9.099617e-01
DEBUG: Ridder field ENABLED. Lambda = 9.099617e-01
BG_FUNC: a=1.09e-14 V=6.66e-02 factor_V=2.45e+58 factor_rho=5.62e-56 rho_eV2=1.63e+57 rho_final=9.16e+01
BG_FUNC: a=4.03e-13 V=6.66e-02 factor_V=2.45e+58 factor_rho=5.62e-56 rho_eV2=1.63e+57 rho_final=9.16e+01
BG_FUNC: a=1.60e-11 V=6.66e-02 factor_V=2.45e+58 factor_rho=5.62e-56 rho_eV2=1.63e+57 rho_final=9.16e+01
BG_FUNC: a=6.36e-10 V=6.66e-02 factor_V=2.45e+58 factor_rho=5.62e-56 rho_eV2=1.63e+57 rho_final=9.16e+01
BG_FUNC: a=2.53e-08 V=6.66e-02 factor_V=2.45e+58 factor_rho=5.62e-56 rho_eV2=1.63e+57 rho_final=9.16e+01
BG_FUNC: a=1.00e-06 V=6.66e-02 factor_V=2.45e+58 factor_rho=5.62e-56 rho_eV2=1.63e+57 rho_final=9.16e+01
BG_FUNC: a=3.98e-05 V=6.65e-02 factor_V=2.45e+58 factor_rho=5.62e-56 rho_eV2=1.63e+57 rho_final=9.15e+01
RIDDER SWITCHING: z_osc = 4010.54, a_osc = 2.492811e-04
DEBUG: Ridder field ENABLED. Lambda = 1.313658e+00
DEBUG: Ridder field ENABLED. Lambda = 1.313658e+00
BG_FUNC: a=5.61e-14 V=2.89e-01 factor_V=2.45e+58 factor_rho=5.62e-56 rho_eV2=7.07e+57 rho_final=3.98e+02
BG_FUNC: a=2.14e-12 V=2.89e-01 factor_V=2.45e+58 factor_rho=5.62e-56 rho_eV2=7.07e+57 rho_final=3.98e+02
BG_FUNC: a=8.50e-11 V=2.89e-01 factor_V=2.45e+58 factor_rho=5.62e-56 rho_eV2=7.07e+57 rho_final=3.98e+02
BG_FUNC: a=3.37e-09 V=2.89e-01 factor_V=2.45e+58 factor_rho=5.62e-56 rho_eV2=7.07e+57 rho_final=3.98e+02
BG_FUNC: a=1.34e-07 V=2.89e-01 factor_V=2.45e+58 factor_rho=5.62e-56 rho_eV2=7.07e+57 rho_final=3.98e+02
BG_FUNC: a=5.30e-06 V=2.89e-01 factor_V=2.45e+58 factor_rho=5.62e-56 rho_eV2=7.07e+57 rho_final=3.98e+02
RIDDER SWITCHING: z_osc = 6057.97, a_osc = 1.650447e-04
DEBUG: Ridder field ENABLED. Lambda = 1.170366e+00
DEBUG: Ridder field ENABLED. Lambda = 1.170366e+00
BG_FUNC: a=1.16e-14 V=1.82e-01 factor_V=2.45e+58 factor_rho=5.62e-56 rho_eV2=4.46e+57 rho_final=2.51e+02
BG_FUNC: a=4.32e-13 V=1.82e-01 factor_V=2.45e+58 factor_rho=5.62e-56 rho_eV2=4.46e+57 rho_final=2.51e+02
BG_FUNC: a=1.71e-11 V=1.82e-01 factor_V=2.45e+58 factor_rho=5.62e-56 rho_eV2=4.46e+57 rho_final=2.51e+02
BG_FUNC: a=6.79e-10 V=1.82e-01 factor_V=2.45e+58 factor_rho=5.62e-56 rho_eV2=4.46e+57 rho_final=2.51e+02
BG_FUNC: a=2.69e-08 V=1.82e-01 factor_V=2.45e+58 factor_rho=5.62e-56 rho_eV2=4.46e+57 rho_final=2.51e+02
BG_FUNC: a=1.07e-06 V=1.82e-01 factor_V=2.45e+58 factor_rho=5.62e-56 rho_eV2=4.46e+57 rho_final=2.51e+02
BG_FUNC: a=4.22e-05 V=1.82e-01 factor_V=2.45e+58 factor_rho=5.62e-56 rho_eV2=4.45e+57 rho_final=2.50e+02
RIDDER SWITCHING: z_osc = 5364.18, a_osc = 1.863869e-04
DEBUG: Ridder field ENABLED. Lambda = 1.128359e+00
DEBUG: Ridder field ENABLED. Lambda = 1.128359e+00
BG_FUNC: a=7.97e-14 V=1.57[mcmc] Progress @ 2025-11-30 20:06:13 : 5152 steps taken, and 795 accepted.
[mcmc] Progress @ 2025-11-30 20:07:27 : 5173 steps taken, and 799 accepted.
e-01 factor_V=2.45e+58 factor_rho=5.62e-56 rho_eV2=3.85e+57 rho_final=2.16e+02
BG_FUNC: a=3.10e-12 V=1.57e-01 factor_V=2.45e+58 factor_rho=5.62e-56 rho_eV2=3.85e+57 rho_final=2.16e+02
BG_FUNC: a=1.25e-10 V=1.57e-01 factor_V=2.45e+58 factor_rho=5.62e-56 rho_eV2=3.85e+57 rho_final=2.16e+02
BG_FUNC: a=5.00e-09 V=1.57e-01 factor_V=2.45e+58 factor_rho=5.62e-56 rho_eV2=3.85e+57 rho_final=2.16e+02
BG_FUNC: a=2.03e-07 V=1.57e-01 factor_V=2.45e+58 factor_rho=5.62e-56 rho_eV2=3.85e+57 rho_final=2.16e+02
BG_FUNC: a=8.07e-06 V=1.57e-01 factor_V=2.45e+58 factor_rho=5.62e-56 rho_eV2=3.85e+57 rho_final=2.16e+02
RIDDER SWITCHING: z_osc = 5132.72, a_osc = 1.947906e-04
DEBUG: Ridder field ENABLED. Lambda = 9.555191e-01
DEBUG: Ridder field ENABLED. Lambda = 9.555191e-01
BG_FUNC: a=1.51e-14 V=8.10e-02 factor_V=2.45e+58 factor_rho=5.62e-56 rho_eV2=1.98e+57 rho_final=1.11e+02
BG_FUNC: a=5.63e-13 V=8.10e-02 factor_V=2.45e+58 factor_rho=5.62e-56 rho_eV2=1.98e+57 rho_final=1.11e+02
BG_FUNC: a=2.25e-11 V=8.10e-02 factor_V=2.45e+58 factor_rho=5.62e-56 rho_eV2=1.98e+57 rho_final=1.11e+02
BG_FUNC: a=8.87e-10 V=8.10e-02 factor_V=2.45e+58 factor_rho=5.62e-56 rho_eV2=1.98e+57 rho_final=1.11e+02
BG_FUNC: a=3.52e-08 V=8.10e-02 factor_V=2.45e+58 factor_rho=5.62e-56 rho_eV2=1.98e+57 rho_final=1.11e+02
BG_FUNC: a=1.40e-06 V=8.10e-02 factor_V=2.45e+58 factor_rho=5.62e-56 rho_eV2=1.98e+57 rho_final=1.11e+02
BG_FUNC: a=5.52e-05 V=8.06e-02 factor_V=2.45e+58 factor_rho=5.62e-56 rho_eV2=1.97e+57 rho_final=1.11e+02
RIDDER SWITCHING: z_osc = 4250.49, a_osc = 2.352118e-04
DEBUG: Ridder field ENABLED. Lambda = 1.151770e+00
DEBUG: Ridder field ENABLED. Lambda = 1.151770e+00
BG_FUNC: a=8.27e-14 V=1.71e-01 factor_V=2.45e+58 factor_rho=5.62e-56 rho_eV2=4.18e+57 rho_final=2.35e+02
BG_FUNC: a=3.21e-12 V=1.71e-01 factor_V=2.45e+58 factor_rho=5.62e-56 rho_eV2=4.18e+57 rho_final=2.35e+02
BG_FUNC: a=1.28e-10 V=1.71e-01 factor_V=2.45e+58 factor_rho=5.62e-56 rho_eV2=4.18e+57 rho_final=2.35e+02
BG_FUNC: a=5.13e-09 V=1.71e-01 factor_V=2.45e+58 factor_rho=5.62e-56 rho_eV2=4.18e+57 rho_final=2.35e+02
BG_FUNC: a=2.05e-07 V=1.71e-01 factor_V=2.45e+58 factor_rho=5.62e-56 rho_eV2=4.18e+57 rho_final=2.35e+02
BG_FUNC: a=8.19e-06 V=1.71e-01 factor_V=2.45e+58 factor_rho=5.62e-56 rho_eV2=4.18e+57 rho_final=2.35e+02
RIDDER SWITCHING: z_osc = 5286.54, a_osc = 1.891237e-04
DEBUG: Ridder field ENABLED. Lambda = 1.332354e+00
DEBUG: Ridder field ENABLED. Lambda = 1.332354e+00
BG_FUNC: a=1.57e-14 V=3.06e-01 factor_V=2.45e+58 factor_rho=5.62e-56 rho_eV2=7.49e+57 rho_final=4.21e+02
BG_FUNC: a=5.85e-13 V=3.06e-01 factor_V=2.45e+58 factor_rho=5.62e-56 rho_eV2=7.49e+57 rho_final=4.21e+02
BG_FUNC: a=2.32e-11 V=3.06e-01 factor_V=2.45e+58 factor_rho=5.62e-56 rho_eV2=7.49e+57 rho_final=4.21e+02
BG_FUNC: a=9.20e-10 V=3.06e-01 factor_V=2.45e+58 factor_rho=5.62e-56 rho_eV2=7.49e+57 rho_final=4.21e+02
BG_FUNC: a=3.65e-08 V=3.06e-01 factor_V=2.45e+58 factor_rho=5.62e-56 rho_eV2=7.49e+57 rho_final=4.21e+02
BG_FUNC: a=1.45e-06 V=3.06e-01 factor_V=2.45e+58 factor_rho=5.62e-56 rho_eV2=7.49e+57 rho_final=4.21e+02
BG_FUNC: a=5.69e-05 V=2.99e-01 factor_V=2.45e+58 factor_rho=5.62e-56 rho_eV2=7.38e+57 rho_final=4.15e+02
RIDDER SWITCHING: z_osc = 6199.74, a_osc = 1.612712e-04
DEBUG: Ridder field ENABLED. Lambda = 1.072997e+00
DEBUG: Ridder field ENABLED. Lambda = 1.072997e+00
BG_FUNC: a=1.23e-13 V=1.29e-01 factor_V=2.45e+58 factor_rho=5.62e-56 rho_eV2=3.15e+57 rho_final=1.77e+02
BG_FUNC: a=4.82e-12 V=1.29e-01 factor_V=2.45e+58 factor_rho=5.62e-56 rho_eV2=3.15e+57 rho_final=1.77e+02
BG_FUNC: a=1.91e-10 V=1.29e-01 factor_V=2.45e+58 factor_rho=5.62e-56 rho_eV2=3.15e+57 rho_final=1.77e+02
BG_FUNC: a=7.56e-09 V=1.29e-01 factor_V=2.45e+58 factor_rho=5.62e-56 rho_eV2=3.15e+57 rho_final=1.77e+02
BG_FUNC: a=2.99e-07 V=1.29e-01 factor_V=2.45e+58 factor_rho=5.62e-56 rho_eV2=3.15e+57 rho_final=1.77e+02
BG_FUNC: a=1.19e-05 V=1.29e-01 factor_V=2.45e+58 factor_rho=5.62e-56 rho_eV2=3.15e+57 rho_final=1.77e+02
RIDDER SWITCHING: z_osc = 4856.58, a_osc = 2.058639e-04
DEBUG: Ridder field ENABLED. Lambda = 9.299648e-01
DEBUG: Ridder field ENA[mcmc] Progress @ 2025-11-30 20:08:40 : 5206 steps taken, and 806 accepted.
[mcmc] Progress @ 2025-11-30 20:09:41 : 5246 steps taken, and 811 accepted.
BLED. Lambda = 9.299648e-01
BG_FUNC: a=2.07e-14 V=7.27e-02 factor_V=2.45e+58 factor_rho=5.62e-56 rho_eV2=1.78e+57 rho_final=9.99e+01
BG_FUNC: a=7.78e-13 V=7.27e-02 factor_V=2.45e+58 factor_rho=5.62e-56 rho_eV2=1.78e+57 rho_final=9.99e+01
BG_FUNC: a=3.08e-11 V=7.27e-02 factor_V=2.45e+58 factor_rho=5.62e-56 rho_eV2=1.78e+57 rho_final=9.99e+01
BG_FUNC: a=1.22e-09 V=7.27e-02 factor_V=2.45e+58 factor_rho=5.62e-56 rho_eV2=1.78e+57 rho_final=9.99e+01
BG_FUNC: a=4.84e-08 V=7.27e-02 factor_V=2.45e+58 factor_rho=5.62e-56 rho_eV2=1.78e+57 rho_final=9.99e+01
BG_FUNC: a=1.92e-06 V=7.27e-02 factor_V=2.45e+58 factor_rho=5.62e-56 rho_eV2=1.78e+57 rho_final=9.99e+01
BG_FUNC: a=7.57e-05 V=7.15e-02 factor_V=2.45e+58 factor_rho=5.62e-56 rho_eV2=1.76e+57 rho_final=9.89e+01
RIDDER SWITCHING: z_osc = 4134.69, a_osc = 2.417974e-04
DEBUG: Ridder field ENABLED. Lambda = 1.110955e+00
DEBUG: Ridder field ENABLED. Lambda = 1.110955e+00
BG_FUNC: a=1.07e-13 V=1.48e-01 factor_V=2.45e+58 factor_rho=5.62e-56 rho_eV2=3.62e+57 rho_final=2.03e+02
BG_FUNC: a=4.30e-12 V=1.48e-01 factor_V=2.45e+58 factor_rho=5.62e-56 rho_eV2=3.62e+57 rho_final=2.03e+02
BG_FUNC: a=1.73e-10 V=1.48e-01 factor_V=2.45e+58 factor_rho=5.62e-56 rho_eV2=3.62e+57 rho_final=2.03e+02
BG_FUNC: a=7.00e-09 V=1.48e-01 factor_V=2.45e+58 factor_rho=5.62e-56 rho_eV2=3.62e+57 rho_final=2.03e+02
BG_FUNC: a=2.79e-07 V=1.48e-01 factor_V=2.45e+58 factor_rho=5.62e-56 rho_eV2=3.62e+57 rho_final=2.03e+02
BG_FUNC: a=1.12e-05 V=1.48e-01 factor_V=2.45e+58 factor_rho=5.62e-56 rho_eV2=3.62e+57 rho_final=2.03e+02
RIDDER SWITCHING: z_osc = 5046.00, a_osc = 1.981376e-04
DEBUG: Ridder field ENABLED. Lambda = 1.293968e+00
DEBUG: Ridder field ENABLED. Lambda = 1.293968e+00
BG_FUNC: a=2.04e-14 V=2.72e-01 factor_V=2.45e+58 factor_rho=5.62e-56 rho_eV2=6.66e+57 rho_final=3.74e+02
BG_FUNC: a=7.65e-13 V=2.72e-01 factor_V=2.45e+58 factor_rho=5.62e-56 rho_eV2=6.66e+57 rho_final=3.74e+02
BG_FUNC: a=3.03e-11 V=2.72e-01 factor_V=2.45e+58 factor_rho=5.62e-56 rho_eV2=6.66e+57 rho_final=3.74e+02
BG_FUNC: a=1.20e-09 V=2.72e-01 factor_V=2.45e+58 factor_rho=5.62e-56 rho_eV2=6.66e+57 rho_final=3.74e+02
BG_FUNC: a=4.76e-08 V=2.72e-01 factor_V=2.45e+58 factor_rho=5.62e-56 rho_eV2=6.66e+57 rho_final=3.74e+02
BG_FUNC: a=1.89e-06 V=2.72e-01 factor_V=2.45e+58 factor_rho=5.62e-56 rho_eV2=6.66e+57 rho_final=3.74e+02
BG_FUNC: a=7.44e-05 V=2.58e-01 factor_V=2.45e+58 factor_rho=5.62e-56 rho_eV2=6.44e+57 rho_final=3.62e+02
RIDDER SWITCHING: z_osc = 6023.34, a_osc = 1.659933e-04
DEBUG: Ridder field ENABLED. Lambda = 1.151770e+00
DEBUG: Ridder field ENABLED. Lambda = 1.151770e+00
BG_FUNC: a=1.53e-13 V=1.71e-01 factor_V=2.45e+58 factor_rho=5.62e-56 rho_eV2=4.18e+57 rho_final=2.35e+02
BG_FUNC: a=5.99e-12 V=1.71e-01 factor_V=2.45e+58 factor_rho=5.62e-56 rho_eV2=4.18e+57 rho_final=2.35e+02
BG_FUNC: a=2.35e-10 V=1.71e-01 factor_V=2.45e+58 factor_rho=5.62e-56 rho_eV2=4.18e+57 rho_final=2.35e+02
BG_FUNC: a=9.20e-09 V=1.71e-01 factor_V=2.45e+58 factor_rho=5.62e-56 rho_eV2=4.18e+57 rho_final=2.35e+02
BG_FUNC: a=3.64e-07 V=1.71e-01 factor_V=2.45e+58 factor_rho=5.62e-56 rho_eV2=4.18e+57 rho_final=2.35e+02
BG_FUNC: a=1.39e-05 V=1.71e-01 factor_V=2.45e+58 factor_rho=5.62e-56 rho_eV2=4.18e+57 rho_final=2.35e+02
RIDDER SWITCHING: z_osc = 5255.37, a_osc = 1.902455e-04
DEBUG: Ridder field ENABLED. Lambda = 1.120182e+00
DEBUG: Ridder field ENABLED. Lambda = 1.120182e+00
BG_FUNC: a=2.58e-14 V=1.53e-01 factor_V=2.45e+58 factor_rho=5.62e-56 rho_eV2=3.74e+57 rho_final=2.10e+02
BG_FUNC: a=9.80e-13 V=1.53e-01 factor_V=2.45e+58 factor_rho=5.62e-56 rho_eV2=3.74e+57 rho_final=2.10e+02
BG_FUNC: a=3.85e-11 V=1.53e-01 factor_V=2.45e+58 factor_rho=5.62e-56 rho_eV2=3.74e+57 rho_final=2.10e+02
BG_FUNC: a=1.53e-09 V=1.53e-01 factor_V=2.45e+58 factor_rho=5.62e-56 rho_eV2=3.74e+57 rho_final=2.10e+02
BG_FUNC: a=6.04e-08 V=1.53e-01 factor_V=2.45e+58 factor_rho=5.62e-56 rho_eV2=3.74e+57 rho_final=2.10e+02
BG_FUNC: a=2.41e-06 V=1.53e-01 factor_V=2.45e+58 factor_rho=5.62e-56 rho_eV2=3.74e+57 rho_final=2.10e+02
BG_FUNC: a=9.44e-05 V=1.42e-01 factor_V=2.45e+58 factor_rho=5.62e-56 rho_eV2[mcmc] Progress @ 2025-11-30 20:10:56 : 5276 steps taken, and 818 accepted.
=3.57e+57 rho_final=2.01e+02
RIDDER SWITCHING: z_osc = 5081.06, a_osc = 1.967707e-04
DEBUG: Ridder field ENABLED. Lambda = 1.210874e+00
DEBUG: Ridder field ENABLED. Lambda = 1.210874e+00
BG_FUNC: a=1.65e-13 V=2.09e-01 factor_V=2.45e+58 factor_rho=5.62e-56 rho_eV2=5.11e+57 rho_final=2.87e+02
BG_FUNC: a=6.55e-12 V=2.09e-01 factor_V=2.45e+58 factor_rho=5.62e-56 rho_eV2=5.11e+57 rho_final=2.87e+02
BG_FUNC: a=2.60e-10 V=2.09e-01 factor_V=2.45e+58 factor_rho=5.62e-56 rho_eV2=5.11e+57 rho_final=2.87e+02
BG_FUNC: a=1.03e-08 V=2.09e-01 factor_V=2.45e+58 factor_rho=5.62e-56 rho_eV2=5.11e+57 rho_final=2.87e+02
BG_FUNC: a=4.08e-07 V=2.09e-01 factor_V=2.45e+58 factor_rho=5.62e-56 rho_eV2=5.11e+57 rho_final=2.87e+02
BG_FUNC: a=1.63e-05 V=2.09e-01 factor_V=2.45e+58 factor_rho=5.62e-56 rho_eV2=5.11e+57 rho_final=2.87e+02
RIDDER SWITCHING: z_osc = 5564.71, a_osc = 1.796717e-04
DEBUG: Ridder field ENABLED. Lambda = 1.140732e+00
DEBUG: Ridder field ENABLED. Lambda = 1.140732e+00
BG_FUNC: a=3.20e-14 V=1.64e-01 factor_V=2.45e+58 factor_rho=5.62e-56 rho_eV2=4.02e+57 rho_final=2.26e+02
BG_FUNC: a=1.21e-12 V=1.64e-01 factor_V=2.45e+58 factor_rho=5.62e-56 rho_eV2=4.02e+57 rho_final=2.26e+02
BG_FUNC: a=4.85e-11 V=1.64e-01 factor_V=2.45e+58 factor_rho=5.62e-56 rho_eV2=4.02e+57 rho_final=2.26e+02
BG_FUNC: a=1.91e-09 V=1.64e-01 factor_V=2.45e+58 factor_rho=5.62e-56 rho_eV2=4.02e+57 rho_final=2.26e+02
BG_FUNC: a=7.59e-08 V=1.64e-01 factor_V=2.45e+58 factor_rho=5.62e-56 rho_eV2=4.02e+57 rho_final=2.26e+02
BG_FUNC: a=3.02e-06 V=1.64e-01 factor_V=2.45e+58 factor_rho=5.62e-56 rho_eV2=4.02e+57 rho_final=2.26e+02
BG_FUNC: a=1.19e-04 V=1.35e-01 factor_V=2.45e+58 factor_rho=5.62e-56 rho_eV2=3.57e+57 rho_final=2.01e+02
RIDDER SWITCHING: z_osc = 5227.43, a_osc = 1.912622e-04
DEBUG: Ridder field ENABLED. Lambda = 1.205519e+00
DEBUG: Ridder field ENABLED. Lambda = 1.205519e+00
BG_FUNC: a=2.12e-13 V=2.05e-01 factor_V=2.45e+58 factor_rho=5.62e-56 rho_eV2=5.02e+57 rho_final=2.82e+02
BG_FUNC: a=8.40e-12 V=2.05e-01 factor_V=2.45e+58 factor_rho=5.62e-56 rho_eV2=5.02e+57 rho_final=2.82e+02
BG_FUNC: a=3.32e-10 V=2.05e-01 factor_V=2.45e+58 factor_rho=5.62e-56 rho_eV2=5.02e+57 rho_final=2.82e+02
BG_FUNC: a=1.32e-08 V=2.05e-01 factor_V=2.45e+58 factor_rho=5.62e-56 rho_eV2=5.02e+57 rho_final=2.82e+02
BG_FUNC: a=5.22e-07 V=2.05e-01 factor_V=2.45e+58 factor_rho=5.62e-56 rho_eV2=5.02e+57 rho_final=2.82e+02
BG_FUNC: a=2.06e-05 V=2.05e-01 factor_V=2.45e+58 factor_rho=5.62e-56 rho_eV2=5.02e+57 rho_final=2.82e+02
RIDDER SWITCHING: z_osc = 5536.58, a_osc = 1.805844e-04
DEBUG: Ridder field ENABLED. Lambda = 9.103755e-01
DEBUG: Ridder field ENABLED. Lambda = 9.103755e-01
BG_FUNC: a=4.04e-14 V=6.67e-02 factor_V=2.45e+58 factor_rho=5.62e-56 rho_eV2=1.63e+57 rho_final=9.17e+01
BG_FUNC: a=1.53e-12 V=6.67e-02 factor_V=2.45e+58 factor_rho=5.62e-56 rho_eV2=1.63e+57 rho_final=9.17e+01
BG_FUNC: a=6.08e-11 V=6.67e-02 factor_V=2.45e+58 factor_rho=5.62e-56 rho_eV2=1.63e+57 rho_final=9.17e+01
BG_FUNC: a=2.41e-09 V=6.67e-02 factor_V=2.45e+58 factor_rho=5.62e-56 rho_eV2=1.63e+57 rho_final=9.17e+01
BG_FUNC: a=9.57e-08 V=6.67e-02 factor_V=2.45e+58 factor_rho=5.62e-56 rho_eV2=1.63e+57 rho_final=9.17e+01
BG_FUNC: a=3.79e-06 V=6.67e-02 factor_V=2.45e+58 factor_rho=5.62e-56 rho_eV2=1.63e+57 rho_final=9.17e+01
BG_FUNC: a=1.49e-04 V=5.54e-02 factor_V=2.45e+58 factor_rho=5.62e-56 rho_eV2=1.46e+57 rho_final=8.19e+01
RIDDER SWITCHING: z_osc = 4012.85, a_osc = 2.491373e-04
DEBUG: Ridder field ENABLED. Lambda = 1.186356e+00
DEBUG: Ridder field ENABLED. Lambda = 1.186356e+00
BG_FUNC: a=2.07e-13 V=1.92e-01 factor_V=2.45e+58 factor_rho=5.62e-56 rho_eV2=4.71e+57 rho_final=2.65e+02
BG_FUNC: a=8.13e-12 V=1.92e-01 factor_V=2.45e+58 factor_rho=5.62e-56 rho_eV2=4.71e+57 rho_final=2.65e+02
BG_FUNC: a=3.23e-10 V=1.92e-01 factor_V=2.45e+58 factor_rho=5.62e-56 rho_eV2=4.71e+57 rho_final=2.65e+02
BG_FUNC: a=1.28e-08 V=1.92e-01 factor_V=2.45e+58 factor_rho=5.62e-56 rho_eV2=4.71e+57 rho_final=2.65e+02
BG_FUNC: a=5.09e-07 V=1.92e-01 factor_V=2.45e+58 factor_rho=5.62e-56 rho_eV2=4.71e+57 rho_final=2.65e+02
BG_FUNC: a=2.02e-05 V=[mcmc] Progress @ 2025-11-30 20:12:09 : 5296 steps taken, and 821 accepted.
[mcmc] Progress @ 2025-11-30 20:13:09 : 5338 steps taken, and 831 accepted.
[mcmc] Progress @ 2025-11-30 20:14:09 : 5370 steps taken, and 839 accepted.
1.92e-01 factor_V=2.45e+58 factor_rho=5.62e-56 rho_eV2=4.70e+57 rho_final=2.64e+02
RIDDER SWITCHING: z_osc = 5452.88, a_osc = 1.833558e-04
DEBUG: Ridder field ENABLED. Lambda = 1.645984e+00
DEBUG: Ridder field ENABLED. Lambda = 1.645984e+00
BG_FUNC: a=3.89e-14 V=7.13e-01 factor_V=2.45e+58 factor_rho=5.62e-56 rho_eV2=1.74e+58 rho_final=9.80e+02
BG_FUNC: a=1.48e-12 V=7.13e-01 factor_V=2.45e+58 factor_rho=5.62e-56 rho_eV2=1.74e+58 rho_final=9.80e+02
BG_FUNC: a=5.88e-11 V=7.13e-01 factor_V=2.45e+58 factor_rho=5.62e-56 rho_eV2=1.74e+58 rho_final=9.80e+02
BG_FUNC: a=2.33e-09 V=7.13e-01 factor_V=2.45e+58 factor_rho=5.62e-56 rho_eV2=1.74e+58 rho_final=9.80e+02
BG_FUNC: a=9.31e-08 V=7.13e-01 factor_V=2.45e+58 factor_rho=5.62e-56 rho_eV2=1.74e+58 rho_final=9.80e+02
BG_FUNC: a=3.66e-06 V=7.13e-01 factor_V=2.45e+58 factor_rho=5.62e-56 rho_eV2=1.74e+58 rho_final=9.80e+02
RIDDER SWITCHING: z_osc = 7863.84, a_osc = 1.271482e-04
DEBUG: Ridder field ENABLED. Lambda = 1.151770e+00
DEBUG: Ridder field ENABLED. Lambda = 1.151770e+00
BG_FUNC: a=1.05e-14 V=1.71e-01 factor_V=2.45e+58 factor_rho=5.62e-56 rho_eV2=4.18e+57 rho_final=2.35e+02
BG_FUNC: a=3.86e-13 V=1.71e-01 factor_V=2.45e+58 factor_rho=5.62e-56 rho_eV2=4.18e+57 rho_final=2.35e+02
BG_FUNC: a=1.51e-11 V=1.71e-01 factor_V=2.45e+58 factor_rho=5.62e-56 rho_eV2=4.18e+57 rho_final=2.35e+02
BG_FUNC: a=5.94e-10 V=1.71e-01 factor_V=2.45e+58 factor_rho=5.62e-56 rho_eV2=4.18e+57 rho_final=2.35e+02
BG_FUNC: a=2.33e-08 V=1.71e-01 factor_V=2.45e+58 factor_rho=5.62e-56 rho_eV2=4.18e+57 rho_final=2.35e+02
BG_FUNC: a=9.13e-07 V=1.71e-01 factor_V=2.45e+58 factor_rho=5.62e-56 rho_eV2=4.18e+57 rho_final=2.35e+02
BG_FUNC: a=3.48e-05 V=1.71e-01 factor_V=2.45e+58 factor_rho=5.62e-56 rho_eV2=4.18e+57 rho_final=2.35e+02
RIDDER SWITCHING: z_osc = 5255.37, a_osc = 1.902455e-04
DEBUG: Ridder field ENABLED. Lambda = 1.138604e+00
DEBUG: Ridder field ENABLED. Lambda = 1.138604e+00
BG_FUNC: a=6.46e-14 V=1.63e-01 factor_V=2.45e+58 factor_rho=5.62e-56 rho_eV2=3.99e+57 rho_final=2.24e+02
BG_FUNC: a=2.50e-12 V=1.63e-01 factor_V=2.45e+58 factor_rho=5.62e-56 rho_eV2=3.99e+57 rho_final=2.24e+02
BG_FUNC: a=1.00e-10 V=1.63e-01 factor_V=2.45e+58 factor_rho=5.62e-56 rho_eV2=3.99e+57 rho_final=2.24e+02
BG_FUNC: a=4.00e-09 V=1.63e-01 factor_V=2.45e+58 factor_rho=5.62e-56 rho_eV2=3.99e+57 rho_final=2.24e+02
BG_FUNC: a=1.60e-07 V=1.63e-01 factor_V=2.45e+58 factor_rho=5.62e-56 rho_eV2=3.99e+57 rho_final=2.24e+02
BG_FUNC: a=6.42e-06 V=1.63e-01 factor_V=2.45e+58 factor_rho=5.62e-56 rho_eV2=3.99e+57 rho_final=2.24e+02
RIDDER SWITCHING: z_osc = 5193.91, a_osc = 1.924961e-04
DEBUG: Ridder field ENABLED. Lambda = 1.100240e+00
DEBUG: Ridder field ENABLED. Lambda = 1.100240e+00
BG_FUNC: a=1.22e-14 V=1.42e-01 factor_V=2.45e+58 factor_rho=5.62e-56 rho_eV2=3.48e+57 rho_final=1.96e+02
BG_FUNC: a=4.55e-13 V=1.42e-01 factor_V=2.45e+58 factor_rho=5.62e-56 rho_eV2=3.48e+57 rho_final=1.96e+02
BG_FUNC: a=1.81e-11 V=1.42e-01 factor_V=2.45e+58 factor_rho=5.62e-56 rho_eV2=3.48e+57 rho_final=1.96e+02
BG_FUNC: a=7.24e-10 V=1.42e-01 factor_V=2.45e+58 factor_rho=5.62e-56 rho_eV2=3.48e+57 rho_final=1.96e+02
BG_FUNC: a=2.85e-08 V=1.42e-01 factor_V=2.45e+58 factor_rho=5.62e-56 rho_eV2=3.48e+57 rho_final=1.96e+02
BG_FUNC: a=1.13e-06 V=1.42e-01 factor_V=2.45e+58 factor_rho=5.62e-56 rho_eV2=3.48e+57 rho_final=1.96e+02
BG_FUNC: a=4.51e-05 V=1.42e-01 factor_V=2.45e+58 factor_rho=5.62e-56 rho_eV2=3.47e+57 rho_final=1.95e+02
RIDDER SWITCHING: z_osc = 4990.35, a_osc = 2.003468e-04
DEBUG: Ridder field ENABLED. Lambda = 1.079321e+00
DEBUG: Ridder field ENABLED. Lambda = 1.079321e+00
BG_FUNC: a=7.86e-14 V=1.32e-01 factor_V=2.45e+58 factor_rho=5.62e-56 rho_eV2=3.22e+57 rho_final=1.81e+02
BG_FUNC: a=3.03e-12 V=1.32e-01 factor_V=2.45e+58 factor_rho=5.62e-56 rho_eV2=3.22e+57 rho_final=1.81e+02
BG_FUNC: a=1.20e-10 V=1.32e-01 factor_V=2.45e+58 factor_rho=5.62e-56 rho_eV2=3.22e+57 rho_final=1.81e+02
BG_FUNC: a=4.77e-09 V=1.32e-01 factor_V=2.45e+58 factor_rho=5.62e-56 rho_eV2=3.22e+57 rho_final=1.81e+02
BG_FUNC: a=1.89e-07 V=1.32e-01 factor_V=2.45e+58 factor_rho=5.62e-56 rho_[mcmc] Progress @ 2025-11-30 20:15:10 : 5398 steps taken, and 845 accepted.
[mcmc] Progress @ 2025-11-30 20:16:14 : 5433 steps taken, and 848 accepted.
eV2=3.22e+57 rho_final=1.81e+02
BG_FUNC: a=7.52e-06 V=1.32e-01 factor_V=2.45e+58 factor_rho=5.62e-56 rho_eV2=3.22e+57 rho_final=1.81e+02
RIDDER SWITCHING: z_osc = 4883.91, a_osc = 2.047121e-04
DEBUG: Ridder field ENABLED. Lambda = 1.456669e+00
DEBUG: Ridder field ENABLED. Lambda = 1.456669e+00
BG_FUNC: a=1.32e-14 V=4.37e-01 factor_V=2.45e+58 factor_rho=5.62e-56 rho_eV2=1.07e+58 rho_final=6.01e+02
BG_FUNC: a=4.96e-13 V=4.37e-01 factor_V=2.45e+58 factor_rho=5.62e-56 rho_eV2=1.07e+58 rho_final=6.01e+02
BG_FUNC: a=1.99e-11 V=4.37e-01 factor_V=2.45e+58 factor_rho=5.62e-56 rho_eV2=1.07e+58 rho_final=6.01e+02
BG_FUNC: a=7.94e-10 V=4.37e-01 factor_V=2.45e+58 factor_rho=5.62e-56 rho_eV2=1.07e+58 rho_final=6.01e+02
BG_FUNC: a=3.18e-08 V=4.37e-01 factor_V=2.45e+58 factor_rho=5.62e-56 rho_eV2=1.07e+58 rho_final=6.01e+02
BG_FUNC: a=1.27e-06 V=4.37e-01 factor_V=2.45e+58 factor_rho=5.62e-56 rho_eV2=1.07e+58 rho_final=6.01e+02
BG_FUNC: a=5.13e-05 V=4.28e-01 factor_V=2.45e+58 factor_rho=5.62e-56 rho_eV2=1.06e+58 rho_final=5.94e+02
RIDDER SWITCHING: z_osc = 6833.75, a_osc = 1.463112e-04
DEBUG: Ridder field ENABLED. Lambda = 1.328478e+00
DEBUG: Ridder field ENABLED. Lambda = 1.328478e+00
BG_FUNC: a=1.19e-13 V=3.03e-01 factor_V=2.45e+58 factor_rho=5.62e-56 rho_eV2=7.40e+57 rho_final=4.16e+02
BG_FUNC: a=4.74e-12 V=3.03e-01 factor_V=2.45e+58 factor_rho=5.62e-56 rho_eV2=7.40e+57 rho_final=4.16e+02
BG_FUNC: a=1.89e-10 V=3.03e-01 factor_V=2.45e+58 factor_rho=5.62e-56 rho_eV2=7.40e+57 rho_final=4.16e+02
BG_FUNC: a=7.55e-09 V=3.03e-01 factor_V=2.45e+58 factor_rho=5.62e-56 rho_eV2=7.40e+57 rho_final=4.16e+02
BG_FUNC: a=3.02e-07 V=3.03e-01 factor_V=2.45e+58 factor_rho=5.62e-56 rho_eV2=7.40e+57 rho_final=4.16e+02
BG_FUNC: a=1.20e-05 V=3.03e-01 factor_V=2.45e+58 factor_rho=5.62e-56 rho_eV2=7.40e+57 rho_final=4.16e+02
RIDDER SWITCHING: z_osc = 6166.08, a_osc = 1.621512e-04
DEBUG: Ridder field ENABLED. Lambda = 1.138604e+00
DEBUG: Ridder field ENABLED. Lambda = 1.138604e+00
BG_FUNC: a=2.67e-14 V=1.63e-01 factor_V=2.45e+58 factor_rho=5.62e-56 rho_eV2=3.99e+57 rho_final=2.24e+02
BG_FUNC: a=1.01e-12 V=1.63e-01 factor_V=2.45e+58 factor_rho=5.62e-56 rho_eV2=3.99e+57 rho_final=2.24e+02
BG_FUNC: a=4.05e-11 V=1.63e-01 factor_V=2.45e+58 factor_rho=5.62e-56 rho_eV2=3.99e+57 rho_final=2.24e+02
BG_FUNC: a=1.63e-09 V=1.63e-01 factor_V=2.45e+58 factor_rho=5.62e-56 rho_eV2=3.99e+57 rho_final=2.24e+02
BG_FUNC: a=6.54e-08 V=1.63e-01 factor_V=2.45e+58 factor_rho=5.62e-56 rho_eV2=3.99e+57 rho_final=2.24e+02
BG_FUNC: a=2.62e-06 V=1.63e-01 factor_V=2.45e+58 factor_rho=5.62e-56 rho_eV2=3.99e+57 rho_final=2.24e+02
BG_FUNC: a=1.05e-04 V=1.45e-01 factor_V=2.45e+58 factor_rho=5.62e-56 rho_eV2=3.71e+57 rho_final=2.08e+02
RIDDER SWITCHING: z_osc = 5196.83, a_osc = 1.923881e-04
DEBUG: Ridder field ENABLED. Lambda = 1.025739e+00
DEBUG: Ridder field ENABLED. Lambda = 1.025739e+00
BG_FUNC: a=1.86e-13 V=1.08e-01 factor_V=2.45e+58 factor_rho=5.62e-56 rho_eV2=2.63e+57 rho_final=1.48e+02
BG_FUNC: a=7.39e-12 V=1.08e-01 factor_V=2.45e+58 factor_rho=5.62e-56 rho_eV2=2.63e+57 rho_final=1.48e+02
BG_FUNC: a=2.93e-10 V=1.08e-01 factor_V=2.45e+58 factor_rho=5.62e-56 rho_eV2=2.63e+57 rho_final=1.48e+02
BG_FUNC: a=1.16e-08 V=1.08e-01 factor_V=2.45e+58 factor_rho=5.62e-56 rho_eV2=2.63e+57 rho_final=1.48e+02
BG_FUNC: a=4.61e-07 V=1.08e-01 factor_V=2.45e+58 factor_rho=5.62e-56 rho_eV2=2.63e+57 rho_final=1.48e+02
BG_FUNC: a=1.83e-05 V=1.08e-01 factor_V=2.45e+58 factor_rho=5.62e-56 rho_eV2=2.63e+57 rho_final=1.48e+02
RIDDER SWITCHING: z_osc = 4602.97, a_osc = 2.172041e-04
DEBUG: Ridder field ENABLED. Lambda = 1.357450e+00
DEBUG: Ridder field ENABLED. Lambda = 1.357450e+00
BG_FUNC: a=2.99e-14 V=3.30e-01 factor_V=2.45e+58 factor_rho=5.62e-56 rho_eV2=8.07e+57 rho_final=4.53e+02
BG_FUNC: a=1.14e-12 V=3.30e-01 factor_V=2.45e+58 factor_rho=5.62e-56 rho_eV2=8.07e+57 rho_final=4.53e+02
BG_FUNC: a=4.56e-11 V=3.30e-01 factor_V=2.45e+58 factor_rho=5.62e-56 rho_eV2=8.07e+57 rho_final=4.53e+02
BG_FUNC: a=1.82e-09 V=3.30e-01 factor_V=2.45e+58 factor_rho=5.62e-56 rho_eV2=8.07e+57 rho_final=4.53e+02
BG_FUNC: a=7.30e-08[mcmc] Progress @ 2025-11-30 20:17:24 : 5443 steps taken, and 849 accepted.
[mcmc] Progress @ 2025-11-30 20:18:25 : 5498 steps taken, and 861 accepted.
 V=3.30e-01 factor_V=2.45e+58 factor_rho=5.62e-56 rho_eV2=8.07e+57 rho_final=4.53e+02
BG_FUNC: a=2.92e-06 V=3.30e-01 factor_V=2.45e+58 factor_rho=5.62e-56 rho_eV2=8.07e+57 rho_final=4.53e+02
BG_FUNC: a=1.16e-04 V=2.33e-01 factor_V=2.45e+58 factor_rho=5.62e-56 rho_eV2=6.52e+57 rho_final=3.67e+02
RIDDER SWITCHING: z_osc = 6363.45, a_osc = 1.571227e-04
DEBUG: Ridder field ENABLED. Lambda = 1.226547e+00
DEBUG: Ridder field ENABLED. Lambda = 1.226547e+00
BG_FUNC: a=2.53e-13 V=2.20e-01 factor_V=2.45e+58 factor_rho=5.62e-56 rho_eV2=5.38e+57 rho_final=3.02e+02
BG_FUNC: a=1.01e-11 V=2.20e-01 factor_V=2.45e+58 factor_rho=5.62e-56 rho_eV2=5.38e+57 rho_final=3.02e+02
BG_FUNC: a=4.00e-10 V=2.20e-01 factor_V=2.45e+58 factor_rho=5.62e-56 rho_eV2=5.38e+57 rho_final=3.02e+02
BG_FUNC: a=1.61e-08 V=2.20e-01 factor_V=2.45e+58 factor_rho=5.62e-56 rho_eV2=5.38e+57 rho_final=3.02e+02
BG_FUNC: a=6.32e-07 V=2.20e-01 factor_V=2.45e+58 factor_rho=5.62e-56 rho_eV2=5.38e+57 rho_final=3.02e+02
BG_FUNC: a=2.51e-05 V=2.20e-01 factor_V=2.45e+58 factor_rho=5.62e-56 rho_eV2=5.37e+57 rho_final=3.02e+02
RIDDER SWITCHING: z_osc = 5663.37, a_osc = 1.765422e-04
DEBUG: Ridder field ENABLED. Lambda = 1.473089e+00
DEBUG: Ridder field ENABLED. Lambda = 1.473089e+00
BG_FUNC: a=5.02e-14 V=4.57e-01 factor_V=2.45e+58 factor_rho=5.62e-56 rho_eV2=1.12e+58 rho_final=6.29e+02
BG_FUNC: a=1.92e-12 V=4.57e-01 factor_V=2.45e+58 factor_rho=5.62e-56 rho_eV2=1.12e+58 rho_final=6.29e+02
BG_FUNC: a=7.61e-11 V=4.57e-01 factor_V=2.45e+58 factor_rho=5.62e-56 rho_eV2=1.12e+58 rho_final=6.29e+02
BG_FUNC: a=3.03e-09 V=4.57e-01 factor_V=2.45e+58 factor_rho=5.62e-56 rho_eV2=1.12e+58 rho_final=6.29e+02
BG_FUNC: a=1.21e-07 V=4.57e-01 factor_V=2.45e+58 factor_rho=5.62e-56 rho_eV2=1.12e+58 rho_final=6.29e+02
BG_FUNC: a=4.77e-06 V=4.57e-01 factor_V=2.45e+58 factor_rho=5.62e-56 rho_eV2=1.12e+58 rho_final=6.29e+02
RIDDER SWITCHING: z_osc = 6905.84, a_osc = 1.447839e-04
DEBUG: Ridder field ENABLED. Lambda = 1.149226e+00
DEBUG: Ridder field ENABLED. Lambda = 1.149226e+00
BG_FUNC: a=1.20e-14 V=1.69e-01 factor_V=2.45e+58 factor_rho=5.62e-56 rho_eV2=4.14e+57 rho_final=2.33e+02
BG_FUNC: a=4.44e-13 V=1.69e-01 factor_V=2.45e+58 factor_rho=5.62e-56 rho_eV2=4.14e+57 rho_final=2.33e+02
BG_FUNC: a=1.76e-11 V=1.69e-01 factor_V=2.45e+58 factor_rho=5.62e-56 rho_eV2=4.14e+57 rho_final=2.33e+02
BG_FUNC: a=6.96e-10 V=1.69e-01 factor_V=2.45e+58 factor_rho=5.62e-56 rho_eV2=4.14e+57 rho_final=2.33e+02
BG_FUNC: a=2.76e-08 V=1.69e-01 factor_V=2.45e+58 factor_rho=5.62e-56 rho_eV2=4.14e+57 rho_final=2.33e+02
BG_FUNC: a=1.09e-06 V=1.69e-01 factor_V=2.45e+58 factor_rho=5.62e-56 rho_eV2=4.14e+57 rho_final=2.33e+02
BG_FUNC: a=4.30e-05 V=1.69e-01 factor_V=2.45e+58 factor_rho=5.62e-56 rho_eV2=4.13e+57 rho_final=2.32e+02
RIDDER SWITCHING: z_osc = 5233.25, a_osc = 1.910492e-04
DEBUG: Ridder field ENABLED. Lambda = 1.526388e+00
DEBUG: Ridder field ENABLED. Lambda = 1.526388e+00
BG_FUNC: a=7.96e-14 V=5.27e-01 factor_V=2.45e+58 factor_rho=5.62e-56 rho_eV2=1.29e+58 rho_final=7.25e+02
BG_FUNC: a=3.07e-12 V=5.27e-01 factor_V=2.45e+58 factor_rho=5.62e-56 rho_eV2=1.29e+58 rho_final=7.25e+02
BG_FUNC: a=1.22e-10 V=5.27e-01 factor_V=2.45e+58 factor_rho=5.62e-56 rho_eV2=1.29e+58 rho_final=7.25e+02
BG_FUNC: a=4.82e-09 V=5.27e-01 factor_V=2.45e+58 factor_rho=5.62e-56 rho_eV2=1.29e+58 rho_final=7.25e+02
BG_FUNC: a=1.91e-07 V=5.27e-01 factor_V=2.45e+58 factor_rho=5.62e-56 rho_eV2=1.29e+58 rho_final=7.25e+02
BG_FUNC: a=7.57e-06 V=5.27e-01 factor_V=2.45e+58 factor_rho=5.62e-56 rho_eV2=1.29e+58 rho_final=7.25e+02
RIDDER SWITCHING: z_osc = 7217.64, a_osc = 1.385302e-04
DEBUG: Ridder field ENABLED. Lambda = 1.087207e+00
DEBUG: Ridder field ENABLED. Lambda = 1.087207e+00
BG_FUNC: a=1.96e-14 V=1.36e-01 factor_V=2.45e+58 factor_rho=5.62e-56 rho_eV2=3.32e+57 rho_final=1.87e+02
BG_FUNC: a=7.35e-13 V=1.36e-01 factor_V=2.45e+58 factor_rho=5.62e-56 rho_eV2=3.32e+57 rho_final=1.87e+02
BG_FUNC: a=2.92e-11 V=1.36e-01 factor_V=2.45e+58 factor_rho=5.62e-56 rho_eV2=3.32e+57 rho_final=1.87e+02
BG_FUNC: a=1.16e-09 V=1.36e-01 factor_V=2.45e+58 factor_rho=5.62e-56 r[mcmc] Progress @ 2025-11-30 20:19:29 : 5518 steps taken, and 864 accepted.
[mcmc] Progress @ 2025-11-30 20:20:57 : 5532 steps taken, and 868 accepted.
[mcmc] Progress @ 2025-11-30 20:22:26 : 5555 steps taken, and 872 accepted.
ho_eV2=3.32e+57 rho_final=1.87e+02
BG_FUNC: a=4.63e-08 V=1.36e-01 factor_V=2.45e+58 factor_rho=5.62e-56 rho_eV2=3.32e+57 rho_final=1.87e+02
BG_FUNC: a=1.82e-06 V=1.36e-01 factor_V=2.45e+58 factor_rho=5.62e-56 rho_eV2=3.32e+57 rho_final=1.87e+02
BG_FUNC: a=7.16e-05 V=1.33e-01 factor_V=2.45e+58 factor_rho=5.62e-56 rho_eV2=3.27e+57 rho_final=1.84e+02
RIDDER SWITCHING: z_osc = 4942.42, a_osc = 2.022893e-04
DEBUG: Ridder field ENABLED. Lambda = 1.138604e+00
DEBUG: Ridder field ENABLED. Lambda = 1.138604e+00
BG_FUNC: a=1.21e-13 V=1.63e-01 factor_V=2.45e+58 factor_rho=5.62e-56 rho_eV2=3.99e+57 rho_final=2.24e+02
BG_FUNC: a=4.82e-12 V=1.63e-01 factor_V=2.45e+58 factor_rho=5.62e-56 rho_eV2=3.99e+57 rho_final=2.24e+02
BG_FUNC: a=1.91e-10 V=1.63e-01 factor_V=2.45e+58 factor_rho=5.62e-56 rho_eV2=3.99e+57 rho_final=2.24e+02
BG_FUNC: a=7.60e-09 V=1.63e-01 factor_V=2.45e+58 factor_rho=5.62e-56 rho_eV2=3.99e+57 rho_final=2.24e+02
BG_FUNC: a=3.02e-07 V=1.63e-01 factor_V=2.45e+58 factor_rho=5.62e-56 rho_eV2=3.99e+57 rho_final=2.24e+02
BG_FUNC: a=1.20e-05 V=1.63e-01 factor_V=2.45e+58 factor_rho=5.62e-56 rho_eV2=3.99e+57 rho_final=2.24e+02
RIDDER SWITCHING: z_osc = 5217.15, a_osc = 1.916389e-04
DEBUG: Ridder field ENABLED. Lambda = 5.621356e-01
DEBUG: Ridder field ENABLED. Lambda = 5.621356e-01
BG_FUNC: a=2.24e-14 V=9.70e-03 factor_V=2.45e+58 factor_rho=5.62e-56 rho_eV2=2.37e+56 rho_final=1.33e+01
BG_FUNC: a=8.37e-13 V=9.70e-03 factor_V=2.45e+58 factor_rho=5.62e-56 rho_eV2=2.37e+56 rho_final=1.33e+01
BG_FUNC: a=3.28e-11 V=9.70e-03 factor_V=2.45e+58 factor_rho=5.62e-56 rho_eV2=2.37e+56 rho_final=1.33e+01
BG_FUNC: a=1.30e-09 V=9.70e-03 factor_V=2.45e+58 factor_rho=5.62e-56 rho_eV2=2.37e+56 rho_final=1.33e+01
BG_FUNC: a=5.04e-08 V=9.70e-03 factor_V=2.45e+58 factor_rho=5.62e-56 rho_eV2=2.37e+56 rho_final=1.33e+01
BG_FUNC: a=1.98e-06 V=9.70e-03 factor_V=2.45e+58 factor_rho=5.62e-56 rho_eV2=2.37e+56 rho_final=1.33e+01
BG_FUNC: a=7.48e-05 V=9.68e-03 factor_V=2.45e+58 factor_rho=5.62e-56 rho_eV2=2.37e+56 rho_final=1.33e+01
RIDDER SWITCHING: z_osc = 2238.28, a_osc = 4.465725e-04
DEBUG: Ridder field ENABLED. Lambda = 1.138085e+00
DEBUG: Ridder field ENABLED. Lambda = 1.138085e+00
BG_FUNC: a=5.93e-14 V=1.63e-01 factor_V=2.45e+58 factor_rho=5.62e-56 rho_eV2=3.98e+57 rho_final=2.24e+02
BG_FUNC: a=2.27e-12 V=1.63e-01 factor_V=2.45e+58 factor_rho=5.62e-56 rho_eV2=3.98e+57 rho_final=2.24e+02
BG_FUNC: a=9.01e-11 V=1.63e-01 factor_V=2.45e+58 factor_rho=5.62e-56 rho_eV2=3.98e+57 rho_final=2.24e+02
BG_FUNC: a=3.57e-09 V=1.63e-01 factor_V=2.45e+58 factor_rho=5.62e-56 rho_eV2=3.98e+57 rho_final=2.24e+02
BG_FUNC: a=1.42e-07 V=1.63e-01 factor_V=2.45e+58 factor_rho=5.62e-56 rho_eV2=3.98e+57 rho_final=2.24e+02
BG_FUNC: a=5.61e-06 V=1.63e-01 factor_V=2.45e+58 factor_rho=5.62e-56 rho_eV2=3.98e+57 rho_final=2.24e+02
RIDDER SWITCHING: z_osc = 5188.90, a_osc = 1.926819e-04
DEBUG: Ridder field ENABLED. Lambda = 1.278575e+00
DEBUG: Ridder field ENABLED. Lambda = 1.278575e+00
BG_FUNC: a=1.06e-14 V=2.60e-01 factor_V=2.45e+58 factor_rho=5.62e-56 rho_eV2=6.35e+57 rho_final=3.57e+02
BG_FUNC: a=3.92e-13 V=2.60e-01 factor_V=2.45e+58 factor_rho=5.62e-56 rho_eV2=6.35e+57 rho_final=3.57e+02
BG_FUNC: a=1.55e-11 V=2.60e-01 factor_V=2.45e+58 factor_rho=5.62e-56 rho_eV2=6.35e+57 rho_final=3.57e+02
BG_FUNC: a=6.16e-10 V=2.60e-01 factor_V=2.45e+58 factor_rho=5.62e-56 rho_eV2=6.35e+57 rho_final=3.57e+02
BG_FUNC: a=2.44e-08 V=2.60e-01 factor_V=2.45e+58 factor_rho=5.62e-56 rho_eV2=6.35e+57 rho_final=3.57e+02
BG_FUNC: a=9.69e-07 V=2.60e-01 factor_V=2.45e+58 factor_rho=5.62e-56 rho_eV2=6.35e+57 rho_final=3.57e+02
BG_FUNC: a=3.82e-05 V=2.59e-01 factor_V=2.45e+58 factor_rho=5.62e-56 rho_eV2=6.33e+57 rho_final=3.56e+02
RIDDER SWITCHING: z_osc = 5978.56, a_osc = 1.672363e-04
DEBUG: Ridder field ENABLED. Lambda = 9.129957e-01
DEBUG: Ridder field ENABLED. Lambda = 9.129957e-01
BG_FUNC: a=8.04e-14 V=6.75e-02 factor_V=2.45e+58 factor_rho=5.62e-56 rho_eV2=1.65e+57 rho_final=9.28e+01
BG_FUNC: a=3.09e-12 V=6.75e-02 factor_V=2.45e+58 factor_rho=5.62e-56 rho_eV2=1.65e+57 rho_final=9.28e+01
BG_FUNC: a=1.23e[mcmc] Progress @ 2025-11-30 20:23:35 : 5584 steps taken, and 876 accepted.
[mcmc] Progress @ 2025-11-30 20:25:11 : 5617 steps taken, and 882 accepted.
[mcmc] Progress @ 2025-11-30 20:26:47 : 5635 steps taken, and 883 accepted.
-10 V=6.75e-02 factor_V=2.45e+58 factor_rho=5.62e-56 rho_eV2=1.65e+57 rho_final=9.28e+01
BG_FUNC: a=4.88e-09 V=6.75e-02 factor_V=2.45e+58 factor_rho=5.62e-56 rho_eV2=1.65e+57 rho_final=9.28e+01
BG_FUNC: a=1.94e-07 V=6.75e-02 factor_V=2.45e+58 factor_rho=5.62e-56 rho_eV2=1.65e+57 rho_final=9.28e+01
BG_FUNC: a=7.71e-06 V=6.75e-02 factor_V=2.45e+58 factor_rho=5.62e-56 rho_eV2=1.65e+57 rho_final=9.28e+01
RIDDER SWITCHING: z_osc = 4041.31, a_osc = 2.473835e-04
DEBUG: Ridder field ENABLED. Lambda = 1.397683e+00
DEBUG: Ridder field ENABLED. Lambda = 1.397683e+00
BG_FUNC: a=1.13e-14 V=3.71e-01 factor_V=2.45e+58 factor_rho=5.62e-56 rho_eV2=9.06e+57 rho_final=5.10e+02
BG_FUNC: a=4.21e-13 V=3.71e-01 factor_V=2.45e+58 factor_rho=5.62e-56 rho_eV2=9.06e+57 rho_final=5.10e+02
BG_FUNC: a=1.69e-11 V=3.71e-01 factor_V=2.45e+58 factor_rho=5.62e-56 rho_eV2=9.06e+57 rho_final=5.10e+02
BG_FUNC: a=6.75e-10 V=3.71e-01 factor_V=2.45e+58 factor_rho=5.62e-56 rho_eV2=9.06e+57 rho_final=5.10e+02
BG_FUNC: a=2.70e-08 V=3.71e-01 factor_V=2.45e+58 factor_rho=5.62e-56 rho_eV2=9.06e+57 rho_final=5.10e+02
BG_FUNC: a=1.08e-06 V=3.71e-01 factor_V=2.45e+58 factor_rho=5.62e-56 rho_eV2=9.06e+57 rho_final=5.10e+02
BG_FUNC: a=4.31e-05 V=3.67e-01 factor_V=2.45e+58 factor_rho=5.62e-56 rho_eV2=9.02e+57 rho_final=5.07e+02
RIDDER SWITCHING: z_osc = 6549.65, a_osc = 1.526566e-04
DEBUG: Ridder field ENABLED. Lambda = 1.138604e+00
DEBUG: Ridder field ENABLED. Lambda = 1.138604e+00
BG_FUNC: a=9.75e-14 V=1.63e-01 factor_V=2.45e+58 factor_rho=5.62e-56 rho_eV2=3.99e+57 rho_final=2.24e+02
BG_FUNC: a=3.93e-12 V=1.63e-01 factor_V=2.45e+58 factor_rho=5.62e-56 rho_eV2=3.99e+57 rho_final=2.24e+02
BG_FUNC: a=1.56e-10 V=1.63e-01 factor_V=2.45e+58 factor_rho=5.62e-56 rho_eV2=3.99e+57 rho_final=2.24e+02
BG_FUNC: a=6.28e-09 V=1.63e-01 factor_V=2.45e+58 factor_rho=5.62e-56 rho_eV2=3.99e+57 rho_final=2.24e+02
BG_FUNC: a=2.53e-07 V=1.63e-01 factor_V=2.45e+58 factor_rho=5.62e-56 rho_eV2=3.99e+57 rho_final=2.24e+02
BG_FUNC: a=1.01e-05 V=1.63e-01 factor_V=2.45e+58 factor_rho=5.62e-56 rho_eV2=3.99e+57 rho_final=2.24e+02
RIDDER SWITCHING: z_osc = 5196.83, a_osc = 1.923881e-04
DEBUG: Ridder field ENABLED. Lambda = 1.181196e+00
DEBUG: Ridder field ENABLED. Lambda = 1.181196e+00
BG_FUNC: a=1.91e-14 V=1.89e-01 factor_V=2.45e+58 factor_rho=5.62e-56 rho_eV2=4.62e+57 rho_final=2.60e+02
BG_FUNC: a=7.23e-13 V=1.89e-01 factor_V=2.45e+58 factor_rho=5.62e-56 rho_eV2=4.62e+57 rho_final=2.60e+02
BG_FUNC: a=2.90e-11 V=1.89e-01 factor_V=2.45e+58 factor_rho=5.62e-56 rho_eV2=4.62e+57 rho_final=2.60e+02
BG_FUNC: a=1.16e-09 V=1.89e-01 factor_V=2.45e+58 factor_rho=5.62e-56 rho_eV2=4.62e+57 rho_final=2.60e+02
BG_FUNC: a=4.67e-08 V=1.89e-01 factor_V=2.45e+58 factor_rho=5.62e-56 rho_eV2=4.62e+57 rho_final=2.60e+02
BG_FUNC: a=1.87e-06 V=1.89e-01 factor_V=2.45e+58 factor_rho=5.62e-56 rho_eV2=4.62e+57 rho_final=2.60e+02
BG_FUNC: a=7.48e-05 V=1.82e-01 factor_V=2.45e+58 factor_rho=5.62e-56 rho_eV2=4.51e+57 rho_final=2.54e+02
RIDDER SWITCHING: z_osc = 5422.67, a_osc = 1.843770e-04
DEBUG: Ridder field ENABLED. Lambda = 1.020657e+00
DEBUG: Ridder field ENABLED. Lambda = 1.020657e+00
BG_FUNC: a=1.38e-13 V=1.05e-01 factor_V=2.45e+58 factor_rho=5.62e-56 rho_eV2=2.58e+57 rho_final=1.45e+02
BG_FUNC: a=5.50e-12 V=1.05e-01 factor_V=2.45e+58 factor_rho=5.62e-56 rho_eV2=2.58e+57 rho_final=1.45e+02
BG_FUNC: a=2.18e-10 V=1.05e-01 factor_V=2.45e+58 factor_rho=5.62e-56 rho_eV2=2.58e+57 rho_final=1.45e+02
BG_FUNC: a=8.66e-09 V=1.05e-01 factor_V=2.45e+58 factor_rho=5.62e-56 rho_eV2=2.58e+57 rho_final=1.45e+02
BG_FUNC: a=3.44e-07 V=1.05e-01 factor_V=2.45e+58 factor_rho=5.62e-56 rho_eV2=2.58e+57 rho_final=1.45e+02
BG_FUNC: a=1.37e-05 V=1.05e-01 factor_V=2.45e+58 factor_rho=5.62e-56 rho_eV2=2.58e+57 rho_final=1.45e+02
RIDDER SWITCHING: z_osc = 4602.35, a_osc = 2.172333e-04
DEBUG: Ridder field ENABLED. Lambda = 9.837886e-01
DEBUG: Ridder field ENABLED. Lambda = 9.837886e-01
BG_FUNC: a=2.27e-14 V=9.10e-02 factor_V=2.45e+58 factor_rho=5.62e-56 rho_eV2=2.23e+57 rho_final=1.25e+02
BG_FUNC: a=8.47e-13 V=9.10e-02 factor_V=2.45e+58 factor_rho=5.62e-5[mcmc] Progress @ 2025-11-30 20:28:18 : 5649 steps taken, and 886 accepted.
[mcmc] Progress @ 2025-11-30 20:29:18 : 5677 steps taken, and 892 accepted.
[mcmc] Progress @ 2025-11-30 20:30:46 : 5691 steps taken, and 895 accepted.
6 rho_eV2=2.23e+57 rho_final=1.25e+02
BG_FUNC: a=3.36e-11 V=9.10e-02 factor_V=2.45e+58 factor_rho=5.62e-56 rho_eV2=2.23e+57 rho_final=1.25e+02
BG_FUNC: a=1.33e-09 V=9.10e-02 factor_V=2.45e+58 factor_rho=5.62e-56 rho_eV2=2.23e+57 rho_final=1.25e+02
BG_FUNC: a=5.29e-08 V=9.10e-02 factor_V=2.45e+58 factor_rho=5.62e-56 rho_eV2=2.23e+57 rho_final=1.25e+02
BG_FUNC: a=2.10e-06 V=9.10e-02 factor_V=2.45e+58 factor_rho=5.62e-56 rho_eV2=2.23e+57 rho_final=1.25e+02
BG_FUNC: a=8.31e-05 V=8.84e-02 factor_V=2.45e+58 factor_rho=5.62e-56 rho_eV2=2.19e+57 rho_final=1.23e+02
RIDDER SWITCHING: z_osc = 4404.75, a_osc = 2.269759e-04
DEBUG: Ridder field ENABLED. Lambda = 1.138604e+00
DEBUG: Ridder field ENABLED. Lambda = 1.138604e+00
BG_FUNC: a=1.26e-13 V=1.63e-01 factor_V=2.45e+58 factor_rho=5.62e-56 rho_eV2=3.99e+57 rho_final=2.24e+02
BG_FUNC: a=4.99e-12 V=1.63e-01 factor_V=2.45e+58 factor_rho=5.62e-56 rho_eV2=3.99e+57 rho_final=2.24e+02
BG_FUNC: a=1.98e-10 V=1.63e-01 factor_V=2.45e+58 factor_rho=5.62e-56 rho_eV2=3.99e+57 rho_final=2.24e+02
BG_FUNC: a=7.91e-09 V=1.63e-01 factor_V=2.45e+58 factor_rho=5.62e-56 rho_eV2=3.99e+57 rho_final=2.24e+02
BG_FUNC: a=3.11e-07 V=1.63e-01 factor_V=2.45e+58 factor_rho=5.62e-56 rho_eV2=3.99e+57 rho_final=2.24e+02
BG_FUNC: a=1.23e-05 V=1.63e-01 factor_V=2.45e+58 factor_rho=5.62e-56 rho_eV2=3.99e+57 rho_final=2.24e+02
RIDDER SWITCHING: z_osc = 5218.32, a_osc = 1.915960e-04
DEBUG: Ridder field ENABLED. Lambda = 1.283379e+00
DEBUG: Ridder field ENABLED. Lambda = 1.283379e+00
BG_FUNC: a=2.30e-14 V=2.64e-01 factor_V=2.45e+58 factor_rho=5.62e-56 rho_eV2=6.44e+57 rho_final=3.62e+02
BG_FUNC: a=8.64e-13 V=2.64e-01 factor_V=2.45e+58 factor_rho=5.62e-56 rho_eV2=6.44e+57 rho_final=3.62e+02
BG_FUNC: a=3.43e-11 V=2.64e-01 factor_V=2.45e+58 factor_rho=5.62e-56 rho_eV2=6.44e+57 rho_final=3.62e+02
BG_FUNC: a=1.36e-09 V=2.64e-01 factor_V=2.45e+58 factor_rho=5.62e-56 rho_eV2=6.44e+57 rho_final=3.62e+02
BG_FUNC: a=5.42e-08 V=2.64e-01 factor_V=2.45e+58 factor_rho=5.62e-56 rho_eV2=6.44e+57 rho_final=3.62e+02
BG_FUNC: a=2.15e-06 V=2.64e-01 factor_V=2.45e+58 factor_rho=5.62e-56 rho_eV2=6.44e+57 rho_final=3.62e+02
BG_FUNC: a=8.51e-05 V=2.41e-01 factor_V=2.45e+58 factor_rho=5.62e-56 rho_eV2=6.10e+57 rho_final=3.43e+02
RIDDER SWITCHING: z_osc = 5975.66, a_osc = 1.673175e-04
DEBUG: Ridder field ENABLED. Lambda = 1.249583e+00
DEBUG: Ridder field ENABLED. Lambda = 1.249583e+00
BG_FUNC: a=1.74e-13 V=2.37e-01 factor_V=2.45e+58 factor_rho=5.62e-56 rho_eV2=5.79e+57 rho_final=3.26e+02
BG_FUNC: a=6.96e-12 V=2.37e-01 factor_V=2.45e+58 factor_rho=5.62e-56 rho_eV2=5.79e+57 rho_final=3.26e+02
BG_FUNC: a=2.79e-10 V=2.37e-01 factor_V=2.45e+58 factor_rho=5.62e-56 rho_eV2=5.79e+57 rho_final=3.26e+02
BG_FUNC: a=1.12e-08 V=2.37e-01 factor_V=2.45e+58 factor_rho=5.62e-56 rho_eV2=5.79e+57 rho_final=3.26e+02
BG_FUNC: a=4.48e-07 V=2.37e-01 factor_V=2.45e+58 factor_rho=5.62e-56 rho_eV2=5.79e+57 rho_final=3.26e+02
BG_FUNC: a=1.79e-05 V=2.37e-01 factor_V=2.45e+58 factor_rho=5.62e-56 rho_eV2=5.79e+57 rho_final=3.26e+02
RIDDER SWITCHING: z_osc = 5796.17, a_osc = 1.724981e-04
DEBUG: Ridder field ENABLED. Lambda = 1.440595e+00
DEBUG: Ridder field ENABLED. Lambda = 1.440595e+00
BG_FUNC: a=3.69e-14 V=4.18e-01 factor_V=2.45e+58 factor_rho=5.62e-56 rho_eV2=1.02e+58 rho_final=5.75e+02
BG_FUNC: a=1.40e-12 V=4.18e-01 factor_V=2.45e+58 factor_rho=5.62e-56 rho_eV2=1.02e+58 rho_final=5.75e+02
BG_FUNC: a=5.56e-11 V=4.18e-01 factor_V=2.45e+58 factor_rho=5.62e-56 rho_eV2=1.02e+58 rho_final=5.75e+02
BG_FUNC: a=2.21e-09 V=4.18e-01 factor_V=2.45e+58 factor_rho=5.62e-56 rho_eV2=1.02e+58 rho_final=5.75e+02
BG_FUNC: a=8.82e-08 V=4.18e-01 factor_V=2.45e+58 factor_rho=5.62e-56 rho_eV2=1.02e+58 rho_final=5.75e+02
BG_FUNC: a=3.46e-06 V=4.18e-01 factor_V=2.45e+58 factor_rho=5.62e-56 rho_eV2=1.02e+58 rho_final=5.75e+02
BG_FUNC: a=1.35e-04 V=1.98e-01 factor_V=2.45e+58 factor_rho=5.62e-56 rho_eV2=6.50e+57 rho_final=3.65e+02
RIDDER SWITCHING: z_osc = 6775.16, a_osc = 1.475763e-04
DEBUG: Ridder field ENABLED. Lambda = 1.110738e+00
DEBUG: Ridder field ENABLED. Lambda = 1.110738e+00
BG_FUNC: a=3.[mcmc] Progress @ 2025-11-30 20:32:13 : 5705 steps taken, and 898 accepted.
[mcmc] Progress @ 2025-11-30 20:33:13 : 5735 steps taken, and 901 accepted.
[mcmc] Progress @ 2025-11-30 20:34:44 : 5753 steps taken, and 906 accepted.
21e-13 V=1.48e-01 factor_V=2.45e+58 factor_rho=5.62e-56 rho_eV2=3.62e+57 rho_final=2.03e+02
BG_FUNC: a=1.29e-11 V=1.48e-01 factor_V=2.45e+58 factor_rho=5.62e-56 rho_eV2=3.62e+57 rho_final=2.03e+02
BG_FUNC: a=5.18e-10 V=1.48e-01 factor_V=2.45e+58 factor_rho=5.62e-56 rho_eV2=3.62e+57 rho_final=2.03e+02
BG_FUNC: a=2.08e-08 V=1.48e-01 factor_V=2.45e+58 factor_rho=5.62e-56 rho_eV2=3.62e+57 rho_final=2.03e+02
BG_FUNC: a=8.42e-07 V=1.48e-01 factor_V=2.45e+58 factor_rho=5.62e-56 rho_eV2=3.62e+57 rho_final=2.03e+02
BG_FUNC: a=3.35e-05 V=1.48e-01 factor_V=2.45e+58 factor_rho=5.62e-56 rho_eV2=3.61e+57 rho_final=2.03e+02
RIDDER SWITCHING: z_osc = 5043.79, a_osc = 1.982243e-04
DEBUG: Ridder field ENABLED. Lambda = 1.161245e+00
DEBUG: Ridder field ENABLED. Lambda = 1.161245e+00
BG_FUNC: a=5.99e-14 V=1.77e-01 factor_V=2.45e+58 factor_rho=5.62e-56 rho_eV2=4.32e+57 rho_final=2.43e+02
BG_FUNC: a=2.29e-12 V=1.77e-01 factor_V=2.45e+58 factor_rho=5.62e-56 rho_eV2=4.32e+57 rho_final=2.43e+02
BG_FUNC: a=9.08e-11 V=1.77e-01 factor_V=2.45e+58 factor_rho=5.62e-56 rho_eV2=4.32e+57 rho_final=2.43e+02
BG_FUNC: a=3.60e-09 V=1.77e-01 factor_V=2.45e+58 factor_rho=5.62e-56 rho_eV2=4.32e+57 rho_final=2.43e+02
BG_FUNC: a=1.43e-07 V=1.77e-01 factor_V=2.45e+58 factor_rho=5.62e-56 rho_eV2=4.32e+57 rho_final=2.43e+02
BG_FUNC: a=5.66e-06 V=1.77e-01 factor_V=2.45e+58 factor_rho=5.62e-56 rho_eV2=4.32e+57 rho_final=2.43e+02
RIDDER SWITCHING: z_osc = 5327.43, a_osc = 1.876725e-04
DEBUG: Ridder field ENABLED. Lambda = 1.105174e+00
DEBUG: Ridder field ENABLED. Lambda = 1.105174e+00
BG_FUNC: a=1.10e-14 V=1.45e-01 factor_V=2.45e+58 factor_rho=5.62e-56 rho_eV2=3.54e+57 rho_final=1.99e+02
BG_FUNC: a=4.05e-13 V=1.45e-01 factor_V=2.45e+58 factor_rho=5.62e-56 rho_eV2=3.54e+57 rho_final=1.99e+02
BG_FUNC: a=1.61e-11 V=1.45e-01 factor_V=2.45e+58 factor_rho=5.62e-56 rho_eV2=3.54e+57 rho_final=1.99e+02
BG_FUNC: a=6.37e-10 V=1.45e-01 factor_V=2.45e+58 factor_rho=5.62e-56 rho_eV2=3.54e+57 rho_final=1.99e+02
BG_FUNC: a=2.53e-08 V=1.45e-01 factor_V=2.45e+58 factor_rho=5.62e-56 rho_eV2=3.54e+57 rho_final=1.99e+02
BG_FUNC: a=1.00e-06 V=1.45e-01 factor_V=2.45e+58 factor_rho=5.62e-56 rho_eV2=3.54e+57 rho_final=1.99e+02
BG_FUNC: a=3.96e-05 V=1.45e-01 factor_V=2.45e+58 factor_rho=5.62e-56 rho_eV2=3.54e+57 rho_final=1.99e+02
RIDDER SWITCHING: z_osc = 5002.20, a_osc = 1.998722e-04
DEBUG: Ridder field ENABLED. Lambda = 1.620607e+00
DEBUG: Ridder field ENABLED. Lambda = 1.620607e+00
BG_FUNC: a=7.01e-14 V=6.70e-01 factor_V=2.45e+58 factor_rho=5.62e-56 rho_eV2=1.64e+58 rho_final=9.21e+02
BG_FUNC: a=2.66e-12 V=6.70e-01 factor_V=2.45e+58 factor_rho=5.62e-56 rho_eV2=1.64e+58 rho_final=9.21e+02
BG_FUNC: a=1.06e-10 V=6.70e-01 factor_V=2.45e+58 factor_rho=5.62e-56 rho_eV2=1.64e+58 rho_final=9.21e+02
BG_FUNC: a=4.20e-09 V=6.70e-01 factor_V=2.45e+58 factor_rho=5.62e-56 rho_eV2=1.64e+58 rho_final=9.21e+02
BG_FUNC: a=1.67e-07 V=6.70e-01 factor_V=2.45e+58 factor_rho=5.62e-56 rho_eV2=1.64e+58 rho_final=9.21e+02
BG_FUNC: a=6.62e-06 V=6.70e-01 factor_V=2.45e+58 factor_rho=5.62e-56 rho_eV2=1.64e+58 rho_final=9.21e+02
RIDDER SWITCHING: z_osc = 7690.66, a_osc = 1.300109e-04
DEBUG: Ridder field ENABLED. Lambda = 1.176716e+00
DEBUG: Ridder field ENABLED. Lambda = 1.176716e+00
BG_FUNC: a=1.83e-14 V=1.86e-01 factor_V=2.45e+58 factor_rho=5.62e-56 rho_eV2=4.55e+57 rho_final=2.56e+02
BG_FUNC: a=6.86e-13 V=1.86e-01 factor_V=2.45e+58 factor_rho=5.62e-56 rho_eV2=4.55e+57 rho_final=2.56e+02
BG_FUNC: a=2.72e-11 V=1.86e-01 factor_V=2.45e+58 factor_rho=5.62e-56 rho_eV2=4.55e+57 rho_final=2.56e+02
BG_FUNC: a=1.08e-09 V=1.86e-01 factor_V=2.45e+58 factor_rho=5.62e-56 rho_eV2=4.55e+57 rho_final=2.56e+02
BG_FUNC: a=4.28e-08 V=1.86e-01 factor_V=2.45e+58 factor_rho=5.62e-56 rho_eV2=4.55e+57 rho_final=2.56e+02
BG_FUNC: a=1.70e-06 V=1.86e-01 factor_V=2.45e+58 factor_rho=5.62e-56 rho_eV2=4.55e+57 rho_final=2.56e+02
BG_FUNC: a=6.77e-05 V=1.81e-01 factor_V=2.45e+58 factor_rho=5.62e-56 rho_eV2=4.48e+57 rho_final=2.52e+02
RIDDER SWITCHING: z_osc = 5399.85, a_osc = 1.851560e-04
DEBUG: Ridder field ENABLED. Lambda = 1.227267e+00
DEBUG: Rid[mcmc] Progress @ 2025-11-30 20:35:45 : 5784 steps taken, and 912 accepted.
[mcmc] Progress @ 2025-11-30 20:37:11 : 5798 steps taken, and 914 accepted.
[mcmc] Progress @ 2025-11-30 20:38:12 : 5817 steps taken, and 917 accepted.
[mcmc] Progress @ 2025-11-30 20:39:13 : 5835 steps taken, and 921 accepted.
der field ENABLED. Lambda = 1.227267e+00
BG_FUNC: a=1.23e-13 V=2.20e-01 factor_V=2.45e+58 factor_rho=5.62e-56 rho_eV2=5.39e+57 rho_final=3.03e+02
BG_FUNC: a=4.89e-12 V=2.20e-01 factor_V=2.45e+58 factor_rho=5.62e-56 rho_eV2=5.39e+57 rho_final=3.03e+02
BG_FUNC: a=1.94e-10 V=2.20e-01 factor_V=2.45e+58 factor_rho=5.62e-56 rho_eV2=5.39e+57 rho_final=3.03e+02
BG_FUNC: a=7.68e-09 V=2.20e-01 factor_V=2.45e+58 factor_rho=5.62e-56 rho_eV2=5.39e+57 rho_final=3.03e+02
BG_FUNC: a=3.07e-07 V=2.20e-01 factor_V=2.45e+58 factor_rho=5.62e-56 rho_eV2=5.39e+57 rho_final=3.03e+02
BG_FUNC: a=1.21e-05 V=2.20e-01 factor_V=2.45e+58 factor_rho=5.62e-56 rho_eV2=5.39e+57 rho_final=3.03e+02
RIDDER SWITCHING: z_osc = 5699.65, a_osc = 1.754186e-04
DEBUG: Ridder field ENABLED. Lambda = 1.064541e+00
DEBUG: Ridder field ENABLED. Lambda = 1.064541e+00
BG_FUNC: a=2.45e-14 V=1.25e-01 factor_V=2.45e+58 factor_rho=5.62e-56 rho_eV2=3.05e+57 rho_final=1.71e+02
BG_FUNC: a=9.27e-13 V=1.25e-01 factor_V=2.45e+58 factor_rho=5.62e-56 rho_eV2=3.05e+57 rho_final=1.71e+02
BG_FUNC: a=3.67e-11 V=1.25e-01 factor_V=2.45e+58 factor_rho=5.62e-56 rho_eV2=3.05e+57 rho_final=1.71e+02
BG_FUNC: a=1.46e-09 V=1.25e-01 factor_V=2.45e+58 factor_rho=5.62e-56 rho_eV2=3.05e+57 rho_final=1.71e+02
BG_FUNC: a=5.82e-08 V=1.25e-01 factor_V=2.45e+58 factor_rho=5.62e-56 rho_eV2=3.05e+57 rho_final=1.71e+02
BG_FUNC: a=2.29e-06 V=1.25e-01 factor_V=2.45e+58 factor_rho=5.62e-56 rho_eV2=3.05e+57 rho_final=1.71e+02
BG_FUNC: a=9.01e-05 V=1.18e-01 factor_V=2.45e+58 factor_rho=5.62e-56 rho_eV2=2.95e+57 rho_final=1.66e+02
RIDDER SWITCHING: z_osc = 4822.19, a_osc = 2.073315e-04
DEBUG: Ridder field ENABLED. Lambda = 1.196071e+00
DEBUG: Ridder field ENABLED. Lambda = 1.196071e+00
BG_FUNC: a=1.50e-13 V=1.99e-01 factor_V=2.45e+58 factor_rho=5.62e-56 rho_eV2=4.86e+57 rho_final=2.73e+02
BG_FUNC: a=5.83e-12 V=1.99e-01 factor_V=2.45e+58 factor_rho=5.62e-56 rho_eV2=4.86e+57 rho_final=2.73e+02
BG_FUNC: a=2.28e-10 V=1.99e-01 factor_V=2.45e+58 factor_rho=5.62e-56 rho_eV2=4.86e+57 rho_final=2.73e+02
BG_FUNC: a=8.95e-09 V=1.99e-01 factor_V=2.45e+58 factor_rho=5.62e-56 rho_eV2=4.86e+57 rho_final=2.73e+02
BG_FUNC: a=3.51e-07 V=1.99e-01 factor_V=2.45e+58 factor_rho=5.62e-56 rho_eV2=4.86e+57 rho_final=2.73e+02
BG_FUNC: a=1.35e-05 V=1.99e-01 factor_V=2.45e+58 factor_rho=5.62e-56 rho_eV2=4.86e+57 rho_final=2.73e+02
RIDDER SWITCHING: z_osc = 5502.23, a_osc = 1.817115e-04
DEBUG: Ridder field ENABLED. Lambda = 1.371881e+00
DEBUG: Ridder field ENABLED. Lambda = 1.371881e+00
BG_FUNC: a=2.63e-14 V=3.44e-01 factor_V=2.45e+58 factor_rho=5.62e-56 rho_eV2=8.41e+57 rho_final=4.73e+02
BG_FUNC: a=1.00e-12 V=3.44e-01 factor_V=2.45e+58 factor_rho=5.62e-56 rho_eV2=8.41e+57 rho_final=4.73e+02
BG_FUNC: a=4.02e-11 V=3.44e-01 factor_V=2.45e+58 factor_rho=5.62e-56 rho_eV2=8.41e+57 rho_final=4.73e+02
BG_FUNC: a=1.61e-09 V=3.44e-01 factor_V=2.45e+58 factor_rho=5.62e-56 rho_eV2=8.41e+57 rho_final=4.73e+02
BG_FUNC: a=6.48e-08 V=3.44e-01 factor_V=2.45e+58 factor_rho=5.62e-56 rho_eV2=8.41e+57 rho_final=4.73e+02
BG_FUNC: a=2.61e-06 V=3.44e-01 factor_V=2.45e+58 factor_rho=5.62e-56 rho_eV2=8.41e+57 rho_final=4.73e+02
BG_FUNC: a=1.04e-04 V=2.70e-01 factor_V=2.45e+58 factor_rho=5.62e-56 rho_eV2=7.25e+57 rho_final=4.08e+02
RIDDER SWITCHING: z_osc = 6416.95, a_osc = 1.558131e-04
DEBUG: Ridder field ENABLED. Lambda = 1.138604e+00
DEBUG: Ridder field ENABLED. Lambda = 1.138604e+00
BG_FUNC: a=2.28e-13 V=1.63e-01 factor_V=2.45e+58 factor_rho=5.62e-56 rho_eV2=3.99e+57 rho_final=2.24e+02
BG_FUNC: a=8.94e-12 V=1.63e-01 factor_V=2.45e+58 factor_rho=5.62e-56 rho_eV2=3.99e+57 rho_final=2.24e+02
BG_FUNC: a=3.50e-10 V=1.63e-01 factor_V=2.45e+58 factor_rho=5.62e-56 rho_eV2=3.99e+57 rho_final=2.24e+02
BG_FUNC: a=1.37e-08 V=1.63e-01 factor_V=2.45e+58 factor_rho=5.62e-56 rho_eV2=3.99e+57 rho_final=2.24e+02
BG_FUNC: a=5.39e-07 V=1.63e-01 factor_V=2.45e+58 factor_rho=5.62e-56 rho_eV2=3.99e+57 rho_final=2.24e+02
BG_FUNC: a=2.06e-05 V=1.63e-01 factor_V=2.45e+58 factor_rho=5.62e-56 rho_eV2=3.99e+57 rho_final=2.24e+02
RIDDER SWITCHING: z_osc = 5186.93, a_osc = 1.927549e-04
DEBUG: [mcmc] Progress @ 2025-11-30 20:40:44 : 5850 steps taken, and 924 accepted.
[mcmc] Progress @ 2025-11-30 20:42:01 : 5890 steps taken, and 933 accepted.
Ridder field ENABLED. Lambda = 1.220169e+00
DEBUG: Ridder field ENABLED. Lambda = 1.220169e+00
BG_FUNC: a=3.80e-14 V=2.15e-01 factor_V=2.45e+58 factor_rho=5.62e-56 rho_eV2=5.27e+57 rho_final=2.96e+02
BG_FUNC: a=1.45e-12 V=2.15e-01 factor_V=2.45e+58 factor_rho=5.62e-56 rho_eV2=5.27e+57 rho_final=2.96e+02
BG_FUNC: a=5.81e-11 V=2.15e-01 factor_V=2.45e+58 factor_rho=5.62e-56 rho_eV2=5.27e+57 rho_final=2.96e+02
BG_FUNC: a=2.32e-09 V=2.15e-01 factor_V=2.45e+58 factor_rho=5.62e-56 rho_eV2=5.27e+57 rho_final=2.96e+02
BG_FUNC: a=9.29e-08 V=2.15e-01 factor_V=2.45e+58 factor_rho=5.62e-56 rho_eV2=5.27e+57 rho_final=2.96e+02
BG_FUNC: a=3.72e-06 V=2.15e-01 factor_V=2.45e+58 factor_rho=5.62e-56 rho_eV2=5.27e+57 rho_final=2.96e+02
BG_FUNC: a=1.46e-04 V=1.27e-01 factor_V=2.45e+58 factor_rho=5.62e-56 rho_eV2=3.81e+57 rho_final=2.14e+02
RIDDER SWITCHING: z_osc = 5653.65, a_osc = 1.768457e-04
DEBUG: Ridder field ENABLED. Lambda = 1.157693e+00
DEBUG: Ridder field ENABLED. Lambda = 1.157693e+00
BG_FUNC: a=2.84e-13 V=1.74e-01 factor_V=2.45e+58 factor_rho=5.62e-56 rho_eV2=4.27e+57 rho_final=2.40e+02
BG_FUNC: a=1.13e-11 V=1.74e-01 factor_V=2.45e+58 factor_rho=5.62e-56 rho_eV2=4.27e+57 rho_final=2.40e+02
BG_FUNC: a=4.47e-10 V=1.74e-01 factor_V=2.45e+58 factor_rho=5.62e-56 rho_eV2=4.27e+57 rho_final=2.40e+02
BG_FUNC: a=1.77e-08 V=1.74e-01 factor_V=2.45e+58 factor_rho=5.62e-56 rho_eV2=4.27e+57 rho_final=2.40e+02
BG_FUNC: a=7.04e-07 V=1.74e-01 factor_V=2.45e+58 factor_rho=5.62e-56 rho_eV2=4.27e+57 rho_final=2.40e+02
BG_FUNC: a=2.79e-05 V=1.74e-01 factor_V=2.45e+58 factor_rho=5.62e-56 rho_eV2=4.26e+57 rho_final=2.40e+02
RIDDER SWITCHING: z_osc = 5248.64, a_osc = 1.904891e-04
DEBUG: Ridder field ENABLED. Lambda = 8.368077e-01
DEBUG: Ridder field ENABLED. Lambda = 8.368077e-01
BG_FUNC: a=5.17e-14 V=4.76e-02 factor_V=2.45e+58 factor_rho=5.62e-56 rho_eV2=1.16e+57 rho_final=6.55e+01
BG_FUNC: a=1.97e-12 V=4.76e-02 factor_V=2.45e+58 factor_rho=5.62e-56 rho_eV2=1.16e+57 rho_final=6.55e+01
BG_FUNC: a=7.84e-11 V=4.76e-02 factor_V=2.45e+58 factor_rho=5.62e-56 rho_eV2=1.16e+57 rho_final=6.55e+01
BG_FUNC: a=3.11e-09 V=4.76e-02 factor_V=2.45e+58 factor_rho=5.62e-56 rho_eV2=1.16e+57 rho_final=6.55e+01
BG_FUNC: a=1.24e-07 V=4.76e-02 factor_V=2.45e+58 factor_rho=5.62e-56 rho_eV2=1.16e+57 rho_final=6.55e+01
BG_FUNC: a=4.91e-06 V=4.76e-02 factor_V=2.45e+58 factor_rho=5.62e-56 rho_eV2=1.16e+57 rho_final=6.55e+01
BG_FUNC: a=1.92e-04 V=3.39e-02 factor_V=2.45e+58 factor_rho=5.62e-56 rho_eV2=9.46e+56 rho_final=5.32e+01
RIDDER SWITCHING: z_osc = 3665.02, a_osc = 2.727754e-04
DEBUG: Ridder field ENABLED. Lambda = 1.390982e+00
DEBUG: Ridder field ENABLED. Lambda = 1.390982e+00
BG_FUNC: a=2.43e-13 V=3.64e-01 factor_V=2.45e+58 factor_rho=5.62e-56 rho_eV2=8.89e+57 rho_final=5.00e+02
BG_FUNC: a=9.73e-12 V=3.64e-01 factor_V=2.45e+58 factor_rho=5.62e-56 rho_eV2=8.89e+57 rho_final=5.00e+02
BG_FUNC: a=3.89e-10 V=3.64e-01 factor_V=2.45e+58 factor_rho=5.62e-56 rho_eV2=8.89e+57 rho_final=5.00e+02
BG_FUNC: a=1.56e-08 V=3.64e-01 factor_V=2.45e+58 factor_rho=5.62e-56 rho_eV2=8.89e+57 rho_final=5.00e+02
BG_FUNC: a=6.24e-07 V=3.64e-01 factor_V=2.45e+58 factor_rho=5.62e-56 rho_eV2=8.89e+57 rho_final=5.00e+02
BG_FUNC: a=2.50e-05 V=3.63e-01 factor_V=2.45e+58 factor_rho=5.62e-56 rho_eV2=8.89e+57 rho_final=5.00e+02
RIDDER SWITCHING: z_osc = 6511.28, a_osc = 1.535561e-04
DEBUG: Ridder field ENABLED. Lambda = 1.427316e+00
DEBUG: Ridder field ENABLED. Lambda = 1.427316e+00
BG_FUNC: a=5.73e-14 V=4.03e-01 factor_V=2.45e+58 factor_rho=5.62e-56 rho_eV2=9.86e+57 rho_final=5.54e+02
BG_FUNC: a=2.19e-12 V=4.03e-01 factor_V=2.45e+58 factor_rho=5.62e-56 rho_eV2=9.86e+57 rho_final=5.54e+02
BG_FUNC: a=8.68e-11 V=4.03e-01 factor_V=2.45e+58 factor_rho=5.62e-56 rho_eV2=9.86e+57 rho_final=5.54e+02
BG_FUNC: a=3.44e-09 V=4.03e-01 factor_V=2.45e+58 factor_rho=5.62e-56 rho_eV2=9.86e+57 rho_final=5.54e+02
BG_FUNC: a=1.37e-07 V=4.03e-01 factor_V=2.45e+58 factor_rho=5.62e-56 rho_eV2=9.86e+57 rho_final=5.54e+02
BG_FUNC: a=5.42e-06 V=4.03e-01 factor_V=2.45e+58 factor_rho=5.62e-56 rho_eV2=9.86e+57 rho_final=5.54e+02
RIDDER SW[mcmc] Progress @ 2025-11-30 20:43:33 : 5901 steps taken, and 935 accepted.
[mcmc] Progress @ 2025-11-30 20:44:58 : 5906 steps taken, and 935 accepted.
[mcmc] Progress @ 2025-11-30 20:46:01 : 5925 steps taken, and 938 accepted.
ITCHING: z_osc = 6707.91, a_osc = 1.490554e-04
DEBUG: Ridder field ENABLED. Lambda = 1.138604e+00
DEBUG: Ridder field ENABLED. Lambda = 1.138604e+00
BG_FUNC: a=1.31e-14 V=1.63e-01 factor_V=2.45e+58 factor_rho=5.62e-56 rho_eV2=3.99e+57 rho_final=2.24e+02
BG_FUNC: a=4.88e-13 V=1.63e-01 factor_V=2.45e+58 factor_rho=5.62e-56 rho_eV2=3.99e+57 rho_final=2.24e+02
BG_FUNC: a=1.96e-11 V=1.63e-01 factor_V=2.45e+58 factor_rho=5.62e-56 rho_eV2=3.99e+57 rho_final=2.24e+02
BG_FUNC: a=7.71e-10 V=1.63e-01 factor_V=2.45e+58 factor_rho=5.62e-56 rho_eV2=3.99e+57 rho_final=2.24e+02
BG_FUNC: a=3.06e-08 V=1.63e-01 factor_V=2.45e+58 factor_rho=5.62e-56 rho_eV2=3.99e+57 rho_final=2.24e+02
BG_FUNC: a=1.21e-06 V=1.63e-01 factor_V=2.45e+58 factor_rho=5.62e-56 rho_eV2=3.99e+57 rho_final=2.24e+02
BG_FUNC: a=4.80e-05 V=1.62e-01 factor_V=2.45e+58 factor_rho=5.62e-56 rho_eV2=3.98e+57 rho_final=2.24e+02
RIDDER SWITCHING: z_osc = 5217.15, a_osc = 1.916389e-04
DEBUG: Ridder field ENABLED. Lambda = 1.097595e+00
DEBUG: Ridder field ENABLED. Lambda = 1.097595e+00
BG_FUNC: a=8.81e-14 V=1.41e-01 factor_V=2.45e+58 factor_rho=5.62e-56 rho_eV2=3.45e+57 rho_final=1.94e+02
BG_FUNC: a=3.39e-12 V=1.41e-01 factor_V=2.45e+58 factor_rho=5.62e-56 rho_eV2=3.45e+57 rho_final=1.94e+02
BG_FUNC: a=1.35e-10 V=1.41e-01 factor_V=2.45e+58 factor_rho=5.62e-56 rho_eV2=3.45e+57 rho_final=1.94e+02
BG_FUNC: a=5.40e-09 V=1.41e-01 factor_V=2.45e+58 factor_rho=5.62e-56 rho_eV2=3.45e+57 rho_final=1.94e+02
BG_FUNC: a=2.13e-07 V=1.41e-01 factor_V=2.45e+58 factor_rho=5.62e-56 rho_eV2=3.45e+57 rho_final=1.94e+02
BG_FUNC: a=8.45e-06 V=1.41e-01 factor_V=2.45e+58 factor_rho=5.62e-56 rho_eV2=3.45e+57 rho_final=1.94e+02
RIDDER SWITCHING: z_osc = 4978.11, a_osc = 2.008392e-04
DEBUG: Ridder field ENABLED. Lambda = 9.147620e-01
DEBUG: Ridder field ENABLED. Lambda = 9.147620e-01
BG_FUNC: a=1.52e-14 V=6.80e-02 factor_V=2.45e+58 factor_rho=5.62e-56 rho_eV2=1.66e+57 rho_final=9.35e+01
BG_FUNC: a=5.68e-13 V=6.80e-02 factor_V=2.45e+58 factor_rho=5.62e-56 rho_eV2=1.66e+57 rho_final=9.35e+01
BG_FUNC: a=2.25e-11 V=6.80e-02 factor_V=2.45e+58 factor_rho=5.62e-56 rho_eV2=1.66e+57 rho_final=9.35e+01
BG_FUNC: a=8.93e-10 V=6.80e-02 factor_V=2.45e+58 factor_rho=5.62e-56 rho_eV2=1.66e+57 rho_final=9.35e+01
BG_FUNC: a=3.54e-08 V=6.80e-02 factor_V=2.45e+58 factor_rho=5.62e-56 rho_eV2=1.66e+57 rho_final=9.35e+01
BG_FUNC: a=1.41e-06 V=6.80e-02 factor_V=2.45e+58 factor_rho=5.62e-56 rho_eV2=1.66e+57 rho_final=9.35e+01
BG_FUNC: a=5.53e-05 V=6.77e-02 factor_V=2.45e+58 factor_rho=5.62e-56 rho_eV2=1.66e+57 rho_final=9.33e+01
RIDDER SWITCHING: z_osc = 4074.27, a_osc = 2.453827e-04
DEBUG: Ridder field ENABLED. Lambda = 1.414425e+00
DEBUG: Ridder field ENABLED. Lambda = 1.414425e+00
BG_FUNC: a=7.93e-14 V=3.89e-01 factor_V=2.45e+58 factor_rho=5.62e-56 rho_eV2=9.51e+57 rho_final=5.34e+02
BG_FUNC: a=3.09e-12 V=3.89e-01 factor_V=2.45e+58 factor_rho=5.62e-56 rho_eV2=9.51e+57 rho_final=5.34e+02
BG_FUNC: a=1.24e-10 V=3.89e-01 factor_V=2.45e+58 factor_rho=5.62e-56 rho_eV2=9.51e+57 rho_final=5.34e+02
BG_FUNC: a=5.01e-09 V=3.89e-01 factor_V=2.45e+58 factor_rho=5.62e-56 rho_eV2=9.51e+57 rho_final=5.34e+02
BG_FUNC: a=2.03e-07 V=3.89e-01 factor_V=2.45e+58 factor_rho=5.62e-56 rho_eV2=9.51e+57 rho_final=5.34e+02
BG_FUNC: a=8.11e-06 V=3.89e-01 factor_V=2.45e+58 factor_rho=5.62e-56 rho_eV2=9.51e+57 rho_final=5.34e+02
RIDDER SWITCHING: z_osc = 6662.19, a_osc = 1.500784e-04
DEBUG: Ridder field ENABLED. Lambda = 1.138604e+00
DEBUG: Ridder field ENABLED. Lambda = 1.138604e+00
BG_FUNC: a=1.95e-14 V=1.63e-01 factor_V=2.45e+58 factor_rho=5.62e-56 rho_eV2=3.99e+57 rho_final=2.24e+02
BG_FUNC: a=7.46e-13 V=1.63e-01 factor_V=2.45e+58 factor_rho=5.62e-56 rho_eV2=3.99e+57 rho_final=2.24e+02
BG_FUNC: a=2.97e-11 V=1.63e-01 factor_V=2.45e+58 factor_rho=5.62e-56 rho_eV2=3.99e+57 rho_final=2.24e+02
BG_FUNC: a=1.19e-09 V=1.63e-01 factor_V=2.45e+58 factor_rho=5.62e-56 rho_eV2=3.99e+57 rho_final=2.24e+02
BG_FUNC: a=4.79e-08 V=1.63e-01 factor_V=2.45e+58 factor_rho=5.62e-56 rho_eV2=3.99e+57 rho_final=2.24e+02
BG_FUNC: a=1.92e-06 V=1.63e-01 factor_V=2.45e+58 factor_rho=[mcmc] Progress @ 2025-11-30 20:47:42 : 5947 steps taken, and 941 accepted.
[mcmc] Progress @ 2025-11-30 20:49:13 : 5972 steps taken, and 949 accepted.
[mcmc] Progress @ 2025-11-30 20:50:13 : 5986 steps taken, and 951 accepted.
[mcmc] Progress @ 2025-11-30 20:51:14 : 6001 steps taken, and 952 accepted.
5.62e-56 rho_eV2=3.99e+57 rho_final=2.24e+02
BG_FUNC: a=7.70e-05 V=1.57e-01 factor_V=2.45e+58 factor_rho=5.62e-56 rho_eV2=3.90e+57 rho_final=2.19e+02
RIDDER SWITCHING: z_osc = 5196.83, a_osc = 1.923881e-04
DEBUG: Ridder field ENABLED. Lambda = 1.017177e+00
DEBUG: Ridder field ENABLED. Lambda = 1.017177e+00
BG_FUNC: a=1.36e-13 V=1.04e-01 factor_V=2.45e+58 factor_rho=5.62e-56 rho_eV2=2.54e+57 rho_final=1.43e+02
BG_FUNC: a=5.41e-12 V=1.04e-01 factor_V=2.45e+58 factor_rho=5.62e-56 rho_eV2=2.54e+57 rho_final=1.43e+02
BG_FUNC: a=2.15e-10 V=1.04e-01 factor_V=2.45e+58 factor_rho=5.62e-56 rho_eV2=2.54e+57 rho_final=1.43e+02
BG_FUNC: a=8.52e-09 V=1.04e-01 factor_V=2.45e+58 factor_rho=5.62e-56 rho_eV2=2.54e+57 rho_final=1.43e+02
BG_FUNC: a=3.38e-07 V=1.04e-01 factor_V=2.45e+58 factor_rho=5.62e-56 rho_eV2=2.54e+57 rho_final=1.43e+02
BG_FUNC: a=1.34e-05 V=1.04e-01 factor_V=2.45e+58 factor_rho=5.62e-56 rho_eV2=2.54e+57 rho_final=1.43e+02
RIDDER SWITCHING: z_osc = 4560.39, a_osc = 2.192315e-04
DEBUG: Ridder field ENABLED. Lambda = 1.361447e+00
DEBUG: Ridder field ENABLED. Lambda = 1.361447e+00
BG_FUNC: a=2.20e-14 V=3.34e-01 factor_V=2.45e+58 factor_rho=5.62e-56 rho_eV2=8.16e+57 rho_final=4.59e+02
BG_FUNC: a=8.35e-13 V=3.34e-01 factor_V=2.45e+58 factor_rho=5.62e-56 rho_eV2=8.16e+57 rho_final=4.59e+02
BG_FUNC: a=3.38e-11 V=3.34e-01 factor_V=2.45e+58 factor_rho=5.62e-56 rho_eV2=8.16e+57 rho_final=4.59e+02
BG_FUNC: a=1.35e-09 V=3.34e-01 factor_V=2.45e+58 factor_rho=5.62e-56 rho_eV2=8.16e+57 rho_final=4.59e+02
BG_FUNC: a=5.42e-08 V=3.34e-01 factor_V=2.45e+58 factor_rho=5.62e-56 rho_eV2=8.16e+57 rho_final=4.59e+02
BG_FUNC: a=2.18e-06 V=3.34e-01 factor_V=2.45e+58 factor_rho=5.62e-56 rho_eV2=8.16e+57 rho_final=4.59e+02
BG_FUNC: a=8.68e-05 V=2.95e-01 factor_V=2.45e+58 factor_rho=5.62e-56 rho_eV2=7.58e+57 rho_final=4.26e+02
RIDDER SWITCHING: z_osc = 6389.18, a_osc = 1.564900e-04
DEBUG: Ridder field ENABLED. Lambda = 1.154922e+00
DEBUG: Ridder field ENABLED. Lambda = 1.154922e+00
BG_FUNC: a=1.90e-13 V=1.73e-01 factor_V=2.45e+58 factor_rho=5.62e-56 rho_eV2=4.23e+57 rho_final=2.38e+02
BG_FUNC: a=7.54e-12 V=1.73e-01 factor_V=2.45e+58 factor_rho=5.62e-56 rho_eV2=4.23e+57 rho_final=2.38e+02
BG_FUNC: a=2.99e-10 V=1.73e-01 factor_V=2.45e+58 factor_rho=5.62e-56 rho_eV2=4.23e+57 rho_final=2.38e+02
BG_FUNC: a=1.19e-08 V=1.73e-01 factor_V=2.45e+58 factor_rho=5.62e-56 rho_eV2=4.23e+57 rho_final=2.38e+02
BG_FUNC: a=4.72e-07 V=1.73e-01 factor_V=2.45e+58 factor_rho=5.62e-56 rho_eV2=4.23e+57 rho_final=2.38e+02
BG_FUNC: a=1.87e-05 V=1.73e-01 factor_V=2.45e+58 factor_rho=5.62e-56 rho_eV2=4.23e+57 rho_final=2.38e+02
RIDDER SWITCHING: z_osc = 5295.90, a_osc = 1.887896e-04
DEBUG: Ridder field ENABLED. Lambda = 1.228500e+00
DEBUG: Ridder field ENABLED. Lambda = 1.228500e+00
BG_FUNC: a=3.55e-14 V=2.21e-01 factor_V=2.45e+58 factor_rho=5.62e-56 rho_eV2=5.41e+57 rho_final=3.04e+02
BG_FUNC: a=1.34e-12 V=2.21e-01 factor_V=2.45e+58 factor_rho=5.62e-56 rho_eV2=5.41e+57 rho_final=3.04e+02
BG_FUNC: a=5.39e-11 V=2.21e-01 factor_V=2.45e+58 factor_rho=5.62e-56 rho_eV2=5.41e+57 rho_final=3.04e+02
BG_FUNC: a=2.13e-09 V=2.21e-01 factor_V=2.45e+58 factor_rho=5.62e-56 rho_eV2=5.41e+57 rho_final=3.04e+02
BG_FUNC: a=8.49e-08 V=2.21e-01 factor_V=2.45e+58 factor_rho=5.62e-56 rho_eV2=5.41e+57 rho_final=3.04e+02
BG_FUNC: a=3.38e-06 V=2.21e-01 factor_V=2.45e+58 factor_rho=5.62e-56 rho_eV2=5.41e+57 rho_final=3.04e+02
BG_FUNC: a=1.33e-04 V=1.50e-01 factor_V=2.45e+58 factor_rho=5.62e-56 rho_eV2=4.27e+57 rho_final=2.40e+02
RIDDER SWITCHING: z_osc = 5664.91, a_osc = 1.764943e-04
DEBUG: Ridder field ENABLED. Lambda = 7.866793e-01
DEBUG: Ridder field ENABLED. Lambda = 7.866793e-01
BG_FUNC: a=2.60e-13 V=3.72e-02 factor_V=2.45e+58 factor_rho=5.62e-56 rho_eV2=9.10e+56 rho_final=5.11e+01
BG_FUNC: a=1.03e-11 V=3.72e-02 factor_V=2.45e+58 factor_rho=5.62e-56 rho_eV2=9.10e+56 rho_final=5.11e+01
BG_FUNC: a=4.08e-10 V=3.72e-02 factor_V=2.45e+58 factor_rho=5.62e-56 rho_eV2=9.10e+56 rho_final=5.11e+01
BG_FUNC: a=1.62e-08 V=3.72e-02 factor_V=2.45e+58 factor_rho=5.62e-56 rho_eV2=9.10e+56 rho_final=5.11e+01
BG_FUN[mcmc] Progress @ 2025-11-30 20:52:17 : 6027 steps taken, and 958 accepted.
[mcmc] Progress @ 2025-11-30 20:53:49 : 6045 steps taken, and 963 accepted.
[mcmc] Progress @ 2025-11-30 20:54:49 : 6071 steps taken, and 967 accepted.
C: a=6.42e-07 V=3.72e-02 factor_V=2.45e+58 factor_rho=5.62e-56 rho_eV2=9.10e+56 rho_final=5.11e+01
BG_FUNC: a=2.57e-05 V=3.72e-02 factor_V=2.45e+58 factor_rho=5.62e-56 rho_eV2=9.10e+56 rho_final=5.11e+01
RIDDER SWITCHING: z_osc = 3415.62, a_osc = 2.926867e-04
DEBUG: Ridder field ENABLED. Lambda = 1.154922e+00
DEBUG: Ridder field ENABLED. Lambda = 1.154922e+00
BG_FUNC: a=3.10e-14 V=1.73e-01 factor_V=2.45e+58 factor_rho=5.62e-56 rho_eV2=4.23e+57 rho_final=2.38e+02
BG_FUNC: a=1.17e-12 V=1.73e-01 factor_V=2.45e+58 factor_rho=5.62e-56 rho_eV2=4.23e+57 rho_final=2.38e+02
BG_FUNC: a=4.69e-11 V=1.73e-01 factor_V=2.45e+58 factor_rho=5.62e-56 rho_eV2=4.23e+57 rho_final=2.38e+02
BG_FUNC: a=1.84e-09 V=1.73e-01 factor_V=2.45e+58 factor_rho=5.62e-56 rho_eV2=4.23e+57 rho_final=2.38e+02
BG_FUNC: a=7.31e-08 V=1.73e-01 factor_V=2.45e+58 factor_rho=5.62e-56 rho_eV2=4.23e+57 rho_final=2.38e+02
BG_FUNC: a=2.90e-06 V=1.73e-01 factor_V=2.45e+58 factor_rho=5.62e-56 rho_eV2=4.23e+57 rho_final=2.38e+02
BG_FUNC: a=1.14e-04 V=1.45e-01 factor_V=2.45e+58 factor_rho=5.62e-56 rho_eV2=3.80e+57 rho_final=2.13e+02
RIDDER SWITCHING: z_osc = 5291.26, a_osc = 1.889553e-04
DEBUG: Ridder field ENABLED. Lambda = 1.229898e+00
DEBUG: Ridder field ENABLED. Lambda = 1.229898e+00
BG_FUNC: a=2.06e-13 V=2.22e-01 factor_V=2.45e+58 factor_rho=5.62e-56 rho_eV2=5.44e+57 rho_final=3.06e+02
BG_FUNC: a=8.23e-12 V=2.22e-01 factor_V=2.45e+58 factor_rho=5.62e-56 rho_eV2=5.44e+57 rho_final=3.06e+02
BG_FUNC: a=3.24e-10 V=2.22e-01 factor_V=2.45e+58 factor_rho=5.62e-56 rho_eV2=5.44e+57 rho_final=3.06e+02
BG_FUNC: a=1.29e-08 V=2.22e-01 factor_V=2.45e+58 factor_rho=5.62e-56 rho_eV2=5.44e+57 rho_final=3.06e+02
BG_FUNC: a=5.10e-07 V=2.22e-01 factor_V=2.45e+58 factor_rho=5.62e-56 rho_eV2=5.44e+57 rho_final=3.06e+02
BG_FUNC: a=2.03e-05 V=2.22e-01 factor_V=2.45e+58 factor_rho=5.62e-56 rho_eV2=5.43e+57 rho_final=3.05e+02
RIDDER SWITCHING: z_osc = 5699.00, a_osc = 1.754385e-04
DEBUG: Ridder field ENABLED. Lambda = 1.153159e+00
DEBUG: Ridder field ENABLED. Lambda = 1.153159e+00
BG_FUNC: a=4.12e-14 V=1.72e-01 factor_V=2.45e+58 factor_rho=5.62e-56 rho_eV2=4.20e+57 rho_final=2.36e+02
BG_FUNC: a=1.55e-12 V=1.72e-01 factor_V=2.45e+58 factor_rho=5.62e-56 rho_eV2=4.20e+57 rho_final=2.36e+02
BG_FUNC: a=6.17e-11 V=1.72e-01 factor_V=2.45e+58 factor_rho=5.62e-56 rho_eV2=4.20e+57 rho_final=2.36e+02
BG_FUNC: a=2.45e-09 V=1.72e-01 factor_V=2.45e+58 factor_rho=5.62e-56 rho_eV2=4.20e+57 rho_final=2.36e+02
BG_FUNC: a=9.72e-08 V=1.72e-01 factor_V=2.45e+58 factor_rho=5.62e-56 rho_eV2=4.20e+57 rho_final=2.36e+02
BG_FUNC: a=3.86e-06 V=1.72e-01 factor_V=2.45e+58 factor_rho=5.62e-56 rho_eV2=4.20e+57 rho_final=2.36e+02
BG_FUNC: a=1.51e-04 V=1.06e-01 factor_V=2.45e+58 factor_rho=5.62e-56 rho_eV2=3.13e+57 rho_final=1.76e+02
RIDDER SWITCHING: z_osc = 5288.40, a_osc = 1.890575e-04
DEBUG: Ridder field ENABLED. Lambda = 1.058860e+00
DEBUG: Ridder field ENABLED. Lambda = 1.058860e+00
BG_FUNC: a=2.76e-13 V=1.22e-01 factor_V=2.45e+58 factor_rho=5.62e-56 rho_eV2=2.99e+57 rho_final=1.68e+02
BG_FUNC: a=1.10e-11 V=1.22e-01 factor_V=2.45e+58 factor_rho=5.62e-56 rho_eV2=2.99e+57 rho_final=1.68e+02
BG_FUNC: a=4.42e-10 V=1.22e-01 factor_V=2.45e+58 factor_rho=5.62e-56 rho_eV2=2.99e+57 rho_final=1.68e+02
BG_FUNC: a=1.76e-08 V=1.22e-01 factor_V=2.45e+58 factor_rho=5.62e-56 rho_eV2=2.99e+57 rho_final=1.68e+02
BG_FUNC: a=7.05e-07 V=1.22e-01 factor_V=2.45e+58 factor_rho=5.62e-56 rho_eV2=2.99e+57 rho_final=1.68e+02
BG_FUNC: a=2.82e-05 V=1.22e-01 factor_V=2.45e+58 factor_rho=5.62e-56 rho_eV2=2.98e+57 rho_final=1.68e+02
RIDDER SWITCHING: z_osc = 4782.08, a_osc = 2.090704e-04
DEBUG: Ridder field ENABLED. Lambda = 1.196403e+00
DEBUG: Ridder field ENABLED. Lambda = 1.196403e+00
BG_FUNC: a=4.81e-14 V=1.99e-01 factor_V=2.45e+58 factor_rho=5.62e-56 rho_eV2=4.87e+57 rho_final=2.74e+02
BG_FUNC: a=1.83e-12 V=1.99e-01 factor_V=2.45e+58 factor_rho=5.62e-56 rho_eV2=4.87e+57 rho_final=2.74e+02
BG_FUNC: a=7.25e-11 V=1.99e-01 factor_V=2.45e+58 factor_rho=5.62e-56 rho_eV2=4.87e+57 rho_final=2.74e+02
BG_FUNC: a=2.88e-09 V=1.99e-01 factor_V=2.45e+58 factor_r[mcmc] Progress @ 2025-11-30 20:56:27 : 6091 steps taken, and 973 accepted.
[mcmc] Progress @ 2025-11-30 20:57:52 : 6098 steps taken, and 974 accepted.
[mcmc] Progress @ 2025-11-30 20:59:19 : 6110 steps taken, and 977 accepted.
ho=5.62e-56 rho_eV2=4.87e+57 rho_final=2.74e+02
BG_FUNC: a=1.14e-07 V=1.99e-01 factor_V=2.45e+58 factor_rho=5.62e-56 rho_eV2=4.87e+57 rho_final=2.74e+02
BG_FUNC: a=4.52e-06 V=1.99e-01 factor_V=2.45e+58 factor_rho=5.62e-56 rho_eV2=4.87e+57 rho_final=2.74e+02
BG_FUNC: a=1.75e-04 V=7.94e-02 factor_V=2.45e+58 factor_rho=5.62e-56 rho_eV2=2.79e+57 rho_final=1.57e+02
RIDDER SWITCHING: z_osc = 5507.47, a_osc = 1.815386e-04
DEBUG: Ridder field ENABLED. Lambda = 1.291158e+00
DEBUG: Ridder field ENABLED. Lambda = 1.291158e+00
BG_FUNC: a=3.35e-13 V=2.70e-01 factor_V=2.45e+58 factor_rho=5.62e-56 rho_eV2=6.60e+57 rho_final=3.71e+02
BG_FUNC: a=1.33e-11 V=2.70e-01 factor_V=2.45e+58 factor_rho=5.62e-56 rho_eV2=6.60e+57 rho_final=3.71e+02
BG_FUNC: a=5.26e-10 V=2.70e-01 factor_V=2.45e+58 factor_rho=5.62e-56 rho_eV2=6.60e+57 rho_final=3.71e+02
BG_FUNC: a=2.08e-08 V=2.70e-01 factor_V=2.45e+58 factor_rho=5.62e-56 rho_eV2=6.60e+57 rho_final=3.71e+02
BG_FUNC: a=8.26e-07 V=2.70e-01 factor_V=2.45e+58 factor_rho=5.62e-56 rho_eV2=6.60e+57 rho_final=3.71e+02
BG_FUNC: a=3.29e-05 V=2.69e-01 factor_V=2.45e+58 factor_rho=5.62e-56 rho_eV2=6.59e+57 rho_final=3.71e+02
RIDDER SWITCHING: z_osc = 5999.35, a_osc = 1.666568e-04
DEBUG: Ridder field ENABLED. Lambda = 8.749295e-01
DEBUG: Ridder field ENABLED. Lambda = 8.749295e-01
BG_FUNC: a=6.91e-14 V=5.69e-02 factor_V=2.45e+58 factor_rho=5.62e-56 rho_eV2=1.39e+57 rho_final=7.83e+01
BG_FUNC: a=2.66e-12 V=5.69e-02 factor_V=2.45e+58 factor_rho=5.62e-56 rho_eV2=1.39e+57 rho_final=7.83e+01
BG_FUNC: a=1.06e-10 V=5.69e-02 factor_V=2.45e+58 factor_rho=5.62e-56 rho_eV2=1.39e+57 rho_final=7.83e+01
BG_FUNC: a=4.22e-09 V=5.69e-02 factor_V=2.45e+58 factor_rho=5.62e-56 rho_eV2=1.39e+57 rho_final=7.83e+01
BG_FUNC: a=1.66e-07 V=5.69e-02 factor_V=2.45e+58 factor_rho=5.62e-56 rho_eV2=1.39e+57 rho_final=7.83e+01
BG_FUNC: a=6.60e-06 V=5.69e-02 factor_V=2.45e+58 factor_rho=5.62e-56 rho_eV2=1.39e+57 rho_final=7.83e+01
BG_FUNC: a=2.55e-04 V=2.04e-02 factor_V=2.45e+58 factor_rho=5.62e-56 rho_eV2=7.44e+56 rho_final=4.18e+01
RIDDER SWITCHING: z_osc = 3819.71, a_osc = 2.617311e-04
DEBUG: Ridder field ENABLED. Lambda = 1.150625e+00
DEBUG: Ridder field ENABLED. Lambda = 1.150625e+00
BG_FUNC: a=3.39e-13 V=1.70e-01 factor_V=2.45e+58 factor_rho=5.62e-56 rho_eV2=4.16e+57 rho_final=2.34e+02
BG_FUNC: a=1.35e-11 V=1.70e-01 factor_V=2.45e+58 factor_rho=5.62e-56 rho_eV2=4.16e+57 rho_final=2.34e+02
BG_FUNC: a=5.34e-10 V=1.70e-01 factor_V=2.45e+58 factor_rho=5.62e-56 rho_eV2=4.16e+57 rho_final=2.34e+02
BG_FUNC: a=2.14e-08 V=1.70e-01 factor_V=2.45e+58 factor_rho=5.62e-56 rho_eV2=4.16e+57 rho_final=2.34e+02
BG_FUNC: a=8.42e-07 V=1.70e-01 factor_V=2.45e+58 factor_rho=5.62e-56 rho_eV2=4.16e+57 rho_final=2.34e+02
BG_FUNC: a=3.34e-05 V=1.70e-01 factor_V=2.45e+58 factor_rho=5.62e-56 rho_eV2=4.16e+57 rho_final=2.34e+02
RIDDER SWITCHING: z_osc = 5276.15, a_osc = 1.894961e-04
DEBUG: Ridder field ENABLED. Lambda = 1.421319e+00
DEBUG: Ridder field ENABLED. Lambda = 1.421319e+00
BG_FUNC: a=6.25e-14 V=3.96e-01 factor_V=2.45e+58 factor_rho=5.62e-56 rho_eV2=9.69e+57 rho_final=5.45e+02
BG_FUNC: a=2.38e-12 V=3.96e-01 factor_V=2.45e+58 factor_rho=5.62e-56 rho_eV2=9.69e+57 rho_final=5.45e+02
BG_FUNC: a=9.43e-11 V=3.96e-01 factor_V=2.45e+58 factor_rho=5.62e-56 rho_eV2=9.69e+57 rho_final=5.45e+02
BG_FUNC: a=3.74e-09 V=3.96e-01 factor_V=2.45e+58 factor_rho=5.62e-56 rho_eV2=9.69e+57 rho_final=5.45e+02
BG_FUNC: a=1.50e-07 V=3.96e-01 factor_V=2.45e+58 factor_rho=5.62e-56 rho_eV2=9.69e+57 rho_final=5.45e+02
BG_FUNC: a=5.90e-06 V=3.96e-01 factor_V=2.45e+58 factor_rho=5.62e-56 rho_eV2=9.69e+57 rho_final=5.45e+02
RIDDER SWITCHING: z_osc = 6642.74, a_osc = 1.505175e-04
DEBUG: Ridder field ENABLED. Lambda = 1.298687e+00
DEBUG: Ridder field ENABLED. Lambda = 1.298687e+00
BG_FUNC: a=1.41e-14 V=2.76e-01 factor_V=2.45e+58 factor_rho=5.62e-56 rho_eV2=6.76e+57 rho_final=3.80e+02
BG_FUNC: a=5.29e-13 V=2.76e-01 factor_V=2.45e+58 factor_rho=5.62e-56 rho_eV2=6.76e+57 rho_final=3.80e+02
BG_FUNC: a=2.11e-11 V=2.76e-01 factor_V=2.45e+58 factor_rho=5.62e-56 rho_eV2=6.76e+57 rho_final=3.80e+02
BG_[mcmc] Progress @ 2025-11-30 21:00:21 : 6132 steps taken, and 981 accepted.
[mcmc] Progress @ 2025-11-30 21:01:50 : 6148 steps taken, and 985 accepted.
[mcmc] Progress @ 2025-11-30 21:02:50 : 6175 steps taken, and 991 accepted.
[mcmc] Progress @ 2025-11-30 21:03:51 : 6198 steps taken, and 997 accepted.
FUNC: a=8.43e-10 V=2.76e-01 factor_V=2.45e+58 factor_rho=5.62e-56 rho_eV2=6.76e+57 rho_final=3.80e+02
BG_FUNC: a=3.37e-08 V=2.76e-01 factor_V=2.45e+58 factor_rho=5.62e-56 rho_eV2=6.76e+57 rho_final=3.80e+02
BG_FUNC: a=1.34e-06 V=2.76e-01 factor_V=2.45e+58 factor_rho=5.62e-56 rho_eV2=6.76e+57 rho_final=3.80e+02
BG_FUNC: a=5.36e-05 V=2.72e-01 factor_V=2.45e+58 factor_rho=5.62e-56 rho_eV2=6.69e+57 rho_final=3.76e+02
RIDDER SWITCHING: z_osc = 6003.88, a_osc = 1.665313e-04
DEBUG: Ridder field ENABLED. Lambda = 1.227055e+00
DEBUG: Ridder field ENABLED. Lambda = 1.227055e+00
BG_FUNC: a=1.09e-13 V=2.20e-01 factor_V=2.45e+58 factor_rho=5.62e-56 rho_eV2=5.38e+57 rho_final=3.03e+02
BG_FUNC: a=4.33e-12 V=2.20e-01 factor_V=2.45e+58 factor_rho=5.62e-56 rho_eV2=5.38e+57 rho_final=3.03e+02
BG_FUNC: a=1.72e-10 V=2.20e-01 factor_V=2.45e+58 factor_rho=5.62e-56 rho_eV2=5.38e+57 rho_final=3.03e+02
BG_FUNC: a=6.89e-09 V=2.20e-01 factor_V=2.45e+58 factor_rho=5.62e-56 rho_eV2=5.38e+57 rho_final=3.03e+02
BG_FUNC: a=2.71e-07 V=2.20e-01 factor_V=2.45e+58 factor_rho=5.62e-56 rho_eV2=5.38e+57 rho_final=3.03e+02
BG_FUNC: a=1.08e-05 V=2.20e-01 factor_V=2.45e+58 factor_rho=5.62e-56 rho_eV2=5.38e+57 rho_final=3.03e+02
RIDDER SWITCHING: z_osc = 5667.24, a_osc = 1.764216e-04
DEBUG: Ridder field ENABLED. Lambda = 1.018155e+00
DEBUG: Ridder field ENABLED. Lambda = 1.018155e+00
BG_FUNC: a=2.19e-14 V=1.04e-01 factor_V=2.45e+58 factor_rho=5.62e-56 rho_eV2=2.55e+57 rho_final=1.44e+02
BG_FUNC: a=8.22e-13 V=1.04e-01 factor_V=2.45e+58 factor_rho=5.62e-56 rho_eV2=2.55e+57 rho_final=1.44e+02
BG_FUNC: a=3.26e-11 V=1.04e-01 factor_V=2.45e+58 factor_rho=5.62e-56 rho_eV2=2.55e+57 rho_final=1.44e+02
BG_FUNC: a=1.30e-09 V=1.04e-01 factor_V=2.45e+58 factor_rho=5.62e-56 rho_eV2=2.55e+57 rho_final=1.44e+02
BG_FUNC: a=5.15e-08 V=1.04e-01 factor_V=2.45e+58 factor_rho=5.62e-56 rho_eV2=2.55e+57 rho_final=1.44e+02
BG_FUNC: a=2.04e-06 V=1.04e-01 factor_V=2.45e+58 factor_rho=5.62e-56 rho_eV2=2.55e+57 rho_final=1.44e+02
BG_FUNC: a=8.05e-05 V=1.01e-01 factor_V=2.45e+58 factor_rho=5.62e-56 rho_eV2=2.51e+57 rho_final=1.41e+02
RIDDER SWITCHING: z_osc = 4586.83, a_osc = 2.179682e-04
DEBUG: Ridder field ENABLED. Lambda = 1.154922e+00
DEBUG: Ridder field ENABLED. Lambda = 1.154922e+00
BG_FUNC: a=1.26e-13 V=1.73e-01 factor_V=2.45e+58 factor_rho=5.62e-56 rho_eV2=4.23e+57 rho_final=2.38e+02
BG_FUNC: a=5.01e-12 V=1.73e-01 factor_V=2.45e+58 factor_rho=5.62e-56 rho_eV2=4.23e+57 rho_final=2.38e+02
BG_FUNC: a=1.99e-10 V=1.73e-01 factor_V=2.45e+58 factor_rho=5.62e-56 rho_eV2=4.23e+57 rho_final=2.38e+02
BG_FUNC: a=7.90e-09 V=1.73e-01 factor_V=2.45e+58 factor_rho=5.62e-56 rho_eV2=4.23e+57 rho_final=2.38e+02
BG_FUNC: a=3.14e-07 V=1.73e-01 factor_V=2.45e+58 factor_rho=5.62e-56 rho_eV2=4.23e+57 rho_final=2.38e+02
BG_FUNC: a=1.25e-05 V=1.73e-01 factor_V=2.45e+58 factor_rho=5.62e-56 rho_eV2=4.23e+57 rho_final=2.38e+02
RIDDER SWITCHING: z_osc = 5304.10, a_osc = 1.884977e-04
DEBUG: Ridder field ENABLED. Lambda = 1.295668e+00
DEBUG: Ridder field ENABLED. Lambda = 1.295668e+00
BG_FUNC: a=2.35e-14 V=2.74e-01 factor_V=2.45e+58 factor_rho=5.62e-56 rho_eV2=6.69e+57 rho_final=3.76e+02
BG_FUNC: a=8.88e-13 V=2.74e-01 factor_V=2.45e+58 factor_rho=5.62e-56 rho_eV2=6.69e+57 rho_final=3.76e+02
BG_FUNC: a=3.52e-11 V=2.74e-01 factor_V=2.45e+58 factor_rho=5.62e-56 rho_eV2=6.69e+57 rho_final=3.76e+02
BG_FUNC: a=1.40e-09 V=2.74e-01 factor_V=2.45e+58 factor_rho=5.62e-56 rho_eV2=6.69e+57 rho_final=3.76e+02
BG_FUNC: a=5.53e-08 V=2.74e-01 factor_V=2.45e+58 factor_rho=5.62e-56 rho_eV2=6.69e+57 rho_final=3.76e+02
BG_FUNC: a=2.19e-06 V=2.74e-01 factor_V=2.45e+58 factor_rho=5.62e-56 rho_eV2=6.69e+57 rho_final=3.76e+02
BG_FUNC: a=8.62e-05 V=2.48e-01 factor_V=2.45e+58 factor_rho=5.62e-56 rho_eV2=6.31e+57 rho_final=3.55e+02
RIDDER SWITCHING: z_osc = 6021.09, a_osc = 1.660554e-04
DEBUG: Ridder field ENABLED. Lambda = 8.170440e-01
DEBUG: Ridder field ENABLED. Lambda = 8.170440e-01
BG_FUNC: a=1.77e-13 V=4.33e-02 factor_V=2.45e+58 factor_rho=5.62e-56 rho_eV2=1.06e+57 rho_final=5.95e+01
BG_FUNC: a=7.04e-12 V=4.33e-02 factor_V=2.45e+58 facto[mcmc] Progress @ 2025-11-30 21:05:17 : 6209 steps taken, and 998 accepted.
[mcmc] Progress @ 2025-11-30 21:06:44 : 6251 steps taken, and 1009 accepted.
[mcmc] Progress @ 2025-11-30 21:08:23 : 6269 steps taken, and 1012 accepted.
r_rho=5.62e-56 rho_eV2=1.06e+57 rho_final=5.95e+01
BG_FUNC: a=2.80e-10 V=4.33e-02 factor_V=2.45e+58 factor_rho=5.62e-56 rho_eV2=1.06e+57 rho_final=5.95e+01
BG_FUNC: a=1.11e-08 V=4.33e-02 factor_V=2.45e+58 factor_rho=5.62e-56 rho_eV2=1.06e+57 rho_final=5.95e+01
BG_FUNC: a=4.40e-07 V=4.33e-02 factor_V=2.45e+58 factor_rho=5.62e-56 rho_eV2=1.06e+57 rho_final=5.95e+01
BG_FUNC: a=1.75e-05 V=4.33e-02 factor_V=2.45e+58 factor_rho=5.62e-56 rho_eV2=1.06e+57 rho_final=5.95e+01
RIDDER SWITCHING: z_osc = 3584.07, a_osc = 2.789342e-04
DEBUG: Ridder field ENABLED. Lambda = 9.995204e-01
DEBUG: Ridder field ENABLED. Lambda = 9.995204e-01
BG_FUNC: a=2.25e-14 V=9.70e-02 factor_V=2.45e+58 factor_rho=5.62e-56 rho_eV2=2.37e+57 rho_final=1.33e+02
BG_FUNC: a=8.48e-13 V=9.70e-02 factor_V=2.45e+58 factor_rho=5.62e-56 rho_eV2=2.37e+57 rho_final=1.33e+02
BG_FUNC: a=3.36e-11 V=9.70e-02 factor_V=2.45e+58 factor_rho=5.62e-56 rho_eV2=2.37e+57 rho_final=1.33e+02
BG_FUNC: a=1.33e-09 V=9.70e-02 factor_V=2.45e+58 factor_rho=5.62e-56 rho_eV2=2.37e+57 rho_final=1.33e+02
BG_FUNC: a=5.28e-08 V=9.70e-02 factor_V=2.45e+58 factor_rho=5.62e-56 rho_eV2=2.37e+57 rho_final=1.33e+02
BG_FUNC: a=2.09e-06 V=9.70e-02 factor_V=2.45e+58 factor_rho=5.62e-56 rho_eV2=2.37e+57 rho_final=1.33e+02
BG_FUNC: a=8.24e-05 V=9.41e-02 factor_V=2.45e+58 factor_rho=5.62e-56 rho_eV2=2.33e+57 rho_final=1.31e+02
RIDDER SWITCHING: z_osc = 4484.22, a_osc = 2.229543e-04
DEBUG: Ridder field ENABLED. Lambda = 1.081048e+00
DEBUG: Ridder field ENABLED. Lambda = 1.081048e+00
BG_FUNC: a=1.27e-13 V=1.33e-01 factor_V=2.45e+58 factor_rho=5.62e-56 rho_eV2=3.24e+57 rho_final=1.82e+02
BG_FUNC: a=5.08e-12 V=1.33e-01 factor_V=2.45e+58 factor_rho=5.62e-56 rho_eV2=3.24e+57 rho_final=1.82e+02
BG_FUNC: a=2.00e-10 V=1.33e-01 factor_V=2.45e+58 factor_rho=5.62e-56 rho_eV2=3.24e+57 rho_final=1.82e+02
BG_FUNC: a=7.91e-09 V=1.33e-01 factor_V=2.45e+58 factor_rho=5.62e-56 rho_eV2=3.24e+57 rho_final=1.82e+02
BG_FUNC: a=3.14e-07 V=1.33e-01 factor_V=2.45e+58 factor_rho=5.62e-56 rho_eV2=3.24e+57 rho_final=1.82e+02
BG_FUNC: a=1.24e-05 V=1.33e-01 factor_V=2.45e+58 factor_rho=5.62e-56 rho_eV2=3.24e+57 rho_final=1.82e+02
RIDDER SWITCHING: z_osc = 4891.37, a_osc = 2.044000e-04
DEBUG: Ridder field ENABLED. Lambda = 1.096861e+00
DEBUG: Ridder field ENABLED. Lambda = 1.096861e+00
BG_FUNC: a=2.18e-14 V=1.41e-01 factor_V=2.45e+58 factor_rho=5.62e-56 rho_eV2=3.44e+57 rho_final=1.93e+02
BG_FUNC: a=8.25e-13 V=1.41e-01 factor_V=2.45e+58 factor_rho=5.62e-56 rho_eV2=3.44e+57 rho_final=1.93e+02
BG_FUNC: a=3.30e-11 V=1.41e-01 factor_V=2.45e+58 factor_rho=5.62e-56 rho_eV2=3.44e+57 rho_final=1.93e+02
BG_FUNC: a=1.32e-09 V=1.41e-01 factor_V=2.45e+58 factor_rho=5.62e-56 rho_eV2=3.44e+57 rho_final=1.93e+02
BG_FUNC: a=5.28e-08 V=1.41e-01 factor_V=2.45e+58 factor_rho=5.62e-56 rho_eV2=3.44e+57 rho_final=1.93e+02
BG_FUNC: a=2.11e-06 V=1.41e-01 factor_V=2.45e+58 factor_rho=5.62e-56 rho_eV2=3.44e+57 rho_final=1.93e+02
BG_FUNC: a=8.39e-05 V=1.34e-01 factor_V=2.45e+58 factor_rho=5.62e-56 rho_eV2=3.34e+57 rho_final=1.88e+02
RIDDER SWITCHING: z_osc = 4967.51, a_osc = 2.012675e-04
DEBUG: Ridder field ENABLED. Lambda = 1.154922e+00
DEBUG: Ridder field ENABLED. Lambda = 1.154922e+00
BG_FUNC: a=1.42e-13 V=1.73e-01 factor_V=2.45e+58 factor_rho=5.62e-56 rho_eV2=4.23e+57 rho_final=2.38e+02
BG_FUNC: a=5.65e-12 V=1.73e-01 factor_V=2.45e+58 factor_rho=5.62e-56 rho_eV2=4.23e+57 rho_final=2.38e+02
BG_FUNC: a=2.24e-10 V=1.73e-01 factor_V=2.45e+58 factor_rho=5.62e-56 rho_eV2=4.23e+57 rho_final=2.38e+02
BG_FUNC: a=8.88e-09 V=1.73e-01 factor_V=2.45e+58 factor_rho=5.62e-56 rho_eV2=4.23e+57 rho_final=2.38e+02
BG_FUNC: a=3.52e-07 V=1.73e-01 factor_V=2.45e+58 factor_rho=5.62e-56 rho_eV2=4.23e+57 rho_final=2.38e+02
BG_FUNC: a=1.40e-05 V=1.73e-01 factor_V=2.45e+58 factor_rho=5.62e-56 rho_eV2=4.23e+57 rho_final=2.38e+02
RIDDER SWITCHING: z_osc = 5291.26, a_osc = 1.889553e-04
DEBUG: Ridder field ENABLED. Lambda = 9.584977e-01
DEBUG: Ridder field ENABLED. Lambda = 9.584977e-01
BG_FUNC: a=2.63e-14 V=8.20e-02 factor_V=2.45e+58 factor_rho=5.62e-56 rho_eV2=2.00e+57 rho_final=1.13e+02
[mcmc] Progress @ 2025-11-30 21:09:54 : 6280 steps taken, and 1014 accepted.
[mcmc] Progress @ 2025-11-30 21:11:03 : 6301 steps taken, and 1016 accepted.
[mcmc] Progress @ 2025-11-30 21:12:41 : 6307 steps taken, and 1017 accepted.
BG_FUNC: a=9.93e-13 V=8.20e-02 factor_V=2.45e+58 factor_rho=5.62e-56 rho_eV2=2.00e+57 rho_final=1.13e+02
BG_FUNC: a=3.94e-11 V=8.20e-02 factor_V=2.45e+58 factor_rho=5.62e-56 rho_eV2=2.00e+57 rho_final=1.13e+02
BG_FUNC: a=1.57e-09 V=8.20e-02 factor_V=2.45e+58 factor_rho=5.62e-56 rho_eV2=2.00e+57 rho_final=1.13e+02
BG_FUNC: a=6.22e-08 V=8.20e-02 factor_V=2.45e+58 factor_rho=5.62e-56 rho_eV2=2.00e+57 rho_final=1.13e+02
BG_FUNC: a=2.47e-06 V=8.20e-02 factor_V=2.45e+58 factor_rho=5.62e-56 rho_eV2=2.00e+57 rho_final=1.13e+02
BG_FUNC: a=9.73e-05 V=7.82e-02 factor_V=2.45e+58 factor_rho=5.62e-56 rho_eV2=1.95e+57 rho_final=1.10e+02
RIDDER SWITCHING: z_osc = 4274.35, a_osc = 2.338989e-04
DEBUG: Ridder field ENABLED. Lambda = 1.154922e+00
DEBUG: Ridder field ENABLED. Lambda = 1.154922e+00
BG_FUNC: a=1.42e-13 V=1.73e-01 factor_V=2.45e+58 factor_rho=5.62e-56 rho_eV2=4.23e+57 rho_final=2.38e+02
BG_FUNC: a=5.62e-12 V=1.73e-01 factor_V=2.45e+58 factor_rho=5.62e-56 rho_eV2=4.23e+57 rho_final=2.38e+02
BG_FUNC: a=2.23e-10 V=1.73e-01 factor_V=2.45e+58 factor_rho=5.62e-56 rho_eV2=4.23e+57 rho_final=2.38e+02
BG_FUNC: a=8.87e-09 V=1.73e-01 factor_V=2.45e+58 factor_rho=5.62e-56 rho_eV2=4.23e+57 rho_final=2.38e+02
BG_FUNC: a=3.52e-07 V=1.73e-01 factor_V=2.45e+58 factor_rho=5.62e-56 rho_eV2=4.23e+57 rho_final=2.38e+02
BG_FUNC: a=1.40e-05 V=1.73e-01 factor_V=2.45e+58 factor_rho=5.62e-56 rho_eV2=4.23e+57 rho_final=2.38e+02
RIDDER SWITCHING: z_osc = 5304.10, a_osc = 1.884977e-04
DEBUG: Ridder field ENABLED. Lambda = 9.916762e-01
DEBUG: Ridder field ENABLED. Lambda = 9.916762e-01
BG_FUNC: a=2.64e-14 V=9.39e-02 factor_V=2.45e+58 factor_rho=5.62e-56 rho_eV2=2.30e+57 rho_final=1.29e+02
BG_FUNC: a=9.97e-13 V=9.39e-02 factor_V=2.45e+58 factor_rho=5.62e-56 rho_eV2=2.30e+57 rho_final=1.29e+02
BG_FUNC: a=3.96e-11 V=9.39e-02 factor_V=2.45e+58 factor_rho=5.62e-56 rho_eV2=2.30e+57 rho_final=1.29e+02
BG_FUNC: a=1.57e-09 V=9.39e-02 factor_V=2.45e+58 factor_rho=5.62e-56 rho_eV2=2.30e+57 rho_final=1.29e+02
BG_FUNC: a=6.24e-08 V=9.39e-02 factor_V=2.45e+58 factor_rho=5.62e-56 rho_eV2=2.30e+57 rho_final=1.29e+02
BG_FUNC: a=2.48e-06 V=9.39e-02 factor_V=2.45e+58 factor_rho=5.62e-56 rho_eV2=2.30e+57 rho_final=1.29e+02
BG_FUNC: a=9.78e-05 V=8.90e-02 factor_V=2.45e+58 factor_rho=5.62e-56 rho_eV2=2.22e+57 rho_final=1.25e+02
RIDDER SWITCHING: z_osc = 4446.09, a_osc = 2.248660e-04
DEBUG: Ridder field ENABLED. Lambda = 1.614174e+00
DEBUG: Ridder field ENABLED. Lambda = 1.614174e+00
BG_FUNC: a=1.48e-13 V=6.60e-01 factor_V=2.45e+58 factor_rho=5.62e-56 rho_eV2=1.61e+58 rho_final=9.07e+02
BG_FUNC: a=5.88e-12 V=6.60e-01 factor_V=2.45e+58 factor_rho=5.62e-56 rho_eV2=1.61e+58 rho_final=9.07e+02
BG_FUNC: a=2.33e-10 V=6.60e-01 factor_V=2.45e+58 factor_rho=5.62e-56 rho_eV2=1.61e+58 rho_final=9.07e+02
BG_FUNC: a=9.27e-09 V=6.60e-01 factor_V=2.45e+58 factor_rho=5.62e-56 rho_eV2=1.61e+58 rho_final=9.07e+02
BG_FUNC: a=3.68e-07 V=6.60e-01 factor_V=2.45e+58 factor_rho=5.62e-56 rho_eV2=1.61e+58 rho_final=9.07e+02
BG_FUNC: a=1.46e-05 V=6.59e-01 factor_V=2.45e+58 factor_rho=5.62e-56 rho_eV2=1.61e+58 rho_final=9.06e+02
RIDDER SWITCHING: z_osc = 7629.66, a_osc = 1.310503e-04
DEBUG: Ridder field ENABLED. Lambda = 1.441883e+00
DEBUG: Ridder field ENABLED. Lambda = 1.441883e+00
BG_FUNC: a=3.95e-14 V=4.20e-01 factor_V=2.45e+58 factor_rho=5.62e-56 rho_eV2=1.03e+58 rho_final=5.77e+02
BG_FUNC: a=1.51e-12 V=4.20e-01 factor_V=2.45e+58 factor_rho=5.62e-56 rho_eV2=1.03e+58 rho_final=5.77e+02
BG_FUNC: a=5.99e-11 V=4.20e-01 factor_V=2.45e+58 factor_rho=5.62e-56 rho_eV2=1.03e+58 rho_final=5.77e+02
BG_FUNC: a=2.39e-09 V=4.20e-01 factor_V=2.45e+58 factor_rho=5.62e-56 rho_eV2=1.03e+58 rho_final=5.77e+02
BG_FUNC: a=9.50e-08 V=4.20e-01 factor_V=2.45e+58 factor_rho=5.62e-56 rho_eV2=1.03e+58 rho_final=5.77e+02
BG_FUNC: a=3.78e-06 V=4.20e-01 factor_V=2.45e+58 factor_rho=5.62e-56 rho_eV2=1.03e+58 rho_final=5.77e+02
RIDDER SWITCHING: z_osc = 6809.13, a_osc = 1.468401e-04
DEBUG: Ridder field ENABLED. Lambda = 1.230677e+00
DEBUG: Ridder field ENABLED. Lambda = 1.230677e+00
BG_FUNC: a=1.00e-14 V=2.23e-01 factor_V=2.45e+58 fa[mcmc] Progress @ 2025-11-30 21:13:42 : 6327 steps taken, and 1021 accepted.
[mcmc] Progress @ 2025-11-30 21:14:50 : 6353 steps taken, and 1027 accepted.
[mcmc] Progress @ 2025-11-30 21:15:50 : 6371 steps taken, and 1029 accepted.
ctor_rho=5.62e-56 rho_eV2=5.45e+57 rho_final=3.06e+02
BG_FUNC: a=3.46e-13 V=2.23e-01 factor_V=2.45e+58 factor_rho=5.62e-56 rho_eV2=5.45e+57 rho_final=3.06e+02
BG_FUNC: a=1.37e-11 V=2.23e-01 factor_V=2.45e+58 factor_rho=5.62e-56 rho_eV2=5.45e+57 rho_final=3.06e+02
BG_FUNC: a=5.44e-10 V=2.23e-01 factor_V=2.45e+58 factor_rho=5.62e-56 rho_eV2=5.45e+57 rho_final=3.06e+02
BG_FUNC: a=2.15e-08 V=2.23e-01 factor_V=2.45e+58 factor_rho=5.62e-56 rho_eV2=5.45e+57 rho_final=3.06e+02
BG_FUNC: a=8.60e-07 V=2.23e-01 factor_V=2.45e+58 factor_rho=5.62e-56 rho_eV2=5.45e+57 rho_final=3.06e+02
BG_FUNC: a=3.37e-05 V=2.22e-01 factor_V=2.45e+58 factor_rho=5.62e-56 rho_eV2=5.44e+57 rho_final=3.06e+02
RIDDER SWITCHING: z_osc = 5692.92, a_osc = 1.756259e-04
DEBUG: Ridder field ENABLED. Lambda = 1.050688e+00
DEBUG: Ridder field ENABLED. Lambda = 1.050688e+00
BG_FUNC: a=6.78e-14 V=1.18e-01 factor_V=2.45e+58 factor_rho=5.62e-56 rho_eV2=2.89e+57 rho_final=1.63e+02
BG_FUNC: a=2.61e-12 V=1.18e-01 factor_V=2.45e+58 factor_rho=5.62e-56 rho_eV2=2.89e+57 rho_final=1.63e+02
BG_FUNC: a=1.05e-10 V=1.18e-01 factor_V=2.45e+58 factor_rho=5.62e-56 rho_eV2=2.89e+57 rho_final=1.63e+02
BG_FUNC: a=4.16e-09 V=1.18e-01 factor_V=2.45e+58 factor_rho=5.62e-56 rho_eV2=2.89e+57 rho_final=1.63e+02
BG_FUNC: a=1.66e-07 V=1.18e-01 factor_V=2.45e+58 factor_rho=5.62e-56 rho_eV2=2.89e+57 rho_final=1.63e+02
BG_FUNC: a=6.61e-06 V=1.18e-01 factor_V=2.45e+58 factor_rho=5.62e-56 rho_eV2=2.89e+57 rho_final=1.63e+02
RIDDER SWITCHING: z_osc = 4726.22, a_osc = 2.115410e-04
DEBUG: Ridder field ENABLED. Lambda = 1.406741e+00
DEBUG: Ridder field ENABLED. Lambda = 1.406741e+00
BG_FUNC: a=1.14e-14 V=3.80e-01 factor_V=2.45e+58 factor_rho=5.62e-56 rho_eV2=9.30e+57 rho_final=5.23e+02
BG_FUNC: a=4.25e-13 V=3.80e-01 factor_V=2.45e+58 factor_rho=5.62e-56 rho_eV2=9.30e+57 rho_final=5.23e+02
BG_FUNC: a=1.68e-11 V=3.80e-01 factor_V=2.45e+58 factor_rho=5.62e-56 rho_eV2=9.30e+57 rho_final=5.23e+02
BG_FUNC: a=6.67e-10 V=3.80e-01 factor_V=2.45e+58 factor_rho=5.62e-56 rho_eV2=9.30e+57 rho_final=5.23e+02
BG_FUNC: a=2.67e-08 V=3.80e-01 factor_V=2.45e+58 factor_rho=5.62e-56 rho_eV2=9.30e+57 rho_final=5.23e+02
BG_FUNC: a=1.05e-06 V=3.80e-01 factor_V=2.45e+58 factor_rho=5.62e-56 rho_eV2=9.30e+57 rho_final=5.23e+02
BG_FUNC: a=4.18e-05 V=3.77e-01 factor_V=2.45e+58 factor_rho=5.62e-56 rho_eV2=9.26e+57 rho_final=5.20e+02
RIDDER SWITCHING: z_osc = 6577.43, a_osc = 1.520121e-04
DEBUG: Ridder field ENABLED. Lambda = 1.573096e+00
DEBUG: Ridder field ENABLED. Lambda = 1.573096e+00
BG_FUNC: a=9.34e-14 V=5.95e-01 factor_V=2.45e+58 factor_rho=5.62e-56 rho_eV2=1.45e+58 rho_final=8.18e+02
BG_FUNC: a=3.70e-12 V=5.95e-01 factor_V=2.45e+58 factor_rho=5.62e-56 rho_eV2=1.45e+58 rho_final=8.18e+02
BG_FUNC: a=1.47e-10 V=5.95e-01 factor_V=2.45e+58 factor_rho=5.62e-56 rho_eV2=1.45e+58 rho_final=8.18e+02
BG_FUNC: a=5.83e-09 V=5.95e-01 factor_V=2.45e+58 factor_rho=5.62e-56 rho_eV2=1.45e+58 rho_final=8.18e+02
BG_FUNC: a=2.31e-07 V=5.95e-01 factor_V=2.45e+58 factor_rho=5.62e-56 rho_eV2=1.45e+58 rho_final=8.18e+02
BG_FUNC: a=9.18e-06 V=5.95e-01 factor_V=2.45e+58 factor_rho=5.62e-56 rho_eV2=1.45e+58 rho_final=8.18e+02
RIDDER SWITCHING: z_osc = 7468.58, a_osc = 1.338763e-04
DEBUG: Ridder field ENABLED. Lambda = 1.217563e+00
DEBUG: Ridder field ENABLED. Lambda = 1.217563e+00
BG_FUNC: a=2.44e-14 V=2.13e-01 factor_V=2.45e+58 factor_rho=5.62e-56 rho_eV2=5.22e+57 rho_final=2.93e+02
BG_FUNC: a=9.24e-13 V=2.13e-01 factor_V=2.45e+58 factor_rho=5.62e-56 rho_eV2=5.22e+57 rho_final=2.93e+02
BG_FUNC: a=3.59e-11 V=2.13e-01 factor_V=2.45e+58 factor_rho=5.62e-56 rho_eV2=5.22e+57 rho_final=2.93e+02
BG_FUNC: a=1.41e-09 V=2.13e-01 factor_V=2.45e+58 factor_rho=5.62e-56 rho_eV2=5.22e+57 rho_final=2.93e+02
BG_FUNC: a=5.52e-08 V=2.13e-01 factor_V=2.45e+58 factor_rho=5.62e-56 rho_eV2=5.22e+57 rho_final=2.93e+02
BG_FUNC: a=2.18e-06 V=2.13e-01 factor_V=2.45e+58 factor_rho=5.62e-56 rho_eV2=5.22e+57 rho_final=2.93e+02
BG_FUNC: a=8.24e-05 V=2.00e-01 factor_V=2.45e+58 factor_rho=5.62e-56 rho_eV2=5.02e+57 rho_final=2.82e+02
RIDDER SWITCHING: z_osc = 5601.55, a_osc = 1.78490[mcmc] Progress @ 2025-11-30 21:17:12 : 6373 steps taken, and 1029 accepted.
[mcmc] Progress @ 2025-11-30 21:18:12 : 6395 steps taken, and 1033 accepted.
[mcmc] Progress @ 2025-11-30 21:19:12 : 6421 steps taken, and 1039 accepted.
[mcmc] Progress @ 2025-11-30 21:20:14 : 6433 steps taken, and 1040 accepted.
[mcmc] Progress @ 2025-11-30 21:21:15 : 6450 steps taken, and 1042 accepted.
1e-04
DEBUG: Ridder field ENABLED. Lambda = 1.154922e+00
DEBUG: Ridder field ENABLED. Lambda = 1.154922e+00
BG_FUNC: a=1.58e-13 V=1.73e-01 factor_V=2.45e+58 factor_rho=5.62e-56 rho_eV2=4.23e+57 rho_final=2.38e+02
BG_FUNC: a=6.25e-12 V=1.73e-01 factor_V=2.45e+58 factor_rho=5.62e-56 rho_eV2=4.23e+57 rho_final=2.38e+02
BG_FUNC: a=2.48e-10 V=1.73e-01 factor_V=2.45e+58 factor_rho=5.62e-56 rho_eV2=4.23e+57 rho_final=2.38e+02
BG_FUNC: a=9.86e-09 V=1.73e-01 factor_V=2.45e+58 factor_rho=5.62e-56 rho_eV2=4.23e+57 rho_final=2.38e+02
BG_FUNC: a=3.92e-07 V=1.73e-01 factor_V=2.45e+58 factor_rho=5.62e-56 rho_eV2=4.23e+57 rho_final=2.38e+02
BG_FUNC: a=1.55e-05 V=1.73e-01 factor_V=2.45e+58 factor_rho=5.62e-56 rho_eV2=4.23e+57 rho_final=2.38e+02
RIDDER SWITCHING: z_osc = 5304.10, a_osc = 1.884977e-04
DEBUG: Ridder field ENABLED. Lambda = 1.278116e+00
DEBUG: Ridder field ENABLED. Lambda = 1.278116e+00
BG_FUNC: a=2.93e-14 V=2.59e-01 factor_V=2.45e+58 factor_rho=5.62e-56 rho_eV2=6.34e+57 rho_final=3.56e+02
BG_FUNC: a=1.12e-12 V=2.59e-01 factor_V=2.45e+58 factor_rho=5.62e-56 rho_eV2=6.34e+57 rho_final=3.56e+02
BG_FUNC: a=4.48e-11 V=2.59e-01 factor_V=2.45e+58 factor_rho=5.62e-56 rho_eV2=6.34e+57 rho_final=3.56e+02
BG_FUNC: a=1.80e-09 V=2.59e-01 factor_V=2.45e+58 factor_rho=5.62e-56 rho_eV2=6.34e+57 rho_final=3.56e+02
BG_FUNC: a=7.23e-08 V=2.59e-01 factor_V=2.45e+58 factor_rho=5.62e-56 rho_eV2=6.34e+57 rho_final=3.56e+02
BG_FUNC: a=2.91e-06 V=2.59e-01 factor_V=2.45e+58 factor_rho=5.62e-56 rho_eV2=6.34e+57 rho_final=3.56e+02
BG_FUNC: a=1.15e-04 V=1.97e-01 factor_V=2.45e+58 factor_rho=5.62e-56 rho_eV2=5.36e+57 rho_final=3.02e+02
RIDDER SWITCHING: z_osc = 5905.48, a_osc = 1.693056e-04
DEBUG: Ridder field ENABLED. Lambda = 1.101219e+00
DEBUG: Ridder field ENABLED. Lambda = 1.101219e+00
BG_FUNC: a=2.35e-13 V=1.43e-01 factor_V=2.45e+58 factor_rho=5.62e-56 rho_eV2=3.49e+57 rho_final=1.96e+02
BG_FUNC: a=9.36e-12 V=1.43e-01 factor_V=2.45e+58 factor_rho=5.62e-56 rho_eV2=3.49e+57 rho_final=1.96e+02
BG_FUNC: a=3.72e-10 V=1.43e-01 factor_V=2.45e+58 factor_rho=5.62e-56 rho_eV2=3.49e+57 rho_final=1.96e+02
BG_FUNC: a=1.50e-08 V=1.43e-01 factor_V=2.45e+58 factor_rho=5.62e-56 rho_eV2=3.49e+57 rho_final=1.96e+02
BG_FUNC: a=5.91e-07 V=1.43e-01 factor_V=2.45e+58 factor_rho=5.62e-56 rho_eV2=3.49e+57 rho_final=1.96e+02
BG_FUNC: a=2.35e-05 V=1.43e-01 factor_V=2.45e+58 factor_rho=5.62e-56 rho_eV2=3.49e+57 rho_final=1.96e+02
RIDDER SWITCHING: z_osc = 4986.12, a_osc = 2.005164e-04
DEBUG: Ridder field ENABLED. Lambda = 1.022981e+00
DEBUG: Ridder field ENABLED. Lambda = 1.022981e+00
BG_FUNC: a=4.16e-14 V=1.06e-01 factor_V=2.45e+58 factor_rho=5.62e-56 rho_eV2=2.60e+57 rho_final=1.46e+02
BG_FUNC: a=1.57e-12 V=1.06e-01 factor_V=2.45e+58 factor_rho=5.62e-56 rho_eV2=2.60e+57 rho_final=1.46e+02
BG_FUNC: a=6.15e-11 V=1.06e-01 factor_V=2.45e+58 factor_rho=5.62e-56 rho_eV2=2.60e+57 rho_final=1.46e+02
BG_FUNC: a=2.41e-09 V=1.06e-01 factor_V=2.45e+58 factor_rho=5.62e-56 rho_eV2=2.60e+57 rho_final=1.46e+02
BG_FUNC: a=9.46e-08 V=1.06e-01 factor_V=2.45e+58 factor_rho=5.62e-56 rho_eV2=2.60e+57 rho_final=1.46e+02
BG_FUNC: a=3.70e-06 V=1.06e-01 factor_V=2.45e+58 factor_rho=5.62e-56 rho_eV2=2.60e+57 rho_final=1.46e+02
BG_FUNC: a=1.41e-04 V=8.37e-02 factor_V=2.45e+58 factor_rho=5.62e-56 rho_eV2=2.25e+57 rho_final=1.26e+02
RIDDER SWITCHING: z_osc = 4617.85, a_osc = 2.165041e-04
DEBUG: Ridder field ENABLED. Lambda = 1.072521e+00
DEBUG: Ridder field ENABLED. Lambda = 1.072521e+00
BG_FUNC: a=2.26e-13 V=1.29e-01 factor_V=2.45e+58 factor_rho=5.62e-56 rho_eV2=3.14e+57 rho_final=1.77e+02
BG_FUNC: a=8.97e-12 V=1.29e-01 factor_V=2.45e+58 factor_rho=5.62e-56 rho_eV2=3.14e+57 rho_final=1.77e+02
BG_FUNC: a=3.60e-10 V=1.29e-01 factor_V=2.45e+58 factor_rho=5.62e-56 rho_eV2=3.14e+57 rho_final=1.77e+02
BG_FUNC: a=1.44e-08 V=1.29e-01 factor_V=2.45e+58 factor_rho=5.62e-56 rho_eV2=3.14e+57 rho_final=1.77e+02
BG_FUNC: a=5.85e-07 V=1.29e-01 factor_V=2.45e+58 factor_rho=5.62e-56 rho_eV2=3.14e+57 rho_final=1.77e+02
BG_FUNC: a=2.33e-05 V=1.29e-01 factor_V=2.45e+58 factor_rho=5.62e-56 rho_eV2=3.14e+57 rho_final=1.77e[mcmc] Progress @ 2025-11-30 21:22:57 : 6462 steps taken, and 1044 accepted.
[mcmc] Progress @ 2025-11-30 21:24:36 : 6479 steps taken, and 1044 accepted.
+02
RIDDER SWITCHING: z_osc = 4851.86, a_osc = 2.060642e-04
DEBUG: Ridder field ENABLED. Lambda = 1.247878e+00
DEBUG: Ridder field ENABLED. Lambda = 1.247878e+00
BG_FUNC: a=4.01e-14 V=2.36e-01 factor_V=2.45e+58 factor_rho=5.62e-56 rho_eV2=5.76e+57 rho_final=3.24e+02
BG_FUNC: a=1.53e-12 V=2.36e-01 factor_V=2.45e+58 factor_rho=5.62e-56 rho_eV2=5.76e+57 rho_final=3.24e+02
BG_FUNC: a=6.11e-11 V=2.36e-01 factor_V=2.45e+58 factor_rho=5.62e-56 rho_eV2=5.76e+57 rho_final=3.24e+02
BG_FUNC: a=2.44e-09 V=2.36e-01 factor_V=2.45e+58 factor_rho=5.62e-56 rho_eV2=5.76e+57 rho_final=3.24e+02
BG_FUNC: a=9.80e-08 V=2.36e-01 factor_V=2.45e+58 factor_rho=5.62e-56 rho_eV2=5.76e+57 rho_final=3.24e+02
BG_FUNC: a=3.87e-06 V=2.36e-01 factor_V=2.45e+58 factor_rho=5.62e-56 rho_eV2=5.76e+57 rho_final=3.24e+02
BG_FUNC: a=1.51e-04 V=1.22e-01 factor_V=2.45e+58 factor_rho=5.62e-56 rho_eV2=3.87e+57 rho_final=2.17e+02
RIDDER SWITCHING: z_osc = 5796.60, a_osc = 1.724852e-04
DEBUG: Ridder field ENABLED. Lambda = 1.154922e+00
DEBUG: Ridder field ENABLED. Lambda = 1.154922e+00
BG_FUNC: a=3.04e-13 V=1.73e-01 factor_V=2.45e+58 factor_rho=5.62e-56 rho_eV2=4.23e+57 rho_final=2.38e+02
BG_FUNC: a=1.21e-11 V=1.73e-01 factor_V=2.45e+58 factor_rho=5.62e-56 rho_eV2=4.23e+57 rho_final=2.38e+02
BG_FUNC: a=4.78e-10 V=1.73e-01 factor_V=2.45e+58 factor_rho=5.62e-56 rho_eV2=4.23e+57 rho_final=2.38e+02
BG_FUNC: a=1.91e-08 V=1.73e-01 factor_V=2.45e+58 factor_rho=5.62e-56 rho_eV2=4.23e+57 rho_final=2.38e+02
BG_FUNC: a=7.52e-07 V=1.73e-01 factor_V=2.45e+58 factor_rho=5.62e-56 rho_eV2=4.23e+57 rho_final=2.38e+02
BG_FUNC: a=2.98e-05 V=1.73e-01 factor_V=2.45e+58 factor_rho=5.62e-56 rho_eV2=4.22e+57 rho_final=2.37e+02
RIDDER SWITCHING: z_osc = 5291.26, a_osc = 1.889553e-04
DEBUG: Ridder field ENABLED. Lambda = 1.694283e+00
DEBUG: Ridder field ENABLED. Lambda = 1.694283e+00
BG_FUNC: a=5.53e-14 V=8.00e-01 factor_V=2.45e+58 factor_rho=5.62e-56 rho_eV2=1.96e+58 rho_final=1.10e+03
BG_FUNC: a=2.11e-12 V=8.00e-01 factor_V=2.45e+58 factor_rho=5.62e-56 rho_eV2=1.96e+58 rho_final=1.10e+03
BG_FUNC: a=8.37e-11 V=8.00e-01 factor_V=2.45e+58 factor_rho=5.62e-56 rho_eV2=1.96e+58 rho_final=1.10e+03
BG_FUNC: a=3.32e-09 V=8.00e-01 factor_V=2.45e+58 factor_rho=5.62e-56 rho_eV2=1.96e+58 rho_final=1.10e+03
BG_FUNC: a=1.32e-07 V=8.00e-01 factor_V=2.45e+58 factor_rho=5.62e-56 rho_eV2=1.96e+58 rho_final=1.10e+03
BG_FUNC: a=5.22e-06 V=8.00e-01 factor_V=2.45e+58 factor_rho=5.62e-56 rho_eV2=1.96e+58 rho_final=1.10e+03
RIDDER SWITCHING: z_osc = 8097.11, a_osc = 1.234857e-04
DEBUG: Ridder field ENABLED. Lambda = 1.467905e+00
DEBUG: Ridder field ENABLED. Lambda = 1.467905e+00
BG_FUNC: a=1.51e-14 V=4.51e-01 factor_V=2.45e+58 factor_rho=5.62e-56 rho_eV2=1.10e+58 rho_final=6.20e+02
BG_FUNC: a=5.66e-13 V=4.51e-01 factor_V=2.45e+58 factor_rho=5.62e-56 rho_eV2=1.10e+58 rho_final=6.20e+02
BG_FUNC: a=2.24e-11 V=4.51e-01 factor_V=2.45e+58 factor_rho=5.62e-56 rho_eV2=1.10e+58 rho_final=6.20e+02
BG_FUNC: a=8.91e-10 V=4.51e-01 factor_V=2.45e+58 factor_rho=5.62e-56 rho_eV2=1.10e+58 rho_final=6.20e+02
BG_FUNC: a=3.53e-08 V=4.51e-01 factor_V=2.45e+58 factor_rho=5.62e-56 rho_eV2=1.10e+58 rho_final=6.20e+02
BG_FUNC: a=1.40e-06 V=4.51e-01 factor_V=2.45e+58 factor_rho=5.62e-56 rho_eV2=1.10e+58 rho_final=6.20e+02
BG_FUNC: a=5.59e-05 V=4.37e-01 factor_V=2.45e+58 factor_rho=5.62e-56 rho_eV2=1.08e+58 rho_final=6.09e+02
RIDDER SWITCHING: z_osc = 6967.23, a_osc = 1.435084e-04
DEBUG: Ridder field ENABLED. Lambda = 1.020988e+00
DEBUG: Ridder field ENABLED. Lambda = 1.020988e+00
BG_FUNC: a=1.31e-13 V=1.06e-01 factor_V=2.45e+58 factor_rho=5.62e-56 rho_eV2=2.58e+57 rho_final=1.45e+02
BG_FUNC: a=5.21e-12 V=1.06e-01 factor_V=2.45e+58 factor_rho=5.62e-56 rho_eV2=2.58e+57 rho_final=1.45e+02
BG_FUNC: a=2.07e-10 V=1.06e-01 factor_V=2.45e+58 factor_rho=5.62e-56 rho_eV2=2.58e+57 rho_final=1.45e+02
BG_FUNC: a=8.27e-09 V=1.06e-01 factor_V=2.45e+58 factor_rho=5.62e-56 rho_eV2=2.58e+57 rho_final=1.45e+02
BG_FUNC: a=3.26e-07 V=1.06e-01 factor_V=2.45e+58 factor_rho=5.62e-56 rho_eV2=2.58e+57 rho_final=1.45e+02
BG_FUNC: a=1.29e-05 V=1.06e-01 factor_V=2.45e+5[mcmc] Progress @ 2025-11-30 21:26:06 : 6500 steps taken, and 1044 accepted.
[mcmc] Progress @ 2025-11-30 21:27:06 : 6518 steps taken, and 1044 accepted.
[mcmc] Progress @ 2025-11-30 21:28:07 : 6537 steps taken, and 1049 accepted.
[mcmc] Progress @ 2025-11-30 21:29:07 : 6565 steps taken, and 1052 accepted.
8 factor_rho=5.62e-56 rho_eV2=2.58e+57 rho_final=1.45e+02
RIDDER SWITCHING: z_osc = 4599.76, a_osc = 2.173553e-04
DEBUG: Ridder field ENABLED. Lambda = 1.080493e+00
DEBUG: Ridder field ENABLED. Lambda = 1.080493e+00
BG_FUNC: a=2.12e-14 V=1.32e-01 factor_V=2.45e+58 factor_rho=5.62e-56 rho_eV2=3.24e+57 rho_final=1.82e+02
BG_FUNC: a=7.99e-13 V=1.32e-01 factor_V=2.45e+58 factor_rho=5.62e-56 rho_eV2=3.24e+57 rho_final=1.82e+02
BG_FUNC: a=3.17e-11 V=1.32e-01 factor_V=2.45e+58 factor_rho=5.62e-56 rho_eV2=3.24e+57 rho_final=1.82e+02
BG_FUNC: a=1.25e-09 V=1.32e-01 factor_V=2.45e+58 factor_rho=5.62e-56 rho_eV2=3.24e+57 rho_final=1.82e+02
BG_FUNC: a=4.97e-08 V=1.32e-01 factor_V=2.45e+58 factor_rho=5.62e-56 rho_eV2=3.24e+57 rho_final=1.82e+02
BG_FUNC: a=1.97e-06 V=1.32e-01 factor_V=2.45e+58 factor_rho=5.62e-56 rho_eV2=3.24e+57 rho_final=1.82e+02
BG_FUNC: a=7.78e-05 V=1.28e-01 factor_V=2.45e+58 factor_rho=5.62e-56 rho_eV2=3.17e+57 rho_final=1.78e+02
RIDDER SWITCHING: z_osc = 4901.97, a_osc = 2.039580e-04
DEBUG: Ridder field ENABLED. Lambda = 1.291406e+00
DEBUG: Ridder field ENABLED. Lambda = 1.291406e+00
BG_FUNC: a=1.30e-13 V=2.70e-01 factor_V=2.45e+58 factor_rho=5.62e-56 rho_eV2=6.61e+57 rho_final=3.71e+02
BG_FUNC: a=5.16e-12 V=2.70e-01 factor_V=2.45e+58 factor_rho=5.62e-56 rho_eV2=6.61e+57 rho_final=3.71e+02
BG_FUNC: a=2.05e-10 V=2.70e-01 factor_V=2.45e+58 factor_rho=5.62e-56 rho_eV2=6.61e+57 rho_final=3.71e+02
BG_FUNC: a=8.11e-09 V=2.70e-01 factor_V=2.45e+58 factor_rho=5.62e-56 rho_eV2=6.61e+57 rho_final=3.71e+02
BG_FUNC: a=3.21e-07 V=2.70e-01 factor_V=2.45e+58 factor_rho=5.62e-56 rho_eV2=6.61e+57 rho_final=3.71e+02
BG_FUNC: a=1.27e-05 V=2.70e-01 factor_V=2.45e+58 factor_rho=5.62e-56 rho_eV2=6.61e+57 rho_final=3.71e+02
RIDDER SWITCHING: z_osc = 6000.20, a_osc = 1.666334e-04
DEBUG: Ridder field ENABLED. Lambda = 1.148128e+00
DEBUG: Ridder field ENABLED. Lambda = 1.148128e+00
BG_FUNC: a=2.73e-14 V=1.69e-01 factor_V=2.45e+58 factor_rho=5.62e-56 rho_eV2=4.13e+57 rho_final=2.32e+02
BG_FUNC: a=1.03e-12 V=1.69e-01 factor_V=2.45e+58 factor_rho=5.62e-56 rho_eV2=4.13e+57 rho_final=2.32e+02
BG_FUNC: a=4.11e-11 V=1.69e-01 factor_V=2.45e+58 factor_rho=5.62e-56 rho_eV2=4.13e+57 rho_final=2.32e+02
BG_FUNC: a=1.62e-09 V=1.69e-01 factor_V=2.45e+58 factor_rho=5.62e-56 rho_eV2=4.13e+57 rho_final=2.32e+02
BG_FUNC: a=6.47e-08 V=1.69e-01 factor_V=2.45e+58 factor_rho=5.62e-56 rho_eV2=4.13e+57 rho_final=2.32e+02
BG_FUNC: a=2.54e-06 V=1.69e-01 factor_V=2.45e+58 factor_rho=5.62e-56 rho_eV2=4.13e+57 rho_final=2.32e+02
BG_FUNC: a=1.00e-04 V=1.52e-01 factor_V=2.45e+58 factor_rho=5.62e-56 rho_eV2=3.87e+57 rho_final=2.17e+02
RIDDER SWITCHING: z_osc = 5273.55, a_osc = 1.895896e-04
DEBUG: Ridder field ENABLED. Lambda = 1.209058e+00
DEBUG: Ridder field ENABLED. Lambda = 1.209058e+00
BG_FUNC: a=1.81e-13 V=2.08e-01 factor_V=2.45e+58 factor_rho=5.62e-56 rho_eV2=5.08e+57 rho_final=2.85e+02
BG_FUNC: a=7.17e-12 V=2.08e-01 factor_V=2.45e+58 factor_rho=5.62e-56 rho_eV2=5.08e+57 rho_final=2.85e+02
BG_FUNC: a=2.85e-10 V=2.08e-01 factor_V=2.45e+58 factor_rho=5.62e-56 rho_eV2=5.08e+57 rho_final=2.85e+02
BG_FUNC: a=1.13e-08 V=2.08e-01 factor_V=2.45e+58 factor_rho=5.62e-56 rho_eV2=5.08e+57 rho_final=2.85e+02
BG_FUNC: a=4.53e-07 V=2.08e-01 factor_V=2.45e+58 factor_rho=5.62e-56 rho_eV2=5.08e+57 rho_final=2.85e+02
BG_FUNC: a=1.79e-05 V=2.08e-01 factor_V=2.45e+58 factor_rho=5.62e-56 rho_eV2=5.08e+57 rho_final=2.85e+02
RIDDER SWITCHING: z_osc = 5562.17, a_osc = 1.797536e-04
DEBUG: Ridder field ENABLED. Lambda = 1.030332e+00
DEBUG: Ridder field ENABLED. Lambda = 1.030332e+00
BG_FUNC: a=3.53e-14 V=1.09e-01 factor_V=2.45e+58 factor_rho=5.62e-56 rho_eV2=2.68e+57 rho_final=1.50e+02
BG_FUNC: a=1.34e-12 V=1.09e-01 factor_V=2.45e+58 factor_rho=5.62e-56 rho_eV2=2.68e+57 rho_final=1.50e+02
BG_FUNC: a=5.31e-11 V=1.09e-01 factor_V=2.45e+58 factor_rho=5.62e-56 rho_eV2=2.68e+57 rho_final=1.50e+02
BG_FUNC: a=2.11e-09 V=1.09e-01 factor_V=2.45e+58 factor_rho=5.62e-56 rho_eV2=2.68e+57 rho_final=1.50e+02
BG_FUNC: a=8.35e-08 V=1.09e-01 factor_V=2.45e+58 factor_rho=5.62e-56 rho_eV2=2.68e+57 rho_final=1.[mcmc] Progress @ 2025-11-30 21:30:31 : 6570 steps taken, and 1054 accepted.
[mcmc] Progress @ 2025-11-30 21:31:31 : 6596 steps taken, and 1057 accepted.
[mcmc] Progress @ 2025-11-30 21:33:10 : 6621 steps taken, and 1062 accepted.
50e+02
BG_FUNC: a=3.34e-06 V=1.09e-01 factor_V=2.45e+58 factor_rho=5.62e-56 rho_eV2=2.68e+57 rho_final=1.50e+02
BG_FUNC: a=1.30e-04 V=9.12e-02 factor_V=2.45e+58 factor_rho=5.62e-56 rho_eV2=2.39e+57 rho_final=1.35e+02
RIDDER SWITCHING: z_osc = 4655.67, a_osc = 2.147458e-04
DEBUG: Ridder field ENABLED. Lambda = 1.112603e+00
DEBUG: Ridder field ENABLED. Lambda = 1.112603e+00
BG_FUNC: a=2.07e-13 V=1.49e-01 factor_V=2.45e+58 factor_rho=5.62e-56 rho_eV2=3.64e+57 rho_final=2.05e+02
BG_FUNC: a=8.22e-12 V=1.49e-01 factor_V=2.45e+58 factor_rho=5.62e-56 rho_eV2=3.64e+57 rho_final=2.05e+02
BG_FUNC: a=3.26e-10 V=1.49e-01 factor_V=2.45e+58 factor_rho=5.62e-56 rho_eV2=3.64e+57 rho_final=2.05e+02
BG_FUNC: a=1.29e-08 V=1.49e-01 factor_V=2.45e+58 factor_rho=5.62e-56 rho_eV2=3.64e+57 rho_final=2.05e+02
BG_FUNC: a=5.13e-07 V=1.49e-01 factor_V=2.45e+58 factor_rho=5.62e-56 rho_eV2=3.64e+57 rho_final=2.05e+02
BG_FUNC: a=2.04e-05 V=1.49e-01 factor_V=2.45e+58 factor_rho=5.62e-56 rho_eV2=3.64e+57 rho_final=2.05e+02
RIDDER SWITCHING: z_osc = 5061.13, a_osc = 1.975454e-04
DEBUG: Ridder field ENABLED. Lambda = 1.209058e+00
DEBUG: Ridder field ENABLED. Lambda = 1.209058e+00
BG_FUNC: a=3.66e-14 V=2.08e-01 factor_V=2.45e+58 factor_rho=5.62e-56 rho_eV2=5.08e+57 rho_final=2.85e+02
BG_FUNC: a=1.39e-12 V=2.08e-01 factor_V=2.45e+58 factor_rho=5.62e-56 rho_eV2=5.08e+57 rho_final=2.85e+02
BG_FUNC: a=5.51e-11 V=2.08e-01 factor_V=2.45e+58 factor_rho=5.62e-56 rho_eV2=5.08e+57 rho_final=2.85e+02
BG_FUNC: a=2.19e-09 V=2.08e-01 factor_V=2.45e+58 factor_rho=5.62e-56 rho_eV2=5.08e+57 rho_final=2.85e+02
BG_FUNC: a=8.69e-08 V=2.08e-01 factor_V=2.45e+58 factor_rho=5.62e-56 rho_eV2=5.08e+57 rho_final=2.85e+02
BG_FUNC: a=3.48e-06 V=2.08e-01 factor_V=2.45e+58 factor_rho=5.62e-56 rho_eV2=5.08e+57 rho_final=2.85e+02
BG_FUNC: a=1.35e-04 V=1.40e-01 factor_V=2.45e+58 factor_rho=5.62e-56 rho_eV2=4.00e+57 rho_final=2.25e+02
RIDDER SWITCHING: z_osc = 5564.35, a_osc = 1.796833e-04
DEBUG: Ridder field ENABLED. Lambda = 1.145291e+00
DEBUG: Ridder field ENABLED. Lambda = 1.145291e+00
BG_FUNC: a=2.58e-13 V=1.67e-01 factor_V=2.45e+58 factor_rho=5.62e-56 rho_eV2=4.09e+57 rho_final=2.30e+02
BG_FUNC: a=1.02e-11 V=1.67e-01 factor_V=2.45e+58 factor_rho=5.62e-56 rho_eV2=4.09e+57 rho_final=2.30e+02
BG_FUNC: a=4.05e-10 V=1.67e-01 factor_V=2.45e+58 factor_rho=5.62e-56 rho_eV2=4.09e+57 rho_final=2.30e+02
BG_FUNC: a=1.60e-08 V=1.67e-01 factor_V=2.45e+58 factor_rho=5.62e-56 rho_eV2=4.09e+57 rho_final=2.30e+02
BG_FUNC: a=6.35e-07 V=1.67e-01 factor_V=2.45e+58 factor_rho=5.62e-56 rho_eV2=4.09e+57 rho_final=2.30e+02
BG_FUNC: a=2.51e-05 V=1.67e-01 factor_V=2.45e+58 factor_rho=5.62e-56 rho_eV2=4.09e+57 rho_final=2.30e+02
RIDDER SWITCHING: z_osc = 5242.41, a_osc = 1.907157e-04
DEBUG: Ridder field ENABLED. Lambda = 1.365591e+00
DEBUG: Ridder field ENABLED. Lambda = 1.365591e+00
BG_FUNC: a=4.66e-14 V=3.38e-01 factor_V=2.45e+58 factor_rho=5.62e-56 rho_eV2=8.26e+57 rho_final=4.64e+02
BG_FUNC: a=1.76e-12 V=3.38e-01 factor_V=2.45e+58 factor_rho=5.62e-56 rho_eV2=8.26e+57 rho_final=4.64e+02
BG_FUNC: a=6.98e-11 V=3.38e-01 factor_V=2.45e+58 factor_rho=5.62e-56 rho_eV2=8.26e+57 rho_final=4.64e+02
BG_FUNC: a=2.77e-09 V=3.38e-01 factor_V=2.45e+58 factor_rho=5.62e-56 rho_eV2=8.26e+57 rho_final=4.64e+02
BG_FUNC: a=1.10e-07 V=3.38e-01 factor_V=2.45e+58 factor_rho=5.62e-56 rho_eV2=8.26e+57 rho_final=4.64e+02
BG_FUNC: a=4.38e-06 V=3.38e-01 factor_V=2.45e+58 factor_rho=5.62e-56 rho_eV2=8.26e+57 rho_final=4.64e+02
RIDDER SWITCHING: z_osc = 6400.03, a_osc = 1.562248e-04
DEBUG: Ridder field ENABLED. Lambda = 1.184313e+00
DEBUG: Ridder field ENABLED. Lambda = 1.184313e+00
BG_FUNC: a=1.02e-14 V=1.91e-01 factor_V=2.45e+58 factor_rho=5.62e-56 rho_eV2=4.67e+57 rho_final=2.63e+02
BG_FUNC: a=3.79e-13 V=1.91e-01 factor_V=2.45e+58 factor_rho=5.62e-56 rho_eV2=4.67e+57 rho_final=2.63e+02
BG_FUNC: a=1.49e-11 V=1.91e-01 factor_V=2.45e+58 factor_rho=5.62e-56 rho_eV2=4.67e+57 rho_final=2.63e+02
BG_FUNC: a=5.90e-10 V=1.91e-01 factor_V=2.45e+58 factor_rho=5.62e-56 rho_eV2=4.67e+57 rho_final=2.63e+02
BG_FUNC: a=2.34e-08 V=1.91e-01 factor_V=2.45[mcmc] Progress @ 2025-11-30 21:34:51 : 6646 steps taken, and 1065 accepted.
[mcmc] Progress @ 2025-11-30 21:36:32 : 6666 steps taken, and 1070 accepted.
[mcmc] Progress @ 2025-11-30 21:37:33 : 6682 steps taken, and 1073 accepted.
[mcmc] Progress @ 2025-11-30 21:38:35 : 6705 steps taken, and 1075 accepted.
e+58 factor_rho=5.62e-56 rho_eV2=4.67e+57 rho_final=2.63e+02
BG_FUNC: a=9.26e-07 V=1.91e-01 factor_V=2.45e+58 factor_rho=5.62e-56 rho_eV2=4.67e+57 rho_final=2.63e+02
BG_FUNC: a=3.66e-05 V=1.91e-01 factor_V=2.45e+58 factor_rho=5.62e-56 rho_eV2=4.67e+57 rho_final=2.62e+02
RIDDER SWITCHING: z_osc = 5435.07, a_osc = 1.839563e-04
DEBUG: Ridder field ENABLED. Lambda = 1.617676e+00
DEBUG: Ridder field ENABLED. Lambda = 1.617676e+00
BG_FUNC: a=6.99e-14 V=6.65e-01 factor_V=2.45e+58 factor_rho=5.62e-56 rho_eV2=1.63e+58 rho_final=9.14e+02
BG_FUNC: a=2.69e-12 V=6.65e-01 factor_V=2.45e+58 factor_rho=5.62e-56 rho_eV2=1.63e+58 rho_final=9.14e+02
BG_FUNC: a=1.06e-10 V=6.65e-01 factor_V=2.45e+58 factor_rho=5.62e-56 rho_eV2=1.63e+58 rho_final=9.14e+02
BG_FUNC: a=4.22e-09 V=6.65e-01 factor_V=2.45e+58 factor_rho=5.62e-56 rho_eV2=1.63e+58 rho_final=9.14e+02
BG_FUNC: a=1.67e-07 V=6.65e-01 factor_V=2.45e+58 factor_rho=5.62e-56 rho_eV2=1.63e+58 rho_final=9.14e+02
BG_FUNC: a=6.63e-06 V=6.65e-01 factor_V=2.45e+58 factor_rho=5.62e-56 rho_eV2=1.63e+58 rho_final=9.14e+02
RIDDER SWITCHING: z_osc = 7738.26, a_osc = 1.292114e-04
DEBUG: Ridder field ENABLED. Lambda = 1.348361e+00
DEBUG: Ridder field ENABLED. Lambda = 1.348361e+00
BG_FUNC: a=1.86e-14 V=3.21e-01 factor_V=2.45e+58 factor_rho=5.62e-56 rho_eV2=7.85e+57 rho_final=4.41e+02
BG_FUNC: a=6.95e-13 V=3.21e-01 factor_V=2.45e+58 factor_rho=5.62e-56 rho_eV2=7.85e+57 rho_final=4.41e+02
BG_FUNC: a=2.78e-11 V=3.21e-01 factor_V=2.45e+58 factor_rho=5.62e-56 rho_eV2=7.85e+57 rho_final=4.41e+02
BG_FUNC: a=1.11e-09 V=3.21e-01 factor_V=2.45e+58 factor_rho=5.62e-56 rho_eV2=7.85e+57 rho_final=4.41e+02
BG_FUNC: a=4.44e-08 V=3.21e-01 factor_V=2.45e+58 factor_rho=5.62e-56 rho_eV2=7.85e+57 rho_final=4.41e+02
BG_FUNC: a=1.77e-06 V=3.21e-01 factor_V=2.45e+58 factor_rho=5.62e-56 rho_eV2=7.85e+57 rho_final=4.41e+02
BG_FUNC: a=7.06e-05 V=3.05e-01 factor_V=2.45e+58 factor_rho=5.62e-56 rho_eV2=7.60e+57 rho_final=4.27e+02
RIDDER SWITCHING: z_osc = 6284.58, a_osc = 1.590942e-04
DEBUG: Ridder field ENABLED. Lambda = 6.766669e-01
DEBUG: Ridder field ENABLED. Lambda = 6.766669e-01
BG_FUNC: a=1.52e-13 V=2.04e-02 factor_V=2.45e+58 factor_rho=5.62e-56 rho_eV2=4.98e+56 rho_final=2.80e+01
BG_FUNC: a=6.06e-12 V=2.04e-02 factor_V=2.45e+58 factor_rho=5.62e-56 rho_eV2=4.98e+56 rho_final=2.80e+01
BG_FUNC: a=2.45e-10 V=2.04e-02 factor_V=2.45e+58 factor_rho=5.62e-56 rho_eV2=4.98e+56 rho_final=2.80e+01
BG_FUNC: a=9.69e-09 V=2.04e-02 factor_V=2.45e+58 factor_rho=5.62e-56 rho_eV2=4.98e+56 rho_final=2.80e+01
BG_FUNC: a=3.87e-07 V=2.04e-02 factor_V=2.45e+58 factor_rho=5.62e-56 rho_eV2=4.98e+56 rho_final=2.80e+01
BG_FUNC: a=1.55e-05 V=2.04e-02 factor_V=2.45e+58 factor_rho=5.62e-56 rho_eV2=4.98e+56 rho_final=2.80e+01
RIDDER SWITCHING: z_osc = 2837.12, a_osc = 3.523459e-04
DEBUG: Ridder field ENABLED. Lambda = 1.138132e+00
DEBUG: Ridder field ENABLED. Lambda = 1.138132e+00
BG_FUNC: a=1.60e-14 V=1.63e-01 factor_V=2.45e+58 factor_rho=5.62e-56 rho_eV2=3.99e+57 rho_final=2.24e+02
BG_FUNC: a=5.96e-13 V=1.63e-01 factor_V=2.45e+58 factor_rho=5.62e-56 rho_eV2=3.99e+57 rho_final=2.24e+02
BG_FUNC: a=2.37e-11 V=1.63e-01 factor_V=2.45e+58 factor_rho=5.62e-56 rho_eV2=3.99e+57 rho_final=2.24e+02
BG_FUNC: a=9.41e-10 V=1.63e-01 factor_V=2.45e+58 factor_rho=5.62e-56 rho_eV2=3.99e+57 rho_final=2.24e+02
BG_FUNC: a=3.74e-08 V=1.63e-01 factor_V=2.45e+58 factor_rho=5.62e-56 rho_eV2=3.99e+57 rho_final=2.24e+02
BG_FUNC: a=1.48e-06 V=1.63e-01 factor_V=2.45e+58 factor_rho=5.62e-56 rho_eV2=3.99e+57 rho_final=2.24e+02
BG_FUNC: a=5.87e-05 V=1.61e-01 factor_V=2.45e+58 factor_rho=5.62e-56 rho_eV2=3.95e+57 rho_final=2.22e+02
RIDDER SWITCHING: z_osc = 5217.91, a_osc = 1.916111e-04
DEBUG: Ridder field ENABLED. Lambda = 1.374559e+00
DEBUG: Ridder field ENABLED. Lambda = 1.374559e+00
BG_FUNC: a=1.04e-13 V=3.47e-01 factor_V=2.45e+58 factor_rho=5.62e-56 rho_eV2=8.48e+57 rho_final=4.77e+02
BG_FUNC: a=4.14e-12 V=3.47e-01 factor_V=2.45e+58 factor_rho=5.62e-56 rho_eV2=8.48e+57 rho_final=4.77e+02
BG_FUNC: a=1.66e-10 V=3.47e-01 factor_V=2.45e+58 factor_rho=5.62e-56 rho_eV2=8.48e+57 rho_final[mcmc] Progress @ 2025-11-30 21:39:35 : 6719 steps taken, and 1077 accepted.
[mcmc] Progress @ 2025-11-30 21:40:36 : 6740 steps taken, and 1078 accepted.
[mcmc] Progress @ 2025-11-30 21:42:00 : 6751 steps taken, and 1079 accepted.
[mcmc] Progress @ 2025-11-30 21:43:01 : 6775 steps taken, and 1085 accepted.
=4.77e+02
BG_FUNC: a=6.53e-09 V=3.47e-01 factor_V=2.45e+58 factor_rho=5.62e-56 rho_eV2=8.48e+57 rho_final=4.77e+02
BG_FUNC: a=2.59e-07 V=3.47e-01 factor_V=2.45e+58 factor_rho=5.62e-56 rho_eV2=8.48e+57 rho_final=4.77e+02
BG_FUNC: a=1.03e-05 V=3.47e-01 factor_V=2.45e+58 factor_rho=5.62e-56 rho_eV2=8.48e+57 rho_final=4.77e+02
RIDDER SWITCHING: z_osc = 6476.98, a_osc = 1.543690e-04
DEBUG: Ridder field ENABLED. Lambda = 1.209058e+00
DEBUG: Ridder field ENABLED. Lambda = 1.209058e+00
BG_FUNC: a=2.39e-14 V=2.08e-01 factor_V=2.45e+58 factor_rho=5.62e-56 rho_eV2=5.08e+57 rho_final=2.85e+02
BG_FUNC: a=8.99e-13 V=2.08e-01 factor_V=2.45e+58 factor_rho=5.62e-56 rho_eV2=5.08e+57 rho_final=2.85e+02
BG_FUNC: a=3.56e-11 V=2.08e-01 factor_V=2.45e+58 factor_rho=5.62e-56 rho_eV2=5.08e+57 rho_final=2.85e+02
BG_FUNC: a=1.41e-09 V=2.08e-01 factor_V=2.45e+58 factor_rho=5.62e-56 rho_eV2=5.08e+57 rho_final=2.85e+02
BG_FUNC: a=5.61e-08 V=2.08e-01 factor_V=2.45e+58 factor_rho=5.62e-56 rho_eV2=5.08e+57 rho_final=2.85e+02
BG_FUNC: a=2.22e-06 V=2.08e-01 factor_V=2.45e+58 factor_rho=5.62e-56 rho_eV2=5.08e+57 rho_final=2.85e+02
BG_FUNC: a=8.78e-05 V=1.92e-01 factor_V=2.45e+58 factor_rho=5.62e-56 rho_eV2=4.84e+57 rho_final=2.72e+02
RIDDER SWITCHING: z_osc = 5564.18, a_osc = 1.796887e-04
DEBUG: Ridder field ENABLED. Lambda = 1.209058e+00
DEBUG: Ridder field ENABLED. Lambda = 1.209058e+00
BG_FUNC: a=1.67e-13 V=2.08e-01 factor_V=2.45e+58 factor_rho=5.62e-56 rho_eV2=5.08e+57 rho_final=2.85e+02
BG_FUNC: a=6.64e-12 V=2.08e-01 factor_V=2.45e+58 factor_rho=5.62e-56 rho_eV2=5.08e+57 rho_final=2.85e+02
BG_FUNC: a=2.63e-10 V=2.08e-01 factor_V=2.45e+58 factor_rho=5.62e-56 rho_eV2=5.08e+57 rho_final=2.85e+02
BG_FUNC: a=1.04e-08 V=2.08e-01 factor_V=2.45e+58 factor_rho=5.62e-56 rho_eV2=5.08e+57 rho_final=2.85e+02
BG_FUNC: a=4.14e-07 V=2.08e-01 factor_V=2.45e+58 factor_rho=5.62e-56 rho_eV2=5.08e+57 rho_final=2.85e+02
BG_FUNC: a=1.64e-05 V=2.08e-01 factor_V=2.45e+58 factor_rho=5.62e-56 rho_eV2=5.08e+57 rho_final=2.85e+02
RIDDER SWITCHING: z_osc = 5565.66, a_osc = 1.796408e-04
DEBUG: Ridder field ENABLED. Lambda = 1.124950e+00
DEBUG: Ridder field ENABLED. Lambda = 1.124950e+00
BG_FUNC: a=3.24e-14 V=1.56e-01 factor_V=2.45e+58 factor_rho=5.62e-56 rho_eV2=3.80e+57 rho_final=2.14e+02
BG_FUNC: a=1.23e-12 V=1.56e-01 factor_V=2.45e+58 factor_rho=5.62e-56 rho_eV2=3.80e+57 rho_final=2.14e+02
BG_FUNC: a=4.88e-11 V=1.56e-01 factor_V=2.45e+58 factor_rho=5.62e-56 rho_eV2=3.80e+57 rho_final=2.14e+02
BG_FUNC: a=1.95e-09 V=1.56e-01 factor_V=2.45e+58 factor_rho=5.62e-56 rho_eV2=3.80e+57 rho_final=2.14e+02
BG_FUNC: a=7.66e-08 V=1.56e-01 factor_V=2.45e+58 factor_rho=5.62e-56 rho_eV2=3.80e+57 rho_final=2.14e+02
BG_FUNC: a=3.03e-06 V=1.56e-01 factor_V=2.45e+58 factor_rho=5.62e-56 rho_eV2=3.80e+57 rho_final=2.14e+02
BG_FUNC: a=1.19e-04 V=1.29e-01 factor_V=2.45e+58 factor_rho=5.62e-56 rho_eV2=3.39e+57 rho_final=1.90e+02
RIDDER SWITCHING: z_osc = 5155.42, a_osc = 1.939331e-04
DEBUG: Ridder field ENABLED. Lambda = 1.152085e+00
DEBUG: Ridder field ENABLED. Lambda = 1.152085e+00
BG_FUNC: a=2.11e-13 V=1.71e-01 factor_V=2.45e+58 factor_rho=5.62e-56 rho_eV2=4.18e+57 rho_final=2.35e+02
BG_FUNC: a=8.37e-12 V=1.71e-01 factor_V=2.45e+58 factor_rho=5.62e-56 rho_eV2=4.18e+57 rho_final=2.35e+02
BG_FUNC: a=3.32e-10 V=1.71e-01 factor_V=2.45e+58 factor_rho=5.62e-56 rho_eV2=4.18e+57 rho_final=2.35e+02
BG_FUNC: a=1.33e-08 V=1.71e-01 factor_V=2.45e+58 factor_rho=5.62e-56 rho_eV2=4.18e+57 rho_final=2.35e+02
BG_FUNC: a=5.21e-07 V=1.71e-01 factor_V=2.45e+58 factor_rho=5.62e-56 rho_eV2=4.18e+57 rho_final=2.35e+02
BG_FUNC: a=2.07e-05 V=1.71e-01 factor_V=2.45e+58 factor_rho=5.62e-56 rho_eV2=4.18e+57 rho_final=2.35e+02
RIDDER SWITCHING: z_osc = 5257.89, a_osc = 1.901541e-04
DEBUG: Ridder field ENABLED. Lambda = 1.414730e+00
DEBUG: Ridder field ENABLED. Lambda = 1.414730e+00
BG_FUNC: a=3.88e-14 V=3.89e-01 factor_V=2.45e+58 factor_rho=5.62e-56 rho_eV2=9.52e+57 rho_final=5.35e+02
BG_FUNC: a=1.49e-12 V=3.89e-01 factor_V=2.45e+58 factor_rho=5.62e-56 rho_eV2=9.52e+57 rho_final=5.35e+02
BG_FUNC: a=5.99e-11 V=3.89e-01 factor_V=2[mcmc] Progress @ 2025-11-30 21:44:02 : 6794 steps taken, and 1089 accepted.
[mcmc] Progress @ 2025-11-30 21:45:28 : 6801 steps taken, and 1090 accepted.
[mcmc] Progress @ 2025-11-30 21:46:31 : 6823 steps taken, and 1094 accepted.
[mcmc] Progress @ 2025-11-30 21:47:31 : 6848 steps taken, and 1100 accepted.
.45e+58 factor_rho=5.62e-56 rho_eV2=9.52e+57 rho_final=5.35e+02
BG_FUNC: a=2.41e-09 V=3.89e-01 factor_V=2.45e+58 factor_rho=5.62e-56 rho_eV2=9.52e+57 rho_final=5.35e+02
BG_FUNC: a=9.69e-08 V=3.89e-01 factor_V=2.45e+58 factor_rho=5.62e-56 rho_eV2=9.52e+57 rho_final=5.35e+02
BG_FUNC: a=3.90e-06 V=3.89e-01 factor_V=2.45e+58 factor_rho=5.62e-56 rho_eV2=9.52e+57 rho_final=5.35e+02
RIDDER SWITCHING: z_osc = 6612.40, a_osc = 1.512082e-04
DEBUG: Ridder field ENABLED. Lambda = 9.686037e-01
DEBUG: Ridder field ENABLED. Lambda = 9.686037e-01
BG_FUNC: a=1.00e-14 V=8.55e-02 factor_V=2.45e+58 factor_rho=5.62e-56 rho_eV2=2.09e+57 rho_final=1.18e+02
BG_FUNC: a=3.53e-13 V=8.55e-02 factor_V=2.45e+58 factor_rho=5.62e-56 rho_eV2=2.09e+57 rho_final=1.18e+02
BG_FUNC: a=1.43e-11 V=8.55e-02 factor_V=2.45e+58 factor_rho=5.62e-56 rho_eV2=2.09e+57 rho_final=1.18e+02
BG_FUNC: a=5.66e-10 V=8.55e-02 factor_V=2.45e+58 factor_rho=5.62e-56 rho_eV2=2.09e+57 rho_final=1.18e+02
BG_FUNC: a=2.27e-08 V=8.55e-02 factor_V=2.45e+58 factor_rho=5.62e-56 rho_eV2=2.09e+57 rho_final=1.18e+02
BG_FUNC: a=9.07e-07 V=8.55e-02 factor_V=2.45e+58 factor_rho=5.62e-56 rho_eV2=2.09e+57 rho_final=1.18e+02
BG_FUNC: a=3.63e-05 V=8.54e-02 factor_V=2.45e+58 factor_rho=5.62e-56 rho_eV2=2.09e+57 rho_final=1.17e+02
RIDDER SWITCHING: z_osc = 4324.32, a_osc = 2.311968e-04
DEBUG: Ridder field ENABLED. Lambda = 1.252602e+00
DEBUG: Ridder field ENABLED. Lambda = 1.252602e+00
BG_FUNC: a=5.52e-14 V=2.39e-01 factor_V=2.45e+58 factor_rho=5.62e-56 rho_eV2=5.85e+57 rho_final=3.29e+02
BG_FUNC: a=2.11e-12 V=2.39e-01 factor_V=2.45e+58 factor_rho=5.62e-56 rho_eV2=5.85e+57 rho_final=3.29e+02
BG_FUNC: a=8.37e-11 V=2.39e-01 factor_V=2.45e+58 factor_rho=5.62e-56 rho_eV2=5.85e+57 rho_final=3.29e+02
BG_FUNC: a=3.32e-09 V=2.39e-01 factor_V=2.45e+58 factor_rho=5.62e-56 rho_eV2=5.85e+57 rho_final=3.29e+02
BG_FUNC: a=1.32e-07 V=2.39e-01 factor_V=2.45e+58 factor_rho=5.62e-56 rho_eV2=5.85e+57 rho_final=3.29e+02
BG_FUNC: a=5.28e-06 V=2.39e-01 factor_V=2.45e+58 factor_rho=5.62e-56 rho_eV2=5.85e+57 rho_final=3.29e+02
RIDDER SWITCHING: z_osc = 5824.73, a_osc = 1.716522e-04
DEBUG: Ridder field ENABLED. Lambda = 9.160108e-01
DEBUG: Ridder field ENABLED. Lambda = 9.160108e-01
BG_FUNC: a=1.11e-14 V=6.84e-02 factor_V=2.45e+58 factor_rho=5.62e-56 rho_eV2=1.67e+57 rho_final=9.40e+01
BG_FUNC: a=4.12e-13 V=6.84e-02 factor_V=2.45e+58 factor_rho=5.62e-56 rho_eV2=1.67e+57 rho_final=9.40e+01
BG_FUNC: a=1.66e-11 V=6.84e-02 factor_V=2.45e+58 factor_rho=5.62e-56 rho_eV2=1.67e+57 rho_final=9.40e+01
BG_FUNC: a=6.56e-10 V=6.84e-02 factor_V=2.45e+58 factor_rho=5.62e-56 rho_eV2=1.67e+57 rho_final=9.40e+01
BG_FUNC: a=2.62e-08 V=6.84e-02 factor_V=2.45e+58 factor_rho=5.62e-56 rho_eV2=1.67e+57 rho_final=9.40e+01
BG_FUNC: a=1.05e-06 V=6.84e-02 factor_V=2.45e+58 factor_rho=5.62e-56 rho_eV2=1.67e+57 rho_final=9.40e+01
BG_FUNC: a=4.18e-05 V=6.83e-02 factor_V=2.45e+58 factor_rho=5.62e-56 rho_eV2=1.67e+57 rho_final=9.39e+01
RIDDER SWITCHING: z_osc = 4055.04, a_osc = 2.465459e-04
DEBUG: Ridder field ENABLED. Lambda = 1.014890e+00
DEBUG: Ridder field ENABLED. Lambda = 1.014890e+00
BG_FUNC: a=6.02e-14 V=1.03e-01 factor_V=2.45e+58 factor_rho=5.62e-56 rho_eV2=2.52e+57 rho_final=1.42e+02
BG_FUNC: a=2.31e-12 V=1.03e-01 factor_V=2.45e+58 factor_rho=5.62e-56 rho_eV2=2.52e+57 rho_final=1.42e+02
BG_FUNC: a=9.16e-11 V=1.03e-01 factor_V=2.45e+58 factor_rho=5.62e-56 rho_eV2=2.52e+57 rho_final=1.42e+02
BG_FUNC: a=3.64e-09 V=1.03e-01 factor_V=2.45e+58 factor_rho=5.62e-56 rho_eV2=2.52e+57 rho_final=1.42e+02
BG_FUNC: a=1.45e-07 V=1.03e-01 factor_V=2.45e+58 factor_rho=5.62e-56 rho_eV2=2.52e+57 rho_final=1.42e+02
BG_FUNC: a=5.74e-06 V=1.03e-01 factor_V=2.45e+58 factor_rho=5.62e-56 rho_eV2=2.52e+57 rho_final=1.42e+02
RIDDER SWITCHING: z_osc = 4583.86, a_osc = 2.181092e-04
DEBUG: Ridder field ENABLED. Lambda = 8.731812e-01
DEBUG: Ridder field ENABLED. Lambda = 8.731812e-01
BG_FUNC: a=1.00e-14 V=5.65e-02 factor_V=2.45e+58 factor_rho=5.62e-56 rho_eV2=1.38e+57 rho_final=7.76e+01
BG_FUNC: a=3.58e-13 V=5.65e-02 factor_V=2.45e+58 factor_rho=5.62e-56 rho_eV2=1.38e+57 rho_fi[mcmc] Progress @ 2025-11-30 21:49:03 : 6865 steps taken, and 1101 accepted.
[mcmc] Progress @ 2025-11-30 21:50:26 : 6870 steps taken, and 1102 accepted.
[mcmc] Progress @ 2025-11-30 21:51:31 : 6891 steps taken, and 1107 accepted.
nal=7.76e+01
BG_FUNC: a=1.40e-11 V=5.65e-02 factor_V=2.45e+58 factor_rho=5.62e-56 rho_eV2=1.38e+57 rho_final=7.76e+01
BG_FUNC: a=5.56e-10 V=5.65e-02 factor_V=2.45e+58 factor_rho=5.62e-56 rho_eV2=1.38e+57 rho_final=7.76e+01
BG_FUNC: a=2.20e-08 V=5.65e-02 factor_V=2.45e+58 factor_rho=5.62e-56 rho_eV2=1.38e+57 rho_final=7.76e+01
BG_FUNC: a=8.73e-07 V=5.65e-02 factor_V=2.45e+58 factor_rho=5.62e-56 rho_eV2=1.38e+57 rho_final=7.76e+01
BG_FUNC: a=3.45e-05 V=5.64e-02 factor_V=2.45e+58 factor_rho=5.62e-56 rho_eV2=1.38e+57 rho_final=7.76e+01
RIDDER SWITCHING: z_osc = 3836.02, a_osc = 2.606187e-04
DEBUG: Ridder field ENABLED. Lambda = 1.314581e+00
DEBUG: Ridder field ENABLED. Lambda = 1.314581e+00
BG_FUNC: a=4.70e-14 V=2.90e-01 factor_V=2.45e+58 factor_rho=5.62e-56 rho_eV2=7.09e+57 rho_final=3.99e+02
BG_FUNC: a=1.79e-12 V=2.90e-01 factor_V=2.45e+58 factor_rho=5.62e-56 rho_eV2=7.09e+57 rho_final=3.99e+02
BG_FUNC: a=7.12e-11 V=2.90e-01 factor_V=2.45e+58 factor_rho=5.62e-56 rho_eV2=7.09e+57 rho_final=3.99e+02
BG_FUNC: a=2.83e-09 V=2.90e-01 factor_V=2.45e+58 factor_rho=5.62e-56 rho_eV2=7.09e+57 rho_final=3.99e+02
BG_FUNC: a=1.12e-07 V=2.90e-01 factor_V=2.45e+58 factor_rho=5.62e-56 rho_eV2=7.09e+57 rho_final=3.99e+02
BG_FUNC: a=4.46e-06 V=2.90e-01 factor_V=2.45e+58 factor_rho=5.62e-56 rho_eV2=7.09e+57 rho_final=3.99e+02
RIDDER SWITCHING: z_osc = 6105.79, a_osc = 1.637521e-04
DEBUG: Ridder field ENABLED. Lambda = 1.189562e+00
DEBUG: Ridder field ENABLED. Lambda = 1.189562e+00
BG_FUNC: a=1.00e-14 V=1.95e-01 factor_V=2.45e+58 factor_rho=5.62e-56 rho_eV2=4.76e+57 rho_final=2.67e+02
BG_FUNC: a=3.70e-13 V=1.95e-01 factor_V=2.45e+58 factor_rho=5.62e-56 rho_eV2=4.76e+57 rho_final=2.67e+02
BG_FUNC: a=1.45e-11 V=1.95e-01 factor_V=2.45e+58 factor_rho=5.62e-56 rho_eV2=4.76e+57 rho_final=2.67e+02
BG_FUNC: a=5.77e-10 V=1.95e-01 factor_V=2.45e+58 factor_rho=5.62e-56 rho_eV2=4.76e+57 rho_final=2.67e+02
BG_FUNC: a=2.29e-08 V=1.95e-01 factor_V=2.45e+58 factor_rho=5.62e-56 rho_eV2=4.76e+57 rho_final=2.67e+02
BG_FUNC: a=9.06e-07 V=1.95e-01 factor_V=2.45e+58 factor_rho=5.62e-56 rho_eV2=4.76e+57 rho_final=2.67e+02
BG_FUNC: a=3.58e-05 V=1.94e-01 factor_V=2.45e+58 factor_rho=5.62e-56 rho_eV2=4.75e+57 rho_final=2.67e+02
RIDDER SWITCHING: z_osc = 5485.37, a_osc = 1.822698e-04
DEBUG: Ridder field ENABLED. Lambda = 8.654833e-01
DEBUG: Ridder field ENABLED. Lambda = 8.654833e-01
BG_FUNC: a=6.90e-14 V=5.45e-02 factor_V=2.45e+58 factor_rho=5.62e-56 rho_eV2=1.33e+57 rho_final=7.49e+01
BG_FUNC: a=2.64e-12 V=5.45e-02 factor_V=2.45e+58 factor_rho=5.62e-56 rho_eV2=1.33e+57 rho_final=7.49e+01
BG_FUNC: a=1.05e-10 V=5.45e-02 factor_V=2.45e+58 factor_rho=5.62e-56 rho_eV2=1.33e+57 rho_final=7.49e+01
BG_FUNC: a=4.17e-09 V=5.45e-02 factor_V=2.45e+58 factor_rho=5.62e-56 rho_eV2=1.33e+57 rho_final=7.49e+01
BG_FUNC: a=1.65e-07 V=5.45e-02 factor_V=2.45e+58 factor_rho=5.62e-56 rho_eV2=1.33e+57 rho_final=7.49e+01
BG_FUNC: a=6.56e-06 V=5.45e-02 factor_V=2.45e+58 factor_rho=5.62e-56 rho_eV2=1.33e+57 rho_final=7.49e+01
BG_FUNC: a=2.56e-04 V=2.02e-02 factor_V=2.45e+58 factor_rho=5.62e-56 rho_eV2=7.27e+56 rho_final=4.09e+01
RIDDER SWITCHING: z_osc = 3763.16, a_osc = 2.656632e-04
DEBUG: Ridder field ENABLED. Lambda = 1.209058e+00
DEBUG: Ridder field ENABLED. Lambda = 1.209058e+00
BG_FUNC: a=3.35e-13 V=2.08e-01 factor_V=2.45e+58 factor_rho=5.62e-56 rho_eV2=5.08e+57 rho_final=2.85e+02
BG_FUNC: a=1.33e-11 V=2.08e-01 factor_V=2.45e+58 factor_rho=5.62e-56 rho_eV2=5.08e+57 rho_final=2.85e+02
BG_FUNC: a=5.28e-10 V=2.08e-01 factor_V=2.45e+58 factor_rho=5.62e-56 rho_eV2=5.08e+57 rho_final=2.85e+02
BG_FUNC: a=2.10e-08 V=2.08e-01 factor_V=2.45e+58 factor_rho=5.62e-56 rho_eV2=5.08e+57 rho_final=2.85e+02
BG_FUNC: a=8.34e-07 V=2.08e-01 factor_V=2.45e+58 factor_rho=5.62e-56 rho_eV2=5.08e+57 rho_final=2.85e+02
BG_FUNC: a=3.31e-05 V=2.07e-01 factor_V=2.45e+58 factor_rho=5.62e-56 rho_eV2=5.07e+57 rho_final=2.85e+02
RIDDER SWITCHING: z_osc = 5563.00, a_osc = 1.797269e-04
DEBUG: Ridder field ENABLED. Lambda = 1.129535e+00
DEBUG: Ridder field ENABLED. Lambda = 1.129535e+00
BG_FUNC: a=6.55e-14 V=1.58e-01 factor_[mcmc] Progress @ 2025-11-30 21:52:32 : 6911 steps taken, and 1109 accepted.
[mcmc] Progress @ 2025-11-30 21:53:35 : 6932 steps taken, and 1115 accepted.
[mcmc] Progress @ 2025-11-30 21:54:35 : 6952 steps taken, and 1119 accepted.
[mcmc] Progress @ 2025-11-30 21:55:56 : 6956 steps taken, and 1120 accepted.
V=2.45e+58 factor_rho=5.62e-56 rho_eV2=3.87e+57 rho_final=2.17e+02
BG_FUNC: a=2.49e-12 V=1.58e-01 factor_V=2.45e+58 factor_rho=5.62e-56 rho_eV2=3.87e+57 rho_final=2.17e+02
BG_FUNC: a=9.89e-11 V=1.58e-01 factor_V=2.45e+58 factor_rho=5.62e-56 rho_eV2=3.87e+57 rho_final=2.17e+02
BG_FUNC: a=3.93e-09 V=1.58e-01 factor_V=2.45e+58 factor_rho=5.62e-56 rho_eV2=3.87e+57 rho_final=2.17e+02
BG_FUNC: a=1.56e-07 V=1.58e-01 factor_V=2.45e+58 factor_rho=5.62e-56 rho_eV2=3.87e+57 rho_final=2.17e+02
BG_FUNC: a=6.19e-06 V=1.58e-01 factor_V=2.45e+58 factor_rho=5.62e-56 rho_eV2=3.87e+57 rho_final=2.17e+02
RIDDER SWITCHING: z_osc = 5141.52, a_osc = 1.944571e-04
DEBUG: Ridder field ENABLED. Lambda = 1.060494e+00
DEBUG: Ridder field ENABLED. Lambda = 1.060494e+00
BG_FUNC: a=1.15e-14 V=1.23e-01 factor_V=2.45e+58 factor_rho=5.62e-56 rho_eV2=3.00e+57 rho_final=1.69e+02
BG_FUNC: a=4.28e-13 V=1.23e-01 factor_V=2.45e+58 factor_rho=5.62e-56 rho_eV2=3.00e+57 rho_final=1.69e+02
BG_FUNC: a=1.70e-11 V=1.23e-01 factor_V=2.45e+58 factor_rho=5.62e-56 rho_eV2=3.00e+57 rho_final=1.69e+02
BG_FUNC: a=6.74e-10 V=1.23e-01 factor_V=2.45e+58 factor_rho=5.62e-56 rho_eV2=3.00e+57 rho_final=1.69e+02
BG_FUNC: a=2.67e-08 V=1.23e-01 factor_V=2.45e+58 factor_rho=5.62e-56 rho_eV2=3.00e+57 rho_final=1.69e+02
BG_FUNC: a=1.06e-06 V=1.23e-01 factor_V=2.45e+58 factor_rho=5.62e-56 rho_eV2=3.00e+57 rho_final=1.69e+02
BG_FUNC: a=4.22e-05 V=1.23e-01 factor_V=2.45e+58 factor_rho=5.62e-56 rho_eV2=3.00e+57 rho_final=1.69e+02
RIDDER SWITCHING: z_osc = 4801.34, a_osc = 2.082317e-04
DEBUG: Ridder field ENABLED. Lambda = 1.490561e+00
DEBUG: Ridder field ENABLED. Lambda = 1.490561e+00
BG_FUNC: a=7.08e-14 V=4.80e-01 factor_V=2.45e+58 factor_rho=5.62e-56 rho_eV2=1.17e+58 rho_final=6.59e+02
BG_FUNC: a=2.72e-12 V=4.80e-01 factor_V=2.45e+58 factor_rho=5.62e-56 rho_eV2=1.17e+58 rho_final=6.59e+02
BG_FUNC: a=1.08e-10 V=4.80e-01 factor_V=2.45e+58 factor_rho=5.62e-56 rho_eV2=1.17e+58 rho_final=6.59e+02
BG_FUNC: a=4.28e-09 V=4.80e-01 factor_V=2.45e+58 factor_rho=5.62e-56 rho_eV2=1.17e+58 rho_final=6.59e+02
BG_FUNC: a=1.71e-07 V=4.80e-01 factor_V=2.45e+58 factor_rho=5.62e-56 rho_eV2=1.17e+58 rho_final=6.59e+02
BG_FUNC: a=6.71e-06 V=4.80e-01 factor_V=2.45e+58 factor_rho=5.62e-56 rho_eV2=1.17e+58 rho_final=6.59e+02
RIDDER SWITCHING: z_osc = 7019.36, a_osc = 1.424429e-04
DEBUG: Ridder field ENABLED. Lambda = 1.445099e+00
DEBUG: Ridder field ENABLED. Lambda = 1.445099e+00
BG_FUNC: a=1.69e-14 V=4.24e-01 factor_V=2.45e+58 factor_rho=5.62e-56 rho_eV2=1.04e+58 rho_final=5.82e+02
BG_FUNC: a=6.34e-13 V=4.24e-01 factor_V=2.45e+58 factor_rho=5.62e-56 rho_eV2=1.04e+58 rho_final=5.82e+02
BG_FUNC: a=2.53e-11 V=4.24e-01 factor_V=2.45e+58 factor_rho=5.62e-56 rho_eV2=1.04e+58 rho_final=5.82e+02
BG_FUNC: a=1.01e-09 V=4.24e-01 factor_V=2.45e+58 factor_rho=5.62e-56 rho_eV2=1.04e+58 rho_final=5.82e+02
BG_FUNC: a=4.02e-08 V=4.24e-01 factor_V=2.45e+58 factor_rho=5.62e-56 rho_eV2=1.04e+58 rho_final=5.82e+02
BG_FUNC: a=1.61e-06 V=4.24e-01 factor_V=2.45e+58 factor_rho=5.62e-56 rho_eV2=1.04e+58 rho_final=5.82e+02
BG_FUNC: a=6.36e-05 V=4.04e-01 factor_V=2.45e+58 factor_rho=5.62e-56 rho_eV2=1.01e+58 rho_final=5.66e+02
RIDDER SWITCHING: z_osc = 6836.00, a_osc = 1.462629e-04
DEBUG: Ridder field ENABLED. Lambda = 1.209058e+00
DEBUG: Ridder field ENABLED. Lambda = 1.209058e+00
BG_FUNC: a=1.50e-13 V=2.08e-01 factor_V=2.45e+58 factor_rho=5.62e-56 rho_eV2=5.08e+57 rho_final=2.85e+02
BG_FUNC: a=5.94e-12 V=2.08e-01 factor_V=2.45e+58 factor_rho=5.62e-56 rho_eV2=5.08e+57 rho_final=2.85e+02
BG_FUNC: a=2.35e-10 V=2.08e-01 factor_V=2.45e+58 factor_rho=5.62e-56 rho_eV2=5.08e+57 rho_final=2.85e+02
BG_FUNC: a=9.33e-09 V=2.08e-01 factor_V=2.45e+58 factor_rho=5.62e-56 rho_eV2=5.08e+57 rho_final=2.85e+02
BG_FUNC: a=3.70e-07 V=2.08e-01 factor_V=2.45e+58 factor_rho=5.62e-56 rho_eV2=5.08e+57 rho_final=2.85e+02
BG_FUNC: a=1.47e-05 V=2.08e-01 factor_V=2.45e+58 factor_rho=5.62e-56 rho_eV2=5.08e+57 rho_final=2.85e+02
RIDDER SWITCHING: z_osc = 5565.66, a_osc = 1.796408e-04
DEBUG: Ridder field ENABLED. Lambda = 1.302498e+00
DEBUG: Ridder field ENABLED. Lambda[mcmc] Progress @ 2025-11-30 21:57:05 : 6985 steps taken, and 1124 accepted.
[mcmc] Progress @ 2025-11-30 21:58:35 : 6999 steps taken, and 1125 accepted.
[mcmc] Progress @ 2025-11-30 21:59:35 : 7025 steps taken, and 1129 accepted.
[mcmc] Progress @ 2025-11-30 22:00:35 : 7053 steps taken, and 1134 accepted.
 = 1.302498e+00
BG_FUNC: a=2.90e-14 V=2.80e-01 factor_V=2.45e+58 factor_rho=5.62e-56 rho_eV2=6.84e+57 rho_final=3.84e+02
BG_FUNC: a=1.10e-12 V=2.80e-01 factor_V=2.45e+58 factor_rho=5.62e-56 rho_eV2=6.84e+57 rho_final=3.84e+02
BG_FUNC: a=4.44e-11 V=2.80e-01 factor_V=2.45e+58 factor_rho=5.62e-56 rho_eV2=6.84e+57 rho_final=3.84e+02
BG_FUNC: a=1.76e-09 V=2.80e-01 factor_V=2.45e+58 factor_rho=5.62e-56 rho_eV2=6.84e+57 rho_final=3.84e+02
BG_FUNC: a=7.04e-08 V=2.80e-01 factor_V=2.45e+58 factor_rho=5.62e-56 rho_eV2=6.84e+57 rho_final=3.84e+02
BG_FUNC: a=2.82e-06 V=2.80e-01 factor_V=2.45e+58 factor_rho=5.62e-56 rho_eV2=6.84e+57 rho_final=3.84e+02
BG_FUNC: a=1.11e-04 V=2.16e-01 factor_V=2.45e+58 factor_rho=5.62e-56 rho_eV2=5.84e+57 rho_final=3.28e+02
RIDDER SWITCHING: z_osc = 6053.11, a_osc = 1.651771e-04
DEBUG: Ridder field ENABLED. Lambda = 1.237052e+00
DEBUG: Ridder field ENABLED. Lambda = 1.237052e+00
BG_FUNC: a=2.30e-13 V=2.27e-01 factor_V=2.45e+58 factor_rho=5.62e-56 rho_eV2=5.56e+57 rho_final=3.13e+02
BG_FUNC: a=9.14e-12 V=2.27e-01 factor_V=2.45e+58 factor_rho=5.62e-56 rho_eV2=5.56e+57 rho_final=3.13e+02
BG_FUNC: a=3.63e-10 V=2.27e-01 factor_V=2.45e+58 factor_rho=5.62e-56 rho_eV2=5.56e+57 rho_final=3.13e+02
BG_FUNC: a=1.45e-08 V=2.27e-01 factor_V=2.45e+58 factor_rho=5.62e-56 rho_eV2=5.56e+57 rho_final=3.13e+02
BG_FUNC: a=5.78e-07 V=2.27e-01 factor_V=2.45e+58 factor_rho=5.62e-56 rho_eV2=5.56e+57 rho_final=3.13e+02
BG_FUNC: a=2.27e-05 V=2.27e-01 factor_V=2.45e+58 factor_rho=5.62e-56 rho_eV2=5.56e+57 rho_final=3.13e+02
RIDDER SWITCHING: z_osc = 5690.64, a_osc = 1.756962e-04
DEBUG: Ridder field ENABLED. Lambda = 1.183093e+00
DEBUG: Ridder field ENABLED. Lambda = 1.183093e+00
BG_FUNC: a=4.58e-14 V=1.90e-01 factor_V=2.45e+58 factor_rho=5.62e-56 rho_eV2=4.65e+57 rho_final=2.62e+02
BG_FUNC: a=1.73e-12 V=1.90e-01 factor_V=2.45e+58 factor_rho=5.62e-56 rho_eV2=4.65e+57 rho_final=2.62e+02
BG_FUNC: a=6.84e-11 V=1.90e-01 factor_V=2.45e+58 factor_rho=5.62e-56 rho_eV2=4.65e+57 rho_final=2.62e+02
BG_FUNC: a=2.66e-09 V=1.90e-01 factor_V=2.45e+58 factor_rho=5.62e-56 rho_eV2=4.65e+57 rho_final=2.62e+02
BG_FUNC: a=1.04e-07 V=1.90e-01 factor_V=2.45e+58 factor_rho=5.62e-56 rho_eV2=4.65e+57 rho_final=2.62e+02
BG_FUNC: a=4.08e-06 V=1.90e-01 factor_V=2.45e+58 factor_rho=5.62e-56 rho_eV2=4.65e+57 rho_final=2.62e+02
BG_FUNC: a=1.55e-04 V=1.06e-01 factor_V=2.45e+58 factor_rho=5.62e-56 rho_eV2=3.25e+57 rho_final=1.83e+02
RIDDER SWITCHING: z_osc = 5460.36, a_osc = 1.831045e-04
DEBUG: Ridder field ENABLED. Lambda = 1.219417e+00
DEBUG: Ridder field ENABLED. Lambda = 1.219417e+00
BG_FUNC: a=2.91e-13 V=2.15e-01 factor_V=2.45e+58 factor_rho=5.62e-56 rho_eV2=5.25e+57 rho_final=2.95e+02
BG_FUNC: a=1.16e-11 V=2.15e-01 factor_V=2.45e+58 factor_rho=5.62e-56 rho_eV2=5.25e+57 rho_final=2.95e+02
BG_FUNC: a=4.65e-10 V=2.15e-01 factor_V=2.45e+58 factor_rho=5.62e-56 rho_eV2=5.25e+57 rho_final=2.95e+02
BG_FUNC: a=1.86e-08 V=2.15e-01 factor_V=2.45e+58 factor_rho=5.62e-56 rho_eV2=5.25e+57 rho_final=2.95e+02
BG_FUNC: a=7.42e-07 V=2.15e-01 factor_V=2.45e+58 factor_rho=5.62e-56 rho_eV2=5.25e+57 rho_final=2.95e+02
BG_FUNC: a=2.97e-05 V=2.15e-01 factor_V=2.45e+58 factor_rho=5.62e-56 rho_eV2=5.25e+57 rho_final=2.95e+02
RIDDER SWITCHING: z_osc = 5645.65, a_osc = 1.770962e-04
DEBUG: Ridder field ENABLED. Lambda = 1.588905e+00
DEBUG: Ridder field ENABLED. Lambda = 1.588905e+00
BG_FUNC: a=5.88e-14 V=6.19e-01 factor_V=2.45e+58 factor_rho=5.62e-56 rho_eV2=1.51e+58 rho_final=8.51e+02
BG_FUNC: a=2.27e-12 V=6.19e-01 factor_V=2.45e+58 factor_rho=5.62e-56 rho_eV2=1.51e+58 rho_final=8.51e+02
BG_FUNC: a=9.13e-11 V=6.19e-01 factor_V=2.45e+58 factor_rho=5.62e-56 rho_eV2=1.51e+58 rho_final=8.51e+02
BG_FUNC: a=3.67e-09 V=6.19e-01 factor_V=2.45e+58 factor_rho=5.62e-56 rho_eV2=1.51e+58 rho_final=8.51e+02
BG_FUNC: a=1.47e-07 V=6.19e-01 factor_V=2.45e+58 factor_rho=5.62e-56 rho_eV2=1.51e+58 rho_final=8.51e+02
BG_FUNC: a=5.91e-06 V=6.19e-01 factor_V=2.45e+58 factor_rho=5.62e-56 rho_eV2=1.51e+58 rho_final=8.51e+02
RIDDER SWITCHING: z_osc = 7523.90, a_osc = 1.328921e-04
DEBUG: Ridder field ENABLED. Lam[mcmc] Progress @ 2025-11-30 22:02:09 : 7070 steps taken, and 1135 accepted.
[mcmc] Progress @ 2025-11-30 22:03:31 : 7075 steps taken, and 1136 accepted.
bda = 1.124056e+00
DEBUG: Ridder field ENABLED. Lambda = 1.124056e+00
BG_FUNC: a=1.62e-14 V=1.55e-01 factor_V=2.45e+58 factor_rho=5.62e-56 rho_eV2=3.79e+57 rho_final=2.13e+02
BG_FUNC: a=6.03e-13 V=1.55e-01 factor_V=2.45e+58 factor_rho=5.62e-56 rho_eV2=3.79e+57 rho_final=2.13e+02
BG_FUNC: a=2.36e-11 V=1.55e-01 factor_V=2.45e+58 factor_rho=5.62e-56 rho_eV2=3.79e+57 rho_final=2.13e+02
BG_FUNC: a=9.27e-10 V=1.55e-01 factor_V=2.45e+58 factor_rho=5.62e-56 rho_eV2=3.79e+57 rho_final=2.13e+02
BG_FUNC: a=3.63e-08 V=1.55e-01 factor_V=2.45e+58 factor_rho=5.62e-56 rho_eV2=3.79e+57 rho_final=2.13e+02
BG_FUNC: a=1.42e-06 V=1.55e-01 factor_V=2.45e+58 factor_rho=5.62e-56 rho_eV2=3.79e+57 rho_final=2.13e+02
BG_FUNC: a=5.42e-05 V=1.54e-01 factor_V=2.45e+58 factor_rho=5.62e-56 rho_eV2=3.77e+57 rho_final=2.12e+02
RIDDER SWITCHING: z_osc = 5152.47, a_osc = 1.940442e-04
DEBUG: Ridder field ENABLED. Lambda = 1.209058e+00
DEBUG: Ridder field ENABLED. Lambda = 1.209058e+00
BG_FUNC: a=9.57e-14 V=2.08e-01 factor_V=2.45e+58 factor_rho=5.62e-56 rho_eV2=5.08e+57 rho_final=2.85e+02
BG_FUNC: a=3.79e-12 V=2.08e-01 factor_V=2.45e+58 factor_rho=5.62e-56 rho_eV2=5.08e+57 rho_final=2.85e+02
BG_FUNC: a=1.50e-10 V=2.08e-01 factor_V=2.45e+58 factor_rho=5.62e-56 rho_eV2=5.08e+57 rho_final=2.85e+02
BG_FUNC: a=5.95e-09 V=2.08e-01 factor_V=2.45e+58 factor_rho=5.62e-56 rho_eV2=5.08e+57 rho_final=2.85e+02
BG_FUNC: a=2.36e-07 V=2.08e-01 factor_V=2.45e+58 factor_rho=5.62e-56 rho_eV2=5.08e+57 rho_final=2.85e+02
BG_FUNC: a=9.36e-06 V=2.08e-01 factor_V=2.45e+58 factor_rho=5.62e-56 rho_eV2=5.08e+57 rho_final=2.85e+02
RIDDER SWITCHING: z_osc = 5577.20, a_osc = 1.792693e-04
DEBUG: Ridder field ENABLED. Lambda = 1.525310e+00
DEBUG: Ridder field ENABLED. Lambda = 1.525310e+00
BG_FUNC: a=1.87e-14 V=5.26e-01 factor_V=2.45e+58 factor_rho=5.62e-56 rho_eV2=1.29e+58 rho_final=7.23e+02
BG_FUNC: a=7.01e-13 V=5.26e-01 factor_V=2.45e+58 factor_rho=5.62e-56 rho_eV2=1.29e+58 rho_final=7.23e+02
BG_FUNC: a=2.78e-11 V=5.26e-01 factor_V=2.45e+58 factor_rho=5.62e-56 rho_eV2=1.29e+58 rho_final=7.23e+02
BG_FUNC: a=1.10e-09 V=5.26e-01 factor_V=2.45e+58 factor_rho=5.62e-56 rho_eV2=1.29e+58 rho_final=7.23e+02
BG_FUNC: a=4.35e-08 V=5.26e-01 factor_V=2.45e+58 factor_rho=5.62e-56 rho_eV2=1.29e+58 rho_final=7.23e+02
BG_FUNC: a=1.74e-06 V=5.26e-01 factor_V=2.45e+58 factor_rho=5.62e-56 rho_eV2=1.29e+58 rho_final=7.23e+02
BG_FUNC: a=6.80e-05 V=4.87e-01 factor_V=2.45e+58 factor_rho=5.62e-56 rho_eV2=1.23e+58 rho_final=6.90e+02
RIDDER SWITCHING: z_osc = 7263.13, a_osc = 1.376627e-04
DEBUG: Ridder field ENABLED. Lambda = 1.220943e+00
DEBUG: Ridder field ENABLED. Lambda = 1.220943e+00
BG_FUNC: a=1.68e-13 V=2.16e-01 factor_V=2.45e+58 factor_rho=5.62e-56 rho_eV2=5.28e+57 rho_final=2.97e+02
BG_FUNC: a=6.58e-12 V=2.16e-01 factor_V=2.45e+58 factor_rho=5.62e-56 rho_eV2=5.28e+57 rho_final=2.97e+02
BG_FUNC: a=2.58e-10 V=2.16e-01 factor_V=2.45e+58 factor_rho=5.62e-56 rho_eV2=5.28e+57 rho_final=2.97e+02
BG_FUNC: a=1.02e-08 V=2.16e-01 factor_V=2.45e+58 factor_rho=5.62e-56 rho_eV2=5.28e+57 rho_final=2.97e+02
BG_FUNC: a=3.96e-07 V=2.16e-01 factor_V=2.45e+58 factor_rho=5.62e-56 rho_eV2=5.28e+57 rho_final=2.97e+02
BG_FUNC: a=1.52e-05 V=2.16e-01 factor_V=2.45e+58 factor_rho=5.62e-56 rho_eV2=5.28e+57 rho_final=2.97e+02
RIDDER SWITCHING: z_osc = 5642.27, a_osc = 1.772022e-04
DEBUG: Ridder field ENABLED. Lambda = 1.543781e+00
DEBUG: Ridder field ENABLED. Lambda = 1.543781e+00
BG_FUNC: a=3.06e-14 V=5.52e-01 factor_V=2.45e+58 factor_rho=5.62e-56 rho_eV2=1.35e+58 rho_final=7.58e+02
BG_FUNC: a=1.16e-12 V=5.52e-01 factor_V=2.45e+58 factor_rho=5.62e-56 rho_eV2=1.35e+58 rho_final=7.58e+02
BG_FUNC: a=4.59e-11 V=5.52e-01 factor_V=2.45e+58 factor_rho=5.62e-56 rho_eV2=1.35e+58 rho_final=7.58e+02
BG_FUNC: a=1.82e-09 V=5.52e-01 factor_V=2.45e+58 factor_rho=5.62e-56 rho_eV2=1.35e+58 rho_final=7.58e+02
BG_FUNC: a=7.23e-08 V=5.52e-01 factor_V=2.45e+58 factor_rho=5.62e-56 rho_eV2=1.35e+58 rho_final=7.58e+02
BG_FUNC: a=2.87e-06 V=5.52e-01 factor_V=2.45e+58 factor_rho=5.62e-56 rho_eV2=1.35e+58 rho_final=7.58e+02
BG_FUNC: a=1.11e-04 V=3.37e-01 fac[mcmc] Progress @ 2025-11-30 22:04:32 : 7109 steps taken, and 1141 accepted.
[mcmc] Progress @ 2025-11-30 22:06:05 : 7126 steps taken, and 1145 accepted.
[mcmc] Progress @ 2025-11-30 22:07:05 : 7147 steps taken, and 1147 accepted.
[mcmc] Progress @ 2025-11-30 22:08:07 : 7163 steps taken, and 1149 accepted.
tor_V=2.45e+58 factor_rho=5.62e-56 rho_eV2=1.00e+58 rho_final=5.62e+02
RIDDER SWITCHING: z_osc = 7346.82, a_osc = 1.360948e-04
DEBUG: Ridder field ENABLED. Lambda = 1.262905e+00
DEBUG: Ridder field ENABLED. Lambda = 1.262905e+00
BG_FUNC: a=2.83e-13 V=2.47e-01 factor_V=2.45e+58 factor_rho=5.62e-56 rho_eV2=6.04e+57 rho_final=3.40e+02
BG_FUNC: a=1.12e-11 V=2.47e-01 factor_V=2.45e+58 factor_rho=5.62e-56 rho_eV2=6.04e+57 rho_final=3.40e+02
BG_FUNC: a=4.49e-10 V=2.47e-01 factor_V=2.45e+58 factor_rho=5.62e-56 rho_eV2=6.04e+57 rho_final=3.40e+02
BG_FUNC: a=1.77e-08 V=2.47e-01 factor_V=2.45e+58 factor_rho=5.62e-56 rho_eV2=6.04e+57 rho_final=3.40e+02
BG_FUNC: a=7.03e-07 V=2.47e-01 factor_V=2.45e+58 factor_rho=5.62e-56 rho_eV2=6.04e+57 rho_final=3.40e+02
BG_FUNC: a=2.79e-05 V=2.47e-01 factor_V=2.45e+58 factor_rho=5.62e-56 rho_eV2=6.04e+57 rho_final=3.39e+02
RIDDER SWITCHING: z_osc = 5835.58, a_osc = 1.713332e-04
DEBUG: Ridder field ENABLED. Lambda = 1.275712e+00
DEBUG: Ridder field ENABLED. Lambda = 1.275712e+00
BG_FUNC: a=5.73e-14 V=2.57e-01 factor_V=2.45e+58 factor_rho=5.62e-56 rho_eV2=6.29e+57 rho_final=3.54e+02
BG_FUNC: a=2.19e-12 V=2.57e-01 factor_V=2.45e+58 factor_rho=5.62e-56 rho_eV2=6.29e+57 rho_final=3.54e+02
BG_FUNC: a=8.70e-11 V=2.57e-01 factor_V=2.45e+58 factor_rho=5.62e-56 rho_eV2=6.29e+57 rho_final=3.54e+02
BG_FUNC: a=3.46e-09 V=2.57e-01 factor_V=2.45e+58 factor_rho=5.62e-56 rho_eV2=6.29e+57 rho_final=3.54e+02
BG_FUNC: a=1.37e-07 V=2.57e-01 factor_V=2.45e+58 factor_rho=5.62e-56 rho_eV2=6.29e+57 rho_final=3.54e+02
BG_FUNC: a=5.45e-06 V=2.57e-01 factor_V=2.45e+58 factor_rho=5.62e-56 rho_eV2=6.29e+57 rho_final=3.54e+02
RIDDER SWITCHING: z_osc = 5907.56, a_osc = 1.692458e-04
DEBUG: Ridder field ENABLED. Lambda = 1.061409e+00
DEBUG: Ridder field ENABLED. Lambda = 1.061409e+00
BG_FUNC: a=1.17e-14 V=1.23e-01 factor_V=2.45e+58 factor_rho=5.62e-56 rho_eV2=3.01e+57 rho_final=1.69e+02
BG_FUNC: a=4.36e-13 V=1.23e-01 factor_V=2.45e+58 factor_rho=5.62e-56 rho_eV2=3.01e+57 rho_final=1.69e+02
BG_FUNC: a=1.75e-11 V=1.23e-01 factor_V=2.45e+58 factor_rho=5.62e-56 rho_eV2=3.01e+57 rho_final=1.69e+02
BG_FUNC: a=7.01e-10 V=1.23e-01 factor_V=2.45e+58 factor_rho=5.62e-56 rho_eV2=3.01e+57 rho_final=1.69e+02
BG_FUNC: a=2.81e-08 V=1.23e-01 factor_V=2.45e+58 factor_rho=5.62e-56 rho_eV2=3.01e+57 rho_final=1.69e+02
BG_FUNC: a=1.13e-06 V=1.23e-01 factor_V=2.45e+58 factor_rho=5.62e-56 rho_eV2=3.01e+57 rho_final=1.69e+02
BG_FUNC: a=4.57e-05 V=1.23e-01 factor_V=2.45e+58 factor_rho=5.62e-56 rho_eV2=3.01e+57 rho_final=1.69e+02
RIDDER SWITCHING: z_osc = 4810.38, a_osc = 2.078406e-04
DEBUG: Ridder field ENABLED. Lambda = 1.234769e+00
DEBUG: Ridder field ENABLED. Lambda = 1.234769e+00
BG_FUNC: a=7.63e-14 V=2.26e-01 factor_V=2.45e+58 factor_rho=5.62e-56 rho_eV2=5.52e+57 rho_final=3.10e+02
BG_FUNC: a=2.97e-12 V=2.26e-01 factor_V=2.45e+58 factor_rho=5.62e-56 rho_eV2=5.52e+57 rho_final=3.10e+02
BG_FUNC: a=1.19e-10 V=2.26e-01 factor_V=2.45e+58 factor_rho=5.62e-56 rho_eV2=5.52e+57 rho_final=3.10e+02
BG_FUNC: a=4.79e-09 V=2.26e-01 factor_V=2.45e+58 factor_rho=5.62e-56 rho_eV2=5.52e+57 rho_final=3.10e+02
BG_FUNC: a=1.93e-07 V=2.26e-01 factor_V=2.45e+58 factor_rho=5.62e-56 rho_eV2=5.52e+57 rho_final=3.10e+02
BG_FUNC: a=7.74e-06 V=2.26e-01 factor_V=2.45e+58 factor_rho=5.62e-56 rho_eV2=5.52e+57 rho_final=3.10e+02
RIDDER SWITCHING: z_osc = 5696.54, a_osc = 1.755142e-04
DEBUG: Ridder field ENABLED. Lambda = 1.216498e+00
DEBUG: Ridder field ENABLED. Lambda = 1.216498e+00
BG_FUNC: a=1.60e-14 V=2.13e-01 factor_V=2.45e+58 factor_rho=5.62e-56 rho_eV2=5.20e+57 rho_final=2.92e+02
BG_FUNC: a=5.99e-13 V=2.13e-01 factor_V=2.45e+58 factor_rho=5.62e-56 rho_eV2=5.20e+57 rho_final=2.92e+02
BG_FUNC: a=2.37e-11 V=2.13e-01 factor_V=2.45e+58 factor_rho=5.62e-56 rho_eV2=5.20e+57 rho_final=2.92e+02
BG_FUNC: a=9.41e-10 V=2.13e-01 factor_V=2.45e+58 factor_rho=5.62e-56 rho_eV2=5.20e+57 rho_final=2.92e+02
BG_FUNC: a=3.73e-08 V=2.13e-01 factor_V=2.45e+58 factor_rho=5.62e-56 rho_eV2=5.20e+57 rho_final=2.92e+02
BG_FUNC: a=1.48e-06 V=2.13e-01 factor_V=2.45e+58 factor_rho=5.62e-56 rho_eV2=5.20e+57[mcmc] Progress @ 2025-11-30 22:09:41 : 7178 steps taken, and 1151 accepted.
[mcmc] Progress @ 2025-11-30 22:10:41 : 7194 steps taken, and 1155 accepted.
[mcmc] Progress @ 2025-11-30 22:11:41 : 7221 steps taken, and 1160 accepted.
 rho_final=2.92e+02
BG_FUNC: a=5.84e-05 V=2.09e-01 factor_V=2.45e+58 factor_rho=5.62e-56 rho_eV2=5.15e+57 rho_final=2.89e+02
RIDDER SWITCHING: z_osc = 5648.58, a_osc = 1.770044e-04
DEBUG: Ridder field ENABLED. Lambda = 1.183772e+00
DEBUG: Ridder field ENABLED. Lambda = 1.183772e+00
BG_FUNC: a=1.12e-13 V=1.91e-01 factor_V=2.45e+58 factor_rho=5.62e-56 rho_eV2=4.66e+57 rho_final=2.62e+02
BG_FUNC: a=4.46e-12 V=1.91e-01 factor_V=2.45e+58 factor_rho=5.62e-56 rho_eV2=4.66e+57 rho_final=2.62e+02
BG_FUNC: a=1.77e-10 V=1.91e-01 factor_V=2.45e+58 factor_rho=5.62e-56 rho_eV2=4.66e+57 rho_final=2.62e+02
BG_FUNC: a=7.01e-09 V=1.91e-01 factor_V=2.45e+58 factor_rho=5.62e-56 rho_eV2=4.66e+57 rho_final=2.62e+02
BG_FUNC: a=2.78e-07 V=1.91e-01 factor_V=2.45e+58 factor_rho=5.62e-56 rho_eV2=4.66e+57 rho_final=2.62e+02
BG_FUNC: a=1.10e-05 V=1.91e-01 factor_V=2.45e+58 factor_rho=5.62e-56 rho_eV2=4.66e+57 rho_final=2.62e+02
RIDDER SWITCHING: z_osc = 5429.67, a_osc = 1.841393e-04
DEBUG: Ridder field ENABLED. Lambda = 1.234769e+00
DEBUG: Ridder field ENABLED. Lambda = 1.234769e+00
BG_FUNC: a=2.14e-14 V=2.26e-01 factor_V=2.45e+58 factor_rho=5.62e-56 rho_eV2=5.52e+57 rho_final=3.10e+02
BG_FUNC: a=8.06e-13 V=2.26e-01 factor_V=2.45e+58 factor_rho=5.62e-56 rho_eV2=5.52e+57 rho_final=3.10e+02
BG_FUNC: a=3.20e-11 V=2.26e-01 factor_V=2.45e+58 factor_rho=5.62e-56 rho_eV2=5.52e+57 rho_final=3.10e+02
BG_FUNC: a=1.27e-09 V=2.26e-01 factor_V=2.45e+58 factor_rho=5.62e-56 rho_eV2=5.52e+57 rho_final=3.10e+02
BG_FUNC: a=5.03e-08 V=2.26e-01 factor_V=2.45e+58 factor_rho=5.62e-56 rho_eV2=5.52e+57 rho_final=3.10e+02
BG_FUNC: a=1.99e-06 V=2.26e-01 factor_V=2.45e+58 factor_rho=5.62e-56 rho_eV2=5.52e+57 rho_final=3.10e+02
BG_FUNC: a=7.88e-05 V=2.13e-01 factor_V=2.45e+58 factor_rho=5.62e-56 rho_eV2=5.33e+57 rho_final=3.00e+02
RIDDER SWITCHING: z_osc = 5691.80, a_osc = 1.756606e-04
DEBUG: Ridder field ENABLED. Lambda = 1.219508e+00
DEBUG: Ridder field ENABLED. Lambda = 1.219508e+00
BG_FUNC: a=1.53e-13 V=2.15e-01 factor_V=2.45e+58 factor_rho=5.62e-56 rho_eV2=5.25e+57 rho_final=2.95e+02
BG_FUNC: a=6.14e-12 V=2.15e-01 factor_V=2.45e+58 factor_rho=5.62e-56 rho_eV2=5.25e+57 rho_final=2.95e+02
BG_FUNC: a=2.47e-10 V=2.15e-01 factor_V=2.45e+58 factor_rho=5.62e-56 rho_eV2=5.25e+57 rho_final=2.95e+02
BG_FUNC: a=9.89e-09 V=2.15e-01 factor_V=2.45e+58 factor_rho=5.62e-56 rho_eV2=5.25e+57 rho_final=2.95e+02
BG_FUNC: a=3.97e-07 V=2.15e-01 factor_V=2.45e+58 factor_rho=5.62e-56 rho_eV2=5.25e+57 rho_final=2.95e+02
BG_FUNC: a=1.59e-05 V=2.15e-01 factor_V=2.45e+58 factor_rho=5.62e-56 rho_eV2=5.25e+57 rho_final=2.95e+02
RIDDER SWITCHING: z_osc = 5615.35, a_osc = 1.780516e-04
DEBUG: Ridder field ENABLED. Lambda = 1.485436e+00
DEBUG: Ridder field ENABLED. Lambda = 1.485436e+00
BG_FUNC: a=3.19e-14 V=4.73e-01 factor_V=2.45e+58 factor_rho=5.62e-56 rho_eV2=1.16e+58 rho_final=6.50e+02
BG_FUNC: a=1.21e-12 V=4.73e-01 factor_V=2.45e+58 factor_rho=5.62e-56 rho_eV2=1.16e+58 rho_final=6.50e+02
BG_FUNC: a=4.79e-11 V=4.73e-01 factor_V=2.45e+58 factor_rho=5.62e-56 rho_eV2=1.16e+58 rho_final=6.50e+02
BG_FUNC: a=1.90e-09 V=4.73e-01 factor_V=2.45e+58 factor_rho=5.62e-56 rho_eV2=1.16e+58 rho_final=6.50e+02
BG_FUNC: a=7.53e-08 V=4.73e-01 factor_V=2.45e+58 factor_rho=5.62e-56 rho_eV2=1.16e+58 rho_final=6.50e+02
BG_FUNC: a=2.99e-06 V=4.73e-01 factor_V=2.45e+58 factor_rho=5.62e-56 rho_eV2=1.16e+58 rho_final=6.50e+02
BG_FUNC: a=1.16e-04 V=2.87e-01 factor_V=2.45e+58 factor_rho=5.62e-56 rho_eV2=8.54e+57 rho_final=4.80e+02
RIDDER SWITCHING: z_osc = 7049.90, a_osc = 1.418258e-04
DEBUG: Ridder field ENABLED. Lambda = 1.074757e+00
DEBUG: Ridder field ENABLED. Lambda = 1.074757e+00
BG_FUNC: a=2.85e-13 V=1.30e-01 factor_V=2.45e+58 factor_rho=5.62e-56 rho_eV2=3.17e+57 rho_final=1.78e+02
BG_FUNC: a=1.15e-11 V=1.30e-01 factor_V=2.45e+58 factor_rho=5.62e-56 rho_eV2=3.17e+57 rho_final=1.78e+02
BG_FUNC: a=4.58e-10 V=1.30e-01 factor_V=2.45e+58 factor_rho=5.62e-56 rho_eV2=3.17e+57 rho_final=1.78e+02
BG_FUNC: a=1.84e-08 V=1.30e-01 factor_V=2.45e+58 factor_rho=5.62e-56 rho_eV2=3.17e+57 rho_final=1.78e+02
BG_FUNC: a=7.36e-07 V=1.30e-01 [mcmc] Progress @ 2025-11-30 22:13:13 : 7239 steps taken, and 1165 accepted.
[mcmc] Progress @ 2025-11-30 22:14:14 : 7254 steps taken, and 1166 accepted.
[mcmc] Progress @ 2025-11-30 22:15:35 : 7257 steps taken, and 1166 accepted.
factor_V=2.45e+58 factor_rho=5.62e-56 rho_eV2=3.17e+57 rho_final=1.78e+02
BG_FUNC: a=2.95e-05 V=1.30e-01 factor_V=2.45e+58 factor_rho=5.62e-56 rho_eV2=3.17e+57 rho_final=1.78e+02
RIDDER SWITCHING: z_osc = 4855.56, a_osc = 2.059069e-04
DEBUG: Ridder field ENABLED. Lambda = 1.234769e+00
DEBUG: Ridder field ENABLED. Lambda = 1.234769e+00
BG_FUNC: a=5.07e-14 V=2.26e-01 factor_V=2.45e+58 factor_rho=5.62e-56 rho_eV2=5.52e+57 rho_final=3.10e+02
BG_FUNC: a=1.93e-12 V=2.26e-01 factor_V=2.45e+58 factor_rho=5.62e-56 rho_eV2=5.52e+57 rho_final=3.10e+02
BG_FUNC: a=7.65e-11 V=2.26e-01 factor_V=2.45e+58 factor_rho=5.62e-56 rho_eV2=5.52e+57 rho_final=3.10e+02
BG_FUNC: a=3.03e-09 V=2.26e-01 factor_V=2.45e+58 factor_rho=5.62e-56 rho_eV2=5.52e+57 rho_final=3.10e+02
BG_FUNC: a=1.20e-07 V=2.26e-01 factor_V=2.45e+58 factor_rho=5.62e-56 rho_eV2=5.52e+57 rho_final=3.10e+02
BG_FUNC: a=4.80e-06 V=2.26e-01 factor_V=2.45e+58 factor_rho=5.62e-56 rho_eV2=5.52e+57 rho_final=3.10e+02
RIDDER SWITCHING: z_osc = 5696.36, a_osc = 1.755199e-04
DEBUG: Ridder field ENABLED. Lambda = 1.113123e+00
DEBUG: Ridder field ENABLED. Lambda = 1.113123e+00
BG_FUNC: a=1.00e-14 V=1.49e-01 factor_V=2.45e+58 factor_rho=5.62e-56 rho_eV2=3.65e+57 rho_final=2.05e+02
BG_FUNC: a=3.68e-13 V=1.49e-01 factor_V=2.45e+58 factor_rho=5.62e-56 rho_eV2=3.65e+57 rho_final=2.05e+02
BG_FUNC: a=1.45e-11 V=1.49e-01 factor_V=2.45e+58 factor_rho=5.62e-56 rho_eV2=3.65e+57 rho_final=2.05e+02
BG_FUNC: a=5.73e-10 V=1.49e-01 factor_V=2.45e+58 factor_rho=5.62e-56 rho_eV2=3.65e+57 rho_final=2.05e+02
BG_FUNC: a=2.27e-08 V=1.49e-01 factor_V=2.45e+58 factor_rho=5.62e-56 rho_eV2=3.65e+57 rho_final=2.05e+02
BG_FUNC: a=8.99e-07 V=1.49e-01 factor_V=2.45e+58 factor_rho=5.62e-56 rho_eV2=3.65e+57 rho_final=2.05e+02
BG_FUNC: a=3.55e-05 V=1.49e-01 factor_V=2.45e+58 factor_rho=5.62e-56 rho_eV2=3.64e+57 rho_final=2.05e+02
RIDDER SWITCHING: z_osc = 5098.16, a_osc = 1.961106e-04
DEBUG: Ridder field ENABLED. Lambda = 1.255361e+00
DEBUG: Ridder field ENABLED. Lambda = 1.255361e+00
BG_FUNC: a=6.36e-14 V=2.41e-01 factor_V=2.45e+58 factor_rho=5.62e-56 rho_eV2=5.90e+57 rho_final=3.32e+02
BG_FUNC: a=2.44e-12 V=2.41e-01 factor_V=2.45e+58 factor_rho=5.62e-56 rho_eV2=5.90e+57 rho_final=3.32e+02
BG_FUNC: a=9.67e-11 V=2.41e-01 factor_V=2.45e+58 factor_rho=5.62e-56 rho_eV2=5.90e+57 rho_final=3.32e+02
BG_FUNC: a=3.83e-09 V=2.41e-01 factor_V=2.45e+58 factor_rho=5.62e-56 rho_eV2=5.90e+57 rho_final=3.32e+02
BG_FUNC: a=1.52e-07 V=2.41e-01 factor_V=2.45e+58 factor_rho=5.62e-56 rho_eV2=5.90e+57 rho_final=3.32e+02
BG_FUNC: a=6.02e-06 V=2.41e-01 factor_V=2.45e+58 factor_rho=5.62e-56 rho_eV2=5.90e+57 rho_final=3.32e+02
RIDDER SWITCHING: z_osc = 5793.37, a_osc = 1.725814e-04
DEBUG: Ridder field ENABLED. Lambda = 1.414023e+00
DEBUG: Ridder field ENABLED. Lambda = 1.414023e+00
BG_FUNC: a=1.26e-14 V=3.88e-01 factor_V=2.45e+58 factor_rho=5.62e-56 rho_eV2=9.50e+57 rho_final=5.34e+02
BG_FUNC: a=4.76e-13 V=3.88e-01 factor_V=2.45e+58 factor_rho=5.62e-56 rho_eV2=9.50e+57 rho_final=5.34e+02
BG_FUNC: a=1.90e-11 V=3.88e-01 factor_V=2.45e+58 factor_rho=5.62e-56 rho_eV2=9.50e+57 rho_final=5.34e+02
BG_FUNC: a=7.63e-10 V=3.88e-01 factor_V=2.45e+58 factor_rho=5.62e-56 rho_eV2=9.50e+57 rho_final=5.34e+02
BG_FUNC: a=3.07e-08 V=3.88e-01 factor_V=2.45e+58 factor_rho=5.62e-56 rho_eV2=9.50e+57 rho_final=5.34e+02
BG_FUNC: a=1.23e-06 V=3.88e-01 factor_V=2.45e+58 factor_rho=5.62e-56 rho_eV2=9.50e+57 rho_final=5.34e+02
BG_FUNC: a=4.95e-05 V=3.82e-01 factor_V=2.45e+58 factor_rho=5.62e-56 rho_eV2=9.40e+57 rho_final=5.29e+02
RIDDER SWITCHING: z_osc = 6627.73, a_osc = 1.508584e-04
DEBUG: Ridder field ENABLED. Lambda = 1.213142e+00
DEBUG: Ridder field ENABLED. Lambda = 1.213142e+00
BG_FUNC: a=1.12e-13 V=2.10e-01 factor_V=2.45e+58 factor_rho=5.62e-56 rho_eV2=5.14e+57 rho_final=2.89e+02
BG_FUNC: a=4.46e-12 V=2.10e-01 factor_V=2.45e+58 factor_rho=5.62e-56 rho_eV2=5.14e+57 rho_final=2.89e+02
BG_FUNC: a=1.77e-10 V=2.10e-01 factor_V=2.45e+58 factor_rho=5.62e-56 rho_eV2=5.14e+57 rho_final=2.89e+02
BG_FUNC: a=7.08e-09 V=2.10e-01 factor_V=2.45e+58 factor_rho=5.62e-56 rho_eV2=5.14e[mcmc] Progress @ 2025-11-30 22:17:13 : 7281 steps taken, and 1172 accepted.
[mcmc] Progress @ 2025-11-30 22:18:50 : 7299 steps taken, and 1175 accepted.
[mcmc] Progress @ 2025-11-30 22:20:12 : 7305 steps taken, and 1177 accepted.
+57 rho_final=2.89e+02
BG_FUNC: a=2.79e-07 V=2.10e-01 factor_V=2.45e+58 factor_rho=5.62e-56 rho_eV2=5.14e+57 rho_final=2.89e+02
BG_FUNC: a=1.11e-05 V=2.10e-01 factor_V=2.45e+58 factor_rho=5.62e-56 rho_eV2=5.14e+57 rho_final=2.89e+02
RIDDER SWITCHING: z_osc = 5586.52, a_osc = 1.789704e-04
DEBUG: Ridder field ENABLED. Lambda = 1.178070e+00
DEBUG: Ridder field ENABLED. Lambda = 1.178070e+00
BG_FUNC: a=2.23e-14 V=1.87e-01 factor_V=2.45e+58 factor_rho=5.62e-56 rho_eV2=4.58e+57 rho_final=2.57e+02
BG_FUNC: a=8.32e-13 V=1.87e-01 factor_V=2.45e+58 factor_rho=5.62e-56 rho_eV2=4.58e+57 rho_final=2.57e+02
BG_FUNC: a=3.30e-11 V=1.87e-01 factor_V=2.45e+58 factor_rho=5.62e-56 rho_eV2=4.58e+57 rho_final=2.57e+02
BG_FUNC: a=1.31e-09 V=1.87e-01 factor_V=2.45e+58 factor_rho=5.62e-56 rho_eV2=4.58e+57 rho_final=2.57e+02
BG_FUNC: a=5.19e-08 V=1.87e-01 factor_V=2.45e+58 factor_rho=5.62e-56 rho_eV2=4.58e+57 rho_final=2.57e+02
BG_FUNC: a=2.06e-06 V=1.87e-01 factor_V=2.45e+58 factor_rho=5.62e-56 rho_eV2=4.58e+57 rho_final=2.57e+02
BG_FUNC: a=8.12e-05 V=1.77e-01 factor_V=2.45e+58 factor_rho=5.62e-56 rho_eV2=4.43e+57 rho_final=2.49e+02
RIDDER SWITCHING: z_osc = 5410.71, a_osc = 1.847844e-04
DEBUG: Ridder field ENABLED. Lambda = 1.200541e+00
DEBUG: Ridder field ENABLED. Lambda = 1.200541e+00
BG_FUNC: a=1.50e-13 V=2.02e-01 factor_V=2.45e+58 factor_rho=5.62e-56 rho_eV2=4.93e+57 rho_final=2.77e+02
BG_FUNC: a=5.94e-12 V=2.02e-01 factor_V=2.45e+58 factor_rho=5.62e-56 rho_eV2=4.93e+57 rho_final=2.77e+02
BG_FUNC: a=2.35e-10 V=2.02e-01 factor_V=2.45e+58 factor_rho=5.62e-56 rho_eV2=4.93e+57 rho_final=2.77e+02
BG_FUNC: a=9.33e-09 V=2.02e-01 factor_V=2.45e+58 factor_rho=5.62e-56 rho_eV2=4.93e+57 rho_final=2.77e+02
BG_FUNC: a=3.70e-07 V=2.02e-01 factor_V=2.45e+58 factor_rho=5.62e-56 rho_eV2=4.93e+57 rho_final=2.77e+02
BG_FUNC: a=1.47e-05 V=2.02e-01 factor_V=2.45e+58 factor_rho=5.62e-56 rho_eV2=4.93e+57 rho_final=2.77e+02
RIDDER SWITCHING: z_osc = 5526.20, a_osc = 1.809233e-04
DEBUG: Ridder field ENABLED. Lambda = 1.172474e+00
DEBUG: Ridder field ENABLED. Lambda = 1.172474e+00
BG_FUNC: a=2.89e-14 V=1.84e-01 factor_V=2.45e+58 factor_rho=5.62e-56 rho_eV2=4.49e+57 rho_final=2.52e+02
BG_FUNC: a=1.10e-12 V=1.84e-01 factor_V=2.45e+58 factor_rho=5.62e-56 rho_eV2=4.49e+57 rho_final=2.52e+02
BG_FUNC: a=4.42e-11 V=1.84e-01 factor_V=2.45e+58 factor_rho=5.62e-56 rho_eV2=4.49e+57 rho_final=2.52e+02
BG_FUNC: a=1.77e-09 V=1.84e-01 factor_V=2.45e+58 factor_rho=5.62e-56 rho_eV2=4.49e+57 rho_final=2.52e+02
BG_FUNC: a=7.19e-08 V=1.84e-01 factor_V=2.45e+58 factor_rho=5.62e-56 rho_eV2=4.49e+57 rho_final=2.52e+02
BG_FUNC: a=2.86e-06 V=1.84e-01 factor_V=2.45e+58 factor_rho=5.62e-56 rho_eV2=4.49e+57 rho_final=2.52e+02
BG_FUNC: a=1.14e-04 V=1.52e-01 factor_V=2.45e+58 factor_rho=5.62e-56 rho_eV2=4.01e+57 rho_final=2.25e+02
RIDDER SWITCHING: z_osc = 5385.96, a_osc = 1.856335e-04
DEBUG: Ridder field ENABLED. Lambda = 1.234769e+00
DEBUG: Ridder field ENABLED. Lambda = 1.234769e+00
BG_FUNC: a=2.09e-13 V=2.26e-01 factor_V=2.45e+58 factor_rho=5.62e-56 rho_eV2=5.52e+57 rho_final=3.10e+02
BG_FUNC: a=8.30e-12 V=2.26e-01 factor_V=2.45e+58 factor_rho=5.62e-56 rho_eV2=5.52e+57 rho_final=3.10e+02
BG_FUNC: a=3.29e-10 V=2.26e-01 factor_V=2.45e+58 factor_rho=5.62e-56 rho_eV2=5.52e+57 rho_final=3.10e+02
BG_FUNC: a=1.31e-08 V=2.26e-01 factor_V=2.45e+58 factor_rho=5.62e-56 rho_eV2=5.52e+57 rho_final=3.10e+02
BG_FUNC: a=5.22e-07 V=2.26e-01 factor_V=2.45e+58 factor_rho=5.62e-56 rho_eV2=5.52e+57 rho_final=3.10e+02
BG_FUNC: a=2.05e-05 V=2.26e-01 factor_V=2.45e+58 factor_rho=5.62e-56 rho_eV2=5.52e+57 rho_final=3.10e+02
RIDDER SWITCHING: z_osc = 5691.80, a_osc = 1.756606e-04
DEBUG: Ridder field ENABLED. Lambda = 1.409993e+00
DEBUG: Ridder field ENABLED. Lambda = 1.409993e+00
BG_FUNC: a=4.14e-14 V=3.84e-01 factor_V=2.45e+58 factor_rho=5.62e-56 rho_eV2=9.39e+57 rho_final=5.28e+02
BG_FUNC: a=1.57e-12 V=3.84e-01 factor_V=2.45e+58 factor_rho=5.62e-56 rho_eV2=9.39e+57 rho_final=5.28e+02
BG_FUNC: a=6.23e-11 V=3.84e-01 factor_V=2.45e+58 factor_rho=5.62e-56 rho_eV2=9.39e+57 rho_final=5.28e+02
BG_FUNC: a=2.47e-09 V=3.84e-[mcmc] Progress @ 2025-11-30 22:21:13 : 7335 steps taken, and 1183 accepted.
[mcmc] Progress @ 2025-11-30 22:22:14 : 7359 steps taken, and 1187 accepted.
[mcmc] Progress @ 2025-11-30 22:23:21 : 7385 steps taken, and 1194 accepted.
[mcmc] Progress @ 2025-11-30 22:24:42 : 7387 steps taken, and 1194 accepted.
01 factor_V=2.45e+58 factor_rho=5.62e-56 rho_eV2=9.39e+57 rho_final=5.28e+02
BG_FUNC: a=9.80e-08 V=3.84e-01 factor_V=2.45e+58 factor_rho=5.62e-56 rho_eV2=9.39e+57 rho_final=5.28e+02
BG_FUNC: a=3.88e-06 V=3.84e-01 factor_V=2.45e+58 factor_rho=5.62e-56 rho_eV2=9.39e+57 rho_final=5.28e+02
RIDDER SWITCHING: z_osc = 6646.43, a_osc = 1.504340e-04
DEBUG: Ridder field ENABLED. Lambda = 1.137469e+00
DEBUG: Ridder field ENABLED. Lambda = 1.137469e+00
BG_FUNC: a=1.00e-14 V=1.63e-01 factor_V=2.45e+58 factor_rho=5.62e-56 rho_eV2=3.98e+57 rho_final=2.24e+02
BG_FUNC: a=3.47e-13 V=1.63e-01 factor_V=2.45e+58 factor_rho=5.62e-56 rho_eV2=3.98e+57 rho_final=2.24e+02
BG_FUNC: a=1.38e-11 V=1.63e-01 factor_V=2.45e+58 factor_rho=5.62e-56 rho_eV2=3.98e+57 rho_final=2.24e+02
BG_FUNC: a=5.47e-10 V=1.63e-01 factor_V=2.45e+58 factor_rho=5.62e-56 rho_eV2=3.98e+57 rho_final=2.24e+02
BG_FUNC: a=2.19e-08 V=1.63e-01 factor_V=2.45e+58 factor_rho=5.62e-56 rho_eV2=3.98e+57 rho_final=2.24e+02
BG_FUNC: a=8.61e-07 V=1.63e-01 factor_V=2.45e+58 factor_rho=5.62e-56 rho_eV2=3.98e+57 rho_final=2.24e+02
BG_FUNC: a=3.41e-05 V=1.62e-01 factor_V=2.45e+58 factor_rho=5.62e-56 rho_eV2=3.97e+57 rho_final=2.23e+02
RIDDER SWITCHING: z_osc = 5193.15, a_osc = 1.925241e-04
DEBUG: Ridder field ENABLED. Lambda = 1.388707e+00
DEBUG: Ridder field ENABLED. Lambda = 1.388707e+00
BG_FUNC: a=6.27e-14 V=3.61e-01 factor_V=2.45e+58 factor_rho=5.62e-56 rho_eV2=8.83e+57 rho_final=4.97e+02
BG_FUNC: a=2.40e-12 V=3.61e-01 factor_V=2.45e+58 factor_rho=5.62e-56 rho_eV2=8.83e+57 rho_final=4.97e+02
BG_FUNC: a=9.53e-11 V=3.61e-01 factor_V=2.45e+58 factor_rho=5.62e-56 rho_eV2=8.83e+57 rho_final=4.97e+02
BG_FUNC: a=3.79e-09 V=3.61e-01 factor_V=2.45e+58 factor_rho=5.62e-56 rho_eV2=8.83e+57 rho_final=4.97e+02
BG_FUNC: a=1.50e-07 V=3.61e-01 factor_V=2.45e+58 factor_rho=5.62e-56 rho_eV2=8.83e+57 rho_final=4.97e+02
BG_FUNC: a=5.97e-06 V=3.61e-01 factor_V=2.45e+58 factor_rho=5.62e-56 rho_eV2=8.83e+57 rho_final=4.97e+02
RIDDER SWITCHING: z_osc = 6484.25, a_osc = 1.541960e-04
DEBUG: Ridder field ENABLED. Lambda = 1.322540e+00
DEBUG: Ridder field ENABLED. Lambda = 1.322540e+00
BG_FUNC: a=1.40e-14 V=2.97e-01 factor_V=2.45e+58 factor_rho=5.62e-56 rho_eV2=7.27e+57 rho_final=4.09e+02
BG_FUNC: a=5.23e-13 V=2.97e-01 factor_V=2.45e+58 factor_rho=5.62e-56 rho_eV2=7.27e+57 rho_final=4.09e+02
BG_FUNC: a=2.07e-11 V=2.97e-01 factor_V=2.45e+58 factor_rho=5.62e-56 rho_eV2=7.27e+57 rho_final=4.09e+02
BG_FUNC: a=8.22e-10 V=2.97e-01 factor_V=2.45e+58 factor_rho=5.62e-56 rho_eV2=7.27e+57 rho_final=4.09e+02
BG_FUNC: a=3.26e-08 V=2.97e-01 factor_V=2.45e+58 factor_rho=5.62e-56 rho_eV2=7.27e+57 rho_final=4.09e+02
BG_FUNC: a=1.29e-06 V=2.97e-01 factor_V=2.45e+58 factor_rho=5.62e-56 rho_eV2=7.27e+57 rho_final=4.09e+02
BG_FUNC: a=5.09e-05 V=2.93e-01 factor_V=2.45e+58 factor_rho=5.62e-56 rho_eV2=7.21e+57 rho_final=4.05e+02
RIDDER SWITCHING: z_osc = 6148.21, a_osc = 1.626224e-04
DEBUG: Ridder field ENABLED. Lambda = 1.163201e+00
DEBUG: Ridder field ENABLED. Lambda = 1.163201e+00
BG_FUNC: a=1.07e-13 V=1.78e-01 factor_V=2.45e+58 factor_rho=5.62e-56 rho_eV2=4.35e+57 rho_final=2.44e+02
BG_FUNC: a=4.29e-12 V=1.78e-01 factor_V=2.45e+58 factor_rho=5.62e-56 rho_eV2=4.35e+57 rho_final=2.44e+02
BG_FUNC: a=1.72e-10 V=1.78e-01 factor_V=2.45e+58 factor_rho=5.62e-56 rho_eV2=4.35e+57 rho_final=2.44e+02
BG_FUNC: a=6.88e-09 V=1.78e-01 factor_V=2.45e+58 factor_rho=5.62e-56 rho_eV2=4.35e+57 rho_final=2.44e+02
BG_FUNC: a=2.76e-07 V=1.78e-01 factor_V=2.45e+58 factor_rho=5.62e-56 rho_eV2=4.35e+57 rho_final=2.44e+02
BG_FUNC: a=1.11e-05 V=1.78e-01 factor_V=2.45e+58 factor_rho=5.62e-56 rho_eV2=4.35e+57 rho_final=2.44e+02
RIDDER SWITCHING: z_osc = 5328.14, a_osc = 1.876475e-04
DEBUG: Ridder field ENABLED. Lambda = 1.234769e+00
DEBUG: Ridder field ENABLED. Lambda = 1.234769e+00
BG_FUNC: a=2.11e-14 V=2.26e-01 factor_V=2.45e+58 factor_rho=5.62e-56 rho_eV2=5.52e+57 rho_final=3.10e+02
BG_FUNC: a=7.93e-13 V=2.26e-01 factor_V=2.45e+58 factor_rho=5.62e-56 rho_eV2=5.52e+57 rho_final=3.10e+02
BG_FUNC: a=3.15e-11 V=2.26e-01 factor_V=2.45e+58 factor_rho=5.62e-56 rho_eV2=5.[mcmc] Progress @ 2025-11-30 22:26:06 : 7394 steps taken, and 1195 accepted.
[mcmc] Progress @ 2025-11-30 22:27:06 : 7418 steps taken, and 1198 accepted.
[mcmc] Learn + convergence test @ 1200 samples accepted.
[mcmc]  - Acceptance rate: 0.528
[mcmc]  - Convergence of means: R-1 = 51.484614 after 960 accepted steps
[mcmc] Convergence less than requested for updates: waiting until the next convergence check.
[mcmc] Progress @ 2025-11-30 22:28:06 : 7435 steps taken, and 1202 accepted.
[mcmc] Progress @ 2025-11-30 22:29:11 : 7461 steps taken, and 1209 accepted.
52e+57 rho_final=3.10e+02
BG_FUNC: a=1.26e-09 V=2.26e-01 factor_V=2.45e+58 factor_rho=5.62e-56 rho_eV2=5.52e+57 rho_final=3.10e+02
BG_FUNC: a=4.95e-08 V=2.26e-01 factor_V=2.45e+58 factor_rho=5.62e-56 rho_eV2=5.52e+57 rho_final=3.10e+02
BG_FUNC: a=1.96e-06 V=2.26e-01 factor_V=2.45e+58 factor_rho=5.62e-56 rho_eV2=5.52e+57 rho_final=3.10e+02
BG_FUNC: a=7.75e-05 V=2.14e-01 factor_V=2.45e+58 factor_rho=5.62e-56 rho_eV2=5.34e+57 rho_final=3.00e+02
RIDDER SWITCHING: z_osc = 5691.80, a_osc = 1.756606e-04
DEBUG: Ridder field ENABLED. Lambda = 1.234769e+00
DEBUG: Ridder field ENABLED. Lambda = 1.234769e+00
BG_FUNC: a=1.50e-13 V=2.26e-01 factor_V=2.45e+58 factor_rho=5.62e-56 rho_eV2=5.52e+57 rho_final=3.10e+02
BG_FUNC: a=6.05e-12 V=2.26e-01 factor_V=2.45e+58 factor_rho=5.62e-56 rho_eV2=5.52e+57 rho_final=3.10e+02
BG_FUNC: a=2.43e-10 V=2.26e-01 factor_V=2.45e+58 factor_rho=5.62e-56 rho_eV2=5.52e+57 rho_final=3.10e+02
BG_FUNC: a=9.77e-09 V=2.26e-01 factor_V=2.45e+58 factor_rho=5.62e-56 rho_eV2=5.52e+57 rho_final=3.10e+02
BG_FUNC: a=3.92e-07 V=2.26e-01 factor_V=2.45e+58 factor_rho=5.62e-56 rho_eV2=5.52e+57 rho_final=3.10e+02
BG_FUNC: a=1.59e-05 V=2.26e-01 factor_V=2.45e+58 factor_rho=5.62e-56 rho_eV2=5.52e+57 rho_final=3.10e+02
RIDDER SWITCHING: z_osc = 5696.54, a_osc = 1.755142e-04
DEBUG: Ridder field ENABLED. Lambda = 9.956091e-01
DEBUG: Ridder field ENABLED. Lambda = 9.956091e-01
BG_FUNC: a=3.22e-14 V=9.54e-02 factor_V=2.45e+58 factor_rho=5.62e-56 rho_eV2=2.33e+57 rho_final=1.31e+02
BG_FUNC: a=1.23e-12 V=9.54e-02 factor_V=2.45e+58 factor_rho=5.62e-56 rho_eV2=2.33e+57 rho_final=1.31e+02
BG_FUNC: a=4.91e-11 V=9.54e-02 factor_V=2.45e+58 factor_rho=5.62e-56 rho_eV2=2.33e+57 rho_final=1.31e+02
BG_FUNC: a=1.96e-09 V=9.54e-02 factor_V=2.45e+58 factor_rho=5.62e-56 rho_eV2=2.33e+57 rho_final=1.31e+02
BG_FUNC: a=7.86e-08 V=9.54e-02 factor_V=2.45e+58 factor_rho=5.62e-56 rho_eV2=2.33e+57 rho_final=1.31e+02
BG_FUNC: a=3.17e-06 V=9.54e-02 factor_V=2.45e+58 factor_rho=5.62e-56 rho_eV2=2.33e+57 rho_final=1.31e+02
BG_FUNC: a=1.25e-04 V=8.31e-02 factor_V=2.45e+58 factor_rho=5.62e-56 rho_eV2=2.14e+57 rho_final=1.21e+02
RIDDER SWITCHING: z_osc = 4437.77, a_osc = 2.252875e-04
DEBUG: Ridder field ENABLED. Lambda = 1.037761e+00
DEBUG: Ridder field ENABLED. Lambda = 1.037761e+00
BG_FUNC: a=1.91e-13 V=1.13e-01 factor_V=2.45e+58 factor_rho=5.62e-56 rho_eV2=2.75e+57 rho_final=1.55e+02
BG_FUNC: a=7.60e-12 V=1.13e-01 factor_V=2.45e+58 factor_rho=5.62e-56 rho_eV2=2.75e+57 rho_final=1.55e+02
BG_FUNC: a=3.02e-10 V=1.13e-01 factor_V=2.45e+58 factor_rho=5.62e-56 rho_eV2=2.75e+57 rho_final=1.55e+02
BG_FUNC: a=1.20e-08 V=1.13e-01 factor_V=2.45e+58 factor_rho=5.62e-56 rho_eV2=2.75e+57 rho_final=1.55e+02
BG_FUNC: a=4.79e-07 V=1.13e-01 factor_V=2.45e+58 factor_rho=5.62e-56 rho_eV2=2.75e+57 rho_final=1.55e+02
BG_FUNC: a=1.90e-05 V=1.13e-01 factor_V=2.45e+58 factor_rho=5.62e-56 rho_eV2=2.75e+57 rho_final=1.55e+02
RIDDER SWITCHING: z_osc = 4677.48, a_osc = 2.137448e-04
DEBUG: Ridder field ENABLED. Lambda = 1.278784e+00
DEBUG: Ridder field ENABLED. Lambda = 1.278784e+00
BG_FUNC: a=3.17e-14 V=2.60e-01 factor_V=2.45e+58 factor_rho=5.62e-56 rho_eV2=6.35e+57 rho_final=3.57e+02
BG_FUNC: a=1.20e-12 V=2.60e-01 factor_V=2.45e+58 factor_rho=5.62e-56 rho_eV2=6.35e+57 rho_final=3.57e+02
BG_FUNC: a=4.80e-11 V=2.60e-01 factor_V=2.45e+58 factor_rho=5.62e-56 rho_eV2=6.35e+57 rho_final=3.57e+02
BG_FUNC: a=1.89e-09 V=2.60e-01 factor_V=2.45e+58 factor_rho=5.62e-56 rho_eV2=6.35e+57 rho_final=3.57e+02
BG_FUNC: a=7.48e-08 V=2.60e-01 factor_V=2.45e+58 factor_rho=5.62e-56 rho_eV2=6.35e+57 rho_final=3.57e+02
BG_FUNC: a=2.97e-06 V=2.60e-01 factor_V=2.45e+58 factor_rho=5.62e-56 rho_eV2=6.35e+57 rho_final=3.57e+02
BG_FUNC: a=1.16e-04 V=1.96e-01 factor_V=2.45e+58 factor_rho=5.62e-56 rho_eV2=5.35e+57 rho_final=3.01e+02
RIDDER SWITCHING: z_osc = 5939.75, a_osc = 1.683288e-04
DEBUG: Ridder field ENABLED. Lambda = 1.587264e+00
DEBUG: Ridder field ENABLED. Lambda = 1.587264e+00
BG_FUNC: a=2.36e-13 V=6.17e-01 factor_V=2.45e+58 factor_rho=5.62e-56 rho_eV2=1.51e+58 rho_final=8.48e+02
BG_FUNC: a=9.37e-12 V=6.1[mcmc] Progress @ 2025-11-30 22:30:41 : 7477 steps taken, and 1212 accepted.
[mcmc] Progress @ 2025-11-30 22:32:13 : 7493 steps taken, and 1215 accepted.
[mcmc] Progress @ 2025-11-30 22:33:13 : 7514 steps taken, and 1218 accepted.
7e-01 factor_V=2.45e+58 factor_rho=5.62e-56 rho_eV2=1.51e+58 rho_final=8.48e+02
BG_FUNC: a=3.71e-10 V=6.17e-01 factor_V=2.45e+58 factor_rho=5.62e-56 rho_eV2=1.51e+58 rho_final=8.48e+02
BG_FUNC: a=1.47e-08 V=6.17e-01 factor_V=2.45e+58 factor_rho=5.62e-56 rho_eV2=1.51e+58 rho_final=8.48e+02
BG_FUNC: a=5.84e-07 V=6.17e-01 factor_V=2.45e+58 factor_rho=5.62e-56 rho_eV2=1.51e+58 rho_final=8.48e+02
BG_FUNC: a=2.32e-05 V=6.16e-01 factor_V=2.45e+58 factor_rho=5.62e-56 rho_eV2=1.51e+58 rho_final=8.47e+02
RIDDER SWITCHING: z_osc = 7551.04, a_osc = 1.324146e-04
DEBUG: Ridder field ENABLED. Lambda = 1.346567e+00
DEBUG: Ridder field ENABLED. Lambda = 1.346567e+00
BG_FUNC: a=6.13e-14 V=3.19e-01 factor_V=2.45e+58 factor_rho=5.62e-56 rho_eV2=7.81e+57 rho_final=4.39e+02
BG_FUNC: a=2.38e-12 V=3.19e-01 factor_V=2.45e+58 factor_rho=5.62e-56 rho_eV2=7.81e+57 rho_final=4.39e+02
BG_FUNC: a=9.43e-11 V=3.19e-01 factor_V=2.45e+58 factor_rho=5.62e-56 rho_eV2=7.81e+57 rho_final=4.39e+02
BG_FUNC: a=3.77e-09 V=3.19e-01 factor_V=2.45e+58 factor_rho=5.62e-56 rho_eV2=7.81e+57 rho_final=4.39e+02
BG_FUNC: a=1.50e-07 V=3.19e-01 factor_V=2.45e+58 factor_rho=5.62e-56 rho_eV2=7.81e+57 rho_final=4.39e+02
BG_FUNC: a=6.01e-06 V=3.19e-01 factor_V=2.45e+58 factor_rho=5.62e-56 rho_eV2=7.81e+57 rho_final=4.39e+02
RIDDER SWITCHING: z_osc = 6231.79, a_osc = 1.604418e-04
DEBUG: Ridder field ENABLED. Lambda = 1.533892e+00
DEBUG: Ridder field ENABLED. Lambda = 1.533892e+00
BG_FUNC: a=1.36e-14 V=5.38e-01 factor_V=2.45e+58 factor_rho=5.62e-56 rho_eV2=1.31e+58 rho_final=7.39e+02
BG_FUNC: a=5.09e-13 V=5.38e-01 factor_V=2.45e+58 factor_rho=5.62e-56 rho_eV2=1.31e+58 rho_final=7.39e+02
BG_FUNC: a=2.00e-11 V=5.38e-01 factor_V=2.45e+58 factor_rho=5.62e-56 rho_eV2=1.31e+58 rho_final=7.39e+02
BG_FUNC: a=7.96e-10 V=5.38e-01 factor_V=2.45e+58 factor_rho=5.62e-56 rho_eV2=1.31e+58 rho_final=7.39e+02
BG_FUNC: a=3.16e-08 V=5.38e-01 factor_V=2.45e+58 factor_rho=5.62e-56 rho_eV2=1.31e+58 rho_final=7.39e+02
BG_FUNC: a=1.26e-06 V=5.38e-01 factor_V=2.45e+58 factor_rho=5.62e-56 rho_eV2=1.31e+58 rho_final=7.39e+02
BG_FUNC: a=4.97e-05 V=5.26e-01 factor_V=2.45e+58 factor_rho=5.62e-56 rho_eV2=1.30e+58 rho_final=7.29e+02
RIDDER SWITCHING: z_osc = 7234.24, a_osc = 1.382125e-04
DEBUG: Ridder field ENABLED. Lambda = 1.226965e+00
DEBUG: Ridder field ENABLED. Lambda = 1.226965e+00
BG_FUNC: a=1.23e-13 V=2.20e-01 factor_V=2.45e+58 factor_rho=5.62e-56 rho_eV2=5.38e+57 rho_final=3.03e+02
BG_FUNC: a=4.90e-12 V=2.20e-01 factor_V=2.45e+58 factor_rho=5.62e-56 rho_eV2=5.38e+57 rho_final=3.03e+02
BG_FUNC: a=1.93e-10 V=2.20e-01 factor_V=2.45e+58 factor_rho=5.62e-56 rho_eV2=5.38e+57 rho_final=3.03e+02
BG_FUNC: a=7.63e-09 V=2.20e-01 factor_V=2.45e+58 factor_rho=5.62e-56 rho_eV2=5.38e+57 rho_final=3.03e+02
BG_FUNC: a=3.03e-07 V=2.20e-01 factor_V=2.45e+58 factor_rho=5.62e-56 rho_eV2=5.38e+57 rho_final=3.03e+02
BG_FUNC: a=1.20e-05 V=2.20e-01 factor_V=2.45e+58 factor_rho=5.62e-56 rho_eV2=5.38e+57 rho_final=3.03e+02
RIDDER SWITCHING: z_osc = 5653.92, a_osc = 1.768371e-04
DEBUG: Ridder field ENABLED. Lambda = 1.278784e+00
DEBUG: Ridder field ENABLED. Lambda = 1.278784e+00
BG_FUNC: a=2.42e-14 V=2.60e-01 factor_V=2.45e+58 factor_rho=5.62e-56 rho_eV2=6.35e+57 rho_final=3.57e+02
BG_FUNC: a=9.06e-13 V=2.60e-01 factor_V=2.45e+58 factor_rho=5.62e-56 rho_eV2=6.35e+57 rho_final=3.57e+02
BG_FUNC: a=3.55e-11 V=2.60e-01 factor_V=2.45e+58 factor_rho=5.62e-56 rho_eV2=6.35e+57 rho_final=3.57e+02
BG_FUNC: a=1.40e-09 V=2.60e-01 factor_V=2.45e+58 factor_rho=5.62e-56 rho_eV2=6.35e+57 rho_final=3.57e+02
BG_FUNC: a=5.46e-08 V=2.60e-01 factor_V=2.45e+58 factor_rho=5.62e-56 rho_eV2=6.35e+57 rho_final=3.57e+02
BG_FUNC: a=2.14e-06 V=2.60e-01 factor_V=2.45e+58 factor_rho=5.62e-56 rho_eV2=6.35e+57 rho_final=3.57e+02
BG_FUNC: a=8.14e-05 V=2.41e-01 factor_V=2.45e+58 factor_rho=5.62e-56 rho_eV2=6.07e+57 rho_final=3.41e+02
RIDDER SWITCHING: z_osc = 5932.85, a_osc = 1.685246e-04
DEBUG: Ridder field ENABLED. Lambda = 1.394984e+00
DEBUG: Ridder field ENABLED. Lambda = 1.394984e+00
BG_FUNC: a=1.66e-13 V=3.68e-01 factor_V=2.45e+58 factor_rho=5.62e-56 rho_eV2[mcmc] Progress @ 2025-11-30 22:34:13 : 7534 steps taken, and 1222 accepted.
[mcmc] Progress @ 2025-11-30 22:35:14 : 7562 steps taken, and 1226 accepted.
[mcmc] Progress @ 2025-11-30 22:36:44 : 7576 steps taken, and 1228 accepted.
[mcmc] Progress @ 2025-11-30 22:37:46 : 7595 steps taken, and 1232 accepted.
=8.99e+57 rho_final=5.06e+02
BG_FUNC: a=6.57e-12 V=3.68e-01 factor_V=2.45e+58 factor_rho=5.62e-56 rho_eV2=8.99e+57 rho_final=5.06e+02
BG_FUNC: a=2.60e-10 V=3.68e-01 factor_V=2.45e+58 factor_rho=5.62e-56 rho_eV2=8.99e+57 rho_final=5.06e+02
BG_FUNC: a=1.03e-08 V=3.68e-01 factor_V=2.45e+58 factor_rho=5.62e-56 rho_eV2=8.99e+57 rho_final=5.06e+02
BG_FUNC: a=4.09e-07 V=3.68e-01 factor_V=2.45e+58 factor_rho=5.62e-56 rho_eV2=8.99e+57 rho_final=5.06e+02
BG_FUNC: a=1.62e-05 V=3.68e-01 factor_V=2.45e+58 factor_rho=5.62e-56 rho_eV2=8.99e+57 rho_final=5.06e+02
RIDDER SWITCHING: z_osc = 6539.28, a_osc = 1.528988e-04
DEBUG: Ridder field ENABLED. Lambda = 1.518665e+00
DEBUG: Ridder field ENABLED. Lambda = 1.518665e+00
BG_FUNC: a=3.80e-14 V=5.17e-01 factor_V=2.45e+58 factor_rho=5.62e-56 rho_eV2=1.26e+58 rho_final=7.10e+02
BG_FUNC: a=1.43e-12 V=5.17e-01 factor_V=2.45e+58 factor_rho=5.62e-56 rho_eV2=1.26e+58 rho_final=7.10e+02
BG_FUNC: a=5.68e-11 V=5.17e-01 factor_V=2.45e+58 factor_rho=5.62e-56 rho_eV2=1.26e+58 rho_final=7.10e+02
BG_FUNC: a=2.25e-09 V=5.17e-01 factor_V=2.45e+58 factor_rho=5.62e-56 rho_eV2=1.26e+58 rho_final=7.10e+02
BG_FUNC: a=9.03e-08 V=5.17e-01 factor_V=2.45e+58 factor_rho=5.62e-56 rho_eV2=1.26e+58 rho_final=7.10e+02
BG_FUNC: a=3.56e-06 V=5.17e-01 factor_V=2.45e+58 factor_rho=5.62e-56 rho_eV2=1.26e+58 rho_final=7.10e+02
BG_FUNC: a=1.38e-04 V=1.95e-01 factor_V=2.45e+58 factor_rho=5.62e-56 rho_eV2=7.03e+57 rho_final=3.95e+02
RIDDER SWITCHING: z_osc = 7193.13, a_osc = 1.390022e-04
DEBUG: Ridder field ENABLED. Lambda = 1.278784e+00
DEBUG: Ridder field ENABLED. Lambda = 1.278784e+00
BG_FUNC: a=3.44e-13 V=2.60e-01 factor_V=2.45e+58 factor_rho=5.62e-56 rho_eV2=6.35e+57 rho_final=3.57e+02
BG_FUNC: a=1.37e-11 V=2.60e-01 factor_V=2.45e+58 factor_rho=5.62e-56 rho_eV2=6.35e+57 rho_final=3.57e+02
BG_FUNC: a=5.43e-10 V=2.60e-01 factor_V=2.45e+58 factor_rho=5.62e-56 rho_eV2=6.35e+57 rho_final=3.57e+02
BG_FUNC: a=2.15e-08 V=2.60e-01 factor_V=2.45e+58 factor_rho=5.62e-56 rho_eV2=6.35e+57 rho_final=3.57e+02
BG_FUNC: a=8.56e-07 V=2.60e-01 factor_V=2.45e+58 factor_rho=5.62e-56 rho_eV2=6.35e+57 rho_final=3.57e+02
BG_FUNC: a=3.39e-05 V=2.59e-01 factor_V=2.45e+58 factor_rho=5.62e-56 rho_eV2=6.34e+57 rho_final=3.57e+02
RIDDER SWITCHING: z_osc = 5909.56, a_osc = 1.691887e-04
DEBUG: Ridder field ENABLED. Lambda = 9.935485e-01
DEBUG: Ridder field ENABLED. Lambda = 9.935485e-01
BG_FUNC: a=7.07e-14 V=9.47e-02 factor_V=2.45e+58 factor_rho=5.62e-56 rho_eV2=2.31e+57 rho_final=1.30e+02
BG_FUNC: a=2.71e-12 V=9.47e-02 factor_V=2.45e+58 factor_rho=5.62e-56 rho_eV2=2.31e+57 rho_final=1.30e+02
BG_FUNC: a=1.08e-10 V=9.47e-02 factor_V=2.45e+58 factor_rho=5.62e-56 rho_eV2=2.31e+57 rho_final=1.30e+02
BG_FUNC: a=4.28e-09 V=9.47e-02 factor_V=2.45e+58 factor_rho=5.62e-56 rho_eV2=2.31e+57 rho_final=1.30e+02
BG_FUNC: a=1.70e-07 V=9.47e-02 factor_V=2.45e+58 factor_rho=5.62e-56 rho_eV2=2.31e+57 rho_final=1.30e+02
BG_FUNC: a=6.75e-06 V=9.47e-02 factor_V=2.45e+58 factor_rho=5.62e-56 rho_eV2=2.31e+57 rho_final=1.30e+02
RIDDER SWITCHING: z_osc = 4446.28, a_osc = 2.248566e-04
DEBUG: Ridder field ENABLED. Lambda = 9.415415e-01
DEBUG: Ridder field ENABLED. Lambda = 9.415415e-01
BG_FUNC: a=1.09e-14 V=7.63e-02 factor_V=2.45e+58 factor_rho=5.62e-56 rho_eV2=1.87e+57 rho_final=1.05e+02
BG_FUNC: a=4.10e-13 V=7.63e-02 factor_V=2.45e+58 factor_rho=5.62e-56 rho_eV2=1.87e+57 rho_final=1.05e+02
BG_FUNC: a=1.61e-11 V=7.63e-02 factor_V=2.45e+58 factor_rho=5.62e-56 rho_eV2=1.87e+57 rho_final=1.05e+02
BG_FUNC: a=6.40e-10 V=7.63e-02 factor_V=2.45e+58 factor_rho=5.62e-56 rho_eV2=1.87e+57 rho_final=1.05e+02
BG_FUNC: a=2.54e-08 V=7.63e-02 factor_V=2.45e+58 factor_rho=5.62e-56 rho_eV2=1.87e+57 rho_final=1.05e+02
BG_FUNC: a=1.01e-06 V=7.63e-02 factor_V=2.45e+58 factor_rho=5.62e-56 rho_eV2=1.87e+57 rho_final=1.05e+02
BG_FUNC: a=4.00e-05 V=7.62e-02 factor_V=2.45e+58 factor_rho=5.62e-56 rho_eV2=1.87e+57 rho_final=1.05e+02
RIDDER SWITCHING: z_osc = 4158.78, a_osc = 2.403973e-04
DEBUG: Ridder field ENABLED. Lambda = 1.250101e+00
DEBUG: Ridder field ENABLED. Lambda = 1.250101e+00
BG_FUNC: a=5.88e-14 V=[mcmc] Progress @ 2025-11-30 22:38:46 : 7618 steps taken, and 1239 accepted.
[mcmc] Progress @ 2025-11-30 22:40:17 : 7637 steps taken, and 1241 accepted.
[mcmc] Progress @ 2025-11-30 22:41:41 : 7648 steps taken, and 1243 accepted.
2.37e-01 factor_V=2.45e+58 factor_rho=5.62e-56 rho_eV2=5.80e+57 rho_final=3.26e+02
BG_FUNC: a=2.27e-12 V=2.37e-01 factor_V=2.45e+58 factor_rho=5.62e-56 rho_eV2=5.80e+57 rho_final=3.26e+02
BG_FUNC: a=9.09e-11 V=2.37e-01 factor_V=2.45e+58 factor_rho=5.62e-56 rho_eV2=5.80e+57 rho_final=3.26e+02
BG_FUNC: a=3.64e-09 V=2.37e-01 factor_V=2.45e+58 factor_rho=5.62e-56 rho_eV2=5.80e+57 rho_final=3.26e+02
BG_FUNC: a=1.46e-07 V=2.37e-01 factor_V=2.45e+58 factor_rho=5.62e-56 rho_eV2=5.80e+57 rho_final=3.26e+02
BG_FUNC: a=5.83e-06 V=2.37e-01 factor_V=2.45e+58 factor_rho=5.62e-56 rho_eV2=5.80e+57 rho_final=3.26e+02
RIDDER SWITCHING: z_osc = 5755.62, a_osc = 1.737130e-04
DEBUG: Ridder field ENABLED. Lambda = 1.457154e+00
DEBUG: Ridder field ENABLED. Lambda = 1.457154e+00
BG_FUNC: a=1.22e-14 V=4.38e-01 factor_V=2.45e+58 factor_rho=5.62e-56 rho_eV2=1.07e+58 rho_final=6.02e+02
BG_FUNC: a=4.57e-13 V=4.38e-01 factor_V=2.45e+58 factor_rho=5.62e-56 rho_eV2=1.07e+58 rho_final=6.02e+02
BG_FUNC: a=1.81e-11 V=4.38e-01 factor_V=2.45e+58 factor_rho=5.62e-56 rho_eV2=1.07e+58 rho_final=6.02e+02
BG_FUNC: a=7.18e-10 V=4.38e-01 factor_V=2.45e+58 factor_rho=5.62e-56 rho_eV2=1.07e+58 rho_final=6.02e+02
BG_FUNC: a=2.85e-08 V=4.38e-01 factor_V=2.45e+58 factor_rho=5.62e-56 rho_eV2=1.07e+58 rho_final=6.02e+02
BG_FUNC: a=1.14e-06 V=4.38e-01 factor_V=2.45e+58 factor_rho=5.62e-56 rho_eV2=1.07e+58 rho_final=6.02e+02
BG_FUNC: a=4.45e-05 V=4.33e-01 factor_V=2.45e+58 factor_rho=5.62e-56 rho_eV2=1.06e+58 rho_final=5.98e+02
RIDDER SWITCHING: z_osc = 6853.56, a_osc = 1.458882e-04
DEBUG: Ridder field ENABLED. Lambda = 1.177066e+00
DEBUG: Ridder field ENABLED. Lambda = 1.177066e+00
BG_FUNC: a=1.05e-13 V=1.86e-01 factor_V=2.45e+58 factor_rho=5.62e-56 rho_eV2=4.56e+57 rho_final=2.56e+02
BG_FUNC: a=4.16e-12 V=1.86e-01 factor_V=2.45e+58 factor_rho=5.62e-56 rho_eV2=4.56e+57 rho_final=2.56e+02
BG_FUNC: a=1.65e-10 V=1.86e-01 factor_V=2.45e+58 factor_rho=5.62e-56 rho_eV2=4.56e+57 rho_final=2.56e+02
BG_FUNC: a=6.55e-09 V=1.86e-01 factor_V=2.45e+58 factor_rho=5.62e-56 rho_eV2=4.56e+57 rho_final=2.56e+02
BG_FUNC: a=2.60e-07 V=1.86e-01 factor_V=2.45e+58 factor_rho=5.62e-56 rho_eV2=4.56e+57 rho_final=2.56e+02
BG_FUNC: a=1.03e-05 V=1.86e-01 factor_V=2.45e+58 factor_rho=5.62e-56 rho_eV2=4.56e+57 rho_final=2.56e+02
RIDDER SWITCHING: z_osc = 5395.89, a_osc = 1.852917e-04
DEBUG: Ridder field ENABLED. Lambda = 1.224092e+00
DEBUG: Ridder field ENABLED. Lambda = 1.224092e+00
BG_FUNC: a=1.99e-14 V=2.18e-01 factor_V=2.45e+58 factor_rho=5.62e-56 rho_eV2=5.33e+57 rho_final=3.00e+02
BG_FUNC: a=7.53e-13 V=2.18e-01 factor_V=2.45e+58 factor_rho=5.62e-56 rho_eV2=5.33e+57 rho_final=3.00e+02
BG_FUNC: a=3.03e-11 V=2.18e-01 factor_V=2.45e+58 factor_rho=5.62e-56 rho_eV2=5.33e+57 rho_final=3.00e+02
BG_FUNC: a=1.20e-09 V=2.18e-01 factor_V=2.45e+58 factor_rho=5.62e-56 rho_eV2=5.33e+57 rho_final=3.00e+02
BG_FUNC: a=4.84e-08 V=2.18e-01 factor_V=2.45e+58 factor_rho=5.62e-56 rho_eV2=5.33e+57 rho_final=3.00e+02
BG_FUNC: a=1.92e-06 V=2.18e-01 factor_V=2.45e+58 factor_rho=5.62e-56 rho_eV2=5.33e+57 rho_final=3.00e+02
BG_FUNC: a=7.67e-05 V=2.08e-01 factor_V=2.45e+58 factor_rho=5.62e-56 rho_eV2=5.17e+57 rho_final=2.91e+02
RIDDER SWITCHING: z_osc = 5635.22, a_osc = 1.774238e-04
DEBUG: Ridder field ENABLED. Lambda = 1.333735e+00
DEBUG: Ridder field ENABLED. Lambda = 1.333735e+00
BG_FUNC: a=1.47e-13 V=3.07e-01 factor_V=2.45e+58 factor_rho=5.62e-56 rho_eV2=7.52e+57 rho_final=4.23e+02
BG_FUNC: a=5.86e-12 V=3.07e-01 factor_V=2.45e+58 factor_rho=5.62e-56 rho_eV2=7.52e+57 rho_final=4.23e+02
BG_FUNC: a=2.35e-10 V=3.07e-01 factor_V=2.45e+58 factor_rho=5.62e-56 rho_eV2=7.52e+57 rho_final=4.23e+02
BG_FUNC: a=9.38e-09 V=3.07e-01 factor_V=2.45e+58 factor_rho=5.62e-56 rho_eV2=7.52e+57 rho_final=4.23e+02
BG_FUNC: a=3.75e-07 V=3.07e-01 factor_V=2.45e+58 factor_rho=5.62e-56 rho_eV2=7.52e+57 rho_final=4.23e+02
BG_FUNC: a=1.50e-05 V=3.07e-01 factor_V=2.45e+58 factor_rho=5.62e-56 rho_eV2=7.52e+57 rho_final=4.23e+02
RIDDER SWITCHING: z_osc = 6220.61, a_osc = 1.607302e-04
DEBUG: Ridder field ENABLED. Lambda = 1.115829e+00
DEBUG: Ridder field[mcmc] Progress @ 2025-11-30 22:42:41 : 7679 steps taken, and 1249 accepted.
[mcmc] Progress @ 2025-11-30 22:44:18 : 7695 steps taken, and 1252 accepted.
[mcmc] Progress @ 2025-11-30 22:45:18 : 7715 steps taken, and 1254 accepted.
 ENABLED. Lambda = 1.115829e+00
BG_FUNC: a=3.34e-14 V=1.51e-01 factor_V=2.45e+58 factor_rho=5.62e-56 rho_eV2=3.68e+57 rho_final=2.07e+02
BG_FUNC: a=1.27e-12 V=1.51e-01 factor_V=2.45e+58 factor_rho=5.62e-56 rho_eV2=3.68e+57 rho_final=2.07e+02
BG_FUNC: a=5.03e-11 V=1.51e-01 factor_V=2.45e+58 factor_rho=5.62e-56 rho_eV2=3.68e+57 rho_final=2.07e+02
BG_FUNC: a=2.01e-09 V=1.51e-01 factor_V=2.45e+58 factor_rho=5.62e-56 rho_eV2=3.68e+57 rho_final=2.07e+02
BG_FUNC: a=7.92e-08 V=1.51e-01 factor_V=2.45e+58 factor_rho=5.62e-56 rho_eV2=3.68e+57 rho_final=2.07e+02
BG_FUNC: a=3.14e-06 V=1.51e-01 factor_V=2.45e+58 factor_rho=5.62e-56 rho_eV2=3.68e+57 rho_final=2.07e+02
BG_FUNC: a=1.24e-04 V=1.22e-01 factor_V=2.45e+58 factor_rho=5.62e-56 rho_eV2=3.24e+57 rho_final=1.82e+02
RIDDER SWITCHING: z_osc = 5075.20, a_osc = 1.969978e-04
DEBUG: Ridder field ENABLED. Lambda = 9.407863e-01
DEBUG: Ridder field ENABLED. Lambda = 9.407863e-01
BG_FUNC: a=2.17e-13 V=7.61e-02 factor_V=2.45e+58 factor_rho=5.62e-56 rho_eV2=1.86e+57 rho_final=1.05e+02
BG_FUNC: a=8.62e-12 V=7.61e-02 factor_V=2.45e+58 factor_rho=5.62e-56 rho_eV2=1.86e+57 rho_final=1.05e+02
BG_FUNC: a=3.42e-10 V=7.61e-02 factor_V=2.45e+58 factor_rho=5.62e-56 rho_eV2=1.86e+57 rho_final=1.05e+02
BG_FUNC: a=1.36e-08 V=7.61e-02 factor_V=2.45e+58 factor_rho=5.62e-56 rho_eV2=1.86e+57 rho_final=1.05e+02
BG_FUNC: a=5.40e-07 V=7.61e-02 factor_V=2.45e+58 factor_rho=5.62e-56 rho_eV2=1.86e+57 rho_final=1.05e+02
BG_FUNC: a=2.14e-05 V=7.61e-02 factor_V=2.45e+58 factor_rho=5.62e-56 rho_eV2=1.86e+57 rho_final=1.05e+02
RIDDER SWITCHING: z_osc = 4172.04, a_osc = 2.396335e-04
DEBUG: Ridder field ENABLED. Lambda = 1.278784e+00
DEBUG: Ridder field ENABLED. Lambda = 1.278784e+00
BG_FUNC: a=3.20e-14 V=2.60e-01 factor_V=2.45e+58 factor_rho=5.62e-56 rho_eV2=6.35e+57 rho_final=3.57e+02
BG_FUNC: a=1.20e-12 V=2.60e-01 factor_V=2.45e+58 factor_rho=5.62e-56 rho_eV2=6.35e+57 rho_final=3.57e+02
BG_FUNC: a=4.77e-11 V=2.60e-01 factor_V=2.45e+58 factor_rho=5.62e-56 rho_eV2=6.35e+57 rho_final=3.57e+02
BG_FUNC: a=1.89e-09 V=2.60e-01 factor_V=2.45e+58 factor_rho=5.62e-56 rho_eV2=6.35e+57 rho_final=3.57e+02
BG_FUNC: a=7.50e-08 V=2.60e-01 factor_V=2.45e+58 factor_rho=5.62e-56 rho_eV2=6.35e+57 rho_final=3.57e+02
BG_FUNC: a=2.97e-06 V=2.60e-01 factor_V=2.45e+58 factor_rho=5.62e-56 rho_eV2=6.35e+57 rho_final=3.57e+02
BG_FUNC: a=1.17e-04 V=1.94e-01 factor_V=2.45e+58 factor_rho=5.62e-56 rho_eV2=5.32e+57 rho_final=2.99e+02
RIDDER SWITCHING: z_osc = 5939.93, a_osc = 1.683239e-04
DEBUG: Ridder field ENABLED. Lambda = 1.197258e+00
DEBUG: Ridder field ENABLED. Lambda = 1.197258e+00
BG_FUNC: a=2.37e-13 V=2.00e-01 factor_V=2.45e+58 factor_rho=5.62e-56 rho_eV2=4.88e+57 rho_final=2.74e+02
BG_FUNC: a=9.41e-12 V=2.00e-01 factor_V=2.45e+58 factor_rho=5.62e-56 rho_eV2=4.88e+57 rho_final=2.74e+02
BG_FUNC: a=3.73e-10 V=2.00e-01 factor_V=2.45e+58 factor_rho=5.62e-56 rho_eV2=4.88e+57 rho_final=2.74e+02
BG_FUNC: a=1.48e-08 V=2.00e-01 factor_V=2.45e+58 factor_rho=5.62e-56 rho_eV2=4.88e+57 rho_final=2.74e+02
BG_FUNC: a=5.87e-07 V=2.00e-01 factor_V=2.45e+58 factor_rho=5.62e-56 rho_eV2=4.88e+57 rho_final=2.74e+02
BG_FUNC: a=2.33e-05 V=2.00e-01 factor_V=2.45e+58 factor_rho=5.62e-56 rho_eV2=4.88e+57 rho_final=2.74e+02
RIDDER SWITCHING: z_osc = 5505.72, a_osc = 1.815962e-04
DEBUG: Ridder field ENABLED. Lambda = 1.044458e+00
DEBUG: Ridder field ENABLED. Lambda = 1.044458e+00
BG_FUNC: a=4.50e-14 V=1.16e-01 factor_V=2.45e+58 factor_rho=5.62e-56 rho_eV2=2.83e+57 rho_final=1.59e+02
BG_FUNC: a=1.71e-12 V=1.16e-01 factor_V=2.45e+58 factor_rho=5.62e-56 rho_eV2=2.83e+57 rho_final=1.59e+02
BG_FUNC: a=6.77e-11 V=1.16e-01 factor_V=2.45e+58 factor_rho=5.62e-56 rho_eV2=2.83e+57 rho_final=1.59e+02
BG_FUNC: a=2.68e-09 V=1.16e-01 factor_V=2.45e+58 factor_rho=5.62e-56 rho_eV2=2.83e+57 rho_final=1.59e+02
BG_FUNC: a=1.06e-07 V=1.16e-01 factor_V=2.45e+58 factor_rho=5.62e-56 rho_eV2=2.83e+57 rho_final=1.59e+02
BG_FUNC: a=4.21e-06 V=1.16e-01 factor_V=2.45e+58 factor_rho=5.62e-56 rho_eV2=2.83e+57 rho_final=1.59e+02
BG_FUNC: a=1.63e-04 V=7.48e-02 factor_V=2.45e+58 factor_rho=5.62e-56 rho[mcmc] Progress @ 2025-11-30 22:46:53 : 7729 steps taken, and 1256 accepted.
[mcmc] Progress @ 2025-11-30 22:47:53 : 7751 steps taken, and 1261 accepted.
[mcmc] Progress @ 2025-11-30 22:49:15 : 7757 steps taken, and 1262 accepted.
_eV2=2.17e+57 rho_final=1.22e+02
RIDDER SWITCHING: z_osc = 4687.95, a_osc = 2.132673e-04
DEBUG: Ridder field ENABLED. Lambda = 1.235159e+00
DEBUG: Ridder field ENABLED. Lambda = 1.235159e+00
BG_FUNC: a=2.66e-13 V=2.26e-01 factor_V=2.45e+58 factor_rho=5.62e-56 rho_eV2=5.53e+57 rho_final=3.11e+02
BG_FUNC: a=1.05e-11 V=2.26e-01 factor_V=2.45e+58 factor_rho=5.62e-56 rho_eV2=5.53e+57 rho_final=3.11e+02
BG_FUNC: a=4.17e-10 V=2.26e-01 factor_V=2.45e+58 factor_rho=5.62e-56 rho_eV2=5.53e+57 rho_final=3.11e+02
BG_FUNC: a=1.65e-08 V=2.26e-01 factor_V=2.45e+58 factor_rho=5.62e-56 rho_eV2=5.53e+57 rho_final=3.11e+02
BG_FUNC: a=6.57e-07 V=2.26e-01 factor_V=2.45e+58 factor_rho=5.62e-56 rho_eV2=5.53e+57 rho_final=3.11e+02
BG_FUNC: a=2.61e-05 V=2.26e-01 factor_V=2.45e+58 factor_rho=5.62e-56 rho_eV2=5.53e+57 rho_final=3.11e+02
RIDDER SWITCHING: z_osc = 5711.74, a_osc = 1.750472e-04
DEBUG: Ridder field ENABLED. Lambda = 1.232126e+00
DEBUG: Ridder field ENABLED. Lambda = 1.232126e+00
BG_FUNC: a=5.28e-14 V=2.24e-01 factor_V=2.45e+58 factor_rho=5.62e-56 rho_eV2=5.47e+57 rho_final=3.08e+02
BG_FUNC: a=2.03e-12 V=2.24e-01 factor_V=2.45e+58 factor_rho=5.62e-56 rho_eV2=5.47e+57 rho_final=3.08e+02
BG_FUNC: a=8.09e-11 V=2.24e-01 factor_V=2.45e+58 factor_rho=5.62e-56 rho_eV2=5.47e+57 rho_final=3.08e+02
BG_FUNC: a=3.23e-09 V=2.24e-01 factor_V=2.45e+58 factor_rho=5.62e-56 rho_eV2=5.47e+57 rho_final=3.08e+02
BG_FUNC: a=1.29e-07 V=2.24e-01 factor_V=2.45e+58 factor_rho=5.62e-56 rho_eV2=5.47e+57 rho_final=3.08e+02
BG_FUNC: a=5.14e-06 V=2.24e-01 factor_V=2.45e+58 factor_rho=5.62e-56 rho_eV2=5.47e+57 rho_final=3.08e+02
RIDDER SWITCHING: z_osc = 5681.19, a_osc = 1.759886e-04
DEBUG: Ridder field ENABLED. Lambda = 1.278784e+00
DEBUG: Ridder field ENABLED. Lambda = 1.278784e+00
BG_FUNC: a=1.07e-14 V=2.60e-01 factor_V=2.45e+58 factor_rho=5.62e-56 rho_eV2=6.35e+57 rho_final=3.57e+02
BG_FUNC: a=3.96e-13 V=2.60e-01 factor_V=2.45e+58 factor_rho=5.62e-56 rho_eV2=6.35e+57 rho_final=3.57e+02
BG_FUNC: a=1.57e-11 V=2.60e-01 factor_V=2.45e+58 factor_rho=5.62e-56 rho_eV2=6.35e+57 rho_final=3.57e+02
BG_FUNC: a=6.23e-10 V=2.60e-01 factor_V=2.45e+58 factor_rho=5.62e-56 rho_eV2=6.35e+57 rho_final=3.57e+02
BG_FUNC: a=2.47e-08 V=2.60e-01 factor_V=2.45e+58 factor_rho=5.62e-56 rho_eV2=6.35e+57 rho_final=3.57e+02
BG_FUNC: a=9.79e-07 V=2.60e-01 factor_V=2.45e+58 factor_rho=5.62e-56 rho_eV2=6.35e+57 rho_final=3.57e+02
BG_FUNC: a=3.86e-05 V=2.59e-01 factor_V=2.45e+58 factor_rho=5.62e-56 rho_eV2=6.34e+57 rho_final=3.56e+02
RIDDER SWITCHING: z_osc = 5939.75, a_osc = 1.683288e-04
DEBUG: Ridder field ENABLED. Lambda = 1.260175e+00
DEBUG: Ridder field ENABLED. Lambda = 1.260175e+00
BG_FUNC: a=8.11e-14 V=2.45e-01 factor_V=2.45e+58 factor_rho=5.62e-56 rho_eV2=5.99e+57 rho_final=3.37e+02
BG_FUNC: a=3.14e-12 V=2.45e-01 factor_V=2.45e+58 factor_rho=5.62e-56 rho_eV2=5.99e+57 rho_final=3.37e+02
BG_FUNC: a=1.26e-10 V=2.45e-01 factor_V=2.45e+58 factor_rho=5.62e-56 rho_eV2=5.99e+57 rho_final=3.37e+02
BG_FUNC: a=5.06e-09 V=2.45e-01 factor_V=2.45e+58 factor_rho=5.62e-56 rho_eV2=5.99e+57 rho_final=3.37e+02
BG_FUNC: a=2.03e-07 V=2.45e-01 factor_V=2.45e+58 factor_rho=5.62e-56 rho_eV2=5.99e+57 rho_final=3.37e+02
BG_FUNC: a=8.18e-06 V=2.45e-01 factor_V=2.45e+58 factor_rho=5.62e-56 rho_eV2=5.99e+57 rho_final=3.37e+02
RIDDER SWITCHING: z_osc = 5818.08, a_osc = 1.718483e-04
DEBUG: Ridder field ENABLED. Lambda = 1.393961e+00
DEBUG: Ridder field ENABLED. Lambda = 1.393961e+00
BG_FUNC: a=1.74e-14 V=3.67e-01 factor_V=2.45e+58 factor_rho=5.62e-56 rho_eV2=8.97e+57 rho_final=5.04e+02
BG_FUNC: a=6.51e-13 V=3.67e-01 factor_V=2.45e+58 factor_rho=5.62e-56 rho_eV2=8.97e+57 rho_final=5.04e+02
BG_FUNC: a=2.58e-11 V=3.67e-01 factor_V=2.45e+58 factor_rho=5.62e-56 rho_eV2=8.97e+57 rho_final=5.04e+02
BG_FUNC: a=1.02e-09 V=3.67e-01 factor_V=2.45e+58 factor_rho=5.62e-56 rho_eV2=8.97e+57 rho_final=5.04e+02
BG_FUNC: a=4.04e-08 V=3.67e-01 factor_V=2.45e+58 factor_rho=5.62e-56 rho_eV2=8.97e+57 rho_final=5.04e+02
BG_FUNC: a=1.60e-06 V=3.67e-01 factor_V=2.45e+58 factor_rho=5.62e-56 rho_eV2=8.97e+57 rho_final=5.04e+02
BG_FUNC: a=6.30e-0[mcmc] Progress @ 2025-11-30 22:50:42 : 7775 steps taken, and 1266 accepted.
[mcmc] Progress @ 2025-11-30 22:52:18 : 7795 steps taken, and 1273 accepted.
[mcmc] Progress @ 2025-11-30 22:53:24 : 7828 steps taken, and 1280 accepted.
5 V=3.53e-01 factor_V=2.45e+58 factor_rho=5.62e-56 rho_eV2=8.76e+57 rho_final=4.92e+02
RIDDER SWITCHING: z_osc = 6525.47, a_osc = 1.532223e-04
DEBUG: Ridder field ENABLED. Lambda = 1.288191e+00
DEBUG: Ridder field ENABLED. Lambda = 1.288191e+00
BG_FUNC: a=1.40e-13 V=2.68e-01 factor_V=2.45e+58 factor_rho=5.62e-56 rho_eV2=6.54e+57 rho_final=3.68e+02
BG_FUNC: a=5.56e-12 V=2.68e-01 factor_V=2.45e+58 factor_rho=5.62e-56 rho_eV2=6.54e+57 rho_final=3.68e+02
BG_FUNC: a=2.21e-10 V=2.68e-01 factor_V=2.45e+58 factor_rho=5.62e-56 rho_eV2=6.54e+57 rho_final=3.68e+02
BG_FUNC: a=8.77e-09 V=2.68e-01 factor_V=2.45e+58 factor_rho=5.62e-56 rho_eV2=6.54e+57 rho_final=3.68e+02
BG_FUNC: a=3.48e-07 V=2.68e-01 factor_V=2.45e+58 factor_rho=5.62e-56 rho_eV2=6.54e+57 rho_final=3.68e+02
BG_FUNC: a=1.38e-05 V=2.67e-01 factor_V=2.45e+58 factor_rho=5.62e-56 rho_eV2=6.54e+57 rho_final=3.68e+02
RIDDER SWITCHING: z_osc = 5953.05, a_osc = 1.679530e-04
DEBUG: Ridder field ENABLED. Lambda = 1.293898e+00
DEBUG: Ridder field ENABLED. Lambda = 1.293898e+00
BG_FUNC: a=2.94e-14 V=2.72e-01 factor_V=2.45e+58 factor_rho=5.62e-56 rho_eV2=6.66e+57 rho_final=3.74e+02
BG_FUNC: a=1.11e-12 V=2.72e-01 factor_V=2.45e+58 factor_rho=5.62e-56 rho_eV2=6.66e+57 rho_final=3.74e+02
BG_FUNC: a=4.40e-11 V=2.72e-01 factor_V=2.45e+58 factor_rho=5.62e-56 rho_eV2=6.66e+57 rho_final=3.74e+02
BG_FUNC: a=1.75e-09 V=2.72e-01 factor_V=2.45e+58 factor_rho=5.62e-56 rho_eV2=6.66e+57 rho_final=3.74e+02
BG_FUNC: a=6.93e-08 V=2.72e-01 factor_V=2.45e+58 factor_rho=5.62e-56 rho_eV2=6.66e+57 rho_final=3.74e+02
BG_FUNC: a=2.75e-06 V=2.72e-01 factor_V=2.45e+58 factor_rho=5.62e-56 rho_eV2=6.66e+57 rho_final=3.74e+02
BG_FUNC: a=1.08e-04 V=2.17e-01 factor_V=2.45e+58 factor_rho=5.62e-56 rho_eV2=5.80e+57 rho_final=3.26e+02
RIDDER SWITCHING: z_osc = 6019.26, a_osc = 1.661057e-04
DEBUG: Ridder field ENABLED. Lambda = 1.297300e+00
DEBUG: Ridder field ENABLED. Lambda = 1.297300e+00
BG_FUNC: a=2.22e-13 V=2.75e-01 factor_V=2.45e+58 factor_rho=5.62e-56 rho_eV2=6.73e+57 rho_final=3.78e+02
BG_FUNC: a=8.80e-12 V=2.75e-01 factor_V=2.45e+58 factor_rho=5.62e-56 rho_eV2=6.73e+57 rho_final=3.78e+02
BG_FUNC: a=3.49e-10 V=2.75e-01 factor_V=2.45e+58 factor_rho=5.62e-56 rho_eV2=6.73e+57 rho_final=3.78e+02
BG_FUNC: a=1.40e-08 V=2.75e-01 factor_V=2.45e+58 factor_rho=5.62e-56 rho_eV2=6.73e+57 rho_final=3.78e+02
BG_FUNC: a=5.53e-07 V=2.75e-01 factor_V=2.45e+58 factor_rho=5.62e-56 rho_eV2=6.73e+57 rho_final=3.78e+02
BG_FUNC: a=2.18e-05 V=2.75e-01 factor_V=2.45e+58 factor_rho=5.62e-56 rho_eV2=6.73e+57 rho_final=3.78e+02
RIDDER SWITCHING: z_osc = 6033.74, a_osc = 1.657072e-04
DEBUG: Ridder field ENABLED. Lambda = 1.066050e+00
DEBUG: Ridder field ENABLED. Lambda = 1.066050e+00
BG_FUNC: a=4.65e-14 V=1.25e-01 factor_V=2.45e+58 factor_rho=5.62e-56 rho_eV2=3.07e+57 rho_final=1.72e+02
BG_FUNC: a=1.77e-12 V=1.25e-01 factor_V=2.45e+58 factor_rho=5.62e-56 rho_eV2=3.07e+57 rho_final=1.72e+02
BG_FUNC: a=7.04e-11 V=1.25e-01 factor_V=2.45e+58 factor_rho=5.62e-56 rho_eV2=3.07e+57 rho_final=1.72e+02
BG_FUNC: a=2.79e-09 V=1.25e-01 factor_V=2.45e+58 factor_rho=5.62e-56 rho_eV2=3.07e+57 rho_final=1.72e+02
BG_FUNC: a=1.11e-07 V=1.25e-01 factor_V=2.45e+58 factor_rho=5.62e-56 rho_eV2=3.07e+57 rho_final=1.72e+02
BG_FUNC: a=4.40e-06 V=1.25e-01 factor_V=2.45e+58 factor_rho=5.62e-56 rho_eV2=3.07e+57 rho_final=1.72e+02
BG_FUNC: a=1.74e-04 V=6.98e-02 factor_V=2.45e+58 factor_rho=5.62e-56 rho_eV2=2.14e+57 rho_final=1.21e+02
RIDDER SWITCHING: z_osc = 4815.52, a_osc = 2.076187e-04
DEBUG: Ridder field ENABLED. Lambda = 1.114637e+00
DEBUG: Ridder field ENABLED. Lambda = 1.114637e+00
BG_FUNC: a=2.88e-13 V=1.50e-01 factor_V=2.45e+58 factor_rho=5.62e-56 rho_eV2=3.67e+57 rho_final=2.06e+02
BG_FUNC: a=1.16e-11 V=1.50e-01 factor_V=2.45e+58 factor_rho=5.62e-56 rho_eV2=3.67e+57 rho_final=2.06e+02
BG_FUNC: a=4.64e-10 V=1.50e-01 factor_V=2.45e+58 factor_rho=5.62e-56 rho_eV2=3.67e+57 rho_final=2.06e+02
BG_FUNC: a=1.86e-08 V=1.50e-01 factor_V=2.45e+58 factor_rho=5.62e-56 rho_eV2=3.67e+57 rho_final=2.06e+02
BG_FUNC: a=7.46e-07 V=1.50e-01 factor_V=2.45e+58 factor_rho=5.62e-56 [mcmc] Progress @ 2025-11-30 22:54:25 : 7853 steps taken, and 1285 accepted.
[mcmc] Progress @ 2025-11-30 22:55:25 : 7874 steps taken, and 1289 accepted.
[mcmc] Progress @ 2025-11-30 22:56:52 : 7896 steps taken, and 1293 accepted.
rho_eV2=3.67e+57 rho_final=2.06e+02
BG_FUNC: a=2.99e-05 V=1.50e-01 factor_V=2.45e+58 factor_rho=5.62e-56 rho_eV2=3.66e+57 rho_final=2.06e+02
RIDDER SWITCHING: z_osc = 5086.96, a_osc = 1.965425e-04
DEBUG: Ridder field ENABLED. Lambda = 1.248161e+00
DEBUG: Ridder field ENABLED. Lambda = 1.248161e+00
BG_FUNC: a=5.35e-14 V=2.36e-01 factor_V=2.45e+58 factor_rho=5.62e-56 rho_eV2=5.77e+57 rho_final=3.24e+02
BG_FUNC: a=2.04e-12 V=2.36e-01 factor_V=2.45e+58 factor_rho=5.62e-56 rho_eV2=5.77e+57 rho_final=3.24e+02
BG_FUNC: a=8.11e-11 V=2.36e-01 factor_V=2.45e+58 factor_rho=5.62e-56 rho_eV2=5.77e+57 rho_final=3.24e+02
BG_FUNC: a=3.22e-09 V=2.36e-01 factor_V=2.45e+58 factor_rho=5.62e-56 rho_eV2=5.77e+57 rho_final=3.24e+02
BG_FUNC: a=1.28e-07 V=2.36e-01 factor_V=2.45e+58 factor_rho=5.62e-56 rho_eV2=5.77e+57 rho_final=3.24e+02
BG_FUNC: a=5.06e-06 V=2.36e-01 factor_V=2.45e+58 factor_rho=5.62e-56 rho_eV2=5.77e+57 rho_final=3.24e+02
RIDDER SWITCHING: z_osc = 5772.25, a_osc = 1.732126e-04
DEBUG: Ridder field ENABLED. Lambda = 1.315320e+00
DEBUG: Ridder field ENABLED. Lambda = 1.315320e+00
BG_FUNC: a=1.06e-14 V=2.91e-01 factor_V=2.45e+58 factor_rho=5.62e-56 rho_eV2=7.11e+57 rho_final=4.00e+02
BG_FUNC: a=3.90e-13 V=2.91e-01 factor_V=2.45e+58 factor_rho=5.62e-56 rho_eV2=7.11e+57 rho_final=4.00e+02
BG_FUNC: a=1.53e-11 V=2.91e-01 factor_V=2.45e+58 factor_rho=5.62e-56 rho_eV2=7.11e+57 rho_final=4.00e+02
BG_FUNC: a=6.00e-10 V=2.91e-01 factor_V=2.45e+58 factor_rho=5.62e-56 rho_eV2=7.11e+57 rho_final=4.00e+02
BG_FUNC: a=2.35e-08 V=2.91e-01 factor_V=2.45e+58 factor_rho=5.62e-56 rho_eV2=7.11e+57 rho_final=4.00e+02
BG_FUNC: a=9.22e-07 V=2.91e-01 factor_V=2.45e+58 factor_rho=5.62e-56 rho_eV2=7.11e+57 rho_final=4.00e+02
BG_FUNC: a=3.55e-05 V=2.90e-01 factor_V=2.45e+58 factor_rho=5.62e-56 rho_eV2=7.10e+57 rho_final=3.99e+02
RIDDER SWITCHING: z_osc = 6138.30, a_osc = 1.628850e-04
DEBUG: Ridder field ENABLED. Lambda = 1.504089e+00
DEBUG: Ridder field ENABLED. Lambda = 1.504089e+00
BG_FUNC: a=7.60e-14 V=4.97e-01 factor_V=2.45e+58 factor_rho=5.62e-56 rho_eV2=1.22e+58 rho_final=6.83e+02
BG_FUNC: a=2.92e-12 V=4.97e-01 factor_V=2.45e+58 factor_rho=5.62e-56 rho_eV2=1.22e+58 rho_final=6.83e+02
BG_FUNC: a=1.17e-10 V=4.97e-01 factor_V=2.45e+58 factor_rho=5.62e-56 rho_eV2=1.22e+58 rho_final=6.83e+02
BG_FUNC: a=4.60e-09 V=4.97e-01 factor_V=2.45e+58 factor_rho=5.62e-56 rho_eV2=1.22e+58 rho_final=6.83e+02
BG_FUNC: a=1.84e-07 V=4.97e-01 factor_V=2.45e+58 factor_rho=5.62e-56 rho_eV2=1.22e+58 rho_final=6.83e+02
BG_FUNC: a=7.26e-06 V=4.97e-01 factor_V=2.45e+58 factor_rho=5.62e-56 rho_eV2=1.22e+58 rho_final=6.83e+02
RIDDER SWITCHING: z_osc = 7130.47, a_osc = 1.402236e-04
DEBUG: Ridder field ENABLED. Lambda = 1.248161e+00
DEBUG: Ridder field ENABLED. Lambda = 1.248161e+00
BG_FUNC: a=1.86e-14 V=2.36e-01 factor_V=2.45e+58 factor_rho=5.62e-56 rho_eV2=5.77e+57 rho_final=3.24e+02
BG_FUNC: a=6.96e-13 V=2.36e-01 factor_V=2.45e+58 factor_rho=5.62e-56 rho_eV2=5.77e+57 rho_final=3.24e+02
BG_FUNC: a=2.76e-11 V=2.36e-01 factor_V=2.45e+58 factor_rho=5.62e-56 rho_eV2=5.77e+57 rho_final=3.24e+02
BG_FUNC: a=1.09e-09 V=2.36e-01 factor_V=2.45e+58 factor_rho=5.62e-56 rho_eV2=5.77e+57 rho_final=3.24e+02
BG_FUNC: a=4.34e-08 V=2.36e-01 factor_V=2.45e+58 factor_rho=5.62e-56 rho_eV2=5.77e+57 rho_final=3.24e+02
BG_FUNC: a=1.72e-06 V=2.36e-01 factor_V=2.45e+58 factor_rho=5.62e-56 rho_eV2=5.77e+57 rho_final=3.24e+02
BG_FUNC: a=6.77e-05 V=2.28e-01 factor_V=2.45e+58 factor_rho=5.62e-56 rho_eV2=5.65e+57 rho_final=3.18e+02
RIDDER SWITCHING: z_osc = 5755.37, a_osc = 1.737207e-04
DEBUG: Ridder field ENABLED. Lambda = 1.260027e+00
DEBUG: Ridder field ENABLED. Lambda = 1.260027e+00
BG_FUNC: a=1.33e-13 V=2.45e-01 factor_V=2.45e+58 factor_rho=5.62e-56 rho_eV2=5.99e+57 rho_final=3.37e+02
BG_FUNC: a=5.27e-12 V=2.45e-01 factor_V=2.45e+58 factor_rho=5.62e-56 rho_eV2=5.99e+57 rho_final=3.37e+02
BG_FUNC: a=2.09e-10 V=2.45e-01 factor_V=2.45e+58 factor_rho=5.62e-56 rho_eV2=5.99e+57 rho_final=3.37e+02
BG_FUNC: a=8.29e-09 V=2.45e-01 factor_V=2.45e+58 factor_rho=5.62e-56 rho_eV2=5.99e+57 rho_final=3.37e+02
BG_FUNC: a=3.28[mcmc] Progress @ 2025-11-30 22:58:17 : 7908 steps taken, and 1294 accepted.
[mcmc] Progress @ 2025-11-30 22:59:56 : 7939 steps taken, and 1298 accepted.
[mcmc] Progress @ 2025-11-30 23:01:28 : 7960 steps taken, and 1301 accepted.
e-07 V=2.45e-01 factor_V=2.45e+58 factor_rho=5.62e-56 rho_eV2=5.99e+57 rho_final=3.37e+02
BG_FUNC: a=1.31e-05 V=2.45e-01 factor_V=2.45e+58 factor_rho=5.62e-56 rho_eV2=5.99e+57 rho_final=3.37e+02
RIDDER SWITCHING: z_osc = 5855.41, a_osc = 1.707531e-04
DEBUG: Ridder field ENABLED. Lambda = 6.476517e-01
DEBUG: Ridder field ENABLED. Lambda = 6.476517e-01
BG_FUNC: a=2.72e-14 V=1.71e-02 factor_V=2.45e+58 factor_rho=5.62e-56 rho_eV2=4.18e+56 rho_final=2.35e+01
BG_FUNC: a=1.03e-12 V=1.71e-02 factor_V=2.45e+58 factor_rho=5.62e-56 rho_eV2=4.18e+56 rho_final=2.35e+01
BG_FUNC: a=4.13e-11 V=1.71e-02 factor_V=2.45e+58 factor_rho=5.62e-56 rho_eV2=4.18e+56 rho_final=2.35e+01
BG_FUNC: a=1.65e-09 V=1.71e-02 factor_V=2.45e+58 factor_rho=5.62e-56 rho_eV2=4.18e+56 rho_final=2.35e+01
BG_FUNC: a=6.61e-08 V=1.71e-02 factor_V=2.45e+58 factor_rho=5.62e-56 rho_eV2=4.18e+56 rho_final=2.35e+01
BG_FUNC: a=2.64e-06 V=1.71e-02 factor_V=2.45e+58 factor_rho=5.62e-56 rho_eV2=4.18e+56 rho_final=2.35e+01
BG_FUNC: a=1.05e-04 V=1.69e-02 factor_V=2.45e+58 factor_rho=5.62e-56 rho_eV2=4.15e+56 rho_final=2.33e+01
RIDDER SWITCHING: z_osc = 2690.72, a_osc = 3.715092e-04
DEBUG: Ridder field ENABLED. Lambda = 1.248161e+00
DEBUG: Ridder field ENABLED. Lambda = 1.248161e+00
BG_FUNC: a=9.69e-14 V=2.36e-01 factor_V=2.45e+58 factor_rho=5.62e-56 rho_eV2=5.77e+57 rho_final=3.24e+02
BG_FUNC: a=3.84e-12 V=2.36e-01 factor_V=2.45e+58 factor_rho=5.62e-56 rho_eV2=5.77e+57 rho_final=3.24e+02
BG_FUNC: a=1.53e-10 V=2.36e-01 factor_V=2.45e+58 factor_rho=5.62e-56 rho_eV2=5.77e+57 rho_final=3.24e+02
BG_FUNC: a=6.11e-09 V=2.36e-01 factor_V=2.45e+58 factor_rho=5.62e-56 rho_eV2=5.77e+57 rho_final=3.24e+02
BG_FUNC: a=2.40e-07 V=2.36e-01 factor_V=2.45e+58 factor_rho=5.62e-56 rho_eV2=5.77e+57 rho_final=3.24e+02
BG_FUNC: a=9.53e-06 V=2.36e-01 factor_V=2.45e+58 factor_rho=5.62e-56 rho_eV2=5.77e+57 rho_final=3.24e+02
RIDDER SWITCHING: z_osc = 5772.25, a_osc = 1.732126e-04
DEBUG: Ridder field ENABLED. Lambda = 1.115802e+00
DEBUG: Ridder field ENABLED. Lambda = 1.115802e+00
BG_FUNC: a=1.97e-14 V=1.51e-01 factor_V=2.45e+58 factor_rho=5.62e-56 rho_eV2=3.68e+57 rho_final=2.07e+02
BG_FUNC: a=7.40e-13 V=1.51e-01 factor_V=2.45e+58 factor_rho=5.62e-56 rho_eV2=3.68e+57 rho_final=2.07e+02
BG_FUNC: a=2.93e-11 V=1.51e-01 factor_V=2.45e+58 factor_rho=5.62e-56 rho_eV2=3.68e+57 rho_final=2.07e+02
BG_FUNC: a=1.16e-09 V=1.51e-01 factor_V=2.45e+58 factor_rho=5.62e-56 rho_eV2=3.68e+57 rho_final=2.07e+02
BG_FUNC: a=4.62e-08 V=1.51e-01 factor_V=2.45e+58 factor_rho=5.62e-56 rho_eV2=3.68e+57 rho_final=2.07e+02
BG_FUNC: a=1.83e-06 V=1.51e-01 factor_V=2.45e+58 factor_rho=5.62e-56 rho_eV2=3.68e+57 rho_final=2.07e+02
BG_FUNC: a=7.23e-05 V=1.47e-01 factor_V=2.45e+58 factor_rho=5.62e-56 rho_eV2=3.62e+57 rho_final=2.04e+02
RIDDER SWITCHING: z_osc = 5057.51, a_osc = 1.976866e-04
DEBUG: Ridder field ENABLED. Lambda = 1.257616e+00
DEBUG: Ridder field ENABLED. Lambda = 1.257616e+00
BG_FUNC: a=1.24e-13 V=2.43e-01 factor_V=2.45e+58 factor_rho=5.62e-56 rho_eV2=5.94e+57 rho_final=3.34e+02
BG_FUNC: a=4.88e-12 V=2.43e-01 factor_V=2.45e+58 factor_rho=5.62e-56 rho_eV2=5.94e+57 rho_final=3.34e+02
BG_FUNC: a=1.91e-10 V=2.43e-01 factor_V=2.45e+58 factor_rho=5.62e-56 rho_eV2=5.94e+57 rho_final=3.34e+02
BG_FUNC: a=7.50e-09 V=2.43e-01 factor_V=2.45e+58 factor_rho=5.62e-56 rho_eV2=5.94e+57 rho_final=3.34e+02
BG_FUNC: a=2.94e-07 V=2.43e-01 factor_V=2.45e+58 factor_rho=5.62e-56 rho_eV2=5.94e+57 rho_final=3.34e+02
BG_FUNC: a=1.13e-05 V=2.43e-01 factor_V=2.45e+58 factor_rho=5.62e-56 rho_eV2=5.94e+57 rho_final=3.34e+02
RIDDER SWITCHING: z_osc = 5796.30, a_osc = 1.724941e-04
DEBUG: Ridder field ENABLED. Lambda = 1.241735e+00
DEBUG: Ridder field ENABLED. Lambda = 1.241735e+00
BG_FUNC: a=2.32e-14 V=2.31e-01 factor_V=2.45e+58 factor_rho=5.62e-56 rho_eV2=5.65e+57 rho_final=3.17e+02
BG_FUNC: a=8.72e-13 V=2.31e-01 factor_V=2.45e+58 factor_rho=5.62e-56 rho_eV2=5.65e+57 rho_final=3.17e+02
BG_FUNC: a=3.46e-11 V=2.31e-01 factor_V=2.45e+58 factor_rho=5.62e-56 rho_eV2=5.65e+57 rho_final=3.17e+02
BG_FUNC: a=1.37e-09 V=2.31e-01 factor_V=2.45e+58 factor_rho=5.62e-[mcmc] Progress @ 2025-11-30 23:02:44 : 7999 steps taken, and 1309 accepted.
[mcmc] Progress @ 2025-11-30 23:04:03 : 8007 steps taken, and 1310 accepted.
[mcmc] Progress @ 2025-11-30 23:05:26 : 8012 steps taken, and 1311 accepted.
56 rho_eV2=5.65e+57 rho_final=3.17e+02
BG_FUNC: a=5.46e-08 V=2.31e-01 factor_V=2.45e+58 factor_rho=5.62e-56 rho_eV2=5.65e+57 rho_final=3.17e+02
BG_FUNC: a=2.17e-06 V=2.31e-01 factor_V=2.45e+58 factor_rho=5.62e-56 rho_eV2=5.65e+57 rho_final=3.17e+02
BG_FUNC: a=8.54e-05 V=2.13e-01 factor_V=2.45e+58 factor_rho=5.62e-56 rho_eV2=5.38e+57 rho_final=3.02e+02
RIDDER SWITCHING: z_osc = 5726.66, a_osc = 1.745913e-04
DEBUG: Ridder field ENABLED. Lambda = 1.266073e+00
DEBUG: Ridder field ENABLED. Lambda = 1.266073e+00
BG_FUNC: a=1.67e-13 V=2.50e-01 factor_V=2.45e+58 factor_rho=5.62e-56 rho_eV2=6.10e+57 rho_final=3.43e+02
BG_FUNC: a=6.61e-12 V=2.50e-01 factor_V=2.45e+58 factor_rho=5.62e-56 rho_eV2=6.10e+57 rho_final=3.43e+02
BG_FUNC: a=2.65e-10 V=2.50e-01 factor_V=2.45e+58 factor_rho=5.62e-56 rho_eV2=6.10e+57 rho_final=3.43e+02
BG_FUNC: a=1.04e-08 V=2.50e-01 factor_V=2.45e+58 factor_rho=5.62e-56 rho_eV2=6.10e+57 rho_final=3.43e+02
BG_FUNC: a=4.14e-07 V=2.50e-01 factor_V=2.45e+58 factor_rho=5.62e-56 rho_eV2=6.10e+57 rho_final=3.43e+02
BG_FUNC: a=1.64e-05 V=2.50e-01 factor_V=2.45e+58 factor_rho=5.62e-56 rho_eV2=6.10e+57 rho_final=3.43e+02
RIDDER SWITCHING: z_osc = 5904.16, a_osc = 1.693434e-04
DEBUG: Ridder field ENABLED. Lambda = 9.776170e-01
DEBUG: Ridder field ENABLED. Lambda = 9.776170e-01
BG_FUNC: a=3.46e-14 V=8.87e-02 factor_V=2.45e+58 factor_rho=5.62e-56 rho_eV2=2.17e+57 rho_final=1.22e+02
BG_FUNC: a=1.31e-12 V=8.87e-02 factor_V=2.45e+58 factor_rho=5.62e-56 rho_eV2=2.17e+57 rho_final=1.22e+02
BG_FUNC: a=5.20e-11 V=8.87e-02 factor_V=2.45e+58 factor_rho=5.62e-56 rho_eV2=2.17e+57 rho_final=1.22e+02
BG_FUNC: a=2.06e-09 V=8.87e-02 factor_V=2.45e+58 factor_rho=5.62e-56 rho_eV2=2.17e+57 rho_final=1.22e+02
BG_FUNC: a=8.19e-08 V=8.87e-02 factor_V=2.45e+58 factor_rho=5.62e-56 rho_eV2=2.17e+57 rho_final=1.22e+02
BG_FUNC: a=3.25e-06 V=8.87e-02 factor_V=2.45e+58 factor_rho=5.62e-56 rho_eV2=2.17e+57 rho_final=1.22e+02
BG_FUNC: a=1.29e-04 V=7.69e-02 factor_V=2.45e+58 factor_rho=5.62e-56 rho_eV2=1.99e+57 rho_final=1.12e+02
RIDDER SWITCHING: z_osc = 4353.92, a_osc = 2.296251e-04
DEBUG: Ridder field ENABLED. Lambda = 1.169569e+00
DEBUG: Ridder field ENABLED. Lambda = 1.169569e+00
BG_FUNC: a=1.91e-13 V=1.82e-01 factor_V=2.45e+58 factor_rho=5.62e-56 rho_eV2=4.44e+57 rho_final=2.50e+02
BG_FUNC: a=7.57e-12 V=1.82e-01 factor_V=2.45e+58 factor_rho=5.62e-56 rho_eV2=4.44e+57 rho_final=2.50e+02
BG_FUNC: a=3.00e-10 V=1.82e-01 factor_V=2.45e+58 factor_rho=5.62e-56 rho_eV2=4.44e+57 rho_final=2.50e+02
BG_FUNC: a=1.19e-08 V=1.82e-01 factor_V=2.45e+58 factor_rho=5.62e-56 rho_eV2=4.44e+57 rho_final=2.50e+02
BG_FUNC: a=4.74e-07 V=1.82e-01 factor_V=2.45e+58 factor_rho=5.62e-56 rho_eV2=4.44e+57 rho_final=2.50e+02
BG_FUNC: a=1.88e-05 V=1.82e-01 factor_V=2.45e+58 factor_rho=5.62e-56 rho_eV2=4.44e+57 rho_final=2.50e+02
RIDDER SWITCHING: z_osc = 5326.49, a_osc = 1.877055e-04
DEBUG: Ridder field ENABLED. Lambda = 1.202257e+00
DEBUG: Ridder field ENABLED. Lambda = 1.202257e+00
BG_FUNC: a=3.58e-14 V=2.03e-01 factor_V=2.45e+58 factor_rho=5.62e-56 rho_eV2=4.96e+57 rho_final=2.79e+02
BG_FUNC: a=1.36e-12 V=2.03e-01 factor_V=2.45e+58 factor_rho=5.62e-56 rho_eV2=4.96e+57 rho_final=2.79e+02
BG_FUNC: a=5.39e-11 V=2.03e-01 factor_V=2.45e+58 factor_rho=5.62e-56 rho_eV2=4.96e+57 rho_final=2.79e+02
BG_FUNC: a=2.14e-09 V=2.03e-01 factor_V=2.45e+58 factor_rho=5.62e-56 rho_eV2=4.96e+57 rho_final=2.79e+02
BG_FUNC: a=8.47e-08 V=2.03e-01 factor_V=2.45e+58 factor_rho=5.62e-56 rho_eV2=4.96e+57 rho_final=2.79e+02
BG_FUNC: a=3.38e-06 V=2.03e-01 factor_V=2.45e+58 factor_rho=5.62e-56 rho_eV2=4.96e+57 rho_final=2.79e+02
BG_FUNC: a=1.31e-04 V=1.44e-01 factor_V=2.45e+58 factor_rho=5.62e-56 rho_eV2=4.02e+57 rho_final=2.26e+02
RIDDER SWITCHING: z_osc = 5532.04, a_osc = 1.807325e-04
DEBUG: Ridder field ENABLED. Lambda = 1.559883e+00
DEBUG: Ridder field ENABLED. Lambda = 1.559883e+00
BG_FUNC: a=2.49e-13 V=5.75e-01 factor_V=2.45e+58 factor_rho=5.62e-56 rho_eV2=1.41e+58 rho_final=7.91e+02
BG_FUNC: a=9.88e-12 V=5.75e-01 factor_V=2.45e+58 factor_rho=5.62e-56 rho_eV2=1.41e+58 rho_final=7.91e+02
BG_FUNC: a=3[mcmc] Progress @ 2025-11-30 23:06:54 : 8020 steps taken, and 1311 accepted.
[mcmc] Progress @ 2025-11-30 23:08:14 : 8074 steps taken, and 1320 accepted.
[mcmc] Progress @ 2025-11-30 23:09:48 : 8092 steps taken, and 1324 accepted.
.92e-10 V=5.75e-01 factor_V=2.45e+58 factor_rho=5.62e-56 rho_eV2=1.41e+58 rho_final=7.91e+02
BG_FUNC: a=1.56e-08 V=5.75e-01 factor_V=2.45e+58 factor_rho=5.62e-56 rho_eV2=1.41e+58 rho_final=7.91e+02
BG_FUNC: a=6.18e-07 V=5.75e-01 factor_V=2.45e+58 factor_rho=5.62e-56 rho_eV2=1.41e+58 rho_final=7.91e+02
BG_FUNC: a=2.45e-05 V=5.74e-01 factor_V=2.45e+58 factor_rho=5.62e-56 rho_eV2=1.41e+58 rho_final=7.90e+02
RIDDER SWITCHING: z_osc = 7393.13, a_osc = 1.352423e-04
DEBUG: Ridder field ENABLED. Lambda = 1.248161e+00
DEBUG: Ridder field ENABLED. Lambda = 1.248161e+00
BG_FUNC: a=6.36e-14 V=2.36e-01 factor_V=2.45e+58 factor_rho=5.62e-56 rho_eV2=5.77e+57 rho_final=3.24e+02
BG_FUNC: a=2.44e-12 V=2.36e-01 factor_V=2.45e+58 factor_rho=5.62e-56 rho_eV2=5.77e+57 rho_final=3.24e+02
BG_FUNC: a=9.67e-11 V=2.36e-01 factor_V=2.45e+58 factor_rho=5.62e-56 rho_eV2=5.77e+57 rho_final=3.24e+02
BG_FUNC: a=3.84e-09 V=2.36e-01 factor_V=2.45e+58 factor_rho=5.62e-56 rho_eV2=5.77e+57 rho_final=3.24e+02
BG_FUNC: a=1.54e-07 V=2.36e-01 factor_V=2.45e+58 factor_rho=5.62e-56 rho_eV2=5.77e+57 rho_final=3.24e+02
BG_FUNC: a=6.06e-06 V=2.36e-01 factor_V=2.45e+58 factor_rho=5.62e-56 rho_eV2=5.77e+57 rho_final=3.24e+02
RIDDER SWITCHING: z_osc = 5789.13, a_osc = 1.727076e-04
DEBUG: Ridder field ENABLED. Lambda = 1.284863e+00
DEBUG: Ridder field ENABLED. Lambda = 1.284863e+00
BG_FUNC: a=1.27e-14 V=2.65e-01 factor_V=2.45e+58 factor_rho=5.62e-56 rho_eV2=6.47e+57 rho_final=3.64e+02
BG_FUNC: a=4.72e-13 V=2.65e-01 factor_V=2.45e+58 factor_rho=5.62e-56 rho_eV2=6.47e+57 rho_final=3.64e+02
BG_FUNC: a=1.87e-11 V=2.65e-01 factor_V=2.45e+58 factor_rho=5.62e-56 rho_eV2=6.47e+57 rho_final=3.64e+02
BG_FUNC: a=7.43e-10 V=2.65e-01 factor_V=2.45e+58 factor_rho=5.62e-56 rho_eV2=6.47e+57 rho_final=3.64e+02
BG_FUNC: a=2.95e-08 V=2.65e-01 factor_V=2.45e+58 factor_rho=5.62e-56 rho_eV2=6.47e+57 rho_final=3.64e+02
BG_FUNC: a=1.17e-06 V=2.65e-01 factor_V=2.45e+58 factor_rho=5.62e-56 rho_eV2=6.47e+57 rho_final=3.64e+02
BG_FUNC: a=4.62e-05 V=2.63e-01 factor_V=2.45e+58 factor_rho=5.62e-56 rho_eV2=6.44e+57 rho_final=3.62e+02
RIDDER SWITCHING: z_osc = 5935.87, a_osc = 1.684390e-04
DEBUG: Ridder field ENABLED. Lambda = 8.954647e-01
DEBUG: Ridder field ENABLED. Lambda = 8.954647e-01
BG_FUNC: a=9.38e-14 V=6.25e-02 factor_V=2.45e+58 factor_rho=5.62e-56 rho_eV2=1.53e+57 rho_final=8.59e+01
BG_FUNC: a=3.71e-12 V=6.25e-02 factor_V=2.45e+58 factor_rho=5.62e-56 rho_eV2=1.53e+57 rho_final=8.59e+01
BG_FUNC: a=1.47e-10 V=6.25e-02 factor_V=2.45e+58 factor_rho=5.62e-56 rho_eV2=1.53e+57 rho_final=8.59e+01
BG_FUNC: a=5.85e-09 V=6.25e-02 factor_V=2.45e+58 factor_rho=5.62e-56 rho_eV2=1.53e+57 rho_final=8.59e+01
BG_FUNC: a=2.32e-07 V=6.25e-02 factor_V=2.45e+58 factor_rho=5.62e-56 rho_eV2=1.53e+57 rho_final=8.59e+01
BG_FUNC: a=9.23e-06 V=6.25e-02 factor_V=2.45e+58 factor_rho=5.62e-56 rho_eV2=1.53e+57 rho_final=8.59e+01
RIDDER SWITCHING: z_osc = 3916.07, a_osc = 2.552930e-04
DEBUG: Ridder field ENABLED. Lambda = 1.258158e+00
DEBUG: Ridder field ENABLED. Lambda = 1.258158e+00
BG_FUNC: a=1.31e-14 V=2.43e-01 factor_V=2.45e+58 factor_rho=5.62e-56 rho_eV2=5.95e+57 rho_final=3.35e+02
BG_FUNC: a=4.86e-13 V=2.43e-01 factor_V=2.45e+58 factor_rho=5.62e-56 rho_eV2=5.95e+57 rho_final=3.35e+02
BG_FUNC: a=1.93e-11 V=2.43e-01 factor_V=2.45e+58 factor_rho=5.62e-56 rho_eV2=5.95e+57 rho_final=3.35e+02
BG_FUNC: a=7.64e-10 V=2.43e-01 factor_V=2.45e+58 factor_rho=5.62e-56 rho_eV2=5.95e+57 rho_final=3.35e+02
BG_FUNC: a=3.03e-08 V=2.43e-01 factor_V=2.45e+58 factor_rho=5.62e-56 rho_eV2=5.95e+57 rho_final=3.35e+02
BG_FUNC: a=1.20e-06 V=2.43e-01 factor_V=2.45e+58 factor_rho=5.62e-56 rho_eV2=5.95e+57 rho_final=3.35e+02
BG_FUNC: a=4.74e-05 V=2.41e-01 factor_V=2.45e+58 factor_rho=5.62e-56 rho_eV2=5.92e+57 rho_final=3.33e+02
RIDDER SWITCHING: z_osc = 5807.77, a_osc = 1.721535e-04
DEBUG: Ridder field ENABLED. Lambda = 1.258158e+00
DEBUG: Ridder field ENABLED. Lambda = 1.258158e+00
BG_FUNC: a=9.42e-14 V=2.43e-01 factor_V=2.45e+58 factor_rho=5.62e-56 rho_eV2=5.95e+57 rho_final=3.35e+02
BG_FUNC: a=3.72e-12 V=2.43e-01 factor_V=2.45e+58 factor_rho=5.6[mcmc] Progress @ 2025-11-30 23:10:48 : 8117 steps taken, and 1330 accepted.
[mcmc] Progress @ 2025-11-30 23:11:48 : 8139 steps taken, and 1333 accepted.
[mcmc] Progress @ 2025-11-30 23:13:16 : 8150 steps taken, and 1335 accepted.
[mcmc] Progress @ 2025-11-30 23:14:17 : 8177 steps taken, and 1339 accepted.
2e-56 rho_eV2=5.95e+57 rho_final=3.35e+02
BG_FUNC: a=1.48e-10 V=2.43e-01 factor_V=2.45e+58 factor_rho=5.62e-56 rho_eV2=5.95e+57 rho_final=3.35e+02
BG_FUNC: a=5.87e-09 V=2.43e-01 factor_V=2.45e+58 factor_rho=5.62e-56 rho_eV2=5.95e+57 rho_final=3.35e+02
BG_FUNC: a=2.33e-07 V=2.43e-01 factor_V=2.45e+58 factor_rho=5.62e-56 rho_eV2=5.95e+57 rho_final=3.35e+02
BG_FUNC: a=9.27e-06 V=2.43e-01 factor_V=2.45e+58 factor_rho=5.62e-56 rho_eV2=5.95e+57 rho_final=3.35e+02
RIDDER SWITCHING: z_osc = 5813.13, a_osc = 1.719949e-04
DEBUG: Ridder field ENABLED. Lambda = 1.330584e+00
DEBUG: Ridder field ENABLED. Lambda = 1.330584e+00
BG_FUNC: a=1.94e-14 V=3.04e-01 factor_V=2.45e+58 factor_rho=5.62e-56 rho_eV2=7.45e+57 rho_final=4.19e+02
BG_FUNC: a=7.34e-13 V=3.04e-01 factor_V=2.45e+58 factor_rho=5.62e-56 rho_eV2=7.45e+57 rho_final=4.19e+02
BG_FUNC: a=2.94e-11 V=3.04e-01 factor_V=2.45e+58 factor_rho=5.62e-56 rho_eV2=7.45e+57 rho_final=4.19e+02
BG_FUNC: a=1.18e-09 V=3.04e-01 factor_V=2.45e+58 factor_rho=5.62e-56 rho_eV2=7.45e+57 rho_final=4.19e+02
BG_FUNC: a=4.74e-08 V=3.04e-01 factor_V=2.45e+58 factor_rho=5.62e-56 rho_eV2=7.45e+57 rho_final=4.19e+02
BG_FUNC: a=1.90e-06 V=3.04e-01 factor_V=2.45e+58 factor_rho=5.62e-56 rho_eV2=7.45e+57 rho_final=4.19e+02
BG_FUNC: a=7.45e-05 V=2.86e-01 factor_V=2.45e+58 factor_rho=5.62e-56 rho_eV2=7.17e+57 rho_final=4.03e+02
RIDDER SWITCHING: z_osc = 6207.32, a_osc = 1.610740e-04
DEBUG: Ridder field ENABLED. Lambda = 1.309667e+00
DEBUG: Ridder field ENABLED. Lambda = 1.309667e+00
BG_FUNC: a=1.57e-13 V=2.86e-01 factor_V=2.45e+58 factor_rho=5.62e-56 rho_eV2=6.99e+57 rho_final=3.93e+02
BG_FUNC: a=6.29e-12 V=2.86e-01 factor_V=2.45e+58 factor_rho=5.62e-56 rho_eV2=6.99e+57 rho_final=3.93e+02
BG_FUNC: a=2.48e-10 V=2.86e-01 factor_V=2.45e+58 factor_rho=5.62e-56 rho_eV2=6.99e+57 rho_final=3.93e+02
BG_FUNC: a=9.82e-09 V=2.86e-01 factor_V=2.45e+58 factor_rho=5.62e-56 rho_eV2=6.99e+57 rho_final=3.93e+02
BG_FUNC: a=3.90e-07 V=2.86e-01 factor_V=2.45e+58 factor_rho=5.62e-56 rho_eV2=6.99e+57 rho_final=3.93e+02
BG_FUNC: a=1.55e-05 V=2.86e-01 factor_V=2.45e+58 factor_rho=5.62e-56 rho_eV2=6.99e+57 rho_final=3.93e+02
RIDDER SWITCHING: z_osc = 6144.28, a_osc = 1.627264e-04
DEBUG: Ridder field ENABLED. Lambda = 1.221183e+00
DEBUG: Ridder field ENABLED. Lambda = 1.221183e+00
BG_FUNC: a=3.37e-14 V=2.16e-01 factor_V=2.45e+58 factor_rho=5.62e-56 rho_eV2=5.28e+57 rho_final=2.97e+02
BG_FUNC: a=1.28e-12 V=2.16e-01 factor_V=2.45e+58 factor_rho=5.62e-56 rho_eV2=5.28e+57 rho_final=2.97e+02
BG_FUNC: a=5.08e-11 V=2.16e-01 factor_V=2.45e+58 factor_rho=5.62e-56 rho_eV2=5.28e+57 rho_final=2.97e+02
BG_FUNC: a=2.01e-09 V=2.16e-01 factor_V=2.45e+58 factor_rho=5.62e-56 rho_eV2=5.28e+57 rho_final=2.97e+02
BG_FUNC: a=8.04e-08 V=2.16e-01 factor_V=2.45e+58 factor_rho=5.62e-56 rho_eV2=5.28e+57 rho_final=2.97e+02
BG_FUNC: a=3.16e-06 V=2.16e-01 factor_V=2.45e+58 factor_rho=5.62e-56 rho_eV2=5.28e+57 rho_final=2.97e+02
BG_FUNC: a=1.25e-04 V=1.59e-01 factor_V=2.45e+58 factor_rho=5.62e-56 rho_eV2=4.37e+57 rho_final=2.46e+02
RIDDER SWITCHING: z_osc = 5622.98, a_osc = 1.778100e-04
DEBUG: Ridder field ENABLED. Lambda = 1.688014e+00
DEBUG: Ridder field ENABLED. Lambda = 1.688014e+00
BG_FUNC: a=2.39e-13 V=7.89e-01 factor_V=2.45e+58 factor_rho=5.62e-56 rho_eV2=1.93e+58 rho_final=1.08e+03
BG_FUNC: a=9.49e-12 V=7.89e-01 factor_V=2.45e+58 factor_rho=5.62e-56 rho_eV2=1.93e+58 rho_final=1.08e+03
BG_FUNC: a=3.80e-10 V=7.89e-01 factor_V=2.45e+58 factor_rho=5.62e-56 rho_eV2=1.93e+58 rho_final=1.08e+03
BG_FUNC: a=1.49e-08 V=7.89e-01 factor_V=2.45e+58 factor_rho=5.62e-56 rho_eV2=1.93e+58 rho_final=1.08e+03
BG_FUNC: a=5.93e-07 V=7.89e-01 factor_V=2.45e+58 factor_rho=5.62e-56 rho_eV2=1.93e+58 rho_final=1.08e+03
BG_FUNC: a=2.35e-05 V=7.87e-01 factor_V=2.45e+58 factor_rho=5.62e-56 rho_eV2=1.93e+58 rho_final=1.08e+03
RIDDER SWITCHING: z_osc = 8052.66, a_osc = 1.241672e-04
DEBUG: Ridder field ENABLED. Lambda = 1.345827e+00
DEBUG: Ridder field ENABLED. Lambda = 1.345827e+00
BG_FUNC: a=6.71e-14 V=3.19e-01 factor_V=2.45e+58 factor_rho=5.62e-56 rho_eV2=7.79e+57 rho_final=4.38e+02
BG_FUNC: [mcmc] Progress @ 2025-11-30 23:15:46 : 8187 steps taken, and 1340 accepted.
[mcmc] Progress @ 2025-11-30 23:16:48 : 8212 steps taken, and 1344 accepted.
[mcmc] Progress @ 2025-11-30 23:18:22 : 8226 steps taken, and 1347 accepted.
a=2.56e-12 V=3.19e-01 factor_V=2.45e+58 factor_rho=5.62e-56 rho_eV2=7.79e+57 rho_final=4.38e+02
BG_FUNC: a=1.01e-10 V=3.19e-01 factor_V=2.45e+58 factor_rho=5.62e-56 rho_eV2=7.79e+57 rho_final=4.38e+02
BG_FUNC: a=4.02e-09 V=3.19e-01 factor_V=2.45e+58 factor_rho=5.62e-56 rho_eV2=7.79e+57 rho_final=4.38e+02
BG_FUNC: a=1.60e-07 V=3.19e-01 factor_V=2.45e+58 factor_rho=5.62e-56 rho_eV2=7.79e+57 rho_final=4.38e+02
BG_FUNC: a=6.33e-06 V=3.19e-01 factor_V=2.45e+58 factor_rho=5.62e-56 rho_eV2=7.79e+57 rho_final=4.38e+02
RIDDER SWITCHING: z_osc = 6281.06, a_osc = 1.591835e-04
DEBUG: Ridder field ENABLED. Lambda = 1.146585e+00
DEBUG: Ridder field ENABLED. Lambda = 1.146585e+00
BG_FUNC: a=1.43e-14 V=1.68e-01 factor_V=2.45e+58 factor_rho=5.62e-56 rho_eV2=4.11e+57 rho_final=2.31e+02
BG_FUNC: a=5.38e-13 V=1.68e-01 factor_V=2.45e+58 factor_rho=5.62e-56 rho_eV2=4.11e+57 rho_final=2.31e+02
BG_FUNC: a=2.14e-11 V=1.68e-01 factor_V=2.45e+58 factor_rho=5.62e-56 rho_eV2=4.11e+57 rho_final=2.31e+02
BG_FUNC: a=8.52e-10 V=1.68e-01 factor_V=2.45e+58 factor_rho=5.62e-56 rho_eV2=4.11e+57 rho_final=2.31e+02
BG_FUNC: a=3.39e-08 V=1.68e-01 factor_V=2.45e+58 factor_rho=5.62e-56 rho_eV2=4.11e+57 rho_final=2.31e+02
BG_FUNC: a=1.35e-06 V=1.68e-01 factor_V=2.45e+58 factor_rho=5.62e-56 rho_eV2=4.11e+57 rho_final=2.31e+02
BG_FUNC: a=5.35e-05 V=1.66e-01 factor_V=2.45e+58 factor_rho=5.62e-56 rho_eV2=4.08e+57 rho_final=2.29e+02
RIDDER SWITCHING: z_osc = 5246.79, a_osc = 1.905565e-04
DEBUG: Ridder field ENABLED. Lambda = 1.475074e+00
DEBUG: Ridder field ENABLED. Lambda = 1.475074e+00
BG_FUNC: a=9.56e-14 V=4.60e-01 factor_V=2.45e+58 factor_rho=5.62e-56 rho_eV2=1.12e+58 rho_final=6.32e+02
BG_FUNC: a=3.78e-12 V=4.60e-01 factor_V=2.45e+58 factor_rho=5.62e-56 rho_eV2=1.12e+58 rho_final=6.32e+02
BG_FUNC: a=1.50e-10 V=4.60e-01 factor_V=2.45e+58 factor_rho=5.62e-56 rho_eV2=1.12e+58 rho_final=6.32e+02
BG_FUNC: a=5.93e-09 V=4.60e-01 factor_V=2.45e+58 factor_rho=5.62e-56 rho_eV2=1.12e+58 rho_final=6.32e+02
BG_FUNC: a=2.35e-07 V=4.60e-01 factor_V=2.45e+58 factor_rho=5.62e-56 rho_eV2=1.12e+58 rho_final=6.32e+02
BG_FUNC: a=9.30e-06 V=4.60e-01 factor_V=2.45e+58 factor_rho=5.62e-56 rho_eV2=1.12e+58 rho_final=6.32e+02
RIDDER SWITCHING: z_osc = 7002.60, a_osc = 1.427838e-04
DEBUG: Ridder field ENABLED. Lambda = 1.169409e+00
DEBUG: Ridder field ENABLED. Lambda = 1.169409e+00
BG_FUNC: a=2.35e-14 V=1.82e-01 factor_V=2.45e+58 factor_rho=5.62e-56 rho_eV2=4.44e+57 rho_final=2.50e+02
BG_FUNC: a=8.83e-13 V=1.82e-01 factor_V=2.45e+58 factor_rho=5.62e-56 rho_eV2=4.44e+57 rho_final=2.50e+02
BG_FUNC: a=3.51e-11 V=1.82e-01 factor_V=2.45e+58 factor_rho=5.62e-56 rho_eV2=4.44e+57 rho_final=2.50e+02
BG_FUNC: a=1.39e-09 V=1.82e-01 factor_V=2.45e+58 factor_rho=5.62e-56 rho_eV2=4.44e+57 rho_final=2.50e+02
BG_FUNC: a=5.54e-08 V=1.82e-01 factor_V=2.45e+58 factor_rho=5.62e-56 rho_eV2=4.44e+57 rho_final=2.50e+02
BG_FUNC: a=2.20e-06 V=1.82e-01 factor_V=2.45e+58 factor_rho=5.62e-56 rho_eV2=4.44e+57 rho_final=2.50e+02
BG_FUNC: a=8.68e-05 V=1.70e-01 factor_V=2.45e+58 factor_rho=5.62e-56 rho_eV2=4.27e+57 rho_final=2.40e+02
RIDDER SWITCHING: z_osc = 5366.86, a_osc = 1.862939e-04
DEBUG: Ridder field ENABLED. Lambda = 1.297043e+00
DEBUG: Ridder field ENABLED. Lambda = 1.297043e+00
BG_FUNC: a=1.59e-13 V=2.75e-01 factor_V=2.45e+58 factor_rho=5.62e-56 rho_eV2=6.72e+57 rho_final=3.78e+02
BG_FUNC: a=6.30e-12 V=2.75e-01 factor_V=2.45e+58 factor_rho=5.62e-56 rho_eV2=6.72e+57 rho_final=3.78e+02
BG_FUNC: a=2.50e-10 V=2.75e-01 factor_V=2.45e+58 factor_rho=5.62e-56 rho_eV2=6.72e+57 rho_final=3.78e+02
BG_FUNC: a=9.90e-09 V=2.75e-01 factor_V=2.45e+58 factor_rho=5.62e-56 rho_eV2=6.72e+57 rho_final=3.78e+02
BG_FUNC: a=3.93e-07 V=2.75e-01 factor_V=2.45e+58 factor_rho=5.62e-56 rho_eV2=6.72e+57 rho_final=3.78e+02
BG_FUNC: a=1.56e-05 V=2.75e-01 factor_V=2.45e+58 factor_rho=5.62e-56 rho_eV2=6.72e+57 rho_final=3.78e+02
RIDDER SWITCHING: z_osc = 6039.53, a_osc = 1.655484e-04
DEBUG: Ridder field ENABLED. Lambda = 1.420070e+00
DEBUG: Ridder field ENABLED. Lambda = 1.420070e+00
BG_FUNC: a=3.36e-14 V=3.95e-01 factor_V=2.45e+58 factor_rho=[mcmc] Progress @ 2025-11-30 23:19:45 : 8262 steps taken, and 1355 accepted.
[mcmc] Progress @ 2025-11-30 23:21:11 : 8276 steps taken, and 1357 accepted.
[mcmc] Progress @ 2025-11-30 23:22:32 : 8282 steps taken, and 1358 accepted.
5.62e-56 rho_eV2=9.66e+57 rho_final=5.43e+02
BG_FUNC: a=1.28e-12 V=3.95e-01 factor_V=2.45e+58 factor_rho=5.62e-56 rho_eV2=9.66e+57 rho_final=5.43e+02
BG_FUNC: a=5.06e-11 V=3.95e-01 factor_V=2.45e+58 factor_rho=5.62e-56 rho_eV2=9.66e+57 rho_final=5.43e+02
BG_FUNC: a=2.00e-09 V=3.95e-01 factor_V=2.45e+58 factor_rho=5.62e-56 rho_eV2=9.66e+57 rho_final=5.43e+02
BG_FUNC: a=8.01e-08 V=3.95e-01 factor_V=2.45e+58 factor_rho=5.62e-56 rho_eV2=9.66e+57 rho_final=5.43e+02
BG_FUNC: a=3.15e-06 V=3.95e-01 factor_V=2.45e+58 factor_rho=5.62e-56 rho_eV2=9.66e+57 rho_final=5.43e+02
BG_FUNC: a=1.24e-04 V=2.34e-01 factor_V=2.45e+58 factor_rho=5.62e-56 rho_eV2=7.02e+57 rho_final=3.95e+02
RIDDER SWITCHING: z_osc = 6671.03, a_osc = 1.498794e-04
DEBUG: Ridder field ENABLED. Lambda = 1.166167e+00
DEBUG: Ridder field ENABLED. Lambda = 1.166167e+00
BG_FUNC: a=2.86e-13 V=1.80e-01 factor_V=2.45e+58 factor_rho=5.62e-56 rho_eV2=4.39e+57 rho_final=2.47e+02
BG_FUNC: a=1.15e-11 V=1.80e-01 factor_V=2.45e+58 factor_rho=5.62e-56 rho_eV2=4.39e+57 rho_final=2.47e+02
BG_FUNC: a=4.61e-10 V=1.80e-01 factor_V=2.45e+58 factor_rho=5.62e-56 rho_eV2=4.39e+57 rho_final=2.47e+02
BG_FUNC: a=1.85e-08 V=1.80e-01 factor_V=2.45e+58 factor_rho=5.62e-56 rho_eV2=4.39e+57 rho_final=2.47e+02
BG_FUNC: a=7.44e-07 V=1.80e-01 factor_V=2.45e+58 factor_rho=5.62e-56 rho_eV2=4.39e+57 rho_final=2.47e+02
BG_FUNC: a=2.99e-05 V=1.79e-01 factor_V=2.45e+58 factor_rho=5.62e-56 rho_eV2=4.39e+57 rho_final=2.47e+02
RIDDER SWITCHING: z_osc = 5320.30, a_osc = 1.879239e-04
DEBUG: Ridder field ENABLED. Lambda = 1.258158e+00
DEBUG: Ridder field ENABLED. Lambda = 1.258158e+00
BG_FUNC: a=5.61e-14 V=2.43e-01 factor_V=2.45e+58 factor_rho=5.62e-56 rho_eV2=5.95e+57 rho_final=3.35e+02
BG_FUNC: a=2.14e-12 V=2.43e-01 factor_V=2.45e+58 factor_rho=5.62e-56 rho_eV2=5.95e+57 rho_final=3.35e+02
BG_FUNC: a=8.52e-11 V=2.43e-01 factor_V=2.45e+58 factor_rho=5.62e-56 rho_eV2=5.95e+57 rho_final=3.35e+02
BG_FUNC: a=3.38e-09 V=2.43e-01 factor_V=2.45e+58 factor_rho=5.62e-56 rho_eV2=5.95e+57 rho_final=3.35e+02
BG_FUNC: a=1.34e-07 V=2.43e-01 factor_V=2.45e+58 factor_rho=5.62e-56 rho_eV2=5.95e+57 rho_final=3.35e+02
BG_FUNC: a=5.34e-06 V=2.43e-01 factor_V=2.45e+58 factor_rho=5.62e-56 rho_eV2=5.95e+57 rho_final=3.35e+02
RIDDER SWITCHING: z_osc = 5813.13, a_osc = 1.719949e-04
DEBUG: Ridder field ENABLED. Lambda = 1.525499e+00
DEBUG: Ridder field ENABLED. Lambda = 1.525499e+00
BG_FUNC: a=1.13e-14 V=5.26e-01 factor_V=2.45e+58 factor_rho=5.62e-56 rho_eV2=1.29e+58 rho_final=7.23e+02
BG_FUNC: a=4.19e-13 V=5.26e-01 factor_V=2.45e+58 factor_rho=5.62e-56 rho_eV2=1.29e+58 rho_final=7.23e+02
BG_FUNC: a=1.66e-11 V=5.26e-01 factor_V=2.45e+58 factor_rho=5.62e-56 rho_eV2=1.29e+58 rho_final=7.23e+02
BG_FUNC: a=6.60e-10 V=5.26e-01 factor_V=2.45e+58 factor_rho=5.62e-56 rho_eV2=1.29e+58 rho_final=7.23e+02
BG_FUNC: a=2.62e-08 V=5.26e-01 factor_V=2.45e+58 factor_rho=5.62e-56 rho_eV2=1.29e+58 rho_final=7.23e+02
BG_FUNC: a=1.04e-06 V=5.26e-01 factor_V=2.45e+58 factor_rho=5.62e-56 rho_eV2=1.29e+58 rho_final=7.23e+02
BG_FUNC: a=4.10e-05 V=5.21e-01 factor_V=2.45e+58 factor_rho=5.62e-56 rho_eV2=1.28e+58 rho_final=7.19e+02
RIDDER SWITCHING: z_osc = 7232.23, a_osc = 1.382507e-04
DEBUG: Ridder field ENABLED. Lambda = 1.560636e+00
DEBUG: Ridder field ENABLED. Lambda = 1.560636e+00
BG_FUNC: a=1.02e-13 V=5.76e-01 factor_V=2.45e+58 factor_rho=5.62e-56 rho_eV2=1.41e+58 rho_final=7.92e+02
BG_FUNC: a=4.01e-12 V=5.76e-01 factor_V=2.45e+58 factor_rho=5.62e-56 rho_eV2=1.41e+58 rho_final=7.92e+02
BG_FUNC: a=1.59e-10 V=5.76e-01 factor_V=2.45e+58 factor_rho=5.62e-56 rho_eV2=1.41e+58 rho_final=7.92e+02
BG_FUNC: a=6.30e-09 V=5.76e-01 factor_V=2.45e+58 factor_rho=5.62e-56 rho_eV2=1.41e+58 rho_final=7.92e+02
BG_FUNC: a=2.50e-07 V=5.76e-01 factor_V=2.45e+58 factor_rho=5.62e-56 rho_eV2=1.41e+58 rho_final=7.92e+02
BG_FUNC: a=9.90e-06 V=5.76e-01 factor_V=2.45e+58 factor_rho=5.62e-56 rho_eV2=1.41e+58 rho_final=7.92e+02
RIDDER SWITCHING: z_osc = 7389.80, a_osc = 1.353034e-04
DEBUG: Ridder field ENABLED. Lambda = 9.595963e-01
DEBUG: Ridder field ENABLED. Lambda = 9.595963e-01
BG_FUN[mcmc] Progress @ 2025-11-30 23:24:11 : 8305 steps taken, and 1363 accepted.
[mcmc] Progress @ 2025-11-30 23:25:41 : 8315 steps taken, and 1364 accepted.
C: a=2.61e-14 V=8.24e-02 factor_V=2.45e+58 factor_rho=5.62e-56 rho_eV2=2.01e+57 rho_final=1.13e+02
BG_FUNC: a=9.83e-13 V=8.24e-02 factor_V=2.45e+58 factor_rho=5.62e-56 rho_eV2=2.01e+57 rho_final=1.13e+02
BG_FUNC: a=3.90e-11 V=8.24e-02 factor_V=2.45e+58 factor_rho=5.62e-56 rho_eV2=2.01e+57 rho_final=1.13e+02
BG_FUNC: a=1.55e-09 V=8.24e-02 factor_V=2.45e+58 factor_rho=5.62e-56 rho_eV2=2.01e+57 rho_final=1.13e+02
BG_FUNC: a=6.15e-08 V=8.24e-02 factor_V=2.45e+58 factor_rho=5.62e-56 rho_eV2=2.01e+57 rho_final=1.13e+02
BG_FUNC: a=2.44e-06 V=8.24e-02 factor_V=2.45e+58 factor_rho=5.62e-56 rho_eV2=2.01e+57 rho_final=1.13e+02
BG_FUNC: a=9.71e-05 V=7.86e-02 factor_V=2.45e+58 factor_rho=5.62e-56 rho_eV2=1.96e+57 rho_final=1.10e+02
RIDDER SWITCHING: z_osc = 4269.33, a_osc = 2.341737e-04
DEBUG: Ridder field ENABLED. Lambda = 3.782622e-01
DEBUG: Ridder field ENABLED. Lambda = 3.782622e-01
BG_FUNC: a=1.39e-13 V=1.99e-03 factor_V=2.45e+58 factor_rho=5.62e-56 rho_eV2=4.86e+55 rho_final=2.73e+00
BG_FUNC: a=5.46e-12 V=1.99e-03 factor_V=2.45e+58 factor_rho=5.62e-56 rho_eV2=4.86e+55 rho_final=2.73e+00
BG_FUNC: a=2.15e-10 V=1.99e-03 factor_V=2.45e+58 factor_rho=5.62e-56 rho_eV2=4.86e+55 rho_final=2.73e+00
BG_FUNC: a=8.43e-09 V=1.99e-03 factor_V=2.45e+58 factor_rho=5.62e-56 rho_eV2=4.86e+55 rho_final=2.73e+00
BG_FUNC: a=3.31e-07 V=1.99e-03 factor_V=2.45e+58 factor_rho=5.62e-56 rho_eV2=4.86e+55 rho_final=2.73e+00
BG_FUNC: a=1.29e-05 V=1.99e-03 factor_V=2.45e+58 factor_rho=5.62e-56 rho_eV2=4.86e+55 rho_final=2.73e+00
BG_FUNC: a=5.00e-04 V=1.30e-03 factor_V=2.45e+58 factor_rho=5.62e-56 rho_eV2=3.73e+55 rho_final=2.10e+00
RIDDER SWITCHING: z_osc = 1375.81, a_osc = 7.263192e-04
DEBUG: Ridder field ENABLED. Lambda = 1.362417e+00
DEBUG: Ridder field ENABLED. Lambda = 1.362417e+00
BG_FUNC: a=2.38e-13 V=3.35e-01 factor_V=2.45e+58 factor_rho=5.62e-56 rho_eV2=8.18e+57 rho_final=4.60e+02
BG_FUNC: a=9.60e-12 V=3.35e-01 factor_V=2.45e+58 factor_rho=5.62e-56 rho_eV2=8.18e+57 rho_final=4.60e+02
BG_FUNC: a=3.80e-10 V=3.35e-01 factor_V=2.45e+58 factor_rho=5.62e-56 rho_eV2=8.18e+57 rho_final=4.60e+02
BG_FUNC: a=1.52e-08 V=3.35e-01 factor_V=2.45e+58 factor_rho=5.62e-56 rho_eV2=8.18e+57 rho_final=4.60e+02
BG_FUNC: a=6.08e-07 V=3.35e-01 factor_V=2.45e+58 factor_rho=5.62e-56 rho_eV2=8.18e+57 rho_final=4.60e+02
BG_FUNC: a=2.43e-05 V=3.34e-01 factor_V=2.45e+58 factor_rho=5.62e-56 rho_eV2=8.18e+57 rho_final=4.60e+02
RIDDER SWITCHING: z_osc = 6368.58, a_osc = 1.569961e-04
DEBUG: Ridder field ENABLED. Lambda = 1.032270e+00
DEBUG: Ridder field ENABLED. Lambda = 1.032270e+00
BG_FUNC: a=5.48e-14 V=1.10e-01 factor_V=2.45e+58 factor_rho=5.62e-56 rho_eV2=2.70e+57 rho_final=1.52e+02
BG_FUNC: a=2.12e-12 V=1.10e-01 factor_V=2.45e+58 factor_rho=5.62e-56 rho_eV2=2.70e+57 rho_final=1.52e+02
BG_FUNC: a=8.50e-11 V=1.10e-01 factor_V=2.45e+58 factor_rho=5.62e-56 rho_eV2=2.70e+57 rho_final=1.52e+02
BG_FUNC: a=3.41e-09 V=1.10e-01 factor_V=2.45e+58 factor_rho=5.62e-56 rho_eV2=2.70e+57 rho_final=1.52e+02
BG_FUNC: a=1.37e-07 V=1.10e-01 factor_V=2.45e+58 factor_rho=5.62e-56 rho_eV2=2.70e+57 rho_final=1.52e+02
BG_FUNC: a=5.51e-06 V=1.10e-01 factor_V=2.45e+58 factor_rho=5.62e-56 rho_eV2=2.70e+57 rho_final=1.52e+02
RIDDER SWITCHING: z_osc = 4648.37, a_osc = 2.150828e-04
DEBUG: Ridder field ENABLED. Lambda = 1.290252e+00
DEBUG: Ridder field ENABLED. Lambda = 1.290252e+00
BG_FUNC: a=1.00e-14 V=2.69e-01 factor_V=2.45e+58 factor_rho=5.62e-56 rho_eV2=6.58e+57 rho_final=3.70e+02
BG_FUNC: a=3.48e-13 V=2.69e-01 factor_V=2.45e+58 factor_rho=5.62e-56 rho_eV2=6.58e+57 rho_final=3.70e+02
BG_FUNC: a=1.38e-11 V=2.69e-01 factor_V=2.45e+58 factor_rho=5.62e-56 rho_eV2=6.58e+57 rho_final=3.70e+02
BG_FUNC: a=5.47e-10 V=2.69e-01 factor_V=2.45e+58 factor_rho=5.62e-56 rho_eV2=6.58e+57 rho_final=3.70e+02
BG_FUNC: a=2.17e-08 V=2.69e-01 factor_V=2.45e+58 factor_rho=5.62e-56 rho_eV2=6.58e+57 rho_final=3.70e+02
BG_FUNC: a=8.66e-07 V=2.69e-01 factor_V=2.45e+58 factor_rho=5.62e-56 rho_eV2=6.58e+57 rho_final=3.70e+02
BG_FUNC: a=3.39e-05 V=2.69e-01 factor_V=2.45e+58 factor_rho=5.62e-56 rho_eV2=6.57e+57 rho_final=3.70e+02
RIDDE[mcmc] Progress @ 2025-11-30 23:27:13 : 8333 steps taken, and 1366 accepted.
[mcmc] Progress @ 2025-11-30 23:28:38 : 8381 steps taken, and 1377 accepted.
[mcmc] Progress @ 2025-11-30 23:29:38 : 8396 steps taken, and 1380 accepted.
[mcmc] Progress @ 2025-11-30 23:30:41 : 8412 steps taken, and 1384 accepted.
R SWITCHING: z_osc = 6035.03, a_osc = 1.656717e-04
DEBUG: Ridder field ENABLED. Lambda = 1.258158e+00
DEBUG: Ridder field ENABLED. Lambda = 1.258158e+00
BG_FUNC: a=7.20e-14 V=2.43e-01 factor_V=2.45e+58 factor_rho=5.62e-56 rho_eV2=5.95e+57 rho_final=3.35e+02
BG_FUNC: a=2.76e-12 V=2.43e-01 factor_V=2.45e+58 factor_rho=5.62e-56 rho_eV2=5.95e+57 rho_final=3.35e+02
BG_FUNC: a=1.09e-10 V=2.43e-01 factor_V=2.45e+58 factor_rho=5.62e-56 rho_eV2=5.95e+57 rho_final=3.35e+02
BG_FUNC: a=4.34e-09 V=2.43e-01 factor_V=2.45e+58 factor_rho=5.62e-56 rho_eV2=5.95e+57 rho_final=3.35e+02
BG_FUNC: a=1.72e-07 V=2.43e-01 factor_V=2.45e+58 factor_rho=5.62e-56 rho_eV2=5.95e+57 rho_final=3.35e+02
BG_FUNC: a=6.88e-06 V=2.43e-01 factor_V=2.45e+58 factor_rho=5.62e-56 rho_eV2=5.95e+57 rho_final=3.35e+02
RIDDER SWITCHING: z_osc = 5805.42, a_osc = 1.722232e-04
DEBUG: Ridder field ENABLED. Lambda = 1.546963e+00
DEBUG: Ridder field ENABLED. Lambda = 1.546963e+00
BG_FUNC: a=1.43e-14 V=5.56e-01 factor_V=2.45e+58 factor_rho=5.62e-56 rho_eV2=1.36e+58 rho_final=7.65e+02
BG_FUNC: a=5.32e-13 V=5.56e-01 factor_V=2.45e+58 factor_rho=5.62e-56 rho_eV2=1.36e+58 rho_final=7.65e+02
BG_FUNC: a=2.11e-11 V=5.56e-01 factor_V=2.45e+58 factor_rho=5.62e-56 rho_eV2=1.36e+58 rho_final=7.65e+02
BG_FUNC: a=8.34e-10 V=5.56e-01 factor_V=2.45e+58 factor_rho=5.62e-56 rho_eV2=1.36e+58 rho_final=7.65e+02
BG_FUNC: a=3.30e-08 V=5.56e-01 factor_V=2.45e+58 factor_rho=5.62e-56 rho_eV2=1.36e+58 rho_final=7.65e+02
BG_FUNC: a=1.31e-06 V=5.56e-01 factor_V=2.45e+58 factor_rho=5.62e-56 rho_eV2=1.36e+58 rho_final=7.65e+02
BG_FUNC: a=5.15e-05 V=5.41e-01 factor_V=2.45e+58 factor_rho=5.62e-56 rho_eV2=1.34e+58 rho_final=7.52e+02
RIDDER SWITCHING: z_osc = 7344.27, a_osc = 1.361420e-04
DEBUG: Ridder field ENABLED. Lambda = 1.228746e+00
DEBUG: Ridder field ENABLED. Lambda = 1.228746e+00
BG_FUNC: a=1.29e-13 V=2.21e-01 factor_V=2.45e+58 factor_rho=5.62e-56 rho_eV2=5.41e+57 rho_final=3.04e+02
BG_FUNC: a=5.13e-12 V=2.21e-01 factor_V=2.45e+58 factor_rho=5.62e-56 rho_eV2=5.41e+57 rho_final=3.04e+02
BG_FUNC: a=2.04e-10 V=2.21e-01 factor_V=2.45e+58 factor_rho=5.62e-56 rho_eV2=5.41e+57 rho_final=3.04e+02
BG_FUNC: a=8.08e-09 V=2.21e-01 factor_V=2.45e+58 factor_rho=5.62e-56 rho_eV2=5.41e+57 rho_final=3.04e+02
BG_FUNC: a=3.21e-07 V=2.21e-01 factor_V=2.45e+58 factor_rho=5.62e-56 rho_eV2=5.41e+57 rho_final=3.04e+02
BG_FUNC: a=1.27e-05 V=2.21e-01 factor_V=2.45e+58 factor_rho=5.62e-56 rho_eV2=5.41e+57 rho_final=3.04e+02
RIDDER SWITCHING: z_osc = 5649.35, a_osc = 1.769801e-04
DEBUG: Ridder field ENABLED. Lambda = 1.258158e+00
DEBUG: Ridder field ENABLED. Lambda = 1.258158e+00
BG_FUNC: a=2.56e-14 V=2.43e-01 factor_V=2.45e+58 factor_rho=5.62e-56 rho_eV2=5.95e+57 rho_final=3.35e+02
BG_FUNC: a=9.71e-13 V=2.43e-01 factor_V=2.45e+58 factor_rho=5.62e-56 rho_eV2=5.95e+57 rho_final=3.35e+02
BG_FUNC: a=3.88e-11 V=2.43e-01 factor_V=2.45e+58 factor_rho=5.62e-56 rho_eV2=5.95e+57 rho_final=3.35e+02
BG_FUNC: a=1.56e-09 V=2.43e-01 factor_V=2.45e+58 factor_rho=5.62e-56 rho_eV2=5.95e+57 rho_final=3.35e+02
BG_FUNC: a=6.20e-08 V=2.43e-01 factor_V=2.45e+58 factor_rho=5.62e-56 rho_eV2=5.95e+57 rho_final=3.35e+02
BG_FUNC: a=2.48e-06 V=2.43e-01 factor_V=2.45e+58 factor_rho=5.62e-56 rho_eV2=5.95e+57 rho_final=3.35e+02
BG_FUNC: a=9.82e-05 V=2.11e-01 factor_V=2.45e+58 factor_rho=5.62e-56 rho_eV2=5.46e+57 rho_final=3.07e+02
RIDDER SWITCHING: z_osc = 5812.29, a_osc = 1.720196e-04
DEBUG: Ridder field ENABLED. Lambda = 1.996844e+00
DEBUG: Ridder field ENABLED. Lambda = 1.996844e+00
BG_FUNC: a=1.94e-13 V=1.54e+00 factor_V=2.45e+58 factor_rho=5.62e-56 rho_eV2=3.78e+58 rho_final=2.12e+03
BG_FUNC: a=7.70e-12 V=1.54e+00 factor_V=2.45e+58 factor_rho=5.62e-56 rho_eV2=3.78e+58 rho_final=2.12e+03
BG_FUNC: a=3.05e-10 V=1.54e+00 factor_V=2.45e+58 factor_rho=5.62e-56 rho_eV2=3.78e+58 rho_final=2.12e+03
BG_FUNC: a=1.21e-08 V=1.54e+00 factor_V=2.45e+58 factor_rho=5.62e-56 rho_eV2=3.78e+58 rho_final=2.12e+03
BG_FUNC: a=4.80e-07 V=1.54e+00 factor_V=2.45e+58 factor_rho=5.62e-56 rho_eV2=3.78e+58 rho_final=2.12e+03
BG_FUNC: a=1.90e-05 V=1.54e+00 factor_V=2.45e+58 factor_[mcmc] Progress @ 2025-11-30 23:32:00 : 8418 steps taken, and 1384 accepted.
[mcmc] Progress @ 2025-11-30 23:33:01 : 8439 steps taken, and 1385 accepted.
[mcmc] Progress @ 2025-11-30 23:34:02 : 8462 steps taken, and 1390 accepted.
[mcmc] Progress @ 2025-11-30 23:35:02 : 8483 steps taken, and 1395 accepted.
rho=5.62e-56 rho_eV2=3.77e+58 rho_final=2.12e+03
RIDDER SWITCHING: z_osc = 9697.16, a_osc = 1.031124e-04
DEBUG: Ridder field ENABLED. Lambda = 1.259398e+00
DEBUG: Ridder field ENABLED. Lambda = 1.259398e+00
BG_FUNC: a=6.46e-14 V=2.44e-01 factor_V=2.45e+58 factor_rho=5.62e-56 rho_eV2=5.98e+57 rho_final=3.36e+02
BG_FUNC: a=2.48e-12 V=2.44e-01 factor_V=2.45e+58 factor_rho=5.62e-56 rho_eV2=5.98e+57 rho_final=3.36e+02
BG_FUNC: a=9.83e-11 V=2.44e-01 factor_V=2.45e+58 factor_rho=5.62e-56 rho_eV2=5.98e+57 rho_final=3.36e+02
BG_FUNC: a=3.90e-09 V=2.44e-01 factor_V=2.45e+58 factor_rho=5.62e-56 rho_eV2=5.98e+57 rho_final=3.36e+02
BG_FUNC: a=1.54e-07 V=2.44e-01 factor_V=2.45e+58 factor_rho=5.62e-56 rho_eV2=5.98e+57 rho_final=3.36e+02
BG_FUNC: a=6.12e-06 V=2.44e-01 factor_V=2.45e+58 factor_rho=5.62e-56 rho_eV2=5.98e+57 rho_final=3.36e+02
RIDDER SWITCHING: z_osc = 5833.79, a_osc = 1.713857e-04
DEBUG: Ridder field ENABLED. Lambda = 1.606179e+00
DEBUG: Ridder field ENABLED. Lambda = 1.606179e+00
BG_FUNC: a=1.29e-14 V=6.47e-01 factor_V=2.45e+58 factor_rho=5.62e-56 rho_eV2=1.58e+58 rho_final=8.89e+02
BG_FUNC: a=4.79e-13 V=6.47e-01 factor_V=2.45e+58 factor_rho=5.62e-56 rho_eV2=1.58e+58 rho_final=8.89e+02
BG_FUNC: a=1.90e-11 V=6.47e-01 factor_V=2.45e+58 factor_rho=5.62e-56 rho_eV2=1.58e+58 rho_final=8.89e+02
BG_FUNC: a=7.55e-10 V=6.47e-01 factor_V=2.45e+58 factor_rho=5.62e-56 rho_eV2=1.58e+58 rho_final=8.89e+02
BG_FUNC: a=3.00e-08 V=6.47e-01 factor_V=2.45e+58 factor_rho=5.62e-56 rho_eV2=1.58e+58 rho_final=8.89e+02
BG_FUNC: a=1.19e-06 V=6.47e-01 factor_V=2.45e+58 factor_rho=5.62e-56 rho_eV2=1.58e+58 rho_final=8.89e+02
BG_FUNC: a=4.71e-05 V=6.32e-01 factor_V=2.45e+58 factor_rho=5.62e-56 rho_eV2=1.56e+58 rho_final=8.77e+02
RIDDER SWITCHING: z_osc = 7612.08, a_osc = 1.313529e-04
DEBUG: Ridder field ENABLED. Lambda = 1.243254e+00
DEBUG: Ridder field ENABLED. Lambda = 1.243254e+00
BG_FUNC: a=1.22e-13 V=2.32e-01 factor_V=2.45e+58 factor_rho=5.62e-56 rho_eV2=5.67e+57 rho_final=3.19e+02
BG_FUNC: a=4.85e-12 V=2.32e-01 factor_V=2.45e+58 factor_rho=5.62e-56 rho_eV2=5.67e+57 rho_final=3.19e+02
BG_FUNC: a=1.92e-10 V=2.32e-01 factor_V=2.45e+58 factor_rho=5.62e-56 rho_eV2=5.67e+57 rho_final=3.19e+02
BG_FUNC: a=7.62e-09 V=2.32e-01 factor_V=2.45e+58 factor_rho=5.62e-56 rho_eV2=5.67e+57 rho_final=3.19e+02
BG_FUNC: a=3.04e-07 V=2.32e-01 factor_V=2.45e+58 factor_rho=5.62e-56 rho_eV2=5.67e+57 rho_final=3.19e+02
BG_FUNC: a=1.20e-05 V=2.32e-01 factor_V=2.45e+58 factor_rho=5.62e-56 rho_eV2=5.67e+57 rho_final=3.19e+02
RIDDER SWITCHING: z_osc = 5741.73, a_osc = 1.741332e-04
DEBUG: Ridder field ENABLED. Lambda = 1.215552e+00
DEBUG: Ridder field ENABLED. Lambda = 1.215552e+00
BG_FUNC: a=2.45e-14 V=2.12e-01 factor_V=2.45e+58 factor_rho=5.62e-56 rho_eV2=5.19e+57 rho_final=2.92e+02
BG_FUNC: a=9.23e-13 V=2.12e-01 factor_V=2.45e+58 factor_rho=5.62e-56 rho_eV2=5.19e+57 rho_final=2.92e+02
BG_FUNC: a=3.67e-11 V=2.12e-01 factor_V=2.45e+58 factor_rho=5.62e-56 rho_eV2=5.19e+57 rho_final=2.92e+02
BG_FUNC: a=1.46e-09 V=2.12e-01 factor_V=2.45e+58 factor_rho=5.62e-56 rho_eV2=5.19e+57 rho_final=2.92e+02
BG_FUNC: a=5.78e-08 V=2.12e-01 factor_V=2.45e+58 factor_rho=5.62e-56 rho_eV2=5.19e+57 rho_final=2.92e+02
BG_FUNC: a=2.30e-06 V=2.12e-01 factor_V=2.45e+58 factor_rho=5.62e-56 rho_eV2=5.19e+57 rho_final=2.92e+02
BG_FUNC: a=9.05e-05 V=1.94e-01 factor_V=2.45e+58 factor_rho=5.62e-56 rho_eV2=4.91e+57 rho_final=2.76e+02
RIDDER SWITCHING: z_osc = 5589.57, a_osc = 1.788727e-04
DEBUG: Ridder field ENABLED. Lambda = 1.258158e+00
DEBUG: Ridder field ENABLED. Lambda = 1.258158e+00
BG_FUNC: a=1.73e-13 V=2.43e-01 factor_V=2.45e+58 factor_rho=5.62e-56 rho_eV2=5.95e+57 rho_final=3.35e+02
BG_FUNC: a=6.98e-12 V=2.43e-01 factor_V=2.45e+58 factor_rho=5.62e-56 rho_eV2=5.95e+57 rho_final=3.35e+02
BG_FUNC: a=2.76e-10 V=2.43e-01 factor_V=2.45e+58 factor_rho=5.62e-56 rho_eV2=5.95e+57 rho_final=3.35e+02
BG_FUNC: a=1.10e-08 V=2.43e-01 factor_V=2.45e+58 factor_rho=5.62e-56 rho_eV2=5.95e+57 rho_final=3.35e+02
BG_FUNC: a=4.41e-07 V=2.43e-01 factor_V=2.45e+58 factor_rho=5.62e-56 rho_eV2=5.95e+57 rho_final=3.35e+02
BG[mcmc] Progress @ 2025-11-30 23:36:40 : 8503 steps taken, and 1397 accepted.
[mcmc] Progress @ 2025-11-30 23:38:16 : 8520 steps taken, and 1401 accepted.
_FUNC: a=1.76e-05 V=2.43e-01 factor_V=2.45e+58 factor_rho=5.62e-56 rho_eV2=5.95e+57 rho_final=3.35e+02
RIDDER SWITCHING: z_osc = 5812.29, a_osc = 1.720196e-04
DEBUG: Ridder field ENABLED. Lambda = 1.307994e+00
DEBUG: Ridder field ENABLED. Lambda = 1.307994e+00
BG_FUNC: a=3.65e-14 V=2.84e-01 factor_V=2.45e+58 factor_rho=5.62e-56 rho_eV2=6.95e+57 rho_final=3.91e+02
BG_FUNC: a=1.40e-12 V=2.84e-01 factor_V=2.45e+58 factor_rho=5.62e-56 rho_eV2=6.95e+57 rho_final=3.91e+02
BG_FUNC: a=5.51e-11 V=2.84e-01 factor_V=2.45e+58 factor_rho=5.62e-56 rho_eV2=6.95e+57 rho_final=3.91e+02
BG_FUNC: a=2.19e-09 V=2.84e-01 factor_V=2.45e+58 factor_rho=5.62e-56 rho_eV2=6.95e+57 rho_final=3.91e+02
BG_FUNC: a=8.67e-08 V=2.84e-01 factor_V=2.45e+58 factor_rho=5.62e-56 rho_eV2=6.95e+57 rho_final=3.91e+02
BG_FUNC: a=3.44e-06 V=2.84e-01 factor_V=2.45e+58 factor_rho=5.62e-56 rho_eV2=6.95e+57 rho_final=3.91e+02
BG_FUNC: a=1.34e-04 V=1.71e-01 factor_V=2.45e+58 factor_rho=5.62e-56 rho_eV2=5.10e+57 rho_final=2.87e+02
RIDDER SWITCHING: z_osc = 6076.26, a_osc = 1.645478e-04
DEBUG: Ridder field ENABLED. Lambda = 1.281287e+00
DEBUG: Ridder field ENABLED. Lambda = 1.281287e+00
BG_FUNC: a=2.82e-13 V=2.62e-01 factor_V=2.45e+58 factor_rho=5.62e-56 rho_eV2=6.40e+57 rho_final=3.60e+02
BG_FUNC: a=1.13e-11 V=2.62e-01 factor_V=2.45e+58 factor_rho=5.62e-56 rho_eV2=6.40e+57 rho_final=3.60e+02
BG_FUNC: a=4.54e-10 V=2.62e-01 factor_V=2.45e+58 factor_rho=5.62e-56 rho_eV2=6.40e+57 rho_final=3.60e+02
BG_FUNC: a=1.82e-08 V=2.62e-01 factor_V=2.45e+58 factor_rho=5.62e-56 rho_eV2=6.40e+57 rho_final=3.60e+02
BG_FUNC: a=7.31e-07 V=2.62e-01 factor_V=2.45e+58 factor_rho=5.62e-56 rho_eV2=6.40e+57 rho_final=3.60e+02
BG_FUNC: a=2.93e-05 V=2.61e-01 factor_V=2.45e+58 factor_rho=5.62e-56 rho_eV2=6.40e+57 rho_final=3.60e+02
RIDDER SWITCHING: z_osc = 5955.56, a_osc = 1.678820e-04
DEBUG: Ridder field ENABLED. Lambda = 1.555281e+00
DEBUG: Ridder field ENABLED. Lambda = 1.555281e+00
BG_FUNC: a=6.17e-14 V=5.68e-01 factor_V=2.45e+58 factor_rho=5.62e-56 rho_eV2=1.39e+58 rho_final=7.81e+02
BG_FUNC: a=2.36e-12 V=5.68e-01 factor_V=2.45e+58 factor_rho=5.62e-56 rho_eV2=1.39e+58 rho_final=7.81e+02
BG_FUNC: a=9.37e-11 V=5.68e-01 factor_V=2.45e+58 factor_rho=5.62e-56 rho_eV2=1.39e+58 rho_final=7.81e+02
BG_FUNC: a=3.72e-09 V=5.68e-01 factor_V=2.45e+58 factor_rho=5.62e-56 rho_eV2=1.39e+58 rho_final=7.81e+02
BG_FUNC: a=1.48e-07 V=5.68e-01 factor_V=2.45e+58 factor_rho=5.62e-56 rho_eV2=1.39e+58 rho_final=7.81e+02
BG_FUNC: a=5.86e-06 V=5.68e-01 factor_V=2.45e+58 factor_rho=5.62e-56 rho_eV2=1.39e+58 rho_final=7.81e+02
RIDDER SWITCHING: z_osc = 7365.93, a_osc = 1.357417e-04
DEBUG: Ridder field ENABLED. Lambda = 7.434134e-01
DEBUG: Ridder field ENABLED. Lambda = 7.434134e-01
BG_FUNC: a=1.56e-14 V=2.97e-02 factor_V=2.45e+58 factor_rho=5.62e-56 rho_eV2=7.26e+56 rho_final=4.08e+01
BG_FUNC: a=5.82e-13 V=2.97e-02 factor_V=2.45e+58 factor_rho=5.62e-56 rho_eV2=7.26e+56 rho_final=4.08e+01
BG_FUNC: a=2.33e-11 V=2.97e-02 factor_V=2.45e+58 factor_rho=5.62e-56 rho_eV2=7.26e+56 rho_final=4.08e+01
BG_FUNC: a=9.17e-10 V=2.97e-02 factor_V=2.45e+58 factor_rho=5.62e-56 rho_eV2=7.26e+56 rho_final=4.08e+01
BG_FUNC: a=3.64e-08 V=2.97e-02 factor_V=2.45e+58 factor_rho=5.62e-56 rho_eV2=7.26e+56 rho_final=4.08e+01
BG_FUNC: a=1.44e-06 V=2.97e-02 factor_V=2.45e+58 factor_rho=5.62e-56 rho_eV2=7.26e+56 rho_final=4.08e+01
BG_FUNC: a=5.71e-05 V=2.96e-02 factor_V=2.45e+58 factor_rho=5.62e-56 rho_eV2=7.25e+56 rho_final=4.07e+01
RIDDER SWITCHING: z_osc = 3181.25, a_osc = 3.142434e-04
DEBUG: Ridder field ENABLED. Lambda = 1.201369e+00
DEBUG: Ridder field ENABLED. Lambda = 1.201369e+00
BG_FUNC: a=6.48e-14 V=2.02e-01 factor_V=2.45e+58 factor_rho=5.62e-56 rho_eV2=4.95e+57 rho_final=2.78e+02
BG_FUNC: a=2.46e-12 V=2.02e-01 factor_V=2.45e+58 factor_rho=5.62e-56 rho_eV2=4.95e+57 rho_final=2.78e+02
BG_FUNC: a=9.64e-11 V=2.02e-01 factor_V=2.45e+58 factor_rho=5.62e-56 rho_eV2=4.95e+57 rho_final=2.78e+02
BG_FUNC: a=3.78e-09 V=2.02e-01 factor_V=2.45e+58 factor_rho=5.62e-56 rho_eV2=4.95e+57 rho_final=2.78e+02
BG_FUNC: a=1.48e-07 V=2.02e-01 factor_V=2.45e+58 fact[mcmc] Progress @ 2025-11-30 23:39:49 : 8543 steps taken, and 1406 accepted.
[mcmc] Progress @ 2025-11-30 23:41:27 : 8560 steps taken, and 1409 accepted.
[mcmc] Progress @ 2025-11-30 23:42:27 : 8585 steps taken, and 1414 accepted.
[mcmc] Progress @ 2025-11-30 23:43:28 : 8598 steps taken, and 1415 accepted.
or_rho=5.62e-56 rho_eV2=4.95e+57 rho_final=2.78e+02
BG_FUNC: a=5.77e-06 V=2.02e-01 factor_V=2.45e+58 factor_rho=5.62e-56 rho_eV2=4.95e+57 rho_final=2.78e+02
RIDDER SWITCHING: z_osc = 5536.89, a_osc = 1.805743e-04
DEBUG: Ridder field ENABLED. Lambda = 1.215361e+00
DEBUG: Ridder field ENABLED. Lambda = 1.215361e+00
BG_FUNC: a=1.13e-14 V=2.12e-01 factor_V=2.45e+58 factor_rho=5.62e-56 rho_eV2=5.18e+57 rho_final=2.91e+02
BG_FUNC: a=4.20e-13 V=2.12e-01 factor_V=2.45e+58 factor_rho=5.62e-56 rho_eV2=5.18e+57 rho_final=2.91e+02
BG_FUNC: a=1.66e-11 V=2.12e-01 factor_V=2.45e+58 factor_rho=5.62e-56 rho_eV2=5.18e+57 rho_final=2.91e+02
BG_FUNC: a=6.60e-10 V=2.12e-01 factor_V=2.45e+58 factor_rho=5.62e-56 rho_eV2=5.18e+57 rho_final=2.91e+02
BG_FUNC: a=2.61e-08 V=2.12e-01 factor_V=2.45e+58 factor_rho=5.62e-56 rho_eV2=5.18e+57 rho_final=2.91e+02
BG_FUNC: a=1.04e-06 V=2.12e-01 factor_V=2.45e+58 factor_rho=5.62e-56 rho_eV2=5.18e+57 rho_final=2.91e+02
BG_FUNC: a=4.09e-05 V=2.11e-01 factor_V=2.45e+58 factor_rho=5.62e-56 rho_eV2=5.17e+57 rho_final=2.91e+02
RIDDER SWITCHING: z_osc = 5583.19, a_osc = 1.790771e-04
DEBUG: Ridder field ENABLED. Lambda = 1.145015e+00
DEBUG: Ridder field ENABLED. Lambda = 1.145015e+00
BG_FUNC: a=7.99e-14 V=1.67e-01 factor_V=2.45e+58 factor_rho=5.62e-56 rho_eV2=4.08e+57 rho_final=2.30e+02
BG_FUNC: a=3.08e-12 V=1.67e-01 factor_V=2.45e+58 factor_rho=5.62e-56 rho_eV2=4.08e+57 rho_final=2.30e+02
BG_FUNC: a=1.22e-10 V=1.67e-01 factor_V=2.45e+58 factor_rho=5.62e-56 rho_eV2=4.08e+57 rho_final=2.30e+02
BG_FUNC: a=4.90e-09 V=1.67e-01 factor_V=2.45e+58 factor_rho=5.62e-56 rho_eV2=4.08e+57 rho_final=2.30e+02
BG_FUNC: a=1.93e-07 V=1.67e-01 factor_V=2.45e+58 factor_rho=5.62e-56 rho_eV2=4.08e+57 rho_final=2.30e+02
BG_FUNC: a=7.66e-06 V=1.67e-01 factor_V=2.45e+58 factor_rho=5.62e-56 rho_eV2=4.08e+57 rho_final=2.30e+02
RIDDER SWITCHING: z_osc = 5197.77, a_osc = 1.923533e-04
DEBUG: Ridder field ENABLED. Lambda = 1.327958e+00
DEBUG: Ridder field ENABLED. Lambda = 1.327958e+00
BG_FUNC: a=1.43e-14 V=3.02e-01 factor_V=2.45e+58 factor_rho=5.62e-56 rho_eV2=7.39e+57 rho_final=4.15e+02
BG_FUNC: a=5.35e-13 V=3.02e-01 factor_V=2.45e+58 factor_rho=5.62e-56 rho_eV2=7.39e+57 rho_final=4.15e+02
BG_FUNC: a=2.12e-11 V=3.02e-01 factor_V=2.45e+58 factor_rho=5.62e-56 rho_eV2=7.39e+57 rho_final=4.15e+02
BG_FUNC: a=8.43e-10 V=3.02e-01 factor_V=2.45e+58 factor_rho=5.62e-56 rho_eV2=7.39e+57 rho_final=4.15e+02
BG_FUNC: a=3.35e-08 V=3.02e-01 factor_V=2.45e+58 factor_rho=5.62e-56 rho_eV2=7.39e+57 rho_final=4.15e+02
BG_FUNC: a=1.33e-06 V=3.02e-01 factor_V=2.45e+58 factor_rho=5.62e-56 rho_eV2=7.39e+57 rho_final=4.15e+02
BG_FUNC: a=5.24e-05 V=2.97e-01 factor_V=2.45e+58 factor_rho=5.62e-56 rho_eV2=7.32e+57 rho_final=4.11e+02
RIDDER SWITCHING: z_osc = 6186.06, a_osc = 1.616276e-04
DEBUG: Ridder field ENABLED. Lambda = 1.700107e+00
DEBUG: Ridder field ENABLED. Lambda = 1.700107e+00
BG_FUNC: a=1.11e-13 V=8.12e-01 factor_V=2.45e+58 factor_rho=5.62e-56 rho_eV2=1.98e+58 rho_final=1.12e+03
BG_FUNC: a=4.38e-12 V=8.12e-01 factor_V=2.45e+58 factor_rho=5.62e-56 rho_eV2=1.98e+58 rho_final=1.12e+03
BG_FUNC: a=1.75e-10 V=8.12e-01 factor_V=2.45e+58 factor_rho=5.62e-56 rho_eV2=1.98e+58 rho_final=1.12e+03
BG_FUNC: a=6.88e-09 V=8.12e-01 factor_V=2.45e+58 factor_rho=5.62e-56 rho_eV2=1.98e+58 rho_final=1.12e+03
BG_FUNC: a=2.73e-07 V=8.12e-01 factor_V=2.45e+58 factor_rho=5.62e-56 rho_eV2=1.98e+58 rho_final=1.12e+03
BG_FUNC: a=1.08e-05 V=8.11e-01 factor_V=2.45e+58 factor_rho=5.62e-56 rho_eV2=1.98e+58 rho_final=1.12e+03
RIDDER SWITCHING: z_osc = 8136.70, a_osc = 1.228849e-04
DEBUG: Ridder field ENABLED. Lambda = 1.583556e+00
DEBUG: Ridder field ENABLED. Lambda = 1.583556e+00
BG_FUNC: a=3.15e-14 V=6.11e-01 factor_V=2.45e+58 factor_rho=5.62e-56 rho_eV2=1.49e+58 rho_final=8.40e+02
BG_FUNC: a=1.18e-12 V=6.11e-01 factor_V=2.45e+58 factor_rho=5.62e-56 rho_eV2=1.49e+58 rho_final=8.40e+02
BG_FUNC: a=4.69e-11 V=6.11e-01 factor_V=2.45e+58 factor_rho=5.62e-56 rho_eV2=1.49e+58 rho_final=8.40e+02
BG_FUNC: a=1.86e-09 V=6.11e-01 factor_V=2.45e+58 factor_rho=5.62e-56 rho_eV2=1.49e+58 rho_final=8.40e+02[mcmc] Progress @ 2025-11-30 23:44:28 : 8619 steps taken, and 1420 accepted.
[mcmc] Progress @ 2025-11-30 23:45:52 : 8625 steps taken, and 1422 accepted.
[mcmc] Progress @ 2025-11-30 23:47:30 : 8654 steps taken, and 1428 accepted.

BG_FUNC: a=7.40e-08 V=6.11e-01 factor_V=2.45e+58 factor_rho=5.62e-56 rho_eV2=1.49e+58 rho_final=8.40e+02
BG_FUNC: a=2.94e-06 V=6.11e-01 factor_V=2.45e+58 factor_rho=5.62e-56 rho_eV2=1.49e+58 rho_final=8.40e+02
BG_FUNC: a=1.14e-04 V=3.38e-01 factor_V=2.45e+58 factor_rho=5.62e-56 rho_eV2=1.04e+58 rho_final=5.87e+02
RIDDER SWITCHING: z_osc = 7498.39, a_osc = 1.333442e-04
DEBUG: Ridder field ENABLED. Lambda = 1.320773e+00
DEBUG: Ridder field ENABLED. Lambda = 1.320773e+00
BG_FUNC: a=2.96e-13 V=2.96e-01 factor_V=2.45e+58 factor_rho=5.62e-56 rho_eV2=7.23e+57 rho_final=4.06e+02
BG_FUNC: a=1.18e-11 V=2.96e-01 factor_V=2.45e+58 factor_rho=5.62e-56 rho_eV2=7.23e+57 rho_final=4.06e+02
BG_FUNC: a=4.67e-10 V=2.96e-01 factor_V=2.45e+58 factor_rho=5.62e-56 rho_eV2=7.23e+57 rho_final=4.06e+02
BG_FUNC: a=1.85e-08 V=2.96e-01 factor_V=2.45e+58 factor_rho=5.62e-56 rho_eV2=7.23e+57 rho_final=4.06e+02
BG_FUNC: a=7.36e-07 V=2.96e-01 factor_V=2.45e+58 factor_rho=5.62e-56 rho_eV2=7.23e+57 rho_final=4.06e+02
BG_FUNC: a=2.92e-05 V=2.95e-01 factor_V=2.45e+58 factor_rho=5.62e-56 rho_eV2=7.22e+57 rho_final=4.06e+02
RIDDER SWITCHING: z_osc = 6155.49, a_osc = 1.624302e-04
DEBUG: Ridder field ENABLED. Lambda = 1.258158e+00
DEBUG: Ridder field ENABLED. Lambda = 1.258158e+00
BG_FUNC: a=6.31e-14 V=2.43e-01 factor_V=2.45e+58 factor_rho=5.62e-56 rho_eV2=5.95e+57 rho_final=3.35e+02
BG_FUNC: a=2.42e-12 V=2.43e-01 factor_V=2.45e+58 factor_rho=5.62e-56 rho_eV2=5.95e+57 rho_final=3.35e+02
BG_FUNC: a=9.60e-11 V=2.43e-01 factor_V=2.45e+58 factor_rho=5.62e-56 rho_eV2=5.95e+57 rho_final=3.35e+02
BG_FUNC: a=3.84e-09 V=2.43e-01 factor_V=2.45e+58 factor_rho=5.62e-56 rho_eV2=5.95e+57 rho_final=3.35e+02
BG_FUNC: a=1.51e-07 V=2.43e-01 factor_V=2.45e+58 factor_rho=5.62e-56 rho_eV2=5.95e+57 rho_final=3.35e+02
BG_FUNC: a=5.98e-06 V=2.43e-01 factor_V=2.45e+58 factor_rho=5.62e-56 rho_eV2=5.95e+57 rho_final=3.35e+02
RIDDER SWITCHING: z_osc = 5840.96, a_osc = 1.711755e-04
DEBUG: Ridder field ENABLED. Lambda = 1.363210e+00
DEBUG: Ridder field ENABLED. Lambda = 1.363210e+00
BG_FUNC: a=1.27e-14 V=3.35e-01 factor_V=2.45e+58 factor_rho=5.62e-56 rho_eV2=8.20e+57 rho_final=4.61e+02
BG_FUNC: a=4.72e-13 V=3.35e-01 factor_V=2.45e+58 factor_rho=5.62e-56 rho_eV2=8.20e+57 rho_final=4.61e+02
BG_FUNC: a=1.91e-11 V=3.35e-01 factor_V=2.45e+58 factor_rho=5.62e-56 rho_eV2=8.20e+57 rho_final=4.61e+02
BG_FUNC: a=7.56e-10 V=3.35e-01 factor_V=2.45e+58 factor_rho=5.62e-56 rho_eV2=8.20e+57 rho_final=4.61e+02
BG_FUNC: a=3.03e-08 V=3.35e-01 factor_V=2.45e+58 factor_rho=5.62e-56 rho_eV2=8.20e+57 rho_final=4.61e+02
BG_FUNC: a=1.21e-06 V=3.35e-01 factor_V=2.45e+58 factor_rho=5.62e-56 rho_eV2=8.20e+57 rho_final=4.61e+02
BG_FUNC: a=4.84e-05 V=3.31e-01 factor_V=2.45e+58 factor_rho=5.62e-56 rho_eV2=8.14e+57 rho_final=4.58e+02
RIDDER SWITCHING: z_osc = 6402.30, a_osc = 1.561694e-04
DEBUG: Ridder field ENABLED. Lambda = 1.309161e+00
DEBUG: Ridder field ENABLED. Lambda = 1.309161e+00
BG_FUNC: a=1.05e-13 V=2.85e-01 factor_V=2.45e+58 factor_rho=5.62e-56 rho_eV2=6.98e+57 rho_final=3.92e+02
BG_FUNC: a=4.17e-12 V=2.85e-01 factor_V=2.45e+58 factor_rho=5.62e-56 rho_eV2=6.98e+57 rho_final=3.92e+02
BG_FUNC: a=1.66e-10 V=2.85e-01 factor_V=2.45e+58 factor_rho=5.62e-56 rho_eV2=6.98e+57 rho_final=3.92e+02
BG_FUNC: a=6.57e-09 V=2.85e-01 factor_V=2.45e+58 factor_rho=5.62e-56 rho_eV2=6.98e+57 rho_final=3.92e+02
BG_FUNC: a=2.61e-07 V=2.85e-01 factor_V=2.45e+58 factor_rho=5.62e-56 rho_eV2=6.98e+57 rho_final=3.92e+02
BG_FUNC: a=1.03e-05 V=2.85e-01 factor_V=2.45e+58 factor_rho=5.62e-56 rho_eV2=6.98e+57 rho_final=3.92e+02
RIDDER SWITCHING: z_osc = 6085.38, a_osc = 1.643014e-04
DEBUG: Ridder field ENABLED. Lambda = 1.164343e+00
DEBUG: Ridder field ENABLED. Lambda = 1.164343e+00
BG_FUNC: a=2.25e-14 V=1.79e-01 factor_V=2.45e+58 factor_rho=5.62e-56 rho_eV2=4.37e+57 rho_final=2.45e+02
BG_FUNC: a=8.47e-13 V=1.79e-01 factor_V=2.45e+58 factor_rho=5.62e-56 rho_eV2=4.37e+57 rho_final=2.45e+02
BG_FUNC: a=3.36e-11 V=1.79e-01 factor_V=2.45e+58 factor_rho=5.62e-56 rho_eV2=4.37e+57 rho_final=2.45e+02
BG_FUNC: a=1.34e-09 V=1.79e-01 factor_V=2.45e+58 f[mcmc] Progress @ 2025-11-30 23:48:53 : 8659 steps taken, and 1428 accepted.
[mcmc] Progress @ 2025-11-30 23:50:35 : 8676 steps taken, and 1430 accepted.
[mcmc] Progress @ 2025-11-30 23:52:12 : 8730 steps taken, and 1439 accepted.
actor_rho=5.62e-56 rho_eV2=4.37e+57 rho_final=2.45e+02
BG_FUNC: a=5.35e-08 V=1.79e-01 factor_V=2.45e+58 factor_rho=5.62e-56 rho_eV2=4.37e+57 rho_final=2.45e+02
BG_FUNC: a=2.11e-06 V=1.79e-01 factor_V=2.45e+58 factor_rho=5.62e-56 rho_eV2=4.37e+57 rho_final=2.45e+02
BG_FUNC: a=8.32e-05 V=1.69e-01 factor_V=2.45e+58 factor_rho=5.62e-56 rho_eV2=4.22e+57 rho_final=2.37e+02
RIDDER SWITCHING: z_osc = 5342.82, a_osc = 1.871320e-04
DEBUG: Ridder field ENABLED. Lambda = 1.161836e+00
DEBUG: Ridder field ENABLED. Lambda = 1.161836e+00
BG_FUNC: a=1.52e-13 V=1.77e-01 factor_V=2.45e+58 factor_rho=5.62e-56 rho_eV2=4.33e+57 rho_final=2.43e+02
BG_FUNC: a=6.06e-12 V=1.77e-01 factor_V=2.45e+58 factor_rho=5.62e-56 rho_eV2=4.33e+57 rho_final=2.43e+02
BG_FUNC: a=2.41e-10 V=1.77e-01 factor_V=2.45e+58 factor_rho=5.62e-56 rho_eV2=4.33e+57 rho_final=2.43e+02
BG_FUNC: a=9.62e-09 V=1.77e-01 factor_V=2.45e+58 factor_rho=5.62e-56 rho_eV2=4.33e+57 rho_final=2.43e+02
BG_FUNC: a=3.83e-07 V=1.77e-01 factor_V=2.45e+58 factor_rho=5.62e-56 rho_eV2=4.33e+57 rho_final=2.43e+02
BG_FUNC: a=1.53e-05 V=1.77e-01 factor_V=2.45e+58 factor_rho=5.62e-56 rho_eV2=4.33e+57 rho_final=2.43e+02
RIDDER SWITCHING: z_osc = 5307.29, a_osc = 1.883847e-04
DEBUG: Ridder field ENABLED. Lambda = 1.309161e+00
DEBUG: Ridder field ENABLED. Lambda = 1.309161e+00
BG_FUNC: a=2.91e-14 V=2.85e-01 factor_V=2.45e+58 factor_rho=5.62e-56 rho_eV2=6.98e+57 rho_final=3.92e+02
BG_FUNC: a=1.10e-12 V=2.85e-01 factor_V=2.45e+58 factor_rho=5.62e-56 rho_eV2=6.98e+57 rho_final=3.92e+02
BG_FUNC: a=4.42e-11 V=2.85e-01 factor_V=2.45e+58 factor_rho=5.62e-56 rho_eV2=6.98e+57 rho_final=3.92e+02
BG_FUNC: a=1.76e-09 V=2.85e-01 factor_V=2.45e+58 factor_rho=5.62e-56 rho_eV2=6.98e+57 rho_final=3.92e+02
BG_FUNC: a=7.05e-08 V=2.85e-01 factor_V=2.45e+58 factor_rho=5.62e-56 rho_eV2=6.98e+57 rho_final=3.92e+02
BG_FUNC: a=2.82e-06 V=2.85e-01 factor_V=2.45e+58 factor_rho=5.62e-56 rho_eV2=6.98e+57 rho_final=3.92e+02
BG_FUNC: a=1.11e-04 V=2.20e-01 factor_V=2.45e+58 factor_rho=5.62e-56 rho_eV2=5.95e+57 rho_final=3.35e+02
RIDDER SWITCHING: z_osc = 6087.25, a_osc = 1.642507e-04
DEBUG: Ridder field ENABLED. Lambda = 1.411810e+00
DEBUG: Ridder field ENABLED. Lambda = 1.411810e+00
BG_FUNC: a=2.32e-13 V=3.86e-01 factor_V=2.45e+58 factor_rho=5.62e-56 rho_eV2=9.44e+57 rho_final=5.31e+02
BG_FUNC: a=9.20e-12 V=3.86e-01 factor_V=2.45e+58 factor_rho=5.62e-56 rho_eV2=9.44e+57 rho_final=5.31e+02
BG_FUNC: a=3.68e-10 V=3.86e-01 factor_V=2.45e+58 factor_rho=5.62e-56 rho_eV2=9.44e+57 rho_final=5.31e+02
BG_FUNC: a=1.44e-08 V=3.86e-01 factor_V=2.45e+58 factor_rho=5.62e-56 rho_eV2=9.44e+57 rho_final=5.31e+02
BG_FUNC: a=5.73e-07 V=3.86e-01 factor_V=2.45e+58 factor_rho=5.62e-56 rho_eV2=9.44e+57 rho_final=5.31e+02
BG_FUNC: a=2.27e-05 V=3.86e-01 factor_V=2.45e+58 factor_rho=5.62e-56 rho_eV2=9.43e+57 rho_final=5.30e+02
RIDDER SWITCHING: z_osc = 6623.32, a_osc = 1.509590e-04
DEBUG: Ridder field ENABLED. Lambda = 1.445021e+00
DEBUG: Ridder field ENABLED. Lambda = 1.445021e+00
BG_FUNC: a=5.35e-14 V=4.24e-01 factor_V=2.45e+58 factor_rho=5.62e-56 rho_eV2=1.04e+58 rho_final=5.82e+02
BG_FUNC: a=2.06e-12 V=4.24e-01 factor_V=2.45e+58 factor_rho=5.62e-56 rho_eV2=1.04e+58 rho_final=5.82e+02
BG_FUNC: a=8.09e-11 V=4.24e-01 factor_V=2.45e+58 factor_rho=5.62e-56 rho_eV2=1.04e+58 rho_final=5.82e+02
BG_FUNC: a=3.24e-09 V=4.24e-01 factor_V=2.45e+58 factor_rho=5.62e-56 rho_eV2=1.04e+58 rho_final=5.82e+02
BG_FUNC: a=1.27e-07 V=4.24e-01 factor_V=2.45e+58 factor_rho=5.62e-56 rho_eV2=1.04e+58 rho_final=5.82e+02
BG_FUNC: a=5.09e-06 V=4.24e-01 factor_V=2.45e+58 factor_rho=5.62e-56 rho_eV2=1.04e+58 rho_final=5.82e+02
RIDDER SWITCHING: z_osc = 6794.51, a_osc = 1.471561e-04
DEBUG: Ridder field ENABLED. Lambda = 1.260964e+00
DEBUG: Ridder field ENABLED. Lambda = 1.260964e+00
BG_FUNC: a=1.22e-14 V=2.46e-01 factor_V=2.45e+58 factor_rho=5.62e-56 rho_eV2=6.01e+57 rho_final=3.38e+02
BG_FUNC: a=4.52e-13 V=2.46e-01 factor_V=2.45e+58 factor_rho=5.62e-56 rho_eV2=6.01e+57 rho_final=3.38e+02
BG_FUNC: a=1.81e-11 V=2.46e-01 factor_V=2.45e+58 factor_rho=5.62e-56 rho_eV2=6.01e+57 rho_final=3.38e[mcmc] Progress @ 2025-11-30 23:53:47 : 8750 steps taken, and 1442 accepted.
[mcmc] Progress @ 2025-11-30 23:54:49 : 8781 steps taken, and 1445 accepted.
[mcmc] Progress @ 2025-11-30 23:56:25 : 8803 steps taken, and 1446 accepted.
+02
BG_FUNC: a=7.32e-10 V=2.46e-01 factor_V=2.45e+58 factor_rho=5.62e-56 rho_eV2=6.01e+57 rho_final=3.38e+02
BG_FUNC: a=2.91e-08 V=2.46e-01 factor_V=2.45e+58 factor_rho=5.62e-56 rho_eV2=6.01e+57 rho_final=3.38e+02
BG_FUNC: a=1.17e-06 V=2.46e-01 factor_V=2.45e+58 factor_rho=5.62e-56 rho_eV2=6.01e+57 rho_final=3.38e+02
BG_FUNC: a=4.66e-05 V=2.44e-01 factor_V=2.45e+58 factor_rho=5.62e-56 rho_eV2=5.98e+57 rho_final=3.36e+02
RIDDER SWITCHING: z_osc = 5809.96, a_osc = 1.720886e-04
DEBUG: Ridder field ENABLED. Lambda = 1.309161e+00
DEBUG: Ridder field ENABLED. Lambda = 1.309161e+00
BG_FUNC: a=9.24e-14 V=2.85e-01 factor_V=2.45e+58 factor_rho=5.62e-56 rho_eV2=6.98e+57 rho_final=3.92e+02
BG_FUNC: a=3.65e-12 V=2.85e-01 factor_V=2.45e+58 factor_rho=5.62e-56 rho_eV2=6.98e+57 rho_final=3.92e+02
BG_FUNC: a=1.45e-10 V=2.85e-01 factor_V=2.45e+58 factor_rho=5.62e-56 rho_eV2=6.98e+57 rho_final=3.92e+02
BG_FUNC: a=5.75e-09 V=2.85e-01 factor_V=2.45e+58 factor_rho=5.62e-56 rho_eV2=6.98e+57 rho_final=3.92e+02
BG_FUNC: a=2.28e-07 V=2.85e-01 factor_V=2.45e+58 factor_rho=5.62e-56 rho_eV2=6.98e+57 rho_final=3.92e+02
BG_FUNC: a=9.14e-06 V=2.85e-01 factor_V=2.45e+58 factor_rho=5.62e-56 rho_eV2=6.98e+57 rho_final=3.92e+02
RIDDER SWITCHING: z_osc = 6085.38, a_osc = 1.643014e-04
DEBUG: Ridder field ENABLED. Lambda = 1.245775e+00
DEBUG: Ridder field ENABLED. Lambda = 1.245775e+00
BG_FUNC: a=1.97e-14 V=2.34e-01 factor_V=2.45e+58 factor_rho=5.62e-56 rho_eV2=5.72e+57 rho_final=3.22e+02
BG_FUNC: a=7.44e-13 V=2.34e-01 factor_V=2.45e+58 factor_rho=5.62e-56 rho_eV2=5.72e+57 rho_final=3.22e+02
BG_FUNC: a=2.92e-11 V=2.34e-01 factor_V=2.45e+58 factor_rho=5.62e-56 rho_eV2=5.72e+57 rho_final=3.22e+02
BG_FUNC: a=1.16e-09 V=2.34e-01 factor_V=2.45e+58 factor_rho=5.62e-56 rho_eV2=5.72e+57 rho_final=3.22e+02
BG_FUNC: a=4.58e-08 V=2.34e-01 factor_V=2.45e+58 factor_rho=5.62e-56 rho_eV2=5.72e+57 rho_final=3.22e+02
BG_FUNC: a=1.81e-06 V=2.34e-01 factor_V=2.45e+58 factor_rho=5.62e-56 rho_eV2=5.72e+57 rho_final=3.22e+02
BG_FUNC: a=7.14e-05 V=2.25e-01 factor_V=2.45e+58 factor_rho=5.62e-56 rho_eV2=5.58e+57 rho_final=3.14e+02
RIDDER SWITCHING: z_osc = 5742.05, a_osc = 1.741235e-04
DEBUG: Ridder field ENABLED. Lambda = 1.626903e+00
DEBUG: Ridder field ENABLED. Lambda = 1.626903e+00
BG_FUNC: a=1.39e-13 V=6.81e-01 factor_V=2.45e+58 factor_rho=5.62e-56 rho_eV2=1.66e+58 rho_final=9.36e+02
BG_FUNC: a=5.54e-12 V=6.81e-01 factor_V=2.45e+58 factor_rho=5.62e-56 rho_eV2=1.66e+58 rho_final=9.36e+02
BG_FUNC: a=2.20e-10 V=6.81e-01 factor_V=2.45e+58 factor_rho=5.62e-56 rho_eV2=1.66e+58 rho_final=9.36e+02
BG_FUNC: a=8.73e-09 V=6.81e-01 factor_V=2.45e+58 factor_rho=5.62e-56 rho_eV2=1.66e+58 rho_final=9.36e+02
BG_FUNC: a=3.49e-07 V=6.81e-01 factor_V=2.45e+58 factor_rho=5.62e-56 rho_eV2=1.66e+58 rho_final=9.36e+02
BG_FUNC: a=1.38e-05 V=6.80e-01 factor_V=2.45e+58 factor_rho=5.62e-56 rho_eV2=1.66e+58 rho_final=9.35e+02
RIDDER SWITCHING: z_osc = 7748.96, a_osc = 1.290330e-04
DEBUG: Ridder field ENABLED. Lambda = 1.215891e+00
DEBUG: Ridder field ENABLED. Lambda = 1.215891e+00
BG_FUNC: a=3.77e-14 V=2.12e-01 factor_V=2.45e+58 factor_rho=5.62e-56 rho_eV2=5.19e+57 rho_final=2.92e+02
BG_FUNC: a=1.44e-12 V=2.12e-01 factor_V=2.45e+58 factor_rho=5.62e-56 rho_eV2=5.19e+57 rho_final=2.92e+02
BG_FUNC: a=5.74e-11 V=2.12e-01 factor_V=2.45e+58 factor_rho=5.62e-56 rho_eV2=5.19e+57 rho_final=2.92e+02
BG_FUNC: a=2.29e-09 V=2.12e-01 factor_V=2.45e+58 factor_rho=5.62e-56 rho_eV2=5.19e+57 rho_final=2.92e+02
BG_FUNC: a=9.11e-08 V=2.12e-01 factor_V=2.45e+58 factor_rho=5.62e-56 rho_eV2=5.19e+57 rho_final=2.92e+02
BG_FUNC: a=3.63e-06 V=2.12e-01 factor_V=2.45e+58 factor_rho=5.62e-56 rho_eV2=5.19e+57 rho_final=2.92e+02
BG_FUNC: a=1.41e-04 V=1.33e-01 factor_V=2.45e+58 factor_rho=5.62e-56 rho_eV2=3.91e+57 rho_final=2.20e+02
RIDDER SWITCHING: z_osc = 5590.73, a_osc = 1.788354e-04
DEBUG: Ridder field ENABLED. Lambda = 1.314935e+00
DEBUG: Ridder field ENABLED. Lambda = 1.314935e+00
BG_FUNC: a=2.73e-13 V=2.90e-01 factor_V=2.45e+58 factor_rho=5.62e-56 rho_eV2=7.10e+57 rho_final=3.99e+02
BG_FUNC: a=1.09e-11 V=2.90e-01 factor_V=2.45e+5[mcmc] Progress @ 2025-11-30 23:57:58 : 8822 steps taken, and 1449 accepted.
[mcmc] Progress @ 2025-11-30 23:59:30 : 8835 steps taken, and 1451 accepted.
[mcmc] Progress @ 2025-12-01 00:00:33 : 8853 steps taken, and 1453 accepted.
8 factor_rho=5.62e-56 rho_eV2=7.10e+57 rho_final=3.99e+02
BG_FUNC: a=4.31e-10 V=2.90e-01 factor_V=2.45e+58 factor_rho=5.62e-56 rho_eV2=7.10e+57 rho_final=3.99e+02
BG_FUNC: a=1.71e-08 V=2.90e-01 factor_V=2.45e+58 factor_rho=5.62e-56 rho_eV2=7.10e+57 rho_final=3.99e+02
BG_FUNC: a=6.79e-07 V=2.90e-01 factor_V=2.45e+58 factor_rho=5.62e-56 rho_eV2=7.10e+57 rho_final=3.99e+02
BG_FUNC: a=2.72e-05 V=2.90e-01 factor_V=2.45e+58 factor_rho=5.62e-56 rho_eV2=7.10e+57 rho_final=3.99e+02
RIDDER SWITCHING: z_osc = 6135.95, a_osc = 1.629475e-04
DEBUG: Ridder field ENABLED. Lambda = 1.805197e+00
DEBUG: Ridder field ENABLED. Lambda = 1.805197e+00
BG_FUNC: a=5.81e-14 V=1.03e+00 factor_V=2.45e+58 factor_rho=5.62e-56 rho_eV2=2.52e+58 rho_final=1.42e+03
BG_FUNC: a=2.20e-12 V=1.03e+00 factor_V=2.45e+58 factor_rho=5.62e-56 rho_eV2=2.52e+58 rho_final=1.42e+03
BG_FUNC: a=8.70e-11 V=1.03e+00 factor_V=2.45e+58 factor_rho=5.62e-56 rho_eV2=2.52e+58 rho_final=1.42e+03
BG_FUNC: a=3.38e-09 V=1.03e+00 factor_V=2.45e+58 factor_rho=5.62e-56 rho_eV2=2.52e+58 rho_final=1.42e+03
BG_FUNC: a=1.33e-07 V=1.03e+00 factor_V=2.45e+58 factor_rho=5.62e-56 rho_eV2=2.52e+58 rho_final=1.42e+03
BG_FUNC: a=5.17e-06 V=1.03e+00 factor_V=2.45e+58 factor_rho=5.62e-56 rho_eV2=2.52e+58 rho_final=1.42e+03
RIDDER SWITCHING: z_osc = 8673.37, a_osc = 1.152822e-04
DEBUG: Ridder field ENABLED. Lambda = 1.170024e+00
DEBUG: Ridder field ENABLED. Lambda = 1.170024e+00
BG_FUNC: a=1.58e-14 V=1.82e-01 factor_V=2.45e+58 factor_rho=5.62e-56 rho_eV2=4.45e+57 rho_final=2.50e+02
BG_FUNC: a=5.91e-13 V=1.82e-01 factor_V=2.45e+58 factor_rho=5.62e-56 rho_eV2=4.45e+57 rho_final=2.50e+02
BG_FUNC: a=2.35e-11 V=1.82e-01 factor_V=2.45e+58 factor_rho=5.62e-56 rho_eV2=4.45e+57 rho_final=2.50e+02
BG_FUNC: a=9.32e-10 V=1.82e-01 factor_V=2.45e+58 factor_rho=5.62e-56 rho_eV2=4.45e+57 rho_final=2.50e+02
BG_FUNC: a=3.70e-08 V=1.82e-01 factor_V=2.45e+58 factor_rho=5.62e-56 rho_eV2=4.45e+57 rho_final=2.50e+02
BG_FUNC: a=1.47e-06 V=1.82e-01 factor_V=2.45e+58 factor_rho=5.62e-56 rho_eV2=4.45e+57 rho_final=2.50e+02
BG_FUNC: a=5.81e-05 V=1.79e-01 factor_V=2.45e+58 factor_rho=5.62e-56 rho_eV2=4.41e+57 rho_final=2.48e+02
RIDDER SWITCHING: z_osc = 5323.87, a_osc = 1.877979e-04
DEBUG: Ridder field ENABLED. Lambda = 1.131938e+00
DEBUG: Ridder field ENABLED. Lambda = 1.131938e+00
BG_FUNC: a=1.06e-13 V=1.59e-01 factor_V=2.45e+58 factor_rho=5.62e-56 rho_eV2=3.90e+57 rho_final=2.19e+02
BG_FUNC: a=4.27e-12 V=1.59e-01 factor_V=2.45e+58 factor_rho=5.62e-56 rho_eV2=3.90e+57 rho_final=2.19e+02
BG_FUNC: a=1.71e-10 V=1.59e-01 factor_V=2.45e+58 factor_rho=5.62e-56 rho_eV2=3.90e+57 rho_final=2.19e+02
BG_FUNC: a=6.87e-09 V=1.59e-01 factor_V=2.45e+58 factor_rho=5.62e-56 rho_eV2=3.90e+57 rho_final=2.19e+02
BG_FUNC: a=2.75e-07 V=1.59e-01 factor_V=2.45e+58 factor_rho=5.62e-56 rho_eV2=3.90e+57 rho_final=2.19e+02
BG_FUNC: a=1.10e-05 V=1.59e-01 factor_V=2.45e+58 factor_rho=5.62e-56 rho_eV2=3.90e+57 rho_final=2.19e+02
RIDDER SWITCHING: z_osc = 5180.10, a_osc = 1.930091e-04
DEBUG: Ridder field ENABLED. Lambda = 1.178985e+00
DEBUG: Ridder field ENABLED. Lambda = 1.178985e+00
BG_FUNC: a=2.06e-14 V=1.88e-01 factor_V=2.45e+58 factor_rho=5.62e-56 rho_eV2=4.59e+57 rho_final=2.58e+02
BG_FUNC: a=7.72e-13 V=1.88e-01 factor_V=2.45e+58 factor_rho=5.62e-56 rho_eV2=4.59e+57 rho_final=2.58e+02
BG_FUNC: a=3.06e-11 V=1.88e-01 factor_V=2.45e+58 factor_rho=5.62e-56 rho_eV2=4.59e+57 rho_final=2.58e+02
BG_FUNC: a=1.21e-09 V=1.88e-01 factor_V=2.45e+58 factor_rho=5.62e-56 rho_eV2=4.59e+57 rho_final=2.58e+02
BG_FUNC: a=4.81e-08 V=1.88e-01 factor_V=2.45e+58 factor_rho=5.62e-56 rho_eV2=4.59e+57 rho_final=2.58e+02
BG_FUNC: a=1.91e-06 V=1.88e-01 factor_V=2.45e+58 factor_rho=5.62e-56 rho_eV2=4.59e+57 rho_final=2.58e+02
BG_FUNC: a=7.53e-05 V=1.80e-01 factor_V=2.45e+58 factor_rho=5.62e-56 rho_eV2=4.48e+57 rho_final=2.52e+02
RIDDER SWITCHING: z_osc = 5400.59, a_osc = 1.851308e-04
DEBUG: Ridder field ENABLED. Lambda = 1.309161e+00
DEBUG: Ridder field ENABLED. Lambda = 1.309161e+00
BG_FUNC: a=1.39e-13 V=2.85e-01 factor_V=2.45e+58 factor_rho=5.62e-56 rho_eV2=6.98e+57 rho_final=3.[mcmc] Progress @ 2025-12-01 00:01:34 : 8872 steps taken, and 1456 accepted.
[mcmc] Progress @ 2025-12-01 00:03:09 : 8892 steps taken, and 1461 accepted.
[mcmc] Progress @ 2025-12-01 00:04:10 : 8918 steps taken, and 1467 accepted.
92e+02
BG_FUNC: a=5.54e-12 V=2.85e-01 factor_V=2.45e+58 factor_rho=5.62e-56 rho_eV2=6.98e+57 rho_final=3.92e+02
BG_FUNC: a=2.23e-10 V=2.85e-01 factor_V=2.45e+58 factor_rho=5.62e-56 rho_eV2=6.98e+57 rho_final=3.92e+02
BG_FUNC: a=8.84e-09 V=2.85e-01 factor_V=2.45e+58 factor_rho=5.62e-56 rho_eV2=6.98e+57 rho_final=3.92e+02
BG_FUNC: a=3.53e-07 V=2.85e-01 factor_V=2.45e+58 factor_rho=5.62e-56 rho_eV2=6.98e+57 rho_final=3.92e+02
BG_FUNC: a=1.41e-05 V=2.85e-01 factor_V=2.45e+58 factor_rho=5.62e-56 rho_eV2=6.98e+57 rho_final=3.92e+02
RIDDER SWITCHING: z_osc = 6087.25, a_osc = 1.642507e-04
DEBUG: Ridder field ENABLED. Lambda = 1.244674e+00
DEBUG: Ridder field ENABLED. Lambda = 1.244674e+00
BG_FUNC: a=3.06e-14 V=2.33e-01 factor_V=2.45e+58 factor_rho=5.62e-56 rho_eV2=5.70e+57 rho_final=3.20e+02
BG_FUNC: a=1.17e-12 V=2.33e-01 factor_V=2.45e+58 factor_rho=5.62e-56 rho_eV2=5.70e+57 rho_final=3.20e+02
BG_FUNC: a=4.66e-11 V=2.33e-01 factor_V=2.45e+58 factor_rho=5.62e-56 rho_eV2=5.70e+57 rho_final=3.20e+02
BG_FUNC: a=1.87e-09 V=2.33e-01 factor_V=2.45e+58 factor_rho=5.62e-56 rho_eV2=5.70e+57 rho_final=3.20e+02
BG_FUNC: a=7.46e-08 V=2.33e-01 factor_V=2.45e+58 factor_rho=5.62e-56 rho_eV2=5.70e+57 rho_final=3.20e+02
BG_FUNC: a=2.98e-06 V=2.33e-01 factor_V=2.45e+58 factor_rho=5.62e-56 rho_eV2=5.70e+57 rho_final=3.20e+02
BG_FUNC: a=1.18e-04 V=1.78e-01 factor_V=2.45e+58 factor_rho=5.62e-56 rho_eV2=4.84e+57 rho_final=2.72e+02
RIDDER SWITCHING: z_osc = 5736.11, a_osc = 1.743038e-04
DEBUG: Ridder field ENABLED. Lambda = 1.370244e+00
DEBUG: Ridder field ENABLED. Lambda = 1.370244e+00
BG_FUNC: a=2.32e-13 V=3.42e-01 factor_V=2.45e+58 factor_rho=5.62e-56 rho_eV2=8.37e+57 rho_final=4.71e+02
BG_FUNC: a=9.22e-12 V=3.42e-01 factor_V=2.45e+58 factor_rho=5.62e-56 rho_eV2=8.37e+57 rho_final=4.71e+02
BG_FUNC: a=3.66e-10 V=3.42e-01 factor_V=2.45e+58 factor_rho=5.62e-56 rho_eV2=8.37e+57 rho_final=4.71e+02
BG_FUNC: a=1.45e-08 V=3.42e-01 factor_V=2.45e+58 factor_rho=5.62e-56 rho_eV2=8.37e+57 rho_final=4.71e+02
BG_FUNC: a=5.78e-07 V=3.42e-01 factor_V=2.45e+58 factor_rho=5.62e-56 rho_eV2=8.37e+57 rho_final=4.71e+02
BG_FUNC: a=2.30e-05 V=3.42e-01 factor_V=2.45e+58 factor_rho=5.62e-56 rho_eV2=8.37e+57 rho_final=4.71e+02
RIDDER SWITCHING: z_osc = 6368.59, a_osc = 1.569959e-04
DEBUG: Ridder field ENABLED. Lambda = 1.368930e+00
DEBUG: Ridder field ENABLED. Lambda = 1.368930e+00
BG_FUNC: a=5.15e-14 V=3.41e-01 factor_V=2.45e+58 factor_rho=5.62e-56 rho_eV2=8.34e+57 rho_final=4.69e+02
BG_FUNC: a=2.00e-12 V=3.41e-01 factor_V=2.45e+58 factor_rho=5.62e-56 rho_eV2=8.34e+57 rho_final=4.69e+02
BG_FUNC: a=7.93e-11 V=3.41e-01 factor_V=2.45e+58 factor_rho=5.62e-56 rho_eV2=8.34e+57 rho_final=4.69e+02
BG_FUNC: a=3.18e-09 V=3.41e-01 factor_V=2.45e+58 factor_rho=5.62e-56 rho_eV2=8.34e+57 rho_final=4.69e+02
BG_FUNC: a=1.27e-07 V=3.41e-01 factor_V=2.45e+58 factor_rho=5.62e-56 rho_eV2=8.34e+57 rho_final=4.69e+02
BG_FUNC: a=5.10e-06 V=3.41e-01 factor_V=2.45e+58 factor_rho=5.62e-56 rho_eV2=8.34e+57 rho_final=4.69e+02
RIDDER SWITCHING: z_osc = 6402.22, a_osc = 1.561715e-04
DEBUG: Ridder field ENABLED. Lambda = 1.169263e+00
DEBUG: Ridder field ENABLED. Lambda = 1.169263e+00
BG_FUNC: a=1.19e-14 V=1.82e-01 factor_V=2.45e+58 factor_rho=5.62e-56 rho_eV2=4.44e+57 rho_final=2.50e+02
BG_FUNC: a=4.43e-13 V=1.82e-01 factor_V=2.45e+58 factor_rho=5.62e-56 rho_eV2=4.44e+57 rho_final=2.50e+02
BG_FUNC: a=1.76e-11 V=1.82e-01 factor_V=2.45e+58 factor_rho=5.62e-56 rho_eV2=4.44e+57 rho_final=2.50e+02
BG_FUNC: a=6.98e-10 V=1.82e-01 factor_V=2.45e+58 factor_rho=5.62e-56 rho_eV2=4.44e+57 rho_final=2.50e+02
BG_FUNC: a=2.78e-08 V=1.82e-01 factor_V=2.45e+58 factor_rho=5.62e-56 rho_eV2=4.44e+57 rho_final=2.50e+02
BG_FUNC: a=1.10e-06 V=1.82e-01 factor_V=2.45e+58 factor_rho=5.62e-56 rho_eV2=4.44e+57 rho_final=2.50e+02
BG_FUNC: a=4.36e-05 V=1.81e-01 factor_V=2.45e+58 factor_rho=5.62e-56 rho_eV2=4.43e+57 rho_final=2.49e+02
RIDDER SWITCHING: z_osc = 5358.91, a_osc = 1.865703e-04
DEBUG: Ridder field ENABLED. Lambda = 1.365182e+00
DEBUG: Ridder field ENABLED. Lambda = 1.365182e+00
BG_FUNC: a=8.19e-14 V=3.37e-01 factor_V=2.45[mcmc] Progress @ 2025-12-01 00:05:31 : 8924 steps taken, and 1468 accepted.
[mcmc] Progress @ 2025-12-01 00:06:32 : 8947 steps taken, and 1468 accepted.
[mcmc] Progress @ 2025-12-01 00:07:54 : 8951 steps taken, and 1468 accepted.
[mcmc] Progress @ 2025-12-01 00:08:54 : 8992 steps taken, and 1475 accepted.
e+58 factor_rho=5.62e-56 rho_eV2=8.25e+57 rho_final=4.64e+02
BG_FUNC: a=3.15e-12 V=3.37e-01 factor_V=2.45e+58 factor_rho=5.62e-56 rho_eV2=8.25e+57 rho_final=4.64e+02
BG_FUNC: a=1.26e-10 V=3.37e-01 factor_V=2.45e+58 factor_rho=5.62e-56 rho_eV2=8.25e+57 rho_final=4.64e+02
BG_FUNC: a=4.96e-09 V=3.37e-01 factor_V=2.45e+58 factor_rho=5.62e-56 rho_eV2=8.25e+57 rho_final=4.64e+02
BG_FUNC: a=1.97e-07 V=3.37e-01 factor_V=2.45e+58 factor_rho=5.62e-56 rho_eV2=8.25e+57 rho_final=4.64e+02
BG_FUNC: a=7.82e-06 V=3.37e-01 factor_V=2.45e+58 factor_rho=5.62e-56 rho_eV2=8.25e+57 rho_final=4.64e+02
RIDDER SWITCHING: z_osc = 6378.10, a_osc = 1.567619e-04
DEBUG: Ridder field ENABLED. Lambda = 1.322644e+00
DEBUG: Ridder field ENABLED. Lambda = 1.322644e+00
BG_FUNC: a=1.80e-14 V=2.97e-01 factor_V=2.45e+58 factor_rho=5.62e-56 rho_eV2=7.27e+57 rho_final=4.09e+02
BG_FUNC: a=6.80e-13 V=2.97e-01 factor_V=2.45e+58 factor_rho=5.62e-56 rho_eV2=7.27e+57 rho_final=4.09e+02
BG_FUNC: a=2.73e-11 V=2.97e-01 factor_V=2.45e+58 factor_rho=5.62e-56 rho_eV2=7.27e+57 rho_final=4.09e+02
BG_FUNC: a=1.10e-09 V=2.97e-01 factor_V=2.45e+58 factor_rho=5.62e-56 rho_eV2=7.27e+57 rho_final=4.09e+02
BG_FUNC: a=4.40e-08 V=2.97e-01 factor_V=2.45e+58 factor_rho=5.62e-56 rho_eV2=7.27e+57 rho_final=4.09e+02
BG_FUNC: a=1.77e-06 V=2.97e-01 factor_V=2.45e+58 factor_rho=5.62e-56 rho_eV2=7.27e+57 rho_final=4.09e+02
BG_FUNC: a=7.08e-05 V=2.83e-01 factor_V=2.45e+58 factor_rho=5.62e-56 rho_eV2=7.05e+57 rho_final=3.96e+02
RIDDER SWITCHING: z_osc = 6166.69, a_osc = 1.621354e-04
DEBUG: Ridder field ENABLED. Lambda = 1.309161e+00
DEBUG: Ridder field ENABLED. Lambda = 1.309161e+00
BG_FUNC: a=1.50e-13 V=2.85e-01 factor_V=2.45e+58 factor_rho=5.62e-56 rho_eV2=6.98e+57 rho_final=3.92e+02
BG_FUNC: a=6.00e-12 V=2.85e-01 factor_V=2.45e+58 factor_rho=5.62e-56 rho_eV2=6.98e+57 rho_final=3.92e+02
BG_FUNC: a=2.42e-10 V=2.85e-01 factor_V=2.45e+58 factor_rho=5.62e-56 rho_eV2=6.98e+57 rho_final=3.92e+02
BG_FUNC: a=9.73e-09 V=2.85e-01 factor_V=2.45e+58 factor_rho=5.62e-56 rho_eV2=6.98e+57 rho_final=3.92e+02
BG_FUNC: a=3.92e-07 V=2.85e-01 factor_V=2.45e+58 factor_rho=5.62e-56 rho_eV2=6.98e+57 rho_final=3.92e+02
BG_FUNC: a=1.58e-05 V=2.85e-01 factor_V=2.45e+58 factor_rho=5.62e-56 rho_eV2=6.98e+57 rho_final=3.92e+02
RIDDER SWITCHING: z_osc = 6096.41, a_osc = 1.640042e-04
DEBUG: Ridder field ENABLED. Lambda = 1.252205e+00
DEBUG: Ridder field ENABLED. Lambda = 1.252205e+00
BG_FUNC: a=3.43e-14 V=2.39e-01 factor_V=2.45e+58 factor_rho=5.62e-56 rho_eV2=5.84e+57 rho_final=3.28e+02
BG_FUNC: a=1.30e-12 V=2.39e-01 factor_V=2.45e+58 factor_rho=5.62e-56 rho_eV2=5.84e+57 rho_final=3.28e+02
BG_FUNC: a=5.18e-11 V=2.39e-01 factor_V=2.45e+58 factor_rho=5.62e-56 rho_eV2=5.84e+57 rho_final=3.28e+02
BG_FUNC: a=2.06e-09 V=2.39e-01 factor_V=2.45e+58 factor_rho=5.62e-56 rho_eV2=5.84e+57 rho_final=3.28e+02
BG_FUNC: a=8.18e-08 V=2.39e-01 factor_V=2.45e+58 factor_rho=5.62e-56 rho_eV2=5.84e+57 rho_final=3.28e+02
BG_FUNC: a=3.25e-06 V=2.39e-01 factor_V=2.45e+58 factor_rho=5.62e-56 rho_eV2=5.84e+57 rho_final=3.28e+02
BG_FUNC: a=1.27e-04 V=1.66e-01 factor_V=2.45e+58 factor_rho=5.62e-56 rho_eV2=4.68e+57 rho_final=2.63e+02
RIDDER SWITCHING: z_osc = 5782.64, a_osc = 1.729015e-04
DEBUG: Ridder field ENABLED. Lambda = 1.880896e+00
DEBUG: Ridder field ENABLED. Lambda = 1.880896e+00
BG_FUNC: a=2.52e-13 V=1.22e+00 factor_V=2.45e+58 factor_rho=5.62e-56 rho_eV2=2.97e+58 rho_final=1.67e+03
BG_FUNC: a=1.01e-11 V=1.22e+00 factor_V=2.45e+58 factor_rho=5.62e-56 rho_eV2=2.97e+58 rho_final=1.67e+03
BG_FUNC: a=3.96e-10 V=1.22e+00 factor_V=2.45e+58 factor_rho=5.62e-56 rho_eV2=2.97e+58 rho_final=1.67e+03
BG_FUNC: a=1.57e-08 V=1.22e+00 factor_V=2.45e+58 factor_rho=5.62e-56 rho_eV2=2.97e+58 rho_final=1.67e+03
BG_FUNC: a=6.22e-07 V=1.22e+00 factor_V=2.45e+58 factor_rho=5.62e-56 rho_eV2=2.97e+58 rho_final=1.67e+03
BG_FUNC: a=2.46e-05 V=1.21e+00 factor_V=2.45e+58 factor_rho=5.62e-56 rho_eV2=2.97e+58 rho_final=1.67e+03
RIDDER SWITCHING: z_osc = 9128.36, a_osc = 1.095367e-04
DEBUG: Ridder field ENABLED. Lambda = 1.558844e+00
DEBUG: Ridder field ENABLED. Lambda = 1.5[mcmc] Progress @ 2025-12-01 00:10:30 : 9010 steps taken, and 1479 accepted.
[mcmc] Progress @ 2025-12-01 00:11:31 : 9037 steps taken, and 1488 accepted.
[mcmc] Progress @ 2025-12-01 00:12:58 : 9047 steps taken, and 1489 accepted.
58844e+00
BG_FUNC: a=7.92e-14 V=5.74e-01 factor_V=2.45e+58 factor_rho=5.62e-56 rho_eV2=1.40e+58 rho_final=7.89e+02
BG_FUNC: a=3.03e-12 V=5.74e-01 factor_V=2.45e+58 factor_rho=5.62e-56 rho_eV2=1.40e+58 rho_final=7.89e+02
BG_FUNC: a=1.20e-10 V=5.74e-01 factor_V=2.45e+58 factor_rho=5.62e-56 rho_eV2=1.40e+58 rho_final=7.89e+02
BG_FUNC: a=4.79e-09 V=5.74e-01 factor_V=2.45e+58 factor_rho=5.62e-56 rho_eV2=1.40e+58 rho_final=7.89e+02
BG_FUNC: a=1.90e-07 V=5.74e-01 factor_V=2.45e+58 factor_rho=5.62e-56 rho_eV2=1.40e+58 rho_final=7.89e+02
BG_FUNC: a=7.64e-06 V=5.74e-01 factor_V=2.45e+58 factor_rho=5.62e-56 rho_eV2=1.40e+58 rho_final=7.89e+02
RIDDER SWITCHING: z_osc = 7392.90, a_osc = 1.352466e-04
DEBUG: Ridder field ENABLED. Lambda = 1.457179e+00
DEBUG: Ridder field ENABLED. Lambda = 1.457179e+00
BG_FUNC: a=2.01e-14 V=4.38e-01 factor_V=2.45e+58 factor_rho=5.62e-56 rho_eV2=1.07e+58 rho_final=6.02e+02
BG_FUNC: a=7.59e-13 V=4.38e-01 factor_V=2.45e+58 factor_rho=5.62e-56 rho_eV2=1.07e+58 rho_final=6.02e+02
BG_FUNC: a=3.02e-11 V=4.38e-01 factor_V=2.45e+58 factor_rho=5.62e-56 rho_eV2=1.07e+58 rho_final=6.02e+02
BG_FUNC: a=1.20e-09 V=4.38e-01 factor_V=2.45e+58 factor_rho=5.62e-56 rho_eV2=1.07e+58 rho_final=6.02e+02
BG_FUNC: a=4.80e-08 V=4.38e-01 factor_V=2.45e+58 factor_rho=5.62e-56 rho_eV2=1.07e+58 rho_final=6.02e+02
BG_FUNC: a=1.91e-06 V=4.38e-01 factor_V=2.45e+58 factor_rho=5.62e-56 rho_eV2=1.07e+58 rho_final=6.02e+02
BG_FUNC: a=7.56e-05 V=3.99e-01 factor_V=2.45e+58 factor_rho=5.62e-56 rho_eV2=1.01e+58 rho_final=5.69e+02
RIDDER SWITCHING: z_osc = 6873.51, a_osc = 1.454650e-04
DEBUG: Ridder field ENABLED. Lambda = 1.257480e+00
DEBUG: Ridder field ENABLED. Lambda = 1.257480e+00
BG_FUNC: a=1.78e-13 V=2.43e-01 factor_V=2.45e+58 factor_rho=5.62e-56 rho_eV2=5.94e+57 rho_final=3.34e+02
BG_FUNC: a=7.05e-12 V=2.43e-01 factor_V=2.45e+58 factor_rho=5.62e-56 rho_eV2=5.94e+57 rho_final=3.34e+02
BG_FUNC: a=2.79e-10 V=2.43e-01 factor_V=2.45e+58 factor_rho=5.62e-56 rho_eV2=5.94e+57 rho_final=3.34e+02
BG_FUNC: a=1.11e-08 V=2.43e-01 factor_V=2.45e+58 factor_rho=5.62e-56 rho_eV2=5.94e+57 rho_final=3.34e+02
BG_FUNC: a=4.43e-07 V=2.43e-01 factor_V=2.45e+58 factor_rho=5.62e-56 rho_eV2=5.94e+57 rho_final=3.34e+02
BG_FUNC: a=1.74e-05 V=2.43e-01 factor_V=2.45e+58 factor_rho=5.62e-56 rho_eV2=5.94e+57 rho_final=3.34e+02
RIDDER SWITCHING: z_osc = 5835.10, a_osc = 1.713473e-04
DEBUG: Ridder field ENABLED. Lambda = 1.439963e+00
DEBUG: Ridder field ENABLED. Lambda = 1.439963e+00
BG_FUNC: a=3.59e-14 V=4.18e-01 factor_V=2.45e+58 factor_rho=5.62e-56 rho_eV2=1.02e+58 rho_final=5.74e+02
BG_FUNC: a=1.36e-12 V=4.18e-01 factor_V=2.45e+58 factor_rho=5.62e-56 rho_eV2=1.02e+58 rho_final=5.74e+02
BG_FUNC: a=5.41e-11 V=4.18e-01 factor_V=2.45e+58 factor_rho=5.62e-56 rho_eV2=1.02e+58 rho_final=5.74e+02
BG_FUNC: a=2.14e-09 V=4.18e-01 factor_V=2.45e+58 factor_rho=5.62e-56 rho_eV2=1.02e+58 rho_final=5.74e+02
BG_FUNC: a=8.50e-08 V=4.18e-01 factor_V=2.45e+58 factor_rho=5.62e-56 rho_eV2=1.02e+58 rho_final=5.74e+02
BG_FUNC: a=3.37e-06 V=4.18e-01 factor_V=2.45e+58 factor_rho=5.62e-56 rho_eV2=1.02e+58 rho_final=5.74e+02
BG_FUNC: a=1.31e-04 V=2.13e-01 factor_V=2.45e+58 factor_rho=5.62e-56 rho_eV2=6.78e+57 rho_final=3.81e+02
RIDDER SWITCHING: z_osc = 6752.19, a_osc = 1.480783e-04
DEBUG: Ridder field ENABLED. Lambda = 1.309722e+00
DEBUG: Ridder field ENABLED. Lambda = 1.309722e+00
BG_FUNC: a=3.07e-13 V=2.86e-01 factor_V=2.45e+58 factor_rho=5.62e-56 rho_eV2=6.99e+57 rho_final=3.93e+02
BG_FUNC: a=1.22e-11 V=2.86e-01 factor_V=2.45e+58 factor_rho=5.62e-56 rho_eV2=6.99e+57 rho_final=3.93e+02
BG_FUNC: a=4.82e-10 V=2.86e-01 factor_V=2.45e+58 factor_rho=5.62e-56 rho_eV2=6.99e+57 rho_final=3.93e+02
BG_FUNC: a=1.91e-08 V=2.86e-01 factor_V=2.45e+58 factor_rho=5.62e-56 rho_eV2=6.99e+57 rho_final=3.93e+02
BG_FUNC: a=7.58e-07 V=2.86e-01 factor_V=2.45e+58 factor_rho=5.62e-56 rho_eV2=6.99e+57 rho_final=3.93e+02
BG_FUNC: a=3.00e-05 V=2.85e-01 factor_V=2.45e+58 factor_rho=5.62e-56 rho_eV2=6.98e+57 rho_final=3.93e+02
RIDDER SWITCHING: z_osc = 6091.12, a_osc = 1.641465e-04
DEBUG: Ridder field ENABLED. Lambda = [mcmc] Progress @ 2025-12-01 00:13:58 : 9070 steps taken, and 1493 accepted.
[mcmc] Progress @ 2025-12-01 00:14:58 : 9090 steps taken, and 1497 accepted.
[mcmc] Progress @ 2025-12-01 00:15:58 : 9113 steps taken, and 1503 accepted.
1.173497e+00
DEBUG: Ridder field ENABLED. Lambda = 1.173497e+00
BG_FUNC: a=6.43e-14 V=1.84e-01 factor_V=2.45e+58 factor_rho=5.62e-56 rho_eV2=4.50e+57 rho_final=2.53e+02
BG_FUNC: a=2.46e-12 V=1.84e-01 factor_V=2.45e+58 factor_rho=5.62e-56 rho_eV2=4.50e+57 rho_final=2.53e+02
BG_FUNC: a=9.74e-11 V=1.84e-01 factor_V=2.45e+58 factor_rho=5.62e-56 rho_eV2=4.50e+57 rho_final=2.53e+02
BG_FUNC: a=3.86e-09 V=1.84e-01 factor_V=2.45e+58 factor_rho=5.62e-56 rho_eV2=4.50e+57 rho_final=2.53e+02
BG_FUNC: a=1.53e-07 V=1.84e-01 factor_V=2.45e+58 factor_rho=5.62e-56 rho_eV2=4.50e+57 rho_final=2.53e+02
BG_FUNC: a=6.05e-06 V=1.84e-01 factor_V=2.45e+58 factor_rho=5.62e-56 rho_eV2=4.50e+57 rho_final=2.53e+02
RIDDER SWITCHING: z_osc = 5382.00, a_osc = 1.857701e-04
DEBUG: Ridder field ENABLED. Lambda = 1.309722e+00
DEBUG: Ridder field ENABLED. Lambda = 1.309722e+00
BG_FUNC: a=1.17e-14 V=2.86e-01 factor_V=2.45e+58 factor_rho=5.62e-56 rho_eV2=6.99e+57 rho_final=3.93e+02
BG_FUNC: a=4.39e-13 V=2.86e-01 factor_V=2.45e+58 factor_rho=5.62e-56 rho_eV2=6.99e+57 rho_final=3.93e+02
BG_FUNC: a=1.76e-11 V=2.86e-01 factor_V=2.45e+58 factor_rho=5.62e-56 rho_eV2=6.99e+57 rho_final=3.93e+02
BG_FUNC: a=7.02e-10 V=2.86e-01 factor_V=2.45e+58 factor_rho=5.62e-56 rho_eV2=6.99e+57 rho_final=3.93e+02
BG_FUNC: a=2.81e-08 V=2.86e-01 factor_V=2.45e+58 factor_rho=5.62e-56 rho_eV2=6.99e+57 rho_final=3.93e+02
BG_FUNC: a=1.12e-06 V=2.86e-01 factor_V=2.45e+58 factor_rho=5.62e-56 rho_eV2=6.99e+57 rho_final=3.93e+02
BG_FUNC: a=4.47e-05 V=2.84e-01 factor_V=2.45e+58 factor_rho=5.62e-56 rho_eV2=6.96e+57 rho_final=3.91e+02
RIDDER SWITCHING: z_osc = 6099.22, a_osc = 1.639285e-04
DEBUG: Ridder field ENABLED. Lambda = 1.426766e+00
DEBUG: Ridder field ENABLED. Lambda = 1.426766e+00
BG_FUNC: a=9.31e-14 V=4.03e-01 factor_V=2.45e+58 factor_rho=5.62e-56 rho_eV2=9.84e+57 rho_final=5.53e+02
BG_FUNC: a=3.68e-12 V=4.03e-01 factor_V=2.45e+58 factor_rho=5.62e-56 rho_eV2=9.84e+57 rho_final=5.53e+02
BG_FUNC: a=1.46e-10 V=4.03e-01 factor_V=2.45e+58 factor_rho=5.62e-56 rho_eV2=9.84e+57 rho_final=5.53e+02
BG_FUNC: a=5.81e-09 V=4.03e-01 factor_V=2.45e+58 factor_rho=5.62e-56 rho_eV2=9.84e+57 rho_final=5.53e+02
BG_FUNC: a=2.31e-07 V=4.03e-01 factor_V=2.45e+58 factor_rho=5.62e-56 rho_eV2=9.84e+57 rho_final=5.53e+02
BG_FUNC: a=9.16e-06 V=4.03e-01 factor_V=2.45e+58 factor_rho=5.62e-56 rho_eV2=9.84e+57 rho_final=5.53e+02
RIDDER SWITCHING: z_osc = 6678.98, a_osc = 1.497009e-04
DEBUG: Ridder field ENABLED. Lambda = 1.332497e+00
DEBUG: Ridder field ENABLED. Lambda = 1.332497e+00
BG_FUNC: a=2.19e-14 V=3.06e-01 factor_V=2.45e+58 factor_rho=5.62e-56 rho_eV2=7.49e+57 rho_final=4.21e+02
BG_FUNC: a=8.33e-13 V=3.06e-01 factor_V=2.45e+58 factor_rho=5.62e-56 rho_eV2=7.49e+57 rho_final=4.21e+02
BG_FUNC: a=3.29e-11 V=3.06e-01 factor_V=2.45e+58 factor_rho=5.62e-56 rho_eV2=7.49e+57 rho_final=4.21e+02
BG_FUNC: a=1.31e-09 V=3.06e-01 factor_V=2.45e+58 factor_rho=5.62e-56 rho_eV2=7.49e+57 rho_final=4.21e+02
BG_FUNC: a=5.21e-08 V=3.06e-01 factor_V=2.45e+58 factor_rho=5.62e-56 rho_eV2=7.49e+57 rho_final=4.21e+02
BG_FUNC: a=2.07e-06 V=3.06e-01 factor_V=2.45e+58 factor_rho=5.62e-56 rho_eV2=7.49e+57 rho_final=4.21e+02
BG_FUNC: a=8.19e-05 V=2.80e-01 factor_V=2.45e+58 factor_rho=5.62e-56 rho_eV2=7.09e+57 rho_final=3.99e+02
RIDDER SWITCHING: z_osc = 6216.38, a_osc = 1.608396e-04
DEBUG: Ridder field ENABLED. Lambda = 1.288895e+00
DEBUG: Ridder field ENABLED. Lambda = 1.288895e+00
BG_FUNC: a=1.75e-13 V=2.68e-01 factor_V=2.45e+58 factor_rho=5.62e-56 rho_eV2=6.56e+57 rho_final=3.69e+02
BG_FUNC: a=6.92e-12 V=2.68e-01 factor_V=2.45e+58 factor_rho=5.62e-56 rho_eV2=6.56e+57 rho_final=3.69e+02
BG_FUNC: a=2.74e-10 V=2.68e-01 factor_V=2.45e+58 factor_rho=5.62e-56 rho_eV2=6.56e+57 rho_final=3.69e+02
BG_FUNC: a=1.09e-08 V=2.68e-01 factor_V=2.45e+58 factor_rho=5.62e-56 rho_eV2=6.56e+57 rho_final=3.69e+02
BG_FUNC: a=4.31e-07 V=2.68e-01 factor_V=2.45e+58 factor_rho=5.62e-56 rho_eV2=6.56e+57 rho_final=3.69e+02
BG_FUNC: a=1.71e-05 V=2.68e-01 factor_V=2.45e+58 factor_rho=5.62e-56 rho_eV2=6.55e+57 rho_final=3.68e+02
RIDDER SWITCHING: z_osc = 5940.09, a_osc[mcmc] Progress @ 2025-12-01 00:17:27 : 9142 steps taken, and 1507 accepted.
[mcmc] Progress @ 2025-12-01 00:18:48 : 9152 steps taken, and 1511 accepted.
[mcmc] Progress @ 2025-12-01 00:20:12 : 9176 steps taken, and 1515 accepted.
 = 1.683193e-04
DEBUG: Ridder field ENABLED. Lambda = 1.359947e+00
DEBUG: Ridder field ENABLED. Lambda = 1.359947e+00
BG_FUNC: a=3.61e-14 V=3.32e-01 factor_V=2.45e+58 factor_rho=5.62e-56 rho_eV2=8.12e+57 rho_final=4.57e+02
BG_FUNC: a=1.37e-12 V=3.32e-01 factor_V=2.45e+58 factor_rho=5.62e-56 rho_eV2=8.12e+57 rho_final=4.57e+02
BG_FUNC: a=5.44e-11 V=3.32e-01 factor_V=2.45e+58 factor_rho=5.62e-56 rho_eV2=8.12e+57 rho_final=4.57e+02
BG_FUNC: a=2.16e-09 V=3.32e-01 factor_V=2.45e+58 factor_rho=5.62e-56 rho_eV2=8.12e+57 rho_final=4.57e+02
BG_FUNC: a=8.69e-08 V=3.32e-01 factor_V=2.45e+58 factor_rho=5.62e-56 rho_eV2=8.12e+57 rho_final=4.57e+02
BG_FUNC: a=3.43e-06 V=3.32e-01 factor_V=2.45e+58 factor_rho=5.62e-56 rho_eV2=8.12e+57 rho_final=4.57e+02
BG_FUNC: a=1.33e-04 V=1.86e-01 factor_V=2.45e+58 factor_rho=5.62e-56 rho_eV2=5.71e+57 rho_final=3.21e+02
RIDDER SWITCHING: z_osc = 6328.17, a_osc = 1.579985e-04
DEBUG: Ridder field ENABLED. Lambda = 1.312198e+00
DEBUG: Ridder field ENABLED. Lambda = 1.312198e+00
BG_FUNC: a=2.92e-13 V=2.88e-01 factor_V=2.45e+58 factor_rho=5.62e-56 rho_eV2=7.04e+57 rho_final=3.96e+02
BG_FUNC: a=1.16e-11 V=2.88e-01 factor_V=2.45e+58 factor_rho=5.62e-56 rho_eV2=7.04e+57 rho_final=3.96e+02
BG_FUNC: a=4.62e-10 V=2.88e-01 factor_V=2.45e+58 factor_rho=5.62e-56 rho_eV2=7.04e+57 rho_final=3.96e+02
BG_FUNC: a=1.85e-08 V=2.88e-01 factor_V=2.45e+58 factor_rho=5.62e-56 rho_eV2=7.04e+57 rho_final=3.96e+02
BG_FUNC: a=7.30e-07 V=2.88e-01 factor_V=2.45e+58 factor_rho=5.62e-56 rho_eV2=7.04e+57 rho_final=3.96e+02
BG_FUNC: a=2.90e-05 V=2.88e-01 factor_V=2.45e+58 factor_rho=5.62e-56 rho_eV2=7.04e+57 rho_final=3.96e+02
RIDDER SWITCHING: z_osc = 6113.06, a_osc = 1.635575e-04
DEBUG: Ridder field ENABLED. Lambda = 1.764008e+00
DEBUG: Ridder field ENABLED. Lambda = 1.764008e+00
BG_FUNC: a=6.23e-14 V=9.41e-01 factor_V=2.45e+58 factor_rho=5.62e-56 rho_eV2=2.30e+58 rho_final=1.29e+03
BG_FUNC: a=2.39e-12 V=9.41e-01 factor_V=2.45e+58 factor_rho=5.62e-56 rho_eV2=2.30e+58 rho_final=1.29e+03
BG_FUNC: a=9.46e-11 V=9.41e-01 factor_V=2.45e+58 factor_rho=5.62e-56 rho_eV2=2.30e+58 rho_final=1.29e+03
BG_FUNC: a=3.75e-09 V=9.41e-01 factor_V=2.45e+58 factor_rho=5.62e-56 rho_eV2=2.30e+58 rho_final=1.29e+03
BG_FUNC: a=1.49e-07 V=9.41e-01 factor_V=2.45e+58 factor_rho=5.62e-56 rho_eV2=2.30e+58 rho_final=1.29e+03
BG_FUNC: a=5.90e-06 V=9.41e-01 factor_V=2.45e+58 factor_rho=5.62e-56 rho_eV2=2.30e+58 rho_final=1.29e+03
RIDDER SWITCHING: z_osc = 8511.05, a_osc = 1.174806e-04
DEBUG: Ridder field ENABLED. Lambda = 1.312198e+00
DEBUG: Ridder field ENABLED. Lambda = 1.312198e+00
BG_FUNC: a=1.80e-14 V=2.88e-01 factor_V=2.45e+58 factor_rho=5.62e-56 rho_eV2=7.04e+57 rho_final=3.96e+02
BG_FUNC: a=6.76e-13 V=2.88e-01 factor_V=2.45e+58 factor_rho=5.62e-56 rho_eV2=7.04e+57 rho_final=3.96e+02
BG_FUNC: a=2.69e-11 V=2.88e-01 factor_V=2.45e+58 factor_rho=5.62e-56 rho_eV2=7.04e+57 rho_final=3.96e+02
BG_FUNC: a=1.07e-09 V=2.88e-01 factor_V=2.45e+58 factor_rho=5.62e-56 rho_eV2=7.04e+57 rho_final=3.96e+02
BG_FUNC: a=4.28e-08 V=2.88e-01 factor_V=2.45e+58 factor_rho=5.62e-56 rho_eV2=7.04e+57 rho_final=3.96e+02
BG_FUNC: a=1.69e-06 V=2.88e-01 factor_V=2.45e+58 factor_rho=5.62e-56 rho_eV2=7.04e+57 rho_final=3.96e+02
BG_FUNC: a=6.67e-05 V=2.77e-01 factor_V=2.45e+58 factor_rho=5.62e-56 rho_eV2=6.88e+57 rho_final=3.87e+02
RIDDER SWITCHING: z_osc = 6113.06, a_osc = 1.635575e-04
DEBUG: Ridder field ENABLED. Lambda = 1.714978e+00
DEBUG: Ridder field ENABLED. Lambda = 1.714978e+00
BG_FUNC: a=1.39e-13 V=8.40e-01 factor_V=2.45e+58 factor_rho=5.62e-56 rho_eV2=2.05e+58 rho_final=1.16e+03
BG_FUNC: a=5.53e-12 V=8.40e-01 factor_V=2.45e+58 factor_rho=5.62e-56 rho_eV2=2.05e+58 rho_final=1.16e+03
BG_FUNC: a=2.20e-10 V=8.40e-01 factor_V=2.45e+58 factor_rho=5.62e-56 rho_eV2=2.05e+58 rho_final=1.16e+03
BG_FUNC: a=8.73e-09 V=8.40e-01 factor_V=2.45e+58 factor_rho=5.62e-56 rho_eV2=2.05e+58 rho_final=1.16e+03
BG_FUNC: a=3.47e-07 V=8.40e-01 factor_V=2.45e+58 factor_rho=5.62e-56 rho_eV2=2.05e+58 rho_final=1.16e+03
BG_FUNC: a=1.38e-05 V=8.40e-01 factor_V=2.45e+58 factor_rho=5.62e-56 rho_eV2=2.05e+58 rho_f[mcmc] Progress @ 2025-12-01 00:21:14 : 9201 steps taken, and 1520 accepted.
[mcmc] Progress @ 2025-12-01 00:22:36 : 9216 steps taken, and 1521 accepted.
[mcmc] Progress @ 2025-12-01 00:24:02 : 9238 steps taken, and 1524 accepted.
inal=1.15e+03
RIDDER SWITCHING: z_osc = 8230.61, a_osc = 1.214829e-04
DEBUG: Ridder field ENABLED. Lambda = 1.322310e+00
DEBUG: Ridder field ENABLED. Lambda = 1.322310e+00
BG_FUNC: a=4.02e-14 V=2.97e-01 factor_V=2.45e+58 factor_rho=5.62e-56 rho_eV2=7.26e+57 rho_final=4.08e+02
BG_FUNC: a=1.54e-12 V=2.97e-01 factor_V=2.45e+58 factor_rho=5.62e-56 rho_eV2=7.26e+57 rho_final=4.08e+02
BG_FUNC: a=6.15e-11 V=2.97e-01 factor_V=2.45e+58 factor_rho=5.62e-56 rho_eV2=7.26e+57 rho_final=4.08e+02
BG_FUNC: a=2.46e-09 V=2.97e-01 factor_V=2.45e+58 factor_rho=5.62e-56 rho_eV2=7.26e+57 rho_final=4.08e+02
BG_FUNC: a=9.84e-08 V=2.97e-01 factor_V=2.45e+58 factor_rho=5.62e-56 rho_eV2=7.26e+57 rho_final=4.08e+02
BG_FUNC: a=3.93e-06 V=2.97e-01 factor_V=2.45e+58 factor_rho=5.62e-56 rho_eV2=7.26e+57 rho_final=4.08e+02
BG_FUNC: a=1.54e-04 V=1.26e-01 factor_V=2.45e+58 factor_rho=5.62e-56 rho_eV2=4.33e+57 rho_final=2.43e+02
RIDDER SWITCHING: z_osc = 6159.15, a_osc = 1.623338e-04
DEBUG: Ridder field ENABLED. Lambda = 1.122743e+00
DEBUG: Ridder field ENABLED. Lambda = 1.122743e+00
BG_FUNC: a=3.31e-13 V=1.54e-01 factor_V=2.45e+58 factor_rho=5.62e-56 rho_eV2=3.77e+57 rho_final=2.12e+02
BG_FUNC: a=1.32e-11 V=1.54e-01 factor_V=2.45e+58 factor_rho=5.62e-56 rho_eV2=3.77e+57 rho_final=2.12e+02
BG_FUNC: a=5.29e-10 V=1.54e-01 factor_V=2.45e+58 factor_rho=5.62e-56 rho_eV2=3.77e+57 rho_final=2.12e+02
BG_FUNC: a=2.13e-08 V=1.54e-01 factor_V=2.45e+58 factor_rho=5.62e-56 rho_eV2=3.77e+57 rho_final=2.12e+02
BG_FUNC: a=8.46e-07 V=1.54e-01 factor_V=2.45e+58 factor_rho=5.62e-56 rho_eV2=3.77e+57 rho_final=2.12e+02
BG_FUNC: a=3.38e-05 V=1.54e-01 factor_V=2.45e+58 factor_rho=5.62e-56 rho_eV2=3.77e+57 rho_final=2.12e+02
RIDDER SWITCHING: z_osc = 5139.44, a_osc = 1.945358e-04
DEBUG: Ridder field ENABLED. Lambda = 1.415095e+00
DEBUG: Ridder field ENABLED. Lambda = 1.415095e+00
BG_FUNC: a=6.11e-14 V=3.90e-01 factor_V=2.45e+58 factor_rho=5.62e-56 rho_eV2=9.53e+57 rho_final=5.35e+02
BG_FUNC: a=2.36e-12 V=3.90e-01 factor_V=2.45e+58 factor_rho=5.62e-56 rho_eV2=9.53e+57 rho_final=5.35e+02
BG_FUNC: a=9.42e-11 V=3.90e-01 factor_V=2.45e+58 factor_rho=5.62e-56 rho_eV2=9.53e+57 rho_final=5.35e+02
BG_FUNC: a=3.76e-09 V=3.90e-01 factor_V=2.45e+58 factor_rho=5.62e-56 rho_eV2=9.53e+57 rho_final=5.35e+02
BG_FUNC: a=1.51e-07 V=3.90e-01 factor_V=2.45e+58 factor_rho=5.62e-56 rho_eV2=9.53e+57 rho_final=5.35e+02
BG_FUNC: a=6.02e-06 V=3.90e-01 factor_V=2.45e+58 factor_rho=5.62e-56 rho_eV2=9.53e+57 rho_final=5.35e+02
RIDDER SWITCHING: z_osc = 6631.18, a_osc = 1.507800e-04
DEBUG: Ridder field ENABLED. Lambda = 1.106054e+00
DEBUG: Ridder field ENABLED. Lambda = 1.106054e+00
BG_FUNC: a=1.45e-14 V=1.45e-01 factor_V=2.45e+58 factor_rho=5.62e-56 rho_eV2=3.55e+57 rho_final=2.00e+02
BG_FUNC: a=5.41e-13 V=1.45e-01 factor_V=2.45e+58 factor_rho=5.62e-56 rho_eV2=3.55e+57 rho_final=2.00e+02
BG_FUNC: a=2.14e-11 V=1.45e-01 factor_V=2.45e+58 factor_rho=5.62e-56 rho_eV2=3.55e+57 rho_final=2.00e+02
BG_FUNC: a=8.50e-10 V=1.45e-01 factor_V=2.45e+58 factor_rho=5.62e-56 rho_eV2=3.55e+57 rho_final=2.00e+02
BG_FUNC: a=3.37e-08 V=1.45e-01 factor_V=2.45e+58 factor_rho=5.62e-56 rho_eV2=3.55e+57 rho_final=2.00e+02
BG_FUNC: a=1.35e-06 V=1.45e-01 factor_V=2.45e+58 factor_rho=5.62e-56 rho_eV2=3.55e+57 rho_final=2.00e+02
BG_FUNC: a=5.27e-05 V=1.44e-01 factor_V=2.45e+58 factor_rho=5.62e-56 rho_eV2=3.54e+57 rho_final=1.99e+02
RIDDER SWITCHING: z_osc = 5057.19, a_osc = 1.976991e-04
DEBUG: Ridder field ENABLED. Lambda = 1.312198e+00
DEBUG: Ridder field ENABLED. Lambda = 1.312198e+00
BG_FUNC: a=9.10e-14 V=2.88e-01 factor_V=2.45e+58 factor_rho=5.62e-56 rho_eV2=7.04e+57 rho_final=3.96e+02
BG_FUNC: a=3.58e-12 V=2.88e-01 factor_V=2.45e+58 factor_rho=5.62e-56 rho_eV2=7.04e+57 rho_final=3.96e+02
BG_FUNC: a=1.42e-10 V=2.88e-01 factor_V=2.45e+58 factor_rho=5.62e-56 rho_eV2=7.04e+57 rho_final=3.96e+02
BG_FUNC: a=5.65e-09 V=2.88e-01 factor_V=2.45e+58 factor_rho=5.62e-56 rho_eV2=7.04e+57 rho_final=3.96e+02
BG_FUNC: a=2.25e-07 V=2.88e-01 factor_V=2.45e+58 factor_rho=5.62e-56 rho_eV2=7.04e+57 rho_final=3.96e+02
BG_FUNC: a=8.91e-06 V=2.88e-01 factor[mcmc] Progress @ 2025-12-01 00:25:02 : 9261 steps taken, and 1528 accepted.
[mcmc] Progress @ 2025-12-01 00:26:15 : 9265 steps taken, and 1528 accepted.
[mcmc] Progress @ 2025-12-01 00:27:15 : 9290 steps taken, and 1534 accepted.
[mcmc] Progress @ 2025-12-01 00:28:17 : 9314 steps taken, and 1536 accepted.
_V=2.45e+58 factor_rho=5.62e-56 rho_eV2=7.04e+57 rho_final=3.96e+02
RIDDER SWITCHING: z_osc = 6118.31, a_osc = 1.634170e-04
DEBUG: Ridder field ENABLED. Lambda = 1.384508e+00
DEBUG: Ridder field ENABLED. Lambda = 1.384508e+00
BG_FUNC: a=1.96e-14 V=3.57e-01 factor_V=2.45e+58 factor_rho=5.62e-56 rho_eV2=8.73e+57 rho_final=4.91e+02
BG_FUNC: a=7.34e-13 V=3.57e-01 factor_V=2.45e+58 factor_rho=5.62e-56 rho_eV2=8.73e+57 rho_final=4.91e+02
BG_FUNC: a=2.92e-11 V=3.57e-01 factor_V=2.45e+58 factor_rho=5.62e-56 rho_eV2=8.73e+57 rho_final=4.91e+02
BG_FUNC: a=1.16e-09 V=3.57e-01 factor_V=2.45e+58 factor_rho=5.62e-56 rho_eV2=8.73e+57 rho_final=4.91e+02
BG_FUNC: a=4.59e-08 V=3.57e-01 factor_V=2.45e+58 factor_rho=5.62e-56 rho_eV2=8.73e+57 rho_final=4.91e+02
BG_FUNC: a=1.82e-06 V=3.57e-01 factor_V=2.45e+58 factor_rho=5.62e-56 rho_eV2=8.73e+57 rho_final=4.91e+02
BG_FUNC: a=7.21e-05 V=3.35e-01 factor_V=2.45e+58 factor_rho=5.62e-56 rho_eV2=8.39e+57 rho_final=4.72e+02
RIDDER SWITCHING: z_osc = 6457.99, a_osc = 1.548231e-04
DEBUG: Ridder field ENABLED. Lambda = 1.043758e+00
DEBUG: Ridder field ENABLED. Lambda = 1.043758e+00
BG_FUNC: a=1.59e-13 V=1.15e-01 factor_V=2.45e+58 factor_rho=5.62e-56 rho_eV2=2.82e+57 rho_final=1.58e+02
BG_FUNC: a=6.32e-12 V=1.15e-01 factor_V=2.45e+58 factor_rho=5.62e-56 rho_eV2=2.82e+57 rho_final=1.58e+02
BG_FUNC: a=2.51e-10 V=1.15e-01 factor_V=2.45e+58 factor_rho=5.62e-56 rho_eV2=2.82e+57 rho_final=1.58e+02
BG_FUNC: a=9.97e-09 V=1.15e-01 factor_V=2.45e+58 factor_rho=5.62e-56 rho_eV2=2.82e+57 rho_final=1.58e+02
BG_FUNC: a=3.96e-07 V=1.15e-01 factor_V=2.45e+58 factor_rho=5.62e-56 rho_eV2=2.82e+57 rho_final=1.58e+02
BG_FUNC: a=1.57e-05 V=1.15e-01 factor_V=2.45e+58 factor_rho=5.62e-56 rho_eV2=2.82e+57 rho_final=1.58e+02
RIDDER SWITCHING: z_osc = 4691.61, a_osc = 2.131012e-04
DEBUG: Ridder field ENABLED. Lambda = 1.124593e+00
DEBUG: Ridder field ENABLED. Lambda = 1.124593e+00
BG_FUNC: a=2.65e-14 V=1.55e-01 factor_V=2.45e+58 factor_rho=5.62e-56 rho_eV2=3.80e+57 rho_final=2.14e+02
BG_FUNC: a=1.00e-12 V=1.55e-01 factor_V=2.45e+58 factor_rho=5.62e-56 rho_eV2=3.80e+57 rho_final=2.14e+02
BG_FUNC: a=3.91e-11 V=1.55e-01 factor_V=2.45e+58 factor_rho=5.62e-56 rho_eV2=3.80e+57 rho_final=2.14e+02
BG_FUNC: a=1.53e-09 V=1.55e-01 factor_V=2.45e+58 factor_rho=5.62e-56 rho_eV2=3.80e+57 rho_final=2.14e+02
BG_FUNC: a=6.00e-08 V=1.55e-01 factor_V=2.45e+58 factor_rho=5.62e-56 rho_eV2=3.80e+57 rho_final=2.14e+02
BG_FUNC: a=2.35e-06 V=1.55e-01 factor_V=2.45e+58 factor_rho=5.62e-56 rho_eV2=3.80e+57 rho_final=2.14e+02
BG_FUNC: a=8.96e-05 V=1.46e-01 factor_V=2.45e+58 factor_rho=5.62e-56 rho_eV2=3.65e+57 rho_final=2.05e+02
RIDDER SWITCHING: z_osc = 5134.36, a_osc = 1.947282e-04
DEBUG: Ridder field ENABLED. Lambda = 1.312523e+00
DEBUG: Ridder field ENABLED. Lambda = 1.312523e+00
BG_FUNC: a=1.57e-13 V=2.88e-01 factor_V=2.45e+58 factor_rho=5.62e-56 rho_eV2=7.05e+57 rho_final=3.96e+02
BG_FUNC: a=6.20e-12 V=2.88e-01 factor_V=2.45e+58 factor_rho=5.62e-56 rho_eV2=7.05e+57 rho_final=3.96e+02
BG_FUNC: a=2.46e-10 V=2.88e-01 factor_V=2.45e+58 factor_rho=5.62e-56 rho_eV2=7.05e+57 rho_final=3.96e+02
BG_FUNC: a=9.73e-09 V=2.88e-01 factor_V=2.45e+58 factor_rho=5.62e-56 rho_eV2=7.05e+57 rho_final=3.96e+02
BG_FUNC: a=3.85e-07 V=2.88e-01 factor_V=2.45e+58 factor_rho=5.62e-56 rho_eV2=7.05e+57 rho_final=3.96e+02
BG_FUNC: a=1.53e-05 V=2.88e-01 factor_V=2.45e+58 factor_rho=5.62e-56 rho_eV2=7.05e+57 rho_final=3.96e+02
RIDDER SWITCHING: z_osc = 6118.77, a_osc = 1.634048e-04
DEBUG: Ridder field ENABLED. Lambda = 1.394432e+00
DEBUG: Ridder field ENABLED. Lambda = 1.394432e+00
BG_FUNC: a=3.33e-14 V=3.67e-01 factor_V=2.45e+58 factor_rho=5.62e-56 rho_eV2=8.98e+57 rho_final=5.05e+02
BG_FUNC: a=1.27e-12 V=3.67e-01 factor_V=2.45e+58 factor_rho=5.62e-56 rho_eV2=8.98e+57 rho_final=5.05e+02
BG_FUNC: a=5.08e-11 V=3.67e-01 factor_V=2.45e+58 factor_rho=5.62e-56 rho_eV2=8.98e+57 rho_final=5.05e+02
BG_FUNC: a=2.04e-09 V=3.67e-01 factor_V=2.45e+58 factor_rho=5.62e-56 rho_eV2=8.98e+57 rho_final=5.05e+02
BG_FUNC: a=8.15e-08 V=3.67e-01 factor_V=2.45e+58 factor_rho=5.62e-56 rho_eV2=8.98e+57 rh[mcmc] Progress @ 2025-12-01 00:29:36 : 9325 steps taken, and 1538 accepted.
[mcmc] Progress @ 2025-12-01 00:31:10 : 9349 steps taken, and 1542 accepted.
o_final=5.05e+02
BG_FUNC: a=3.26e-06 V=3.67e-01 factor_V=2.45e+58 factor_rho=5.62e-56 rho_eV2=8.98e+57 rho_final=5.05e+02
BG_FUNC: a=1.28e-04 V=2.11e-01 factor_V=2.45e+58 factor_rho=5.62e-56 rho_eV2=6.41e+57 rho_final=3.61e+02
RIDDER SWITCHING: z_osc = 6530.21, a_osc = 1.531109e-04
DEBUG: Ridder field ENABLED. Lambda = 1.312523e+00
DEBUG: Ridder field ENABLED. Lambda = 1.312523e+00
BG_FUNC: a=2.88e-13 V=2.88e-01 factor_V=2.45e+58 factor_rho=5.62e-56 rho_eV2=7.05e+57 rho_final=3.96e+02
BG_FUNC: a=1.14e-11 V=2.88e-01 factor_V=2.45e+58 factor_rho=5.62e-56 rho_eV2=7.05e+57 rho_final=3.96e+02
BG_FUNC: a=4.54e-10 V=2.88e-01 factor_V=2.45e+58 factor_rho=5.62e-56 rho_eV2=7.05e+57 rho_final=3.96e+02
BG_FUNC: a=1.80e-08 V=2.88e-01 factor_V=2.45e+58 factor_rho=5.62e-56 rho_eV2=7.05e+57 rho_final=3.96e+02
BG_FUNC: a=7.14e-07 V=2.88e-01 factor_V=2.45e+58 factor_rho=5.62e-56 rho_eV2=7.05e+57 rho_final=3.96e+02
BG_FUNC: a=2.83e-05 V=2.88e-01 factor_V=2.45e+58 factor_rho=5.62e-56 rho_eV2=7.04e+57 rho_final=3.96e+02
RIDDER SWITCHING: z_osc = 6110.23, a_osc = 1.636332e-04
DEBUG: Ridder field ENABLED. Lambda = 1.217500e+00
DEBUG: Ridder field ENABLED. Lambda = 1.217500e+00
BG_FUNC: a=6.09e-14 V=2.13e-01 factor_V=2.45e+58 factor_rho=5.62e-56 rho_eV2=5.22e+57 rho_final=2.93e+02
BG_FUNC: a=2.33e-12 V=2.13e-01 factor_V=2.45e+58 factor_rho=5.62e-56 rho_eV2=5.22e+57 rho_final=2.93e+02
BG_FUNC: a=9.24e-11 V=2.13e-01 factor_V=2.45e+58 factor_rho=5.62e-56 rho_eV2=5.22e+57 rho_final=2.93e+02
BG_FUNC: a=3.70e-09 V=2.13e-01 factor_V=2.45e+58 factor_rho=5.62e-56 rho_eV2=5.22e+57 rho_final=2.93e+02
BG_FUNC: a=1.46e-07 V=2.13e-01 factor_V=2.45e+58 factor_rho=5.62e-56 rho_eV2=5.22e+57 rho_final=2.93e+02
BG_FUNC: a=5.79e-06 V=2.13e-01 factor_V=2.45e+58 factor_rho=5.62e-56 rho_eV2=5.22e+57 rho_final=2.93e+02
RIDDER SWITCHING: z_osc = 5597.43, a_osc = 1.786216e-04
DEBUG: Ridder field ENABLED. Lambda = 1.271062e+00
DEBUG: Ridder field ENABLED. Lambda = 1.271062e+00
BG_FUNC: a=1.17e-14 V=2.54e-01 factor_V=2.45e+58 factor_rho=5.62e-56 rho_eV2=6.20e+57 rho_final=3.49e+02
BG_FUNC: a=4.35e-13 V=2.54e-01 factor_V=2.45e+58 factor_rho=5.62e-56 rho_eV2=6.20e+57 rho_final=3.49e+02
BG_FUNC: a=1.73e-11 V=2.54e-01 factor_V=2.45e+58 factor_rho=5.62e-56 rho_eV2=6.20e+57 rho_final=3.49e+02
BG_FUNC: a=6.86e-10 V=2.54e-01 factor_V=2.45e+58 factor_rho=5.62e-56 rho_eV2=6.20e+57 rho_final=3.49e+02
BG_FUNC: a=2.75e-08 V=2.54e-01 factor_V=2.45e+58 factor_rho=5.62e-56 rho_eV2=6.20e+57 rho_final=3.49e+02
BG_FUNC: a=1.08e-06 V=2.54e-01 factor_V=2.45e+58 factor_rho=5.62e-56 rho_eV2=6.20e+57 rho_final=3.49e+02
BG_FUNC: a=4.32e-05 V=2.52e-01 factor_V=2.45e+58 factor_rho=5.62e-56 rho_eV2=6.18e+57 rho_final=3.47e+02
RIDDER SWITCHING: z_osc = 5903.90, a_osc = 1.693510e-04
DEBUG: Ridder field ENABLED. Lambda = 1.254362e+00
DEBUG: Ridder field ENABLED. Lambda = 1.254362e+00
BG_FUNC: a=8.93e-14 V=2.40e-01 factor_V=2.45e+58 factor_rho=5.62e-56 rho_eV2=5.88e+57 rho_final=3.31e+02
BG_FUNC: a=3.41e-12 V=2.40e-01 factor_V=2.45e+58 factor_rho=5.62e-56 rho_eV2=5.88e+57 rho_final=3.31e+02
BG_FUNC: a=1.35e-10 V=2.40e-01 factor_V=2.45e+58 factor_rho=5.62e-56 rho_eV2=5.88e+57 rho_final=3.31e+02
BG_FUNC: a=5.35e-09 V=2.40e-01 factor_V=2.45e+58 factor_rho=5.62e-56 rho_eV2=5.88e+57 rho_final=3.31e+02
BG_FUNC: a=2.12e-07 V=2.40e-01 factor_V=2.45e+58 factor_rho=5.62e-56 rho_eV2=5.88e+57 rho_final=3.31e+02
BG_FUNC: a=8.40e-06 V=2.40e-01 factor_V=2.45e+58 factor_rho=5.62e-56 rho_eV2=5.88e+57 rho_final=3.31e+02
RIDDER SWITCHING: z_osc = 5790.67, a_osc = 1.726617e-04
DEBUG: Ridder field ENABLED. Lambda = 1.271062e+00
DEBUG: Ridder field ENABLED. Lambda = 1.271062e+00
BG_FUNC: a=1.75e-14 V=2.54e-01 factor_V=2.45e+58 factor_rho=5.62e-56 rho_eV2=6.20e+57 rho_final=3.49e+02
BG_FUNC: a=6.54e-13 V=2.54e-01 factor_V=2.45e+58 factor_rho=5.62e-56 rho_eV2=6.20e+57 rho_final=3.49e+02
BG_FUNC: a=2.60e-11 V=2.54e-01 factor_V=2.45e+58 factor_rho=5.62e-56 rho_eV2=6.20e+57 rho_final=3.49e+02
BG_FUNC: a=1.03e-09 V=2.54e-01 factor_V=2.45e+58 factor_rho=5.62e-56 rho_eV2=6.20e+57 rho_final=3.49e+02
BG_FUNC: a=4.10e-08 V=2.54e-01 fac[mcmc] Progress @ 2025-12-01 00:32:40 : 9379 steps taken, and 1544 accepted.
[mcmc] Progress @ 2025-12-01 00:34:08 : 9403 steps taken, and 1548 accepted.
[mcmc] Progress @ 2025-12-01 00:35:38 : 9435 steps taken, and 1553 accepted.
tor_V=2.45e+58 factor_rho=5.62e-56 rho_eV2=6.20e+57 rho_final=3.49e+02
BG_FUNC: a=1.63e-06 V=2.54e-01 factor_V=2.45e+58 factor_rho=5.62e-56 rho_eV2=6.20e+57 rho_final=3.49e+02
BG_FUNC: a=6.46e-05 V=2.46e-01 factor_V=2.45e+58 factor_rho=5.62e-56 rho_eV2=6.09e+57 rho_final=3.42e+02
RIDDER SWITCHING: z_osc = 5873.01, a_osc = 1.702414e-04
DEBUG: Ridder field ENABLED. Lambda = 1.375099e+00
DEBUG: Ridder field ENABLED. Lambda = 1.375099e+00
BG_FUNC: a=1.29e-13 V=3.47e-01 factor_V=2.45e+58 factor_rho=5.62e-56 rho_eV2=8.49e+57 rho_final=4.77e+02
BG_FUNC: a=5.17e-12 V=3.47e-01 factor_V=2.45e+58 factor_rho=5.62e-56 rho_eV2=8.49e+57 rho_final=4.77e+02
BG_FUNC: a=2.07e-10 V=3.47e-01 factor_V=2.45e+58 factor_rho=5.62e-56 rho_eV2=8.49e+57 rho_final=4.77e+02
BG_FUNC: a=8.28e-09 V=3.47e-01 factor_V=2.45e+58 factor_rho=5.62e-56 rho_eV2=8.49e+57 rho_final=4.77e+02
BG_FUNC: a=3.31e-07 V=3.47e-01 factor_V=2.45e+58 factor_rho=5.62e-56 rho_eV2=8.49e+57 rho_final=4.77e+02
BG_FUNC: a=1.33e-05 V=3.47e-01 factor_V=2.45e+58 factor_rho=5.62e-56 rho_eV2=8.49e+57 rho_final=4.77e+02
RIDDER SWITCHING: z_osc = 6429.28, a_osc = 1.555141e-04
DEBUG: Ridder field ENABLED. Lambda = 1.743470e+00
DEBUG: Ridder field ENABLED. Lambda = 1.743470e+00
BG_FUNC: a=3.04e-14 V=8.98e-01 factor_V=2.45e+58 factor_rho=5.62e-56 rho_eV2=2.19e+58 rho_final=1.23e+03
BG_FUNC: a=1.15e-12 V=8.98e-01 factor_V=2.45e+58 factor_rho=5.62e-56 rho_eV2=2.19e+58 rho_final=1.23e+03
BG_FUNC: a=4.57e-11 V=8.98e-01 factor_V=2.45e+58 factor_rho=5.62e-56 rho_eV2=2.19e+58 rho_final=1.23e+03
BG_FUNC: a=1.81e-09 V=8.98e-01 factor_V=2.45e+58 factor_rho=5.62e-56 rho_eV2=2.19e+58 rho_final=1.23e+03
BG_FUNC: a=7.27e-08 V=8.98e-01 factor_V=2.45e+58 factor_rho=5.62e-56 rho_eV2=2.19e+58 rho_final=1.23e+03
BG_FUNC: a=2.86e-06 V=8.98e-01 factor_V=2.45e+58 factor_rho=5.62e-56 rho_eV2=2.19e+58 rho_final=1.23e+03
BG_FUNC: a=1.11e-04 V=4.17e-01 factor_V=2.45e+58 factor_rho=5.62e-56 rho_eV2=1.38e+58 rho_final=7.77e+02
RIDDER SWITCHING: z_osc = 8340.31, a_osc = 1.198852e-04
DEBUG: Ridder field ENABLED. Lambda = 1.252059e+00
DEBUG: Ridder field ENABLED. Lambda = 1.252059e+00
BG_FUNC: a=3.23e-13 V=2.39e-01 factor_V=2.45e+58 factor_rho=5.62e-56 rho_eV2=5.84e+57 rho_final=3.28e+02
BG_FUNC: a=1.29e-11 V=2.39e-01 factor_V=2.45e+58 factor_rho=5.62e-56 rho_eV2=5.84e+57 rho_final=3.28e+02
BG_FUNC: a=5.18e-10 V=2.39e-01 factor_V=2.45e+58 factor_rho=5.62e-56 rho_eV2=5.84e+57 rho_final=3.28e+02
BG_FUNC: a=2.07e-08 V=2.39e-01 factor_V=2.45e+58 factor_rho=5.62e-56 rho_eV2=5.84e+57 rho_final=3.28e+02
BG_FUNC: a=8.31e-07 V=2.39e-01 factor_V=2.45e+58 factor_rho=5.62e-56 rho_eV2=5.84e+57 rho_final=3.28e+02
BG_FUNC: a=3.33e-05 V=2.38e-01 factor_V=2.45e+58 factor_rho=5.62e-56 rho_eV2=5.83e+57 rho_final=3.28e+02
RIDDER SWITCHING: z_osc = 5762.54, a_osc = 1.735045e-04
DEBUG: Ridder field ENABLED. Lambda = 1.195139e+00
DEBUG: Ridder field ENABLED. Lambda = 1.195139e+00
BG_FUNC: a=6.75e-14 V=1.98e-01 factor_V=2.45e+58 factor_rho=5.62e-56 rho_eV2=4.85e+57 rho_final=2.72e+02
BG_FUNC: a=2.61e-12 V=1.98e-01 factor_V=2.45e+58 factor_rho=5.62e-56 rho_eV2=4.85e+57 rho_final=2.72e+02
BG_FUNC: a=1.05e-10 V=1.98e-01 factor_V=2.45e+58 factor_rho=5.62e-56 rho_eV2=4.85e+57 rho_final=2.72e+02
BG_FUNC: a=4.19e-09 V=1.98e-01 factor_V=2.45e+58 factor_rho=5.62e-56 rho_eV2=4.85e+57 rho_final=2.72e+02
BG_FUNC: a=1.68e-07 V=1.98e-01 factor_V=2.45e+58 factor_rho=5.62e-56 rho_eV2=4.85e+57 rho_final=2.72e+02
BG_FUNC: a=6.72e-06 V=1.98e-01 factor_V=2.45e+58 factor_rho=5.62e-56 rho_eV2=4.85e+57 rho_final=2.72e+02
RIDDER SWITCHING: z_osc = 5502.99, a_osc = 1.816865e-04
DEBUG: Ridder field ENABLED. Lambda = 1.340425e+00
DEBUG: Ridder field ENABLED. Lambda = 1.340425e+00
BG_FUNC: a=1.35e-14 V=3.14e-01 factor_V=2.45e+58 factor_rho=5.62e-56 rho_eV2=7.67e+57 rho_final=4.31e+02
BG_FUNC: a=5.06e-13 V=3.14e-01 factor_V=2.45e+58 factor_rho=5.62e-56 rho_eV2=7.67e+57 rho_final=4.31e+02
BG_FUNC: a=2.01e-11 V=3.14e-01 factor_V=2.45e+58 factor_rho=5.62e-56 rho_eV2=7.67e+57 rho_final=4.31e+02
BG_FUNC: a=8.00e-10 V=3.14e-01 factor_V=2.45e+58 factor_rho=5.62e-56 rho_eV2=7.67e+57[mcmc] Progress @ 2025-12-01 00:36:39 : 9457 steps taken, and 1558 accepted.
[mcmc] Progress @ 2025-12-01 00:38:02 : 9481 steps taken, and 1561 accepted.
[mcmc] Progress @ 2025-12-01 00:39:09 : 9490 steps taken, and 1562 accepted.
 rho_final=4.31e+02
BG_FUNC: a=3.18e-08 V=3.14e-01 factor_V=2.45e+58 factor_rho=5.62e-56 rho_eV2=7.67e+57 rho_final=4.31e+02
BG_FUNC: a=1.28e-06 V=3.14e-01 factor_V=2.45e+58 factor_rho=5.62e-56 rho_eV2=7.67e+57 rho_final=4.31e+02
BG_FUNC: a=5.02e-05 V=3.09e-01 factor_V=2.45e+58 factor_rho=5.62e-56 rho_eV2=7.60e+57 rho_final=4.27e+02
RIDDER SWITCHING: z_osc = 6236.23, a_osc = 1.603277e-04
DEBUG: Ridder field ENABLED. Lambda = 1.741829e+00
DEBUG: Ridder field ENABLED. Lambda = 1.741829e+00
BG_FUNC: a=1.06e-13 V=8.94e-01 factor_V=2.45e+58 factor_rho=5.62e-56 rho_eV2=2.19e+58 rho_final=1.23e+03
BG_FUNC: a=4.21e-12 V=8.94e-01 factor_V=2.45e+58 factor_rho=5.62e-56 rho_eV2=2.19e+58 rho_final=1.23e+03
BG_FUNC: a=1.67e-10 V=8.94e-01 factor_V=2.45e+58 factor_rho=5.62e-56 rho_eV2=2.19e+58 rho_final=1.23e+03
BG_FUNC: a=6.64e-09 V=8.94e-01 factor_V=2.45e+58 factor_rho=5.62e-56 rho_eV2=2.19e+58 rho_final=1.23e+03
BG_FUNC: a=2.64e-07 V=8.94e-01 factor_V=2.45e+58 factor_rho=5.62e-56 rho_eV2=2.19e+58 rho_final=1.23e+03
BG_FUNC: a=1.05e-05 V=8.94e-01 factor_V=2.45e+58 factor_rho=5.62e-56 rho_eV2=2.19e+58 rho_final=1.23e+03
RIDDER SWITCHING: z_osc = 8392.04, a_osc = 1.191463e-04
DEBUG: Ridder field ENABLED. Lambda = 1.256487e+00
DEBUG: Ridder field ENABLED. Lambda = 1.256487e+00
BG_FUNC: a=3.12e-14 V=2.42e-01 factor_V=2.45e+58 factor_rho=5.62e-56 rho_eV2=5.92e+57 rho_final=3.33e+02
BG_FUNC: a=1.19e-12 V=2.42e-01 factor_V=2.45e+58 factor_rho=5.62e-56 rho_eV2=5.92e+57 rho_final=3.33e+02
BG_FUNC: a=4.73e-11 V=2.42e-01 factor_V=2.45e+58 factor_rho=5.62e-56 rho_eV2=5.92e+57 rho_final=3.33e+02
BG_FUNC: a=1.88e-09 V=2.42e-01 factor_V=2.45e+58 factor_rho=5.62e-56 rho_eV2=5.92e+57 rho_final=3.33e+02
BG_FUNC: a=7.46e-08 V=2.42e-01 factor_V=2.45e+58 factor_rho=5.62e-56 rho_eV2=5.92e+57 rho_final=3.33e+02
BG_FUNC: a=2.94e-06 V=2.42e-01 factor_V=2.45e+58 factor_rho=5.62e-56 rho_eV2=5.92e+57 rho_final=3.33e+02
BG_FUNC: a=1.15e-04 V=1.88e-01 factor_V=2.45e+58 factor_rho=5.62e-56 rho_eV2=5.07e+57 rho_final=2.85e+02
RIDDER SWITCHING: z_osc = 5804.44, a_osc = 1.722522e-04
DEBUG: Ridder field ENABLED. Lambda = 1.271062e+00
DEBUG: Ridder field ENABLED. Lambda = 1.271062e+00
BG_FUNC: a=2.29e-13 V=2.54e-01 factor_V=2.45e+58 factor_rho=5.62e-56 rho_eV2=6.20e+57 rho_final=3.49e+02
BG_FUNC: a=9.07e-12 V=2.54e-01 factor_V=2.45e+58 factor_rho=5.62e-56 rho_eV2=6.20e+57 rho_final=3.49e+02
BG_FUNC: a=3.59e-10 V=2.54e-01 factor_V=2.45e+58 factor_rho=5.62e-56 rho_eV2=6.20e+57 rho_final=3.49e+02
BG_FUNC: a=1.42e-08 V=2.54e-01 factor_V=2.45e+58 factor_rho=5.62e-56 rho_eV2=6.20e+57 rho_final=3.49e+02
BG_FUNC: a=5.64e-07 V=2.54e-01 factor_V=2.45e+58 factor_rho=5.62e-56 rho_eV2=6.20e+57 rho_final=3.49e+02
BG_FUNC: a=2.23e-05 V=2.53e-01 factor_V=2.45e+58 factor_rho=5.62e-56 rho_eV2=6.20e+57 rho_final=3.48e+02
RIDDER SWITCHING: z_osc = 5877.20, a_osc = 1.701200e-04
DEBUG: Ridder field ENABLED. Lambda = 1.347281e+00
DEBUG: Ridder field ENABLED. Lambda = 1.347281e+00
BG_FUNC: a=4.64e-14 V=3.20e-01 factor_V=2.45e+58 factor_rho=5.62e-56 rho_eV2=7.83e+57 rho_final=4.40e+02
BG_FUNC: a=1.78e-12 V=3.20e-01 factor_V=2.45e+58 factor_rho=5.62e-56 rho_eV2=7.83e+57 rho_final=4.40e+02
BG_FUNC: a=7.01e-11 V=3.20e-01 factor_V=2.45e+58 factor_rho=5.62e-56 rho_eV2=7.83e+57 rho_final=4.40e+02
BG_FUNC: a=2.78e-09 V=3.20e-01 factor_V=2.45e+58 factor_rho=5.62e-56 rho_eV2=7.83e+57 rho_final=4.40e+02
BG_FUNC: a=1.10e-07 V=3.20e-01 factor_V=2.45e+58 factor_rho=5.62e-56 rho_eV2=7.83e+57 rho_final=4.40e+02
BG_FUNC: a=4.37e-06 V=3.20e-01 factor_V=2.45e+58 factor_rho=5.62e-56 rho_eV2=7.83e+57 rho_final=4.40e+02
RIDDER SWITCHING: z_osc = 6320.25, a_osc = 1.581966e-04
DEBUG: Ridder field ENABLED. Lambda = 1.954881e+00
DEBUG: Ridder field ENABLED. Lambda = 1.954881e+00
BG_FUNC: a=1.01e-14 V=1.42e+00 factor_V=2.45e+58 factor_rho=5.62e-56 rho_eV2=3.47e+58 rho_final=1.95e+03
BG_FUNC: a=3.73e-13 V=1.42e+00 factor_V=2.45e+58 factor_rho=5.62e-56 rho_eV2=3.47e+58 rho_final=1.95e+03
BG_FUNC: a=1.48e-11 V=1.42e+00 factor_V=2.45e+58 factor_rho=5.62e-56 rho_eV2=3.47e+58 rho_final=1.95e+03
BG_FUNC: a=5.93e-10 V=1.42e+00 [mcmc] Progress @ 2025-12-01 00:40:18 : 9504 steps taken, and 1566 accepted.
[mcmc] Progress @ 2025-12-01 00:41:35 : 9524 steps taken, and 1569 accepted.
[mcmc] Progress @ 2025-12-01 00:42:36 : 9568 steps taken, and 1576 accepted.
factor_V=2.45e+58 factor_rho=5.62e-56 rho_eV2=3.47e+58 rho_final=1.95e+03
BG_FUNC: a=2.34e-08 V=1.42e+00 factor_V=2.45e+58 factor_rho=5.62e-56 rho_eV2=3.47e+58 rho_final=1.95e+03
BG_FUNC: a=9.29e-07 V=1.42e+00 factor_V=2.45e+58 factor_rho=5.62e-56 rho_eV2=3.47e+58 rho_final=1.95e+03
BG_FUNC: a=3.73e-05 V=1.39e+00 factor_V=2.45e+58 factor_rho=5.62e-56 rho_eV2=3.43e+58 rho_final=1.93e+03
RIDDER SWITCHING: z_osc = 9471.52, a_osc = 1.055685e-04
DEBUG: Ridder field ENABLED. Lambda = 1.352796e+00
DEBUG: Ridder field ENABLED. Lambda = 1.352796e+00
BG_FUNC: a=1.19e-13 V=3.25e-01 factor_V=2.45e+58 factor_rho=5.62e-56 rho_eV2=7.96e+57 rho_final=4.47e+02
BG_FUNC: a=4.73e-12 V=3.25e-01 factor_V=2.45e+58 factor_rho=5.62e-56 rho_eV2=7.96e+57 rho_final=4.47e+02
BG_FUNC: a=1.88e-10 V=3.25e-01 factor_V=2.45e+58 factor_rho=5.62e-56 rho_eV2=7.96e+57 rho_final=4.47e+02
BG_FUNC: a=7.49e-09 V=3.25e-01 factor_V=2.45e+58 factor_rho=5.62e-56 rho_eV2=7.96e+57 rho_final=4.47e+02
BG_FUNC: a=2.98e-07 V=3.25e-01 factor_V=2.45e+58 factor_rho=5.62e-56 rho_eV2=7.96e+57 rho_final=4.47e+02
BG_FUNC: a=1.19e-05 V=3.25e-01 factor_V=2.45e+58 factor_rho=5.62e-56 rho_eV2=7.95e+57 rho_final=4.47e+02
RIDDER SWITCHING: z_osc = 6314.78, a_osc = 1.583336e-04
DEBUG: Ridder field ENABLED. Lambda = 1.396711e+00
DEBUG: Ridder field ENABLED. Lambda = 1.396711e+00
BG_FUNC: a=2.68e-14 V=3.70e-01 factor_V=2.45e+58 factor_rho=5.62e-56 rho_eV2=9.04e+57 rho_final=5.08e+02
BG_FUNC: a=1.02e-12 V=3.70e-01 factor_V=2.45e+58 factor_rho=5.62e-56 rho_eV2=9.04e+57 rho_final=5.08e+02
BG_FUNC: a=4.07e-11 V=3.70e-01 factor_V=2.45e+58 factor_rho=5.62e-56 rho_eV2=9.04e+57 rho_final=5.08e+02
BG_FUNC: a=1.63e-09 V=3.70e-01 factor_V=2.45e+58 factor_rho=5.62e-56 rho_eV2=9.04e+57 rho_final=5.08e+02
BG_FUNC: a=6.51e-08 V=3.70e-01 factor_V=2.45e+58 factor_rho=5.62e-56 rho_eV2=9.04e+57 rho_final=5.08e+02
BG_FUNC: a=2.60e-06 V=3.70e-01 factor_V=2.45e+58 factor_rho=5.62e-56 rho_eV2=9.04e+57 rho_final=5.08e+02
BG_FUNC: a=1.04e-04 V=2.85e-01 factor_V=2.45e+58 factor_rho=5.62e-56 rho_eV2=7.71e+57 rho_final=4.34e+02
RIDDER SWITCHING: z_osc = 6542.16, a_osc = 1.528313e-04
DEBUG: Ridder field ENABLED. Lambda = 1.252544e+00
DEBUG: Ridder field ENABLED. Lambda = 1.252544e+00
BG_FUNC: a=2.31e-13 V=2.39e-01 factor_V=2.45e+58 factor_rho=5.62e-56 rho_eV2=5.85e+57 rho_final=3.29e+02
BG_FUNC: a=9.16e-12 V=2.39e-01 factor_V=2.45e+58 factor_rho=5.62e-56 rho_eV2=5.85e+57 rho_final=3.29e+02
BG_FUNC: a=3.63e-10 V=2.39e-01 factor_V=2.45e+58 factor_rho=5.62e-56 rho_eV2=5.85e+57 rho_final=3.29e+02
BG_FUNC: a=1.45e-08 V=2.39e-01 factor_V=2.45e+58 factor_rho=5.62e-56 rho_eV2=5.85e+57 rho_final=3.29e+02
BG_FUNC: a=5.70e-07 V=2.39e-01 factor_V=2.45e+58 factor_rho=5.62e-56 rho_eV2=5.85e+57 rho_final=3.29e+02
BG_FUNC: a=2.26e-05 V=2.39e-01 factor_V=2.45e+58 factor_rho=5.62e-56 rho_eV2=5.84e+57 rho_final=3.29e+02
RIDDER SWITCHING: z_osc = 5805.38, a_osc = 1.722243e-04
DEBUG: Ridder field ENABLED. Lambda = 1.289456e+00
DEBUG: Ridder field ENABLED. Lambda = 1.289456e+00
BG_FUNC: a=4.62e-14 V=2.69e-01 factor_V=2.45e+58 factor_rho=5.62e-56 rho_eV2=6.57e+57 rho_final=3.69e+02
BG_FUNC: a=1.77e-12 V=2.69e-01 factor_V=2.45e+58 factor_rho=5.62e-56 rho_eV2=6.57e+57 rho_final=3.69e+02
BG_FUNC: a=7.02e-11 V=2.69e-01 factor_V=2.45e+58 factor_rho=5.62e-56 rho_eV2=6.57e+57 rho_final=3.69e+02
BG_FUNC: a=2.81e-09 V=2.69e-01 factor_V=2.45e+58 factor_rho=5.62e-56 rho_eV2=6.57e+57 rho_final=3.69e+02
BG_FUNC: a=1.11e-07 V=2.69e-01 factor_V=2.45e+58 factor_rho=5.62e-56 rho_eV2=6.57e+57 rho_final=3.69e+02
BG_FUNC: a=4.40e-06 V=2.69e-01 factor_V=2.45e+58 factor_rho=5.62e-56 rho_eV2=6.57e+57 rho_final=3.69e+02
RIDDER SWITCHING: z_osc = 5976.39, a_osc = 1.672972e-04
DEBUG: Ridder field ENABLED. Lambda = 1.210174e+00
DEBUG: Ridder field ENABLED. Lambda = 1.210174e+00
BG_FUNC: a=1.00e-14 V=2.08e-01 factor_V=2.45e+58 factor_rho=5.62e-56 rho_eV2=5.09e+57 rho_final=2.86e+02
BG_FUNC: a=3.58e-13 V=2.08e-01 factor_V=2.45e+58 factor_rho=5.62e-56 rho_eV2=5.09e+57 rho_final=2.86e+02
BG_FUNC: a=1.43e-11 V=2.08e-01 factor_V=2.45e+58 factor_rho=5.62e-56 rho_eV2=5.09e[mcmc] Progress @ 2025-12-01 00:43:41 : 9575 steps taken, and 1576 accepted.
[mcmc] Progress @ 2025-12-01 00:45:04 : 9608 steps taken, and 1583 accepted.
+57 rho_final=2.86e+02
BG_FUNC: a=5.62e-10 V=2.08e-01 factor_V=2.45e+58 factor_rho=5.62e-56 rho_eV2=5.09e+57 rho_final=2.86e+02
BG_FUNC: a=2.23e-08 V=2.08e-01 factor_V=2.45e+58 factor_rho=5.62e-56 rho_eV2=5.09e+57 rho_final=2.86e+02
BG_FUNC: a=8.82e-07 V=2.08e-01 factor_V=2.45e+58 factor_rho=5.62e-56 rho_eV2=5.09e+57 rho_final=2.86e+02
BG_FUNC: a=3.48e-05 V=2.08e-01 factor_V=2.45e+58 factor_rho=5.62e-56 rho_eV2=5.09e+57 rho_final=2.86e+02
RIDDER SWITCHING: z_osc = 5564.19, a_osc = 1.796883e-04
DEBUG: Ridder field ENABLED. Lambda = 1.252544e+00
DEBUG: Ridder field ENABLED. Lambda = 1.252544e+00
BG_FUNC: a=6.81e-14 V=2.39e-01 factor_V=2.45e+58 factor_rho=5.62e-56 rho_eV2=5.85e+57 rho_final=3.29e+02
BG_FUNC: a=2.62e-12 V=2.39e-01 factor_V=2.45e+58 factor_rho=5.62e-56 rho_eV2=5.85e+57 rho_final=3.29e+02
BG_FUNC: a=1.04e-10 V=2.39e-01 factor_V=2.45e+58 factor_rho=5.62e-56 rho_eV2=5.85e+57 rho_final=3.29e+02
BG_FUNC: a=4.11e-09 V=2.39e-01 factor_V=2.45e+58 factor_rho=5.62e-56 rho_eV2=5.85e+57 rho_final=3.29e+02
BG_FUNC: a=1.63e-07 V=2.39e-01 factor_V=2.45e+58 factor_rho=5.62e-56 rho_eV2=5.85e+57 rho_final=3.29e+02
BG_FUNC: a=6.46e-06 V=2.39e-01 factor_V=2.45e+58 factor_rho=5.62e-56 rho_eV2=5.85e+57 rho_final=3.29e+02
RIDDER SWITCHING: z_osc = 5805.38, a_osc = 1.722243e-04
DEBUG: Ridder field ENABLED. Lambda = 1.107609e+00
DEBUG: Ridder field ENABLED. Lambda = 1.107609e+00
BG_FUNC: a=1.35e-14 V=1.46e-01 factor_V=2.45e+58 factor_rho=5.62e-56 rho_eV2=3.57e+57 rho_final=2.01e+02
BG_FUNC: a=5.04e-13 V=1.46e-01 factor_V=2.45e+58 factor_rho=5.62e-56 rho_eV2=3.57e+57 rho_final=2.01e+02
BG_FUNC: a=2.02e-11 V=1.46e-01 factor_V=2.45e+58 factor_rho=5.62e-56 rho_eV2=3.57e+57 rho_final=2.01e+02
BG_FUNC: a=7.96e-10 V=1.46e-01 factor_V=2.45e+58 factor_rho=5.62e-56 rho_eV2=3.57e+57 rho_final=2.01e+02
BG_FUNC: a=3.16e-08 V=1.46e-01 factor_V=2.45e+58 factor_rho=5.62e-56 rho_eV2=3.57e+57 rho_final=2.01e+02
BG_FUNC: a=1.25e-06 V=1.46e-01 factor_V=2.45e+58 factor_rho=5.62e-56 rho_eV2=3.57e+57 rho_final=2.01e+02
BG_FUNC: a=4.96e-05 V=1.45e-01 factor_V=2.45e+58 factor_rho=5.62e-56 rho_eV2=3.56e+57 rho_final=2.00e+02
RIDDER SWITCHING: z_osc = 5028.44, a_osc = 1.988292e-04
DEBUG: Ridder field ENABLED. Lambda = 1.288261e+00
DEBUG: Ridder field ENABLED. Lambda = 1.288261e+00
BG_FUNC: a=8.78e-14 V=2.68e-01 factor_V=2.45e+58 factor_rho=5.62e-56 rho_eV2=6.54e+57 rho_final=3.68e+02
BG_FUNC: a=3.43e-12 V=2.68e-01 factor_V=2.45e+58 factor_rho=5.62e-56 rho_eV2=6.54e+57 rho_final=3.68e+02
BG_FUNC: a=1.38e-10 V=2.68e-01 factor_V=2.45e+58 factor_rho=5.62e-56 rho_eV2=6.54e+57 rho_final=3.68e+02
BG_FUNC: a=5.54e-09 V=2.68e-01 factor_V=2.45e+58 factor_rho=5.62e-56 rho_eV2=6.54e+57 rho_final=3.68e+02
BG_FUNC: a=2.23e-07 V=2.68e-01 factor_V=2.45e+58 factor_rho=5.62e-56 rho_eV2=6.54e+57 rho_final=3.68e+02
BG_FUNC: a=8.96e-06 V=2.68e-01 factor_V=2.45e+58 factor_rho=5.62e-56 rho_eV2=6.54e+57 rho_final=3.68e+02
RIDDER SWITCHING: z_osc = 5969.30, a_osc = 1.674956e-04
DEBUG: Ridder field ENABLED. Lambda = 1.369458e+00
DEBUG: Ridder field ENABLED. Lambda = 1.369458e+00
BG_FUNC: a=1.93e-14 V=3.42e-01 factor_V=2.45e+58 factor_rho=5.62e-56 rho_eV2=8.35e+57 rho_final=4.70e+02
BG_FUNC: a=7.28e-13 V=3.42e-01 factor_V=2.45e+58 factor_rho=5.62e-56 rho_eV2=8.35e+57 rho_final=4.70e+02
BG_FUNC: a=2.92e-11 V=3.42e-01 factor_V=2.45e+58 factor_rho=5.62e-56 rho_eV2=8.35e+57 rho_final=4.70e+02
BG_FUNC: a=1.17e-09 V=3.42e-01 factor_V=2.45e+58 factor_rho=5.62e-56 rho_eV2=8.35e+57 rho_final=4.70e+02
BG_FUNC: a=4.69e-08 V=3.42e-01 factor_V=2.45e+58 factor_rho=5.62e-56 rho_eV2=8.35e+57 rho_final=4.70e+02
BG_FUNC: a=1.88e-06 V=3.42e-01 factor_V=2.45e+58 factor_rho=5.62e-56 rho_eV2=8.35e+57 rho_final=4.70e+02
BG_FUNC: a=7.48e-05 V=3.18e-01 factor_V=2.45e+58 factor_rho=5.62e-56 rho_eV2=8.00e+57 rho_final=4.50e+02
RIDDER SWITCHING: z_osc = 6383.32, a_osc = 1.566336e-04
DEBUG: Ridder field ENABLED. Lambda = 1.508705e+00
DEBUG: Ridder field ENABLED. Lambda = 1.508705e+00
BG_FUNC: a=1.63e-13 V=5.03e-01 factor_V=2.45e+58 factor_rho=5.62e-56 rho_eV2=1.23e+58 rho_final=6.92e+02
BG_FUNC: a=6.45e-12 V=5.03e-[mcmc] Progress @ 2025-12-01 00:46:30 : 9644 steps taken, and 1593 accepted.
[mcmc] Progress @ 2025-12-01 00:47:52 : 9680 steps taken, and 1599 accepted.
[mcmc] Progress @ 2025-12-01 00:48:55 : 9686 steps taken, and 1600 accepted.
01 factor_V=2.45e+58 factor_rho=5.62e-56 rho_eV2=1.23e+58 rho_final=6.92e+02
BG_FUNC: a=2.56e-10 V=5.03e-01 factor_V=2.45e+58 factor_rho=5.62e-56 rho_eV2=1.23e+58 rho_final=6.92e+02
BG_FUNC: a=1.01e-08 V=5.03e-01 factor_V=2.45e+58 factor_rho=5.62e-56 rho_eV2=1.23e+58 rho_final=6.92e+02
BG_FUNC: a=4.02e-07 V=5.03e-01 factor_V=2.45e+58 factor_rho=5.62e-56 rho_eV2=1.23e+58 rho_final=6.92e+02
BG_FUNC: a=1.61e-05 V=5.03e-01 factor_V=2.45e+58 factor_rho=5.62e-56 rho_eV2=1.23e+58 rho_final=6.92e+02
RIDDER SWITCHING: z_osc = 7125.63, a_osc = 1.403187e-04
DEBUG: Ridder field ENABLED. Lambda = 1.237952e+00
DEBUG: Ridder field ENABLED. Lambda = 1.237952e+00
BG_FUNC: a=4.01e-14 V=2.28e-01 factor_V=2.45e+58 factor_rho=5.62e-56 rho_eV2=5.58e+57 rho_final=3.14e+02
BG_FUNC: a=1.52e-12 V=2.28e-01 factor_V=2.45e+58 factor_rho=5.62e-56 rho_eV2=5.58e+57 rho_final=3.14e+02
BG_FUNC: a=6.03e-11 V=2.28e-01 factor_V=2.45e+58 factor_rho=5.62e-56 rho_eV2=5.58e+57 rho_final=3.14e+02
BG_FUNC: a=2.41e-09 V=2.28e-01 factor_V=2.45e+58 factor_rho=5.62e-56 rho_eV2=5.58e+57 rho_final=3.14e+02
BG_FUNC: a=9.48e-08 V=2.28e-01 factor_V=2.45e+58 factor_rho=5.62e-56 rho_eV2=5.58e+57 rho_final=3.14e+02
BG_FUNC: a=3.76e-06 V=2.28e-01 factor_V=2.45e+58 factor_rho=5.62e-56 rho_eV2=5.58e+57 rho_final=3.14e+02
BG_FUNC: a=1.46e-04 V=1.30e-01 factor_V=2.45e+58 factor_rho=5.62e-56 rho_eV2=3.96e+57 rho_final=2.23e+02
RIDDER SWITCHING: z_osc = 5708.04, a_osc = 1.751608e-04
DEBUG: Ridder field ENABLED. Lambda = 1.252544e+00
DEBUG: Ridder field ENABLED. Lambda = 1.252544e+00
BG_FUNC: a=2.87e-13 V=2.39e-01 factor_V=2.45e+58 factor_rho=5.62e-56 rho_eV2=5.85e+57 rho_final=3.29e+02
BG_FUNC: a=1.14e-11 V=2.39e-01 factor_V=2.45e+58 factor_rho=5.62e-56 rho_eV2=5.85e+57 rho_final=3.29e+02
BG_FUNC: a=4.52e-10 V=2.39e-01 factor_V=2.45e+58 factor_rho=5.62e-56 rho_eV2=5.85e+57 rho_final=3.29e+02
BG_FUNC: a=1.79e-08 V=2.39e-01 factor_V=2.45e+58 factor_rho=5.62e-56 rho_eV2=5.85e+57 rho_final=3.29e+02
BG_FUNC: a=7.12e-07 V=2.39e-01 factor_V=2.45e+58 factor_rho=5.62e-56 rho_eV2=5.85e+57 rho_final=3.29e+02
BG_FUNC: a=2.85e-05 V=2.39e-01 factor_V=2.45e+58 factor_rho=5.62e-56 rho_eV2=5.84e+57 rho_final=3.28e+02
RIDDER SWITCHING: z_osc = 5786.00, a_osc = 1.728012e-04
DEBUG: Ridder field ENABLED. Lambda = 1.577456e+00
DEBUG: Ridder field ENABLED. Lambda = 1.577456e+00
BG_FUNC: a=5.75e-14 V=6.02e-01 factor_V=2.45e+58 factor_rho=5.62e-56 rho_eV2=1.47e+58 rho_final=8.27e+02
BG_FUNC: a=2.19e-12 V=6.02e-01 factor_V=2.45e+58 factor_rho=5.62e-56 rho_eV2=1.47e+58 rho_final=8.27e+02
BG_FUNC: a=8.70e-11 V=6.02e-01 factor_V=2.45e+58 factor_rho=5.62e-56 rho_eV2=1.47e+58 rho_final=8.27e+02
BG_FUNC: a=3.45e-09 V=6.02e-01 factor_V=2.45e+58 factor_rho=5.62e-56 rho_eV2=1.47e+58 rho_final=8.27e+02
BG_FUNC: a=1.37e-07 V=6.02e-01 factor_V=2.45e+58 factor_rho=5.62e-56 rho_eV2=1.47e+58 rho_final=8.27e+02
BG_FUNC: a=5.43e-06 V=6.02e-01 factor_V=2.45e+58 factor_rho=5.62e-56 rho_eV2=1.47e+58 rho_final=8.27e+02
RIDDER SWITCHING: z_osc = 7467.74, a_osc = 1.338914e-04
DEBUG: Ridder field ENABLED. Lambda = 1.286290e+00
DEBUG: Ridder field ENABLED. Lambda = 1.286290e+00
BG_FUNC: a=1.47e-14 V=2.66e-01 factor_V=2.45e+58 factor_rho=5.62e-56 rho_eV2=6.50e+57 rho_final=3.66e+02
BG_FUNC: a=5.44e-13 V=2.66e-01 factor_V=2.45e+58 factor_rho=5.62e-56 rho_eV2=6.50e+57 rho_final=3.66e+02
BG_FUNC: a=2.16e-11 V=2.66e-01 factor_V=2.45e+58 factor_rho=5.62e-56 rho_eV2=6.50e+57 rho_final=3.66e+02
BG_FUNC: a=8.56e-10 V=2.66e-01 factor_V=2.45e+58 factor_rho=5.62e-56 rho_eV2=6.50e+57 rho_final=3.66e+02
BG_FUNC: a=3.39e-08 V=2.66e-01 factor_V=2.45e+58 factor_rho=5.62e-56 rho_eV2=6.50e+57 rho_final=3.66e+02
BG_FUNC: a=1.35e-06 V=2.66e-01 factor_V=2.45e+58 factor_rho=5.62e-56 rho_eV2=6.50e+57 rho_final=3.66e+02
BG_FUNC: a=5.38e-05 V=2.62e-01 factor_V=2.45e+58 factor_rho=5.62e-56 rho_eV2=6.44e+57 rho_final=3.62e+02
RIDDER SWITCHING: z_osc = 5973.77, a_osc = 1.673704e-04
DEBUG: Ridder field ENABLED. Lambda = 1.173020e+00
DEBUG: Ridder field ENABLED. Lambda = 1.173020e+00
BG_FUNC: a=1.09e-13 V=1.84e-01 factor_V=2.45e+58 factor_rho=5.62e-56 rho_eV2=4.[mcmc] Progress @ 2025-12-01 00:50:20 : 9727 steps taken, and 1602 accepted.
[mcmc] Progress @ 2025-12-01 00:51:40 : 9753 steps taken, and 1608 accepted.
50e+57 rho_final=2.53e+02
BG_FUNC: a=4.31e-12 V=1.84e-01 factor_V=2.45e+58 factor_rho=5.62e-56 rho_eV2=4.50e+57 rho_final=2.53e+02
BG_FUNC: a=1.71e-10 V=1.84e-01 factor_V=2.45e+58 factor_rho=5.62e-56 rho_eV2=4.50e+57 rho_final=2.53e+02
BG_FUNC: a=6.80e-09 V=1.84e-01 factor_V=2.45e+58 factor_rho=5.62e-56 rho_eV2=4.50e+57 rho_final=2.53e+02
BG_FUNC: a=2.70e-07 V=1.84e-01 factor_V=2.45e+58 factor_rho=5.62e-56 rho_eV2=4.50e+57 rho_final=2.53e+02
BG_FUNC: a=1.07e-05 V=1.84e-01 factor_V=2.45e+58 factor_rho=5.62e-56 rho_eV2=4.50e+57 rho_final=2.53e+02
RIDDER SWITCHING: z_osc = 5391.67, a_osc = 1.854369e-04
DEBUG: Ridder field ENABLED. Lambda = 1.598504e+00
DEBUG: Ridder field ENABLED. Lambda = 1.598504e+00
BG_FUNC: a=2.07e-14 V=6.34e-01 factor_V=2.45e+58 factor_rho=5.62e-56 rho_eV2=1.55e+58 rho_final=8.72e+02
BG_FUNC: a=7.77e-13 V=6.34e-01 factor_V=2.45e+58 factor_rho=5.62e-56 rho_eV2=1.55e+58 rho_final=8.72e+02
BG_FUNC: a=3.08e-11 V=6.34e-01 factor_V=2.45e+58 factor_rho=5.62e-56 rho_eV2=1.55e+58 rho_final=8.72e+02
BG_FUNC: a=1.22e-09 V=6.34e-01 factor_V=2.45e+58 factor_rho=5.62e-56 rho_eV2=1.55e+58 rho_final=8.72e+02
BG_FUNC: a=4.86e-08 V=6.34e-01 factor_V=2.45e+58 factor_rho=5.62e-56 rho_eV2=1.55e+58 rho_final=8.72e+02
BG_FUNC: a=1.93e-06 V=6.34e-01 factor_V=2.45e+58 factor_rho=5.62e-56 rho_eV2=1.55e+58 rho_final=8.72e+02
BG_FUNC: a=7.62e-05 V=5.51e-01 factor_V=2.45e+58 factor_rho=5.62e-56 rho_eV2=1.42e+58 rho_final=8.01e+02
RIDDER SWITCHING: z_osc = 7641.13, a_osc = 1.308535e-04
DEBUG: Ridder field ENABLED. Lambda = 1.270333e+00
DEBUG: Ridder field ENABLED. Lambda = 1.270333e+00
BG_FUNC: a=1.99e-13 V=2.53e-01 factor_V=2.45e+58 factor_rho=5.62e-56 rho_eV2=6.19e+57 rho_final=3.48e+02
BG_FUNC: a=7.88e-12 V=2.53e-01 factor_V=2.45e+58 factor_rho=5.62e-56 rho_eV2=6.19e+57 rho_final=3.48e+02
BG_FUNC: a=3.13e-10 V=2.53e-01 factor_V=2.45e+58 factor_rho=5.62e-56 rho_eV2=6.19e+57 rho_final=3.48e+02
BG_FUNC: a=1.24e-08 V=2.53e-01 factor_V=2.45e+58 factor_rho=5.62e-56 rho_eV2=6.19e+57 rho_final=3.48e+02
BG_FUNC: a=4.93e-07 V=2.53e-01 factor_V=2.45e+58 factor_rho=5.62e-56 rho_eV2=6.19e+57 rho_final=3.48e+02
BG_FUNC: a=1.96e-05 V=2.53e-01 factor_V=2.45e+58 factor_rho=5.62e-56 rho_eV2=6.18e+57 rho_final=3.48e+02
RIDDER SWITCHING: z_osc = 5894.45, a_osc = 1.696222e-04
DEBUG: Ridder field ENABLED. Lambda = 1.285286e+00
DEBUG: Ridder field ENABLED. Lambda = 1.285286e+00
BG_FUNC: a=4.09e-14 V=2.65e-01 factor_V=2.45e+58 factor_rho=5.62e-56 rho_eV2=6.48e+57 rho_final=3.64e+02
BG_FUNC: a=1.54e-12 V=2.65e-01 factor_V=2.45e+58 factor_rho=5.62e-56 rho_eV2=6.48e+57 rho_final=3.64e+02
BG_FUNC: a=6.05e-11 V=2.65e-01 factor_V=2.45e+58 factor_rho=5.62e-56 rho_eV2=6.48e+57 rho_final=3.64e+02
BG_FUNC: a=2.37e-09 V=2.65e-01 factor_V=2.45e+58 factor_rho=5.62e-56 rho_eV2=6.48e+57 rho_final=3.64e+02
BG_FUNC: a=9.30e-08 V=2.65e-01 factor_V=2.45e+58 factor_rho=5.62e-56 rho_eV2=6.48e+57 rho_final=3.64e+02
BG_FUNC: a=3.64e-06 V=2.65e-01 factor_V=2.45e+58 factor_rho=5.62e-56 rho_eV2=6.48e+57 rho_final=3.64e+02
BG_FUNC: a=1.38e-04 V=1.57e-01 factor_V=2.45e+58 factor_rho=5.62e-56 rho_eV2=4.71e+57 rho_final=2.65e+02
RIDDER SWITCHING: z_osc = 5964.06, a_osc = 1.676429e-04
DEBUG: Ridder field ENABLED. Lambda = 1.270333e+00
DEBUG: Ridder field ENABLED. Lambda = 1.270333e+00
BG_FUNC: a=2.83e-13 V=2.53e-01 factor_V=2.45e+58 factor_rho=5.62e-56 rho_eV2=6.19e+57 rho_final=3.48e+02
BG_FUNC: a=1.12e-11 V=2.53e-01 factor_V=2.45e+58 factor_rho=5.62e-56 rho_eV2=6.19e+57 rho_final=3.48e+02
BG_FUNC: a=4.47e-10 V=2.53e-01 factor_V=2.45e+58 factor_rho=5.62e-56 rho_eV2=6.19e+57 rho_final=3.48e+02
BG_FUNC: a=1.77e-08 V=2.53e-01 factor_V=2.45e+58 factor_rho=5.62e-56 rho_eV2=6.19e+57 rho_final=3.48e+02
BG_FUNC: a=7.05e-07 V=2.53e-01 factor_V=2.45e+58 factor_rho=5.62e-56 rho_eV2=6.19e+57 rho_final=3.48e+02
BG_FUNC: a=2.80e-05 V=2.53e-01 factor_V=2.45e+58 factor_rho=5.62e-56 rho_eV2=6.18e+57 rho_final=3.48e+02
RIDDER SWITCHING: z_osc = 5894.45, a_osc = 1.696222e-04
DEBUG: Ridder field ENABLED. Lambda = 1.406369e+00
DEBUG: Ridder field ENABLED. Lambda = 1.406369e+00
BG_FUNC: a=5.80e-14 V=3.8[mcmc] Progress @ 2025-12-01 00:52:43 : 9760 steps taken, and 1609 accepted.
[mcmc] Progress @ 2025-12-01 00:54:14 : 9802 steps taken, and 1616 accepted.
