[output] Output to be read-from/written-into folder 'chains', with prefix 'tier5_ede_shoes_desi_h0_fixed_68.5'
[output] Found existing info files with the requested output prefix: 'chains/tier5_ede_shoes_desi_h0_fixed_68.5'
[output] Let's try to resume/load.
[output] Found an old sample. Resuming.
[prior] *WARNING* External prior 'SZ' loaded. Mind that it might not be normalized!
[classy] `classy` module loaded successfully from /home/ridderadmin/.local/lib/python3.10/site-packages
[planck_2018_highl_plik.ttteee] `clipy` module loaded successfully from /home/ridderadmin/.local/share/cobaya/data/code/planck/clipy/clipy
----
clipy_0.15
Checking likelihood '/home/ridderadmin/.local/share/cobaya/data/data/planck_2018/baseline/plc_3.0/hi_l/plik/plik_rd12_HM_v22b_TTTEEE.clik' on test data. got -1172.47 expected -1172.47 (diff 4.00569e-06)
----
[planck_2018_lensing.clik] `clipy` module loaded successfully from /home/ridderadmin/.local/share/cobaya/data/code/planck/clipy/clipy
----
clipy_0.15
Checking likelihood '/home/ridderadmin/.local/share/cobaya/data/data/planck_2018/baseline/plc_3.0/lensing/smicadx12_Dec5_ftl_mv2_ndclpp_p_teb_consext8.clik_lensing' on test data. got -4.42102
----
[bao.sixdf_2011_bao] Initialized.
[bao.sdss_dr12_consensus_bao] Initialized.
[likelihoods.desi_y1_bao.desi_y1_bao] DESI Y1 BAO: 5 anisotropic + 2 isotropic bins
[shoes_h0] Initialized external likelihood.
[classy] *WARNING* Requesting BB for ell>50 or lensing Cl's: using a non-linear code is recommended (and you are not using any). To activate it, set 'non_linear: halofit|hmcode|...' in classy's 'extra_args'.
[classy] *WARNING* Requesting BB for ell>50 or lensing Cl's: using a non-linear code is recommended (and you are not using any). To activate it, set 'non_linear: halofit|hmcode|...' in classy's 'extra_args'.
[classy] *WARNING* Requesting BB for ell>50 or lensing Cl's: using a non-linear code is recommended (and you are not using any). To activate it, set 'non_linear: halofit|hmcode|...' in classy's 'extra_args'.
[classy] *WARNING* Requesting BB for ell>50 or lensing Cl's: using a non-linear code is recommended (and you are not using any). To activate it, set 'non_linear: halofit|hmcode|...' in classy's 'extra_args'.
[classy] *WARNING* Requesting BB for ell>50 or lensing Cl's: using a non-linear code is recommended (and you are not using any). To activate it, set 'non_linear: halofit|hmcode|...' in classy's 'extra_args'.
[classy] *WARNING* Requesting BB for ell>50 or lensing Cl's: using a non-linear code is recommended (and you are not using any). To activate it, set 'non_linear: halofit|hmcode|...' in classy's 'extra_args'.
[classy] *WARNING* Requesting BB for ell>50 or lensing Cl's: using a non-linear code is recommended (and you are not using any). To activate it, set 'non_linear: halofit|hmcode|...' in classy's 'extra_args'.
[classy] *WARNING* Requesting BB for ell>50 or lensing Cl's: using a non-linear code is recommended (and you are not using any). To activate it, set 'non_linear: halofit|hmcode|...' in classy's 'extra_args'.
[classy] *WARNING* Requesting BB for ell>50 or lensing Cl's: using a non-linear code is recommended (and you are not using any). To activate it, set 'non_linear: halofit|hmcode|...' in classy's 'extra_args'.
[classy] *WARNING* Requesting BB for ell>50 or lensing Cl's: using a non-linear code is recommended (and you are not using any). To activate it, set 'non_linear: halofit|hmcode|...' in classy's 'extra_args'.
[classy] *WARNING* Requesting BB for ell>50 or lensing Cl's: using a non-linear code is recommended (and you are not using any). To activate it, set 'non_linear: halofit|hmcode|...' in classy's 'extra_args'.
[mcmc] Resuming from previous sample!
[samplecollection] Loaded 4 sample points from 'chains/tier5_ede_shoes_desi_h0_fixed_68.5.1.txt'
[mcmc] Initial point: logA:3.05617, n_s:0.9578706, omega_b:0.02252542, omega_cdm:0.1222214, tau_reio:0.05333656, Lambda_EDE_ridder:1.544978, A_planck:1.004312, calib_100T:0.9996993, calib_217T:1.000188, A_cib_217:63.60825, xi_sz_cib:0.07502936, A_sz:5.892629, ksz_norm:0.7914082, gal545_A_100:4.986702, gal545_A_143:7.754696, gal545_A_143_217:16.65404, gal545_A_217:85.87172, ps_A_100_100:250.6551, ps_A_143_143:62.83538, ps_A_143_217:40.24439, ps_A_217_217:102.7155, galf_TE_A_100:0.195824, galf_TE_A_100_143:0.1663743, galf_TE_A_100_217:0.441783, galf_TE_A_143:0.1744715, galf_TE_A_143_217:0.4998511, galf_TE_A_217:1.427851
[mcmc] *WARNING* Parameter blocking manually/previously fixed: speeds will not be measured.
[mcmc] Oversampling with factors:
[mcmc] * 1 : ['logA', 'n_s', 'omega_b', 'omega_cdm', 'tau_reio', 'Lambda_EDE_ridder']
[mcmc] * 3 : ['A_planck']
[mcmc] * 3 : ['calib_100T', 'calib_217T', 'A_cib_217', 'xi_sz_cib', 'A_sz', 'ksz_norm', 'gal545_A_100', 'gal545_A_143', 'gal545_A_143_217', 'gal545_A_217', 'ps_A_100_100', 'ps_A_143_143', 'ps_A_143_217', 'ps_A_217_217', 'galf_TE_A_100', 'galf_TE_A_100_143', 'galf_TE_A_100_217', 'galf_TE_A_143', 'galf_TE_A_143_217', 'galf_TE_A_217']
[mcmc] Covariance matrix from previous sample.
[mcmc] Sampling! (NB: no accepted step will be saved until 50 burn-in samples have been obtained)
[mcmc] Progress @ 2025-12-02 05:53:40 : 1 steps taken -- still burning in, 151 accepted steps left.
[mcmc] Progress @ 2025-12-02 05:54:41 : 6 steps taken -- still burning in, 150 accepted steps left.
[mcmc] Progress @ 2025-12-02 05:55:52 : 24 steps taken -- still burning in, 146 accepted steps left.
DEBUG: Ridder field ENABLED. Lambda = 1.544978e+00
DEBUG: Ridder field ENABLED. Lambda = 1.544978e+00
BG_FUNC: a=3.45e-13 V=5.53e-01 factor_V=2.45e+58 factor_rho=5.62e-56 rho_eV2=1.35e+58 rho_final=7.61e+02
BG_FUNC: a=1.37e-11 V=5.53e-01 factor_V=2.45e+58 factor_rho=5.62e-56 rho_eV2=1.35e+58 rho_final=7.61e+02
BG_FUNC: a=5.41e-10 V=5.53e-01 factor_V=2.45e+58 factor_rho=5.62e-56 rho_eV2=1.35e+58 rho_final=7.61e+02
BG_FUNC: a=2.15e-08 V=5.53e-01 factor_V=2.45e+58 factor_rho=5.62e-56 rho_eV2=1.35e+58 rho_final=7.61e+02
BG_FUNC: a=8.58e-07 V=5.53e-01 factor_V=2.45e+58 factor_rho=5.62e-56 rho_eV2=1.35e+58 rho_final=7.61e+02
BG_FUNC: a=3.36e-05 V=5.51e-01 factor_V=2.45e+58 factor_rho=5.62e-56 rho_eV2=1.35e+58 rho_final=7.58e+02
RIDDER SWITCHING: z_osc = 7323.69, a_osc = 1.365245e-04
RIDDER IC: k=3.725e+00 coeff=7.162e-12 delta_g=-1.633e-03
RIDDER IC: k=2.351e+00 coeff=4.547e-11 delta_g=-1.633e-03
RIDDER IC: k=2.959e+00 coeff=1.819e-11 delta_g=-1.633e-03
DEBUG: Ridder field ENABLED. Lambda = 1.185073e+00
DEBUG: Ridder field ENABLED. Lambda = 1.185073e+00
BG_FUNC: a=8.65e-14 V=1.92e-01 factor_V=2.45e+58 factor_rho=5.62e-56 rho_eV2=4.68e+57 rho_final=2.63e+02
BG_FUNC: a=3.33e-12 V=1.92e-01 factor_V=2.45e+58 factor_rho=5.62e-56 rho_eV2=4.68e+57 rho_final=2.63e+02
BG_FUNC: a=1.32e-10 V=1.92e-01 factor_V=2.45e+58 factor_rho=5.62e-56 rho_eV2=4.68e+57 rho_final=2.63e+02
BG_FUNC: a=5.24e-09 V=1.92e-01 factor_V=2.45e+58 factor_rho=5.62e-56 rho_eV2=4.68e+57 rho_final=2.63e+02
BG_FUNC: a=2.08e-07 V=1.92e-01 factor_V=2.45e+58 factor_rho=5.62e-56 rho_eV2=4.68e+57 rho_final=2.63e+02
BG_FUNC: a=8.26e-06 V=1.92e-01 factor_V=2.45e+58 factor_rho=5.62e-56 rho_eV2=4.68e+57 rho_final=2.63e+02
RIDDER SWITCHING: z_osc = 5419.51, a_osc = 1.844843e-04
DEBUG: Ridder field ENABLED. Lambda = 1.511863e+00
DEBUG: Ridder field ENABLED. Lambda = 1.511863e+00
BG_FUNC: a=1.62e-14 V=5.08e-01 factor_V=2.45e+58 factor_rho=5.62e-56 rho_eV2=1.24e+58 rho_final=6.98e+02
BG_FUNC: a=6.10e-13 V=5.08e-01 factor_V=2.45e+58 factor_rho=5.62e-56 rho_eV2=1.24e+58 rho_final=6.98e+02
BG_FUNC: a=2.46e-11 V=5.08e-01 factor_V=2.45e+58 factor_rho=5.62e-56 rho_eV2=1.24e+58 rho_final=6.98e+02
BG_FUNC: a=9.73e-10 V=5.08e-01 factor_V=2.45e+58 factor_rho=5.62e-56 rho_eV2=1.24e+58 rho_final=6.98e+02
BG_FUNC: a=3.92e-08 V=5.08e-01 factor_V=2.45e+58 factor_rho=5.62e-56 rho_eV2=1.24e+58 rho_final=6.98e+02
BG_FUNC: a=1.55e-06 V=5.08e-01 factor_V=2.45e+58 factor_rho=5.62e-56 rho_eV2=1.24e+58 rho_final=6.98e+02
BG_FUNC: a=6.18e-05 V=4.83e-01 factor_V=2.45e+58 factor_rho=5.62e-56 rho_eV2=1.20e+58 rho_final=6.77e+02
RIDDER SWITCHING: z_osc = 7134.16, a_osc = 1.401511e-04
DEBUG: Ridder field ENABLED. Lambda = 1.477701e+00
DEBUG: Ridder field ENABLED. Lambda = 1.477701e+00
BG_FUNC: a=1.50e-13 V=4.63e-01 factor_V=2.45e+58 factor_rho=5.62e-56 rho_eV2=1.13e+58 rho_final=6.37e+02
BG_FUNC: a=6.00e-12 V=4.63e-01 factor_V=2.45e+58 factor_rho=5.62e-56 rho_eV2=1.13e+58 rho_final=6.37e+02
BG_FUNC: a=2.36e-10 V=4.63e-01 factor_V=2.45e+58 factor_rho=5.62e-56 rho_eV2=1.13e+58 rho_final=6.37e+02
BG_FUNC: a=9.38e-09 V=4.63e-01 factor_V=2.45e+58 factor_rho=5.62e-56 rho_eV2=1.13e+58 rho_final=6.37e+02
BG_FUNC: a=3.72e-07 V=4.63e-01 factor_V=2.45e+58 factor_rho=5.62e-56 rho_eV2=1.13e+58 rho_final=6.37e+02
BG_FUNC: a=1.48e-05 V=4.63e-01 factor_V=2.45e+58 factor_rho=5.62e-56 rho_eV2=1.13e+58 rho_final=6.37e+02
RIDDER SWITCHING: z_osc = 6943.10, a_osc = 1.440072e-04
DEBUG: Ridder field ENABLED. Lambda = 1.652494e+00
DEBUG: Ridder field ENABLED. Lambda = 1.652494e+00
BG_FUNC: a=3.62e-14 V=7.24e-01 factor_V=2.45e+58 factor_rho=5.62e-56 rho_eV2=1.77e+58 rho_final=9.96e+02
BG_FUNC: a=1.38e-12 V=7.24e-01 factor_V=2.45e+58 factor_rho=5.62e-56 rho_eV2=1.77e+58 rho_final=9.96e+02
BG_FUNC: a=5.45e-11 V=7.24e-01 factor_V=2.45e+58 factor_rho=5.62e-56 rho_eV2=1.77e+58 rho_final=9.96e+02
BG_FUNC: a=2.16e-09 V=7.24e-01 factor_V=2.45e+58 factor_rho=5.62e-56 rho_eV2=1.77e+58 rho_final=9.96e+02
BG_FUNC: a=8.57e-08 V=7.24e-01 factor_V=2.45e+58 factor_rho=5.62e-56 rho_eV2=1.77e+58 rho_final=9.96e+02
BG_FUNC: a=3.40e-06 V=7.24e-01 factor_[mcmc] Progress @ 2025-12-02 05:57:22 : 56 steps taken -- still burning in, 140 accepted steps left.
[mcmc] Progress @ 2025-12-02 05:58:35 : 70 steps taken -- still burning in, 135 accepted steps left.
V=2.45e+58 factor_rho=5.62e-56 rho_eV2=1.77e+58 rho_final=9.96e+02
RIDDER SWITCHING: z_osc = 7901.20, a_osc = 1.265471e-04
DEBUG: Ridder field ENABLED. Lambda = 1.664664e+00
DEBUG: Ridder field ENABLED. Lambda = 1.664664e+00
BG_FUNC: a=1.00e-14 V=7.46e-01 factor_V=2.45e+58 factor_rho=5.62e-56 rho_eV2=1.82e+58 rho_final=1.03e+03
BG_FUNC: a=3.60e-13 V=7.46e-01 factor_V=2.45e+58 factor_rho=5.62e-56 rho_eV2=1.82e+58 rho_final=1.03e+03
BG_FUNC: a=1.43e-11 V=7.46e-01 factor_V=2.45e+58 factor_rho=5.62e-56 rho_eV2=1.82e+58 rho_final=1.03e+03
BG_FUNC: a=5.65e-10 V=7.46e-01 factor_V=2.45e+58 factor_rho=5.62e-56 rho_eV2=1.82e+58 rho_final=1.03e+03
BG_FUNC: a=2.24e-08 V=7.46e-01 factor_V=2.45e+58 factor_rho=5.62e-56 rho_eV2=1.82e+58 rho_final=1.03e+03
BG_FUNC: a=8.88e-07 V=7.46e-01 factor_V=2.45e+58 factor_rho=5.62e-56 rho_eV2=1.82e+58 rho_final=1.03e+03
BG_FUNC: a=3.50e-05 V=7.40e-01 factor_V=2.45e+58 factor_rho=5.62e-56 rho_eV2=1.82e+58 rho_final=1.02e+03
RIDDER SWITCHING: z_osc = 8030.52, a_osc = 1.245094e-04
DEBUG: Ridder field ENABLED. Lambda = 1.465829e+00
DEBUG: Ridder field ENABLED. Lambda = 1.465829e+00
BG_FUNC: a=9.58e-14 V=4.48e-01 factor_V=2.45e+58 factor_rho=5.62e-56 rho_eV2=1.10e+58 rho_final=6.17e+02
BG_FUNC: a=3.79e-12 V=4.48e-01 factor_V=2.45e+58 factor_rho=5.62e-56 rho_eV2=1.10e+58 rho_final=6.17e+02
BG_FUNC: a=1.52e-10 V=4.48e-01 factor_V=2.45e+58 factor_rho=5.62e-56 rho_eV2=1.10e+58 rho_final=6.17e+02
BG_FUNC: a=5.97e-09 V=4.48e-01 factor_V=2.45e+58 factor_rho=5.62e-56 rho_eV2=1.10e+58 rho_final=6.17e+02
BG_FUNC: a=2.37e-07 V=4.48e-01 factor_V=2.45e+58 factor_rho=5.62e-56 rho_eV2=1.10e+58 rho_final=6.17e+02
BG_FUNC: a=9.40e-06 V=4.48e-01 factor_V=2.45e+58 factor_rho=5.62e-56 rho_eV2=1.10e+58 rho_final=6.16e+02
RIDDER SWITCHING: z_osc = 6901.52, a_osc = 1.448746e-04
DEBUG: Ridder field ENABLED. Lambda = 1.528774e+00
DEBUG: Ridder field ENABLED. Lambda = 1.528774e+00
BG_FUNC: a=2.31e-14 V=5.31e-01 factor_V=2.45e+58 factor_rho=5.62e-56 rho_eV2=1.30e+58 rho_final=7.29e+02
BG_FUNC: a=8.70e-13 V=5.31e-01 factor_V=2.45e+58 factor_rho=5.62e-56 rho_eV2=1.30e+58 rho_final=7.29e+02
BG_FUNC: a=3.45e-11 V=5.31e-01 factor_V=2.45e+58 factor_rho=5.62e-56 rho_eV2=1.30e+58 rho_final=7.29e+02
BG_FUNC: a=1.37e-09 V=5.31e-01 factor_V=2.45e+58 factor_rho=5.62e-56 rho_eV2=1.30e+58 rho_final=7.29e+02
BG_FUNC: a=5.41e-08 V=5.31e-01 factor_V=2.45e+58 factor_rho=5.62e-56 rho_eV2=1.30e+58 rho_final=7.29e+02
BG_FUNC: a=2.14e-06 V=5.31e-01 factor_V=2.45e+58 factor_rho=5.62e-56 rho_eV2=1.30e+58 rho_final=7.29e+02
BG_FUNC: a=8.44e-05 V=4.47e-01 factor_V=2.45e+58 factor_rho=5.62e-56 rho_eV2=1.17e+58 rho_final=6.57e+02
RIDDER SWITCHING: z_osc = 7239.96, a_osc = 1.381032e-04
DEBUG: Ridder field ENABLED. Lambda = 1.530850e+00
DEBUG: Ridder field ENABLED. Lambda = 1.530850e+00
BG_FUNC: a=2.09e-13 V=5.34e-01 factor_V=2.45e+58 factor_rho=5.62e-56 rho_eV2=1.30e+58 rho_final=7.33e+02
BG_FUNC: a=8.36e-12 V=5.34e-01 factor_V=2.45e+58 factor_rho=5.62e-56 rho_eV2=1.30e+58 rho_final=7.33e+02
BG_FUNC: a=3.34e-10 V=5.34e-01 factor_V=2.45e+58 factor_rho=5.62e-56 rho_eV2=1.30e+58 rho_final=7.33e+02
BG_FUNC: a=1.34e-08 V=5.34e-01 factor_V=2.45e+58 factor_rho=5.62e-56 rho_eV2=1.30e+58 rho_final=7.33e+02
BG_FUNC: a=5.35e-07 V=5.34e-01 factor_V=2.45e+58 factor_rho=5.62e-56 rho_eV2=1.30e+58 rho_final=7.33e+02
BG_FUNC: a=2.14e-05 V=5.33e-01 factor_V=2.45e+58 factor_rho=5.62e-56 rho_eV2=1.30e+58 rho_final=7.33e+02
RIDDER SWITCHING: z_osc = 7252.11, a_osc = 1.378718e-04
DEBUG: Ridder field ENABLED. Lambda = 1.474485e+00
DEBUG: Ridder field ENABLED. Lambda = 1.474485e+00
BG_FUNC: a=5.49e-14 V=4.59e-01 factor_V=2.45e+58 factor_rho=5.62e-56 rho_eV2=1.12e+58 rho_final=6.31e+02
BG_FUNC: a=2.11e-12 V=4.59e-01 factor_V=2.45e+58 factor_rho=5.62e-56 rho_eV2=1.12e+58 rho_final=6.31e+02
BG_FUNC: a=8.50e-11 V=4.59e-01 factor_V=2.45e+58 factor_rho=5.62e-56 rho_eV2=1.12e+58 rho_final=6.31e+02
BG_FUNC: a=3.39e-09 V=4.59e-01 factor_V=2.45e+58 factor_rho=5.62e-56 rho_eV2=1.12e+58 rho_final=6.31e+02
BG_FUNC: a=1.34e-07 V=4.59e-01 factor_V=2.45e+58 factor_rho=5.62e-56 rho_eV2=1.12e+58 rho[mcmc] Progress @ 2025-12-02 05:59:40 : 82 steps taken -- still burning in, 134 accepted steps left.
[mcmc] Progress @ 2025-12-02 06:01:07 : 130 steps taken -- still burning in, 132 accepted steps left.
[mcmc] Progress @ 2025-12-02 06:02:23 : 147 steps taken -- still burning in, 130 accepted steps left.
_final=6.31e+02
BG_FUNC: a=5.36e-06 V=4.59e-01 factor_V=2.45e+58 factor_rho=5.62e-56 rho_eV2=1.12e+58 rho_final=6.31e+02
RIDDER SWITCHING: z_osc = 6945.81, a_osc = 1.439509e-04
DEBUG: Ridder field ENABLED. Lambda = 1.519083e+00
DEBUG: Ridder field ENABLED. Lambda = 1.519083e+00
BG_FUNC: a=1.35e-14 V=5.17e-01 factor_V=2.45e+58 factor_rho=5.62e-56 rho_eV2=1.26e+58 rho_final=7.11e+02
BG_FUNC: a=5.02e-13 V=5.17e-01 factor_V=2.45e+58 factor_rho=5.62e-56 rho_eV2=1.26e+58 rho_final=7.11e+02
BG_FUNC: a=1.99e-11 V=5.17e-01 factor_V=2.45e+58 factor_rho=5.62e-56 rho_eV2=1.26e+58 rho_final=7.11e+02
BG_FUNC: a=7.92e-10 V=5.17e-01 factor_V=2.45e+58 factor_rho=5.62e-56 rho_eV2=1.26e+58 rho_final=7.11e+02
BG_FUNC: a=3.14e-08 V=5.17e-01 factor_V=2.45e+58 factor_rho=5.62e-56 rho_eV2=1.26e+58 rho_final=7.11e+02
BG_FUNC: a=1.25e-06 V=5.17e-01 factor_V=2.45e+58 factor_rho=5.62e-56 rho_eV2=1.26e+58 rho_final=7.11e+02
BG_FUNC: a=4.93e-05 V=5.06e-01 factor_V=2.45e+58 factor_rho=5.62e-56 rho_eV2=1.25e+58 rho_final=7.02e+02
RIDDER SWITCHING: z_osc = 7200.72, a_osc = 1.388557e-04
DEBUG: Ridder field ENABLED. Lambda = 1.398713e+00
DEBUG: Ridder field ENABLED. Lambda = 1.398713e+00
BG_FUNC: a=1.22e-13 V=3.72e-01 factor_V=2.45e+58 factor_rho=5.62e-56 rho_eV2=9.09e+57 rho_final=5.11e+02
BG_FUNC: a=4.79e-12 V=3.72e-01 factor_V=2.45e+58 factor_rho=5.62e-56 rho_eV2=9.09e+57 rho_final=5.11e+02
BG_FUNC: a=1.90e-10 V=3.72e-01 factor_V=2.45e+58 factor_rho=5.62e-56 rho_eV2=9.09e+57 rho_final=5.11e+02
BG_FUNC: a=7.56e-09 V=3.72e-01 factor_V=2.45e+58 factor_rho=5.62e-56 rho_eV2=9.09e+57 rho_final=5.11e+02
BG_FUNC: a=3.00e-07 V=3.72e-01 factor_V=2.45e+58 factor_rho=5.62e-56 rho_eV2=9.09e+57 rho_final=5.11e+02
BG_FUNC: a=1.19e-05 V=3.72e-01 factor_V=2.45e+58 factor_rho=5.62e-56 rho_eV2=9.09e+57 rho_final=5.11e+02
RIDDER SWITCHING: z_osc = 6564.24, a_osc = 1.523174e-04
DEBUG: Ridder field ENABLED. Lambda = 1.090906e+00
DEBUG: Ridder field ENABLED. Lambda = 1.090906e+00
BG_FUNC: a=2.82e-14 V=1.38e-01 factor_V=2.45e+58 factor_rho=5.62e-56 rho_eV2=3.36e+57 rho_final=1.89e+02
BG_FUNC: a=1.06e-12 V=1.38e-01 factor_V=2.45e+58 factor_rho=5.62e-56 rho_eV2=3.36e+57 rho_final=1.89e+02
BG_FUNC: a=4.19e-11 V=1.38e-01 factor_V=2.45e+58 factor_rho=5.62e-56 rho_eV2=3.36e+57 rho_final=1.89e+02
BG_FUNC: a=1.66e-09 V=1.38e-01 factor_V=2.45e+58 factor_rho=5.62e-56 rho_eV2=3.36e+57 rho_final=1.89e+02
BG_FUNC: a=6.59e-08 V=1.38e-01 factor_V=2.45e+58 factor_rho=5.62e-56 rho_eV2=3.36e+57 rho_final=1.89e+02
BG_FUNC: a=2.61e-06 V=1.38e-01 factor_V=2.45e+58 factor_rho=5.62e-56 rho_eV2=3.36e+57 rho_final=1.89e+02
BG_FUNC: a=1.03e-04 V=1.25e-01 factor_V=2.45e+58 factor_rho=5.62e-56 rho_eV2=3.17e+57 rho_final=1.78e+02
RIDDER SWITCHING: z_osc = 4940.60, a_osc = 2.023638e-04
DEBUG: Ridder field ENABLED. Lambda = 1.567218e+00
DEBUG: Ridder field ENABLED. Lambda = 1.567218e+00
BG_FUNC: a=1.74e-13 V=5.86e-01 factor_V=2.45e+58 factor_rho=5.62e-56 rho_eV2=1.43e+58 rho_final=8.06e+02
BG_FUNC: a=6.91e-12 V=5.86e-01 factor_V=2.45e+58 factor_rho=5.62e-56 rho_eV2=1.43e+58 rho_final=8.06e+02
BG_FUNC: a=2.74e-10 V=5.86e-01 factor_V=2.45e+58 factor_rho=5.62e-56 rho_eV2=1.43e+58 rho_final=8.06e+02
BG_FUNC: a=1.08e-08 V=5.86e-01 factor_V=2.45e+58 factor_rho=5.62e-56 rho_eV2=1.43e+58 rho_final=8.06e+02
BG_FUNC: a=4.30e-07 V=5.86e-01 factor_V=2.45e+58 factor_rho=5.62e-56 rho_eV2=1.43e+58 rho_final=8.06e+02
BG_FUNC: a=1.72e-05 V=5.86e-01 factor_V=2.45e+58 factor_rho=5.62e-56 rho_eV2=1.43e+58 rho_final=8.05e+02
RIDDER SWITCHING: z_osc = 7428.81, a_osc = 1.345930e-04
DEBUG: Ridder field ENABLED. Lambda = 1.953195e+00
DEBUG: Ridder field ENABLED. Lambda = 1.953195e+00
BG_FUNC: a=4.45e-14 V=1.41e+00 factor_V=2.45e+58 factor_rho=5.62e-56 rho_eV2=3.46e+58 rho_final=1.94e+03
BG_FUNC: a=1.69e-12 V=1.41e+00 factor_V=2.45e+58 factor_rho=5.62e-56 rho_eV2=3.46e+58 rho_final=1.94e+03
BG_FUNC: a=6.70e-11 V=1.41e+00 factor_V=2.45e+58 factor_rho=5.62e-56 rho_eV2=3.46e+58 rho_final=1.94e+03
BG_FUNC: a=2.66e-09 V=1.41e+00 factor_V=2.45e+58 factor_rho=5.62e-56 rho_eV2=3.46e+58 rho_final=1.94e+03
BG_FUNC: a=1.05e-07 V=1.41e+00 fact[mcmc] Progress @ 2025-12-02 06:03:44 : 173 steps taken -- still burning in, 126 accepted steps left.
[mcmc] Progress @ 2025-12-02 06:04:52 : 185 steps taken -- still burning in, 123 accepted steps left.
or_V=2.45e+58 factor_rho=5.62e-56 rho_eV2=3.46e+58 rho_final=1.94e+03
BG_FUNC: a=4.18e-06 V=1.41e+00 factor_V=2.45e+58 factor_rho=5.62e-56 rho_eV2=3.46e+58 rho_final=1.94e+03
RIDDER SWITCHING: z_osc = 9478.90, a_osc = 1.054863e-04
DEBUG: Ridder field ENABLED. Lambda = 1.564894e+00
DEBUG: Ridder field ENABLED. Lambda = 1.564894e+00
BG_FUNC: a=1.42e-14 V=5.83e-01 factor_V=2.45e+58 factor_rho=5.62e-56 rho_eV2=1.42e+58 rho_final=8.01e+02
BG_FUNC: a=5.31e-13 V=5.83e-01 factor_V=2.45e+58 factor_rho=5.62e-56 rho_eV2=1.42e+58 rho_final=8.01e+02
BG_FUNC: a=2.11e-11 V=5.83e-01 factor_V=2.45e+58 factor_rho=5.62e-56 rho_eV2=1.42e+58 rho_final=8.01e+02
BG_FUNC: a=8.35e-10 V=5.83e-01 factor_V=2.45e+58 factor_rho=5.62e-56 rho_eV2=1.42e+58 rho_final=8.01e+02
BG_FUNC: a=3.31e-08 V=5.83e-01 factor_V=2.45e+58 factor_rho=5.62e-56 rho_eV2=1.42e+58 rho_final=8.01e+02
BG_FUNC: a=1.31e-06 V=5.83e-01 factor_V=2.45e+58 factor_rho=5.62e-56 rho_eV2=1.42e+58 rho_final=8.01e+02
BG_FUNC: a=5.17e-05 V=5.66e-01 factor_V=2.45e+58 factor_rho=5.62e-56 rho_eV2=1.40e+58 rho_final=7.87e+02
RIDDER SWITCHING: z_osc = 7420.06, a_osc = 1.347517e-04
DEBUG: Ridder field ENABLED. Lambda = 1.793524e+00
DEBUG: Ridder field ENABLED. Lambda = 1.793524e+00
BG_FUNC: a=1.30e-13 V=1.01e+00 factor_V=2.45e+58 factor_rho=5.62e-56 rho_eV2=2.46e+58 rho_final=1.38e+03
BG_FUNC: a=5.16e-12 V=1.01e+00 factor_V=2.45e+58 factor_rho=5.62e-56 rho_eV2=2.46e+58 rho_final=1.38e+03
BG_FUNC: a=2.05e-10 V=1.01e+00 factor_V=2.45e+58 factor_rho=5.62e-56 rho_eV2=2.46e+58 rho_final=1.38e+03
BG_FUNC: a=8.12e-09 V=1.01e+00 factor_V=2.45e+58 factor_rho=5.62e-56 rho_eV2=2.46e+58 rho_final=1.38e+03
BG_FUNC: a=3.22e-07 V=1.01e+00 factor_V=2.45e+58 factor_rho=5.62e-56 rho_eV2=2.46e+58 rho_final=1.38e+03
BG_FUNC: a=1.29e-05 V=1.00e+00 factor_V=2.45e+58 factor_rho=5.62e-56 rho_eV2=2.46e+58 rho_final=1.38e+03
RIDDER SWITCHING: z_osc = 8610.86, a_osc = 1.161189e-04
DEBUG: Ridder field ENABLED. Lambda = 1.626739e+00
DEBUG: Ridder field ENABLED. Lambda = 1.626739e+00
BG_FUNC: a=3.92e-14 V=6.80e-01 factor_V=2.45e+58 factor_rho=5.62e-56 rho_eV2=1.66e+58 rho_final=9.35e+02
BG_FUNC: a=1.48e-12 V=6.80e-01 factor_V=2.45e+58 factor_rho=5.62e-56 rho_eV2=1.66e+58 rho_final=9.35e+02
BG_FUNC: a=5.86e-11 V=6.80e-01 factor_V=2.45e+58 factor_rho=5.62e-56 rho_eV2=1.66e+58 rho_final=9.35e+02
BG_FUNC: a=2.32e-09 V=6.80e-01 factor_V=2.45e+58 factor_rho=5.62e-56 rho_eV2=1.66e+58 rho_final=9.35e+02
BG_FUNC: a=9.28e-08 V=6.80e-01 factor_V=2.45e+58 factor_rho=5.62e-56 rho_eV2=1.66e+58 rho_final=9.35e+02
BG_FUNC: a=3.65e-06 V=6.80e-01 factor_V=2.45e+58 factor_rho=5.62e-56 rho_eV2=1.66e+58 rho_final=9.35e+02
RIDDER SWITCHING: z_osc = 7764.55, a_osc = 1.287739e-04
DEBUG: Ridder field ENABLED. Lambda = 1.387005e+00
DEBUG: Ridder field ENABLED. Lambda = 1.387005e+00
BG_FUNC: a=1.03e-14 V=3.60e-01 factor_V=2.45e+58 factor_rho=5.62e-56 rho_eV2=8.79e+57 rho_final=4.94e+02
BG_FUNC: a=3.80e-13 V=3.60e-01 factor_V=2.45e+58 factor_rho=5.62e-56 rho_eV2=8.79e+57 rho_final=4.94e+02
BG_FUNC: a=1.51e-11 V=3.60e-01 factor_V=2.45e+58 factor_rho=5.62e-56 rho_eV2=8.79e+57 rho_final=4.94e+02
BG_FUNC: a=6.00e-10 V=3.60e-01 factor_V=2.45e+58 factor_rho=5.62e-56 rho_eV2=8.79e+57 rho_final=4.94e+02
BG_FUNC: a=2.38e-08 V=3.60e-01 factor_V=2.45e+58 factor_rho=5.62e-56 rho_eV2=8.79e+57 rho_final=4.94e+02
BG_FUNC: a=9.46e-07 V=3.60e-01 factor_V=2.45e+58 factor_rho=5.62e-56 rho_eV2=8.79e+57 rho_final=4.94e+02
BG_FUNC: a=3.74e-05 V=3.58e-01 factor_V=2.45e+58 factor_rho=5.62e-56 rho_eV2=8.76e+57 rho_final=4.93e+02
RIDDER SWITCHING: z_osc = 6503.61, a_osc = 1.537371e-04
DEBUG: Ridder field ENABLED. Lambda = 1.561422e+00
DEBUG: Ridder field ENABLED. Lambda = 1.561422e+00
BG_FUNC: a=8.51e-14 V=5.77e-01 factor_V=2.45e+58 factor_rho=5.62e-56 rho_eV2=1.41e+58 rho_final=7.94e+02
BG_FUNC: a=3.29e-12 V=5.77e-01 factor_V=2.45e+58 factor_rho=5.62e-56 rho_eV2=1.41e+58 rho_final=7.94e+02
BG_FUNC: a=1.31e-10 V=5.77e-01 factor_V=2.45e+58 factor_rho=5.62e-56 rho_eV2=1.41e+58 rho_final=7.94e+02
BG_FUNC: a=5.19e-09 V=5.77e-01 factor_V=2.45e+58 factor_rho=5.62e-56 rho_eV2=1.41e+58 [mcmc] Progress @ 2025-12-02 06:06:19 : 216 steps taken -- still burning in, 114 accepted steps left.
[mcmc] Progress @ 2025-12-02 06:07:53 : 235 steps taken -- still burning in, 113 accepted steps left.
[mcmc] Progress @ 2025-12-02 06:08:54 : 258 steps taken -- still burning in, 108 accepted steps left.
rho_final=7.94e+02
BG_FUNC: a=2.08e-07 V=5.77e-01 factor_V=2.45e+58 factor_rho=5.62e-56 rho_eV2=1.41e+58 rho_final=7.94e+02
BG_FUNC: a=8.20e-06 V=5.77e-01 factor_V=2.45e+58 factor_rho=5.62e-56 rho_eV2=1.41e+58 rho_final=7.94e+02
RIDDER SWITCHING: z_osc = 7416.26, a_osc = 1.348207e-04
DEBUG: Ridder field ENABLED. Lambda = 1.692033e+00
DEBUG: Ridder field ENABLED. Lambda = 1.692033e+00
BG_FUNC: a=2.17e-14 V=7.96e-01 factor_V=2.45e+58 factor_rho=5.62e-56 rho_eV2=1.95e+58 rho_final=1.09e+03
BG_FUNC: a=8.22e-13 V=7.96e-01 factor_V=2.45e+58 factor_rho=5.62e-56 rho_eV2=1.95e+58 rho_final=1.09e+03
BG_FUNC: a=3.27e-11 V=7.96e-01 factor_V=2.45e+58 factor_rho=5.62e-56 rho_eV2=1.95e+58 rho_final=1.09e+03
BG_FUNC: a=1.30e-09 V=7.96e-01 factor_V=2.45e+58 factor_rho=5.62e-56 rho_eV2=1.95e+58 rho_final=1.09e+03
BG_FUNC: a=5.20e-08 V=7.96e-01 factor_V=2.45e+58 factor_rho=5.62e-56 rho_eV2=1.95e+58 rho_final=1.09e+03
BG_FUNC: a=2.07e-06 V=7.96e-01 factor_V=2.45e+58 factor_rho=5.62e-56 rho_eV2=1.95e+58 rho_final=1.09e+03
BG_FUNC: a=8.16e-05 V=6.35e-01 factor_V=2.45e+58 factor_rho=5.62e-56 rho_eV2=1.70e+58 rho_final=9.54e+02
RIDDER SWITCHING: z_osc = 8090.01, a_osc = 1.235939e-04
DEBUG: Ridder field ENABLED. Lambda = 1.555898e+00
DEBUG: Ridder field ENABLED. Lambda = 1.555898e+00
BG_FUNC: a=2.27e-13 V=5.69e-01 factor_V=2.45e+58 factor_rho=5.62e-56 rho_eV2=1.39e+58 rho_final=7.83e+02
BG_FUNC: a=8.94e-12 V=5.69e-01 factor_V=2.45e+58 factor_rho=5.62e-56 rho_eV2=1.39e+58 rho_final=7.83e+02
BG_FUNC: a=3.55e-10 V=5.69e-01 factor_V=2.45e+58 factor_rho=5.62e-56 rho_eV2=1.39e+58 rho_final=7.83e+02
BG_FUNC: a=1.41e-08 V=5.69e-01 factor_V=2.45e+58 factor_rho=5.62e-56 rho_eV2=1.39e+58 rho_final=7.83e+02
BG_FUNC: a=5.58e-07 V=5.69e-01 factor_V=2.45e+58 factor_rho=5.62e-56 rho_eV2=1.39e+58 rho_final=7.83e+02
BG_FUNC: a=2.21e-05 V=5.69e-01 factor_V=2.45e+58 factor_rho=5.62e-56 rho_eV2=1.39e+58 rho_final=7.82e+02
RIDDER SWITCHING: z_osc = 7386.13, a_osc = 1.353705e-04
DEBUG: Ridder field ENABLED. Lambda = 1.259726e+00
DEBUG: Ridder field ENABLED. Lambda = 1.259726e+00
BG_FUNC: a=5.79e-14 V=2.45e-01 factor_V=2.45e+58 factor_rho=5.62e-56 rho_eV2=5.98e+57 rho_final=3.36e+02
BG_FUNC: a=2.26e-12 V=2.45e-01 factor_V=2.45e+58 factor_rho=5.62e-56 rho_eV2=5.98e+57 rho_final=3.36e+02
BG_FUNC: a=8.99e-11 V=2.45e-01 factor_V=2.45e+58 factor_rho=5.62e-56 rho_eV2=5.98e+57 rho_final=3.36e+02
BG_FUNC: a=3.61e-09 V=2.45e-01 factor_V=2.45e+58 factor_rho=5.62e-56 rho_eV2=5.98e+57 rho_final=3.36e+02
BG_FUNC: a=1.45e-07 V=2.45e-01 factor_V=2.45e+58 factor_rho=5.62e-56 rho_eV2=5.98e+57 rho_final=3.36e+02
BG_FUNC: a=5.82e-06 V=2.45e-01 factor_V=2.45e+58 factor_rho=5.62e-56 rho_eV2=5.98e+57 rho_final=3.36e+02
RIDDER SWITCHING: z_osc = 5794.85, a_osc = 1.725373e-04
DEBUG: Ridder field ENABLED. Lambda = 1.627288e+00
DEBUG: Ridder field ENABLED. Lambda = 1.627288e+00
BG_FUNC: a=1.23e-14 V=6.81e-01 factor_V=2.45e+58 factor_rho=5.62e-56 rho_eV2=1.67e+58 rho_final=9.36e+02
BG_FUNC: a=4.59e-13 V=6.81e-01 factor_V=2.45e+58 factor_rho=5.62e-56 rho_eV2=1.67e+58 rho_final=9.36e+02
BG_FUNC: a=1.82e-11 V=6.81e-01 factor_V=2.45e+58 factor_rho=5.62e-56 rho_eV2=1.67e+58 rho_final=9.36e+02
BG_FUNC: a=7.27e-10 V=6.81e-01 factor_V=2.45e+58 factor_rho=5.62e-56 rho_eV2=1.67e+58 rho_final=9.36e+02
BG_FUNC: a=2.86e-08 V=6.81e-01 factor_V=2.45e+58 factor_rho=5.62e-56 rho_eV2=1.67e+58 rho_final=9.36e+02
BG_FUNC: a=1.13e-06 V=6.81e-01 factor_V=2.45e+58 factor_rho=5.62e-56 rho_eV2=1.67e+58 rho_final=9.36e+02
BG_FUNC: a=4.47e-05 V=6.68e-01 factor_V=2.45e+58 factor_rho=5.62e-56 rho_eV2=1.65e+58 rho_final=9.26e+02
RIDDER SWITCHING: z_osc = 7758.27, a_osc = 1.288781e-04
DEBUG: Ridder field ENABLED. Lambda = 1.471576e+00
DEBUG: Ridder field ENABLED. Lambda = 1.471576e+00
BG_FUNC: a=1.18e-13 V=4.56e-01 factor_V=2.45e+58 factor_rho=5.62e-56 rho_eV2=1.11e+58 rho_final=6.26e+02
BG_FUNC: a=4.68e-12 V=4.56e-01 factor_V=2.45e+58 factor_rho=5.62e-56 rho_eV2=1.11e+58 rho_final=6.26e+02
BG_FUNC: a=1.86e-10 V=4.56e-01 factor_V=2.45e+58 factor_rho=5.62e-56 rho_eV2=1.11e+58 rho_final=6.26e+02
BG_FUNC: a=7.35e-09 V=4.56e-01 f[mcmc] Progress @ 2025-12-02 06:10:29 : 275 steps taken -- still burning in, 106 accepted steps left.
[mcmc] Progress @ 2025-12-02 06:11:38 : 291 steps taken -- still burning in, 103 accepted steps left.
[mcmc] Progress @ 2025-12-02 06:12:38 : 323 steps taken -- still burning in, 94 accepted steps left.
actor_V=2.45e+58 factor_rho=5.62e-56 rho_eV2=1.11e+58 rho_final=6.26e+02
BG_FUNC: a=2.92e-07 V=4.56e-01 factor_V=2.45e+58 factor_rho=5.62e-56 rho_eV2=1.11e+58 rho_final=6.26e+02
BG_FUNC: a=1.16e-05 V=4.56e-01 factor_V=2.45e+58 factor_rho=5.62e-56 rho_eV2=1.11e+58 rho_final=6.26e+02
RIDDER SWITCHING: z_osc = 6936.71, a_osc = 1.441397e-04
DEBUG: Ridder field ENABLED. Lambda = 1.515353e+00
DEBUG: Ridder field ENABLED. Lambda = 1.515353e+00
BG_FUNC: a=2.86e-14 V=5.12e-01 factor_V=2.45e+58 factor_rho=5.62e-56 rho_eV2=1.25e+58 rho_final=7.04e+02
BG_FUNC: a=1.09e-12 V=5.12e-01 factor_V=2.45e+58 factor_rho=5.62e-56 rho_eV2=1.25e+58 rho_final=7.04e+02
BG_FUNC: a=4.34e-11 V=5.12e-01 factor_V=2.45e+58 factor_rho=5.62e-56 rho_eV2=1.25e+58 rho_final=7.04e+02
BG_FUNC: a=1.73e-09 V=5.12e-01 factor_V=2.45e+58 factor_rho=5.62e-56 rho_eV2=1.25e+58 rho_final=7.04e+02
BG_FUNC: a=6.93e-08 V=5.12e-01 factor_V=2.45e+58 factor_rho=5.62e-56 rho_eV2=1.25e+58 rho_final=7.04e+02
BG_FUNC: a=2.77e-06 V=5.12e-01 factor_V=2.45e+58 factor_rho=5.62e-56 rho_eV2=1.25e+58 rho_final=7.04e+02
BG_FUNC: a=1.09e-04 V=3.36e-01 factor_V=2.45e+58 factor_rho=5.62e-56 rho_eV2=9.69e+57 rho_final=5.45e+02
RIDDER SWITCHING: z_osc = 7118.08, a_osc = 1.404677e-04
DEBUG: Ridder field ENABLED. Lambda = 1.562847e+00
DEBUG: Ridder field ENABLED. Lambda = 1.562847e+00
BG_FUNC: a=2.68e-13 V=5.80e-01 factor_V=2.45e+58 factor_rho=5.62e-56 rho_eV2=1.42e+58 rho_final=7.97e+02
BG_FUNC: a=1.06e-11 V=5.80e-01 factor_V=2.45e+58 factor_rho=5.62e-56 rho_eV2=1.42e+58 rho_final=7.97e+02
BG_FUNC: a=4.21e-10 V=5.80e-01 factor_V=2.45e+58 factor_rho=5.62e-56 rho_eV2=1.42e+58 rho_final=7.97e+02
BG_FUNC: a=1.67e-08 V=5.80e-01 factor_V=2.45e+58 factor_rho=5.62e-56 rho_eV2=1.42e+58 rho_final=7.97e+02
BG_FUNC: a=6.62e-07 V=5.80e-01 factor_V=2.45e+58 factor_rho=5.62e-56 rho_eV2=1.42e+58 rho_final=7.97e+02
BG_FUNC: a=2.62e-05 V=5.78e-01 factor_V=2.45e+58 factor_rho=5.62e-56 rho_eV2=1.42e+58 rho_final=7.96e+02
RIDDER SWITCHING: z_osc = 7446.38, a_osc = 1.342754e-04
DEBUG: Ridder field ENABLED. Lambda = 1.913503e+00
DEBUG: Ridder field ENABLED. Lambda = 1.913503e+00
BG_FUNC: a=6.81e-14 V=1.30e+00 factor_V=2.45e+58 factor_rho=5.62e-56 rho_eV2=3.18e+58 rho_final=1.79e+03
BG_FUNC: a=2.61e-12 V=1.30e+00 factor_V=2.45e+58 factor_rho=5.62e-56 rho_eV2=3.18e+58 rho_final=1.79e+03
BG_FUNC: a=1.04e-10 V=1.30e+00 factor_V=2.45e+58 factor_rho=5.62e-56 rho_eV2=3.18e+58 rho_final=1.79e+03
BG_FUNC: a=4.12e-09 V=1.30e+00 factor_V=2.45e+58 factor_rho=5.62e-56 rho_eV2=3.18e+58 rho_final=1.79e+03
BG_FUNC: a=1.64e-07 V=1.30e+00 factor_V=2.45e+58 factor_rho=5.62e-56 rho_eV2=3.18e+58 rho_final=1.79e+03
BG_FUNC: a=6.50e-06 V=1.30e+00 factor_V=2.45e+58 factor_rho=5.62e-56 rho_eV2=3.18e+58 rho_final=1.79e+03
RIDDER SWITCHING: z_osc = 9236.11, a_osc = 1.082589e-04
DEBUG: Ridder field ENABLED. Lambda = 1.544241e+00
DEBUG: Ridder field ENABLED. Lambda = 1.544241e+00
BG_FUNC: a=2.14e-14 V=5.52e-01 factor_V=2.45e+58 factor_rho=5.62e-56 rho_eV2=1.35e+58 rho_final=7.59e+02
BG_FUNC: a=8.08e-13 V=5.52e-01 factor_V=2.45e+58 factor_rho=5.62e-56 rho_eV2=1.35e+58 rho_final=7.59e+02
BG_FUNC: a=3.22e-11 V=5.52e-01 factor_V=2.45e+58 factor_rho=5.62e-56 rho_eV2=1.35e+58 rho_final=7.59e+02
BG_FUNC: a=1.29e-09 V=5.52e-01 factor_V=2.45e+58 factor_rho=5.62e-56 rho_eV2=1.35e+58 rho_final=7.59e+02
BG_FUNC: a=5.14e-08 V=5.52e-01 factor_V=2.45e+58 factor_rho=5.62e-56 rho_eV2=1.35e+58 rho_final=7.59e+02
BG_FUNC: a=2.05e-06 V=5.52e-01 factor_V=2.45e+58 factor_rho=5.62e-56 rho_eV2=1.35e+58 rho_final=7.59e+02
BG_FUNC: a=8.11e-05 V=4.73e-01 factor_V=2.45e+58 factor_rho=5.62e-56 rho_eV2=1.23e+58 rho_final=6.91e+02
RIDDER SWITCHING: z_osc = 7306.65, a_osc = 1.368428e-04
DEBUG: Ridder field ENABLED. Lambda = 1.624604e+00
DEBUG: Ridder field ENABLED. Lambda = 1.624604e+00
BG_FUNC: a=2.03e-13 V=6.77e-01 factor_V=2.45e+58 factor_rho=5.62e-56 rho_eV2=1.65e+58 rho_final=9.30e+02
BG_FUNC: a=8.03e-12 V=6.77e-01 factor_V=2.45e+58 factor_rho=5.62e-56 rho_eV2=1.65e+58 rho_final=9.30e+02
BG_FUNC: a=3.18e-10 V=6.77e-01 factor_V=2.45e+58 factor_rho=5.62e-56 rho_eV2=1.65e+[mcmc] Progress @ 2025-12-02 06:14:03 : 347 steps taken -- still burning in, 89 accepted steps left.
[mcmc] Progress @ 2025-12-02 06:15:29 : 376 steps taken -- still burning in, 82 accepted steps left.
58 rho_final=9.30e+02
BG_FUNC: a=1.26e-08 V=6.77e-01 factor_V=2.45e+58 factor_rho=5.62e-56 rho_eV2=1.65e+58 rho_final=9.30e+02
BG_FUNC: a=5.00e-07 V=6.77e-01 factor_V=2.45e+58 factor_rho=5.62e-56 rho_eV2=1.65e+58 rho_final=9.30e+02
BG_FUNC: a=1.98e-05 V=6.76e-01 factor_V=2.45e+58 factor_rho=5.62e-56 rho_eV2=1.65e+58 rho_final=9.30e+02
RIDDER SWITCHING: z_osc = 7725.80, a_osc = 1.294196e-04
DEBUG: Ridder field ENABLED. Lambda = 1.412120e+00
DEBUG: Ridder field ENABLED. Lambda = 1.412120e+00
BG_FUNC: a=5.38e-14 V=3.86e-01 factor_V=2.45e+58 factor_rho=5.62e-56 rho_eV2=9.45e+57 rho_final=5.31e+02
BG_FUNC: a=2.06e-12 V=3.86e-01 factor_V=2.45e+58 factor_rho=5.62e-56 rho_eV2=9.45e+57 rho_final=5.31e+02
BG_FUNC: a=8.21e-11 V=3.86e-01 factor_V=2.45e+58 factor_rho=5.62e-56 rho_eV2=9.45e+57 rho_final=5.31e+02
BG_FUNC: a=3.27e-09 V=3.86e-01 factor_V=2.45e+58 factor_rho=5.62e-56 rho_eV2=9.45e+57 rho_final=5.31e+02
BG_FUNC: a=1.30e-07 V=3.86e-01 factor_V=2.45e+58 factor_rho=5.62e-56 rho_eV2=9.45e+57 rho_final=5.31e+02
BG_FUNC: a=5.17e-06 V=3.86e-01 factor_V=2.45e+58 factor_rho=5.62e-56 rho_eV2=9.45e+57 rho_final=5.31e+02
RIDDER SWITCHING: z_osc = 6601.43, a_osc = 1.514594e-04
DEBUG: Ridder field ENABLED. Lambda = 2.152309e+00
DEBUG: Ridder field ENABLED. Lambda = 2.152309e+00
BG_FUNC: a=1.24e-14 V=2.08e+00 factor_V=2.45e+58 factor_rho=5.62e-56 rho_eV2=5.10e+58 rho_final=2.87e+03
BG_FUNC: a=4.59e-13 V=2.08e+00 factor_V=2.45e+58 factor_rho=5.62e-56 rho_eV2=5.10e+58 rho_final=2.87e+03
BG_FUNC: a=1.82e-11 V=2.08e+00 factor_V=2.45e+58 factor_rho=5.62e-56 rho_eV2=5.10e+58 rho_final=2.87e+03
BG_FUNC: a=7.24e-10 V=2.08e+00 factor_V=2.45e+58 factor_rho=5.62e-56 rho_eV2=5.10e+58 rho_final=2.87e+03
BG_FUNC: a=2.88e-08 V=2.08e+00 factor_V=2.45e+58 factor_rho=5.62e-56 rho_eV2=5.10e+58 rho_final=2.87e+03
BG_FUNC: a=1.15e-06 V=2.08e+00 factor_V=2.45e+58 factor_rho=5.62e-56 rho_eV2=5.10e+58 rho_final=2.87e+03
BG_FUNC: a=4.51e-05 V=1.96e+00 factor_V=2.45e+58 factor_rho=5.62e-56 rho_eV2=4.91e+58 rho_final=2.76e+03
RIDDER SWITCHING: z_osc = 10546.47, a_osc = 9.480947e-05
DEBUG: Ridder field ENABLED. Lambda = 1.364339e+00
DEBUG: Ridder field ENABLED. Lambda = 1.364339e+00
BG_FUNC: a=1.62e-13 V=3.37e-01 factor_V=2.45e+58 factor_rho=5.62e-56 rho_eV2=8.23e+57 rho_final=4.63e+02
BG_FUNC: a=6.49e-12 V=3.37e-01 factor_V=2.45e+58 factor_rho=5.62e-56 rho_eV2=8.23e+57 rho_final=4.63e+02
BG_FUNC: a=2.60e-10 V=3.37e-01 factor_V=2.45e+58 factor_rho=5.62e-56 rho_eV2=8.23e+57 rho_final=4.63e+02
BG_FUNC: a=1.04e-08 V=3.37e-01 factor_V=2.45e+58 factor_rho=5.62e-56 rho_eV2=8.23e+57 rho_final=4.63e+02
BG_FUNC: a=4.15e-07 V=3.37e-01 factor_V=2.45e+58 factor_rho=5.62e-56 rho_eV2=8.23e+57 rho_final=4.63e+02
BG_FUNC: a=1.66e-05 V=3.37e-01 factor_V=2.45e+58 factor_rho=5.62e-56 rho_eV2=8.23e+57 rho_final=4.63e+02
RIDDER SWITCHING: z_osc = 6360.58, a_osc = 1.571937e-04
DEBUG: Ridder field ENABLED. Lambda = 1.530873e+00
DEBUG: Ridder field ENABLED. Lambda = 1.530873e+00
BG_FUNC: a=3.75e-14 V=5.34e-01 factor_V=2.45e+58 factor_rho=5.62e-56 rho_eV2=1.30e+58 rho_final=7.33e+02
BG_FUNC: a=1.42e-12 V=5.34e-01 factor_V=2.45e+58 factor_rho=5.62e-56 rho_eV2=1.30e+58 rho_final=7.33e+02
BG_FUNC: a=5.65e-11 V=5.34e-01 factor_V=2.45e+58 factor_rho=5.62e-56 rho_eV2=1.30e+58 rho_final=7.33e+02
BG_FUNC: a=2.24e-09 V=5.34e-01 factor_V=2.45e+58 factor_rho=5.62e-56 rho_eV2=1.30e+58 rho_final=7.33e+02
BG_FUNC: a=8.90e-08 V=5.34e-01 factor_V=2.45e+58 factor_rho=5.62e-56 rho_eV2=1.30e+58 rho_final=7.33e+02
BG_FUNC: a=3.53e-06 V=5.34e-01 factor_V=2.45e+58 factor_rho=5.62e-56 rho_eV2=1.30e+58 rho_final=7.33e+02
BG_FUNC: a=1.37e-04 V=2.02e-01 factor_V=2.45e+58 factor_rho=5.62e-56 rho_eV2=7.26e+57 rho_final=4.08e+02
RIDDER SWITCHING: z_osc = 7237.75, a_osc = 1.381454e-04
DEBUG: Ridder field ENABLED. Lambda = 1.504285e+00
DEBUG: Ridder field ENABLED. Lambda = 1.504285e+00
BG_FUNC: a=3.43e-13 V=4.97e-01 factor_V=2.45e+58 factor_rho=5.62e-56 rho_eV2=1.22e+58 rho_final=6.84e+02
BG_FUNC: a=1.37e-11 V=4.97e-01 factor_V=2.45e+58 factor_rho=5.62e-56 rho_eV2=1.22e+58 rho_final=6.84e+02
BG_FUNC: a=5.43e-10 V=4.97e-[mcmc] Progress @ 2025-12-02 06:16:36 : 384 steps taken -- still burning in, 81 accepted steps left.
[mcmc] Progress @ 2025-12-02 06:17:57 : 415 steps taken -- still burning in, 75 accepted steps left.
01 factor_V=2.45e+58 factor_rho=5.62e-56 rho_eV2=1.22e+58 rho_final=6.84e+02
BG_FUNC: a=2.13e-08 V=4.97e-01 factor_V=2.45e+58 factor_rho=5.62e-56 rho_eV2=1.22e+58 rho_final=6.84e+02
BG_FUNC: a=8.45e-07 V=4.97e-01 factor_V=2.45e+58 factor_rho=5.62e-56 rho_eV2=1.22e+58 rho_final=6.84e+02
BG_FUNC: a=3.36e-05 V=4.95e-01 factor_V=2.45e+58 factor_rho=5.62e-56 rho_eV2=1.21e+58 rho_final=6.82e+02
RIDDER SWITCHING: z_osc = 7099.14, a_osc = 1.408423e-04
DEBUG: Ridder field ENABLED. Lambda = 1.534215e+00
DEBUG: Ridder field ENABLED. Lambda = 1.534215e+00
BG_FUNC: a=8.31e-14 V=5.38e-01 factor_V=2.45e+58 factor_rho=5.62e-56 rho_eV2=1.32e+58 rho_final=7.40e+02
BG_FUNC: a=3.22e-12 V=5.38e-01 factor_V=2.45e+58 factor_rho=5.62e-56 rho_eV2=1.32e+58 rho_final=7.40e+02
BG_FUNC: a=1.29e-10 V=5.38e-01 factor_V=2.45e+58 factor_rho=5.62e-56 rho_eV2=1.32e+58 rho_final=7.40e+02
BG_FUNC: a=5.15e-09 V=5.38e-01 factor_V=2.45e+58 factor_rho=5.62e-56 rho_eV2=1.32e+58 rho_final=7.40e+02
BG_FUNC: a=2.06e-07 V=5.38e-01 factor_V=2.45e+58 factor_rho=5.62e-56 rho_eV2=1.32e+58 rho_final=7.40e+02
BG_FUNC: a=8.22e-06 V=5.38e-01 factor_V=2.45e+58 factor_rho=5.62e-56 rho_eV2=1.32e+58 rho_final=7.40e+02
RIDDER SWITCHING: z_osc = 7298.31, a_osc = 1.369992e-04
DEBUG: Ridder field ENABLED. Lambda = 1.357860e+00
DEBUG: Ridder field ENABLED. Lambda = 1.357860e+00
BG_FUNC: a=2.15e-14 V=3.30e-01 factor_V=2.45e+58 factor_rho=5.62e-56 rho_eV2=8.08e+57 rho_final=4.54e+02
BG_FUNC: a=8.10e-13 V=3.30e-01 factor_V=2.45e+58 factor_rho=5.62e-56 rho_eV2=8.08e+57 rho_final=4.54e+02
BG_FUNC: a=3.21e-11 V=3.30e-01 factor_V=2.45e+58 factor_rho=5.62e-56 rho_eV2=8.08e+57 rho_final=4.54e+02
BG_FUNC: a=1.27e-09 V=3.30e-01 factor_V=2.45e+58 factor_rho=5.62e-56 rho_eV2=8.08e+57 rho_final=4.54e+02
BG_FUNC: a=5.04e-08 V=3.30e-01 factor_V=2.45e+58 factor_rho=5.62e-56 rho_eV2=8.08e+57 rho_final=4.54e+02
BG_FUNC: a=2.02e-06 V=3.30e-01 factor_V=2.45e+58 factor_rho=5.62e-56 rho_eV2=8.08e+57 rho_final=4.54e+02
BG_FUNC: a=7.88e-05 V=3.04e-01 factor_V=2.45e+58 factor_rho=5.62e-56 rho_eV2=7.68e+57 rho_final=4.32e+02
RIDDER SWITCHING: z_osc = 6346.48, a_osc = 1.575427e-04
DEBUG: Ridder field ENABLED. Lambda = 1.355780e+00
DEBUG: Ridder field ENABLED. Lambda = 1.355780e+00
BG_FUNC: a=1.71e-13 V=3.28e-01 factor_V=2.45e+58 factor_rho=5.62e-56 rho_eV2=8.03e+57 rho_final=4.51e+02
BG_FUNC: a=6.85e-12 V=3.28e-01 factor_V=2.45e+58 factor_rho=5.62e-56 rho_eV2=8.03e+57 rho_final=4.51e+02
BG_FUNC: a=2.74e-10 V=3.28e-01 factor_V=2.45e+58 factor_rho=5.62e-56 rho_eV2=8.03e+57 rho_final=4.51e+02
BG_FUNC: a=1.10e-08 V=3.28e-01 factor_V=2.45e+58 factor_rho=5.62e-56 rho_eV2=8.03e+57 rho_final=4.51e+02
BG_FUNC: a=4.39e-07 V=3.28e-01 factor_V=2.45e+58 factor_rho=5.62e-56 rho_eV2=8.03e+57 rho_final=4.51e+02
BG_FUNC: a=1.76e-05 V=3.28e-01 factor_V=2.45e+58 factor_rho=5.62e-56 rho_eV2=8.02e+57 rho_final=4.51e+02
RIDDER SWITCHING: z_osc = 6291.74, a_osc = 1.589132e-04
DEBUG: Ridder field ENABLED. Lambda = 1.233138e+00
DEBUG: Ridder field ENABLED. Lambda = 1.233138e+00
BG_FUNC: a=3.97e-14 V=2.25e-01 factor_V=2.45e+58 factor_rho=5.62e-56 rho_eV2=5.49e+57 rho_final=3.09e+02
BG_FUNC: a=1.51e-12 V=2.25e-01 factor_V=2.45e+58 factor_rho=5.62e-56 rho_eV2=5.49e+57 rho_final=3.09e+02
BG_FUNC: a=5.97e-11 V=2.25e-01 factor_V=2.45e+58 factor_rho=5.62e-56 rho_eV2=5.49e+57 rho_final=3.09e+02
BG_FUNC: a=2.37e-09 V=2.25e-01 factor_V=2.45e+58 factor_rho=5.62e-56 rho_eV2=5.49e+57 rho_final=3.09e+02
BG_FUNC: a=9.39e-08 V=2.25e-01 factor_V=2.45e+58 factor_rho=5.62e-56 rho_eV2=5.49e+57 rho_final=3.09e+02
BG_FUNC: a=3.73e-06 V=2.25e-01 factor_V=2.45e+58 factor_rho=5.62e-56 rho_eV2=5.49e+57 rho_final=3.09e+02
BG_FUNC: a=1.45e-04 V=1.31e-01 factor_V=2.45e+58 factor_rho=5.62e-56 rho_eV2=3.96e+57 rho_final=2.22e+02
RIDDER SWITCHING: z_osc = 5671.94, a_osc = 1.762756e-04
DEBUG: Ridder field ENABLED. Lambda = 1.450323e+00
DEBUG: Ridder field ENABLED. Lambda = 1.450323e+00
BG_FUNC: a=2.83e-13 V=4.30e-01 factor_V=2.45e+58 factor_rho=5.62e-56 rho_eV2=1.05e+58 rho_final=5.91e+02
BG_FUNC: a=1.12e-11 V=4.30e-01 factor_V=2.45e+58 factor_rho=5.62e-56 rho_eV2=1.[mcmc] Progress @ 2025-12-02 06:19:06 : 436 steps taken -- still burning in, 70 accepted steps left.
[mcmc] Progress @ 2025-12-02 06:20:09 : 448 steps taken -- still burning in, 69 accepted steps left.
[mcmc] Progress @ 2025-12-02 06:21:09 : 489 steps taken -- still burning in, 56 accepted steps left.
05e+58 rho_final=5.91e+02
BG_FUNC: a=4.46e-10 V=4.30e-01 factor_V=2.45e+58 factor_rho=5.62e-56 rho_eV2=1.05e+58 rho_final=5.91e+02
BG_FUNC: a=1.79e-08 V=4.30e-01 factor_V=2.45e+58 factor_rho=5.62e-56 rho_eV2=1.05e+58 rho_final=5.91e+02
BG_FUNC: a=7.03e-07 V=4.30e-01 factor_V=2.45e+58 factor_rho=5.62e-56 rho_eV2=1.05e+58 rho_final=5.91e+02
BG_FUNC: a=2.81e-05 V=4.29e-01 factor_V=2.45e+58 factor_rho=5.62e-56 rho_eV2=1.05e+58 rho_final=5.90e+02
RIDDER SWITCHING: z_osc = 6823.64, a_osc = 1.465279e-04
DEBUG: Ridder field ENABLED. Lambda = 1.691655e+00
DEBUG: Ridder field ENABLED. Lambda = 1.691655e+00
BG_FUNC: a=6.65e-14 V=7.96e-01 factor_V=2.45e+58 factor_rho=5.62e-56 rho_eV2=1.95e+58 rho_final=1.09e+03
BG_FUNC: a=2.55e-12 V=7.96e-01 factor_V=2.45e+58 factor_rho=5.62e-56 rho_eV2=1.95e+58 rho_final=1.09e+03
BG_FUNC: a=1.01e-10 V=7.96e-01 factor_V=2.45e+58 factor_rho=5.62e-56 rho_eV2=1.95e+58 rho_final=1.09e+03
BG_FUNC: a=4.02e-09 V=7.96e-01 factor_V=2.45e+58 factor_rho=5.62e-56 rho_eV2=1.95e+58 rho_final=1.09e+03
BG_FUNC: a=1.60e-07 V=7.96e-01 factor_V=2.45e+58 factor_rho=5.62e-56 rho_eV2=1.95e+58 rho_final=1.09e+03
BG_FUNC: a=6.35e-06 V=7.96e-01 factor_V=2.45e+58 factor_rho=5.62e-56 rho_eV2=1.95e+58 rho_final=1.09e+03
RIDDER SWITCHING: z_osc = 8067.71, a_osc = 1.239355e-04
DEBUG: Ridder field ENABLED. Lambda = 1.464349e+00
DEBUG: Ridder field ENABLED. Lambda = 1.464349e+00
BG_FUNC: a=1.84e-14 V=4.47e-01 factor_V=2.45e+58 factor_rho=5.62e-56 rho_eV2=1.09e+58 rho_final=6.14e+02
BG_FUNC: a=6.96e-13 V=4.47e-01 factor_V=2.45e+58 factor_rho=5.62e-56 rho_eV2=1.09e+58 rho_final=6.14e+02
BG_FUNC: a=2.74e-11 V=4.47e-01 factor_V=2.45e+58 factor_rho=5.62e-56 rho_eV2=1.09e+58 rho_final=6.14e+02
BG_FUNC: a=1.08e-09 V=4.47e-01 factor_V=2.45e+58 factor_rho=5.62e-56 rho_eV2=1.09e+58 rho_final=6.14e+02
BG_FUNC: a=4.30e-08 V=4.47e-01 factor_V=2.45e+58 factor_rho=5.62e-56 rho_eV2=1.09e+58 rho_final=6.14e+02
BG_FUNC: a=1.70e-06 V=4.47e-01 factor_V=2.45e+58 factor_rho=5.62e-56 rho_eV2=1.09e+58 rho_final=6.14e+02
BG_FUNC: a=6.71e-05 V=4.20e-01 factor_V=2.45e+58 factor_rho=5.62e-56 rho_eV2=1.05e+58 rho_final=5.92e+02
RIDDER SWITCHING: z_osc = 6888.68, a_osc = 1.451447e-04
DEBUG: Ridder field ENABLED. Lambda = 1.539834e+00
DEBUG: Ridder field ENABLED. Lambda = 1.539834e+00
BG_FUNC: a=1.57e-13 V=5.46e-01 factor_V=2.45e+58 factor_rho=5.62e-56 rho_eV2=1.34e+58 rho_final=7.51e+02
BG_FUNC: a=6.23e-12 V=5.46e-01 factor_V=2.45e+58 factor_rho=5.62e-56 rho_eV2=1.34e+58 rho_final=7.51e+02
BG_FUNC: a=2.48e-10 V=5.46e-01 factor_V=2.45e+58 factor_rho=5.62e-56 rho_eV2=1.34e+58 rho_final=7.51e+02
BG_FUNC: a=9.84e-09 V=5.46e-01 factor_V=2.45e+58 factor_rho=5.62e-56 rho_eV2=1.34e+58 rho_final=7.51e+02
BG_FUNC: a=3.91e-07 V=5.46e-01 factor_V=2.45e+58 factor_rho=5.62e-56 rho_eV2=1.34e+58 rho_final=7.51e+02
BG_FUNC: a=1.55e-05 V=5.46e-01 factor_V=2.45e+58 factor_rho=5.62e-56 rho_eV2=1.34e+58 rho_final=7.51e+02
RIDDER SWITCHING: z_osc = 7309.71, a_osc = 1.367856e-04
DEBUG: Ridder field ENABLED. Lambda = 1.489291e+00
DEBUG: Ridder field ENABLED. Lambda = 1.489291e+00
BG_FUNC: a=4.01e-14 V=4.78e-01 factor_V=2.45e+58 factor_rho=5.62e-56 rho_eV2=1.17e+58 rho_final=6.57e+02
BG_FUNC: a=1.52e-12 V=4.78e-01 factor_V=2.45e+58 factor_rho=5.62e-56 rho_eV2=1.17e+58 rho_final=6.57e+02
BG_FUNC: a=6.03e-11 V=4.78e-01 factor_V=2.45e+58 factor_rho=5.62e-56 rho_eV2=1.17e+58 rho_final=6.57e+02
BG_FUNC: a=2.39e-09 V=4.78e-01 factor_V=2.45e+58 factor_rho=5.62e-56 rho_eV2=1.17e+58 rho_final=6.57e+02
BG_FUNC: a=9.47e-08 V=4.78e-01 factor_V=2.45e+58 factor_rho=5.62e-56 rho_eV2=1.17e+58 rho_final=6.57e+02
BG_FUNC: a=3.76e-06 V=4.78e-01 factor_V=2.45e+58 factor_rho=5.62e-56 rho_eV2=1.17e+58 rho_final=6.57e+02
RIDDER SWITCHING: z_osc = 7042.80, a_osc = 1.419687e-04
DEBUG: Ridder field ENABLED. Lambda = 1.473370e+00
DEBUG: Ridder field ENABLED. Lambda = 1.473370e+00
BG_FUNC: a=1.00e-14 V=4.58e-01 factor_V=2.45e+58 factor_rho=5.62e-56 rho_eV2=1.12e+58 rho_final=6.29e+02
BG_FUNC: a=3.56e-13 V=4.58e-01 factor_V=2.45e+58 factor_rho=5.62e-56 rho_eV2=1.12e+58 rho_final=6.29e+02
BG_FUNC: a=1.44e-11 V=4.5[mcmc] Progress @ 2025-12-02 06:22:24 : 512 steps taken -- still burning in, 47 accepted steps left.
[mcmc] Progress @ 2025-12-02 06:23:27 : 523 steps taken -- still burning in, 44 accepted steps left.
[mcmc] Progress @ 2025-12-02 06:24:40 : 544 steps taken -- still burning in, 44 accepted steps left.
8e-01 factor_V=2.45e+58 factor_rho=5.62e-56 rho_eV2=1.12e+58 rho_final=6.29e+02
BG_FUNC: a=5.69e-10 V=4.58e-01 factor_V=2.45e+58 factor_rho=5.62e-56 rho_eV2=1.12e+58 rho_final=6.29e+02
BG_FUNC: a=2.27e-08 V=4.58e-01 factor_V=2.45e+58 factor_rho=5.62e-56 rho_eV2=1.12e+58 rho_final=6.29e+02
BG_FUNC: a=9.10e-07 V=4.58e-01 factor_V=2.45e+58 factor_rho=5.62e-56 rho_eV2=1.12e+58 rho_final=6.29e+02
BG_FUNC: a=3.63e-05 V=4.55e-01 factor_V=2.45e+58 factor_rho=5.62e-56 rho_eV2=1.12e+58 rho_final=6.27e+02
RIDDER SWITCHING: z_osc = 6936.96, a_osc = 1.441346e-04
DEBUG: Ridder field ENABLED. Lambda = 1.611496e+00
DEBUG: Ridder field ENABLED. Lambda = 1.611496e+00
BG_FUNC: a=8.89e-14 V=6.55e-01 factor_V=2.45e+58 factor_rho=5.62e-56 rho_eV2=1.60e+58 rho_final=9.01e+02
BG_FUNC: a=3.47e-12 V=6.55e-01 factor_V=2.45e+58 factor_rho=5.62e-56 rho_eV2=1.60e+58 rho_final=9.01e+02
BG_FUNC: a=1.39e-10 V=6.55e-01 factor_V=2.45e+58 factor_rho=5.62e-56 rho_eV2=1.60e+58 rho_final=9.01e+02
BG_FUNC: a=5.60e-09 V=6.55e-01 factor_V=2.45e+58 factor_rho=5.62e-56 rho_eV2=1.60e+58 rho_final=9.01e+02
BG_FUNC: a=2.25e-07 V=6.55e-01 factor_V=2.45e+58 factor_rho=5.62e-56 rho_eV2=1.60e+58 rho_final=9.01e+02
BG_FUNC: a=9.05e-06 V=6.55e-01 factor_V=2.45e+58 factor_rho=5.62e-56 rho_eV2=1.60e+58 rho_final=9.01e+02
RIDDER SWITCHING: z_osc = 7686.31, a_osc = 1.300845e-04
DEBUG: Ridder field ENABLED. Lambda = 1.486436e+00
DEBUG: Ridder field ENABLED. Lambda = 1.486436e+00
BG_FUNC: a=2.50e-14 V=4.74e-01 factor_V=2.45e+58 factor_rho=5.62e-56 rho_eV2=1.16e+58 rho_final=6.52e+02
BG_FUNC: a=9.47e-13 V=4.74e-01 factor_V=2.45e+58 factor_rho=5.62e-56 rho_eV2=1.16e+58 rho_final=6.52e+02
BG_FUNC: a=3.78e-11 V=4.74e-01 factor_V=2.45e+58 factor_rho=5.62e-56 rho_eV2=1.16e+58 rho_final=6.52e+02
BG_FUNC: a=1.51e-09 V=4.74e-01 factor_V=2.45e+58 factor_rho=5.62e-56 rho_eV2=1.16e+58 rho_final=6.52e+02
BG_FUNC: a=6.03e-08 V=4.74e-01 factor_V=2.45e+58 factor_rho=5.62e-56 rho_eV2=1.16e+58 rho_final=6.52e+02
BG_FUNC: a=2.41e-06 V=4.74e-01 factor_V=2.45e+58 factor_rho=5.62e-56 rho_eV2=1.16e+58 rho_final=6.52e+02
BG_FUNC: a=9.54e-05 V=3.72e-01 factor_V=2.45e+58 factor_rho=5.62e-56 rho_eV2=1.00e+58 rho_final=5.62e+02
RIDDER SWITCHING: z_osc = 7012.57, a_osc = 1.425808e-04
DEBUG: Ridder field ENABLED. Lambda = 1.551016e+00
DEBUG: Ridder field ENABLED. Lambda = 1.551016e+00
BG_FUNC: a=2.29e-13 V=5.62e-01 factor_V=2.45e+58 factor_rho=5.62e-56 rho_eV2=1.37e+58 rho_final=7.73e+02
BG_FUNC: a=9.13e-12 V=5.62e-01 factor_V=2.45e+58 factor_rho=5.62e-56 rho_eV2=1.37e+58 rho_final=7.73e+02
BG_FUNC: a=3.62e-10 V=5.62e-01 factor_V=2.45e+58 factor_rho=5.62e-56 rho_eV2=1.37e+58 rho_final=7.73e+02
BG_FUNC: a=1.43e-08 V=5.62e-01 factor_V=2.45e+58 factor_rho=5.62e-56 rho_eV2=1.37e+58 rho_final=7.73e+02
BG_FUNC: a=5.67e-07 V=5.62e-01 factor_V=2.45e+58 factor_rho=5.62e-56 rho_eV2=1.37e+58 rho_final=7.73e+02
BG_FUNC: a=2.25e-05 V=5.62e-01 factor_V=2.45e+58 factor_rho=5.62e-56 rho_eV2=1.37e+58 rho_final=7.72e+02
RIDDER SWITCHING: z_osc = 7358.11, a_osc = 1.358860e-04
DEBUG: Ridder field ENABLED. Lambda = 1.673751e+00
DEBUG: Ridder field ENABLED. Lambda = 1.673751e+00
BG_FUNC: a=5.76e-14 V=7.62e-01 factor_V=2.45e+58 factor_rho=5.62e-56 rho_eV2=1.86e+58 rho_final=1.05e+03
BG_FUNC: a=2.22e-12 V=7.62e-01 factor_V=2.45e+58 factor_rho=5.62e-56 rho_eV2=1.86e+58 rho_final=1.05e+03
BG_FUNC: a=8.89e-11 V=7.62e-01 factor_V=2.45e+58 factor_rho=5.62e-56 rho_eV2=1.86e+58 rho_final=1.05e+03
BG_FUNC: a=3.55e-09 V=7.62e-01 factor_V=2.45e+58 factor_rho=5.62e-56 rho_eV2=1.86e+58 rho_final=1.05e+03
BG_FUNC: a=1.42e-07 V=7.62e-01 factor_V=2.45e+58 factor_rho=5.62e-56 rho_eV2=1.86e+58 rho_final=1.05e+03
BG_FUNC: a=5.69e-06 V=7.62e-01 factor_V=2.45e+58 factor_rho=5.62e-56 rho_eV2=1.86e+58 rho_final=1.05e+03
RIDDER SWITCHING: z_osc = 8015.84, a_osc = 1.247374e-04
DEBUG: Ridder field ENABLED. Lambda = 1.601025e+00
DEBUG: Ridder field ENABLED. Lambda = 1.601025e+00
BG_FUNC: a=1.64e-14 V=6.38e-01 factor_V=2.45e+58 factor_rho=5.62e-56 rho_eV2=1.56e+58 rho_final=8.77e+02
BG_FUNC: a=6.18e-13 V=6.38e-01 factor_V=2.45e+58 factor_rho=5.62e-56 rho_eV2[mcmc] Progress @ 2025-12-02 06:25:55 : 574 steps taken -- still burning in, 39 accepted steps left.
[mcmc] Progress @ 2025-12-02 06:27:10 : 603 steps taken -- still burning in, 36 accepted steps left.
=1.56e+58 rho_final=8.77e+02
BG_FUNC: a=2.47e-11 V=6.38e-01 factor_V=2.45e+58 factor_rho=5.62e-56 rho_eV2=1.56e+58 rho_final=8.77e+02
BG_FUNC: a=9.73e-10 V=6.38e-01 factor_V=2.45e+58 factor_rho=5.62e-56 rho_eV2=1.56e+58 rho_final=8.77e+02
BG_FUNC: a=3.86e-08 V=6.38e-01 factor_V=2.45e+58 factor_rho=5.62e-56 rho_eV2=1.56e+58 rho_final=8.77e+02
BG_FUNC: a=1.53e-06 V=6.38e-01 factor_V=2.45e+58 factor_rho=5.62e-56 rho_eV2=1.56e+58 rho_final=8.77e+02
BG_FUNC: a=6.06e-05 V=6.02e-01 factor_V=2.45e+58 factor_rho=5.62e-56 rho_eV2=1.51e+58 rho_final=8.47e+02
RIDDER SWITCHING: z_osc = 7576.74, a_osc = 1.319655e-04
DEBUG: Ridder field ENABLED. Lambda = 2.046019e+00
DEBUG: Ridder field ENABLED. Lambda = 2.046019e+00
BG_FUNC: a=1.56e-13 V=1.70e+00 factor_V=2.45e+58 factor_rho=5.62e-56 rho_eV2=4.16e+58 rho_final=2.34e+03
BG_FUNC: a=6.19e-12 V=1.70e+00 factor_V=2.45e+58 factor_rho=5.62e-56 rho_eV2=4.16e+58 rho_final=2.34e+03
BG_FUNC: a=2.46e-10 V=1.70e+00 factor_V=2.45e+58 factor_rho=5.62e-56 rho_eV2=4.16e+58 rho_final=2.34e+03
BG_FUNC: a=9.76e-09 V=1.70e+00 factor_V=2.45e+58 factor_rho=5.62e-56 rho_eV2=4.16e+58 rho_final=2.34e+03
BG_FUNC: a=3.87e-07 V=1.70e+00 factor_V=2.45e+58 factor_rho=5.62e-56 rho_eV2=4.16e+58 rho_final=2.34e+03
BG_FUNC: a=1.54e-05 V=1.70e+00 factor_V=2.45e+58 factor_rho=5.62e-56 rho_eV2=4.16e+58 rho_final=2.34e+03
RIDDER SWITCHING: z_osc = 9963.89, a_osc = 1.003523e-04
DEBUG: Ridder field ENABLED. Lambda = 1.444126e+00
DEBUG: Ridder field ENABLED. Lambda = 1.444126e+00
BG_FUNC: a=5.39e-14 V=4.23e-01 factor_V=2.45e+58 factor_rho=5.62e-56 rho_eV2=1.03e+58 rho_final=5.81e+02
BG_FUNC: a=2.08e-12 V=4.23e-01 factor_V=2.45e+58 factor_rho=5.62e-56 rho_eV2=1.03e+58 rho_final=5.81e+02
BG_FUNC: a=8.31e-11 V=4.23e-01 factor_V=2.45e+58 factor_rho=5.62e-56 rho_eV2=1.03e+58 rho_final=5.81e+02
BG_FUNC: a=3.33e-09 V=4.23e-01 factor_V=2.45e+58 factor_rho=5.62e-56 rho_eV2=1.03e+58 rho_final=5.81e+02
BG_FUNC: a=1.33e-07 V=4.23e-01 factor_V=2.45e+58 factor_rho=5.62e-56 rho_eV2=1.03e+58 rho_final=5.81e+02
BG_FUNC: a=5.33e-06 V=4.23e-01 factor_V=2.45e+58 factor_rho=5.62e-56 rho_eV2=1.03e+58 rho_final=5.81e+02
RIDDER SWITCHING: z_osc = 6773.64, a_osc = 1.476094e-04
DEBUG: Ridder field ENABLED. Lambda = 1.517904e+00
DEBUG: Ridder field ENABLED. Lambda = 1.517904e+00
BG_FUNC: a=1.31e-14 V=5.16e-01 factor_V=2.45e+58 factor_rho=5.62e-56 rho_eV2=1.26e+58 rho_final=7.09e+02
BG_FUNC: a=4.86e-13 V=5.16e-01 factor_V=2.45e+58 factor_rho=5.62e-56 rho_eV2=1.26e+58 rho_final=7.09e+02
BG_FUNC: a=1.93e-11 V=5.16e-01 factor_V=2.45e+58 factor_rho=5.62e-56 rho_eV2=1.26e+58 rho_final=7.09e+02
BG_FUNC: a=7.64e-10 V=5.16e-01 factor_V=2.45e+58 factor_rho=5.62e-56 rho_eV2=1.26e+58 rho_final=7.09e+02
BG_FUNC: a=3.03e-08 V=5.16e-01 factor_V=2.45e+58 factor_rho=5.62e-56 rho_eV2=1.26e+58 rho_final=7.09e+02
BG_FUNC: a=1.20e-06 V=5.16e-01 factor_V=2.45e+58 factor_rho=5.62e-56 rho_eV2=1.26e+58 rho_final=7.09e+02
BG_FUNC: a=4.74e-05 V=5.06e-01 factor_V=2.45e+58 factor_rho=5.62e-56 rho_eV2=1.25e+58 rho_final=7.01e+02
RIDDER SWITCHING: z_osc = 7187.73, a_osc = 1.391066e-04
DEBUG: Ridder field ENABLED. Lambda = 1.327232e+00
DEBUG: Ridder field ENABLED. Lambda = 1.327232e+00
BG_FUNC: a=1.16e-13 V=3.01e-01 factor_V=2.45e+58 factor_rho=5.62e-56 rho_eV2=7.37e+57 rho_final=4.14e+02
BG_FUNC: a=4.62e-12 V=3.01e-01 factor_V=2.45e+58 factor_rho=5.62e-56 rho_eV2=7.37e+57 rho_final=4.14e+02
BG_FUNC: a=1.83e-10 V=3.01e-01 factor_V=2.45e+58 factor_rho=5.62e-56 rho_eV2=7.37e+57 rho_final=4.14e+02
BG_FUNC: a=7.27e-09 V=3.01e-01 factor_V=2.45e+58 factor_rho=5.62e-56 rho_eV2=7.37e+57 rho_final=4.14e+02
BG_FUNC: a=2.89e-07 V=3.01e-01 factor_V=2.45e+58 factor_rho=5.62e-56 rho_eV2=7.37e+57 rho_final=4.14e+02
BG_FUNC: a=1.15e-05 V=3.01e-01 factor_V=2.45e+58 factor_rho=5.62e-56 rho_eV2=7.37e+57 rho_final=4.14e+02
RIDDER SWITCHING: z_osc = 6177.77, a_osc = 1.618446e-04
DEBUG: Ridder field ENABLED. Lambda = 1.304449e+00
DEBUG: Ridder field ENABLED. Lambda = 1.304449e+00
BG_FUNC: a=2.52e-14 V=2.81e-01 factor_V=2.45e+58 factor_rho=5.62e-56 rho_eV2=6.88e+57 rho_final=3.87e+02
BG_FUNC: a=9.50e-13 V=[mcmc] Progress @ 2025-12-02 06:28:21 : 618 steps taken -- still burning in, 33 accepted steps left.
[mcmc] Progress @ 2025-12-02 06:29:31 : 640 steps taken -- still burning in, 30 accepted steps left.
[mcmc] Progress @ 2025-12-02 06:30:39 : 652 steps taken -- still burning in, 29 accepted steps left.
2.81e-01 factor_V=2.45e+58 factor_rho=5.62e-56 rho_eV2=6.88e+57 rho_final=3.87e+02
BG_FUNC: a=3.77e-11 V=2.81e-01 factor_V=2.45e+58 factor_rho=5.62e-56 rho_eV2=6.88e+57 rho_final=3.87e+02
BG_FUNC: a=1.49e-09 V=2.81e-01 factor_V=2.45e+58 factor_rho=5.62e-56 rho_eV2=6.88e+57 rho_final=3.87e+02
BG_FUNC: a=5.93e-08 V=2.81e-01 factor_V=2.45e+58 factor_rho=5.62e-56 rho_eV2=6.88e+57 rho_final=3.87e+02
BG_FUNC: a=2.35e-06 V=2.81e-01 factor_V=2.45e+58 factor_rho=5.62e-56 rho_eV2=6.88e+57 rho_final=3.87e+02
BG_FUNC: a=9.27e-05 V=2.47e-01 factor_V=2.45e+58 factor_rho=5.62e-56 rho_eV2=6.35e+57 rho_final=3.57e+02
RIDDER SWITCHING: z_osc = 6010.25, a_osc = 1.663548e-04
DEBUG: Ridder field ENABLED. Lambda = 1.437060e+00
DEBUG: Ridder field ENABLED. Lambda = 1.437060e+00
BG_FUNC: a=1.93e-13 V=4.14e-01 factor_V=2.45e+58 factor_rho=5.62e-56 rho_eV2=1.01e+58 rho_final=5.70e+02
BG_FUNC: a=7.76e-12 V=4.14e-01 factor_V=2.45e+58 factor_rho=5.62e-56 rho_eV2=1.01e+58 rho_final=5.70e+02
BG_FUNC: a=3.10e-10 V=4.14e-01 factor_V=2.45e+58 factor_rho=5.62e-56 rho_eV2=1.01e+58 rho_final=5.70e+02
BG_FUNC: a=1.25e-08 V=4.14e-01 factor_V=2.45e+58 factor_rho=5.62e-56 rho_eV2=1.01e+58 rho_final=5.70e+02
BG_FUNC: a=5.02e-07 V=4.14e-01 factor_V=2.45e+58 factor_rho=5.62e-56 rho_eV2=1.01e+58 rho_final=5.70e+02
BG_FUNC: a=2.02e-05 V=4.14e-01 factor_V=2.45e+58 factor_rho=5.62e-56 rho_eV2=1.01e+58 rho_final=5.69e+02
RIDDER SWITCHING: z_osc = 6714.09, a_osc = 1.489183e-04
DEBUG: Ridder field ENABLED. Lambda = 1.592799e+00
DEBUG: Ridder field ENABLED. Lambda = 1.592799e+00
BG_FUNC: a=4.80e-14 V=6.25e-01 factor_V=2.45e+58 factor_rho=5.62e-56 rho_eV2=1.53e+58 rho_final=8.60e+02
BG_FUNC: a=1.84e-12 V=6.25e-01 factor_V=2.45e+58 factor_rho=5.62e-56 rho_eV2=1.53e+58 rho_final=8.60e+02
BG_FUNC: a=7.37e-11 V=6.25e-01 factor_V=2.45e+58 factor_rho=5.62e-56 rho_eV2=1.53e+58 rho_final=8.60e+02
BG_FUNC: a=2.95e-09 V=6.25e-01 factor_V=2.45e+58 factor_rho=5.62e-56 rho_eV2=1.53e+58 rho_final=8.60e+02
BG_FUNC: a=1.18e-07 V=6.25e-01 factor_V=2.45e+58 factor_rho=5.62e-56 rho_eV2=1.53e+58 rho_final=8.60e+02
BG_FUNC: a=4.71e-06 V=6.25e-01 factor_V=2.45e+58 factor_rho=5.62e-56 rho_eV2=1.53e+58 rho_final=8.60e+02
RIDDER SWITCHING: z_osc = 7597.51, a_osc = 1.316047e-04
DEBUG: Ridder field ENABLED. Lambda = 9.898874e-01
DEBUG: Ridder field ENABLED. Lambda = 9.898874e-01
BG_FUNC: a=1.30e-14 V=9.33e-02 factor_V=2.45e+58 factor_rho=5.62e-56 rho_eV2=2.28e+57 rho_final=1.28e+02
BG_FUNC: a=4.83e-13 V=9.33e-02 factor_V=2.45e+58 factor_rho=5.62e-56 rho_eV2=2.28e+57 rho_final=1.28e+02
BG_FUNC: a=1.92e-11 V=9.33e-02 factor_V=2.45e+58 factor_rho=5.62e-56 rho_eV2=2.28e+57 rho_final=1.28e+02
BG_FUNC: a=7.61e-10 V=9.33e-02 factor_V=2.45e+58 factor_rho=5.62e-56 rho_eV2=2.28e+57 rho_final=1.28e+02
BG_FUNC: a=3.02e-08 V=9.33e-02 factor_V=2.45e+58 factor_rho=5.62e-56 rho_eV2=2.28e+57 rho_final=1.28e+02
BG_FUNC: a=1.20e-06 V=9.33e-02 factor_V=2.45e+58 factor_rho=5.62e-56 rho_eV2=2.28e+57 rho_final=1.28e+02
BG_FUNC: a=4.73e-05 V=9.30e-02 factor_V=2.45e+58 factor_rho=5.62e-56 rho_eV2=2.28e+57 rho_final=1.28e+02
RIDDER SWITCHING: z_osc = 4432.09, a_osc = 2.255762e-04
DEBUG: Ridder field ENABLED. Lambda = 1.247949e+00
DEBUG: Ridder field ENABLED. Lambda = 1.247949e+00
BG_FUNC: a=7.43e-14 V=2.36e-01 factor_V=2.45e+58 factor_rho=5.62e-56 rho_eV2=5.76e+57 rho_final=3.24e+02
BG_FUNC: a=2.85e-12 V=2.36e-01 factor_V=2.45e+58 factor_rho=5.62e-56 rho_eV2=5.76e+57 rho_final=3.24e+02
BG_FUNC: a=1.13e-10 V=2.36e-01 factor_V=2.45e+58 factor_rho=5.62e-56 rho_eV2=5.76e+57 rho_final=3.24e+02
BG_FUNC: a=4.49e-09 V=2.36e-01 factor_V=2.45e+58 factor_rho=5.62e-56 rho_eV2=5.76e+57 rho_final=3.24e+02
BG_FUNC: a=1.78e-07 V=2.36e-01 factor_V=2.45e+58 factor_rho=5.62e-56 rho_eV2=5.76e+57 rho_final=3.24e+02
BG_FUNC: a=7.08e-06 V=2.36e-01 factor_V=2.45e+58 factor_rho=5.62e-56 rho_eV2=5.76e+57 rho_final=3.24e+02
RIDDER SWITCHING: z_osc = 5802.15, a_osc = 1.723202e-04
DEBUG: Ridder field ENABLED. Lambda = 1.604004e+00
DEBUG: Ridder field ENABLED. Lambda = 1.604004e+00
BG_FUNC: a=1.48e-14 V=6.43e-01 factor_V=2.45e+58 factor_rho=5.62e-56 rho_[mcmc] Progress @ 2025-12-02 06:31:46 : 667 steps taken -- still burning in, 28 accepted steps left.
[mcmc] Progress @ 2025-12-02 06:33:09 : 702 steps taken -- still burning in, 22 accepted steps left.
eV2=1.57e+58 rho_final=8.84e+02
BG_FUNC: a=5.53e-13 V=6.43e-01 factor_V=2.45e+58 factor_rho=5.62e-56 rho_eV2=1.57e+58 rho_final=8.84e+02
BG_FUNC: a=2.19e-11 V=6.43e-01 factor_V=2.45e+58 factor_rho=5.62e-56 rho_eV2=1.57e+58 rho_final=8.84e+02
BG_FUNC: a=8.68e-10 V=6.43e-01 factor_V=2.45e+58 factor_rho=5.62e-56 rho_eV2=1.57e+58 rho_final=8.84e+02
BG_FUNC: a=3.44e-08 V=6.43e-01 factor_V=2.45e+58 factor_rho=5.62e-56 rho_eV2=1.57e+58 rho_final=8.84e+02
BG_FUNC: a=1.37e-06 V=6.43e-01 factor_V=2.45e+58 factor_rho=5.62e-56 rho_eV2=1.57e+58 rho_final=8.84e+02
BG_FUNC: a=5.37e-05 V=6.20e-01 factor_V=2.45e+58 factor_rho=5.62e-56 rho_eV2=1.54e+58 rho_final=8.64e+02
RIDDER SWITCHING: z_osc = 7650.13, a_osc = 1.306996e-04
DEBUG: Ridder field ENABLED. Lambda = 1.226452e+00
DEBUG: Ridder field ENABLED. Lambda = 1.226452e+00
BG_FUNC: a=1.40e-13 V=2.20e-01 factor_V=2.45e+58 factor_rho=5.62e-56 rho_eV2=5.37e+57 rho_final=3.02e+02
BG_FUNC: a=5.64e-12 V=2.20e-01 factor_V=2.45e+58 factor_rho=5.62e-56 rho_eV2=5.37e+57 rho_final=3.02e+02
BG_FUNC: a=2.25e-10 V=2.20e-01 factor_V=2.45e+58 factor_rho=5.62e-56 rho_eV2=5.37e+57 rho_final=3.02e+02
BG_FUNC: a=8.89e-09 V=2.20e-01 factor_V=2.45e+58 factor_rho=5.62e-56 rho_eV2=5.37e+57 rho_final=3.02e+02
BG_FUNC: a=3.55e-07 V=2.20e-01 factor_V=2.45e+58 factor_rho=5.62e-56 rho_eV2=5.37e+57 rho_final=3.02e+02
BG_FUNC: a=1.41e-05 V=2.20e-01 factor_V=2.45e+58 factor_rho=5.62e-56 rho_eV2=5.37e+57 rho_final=3.02e+02
RIDDER SWITCHING: z_osc = 5668.78, a_osc = 1.763737e-04
DEBUG: Ridder field ENABLED. Lambda = 1.311819e+00
DEBUG: Ridder field ENABLED. Lambda = 1.311819e+00
BG_FUNC: a=2.86e-14 V=2.88e-01 factor_V=2.45e+58 factor_rho=5.62e-56 rho_eV2=7.03e+57 rho_final=3.95e+02
BG_FUNC: a=1.09e-12 V=2.88e-01 factor_V=2.45e+58 factor_rho=5.62e-56 rho_eV2=7.03e+57 rho_final=3.95e+02
BG_FUNC: a=4.30e-11 V=2.88e-01 factor_V=2.45e+58 factor_rho=5.62e-56 rho_eV2=7.03e+57 rho_final=3.95e+02
BG_FUNC: a=1.70e-09 V=2.88e-01 factor_V=2.45e+58 factor_rho=5.62e-56 rho_eV2=7.03e+57 rho_final=3.95e+02
BG_FUNC: a=6.75e-08 V=2.88e-01 factor_V=2.45e+58 factor_rho=5.62e-56 rho_eV2=7.03e+57 rho_final=3.95e+02
BG_FUNC: a=2.68e-06 V=2.88e-01 factor_V=2.45e+58 factor_rho=5.62e-56 rho_eV2=7.03e+57 rho_final=3.95e+02
BG_FUNC: a=1.05e-04 V=2.32e-01 factor_V=2.45e+58 factor_rho=5.62e-56 rho_eV2=6.18e+57 rho_final=3.47e+02
RIDDER SWITCHING: z_osc = 6100.06, a_osc = 1.639058e-04
DEBUG: Ridder field ENABLED. Lambda = 1.268998e+00
DEBUG: Ridder field ENABLED. Lambda = 1.268998e+00
BG_FUNC: a=2.20e-13 V=2.52e-01 factor_V=2.45e+58 factor_rho=5.62e-56 rho_eV2=6.16e+57 rho_final=3.46e+02
BG_FUNC: a=8.73e-12 V=2.52e-01 factor_V=2.45e+58 factor_rho=5.62e-56 rho_eV2=6.16e+57 rho_final=3.46e+02
BG_FUNC: a=3.47e-10 V=2.52e-01 factor_V=2.45e+58 factor_rho=5.62e-56 rho_eV2=6.16e+57 rho_final=3.46e+02
BG_FUNC: a=1.38e-08 V=2.52e-01 factor_V=2.45e+58 factor_rho=5.62e-56 rho_eV2=6.16e+57 rho_final=3.46e+02
BG_FUNC: a=5.47e-07 V=2.52e-01 factor_V=2.45e+58 factor_rho=5.62e-56 rho_eV2=6.16e+57 rho_final=3.46e+02
BG_FUNC: a=2.18e-05 V=2.52e-01 factor_V=2.45e+58 factor_rho=5.62e-56 rho_eV2=6.16e+57 rho_final=3.46e+02
RIDDER SWITCHING: z_osc = 5846.26, a_osc = 1.710204e-04
DEBUG: Ridder field ENABLED. Lambda = 1.813932e+00
DEBUG: Ridder field ENABLED. Lambda = 1.813932e+00
BG_FUNC: a=4.48e-14 V=1.05e+00 factor_V=2.45e+58 factor_rho=5.62e-56 rho_eV2=2.57e+58 rho_final=1.45e+03
BG_FUNC: a=1.71e-12 V=1.05e+00 factor_V=2.45e+58 factor_rho=5.62e-56 rho_eV2=2.57e+58 rho_final=1.45e+03
BG_FUNC: a=6.79e-11 V=1.05e+00 factor_V=2.45e+58 factor_rho=5.62e-56 rho_eV2=2.57e+58 rho_final=1.45e+03
BG_FUNC: a=2.69e-09 V=1.05e+00 factor_V=2.45e+58 factor_rho=5.62e-56 rho_eV2=2.57e+58 rho_final=1.45e+03
BG_FUNC: a=1.07e-07 V=1.05e+00 factor_V=2.45e+58 factor_rho=5.62e-56 rho_eV2=2.57e+58 rho_final=1.45e+03
BG_FUNC: a=4.28e-06 V=1.05e+00 factor_V=2.45e+58 factor_rho=5.62e-56 rho_eV2=2.57e+58 rho_final=1.45e+03
RIDDER SWITCHING: z_osc = 8760.79, a_osc = 1.141320e-04
DEBUG: Ridder field ENABLED. Lambda = 1.627837e+00
DEBUG: Ridder field ENABLED. Lambda = 1.627837e+00
BG_FUNC: a=1.34e-14[mcmc] Progress @ 2025-12-02 06:34:34 : 744 steps taken -- still burning in, 16 accepted steps left.
[mcmc] Progress @ 2025-12-02 06:35:36 : 750 steps taken -- still burning in, 16 accepted steps left.
[mcmc] Progress @ 2025-12-02 06:36:44 : 765 steps taken -- still burning in, 12 accepted steps left.
 V=6.82e-01 factor_V=2.45e+58 factor_rho=5.62e-56 rho_eV2=1.67e+58 rho_final=9.38e+02
BG_FUNC: a=4.98e-13 V=6.82e-01 factor_V=2.45e+58 factor_rho=5.62e-56 rho_eV2=1.67e+58 rho_final=9.38e+02
BG_FUNC: a=1.98e-11 V=6.82e-01 factor_V=2.45e+58 factor_rho=5.62e-56 rho_eV2=1.67e+58 rho_final=9.38e+02
BG_FUNC: a=7.85e-10 V=6.82e-01 factor_V=2.45e+58 factor_rho=5.62e-56 rho_eV2=1.67e+58 rho_final=9.38e+02
BG_FUNC: a=3.12e-08 V=6.82e-01 factor_V=2.45e+58 factor_rho=5.62e-56 rho_eV2=1.67e+58 rho_final=9.38e+02
BG_FUNC: a=1.24e-06 V=6.82e-01 factor_V=2.45e+58 factor_rho=5.62e-56 rho_eV2=1.67e+58 rho_final=9.38e+02
BG_FUNC: a=4.89e-05 V=6.64e-01 factor_V=2.45e+58 factor_rho=5.62e-56 rho_eV2=1.64e+58 rho_final=9.22e+02
RIDDER SWITCHING: z_osc = 7717.76, a_osc = 1.295545e-04
DEBUG: Ridder field ENABLED. Lambda = 1.432461e+00
DEBUG: Ridder field ENABLED. Lambda = 1.432461e+00
BG_FUNC: a=1.28e-13 V=4.09e-01 factor_V=2.45e+58 factor_rho=5.62e-56 rho_eV2=1.00e+58 rho_final=5.62e+02
BG_FUNC: a=5.09e-12 V=4.09e-01 factor_V=2.45e+58 factor_rho=5.62e-56 rho_eV2=1.00e+58 rho_final=5.62e+02
BG_FUNC: a=2.02e-10 V=4.09e-01 factor_V=2.45e+58 factor_rho=5.62e-56 rho_eV2=1.00e+58 rho_final=5.62e+02
BG_FUNC: a=8.02e-09 V=4.09e-01 factor_V=2.45e+58 factor_rho=5.62e-56 rho_eV2=1.00e+58 rho_final=5.62e+02
BG_FUNC: a=3.19e-07 V=4.09e-01 factor_V=2.45e+58 factor_rho=5.62e-56 rho_eV2=1.00e+58 rho_final=5.62e+02
BG_FUNC: a=1.26e-05 V=4.09e-01 factor_V=2.45e+58 factor_rho=5.62e-56 rho_eV2=1.00e+58 rho_final=5.62e+02
RIDDER SWITCHING: z_osc = 6719.37, a_osc = 1.488012e-04
DEBUG: Ridder field ENABLED. Lambda = 1.495298e+00
DEBUG: Ridder field ENABLED. Lambda = 1.495298e+00
BG_FUNC: a=3.03e-14 V=4.86e-01 factor_V=2.45e+58 factor_rho=5.62e-56 rho_eV2=1.19e+58 rho_final=6.68e+02
BG_FUNC: a=1.15e-12 V=4.86e-01 factor_V=2.45e+58 factor_rho=5.62e-56 rho_eV2=1.19e+58 rho_final=6.68e+02
BG_FUNC: a=4.62e-11 V=4.86e-01 factor_V=2.45e+58 factor_rho=5.62e-56 rho_eV2=1.19e+58 rho_final=6.68e+02
BG_FUNC: a=1.83e-09 V=4.86e-01 factor_V=2.45e+58 factor_rho=5.62e-56 rho_eV2=1.19e+58 rho_final=6.68e+02
BG_FUNC: a=7.28e-08 V=4.86e-01 factor_V=2.45e+58 factor_rho=5.62e-56 rho_eV2=1.19e+58 rho_final=6.68e+02
BG_FUNC: a=2.90e-06 V=4.86e-01 factor_V=2.45e+58 factor_rho=5.62e-56 rho_eV2=1.19e+58 rho_final=6.68e+02
BG_FUNC: a=1.15e-04 V=2.99e-01 factor_V=2.45e+58 factor_rho=5.62e-56 rho_eV2=8.85e+57 rho_final=4.98e+02
RIDDER SWITCHING: z_osc = 7044.01, a_osc = 1.419445e-04
DEBUG: Ridder field ENABLED. Lambda = 1.978751e+00
DEBUG: Ridder field ENABLED. Lambda = 1.978751e+00
BG_FUNC: a=2.75e-13 V=1.49e+00 factor_V=2.45e+58 factor_rho=5.62e-56 rho_eV2=3.64e+58 rho_final=2.05e+03
BG_FUNC: a=1.09e-11 V=1.49e+00 factor_V=2.45e+58 factor_rho=5.62e-56 rho_eV2=3.64e+58 rho_final=2.05e+03
BG_FUNC: a=4.33e-10 V=1.49e+00 factor_V=2.45e+58 factor_rho=5.62e-56 rho_eV2=3.64e+58 rho_final=2.05e+03
BG_FUNC: a=1.72e-08 V=1.49e+00 factor_V=2.45e+58 factor_rho=5.62e-56 rho_eV2=3.64e+58 rho_final=2.05e+03
BG_FUNC: a=6.84e-07 V=1.49e+00 factor_V=2.45e+58 factor_rho=5.62e-56 rho_eV2=3.64e+58 rho_final=2.05e+03
BG_FUNC: a=2.71e-05 V=1.48e+00 factor_V=2.45e+58 factor_rho=5.62e-56 rho_eV2=3.63e+58 rho_final=2.04e+03
RIDDER SWITCHING: z_osc = 9630.13, a_osc = 1.038299e-04
DEBUG: Ridder field ENABLED. Lambda = 1.334452e+00
DEBUG: Ridder field ENABLED. Lambda = 1.334452e+00
BG_FUNC: a=9.14e-14 V=3.08e-01 factor_V=2.45e+58 factor_rho=5.62e-56 rho_eV2=7.53e+57 rho_final=4.23e+02
BG_FUNC: a=3.56e-12 V=3.08e-01 factor_V=2.45e+58 factor_rho=5.62e-56 rho_eV2=7.53e+57 rho_final=4.23e+02
BG_FUNC: a=1.42e-10 V=3.08e-01 factor_V=2.45e+58 factor_rho=5.62e-56 rho_eV2=7.53e+57 rho_final=4.23e+02
BG_FUNC: a=5.74e-09 V=3.08e-01 factor_V=2.45e+58 factor_rho=5.62e-56 rho_eV2=7.53e+57 rho_final=4.23e+02
BG_FUNC: a=2.28e-07 V=3.08e-01 factor_V=2.45e+58 factor_rho=5.62e-56 rho_eV2=7.53e+57 rho_final=4.23e+02
BG_FUNC: a=9.10e-06 V=3.08e-01 factor_V=2.45e+58 factor_rho=5.62e-56 rho_eV2=7.53e+57 rho_final=4.23e+02
RIDDER SWITCHING: z_osc = 6233.77, a_osc = 1.603908e-04
DEBUG: Ridder field ENABLED. Lambda = 1.248910e+00
DEBUG: Ridder fi[mcmc] Progress @ 2025-12-02 06:38:05 : 804 steps taken -- still burning in, 7 accepted steps left.
[mcmc] Progress @ 2025-12-02 06:39:16 : 821 steps taken -- still burning in, 1 accepted steps left.
[mcmc] Finished burn-in phase: discarded 50 accepted steps.
eld ENABLED. Lambda = 1.248910e+00
BG_FUNC: a=2.06e-14 V=2.36e-01 factor_V=2.45e+58 factor_rho=5.62e-56 rho_eV2=5.78e+57 rho_final=3.25e+02
BG_FUNC: a=7.66e-13 V=2.36e-01 factor_V=2.45e+58 factor_rho=5.62e-56 rho_eV2=5.78e+57 rho_final=3.25e+02
BG_FUNC: a=3.04e-11 V=2.36e-01 factor_V=2.45e+58 factor_rho=5.62e-56 rho_eV2=5.78e+57 rho_final=3.25e+02
BG_FUNC: a=1.20e-09 V=2.36e-01 factor_V=2.45e+58 factor_rho=5.62e-56 rho_eV2=5.78e+57 rho_final=3.25e+02
BG_FUNC: a=4.77e-08 V=2.36e-01 factor_V=2.45e+58 factor_rho=5.62e-56 rho_eV2=5.78e+57 rho_final=3.25e+02
BG_FUNC: a=1.89e-06 V=2.36e-01 factor_V=2.45e+58 factor_rho=5.62e-56 rho_eV2=5.78e+57 rho_final=3.25e+02
BG_FUNC: a=7.47e-05 V=2.25e-01 factor_V=2.45e+58 factor_rho=5.62e-56 rho_eV2=5.61e+57 rho_final=3.15e+02
RIDDER SWITCHING: z_osc = 5760.31, a_osc = 1.735716e-04
DEBUG: Ridder field ENABLED. Lambda = 1.475806e+00
DEBUG: Ridder field ENABLED. Lambda = 1.475806e+00
BG_FUNC: a=1.47e-13 V=4.61e-01 factor_V=2.45e+58 factor_rho=5.62e-56 rho_eV2=1.13e+58 rho_final=6.33e+02
BG_FUNC: a=5.82e-12 V=4.61e-01 factor_V=2.45e+58 factor_rho=5.62e-56 rho_eV2=1.13e+58 rho_final=6.33e+02
BG_FUNC: a=2.31e-10 V=4.61e-01 factor_V=2.45e+58 factor_rho=5.62e-56 rho_eV2=1.13e+58 rho_final=6.33e+02
BG_FUNC: a=9.22e-09 V=4.61e-01 factor_V=2.45e+58 factor_rho=5.62e-56 rho_eV2=1.13e+58 rho_final=6.33e+02
BG_FUNC: a=3.62e-07 V=4.61e-01 factor_V=2.45e+58 factor_rho=5.62e-56 rho_eV2=1.13e+58 rho_final=6.33e+02
BG_FUNC: a=1.44e-05 V=4.61e-01 factor_V=2.45e+58 factor_rho=5.62e-56 rho_eV2=1.13e+58 rho_final=6.33e+02
RIDDER SWITCHING: z_osc = 6947.69, a_osc = 1.439120e-04
DEBUG: Ridder field ENABLED. Lambda = 1.639147e+00
DEBUG: Ridder field ENABLED. Lambda = 1.639147e+00
BG_FUNC: a=3.52e-14 V=7.01e-01 factor_V=2.45e+58 factor_rho=5.62e-56 rho_eV2=1.71e+58 rho_final=9.64e+02
BG_FUNC: a=1.33e-12 V=7.01e-01 factor_V=2.45e+58 factor_rho=5.62e-56 rho_eV2=1.71e+58 rho_final=9.64e+02
BG_FUNC: a=5.28e-11 V=7.01e-01 factor_V=2.45e+58 factor_rho=5.62e-56 rho_eV2=1.71e+58 rho_final=9.64e+02
BG_FUNC: a=2.09e-09 V=7.01e-01 factor_V=2.45e+58 factor_rho=5.62e-56 rho_eV2=1.71e+58 rho_final=9.64e+02
BG_FUNC: a=8.28e-08 V=7.01e-01 factor_V=2.45e+58 factor_rho=5.62e-56 rho_eV2=1.71e+58 rho_final=9.64e+02
BG_FUNC: a=3.28e-06 V=7.01e-01 factor_V=2.45e+58 factor_rho=5.62e-56 rho_eV2=1.71e+58 rho_final=9.64e+02
BG_FUNC: a=1.27e-04 V=2.66e-01 factor_V=2.45e+58 factor_rho=5.62e-56 rho_eV2=9.57e+57 rho_final=5.38e+02
RIDDER SWITCHING: z_osc = 7779.44, a_osc = 1.285274e-04
DEBUG: Ridder field ENABLED. Lambda = 1.577510e+00
DEBUG: Ridder field ENABLED. Lambda = 1.577510e+00
BG_FUNC: a=3.44e-13 V=6.02e-01 factor_V=2.45e+58 factor_rho=5.62e-56 rho_eV2=1.47e+58 rho_final=8.27e+02
BG_FUNC: a=1.36e-11 V=6.02e-01 factor_V=2.45e+58 factor_rho=5.62e-56 rho_eV2=1.47e+58 rho_final=8.27e+02
BG_FUNC: a=5.41e-10 V=6.02e-01 factor_V=2.45e+58 factor_rho=5.62e-56 rho_eV2=1.47e+58 rho_final=8.27e+02
BG_FUNC: a=2.14e-08 V=6.02e-01 factor_V=2.45e+58 factor_rho=5.62e-56 rho_eV2=1.47e+58 rho_final=8.27e+02
BG_FUNC: a=8.57e-07 V=6.02e-01 factor_V=2.45e+58 factor_rho=5.62e-56 rho_eV2=1.47e+58 rho_final=8.27e+02
BG_FUNC: a=3.35e-05 V=5.98e-01 factor_V=2.45e+58 factor_rho=5.62e-56 rho_eV2=1.47e+58 rho_final=8.24e+02
RIDDER SWITCHING: z_osc = 7479.13, a_osc = 1.336875e-04
DEBUG: Ridder field ENABLED. Lambda = 1.356122e+00
DEBUG: Ridder field ENABLED. Lambda = 1.356122e+00
BG_FUNC: a=8.79e-14 V=3.29e-01 factor_V=2.45e+58 factor_rho=5.62e-56 rho_eV2=8.03e+57 rho_final=4.52e+02
BG_FUNC: a=3.40e-12 V=3.29e-01 factor_V=2.45e+58 factor_rho=5.62e-56 rho_eV2=8.03e+57 rho_final=4.52e+02
BG_FUNC: a=1.35e-10 V=3.29e-01 factor_V=2.45e+58 factor_rho=5.62e-56 rho_eV2=8.03e+57 rho_final=4.52e+02
BG_FUNC: a=5.40e-09 V=3.29e-01 factor_V=2.45e+58 factor_rho=5.62e-56 rho_eV2=8.03e+57 rho_final=4.52e+02
BG_FUNC: a=2.15e-07 V=3.29e-01 factor_V=2.45e+58 factor_rho=5.62e-56 rho_eV2=8.03e+57 rho_final=4.52e+02
BG_FUNC: a=8.56e-06 V=3.29e-01 factor_V=2.45e+58 factor_rho=5.62e-56 rho_eV2=8.03e+57 rho_final=4.52e+02
RIDDER SWITCHING: z_osc = 6326.80, a_osc = 1.580328e-04
DEBUG: Ridder[mcmc] Progress @ 2025-12-02 06:40:32 : 840 steps taken, and 9 accepted.
[mcmc] Progress @ 2025-12-02 06:41:51 : 860 steps taken, and 13 accepted.
[mcmc] Progress @ 2025-12-02 06:42:52 : 890 steps taken, and 19 accepted.
 field ENABLED. Lambda = 1.639419e+00
DEBUG: Ridder field ENABLED. Lambda = 1.639419e+00
BG_FUNC: a=1.94e-14 V=7.02e-01 factor_V=2.45e+58 factor_rho=5.62e-56 rho_eV2=1.72e+58 rho_final=9.65e+02
BG_FUNC: a=7.36e-13 V=7.02e-01 factor_V=2.45e+58 factor_rho=5.62e-56 rho_eV2=1.72e+58 rho_final=9.65e+02
BG_FUNC: a=2.95e-11 V=7.02e-01 factor_V=2.45e+58 factor_rho=5.62e-56 rho_eV2=1.72e+58 rho_final=9.65e+02
BG_FUNC: a=1.18e-09 V=7.02e-01 factor_V=2.45e+58 factor_rho=5.62e-56 rho_eV2=1.72e+58 rho_final=9.65e+02
BG_FUNC: a=4.74e-08 V=7.02e-01 factor_V=2.45e+58 factor_rho=5.62e-56 rho_eV2=1.72e+58 rho_final=9.65e+02
BG_FUNC: a=1.90e-06 V=7.02e-01 factor_V=2.45e+58 factor_rho=5.62e-56 rho_eV2=1.72e+58 rho_final=9.65e+02
BG_FUNC: a=7.55e-05 V=6.05e-01 factor_V=2.45e+58 factor_rho=5.62e-56 rho_eV2=1.57e+58 rho_final=8.81e+02
RIDDER SWITCHING: z_osc = 7816.08, a_osc = 1.279251e-04
DEBUG: Ridder field ENABLED. Lambda = 2.002607e+00
DEBUG: Ridder field ENABLED. Lambda = 2.002607e+00
BG_FUNC: a=2.00e-13 V=1.56e+00 factor_V=2.45e+58 factor_rho=5.62e-56 rho_eV2=3.82e+58 rho_final=2.15e+03
BG_FUNC: a=7.95e-12 V=1.56e+00 factor_V=2.45e+58 factor_rho=5.62e-56 rho_eV2=3.82e+58 rho_final=2.15e+03
BG_FUNC: a=3.15e-10 V=1.56e+00 factor_V=2.45e+58 factor_rho=5.62e-56 rho_eV2=3.82e+58 rho_final=2.15e+03
BG_FUNC: a=1.25e-08 V=1.56e+00 factor_V=2.45e+58 factor_rho=5.62e-56 rho_eV2=3.82e+58 rho_final=2.15e+03
BG_FUNC: a=4.99e-07 V=1.56e+00 factor_V=2.45e+58 factor_rho=5.62e-56 rho_eV2=3.82e+58 rho_final=2.15e+03
BG_FUNC: a=1.96e-05 V=1.56e+00 factor_V=2.45e+58 factor_rho=5.62e-56 rho_eV2=3.82e+58 rho_final=2.15e+03
RIDDER SWITCHING: z_osc = 9749.03, a_osc = 1.025638e-04
DEBUG: Ridder field ENABLED. Lambda = 1.492378e+00
DEBUG: Ridder field ENABLED. Lambda = 1.492378e+00
BG_FUNC: a=6.69e-14 V=4.82e-01 factor_V=2.45e+58 factor_rho=5.62e-56 rho_eV2=1.18e+58 rho_final=6.62e+02
BG_FUNC: a=2.54e-12 V=4.82e-01 factor_V=2.45e+58 factor_rho=5.62e-56 rho_eV2=1.18e+58 rho_final=6.62e+02
BG_FUNC: a=9.96e-11 V=4.82e-01 factor_V=2.45e+58 factor_rho=5.62e-56 rho_eV2=1.18e+58 rho_final=6.62e+02
BG_FUNC: a=3.90e-09 V=4.82e-01 factor_V=2.45e+58 factor_rho=5.62e-56 rho_eV2=1.18e+58 rho_final=6.62e+02
BG_FUNC: a=1.53e-07 V=4.82e-01 factor_V=2.45e+58 factor_rho=5.62e-56 rho_eV2=1.18e+58 rho_final=6.62e+02
BG_FUNC: a=5.95e-06 V=4.82e-01 factor_V=2.45e+58 factor_rho=5.62e-56 rho_eV2=1.18e+58 rho_final=6.62e+02
RIDDER SWITCHING: z_osc = 7090.31, a_osc = 1.410176e-04
DEBUG: Ridder field ENABLED. Lambda = 1.218649e+00
DEBUG: Ridder field ENABLED. Lambda = 1.218649e+00
BG_FUNC: a=1.48e-14 V=2.14e-01 factor_V=2.45e+58 factor_rho=5.62e-56 rho_eV2=5.24e+57 rho_final=2.95e+02
BG_FUNC: a=5.57e-13 V=2.14e-01 factor_V=2.45e+58 factor_rho=5.62e-56 rho_eV2=5.24e+57 rho_final=2.95e+02
BG_FUNC: a=2.23e-11 V=2.14e-01 factor_V=2.45e+58 factor_rho=5.62e-56 rho_eV2=5.24e+57 rho_final=2.95e+02
BG_FUNC: a=8.94e-10 V=2.14e-01 factor_V=2.45e+58 factor_rho=5.62e-56 rho_eV2=5.24e+57 rho_final=2.95e+02
BG_FUNC: a=3.59e-08 V=2.14e-01 factor_V=2.45e+58 factor_rho=5.62e-56 rho_eV2=5.24e+57 rho_final=2.95e+02
BG_FUNC: a=1.44e-06 V=2.14e-01 factor_V=2.45e+58 factor_rho=5.62e-56 rho_eV2=5.24e+57 rho_final=2.95e+02
BG_FUNC: a=5.76e-05 V=2.11e-01 factor_V=2.45e+58 factor_rho=5.62e-56 rho_eV2=5.19e+57 rho_final=2.92e+02
RIDDER SWITCHING: z_osc = 5604.38, a_osc = 1.784001e-04
DEBUG: Ridder field ENABLED. Lambda = 1.650058e+00
DEBUG: Ridder field ENABLED. Lambda = 1.650058e+00
BG_FUNC: a=1.11e-13 V=7.20e-01 factor_V=2.45e+58 factor_rho=5.62e-56 rho_eV2=1.76e+58 rho_final=9.90e+02
BG_FUNC: a=4.35e-12 V=7.20e-01 factor_V=2.45e+58 factor_rho=5.62e-56 rho_eV2=1.76e+58 rho_final=9.90e+02
BG_FUNC: a=1.73e-10 V=7.20e-01 factor_V=2.45e+58 factor_rho=5.62e-56 rho_eV2=1.76e+58 rho_final=9.90e+02
BG_FUNC: a=6.85e-09 V=7.20e-01 factor_V=2.45e+58 factor_rho=5.62e-56 rho_eV2=1.76e+58 rho_final=9.90e+02
BG_FUNC: a=2.72e-07 V=7.20e-01 factor_V=2.45e+58 factor_rho=5.62e-56 rho_eV2=1.76e+58 rho_final=9.90e+02
BG_FUNC: a=1.08e-05 V=7.20e-01 factor_V=2.45e+58 factor_rho=5.62e-56 rho_eV2=1.76e+58 rho_final=9.90e+02
RIDDER SWITCHIN[mcmc] Progress @ 2025-12-02 06:44:06 : 907 steps taken, and 22 accepted.
[mcmc] Progress @ 2025-12-02 06:45:26 : 927 steps taken, and 25 accepted.
G: z_osc = 7886.00, a_osc = 1.267909e-04
DEBUG: Ridder field ENABLED. Lambda = 1.034664e+00
DEBUG: Ridder field ENABLED. Lambda = 1.034664e+00
BG_FUNC: a=3.03e-14 V=1.11e-01 factor_V=2.45e+58 factor_rho=5.62e-56 rho_eV2=2.72e+57 rho_final=1.53e+02
BG_FUNC: a=1.14e-12 V=1.11e-01 factor_V=2.45e+58 factor_rho=5.62e-56 rho_eV2=2.72e+57 rho_final=1.53e+02
BG_FUNC: a=4.55e-11 V=1.11e-01 factor_V=2.45e+58 factor_rho=5.62e-56 rho_eV2=2.72e+57 rho_final=1.53e+02
BG_FUNC: a=1.80e-09 V=1.11e-01 factor_V=2.45e+58 factor_rho=5.62e-56 rho_eV2=2.72e+57 rho_final=1.53e+02
BG_FUNC: a=7.17e-08 V=1.11e-01 factor_V=2.45e+58 factor_rho=5.62e-56 rho_eV2=2.72e+57 rho_final=1.53e+02
BG_FUNC: a=2.87e-06 V=1.11e-01 factor_V=2.45e+58 factor_rho=5.62e-56 rho_eV2=2.72e+57 rho_final=1.53e+02
BG_FUNC: a=1.12e-04 V=1.00e-01 factor_V=2.45e+58 factor_rho=5.62e-56 rho_eV2=2.55e+57 rho_final=1.43e+02
RIDDER SWITCHING: z_osc = 4670.04, a_osc = 2.140850e-04
DEBUG: Ridder field ENABLED. Lambda = 1.376660e+00
DEBUG: Ridder field ENABLED. Lambda = 1.376660e+00
BG_FUNC: a=1.80e-13 V=3.49e-01 factor_V=2.45e+58 factor_rho=5.62e-56 rho_eV2=8.53e+57 rho_final=4.80e+02
BG_FUNC: a=7.23e-12 V=3.49e-01 factor_V=2.45e+58 factor_rho=5.62e-56 rho_eV2=8.53e+57 rho_final=4.80e+02
BG_FUNC: a=2.91e-10 V=3.49e-01 factor_V=2.45e+58 factor_rho=5.62e-56 rho_eV2=8.53e+57 rho_final=4.80e+02
BG_FUNC: a=1.17e-08 V=3.49e-01 factor_V=2.45e+58 factor_rho=5.62e-56 rho_eV2=8.53e+57 rho_final=4.80e+02
BG_FUNC: a=4.71e-07 V=3.49e-01 factor_V=2.45e+58 factor_rho=5.62e-56 rho_eV2=8.53e+57 rho_final=4.80e+02
BG_FUNC: a=1.90e-05 V=3.49e-01 factor_V=2.45e+58 factor_rho=5.62e-56 rho_eV2=8.53e+57 rho_final=4.80e+02
RIDDER SWITCHING: z_osc = 6421.49, a_osc = 1.557029e-04
DEBUG: Ridder field ENABLED. Lambda = 1.306111e+00
DEBUG: Ridder field ENABLED. Lambda = 1.306111e+00
BG_FUNC: a=4.35e-14 V=2.83e-01 factor_V=2.45e+58 factor_rho=5.62e-56 rho_eV2=6.91e+57 rho_final=3.89e+02
BG_FUNC: a=1.65e-12 V=2.83e-01 factor_V=2.45e+58 factor_rho=5.62e-56 rho_eV2=6.91e+57 rho_final=3.89e+02
BG_FUNC: a=6.52e-11 V=2.83e-01 factor_V=2.45e+58 factor_rho=5.62e-56 rho_eV2=6.91e+57 rho_final=3.89e+02
BG_FUNC: a=2.59e-09 V=2.83e-01 factor_V=2.45e+58 factor_rho=5.62e-56 rho_eV2=6.91e+57 rho_final=3.89e+02
BG_FUNC: a=1.02e-07 V=2.83e-01 factor_V=2.45e+58 factor_rho=5.62e-56 rho_eV2=6.91e+57 rho_final=3.89e+02
BG_FUNC: a=4.06e-06 V=2.83e-01 factor_V=2.45e+58 factor_rho=5.62e-56 rho_eV2=6.91e+57 rho_final=3.89e+02
BG_FUNC: a=1.57e-04 V=1.18e-01 factor_V=2.45e+58 factor_rho=5.62e-56 rho_eV2=4.07e+57 rho_final=2.29e+02
RIDDER SWITCHING: z_osc = 6068.35, a_osc = 1.647623e-04
DEBUG: Ridder field ENABLED. Lambda = 1.530366e+00
DEBUG: Ridder field ENABLED. Lambda = 1.530366e+00
BG_FUNC: a=3.31e-13 V=5.33e-01 factor_V=2.45e+58 factor_rho=5.62e-56 rho_eV2=1.30e+58 rho_final=7.32e+02
BG_FUNC: a=1.31e-11 V=5.33e-01 factor_V=2.45e+58 factor_rho=5.62e-56 rho_eV2=1.30e+58 rho_final=7.32e+02
BG_FUNC: a=5.21e-10 V=5.33e-01 factor_V=2.45e+58 factor_rho=5.62e-56 rho_eV2=1.30e+58 rho_final=7.32e+02
BG_FUNC: a=2.06e-08 V=5.33e-01 factor_V=2.45e+58 factor_rho=5.62e-56 rho_eV2=1.30e+58 rho_final=7.32e+02
BG_FUNC: a=8.18e-07 V=5.33e-01 factor_V=2.45e+58 factor_rho=5.62e-56 rho_eV2=1.30e+58 rho_final=7.32e+02
BG_FUNC: a=3.23e-05 V=5.31e-01 factor_V=2.45e+58 factor_rho=5.62e-56 rho_eV2=1.30e+58 rho_final=7.31e+02
RIDDER SWITCHING: z_osc = 7233.04, a_osc = 1.382353e-04
DEBUG: Ridder field ENABLED. Lambda = 1.411396e+00
DEBUG: Ridder field ENABLED. Lambda = 1.411396e+00
BG_FUNC: a=8.19e-14 V=3.85e-01 factor_V=2.45e+58 factor_rho=5.62e-56 rho_eV2=9.43e+57 rho_final=5.30e+02
BG_FUNC: a=3.16e-12 V=3.85e-01 factor_V=2.45e+58 factor_rho=5.62e-56 rho_eV2=9.43e+57 rho_final=5.30e+02
BG_FUNC: a=1.27e-10 V=3.85e-01 factor_V=2.45e+58 factor_rho=5.62e-56 rho_eV2=9.43e+57 rho_final=5.30e+02
BG_FUNC: a=4.99e-09 V=3.85e-01 factor_V=2.45e+58 factor_rho=5.62e-56 rho_eV2=9.43e+57 rho_final=5.30e+02
BG_FUNC: a=1.98e-07 V=3.85e-01 factor_V=2.45e+58 factor_rho=5.62e-56 rho_eV2=9.43e+57 rho_final=5.30e+02
BG_FUNC: a=7.87e-06 V=3.85e-01 factor_V=2.45e+58 factor_rho=5.62e-[mcmc] Progress @ 2025-12-02 06:46:44 : 945 steps taken, and 28 accepted.
[mcmc] Progress @ 2025-12-02 06:48:11 : 973 steps taken, and 34 accepted.
[mcmc] Progress @ 2025-12-02 06:49:11 : 1007 steps taken, and 39 accepted.
56 rho_eV2=9.43e+57 rho_final=5.30e+02
RIDDER SWITCHING: z_osc = 6604.18, a_osc = 1.513962e-04
DEBUG: Ridder field ENABLED. Lambda = 1.404322e+00
DEBUG: Ridder field ENABLED. Lambda = 1.404322e+00
BG_FUNC: a=1.86e-14 V=3.78e-01 factor_V=2.45e+58 factor_rho=5.62e-56 rho_eV2=9.24e+57 rho_final=5.19e+02
BG_FUNC: a=7.01e-13 V=3.78e-01 factor_V=2.45e+58 factor_rho=5.62e-56 rho_eV2=9.24e+57 rho_final=5.19e+02
BG_FUNC: a=2.80e-11 V=3.78e-01 factor_V=2.45e+58 factor_rho=5.62e-56 rho_eV2=9.24e+57 rho_final=5.19e+02
BG_FUNC: a=1.12e-09 V=3.78e-01 factor_V=2.45e+58 factor_rho=5.62e-56 rho_eV2=9.24e+57 rho_final=5.19e+02
BG_FUNC: a=4.48e-08 V=3.78e-01 factor_V=2.45e+58 factor_rho=5.62e-56 rho_eV2=9.24e+57 rho_final=5.19e+02
BG_FUNC: a=1.79e-06 V=3.78e-01 factor_V=2.45e+58 factor_rho=5.62e-56 rho_eV2=9.24e+57 rho_final=5.19e+02
BG_FUNC: a=7.14e-05 V=3.54e-01 factor_V=2.45e+58 factor_rho=5.62e-56 rho_eV2=8.88e+57 rho_final=4.99e+02
RIDDER SWITCHING: z_osc = 6597.54, a_osc = 1.515486e-04
DEBUG: Ridder field ENABLED. Lambda = 1.597711e+00
DEBUG: Ridder field ENABLED. Lambda = 1.597711e+00
BG_FUNC: a=1.60e-13 V=6.33e-01 factor_V=2.45e+58 factor_rho=5.62e-56 rho_eV2=1.55e+58 rho_final=8.70e+02
BG_FUNC: a=6.41e-12 V=6.33e-01 factor_V=2.45e+58 factor_rho=5.62e-56 rho_eV2=1.55e+58 rho_final=8.70e+02
BG_FUNC: a=2.52e-10 V=6.33e-01 factor_V=2.45e+58 factor_rho=5.62e-56 rho_eV2=1.55e+58 rho_final=8.70e+02
BG_FUNC: a=1.00e-08 V=6.33e-01 factor_V=2.45e+58 factor_rho=5.62e-56 rho_eV2=1.55e+58 rho_final=8.70e+02
BG_FUNC: a=3.98e-07 V=6.33e-01 factor_V=2.45e+58 factor_rho=5.62e-56 rho_eV2=1.55e+58 rho_final=8.70e+02
BG_FUNC: a=1.58e-05 V=6.33e-01 factor_V=2.45e+58 factor_rho=5.62e-56 rho_eV2=1.55e+58 rho_final=8.70e+02
RIDDER SWITCHING: z_osc = 7634.64, a_osc = 1.309647e-04
DEBUG: Ridder field ENABLED. Lambda = 1.523417e+00
DEBUG: Ridder field ENABLED. Lambda = 1.523417e+00
BG_FUNC: a=4.27e-14 V=5.23e-01 factor_V=2.45e+58 factor_rho=5.62e-56 rho_eV2=1.28e+58 rho_final=7.19e+02
BG_FUNC: a=1.61e-12 V=5.23e-01 factor_V=2.45e+58 factor_rho=5.62e-56 rho_eV2=1.28e+58 rho_final=7.19e+02
BG_FUNC: a=6.32e-11 V=5.23e-01 factor_V=2.45e+58 factor_rho=5.62e-56 rho_eV2=1.28e+58 rho_final=7.19e+02
BG_FUNC: a=2.48e-09 V=5.23e-01 factor_V=2.45e+58 factor_rho=5.62e-56 rho_eV2=1.28e+58 rho_final=7.19e+02
BG_FUNC: a=9.71e-08 V=5.23e-01 factor_V=2.45e+58 factor_rho=5.62e-56 rho_eV2=1.28e+58 rho_final=7.19e+02
BG_FUNC: a=3.79e-06 V=5.23e-01 factor_V=2.45e+58 factor_rho=5.62e-56 rho_eV2=1.28e+58 rho_final=7.19e+02
RIDDER SWITCHING: z_osc = 7223.78, a_osc = 1.384125e-04
DEBUG: Ridder field ENABLED. Lambda = 8.771960e-01
DEBUG: Ridder field ENABLED. Lambda = 8.771960e-01
BG_FUNC: a=1.00e-14 V=5.75e-02 factor_V=2.45e+58 factor_rho=5.62e-56 rho_eV2=1.41e+57 rho_final=7.91e+01
BG_FUNC: a=3.62e-13 V=5.75e-02 factor_V=2.45e+58 factor_rho=5.62e-56 rho_eV2=1.41e+57 rho_final=7.91e+01
BG_FUNC: a=1.44e-11 V=5.75e-02 factor_V=2.45e+58 factor_rho=5.62e-56 rho_eV2=1.41e+57 rho_final=7.91e+01
BG_FUNC: a=5.76e-10 V=5.75e-02 factor_V=2.45e+58 factor_rho=5.62e-56 rho_eV2=1.41e+57 rho_final=7.91e+01
BG_FUNC: a=2.30e-08 V=5.75e-02 factor_V=2.45e+58 factor_rho=5.62e-56 rho_eV2=1.41e+57 rho_final=7.91e+01
BG_FUNC: a=9.16e-07 V=5.75e-02 factor_V=2.45e+58 factor_rho=5.62e-56 rho_eV2=1.41e+57 rho_final=7.91e+01
BG_FUNC: a=3.66e-05 V=5.75e-02 factor_V=2.45e+58 factor_rho=5.62e-56 rho_eV2=1.41e+57 rho_final=7.90e+01
RIDDER SWITCHING: z_osc = 3817.45, a_osc = 2.618866e-04
DEBUG: Ridder field ENABLED. Lambda = 1.518538e+00
DEBUG: Ridder field ENABLED. Lambda = 1.518538e+00
BG_FUNC: a=4.92e-14 V=5.17e-01 factor_V=2.45e+58 factor_rho=5.62e-56 rho_eV2=1.26e+58 rho_final=7.10e+02
BG_FUNC: a=1.89e-12 V=5.17e-01 factor_V=2.45e+58 factor_rho=5.62e-56 rho_eV2=1.26e+58 rho_final=7.10e+02
BG_FUNC: a=7.56e-11 V=5.17e-01 factor_V=2.45e+58 factor_rho=5.62e-56 rho_eV2=1.26e+58 rho_final=7.10e+02
BG_FUNC: a=3.03e-09 V=5.17e-01 factor_V=2.45e+58 factor_rho=5.62e-56 rho_eV2=1.26e+58 rho_final=7.10e+02
BG_FUNC: a=1.21e-07 V=5.17e-01 factor_V=2.45e+58 factor_rho=5.62e-56 rho_eV2=1.26e+58 rho_final=7.10e+02
BG_FUNC: a=4[mcmc] Progress @ 2025-12-02 06:50:15 : 1016 steps taken, and 40 accepted.
[mcmc] Progress @ 2025-12-02 06:51:30 : 1032 steps taken, and 44 accepted.
[mcmc] Progress @ 2025-12-02 06:52:51 : 1066 steps taken, and 49 accepted.
.84e-06 V=5.17e-01 factor_V=2.45e+58 factor_rho=5.62e-56 rho_eV2=1.26e+58 rho_final=7.10e+02
RIDDER SWITCHING: z_osc = 7163.02, a_osc = 1.395864e-04
DEBUG: Ridder field ENABLED. Lambda = 1.492293e+00
DEBUG: Ridder field ENABLED. Lambda = 1.492293e+00
BG_FUNC: a=1.27e-14 V=4.82e-01 factor_V=2.45e+58 factor_rho=5.62e-56 rho_eV2=1.18e+58 rho_final=6.62e+02
BG_FUNC: a=4.73e-13 V=4.82e-01 factor_V=2.45e+58 factor_rho=5.62e-56 rho_eV2=1.18e+58 rho_final=6.62e+02
BG_FUNC: a=1.88e-11 V=4.82e-01 factor_V=2.45e+58 factor_rho=5.62e-56 rho_eV2=1.18e+58 rho_final=6.62e+02
BG_FUNC: a=7.55e-10 V=4.82e-01 factor_V=2.45e+58 factor_rho=5.62e-56 rho_eV2=1.18e+58 rho_final=6.62e+02
BG_FUNC: a=2.98e-08 V=4.82e-01 factor_V=2.45e+58 factor_rho=5.62e-56 rho_eV2=1.18e+58 rho_final=6.62e+02
BG_FUNC: a=1.18e-06 V=4.82e-01 factor_V=2.45e+58 factor_rho=5.62e-56 rho_eV2=1.18e+58 rho_final=6.62e+02
BG_FUNC: a=4.64e-05 V=4.74e-01 factor_V=2.45e+58 factor_rho=5.62e-56 rho_eV2=1.17e+58 rho_final=6.56e+02
RIDDER SWITCHING: z_osc = 7063.12, a_osc = 1.415605e-04
DEBUG: Ridder field ENABLED. Lambda = 1.600303e+00
DEBUG: Ridder field ENABLED. Lambda = 1.600303e+00
BG_FUNC: a=1.12e-13 V=6.37e-01 factor_V=2.45e+58 factor_rho=5.62e-56 rho_eV2=1.56e+58 rho_final=8.76e+02
BG_FUNC: a=4.39e-12 V=6.37e-01 factor_V=2.45e+58 factor_rho=5.62e-56 rho_eV2=1.56e+58 rho_final=8.76e+02
BG_FUNC: a=1.72e-10 V=6.37e-01 factor_V=2.45e+58 factor_rho=5.62e-56 rho_eV2=1.56e+58 rho_final=8.76e+02
BG_FUNC: a=6.75e-09 V=6.37e-01 factor_V=2.45e+58 factor_rho=5.62e-56 rho_eV2=1.56e+58 rho_final=8.76e+02
BG_FUNC: a=2.64e-07 V=6.37e-01 factor_V=2.45e+58 factor_rho=5.62e-56 rho_eV2=1.56e+58 rho_final=8.76e+02
BG_FUNC: a=1.02e-05 V=6.37e-01 factor_V=2.45e+58 factor_rho=5.62e-56 rho_eV2=1.56e+58 rho_final=8.76e+02
RIDDER SWITCHING: z_osc = 7585.90, a_osc = 1.318062e-04
DEBUG: Ridder field ENABLED. Lambda = 1.422818e+00
DEBUG: Ridder field ENABLED. Lambda = 1.422818e+00
BG_FUNC: a=2.75e-14 V=3.98e-01 factor_V=2.45e+58 factor_rho=5.62e-56 rho_eV2=9.73e+57 rho_final=5.47e+02
BG_FUNC: a=1.03e-12 V=3.98e-01 factor_V=2.45e+58 factor_rho=5.62e-56 rho_eV2=9.73e+57 rho_final=5.47e+02
BG_FUNC: a=4.09e-11 V=3.98e-01 factor_V=2.45e+58 factor_rho=5.62e-56 rho_eV2=9.73e+57 rho_final=5.47e+02
BG_FUNC: a=1.63e-09 V=3.98e-01 factor_V=2.45e+58 factor_rho=5.62e-56 rho_eV2=9.73e+57 rho_final=5.47e+02
BG_FUNC: a=6.46e-08 V=3.98e-01 factor_V=2.45e+58 factor_rho=5.62e-56 rho_eV2=9.73e+57 rho_final=5.47e+02
BG_FUNC: a=2.57e-06 V=3.98e-01 factor_V=2.45e+58 factor_rho=5.62e-56 rho_eV2=9.73e+57 rho_final=5.47e+02
BG_FUNC: a=1.01e-04 V=3.09e-01 factor_V=2.45e+58 factor_rho=5.62e-56 rho_eV2=8.35e+57 rho_final=4.69e+02
RIDDER SWITCHING: z_osc = 6681.65, a_osc = 1.496412e-04
DEBUG: Ridder field ENABLED. Lambda = 9.608250e-01
DEBUG: Ridder field ENABLED. Lambda = 9.608250e-01
BG_FUNC: a=2.32e-13 V=8.28e-02 factor_V=2.45e+58 factor_rho=5.62e-56 rho_eV2=2.02e+57 rho_final=1.14e+02
BG_FUNC: a=9.19e-12 V=8.28e-02 factor_V=2.45e+58 factor_rho=5.62e-56 rho_eV2=2.02e+57 rho_final=1.14e+02
BG_FUNC: a=3.64e-10 V=8.28e-02 factor_V=2.45e+58 factor_rho=5.62e-56 rho_eV2=2.02e+57 rho_final=1.14e+02
BG_FUNC: a=1.44e-08 V=8.28e-02 factor_V=2.45e+58 factor_rho=5.62e-56 rho_eV2=2.02e+57 rho_final=1.14e+02
BG_FUNC: a=5.72e-07 V=8.28e-02 factor_V=2.45e+58 factor_rho=5.62e-56 rho_eV2=2.02e+57 rho_final=1.14e+02
BG_FUNC: a=2.27e-05 V=8.28e-02 factor_V=2.45e+58 factor_rho=5.62e-56 rho_eV2=2.02e+57 rho_final=1.14e+02
RIDDER SWITCHING: z_osc = 4264.47, a_osc = 2.344405e-04
DEBUG: Ridder field ENABLED. Lambda = 1.322679e+00
DEBUG: Ridder field ENABLED. Lambda = 1.322679e+00
BG_FUNC: a=3.43e-14 V=2.97e-01 factor_V=2.45e+58 factor_rho=5.62e-56 rho_eV2=7.27e+57 rho_final=4.09e+02
BG_FUNC: a=1.30e-12 V=2.97e-01 factor_V=2.45e+58 factor_rho=5.62e-56 rho_eV2=7.27e+57 rho_final=4.09e+02
BG_FUNC: a=5.16e-11 V=2.97e-01 factor_V=2.45e+58 factor_rho=5.62e-56 rho_eV2=7.27e+57 rho_final=4.09e+02
BG_FUNC: a=2.06e-09 V=2.97e-01 factor_V=2.45e+58 factor_rho=5.62e-56 rho_eV2=7.27e+57 rho_final=4.09e+02
BG_FUNC: a=8.10e-08 V=2.97e-01 factor_V=2.45e+58 factor_rho=5.6[mcmc] Progress @ 2025-12-02 06:54:02 : 1079 steps taken, and 52 accepted.
[mcmc] Progress @ 2025-12-02 06:55:22 : 1104 steps taken, and 55 accepted.
2e-56 rho_eV2=7.27e+57 rho_final=4.09e+02
BG_FUNC: a=3.21e-06 V=2.97e-01 factor_V=2.45e+58 factor_rho=5.62e-56 rho_eV2=7.27e+57 rho_final=4.09e+02
BG_FUNC: a=1.25e-04 V=1.97e-01 factor_V=2.45e+58 factor_rho=5.62e-56 rho_eV2=5.66e+57 rho_final=3.18e+02
RIDDER SWITCHING: z_osc = 6104.15, a_osc = 1.637961e-04
DEBUG: Ridder field ENABLED. Lambda = 1.243884e+00
DEBUG: Ridder field ENABLED. Lambda = 1.243884e+00
BG_FUNC: a=2.63e-13 V=2.33e-01 factor_V=2.45e+58 factor_rho=5.62e-56 rho_eV2=5.69e+57 rho_final=3.20e+02
BG_FUNC: a=1.04e-11 V=2.33e-01 factor_V=2.45e+58 factor_rho=5.62e-56 rho_eV2=5.69e+57 rho_final=3.20e+02
BG_FUNC: a=4.13e-10 V=2.33e-01 factor_V=2.45e+58 factor_rho=5.62e-56 rho_eV2=5.69e+57 rho_final=3.20e+02
BG_FUNC: a=1.65e-08 V=2.33e-01 factor_V=2.45e+58 factor_rho=5.62e-56 rho_eV2=5.69e+57 rho_final=3.20e+02
BG_FUNC: a=6.50e-07 V=2.33e-01 factor_V=2.45e+58 factor_rho=5.62e-56 rho_eV2=5.69e+57 rho_final=3.20e+02
BG_FUNC: a=2.58e-05 V=2.32e-01 factor_V=2.45e+58 factor_rho=5.62e-56 rho_eV2=5.68e+57 rho_final=3.20e+02
RIDDER SWITCHING: z_osc = 5746.16, a_osc = 1.739990e-04
DEBUG: Ridder field ENABLED. Lambda = 1.361547e+00
DEBUG: Ridder field ENABLED. Lambda = 1.361547e+00
BG_FUNC: a=5.23e-14 V=3.34e-01 factor_V=2.45e+58 factor_rho=5.62e-56 rho_eV2=8.16e+57 rho_final=4.59e+02
BG_FUNC: a=2.00e-12 V=3.34e-01 factor_V=2.45e+58 factor_rho=5.62e-56 rho_eV2=8.16e+57 rho_final=4.59e+02
BG_FUNC: a=7.99e-11 V=3.34e-01 factor_V=2.45e+58 factor_rho=5.62e-56 rho_eV2=8.16e+57 rho_final=4.59e+02
BG_FUNC: a=3.14e-09 V=3.34e-01 factor_V=2.45e+58 factor_rho=5.62e-56 rho_eV2=8.16e+57 rho_final=4.59e+02
BG_FUNC: a=1.24e-07 V=3.34e-01 factor_V=2.45e+58 factor_rho=5.62e-56 rho_eV2=8.16e+57 rho_final=4.59e+02
BG_FUNC: a=4.93e-06 V=3.34e-01 factor_V=2.45e+58 factor_rho=5.62e-56 rho_eV2=8.16e+57 rho_final=4.59e+02
RIDDER SWITCHING: z_osc = 6368.58, a_osc = 1.569961e-04
DEBUG: Ridder field ENABLED. Lambda = 1.432355e+00
DEBUG: Ridder field ENABLED. Lambda = 1.432355e+00
BG_FUNC: a=1.14e-14 V=4.09e-01 factor_V=2.45e+58 factor_rho=5.62e-56 rho_eV2=1.00e+58 rho_final=5.62e+02
BG_FUNC: a=4.24e-13 V=4.09e-01 factor_V=2.45e+58 factor_rho=5.62e-56 rho_eV2=1.00e+58 rho_final=5.62e+02
BG_FUNC: a=1.70e-11 V=4.09e-01 factor_V=2.45e+58 factor_rho=5.62e-56 rho_eV2=1.00e+58 rho_final=5.62e+02
BG_FUNC: a=6.77e-10 V=4.09e-01 factor_V=2.45e+58 factor_rho=5.62e-56 rho_eV2=1.00e+58 rho_final=5.62e+02
BG_FUNC: a=2.71e-08 V=4.09e-01 factor_V=2.45e+58 factor_rho=5.62e-56 rho_eV2=1.00e+58 rho_final=5.62e+02
BG_FUNC: a=1.08e-06 V=4.09e-01 factor_V=2.45e+58 factor_rho=5.62e-56 rho_eV2=1.00e+58 rho_final=5.62e+02
BG_FUNC: a=4.31e-05 V=4.05e-01 factor_V=2.45e+58 factor_rho=5.62e-56 rho_eV2=9.94e+57 rho_final=5.59e+02
RIDDER SWITCHING: z_osc = 6734.22, a_osc = 1.484732e-04
DEBUG: Ridder field ENABLED. Lambda = 1.505639e+00
DEBUG: Ridder field ENABLED. Lambda = 1.505639e+00
BG_FUNC: a=9.89e-14 V=4.99e-01 factor_V=2.45e+58 factor_rho=5.62e-56 rho_eV2=1.22e+58 rho_final=6.86e+02
BG_FUNC: a=3.92e-12 V=4.99e-01 factor_V=2.45e+58 factor_rho=5.62e-56 rho_eV2=1.22e+58 rho_final=6.86e+02
BG_FUNC: a=1.55e-10 V=4.99e-01 factor_V=2.45e+58 factor_rho=5.62e-56 rho_eV2=1.22e+58 rho_final=6.86e+02
BG_FUNC: a=6.14e-09 V=4.99e-01 factor_V=2.45e+58 factor_rho=5.62e-56 rho_eV2=1.22e+58 rho_final=6.86e+02
BG_FUNC: a=2.43e-07 V=4.99e-01 factor_V=2.45e+58 factor_rho=5.62e-56 rho_eV2=1.22e+58 rho_final=6.86e+02
BG_FUNC: a=9.63e-06 V=4.99e-01 factor_V=2.45e+58 factor_rho=5.62e-56 rho_eV2=1.22e+58 rho_final=6.86e+02
RIDDER SWITCHING: z_osc = 7117.21, a_osc = 1.404847e-04
DEBUG: Ridder field ENABLED. Lambda = 1.490083e+00
DEBUG: Ridder field ENABLED. Lambda = 1.490083e+00
BG_FUNC: a=2.44e-14 V=4.79e-01 factor_V=2.45e+58 factor_rho=5.62e-56 rho_eV2=1.17e+58 rho_final=6.58e+02
BG_FUNC: a=9.22e-13 V=4.79e-01 factor_V=2.45e+58 factor_rho=5.62e-56 rho_eV2=1.17e+58 rho_final=6.58e+02
BG_FUNC: a=3.65e-11 V=4.79e-01 factor_V=2.45e+58 factor_rho=5.62e-56 rho_eV2=1.17e+58 rho_final=6.58e+02
BG_FUNC: a=1.45e-09 V=4.79e-01 factor_V=2.45e+58 factor_rho=5.62e-56 rho_eV2=1.17e+58 rho_final=6.58e+02
BG_FUNC: [mcmc] Progress @ 2025-12-02 06:56:27 : 1108 steps taken, and 55 accepted.
[mcmc] Progress @ 2025-12-02 06:57:42 : 1125 steps taken, and 56 accepted.
[mcmc] Progress @ 2025-12-02 06:58:58 : 1161 steps taken, and 62 accepted.
a=5.74e-08 V=4.79e-01 factor_V=2.45e+58 factor_rho=5.62e-56 rho_eV2=1.17e+58 rho_final=6.58e+02
BG_FUNC: a=2.29e-06 V=4.79e-01 factor_V=2.45e+58 factor_rho=5.62e-56 rho_eV2=1.17e+58 rho_final=6.58e+02
BG_FUNC: a=8.92e-05 V=3.95e-01 factor_V=2.45e+58 factor_rho=5.62e-56 rho_eV2=1.04e+58 rho_final=5.86e+02
RIDDER SWITCHING: z_osc = 7031.14, a_osc = 1.422042e-04
DEBUG: Ridder field ENABLED. Lambda = 1.482150e+00
DEBUG: Ridder field ENABLED. Lambda = 1.482150e+00
BG_FUNC: a=2.15e-13 V=4.69e-01 factor_V=2.45e+58 factor_rho=5.62e-56 rho_eV2=1.15e+58 rho_final=6.44e+02
BG_FUNC: a=8.53e-12 V=4.69e-01 factor_V=2.45e+58 factor_rho=5.62e-56 rho_eV2=1.15e+58 rho_final=6.44e+02
BG_FUNC: a=3.39e-10 V=4.69e-01 factor_V=2.45e+58 factor_rho=5.62e-56 rho_eV2=1.15e+58 rho_final=6.44e+02
BG_FUNC: a=1.35e-08 V=4.69e-01 factor_V=2.45e+58 factor_rho=5.62e-56 rho_eV2=1.15e+58 rho_final=6.44e+02
BG_FUNC: a=5.35e-07 V=4.69e-01 factor_V=2.45e+58 factor_rho=5.62e-56 rho_eV2=1.15e+58 rho_final=6.44e+02
BG_FUNC: a=2.12e-05 V=4.68e-01 factor_V=2.45e+58 factor_rho=5.62e-56 rho_eV2=1.15e+58 rho_final=6.44e+02
RIDDER SWITCHING: z_osc = 7004.82, a_osc = 1.427385e-04
DEBUG: Ridder field ENABLED. Lambda = 1.482631e+00
DEBUG: Ridder field ENABLED. Lambda = 1.482631e+00
BG_FUNC: a=5.24e-14 V=4.69e-01 factor_V=2.45e+58 factor_rho=5.62e-56 rho_eV2=1.15e+58 rho_final=6.45e+02
BG_FUNC: a=1.99e-12 V=4.69e-01 factor_V=2.45e+58 factor_rho=5.62e-56 rho_eV2=1.15e+58 rho_final=6.45e+02
BG_FUNC: a=7.97e-11 V=4.69e-01 factor_V=2.45e+58 factor_rho=5.62e-56 rho_eV2=1.15e+58 rho_final=6.45e+02
BG_FUNC: a=3.13e-09 V=4.69e-01 factor_V=2.45e+58 factor_rho=5.62e-56 rho_eV2=1.15e+58 rho_final=6.45e+02
BG_FUNC: a=1.24e-07 V=4.69e-01 factor_V=2.45e+58 factor_rho=5.62e-56 rho_eV2=1.15e+58 rho_final=6.45e+02
BG_FUNC: a=4.91e-06 V=4.69e-01 factor_V=2.45e+58 factor_rho=5.62e-56 rho_eV2=1.15e+58 rho_final=6.45e+02
RIDDER SWITCHING: z_osc = 6967.43, a_osc = 1.435043e-04
DEBUG: Ridder field ENABLED. Lambda = 1.352754e+00
DEBUG: Ridder field ENABLED. Lambda = 1.352754e+00
BG_FUNC: a=1.24e-14 V=3.25e-01 factor_V=2.45e+58 factor_rho=5.62e-56 rho_eV2=7.95e+57 rho_final=4.47e+02
BG_FUNC: a=4.63e-13 V=3.25e-01 factor_V=2.45e+58 factor_rho=5.62e-56 rho_eV2=7.95e+57 rho_final=4.47e+02
BG_FUNC: a=1.85e-11 V=3.25e-01 factor_V=2.45e+58 factor_rho=5.62e-56 rho_eV2=7.95e+57 rho_final=4.47e+02
BG_FUNC: a=7.40e-10 V=3.25e-01 factor_V=2.45e+58 factor_rho=5.62e-56 rho_eV2=7.95e+57 rho_final=4.47e+02
BG_FUNC: a=2.96e-08 V=3.25e-01 factor_V=2.45e+58 factor_rho=5.62e-56 rho_eV2=7.95e+57 rho_final=4.47e+02
BG_FUNC: a=1.18e-06 V=3.25e-01 factor_V=2.45e+58 factor_rho=5.62e-56 rho_eV2=7.95e+57 rho_final=4.47e+02
BG_FUNC: a=4.71e-05 V=3.22e-01 factor_V=2.45e+58 factor_rho=5.62e-56 rho_eV2=7.90e+57 rho_final=4.44e+02
RIDDER SWITCHING: z_osc = 6295.94, a_osc = 1.588074e-04
DEBUG: Ridder field ENABLED. Lambda = 1.305175e+00
DEBUG: Ridder field ENABLED. Lambda = 1.305175e+00
BG_FUNC: a=1.02e-13 V=2.82e-01 factor_V=2.45e+58 factor_rho=5.62e-56 rho_eV2=6.89e+57 rho_final=3.88e+02
BG_FUNC: a=4.03e-12 V=2.82e-01 factor_V=2.45e+58 factor_rho=5.62e-56 rho_eV2=6.89e+57 rho_final=3.88e+02
BG_FUNC: a=1.61e-10 V=2.82e-01 factor_V=2.45e+58 factor_rho=5.62e-56 rho_eV2=6.89e+57 rho_final=3.88e+02
BG_FUNC: a=6.43e-09 V=2.82e-01 factor_V=2.45e+58 factor_rho=5.62e-56 rho_eV2=6.89e+57 rho_final=3.88e+02
BG_FUNC: a=2.57e-07 V=2.82e-01 factor_V=2.45e+58 factor_rho=5.62e-56 rho_eV2=6.89e+57 rho_final=3.88e+02
BG_FUNC: a=1.03e-05 V=2.82e-01 factor_V=2.45e+58 factor_rho=5.62e-56 rho_eV2=6.89e+57 rho_final=3.88e+02
RIDDER SWITCHING: z_osc = 6062.50, a_osc = 1.649211e-04
DEBUG: Ridder field ENABLED. Lambda = 1.690251e+00
DEBUG: Ridder field ENABLED. Lambda = 1.690251e+00
BG_FUNC: a=2.22e-14 V=7.93e-01 factor_V=2.45e+58 factor_rho=5.62e-56 rho_eV2=1.94e+58 rho_final=1.09e+03
BG_FUNC: a=8.41e-13 V=7.93e-01 factor_V=2.45e+58 factor_rho=5.62e-56 rho_eV2=1.94e+58 rho_final=1.09e+03
BG_FUNC: a=3.37e-11 V=7.93e-01 factor_V=2.45e+58 factor_rho=5.62e-56 rho_eV2=1.94e+58 rho_final=1.09e+03
BG_FUNC: a=1.35e-09 V=7.93e-01 factor_V=2.45e+58 factor_rho=[mcmc] Progress @ 2025-12-02 06:59:59 : 1193 steps taken, and 67 accepted.
[mcmc] Progress @ 2025-12-02 07:00:59 : 1228 steps taken, and 74 accepted.
[mcmc] Progress @ 2025-12-02 07:02:10 : 1240 steps taken, and 77 accepted.
5.62e-56 rho_eV2=1.94e+58 rho_final=1.09e+03
BG_FUNC: a=5.42e-08 V=7.93e-01 factor_V=2.45e+58 factor_rho=5.62e-56 rho_eV2=1.94e+58 rho_final=1.09e+03
BG_FUNC: a=2.17e-06 V=7.93e-01 factor_V=2.45e+58 factor_rho=5.62e-56 rho_eV2=1.94e+58 rho_final=1.09e+03
BG_FUNC: a=8.61e-05 V=6.02e-01 factor_V=2.45e+58 factor_rho=5.62e-56 rho_eV2=1.64e+58 rho_final=9.22e+02
RIDDER SWITCHING: z_osc = 8081.91, a_osc = 1.237179e-04
DEBUG: Ridder field ENABLED. Lambda = 1.014247e+00
DEBUG: Ridder field ENABLED. Lambda = 1.014247e+00
BG_FUNC: a=2.40e-13 V=1.03e-01 factor_V=2.45e+58 factor_rho=5.62e-56 rho_eV2=2.51e+57 rho_final=1.41e+02
BG_FUNC: a=9.50e-12 V=1.03e-01 factor_V=2.45e+58 factor_rho=5.62e-56 rho_eV2=2.51e+57 rho_final=1.41e+02
BG_FUNC: a=3.76e-10 V=1.03e-01 factor_V=2.45e+58 factor_rho=5.62e-56 rho_eV2=2.51e+57 rho_final=1.41e+02
BG_FUNC: a=1.49e-08 V=1.03e-01 factor_V=2.45e+58 factor_rho=5.62e-56 rho_eV2=2.51e+57 rho_final=1.41e+02
BG_FUNC: a=5.96e-07 V=1.03e-01 factor_V=2.45e+58 factor_rho=5.62e-56 rho_eV2=2.51e+57 rho_final=1.41e+02
BG_FUNC: a=2.34e-05 V=1.03e-01 factor_V=2.45e+58 factor_rho=5.62e-56 rho_eV2=2.51e+57 rho_final=1.41e+02
RIDDER SWITCHING: z_osc = 4492.88, a_osc = 2.225247e-04
DEBUG: Ridder field ENABLED. Lambda = 1.949631e+00
DEBUG: Ridder field ENABLED. Lambda = 1.949631e+00
BG_FUNC: a=3.71e-14 V=1.40e+00 factor_V=2.45e+58 factor_rho=5.62e-56 rho_eV2=3.43e+58 rho_final=1.93e+03
BG_FUNC: a=1.41e-12 V=1.40e+00 factor_V=2.45e+58 factor_rho=5.62e-56 rho_eV2=3.43e+58 rho_final=1.93e+03
BG_FUNC: a=5.57e-11 V=1.40e+00 factor_V=2.45e+58 factor_rho=5.62e-56 rho_eV2=3.43e+58 rho_final=1.93e+03
BG_FUNC: a=2.21e-09 V=1.40e+00 factor_V=2.45e+58 factor_rho=5.62e-56 rho_eV2=3.43e+58 rho_final=1.93e+03
BG_FUNC: a=8.76e-08 V=1.40e+00 factor_V=2.45e+58 factor_rho=5.62e-56 rho_eV2=3.43e+58 rho_final=1.93e+03
BG_FUNC: a=3.47e-06 V=1.40e+00 factor_V=2.45e+58 factor_rho=5.62e-56 rho_eV2=3.43e+58 rho_final=1.93e+03
RIDDER SWITCHING: z_osc = 9429.41, a_osc = 1.060400e-04
DEBUG: Ridder field ENABLED. Lambda = 1.490253e+00
DEBUG: Ridder field ENABLED. Lambda = 1.490253e+00
BG_FUNC: a=1.19e-14 V=4.79e-01 factor_V=2.45e+58 factor_rho=5.62e-56 rho_eV2=1.17e+58 rho_final=6.59e+02
BG_FUNC: a=4.37e-13 V=4.79e-01 factor_V=2.45e+58 factor_rho=5.62e-56 rho_eV2=1.17e+58 rho_final=6.59e+02
BG_FUNC: a=1.73e-11 V=4.79e-01 factor_V=2.45e+58 factor_rho=5.62e-56 rho_eV2=1.17e+58 rho_final=6.59e+02
BG_FUNC: a=6.85e-10 V=4.79e-01 factor_V=2.45e+58 factor_rho=5.62e-56 rho_eV2=1.17e+58 rho_final=6.59e+02
BG_FUNC: a=2.71e-08 V=4.79e-01 factor_V=2.45e+58 factor_rho=5.62e-56 rho_eV2=1.17e+58 rho_final=6.59e+02
BG_FUNC: a=1.07e-06 V=4.79e-01 factor_V=2.45e+58 factor_rho=5.62e-56 rho_eV2=1.17e+58 rho_final=6.59e+02
BG_FUNC: a=4.24e-05 V=4.74e-01 factor_V=2.45e+58 factor_rho=5.62e-56 rho_eV2=1.16e+58 rho_final=6.54e+02
RIDDER SWITCHING: z_osc = 7029.81, a_osc = 1.422310e-04
DEBUG: Ridder field ENABLED. Lambda = 1.439324e+00
DEBUG: Ridder field ENABLED. Lambda = 1.439324e+00
BG_FUNC: a=1.01e-13 V=4.17e-01 factor_V=2.45e+58 factor_rho=5.62e-56 rho_eV2=1.02e+58 rho_final=5.73e+02
BG_FUNC: a=4.05e-12 V=4.17e-01 factor_V=2.45e+58 factor_rho=5.62e-56 rho_eV2=1.02e+58 rho_final=5.73e+02
BG_FUNC: a=1.62e-10 V=4.17e-01 factor_V=2.45e+58 factor_rho=5.62e-56 rho_eV2=1.02e+58 rho_final=5.73e+02
BG_FUNC: a=6.48e-09 V=4.17e-01 factor_V=2.45e+58 factor_rho=5.62e-56 rho_eV2=1.02e+58 rho_final=5.73e+02
BG_FUNC: a=2.59e-07 V=4.17e-01 factor_V=2.45e+58 factor_rho=5.62e-56 rho_eV2=1.02e+58 rho_final=5.73e+02
BG_FUNC: a=1.04e-05 V=4.17e-01 factor_V=2.45e+58 factor_rho=5.62e-56 rho_eV2=1.02e+58 rho_final=5.73e+02
RIDDER SWITCHING: z_osc = 6750.48, a_osc = 1.481157e-04
DEBUG: Ridder field ENABLED. Lambda = 1.440514e+00
DEBUG: Ridder field ENABLED. Lambda = 1.440514e+00
BG_FUNC: a=2.49e-14 V=4.18e-01 factor_V=2.45e+58 factor_rho=5.62e-56 rho_eV2=1.02e+58 rho_final=5.75e+02
BG_FUNC: a=9.46e-13 V=4.18e-01 factor_V=2.45e+58 factor_rho=5.62e-56 rho_eV2=1.02e+58 rho_final=5.75e+02
BG_FUNC: a=3.80e-11 V=4.18e-01 factor_V=2.45e+58 factor_rho=5.62e-56 rho_eV2=1.02e+58 rho_final=5.75e+02
BG_FUN[mcmc] Progress @ 2025-12-02 07:03:11 : 1242 steps taken, and 77 accepted.
[mcmc] Progress @ 2025-12-02 07:04:18 : 1253 steps taken, and 78 accepted.
[mcmc] Progress @ 2025-12-02 07:05:31 : 1268 steps taken, and 83 accepted.
C: a=1.52e-09 V=4.18e-01 factor_V=2.45e+58 factor_rho=5.62e-56 rho_eV2=1.02e+58 rho_final=5.75e+02
BG_FUNC: a=6.12e-08 V=4.18e-01 factor_V=2.45e+58 factor_rho=5.62e-56 rho_eV2=1.02e+58 rho_final=5.75e+02
BG_FUNC: a=2.46e-06 V=4.18e-01 factor_V=2.45e+58 factor_rho=5.62e-56 rho_eV2=1.02e+58 rho_final=5.75e+02
BG_FUNC: a=9.76e-05 V=3.31e-01 factor_V=2.45e+58 factor_rho=5.62e-56 rho_eV2=8.87e+57 rho_final=4.99e+02
RIDDER SWITCHING: z_osc = 6770.94, a_osc = 1.476681e-04
DEBUG: Ridder field ENABLED. Lambda = 2.627263e+00
DEBUG: Ridder field ENABLED. Lambda = 2.627263e+00
BG_FUNC: a=2.26e-13 V=4.63e+00 factor_V=2.45e+58 factor_rho=5.62e-56 rho_eV2=1.13e+59 rho_final=6.36e+03
BG_FUNC: a=9.03e-12 V=4.63e+00 factor_V=2.45e+58 factor_rho=5.62e-56 rho_eV2=1.13e+59 rho_final=6.36e+03
BG_FUNC: a=3.61e-10 V=4.63e+00 factor_V=2.45e+58 factor_rho=5.62e-56 rho_eV2=1.13e+59 rho_final=6.36e+03
BG_FUNC: a=1.44e-08 V=4.63e+00 factor_V=2.45e+58 factor_rho=5.62e-56 rho_eV2=1.13e+59 rho_final=6.36e+03
BG_FUNC: a=5.76e-07 V=4.63e+00 factor_V=2.45e+58 factor_rho=5.62e-56 rho_eV2=1.13e+59 rho_final=6.36e+03
BG_FUNC: a=2.30e-05 V=4.58e+00 factor_V=2.45e+58 factor_rho=5.62e-56 rho_eV2=1.13e+59 rho_final=6.33e+03
RIDDER SWITCHING: z_osc = 13085.41, a_osc = 7.641513e-05
DEBUG: Ridder field ENABLED. Lambda = 1.517982e+00
DEBUG: Ridder field ENABLED. Lambda = 1.517982e+00
BG_FUNC: a=1.02e-13 V=5.16e-01 factor_V=2.45e+58 factor_rho=5.62e-56 rho_eV2=1.26e+58 rho_final=7.09e+02
BG_FUNC: a=4.08e-12 V=5.16e-01 factor_V=2.45e+58 factor_rho=5.62e-56 rho_eV2=1.26e+58 rho_final=7.09e+02
BG_FUNC: a=1.63e-10 V=5.16e-01 factor_V=2.45e+58 factor_rho=5.62e-56 rho_eV2=1.26e+58 rho_final=7.09e+02
BG_FUNC: a=6.50e-09 V=5.16e-01 factor_V=2.45e+58 factor_rho=5.62e-56 rho_eV2=1.26e+58 rho_final=7.09e+02
BG_FUNC: a=2.59e-07 V=5.16e-01 factor_V=2.45e+58 factor_rho=5.62e-56 rho_eV2=1.26e+58 rho_final=7.09e+02
BG_FUNC: a=1.03e-05 V=5.16e-01 factor_V=2.45e+58 factor_rho=5.62e-56 rho_eV2=1.26e+58 rho_final=7.09e+02
RIDDER SWITCHING: z_osc = 7185.22, a_osc = 1.391553e-04
DEBUG: Ridder field ENABLED. Lambda = 1.763010e+00
DEBUG: Ridder field ENABLED. Lambda = 1.763010e+00
BG_FUNC: a=2.64e-14 V=9.39e-01 factor_V=2.45e+58 factor_rho=5.62e-56 rho_eV2=2.29e+58 rho_final=1.29e+03
BG_FUNC: a=9.95e-13 V=9.39e-01 factor_V=2.45e+58 factor_rho=5.62e-56 rho_eV2=2.29e+58 rho_final=1.29e+03
BG_FUNC: a=3.95e-11 V=9.39e-01 factor_V=2.45e+58 factor_rho=5.62e-56 rho_eV2=2.29e+58 rho_final=1.29e+03
BG_FUNC: a=1.57e-09 V=9.39e-01 factor_V=2.45e+58 factor_rho=5.62e-56 rho_eV2=2.29e+58 rho_final=1.29e+03
BG_FUNC: a=6.21e-08 V=9.39e-01 factor_V=2.45e+58 factor_rho=5.62e-56 rho_eV2=2.29e+58 rho_final=1.29e+03
BG_FUNC: a=2.46e-06 V=9.39e-01 factor_V=2.45e+58 factor_rho=5.62e-56 rho_eV2=2.29e+58 rho_final=1.29e+03
BG_FUNC: a=9.60e-05 V=5.80e-01 factor_V=2.45e+58 factor_rho=5.62e-56 rho_eV2=1.72e+58 rho_final=9.64e+02
RIDDER SWITCHING: z_osc = 8510.93, a_osc = 1.174821e-04
DEBUG: Ridder field ENABLED. Lambda = 1.465604e+00
DEBUG: Ridder field ENABLED. Lambda = 1.465604e+00
BG_FUNC: a=2.85e-13 V=4.48e-01 factor_V=2.45e+58 factor_rho=5.62e-56 rho_eV2=1.10e+58 rho_final=6.16e+02
BG_FUNC: a=1.13e-11 V=4.48e-01 factor_V=2.45e+58 factor_rho=5.62e-56 rho_eV2=1.10e+58 rho_final=6.16e+02
BG_FUNC: a=4.50e-10 V=4.48e-01 factor_V=2.45e+58 factor_rho=5.62e-56 rho_eV2=1.10e+58 rho_final=6.16e+02
BG_FUNC: a=1.80e-08 V=4.48e-01 factor_V=2.45e+58 factor_rho=5.62e-56 rho_eV2=1.10e+58 rho_final=6.16e+02
BG_FUNC: a=7.18e-07 V=4.48e-01 factor_V=2.45e+58 factor_rho=5.62e-56 rho_eV2=1.10e+58 rho_final=6.16e+02
BG_FUNC: a=2.87e-05 V=4.47e-01 factor_V=2.45e+58 factor_rho=5.62e-56 rho_eV2=1.09e+58 rho_final=6.15e+02
RIDDER SWITCHING: z_osc = 6917.38, a_osc = 1.445426e-04
DEBUG: Ridder field ENABLED. Lambda = 1.666838e+00
DEBUG: Ridder field ENABLED. Lambda = 1.666838e+00
BG_FUNC: a=6.95e-14 V=7.50e-01 factor_V=2.45e+58 factor_rho=5.62e-56 rho_eV2=1.83e+58 rho_final=1.03e+03
BG_FUNC: a=2.70e-12 V=7.50e-01 factor_V=2.45e+58 factor_rho=5.62e-56 rho_eV2=1.83e+58 rho_final=1.03e+03
BG_FUNC: a=1.08e-10 V=7.50e-01 factor_V=2.45e+58 factor_[mcmc] Progress @ 2025-12-02 07:06:46 : 1286 steps taken, and 87 accepted.
[mcmc] Progress @ 2025-12-02 07:08:04 : 1338 steps taken, and 97 accepted.
[mcmc] Progress @ 2025-12-02 07:09:13 : 1350 steps taken, and 101 accepted.
rho=5.62e-56 rho_eV2=1.83e+58 rho_final=1.03e+03
BG_FUNC: a=4.35e-09 V=7.50e-01 factor_V=2.45e+58 factor_rho=5.62e-56 rho_eV2=1.83e+58 rho_final=1.03e+03
BG_FUNC: a=1.75e-07 V=7.50e-01 factor_V=2.45e+58 factor_rho=5.62e-56 rho_eV2=1.83e+58 rho_final=1.03e+03
BG_FUNC: a=7.01e-06 V=7.50e-01 factor_V=2.45e+58 factor_rho=5.62e-56 rho_eV2=1.83e+58 rho_final=1.03e+03
RIDDER SWITCHING: z_osc = 7955.83, a_osc = 1.256782e-04
DEBUG: Ridder field ENABLED. Lambda = 1.659423e+00
DEBUG: Ridder field ENABLED. Lambda = 1.659423e+00
BG_FUNC: a=2.00e-14 V=7.37e-01 factor_V=2.45e+58 factor_rho=5.62e-56 rho_eV2=1.80e+58 rho_final=1.01e+03
BG_FUNC: a=7.52e-13 V=7.37e-01 factor_V=2.45e+58 factor_rho=5.62e-56 rho_eV2=1.80e+58 rho_final=1.01e+03
BG_FUNC: a=2.98e-11 V=7.37e-01 factor_V=2.45e+58 factor_rho=5.62e-56 rho_eV2=1.80e+58 rho_final=1.01e+03
BG_FUNC: a=1.18e-09 V=7.37e-01 factor_V=2.45e+58 factor_rho=5.62e-56 rho_eV2=1.80e+58 rho_final=1.01e+03
BG_FUNC: a=4.68e-08 V=7.37e-01 factor_V=2.45e+58 factor_rho=5.62e-56 rho_eV2=1.80e+58 rho_final=1.01e+03
BG_FUNC: a=1.86e-06 V=7.37e-01 factor_V=2.45e+58 factor_rho=5.62e-56 rho_eV2=1.80e+58 rho_final=1.01e+03
BG_FUNC: a=7.29e-05 V=6.43e-01 factor_V=2.45e+58 factor_rho=5.62e-56 rho_eV2=1.66e+58 rho_final=9.32e+02
RIDDER SWITCHING: z_osc = 7856.55, a_osc = 1.272661e-04
DEBUG: Ridder field ENABLED. Lambda = 1.460937e+00
DEBUG: Ridder field ENABLED. Lambda = 1.460937e+00
BG_FUNC: a=1.95e-13 V=4.43e-01 factor_V=2.45e+58 factor_rho=5.62e-56 rho_eV2=1.08e+58 rho_final=6.08e+02
BG_FUNC: a=7.74e-12 V=4.43e-01 factor_V=2.45e+58 factor_rho=5.62e-56 rho_eV2=1.08e+58 rho_final=6.08e+02
BG_FUNC: a=3.07e-10 V=4.43e-01 factor_V=2.45e+58 factor_rho=5.62e-56 rho_eV2=1.08e+58 rho_final=6.08e+02
BG_FUNC: a=1.22e-08 V=4.43e-01 factor_V=2.45e+58 factor_rho=5.62e-56 rho_eV2=1.08e+58 rho_final=6.08e+02
BG_FUNC: a=4.83e-07 V=4.43e-01 factor_V=2.45e+58 factor_rho=5.62e-56 rho_eV2=1.08e+58 rho_final=6.08e+02
BG_FUNC: a=1.91e-05 V=4.42e-01 factor_V=2.45e+58 factor_rho=5.62e-56 rho_eV2=1.08e+58 rho_final=6.08e+02
RIDDER SWITCHING: z_osc = 6887.75, a_osc = 1.451642e-04
DEBUG: Ridder field ENABLED. Lambda = 1.277941e+00
DEBUG: Ridder field ENABLED. Lambda = 1.277941e+00
BG_FUNC: a=4.65e-14 V=2.59e-01 factor_V=2.45e+58 factor_rho=5.62e-56 rho_eV2=6.34e+57 rho_final=3.56e+02
BG_FUNC: a=1.77e-12 V=2.59e-01 factor_V=2.45e+58 factor_rho=5.62e-56 rho_eV2=6.34e+57 rho_final=3.56e+02
BG_FUNC: a=7.03e-11 V=2.59e-01 factor_V=2.45e+58 factor_rho=5.62e-56 rho_eV2=6.34e+57 rho_final=3.56e+02
BG_FUNC: a=2.82e-09 V=2.59e-01 factor_V=2.45e+58 factor_rho=5.62e-56 rho_eV2=6.34e+57 rho_final=3.56e+02
BG_FUNC: a=1.11e-07 V=2.59e-01 factor_V=2.45e+58 factor_rho=5.62e-56 rho_eV2=6.34e+57 rho_final=3.56e+02
BG_FUNC: a=4.40e-06 V=2.59e-01 factor_V=2.45e+58 factor_rho=5.62e-56 rho_eV2=6.34e+57 rho_final=3.56e+02
RIDDER SWITCHING: z_osc = 5878.78, a_osc = 1.700744e-04
DEBUG: Ridder field ENABLED. Lambda = 1.269590e+00
DEBUG: Ridder field ENABLED. Lambda = 1.269590e+00
BG_FUNC: a=1.00e-14 V=2.52e-01 factor_V=2.45e+58 factor_rho=5.62e-56 rho_eV2=6.17e+57 rho_final=3.47e+02
BG_FUNC: a=3.47e-13 V=2.52e-01 factor_V=2.45e+58 factor_rho=5.62e-56 rho_eV2=6.17e+57 rho_final=3.47e+02
BG_FUNC: a=1.36e-11 V=2.52e-01 factor_V=2.45e+58 factor_rho=5.62e-56 rho_eV2=6.17e+57 rho_final=3.47e+02
BG_FUNC: a=5.33e-10 V=2.52e-01 factor_V=2.45e+58 factor_rho=5.62e-56 rho_eV2=6.17e+57 rho_final=3.47e+02
BG_FUNC: a=2.09e-08 V=2.52e-01 factor_V=2.45e+58 factor_rho=5.62e-56 rho_eV2=6.17e+57 rho_final=3.47e+02
BG_FUNC: a=8.19e-07 V=2.52e-01 factor_V=2.45e+58 factor_rho=5.62e-56 rho_eV2=6.17e+57 rho_final=3.47e+02
BG_FUNC: a=3.13e-05 V=2.52e-01 factor_V=2.45e+58 factor_rho=5.62e-56 rho_eV2=6.16e+57 rho_final=3.47e+02
RIDDER SWITCHING: z_osc = 5919.00, a_osc = 1.689190e-04
DEBUG: Ridder field ENABLED. Lambda = 1.048737e+00
DEBUG: Ridder field ENABLED. Lambda = 1.048737e+00
BG_FUNC: a=6.54e-14 V=1.18e-01 factor_V=2.45e+58 factor_rho=5.62e-56 rho_eV2=2.87e+57 rho_final=1.62e+02
BG_FUNC: a=2.51e-12 V=1.18e-01 factor_V=2.45e+58 factor_rho=5.62e-56 rho_eV2=2.87e+57 rho_final=1.62e+02
BG[mcmc] Progress @ 2025-12-02 07:10:31 : 1371 steps taken, and 103 accepted.
[mcmc] Progress @ 2025-12-02 07:11:46 : 1390 steps taken, and 106 accepted.
_FUNC: a=9.95e-11 V=1.18e-01 factor_V=2.45e+58 factor_rho=5.62e-56 rho_eV2=2.87e+57 rho_final=1.62e+02
BG_FUNC: a=3.95e-09 V=1.18e-01 factor_V=2.45e+58 factor_rho=5.62e-56 rho_eV2=2.87e+57 rho_final=1.62e+02
BG_FUNC: a=1.57e-07 V=1.18e-01 factor_V=2.45e+58 factor_rho=5.62e-56 rho_eV2=2.87e+57 rho_final=1.62e+02
BG_FUNC: a=6.22e-06 V=1.18e-01 factor_V=2.45e+58 factor_rho=5.62e-56 rho_eV2=2.87e+57 rho_final=1.62e+02
RIDDER SWITCHING: z_osc = 4745.56, a_osc = 2.106787e-04
DEBUG: Ridder field ENABLED. Lambda = 1.529607e+00
DEBUG: Ridder field ENABLED. Lambda = 1.529607e+00
BG_FUNC: a=1.07e-14 V=5.32e-01 factor_V=2.45e+58 factor_rho=5.62e-56 rho_eV2=1.30e+58 rho_final=7.31e+02
BG_FUNC: a=3.97e-13 V=5.32e-01 factor_V=2.45e+58 factor_rho=5.62e-56 rho_eV2=1.30e+58 rho_final=7.31e+02
BG_FUNC: a=1.58e-11 V=5.32e-01 factor_V=2.45e+58 factor_rho=5.62e-56 rho_eV2=1.30e+58 rho_final=7.31e+02
BG_FUNC: a=6.24e-10 V=5.32e-01 factor_V=2.45e+58 factor_rho=5.62e-56 rho_eV2=1.30e+58 rho_final=7.31e+02
BG_FUNC: a=2.48e-08 V=5.32e-01 factor_V=2.45e+58 factor_rho=5.62e-56 rho_eV2=1.30e+58 rho_final=7.31e+02
BG_FUNC: a=9.89e-07 V=5.32e-01 factor_V=2.45e+58 factor_rho=5.62e-56 rho_eV2=1.30e+58 rho_final=7.31e+02
BG_FUNC: a=3.87e-05 V=5.27e-01 factor_V=2.45e+58 factor_rho=5.62e-56 rho_eV2=1.29e+58 rho_final=7.27e+02
RIDDER SWITCHING: z_osc = 7233.35, a_osc = 1.382293e-04
DEBUG: Ridder field ENABLED. Lambda = 1.444299e+00
DEBUG: Ridder field ENABLED. Lambda = 1.444299e+00
BG_FUNC: a=9.55e-14 V=4.23e-01 factor_V=2.45e+58 factor_rho=5.62e-56 rho_eV2=1.03e+58 rho_final=5.81e+02
BG_FUNC: a=3.78e-12 V=4.23e-01 factor_V=2.45e+58 factor_rho=5.62e-56 rho_eV2=1.03e+58 rho_final=5.81e+02
BG_FUNC: a=1.50e-10 V=4.23e-01 factor_V=2.45e+58 factor_rho=5.62e-56 rho_eV2=1.03e+58 rho_final=5.81e+02
BG_FUNC: a=5.99e-09 V=4.23e-01 factor_V=2.45e+58 factor_rho=5.62e-56 rho_eV2=1.03e+58 rho_final=5.81e+02
BG_FUNC: a=2.35e-07 V=4.23e-01 factor_V=2.45e+58 factor_rho=5.62e-56 rho_eV2=1.03e+58 rho_final=5.81e+02
BG_FUNC: a=9.33e-06 V=4.23e-01 factor_V=2.45e+58 factor_rho=5.62e-56 rho_eV2=1.03e+58 rho_final=5.81e+02
RIDDER SWITCHING: z_osc = 6772.21, a_osc = 1.476406e-04
DEBUG: Ridder field ENABLED. Lambda = 1.718093e+00
DEBUG: Ridder field ENABLED. Lambda = 1.718093e+00
BG_FUNC: a=2.26e-14 V=8.46e-01 factor_V=2.45e+58 factor_rho=5.62e-56 rho_eV2=2.07e+58 rho_final=1.16e+03
BG_FUNC: a=8.52e-13 V=8.46e-01 factor_V=2.45e+58 factor_rho=5.62e-56 rho_eV2=2.07e+58 rho_final=1.16e+03
BG_FUNC: a=3.38e-11 V=8.46e-01 factor_V=2.45e+58 factor_rho=5.62e-56 rho_eV2=2.07e+58 rho_final=1.16e+03
BG_FUNC: a=1.34e-09 V=8.46e-01 factor_V=2.45e+58 factor_rho=5.62e-56 rho_eV2=2.07e+58 rho_final=1.16e+03
BG_FUNC: a=5.35e-08 V=8.46e-01 factor_V=2.45e+58 factor_rho=5.62e-56 rho_eV2=2.07e+58 rho_final=1.16e+03
BG_FUNC: a=2.10e-06 V=8.46e-01 factor_V=2.45e+58 factor_rho=5.62e-56 rho_eV2=2.07e+58 rho_final=1.16e+03
BG_FUNC: a=8.24e-05 V=6.59e-01 factor_V=2.45e+58 factor_rho=5.62e-56 rho_eV2=1.78e+58 rho_final=9.99e+02
RIDDER SWITCHING: z_osc = 8258.53, a_osc = 1.210722e-04
DEBUG: Ridder field ENABLED. Lambda = 1.488715e+00
DEBUG: Ridder field ENABLED. Lambda = 1.488715e+00
BG_FUNC: a=2.33e-13 V=4.77e-01 factor_V=2.45e+58 factor_rho=5.62e-56 rho_eV2=1.17e+58 rho_final=6.56e+02
BG_FUNC: a=9.34e-12 V=4.77e-01 factor_V=2.45e+58 factor_rho=5.62e-56 rho_eV2=1.17e+58 rho_final=6.56e+02
BG_FUNC: a=3.74e-10 V=4.77e-01 factor_V=2.45e+58 factor_rho=5.62e-56 rho_eV2=1.17e+58 rho_final=6.56e+02
BG_FUNC: a=1.49e-08 V=4.77e-01 factor_V=2.45e+58 factor_rho=5.62e-56 rho_eV2=1.17e+58 rho_final=6.56e+02
BG_FUNC: a=6.03e-07 V=4.77e-01 factor_V=2.45e+58 factor_rho=5.62e-56 rho_eV2=1.17e+58 rho_final=6.56e+02
BG_FUNC: a=2.39e-05 V=4.77e-01 factor_V=2.45e+58 factor_rho=5.62e-56 rho_eV2=1.17e+58 rho_final=6.55e+02
RIDDER SWITCHING: z_osc = 7044.61, a_osc = 1.419323e-04
DEBUG: Ridder field ENABLED. Lambda = 1.516147e+00
DEBUG: Ridder field ENABLED. Lambda = 1.516147e+00
BG_FUNC: a=5.93e-14 V=5.13e-01 factor_V=2.45e+58 factor_rho=5.62e-56 rho_eV2=1.26e+58 rho_final=7.06e+02
BG_FUNC: a=2.26e-12 V=5.13e-01 factor_V=2.45e+58 fact[mcmc] Progress @ 2025-12-02 07:12:59 : 1402 steps taken, and 108 accepted.
[mcmc] Progress @ 2025-12-02 07:14:14 : 1426 steps taken, and 111 accepted.
[mcmc] Progress @ 2025-12-02 07:15:35 : 1451 steps taken, and 116 accepted.
or_rho=5.62e-56 rho_eV2=1.26e+58 rho_final=7.06e+02
BG_FUNC: a=8.98e-11 V=5.13e-01 factor_V=2.45e+58 factor_rho=5.62e-56 rho_eV2=1.26e+58 rho_final=7.06e+02
BG_FUNC: a=3.56e-09 V=5.13e-01 factor_V=2.45e+58 factor_rho=5.62e-56 rho_eV2=1.26e+58 rho_final=7.06e+02
BG_FUNC: a=1.41e-07 V=5.13e-01 factor_V=2.45e+58 factor_rho=5.62e-56 rho_eV2=1.26e+58 rho_final=7.06e+02
BG_FUNC: a=5.61e-06 V=5.13e-01 factor_V=2.45e+58 factor_rho=5.62e-56 rho_eV2=1.26e+58 rho_final=7.06e+02
RIDDER SWITCHING: z_osc = 7188.45, a_osc = 1.390927e-04
DEBUG: Ridder field ENABLED. Lambda = 1.492400e+00
DEBUG: Ridder field ENABLED. Lambda = 1.492400e+00
BG_FUNC: a=1.45e-14 V=4.82e-01 factor_V=2.45e+58 factor_rho=5.62e-56 rho_eV2=1.18e+58 rho_final=6.62e+02
BG_FUNC: a=5.46e-13 V=4.82e-01 factor_V=2.45e+58 factor_rho=5.62e-56 rho_eV2=1.18e+58 rho_final=6.62e+02
BG_FUNC: a=2.19e-11 V=4.82e-01 factor_V=2.45e+58 factor_rho=5.62e-56 rho_eV2=1.18e+58 rho_final=6.62e+02
BG_FUNC: a=8.79e-10 V=4.82e-01 factor_V=2.45e+58 factor_rho=5.62e-56 rho_eV2=1.18e+58 rho_final=6.62e+02
BG_FUNC: a=3.53e-08 V=4.82e-01 factor_V=2.45e+58 factor_rho=5.62e-56 rho_eV2=1.18e+58 rho_final=6.62e+02
BG_FUNC: a=1.42e-06 V=4.82e-01 factor_V=2.45e+58 factor_rho=5.62e-56 rho_eV2=1.18e+58 rho_final=6.62e+02
BG_FUNC: a=5.66e-05 V=4.66e-01 factor_V=2.45e+58 factor_rho=5.62e-56 rho_eV2=1.15e+58 rho_final=6.49e+02
RIDDER SWITCHING: z_osc = 7060.38, a_osc = 1.416153e-04
DEBUG: Ridder field ENABLED. Lambda = 1.499899e+00
DEBUG: Ridder field ENABLED. Lambda = 1.499899e+00
BG_FUNC: a=1.37e-13 V=4.92e-01 factor_V=2.45e+58 factor_rho=5.62e-56 rho_eV2=1.20e+58 rho_final=6.76e+02
BG_FUNC: a=5.51e-12 V=4.92e-01 factor_V=2.45e+58 factor_rho=5.62e-56 rho_eV2=1.20e+58 rho_final=6.76e+02
BG_FUNC: a=2.24e-10 V=4.92e-01 factor_V=2.45e+58 factor_rho=5.62e-56 rho_eV2=1.20e+58 rho_final=6.76e+02
BG_FUNC: a=8.92e-09 V=4.92e-01 factor_V=2.45e+58 factor_rho=5.62e-56 rho_eV2=1.20e+58 rho_final=6.76e+02
BG_FUNC: a=3.59e-07 V=4.92e-01 factor_V=2.45e+58 factor_rho=5.62e-56 rho_eV2=1.20e+58 rho_final=6.76e+02
BG_FUNC: a=1.44e-05 V=4.92e-01 factor_V=2.45e+58 factor_rho=5.62e-56 rho_eV2=1.20e+58 rho_final=6.76e+02
RIDDER SWITCHING: z_osc = 7082.16, a_osc = 1.411798e-04
DEBUG: Ridder field ENABLED. Lambda = 1.716930e+00
DEBUG: Ridder field ENABLED. Lambda = 1.716930e+00
BG_FUNC: a=3.63e-14 V=8.44e-01 factor_V=2.45e+58 factor_rho=5.62e-56 rho_eV2=2.06e+58 rho_final=1.16e+03
BG_FUNC: a=1.38e-12 V=8.44e-01 factor_V=2.45e+58 factor_rho=5.62e-56 rho_eV2=2.06e+58 rho_final=1.16e+03
BG_FUNC: a=5.47e-11 V=8.44e-01 factor_V=2.45e+58 factor_rho=5.62e-56 rho_eV2=2.06e+58 rho_final=1.16e+03
BG_FUNC: a=2.17e-09 V=8.44e-01 factor_V=2.45e+58 factor_rho=5.62e-56 rho_eV2=2.06e+58 rho_final=1.16e+03
BG_FUNC: a=8.61e-08 V=8.44e-01 factor_V=2.45e+58 factor_rho=5.62e-56 rho_eV2=2.06e+58 rho_final=1.16e+03
BG_FUNC: a=3.42e-06 V=8.44e-01 factor_V=2.45e+58 factor_rho=5.62e-56 rho_eV2=2.06e+58 rho_final=1.16e+03
RIDDER SWITCHING: z_osc = 8214.90, a_osc = 1.217152e-04
DEBUG: Ridder field ENABLED. Lambda = 1.411780e+00
DEBUG: Ridder field ENABLED. Lambda = 1.411780e+00
BG_FUNC: a=1.02e-14 V=3.86e-01 factor_V=2.45e+58 factor_rho=5.62e-56 rho_eV2=9.44e+57 rho_final=5.30e+02
BG_FUNC: a=3.79e-13 V=3.86e-01 factor_V=2.45e+58 factor_rho=5.62e-56 rho_eV2=9.44e+57 rho_final=5.30e+02
BG_FUNC: a=1.52e-11 V=3.86e-01 factor_V=2.45e+58 factor_rho=5.62e-56 rho_eV2=9.44e+57 rho_final=5.30e+02
BG_FUNC: a=6.07e-10 V=3.86e-01 factor_V=2.45e+58 factor_rho=5.62e-56 rho_eV2=9.44e+57 rho_final=5.30e+02
BG_FUNC: a=2.43e-08 V=3.86e-01 factor_V=2.45e+58 factor_rho=5.62e-56 rho_eV2=9.44e+57 rho_final=5.30e+02
BG_FUNC: a=9.71e-07 V=3.86e-01 factor_V=2.45e+58 factor_rho=5.62e-56 rho_eV2=9.44e+57 rho_final=5.30e+02
BG_FUNC: a=3.87e-05 V=3.84e-01 factor_V=2.45e+58 factor_rho=5.62e-56 rho_eV2=9.40e+57 rho_final=5.28e+02
RIDDER SWITCHING: z_osc = 6605.72, a_osc = 1.513611e-04
DEBUG: Ridder field ENABLED. Lambda = 1.576574e+00
DEBUG: Ridder field ENABLED. Lambda = 1.576574e+00
BG_FUNC: a=9.00e-14 V=6.00e-01 factor_V=2.45e+58 factor_rho=5.62e-56 rho_eV2=1.47e+58 rho_final=8.25e+02[mcmc] Progress @ 2025-12-02 07:16:40 : 1464 steps taken, and 120 accepted.
[mcmc] Progress @ 2025-12-02 07:17:59 : 1486 steps taken, and 122 accepted.
[mcmc] Progress @ 2025-12-02 07:18:59 : 1525 steps taken, and 128 accepted.

BG_FUNC: a=3.49e-12 V=6.00e-01 factor_V=2.45e+58 factor_rho=5.62e-56 rho_eV2=1.47e+58 rho_final=8.25e+02
BG_FUNC: a=1.39e-10 V=6.00e-01 factor_V=2.45e+58 factor_rho=5.62e-56 rho_eV2=1.47e+58 rho_final=8.25e+02
BG_FUNC: a=5.55e-09 V=6.00e-01 factor_V=2.45e+58 factor_rho=5.62e-56 rho_eV2=1.47e+58 rho_final=8.25e+02
BG_FUNC: a=2.21e-07 V=6.00e-01 factor_V=2.45e+58 factor_rho=5.62e-56 rho_eV2=1.47e+58 rho_final=8.25e+02
BG_FUNC: a=8.81e-06 V=6.00e-01 factor_V=2.45e+58 factor_rho=5.62e-56 rho_eV2=1.47e+58 rho_final=8.25e+02
RIDDER SWITCHING: z_osc = 7515.27, a_osc = 1.330447e-04
DEBUG: Ridder field ENABLED. Lambda = 1.476906e+00
DEBUG: Ridder field ENABLED. Lambda = 1.476906e+00
BG_FUNC: a=2.36e-14 V=4.62e-01 factor_V=2.45e+58 factor_rho=5.62e-56 rho_eV2=1.13e+58 rho_final=6.35e+02
BG_FUNC: a=8.91e-13 V=4.62e-01 factor_V=2.45e+58 factor_rho=5.62e-56 rho_eV2=1.13e+58 rho_final=6.35e+02
BG_FUNC: a=3.53e-11 V=4.62e-01 factor_V=2.45e+58 factor_rho=5.62e-56 rho_eV2=1.13e+58 rho_final=6.35e+02
BG_FUNC: a=1.40e-09 V=4.62e-01 factor_V=2.45e+58 factor_rho=5.62e-56 rho_eV2=1.13e+58 rho_final=6.35e+02
BG_FUNC: a=5.55e-08 V=4.62e-01 factor_V=2.45e+58 factor_rho=5.62e-56 rho_eV2=1.13e+58 rho_final=6.35e+02
BG_FUNC: a=2.22e-06 V=4.62e-01 factor_V=2.45e+58 factor_rho=5.62e-56 rho_eV2=1.13e+58 rho_final=6.35e+02
BG_FUNC: a=8.62e-05 V=3.92e-01 factor_V=2.45e+58 factor_rho=5.62e-56 rho_eV2=1.02e+58 rho_final=5.75e+02
RIDDER SWITCHING: z_osc = 6970.97, a_osc = 1.434315e-04
DEBUG: Ridder field ENABLED. Lambda = 1.413184e+00
DEBUG: Ridder field ENABLED. Lambda = 1.413184e+00
BG_FUNC: a=2.05e-13 V=3.87e-01 factor_V=2.45e+58 factor_rho=5.62e-56 rho_eV2=9.47e+57 rho_final=5.33e+02
BG_FUNC: a=8.15e-12 V=3.87e-01 factor_V=2.45e+58 factor_rho=5.62e-56 rho_eV2=9.47e+57 rho_final=5.33e+02
BG_FUNC: a=3.24e-10 V=3.87e-01 factor_V=2.45e+58 factor_rho=5.62e-56 rho_eV2=9.47e+57 rho_final=5.33e+02
BG_FUNC: a=1.29e-08 V=3.87e-01 factor_V=2.45e+58 factor_rho=5.62e-56 rho_eV2=9.47e+57 rho_final=5.33e+02
BG_FUNC: a=5.10e-07 V=3.87e-01 factor_V=2.45e+58 factor_rho=5.62e-56 rho_eV2=9.47e+57 rho_final=5.33e+02
BG_FUNC: a=2.03e-05 V=3.87e-01 factor_V=2.45e+58 factor_rho=5.62e-56 rho_eV2=9.47e+57 rho_final=5.32e+02
RIDDER SWITCHING: z_osc = 6619.49, a_osc = 1.510462e-04
DEBUG: Ridder field ENABLED. Lambda = 1.517863e+00
DEBUG: Ridder field ENABLED. Lambda = 1.517863e+00
BG_FUNC: a=4.76e-14 V=5.16e-01 factor_V=2.45e+58 factor_rho=5.62e-56 rho_eV2=1.26e+58 rho_final=7.09e+02
BG_FUNC: a=1.83e-12 V=5.16e-01 factor_V=2.45e+58 factor_rho=5.62e-56 rho_eV2=1.26e+58 rho_final=7.09e+02
BG_FUNC: a=7.32e-11 V=5.16e-01 factor_V=2.45e+58 factor_rho=5.62e-56 rho_eV2=1.26e+58 rho_final=7.09e+02
BG_FUNC: a=2.93e-09 V=5.16e-01 factor_V=2.45e+58 factor_rho=5.62e-56 rho_eV2=1.26e+58 rho_final=7.09e+02
BG_FUNC: a=1.17e-07 V=5.16e-01 factor_V=2.45e+58 factor_rho=5.62e-56 rho_eV2=1.26e+58 rho_final=7.09e+02
BG_FUNC: a=4.68e-06 V=5.16e-01 factor_V=2.45e+58 factor_rho=5.62e-56 rho_eV2=1.26e+58 rho_final=7.09e+02
RIDDER SWITCHING: z_osc = 7212.40, a_osc = 1.386308e-04
DEBUG: Ridder field ENABLED. Lambda = 1.446064e+00
DEBUG: Ridder field ENABLED. Lambda = 1.446064e+00
BG_FUNC: a=1.23e-14 V=4.25e-01 factor_V=2.45e+58 factor_rho=5.62e-56 rho_eV2=1.04e+58 rho_final=5.84e+02
BG_FUNC: a=4.58e-13 V=4.25e-01 factor_V=2.45e+58 factor_rho=5.62e-56 rho_eV2=1.04e+58 rho_final=5.84e+02
BG_FUNC: a=1.83e-11 V=4.25e-01 factor_V=2.45e+58 factor_rho=5.62e-56 rho_eV2=1.04e+58 rho_final=5.84e+02
BG_FUNC: a=7.39e-10 V=4.25e-01 factor_V=2.45e+58 factor_rho=5.62e-56 rho_eV2=1.04e+58 rho_final=5.84e+02
BG_FUNC: a=2.93e-08 V=4.25e-01 factor_V=2.45e+58 factor_rho=5.62e-56 rho_eV2=1.04e+58 rho_final=5.84e+02
BG_FUNC: a=1.17e-06 V=4.25e-01 factor_V=2.45e+58 factor_rho=5.62e-56 rho_eV2=1.04e+58 rho_final=5.84e+02
BG_FUNC: a=4.67e-05 V=4.19e-01 factor_V=2.45e+58 factor_rho=5.62e-56 rho_eV2=1.03e+58 rho_final=5.79e+02
RIDDER SWITCHING: z_osc = 6783.20, a_osc = 1.474013e-04
DEBUG: Ridder field ENABLED. Lambda = 1.598303e+00
DEBUG: Ridder field ENABLED. Lambda = 1.598303e+00
BG_FUNC: a=1.10e-13 V=6.34e-01 factor_V=2.45e+58 f[mcmc] Progress @ 2025-12-02 07:20:02 : 1531 steps taken, and 130 accepted.
[mcmc] Progress @ 2025-12-02 07:21:19 : 1550 steps taken, and 133 accepted.
[mcmc] Progress @ 2025-12-02 07:22:19 : 1577 steps taken, and 138 accepted.
actor_rho=5.62e-56 rho_eV2=1.55e+58 rho_final=8.71e+02
BG_FUNC: a=4.35e-12 V=6.34e-01 factor_V=2.45e+58 factor_rho=5.62e-56 rho_eV2=1.55e+58 rho_final=8.71e+02
BG_FUNC: a=1.72e-10 V=6.34e-01 factor_V=2.45e+58 factor_rho=5.62e-56 rho_eV2=1.55e+58 rho_final=8.71e+02
BG_FUNC: a=6.77e-09 V=6.34e-01 factor_V=2.45e+58 factor_rho=5.62e-56 rho_eV2=1.55e+58 rho_final=8.71e+02
BG_FUNC: a=2.68e-07 V=6.34e-01 factor_V=2.45e+58 factor_rho=5.62e-56 rho_eV2=1.55e+58 rho_final=8.71e+02
BG_FUNC: a=1.06e-05 V=6.34e-01 factor_V=2.45e+58 factor_rho=5.62e-56 rho_eV2=1.55e+58 rho_final=8.71e+02
RIDDER SWITCHING: z_osc = 7577.08, a_osc = 1.319596e-04
DEBUG: Ridder field ENABLED. Lambda = 1.605713e+00
DEBUG: Ridder field ENABLED. Lambda = 1.605713e+00
BG_FUNC: a=2.86e-14 V=6.46e-01 factor_V=2.45e+58 factor_rho=5.62e-56 rho_eV2=1.58e+58 rho_final=8.88e+02
BG_FUNC: a=1.08e-12 V=6.46e-01 factor_V=2.45e+58 factor_rho=5.62e-56 rho_eV2=1.58e+58 rho_final=8.88e+02
BG_FUNC: a=4.29e-11 V=6.46e-01 factor_V=2.45e+58 factor_rho=5.62e-56 rho_eV2=1.58e+58 rho_final=8.88e+02
BG_FUNC: a=1.70e-09 V=6.46e-01 factor_V=2.45e+58 factor_rho=5.62e-56 rho_eV2=1.58e+58 rho_final=8.88e+02
BG_FUNC: a=6.76e-08 V=6.46e-01 factor_V=2.45e+58 factor_rho=5.62e-56 rho_eV2=1.58e+58 rho_final=8.88e+02
BG_FUNC: a=2.69e-06 V=6.46e-01 factor_V=2.45e+58 factor_rho=5.62e-56 rho_eV2=1.58e+58 rho_final=8.88e+02
BG_FUNC: a=1.05e-04 V=4.06e-01 factor_V=2.45e+58 factor_rho=5.62e-56 rho_eV2=1.19e+58 rho_final=6.70e+02
RIDDER SWITCHING: z_osc = 7661.08, a_osc = 1.305129e-04
DEBUG: Ridder field ENABLED. Lambda = 1.222408e+00
DEBUG: Ridder field ENABLED. Lambda = 1.222408e+00
BG_FUNC: a=2.78e-13 V=2.17e-01 factor_V=2.45e+58 factor_rho=5.62e-56 rho_eV2=5.30e+57 rho_final=2.98e+02
BG_FUNC: a=1.10e-11 V=2.17e-01 factor_V=2.45e+58 factor_rho=5.62e-56 rho_eV2=5.30e+57 rho_final=2.98e+02
BG_FUNC: a=4.36e-10 V=2.17e-01 factor_V=2.45e+58 factor_rho=5.62e-56 rho_eV2=5.30e+57 rho_final=2.98e+02
BG_FUNC: a=1.73e-08 V=2.17e-01 factor_V=2.45e+58 factor_rho=5.62e-56 rho_eV2=5.30e+57 rho_final=2.98e+02
BG_FUNC: a=6.85e-07 V=2.17e-01 factor_V=2.45e+58 factor_rho=5.62e-56 rho_eV2=5.30e+57 rho_final=2.98e+02
BG_FUNC: a=2.72e-05 V=2.17e-01 factor_V=2.45e+58 factor_rho=5.62e-56 rho_eV2=5.30e+57 rho_final=2.98e+02
RIDDER SWITCHING: z_osc = 5604.17, a_osc = 1.784067e-04
DEBUG: Ridder field ENABLED. Lambda = 1.390406e+00
DEBUG: Ridder field ENABLED. Lambda = 1.390406e+00
BG_FUNC: a=5.33e-14 V=3.63e-01 factor_V=2.45e+58 factor_rho=5.62e-56 rho_eV2=8.88e+57 rho_final=4.99e+02
BG_FUNC: a=2.04e-12 V=3.63e-01 factor_V=2.45e+58 factor_rho=5.62e-56 rho_eV2=8.88e+57 rho_final=4.99e+02
BG_FUNC: a=8.08e-11 V=3.63e-01 factor_V=2.45e+58 factor_rho=5.62e-56 rho_eV2=8.88e+57 rho_final=4.99e+02
BG_FUNC: a=3.20e-09 V=3.63e-01 factor_V=2.45e+58 factor_rho=5.62e-56 rho_eV2=8.88e+57 rho_final=4.99e+02
BG_FUNC: a=1.27e-07 V=3.63e-01 factor_V=2.45e+58 factor_rho=5.62e-56 rho_eV2=8.88e+57 rho_final=4.99e+02
BG_FUNC: a=5.03e-06 V=3.63e-01 factor_V=2.45e+58 factor_rho=5.62e-56 rho_eV2=8.88e+57 rho_final=4.99e+02
RIDDER SWITCHING: z_osc = 6505.47, a_osc = 1.536931e-04
DEBUG: Ridder field ENABLED. Lambda = 1.670148e+00
DEBUG: Ridder field ENABLED. Lambda = 1.670148e+00
BG_FUNC: a=1.18e-14 V=7.56e-01 factor_V=2.45e+58 factor_rho=5.62e-56 rho_eV2=1.85e+58 rho_final=1.04e+03
BG_FUNC: a=4.40e-13 V=7.56e-01 factor_V=2.45e+58 factor_rho=5.62e-56 rho_eV2=1.85e+58 rho_final=1.04e+03
BG_FUNC: a=1.75e-11 V=7.56e-01 factor_V=2.45e+58 factor_rho=5.62e-56 rho_eV2=1.85e+58 rho_final=1.04e+03
BG_FUNC: a=6.94e-10 V=7.56e-01 factor_V=2.45e+58 factor_rho=5.62e-56 rho_eV2=1.85e+58 rho_final=1.04e+03
BG_FUNC: a=2.78e-08 V=7.56e-01 factor_V=2.45e+58 factor_rho=5.62e-56 rho_eV2=1.85e+58 rho_final=1.04e+03
BG_FUNC: a=1.09e-06 V=7.56e-01 factor_V=2.45e+58 factor_rho=5.62e-56 rho_eV2=1.85e+58 rho_final=1.04e+03
BG_FUNC: a=4.34e-05 V=7.42e-01 factor_V=2.45e+58 factor_rho=5.62e-56 rho_eV2=1.83e+58 rho_final=1.03e+03
RIDDER SWITCHING: z_osc = 8000.14, a_osc = 1.249822e-04
DEBUG: Ridder field ENABLED. Lambda = 1.198675e+00
DEBUG: Ridder field ENABLED. Lambda = 1.198675e[mcmc] Progress @ 2025-12-02 07:23:31 : 1594 steps taken, and 141 accepted.
[mcmc] Progress @ 2025-12-02 07:24:37 : 1604 steps taken, and 144 accepted.
+00
BG_FUNC: a=1.18e-13 V=2.01e-01 factor_V=2.45e+58 factor_rho=5.62e-56 rho_eV2=4.90e+57 rho_final=2.76e+02
BG_FUNC: a=4.66e-12 V=2.01e-01 factor_V=2.45e+58 factor_rho=5.62e-56 rho_eV2=4.90e+57 rho_final=2.76e+02
BG_FUNC: a=1.85e-10 V=2.01e-01 factor_V=2.45e+58 factor_rho=5.62e-56 rho_eV2=4.90e+57 rho_final=2.76e+02
BG_FUNC: a=7.31e-09 V=2.01e-01 factor_V=2.45e+58 factor_rho=5.62e-56 rho_eV2=4.90e+57 rho_final=2.76e+02
BG_FUNC: a=2.90e-07 V=2.01e-01 factor_V=2.45e+58 factor_rho=5.62e-56 rho_eV2=4.90e+57 rho_final=2.76e+02
BG_FUNC: a=1.15e-05 V=2.01e-01 factor_V=2.45e+58 factor_rho=5.62e-56 rho_eV2=4.90e+57 rho_final=2.76e+02
RIDDER SWITCHING: z_osc = 5507.16, a_osc = 1.815488e-04
DEBUG: Ridder field ENABLED. Lambda = 1.613431e+00
DEBUG: Ridder field ENABLED. Lambda = 1.613431e+00
BG_FUNC: a=2.25e-14 V=6.58e-01 factor_V=2.45e+58 factor_rho=5.62e-56 rho_eV2=1.61e+58 rho_final=9.05e+02
BG_FUNC: a=8.45e-13 V=6.58e-01 factor_V=2.45e+58 factor_rho=5.62e-56 rho_eV2=1.61e+58 rho_final=9.05e+02
BG_FUNC: a=3.35e-11 V=6.58e-01 factor_V=2.45e+58 factor_rho=5.62e-56 rho_eV2=1.61e+58 rho_final=9.05e+02
BG_FUNC: a=1.33e-09 V=6.58e-01 factor_V=2.45e+58 factor_rho=5.62e-56 rho_eV2=1.61e+58 rho_final=9.05e+02
BG_FUNC: a=5.29e-08 V=6.58e-01 factor_V=2.45e+58 factor_rho=5.62e-56 rho_eV2=1.61e+58 rho_final=9.05e+02
BG_FUNC: a=2.10e-06 V=6.58e-01 factor_V=2.45e+58 factor_rho=5.62e-56 rho_eV2=1.61e+58 rho_final=9.05e+02
BG_FUNC: a=8.26e-05 V=5.41e-01 factor_V=2.45e+58 factor_rho=5.62e-56 rho_eV2=1.43e+58 rho_final=8.03e+02
RIDDER SWITCHING: z_osc = 7671.71, a_osc = 1.303320e-04
DEBUG: Ridder field ENABLED. Lambda = 1.777841e+00
DEBUG: Ridder field ENABLED. Lambda = 1.777841e+00
BG_FUNC: a=2.16e-13 V=9.70e-01 factor_V=2.45e+58 factor_rho=5.62e-56 rho_eV2=2.37e+58 rho_final=1.33e+03
BG_FUNC: a=8.57e-12 V=9.70e-01 factor_V=2.45e+58 factor_rho=5.62e-56 rho_eV2=2.37e+58 rho_final=1.33e+03
BG_FUNC: a=3.40e-10 V=9.70e-01 factor_V=2.45e+58 factor_rho=5.62e-56 rho_eV2=2.37e+58 rho_final=1.33e+03
BG_FUNC: a=1.34e-08 V=9.70e-01 factor_V=2.45e+58 factor_rho=5.62e-56 rho_eV2=2.37e+58 rho_final=1.33e+03
BG_FUNC: a=5.33e-07 V=9.70e-01 factor_V=2.45e+58 factor_rho=5.62e-56 rho_eV2=2.37e+58 rho_final=1.33e+03
BG_FUNC: a=2.11e-05 V=9.69e-01 factor_V=2.45e+58 factor_rho=5.62e-56 rho_eV2=2.37e+58 rho_final=1.33e+03
RIDDER SWITCHING: z_osc = 8525.02, a_osc = 1.172880e-04
DEBUG: Ridder field ENABLED. Lambda = 1.429934e+00
DEBUG: Ridder field ENABLED. Lambda = 1.429934e+00
BG_FUNC: a=6.30e-14 V=4.06e-01 factor_V=2.45e+58 factor_rho=5.62e-56 rho_eV2=9.93e+57 rho_final=5.58e+02
BG_FUNC: a=2.43e-12 V=4.06e-01 factor_V=2.45e+58 factor_rho=5.62e-56 rho_eV2=9.93e+57 rho_final=5.58e+02
BG_FUNC: a=9.83e-11 V=4.06e-01 factor_V=2.45e+58 factor_rho=5.62e-56 rho_eV2=9.93e+57 rho_final=5.58e+02
BG_FUNC: a=3.90e-09 V=4.06e-01 factor_V=2.45e+58 factor_rho=5.62e-56 rho_eV2=9.93e+57 rho_final=5.58e+02
BG_FUNC: a=1.56e-07 V=4.06e-01 factor_V=2.45e+58 factor_rho=5.62e-56 rho_eV2=9.93e+57 rho_final=5.58e+02
BG_FUNC: a=6.25e-06 V=4.06e-01 factor_V=2.45e+58 factor_rho=5.62e-56 rho_eV2=9.93e+57 rho_final=5.58e+02
RIDDER SWITCHING: z_osc = 6717.87, a_osc = 1.488346e-04
DEBUG: Ridder field ENABLED. Lambda = 1.176183e+00
DEBUG: Ridder field ENABLED. Lambda = 1.176183e+00
BG_FUNC: a=1.52e-14 V=1.86e-01 factor_V=2.45e+58 factor_rho=5.62e-56 rho_eV2=4.55e+57 rho_final=2.56e+02
BG_FUNC: a=5.66e-13 V=1.86e-01 factor_V=2.45e+58 factor_rho=5.62e-56 rho_eV2=4.55e+57 rho_final=2.56e+02
BG_FUNC: a=2.25e-11 V=1.86e-01 factor_V=2.45e+58 factor_rho=5.62e-56 rho_eV2=4.55e+57 rho_final=2.56e+02
BG_FUNC: a=8.92e-10 V=1.86e-01 factor_V=2.45e+58 factor_rho=5.62e-56 rho_eV2=4.55e+57 rho_final=2.56e+02
BG_FUNC: a=3.54e-08 V=1.86e-01 factor_V=2.45e+58 factor_rho=5.62e-56 rho_eV2=4.55e+57 rho_final=2.56e+02
BG_FUNC: a=1.40e-06 V=1.86e-01 factor_V=2.45e+58 factor_rho=5.62e-56 rho_eV2=4.55e+57 rho_final=2.56e+02
BG_FUNC: a=5.54e-05 V=1.84e-01 factor_V=2.45e+58 factor_rho=5.62e-56 rho_eV2=4.51e+57 rho_final=2.54e+02
RIDDER SWITCHING: z_osc = 5389.81, a_osc = 1.855010e-04
DEBUG: Ridder field ENABLED. Lambda = 1.1509[mcmc] Progress @ 2025-12-02 07:25:50 : 1619 steps taken, and 149 accepted.
[mcmc] Progress @ 2025-12-02 07:26:51 : 1654 steps taken, and 153 accepted.
[mcmc] Progress @ 2025-12-02 07:27:57 : 1663 steps taken, and 155 accepted.
10e+00
DEBUG: Ridder field ENABLED. Lambda = 1.150910e+00
BG_FUNC: a=1.02e-13 V=1.70e-01 factor_V=2.45e+58 factor_rho=5.62e-56 rho_eV2=4.17e+57 rho_final=2.34e+02
BG_FUNC: a=4.04e-12 V=1.70e-01 factor_V=2.45e+58 factor_rho=5.62e-56 rho_eV2=4.17e+57 rho_final=2.34e+02
BG_FUNC: a=1.60e-10 V=1.70e-01 factor_V=2.45e+58 factor_rho=5.62e-56 rho_eV2=4.17e+57 rho_final=2.34e+02
BG_FUNC: a=6.37e-09 V=1.70e-01 factor_V=2.45e+58 factor_rho=5.62e-56 rho_eV2=4.17e+57 rho_final=2.34e+02
BG_FUNC: a=2.53e-07 V=1.70e-01 factor_V=2.45e+58 factor_rho=5.62e-56 rho_eV2=4.17e+57 rho_final=2.34e+02
BG_FUNC: a=1.00e-05 V=1.70e-01 factor_V=2.45e+58 factor_rho=5.62e-56 rho_eV2=4.17e+57 rho_final=2.34e+02
RIDDER SWITCHING: z_osc = 5341.41, a_osc = 1.871816e-04
DEBUG: Ridder field ENABLED. Lambda = 1.525394e+00
DEBUG: Ridder field ENABLED. Lambda = 1.525394e+00
BG_FUNC: a=1.92e-14 V=5.26e-01 factor_V=2.45e+58 factor_rho=5.62e-56 rho_eV2=1.29e+58 rho_final=7.23e+02
BG_FUNC: a=7.24e-13 V=5.26e-01 factor_V=2.45e+58 factor_rho=5.62e-56 rho_eV2=1.29e+58 rho_final=7.23e+02
BG_FUNC: a=2.87e-11 V=5.26e-01 factor_V=2.45e+58 factor_rho=5.62e-56 rho_eV2=1.29e+58 rho_final=7.23e+02
BG_FUNC: a=1.14e-09 V=5.26e-01 factor_V=2.45e+58 factor_rho=5.62e-56 rho_eV2=1.29e+58 rho_final=7.23e+02
BG_FUNC: a=4.51e-08 V=5.26e-01 factor_V=2.45e+58 factor_rho=5.62e-56 rho_eV2=1.29e+58 rho_final=7.23e+02
BG_FUNC: a=1.79e-06 V=5.26e-01 factor_V=2.45e+58 factor_rho=5.62e-56 rho_eV2=1.29e+58 rho_final=7.23e+02
BG_FUNC: a=7.03e-05 V=4.83e-01 factor_V=2.45e+58 factor_rho=5.62e-56 rho_eV2=1.22e+58 rho_final=6.86e+02
RIDDER SWITCHING: z_osc = 7223.21, a_osc = 1.384234e-04
DEBUG: Ridder field ENABLED. Lambda = 1.266096e+00
DEBUG: Ridder field ENABLED. Lambda = 1.266096e+00
BG_FUNC: a=1.74e-13 V=2.50e-01 factor_V=2.45e+58 factor_rho=5.62e-56 rho_eV2=6.10e+57 rho_final=3.43e+02
BG_FUNC: a=6.98e-12 V=2.50e-01 factor_V=2.45e+58 factor_rho=5.62e-56 rho_eV2=6.10e+57 rho_final=3.43e+02
BG_FUNC: a=2.80e-10 V=2.50e-01 factor_V=2.45e+58 factor_rho=5.62e-56 rho_eV2=6.10e+57 rho_final=3.43e+02
BG_FUNC: a=1.13e-08 V=2.50e-01 factor_V=2.45e+58 factor_rho=5.62e-56 rho_eV2=6.10e+57 rho_final=3.43e+02
BG_FUNC: a=4.53e-07 V=2.50e-01 factor_V=2.45e+58 factor_rho=5.62e-56 rho_eV2=6.10e+57 rho_final=3.43e+02
BG_FUNC: a=1.82e-05 V=2.50e-01 factor_V=2.45e+58 factor_rho=5.62e-56 rho_eV2=6.10e+57 rho_final=3.43e+02
RIDDER SWITCHING: z_osc = 5824.44, a_osc = 1.716608e-04
DEBUG: Ridder field ENABLED. Lambda = 1.404135e+00
DEBUG: Ridder field ENABLED. Lambda = 1.404135e+00
BG_FUNC: a=3.78e-14 V=3.78e-01 factor_V=2.45e+58 factor_rho=5.62e-56 rho_eV2=9.23e+57 rho_final=5.19e+02
BG_FUNC: a=1.45e-12 V=3.78e-01 factor_V=2.45e+58 factor_rho=5.62e-56 rho_eV2=9.23e+57 rho_final=5.19e+02
BG_FUNC: a=5.77e-11 V=3.78e-01 factor_V=2.45e+58 factor_rho=5.62e-56 rho_eV2=9.23e+57 rho_final=5.19e+02
BG_FUNC: a=2.31e-09 V=3.78e-01 factor_V=2.45e+58 factor_rho=5.62e-56 rho_eV2=9.23e+57 rho_final=5.19e+02
BG_FUNC: a=9.23e-08 V=3.78e-01 factor_V=2.45e+58 factor_rho=5.62e-56 rho_eV2=9.23e+57 rho_final=5.19e+02
BG_FUNC: a=3.69e-06 V=3.78e-01 factor_V=2.45e+58 factor_rho=5.62e-56 rho_eV2=9.23e+57 rho_final=5.19e+02
BG_FUNC: a=1.44e-04 V=1.62e-01 factor_V=2.45e+58 factor_rho=5.62e-56 rho_eV2=5.53e+57 rho_final=3.11e+02
RIDDER SWITCHING: z_osc = 6572.80, a_osc = 1.521191e-04
DEBUG: Ridder field ENABLED. Lambda = 1.372228e+00
DEBUG: Ridder field ENABLED. Lambda = 1.372228e+00
BG_FUNC: a=3.31e-13 V=3.44e-01 factor_V=2.45e+58 factor_rho=5.62e-56 rho_eV2=8.42e+57 rho_final=4.73e+02
BG_FUNC: a=1.33e-11 V=3.44e-01 factor_V=2.45e+58 factor_rho=5.62e-56 rho_eV2=8.42e+57 rho_final=4.73e+02
BG_FUNC: a=5.33e-10 V=3.44e-01 factor_V=2.45e+58 factor_rho=5.62e-56 rho_eV2=8.42e+57 rho_final=4.73e+02
BG_FUNC: a=2.14e-08 V=3.44e-01 factor_V=2.45e+58 factor_rho=5.62e-56 rho_eV2=8.42e+57 rho_final=4.73e+02
BG_FUNC: a=8.68e-07 V=3.44e-01 factor_V=2.45e+58 factor_rho=5.62e-56 rho_eV2=8.42e+57 rho_final=4.73e+02
BG_FUNC: a=3.45e-05 V=3.43e-01 factor_V=2.45e+58 factor_rho=5.62e-56 rho_eV2=8.40e+57 rho_final=4.72e+02
RIDDER SWITCHING: z_osc = 6422.21, a_osc = 1.5[mcmc] Progress @ 2025-12-02 07:29:11 : 1682 steps taken, and 160 accepted.
[mcmc] Progress @ 2025-12-02 07:30:12 : 1714 steps taken, and 164 accepted.
[mcmc] Progress @ 2025-12-02 07:31:26 : 1735 steps taken, and 167 accepted.
56854e-04
DEBUG: Ridder field ENABLED. Lambda = 1.092781e+00
DEBUG: Ridder field ENABLED. Lambda = 1.092781e+00
BG_FUNC: a=7.86e-14 V=1.39e-01 factor_V=2.45e+58 factor_rho=5.62e-56 rho_eV2=3.39e+57 rho_final=1.90e+02
BG_FUNC: a=3.03e-12 V=1.39e-01 factor_V=2.45e+58 factor_rho=5.62e-56 rho_eV2=3.39e+57 rho_final=1.90e+02
BG_FUNC: a=1.21e-10 V=1.39e-01 factor_V=2.45e+58 factor_rho=5.62e-56 rho_eV2=3.39e+57 rho_final=1.90e+02
BG_FUNC: a=4.80e-09 V=1.39e-01 factor_V=2.45e+58 factor_rho=5.62e-56 rho_eV2=3.39e+57 rho_final=1.90e+02
BG_FUNC: a=1.91e-07 V=1.39e-01 factor_V=2.45e+58 factor_rho=5.62e-56 rho_eV2=3.39e+57 rho_final=1.90e+02
BG_FUNC: a=7.59e-06 V=1.39e-01 factor_V=2.45e+58 factor_rho=5.62e-56 rho_eV2=3.39e+57 rho_final=1.90e+02
RIDDER SWITCHING: z_osc = 4968.50, a_osc = 2.012276e-04
DEBUG: Ridder field ENABLED. Lambda = 1.464330e+00
DEBUG: Ridder field ENABLED. Lambda = 1.464330e+00
BG_FUNC: a=1.37e-14 V=4.47e-01 factor_V=2.45e+58 factor_rho=5.62e-56 rho_eV2=1.09e+58 rho_final=6.14e+02
BG_FUNC: a=5.12e-13 V=4.47e-01 factor_V=2.45e+58 factor_rho=5.62e-56 rho_eV2=1.09e+58 rho_final=6.14e+02
BG_FUNC: a=2.05e-11 V=4.47e-01 factor_V=2.45e+58 factor_rho=5.62e-56 rho_eV2=1.09e+58 rho_final=6.14e+02
BG_FUNC: a=8.25e-10 V=4.47e-01 factor_V=2.45e+58 factor_rho=5.62e-56 rho_eV2=1.09e+58 rho_final=6.14e+02
BG_FUNC: a=3.27e-08 V=4.47e-01 factor_V=2.45e+58 factor_rho=5.62e-56 rho_eV2=1.09e+58 rho_final=6.14e+02
BG_FUNC: a=1.31e-06 V=4.47e-01 factor_V=2.45e+58 factor_rho=5.62e-56 rho_eV2=1.09e+58 rho_final=6.14e+02
BG_FUNC: a=5.21e-05 V=4.36e-01 factor_V=2.45e+58 factor_rho=5.62e-56 rho_eV2=1.08e+58 rho_final=6.05e+02
RIDDER SWITCHING: z_osc = 6874.59, a_osc = 1.454421e-04
DEBUG: Ridder field ENABLED. Lambda = 1.583344e+00
DEBUG: Ridder field ENABLED. Lambda = 1.583344e+00
BG_FUNC: a=1.22e-13 V=6.11e-01 factor_V=2.45e+58 factor_rho=5.62e-56 rho_eV2=1.49e+58 rho_final=8.39e+02
BG_FUNC: a=4.87e-12 V=6.11e-01 factor_V=2.45e+58 factor_rho=5.62e-56 rho_eV2=1.49e+58 rho_final=8.39e+02
BG_FUNC: a=1.92e-10 V=6.11e-01 factor_V=2.45e+58 factor_rho=5.62e-56 rho_eV2=1.49e+58 rho_final=8.39e+02
BG_FUNC: a=7.61e-09 V=6.11e-01 factor_V=2.45e+58 factor_rho=5.62e-56 rho_eV2=1.49e+58 rho_final=8.39e+02
BG_FUNC: a=3.02e-07 V=6.11e-01 factor_V=2.45e+58 factor_rho=5.62e-56 rho_eV2=1.49e+58 rho_final=8.39e+02
BG_FUNC: a=1.20e-05 V=6.10e-01 factor_V=2.45e+58 factor_rho=5.62e-56 rho_eV2=1.49e+58 rho_final=8.39e+02
RIDDER SWITCHING: z_osc = 7512.60, a_osc = 1.330920e-04
DEBUG: Ridder field ENABLED. Lambda = 1.436056e+00
DEBUG: Ridder field ENABLED. Lambda = 1.436056e+00
BG_FUNC: a=3.20e-14 V=4.13e-01 factor_V=2.45e+58 factor_rho=5.62e-56 rho_eV2=1.01e+58 rho_final=5.68e+02
BG_FUNC: a=1.21e-12 V=4.13e-01 factor_V=2.45e+58 factor_rho=5.62e-56 rho_eV2=1.01e+58 rho_final=5.68e+02
BG_FUNC: a=4.84e-11 V=4.13e-01 factor_V=2.45e+58 factor_rho=5.62e-56 rho_eV2=1.01e+58 rho_final=5.68e+02
BG_FUNC: a=1.90e-09 V=4.13e-01 factor_V=2.45e+58 factor_rho=5.62e-56 rho_eV2=1.01e+58 rho_final=5.68e+02
BG_FUNC: a=7.56e-08 V=4.13e-01 factor_V=2.45e+58 factor_rho=5.62e-56 rho_eV2=1.01e+58 rho_final=5.68e+02
BG_FUNC: a=3.00e-06 V=4.13e-01 factor_V=2.45e+58 factor_rho=5.62e-56 rho_eV2=1.01e+58 rho_final=5.68e+02
BG_FUNC: a=1.17e-04 V=2.64e-01 factor_V=2.45e+58 factor_rho=5.62e-56 rho_eV2=7.69e+57 rho_final=4.32e+02
RIDDER SWITCHING: z_osc = 6747.64, a_osc = 1.481781e-04
DEBUG: Ridder field ENABLED. Lambda = 1.451956e+00
DEBUG: Ridder field ENABLED. Lambda = 1.451956e+00
BG_FUNC: a=2.73e-13 V=4.32e-01 factor_V=2.45e+58 factor_rho=5.62e-56 rho_eV2=1.06e+58 rho_final=5.93e+02
BG_FUNC: a=1.08e-11 V=4.32e-01 factor_V=2.45e+58 factor_rho=5.62e-56 rho_eV2=1.06e+58 rho_final=5.93e+02
BG_FUNC: a=4.33e-10 V=4.32e-01 factor_V=2.45e+58 factor_rho=5.62e-56 rho_eV2=1.06e+58 rho_final=5.93e+02
BG_FUNC: a=1.70e-08 V=4.32e-01 factor_V=2.45e+58 factor_rho=5.62e-56 rho_eV2=1.06e+58 rho_final=5.93e+02
BG_FUNC: a=6.74e-07 V=4.32e-01 factor_V=2.45e+58 factor_rho=5.62e-56 rho_eV2=1.06e+58 rho_final=5.93e+02
BG_FUNC: a=2.67e-05 V=4.31e-01 factor_V=2.45e+58 factor_rho=5.62e-56 rho_eV2=1.05e+58 rho_final=5[mcmc] Progress @ 2025-12-02 07:32:48 : 1762 steps taken, and 170 accepted.
[mcmc] Progress @ 2025-12-02 07:34:07 : 1783 steps taken, and 175 accepted.
[mcmc] Progress @ 2025-12-02 07:35:08 : 1815 steps taken, and 182 accepted.
.93e+02
RIDDER SWITCHING: z_osc = 6811.26, a_osc = 1.467942e-04
DEBUG: Ridder field ENABLED. Lambda = 1.415805e+00
DEBUG: Ridder field ENABLED. Lambda = 1.415805e+00
BG_FUNC: a=6.49e-14 V=3.90e-01 factor_V=2.45e+58 factor_rho=5.62e-56 rho_eV2=9.54e+57 rho_final=5.37e+02
BG_FUNC: a=2.48e-12 V=3.90e-01 factor_V=2.45e+58 factor_rho=5.62e-56 rho_eV2=9.54e+57 rho_final=5.37e+02
BG_FUNC: a=9.74e-11 V=3.90e-01 factor_V=2.45e+58 factor_rho=5.62e-56 rho_eV2=9.54e+57 rho_final=5.37e+02
BG_FUNC: a=3.86e-09 V=3.90e-01 factor_V=2.45e+58 factor_rho=5.62e-56 rho_eV2=9.54e+57 rho_final=5.37e+02
BG_FUNC: a=1.53e-07 V=3.90e-01 factor_V=2.45e+58 factor_rho=5.62e-56 rho_eV2=9.54e+57 rho_final=5.37e+02
BG_FUNC: a=6.06e-06 V=3.90e-01 factor_V=2.45e+58 factor_rho=5.62e-56 rho_eV2=9.54e+57 rho_final=5.37e+02
RIDDER SWITCHING: z_osc = 6627.24, a_osc = 1.508695e-04
DEBUG: Ridder field ENABLED. Lambda = 1.451525e+00
DEBUG: Ridder field ENABLED. Lambda = 1.451525e+00
BG_FUNC: a=1.44e-14 V=4.31e-01 factor_V=2.45e+58 factor_rho=5.62e-56 rho_eV2=1.05e+58 rho_final=5.93e+02
BG_FUNC: a=5.42e-13 V=4.31e-01 factor_V=2.45e+58 factor_rho=5.62e-56 rho_eV2=1.05e+58 rho_final=5.93e+02
BG_FUNC: a=2.17e-11 V=4.31e-01 factor_V=2.45e+58 factor_rho=5.62e-56 rho_eV2=1.05e+58 rho_final=5.93e+02
BG_FUNC: a=8.66e-10 V=4.31e-01 factor_V=2.45e+58 factor_rho=5.62e-56 rho_eV2=1.05e+58 rho_final=5.93e+02
BG_FUNC: a=3.46e-08 V=4.31e-01 factor_V=2.45e+58 factor_rho=5.62e-56 rho_eV2=1.05e+58 rho_final=5.93e+02
BG_FUNC: a=1.39e-06 V=4.31e-01 factor_V=2.45e+58 factor_rho=5.62e-56 rho_eV2=1.05e+58 rho_final=5.93e+02
BG_FUNC: a=5.50e-05 V=4.20e-01 factor_V=2.45e+58 factor_rho=5.62e-56 rho_eV2=1.04e+58 rho_final=5.83e+02
RIDDER SWITCHING: z_osc = 6864.11, a_osc = 1.456640e-04
DEBUG: Ridder field ENABLED. Lambda = 1.749545e+00
DEBUG: Ridder field ENABLED. Lambda = 1.749545e+00
BG_FUNC: a=1.29e-13 V=9.10e-01 factor_V=2.45e+58 factor_rho=5.62e-56 rho_eV2=2.23e+58 rho_final=1.25e+03
BG_FUNC: a=5.10e-12 V=9.10e-01 factor_V=2.45e+58 factor_rho=5.62e-56 rho_eV2=2.23e+58 rho_final=1.25e+03
BG_FUNC: a=2.02e-10 V=9.10e-01 factor_V=2.45e+58 factor_rho=5.62e-56 rho_eV2=2.23e+58 rho_final=1.25e+03
BG_FUNC: a=8.01e-09 V=9.10e-01 factor_V=2.45e+58 factor_rho=5.62e-56 rho_eV2=2.23e+58 rho_final=1.25e+03
BG_FUNC: a=3.17e-07 V=9.10e-01 factor_V=2.45e+58 factor_rho=5.62e-56 rho_eV2=2.23e+58 rho_final=1.25e+03
BG_FUNC: a=1.26e-05 V=9.10e-01 factor_V=2.45e+58 factor_rho=5.62e-56 rho_eV2=2.23e+58 rho_final=1.25e+03
RIDDER SWITCHING: z_osc = 8383.54, a_osc = 1.192671e-04
DEBUG: Ridder field ENABLED. Lambda = 1.733646e+00
DEBUG: Ridder field ENABLED. Lambda = 1.733646e+00
BG_FUNC: a=3.72e-14 V=8.78e-01 factor_V=2.45e+58 factor_rho=5.62e-56 rho_eV2=2.15e+58 rho_final=1.21e+03
BG_FUNC: a=1.41e-12 V=8.78e-01 factor_V=2.45e+58 factor_rho=5.62e-56 rho_eV2=2.15e+58 rho_final=1.21e+03
BG_FUNC: a=5.60e-11 V=8.78e-01 factor_V=2.45e+58 factor_rho=5.62e-56 rho_eV2=2.15e+58 rho_final=1.21e+03
BG_FUNC: a=2.22e-09 V=8.78e-01 factor_V=2.45e+58 factor_rho=5.62e-56 rho_eV2=2.15e+58 rho_final=1.21e+03
BG_FUNC: a=8.81e-08 V=8.78e-01 factor_V=2.45e+58 factor_rho=5.62e-56 rho_eV2=2.15e+58 rho_final=1.21e+03
BG_FUNC: a=3.49e-06 V=8.78e-01 factor_V=2.45e+58 factor_rho=5.62e-56 rho_eV2=2.15e+58 rho_final=1.21e+03
RIDDER SWITCHING: z_osc = 8300.63, a_osc = 1.204583e-04
DEBUG: Ridder field ENABLED. Lambda = 1.819063e+00
DEBUG: Ridder field ENABLED. Lambda = 1.819063e+00
BG_FUNC: a=1.05e-14 V=1.06e+00 factor_V=2.45e+58 factor_rho=5.62e-56 rho_eV2=2.60e+58 rho_final=1.46e+03
BG_FUNC: a=3.88e-13 V=1.06e+00 factor_V=2.45e+58 factor_rho=5.62e-56 rho_eV2=2.60e+58 rho_final=1.46e+03
BG_FUNC: a=1.54e-11 V=1.06e+00 factor_V=2.45e+58 factor_rho=5.62e-56 rho_eV2=2.60e+58 rho_final=1.46e+03
BG_FUNC: a=6.12e-10 V=1.06e+00 factor_V=2.45e+58 factor_rho=5.62e-56 rho_eV2=2.60e+58 rho_final=1.46e+03
BG_FUNC: a=2.43e-08 V=1.06e+00 factor_V=2.45e+58 factor_rho=5.62e-56 rho_eV2=2.60e+58 rho_final=1.46e+03
BG_FUNC: a=9.65e-07 V=1.06e+00 factor_V=2.45e+58 factor_rho=5.62e-56 rho_eV2=2.60e+58 rho_final=1.46e+03
BG_FUNC: a=3.82e-05 V=1.05e+00 factor_V=2.4[mcmc] Progress @ 2025-12-02 07:36:11 : 1820 steps taken, and 183 accepted.
[mcmc] Progress @ 2025-12-02 07:37:17 : 1829 steps taken, and 185 accepted.
[mcmc] Progress @ 2025-12-02 07:38:17 : 1855 steps taken, and 192 accepted.
5e+58 factor_rho=5.62e-56 rho_eV2=2.58e+58 rho_final=1.45e+03
RIDDER SWITCHING: z_osc = 8776.84, a_osc = 1.139233e-04
DEBUG: Ridder field ENABLED. Lambda = 2.107889e+00
DEBUG: Ridder field ENABLED. Lambda = 2.107889e+00
BG_FUNC: a=1.14e-13 V=1.92e+00 factor_V=2.45e+58 factor_rho=5.62e-56 rho_eV2=4.69e+58 rho_final=2.64e+03
BG_FUNC: a=4.58e-12 V=1.92e+00 factor_V=2.45e+58 factor_rho=5.62e-56 rho_eV2=4.69e+58 rho_final=2.64e+03
BG_FUNC: a=1.84e-10 V=1.92e+00 factor_V=2.45e+58 factor_rho=5.62e-56 rho_eV2=4.69e+58 rho_final=2.64e+03
BG_FUNC: a=7.40e-09 V=1.92e+00 factor_V=2.45e+58 factor_rho=5.62e-56 rho_eV2=4.69e+58 rho_final=2.64e+03
BG_FUNC: a=2.97e-07 V=1.92e+00 factor_V=2.45e+58 factor_rho=5.62e-56 rho_eV2=4.69e+58 rho_final=2.64e+03
BG_FUNC: a=1.20e-05 V=1.92e+00 factor_V=2.45e+58 factor_rho=5.62e-56 rho_eV2=4.69e+58 rho_final=2.64e+03
RIDDER SWITCHING: z_osc = 10225.70, a_osc = 9.778325e-05
DEBUG: Ridder field ENABLED. Lambda = 1.376643e+00
DEBUG: Ridder field ENABLED. Lambda = 1.376643e+00
BG_FUNC: a=4.37e-14 V=3.49e-01 factor_V=2.45e+58 factor_rho=5.62e-56 rho_eV2=8.53e+57 rho_final=4.80e+02
BG_FUNC: a=1.66e-12 V=3.49e-01 factor_V=2.45e+58 factor_rho=5.62e-56 rho_eV2=8.53e+57 rho_final=4.80e+02
BG_FUNC: a=6.59e-11 V=3.49e-01 factor_V=2.45e+58 factor_rho=5.62e-56 rho_eV2=8.53e+57 rho_final=4.80e+02
BG_FUNC: a=2.62e-09 V=3.49e-01 factor_V=2.45e+58 factor_rho=5.62e-56 rho_eV2=8.53e+57 rho_final=4.80e+02
BG_FUNC: a=1.04e-07 V=3.49e-01 factor_V=2.45e+58 factor_rho=5.62e-56 rho_eV2=8.53e+57 rho_final=4.80e+02
BG_FUNC: a=4.15e-06 V=3.49e-01 factor_V=2.45e+58 factor_rho=5.62e-56 rho_eV2=8.53e+57 rho_final=4.80e+02
RIDDER SWITCHING: z_osc = 6457.48, a_osc = 1.548352e-04
DEBUG: Ridder field ENABLED. Lambda = 1.875841e+00
DEBUG: Ridder field ENABLED. Lambda = 1.875841e+00
BG_FUNC: a=1.00e-14 V=1.20e+00 factor_V=2.45e+58 factor_rho=5.62e-56 rho_eV2=2.94e+58 rho_final=1.65e+03
BG_FUNC: a=3.63e-13 V=1.20e+00 factor_V=2.45e+58 factor_rho=5.62e-56 rho_eV2=2.94e+58 rho_final=1.65e+03
BG_FUNC: a=1.44e-11 V=1.20e+00 factor_V=2.45e+58 factor_rho=5.62e-56 rho_eV2=2.94e+58 rho_final=1.65e+03
BG_FUNC: a=5.70e-10 V=1.20e+00 factor_V=2.45e+58 factor_rho=5.62e-56 rho_eV2=2.94e+58 rho_final=1.65e+03
BG_FUNC: a=2.26e-08 V=1.20e+00 factor_V=2.45e+58 factor_rho=5.62e-56 rho_eV2=2.94e+58 rho_final=1.65e+03
BG_FUNC: a=8.96e-07 V=1.20e+00 factor_V=2.45e+58 factor_rho=5.62e-56 rho_eV2=2.94e+58 rho_final=1.65e+03
BG_FUNC: a=3.54e-05 V=1.19e+00 factor_V=2.45e+58 factor_rho=5.62e-56 rho_eV2=2.92e+58 rho_final=1.64e+03
RIDDER SWITCHING: z_osc = 9123.57, a_osc = 1.095942e-04
DEBUG: Ridder field ENABLED. Lambda = 1.586873e+00
DEBUG: Ridder field ENABLED. Lambda = 1.586873e+00
BG_FUNC: a=1.10e-13 V=6.16e-01 factor_V=2.45e+58 factor_rho=5.62e-56 rho_eV2=1.51e+58 rho_final=8.47e+02
BG_FUNC: a=4.41e-12 V=6.16e-01 factor_V=2.45e+58 factor_rho=5.62e-56 rho_eV2=1.51e+58 rho_final=8.47e+02
BG_FUNC: a=1.77e-10 V=6.16e-01 factor_V=2.45e+58 factor_rho=5.62e-56 rho_eV2=1.51e+58 rho_final=8.47e+02
BG_FUNC: a=7.10e-09 V=6.16e-01 factor_V=2.45e+58 factor_rho=5.62e-56 rho_eV2=1.51e+58 rho_final=8.47e+02
BG_FUNC: a=2.85e-07 V=6.16e-01 factor_V=2.45e+58 factor_rho=5.62e-56 rho_eV2=1.51e+58 rho_final=8.47e+02
BG_FUNC: a=1.15e-05 V=6.16e-01 factor_V=2.45e+58 factor_rho=5.62e-56 rho_eV2=1.51e+58 rho_final=8.47e+02
RIDDER SWITCHING: z_osc = 7556.92, a_osc = 1.323115e-04
DEBUG: Ridder field ENABLED. Lambda = 1.873206e+00
DEBUG: Ridder field ENABLED. Lambda = 1.873206e+00
BG_FUNC: a=3.07e-14 V=1.20e+00 factor_V=2.45e+58 factor_rho=5.62e-56 rho_eV2=2.92e+58 rho_final=1.64e+03
BG_FUNC: a=1.18e-12 V=1.20e+00 factor_V=2.45e+58 factor_rho=5.62e-56 rho_eV2=2.92e+58 rho_final=1.64e+03
BG_FUNC: a=4.71e-11 V=1.20e+00 factor_V=2.45e+58 factor_rho=5.62e-56 rho_eV2=2.92e+58 rho_final=1.64e+03
BG_FUNC: a=1.89e-09 V=1.20e+00 factor_V=2.45e+58 factor_rho=5.62e-56 rho_eV2=2.92e+58 rho_final=1.64e+03
BG_FUNC: a=7.61e-08 V=1.20e+00 factor_V=2.45e+58 factor_rho=5.62e-56 rho_eV2=2.92e+58 rho_final=1.64e+03
BG_FUNC: a=3.06e-06 V=1.20e+00 factor_V=2.45e+58 factor_rho=5.62e-56 rho_eV2=2.92e+58 rho_fin[mcmc] Progress @ 2025-12-02 07:39:30 : 1867 steps taken, and 194 accepted.
[mcmc] Progress @ 2025-12-02 07:40:32 : 1907 steps taken, and 203 accepted.
[mcmc] Progress @ 2025-12-02 07:41:36 : 1912 steps taken, and 203 accepted.
al=1.64e+03
RIDDER SWITCHING: z_osc = 9059.16, a_osc = 1.103733e-04
DEBUG: Ridder field ENABLED. Lambda = 1.509496e+00
DEBUG: Ridder field ENABLED. Lambda = 1.509496e+00
BG_FUNC: a=1.02e-14 V=5.04e-01 factor_V=2.45e+58 factor_rho=5.62e-56 rho_eV2=1.23e+58 rho_final=6.93e+02
BG_FUNC: a=3.75e-13 V=5.04e-01 factor_V=2.45e+58 factor_rho=5.62e-56 rho_eV2=1.23e+58 rho_final=6.93e+02
BG_FUNC: a=1.49e-11 V=5.04e-01 factor_V=2.45e+58 factor_rho=5.62e-56 rho_eV2=1.23e+58 rho_final=6.93e+02
BG_FUNC: a=5.92e-10 V=5.04e-01 factor_V=2.45e+58 factor_rho=5.62e-56 rho_eV2=1.23e+58 rho_final=6.93e+02
BG_FUNC: a=2.35e-08 V=5.04e-01 factor_V=2.45e+58 factor_rho=5.62e-56 rho_eV2=1.23e+58 rho_final=6.93e+02
BG_FUNC: a=9.33e-07 V=5.04e-01 factor_V=2.45e+58 factor_rho=5.62e-56 rho_eV2=1.23e+58 rho_final=6.93e+02
BG_FUNC: a=3.72e-05 V=5.01e-01 factor_V=2.45e+58 factor_rho=5.62e-56 rho_eV2=1.23e+58 rho_final=6.90e+02
RIDDER SWITCHING: z_osc = 7151.03, a_osc = 1.398204e-04
DEBUG: Ridder field ENABLED. Lambda = 1.769083e+00
DEBUG: Ridder field ENABLED. Lambda = 1.769083e+00
BG_FUNC: a=8.99e-14 V=9.52e-01 factor_V=2.45e+58 factor_rho=5.62e-56 rho_eV2=2.33e+58 rho_final=1.31e+03
BG_FUNC: a=3.54e-12 V=9.52e-01 factor_V=2.45e+58 factor_rho=5.62e-56 rho_eV2=2.33e+58 rho_final=1.31e+03
BG_FUNC: a=1.41e-10 V=9.52e-01 factor_V=2.45e+58 factor_rho=5.62e-56 rho_eV2=2.33e+58 rho_final=1.31e+03
BG_FUNC: a=5.58e-09 V=9.52e-01 factor_V=2.45e+58 factor_rho=5.62e-56 rho_eV2=2.33e+58 rho_final=1.31e+03
BG_FUNC: a=2.22e-07 V=9.52e-01 factor_V=2.45e+58 factor_rho=5.62e-56 rho_eV2=2.33e+58 rho_final=1.31e+03
BG_FUNC: a=8.80e-06 V=9.51e-01 factor_V=2.45e+58 factor_rho=5.62e-56 rho_eV2=2.33e+58 rho_final=1.31e+03
RIDDER SWITCHING: z_osc = 8471.82, a_osc = 1.180244e-04
DEBUG: Ridder field ENABLED. Lambda = 1.826352e+00
DEBUG: Ridder field ENABLED. Lambda = 1.826352e+00
BG_FUNC: a=2.65e-14 V=1.08e+00 factor_V=2.45e+58 factor_rho=5.62e-56 rho_eV2=2.64e+58 rho_final=1.49e+03
BG_FUNC: a=9.99e-13 V=1.08e+00 factor_V=2.45e+58 factor_rho=5.62e-56 rho_eV2=2.64e+58 rho_final=1.49e+03
BG_FUNC: a=3.96e-11 V=1.08e+00 factor_V=2.45e+58 factor_rho=5.62e-56 rho_eV2=2.64e+58 rho_final=1.49e+03
BG_FUNC: a=1.57e-09 V=1.08e+00 factor_V=2.45e+58 factor_rho=5.62e-56 rho_eV2=2.64e+58 rho_final=1.49e+03
BG_FUNC: a=6.22e-08 V=1.08e+00 factor_V=2.45e+58 factor_rho=5.62e-56 rho_eV2=2.64e+58 rho_final=1.49e+03
BG_FUNC: a=2.47e-06 V=1.08e+00 factor_V=2.45e+58 factor_rho=5.62e-56 rho_eV2=2.64e+58 rho_final=1.49e+03
BG_FUNC: a=9.55e-05 V=6.33e-01 factor_V=2.45e+58 factor_rho=5.62e-56 rho_eV2=1.91e+58 rho_final=1.08e+03
RIDDER SWITCHING: z_osc = 8802.07, a_osc = 1.135967e-04
DEBUG: Ridder field ENABLED. Lambda = 1.732661e+00
DEBUG: Ridder field ENABLED. Lambda = 1.732661e+00
BG_FUNC: a=2.94e-13 V=8.76e-01 factor_V=2.45e+58 factor_rho=5.62e-56 rho_eV2=2.14e+58 rho_final=1.20e+03
BG_FUNC: a=1.15e-11 V=8.76e-01 factor_V=2.45e+58 factor_rho=5.62e-56 rho_eV2=2.14e+58 rho_final=1.20e+03
BG_FUNC: a=4.57e-10 V=8.76e-01 factor_V=2.45e+58 factor_rho=5.62e-56 rho_eV2=2.14e+58 rho_final=1.20e+03
BG_FUNC: a=1.81e-08 V=8.76e-01 factor_V=2.45e+58 factor_rho=5.62e-56 rho_eV2=2.14e+58 rho_final=1.20e+03
BG_FUNC: a=7.19e-07 V=8.76e-01 factor_V=2.45e+58 factor_rho=5.62e-56 rho_eV2=2.14e+58 rho_final=1.20e+03
BG_FUNC: a=2.84e-05 V=8.72e-01 factor_V=2.45e+58 factor_rho=5.62e-56 rho_eV2=2.14e+58 rho_final=1.20e+03
RIDDER SWITCHING: z_osc = 8269.98, a_osc = 1.209047e-04
DEBUG: Ridder field ENABLED. Lambda = 2.053147e+00
DEBUG: Ridder field ENABLED. Lambda = 2.053147e+00
BG_FUNC: a=8.22e-14 V=1.73e+00 factor_V=2.45e+58 factor_rho=5.62e-56 rho_eV2=4.22e+58 rho_final=2.37e+03
BG_FUNC: a=3.17e-12 V=1.73e+00 factor_V=2.45e+58 factor_rho=5.62e-56 rho_eV2=4.22e+58 rho_final=2.37e+03
BG_FUNC: a=1.25e-10 V=1.73e+00 factor_V=2.45e+58 factor_rho=5.62e-56 rho_eV2=4.22e+58 rho_final=2.37e+03
BG_FUNC: a=4.97e-09 V=1.73e+00 factor_V=2.45e+58 factor_rho=5.62e-56 rho_eV2=4.22e+58 rho_final=2.37e+03
BG_FUNC: a=1.97e-07 V=1.73e+00 factor_V=2.45e+58 factor_rho=5.62e-56 rho_eV2=4.22e+58 rho_final=2.37e+03
BG_FUNC: a=7.82e-06 V=1.73e+00 factor_V[mcmc] Progress @ 2025-12-02 07:42:36 : 1915 steps taken, and 203 accepted.
[mcmc] Progress @ 2025-12-02 07:44:01 : 1942 steps taken, and 210 accepted.
=2.45e+58 factor_rho=5.62e-56 rho_eV2=4.22e+58 rho_final=2.37e+03
RIDDER SWITCHING: z_osc = 9957.32, a_osc = 1.004185e-04
DEBUG: Ridder field ENABLED. Lambda = 1.513821e+00
DEBUG: Ridder field ENABLED. Lambda = 1.513821e+00
BG_FUNC: a=2.76e-14 V=5.10e-01 factor_V=2.45e+58 factor_rho=5.62e-56 rho_eV2=1.25e+58 rho_final=7.01e+02
BG_FUNC: a=1.04e-12 V=5.10e-01 factor_V=2.45e+58 factor_rho=5.62e-56 rho_eV2=1.25e+58 rho_final=7.01e+02
BG_FUNC: a=4.12e-11 V=5.10e-01 factor_V=2.45e+58 factor_rho=5.62e-56 rho_eV2=1.25e+58 rho_final=7.01e+02
BG_FUNC: a=1.65e-09 V=5.10e-01 factor_V=2.45e+58 factor_rho=5.62e-56 rho_eV2=1.25e+58 rho_final=7.01e+02
BG_FUNC: a=6.47e-08 V=5.10e-01 factor_V=2.45e+58 factor_rho=5.62e-56 rho_eV2=1.25e+58 rho_final=7.01e+02
BG_FUNC: a=2.56e-06 V=5.10e-01 factor_V=2.45e+58 factor_rho=5.62e-56 rho_eV2=1.25e+58 rho_final=7.01e+02
BG_FUNC: a=1.01e-04 V=3.72e-01 factor_V=2.45e+58 factor_rho=5.62e-56 rho_eV2=1.03e+58 rho_final=5.79e+02
RIDDER SWITCHING: z_osc = 7168.64, a_osc = 1.394770e-04
DEBUG: Ridder field ENABLED. Lambda = 1.779934e+00
DEBUG: Ridder field ENABLED. Lambda = 1.779934e+00
BG_FUNC: a=2.46e-13 V=9.75e-01 factor_V=2.45e+58 factor_rho=5.62e-56 rho_eV2=2.38e+58 rho_final=1.34e+03
BG_FUNC: a=9.78e-12 V=9.75e-01 factor_V=2.45e+58 factor_rho=5.62e-56 rho_eV2=2.38e+58 rho_final=1.34e+03
BG_FUNC: a=3.88e-10 V=9.75e-01 factor_V=2.45e+58 factor_rho=5.62e-56 rho_eV2=2.38e+58 rho_final=1.34e+03
BG_FUNC: a=1.56e-08 V=9.75e-01 factor_V=2.45e+58 factor_rho=5.62e-56 rho_eV2=2.38e+58 rho_final=1.34e+03
BG_FUNC: a=6.13e-07 V=9.75e-01 factor_V=2.45e+58 factor_rho=5.62e-56 rho_eV2=2.38e+58 rho_final=1.34e+03
BG_FUNC: a=2.43e-05 V=9.73e-01 factor_V=2.45e+58 factor_rho=5.62e-56 rho_eV2=2.38e+58 rho_final=1.34e+03
RIDDER SWITCHING: z_osc = 8574.83, a_osc = 1.166068e-04
DEBUG: Ridder field ENABLED. Lambda = 1.904212e+00
DEBUG: Ridder field ENABLED. Lambda = 1.904212e+00
BG_FUNC: a=7.32e-14 V=1.28e+00 factor_V=2.45e+58 factor_rho=5.62e-56 rho_eV2=3.12e+58 rho_final=1.76e+03
BG_FUNC: a=2.83e-12 V=1.28e+00 factor_V=2.45e+58 factor_rho=5.62e-56 rho_eV2=3.12e+58 rho_final=1.76e+03
BG_FUNC: a=1.11e-10 V=1.28e+00 factor_V=2.45e+58 factor_rho=5.62e-56 rho_eV2=3.12e+58 rho_final=1.76e+03
BG_FUNC: a=4.42e-09 V=1.28e+00 factor_V=2.45e+58 factor_rho=5.62e-56 rho_eV2=3.12e+58 rho_final=1.76e+03
BG_FUNC: a=1.75e-07 V=1.28e+00 factor_V=2.45e+58 factor_rho=5.62e-56 rho_eV2=3.12e+58 rho_final=1.76e+03
BG_FUNC: a=6.95e-06 V=1.28e+00 factor_V=2.45e+58 factor_rho=5.62e-56 rho_eV2=3.12e+58 rho_final=1.76e+03
RIDDER SWITCHING: z_osc = 9211.31, a_osc = 1.085505e-04
DEBUG: Ridder field ENABLED. Lambda = 1.489018e+00
DEBUG: Ridder field ENABLED. Lambda = 1.489018e+00
BG_FUNC: a=2.28e-14 V=4.78e-01 factor_V=2.45e+58 factor_rho=5.62e-56 rho_eV2=1.17e+58 rho_final=6.56e+02
BG_FUNC: a=8.59e-13 V=4.78e-01 factor_V=2.45e+58 factor_rho=5.62e-56 rho_eV2=1.17e+58 rho_final=6.56e+02
BG_FUNC: a=3.41e-11 V=4.78e-01 factor_V=2.45e+58 factor_rho=5.62e-56 rho_eV2=1.17e+58 rho_final=6.56e+02
BG_FUNC: a=1.35e-09 V=4.78e-01 factor_V=2.45e+58 factor_rho=5.62e-56 rho_eV2=1.17e+58 rho_final=6.56e+02
BG_FUNC: a=5.37e-08 V=4.78e-01 factor_V=2.45e+58 factor_rho=5.62e-56 rho_eV2=1.17e+58 rho_final=6.56e+02
BG_FUNC: a=2.13e-06 V=4.78e-01 factor_V=2.45e+58 factor_rho=5.62e-56 rho_eV2=1.17e+58 rho_final=6.56e+02
BG_FUNC: a=8.42e-05 V=4.10e-01 factor_V=2.45e+58 factor_rho=5.62e-56 rho_eV2=1.06e+58 rho_final=5.98e+02
RIDDER SWITCHING: z_osc = 6997.43, a_osc = 1.428892e-04
DEBUG: Ridder field ENABLED. Lambda = 2.226005e+00
DEBUG: Ridder field ENABLED. Lambda = 2.226005e+00
BG_FUNC: a=2.01e-13 V=2.39e+00 factor_V=2.45e+58 factor_rho=5.62e-56 rho_eV2=5.83e+58 rho_final=3.28e+03
BG_FUNC: a=7.96e-12 V=2.39e+00 factor_V=2.45e+58 factor_rho=5.62e-56 rho_eV2=5.83e+58 rho_final=3.28e+03
BG_FUNC: a=3.10e-10 V=2.39e+00 factor_V=2.45e+58 factor_rho=5.62e-56 rho_eV2=5.83e+58 rho_final=3.28e+03
BG_FUNC: a=1.21e-08 V=2.39e+00 factor_V=2.45e+58 factor_rho=5.62e-56 rho_eV2=5.83e+58 rho_final=3.28e+03
BG_FUNC: a=4.76e-07 V=2.39e+00 factor_V=2.45e+58 factor_rho=5.62e-56 rho_eV2=5.83e+58 rho_[mcmc] Progress @ 2025-12-02 07:45:10 : 1961 steps taken, and 213 accepted.
[mcmc] Progress @ 2025-12-02 07:46:33 : 1994 steps taken, and 218 accepted.
[mcmc] Progress @ 2025-12-02 07:47:41 : 2007 steps taken, and 220 accepted.
final=3.28e+03
BG_FUNC: a=1.83e-05 V=2.38e+00 factor_V=2.45e+58 factor_rho=5.62e-56 rho_eV2=5.83e+58 rho_final=3.27e+03
RIDDER SWITCHING: z_osc = 10961.91, a_osc = 9.121666e-05
DEBUG: Ridder field ENABLED. Lambda = 1.972355e+00
DEBUG: Ridder field ENABLED. Lambda = 1.972355e+00
BG_FUNC: a=7.00e-14 V=1.47e+00 factor_V=2.45e+58 factor_rho=5.62e-56 rho_eV2=3.59e+58 rho_final=2.02e+03
BG_FUNC: a=2.67e-12 V=1.47e+00 factor_V=2.45e+58 factor_rho=5.62e-56 rho_eV2=3.59e+58 rho_final=2.02e+03
BG_FUNC: a=1.06e-10 V=1.47e+00 factor_V=2.45e+58 factor_rho=5.62e-56 rho_eV2=3.59e+58 rho_final=2.02e+03
BG_FUNC: a=4.19e-09 V=1.47e+00 factor_V=2.45e+58 factor_rho=5.62e-56 rho_eV2=3.59e+58 rho_final=2.02e+03
BG_FUNC: a=1.66e-07 V=1.47e+00 factor_V=2.45e+58 factor_rho=5.62e-56 rho_eV2=3.59e+58 rho_final=2.02e+03
BG_FUNC: a=6.58e-06 V=1.47e+00 factor_V=2.45e+58 factor_rho=5.62e-56 rho_eV2=3.59e+58 rho_final=2.02e+03
RIDDER SWITCHING: z_osc = 9567.47, a_osc = 1.045099e-04
DEBUG: Ridder field ENABLED. Lambda = 1.365110e+00
DEBUG: Ridder field ENABLED. Lambda = 1.365110e+00
BG_FUNC: a=2.25e-14 V=3.37e-01 factor_V=2.45e+58 factor_rho=5.62e-56 rho_eV2=8.25e+57 rho_final=4.64e+02
BG_FUNC: a=8.53e-13 V=3.37e-01 factor_V=2.45e+58 factor_rho=5.62e-56 rho_eV2=8.25e+57 rho_final=4.64e+02
BG_FUNC: a=3.43e-11 V=3.37e-01 factor_V=2.45e+58 factor_rho=5.62e-56 rho_eV2=8.25e+57 rho_final=4.64e+02
BG_FUNC: a=1.38e-09 V=3.37e-01 factor_V=2.45e+58 factor_rho=5.62e-56 rho_eV2=8.25e+57 rho_final=4.64e+02
BG_FUNC: a=5.56e-08 V=3.37e-01 factor_V=2.45e+58 factor_rho=5.62e-56 rho_eV2=8.25e+57 rho_final=4.64e+02
BG_FUNC: a=2.24e-06 V=3.37e-01 factor_V=2.45e+58 factor_rho=5.62e-56 rho_eV2=8.25e+57 rho_final=4.64e+02
BG_FUNC: a=9.00e-05 V=2.93e-01 factor_V=2.45e+58 factor_rho=5.62e-56 rho_eV2=7.57e+57 rho_final=4.26e+02
RIDDER SWITCHING: z_osc = 6375.06, a_osc = 1.568367e-04
DEBUG: Ridder field ENABLED. Lambda = 1.635309e+00
DEBUG: Ridder field ENABLED. Lambda = 1.635309e+00
BG_FUNC: a=1.94e-13 V=6.95e-01 factor_V=2.45e+58 factor_rho=5.62e-56 rho_eV2=1.70e+58 rho_final=9.55e+02
BG_FUNC: a=7.77e-12 V=6.95e-01 factor_V=2.45e+58 factor_rho=5.62e-56 rho_eV2=1.70e+58 rho_final=9.55e+02
BG_FUNC: a=3.06e-10 V=6.95e-01 factor_V=2.45e+58 factor_rho=5.62e-56 rho_eV2=1.70e+58 rho_final=9.55e+02
BG_FUNC: a=1.21e-08 V=6.95e-01 factor_V=2.45e+58 factor_rho=5.62e-56 rho_eV2=1.70e+58 rho_final=9.55e+02
BG_FUNC: a=4.80e-07 V=6.95e-01 factor_V=2.45e+58 factor_rho=5.62e-56 rho_eV2=1.70e+58 rho_final=9.55e+02
BG_FUNC: a=1.91e-05 V=6.94e-01 factor_V=2.45e+58 factor_rho=5.62e-56 rho_eV2=1.70e+58 rho_final=9.55e+02
RIDDER SWITCHING: z_osc = 7841.84, a_osc = 1.275049e-04
DEBUG: Ridder field ENABLED. Lambda = 1.521066e+00
DEBUG: Ridder field ENABLED. Lambda = 1.521066e+00
BG_FUNC: a=5.22e-14 V=5.20e-01 factor_V=2.45e+58 factor_rho=5.62e-56 rho_eV2=1.27e+58 rho_final=7.15e+02
BG_FUNC: a=1.99e-12 V=5.20e-01 factor_V=2.45e+58 factor_rho=5.62e-56 rho_eV2=1.27e+58 rho_final=7.15e+02
BG_FUNC: a=7.91e-11 V=5.20e-01 factor_V=2.45e+58 factor_rho=5.62e-56 rho_eV2=1.27e+58 rho_final=7.15e+02
BG_FUNC: a=3.14e-09 V=5.20e-01 factor_V=2.45e+58 factor_rho=5.62e-56 rho_eV2=1.27e+58 rho_final=7.15e+02
BG_FUNC: a=1.25e-07 V=5.20e-01 factor_V=2.45e+58 factor_rho=5.62e-56 rho_eV2=1.27e+58 rho_final=7.15e+02
BG_FUNC: a=4.96e-06 V=5.20e-01 factor_V=2.45e+58 factor_rho=5.62e-56 rho_eV2=1.27e+58 rho_final=7.15e+02
RIDDER SWITCHING: z_osc = 7206.09, a_osc = 1.387523e-04
DEBUG: Ridder field ENABLED. Lambda = 1.864819e+00
DEBUG: Ridder field ENABLED. Lambda = 1.864819e+00
BG_FUNC: a=1.28e-14 V=1.17e+00 factor_V=2.45e+58 factor_rho=5.62e-56 rho_eV2=2.87e+58 rho_final=1.61e+03
BG_FUNC: a=4.78e-13 V=1.17e+00 factor_V=2.45e+58 factor_rho=5.62e-56 rho_eV2=2.87e+58 rho_final=1.61e+03
BG_FUNC: a=1.90e-11 V=1.17e+00 factor_V=2.45e+58 factor_rho=5.62e-56 rho_eV2=2.87e+58 rho_final=1.61e+03
BG_FUNC: a=7.54e-10 V=1.17e+00 factor_V=2.45e+58 factor_rho=5.62e-56 rho_eV2=2.87e+58 rho_final=1.61e+03
BG_FUNC: a=2.99e-08 V=1.17e+00 factor_V=2.45e+58 factor_rho=5.62e-56 rho_eV2=2.87e+58 rho_final=1.61e+03
BG_FUNC: a=1.19e-06 V=1.17e+00 fact[mcmc] Progress @ 2025-12-02 07:48:57 : 2030 steps taken, and 224 accepted.
[mcmc] Progress @ 2025-12-02 07:50:18 : 2060 steps taken, and 228 accepted.
or_V=2.45e+58 factor_rho=5.62e-56 rho_eV2=2.87e+58 rho_final=1.61e+03
BG_FUNC: a=4.70e-05 V=1.13e+00 factor_V=2.45e+58 factor_rho=5.62e-56 rho_eV2=2.80e+58 rho_final=1.58e+03
RIDDER SWITCHING: z_osc = 9031.93, a_osc = 1.107061e-04
DEBUG: Ridder field ENABLED. Lambda = 1.981929e+00
DEBUG: Ridder field ENABLED. Lambda = 1.981929e+00
BG_FUNC: a=1.44e-13 V=1.50e+00 factor_V=2.45e+58 factor_rho=5.62e-56 rho_eV2=3.67e+58 rho_final=2.06e+03
BG_FUNC: a=5.75e-12 V=1.50e+00 factor_V=2.45e+58 factor_rho=5.62e-56 rho_eV2=3.67e+58 rho_final=2.06e+03
BG_FUNC: a=2.29e-10 V=1.50e+00 factor_V=2.45e+58 factor_rho=5.62e-56 rho_eV2=3.67e+58 rho_final=2.06e+03
BG_FUNC: a=9.14e-09 V=1.50e+00 factor_V=2.45e+58 factor_rho=5.62e-56 rho_eV2=3.67e+58 rho_final=2.06e+03
BG_FUNC: a=3.64e-07 V=1.50e+00 factor_V=2.45e+58 factor_rho=5.62e-56 rho_eV2=3.67e+58 rho_final=2.06e+03
BG_FUNC: a=1.45e-05 V=1.50e+00 factor_V=2.45e+58 factor_rho=5.62e-56 rho_eV2=3.66e+58 rho_final=2.06e+03
RIDDER SWITCHING: z_osc = 9581.33, a_osc = 1.043587e-04
DEBUG: Ridder field ENABLED. Lambda = 1.972422e+00
DEBUG: Ridder field ENABLED. Lambda = 1.972422e+00
BG_FUNC: a=4.92e-14 V=1.47e+00 factor_V=2.45e+58 factor_rho=5.62e-56 rho_eV2=3.60e+58 rho_final=2.02e+03
BG_FUNC: a=1.87e-12 V=1.47e+00 factor_V=2.45e+58 factor_rho=5.62e-56 rho_eV2=3.60e+58 rho_final=2.02e+03
BG_FUNC: a=7.44e-11 V=1.47e+00 factor_V=2.45e+58 factor_rho=5.62e-56 rho_eV2=3.60e+58 rho_final=2.02e+03
BG_FUNC: a=2.95e-09 V=1.47e+00 factor_V=2.45e+58 factor_rho=5.62e-56 rho_eV2=3.60e+58 rho_final=2.02e+03
BG_FUNC: a=1.17e-07 V=1.47e+00 factor_V=2.45e+58 factor_rho=5.62e-56 rho_eV2=3.60e+58 rho_final=2.02e+03
BG_FUNC: a=4.65e-06 V=1.47e+00 factor_V=2.45e+58 factor_rho=5.62e-56 rho_eV2=3.60e+58 rho_final=2.02e+03
RIDDER SWITCHING: z_osc = 9575.71, a_osc = 1.044200e-04
DEBUG: Ridder field ENABLED. Lambda = 1.603454e+00
DEBUG: Ridder field ENABLED. Lambda = 1.603454e+00
BG_FUNC: a=1.59e-14 V=6.42e-01 factor_V=2.45e+58 factor_rho=5.62e-56 rho_eV2=1.57e+58 rho_final=8.83e+02
BG_FUNC: a=5.96e-13 V=6.42e-01 factor_V=2.45e+58 factor_rho=5.62e-56 rho_eV2=1.57e+58 rho_final=8.83e+02
BG_FUNC: a=2.37e-11 V=6.42e-01 factor_V=2.45e+58 factor_rho=5.62e-56 rho_eV2=1.57e+58 rho_final=8.83e+02
BG_FUNC: a=9.40e-10 V=6.42e-01 factor_V=2.45e+58 factor_rho=5.62e-56 rho_eV2=1.57e+58 rho_final=8.83e+02
BG_FUNC: a=3.73e-08 V=6.42e-01 factor_V=2.45e+58 factor_rho=5.62e-56 rho_eV2=1.57e+58 rho_final=8.83e+02
BG_FUNC: a=1.48e-06 V=6.42e-01 factor_V=2.45e+58 factor_rho=5.62e-56 rho_eV2=1.57e+58 rho_final=8.83e+02
BG_FUNC: a=5.86e-05 V=6.10e-01 factor_V=2.45e+58 factor_rho=5.62e-56 rho_eV2=1.52e+58 rho_final=8.55e+02
RIDDER SWITCHING: z_osc = 7611.88, a_osc = 1.313563e-04
DEBUG: Ridder field ENABLED. Lambda = 1.583795e+00
DEBUG: Ridder field ENABLED. Lambda = 1.583795e+00
BG_FUNC: a=1.51e-13 V=6.11e-01 factor_V=2.45e+58 factor_rho=5.62e-56 rho_eV2=1.49e+58 rho_final=8.40e+02
BG_FUNC: a=6.01e-12 V=6.11e-01 factor_V=2.45e+58 factor_rho=5.62e-56 rho_eV2=1.49e+58 rho_final=8.40e+02
BG_FUNC: a=2.39e-10 V=6.11e-01 factor_V=2.45e+58 factor_rho=5.62e-56 rho_eV2=1.49e+58 rho_final=8.40e+02
BG_FUNC: a=9.47e-09 V=6.11e-01 factor_V=2.45e+58 factor_rho=5.62e-56 rho_eV2=1.49e+58 rho_final=8.40e+02
BG_FUNC: a=3.79e-07 V=6.11e-01 factor_V=2.45e+58 factor_rho=5.62e-56 rho_eV2=1.49e+58 rho_final=8.40e+02
BG_FUNC: a=1.51e-05 V=6.11e-01 factor_V=2.45e+58 factor_rho=5.62e-56 rho_eV2=1.49e+58 rho_final=8.40e+02
RIDDER SWITCHING: z_osc = 7528.51, a_osc = 1.328107e-04
DEBUG: Ridder field ENABLED. Lambda = 1.765477e+00
DEBUG: Ridder field ENABLED. Lambda = 1.765477e+00
BG_FUNC: a=3.95e-14 V=9.44e-01 factor_V=2.45e+58 factor_rho=5.62e-56 rho_eV2=2.31e+58 rho_final=1.30e+03
BG_FUNC: a=1.50e-12 V=9.44e-01 factor_V=2.45e+58 factor_rho=5.62e-56 rho_eV2=2.31e+58 rho_final=1.30e+03
BG_FUNC: a=5.96e-11 V=9.44e-01 factor_V=2.45e+58 factor_rho=5.62e-56 rho_eV2=2.31e+58 rho_final=1.30e+03
BG_FUNC: a=2.37e-09 V=9.44e-01 factor_V=2.45e+58 factor_rho=5.62e-56 rho_eV2=2.31e+58 rho_final=1.30e+03
BG_FUNC: a=9.39e-08 V=9.44e-01 factor_V=2.45e+58 factor_rho=5.62e-56 rho_eV2=2.31e+58 [mcmc] Progress @ 2025-12-02 07:51:36 : 2086 steps taken, and 232 accepted.
[mcmc] Progress @ 2025-12-02 07:52:59 : 2127 steps taken, and 242 accepted.
[mcmc] Progress @ 2025-12-02 07:54:05 : 2139 steps taken, and 243 accepted.
rho_final=1.30e+03
BG_FUNC: a=3.73e-06 V=9.44e-01 factor_V=2.45e+58 factor_rho=5.62e-56 rho_eV2=2.31e+58 rho_final=1.30e+03
RIDDER SWITCHING: z_osc = 8500.36, a_osc = 1.176282e-04
DEBUG: Ridder field ENABLED. Lambda = 1.739350e+00
DEBUG: Ridder field ENABLED. Lambda = 1.739350e+00
BG_FUNC: a=1.15e-14 V=8.89e-01 factor_V=2.45e+58 factor_rho=5.62e-56 rho_eV2=2.17e+58 rho_final=1.22e+03
BG_FUNC: a=4.28e-13 V=8.89e-01 factor_V=2.45e+58 factor_rho=5.62e-56 rho_eV2=2.17e+58 rho_final=1.22e+03
BG_FUNC: a=1.70e-11 V=8.89e-01 factor_V=2.45e+58 factor_rho=5.62e-56 rho_eV2=2.17e+58 rho_final=1.22e+03
BG_FUNC: a=6.72e-10 V=8.89e-01 factor_V=2.45e+58 factor_rho=5.62e-56 rho_eV2=2.17e+58 rho_final=1.22e+03
BG_FUNC: a=2.67e-08 V=8.89e-01 factor_V=2.45e+58 factor_rho=5.62e-56 rho_eV2=2.17e+58 rho_final=1.22e+03
BG_FUNC: a=1.06e-06 V=8.89e-01 factor_V=2.45e+58 factor_rho=5.62e-56 rho_eV2=2.17e+58 rho_final=1.22e+03
BG_FUNC: a=4.18e-05 V=8.72e-01 factor_V=2.45e+58 factor_rho=5.62e-56 rho_eV2=2.15e+58 rho_final=1.21e+03
RIDDER SWITCHING: z_osc = 8368.10, a_osc = 1.194872e-04
DEBUG: Ridder field ENABLED. Lambda = 1.850357e+00
DEBUG: Ridder field ENABLED. Lambda = 1.850357e+00
BG_FUNC: a=1.19e-13 V=1.14e+00 factor_V=2.45e+58 factor_rho=5.62e-56 rho_eV2=2.78e+58 rho_final=1.57e+03
BG_FUNC: a=4.74e-12 V=1.14e+00 factor_V=2.45e+58 factor_rho=5.62e-56 rho_eV2=2.78e+58 rho_final=1.57e+03
BG_FUNC: a=1.89e-10 V=1.14e+00 factor_V=2.45e+58 factor_rho=5.62e-56 rho_eV2=2.78e+58 rho_final=1.57e+03
BG_FUNC: a=7.44e-09 V=1.14e+00 factor_V=2.45e+58 factor_rho=5.62e-56 rho_eV2=2.78e+58 rho_final=1.57e+03
BG_FUNC: a=2.95e-07 V=1.14e+00 factor_V=2.45e+58 factor_rho=5.62e-56 rho_eV2=2.78e+58 rho_final=1.57e+03
BG_FUNC: a=1.17e-05 V=1.14e+00 factor_V=2.45e+58 factor_rho=5.62e-56 rho_eV2=2.78e+58 rho_final=1.57e+03
RIDDER SWITCHING: z_osc = 8946.51, a_osc = 1.117629e-04
DEBUG: Ridder field ENABLED. Lambda = 2.042536e+00
DEBUG: Ridder field ENABLED. Lambda = 2.042536e+00
BG_FUNC: a=3.67e-14 V=1.69e+00 factor_V=2.45e+58 factor_rho=5.62e-56 rho_eV2=4.13e+58 rho_final=2.32e+03
BG_FUNC: a=1.40e-12 V=1.69e+00 factor_V=2.45e+58 factor_rho=5.62e-56 rho_eV2=4.13e+58 rho_final=2.32e+03
BG_FUNC: a=5.52e-11 V=1.69e+00 factor_V=2.45e+58 factor_rho=5.62e-56 rho_eV2=4.13e+58 rho_final=2.32e+03
BG_FUNC: a=2.19e-09 V=1.69e+00 factor_V=2.45e+58 factor_rho=5.62e-56 rho_eV2=4.13e+58 rho_final=2.32e+03
BG_FUNC: a=8.68e-08 V=1.69e+00 factor_V=2.45e+58 factor_rho=5.62e-56 rho_eV2=4.13e+58 rho_final=2.32e+03
BG_FUNC: a=3.44e-06 V=1.69e+00 factor_V=2.45e+58 factor_rho=5.62e-56 rho_eV2=4.13e+58 rho_final=2.32e+03
RIDDER SWITCHING: z_osc = 9912.24, a_osc = 1.008752e-04
DEBUG: Ridder field ENABLED. Lambda = 1.593853e+00
DEBUG: Ridder field ENABLED. Lambda = 1.593853e+00
BG_FUNC: a=1.23e-14 V=6.27e-01 factor_V=2.45e+58 factor_rho=5.62e-56 rho_eV2=1.53e+58 rho_final=8.62e+02
BG_FUNC: a=4.58e-13 V=6.27e-01 factor_V=2.45e+58 factor_rho=5.62e-56 rho_eV2=1.53e+58 rho_final=8.62e+02
BG_FUNC: a=1.82e-11 V=6.27e-01 factor_V=2.45e+58 factor_rho=5.62e-56 rho_eV2=1.53e+58 rho_final=8.62e+02
BG_FUNC: a=7.22e-10 V=6.27e-01 factor_V=2.45e+58 factor_rho=5.62e-56 rho_eV2=1.53e+58 rho_final=8.62e+02
BG_FUNC: a=2.89e-08 V=6.27e-01 factor_V=2.45e+58 factor_rho=5.62e-56 rho_eV2=1.53e+58 rho_final=8.62e+02
BG_FUNC: a=1.14e-06 V=6.27e-01 factor_V=2.45e+58 factor_rho=5.62e-56 rho_eV2=1.53e+58 rho_final=8.62e+02
BG_FUNC: a=4.51e-05 V=6.15e-01 factor_V=2.45e+58 factor_rho=5.62e-56 rho_eV2=1.52e+58 rho_final=8.52e+02
RIDDER SWITCHING: z_osc = 7572.83, a_osc = 1.320335e-04
DEBUG: Ridder field ENABLED. Lambda = 1.793476e+00
DEBUG: Ridder field ENABLED. Lambda = 1.793476e+00
BG_FUNC: a=1.17e-13 V=1.01e+00 factor_V=2.45e+58 factor_rho=5.62e-56 rho_eV2=2.46e+58 rho_final=1.38e+03
BG_FUNC: a=4.62e-12 V=1.01e+00 factor_V=2.45e+58 factor_rho=5.62e-56 rho_eV2=2.46e+58 rho_final=1.38e+03
BG_FUNC: a=1.85e-10 V=1.01e+00 factor_V=2.45e+58 factor_rho=5.62e-56 rho_eV2=2.46e+58 rho_final=1.38e+03
BG_FUNC: a=7.26e-09 V=1.01e+00 factor_V=2.45e+58 factor_rho=5.62e-56 rho_eV2=2.46e+58 rho_final=1.38e+03
BG_FUNC: a=2.88e-07 V=1.01e+00 f[mcmc] Progress @ 2025-12-02 07:55:12 : 2147 steps taken, and 244 accepted.
[mcmc] Progress @ 2025-12-02 07:56:35 : 2183 steps taken, and 253 accepted.
actor_V=2.45e+58 factor_rho=5.62e-56 rho_eV2=2.46e+58 rho_final=1.38e+03
BG_FUNC: a=1.14e-05 V=1.00e+00 factor_V=2.45e+58 factor_rho=5.62e-56 rho_eV2=2.46e+58 rho_final=1.38e+03
RIDDER SWITCHING: z_osc = 8650.26, a_osc = 1.155901e-04
DEBUG: Ridder field ENABLED. Lambda = 1.796664e+00
DEBUG: Ridder field ENABLED. Lambda = 1.796664e+00
BG_FUNC: a=3.50e-14 V=1.01e+00 factor_V=2.45e+58 factor_rho=5.62e-56 rho_eV2=2.48e+58 rho_final=1.39e+03
BG_FUNC: a=1.32e-12 V=1.01e+00 factor_V=2.45e+58 factor_rho=5.62e-56 rho_eV2=2.48e+58 rho_final=1.39e+03
BG_FUNC: a=5.26e-11 V=1.01e+00 factor_V=2.45e+58 factor_rho=5.62e-56 rho_eV2=2.48e+58 rho_final=1.39e+03
BG_FUNC: a=2.09e-09 V=1.01e+00 factor_V=2.45e+58 factor_rho=5.62e-56 rho_eV2=2.48e+58 rho_final=1.39e+03
BG_FUNC: a=8.29e-08 V=1.01e+00 factor_V=2.45e+58 factor_rho=5.62e-56 rho_eV2=2.48e+58 rho_final=1.39e+03
BG_FUNC: a=3.29e-06 V=1.01e+00 factor_V=2.45e+58 factor_rho=5.62e-56 rho_eV2=2.48e+58 rho_final=1.39e+03
RIDDER SWITCHING: z_osc = 8633.39, a_osc = 1.158160e-04
DEBUG: Ridder field ENABLED. Lambda = 2.330008e+00
DEBUG: Ridder field ENABLED. Lambda = 2.330008e+00
BG_FUNC: a=1.03e-14 V=2.86e+00 factor_V=2.45e+58 factor_rho=5.62e-56 rho_eV2=7.00e+58 rho_final=3.94e+03
BG_FUNC: a=3.79e-13 V=2.86e+00 factor_V=2.45e+58 factor_rho=5.62e-56 rho_eV2=7.00e+58 rho_final=3.94e+03
BG_FUNC: a=1.50e-11 V=2.86e+00 factor_V=2.45e+58 factor_rho=5.62e-56 rho_eV2=7.00e+58 rho_final=3.94e+03
BG_FUNC: a=5.96e-10 V=2.86e+00 factor_V=2.45e+58 factor_rho=5.62e-56 rho_eV2=7.00e+58 rho_final=3.94e+03
BG_FUNC: a=2.36e-08 V=2.86e+00 factor_V=2.45e+58 factor_rho=5.62e-56 rho_eV2=7.00e+58 rho_final=3.94e+03
BG_FUNC: a=9.36e-07 V=2.86e+00 factor_V=2.45e+58 factor_rho=5.62e-56 rho_eV2=7.00e+58 rho_final=3.94e+03
BG_FUNC: a=3.70e-05 V=2.75e+00 factor_V=2.45e+58 factor_rho=5.62e-56 rho_eV2=6.84e+58 rho_final=3.85e+03
RIDDER SWITCHING: z_osc = 11444.32, a_osc = 8.737192e-05
DEBUG: Ridder field ENABLED. Lambda = 1.799374e+00
DEBUG: Ridder field ENABLED. Lambda = 1.799374e+00
BG_FUNC: a=1.44e-13 V=1.02e+00 factor_V=2.45e+58 factor_rho=5.62e-56 rho_eV2=2.49e+58 rho_final=1.40e+03
BG_FUNC: a=5.69e-12 V=1.02e+00 factor_V=2.45e+58 factor_rho=5.62e-56 rho_eV2=2.49e+58 rho_final=1.40e+03
BG_FUNC: a=2.25e-10 V=1.02e+00 factor_V=2.45e+58 factor_rho=5.62e-56 rho_eV2=2.49e+58 rho_final=1.40e+03
BG_FUNC: a=8.92e-09 V=1.02e+00 factor_V=2.45e+58 factor_rho=5.62e-56 rho_eV2=2.49e+58 rho_final=1.40e+03
BG_FUNC: a=3.53e-07 V=1.02e+00 factor_V=2.45e+58 factor_rho=5.62e-56 rho_eV2=2.49e+58 rho_final=1.40e+03
BG_FUNC: a=1.40e-05 V=1.02e+00 factor_V=2.45e+58 factor_rho=5.62e-56 rho_eV2=2.49e+58 rho_final=1.40e+03
RIDDER SWITCHING: z_osc = 8671.24, a_osc = 1.153104e-04
DEBUG: Ridder field ENABLED. Lambda = 1.700190e+00
DEBUG: Ridder field ENABLED. Lambda = 1.700190e+00
BG_FUNC: a=4.27e-14 V=8.12e-01 factor_V=2.45e+58 factor_rho=5.62e-56 rho_eV2=1.98e+58 rho_final=1.12e+03
BG_FUNC: a=1.62e-12 V=8.12e-01 factor_V=2.45e+58 factor_rho=5.62e-56 rho_eV2=1.98e+58 rho_final=1.12e+03
BG_FUNC: a=6.44e-11 V=8.12e-01 factor_V=2.45e+58 factor_rho=5.62e-56 rho_eV2=1.98e+58 rho_final=1.12e+03
BG_FUNC: a=2.55e-09 V=8.12e-01 factor_V=2.45e+58 factor_rho=5.62e-56 rho_eV2=1.98e+58 rho_final=1.12e+03
BG_FUNC: a=1.01e-07 V=8.12e-01 factor_V=2.45e+58 factor_rho=5.62e-56 rho_eV2=1.98e+58 rho_final=1.12e+03
BG_FUNC: a=4.02e-06 V=8.12e-01 factor_V=2.45e+58 factor_rho=5.62e-56 rho_eV2=1.98e+58 rho_final=1.12e+03
RIDDER SWITCHING: z_osc = 8165.19, a_osc = 1.224561e-04
DEBUG: Ridder field ENABLED. Lambda = 1.796903e+00
DEBUG: Ridder field ENABLED. Lambda = 1.796903e+00
BG_FUNC: a=1.19e-14 V=1.01e+00 factor_V=2.45e+58 factor_rho=5.62e-56 rho_eV2=2.48e+58 rho_final=1.39e+03
BG_FUNC: a=4.42e-13 V=1.01e+00 factor_V=2.45e+58 factor_rho=5.62e-56 rho_eV2=2.48e+58 rho_final=1.39e+03
BG_FUNC: a=1.75e-11 V=1.01e+00 factor_V=2.45e+58 factor_rho=5.62e-56 rho_eV2=2.48e+58 rho_final=1.39e+03
BG_FUNC: a=6.97e-10 V=1.01e+00 factor_V=2.45e+58 factor_rho=5.62e-56 rho_eV2=2.48e+58 rho_final=1.39e+03
BG_FUNC: a=2.77e-08 V=1.01e+00 factor_V=2.45e+58 factor_rho=5.62e-56 rho_eV2=2.48e[mcmc] Progress @ 2025-12-02 07:57:47 : 2198 steps taken, and 256 accepted.
[mcmc] Progress @ 2025-12-02 07:58:47 : 2231 steps taken, and 265 accepted.
[mcmc] Progress @ 2025-12-02 08:00:01 : 2246 steps taken, and 265 accepted.
+58 rho_final=1.39e+03
BG_FUNC: a=1.10e-06 V=1.01e+00 factor_V=2.45e+58 factor_rho=5.62e-56 rho_eV2=2.48e+58 rho_final=1.39e+03
BG_FUNC: a=4.38e-05 V=9.86e-01 factor_V=2.45e+58 factor_rho=5.62e-56 rho_eV2=2.44e+58 rho_final=1.37e+03
RIDDER SWITCHING: z_osc = 8648.98, a_osc = 1.156073e-04
DEBUG: Ridder field ENABLED. Lambda = 1.506016e+00
DEBUG: Ridder field ENABLED. Lambda = 1.506016e+00
BG_FUNC: a=1.29e-13 V=5.00e-01 factor_V=2.45e+58 factor_rho=5.62e-56 rho_eV2=1.22e+58 rho_final=6.87e+02
BG_FUNC: a=5.09e-12 V=5.00e-01 factor_V=2.45e+58 factor_rho=5.62e-56 rho_eV2=1.22e+58 rho_final=6.87e+02
BG_FUNC: a=2.02e-10 V=5.00e-01 factor_V=2.45e+58 factor_rho=5.62e-56 rho_eV2=1.22e+58 rho_final=6.87e+02
BG_FUNC: a=8.04e-09 V=5.00e-01 factor_V=2.45e+58 factor_rho=5.62e-56 rho_eV2=1.22e+58 rho_final=6.87e+02
BG_FUNC: a=3.20e-07 V=5.00e-01 factor_V=2.45e+58 factor_rho=5.62e-56 rho_eV2=1.22e+58 rho_final=6.87e+02
BG_FUNC: a=1.27e-05 V=5.00e-01 factor_V=2.45e+58 factor_rho=5.62e-56 rho_eV2=1.22e+58 rho_final=6.87e+02
RIDDER SWITCHING: z_osc = 7129.87, a_osc = 1.402353e-04
DEBUG: Ridder field ENABLED. Lambda = 1.981437e+00
DEBUG: Ridder field ENABLED. Lambda = 1.981437e+00
BG_FUNC: a=3.20e-14 V=1.50e+00 factor_V=2.45e+58 factor_rho=5.62e-56 rho_eV2=3.66e+58 rho_final=2.06e+03
BG_FUNC: a=1.21e-12 V=1.50e+00 factor_V=2.45e+58 factor_rho=5.62e-56 rho_eV2=3.66e+58 rho_final=2.06e+03
BG_FUNC: a=4.81e-11 V=1.50e+00 factor_V=2.45e+58 factor_rho=5.62e-56 rho_eV2=3.66e+58 rho_final=2.06e+03
BG_FUNC: a=1.93e-09 V=1.50e+00 factor_V=2.45e+58 factor_rho=5.62e-56 rho_eV2=3.66e+58 rho_final=2.06e+03
BG_FUNC: a=7.58e-08 V=1.50e+00 factor_V=2.45e+58 factor_rho=5.62e-56 rho_eV2=3.66e+58 rho_final=2.06e+03
BG_FUNC: a=3.01e-06 V=1.50e+00 factor_V=2.45e+58 factor_rho=5.62e-56 rho_eV2=3.66e+58 rho_final=2.06e+03
RIDDER SWITCHING: z_osc = 9612.64, a_osc = 1.040189e-04
DEBUG: Ridder field ENABLED. Lambda = 1.766432e+00
DEBUG: Ridder field ENABLED. Lambda = 1.766432e+00
BG_FUNC: a=1.04e-14 V=9.46e-01 factor_V=2.45e+58 factor_rho=5.62e-56 rho_eV2=2.31e+58 rho_final=1.30e+03
BG_FUNC: a=3.86e-13 V=9.46e-01 factor_V=2.45e+58 factor_rho=5.62e-56 rho_eV2=2.31e+58 rho_final=1.30e+03
BG_FUNC: a=1.53e-11 V=9.46e-01 factor_V=2.45e+58 factor_rho=5.62e-56 rho_eV2=2.31e+58 rho_final=1.30e+03
BG_FUNC: a=6.08e-10 V=9.46e-01 factor_V=2.45e+58 factor_rho=5.62e-56 rho_eV2=2.31e+58 rho_final=1.30e+03
BG_FUNC: a=2.41e-08 V=9.46e-01 factor_V=2.45e+58 factor_rho=5.62e-56 rho_eV2=2.31e+58 rho_final=1.30e+03
BG_FUNC: a=9.57e-07 V=9.46e-01 factor_V=2.45e+58 factor_rho=5.62e-56 rho_eV2=2.31e+58 rho_final=1.30e+03
BG_FUNC: a=3.78e-05 V=9.33e-01 factor_V=2.45e+58 factor_rho=5.62e-56 rho_eV2=2.29e+58 rho_final=1.29e+03
RIDDER SWITCHING: z_osc = 8496.44, a_osc = 1.176825e-04
DEBUG: Ridder field ENABLED. Lambda = 1.879649e+00
DEBUG: Ridder field ENABLED. Lambda = 1.879649e+00
BG_FUNC: a=1.09e-13 V=1.21e+00 factor_V=2.45e+58 factor_rho=5.62e-56 rho_eV2=2.97e+58 rho_final=1.67e+03
BG_FUNC: a=4.31e-12 V=1.21e+00 factor_V=2.45e+58 factor_rho=5.62e-56 rho_eV2=2.97e+58 rho_final=1.67e+03
BG_FUNC: a=1.71e-10 V=1.21e+00 factor_V=2.45e+58 factor_rho=5.62e-56 rho_eV2=2.97e+58 rho_final=1.67e+03
BG_FUNC: a=6.76e-09 V=1.21e+00 factor_V=2.45e+58 factor_rho=5.62e-56 rho_eV2=2.97e+58 rho_final=1.67e+03
BG_FUNC: a=2.68e-07 V=1.21e+00 factor_V=2.45e+58 factor_rho=5.62e-56 rho_eV2=2.97e+58 rho_final=1.67e+03
BG_FUNC: a=1.06e-05 V=1.21e+00 factor_V=2.45e+58 factor_rho=5.62e-56 rho_eV2=2.96e+58 rho_final=1.67e+03
RIDDER SWITCHING: z_osc = 9060.15, a_osc = 1.103613e-04
DEBUG: Ridder field ENABLED. Lambda = 1.823278e+00
DEBUG: Ridder field ENABLED. Lambda = 1.823278e+00
BG_FUNC: a=3.39e-14 V=1.07e+00 factor_V=2.45e+58 factor_rho=5.62e-56 rho_eV2=2.63e+58 rho_final=1.48e+03
BG_FUNC: a=1.28e-12 V=1.07e+00 factor_V=2.45e+58 factor_rho=5.62e-56 rho_eV2=2.63e+58 rho_final=1.48e+03
BG_FUNC: a=5.00e-11 V=1.07e+00 factor_V=2.45e+58 factor_rho=5.62e-56 rho_eV2=2.63e+58 rho_final=1.48e+03
BG_FUNC: a=1.98e-09 V=1.07e+00 factor_V=2.45e+58 factor_rho=5.62e-56 rho_eV2=2.63e+58 rho_final=1.48e+03
BG_FUNC: a=7.69e-08 V=1.07e+[mcmc] Progress @ 2025-12-02 08:01:07 : 2262 steps taken, and 265 accepted.
[mcmc] Progress @ 2025-12-02 08:02:25 : 2287 steps taken, and 267 accepted.
[mcmc] Progress @ 2025-12-02 08:03:54 : 2326 steps taken, and 275 accepted.
00 factor_V=2.45e+58 factor_rho=5.62e-56 rho_eV2=2.63e+58 rho_final=1.48e+03
BG_FUNC: a=3.01e-06 V=1.07e+00 factor_V=2.45e+58 factor_rho=5.62e-56 rho_eV2=2.63e+58 rho_final=1.48e+03
BG_FUNC: a=1.13e-04 V=4.10e-01 factor_V=2.45e+58 factor_rho=5.62e-56 rho_eV2=1.47e+58 rho_final=8.27e+02
RIDDER SWITCHING: z_osc = 8777.59, a_osc = 1.139135e-04
DEBUG: Ridder field ENABLED. Lambda = 2.011437e+00
DEBUG: Ridder field ENABLED. Lambda = 2.011437e+00
BG_FUNC: a=3.48e-13 V=1.59e+00 factor_V=2.45e+58 factor_rho=5.62e-56 rho_eV2=3.89e+58 rho_final=2.19e+03
BG_FUNC: a=1.39e-11 V=1.59e+00 factor_V=2.45e+58 factor_rho=5.62e-56 rho_eV2=3.89e+58 rho_final=2.19e+03
BG_FUNC: a=5.57e-10 V=1.59e+00 factor_V=2.45e+58 factor_rho=5.62e-56 rho_eV2=3.89e+58 rho_final=2.19e+03
BG_FUNC: a=2.24e-08 V=1.59e+00 factor_V=2.45e+58 factor_rho=5.62e-56 rho_eV2=3.89e+58 rho_final=2.19e+03
BG_FUNC: a=8.99e-07 V=1.59e+00 factor_V=2.45e+58 factor_rho=5.62e-56 rho_eV2=3.89e+58 rho_final=2.19e+03
BG_FUNC: a=3.60e-05 V=1.56e+00 factor_V=2.45e+58 factor_rho=5.62e-56 rho_eV2=3.84e+58 rho_final=2.16e+03
RIDDER SWITCHING: z_osc = 9778.91, a_osc = 1.022504e-04
DEBUG: Ridder field ENABLED. Lambda = 1.942526e+00
DEBUG: Ridder field ENABLED. Lambda = 1.942526e+00
BG_FUNC: a=1.19e-13 V=1.38e+00 factor_V=2.45e+58 factor_rho=5.62e-56 rho_eV2=3.38e+58 rho_final=1.90e+03
BG_FUNC: a=4.72e-12 V=1.38e+00 factor_V=2.45e+58 factor_rho=5.62e-56 rho_eV2=3.38e+58 rho_final=1.90e+03
BG_FUNC: a=1.88e-10 V=1.38e+00 factor_V=2.45e+58 factor_rho=5.62e-56 rho_eV2=3.38e+58 rho_final=1.90e+03
BG_FUNC: a=7.45e-09 V=1.38e+00 factor_V=2.45e+58 factor_rho=5.62e-56 rho_eV2=3.38e+58 rho_final=1.90e+03
BG_FUNC: a=2.96e-07 V=1.38e+00 factor_V=2.45e+58 factor_rho=5.62e-56 rho_eV2=3.38e+58 rho_final=1.90e+03
BG_FUNC: a=1.18e-05 V=1.38e+00 factor_V=2.45e+58 factor_rho=5.62e-56 rho_eV2=3.38e+58 rho_final=1.90e+03
RIDDER SWITCHING: z_osc = 9433.64, a_osc = 1.059924e-04
DEBUG: Ridder field ENABLED. Lambda = 1.798025e+00
DEBUG: Ridder field ENABLED. Lambda = 1.798025e+00
BG_FUNC: a=3.91e-14 V=1.02e+00 factor_V=2.45e+58 factor_rho=5.62e-56 rho_eV2=2.48e+58 rho_final=1.40e+03
BG_FUNC: a=1.50e-12 V=1.02e+00 factor_V=2.45e+58 factor_rho=5.62e-56 rho_eV2=2.48e+58 rho_final=1.40e+03
BG_FUNC: a=6.02e-11 V=1.02e+00 factor_V=2.45e+58 factor_rho=5.62e-56 rho_eV2=2.48e+58 rho_final=1.40e+03
BG_FUNC: a=2.42e-09 V=1.02e+00 factor_V=2.45e+58 factor_rho=5.62e-56 rho_eV2=2.48e+58 rho_final=1.40e+03
BG_FUNC: a=9.71e-08 V=1.02e+00 factor_V=2.45e+58 factor_rho=5.62e-56 rho_eV2=2.48e+58 rho_final=1.40e+03
BG_FUNC: a=3.90e-06 V=1.02e+00 factor_V=2.45e+58 factor_rho=5.62e-56 rho_eV2=2.48e+58 rho_final=1.40e+03
RIDDER SWITCHING: z_osc = 8625.26, a_osc = 1.159251e-04
DEBUG: Ridder field ENABLED. Lambda = 1.751402e+00
DEBUG: Ridder field ENABLED. Lambda = 1.751402e+00
BG_FUNC: a=1.22e-14 V=9.14e-01 factor_V=2.45e+58 factor_rho=5.62e-56 rho_eV2=2.23e+58 rho_final=1.26e+03
BG_FUNC: a=4.61e-13 V=9.14e-01 factor_V=2.45e+58 factor_rho=5.62e-56 rho_eV2=2.23e+58 rho_final=1.26e+03
BG_FUNC: a=1.84e-11 V=9.14e-01 factor_V=2.45e+58 factor_rho=5.62e-56 rho_eV2=2.23e+58 rho_final=1.26e+03
BG_FUNC: a=7.40e-10 V=9.14e-01 factor_V=2.45e+58 factor_rho=5.62e-56 rho_eV2=2.23e+58 rho_final=1.26e+03
BG_FUNC: a=2.98e-08 V=9.14e-01 factor_V=2.45e+58 factor_rho=5.62e-56 rho_eV2=2.23e+58 rho_final=1.26e+03
BG_FUNC: a=1.20e-06 V=9.14e-01 factor_V=2.45e+58 factor_rho=5.62e-56 rho_eV2=2.23e+58 rho_final=1.26e+03
BG_FUNC: a=4.80e-05 V=8.84e-01 factor_V=2.45e+58 factor_rho=5.62e-56 rho_eV2=2.19e+58 rho_final=1.23e+03
RIDDER SWITCHING: z_osc = 8395.72, a_osc = 1.190942e-04
DEBUG: Ridder field ENABLED. Lambda = 1.925289e+00
DEBUG: Ridder field ENABLED. Lambda = 1.925289e+00
BG_FUNC: a=1.36e-13 V=1.33e+00 factor_V=2.45e+58 factor_rho=5.62e-56 rho_eV2=3.26e+58 rho_final=1.83e+03
BG_FUNC: a=5.40e-12 V=1.33e+00 factor_V=2.45e+58 factor_rho=5.62e-56 rho_eV2=3.26e+58 rho_final=1.83e+03
BG_FUNC: a=2.14e-10 V=1.33e+00 factor_V=2.45e+58 factor_rho=5.62e-56 rho_eV2=3.26e+58 rho_final=1.83e+03
BG_FUNC: a=8.50e-09 V=1.33e+00 factor_V=2.45e+58 factor_rho=5.62e-56 rho_eV2=3.[mcmc] Progress @ 2025-12-02 08:05:01 : 2344 steps taken, and 277 accepted.
[mcmc] Progress @ 2025-12-02 08:06:10 : 2355 steps taken, and 281 accepted.
26e+58 rho_final=1.83e+03
BG_FUNC: a=3.37e-07 V=1.33e+00 factor_V=2.45e+58 factor_rho=5.62e-56 rho_eV2=3.26e+58 rho_final=1.83e+03
BG_FUNC: a=1.35e-05 V=1.33e+00 factor_V=2.45e+58 factor_rho=5.62e-56 rho_eV2=3.26e+58 rho_final=1.83e+03
RIDDER SWITCHING: z_osc = 9366.61, a_osc = 1.067508e-04
DEBUG: Ridder field ENABLED. Lambda = 2.351918e+00
DEBUG: Ridder field ENABLED. Lambda = 2.351918e+00
BG_FUNC: a=4.40e-14 V=2.97e+00 factor_V=2.45e+58 factor_rho=5.62e-56 rho_eV2=7.27e+58 rho_final=4.09e+03
BG_FUNC: a=1.68e-12 V=2.97e+00 factor_V=2.45e+58 factor_rho=5.62e-56 rho_eV2=7.27e+58 rho_final=4.09e+03
BG_FUNC: a=6.70e-11 V=2.97e+00 factor_V=2.45e+58 factor_rho=5.62e-56 rho_eV2=7.27e+58 rho_final=4.09e+03
BG_FUNC: a=2.69e-09 V=2.97e+00 factor_V=2.45e+58 factor_rho=5.62e-56 rho_eV2=7.27e+58 rho_final=4.09e+03
BG_FUNC: a=1.06e-07 V=2.97e+00 factor_V=2.45e+58 factor_rho=5.62e-56 rho_eV2=7.27e+58 rho_final=4.09e+03
BG_FUNC: a=4.22e-06 V=2.97e+00 factor_V=2.45e+58 factor_rho=5.62e-56 rho_eV2=7.27e+58 rho_final=4.09e+03
RIDDER SWITCHING: z_osc = 11567.74, a_osc = 8.643983e-05
DEBUG: Ridder field ENABLED. Lambda = 1.737905e+00
DEBUG: Ridder field ENABLED. Lambda = 1.737905e+00
BG_FUNC: a=1.75e-14 V=8.86e-01 factor_V=2.45e+58 factor_rho=5.62e-56 rho_eV2=2.17e+58 rho_final=1.22e+03
BG_FUNC: a=6.54e-13 V=8.86e-01 factor_V=2.45e+58 factor_rho=5.62e-56 rho_eV2=2.17e+58 rho_final=1.22e+03
BG_FUNC: a=2.60e-11 V=8.86e-01 factor_V=2.45e+58 factor_rho=5.62e-56 rho_eV2=2.17e+58 rho_final=1.22e+03
BG_FUNC: a=1.03e-09 V=8.86e-01 factor_V=2.45e+58 factor_rho=5.62e-56 rho_eV2=2.17e+58 rho_final=1.22e+03
BG_FUNC: a=4.10e-08 V=8.86e-01 factor_V=2.45e+58 factor_rho=5.62e-56 rho_eV2=2.17e+58 rho_final=1.22e+03
BG_FUNC: a=1.63e-06 V=8.86e-01 factor_V=2.45e+58 factor_rho=5.62e-56 rho_eV2=2.17e+58 rho_final=1.22e+03
BG_FUNC: a=6.44e-05 V=8.00e-01 factor_V=2.45e+58 factor_rho=5.62e-56 rho_eV2=2.04e+58 rho_final=1.14e+03
RIDDER SWITCHING: z_osc = 8307.88, a_osc = 1.203532e-04
DEBUG: Ridder field ENABLED. Lambda = 1.897540e+00
DEBUG: Ridder field ENABLED. Lambda = 1.897540e+00
BG_FUNC: a=1.81e-13 V=1.26e+00 factor_V=2.45e+58 factor_rho=5.62e-56 rho_eV2=3.08e+58 rho_final=1.73e+03
BG_FUNC: a=7.19e-12 V=1.26e+00 factor_V=2.45e+58 factor_rho=5.62e-56 rho_eV2=3.08e+58 rho_final=1.73e+03
BG_FUNC: a=2.86e-10 V=1.26e+00 factor_V=2.45e+58 factor_rho=5.62e-56 rho_eV2=3.08e+58 rho_final=1.73e+03
BG_FUNC: a=1.13e-08 V=1.26e+00 factor_V=2.45e+58 factor_rho=5.62e-56 rho_eV2=3.08e+58 rho_final=1.73e+03
BG_FUNC: a=4.51e-07 V=1.26e+00 factor_V=2.45e+58 factor_rho=5.62e-56 rho_eV2=3.08e+58 rho_final=1.73e+03
BG_FUNC: a=1.79e-05 V=1.26e+00 factor_V=2.45e+58 factor_rho=5.62e-56 rho_eV2=3.08e+58 rho_final=1.73e+03
RIDDER SWITCHING: z_osc = 9145.49, a_osc = 1.093316e-04
DEBUG: Ridder field ENABLED. Lambda = 1.805090e+00
DEBUG: Ridder field ENABLED. Lambda = 1.805090e+00
BG_FUNC: a=5.72e-14 V=1.03e+00 factor_V=2.45e+58 factor_rho=5.62e-56 rho_eV2=2.52e+58 rho_final=1.42e+03
BG_FUNC: a=2.19e-12 V=1.03e+00 factor_V=2.45e+58 factor_rho=5.62e-56 rho_eV2=2.52e+58 rho_final=1.42e+03
BG_FUNC: a=8.69e-11 V=1.03e+00 factor_V=2.45e+58 factor_rho=5.62e-56 rho_eV2=2.52e+58 rho_final=1.42e+03
BG_FUNC: a=3.44e-09 V=1.03e+00 factor_V=2.45e+58 factor_rho=5.62e-56 rho_eV2=2.52e+58 rho_final=1.42e+03
BG_FUNC: a=1.37e-07 V=1.03e+00 factor_V=2.45e+58 factor_rho=5.62e-56 rho_eV2=2.52e+58 rho_final=1.42e+03
BG_FUNC: a=5.41e-06 V=1.03e+00 factor_V=2.45e+58 factor_rho=5.62e-56 rho_eV2=2.52e+58 rho_final=1.42e+03
RIDDER SWITCHING: z_osc = 8693.30, a_osc = 1.150178e-04
DEBUG: Ridder field ENABLED. Lambda = 2.186898e+00
DEBUG: Ridder field ENABLED. Lambda = 2.186898e+00
BG_FUNC: a=1.69e-14 V=2.22e+00 factor_V=2.45e+58 factor_rho=5.62e-56 rho_eV2=5.43e+58 rho_final=3.05e+03
BG_FUNC: a=6.33e-13 V=2.22e+00 factor_V=2.45e+58 factor_rho=5.62e-56 rho_eV2=5.43e+58 rho_final=3.05e+03
BG_FUNC: a=2.51e-11 V=2.22e+00 factor_V=2.45e+58 factor_rho=5.62e-56 rho_eV2=5.43e+58 rho_final=3.05e+03
BG_FUNC: a=9.95e-10 V=2.22e+00 factor_V=2.45e+58 factor_rho=5.62e-56 rho_eV2=5.43e+58 rho_final=3.05e+03
BG_FUNC: a=3.98e-08 V=2.[mcmc] Progress @ 2025-12-02 08:07:16 : 2366 steps taken, and 283 accepted.
[mcmc] Progress @ 2025-12-02 08:08:22 : 2372 steps taken, and 285 accepted.
[mcmc] Progress @ 2025-12-02 08:09:23 : 2422 steps taken, and 292 accepted.
22e+00 factor_V=2.45e+58 factor_rho=5.62e-56 rho_eV2=5.43e+58 rho_final=3.05e+03
BG_FUNC: a=1.56e-06 V=2.22e+00 factor_V=2.45e+58 factor_rho=5.62e-56 rho_eV2=5.43e+58 rho_final=3.05e+03
BG_FUNC: a=6.13e-05 V=1.80e+00 factor_V=2.45e+58 factor_rho=5.62e-56 rho_eV2=4.78e+58 rho_final=2.69e+03
RIDDER SWITCHING: z_osc = 10742.13, a_osc = 9.308278e-05
DEBUG: Ridder field ENABLED. Lambda = 1.719292e+00
DEBUG: Ridder field ENABLED. Lambda = 1.719292e+00
BG_FUNC: a=2.25e-13 V=8.49e-01 factor_V=2.45e+58 factor_rho=5.62e-56 rho_eV2=2.08e+58 rho_final=1.17e+03
BG_FUNC: a=8.91e-12 V=8.49e-01 factor_V=2.45e+58 factor_rho=5.62e-56 rho_eV2=2.08e+58 rho_final=1.17e+03
BG_FUNC: a=3.53e-10 V=8.49e-01 factor_V=2.45e+58 factor_rho=5.62e-56 rho_eV2=2.08e+58 rho_final=1.17e+03
BG_FUNC: a=1.40e-08 V=8.49e-01 factor_V=2.45e+58 factor_rho=5.62e-56 rho_eV2=2.08e+58 rho_final=1.17e+03
BG_FUNC: a=5.55e-07 V=8.49e-01 factor_V=2.45e+58 factor_rho=5.62e-56 rho_eV2=2.08e+58 rho_final=1.17e+03
BG_FUNC: a=2.20e-05 V=8.48e-01 factor_V=2.45e+58 factor_rho=5.62e-56 rho_eV2=2.07e+58 rho_final=1.17e+03
RIDDER SWITCHING: z_osc = 8257.46, a_osc = 1.210880e-04
DEBUG: Ridder field ENABLED. Lambda = 1.453293e+00
DEBUG: Ridder field ENABLED. Lambda = 1.453293e+00
BG_FUNC: a=6.42e-14 V=4.33e-01 factor_V=2.45e+58 factor_rho=5.62e-56 rho_eV2=1.06e+58 rho_final=5.96e+02
BG_FUNC: a=2.48e-12 V=4.33e-01 factor_V=2.45e+58 factor_rho=5.62e-56 rho_eV2=1.06e+58 rho_final=5.96e+02
BG_FUNC: a=9.92e-11 V=4.33e-01 factor_V=2.45e+58 factor_rho=5.62e-56 rho_eV2=1.06e+58 rho_final=5.96e+02
BG_FUNC: a=3.97e-09 V=4.33e-01 factor_V=2.45e+58 factor_rho=5.62e-56 rho_eV2=1.06e+58 rho_final=5.96e+02
BG_FUNC: a=1.59e-07 V=4.33e-01 factor_V=2.45e+58 factor_rho=5.62e-56 rho_eV2=1.06e+58 rho_final=5.96e+02
BG_FUNC: a=6.34e-06 V=4.33e-01 factor_V=2.45e+58 factor_rho=5.62e-56 rho_eV2=1.06e+58 rho_final=5.96e+02
RIDDER SWITCHING: z_osc = 6810.08, a_osc = 1.468196e-04
DEBUG: Ridder field ENABLED. Lambda = 2.115784e+00
DEBUG: Ridder field ENABLED. Lambda = 2.115784e+00
BG_FUNC: a=1.56e-14 V=1.95e+00 factor_V=2.45e+58 factor_rho=5.62e-56 rho_eV2=4.76e+58 rho_final=2.68e+03
BG_FUNC: a=5.82e-13 V=1.95e+00 factor_V=2.45e+58 factor_rho=5.62e-56 rho_eV2=4.76e+58 rho_final=2.68e+03
BG_FUNC: a=2.31e-11 V=1.95e+00 factor_V=2.45e+58 factor_rho=5.62e-56 rho_eV2=4.76e+58 rho_final=2.68e+03
BG_FUNC: a=9.18e-10 V=1.95e+00 factor_V=2.45e+58 factor_rho=5.62e-56 rho_eV2=4.76e+58 rho_final=2.68e+03
BG_FUNC: a=3.64e-08 V=1.95e+00 factor_V=2.45e+58 factor_rho=5.62e-56 rho_eV2=4.76e+58 rho_final=2.68e+03
BG_FUNC: a=1.45e-06 V=1.95e+00 factor_V=2.45e+58 factor_rho=5.62e-56 rho_eV2=4.76e+58 rho_final=2.68e+03
BG_FUNC: a=5.69e-05 V=1.69e+00 factor_V=2.45e+58 factor_rho=5.62e-56 rho_eV2=4.38e+58 rho_final=2.46e+03
RIDDER SWITCHING: z_osc = 10289.98, a_osc = 9.717247e-05
DEBUG: Ridder field ENABLED. Lambda = 1.730162e+00
DEBUG: Ridder field ENABLED. Lambda = 1.730162e+00
BG_FUNC: a=1.99e-13 V=8.70e-01 factor_V=2.45e+58 factor_rho=5.62e-56 rho_eV2=2.13e+58 rho_final=1.20e+03
BG_FUNC: a=7.89e-12 V=8.70e-01 factor_V=2.45e+58 factor_rho=5.62e-56 rho_eV2=2.13e+58 rho_final=1.20e+03
BG_FUNC: a=3.13e-10 V=8.70e-01 factor_V=2.45e+58 factor_rho=5.62e-56 rho_eV2=2.13e+58 rho_final=1.20e+03
BG_FUNC: a=1.24e-08 V=8.70e-01 factor_V=2.45e+58 factor_rho=5.62e-56 rho_eV2=2.13e+58 rho_final=1.20e+03
BG_FUNC: a=4.94e-07 V=8.70e-01 factor_V=2.45e+58 factor_rho=5.62e-56 rho_eV2=2.13e+58 rho_final=1.20e+03
BG_FUNC: a=1.96e-05 V=8.70e-01 factor_V=2.45e+58 factor_rho=5.62e-56 rho_eV2=2.13e+58 rho_final=1.20e+03
RIDDER SWITCHING: z_osc = 8289.45, a_osc = 1.206207e-04
DEBUG: Ridder field ENABLED. Lambda = 1.722754e+00
DEBUG: Ridder field ENABLED. Lambda = 1.722754e+00
BG_FUNC: a=5.71e-14 V=8.56e-01 factor_V=2.45e+58 factor_rho=5.62e-56 rho_eV2=2.09e+58 rho_final=1.18e+03
BG_FUNC: a=2.18e-12 V=8.56e-01 factor_V=2.45e+58 factor_rho=5.62e-56 rho_eV2=2.09e+58 rho_final=1.18e+03
BG_FUNC: a=8.67e-11 V=8.56e-01 factor_V=2.45e+58 factor_rho=5.62e-56 rho_eV2=2.09e+58 rho_final=1.18e+03
BG_FUNC: a=3.44e-09 V=8.56e-01 factor_V=2.45e+58 factor_rho=5.62e-56 rho_[mcmc] Progress @ 2025-12-02 08:10:26 : 2429 steps taken, and 293 accepted.
[mcmc] Progress @ 2025-12-02 08:11:28 : 2464 steps taken, and 300 accepted.
[mcmc] Progress @ 2025-12-02 08:12:33 : 2471 steps taken, and 301 accepted.
eV2=2.09e+58 rho_final=1.18e+03
BG_FUNC: a=1.37e-07 V=8.56e-01 factor_V=2.45e+58 factor_rho=5.62e-56 rho_eV2=2.09e+58 rho_final=1.18e+03
BG_FUNC: a=5.43e-06 V=8.56e-01 factor_V=2.45e+58 factor_rho=5.62e-56 rho_eV2=2.09e+58 rho_final=1.18e+03
RIDDER SWITCHING: z_osc = 8231.54, a_osc = 1.214692e-04
DEBUG: Ridder field ENABLED. Lambda = 1.777022e+00
DEBUG: Ridder field ENABLED. Lambda = 1.777022e+00
BG_FUNC: a=1.60e-14 V=9.69e-01 factor_V=2.45e+58 factor_rho=5.62e-56 rho_eV2=2.37e+58 rho_final=1.33e+03
BG_FUNC: a=5.96e-13 V=9.69e-01 factor_V=2.45e+58 factor_rho=5.62e-56 rho_eV2=2.37e+58 rho_final=1.33e+03
BG_FUNC: a=2.33e-11 V=9.69e-01 factor_V=2.45e+58 factor_rho=5.62e-56 rho_eV2=2.37e+58 rho_final=1.33e+03
BG_FUNC: a=9.16e-10 V=9.69e-01 factor_V=2.45e+58 factor_rho=5.62e-56 rho_eV2=2.37e+58 rho_final=1.33e+03
BG_FUNC: a=3.59e-08 V=9.69e-01 factor_V=2.45e+58 factor_rho=5.62e-56 rho_eV2=2.37e+58 rho_final=1.33e+03
BG_FUNC: a=1.41e-06 V=9.69e-01 factor_V=2.45e+58 factor_rho=5.62e-56 rho_eV2=2.37e+58 rho_final=1.33e+03
BG_FUNC: a=5.40e-05 V=9.15e-01 factor_V=2.45e+58 factor_rho=5.62e-56 rho_eV2=2.29e+58 rho_final=1.29e+03
RIDDER SWITCHING: z_osc = 8547.39, a_osc = 1.169811e-04
DEBUG: Ridder field ENABLED. Lambda = 1.755392e+00
DEBUG: Ridder field ENABLED. Lambda = 1.755392e+00
BG_FUNC: a=1.56e-13 V=9.22e-01 factor_V=2.45e+58 factor_rho=5.62e-56 rho_eV2=2.26e+58 rho_final=1.27e+03
BG_FUNC: a=6.23e-12 V=9.22e-01 factor_V=2.45e+58 factor_rho=5.62e-56 rho_eV2=2.26e+58 rho_final=1.27e+03
BG_FUNC: a=2.45e-10 V=9.22e-01 factor_V=2.45e+58 factor_rho=5.62e-56 rho_eV2=2.26e+58 rho_final=1.27e+03
BG_FUNC: a=9.73e-09 V=9.22e-01 factor_V=2.45e+58 factor_rho=5.62e-56 rho_eV2=2.26e+58 rho_final=1.27e+03
BG_FUNC: a=3.86e-07 V=9.22e-01 factor_V=2.45e+58 factor_rho=5.62e-56 rho_eV2=2.26e+58 rho_final=1.27e+03
BG_FUNC: a=1.53e-05 V=9.22e-01 factor_V=2.45e+58 factor_rho=5.62e-56 rho_eV2=2.25e+58 rho_final=1.27e+03
RIDDER SWITCHING: z_osc = 8410.09, a_osc = 1.188906e-04
DEBUG: Ridder field ENABLED. Lambda = 1.524666e+00
DEBUG: Ridder field ENABLED. Lambda = 1.524666e+00
BG_FUNC: a=4.53e-14 V=5.25e-01 factor_V=2.45e+58 factor_rho=5.62e-56 rho_eV2=1.28e+58 rho_final=7.22e+02
BG_FUNC: a=1.73e-12 V=5.25e-01 factor_V=2.45e+58 factor_rho=5.62e-56 rho_eV2=1.28e+58 rho_final=7.22e+02
BG_FUNC: a=6.91e-11 V=5.25e-01 factor_V=2.45e+58 factor_rho=5.62e-56 rho_eV2=1.28e+58 rho_final=7.22e+02
BG_FUNC: a=2.72e-09 V=5.25e-01 factor_V=2.45e+58 factor_rho=5.62e-56 rho_eV2=1.28e+58 rho_final=7.22e+02
BG_FUNC: a=1.08e-07 V=5.25e-01 factor_V=2.45e+58 factor_rho=5.62e-56 rho_eV2=1.28e+58 rho_final=7.22e+02
BG_FUNC: a=4.27e-06 V=5.25e-01 factor_V=2.45e+58 factor_rho=5.62e-56 rho_eV2=1.28e+58 rho_final=7.22e+02
RIDDER SWITCHING: z_osc = 7239.99, a_osc = 1.381026e-04
DEBUG: Ridder field ENABLED. Lambda = 1.509418e+00
DEBUG: Ridder field ENABLED. Lambda = 1.509418e+00
BG_FUNC: a=1.12e-14 V=5.04e-01 factor_V=2.45e+58 factor_rho=5.62e-56 rho_eV2=1.23e+58 rho_final=6.93e+02
BG_FUNC: a=4.14e-13 V=5.04e-01 factor_V=2.45e+58 factor_rho=5.62e-56 rho_eV2=1.23e+58 rho_final=6.93e+02
BG_FUNC: a=1.64e-11 V=5.04e-01 factor_V=2.45e+58 factor_rho=5.62e-56 rho_eV2=1.23e+58 rho_final=6.93e+02
BG_FUNC: a=6.53e-10 V=5.04e-01 factor_V=2.45e+58 factor_rho=5.62e-56 rho_eV2=1.23e+58 rho_final=6.93e+02
BG_FUNC: a=2.59e-08 V=5.04e-01 factor_V=2.45e+58 factor_rho=5.62e-56 rho_eV2=1.23e+58 rho_final=6.93e+02
BG_FUNC: a=1.03e-06 V=5.04e-01 factor_V=2.45e+58 factor_rho=5.62e-56 rho_eV2=1.23e+58 rho_final=6.93e+02
BG_FUNC: a=4.08e-05 V=4.99e-01 factor_V=2.45e+58 factor_rho=5.62e-56 rho_eV2=1.23e+58 rho_final=6.89e+02
RIDDER SWITCHING: z_osc = 7102.62, a_osc = 1.407732e-04
DEBUG: Ridder field ENABLED. Lambda = 1.756544e+00
DEBUG: Ridder field ENABLED. Lambda = 1.756544e+00
BG_FUNC: a=9.87e-14 V=9.25e-01 factor_V=2.45e+58 factor_rho=5.62e-56 rho_eV2=2.26e+58 rho_final=1.27e+03
BG_FUNC: a=3.91e-12 V=9.25e-01 factor_V=2.45e+58 factor_rho=5.62e-56 rho_eV2=2.26e+58 rho_final=1.27e+03
BG_FUNC: a=1.55e-10 V=9.25e-01 factor_V=2.45e+58 factor_rho=5.62e-56 rho_eV2=2.26e+58 rho_final=1.27e+03
BG_FUNC: a=6.14e-09[mcmc] Progress @ 2025-12-02 08:13:44 : 2485 steps taken, and 304 accepted.
[mcmc] Progress @ 2025-12-02 08:15:03 : 2505 steps taken, and 308 accepted.
[mcmc] Progress @ 2025-12-02 08:16:12 : 2519 steps taken, and 311 accepted.
 V=9.25e-01 factor_V=2.45e+58 factor_rho=5.62e-56 rho_eV2=2.26e+58 rho_final=1.27e+03
BG_FUNC: a=2.44e-07 V=9.25e-01 factor_V=2.45e+58 factor_rho=5.62e-56 rho_eV2=2.26e+58 rho_final=1.27e+03
BG_FUNC: a=9.65e-06 V=9.25e-01 factor_V=2.45e+58 factor_rho=5.62e-56 rho_eV2=2.26e+58 rho_final=1.27e+03
RIDDER SWITCHING: z_osc = 8415.20, a_osc = 1.188185e-04
DEBUG: Ridder field ENABLED. Lambda = 1.608487e+00
DEBUG: Ridder field ENABLED. Lambda = 1.608487e+00
BG_FUNC: a=2.88e-14 V=6.50e-01 factor_V=2.45e+58 factor_rho=5.62e-56 rho_eV2=1.59e+58 rho_final=8.94e+02
BG_FUNC: a=1.10e-12 V=6.50e-01 factor_V=2.45e+58 factor_rho=5.62e-56 rho_eV2=1.59e+58 rho_final=8.94e+02
BG_FUNC: a=4.38e-11 V=6.50e-01 factor_V=2.45e+58 factor_rho=5.62e-56 rho_eV2=1.59e+58 rho_final=8.94e+02
BG_FUNC: a=1.75e-09 V=6.50e-01 factor_V=2.45e+58 factor_rho=5.62e-56 rho_eV2=1.59e+58 rho_final=8.94e+02
BG_FUNC: a=6.99e-08 V=6.50e-01 factor_V=2.45e+58 factor_rho=5.62e-56 rho_eV2=1.59e+58 rho_final=8.94e+02
BG_FUNC: a=2.80e-06 V=6.50e-01 factor_V=2.45e+58 factor_rho=5.62e-56 rho_eV2=1.59e+58 rho_final=8.94e+02
BG_FUNC: a=1.10e-04 V=3.72e-01 factor_V=2.45e+58 factor_rho=5.62e-56 rho_eV2=1.13e+58 rho_final=6.38e+02
RIDDER SWITCHING: z_osc = 7648.23, a_osc = 1.307322e-04
DEBUG: Ridder field ENABLED. Lambda = 1.805441e+00
DEBUG: Ridder field ENABLED. Lambda = 1.805441e+00
BG_FUNC: a=2.90e-13 V=1.03e+00 factor_V=2.45e+58 factor_rho=5.62e-56 rho_eV2=2.52e+58 rho_final=1.42e+03
BG_FUNC: a=1.15e-11 V=1.03e+00 factor_V=2.45e+58 factor_rho=5.62e-56 rho_eV2=2.52e+58 rho_final=1.42e+03
BG_FUNC: a=4.57e-10 V=1.03e+00 factor_V=2.45e+58 factor_rho=5.62e-56 rho_eV2=2.52e+58 rho_final=1.42e+03
BG_FUNC: a=1.81e-08 V=1.03e+00 factor_V=2.45e+58 factor_rho=5.62e-56 rho_eV2=2.52e+58 rho_final=1.42e+03
BG_FUNC: a=7.19e-07 V=1.03e+00 factor_V=2.45e+58 factor_rho=5.62e-56 rho_eV2=2.52e+58 rho_final=1.42e+03
BG_FUNC: a=2.84e-05 V=1.03e+00 factor_V=2.45e+58 factor_rho=5.62e-56 rho_eV2=2.52e+58 rho_final=1.41e+03
RIDDER SWITCHING: z_osc = 8715.80, a_osc = 1.147210e-04
DEBUG: Ridder field ENABLED. Lambda = 2.109496e+00
DEBUG: Ridder field ENABLED. Lambda = 2.109496e+00
BG_FUNC: a=8.63e-14 V=1.92e+00 factor_V=2.45e+58 factor_rho=5.62e-56 rho_eV2=4.70e+58 rho_final=2.64e+03
BG_FUNC: a=3.32e-12 V=1.92e+00 factor_V=2.45e+58 factor_rho=5.62e-56 rho_eV2=4.70e+58 rho_final=2.64e+03
BG_FUNC: a=1.32e-10 V=1.92e+00 factor_V=2.45e+58 factor_rho=5.62e-56 rho_eV2=4.70e+58 rho_final=2.64e+03
BG_FUNC: a=5.23e-09 V=1.92e+00 factor_V=2.45e+58 factor_rho=5.62e-56 rho_eV2=4.70e+58 rho_final=2.64e+03
BG_FUNC: a=2.07e-07 V=1.92e+00 factor_V=2.45e+58 factor_rho=5.62e-56 rho_eV2=4.70e+58 rho_final=2.64e+03
BG_FUNC: a=8.29e-06 V=1.92e+00 factor_V=2.45e+58 factor_rho=5.62e-56 rho_eV2=4.70e+58 rho_final=2.64e+03
RIDDER SWITCHING: z_osc = 10329.19, a_osc = 9.680367e-05
DEBUG: Ridder field ENABLED. Lambda = 1.724976e+00
DEBUG: Ridder field ENABLED. Lambda = 1.724976e+00
BG_FUNC: a=2.99e-14 V=8.60e-01 factor_V=2.45e+58 factor_rho=5.62e-56 rho_eV2=2.10e+58 rho_final=1.18e+03
BG_FUNC: a=1.13e-12 V=8.60e-01 factor_V=2.45e+58 factor_rho=5.62e-56 rho_eV2=2.10e+58 rho_final=1.18e+03
BG_FUNC: a=4.41e-11 V=8.60e-01 factor_V=2.45e+58 factor_rho=5.62e-56 rho_eV2=2.10e+58 rho_final=1.18e+03
BG_FUNC: a=1.73e-09 V=8.60e-01 factor_V=2.45e+58 factor_rho=5.62e-56 rho_eV2=2.10e+58 rho_final=1.18e+03
BG_FUNC: a=6.78e-08 V=8.60e-01 factor_V=2.45e+58 factor_rho=5.62e-56 rho_eV2=2.10e+58 rho_final=1.18e+03
BG_FUNC: a=2.66e-06 V=8.60e-01 factor_V=2.45e+58 factor_rho=5.62e-56 rho_eV2=2.10e+58 rho_final=1.18e+03
BG_FUNC: a=1.01e-04 V=5.04e-01 factor_V=2.45e+58 factor_rho=5.62e-56 rho_eV2=1.52e+58 rho_final=8.55e+02
RIDDER SWITCHING: z_osc = 8286.52, a_osc = 1.206634e-04
DEBUG: Ridder field ENABLED. Lambda = 1.734078e+00
DEBUG: Ridder field ENABLED. Lambda = 1.734078e+00
BG_FUNC: a=2.91e-13 V=8.78e-01 factor_V=2.45e+58 factor_rho=5.62e-56 rho_eV2=2.15e+58 rho_final=1.21e+03
BG_FUNC: a=1.17e-11 V=8.78e-01 factor_V=2.45e+58 factor_rho=5.62e-56 rho_eV2=2.15e+58 rho_final=1.21e+03
BG_FUNC: a=4.69e-10 V=8.78e-01 factor_V=2.45e+58 factor_rho=5.62e-56 [mcmc] Progress @ 2025-12-02 08:17:43 : 2562 steps taken, and 319 accepted.
[mcmc] Progress @ 2025-12-02 08:18:43 : 2591 steps taken, and 322 accepted.
[mcmc] Progress @ 2025-12-02 08:19:53 : 2602 steps taken, and 322 accepted.
rho_eV2=2.15e+58 rho_final=1.21e+03
BG_FUNC: a=1.88e-08 V=8.78e-01 factor_V=2.45e+58 factor_rho=5.62e-56 rho_eV2=2.15e+58 rho_final=1.21e+03
BG_FUNC: a=7.57e-07 V=8.78e-01 factor_V=2.45e+58 factor_rho=5.62e-56 rho_eV2=2.15e+58 rho_final=1.21e+03
BG_FUNC: a=3.04e-05 V=8.74e-01 factor_V=2.45e+58 factor_rho=5.62e-56 rho_eV2=2.14e+58 rho_final=1.20e+03
RIDDER SWITCHING: z_osc = 8324.64, a_osc = 1.201109e-04
DEBUG: Ridder field ENABLED. Lambda = 1.789050e+00
DEBUG: Ridder field ENABLED. Lambda = 1.789050e+00
BG_FUNC: a=8.80e-14 V=9.95e-01 factor_V=2.45e+58 factor_rho=5.62e-56 rho_eV2=2.43e+58 rho_final=1.37e+03
BG_FUNC: a=3.38e-12 V=9.95e-01 factor_V=2.45e+58 factor_rho=5.62e-56 rho_eV2=2.43e+58 rho_final=1.37e+03
BG_FUNC: a=1.34e-10 V=9.95e-01 factor_V=2.45e+58 factor_rho=5.62e-56 rho_eV2=2.43e+58 rho_final=1.37e+03
BG_FUNC: a=5.34e-09 V=9.95e-01 factor_V=2.45e+58 factor_rho=5.62e-56 rho_eV2=2.43e+58 rho_final=1.37e+03
BG_FUNC: a=2.12e-07 V=9.95e-01 factor_V=2.45e+58 factor_rho=5.62e-56 rho_eV2=2.43e+58 rho_final=1.37e+03
BG_FUNC: a=8.42e-06 V=9.95e-01 factor_V=2.45e+58 factor_rho=5.62e-56 rho_eV2=2.43e+58 rho_final=1.37e+03
RIDDER SWITCHING: z_osc = 8616.60, a_osc = 1.160415e-04
DEBUG: Ridder field ENABLED. Lambda = 2.047956e+00
DEBUG: Ridder field ENABLED. Lambda = 2.047956e+00
BG_FUNC: a=2.59e-14 V=1.71e+00 factor_V=2.45e+58 factor_rho=5.62e-56 rho_eV2=4.18e+58 rho_final=2.35e+03
BG_FUNC: a=9.78e-13 V=1.71e+00 factor_V=2.45e+58 factor_rho=5.62e-56 rho_eV2=4.18e+58 rho_final=2.35e+03
BG_FUNC: a=3.88e-11 V=1.71e+00 factor_V=2.45e+58 factor_rho=5.62e-56 rho_eV2=4.18e+58 rho_final=2.35e+03
BG_FUNC: a=1.54e-09 V=1.71e+00 factor_V=2.45e+58 factor_rho=5.62e-56 rho_eV2=4.18e+58 rho_final=2.35e+03
BG_FUNC: a=6.11e-08 V=1.71e+00 factor_V=2.45e+58 factor_rho=5.62e-56 rho_eV2=4.18e+58 rho_final=2.35e+03
BG_FUNC: a=2.42e-06 V=1.71e+00 factor_V=2.45e+58 factor_rho=5.62e-56 rho_eV2=4.18e+58 rho_final=2.35e+03
BG_FUNC: a=9.43e-05 V=7.75e-01 factor_V=2.45e+58 factor_rho=5.62e-56 rho_eV2=2.60e+58 rho_final=1.46e+03
RIDDER SWITCHING: z_osc = 10000.70, a_osc = 9.998299e-05
DEBUG: Ridder field ENABLED. Lambda = 1.529612e+00
DEBUG: Ridder field ENABLED. Lambda = 1.529612e+00
BG_FUNC: a=3.29e-13 V=5.32e-01 factor_V=2.45e+58 factor_rho=5.62e-56 rho_eV2=1.30e+58 rho_final=7.31e+02
BG_FUNC: a=1.32e-11 V=5.32e-01 factor_V=2.45e+58 factor_rho=5.62e-56 rho_eV2=1.30e+58 rho_final=7.31e+02
BG_FUNC: a=5.32e-10 V=5.32e-01 factor_V=2.45e+58 factor_rho=5.62e-56 rho_eV2=1.30e+58 rho_final=7.31e+02
BG_FUNC: a=2.12e-08 V=5.32e-01 factor_V=2.45e+58 factor_rho=5.62e-56 rho_eV2=1.30e+58 rho_final=7.31e+02
BG_FUNC: a=8.48e-07 V=5.32e-01 factor_V=2.45e+58 factor_rho=5.62e-56 rho_eV2=1.30e+58 rho_final=7.31e+02
BG_FUNC: a=3.39e-05 V=5.29e-01 factor_V=2.45e+58 factor_rho=5.62e-56 rho_eV2=1.30e+58 rho_final=7.29e+02
RIDDER SWITCHING: z_osc = 7233.84, a_osc = 1.382200e-04
DEBUG: Ridder field ENABLED. Lambda = 1.821015e+00
DEBUG: Ridder field ENABLED. Lambda = 1.821015e+00
BG_FUNC: a=8.58e-14 V=1.07e+00 factor_V=2.45e+58 factor_rho=5.62e-56 rho_eV2=2.61e+58 rho_final=1.47e+03
BG_FUNC: a=3.31e-12 V=1.07e+00 factor_V=2.45e+58 factor_rho=5.62e-56 rho_eV2=2.61e+58 rho_final=1.47e+03
BG_FUNC: a=1.31e-10 V=1.07e+00 factor_V=2.45e+58 factor_rho=5.62e-56 rho_eV2=2.61e+58 rho_final=1.47e+03
BG_FUNC: a=5.20e-09 V=1.07e+00 factor_V=2.45e+58 factor_rho=5.62e-56 rho_eV2=2.61e+58 rho_final=1.47e+03
BG_FUNC: a=2.06e-07 V=1.07e+00 factor_V=2.45e+58 factor_rho=5.62e-56 rho_eV2=2.61e+58 rho_final=1.47e+03
BG_FUNC: a=8.16e-06 V=1.07e+00 factor_V=2.45e+58 factor_rho=5.62e-56 rho_eV2=2.61e+58 rho_final=1.47e+03
RIDDER SWITCHING: z_osc = 8779.54, a_osc = 1.138882e-04
DEBUG: Ridder field ENABLED. Lambda = 1.704823e+00
DEBUG: Ridder field ENABLED. Lambda = 1.704823e+00
BG_FUNC: a=2.56e-14 V=8.21e-01 factor_V=2.45e+58 factor_rho=5.62e-56 rho_eV2=2.01e+58 rho_final=1.13e+03
BG_FUNC: a=9.60e-13 V=8.21e-01 factor_V=2.45e+58 factor_rho=5.62e-56 rho_eV2=2.01e+58 rho_final=1.13e+03
BG_FUNC: a=3.76e-11 V=8.21e-01 factor_V=2.45e+58 factor_rho=5.62e-56 rho_eV2=2.01e+58 rho_final=1.13e+03
BG_FUNC: a=1.4[mcmc] Progress @ 2025-12-02 08:21:01 : 2613 steps taken, and 324 accepted.
[mcmc] Progress @ 2025-12-02 08:22:01 : 2645 steps taken, and 329 accepted.
[mcmc] Progress @ 2025-12-02 08:23:18 : 2672 steps taken, and 334 accepted.
7e-09 V=8.21e-01 factor_V=2.45e+58 factor_rho=5.62e-56 rho_eV2=2.01e+58 rho_final=1.13e+03
BG_FUNC: a=5.78e-08 V=8.21e-01 factor_V=2.45e+58 factor_rho=5.62e-56 rho_eV2=2.01e+58 rho_final=1.13e+03
BG_FUNC: a=2.27e-06 V=8.21e-01 factor_V=2.45e+58 factor_rho=5.62e-56 rho_eV2=2.01e+58 rho_final=1.13e+03
BG_FUNC: a=8.63e-05 V=6.16e-01 factor_V=2.45e+58 factor_rho=5.62e-56 rho_eV2=1.69e+58 rho_final=9.48e+02
RIDDER SWITCHING: z_osc = 8131.62, a_osc = 1.229615e-04
DEBUG: Ridder field ENABLED. Lambda = 2.091587e+00
DEBUG: Ridder field ENABLED. Lambda = 2.091587e+00
BG_FUNC: a=2.40e-13 V=1.86e+00 factor_V=2.45e+58 factor_rho=5.62e-56 rho_eV2=4.55e+58 rho_final=2.56e+03
BG_FUNC: a=9.50e-12 V=1.86e+00 factor_V=2.45e+58 factor_rho=5.62e-56 rho_eV2=4.55e+58 rho_final=2.56e+03
BG_FUNC: a=3.77e-10 V=1.86e+00 factor_V=2.45e+58 factor_rho=5.62e-56 rho_eV2=4.55e+58 rho_final=2.56e+03
BG_FUNC: a=1.49e-08 V=1.86e+00 factor_V=2.45e+58 factor_rho=5.62e-56 rho_eV2=4.55e+58 rho_final=2.56e+03
BG_FUNC: a=5.92e-07 V=1.86e+00 factor_V=2.45e+58 factor_rho=5.62e-56 rho_eV2=4.55e+58 rho_final=2.56e+03
BG_FUNC: a=2.34e-05 V=1.85e+00 factor_V=2.45e+58 factor_rho=5.62e-56 rho_eV2=4.53e+58 rho_final=2.55e+03
RIDDER SWITCHING: z_osc = 10191.95, a_osc = 9.810702e-05
DEBUG: Ridder field ENABLED. Lambda = 1.789048e+00
DEBUG: Ridder field ENABLED. Lambda = 1.789048e+00
BG_FUNC: a=8.31e-14 V=9.95e-01 factor_V=2.45e+58 factor_rho=5.62e-56 rho_eV2=2.43e+58 rho_final=1.37e+03
BG_FUNC: a=3.20e-12 V=9.95e-01 factor_V=2.45e+58 factor_rho=5.62e-56 rho_eV2=2.43e+58 rho_final=1.37e+03
BG_FUNC: a=1.27e-10 V=9.95e-01 factor_V=2.45e+58 factor_rho=5.62e-56 rho_eV2=2.43e+58 rho_final=1.37e+03
BG_FUNC: a=5.04e-09 V=9.95e-01 factor_V=2.45e+58 factor_rho=5.62e-56 rho_eV2=2.43e+58 rho_final=1.37e+03
BG_FUNC: a=2.00e-07 V=9.95e-01 factor_V=2.45e+58 factor_rho=5.62e-56 rho_eV2=2.43e+58 rho_final=1.37e+03
BG_FUNC: a=7.94e-06 V=9.95e-01 factor_V=2.45e+58 factor_rho=5.62e-56 rho_eV2=2.43e+58 rho_final=1.37e+03
RIDDER SWITCHING: z_osc = 8632.45, a_osc = 1.158285e-04
DEBUG: Ridder field ENABLED. Lambda = 1.785213e+00
DEBUG: Ridder field ENABLED. Lambda = 1.785213e+00
BG_FUNC: a=2.45e-14 V=9.87e-01 factor_V=2.45e+58 factor_rho=5.62e-56 rho_eV2=2.41e+58 rho_final=1.36e+03
BG_FUNC: a=9.22e-13 V=9.87e-01 factor_V=2.45e+58 factor_rho=5.62e-56 rho_eV2=2.41e+58 rho_final=1.36e+03
BG_FUNC: a=3.66e-11 V=9.87e-01 factor_V=2.45e+58 factor_rho=5.62e-56 rho_eV2=2.41e+58 rho_final=1.36e+03
BG_FUNC: a=1.45e-09 V=9.87e-01 factor_V=2.45e+58 factor_rho=5.62e-56 rho_eV2=2.41e+58 rho_final=1.36e+03
BG_FUNC: a=5.77e-08 V=9.87e-01 factor_V=2.45e+58 factor_rho=5.62e-56 rho_eV2=2.41e+58 rho_final=1.36e+03
BG_FUNC: a=2.29e-06 V=9.87e-01 factor_V=2.45e+58 factor_rho=5.62e-56 rho_eV2=2.41e+58 rho_final=1.36e+03
BG_FUNC: a=8.93e-05 V=6.69e-01 factor_V=2.45e+58 factor_rho=5.62e-56 rho_eV2=1.91e+58 rho_final=1.07e+03
RIDDER SWITCHING: z_osc = 8590.20, a_osc = 1.163982e-04
DEBUG: Ridder field ENABLED. Lambda = 1.737943e+00
DEBUG: Ridder field ENABLED. Lambda = 1.737943e+00
BG_FUNC: a=2.65e-13 V=8.86e-01 factor_V=2.45e+58 factor_rho=5.62e-56 rho_eV2=2.17e+58 rho_final=1.22e+03
BG_FUNC: a=1.05e-11 V=8.86e-01 factor_V=2.45e+58 factor_rho=5.62e-56 rho_eV2=2.17e+58 rho_final=1.22e+03
BG_FUNC: a=4.17e-10 V=8.86e-01 factor_V=2.45e+58 factor_rho=5.62e-56 rho_eV2=2.17e+58 rho_final=1.22e+03
BG_FUNC: a=1.65e-08 V=8.86e-01 factor_V=2.45e+58 factor_rho=5.62e-56 rho_eV2=2.17e+58 rho_final=1.22e+03
BG_FUNC: a=6.56e-07 V=8.86e-01 factor_V=2.45e+58 factor_rho=5.62e-56 rho_eV2=2.17e+58 rho_final=1.22e+03
BG_FUNC: a=2.58e-05 V=8.84e-01 factor_V=2.45e+58 factor_rho=5.62e-56 rho_eV2=2.16e+58 rho_final=1.22e+03
RIDDER SWITCHING: z_osc = 8363.93, a_osc = 1.195467e-04
DEBUG: Ridder field ENABLED. Lambda = 1.753341e+00
DEBUG: Ridder field ENABLED. Lambda = 1.753341e+00
BG_FUNC: a=7.58e-14 V=9.18e-01 factor_V=2.45e+58 factor_rho=5.62e-56 rho_eV2=2.24e+58 rho_final=1.26e+03
BG_FUNC: a=2.89e-12 V=9.18e-01 factor_V=2.45e+58 factor_rho=5.62e-56 rho_eV2=2.24e+58 rho_final=1.26e+03
BG_FUNC: a=1.16e-10 V=9.18e-01 factor_V=2.45e+58 factor_rho=5.62[mcmc] Progress @ 2025-12-02 08:24:28 : 2684 steps taken, and 338 accepted.
[mcmc] Progress @ 2025-12-02 08:25:33 : 2692 steps taken, and 340 accepted.
e-56 rho_eV2=2.24e+58 rho_final=1.26e+03
BG_FUNC: a=4.56e-09 V=9.18e-01 factor_V=2.45e+58 factor_rho=5.62e-56 rho_eV2=2.24e+58 rho_final=1.26e+03
BG_FUNC: a=1.81e-07 V=9.18e-01 factor_V=2.45e+58 factor_rho=5.62e-56 rho_eV2=2.24e+58 rho_final=1.26e+03
BG_FUNC: a=7.18e-06 V=9.18e-01 factor_V=2.45e+58 factor_rho=5.62e-56 rho_eV2=2.24e+58 rho_final=1.26e+03
RIDDER SWITCHING: z_osc = 8400.86, a_osc = 1.190212e-04
DEBUG: Ridder field ENABLED. Lambda = 1.528561e+00
DEBUG: Ridder field ENABLED. Lambda = 1.528561e+00
BG_FUNC: a=2.16e-14 V=5.30e-01 factor_V=2.45e+58 factor_rho=5.62e-56 rho_eV2=1.30e+58 rho_final=7.29e+02
BG_FUNC: a=8.17e-13 V=5.30e-01 factor_V=2.45e+58 factor_rho=5.62e-56 rho_eV2=1.30e+58 rho_final=7.29e+02
BG_FUNC: a=3.28e-11 V=5.30e-01 factor_V=2.45e+58 factor_rho=5.62e-56 rho_eV2=1.30e+58 rho_final=7.29e+02
BG_FUNC: a=1.31e-09 V=5.30e-01 factor_V=2.45e+58 factor_rho=5.62e-56 rho_eV2=1.30e+58 rho_final=7.29e+02
BG_FUNC: a=5.27e-08 V=5.30e-01 factor_V=2.45e+58 factor_rho=5.62e-56 rho_eV2=1.30e+58 rho_final=7.29e+02
BG_FUNC: a=2.11e-06 V=5.30e-01 factor_V=2.45e+58 factor_rho=5.62e-56 rho_eV2=1.30e+58 rho_final=7.29e+02
BG_FUNC: a=8.40e-05 V=4.48e-01 factor_V=2.45e+58 factor_rho=5.62e-56 rho_eV2=1.17e+58 rho_final=6.58e+02
RIDDER SWITCHING: z_osc = 7247.68, a_osc = 1.379562e-04
DEBUG: Ridder field ENABLED. Lambda = 1.153043e+00
DEBUG: Ridder field ENABLED. Lambda = 1.153043e+00
BG_FUNC: a=2.11e-13 V=1.72e-01 factor_V=2.45e+58 factor_rho=5.62e-56 rho_eV2=4.20e+57 rho_final=2.36e+02
BG_FUNC: a=8.35e-12 V=1.72e-01 factor_V=2.45e+58 factor_rho=5.62e-56 rho_eV2=4.20e+57 rho_final=2.36e+02
BG_FUNC: a=3.34e-10 V=1.72e-01 factor_V=2.45e+58 factor_rho=5.62e-56 rho_eV2=4.20e+57 rho_final=2.36e+02
BG_FUNC: a=1.33e-08 V=1.72e-01 factor_V=2.45e+58 factor_rho=5.62e-56 rho_eV2=4.20e+57 rho_final=2.36e+02
BG_FUNC: a=5.31e-07 V=1.72e-01 factor_V=2.45e+58 factor_rho=5.62e-56 rho_eV2=4.20e+57 rho_final=2.36e+02
BG_FUNC: a=2.12e-05 V=1.72e-01 factor_V=2.45e+58 factor_rho=5.62e-56 rho_eV2=4.20e+57 rho_final=2.36e+02
RIDDER SWITCHING: z_osc = 5241.31, a_osc = 1.907556e-04
DEBUG: Ridder field ENABLED. Lambda = 1.877431e+00
DEBUG: Ridder field ENABLED. Lambda = 1.877431e+00
BG_FUNC: a=3.97e-14 V=1.21e+00 factor_V=2.45e+58 factor_rho=5.62e-56 rho_eV2=2.95e+58 rho_final=1.66e+03
BG_FUNC: a=1.49e-12 V=1.21e+00 factor_V=2.45e+58 factor_rho=5.62e-56 rho_eV2=2.95e+58 rho_final=1.66e+03
BG_FUNC: a=5.92e-11 V=1.21e+00 factor_V=2.45e+58 factor_rho=5.62e-56 rho_eV2=2.95e+58 rho_final=1.66e+03
BG_FUNC: a=2.35e-09 V=1.21e+00 factor_V=2.45e+58 factor_rho=5.62e-56 rho_eV2=2.95e+58 rho_final=1.66e+03
BG_FUNC: a=9.30e-08 V=1.21e+00 factor_V=2.45e+58 factor_rho=5.62e-56 rho_eV2=2.95e+58 rho_final=1.66e+03
BG_FUNC: a=3.69e-06 V=1.21e+00 factor_V=2.45e+58 factor_rho=5.62e-56 rho_eV2=2.95e+58 rho_final=1.66e+03
RIDDER SWITCHING: z_osc = 9049.67, a_osc = 1.104890e-04
DEBUG: Ridder field ENABLED. Lambda = 1.848574e+00
DEBUG: Ridder field ENABLED. Lambda = 1.848574e+00
BG_FUNC: a=1.21e-14 V=1.13e+00 factor_V=2.45e+58 factor_rho=5.62e-56 rho_eV2=2.77e+58 rho_final=1.56e+03
BG_FUNC: a=4.49e-13 V=1.13e+00 factor_V=2.45e+58 factor_rho=5.62e-56 rho_eV2=2.77e+58 rho_final=1.56e+03
BG_FUNC: a=1.78e-11 V=1.13e+00 factor_V=2.45e+58 factor_rho=5.62e-56 rho_eV2=2.77e+58 rho_final=1.56e+03
BG_FUNC: a=7.05e-10 V=1.13e+00 factor_V=2.45e+58 factor_rho=5.62e-56 rho_eV2=2.77e+58 rho_final=1.56e+03
BG_FUNC: a=2.80e-08 V=1.13e+00 factor_V=2.45e+58 factor_rho=5.62e-56 rho_eV2=2.77e+58 rho_final=1.56e+03
BG_FUNC: a=1.11e-06 V=1.13e+00 factor_V=2.45e+58 factor_rho=5.62e-56 rho_eV2=2.77e+58 rho_final=1.56e+03
BG_FUNC: a=4.38e-05 V=1.10e+00 factor_V=2.45e+58 factor_rho=5.62e-56 rho_eV2=2.72e+58 rho_final=1.53e+03
RIDDER SWITCHING: z_osc = 8936.80, a_osc = 1.118843e-04
DEBUG: Ridder field ENABLED. Lambda = 1.753747e+00
DEBUG: Ridder field ENABLED. Lambda = 1.753747e+00
BG_FUNC: a=1.32e-13 V=9.19e-01 factor_V=2.45e+58 factor_rho=5.62e-56 rho_eV2=2.25e+58 rho_final=1.26e+03
BG_FUNC: a=5.24e-12 V=9.19e-01 factor_V=2.45e+58 factor_rho=5.62e-56 rho_eV2=2.25e+58 rho_final=1.26e+03
BG_FUNC: a[mcmc] Progress @ 2025-12-02 08:26:53 : 2729 steps taken, and 345 accepted.
[mcmc] Progress @ 2025-12-02 08:27:57 : 2740 steps taken, and 346 accepted.
[mcmc] Progress @ 2025-12-02 08:29:14 : 2764 steps taken, and 351 accepted.
=2.07e-10 V=9.19e-01 factor_V=2.45e+58 factor_rho=5.62e-56 rho_eV2=2.25e+58 rho_final=1.26e+03
BG_FUNC: a=8.23e-09 V=9.19e-01 factor_V=2.45e+58 factor_rho=5.62e-56 rho_eV2=2.25e+58 rho_final=1.26e+03
BG_FUNC: a=3.26e-07 V=9.19e-01 factor_V=2.45e+58 factor_rho=5.62e-56 rho_eV2=2.25e+58 rho_final=1.26e+03
BG_FUNC: a=1.29e-05 V=9.19e-01 factor_V=2.45e+58 factor_rho=5.62e-56 rho_eV2=2.25e+58 rho_final=1.26e+03
RIDDER SWITCHING: z_osc = 8420.09, a_osc = 1.187495e-04
DEBUG: Ridder field ENABLED. Lambda = 1.625200e+00
DEBUG: Ridder field ENABLED. Lambda = 1.625200e+00
BG_FUNC: a=3.83e-14 V=6.78e-01 factor_V=2.45e+58 factor_rho=5.62e-56 rho_eV2=1.66e+58 rho_final=9.32e+02
BG_FUNC: a=1.45e-12 V=6.78e-01 factor_V=2.45e+58 factor_rho=5.62e-56 rho_eV2=1.66e+58 rho_final=9.32e+02
BG_FUNC: a=5.76e-11 V=6.78e-01 factor_V=2.45e+58 factor_rho=5.62e-56 rho_eV2=1.66e+58 rho_final=9.32e+02
BG_FUNC: a=2.28e-09 V=6.78e-01 factor_V=2.45e+58 factor_rho=5.62e-56 rho_eV2=1.66e+58 rho_final=9.32e+02
BG_FUNC: a=9.05e-08 V=6.78e-01 factor_V=2.45e+58 factor_rho=5.62e-56 rho_eV2=1.66e+58 rho_final=9.32e+02
BG_FUNC: a=3.59e-06 V=6.78e-01 factor_V=2.45e+58 factor_rho=5.62e-56 rho_eV2=1.66e+58 rho_final=9.32e+02
RIDDER SWITCHING: z_osc = 7713.58, a_osc = 1.296246e-04
DEBUG: Ridder field ENABLED. Lambda = 1.942757e+00
DEBUG: Ridder field ENABLED. Lambda = 1.942757e+00
BG_FUNC: a=1.01e-14 V=1.38e+00 factor_V=2.45e+58 factor_rho=5.62e-56 rho_eV2=3.38e+58 rho_final=1.90e+03
BG_FUNC: a=3.70e-13 V=1.38e+00 factor_V=2.45e+58 factor_rho=5.62e-56 rho_eV2=3.38e+58 rho_final=1.90e+03
BG_FUNC: a=1.47e-11 V=1.38e+00 factor_V=2.45e+58 factor_rho=5.62e-56 rho_eV2=3.38e+58 rho_final=1.90e+03
BG_FUNC: a=5.82e-10 V=1.38e+00 factor_V=2.45e+58 factor_rho=5.62e-56 rho_eV2=3.38e+58 rho_final=1.90e+03
BG_FUNC: a=2.33e-08 V=1.38e+00 factor_V=2.45e+58 factor_rho=5.62e-56 rho_eV2=3.38e+58 rho_final=1.90e+03
BG_FUNC: a=9.15e-07 V=1.38e+00 factor_V=2.45e+58 factor_rho=5.62e-56 rho_eV2=3.38e+58 rho_final=1.90e+03
BG_FUNC: a=3.61e-05 V=1.36e+00 factor_V=2.45e+58 factor_rho=5.62e-56 rho_eV2=3.35e+58 rho_final=1.88e+03
RIDDER SWITCHING: z_osc = 9431.11, a_osc = 1.060209e-04
DEBUG: Ridder field ENABLED. Lambda = 1.853281e+00
DEBUG: Ridder field ENABLED. Lambda = 1.853281e+00
BG_FUNC: a=1.15e-13 V=1.15e+00 factor_V=2.45e+58 factor_rho=5.62e-56 rho_eV2=2.80e+58 rho_final=1.58e+03
BG_FUNC: a=4.58e-12 V=1.15e+00 factor_V=2.45e+58 factor_rho=5.62e-56 rho_eV2=2.80e+58 rho_final=1.58e+03
BG_FUNC: a=1.82e-10 V=1.15e+00 factor_V=2.45e+58 factor_rho=5.62e-56 rho_eV2=2.80e+58 rho_final=1.58e+03
BG_FUNC: a=7.21e-09 V=1.15e+00 factor_V=2.45e+58 factor_rho=5.62e-56 rho_eV2=2.80e+58 rho_final=1.58e+03
BG_FUNC: a=2.86e-07 V=1.15e+00 factor_V=2.45e+58 factor_rho=5.62e-56 rho_eV2=2.80e+58 rho_final=1.58e+03
BG_FUNC: a=1.14e-05 V=1.15e+00 factor_V=2.45e+58 factor_rho=5.62e-56 rho_eV2=2.80e+58 rho_final=1.58e+03
RIDDER SWITCHING: z_osc = 8948.79, a_osc = 1.117345e-04
DEBUG: Ridder field ENABLED. Lambda = 1.640498e+00
DEBUG: Ridder field ENABLED. Lambda = 1.640498e+00
BG_FUNC: a=3.60e-14 V=7.04e-01 factor_V=2.45e+58 factor_rho=5.62e-56 rho_eV2=1.72e+58 rho_final=9.67e+02
BG_FUNC: a=1.36e-12 V=7.04e-01 factor_V=2.45e+58 factor_rho=5.62e-56 rho_eV2=1.72e+58 rho_final=9.67e+02
BG_FUNC: a=5.41e-11 V=7.04e-01 factor_V=2.45e+58 factor_rho=5.62e-56 rho_eV2=1.72e+58 rho_final=9.67e+02
BG_FUNC: a=2.16e-09 V=7.04e-01 factor_V=2.45e+58 factor_rho=5.62e-56 rho_eV2=1.72e+58 rho_final=9.67e+02
BG_FUNC: a=8.50e-08 V=7.04e-01 factor_V=2.45e+58 factor_rho=5.62e-56 rho_eV2=1.72e+58 rho_final=9.67e+02
BG_FUNC: a=3.37e-06 V=7.04e-01 factor_V=2.45e+58 factor_rho=5.62e-56 rho_eV2=1.72e+58 rho_final=9.67e+02
RIDDER SWITCHING: z_osc = 7841.64, a_osc = 1.275081e-04
DEBUG: Ridder field ENABLED. Lambda = 1.718247e+00
DEBUG: Ridder field ENABLED. Lambda = 1.718247e+00
BG_FUNC: a=1.00e-14 V=8.47e-01 factor_V=2.45e+58 factor_rho=5.62e-56 rho_eV2=2.07e+58 rho_final=1.16e+03
BG_FUNC: a=3.57e-13 V=8.47e-01 factor_V=2.45e+58 factor_rho=5.62e-56 rho_eV2=2.07e+58 rho_final=1.16e+03
BG_FUNC: a=1.40e-11 V=8.47e-01 factor_V=2.45e+58 factor_rho=5[mcmc] Progress @ 2025-12-02 08:30:24 : 2786 steps taken, and 356 accepted.
[mcmc] Progress @ 2025-12-02 08:31:36 : 2801 steps taken, and 359 accepted.
[mcmc] Progress @ 2025-12-02 08:32:37 : 2847 steps taken, and 369 accepted.
.62e-56 rho_eV2=2.07e+58 rho_final=1.16e+03
BG_FUNC: a=5.56e-10 V=8.47e-01 factor_V=2.45e+58 factor_rho=5.62e-56 rho_eV2=2.07e+58 rho_final=1.16e+03
BG_FUNC: a=2.20e-08 V=8.47e-01 factor_V=2.45e+58 factor_rho=5.62e-56 rho_eV2=2.07e+58 rho_final=1.16e+03
BG_FUNC: a=8.72e-07 V=8.47e-01 factor_V=2.45e+58 factor_rho=5.62e-56 rho_eV2=2.07e+58 rho_final=1.16e+03
BG_FUNC: a=3.44e-05 V=8.39e-01 factor_V=2.45e+58 factor_rho=5.62e-56 rho_eV2=2.06e+58 rho_final=1.16e+03
RIDDER SWITCHING: z_osc = 8239.22, a_osc = 1.213560e-04
DEBUG: Ridder field ENABLED. Lambda = 1.708210e+00
DEBUG: Ridder field ENABLED. Lambda = 1.708210e+00
BG_FUNC: a=9.64e-14 V=8.27e-01 factor_V=2.45e+58 factor_rho=5.62e-56 rho_eV2=2.02e+58 rho_final=1.14e+03
BG_FUNC: a=3.86e-12 V=8.27e-01 factor_V=2.45e+58 factor_rho=5.62e-56 rho_eV2=2.02e+58 rho_final=1.14e+03
BG_FUNC: a=1.55e-10 V=8.27e-01 factor_V=2.45e+58 factor_rho=5.62e-56 rho_eV2=2.02e+58 rho_final=1.14e+03
BG_FUNC: a=6.19e-09 V=8.27e-01 factor_V=2.45e+58 factor_rho=5.62e-56 rho_eV2=2.02e+58 rho_final=1.14e+03
BG_FUNC: a=2.48e-07 V=8.27e-01 factor_V=2.45e+58 factor_rho=5.62e-56 rho_eV2=2.02e+58 rho_final=1.14e+03
BG_FUNC: a=9.94e-06 V=8.27e-01 factor_V=2.45e+58 factor_rho=5.62e-56 rho_eV2=2.02e+58 rho_final=1.14e+03
RIDDER SWITCHING: z_osc = 8176.82, a_osc = 1.222819e-04
DEBUG: Ridder field ENABLED. Lambda = 1.830065e+00
DEBUG: Ridder field ENABLED. Lambda = 1.830065e+00
BG_FUNC: a=2.90e-14 V=1.09e+00 factor_V=2.45e+58 factor_rho=5.62e-56 rho_eV2=2.66e+58 rho_final=1.50e+03
BG_FUNC: a=1.10e-12 V=1.09e+00 factor_V=2.45e+58 factor_rho=5.62e-56 rho_eV2=2.66e+58 rho_final=1.50e+03
BG_FUNC: a=4.43e-11 V=1.09e+00 factor_V=2.45e+58 factor_rho=5.62e-56 rho_eV2=2.66e+58 rho_final=1.50e+03
BG_FUNC: a=1.78e-09 V=1.09e+00 factor_V=2.45e+58 factor_rho=5.62e-56 rho_eV2=2.66e+58 rho_final=1.50e+03
BG_FUNC: a=7.14e-08 V=1.09e+00 factor_V=2.45e+58 factor_rho=5.62e-56 rho_eV2=2.66e+58 rho_final=1.50e+03
BG_FUNC: a=2.86e-06 V=1.09e+00 factor_V=2.45e+58 factor_rho=5.62e-56 rho_eV2=2.66e+58 rho_final=1.50e+03
BG_FUNC: a=1.12e-04 V=4.20e-01 factor_V=2.45e+58 factor_rho=5.62e-56 rho_eV2=1.50e+58 rho_final=8.45e+02
RIDDER SWITCHING: z_osc = 8844.72, a_osc = 1.130490e-04
DEBUG: Ridder field ENABLED. Lambda = 2.483910e+00
DEBUG: Ridder field ENABLED. Lambda = 2.483910e+00
BG_FUNC: a=3.41e-13 V=3.70e+00 factor_V=2.45e+58 factor_rho=5.62e-56 rho_eV2=9.04e+58 rho_final=5.08e+03
BG_FUNC: a=1.36e-11 V=3.70e+00 factor_V=2.45e+58 factor_rho=5.62e-56 rho_eV2=9.04e+58 rho_final=5.08e+03
BG_FUNC: a=5.44e-10 V=3.70e+00 factor_V=2.45e+58 factor_rho=5.62e-56 rho_eV2=9.04e+58 rho_final=5.08e+03
BG_FUNC: a=2.14e-08 V=3.70e+00 factor_V=2.45e+58 factor_rho=5.62e-56 rho_eV2=9.04e+58 rho_final=5.08e+03
BG_FUNC: a=8.51e-07 V=3.70e+00 factor_V=2.45e+58 factor_rho=5.62e-56 rho_eV2=9.04e+58 rho_final=5.08e+03
BG_FUNC: a=3.38e-05 V=3.57e+00 factor_V=2.45e+58 factor_rho=5.62e-56 rho_eV2=8.85e+58 rho_final=4.98e+03
RIDDER SWITCHING: z_osc = 12239.88, a_osc = 8.169347e-05
DEBUG: Ridder field ENABLED. Lambda = 1.744673e+00
DEBUG: Ridder field ENABLED. Lambda = 1.744673e+00
BG_FUNC: a=1.39e-13 V=9.00e-01 factor_V=2.45e+58 factor_rho=5.62e-56 rho_eV2=2.20e+58 rho_final=1.24e+03
BG_FUNC: a=5.52e-12 V=9.00e-01 factor_V=2.45e+58 factor_rho=5.62e-56 rho_eV2=2.20e+58 rho_final=1.24e+03
BG_FUNC: a=2.19e-10 V=9.00e-01 factor_V=2.45e+58 factor_rho=5.62e-56 rho_eV2=2.20e+58 rho_final=1.24e+03
BG_FUNC: a=8.78e-09 V=9.00e-01 factor_V=2.45e+58 factor_rho=5.62e-56 rho_eV2=2.20e+58 rho_final=1.24e+03
BG_FUNC: a=3.46e-07 V=9.00e-01 factor_V=2.45e+58 factor_rho=5.62e-56 rho_eV2=2.20e+58 rho_final=1.24e+03
BG_FUNC: a=1.37e-05 V=9.00e-01 factor_V=2.45e+58 factor_rho=5.62e-56 rho_eV2=2.20e+58 rho_final=1.24e+03
RIDDER SWITCHING: z_osc = 8357.75, a_osc = 1.196351e-04
DEBUG: Ridder field ENABLED. Lambda = 1.699400e+00
DEBUG: Ridder field ENABLED. Lambda = 1.699400e+00
BG_FUNC: a=4.06e-14 V=8.10e-01 factor_V=2.45e+58 factor_rho=5.62e-56 rho_eV2=1.98e+58 rho_final=1.11e+03
BG_FUNC: a=1.54e-12 V=8.10e-01 factor_V=2.45e+58 factor_rho=5.62e-56 rho_eV2=1.98e+58 rho_final=1.11e+03
BG_FUN[mcmc] Progress @ 2025-12-02 08:33:48 : 2863 steps taken, and 372 accepted.
[mcmc] Progress @ 2025-12-02 08:34:53 : 2873 steps taken, and 373 accepted.
C: a=6.12e-11 V=8.10e-01 factor_V=2.45e+58 factor_rho=5.62e-56 rho_eV2=1.98e+58 rho_final=1.11e+03
BG_FUNC: a=2.43e-09 V=8.10e-01 factor_V=2.45e+58 factor_rho=5.62e-56 rho_eV2=1.98e+58 rho_final=1.11e+03
BG_FUNC: a=9.66e-08 V=8.10e-01 factor_V=2.45e+58 factor_rho=5.62e-56 rho_eV2=1.98e+58 rho_final=1.11e+03
BG_FUNC: a=3.84e-06 V=8.10e-01 factor_V=2.45e+58 factor_rho=5.62e-56 rho_eV2=1.98e+58 rho_final=1.11e+03
RIDDER SWITCHING: z_osc = 8164.30, a_osc = 1.224695e-04
DEBUG: Ridder field ENABLED. Lambda = 1.801274e+00
DEBUG: Ridder field ENABLED. Lambda = 1.801274e+00
BG_FUNC: a=1.14e-14 V=1.02e+00 factor_V=2.45e+58 factor_rho=5.62e-56 rho_eV2=2.50e+58 rho_final=1.41e+03
BG_FUNC: a=4.22e-13 V=1.02e+00 factor_V=2.45e+58 factor_rho=5.62e-56 rho_eV2=2.50e+58 rho_final=1.41e+03
BG_FUNC: a=1.67e-11 V=1.02e+00 factor_V=2.45e+58 factor_rho=5.62e-56 rho_eV2=2.50e+58 rho_final=1.41e+03
BG_FUNC: a=6.63e-10 V=1.02e+00 factor_V=2.45e+58 factor_rho=5.62e-56 rho_eV2=2.50e+58 rho_final=1.41e+03
BG_FUNC: a=2.63e-08 V=1.02e+00 factor_V=2.45e+58 factor_rho=5.62e-56 rho_eV2=2.50e+58 rho_final=1.41e+03
BG_FUNC: a=1.04e-06 V=1.02e+00 factor_V=2.45e+58 factor_rho=5.62e-56 rho_eV2=2.50e+58 rho_final=1.41e+03
BG_FUNC: a=4.11e-05 V=1.00e+00 factor_V=2.45e+58 factor_rho=5.62e-56 rho_eV2=2.47e+58 rho_final=1.39e+03
RIDDER SWITCHING: z_osc = 8667.75, a_osc = 1.153569e-04
DEBUG: Ridder field ENABLED. Lambda = 1.606971e+00
DEBUG: Ridder field ENABLED. Lambda = 1.606971e+00
BG_FUNC: a=1.21e-13 V=6.48e-01 factor_V=2.45e+58 factor_rho=5.62e-56 rho_eV2=1.58e+58 rho_final=8.91e+02
BG_FUNC: a=4.81e-12 V=6.48e-01 factor_V=2.45e+58 factor_rho=5.62e-56 rho_eV2=1.58e+58 rho_final=8.91e+02
BG_FUNC: a=1.91e-10 V=6.48e-01 factor_V=2.45e+58 factor_rho=5.62e-56 rho_eV2=1.58e+58 rho_final=8.91e+02
BG_FUNC: a=7.62e-09 V=6.48e-01 factor_V=2.45e+58 factor_rho=5.62e-56 rho_eV2=1.58e+58 rho_final=8.91e+02
BG_FUNC: a=3.00e-07 V=6.48e-01 factor_V=2.45e+58 factor_rho=5.62e-56 rho_eV2=1.58e+58 rho_final=8.91e+02
BG_FUNC: a=1.19e-05 V=6.48e-01 factor_V=2.45e+58 factor_rho=5.62e-56 rho_eV2=1.58e+58 rho_final=8.90e+02
RIDDER SWITCHING: z_osc = 7681.48, a_osc = 1.301662e-04
DEBUG: Ridder field ENABLED. Lambda = 1.792057e+00
DEBUG: Ridder field ENABLED. Lambda = 1.792057e+00
BG_FUNC: a=3.23e-14 V=1.00e+00 factor_V=2.45e+58 factor_rho=5.62e-56 rho_eV2=2.45e+58 rho_final=1.38e+03
BG_FUNC: a=1.22e-12 V=1.00e+00 factor_V=2.45e+58 factor_rho=5.62e-56 rho_eV2=2.45e+58 rho_final=1.38e+03
BG_FUNC: a=4.88e-11 V=1.00e+00 factor_V=2.45e+58 factor_rho=5.62e-56 rho_eV2=2.45e+58 rho_final=1.38e+03
BG_FUNC: a=1.92e-09 V=1.00e+00 factor_V=2.45e+58 factor_rho=5.62e-56 rho_eV2=2.45e+58 rho_final=1.38e+03
BG_FUNC: a=7.59e-08 V=1.00e+00 factor_V=2.45e+58 factor_rho=5.62e-56 rho_eV2=2.45e+58 rho_final=1.38e+03
BG_FUNC: a=3.00e-06 V=1.00e+00 factor_V=2.45e+58 factor_rho=5.62e-56 rho_eV2=2.45e+58 rho_final=1.38e+03
RIDDER SWITCHING: z_osc = 8639.93, a_osc = 1.157282e-04
DEBUG: Ridder field ENABLED. Lambda = 1.587007e+00
DEBUG: Ridder field ENABLED. Lambda = 1.587007e+00
BG_FUNC: a=1.00e-14 V=6.16e-01 factor_V=2.45e+58 factor_rho=5.62e-56 rho_eV2=1.51e+58 rho_final=8.47e+02
BG_FUNC: a=3.47e-13 V=6.16e-01 factor_V=2.45e+58 factor_rho=5.62e-56 rho_eV2=1.51e+58 rho_final=8.47e+02
BG_FUNC: a=1.37e-11 V=6.16e-01 factor_V=2.45e+58 factor_rho=5.62e-56 rho_eV2=1.51e+58 rho_final=8.47e+02
BG_FUNC: a=5.45e-10 V=6.16e-01 factor_V=2.45e+58 factor_rho=5.62e-56 rho_eV2=1.51e+58 rho_final=8.47e+02
BG_FUNC: a=2.16e-08 V=6.16e-01 factor_V=2.45e+58 factor_rho=5.62e-56 rho_eV2=1.51e+58 rho_final=8.47e+02
BG_FUNC: a=8.56e-07 V=6.16e-01 factor_V=2.45e+58 factor_rho=5.62e-56 rho_eV2=1.51e+58 rho_final=8.47e+02
BG_FUNC: a=3.38e-05 V=6.13e-01 factor_V=2.45e+58 factor_rho=5.62e-56 rho_eV2=1.50e+58 rho_final=8.44e+02
RIDDER SWITCHING: z_osc = 7537.29, a_osc = 1.326561e-04
DEBUG: Ridder field ENABLED. Lambda = 1.810884e+00
DEBUG: Ridder field ENABLED. Lambda = 1.810884e+00
BG_FUNC: a=8.89e-14 V=1.04e+00 factor_V=2.45e+58 factor_rho=5.62e-56 rho_eV2=2.55e+58 rho_final=1.44e+03
BG_FUNC: a=3.46e-12 V=1.04e+00 factor_V=2.45e+58 factor_r[mcmc] Progress @ 2025-12-02 08:35:57 : 2881 steps taken, and 375 accepted.
[mcmc] Progress @ 2025-12-02 08:37:09 : 2905 steps taken, and 379 accepted.
[mcmc] Progress @ 2025-12-02 08:38:20 : 2922 steps taken, and 381 accepted.
ho=5.62e-56 rho_eV2=2.55e+58 rho_final=1.44e+03
BG_FUNC: a=1.36e-10 V=1.04e+00 factor_V=2.45e+58 factor_rho=5.62e-56 rho_eV2=2.55e+58 rho_final=1.44e+03
BG_FUNC: a=5.38e-09 V=1.04e+00 factor_V=2.45e+58 factor_rho=5.62e-56 rho_eV2=2.55e+58 rho_final=1.44e+03
BG_FUNC: a=2.13e-07 V=1.04e+00 factor_V=2.45e+58 factor_rho=5.62e-56 rho_eV2=2.55e+58 rho_final=1.44e+03
BG_FUNC: a=8.46e-06 V=1.04e+00 factor_V=2.45e+58 factor_rho=5.62e-56 rho_eV2=2.55e+58 rho_final=1.44e+03
RIDDER SWITCHING: z_osc = 8755.02, a_osc = 1.142072e-04
DEBUG: Ridder field ENABLED. Lambda = 1.844187e+00
DEBUG: Ridder field ENABLED. Lambda = 1.844187e+00
BG_FUNC: a=2.62e-14 V=1.12e+00 factor_V=2.45e+58 factor_rho=5.62e-56 rho_eV2=2.75e+58 rho_final=1.54e+03
BG_FUNC: a=9.91e-13 V=1.12e+00 factor_V=2.45e+58 factor_rho=5.62e-56 rho_eV2=2.75e+58 rho_final=1.54e+03
BG_FUNC: a=3.94e-11 V=1.12e+00 factor_V=2.45e+58 factor_rho=5.62e-56 rho_eV2=2.75e+58 rho_final=1.54e+03
BG_FUNC: a=1.57e-09 V=1.12e+00 factor_V=2.45e+58 factor_rho=5.62e-56 rho_eV2=2.75e+58 rho_final=1.54e+03
BG_FUNC: a=6.25e-08 V=1.12e+00 factor_V=2.45e+58 factor_rho=5.62e-56 rho_eV2=2.75e+58 rho_final=1.54e+03
BG_FUNC: a=2.49e-06 V=1.12e+00 factor_V=2.45e+58 factor_rho=5.62e-56 rho_eV2=2.75e+58 rho_final=1.54e+03
BG_FUNC: a=9.76e-05 V=6.16e-01 factor_V=2.45e+58 factor_rho=5.62e-56 rho_eV2=1.91e+58 rho_final=1.07e+03
RIDDER SWITCHING: z_osc = 8894.24, a_osc = 1.124197e-04
DEBUG: Ridder field ENABLED. Lambda = 1.839061e+00
DEBUG: Ridder field ENABLED. Lambda = 1.839061e+00
BG_FUNC: a=3.00e-13 V=1.11e+00 factor_V=2.45e+58 factor_rho=5.62e-56 rho_eV2=2.72e+58 rho_final=1.53e+03
BG_FUNC: a=1.19e-11 V=1.11e+00 factor_V=2.45e+58 factor_rho=5.62e-56 rho_eV2=2.72e+58 rho_final=1.53e+03
BG_FUNC: a=4.73e-10 V=1.11e+00 factor_V=2.45e+58 factor_rho=5.62e-56 rho_eV2=2.72e+58 rho_final=1.53e+03
BG_FUNC: a=1.88e-08 V=1.11e+00 factor_V=2.45e+58 factor_rho=5.62e-56 rho_eV2=2.72e+58 rho_final=1.53e+03
BG_FUNC: a=7.46e-07 V=1.11e+00 factor_V=2.45e+58 factor_rho=5.62e-56 rho_eV2=2.72e+58 rho_final=1.53e+03
BG_FUNC: a=2.95e-05 V=1.10e+00 factor_V=2.45e+58 factor_rho=5.62e-56 rho_eV2=2.71e+58 rho_final=1.52e+03
RIDDER SWITCHING: z_osc = 8881.10, a_osc = 1.125860e-04
DEBUG: Ridder field ENABLED. Lambda = 1.758474e+00
DEBUG: Ridder field ENABLED. Lambda = 1.758474e+00
BG_FUNC: a=9.14e-14 V=9.29e-01 factor_V=2.45e+58 factor_rho=5.62e-56 rho_eV2=2.27e+58 rho_final=1.28e+03
BG_FUNC: a=3.48e-12 V=9.29e-01 factor_V=2.45e+58 factor_rho=5.62e-56 rho_eV2=2.27e+58 rho_final=1.28e+03
BG_FUNC: a=1.38e-10 V=9.29e-01 factor_V=2.45e+58 factor_rho=5.62e-56 rho_eV2=2.27e+58 rho_final=1.28e+03
BG_FUNC: a=5.36e-09 V=9.29e-01 factor_V=2.45e+58 factor_rho=5.62e-56 rho_eV2=2.27e+58 rho_final=1.28e+03
BG_FUNC: a=2.10e-07 V=9.29e-01 factor_V=2.45e+58 factor_rho=5.62e-56 rho_eV2=2.27e+58 rho_final=1.28e+03
BG_FUNC: a=8.14e-06 V=9.29e-01 factor_V=2.45e+58 factor_rho=5.62e-56 rho_eV2=2.27e+58 rho_final=1.28e+03
RIDDER SWITCHING: z_osc = 8492.98, a_osc = 1.177305e-04
DEBUG: Ridder field ENABLED. Lambda = 1.937548e+00
DEBUG: Ridder field ENABLED. Lambda = 1.937548e+00
BG_FUNC: a=2.42e-14 V=1.37e+00 factor_V=2.45e+58 factor_rho=5.62e-56 rho_eV2=3.35e+58 rho_final=1.88e+03
BG_FUNC: a=9.14e-13 V=1.37e+00 factor_V=2.45e+58 factor_rho=5.62e-56 rho_eV2=3.35e+58 rho_final=1.88e+03
BG_FUNC: a=3.63e-11 V=1.37e+00 factor_V=2.45e+58 factor_rho=5.62e-56 rho_eV2=3.35e+58 rho_final=1.88e+03
BG_FUNC: a=1.44e-09 V=1.37e+00 factor_V=2.45e+58 factor_rho=5.62e-56 rho_eV2=3.35e+58 rho_final=1.88e+03
BG_FUNC: a=5.73e-08 V=1.37e+00 factor_V=2.45e+58 factor_rho=5.62e-56 rho_eV2=3.35e+58 rho_final=1.88e+03
BG_FUNC: a=2.27e-06 V=1.37e+00 factor_V=2.45e+58 factor_rho=5.62e-56 rho_eV2=3.35e+58 rho_final=1.88e+03
BG_FUNC: a=8.81e-05 V=8.28e-01 factor_V=2.45e+58 factor_rho=5.62e-56 rho_eV2=2.47e+58 rho_final=1.39e+03
RIDDER SWITCHING: z_osc = 9375.71, a_osc = 1.066472e-04
DEBUG: Ridder field ENABLED. Lambda = 2.020757e+00
DEBUG: Ridder field ENABLED. Lambda = 2.020757e+00
BG_FUNC: a=2.86e-13 V=1.62e+00 factor_V=2.45e+58 factor_rho=5.62e-56 rho_eV2=3.96e+58 rho_final=2.23e+03
BG_[mcmc] Progress @ 2025-12-02 08:39:40 : 2955 steps taken, and 386 accepted.
[mcmc] Progress @ 2025-12-02 08:40:56 : 2989 steps taken, and 389 accepted.
FUNC: a=1.14e-11 V=1.62e+00 factor_V=2.45e+58 factor_rho=5.62e-56 rho_eV2=3.96e+58 rho_final=2.23e+03
BG_FUNC: a=4.58e-10 V=1.62e+00 factor_V=2.45e+58 factor_rho=5.62e-56 rho_eV2=3.96e+58 rho_final=2.23e+03
BG_FUNC: a=1.83e-08 V=1.62e+00 factor_V=2.45e+58 factor_rho=5.62e-56 rho_eV2=3.96e+58 rho_final=2.23e+03
BG_FUNC: a=7.33e-07 V=1.62e+00 factor_V=2.45e+58 factor_rho=5.62e-56 rho_eV2=3.96e+58 rho_final=2.23e+03
BG_FUNC: a=2.93e-05 V=1.61e+00 factor_V=2.45e+58 factor_rho=5.62e-56 rho_eV2=3.94e+58 rho_final=2.21e+03
RIDDER SWITCHING: z_osc = 9834.16, a_osc = 1.016761e-04
DEBUG: Ridder field ENABLED. Lambda = 1.807018e+00
DEBUG: Ridder field ENABLED. Lambda = 1.807018e+00
BG_FUNC: a=9.77e-14 V=1.04e+00 factor_V=2.45e+58 factor_rho=5.62e-56 rho_eV2=2.53e+58 rho_final=1.42e+03
BG_FUNC: a=3.90e-12 V=1.04e+00 factor_V=2.45e+58 factor_rho=5.62e-56 rho_eV2=2.53e+58 rho_final=1.42e+03
BG_FUNC: a=1.56e-10 V=1.04e+00 factor_V=2.45e+58 factor_rho=5.62e-56 rho_eV2=2.53e+58 rho_final=1.42e+03
BG_FUNC: a=6.24e-09 V=1.04e+00 factor_V=2.45e+58 factor_rho=5.62e-56 rho_eV2=2.53e+58 rho_final=1.42e+03
BG_FUNC: a=2.50e-07 V=1.04e+00 factor_V=2.45e+58 factor_rho=5.62e-56 rho_eV2=2.53e+58 rho_final=1.42e+03
BG_FUNC: a=9.98e-06 V=1.04e+00 factor_V=2.45e+58 factor_rho=5.62e-56 rho_eV2=2.53e+58 rho_final=1.42e+03
RIDDER SWITCHING: z_osc = 8687.41, a_osc = 1.150959e-04
DEBUG: Ridder field ENABLED. Lambda = 1.787043e+00
DEBUG: Ridder field ENABLED. Lambda = 1.787043e+00
BG_FUNC: a=3.08e-14 V=9.91e-01 factor_V=2.45e+58 factor_rho=5.62e-56 rho_eV2=2.42e+58 rho_final=1.36e+03
BG_FUNC: a=1.16e-12 V=9.91e-01 factor_V=2.45e+58 factor_rho=5.62e-56 rho_eV2=2.42e+58 rho_final=1.36e+03
BG_FUNC: a=4.60e-11 V=9.91e-01 factor_V=2.45e+58 factor_rho=5.62e-56 rho_eV2=2.42e+58 rho_final=1.36e+03
BG_FUNC: a=1.82e-09 V=9.91e-01 factor_V=2.45e+58 factor_rho=5.62e-56 rho_eV2=2.42e+58 rho_final=1.36e+03
BG_FUNC: a=7.22e-08 V=9.91e-01 factor_V=2.45e+58 factor_rho=5.62e-56 rho_eV2=2.42e+58 rho_final=1.36e+03
BG_FUNC: a=2.86e-06 V=9.91e-01 factor_V=2.45e+58 factor_rho=5.62e-56 rho_eV2=2.42e+58 rho_final=1.36e+03
BG_FUNC: a=1.11e-04 V=4.33e-01 factor_V=2.45e+58 factor_rho=5.62e-56 rho_eV2=1.47e+58 rho_final=8.27e+02
RIDDER SWITCHING: z_osc = 8585.84, a_osc = 1.164573e-04
DEBUG: Ridder field ENABLED. Lambda = 2.090075e+00
DEBUG: Ridder field ENABLED. Lambda = 2.090075e+00
BG_FUNC: a=3.27e-13 V=1.85e+00 factor_V=2.45e+58 factor_rho=5.62e-56 rho_eV2=4.53e+58 rho_final=2.55e+03
BG_FUNC: a=1.30e-11 V=1.85e+00 factor_V=2.45e+58 factor_rho=5.62e-56 rho_eV2=4.53e+58 rho_final=2.55e+03
BG_FUNC: a=5.16e-10 V=1.85e+00 factor_V=2.45e+58 factor_rho=5.62e-56 rho_eV2=4.53e+58 rho_final=2.55e+03
BG_FUNC: a=2.05e-08 V=1.85e+00 factor_V=2.45e+58 factor_rho=5.62e-56 rho_eV2=4.53e+58 rho_final=2.55e+03
BG_FUNC: a=8.13e-07 V=1.85e+00 factor_V=2.45e+58 factor_rho=5.62e-56 rho_eV2=4.53e+58 rho_final=2.55e+03
BG_FUNC: a=3.22e-05 V=1.83e+00 factor_V=2.45e+58 factor_rho=5.62e-56 rho_eV2=4.49e+58 rho_final=2.53e+03
RIDDER SWITCHING: z_osc = 10224.34, a_osc = 9.779624e-05
DEBUG: Ridder field ENABLED. Lambda = 1.923214e+00
DEBUG: Ridder field ENABLED. Lambda = 1.923214e+00
BG_FUNC: a=1.11e-13 V=1.33e+00 factor_V=2.45e+58 factor_rho=5.62e-56 rho_eV2=3.25e+58 rho_final=1.83e+03
BG_FUNC: a=4.42e-12 V=1.33e+00 factor_V=2.45e+58 factor_rho=5.62e-56 rho_eV2=3.25e+58 rho_final=1.83e+03
BG_FUNC: a=1.76e-10 V=1.33e+00 factor_V=2.45e+58 factor_rho=5.62e-56 rho_eV2=3.25e+58 rho_final=1.83e+03
BG_FUNC: a=6.97e-09 V=1.33e+00 factor_V=2.45e+58 factor_rho=5.62e-56 rho_eV2=3.25e+58 rho_final=1.83e+03
BG_FUNC: a=2.77e-07 V=1.33e+00 factor_V=2.45e+58 factor_rho=5.62e-56 rho_eV2=3.25e+58 rho_final=1.83e+03
BG_FUNC: a=1.10e-05 V=1.33e+00 factor_V=2.45e+58 factor_rho=5.62e-56 rho_eV2=3.25e+58 rho_final=1.83e+03
RIDDER SWITCHING: z_osc = 9360.62, a_osc = 1.068191e-04
DEBUG: Ridder field ENABLED. Lambda = 1.808326e+00
DEBUG: Ridder field ENABLED. Lambda = 1.808326e+00
BG_FUNC: a=3.65e-14 V=1.04e+00 factor_V=2.45e+58 factor_rho=5.62e-56 rho_eV2=2.54e+58 rho_final=1.43e+03
BG_FUNC: a=1.38e-12 V=1.04e+00 factor_V=2.45e+58 fact[mcmc] Progress @ 2025-12-02 08:42:06 : 3011 steps taken, and 392 accepted.
[mcmc] Progress @ 2025-12-02 08:43:13 : 3030 steps taken, and 393 accepted.
[mcmc] Progress @ 2025-12-02 08:44:43 : 3070 steps taken, and 404 accepted.
or_rho=5.62e-56 rho_eV2=2.54e+58 rho_final=1.43e+03
BG_FUNC: a=5.48e-11 V=1.04e+00 factor_V=2.45e+58 factor_rho=5.62e-56 rho_eV2=2.54e+58 rho_final=1.43e+03
BG_FUNC: a=2.17e-09 V=1.04e+00 factor_V=2.45e+58 factor_rho=5.62e-56 rho_eV2=2.54e+58 rho_final=1.43e+03
BG_FUNC: a=8.61e-08 V=1.04e+00 factor_V=2.45e+58 factor_rho=5.62e-56 rho_eV2=2.54e+58 rho_final=1.43e+03
BG_FUNC: a=3.41e-06 V=1.04e+00 factor_V=2.45e+58 factor_rho=5.62e-56 rho_eV2=2.54e+58 rho_final=1.43e+03
RIDDER SWITCHING: z_osc = 8706.87, a_osc = 1.148386e-04
DEBUG: Ridder field ENABLED. Lambda = 1.763909e+00
DEBUG: Ridder field ENABLED. Lambda = 1.763909e+00
BG_FUNC: a=1.08e-14 V=9.40e-01 factor_V=2.45e+58 factor_rho=5.62e-56 rho_eV2=2.30e+58 rho_final=1.29e+03
BG_FUNC: a=4.05e-13 V=9.40e-01 factor_V=2.45e+58 factor_rho=5.62e-56 rho_eV2=2.30e+58 rho_final=1.29e+03
BG_FUNC: a=1.59e-11 V=9.40e-01 factor_V=2.45e+58 factor_rho=5.62e-56 rho_eV2=2.30e+58 rho_final=1.29e+03
BG_FUNC: a=6.30e-10 V=9.40e-01 factor_V=2.45e+58 factor_rho=5.62e-56 rho_eV2=2.30e+58 rho_final=1.29e+03
BG_FUNC: a=2.50e-08 V=9.40e-01 factor_V=2.45e+58 factor_rho=5.62e-56 rho_eV2=2.30e+58 rho_final=1.29e+03
BG_FUNC: a=9.91e-07 V=9.40e-01 factor_V=2.45e+58 factor_rho=5.62e-56 rho_eV2=2.30e+58 rho_final=1.29e+03
BG_FUNC: a=3.96e-05 V=9.25e-01 factor_V=2.45e+58 factor_rho=5.62e-56 rho_eV2=2.28e+58 rho_final=1.28e+03
RIDDER SWITCHING: z_osc = 8469.99, a_osc = 1.180500e-04
DEBUG: Ridder field ENABLED. Lambda = 1.827721e+00
DEBUG: Ridder field ENABLED. Lambda = 1.827721e+00
BG_FUNC: a=1.12e-13 V=1.08e+00 factor_V=2.45e+58 factor_rho=5.62e-56 rho_eV2=2.65e+58 rho_final=1.49e+03
BG_FUNC: a=4.44e-12 V=1.08e+00 factor_V=2.45e+58 factor_rho=5.62e-56 rho_eV2=2.65e+58 rho_final=1.49e+03
BG_FUNC: a=1.76e-10 V=1.08e+00 factor_V=2.45e+58 factor_rho=5.62e-56 rho_eV2=2.65e+58 rho_final=1.49e+03
BG_FUNC: a=6.99e-09 V=1.08e+00 factor_V=2.45e+58 factor_rho=5.62e-56 rho_eV2=2.65e+58 rho_final=1.49e+03
BG_FUNC: a=2.78e-07 V=1.08e+00 factor_V=2.45e+58 factor_rho=5.62e-56 rho_eV2=2.65e+58 rho_final=1.49e+03
BG_FUNC: a=1.10e-05 V=1.08e+00 factor_V=2.45e+58 factor_rho=5.62e-56 rho_eV2=2.65e+58 rho_final=1.49e+03
RIDDER SWITCHING: z_osc = 8826.65, a_osc = 1.132804e-04
DEBUG: Ridder field ENABLED. Lambda = 1.190950e+00
DEBUG: Ridder field ENABLED. Lambda = 1.190950e+00
BG_FUNC: a=3.46e-14 V=1.95e-01 factor_V=2.45e+58 factor_rho=5.62e-56 rho_eV2=4.78e+57 rho_final=2.69e+02
BG_FUNC: a=1.31e-12 V=1.95e-01 factor_V=2.45e+58 factor_rho=5.62e-56 rho_eV2=4.78e+57 rho_final=2.69e+02
BG_FUNC: a=5.19e-11 V=1.95e-01 factor_V=2.45e+58 factor_rho=5.62e-56 rho_eV2=4.78e+57 rho_final=2.69e+02
BG_FUNC: a=2.06e-09 V=1.95e-01 factor_V=2.45e+58 factor_rho=5.62e-56 rho_eV2=4.78e+57 rho_final=2.69e+02
BG_FUNC: a=8.22e-08 V=1.95e-01 factor_V=2.45e+58 factor_rho=5.62e-56 rho_eV2=4.78e+57 rho_final=2.69e+02
BG_FUNC: a=3.23e-06 V=1.95e-01 factor_V=2.45e+58 factor_rho=5.62e-56 rho_eV2=4.78e+57 rho_final=2.69e+02
BG_FUNC: a=1.27e-04 V=1.46e-01 factor_V=2.45e+58 factor_rho=5.62e-56 rho_eV2=3.99e+57 rho_final=2.24e+02
RIDDER SWITCHING: z_osc = 5481.68, a_osc = 1.823927e-04
DEBUG: Ridder field ENABLED. Lambda = 1.717592e+00
DEBUG: Ridder field ENABLED. Lambda = 1.717592e+00
BG_FUNC: a=2.40e-13 V=8.45e-01 factor_V=2.45e+58 factor_rho=5.62e-56 rho_eV2=2.07e+58 rho_final=1.16e+03
BG_FUNC: a=9.43e-12 V=8.45e-01 factor_V=2.45e+58 factor_rho=5.62e-56 rho_eV2=2.07e+58 rho_final=1.16e+03
BG_FUNC: a=3.74e-10 V=8.45e-01 factor_V=2.45e+58 factor_rho=5.62e-56 rho_eV2=2.07e+58 rho_final=1.16e+03
BG_FUNC: a=1.49e-08 V=8.45e-01 factor_V=2.45e+58 factor_rho=5.62e-56 rho_eV2=2.07e+58 rho_final=1.16e+03
BG_FUNC: a=5.87e-07 V=8.45e-01 factor_V=2.45e+58 factor_rho=5.62e-56 rho_eV2=2.07e+58 rho_final=1.16e+03
BG_FUNC: a=2.32e-05 V=8.44e-01 factor_V=2.45e+58 factor_rho=5.62e-56 rho_eV2=2.07e+58 rho_final=1.16e+03
RIDDER SWITCHING: z_osc = 8218.73, a_osc = 1.216585e-04
DEBUG: Ridder field ENABLED. Lambda = 2.069411e+00
DEBUG: Ridder field ENABLED. Lambda = 2.069411e+00
BG_FUNC: a=6.66e-14 V=1.78e+00 factor_V=2.45e+58 factor_rho=5.62e-56 rho_eV2=4.36e+58 rho_final=2.45e+03[mcmc] Progress @ 2025-12-02 08:45:50 : 3084 steps taken, and 408 accepted.
[mcmc] Progress @ 2025-12-02 08:47:08 : 3105 steps taken, and 413 accepted.

BG_FUNC: a=2.55e-12 V=1.78e+00 factor_V=2.45e+58 factor_rho=5.62e-56 rho_eV2=4.36e+58 rho_final=2.45e+03
BG_FUNC: a=1.01e-10 V=1.78e+00 factor_V=2.45e+58 factor_rho=5.62e-56 rho_eV2=4.36e+58 rho_final=2.45e+03
BG_FUNC: a=4.02e-09 V=1.78e+00 factor_V=2.45e+58 factor_rho=5.62e-56 rho_eV2=4.36e+58 rho_final=2.45e+03
BG_FUNC: a=1.60e-07 V=1.78e+00 factor_V=2.45e+58 factor_rho=5.62e-56 rho_eV2=4.36e+58 rho_final=2.45e+03
BG_FUNC: a=6.35e-06 V=1.78e+00 factor_V=2.45e+58 factor_rho=5.62e-56 rho_eV2=4.36e+58 rho_final=2.45e+03
RIDDER SWITCHING: z_osc = 10063.28, a_osc = 9.936135e-05
DEBUG: Ridder field ENABLED. Lambda = 1.818004e+00
DEBUG: Ridder field ENABLED. Lambda = 1.818004e+00
BG_FUNC: a=2.27e-14 V=1.06e+00 factor_V=2.45e+58 factor_rho=5.62e-56 rho_eV2=2.59e+58 rho_final=1.46e+03
BG_FUNC: a=8.56e-13 V=1.06e+00 factor_V=2.45e+58 factor_rho=5.62e-56 rho_eV2=2.59e+58 rho_final=1.46e+03
BG_FUNC: a=3.33e-11 V=1.06e+00 factor_V=2.45e+58 factor_rho=5.62e-56 rho_eV2=2.59e+58 rho_final=1.46e+03
BG_FUNC: a=1.31e-09 V=1.06e+00 factor_V=2.45e+58 factor_rho=5.62e-56 rho_eV2=2.59e+58 rho_final=1.46e+03
BG_FUNC: a=5.12e-08 V=1.06e+00 factor_V=2.45e+58 factor_rho=5.62e-56 rho_eV2=2.59e+58 rho_final=1.46e+03
BG_FUNC: a=2.02e-06 V=1.06e+00 factor_V=2.45e+58 factor_rho=5.62e-56 rho_eV2=2.59e+58 rho_final=1.46e+03
BG_FUNC: a=7.61e-05 V=8.43e-01 factor_V=2.45e+58 factor_rho=5.62e-56 rho_eV2=2.26e+58 rho_final=1.27e+03
RIDDER SWITCHING: z_osc = 8737.02, a_osc = 1.144424e-04
DEBUG: Ridder field ENABLED. Lambda = 1.983247e+00
DEBUG: Ridder field ENABLED. Lambda = 1.983247e+00
BG_FUNC: a=2.27e-13 V=1.50e+00 factor_V=2.45e+58 factor_rho=5.62e-56 rho_eV2=3.67e+58 rho_final=2.07e+03
BG_FUNC: a=9.21e-12 V=1.50e+00 factor_V=2.45e+58 factor_rho=5.62e-56 rho_eV2=3.67e+58 rho_final=2.07e+03
BG_FUNC: a=3.67e-10 V=1.50e+00 factor_V=2.45e+58 factor_rho=5.62e-56 rho_eV2=3.67e+58 rho_final=2.07e+03
BG_FUNC: a=1.47e-08 V=1.50e+00 factor_V=2.45e+58 factor_rho=5.62e-56 rho_eV2=3.67e+58 rho_final=2.07e+03
BG_FUNC: a=5.92e-07 V=1.50e+00 factor_V=2.45e+58 factor_rho=5.62e-56 rho_eV2=3.67e+58 rho_final=2.07e+03
BG_FUNC: a=2.38e-05 V=1.50e+00 factor_V=2.45e+58 factor_rho=5.62e-56 rho_eV2=3.67e+58 rho_final=2.06e+03
RIDDER SWITCHING: z_osc = 9652.28, a_osc = 1.035918e-04
DEBUG: Ridder field ENABLED. Lambda = 1.928367e+00
DEBUG: Ridder field ENABLED. Lambda = 1.928367e+00
BG_FUNC: a=8.09e-14 V=1.34e+00 factor_V=2.45e+58 factor_rho=5.62e-56 rho_eV2=3.28e+58 rho_final=1.85e+03
BG_FUNC: a=3.06e-12 V=1.34e+00 factor_V=2.45e+58 factor_rho=5.62e-56 rho_eV2=3.28e+58 rho_final=1.85e+03
BG_FUNC: a=1.21e-10 V=1.34e+00 factor_V=2.45e+58 factor_rho=5.62e-56 rho_eV2=3.28e+58 rho_final=1.85e+03
BG_FUNC: a=4.70e-09 V=1.34e+00 factor_V=2.45e+58 factor_rho=5.62e-56 rho_eV2=3.28e+58 rho_final=1.85e+03
BG_FUNC: a=1.84e-07 V=1.34e+00 factor_V=2.45e+58 factor_rho=5.62e-56 rho_eV2=3.28e+58 rho_final=1.85e+03
BG_FUNC: a=7.15e-06 V=1.34e+00 factor_V=2.45e+58 factor_rho=5.62e-56 rho_eV2=3.28e+58 rho_final=1.85e+03
RIDDER SWITCHING: z_osc = 9344.19, a_osc = 1.070069e-04
DEBUG: Ridder field ENABLED. Lambda = 1.842111e+00
DEBUG: Ridder field ENABLED. Lambda = 1.842111e+00
BG_FUNC: a=2.33e-14 V=1.12e+00 factor_V=2.45e+58 factor_rho=5.62e-56 rho_eV2=2.74e+58 rho_final=1.54e+03
BG_FUNC: a=8.78e-13 V=1.12e+00 factor_V=2.45e+58 factor_rho=5.62e-56 rho_eV2=2.74e+58 rho_final=1.54e+03
BG_FUNC: a=3.48e-11 V=1.12e+00 factor_V=2.45e+58 factor_rho=5.62e-56 rho_eV2=2.74e+58 rho_final=1.54e+03
BG_FUNC: a=1.39e-09 V=1.12e+00 factor_V=2.45e+58 factor_rho=5.62e-56 rho_eV2=2.74e+58 rho_final=1.54e+03
BG_FUNC: a=5.45e-08 V=1.12e+00 factor_V=2.45e+58 factor_rho=5.62e-56 rho_eV2=2.74e+58 rho_final=1.54e+03
BG_FUNC: a=2.16e-06 V=1.12e+00 factor_V=2.45e+58 factor_rho=5.62e-56 rho_eV2=2.74e+58 rho_final=1.54e+03
BG_FUNC: a=8.42e-05 V=7.86e-01 factor_V=2.45e+58 factor_rho=5.62e-56 rho_eV2=2.21e+58 rho_final=1.24e+03
RIDDER SWITCHING: z_osc = 8888.05, a_osc = 1.124979e-04
DEBUG: Ridder field ENABLED. Lambda = 1.764579e+00
DEBUG: Ridder field ENABLED. Lambda = 1.764579e+00
BG_FUNC: a=2.56e-13 V=9.42e-01 factor_V=2.45e+58 [mcmc] Progress @ 2025-12-02 08:48:19 : 3120 steps taken, and 415 accepted.
[mcmc] Progress @ 2025-12-02 08:49:44 : 3157 steps taken, and 422 accepted.
[mcmc] Progress @ 2025-12-02 08:50:50 : 3170 steps taken, and 426 accepted.
factor_rho=5.62e-56 rho_eV2=2.30e+58 rho_final=1.29e+03
BG_FUNC: a=1.01e-11 V=9.42e-01 factor_V=2.45e+58 factor_rho=5.62e-56 rho_eV2=2.30e+58 rho_final=1.29e+03
BG_FUNC: a=4.02e-10 V=9.42e-01 factor_V=2.45e+58 factor_rho=5.62e-56 rho_eV2=2.30e+58 rho_final=1.29e+03
BG_FUNC: a=1.61e-08 V=9.42e-01 factor_V=2.45e+58 factor_rho=5.62e-56 rho_eV2=2.30e+58 rho_final=1.29e+03
BG_FUNC: a=6.32e-07 V=9.42e-01 factor_V=2.45e+58 factor_rho=5.62e-56 rho_eV2=2.30e+58 rho_final=1.29e+03
BG_FUNC: a=2.50e-05 V=9.39e-01 factor_V=2.45e+58 factor_rho=5.62e-56 rho_eV2=2.30e+58 rho_final=1.29e+03
RIDDER SWITCHING: z_osc = 8514.37, a_osc = 1.174346e-04
DEBUG: Ridder field ENABLED. Lambda = 1.394451e+00
DEBUG: Ridder field ENABLED. Lambda = 1.394451e+00
BG_FUNC: a=7.43e-14 V=3.67e-01 factor_V=2.45e+58 factor_rho=5.62e-56 rho_eV2=8.98e+57 rho_final=5.05e+02
BG_FUNC: a=2.85e-12 V=3.67e-01 factor_V=2.45e+58 factor_rho=5.62e-56 rho_eV2=8.98e+57 rho_final=5.05e+02
BG_FUNC: a=1.13e-10 V=3.67e-01 factor_V=2.45e+58 factor_rho=5.62e-56 rho_eV2=8.98e+57 rho_final=5.05e+02
BG_FUNC: a=4.48e-09 V=3.67e-01 factor_V=2.45e+58 factor_rho=5.62e-56 rho_eV2=8.98e+57 rho_final=5.05e+02
BG_FUNC: a=1.77e-07 V=3.67e-01 factor_V=2.45e+58 factor_rho=5.62e-56 rho_eV2=8.98e+57 rho_final=5.05e+02
BG_FUNC: a=7.03e-06 V=3.67e-01 factor_V=2.45e+58 factor_rho=5.62e-56 rho_eV2=8.98e+57 rho_final=5.05e+02
RIDDER SWITCHING: z_osc = 6559.59, a_osc = 1.524253e-04
DEBUG: Ridder field ENABLED. Lambda = 2.075528e+00
DEBUG: Ridder field ENABLED. Lambda = 2.075528e+00
BG_FUNC: a=1.64e-14 V=1.80e+00 factor_V=2.45e+58 factor_rho=5.62e-56 rho_eV2=4.41e+58 rho_final=2.48e+03
BG_FUNC: a=6.15e-13 V=1.80e+00 factor_V=2.45e+58 factor_rho=5.62e-56 rho_eV2=4.41e+58 rho_final=2.48e+03
BG_FUNC: a=2.44e-11 V=1.80e+00 factor_V=2.45e+58 factor_rho=5.62e-56 rho_eV2=4.41e+58 rho_final=2.48e+03
BG_FUNC: a=9.69e-10 V=1.80e+00 factor_V=2.45e+58 factor_rho=5.62e-56 rho_eV2=4.41e+58 rho_final=2.48e+03
BG_FUNC: a=3.84e-08 V=1.80e+00 factor_V=2.45e+58 factor_rho=5.62e-56 rho_eV2=4.41e+58 rho_final=2.48e+03
BG_FUNC: a=1.52e-06 V=1.80e+00 factor_V=2.45e+58 factor_rho=5.62e-56 rho_eV2=4.41e+58 rho_final=2.48e+03
BG_FUNC: a=5.99e-05 V=1.54e+00 factor_V=2.45e+58 factor_rho=5.62e-56 rho_eV2=4.01e+58 rho_final=2.25e+03
RIDDER SWITCHING: z_osc = 10112.15, a_osc = 9.888114e-05
DEBUG: Ridder field ENABLED. Lambda = 2.403056e+00
DEBUG: Ridder field ENABLED. Lambda = 2.403056e+00
BG_FUNC: a=2.08e-13 V=3.24e+00 factor_V=2.45e+58 factor_rho=5.62e-56 rho_eV2=7.92e+58 rho_final=4.45e+03
BG_FUNC: a=8.17e-12 V=3.24e+00 factor_V=2.45e+58 factor_rho=5.62e-56 rho_eV2=7.92e+58 rho_final=4.45e+03
BG_FUNC: a=3.25e-10 V=3.24e+00 factor_V=2.45e+58 factor_rho=5.62e-56 rho_eV2=7.92e+58 rho_final=4.45e+03
BG_FUNC: a=1.29e-08 V=3.24e+00 factor_V=2.45e+58 factor_rho=5.62e-56 rho_eV2=7.92e+58 rho_final=4.45e+03
BG_FUNC: a=5.13e-07 V=3.24e+00 factor_V=2.45e+58 factor_rho=5.62e-56 rho_eV2=7.92e+58 rho_final=4.45e+03
BG_FUNC: a=2.03e-05 V=3.23e+00 factor_V=2.45e+58 factor_rho=5.62e-56 rho_eV2=7.90e+58 rho_final=4.44e+03
RIDDER SWITCHING: z_osc = 11839.55, a_osc = 8.445551e-05
DEBUG: Ridder field ENABLED. Lambda = 1.894154e+00
DEBUG: Ridder field ENABLED. Lambda = 1.894154e+00
BG_FUNC: a=8.39e-14 V=1.25e+00 factor_V=2.45e+58 factor_rho=5.62e-56 rho_eV2=3.06e+58 rho_final=1.72e+03
BG_FUNC: a=3.24e-12 V=1.25e+00 factor_V=2.45e+58 factor_rho=5.62e-56 rho_eV2=3.06e+58 rho_final=1.72e+03
BG_FUNC: a=1.29e-10 V=1.25e+00 factor_V=2.45e+58 factor_rho=5.62e-56 rho_eV2=3.06e+58 rho_final=1.72e+03
BG_FUNC: a=5.17e-09 V=1.25e+00 factor_V=2.45e+58 factor_rho=5.62e-56 rho_eV2=3.06e+58 rho_final=1.72e+03
BG_FUNC: a=2.04e-07 V=1.25e+00 factor_V=2.45e+58 factor_rho=5.62e-56 rho_eV2=3.06e+58 rho_final=1.72e+03
BG_FUNC: a=8.10e-06 V=1.25e+00 factor_V=2.45e+58 factor_rho=5.62e-56 rho_eV2=3.06e+58 rho_final=1.72e+03
RIDDER SWITCHING: z_osc = 9134.13, a_osc = 1.094676e-04
DEBUG: Ridder field ENABLED. Lambda = 1.384380e+00
DEBUG: Ridder field ENABLED. Lambda = 1.384380e+00
BG_FUNC: a=2.64e-14 V=3.57e-01 factor_V=2.45e+58 factor_rho=5.62e-56 rho_eV2=8.72e+57 rho_final=4.[mcmc] Progress @ 2025-12-02 08:52:21 : 3202 steps taken, and 433 accepted.
[mcmc] Progress @ 2025-12-02 08:53:32 : 3221 steps taken, and 437 accepted.
90e+02
BG_FUNC: a=9.95e-13 V=3.57e-01 factor_V=2.45e+58 factor_rho=5.62e-56 rho_eV2=8.72e+57 rho_final=4.90e+02
BG_FUNC: a=3.95e-11 V=3.57e-01 factor_V=2.45e+58 factor_rho=5.62e-56 rho_eV2=8.72e+57 rho_final=4.90e+02
BG_FUNC: a=1.58e-09 V=3.57e-01 factor_V=2.45e+58 factor_rho=5.62e-56 rho_eV2=8.72e+57 rho_final=4.90e+02
BG_FUNC: a=6.23e-08 V=3.57e-01 factor_V=2.45e+58 factor_rho=5.62e-56 rho_eV2=8.72e+57 rho_final=4.90e+02
BG_FUNC: a=2.50e-06 V=3.57e-01 factor_V=2.45e+58 factor_rho=5.62e-56 rho_eV2=8.72e+57 rho_final=4.90e+02
BG_FUNC: a=9.72e-05 V=2.92e-01 factor_V=2.45e+58 factor_rho=5.62e-56 rho_eV2=7.73e+57 rho_final=4.34e+02
RIDDER SWITCHING: z_osc = 6494.85, a_osc = 1.539444e-04
DEBUG: Ridder field ENABLED. Lambda = 1.842519e+00
DEBUG: Ridder field ENABLED. Lambda = 1.842519e+00
BG_FUNC: a=2.16e-13 V=1.12e+00 factor_V=2.45e+58 factor_rho=5.62e-56 rho_eV2=2.74e+58 rho_final=1.54e+03
BG_FUNC: a=8.64e-12 V=1.12e+00 factor_V=2.45e+58 factor_rho=5.62e-56 rho_eV2=2.74e+58 rho_final=1.54e+03
BG_FUNC: a=3.46e-10 V=1.12e+00 factor_V=2.45e+58 factor_rho=5.62e-56 rho_eV2=2.74e+58 rho_final=1.54e+03
BG_FUNC: a=1.39e-08 V=1.12e+00 factor_V=2.45e+58 factor_rho=5.62e-56 rho_eV2=2.74e+58 rho_final=1.54e+03
BG_FUNC: a=5.57e-07 V=1.12e+00 factor_V=2.45e+58 factor_rho=5.62e-56 rho_eV2=2.74e+58 rho_final=1.54e+03
BG_FUNC: a=2.25e-05 V=1.12e+00 factor_V=2.45e+58 factor_rho=5.62e-56 rho_eV2=2.73e+58 rho_final=1.54e+03
RIDDER SWITCHING: z_osc = 8911.56, a_osc = 1.122012e-04
DEBUG: Ridder field ENABLED. Lambda = 1.645620e+00
DEBUG: Ridder field ENABLED. Lambda = 1.645620e+00
BG_FUNC: a=7.00e-14 V=7.12e-01 factor_V=2.45e+58 factor_rho=5.62e-56 rho_eV2=1.74e+58 rho_final=9.79e+02
BG_FUNC: a=2.68e-12 V=7.12e-01 factor_V=2.45e+58 factor_rho=5.62e-56 rho_eV2=1.74e+58 rho_final=9.79e+02
BG_FUNC: a=1.07e-10 V=7.12e-01 factor_V=2.45e+58 factor_rho=5.62e-56 rho_eV2=1.74e+58 rho_final=9.79e+02
BG_FUNC: a=4.23e-09 V=7.12e-01 factor_V=2.45e+58 factor_rho=5.62e-56 rho_eV2=1.74e+58 rho_final=9.79e+02
BG_FUNC: a=1.68e-07 V=7.12e-01 factor_V=2.45e+58 factor_rho=5.62e-56 rho_eV2=1.74e+58 rho_final=9.79e+02
BG_FUNC: a=6.68e-06 V=7.12e-01 factor_V=2.45e+58 factor_rho=5.62e-56 rho_eV2=1.74e+58 rho_final=9.79e+02
RIDDER SWITCHING: z_osc = 7831.68, a_osc = 1.276702e-04
DEBUG: Ridder field ENABLED. Lambda = 1.824187e+00
DEBUG: Ridder field ENABLED. Lambda = 1.824187e+00
BG_FUNC: a=1.87e-14 V=1.08e+00 factor_V=2.45e+58 factor_rho=5.62e-56 rho_eV2=2.63e+58 rho_final=1.48e+03
BG_FUNC: a=7.06e-13 V=1.08e+00 factor_V=2.45e+58 factor_rho=5.62e-56 rho_eV2=2.63e+58 rho_final=1.48e+03
BG_FUNC: a=2.83e-11 V=1.08e+00 factor_V=2.45e+58 factor_rho=5.62e-56 rho_eV2=2.63e+58 rho_final=1.48e+03
BG_FUNC: a=1.15e-09 V=1.08e+00 factor_V=2.45e+58 factor_rho=5.62e-56 rho_eV2=2.63e+58 rho_final=1.48e+03
BG_FUNC: a=4.55e-08 V=1.08e+00 factor_V=2.45e+58 factor_rho=5.62e-56 rho_eV2=2.63e+58 rho_final=1.48e+03
BG_FUNC: a=1.82e-06 V=1.08e+00 factor_V=2.45e+58 factor_rho=5.62e-56 rho_eV2=2.63e+58 rho_final=1.48e+03
BG_FUNC: a=7.25e-05 V=8.86e-01 factor_V=2.45e+58 factor_rho=5.62e-56 rho_eV2=2.34e+58 rho_final=1.31e+03
RIDDER SWITCHING: z_osc = 8814.92, a_osc = 1.134311e-04
DEBUG: Ridder field ENABLED. Lambda = 1.570866e+00
DEBUG: Ridder field ENABLED. Lambda = 1.570866e+00
BG_FUNC: a=2.18e-13 V=5.92e-01 factor_V=2.45e+58 factor_rho=5.62e-56 rho_eV2=1.45e+58 rho_final=8.13e+02
BG_FUNC: a=8.65e-12 V=5.92e-01 factor_V=2.45e+58 factor_rho=5.62e-56 rho_eV2=1.45e+58 rho_final=8.13e+02
BG_FUNC: a=3.43e-10 V=5.92e-01 factor_V=2.45e+58 factor_rho=5.62e-56 rho_eV2=1.45e+58 rho_final=8.13e+02
BG_FUNC: a=1.36e-08 V=5.92e-01 factor_V=2.45e+58 factor_rho=5.62e-56 rho_eV2=1.45e+58 rho_final=8.13e+02
BG_FUNC: a=5.42e-07 V=5.92e-01 factor_V=2.45e+58 factor_rho=5.62e-56 rho_eV2=1.45e+58 rho_final=8.13e+02
BG_FUNC: a=2.15e-05 V=5.91e-01 factor_V=2.45e+58 factor_rho=5.62e-56 rho_eV2=1.45e+58 rho_final=8.13e+02
RIDDER SWITCHING: z_osc = 7450.85, a_osc = 1.341949e-04
DEBUG: Ridder field ENABLED. Lambda = 1.703597e+00
DEBUG: Ridder field ENABLED. Lambda = 1.703597e+00
BG_FUNC: a=5.67e-14 V=8.18e-01 factor_V=2.45[mcmc] Progress @ 2025-12-02 08:54:42 : 3239 steps taken, and 442 accepted.
[mcmc] Progress @ 2025-12-02 08:55:54 : 3261 steps taken, and 448 accepted.
[mcmc] Progress @ 2025-12-02 08:57:09 : 3294 steps taken, and 457 accepted.
e+58 factor_rho=5.62e-56 rho_eV2=2.00e+58 rho_final=1.12e+03
BG_FUNC: a=2.15e-12 V=8.18e-01 factor_V=2.45e+58 factor_rho=5.62e-56 rho_eV2=2.00e+58 rho_final=1.12e+03
BG_FUNC: a=8.52e-11 V=8.18e-01 factor_V=2.45e+58 factor_rho=5.62e-56 rho_eV2=2.00e+58 rho_final=1.12e+03
BG_FUNC: a=3.38e-09 V=8.18e-01 factor_V=2.45e+58 factor_rho=5.62e-56 rho_eV2=2.00e+58 rho_final=1.12e+03
BG_FUNC: a=1.35e-07 V=8.18e-01 factor_V=2.45e+58 factor_rho=5.62e-56 rho_eV2=2.00e+58 rho_final=1.12e+03
BG_FUNC: a=5.33e-06 V=8.18e-01 factor_V=2.45e+58 factor_rho=5.62e-56 rho_eV2=2.00e+58 rho_final=1.12e+03
RIDDER SWITCHING: z_osc = 8154.97, a_osc = 1.226096e-04
DEBUG: Ridder field ENABLED. Lambda = 2.152720e+00
DEBUG: Ridder field ENABLED. Lambda = 2.152720e+00
BG_FUNC: a=1.55e-14 V=2.09e+00 factor_V=2.45e+58 factor_rho=5.62e-56 rho_eV2=5.10e+58 rho_final=2.87e+03
BG_FUNC: a=5.80e-13 V=2.09e+00 factor_V=2.45e+58 factor_rho=5.62e-56 rho_eV2=5.10e+58 rho_final=2.87e+03
BG_FUNC: a=2.30e-11 V=2.09e+00 factor_V=2.45e+58 factor_rho=5.62e-56 rho_eV2=5.10e+58 rho_final=2.87e+03
BG_FUNC: a=9.10e-10 V=2.09e+00 factor_V=2.45e+58 factor_rho=5.62e-56 rho_eV2=5.10e+58 rho_final=2.87e+03
BG_FUNC: a=3.61e-08 V=2.09e+00 factor_V=2.45e+58 factor_rho=5.62e-56 rho_eV2=5.10e+58 rho_final=2.87e+03
BG_FUNC: a=1.43e-06 V=2.09e+00 factor_V=2.45e+58 factor_rho=5.62e-56 rho_eV2=5.10e+58 rho_final=2.87e+03
BG_FUNC: a=5.62e-05 V=1.81e+00 factor_V=2.45e+58 factor_rho=5.62e-56 rho_eV2=4.68e+58 rho_final=2.63e+03
RIDDER SWITCHING: z_osc = 10525.19, a_osc = 9.500117e-05
DEBUG: Ridder field ENABLED. Lambda = 1.619957e+00
DEBUG: Ridder field ENABLED. Lambda = 1.619957e+00
BG_FUNC: a=2.01e-13 V=6.69e-01 factor_V=2.45e+58 factor_rho=5.62e-56 rho_eV2=1.64e+58 rho_final=9.20e+02
BG_FUNC: a=7.99e-12 V=6.69e-01 factor_V=2.45e+58 factor_rho=5.62e-56 rho_eV2=1.64e+58 rho_final=9.20e+02
BG_FUNC: a=3.17e-10 V=6.69e-01 factor_V=2.45e+58 factor_rho=5.62e-56 rho_eV2=1.64e+58 rho_final=9.20e+02
BG_FUNC: a=1.26e-08 V=6.69e-01 factor_V=2.45e+58 factor_rho=5.62e-56 rho_eV2=1.64e+58 rho_final=9.20e+02
BG_FUNC: a=4.99e-07 V=6.69e-01 factor_V=2.45e+58 factor_rho=5.62e-56 rho_eV2=1.64e+58 rho_final=9.20e+02
BG_FUNC: a=1.98e-05 V=6.68e-01 factor_V=2.45e+58 factor_rho=5.62e-56 rho_eV2=1.64e+58 rho_final=9.19e+02
RIDDER SWITCHING: z_osc = 7720.93, a_osc = 1.295013e-04
DEBUG: Ridder field ENABLED. Lambda = 1.733378e+00
DEBUG: Ridder field ENABLED. Lambda = 1.733378e+00
BG_FUNC: a=5.36e-14 V=8.77e-01 factor_V=2.45e+58 factor_rho=5.62e-56 rho_eV2=2.14e+58 rho_final=1.21e+03
BG_FUNC: a=2.05e-12 V=8.77e-01 factor_V=2.45e+58 factor_rho=5.62e-56 rho_eV2=2.14e+58 rho_final=1.21e+03
BG_FUNC: a=8.13e-11 V=8.77e-01 factor_V=2.45e+58 factor_rho=5.62e-56 rho_eV2=2.14e+58 rho_final=1.21e+03
BG_FUNC: a=3.23e-09 V=8.77e-01 factor_V=2.45e+58 factor_rho=5.62e-56 rho_eV2=2.14e+58 rho_final=1.21e+03
BG_FUNC: a=1.28e-07 V=8.77e-01 factor_V=2.45e+58 factor_rho=5.62e-56 rho_eV2=2.14e+58 rho_final=1.21e+03
BG_FUNC: a=5.09e-06 V=8.77e-01 factor_V=2.45e+58 factor_rho=5.62e-56 rho_eV2=2.14e+58 rho_final=1.21e+03
RIDDER SWITCHING: z_osc = 8298.56, a_osc = 1.204882e-04
DEBUG: Ridder field ENABLED. Lambda = 1.773756e+00
DEBUG: Ridder field ENABLED. Lambda = 1.773756e+00
BG_FUNC: a=1.51e-14 V=9.62e-01 factor_V=2.45e+58 factor_rho=5.62e-56 rho_eV2=2.35e+58 rho_final=1.32e+03
BG_FUNC: a=5.69e-13 V=9.62e-01 factor_V=2.45e+58 factor_rho=5.62e-56 rho_eV2=2.35e+58 rho_final=1.32e+03
BG_FUNC: a=2.24e-11 V=9.62e-01 factor_V=2.45e+58 factor_rho=5.62e-56 rho_eV2=2.35e+58 rho_final=1.32e+03
BG_FUNC: a=8.87e-10 V=9.62e-01 factor_V=2.45e+58 factor_rho=5.62e-56 rho_eV2=2.35e+58 rho_final=1.32e+03
BG_FUNC: a=3.51e-08 V=9.62e-01 factor_V=2.45e+58 factor_rho=5.62e-56 rho_eV2=2.35e+58 rho_final=1.32e+03
BG_FUNC: a=1.39e-06 V=9.62e-01 factor_V=2.45e+58 factor_rho=5.62e-56 rho_eV2=2.35e+58 rho_final=1.32e+03
BG_FUNC: a=5.50e-05 V=9.05e-01 factor_V=2.45e+58 factor_rho=5.62e-56 rho_eV2=2.27e+58 rho_final=1.27e+03
RIDDER SWITCHING: z_osc = 8508.02, a_osc = 1.175224e-04
DEBUG: Ridder field ENABLED. Lambda = 2.008987e+00
DEBUG: Ridder field ENABLED. Lambda = 2.[mcmc] Progress @ 2025-12-02 08:58:15 : 3306 steps taken, and 458 accepted.
[mcmc] Progress @ 2025-12-02 08:59:22 : 3325 steps taken, and 460 accepted.
008987e+00
BG_FUNC: a=1.58e-13 V=1.58e+00 factor_V=2.45e+58 factor_rho=5.62e-56 rho_eV2=3.87e+58 rho_final=2.18e+03
BG_FUNC: a=6.28e-12 V=1.58e+00 factor_V=2.45e+58 factor_rho=5.62e-56 rho_eV2=3.87e+58 rho_final=2.18e+03
BG_FUNC: a=2.49e-10 V=1.58e+00 factor_V=2.45e+58 factor_rho=5.62e-56 rho_eV2=3.87e+58 rho_final=2.18e+03
BG_FUNC: a=9.90e-09 V=1.58e+00 factor_V=2.45e+58 factor_rho=5.62e-56 rho_eV2=3.87e+58 rho_final=2.18e+03
BG_FUNC: a=3.93e-07 V=1.58e+00 factor_V=2.45e+58 factor_rho=5.62e-56 rho_eV2=3.87e+58 rho_final=2.18e+03
BG_FUNC: a=1.56e-05 V=1.58e+00 factor_V=2.45e+58 factor_rho=5.62e-56 rho_eV2=3.87e+58 rho_final=2.17e+03
RIDDER SWITCHING: z_osc = 9746.81, a_osc = 1.025872e-04
DEBUG: Ridder field ENABLED. Lambda = 1.854002e+00
DEBUG: Ridder field ENABLED. Lambda = 1.854002e+00
BG_FUNC: a=5.32e-14 V=1.15e+00 factor_V=2.45e+58 factor_rho=5.62e-56 rho_eV2=2.81e+58 rho_final=1.58e+03
BG_FUNC: a=2.03e-12 V=1.15e+00 factor_V=2.45e+58 factor_rho=5.62e-56 rho_eV2=2.81e+58 rho_final=1.58e+03
BG_FUNC: a=8.13e-11 V=1.15e+00 factor_V=2.45e+58 factor_rho=5.62e-56 rho_eV2=2.81e+58 rho_final=1.58e+03
BG_FUNC: a=3.20e-09 V=1.15e+00 factor_V=2.45e+58 factor_rho=5.62e-56 rho_eV2=2.81e+58 rho_final=1.58e+03
BG_FUNC: a=1.27e-07 V=1.15e+00 factor_V=2.45e+58 factor_rho=5.62e-56 rho_eV2=2.81e+58 rho_final=1.58e+03
BG_FUNC: a=5.05e-06 V=1.15e+00 factor_V=2.45e+58 factor_rho=5.62e-56 rho_eV2=2.81e+58 rho_final=1.58e+03
RIDDER SWITCHING: z_osc = 8926.02, a_osc = 1.120195e-04
DEBUG: Ridder field ENABLED. Lambda = 1.813132e+00
DEBUG: Ridder field ENABLED. Lambda = 1.813132e+00
BG_FUNC: a=1.62e-14 V=1.05e+00 factor_V=2.45e+58 factor_rho=5.62e-56 rho_eV2=2.57e+58 rho_final=1.44e+03
BG_FUNC: a=6.09e-13 V=1.05e+00 factor_V=2.45e+58 factor_rho=5.62e-56 rho_eV2=2.57e+58 rho_final=1.44e+03
BG_FUNC: a=2.41e-11 V=1.05e+00 factor_V=2.45e+58 factor_rho=5.62e-56 rho_eV2=2.57e+58 rho_final=1.44e+03
BG_FUNC: a=9.56e-10 V=1.05e+00 factor_V=2.45e+58 factor_rho=5.62e-56 rho_eV2=2.57e+58 rho_final=1.44e+03
BG_FUNC: a=3.79e-08 V=1.05e+00 factor_V=2.45e+58 factor_rho=5.62e-56 rho_eV2=2.57e+58 rho_final=1.44e+03
BG_FUNC: a=1.50e-06 V=1.05e+00 factor_V=2.45e+58 factor_rho=5.62e-56 rho_eV2=2.57e+58 rho_final=1.44e+03
BG_FUNC: a=5.93e-05 V=9.61e-01 factor_V=2.45e+58 factor_rho=5.62e-56 rho_eV2=2.43e+58 rho_final=1.37e+03
RIDDER SWITCHING: z_osc = 8752.91, a_osc = 1.142347e-04
DEBUG: Ridder field ENABLED. Lambda = 1.396582e+00
DEBUG: Ridder field ENABLED. Lambda = 1.396582e+00
BG_FUNC: a=1.79e-13 V=3.70e-01 factor_V=2.45e+58 factor_rho=5.62e-56 rho_eV2=9.04e+57 rho_final=5.08e+02
BG_FUNC: a=7.09e-12 V=3.70e-01 factor_V=2.45e+58 factor_rho=5.62e-56 rho_eV2=9.04e+57 rho_final=5.08e+02
BG_FUNC: a=2.84e-10 V=3.70e-01 factor_V=2.45e+58 factor_rho=5.62e-56 rho_eV2=9.04e+57 rho_final=5.08e+02
BG_FUNC: a=1.13e-08 V=3.70e-01 factor_V=2.45e+58 factor_rho=5.62e-56 rho_eV2=9.04e+57 rho_final=5.08e+02
BG_FUNC: a=4.54e-07 V=3.70e-01 factor_V=2.45e+58 factor_rho=5.62e-56 rho_eV2=9.04e+57 rho_final=5.08e+02
BG_FUNC: a=1.81e-05 V=3.69e-01 factor_V=2.45e+58 factor_rho=5.62e-56 rho_eV2=9.03e+57 rho_final=5.08e+02
RIDDER SWITCHING: z_osc = 6516.94, a_osc = 1.534228e-04
DEBUG: Ridder field ENABLED. Lambda = 1.656358e+00
DEBUG: Ridder field ENABLED. Lambda = 1.656358e+00
BG_FUNC: a=4.20e-14 V=7.31e-01 factor_V=2.45e+58 factor_rho=5.62e-56 rho_eV2=1.79e+58 rho_final=1.01e+03
BG_FUNC: a=1.61e-12 V=7.31e-01 factor_V=2.45e+58 factor_rho=5.62e-56 rho_eV2=1.79e+58 rho_final=1.01e+03
BG_FUNC: a=6.34e-11 V=7.31e-01 factor_V=2.45e+58 factor_rho=5.62e-56 rho_eV2=1.79e+58 rho_final=1.01e+03
BG_FUNC: a=2.51e-09 V=7.31e-01 factor_V=2.45e+58 factor_rho=5.62e-56 rho_eV2=1.79e+58 rho_final=1.01e+03
BG_FUNC: a=9.96e-08 V=7.31e-01 factor_V=2.45e+58 factor_rho=5.62e-56 rho_eV2=1.79e+58 rho_final=1.01e+03
BG_FUNC: a=3.95e-06 V=7.31e-01 factor_V=2.45e+58 factor_rho=5.62e-56 rho_eV2=1.79e+58 rho_final=1.01e+03
RIDDER SWITCHING: z_osc = 7929.93, a_osc = 1.260886e-04
DEBUG: Ridder field ENABLED. Lambda = 1.789687e+00
DEBUG: Ridder field ENABLED. Lambda = 1.789687e+00
BG_FUNC: a=1.13e-14 V=9.97e-01 factor_V=[mcmc] Progress @ 2025-12-02 09:00:26 : 3331 steps taken, and 460 accepted.
[mcmc] Progress @ 2025-12-02 09:01:37 : 3359 steps taken, and 464 accepted.
[mcmc] Progress @ 2025-12-02 09:03:03 : 3390 steps taken, and 468 accepted.
2.45e+58 factor_rho=5.62e-56 rho_eV2=2.44e+58 rho_final=1.37e+03
BG_FUNC: a=4.24e-13 V=9.97e-01 factor_V=2.45e+58 factor_rho=5.62e-56 rho_eV2=2.44e+58 rho_final=1.37e+03
BG_FUNC: a=1.67e-11 V=9.97e-01 factor_V=2.45e+58 factor_rho=5.62e-56 rho_eV2=2.44e+58 rho_final=1.37e+03
BG_FUNC: a=6.60e-10 V=9.97e-01 factor_V=2.45e+58 factor_rho=5.62e-56 rho_eV2=2.44e+58 rho_final=1.37e+03
BG_FUNC: a=2.62e-08 V=9.97e-01 factor_V=2.45e+58 factor_rho=5.62e-56 rho_eV2=2.44e+58 rho_final=1.37e+03
BG_FUNC: a=1.04e-06 V=9.97e-01 factor_V=2.45e+58 factor_rho=5.62e-56 rho_eV2=2.44e+58 rho_final=1.37e+03
BG_FUNC: a=4.14e-05 V=9.76e-01 factor_V=2.45e+58 factor_rho=5.62e-56 rho_eV2=2.41e+58 rho_final=1.35e+03
RIDDER SWITCHING: z_osc = 8589.30, a_osc = 1.164104e-04
DEBUG: Ridder field ENABLED. Lambda = 1.388068e+00
DEBUG: Ridder field ENABLED. Lambda = 1.388068e+00
BG_FUNC: a=1.20e-13 V=3.61e-01 factor_V=2.45e+58 factor_rho=5.62e-56 rho_eV2=8.82e+57 rho_final=4.96e+02
BG_FUNC: a=4.83e-12 V=3.61e-01 factor_V=2.45e+58 factor_rho=5.62e-56 rho_eV2=8.82e+57 rho_final=4.96e+02
BG_FUNC: a=1.91e-10 V=3.61e-01 factor_V=2.45e+58 factor_rho=5.62e-56 rho_eV2=8.82e+57 rho_final=4.96e+02
BG_FUNC: a=7.66e-09 V=3.61e-01 factor_V=2.45e+58 factor_rho=5.62e-56 rho_eV2=8.82e+57 rho_final=4.96e+02
BG_FUNC: a=3.06e-07 V=3.61e-01 factor_V=2.45e+58 factor_rho=5.62e-56 rho_eV2=8.82e+57 rho_final=4.96e+02
BG_FUNC: a=1.23e-05 V=3.61e-01 factor_V=2.45e+58 factor_rho=5.62e-56 rho_eV2=8.82e+57 rho_final=4.96e+02
RIDDER SWITCHING: z_osc = 6505.20, a_osc = 1.536995e-04
DEBUG: Ridder field ENABLED. Lambda = 1.591494e+00
DEBUG: Ridder field ENABLED. Lambda = 1.591494e+00
BG_FUNC: a=2.87e-14 V=6.23e-01 factor_V=2.45e+58 factor_rho=5.62e-56 rho_eV2=1.52e+58 rho_final=8.57e+02
BG_FUNC: a=1.08e-12 V=6.23e-01 factor_V=2.45e+58 factor_rho=5.62e-56 rho_eV2=1.52e+58 rho_final=8.57e+02
BG_FUNC: a=4.31e-11 V=6.23e-01 factor_V=2.45e+58 factor_rho=5.62e-56 rho_eV2=1.52e+58 rho_final=8.57e+02
BG_FUNC: a=1.71e-09 V=6.23e-01 factor_V=2.45e+58 factor_rho=5.62e-56 rho_eV2=1.52e+58 rho_final=8.57e+02
BG_FUNC: a=6.79e-08 V=6.23e-01 factor_V=2.45e+58 factor_rho=5.62e-56 rho_eV2=1.52e+58 rho_final=8.57e+02
BG_FUNC: a=2.70e-06 V=6.23e-01 factor_V=2.45e+58 factor_rho=5.62e-56 rho_eV2=1.52e+58 rho_final=8.57e+02
BG_FUNC: a=1.05e-04 V=3.97e-01 factor_V=2.45e+58 factor_rho=5.62e-56 rho_eV2=1.16e+58 rho_final=6.52e+02
RIDDER SWITCHING: z_osc = 7537.23, a_osc = 1.326572e-04
DEBUG: Ridder field ENABLED. Lambda = 1.831065e+00
DEBUG: Ridder field ENABLED. Lambda = 1.831065e+00
BG_FUNC: a=2.76e-13 V=1.09e+00 factor_V=2.45e+58 factor_rho=5.62e-56 rho_eV2=2.67e+58 rho_final=1.50e+03
BG_FUNC: a=1.09e-11 V=1.09e+00 factor_V=2.45e+58 factor_rho=5.62e-56 rho_eV2=2.67e+58 rho_final=1.50e+03
BG_FUNC: a=4.37e-10 V=1.09e+00 factor_V=2.45e+58 factor_rho=5.62e-56 rho_eV2=2.67e+58 rho_final=1.50e+03
BG_FUNC: a=1.75e-08 V=1.09e+00 factor_V=2.45e+58 factor_rho=5.62e-56 rho_eV2=2.67e+58 rho_final=1.50e+03
BG_FUNC: a=6.98e-07 V=1.09e+00 factor_V=2.45e+58 factor_rho=5.62e-56 rho_eV2=2.67e+58 rho_final=1.50e+03
BG_FUNC: a=2.79e-05 V=1.09e+00 factor_V=2.45e+58 factor_rho=5.62e-56 rho_eV2=2.66e+58 rho_final=1.50e+03
RIDDER SWITCHING: z_osc = 8825.23, a_osc = 1.132986e-04
DEBUG: Ridder field ENABLED. Lambda = 1.955209e+00
DEBUG: Ridder field ENABLED. Lambda = 1.955209e+00
BG_FUNC: a=8.57e-14 V=1.42e+00 factor_V=2.45e+58 factor_rho=5.62e-56 rho_eV2=3.47e+58 rho_final=1.95e+03
BG_FUNC: a=3.30e-12 V=1.42e+00 factor_V=2.45e+58 factor_rho=5.62e-56 rho_eV2=3.47e+58 rho_final=1.95e+03
BG_FUNC: a=1.31e-10 V=1.42e+00 factor_V=2.45e+58 factor_rho=5.62e-56 rho_eV2=3.47e+58 rho_final=1.95e+03
BG_FUNC: a=5.19e-09 V=1.42e+00 factor_V=2.45e+58 factor_rho=5.62e-56 rho_eV2=3.47e+58 rho_final=1.95e+03
BG_FUNC: a=2.06e-07 V=1.42e+00 factor_V=2.45e+58 factor_rho=5.62e-56 rho_eV2=3.47e+58 rho_final=1.95e+03
BG_FUNC: a=8.23e-06 V=1.42e+00 factor_V=2.45e+58 factor_rho=5.62e-56 rho_eV2=3.47e+58 rho_final=1.95e+03
RIDDER SWITCHING: z_osc = 9467.24, a_osc = 1.056162e-04
DEBUG: Ridder field ENABLED. Lambda = 7.863878e-01
DEBUG: Ridder field ENABLED. Lambda =[mcmc] Progress @ 2025-12-02 09:04:10 : 3401 steps taken, and 470 accepted.
[mcmc] Progress @ 2025-12-02 09:05:27 : 3426 steps taken, and 473 accepted.
 7.863878e-01
BG_FUNC: a=2.75e-14 V=3.72e-02 factor_V=2.45e+58 factor_rho=5.62e-56 rho_eV2=9.08e+56 rho_final=5.11e+01
BG_FUNC: a=1.04e-12 V=3.72e-02 factor_V=2.45e+58 factor_rho=5.62e-56 rho_eV2=9.08e+56 rho_final=5.11e+01
BG_FUNC: a=4.12e-11 V=3.72e-02 factor_V=2.45e+58 factor_rho=5.62e-56 rho_eV2=9.08e+56 rho_final=5.11e+01
BG_FUNC: a=1.63e-09 V=3.72e-02 factor_V=2.45e+58 factor_rho=5.62e-56 rho_eV2=9.08e+56 rho_final=5.11e+01
BG_FUNC: a=6.49e-08 V=3.72e-02 factor_V=2.45e+58 factor_rho=5.62e-56 rho_eV2=9.08e+56 rho_final=5.11e+01
BG_FUNC: a=2.58e-06 V=3.72e-02 factor_V=2.45e+58 factor_rho=5.62e-56 rho_eV2=9.08e+56 rho_final=5.11e+01
BG_FUNC: a=1.03e-04 V=3.62e-02 factor_V=2.45e+58 factor_rho=5.62e-56 rho_eV2=8.94e+56 rho_final=5.02e+01
RIDDER SWITCHING: z_osc = 3383.41, a_osc = 2.954721e-04
DEBUG: Ridder field ENABLED. Lambda = 1.754774e+00
DEBUG: Ridder field ENABLED. Lambda = 1.754774e+00
BG_FUNC: a=1.17e-13 V=9.21e-01 factor_V=2.45e+58 factor_rho=5.62e-56 rho_eV2=2.25e+58 rho_final=1.27e+03
BG_FUNC: a=4.64e-12 V=9.21e-01 factor_V=2.45e+58 factor_rho=5.62e-56 rho_eV2=2.25e+58 rho_final=1.27e+03
BG_FUNC: a=1.84e-10 V=9.21e-01 factor_V=2.45e+58 factor_rho=5.62e-56 rho_eV2=2.25e+58 rho_final=1.27e+03
BG_FUNC: a=7.32e-09 V=9.21e-01 factor_V=2.45e+58 factor_rho=5.62e-56 rho_eV2=2.25e+58 rho_final=1.27e+03
BG_FUNC: a=2.93e-07 V=9.21e-01 factor_V=2.45e+58 factor_rho=5.62e-56 rho_eV2=2.25e+58 rho_final=1.27e+03
BG_FUNC: a=1.15e-05 V=9.21e-01 factor_V=2.45e+58 factor_rho=5.62e-56 rho_eV2=2.25e+58 rho_final=1.27e+03
RIDDER SWITCHING: z_osc = 8409.18, a_osc = 1.189035e-04
DEBUG: Ridder field ENABLED. Lambda = 1.542583e+00
DEBUG: Ridder field ENABLED. Lambda = 1.542583e+00
BG_FUNC: a=3.44e-14 V=5.50e-01 factor_V=2.45e+58 factor_rho=5.62e-56 rho_eV2=1.34e+58 rho_final=7.56e+02
BG_FUNC: a=1.30e-12 V=5.50e-01 factor_V=2.45e+58 factor_rho=5.62e-56 rho_eV2=1.34e+58 rho_final=7.56e+02
BG_FUNC: a=5.17e-11 V=5.50e-01 factor_V=2.45e+58 factor_rho=5.62e-56 rho_eV2=1.34e+58 rho_final=7.56e+02
BG_FUNC: a=2.05e-09 V=5.50e-01 factor_V=2.45e+58 factor_rho=5.62e-56 rho_eV2=1.34e+58 rho_final=7.56e+02
BG_FUNC: a=8.12e-08 V=5.50e-01 factor_V=2.45e+58 factor_rho=5.62e-56 rho_eV2=1.34e+58 rho_final=7.56e+02
BG_FUNC: a=3.22e-06 V=5.50e-01 factor_V=2.45e+58 factor_rho=5.62e-56 rho_eV2=1.34e+58 rho_final=7.56e+02
BG_FUNC: a=1.25e-04 V=2.66e-01 factor_V=2.45e+58 factor_rho=5.62e-56 rho_eV2=8.67e+57 rho_final=4.88e+02
RIDDER SWITCHING: z_osc = 7296.16, a_osc = 1.370395e-04
DEBUG: Ridder field ENABLED. Lambda = 1.406893e+00
DEBUG: Ridder field ENABLED. Lambda = 1.406893e+00
BG_FUNC: a=3.16e-13 V=3.81e-01 factor_V=2.45e+58 factor_rho=5.62e-56 rho_eV2=9.31e+57 rho_final=5.23e+02
BG_FUNC: a=1.25e-11 V=3.81e-01 factor_V=2.45e+58 factor_rho=5.62e-56 rho_eV2=9.31e+57 rho_final=5.23e+02
BG_FUNC: a=4.96e-10 V=3.81e-01 factor_V=2.45e+58 factor_rho=5.62e-56 rho_eV2=9.31e+57 rho_final=5.23e+02
BG_FUNC: a=1.98e-08 V=3.81e-01 factor_V=2.45e+58 factor_rho=5.62e-56 rho_eV2=9.31e+57 rho_final=5.23e+02
BG_FUNC: a=7.79e-07 V=3.81e-01 factor_V=2.45e+58 factor_rho=5.62e-56 rho_eV2=9.31e+57 rho_final=5.23e+02
BG_FUNC: a=3.08e-05 V=3.80e-01 factor_V=2.45e+58 factor_rho=5.62e-56 rho_eV2=9.29e+57 rho_final=5.22e+02
RIDDER SWITCHING: z_osc = 6629.87, a_osc = 1.508099e-04
DEBUG: Ridder field ENABLED. Lambda = 1.799229e+00
DEBUG: Ridder field ENABLED. Lambda = 1.799229e+00
BG_FUNC: a=7.16e-14 V=1.02e+00 factor_V=2.45e+58 factor_rho=5.62e-56 rho_eV2=2.49e+58 rho_final=1.40e+03
BG_FUNC: a=2.78e-12 V=1.02e+00 factor_V=2.45e+58 factor_rho=5.62e-56 rho_eV2=2.49e+58 rho_final=1.40e+03
BG_FUNC: a=1.11e-10 V=1.02e+00 factor_V=2.45e+58 factor_rho=5.62e-56 rho_eV2=2.49e+58 rho_final=1.40e+03
BG_FUNC: a=4.36e-09 V=1.02e+00 factor_V=2.45e+58 factor_rho=5.62e-56 rho_eV2=2.49e+58 rho_final=1.40e+03
BG_FUNC: a=1.73e-07 V=1.02e+00 factor_V=2.45e+58 factor_rho=5.62e-56 rho_eV2=2.49e+58 rho_final=1.40e+03
BG_FUNC: a=6.89e-06 V=1.02e+00 factor_V=2.45e+58 factor_rho=5.62e-56 rho_eV2=2.49e+58 rho_final=1.40e+03
RIDDER SWITCHING: z_osc = 8656.48, a_osc = 1.155071e-04
DEBUG: Ridder field ENABLED. Lambd[mcmc] Progress @ 2025-12-02 09:06:53 : 3469 steps taken, and 481 accepted.
[mcmc] Progress @ 2025-12-02 09:08:06 : 3492 steps taken, and 485 accepted.
a = 1.774426e+00
DEBUG: Ridder field ENABLED. Lambda = 1.774426e+00
BG_FUNC: a=2.13e-14 V=9.63e-01 factor_V=2.45e+58 factor_rho=5.62e-56 rho_eV2=2.35e+58 rho_final=1.32e+03
BG_FUNC: a=8.00e-13 V=9.63e-01 factor_V=2.45e+58 factor_rho=5.62e-56 rho_eV2=2.35e+58 rho_final=1.32e+03
BG_FUNC: a=3.18e-11 V=9.63e-01 factor_V=2.45e+58 factor_rho=5.62e-56 rho_eV2=2.35e+58 rho_final=1.32e+03
BG_FUNC: a=1.26e-09 V=9.63e-01 factor_V=2.45e+58 factor_rho=5.62e-56 rho_eV2=2.35e+58 rho_final=1.32e+03
BG_FUNC: a=5.01e-08 V=9.63e-01 factor_V=2.45e+58 factor_rho=5.62e-56 rho_eV2=2.35e+58 rho_final=1.32e+03
BG_FUNC: a=1.99e-06 V=9.63e-01 factor_V=2.45e+58 factor_rho=5.62e-56 rho_eV2=2.35e+58 rho_final=1.32e+03
BG_FUNC: a=7.82e-05 V=7.64e-01 factor_V=2.45e+58 factor_rho=5.62e-56 rho_eV2=2.05e+58 rho_final=1.15e+03
RIDDER SWITCHING: z_osc = 8545.30, a_osc = 1.170097e-04
DEBUG: Ridder field ENABLED. Lambda = 2.401353e+00
DEBUG: Ridder field ENABLED. Lambda = 2.401353e+00
BG_FUNC: a=2.28e-13 V=3.23e+00 factor_V=2.45e+58 factor_rho=5.62e-56 rho_eV2=7.90e+58 rho_final=4.44e+03
BG_FUNC: a=9.05e-12 V=3.23e+00 factor_V=2.45e+58 factor_rho=5.62e-56 rho_eV2=7.90e+58 rho_final=4.44e+03
BG_FUNC: a=3.59e-10 V=3.23e+00 factor_V=2.45e+58 factor_rho=5.62e-56 rho_eV2=7.90e+58 rho_final=4.44e+03
BG_FUNC: a=1.42e-08 V=3.23e+00 factor_V=2.45e+58 factor_rho=5.62e-56 rho_eV2=7.90e+58 rho_final=4.44e+03
BG_FUNC: a=5.64e-07 V=3.23e+00 factor_V=2.45e+58 factor_rho=5.62e-56 rho_eV2=7.90e+58 rho_final=4.44e+03
BG_FUNC: a=2.23e-05 V=3.21e+00 factor_V=2.45e+58 factor_rho=5.62e-56 rho_eV2=7.87e+58 rho_final=4.42e+03
RIDDER SWITCHING: z_osc = 11781.61, a_osc = 8.487085e-05
DEBUG: Ridder field ENABLED. Lambda = 1.934734e+00
DEBUG: Ridder field ENABLED. Lambda = 1.934734e+00
BG_FUNC: a=9.00e-14 V=1.36e+00 factor_V=2.45e+58 factor_rho=5.62e-56 rho_eV2=3.33e+58 rho_final=1.87e+03
BG_FUNC: a=3.53e-12 V=1.36e+00 factor_V=2.45e+58 factor_rho=5.62e-56 rho_eV2=3.33e+58 rho_final=1.87e+03
BG_FUNC: a=1.40e-10 V=1.36e+00 factor_V=2.45e+58 factor_rho=5.62e-56 rho_eV2=3.33e+58 rho_final=1.87e+03
BG_FUNC: a=5.56e-09 V=1.36e+00 factor_V=2.45e+58 factor_rho=5.62e-56 rho_eV2=3.33e+58 rho_final=1.87e+03
BG_FUNC: a=2.21e-07 V=1.36e+00 factor_V=2.45e+58 factor_rho=5.62e-56 rho_eV2=3.33e+58 rho_final=1.87e+03
BG_FUNC: a=8.77e-06 V=1.36e+00 factor_V=2.45e+58 factor_rho=5.62e-56 rho_eV2=3.33e+58 rho_final=1.87e+03
RIDDER SWITCHING: z_osc = 9374.62, a_osc = 1.066596e-04
DEBUG: Ridder field ENABLED. Lambda = 1.521216e+00
DEBUG: Ridder field ENABLED. Lambda = 1.521216e+00
BG_FUNC: a=2.91e-14 V=5.20e-01 factor_V=2.45e+58 factor_rho=5.62e-56 rho_eV2=1.27e+58 rho_final=7.15e+02
BG_FUNC: a=1.10e-12 V=5.20e-01 factor_V=2.45e+58 factor_rho=5.62e-56 rho_eV2=1.27e+58 rho_final=7.15e+02
BG_FUNC: a=4.37e-11 V=5.20e-01 factor_V=2.45e+58 factor_rho=5.62e-56 rho_eV2=1.27e+58 rho_final=7.15e+02
BG_FUNC: a=1.75e-09 V=5.20e-01 factor_V=2.45e+58 factor_rho=5.62e-56 rho_eV2=1.27e+58 rho_final=7.15e+02
BG_FUNC: a=6.87e-08 V=5.20e-01 factor_V=2.45e+58 factor_rho=5.62e-56 rho_eV2=1.27e+58 rho_final=7.15e+02
BG_FUNC: a=2.72e-06 V=5.20e-01 factor_V=2.45e+58 factor_rho=5.62e-56 rho_eV2=1.27e+58 rho_final=7.15e+02
BG_FUNC: a=1.06e-04 V=3.51e-01 factor_V=2.45e+58 factor_rho=5.62e-56 rho_eV2=1.00e+58 rho_final=5.63e+02
RIDDER SWITCHING: z_osc = 7199.27, a_osc = 1.388838e-04
DEBUG: Ridder field ENABLED. Lambda = 1.814108e+00
DEBUG: Ridder field ENABLED. Lambda = 1.814108e+00
BG_FUNC: a=2.63e-13 V=1.05e+00 factor_V=2.45e+58 factor_rho=5.62e-56 rho_eV2=2.57e+58 rho_final=1.45e+03
BG_FUNC: a=1.04e-11 V=1.05e+00 factor_V=2.45e+58 factor_rho=5.62e-56 rho_eV2=2.57e+58 rho_final=1.45e+03
BG_FUNC: a=4.13e-10 V=1.05e+00 factor_V=2.45e+58 factor_rho=5.62e-56 rho_eV2=2.57e+58 rho_final=1.45e+03
BG_FUNC: a=1.64e-08 V=1.05e+00 factor_V=2.45e+58 factor_rho=5.62e-56 rho_eV2=2.57e+58 rho_final=1.45e+03
BG_FUNC: a=6.48e-07 V=1.05e+00 factor_V=2.45e+58 factor_rho=5.62e-56 rho_eV2=2.57e+58 rho_final=1.45e+03
BG_FUNC: a=2.56e-05 V=1.05e+00 factor_V=2.45e+58 factor_rho=5.62e-56 rho_eV2=2.57e+58 rho_final=1.44e+03
RIDDER SWITCHING: z_osc = 8735.92, [mcmc] Progress @ 2025-12-02 09:09:14 : 3505 steps taken, and 489 accepted.
[mcmc] Progress @ 2025-12-02 09:10:35 : 3548 steps taken, and 495 accepted.
[mcmc] Progress @ 2025-12-02 09:11:52 : 3578 steps taken, and 500 accepted.
a_osc = 1.144568e-04
DEBUG: Ridder field ENABLED. Lambda = 1.990569e+00
DEBUG: Ridder field ENABLED. Lambda = 1.990569e+00
BG_FUNC: a=7.88e-14 V=1.53e+00 factor_V=2.45e+58 factor_rho=5.62e-56 rho_eV2=3.73e+58 rho_final=2.10e+03
BG_FUNC: a=3.02e-12 V=1.53e+00 factor_V=2.45e+58 factor_rho=5.62e-56 rho_eV2=3.73e+58 rho_final=2.10e+03
BG_FUNC: a=1.21e-10 V=1.53e+00 factor_V=2.45e+58 factor_rho=5.62e-56 rho_eV2=3.73e+58 rho_final=2.10e+03
BG_FUNC: a=4.77e-09 V=1.53e+00 factor_V=2.45e+58 factor_rho=5.62e-56 rho_eV2=3.73e+58 rho_final=2.10e+03
BG_FUNC: a=1.89e-07 V=1.53e+00 factor_V=2.45e+58 factor_rho=5.62e-56 rho_eV2=3.73e+58 rho_final=2.10e+03
BG_FUNC: a=7.52e-06 V=1.53e+00 factor_V=2.45e+58 factor_rho=5.62e-56 rho_eV2=3.73e+58 rho_final=2.10e+03
RIDDER SWITCHING: z_osc = 9693.60, a_osc = 1.031502e-04
DEBUG: Ridder field ENABLED. Lambda = 1.813505e+00
DEBUG: Ridder field ENABLED. Lambda = 1.813505e+00
BG_FUNC: a=2.58e-14 V=1.05e+00 factor_V=2.45e+58 factor_rho=5.62e-56 rho_eV2=2.57e+58 rho_final=1.44e+03
BG_FUNC: a=9.86e-13 V=1.05e+00 factor_V=2.45e+58 factor_rho=5.62e-56 rho_eV2=2.57e+58 rho_final=1.44e+03
BG_FUNC: a=3.89e-11 V=1.05e+00 factor_V=2.45e+58 factor_rho=5.62e-56 rho_eV2=2.57e+58 rho_final=1.44e+03
BG_FUNC: a=1.55e-09 V=1.05e+00 factor_V=2.45e+58 factor_rho=5.62e-56 rho_eV2=2.57e+58 rho_final=1.44e+03
BG_FUNC: a=6.15e-08 V=1.05e+00 factor_V=2.45e+58 factor_rho=5.62e-56 rho_eV2=2.57e+58 rho_final=1.44e+03
BG_FUNC: a=2.45e-06 V=1.05e+00 factor_V=2.45e+58 factor_rho=5.62e-56 rho_eV2=2.57e+58 rho_final=1.44e+03
BG_FUNC: a=9.53e-05 V=6.25e-01 factor_V=2.45e+58 factor_rho=5.62e-56 rho_eV2=1.88e+58 rho_final=1.05e+03
RIDDER SWITCHING: z_osc = 8720.20, a_osc = 1.146631e-04
DEBUG: Ridder field ENABLED. Lambda = 1.757742e+00
DEBUG: Ridder field ENABLED. Lambda = 1.757742e+00
BG_FUNC: a=2.86e-13 V=9.27e-01 factor_V=2.45e+58 factor_rho=5.62e-56 rho_eV2=2.27e+58 rho_final=1.27e+03
BG_FUNC: a=1.14e-11 V=9.27e-01 factor_V=2.45e+58 factor_rho=5.62e-56 rho_eV2=2.27e+58 rho_final=1.27e+03
BG_FUNC: a=4.50e-10 V=9.27e-01 factor_V=2.45e+58 factor_rho=5.62e-56 rho_eV2=2.27e+58 rho_final=1.27e+03
BG_FUNC: a=1.78e-08 V=9.27e-01 factor_V=2.45e+58 factor_rho=5.62e-56 rho_eV2=2.27e+58 rho_final=1.27e+03
BG_FUNC: a=7.08e-07 V=9.27e-01 factor_V=2.45e+58 factor_rho=5.62e-56 rho_eV2=2.27e+58 rho_final=1.27e+03
BG_FUNC: a=2.80e-05 V=9.23e-01 factor_V=2.45e+58 factor_rho=5.62e-56 rho_eV2=2.26e+58 rho_final=1.27e+03
RIDDER SWITCHING: z_osc = 8412.68, a_osc = 1.188540e-04
DEBUG: Ridder field ENABLED. Lambda = 1.845233e+00
DEBUG: Ridder field ENABLED. Lambda = 1.845233e+00
BG_FUNC: a=8.21e-14 V=1.13e+00 factor_V=2.45e+58 factor_rho=5.62e-56 rho_eV2=2.75e+58 rho_final=1.55e+03
BG_FUNC: a=3.19e-12 V=1.13e+00 factor_V=2.45e+58 factor_rho=5.62e-56 rho_eV2=2.75e+58 rho_final=1.55e+03
BG_FUNC: a=1.28e-10 V=1.13e+00 factor_V=2.45e+58 factor_rho=5.62e-56 rho_eV2=2.75e+58 rho_final=1.55e+03
BG_FUNC: a=5.15e-09 V=1.13e+00 factor_V=2.45e+58 factor_rho=5.62e-56 rho_eV2=2.75e+58 rho_final=1.55e+03
BG_FUNC: a=2.07e-07 V=1.13e+00 factor_V=2.45e+58 factor_rho=5.62e-56 rho_eV2=2.75e+58 rho_final=1.55e+03
BG_FUNC: a=8.30e-06 V=1.13e+00 factor_V=2.45e+58 factor_rho=5.62e-56 rho_eV2=2.75e+58 rho_final=1.55e+03
RIDDER SWITCHING: z_osc = 8920.78, a_osc = 1.120853e-04
DEBUG: Ridder field ENABLED. Lambda = 1.769609e+00
DEBUG: Ridder field ENABLED. Lambda = 1.769609e+00
BG_FUNC: a=2.64e-14 V=9.53e-01 factor_V=2.45e+58 factor_rho=5.62e-56 rho_eV2=2.33e+58 rho_final=1.31e+03
BG_FUNC: a=1.00e-12 V=9.53e-01 factor_V=2.45e+58 factor_rho=5.62e-56 rho_eV2=2.33e+58 rho_final=1.31e+03
BG_FUNC: a=4.02e-11 V=9.53e-01 factor_V=2.45e+58 factor_rho=5.62e-56 rho_eV2=2.33e+58 rho_final=1.31e+03
BG_FUNC: a=1.61e-09 V=9.53e-01 factor_V=2.45e+58 factor_rho=5.62e-56 rho_eV2=2.33e+58 rho_final=1.31e+03
BG_FUNC: a=6.42e-08 V=9.53e-01 factor_V=2.45e+58 factor_rho=5.62e-56 rho_eV2=2.33e+58 rho_final=1.31e+03
BG_FUNC: a=2.57e-06 V=9.53e-01 factor_V=2.45e+58 factor_rho=5.62e-56 rho_eV2=2.33e+58 rho_final=1.31e+03
BG_FUNC: a=1.01e-04 V=5.37e-01 factor_V=2.45e+58 factor_rho=5.62e-56 rho_eV2=1.65e+58 [mcmc] Progress @ 2025-12-02 09:12:56 : 3583 steps taken, and 500 accepted.
[mcmc] Progress @ 2025-12-02 09:13:57 : 3614 steps taken, and 503 accepted.
[mcmc] Progress @ 2025-12-02 09:15:15 : 3634 steps taken, and 507 accepted.
rho_final=9.26e+02
RIDDER SWITCHING: z_osc = 8472.89, a_osc = 1.180095e-04
DEBUG: Ridder field ENABLED. Lambda = 1.679584e+00
DEBUG: Ridder field ENABLED. Lambda = 1.679584e+00
BG_FUNC: a=2.95e-13 V=7.73e-01 factor_V=2.45e+58 factor_rho=5.62e-56 rho_eV2=1.89e+58 rho_final=1.06e+03
BG_FUNC: a=1.17e-11 V=7.73e-01 factor_V=2.45e+58 factor_rho=5.62e-56 rho_eV2=1.89e+58 rho_final=1.06e+03
BG_FUNC: a=4.65e-10 V=7.73e-01 factor_V=2.45e+58 factor_rho=5.62e-56 rho_eV2=1.89e+58 rho_final=1.06e+03
BG_FUNC: a=1.86e-08 V=7.73e-01 factor_V=2.45e+58 factor_rho=5.62e-56 rho_eV2=1.89e+58 rho_final=1.06e+03
BG_FUNC: a=7.34e-07 V=7.73e-01 factor_V=2.45e+58 factor_rho=5.62e-56 rho_eV2=1.89e+58 rho_final=1.06e+03
BG_FUNC: a=2.93e-05 V=7.70e-01 factor_V=2.45e+58 factor_rho=5.62e-56 rho_eV2=1.89e+58 rho_final=1.06e+03
RIDDER SWITCHING: z_osc = 8055.14, a_osc = 1.241290e-04
DEBUG: Ridder field ENABLED. Lambda = 1.826404e+00
DEBUG: Ridder field ENABLED. Lambda = 1.826404e+00
BG_FUNC: a=8.22e-14 V=1.08e+00 factor_V=2.45e+58 factor_rho=5.62e-56 rho_eV2=2.64e+58 rho_final=1.49e+03
BG_FUNC: a=3.16e-12 V=1.08e+00 factor_V=2.45e+58 factor_rho=5.62e-56 rho_eV2=2.64e+58 rho_final=1.49e+03
BG_FUNC: a=1.25e-10 V=1.08e+00 factor_V=2.45e+58 factor_rho=5.62e-56 rho_eV2=2.64e+58 rho_final=1.49e+03
BG_FUNC: a=4.97e-09 V=1.08e+00 factor_V=2.45e+58 factor_rho=5.62e-56 rho_eV2=2.64e+58 rho_final=1.49e+03
BG_FUNC: a=1.97e-07 V=1.08e+00 factor_V=2.45e+58 factor_rho=5.62e-56 rho_eV2=2.64e+58 rho_final=1.49e+03
BG_FUNC: a=7.83e-06 V=1.08e+00 factor_V=2.45e+58 factor_rho=5.62e-56 rho_eV2=2.64e+58 rho_final=1.49e+03
RIDDER SWITCHING: z_osc = 8824.25, a_osc = 1.133113e-04
DEBUG: Ridder field ENABLED. Lambda = 1.798533e+00
DEBUG: Ridder field ENABLED. Lambda = 1.798533e+00
BG_FUNC: a=2.46e-14 V=1.02e+00 factor_V=2.45e+58 factor_rho=5.62e-56 rho_eV2=2.49e+58 rho_final=1.40e+03
BG_FUNC: a=9.26e-13 V=1.02e+00 factor_V=2.45e+58 factor_rho=5.62e-56 rho_eV2=2.49e+58 rho_final=1.40e+03
BG_FUNC: a=3.67e-11 V=1.02e+00 factor_V=2.45e+58 factor_rho=5.62e-56 rho_eV2=2.49e+58 rho_final=1.40e+03
BG_FUNC: a=1.46e-09 V=1.02e+00 factor_V=2.45e+58 factor_rho=5.62e-56 rho_eV2=2.49e+58 rho_final=1.40e+03
BG_FUNC: a=5.77e-08 V=1.02e+00 factor_V=2.45e+58 factor_rho=5.62e-56 rho_eV2=2.49e+58 rho_final=1.40e+03
BG_FUNC: a=2.29e-06 V=1.02e+00 factor_V=2.45e+58 factor_rho=5.62e-56 rho_eV2=2.49e+58 rho_final=1.40e+03
BG_FUNC: a=8.96e-05 V=6.80e-01 factor_V=2.45e+58 factor_rho=5.62e-56 rho_eV2=1.95e+58 rho_final=1.10e+03
RIDDER SWITCHING: z_osc = 8653.40, a_osc = 1.155482e-04
DEBUG: Ridder field ENABLED. Lambda = 1.907097e+00
DEBUG: Ridder field ENABLED. Lambda = 1.907097e+00
BG_FUNC: a=2.65e-13 V=1.29e+00 factor_V=2.45e+58 factor_rho=5.62e-56 rho_eV2=3.14e+58 rho_final=1.77e+03
BG_FUNC: a=1.05e-11 V=1.29e+00 factor_V=2.45e+58 factor_rho=5.62e-56 rho_eV2=3.14e+58 rho_final=1.77e+03
BG_FUNC: a=4.17e-10 V=1.29e+00 factor_V=2.45e+58 factor_rho=5.62e-56 rho_eV2=3.14e+58 rho_final=1.77e+03
BG_FUNC: a=1.65e-08 V=1.29e+00 factor_V=2.45e+58 factor_rho=5.62e-56 rho_eV2=3.14e+58 rho_final=1.77e+03
BG_FUNC: a=6.55e-07 V=1.29e+00 factor_V=2.45e+58 factor_rho=5.62e-56 rho_eV2=3.14e+58 rho_final=1.77e+03
BG_FUNC: a=2.59e-05 V=1.28e+00 factor_V=2.45e+58 factor_rho=5.62e-56 rho_eV2=3.13e+58 rho_final=1.76e+03
RIDDER SWITCHING: z_osc = 9232.02, a_osc = 1.083069e-04
DEBUG: Ridder field ENABLED. Lambda = 1.767820e+00
DEBUG: Ridder field ENABLED. Lambda = 1.767820e+00
BG_FUNC: a=8.33e-14 V=9.49e-01 factor_V=2.45e+58 factor_rho=5.62e-56 rho_eV2=2.32e+58 rho_final=1.30e+03
BG_FUNC: a=3.23e-12 V=9.49e-01 factor_V=2.45e+58 factor_rho=5.62e-56 rho_eV2=2.32e+58 rho_final=1.30e+03
BG_FUNC: a=1.29e-10 V=9.49e-01 factor_V=2.45e+58 factor_rho=5.62e-56 rho_eV2=2.32e+58 rho_final=1.30e+03
BG_FUNC: a=5.17e-09 V=9.49e-01 factor_V=2.45e+58 factor_rho=5.62e-56 rho_eV2=2.32e+58 rho_final=1.30e+03
BG_FUNC: a=2.08e-07 V=9.49e-01 factor_V=2.45e+58 factor_rho=5.62e-56 rho_eV2=2.32e+58 rho_final=1.30e+03
BG_FUNC: a=8.26e-06 V=9.49e-01 factor_V=2.45e+58 factor_rho=5.62e-56 rho_eV2=2.32e+58 rho_final=1.30e+03
RIDDER SWITCHING: z_osc = 8425.5[mcmc] Progress @ 2025-12-02 09:16:32 : 3654 steps taken, and 512 accepted.
[mcmc] Progress @ 2025-12-02 09:17:35 : 3658 steps taken, and 512 accepted.
2, a_osc = 1.186730e-04
DEBUG: Ridder field ENABLED. Lambda = 1.934938e+00
DEBUG: Ridder field ENABLED. Lambda = 1.934938e+00
BG_FUNC: a=2.48e-14 V=1.36e+00 factor_V=2.45e+58 factor_rho=5.62e-56 rho_eV2=3.33e+58 rho_final=1.87e+03
BG_FUNC: a=9.32e-13 V=1.36e+00 factor_V=2.45e+58 factor_rho=5.62e-56 rho_eV2=3.33e+58 rho_final=1.87e+03
BG_FUNC: a=3.70e-11 V=1.36e+00 factor_V=2.45e+58 factor_rho=5.62e-56 rho_eV2=3.33e+58 rho_final=1.87e+03
BG_FUNC: a=1.48e-09 V=1.36e+00 factor_V=2.45e+58 factor_rho=5.62e-56 rho_eV2=3.33e+58 rho_final=1.87e+03
BG_FUNC: a=5.80e-08 V=1.36e+00 factor_V=2.45e+58 factor_rho=5.62e-56 rho_eV2=3.33e+58 rho_final=1.87e+03
BG_FUNC: a=2.30e-06 V=1.36e+00 factor_V=2.45e+58 factor_rho=5.62e-56 rho_eV2=3.33e+58 rho_final=1.87e+03
BG_FUNC: a=8.97e-05 V=7.99e-01 factor_V=2.45e+58 factor_rho=5.62e-56 rho_eV2=2.41e+58 rho_final=1.36e+03
RIDDER SWITCHING: z_osc = 9356.76, a_osc = 1.068632e-04
DEBUG: Ridder field ENABLED. Lambda = 1.923763e+00
DEBUG: Ridder field ENABLED. Lambda = 1.923763e+00
BG_FUNC: a=2.89e-13 V=1.33e+00 factor_V=2.45e+58 factor_rho=5.62e-56 rho_eV2=3.25e+58 rho_final=1.83e+03
BG_FUNC: a=1.16e-11 V=1.33e+00 factor_V=2.45e+58 factor_rho=5.62e-56 rho_eV2=3.25e+58 rho_final=1.83e+03
BG_FUNC: a=4.55e-10 V=1.33e+00 factor_V=2.45e+58 factor_rho=5.62e-56 rho_eV2=3.25e+58 rho_final=1.83e+03
BG_FUNC: a=1.81e-08 V=1.33e+00 factor_V=2.45e+58 factor_rho=5.62e-56 rho_eV2=3.25e+58 rho_final=1.83e+03
BG_FUNC: a=7.17e-07 V=1.33e+00 factor_V=2.45e+58 factor_rho=5.62e-56 rho_eV2=3.25e+58 rho_final=1.83e+03
BG_FUNC: a=2.84e-05 V=1.32e+00 factor_V=2.45e+58 factor_rho=5.62e-56 rho_eV2=3.24e+58 rho_final=1.82e+03
RIDDER SWITCHING: z_osc = 9287.37, a_osc = 1.076615e-04
DEBUG: Ridder field ENABLED. Lambda = 2.320875e+00
DEBUG: Ridder field ENABLED. Lambda = 2.320875e+00
BG_FUNC: a=9.06e-14 V=2.82e+00 factor_V=2.45e+58 factor_rho=5.62e-56 rho_eV2=6.89e+58 rho_final=3.87e+03
BG_FUNC: a=3.57e-12 V=2.82e+00 factor_V=2.45e+58 factor_rho=5.62e-56 rho_eV2=6.89e+58 rho_final=3.87e+03
BG_FUNC: a=1.43e-10 V=2.82e+00 factor_V=2.45e+58 factor_rho=5.62e-56 rho_eV2=6.89e+58 rho_final=3.87e+03
BG_FUNC: a=5.61e-09 V=2.82e+00 factor_V=2.45e+58 factor_rho=5.62e-56 rho_eV2=6.89e+58 rho_final=3.87e+03
BG_FUNC: a=2.23e-07 V=2.82e+00 factor_V=2.45e+58 factor_rho=5.62e-56 rho_eV2=6.89e+58 rho_final=3.87e+03
BG_FUNC: a=8.83e-06 V=2.82e+00 factor_V=2.45e+58 factor_rho=5.62e-56 rho_eV2=6.89e+58 rho_final=3.87e+03
RIDDER SWITCHING: z_osc = 11412.12, a_osc = 8.761846e-05
DEBUG: Ridder field ENABLED. Lambda = 1.851514e+00
DEBUG: Ridder field ENABLED. Lambda = 1.851514e+00
BG_FUNC: a=3.54e-14 V=1.14e+00 factor_V=2.45e+58 factor_rho=5.62e-56 rho_eV2=2.79e+58 rho_final=1.57e+03
BG_FUNC: a=1.35e-12 V=1.14e+00 factor_V=2.45e+58 factor_rho=5.62e-56 rho_eV2=2.79e+58 rho_final=1.57e+03
BG_FUNC: a=5.43e-11 V=1.14e+00 factor_V=2.45e+58 factor_rho=5.62e-56 rho_eV2=2.79e+58 rho_final=1.57e+03
BG_FUNC: a=2.18e-09 V=1.14e+00 factor_V=2.45e+58 factor_rho=5.62e-56 rho_eV2=2.79e+58 rho_final=1.57e+03
BG_FUNC: a=8.75e-08 V=1.14e+00 factor_V=2.45e+58 factor_rho=5.62e-56 rho_eV2=2.79e+58 rho_final=1.57e+03
BG_FUNC: a=3.51e-06 V=1.14e+00 factor_V=2.45e+58 factor_rho=5.62e-56 rho_eV2=2.79e+58 rho_final=1.57e+03
RIDDER SWITCHING: z_osc = 8920.97, a_osc = 1.120828e-04
DEBUG: Ridder field ENABLED. Lambda = 1.799460e+00
DEBUG: Ridder field ENABLED. Lambda = 1.799460e+00
BG_FUNC: a=1.14e-14 V=1.02e+00 factor_V=2.45e+58 factor_rho=5.62e-56 rho_eV2=2.49e+58 rho_final=1.40e+03
BG_FUNC: a=4.22e-13 V=1.02e+00 factor_V=2.45e+58 factor_rho=5.62e-56 rho_eV2=2.49e+58 rho_final=1.40e+03
BG_FUNC: a=1.67e-11 V=1.02e+00 factor_V=2.45e+58 factor_rho=5.62e-56 rho_eV2=2.49e+58 rho_final=1.40e+03
BG_FUNC: a=6.64e-10 V=1.02e+00 factor_V=2.45e+58 factor_rho=5.62e-56 rho_eV2=2.49e+58 rho_final=1.40e+03
BG_FUNC: a=2.63e-08 V=1.02e+00 factor_V=2.45e+58 factor_rho=5.62e-56 rho_eV2=2.49e+58 rho_final=1.40e+03
BG_FUNC: a=1.04e-06 V=1.02e+00 factor_V=2.45e+58 factor_rho=5.62e-56 rho_eV2=2.49e+58 rho_final=1.40e+03
BG_FUNC: a=4.12e-05 V=9.97e-01 factor_V=2.45e+58 factor_rho=5.62e-56 rho_eV2=2.46e[mcmc] Progress @ 2025-12-02 09:18:54 : 3679 steps taken, and 515 accepted.
[mcmc] Progress @ 2025-12-02 09:20:00 : 3693 steps taken, and 518 accepted.
[mcmc] Progress @ 2025-12-02 09:21:21 : 3727 steps taken, and 527 accepted.
+58 rho_final=1.38e+03
RIDDER SWITCHING: z_osc = 8673.02, a_osc = 1.152868e-04
DEBUG: Ridder field ENABLED. Lambda = 1.637035e+00
DEBUG: Ridder field ENABLED. Lambda = 1.637035e+00
BG_FUNC: a=1.22e-13 V=6.98e-01 factor_V=2.45e+58 factor_rho=5.62e-56 rho_eV2=1.71e+58 rho_final=9.59e+02
BG_FUNC: a=4.86e-12 V=6.98e-01 factor_V=2.45e+58 factor_rho=5.62e-56 rho_eV2=1.71e+58 rho_final=9.59e+02
BG_FUNC: a=1.94e-10 V=6.98e-01 factor_V=2.45e+58 factor_rho=5.62e-56 rho_eV2=1.71e+58 rho_final=9.59e+02
BG_FUNC: a=7.73e-09 V=6.98e-01 factor_V=2.45e+58 factor_rho=5.62e-56 rho_eV2=1.71e+58 rho_final=9.59e+02
BG_FUNC: a=3.08e-07 V=6.98e-01 factor_V=2.45e+58 factor_rho=5.62e-56 rho_eV2=1.71e+58 rho_final=9.59e+02
BG_FUNC: a=1.23e-05 V=6.98e-01 factor_V=2.45e+58 factor_rho=5.62e-56 rho_eV2=1.71e+58 rho_final=9.59e+02
RIDDER SWITCHING: z_osc = 7845.36, a_osc = 1.274477e-04
DEBUG: Ridder field ENABLED. Lambda = 1.820985e+00
DEBUG: Ridder field ENABLED. Lambda = 1.820985e+00
BG_FUNC: a=3.41e-14 V=1.07e+00 factor_V=2.45e+58 factor_rho=5.62e-56 rho_eV2=2.61e+58 rho_final=1.47e+03
BG_FUNC: a=1.31e-12 V=1.07e+00 factor_V=2.45e+58 factor_rho=5.62e-56 rho_eV2=2.61e+58 rho_final=1.47e+03
BG_FUNC: a=5.19e-11 V=1.07e+00 factor_V=2.45e+58 factor_rho=5.62e-56 rho_eV2=2.61e+58 rho_final=1.47e+03
BG_FUNC: a=2.07e-09 V=1.07e+00 factor_V=2.45e+58 factor_rho=5.62e-56 rho_eV2=2.61e+58 rho_final=1.47e+03
BG_FUNC: a=8.27e-08 V=1.07e+00 factor_V=2.45e+58 factor_rho=5.62e-56 rho_eV2=2.61e+58 rho_final=1.47e+03
BG_FUNC: a=3.30e-06 V=1.07e+00 factor_V=2.45e+58 factor_rho=5.62e-56 rho_eV2=2.61e+58 rho_final=1.47e+03
RIDDER SWITCHING: z_osc = 8773.85, a_osc = 1.139621e-04
DEBUG: Ridder field ENABLED. Lambda = 1.814539e+00
DEBUG: Ridder field ENABLED. Lambda = 1.814539e+00
BG_FUNC: a=1.06e-14 V=1.05e+00 factor_V=2.45e+58 factor_rho=5.62e-56 rho_eV2=2.58e+58 rho_final=1.45e+03
BG_FUNC: a=3.92e-13 V=1.05e+00 factor_V=2.45e+58 factor_rho=5.62e-56 rho_eV2=2.58e+58 rho_final=1.45e+03
BG_FUNC: a=1.55e-11 V=1.05e+00 factor_V=2.45e+58 factor_rho=5.62e-56 rho_eV2=2.58e+58 rho_final=1.45e+03
BG_FUNC: a=6.16e-10 V=1.05e+00 factor_V=2.45e+58 factor_rho=5.62e-56 rho_eV2=2.58e+58 rho_final=1.45e+03
BG_FUNC: a=2.44e-08 V=1.05e+00 factor_V=2.45e+58 factor_rho=5.62e-56 rho_eV2=2.58e+58 rho_final=1.45e+03
BG_FUNC: a=9.68e-07 V=1.05e+00 factor_V=2.45e+58 factor_rho=5.62e-56 rho_eV2=2.58e+58 rho_final=1.45e+03
BG_FUNC: a=3.82e-05 V=1.04e+00 factor_V=2.45e+58 factor_rho=5.62e-56 rho_eV2=2.55e+58 rho_final=1.43e+03
RIDDER SWITCHING: z_osc = 8685.91, a_osc = 1.151157e-04
DEBUG: Ridder field ENABLED. Lambda = 1.808816e+00
DEBUG: Ridder field ENABLED. Lambda = 1.808816e+00
BG_FUNC: a=1.12e-13 V=1.04e+00 factor_V=2.45e+58 factor_rho=5.62e-56 rho_eV2=2.54e+58 rho_final=1.43e+03
BG_FUNC: a=4.44e-12 V=1.04e+00 factor_V=2.45e+58 factor_rho=5.62e-56 rho_eV2=2.54e+58 rho_final=1.43e+03
BG_FUNC: a=1.76e-10 V=1.04e+00 factor_V=2.45e+58 factor_rho=5.62e-56 rho_eV2=2.54e+58 rho_final=1.43e+03
BG_FUNC: a=6.97e-09 V=1.04e+00 factor_V=2.45e+58 factor_rho=5.62e-56 rho_eV2=2.54e+58 rho_final=1.43e+03
BG_FUNC: a=2.76e-07 V=1.04e+00 factor_V=2.45e+58 factor_rho=5.62e-56 rho_eV2=2.54e+58 rho_final=1.43e+03
BG_FUNC: a=1.09e-05 V=1.04e+00 factor_V=2.45e+58 factor_rho=5.62e-56 rho_eV2=2.54e+58 rho_final=1.43e+03
RIDDER SWITCHING: z_osc = 8690.89, a_osc = 1.150497e-04
DEBUG: Ridder field ENABLED. Lambda = 1.173246e+00
DEBUG: Ridder field ENABLED. Lambda = 1.173246e+00
BG_FUNC: a=3.37e-14 V=1.84e-01 factor_V=2.45e+58 factor_rho=5.62e-56 rho_eV2=4.50e+57 rho_final=2.53e+02
BG_FUNC: a=1.27e-12 V=1.84e-01 factor_V=2.45e+58 factor_rho=5.62e-56 rho_eV2=4.50e+57 rho_final=2.53e+02
BG_FUNC: a=5.05e-11 V=1.84e-01 factor_V=2.45e+58 factor_rho=5.62e-56 rho_eV2=4.50e+57 rho_final=2.53e+02
BG_FUNC: a=2.00e-09 V=1.84e-01 factor_V=2.45e+58 factor_rho=5.62e-56 rho_eV2=4.50e+57 rho_final=2.53e+02
BG_FUNC: a=7.92e-08 V=1.84e-01 factor_V=2.45e+58 factor_rho=5.62e-56 rho_eV2=4.50e+57 rho_final=2.53e+02
BG_FUNC: a=3.14e-06 V=1.84e-01 factor_V=2.45e+58 factor_rho=5.62e-56 rho_eV2=4.50e+57 rho_final=2.53e+02
BG_FUNC: a=1.23e-04 V=1.44e-[mcmc] Progress @ 2025-12-02 09:22:22 : 3729 steps taken, and 527 accepted.
[mcmc] Progress @ 2025-12-02 09:23:43 : 3757 steps taken, and 536 accepted.
01 factor_V=2.45e+58 factor_rho=5.62e-56 rho_eV2=3.87e+57 rho_final=2.17e+02
RIDDER SWITCHING: z_osc = 5395.82, a_osc = 1.852943e-04
DEBUG: Ridder field ENABLED. Lambda = 1.832133e+00
DEBUG: Ridder field ENABLED. Lambda = 1.832133e+00
BG_FUNC: a=2.26e-13 V=1.09e+00 factor_V=2.45e+58 factor_rho=5.62e-56 rho_eV2=2.68e+58 rho_final=1.50e+03
BG_FUNC: a=8.97e-12 V=1.09e+00 factor_V=2.45e+58 factor_rho=5.62e-56 rho_eV2=2.68e+58 rho_final=1.50e+03
BG_FUNC: a=3.56e-10 V=1.09e+00 factor_V=2.45e+58 factor_rho=5.62e-56 rho_eV2=2.68e+58 rho_final=1.50e+03
BG_FUNC: a=1.41e-08 V=1.09e+00 factor_V=2.45e+58 factor_rho=5.62e-56 rho_eV2=2.68e+58 rho_final=1.50e+03
BG_FUNC: a=5.62e-07 V=1.09e+00 factor_V=2.45e+58 factor_rho=5.62e-56 rho_eV2=2.68e+58 rho_final=1.50e+03
BG_FUNC: a=2.23e-05 V=1.09e+00 factor_V=2.45e+58 factor_rho=5.62e-56 rho_eV2=2.67e+58 rho_final=1.50e+03
RIDDER SWITCHING: z_osc = 8860.32, a_osc = 1.128501e-04
DEBUG: Ridder field ENABLED. Lambda = 1.820985e+00
DEBUG: Ridder field ENABLED. Lambda = 1.820985e+00
BG_FUNC: a=6.91e-14 V=1.07e+00 factor_V=2.45e+58 factor_rho=5.62e-56 rho_eV2=2.61e+58 rho_final=1.47e+03
BG_FUNC: a=2.67e-12 V=1.07e+00 factor_V=2.45e+58 factor_rho=5.62e-56 rho_eV2=2.61e+58 rho_final=1.47e+03
BG_FUNC: a=1.06e-10 V=1.07e+00 factor_V=2.45e+58 factor_rho=5.62e-56 rho_eV2=2.61e+58 rho_final=1.47e+03
BG_FUNC: a=4.25e-09 V=1.07e+00 factor_V=2.45e+58 factor_rho=5.62e-56 rho_eV2=2.61e+58 rho_final=1.47e+03
BG_FUNC: a=1.70e-07 V=1.07e+00 factor_V=2.45e+58 factor_rho=5.62e-56 rho_eV2=2.61e+58 rho_final=1.47e+03
BG_FUNC: a=6.78e-06 V=1.07e+00 factor_V=2.45e+58 factor_rho=5.62e-56 rho_eV2=2.61e+58 rho_final=1.47e+03
RIDDER SWITCHING: z_osc = 8773.85, a_osc = 1.139621e-04
DEBUG: Ridder field ENABLED. Lambda = 1.926311e+00
DEBUG: Ridder field ENABLED. Lambda = 1.926311e+00
BG_FUNC: a=2.13e-14 V=1.34e+00 factor_V=2.45e+58 factor_rho=5.62e-56 rho_eV2=3.27e+58 rho_final=1.84e+03
BG_FUNC: a=8.04e-13 V=1.34e+00 factor_V=2.45e+58 factor_rho=5.62e-56 rho_eV2=3.27e+58 rho_final=1.84e+03
BG_FUNC: a=3.19e-11 V=1.34e+00 factor_V=2.45e+58 factor_rho=5.62e-56 rho_eV2=3.27e+58 rho_final=1.84e+03
BG_FUNC: a=1.27e-09 V=1.34e+00 factor_V=2.45e+58 factor_rho=5.62e-56 rho_eV2=3.27e+58 rho_final=1.84e+03
BG_FUNC: a=5.00e-08 V=1.34e+00 factor_V=2.45e+58 factor_rho=5.62e-56 rho_eV2=3.27e+58 rho_final=1.84e+03
BG_FUNC: a=1.98e-06 V=1.34e+00 factor_V=2.45e+58 factor_rho=5.62e-56 rho_eV2=3.27e+58 rho_final=1.84e+03
BG_FUNC: a=7.77e-05 V=9.78e-01 factor_V=2.45e+58 factor_rho=5.62e-56 rho_eV2=2.71e+58 rho_final=1.52e+03
RIDDER SWITCHING: z_osc = 9353.94, a_osc = 1.068953e-04
DEBUG: Ridder field ENABLED. Lambda = 2.308744e+00
DEBUG: Ridder field ENABLED. Lambda = 2.308744e+00
BG_FUNC: a=2.48e-13 V=2.76e+00 factor_V=2.45e+58 factor_rho=5.62e-56 rho_eV2=6.75e+58 rho_final=3.79e+03
BG_FUNC: a=9.84e-12 V=2.76e+00 factor_V=2.45e+58 factor_rho=5.62e-56 rho_eV2=6.75e+58 rho_final=3.79e+03
BG_FUNC: a=3.90e-10 V=2.76e+00 factor_V=2.45e+58 factor_rho=5.62e-56 rho_eV2=6.75e+58 rho_final=3.79e+03
BG_FUNC: a=1.55e-08 V=2.76e+00 factor_V=2.45e+58 factor_rho=5.62e-56 rho_eV2=6.75e+58 rho_final=3.79e+03
BG_FUNC: a=6.15e-07 V=2.76e+00 factor_V=2.45e+58 factor_rho=5.62e-56 rho_eV2=6.75e+58 rho_final=3.79e+03
BG_FUNC: a=2.43e-05 V=2.74e+00 factor_V=2.45e+58 factor_rho=5.62e-56 rho_eV2=6.72e+58 rho_final=3.78e+03
RIDDER SWITCHING: z_osc = 11349.64, a_osc = 8.810075e-05
DEBUG: Ridder field ENABLED. Lambda = 1.931876e+00
DEBUG: Ridder field ENABLED. Lambda = 1.931876e+00
BG_FUNC: a=9.42e-14 V=1.35e+00 factor_V=2.45e+58 factor_rho=5.62e-56 rho_eV2=3.31e+58 rho_final=1.86e+03
BG_FUNC: a=3.74e-12 V=1.35e+00 factor_V=2.45e+58 factor_rho=5.62e-56 rho_eV2=3.31e+58 rho_final=1.86e+03
BG_FUNC: a=1.49e-10 V=1.35e+00 factor_V=2.45e+58 factor_rho=5.62e-56 rho_eV2=3.31e+58 rho_final=1.86e+03
BG_FUNC: a=5.98e-09 V=1.35e+00 factor_V=2.45e+58 factor_rho=5.62e-56 rho_eV2=3.31e+58 rho_final=1.86e+03
BG_FUNC: a=2.39e-07 V=1.35e+00 factor_V=2.45e+58 factor_rho=5.62e-56 rho_eV2=3.31e+58 rho_final=1.86e+03
BG_FUNC: a=9.56e-06 V=1.35e+00 factor_V=2.45e+58 factor_rho=5.62e-56 rho_eV2=3[mcmc] Progress @ 2025-12-02 09:25:10 : 3794 steps taken, and 544 accepted.
[mcmc] Progress @ 2025-12-02 09:26:19 : 3807 steps taken, and 545 accepted.
[mcmc] Progress @ 2025-12-02 09:27:37 : 3842 steps taken, and 551 accepted.
.31e+58 rho_final=1.86e+03
RIDDER SWITCHING: z_osc = 9391.98, a_osc = 1.064625e-04
DEBUG: Ridder field ENABLED. Lambda = 1.885475e+00
DEBUG: Ridder field ENABLED. Lambda = 1.885475e+00
BG_FUNC: a=3.18e-14 V=1.23e+00 factor_V=2.45e+58 factor_rho=5.62e-56 rho_eV2=3.00e+58 rho_final=1.69e+03
BG_FUNC: a=1.20e-12 V=1.23e+00 factor_V=2.45e+58 factor_rho=5.62e-56 rho_eV2=3.00e+58 rho_final=1.69e+03
BG_FUNC: a=4.77e-11 V=1.23e+00 factor_V=2.45e+58 factor_rho=5.62e-56 rho_eV2=3.00e+58 rho_final=1.69e+03
BG_FUNC: a=1.89e-09 V=1.23e+00 factor_V=2.45e+58 factor_rho=5.62e-56 rho_eV2=3.00e+58 rho_final=1.69e+03
BG_FUNC: a=7.50e-08 V=1.23e+00 factor_V=2.45e+58 factor_rho=5.62e-56 rho_eV2=3.00e+58 rho_final=1.69e+03
BG_FUNC: a=3.00e-06 V=1.23e+00 factor_V=2.45e+58 factor_rho=5.62e-56 rho_eV2=3.00e+58 rho_final=1.69e+03
RIDDER SWITCHING: z_osc = 9108.99, a_osc = 1.097696e-04
DEBUG: Ridder field ENABLED. Lambda = 1.787862e+00
DEBUG: Ridder field ENABLED. Lambda = 1.787862e+00
BG_FUNC: a=1.00e-14 V=9.93e-01 factor_V=2.45e+58 factor_rho=5.62e-56 rho_eV2=2.43e+58 rho_final=1.36e+03
BG_FUNC: a=3.63e-13 V=9.93e-01 factor_V=2.45e+58 factor_rho=5.62e-56 rho_eV2=2.43e+58 rho_final=1.36e+03
BG_FUNC: a=1.45e-11 V=9.93e-01 factor_V=2.45e+58 factor_rho=5.62e-56 rho_eV2=2.43e+58 rho_final=1.36e+03
BG_FUNC: a=5.81e-10 V=9.93e-01 factor_V=2.45e+58 factor_rho=5.62e-56 rho_eV2=2.43e+58 rho_final=1.36e+03
BG_FUNC: a=2.32e-08 V=9.93e-01 factor_V=2.45e+58 factor_rho=5.62e-56 rho_eV2=2.43e+58 rho_final=1.36e+03
BG_FUNC: a=9.28e-07 V=9.93e-01 factor_V=2.45e+58 factor_rho=5.62e-56 rho_eV2=2.43e+58 rho_final=1.36e+03
BG_FUNC: a=3.70e-05 V=9.79e-01 factor_V=2.45e+58 factor_rho=5.62e-56 rho_eV2=2.41e+58 rho_final=1.35e+03
RIDDER SWITCHING: z_osc = 8629.77, a_osc = 1.158646e-04
DEBUG: Ridder field ENABLED. Lambda = 1.972214e+00
DEBUG: Ridder field ENABLED. Lambda = 1.972214e+00
BG_FUNC: a=1.08e-13 V=1.47e+00 factor_V=2.45e+58 factor_rho=5.62e-56 rho_eV2=3.59e+58 rho_final=2.02e+03
BG_FUNC: a=4.32e-12 V=1.47e+00 factor_V=2.45e+58 factor_rho=5.62e-56 rho_eV2=3.59e+58 rho_final=2.02e+03
BG_FUNC: a=1.72e-10 V=1.47e+00 factor_V=2.45e+58 factor_rho=5.62e-56 rho_eV2=3.59e+58 rho_final=2.02e+03
BG_FUNC: a=6.86e-09 V=1.47e+00 factor_V=2.45e+58 factor_rho=5.62e-56 rho_eV2=3.59e+58 rho_final=2.02e+03
BG_FUNC: a=2.75e-07 V=1.47e+00 factor_V=2.45e+58 factor_rho=5.62e-56 rho_eV2=3.59e+58 rho_final=2.02e+03
BG_FUNC: a=1.09e-05 V=1.47e+00 factor_V=2.45e+58 factor_rho=5.62e-56 rho_eV2=3.59e+58 rho_final=2.02e+03
RIDDER SWITCHING: z_osc = 9580.42, a_osc = 1.043686e-04
DEBUG: Ridder field ENABLED. Lambda = 1.546712e+00
DEBUG: Ridder field ENABLED. Lambda = 1.546712e+00
BG_FUNC: a=3.69e-14 V=5.56e-01 factor_V=2.45e+58 factor_rho=5.62e-56 rho_eV2=1.36e+58 rho_final=7.64e+02
BG_FUNC: a=1.40e-12 V=5.56e-01 factor_V=2.45e+58 factor_rho=5.62e-56 rho_eV2=1.36e+58 rho_final=7.64e+02
BG_FUNC: a=5.55e-11 V=5.56e-01 factor_V=2.45e+58 factor_rho=5.62e-56 rho_eV2=1.36e+58 rho_final=7.64e+02
BG_FUNC: a=2.20e-09 V=5.56e-01 factor_V=2.45e+58 factor_rho=5.62e-56 rho_eV2=1.36e+58 rho_final=7.64e+02
BG_FUNC: a=8.74e-08 V=5.56e-01 factor_V=2.45e+58 factor_rho=5.62e-56 rho_eV2=1.36e+58 rho_final=7.64e+02
BG_FUNC: a=3.47e-06 V=5.56e-01 factor_V=2.45e+58 factor_rho=5.62e-56 rho_eV2=1.36e+58 rho_final=7.64e+02
BG_FUNC: a=1.34e-04 V=2.15e-01 factor_V=2.45e+58 factor_rho=5.62e-56 rho_eV2=7.67e+57 rho_final=4.31e+02
RIDDER SWITCHING: z_osc = 7354.86, a_osc = 1.359461e-04
DEBUG: Ridder field ENABLED. Lambda = 1.878154e+00
DEBUG: Ridder field ENABLED. Lambda = 1.878154e+00
BG_FUNC: a=3.43e-13 V=1.21e+00 factor_V=2.45e+58 factor_rho=5.62e-56 rho_eV2=2.96e+58 rho_final=1.66e+03
BG_FUNC: a=1.37e-11 V=1.21e+00 factor_V=2.45e+58 factor_rho=5.62e-56 rho_eV2=2.96e+58 rho_final=1.66e+03
BG_FUNC: a=5.46e-10 V=1.21e+00 factor_V=2.45e+58 factor_rho=5.62e-56 rho_eV2=2.96e+58 rho_final=1.66e+03
BG_FUNC: a=2.18e-08 V=1.21e+00 factor_V=2.45e+58 factor_rho=5.62e-56 rho_eV2=2.96e+58 rho_final=1.66e+03
BG_FUNC: a=8.71e-07 V=1.21e+00 factor_V=2.45e+58 factor_rho=5.62e-56 rho_eV2=2.96e+58 rho_final=1.66e+03
BG_FUNC: a=3.47e-05 V=1.[mcmc] Progress @ 2025-12-02 09:28:57 : 3862 steps taken, and 555 accepted.
[mcmc] Progress @ 2025-12-02 09:30:16 : 3887 steps taken, and 556 accepted.
19e+00 factor_V=2.45e+58 factor_rho=5.62e-56 rho_eV2=2.93e+58 rho_final=1.65e+03
RIDDER SWITCHING: z_osc = 9059.04, a_osc = 1.103748e-04
DEBUG: Ridder field ENABLED. Lambda = 1.715131e+00
DEBUG: Ridder field ENABLED. Lambda = 1.715131e+00
BG_FUNC: a=1.07e-13 V=8.41e-01 factor_V=2.45e+58 factor_rho=5.62e-56 rho_eV2=2.06e+58 rho_final=1.16e+03
BG_FUNC: a=4.23e-12 V=8.41e-01 factor_V=2.45e+58 factor_rho=5.62e-56 rho_eV2=2.06e+58 rho_final=1.16e+03
BG_FUNC: a=1.68e-10 V=8.41e-01 factor_V=2.45e+58 factor_rho=5.62e-56 rho_eV2=2.06e+58 rho_final=1.16e+03
BG_FUNC: a=6.65e-09 V=8.41e-01 factor_V=2.45e+58 factor_rho=5.62e-56 rho_eV2=2.06e+58 rho_final=1.16e+03
BG_FUNC: a=2.64e-07 V=8.41e-01 factor_V=2.45e+58 factor_rho=5.62e-56 rho_eV2=2.06e+58 rho_final=1.16e+03
BG_FUNC: a=1.05e-05 V=8.41e-01 factor_V=2.45e+58 factor_rho=5.62e-56 rho_eV2=2.06e+58 rho_final=1.16e+03
RIDDER SWITCHING: z_osc = 8197.65, a_osc = 1.219713e-04
DEBUG: Ridder field ENABLED. Lambda = 1.602476e+00
DEBUG: Ridder field ENABLED. Lambda = 1.602476e+00
BG_FUNC: a=3.04e-14 V=6.41e-01 factor_V=2.45e+58 factor_rho=5.62e-56 rho_eV2=1.57e+58 rho_final=8.81e+02
BG_FUNC: a=1.15e-12 V=6.41e-01 factor_V=2.45e+58 factor_rho=5.62e-56 rho_eV2=1.57e+58 rho_final=8.81e+02
BG_FUNC: a=4.55e-11 V=6.41e-01 factor_V=2.45e+58 factor_rho=5.62e-56 rho_eV2=1.57e+58 rho_final=8.81e+02
BG_FUNC: a=1.80e-09 V=6.41e-01 factor_V=2.45e+58 factor_rho=5.62e-56 rho_eV2=1.57e+58 rho_final=8.81e+02
BG_FUNC: a=7.14e-08 V=6.41e-01 factor_V=2.45e+58 factor_rho=5.62e-56 rho_eV2=1.57e+58 rho_final=8.81e+02
BG_FUNC: a=2.85e-06 V=6.41e-01 factor_V=2.45e+58 factor_rho=5.62e-56 rho_eV2=1.57e+58 rho_final=8.81e+02
BG_FUNC: a=1.10e-04 V=3.70e-01 factor_V=2.45e+58 factor_rho=5.62e-56 rho_eV2=1.12e+58 rho_final=6.32e+02
RIDDER SWITCHING: z_osc = 7637.22, a_osc = 1.309206e-04
DEBUG: Ridder field ENABLED. Lambda = 2.163219e+00
DEBUG: Ridder field ENABLED. Lambda = 2.163219e+00
BG_FUNC: a=2.90e-13 V=2.13e+00 factor_V=2.45e+58 factor_rho=5.62e-56 rho_eV2=5.20e+58 rho_final=2.92e+03
BG_FUNC: a=1.15e-11 V=2.13e+00 factor_V=2.45e+58 factor_rho=5.62e-56 rho_eV2=5.20e+58 rho_final=2.92e+03
BG_FUNC: a=4.56e-10 V=2.13e+00 factor_V=2.45e+58 factor_rho=5.62e-56 rho_eV2=5.20e+58 rho_final=2.92e+03
BG_FUNC: a=1.82e-08 V=2.13e+00 factor_V=2.45e+58 factor_rho=5.62e-56 rho_eV2=5.20e+58 rho_final=2.92e+03
BG_FUNC: a=7.15e-07 V=2.13e+00 factor_V=2.45e+58 factor_rho=5.62e-56 rho_eV2=5.20e+58 rho_final=2.92e+03
BG_FUNC: a=2.82e-05 V=2.11e+00 factor_V=2.45e+58 factor_rho=5.62e-56 rho_eV2=5.17e+58 rho_final=2.91e+03
RIDDER SWITCHING: z_osc = 10659.55, a_osc = 9.380378e-05
DEBUG: Ridder field ENABLED. Lambda = 1.883109e+00
DEBUG: Ridder field ENABLED. Lambda = 1.883109e+00
BG_FUNC: a=1.02e-13 V=1.22e+00 factor_V=2.45e+58 factor_rho=5.62e-56 rho_eV2=2.99e+58 rho_final=1.68e+03
BG_FUNC: a=4.03e-12 V=1.22e+00 factor_V=2.45e+58 factor_rho=5.62e-56 rho_eV2=2.99e+58 rho_final=1.68e+03
BG_FUNC: a=1.61e-10 V=1.22e+00 factor_V=2.45e+58 factor_rho=5.62e-56 rho_eV2=2.99e+58 rho_final=1.68e+03
BG_FUNC: a=6.33e-09 V=1.22e+00 factor_V=2.45e+58 factor_rho=5.62e-56 rho_eV2=2.99e+58 rho_final=1.68e+03
BG_FUNC: a=2.51e-07 V=1.22e+00 factor_V=2.45e+58 factor_rho=5.62e-56 rho_eV2=2.99e+58 rho_final=1.68e+03
BG_FUNC: a=9.94e-06 V=1.22e+00 factor_V=2.45e+58 factor_rho=5.62e-56 rho_eV2=2.99e+58 rho_final=1.68e+03
RIDDER SWITCHING: z_osc = 9108.87, a_osc = 1.097710e-04
DEBUG: Ridder field ENABLED. Lambda = 1.994755e+00
DEBUG: Ridder field ENABLED. Lambda = 1.994755e+00
BG_FUNC: a=3.20e-14 V=1.54e+00 factor_V=2.45e+58 factor_rho=5.62e-56 rho_eV2=3.76e+58 rho_final=2.11e+03
BG_FUNC: a=1.21e-12 V=1.54e+00 factor_V=2.45e+58 factor_rho=5.62e-56 rho_eV2=3.76e+58 rho_final=2.11e+03
BG_FUNC: a=4.85e-11 V=1.54e+00 factor_V=2.45e+58 factor_rho=5.62e-56 rho_eV2=3.76e+58 rho_final=2.11e+03
BG_FUNC: a=1.91e-09 V=1.54e+00 factor_V=2.45e+58 factor_rho=5.62e-56 rho_eV2=3.76e+58 rho_final=2.11e+03
BG_FUNC: a=7.58e-08 V=1.54e+00 factor_V=2.45e+58 factor_rho=5.62e-56 rho_eV2=3.76e+58 rho_final=2.11e+03
BG_FUNC: a=3.01e-06 V=1.54e+00 factor_V=2.45e+58 factor_rho=5.62e-56 rho_e[mcmc] Progress @ 2025-12-02 09:31:44 : 3919 steps taken, and 560 accepted.
[mcmc] Progress @ 2025-12-02 09:32:51 : 3926 steps taken, and 560 accepted.
[mcmc] Progress @ 2025-12-02 09:34:10 : 3954 steps taken, and 566 accepted.
V2=3.76e+58 rho_final=2.11e+03
RIDDER SWITCHING: z_osc = 9685.59, a_osc = 1.032355e-04
DEBUG: Ridder field ENABLED. Lambda = 1.478779e+00
DEBUG: Ridder field ENABLED. Lambda = 1.478779e+00
BG_FUNC: a=1.06e-14 V=4.65e-01 factor_V=2.45e+58 factor_rho=5.62e-56 rho_eV2=1.14e+58 rho_final=6.39e+02
BG_FUNC: a=3.94e-13 V=4.65e-01 factor_V=2.45e+58 factor_rho=5.62e-56 rho_eV2=1.14e+58 rho_final=6.39e+02
BG_FUNC: a=1.57e-11 V=4.65e-01 factor_V=2.45e+58 factor_rho=5.62e-56 rho_eV2=1.14e+58 rho_final=6.39e+02
BG_FUNC: a=6.29e-10 V=4.65e-01 factor_V=2.45e+58 factor_rho=5.62e-56 rho_eV2=1.14e+58 rho_final=6.39e+02
BG_FUNC: a=2.52e-08 V=4.65e-01 factor_V=2.45e+58 factor_rho=5.62e-56 rho_eV2=1.14e+58 rho_final=6.39e+02
BG_FUNC: a=1.01e-06 V=4.65e-01 factor_V=2.45e+58 factor_rho=5.62e-56 rho_eV2=1.14e+58 rho_final=6.39e+02
BG_FUNC: a=4.02e-05 V=4.61e-01 factor_V=2.45e+58 factor_rho=5.62e-56 rho_eV2=1.13e+58 rho_final=6.35e+02
RIDDER SWITCHING: z_osc = 6962.93, a_osc = 1.435971e-04
DEBUG: Ridder field ENABLED. Lambda = 2.135928e+00
DEBUG: Ridder field ENABLED. Lambda = 2.135928e+00
BG_FUNC: a=9.47e-14 V=2.02e+00 factor_V=2.45e+58 factor_rho=5.62e-56 rho_eV2=4.94e+58 rho_final=2.78e+03
BG_FUNC: a=3.75e-12 V=2.02e+00 factor_V=2.45e+58 factor_rho=5.62e-56 rho_eV2=4.94e+58 rho_final=2.78e+03
BG_FUNC: a=1.50e-10 V=2.02e+00 factor_V=2.45e+58 factor_rho=5.62e-56 rho_eV2=4.94e+58 rho_final=2.78e+03
BG_FUNC: a=5.91e-09 V=2.02e+00 factor_V=2.45e+58 factor_rho=5.62e-56 rho_eV2=4.94e+58 rho_final=2.78e+03
BG_FUNC: a=2.34e-07 V=2.02e+00 factor_V=2.45e+58 factor_rho=5.62e-56 rho_eV2=4.94e+58 rho_final=2.78e+03
BG_FUNC: a=9.30e-06 V=2.02e+00 factor_V=2.45e+58 factor_rho=5.62e-56 rho_eV2=4.94e+58 rho_final=2.78e+03
RIDDER SWITCHING: z_osc = 10436.69, a_osc = 9.580668e-05
DEBUG: Ridder field ENABLED. Lambda = 1.902161e+00
DEBUG: Ridder field ENABLED. Lambda = 1.902161e+00
BG_FUNC: a=3.40e-14 V=1.27e+00 factor_V=2.45e+58 factor_rho=5.62e-56 rho_eV2=3.11e+58 rho_final=1.75e+03
BG_FUNC: a=1.29e-12 V=1.27e+00 factor_V=2.45e+58 factor_rho=5.62e-56 rho_eV2=3.11e+58 rho_final=1.75e+03
BG_FUNC: a=5.12e-11 V=1.27e+00 factor_V=2.45e+58 factor_rho=5.62e-56 rho_eV2=3.11e+58 rho_final=1.75e+03
BG_FUNC: a=2.03e-09 V=1.27e+00 factor_V=2.45e+58 factor_rho=5.62e-56 rho_eV2=3.11e+58 rho_final=1.75e+03
BG_FUNC: a=8.05e-08 V=1.27e+00 factor_V=2.45e+58 factor_rho=5.62e-56 rho_eV2=3.11e+58 rho_final=1.75e+03
BG_FUNC: a=3.19e-06 V=1.27e+00 factor_V=2.45e+58 factor_rho=5.62e-56 rho_eV2=3.11e+58 rho_final=1.75e+03
RIDDER SWITCHING: z_osc = 9171.42, a_osc = 1.090225e-04
DEBUG: Ridder field ENABLED. Lambda = 1.223804e+00
DEBUG: Ridder field ENABLED. Lambda = 1.223804e+00
BG_FUNC: a=1.06e-14 V=2.18e-01 factor_V=2.45e+58 factor_rho=5.62e-56 rho_eV2=5.33e+57 rho_final=3.00e+02
BG_FUNC: a=3.93e-13 V=2.18e-01 factor_V=2.45e+58 factor_rho=5.62e-56 rho_eV2=5.33e+57 rho_final=3.00e+02
BG_FUNC: a=1.56e-11 V=2.18e-01 factor_V=2.45e+58 factor_rho=5.62e-56 rho_eV2=5.33e+57 rho_final=3.00e+02
BG_FUNC: a=6.18e-10 V=2.18e-01 factor_V=2.45e+58 factor_rho=5.62e-56 rho_eV2=5.33e+57 rho_final=3.00e+02
BG_FUNC: a=2.45e-08 V=2.18e-01 factor_V=2.45e+58 factor_rho=5.62e-56 rho_eV2=5.33e+57 rho_final=3.00e+02
BG_FUNC: a=9.71e-07 V=2.18e-01 factor_V=2.45e+58 factor_rho=5.62e-56 rho_eV2=5.33e+57 rho_final=3.00e+02
BG_FUNC: a=3.83e-05 V=2.17e-01 factor_V=2.45e+58 factor_rho=5.62e-56 rho_eV2=5.32e+57 rho_final=2.99e+02
RIDDER SWITCHING: z_osc = 5627.48, a_osc = 1.776680e-04
DEBUG: Ridder field ENABLED. Lambda = 1.760661e+00
DEBUG: Ridder field ENABLED. Lambda = 1.760661e+00
BG_FUNC: a=7.58e-14 V=9.34e-01 factor_V=2.45e+58 factor_rho=5.62e-56 rho_eV2=2.28e+58 rho_final=1.28e+03
BG_FUNC: a=2.90e-12 V=9.34e-01 factor_V=2.45e+58 factor_rho=5.62e-56 rho_eV2=2.28e+58 rho_final=1.28e+03
BG_FUNC: a=1.15e-10 V=9.34e-01 factor_V=2.45e+58 factor_rho=5.62e-56 rho_eV2=2.28e+58 rho_final=1.28e+03
BG_FUNC: a=4.56e-09 V=9.34e-01 factor_V=2.45e+58 factor_rho=5.62e-56 rho_eV2=2.28e+58 rho_final=1.28e+03
BG_FUNC: a=1.80e-07 V=9.34e-01 factor_V=2.45e+58 factor_rho=5.62e-56 rho_eV2=2.28e+58 rho_final=1.28e+03
BG_FUNC: a=7.15e-06[mcmc] Progress @ 2025-12-02 09:35:22 : 3973 steps taken, and 569 accepted.
[mcmc] Progress @ 2025-12-02 09:36:38 : 4000 steps taken, and 573 accepted.
 V=9.33e-01 factor_V=2.45e+58 factor_rho=5.62e-56 rho_eV2=2.28e+58 rho_final=1.28e+03
RIDDER SWITCHING: z_osc = 8480.81, a_osc = 1.178993e-04
DEBUG: Ridder field ENABLED. Lambda = 1.870100e+00
DEBUG: Ridder field ENABLED. Lambda = 1.870100e+00
BG_FUNC: a=2.15e-14 V=1.19e+00 factor_V=2.45e+58 factor_rho=5.62e-56 rho_eV2=2.91e+58 rho_final=1.63e+03
BG_FUNC: a=8.08e-13 V=1.19e+00 factor_V=2.45e+58 factor_rho=5.62e-56 rho_eV2=2.91e+58 rho_final=1.63e+03
BG_FUNC: a=3.20e-11 V=1.19e+00 factor_V=2.45e+58 factor_rho=5.62e-56 rho_eV2=2.91e+58 rho_final=1.63e+03
BG_FUNC: a=1.27e-09 V=1.19e+00 factor_V=2.45e+58 factor_rho=5.62e-56 rho_eV2=2.91e+58 rho_final=1.63e+03
BG_FUNC: a=5.03e-08 V=1.19e+00 factor_V=2.45e+58 factor_rho=5.62e-56 rho_eV2=2.91e+58 rho_final=1.63e+03
BG_FUNC: a=2.00e-06 V=1.19e+00 factor_V=2.45e+58 factor_rho=5.62e-56 rho_eV2=2.91e+58 rho_final=1.63e+03
BG_FUNC: a=7.81e-05 V=8.95e-01 factor_V=2.45e+58 factor_rho=5.62e-56 rho_eV2=2.45e+58 rho_final=1.38e+03
RIDDER SWITCHING: z_osc = 9075.79, a_osc = 1.101711e-04
DEBUG: Ridder field ENABLED. Lambda = 1.730768e+00
DEBUG: Ridder field ENABLED. Lambda = 1.730768e+00
BG_FUNC: a=2.42e-13 V=8.72e-01 factor_V=2.45e+58 factor_rho=5.62e-56 rho_eV2=2.13e+58 rho_final=1.20e+03
BG_FUNC: a=9.59e-12 V=8.72e-01 factor_V=2.45e+58 factor_rho=5.62e-56 rho_eV2=2.13e+58 rho_final=1.20e+03
BG_FUNC: a=3.80e-10 V=8.72e-01 factor_V=2.45e+58 factor_rho=5.62e-56 rho_eV2=2.13e+58 rho_final=1.20e+03
BG_FUNC: a=1.51e-08 V=8.72e-01 factor_V=2.45e+58 factor_rho=5.62e-56 rho_eV2=2.13e+58 rho_final=1.20e+03
BG_FUNC: a=5.97e-07 V=8.72e-01 factor_V=2.45e+58 factor_rho=5.62e-56 rho_eV2=2.13e+58 rho_final=1.20e+03
BG_FUNC: a=2.37e-05 V=8.70e-01 factor_V=2.45e+58 factor_rho=5.62e-56 rho_eV2=2.13e+58 rho_final=1.20e+03
RIDDER SWITCHING: z_osc = 8283.82, a_osc = 1.207027e-04
DEBUG: Ridder field ENABLED. Lambda = 1.589226e+00
DEBUG: Ridder field ENABLED. Lambda = 1.589226e+00
BG_FUNC: a=6.87e-14 V=6.20e-01 factor_V=2.45e+58 factor_rho=5.62e-56 rho_eV2=1.52e+58 rho_final=8.52e+02
BG_FUNC: a=2.64e-12 V=6.20e-01 factor_V=2.45e+58 factor_rho=5.62e-56 rho_eV2=1.52e+58 rho_final=8.52e+02
BG_FUNC: a=1.05e-10 V=6.20e-01 factor_V=2.45e+58 factor_rho=5.62e-56 rho_eV2=1.52e+58 rho_final=8.52e+02
BG_FUNC: a=4.16e-09 V=6.20e-01 factor_V=2.45e+58 factor_rho=5.62e-56 rho_eV2=1.52e+58 rho_final=8.52e+02
BG_FUNC: a=1.65e-07 V=6.20e-01 factor_V=2.45e+58 factor_rho=5.62e-56 rho_eV2=1.52e+58 rho_final=8.52e+02
BG_FUNC: a=6.54e-06 V=6.20e-01 factor_V=2.45e+58 factor_rho=5.62e-56 rho_eV2=1.52e+58 rho_final=8.52e+02
RIDDER SWITCHING: z_osc = 7569.99, a_osc = 1.320831e-04
DEBUG: Ridder field ENABLED. Lambda = 1.814688e+00
DEBUG: Ridder field ENABLED. Lambda = 1.814688e+00
BG_FUNC: a=1.78e-14 V=1.05e+00 factor_V=2.45e+58 factor_rho=5.62e-56 rho_eV2=2.58e+58 rho_final=1.45e+03
BG_FUNC: a=6.65e-13 V=1.05e+00 factor_V=2.45e+58 factor_rho=5.62e-56 rho_eV2=2.58e+58 rho_final=1.45e+03
BG_FUNC: a=2.66e-11 V=1.05e+00 factor_V=2.45e+58 factor_rho=5.62e-56 rho_eV2=2.58e+58 rho_final=1.45e+03
BG_FUNC: a=1.07e-09 V=1.05e+00 factor_V=2.45e+58 factor_rho=5.62e-56 rho_eV2=2.58e+58 rho_final=1.45e+03
BG_FUNC: a=4.26e-08 V=1.05e+00 factor_V=2.45e+58 factor_rho=5.62e-56 rho_eV2=2.58e+58 rho_final=1.45e+03
BG_FUNC: a=1.70e-06 V=1.05e+00 factor_V=2.45e+58 factor_rho=5.62e-56 rho_eV2=2.58e+58 rho_final=1.45e+03
BG_FUNC: a=6.76e-05 V=9.10e-01 factor_V=2.45e+58 factor_rho=5.62e-56 rho_eV2=2.36e+58 rho_final=1.33e+03
RIDDER SWITCHING: z_osc = 8732.74, a_osc = 1.144985e-04
DEBUG: Ridder field ENABLED. Lambda = 1.658087e+00
DEBUG: Ridder field ENABLED. Lambda = 1.658087e+00
BG_FUNC: a=2.02e-13 V=7.34e-01 factor_V=2.45e+58 factor_rho=5.62e-56 rho_eV2=1.80e+58 rho_final=1.01e+03
BG_FUNC: a=7.99e-12 V=7.34e-01 factor_V=2.45e+58 factor_rho=5.62e-56 rho_eV2=1.80e+58 rho_final=1.01e+03
BG_FUNC: a=3.17e-10 V=7.34e-01 factor_V=2.45e+58 factor_rho=5.62e-56 rho_eV2=1.80e+58 rho_final=1.01e+03
BG_FUNC: a=1.27e-08 V=7.34e-01 factor_V=2.45e+58 factor_rho=5.62e-56 rho_eV2=1.80e+58 rho_final=1.01e+03
BG_FUNC: a=4.97e-07 V=7.34e-01 factor_V=2.45e+58 factor_rho=5.62e-56 r[mcmc] Progress @ 2025-12-02 09:37:50 : 4017 steps taken, and 576 accepted.
[mcmc] Progress @ 2025-12-02 09:39:01 : 4039 steps taken, and 580 accepted.
[mcmc] Progress @ 2025-12-02 09:40:26 : 4069 steps taken, and 586 accepted.
ho_eV2=1.80e+58 rho_final=1.01e+03
BG_FUNC: a=1.97e-05 V=7.34e-01 factor_V=2.45e+58 factor_rho=5.62e-56 rho_eV2=1.79e+58 rho_final=1.01e+03
RIDDER SWITCHING: z_osc = 7915.98, a_osc = 1.263107e-04
DEBUG: Ridder field ENABLED. Lambda = 1.858051e+00
DEBUG: Ridder field ENABLED. Lambda = 1.858051e+00
BG_FUNC: a=5.46e-14 V=1.16e+00 factor_V=2.45e+58 factor_rho=5.62e-56 rho_eV2=2.83e+58 rho_final=1.59e+03
BG_FUNC: a=2.08e-12 V=1.16e+00 factor_V=2.45e+58 factor_rho=5.62e-56 rho_eV2=2.83e+58 rho_final=1.59e+03
BG_FUNC: a=8.25e-11 V=1.16e+00 factor_V=2.45e+58 factor_rho=5.62e-56 rho_eV2=2.83e+58 rho_final=1.59e+03
BG_FUNC: a=3.27e-09 V=1.16e+00 factor_V=2.45e+58 factor_rho=5.62e-56 rho_eV2=2.83e+58 rho_final=1.59e+03
BG_FUNC: a=1.29e-07 V=1.16e+00 factor_V=2.45e+58 factor_rho=5.62e-56 rho_eV2=2.83e+58 rho_final=1.59e+03
BG_FUNC: a=5.12e-06 V=1.16e+00 factor_V=2.45e+58 factor_rho=5.62e-56 rho_eV2=2.83e+58 rho_final=1.59e+03
RIDDER SWITCHING: z_osc = 8997.43, a_osc = 1.111304e-04
DEBUG: Ridder field ENABLED. Lambda = 1.804436e+00
DEBUG: Ridder field ENABLED. Lambda = 1.804436e+00
BG_FUNC: a=1.65e-14 V=1.03e+00 factor_V=2.45e+58 factor_rho=5.62e-56 rho_eV2=2.52e+58 rho_final=1.42e+03
BG_FUNC: a=6.16e-13 V=1.03e+00 factor_V=2.45e+58 factor_rho=5.62e-56 rho_eV2=2.52e+58 rho_final=1.42e+03
BG_FUNC: a=2.47e-11 V=1.03e+00 factor_V=2.45e+58 factor_rho=5.62e-56 rho_eV2=2.52e+58 rho_final=1.42e+03
BG_FUNC: a=9.70e-10 V=1.03e+00 factor_V=2.45e+58 factor_rho=5.62e-56 rho_eV2=2.52e+58 rho_final=1.42e+03
BG_FUNC: a=3.85e-08 V=1.03e+00 factor_V=2.45e+58 factor_rho=5.62e-56 rho_eV2=2.52e+58 rho_final=1.42e+03
BG_FUNC: a=1.54e-06 V=1.03e+00 factor_V=2.45e+58 factor_rho=5.62e-56 rho_eV2=2.52e+58 rho_final=1.42e+03
BG_FUNC: a=6.03e-05 V=9.38e-01 factor_V=2.45e+58 factor_rho=5.62e-56 rho_eV2=2.38e+58 rho_final=1.34e+03
RIDDER SWITCHING: z_osc = 8719.13, a_osc = 1.146772e-04
DEBUG: Ridder field ENABLED. Lambda = 1.938804e+00
DEBUG: Ridder field ENABLED. Lambda = 1.938804e+00
BG_FUNC: a=1.78e-13 V=1.37e+00 factor_V=2.45e+58 factor_rho=5.62e-56 rho_eV2=3.36e+58 rho_final=1.89e+03
BG_FUNC: a=7.09e-12 V=1.37e+00 factor_V=2.45e+58 factor_rho=5.62e-56 rho_eV2=3.36e+58 rho_final=1.89e+03
BG_FUNC: a=2.81e-10 V=1.37e+00 factor_V=2.45e+58 factor_rho=5.62e-56 rho_eV2=3.36e+58 rho_final=1.89e+03
BG_FUNC: a=1.12e-08 V=1.37e+00 factor_V=2.45e+58 factor_rho=5.62e-56 rho_eV2=3.36e+58 rho_final=1.89e+03
BG_FUNC: a=4.44e-07 V=1.37e+00 factor_V=2.45e+58 factor_rho=5.62e-56 rho_eV2=3.36e+58 rho_final=1.89e+03
BG_FUNC: a=1.76e-05 V=1.37e+00 factor_V=2.45e+58 factor_rho=5.62e-56 rho_eV2=3.35e+58 rho_final=1.89e+03
RIDDER SWITCHING: z_osc = 9370.05, a_osc = 1.067116e-04
DEBUG: Ridder field ENABLED. Lambda = 1.965223e+00
DEBUG: Ridder field ENABLED. Lambda = 1.965223e+00
BG_FUNC: a=5.77e-14 V=1.45e+00 factor_V=2.45e+58 factor_rho=5.62e-56 rho_eV2=3.54e+58 rho_final=1.99e+03
BG_FUNC: a=2.21e-12 V=1.45e+00 factor_V=2.45e+58 factor_rho=5.62e-56 rho_eV2=3.54e+58 rho_final=1.99e+03
BG_FUNC: a=8.77e-11 V=1.45e+00 factor_V=2.45e+58 factor_rho=5.62e-56 rho_eV2=3.54e+58 rho_final=1.99e+03
BG_FUNC: a=3.51e-09 V=1.45e+00 factor_V=2.45e+58 factor_rho=5.62e-56 rho_eV2=3.54e+58 rho_final=1.99e+03
BG_FUNC: a=1.38e-07 V=1.45e+00 factor_V=2.45e+58 factor_rho=5.62e-56 rho_eV2=3.54e+58 rho_final=1.99e+03
BG_FUNC: a=5.50e-06 V=1.45e+00 factor_V=2.45e+58 factor_rho=5.62e-56 rho_eV2=3.54e+58 rho_final=1.99e+03
RIDDER SWITCHING: z_osc = 9493.65, a_osc = 1.053225e-04
DEBUG: Ridder field ENABLED. Lambda = 1.998834e+00
DEBUG: Ridder field ENABLED. Lambda = 1.998834e+00
BG_FUNC: a=1.86e-14 V=1.55e+00 factor_V=2.45e+58 factor_rho=5.62e-56 rho_eV2=3.79e+58 rho_final=2.13e+03
BG_FUNC: a=6.99e-13 V=1.55e+00 factor_V=2.45e+58 factor_rho=5.62e-56 rho_eV2=3.79e+58 rho_final=2.13e+03
BG_FUNC: a=2.77e-11 V=1.55e+00 factor_V=2.45e+58 factor_rho=5.62e-56 rho_eV2=3.79e+58 rho_final=2.13e+03
BG_FUNC: a=1.10e-09 V=1.55e+00 factor_V=2.45e+58 factor_rho=5.62e-56 rho_eV2=3.79e+58 rho_final=2.13e+03
BG_FUNC: a=4.35e-08 V=1.55e+00 factor_V=2.45e+58 factor_rho=5.62e-56 rho_eV2=3.79e+58 rho_final=2.13e+03
BG_FUNC: a=1.73e[mcmc] Progress @ 2025-12-02 09:41:35 : 4082 steps taken, and 587 accepted.
[mcmc] Progress @ 2025-12-02 09:42:43 : 4107 steps taken, and 590 accepted.
-06 V=1.55e+00 factor_V=2.45e+58 factor_rho=5.62e-56 rho_eV2=3.79e+58 rho_final=2.13e+03
BG_FUNC: a=6.76e-05 V=1.25e+00 factor_V=2.45e+58 factor_rho=5.62e-56 rho_eV2=3.33e+58 rho_final=1.87e+03
RIDDER SWITCHING: z_osc = 9706.85, a_osc = 1.030095e-04
DEBUG: Ridder field ENABLED. Lambda = 1.942475e+00
DEBUG: Ridder field ENABLED. Lambda = 1.942475e+00
BG_FUNC: a=2.23e-13 V=1.38e+00 factor_V=2.45e+58 factor_rho=5.62e-56 rho_eV2=3.38e+58 rho_final=1.90e+03
BG_FUNC: a=8.85e-12 V=1.38e+00 factor_V=2.45e+58 factor_rho=5.62e-56 rho_eV2=3.38e+58 rho_final=1.90e+03
BG_FUNC: a=3.51e-10 V=1.38e+00 factor_V=2.45e+58 factor_rho=5.62e-56 rho_eV2=3.38e+58 rho_final=1.90e+03
BG_FUNC: a=1.40e-08 V=1.38e+00 factor_V=2.45e+58 factor_rho=5.62e-56 rho_eV2=3.38e+58 rho_final=1.90e+03
BG_FUNC: a=5.54e-07 V=1.38e+00 factor_V=2.45e+58 factor_rho=5.62e-56 rho_eV2=3.38e+58 rho_final=1.90e+03
BG_FUNC: a=2.20e-05 V=1.38e+00 factor_V=2.45e+58 factor_rho=5.62e-56 rho_eV2=3.38e+58 rho_final=1.90e+03
RIDDER SWITCHING: z_osc = 9458.88, a_osc = 1.057096e-04
DEBUG: Ridder field ENABLED. Lambda = 1.971272e+00
DEBUG: Ridder field ENABLED. Lambda = 1.971272e+00
BG_FUNC: a=7.25e-14 V=1.47e+00 factor_V=2.45e+58 factor_rho=5.62e-56 rho_eV2=3.59e+58 rho_final=2.02e+03
BG_FUNC: a=2.81e-12 V=1.47e+00 factor_V=2.45e+58 factor_rho=5.62e-56 rho_eV2=3.59e+58 rho_final=2.02e+03
BG_FUNC: a=1.13e-10 V=1.47e+00 factor_V=2.45e+58 factor_rho=5.62e-56 rho_eV2=3.59e+58 rho_final=2.02e+03
BG_FUNC: a=4.53e-09 V=1.47e+00 factor_V=2.45e+58 factor_rho=5.62e-56 rho_eV2=3.59e+58 rho_final=2.02e+03
BG_FUNC: a=1.82e-07 V=1.47e+00 factor_V=2.45e+58 factor_rho=5.62e-56 rho_eV2=3.59e+58 rho_final=2.02e+03
BG_FUNC: a=7.29e-06 V=1.47e+00 factor_V=2.45e+58 factor_rho=5.62e-56 rho_eV2=3.59e+58 rho_final=2.02e+03
RIDDER SWITCHING: z_osc = 9586.28, a_osc = 1.043049e-04
DEBUG: Ridder field ENABLED. Lambda = 2.080454e+00
DEBUG: Ridder field ENABLED. Lambda = 2.080454e+00
BG_FUNC: a=2.49e-14 V=1.82e+00 factor_V=2.45e+58 factor_rho=5.62e-56 rho_eV2=4.45e+58 rho_final=2.50e+03
BG_FUNC: a=9.38e-13 V=1.82e+00 factor_V=2.45e+58 factor_rho=5.62e-56 rho_eV2=4.45e+58 rho_final=2.50e+03
BG_FUNC: a=3.72e-11 V=1.82e+00 factor_V=2.45e+58 factor_rho=5.62e-56 rho_eV2=4.45e+58 rho_final=2.50e+03
BG_FUNC: a=1.47e-09 V=1.82e+00 factor_V=2.45e+58 factor_rho=5.62e-56 rho_eV2=4.45e+58 rho_final=2.50e+03
BG_FUNC: a=5.83e-08 V=1.82e+00 factor_V=2.45e+58 factor_rho=5.62e-56 rho_eV2=4.45e+58 rho_final=2.50e+03
BG_FUNC: a=2.31e-06 V=1.82e+00 factor_V=2.45e+58 factor_rho=5.62e-56 rho_eV2=4.45e+58 rho_final=2.50e+03
BG_FUNC: a=8.95e-05 V=9.09e-01 factor_V=2.45e+58 factor_rho=5.62e-56 rho_eV2=2.93e+58 rho_final=1.65e+03
RIDDER SWITCHING: z_osc = 10129.46, a_osc = 9.871218e-05
DEBUG: Ridder field ENABLED. Lambda = 2.491580e+00
DEBUG: Ridder field ENABLED. Lambda = 2.491580e+00
BG_FUNC: a=3.16e-13 V=3.74e+00 factor_V=2.45e+58 factor_rho=5.62e-56 rho_eV2=9.15e+58 rho_final=5.15e+03
BG_FUNC: a=1.24e-11 V=3.74e+00 factor_V=2.45e+58 factor_rho=5.62e-56 rho_eV2=9.15e+58 rho_final=5.15e+03
BG_FUNC: a=4.91e-10 V=3.74e+00 factor_V=2.45e+58 factor_rho=5.62e-56 rho_eV2=9.15e+58 rho_final=5.15e+03
BG_FUNC: a=1.95e-08 V=3.74e+00 factor_V=2.45e+58 factor_rho=5.62e-56 rho_eV2=9.15e+58 rho_final=5.15e+03
BG_FUNC: a=7.72e-07 V=3.74e+00 factor_V=2.45e+58 factor_rho=5.62e-56 rho_eV2=9.15e+58 rho_final=5.15e+03
BG_FUNC: a=3.05e-05 V=3.66e+00 factor_V=2.45e+58 factor_rho=5.62e-56 rho_eV2=9.02e+58 rho_final=5.07e+03
RIDDER SWITCHING: z_osc = 12282.14, a_osc = 8.141243e-05
DEBUG: Ridder field ENABLED. Lambda = 1.739143e+00
DEBUG: Ridder field ENABLED. Lambda = 1.739143e+00
BG_FUNC: a=1.27e-13 V=8.89e-01 factor_V=2.45e+58 factor_rho=5.62e-56 rho_eV2=2.17e+58 rho_final=1.22e+03
BG_FUNC: a=5.05e-12 V=8.89e-01 factor_V=2.45e+58 factor_rho=5.62e-56 rho_eV2=2.17e+58 rho_final=1.22e+03
BG_FUNC: a=2.01e-10 V=8.89e-01 factor_V=2.45e+58 factor_rho=5.62e-56 rho_eV2=2.17e+58 rho_final=1.22e+03
BG_FUNC: a=7.97e-09 V=8.89e-01 factor_V=2.45e+58 factor_rho=5.62e-56 rho_eV2=2.17e+58 rho_final=1.22e+03
BG_FUNC: a=3.16e-07 V=8.89e-01 factor_V=2.45e+58 factor_rho=5.62e[mcmc] Progress @ 2025-12-02 09:43:51 : 4125 steps taken, and 593 accepted.
[mcmc] Progress @ 2025-12-02 09:45:03 : 4153 steps taken, and 599 accepted.
[mcmc] Progress @ 2025-12-02 09:46:16 : 4179 steps taken, and 602 accepted.
-56 rho_eV2=2.17e+58 rho_final=1.22e+03
BG_FUNC: a=1.26e-05 V=8.89e-01 factor_V=2.45e+58 factor_rho=5.62e-56 rho_eV2=2.17e+58 rho_final=1.22e+03
RIDDER SWITCHING: z_osc = 8309.13, a_osc = 1.203350e-04
DEBUG: Ridder field ENABLED. Lambda = 1.840933e+00
DEBUG: Ridder field ENABLED. Lambda = 1.840933e+00
BG_FUNC: a=3.69e-14 V=1.12e+00 factor_V=2.45e+58 factor_rho=5.62e-56 rho_eV2=2.73e+58 rho_final=1.53e+03
BG_FUNC: a=1.40e-12 V=1.12e+00 factor_V=2.45e+58 factor_rho=5.62e-56 rho_eV2=2.73e+58 rho_final=1.53e+03
BG_FUNC: a=5.54e-11 V=1.12e+00 factor_V=2.45e+58 factor_rho=5.62e-56 rho_eV2=2.73e+58 rho_final=1.53e+03
BG_FUNC: a=2.20e-09 V=1.12e+00 factor_V=2.45e+58 factor_rho=5.62e-56 rho_eV2=2.73e+58 rho_final=1.53e+03
BG_FUNC: a=8.71e-08 V=1.12e+00 factor_V=2.45e+58 factor_rho=5.62e-56 rho_eV2=2.73e+58 rho_final=1.53e+03
BG_FUNC: a=3.45e-06 V=1.12e+00 factor_V=2.45e+58 factor_rho=5.62e-56 rho_eV2=2.73e+58 rho_final=1.53e+03
RIDDER SWITCHING: z_osc = 8867.52, a_osc = 1.127584e-04
DEBUG: Ridder field ENABLED. Lambda = 1.888726e+00
DEBUG: Ridder field ENABLED. Lambda = 1.888726e+00
BG_FUNC: a=1.11e-14 V=1.24e+00 factor_V=2.45e+58 factor_rho=5.62e-56 rho_eV2=3.02e+58 rho_final=1.70e+03
BG_FUNC: a=4.11e-13 V=1.24e+00 factor_V=2.45e+58 factor_rho=5.62e-56 rho_eV2=3.02e+58 rho_final=1.70e+03
BG_FUNC: a=1.63e-11 V=1.24e+00 factor_V=2.45e+58 factor_rho=5.62e-56 rho_eV2=3.02e+58 rho_final=1.70e+03
BG_FUNC: a=6.47e-10 V=1.24e+00 factor_V=2.45e+58 factor_rho=5.62e-56 rho_eV2=3.02e+58 rho_final=1.70e+03
BG_FUNC: a=2.57e-08 V=1.24e+00 factor_V=2.45e+58 factor_rho=5.62e-56 rho_eV2=3.02e+58 rho_final=1.70e+03
BG_FUNC: a=1.02e-06 V=1.24e+00 factor_V=2.45e+58 factor_rho=5.62e-56 rho_eV2=3.02e+58 rho_final=1.70e+03
BG_FUNC: a=4.03e-05 V=1.21e+00 factor_V=2.45e+58 factor_rho=5.62e-56 rho_eV2=2.98e+58 rho_final=1.68e+03
RIDDER SWITCHING: z_osc = 9139.29, a_osc = 1.094057e-04
DEBUG: Ridder field ENABLED. Lambda = 2.255822e+00
DEBUG: Ridder field ENABLED. Lambda = 2.255822e+00
BG_FUNC: a=1.26e-13 V=2.52e+00 factor_V=2.45e+58 factor_rho=5.62e-56 rho_eV2=6.15e+58 rho_final=3.46e+03
BG_FUNC: a=5.00e-12 V=2.52e+00 factor_V=2.45e+58 factor_rho=5.62e-56 rho_eV2=6.15e+58 rho_final=3.46e+03
BG_FUNC: a=2.00e-10 V=2.52e+00 factor_V=2.45e+58 factor_rho=5.62e-56 rho_eV2=6.15e+58 rho_final=3.46e+03
BG_FUNC: a=7.98e-09 V=2.52e+00 factor_V=2.45e+58 factor_rho=5.62e-56 rho_eV2=6.15e+58 rho_final=3.46e+03
BG_FUNC: a=3.19e-07 V=2.52e+00 factor_V=2.45e+58 factor_rho=5.62e-56 rho_eV2=6.15e+58 rho_final=3.46e+03
BG_FUNC: a=1.27e-05 V=2.51e+00 factor_V=2.45e+58 factor_rho=5.62e-56 rho_eV2=6.15e+58 rho_final=3.46e+03
RIDDER SWITCHING: z_osc = 11065.67, a_osc = 9.036139e-05
DEBUG: Ridder field ENABLED. Lambda = 2.157103e+00
DEBUG: Ridder field ENABLED. Lambda = 2.157103e+00
BG_FUNC: a=4.96e-14 V=2.10e+00 factor_V=2.45e+58 factor_rho=5.62e-56 rho_eV2=5.14e+58 rho_final=2.89e+03
BG_FUNC: a=1.91e-12 V=2.10e+00 factor_V=2.45e+58 factor_rho=5.62e-56 rho_eV2=5.14e+58 rho_final=2.89e+03
BG_FUNC: a=7.63e-11 V=2.10e+00 factor_V=2.45e+58 factor_rho=5.62e-56 rho_eV2=5.14e+58 rho_final=2.89e+03
BG_FUNC: a=3.05e-09 V=2.10e+00 factor_V=2.45e+58 factor_rho=5.62e-56 rho_eV2=5.14e+58 rho_final=2.89e+03
BG_FUNC: a=1.22e-07 V=2.10e+00 factor_V=2.45e+58 factor_rho=5.62e-56 rho_eV2=5.14e+58 rho_final=2.89e+03
BG_FUNC: a=4.89e-06 V=2.10e+00 factor_V=2.45e+58 factor_rho=5.62e-56 rho_eV2=5.14e+58 rho_final=2.89e+03
RIDDER SWITCHING: z_osc = 10596.21, a_osc = 9.436443e-05
DEBUG: Ridder field ENABLED. Lambda = 1.899867e+00
DEBUG: Ridder field ENABLED. Lambda = 1.899867e+00
BG_FUNC: a=1.86e-14 V=1.27e+00 factor_V=2.45e+58 factor_rho=5.62e-56 rho_eV2=3.09e+58 rho_final=1.74e+03
BG_FUNC: a=6.96e-13 V=1.27e+00 factor_V=2.45e+58 factor_rho=5.62e-56 rho_eV2=3.09e+58 rho_final=1.74e+03
BG_FUNC: a=2.76e-11 V=1.27e+00 factor_V=2.45e+58 factor_rho=5.62e-56 rho_eV2=3.09e+58 rho_final=1.74e+03
BG_FUNC: a=1.10e-09 V=1.27e+00 factor_V=2.45e+58 factor_rho=5.62e-56 rho_eV2=3.09e+58 rho_final=1.74e+03
BG_FUNC: a=4.36e-08 V=1.27e+00 factor_V=2.45e+58 factor_rho=5.62e-56 rho_eV2=3.09e+58 rho_final=1.74e+03
BG_FUNC: [mcmc] Progress @ 2025-12-02 09:47:18 : 4184 steps taken, and 602 accepted.
[mcmc] Progress @ 2025-12-02 09:48:37 : 4238 steps taken, and 609 accepted.
a=1.73e-06 V=1.27e+00 factor_V=2.45e+58 factor_rho=5.62e-56 rho_eV2=3.09e+58 rho_final=1.74e+03
BG_FUNC: a=6.82e-05 V=1.06e+00 factor_V=2.45e+58 factor_rho=5.62e-56 rho_eV2=2.77e+58 rho_final=1.56e+03
RIDDER SWITCHING: z_osc = 9186.12, a_osc = 1.088480e-04
DEBUG: Ridder field ENABLED. Lambda = 1.825717e+00
DEBUG: Ridder field ENABLED. Lambda = 1.825717e+00
BG_FUNC: a=2.13e-13 V=1.08e+00 factor_V=2.45e+58 factor_rho=5.62e-56 rho_eV2=2.64e+58 rho_final=1.48e+03
BG_FUNC: a=8.46e-12 V=1.08e+00 factor_V=2.45e+58 factor_rho=5.62e-56 rho_eV2=2.64e+58 rho_final=1.48e+03
BG_FUNC: a=3.36e-10 V=1.08e+00 factor_V=2.45e+58 factor_rho=5.62e-56 rho_eV2=2.64e+58 rho_final=1.48e+03
BG_FUNC: a=1.33e-08 V=1.08e+00 factor_V=2.45e+58 factor_rho=5.62e-56 rho_eV2=2.64e+58 rho_final=1.48e+03
BG_FUNC: a=5.29e-07 V=1.08e+00 factor_V=2.45e+58 factor_rho=5.62e-56 rho_eV2=2.64e+58 rho_final=1.48e+03
BG_FUNC: a=2.10e-05 V=1.08e+00 factor_V=2.45e+58 factor_rho=5.62e-56 rho_eV2=2.64e+58 rho_final=1.48e+03
RIDDER SWITCHING: z_osc = 8801.95, a_osc = 1.135983e-04
DEBUG: Ridder field ENABLED. Lambda = 1.938804e+00
DEBUG: Ridder field ENABLED. Lambda = 1.938804e+00
BG_FUNC: a=6.51e-14 V=1.37e+00 factor_V=2.45e+58 factor_rho=5.62e-56 rho_eV2=3.36e+58 rho_final=1.89e+03
BG_FUNC: a=2.50e-12 V=1.37e+00 factor_V=2.45e+58 factor_rho=5.62e-56 rho_eV2=3.36e+58 rho_final=1.89e+03
BG_FUNC: a=9.91e-11 V=1.37e+00 factor_V=2.45e+58 factor_rho=5.62e-56 rho_eV2=3.36e+58 rho_final=1.89e+03
BG_FUNC: a=3.93e-09 V=1.37e+00 factor_V=2.45e+58 factor_rho=5.62e-56 rho_eV2=3.36e+58 rho_final=1.89e+03
BG_FUNC: a=1.56e-07 V=1.37e+00 factor_V=2.45e+58 factor_rho=5.62e-56 rho_eV2=3.36e+58 rho_final=1.89e+03
BG_FUNC: a=6.21e-06 V=1.37e+00 factor_V=2.45e+58 factor_rho=5.62e-56 rho_eV2=3.36e+58 rho_final=1.89e+03
RIDDER SWITCHING: z_osc = 9370.05, a_osc = 1.067116e-04
DEBUG: Ridder field ENABLED. Lambda = 1.840327e+00
DEBUG: Ridder field ENABLED. Lambda = 1.840327e+00
BG_FUNC: a=2.06e-14 V=1.11e+00 factor_V=2.45e+58 factor_rho=5.62e-56 rho_eV2=2.72e+58 rho_final=1.53e+03
BG_FUNC: a=7.75e-13 V=1.11e+00 factor_V=2.45e+58 factor_rho=5.62e-56 rho_eV2=2.72e+58 rho_final=1.53e+03
BG_FUNC: a=3.10e-11 V=1.11e+00 factor_V=2.45e+58 factor_rho=5.62e-56 rho_eV2=2.72e+58 rho_final=1.53e+03
BG_FUNC: a=1.22e-09 V=1.11e+00 factor_V=2.45e+58 factor_rho=5.62e-56 rho_eV2=2.72e+58 rho_final=1.53e+03
BG_FUNC: a=4.84e-08 V=1.11e+00 factor_V=2.45e+58 factor_rho=5.62e-56 rho_eV2=2.72e+58 rho_final=1.53e+03
BG_FUNC: a=1.92e-06 V=1.11e+00 factor_V=2.45e+58 factor_rho=5.62e-56 rho_eV2=2.72e+58 rho_final=1.53e+03
BG_FUNC: a=7.53e-05 V=8.83e-01 factor_V=2.45e+58 factor_rho=5.62e-56 rho_eV2=2.37e+58 rho_final=1.33e+03
RIDDER SWITCHING: z_osc = 8901.19, a_osc = 1.123319e-04
DEBUG: Ridder field ENABLED. Lambda = 2.027608e+00
DEBUG: Ridder field ENABLED. Lambda = 2.027608e+00
BG_FUNC: a=2.28e-13 V=1.64e+00 factor_V=2.45e+58 factor_rho=5.62e-56 rho_eV2=4.01e+58 rho_final=2.26e+03
BG_FUNC: a=9.05e-12 V=1.64e+00 factor_V=2.45e+58 factor_rho=5.62e-56 rho_eV2=4.01e+58 rho_final=2.26e+03
BG_FUNC: a=3.58e-10 V=1.64e+00 factor_V=2.45e+58 factor_rho=5.62e-56 rho_eV2=4.01e+58 rho_final=2.26e+03
BG_FUNC: a=1.42e-08 V=1.64e+00 factor_V=2.45e+58 factor_rho=5.62e-56 rho_eV2=4.01e+58 rho_final=2.26e+03
BG_FUNC: a=5.62e-07 V=1.64e+00 factor_V=2.45e+58 factor_rho=5.62e-56 rho_eV2=4.01e+58 rho_final=2.26e+03
BG_FUNC: a=2.22e-05 V=1.64e+00 factor_V=2.45e+58 factor_rho=5.62e-56 rho_eV2=4.01e+58 rho_final=2.25e+03
RIDDER SWITCHING: z_osc = 9845.69, a_osc = 1.015570e-04
DEBUG: Ridder field ENABLED. Lambda = 1.656081e+00
DEBUG: Ridder field ENABLED. Lambda = 1.656081e+00
BG_FUNC: a=7.65e-14 V=7.31e-01 factor_V=2.45e+58 factor_rho=5.62e-56 rho_eV2=1.79e+58 rho_final=1.00e+03
BG_FUNC: a=2.94e-12 V=7.31e-01 factor_V=2.45e+58 factor_rho=5.62e-56 rho_eV2=1.79e+58 rho_final=1.00e+03
BG_FUNC: a=1.17e-10 V=7.31e-01 factor_V=2.45e+58 factor_rho=5.62e-56 rho_eV2=1.79e+58 rho_final=1.00e+03
BG_FUNC: a=4.63e-09 V=7.31e-01 factor_V=2.45e+58 factor_rho=5.62e-56 rho_eV2=1.79e+58 rho_final=1.00e+03
BG_FUNC: a=1.84e-07 V=7.31e-01 factor_V=2.45e+58 factor_rho=[mcmc] Progress @ 2025-12-02 09:49:43 : 4253 steps taken, and 611 accepted.
[mcmc] Progress @ 2025-12-02 09:50:59 : 4277 steps taken, and 618 accepted.
[mcmc] Progress @ 2025-12-02 09:52:04 : 4285 steps taken, and 618 accepted.
5.62e-56 rho_eV2=1.79e+58 rho_final=1.00e+03
BG_FUNC: a=7.31e-06 V=7.31e-01 factor_V=2.45e+58 factor_rho=5.62e-56 rho_eV2=1.79e+58 rho_final=1.00e+03
RIDDER SWITCHING: z_osc = 7906.63, a_osc = 1.264602e-04
DEBUG: Ridder field ENABLED. Lambda = 2.101652e+00
DEBUG: Ridder field ENABLED. Lambda = 2.101652e+00
BG_FUNC: a=2.06e-14 V=1.90e+00 factor_V=2.45e+58 factor_rho=5.62e-56 rho_eV2=4.63e+58 rho_final=2.61e+03
BG_FUNC: a=7.80e-13 V=1.90e+00 factor_V=2.45e+58 factor_rho=5.62e-56 rho_eV2=4.63e+58 rho_final=2.61e+03
BG_FUNC: a=3.07e-11 V=1.90e+00 factor_V=2.45e+58 factor_rho=5.62e-56 rho_eV2=4.63e+58 rho_final=2.61e+03
BG_FUNC: a=1.22e-09 V=1.90e+00 factor_V=2.45e+58 factor_rho=5.62e-56 rho_eV2=4.63e+58 rho_final=2.61e+03
BG_FUNC: a=4.86e-08 V=1.90e+00 factor_V=2.45e+58 factor_rho=5.62e-56 rho_eV2=4.63e+58 rho_final=2.61e+03
BG_FUNC: a=1.91e-06 V=1.90e+00 factor_V=2.45e+58 factor_rho=5.62e-56 rho_eV2=4.63e+58 rho_final=2.61e+03
BG_FUNC: a=7.52e-05 V=1.29e+00 factor_V=2.45e+58 factor_rho=5.62e-56 rho_eV2=3.67e+58 rho_final=2.06e+03
RIDDER SWITCHING: z_osc = 10252.99, a_osc = 9.752303e-05
DEBUG: Ridder field ENABLED. Lambda = 1.746492e+00
DEBUG: Ridder field ENABLED. Lambda = 1.746492e+00
BG_FUNC: a=2.62e-13 V=9.04e-01 factor_V=2.45e+58 factor_rho=5.62e-56 rho_eV2=2.21e+58 rho_final=1.24e+03
BG_FUNC: a=1.03e-11 V=9.04e-01 factor_V=2.45e+58 factor_rho=5.62e-56 rho_eV2=2.21e+58 rho_final=1.24e+03
BG_FUNC: a=4.02e-10 V=9.04e-01 factor_V=2.45e+58 factor_rho=5.62e-56 rho_eV2=2.21e+58 rho_final=1.24e+03
BG_FUNC: a=1.57e-08 V=9.04e-01 factor_V=2.45e+58 factor_rho=5.62e-56 rho_eV2=2.21e+58 rho_final=1.24e+03
BG_FUNC: a=6.23e-07 V=9.04e-01 factor_V=2.45e+58 factor_rho=5.62e-56 rho_eV2=2.21e+58 rho_final=1.24e+03
BG_FUNC: a=2.36e-05 V=9.02e-01 factor_V=2.45e+58 factor_rho=5.62e-56 rho_eV2=2.21e+58 rho_final=1.24e+03
RIDDER SWITCHING: z_osc = 8376.42, a_osc = 1.193684e-04
DEBUG: Ridder field ENABLED. Lambda = 1.713280e+00
DEBUG: Ridder field ENABLED. Lambda = 1.713280e+00
BG_FUNC: a=6.93e-14 V=8.37e-01 factor_V=2.45e+58 factor_rho=5.62e-56 rho_eV2=2.05e+58 rho_final=1.15e+03
BG_FUNC: a=2.70e-12 V=8.37e-01 factor_V=2.45e+58 factor_rho=5.62e-56 rho_eV2=2.05e+58 rho_final=1.15e+03
BG_FUNC: a=1.08e-10 V=8.37e-01 factor_V=2.45e+58 factor_rho=5.62e-56 rho_eV2=2.05e+58 rho_final=1.15e+03
BG_FUNC: a=4.28e-09 V=8.37e-01 factor_V=2.45e+58 factor_rho=5.62e-56 rho_eV2=2.05e+58 rho_final=1.15e+03
BG_FUNC: a=1.71e-07 V=8.37e-01 factor_V=2.45e+58 factor_rho=5.62e-56 rho_eV2=2.05e+58 rho_final=1.15e+03
BG_FUNC: a=6.83e-06 V=8.37e-01 factor_V=2.45e+58 factor_rho=5.62e-56 rho_eV2=2.05e+58 rho_final=1.15e+03
RIDDER SWITCHING: z_osc = 8290.07, a_osc = 1.206117e-04
DEBUG: Ridder field ENABLED. Lambda = 1.789019e+00
DEBUG: Ridder field ENABLED. Lambda = 1.789019e+00
BG_FUNC: a=2.02e-14 V=9.95e-01 factor_V=2.45e+58 factor_rho=5.62e-56 rho_eV2=2.43e+58 rho_final=1.37e+03
BG_FUNC: a=7.58e-13 V=9.95e-01 factor_V=2.45e+58 factor_rho=5.62e-56 rho_eV2=2.43e+58 rho_final=1.37e+03
BG_FUNC: a=3.01e-11 V=9.95e-01 factor_V=2.45e+58 factor_rho=5.62e-56 rho_eV2=2.43e+58 rho_final=1.37e+03
BG_FUNC: a=1.20e-09 V=9.95e-01 factor_V=2.45e+58 factor_rho=5.62e-56 rho_eV2=2.43e+58 rho_final=1.37e+03
BG_FUNC: a=4.75e-08 V=9.95e-01 factor_V=2.45e+58 factor_rho=5.62e-56 rho_eV2=2.43e+58 rho_final=1.37e+03
BG_FUNC: a=1.88e-06 V=9.95e-01 factor_V=2.45e+58 factor_rho=5.62e-56 rho_eV2=2.43e+58 rho_final=1.37e+03
BG_FUNC: a=7.42e-05 V=8.18e-01 factor_V=2.45e+58 factor_rho=5.62e-56 rho_eV2=2.16e+58 rho_final=1.21e+03
RIDDER SWITCHING: z_osc = 8582.01, a_osc = 1.165092e-04
DEBUG: Ridder field ENABLED. Lambda = 1.646096e+00
DEBUG: Ridder field ENABLED. Lambda = 1.646096e+00
BG_FUNC: a=2.18e-13 V=7.13e-01 factor_V=2.45e+58 factor_rho=5.62e-56 rho_eV2=1.74e+58 rho_final=9.80e+02
BG_FUNC: a=8.65e-12 V=7.13e-01 factor_V=2.45e+58 factor_rho=5.62e-56 rho_eV2=1.74e+58 rho_final=9.80e+02
BG_FUNC: a=3.46e-10 V=7.13e-01 factor_V=2.45e+58 factor_rho=5.62e-56 rho_eV2=1.74e+58 rho_final=9.80e+02
BG_FUNC: a=1.36e-08 V=7.13e-01 factor_V=2.45e+58 factor_rho=5.62e-56 rho_eV2=1.74e+58 rho_final=9.80e+02
BG_FU[mcmc] Progress @ 2025-12-02 09:53:21 : 4325 steps taken, and 629 accepted.
[mcmc] Progress @ 2025-12-02 09:54:25 : 4335 steps taken, and 631 accepted.
NC: a=5.38e-07 V=7.13e-01 factor_V=2.45e+58 factor_rho=5.62e-56 rho_eV2=1.74e+58 rho_final=9.80e+02
BG_FUNC: a=2.13e-05 V=7.12e-01 factor_V=2.45e+58 factor_rho=5.62e-56 rho_eV2=1.74e+58 rho_final=9.80e+02
RIDDER SWITCHING: z_osc = 7888.21, a_osc = 1.267554e-04
DEBUG: Ridder field ENABLED. Lambda = 1.934413e+00
DEBUG: Ridder field ENABLED. Lambda = 1.934413e+00
BG_FUNC: a=5.90e-14 V=1.36e+00 factor_V=2.45e+58 factor_rho=5.62e-56 rho_eV2=3.33e+58 rho_final=1.87e+03
BG_FUNC: a=2.25e-12 V=1.36e+00 factor_V=2.45e+58 factor_rho=5.62e-56 rho_eV2=3.33e+58 rho_final=1.87e+03
BG_FUNC: a=8.96e-11 V=1.36e+00 factor_V=2.45e+58 factor_rho=5.62e-56 rho_eV2=3.33e+58 rho_final=1.87e+03
BG_FUNC: a=3.56e-09 V=1.36e+00 factor_V=2.45e+58 factor_rho=5.62e-56 rho_eV2=3.33e+58 rho_final=1.87e+03
BG_FUNC: a=1.41e-07 V=1.36e+00 factor_V=2.45e+58 factor_rho=5.62e-56 rho_eV2=3.33e+58 rho_final=1.87e+03
BG_FUNC: a=5.62e-06 V=1.36e+00 factor_V=2.45e+58 factor_rho=5.62e-56 rho_eV2=3.33e+58 rho_final=1.87e+03
RIDDER SWITCHING: z_osc = 9378.48, a_osc = 1.066157e-04
DEBUG: Ridder field ENABLED. Lambda = 2.298162e+00
DEBUG: Ridder field ENABLED. Lambda = 2.298162e+00
BG_FUNC: a=1.88e-14 V=2.71e+00 factor_V=2.45e+58 factor_rho=5.62e-56 rho_eV2=6.63e+58 rho_final=3.73e+03
BG_FUNC: a=7.05e-13 V=2.71e+00 factor_V=2.45e+58 factor_rho=5.62e-56 rho_eV2=6.63e+58 rho_final=3.73e+03
BG_FUNC: a=2.80e-11 V=2.71e+00 factor_V=2.45e+58 factor_rho=5.62e-56 rho_eV2=6.63e+58 rho_final=3.73e+03
BG_FUNC: a=1.11e-09 V=2.71e+00 factor_V=2.45e+58 factor_rho=5.62e-56 rho_eV2=6.63e+58 rho_final=3.73e+03
BG_FUNC: a=4.42e-08 V=2.71e+00 factor_V=2.45e+58 factor_rho=5.62e-56 rho_eV2=6.63e+58 rho_final=3.73e+03
BG_FUNC: a=1.75e-06 V=2.71e+00 factor_V=2.45e+58 factor_rho=5.62e-56 rho_eV2=6.63e+58 rho_final=3.73e+03
BG_FUNC: a=6.87e-05 V=1.84e+00 factor_V=2.45e+58 factor_rho=5.62e-56 rho_eV2=5.24e+58 rho_final=2.94e+03
RIDDER SWITCHING: z_osc = 11299.52, a_osc = 8.849148e-05
DEBUG: Ridder field ENABLED. Lambda = 2.037068e+00
DEBUG: Ridder field ENABLED. Lambda = 2.037068e+00
BG_FUNC: a=2.67e-13 V=1.67e+00 factor_V=2.45e+58 factor_rho=5.62e-56 rho_eV2=4.09e+58 rho_final=2.30e+03
BG_FUNC: a=1.07e-11 V=1.67e+00 factor_V=2.45e+58 factor_rho=5.62e-56 rho_eV2=4.09e+58 rho_final=2.30e+03
BG_FUNC: a=4.34e-10 V=1.67e+00 factor_V=2.45e+58 factor_rho=5.62e-56 rho_eV2=4.09e+58 rho_final=2.30e+03
BG_FUNC: a=1.73e-08 V=1.67e+00 factor_V=2.45e+58 factor_rho=5.62e-56 rho_eV2=4.09e+58 rho_final=2.30e+03
BG_FUNC: a=6.94e-07 V=1.67e+00 factor_V=2.45e+58 factor_rho=5.62e-56 rho_eV2=4.09e+58 rho_final=2.30e+03
BG_FUNC: a=2.78e-05 V=1.66e+00 factor_V=2.45e+58 factor_rho=5.62e-56 rho_eV2=4.07e+58 rho_final=2.29e+03
RIDDER SWITCHING: z_osc = 9887.83, a_osc = 1.011242e-04
DEBUG: Ridder field ENABLED. Lambda = 1.619682e+00
DEBUG: Ridder field ENABLED. Lambda = 1.619682e+00
BG_FUNC: a=9.38e-14 V=6.69e-01 factor_V=2.45e+58 factor_rho=5.62e-56 rho_eV2=1.63e+58 rho_final=9.19e+02
BG_FUNC: a=3.75e-12 V=6.69e-01 factor_V=2.45e+58 factor_rho=5.62e-56 rho_eV2=1.63e+58 rho_final=9.19e+02
BG_FUNC: a=1.48e-10 V=6.69e-01 factor_V=2.45e+58 factor_rho=5.62e-56 rho_eV2=1.63e+58 rho_final=9.19e+02
BG_FUNC: a=5.86e-09 V=6.69e-01 factor_V=2.45e+58 factor_rho=5.62e-56 rho_eV2=1.63e+58 rho_final=9.19e+02
BG_FUNC: a=2.33e-07 V=6.69e-01 factor_V=2.45e+58 factor_rho=5.62e-56 rho_eV2=1.63e+58 rho_final=9.19e+02
BG_FUNC: a=9.25e-06 V=6.69e-01 factor_V=2.45e+58 factor_rho=5.62e-56 rho_eV2=1.63e+58 rho_final=9.19e+02
RIDDER SWITCHING: z_osc = 7719.96, a_osc = 1.295176e-04
DEBUG: Ridder field ENABLED. Lambda = 1.932811e+00
DEBUG: Ridder field ENABLED. Lambda = 1.932811e+00
BG_FUNC: a=2.54e-14 V=1.36e+00 factor_V=2.45e+58 factor_rho=5.62e-56 rho_eV2=3.31e+58 rho_final=1.86e+03
BG_FUNC: a=9.64e-13 V=1.36e+00 factor_V=2.45e+58 factor_rho=5.62e-56 rho_eV2=3.31e+58 rho_final=1.86e+03
BG_FUNC: a=3.87e-11 V=1.36e+00 factor_V=2.45e+58 factor_rho=5.62e-56 rho_eV2=3.31e+58 rho_final=1.86e+03
BG_FUNC: a=1.55e-09 V=1.36e+00 factor_V=2.45e+58 factor_rho=5.62e-56 rho_eV2=3.31e+58 rho_final=1.86e+03
BG_FUNC: a=6.22e-08 V=1.36e+00 factor_V=2.45e+58 factor[mcmc] Progress @ 2025-12-02 09:55:40 : 4352 steps taken, and 634 accepted.
[mcmc] Progress @ 2025-12-02 09:56:47 : 4367 steps taken, and 638 accepted.
[mcmc] Progress @ 2025-12-02 09:57:54 : 4379 steps taken, and 639 accepted.
_rho=5.62e-56 rho_eV2=3.31e+58 rho_final=1.86e+03
BG_FUNC: a=2.49e-06 V=1.36e+00 factor_V=2.45e+58 factor_rho=5.62e-56 rho_eV2=3.31e+58 rho_final=1.86e+03
BG_FUNC: a=9.72e-05 V=6.69e-01 factor_V=2.45e+58 factor_rho=5.62e-56 rho_eV2=2.17e+58 rho_final=1.22e+03
RIDDER SWITCHING: z_osc = 9337.36, a_osc = 1.070851e-04
DEBUG: Ridder field ENABLED. Lambda = 1.881988e+00
DEBUG: Ridder field ENABLED. Lambda = 1.881988e+00
BG_FUNC: a=3.13e-13 V=1.22e+00 factor_V=2.45e+58 factor_rho=5.62e-56 rho_eV2=2.98e+58 rho_final=1.68e+03
BG_FUNC: a=1.24e-11 V=1.22e+00 factor_V=2.45e+58 factor_rho=5.62e-56 rho_eV2=2.98e+58 rho_final=1.68e+03
BG_FUNC: a=4.94e-10 V=1.22e+00 factor_V=2.45e+58 factor_rho=5.62e-56 rho_eV2=2.98e+58 rho_final=1.68e+03
BG_FUNC: a=1.96e-08 V=1.22e+00 factor_V=2.45e+58 factor_rho=5.62e-56 rho_eV2=2.98e+58 rho_final=1.68e+03
BG_FUNC: a=7.80e-07 V=1.22e+00 factor_V=2.45e+58 factor_rho=5.62e-56 rho_eV2=2.98e+58 rho_final=1.68e+03
BG_FUNC: a=3.09e-05 V=1.21e+00 factor_V=2.45e+58 factor_rho=5.62e-56 rho_eV2=2.97e+58 rho_final=1.67e+03
RIDDER SWITCHING: z_osc = 9101.57, a_osc = 1.098591e-04
DEBUG: Ridder field ENABLED. Lambda = 2.299832e+00
DEBUG: Ridder field ENABLED. Lambda = 2.299832e+00
BG_FUNC: a=9.53e-14 V=2.72e+00 factor_V=2.45e+58 factor_rho=5.62e-56 rho_eV2=6.65e+58 rho_final=3.74e+03
BG_FUNC: a=3.77e-12 V=2.72e+00 factor_V=2.45e+58 factor_rho=5.62e-56 rho_eV2=6.65e+58 rho_final=3.74e+03
BG_FUNC: a=1.51e-10 V=2.72e+00 factor_V=2.45e+58 factor_rho=5.62e-56 rho_eV2=6.65e+58 rho_final=3.74e+03
BG_FUNC: a=5.95e-09 V=2.72e+00 factor_V=2.45e+58 factor_rho=5.62e-56 rho_eV2=6.65e+58 rho_final=3.74e+03
BG_FUNC: a=2.36e-07 V=2.72e+00 factor_V=2.45e+58 factor_rho=5.62e-56 rho_eV2=6.65e+58 rho_final=3.74e+03
BG_FUNC: a=9.39e-06 V=2.72e+00 factor_V=2.45e+58 factor_rho=5.62e-56 rho_eV2=6.64e+58 rho_final=3.74e+03
RIDDER SWITCHING: z_osc = 11390.27, a_osc = 8.778652e-05
DEBUG: Ridder field ENABLED. Lambda = 1.561410e+00
DEBUG: Ridder field ENABLED. Lambda = 1.561410e+00
BG_FUNC: a=3.78e-14 V=5.77e-01 factor_V=2.45e+58 factor_rho=5.62e-56 rho_eV2=1.41e+58 rho_final=7.94e+02
BG_FUNC: a=1.45e-12 V=5.77e-01 factor_V=2.45e+58 factor_rho=5.62e-56 rho_eV2=1.41e+58 rho_final=7.94e+02
BG_FUNC: a=5.81e-11 V=5.77e-01 factor_V=2.45e+58 factor_rho=5.62e-56 rho_eV2=1.41e+58 rho_final=7.94e+02
BG_FUNC: a=2.35e-09 V=5.77e-01 factor_V=2.45e+58 factor_rho=5.62e-56 rho_eV2=1.41e+58 rho_final=7.94e+02
BG_FUNC: a=9.33e-08 V=5.77e-01 factor_V=2.45e+58 factor_rho=5.62e-56 rho_eV2=1.41e+58 rho_final=7.94e+02
BG_FUNC: a=3.74e-06 V=5.77e-01 factor_V=2.45e+58 factor_rho=5.62e-56 rho_eV2=1.41e+58 rho_final=7.94e+02
RIDDER SWITCHING: z_osc = 7438.02, a_osc = 1.344263e-04
DEBUG: Ridder field ENABLED. Lambda = 2.016488e+00
DEBUG: Ridder field ENABLED. Lambda = 2.016488e+00
BG_FUNC: a=1.02e-14 V=1.61e+00 factor_V=2.45e+58 factor_rho=5.62e-56 rho_eV2=3.93e+58 rho_final=2.21e+03
BG_FUNC: a=3.78e-13 V=1.61e+00 factor_V=2.45e+58 factor_rho=5.62e-56 rho_eV2=3.93e+58 rho_final=2.21e+03
BG_FUNC: a=1.51e-11 V=1.61e+00 factor_V=2.45e+58 factor_rho=5.62e-56 rho_eV2=3.93e+58 rho_final=2.21e+03
BG_FUNC: a=6.03e-10 V=1.61e+00 factor_V=2.45e+58 factor_rho=5.62e-56 rho_eV2=3.93e+58 rho_final=2.21e+03
BG_FUNC: a=2.41e-08 V=1.61e+00 factor_V=2.45e+58 factor_rho=5.62e-56 rho_eV2=3.93e+58 rho_final=2.21e+03
BG_FUNC: a=9.64e-07 V=1.61e+00 factor_V=2.45e+58 factor_rho=5.62e-56 rho_eV2=3.93e+58 rho_final=2.21e+03
BG_FUNC: a=3.84e-05 V=1.57e+00 factor_V=2.45e+58 factor_rho=5.62e-56 rho_eV2=3.87e+58 rho_final=2.17e+03
RIDDER SWITCHING: z_osc = 9816.38, a_osc = 1.018601e-04
DEBUG: Ridder field ENABLED. Lambda = 1.786531e+00
DEBUG: Ridder field ENABLED. Lambda = 1.786531e+00
BG_FUNC: a=1.28e-13 V=9.90e-01 factor_V=2.45e+58 factor_rho=5.62e-56 rho_eV2=2.42e+58 rho_final=1.36e+03
BG_FUNC: a=5.11e-12 V=9.90e-01 factor_V=2.45e+58 factor_rho=5.62e-56 rho_eV2=2.42e+58 rho_final=1.36e+03
BG_FUNC: a=2.05e-10 V=9.90e-01 factor_V=2.45e+58 factor_rho=5.62e-56 rho_eV2=2.42e+58 rho_final=1.36e+03
BG_FUNC: a=8.20e-09 V=9.90e-01 factor_V=2.45e+58 factor_rho=5.62e-56 rho_eV2=2.42e+58 rho_final=1.36e+03
[mcmc] Progress @ 2025-12-02 09:59:17 : 4422 steps taken, and 644 accepted.
[mcmc] Progress @ 2025-12-02 10:00:25 : 4439 steps taken, and 648 accepted.
BG_FUNC: a=3.31e-07 V=9.90e-01 factor_V=2.45e+58 factor_rho=5.62e-56 rho_eV2=2.42e+58 rho_final=1.36e+03
BG_FUNC: a=1.31e-05 V=9.89e-01 factor_V=2.45e+58 factor_rho=5.62e-56 rho_eV2=2.42e+58 rho_final=1.36e+03
RIDDER SWITCHING: z_osc = 8622.95, a_osc = 1.159562e-04
DEBUG: Ridder field ENABLED. Lambda = 1.446934e+00
DEBUG: Ridder field ENABLED. Lambda = 1.446934e+00
BG_FUNC: a=4.03e-14 V=4.26e-01 factor_V=2.45e+58 factor_rho=5.62e-56 rho_eV2=1.04e+58 rho_final=5.85e+02
BG_FUNC: a=1.55e-12 V=4.26e-01 factor_V=2.45e+58 factor_rho=5.62e-56 rho_eV2=1.04e+58 rho_final=5.85e+02
BG_FUNC: a=6.26e-11 V=4.26e-01 factor_V=2.45e+58 factor_rho=5.62e-56 rho_eV2=1.04e+58 rho_final=5.85e+02
BG_FUNC: a=2.49e-09 V=4.26e-01 factor_V=2.45e+58 factor_rho=5.62e-56 rho_eV2=1.04e+58 rho_final=5.85e+02
BG_FUNC: a=1.00e-07 V=4.26e-01 factor_V=2.45e+58 factor_rho=5.62e-56 rho_eV2=1.04e+58 rho_final=5.85e+02
BG_FUNC: a=4.05e-06 V=4.26e-01 factor_V=2.45e+58 factor_rho=5.62e-56 rho_eV2=1.04e+58 rho_final=5.85e+02
RIDDER SWITCHING: z_osc = 6779.89, a_osc = 1.474733e-04
DEBUG: Ridder field ENABLED. Lambda = 1.973076e+00
DEBUG: Ridder field ENABLED. Lambda = 1.973076e+00
BG_FUNC: a=1.01e-14 V=1.47e+00 factor_V=2.45e+58 factor_rho=5.62e-56 rho_eV2=3.60e+58 rho_final=2.02e+03
BG_FUNC: a=3.70e-13 V=1.47e+00 factor_V=2.45e+58 factor_rho=5.62e-56 rho_eV2=3.60e+58 rho_final=2.02e+03
BG_FUNC: a=1.47e-11 V=1.47e+00 factor_V=2.45e+58 factor_rho=5.62e-56 rho_eV2=3.60e+58 rho_final=2.02e+03
BG_FUNC: a=5.83e-10 V=1.47e+00 factor_V=2.45e+58 factor_rho=5.62e-56 rho_eV2=3.60e+58 rho_final=2.02e+03
BG_FUNC: a=2.31e-08 V=1.47e+00 factor_V=2.45e+58 factor_rho=5.62e-56 rho_eV2=3.60e+58 rho_final=2.02e+03
BG_FUNC: a=9.16e-07 V=1.47e+00 factor_V=2.45e+58 factor_rho=5.62e-56 rho_eV2=3.60e+58 rho_final=2.02e+03
BG_FUNC: a=3.62e-05 V=1.45e+00 factor_V=2.45e+58 factor_rho=5.62e-56 rho_eV2=3.56e+58 rho_final=2.00e+03
RIDDER SWITCHING: z_osc = 9534.09, a_osc = 1.048758e-04
DEBUG: Ridder field ENABLED. Lambda = 1.817256e+00
DEBUG: Ridder field ENABLED. Lambda = 1.817256e+00
BG_FUNC: a=1.17e-13 V=1.06e+00 factor_V=2.45e+58 factor_rho=5.62e-56 rho_eV2=2.59e+58 rho_final=1.46e+03
BG_FUNC: a=4.65e-12 V=1.06e+00 factor_V=2.45e+58 factor_rho=5.62e-56 rho_eV2=2.59e+58 rho_final=1.46e+03
BG_FUNC: a=1.84e-10 V=1.06e+00 factor_V=2.45e+58 factor_rho=5.62e-56 rho_eV2=2.59e+58 rho_final=1.46e+03
BG_FUNC: a=7.36e-09 V=1.06e+00 factor_V=2.45e+58 factor_rho=5.62e-56 rho_eV2=2.59e+58 rho_final=1.46e+03
BG_FUNC: a=2.89e-07 V=1.06e+00 factor_V=2.45e+58 factor_rho=5.62e-56 rho_eV2=2.59e+58 rho_final=1.46e+03
BG_FUNC: a=1.15e-05 V=1.06e+00 factor_V=2.45e+58 factor_rho=5.62e-56 rho_eV2=2.59e+58 rho_final=1.46e+03
RIDDER SWITCHING: z_osc = 8751.52, a_osc = 1.142529e-04
DEBUG: Ridder field ENABLED. Lambda = 2.146085e+00
DEBUG: Ridder field ENABLED. Lambda = 2.146085e+00
BG_FUNC: a=3.57e-14 V=2.06e+00 factor_V=2.45e+58 factor_rho=5.62e-56 rho_eV2=5.04e+58 rho_final=2.83e+03
BG_FUNC: a=1.36e-12 V=2.06e+00 factor_V=2.45e+58 factor_rho=5.62e-56 rho_eV2=5.04e+58 rho_final=2.83e+03
BG_FUNC: a=5.39e-11 V=2.06e+00 factor_V=2.45e+58 factor_rho=5.62e-56 rho_eV2=5.04e+58 rho_final=2.83e+03
BG_FUNC: a=2.14e-09 V=2.06e+00 factor_V=2.45e+58 factor_rho=5.62e-56 rho_eV2=5.04e+58 rho_final=2.83e+03
BG_FUNC: a=8.49e-08 V=2.06e+00 factor_V=2.45e+58 factor_rho=5.62e-56 rho_eV2=5.04e+58 rho_final=2.83e+03
BG_FUNC: a=3.37e-06 V=2.06e+00 factor_V=2.45e+58 factor_rho=5.62e-56 rho_eV2=5.04e+58 rho_final=2.83e+03
RIDDER SWITCHING: z_osc = 10472.11, a_osc = 9.548266e-05
DEBUG: Ridder field ENABLED. Lambda = 1.865830e+00
DEBUG: Ridder field ENABLED. Lambda = 1.865830e+00
BG_FUNC: a=1.26e-14 V=1.18e+00 factor_V=2.45e+58 factor_rho=5.62e-56 rho_eV2=2.88e+58 rho_final=1.62e+03
BG_FUNC: a=4.71e-13 V=1.18e+00 factor_V=2.45e+58 factor_rho=5.62e-56 rho_eV2=2.88e+58 rho_final=1.62e+03
BG_FUNC: a=1.87e-11 V=1.18e+00 factor_V=2.45e+58 factor_rho=5.62e-56 rho_eV2=2.88e+58 rho_final=1.62e+03
BG_FUNC: a=7.40e-10 V=1.18e+00 factor_V=2.45e+58 factor_rho=5.62e-56 rho_eV2=2.88e+58 rho_final=1.62e+03
BG_FUNC: a=2.94e-08 V=1.18e+00 factor_V=2.45e+58 f[mcmc] Progress @ 2025-12-02 10:01:31 : 4449 steps taken, and 649 accepted.
[mcmc] Progress @ 2025-12-02 10:02:58 : 4496 steps taken, and 660 accepted.
[mcmc] Progress @ 2025-12-02 10:04:20 : 4519 steps taken, and 665 accepted.
actor_rho=5.62e-56 rho_eV2=2.88e+58 rho_final=1.62e+03
BG_FUNC: a=1.16e-06 V=1.18e+00 factor_V=2.45e+58 factor_rho=5.62e-56 rho_eV2=2.88e+58 rho_final=1.62e+03
BG_FUNC: a=4.59e-05 V=1.13e+00 factor_V=2.45e+58 factor_rho=5.62e-56 rho_eV2=2.82e+58 rho_final=1.58e+03
RIDDER SWITCHING: z_osc = 8989.45, a_osc = 1.112292e-04
DEBUG: Ridder field ENABLED. Lambda = 1.886998e+00
DEBUG: Ridder field ENABLED. Lambda = 1.886998e+00
BG_FUNC: a=1.40e-13 V=1.23e+00 factor_V=2.45e+58 factor_rho=5.62e-56 rho_eV2=3.01e+58 rho_final=1.69e+03
BG_FUNC: a=5.62e-12 V=1.23e+00 factor_V=2.45e+58 factor_rho=5.62e-56 rho_eV2=3.01e+58 rho_final=1.69e+03
BG_FUNC: a=2.26e-10 V=1.23e+00 factor_V=2.45e+58 factor_rho=5.62e-56 rho_eV2=3.01e+58 rho_final=1.69e+03
BG_FUNC: a=9.05e-09 V=1.23e+00 factor_V=2.45e+58 factor_rho=5.62e-56 rho_eV2=3.01e+58 rho_final=1.69e+03
BG_FUNC: a=3.64e-07 V=1.23e+00 factor_V=2.45e+58 factor_rho=5.62e-56 rho_eV2=3.01e+58 rho_final=1.69e+03
BG_FUNC: a=1.46e-05 V=1.23e+00 factor_V=2.45e+58 factor_rho=5.62e-56 rho_eV2=3.01e+58 rho_final=1.69e+03
RIDDER SWITCHING: z_osc = 9128.20, a_osc = 1.095386e-04
DEBUG: Ridder field ENABLED. Lambda = 2.123748e+00
DEBUG: Ridder field ENABLED. Lambda = 2.123748e+00
BG_FUNC: a=4.69e-14 V=1.98e+00 factor_V=2.45e+58 factor_rho=5.62e-56 rho_eV2=4.83e+58 rho_final=2.72e+03
BG_FUNC: a=1.78e-12 V=1.98e+00 factor_V=2.45e+58 factor_rho=5.62e-56 rho_eV2=4.83e+58 rho_final=2.72e+03
BG_FUNC: a=7.15e-11 V=1.98e+00 factor_V=2.45e+58 factor_rho=5.62e-56 rho_eV2=4.83e+58 rho_final=2.72e+03
BG_FUNC: a=2.82e-09 V=1.98e+00 factor_V=2.45e+58 factor_rho=5.62e-56 rho_eV2=4.83e+58 rho_final=2.72e+03
BG_FUNC: a=1.12e-07 V=1.98e+00 factor_V=2.45e+58 factor_rho=5.62e-56 rho_eV2=4.83e+58 rho_final=2.72e+03
BG_FUNC: a=4.44e-06 V=1.98e+00 factor_V=2.45e+58 factor_rho=5.62e-56 rho_eV2=4.83e+58 rho_final=2.72e+03
RIDDER SWITCHING: z_osc = 10387.04, a_osc = 9.626459e-05
DEBUG: Ridder field ENABLED. Lambda = 1.695632e+00
DEBUG: Ridder field ENABLED. Lambda = 1.695632e+00
BG_FUNC: a=1.65e-14 V=8.03e-01 factor_V=2.45e+58 factor_rho=5.62e-56 rho_eV2=1.96e+58 rho_final=1.10e+03
BG_FUNC: a=6.18e-13 V=8.03e-01 factor_V=2.45e+58 factor_rho=5.62e-56 rho_eV2=1.96e+58 rho_final=1.10e+03
BG_FUNC: a=2.45e-11 V=8.03e-01 factor_V=2.45e+58 factor_rho=5.62e-56 rho_eV2=1.96e+58 rho_final=1.10e+03
BG_FUNC: a=9.74e-10 V=8.03e-01 factor_V=2.45e+58 factor_rho=5.62e-56 rho_eV2=1.96e+58 rho_final=1.10e+03
BG_FUNC: a=3.87e-08 V=8.03e-01 factor_V=2.45e+58 factor_rho=5.62e-56 rho_eV2=1.96e+58 rho_final=1.10e+03
BG_FUNC: a=1.53e-06 V=8.03e-01 factor_V=2.45e+58 factor_rho=5.62e-56 rho_eV2=1.96e+58 rho_final=1.10e+03
BG_FUNC: a=6.05e-05 V=7.46e-01 factor_V=2.45e+58 factor_rho=5.62e-56 rho_eV2=1.88e+58 rho_final=1.06e+03
RIDDER SWITCHING: z_osc = 8090.09, a_osc = 1.235928e-04
DEBUG: Ridder field ENABLED. Lambda = 1.927958e+00
DEBUG: Ridder field ENABLED. Lambda = 1.927958e+00
BG_FUNC: a=1.67e-13 V=1.34e+00 factor_V=2.45e+58 factor_rho=5.62e-56 rho_eV2=3.28e+58 rho_final=1.84e+03
BG_FUNC: a=6.68e-12 V=1.34e+00 factor_V=2.45e+58 factor_rho=5.62e-56 rho_eV2=3.28e+58 rho_final=1.84e+03
BG_FUNC: a=2.67e-10 V=1.34e+00 factor_V=2.45e+58 factor_rho=5.62e-56 rho_eV2=3.28e+58 rho_final=1.84e+03
BG_FUNC: a=1.07e-08 V=1.34e+00 factor_V=2.45e+58 factor_rho=5.62e-56 rho_eV2=3.28e+58 rho_final=1.84e+03
BG_FUNC: a=4.28e-07 V=1.34e+00 factor_V=2.45e+58 factor_rho=5.62e-56 rho_eV2=3.28e+58 rho_final=1.84e+03
BG_FUNC: a=1.71e-05 V=1.34e+00 factor_V=2.45e+58 factor_rho=5.62e-56 rho_eV2=3.28e+58 rho_final=1.84e+03
RIDDER SWITCHING: z_osc = 9342.76, a_osc = 1.070233e-04
DEBUG: Ridder field ENABLED. Lambda = 2.040051e+00
DEBUG: Ridder field ENABLED. Lambda = 2.040051e+00
BG_FUNC: a=5.65e-14 V=1.68e+00 factor_V=2.45e+58 factor_rho=5.62e-56 rho_eV2=4.11e+58 rho_final=2.31e+03
BG_FUNC: a=2.14e-12 V=1.68e+00 factor_V=2.45e+58 factor_rho=5.62e-56 rho_eV2=4.11e+58 rho_final=2.31e+03
BG_FUNC: a=8.50e-11 V=1.68e+00 factor_V=2.45e+58 factor_rho=5.62e-56 rho_eV2=4.11e+58 rho_final=2.31e+03
BG_FUNC: a=3.38e-09 V=1.68e+00 factor_V=2.45e+58 factor_rho=5.62e-56 rho_eV2=4.11e+58 rho_final=2.31[mcmc] Progress @ 2025-12-02 10:05:36 : 4545 steps taken, and 668 accepted.
[mcmc] Progress @ 2025-12-02 10:06:45 : 4557 steps taken, and 670 accepted.
[mcmc] Progress @ 2025-12-02 10:07:45 : 4592 steps taken, and 677 accepted.
e+03
BG_FUNC: a=1.34e-07 V=1.68e+00 factor_V=2.45e+58 factor_rho=5.62e-56 rho_eV2=4.11e+58 rho_final=2.31e+03
BG_FUNC: a=5.32e-06 V=1.68e+00 factor_V=2.45e+58 factor_rho=5.62e-56 rho_eV2=4.11e+58 rho_final=2.31e+03
RIDDER SWITCHING: z_osc = 9895.96, a_osc = 1.010411e-04
DEBUG: Ridder field ENABLED. Lambda = 2.156296e+00
DEBUG: Ridder field ENABLED. Lambda = 2.156296e+00
BG_FUNC: a=1.87e-14 V=2.10e+00 factor_V=2.45e+58 factor_rho=5.62e-56 rho_eV2=5.14e+58 rho_final=2.89e+03
BG_FUNC: a=7.05e-13 V=2.10e+00 factor_V=2.45e+58 factor_rho=5.62e-56 rho_eV2=5.14e+58 rho_final=2.89e+03
BG_FUNC: a=2.80e-11 V=2.10e+00 factor_V=2.45e+58 factor_rho=5.62e-56 rho_eV2=5.14e+58 rho_final=2.89e+03
BG_FUNC: a=1.11e-09 V=2.10e+00 factor_V=2.45e+58 factor_rho=5.62e-56 rho_eV2=5.14e+58 rho_final=2.89e+03
BG_FUNC: a=4.40e-08 V=2.10e+00 factor_V=2.45e+58 factor_rho=5.62e-56 rho_eV2=5.14e+58 rho_final=2.89e+03
BG_FUNC: a=1.75e-06 V=2.10e+00 factor_V=2.45e+58 factor_rho=5.62e-56 rho_eV2=5.14e+58 rho_final=2.89e+03
BG_FUNC: a=6.90e-05 V=1.55e+00 factor_V=2.45e+58 factor_rho=5.62e-56 rho_eV2=4.27e+58 rho_final=2.40e+03
RIDDER SWITCHING: z_osc = 10463.38, a_osc = 9.556226e-05
DEBUG: Ridder field ENABLED. Lambda = 2.075643e+00
DEBUG: Ridder field ENABLED. Lambda = 2.075643e+00
BG_FUNC: a=2.44e-13 V=1.80e+00 factor_V=2.45e+58 factor_rho=5.62e-56 rho_eV2=4.41e+58 rho_final=2.48e+03
BG_FUNC: a=9.69e-12 V=1.80e+00 factor_V=2.45e+58 factor_rho=5.62e-56 rho_eV2=4.41e+58 rho_final=2.48e+03
BG_FUNC: a=3.85e-10 V=1.80e+00 factor_V=2.45e+58 factor_rho=5.62e-56 rho_eV2=4.41e+58 rho_final=2.48e+03
BG_FUNC: a=1.53e-08 V=1.80e+00 factor_V=2.45e+58 factor_rho=5.62e-56 rho_eV2=4.41e+58 rho_final=2.48e+03
BG_FUNC: a=6.06e-07 V=1.80e+00 factor_V=2.45e+58 factor_rho=5.62e-56 rho_eV2=4.41e+58 rho_final=2.48e+03
BG_FUNC: a=2.40e-05 V=1.80e+00 factor_V=2.45e+58 factor_rho=5.62e-56 rho_eV2=4.40e+58 rho_final=2.47e+03
RIDDER SWITCHING: z_osc = 10093.27, a_osc = 9.906609e-05
DEBUG: Ridder field ENABLED. Lambda = 2.084883e+00
DEBUG: Ridder field ENABLED. Lambda = 2.084883e+00
BG_FUNC: a=8.51e-14 V=1.84e+00 factor_V=2.45e+58 factor_rho=5.62e-56 rho_eV2=4.49e+58 rho_final=2.52e+03
BG_FUNC: a=3.24e-12 V=1.84e+00 factor_V=2.45e+58 factor_rho=5.62e-56 rho_eV2=4.49e+58 rho_final=2.52e+03
BG_FUNC: a=1.28e-10 V=1.84e+00 factor_V=2.45e+58 factor_rho=5.62e-56 rho_eV2=4.49e+58 rho_final=2.52e+03
BG_FUNC: a=5.09e-09 V=1.84e+00 factor_V=2.45e+58 factor_rho=5.62e-56 rho_eV2=4.49e+58 rho_final=2.52e+03
BG_FUNC: a=2.02e-07 V=1.84e+00 factor_V=2.45e+58 factor_rho=5.62e-56 rho_eV2=4.49e+58 rho_final=2.52e+03
BG_FUNC: a=8.06e-06 V=1.84e+00 factor_V=2.45e+58 factor_rho=5.62e-56 rho_eV2=4.49e+58 rho_final=2.52e+03
RIDDER SWITCHING: z_osc = 10207.68, a_osc = 9.795588e-05
DEBUG: Ridder field ENABLED. Lambda = 1.536418e+00
DEBUG: Ridder field ENABLED. Lambda = 1.536418e+00
BG_FUNC: a=2.90e-14 V=5.41e-01 factor_V=2.45e+58 factor_rho=5.62e-56 rho_eV2=1.32e+58 rho_final=7.44e+02
BG_FUNC: a=1.10e-12 V=5.41e-01 factor_V=2.45e+58 factor_rho=5.62e-56 rho_eV2=1.32e+58 rho_final=7.44e+02
BG_FUNC: a=4.44e-11 V=5.41e-01 factor_V=2.45e+58 factor_rho=5.62e-56 rho_eV2=1.32e+58 rho_final=7.44e+02
BG_FUNC: a=1.80e-09 V=5.41e-01 factor_V=2.45e+58 factor_rho=5.62e-56 rho_eV2=1.32e+58 rho_final=7.44e+02
BG_FUNC: a=7.17e-08 V=5.41e-01 factor_V=2.45e+58 factor_rho=5.62e-56 rho_eV2=1.32e+58 rho_final=7.44e+02
BG_FUNC: a=2.88e-06 V=5.41e-01 factor_V=2.45e+58 factor_rho=5.62e-56 rho_eV2=1.32e+58 rho_final=7.44e+02
BG_FUNC: a=1.13e-04 V=3.20e-01 factor_V=2.45e+58 factor_rho=5.62e-56 rho_eV2=9.63e+57 rho_final=5.42e+02
RIDDER SWITCHING: z_osc = 7337.89, a_osc = 1.362603e-04
DEBUG: Ridder field ENABLED. Lambda = 2.151650e+00
DEBUG: Ridder field ENABLED. Lambda = 2.151650e+00
BG_FUNC: a=2.86e-13 V=2.08e+00 factor_V=2.45e+58 factor_rho=5.62e-56 rho_eV2=5.09e+58 rho_final=2.86e+03
BG_FUNC: a=1.15e-11 V=2.08e+00 factor_V=2.45e+58 factor_rho=5.62e-56 rho_eV2=5.09e+58 rho_final=2.86e+03
BG_FUNC: a=4.51e-10 V=2.08e+00 factor_V=2.45e+58 factor_rho=5.62e-56 rho_eV2=5.09e+58 rho_final=2.86e+03
BG_FUNC: a=1.79e-08 V=2.08e+00 factor_V=2.4[mcmc] Progress @ 2025-12-02 10:08:49 : 4599 steps taken, and 678 accepted.
[mcmc] Progress @ 2025-12-02 10:10:06 : 4616 steps taken, and 680 accepted.
5e+58 factor_rho=5.62e-56 rho_eV2=5.09e+58 rho_final=2.86e+03
BG_FUNC: a=7.11e-07 V=2.08e+00 factor_V=2.45e+58 factor_rho=5.62e-56 rho_eV2=5.09e+58 rho_final=2.86e+03
BG_FUNC: a=2.84e-05 V=2.06e+00 factor_V=2.45e+58 factor_rho=5.62e-56 rho_eV2=5.06e+58 rho_final=2.84e+03
RIDDER SWITCHING: z_osc = 10532.11, a_osc = 9.493875e-05
DEBUG: Ridder field ENABLED. Lambda = 1.937447e+00
DEBUG: Ridder field ENABLED. Lambda = 1.937447e+00
BG_FUNC: a=1.00e-13 V=1.37e+00 factor_V=2.45e+58 factor_rho=5.62e-56 rho_eV2=3.35e+58 rho_final=1.88e+03
BG_FUNC: a=4.00e-12 V=1.37e+00 factor_V=2.45e+58 factor_rho=5.62e-56 rho_eV2=3.35e+58 rho_final=1.88e+03
BG_FUNC: a=1.57e-10 V=1.37e+00 factor_V=2.45e+58 factor_rho=5.62e-56 rho_eV2=3.35e+58 rho_final=1.88e+03
BG_FUNC: a=6.23e-09 V=1.37e+00 factor_V=2.45e+58 factor_rho=5.62e-56 rho_eV2=3.35e+58 rho_final=1.88e+03
BG_FUNC: a=2.47e-07 V=1.37e+00 factor_V=2.45e+58 factor_rho=5.62e-56 rho_eV2=3.35e+58 rho_final=1.88e+03
BG_FUNC: a=9.76e-06 V=1.37e+00 factor_V=2.45e+58 factor_rho=5.62e-56 rho_eV2=3.35e+58 rho_final=1.88e+03
RIDDER SWITCHING: z_osc = 9406.52, a_osc = 1.062979e-04
DEBUG: Ridder field ENABLED. Lambda = 1.821737e+00
DEBUG: Ridder field ENABLED. Lambda = 1.821737e+00
BG_FUNC: a=3.25e-14 V=1.07e+00 factor_V=2.45e+58 factor_rho=5.62e-56 rho_eV2=2.62e+58 rho_final=1.47e+03
BG_FUNC: a=1.23e-12 V=1.07e+00 factor_V=2.45e+58 factor_rho=5.62e-56 rho_eV2=2.62e+58 rho_final=1.47e+03
BG_FUNC: a=4.86e-11 V=1.07e+00 factor_V=2.45e+58 factor_rho=5.62e-56 rho_eV2=2.62e+58 rho_final=1.47e+03
BG_FUNC: a=1.93e-09 V=1.07e+00 factor_V=2.45e+58 factor_rho=5.62e-56 rho_eV2=2.62e+58 rho_final=1.47e+03
BG_FUNC: a=7.63e-08 V=1.07e+00 factor_V=2.45e+58 factor_rho=5.62e-56 rho_eV2=2.62e+58 rho_final=1.47e+03
BG_FUNC: a=3.02e-06 V=1.07e+00 factor_V=2.45e+58 factor_rho=5.62e-56 rho_eV2=2.62e+58 rho_final=1.47e+03
RIDDER SWITCHING: z_osc = 8789.70, a_osc = 1.137566e-04
DEBUG: Ridder field ENABLED. Lambda = 1.892960e+00
DEBUG: Ridder field ENABLED. Lambda = 1.892960e+00
BG_FUNC: a=1.00e-14 V=1.25e+00 factor_V=2.45e+58 factor_rho=5.62e-56 rho_eV2=3.05e+58 rho_final=1.71e+03
BG_FUNC: a=3.55e-13 V=1.25e+00 factor_V=2.45e+58 factor_rho=5.62e-56 rho_eV2=3.05e+58 rho_final=1.71e+03
BG_FUNC: a=1.40e-11 V=1.25e+00 factor_V=2.45e+58 factor_rho=5.62e-56 rho_eV2=3.05e+58 rho_final=1.71e+03
BG_FUNC: a=5.56e-10 V=1.25e+00 factor_V=2.45e+58 factor_rho=5.62e-56 rho_eV2=3.05e+58 rho_final=1.71e+03
BG_FUNC: a=2.20e-08 V=1.25e+00 factor_V=2.45e+58 factor_rho=5.62e-56 rho_eV2=3.05e+58 rho_final=1.71e+03
BG_FUNC: a=8.73e-07 V=1.25e+00 factor_V=2.45e+58 factor_rho=5.62e-56 rho_eV2=3.05e+58 rho_final=1.71e+03
BG_FUNC: a=3.48e-05 V=1.23e+00 factor_V=2.45e+58 factor_rho=5.62e-56 rho_eV2=3.03e+58 rho_final=1.70e+03
RIDDER SWITCHING: z_osc = 9127.90, a_osc = 1.095423e-04
DEBUG: Ridder field ENABLED. Lambda = 2.024032e+00
DEBUG: Ridder field ENABLED. Lambda = 2.024032e+00
BG_FUNC: a=1.06e-13 V=1.63e+00 factor_V=2.45e+58 factor_rho=5.62e-56 rho_eV2=3.99e+58 rho_final=2.24e+03
BG_FUNC: a=4.21e-12 V=1.63e+00 factor_V=2.45e+58 factor_rho=5.62e-56 rho_eV2=3.99e+58 rho_final=2.24e+03
BG_FUNC: a=1.68e-10 V=1.63e+00 factor_V=2.45e+58 factor_rho=5.62e-56 rho_eV2=3.99e+58 rho_final=2.24e+03
BG_FUNC: a=6.62e-09 V=1.63e+00 factor_V=2.45e+58 factor_rho=5.62e-56 rho_eV2=3.99e+58 rho_final=2.24e+03
BG_FUNC: a=2.64e-07 V=1.63e+00 factor_V=2.45e+58 factor_rho=5.62e-56 rho_eV2=3.99e+58 rho_final=2.24e+03
BG_FUNC: a=1.04e-05 V=1.63e+00 factor_V=2.45e+58 factor_rho=5.62e-56 rho_eV2=3.99e+58 rho_final=2.24e+03
RIDDER SWITCHING: z_osc = 9826.83, a_osc = 1.017519e-04
DEBUG: Ridder field ENABLED. Lambda = 1.930285e+00
DEBUG: Ridder field ENABLED. Lambda = 1.930285e+00
BG_FUNC: a=3.60e-14 V=1.35e+00 factor_V=2.45e+58 factor_rho=5.62e-56 rho_eV2=3.30e+58 rho_final=1.85e+03
BG_FUNC: a=1.37e-12 V=1.35e+00 factor_V=2.45e+58 factor_rho=5.62e-56 rho_eV2=3.30e+58 rho_final=1.85e+03
BG_FUNC: a=5.50e-11 V=1.35e+00 factor_V=2.45e+58 factor_rho=5.62e-56 rho_eV2=3.30e+58 rho_final=1.85e+03
BG_FUNC: a=2.17e-09 V=1.35e+00 factor_V=2.45e+58 factor_rho=5.62e-56 rho_eV2=3.30e+58 rho_fin[mcmc] Progress @ 2025-12-02 10:11:23 : 4639 steps taken, and 685 accepted.
[mcmc] Progress @ 2025-12-02 10:12:37 : 4658 steps taken, and 688 accepted.
[mcmc] Progress @ 2025-12-02 10:13:48 : 4672 steps taken, and 690 accepted.
al=1.85e+03
BG_FUNC: a=8.65e-08 V=1.35e+00 factor_V=2.45e+58 factor_rho=5.62e-56 rho_eV2=3.30e+58 rho_final=1.85e+03
BG_FUNC: a=3.44e-06 V=1.35e+00 factor_V=2.45e+58 factor_rho=5.62e-56 rho_eV2=3.30e+58 rho_final=1.85e+03
RIDDER SWITCHING: z_osc = 9356.39, a_osc = 1.068674e-04
DEBUG: Ridder field ENABLED. Lambda = 1.990060e+00
DEBUG: Ridder field ENABLED. Lambda = 1.990060e+00
BG_FUNC: a=1.16e-14 V=1.52e+00 factor_V=2.45e+58 factor_rho=5.62e-56 rho_eV2=3.73e+58 rho_final=2.09e+03
BG_FUNC: a=4.31e-13 V=1.52e+00 factor_V=2.45e+58 factor_rho=5.62e-56 rho_eV2=3.73e+58 rho_final=2.09e+03
BG_FUNC: a=1.72e-11 V=1.52e+00 factor_V=2.45e+58 factor_rho=5.62e-56 rho_eV2=3.73e+58 rho_final=2.09e+03
BG_FUNC: a=6.77e-10 V=1.52e+00 factor_V=2.45e+58 factor_rho=5.62e-56 rho_eV2=3.73e+58 rho_final=2.09e+03
BG_FUNC: a=2.69e-08 V=1.52e+00 factor_V=2.45e+58 factor_rho=5.62e-56 rho_eV2=3.73e+58 rho_final=2.09e+03
BG_FUNC: a=1.06e-06 V=1.52e+00 factor_V=2.45e+58 factor_rho=5.62e-56 rho_eV2=3.73e+58 rho_final=2.09e+03
BG_FUNC: a=4.19e-05 V=1.47e+00 factor_V=2.45e+58 factor_rho=5.62e-56 rho_eV2=3.65e+58 rho_final=2.05e+03
RIDDER SWITCHING: z_osc = 9710.19, a_osc = 1.029740e-04
DEBUG: Ridder field ENABLED. Lambda = 2.084489e+00
DEBUG: Ridder field ENABLED. Lambda = 2.084489e+00
BG_FUNC: a=1.38e-13 V=1.83e+00 factor_V=2.45e+58 factor_rho=5.62e-56 rho_eV2=4.48e+58 rho_final=2.52e+03
BG_FUNC: a=5.48e-12 V=1.83e+00 factor_V=2.45e+58 factor_rho=5.62e-56 rho_eV2=4.48e+58 rho_final=2.52e+03
BG_FUNC: a=2.17e-10 V=1.83e+00 factor_V=2.45e+58 factor_rho=5.62e-56 rho_eV2=4.48e+58 rho_final=2.52e+03
BG_FUNC: a=8.62e-09 V=1.83e+00 factor_V=2.45e+58 factor_rho=5.62e-56 rho_eV2=4.48e+58 rho_final=2.52e+03
BG_FUNC: a=3.42e-07 V=1.83e+00 factor_V=2.45e+58 factor_rho=5.62e-56 rho_eV2=4.48e+58 rho_final=2.52e+03
BG_FUNC: a=1.35e-05 V=1.83e+00 factor_V=2.45e+58 factor_rho=5.62e-56 rho_eV2=4.48e+58 rho_final=2.52e+03
RIDDER SWITCHING: z_osc = 10152.85, a_osc = 9.848477e-05
DEBUG: Ridder field ENABLED. Lambda = 1.946239e+00
DEBUG: Ridder field ENABLED. Lambda = 1.946239e+00
BG_FUNC: a=4.82e-14 V=1.39e+00 factor_V=2.45e+58 factor_rho=5.62e-56 rho_eV2=3.41e+58 rho_final=1.92e+03
BG_FUNC: a=1.84e-12 V=1.39e+00 factor_V=2.45e+58 factor_rho=5.62e-56 rho_eV2=3.41e+58 rho_final=1.92e+03
BG_FUNC: a=7.29e-11 V=1.39e+00 factor_V=2.45e+58 factor_rho=5.62e-56 rho_eV2=3.41e+58 rho_final=1.92e+03
BG_FUNC: a=2.89e-09 V=1.39e+00 factor_V=2.45e+58 factor_rho=5.62e-56 rho_eV2=3.41e+58 rho_final=1.92e+03
BG_FUNC: a=1.15e-07 V=1.39e+00 factor_V=2.45e+58 factor_rho=5.62e-56 rho_eV2=3.41e+58 rho_final=1.92e+03
BG_FUNC: a=4.56e-06 V=1.39e+00 factor_V=2.45e+58 factor_rho=5.62e-56 rho_eV2=3.41e+58 rho_final=1.92e+03
RIDDER SWITCHING: z_osc = 9451.14, a_osc = 1.057961e-04
DEBUG: Ridder field ENABLED. Lambda = 1.721128e+00
DEBUG: Ridder field ENABLED. Lambda = 1.721128e+00
BG_FUNC: a=1.54e-14 V=8.52e-01 factor_V=2.45e+58 factor_rho=5.62e-56 rho_eV2=2.08e+58 rho_final=1.17e+03
BG_FUNC: a=5.78e-13 V=8.52e-01 factor_V=2.45e+58 factor_rho=5.62e-56 rho_eV2=2.08e+58 rho_final=1.17e+03
BG_FUNC: a=2.29e-11 V=8.52e-01 factor_V=2.45e+58 factor_rho=5.62e-56 rho_eV2=2.08e+58 rho_final=1.17e+03
BG_FUNC: a=9.08e-10 V=8.52e-01 factor_V=2.45e+58 factor_rho=5.62e-56 rho_eV2=2.08e+58 rho_final=1.17e+03
BG_FUNC: a=3.59e-08 V=8.52e-01 factor_V=2.45e+58 factor_rho=5.62e-56 rho_eV2=2.08e+58 rho_final=1.17e+03
BG_FUNC: a=1.42e-06 V=8.52e-01 factor_V=2.45e+58 factor_rho=5.62e-56 rho_eV2=2.08e+58 rho_final=1.17e+03
BG_FUNC: a=5.63e-05 V=8.03e-01 factor_V=2.45e+58 factor_rho=5.62e-56 rho_eV2=2.01e+58 rho_final=1.13e+03
RIDDER SWITCHING: z_osc = 8281.09, a_osc = 1.207424e-04
DEBUG: Ridder field ENABLED. Lambda = 2.000411e+00
DEBUG: Ridder field ENABLED. Lambda = 2.000411e+00
BG_FUNC: a=1.58e-13 V=1.56e+00 factor_V=2.45e+58 factor_rho=5.62e-56 rho_eV2=3.80e+58 rho_final=2.14e+03
BG_FUNC: a=6.33e-12 V=1.56e+00 factor_V=2.45e+58 factor_rho=5.62e-56 rho_eV2=3.80e+58 rho_final=2.14e+03
BG_FUNC: a=2.49e-10 V=1.56e+00 factor_V=2.45e+58 factor_rho=5.62e-56 rho_eV2=3.80e+58 rho_final=2.14e+03
BG_FUNC: a=9.90e-09 V=1.56e+00 factor_[mcmc] Progress @ 2025-12-02 10:15:08 : 4701 steps taken, and 697 accepted.
[mcmc] Progress @ 2025-12-02 10:16:25 : 4744 steps taken, and 704 accepted.
V=2.45e+58 factor_rho=5.62e-56 rho_eV2=3.80e+58 rho_final=2.14e+03
BG_FUNC: a=3.93e-07 V=1.56e+00 factor_V=2.45e+58 factor_rho=5.62e-56 rho_eV2=3.80e+58 rho_final=2.14e+03
BG_FUNC: a=1.56e-05 V=1.55e+00 factor_V=2.45e+58 factor_rho=5.62e-56 rho_eV2=3.80e+58 rho_final=2.14e+03
RIDDER SWITCHING: z_osc = 9704.91, a_osc = 1.030300e-04
DEBUG: Ridder field ENABLED. Lambda = 1.946484e+00
DEBUG: Ridder field ENABLED. Lambda = 1.946484e+00
BG_FUNC: a=5.30e-14 V=1.39e+00 factor_V=2.45e+58 factor_rho=5.62e-56 rho_eV2=3.41e+58 rho_final=1.92e+03
BG_FUNC: a=2.04e-12 V=1.39e+00 factor_V=2.45e+58 factor_rho=5.62e-56 rho_eV2=3.41e+58 rho_final=1.92e+03
BG_FUNC: a=8.14e-11 V=1.39e+00 factor_V=2.45e+58 factor_rho=5.62e-56 rho_eV2=3.41e+58 rho_final=1.92e+03
BG_FUNC: a=3.25e-09 V=1.39e+00 factor_V=2.45e+58 factor_rho=5.62e-56 rho_eV2=3.41e+58 rho_final=1.92e+03
BG_FUNC: a=1.30e-07 V=1.39e+00 factor_V=2.45e+58 factor_rho=5.62e-56 rho_eV2=3.41e+58 rho_final=1.92e+03
BG_FUNC: a=5.18e-06 V=1.39e+00 factor_V=2.45e+58 factor_rho=5.62e-56 rho_eV2=3.41e+58 rho_final=1.92e+03
RIDDER SWITCHING: z_osc = 9409.38, a_osc = 1.062656e-04
DEBUG: Ridder field ENABLED. Lambda = 1.849003e+00
DEBUG: Ridder field ENABLED. Lambda = 1.849003e+00
BG_FUNC: a=1.75e-14 V=1.14e+00 factor_V=2.45e+58 factor_rho=5.62e-56 rho_eV2=2.78e+58 rho_final=1.56e+03
BG_FUNC: a=6.56e-13 V=1.14e+00 factor_V=2.45e+58 factor_rho=5.62e-56 rho_eV2=2.78e+58 rho_final=1.56e+03
BG_FUNC: a=2.60e-11 V=1.14e+00 factor_V=2.45e+58 factor_rho=5.62e-56 rho_eV2=2.78e+58 rho_final=1.56e+03
BG_FUNC: a=1.04e-09 V=1.14e+00 factor_V=2.45e+58 factor_rho=5.62e-56 rho_eV2=2.78e+58 rho_final=1.56e+03
BG_FUNC: a=4.08e-08 V=1.14e+00 factor_V=2.45e+58 factor_rho=5.62e-56 rho_eV2=2.78e+58 rho_final=1.56e+03
BG_FUNC: a=1.62e-06 V=1.14e+00 factor_V=2.45e+58 factor_rho=5.62e-56 rho_eV2=2.78e+58 rho_final=1.56e+03
BG_FUNC: a=6.38e-05 V=1.00e+00 factor_V=2.45e+58 factor_rho=5.62e-56 rho_eV2=2.57e+58 rho_final=1.45e+03
RIDDER SWITCHING: z_osc = 8915.34, a_osc = 1.121536e-04
DEBUG: Ridder field ENABLED. Lambda = 1.718117e+00
DEBUG: Ridder field ENABLED. Lambda = 1.718117e+00
BG_FUNC: a=1.94e-13 V=8.47e-01 factor_V=2.45e+58 factor_rho=5.62e-56 rho_eV2=2.07e+58 rho_final=1.16e+03
BG_FUNC: a=7.71e-12 V=8.47e-01 factor_V=2.45e+58 factor_rho=5.62e-56 rho_eV2=2.07e+58 rho_final=1.16e+03
BG_FUNC: a=3.06e-10 V=8.47e-01 factor_V=2.45e+58 factor_rho=5.62e-56 rho_eV2=2.07e+58 rho_final=1.16e+03
BG_FUNC: a=1.22e-08 V=8.47e-01 factor_V=2.45e+58 factor_rho=5.62e-56 rho_eV2=2.07e+58 rho_final=1.16e+03
BG_FUNC: a=4.83e-07 V=8.47e-01 factor_V=2.45e+58 factor_rho=5.62e-56 rho_eV2=2.07e+58 rho_final=1.16e+03
BG_FUNC: a=1.92e-05 V=8.46e-01 factor_V=2.45e+58 factor_rho=5.62e-56 rho_eV2=2.07e+58 rho_final=1.16e+03
RIDDER SWITCHING: z_osc = 8237.37, a_osc = 1.213832e-04
DEBUG: Ridder field ENABLED. Lambda = 2.228431e+00
DEBUG: Ridder field ENABLED. Lambda = 2.228431e+00
BG_FUNC: a=5.54e-14 V=2.40e+00 factor_V=2.45e+58 factor_rho=5.62e-56 rho_eV2=5.86e+58 rho_final=3.29e+03
BG_FUNC: a=2.12e-12 V=2.40e+00 factor_V=2.45e+58 factor_rho=5.62e-56 rho_eV2=5.86e+58 rho_final=3.29e+03
BG_FUNC: a=8.42e-11 V=2.40e+00 factor_V=2.45e+58 factor_rho=5.62e-56 rho_eV2=5.86e+58 rho_final=3.29e+03
BG_FUNC: a=3.34e-09 V=2.40e+00 factor_V=2.45e+58 factor_rho=5.62e-56 rho_eV2=5.86e+58 rho_final=3.29e+03
BG_FUNC: a=1.33e-07 V=2.40e+00 factor_V=2.45e+58 factor_rho=5.62e-56 rho_eV2=5.86e+58 rho_final=3.29e+03
BG_FUNC: a=5.27e-06 V=2.40e+00 factor_V=2.45e+58 factor_rho=5.62e-56 rho_eV2=5.86e+58 rho_final=3.29e+03
RIDDER SWITCHING: z_osc = 10975.14, a_osc = 9.110670e-05
DEBUG: Ridder field ENABLED. Lambda = 2.203766e+00
DEBUG: Ridder field ENABLED. Lambda = 2.203766e+00
BG_FUNC: a=2.06e-14 V=2.29e+00 factor_V=2.45e+58 factor_rho=5.62e-56 rho_eV2=5.60e+58 rho_final=3.15e+03
BG_FUNC: a=7.73e-13 V=2.29e+00 factor_V=2.45e+58 factor_rho=5.62e-56 rho_eV2=5.60e+58 rho_final=3.15e+03
BG_FUNC: a=3.09e-11 V=2.29e+00 factor_V=2.45e+58 factor_rho=5.62e-56 rho_eV2=5.60e+58 rho_final=3.15e+03
BG_FUNC: a=1.22e-09 V=2.29e+00 factor_V=2.45e+58 factor_rho=5.62e-56 rho_eV2=5.60e+58 rh[mcmc] Progress @ 2025-12-02 10:17:30 : 4759 steps taken, and 706 accepted.
[mcmc] Progress @ 2025-12-02 10:18:42 : 4785 steps taken, and 709 accepted.
[mcmc] Progress @ 2025-12-02 10:19:44 : 4791 steps taken, and 709 accepted.
o_final=3.15e+03
BG_FUNC: a=4.83e-08 V=2.29e+00 factor_V=2.45e+58 factor_rho=5.62e-56 rho_eV2=5.60e+58 rho_final=3.15e+03
BG_FUNC: a=1.92e-06 V=2.29e+00 factor_V=2.45e+58 factor_rho=5.62e-56 rho_eV2=5.60e+58 rho_final=3.15e+03
BG_FUNC: a=7.47e-05 V=1.46e+00 factor_V=2.45e+58 factor_rho=5.62e-56 rho_eV2=4.27e+58 rho_final=2.40e+03
RIDDER SWITCHING: z_osc = 10782.94, a_osc = 9.273050e-05
DEBUG: Ridder field ENABLED. Lambda = 2.098118e+00
DEBUG: Ridder field ENABLED. Lambda = 2.098118e+00
BG_FUNC: a=2.77e-13 V=1.88e+00 factor_V=2.45e+58 factor_rho=5.62e-56 rho_eV2=4.60e+58 rho_final=2.59e+03
BG_FUNC: a=1.10e-11 V=1.88e+00 factor_V=2.45e+58 factor_rho=5.62e-56 rho_eV2=4.60e+58 rho_final=2.59e+03
BG_FUNC: a=4.35e-10 V=1.88e+00 factor_V=2.45e+58 factor_rho=5.62e-56 rho_eV2=4.60e+58 rho_final=2.59e+03
BG_FUNC: a=1.73e-08 V=1.88e+00 factor_V=2.45e+58 factor_rho=5.62e-56 rho_eV2=4.60e+58 rho_final=2.59e+03
BG_FUNC: a=6.84e-07 V=1.88e+00 factor_V=2.45e+58 factor_rho=5.62e-56 rho_eV2=4.60e+58 rho_final=2.59e+03
BG_FUNC: a=2.70e-05 V=1.87e+00 factor_V=2.45e+58 factor_rho=5.62e-56 rho_eV2=4.58e+58 rho_final=2.58e+03
RIDDER SWITCHING: z_osc = 10235.08, a_osc = 9.769366e-05
DEBUG: Ridder field ENABLED. Lambda = 2.458340e+00
DEBUG: Ridder field ENABLED. Lambda = 2.458340e+00
BG_FUNC: a=9.41e-14 V=3.55e+00 factor_V=2.45e+58 factor_rho=5.62e-56 rho_eV2=8.68e+58 rho_final=4.88e+03
BG_FUNC: a=3.70e-12 V=3.55e+00 factor_V=2.45e+58 factor_rho=5.62e-56 rho_eV2=8.68e+58 rho_final=4.88e+03
BG_FUNC: a=1.47e-10 V=3.55e+00 factor_V=2.45e+58 factor_rho=5.62e-56 rho_eV2=8.68e+58 rho_final=4.88e+03
BG_FUNC: a=5.81e-09 V=3.55e+00 factor_V=2.45e+58 factor_rho=5.62e-56 rho_eV2=8.68e+58 rho_final=4.88e+03
BG_FUNC: a=2.30e-07 V=3.55e+00 factor_V=2.45e+58 factor_rho=5.62e-56 rho_eV2=8.68e+58 rho_final=4.88e+03
BG_FUNC: a=9.12e-06 V=3.55e+00 factor_V=2.45e+58 factor_rho=5.62e-56 rho_eV2=8.67e+58 rho_final=4.88e+03
RIDDER SWITCHING: z_osc = 12103.69, a_osc = 8.261264e-05
DEBUG: Ridder field ENABLED. Lambda = 2.057754e+00
DEBUG: Ridder field ENABLED. Lambda = 2.057754e+00
BG_FUNC: a=3.88e-14 V=1.74e+00 factor_V=2.45e+58 factor_rho=5.62e-56 rho_eV2=4.26e+58 rho_final=2.39e+03
BG_FUNC: a=1.48e-12 V=1.74e+00 factor_V=2.45e+58 factor_rho=5.62e-56 rho_eV2=4.26e+58 rho_final=2.39e+03
BG_FUNC: a=5.90e-11 V=1.74e+00 factor_V=2.45e+58 factor_rho=5.62e-56 rho_eV2=4.26e+58 rho_final=2.39e+03
BG_FUNC: a=2.35e-09 V=1.74e+00 factor_V=2.45e+58 factor_rho=5.62e-56 rho_eV2=4.26e+58 rho_final=2.39e+03
BG_FUNC: a=9.34e-08 V=1.74e+00 factor_V=2.45e+58 factor_rho=5.62e-56 rho_eV2=4.26e+58 rho_final=2.39e+03
BG_FUNC: a=3.72e-06 V=1.74e+00 factor_V=2.45e+58 factor_rho=5.62e-56 rho_eV2=4.26e+58 rho_final=2.39e+03
RIDDER SWITCHING: z_osc = 10028.93, a_osc = 9.970158e-05
DEBUG: Ridder field ENABLED. Lambda = 2.118564e+00
DEBUG: Ridder field ENABLED. Lambda = 2.118564e+00
BG_FUNC: a=1.34e-14 V=1.96e+00 factor_V=2.45e+58 factor_rho=5.62e-56 rho_eV2=4.79e+58 rho_final=2.69e+03
BG_FUNC: a=4.99e-13 V=1.96e+00 factor_V=2.45e+58 factor_rho=5.62e-56 rho_eV2=4.79e+58 rho_final=2.69e+03
BG_FUNC: a=1.98e-11 V=1.96e+00 factor_V=2.45e+58 factor_rho=5.62e-56 rho_eV2=4.79e+58 rho_final=2.69e+03
BG_FUNC: a=7.82e-10 V=1.96e+00 factor_V=2.45e+58 factor_rho=5.62e-56 rho_eV2=4.79e+58 rho_final=2.69e+03
BG_FUNC: a=3.10e-08 V=1.96e+00 factor_V=2.45e+58 factor_rho=5.62e-56 rho_eV2=4.79e+58 rho_final=2.69e+03
BG_FUNC: a=1.23e-06 V=1.96e+00 factor_V=2.45e+58 factor_rho=5.62e-56 rho_eV2=4.79e+58 rho_final=2.69e+03
BG_FUNC: a=4.82e-05 V=1.82e+00 factor_V=2.45e+58 factor_rho=5.62e-56 rho_eV2=4.57e+58 rho_final=2.57e+03
RIDDER SWITCHING: z_osc = 10365.06, a_osc = 9.646863e-05
DEBUG: Ridder field ENABLED. Lambda = 1.902044e+00
DEBUG: Ridder field ENABLED. Lambda = 1.902044e+00
BG_FUNC: a=1.70e-13 V=1.27e+00 factor_V=2.45e+58 factor_rho=5.62e-56 rho_eV2=3.11e+58 rho_final=1.75e+03
BG_FUNC: a=6.76e-12 V=1.27e+00 factor_V=2.45e+58 factor_rho=5.62e-56 rho_eV2=3.11e+58 rho_final=1.75e+03
BG_FUNC: a=2.68e-10 V=1.27e+00 factor_V=2.45e+58 factor_rho=5.62e-56 rho_eV2=3.11e+58 rho_final=1.75e+03
BG_FUNC: a=1.06e-08 V=1.27e+0[mcmc] Progress @ 2025-12-02 10:21:13 : 4826 steps taken, and 713 accepted.
[mcmc] Progress @ 2025-12-02 10:22:27 : 4847 steps taken, and 716 accepted.
0 factor_V=2.45e+58 factor_rho=5.62e-56 rho_eV2=3.11e+58 rho_final=1.75e+03
BG_FUNC: a=4.22e-07 V=1.27e+00 factor_V=2.45e+58 factor_rho=5.62e-56 rho_eV2=3.11e+58 rho_final=1.75e+03
BG_FUNC: a=1.67e-05 V=1.27e+00 factor_V=2.45e+58 factor_rho=5.62e-56 rho_eV2=3.11e+58 rho_final=1.75e+03
RIDDER SWITCHING: z_osc = 9217.04, a_osc = 1.084830e-04
DEBUG: Ridder field ENABLED. Lambda = 1.676870e+00
DEBUG: Ridder field ENABLED. Lambda = 1.676870e+00
BG_FUNC: a=5.42e-14 V=7.68e-01 factor_V=2.45e+58 factor_rho=5.62e-56 rho_eV2=1.88e+58 rho_final=1.06e+03
BG_FUNC: a=2.07e-12 V=7.68e-01 factor_V=2.45e+58 factor_rho=5.62e-56 rho_eV2=1.88e+58 rho_final=1.06e+03
BG_FUNC: a=8.19e-11 V=7.68e-01 factor_V=2.45e+58 factor_rho=5.62e-56 rho_eV2=1.88e+58 rho_final=1.06e+03
BG_FUNC: a=3.25e-09 V=7.68e-01 factor_V=2.45e+58 factor_rho=5.62e-56 rho_eV2=1.88e+58 rho_final=1.06e+03
BG_FUNC: a=1.29e-07 V=7.68e-01 factor_V=2.45e+58 factor_rho=5.62e-56 rho_eV2=1.88e+58 rho_final=1.06e+03
BG_FUNC: a=5.11e-06 V=7.68e-01 factor_V=2.45e+58 factor_rho=5.62e-56 rho_eV2=1.88e+58 rho_final=1.06e+03
RIDDER SWITCHING: z_osc = 8048.55, a_osc = 1.242306e-04
DEBUG: Ridder field ENABLED. Lambda = 1.757873e+00
DEBUG: Ridder field ENABLED. Lambda = 1.757873e+00
BG_FUNC: a=1.48e-14 V=9.28e-01 factor_V=2.45e+58 factor_rho=5.62e-56 rho_eV2=2.27e+58 rho_final=1.28e+03
BG_FUNC: a=5.59e-13 V=9.28e-01 factor_V=2.45e+58 factor_rho=5.62e-56 rho_eV2=2.27e+58 rho_final=1.28e+03
BG_FUNC: a=2.20e-11 V=9.28e-01 factor_V=2.45e+58 factor_rho=5.62e-56 rho_eV2=2.27e+58 rho_final=1.28e+03
BG_FUNC: a=8.71e-10 V=9.28e-01 factor_V=2.45e+58 factor_rho=5.62e-56 rho_eV2=2.27e+58 rho_final=1.28e+03
BG_FUNC: a=3.45e-08 V=9.28e-01 factor_V=2.45e+58 factor_rho=5.62e-56 rho_eV2=2.27e+58 rho_final=1.28e+03
BG_FUNC: a=1.37e-06 V=9.28e-01 factor_V=2.45e+58 factor_rho=5.62e-56 rho_eV2=2.27e+58 rho_final=1.28e+03
BG_FUNC: a=5.41e-05 V=8.78e-01 factor_V=2.45e+58 factor_rho=5.62e-56 rho_eV2=2.19e+58 rho_final=1.23e+03
RIDDER SWITCHING: z_osc = 8410.49, a_osc = 1.188850e-04
DEBUG: Ridder field ENABLED. Lambda = 2.425473e+00
DEBUG: Ridder field ENABLED. Lambda = 2.425473e+00
BG_FUNC: a=1.55e-13 V=3.36e+00 factor_V=2.45e+58 factor_rho=5.62e-56 rho_eV2=8.22e+58 rho_final=4.62e+03
BG_FUNC: a=6.14e-12 V=3.36e+00 factor_V=2.45e+58 factor_rho=5.62e-56 rho_eV2=8.22e+58 rho_final=4.62e+03
BG_FUNC: a=2.44e-10 V=3.36e+00 factor_V=2.45e+58 factor_rho=5.62e-56 rho_eV2=8.22e+58 rho_final=4.62e+03
BG_FUNC: a=9.75e-09 V=3.36e+00 factor_V=2.45e+58 factor_rho=5.62e-56 rho_eV2=8.22e+58 rho_final=4.62e+03
BG_FUNC: a=3.84e-07 V=3.36e+00 factor_V=2.45e+58 factor_rho=5.62e-56 rho_eV2=8.22e+58 rho_final=4.62e+03
BG_FUNC: a=1.52e-05 V=3.36e+00 factor_V=2.45e+58 factor_rho=5.62e-56 rho_eV2=8.21e+58 rho_final=4.62e+03
RIDDER SWITCHING: z_osc = 11940.11, a_osc = 8.374429e-05
DEBUG: Ridder field ENABLED. Lambda = 1.916468e+00
DEBUG: Ridder field ENABLED. Lambda = 1.916468e+00
BG_FUNC: a=6.35e-14 V=1.31e+00 factor_V=2.45e+58 factor_rho=5.62e-56 rho_eV2=3.20e+58 rho_final=1.80e+03
BG_FUNC: a=2.41e-12 V=1.31e+00 factor_V=2.45e+58 factor_rho=5.62e-56 rho_eV2=3.20e+58 rho_final=1.80e+03
BG_FUNC: a=9.46e-11 V=1.31e+00 factor_V=2.45e+58 factor_rho=5.62e-56 rho_eV2=3.20e+58 rho_final=1.80e+03
BG_FUNC: a=3.71e-09 V=1.31e+00 factor_V=2.45e+58 factor_rho=5.62e-56 rho_eV2=3.20e+58 rho_final=1.80e+03
BG_FUNC: a=1.45e-07 V=1.31e+00 factor_V=2.45e+58 factor_rho=5.62e-56 rho_eV2=3.20e+58 rho_final=1.80e+03
BG_FUNC: a=5.66e-06 V=1.31e+00 factor_V=2.45e+58 factor_rho=5.62e-56 rho_eV2=3.20e+58 rho_final=1.80e+03
RIDDER SWITCHING: z_osc = 9291.15, a_osc = 1.076177e-04
DEBUG: Ridder field ENABLED. Lambda = 2.087377e+00
DEBUG: Ridder field ENABLED. Lambda = 2.087377e+00
BG_FUNC: a=1.84e-14 V=1.84e+00 factor_V=2.45e+58 factor_rho=5.62e-56 rho_eV2=4.51e+58 rho_final=2.54e+03
BG_FUNC: a=6.90e-13 V=1.84e+00 factor_V=2.45e+58 factor_rho=5.62e-56 rho_eV2=4.51e+58 rho_final=2.54e+03
BG_FUNC: a=2.73e-11 V=1.84e+00 factor_V=2.45e+58 factor_rho=5.62e-56 rho_eV2=4.51e+58 rho_final=2.54e+03
BG_FUNC: a=1.08e-09 V=1.84e+00 factor_V=2.45e+58 factor_rho=5.62e-56 rho_eV2=4.[mcmc] Progress @ 2025-12-02 10:23:37 : 4863 steps taken, and 718 accepted.
[mcmc] Progress @ 2025-12-02 10:24:47 : 4884 steps taken, and 719 accepted.
[mcmc] Progress @ 2025-12-02 10:26:05 : 4915 steps taken, and 726 accepted.
51e+58 rho_final=2.54e+03
BG_FUNC: a=4.28e-08 V=1.84e+00 factor_V=2.45e+58 factor_rho=5.62e-56 rho_eV2=4.51e+58 rho_final=2.54e+03
BG_FUNC: a=1.70e-06 V=1.84e+00 factor_V=2.45e+58 factor_rho=5.62e-56 rho_eV2=4.51e+58 rho_final=2.54e+03
BG_FUNC: a=6.68e-05 V=1.45e+00 factor_V=2.45e+58 factor_rho=5.62e-56 rho_eV2=3.90e+58 rho_final=2.19e+03
RIDDER SWITCHING: z_osc = 10179.82, a_osc = 9.822389e-05
DEBUG: Ridder field ENABLED. Lambda = 2.112028e+00
DEBUG: Ridder field ENABLED. Lambda = 2.112028e+00
BG_FUNC: a=2.33e-13 V=1.93e+00 factor_V=2.45e+58 factor_rho=5.62e-56 rho_eV2=4.73e+58 rho_final=2.66e+03
BG_FUNC: a=9.33e-12 V=1.93e+00 factor_V=2.45e+58 factor_rho=5.62e-56 rho_eV2=4.73e+58 rho_final=2.66e+03
BG_FUNC: a=3.73e-10 V=1.93e+00 factor_V=2.45e+58 factor_rho=5.62e-56 rho_eV2=4.73e+58 rho_final=2.66e+03
BG_FUNC: a=1.49e-08 V=1.93e+00 factor_V=2.45e+58 factor_rho=5.62e-56 rho_eV2=4.73e+58 rho_final=2.66e+03
BG_FUNC: a=6.02e-07 V=1.93e+00 factor_V=2.45e+58 factor_rho=5.62e-56 rho_eV2=4.73e+58 rho_final=2.66e+03
BG_FUNC: a=2.38e-05 V=1.92e+00 factor_V=2.45e+58 factor_rho=5.62e-56 rho_eV2=4.71e+58 rho_final=2.65e+03
RIDDER SWITCHING: z_osc = 10276.51, a_osc = 9.729988e-05
DEBUG: Ridder field ENABLED. Lambda = 1.962825e+00
DEBUG: Ridder field ENABLED. Lambda = 1.962825e+00
BG_FUNC: a=8.55e-14 V=1.44e+00 factor_V=2.45e+58 factor_rho=5.62e-56 rho_eV2=3.53e+58 rho_final=1.98e+03
BG_FUNC: a=3.28e-12 V=1.44e+00 factor_V=2.45e+58 factor_rho=5.62e-56 rho_eV2=3.53e+58 rho_final=1.98e+03
BG_FUNC: a=1.30e-10 V=1.44e+00 factor_V=2.45e+58 factor_rho=5.62e-56 rho_eV2=3.53e+58 rho_final=1.98e+03
BG_FUNC: a=5.16e-09 V=1.44e+00 factor_V=2.45e+58 factor_rho=5.62e-56 rho_eV2=3.53e+58 rho_final=1.98e+03
BG_FUNC: a=2.04e-07 V=1.44e+00 factor_V=2.45e+58 factor_rho=5.62e-56 rho_eV2=3.53e+58 rho_final=1.98e+03
BG_FUNC: a=8.11e-06 V=1.44e+00 factor_V=2.45e+58 factor_rho=5.62e-56 rho_eV2=3.53e+58 rho_final=1.98e+03
RIDDER SWITCHING: z_osc = 9512.96, a_osc = 1.051087e-04
DEBUG: Ridder field ENABLED. Lambda = 1.905160e+00
DEBUG: Ridder field ENABLED. Lambda = 1.905160e+00
BG_FUNC: a=2.73e-14 V=1.28e+00 factor_V=2.45e+58 factor_rho=5.62e-56 rho_eV2=3.13e+58 rho_final=1.76e+03
BG_FUNC: a=1.04e-12 V=1.28e+00 factor_V=2.45e+58 factor_rho=5.62e-56 rho_eV2=3.13e+58 rho_final=1.76e+03
BG_FUNC: a=4.14e-11 V=1.28e+00 factor_V=2.45e+58 factor_rho=5.62e-56 rho_eV2=3.13e+58 rho_final=1.76e+03
BG_FUNC: a=1.63e-09 V=1.28e+00 factor_V=2.45e+58 factor_rho=5.62e-56 rho_eV2=3.13e+58 rho_final=1.76e+03
BG_FUNC: a=6.44e-08 V=1.28e+00 factor_V=2.45e+58 factor_rho=5.62e-56 rho_eV2=3.13e+58 rho_final=1.76e+03
BG_FUNC: a=2.55e-06 V=1.28e+00 factor_V=2.45e+58 factor_rho=5.62e-56 rho_eV2=3.13e+58 rho_final=1.76e+03
BG_FUNC: a=9.86e-05 V=6.33e-01 factor_V=2.45e+58 factor_rho=5.62e-56 rho_eV2=2.05e+58 rho_final=1.15e+03
RIDDER SWITCHING: z_osc = 9219.31, a_osc = 1.084562e-04
DEBUG: Ridder field ENABLED. Lambda = 1.941146e+00
DEBUG: Ridder field ENABLED. Lambda = 1.941146e+00
BG_FUNC: a=3.14e-13 V=1.38e+00 factor_V=2.45e+58 factor_rho=5.62e-56 rho_eV2=3.37e+58 rho_final=1.90e+03
BG_FUNC: a=1.24e-11 V=1.38e+00 factor_V=2.45e+58 factor_rho=5.62e-56 rho_eV2=3.37e+58 rho_final=1.90e+03
BG_FUNC: a=4.95e-10 V=1.38e+00 factor_V=2.45e+58 factor_rho=5.62e-56 rho_eV2=3.37e+58 rho_final=1.90e+03
BG_FUNC: a=1.96e-08 V=1.38e+00 factor_V=2.45e+58 factor_rho=5.62e-56 rho_eV2=3.37e+58 rho_final=1.90e+03
BG_FUNC: a=7.80e-07 V=1.38e+00 factor_V=2.45e+58 factor_rho=5.62e-56 rho_eV2=3.37e+58 rho_final=1.90e+03
BG_FUNC: a=3.09e-05 V=1.37e+00 factor_V=2.45e+58 factor_rho=5.62e-56 rho_eV2=3.35e+58 rho_final=1.89e+03
RIDDER SWITCHING: z_osc = 9414.12, a_osc = 1.062121e-04
DEBUG: Ridder field ENABLED. Lambda = 1.741714e+00
DEBUG: Ridder field ENABLED. Lambda = 1.741714e+00
BG_FUNC: a=9.80e-14 V=8.94e-01 factor_V=2.45e+58 factor_rho=5.62e-56 rho_eV2=2.19e+58 rho_final=1.23e+03
BG_FUNC: a=3.89e-12 V=8.94e-01 factor_V=2.45e+58 factor_rho=5.62e-56 rho_eV2=2.19e+58 rho_final=1.23e+03
BG_FUNC: a=1.55e-10 V=8.94e-01 factor_V=2.45e+58 factor_rho=5.62e-56 rho_eV2=2.19e+58 rho_final=1.23e+03
BG_FUNC: a=6.14e-09 V=8[mcmc] Progress @ 2025-12-02 10:27:11 : 4924 steps taken, and 728 accepted.
[mcmc] Progress @ 2025-12-02 10:28:23 : 4950 steps taken, and 733 accepted.
.94e-01 factor_V=2.45e+58 factor_rho=5.62e-56 rho_eV2=2.19e+58 rho_final=1.23e+03
BG_FUNC: a=2.44e-07 V=8.94e-01 factor_V=2.45e+58 factor_rho=5.62e-56 rho_eV2=2.19e+58 rho_final=1.23e+03
BG_FUNC: a=9.68e-06 V=8.94e-01 factor_V=2.45e+58 factor_rho=5.62e-56 rho_eV2=2.19e+58 rho_final=1.23e+03
RIDDER SWITCHING: z_osc = 8353.87, a_osc = 1.196906e-04
DEBUG: Ridder field ENABLED. Lambda = 1.895228e+00
DEBUG: Ridder field ENABLED. Lambda = 1.895228e+00
BG_FUNC: a=2.86e-14 V=1.25e+00 factor_V=2.45e+58 factor_rho=5.62e-56 rho_eV2=3.06e+58 rho_final=1.72e+03
BG_FUNC: a=1.08e-12 V=1.25e+00 factor_V=2.45e+58 factor_rho=5.62e-56 rho_eV2=3.06e+58 rho_final=1.72e+03
BG_FUNC: a=4.31e-11 V=1.25e+00 factor_V=2.45e+58 factor_rho=5.62e-56 rho_eV2=3.06e+58 rho_final=1.72e+03
BG_FUNC: a=1.70e-09 V=1.25e+00 factor_V=2.45e+58 factor_rho=5.62e-56 rho_eV2=3.06e+58 rho_final=1.72e+03
BG_FUNC: a=6.72e-08 V=1.25e+00 factor_V=2.45e+58 factor_rho=5.62e-56 rho_eV2=3.06e+58 rho_final=1.72e+03
BG_FUNC: a=2.67e-06 V=1.25e+00 factor_V=2.45e+58 factor_rho=5.62e-56 rho_eV2=3.06e+58 rho_final=1.72e+03
BG_FUNC: a=1.04e-04 V=5.48e-01 factor_V=2.45e+58 factor_rho=5.62e-56 rho_eV2=1.86e+58 rho_final=1.05e+03
RIDDER SWITCHING: z_osc = 9174.88, a_osc = 1.089814e-04
DEBUG: Ridder field ENABLED. Lambda = 1.721903e+00
DEBUG: Ridder field ENABLED. Lambda = 1.721903e+00
BG_FUNC: a=3.28e-13 V=8.54e-01 factor_V=2.45e+58 factor_rho=5.62e-56 rho_eV2=2.09e+58 rho_final=1.17e+03
BG_FUNC: a=1.30e-11 V=8.54e-01 factor_V=2.45e+58 factor_rho=5.62e-56 rho_eV2=2.09e+58 rho_final=1.17e+03
BG_FUNC: a=5.16e-10 V=8.54e-01 factor_V=2.45e+58 factor_rho=5.62e-56 rho_eV2=2.09e+58 rho_final=1.17e+03
BG_FUNC: a=2.05e-08 V=8.54e-01 factor_V=2.45e+58 factor_rho=5.62e-56 rho_eV2=2.09e+58 rho_final=1.17e+03
BG_FUNC: a=8.11e-07 V=8.54e-01 factor_V=2.45e+58 factor_rho=5.62e-56 rho_eV2=2.09e+58 rho_final=1.17e+03
BG_FUNC: a=3.20e-05 V=8.48e-01 factor_V=2.45e+58 factor_rho=5.62e-56 rho_eV2=2.08e+58 rho_final=1.17e+03
RIDDER SWITCHING: z_osc = 8241.66, a_osc = 1.213201e-04
DEBUG: Ridder field ENABLED. Lambda = 1.966934e+00
DEBUG: Ridder field ENABLED. Lambda = 1.966934e+00
BG_FUNC: a=9.06e-14 V=1.45e+00 factor_V=2.45e+58 factor_rho=5.62e-56 rho_eV2=3.56e+58 rho_final=2.00e+03
BG_FUNC: a=3.56e-12 V=1.45e+00 factor_V=2.45e+58 factor_rho=5.62e-56 rho_eV2=3.56e+58 rho_final=2.00e+03
BG_FUNC: a=1.41e-10 V=1.45e+00 factor_V=2.45e+58 factor_rho=5.62e-56 rho_eV2=3.56e+58 rho_final=2.00e+03
BG_FUNC: a=5.61e-09 V=1.45e+00 factor_V=2.45e+58 factor_rho=5.62e-56 rho_eV2=3.56e+58 rho_final=2.00e+03
BG_FUNC: a=2.23e-07 V=1.45e+00 factor_V=2.45e+58 factor_rho=5.62e-56 rho_eV2=3.56e+58 rho_final=2.00e+03
BG_FUNC: a=8.85e-06 V=1.45e+00 factor_V=2.45e+58 factor_rho=5.62e-56 rho_eV2=3.56e+58 rho_final=2.00e+03
RIDDER SWITCHING: z_osc = 9521.18, a_osc = 1.050179e-04
DEBUG: Ridder field ENABLED. Lambda = 1.936694e+00
DEBUG: Ridder field ENABLED. Lambda = 1.936694e+00
BG_FUNC: a=2.98e-14 V=1.37e+00 factor_V=2.45e+58 factor_rho=5.62e-56 rho_eV2=3.34e+58 rho_final=1.88e+03
BG_FUNC: a=1.13e-12 V=1.37e+00 factor_V=2.45e+58 factor_rho=5.62e-56 rho_eV2=3.34e+58 rho_final=1.88e+03
BG_FUNC: a=4.47e-11 V=1.37e+00 factor_V=2.45e+58 factor_rho=5.62e-56 rho_eV2=3.34e+58 rho_final=1.88e+03
BG_FUNC: a=1.77e-09 V=1.37e+00 factor_V=2.45e+58 factor_rho=5.62e-56 rho_eV2=3.34e+58 rho_final=1.88e+03
BG_FUNC: a=7.03e-08 V=1.37e+00 factor_V=2.45e+58 factor_rho=5.62e-56 rho_eV2=3.34e+58 rho_final=1.88e+03
BG_FUNC: a=2.79e-06 V=1.37e+00 factor_V=2.45e+58 factor_rho=5.62e-56 rho_eV2=3.34e+58 rho_final=1.88e+03
RIDDER SWITCHING: z_osc = 9361.85, a_osc = 1.068051e-04
DEBUG: Ridder field ENABLED. Lambda = 1.760708e+00
DEBUG: Ridder field ENABLED. Lambda = 1.760708e+00
BG_FUNC: a=1.00e-14 V=9.34e-01 factor_V=2.45e+58 factor_rho=5.62e-56 rho_eV2=2.28e+58 rho_final=1.28e+03
BG_FUNC: a=3.50e-13 V=9.34e-01 factor_V=2.45e+58 factor_rho=5.62e-56 rho_eV2=2.28e+58 rho_final=1.28e+03
BG_FUNC: a=1.37e-11 V=9.34e-01 factor_V=2.45e+58 factor_rho=5.62e-56 rho_eV2=2.28e+58 rho_final=1.28e+03
BG_FUNC: a=5.37e-10 V=9.34e-01 factor_V=2.45e+58 factor_rho=5.62e-56 rho_e[mcmc] Progress @ 2025-12-02 10:29:43 : 4977 steps taken, and 736 accepted.
[mcmc] Progress @ 2025-12-02 10:30:55 : 4998 steps taken, and 739 accepted.
[mcmc] Progress @ 2025-12-02 10:31:55 : 5028 steps taken, and 747 accepted.
V2=2.28e+58 rho_final=1.28e+03
BG_FUNC: a=2.11e-08 V=9.34e-01 factor_V=2.45e+58 factor_rho=5.62e-56 rho_eV2=2.28e+58 rho_final=1.28e+03
BG_FUNC: a=8.26e-07 V=9.34e-01 factor_V=2.45e+58 factor_rho=5.62e-56 rho_eV2=2.28e+58 rho_final=1.28e+03
BG_FUNC: a=3.16e-05 V=9.27e-01 factor_V=2.45e+58 factor_rho=5.62e-56 rho_eV2=2.27e+58 rho_final=1.28e+03
RIDDER SWITCHING: z_osc = 8431.69, a_osc = 1.185861e-04
DEBUG: Ridder field ENABLED. Lambda = 1.894910e+00
DEBUG: Ridder field ENABLED. Lambda = 1.894910e+00
BG_FUNC: a=9.07e-14 V=1.25e+00 factor_V=2.45e+58 factor_rho=5.62e-56 rho_eV2=3.06e+58 rho_final=1.72e+03
BG_FUNC: a=3.58e-12 V=1.25e+00 factor_V=2.45e+58 factor_rho=5.62e-56 rho_eV2=3.06e+58 rho_final=1.72e+03
BG_FUNC: a=1.42e-10 V=1.25e+00 factor_V=2.45e+58 factor_rho=5.62e-56 rho_eV2=3.06e+58 rho_final=1.72e+03
BG_FUNC: a=5.64e-09 V=1.25e+00 factor_V=2.45e+58 factor_rho=5.62e-56 rho_eV2=3.06e+58 rho_final=1.72e+03
BG_FUNC: a=2.24e-07 V=1.25e+00 factor_V=2.45e+58 factor_rho=5.62e-56 rho_eV2=3.06e+58 rho_final=1.72e+03
BG_FUNC: a=8.97e-06 V=1.25e+00 factor_V=2.45e+58 factor_rho=5.62e-56 rho_eV2=3.06e+58 rho_final=1.72e+03
RIDDER SWITCHING: z_osc = 9156.43, a_osc = 1.092009e-04
DEBUG: Ridder field ENABLED. Lambda = 1.843927e+00
DEBUG: Ridder field ENABLED. Lambda = 1.843927e+00
BG_FUNC: a=2.88e-14 V=1.12e+00 factor_V=2.45e+58 factor_rho=5.62e-56 rho_eV2=2.75e+58 rho_final=1.54e+03
BG_FUNC: a=1.09e-12 V=1.12e+00 factor_V=2.45e+58 factor_rho=5.62e-56 rho_eV2=2.75e+58 rho_final=1.54e+03
BG_FUNC: a=4.30e-11 V=1.12e+00 factor_V=2.45e+58 factor_rho=5.62e-56 rho_eV2=2.75e+58 rho_final=1.54e+03
BG_FUNC: a=1.70e-09 V=1.12e+00 factor_V=2.45e+58 factor_rho=5.62e-56 rho_eV2=2.75e+58 rho_final=1.54e+03
BG_FUNC: a=6.75e-08 V=1.12e+00 factor_V=2.45e+58 factor_rho=5.62e-56 rho_eV2=2.75e+58 rho_final=1.54e+03
BG_FUNC: a=2.68e-06 V=1.12e+00 factor_V=2.45e+58 factor_rho=5.62e-56 rho_eV2=2.75e+58 rho_final=1.54e+03
BG_FUNC: a=1.04e-04 V=5.27e-01 factor_V=2.45e+58 factor_rho=5.62e-56 rho_eV2=1.74e+58 rho_final=9.80e+02
RIDDER SWITCHING: z_osc = 8941.44, a_osc = 1.118263e-04
DEBUG: Ridder field ENABLED. Lambda = 2.095346e+00
DEBUG: Ridder field ENABLED. Lambda = 2.095346e+00
BG_FUNC: a=3.20e-13 V=1.87e+00 factor_V=2.45e+58 factor_rho=5.62e-56 rho_eV2=4.58e+58 rho_final=2.57e+03
BG_FUNC: a=1.27e-11 V=1.87e+00 factor_V=2.45e+58 factor_rho=5.62e-56 rho_eV2=4.58e+58 rho_final=2.57e+03
BG_FUNC: a=5.02e-10 V=1.87e+00 factor_V=2.45e+58 factor_rho=5.62e-56 rho_eV2=4.58e+58 rho_final=2.57e+03
BG_FUNC: a=1.99e-08 V=1.87e+00 factor_V=2.45e+58 factor_rho=5.62e-56 rho_eV2=4.58e+58 rho_final=2.57e+03
BG_FUNC: a=7.89e-07 V=1.87e+00 factor_V=2.45e+58 factor_rho=5.62e-56 rho_eV2=4.58e+58 rho_final=2.57e+03
BG_FUNC: a=3.11e-05 V=1.85e+00 factor_V=2.45e+58 factor_rho=5.62e-56 rho_eV2=4.54e+58 rho_final=2.55e+03
RIDDER SWITCHING: z_osc = 10191.66, a_osc = 9.810983e-05
DEBUG: Ridder field ENABLED. Lambda = 1.701011e+00
DEBUG: Ridder field ENABLED. Lambda = 1.701011e+00
BG_FUNC: a=1.08e-13 V=8.13e-01 factor_V=2.45e+58 factor_rho=5.62e-56 rho_eV2=1.99e+58 rho_final=1.12e+03
BG_FUNC: a=4.30e-12 V=8.13e-01 factor_V=2.45e+58 factor_rho=5.62e-56 rho_eV2=1.99e+58 rho_final=1.12e+03
BG_FUNC: a=1.71e-10 V=8.13e-01 factor_V=2.45e+58 factor_rho=5.62e-56 rho_eV2=1.99e+58 rho_final=1.12e+03
BG_FUNC: a=6.83e-09 V=8.13e-01 factor_V=2.45e+58 factor_rho=5.62e-56 rho_eV2=1.99e+58 rho_final=1.12e+03
BG_FUNC: a=2.75e-07 V=8.13e-01 factor_V=2.45e+58 factor_rho=5.62e-56 rho_eV2=1.99e+58 rho_final=1.12e+03
BG_FUNC: a=1.09e-05 V=8.13e-01 factor_V=2.45e+58 factor_rho=5.62e-56 rho_eV2=1.99e+58 rho_final=1.12e+03
RIDDER SWITCHING: z_osc = 8147.23, a_osc = 1.227261e-04
DEBUG: Ridder field ENABLED. Lambda = 1.864379e+00
DEBUG: Ridder field ENABLED. Lambda = 1.864379e+00
BG_FUNC: a=3.14e-14 V=1.17e+00 factor_V=2.45e+58 factor_rho=5.62e-56 rho_eV2=2.87e+58 rho_final=1.61e+03
BG_FUNC: a=1.20e-12 V=1.17e+00 factor_V=2.45e+58 factor_rho=5.62e-56 rho_eV2=2.87e+58 rho_final=1.61e+03
BG_FUNC: a=4.71e-11 V=1.17e+00 factor_V=2.45e+58 factor_rho=5.62e-56 rho_eV2=2.87e+58 rho_final=1.61e+03
BG_FUNC: a=1.87e-09[mcmc] Progress @ 2025-12-02 10:33:21 : 5057 steps taken, and 751 accepted.
[mcmc] Progress @ 2025-12-02 10:34:32 : 5073 steps taken, and 754 accepted.
[mcmc] Progress @ 2025-12-02 10:35:41 : 5084 steps taken, and 757 accepted.
 V=1.17e+00 factor_V=2.45e+58 factor_rho=5.62e-56 rho_eV2=2.87e+58 rho_final=1.61e+03
BG_FUNC: a=7.41e-08 V=1.17e+00 factor_V=2.45e+58 factor_rho=5.62e-56 rho_eV2=2.87e+58 rho_final=1.61e+03
BG_FUNC: a=2.94e-06 V=1.17e+00 factor_V=2.45e+58 factor_rho=5.62e-56 rho_eV2=2.87e+58 rho_final=1.61e+03
RIDDER SWITCHING: z_osc = 8976.41, a_osc = 1.113908e-04
DEBUG: Ridder field ENABLED. Lambda = 1.585290e+00
DEBUG: Ridder field ENABLED. Lambda = 1.585290e+00
BG_FUNC: a=1.00e-14 V=6.14e-01 factor_V=2.45e+58 factor_rho=5.62e-56 rho_eV2=1.50e+58 rho_final=8.43e+02
BG_FUNC: a=3.56e-13 V=6.14e-01 factor_V=2.45e+58 factor_rho=5.62e-56 rho_eV2=1.50e+58 rho_final=8.43e+02
BG_FUNC: a=1.43e-11 V=6.14e-01 factor_V=2.45e+58 factor_rho=5.62e-56 rho_eV2=1.50e+58 rho_final=8.43e+02
BG_FUNC: a=5.72e-10 V=6.14e-01 factor_V=2.45e+58 factor_rho=5.62e-56 rho_eV2=1.50e+58 rho_final=8.43e+02
BG_FUNC: a=2.29e-08 V=6.14e-01 factor_V=2.45e+58 factor_rho=5.62e-56 rho_eV2=1.50e+58 rho_final=8.43e+02
BG_FUNC: a=9.18e-07 V=6.14e-01 factor_V=2.45e+58 factor_rho=5.62e-56 rho_eV2=1.50e+58 rho_final=8.43e+02
BG_FUNC: a=3.67e-05 V=6.09e-01 factor_V=2.45e+58 factor_rho=5.62e-56 rho_eV2=1.49e+58 rho_final=8.39e+02
RIDDER SWITCHING: z_osc = 7518.55, a_osc = 1.329866e-04
DEBUG: Ridder field ENABLED. Lambda = 1.767393e+00
DEBUG: Ridder field ENABLED. Lambda = 1.767393e+00
BG_FUNC: a=9.37e-14 V=9.48e-01 factor_V=2.45e+58 factor_rho=5.62e-56 rho_eV2=2.32e+58 rho_final=1.30e+03
BG_FUNC: a=3.70e-12 V=9.48e-01 factor_V=2.45e+58 factor_rho=5.62e-56 rho_eV2=2.32e+58 rho_final=1.30e+03
BG_FUNC: a=1.47e-10 V=9.48e-01 factor_V=2.45e+58 factor_rho=5.62e-56 rho_eV2=2.32e+58 rho_final=1.30e+03
BG_FUNC: a=5.82e-09 V=9.48e-01 factor_V=2.45e+58 factor_rho=5.62e-56 rho_eV2=2.32e+58 rho_final=1.30e+03
BG_FUNC: a=2.31e-07 V=9.48e-01 factor_V=2.45e+58 factor_rho=5.62e-56 rho_eV2=2.32e+58 rho_final=1.30e+03
BG_FUNC: a=9.15e-06 V=9.48e-01 factor_V=2.45e+58 factor_rho=5.62e-56 rho_eV2=2.32e+58 rho_final=1.30e+03
RIDDER SWITCHING: z_osc = 8526.10, a_osc = 1.172732e-04
DEBUG: Ridder field ENABLED. Lambda = 1.750561e+00
DEBUG: Ridder field ENABLED. Lambda = 1.750561e+00
BG_FUNC: a=2.76e-14 V=9.12e-01 factor_V=2.45e+58 factor_rho=5.62e-56 rho_eV2=2.23e+58 rho_final=1.25e+03
BG_FUNC: a=1.04e-12 V=9.12e-01 factor_V=2.45e+58 factor_rho=5.62e-56 rho_eV2=2.23e+58 rho_final=1.25e+03
BG_FUNC: a=4.14e-11 V=9.12e-01 factor_V=2.45e+58 factor_rho=5.62e-56 rho_eV2=2.23e+58 rho_final=1.25e+03
BG_FUNC: a=1.64e-09 V=9.12e-01 factor_V=2.45e+58 factor_rho=5.62e-56 rho_eV2=2.23e+58 rho_final=1.25e+03
BG_FUNC: a=6.55e-08 V=9.12e-01 factor_V=2.45e+58 factor_rho=5.62e-56 rho_eV2=2.23e+58 rho_final=1.25e+03
BG_FUNC: a=2.57e-06 V=9.12e-01 factor_V=2.45e+58 factor_rho=5.62e-56 rho_eV2=2.23e+58 rho_final=1.25e+03
BG_FUNC: a=9.99e-05 V=5.32e-01 factor_V=2.45e+58 factor_rho=5.62e-56 rho_eV2=1.61e+58 rho_final=9.05e+02
RIDDER SWITCHING: z_osc = 8427.50, a_osc = 1.186451e-04
DEBUG: Ridder field ENABLED. Lambda = 2.233078e+00
DEBUG: Ridder field ENABLED. Lambda = 2.233078e+00
BG_FUNC: a=2.90e-13 V=2.42e+00 factor_V=2.45e+58 factor_rho=5.62e-56 rho_eV2=5.91e+58 rho_final=3.32e+03
BG_FUNC: a=1.15e-11 V=2.42e+00 factor_V=2.45e+58 factor_rho=5.62e-56 rho_eV2=5.91e+58 rho_final=3.32e+03
BG_FUNC: a=4.61e-10 V=2.42e+00 factor_V=2.45e+58 factor_rho=5.62e-56 rho_eV2=5.91e+58 rho_final=3.32e+03
BG_FUNC: a=1.82e-08 V=2.42e+00 factor_V=2.45e+58 factor_rho=5.62e-56 rho_eV2=5.91e+58 rho_final=3.32e+03
BG_FUNC: a=7.21e-07 V=2.42e+00 factor_V=2.45e+58 factor_rho=5.62e-56 rho_eV2=5.91e+58 rho_final=3.32e+03
BG_FUNC: a=2.85e-05 V=2.39e+00 factor_V=2.45e+58 factor_rho=5.62e-56 rho_eV2=5.86e+58 rho_final=3.30e+03
RIDDER SWITCHING: z_osc = 10949.01, a_osc = 9.132414e-05
DEBUG: Ridder field ENABLED. Lambda = 1.798751e+00
DEBUG: Ridder field ENABLED. Lambda = 1.798751e+00
BG_FUNC: a=1.06e-13 V=1.02e+00 factor_V=2.45e+58 factor_rho=5.62e-56 rho_eV2=2.49e+58 rho_final=1.40e+03
BG_FUNC: a=4.27e-12 V=1.02e+00 factor_V=2.45e+58 factor_rho=5.62e-56 rho_eV2=2.49e+58 rho_final=1.40e+03
BG_FUNC: a=1.69e-10 V=1.02e+00 factor_V=2.45e+58 factor_rho=5.62e-56 [mcmc] Progress @ 2025-12-02 10:36:42 : 5124 steps taken, and 767 accepted.
[mcmc] Progress @ 2025-12-02 10:37:46 : 5130 steps taken, and 768 accepted.
[mcmc] Progress @ 2025-12-02 10:38:58 : 5143 steps taken, and 771 accepted.
rho_eV2=2.49e+58 rho_final=1.40e+03
BG_FUNC: a=6.74e-09 V=1.02e+00 factor_V=2.45e+58 factor_rho=5.62e-56 rho_eV2=2.49e+58 rho_final=1.40e+03
BG_FUNC: a=2.69e-07 V=1.02e+00 factor_V=2.45e+58 factor_rho=5.62e-56 rho_eV2=2.49e+58 rho_final=1.40e+03
BG_FUNC: a=1.07e-05 V=1.02e+00 factor_V=2.45e+58 factor_rho=5.62e-56 rho_eV2=2.49e+58 rho_final=1.40e+03
RIDDER SWITCHING: z_osc = 8651.66, a_osc = 1.155713e-04
DEBUG: Ridder field ENABLED. Lambda = 1.973520e+00
DEBUG: Ridder field ENABLED. Lambda = 1.973520e+00
BG_FUNC: a=3.29e-14 V=1.47e+00 factor_V=2.45e+58 factor_rho=5.62e-56 rho_eV2=3.60e+58 rho_final=2.03e+03
BG_FUNC: a=1.25e-12 V=1.47e+00 factor_V=2.45e+58 factor_rho=5.62e-56 rho_eV2=3.60e+58 rho_final=2.03e+03
BG_FUNC: a=4.85e-11 V=1.47e+00 factor_V=2.45e+58 factor_rho=5.62e-56 rho_eV2=3.60e+58 rho_final=2.03e+03
BG_FUNC: a=1.90e-09 V=1.47e+00 factor_V=2.45e+58 factor_rho=5.62e-56 rho_eV2=3.60e+58 rho_final=2.03e+03
BG_FUNC: a=7.52e-08 V=1.47e+00 factor_V=2.45e+58 factor_rho=5.62e-56 rho_eV2=3.60e+58 rho_final=2.03e+03
BG_FUNC: a=2.92e-06 V=1.47e+00 factor_V=2.45e+58 factor_rho=5.62e-56 rho_eV2=3.60e+58 rho_final=2.03e+03
RIDDER SWITCHING: z_osc = 9588.82, a_osc = 1.042772e-04
DEBUG: Ridder field ENABLED. Lambda = 2.328562e+00
DEBUG: Ridder field ENABLED. Lambda = 2.328562e+00
BG_FUNC: a=1.00e-14 V=2.86e+00 factor_V=2.45e+58 factor_rho=5.62e-56 rho_eV2=6.98e+58 rho_final=3.93e+03
BG_FUNC: a=3.64e-13 V=2.86e+00 factor_V=2.45e+58 factor_rho=5.62e-56 rho_eV2=6.98e+58 rho_final=3.93e+03
BG_FUNC: a=1.44e-11 V=2.86e+00 factor_V=2.45e+58 factor_rho=5.62e-56 rho_eV2=6.98e+58 rho_final=3.93e+03
BG_FUNC: a=5.71e-10 V=2.86e+00 factor_V=2.45e+58 factor_rho=5.62e-56 rho_eV2=6.98e+58 rho_final=3.93e+03
BG_FUNC: a=2.27e-08 V=2.86e+00 factor_V=2.45e+58 factor_rho=5.62e-56 rho_eV2=6.98e+58 rho_final=3.93e+03
BG_FUNC: a=8.97e-07 V=2.86e+00 factor_V=2.45e+58 factor_rho=5.62e-56 rho_eV2=6.98e+58 rho_final=3.93e+03
BG_FUNC: a=3.54e-05 V=2.76e+00 factor_V=2.45e+58 factor_rho=5.62e-56 rho_eV2=6.85e+58 rho_final=3.85e+03
RIDDER SWITCHING: z_osc = 11471.20, a_osc = 8.716722e-05
DEBUG: Ridder field ENABLED. Lambda = 1.929031e+00
DEBUG: Ridder field ENABLED. Lambda = 1.929031e+00
BG_FUNC: a=1.37e-13 V=1.35e+00 factor_V=2.45e+58 factor_rho=5.62e-56 rho_eV2=3.29e+58 rho_final=1.85e+03
BG_FUNC: a=5.45e-12 V=1.35e+00 factor_V=2.45e+58 factor_rho=5.62e-56 rho_eV2=3.29e+58 rho_final=1.85e+03
BG_FUNC: a=2.16e-10 V=1.35e+00 factor_V=2.45e+58 factor_rho=5.62e-56 rho_eV2=3.29e+58 rho_final=1.85e+03
BG_FUNC: a=8.58e-09 V=1.35e+00 factor_V=2.45e+58 factor_rho=5.62e-56 rho_eV2=3.29e+58 rho_final=1.85e+03
BG_FUNC: a=3.41e-07 V=1.35e+00 factor_V=2.45e+58 factor_rho=5.62e-56 rho_eV2=3.29e+58 rho_final=1.85e+03
BG_FUNC: a=1.35e-05 V=1.34e+00 factor_V=2.45e+58 factor_rho=5.62e-56 rho_eV2=3.29e+58 rho_final=1.85e+03
RIDDER SWITCHING: z_osc = 9355.96, a_osc = 1.068724e-04
DEBUG: Ridder field ENABLED. Lambda = 1.419229e+00
DEBUG: Ridder field ENABLED. Lambda = 1.419229e+00
BG_FUNC: a=4.47e-14 V=3.94e-01 factor_V=2.45e+58 factor_rho=5.62e-56 rho_eV2=9.64e+57 rho_final=5.42e+02
BG_FUNC: a=1.71e-12 V=3.94e-01 factor_V=2.45e+58 factor_rho=5.62e-56 rho_eV2=9.64e+57 rho_final=5.42e+02
BG_FUNC: a=6.86e-11 V=3.94e-01 factor_V=2.45e+58 factor_rho=5.62e-56 rho_eV2=9.64e+57 rho_final=5.42e+02
BG_FUNC: a=2.74e-09 V=3.94e-01 factor_V=2.45e+58 factor_rho=5.62e-56 rho_eV2=9.64e+57 rho_final=5.42e+02
BG_FUNC: a=1.10e-07 V=3.94e-01 factor_V=2.45e+58 factor_rho=5.62e-56 rho_eV2=9.64e+57 rho_final=5.42e+02
BG_FUNC: a=4.38e-06 V=3.94e-01 factor_V=2.45e+58 factor_rho=5.62e-56 rho_eV2=9.64e+57 rho_final=5.42e+02
RIDDER SWITCHING: z_osc = 6664.24, a_osc = 1.500322e-04
DEBUG: Ridder field ENABLED. Lambda = 1.869529e+00
DEBUG: Ridder field ENABLED. Lambda = 1.869529e+00
BG_FUNC: a=1.06e-14 V=1.19e+00 factor_V=2.45e+58 factor_rho=5.62e-56 rho_eV2=2.90e+58 rho_final=1.63e+03
BG_FUNC: a=3.93e-13 V=1.19e+00 factor_V=2.45e+58 factor_rho=5.62e-56 rho_eV2=2.90e+58 rho_final=1.63e+03
BG_FUNC: a=1.56e-11 V=1.19e+00 factor_V=2.45e+58 factor_rho=5.62e-56 rho_eV2=2.90e+58 rho_final=1.63e+03
BG_FUNC: a=6.2[mcmc] Progress @ 2025-12-02 10:40:16 : 5167 steps taken, and 776 accepted.
[mcmc] Progress @ 2025-12-02 10:41:19 : 5197 steps taken, and 779 accepted.
[mcmc] Progress @ 2025-12-02 10:42:38 : 5220 steps taken, and 784 accepted.
0e-10 V=1.19e+00 factor_V=2.45e+58 factor_rho=5.62e-56 rho_eV2=2.90e+58 rho_final=1.63e+03
BG_FUNC: a=2.46e-08 V=1.19e+00 factor_V=2.45e+58 factor_rho=5.62e-56 rho_eV2=2.90e+58 rho_final=1.63e+03
BG_FUNC: a=9.77e-07 V=1.19e+00 factor_V=2.45e+58 factor_rho=5.62e-56 rho_eV2=2.90e+58 rho_final=1.63e+03
BG_FUNC: a=3.92e-05 V=1.16e+00 factor_V=2.45e+58 factor_rho=5.62e-56 rho_eV2=2.87e+58 rho_final=1.61e+03
RIDDER SWITCHING: z_osc = 9026.82, a_osc = 1.107687e-04
DEBUG: Ridder field ENABLED. Lambda = 1.717273e+00
DEBUG: Ridder field ENABLED. Lambda = 1.717273e+00
BG_FUNC: a=1.19e-13 V=8.45e-01 factor_V=2.45e+58 factor_rho=5.62e-56 rho_eV2=2.07e+58 rho_final=1.16e+03
BG_FUNC: a=4.75e-12 V=8.45e-01 factor_V=2.45e+58 factor_rho=5.62e-56 rho_eV2=2.07e+58 rho_final=1.16e+03
BG_FUNC: a=1.87e-10 V=8.45e-01 factor_V=2.45e+58 factor_rho=5.62e-56 rho_eV2=2.07e+58 rho_final=1.16e+03
BG_FUNC: a=7.50e-09 V=8.45e-01 factor_V=2.45e+58 factor_rho=5.62e-56 rho_eV2=2.07e+58 rho_final=1.16e+03
BG_FUNC: a=2.95e-07 V=8.45e-01 factor_V=2.45e+58 factor_rho=5.62e-56 rho_eV2=2.07e+58 rho_final=1.16e+03
BG_FUNC: a=1.18e-05 V=8.45e-01 factor_V=2.45e+58 factor_rho=5.62e-56 rho_eV2=2.07e+58 rho_final=1.16e+03
RIDDER SWITCHING: z_osc = 8210.45, a_osc = 1.217812e-04
DEBUG: Ridder field ENABLED. Lambda = 2.323799e+00
DEBUG: Ridder field ENABLED. Lambda = 2.323799e+00
BG_FUNC: a=3.41e-14 V=2.83e+00 factor_V=2.45e+58 factor_rho=5.62e-56 rho_eV2=6.93e+58 rho_final=3.89e+03
BG_FUNC: a=1.29e-12 V=2.83e+00 factor_V=2.45e+58 factor_rho=5.62e-56 rho_eV2=6.93e+58 rho_final=3.89e+03
BG_FUNC: a=5.13e-11 V=2.83e+00 factor_V=2.45e+58 factor_rho=5.62e-56 rho_eV2=6.93e+58 rho_final=3.89e+03
BG_FUNC: a=2.04e-09 V=2.83e+00 factor_V=2.45e+58 factor_rho=5.62e-56 rho_eV2=6.93e+58 rho_final=3.89e+03
BG_FUNC: a=8.09e-08 V=2.83e+00 factor_V=2.45e+58 factor_rho=5.62e-56 rho_eV2=6.93e+58 rho_final=3.89e+03
BG_FUNC: a=3.21e-06 V=2.83e+00 factor_V=2.45e+58 factor_rho=5.62e-56 rho_eV2=6.93e+58 rho_final=3.89e+03
RIDDER SWITCHING: z_osc = 11404.94, a_osc = 8.767363e-05
DEBUG: Ridder field ENABLED. Lambda = 1.925535e+00
DEBUG: Ridder field ENABLED. Lambda = 1.925535e+00
BG_FUNC: a=1.32e-14 V=1.34e+00 factor_V=2.45e+58 factor_rho=5.62e-56 rho_eV2=3.27e+58 rho_final=1.84e+03
BG_FUNC: a=4.93e-13 V=1.34e+00 factor_V=2.45e+58 factor_rho=5.62e-56 rho_eV2=3.27e+58 rho_final=1.84e+03
BG_FUNC: a=1.97e-11 V=1.34e+00 factor_V=2.45e+58 factor_rho=5.62e-56 rho_eV2=3.27e+58 rho_final=1.84e+03
BG_FUNC: a=7.88e-10 V=1.34e+00 factor_V=2.45e+58 factor_rho=5.62e-56 rho_eV2=3.27e+58 rho_final=1.84e+03
BG_FUNC: a=3.15e-08 V=1.34e+00 factor_V=2.45e+58 factor_rho=5.62e-56 rho_eV2=3.27e+58 rho_final=1.84e+03
BG_FUNC: a=1.26e-06 V=1.34e+00 factor_V=2.45e+58 factor_rho=5.62e-56 rho_eV2=3.27e+58 rho_final=1.84e+03
BG_FUNC: a=5.01e-05 V=1.26e+00 factor_V=2.45e+58 factor_rho=5.62e-56 rho_eV2=3.15e+58 rho_final=1.77e+03
RIDDER SWITCHING: z_osc = 9312.03, a_osc = 1.073765e-04
DEBUG: Ridder field ENABLED. Lambda = 2.002828e+00
DEBUG: Ridder field ENABLED. Lambda = 2.002828e+00
BG_FUNC: a=1.58e-13 V=1.56e+00 factor_V=2.45e+58 factor_rho=5.62e-56 rho_eV2=3.82e+58 rho_final=2.15e+03
BG_FUNC: a=6.31e-12 V=1.56e+00 factor_V=2.45e+58 factor_rho=5.62e-56 rho_eV2=3.82e+58 rho_final=2.15e+03
BG_FUNC: a=2.48e-10 V=1.56e+00 factor_V=2.45e+58 factor_rho=5.62e-56 rho_eV2=3.82e+58 rho_final=2.15e+03
BG_FUNC: a=9.86e-09 V=1.56e+00 factor_V=2.45e+58 factor_rho=5.62e-56 rho_eV2=3.82e+58 rho_final=2.15e+03
BG_FUNC: a=3.92e-07 V=1.56e+00 factor_V=2.45e+58 factor_rho=5.62e-56 rho_eV2=3.82e+58 rho_final=2.15e+03
BG_FUNC: a=1.55e-05 V=1.56e+00 factor_V=2.45e+58 factor_rho=5.62e-56 rho_eV2=3.82e+58 rho_final=2.15e+03
RIDDER SWITCHING: z_osc = 9784.89, a_osc = 1.021880e-04
DEBUG: Ridder field ENABLED. Lambda = 1.754101e+00
DEBUG: Ridder field ENABLED. Lambda = 1.754101e+00
BG_FUNC: a=5.31e-14 V=9.20e-01 factor_V=2.45e+58 factor_rho=5.62e-56 rho_eV2=2.25e+58 rho_final=1.26e+03
BG_FUNC: a=2.03e-12 V=9.20e-01 factor_V=2.45e+58 factor_rho=5.62e-56 rho_eV2=2.25e+58 rho_final=1.26e+03
BG_FUNC: a=8.06e-11 V=9.20e-01 factor_V=2.45e+58 factor_rho=5.62[mcmc] Progress @ 2025-12-02 10:43:47 : 5236 steps taken, and 787 accepted.
[mcmc] Progress @ 2025-12-02 10:44:56 : 5245 steps taken, and 788 accepted.
e-56 rho_eV2=2.25e+58 rho_final=1.26e+03
BG_FUNC: a=3.20e-09 V=9.20e-01 factor_V=2.45e+58 factor_rho=5.62e-56 rho_eV2=2.25e+58 rho_final=1.26e+03
BG_FUNC: a=1.27e-07 V=9.20e-01 factor_V=2.45e+58 factor_rho=5.62e-56 rho_eV2=2.25e+58 rho_final=1.26e+03
BG_FUNC: a=5.05e-06 V=9.20e-01 factor_V=2.45e+58 factor_rho=5.62e-56 rho_eV2=2.25e+58 rho_final=1.26e+03
RIDDER SWITCHING: z_osc = 8396.51, a_osc = 1.190829e-04
DEBUG: Ridder field ENABLED. Lambda = 1.607362e+00
DEBUG: Ridder field ENABLED. Lambda = 1.607362e+00
BG_FUNC: a=1.52e-14 V=6.48e-01 factor_V=2.45e+58 factor_rho=5.62e-56 rho_eV2=1.59e+58 rho_final=8.91e+02
BG_FUNC: a=5.67e-13 V=6.48e-01 factor_V=2.45e+58 factor_rho=5.62e-56 rho_eV2=1.59e+58 rho_final=8.91e+02
BG_FUNC: a=2.22e-11 V=6.48e-01 factor_V=2.45e+58 factor_rho=5.62e-56 rho_eV2=1.59e+58 rho_final=8.91e+02
BG_FUNC: a=8.72e-10 V=6.48e-01 factor_V=2.45e+58 factor_rho=5.62e-56 rho_eV2=1.59e+58 rho_final=8.91e+02
BG_FUNC: a=3.42e-08 V=6.48e-01 factor_V=2.45e+58 factor_rho=5.62e-56 rho_eV2=1.59e+58 rho_final=8.91e+02
BG_FUNC: a=1.34e-06 V=6.48e-01 factor_V=2.45e+58 factor_rho=5.62e-56 rho_eV2=1.59e+58 rho_final=8.91e+02
BG_FUNC: a=5.12e-05 V=6.29e-01 factor_V=2.45e+58 factor_rho=5.62e-56 rho_eV2=1.56e+58 rho_final=8.75e+02
RIDDER SWITCHING: z_osc = 7640.67, a_osc = 1.308614e-04
DEBUG: Ridder field ENABLED. Lambda = 1.872204e+00
DEBUG: Ridder field ENABLED. Lambda = 1.872204e+00
BG_FUNC: a=1.33e-13 V=1.19e+00 factor_V=2.45e+58 factor_rho=5.62e-56 rho_eV2=2.92e+58 rho_final=1.64e+03
BG_FUNC: a=5.31e-12 V=1.19e+00 factor_V=2.45e+58 factor_rho=5.62e-56 rho_eV2=2.92e+58 rho_final=1.64e+03
BG_FUNC: a=2.12e-10 V=1.19e+00 factor_V=2.45e+58 factor_rho=5.62e-56 rho_eV2=2.92e+58 rho_final=1.64e+03
BG_FUNC: a=8.51e-09 V=1.19e+00 factor_V=2.45e+58 factor_rho=5.62e-56 rho_eV2=2.92e+58 rho_final=1.64e+03
BG_FUNC: a=3.41e-07 V=1.19e+00 factor_V=2.45e+58 factor_rho=5.62e-56 rho_eV2=2.92e+58 rho_final=1.64e+03
BG_FUNC: a=1.36e-05 V=1.19e+00 factor_V=2.45e+58 factor_rho=5.62e-56 rho_eV2=2.92e+58 rho_final=1.64e+03
RIDDER SWITCHING: z_osc = 9043.24, a_osc = 1.105676e-04
DEBUG: Ridder field ENABLED. Lambda = 2.243072e+00
DEBUG: Ridder field ENABLED. Lambda = 2.243072e+00
BG_FUNC: a=4.36e-14 V=2.46e+00 factor_V=2.45e+58 factor_rho=5.62e-56 rho_eV2=6.01e+58 rho_final=3.38e+03
BG_FUNC: a=1.66e-12 V=2.46e+00 factor_V=2.45e+58 factor_rho=5.62e-56 rho_eV2=6.01e+58 rho_final=3.38e+03
BG_FUNC: a=6.56e-11 V=2.46e+00 factor_V=2.45e+58 factor_rho=5.62e-56 rho_eV2=6.01e+58 rho_final=3.38e+03
BG_FUNC: a=2.60e-09 V=2.46e+00 factor_V=2.45e+58 factor_rho=5.62e-56 rho_eV2=6.01e+58 rho_final=3.38e+03
BG_FUNC: a=1.03e-07 V=2.46e+00 factor_V=2.45e+58 factor_rho=5.62e-56 rho_eV2=6.01e+58 rho_final=3.38e+03
BG_FUNC: a=4.09e-06 V=2.46e+00 factor_V=2.45e+58 factor_rho=5.62e-56 rho_eV2=6.01e+58 rho_final=3.38e+03
RIDDER SWITCHING: z_osc = 10976.89, a_osc = 9.109216e-05
DEBUG: Ridder field ENABLED. Lambda = 2.171881e+00
DEBUG: Ridder field ENABLED. Lambda = 2.171881e+00
BG_FUNC: a=1.60e-14 V=2.16e+00 factor_V=2.45e+58 factor_rho=5.62e-56 rho_eV2=5.29e+58 rho_final=2.97e+03
BG_FUNC: a=6.01e-13 V=2.16e+00 factor_V=2.45e+58 factor_rho=5.62e-56 rho_eV2=5.29e+58 rho_final=2.97e+03
BG_FUNC: a=2.40e-11 V=2.16e+00 factor_V=2.45e+58 factor_rho=5.62e-56 rho_eV2=5.29e+58 rho_final=2.97e+03
BG_FUNC: a=9.56e-10 V=2.16e+00 factor_V=2.45e+58 factor_rho=5.62e-56 rho_eV2=5.29e+58 rho_final=2.97e+03
BG_FUNC: a=3.81e-08 V=2.16e+00 factor_V=2.45e+58 factor_rho=5.62e-56 rho_eV2=5.29e+58 rho_final=2.97e+03
BG_FUNC: a=1.52e-06 V=2.16e+00 factor_V=2.45e+58 factor_rho=5.62e-56 rho_eV2=5.29e+58 rho_final=2.97e+03
BG_FUNC: a=6.00e-05 V=1.79e+00 factor_V=2.45e+58 factor_rho=5.62e-56 rho_eV2=4.72e+58 rho_final=2.65e+03
RIDDER SWITCHING: z_osc = 10657.12, a_osc = 9.382514e-05
DEBUG: Ridder field ENABLED. Lambda = 2.017840e+00
DEBUG: Ridder field ENABLED. Lambda = 2.017840e+00
BG_FUNC: a=2.17e-13 V=1.61e+00 factor_V=2.45e+58 factor_rho=5.62e-56 rho_eV2=3.94e+58 rho_final=2.21e+03
BG_FUNC: a=8.61e-12 V=1.61e+00 factor_V=2.45e+58 factor_rho=5.62e-56 rho_eV2=3.94e+58 rho_final=2.21e+03
BG_FUNC:[mcmc] Progress @ 2025-12-02 10:46:06 : 5263 steps taken, and 789 accepted.
[mcmc] Progress @ 2025-12-02 10:47:06 : 5289 steps taken, and 794 accepted.
[mcmc] Progress @ 2025-12-02 10:48:16 : 5315 steps taken, and 796 accepted.
 a=3.41e-10 V=1.61e+00 factor_V=2.45e+58 factor_rho=5.62e-56 rho_eV2=3.94e+58 rho_final=2.21e+03
BG_FUNC: a=1.35e-08 V=1.61e+00 factor_V=2.45e+58 factor_rho=5.62e-56 rho_eV2=3.94e+58 rho_final=2.21e+03
BG_FUNC: a=5.39e-07 V=1.61e+00 factor_V=2.45e+58 factor_rho=5.62e-56 rho_eV2=3.94e+58 rho_final=2.21e+03
BG_FUNC: a=2.11e-05 V=1.61e+00 factor_V=2.45e+58 factor_rho=5.62e-56 rho_eV2=3.93e+58 rho_final=2.21e+03
RIDDER SWITCHING: z_osc = 9844.37, a_osc = 1.015706e-04
DEBUG: Ridder field ENABLED. Lambda = 1.859404e+00
DEBUG: Ridder field ENABLED. Lambda = 1.859404e+00
BG_FUNC: a=7.29e-14 V=1.16e+00 factor_V=2.45e+58 factor_rho=5.62e-56 rho_eV2=2.84e+58 rho_final=1.60e+03
BG_FUNC: a=2.80e-12 V=1.16e+00 factor_V=2.45e+58 factor_rho=5.62e-56 rho_eV2=2.84e+58 rho_final=1.60e+03
BG_FUNC: a=1.11e-10 V=1.16e+00 factor_V=2.45e+58 factor_rho=5.62e-56 rho_eV2=2.84e+58 rho_final=1.60e+03
BG_FUNC: a=4.42e-09 V=1.16e+00 factor_V=2.45e+58 factor_rho=5.62e-56 rho_eV2=2.84e+58 rho_final=1.60e+03
BG_FUNC: a=1.75e-07 V=1.16e+00 factor_V=2.45e+58 factor_rho=5.62e-56 rho_eV2=2.84e+58 rho_final=1.60e+03
BG_FUNC: a=6.97e-06 V=1.16e+00 factor_V=2.45e+58 factor_rho=5.62e-56 rho_eV2=2.84e+58 rho_final=1.60e+03
RIDDER SWITCHING: z_osc = 9024.61, a_osc = 1.107959e-04
DEBUG: Ridder field ENABLED. Lambda = 1.773183e+00
DEBUG: Ridder field ENABLED. Lambda = 1.773183e+00
BG_FUNC: a=2.22e-14 V=9.60e-01 factor_V=2.45e+58 factor_rho=5.62e-56 rho_eV2=2.35e+58 rho_final=1.32e+03
BG_FUNC: a=8.41e-13 V=9.60e-01 factor_V=2.45e+58 factor_rho=5.62e-56 rho_eV2=2.35e+58 rho_final=1.32e+03
BG_FUNC: a=3.36e-11 V=9.60e-01 factor_V=2.45e+58 factor_rho=5.62e-56 rho_eV2=2.35e+58 rho_final=1.32e+03
BG_FUNC: a=1.34e-09 V=9.60e-01 factor_V=2.45e+58 factor_rho=5.62e-56 rho_eV2=2.35e+58 rho_final=1.32e+03
BG_FUNC: a=5.37e-08 V=9.60e-01 factor_V=2.45e+58 factor_rho=5.62e-56 rho_eV2=2.35e+58 rho_final=1.32e+03
BG_FUNC: a=2.15e-06 V=9.60e-01 factor_V=2.45e+58 factor_rho=5.62e-56 rho_eV2=2.35e+58 rho_final=1.32e+03
BG_FUNC: a=8.48e-05 V=7.01e-01 factor_V=2.45e+58 factor_rho=5.62e-56 rho_eV2=1.94e+58 rho_final=1.09e+03
RIDDER SWITCHING: z_osc = 8531.74, a_osc = 1.171956e-04
DEBUG: Ridder field ENABLED. Lambda = 1.980287e+00
DEBUG: Ridder field ENABLED. Lambda = 1.980287e+00
BG_FUNC: a=2.47e-13 V=1.49e+00 factor_V=2.45e+58 factor_rho=5.62e-56 rho_eV2=3.65e+58 rho_final=2.05e+03
BG_FUNC: a=9.80e-12 V=1.49e+00 factor_V=2.45e+58 factor_rho=5.62e-56 rho_eV2=3.65e+58 rho_final=2.05e+03
BG_FUNC: a=3.89e-10 V=1.49e+00 factor_V=2.45e+58 factor_rho=5.62e-56 rho_eV2=3.65e+58 rho_final=2.05e+03
BG_FUNC: a=1.55e-08 V=1.49e+00 factor_V=2.45e+58 factor_rho=5.62e-56 rho_eV2=3.65e+58 rho_final=2.05e+03
BG_FUNC: a=6.14e-07 V=1.49e+00 factor_V=2.45e+58 factor_rho=5.62e-56 rho_eV2=3.65e+58 rho_final=2.05e+03
BG_FUNC: a=2.43e-05 V=1.49e+00 factor_V=2.45e+58 factor_rho=5.62e-56 rho_eV2=3.64e+58 rho_final=2.05e+03
RIDDER SWITCHING: z_osc = 9605.87, a_osc = 1.040922e-04
DEBUG: Ridder field ENABLED. Lambda = 1.716994e+00
DEBUG: Ridder field ENABLED. Lambda = 1.716994e+00
BG_FUNC: a=8.16e-14 V=8.44e-01 factor_V=2.45e+58 factor_rho=5.62e-56 rho_eV2=2.06e+58 rho_final=1.16e+03
BG_FUNC: a=3.13e-12 V=8.44e-01 factor_V=2.45e+58 factor_rho=5.62e-56 rho_eV2=2.06e+58 rho_final=1.16e+03
BG_FUNC: a=1.24e-10 V=8.44e-01 factor_V=2.45e+58 factor_rho=5.62e-56 rho_eV2=2.06e+58 rho_final=1.16e+03
BG_FUNC: a=4.92e-09 V=8.44e-01 factor_V=2.45e+58 factor_rho=5.62e-56 rho_eV2=2.06e+58 rho_final=1.16e+03
BG_FUNC: a=1.95e-07 V=8.44e-01 factor_V=2.45e+58 factor_rho=5.62e-56 rho_eV2=2.06e+58 rho_final=1.16e+03
BG_FUNC: a=7.72e-06 V=8.44e-01 factor_V=2.45e+58 factor_rho=5.62e-56 rho_eV2=2.06e+58 rho_final=1.16e+03
RIDDER SWITCHING: z_osc = 8210.09, a_osc = 1.217865e-04
DEBUG: Ridder field ENABLED. Lambda = 1.631248e+00
DEBUG: Ridder field ENABLED. Lambda = 1.631248e+00
BG_FUNC: a=2.26e-14 V=6.88e-01 factor_V=2.45e+58 factor_rho=5.62e-56 rho_eV2=1.68e+58 rho_final=9.46e+02
BG_FUNC: a=8.51e-13 V=6.88e-01 factor_V=2.45e+58 factor_rho=5.62e-56 rho_eV2=1.68e+58 rho_final=9.46e+02
BG_FUNC: a=3.37e-11 V=6.88e-01 factor_V=2.45e+58 factor_rho[mcmc] Progress @ 2025-12-02 10:49:17 : 5334 steps taken, and 798 accepted.
[mcmc] Progress @ 2025-12-02 10:50:25 : 5363 steps taken, and 802 accepted.
=5.62e-56 rho_eV2=1.68e+58 rho_final=9.46e+02
BG_FUNC: a=1.34e-09 V=6.88e-01 factor_V=2.45e+58 factor_rho=5.62e-56 rho_eV2=1.68e+58 rho_final=9.46e+02
BG_FUNC: a=5.30e-08 V=6.88e-01 factor_V=2.45e+58 factor_rho=5.62e-56 rho_eV2=1.68e+58 rho_final=9.46e+02
BG_FUNC: a=2.10e-06 V=6.88e-01 factor_V=2.45e+58 factor_rho=5.62e-56 rho_eV2=1.68e+58 rho_final=9.46e+02
BG_FUNC: a=8.24e-05 V=5.61e-01 factor_V=2.45e+58 factor_rho=5.62e-56 rho_eV2=1.49e+58 rho_final=8.36e+02
RIDDER SWITCHING: z_osc = 7761.49, a_osc = 1.288247e-04
DEBUG: Ridder field ENABLED. Lambda = 1.694782e+00
DEBUG: Ridder field ENABLED. Lambda = 1.694782e+00
BG_FUNC: a=2.19e-13 V=8.01e-01 factor_V=2.45e+58 factor_rho=5.62e-56 rho_eV2=1.96e+58 rho_final=1.10e+03
BG_FUNC: a=8.57e-12 V=8.01e-01 factor_V=2.45e+58 factor_rho=5.62e-56 rho_eV2=1.96e+58 rho_final=1.10e+03
BG_FUNC: a=3.36e-10 V=8.01e-01 factor_V=2.45e+58 factor_rho=5.62e-56 rho_eV2=1.96e+58 rho_final=1.10e+03
BG_FUNC: a=1.33e-08 V=8.01e-01 factor_V=2.45e+58 factor_rho=5.62e-56 rho_eV2=1.96e+58 rho_final=1.10e+03
BG_FUNC: a=5.17e-07 V=8.01e-01 factor_V=2.45e+58 factor_rho=5.62e-56 rho_eV2=1.96e+58 rho_final=1.10e+03
BG_FUNC: a=2.00e-05 V=8.01e-01 factor_V=2.45e+58 factor_rho=5.62e-56 rho_eV2=1.96e+58 rho_final=1.10e+03
RIDDER SWITCHING: z_osc = 8121.90, a_osc = 1.231088e-04
DEBUG: Ridder field ENABLED. Lambda = 2.210199e+00
DEBUG: Ridder field ENABLED. Lambda = 2.210199e+00
BG_FUNC: a=5.62e-14 V=2.32e+00 factor_V=2.45e+58 factor_rho=5.62e-56 rho_eV2=5.67e+58 rho_final=3.19e+03
BG_FUNC: a=2.15e-12 V=2.32e+00 factor_V=2.45e+58 factor_rho=5.62e-56 rho_eV2=5.67e+58 rho_final=3.19e+03
BG_FUNC: a=8.52e-11 V=2.32e+00 factor_V=2.45e+58 factor_rho=5.62e-56 rho_eV2=5.67e+58 rho_final=3.19e+03
BG_FUNC: a=3.39e-09 V=2.32e+00 factor_V=2.45e+58 factor_rho=5.62e-56 rho_eV2=5.67e+58 rho_final=3.19e+03
BG_FUNC: a=1.34e-07 V=2.32e+00 factor_V=2.45e+58 factor_rho=5.62e-56 rho_eV2=5.67e+58 rho_final=3.19e+03
BG_FUNC: a=5.34e-06 V=2.32e+00 factor_V=2.45e+58 factor_rho=5.62e-56 rho_eV2=5.67e+58 rho_final=3.19e+03
RIDDER SWITCHING: z_osc = 10832.70, a_osc = 9.230460e-05
DEBUG: Ridder field ENABLED. Lambda = 1.901975e+00
DEBUG: Ridder field ENABLED. Lambda = 1.901975e+00
BG_FUNC: a=2.06e-14 V=1.27e+00 factor_V=2.45e+58 factor_rho=5.62e-56 rho_eV2=3.11e+58 rho_final=1.75e+03
BG_FUNC: a=7.81e-13 V=1.27e+00 factor_V=2.45e+58 factor_rho=5.62e-56 rho_eV2=3.11e+58 rho_final=1.75e+03
BG_FUNC: a=3.14e-11 V=1.27e+00 factor_V=2.45e+58 factor_rho=5.62e-56 rho_eV2=3.11e+58 rho_final=1.75e+03
BG_FUNC: a=1.26e-09 V=1.27e+00 factor_V=2.45e+58 factor_rho=5.62e-56 rho_eV2=3.11e+58 rho_final=1.75e+03
BG_FUNC: a=5.07e-08 V=1.27e+00 factor_V=2.45e+58 factor_rho=5.62e-56 rho_eV2=3.11e+58 rho_final=1.75e+03
BG_FUNC: a=2.04e-06 V=1.27e+00 factor_V=2.45e+58 factor_rho=5.62e-56 rho_eV2=3.11e+58 rho_final=1.75e+03
BG_FUNC: a=8.07e-05 V=9.06e-01 factor_V=2.45e+58 factor_rho=5.62e-56 rho_eV2=2.53e+58 rho_final=1.42e+03
RIDDER SWITCHING: z_osc = 9166.07, a_osc = 1.090862e-04
DEBUG: Ridder field ENABLED. Lambda = 2.111225e+00
DEBUG: Ridder field ENABLED. Lambda = 2.111225e+00
BG_FUNC: a=2.52e-13 V=1.93e+00 factor_V=2.45e+58 factor_rho=5.62e-56 rho_eV2=4.72e+58 rho_final=2.65e+03
BG_FUNC: a=1.01e-11 V=1.93e+00 factor_V=2.45e+58 factor_rho=5.62e-56 rho_eV2=4.72e+58 rho_final=2.65e+03
BG_FUNC: a=3.98e-10 V=1.93e+00 factor_V=2.45e+58 factor_rho=5.62e-56 rho_eV2=4.72e+58 rho_final=2.65e+03
BG_FUNC: a=1.58e-08 V=1.93e+00 factor_V=2.45e+58 factor_rho=5.62e-56 rho_eV2=4.72e+58 rho_final=2.65e+03
BG_FUNC: a=6.28e-07 V=1.93e+00 factor_V=2.45e+58 factor_rho=5.62e-56 rho_eV2=4.72e+58 rho_final=2.65e+03
BG_FUNC: a=2.49e-05 V=1.92e+00 factor_V=2.45e+58 factor_rho=5.62e-56 rho_eV2=4.70e+58 rho_final=2.64e+03
RIDDER SWITCHING: z_osc = 10280.96, a_osc = 9.725769e-05
DEBUG: Ridder field ENABLED. Lambda = 1.441255e+00
DEBUG: Ridder field ENABLED. Lambda = 1.441255e+00
BG_FUNC: a=8.94e-14 V=4.19e-01 factor_V=2.45e+58 factor_rho=5.62e-56 rho_eV2=1.02e+58 rho_final=5.76e+02
BG_FUNC: a=3.46e-12 V=4.19e-01 factor_V=2.45e+58 factor_rho=5.62e-56 rho_eV2=1.02e+58 rho_final=5.76e+02
BG_[mcmc] Progress @ 2025-12-02 10:51:25 : 5394 steps taken, and 810 accepted.
[mcmc] Progress @ 2025-12-02 10:52:43 : 5430 steps taken, and 817 accepted.
FUNC: a=1.38e-10 V=4.19e-01 factor_V=2.45e+58 factor_rho=5.62e-56 rho_eV2=1.02e+58 rho_final=5.76e+02
BG_FUNC: a=5.51e-09 V=4.19e-01 factor_V=2.45e+58 factor_rho=5.62e-56 rho_eV2=1.02e+58 rho_final=5.76e+02
BG_FUNC: a=2.19e-07 V=4.19e-01 factor_V=2.45e+58 factor_rho=5.62e-56 rho_eV2=1.02e+58 rho_final=5.76e+02
BG_FUNC: a=8.76e-06 V=4.19e-01 factor_V=2.45e+58 factor_rho=5.62e-56 rho_eV2=1.02e+58 rho_final=5.76e+02
RIDDER SWITCHING: z_osc = 6786.99, a_osc = 1.473189e-04
DEBUG: Ridder field ENABLED. Lambda = 1.933375e+00
DEBUG: Ridder field ENABLED. Lambda = 1.933375e+00
BG_FUNC: a=2.14e-14 V=1.36e+00 factor_V=2.45e+58 factor_rho=5.62e-56 rho_eV2=3.32e+58 rho_final=1.87e+03
BG_FUNC: a=8.10e-13 V=1.36e+00 factor_V=2.45e+58 factor_rho=5.62e-56 rho_eV2=3.32e+58 rho_final=1.87e+03
BG_FUNC: a=3.24e-11 V=1.36e+00 factor_V=2.45e+58 factor_rho=5.62e-56 rho_eV2=3.32e+58 rho_final=1.87e+03
BG_FUNC: a=1.30e-09 V=1.36e+00 factor_V=2.45e+58 factor_rho=5.62e-56 rho_eV2=3.32e+58 rho_final=1.87e+03
BG_FUNC: a=5.19e-08 V=1.36e+00 factor_V=2.45e+58 factor_rho=5.62e-56 rho_eV2=3.32e+58 rho_final=1.87e+03
BG_FUNC: a=2.08e-06 V=1.36e+00 factor_V=2.45e+58 factor_rho=5.62e-56 rho_eV2=3.32e+58 rho_final=1.87e+03
BG_FUNC: a=8.20e-05 V=9.22e-01 factor_V=2.45e+58 factor_rho=5.62e-56 rho_eV2=2.63e+58 rho_final=1.48e+03
RIDDER SWITCHING: z_osc = 9395.84, a_osc = 1.064188e-04
DEBUG: Ridder field ENABLED. Lambda = 1.582689e+00
DEBUG: Ridder field ENABLED. Lambda = 1.582689e+00
BG_FUNC: a=2.64e-13 V=6.10e-01 factor_V=2.45e+58 factor_rho=5.62e-56 rho_eV2=1.49e+58 rho_final=8.38e+02
BG_FUNC: a=1.05e-11 V=6.10e-01 factor_V=2.45e+58 factor_rho=5.62e-56 rho_eV2=1.49e+58 rho_final=8.38e+02
BG_FUNC: a=4.16e-10 V=6.10e-01 factor_V=2.45e+58 factor_rho=5.62e-56 rho_eV2=1.49e+58 rho_final=8.38e+02
BG_FUNC: a=1.65e-08 V=6.10e-01 factor_V=2.45e+58 factor_rho=5.62e-56 rho_eV2=1.49e+58 rho_final=8.38e+02
BG_FUNC: a=6.55e-07 V=6.10e-01 factor_V=2.45e+58 factor_rho=5.62e-56 rho_eV2=1.49e+58 rho_final=8.38e+02
BG_FUNC: a=2.60e-05 V=6.08e-01 factor_V=2.45e+58 factor_rho=5.62e-56 rho_eV2=1.49e+58 rho_final=8.37e+02
RIDDER SWITCHING: z_osc = 7564.12, a_osc = 1.321857e-04
DEBUG: Ridder field ENABLED. Lambda = 1.804292e+00
DEBUG: Ridder field ENABLED. Lambda = 1.804292e+00
BG_FUNC: a=6.90e-14 V=1.03e+00 factor_V=2.45e+58 factor_rho=5.62e-56 rho_eV2=2.52e+58 rho_final=1.42e+03
BG_FUNC: a=2.64e-12 V=1.03e+00 factor_V=2.45e+58 factor_rho=5.62e-56 rho_eV2=2.52e+58 rho_final=1.42e+03
BG_FUNC: a=1.06e-10 V=1.03e+00 factor_V=2.45e+58 factor_rho=5.62e-56 rho_eV2=2.52e+58 rho_final=1.42e+03
BG_FUNC: a=4.16e-09 V=1.03e+00 factor_V=2.45e+58 factor_rho=5.62e-56 rho_eV2=2.52e+58 rho_final=1.42e+03
BG_FUNC: a=1.65e-07 V=1.03e+00 factor_V=2.45e+58 factor_rho=5.62e-56 rho_eV2=2.52e+58 rho_final=1.42e+03
BG_FUNC: a=6.54e-06 V=1.03e+00 factor_V=2.45e+58 factor_rho=5.62e-56 rho_eV2=2.52e+58 rho_final=1.42e+03
RIDDER SWITCHING: z_osc = 8695.78, a_osc = 1.149851e-04
DEBUG: Ridder field ENABLED. Lambda = 1.997427e+00
DEBUG: Ridder field ENABLED. Lambda = 1.997427e+00
BG_FUNC: a=2.02e-14 V=1.55e+00 factor_V=2.45e+58 factor_rho=5.62e-56 rho_eV2=3.78e+58 rho_final=2.13e+03
BG_FUNC: a=7.62e-13 V=1.55e+00 factor_V=2.45e+58 factor_rho=5.62e-56 rho_eV2=3.78e+58 rho_final=2.13e+03
BG_FUNC: a=3.02e-11 V=1.55e+00 factor_V=2.45e+58 factor_rho=5.62e-56 rho_eV2=3.78e+58 rho_final=2.13e+03
BG_FUNC: a=1.20e-09 V=1.55e+00 factor_V=2.45e+58 factor_rho=5.62e-56 rho_eV2=3.78e+58 rho_final=2.13e+03
BG_FUNC: a=4.79e-08 V=1.55e+00 factor_V=2.45e+58 factor_rho=5.62e-56 rho_eV2=3.78e+58 rho_final=2.13e+03
BG_FUNC: a=1.88e-06 V=1.55e+00 factor_V=2.45e+58 factor_rho=5.62e-56 rho_eV2=3.78e+58 rho_final=2.13e+03
BG_FUNC: a=7.36e-05 V=1.15e+00 factor_V=2.45e+58 factor_rho=5.62e-56 rho_eV2=3.17e+58 rho_final=1.78e+03
RIDDER SWITCHING: z_osc = 9709.57, a_osc = 1.029806e-04
DEBUG: Ridder field ENABLED. Lambda = 1.608548e+00
DEBUG: Ridder field ENABLED. Lambda = 1.608548e+00
BG_FUNC: a=2.44e-13 V=6.50e-01 factor_V=2.45e+58 factor_rho=5.62e-56 rho_eV2=1.59e+58 rho_final=8.94e+02
BG_FUNC: a=9.68e-12 V=6.50e-01 factor_V=2.45e+58 facto[mcmc] Progress @ 2025-12-02 10:53:57 : 5461 steps taken, and 824 accepted.
[mcmc] Progress @ 2025-12-02 10:55:10 : 5488 steps taken, and 830 accepted.
r_rho=5.62e-56 rho_eV2=1.59e+58 rho_final=8.94e+02
BG_FUNC: a=3.84e-10 V=6.50e-01 factor_V=2.45e+58 factor_rho=5.62e-56 rho_eV2=1.59e+58 rho_final=8.94e+02
BG_FUNC: a=1.53e-08 V=6.50e-01 factor_V=2.45e+58 factor_rho=5.62e-56 rho_eV2=1.59e+58 rho_final=8.94e+02
BG_FUNC: a=6.06e-07 V=6.50e-01 factor_V=2.45e+58 factor_rho=5.62e-56 rho_eV2=1.59e+58 rho_final=8.94e+02
BG_FUNC: a=2.41e-05 V=6.49e-01 factor_V=2.45e+58 factor_rho=5.62e-56 rho_eV2=1.59e+58 rho_final=8.93e+02
RIDDER SWITCHING: z_osc = 7687.33, a_osc = 1.300673e-04
DEBUG: Ridder field ENABLED. Lambda = 1.807215e+00
DEBUG: Ridder field ENABLED. Lambda = 1.807215e+00
BG_FUNC: a=6.49e-14 V=1.04e+00 factor_V=2.45e+58 factor_rho=5.62e-56 rho_eV2=2.53e+58 rho_final=1.42e+03
BG_FUNC: a=2.51e-12 V=1.04e+00 factor_V=2.45e+58 factor_rho=5.62e-56 rho_eV2=2.53e+58 rho_final=1.42e+03
BG_FUNC: a=9.86e-11 V=1.04e+00 factor_V=2.45e+58 factor_rho=5.62e-56 rho_eV2=2.53e+58 rho_final=1.42e+03
BG_FUNC: a=3.91e-09 V=1.04e+00 factor_V=2.45e+58 factor_rho=5.62e-56 rho_eV2=2.53e+58 rho_final=1.42e+03
BG_FUNC: a=1.55e-07 V=1.04e+00 factor_V=2.45e+58 factor_rho=5.62e-56 rho_eV2=2.53e+58 rho_final=1.42e+03
BG_FUNC: a=6.14e-06 V=1.04e+00 factor_V=2.45e+58 factor_rho=5.62e-56 rho_eV2=2.53e+58 rho_final=1.42e+03
RIDDER SWITCHING: z_osc = 8720.17, a_osc = 1.146636e-04
DEBUG: Ridder field ENABLED. Lambda = 1.858545e+00
DEBUG: Ridder field ENABLED. Lambda = 1.858545e+00
BG_FUNC: a=1.91e-14 V=1.16e+00 factor_V=2.45e+58 factor_rho=5.62e-56 rho_eV2=2.83e+58 rho_final=1.59e+03
BG_FUNC: a=7.21e-13 V=1.16e+00 factor_V=2.45e+58 factor_rho=5.62e-56 rho_eV2=2.83e+58 rho_final=1.59e+03
BG_FUNC: a=2.89e-11 V=1.16e+00 factor_V=2.45e+58 factor_rho=5.62e-56 rho_eV2=2.83e+58 rho_final=1.59e+03
BG_FUNC: a=1.16e-09 V=1.16e+00 factor_V=2.45e+58 factor_rho=5.62e-56 rho_eV2=2.83e+58 rho_final=1.59e+03
BG_FUNC: a=4.64e-08 V=1.16e+00 factor_V=2.45e+58 factor_rho=5.62e-56 rho_eV2=2.83e+58 rho_final=1.59e+03
BG_FUNC: a=1.86e-06 V=1.16e+00 factor_V=2.45e+58 factor_rho=5.62e-56 rho_eV2=2.83e+58 rho_final=1.59e+03
BG_FUNC: a=7.36e-05 V=9.29e-01 factor_V=2.45e+58 factor_rho=5.62e-56 rho_eV2=2.48e+58 rho_final=1.39e+03
RIDDER SWITCHING: z_osc = 8984.98, a_osc = 1.112844e-04
DEBUG: Ridder field ENABLED. Lambda = 1.887459e+00
DEBUG: Ridder field ENABLED. Lambda = 1.887459e+00
BG_FUNC: a=2.25e-13 V=1.23e+00 factor_V=2.45e+58 factor_rho=5.62e-56 rho_eV2=3.01e+58 rho_final=1.69e+03
BG_FUNC: a=8.92e-12 V=1.23e+00 factor_V=2.45e+58 factor_rho=5.62e-56 rho_eV2=3.01e+58 rho_final=1.69e+03
BG_FUNC: a=3.53e-10 V=1.23e+00 factor_V=2.45e+58 factor_rho=5.62e-56 rho_eV2=3.01e+58 rho_final=1.69e+03
BG_FUNC: a=1.40e-08 V=1.23e+00 factor_V=2.45e+58 factor_rho=5.62e-56 rho_eV2=3.01e+58 rho_final=1.69e+03
BG_FUNC: a=5.53e-07 V=1.23e+00 factor_V=2.45e+58 factor_rho=5.62e-56 rho_eV2=3.01e+58 rho_final=1.69e+03
BG_FUNC: a=2.19e-05 V=1.23e+00 factor_V=2.45e+58 factor_rho=5.62e-56 rho_eV2=3.01e+58 rho_final=1.69e+03
RIDDER SWITCHING: z_osc = 9142.18, a_osc = 1.093712e-04
DEBUG: Ridder field ENABLED. Lambda = 1.888639e+00
DEBUG: Ridder field ENABLED. Lambda = 1.888639e+00
BG_FUNC: a=6.98e-14 V=1.24e+00 factor_V=2.45e+58 factor_rho=5.62e-56 rho_eV2=3.02e+58 rho_final=1.70e+03
BG_FUNC: a=2.67e-12 V=1.24e+00 factor_V=2.45e+58 factor_rho=5.62e-56 rho_eV2=3.02e+58 rho_final=1.70e+03
BG_FUNC: a=1.06e-10 V=1.24e+00 factor_V=2.45e+58 factor_rho=5.62e-56 rho_eV2=3.02e+58 rho_final=1.70e+03
BG_FUNC: a=4.20e-09 V=1.24e+00 factor_V=2.45e+58 factor_rho=5.62e-56 rho_eV2=3.02e+58 rho_final=1.70e+03
BG_FUNC: a=1.66e-07 V=1.24e+00 factor_V=2.45e+58 factor_rho=5.62e-56 rho_eV2=3.02e+58 rho_final=1.70e+03
BG_FUNC: a=6.66e-06 V=1.24e+00 factor_V=2.45e+58 factor_rho=5.62e-56 rho_eV2=3.02e+58 rho_final=1.70e+03
RIDDER SWITCHING: z_osc = 9135.45, a_osc = 1.094518e-04
DEBUG: Ridder field ENABLED. Lambda = 1.502972e+00
DEBUG: Ridder field ENABLED. Lambda = 1.502972e+00
BG_FUNC: a=2.16e-14 V=4.96e-01 factor_V=2.45e+58 factor_rho=5.62e-56 rho_eV2=1.21e+58 rho_final=6.81e+02
BG_FUNC: a=8.20e-13 V=4.96e-01 factor_V=2.45e+58 factor_rho=5.62e-56 rho_eV2=1.21e+58 rho_final=6.81e+02
[mcmc] Progress @ 2025-12-02 10:56:27 : 5527 steps taken, and 834 accepted.
[mcmc] Progress @ 2025-12-02 10:57:29 : 5566 steps taken, and 844 accepted.
BG_FUNC: a=3.25e-11 V=4.96e-01 factor_V=2.45e+58 factor_rho=5.62e-56 rho_eV2=1.21e+58 rho_final=6.81e+02
BG_FUNC: a=1.30e-09 V=4.96e-01 factor_V=2.45e+58 factor_rho=5.62e-56 rho_eV2=1.21e+58 rho_final=6.81e+02
BG_FUNC: a=5.19e-08 V=4.96e-01 factor_V=2.45e+58 factor_rho=5.62e-56 rho_eV2=1.21e+58 rho_final=6.81e+02
BG_FUNC: a=2.08e-06 V=4.96e-01 factor_V=2.45e+58 factor_rho=5.62e-56 rho_eV2=1.21e+58 rho_final=6.81e+02
BG_FUNC: a=8.23e-05 V=4.28e-01 factor_V=2.45e+58 factor_rho=5.62e-56 rho_eV2=1.11e+58 rho_final=6.23e+02
RIDDER SWITCHING: z_osc = 7130.03, a_osc = 1.402322e-04
DEBUG: Ridder field ENABLED. Lambda = 1.945363e+00
DEBUG: Ridder field ENABLED. Lambda = 1.945363e+00
BG_FUNC: a=2.02e-13 V=1.39e+00 factor_V=2.45e+58 factor_rho=5.62e-56 rho_eV2=3.40e+58 rho_final=1.91e+03
BG_FUNC: a=8.02e-12 V=1.39e+00 factor_V=2.45e+58 factor_rho=5.62e-56 rho_eV2=3.40e+58 rho_final=1.91e+03
BG_FUNC: a=3.16e-10 V=1.39e+00 factor_V=2.45e+58 factor_rho=5.62e-56 rho_eV2=3.40e+58 rho_final=1.91e+03
BG_FUNC: a=1.25e-08 V=1.39e+00 factor_V=2.45e+58 factor_rho=5.62e-56 rho_eV2=3.40e+58 rho_final=1.91e+03
BG_FUNC: a=4.98e-07 V=1.39e+00 factor_V=2.45e+58 factor_rho=5.62e-56 rho_eV2=3.40e+58 rho_final=1.91e+03
BG_FUNC: a=1.98e-05 V=1.39e+00 factor_V=2.45e+58 factor_rho=5.62e-56 rho_eV2=3.40e+58 rho_final=1.91e+03
RIDDER SWITCHING: z_osc = 9457.86, a_osc = 1.057210e-04
DEBUG: Ridder field ENABLED. Lambda = 2.317543e+00
DEBUG: Ridder field ENABLED. Lambda = 2.317543e+00
BG_FUNC: a=6.56e-14 V=2.80e+00 factor_V=2.45e+58 factor_rho=5.62e-56 rho_eV2=6.85e+58 rho_final=3.85e+03
BG_FUNC: a=2.51e-12 V=2.80e+00 factor_V=2.45e+58 factor_rho=5.62e-56 rho_eV2=6.85e+58 rho_final=3.85e+03
BG_FUNC: a=9.97e-11 V=2.80e+00 factor_V=2.45e+58 factor_rho=5.62e-56 rho_eV2=6.85e+58 rho_final=3.85e+03
BG_FUNC: a=3.95e-09 V=2.80e+00 factor_V=2.45e+58 factor_rho=5.62e-56 rho_eV2=6.85e+58 rho_final=3.85e+03
BG_FUNC: a=1.57e-07 V=2.80e+00 factor_V=2.45e+58 factor_rho=5.62e-56 rho_eV2=6.85e+58 rho_final=3.85e+03
BG_FUNC: a=6.28e-06 V=2.80e+00 factor_V=2.45e+58 factor_rho=5.62e-56 rho_eV2=6.85e+58 rho_final=3.85e+03
RIDDER SWITCHING: z_osc = 11356.44, a_osc = 8.804801e-05
DEBUG: Ridder field ENABLED. Lambda = 2.480926e+00
DEBUG: Ridder field ENABLED. Lambda = 2.480926e+00
BG_FUNC: a=2.49e-14 V=3.68e+00 factor_V=2.45e+58 factor_rho=5.62e-56 rho_eV2=9.00e+58 rho_final=5.06e+03
BG_FUNC: a=9.37e-13 V=3.68e+00 factor_V=2.45e+58 factor_rho=5.62e-56 rho_eV2=9.00e+58 rho_final=5.06e+03
BG_FUNC: a=3.72e-11 V=3.68e+00 factor_V=2.45e+58 factor_rho=5.62e-56 rho_eV2=9.00e+58 rho_final=5.06e+03
BG_FUNC: a=1.48e-09 V=3.68e+00 factor_V=2.45e+58 factor_rho=5.62e-56 rho_eV2=9.00e+58 rho_final=5.06e+03
BG_FUNC: a=5.86e-08 V=3.68e+00 factor_V=2.45e+58 factor_rho=5.62e-56 rho_eV2=9.00e+58 rho_final=5.06e+03
BG_FUNC: a=2.32e-06 V=3.68e+00 factor_V=2.45e+58 factor_rho=5.62e-56 rho_eV2=9.00e+58 rho_final=5.06e+03
RIDDER SWITCHING: z_osc = 12275.46, a_osc = 8.145668e-05
DEBUG: Ridder field ENABLED. Lambda = 1.743606e+00
DEBUG: Ridder field ENABLED. Lambda = 1.743606e+00
BG_FUNC: a=1.03e-14 V=8.98e-01 factor_V=2.45e+58 factor_rho=5.62e-56 rho_eV2=2.20e+58 rho_final=1.23e+03
BG_FUNC: a=3.82e-13 V=8.98e-01 factor_V=2.45e+58 factor_rho=5.62e-56 rho_eV2=2.20e+58 rho_final=1.23e+03
BG_FUNC: a=1.52e-11 V=8.98e-01 factor_V=2.45e+58 factor_rho=5.62e-56 rho_eV2=2.20e+58 rho_final=1.23e+03
BG_FUNC: a=6.05e-10 V=8.98e-01 factor_V=2.45e+58 factor_rho=5.62e-56 rho_eV2=2.20e+58 rho_final=1.23e+03
BG_FUNC: a=2.41e-08 V=8.98e-01 factor_V=2.45e+58 factor_rho=5.62e-56 rho_eV2=2.20e+58 rho_final=1.23e+03
BG_FUNC: a=9.66e-07 V=8.98e-01 factor_V=2.45e+58 factor_rho=5.62e-56 rho_eV2=2.20e+58 rho_final=1.23e+03
BG_FUNC: a=3.80e-05 V=8.86e-01 factor_V=2.45e+58 factor_rho=5.62e-56 rho_eV2=2.18e+58 rho_final=1.22e+03
RIDDER SWITCHING: z_osc = 8315.30, a_osc = 1.202457e-04
DEBUG: Ridder field ENABLED. Lambda = 1.901159e+00
DEBUG: Ridder field ENABLED. Lambda = 1.901159e+00
BG_FUNC: a=1.07e-13 V=1.27e+00 factor_V=2.45e+58 factor_rho=5.62e-56 rho_eV2=3.10e+58 rho_final=1.74e+03
BG_FUNC: a=4.23e-12 V=1.27e+00 factor_V=2.45e+58 [mcmc] Progress @ 2025-12-02 10:58:43 : 5585 steps taken, and 847 accepted.
[mcmc] Progress @ 2025-12-02 10:59:43 : 5622 steps taken, and 854 accepted.
factor_rho=5.62e-56 rho_eV2=3.10e+58 rho_final=1.74e+03
BG_FUNC: a=1.68e-10 V=1.27e+00 factor_V=2.45e+58 factor_rho=5.62e-56 rho_eV2=3.10e+58 rho_final=1.74e+03
BG_FUNC: a=6.64e-09 V=1.27e+00 factor_V=2.45e+58 factor_rho=5.62e-56 rho_eV2=3.10e+58 rho_final=1.74e+03
BG_FUNC: a=2.63e-07 V=1.27e+00 factor_V=2.45e+58 factor_rho=5.62e-56 rho_eV2=3.10e+58 rho_final=1.74e+03
BG_FUNC: a=1.04e-05 V=1.27e+00 factor_V=2.45e+58 factor_rho=5.62e-56 rho_eV2=3.10e+58 rho_final=1.74e+03
RIDDER SWITCHING: z_osc = 9202.31, a_osc = 1.086566e-04
DEBUG: Ridder field ENABLED. Lambda = 1.783238e+00
DEBUG: Ridder field ENABLED. Lambda = 1.783238e+00
BG_FUNC: a=3.39e-14 V=9.82e-01 factor_V=2.45e+58 factor_rho=5.62e-56 rho_eV2=2.40e+58 rho_final=1.35e+03
BG_FUNC: a=1.28e-12 V=9.82e-01 factor_V=2.45e+58 factor_rho=5.62e-56 rho_eV2=2.40e+58 rho_final=1.35e+03
BG_FUNC: a=5.09e-11 V=9.82e-01 factor_V=2.45e+58 factor_rho=5.62e-56 rho_eV2=2.40e+58 rho_final=1.35e+03
BG_FUNC: a=2.02e-09 V=9.82e-01 factor_V=2.45e+58 factor_rho=5.62e-56 rho_eV2=2.40e+58 rho_final=1.35e+03
BG_FUNC: a=8.01e-08 V=9.82e-01 factor_V=2.45e+58 factor_rho=5.62e-56 rho_eV2=2.40e+58 rho_final=1.35e+03
BG_FUNC: a=3.18e-06 V=9.82e-01 factor_V=2.45e+58 factor_rho=5.62e-56 rho_eV2=2.40e+58 rho_final=1.35e+03
RIDDER SWITCHING: z_osc = 8573.44, a_osc = 1.166257e-04
DEBUG: Ridder field ENABLED. Lambda = 1.865614e+00
DEBUG: Ridder field ENABLED. Lambda = 1.865614e+00
BG_FUNC: a=1.00e-14 V=1.18e+00 factor_V=2.45e+58 factor_rho=5.62e-56 rho_eV2=2.88e+58 rho_final=1.62e+03
BG_FUNC: a=3.64e-13 V=1.18e+00 factor_V=2.45e+58 factor_rho=5.62e-56 rho_eV2=2.88e+58 rho_final=1.62e+03
BG_FUNC: a=1.44e-11 V=1.18e+00 factor_V=2.45e+58 factor_rho=5.62e-56 rho_eV2=2.88e+58 rho_final=1.62e+03
BG_FUNC: a=5.72e-10 V=1.18e+00 factor_V=2.45e+58 factor_rho=5.62e-56 rho_eV2=2.88e+58 rho_final=1.62e+03
BG_FUNC: a=2.27e-08 V=1.18e+00 factor_V=2.45e+58 factor_rho=5.62e-56 rho_eV2=2.88e+58 rho_final=1.62e+03
BG_FUNC: a=8.99e-07 V=1.18e+00 factor_V=2.45e+58 factor_rho=5.62e-56 rho_eV2=2.88e+58 rho_final=1.62e+03
BG_FUNC: a=3.55e-05 V=1.16e+00 factor_V=2.45e+58 factor_rho=5.62e-56 rho_eV2=2.85e+58 rho_final=1.60e+03
RIDDER SWITCHING: z_osc = 9016.86, a_osc = 1.108910e-04
DEBUG: Ridder field ENABLED. Lambda = 1.872750e+00
DEBUG: Ridder field ENABLED. Lambda = 1.872750e+00
BG_FUNC: a=1.08e-13 V=1.19e+00 factor_V=2.45e+58 factor_rho=5.62e-56 rho_eV2=2.92e+58 rho_final=1.64e+03
BG_FUNC: a=4.30e-12 V=1.19e+00 factor_V=2.45e+58 factor_rho=5.62e-56 rho_eV2=2.92e+58 rho_final=1.64e+03
BG_FUNC: a=1.70e-10 V=1.19e+00 factor_V=2.45e+58 factor_rho=5.62e-56 rho_eV2=2.92e+58 rho_final=1.64e+03
BG_FUNC: a=6.81e-09 V=1.19e+00 factor_V=2.45e+58 factor_rho=5.62e-56 rho_eV2=2.92e+58 rho_final=1.64e+03
BG_FUNC: a=2.67e-07 V=1.19e+00 factor_V=2.45e+58 factor_rho=5.62e-56 rho_eV2=2.92e+58 rho_final=1.64e+03
BG_FUNC: a=1.06e-05 V=1.19e+00 factor_V=2.45e+58 factor_rho=5.62e-56 rho_eV2=2.92e+58 rho_final=1.64e+03
RIDDER SWITCHING: z_osc = 9057.02, a_osc = 1.103994e-04
DEBUG: Ridder field ENABLED. Lambda = 1.906393e+00
DEBUG: Ridder field ENABLED. Lambda = 1.906393e+00
BG_FUNC: a=3.38e-14 V=1.28e+00 factor_V=2.45e+58 factor_rho=5.62e-56 rho_eV2=3.14e+58 rho_final=1.76e+03
BG_FUNC: a=1.28e-12 V=1.28e+00 factor_V=2.45e+58 factor_rho=5.62e-56 rho_eV2=3.14e+58 rho_final=1.76e+03
BG_FUNC: a=5.06e-11 V=1.28e+00 factor_V=2.45e+58 factor_rho=5.62e-56 rho_eV2=3.14e+58 rho_final=1.76e+03
BG_FUNC: a=2.01e-09 V=1.28e+00 factor_V=2.45e+58 factor_rho=5.62e-56 rho_eV2=3.14e+58 rho_final=1.76e+03
BG_FUNC: a=7.95e-08 V=1.28e+00 factor_V=2.45e+58 factor_rho=5.62e-56 rho_eV2=3.14e+58 rho_final=1.76e+03
BG_FUNC: a=3.15e-06 V=1.28e+00 factor_V=2.45e+58 factor_rho=5.62e-56 rho_eV2=3.14e+58 rho_final=1.76e+03
RIDDER SWITCHING: z_osc = 9209.06, a_osc = 1.085769e-04
DEBUG: Ridder field ENABLED. Lambda = 2.014601e+00
DEBUG: Ridder field ENABLED. Lambda = 2.014601e+00
BG_FUNC: a=1.05e-14 V=1.60e+00 factor_V=2.45e+58 factor_rho=5.62e-56 rho_eV2=3.91e+58 rho_final=2.20e+03
BG_FUNC: a=3.90e-13 V=1.60e+00 factor_V=2.45e+58 factor_rho=5.62e-56 rho_eV2=3.91e+58 rho_final=2.20[mcmc] Progress @ 2025-12-02 11:00:57 : 5646 steps taken, and 856 accepted.
e+03
BG_FUNC: a=1.55e-11 V=1.60e+00 factor_V=2.45e+58 factor_rho=5.62e-56 rho_eV2=3.91e+58 rho_final=2.20e+03
BG_FUNC: a=6.14e-10 V=1.60e+00 factor_V=2.45e+58 factor_rho=5.62e-56 rho_eV2=3.91e+58 rho_final=2.20e+03
BG_FUNC: a=2.44e-08 V=1.60e+00 factor_V=2.45e+58 factor_rho=5.62e-56 rho_eV2=3.91e+58 rho_final=2.20e+03
BG_FUNC: a=9.66e-07 V=1.60e+00 factor_V=2.45e+58 factor_rho=5.62e-56 rho_eV2=3.91e+58 rho_final=2.20e+03
BG_FUNC: a=3.82e-05 V=1.56e+00 factor_V=2.45e+58 factor_rho=5.62e-56 rho_eV2=3.85e+58 rho_final=2.17e+03
RIDDER SWITCHING: z_osc = 9770.40, a_osc = 1.023395e-04
DEBUG: Ridder field ENABLED. Lambda = 1.739607e+00
DEBUG: Ridder field ENABLED. Lambda = 1.739607e+00
BG_FUNC: a=1.27e-13 V=8.90e-01 factor_V=2.45e+58 factor_rho=5.62e-56 rho_eV2=2.18e+58 rho_final=1.22e+03
BG_FUNC: a=5.08e-12 V=8.90e-01 factor_V=2.45e+58 factor_rho=5.62e-56 rho_eV2=2.18e+58 rho_final=1.22e+03
BG_FUNC: a=2.03e-10 V=8.90e-01 factor_V=2.45e+58 factor_rho=5.62e-56 rho_eV2=2.18e+58 rho_final=1.22e+03
BG_FUNC: a=8.17e-09 V=8.90e-01 factor_V=2.45e+58 factor_rho=5.62e-56 rho_eV2=2.18e+58 rho_final=1.22e+03
BG_FUNC: a=3.23e-07 V=8.90e-01 factor_V=2.45e+58 factor_rho=5.62e-56 rho_eV2=2.18e+58 rho_final=1.22e+03
BG_FUNC: a=1.29e-05 V=8.89e-01 factor_V=2.45e+58 factor_rho=5.62e-56 rho_eV2=2.18e+58 rho_final=1.22e+03
RIDDER SWITCHING: z_osc = 8359.65, a_osc = 1.196079e-04
DEBUG: Ridder field ENABLED. Lambda = 1.824968e+00
DEBUG: Ridder field ENABLED. Lambda = 1.824968e+00
BG_FUNC: a=3.84e-14 V=1.08e+00 factor_V=2.45e+58 factor_rho=5.62e-56 rho_eV2=2.63e+58 rho_final=1.48e+03
BG_FUNC: a=1.46e-12 V=1.08e+00 factor_V=2.45e+58 factor_rho=5.62e-56 rho_eV2=2.63e+58 rho_final=1.48e+03
BG_FUNC: a=5.83e-11 V=1.08e+00 factor_V=2.45e+58 factor_rho=5.62e-56 rho_eV2=2.63e+58 rho_final=1.48e+03
BG_FUNC: a=2.30e-09 V=1.08e+00 factor_V=2.45e+58 factor_rho=5.62e-56 rho_eV2=2.63e+58 rho_final=1.48e+03
BG_FUNC: a=9.12e-08 V=1.08e+00 factor_V=2.45e+58 factor_rho=5.62e-56 rho_eV2=2.63e+58 rho_final=1.48e+03
BG_FUNC: a=3.62e-06 V=1.08e+00 factor_V=2.45e+58 factor_rho=5.62e-56 rho_eV2=2.63e+58 rho_final=1.48e+03
RIDDER SWITCHING: z_osc = 8780.33, a_osc = 1.138780e-04
DEBUG: Ridder field ENABLED. Lambda = 2.015495e+00
DEBUG: Ridder field ENABLED. Lambda = 2.015495e+00
BG_FUNC: a=1.15e-14 V=1.60e+00 factor_V=2.45e+58 factor_rho=5.62e-56 rho_eV2=3.92e+58 rho_final=2.20e+03
BG_FUNC: a=4.29e-13 V=1.60e+00 factor_V=2.45e+58 factor_rho=5.62e-56 rho_eV2=3.92e+58 rho_final=2.20e+03
BG_FUNC: a=1.70e-11 V=1.60e+00 factor_V=2.45e+58 factor_rho=5.62e-56 rho_eV2=3.92e+58 rho_final=2.20e+03
BG_FUNC: a=6.76e-10 V=1.60e+00 factor_V=2.45e+58 factor_rho=5.62e-56 rho_eV2=3.92e+58 rho_final=2.20e+03
BG_FUNC: a=2.68e-08 V=1.60e+00 factor_V=2.45e+58 factor_rho=5.62e-56 rho_eV2=3.92e+58 rho_final=2.20e+03
BG_FUNC: a=1.07e-06 V=1.60e+00 factor_V=2.45e+58 factor_rho=5.62e-56 rho_eV2=3.92e+58 rho_final=2.20e+03
BG_FUNC: a=4.20e-05 V=1.55e+00 factor_V=2.45e+58 factor_rho=5.62e-56 rho_eV2=3.84e+58 rho_final=2.16e+03
RIDDER SWITCHING: z_osc = 9775.48, a_osc = 1.022863e-04
DEBUG: Ridder field ENABLED. Lambda = 2.470022e+00
DEBUG: Ridder field ENABLED. Lambda = 2.470022e+00
BG_FUNC: a=1.39e-13 V=3.62e+00 factor_V=2.45e+58 factor_rho=5.62e-56 rho_eV2=8.84e+58 rho_final=4.97e+03
BG_FUNC: a=5.52e-12 V=3.62e+00 factor_V=2.45e+58 factor_rho=5.62e-56 rho_eV2=8.84e+58 rho_final=4.97e+03
BG_FUNC: a=2.19e-10 V=3.62e+00 factor_V=2.45e+58 factor_rho=5.62e-56 rho_eV2=8.84e+58 rho_final=4.97e+03
BG_FUNC: a=8.67e-09 V=3.62e+00 factor_V=2.45e+58 factor_rho=5.62e-56 rho_eV2=8.84e+58 rho_final=4.97e+03
BG_FUNC: a=3.43e-07 V=3.62e+00 factor_V=2.45e+58 factor_rho=5.62e-56 rho_eV2=8.84e+58 rho_final=4.97e+03
BG_FUNC: a=1.36e-05 V=3.61e+00 factor_V=2.45e+58 factor_rho=5.62e-56 rho_eV2=8.84e+58 rho_final=4.97e+03
RIDDER SWITCHING: z_osc = 12141.96, a_osc = 8.235225e-05
DEBUG: Ridder field ENABLED. Lambda = 1.999607e+00
DEBUG: Ridder field ENABLED. Lambda = 1.999607e+00
BG_FUNC: a=5.78e-14 V=1.55e+00 factor_V=2.45e+58 factor_rho=5.62e-56 rho_eV2=3.80e+58 rho_final=2.13e+03
BG_FUNC: a=2.21e-12 V=1.55e+00 factor_V=2.45e[mcmc] Progress @ 2025-12-02 11:02:03 : 5689 steps taken, and 864 accepted.
[mcmc] Progress @ 2025-12-02 11:03:03 : 5712 steps taken, and 868 accepted.
+58 factor_rho=5.62e-56 rho_eV2=3.80e+58 rho_final=2.13e+03
BG_FUNC: a=8.76e-11 V=1.55e+00 factor_V=2.45e+58 factor_rho=5.62e-56 rho_eV2=3.80e+58 rho_final=2.13e+03
BG_FUNC: a=3.48e-09 V=1.55e+00 factor_V=2.45e+58 factor_rho=5.62e-56 rho_eV2=3.80e+58 rho_final=2.13e+03
BG_FUNC: a=1.38e-07 V=1.55e+00 factor_V=2.45e+58 factor_rho=5.62e-56 rho_eV2=3.80e+58 rho_final=2.13e+03
BG_FUNC: a=5.53e-06 V=1.55e+00 factor_V=2.45e+58 factor_rho=5.62e-56 rho_eV2=3.80e+58 rho_final=2.13e+03
RIDDER SWITCHING: z_osc = 9702.62, a_osc = 1.030543e-04
DEBUG: Ridder field ENABLED. Lambda = 1.877857e+00
DEBUG: Ridder field ENABLED. Lambda = 1.877857e+00
BG_FUNC: a=1.91e-14 V=1.21e+00 factor_V=2.45e+58 factor_rho=5.62e-56 rho_eV2=2.95e+58 rho_final=1.66e+03
BG_FUNC: a=7.15e-13 V=1.21e+00 factor_V=2.45e+58 factor_rho=5.62e-56 rho_eV2=2.95e+58 rho_final=1.66e+03
BG_FUNC: a=2.81e-11 V=1.21e+00 factor_V=2.45e+58 factor_rho=5.62e-56 rho_eV2=2.95e+58 rho_final=1.66e+03
BG_FUNC: a=1.11e-09 V=1.21e+00 factor_V=2.45e+58 factor_rho=5.62e-56 rho_eV2=2.95e+58 rho_final=1.66e+03
BG_FUNC: a=4.41e-08 V=1.21e+00 factor_V=2.45e+58 factor_rho=5.62e-56 rho_eV2=2.95e+58 rho_final=1.66e+03
BG_FUNC: a=1.75e-06 V=1.21e+00 factor_V=2.45e+58 factor_rho=5.62e-56 rho_eV2=2.95e+58 rho_final=1.66e+03
BG_FUNC: a=6.87e-05 V=1.01e+00 factor_V=2.45e+58 factor_rho=5.62e-56 rho_eV2=2.65e+58 rho_final=1.49e+03
RIDDER SWITCHING: z_osc = 9082.27, a_osc = 1.100925e-04
DEBUG: Ridder field ENABLED. Lambda = 2.016822e+00
DEBUG: Ridder field ENABLED. Lambda = 2.016822e+00
BG_FUNC: a=2.13e-13 V=1.61e+00 factor_V=2.45e+58 factor_rho=5.62e-56 rho_eV2=3.93e+58 rho_final=2.21e+03
BG_FUNC: a=8.45e-12 V=1.61e+00 factor_V=2.45e+58 factor_rho=5.62e-56 rho_eV2=3.93e+58 rho_final=2.21e+03
BG_FUNC: a=3.36e-10 V=1.61e+00 factor_V=2.45e+58 factor_rho=5.62e-56 rho_eV2=3.93e+58 rho_final=2.21e+03
BG_FUNC: a=1.33e-08 V=1.61e+00 factor_V=2.45e+58 factor_rho=5.62e-56 rho_eV2=3.93e+58 rho_final=2.21e+03
BG_FUNC: a=5.30e-07 V=1.61e+00 factor_V=2.45e+58 factor_rho=5.62e-56 rho_eV2=3.93e+58 rho_final=2.21e+03
BG_FUNC: a=2.10e-05 V=1.60e+00 factor_V=2.45e+58 factor_rho=5.62e-56 rho_eV2=3.92e+58 rho_final=2.21e+03
RIDDER SWITCHING: z_osc = 9840.09, a_osc = 1.016148e-04
DEBUG: Ridder field ENABLED. Lambda = 1.769543e+00
DEBUG: Ridder field ENABLED. Lambda = 1.769543e+00
BG_FUNC: a=7.29e-14 V=9.52e-01 factor_V=2.45e+58 factor_rho=5.62e-56 rho_eV2=2.33e+58 rho_final=1.31e+03
BG_FUNC: a=2.77e-12 V=9.52e-01 factor_V=2.45e+58 factor_rho=5.62e-56 rho_eV2=2.33e+58 rho_final=1.31e+03
BG_FUNC: a=1.10e-10 V=9.52e-01 factor_V=2.45e+58 factor_rho=5.62e-56 rho_eV2=2.33e+58 rho_final=1.31e+03
BG_FUNC: a=4.38e-09 V=9.52e-01 factor_V=2.45e+58 factor_rho=5.62e-56 rho_eV2=2.33e+58 rho_final=1.31e+03
BG_FUNC: a=1.74e-07 V=9.52e-01 factor_V=2.45e+58 factor_rho=5.62e-56 rho_eV2=2.33e+58 rho_final=1.31e+03
BG_FUNC: a=6.88e-06 V=9.52e-01 factor_V=2.45e+58 factor_rho=5.62e-56 rho_eV2=2.33e+58 rho_final=1.31e+03
RIDDER SWITCHING: z_osc = 8520.18, a_osc = 1.173547e-04
DEBUG: Ridder field ENABLED. Lambda = 1.953342e+00
DEBUG: Ridder field ENABLED. Lambda = 1.953342e+00
BG_FUNC: a=2.07e-14 V=1.41e+00 factor_V=2.45e+58 factor_rho=5.62e-56 rho_eV2=3.46e+58 rho_final=1.94e+03
BG_FUNC: a=7.73e-13 V=1.41e+00 factor_V=2.45e+58 factor_rho=5.62e-56 rho_eV2=3.46e+58 rho_final=1.94e+03
BG_FUNC: a=3.03e-11 V=1.41e+00 factor_V=2.45e+58 factor_rho=5.62e-56 rho_eV2=3.46e+58 rho_final=1.94e+03
BG_FUNC: a=1.20e-09 V=1.41e+00 factor_V=2.45e+58 factor_rho=5.62e-56 rho_eV2=3.46e+58 rho_final=1.94e+03
BG_FUNC: a=4.66e-08 V=1.41e+00 factor_V=2.45e+58 factor_rho=5.62e-56 rho_eV2=3.46e+58 rho_final=1.94e+03
BG_FUNC: a=1.82e-06 V=1.41e+00 factor_V=2.45e+58 factor_rho=5.62e-56 rho_eV2=3.46e+58 rho_final=1.94e+03
BG_FUNC: a=6.97e-05 V=1.14e+00 factor_V=2.45e+58 factor_rho=5.62e-56 rho_eV2=3.03e+58 rho_final=1.70e+03
RIDDER SWITCHING: z_osc = 9428.07, a_osc = 1.060550e-04
DEBUG: Ridder field ENABLED. Lambda = 2.392267e+00
DEBUG: Ridder field ENABLED. Lambda = 2.392267e+00
BG_FUNC: a=2.25e-13 V=3.18e+00 factor_V=2.45e+58 factor_rho=5.62e-56 rho_eV2=7.78e+58 rho_final=[mcmc] Progress @ 2025-12-02 11:04:05 : 5755 steps taken, and 874 accepted.
[mcmc] Progress @ 2025-12-02 11:05:05 : 5787 steps taken, and 879 accepted.
4.37e+03
BG_FUNC: a=8.97e-12 V=3.18e+00 factor_V=2.45e+58 factor_rho=5.62e-56 rho_eV2=7.78e+58 rho_final=4.37e+03
BG_FUNC: a=3.58e-10 V=3.18e+00 factor_V=2.45e+58 factor_rho=5.62e-56 rho_eV2=7.78e+58 rho_final=4.37e+03
BG_FUNC: a=1.43e-08 V=3.18e+00 factor_V=2.45e+58 factor_rho=5.62e-56 rho_eV2=7.78e+58 rho_final=4.37e+03
BG_FUNC: a=5.71e-07 V=3.18e+00 factor_V=2.45e+58 factor_rho=5.62e-56 rho_eV2=7.78e+58 rho_final=4.37e+03
BG_FUNC: a=2.28e-05 V=3.16e+00 factor_V=2.45e+58 factor_rho=5.62e-56 rho_eV2=7.75e+58 rho_final=4.36e+03
RIDDER SWITCHING: z_osc = 11823.05, a_osc = 8.457339e-05
DEBUG: Ridder field ENABLED. Lambda = 1.941812e+00
DEBUG: Ridder field ENABLED. Lambda = 1.941812e+00
BG_FUNC: a=9.17e-14 V=1.38e+00 factor_V=2.45e+58 factor_rho=5.62e-56 rho_eV2=3.38e+58 rho_final=1.90e+03
BG_FUNC: a=3.64e-12 V=1.38e+00 factor_V=2.45e+58 factor_rho=5.62e-56 rho_eV2=3.38e+58 rho_final=1.90e+03
BG_FUNC: a=1.45e-10 V=1.38e+00 factor_V=2.45e+58 factor_rho=5.62e-56 rho_eV2=3.38e+58 rho_final=1.90e+03
BG_FUNC: a=5.81e-09 V=1.38e+00 factor_V=2.45e+58 factor_rho=5.62e-56 rho_eV2=3.38e+58 rho_final=1.90e+03
BG_FUNC: a=2.32e-07 V=1.38e+00 factor_V=2.45e+58 factor_rho=5.62e-56 rho_eV2=3.38e+58 rho_final=1.90e+03
BG_FUNC: a=9.27e-06 V=1.38e+00 factor_V=2.45e+58 factor_rho=5.62e-56 rho_eV2=3.38e+58 rho_final=1.90e+03
RIDDER SWITCHING: z_osc = 9386.98, a_osc = 1.065192e-04
DEBUG: Ridder field ENABLED. Lambda = 1.875867e+00
DEBUG: Ridder field ENABLED. Lambda = 1.875867e+00
BG_FUNC: a=3.07e-14 V=1.20e+00 factor_V=2.45e+58 factor_rho=5.62e-56 rho_eV2=2.94e+58 rho_final=1.65e+03
BG_FUNC: a=1.16e-12 V=1.20e+00 factor_V=2.45e+58 factor_rho=5.62e-56 rho_eV2=2.94e+58 rho_final=1.65e+03
BG_FUNC: a=4.62e-11 V=1.20e+00 factor_V=2.45e+58 factor_rho=5.62e-56 rho_eV2=2.94e+58 rho_final=1.65e+03
BG_FUNC: a=1.83e-09 V=1.20e+00 factor_V=2.45e+58 factor_rho=5.62e-56 rho_eV2=2.94e+58 rho_final=1.65e+03
BG_FUNC: a=7.31e-08 V=1.20e+00 factor_V=2.45e+58 factor_rho=5.62e-56 rho_eV2=2.94e+58 rho_final=1.65e+03
BG_FUNC: a=2.87e-06 V=1.20e+00 factor_V=2.45e+58 factor_rho=5.62e-56 rho_eV2=2.94e+58 rho_final=1.65e+03
RIDDER SWITCHING: z_osc = 9067.73, a_osc = 1.102690e-04
DEBUG: Ridder field ENABLED. Lambda = 1.134994e+00
DEBUG: Ridder field ENABLED. Lambda = 1.134994e+00
BG_FUNC: a=1.00e-14 V=1.61e-01 factor_V=2.45e+58 factor_rho=5.62e-56 rho_eV2=3.94e+57 rho_final=2.22e+02
BG_FUNC: a=3.49e-13 V=1.61e-01 factor_V=2.45e+58 factor_rho=5.62e-56 rho_eV2=3.94e+57 rho_final=2.22e+02
BG_FUNC: a=1.39e-11 V=1.61e-01 factor_V=2.45e+58 factor_rho=5.62e-56 rho_eV2=3.94e+57 rho_final=2.22e+02
BG_FUNC: a=5.51e-10 V=1.61e-01 factor_V=2.45e+58 factor_rho=5.62e-56 rho_eV2=3.94e+57 rho_final=2.22e+02
BG_FUNC: a=2.19e-08 V=1.61e-01 factor_V=2.45e+58 factor_rho=5.62e-56 rho_eV2=3.94e+57 rho_final=2.22e+02
BG_FUNC: a=8.68e-07 V=1.61e-01 factor_V=2.45e+58 factor_rho=5.62e-56 rho_eV2=3.94e+57 rho_final=2.22e+02
BG_FUNC: a=3.44e-05 V=1.61e-01 factor_V=2.45e+58 factor_rho=5.62e-56 rho_eV2=3.94e+57 rho_final=2.21e+02
RIDDER SWITCHING: z_osc = 5169.92, a_osc = 1.933893e-04
DEBUG: Ridder field ENABLED. Lambda = 1.899342e+00
DEBUG: Ridder field ENABLED. Lambda = 1.899342e+00
BG_FUNC: a=6.33e-14 V=1.26e+00 factor_V=2.45e+58 factor_rho=5.62e-56 rho_eV2=3.09e+58 rho_final=1.74e+03
BG_FUNC: a=2.40e-12 V=1.26e+00 factor_V=2.45e+58 factor_rho=5.62e-56 rho_eV2=3.09e+58 rho_final=1.74e+03
BG_FUNC: a=9.53e-11 V=1.26e+00 factor_V=2.45e+58 factor_rho=5.62e-56 rho_eV2=3.09e+58 rho_final=1.74e+03
BG_FUNC: a=3.78e-09 V=1.26e+00 factor_V=2.45e+58 factor_rho=5.62e-56 rho_eV2=3.09e+58 rho_final=1.74e+03
BG_FUNC: a=1.50e-07 V=1.26e+00 factor_V=2.45e+58 factor_rho=5.62e-56 rho_eV2=3.09e+58 rho_final=1.74e+03
BG_FUNC: a=5.95e-06 V=1.26e+00 factor_V=2.45e+58 factor_rho=5.62e-56 rho_eV2=3.09e+58 rho_final=1.74e+03
RIDDER SWITCHING: z_osc = 9198.97, a_osc = 1.086960e-04
DEBUG: Ridder field ENABLED. Lambda = 1.756499e+00
DEBUG: Ridder field ENABLED. Lambda = 1.756499e+00
BG_FUNC: a=1.96e-14 V=9.25e-01 factor_V=2.45e+58 factor_rho=5.62e-56 rho_eV2=2.26e+58 rho_final=1.27e+03
BG_FUNC: a=7.40e-13 V=9.25e-01 factor_V=2[mcmc] Progress @ 2025-12-02 11:06:08 : 5840 steps taken, and 887 accepted.
.45e+58 factor_rho=5.62e-56 rho_eV2=2.26e+58 rho_final=1.27e+03
BG_FUNC: a=2.94e-11 V=9.25e-01 factor_V=2.45e+58 factor_rho=5.62e-56 rho_eV2=2.26e+58 rho_final=1.27e+03
BG_FUNC: a=1.17e-09 V=9.25e-01 factor_V=2.45e+58 factor_rho=5.62e-56 rho_eV2=2.26e+58 rho_final=1.27e+03
BG_FUNC: a=4.67e-08 V=9.25e-01 factor_V=2.45e+58 factor_rho=5.62e-56 rho_eV2=2.26e+58 rho_final=1.27e+03
BG_FUNC: a=1.86e-06 V=9.25e-01 factor_V=2.45e+58 factor_rho=5.62e-56 rho_eV2=2.26e+58 rho_final=1.27e+03
BG_FUNC: a=7.35e-05 V=7.75e-01 factor_V=2.45e+58 factor_rho=5.62e-56 rho_eV2=2.03e+58 rho_final=1.14e+03
RIDDER SWITCHING: z_osc = 8443.27, a_osc = 1.184235e-04
DEBUG: Ridder field ENABLED. Lambda = 2.023750e+00
DEBUG: Ridder field ENABLED. Lambda = 2.023750e+00
BG_FUNC: a=2.11e-13 V=1.63e+00 factor_V=2.45e+58 factor_rho=5.62e-56 rho_eV2=3.98e+58 rho_final=2.24e+03
BG_FUNC: a=8.37e-12 V=1.63e+00 factor_V=2.45e+58 factor_rho=5.62e-56 rho_eV2=3.98e+58 rho_final=2.24e+03
BG_FUNC: a=3.32e-10 V=1.63e+00 factor_V=2.45e+58 factor_rho=5.62e-56 rho_eV2=3.98e+58 rho_final=2.24e+03
BG_FUNC: a=1.32e-08 V=1.63e+00 factor_V=2.45e+58 factor_rho=5.62e-56 rho_eV2=3.98e+58 rho_final=2.24e+03
BG_FUNC: a=5.22e-07 V=1.63e+00 factor_V=2.45e+58 factor_rho=5.62e-56 rho_eV2=3.98e+58 rho_final=2.24e+03
BG_FUNC: a=2.07e-05 V=1.63e+00 factor_V=2.45e+58 factor_rho=5.62e-56 rho_eV2=3.98e+58 rho_final=2.24e+03
RIDDER SWITCHING: z_osc = 9833.44, a_osc = 1.016834e-04
DEBUG: Ridder field ENABLED. Lambda = 1.624443e+00
DEBUG: Ridder field ENABLED. Lambda = 1.624443e+00
BG_FUNC: a=7.11e-14 V=6.76e-01 factor_V=2.45e+58 factor_rho=5.62e-56 rho_eV2=1.65e+58 rho_final=9.30e+02
BG_FUNC: a=2.72e-12 V=6.76e-01 factor_V=2.45e+58 factor_rho=5.62e-56 rho_eV2=1.65e+58 rho_final=9.30e+02
BG_FUNC: a=1.08e-10 V=6.76e-01 factor_V=2.45e+58 factor_rho=5.62e-56 rho_eV2=1.65e+58 rho_final=9.30e+02
BG_FUNC: a=4.28e-09 V=6.76e-01 factor_V=2.45e+58 factor_rho=5.62e-56 rho_eV2=1.65e+58 rho_final=9.30e+02
BG_FUNC: a=1.69e-07 V=6.76e-01 factor_V=2.45e+58 factor_rho=5.62e-56 rho_eV2=1.65e+58 rho_final=9.30e+02
BG_FUNC: a=6.71e-06 V=6.76e-01 factor_V=2.45e+58 factor_rho=5.62e-56 rho_eV2=1.65e+58 rho_final=9.30e+02
RIDDER SWITCHING: z_osc = 7732.23, a_osc = 1.293121e-04
DEBUG: Ridder field ENABLED. Lambda = 1.955086e+00
DEBUG: Ridder field ENABLED. Lambda = 1.955086e+00
BG_FUNC: a=1.85e-14 V=1.42e+00 factor_V=2.45e+58 factor_rho=5.62e-56 rho_eV2=3.47e+58 rho_final=1.95e+03
BG_FUNC: a=6.97e-13 V=1.42e+00 factor_V=2.45e+58 factor_rho=5.62e-56 rho_eV2=3.47e+58 rho_final=1.95e+03
BG_FUNC: a=2.79e-11 V=1.42e+00 factor_V=2.45e+58 factor_rho=5.62e-56 rho_eV2=3.47e+58 rho_final=1.95e+03
BG_FUNC: a=1.11e-09 V=1.42e+00 factor_V=2.45e+58 factor_rho=5.62e-56 rho_eV2=3.47e+58 rho_final=1.95e+03
BG_FUNC: a=4.45e-08 V=1.42e+00 factor_V=2.45e+58 factor_rho=5.62e-56 rho_eV2=3.47e+58 rho_final=1.95e+03
BG_FUNC: a=1.78e-06 V=1.42e+00 factor_V=2.45e+58 factor_rho=5.62e-56 rho_eV2=3.47e+58 rho_final=1.95e+03
BG_FUNC: a=7.04e-05 V=1.13e+00 factor_V=2.45e+58 factor_rho=5.62e-56 rho_eV2=3.03e+58 rho_final=1.70e+03
RIDDER SWITCHING: z_osc = 9437.74, a_osc = 1.059464e-04
DEBUG: Ridder field ENABLED. Lambda = 2.166819e+00
DEBUG: Ridder field ENABLED. Lambda = 2.166819e+00
BG_FUNC: a=2.29e-13 V=2.14e+00 factor_V=2.45e+58 factor_rho=5.62e-56 rho_eV2=5.24e+58 rho_final=2.94e+03
BG_FUNC: a=9.00e-12 V=2.14e+00 factor_V=2.45e+58 factor_rho=5.62e-56 rho_eV2=5.24e+58 rho_final=2.94e+03
BG_FUNC: a=3.57e-10 V=2.14e+00 factor_V=2.45e+58 factor_rho=5.62e-56 rho_eV2=5.24e+58 rho_final=2.94e+03
BG_FUNC: a=1.41e-08 V=2.14e+00 factor_V=2.45e+58 factor_rho=5.62e-56 rho_eV2=5.24e+58 rho_final=2.94e+03
BG_FUNC: a=5.60e-07 V=2.14e+00 factor_V=2.45e+58 factor_rho=5.62e-56 rho_eV2=5.24e+58 rho_final=2.94e+03
BG_FUNC: a=2.22e-05 V=2.13e+00 factor_V=2.45e+58 factor_rho=5.62e-56 rho_eV2=5.22e+58 rho_final=2.94e+03
RIDDER SWITCHING: z_osc = 10538.29, a_osc = 9.488305e-05
DEBUG: Ridder field ENABLED. Lambda = 2.054177e+00
DEBUG: Ridder field ENABLED. Lambda = 2.054177e+00
BG_FUNC: a=8.12e-14 V=1.73e+00 factor_V=2.45e+58 factor_rho=5.62e-56 rho_eV2=4.23e+58 rho_f[mcmc] Progress @ 2025-12-02 11:07:16 : 5877 steps taken, and 892 accepted.
inal=2.38e+03
BG_FUNC: a=3.13e-12 V=1.73e+00 factor_V=2.45e+58 factor_rho=5.62e-56 rho_eV2=4.23e+58 rho_final=2.38e+03
BG_FUNC: a=1.24e-10 V=1.73e+00 factor_V=2.45e+58 factor_rho=5.62e-56 rho_eV2=4.23e+58 rho_final=2.38e+03
BG_FUNC: a=4.91e-09 V=1.73e+00 factor_V=2.45e+58 factor_rho=5.62e-56 rho_eV2=4.23e+58 rho_final=2.38e+03
BG_FUNC: a=1.95e-07 V=1.73e+00 factor_V=2.45e+58 factor_rho=5.62e-56 rho_eV2=4.23e+58 rho_final=2.38e+03
BG_FUNC: a=7.72e-06 V=1.73e+00 factor_V=2.45e+58 factor_rho=5.62e-56 rho_eV2=4.23e+58 rho_final=2.38e+03
RIDDER SWITCHING: z_osc = 9984.50, a_osc = 1.001452e-04
DEBUG: Ridder field ENABLED. Lambda = 1.865614e+00
DEBUG: Ridder field ENABLED. Lambda = 1.865614e+00
BG_FUNC: a=2.73e-14 V=1.18e+00 factor_V=2.45e+58 factor_rho=5.62e-56 rho_eV2=2.88e+58 rho_final=1.62e+03
BG_FUNC: a=1.03e-12 V=1.18e+00 factor_V=2.45e+58 factor_rho=5.62e-56 rho_eV2=2.88e+58 rho_final=1.62e+03
BG_FUNC: a=4.07e-11 V=1.18e+00 factor_V=2.45e+58 factor_rho=5.62e-56 rho_eV2=2.88e+58 rho_final=1.62e+03
BG_FUNC: a=1.63e-09 V=1.18e+00 factor_V=2.45e+58 factor_rho=5.62e-56 rho_eV2=2.88e+58 rho_final=1.62e+03
BG_FUNC: a=6.41e-08 V=1.18e+00 factor_V=2.45e+58 factor_rho=5.62e-56 rho_eV2=2.88e+58 rho_final=1.62e+03
BG_FUNC: a=2.54e-06 V=1.18e+00 factor_V=2.45e+58 factor_rho=5.62e-56 rho_eV2=2.88e+58 rho_final=1.62e+03
BG_FUNC: a=9.88e-05 V=6.10e-01 factor_V=2.45e+58 factor_rho=5.62e-56 rho_eV2=1.94e+58 rho_final=1.09e+03
RIDDER SWITCHING: z_osc = 9016.86, a_osc = 1.108910e-04
DEBUG: Ridder field ENABLED. Lambda = 2.141595e+00
DEBUG: Ridder field ENABLED. Lambda = 2.141595e+00
BG_FUNC: a=3.07e-13 V=2.04e+00 factor_V=2.45e+58 factor_rho=5.62e-56 rho_eV2=5.00e+58 rho_final=2.81e+03
BG_FUNC: a=1.20e-11 V=2.04e+00 factor_V=2.45e+58 factor_rho=5.62e-56 rho_eV2=5.00e+58 rho_final=2.81e+03
BG_FUNC: a=4.69e-10 V=2.04e+00 factor_V=2.45e+58 factor_rho=5.62e-56 rho_eV2=5.00e+58 rho_final=2.81e+03
BG_FUNC: a=1.84e-08 V=2.04e+00 factor_V=2.45e+58 factor_rho=5.62e-56 rho_eV2=5.00e+58 rho_final=2.81e+03
BG_FUNC: a=7.21e-07 V=2.04e+00 factor_V=2.45e+58 factor_rho=5.62e-56 rho_eV2=5.00e+58 rho_final=2.81e+03
BG_FUNC: a=2.76e-05 V=2.03e+00 factor_V=2.45e+58 factor_rho=5.62e-56 rho_eV2=4.97e+58 rho_final=2.79e+03
RIDDER SWITCHING: z_osc = 10440.25, a_osc = 9.577400e-05
DEBUG: Ridder field ENABLED. Lambda = 2.022645e+00
DEBUG: Ridder field ENABLED. Lambda = 2.022645e+00
BG_FUNC: a=9.79e-14 V=1.63e+00 factor_V=2.45e+58 factor_rho=5.62e-56 rho_eV2=3.98e+58 rho_final=2.24e+03
BG_FUNC: a=3.85e-12 V=1.63e+00 factor_V=2.45e+58 factor_rho=5.62e-56 rho_eV2=3.98e+58 rho_final=2.24e+03
BG_FUNC: a=1.53e-10 V=1.63e+00 factor_V=2.45e+58 factor_rho=5.62e-56 rho_eV2=3.98e+58 rho_final=2.24e+03
BG_FUNC: a=6.07e-09 V=1.63e+00 factor_V=2.45e+58 factor_rho=5.62e-56 rho_eV2=3.98e+58 rho_final=2.24e+03
BG_FUNC: a=2.41e-07 V=1.63e+00 factor_V=2.45e+58 factor_rho=5.62e-56 rho_eV2=3.98e+58 rho_final=2.24e+03
BG_FUNC: a=9.55e-06 V=1.63e+00 factor_V=2.45e+58 factor_rho=5.62e-56 rho_eV2=3.98e+58 rho_final=2.23e+03
RIDDER SWITCHING: z_osc = 9839.00, a_osc = 1.016260e-04
DEBUG: Ridder field ENABLED. Lambda = 2.086942e+00
DEBUG: Ridder field ENABLED. Lambda = 2.086942e+00
BG_FUNC: a=3.31e-14 V=1.84e+00 factor_V=2.45e+58 factor_rho=5.62e-56 rho_eV2=4.51e+58 rho_final=2.53e+03
BG_FUNC: a=1.25e-12 V=1.84e+00 factor_V=2.45e+58 factor_rho=5.62e-56 rho_eV2=4.51e+58 rho_final=2.53e+03
BG_FUNC: a=4.95e-11 V=1.84e+00 factor_V=2.45e+58 factor_rho=5.62e-56 rho_eV2=4.51e+58 rho_final=2.53e+03
BG_FUNC: a=1.96e-09 V=1.84e+00 factor_V=2.45e+58 factor_rho=5.62e-56 rho_eV2=4.51e+58 rho_final=2.53e+03
BG_FUNC: a=7.77e-08 V=1.84e+00 factor_V=2.45e+58 factor_rho=5.62e-56 rho_eV2=4.51e+58 rho_final=2.53e+03
BG_FUNC: a=3.08e-06 V=1.84e+00 factor_V=2.45e+58 factor_rho=5.62e-56 rho_eV2=4.51e+58 rho_final=2.53e+03
RIDDER SWITCHING: z_osc = 10167.05, a_osc = 9.834726e-05
DEBUG: Ridder field ENABLED. Lambda = 2.011988e+00
DEBUG: Ridder field ENABLED. Lambda = 2.011988e+00
BG_FUNC: a=1.14e-14 V=1.59e+00 factor_V=2.45e+58 factor_rho=5.62e-56 rho_eV2=3.89e+58 rho_final=2.19e+03
BG_FUNC: a=4.21e-13 V=1.59e+00 fact[mcmc] Progress @ 2025-12-02 11:08:28 : 5930 steps taken, and 899 accepted.
or_V=2.45e+58 factor_rho=5.62e-56 rho_eV2=3.89e+58 rho_final=2.19e+03
BG_FUNC: a=1.67e-11 V=1.59e+00 factor_V=2.45e+58 factor_rho=5.62e-56 rho_eV2=3.89e+58 rho_final=2.19e+03
BG_FUNC: a=6.61e-10 V=1.59e+00 factor_V=2.45e+58 factor_rho=5.62e-56 rho_eV2=3.89e+58 rho_final=2.19e+03
BG_FUNC: a=2.62e-08 V=1.59e+00 factor_V=2.45e+58 factor_rho=5.62e-56 rho_eV2=3.89e+58 rho_final=2.19e+03
BG_FUNC: a=1.04e-06 V=1.59e+00 factor_V=2.45e+58 factor_rho=5.62e-56 rho_eV2=3.89e+58 rho_final=2.19e+03
BG_FUNC: a=4.09e-05 V=1.54e+00 factor_V=2.45e+58 factor_rho=5.62e-56 rho_eV2=3.82e+58 rho_final=2.15e+03
RIDDER SWITCHING: z_osc = 9818.55, a_osc = 1.018377e-04
DEBUG: Ridder field ENABLED. Lambda = 2.027405e+00
DEBUG: Ridder field ENABLED. Lambda = 2.027405e+00
BG_FUNC: a=1.35e-13 V=1.64e+00 factor_V=2.45e+58 factor_rho=5.62e-56 rho_eV2=4.01e+58 rho_final=2.26e+03
BG_FUNC: a=5.36e-12 V=1.64e+00 factor_V=2.45e+58 factor_rho=5.62e-56 rho_eV2=4.01e+58 rho_final=2.26e+03
BG_FUNC: a=2.13e-10 V=1.64e+00 factor_V=2.45e+58 factor_rho=5.62e-56 rho_eV2=4.01e+58 rho_final=2.26e+03
BG_FUNC: a=8.43e-09 V=1.64e+00 factor_V=2.45e+58 factor_rho=5.62e-56 rho_eV2=4.01e+58 rho_final=2.26e+03
BG_FUNC: a=3.35e-07 V=1.64e+00 factor_V=2.45e+58 factor_rho=5.62e-56 rho_eV2=4.01e+58 rho_final=2.26e+03
BG_FUNC: a=1.33e-05 V=1.64e+00 factor_V=2.45e+58 factor_rho=5.62e-56 rho_eV2=4.01e+58 rho_final=2.26e+03
RIDDER SWITCHING: z_osc = 9847.40, a_osc = 1.015394e-04
DEBUG: Ridder field ENABLED. Lambda = 1.706244e+00
DEBUG: Ridder field ENABLED. Lambda = 1.706244e+00
BG_FUNC: a=4.61e-14 V=8.23e-01 factor_V=2.45e+58 factor_rho=5.62e-56 rho_eV2=2.01e+58 rho_final=1.13e+03
BG_FUNC: a=1.76e-12 V=8.23e-01 factor_V=2.45e+58 factor_rho=5.62e-56 rho_eV2=2.01e+58 rho_final=1.13e+03
BG_FUNC: a=6.97e-11 V=8.23e-01 factor_V=2.45e+58 factor_rho=5.62e-56 rho_eV2=2.01e+58 rho_final=1.13e+03
BG_FUNC: a=2.76e-09 V=8.23e-01 factor_V=2.45e+58 factor_rho=5.62e-56 rho_eV2=2.01e+58 rho_final=1.13e+03
BG_FUNC: a=1.09e-07 V=8.23e-01 factor_V=2.45e+58 factor_rho=5.62e-56 rho_eV2=2.01e+58 rho_final=1.13e+03
BG_FUNC: a=4.34e-06 V=8.23e-01 factor_V=2.45e+58 factor_rho=5.62e-56 rho_eV2=2.01e+58 rho_final=1.13e+03
RIDDER SWITCHING: z_osc = 8147.54, a_osc = 1.227214e-04
DEBUG: Ridder field ENABLED. Lambda = 2.308629e+00
DEBUG: Ridder field ENABLED. Lambda = 2.308629e+00
BG_FUNC: a=1.27e-14 V=2.76e+00 factor_V=2.45e+58 factor_rho=5.62e-56 rho_eV2=6.75e+58 rho_final=3.79e+03
BG_FUNC: a=4.73e-13 V=2.76e+00 factor_V=2.45e+58 factor_rho=5.62e-56 rho_eV2=6.75e+58 rho_final=3.79e+03
BG_FUNC: a=1.88e-11 V=2.76e+00 factor_V=2.45e+58 factor_rho=5.62e-56 rho_eV2=6.75e+58 rho_final=3.79e+03
BG_FUNC: a=7.46e-10 V=2.76e+00 factor_V=2.45e+58 factor_rho=5.62e-56 rho_eV2=6.75e+58 rho_final=3.79e+03
BG_FUNC: a=2.96e-08 V=2.76e+00 factor_V=2.45e+58 factor_rho=5.62e-56 rho_eV2=6.75e+58 rho_final=3.79e+03
BG_FUNC: a=1.18e-06 V=2.76e+00 factor_V=2.45e+58 factor_rho=5.62e-56 rho_eV2=6.75e+58 rho_final=3.79e+03
BG_FUNC: a=4.63e-05 V=2.52e+00 factor_V=2.45e+58 factor_rho=5.62e-56 rho_eV2=6.39e+58 rho_final=3.59e+03
RIDDER SWITCHING: z_osc = 11397.70, a_osc = 8.772928e-05
DEBUG: Ridder field ENABLED. Lambda = 1.783240e+00
DEBUG: Ridder field ENABLED. Lambda = 1.783240e+00
BG_FUNC: a=1.80e-13 V=9.82e-01 factor_V=2.45e+58 factor_rho=5.62e-56 rho_eV2=2.40e+58 rho_final=1.35e+03
BG_FUNC: a=7.11e-12 V=9.82e-01 factor_V=2.45e+58 factor_rho=5.62e-56 rho_eV2=2.40e+58 rho_final=1.35e+03
BG_FUNC: a=2.82e-10 V=9.82e-01 factor_V=2.45e+58 factor_rho=5.62e-56 rho_eV2=2.40e+58 rho_final=1.35e+03
BG_FUNC: a=1.12e-08 V=9.82e-01 factor_V=2.45e+58 factor_rho=5.62e-56 rho_eV2=2.40e+58 rho_final=1.35e+03
BG_FUNC: a=4.42e-07 V=9.82e-01 factor_V=2.45e+58 factor_rho=5.62e-56 rho_eV2=2.40e+58 rho_final=1.35e+03
BG_FUNC: a=1.75e-05 V=9.82e-01 factor_V=2.45e+58 factor_rho=5.62e-56 rho_eV2=2.40e+58 rho_final=1.35e+03
RIDDER SWITCHING: z_osc = 8565.14, a_osc = 1.167386e-04
DEBUG: Ridder field ENABLED. Lambda = 2.035385e+00
DEBUG: Ridder field ENABLED. Lambda = 2.035385e+00
BG_FUNC: a=5.24e-14 V=1.67e+00 factor_V=2.45e+58 factor_rho=5.62e-56 rho_eV2=4.08e+58[mcmc] Progress @ 2025-12-02 11:09:36 : 5968 steps taken, and 903 accepted.
 rho_final=2.29e+03
BG_FUNC: a=1.99e-12 V=1.67e+00 factor_V=2.45e+58 factor_rho=5.62e-56 rho_eV2=4.08e+58 rho_final=2.29e+03
BG_FUNC: a=7.90e-11 V=1.67e+00 factor_V=2.45e+58 factor_rho=5.62e-56 rho_eV2=4.08e+58 rho_final=2.29e+03
BG_FUNC: a=3.16e-09 V=1.67e+00 factor_V=2.45e+58 factor_rho=5.62e-56 rho_eV2=4.08e+58 rho_final=2.29e+03
BG_FUNC: a=1.24e-07 V=1.67e+00 factor_V=2.45e+58 factor_rho=5.62e-56 rho_eV2=4.08e+58 rho_final=2.29e+03
BG_FUNC: a=4.91e-06 V=1.67e+00 factor_V=2.45e+58 factor_rho=5.62e-56 rho_eV2=4.08e+58 rho_final=2.29e+03
RIDDER SWITCHING: z_osc = 9884.07, a_osc = 1.011627e-04
DEBUG: Ridder field ENABLED. Lambda = 2.007463e+00
DEBUG: Ridder field ENABLED. Lambda = 2.007463e+00
BG_FUNC: a=1.72e-14 V=1.58e+00 factor_V=2.45e+58 factor_rho=5.62e-56 rho_eV2=3.86e+58 rho_final=2.17e+03
BG_FUNC: a=6.49e-13 V=1.58e+00 factor_V=2.45e+58 factor_rho=5.62e-56 rho_eV2=3.86e+58 rho_final=2.17e+03
BG_FUNC: a=2.52e-11 V=1.58e+00 factor_V=2.45e+58 factor_rho=5.62e-56 rho_eV2=3.86e+58 rho_final=2.17e+03
BG_FUNC: a=9.88e-10 V=1.58e+00 factor_V=2.45e+58 factor_rho=5.62e-56 rho_eV2=3.86e+58 rho_final=2.17e+03
BG_FUNC: a=3.87e-08 V=1.58e+00 factor_V=2.45e+58 factor_rho=5.62e-56 rho_eV2=3.86e+58 rho_final=2.17e+03
BG_FUNC: a=1.52e-06 V=1.58e+00 factor_V=2.45e+58 factor_rho=5.62e-56 rho_eV2=3.86e+58 rho_final=2.17e+03
BG_FUNC: a=5.80e-05 V=1.40e+00 factor_V=2.45e+58 factor_rho=5.62e-56 rho_eV2=3.58e+58 rho_final=2.01e+03
RIDDER SWITCHING: z_osc = 9757.64, a_osc = 1.024733e-04
DEBUG: Ridder field ENABLED. Lambda = 1.978853e+00
DEBUG: Ridder field ENABLED. Lambda = 1.978853e+00
BG_FUNC: a=1.93e-13 V=1.49e+00 factor_V=2.45e+58 factor_rho=5.62e-56 rho_eV2=3.64e+58 rho_final=2.05e+03
BG_FUNC: a=7.66e-12 V=1.49e+00 factor_V=2.45e+58 factor_rho=5.62e-56 rho_eV2=3.64e+58 rho_final=2.05e+03
BG_FUNC: a=3.07e-10 V=1.49e+00 factor_V=2.45e+58 factor_rho=5.62e-56 rho_eV2=3.64e+58 rho_final=2.05e+03
BG_FUNC: a=1.21e-08 V=1.49e+00 factor_V=2.45e+58 factor_rho=5.62e-56 rho_eV2=3.64e+58 rho_final=2.05e+03
BG_FUNC: a=4.81e-07 V=1.49e+00 factor_V=2.45e+58 factor_rho=5.62e-56 rho_eV2=3.64e+58 rho_final=2.05e+03
BG_FUNC: a=1.91e-05 V=1.49e+00 factor_V=2.45e+58 factor_rho=5.62e-56 rho_eV2=3.64e+58 rho_final=2.05e+03
RIDDER SWITCHING: z_osc = 9597.21, a_osc = 1.041861e-04
DEBUG: Ridder field ENABLED. Lambda = 1.886513e+00
DEBUG: Ridder field ENABLED. Lambda = 1.886513e+00
BG_FUNC: a=6.40e-14 V=1.23e+00 factor_V=2.45e+58 factor_rho=5.62e-56 rho_eV2=3.01e+58 rho_final=1.69e+03
BG_FUNC: a=2.46e-12 V=1.23e+00 factor_V=2.45e+58 factor_rho=5.62e-56 rho_eV2=3.01e+58 rho_final=1.69e+03
BG_FUNC: a=9.74e-11 V=1.23e+00 factor_V=2.45e+58 factor_rho=5.62e-56 rho_eV2=3.01e+58 rho_final=1.69e+03
BG_FUNC: a=3.89e-09 V=1.23e+00 factor_V=2.45e+58 factor_rho=5.62e-56 rho_eV2=3.01e+58 rho_final=1.69e+03
BG_FUNC: a=1.53e-07 V=1.23e+00 factor_V=2.45e+58 factor_rho=5.62e-56 rho_eV2=3.01e+58 rho_final=1.69e+03
BG_FUNC: a=6.06e-06 V=1.23e+00 factor_V=2.45e+58 factor_rho=5.62e-56 rho_eV2=3.01e+58 rho_final=1.69e+03
RIDDER SWITCHING: z_osc = 9120.72, a_osc = 1.096285e-04
DEBUG: Ridder field ENABLED. Lambda = 1.994032e+00
DEBUG: Ridder field ENABLED. Lambda = 1.994032e+00
BG_FUNC: a=1.97e-14 V=1.54e+00 factor_V=2.45e+58 factor_rho=5.62e-56 rho_eV2=3.76e+58 rho_final=2.11e+03
BG_FUNC: a=7.38e-13 V=1.54e+00 factor_V=2.45e+58 factor_rho=5.62e-56 rho_eV2=3.76e+58 rho_final=2.11e+03
BG_FUNC: a=2.96e-11 V=1.54e+00 factor_V=2.45e+58 factor_rho=5.62e-56 rho_eV2=3.76e+58 rho_final=2.11e+03
BG_FUNC: a=1.17e-09 V=1.54e+00 factor_V=2.45e+58 factor_rho=5.62e-56 rho_eV2=3.76e+58 rho_final=2.11e+03
BG_FUNC: a=4.63e-08 V=1.54e+00 factor_V=2.45e+58 factor_rho=5.62e-56 rho_eV2=3.76e+58 rho_final=2.11e+03
BG_FUNC: a=1.84e-06 V=1.54e+00 factor_V=2.45e+58 factor_rho=5.62e-56 rho_eV2=3.76e+58 rho_final=2.11e+03
BG_FUNC: a=7.22e-05 V=1.17e+00 factor_V=2.45e+58 factor_rho=5.62e-56 rho_eV2=3.19e+58 rho_final=1.79e+03
RIDDER SWITCHING: z_osc = 9678.82, a_osc = 1.033077e-04
DEBUG: Ridder field ENABLED. Lambda = 1.844228e+00
DEBUG: Ridder field ENABLED. Lambda = 1.844228e+00
BG_FUNC: a=2.38e-13 V=1.12e+00 [mcmc] Progress @ 2025-12-02 11:10:44 : 6048 steps taken, and 919 accepted.
[mcmc] Learn + convergence test @ 920 samples accepted.
[mcmc]  - Acceptance rate: 0.523
[mcmc]  - Convergence of means: R-1 = 27.843244 after 736 accepted steps
[mcmc] Convergence less than requested for updates: waiting until the next convergence check.
factor_V=2.45e+58 factor_rho=5.62e-56 rho_eV2=2.75e+58 rho_final=1.54e+03
BG_FUNC: a=9.46e-12 V=1.12e+00 factor_V=2.45e+58 factor_rho=5.62e-56 rho_eV2=2.75e+58 rho_final=1.54e+03
BG_FUNC: a=3.76e-10 V=1.12e+00 factor_V=2.45e+58 factor_rho=5.62e-56 rho_eV2=2.75e+58 rho_final=1.54e+03
BG_FUNC: a=1.50e-08 V=1.12e+00 factor_V=2.45e+58 factor_rho=5.62e-56 rho_eV2=2.75e+58 rho_final=1.54e+03
BG_FUNC: a=5.92e-07 V=1.12e+00 factor_V=2.45e+58 factor_rho=5.62e-56 rho_eV2=2.75e+58 rho_final=1.54e+03
BG_FUNC: a=2.37e-05 V=1.12e+00 factor_V=2.45e+58 factor_rho=5.62e-56 rho_eV2=2.74e+58 rho_final=1.54e+03
RIDDER SWITCHING: z_osc = 8890.25, a_osc = 1.124702e-04
DEBUG: Ridder field ENABLED. Lambda = 2.093713e+00
DEBUG: Ridder field ENABLED. Lambda = 2.093713e+00
BG_FUNC: a=7.33e-14 V=1.87e+00 factor_V=2.45e+58 factor_rho=5.62e-56 rho_eV2=4.56e+58 rho_final=2.57e+03
BG_FUNC: a=2.81e-12 V=1.87e+00 factor_V=2.45e+58 factor_rho=5.62e-56 rho_eV2=4.56e+58 rho_final=2.57e+03
BG_FUNC: a=1.11e-10 V=1.87e+00 factor_V=2.45e+58 factor_rho=5.62e-56 rho_eV2=4.56e+58 rho_final=2.57e+03
BG_FUNC: a=4.41e-09 V=1.87e+00 factor_V=2.45e+58 factor_rho=5.62e-56 rho_eV2=4.56e+58 rho_final=2.57e+03
BG_FUNC: a=1.75e-07 V=1.87e+00 factor_V=2.45e+58 factor_rho=5.62e-56 rho_eV2=4.56e+58 rho_final=2.57e+03
BG_FUNC: a=6.93e-06 V=1.87e+00 factor_V=2.45e+58 factor_rho=5.62e-56 rho_eV2=4.56e+58 rho_final=2.57e+03
RIDDER SWITCHING: z_osc = 10163.53, a_osc = 9.838137e-05
DEBUG: Ridder field ENABLED. Lambda = 1.737829e+00
DEBUG: Ridder field ENABLED. Lambda = 1.737829e+00
BG_FUNC: a=2.49e-14 V=8.86e-01 factor_V=2.45e+58 factor_rho=5.62e-56 rho_eV2=2.17e+58 rho_final=1.22e+03
BG_FUNC: a=9.39e-13 V=8.86e-01 factor_V=2.45e+58 factor_rho=5.62e-56 rho_eV2=2.17e+58 rho_final=1.22e+03
BG_FUNC: a=3.73e-11 V=8.86e-01 factor_V=2.45e+58 factor_rho=5.62e-56 rho_eV2=2.17e+58 rho_final=1.22e+03
BG_FUNC: a=1.48e-09 V=8.86e-01 factor_V=2.45e+58 factor_rho=5.62e-56 rho_eV2=2.17e+58 rho_final=1.22e+03
BG_FUNC: a=5.86e-08 V=8.86e-01 factor_V=2.45e+58 factor_rho=5.62e-56 rho_eV2=2.17e+58 rho_final=1.22e+03
BG_FUNC: a=2.33e-06 V=8.86e-01 factor_V=2.45e+58 factor_rho=5.62e-56 rho_eV2=2.17e+58 rho_final=1.22e+03
BG_FUNC: a=9.17e-05 V=6.01e-01 factor_V=2.45e+58 factor_rho=5.62e-56 rho_eV2=1.71e+58 rho_final=9.63e+02
RIDDER SWITCHING: z_osc = 8388.03, a_osc = 1.192033e-04
DEBUG: Ridder field ENABLED. Lambda = 1.866539e+00
DEBUG: Ridder field ENABLED. Lambda = 1.866539e+00
BG_FUNC: a=2.64e-13 V=1.18e+00 factor_V=2.45e+58 factor_rho=5.62e-56 rho_eV2=2.88e+58 rho_final=1.62e+03
BG_FUNC: a=1.05e-11 V=1.18e+00 factor_V=2.45e+58 factor_rho=5.62e-56 rho_eV2=2.88e+58 rho_final=1.62e+03
BG_FUNC: a=4.17e-10 V=1.18e+00 factor_V=2.45e+58 factor_rho=5.62e-56 rho_eV2=2.88e+58 rho_final=1.62e+03
BG_FUNC: a=1.67e-08 V=1.18e+00 factor_V=2.45e+58 factor_rho=5.62e-56 rho_eV2=2.88e+58 rho_final=1.62e+03
BG_FUNC: a=6.65e-07 V=1.18e+00 factor_V=2.45e+58 factor_rho=5.62e-56 rho_eV2=2.88e+58 rho_final=1.62e+03
BG_FUNC: a=2.65e-05 V=1.17e+00 factor_V=2.45e+58 factor_rho=5.62e-56 rho_eV2=2.88e+58 rho_final=1.62e+03
RIDDER SWITCHING: z_osc = 9005.33, a_osc = 1.110331e-04
DEBUG: Ridder field ENABLED. Lambda = 2.273334e+00
DEBUG: Ridder field ENABLED. Lambda = 2.273334e+00
BG_FUNC: a=8.37e-14 V=2.59e+00 factor_V=2.45e+58 factor_rho=5.62e-56 rho_eV2=6.34e+58 rho_final=3.57e+03
BG_FUNC: a=3.25e-12 V=2.59e+00 factor_V=2.45e+58 factor_rho=5.62e-56 rho_eV2=6.34e+58 rho_final=3.57e+03
BG_FUNC: a=1.29e-10 V=2.59e+00 factor_V=2.45e+58 factor_rho=5.62e-56 rho_eV2=6.34e+58 rho_final=3.57e+03
BG_FUNC: a=5.12e-09 V=2.59e+00 factor_V=2.45e+58 factor_rho=5.62e-56 rho_eV2=6.34e+58 rho_final=3.57e+03
BG_FUNC: a=2.03e-07 V=2.59e+00 factor_V=2.45e+58 factor_rho=5.62e-56 rho_eV2=6.34e+58 rho_final=3.57e+03
BG_FUNC: a=8.07e-06 V=2.59e+00 factor_V=2.45e+58 factor_rho=5.62e-56 rho_eV2=6.34e+58 rho_final=3.57e+03
RIDDER SWITCHING: z_osc = 11149.70, a_osc = 8.968048e-05
DEBUG: Ridder field ENABLED. Lambda = 2.164884e+00
DEBUG: Ridder field ENABLED. Lambda = 2.164884e+00
BG_FUNC: a=3.15e-14 V=2.13e+00 factor_V=2.45e+58 factor_rho=5.62e-56 rho_eV2=5.2[mcmc] Progress @ 2025-12-02 11:11:45 : 6085 steps taken, and 926 accepted.
2e+58 rho_final=2.93e+03
BG_FUNC: a=1.19e-12 V=2.13e+00 factor_V=2.45e+58 factor_rho=5.62e-56 rho_eV2=5.22e+58 rho_final=2.93e+03
BG_FUNC: a=4.73e-11 V=2.13e+00 factor_V=2.45e+58 factor_rho=5.62e-56 rho_eV2=5.22e+58 rho_final=2.93e+03
BG_FUNC: a=1.88e-09 V=2.13e+00 factor_V=2.45e+58 factor_rho=5.62e-56 rho_eV2=5.22e+58 rho_final=2.93e+03
BG_FUNC: a=7.53e-08 V=2.13e+00 factor_V=2.45e+58 factor_rho=5.62e-56 rho_eV2=5.22e+58 rho_final=2.93e+03
BG_FUNC: a=2.96e-06 V=2.13e+00 factor_V=2.45e+58 factor_rho=5.62e-56 rho_eV2=5.22e+58 rho_final=2.93e+03
RIDDER SWITCHING: z_osc = 10592.06, a_osc = 9.440146e-05
DEBUG: Ridder field ENABLED. Lambda = 1.869130e+00
DEBUG: Ridder field ENABLED. Lambda = 1.869130e+00
BG_FUNC: a=1.13e-14 V=1.19e+00 factor_V=2.45e+58 factor_rho=5.62e-56 rho_eV2=2.90e+58 rho_final=1.63e+03
BG_FUNC: a=4.20e-13 V=1.19e+00 factor_V=2.45e+58 factor_rho=5.62e-56 rho_eV2=2.90e+58 rho_final=1.63e+03
BG_FUNC: a=1.67e-11 V=1.19e+00 factor_V=2.45e+58 factor_rho=5.62e-56 rho_eV2=2.90e+58 rho_final=1.63e+03
BG_FUNC: a=6.60e-10 V=1.19e+00 factor_V=2.45e+58 factor_rho=5.62e-56 rho_eV2=2.90e+58 rho_final=1.63e+03
BG_FUNC: a=2.61e-08 V=1.19e+00 factor_V=2.45e+58 factor_rho=5.62e-56 rho_eV2=2.90e+58 rho_final=1.63e+03
BG_FUNC: a=1.04e-06 V=1.19e+00 factor_V=2.45e+58 factor_rho=5.62e-56 rho_eV2=2.90e+58 rho_final=1.63e+03
BG_FUNC: a=4.09e-05 V=1.16e+00 factor_V=2.45e+58 factor_rho=5.62e-56 rho_eV2=2.86e+58 rho_final=1.61e+03
RIDDER SWITCHING: z_osc = 9048.56, a_osc = 1.105027e-04
DEBUG: Ridder field ENABLED. Lambda = 2.273118e+00
DEBUG: Ridder field ENABLED. Lambda = 2.273118e+00
BG_FUNC: a=1.25e-13 V=2.59e+00 factor_V=2.45e+58 factor_rho=5.62e-56 rho_eV2=6.34e+58 rho_final=3.57e+03
BG_FUNC: a=4.96e-12 V=2.59e+00 factor_V=2.45e+58 factor_rho=5.62e-56 rho_eV2=6.34e+58 rho_final=3.57e+03
BG_FUNC: a=1.96e-10 V=2.59e+00 factor_V=2.45e+58 factor_rho=5.62e-56 rho_eV2=6.34e+58 rho_final=3.57e+03
BG_FUNC: a=7.78e-09 V=2.59e+00 factor_V=2.45e+58 factor_rho=5.62e-56 rho_eV2=6.34e+58 rho_final=3.57e+03
BG_FUNC: a=3.08e-07 V=2.59e+00 factor_V=2.45e+58 factor_rho=5.62e-56 rho_eV2=6.34e+58 rho_final=3.57e+03
BG_FUNC: a=1.22e-05 V=2.59e+00 factor_V=2.45e+58 factor_rho=5.62e-56 rho_eV2=6.34e+58 rho_final=3.56e+03
RIDDER SWITCHING: z_osc = 11152.05, a_osc = 8.966153e-05
DEBUG: Ridder field ENABLED. Lambda = 1.695279e+00
DEBUG: Ridder field ENABLED. Lambda = 1.695279e+00
BG_FUNC: a=4.78e-14 V=8.02e-01 factor_V=2.45e+58 factor_rho=5.62e-56 rho_eV2=1.96e+58 rho_final=1.10e+03
BG_FUNC: a=1.82e-12 V=8.02e-01 factor_V=2.45e+58 factor_rho=5.62e-56 rho_eV2=1.96e+58 rho_final=1.10e+03
BG_FUNC: a=7.23e-11 V=8.02e-01 factor_V=2.45e+58 factor_rho=5.62e-56 rho_eV2=1.96e+58 rho_final=1.10e+03
BG_FUNC: a=2.87e-09 V=8.02e-01 factor_V=2.45e+58 factor_rho=5.62e-56 rho_eV2=1.96e+58 rho_final=1.10e+03
BG_FUNC: a=1.14e-07 V=8.02e-01 factor_V=2.45e+58 factor_rho=5.62e-56 rho_eV2=1.96e+58 rho_final=1.10e+03
BG_FUNC: a=4.52e-06 V=8.02e-01 factor_V=2.45e+58 factor_rho=5.62e-56 rho_eV2=1.96e+58 rho_final=1.10e+03
RIDDER SWITCHING: z_osc = 8099.34, a_osc = 1.234516e-04
DEBUG: Ridder field ENABLED. Lambda = 1.826501e+00
DEBUG: Ridder field ENABLED. Lambda = 1.826501e+00
BG_FUNC: a=1.32e-14 V=1.08e+00 factor_V=2.45e+58 factor_rho=5.62e-56 rho_eV2=2.64e+58 rho_final=1.49e+03
BG_FUNC: a=4.90e-13 V=1.08e+00 factor_V=2.45e+58 factor_rho=5.62e-56 rho_eV2=2.64e+58 rho_final=1.49e+03
BG_FUNC: a=1.94e-11 V=1.08e+00 factor_V=2.45e+58 factor_rho=5.62e-56 rho_eV2=2.64e+58 rho_final=1.49e+03
BG_FUNC: a=7.69e-10 V=1.08e+00 factor_V=2.45e+58 factor_rho=5.62e-56 rho_eV2=2.64e+58 rho_final=1.49e+03
BG_FUNC: a=3.05e-08 V=1.08e+00 factor_V=2.45e+58 factor_rho=5.62e-56 rho_eV2=2.64e+58 rho_final=1.49e+03
BG_FUNC: a=1.21e-06 V=1.08e+00 factor_V=2.45e+58 factor_rho=5.62e-56 rho_eV2=2.64e+58 rho_final=1.49e+03
BG_FUNC: a=4.77e-05 V=1.04e+00 factor_V=2.45e+58 factor_rho=5.62e-56 rho_eV2=2.58e+58 rho_final=1.45e+03
RIDDER SWITCHING: z_osc = 8800.10, a_osc = 1.136222e-04
DEBUG: Ridder field ENABLED. Lambda = 1.865977e+00
DEBUG: Ridder field ENABLED. Lambda = 1.865977e+00
BG_FUNC: a=1.42e-13 V=1.[mcmc] Progress @ 2025-12-02 11:12:47 : 6135 steps taken, and 932 accepted.
18e+00 factor_V=2.45e+58 factor_rho=5.62e-56 rho_eV2=2.88e+58 rho_final=1.62e+03
BG_FUNC: a=5.65e-12 V=1.18e+00 factor_V=2.45e+58 factor_rho=5.62e-56 rho_eV2=2.88e+58 rho_final=1.62e+03
BG_FUNC: a=2.24e-10 V=1.18e+00 factor_V=2.45e+58 factor_rho=5.62e-56 rho_eV2=2.88e+58 rho_final=1.62e+03
BG_FUNC: a=8.89e-09 V=1.18e+00 factor_V=2.45e+58 factor_rho=5.62e-56 rho_eV2=2.88e+58 rho_final=1.62e+03
BG_FUNC: a=3.53e-07 V=1.18e+00 factor_V=2.45e+58 factor_rho=5.62e-56 rho_eV2=2.88e+58 rho_final=1.62e+03
BG_FUNC: a=1.40e-05 V=1.18e+00 factor_V=2.45e+58 factor_rho=5.62e-56 rho_eV2=2.88e+58 rho_final=1.62e+03
RIDDER SWITCHING: z_osc = 9029.68, a_osc = 1.107336e-04
DEBUG: Ridder field ENABLED. Lambda = 1.965230e+00
DEBUG: Ridder field ENABLED. Lambda = 1.965230e+00
BG_FUNC: a=4.44e-14 V=1.45e+00 factor_V=2.45e+58 factor_rho=5.62e-56 rho_eV2=3.54e+58 rho_final=1.99e+03
BG_FUNC: a=1.69e-12 V=1.45e+00 factor_V=2.45e+58 factor_rho=5.62e-56 rho_eV2=3.54e+58 rho_final=1.99e+03
BG_FUNC: a=6.70e-11 V=1.45e+00 factor_V=2.45e+58 factor_rho=5.62e-56 rho_eV2=3.54e+58 rho_final=1.99e+03
BG_FUNC: a=2.66e-09 V=1.45e+00 factor_V=2.45e+58 factor_rho=5.62e-56 rho_eV2=3.54e+58 rho_final=1.99e+03
BG_FUNC: a=1.06e-07 V=1.45e+00 factor_V=2.45e+58 factor_rho=5.62e-56 rho_eV2=3.54e+58 rho_final=1.99e+03
BG_FUNC: a=4.20e-06 V=1.45e+00 factor_V=2.45e+58 factor_rho=5.62e-56 rho_eV2=3.54e+58 rho_final=1.99e+03
RIDDER SWITCHING: z_osc = 9570.46, a_osc = 1.044773e-04
DEBUG: Ridder field ENABLED. Lambda = 1.713321e+00
DEBUG: Ridder field ENABLED. Lambda = 1.713321e+00
BG_FUNC: a=1.44e-14 V=8.37e-01 factor_V=2.45e+58 factor_rho=5.62e-56 rho_eV2=2.05e+58 rho_final=1.15e+03
BG_FUNC: a=5.41e-13 V=8.37e-01 factor_V=2.45e+58 factor_rho=5.62e-56 rho_eV2=2.05e+58 rho_final=1.15e+03
BG_FUNC: a=2.16e-11 V=8.37e-01 factor_V=2.45e+58 factor_rho=5.62e-56 rho_eV2=2.05e+58 rho_final=1.15e+03
BG_FUNC: a=8.49e-10 V=8.37e-01 factor_V=2.45e+58 factor_rho=5.62e-56 rho_eV2=2.05e+58 rho_final=1.15e+03
BG_FUNC: a=3.36e-08 V=8.37e-01 factor_V=2.45e+58 factor_rho=5.62e-56 rho_eV2=2.05e+58 rho_final=1.15e+03
BG_FUNC: a=1.33e-06 V=8.37e-01 factor_V=2.45e+58 factor_rho=5.62e-56 rho_eV2=2.05e+58 rho_final=1.15e+03
BG_FUNC: a=5.27e-05 V=8.00e-01 factor_V=2.45e+58 factor_rho=5.62e-56 rho_eV2=1.99e+58 rho_final=1.12e+03
RIDDER SWITCHING: z_osc = 8203.91, a_osc = 1.218782e-04
DEBUG: Ridder field ENABLED. Lambda = 2.179918e+00
DEBUG: Ridder field ENABLED. Lambda = 2.179918e+00
BG_FUNC: a=1.47e-13 V=2.19e+00 factor_V=2.45e+58 factor_rho=5.62e-56 rho_eV2=5.36e+58 rho_final=3.02e+03
BG_FUNC: a=5.82e-12 V=2.19e+00 factor_V=2.45e+58 factor_rho=5.62e-56 rho_eV2=5.36e+58 rho_final=3.02e+03
BG_FUNC: a=2.33e-10 V=2.19e+00 factor_V=2.45e+58 factor_rho=5.62e-56 rho_eV2=5.36e+58 rho_final=3.02e+03
BG_FUNC: a=9.17e-09 V=2.19e+00 factor_V=2.45e+58 factor_rho=5.62e-56 rho_eV2=5.36e+58 rho_final=3.02e+03
BG_FUNC: a=3.64e-07 V=2.19e+00 factor_V=2.45e+58 factor_rho=5.62e-56 rho_eV2=5.36e+58 rho_final=3.02e+03
BG_FUNC: a=1.45e-05 V=2.19e+00 factor_V=2.45e+58 factor_rho=5.62e-56 rho_eV2=5.36e+58 rho_final=3.01e+03
RIDDER SWITCHING: z_osc = 10701.12, a_osc = 9.343944e-05
DEBUG: Ridder field ENABLED. Lambda = 2.131351e+00
DEBUG: Ridder field ENABLED. Lambda = 2.131351e+00
BG_FUNC: a=5.41e-14 V=2.00e+00 factor_V=2.45e+58 factor_rho=5.62e-56 rho_eV2=4.90e+58 rho_final=2.76e+03
BG_FUNC: a=2.09e-12 V=2.00e+00 factor_V=2.45e+58 factor_rho=5.62e-56 rho_eV2=4.90e+58 rho_final=2.76e+03
BG_FUNC: a=8.43e-11 V=2.00e+00 factor_V=2.45e+58 factor_rho=5.62e-56 rho_eV2=4.90e+58 rho_final=2.76e+03
BG_FUNC: a=3.42e-09 V=2.00e+00 factor_V=2.45e+58 factor_rho=5.62e-56 rho_eV2=4.90e+58 rho_final=2.76e+03
BG_FUNC: a=1.36e-07 V=2.00e+00 factor_V=2.45e+58 factor_rho=5.62e-56 rho_eV2=4.90e+58 rho_final=2.76e+03
BG_FUNC: a=5.49e-06 V=2.00e+00 factor_V=2.45e+58 factor_rho=5.62e-56 rho_eV2=4.90e+58 rho_final=2.76e+03
RIDDER SWITCHING: z_osc = 10359.45, a_osc = 9.652091e-05
DEBUG: Ridder field ENABLED. Lambda = 2.064399e+00
DEBUG: Ridder field ENABLED. Lambda = 2.064399e+00
BG_FUNC: a=2.04e-14 V=1.76e+00 factor_V=2.45e+58 factor_rho=5.62e-56 rho_[mcmc] Progress @ 2025-12-02 11:13:59 : 6183 steps taken, and 941 accepted.
[mcmc] Progress @ 2025-12-02 11:15:00 : 6222 steps taken, and 949 accepted.
eV2=4.31e+58 rho_final=2.43e+03
BG_FUNC: a=7.68e-13 V=1.76e+00 factor_V=2.45e+58 factor_rho=5.62e-56 rho_eV2=4.31e+58 rho_final=2.43e+03
BG_FUNC: a=3.05e-11 V=1.76e+00 factor_V=2.45e+58 factor_rho=5.62e-56 rho_eV2=4.31e+58 rho_final=2.43e+03
BG_FUNC: a=1.21e-09 V=1.76e+00 factor_V=2.45e+58 factor_rho=5.62e-56 rho_eV2=4.31e+58 rho_final=2.43e+03
BG_FUNC: a=4.80e-08 V=1.76e+00 factor_V=2.45e+58 factor_rho=5.62e-56 rho_eV2=4.31e+58 rho_final=2.43e+03
BG_FUNC: a=1.90e-06 V=1.76e+00 factor_V=2.45e+58 factor_rho=5.62e-56 rho_eV2=4.31e+58 rho_final=2.43e+03
BG_FUNC: a=7.51e-05 V=1.23e+00 factor_V=2.45e+58 factor_rho=5.62e-56 rho_eV2=3.48e+58 rho_final=1.95e+03
RIDDER SWITCHING: z_osc = 10035.37, a_osc = 9.963765e-05
DEBUG: Ridder field ENABLED. Lambda = 1.843853e+00
DEBUG: Ridder field ENABLED. Lambda = 1.843853e+00
BG_FUNC: a=2.54e-13 V=1.12e+00 factor_V=2.45e+58 factor_rho=5.62e-56 rho_eV2=2.75e+58 rho_final=1.54e+03
BG_FUNC: a=9.97e-12 V=1.12e+00 factor_V=2.45e+58 factor_rho=5.62e-56 rho_eV2=2.75e+58 rho_final=1.54e+03
BG_FUNC: a=3.91e-10 V=1.12e+00 factor_V=2.45e+58 factor_rho=5.62e-56 rho_eV2=2.75e+58 rho_final=1.54e+03
BG_FUNC: a=1.53e-08 V=1.12e+00 factor_V=2.45e+58 factor_rho=5.62e-56 rho_eV2=2.75e+58 rho_final=1.54e+03
BG_FUNC: a=6.01e-07 V=1.12e+00 factor_V=2.45e+58 factor_rho=5.62e-56 rho_eV2=2.75e+58 rho_final=1.54e+03
BG_FUNC: a=2.30e-05 V=1.12e+00 factor_V=2.45e+58 factor_rho=5.62e-56 rho_eV2=2.74e+58 rho_final=1.54e+03
RIDDER SWITCHING: z_osc = 8927.75, a_osc = 1.119978e-04
DEBUG: Ridder field ENABLED. Lambda = 1.922198e+00
DEBUG: Ridder field ENABLED. Lambda = 1.922198e+00
BG_FUNC: a=7.17e-14 V=1.33e+00 factor_V=2.45e+58 factor_rho=5.62e-56 rho_eV2=3.24e+58 rho_final=1.82e+03
BG_FUNC: a=2.78e-12 V=1.33e+00 factor_V=2.45e+58 factor_rho=5.62e-56 rho_eV2=3.24e+58 rho_final=1.82e+03
BG_FUNC: a=1.11e-10 V=1.33e+00 factor_V=2.45e+58 factor_rho=5.62e-56 rho_eV2=3.24e+58 rho_final=1.82e+03
BG_FUNC: a=4.44e-09 V=1.33e+00 factor_V=2.45e+58 factor_rho=5.62e-56 rho_eV2=3.24e+58 rho_final=1.82e+03
BG_FUNC: a=1.77e-07 V=1.33e+00 factor_V=2.45e+58 factor_rho=5.62e-56 rho_eV2=3.24e+58 rho_final=1.82e+03
BG_FUNC: a=7.09e-06 V=1.33e+00 factor_V=2.45e+58 factor_rho=5.62e-56 rho_eV2=3.24e+58 rho_final=1.82e+03
RIDDER SWITCHING: z_osc = 9308.82, a_osc = 1.074135e-04
DEBUG: Ridder field ENABLED. Lambda = 1.930316e+00
DEBUG: Ridder field ENABLED. Lambda = 1.930316e+00
BG_FUNC: a=2.36e-14 V=1.35e+00 factor_V=2.45e+58 factor_rho=5.62e-56 rho_eV2=3.30e+58 rho_final=1.85e+03
BG_FUNC: a=8.92e-13 V=1.35e+00 factor_V=2.45e+58 factor_rho=5.62e-56 rho_eV2=3.30e+58 rho_final=1.85e+03
BG_FUNC: a=3.56e-11 V=1.35e+00 factor_V=2.45e+58 factor_rho=5.62e-56 rho_eV2=3.30e+58 rho_final=1.85e+03
BG_FUNC: a=1.42e-09 V=1.35e+00 factor_V=2.45e+58 factor_rho=5.62e-56 rho_eV2=3.30e+58 rho_final=1.85e+03
BG_FUNC: a=5.68e-08 V=1.35e+00 factor_V=2.45e+58 factor_rho=5.62e-56 rho_eV2=3.30e+58 rho_final=1.85e+03
BG_FUNC: a=2.27e-06 V=1.35e+00 factor_V=2.45e+58 factor_rho=5.62e-56 rho_eV2=3.30e+58 rho_final=1.85e+03
BG_FUNC: a=8.90e-05 V=8.07e-01 factor_V=2.45e+58 factor_rho=5.62e-56 rho_eV2=2.42e+58 rho_final=1.36e+03
RIDDER SWITCHING: z_osc = 9344.80, a_osc = 1.069999e-04
DEBUG: Ridder field ENABLED. Lambda = 1.821501e+00
DEBUG: Ridder field ENABLED. Lambda = 1.821501e+00
BG_FUNC: a=2.84e-13 V=1.07e+00 factor_V=2.45e+58 factor_rho=5.62e-56 rho_eV2=2.61e+58 rho_final=1.47e+03
BG_FUNC: a=1.13e-11 V=1.07e+00 factor_V=2.45e+58 factor_rho=5.62e-56 rho_eV2=2.61e+58 rho_final=1.47e+03
BG_FUNC: a=4.48e-10 V=1.07e+00 factor_V=2.45e+58 factor_rho=5.62e-56 rho_eV2=2.61e+58 rho_final=1.47e+03
BG_FUNC: a=1.78e-08 V=1.07e+00 factor_V=2.45e+58 factor_rho=5.62e-56 rho_eV2=2.61e+58 rho_final=1.47e+03
BG_FUNC: a=7.07e-07 V=1.07e+00 factor_V=2.45e+58 factor_rho=5.62e-56 rho_eV2=2.61e+58 rho_final=1.47e+03
BG_FUNC: a=2.80e-05 V=1.06e+00 factor_V=2.45e+58 factor_rho=5.62e-56 rho_eV2=2.61e+58 rho_final=1.47e+03
RIDDER SWITCHING: z_osc = 8777.72, a_osc = 1.139118e-04
DEBUG: Ridder field ENABLED. Lambda = 2.190413e+00
DEBUG: Ridder field ENABLED. Lambda = 2.190413e+00
BG_FUNC: a=8.61e-1[mcmc] Progress @ 2025-12-02 11:16:01 : 6273 steps taken, and 959 accepted.
4 V=2.24e+00 factor_V=2.45e+58 factor_rho=5.62e-56 rho_eV2=5.47e+58 rho_final=3.07e+03
BG_FUNC: a=3.31e-12 V=2.24e+00 factor_V=2.45e+58 factor_rho=5.62e-56 rho_eV2=5.47e+58 rho_final=3.07e+03
BG_FUNC: a=1.31e-10 V=2.24e+00 factor_V=2.45e+58 factor_rho=5.62e-56 rho_eV2=5.47e+58 rho_final=3.07e+03
BG_FUNC: a=5.22e-09 V=2.24e+00 factor_V=2.45e+58 factor_rho=5.62e-56 rho_eV2=5.47e+58 rho_final=3.07e+03
BG_FUNC: a=2.07e-07 V=2.24e+00 factor_V=2.45e+58 factor_rho=5.62e-56 rho_eV2=5.47e+58 rho_final=3.07e+03
BG_FUNC: a=8.22e-06 V=2.24e+00 factor_V=2.45e+58 factor_rho=5.62e-56 rho_eV2=5.47e+58 rho_final=3.07e+03
RIDDER SWITCHING: z_osc = 10766.63, a_osc = 9.287094e-05
DEBUG: Ridder field ENABLED. Lambda = 1.360806e+00
DEBUG: Ridder field ENABLED. Lambda = 1.360806e+00
BG_FUNC: a=3.15e-14 V=3.33e-01 factor_V=2.45e+58 factor_rho=5.62e-56 rho_eV2=8.15e+57 rho_final=4.58e+02
BG_FUNC: a=1.19e-12 V=3.33e-01 factor_V=2.45e+58 factor_rho=5.62e-56 rho_eV2=8.15e+57 rho_final=4.58e+02
BG_FUNC: a=4.73e-11 V=3.33e-01 factor_V=2.45e+58 factor_rho=5.62e-56 rho_eV2=8.15e+57 rho_final=4.58e+02
BG_FUNC: a=1.87e-09 V=3.33e-01 factor_V=2.45e+58 factor_rho=5.62e-56 rho_eV2=8.15e+57 rho_final=4.58e+02
BG_FUNC: a=7.44e-08 V=3.33e-01 factor_V=2.45e+58 factor_rho=5.62e-56 rho_eV2=8.15e+57 rho_final=4.58e+02
BG_FUNC: a=2.95e-06 V=3.33e-01 factor_V=2.45e+58 factor_rho=5.62e-56 rho_eV2=8.15e+57 rho_final=4.58e+02
BG_FUNC: a=1.16e-04 V=2.34e-01 factor_V=2.45e+58 factor_rho=5.62e-56 rho_eV2=6.58e+57 rho_final=3.70e+02
RIDDER SWITCHING: z_osc = 6360.36, a_osc = 1.571990e-04
DEBUG: Ridder field ENABLED. Lambda = 1.903900e+00
DEBUG: Ridder field ENABLED. Lambda = 1.903900e+00
BG_FUNC: a=2.51e-13 V=1.28e+00 factor_V=2.45e+58 factor_rho=5.62e-56 rho_eV2=3.12e+58 rho_final=1.75e+03
BG_FUNC: a=9.98e-12 V=1.28e+00 factor_V=2.45e+58 factor_rho=5.62e-56 rho_eV2=3.12e+58 rho_final=1.75e+03
BG_FUNC: a=4.00e-10 V=1.28e+00 factor_V=2.45e+58 factor_rho=5.62e-56 rho_eV2=3.12e+58 rho_final=1.75e+03
BG_FUNC: a=1.57e-08 V=1.28e+00 factor_V=2.45e+58 factor_rho=5.62e-56 rho_eV2=3.12e+58 rho_final=1.75e+03
BG_FUNC: a=6.25e-07 V=1.28e+00 factor_V=2.45e+58 factor_rho=5.62e-56 rho_eV2=3.12e+58 rho_final=1.75e+03
BG_FUNC: a=2.48e-05 V=1.27e+00 factor_V=2.45e+58 factor_rho=5.62e-56 rho_eV2=3.11e+58 rho_final=1.75e+03
RIDDER SWITCHING: z_osc = 9219.46, a_osc = 1.084545e-04
DEBUG: Ridder field ENABLED. Lambda = 1.971512e+00
DEBUG: Ridder field ENABLED. Lambda = 1.971512e+00
BG_FUNC: a=7.97e-14 V=1.47e+00 factor_V=2.45e+58 factor_rho=5.62e-56 rho_eV2=3.59e+58 rho_final=2.02e+03
BG_FUNC: a=3.11e-12 V=1.47e+00 factor_V=2.45e+58 factor_rho=5.62e-56 rho_eV2=3.59e+58 rho_final=2.02e+03
BG_FUNC: a=1.23e-10 V=1.47e+00 factor_V=2.45e+58 factor_rho=5.62e-56 rho_eV2=3.59e+58 rho_final=2.02e+03
BG_FUNC: a=4.90e-09 V=1.47e+00 factor_V=2.45e+58 factor_rho=5.62e-56 rho_eV2=3.59e+58 rho_final=2.02e+03
BG_FUNC: a=1.95e-07 V=1.47e+00 factor_V=2.45e+58 factor_rho=5.62e-56 rho_eV2=3.59e+58 rho_final=2.02e+03
BG_FUNC: a=7.79e-06 V=1.47e+00 factor_V=2.45e+58 factor_rho=5.62e-56 rho_eV2=3.59e+58 rho_final=2.02e+03
RIDDER SWITCHING: z_osc = 9565.36, a_osc = 1.045329e-04
DEBUG: Ridder field ENABLED. Lambda = 1.808745e+00
DEBUG: Ridder field ENABLED. Lambda = 1.808745e+00
BG_FUNC: a=2.66e-14 V=1.04e+00 factor_V=2.45e+58 factor_rho=5.62e-56 rho_eV2=2.54e+58 rho_final=1.43e+03
BG_FUNC: a=1.00e-12 V=1.04e+00 factor_V=2.45e+58 factor_rho=5.62e-56 rho_eV2=2.54e+58 rho_final=1.43e+03
BG_FUNC: a=3.98e-11 V=1.04e+00 factor_V=2.45e+58 factor_rho=5.62e-56 rho_eV2=2.54e+58 rho_final=1.43e+03
BG_FUNC: a=1.58e-09 V=1.04e+00 factor_V=2.45e+58 factor_rho=5.62e-56 rho_eV2=2.54e+58 rho_final=1.43e+03
BG_FUNC: a=6.27e-08 V=1.04e+00 factor_V=2.45e+58 factor_rho=5.62e-56 rho_eV2=2.54e+58 rho_final=1.43e+03
BG_FUNC: a=2.49e-06 V=1.04e+00 factor_V=2.45e+58 factor_rho=5.62e-56 rho_eV2=2.54e+58 rho_final=1.43e+03
BG_FUNC: a=9.67e-05 V=6.03e-01 factor_V=2.45e+58 factor_rho=5.62e-56 rho_eV2=1.83e+58 rho_final=1.03e+03
RIDDER SWITCHING: z_osc = 8748.81, a_osc = 1.142882e-04
DEBUG: Ridder field ENABLED. Lambda = 1.826188e+00
DEBUG: Ridder [mcmc] Progress @ 2025-12-02 11:17:01 : 6308 steps taken, and 964 accepted.
field ENABLED. Lambda = 1.826188e+00
BG_FUNC: a=2.93e-13 V=1.08e+00 factor_V=2.45e+58 factor_rho=5.62e-56 rho_eV2=2.64e+58 rho_final=1.49e+03
BG_FUNC: a=1.16e-11 V=1.08e+00 factor_V=2.45e+58 factor_rho=5.62e-56 rho_eV2=2.64e+58 rho_final=1.49e+03
BG_FUNC: a=4.60e-10 V=1.08e+00 factor_V=2.45e+58 factor_rho=5.62e-56 rho_eV2=2.64e+58 rho_final=1.49e+03
BG_FUNC: a=1.82e-08 V=1.08e+00 factor_V=2.45e+58 factor_rho=5.62e-56 rho_eV2=2.64e+58 rho_final=1.49e+03
BG_FUNC: a=7.22e-07 V=1.08e+00 factor_V=2.45e+58 factor_rho=5.62e-56 rho_eV2=2.64e+58 rho_final=1.49e+03
BG_FUNC: a=2.85e-05 V=1.07e+00 factor_V=2.45e+58 factor_rho=5.62e-56 rho_eV2=2.63e+58 rho_final=1.48e+03
RIDDER SWITCHING: z_osc = 8822.80, a_osc = 1.133298e-04
DEBUG: Ridder field ENABLED. Lambda = 1.902670e+00
DEBUG: Ridder field ENABLED. Lambda = 1.902670e+00
BG_FUNC: a=8.81e-14 V=1.27e+00 factor_V=2.45e+58 factor_rho=5.62e-56 rho_eV2=3.11e+58 rho_final=1.75e+03
BG_FUNC: a=3.39e-12 V=1.27e+00 factor_V=2.45e+58 factor_rho=5.62e-56 rho_eV2=3.11e+58 rho_final=1.75e+03
BG_FUNC: a=1.34e-10 V=1.27e+00 factor_V=2.45e+58 factor_rho=5.62e-56 rho_eV2=3.11e+58 rho_final=1.75e+03
BG_FUNC: a=5.34e-09 V=1.27e+00 factor_V=2.45e+58 factor_rho=5.62e-56 rho_eV2=3.11e+58 rho_final=1.75e+03
BG_FUNC: a=2.12e-07 V=1.27e+00 factor_V=2.45e+58 factor_rho=5.62e-56 rho_eV2=3.11e+58 rho_final=1.75e+03
BG_FUNC: a=8.40e-06 V=1.27e+00 factor_V=2.45e+58 factor_rho=5.62e-56 rho_eV2=3.11e+58 rho_final=1.75e+03
RIDDER SWITCHING: z_osc = 9234.92, a_osc = 1.082729e-04
DEBUG: Ridder field ENABLED. Lambda = 1.797202e+00
DEBUG: Ridder field ENABLED. Lambda = 1.797202e+00
BG_FUNC: a=2.75e-14 V=1.01e+00 factor_V=2.45e+58 factor_rho=5.62e-56 rho_eV2=2.48e+58 rho_final=1.39e+03
BG_FUNC: a=1.03e-12 V=1.01e+00 factor_V=2.45e+58 factor_rho=5.62e-56 rho_eV2=2.48e+58 rho_final=1.39e+03
BG_FUNC: a=4.04e-11 V=1.01e+00 factor_V=2.45e+58 factor_rho=5.62e-56 rho_eV2=2.48e+58 rho_final=1.39e+03
BG_FUNC: a=1.59e-09 V=1.01e+00 factor_V=2.45e+58 factor_rho=5.62e-56 rho_eV2=2.48e+58 rho_final=1.39e+03
BG_FUNC: a=6.21e-08 V=1.01e+00 factor_V=2.45e+58 factor_rho=5.62e-56 rho_eV2=2.48e+58 rho_final=1.39e+03
BG_FUNC: a=2.44e-06 V=1.01e+00 factor_V=2.45e+58 factor_rho=5.62e-56 rho_eV2=2.48e+58 rho_final=1.39e+03
BG_FUNC: a=9.18e-05 V=6.54e-01 factor_V=2.45e+58 factor_rho=5.62e-56 rho_eV2=1.90e+58 rho_final=1.07e+03
RIDDER SWITCHING: z_osc = 8661.64, a_osc = 1.154382e-04
DEBUG: Ridder field ENABLED. Lambda = 2.300741e+00
DEBUG: Ridder field ENABLED. Lambda = 2.300741e+00
BG_FUNC: a=2.73e-13 V=2.72e+00 factor_V=2.45e+58 factor_rho=5.62e-56 rho_eV2=6.66e+58 rho_final=3.74e+03
BG_FUNC: a=1.08e-11 V=2.72e+00 factor_V=2.45e+58 factor_rho=5.62e-56 rho_eV2=6.66e+58 rho_final=3.74e+03
BG_FUNC: a=4.31e-10 V=2.72e+00 factor_V=2.45e+58 factor_rho=5.62e-56 rho_eV2=6.66e+58 rho_final=3.74e+03
BG_FUNC: a=1.71e-08 V=2.72e+00 factor_V=2.45e+58 factor_rho=5.62e-56 rho_eV2=6.66e+58 rho_final=3.74e+03
BG_FUNC: a=6.79e-07 V=2.72e+00 factor_V=2.45e+58 factor_rho=5.62e-56 rho_eV2=6.66e+58 rho_final=3.74e+03
BG_FUNC: a=2.69e-05 V=2.69e+00 factor_V=2.45e+58 factor_rho=5.62e-56 rho_eV2=6.61e+58 rho_final=3.72e+03
RIDDER SWITCHING: z_osc = 11299.95, a_osc = 8.848817e-05
DEBUG: Ridder field ENABLED. Lambda = 1.996492e+00
DEBUG: Ridder field ENABLED. Lambda = 1.996492e+00
BG_FUNC: a=1.03e-13 V=1.54e+00 factor_V=2.45e+58 factor_rho=5.62e-56 rho_eV2=3.77e+58 rho_final=2.12e+03
BG_FUNC: a=4.06e-12 V=1.54e+00 factor_V=2.45e+58 factor_rho=5.62e-56 rho_eV2=3.77e+58 rho_final=2.12e+03
BG_FUNC: a=1.58e-10 V=1.54e+00 factor_V=2.45e+58 factor_rho=5.62e-56 rho_eV2=3.77e+58 rho_final=2.12e+03
BG_FUNC: a=6.19e-09 V=1.54e+00 factor_V=2.45e+58 factor_rho=5.62e-56 rho_eV2=3.77e+58 rho_final=2.12e+03
BG_FUNC: a=2.43e-07 V=1.54e+00 factor_V=2.45e+58 factor_rho=5.62e-56 rho_eV2=3.77e+58 rho_final=2.12e+03
BG_FUNC: a=9.39e-06 V=1.54e+00 factor_V=2.45e+58 factor_rho=5.62e-56 rho_eV2=3.77e+58 rho_final=2.12e+03
RIDDER SWITCHING: z_osc = 9691.18, a_osc = 1.031759e-04
DEBUG: Ridder field ENABLED. Lambda = 1.970737e+00
DEBUG: Ridder field ENABLED. Lambda = 1.970737e+00
BG_FUNC: a=3.[mcmc] Progress @ 2025-12-02 11:18:07 : 6379 steps taken, and 974 accepted.
18e-14 V=1.47e+00 factor_V=2.45e+58 factor_rho=5.62e-56 rho_eV2=3.58e+58 rho_final=2.01e+03
BG_FUNC: a=1.20e-12 V=1.47e+00 factor_V=2.45e+58 factor_rho=5.62e-56 rho_eV2=3.58e+58 rho_final=2.01e+03
BG_FUNC: a=4.77e-11 V=1.47e+00 factor_V=2.45e+58 factor_rho=5.62e-56 rho_eV2=3.58e+58 rho_final=2.01e+03
BG_FUNC: a=1.89e-09 V=1.47e+00 factor_V=2.45e+58 factor_rho=5.62e-56 rho_eV2=3.58e+58 rho_final=2.01e+03
BG_FUNC: a=7.55e-08 V=1.47e+00 factor_V=2.45e+58 factor_rho=5.62e-56 rho_eV2=3.58e+58 rho_final=2.01e+03
BG_FUNC: a=2.97e-06 V=1.47e+00 factor_V=2.45e+58 factor_rho=5.62e-56 rho_eV2=3.58e+58 rho_final=2.01e+03
RIDDER SWITCHING: z_osc = 9530.42, a_osc = 1.049162e-04
DEBUG: Ridder field ENABLED. Lambda = 1.954326e+00
DEBUG: Ridder field ENABLED. Lambda = 1.954326e+00
BG_FUNC: a=1.03e-14 V=1.42e+00 factor_V=2.45e+58 factor_rho=5.62e-56 rho_eV2=3.47e+58 rho_final=1.95e+03
BG_FUNC: a=3.79e-13 V=1.42e+00 factor_V=2.45e+58 factor_rho=5.62e-56 rho_eV2=3.47e+58 rho_final=1.95e+03
BG_FUNC: a=1.50e-11 V=1.42e+00 factor_V=2.45e+58 factor_rho=5.62e-56 rho_eV2=3.47e+58 rho_final=1.95e+03
BG_FUNC: a=5.96e-10 V=1.42e+00 factor_V=2.45e+58 factor_rho=5.62e-56 rho_eV2=3.47e+58 rho_final=1.95e+03
BG_FUNC: a=2.36e-08 V=1.42e+00 factor_V=2.45e+58 factor_rho=5.62e-56 rho_eV2=3.47e+58 rho_final=1.95e+03
BG_FUNC: a=9.36e-07 V=1.42e+00 factor_V=2.45e+58 factor_rho=5.62e-56 rho_eV2=3.47e+58 rho_final=1.95e+03
BG_FUNC: a=3.69e-05 V=1.39e+00 factor_V=2.45e+58 factor_rho=5.62e-56 rho_eV2=3.43e+58 rho_final=1.93e+03
RIDDER SWITCHING: z_osc = 9457.42, a_osc = 1.057260e-04
DEBUG: Ridder field ENABLED. Lambda = 2.425715e+00
DEBUG: Ridder field ENABLED. Lambda = 2.425715e+00
BG_FUNC: a=1.18e-13 V=3.36e+00 factor_V=2.45e+58 factor_rho=5.62e-56 rho_eV2=8.22e+58 rho_final=4.62e+03
BG_FUNC: a=4.69e-12 V=3.36e+00 factor_V=2.45e+58 factor_rho=5.62e-56 rho_eV2=8.22e+58 rho_final=4.62e+03
BG_FUNC: a=1.86e-10 V=3.36e+00 factor_V=2.45e+58 factor_rho=5.62e-56 rho_eV2=8.22e+58 rho_final=4.62e+03
BG_FUNC: a=7.40e-09 V=3.36e+00 factor_V=2.45e+58 factor_rho=5.62e-56 rho_eV2=8.22e+58 rho_final=4.62e+03
BG_FUNC: a=2.94e-07 V=3.36e+00 factor_V=2.45e+58 factor_rho=5.62e-56 rho_eV2=8.22e+58 rho_final=4.62e+03
BG_FUNC: a=1.17e-05 V=3.36e+00 factor_V=2.45e+58 factor_rho=5.62e-56 rho_eV2=8.22e+58 rho_final=4.62e+03
RIDDER SWITCHING: z_osc = 12013.35, a_osc = 8.323378e-05
DEBUG: Ridder field ENABLED. Lambda = 2.117171e+00
DEBUG: Ridder field ENABLED. Lambda = 2.117171e+00
BG_FUNC: a=4.92e-14 V=1.95e+00 factor_V=2.45e+58 factor_rho=5.62e-56 rho_eV2=4.77e+58 rho_final=2.68e+03
BG_FUNC: a=1.89e-12 V=1.95e+00 factor_V=2.45e+58 factor_rho=5.62e-56 rho_eV2=4.77e+58 rho_final=2.68e+03
BG_FUNC: a=7.50e-11 V=1.95e+00 factor_V=2.45e+58 factor_rho=5.62e-56 rho_eV2=4.77e+58 rho_final=2.68e+03
BG_FUNC: a=2.98e-09 V=1.95e+00 factor_V=2.45e+58 factor_rho=5.62e-56 rho_eV2=4.77e+58 rho_final=2.68e+03
BG_FUNC: a=1.20e-07 V=1.95e+00 factor_V=2.45e+58 factor_rho=5.62e-56 rho_eV2=4.77e+58 rho_final=2.68e+03
BG_FUNC: a=4.72e-06 V=1.95e+00 factor_V=2.45e+58 factor_rho=5.62e-56 rho_eV2=4.77e+58 rho_final=2.68e+03
RIDDER SWITCHING: z_osc = 10357.03, a_osc = 9.654349e-05
DEBUG: Ridder field ENABLED. Lambda = 1.744523e+00
DEBUG: Ridder field ENABLED. Lambda = 1.744523e+00
BG_FUNC: a=1.76e-14 V=9.00e-01 factor_V=2.45e+58 factor_rho=5.62e-56 rho_eV2=2.20e+58 rho_final=1.24e+03
BG_FUNC: a=6.59e-13 V=9.00e-01 factor_V=2.45e+58 factor_rho=5.62e-56 rho_eV2=2.20e+58 rho_final=1.24e+03
BG_FUNC: a=2.64e-11 V=9.00e-01 factor_V=2.45e+58 factor_rho=5.62e-56 rho_eV2=2.20e+58 rho_final=1.24e+03
BG_FUNC: a=1.06e-09 V=9.00e-01 factor_V=2.45e+58 factor_rho=5.62e-56 rho_eV2=2.20e+58 rho_final=1.24e+03
BG_FUNC: a=4.26e-08 V=9.00e-01 factor_V=2.45e+58 factor_rho=5.62e-56 rho_eV2=2.20e+58 rho_final=1.24e+03
BG_FUNC: a=1.71e-06 V=9.00e-01 factor_V=2.45e+58 factor_rho=5.62e-56 rho_eV2=2.20e+58 rho_final=1.24e+03
BG_FUNC: a=6.80e-05 V=7.92e-01 factor_V=2.45e+58 factor_rho=5.62e-56 rho_eV2=2.04e+58 rho_final=1.15e+03
RIDDER SWITCHING: z_osc = 8307.14, a_osc = 1.203638e-04
DEBUG: Ridder field ENABLED. Lambda = 1.799799e+00
DEBUG: R[mcmc] Progress @ 2025-12-02 11:19:19 : 6420 steps taken, and 981 accepted.
idder field ENABLED. Lambda = 1.799799e+00
BG_FUNC: a=1.93e-13 V=1.02e+00 factor_V=2.45e+58 factor_rho=5.62e-56 rho_eV2=2.49e+58 rho_final=1.40e+03
BG_FUNC: a=7.66e-12 V=1.02e+00 factor_V=2.45e+58 factor_rho=5.62e-56 rho_eV2=2.49e+58 rho_final=1.40e+03
BG_FUNC: a=3.04e-10 V=1.02e+00 factor_V=2.45e+58 factor_rho=5.62e-56 rho_eV2=2.49e+58 rho_final=1.40e+03
BG_FUNC: a=1.21e-08 V=1.02e+00 factor_V=2.45e+58 factor_rho=5.62e-56 rho_eV2=2.49e+58 rho_final=1.40e+03
BG_FUNC: a=4.79e-07 V=1.02e+00 factor_V=2.45e+58 factor_rho=5.62e-56 rho_eV2=2.49e+58 rho_final=1.40e+03
BG_FUNC: a=1.90e-05 V=1.02e+00 factor_V=2.45e+58 factor_rho=5.62e-56 rho_eV2=2.49e+58 rho_final=1.40e+03
RIDDER SWITCHING: z_osc = 8647.50, a_osc = 1.156269e-04
DEBUG: Ridder field ENABLED. Lambda = 1.787568e+00
DEBUG: Ridder field ENABLED. Lambda = 1.787568e+00
BG_FUNC: a=5.74e-14 V=9.92e-01 factor_V=2.45e+58 factor_rho=5.62e-56 rho_eV2=2.43e+58 rho_final=1.36e+03
BG_FUNC: a=2.20e-12 V=9.92e-01 factor_V=2.45e+58 factor_rho=5.62e-56 rho_eV2=2.43e+58 rho_final=1.36e+03
BG_FUNC: a=8.71e-11 V=9.92e-01 factor_V=2.45e+58 factor_rho=5.62e-56 rho_eV2=2.43e+58 rho_final=1.36e+03
BG_FUNC: a=3.46e-09 V=9.92e-01 factor_V=2.45e+58 factor_rho=5.62e-56 rho_eV2=2.43e+58 rho_final=1.36e+03
BG_FUNC: a=1.37e-07 V=9.92e-01 factor_V=2.45e+58 factor_rho=5.62e-56 rho_eV2=2.43e+58 rho_final=1.36e+03
BG_FUNC: a=5.44e-06 V=9.92e-01 factor_V=2.45e+58 factor_rho=5.62e-56 rho_eV2=2.43e+58 rho_final=1.36e+03
RIDDER SWITCHING: z_osc = 8573.31, a_osc = 1.166274e-04
DEBUG: Ridder field ENABLED. Lambda = 1.592714e+00
DEBUG: Ridder field ENABLED. Lambda = 1.592714e+00
BG_FUNC: a=1.67e-14 V=6.25e-01 factor_V=2.45e+58 factor_rho=5.62e-56 rho_eV2=1.53e+58 rho_final=8.59e+02
BG_FUNC: a=6.24e-13 V=6.25e-01 factor_V=2.45e+58 factor_rho=5.62e-56 rho_eV2=1.53e+58 rho_final=8.59e+02
BG_FUNC: a=2.47e-11 V=6.25e-01 factor_V=2.45e+58 factor_rho=5.62e-56 rho_eV2=1.53e+58 rho_final=8.59e+02
BG_FUNC: a=9.79e-10 V=6.25e-01 factor_V=2.45e+58 factor_rho=5.62e-56 rho_eV2=1.53e+58 rho_final=8.59e+02
BG_FUNC: a=3.88e-08 V=6.25e-01 factor_V=2.45e+58 factor_rho=5.62e-56 rho_eV2=1.53e+58 rho_final=8.59e+02
BG_FUNC: a=1.55e-06 V=6.25e-01 factor_V=2.45e+58 factor_rho=5.62e-56 rho_eV2=1.53e+58 rho_final=8.59e+02
BG_FUNC: a=6.06e-05 V=5.90e-01 factor_V=2.45e+58 factor_rho=5.62e-56 rho_eV2=1.48e+58 rho_final=8.30e+02
RIDDER SWITCHING: z_osc = 7579.81, a_osc = 1.319120e-04
DEBUG: Ridder field ENABLED. Lambda = 1.734015e+00
DEBUG: Ridder field ENABLED. Lambda = 1.734015e+00
BG_FUNC: a=1.56e-13 V=8.78e-01 factor_V=2.45e+58 factor_rho=5.62e-56 rho_eV2=2.15e+58 rho_final=1.21e+03
BG_FUNC: a=6.18e-12 V=8.78e-01 factor_V=2.45e+58 factor_rho=5.62e-56 rho_eV2=2.15e+58 rho_final=1.21e+03
BG_FUNC: a=2.45e-10 V=8.78e-01 factor_V=2.45e+58 factor_rho=5.62e-56 rho_eV2=2.15e+58 rho_final=1.21e+03
BG_FUNC: a=9.70e-09 V=8.78e-01 factor_V=2.45e+58 factor_rho=5.62e-56 rho_eV2=2.15e+58 rho_final=1.21e+03
BG_FUNC: a=3.84e-07 V=8.78e-01 factor_V=2.45e+58 factor_rho=5.62e-56 rho_eV2=2.15e+58 rho_final=1.21e+03
BG_FUNC: a=1.52e-05 V=8.78e-01 factor_V=2.45e+58 factor_rho=5.62e-56 rho_eV2=2.15e+58 rho_final=1.21e+03
RIDDER SWITCHING: z_osc = 8293.00, a_osc = 1.205690e-04
DEBUG: Ridder field ENABLED. Lambda = 1.797332e+00
DEBUG: Ridder field ENABLED. Lambda = 1.797332e+00
BG_FUNC: a=4.42e-14 V=1.01e+00 factor_V=2.45e+58 factor_rho=5.62e-56 rho_eV2=2.48e+58 rho_final=1.39e+03
BG_FUNC: a=1.69e-12 V=1.01e+00 factor_V=2.45e+58 factor_rho=5.62e-56 rho_eV2=2.48e+58 rho_final=1.39e+03
BG_FUNC: a=6.73e-11 V=1.01e+00 factor_V=2.45e+58 factor_rho=5.62e-56 rho_eV2=2.48e+58 rho_final=1.39e+03
BG_FUNC: a=2.68e-09 V=1.01e+00 factor_V=2.45e+58 factor_rho=5.62e-56 rho_eV2=2.48e+58 rho_final=1.39e+03
BG_FUNC: a=1.08e-07 V=1.01e+00 factor_V=2.45e+58 factor_rho=5.62e-56 rho_eV2=2.48e+58 rho_final=1.39e+03
BG_FUNC: a=4.26e-06 V=1.01e+00 factor_V=2.45e+58 factor_rho=5.62e-56 rho_eV2=2.48e+58 rho_final=1.39e+03
RIDDER SWITCHING: z_osc = 8648.65, a_osc = 1.156116e-04
DEBUG: Ridder field ENABLED. Lambda = 1.871780e+00
DEBUG: Ridder field ENABLED. Lambda = 1.871780e+00
BG_FUNC:[mcmc] Progress @ 2025-12-02 11:20:22 : 6478 steps taken, and 992 accepted.
 a=1.32e-14 V=1.19e+00 factor_V=2.45e+58 factor_rho=5.62e-56 rho_eV2=2.92e+58 rho_final=1.64e+03
BG_FUNC: a=4.96e-13 V=1.19e+00 factor_V=2.45e+58 factor_rho=5.62e-56 rho_eV2=2.92e+58 rho_final=1.64e+03
BG_FUNC: a=1.98e-11 V=1.19e+00 factor_V=2.45e+58 factor_rho=5.62e-56 rho_eV2=2.92e+58 rho_final=1.64e+03
BG_FUNC: a=7.88e-10 V=1.19e+00 factor_V=2.45e+58 factor_rho=5.62e-56 rho_eV2=2.92e+58 rho_final=1.64e+03
BG_FUNC: a=3.14e-08 V=1.19e+00 factor_V=2.45e+58 factor_rho=5.62e-56 rho_eV2=2.92e+58 rho_final=1.64e+03
BG_FUNC: a=1.25e-06 V=1.19e+00 factor_V=2.45e+58 factor_rho=5.62e-56 rho_eV2=2.92e+58 rho_final=1.64e+03
BG_FUNC: a=4.96e-05 V=1.13e+00 factor_V=2.45e+58 factor_rho=5.62e-56 rho_eV2=2.83e+58 rho_final=1.59e+03
RIDDER SWITCHING: z_osc = 9031.98, a_osc = 1.107055e-04
DEBUG: Ridder field ENABLED. Lambda = 1.854551e+00
DEBUG: Ridder field ENABLED. Lambda = 1.854551e+00
BG_FUNC: a=1.52e-13 V=1.15e+00 factor_V=2.45e+58 factor_rho=5.62e-56 rho_eV2=2.81e+58 rho_final=1.58e+03
BG_FUNC: a=6.06e-12 V=1.15e+00 factor_V=2.45e+58 factor_rho=5.62e-56 rho_eV2=2.81e+58 rho_final=1.58e+03
BG_FUNC: a=2.42e-10 V=1.15e+00 factor_V=2.45e+58 factor_rho=5.62e-56 rho_eV2=2.81e+58 rho_final=1.58e+03
BG_FUNC: a=9.71e-09 V=1.15e+00 factor_V=2.45e+58 factor_rho=5.62e-56 rho_eV2=2.81e+58 rho_final=1.58e+03
BG_FUNC: a=3.84e-07 V=1.15e+00 factor_V=2.45e+58 factor_rho=5.62e-56 rho_eV2=2.81e+58 rho_final=1.58e+03
BG_FUNC: a=1.53e-05 V=1.15e+00 factor_V=2.45e+58 factor_rho=5.62e-56 rho_eV2=2.81e+58 rho_final=1.58e+03
RIDDER SWITCHING: z_osc = 8931.52, a_osc = 1.119505e-04
DEBUG: Ridder field ENABLED. Lambda = 1.743018e+00
DEBUG: Ridder field ENABLED. Lambda = 1.743018e+00
BG_FUNC: a=4.80e-14 V=8.97e-01 factor_V=2.45e+58 factor_rho=5.62e-56 rho_eV2=2.19e+58 rho_final=1.23e+03
BG_FUNC: a=1.83e-12 V=8.97e-01 factor_V=2.45e+58 factor_rho=5.62e-56 rho_eV2=2.19e+58 rho_final=1.23e+03
BG_FUNC: a=7.24e-11 V=8.97e-01 factor_V=2.45e+58 factor_rho=5.62e-56 rho_eV2=2.19e+58 rho_final=1.23e+03
BG_FUNC: a=2.87e-09 V=8.97e-01 factor_V=2.45e+58 factor_rho=5.62e-56 rho_eV2=2.19e+58 rho_final=1.23e+03
BG_FUNC: a=1.14e-07 V=8.97e-01 factor_V=2.45e+58 factor_rho=5.62e-56 rho_eV2=2.19e+58 rho_final=1.23e+03
BG_FUNC: a=4.50e-06 V=8.97e-01 factor_V=2.45e+58 factor_rho=5.62e-56 rho_eV2=2.19e+58 rho_final=1.23e+03
RIDDER SWITCHING: z_osc = 8345.81, a_osc = 1.198063e-04
DEBUG: Ridder field ENABLED. Lambda = 2.124074e+00
DEBUG: Ridder field ENABLED. Lambda = 2.124074e+00
BG_FUNC: a=1.35e-14 V=1.98e+00 factor_V=2.45e+58 factor_rho=5.62e-56 rho_eV2=4.84e+58 rho_final=2.72e+03
BG_FUNC: a=5.04e-13 V=1.98e+00 factor_V=2.45e+58 factor_rho=5.62e-56 rho_eV2=4.84e+58 rho_final=2.72e+03
BG_FUNC: a=2.00e-11 V=1.98e+00 factor_V=2.45e+58 factor_rho=5.62e-56 rho_eV2=4.84e+58 rho_final=2.72e+03
BG_FUNC: a=7.91e-10 V=1.98e+00 factor_V=2.45e+58 factor_rho=5.62e-56 rho_eV2=4.84e+58 rho_final=2.72e+03
BG_FUNC: a=3.14e-08 V=1.98e+00 factor_V=2.45e+58 factor_rho=5.62e-56 rho_eV2=4.84e+58 rho_final=2.72e+03
BG_FUNC: a=1.24e-06 V=1.98e+00 factor_V=2.45e+58 factor_rho=5.62e-56 rho_eV2=4.84e+58 rho_final=2.72e+03
BG_FUNC: a=4.93e-05 V=1.82e+00 factor_V=2.45e+58 factor_rho=5.62e-56 rho_eV2=4.60e+58 rho_final=2.59e+03
RIDDER SWITCHING: z_osc = 10353.99, a_osc = 9.657179e-05
DEBUG: Ridder field ENABLED. Lambda = 1.719560e+00
DEBUG: Ridder field ENABLED. Lambda = 1.719560e+00
BG_FUNC: a=1.73e-13 V=8.49e-01 factor_V=2.45e+58 factor_rho=5.62e-56 rho_eV2=2.08e+58 rho_final=1.17e+03
BG_FUNC: a=6.84e-12 V=8.49e-01 factor_V=2.45e+58 factor_rho=5.62e-56 rho_eV2=2.08e+58 rho_final=1.17e+03
BG_FUNC: a=2.71e-10 V=8.49e-01 factor_V=2.45e+58 factor_rho=5.62e-56 rho_eV2=2.08e+58 rho_final=1.17e+03
BG_FUNC: a=1.07e-08 V=8.49e-01 factor_V=2.45e+58 factor_rho=5.62e-56 rho_eV2=2.08e+58 rho_final=1.17e+03
BG_FUNC: a=4.26e-07 V=8.49e-01 factor_V=2.45e+58 factor_rho=5.62e-56 rho_eV2=2.08e+58 rho_final=1.17e+03
BG_FUNC: a=1.69e-05 V=8.49e-01 factor_V=2.45e+58 factor_rho=5.62e-56 rho_eV2=2.08e+58 rho_final=1.17e+03
RIDDER SWITCHING: z_osc = 8271.14, a_osc = 1.208877e-04
DEBUG: Ridder field ENABLED. Lambda = 1.870572e+00
DEBU[mcmc] Progress @ 2025-12-02 11:21:35 : 6516 steps taken, and 998 accepted.
[mcmc] Reached maximum number of accepted steps allowed (1000). Stopping.
[mcmc] Sampling complete after 1000 accepted steps.
G: Ridder field ENABLED. Lambda = 1.870572e+00
BG_FUNC: a=4.91e-14 V=1.19e+00 factor_V=2.45e+58 factor_rho=5.62e-56 rho_eV2=2.91e+58 rho_final=1.63e+03
BG_FUNC: a=1.88e-12 V=1.19e+00 factor_V=2.45e+58 factor_rho=5.62e-56 rho_eV2=2.91e+58 rho_final=1.63e+03
BG_FUNC: a=7.44e-11 V=1.19e+00 factor_V=2.45e+58 factor_rho=5.62e-56 rho_eV2=2.91e+58 rho_final=1.63e+03
BG_FUNC: a=2.95e-09 V=1.19e+00 factor_V=2.45e+58 factor_rho=5.62e-56 rho_eV2=2.91e+58 rho_final=1.63e+03
BG_FUNC: a=1.17e-07 V=1.19e+00 factor_V=2.45e+58 factor_rho=5.62e-56 rho_eV2=2.91e+58 rho_final=1.63e+03
BG_FUNC: a=4.63e-06 V=1.19e+00 factor_V=2.45e+58 factor_rho=5.62e-56 rho_eV2=2.91e+58 rho_final=1.63e+03
RIDDER SWITCHING: z_osc = 9062.45, a_osc = 1.103332e-04
