[output] Output to be read-from/written-into folder 'chains', with prefix 'tier5_lcdm_shoes'
[output] Found existing info files with the requested output prefix: 'chains/tier5_lcdm_shoes'
[output] Will delete previous products ('force' was requested).
[prior] *WARNING* External prior 'SZ' loaded. Mind that it might not be normalized!
[classy] `classy` module loaded successfully from /home/ridderadmin/.local/lib/python3.10/site-packages/classy
[planck_2018_highl_plik.ttteee] `clipy` module loaded successfully from /home/ridderadmin/Ridder-Field/phase3/packages/code/planck/clipy/clipy
----
clipy_0.15
Checking likelihood '/home/ridderadmin/Ridder-Field/phase3/packages/data/planck_2018/baseline/plc_3.0/hi_l/plik/plik_rd12_HM_v22b_TTTEEE.clik' on test data. got -1172.47 expected -1172.47 (diff 4.00569e-06)
----
[planck_2018_lensing.clik] `clipy` module loaded successfully from /home/ridderadmin/Ridder-Field/phase3/packages/code/planck/clipy/clipy
----
clipy_0.15
Checking likelihood '/home/ridderadmin/Ridder-Field/phase3/packages/data/planck_2018/baseline/plc_3.0/lensing/smicadx12_Dec5_ftl_mv2_ndclpp_p_teb_consext8.clik_lensing' on test data. got -4.42102
----
[bao.sixdf_2011_bao] Initialized.
[bao.sdss_dr12_consensus_bao] Initialized.
[sh0es_h0] Initialized external likelihood.
[mcmc] Getting initial point... (this may take a few seconds)
[mcmc] Initial point: logA:3.044, n_s:0.9649, H0:67.5, omega_b:0.02237, omega_cdm:0.12, tau_reio:0.0544, A_planck:0.9986724, calib_100T:0.9994167, calib_217T:0.9975828, A_cib_217:63.71461, xi_sz_cib:0.06376273, A_sz:3.471457, ksz_norm:0.8964492, gal545_A_100:5.666992, gal545_A_143:9.387752, gal545_A_143_217:15.23445, gal545_A_217:74.73036, ps_A_100_100:283.1703, ps_A_143_143:55.36358, ps_A_143_217:39.72171, ps_A_217_217:92.08787, galf_TE_A_100:0.1139248, galf_TE_A_100_143:0.1544795, galf_TE_A_100_217:0.5973887, galf_TE_A_143:0.223928, galf_TE_A_143_217:0.770911, galf_TE_A_217:1.977501
[model] Measuring speeds... (this may take a few seconds)
[model] Setting measured speeds (per sec): {planck_2018_lowl.TT: 837.0, planck_2018_lowl.EE: 3180.0, planck_2018_highl_plik.TTTEEE: 5.18, planck_2018_lensing.clik: 385.0, bao.sixdf_2011_bao: 1160.0, bao.sdss_dr7_mgs: 2470.0, bao.sdss_dr12_consensus_bao: 1160.0, sh0es_h0: 50600.0, classy: 0.089}
[mcmc] Oversampling with factors:
[mcmc] * 1 : ['H0']
[mcmc] * 1 : ['logA', 'n_s', 'omega_b', 'omega_cdm', 'tau_reio']
[mcmc] * 5 : ['A_planck']
[mcmc] * 5 : ['calib_100T', 'calib_217T', 'A_cib_217', 'xi_sz_cib', 'A_sz', 'ksz_norm', 'gal545_A_100', 'gal545_A_143', 'gal545_A_143_217', 'gal545_A_217', 'ps_A_100_100', 'ps_A_143_143', 'ps_A_143_217', 'ps_A_217_217', 'galf_TE_A_100', 'galf_TE_A_100_143', 'galf_TE_A_100_217', 'galf_TE_A_143', 'galf_TE_A_143_217', 'galf_TE_A_217']
[mcmc] Covariance matrix not present. We will start learning the covariance of the proposal earlier: R-1 = 30 (would be 2 if all params loaded).
[mcmc] Sampling! (NB: no accepted step will be saved until 100 burn-in samples have been obtained)
[mcmc] Progress @ 2025-11-27 00:43:01 : 1 steps taken -- still burning in, 401 accepted steps left.
INPUT_READ: ridder_freeze_phi = 0 _TRUE_=1 (after class_read_flag)
DEBUG: Ridder field DISABLED. Lambda = 0.000000e+00
INPUT_READ: ridder_freeze_phi = 0 _TRUE_=1 (after class_read_flag)
DEBUG: Ridder field DISABLED. Lambda = 0.000000e+00, model_type not set to unified
BACKGROUND_INIT ENTERED: Lambda=0.00e+00
DEBUG BG_INIT ENTRY: model_type=0
DEBUG AFTER CHECKS: model_type=0 has_ridder=0
RIDDER DEBUG (background_init): has_ridder=0, Lambda_EDE_ridder=0.000000e+00, f_axion_ridder=1.000000e+16, theta_i_ridder=2.500000e+00, beta_ridder=0.000000e+00
BG_INIT: entering background_checks
BG_INIT: background_checks OK
DEBUG SHOOTING CHECK: has_ridder=0, model_type=0 (unified=1), use_shooting_EDE=0
BG_INIT: entering background_solve
BACKGROUND_SOLVE ENTERED: has_ridder=0 Lambda=0.00e+00
ABOUT TO INTEGRATE: bi_size=5 has_ridder=0 Lambda=0.00e+00
BG_DERIVS: FIRST CALL at a = 1.000e-14
BG_INIT: background_solve OK
INPUT_READ: ridder_freeze_phi = 0 _TRUE_=1 (after class_read_flag)
DEBUG: Ridder field DISABLED. Lambda = 0.000000e+00
INPUT_READ: ridder_freeze_phi = 0 _TRUE_=1 (after class_read_flag)
DEBUG: Ridder field DISABLED. Lambda = 0.000000e+00, model_type not set to unified
BACKGROUND_INIT ENTERED: Lambda=0.00e+00
DEBUG BG_INIT ENTRY: model_type=0
DEBUG AFTER CHECKS: model_type=0 has_ridder=0
RIDDER DEBUG (background_init): has_ridder=0, Lambda_EDE_ridder=0.000000e+00, f_axion_ridder=1.000000e+16, theta_i_ridder=2.500000e+00, beta_ridder=0.000000e+00
BG_INIT: entering background_checks
BG_INIT: background_checks OK
DEBUG SHOOTING CHECK: has_ridder=0, model_type=0 (unified=1), use_shooting_EDE=0
BG_INIT: entering background_solve
BACKGROUND_SOLVE ENTERED: has_ridder=0 Lambda=0.00e+00
ABOUT TO INTEGRATE: bi_size=5 has_ridder=0 Lambda=0.00e+00
DERIVS_ENTRY: call#=5000 has_ridder=0 Lambda=0.00e+00 a=1.11e-07
BG_INIT: background_solve OK
INPUT_READ: ridder_freeze_phi = 0 _TRUE_=1 (after class_read_flag)
DEBUG: Ridder field DISABLED. Lambda = 0.000000e+00
INPUT_READ: ridder_freeze_phi = 0 _TRUE_=1 (after class_read_flag)
DEBUG: Ridder field DISABLED. Lambda = 0.000000e+00, model_type not set to unified
BACKGROUND_INIT ENTERED: Lambda=0.00e+00
DEBUG BG_INIT ENTRY: model_type=0
DEBUG AFTER CHECKS: model_type=0 has_ridder=0
RIDDER DEBUG (background_init): has_ridder=0, Lambda_EDE_ridder=0.000000e+00, f_axion_ridder=1.000000e+16, theta_i_ridder=2.500000e+00, beta_ridder=0.000000e+00
BG_INIT: entering background_checks
BG_INIT: background_checks OK
DEBUG SHOOTING CHECK: has_ridder=0, model_type=0 (unified=1), use_shooting_EDE=0
BG_INIT: entering background_solve
BACKGROUND_SOLVE ENTERED: has_ridder=0 Lambda=0.00e+00
ABOUT TO INTEGRATE: bi_size=5 has_ridder=0 Lambda=0.00e+00
DERIVS_ENTRY: call#=10000 has_ridder=0 Lambda=0.00e+00 a=1.48e-01
BG_INIT: background_solve OK
INPUT_READ: ridder_freeze_phi = 0 _TRUE_=1 (after class_read_flag)
DEBUG: Ridder field DISABLED. Lambda = 0.000000e+00
INPUT_READ: ridder_freeze_phi = 0 _TRUE_=1 (after class_read_flag)
DEBUG: Ridder field DISABLED. Lambda = 0.000000e+00, model_type not set to unified
BACKGROUND_INIT ENTERED: Lambda=0.00e+00
DEBUG BG_INIT ENTRY: model_type=0
DEBUG AFTER CHECKS: model_type=0 has_ridder=0
RIDDER DEBUG (background_init): has_ridder=0, Lambda_EDE_ridder=0.000000e+00, f_axion_ridder=1.000000e+16, theta_i_ridder=2.500000e+00, beta_ridder=0.000000e+00
BG_INIT: entering background_checks
BG_INIT: background_checks OK
DEBUG SHOOTING CHECK: has_ridder=0, model_type=0 (unified=1), use_shooting_EDE=0
BG_INIT: entering background_solve
BACKGROUND_SOLVE ENTERED: has_ridder=0 Lambda=0.00e+00
ABOUT TO INTEGRATE: bi_size=5 has_ridder=0 Lambda=0.00e+00
BG_INIT: background_solve OK
INPUT_READ: ridder_freeze_phi = 0 _TRUE_=1 (after class_read_flag)
DEBUG: Ridder field DISABLED. Lambda = 0.000000e+00
INPUT_READ: ridder_freeze_phi = 0 _TRUE_=1 (after class_read_flag)
DEBUG: Ridder field DISABLED. Lambda = 0.000000e+00, model_type not set to unified
BACKGROUND_INIT ENTERED: Lambda=0.00e+00
DEBUG BG_INIT ENTRY: model_type=0
DEBUG AFTER CHECKS: model_type=0 has_ridder=0
RIDDER DEBUG (background_init): [mcmc] Progress @ 2025-11-27 00:44:05 : 72 steps taken -- still burning in, 385 accepted steps left.
has_ridder=0, Lambda_EDE_ridder=0.000000e+00, f_axion_ridder=1.000000e+16, theta_i_ridder=2.500000e+00, beta_ridder=0.000000e+00
BG_INIT: entering background_checks
BG_INIT: background_checks OK
DEBUG SHOOTING CHECK: has_ridder=0, model_type=0 (unified=1), use_shooting_EDE=0
BG_INIT: entering background_solve
BACKGROUND_SOLVE ENTERED: has_ridder=0 Lambda=0.00e+00
ABOUT TO INTEGRATE: bi_size=5 has_ridder=0 Lambda=0.00e+00
DERIVS_ENTRY: call#=15000 has_ridder=0 Lambda=0.00e+00 a=1.61e-08
BG_INIT: background_solve OK
INPUT_READ: ridder_freeze_phi = 0 _TRUE_=1 (after class_read_flag)
DEBUG: Ridder field DISABLED. Lambda = 0.000000e+00
INPUT_READ: ridder_freeze_phi = 0 _TRUE_=1 (after class_read_flag)
DEBUG: Ridder field DISABLED. Lambda = 0.000000e+00, model_type not set to unified
BACKGROUND_INIT ENTERED: Lambda=0.00e+00
DEBUG BG_INIT ENTRY: model_type=0
DEBUG AFTER CHECKS: model_type=0 has_ridder=0
RIDDER DEBUG (background_init): has_ridder=0, Lambda_EDE_ridder=0.000000e+00, f_axion_ridder=1.000000e+16, theta_i_ridder=2.500000e+00, beta_ridder=0.000000e+00
BG_INIT: entering background_checks
BG_INIT: background_checks OK
DEBUG SHOOTING CHECK: has_ridder=0, model_type=0 (unified=1), use_shooting_EDE=0
BG_INIT: entering background_solve
BACKGROUND_SOLVE ENTERED: has_ridder=0 Lambda=0.00e+00
ABOUT TO INTEGRATE: bi_size=5 has_ridder=0 Lambda=0.00e+00
DERIVS_ENTRY: call#=20000 has_ridder=0 Lambda=0.00e+00 a=3.28e-03
BG_INIT: background_solve OK
INPUT_READ: ridder_freeze_phi = 0 _TRUE_=1 (after class_read_flag)
DEBUG: Ridder field DISABLED. Lambda = 0.000000e+00
INPUT_READ: ridder_freeze_phi = 0 _TRUE_=1 (after class_read_flag)
DEBUG: Ridder field DISABLED. Lambda = 0.000000e+00, model_type not set to unified
BACKGROUND_INIT ENTERED: Lambda=0.00e+00
DEBUG BG_INIT ENTRY: model_type=0
DEBUG AFTER CHECKS: model_type=0 has_ridder=0
RIDDER DEBUG (background_init): has_ridder=0, Lambda_EDE_ridder=0.000000e+00, f_axion_ridder=1.000000e+16, theta_i_ridder=2.500000e+00, beta_ridder=0.000000e+00
BG_INIT: entering background_checks
BG_INIT: background_checks OK
DEBUG SHOOTING CHECK: has_ridder=0, model_type=0 (unified=1), use_shooting_EDE=0
BG_INIT: entering background_solve
BACKGROUND_SOLVE ENTERED: has_ridder=0 Lambda=0.00e+00
ABOUT TO INTEGRATE: bi_size=5 has_ridder=0 Lambda=0.00e+00
BG_INIT: background_solve OK
INPUT_READ: ridder_freeze_phi = 0 _TRUE_=1 (after class_read_flag)
DEBUG: Ridder field DISABLED. Lambda = 0.000000e+00
INPUT_READ: ridder_freeze_phi = 0 _TRUE_=1 (after class_read_flag)
DEBUG: Ridder field DISABLED. Lambda = 0.000000e+00, model_type not set to unified
BACKGROUND_INIT ENTERED: Lambda=0.00e+00
DEBUG BG_INIT ENTRY: model_type=0
DEBUG AFTER CHECKS: model_type=0 has_ridder=0
RIDDER DEBUG (background_init): has_ridder=0, Lambda_EDE_ridder=0.000000e+00, f_axion_ridder=1.000000e+16, theta_i_ridder=2.500000e+00, beta_ridder=0.000000e+00
BG_INIT: entering background_checks
BG_INIT: background_checks OK
DEBUG SHOOTING CHECK: has_ridder=0, model_type=0 (unified=1), use_shooting_EDE=0
BG_INIT: entering background_solve
BACKGROUND_SOLVE ENTERED: has_ridder=0 Lambda=0.00e+00
ABOUT TO INTEGRATE: bi_size=5 has_ridder=0 Lambda=0.00e+00
DERIVS_ENTRY: call#=25000 has_ridder=0 Lambda=0.00e+00 a=2.46e-09
BG_INIT: background_solve OK
INPUT_READ: ridder_freeze_phi = 0 _TRUE_=1 (after class_read_flag)
DEBUG: Ridder field DISABLED. Lambda = 0.000000e+00
INPUT_READ: ridder_freeze_phi = 0 _TRUE_=1 (after class_read_flag)
DEBUG: Ridder field DISABLED. Lambda = 0.000000e+00, model_type not set to unified
BACKGROUND_INIT ENTERED: Lambda=0.00e+00
DEBUG BG_INIT ENTRY: model_type=0
DEBUG AFTER CHECKS: model_type=0 has_ridder=0
RIDDER DEBUG (background_init): has_ridder=0, Lambda_EDE_ridder=0.000000e+00, f_axion_ridder=1.000000e+16, theta_i_ridder=2.500000e+00, beta_ridder=0.000000e+00
BG_INIT: entering background_checks
BG_INIT: background_checks OK
DEBUG SHOOTING CHECK: has_ridder=0, model_type=0 (unified=1), use_shooting_EDE=0
BG_INIT: entering background_solve
BACKGROUND_SOLVE ENTERED: has_ridder=0 Lambda=0.00e+00
ABOUT TO INTEGRATE: bi_size=[mcmc] Progress @ 2025-11-27 00:45:15 : 126 steps taken -- still burning in, 371 accepted steps left.
5 has_ridder=0 Lambda=0.00e+00
DERIVS_ENTRY: call#=30000 has_ridder=0 Lambda=0.00e+00 a=1.24e-04
BG_INIT: background_solve OK
INPUT_READ: ridder_freeze_phi = 0 _TRUE_=1 (after class_read_flag)
DEBUG: Ridder field DISABLED. Lambda = 0.000000e+00
INPUT_READ: ridder_freeze_phi = 0 _TRUE_=1 (after class_read_flag)
DEBUG: Ridder field DISABLED. Lambda = 0.000000e+00, model_type not set to unified
BACKGROUND_INIT ENTERED: Lambda=0.00e+00
DEBUG BG_INIT ENTRY: model_type=0
DEBUG AFTER CHECKS: model_type=0 has_ridder=0
RIDDER DEBUG (background_init): has_ridder=0, Lambda_EDE_ridder=0.000000e+00, f_axion_ridder=1.000000e+16, theta_i_ridder=2.500000e+00, beta_ridder=0.000000e+00
BG_INIT: entering background_checks
BG_INIT: background_checks OK
DEBUG SHOOTING CHECK: has_ridder=0, model_type=0 (unified=1), use_shooting_EDE=0
BG_INIT: entering background_solve
BACKGROUND_SOLVE ENTERED: has_ridder=0 Lambda=0.00e+00
ABOUT TO INTEGRATE: bi_size=5 has_ridder=0 Lambda=0.00e+00
BG_INIT: background_solve OK
INPUT_READ: ridder_freeze_phi = 0 _TRUE_=1 (after class_read_flag)
DEBUG: Ridder field DISABLED. Lambda = 0.000000e+00
INPUT_READ: ridder_freeze_phi = 0 _TRUE_=1 (after class_read_flag)
DEBUG: Ridder field DISABLED. Lambda = 0.000000e+00, model_type not set to unified
BACKGROUND_INIT ENTERED: Lambda=0.00e+00
DEBUG BG_INIT ENTRY: model_type=0
DEBUG AFTER CHECKS: model_type=0 has_ridder=0
RIDDER DEBUG (background_init): has_ridder=0, Lambda_EDE_ridder=0.000000e+00, f_axion_ridder=1.000000e+16, theta_i_ridder=2.500000e+00, beta_ridder=0.000000e+00
BG_INIT: entering background_checks
BG_INIT: background_checks OK
DEBUG SHOOTING CHECK: has_ridder=0, model_type=0 (unified=1), use_shooting_EDE=0
BG_INIT: entering background_solve
BACKGROUND_SOLVE ENTERED: has_ridder=0 Lambda=0.00e+00
ABOUT TO INTEGRATE: bi_size=5 has_ridder=0 Lambda=0.00e+00
DERIVS_ENTRY: call#=35000 has_ridder=0 Lambda=0.00e+00 a=3.54e-10
BG_INIT: background_solve OK
INPUT_READ: ridder_freeze_phi = 0 _TRUE_=1 (after class_read_flag)
DEBUG: Ridder field DISABLED. Lambda = 0.000000e+00
INPUT_READ: ridder_freeze_phi = 0 _TRUE_=1 (after class_read_flag)
DEBUG: Ridder field DISABLED. Lambda = 0.000000e+00, model_type not set to unified
BACKGROUND_INIT ENTERED: Lambda=0.00e+00
DEBUG BG_INIT ENTRY: model_type=0
DEBUG AFTER CHECKS: model_type=0 has_ridder=0
RIDDER DEBUG (background_init): has_ridder=0, Lambda_EDE_ridder=0.000000e+00, f_axion_ridder=1.000000e+16, theta_i_ridder=2.500000e+00, beta_ridder=0.000000e+00
BG_INIT: entering background_checks
BG_INIT: background_checks OK
DEBUG SHOOTING CHECK: has_ridder=0, model_type=0 (unified=1), use_shooting_EDE=0
BG_INIT: entering background_solve
BACKGROUND_SOLVE ENTERED: has_ridder=0 Lambda=0.00e+00
ABOUT TO INTEGRATE: bi_size=5 has_ridder=0 Lambda=0.00e+00
DERIVS_ENTRY: call#=40000 has_ridder=0 Lambda=0.00e+00 a=1.76e-05
BG_INIT: background_solve OK
INPUT_READ: ridder_freeze_phi = 0 _TRUE_=1 (after class_read_flag)
DEBUG: Ridder field DISABLED. Lambda = 0.000000e+00
INPUT_READ: ridder_freeze_phi = 0 _TRUE_=1 (after class_read_flag)
DEBUG: Ridder field DISABLED. Lambda = 0.000000e+00, model_type not set to unified
BACKGROUND_INIT ENTERED: Lambda=0.00e+00
DEBUG BG_INIT ENTRY: model_type=0
DEBUG AFTER CHECKS: model_type=0 has_ridder=0
RIDDER DEBUG (background_init): has_ridder=0, Lambda_EDE_ridder=0.000000e+00, f_axion_ridder=1.000000e+16, theta_i_ridder=2.500000e+00, beta_ridder=0.000000e+00
BG_INIT: entering background_checks
BG_INIT: background_checks OK
DEBUG SHOOTING CHECK: has_ridder=0, model_type=0 (unified=1), use_shooting_EDE=0
BG_INIT: entering background_solve
BACKGROUND_SOLVE ENTERED: has_ridder=0 Lambda=0.00e+00
ABOUT TO INTEGRATE: bi_size=5 has_ridder=0 Lambda=0.00e+00
BG_INIT: background_solve OK
INPUT_READ: ridder_freeze_phi = 0 _TRUE_=1 (after class_read_flag)
DEBUG: Ridder field DISABLED. Lambda = 0.000000e+00
INPUT_READ: ridder_freeze_phi = 0 _TRUE_=1 (after class_read_flag)
DEBUG: Ridder field DISABLED. Lambda = 0.000000e+00, model_type not set to unified
BACKGROUND_INIT ENTERED: Lambda=0.00e+00
DEBUG BG_INIT ENTRY: mod[mcmc] Progress @ 2025-11-27 00:46:26 : 199 steps taken -- still burning in, 352 accepted steps left.
el_type=0
DEBUG AFTER CHECKS: model_type=0 has_ridder=0
RIDDER DEBUG (background_init): has_ridder=0, Lambda_EDE_ridder=0.000000e+00, f_axion_ridder=1.000000e+16, theta_i_ridder=2.500000e+00, beta_ridder=0.000000e+00
BG_INIT: entering background_checks
BG_INIT: background_checks OK
DEBUG SHOOTING CHECK: has_ridder=0, model_type=0 (unified=1), use_shooting_EDE=0
BG_INIT: entering background_solve
BACKGROUND_SOLVE ENTERED: has_ridder=0 Lambda=0.00e+00
ABOUT TO INTEGRATE: bi_size=5 has_ridder=0 Lambda=0.00e+00
DERIVS_ENTRY: call#=45000 has_ridder=0 Lambda=0.00e+00 a=5.03e-11
BG_INIT: background_solve OK
INPUT_READ: ridder_freeze_phi = 0 _TRUE_=1 (after class_read_flag)
DEBUG: Ridder field DISABLED. Lambda = 0.000000e+00
INPUT_READ: ridder_freeze_phi = 0 _TRUE_=1 (after class_read_flag)
DEBUG: Ridder field DISABLED. Lambda = 0.000000e+00, model_type not set to unified
BACKGROUND_INIT ENTERED: Lambda=0.00e+00
DEBUG BG_INIT ENTRY: model_type=0
DEBUG AFTER CHECKS: model_type=0 has_ridder=0
RIDDER DEBUG (background_init): has_ridder=0, Lambda_EDE_ridder=0.000000e+00, f_axion_ridder=1.000000e+16, theta_i_ridder=2.500000e+00, beta_ridder=0.000000e+00
BG_INIT: entering background_checks
BG_INIT: background_checks OK
DEBUG SHOOTING CHECK: has_ridder=0, model_type=0 (unified=1), use_shooting_EDE=0
BG_INIT: entering background_solve
BACKGROUND_SOLVE ENTERED: has_ridder=0 Lambda=0.00e+00
ABOUT TO INTEGRATE: bi_size=5 has_ridder=0 Lambda=0.00e+00
DERIVS_ENTRY: call#=50000 has_ridder=0 Lambda=0.00e+00 a=2.47e-06
BG_INIT: background_solve OK
INPUT_READ: ridder_freeze_phi = 0 _TRUE_=1 (after class_read_flag)
DEBUG: Ridder field DISABLED. Lambda = 0.000000e+00
INPUT_READ: ridder_freeze_phi = 0 _TRUE_=1 (after class_read_flag)
DEBUG: Ridder field DISABLED. Lambda = 0.000000e+00, model_type not set to unified
BACKGROUND_INIT ENTERED: Lambda=0.00e+00
DEBUG BG_INIT ENTRY: model_type=0
DEBUG AFTER CHECKS: model_type=0 has_ridder=0
RIDDER DEBUG (background_init): has_ridder=0, Lambda_EDE_ridder=0.000000e+00, f_axion_ridder=1.000000e+16, theta_i_ridder=2.500000e+00, beta_ridder=0.000000e+00
BG_INIT: entering background_checks
BG_INIT: background_checks OK
DEBUG SHOOTING CHECK: has_ridder=0, model_type=0 (unified=1), use_shooting_EDE=0
BG_INIT: entering background_solve
BACKGROUND_SOLVE ENTERED: has_ridder=0 Lambda=0.00e+00
ABOUT TO INTEGRATE: bi_size=5 has_ridder=0 Lambda=0.00e+00
BG_INIT: background_solve OK
INPUT_READ: ridder_freeze_phi = 0 _TRUE_=1 (after class_read_flag)
DEBUG: Ridder field DISABLED. Lambda = 0.000000e+00
INPUT_READ: ridder_freeze_phi = 0 _TRUE_=1 (after class_read_flag)
DEBUG: Ridder field DISABLED. Lambda = 0.000000e+00, model_type not set to unified
BACKGROUND_INIT ENTERED: Lambda=0.00e+00
DEBUG BG_INIT ENTRY: model_type=0
DEBUG AFTER CHECKS: model_type=0 has_ridder=0
RIDDER DEBUG (background_init): has_ridder=0, Lambda_EDE_ridder=0.000000e+00, f_axion_ridder=1.000000e+16, theta_i_ridder=2.500000e+00, beta_ridder=0.000000e+00
BG_INIT: entering background_checks
BG_INIT: background_checks OK
DEBUG SHOOTING CHECK: has_ridder=0, model_type=0 (unified=1), use_shooting_EDE=0
BG_INIT: entering background_solve
BACKGROUND_SOLVE ENTERED: has_ridder=0 Lambda=0.00e+00
ABOUT TO INTEGRATE: bi_size=5 has_ridder=0 Lambda=0.00e+00
DERIVS_ENTRY: call#=55000 has_ridder=0 Lambda=0.00e+00 a=1.39e-13
BG_INIT: background_solve OK
INPUT_READ: ridder_freeze_phi = 0 _TRUE_=1 (after class_read_flag)
DEBUG: Ridder field DISABLED. Lambda = 0.000000e+00
INPUT_READ: ridder_freeze_phi = 0 _TRUE_=1 (after class_read_flag)
DEBUG: Ridder field DISABLED. Lambda = 0.000000e+00, model_type not set to unified
BACKGROUND_INIT ENTERED: Lambda=0.00e+00
DEBUG BG_INIT ENTRY: model_type=0
DEBUG AFTER CHECKS: model_type=0 has_ridder=0
RIDDER DEBUG (background_init): has_ridder=0, Lambda_EDE_ridder=0.000000e+00, f_axion_ridder=1.000000e+16, theta_i_ridder=2.500000e+00, beta_ridder=0.000000e+00
BG_INIT: entering background_checks
BG_INIT: background_checks OK
DEBUG SHOOTING CHECK: has_ridder=0, model_type=0 (unified=1), use_shooting_EDE=0
BG_INIT: entering background_s[mcmc] Progress @ 2025-11-27 00:47:39 : 304 steps taken -- still burning in, 329 accepted steps left.
olve
BACKGROUND_SOLVE ENTERED: has_ridder=0 Lambda=0.00e+00
ABOUT TO INTEGRATE: bi_size=5 has_ridder=0 Lambda=0.00e+00
DERIVS_ENTRY: call#=60000 has_ridder=0 Lambda=0.00e+00 a=3.76e-07
BG_INIT: background_solve OK
INPUT_READ: ridder_freeze_phi = 0 _TRUE_=1 (after class_read_flag)
DEBUG: Ridder field DISABLED. Lambda = 0.000000e+00
INPUT_READ: ridder_freeze_phi = 0 _TRUE_=1 (after class_read_flag)
DEBUG: Ridder field DISABLED. Lambda = 0.000000e+00, model_type not set to unified
BACKGROUND_INIT ENTERED: Lambda=0.00e+00
DEBUG BG_INIT ENTRY: model_type=0
DEBUG AFTER CHECKS: model_type=0 has_ridder=0
RIDDER DEBUG (background_init): has_ridder=0, Lambda_EDE_ridder=0.000000e+00, f_axion_ridder=1.000000e+16, theta_i_ridder=2.500000e+00, beta_ridder=0.000000e+00
BG_INIT: entering background_checks
BG_INIT: background_checks OK
DEBUG SHOOTING CHECK: has_ridder=0, model_type=0 (unified=1), use_shooting_EDE=0
BG_INIT: entering background_solve
BACKGROUND_SOLVE ENTERED: has_ridder=0 Lambda=0.00e+00
ABOUT TO INTEGRATE: bi_size=5 has_ridder=0 Lambda=0.00e+00
DERIVS_ENTRY: call#=65000 has_ridder=0 Lambda=0.00e+00 a=5.69e-01
BG_INIT: background_solve OK
INPUT_READ: ridder_freeze_phi = 0 _TRUE_=1 (after class_read_flag)
DEBUG: Ridder field DISABLED. Lambda = 0.000000e+00
INPUT_READ: ridder_freeze_phi = 0 _TRUE_=1 (after class_read_flag)
DEBUG: Ridder field DISABLED. Lambda = 0.000000e+00, model_type not set to unified
BACKGROUND_INIT ENTERED: Lambda=0.00e+00
DEBUG BG_INIT ENTRY: model_type=0
DEBUG AFTER CHECKS: model_type=0 has_ridder=0
RIDDER DEBUG (background_init): has_ridder=0, Lambda_EDE_ridder=0.000000e+00, f_axion_ridder=1.000000e+16, theta_i_ridder=2.500000e+00, beta_ridder=0.000000e+00
BG_INIT: entering background_checks
BG_INIT: background_checks OK
DEBUG SHOOTING CHECK: has_ridder=0, model_type=0 (unified=1), use_shooting_EDE=0
BG_INIT: entering background_solve
BACKGROUND_SOLVE ENTERED: has_ridder=0 Lambda=0.00e+00
ABOUT TO INTEGRATE: bi_size=5 has_ridder=0 Lambda=0.00e+00
BG_INIT: background_solve OK
INPUT_READ: ridder_freeze_phi = 0 _TRUE_=1 (after class_read_flag)
DEBUG: Ridder field DISABLED. Lambda = 0.000000e+00
INPUT_READ: ridder_freeze_phi = 0 _TRUE_=1 (after class_read_flag)
DEBUG: Ridder field DISABLED. Lambda = 0.000000e+00, model_type not set to unified
BACKGROUND_INIT ENTERED: Lambda=0.00e+00
DEBUG BG_INIT ENTRY: model_type=0
DEBUG AFTER CHECKS: model_type=0 has_ridder=0
RIDDER DEBUG (background_init): has_ridder=0, Lambda_EDE_ridder=0.000000e+00, f_axion_ridder=1.000000e+16, theta_i_ridder=2.500000e+00, beta_ridder=0.000000e+00
BG_INIT: entering background_checks
BG_INIT: background_checks OK
DEBUG SHOOTING CHECK: has_ridder=0, model_type=0 (unified=1), use_shooting_EDE=0
BG_INIT: entering background_solve
BACKGROUND_SOLVE ENTERED: has_ridder=0 Lambda=0.00e+00
ABOUT TO INTEGRATE: bi_size=5 has_ridder=0 Lambda=0.00e+00
DERIVS_ENTRY: call#=70000 has_ridder=0 Lambda=0.00e+00 a=5.48e-08
BG_INIT: background_solve OK
INPUT_READ: ridder_freeze_phi = 0 _TRUE_=1 (after class_read_flag)
DEBUG: Ridder field DISABLED. Lambda = 0.000000e+00
INPUT_READ: ridder_freeze_phi = 0 _TRUE_=1 (after class_read_flag)
DEBUG: Ridder field DISABLED. Lambda = 0.000000e+00, model_type not set to unified
BACKGROUND_INIT ENTERED: Lambda=0.00e+00
DEBUG BG_INIT ENTRY: model_type=0
DEBUG AFTER CHECKS: model_type=0 has_ridder=0
RIDDER DEBUG (background_init): has_ridder=0, Lambda_EDE_ridder=0.000000e+00, f_axion_ridder=1.000000e+16, theta_i_ridder=2.500000e+00, beta_ridder=0.000000e+00
BG_INIT: entering background_checks
BG_INIT: background_checks OK
DEBUG SHOOTING CHECK: has_ridder=0, model_type=0 (unified=1), use_shooting_EDE=0
BG_INIT: entering background_solve
BACKGROUND_SOLVE ENTERED: has_ridder=0 Lambda=0.00e+00
ABOUT TO INTEGRATE: bi_size=5 has_ridder=0 Lambda=0.00e+00
DERIVS_ENTRY: call#=75000 has_ridder=0 Lambda=0.00e+00 a=4.26e-02
BG_INIT: background_solve OK
INPUT_READ: ridder_freeze_phi = 0 _TRUE_=1 (after class_read_flag)
DEBUG: Ridder field DISABLED. Lambda = 0.000000e+00
INPUT_READ: ridder_freeze_phi = 0 _TRUE_=1 (after class_read_[mcmc] Progress @ 2025-11-27 00:48:39 : 384 steps taken -- still burning in, 323 accepted steps left.
flag)
DEBUG: Ridder field DISABLED. Lambda = 0.000000e+00, model_type not set to unified
BACKGROUND_INIT ENTERED: Lambda=0.00e+00
DEBUG BG_INIT ENTRY: model_type=0
DEBUG AFTER CHECKS: model_type=0 has_ridder=0
RIDDER DEBUG (background_init): has_ridder=0, Lambda_EDE_ridder=0.000000e+00, f_axion_ridder=1.000000e+16, theta_i_ridder=2.500000e+00, beta_ridder=0.000000e+00
BG_INIT: entering background_checks
BG_INIT: background_checks OK
DEBUG SHOOTING CHECK: has_ridder=0, model_type=0 (unified=1), use_shooting_EDE=0
BG_INIT: entering background_solve
BACKGROUND_SOLVE ENTERED: has_ridder=0 Lambda=0.00e+00
ABOUT TO INTEGRATE: bi_size=5 has_ridder=0 Lambda=0.00e+00
BG_INIT: background_solve OK
INPUT_READ: ridder_freeze_phi = 0 _TRUE_=1 (after class_read_flag)
DEBUG: Ridder field DISABLED. Lambda = 0.000000e+00
INPUT_READ: ridder_freeze_phi = 0 _TRUE_=1 (after class_read_flag)
DEBUG: Ridder field DISABLED. Lambda = 0.000000e+00, model_type not set to unified
BACKGROUND_INIT ENTERED: Lambda=0.00e+00
DEBUG BG_INIT ENTRY: model_type=0
DEBUG AFTER CHECKS: model_type=0 has_ridder=0
RIDDER DEBUG (background_init): has_ridder=0, Lambda_EDE_ridder=0.000000e+00, f_axion_ridder=1.000000e+16, theta_i_ridder=2.500000e+00, beta_ridder=0.000000e+00
BG_INIT: entering background_checks
BG_INIT: background_checks OK
DEBUG SHOOTING CHECK: has_ridder=0, model_type=0 (unified=1), use_shooting_EDE=0
BG_INIT: entering background_solve
BACKGROUND_SOLVE ENTERED: has_ridder=0 Lambda=0.00e+00
ABOUT TO INTEGRATE: bi_size=5 has_ridder=0 Lambda=0.00e+00
DERIVS_ENTRY: call#=80000 has_ridder=0 Lambda=0.00e+00 a=8.23e-09
BG_INIT: background_solve OK
INPUT_READ: ridder_freeze_phi = 0 _TRUE_=1 (after class_read_flag)
DEBUG: Ridder field DISABLED. Lambda = 0.000000e+00
INPUT_READ: ridder_freeze_phi = 0 _TRUE_=1 (after class_read_flag)
DEBUG: Ridder field DISABLED. Lambda = 0.000000e+00, model_type not set to unified
BACKGROUND_INIT ENTERED: Lambda=0.00e+00
DEBUG BG_INIT ENTRY: model_type=0
DEBUG AFTER CHECKS: model_type=0 has_ridder=0
RIDDER DEBUG (background_init): has_ridder=0, Lambda_EDE_ridder=0.000000e+00, f_axion_ridder=1.000000e+16, theta_i_ridder=2.500000e+00, beta_ridder=0.000000e+00
BG_INIT: entering background_checks
BG_INIT: background_checks OK
DEBUG SHOOTING CHECK: has_ridder=0, model_type=0 (unified=1), use_shooting_EDE=0
BG_INIT: entering background_solve
BACKGROUND_SOLVE ENTERED: has_ridder=0 Lambda=0.00e+00
ABOUT TO INTEGRATE: bi_size=5 has_ridder=0 Lambda=0.00e+00
DERIVS_ENTRY: call#=85000 has_ridder=0 Lambda=0.00e+00 a=8.09e-04
BG_INIT: background_solve OK
INPUT_READ: ridder_freeze_phi = 0 _TRUE_=1 (after class_read_flag)
DEBUG: Ridder field DISABLED. Lambda = 0.000000e+00
INPUT_READ: ridder_freeze_phi = 0 _TRUE_=1 (after class_read_flag)
DEBUG: Ridder field DISABLED. Lambda = 0.000000e+00, model_type not set to unified
BACKGROUND_INIT ENTERED: Lambda=0.00e+00
DEBUG BG_INIT ENTRY: model_type=0
DEBUG AFTER CHECKS: model_type=0 has_ridder=0
RIDDER DEBUG (background_init): has_ridder=0, Lambda_EDE_ridder=0.000000e+00, f_axion_ridder=1.000000e+16, theta_i_ridder=2.500000e+00, beta_ridder=0.000000e+00
BG_INIT: entering background_checks
BG_INIT: background_checks OK
DEBUG SHOOTING CHECK: has_ridder=0, model_type=0 (unified=1), use_shooting_EDE=0
BG_INIT: entering background_solve
BACKGROUND_SOLVE ENTERED: has_ridder=0 Lambda=0.00e+00
ABOUT TO INTEGRATE: bi_size=5 has_ridder=0 Lambda=0.00e+00
BG_INIT: background_solve OK
INPUT_READ: ridder_freeze_phi = 0 _TRUE_=1 (after class_read_flag)
DEBUG: Ridder field DISABLED. Lambda = 0.000000e+00
INPUT_READ: ridder_freeze_phi = 0 _TRUE_=1 (after class_read_flag)
DEBUG: Ridder field DISABLED. Lambda = 0.000000e+00, model_type not set to unified
BACKGROUND_INIT ENTERED: Lambda=0.00e+00
DEBUG BG_INIT ENTRY: model_type=0
DEBUG AFTER CHECKS: model_type=0 has_ridder=0
RIDDER DEBUG (background_init): has_ridder=0, Lambda_EDE_ridder=0.000000e+00, f_axion_ridder=1.000000e+16, theta_i_ridder=2.500000e+00, beta_ridder=0.000000e+00
BG_INIT: entering background_checks
BG_INIT: background_checks OK
DEBUG SHOOTING CHECK: h[mcmc] Progress @ 2025-11-27 00:49:39 : 454 steps taken -- still burning in, 311 accepted steps left.
as_ridder=0, model_type=0 (unified=1), use_shooting_EDE=0
BG_INIT: entering background_solve
BACKGROUND_SOLVE ENTERED: has_ridder=0 Lambda=0.00e+00
ABOUT TO INTEGRATE: bi_size=5 has_ridder=0 Lambda=0.00e+00
DERIVS_ENTRY: call#=90000 has_ridder=0 Lambda=0.00e+00 a=1.24e-09
BG_INIT: background_solve OK
INPUT_READ: ridder_freeze_phi = 0 _TRUE_=1 (after class_read_flag)
DEBUG: Ridder field DISABLED. Lambda = 0.000000e+00
INPUT_READ: ridder_freeze_phi = 0 _TRUE_=1 (after class_read_flag)
DEBUG: Ridder field DISABLED. Lambda = 0.000000e+00, model_type not set to unified
BACKGROUND_INIT ENTERED: Lambda=0.00e+00
DEBUG BG_INIT ENTRY: model_type=0
DEBUG AFTER CHECKS: model_type=0 has_ridder=0
RIDDER DEBUG (background_init): has_ridder=0, Lambda_EDE_ridder=0.000000e+00, f_axion_ridder=1.000000e+16, theta_i_ridder=2.500000e+00, beta_ridder=0.000000e+00
BG_INIT: entering background_checks
BG_INIT: background_checks OK
DEBUG SHOOTING CHECK: has_ridder=0, model_type=0 (unified=1), use_shooting_EDE=0
BG_INIT: entering background_solve
BACKGROUND_SOLVE ENTERED: has_ridder=0 Lambda=0.00e+00
ABOUT TO INTEGRATE: bi_size=5 has_ridder=0 Lambda=0.00e+00
DERIVS_ENTRY: call#=95000 has_ridder=0 Lambda=0.00e+00 a=6.15e-05
BG_INIT: background_solve OK
INPUT_READ: ridder_freeze_phi = 0 _TRUE_=1 (after class_read_flag)
DEBUG: Ridder field DISABLED. Lambda = 0.000000e+00
INPUT_READ: ridder_freeze_phi = 0 _TRUE_=1 (after class_read_flag)
DEBUG: Ridder field DISABLED. Lambda = 0.000000e+00, model_type not set to unified
BACKGROUND_INIT ENTERED: Lambda=0.00e+00
DEBUG BG_INIT ENTRY: model_type=0
DEBUG AFTER CHECKS: model_type=0 has_ridder=0
RIDDER DEBUG (background_init): has_ridder=0, Lambda_EDE_ridder=0.000000e+00, f_axion_ridder=1.000000e+16, theta_i_ridder=2.500000e+00, beta_ridder=0.000000e+00
BG_INIT: entering background_checks
BG_INIT: background_checks OK
DEBUG SHOOTING CHECK: has_ridder=0, model_type=0 (unified=1), use_shooting_EDE=0
BG_INIT: entering background_solve
BACKGROUND_SOLVE ENTERED: has_ridder=0 Lambda=0.00e+00
ABOUT TO INTEGRATE: bi_size=5 has_ridder=0 Lambda=0.00e+00
BG_INIT: background_solve OK
INPUT_READ: ridder_freeze_phi = 0 _TRUE_=1 (after class_read_flag)
DEBUG: Ridder field DISABLED. Lambda = 0.000000e+00
INPUT_READ: ridder_freeze_phi = 0 _TRUE_=1 (after class_read_flag)
DEBUG: Ridder field DISABLED. Lambda = 0.000000e+00, model_type not set to unified
BACKGROUND_INIT ENTERED: Lambda=0.00e+00
DEBUG BG_INIT ENTRY: model_type=0
DEBUG AFTER CHECKS: model_type=0 has_ridder=0
RIDDER DEBUG (background_init): has_ridder=0, Lambda_EDE_ridder=0.000000e+00, f_axion_ridder=1.000000e+16, theta_i_ridder=2.500000e+00, beta_ridder=0.000000e+00
BG_INIT: entering background_checks
BG_INIT: background_checks OK
DEBUG SHOOTING CHECK: has_ridder=0, model_type=0 (unified=1), use_shooting_EDE=0
BG_INIT: entering background_solve
BACKGROUND_SOLVE ENTERED: has_ridder=0 Lambda=0.00e+00
ABOUT TO INTEGRATE: bi_size=5 has_ridder=0 Lambda=0.00e+00
DERIVS_ENTRY: call#=100000 has_ridder=0 Lambda=0.00e+00 a=1.76e-10
BG_INIT: background_solve OK
INPUT_READ: ridder_freeze_phi = 0 _TRUE_=1 (after class_read_flag)
DEBUG: Ridder field DISABLED. Lambda = 0.000000e+00
INPUT_READ: ridder_freeze_phi = 0 _TRUE_=1 (after class_read_flag)
DEBUG: Ridder field DISABLED. Lambda = 0.000000e+00, model_type not set to unified
BACKGROUND_INIT ENTERED: Lambda=0.00e+00
DEBUG BG_INIT ENTRY: model_type=0
DEBUG AFTER CHECKS: model_type=0 has_ridder=0
RIDDER DEBUG (background_init): has_ridder=0, Lambda_EDE_ridder=0.000000e+00, f_axion_ridder=1.000000e+16, theta_i_ridder=2.500000e+00, beta_ridder=0.000000e+00
BG_INIT: entering background_checks
BG_INIT: background_checks OK
DEBUG SHOOTING CHECK: has_ridder=0, model_type=0 (unified=1), use_shooting_EDE=0
BG_INIT: entering background_solve
BACKGROUND_SOLVE ENTERED: has_ridder=0 Lambda=0.00e+00
ABOUT TO INTEGRATE: bi_size=5 has_ridder=0 Lambda=0.00e+00
DERIVS_ENTRY: call#=105000 has_ridder=0 Lambda=0.00e+00 a=9.10e-06
BG_INIT: background_solve OK
INPUT_READ: ridder_freeze_phi = 0 _TRUE_=1 (after class_read_flag)
DEBUG: Ridder field DIS[mcmc] Progress @ 2025-11-27 00:50:40 : 493 steps taken -- still burning in, 303 accepted steps left.
ABLED. Lambda = 0.000000e+00
INPUT_READ: ridder_freeze_phi = 0 _TRUE_=1 (after class_read_flag)
DEBUG: Ridder field DISABLED. Lambda = 0.000000e+00, model_type not set to unified
BACKGROUND_INIT ENTERED: Lambda=0.00e+00
DEBUG BG_INIT ENTRY: model_type=0
DEBUG AFTER CHECKS: model_type=0 has_ridder=0
RIDDER DEBUG (background_init): has_ridder=0, Lambda_EDE_ridder=0.000000e+00, f_axion_ridder=1.000000e+16, theta_i_ridder=2.500000e+00, beta_ridder=0.000000e+00
BG_INIT: entering background_checks
BG_INIT: background_checks OK
DEBUG SHOOTING CHECK: has_ridder=0, model_type=0 (unified=1), use_shooting_EDE=0
BG_INIT: entering background_solve
BACKGROUND_SOLVE ENTERED: has_ridder=0 Lambda=0.00e+00
ABOUT TO INTEGRATE: bi_size=5 has_ridder=0 Lambda=0.00e+00
BG_INIT: background_solve OK
INPUT_READ: ridder_freeze_phi = 0 _TRUE_=1 (after class_read_flag)
DEBUG: Ridder field DISABLED. Lambda = 0.000000e+00
INPUT_READ: ridder_freeze_phi = 0 _TRUE_=1 (after class_read_flag)
DEBUG: Ridder field DISABLED. Lambda = 0.000000e+00, model_type not set to unified
BACKGROUND_INIT ENTERED: Lambda=0.00e+00
DEBUG BG_INIT ENTRY: model_type=0
DEBUG AFTER CHECKS: model_type=0 has_ridder=0
RIDDER DEBUG (background_init): has_ridder=0, Lambda_EDE_ridder=0.000000e+00, f_axion_ridder=1.000000e+16, theta_i_ridder=2.500000e+00, beta_ridder=0.000000e+00
BG_INIT: entering background_checks
BG_INIT: background_checks OK
DEBUG SHOOTING CHECK: has_ridder=0, model_type=0 (unified=1), use_shooting_EDE=0
BG_INIT: entering background_solve
BACKGROUND_SOLVE ENTERED: has_ridder=0 Lambda=0.00e+00
ABOUT TO INTEGRATE: bi_size=5 has_ridder=0 Lambda=0.00e+00
DERIVS_ENTRY: call#=110000 has_ridder=0 Lambda=0.00e+00 a=1.05e-11
BG_INIT: background_solve OK
INPUT_READ: ridder_freeze_phi = 0 _TRUE_=1 (after class_read_flag)
DEBUG: Ridder field DISABLED. Lambda = 0.000000e+00
INPUT_READ: ridder_freeze_phi = 0 _TRUE_=1 (after class_read_flag)
DEBUG: Ridder field DISABLED. Lambda = 0.000000e+00, model_type not set to unified
BACKGROUND_INIT ENTERED: Lambda=0.00e+00
DEBUG BG_INIT ENTRY: model_type=0
DEBUG AFTER CHECKS: model_type=0 has_ridder=0
RIDDER DEBUG (background_init): has_ridder=0, Lambda_EDE_ridder=0.000000e+00, f_axion_ridder=1.000000e+16, theta_i_ridder=2.500000e+00, beta_ridder=0.000000e+00
BG_INIT: entering background_checks
BG_INIT: background_checks OK
DEBUG SHOOTING CHECK: has_ridder=0, model_type=0 (unified=1), use_shooting_EDE=0
BG_INIT: entering background_solve
BACKGROUND_SOLVE ENTERED: has_ridder=0 Lambda=0.00e+00
ABOUT TO INTEGRATE: bi_size=5 has_ridder=0 Lambda=0.00e+00
DERIVS_ENTRY: call#=115000 has_ridder=0 Lambda=0.00e+00 a=1.33e-06
BG_INIT: background_solve OK
INPUT_READ: ridder_freeze_phi = 0 _TRUE_=1 (after class_read_flag)
DEBUG: Ridder field DISABLED. Lambda = 0.000000e+00
INPUT_READ: ridder_freeze_phi = 0 _TRUE_=1 (after class_read_flag)
DEBUG: Ridder field DISABLED. Lambda = 0.000000e+00, model_type not set to unified
BACKGROUND_INIT ENTERED: Lambda=0.00e+00
DEBUG BG_INIT ENTRY: model_type=0
DEBUG AFTER CHECKS: model_type=0 has_ridder=0
RIDDER DEBUG (background_init): has_ridder=0, Lambda_EDE_ridder=0.000000e+00, f_axion_ridder=1.000000e+16, theta_i_ridder=2.500000e+00, beta_ridder=0.000000e+00
BG_INIT: entering background_checks
BG_INIT: background_checks OK
DEBUG SHOOTING CHECK: has_ridder=0, model_type=0 (unified=1), use_shooting_EDE=0
BG_INIT: entering background_solve
BACKGROUND_SOLVE ENTERED: has_ridder=0 Lambda=0.00e+00
ABOUT TO INTEGRATE: bi_size=5 has_ridder=0 Lambda=0.00e+00
BG_INIT: background_solve OK
INPUT_READ: ridder_freeze_phi = 0 _TRUE_=1 (after class_read_flag)
DEBUG: Ridder field DISABLED. Lambda = 0.000000e+00
INPUT_READ: ridder_freeze_phi = 0 _TRUE_=1 (after class_read_flag)
DEBUG: Ridder field DISABLED. Lambda = 0.000000e+00, model_type not set to unified
BACKGROUND_INIT ENTERED: Lambda=0.00e+00
DEBUG BG_INIT ENTRY: model_type=0
DEBUG AFTER CHECKS: model_type=0 has_ridder=0
RIDDER DEBUG (background_init): has_ridder=0, Lambda_EDE_ridder=0.000000e+00, f_axion_ridder=1.000000e+16, theta_i_ridder=2.500000e+00, beta_ridder=0.000000e+[mcmc] Progress @ 2025-11-27 00:51:40 : 588 steps taken -- still burning in, 279 accepted steps left.
00
BG_INIT: entering background_checks
BG_INIT: background_checks OK
DEBUG SHOOTING CHECK: has_ridder=0, model_type=0 (unified=1), use_shooting_EDE=0
BG_INIT: entering background_solve
BACKGROUND_SOLVE ENTERED: has_ridder=0 Lambda=0.00e+00
ABOUT TO INTEGRATE: bi_size=5 has_ridder=0 Lambda=0.00e+00
DERIVS_ENTRY: call#=120000 has_ridder=0 Lambda=0.00e+00 a=1.68e-14
BG_INIT: background_solve OK
INPUT_READ: ridder_freeze_phi = 0 _TRUE_=1 (after class_read_flag)
DEBUG: Ridder field DISABLED. Lambda = 0.000000e+00
INPUT_READ: ridder_freeze_phi = 0 _TRUE_=1 (after class_read_flag)
DEBUG: Ridder field DISABLED. Lambda = 0.000000e+00, model_type not set to unified
BACKGROUND_INIT ENTERED: Lambda=0.00e+00
DEBUG BG_INIT ENTRY: model_type=0
DEBUG AFTER CHECKS: model_type=0 has_ridder=0
RIDDER DEBUG (background_init): has_ridder=0, Lambda_EDE_ridder=0.000000e+00, f_axion_ridder=1.000000e+16, theta_i_ridder=2.500000e+00, beta_ridder=0.000000e+00
BG_INIT: entering background_checks
BG_INIT: background_checks OK
DEBUG SHOOTING CHECK: has_ridder=0, model_type=0 (unified=1), use_shooting_EDE=0
BG_INIT: entering background_solve
BACKGROUND_SOLVE ENTERED: has_ridder=0 Lambda=0.00e+00
ABOUT TO INTEGRATE: bi_size=5 has_ridder=0 Lambda=0.00e+00
DERIVS_ENTRY: call#=125000 has_ridder=0 Lambda=0.00e+00 a=1.97e-07
BG_INIT: background_solve OK
INPUT_READ: ridder_freeze_phi = 0 _TRUE_=1 (after class_read_flag)
DEBUG: Ridder field DISABLED. Lambda = 0.000000e+00
INPUT_READ: ridder_freeze_phi = 0 _TRUE_=1 (after class_read_flag)
DEBUG: Ridder field DISABLED. Lambda = 0.000000e+00, model_type not set to unified
BACKGROUND_INIT ENTERED: Lambda=0.00e+00
DEBUG BG_INIT ENTRY: model_type=0
DEBUG AFTER CHECKS: model_type=0 has_ridder=0
RIDDER DEBUG (background_init): has_ridder=0, Lambda_EDE_ridder=0.000000e+00, f_axion_ridder=1.000000e+16, theta_i_ridder=2.500000e+00, beta_ridder=0.000000e+00
BG_INIT: entering background_checks
BG_INIT: background_checks OK
DEBUG SHOOTING CHECK: has_ridder=0, model_type=0 (unified=1), use_shooting_EDE=0
BG_INIT: entering background_solve
BACKGROUND_SOLVE ENTERED: has_ridder=0 Lambda=0.00e+00
ABOUT TO INTEGRATE: bi_size=5 has_ridder=0 Lambda=0.00e+00
DERIVS_ENTRY: call#=130000 has_ridder=0 Lambda=0.00e+00 a=3.06e-01
BG_INIT: background_solve OK
INPUT_READ: ridder_freeze_phi = 0 _TRUE_=1 (after class_read_flag)
DEBUG: Ridder field DISABLED. Lambda = 0.000000e+00
INPUT_READ: ridder_freeze_phi = 0 _TRUE_=1 (after class_read_flag)
DEBUG: Ridder field DISABLED. Lambda = 0.000000e+00, model_type not set to unified
BACKGROUND_INIT ENTERED: Lambda=0.00e+00
DEBUG BG_INIT ENTRY: model_type=0
DEBUG AFTER CHECKS: model_type=0 has_ridder=0
RIDDER DEBUG (background_init): has_ridder=0, Lambda_EDE_ridder=0.000000e+00, f_axion_ridder=1.000000e+16, theta_i_ridder=2.500000e+00, beta_ridder=0.000000e+00
BG_INIT: entering background_checks
BG_INIT: background_checks OK
DEBUG SHOOTING CHECK: has_ridder=0, model_type=0 (unified=1), use_shooting_EDE=0
BG_INIT: entering background_solve
BACKGROUND_SOLVE ENTERED: has_ridder=0 Lambda=0.00e+00
ABOUT TO INTEGRATE: bi_size=5 has_ridder=0 Lambda=0.00e+00
BG_INIT: background_solve OK
INPUT_READ: ridder_freeze_phi = 0 _TRUE_=1 (after class_read_flag)
DEBUG: Ridder field DISABLED. Lambda = 0.000000e+00
INPUT_READ: ridder_freeze_phi = 0 _TRUE_=1 (after class_read_flag)
DEBUG: Ridder field DISABLED. Lambda = 0.000000e+00, model_type not set to unified
BACKGROUND_INIT ENTERED: Lambda=0.00e+00
DEBUG BG_INIT ENTRY: model_type=0
DEBUG AFTER CHECKS: model_type=0 has_ridder=0
RIDDER DEBUG (background_init): has_ridder=0, Lambda_EDE_ridder=0.000000e+00, f_axion_ridder=1.000000e+16, theta_i_ridder=2.500000e+00, beta_ridder=0.000000e+00
BG_INIT: entering background_checks
BG_INIT: background_checks OK
DEBUG SHOOTING CHECK: has_ridder=0, model_type=0 (unified=1), use_shooting_EDE=0
BG_INIT: entering background_solve
BACKGROUND_SOLVE ENTERED: has_ridder=0 Lambda=0.00e+00
ABOUT TO INTEGRATE: bi_size=5 has_ridder=0 Lambda=0.00e+00
DERIVS_ENTRY: call#=135000 has_ridder=0 Lambda=0.00e+00 a=3.12e-08
BG_INIT: background_solve[mcmc] Progress @ 2025-11-27 00:52:47 : 635 steps taken -- still burning in, 275 accepted steps left.
 OK
INPUT_READ: ridder_freeze_phi = 0 _TRUE_=1 (after class_read_flag)
DEBUG: Ridder field DISABLED. Lambda = 0.000000e+00
INPUT_READ: ridder_freeze_phi = 0 _TRUE_=1 (after class_read_flag)
DEBUG: Ridder field DISABLED. Lambda = 0.000000e+00, model_type not set to unified
BACKGROUND_INIT ENTERED: Lambda=0.00e+00
DEBUG BG_INIT ENTRY: model_type=0
DEBUG AFTER CHECKS: model_type=0 has_ridder=0
RIDDER DEBUG (background_init): has_ridder=0, Lambda_EDE_ridder=0.000000e+00, f_axion_ridder=1.000000e+16, theta_i_ridder=2.500000e+00, beta_ridder=0.000000e+00
BG_INIT: entering background_checks
BG_INIT: background_checks OK
DEBUG SHOOTING CHECK: has_ridder=0, model_type=0 (unified=1), use_shooting_EDE=0
BG_INIT: entering background_solve
BACKGROUND_SOLVE ENTERED: has_ridder=0 Lambda=0.00e+00
ABOUT TO INTEGRATE: bi_size=5 has_ridder=0 Lambda=0.00e+00
DERIVS_ENTRY: call#=140000 has_ridder=0 Lambda=0.00e+00 a=1.38e-02
BG_INIT: background_solve OK
INPUT_READ: ridder_freeze_phi = 0 _TRUE_=1 (after class_read_flag)
DEBUG: Ridder field DISABLED. Lambda = 0.000000e+00
INPUT_READ: ridder_freeze_phi = 0 _TRUE_=1 (after class_read_flag)
DEBUG: Ridder field DISABLED. Lambda = 0.000000e+00, model_type not set to unified
BACKGROUND_INIT ENTERED: Lambda=0.00e+00
DEBUG BG_INIT ENTRY: model_type=0
DEBUG AFTER CHECKS: model_type=0 has_ridder=0
RIDDER DEBUG (background_init): has_ridder=0, Lambda_EDE_ridder=0.000000e+00, f_axion_ridder=1.000000e+16, theta_i_ridder=2.500000e+00, beta_ridder=0.000000e+00
BG_INIT: entering background_checks
BG_INIT: background_checks OK
DEBUG SHOOTING CHECK: has_ridder=0, model_type=0 (unified=1), use_shooting_EDE=0
BG_INIT: entering background_solve
BACKGROUND_SOLVE ENTERED: has_ridder=0 Lambda=0.00e+00
ABOUT TO INTEGRATE: bi_size=5 has_ridder=0 Lambda=0.00e+00
BG_INIT: background_solve OK
INPUT_READ: ridder_freeze_phi = 0 _TRUE_=1 (after class_read_flag)
DEBUG: Ridder field DISABLED. Lambda = 0.000000e+00
INPUT_READ: ridder_freeze_phi = 0 _TRUE_=1 (after class_read_flag)
DEBUG: Ridder field DISABLED. Lambda = 0.000000e+00, model_type not set to unified
BACKGROUND_INIT ENTERED: Lambda=0.00e+00
DEBUG BG_INIT ENTRY: model_type=0
DEBUG AFTER CHECKS: model_type=0 has_ridder=0
RIDDER DEBUG (background_init): has_ridder=0, Lambda_EDE_ridder=0.000000e+00, f_axion_ridder=1.000000e+16, theta_i_ridder=2.500000e+00, beta_ridder=0.000000e+00
BG_INIT: entering background_checks
BG_INIT: background_checks OK
DEBUG SHOOTING CHECK: has_ridder=0, model_type=0 (unified=1), use_shooting_EDE=0
BG_INIT: entering background_solve
BACKGROUND_SOLVE ENTERED: has_ridder=0 Lambda=0.00e+00
ABOUT TO INTEGRATE: bi_size=5 has_ridder=0 Lambda=0.00e+00
DERIVS_ENTRY: call#=145000 has_ridder=0 Lambda=0.00e+00 a=5.16e-09
BG_INIT: background_solve OK
INPUT_READ: ridder_freeze_phi = 0 _TRUE_=1 (after class_read_flag)
DEBUG: Ridder field DISABLED. Lambda = 0.000000e+00
INPUT_READ: ridder_freeze_phi = 0 _TRUE_=1 (after class_read_flag)
DEBUG: Ridder field DISABLED. Lambda = 0.000000e+00, model_type not set to unified
BACKGROUND_INIT ENTERED: Lambda=0.00e+00
DEBUG BG_INIT ENTRY: model_type=0
DEBUG AFTER CHECKS: model_type=0 has_ridder=0
RIDDER DEBUG (background_init): has_ridder=0, Lambda_EDE_ridder=0.000000e+00, f_axion_ridder=1.000000e+16, theta_i_ridder=2.500000e+00, beta_ridder=0.000000e+00
BG_INIT: entering background_checks
BG_INIT: background_checks OK
DEBUG SHOOTING CHECK: has_ridder=0, model_type=0 (unified=1), use_shooting_EDE=0
BG_INIT: entering background_solve
BACKGROUND_SOLVE ENTERED: has_ridder=0 Lambda=0.00e+00
ABOUT TO INTEGRATE: bi_size=5 has_ridder=0 Lambda=0.00e+00
DERIVS_ENTRY: call#=150000 has_ridder=0 Lambda=0.00e+00 a=3.71e-04
BG_INIT: background_solve OK
INPUT_READ: ridder_freeze_phi = 0 _TRUE_=1 (after class_read_flag)
DEBUG: Ridder field DISABLED. Lambda = 0.000000e+00
INPUT_READ: ridder_freeze_phi = 0 _TRUE_=1 (after class_read_flag)
DEBUG: Ridder field DISABLED. Lambda = 0.000000e+00, model_type not set to unified
BACKGROUND_INIT ENTERED: Lambda=0.00e+00
DEBUG BG_INIT ENTRY: model_type=0
DEBUG AFTER CHECKS: model_type=0 has_ridder[mcmc] Progress @ 2025-11-27 00:53:49 : 715 steps taken -- still burning in, 264 accepted steps left.
=0
RIDDER DEBUG (background_init): has_ridder=0, Lambda_EDE_ridder=0.000000e+00, f_axion_ridder=1.000000e+16, theta_i_ridder=2.500000e+00, beta_ridder=0.000000e+00
BG_INIT: entering background_checks
BG_INIT: background_checks OK
DEBUG SHOOTING CHECK: has_ridder=0, model_type=0 (unified=1), use_shooting_EDE=0
BG_INIT: entering background_solve
BACKGROUND_SOLVE ENTERED: has_ridder=0 Lambda=0.00e+00
ABOUT TO INTEGRATE: bi_size=5 has_ridder=0 Lambda=0.00e+00
BG_INIT: background_solve OK
INPUT_READ: ridder_freeze_phi = 0 _TRUE_=1 (after class_read_flag)
DEBUG: Ridder field DISABLED. Lambda = 0.000000e+00
INPUT_READ: ridder_freeze_phi = 0 _TRUE_=1 (after class_read_flag)
DEBUG: Ridder field DISABLED. Lambda = 0.000000e+00, model_type not set to unified
BACKGROUND_INIT ENTERED: Lambda=0.00e+00
DEBUG BG_INIT ENTRY: model_type=0
DEBUG AFTER CHECKS: model_type=0 has_ridder=0
RIDDER DEBUG (background_init): has_ridder=0, Lambda_EDE_ridder=0.000000e+00, f_axion_ridder=1.000000e+16, theta_i_ridder=2.500000e+00, beta_ridder=0.000000e+00
BG_INIT: entering background_checks
BG_INIT: background_checks OK
DEBUG SHOOTING CHECK: has_ridder=0, model_type=0 (unified=1), use_shooting_EDE=0
BG_INIT: entering background_solve
BACKGROUND_SOLVE ENTERED: has_ridder=0 Lambda=0.00e+00
ABOUT TO INTEGRATE: bi_size=5 has_ridder=0 Lambda=0.00e+00
DERIVS_ENTRY: call#=155000 has_ridder=0 Lambda=0.00e+00 a=7.64e-10
BG_INIT: background_solve OK
INPUT_READ: ridder_freeze_phi = 0 _TRUE_=1 (after class_read_flag)
DEBUG: Ridder field DISABLED. Lambda = 0.000000e+00
INPUT_READ: ridder_freeze_phi = 0 _TRUE_=1 (after class_read_flag)
DEBUG: Ridder field DISABLED. Lambda = 0.000000e+00, model_type not set to unified
BACKGROUND_INIT ENTERED: Lambda=0.00e+00
DEBUG BG_INIT ENTRY: model_type=0
DEBUG AFTER CHECKS: model_type=0 has_ridder=0
RIDDER DEBUG (background_init): has_ridder=0, Lambda_EDE_ridder=0.000000e+00, f_axion_ridder=1.000000e+16, theta_i_ridder=2.500000e+00, beta_ridder=0.000000e+00
BG_INIT: entering background_checks
BG_INIT: background_checks OK
DEBUG SHOOTING CHECK: has_ridder=0, model_type=0 (unified=1), use_shooting_EDE=0
BG_INIT: entering background_solve
BACKGROUND_SOLVE ENTERED: has_ridder=0 Lambda=0.00e+00
ABOUT TO INTEGRATE: bi_size=5 has_ridder=0 Lambda=0.00e+00
DERIVS_ENTRY: call#=160000 has_ridder=0 Lambda=0.00e+00 a=3.91e-05
BG_INIT: background_solve OK
INPUT_READ: ridder_freeze_phi = 0 _TRUE_=1 (after class_read_flag)
DEBUG: Ridder field DISABLED. Lambda = 0.000000e+00
INPUT_READ: ridder_freeze_phi = 0 _TRUE_=1 (after class_read_flag)
DEBUG: Ridder field DISABLED. Lambda = 0.000000e+00, model_type not set to unified
BACKGROUND_INIT ENTERED: Lambda=0.00e+00
DEBUG BG_INIT ENTRY: model_type=0
DEBUG AFTER CHECKS: model_type=0 has_ridder=0
RIDDER DEBUG (background_init): has_ridder=0, Lambda_EDE_ridder=0.000000e+00, f_axion_ridder=1.000000e+16, theta_i_ridder=2.500000e+00, beta_ridder=0.000000e+00
BG_INIT: entering background_checks
BG_INIT: background_checks OK
DEBUG SHOOTING CHECK: has_ridder=0, model_type=0 (unified=1), use_shooting_EDE=0
BG_INIT: entering background_solve
BACKGROUND_SOLVE ENTERED: has_ridder=0 Lambda=0.00e+00
ABOUT TO INTEGRATE: bi_size=5 has_ridder=0 Lambda=0.00e+00
BG_INIT: background_solve OK
INPUT_READ: ridder_freeze_phi = 0 _TRUE_=1 (after class_read_flag)
DEBUG: Ridder field DISABLED. Lambda = 0.000000e+00
INPUT_READ: ridder_freeze_phi = 0 _TRUE_=1 (after class_read_flag)
DEBUG: Ridder field DISABLED. Lambda = 0.000000e+00, model_type not set to unified
BACKGROUND_INIT ENTERED: Lambda=0.00e+00
DEBUG BG_INIT ENTRY: model_type=0
DEBUG AFTER CHECKS: model_type=0 has_ridder=0
RIDDER DEBUG (background_init): has_ridder=0, Lambda_EDE_ridder=0.000000e+00, f_axion_ridder=1.000000e+16, theta_i_ridder=2.500000e+00, beta_ridder=0.000000e+00
BG_INIT: entering background_checks
BG_INIT: background_checks OK
DEBUG SHOOTING CHECK: has_ridder=0, model_type=0 (unified=1), use_shooting_EDE=0
BG_INIT: entering background_solve
BACKGROUND_SOLVE ENTERED: has_ridder=0 Lambda=0.00e+00
ABOUT TO INTEGRATE: bi_size=5 has_ridder=0 Lambda=0.00e+0[mcmc] Progress @ 2025-11-27 00:54:56 : 807 steps taken -- still burning in, 249 accepted steps left.
[mcmc] Progress @ 2025-11-27 00:55:56 : 881 steps taken -- still burning in, 237 accepted steps left.
0
DERIVS_ENTRY: call#=165000 has_ridder=0 Lambda=0.00e+00 a=1.21e-10
BG_INIT: background_solve OK
INPUT_READ: ridder_freeze_phi = 0 _TRUE_=1 (after class_read_flag)
DEBUG: Ridder field DISABLED. Lambda = 0.000000e+00
INPUT_READ: ridder_freeze_phi = 0 _TRUE_=1 (after class_read_flag)
DEBUG: Ridder field DISABLED. Lambda = 0.000000e+00, model_type not set to unified
BACKGROUND_INIT ENTERED: Lambda=0.00e+00
DEBUG BG_INIT ENTRY: model_type=0
DEBUG AFTER CHECKS: model_type=0 has_ridder=0
RIDDER DEBUG (background_init): has_ridder=0, Lambda_EDE_ridder=0.000000e+00, f_axion_ridder=1.000000e+16, theta_i_ridder=2.500000e+00, beta_ridder=0.000000e+00
BG_INIT: entering background_checks
BG_INIT: background_checks OK
DEBUG SHOOTING CHECK: has_ridder=0, model_type=0 (unified=1), use_shooting_EDE=0
BG_INIT: entering background_solve
BACKGROUND_SOLVE ENTERED: has_ridder=0 Lambda=0.00e+00
ABOUT TO INTEGRATE: bi_size=5 has_ridder=0 Lambda=0.00e+00
DERIVS_ENTRY: call#=170000 has_ridder=0 Lambda=0.00e+00 a=5.95e-06
BG_INIT: background_solve OK
INPUT_READ: ridder_freeze_phi = 0 _TRUE_=1 (after class_read_flag)
DEBUG: Ridder field DISABLED. Lambda = 0.000000e+00
INPUT_READ: ridder_freeze_phi = 0 _TRUE_=1 (after class_read_flag)
DEBUG: Ridder field DISABLED. Lambda = 0.000000e+00, model_type not set to unified
BACKGROUND_INIT ENTERED: Lambda=0.00e+00
DEBUG BG_INIT ENTRY: model_type=0
DEBUG AFTER CHECKS: model_type=0 has_ridder=0
RIDDER DEBUG (background_init): has_ridder=0, Lambda_EDE_ridder=0.000000e+00, f_axion_ridder=1.000000e+16, theta_i_ridder=2.500000e+00, beta_ridder=0.000000e+00
BG_INIT: entering background_checks
BG_INIT: background_checks OK
DEBUG SHOOTING CHECK: has_ridder=0, model_type=0 (unified=1), use_shooting_EDE=0
BG_INIT: entering background_solve
BACKGROUND_SOLVE ENTERED: has_ridder=0 Lambda=0.00e+00
ABOUT TO INTEGRATE: bi_size=5 has_ridder=0 Lambda=0.00e+00
BG_INIT: background_solve OK
INPUT_READ: ridder_freeze_phi = 0 _TRUE_=1 (after class_read_flag)
DEBUG: Ridder field DISABLED. Lambda = 0.000000e+00
INPUT_READ: ridder_freeze_phi = 0 _TRUE_=1 (after class_read_flag)
DEBUG: Ridder field DISABLED. Lambda = 0.000000e+00, model_type not set to unified
BACKGROUND_INIT ENTERED: Lambda=0.00e+00
DEBUG BG_INIT ENTRY: model_type=0
DEBUG AFTER CHECKS: model_type=0 has_ridder=0
RIDDER DEBUG (background_init): has_ridder=0, Lambda_EDE_ridder=0.000000e+00, f_axion_ridder=1.000000e+16, theta_i_ridder=2.500000e+00, beta_ridder=0.000000e+00
BG_INIT: entering background_checks
BG_INIT: background_checks OK
DEBUG SHOOTING CHECK: has_ridder=0, model_type=0 (unified=1), use_shooting_EDE=0
BG_INIT: entering background_solve
BACKGROUND_SOLVE ENTERED: has_ridder=0 Lambda=0.00e+00
ABOUT TO INTEGRATE: bi_size=5 has_ridder=0 Lambda=0.00e+00
DERIVS_ENTRY: call#=175000 has_ridder=0 Lambda=0.00e+00 a=2.20e-12
BG_INIT: background_solve OK
INPUT_READ: ridder_freeze_phi = 0 _TRUE_=1 (after class_read_flag)
DEBUG: Ridder field DISABLED. Lambda = 0.000000e+00
INPUT_READ: ridder_freeze_phi = 0 _TRUE_=1 (after class_read_flag)
DEBUG: Ridder field DISABLED. Lambda = 0.000000e+00, model_type not set to unified
BACKGROUND_INIT ENTERED: Lambda=0.00e+00
DEBUG BG_INIT ENTRY: model_type=0
DEBUG AFTER CHECKS: model_type=0 has_ridder=0
RIDDER DEBUG (background_init): has_ridder=0, Lambda_EDE_ridder=0.000000e+00, f_axion_ridder=1.000000e+16, theta_i_ridder=2.500000e+00, beta_ridder=0.000000e+00
BG_INIT: entering background_checks
BG_INIT: background_checks OK
DEBUG SHOOTING CHECK: has_ridder=0, model_type=0 (unified=1), use_shooting_EDE=0
BG_INIT: entering background_solve
BACKGROUND_SOLVE ENTERED: has_ridder=0 Lambda=0.00e+00
ABOUT TO INTEGRATE: bi_size=5 has_ridder=0 Lambda=0.00e+00
DERIVS_ENTRY: call#=180000 has_ridder=0 Lambda=0.00e+00 a=8.80e-07
BG_INIT: background_solve OK
INPUT_READ: ridder_freeze_phi = 0 _TRUE_=1 (after class_read_flag)
DEBUG: Ridder field DISABLED. Lambda = 0.000000e+00
INPUT_READ: ridder_freeze_phi = 0 _TRUE_=1 (after class_read_flag)
DEBUG: Ridder field DISABLED. Lambda = 0.000000e+00, model_type not set to unified
BACKGROUND_INIT ENTERED:[mcmc] Progress @ 2025-11-27 00:56:58 : 945 steps taken -- still burning in, 226 accepted steps left.
 Lambda=0.00e+00
DEBUG BG_INIT ENTRY: model_type=0
DEBUG AFTER CHECKS: model_type=0 has_ridder=0
RIDDER DEBUG (background_init): has_ridder=0, Lambda_EDE_ridder=0.000000e+00, f_axion_ridder=1.000000e+16, theta_i_ridder=2.500000e+00, beta_ridder=0.000000e+00
BG_INIT: entering background_checks
BG_INIT: background_checks OK
DEBUG SHOOTING CHECK: has_ridder=0, model_type=0 (unified=1), use_shooting_EDE=0
BG_INIT: entering background_solve
BACKGROUND_SOLVE ENTERED: has_ridder=0 Lambda=0.00e+00
ABOUT TO INTEGRATE: bi_size=5 has_ridder=0 Lambda=0.00e+00
BG_INIT: background_solve OK
INPUT_READ: ridder_freeze_phi = 0 _TRUE_=1 (after class_read_flag)
DEBUG: Ridder field DISABLED. Lambda = 0.000000e+00
INPUT_READ: ridder_freeze_phi = 0 _TRUE_=1 (after class_read_flag)
DEBUG: Ridder field DISABLED. Lambda = 0.000000e+00, model_type not set to unified
BACKGROUND_INIT ENTERED: Lambda=0.00e+00
DEBUG BG_INIT ENTRY: model_type=0
DEBUG AFTER CHECKS: model_type=0 has_ridder=0
RIDDER DEBUG (background_init): has_ridder=0, Lambda_EDE_ridder=0.000000e+00, f_axion_ridder=1.000000e+16, theta_i_ridder=2.500000e+00, beta_ridder=0.000000e+00
BG_INIT: entering background_checks
BG_INIT: background_checks OK
DEBUG SHOOTING CHECK: has_ridder=0, model_type=0 (unified=1), use_shooting_EDE=0
BG_INIT: entering background_solve
BACKGROUND_SOLVE ENTERED: has_ridder=0 Lambda=0.00e+00
ABOUT TO INTEGRATE: bi_size=5 has_ridder=0 Lambda=0.00e+00
DERIVS_ENTRY: call#=185000 has_ridder=0 Lambda=0.00e+00 a=1.00e-14
BG_INIT: background_solve OK
INPUT_READ: ridder_freeze_phi = 0 _TRUE_=1 (after class_read_flag)
DEBUG: Ridder field DISABLED. Lambda = 0.000000e+00
INPUT_READ: ridder_freeze_phi = 0 _TRUE_=1 (after class_read_flag)
DEBUG: Ridder field DISABLED. Lambda = 0.000000e+00, model_type not set to unified
BACKGROUND_INIT ENTERED: Lambda=0.00e+00
DEBUG BG_INIT ENTRY: model_type=0
DEBUG AFTER CHECKS: model_type=0 has_ridder=0
RIDDER DEBUG (background_init): has_ridder=0, Lambda_EDE_ridder=0.000000e+00, f_axion_ridder=1.000000e+16, theta_i_ridder=2.500000e+00, beta_ridder=0.000000e+00
BG_INIT: entering background_checks
BG_INIT: background_checks OK
DEBUG SHOOTING CHECK: has_ridder=0, model_type=0 (unified=1), use_shooting_EDE=0
BG_INIT: entering background_solve
BACKGROUND_SOLVE ENTERED: has_ridder=0 Lambda=0.00e+00
ABOUT TO INTEGRATE: bi_size=5 has_ridder=0 Lambda=0.00e+00
DERIVS_ENTRY: call#=190000 has_ridder=0 Lambda=0.00e+00 a=1.30e-07
BG_INIT: background_solve OK
INPUT_READ: ridder_freeze_phi = 0 _TRUE_=1 (after class_read_flag)
DEBUG: Ridder field DISABLED. Lambda = 0.000000e+00
INPUT_READ: ridder_freeze_phi = 0 _TRUE_=1 (after class_read_flag)
DEBUG: Ridder field DISABLED. Lambda = 0.000000e+00, model_type not set to unified
BACKGROUND_INIT ENTERED: Lambda=0.00e+00
DEBUG BG_INIT ENTRY: model_type=0
DEBUG AFTER CHECKS: model_type=0 has_ridder=0
RIDDER DEBUG (background_init): has_ridder=0, Lambda_EDE_ridder=0.000000e+00, f_axion_ridder=1.000000e+16, theta_i_ridder=2.500000e+00, beta_ridder=0.000000e+00
BG_INIT: entering background_checks
BG_INIT: background_checks OK
DEBUG SHOOTING CHECK: has_ridder=0, model_type=0 (unified=1), use_shooting_EDE=0
BG_INIT: entering background_solve
BACKGROUND_SOLVE ENTERED: has_ridder=0 Lambda=0.00e+00
ABOUT TO INTEGRATE: bi_size=5 has_ridder=0 Lambda=0.00e+00
DERIVS_ENTRY: call#=195000 has_ridder=0 Lambda=0.00e+00 a=1.84e-01
BG_INIT: background_solve OK
INPUT_READ: ridder_freeze_phi = 0 _TRUE_=1 (after class_read_flag)
DEBUG: Ridder field DISABLED. Lambda = 0.000000e+00
INPUT_READ: ridder_freeze_phi = 0 _TRUE_=1 (after class_read_flag)
DEBUG: Ridder field DISABLED. Lambda = 0.000000e+00, model_type not set to unified
BACKGROUND_INIT ENTERED: Lambda=0.00e+00
DEBUG BG_INIT ENTRY: model_type=0
DEBUG AFTER CHECKS: model_type=0 has_ridder=0
RIDDER DEBUG (background_init): has_ridder=0, Lambda_EDE_ridder=0.000000e+00, f_axion_ridder=1.000000e+16, theta_i_ridder=2.500000e+00, beta_ridder=0.000000e+00
BG_INIT: entering background_checks
BG_INIT: background_checks OK
DEBUG SHOOTING CHECK: has_ridder=0, model_type=0 (unified=1), use_s[mcmc] Progress @ 2025-11-27 00:57:58 : 1062 steps taken -- still burning in, 210 accepted steps left.
hooting_EDE=0
BG_INIT: entering background_solve
BACKGROUND_SOLVE ENTERED: has_ridder=0 Lambda=0.00e+00
ABOUT TO INTEGRATE: bi_size=5 has_ridder=0 Lambda=0.00e+00
BG_INIT: background_solve OK
INPUT_READ: ridder_freeze_phi = 0 _TRUE_=1 (after class_read_flag)
DEBUG: Ridder field DISABLED. Lambda = 0.000000e+00
INPUT_READ: ridder_freeze_phi = 0 _TRUE_=1 (after class_read_flag)
DEBUG: Ridder field DISABLED. Lambda = 0.000000e+00, model_type not set to unified
BACKGROUND_INIT ENTERED: Lambda=0.00e+00
DEBUG BG_INIT ENTRY: model_type=0
DEBUG AFTER CHECKS: model_type=0 has_ridder=0
RIDDER DEBUG (background_init): has_ridder=0, Lambda_EDE_ridder=0.000000e+00, f_axion_ridder=1.000000e+16, theta_i_ridder=2.500000e+00, beta_ridder=0.000000e+00
BG_INIT: entering background_checks
BG_INIT: background_checks OK
DEBUG SHOOTING CHECK: has_ridder=0, model_type=0 (unified=1), use_shooting_EDE=0
BG_INIT: entering background_solve
BACKGROUND_SOLVE ENTERED: has_ridder=0 Lambda=0.00e+00
ABOUT TO INTEGRATE: bi_size=5 has_ridder=0 Lambda=0.00e+00
DERIVS_ENTRY: call#=200000 has_ridder=0 Lambda=0.00e+00 a=1.85e-08
BG_INIT: background_solve OK
INPUT_READ: ridder_freeze_phi = 0 _TRUE_=1 (after class_read_flag)
DEBUG: Ridder field DISABLED. Lambda = 0.000000e+00
INPUT_READ: ridder_freeze_phi = 0 _TRUE_=1 (after class_read_flag)
DEBUG: Ridder field DISABLED. Lambda = 0.000000e+00, model_type not set to unified
BACKGROUND_INIT ENTERED: Lambda=0.00e+00
DEBUG BG_INIT ENTRY: model_type=0
DEBUG AFTER CHECKS: model_type=0 has_ridder=0
RIDDER DEBUG (background_init): has_ridder=0, Lambda_EDE_ridder=0.000000e+00, f_axion_ridder=1.000000e+16, theta_i_ridder=2.500000e+00, beta_ridder=0.000000e+00
BG_INIT: entering background_checks
BG_INIT: background_checks OK
DEBUG SHOOTING CHECK: has_ridder=0, model_type=0 (unified=1), use_shooting_EDE=0
BG_INIT: entering background_solve
BACKGROUND_SOLVE ENTERED: has_ridder=0 Lambda=0.00e+00
ABOUT TO INTEGRATE: bi_size=5 has_ridder=0 Lambda=0.00e+00
DERIVS_ENTRY: call#=205000 has_ridder=0 Lambda=0.00e+00 a=4.16e-03
BG_INIT: background_solve OK
INPUT_READ: ridder_freeze_phi = 0 _TRUE_=1 (after class_read_flag)
DEBUG: Ridder field DISABLED. Lambda = 0.000000e+00
INPUT_READ: ridder_freeze_phi = 0 _TRUE_=1 (after class_read_flag)
DEBUG: Ridder field DISABLED. Lambda = 0.000000e+00, model_type not set to unified
BACKGROUND_INIT ENTERED: Lambda=0.00e+00
DEBUG BG_INIT ENTRY: model_type=0
DEBUG AFTER CHECKS: model_type=0 has_ridder=0
RIDDER DEBUG (background_init): has_ridder=0, Lambda_EDE_ridder=0.000000e+00, f_axion_ridder=1.000000e+16, theta_i_ridder=2.500000e+00, beta_ridder=0.000000e+00
BG_INIT: entering background_checks
BG_INIT: background_checks OK
DEBUG SHOOTING CHECK: has_ridder=0, model_type=0 (unified=1), use_shooting_EDE=0
BG_INIT: entering background_solve
BACKGROUND_SOLVE ENTERED: has_ridder=0 Lambda=0.00e+00
ABOUT TO INTEGRATE: bi_size=5 has_ridder=0 Lambda=0.00e+00
BG_INIT: background_solve OK
INPUT_READ: ridder_freeze_phi = 0 _TRUE_=1 (after class_read_flag)
DEBUG: Ridder field DISABLED. Lambda = 0.000000e+00
INPUT_READ: ridder_freeze_phi = 0 _TRUE_=1 (after class_read_flag)
DEBUG: Ridder field DISABLED. Lambda = 0.000000e+00, model_type not set to unified
BACKGROUND_INIT ENTERED: Lambda=0.00e+00
DEBUG BG_INIT ENTRY: model_type=0
DEBUG AFTER CHECKS: model_type=0 has_ridder=0
RIDDER DEBUG (background_init): has_ridder=0, Lambda_EDE_ridder=0.000000e+00, f_axion_ridder=1.000000e+16, theta_i_ridder=2.500000e+00, beta_ridder=0.000000e+00
BG_INIT: entering background_checks
BG_INIT: background_checks OK
DEBUG SHOOTING CHECK: has_ridder=0, model_type=0 (unified=1), use_shooting_EDE=0
BG_INIT: entering background_solve
BACKGROUND_SOLVE ENTERED: has_ridder=0 Lambda=0.00e+00
ABOUT TO INTEGRATE: bi_size=5 has_ridder=0 Lambda=0.00e+00
DERIVS_ENTRY: call#=210000 has_ridder=0 Lambda=0.00e+00 a=2.74e-09
BG_INIT: background_solve OK
INPUT_READ: ridder_freeze_phi = 0 _TRUE_=1 (after class_read_flag)
DEBUG: Ridder field DISABLED. Lambda = 0.000000e+00
INPUT_READ: ridder_freeze_phi = 0 _TRUE_=1 (after class_read_flag)
DEBUG: Ridder[mcmc] Progress @ 2025-11-27 00:59:01 : 1104 steps taken -- still burning in, 203 accepted steps left.
 field DISABLED. Lambda = 0.000000e+00, model_type not set to unified
BACKGROUND_INIT ENTERED: Lambda=0.00e+00
DEBUG BG_INIT ENTRY: model_type=0
DEBUG AFTER CHECKS: model_type=0 has_ridder=0
RIDDER DEBUG (background_init): has_ridder=0, Lambda_EDE_ridder=0.000000e+00, f_axion_ridder=1.000000e+16, theta_i_ridder=2.500000e+00, beta_ridder=0.000000e+00
BG_INIT: entering background_checks
BG_INIT: background_checks OK
DEBUG SHOOTING CHECK: has_ridder=0, model_type=0 (unified=1), use_shooting_EDE=0
BG_INIT: entering background_solve
BACKGROUND_SOLVE ENTERED: has_ridder=0 Lambda=0.00e+00
ABOUT TO INTEGRATE: bi_size=5 has_ridder=0 Lambda=0.00e+00
DERIVS_ENTRY: call#=215000 has_ridder=0 Lambda=0.00e+00 a=1.31e-04
BG_INIT: background_solve OK
INPUT_READ: ridder_freeze_phi = 0 _TRUE_=1 (after class_read_flag)
DEBUG: Ridder field DISABLED. Lambda = 0.000000e+00
INPUT_READ: ridder_freeze_phi = 0 _TRUE_=1 (after class_read_flag)
DEBUG: Ridder field DISABLED. Lambda = 0.000000e+00, model_type not set to unified
BACKGROUND_INIT ENTERED: Lambda=0.00e+00
DEBUG BG_INIT ENTRY: model_type=0
DEBUG AFTER CHECKS: model_type=0 has_ridder=0
RIDDER DEBUG (background_init): has_ridder=0, Lambda_EDE_ridder=0.000000e+00, f_axion_ridder=1.000000e+16, theta_i_ridder=2.500000e+00, beta_ridder=0.000000e+00
BG_INIT: entering background_checks
BG_INIT: background_checks OK
DEBUG SHOOTING CHECK: has_ridder=0, model_type=0 (unified=1), use_shooting_EDE=0
BG_INIT: entering background_solve
BACKGROUND_SOLVE ENTERED: has_ridder=0 Lambda=0.00e+00
ABOUT TO INTEGRATE: bi_size=5 has_ridder=0 Lambda=0.00e+00
BG_INIT: background_solve OK
INPUT_READ: ridder_freeze_phi = 0 _TRUE_=1 (after class_read_flag)
DEBUG: Ridder field DISABLED. Lambda = 0.000000e+00
INPUT_READ: ridder_freeze_phi = 0 _TRUE_=1 (after class_read_flag)
DEBUG: Ridder field DISABLED. Lambda = 0.000000e+00, model_type not set to unified
BACKGROUND_INIT ENTERED: Lambda=0.00e+00
DEBUG BG_INIT ENTRY: model_type=0
DEBUG AFTER CHECKS: model_type=0 has_ridder=0
RIDDER DEBUG (background_init): has_ridder=0, Lambda_EDE_ridder=0.000000e+00, f_axion_ridder=1.000000e+16, theta_i_ridder=2.500000e+00, beta_ridder=0.000000e+00
BG_INIT: entering background_checks
BG_INIT: background_checks OK
DEBUG SHOOTING CHECK: has_ridder=0, model_type=0 (unified=1), use_shooting_EDE=0
BG_INIT: entering background_solve
BACKGROUND_SOLVE ENTERED: has_ridder=0 Lambda=0.00e+00
ABOUT TO INTEGRATE: bi_size=5 has_ridder=0 Lambda=0.00e+00
DERIVS_ENTRY: call#=220000 has_ridder=0 Lambda=0.00e+00 a=3.84e-10
BG_INIT: background_solve OK
INPUT_READ: ridder_freeze_phi = 0 _TRUE_=1 (after class_read_flag)
DEBUG: Ridder field DISABLED. Lambda = 0.000000e+00
INPUT_READ: ridder_freeze_phi = 0 _TRUE_=1 (after class_read_flag)
DEBUG: Ridder field DISABLED. Lambda = 0.000000e+00, model_type not set to unified
BACKGROUND_INIT ENTERED: Lambda=0.00e+00
DEBUG BG_INIT ENTRY: model_type=0
DEBUG AFTER CHECKS: model_type=0 has_ridder=0
RIDDER DEBUG (background_init): has_ridder=0, Lambda_EDE_ridder=0.000000e+00, f_axion_ridder=1.000000e+16, theta_i_ridder=2.500000e+00, beta_ridder=0.000000e+00
BG_INIT: entering background_checks
BG_INIT: background_checks OK
DEBUG SHOOTING CHECK: has_ridder=0, model_type=0 (unified=1), use_shooting_EDE=0
BG_INIT: entering background_solve
BACKGROUND_SOLVE ENTERED: has_ridder=0 Lambda=0.00e+00
ABOUT TO INTEGRATE: bi_size=5 has_ridder=0 Lambda=0.00e+00
DERIVS_ENTRY: call#=225000 has_ridder=0 Lambda=0.00e+00 a=1.89e-05
BG_INIT: background_solve OK
INPUT_READ: ridder_freeze_phi = 0 _TRUE_=1 (after class_read_flag)
DEBUG: Ridder field DISABLED. Lambda = 0.000000e+00
INPUT_READ: ridder_freeze_phi = 0 _TRUE_=1 (after class_read_flag)
DEBUG: Ridder field DISABLED. Lambda = 0.000000e+00, model_type not set to unified
BACKGROUND_INIT ENTERED: Lambda=0.00e+00
DEBUG BG_INIT ENTRY: model_type=0
DEBUG AFTER CHECKS: model_type=0 has_ridder=0
RIDDER DEBUG (background_init): has_ridder=0, Lambda_EDE_ridder=0.000000e+00, f_axion_ridder=1.000000e+16, theta_i_ridder=2.500000e+00, beta_ridder=0.000000e+00
BG_INIT: entering background_checks
BG_[mcmc] Progress @ 2025-11-27 01:00:09 : 1161 steps taken -- still burning in, 198 accepted steps left.
INIT: background_checks OK
DEBUG SHOOTING CHECK: has_ridder=0, model_type=0 (unified=1), use_shooting_EDE=0
BG_INIT: entering background_solve
BACKGROUND_SOLVE ENTERED: has_ridder=0 Lambda=0.00e+00
ABOUT TO INTEGRATE: bi_size=5 has_ridder=0 Lambda=0.00e+00
BG_INIT: background_solve OK
INPUT_READ: ridder_freeze_phi = 0 _TRUE_=1 (after class_read_flag)
DEBUG: Ridder field DISABLED. Lambda = 0.000000e+00
INPUT_READ: ridder_freeze_phi = 0 _TRUE_=1 (after class_read_flag)
DEBUG: Ridder field DISABLED. Lambda = 0.000000e+00, model_type not set to unified
BACKGROUND_INIT ENTERED: Lambda=0.00e+00
DEBUG BG_INIT ENTRY: model_type=0
DEBUG AFTER CHECKS: model_type=0 has_ridder=0
RIDDER DEBUG (background_init): has_ridder=0, Lambda_EDE_ridder=0.000000e+00, f_axion_ridder=1.000000e+16, theta_i_ridder=2.500000e+00, beta_ridder=0.000000e+00
BG_INIT: entering background_checks
BG_INIT: background_checks OK
DEBUG SHOOTING CHECK: has_ridder=0, model_type=0 (unified=1), use_shooting_EDE=0
BG_INIT: entering background_solve
BACKGROUND_SOLVE ENTERED: has_ridder=0 Lambda=0.00e+00
ABOUT TO INTEGRATE: bi_size=5 has_ridder=0 Lambda=0.00e+00
DERIVS_ENTRY: call#=230000 has_ridder=0 Lambda=0.00e+00 a=5.53e-11
BG_INIT: background_solve OK
INPUT_READ: ridder_freeze_phi = 0 _TRUE_=1 (after class_read_flag)
DEBUG: Ridder field DISABLED. Lambda = 0.000000e+00
INPUT_READ: ridder_freeze_phi = 0 _TRUE_=1 (after class_read_flag)
DEBUG: Ridder field DISABLED. Lambda = 0.000000e+00, model_type not set to unified
BACKGROUND_INIT ENTERED: Lambda=0.00e+00
DEBUG BG_INIT ENTRY: model_type=0
DEBUG AFTER CHECKS: model_type=0 has_ridder=0
RIDDER DEBUG (background_init): has_ridder=0, Lambda_EDE_ridder=0.000000e+00, f_axion_ridder=1.000000e+16, theta_i_ridder=2.500000e+00, beta_ridder=0.000000e+00
BG_INIT: entering background_checks
BG_INIT: background_checks OK
DEBUG SHOOTING CHECK: has_ridder=0, model_type=0 (unified=1), use_shooting_EDE=0
BG_INIT: entering background_solve
BACKGROUND_SOLVE ENTERED: has_ridder=0 Lambda=0.00e+00
ABOUT TO INTEGRATE: bi_size=5 has_ridder=0 Lambda=0.00e+00
DERIVS_ENTRY: call#=235000 has_ridder=0 Lambda=0.00e+00 a=2.75e-06
BG_INIT: background_solve OK
INPUT_READ: ridder_freeze_phi = 0 _TRUE_=1 (after class_read_flag)
DEBUG: Ridder field DISABLED. Lambda = 0.000000e+00
INPUT_READ: ridder_freeze_phi = 0 _TRUE_=1 (after class_read_flag)
DEBUG: Ridder field DISABLED. Lambda = 0.000000e+00, model_type not set to unified
BACKGROUND_INIT ENTERED: Lambda=0.00e+00
DEBUG BG_INIT ENTRY: model_type=0
DEBUG AFTER CHECKS: model_type=0 has_ridder=0
RIDDER DEBUG (background_init): has_ridder=0, Lambda_EDE_ridder=0.000000e+00, f_axion_ridder=1.000000e+16, theta_i_ridder=2.500000e+00, beta_ridder=0.000000e+00
BG_INIT: entering background_checks
BG_INIT: background_checks OK
DEBUG SHOOTING CHECK: has_ridder=0, model_type=0 (unified=1), use_shooting_EDE=0
BG_INIT: entering background_solve
BACKGROUND_SOLVE ENTERED: has_ridder=0 Lambda=0.00e+00
ABOUT TO INTEGRATE: bi_size=5 has_ridder=0 Lambda=0.00e+00
BG_INIT: background_solve OK
INPUT_READ: ridder_freeze_phi = 0 _TRUE_=1 (after class_read_flag)
DEBUG: Ridder field DISABLED. Lambda = 0.000000e+00
INPUT_READ: ridder_freeze_phi = 0 _TRUE_=1 (after class_read_flag)
DEBUG: Ridder field DISABLED. Lambda = 0.000000e+00, model_type not set to unified
BACKGROUND_INIT ENTERED: Lambda=0.00e+00
DEBUG BG_INIT ENTRY: model_type=0
DEBUG AFTER CHECKS: model_type=0 has_ridder=0
RIDDER DEBUG (background_init): has_ridder=0, Lambda_EDE_ridder=0.000000e+00, f_axion_ridder=1.000000e+16, theta_i_ridder=2.500000e+00, beta_ridder=0.000000e+00
BG_INIT: entering background_checks
BG_INIT: background_checks OK
DEBUG SHOOTING CHECK: has_ridder=0, model_type=0 (unified=1), use_shooting_EDE=0
BG_INIT: entering background_solve
BACKGROUND_SOLVE ENTERED: has_ridder=0 Lambda=0.00e+00
ABOUT TO INTEGRATE: bi_size=5 has_ridder=0 Lambda=0.00e+00
DERIVS_ENTRY: call#=240000 has_ridder=0 Lambda=0.00e+00 a=1.60e-13
BG_INIT: background_solve OK
INPUT_READ: ridder_freeze_phi = 0 _TRUE_=1 (after class_read_flag)
DEBUG: Ridder field DISABLED. Lambda =[mcmc] Progress @ 2025-11-27 01:01:16 : 1237 steps taken -- still burning in, 186 accepted steps left.
 0.000000e+00
INPUT_READ: ridder_freeze_phi = 0 _TRUE_=1 (after class_read_flag)
DEBUG: Ridder field DISABLED. Lambda = 0.000000e+00, model_type not set to unified
BACKGROUND_INIT ENTERED: Lambda=0.00e+00
DEBUG BG_INIT ENTRY: model_type=0
DEBUG AFTER CHECKS: model_type=0 has_ridder=0
RIDDER DEBUG (background_init): has_ridder=0, Lambda_EDE_ridder=0.000000e+00, f_axion_ridder=1.000000e+16, theta_i_ridder=2.500000e+00, beta_ridder=0.000000e+00
BG_INIT: entering background_checks
BG_INIT: background_checks OK
DEBUG SHOOTING CHECK: has_ridder=0, model_type=0 (unified=1), use_shooting_EDE=0
BG_INIT: entering background_solve
BACKGROUND_SOLVE ENTERED: has_ridder=0 Lambda=0.00e+00
ABOUT TO INTEGRATE: bi_size=5 has_ridder=0 Lambda=0.00e+00
DERIVS_ENTRY: call#=245000 has_ridder=0 Lambda=0.00e+00 a=3.91e-07
BG_INIT: background_solve OK
INPUT_READ: ridder_freeze_phi = 0 _TRUE_=1 (after class_read_flag)
DEBUG: Ridder field DISABLED. Lambda = 0.000000e+00
INPUT_READ: ridder_freeze_phi = 0 _TRUE_=1 (after class_read_flag)
DEBUG: Ridder field DISABLED. Lambda = 0.000000e+00, model_type not set to unified
BACKGROUND_INIT ENTERED: Lambda=0.00e+00
DEBUG BG_INIT ENTRY: model_type=0
DEBUG AFTER CHECKS: model_type=0 has_ridder=0
RIDDER DEBUG (background_init): has_ridder=0, Lambda_EDE_ridder=0.000000e+00, f_axion_ridder=1.000000e+16, theta_i_ridder=2.500000e+00, beta_ridder=0.000000e+00
BG_INIT: entering background_checks
BG_INIT: background_checks OK
DEBUG SHOOTING CHECK: has_ridder=0, model_type=0 (unified=1), use_shooting_EDE=0
BG_INIT: entering background_solve
BACKGROUND_SOLVE ENTERED: has_ridder=0 Lambda=0.00e+00
ABOUT TO INTEGRATE: bi_size=5 has_ridder=0 Lambda=0.00e+00
DERIVS_ENTRY: call#=250000 has_ridder=0 Lambda=0.00e+00 a=5.82e-01
BG_INIT: background_solve OK
INPUT_READ: ridder_freeze_phi = 0 _TRUE_=1 (after class_read_flag)
DEBUG: Ridder field DISABLED. Lambda = 0.000000e+00
INPUT_READ: ridder_freeze_phi = 0 _TRUE_=1 (after class_read_flag)
DEBUG: Ridder field DISABLED. Lambda = 0.000000e+00, model_type not set to unified
BACKGROUND_INIT ENTERED: Lambda=0.00e+00
DEBUG BG_INIT ENTRY: model_type=0
DEBUG AFTER CHECKS: model_type=0 has_ridder=0
RIDDER DEBUG (background_init): has_ridder=0, Lambda_EDE_ridder=0.000000e+00, f_axion_ridder=1.000000e+16, theta_i_ridder=2.500000e+00, beta_ridder=0.000000e+00
BG_INIT: entering background_checks
BG_INIT: background_checks OK
DEBUG SHOOTING CHECK: has_ridder=0, model_type=0 (unified=1), use_shooting_EDE=0
BG_INIT: entering background_solve
BACKGROUND_SOLVE ENTERED: has_ridder=0 Lambda=0.00e+00
ABOUT TO INTEGRATE: bi_size=5 has_ridder=0 Lambda=0.00e+00
BG_INIT: background_solve OK
INPUT_READ: ridder_freeze_phi = 0 _TRUE_=1 (after class_read_flag)
DEBUG: Ridder field DISABLED. Lambda = 0.000000e+00
INPUT_READ: ridder_freeze_phi = 0 _TRUE_=1 (after class_read_flag)
DEBUG: Ridder field DISABLED. Lambda = 0.000000e+00, model_type not set to unified
BACKGROUND_INIT ENTERED: Lambda=0.00e+00
DEBUG BG_INIT ENTRY: model_type=0
DEBUG AFTER CHECKS: model_type=0 has_ridder=0
RIDDER DEBUG (background_init): has_ridder=0, Lambda_EDE_ridder=0.000000e+00, f_axion_ridder=1.000000e+16, theta_i_ridder=2.500000e+00, beta_ridder=0.000000e+00
BG_INIT: entering background_checks
BG_INIT: background_checks OK
DEBUG SHOOTING CHECK: has_ridder=0, model_type=0 (unified=1), use_shooting_EDE=0
BG_INIT: entering background_solve
BACKGROUND_SOLVE ENTERED: has_ridder=0 Lambda=0.00e+00
ABOUT TO INTEGRATE: bi_size=5 has_ridder=0 Lambda=0.00e+00
DERIVS_ENTRY: call#=255000 has_ridder=0 Lambda=0.00e+00 a=5.79e-08
BG_INIT: background_solve OK
INPUT_READ: ridder_freeze_phi = 0 _TRUE_=1 (after class_read_flag)
DEBUG: Ridder field DISABLED. Lambda = 0.000000e+00
INPUT_READ: ridder_freeze_phi = 0 _TRUE_=1 (after class_read_flag)
DEBUG: Ridder field DISABLED. Lambda = 0.000000e+00, model_type not set to unified
BACKGROUND_INIT ENTERED: Lambda=0.00e+00
DEBUG BG_INIT ENTRY: model_type=0
DEBUG AFTER CHECKS: model_type=0 has_ridder=0
RIDDER DEBUG (background_init): has_ridder=0, Lambda_EDE_ridder=0.000000e+00, f_axion_ridder=1.000000e+16,[mcmc] Progress @ 2025-11-27 01:02:23 : 1312 steps taken -- still burning in, 161 accepted steps left.
 theta_i_ridder=2.500000e+00, beta_ridder=0.000000e+00
BG_INIT: entering background_checks
BG_INIT: background_checks OK
DEBUG SHOOTING CHECK: has_ridder=0, model_type=0 (unified=1), use_shooting_EDE=0
BG_INIT: entering background_solve
BACKGROUND_SOLVE ENTERED: has_ridder=0 Lambda=0.00e+00
ABOUT TO INTEGRATE: bi_size=5 has_ridder=0 Lambda=0.00e+00
DERIVS_ENTRY: call#=260000 has_ridder=0 Lambda=0.00e+00 a=4.55e-02
BG_INIT: background_solve OK
INPUT_READ: ridder_freeze_phi = 0 _TRUE_=1 (after class_read_flag)
DEBUG: Ridder field DISABLED. Lambda = 0.000000e+00
INPUT_READ: ridder_freeze_phi = 0 _TRUE_=1 (after class_read_flag)
DEBUG: Ridder field DISABLED. Lambda = 0.000000e+00, model_type not set to unified
BACKGROUND_INIT ENTERED: Lambda=0.00e+00
DEBUG BG_INIT ENTRY: model_type=0
DEBUG AFTER CHECKS: model_type=0 has_ridder=0
RIDDER DEBUG (background_init): has_ridder=0, Lambda_EDE_ridder=0.000000e+00, f_axion_ridder=1.000000e+16, theta_i_ridder=2.500000e+00, beta_ridder=0.000000e+00
BG_INIT: entering background_checks
BG_INIT: background_checks OK
DEBUG SHOOTING CHECK: has_ridder=0, model_type=0 (unified=1), use_shooting_EDE=0
BG_INIT: entering background_solve
BACKGROUND_SOLVE ENTERED: has_ridder=0 Lambda=0.00e+00
ABOUT TO INTEGRATE: bi_size=5 has_ridder=0 Lambda=0.00e+00
BG_INIT: background_solve OK
INPUT_READ: ridder_freeze_phi = 0 _TRUE_=1 (after class_read_flag)
DEBUG: Ridder field DISABLED. Lambda = 0.000000e+00
INPUT_READ: ridder_freeze_phi = 0 _TRUE_=1 (after class_read_flag)
DEBUG: Ridder field DISABLED. Lambda = 0.000000e+00, model_type not set to unified
BACKGROUND_INIT ENTERED: Lambda=0.00e+00
DEBUG BG_INIT ENTRY: model_type=0
DEBUG AFTER CHECKS: model_type=0 has_ridder=0
RIDDER DEBUG (background_init): has_ridder=0, Lambda_EDE_ridder=0.000000e+00, f_axion_ridder=1.000000e+16, theta_i_ridder=2.500000e+00, beta_ridder=0.000000e+00
BG_INIT: entering background_checks
BG_INIT: background_checks OK
DEBUG SHOOTING CHECK: has_ridder=0, model_type=0 (unified=1), use_shooting_EDE=0
BG_INIT: entering background_solve
BACKGROUND_SOLVE ENTERED: has_ridder=0 Lambda=0.00e+00
ABOUT TO INTEGRATE: bi_size=5 has_ridder=0 Lambda=0.00e+00
DERIVS_ENTRY: call#=265000 has_ridder=0 Lambda=0.00e+00 a=8.46e-09
BG_INIT: background_solve OK
INPUT_READ: ridder_freeze_phi = 0 _TRUE_=1 (after class_read_flag)
DEBUG: Ridder field DISABLED. Lambda = 0.000000e+00
INPUT_READ: ridder_freeze_phi = 0 _TRUE_=1 (after class_read_flag)
DEBUG: Ridder field DISABLED. Lambda = 0.000000e+00, model_type not set to unified
BACKGROUND_INIT ENTERED: Lambda=0.00e+00
DEBUG BG_INIT ENTRY: model_type=0
DEBUG AFTER CHECKS: model_type=0 has_ridder=0
RIDDER DEBUG (background_init): has_ridder=0, Lambda_EDE_ridder=0.000000e+00, f_axion_ridder=1.000000e+16, theta_i_ridder=2.500000e+00, beta_ridder=0.000000e+00
BG_INIT: entering background_checks
BG_INIT: background_checks OK
DEBUG SHOOTING CHECK: has_ridder=0, model_type=0 (unified=1), use_shooting_EDE=0
BG_INIT: entering background_solve
BACKGROUND_SOLVE ENTERED: has_ridder=0 Lambda=0.00e+00
ABOUT TO INTEGRATE: bi_size=5 has_ridder=0 Lambda=0.00e+00
DERIVS_ENTRY: call#=270000 has_ridder=0 Lambda=0.00e+00 a=8.50e-04
BG_INIT: background_solve OK
INPUT_READ: ridder_freeze_phi = 0 _TRUE_=1 (after class_read_flag)
DEBUG: Ridder field DISABLED. Lambda = 0.000000e+00
INPUT_READ: ridder_freeze_phi = 0 _TRUE_=1 (after class_read_flag)
DEBUG: Ridder field DISABLED. Lambda = 0.000000e+00, model_type not set to unified
BACKGROUND_INIT ENTERED: Lambda=0.00e+00
DEBUG BG_INIT ENTRY: model_type=0
DEBUG AFTER CHECKS: model_type=0 has_ridder=0
RIDDER DEBUG (background_init): has_ridder=0, Lambda_EDE_ridder=0.000000e+00, f_axion_ridder=1.000000e+16, theta_i_ridder=2.500000e+00, beta_ridder=0.000000e+00
BG_INIT: entering background_checks
BG_INIT: background_checks OK
DEBUG SHOOTING CHECK: has_ridder=0, model_type=0 (unified=1), use_shooting_EDE=0
BG_INIT: entering background_solve
BACKGROUND_SOLVE ENTERED: has_ridder=0 Lambda=0.00e+00
ABOUT TO INTEGRATE: bi_size=5 has_ridder=0 Lambda=0.00e+00
BG_INIT: background_solve OK
INPUT_READ:[mcmc] Progress @ 2025-11-27 01:03:29 : 1374 steps taken -- still burning in, 151 accepted steps left.
[mcmc] Progress @ 2025-11-27 01:04:29 : 1474 steps taken -- still burning in, 133 accepted steps left.
 ridder_freeze_phi = 0 _TRUE_=1 (after class_read_flag)
DEBUG: Ridder field DISABLED. Lambda = 0.000000e+00
INPUT_READ: ridder_freeze_phi = 0 _TRUE_=1 (after class_read_flag)
DEBUG: Ridder field DISABLED. Lambda = 0.000000e+00, model_type not set to unified
BACKGROUND_INIT ENTERED: Lambda=0.00e+00
DEBUG BG_INIT ENTRY: model_type=0
DEBUG AFTER CHECKS: model_type=0 has_ridder=0
RIDDER DEBUG (background_init): has_ridder=0, Lambda_EDE_ridder=0.000000e+00, f_axion_ridder=1.000000e+16, theta_i_ridder=2.500000e+00, beta_ridder=0.000000e+00
BG_INIT: entering background_checks
BG_INIT: background_checks OK
DEBUG SHOOTING CHECK: has_ridder=0, model_type=0 (unified=1), use_shooting_EDE=0
BG_INIT: entering background_solve
BACKGROUND_SOLVE ENTERED: has_ridder=0 Lambda=0.00e+00
ABOUT TO INTEGRATE: bi_size=5 has_ridder=0 Lambda=0.00e+00
DERIVS_ENTRY: call#=275000 has_ridder=0 Lambda=0.00e+00 a=1.24e-09
BG_INIT: background_solve OK
INPUT_READ: ridder_freeze_phi = 0 _TRUE_=1 (after class_read_flag)
DEBUG: Ridder field DISABLED. Lambda = 0.000000e+00
INPUT_READ: ridder_freeze_phi = 0 _TRUE_=1 (after class_read_flag)
DEBUG: Ridder field DISABLED. Lambda = 0.000000e+00, model_type not set to unified
BACKGROUND_INIT ENTERED: Lambda=0.00e+00
DEBUG BG_INIT ENTRY: model_type=0
DEBUG AFTER CHECKS: model_type=0 has_ridder=0
RIDDER DEBUG (background_init): has_ridder=0, Lambda_EDE_ridder=0.000000e+00, f_axion_ridder=1.000000e+16, theta_i_ridder=2.500000e+00, beta_ridder=0.000000e+00
BG_INIT: entering background_checks
BG_INIT: background_checks OK
DEBUG SHOOTING CHECK: has_ridder=0, model_type=0 (unified=1), use_shooting_EDE=0
BG_INIT: entering background_solve
BACKGROUND_SOLVE ENTERED: has_ridder=0 Lambda=0.00e+00
ABOUT TO INTEGRATE: bi_size=5 has_ridder=0 Lambda=0.00e+00
DERIVS_ENTRY: call#=280000 has_ridder=0 Lambda=0.00e+00 a=6.15e-05
BG_INIT: background_solve OK
INPUT_READ: ridder_freeze_phi = 0 _TRUE_=1 (after class_read_flag)
DEBUG: Ridder field DISABLED. Lambda = 0.000000e+00
INPUT_READ: ridder_freeze_phi = 0 _TRUE_=1 (after class_read_flag)
DEBUG: Ridder field DISABLED. Lambda = 0.000000e+00, model_type not set to unified
BACKGROUND_INIT ENTERED: Lambda=0.00e+00
DEBUG BG_INIT ENTRY: model_type=0
DEBUG AFTER CHECKS: model_type=0 has_ridder=0
RIDDER DEBUG (background_init): has_ridder=0, Lambda_EDE_ridder=0.000000e+00, f_axion_ridder=1.000000e+16, theta_i_ridder=2.500000e+00, beta_ridder=0.000000e+00
BG_INIT: entering background_checks
BG_INIT: background_checks OK
DEBUG SHOOTING CHECK: has_ridder=0, model_type=0 (unified=1), use_shooting_EDE=0
BG_INIT: entering background_solve
BACKGROUND_SOLVE ENTERED: has_ridder=0 Lambda=0.00e+00
ABOUT TO INTEGRATE: bi_size=5 has_ridder=0 Lambda=0.00e+00
BG_INIT: background_solve OK
INPUT_READ: ridder_freeze_phi = 0 _TRUE_=1 (after class_read_flag)
DEBUG: Ridder field DISABLED. Lambda = 0.000000e+00
INPUT_READ: ridder_freeze_phi = 0 _TRUE_=1 (after class_read_flag)
DEBUG: Ridder field DISABLED. Lambda = 0.000000e+00, model_type not set to unified
BACKGROUND_INIT ENTERED: Lambda=0.00e+00
DEBUG BG_INIT ENTRY: model_type=0
DEBUG AFTER CHECKS: model_type=0 has_ridder=0
RIDDER DEBUG (background_init): has_ridder=0, Lambda_EDE_ridder=0.000000e+00, f_axion_ridder=1.000000e+16, theta_i_ridder=2.500000e+00, beta_ridder=0.000000e+00
BG_INIT: entering background_checks
BG_INIT: background_checks OK
DEBUG SHOOTING CHECK: has_ridder=0, model_type=0 (unified=1), use_shooting_EDE=0
BG_INIT: entering background_solve
BACKGROUND_SOLVE ENTERED: has_ridder=0 Lambda=0.00e+00
ABOUT TO INTEGRATE: bi_size=5 has_ridder=0 Lambda=0.00e+00
DERIVS_ENTRY: call#=285000 has_ridder=0 Lambda=0.00e+00 a=1.83e-10
BG_INIT: background_solve OK
INPUT_READ: ridder_freeze_phi = 0 _TRUE_=1 (after class_read_flag)
DEBUG: Ridder field DISABLED. Lambda = 0.000000e+00
INPUT_READ: ridder_freeze_phi = 0 _TRUE_=1 (after class_read_flag)
DEBUG: Ridder field DISABLED. Lambda = 0.000000e+00, model_type not set to unified
BACKGROUND_INIT ENTERED: Lambda=0.00e+00
DEBUG BG_INIT ENTRY: model_type=0
DEBUG AFTER CHECKS: model_type=0 has_ridder=0
RIDDER DEBUG[mcmc] Progress @ 2025-11-27 01:05:40 : 1549 steps taken -- still burning in, 122 accepted steps left.
 (background_init): has_ridder=0, Lambda_EDE_ridder=0.000000e+00, f_axion_ridder=1.000000e+16, theta_i_ridder=2.500000e+00, beta_ridder=0.000000e+00
BG_INIT: entering background_checks
BG_INIT: background_checks OK
DEBUG SHOOTING CHECK: has_ridder=0, model_type=0 (unified=1), use_shooting_EDE=0
BG_INIT: entering background_solve
BACKGROUND_SOLVE ENTERED: has_ridder=0 Lambda=0.00e+00
ABOUT TO INTEGRATE: bi_size=5 has_ridder=0 Lambda=0.00e+00
DERIVS_ENTRY: call#=290000 has_ridder=0 Lambda=0.00e+00 a=9.10e-06
BG_INIT: background_solve OK
INPUT_READ: ridder_freeze_phi = 0 _TRUE_=1 (after class_read_flag)
DEBUG: Ridder field DISABLED. Lambda = 0.000000e+00
INPUT_READ: ridder_freeze_phi = 0 _TRUE_=1 (after class_read_flag)
DEBUG: Ridder field DISABLED. Lambda = 0.000000e+00, model_type not set to unified
BACKGROUND_INIT ENTERED: Lambda=0.00e+00
DEBUG BG_INIT ENTRY: model_type=0
DEBUG AFTER CHECKS: model_type=0 has_ridder=0
RIDDER DEBUG (background_init): has_ridder=0, Lambda_EDE_ridder=0.000000e+00, f_axion_ridder=1.000000e+16, theta_i_ridder=2.500000e+00, beta_ridder=0.000000e+00
BG_INIT: entering background_checks
BG_INIT: background_checks OK
DEBUG SHOOTING CHECK: has_ridder=0, model_type=0 (unified=1), use_shooting_EDE=0
BG_INIT: entering background_solve
BACKGROUND_SOLVE ENTERED: has_ridder=0 Lambda=0.00e+00
ABOUT TO INTEGRATE: bi_size=5 has_ridder=0 Lambda=0.00e+00
BG_INIT: background_solve OK
INPUT_READ: ridder_freeze_phi = 0 _TRUE_=1 (after class_read_flag)
DEBUG: Ridder field DISABLED. Lambda = 0.000000e+00
INPUT_READ: ridder_freeze_phi = 0 _TRUE_=1 (after class_read_flag)
DEBUG: Ridder field DISABLED. Lambda = 0.000000e+00, model_type not set to unified
BACKGROUND_INIT ENTERED: Lambda=0.00e+00
DEBUG BG_INIT ENTRY: model_type=0
DEBUG AFTER CHECKS: model_type=0 has_ridder=0
RIDDER DEBUG (background_init): has_ridder=0, Lambda_EDE_ridder=0.000000e+00, f_axion_ridder=1.000000e+16, theta_i_ridder=2.500000e+00, beta_ridder=0.000000e+00
BG_INIT: entering background_checks
BG_INIT: background_checks OK
DEBUG SHOOTING CHECK: has_ridder=0, model_type=0 (unified=1), use_shooting_EDE=0
BG_INIT: entering background_solve
BACKGROUND_SOLVE ENTERED: has_ridder=0 Lambda=0.00e+00
ABOUT TO INTEGRATE: bi_size=5 has_ridder=0 Lambda=0.00e+00
DERIVS_ENTRY: call#=295000 has_ridder=0 Lambda=0.00e+00 a=1.18e-11
BG_INIT: background_solve OK
INPUT_READ: ridder_freeze_phi = 0 _TRUE_=1 (after class_read_flag)
DEBUG: Ridder field DISABLED. Lambda = 0.000000e+00
INPUT_READ: ridder_freeze_phi = 0 _TRUE_=1 (after class_read_flag)
DEBUG: Ridder field DISABLED. Lambda = 0.000000e+00, model_type not set to unified
BACKGROUND_INIT ENTERED: Lambda=0.00e+00
DEBUG BG_INIT ENTRY: model_type=0
DEBUG AFTER CHECKS: model_type=0 has_ridder=0
RIDDER DEBUG (background_init): has_ridder=0, Lambda_EDE_ridder=0.000000e+00, f_axion_ridder=1.000000e+16, theta_i_ridder=2.500000e+00, beta_ridder=0.000000e+00
BG_INIT: entering background_checks
BG_INIT: background_checks OK
DEBUG SHOOTING CHECK: has_ridder=0, model_type=0 (unified=1), use_shooting_EDE=0
BG_INIT: entering background_solve
BACKGROUND_SOLVE ENTERED: has_ridder=0 Lambda=0.00e+00
ABOUT TO INTEGRATE: bi_size=5 has_ridder=0 Lambda=0.00e+00
DERIVS_ENTRY: call#=300000 has_ridder=0 Lambda=0.00e+00 a=1.46e-06
BG_INIT: background_solve OK
INPUT_READ: ridder_freeze_phi = 0 _TRUE_=1 (after class_read_flag)
DEBUG: Ridder field DISABLED. Lambda = 0.000000e+00
INPUT_READ: ridder_freeze_phi = 0 _TRUE_=1 (after class_read_flag)
DEBUG: Ridder field DISABLED. Lambda = 0.000000e+00, model_type not set to unified
BACKGROUND_INIT ENTERED: Lambda=0.00e+00
DEBUG BG_INIT ENTRY: model_type=0
DEBUG AFTER CHECKS: model_type=0 has_ridder=0
RIDDER DEBUG (background_init): has_ridder=0, Lambda_EDE_ridder=0.000000e+00, f_axion_ridder=1.000000e+16, theta_i_ridder=2.500000e+00, beta_ridder=0.000000e+00
BG_INIT: entering background_checks
BG_INIT: background_checks OK
DEBUG SHOOTING CHECK: has_ridder=0, model_type=0 (unified=1), use_shooting_EDE=0
BG_INIT: entering background_solve
BACKGROUND_SOLVE ENTERED: has_ridder=0 Lambda=0.00e+00
ABOUT[mcmc] Progress @ 2025-11-27 01:06:50 : 1638 steps taken -- still burning in, 105 accepted steps left.
 TO INTEGRATE: bi_size=5 has_ridder=0 Lambda=0.00e+00
BG_INIT: background_solve OK
INPUT_READ: ridder_freeze_phi = 0 _TRUE_=1 (after class_read_flag)
DEBUG: Ridder field DISABLED. Lambda = 0.000000e+00
INPUT_READ: ridder_freeze_phi = 0 _TRUE_=1 (after class_read_flag)
DEBUG: Ridder field DISABLED. Lambda = 0.000000e+00, model_type not set to unified
BACKGROUND_INIT ENTERED: Lambda=0.00e+00
DEBUG BG_INIT ENTRY: model_type=0
DEBUG AFTER CHECKS: model_type=0 has_ridder=0
RIDDER DEBUG (background_init): has_ridder=0, Lambda_EDE_ridder=0.000000e+00, f_axion_ridder=1.000000e+16, theta_i_ridder=2.500000e+00, beta_ridder=0.000000e+00
BG_INIT: entering background_checks
BG_INIT: background_checks OK
DEBUG SHOOTING CHECK: has_ridder=0, model_type=0 (unified=1), use_shooting_EDE=0
BG_INIT: entering background_solve
BACKGROUND_SOLVE ENTERED: has_ridder=0 Lambda=0.00e+00
ABOUT TO INTEGRATE: bi_size=5 has_ridder=0 Lambda=0.00e+00
DERIVS_ENTRY: call#=305000 has_ridder=0 Lambda=0.00e+00 a=9.03e-13
BG_INIT: background_solve OK
INPUT_READ: ridder_freeze_phi = 0 _TRUE_=1 (after class_read_flag)
DEBUG: Ridder field DISABLED. Lambda = 0.000000e+00
INPUT_READ: ridder_freeze_phi = 0 _TRUE_=1 (after class_read_flag)
DEBUG: Ridder field DISABLED. Lambda = 0.000000e+00, model_type not set to unified
BACKGROUND_INIT ENTERED: Lambda=0.00e+00
DEBUG BG_INIT ENTRY: model_type=0
DEBUG AFTER CHECKS: model_type=0 has_ridder=0
RIDDER DEBUG (background_init): has_ridder=0, Lambda_EDE_ridder=0.000000e+00, f_axion_ridder=1.000000e+16, theta_i_ridder=2.500000e+00, beta_ridder=0.000000e+00
BG_INIT: entering background_checks
BG_INIT: background_checks OK
DEBUG SHOOTING CHECK: has_ridder=0, model_type=0 (unified=1), use_shooting_EDE=0
BG_INIT: entering background_solve
BACKGROUND_SOLVE ENTERED: has_ridder=0 Lambda=0.00e+00
ABOUT TO INTEGRATE: bi_size=5 has_ridder=0 Lambda=0.00e+00
DERIVS_ENTRY: call#=310000 has_ridder=0 Lambda=0.00e+00 a=6.33e-07
BG_INIT: background_solve OK
INPUT_READ: ridder_freeze_phi = 0 _TRUE_=1 (after class_read_flag)
DEBUG: Ridder field DISABLED. Lambda = 0.000000e+00
INPUT_READ: ridder_freeze_phi = 0 _TRUE_=1 (after class_read_flag)
DEBUG: Ridder field DISABLED. Lambda = 0.000000e+00, model_type not set to unified
BACKGROUND_INIT ENTERED: Lambda=0.00e+00
DEBUG BG_INIT ENTRY: model_type=0
DEBUG AFTER CHECKS: model_type=0 has_ridder=0
RIDDER DEBUG (background_init): has_ridder=0, Lambda_EDE_ridder=0.000000e+00, f_axion_ridder=1.000000e+16, theta_i_ridder=2.500000e+00, beta_ridder=0.000000e+00
BG_INIT: entering background_checks
BG_INIT: background_checks OK
DEBUG SHOOTING CHECK: has_ridder=0, model_type=0 (unified=1), use_shooting_EDE=0
BG_INIT: entering background_solve
BACKGROUND_SOLVE ENTERED: has_ridder=0 Lambda=0.00e+00
ABOUT TO INTEGRATE: bi_size=5 has_ridder=0 Lambda=0.00e+00
DERIVS_ENTRY: call#=315000 has_ridder=0 Lambda=0.00e+00 a=8.37e-01
BG_INIT: background_solve OK
INPUT_READ: ridder_freeze_phi = 0 _TRUE_=1 (after class_read_flag)
DEBUG: Ridder field DISABLED. Lambda = 0.000000e+00
INPUT_READ: ridder_freeze_phi = 0 _TRUE_=1 (after class_read_flag)
DEBUG: Ridder field DISABLED. Lambda = 0.000000e+00, model_type not set to unified
BACKGROUND_INIT ENTERED: Lambda=0.00e+00
DEBUG BG_INIT ENTRY: model_type=0
DEBUG AFTER CHECKS: model_type=0 has_ridder=0
RIDDER DEBUG (background_init): has_ridder=0, Lambda_EDE_ridder=0.000000e+00, f_axion_ridder=1.000000e+16, theta_i_ridder=2.500000e+00, beta_ridder=0.000000e+00
BG_INIT: entering background_checks
BG_INIT: background_checks OK
DEBUG SHOOTING CHECK: has_ridder=0, model_type=0 (unified=1), use_shooting_EDE=0
BG_INIT: entering background_solve
BACKGROUND_SOLVE ENTERED: has_ridder=0 Lambda=0.00e+00
ABOUT TO INTEGRATE: bi_size=5 has_ridder=0 Lambda=0.00e+00
BG_INIT: background_solve OK
INPUT_READ: ridder_freeze_phi = 0 _TRUE_=1 (after class_read_flag)
DEBUG: Ridder field DISABLED. Lambda = 0.000000e+00
INPUT_READ: ridder_freeze_phi = 0 _TRUE_=1 (after class_read_flag)
DEBUG: Ridder field DISABLED. Lambda = 0.000000e+00, model_type not set to unified
BACKGROUND_INIT ENTERED: Lambda=0.00e+0[mcmc] Progress @ 2025-11-27 01:07:53 : 1681 steps taken -- still burning in, 100 accepted steps left.
0
DEBUG BG_INIT ENTRY: model_type=0
DEBUG AFTER CHECKS: model_type=0 has_ridder=0
RIDDER DEBUG (background_init): has_ridder=0, Lambda_EDE_ridder=0.000000e+00, f_axion_ridder=1.000000e+16, theta_i_ridder=2.500000e+00, beta_ridder=0.000000e+00
BG_INIT: entering background_checks
BG_INIT: background_checks OK
DEBUG SHOOTING CHECK: has_ridder=0, model_type=0 (unified=1), use_shooting_EDE=0
BG_INIT: entering background_solve
BACKGROUND_SOLVE ENTERED: has_ridder=0 Lambda=0.00e+00
ABOUT TO INTEGRATE: bi_size=5 has_ridder=0 Lambda=0.00e+00
DERIVS_ENTRY: call#=320000 has_ridder=0 Lambda=0.00e+00 a=9.24e-08
BG_INIT: background_solve OK
INPUT_READ: ridder_freeze_phi = 0 _TRUE_=1 (after class_read_flag)
DEBUG: Ridder field DISABLED. Lambda = 0.000000e+00
INPUT_READ: ridder_freeze_phi = 0 _TRUE_=1 (after class_read_flag)
DEBUG: Ridder field DISABLED. Lambda = 0.000000e+00, model_type not set to unified
BACKGROUND_INIT ENTERED: Lambda=0.00e+00
DEBUG BG_INIT ENTRY: model_type=0
DEBUG AFTER CHECKS: model_type=0 has_ridder=0
RIDDER DEBUG (background_init): has_ridder=0, Lambda_EDE_ridder=0.000000e+00, f_axion_ridder=1.000000e+16, theta_i_ridder=2.500000e+00, beta_ridder=0.000000e+00
BG_INIT: entering background_checks
BG_INIT: background_checks OK
DEBUG SHOOTING CHECK: has_ridder=0, model_type=0 (unified=1), use_shooting_EDE=0
BG_INIT: entering background_solve
BACKGROUND_SOLVE ENTERED: has_ridder=0 Lambda=0.00e+00
ABOUT TO INTEGRATE: bi_size=5 has_ridder=0 Lambda=0.00e+00
DERIVS_ENTRY: call#=325000 has_ridder=0 Lambda=0.00e+00 a=1.04e-01
BG_INIT: background_solve OK
INPUT_READ: ridder_freeze_phi = 0 _TRUE_=1 (after class_read_flag)
DEBUG: Ridder field DISABLED. Lambda = 0.000000e+00
INPUT_READ: ridder_freeze_phi = 0 _TRUE_=1 (after class_read_flag)
DEBUG: Ridder field DISABLED. Lambda = 0.000000e+00, model_type not set to unified
BACKGROUND_INIT ENTERED: Lambda=0.00e+00
DEBUG BG_INIT ENTRY: model_type=0
DEBUG AFTER CHECKS: model_type=0 has_ridder=0
RIDDER DEBUG (background_init): has_ridder=0, Lambda_EDE_ridder=0.000000e+00, f_axion_ridder=1.000000e+16, theta_i_ridder=2.500000e+00, beta_ridder=0.000000e+00
BG_INIT: entering background_checks
BG_INIT: background_checks OK
DEBUG SHOOTING CHECK: has_ridder=0, model_type=0 (unified=1), use_shooting_EDE=0
BG_INIT: entering background_solve
BACKGROUND_SOLVE ENTERED: has_ridder=0 Lambda=0.00e+00
ABOUT TO INTEGRATE: bi_size=5 has_ridder=0 Lambda=0.00e+00
BG_INIT: background_solve OK
INPUT_READ: ridder_freeze_phi = 0 _TRUE_=1 (after class_read_flag)
DEBUG: Ridder field DISABLED. Lambda = 0.000000e+00
INPUT_READ: ridder_freeze_phi = 0 _TRUE_=1 (after class_read_flag)
DEBUG: Ridder field DISABLED. Lambda = 0.000000e+00, model_type not set to unified
BACKGROUND_INIT ENTERED: Lambda=0.00e+00
DEBUG BG_INIT ENTRY: model_type=0
DEBUG AFTER CHECKS: model_type=0 has_ridder=0
RIDDER DEBUG (background_init): has_ridder=0, Lambda_EDE_ridder=0.000000e+00, f_axion_ridder=1.000000e+16, theta_i_ridder=2.500000e+00, beta_ridder=0.000000e+00
BG_INIT: entering background_checks
BG_INIT: background_checks OK
DEBUG SHOOTING CHECK: has_ridder=0, model_type=0 (unified=1), use_shooting_EDE=0
BG_INIT: entering background_solve
BACKGROUND_SOLVE ENTERED: has_ridder=0 Lambda=0.00e+00
ABOUT TO INTEGRATE: bi_size=5 has_ridder=0 Lambda=0.00e+00
DERIVS_ENTRY: call#=330000 has_ridder=0 Lambda=0.00e+00 a=1.30e-08
BG_INIT: background_solve OK
INPUT_READ: ridder_freeze_phi = 0 _TRUE_=1 (after class_read_flag)
DEBUG: Ridder field DISABLED. Lambda = 0.000000e+00
INPUT_READ: ridder_freeze_phi = 0 _TRUE_=1 (after class_read_flag)
DEBUG: Ridder field DISABLED. Lambda = 0.000000e+00, model_type not set to unified
BACKGROUND_INIT ENTERED: Lambda=0.00e+00
DEBUG BG_INIT ENTRY: model_type=0
DEBUG AFTER CHECKS: model_type=0 has_ridder=0
RIDDER DEBUG (background_init): has_ridder=0, Lambda_EDE_ridder=0.000000e+00, f_axion_ridder=1.000000e+16, theta_i_ridder=2.500000e+00, beta_ridder=0.000000e+00
BG_INIT: entering background_checks
BG_INIT: background_checks OK
DEBUG SHOOTING CHECK: has_ridder=0, model_type=0 (unified=1), use_shooting_EDE=0
B[mcmc] Progress @ 2025-11-27 01:08:53 : 1761 steps taken -- still burning in, 82 accepted steps left.
[mcmc] Progress @ 2025-11-27 01:09:58 : 1854 steps taken -- still burning in, 65 accepted steps left.
G_INIT: entering background_solve
BACKGROUND_SOLVE ENTERED: has_ridder=0 Lambda=0.00e+00
ABOUT TO INTEGRATE: bi_size=5 has_ridder=0 Lambda=0.00e+00
DERIVS_ENTRY: call#=335000 has_ridder=0 Lambda=0.00e+00 a=2.12e-03
BG_INIT: background_solve OK
INPUT_READ: ridder_freeze_phi = 0 _TRUE_=1 (after class_read_flag)
DEBUG: Ridder field DISABLED. Lambda = 0.000000e+00
INPUT_READ: ridder_freeze_phi = 0 _TRUE_=1 (after class_read_flag)
DEBUG: Ridder field DISABLED. Lambda = 0.000000e+00, model_type not set to unified
BACKGROUND_INIT ENTERED: Lambda=0.00e+00
DEBUG BG_INIT ENTRY: model_type=0
DEBUG AFTER CHECKS: model_type=0 has_ridder=0
RIDDER DEBUG (background_init): has_ridder=0, Lambda_EDE_ridder=0.000000e+00, f_axion_ridder=1.000000e+16, theta_i_ridder=2.500000e+00, beta_ridder=0.000000e+00
BG_INIT: entering background_checks
BG_INIT: background_checks OK
DEBUG SHOOTING CHECK: has_ridder=0, model_type=0 (unified=1), use_shooting_EDE=0
BG_INIT: entering background_solve
BACKGROUND_SOLVE ENTERED: has_ridder=0 Lambda=0.00e+00
ABOUT TO INTEGRATE: bi_size=5 has_ridder=0 Lambda=0.00e+00
BG_INIT: background_solve OK
INPUT_READ: ridder_freeze_phi = 0 _TRUE_=1 (after class_read_flag)
DEBUG: Ridder field DISABLED. Lambda = 0.000000e+00
INPUT_READ: ridder_freeze_phi = 0 _TRUE_=1 (after class_read_flag)
DEBUG: Ridder field DISABLED. Lambda = 0.000000e+00, model_type not set to unified
BACKGROUND_INIT ENTERED: Lambda=0.00e+00
DEBUG BG_INIT ENTRY: model_type=0
DEBUG AFTER CHECKS: model_type=0 has_ridder=0
RIDDER DEBUG (background_init): has_ridder=0, Lambda_EDE_ridder=0.000000e+00, f_axion_ridder=1.000000e+16, theta_i_ridder=2.500000e+00, beta_ridder=0.000000e+00
BG_INIT: entering background_checks
BG_INIT: background_checks OK
DEBUG SHOOTING CHECK: has_ridder=0, model_type=0 (unified=1), use_shooting_EDE=0
BG_INIT: entering background_solve
BACKGROUND_SOLVE ENTERED: has_ridder=0 Lambda=0.00e+00
ABOUT TO INTEGRATE: bi_size=5 has_ridder=0 Lambda=0.00e+00
DERIVS_ENTRY: call#=340000 has_ridder=0 Lambda=0.00e+00 a=1.92e-09
BG_INIT: background_solve OK
INPUT_READ: ridder_freeze_phi = 0 _TRUE_=1 (after class_read_flag)
DEBUG: Ridder field DISABLED. Lambda = 0.000000e+00
INPUT_READ: ridder_freeze_phi = 0 _TRUE_=1 (after class_read_flag)
DEBUG: Ridder field DISABLED. Lambda = 0.000000e+00, model_type not set to unified
BACKGROUND_INIT ENTERED: Lambda=0.00e+00
DEBUG BG_INIT ENTRY: model_type=0
DEBUG AFTER CHECKS: model_type=0 has_ridder=0
RIDDER DEBUG (background_init): has_ridder=0, Lambda_EDE_ridder=0.000000e+00, f_axion_ridder=1.000000e+16, theta_i_ridder=2.500000e+00, beta_ridder=0.000000e+00
BG_INIT: entering background_checks
BG_INIT: background_checks OK
DEBUG SHOOTING CHECK: has_ridder=0, model_type=0 (unified=1), use_shooting_EDE=0
BG_INIT: entering background_solve
BACKGROUND_SOLVE ENTERED: has_ridder=0 Lambda=0.00e+00
ABOUT TO INTEGRATE: bi_size=5 has_ridder=0 Lambda=0.00e+00
DERIVS_ENTRY: call#=345000 has_ridder=0 Lambda=0.00e+00 a=9.29e-05
BG_INIT: background_solve OK
INPUT_READ: ridder_freeze_phi = 0 _TRUE_=1 (after class_read_flag)
DEBUG: Ridder field DISABLED. Lambda = 0.000000e+00
INPUT_READ: ridder_freeze_phi = 0 _TRUE_=1 (after class_read_flag)
DEBUG: Ridder field DISABLED. Lambda = 0.000000e+00, model_type not set to unified
BACKGROUND_INIT ENTERED: Lambda=0.00e+00
DEBUG BG_INIT ENTRY: model_type=0
DEBUG AFTER CHECKS: model_type=0 has_ridder=0
RIDDER DEBUG (background_init): has_ridder=0, Lambda_EDE_ridder=0.000000e+00, f_axion_ridder=1.000000e+16, theta_i_ridder=2.500000e+00, beta_ridder=0.000000e+00
BG_INIT: entering background_checks
BG_INIT: background_checks OK
DEBUG SHOOTING CHECK: has_ridder=0, model_type=0 (unified=1), use_shooting_EDE=0
BG_INIT: entering background_solve
BACKGROUND_SOLVE ENTERED: has_ridder=0 Lambda=0.00e+00
ABOUT TO INTEGRATE: bi_size=5 has_ridder=0 Lambda=0.00e+00
BG_INIT: background_solve OK
INPUT_READ: ridder_freeze_phi = 0 _TRUE_=1 (after class_read_flag)
DEBUG: Ridder field DISABLED. Lambda = 0.000000e+00
INPUT_READ: ridder_freeze_phi = 0 _TRUE_=1 (after class_read_flag)
DEBUG: Ridder field DISABLED[mcmc] Progress @ 2025-11-27 01:10:59 : 1887 steps taken -- still burning in, 59 accepted steps left.
. Lambda = 0.000000e+00, model_type not set to unified
BACKGROUND_INIT ENTERED: Lambda=0.00e+00
DEBUG BG_INIT ENTRY: model_type=0
DEBUG AFTER CHECKS: model_type=0 has_ridder=0
RIDDER DEBUG (background_init): has_ridder=0, Lambda_EDE_ridder=0.000000e+00, f_axion_ridder=1.000000e+16, theta_i_ridder=2.500000e+00, beta_ridder=0.000000e+00
BG_INIT: entering background_checks
BG_INIT: background_checks OK
DEBUG SHOOTING CHECK: has_ridder=0, model_type=0 (unified=1), use_shooting_EDE=0
BG_INIT: entering background_solve
BACKGROUND_SOLVE ENTERED: has_ridder=0 Lambda=0.00e+00
ABOUT TO INTEGRATE: bi_size=5 has_ridder=0 Lambda=0.00e+00
DERIVS_ENTRY: call#=350000 has_ridder=0 Lambda=0.00e+00 a=2.69e-10
BG_INIT: background_solve OK
INPUT_READ: ridder_freeze_phi = 0 _TRUE_=1 (after class_read_flag)
DEBUG: Ridder field DISABLED. Lambda = 0.000000e+00
INPUT_READ: ridder_freeze_phi = 0 _TRUE_=1 (after class_read_flag)
DEBUG: Ridder field DISABLED. Lambda = 0.000000e+00, model_type not set to unified
BACKGROUND_INIT ENTERED: Lambda=0.00e+00
DEBUG BG_INIT ENTRY: model_type=0
DEBUG AFTER CHECKS: model_type=0 has_ridder=0
RIDDER DEBUG (background_init): has_ridder=0, Lambda_EDE_ridder=0.000000e+00, f_axion_ridder=1.000000e+16, theta_i_ridder=2.500000e+00, beta_ridder=0.000000e+00
BG_INIT: entering background_checks
BG_INIT: background_checks OK
DEBUG SHOOTING CHECK: has_ridder=0, model_type=0 (unified=1), use_shooting_EDE=0
BG_INIT: entering background_solve
BACKGROUND_SOLVE ENTERED: has_ridder=0 Lambda=0.00e+00
ABOUT TO INTEGRATE: bi_size=5 has_ridder=0 Lambda=0.00e+00
DERIVS_ENTRY: call#=355000 has_ridder=0 Lambda=0.00e+00 a=1.30e-05
BG_INIT: background_solve OK
INPUT_READ: ridder_freeze_phi = 0 _TRUE_=1 (after class_read_flag)
DEBUG: Ridder field DISABLED. Lambda = 0.000000e+00
INPUT_READ: ridder_freeze_phi = 0 _TRUE_=1 (after class_read_flag)
DEBUG: Ridder field DISABLED. Lambda = 0.000000e+00, model_type not set to unified
BACKGROUND_INIT ENTERED: Lambda=0.00e+00
DEBUG BG_INIT ENTRY: model_type=0
DEBUG AFTER CHECKS: model_type=0 has_ridder=0
RIDDER DEBUG (background_init): has_ridder=0, Lambda_EDE_ridder=0.000000e+00, f_axion_ridder=1.000000e+16, theta_i_ridder=2.500000e+00, beta_ridder=0.000000e+00
BG_INIT: entering background_checks
BG_INIT: background_checks OK
DEBUG SHOOTING CHECK: has_ridder=0, model_type=0 (unified=1), use_shooting_EDE=0
BG_INIT: entering background_solve
BACKGROUND_SOLVE ENTERED: has_ridder=0 Lambda=0.00e+00
ABOUT TO INTEGRATE: bi_size=5 has_ridder=0 Lambda=0.00e+00
BG_INIT: background_solve OK
INPUT_READ: ridder_freeze_phi = 0 _TRUE_=1 (after class_read_flag)
DEBUG: Ridder field DISABLED. Lambda = 0.000000e+00
INPUT_READ: ridder_freeze_phi = 0 _TRUE_=1 (after class_read_flag)
DEBUG: Ridder field DISABLED. Lambda = 0.000000e+00, model_type not set to unified
BACKGROUND_INIT ENTERED: Lambda=0.00e+00
DEBUG BG_INIT ENTRY: model_type=0
DEBUG AFTER CHECKS: model_type=0 has_ridder=0
RIDDER DEBUG (background_init): has_ridder=0, Lambda_EDE_ridder=0.000000e+00, f_axion_ridder=1.000000e+16, theta_i_ridder=2.500000e+00, beta_ridder=0.000000e+00
BG_INIT: entering background_checks
BG_INIT: background_checks OK
DEBUG SHOOTING CHECK: has_ridder=0, model_type=0 (unified=1), use_shooting_EDE=0
BG_INIT: entering background_solve
BACKGROUND_SOLVE ENTERED: has_ridder=0 Lambda=0.00e+00
ABOUT TO INTEGRATE: bi_size=5 has_ridder=0 Lambda=0.00e+00
DERIVS_ENTRY: call#=360000 has_ridder=0 Lambda=0.00e+00 a=3.22e-11
BG_INIT: background_solve OK
INPUT_READ: ridder_freeze_phi = 0 _TRUE_=1 (after class_read_flag)
DEBUG: Ridder field DISABLED. Lambda = 0.000000e+00
INPUT_READ: ridder_freeze_phi = 0 _TRUE_=1 (after class_read_flag)
DEBUG: Ridder field DISABLED. Lambda = 0.000000e+00, model_type not set to unified
BACKGROUND_INIT ENTERED: Lambda=0.00e+00
DEBUG BG_INIT ENTRY: model_type=0
DEBUG AFTER CHECKS: model_type=0 has_ridder=0
RIDDER DEBUG (background_init): has_ridder=0, Lambda_EDE_ridder=0.000000e+00, f_axion_ridder=1.000000e+16, theta_i_ridder=2.500000e+00, beta_ridder=0.000000e+00
BG_INIT: entering background_checks
BG_INIT: backgroun[mcmc] Progress @ 2025-11-27 01:12:03 : 1942 steps taken -- still burning in, 50 accepted steps left.
d_checks OK
DEBUG SHOOTING CHECK: has_ridder=0, model_type=0 (unified=1), use_shooting_EDE=0
BG_INIT: entering background_solve
BACKGROUND_SOLVE ENTERED: has_ridder=0 Lambda=0.00e+00
ABOUT TO INTEGRATE: bi_size=5 has_ridder=0 Lambda=0.00e+00
DERIVS_ENTRY: call#=365000 has_ridder=0 Lambda=0.00e+00 a=1.95e-06
BG_INIT: background_solve OK
INPUT_READ: ridder_freeze_phi = 0 _TRUE_=1 (after class_read_flag)
DEBUG: Ridder field DISABLED. Lambda = 0.000000e+00
INPUT_READ: ridder_freeze_phi = 0 _TRUE_=1 (after class_read_flag)
DEBUG: Ridder field DISABLED. Lambda = 0.000000e+00, model_type not set to unified
BACKGROUND_INIT ENTERED: Lambda=0.00e+00
DEBUG BG_INIT ENTRY: model_type=0
DEBUG AFTER CHECKS: model_type=0 has_ridder=0
RIDDER DEBUG (background_init): has_ridder=0, Lambda_EDE_ridder=0.000000e+00, f_axion_ridder=1.000000e+16, theta_i_ridder=2.500000e+00, beta_ridder=0.000000e+00
BG_INIT: entering background_checks
BG_INIT: background_checks OK
DEBUG SHOOTING CHECK: has_ridder=0, model_type=0 (unified=1), use_shooting_EDE=0
BG_INIT: entering background_solve
BACKGROUND_SOLVE ENTERED: has_ridder=0 Lambda=0.00e+00
ABOUT TO INTEGRATE: bi_size=5 has_ridder=0 Lambda=0.00e+00
BG_INIT: background_solve OK
INPUT_READ: ridder_freeze_phi = 0 _TRUE_=1 (after class_read_flag)
DEBUG: Ridder field DISABLED. Lambda = 0.000000e+00
INPUT_READ: ridder_freeze_phi = 0 _TRUE_=1 (after class_read_flag)
DEBUG: Ridder field DISABLED. Lambda = 0.000000e+00, model_type not set to unified
BACKGROUND_INIT ENTERED: Lambda=0.00e+00
DEBUG BG_INIT ENTRY: model_type=0
DEBUG AFTER CHECKS: model_type=0 has_ridder=0
RIDDER DEBUG (background_init): has_ridder=0, Lambda_EDE_ridder=0.000000e+00, f_axion_ridder=1.000000e+16, theta_i_ridder=2.500000e+00, beta_ridder=0.000000e+00
BG_INIT: entering background_checks
BG_INIT: background_checks OK
DEBUG SHOOTING CHECK: has_ridder=0, model_type=0 (unified=1), use_shooting_EDE=0
BG_INIT: entering background_solve
BACKGROUND_SOLVE ENTERED: has_ridder=0 Lambda=0.00e+00
ABOUT TO INTEGRATE: bi_size=5 has_ridder=0 Lambda=0.00e+00
DERIVS_ENTRY: call#=370000 has_ridder=0 Lambda=0.00e+00 a=4.94e-14
BG_INIT: background_solve OK
INPUT_READ: ridder_freeze_phi = 0 _TRUE_=1 (after class_read_flag)
DEBUG: Ridder field DISABLED. Lambda = 0.000000e+00
INPUT_READ: ridder_freeze_phi = 0 _TRUE_=1 (after class_read_flag)
DEBUG: Ridder field DISABLED. Lambda = 0.000000e+00, model_type not set to unified
BACKGROUND_INIT ENTERED: Lambda=0.00e+00
DEBUG BG_INIT ENTRY: model_type=0
DEBUG AFTER CHECKS: model_type=0 has_ridder=0
RIDDER DEBUG (background_init): has_ridder=0, Lambda_EDE_ridder=0.000000e+00, f_axion_ridder=1.000000e+16, theta_i_ridder=2.500000e+00, beta_ridder=0.000000e+00
BG_INIT: entering background_checks
BG_INIT: background_checks OK
DEBUG SHOOTING CHECK: has_ridder=0, model_type=0 (unified=1), use_shooting_EDE=0
BG_INIT: entering background_solve
BACKGROUND_SOLVE ENTERED: has_ridder=0 Lambda=0.00e+00
ABOUT TO INTEGRATE: bi_size=5 has_ridder=0 Lambda=0.00e+00
DERIVS_ENTRY: call#=375000 has_ridder=0 Lambda=0.00e+00 a=2.70e-07
BG_INIT: background_solve OK
INPUT_READ: ridder_freeze_phi = 0 _TRUE_=1 (after class_read_flag)
DEBUG: Ridder field DISABLED. Lambda = 0.000000e+00
INPUT_READ: ridder_freeze_phi = 0 _TRUE_=1 (after class_read_flag)
DEBUG: Ridder field DISABLED. Lambda = 0.000000e+00, model_type not set to unified
BACKGROUND_INIT ENTERED: Lambda=0.00e+00
DEBUG BG_INIT ENTRY: model_type=0
DEBUG AFTER CHECKS: model_type=0 has_ridder=0
RIDDER DEBUG (background_init): has_ridder=0, Lambda_EDE_ridder=0.000000e+00, f_axion_ridder=1.000000e+16, theta_i_ridder=2.500000e+00, beta_ridder=0.000000e+00
BG_INIT: entering background_checks
BG_INIT: background_checks OK
DEBUG SHOOTING CHECK: has_ridder=0, model_type=0 (unified=1), use_shooting_EDE=0
BG_INIT: entering background_solve
BACKGROUND_SOLVE ENTERED: has_ridder=0 Lambda=0.00e+00
ABOUT TO INTEGRATE: bi_size=5 has_ridder=0 Lambda=0.00e+00
DERIVS_ENTRY: call#=380000 has_ridder=0 Lambda=0.00e+00 a=3.82e-01
BG_INIT: background_solve OK
INPUT_READ: ridder_freeze_phi = 0 _TRUE_=1 (after cla[mcmc] Progress @ 2025-11-27 01:13:13 : 2019 steps taken -- still burning in, 29 accepted steps left.
ss_read_flag)
DEBUG: Ridder field DISABLED. Lambda = 0.000000e+00
INPUT_READ: ridder_freeze_phi = 0 _TRUE_=1 (after class_read_flag)
DEBUG: Ridder field DISABLED. Lambda = 0.000000e+00, model_type not set to unified
BACKGROUND_INIT ENTERED: Lambda=0.00e+00
DEBUG BG_INIT ENTRY: model_type=0
DEBUG AFTER CHECKS: model_type=0 has_ridder=0
RIDDER DEBUG (background_init): has_ridder=0, Lambda_EDE_ridder=0.000000e+00, f_axion_ridder=1.000000e+16, theta_i_ridder=2.500000e+00, beta_ridder=0.000000e+00
BG_INIT: entering background_checks
BG_INIT: background_checks OK
DEBUG SHOOTING CHECK: has_ridder=0, model_type=0 (unified=1), use_shooting_EDE=0
BG_INIT: entering background_solve
BACKGROUND_SOLVE ENTERED: has_ridder=0 Lambda=0.00e+00
ABOUT TO INTEGRATE: bi_size=5 has_ridder=0 Lambda=0.00e+00
BG_INIT: background_solve OK
INPUT_READ: ridder_freeze_phi = 0 _TRUE_=1 (after class_read_flag)
DEBUG: Ridder field DISABLED. Lambda = 0.000000e+00
INPUT_READ: ridder_freeze_phi = 0 _TRUE_=1 (after class_read_flag)
DEBUG: Ridder field DISABLED. Lambda = 0.000000e+00, model_type not set to unified
BACKGROUND_INIT ENTERED: Lambda=0.00e+00
DEBUG BG_INIT ENTRY: model_type=0
DEBUG AFTER CHECKS: model_type=0 has_ridder=0
RIDDER DEBUG (background_init): has_ridder=0, Lambda_EDE_ridder=0.000000e+00, f_axion_ridder=1.000000e+16, theta_i_ridder=2.500000e+00, beta_ridder=0.000000e+00
BG_INIT: entering background_checks
BG_INIT: background_checks OK
DEBUG SHOOTING CHECK: has_ridder=0, model_type=0 (unified=1), use_shooting_EDE=0
BG_INIT: entering background_solve
BACKGROUND_SOLVE ENTERED: has_ridder=0 Lambda=0.00e+00
ABOUT TO INTEGRATE: bi_size=5 has_ridder=0 Lambda=0.00e+00
DERIVS_ENTRY: call#=385000 has_ridder=0 Lambda=0.00e+00 a=3.94e-08
BG_INIT: background_solve OK
INPUT_READ: ridder_freeze_phi = 0 _TRUE_=1 (after class_read_flag)
DEBUG: Ridder field DISABLED. Lambda = 0.000000e+00
INPUT_READ: ridder_freeze_phi = 0 _TRUE_=1 (after class_read_flag)
DEBUG: Ridder field DISABLED. Lambda = 0.000000e+00, model_type not set to unified
BACKGROUND_INIT ENTERED: Lambda=0.00e+00
DEBUG BG_INIT ENTRY: model_type=0
DEBUG AFTER CHECKS: model_type=0 has_ridder=0
RIDDER DEBUG (background_init): has_ridder=0, Lambda_EDE_ridder=0.000000e+00, f_axion_ridder=1.000000e+16, theta_i_ridder=2.500000e+00, beta_ridder=0.000000e+00
BG_INIT: entering background_checks
BG_INIT: background_checks OK
DEBUG SHOOTING CHECK: has_ridder=0, model_type=0 (unified=1), use_shooting_EDE=0
BG_INIT: entering background_solve
BACKGROUND_SOLVE ENTERED: has_ridder=0 Lambda=0.00e+00
ABOUT TO INTEGRATE: bi_size=5 has_ridder=0 Lambda=0.00e+00
DERIVS_ENTRY: call#=390000 has_ridder=0 Lambda=0.00e+00 a=1.85e-02
BG_INIT: background_solve OK
INPUT_READ: ridder_freeze_phi = 0 _TRUE_=1 (after class_read_flag)
DEBUG: Ridder field DISABLED. Lambda = 0.000000e+00
INPUT_READ: ridder_freeze_phi = 0 _TRUE_=1 (after class_read_flag)
DEBUG: Ridder field DISABLED. Lambda = 0.000000e+00, model_type not set to unified
BACKGROUND_INIT ENTERED: Lambda=0.00e+00
DEBUG BG_INIT ENTRY: model_type=0
DEBUG AFTER CHECKS: model_type=0 has_ridder=0
RIDDER DEBUG (background_init): has_ridder=0, Lambda_EDE_ridder=0.000000e+00, f_axion_ridder=1.000000e+16, theta_i_ridder=2.500000e+00, beta_ridder=0.000000e+00
BG_INIT: entering background_checks
BG_INIT: background_checks OK
DEBUG SHOOTING CHECK: has_ridder=0, model_type=0 (unified=1), use_shooting_EDE=0
BG_INIT: entering background_solve
BACKGROUND_SOLVE ENTERED: has_ridder=0 Lambda=0.00e+00
ABOUT TO INTEGRATE: bi_size=5 has_ridder=0 Lambda=0.00e+00
BG_INIT: background_solve OK
INPUT_READ: ridder_freeze_phi = 0 _TRUE_=1 (after class_read_flag)
DEBUG: Ridder field DISABLED. Lambda = 0.000000e+00
INPUT_READ: ridder_freeze_phi = 0 _TRUE_=1 (after class_read_flag)
DEBUG: Ridder field DISABLED. Lambda = 0.000000e+00, model_type not set to unified
BACKGROUND_INIT ENTERED: Lambda=0.00e+00
DEBUG BG_INIT ENTRY: model_type=0
DEBUG AFTER CHECKS: model_type=0 has_ridder=0
RIDDER DEBUG (background_init): has_ridder=0, Lambda_EDE_ridder=0.000000e+00, f_axion_ridder=1.000000e+16, theta_i_ridder[mcmc] Progress @ 2025-11-27 01:14:18 : 2086 steps taken -- still burning in, 14 accepted steps left.
=2.500000e+00, beta_ridder=0.000000e+00
BG_INIT: entering background_checks
BG_INIT: background_checks OK
DEBUG SHOOTING CHECK: has_ridder=0, model_type=0 (unified=1), use_shooting_EDE=0
BG_INIT: entering background_solve
BACKGROUND_SOLVE ENTERED: has_ridder=0 Lambda=0.00e+00
ABOUT TO INTEGRATE: bi_size=5 has_ridder=0 Lambda=0.00e+00
DERIVS_ENTRY: call#=395000 has_ridder=0 Lambda=0.00e+00 a=5.76e-09
BG_INIT: background_solve OK
INPUT_READ: ridder_freeze_phi = 0 _TRUE_=1 (after class_read_flag)
DEBUG: Ridder field DISABLED. Lambda = 0.000000e+00
INPUT_READ: ridder_freeze_phi = 0 _TRUE_=1 (after class_read_flag)
DEBUG: Ridder field DISABLED. Lambda = 0.000000e+00, model_type not set to unified
BACKGROUND_INIT ENTERED: Lambda=0.00e+00
DEBUG BG_INIT ENTRY: model_type=0
DEBUG AFTER CHECKS: model_type=0 has_ridder=0
RIDDER DEBUG (background_init): has_ridder=0, Lambda_EDE_ridder=0.000000e+00, f_axion_ridder=1.000000e+16, theta_i_ridder=2.500000e+00, beta_ridder=0.000000e+00
BG_INIT: entering background_checks
BG_INIT: background_checks OK
DEBUG SHOOTING CHECK: has_ridder=0, model_type=0 (unified=1), use_shooting_EDE=0
BG_INIT: entering background_solve
BACKGROUND_SOLVE ENTERED: has_ridder=0 Lambda=0.00e+00
ABOUT TO INTEGRATE: bi_size=5 has_ridder=0 Lambda=0.00e+00
DERIVS_ENTRY: call#=400000 has_ridder=0 Lambda=0.00e+00 a=4.40e-04
BG_INIT: background_solve OK
INPUT_READ: ridder_freeze_phi = 0 _TRUE_=1 (after class_read_flag)
DEBUG: Ridder field DISABLED. Lambda = 0.000000e+00
INPUT_READ: ridder_freeze_phi = 0 _TRUE_=1 (after class_read_flag)
DEBUG: Ridder field DISABLED. Lambda = 0.000000e+00, model_type not set to unified
BACKGROUND_INIT ENTERED: Lambda=0.00e+00
DEBUG BG_INIT ENTRY: model_type=0
DEBUG AFTER CHECKS: model_type=0 has_ridder=0
RIDDER DEBUG (background_init): has_ridder=0, Lambda_EDE_ridder=0.000000e+00, f_axion_ridder=1.000000e+16, theta_i_ridder=2.500000e+00, beta_ridder=0.000000e+00
BG_INIT: entering background_checks
BG_INIT: background_checks OK
DEBUG SHOOTING CHECK: has_ridder=0, model_type=0 (unified=1), use_shooting_EDE=0
BG_INIT: entering background_solve
BACKGROUND_SOLVE ENTERED: has_ridder=0 Lambda=0.00e+00
ABOUT TO INTEGRATE: bi_size=5 has_ridder=0 Lambda=0.00e+00
BG_INIT: background_solve OK
INPUT_READ: ridder_freeze_phi = 0 _TRUE_=1 (after class_read_flag)
DEBUG: Ridder field DISABLED. Lambda = 0.000000e+00
INPUT_READ: ridder_freeze_phi = 0 _TRUE_=1 (after class_read_flag)
DEBUG: Ridder field DISABLED. Lambda = 0.000000e+00, model_type not set to unified
BACKGROUND_INIT ENTERED: Lambda=0.00e+00
DEBUG BG_INIT ENTRY: model_type=0
DEBUG AFTER CHECKS: model_type=0 has_ridder=0
RIDDER DEBUG (background_init): has_ridder=0, Lambda_EDE_ridder=0.000000e+00, f_axion_ridder=1.000000e+16, theta_i_ridder=2.500000e+00, beta_ridder=0.000000e+00
BG_INIT: entering background_checks
BG_INIT: background_checks OK
DEBUG SHOOTING CHECK: has_ridder=0, model_type=0 (unified=1), use_shooting_EDE=0
BG_INIT: entering background_solve
BACKGROUND_SOLVE ENTERED: has_ridder=0 Lambda=0.00e+00
ABOUT TO INTEGRATE: bi_size=5 has_ridder=0 Lambda=0.00e+00
DERIVS_ENTRY: call#=405000 has_ridder=0 Lambda=0.00e+00 a=3.10e-09
BG_INIT: background_solve OK
INPUT_READ: ridder_freeze_phi = 0 _TRUE_=1 (after class_read_flag)
DEBUG: Ridder field DISABLED. Lambda = 0.000000e+00
INPUT_READ: ridder_freeze_phi = 0 _TRUE_=1 (after class_read_flag)
DEBUG: Ridder field DISABLED. Lambda = 0.000000e+00, model_type not set to unified
BACKGROUND_INIT ENTERED: Lambda=0.00e+00
DEBUG BG_INIT ENTRY: model_type=0
DEBUG AFTER CHECKS: model_type=0 has_ridder=0
RIDDER DEBUG (background_init): has_ridder=0, Lambda_EDE_ridder=0.000000e+00, f_axion_ridder=1.000000e+16, theta_i_ridder=2.500000e+00, beta_ridder=0.000000e+00
BG_INIT: entering background_checks
BG_INIT: background_checks OK
DEBUG SHOOTING CHECK: has_ridder=0, model_type=0 (unified=1), use_shooting_EDE=0
BG_INIT: entering background_solve
BACKGROUND_SOLVE ENTERED: has_ridder=0 Lambda=0.00e+00
ABOUT TO INTEGRATE: bi_size=5 has_ridder=0 Lambda=0.00e+00
DERIVS_ENTRY: call#=410000 has_ridder=0 Lambda=0.00e+00[mcmc] Progress @ 2025-11-27 01:15:21 : 2139 steps taken -- still burning in, 5 accepted steps left.
[mcmc] Finished burn-in phase: discarded 100 accepted steps.
 a=1.56e-04
BG_INIT: background_solve OK
INPUT_READ: ridder_freeze_phi = 0 _TRUE_=1 (after class_read_flag)
DEBUG: Ridder field DISABLED. Lambda = 0.000000e+00
INPUT_READ: ridder_freeze_phi = 0 _TRUE_=1 (after class_read_flag)
DEBUG: Ridder field DISABLED. Lambda = 0.000000e+00, model_type not set to unified
BACKGROUND_INIT ENTERED: Lambda=0.00e+00
DEBUG BG_INIT ENTRY: model_type=0
DEBUG AFTER CHECKS: model_type=0 has_ridder=0
RIDDER DEBUG (background_init): has_ridder=0, Lambda_EDE_ridder=0.000000e+00, f_axion_ridder=1.000000e+16, theta_i_ridder=2.500000e+00, beta_ridder=0.000000e+00
BG_INIT: entering background_checks
BG_INIT: background_checks OK
DEBUG SHOOTING CHECK: has_ridder=0, model_type=0 (unified=1), use_shooting_EDE=0
BG_INIT: entering background_solve
BACKGROUND_SOLVE ENTERED: has_ridder=0 Lambda=0.00e+00
ABOUT TO INTEGRATE: bi_size=5 has_ridder=0 Lambda=0.00e+00
BG_INIT: background_solve OK
INPUT_READ: ridder_freeze_phi = 0 _TRUE_=1 (after class_read_flag)
DEBUG: Ridder field DISABLED. Lambda = 0.000000e+00
INPUT_READ: ridder_freeze_phi = 0 _TRUE_=1 (after class_read_flag)
DEBUG: Ridder field DISABLED. Lambda = 0.000000e+00, model_type not set to unified
BACKGROUND_INIT ENTERED: Lambda=0.00e+00
DEBUG BG_INIT ENTRY: model_type=0
DEBUG AFTER CHECKS: model_type=0 has_ridder=0
RIDDER DEBUG (background_init): has_ridder=0, Lambda_EDE_ridder=0.000000e+00, f_axion_ridder=1.000000e+16, theta_i_ridder=2.500000e+00, beta_ridder=0.000000e+00
BG_INIT: entering background_checks
BG_INIT: background_checks OK
DEBUG SHOOTING CHECK: has_ridder=0, model_type=0 (unified=1), use_shooting_EDE=0
BG_INIT: entering background_solve
BACKGROUND_SOLVE ENTERED: has_ridder=0 Lambda=0.00e+00
ABOUT TO INTEGRATE: bi_size=5 has_ridder=0 Lambda=0.00e+00
DERIVS_ENTRY: call#=415000 has_ridder=0 Lambda=0.00e+00 a=4.47e-10
BG_INIT: background_solve OK
INPUT_READ: ridder_freeze_phi = 0 _TRUE_=1 (after class_read_flag)
DEBUG: Ridder field DISABLED. Lambda = 0.000000e+00
INPUT_READ: ridder_freeze_phi = 0 _TRUE_=1 (after class_read_flag)
DEBUG: Ridder field DISABLED. Lambda = 0.000000e+00, model_type not set to unified
BACKGROUND_INIT ENTERED: Lambda=0.00e+00
DEBUG BG_INIT ENTRY: model_type=0
DEBUG AFTER CHECKS: model_type=0 has_ridder=0
RIDDER DEBUG (background_init): has_ridder=0, Lambda_EDE_ridder=0.000000e+00, f_axion_ridder=1.000000e+16, theta_i_ridder=2.500000e+00, beta_ridder=0.000000e+00
BG_INIT: entering background_checks
BG_INIT: background_checks OK
DEBUG SHOOTING CHECK: has_ridder=0, model_type=0 (unified=1), use_shooting_EDE=0
BG_INIT: entering background_solve
BACKGROUND_SOLVE ENTERED: has_ridder=0 Lambda=0.00e+00
ABOUT TO INTEGRATE: bi_size=5 has_ridder=0 Lambda=0.00e+00
DERIVS_ENTRY: call#=420000 has_ridder=0 Lambda=0.00e+00 a=2.25e-05
BG_INIT: background_solve OK
INPUT_READ: ridder_freeze_phi = 0 _TRUE_=1 (after class_read_flag)
DEBUG: Ridder field DISABLED. Lambda = 0.000000e+00
INPUT_READ: ridder_freeze_phi = 0 _TRUE_=1 (after class_read_flag)
DEBUG: Ridder field DISABLED. Lambda = 0.000000e+00, model_type not set to unified
BACKGROUND_INIT ENTERED: Lambda=0.00e+00
DEBUG BG_INIT ENTRY: model_type=0
DEBUG AFTER CHECKS: model_type=0 has_ridder=0
RIDDER DEBUG (background_init): has_ridder=0, Lambda_EDE_ridder=0.000000e+00, f_axion_ridder=1.000000e+16, theta_i_ridder=2.500000e+00, beta_ridder=0.000000e+00
BG_INIT: entering background_checks
BG_INIT: background_checks OK
DEBUG SHOOTING CHECK: has_ridder=0, model_type=0 (unified=1), use_shooting_EDE=0
BG_INIT: entering background_solve
BACKGROUND_SOLVE ENTERED: has_ridder=0 Lambda=0.00e+00
ABOUT TO INTEGRATE: bi_size=5 has_ridder=0 Lambda=0.00e+00
BG_INIT: background_solve OK
INPUT_READ: ridder_freeze_phi = 0 _TRUE_=1 (after class_read_flag)
DEBUG: Ridder field DISABLED. Lambda = 0.000000e+00
INPUT_READ: ridder_freeze_phi = 0 _TRUE_=1 (after class_read_flag)
DEBUG: Ridder field DISABLED. Lambda = 0.000000e+00, model_type not set to unified
BACKGROUND_INIT ENTERED: Lambda=0.00e+00
DEBUG BG_INIT ENTRY: model_type=0
DEBUG AFTER CHECKS: model_type=0 has_ridder=0
RIDDER DEBUG (background_in[mcmc] Progress @ 2025-11-27 01:16:21 : 2231 steps taken, and 5 accepted.
it): has_ridder=0, Lambda_EDE_ridder=0.000000e+00, f_axion_ridder=1.000000e+16, theta_i_ridder=2.500000e+00, beta_ridder=0.000000e+00
BG_INIT: entering background_checks
BG_INIT: background_checks OK
DEBUG SHOOTING CHECK: has_ridder=0, model_type=0 (unified=1), use_shooting_EDE=0
BG_INIT: entering background_solve
BACKGROUND_SOLVE ENTERED: has_ridder=0 Lambda=0.00e+00
ABOUT TO INTEGRATE: bi_size=5 has_ridder=0 Lambda=0.00e+00
DERIVS_ENTRY: call#=425000 has_ridder=0 Lambda=0.00e+00 a=6.18e-11
BG_INIT: background_solve OK
INPUT_READ: ridder_freeze_phi = 0 _TRUE_=1 (after class_read_flag)
DEBUG: Ridder field DISABLED. Lambda = 0.000000e+00
INPUT_READ: ridder_freeze_phi = 0 _TRUE_=1 (after class_read_flag)
DEBUG: Ridder field DISABLED. Lambda = 0.000000e+00, model_type not set to unified
BACKGROUND_INIT ENTERED: Lambda=0.00e+00
DEBUG BG_INIT ENTRY: model_type=0
DEBUG AFTER CHECKS: model_type=0 has_ridder=0
RIDDER DEBUG (background_init): has_ridder=0, Lambda_EDE_ridder=0.000000e+00, f_axion_ridder=1.000000e+16, theta_i_ridder=2.500000e+00, beta_ridder=0.000000e+00
BG_INIT: entering background_checks
BG_INIT: background_checks OK
DEBUG SHOOTING CHECK: has_ridder=0, model_type=0 (unified=1), use_shooting_EDE=0
BG_INIT: entering background_solve
BACKGROUND_SOLVE ENTERED: has_ridder=0 Lambda=0.00e+00
ABOUT TO INTEGRATE: bi_size=5 has_ridder=0 Lambda=0.00e+00
DERIVS_ENTRY: call#=430000 has_ridder=0 Lambda=0.00e+00 a=3.20e-06
BG_INIT: background_solve OK
INPUT_READ: ridder_freeze_phi = 0 _TRUE_=1 (after class_read_flag)
DEBUG: Ridder field DISABLED. Lambda = 0.000000e+00
INPUT_READ: ridder_freeze_phi = 0 _TRUE_=1 (after class_read_flag)
DEBUG: Ridder field DISABLED. Lambda = 0.000000e+00, model_type not set to unified
BACKGROUND_INIT ENTERED: Lambda=0.00e+00
DEBUG BG_INIT ENTRY: model_type=0
DEBUG AFTER CHECKS: model_type=0 has_ridder=0
RIDDER DEBUG (background_init): has_ridder=0, Lambda_EDE_ridder=0.000000e+00, f_axion_ridder=1.000000e+16, theta_i_ridder=2.500000e+00, beta_ridder=0.000000e+00
BG_INIT: entering background_checks
BG_INIT: background_checks OK
DEBUG SHOOTING CHECK: has_ridder=0, model_type=0 (unified=1), use_shooting_EDE=0
BG_INIT: entering background_solve
BACKGROUND_SOLVE ENTERED: has_ridder=0 Lambda=0.00e+00
ABOUT TO INTEGRATE: bi_size=5 has_ridder=0 Lambda=0.00e+00
BG_INIT: background_solve OK
INPUT_READ: ridder_freeze_phi = 0 _TRUE_=1 (after class_read_flag)
DEBUG: Ridder field DISABLED. Lambda = 0.000000e+00
INPUT_READ: ridder_freeze_phi = 0 _TRUE_=1 (after class_read_flag)
DEBUG: Ridder field DISABLED. Lambda = 0.000000e+00, model_type not set to unified
BACKGROUND_INIT ENTERED: Lambda=0.00e+00
DEBUG BG_INIT ENTRY: model_type=0
DEBUG AFTER CHECKS: model_type=0 has_ridder=0
RIDDER DEBUG (background_init): has_ridder=0, Lambda_EDE_ridder=0.000000e+00, f_axion_ridder=1.000000e+16, theta_i_ridder=2.500000e+00, beta_ridder=0.000000e+00
BG_INIT: entering background_checks
BG_INIT: background_checks OK
DEBUG SHOOTING CHECK: has_ridder=0, model_type=0 (unified=1), use_shooting_EDE=0
BG_INIT: entering background_solve
BACKGROUND_SOLVE ENTERED: has_ridder=0 Lambda=0.00e+00
ABOUT TO INTEGRATE: bi_size=5 has_ridder=0 Lambda=0.00e+00
DERIVS_ENTRY: call#=435000 has_ridder=0 Lambda=0.00e+00 a=2.53e-13
BG_INIT: background_solve OK
INPUT_READ: ridder_freeze_phi = 0 _TRUE_=1 (after class_read_flag)
DEBUG: Ridder field DISABLED. Lambda = 0.000000e+00
INPUT_READ: ridder_freeze_phi = 0 _TRUE_=1 (after class_read_flag)
DEBUG: Ridder field DISABLED. Lambda = 0.000000e+00, model_type not set to unified
BACKGROUND_INIT ENTERED: Lambda=0.00e+00
DEBUG BG_INIT ENTRY: model_type=0
DEBUG AFTER CHECKS: model_type=0 has_ridder=0
RIDDER DEBUG (background_init): has_ridder=0, Lambda_EDE_ridder=0.000000e+00, f_axion_ridder=1.000000e+16, theta_i_ridder=2.500000e+00, beta_ridder=0.000000e+00
BG_INIT: entering background_checks
BG_INIT: background_checks OK
DEBUG SHOOTING CHECK: has_ridder=0, model_type=0 (unified=1), use_shooting_EDE=0
BG_INIT: entering background_solve
BACKGROUND_SOLVE ENTERED: has_ridder=0 Lambda=0.00e+00
ABOUT TO INTEGRATE: [mcmc] Progress @ 2025-11-27 01:17:26 : 2301 steps taken, and 17 accepted.
[mcmc] Progress @ 2025-11-27 01:18:26 : 2346 steps taken, and 25 accepted.
bi_size=5 has_ridder=0 Lambda=0.00e+00
DERIVS_ENTRY: call#=440000 has_ridder=0 Lambda=0.00e+00 a=4.43e-07
BG_INIT: background_solve OK
INPUT_READ: ridder_freeze_phi = 0 _TRUE_=1 (after class_read_flag)
DEBUG: Ridder field DISABLED. Lambda = 0.000000e+00
INPUT_READ: ridder_freeze_phi = 0 _TRUE_=1 (after class_read_flag)
DEBUG: Ridder field DISABLED. Lambda = 0.000000e+00, model_type not set to unified
BACKGROUND_INIT ENTERED: Lambda=0.00e+00
DEBUG BG_INIT ENTRY: model_type=0
DEBUG AFTER CHECKS: model_type=0 has_ridder=0
RIDDER DEBUG (background_init): has_ridder=0, Lambda_EDE_ridder=0.000000e+00, f_axion_ridder=1.000000e+16, theta_i_ridder=2.500000e+00, beta_ridder=0.000000e+00
BG_INIT: entering background_checks
BG_INIT: background_checks OK
DEBUG SHOOTING CHECK: has_ridder=0, model_type=0 (unified=1), use_shooting_EDE=0
BG_INIT: entering background_solve
BACKGROUND_SOLVE ENTERED: has_ridder=0 Lambda=0.00e+00
ABOUT TO INTEGRATE: bi_size=5 has_ridder=0 Lambda=0.00e+00
DERIVS_ENTRY: call#=445000 has_ridder=0 Lambda=0.00e+00 a=6.37e-01
BG_INIT: background_solve OK
INPUT_READ: ridder_freeze_phi = 0 _TRUE_=1 (after class_read_flag)
DEBUG: Ridder field DISABLED. Lambda = 0.000000e+00
INPUT_READ: ridder_freeze_phi = 0 _TRUE_=1 (after class_read_flag)
DEBUG: Ridder field DISABLED. Lambda = 0.000000e+00, model_type not set to unified
BACKGROUND_INIT ENTERED: Lambda=0.00e+00
DEBUG BG_INIT ENTRY: model_type=0
DEBUG AFTER CHECKS: model_type=0 has_ridder=0
RIDDER DEBUG (background_init): has_ridder=0, Lambda_EDE_ridder=0.000000e+00, f_axion_ridder=1.000000e+16, theta_i_ridder=2.500000e+00, beta_ridder=0.000000e+00
BG_INIT: entering background_checks
BG_INIT: background_checks OK
DEBUG SHOOTING CHECK: has_ridder=0, model_type=0 (unified=1), use_shooting_EDE=0
BG_INIT: entering background_solve
BACKGROUND_SOLVE ENTERED: has_ridder=0 Lambda=0.00e+00
ABOUT TO INTEGRATE: bi_size=5 has_ridder=0 Lambda=0.00e+00
BG_INIT: background_solve OK
INPUT_READ: ridder_freeze_phi = 0 _TRUE_=1 (after class_read_flag)
DEBUG: Ridder field DISABLED. Lambda = 0.000000e+00
INPUT_READ: ridder_freeze_phi = 0 _TRUE_=1 (after class_read_flag)
DEBUG: Ridder field DISABLED. Lambda = 0.000000e+00, model_type not set to unified
BACKGROUND_INIT ENTERED: Lambda=0.00e+00
DEBUG BG_INIT ENTRY: model_type=0
DEBUG AFTER CHECKS: model_type=0 has_ridder=0
RIDDER DEBUG (background_init): has_ridder=0, Lambda_EDE_ridder=0.000000e+00, f_axion_ridder=1.000000e+16, theta_i_ridder=2.500000e+00, beta_ridder=0.000000e+00
BG_INIT: entering background_checks
BG_INIT: background_checks OK
DEBUG SHOOTING CHECK: has_ridder=0, model_type=0 (unified=1), use_shooting_EDE=0
BG_INIT: entering background_solve
BACKGROUND_SOLVE ENTERED: has_ridder=0 Lambda=0.00e+00
ABOUT TO INTEGRATE: bi_size=5 has_ridder=0 Lambda=0.00e+00
DERIVS_ENTRY: call#=450000 has_ridder=0 Lambda=0.00e+00 a=6.47e-08
BG_INIT: background_solve OK
INPUT_READ: ridder_freeze_phi = 0 _TRUE_=1 (after class_read_flag)
DEBUG: Ridder field DISABLED. Lambda = 0.000000e+00
INPUT_READ: ridder_freeze_phi = 0 _TRUE_=1 (after class_read_flag)
DEBUG: Ridder field DISABLED. Lambda = 0.000000e+00, model_type not set to unified
BACKGROUND_INIT ENTERED: Lambda=0.00e+00
DEBUG BG_INIT ENTRY: model_type=0
DEBUG AFTER CHECKS: model_type=0 has_ridder=0
RIDDER DEBUG (background_init): has_ridder=0, Lambda_EDE_ridder=0.000000e+00, f_axion_ridder=1.000000e+16, theta_i_ridder=2.500000e+00, beta_ridder=0.000000e+00
BG_INIT: entering background_checks
BG_INIT: background_checks OK
DEBUG SHOOTING CHECK: has_ridder=0, model_type=0 (unified=1), use_shooting_EDE=0
BG_INIT: entering background_solve
BACKGROUND_SOLVE ENTERED: has_ridder=0 Lambda=0.00e+00
ABOUT TO INTEGRATE: bi_size=5 has_ridder=0 Lambda=0.00e+00
DERIVS_ENTRY: call#=455000 has_ridder=0 Lambda=0.00e+00 a=5.71e-02
BG_INIT: background_solve OK
INPUT_READ: ridder_freeze_phi = 0 _TRUE_=1 (after class_read_flag)
DEBUG: Ridder field DISABLED. Lambda = 0.000000e+00
INPUT_READ: ridder_freeze_phi = 0 _TRUE_=1 (after class_read_flag)
DEBUG: Ridder field DISABLED. Lambda = 0.000000e+00, model_type not se[mcmc] Progress @ 2025-11-27 01:19:26 : 2435 steps taken, and 36 accepted.
t to unified
BACKGROUND_INIT ENTERED: Lambda=0.00e+00
DEBUG BG_INIT ENTRY: model_type=0
DEBUG AFTER CHECKS: model_type=0 has_ridder=0
RIDDER DEBUG (background_init): has_ridder=0, Lambda_EDE_ridder=0.000000e+00, f_axion_ridder=1.000000e+16, theta_i_ridder=2.500000e+00, beta_ridder=0.000000e+00
BG_INIT: entering background_checks
BG_INIT: background_checks OK
DEBUG SHOOTING CHECK: has_ridder=0, model_type=0 (unified=1), use_shooting_EDE=0
BG_INIT: entering background_solve
BACKGROUND_SOLVE ENTERED: has_ridder=0 Lambda=0.00e+00
ABOUT TO INTEGRATE: bi_size=5 has_ridder=0 Lambda=0.00e+00
BG_INIT: background_solve OK
INPUT_READ: ridder_freeze_phi = 0 _TRUE_=1 (after class_read_flag)
DEBUG: Ridder field DISABLED. Lambda = 0.000000e+00
INPUT_READ: ridder_freeze_phi = 0 _TRUE_=1 (after class_read_flag)
DEBUG: Ridder field DISABLED. Lambda = 0.000000e+00, model_type not set to unified
BACKGROUND_INIT ENTERED: Lambda=0.00e+00
DEBUG BG_INIT ENTRY: model_type=0
DEBUG AFTER CHECKS: model_type=0 has_ridder=0
RIDDER DEBUG (background_init): has_ridder=0, Lambda_EDE_ridder=0.000000e+00, f_axion_ridder=1.000000e+16, theta_i_ridder=2.500000e+00, beta_ridder=0.000000e+00
BG_INIT: entering background_checks
BG_INIT: background_checks OK
DEBUG SHOOTING CHECK: has_ridder=0, model_type=0 (unified=1), use_shooting_EDE=0
BG_INIT: entering background_solve
BACKGROUND_SOLVE ENTERED: has_ridder=0 Lambda=0.00e+00
ABOUT TO INTEGRATE: bi_size=5 has_ridder=0 Lambda=0.00e+00
DERIVS_ENTRY: call#=460000 has_ridder=0 Lambda=0.00e+00 a=9.71e-09
BG_INIT: background_solve OK
INPUT_READ: ridder_freeze_phi = 0 _TRUE_=1 (after class_read_flag)
DEBUG: Ridder field DISABLED. Lambda = 0.000000e+00
INPUT_READ: ridder_freeze_phi = 0 _TRUE_=1 (after class_read_flag)
DEBUG: Ridder field DISABLED. Lambda = 0.000000e+00, model_type not set to unified
BACKGROUND_INIT ENTERED: Lambda=0.00e+00
DEBUG BG_INIT ENTRY: model_type=0
DEBUG AFTER CHECKS: model_type=0 has_ridder=0
RIDDER DEBUG (background_init): has_ridder=0, Lambda_EDE_ridder=0.000000e+00, f_axion_ridder=1.000000e+16, theta_i_ridder=2.500000e+00, beta_ridder=0.000000e+00
BG_INIT: entering background_checks
BG_INIT: background_checks OK
DEBUG SHOOTING CHECK: has_ridder=0, model_type=0 (unified=1), use_shooting_EDE=0
BG_INIT: entering background_solve
BACKGROUND_SOLVE ENTERED: has_ridder=0 Lambda=0.00e+00
ABOUT TO INTEGRATE: bi_size=5 has_ridder=0 Lambda=0.00e+00
DERIVS_ENTRY: call#=465000 has_ridder=0 Lambda=0.00e+00 a=1.22e-03
BG_INIT: background_solve OK
INPUT_READ: ridder_freeze_phi = 0 _TRUE_=1 (after class_read_flag)
DEBUG: Ridder field DISABLED. Lambda = 0.000000e+00
INPUT_READ: ridder_freeze_phi = 0 _TRUE_=1 (after class_read_flag)
DEBUG: Ridder field DISABLED. Lambda = 0.000000e+00, model_type not set to unified
BACKGROUND_INIT ENTERED: Lambda=0.00e+00
DEBUG BG_INIT ENTRY: model_type=0
DEBUG AFTER CHECKS: model_type=0 has_ridder=0
RIDDER DEBUG (background_init): has_ridder=0, Lambda_EDE_ridder=0.000000e+00, f_axion_ridder=1.000000e+16, theta_i_ridder=2.500000e+00, beta_ridder=0.000000e+00
BG_INIT: entering background_checks
BG_INIT: background_checks OK
DEBUG SHOOTING CHECK: has_ridder=0, model_type=0 (unified=1), use_shooting_EDE=0
BG_INIT: entering background_solve
BACKGROUND_SOLVE ENTERED: has_ridder=0 Lambda=0.00e+00
ABOUT TO INTEGRATE: bi_size=5 has_ridder=0 Lambda=0.00e+00
BG_INIT: background_solve OK
INPUT_READ: ridder_freeze_phi = 0 _TRUE_=1 (after class_read_flag)
DEBUG: Ridder field DISABLED. Lambda = 0.000000e+00
INPUT_READ: ridder_freeze_phi = 0 _TRUE_=1 (after class_read_flag)
DEBUG: Ridder field DISABLED. Lambda = 0.000000e+00, model_type not set to unified
BACKGROUND_INIT ENTERED: Lambda=0.00e+00
DEBUG BG_INIT ENTRY: model_type=0
DEBUG AFTER CHECKS: model_type=0 has_ridder=0
RIDDER DEBUG (background_init): has_ridder=0, Lambda_EDE_ridder=0.000000e+00, f_axion_ridder=1.000000e+16, theta_i_ridder=2.500000e+00, beta_ridder=0.000000e+00
BG_INIT: entering background_checks
BG_INIT: background_checks OK
DEBUG SHOOTING CHECK: has_ridder=0, model_type=0 (unified=1), use_shooting_EDE=0
BG_INIT: enterin[mcmc] Progress @ 2025-11-27 01:20:26 : 2518 steps taken, and 46 accepted.
g background_solve
BACKGROUND_SOLVE ENTERED: has_ridder=0 Lambda=0.00e+00
ABOUT TO INTEGRATE: bi_size=5 has_ridder=0 Lambda=0.00e+00
DERIVS_ENTRY: call#=470000 has_ridder=0 Lambda=0.00e+00 a=1.44e-09
BG_INIT: background_solve OK
INPUT_READ: ridder_freeze_phi = 0 _TRUE_=1 (after class_read_flag)
DEBUG: Ridder field DISABLED. Lambda = 0.000000e+00
INPUT_READ: ridder_freeze_phi = 0 _TRUE_=1 (after class_read_flag)
DEBUG: Ridder field DISABLED. Lambda = 0.000000e+00, model_type not set to unified
BACKGROUND_INIT ENTERED: Lambda=0.00e+00
DEBUG BG_INIT ENTRY: model_type=0
DEBUG AFTER CHECKS: model_type=0 has_ridder=0
RIDDER DEBUG (background_init): has_ridder=0, Lambda_EDE_ridder=0.000000e+00, f_axion_ridder=1.000000e+16, theta_i_ridder=2.500000e+00, beta_ridder=0.000000e+00
BG_INIT: entering background_checks
BG_INIT: background_checks OK
DEBUG SHOOTING CHECK: has_ridder=0, model_type=0 (unified=1), use_shooting_EDE=0
BG_INIT: entering background_solve
BACKGROUND_SOLVE ENTERED: has_ridder=0 Lambda=0.00e+00
ABOUT TO INTEGRATE: bi_size=5 has_ridder=0 Lambda=0.00e+00
DERIVS_ENTRY: call#=475000 has_ridder=0 Lambda=0.00e+00 a=7.25e-05
BG_INIT: background_solve OK
INPUT_READ: ridder_freeze_phi = 0 _TRUE_=1 (after class_read_flag)
DEBUG: Ridder field DISABLED. Lambda = 0.000000e+00
INPUT_READ: ridder_freeze_phi = 0 _TRUE_=1 (after class_read_flag)
DEBUG: Ridder field DISABLED. Lambda = 0.000000e+00, model_type not set to unified
BACKGROUND_INIT ENTERED: Lambda=0.00e+00
DEBUG BG_INIT ENTRY: model_type=0
DEBUG AFTER CHECKS: model_type=0 has_ridder=0
RIDDER DEBUG (background_init): has_ridder=0, Lambda_EDE_ridder=0.000000e+00, f_axion_ridder=1.000000e+16, theta_i_ridder=2.500000e+00, beta_ridder=0.000000e+00
BG_INIT: entering background_checks
BG_INIT: background_checks OK
DEBUG SHOOTING CHECK: has_ridder=0, model_type=0 (unified=1), use_shooting_EDE=0
BG_INIT: entering background_solve
BACKGROUND_SOLVE ENTERED: has_ridder=0 Lambda=0.00e+00
ABOUT TO INTEGRATE: bi_size=5 has_ridder=0 Lambda=0.00e+00
BG_INIT: background_solve OK
INPUT_READ: ridder_freeze_phi = 0 _TRUE_=1 (after class_read_flag)
DEBUG: Ridder field DISABLED. Lambda = 0.000000e+00
INPUT_READ: ridder_freeze_phi = 0 _TRUE_=1 (after class_read_flag)
DEBUG: Ridder field DISABLED. Lambda = 0.000000e+00, model_type not set to unified
BACKGROUND_INIT ENTERED: Lambda=0.00e+00
DEBUG BG_INIT ENTRY: model_type=0
DEBUG AFTER CHECKS: model_type=0 has_ridder=0
RIDDER DEBUG (background_init): has_ridder=0, Lambda_EDE_ridder=0.000000e+00, f_axion_ridder=1.000000e+16, theta_i_ridder=2.500000e+00, beta_ridder=0.000000e+00
BG_INIT: entering background_checks
BG_INIT: background_checks OK
DEBUG SHOOTING CHECK: has_ridder=0, model_type=0 (unified=1), use_shooting_EDE=0
BG_INIT: entering background_solve
BACKGROUND_SOLVE ENTERED: has_ridder=0 Lambda=0.00e+00
ABOUT TO INTEGRATE: bi_size=5 has_ridder=0 Lambda=0.00e+00
DERIVS_ENTRY: call#=480000 has_ridder=0 Lambda=0.00e+00 a=2.13e-10
BG_INIT: background_solve OK
INPUT_READ: ridder_freeze_phi = 0 _TRUE_=1 (after class_read_flag)
DEBUG: Ridder field DISABLED. Lambda = 0.000000e+00
INPUT_READ: ridder_freeze_phi = 0 _TRUE_=1 (after class_read_flag)
DEBUG: Ridder field DISABLED. Lambda = 0.000000e+00, model_type not set to unified
BACKGROUND_INIT ENTERED: Lambda=0.00e+00
DEBUG BG_INIT ENTRY: model_type=0
DEBUG AFTER CHECKS: model_type=0 has_ridder=0
RIDDER DEBUG (background_init): has_ridder=0, Lambda_EDE_ridder=0.000000e+00, f_axion_ridder=1.000000e+16, theta_i_ridder=2.500000e+00, beta_ridder=0.000000e+00
BG_INIT: entering background_checks
BG_INIT: background_checks OK
DEBUG SHOOTING CHECK: has_ridder=0, model_type=0 (unified=1), use_shooting_EDE=0
BG_INIT: entering background_solve
BACKGROUND_SOLVE ENTERED: has_ridder=0 Lambda=0.00e+00
ABOUT TO INTEGRATE: bi_size=5 has_ridder=0 Lambda=0.00e+00
DERIVS_ENTRY: call#=485000 has_ridder=0 Lambda=0.00e+00 a=1.06e-05
BG_INIT: background_solve OK
INPUT_READ: ridder_freeze_phi = 0 _TRUE_=1 (after class_read_flag)
DEBUG: Ridder field DISABLED. Lambda = 0.000000e+00
INPUT_READ: ridder_freeze_phi = 0 _TRUE_=1 [mcmc] Progress @ 2025-11-27 01:21:28 : 2560 steps taken, and 51 accepted.
(after class_read_flag)
DEBUG: Ridder field DISABLED. Lambda = 0.000000e+00, model_type not set to unified
BACKGROUND_INIT ENTERED: Lambda=0.00e+00
DEBUG BG_INIT ENTRY: model_type=0
DEBUG AFTER CHECKS: model_type=0 has_ridder=0
RIDDER DEBUG (background_init): has_ridder=0, Lambda_EDE_ridder=0.000000e+00, f_axion_ridder=1.000000e+16, theta_i_ridder=2.500000e+00, beta_ridder=0.000000e+00
BG_INIT: entering background_checks
BG_INIT: background_checks OK
DEBUG SHOOTING CHECK: has_ridder=0, model_type=0 (unified=1), use_shooting_EDE=0
BG_INIT: entering background_solve
BACKGROUND_SOLVE ENTERED: has_ridder=0 Lambda=0.00e+00
ABOUT TO INTEGRATE: bi_size=5 has_ridder=0 Lambda=0.00e+00
BG_INIT: background_solve OK
INPUT_READ: ridder_freeze_phi = 0 _TRUE_=1 (after class_read_flag)
DEBUG: Ridder field DISABLED. Lambda = 0.000000e+00
INPUT_READ: ridder_freeze_phi = 0 _TRUE_=1 (after class_read_flag)
DEBUG: Ridder field DISABLED. Lambda = 0.000000e+00, model_type not set to unified
BACKGROUND_INIT ENTERED: Lambda=0.00e+00
DEBUG BG_INIT ENTRY: model_type=0
DEBUG AFTER CHECKS: model_type=0 has_ridder=0
RIDDER DEBUG (background_init): has_ridder=0, Lambda_EDE_ridder=0.000000e+00, f_axion_ridder=1.000000e+16, theta_i_ridder=2.500000e+00, beta_ridder=0.000000e+00
BG_INIT: entering background_checks
BG_INIT: background_checks OK
DEBUG SHOOTING CHECK: has_ridder=0, model_type=0 (unified=1), use_shooting_EDE=0
BG_INIT: entering background_solve
BACKGROUND_SOLVE ENTERED: has_ridder=0 Lambda=0.00e+00
ABOUT TO INTEGRATE: bi_size=5 has_ridder=0 Lambda=0.00e+00
DERIVS_ENTRY: call#=490000 has_ridder=0 Lambda=0.00e+00 a=1.87e-11
BG_INIT: background_solve OK
INPUT_READ: ridder_freeze_phi = 0 _TRUE_=1 (after class_read_flag)
DEBUG: Ridder field DISABLED. Lambda = 0.000000e+00
INPUT_READ: ridder_freeze_phi = 0 _TRUE_=1 (after class_read_flag)
DEBUG: Ridder field DISABLED. Lambda = 0.000000e+00, model_type not set to unified
BACKGROUND_INIT ENTERED: Lambda=0.00e+00
DEBUG BG_INIT ENTRY: model_type=0
DEBUG AFTER CHECKS: model_type=0 has_ridder=0
RIDDER DEBUG (background_init): has_ridder=0, Lambda_EDE_ridder=0.000000e+00, f_axion_ridder=1.000000e+16, theta_i_ridder=2.500000e+00, beta_ridder=0.000000e+00
BG_INIT: entering background_checks
BG_INIT: background_checks OK
DEBUG SHOOTING CHECK: has_ridder=0, model_type=0 (unified=1), use_shooting_EDE=0
BG_INIT: entering background_solve
BACKGROUND_SOLVE ENTERED: has_ridder=0 Lambda=0.00e+00
ABOUT TO INTEGRATE: bi_size=5 has_ridder=0 Lambda=0.00e+00
DERIVS_ENTRY: call#=495000 has_ridder=0 Lambda=0.00e+00 a=1.59e-06
BG_INIT: background_solve OK
INPUT_READ: ridder_freeze_phi = 0 _TRUE_=1 (after class_read_flag)
DEBUG: Ridder field DISABLED. Lambda = 0.000000e+00
INPUT_READ: ridder_freeze_phi = 0 _TRUE_=1 (after class_read_flag)
DEBUG: Ridder field DISABLED. Lambda = 0.000000e+00, model_type not set to unified
BACKGROUND_INIT ENTERED: Lambda=0.00e+00
DEBUG BG_INIT ENTRY: model_type=0
DEBUG AFTER CHECKS: model_type=0 has_ridder=0
RIDDER DEBUG (background_init): has_ridder=0, Lambda_EDE_ridder=0.000000e+00, f_axion_ridder=1.000000e+16, theta_i_ridder=2.500000e+00, beta_ridder=0.000000e+00
BG_INIT: entering background_checks
BG_INIT: background_checks OK
DEBUG SHOOTING CHECK: has_ridder=0, model_type=0 (unified=1), use_shooting_EDE=0
BG_INIT: entering background_solve
BACKGROUND_SOLVE ENTERED: has_ridder=0 Lambda=0.00e+00
ABOUT TO INTEGRATE: bi_size=5 has_ridder=0 Lambda=0.00e+00
BG_INIT: background_solve OK
INPUT_READ: ridder_freeze_phi = 0 _TRUE_=1 (after class_read_flag)
DEBUG: Ridder field DISABLED. Lambda = 0.000000e+00
INPUT_READ: ridder_freeze_phi = 0 _TRUE_=1 (after class_read_flag)
DEBUG: Ridder field DISABLED. Lambda = 0.000000e+00, model_type not set to unified
BACKGROUND_INIT ENTERED: Lambda=0.00e+00
DEBUG BG_INIT ENTRY: model_type=0
DEBUG AFTER CHECKS: model_type=0 has_ridder=0
RIDDER DEBUG (background_init): has_ridder=0, Lambda_EDE_ridder=0.000000e+00, f_axion_ridder=1.000000e+16, theta_i_ridder=2.500000e+00, beta_ridder=0.000000e+00
BG_INIT: entering background_checks
BG_INIT: background_checks OK
DEB[mcmc] Progress @ 2025-11-27 01:22:28 : 2603 steps taken, and 58 accepted.
[mcmc] Progress @ 2025-11-27 01:23:30 : 2696 steps taken, and 71 accepted.
UG SHOOTING CHECK: has_ridder=0, model_type=0 (unified=1), use_shooting_EDE=0
BG_INIT: entering background_solve
BACKGROUND_SOLVE ENTERED: has_ridder=0 Lambda=0.00e+00
ABOUT TO INTEGRATE: bi_size=5 has_ridder=0 Lambda=0.00e+00
DERIVS_ENTRY: call#=500000 has_ridder=0 Lambda=0.00e+00 a=2.65e-14
BG_INIT: background_solve OK
INPUT_READ: ridder_freeze_phi = 0 _TRUE_=1 (after class_read_flag)
DEBUG: Ridder field DISABLED. Lambda = 0.000000e+00
INPUT_READ: ridder_freeze_phi = 0 _TRUE_=1 (after class_read_flag)
DEBUG: Ridder field DISABLED. Lambda = 0.000000e+00, model_type not set to unified
BACKGROUND_INIT ENTERED: Lambda=0.00e+00
DEBUG BG_INIT ENTRY: model_type=0
DEBUG AFTER CHECKS: model_type=0 has_ridder=0
RIDDER DEBUG (background_init): has_ridder=0, Lambda_EDE_ridder=0.000000e+00, f_axion_ridder=1.000000e+16, theta_i_ridder=2.500000e+00, beta_ridder=0.000000e+00
BG_INIT: entering background_checks
BG_INIT: background_checks OK
DEBUG SHOOTING CHECK: has_ridder=0, model_type=0 (unified=1), use_shooting_EDE=0
BG_INIT: entering background_solve
BACKGROUND_SOLVE ENTERED: has_ridder=0 Lambda=0.00e+00
ABOUT TO INTEGRATE: bi_size=5 has_ridder=0 Lambda=0.00e+00
DERIVS_ENTRY: call#=505000 has_ridder=0 Lambda=0.00e+00 a=2.42e-07
BG_INIT: background_solve OK
INPUT_READ: ridder_freeze_phi = 0 _TRUE_=1 (after class_read_flag)
DEBUG: Ridder field DISABLED. Lambda = 0.000000e+00
INPUT_READ: ridder_freeze_phi = 0 _TRUE_=1 (after class_read_flag)
DEBUG: Ridder field DISABLED. Lambda = 0.000000e+00, model_type not set to unified
BACKGROUND_INIT ENTERED: Lambda=0.00e+00
DEBUG BG_INIT ENTRY: model_type=0
DEBUG AFTER CHECKS: model_type=0 has_ridder=0
RIDDER DEBUG (background_init): has_ridder=0, Lambda_EDE_ridder=0.000000e+00, f_axion_ridder=1.000000e+16, theta_i_ridder=2.500000e+00, beta_ridder=0.000000e+00
BG_INIT: entering background_checks
BG_INIT: background_checks OK
DEBUG SHOOTING CHECK: has_ridder=0, model_type=0 (unified=1), use_shooting_EDE=0
BG_INIT: entering background_solve
BACKGROUND_SOLVE ENTERED: has_ridder=0 Lambda=0.00e+00
ABOUT TO INTEGRATE: bi_size=5 has_ridder=0 Lambda=0.00e+00
DERIVS_ENTRY: call#=510000 has_ridder=0 Lambda=0.00e+00 a=3.64e-01
BG_INIT: background_solve OK
INPUT_READ: ridder_freeze_phi = 0 _TRUE_=1 (after class_read_flag)
DEBUG: Ridder field DISABLED. Lambda = 0.000000e+00
INPUT_READ: ridder_freeze_phi = 0 _TRUE_=1 (after class_read_flag)
DEBUG: Ridder field DISABLED. Lambda = 0.000000e+00, model_type not set to unified
BACKGROUND_INIT ENTERED: Lambda=0.00e+00
DEBUG BG_INIT ENTRY: model_type=0
DEBUG AFTER CHECKS: model_type=0 has_ridder=0
RIDDER DEBUG (background_init): has_ridder=0, Lambda_EDE_ridder=0.000000e+00, f_axion_ridder=1.000000e+16, theta_i_ridder=2.500000e+00, beta_ridder=0.000000e+00
BG_INIT: entering background_checks
BG_INIT: background_checks OK
DEBUG SHOOTING CHECK: has_ridder=0, model_type=0 (unified=1), use_shooting_EDE=0
BG_INIT: entering background_solve
BACKGROUND_SOLVE ENTERED: has_ridder=0 Lambda=0.00e+00
ABOUT TO INTEGRATE: bi_size=5 has_ridder=0 Lambda=0.00e+00
BG_INIT: background_solve OK
INPUT_READ: ridder_freeze_phi = 0 _TRUE_=1 (after class_read_flag)
DEBUG: Ridder field DISABLED. Lambda = 0.000000e+00
INPUT_READ: ridder_freeze_phi = 0 _TRUE_=1 (after class_read_flag)
DEBUG: Ridder field DISABLED. Lambda = 0.000000e+00, model_type not set to unified
BACKGROUND_INIT ENTERED: Lambda=0.00e+00
DEBUG BG_INIT ENTRY: model_type=0
DEBUG AFTER CHECKS: model_type=0 has_ridder=0
RIDDER DEBUG (background_init): has_ridder=0, Lambda_EDE_ridder=0.000000e+00, f_axion_ridder=1.000000e+16, theta_i_ridder=2.500000e+00, beta_ridder=0.000000e+00
BG_INIT: entering background_checks
BG_INIT: background_checks OK
DEBUG SHOOTING CHECK: has_ridder=0, model_type=0 (unified=1), use_shooting_EDE=0
BG_INIT: entering background_solve
BACKGROUND_SOLVE ENTERED: has_ridder=0 Lambda=0.00e+00
ABOUT TO INTEGRATE: bi_size=5 has_ridder=0 Lambda=0.00e+00
DERIVS_ENTRY: call#=515000 has_ridder=0 Lambda=0.00e+00 a=3.48e-08
BG_INIT: background_solve OK
INPUT_READ: ridder_freeze_phi = 0 _TRUE_=1 (after class_read_flag)
D[mcmc] Progress @ 2025-11-27 01:24:36 : 2768 steps taken, and 77 accepted.
EBUG: Ridder field DISABLED. Lambda = 0.000000e+00
INPUT_READ: ridder_freeze_phi = 0 _TRUE_=1 (after class_read_flag)
DEBUG: Ridder field DISABLED. Lambda = 0.000000e+00, model_type not set to unified
BACKGROUND_INIT ENTERED: Lambda=0.00e+00
DEBUG BG_INIT ENTRY: model_type=0
DEBUG AFTER CHECKS: model_type=0 has_ridder=0
RIDDER DEBUG (background_init): has_ridder=0, Lambda_EDE_ridder=0.000000e+00, f_axion_ridder=1.000000e+16, theta_i_ridder=2.500000e+00, beta_ridder=0.000000e+00
BG_INIT: entering background_checks
BG_INIT: background_checks OK
DEBUG SHOOTING CHECK: has_ridder=0, model_type=0 (unified=1), use_shooting_EDE=0
BG_INIT: entering background_solve
BACKGROUND_SOLVE ENTERED: has_ridder=0 Lambda=0.00e+00
ABOUT TO INTEGRATE: bi_size=5 has_ridder=0 Lambda=0.00e+00
DERIVS_ENTRY: call#=520000 has_ridder=0 Lambda=0.00e+00 a=1.52e-02
BG_INIT: background_solve OK
INPUT_READ: ridder_freeze_phi = 0 _TRUE_=1 (after class_read_flag)
DEBUG: Ridder field DISABLED. Lambda = 0.000000e+00
INPUT_READ: ridder_freeze_phi = 0 _TRUE_=1 (after class_read_flag)
DEBUG: Ridder field DISABLED. Lambda = 0.000000e+00, model_type not set to unified
BACKGROUND_INIT ENTERED: Lambda=0.00e+00
DEBUG BG_INIT ENTRY: model_type=0
DEBUG AFTER CHECKS: model_type=0 has_ridder=0
RIDDER DEBUG (background_init): has_ridder=0, Lambda_EDE_ridder=0.000000e+00, f_axion_ridder=1.000000e+16, theta_i_ridder=2.500000e+00, beta_ridder=0.000000e+00
BG_INIT: entering background_checks
BG_INIT: background_checks OK
DEBUG SHOOTING CHECK: has_ridder=0, model_type=0 (unified=1), use_shooting_EDE=0
BG_INIT: entering background_solve
BACKGROUND_SOLVE ENTERED: has_ridder=0 Lambda=0.00e+00
ABOUT TO INTEGRATE: bi_size=5 has_ridder=0 Lambda=0.00e+00
BG_INIT: background_solve OK
INPUT_READ: ridder_freeze_phi = 0 _TRUE_=1 (after class_read_flag)
DEBUG: Ridder field DISABLED. Lambda = 0.000000e+00
INPUT_READ: ridder_freeze_phi = 0 _TRUE_=1 (after class_read_flag)
DEBUG: Ridder field DISABLED. Lambda = 0.000000e+00, model_type not set to unified
BACKGROUND_INIT ENTERED: Lambda=0.00e+00
DEBUG BG_INIT ENTRY: model_type=0
DEBUG AFTER CHECKS: model_type=0 has_ridder=0
RIDDER DEBUG (background_init): has_ridder=0, Lambda_EDE_ridder=0.000000e+00, f_axion_ridder=1.000000e+16, theta_i_ridder=2.500000e+00, beta_ridder=0.000000e+00
BG_INIT: entering background_checks
BG_INIT: background_checks OK
DEBUG SHOOTING CHECK: has_ridder=0, model_type=0 (unified=1), use_shooting_EDE=0
BG_INIT: entering background_solve
BACKGROUND_SOLVE ENTERED: has_ridder=0 Lambda=0.00e+00
ABOUT TO INTEGRATE: bi_size=5 has_ridder=0 Lambda=0.00e+00
DERIVS_ENTRY: call#=525000 has_ridder=0 Lambda=0.00e+00 a=5.38e-09
BG_INIT: background_solve OK
INPUT_READ: ridder_freeze_phi = 0 _TRUE_=1 (after class_read_flag)
DEBUG: Ridder field DISABLED. Lambda = 0.000000e+00
INPUT_READ: ridder_freeze_phi = 0 _TRUE_=1 (after class_read_flag)
DEBUG: Ridder field DISABLED. Lambda = 0.000000e+00, model_type not set to unified
BACKGROUND_INIT ENTERED: Lambda=0.00e+00
DEBUG BG_INIT ENTRY: model_type=0
DEBUG AFTER CHECKS: model_type=0 has_ridder=0
RIDDER DEBUG (background_init): has_ridder=0, Lambda_EDE_ridder=0.000000e+00, f_axion_ridder=1.000000e+16, theta_i_ridder=2.500000e+00, beta_ridder=0.000000e+00
BG_INIT: entering background_checks
BG_INIT: background_checks OK
DEBUG SHOOTING CHECK: has_ridder=0, model_type=0 (unified=1), use_shooting_EDE=0
BG_INIT: entering background_solve
BACKGROUND_SOLVE ENTERED: has_ridder=0 Lambda=0.00e+00
ABOUT TO INTEGRATE: bi_size=5 has_ridder=0 Lambda=0.00e+00
DERIVS_ENTRY: call#=530000 has_ridder=0 Lambda=0.00e+00 a=3.38e-04
BG_INIT: background_solve OK
INPUT_READ: ridder_freeze_phi = 0 _TRUE_=1 (after class_read_flag)
DEBUG: Ridder field DISABLED. Lambda = 0.000000e+00
INPUT_READ: ridder_freeze_phi = 0 _TRUE_=1 (after class_read_flag)
DEBUG: Ridder field DISABLED. Lambda = 0.000000e+00, model_type not set to unified
BACKGROUND_INIT ENTERED: Lambda=0.00e+00
DEBUG BG_INIT ENTRY: model_type=0
DEBUG AFTER CHECKS: model_type=0 has_ridder=0
RIDDER DEBUG (background_init): has_ridder=0, Lambda_EDE_ridder=0.000[mcmc] Progress @ 2025-11-27 01:25:37 : 2818 steps taken, and 82 accepted.
000e+00, f_axion_ridder=1.000000e+16, theta_i_ridder=2.500000e+00, beta_ridder=0.000000e+00
BG_INIT: entering background_checks
BG_INIT: background_checks OK
DEBUG SHOOTING CHECK: has_ridder=0, model_type=0 (unified=1), use_shooting_EDE=0
BG_INIT: entering background_solve
BACKGROUND_SOLVE ENTERED: has_ridder=0 Lambda=0.00e+00
ABOUT TO INTEGRATE: bi_size=5 has_ridder=0 Lambda=0.00e+00
BG_INIT: background_solve OK
INPUT_READ: ridder_freeze_phi = 0 _TRUE_=1 (after class_read_flag)
DEBUG: Ridder field DISABLED. Lambda = 0.000000e+00
INPUT_READ: ridder_freeze_phi = 0 _TRUE_=1 (after class_read_flag)
DEBUG: Ridder field DISABLED. Lambda = 0.000000e+00, model_type not set to unified
BACKGROUND_INIT ENTERED: Lambda=0.00e+00
DEBUG BG_INIT ENTRY: model_type=0
DEBUG AFTER CHECKS: model_type=0 has_ridder=0
RIDDER DEBUG (background_init): has_ridder=0, Lambda_EDE_ridder=0.000000e+00, f_axion_ridder=1.000000e+16, theta_i_ridder=2.500000e+00, beta_ridder=0.000000e+00
BG_INIT: entering background_checks
BG_INIT: background_checks OK
DEBUG SHOOTING CHECK: has_ridder=0, model_type=0 (unified=1), use_shooting_EDE=0
BG_INIT: entering background_solve
BACKGROUND_SOLVE ENTERED: has_ridder=0 Lambda=0.00e+00
ABOUT TO INTEGRATE: bi_size=5 has_ridder=0 Lambda=0.00e+00
DERIVS_ENTRY: call#=535000 has_ridder=0 Lambda=0.00e+00 a=7.74e-10
BG_INIT: background_solve OK
INPUT_READ: ridder_freeze_phi = 0 _TRUE_=1 (after class_read_flag)
DEBUG: Ridder field DISABLED. Lambda = 0.000000e+00
INPUT_READ: ridder_freeze_phi = 0 _TRUE_=1 (after class_read_flag)
DEBUG: Ridder field DISABLED. Lambda = 0.000000e+00, model_type not set to unified
BACKGROUND_INIT ENTERED: Lambda=0.00e+00
DEBUG BG_INIT ENTRY: model_type=0
DEBUG AFTER CHECKS: model_type=0 has_ridder=0
RIDDER DEBUG (background_init): has_ridder=0, Lambda_EDE_ridder=0.000000e+00, f_axion_ridder=1.000000e+16, theta_i_ridder=2.500000e+00, beta_ridder=0.000000e+00
BG_INIT: entering background_checks
BG_INIT: background_checks OK
DEBUG SHOOTING CHECK: has_ridder=0, model_type=0 (unified=1), use_shooting_EDE=0
BG_INIT: entering background_solve
BACKGROUND_SOLVE ENTERED: has_ridder=0 Lambda=0.00e+00
ABOUT TO INTEGRATE: bi_size=5 has_ridder=0 Lambda=0.00e+00
DERIVS_ENTRY: call#=540000 has_ridder=0 Lambda=0.00e+00 a=3.96e-05
BG_INIT: background_solve OK
INPUT_READ: ridder_freeze_phi = 0 _TRUE_=1 (after class_read_flag)
DEBUG: Ridder field DISABLED. Lambda = 0.000000e+00
INPUT_READ: ridder_freeze_phi = 0 _TRUE_=1 (after class_read_flag)
DEBUG: Ridder field DISABLED. Lambda = 0.000000e+00, model_type not set to unified
BACKGROUND_INIT ENTERED: Lambda=0.00e+00
DEBUG BG_INIT ENTRY: model_type=0
DEBUG AFTER CHECKS: model_type=0 has_ridder=0
RIDDER DEBUG (background_init): has_ridder=0, Lambda_EDE_ridder=0.000000e+00, f_axion_ridder=1.000000e+16, theta_i_ridder=2.500000e+00, beta_ridder=0.000000e+00
BG_INIT: entering background_checks
BG_INIT: background_checks OK
DEBUG SHOOTING CHECK: has_ridder=0, model_type=0 (unified=1), use_shooting_EDE=0
BG_INIT: entering background_solve
BACKGROUND_SOLVE ENTERED: has_ridder=0 Lambda=0.00e+00
ABOUT TO INTEGRATE: bi_size=5 has_ridder=0 Lambda=0.00e+00
BG_INIT: background_solve OK
INPUT_READ: ridder_freeze_phi = 0 _TRUE_=1 (after class_read_flag)
DEBUG: Ridder field DISABLED. Lambda = 0.000000e+00
INPUT_READ: ridder_freeze_phi = 0 _TRUE_=1 (after class_read_flag)
DEBUG: Ridder field DISABLED. Lambda = 0.000000e+00, model_type not set to unified
BACKGROUND_INIT ENTERED: Lambda=0.00e+00
DEBUG BG_INIT ENTRY: model_type=0
DEBUG AFTER CHECKS: model_type=0 has_ridder=0
RIDDER DEBUG (background_init): has_ridder=0, Lambda_EDE_ridder=0.000000e+00, f_axion_ridder=1.000000e+16, theta_i_ridder=2.500000e+00, beta_ridder=0.000000e+00
BG_INIT: entering background_checks
BG_INIT: background_checks OK
DEBUG SHOOTING CHECK: has_ridder=0, model_type=0 (unified=1), use_shooting_EDE=0
BG_INIT: entering background_solve
BACKGROUND_SOLVE ENTERED: has_ridder=0 Lambda=0.00e+00
ABOUT TO INTEGRATE: bi_size=5 has_ridder=0 Lambda=0.00e+00
DERIVS_ENTRY: call#=545000 has_ridder=0 Lambda=0.00e+00 a=1.18e-10
BG_[mcmc] Progress @ 2025-11-27 01:26:38 : 2921 steps taken, and 98 accepted.
INIT: background_solve OK
INPUT_READ: ridder_freeze_phi = 0 _TRUE_=1 (after class_read_flag)
DEBUG: Ridder field DISABLED. Lambda = 0.000000e+00
INPUT_READ: ridder_freeze_phi = 0 _TRUE_=1 (after class_read_flag)
DEBUG: Ridder field DISABLED. Lambda = 0.000000e+00, model_type not set to unified
BACKGROUND_INIT ENTERED: Lambda=0.00e+00
DEBUG BG_INIT ENTRY: model_type=0
DEBUG AFTER CHECKS: model_type=0 has_ridder=0
RIDDER DEBUG (background_init): has_ridder=0, Lambda_EDE_ridder=0.000000e+00, f_axion_ridder=1.000000e+16, theta_i_ridder=2.500000e+00, beta_ridder=0.000000e+00
BG_INIT: entering background_checks
BG_INIT: background_checks OK
DEBUG SHOOTING CHECK: has_ridder=0, model_type=0 (unified=1), use_shooting_EDE=0
BG_INIT: entering background_solve
BACKGROUND_SOLVE ENTERED: has_ridder=0 Lambda=0.00e+00
ABOUT TO INTEGRATE: bi_size=5 has_ridder=0 Lambda=0.00e+00
DERIVS_ENTRY: call#=550000 has_ridder=0 Lambda=0.00e+00 a=5.71e-06
BG_INIT: background_solve OK
INPUT_READ: ridder_freeze_phi = 0 _TRUE_=1 (after class_read_flag)
DEBUG: Ridder field DISABLED. Lambda = 0.000000e+00
INPUT_READ: ridder_freeze_phi = 0 _TRUE_=1 (after class_read_flag)
DEBUG: Ridder field DISABLED. Lambda = 0.000000e+00, model_type not set to unified
BACKGROUND_INIT ENTERED: Lambda=0.00e+00
DEBUG BG_INIT ENTRY: model_type=0
DEBUG AFTER CHECKS: model_type=0 has_ridder=0
RIDDER DEBUG (background_init): has_ridder=0, Lambda_EDE_ridder=0.000000e+00, f_axion_ridder=1.000000e+16, theta_i_ridder=2.500000e+00, beta_ridder=0.000000e+00
BG_INIT: entering background_checks
BG_INIT: background_checks OK
DEBUG SHOOTING CHECK: has_ridder=0, model_type=0 (unified=1), use_shooting_EDE=0
BG_INIT: entering background_solve
BACKGROUND_SOLVE ENTERED: has_ridder=0 Lambda=0.00e+00
ABOUT TO INTEGRATE: bi_size=5 has_ridder=0 Lambda=0.00e+00
BG_INIT: background_solve OK
INPUT_READ: ridder_freeze_phi = 0 _TRUE_=1 (after class_read_flag)
DEBUG: Ridder field DISABLED. Lambda = 0.000000e+00
INPUT_READ: ridder_freeze_phi = 0 _TRUE_=1 (after class_read_flag)
DEBUG: Ridder field DISABLED. Lambda = 0.000000e+00, model_type not set to unified
BACKGROUND_INIT ENTERED: Lambda=0.00e+00
DEBUG BG_INIT ENTRY: model_type=0
DEBUG AFTER CHECKS: model_type=0 has_ridder=0
RIDDER DEBUG (background_init): has_ridder=0, Lambda_EDE_ridder=0.000000e+00, f_axion_ridder=1.000000e+16, theta_i_ridder=2.500000e+00, beta_ridder=0.000000e+00
BG_INIT: entering background_checks
BG_INIT: background_checks OK
DEBUG SHOOTING CHECK: has_ridder=0, model_type=0 (unified=1), use_shooting_EDE=0
BG_INIT: entering background_solve
BACKGROUND_SOLVE ENTERED: has_ridder=0 Lambda=0.00e+00
ABOUT TO INTEGRATE: bi_size=5 has_ridder=0 Lambda=0.00e+00
DERIVS_ENTRY: call#=555000 has_ridder=0 Lambda=0.00e+00 a=2.48e-12
BG_INIT: background_solve OK
INPUT_READ: ridder_freeze_phi = 0 _TRUE_=1 (after class_read_flag)
DEBUG: Ridder field DISABLED. Lambda = 0.000000e+00
INPUT_READ: ridder_freeze_phi = 0 _TRUE_=1 (after class_read_flag)
DEBUG: Ridder field DISABLED. Lambda = 0.000000e+00, model_type not set to unified
BACKGROUND_INIT ENTERED: Lambda=0.00e+00
DEBUG BG_INIT ENTRY: model_type=0
DEBUG AFTER CHECKS: model_type=0 has_ridder=0
RIDDER DEBUG (background_init): has_ridder=0, Lambda_EDE_ridder=0.000000e+00, f_axion_ridder=1.000000e+16, theta_i_ridder=2.500000e+00, beta_ridder=0.000000e+00
BG_INIT: entering background_checks
BG_INIT: background_checks OK
DEBUG SHOOTING CHECK: has_ridder=0, model_type=0 (unified=1), use_shooting_EDE=0
BG_INIT: entering background_solve
BACKGROUND_SOLVE ENTERED: has_ridder=0 Lambda=0.00e+00
ABOUT TO INTEGRATE: bi_size=5 has_ridder=0 Lambda=0.00e+00
DERIVS_ENTRY: call#=560000 has_ridder=0 Lambda=0.00e+00 a=8.68e-07
BG_INIT: background_solve OK
INPUT_READ: ridder_freeze_phi = 0 _TRUE_=1 (after class_read_flag)
DEBUG: Ridder field DISABLED. Lambda = 0.000000e+00
INPUT_READ: ridder_freeze_phi = 0 _TRUE_=1 (after class_read_flag)
DEBUG: Ridder field DISABLED. Lambda = 0.000000e+00, model_type not set to unified
BACKGROUND_INIT ENTERED: Lambda=0.00e+00
DEBUG BG_INIT ENTRY: model_type=0
DEBUG AFTER CHECKS: m[mcmc] Progress @ 2025-11-27 01:27:41 : 2981 steps taken, and 109 accepted.
odel_type=0 has_ridder=0
RIDDER DEBUG (background_init): has_ridder=0, Lambda_EDE_ridder=0.000000e+00, f_axion_ridder=1.000000e+16, theta_i_ridder=2.500000e+00, beta_ridder=0.000000e+00
BG_INIT: entering background_checks
BG_INIT: background_checks OK
DEBUG SHOOTING CHECK: has_ridder=0, model_type=0 (unified=1), use_shooting_EDE=0
BG_INIT: entering background_solve
BACKGROUND_SOLVE ENTERED: has_ridder=0 Lambda=0.00e+00
ABOUT TO INTEGRATE: bi_size=5 has_ridder=0 Lambda=0.00e+00
BG_INIT: background_solve OK
INPUT_READ: ridder_freeze_phi = 0 _TRUE_=1 (after class_read_flag)
DEBUG: Ridder field DISABLED. Lambda = 0.000000e+00
INPUT_READ: ridder_freeze_phi = 0 _TRUE_=1 (after class_read_flag)
DEBUG: Ridder field DISABLED. Lambda = 0.000000e+00, model_type not set to unified
BACKGROUND_INIT ENTERED: Lambda=0.00e+00
DEBUG BG_INIT ENTRY: model_type=0
DEBUG AFTER CHECKS: model_type=0 has_ridder=0
RIDDER DEBUG (background_init): has_ridder=0, Lambda_EDE_ridder=0.000000e+00, f_axion_ridder=1.000000e+16, theta_i_ridder=2.500000e+00, beta_ridder=0.000000e+00
BG_INIT: entering background_checks
BG_INIT: background_checks OK
DEBUG SHOOTING CHECK: has_ridder=0, model_type=0 (unified=1), use_shooting_EDE=0
BG_INIT: entering background_solve
BACKGROUND_SOLVE ENTERED: has_ridder=0 Lambda=0.00e+00
ABOUT TO INTEGRATE: bi_size=5 has_ridder=0 Lambda=0.00e+00
DERIVS_ENTRY: call#=565000 has_ridder=0 Lambda=0.00e+00 a=1.00e-14
BG_INIT: background_solve OK
INPUT_READ: ridder_freeze_phi = 0 _TRUE_=1 (after class_read_flag)
DEBUG: Ridder field DISABLED. Lambda = 0.000000e+00
INPUT_READ: ridder_freeze_phi = 0 _TRUE_=1 (after class_read_flag)
DEBUG: Ridder field DISABLED. Lambda = 0.000000e+00, model_type not set to unified
BACKGROUND_INIT ENTERED: Lambda=0.00e+00
DEBUG BG_INIT ENTRY: model_type=0
DEBUG AFTER CHECKS: model_type=0 has_ridder=0
RIDDER DEBUG (background_init): has_ridder=0, Lambda_EDE_ridder=0.000000e+00, f_axion_ridder=1.000000e+16, theta_i_ridder=2.500000e+00, beta_ridder=0.000000e+00
BG_INIT: entering background_checks
BG_INIT: background_checks OK
DEBUG SHOOTING CHECK: has_ridder=0, model_type=0 (unified=1), use_shooting_EDE=0
BG_INIT: entering background_solve
BACKGROUND_SOLVE ENTERED: has_ridder=0 Lambda=0.00e+00
ABOUT TO INTEGRATE: bi_size=5 has_ridder=0 Lambda=0.00e+00
DERIVS_ENTRY: call#=570000 has_ridder=0 Lambda=0.00e+00 a=1.34e-07
BG_INIT: background_solve OK
INPUT_READ: ridder_freeze_phi = 0 _TRUE_=1 (after class_read_flag)
DEBUG: Ridder field DISABLED. Lambda = 0.000000e+00
INPUT_READ: ridder_freeze_phi = 0 _TRUE_=1 (after class_read_flag)
DEBUG: Ridder field DISABLED. Lambda = 0.000000e+00, model_type not set to unified
BACKGROUND_INIT ENTERED: Lambda=0.00e+00
DEBUG BG_INIT ENTRY: model_type=0
DEBUG AFTER CHECKS: model_type=0 has_ridder=0
RIDDER DEBUG (background_init): has_ridder=0, Lambda_EDE_ridder=0.000000e+00, f_axion_ridder=1.000000e+16, theta_i_ridder=2.500000e+00, beta_ridder=0.000000e+00
BG_INIT: entering background_checks
BG_INIT: background_checks OK
DEBUG SHOOTING CHECK: has_ridder=0, model_type=0 (unified=1), use_shooting_EDE=0
BG_INIT: entering background_solve
BACKGROUND_SOLVE ENTERED: has_ridder=0 Lambda=0.00e+00
ABOUT TO INTEGRATE: bi_size=5 has_ridder=0 Lambda=0.00e+00
DERIVS_ENTRY: call#=575000 has_ridder=0 Lambda=0.00e+00 a=1.91e-01
BG_INIT: background_solve OK
INPUT_READ: ridder_freeze_phi = 0 _TRUE_=1 (after class_read_flag)
DEBUG: Ridder field DISABLED. Lambda = 0.000000e+00
INPUT_READ: ridder_freeze_phi = 0 _TRUE_=1 (after class_read_flag)
DEBUG: Ridder field DISABLED. Lambda = 0.000000e+00, model_type not set to unified
BACKGROUND_INIT ENTERED: Lambda=0.00e+00
DEBUG BG_INIT ENTRY: model_type=0
DEBUG AFTER CHECKS: model_type=0 has_ridder=0
RIDDER DEBUG (background_init): has_ridder=0, Lambda_EDE_ridder=0.000000e+00, f_axion_ridder=1.000000e+16, theta_i_ridder=2.500000e+00, beta_ridder=0.000000e+00
BG_INIT: entering background_checks
BG_INIT: background_checks OK
DEBUG SHOOTING CHECK: has_ridder=0, model_type=0 (unified=1), use_shooting_EDE=0
BG_INIT: entering background_solve
BACKGROUND_SOLVE ENTERE[mcmc] Progress @ 2025-11-27 01:28:47 : 3041 steps taken, and 119 accepted.
[mcmc] Progress @ 2025-11-27 01:29:47 : 3131 steps taken, and 129 accepted.
D: has_ridder=0 Lambda=0.00e+00
ABOUT TO INTEGRATE: bi_size=5 has_ridder=0 Lambda=0.00e+00
BG_INIT: background_solve OK
INPUT_READ: ridder_freeze_phi = 0 _TRUE_=1 (after class_read_flag)
DEBUG: Ridder field DISABLED. Lambda = 0.000000e+00
INPUT_READ: ridder_freeze_phi = 0 _TRUE_=1 (after class_read_flag)
DEBUG: Ridder field DISABLED. Lambda = 0.000000e+00, model_type not set to unified
BACKGROUND_INIT ENTERED: Lambda=0.00e+00
DEBUG BG_INIT ENTRY: model_type=0
DEBUG AFTER CHECKS: model_type=0 has_ridder=0
RIDDER DEBUG (background_init): has_ridder=0, Lambda_EDE_ridder=0.000000e+00, f_axion_ridder=1.000000e+16, theta_i_ridder=2.500000e+00, beta_ridder=0.000000e+00
BG_INIT: entering background_checks
BG_INIT: background_checks OK
DEBUG SHOOTING CHECK: has_ridder=0, model_type=0 (unified=1), use_shooting_EDE=0
BG_INIT: entering background_solve
BACKGROUND_SOLVE ENTERED: has_ridder=0 Lambda=0.00e+00
ABOUT TO INTEGRATE: bi_size=5 has_ridder=0 Lambda=0.00e+00
DERIVS_ENTRY: call#=580000 has_ridder=0 Lambda=0.00e+00 a=1.96e-08
BG_INIT: background_solve OK
INPUT_READ: ridder_freeze_phi = 0 _TRUE_=1 (after class_read_flag)
DEBUG: Ridder field DISABLED. Lambda = 0.000000e+00
INPUT_READ: ridder_freeze_phi = 0 _TRUE_=1 (after class_read_flag)
DEBUG: Ridder field DISABLED. Lambda = 0.000000e+00, model_type not set to unified
BACKGROUND_INIT ENTERED: Lambda=0.00e+00
DEBUG BG_INIT ENTRY: model_type=0
DEBUG AFTER CHECKS: model_type=0 has_ridder=0
RIDDER DEBUG (background_init): has_ridder=0, Lambda_EDE_ridder=0.000000e+00, f_axion_ridder=1.000000e+16, theta_i_ridder=2.500000e+00, beta_ridder=0.000000e+00
BG_INIT: entering background_checks
BG_INIT: background_checks OK
DEBUG SHOOTING CHECK: has_ridder=0, model_type=0 (unified=1), use_shooting_EDE=0
BG_INIT: entering background_solve
BACKGROUND_SOLVE ENTERED: has_ridder=0 Lambda=0.00e+00
ABOUT TO INTEGRATE: bi_size=5 has_ridder=0 Lambda=0.00e+00
DERIVS_ENTRY: call#=585000 has_ridder=0 Lambda=0.00e+00 a=4.31e-03
BG_INIT: background_solve OK
INPUT_READ: ridder_freeze_phi = 0 _TRUE_=1 (after class_read_flag)
DEBUG: Ridder field DISABLED. Lambda = 0.000000e+00
INPUT_READ: ridder_freeze_phi = 0 _TRUE_=1 (after class_read_flag)
DEBUG: Ridder field DISABLED. Lambda = 0.000000e+00, model_type not set to unified
BACKGROUND_INIT ENTERED: Lambda=0.00e+00
DEBUG BG_INIT ENTRY: model_type=0
DEBUG AFTER CHECKS: model_type=0 has_ridder=0
RIDDER DEBUG (background_init): has_ridder=0, Lambda_EDE_ridder=0.000000e+00, f_axion_ridder=1.000000e+16, theta_i_ridder=2.500000e+00, beta_ridder=0.000000e+00
BG_INIT: entering background_checks
BG_INIT: background_checks OK
DEBUG SHOOTING CHECK: has_ridder=0, model_type=0 (unified=1), use_shooting_EDE=0
BG_INIT: entering background_solve
BACKGROUND_SOLVE ENTERED: has_ridder=0 Lambda=0.00e+00
ABOUT TO INTEGRATE: bi_size=5 has_ridder=0 Lambda=0.00e+00
BG_INIT: background_solve OK
INPUT_READ: ridder_freeze_phi = 0 _TRUE_=1 (after class_read_flag)
DEBUG: Ridder field DISABLED. Lambda = 0.000000e+00
INPUT_READ: ridder_freeze_phi = 0 _TRUE_=1 (after class_read_flag)
DEBUG: Ridder field DISABLED. Lambda = 0.000000e+00, model_type not set to unified
BACKGROUND_INIT ENTERED: Lambda=0.00e+00
DEBUG BG_INIT ENTRY: model_type=0
DEBUG AFTER CHECKS: model_type=0 has_ridder=0
RIDDER DEBUG (background_init): has_ridder=0, Lambda_EDE_ridder=0.000000e+00, f_axion_ridder=1.000000e+16, theta_i_ridder=2.500000e+00, beta_ridder=0.000000e+00
BG_INIT: entering background_checks
BG_INIT: background_checks OK
DEBUG SHOOTING CHECK: has_ridder=0, model_type=0 (unified=1), use_shooting_EDE=0
BG_INIT: entering background_solve
BACKGROUND_SOLVE ENTERED: has_ridder=0 Lambda=0.00e+00
ABOUT TO INTEGRATE: bi_size=5 has_ridder=0 Lambda=0.00e+00
DERIVS_ENTRY: call#=590000 has_ridder=0 Lambda=0.00e+00 a=2.82e-09
BG_INIT: background_solve OK
INPUT_READ: ridder_freeze_phi = 0 _TRUE_=1 (after class_read_flag)
DEBUG: Ridder field DISABLED. Lambda = 0.000000e+00
INPUT_READ: ridder_freeze_phi = 0 _TRUE_=1 (after class_read_flag)
DEBUG: Ridder field DISABLED. Lambda = 0.000000e+00, model_type not set to unified
BA[mcmc] Progress @ 2025-11-27 01:30:47 : 3185 steps taken, and 135 accepted.
CKGROUND_INIT ENTERED: Lambda=0.00e+00
DEBUG BG_INIT ENTRY: model_type=0
DEBUG AFTER CHECKS: model_type=0 has_ridder=0
RIDDER DEBUG (background_init): has_ridder=0, Lambda_EDE_ridder=0.000000e+00, f_axion_ridder=1.000000e+16, theta_i_ridder=2.500000e+00, beta_ridder=0.000000e+00
BG_INIT: entering background_checks
BG_INIT: background_checks OK
DEBUG SHOOTING CHECK: has_ridder=0, model_type=0 (unified=1), use_shooting_EDE=0
BG_INIT: entering background_solve
BACKGROUND_SOLVE ENTERED: has_ridder=0 Lambda=0.00e+00
ABOUT TO INTEGRATE: bi_size=5 has_ridder=0 Lambda=0.00e+00
DERIVS_ENTRY: call#=595000 has_ridder=0 Lambda=0.00e+00 a=1.47e-04
BG_INIT: background_solve OK
INPUT_READ: ridder_freeze_phi = 0 _TRUE_=1 (after class_read_flag)
DEBUG: Ridder field DISABLED. Lambda = 0.000000e+00
INPUT_READ: ridder_freeze_phi = 0 _TRUE_=1 (after class_read_flag)
DEBUG: Ridder field DISABLED. Lambda = 0.000000e+00, model_type not set to unified
BACKGROUND_INIT ENTERED: Lambda=0.00e+00
DEBUG BG_INIT ENTRY: model_type=0
DEBUG AFTER CHECKS: model_type=0 has_ridder=0
RIDDER DEBUG (background_init): has_ridder=0, Lambda_EDE_ridder=0.000000e+00, f_axion_ridder=1.000000e+16, theta_i_ridder=2.500000e+00, beta_ridder=0.000000e+00
BG_INIT: entering background_checks
BG_INIT: background_checks OK
DEBUG SHOOTING CHECK: has_ridder=0, model_type=0 (unified=1), use_shooting_EDE=0
BG_INIT: entering background_solve
BACKGROUND_SOLVE ENTERED: has_ridder=0 Lambda=0.00e+00
ABOUT TO INTEGRATE: bi_size=5 has_ridder=0 Lambda=0.00e+00
BG_INIT: background_solve OK
INPUT_READ: ridder_freeze_phi = 0 _TRUE_=1 (after class_read_flag)
DEBUG: Ridder field DISABLED. Lambda = 0.000000e+00
INPUT_READ: ridder_freeze_phi = 0 _TRUE_=1 (after class_read_flag)
DEBUG: Ridder field DISABLED. Lambda = 0.000000e+00, model_type not set to unified
BACKGROUND_INIT ENTERED: Lambda=0.00e+00
DEBUG BG_INIT ENTRY: model_type=0
DEBUG AFTER CHECKS: model_type=0 has_ridder=0
RIDDER DEBUG (background_init): has_ridder=0, Lambda_EDE_ridder=0.000000e+00, f_axion_ridder=1.000000e+16, theta_i_ridder=2.500000e+00, beta_ridder=0.000000e+00
BG_INIT: entering background_checks
BG_INIT: background_checks OK
DEBUG SHOOTING CHECK: has_ridder=0, model_type=0 (unified=1), use_shooting_EDE=0
BG_INIT: entering background_solve
BACKGROUND_SOLVE ENTERED: has_ridder=0 Lambda=0.00e+00
ABOUT TO INTEGRATE: bi_size=5 has_ridder=0 Lambda=0.00e+00
DERIVS_ENTRY: call#=600000 has_ridder=0 Lambda=0.00e+00 a=4.35e-10
BG_INIT: background_solve OK
INPUT_READ: ridder_freeze_phi = 0 _TRUE_=1 (after class_read_flag)
DEBUG: Ridder field DISABLED. Lambda = 0.000000e+00
INPUT_READ: ridder_freeze_phi = 0 _TRUE_=1 (after class_read_flag)
DEBUG: Ridder field DISABLED. Lambda = 0.000000e+00, model_type not set to unified
BACKGROUND_INIT ENTERED: Lambda=0.00e+00
DEBUG BG_INIT ENTRY: model_type=0
DEBUG AFTER CHECKS: model_type=0 has_ridder=0
RIDDER DEBUG (background_init): has_ridder=0, Lambda_EDE_ridder=0.000000e+00, f_axion_ridder=1.000000e+16, theta_i_ridder=2.500000e+00, beta_ridder=0.000000e+00
BG_INIT: entering background_checks
BG_INIT: background_checks OK
DEBUG SHOOTING CHECK: has_ridder=0, model_type=0 (unified=1), use_shooting_EDE=0
BG_INIT: entering background_solve
BACKGROUND_SOLVE ENTERED: has_ridder=0 Lambda=0.00e+00
ABOUT TO INTEGRATE: bi_size=5 has_ridder=0 Lambda=0.00e+00
DERIVS_ENTRY: call#=605000 has_ridder=0 Lambda=0.00e+00 a=2.16e-05
BG_INIT: background_solve OK
INPUT_READ: ridder_freeze_phi = 0 _TRUE_=1 (after class_read_flag)
DEBUG: Ridder field DISABLED. Lambda = 0.000000e+00
INPUT_READ: ridder_freeze_phi = 0 _TRUE_=1 (after class_read_flag)
DEBUG: Ridder field DISABLED. Lambda = 0.000000e+00, model_type not set to unified
BACKGROUND_INIT ENTERED: Lambda=0.00e+00
DEBUG BG_INIT ENTRY: model_type=0
DEBUG AFTER CHECKS: model_type=0 has_ridder=0
RIDDER DEBUG (background_init): has_ridder=0, Lambda_EDE_ridder=0.000000e+00, f_axion_ridder=1.000000e+16, theta_i_ridder=2.500000e+00, beta_ridder=0.000000e+00
BG_INIT: entering background_checks
BG_INIT: background_checks OK
DEBUG SHOOTING CHECK: has_ridder=0, model_typ[mcmc] Progress @ 2025-11-27 01:31:51 : 3236 steps taken, and 143 accepted.
e=0 (unified=1), use_shooting_EDE=0
BG_INIT: entering background_solve
BACKGROUND_SOLVE ENTERED: has_ridder=0 Lambda=0.00e+00
ABOUT TO INTEGRATE: bi_size=5 has_ridder=0 Lambda=0.00e+00
BG_INIT: background_solve OK
INPUT_READ: ridder_freeze_phi = 0 _TRUE_=1 (after class_read_flag)
DEBUG: Ridder field DISABLED. Lambda = 0.000000e+00
INPUT_READ: ridder_freeze_phi = 0 _TRUE_=1 (after class_read_flag)
DEBUG: Ridder field DISABLED. Lambda = 0.000000e+00, model_type not set to unified
BACKGROUND_INIT ENTERED: Lambda=0.00e+00
DEBUG BG_INIT ENTRY: model_type=0
DEBUG AFTER CHECKS: model_type=0 has_ridder=0
RIDDER DEBUG (background_init): has_ridder=0, Lambda_EDE_ridder=0.000000e+00, f_axion_ridder=1.000000e+16, theta_i_ridder=2.500000e+00, beta_ridder=0.000000e+00
BG_INIT: entering background_checks
BG_INIT: background_checks OK
DEBUG SHOOTING CHECK: has_ridder=0, model_type=0 (unified=1), use_shooting_EDE=0
BG_INIT: entering background_solve
BACKGROUND_SOLVE ENTERED: has_ridder=0 Lambda=0.00e+00
ABOUT TO INTEGRATE: bi_size=5 has_ridder=0 Lambda=0.00e+00
DERIVS_ENTRY: call#=610000 has_ridder=0 Lambda=0.00e+00 a=6.18e-11
BG_INIT: background_solve OK
INPUT_READ: ridder_freeze_phi = 0 _TRUE_=1 (after class_read_flag)
DEBUG: Ridder field DISABLED. Lambda = 0.000000e+00
INPUT_READ: ridder_freeze_phi = 0 _TRUE_=1 (after class_read_flag)
DEBUG: Ridder field DISABLED. Lambda = 0.000000e+00, model_type not set to unified
BACKGROUND_INIT ENTERED: Lambda=0.00e+00
DEBUG BG_INIT ENTRY: model_type=0
DEBUG AFTER CHECKS: model_type=0 has_ridder=0
RIDDER DEBUG (background_init): has_ridder=0, Lambda_EDE_ridder=0.000000e+00, f_axion_ridder=1.000000e+16, theta_i_ridder=2.500000e+00, beta_ridder=0.000000e+00
BG_INIT: entering background_checks
BG_INIT: background_checks OK
DEBUG SHOOTING CHECK: has_ridder=0, model_type=0 (unified=1), use_shooting_EDE=0
BG_INIT: entering background_solve
BACKGROUND_SOLVE ENTERED: has_ridder=0 Lambda=0.00e+00
ABOUT TO INTEGRATE: bi_size=5 has_ridder=0 Lambda=0.00e+00
DERIVS_ENTRY: call#=615000 has_ridder=0 Lambda=0.00e+00 a=3.12e-06
BG_INIT: background_solve OK
INPUT_READ: ridder_freeze_phi = 0 _TRUE_=1 (after class_read_flag)
DEBUG: Ridder field DISABLED. Lambda = 0.000000e+00
INPUT_READ: ridder_freeze_phi = 0 _TRUE_=1 (after class_read_flag)
DEBUG: Ridder field DISABLED. Lambda = 0.000000e+00, model_type not set to unified
BACKGROUND_INIT ENTERED: Lambda=0.00e+00
DEBUG BG_INIT ENTRY: model_type=0
DEBUG AFTER CHECKS: model_type=0 has_ridder=0
RIDDER DEBUG (background_init): has_ridder=0, Lambda_EDE_ridder=0.000000e+00, f_axion_ridder=1.000000e+16, theta_i_ridder=2.500000e+00, beta_ridder=0.000000e+00
BG_INIT: entering background_checks
BG_INIT: background_checks OK
DEBUG SHOOTING CHECK: has_ridder=0, model_type=0 (unified=1), use_shooting_EDE=0
BG_INIT: entering background_solve
BACKGROUND_SOLVE ENTERED: has_ridder=0 Lambda=0.00e+00
ABOUT TO INTEGRATE: bi_size=5 has_ridder=0 Lambda=0.00e+00
BG_INIT: background_solve OK
INPUT_READ: ridder_freeze_phi = 0 _TRUE_=1 (after class_read_flag)
DEBUG: Ridder field DISABLED. Lambda = 0.000000e+00
INPUT_READ: ridder_freeze_phi = 0 _TRUE_=1 (after class_read_flag)
DEBUG: Ridder field DISABLED. Lambda = 0.000000e+00, model_type not set to unified
BACKGROUND_INIT ENTERED: Lambda=0.00e+00
DEBUG BG_INIT ENTRY: model_type=0
DEBUG AFTER CHECKS: model_type=0 has_ridder=0
RIDDER DEBUG (background_init): has_ridder=0, Lambda_EDE_ridder=0.000000e+00, f_axion_ridder=1.000000e+16, theta_i_ridder=2.500000e+00, beta_ridder=0.000000e+00
BG_INIT: entering background_checks
BG_INIT: background_checks OK
DEBUG SHOOTING CHECK: has_ridder=0, model_type=0 (unified=1), use_shooting_EDE=0
BG_INIT: entering background_solve
BACKGROUND_SOLVE ENTERED: has_ridder=0 Lambda=0.00e+00
ABOUT TO INTEGRATE: bi_size=5 has_ridder=0 Lambda=0.00e+00
DERIVS_ENTRY: call#=620000 has_ridder=0 Lambda=0.00e+00 a=2.30e-13
BG_INIT: background_solve OK
INPUT_READ: ridder_freeze_phi = 0 _TRUE_=1 (after class_read_flag)
DEBUG: Ridder field DISABLED. Lambda = 0.000000e+00
INPUT_READ: ridder_freeze_phi = 0 _TRUE_=1 (after class_re[mcmc] Progress @ 2025-11-27 01:33:02 : 3309 steps taken, and 157 accepted.
ad_flag)
DEBUG: Ridder field DISABLED. Lambda = 0.000000e+00, model_type not set to unified
BACKGROUND_INIT ENTERED: Lambda=0.00e+00
DEBUG BG_INIT ENTRY: model_type=0
DEBUG AFTER CHECKS: model_type=0 has_ridder=0
RIDDER DEBUG (background_init): has_ridder=0, Lambda_EDE_ridder=0.000000e+00, f_axion_ridder=1.000000e+16, theta_i_ridder=2.500000e+00, beta_ridder=0.000000e+00
BG_INIT: entering background_checks
BG_INIT: background_checks OK
DEBUG SHOOTING CHECK: has_ridder=0, model_type=0 (unified=1), use_shooting_EDE=0
BG_INIT: entering background_solve
BACKGROUND_SOLVE ENTERED: has_ridder=0 Lambda=0.00e+00
ABOUT TO INTEGRATE: bi_size=5 has_ridder=0 Lambda=0.00e+00
DERIVS_ENTRY: call#=625000 has_ridder=0 Lambda=0.00e+00 a=4.37e-07
BG_INIT: background_solve OK
INPUT_READ: ridder_freeze_phi = 0 _TRUE_=1 (after class_read_flag)
DEBUG: Ridder field DISABLED. Lambda = 0.000000e+00
INPUT_READ: ridder_freeze_phi = 0 _TRUE_=1 (after class_read_flag)
DEBUG: Ridder field DISABLED. Lambda = 0.000000e+00, model_type not set to unified
BACKGROUND_INIT ENTERED: Lambda=0.00e+00
DEBUG BG_INIT ENTRY: model_type=0
DEBUG AFTER CHECKS: model_type=0 has_ridder=0
RIDDER DEBUG (background_init): has_ridder=0, Lambda_EDE_ridder=0.000000e+00, f_axion_ridder=1.000000e+16, theta_i_ridder=2.500000e+00, beta_ridder=0.000000e+00
BG_INIT: entering background_checks
BG_INIT: background_checks OK
DEBUG SHOOTING CHECK: has_ridder=0, model_type=0 (unified=1), use_shooting_EDE=0
BG_INIT: entering background_solve
BACKGROUND_SOLVE ENTERED: has_ridder=0 Lambda=0.00e+00
ABOUT TO INTEGRATE: bi_size=5 has_ridder=0 Lambda=0.00e+00
DERIVS_ENTRY: call#=630000 has_ridder=0 Lambda=0.00e+00 a=6.18e-01
BG_INIT: background_solve OK
INPUT_READ: ridder_freeze_phi = 0 _TRUE_=1 (after class_read_flag)
DEBUG: Ridder field DISABLED. Lambda = 0.000000e+00
INPUT_READ: ridder_freeze_phi = 0 _TRUE_=1 (after class_read_flag)
DEBUG: Ridder field DISABLED. Lambda = 0.000000e+00, model_type not set to unified
BACKGROUND_INIT ENTERED: Lambda=0.00e+00
DEBUG BG_INIT ENTRY: model_type=0
DEBUG AFTER CHECKS: model_type=0 has_ridder=0
RIDDER DEBUG (background_init): has_ridder=0, Lambda_EDE_ridder=0.000000e+00, f_axion_ridder=1.000000e+16, theta_i_ridder=2.500000e+00, beta_ridder=0.000000e+00
BG_INIT: entering background_checks
BG_INIT: background_checks OK
DEBUG SHOOTING CHECK: has_ridder=0, model_type=0 (unified=1), use_shooting_EDE=0
BG_INIT: entering background_solve
BACKGROUND_SOLVE ENTERED: has_ridder=0 Lambda=0.00e+00
ABOUT TO INTEGRATE: bi_size=5 has_ridder=0 Lambda=0.00e+00
BG_INIT: background_solve OK
INPUT_READ: ridder_freeze_phi = 0 _TRUE_=1 (after class_read_flag)
DEBUG: Ridder field DISABLED. Lambda = 0.000000e+00
INPUT_READ: ridder_freeze_phi = 0 _TRUE_=1 (after class_read_flag)
DEBUG: Ridder field DISABLED. Lambda = 0.000000e+00, model_type not set to unified
BACKGROUND_INIT ENTERED: Lambda=0.00e+00
DEBUG BG_INIT ENTRY: model_type=0
DEBUG AFTER CHECKS: model_type=0 has_ridder=0
RIDDER DEBUG (background_init): has_ridder=0, Lambda_EDE_ridder=0.000000e+00, f_axion_ridder=1.000000e+16, theta_i_ridder=2.500000e+00, beta_ridder=0.000000e+00
BG_INIT: entering background_checks
BG_INIT: background_checks OK
DEBUG SHOOTING CHECK: has_ridder=0, model_type=0 (unified=1), use_shooting_EDE=0
BG_INIT: entering background_solve
BACKGROUND_SOLVE ENTERED: has_ridder=0 Lambda=0.00e+00
ABOUT TO INTEGRATE: bi_size=5 has_ridder=0 Lambda=0.00e+00
DERIVS_ENTRY: call#=635000 has_ridder=0 Lambda=0.00e+00 a=6.38e-08
BG_INIT: background_solve OK
INPUT_READ: ridder_freeze_phi = 0 _TRUE_=1 (after class_read_flag)
DEBUG: Ridder field DISABLED. Lambda = 0.000000e+00
INPUT_READ: ridder_freeze_phi = 0 _TRUE_=1 (after class_read_flag)
DEBUG: Ridder field DISABLED. Lambda = 0.000000e+00, model_type not set to unified
BACKGROUND_INIT ENTERED: Lambda=0.00e+00
DEBUG BG_INIT ENTRY: model_type=0
DEBUG AFTER CHECKS: model_type=0 has_ridder=0
RIDDER DEBUG (background_init): has_ridder=0, Lambda_EDE_ridder=0.000000e+00, f_axion_ridder=1.000000e+16, theta_i_ridder=2.500000e+00, beta_ridder=0.000000e+00
BG_INIT: entering[mcmc] Progress @ 2025-11-27 01:34:07 : 3414 steps taken, and 175 accepted.
[mcmc] Progress @ 2025-11-27 01:35:07 : 3446 steps taken, and 182 accepted.
 background_checks
BG_INIT: background_checks OK
DEBUG SHOOTING CHECK: has_ridder=0, model_type=0 (unified=1), use_shooting_EDE=0
BG_INIT: entering background_solve
BACKGROUND_SOLVE ENTERED: has_ridder=0 Lambda=0.00e+00
ABOUT TO INTEGRATE: bi_size=5 has_ridder=0 Lambda=0.00e+00
DERIVS_ENTRY: call#=640000 has_ridder=0 Lambda=0.00e+00 a=5.18e-02
BG_INIT: background_solve OK
INPUT_READ: ridder_freeze_phi = 0 _TRUE_=1 (after class_read_flag)
DEBUG: Ridder field DISABLED. Lambda = 0.000000e+00
INPUT_READ: ridder_freeze_phi = 0 _TRUE_=1 (after class_read_flag)
DEBUG: Ridder field DISABLED. Lambda = 0.000000e+00, model_type not set to unified
BACKGROUND_INIT ENTERED: Lambda=0.00e+00
DEBUG BG_INIT ENTRY: model_type=0
DEBUG AFTER CHECKS: model_type=0 has_ridder=0
RIDDER DEBUG (background_init): has_ridder=0, Lambda_EDE_ridder=0.000000e+00, f_axion_ridder=1.000000e+16, theta_i_ridder=2.500000e+00, beta_ridder=0.000000e+00
BG_INIT: entering background_checks
BG_INIT: background_checks OK
DEBUG SHOOTING CHECK: has_ridder=0, model_type=0 (unified=1), use_shooting_EDE=0
BG_INIT: entering background_solve
BACKGROUND_SOLVE ENTERED: has_ridder=0 Lambda=0.00e+00
ABOUT TO INTEGRATE: bi_size=5 has_ridder=0 Lambda=0.00e+00
BG_INIT: background_solve OK
INPUT_READ: ridder_freeze_phi = 0 _TRUE_=1 (after class_read_flag)
DEBUG: Ridder field DISABLED. Lambda = 0.000000e+00
INPUT_READ: ridder_freeze_phi = 0 _TRUE_=1 (after class_read_flag)
DEBUG: Ridder field DISABLED. Lambda = 0.000000e+00, model_type not set to unified
BACKGROUND_INIT ENTERED: Lambda=0.00e+00
DEBUG BG_INIT ENTRY: model_type=0
DEBUG AFTER CHECKS: model_type=0 has_ridder=0
RIDDER DEBUG (background_init): has_ridder=0, Lambda_EDE_ridder=0.000000e+00, f_axion_ridder=1.000000e+16, theta_i_ridder=2.500000e+00, beta_ridder=0.000000e+00
BG_INIT: entering background_checks
BG_INIT: background_checks OK
DEBUG SHOOTING CHECK: has_ridder=0, model_type=0 (unified=1), use_shooting_EDE=0
BG_INIT: entering background_solve
BACKGROUND_SOLVE ENTERED: has_ridder=0 Lambda=0.00e+00
ABOUT TO INTEGRATE: bi_size=5 has_ridder=0 Lambda=0.00e+00
DERIVS_ENTRY: call#=645000 has_ridder=0 Lambda=0.00e+00 a=9.32e-09
BG_INIT: background_solve OK
INPUT_READ: ridder_freeze_phi = 0 _TRUE_=1 (after class_read_flag)
DEBUG: Ridder field DISABLED. Lambda = 0.000000e+00
INPUT_READ: ridder_freeze_phi = 0 _TRUE_=1 (after class_read_flag)
DEBUG: Ridder field DISABLED. Lambda = 0.000000e+00, model_type not set to unified
BACKGROUND_INIT ENTERED: Lambda=0.00e+00
DEBUG BG_INIT ENTRY: model_type=0
DEBUG AFTER CHECKS: model_type=0 has_ridder=0
RIDDER DEBUG (background_init): has_ridder=0, Lambda_EDE_ridder=0.000000e+00, f_axion_ridder=1.000000e+16, theta_i_ridder=2.500000e+00, beta_ridder=0.000000e+00
BG_INIT: entering background_checks
BG_INIT: background_checks OK
DEBUG SHOOTING CHECK: has_ridder=0, model_type=0 (unified=1), use_shooting_EDE=0
BG_INIT: entering background_solve
BACKGROUND_SOLVE ENTERED: has_ridder=0 Lambda=0.00e+00
ABOUT TO INTEGRATE: bi_size=5 has_ridder=0 Lambda=0.00e+00
DERIVS_ENTRY: call#=650000 has_ridder=0 Lambda=0.00e+00 a=1.01e-03
BG_INIT: background_solve OK
INPUT_READ: ridder_freeze_phi = 0 _TRUE_=1 (after class_read_flag)
DEBUG: Ridder field DISABLED. Lambda = 0.000000e+00
INPUT_READ: ridder_freeze_phi = 0 _TRUE_=1 (after class_read_flag)
DEBUG: Ridder field DISABLED. Lambda = 0.000000e+00, model_type not set to unified
BACKGROUND_INIT ENTERED: Lambda=0.00e+00
DEBUG BG_INIT ENTRY: model_type=0
DEBUG AFTER CHECKS: model_type=0 has_ridder=0
RIDDER DEBUG (background_init): has_ridder=0, Lambda_EDE_ridder=0.000000e+00, f_axion_ridder=1.000000e+16, theta_i_ridder=2.500000e+00, beta_ridder=0.000000e+00
BG_INIT: entering background_checks
BG_INIT: background_checks OK
DEBUG SHOOTING CHECK: has_ridder=0, model_type=0 (unified=1), use_shooting_EDE=0
BG_INIT: entering background_solve
BACKGROUND_SOLVE ENTERED: has_ridder=0 Lambda=0.00e+00
ABOUT TO INTEGRATE: bi_size=5 has_ridder=0 Lambda=0.00e+00
BG_INIT: background_solve OK
INPUT_READ: ridder_freeze_phi = 0 _TRUE_=1 (after class_read_flag)
DEBUG: Ridder fi[mcmc] Progress @ 2025-11-27 01:36:16 : 3517 steps taken, and 192 accepted.
eld DISABLED. Lambda = 0.000000e+00
INPUT_READ: ridder_freeze_phi = 0 _TRUE_=1 (after class_read_flag)
DEBUG: Ridder field DISABLED. Lambda = 0.000000e+00, model_type not set to unified
BACKGROUND_INIT ENTERED: Lambda=0.00e+00
DEBUG BG_INIT ENTRY: model_type=0
DEBUG AFTER CHECKS: model_type=0 has_ridder=0
RIDDER DEBUG (background_init): has_ridder=0, Lambda_EDE_ridder=0.000000e+00, f_axion_ridder=1.000000e+16, theta_i_ridder=2.500000e+00, beta_ridder=0.000000e+00
BG_INIT: entering background_checks
BG_INIT: background_checks OK
DEBUG SHOOTING CHECK: has_ridder=0, model_type=0 (unified=1), use_shooting_EDE=0
BG_INIT: entering background_solve
BACKGROUND_SOLVE ENTERED: has_ridder=0 Lambda=0.00e+00
ABOUT TO INTEGRATE: bi_size=5 has_ridder=0 Lambda=0.00e+00
DERIVS_ENTRY: call#=655000 has_ridder=0 Lambda=0.00e+00 a=1.32e-09
BG_INIT: background_solve OK
INPUT_READ: ridder_freeze_phi = 0 _TRUE_=1 (after class_read_flag)
DEBUG: Ridder field DISABLED. Lambda = 0.000000e+00
INPUT_READ: ridder_freeze_phi = 0 _TRUE_=1 (after class_read_flag)
DEBUG: Ridder field DISABLED. Lambda = 0.000000e+00, model_type not set to unified
BACKGROUND_INIT ENTERED: Lambda=0.00e+00
DEBUG BG_INIT ENTRY: model_type=0
DEBUG AFTER CHECKS: model_type=0 has_ridder=0
RIDDER DEBUG (background_init): has_ridder=0, Lambda_EDE_ridder=0.000000e+00, f_axion_ridder=1.000000e+16, theta_i_ridder=2.500000e+00, beta_ridder=0.000000e+00
BG_INIT: entering background_checks
BG_INIT: background_checks OK
DEBUG SHOOTING CHECK: has_ridder=0, model_type=0 (unified=1), use_shooting_EDE=0
BG_INIT: entering background_solve
BACKGROUND_SOLVE ENTERED: has_ridder=0 Lambda=0.00e+00
ABOUT TO INTEGRATE: bi_size=5 has_ridder=0 Lambda=0.00e+00
DERIVS_ENTRY: call#=660000 has_ridder=0 Lambda=0.00e+00 a=6.59e-05
BG_INIT: background_solve OK
INPUT_READ: ridder_freeze_phi = 0 _TRUE_=1 (after class_read_flag)
DEBUG: Ridder field DISABLED. Lambda = 0.000000e+00
INPUT_READ: ridder_freeze_phi = 0 _TRUE_=1 (after class_read_flag)
DEBUG: Ridder field DISABLED. Lambda = 0.000000e+00, model_type not set to unified
BACKGROUND_INIT ENTERED: Lambda=0.00e+00
DEBUG BG_INIT ENTRY: model_type=0
DEBUG AFTER CHECKS: model_type=0 has_ridder=0
RIDDER DEBUG (background_init): has_ridder=0, Lambda_EDE_ridder=0.000000e+00, f_axion_ridder=1.000000e+16, theta_i_ridder=2.500000e+00, beta_ridder=0.000000e+00
BG_INIT: entering background_checks
BG_INIT: background_checks OK
DEBUG SHOOTING CHECK: has_ridder=0, model_type=0 (unified=1), use_shooting_EDE=0
BG_INIT: entering background_solve
BACKGROUND_SOLVE ENTERED: has_ridder=0 Lambda=0.00e+00
ABOUT TO INTEGRATE: bi_size=5 has_ridder=0 Lambda=0.00e+00
BG_INIT: background_solve OK
INPUT_READ: ridder_freeze_phi = 0 _TRUE_=1 (after class_read_flag)
DEBUG: Ridder field DISABLED. Lambda = 0.000000e+00
INPUT_READ: ridder_freeze_phi = 0 _TRUE_=1 (after class_read_flag)
DEBUG: Ridder field DISABLED. Lambda = 0.000000e+00, model_type not set to unified
BACKGROUND_INIT ENTERED: Lambda=0.00e+00
DEBUG BG_INIT ENTRY: model_type=0
DEBUG AFTER CHECKS: model_type=0 has_ridder=0
RIDDER DEBUG (background_init): has_ridder=0, Lambda_EDE_ridder=0.000000e+00, f_axion_ridder=1.000000e+16, theta_i_ridder=2.500000e+00, beta_ridder=0.000000e+00
BG_INIT: entering background_checks
BG_INIT: background_checks OK
DEBUG SHOOTING CHECK: has_ridder=0, model_type=0 (unified=1), use_shooting_EDE=0
BG_INIT: entering background_solve
BACKGROUND_SOLVE ENTERED: has_ridder=0 Lambda=0.00e+00
ABOUT TO INTEGRATE: bi_size=5 has_ridder=0 Lambda=0.00e+00
DERIVS_ENTRY: call#=665000 has_ridder=0 Lambda=0.00e+00 a=1.96e-10
BG_INIT: background_solve OK
INPUT_READ: ridder_freeze_phi = 0 _TRUE_=1 (after class_read_flag)
DEBUG: Ridder field DISABLED. Lambda = 0.000000e+00
INPUT_READ: ridder_freeze_phi = 0 _TRUE_=1 (after class_read_flag)
DEBUG: Ridder field DISABLED. Lambda = 0.000000e+00, model_type not set to unified
BACKGROUND_INIT ENTERED: Lambda=0.00e+00
DEBUG BG_INIT ENTRY: model_type=0
DEBUG AFTER CHECKS: model_type=0 has_ridder=0
RIDDER DEBUG (background_init): has_ridder=0, Lambda_EDE_ridder=0.000000e+00, f_axio[mcmc] Progress @ 2025-11-27 01:37:16 : 3610 steps taken, and 209 accepted.
n_ridder=1.000000e+16, theta_i_ridder=2.500000e+00, beta_ridder=0.000000e+00
BG_INIT: entering background_checks
BG_INIT: background_checks OK
DEBUG SHOOTING CHECK: has_ridder=0, model_type=0 (unified=1), use_shooting_EDE=0
BG_INIT: entering background_solve
BACKGROUND_SOLVE ENTERED: has_ridder=0 Lambda=0.00e+00
ABOUT TO INTEGRATE: bi_size=5 has_ridder=0 Lambda=0.00e+00
DERIVS_ENTRY: call#=670000 has_ridder=0 Lambda=0.00e+00 a=9.75e-06
BG_INIT: background_solve OK
INPUT_READ: ridder_freeze_phi = 0 _TRUE_=1 (after class_read_flag)
DEBUG: Ridder field DISABLED. Lambda = 0.000000e+00
INPUT_READ: ridder_freeze_phi = 0 _TRUE_=1 (after class_read_flag)
DEBUG: Ridder field DISABLED. Lambda = 0.000000e+00, model_type not set to unified
BACKGROUND_INIT ENTERED: Lambda=0.00e+00
DEBUG BG_INIT ENTRY: model_type=0
DEBUG AFTER CHECKS: model_type=0 has_ridder=0
RIDDER DEBUG (background_init): has_ridder=0, Lambda_EDE_ridder=0.000000e+00, f_axion_ridder=1.000000e+16, theta_i_ridder=2.500000e+00, beta_ridder=0.000000e+00
BG_INIT: entering background_checks
BG_INIT: background_checks OK
DEBUG SHOOTING CHECK: has_ridder=0, model_type=0 (unified=1), use_shooting_EDE=0
BG_INIT: entering background_solve
BACKGROUND_SOLVE ENTERED: has_ridder=0 Lambda=0.00e+00
ABOUT TO INTEGRATE: bi_size=5 has_ridder=0 Lambda=0.00e+00
BG_INIT: background_solve OK
INPUT_READ: ridder_freeze_phi = 0 _TRUE_=1 (after class_read_flag)
DEBUG: Ridder field DISABLED. Lambda = 0.000000e+00
INPUT_READ: ridder_freeze_phi = 0 _TRUE_=1 (after class_read_flag)
DEBUG: Ridder field DISABLED. Lambda = 0.000000e+00, model_type not set to unified
BACKGROUND_INIT ENTERED: Lambda=0.00e+00
DEBUG BG_INIT ENTRY: model_type=0
DEBUG AFTER CHECKS: model_type=0 has_ridder=0
RIDDER DEBUG (background_init): has_ridder=0, Lambda_EDE_ridder=0.000000e+00, f_axion_ridder=1.000000e+16, theta_i_ridder=2.500000e+00, beta_ridder=0.000000e+00
BG_INIT: entering background_checks
BG_INIT: background_checks OK
DEBUG SHOOTING CHECK: has_ridder=0, model_type=0 (unified=1), use_shooting_EDE=0
BG_INIT: entering background_solve
BACKGROUND_SOLVE ENTERED: has_ridder=0 Lambda=0.00e+00
ABOUT TO INTEGRATE: bi_size=5 has_ridder=0 Lambda=0.00e+00
DERIVS_ENTRY: call#=675000 has_ridder=0 Lambda=0.00e+00 a=1.33e-11
BG_INIT: background_solve OK
INPUT_READ: ridder_freeze_phi = 0 _TRUE_=1 (after class_read_flag)
DEBUG: Ridder field DISABLED. Lambda = 0.000000e+00
INPUT_READ: ridder_freeze_phi = 0 _TRUE_=1 (after class_read_flag)
DEBUG: Ridder field DISABLED. Lambda = 0.000000e+00, model_type not set to unified
BACKGROUND_INIT ENTERED: Lambda=0.00e+00
DEBUG BG_INIT ENTRY: model_type=0
DEBUG AFTER CHECKS: model_type=0 has_ridder=0
RIDDER DEBUG (background_init): has_ridder=0, Lambda_EDE_ridder=0.000000e+00, f_axion_ridder=1.000000e+16, theta_i_ridder=2.500000e+00, beta_ridder=0.000000e+00
BG_INIT: entering background_checks
BG_INIT: background_checks OK
DEBUG SHOOTING CHECK: has_ridder=0, model_type=0 (unified=1), use_shooting_EDE=0
BG_INIT: entering background_solve
BACKGROUND_SOLVE ENTERED: has_ridder=0 Lambda=0.00e+00
ABOUT TO INTEGRATE: bi_size=5 has_ridder=0 Lambda=0.00e+00
DERIVS_ENTRY: call#=680000 has_ridder=0 Lambda=0.00e+00 a=1.40e-06
BG_INIT: background_solve OK
INPUT_READ: ridder_freeze_phi = 0 _TRUE_=1 (after class_read_flag)
DEBUG: Ridder field DISABLED. Lambda = 0.000000e+00
INPUT_READ: ridder_freeze_phi = 0 _TRUE_=1 (after class_read_flag)
DEBUG: Ridder field DISABLED. Lambda = 0.000000e+00, model_type not set to unified
BACKGROUND_INIT ENTERED: Lambda=0.00e+00
DEBUG BG_INIT ENTRY: model_type=0
DEBUG AFTER CHECKS: model_type=0 has_ridder=0
RIDDER DEBUG (background_init): has_ridder=0, Lambda_EDE_ridder=0.000000e+00, f_axion_ridder=1.000000e+16, theta_i_ridder=2.500000e+00, beta_ridder=0.000000e+00
BG_INIT: entering background_checks
BG_INIT: background_checks OK
DEBUG SHOOTING CHECK: has_ridder=0, model_type=0 (unified=1), use_shooting_EDE=0
BG_INIT: entering background_solve
BACKGROUND_SOLVE ENTERED: has_ridder=0 Lambda=0.00e+00
ABOUT TO INTEGRATE: bi_size=5 has_ridder=0 Lambda=0.00e+00
BG_INIT: backgroun[mcmc] Progress @ 2025-11-27 01:38:16 : 3662 steps taken, and 216 accepted.
d_solve OK
INPUT_READ: ridder_freeze_phi = 0 _TRUE_=1 (after class_read_flag)
DEBUG: Ridder field DISABLED. Lambda = 0.000000e+00
INPUT_READ: ridder_freeze_phi = 0 _TRUE_=1 (after class_read_flag)
DEBUG: Ridder field DISABLED. Lambda = 0.000000e+00, model_type not set to unified
BACKGROUND_INIT ENTERED: Lambda=0.00e+00
DEBUG BG_INIT ENTRY: model_type=0
DEBUG AFTER CHECKS: model_type=0 has_ridder=0
RIDDER DEBUG (background_init): has_ridder=0, Lambda_EDE_ridder=0.000000e+00, f_axion_ridder=1.000000e+16, theta_i_ridder=2.500000e+00, beta_ridder=0.000000e+00
BG_INIT: entering background_checks
BG_INIT: background_checks OK
DEBUG SHOOTING CHECK: has_ridder=0, model_type=0 (unified=1), use_shooting_EDE=0
BG_INIT: entering background_solve
BACKGROUND_SOLVE ENTERED: has_ridder=0 Lambda=0.00e+00
ABOUT TO INTEGRATE: bi_size=5 has_ridder=0 Lambda=0.00e+00
DERIVS_ENTRY: call#=685000 has_ridder=0 Lambda=0.00e+00 a=1.64e-14
BG_INIT: background_solve OK
INPUT_READ: ridder_freeze_phi = 0 _TRUE_=1 (after class_read_flag)
DEBUG: Ridder field DISABLED. Lambda = 0.000000e+00
INPUT_READ: ridder_freeze_phi = 0 _TRUE_=1 (after class_read_flag)
DEBUG: Ridder field DISABLED. Lambda = 0.000000e+00, model_type not set to unified
BACKGROUND_INIT ENTERED: Lambda=0.00e+00
DEBUG BG_INIT ENTRY: model_type=0
DEBUG AFTER CHECKS: model_type=0 has_ridder=0
RIDDER DEBUG (background_init): has_ridder=0, Lambda_EDE_ridder=0.000000e+00, f_axion_ridder=1.000000e+16, theta_i_ridder=2.500000e+00, beta_ridder=0.000000e+00
BG_INIT: entering background_checks
BG_INIT: background_checks OK
DEBUG SHOOTING CHECK: has_ridder=0, model_type=0 (unified=1), use_shooting_EDE=0
BG_INIT: entering background_solve
BACKGROUND_SOLVE ENTERED: has_ridder=0 Lambda=0.00e+00
ABOUT TO INTEGRATE: bi_size=5 has_ridder=0 Lambda=0.00e+00
DERIVS_ENTRY: call#=690000 has_ridder=0 Lambda=0.00e+00 a=2.08e-07
BG_INIT: background_solve OK
INPUT_READ: ridder_freeze_phi = 0 _TRUE_=1 (after class_read_flag)
DEBUG: Ridder field DISABLED. Lambda = 0.000000e+00
INPUT_READ: ridder_freeze_phi = 0 _TRUE_=1 (after class_read_flag)
DEBUG: Ridder field DISABLED. Lambda = 0.000000e+00, model_type not set to unified
BACKGROUND_INIT ENTERED: Lambda=0.00e+00
DEBUG BG_INIT ENTRY: model_type=0
DEBUG AFTER CHECKS: model_type=0 has_ridder=0
RIDDER DEBUG (background_init): has_ridder=0, Lambda_EDE_ridder=0.000000e+00, f_axion_ridder=1.000000e+16, theta_i_ridder=2.500000e+00, beta_ridder=0.000000e+00
BG_INIT: entering background_checks
BG_INIT: background_checks OK
DEBUG SHOOTING CHECK: has_ridder=0, model_type=0 (unified=1), use_shooting_EDE=0
BG_INIT: entering background_solve
BACKGROUND_SOLVE ENTERED: has_ridder=0 Lambda=0.00e+00
ABOUT TO INTEGRATE: bi_size=5 has_ridder=0 Lambda=0.00e+00
DERIVS_ENTRY: call#=695000 has_ridder=0 Lambda=0.00e+00 a=2.97e-01
BG_INIT: background_solve OK
INPUT_READ: ridder_freeze_phi = 0 _TRUE_=1 (after class_read_flag)
DEBUG: Ridder field DISABLED. Lambda = 0.000000e+00
INPUT_READ: ridder_freeze_phi = 0 _TRUE_=1 (after class_read_flag)
DEBUG: Ridder field DISABLED. Lambda = 0.000000e+00, model_type not set to unified
BACKGROUND_INIT ENTERED: Lambda=0.00e+00
DEBUG BG_INIT ENTRY: model_type=0
DEBUG AFTER CHECKS: model_type=0 has_ridder=0
RIDDER DEBUG (background_init): has_ridder=0, Lambda_EDE_ridder=0.000000e+00, f_axion_ridder=1.000000e+16, theta_i_ridder=2.500000e+00, beta_ridder=0.000000e+00
BG_INIT: entering background_checks
BG_INIT: background_checks OK
DEBUG SHOOTING CHECK: has_ridder=0, model_type=0 (unified=1), use_shooting_EDE=0
BG_INIT: entering background_solve
BACKGROUND_SOLVE ENTERED: has_ridder=0 Lambda=0.00e+00
ABOUT TO INTEGRATE: bi_size=5 has_ridder=0 Lambda=0.00e+00
BG_INIT: background_solve OK
INPUT_READ: ridder_freeze_phi = 0 _TRUE_=1 (after class_read_flag)
DEBUG: Ridder field DISABLED. Lambda = 0.000000e+00
INPUT_READ: ridder_freeze_phi = 0 _TRUE_=1 (after class_read_flag)
DEBUG: Ridder field DISABLED. Lambda = 0.000000e+00, model_type not set to unified
BACKGROUND_INIT ENTERED: Lambda=0.00e+00
DEBUG BG_INIT ENTRY: model_type=0
DEBUG AFTER CHECKS: model_type=0 has[mcmc] Progress @ 2025-11-27 01:39:17 : 3706 steps taken, and 220 accepted.
_ridder=0
RIDDER DEBUG (background_init): has_ridder=0, Lambda_EDE_ridder=0.000000e+00, f_axion_ridder=1.000000e+16, theta_i_ridder=2.500000e+00, beta_ridder=0.000000e+00
BG_INIT: entering background_checks
BG_INIT: background_checks OK
DEBUG SHOOTING CHECK: has_ridder=0, model_type=0 (unified=1), use_shooting_EDE=0
BG_INIT: entering background_solve
BACKGROUND_SOLVE ENTERED: has_ridder=0 Lambda=0.00e+00
ABOUT TO INTEGRATE: bi_size=5 has_ridder=0 Lambda=0.00e+00
DERIVS_ENTRY: call#=700000 has_ridder=0 Lambda=0.00e+00 a=3.04e-08
BG_INIT: background_solve OK
INPUT_READ: ridder_freeze_phi = 0 _TRUE_=1 (after class_read_flag)
DEBUG: Ridder field DISABLED. Lambda = 0.000000e+00
INPUT_READ: ridder_freeze_phi = 0 _TRUE_=1 (after class_read_flag)
DEBUG: Ridder field DISABLED. Lambda = 0.000000e+00, model_type not set to unified
BACKGROUND_INIT ENTERED: Lambda=0.00e+00
DEBUG BG_INIT ENTRY: model_type=0
DEBUG AFTER CHECKS: model_type=0 has_ridder=0
RIDDER DEBUG (background_init): has_ridder=0, Lambda_EDE_ridder=0.000000e+00, f_axion_ridder=1.000000e+16, theta_i_ridder=2.500000e+00, beta_ridder=0.000000e+00
BG_INIT: entering background_checks
BG_INIT: background_checks OK
DEBUG SHOOTING CHECK: has_ridder=0, model_type=0 (unified=1), use_shooting_EDE=0
BG_INIT: entering background_solve
BACKGROUND_SOLVE ENTERED: has_ridder=0 Lambda=0.00e+00
ABOUT TO INTEGRATE: bi_size=5 has_ridder=0 Lambda=0.00e+00
DERIVS_ENTRY: call#=705000 has_ridder=0 Lambda=0.00e+00 a=1.08e-02
BG_INIT: background_solve OK
INPUT_READ: ridder_freeze_phi = 0 _TRUE_=1 (after class_read_flag)
DEBUG: Ridder field DISABLED. Lambda = 0.000000e+00
INPUT_READ: ridder_freeze_phi = 0 _TRUE_=1 (after class_read_flag)
DEBUG: Ridder field DISABLED. Lambda = 0.000000e+00, model_type not set to unified
BACKGROUND_INIT ENTERED: Lambda=0.00e+00
DEBUG BG_INIT ENTRY: model_type=0
DEBUG AFTER CHECKS: model_type=0 has_ridder=0
RIDDER DEBUG (background_init): has_ridder=0, Lambda_EDE_ridder=0.000000e+00, f_axion_ridder=1.000000e+16, theta_i_ridder=2.500000e+00, beta_ridder=0.000000e+00
BG_INIT: entering background_checks
BG_INIT: background_checks OK
DEBUG SHOOTING CHECK: has_ridder=0, model_type=0 (unified=1), use_shooting_EDE=0
BG_INIT: entering background_solve
BACKGROUND_SOLVE ENTERED: has_ridder=0 Lambda=0.00e+00
ABOUT TO INTEGRATE: bi_size=5 has_ridder=0 Lambda=0.00e+00
BG_INIT: background_solve OK
INPUT_READ: ridder_freeze_phi = 0 _TRUE_=1 (after class_read_flag)
DEBUG: Ridder field DISABLED. Lambda = 0.000000e+00
INPUT_READ: ridder_freeze_phi = 0 _TRUE_=1 (after class_read_flag)
DEBUG: Ridder field DISABLED. Lambda = 0.000000e+00, model_type not set to unified
BACKGROUND_INIT ENTERED: Lambda=0.00e+00
DEBUG BG_INIT ENTRY: model_type=0
DEBUG AFTER CHECKS: model_type=0 has_ridder=0
RIDDER DEBUG (background_init): has_ridder=0, Lambda_EDE_ridder=0.000000e+00, f_axion_ridder=1.000000e+16, theta_i_ridder=2.500000e+00, beta_ridder=0.000000e+00
BG_INIT: entering background_checks
BG_INIT: background_checks OK
DEBUG SHOOTING CHECK: has_ridder=0, model_type=0 (unified=1), use_shooting_EDE=0
BG_INIT: entering background_solve
BACKGROUND_SOLVE ENTERED: has_ridder=0 Lambda=0.00e+00
ABOUT TO INTEGRATE: bi_size=5 has_ridder=0 Lambda=0.00e+00
DERIVS_ENTRY: call#=710000 has_ridder=0 Lambda=0.00e+00 a=4.26e-09
BG_INIT: background_solve OK
INPUT_READ: ridder_freeze_phi = 0 _TRUE_=1 (after class_read_flag)
DEBUG: Ridder field DISABLED. Lambda = 0.000000e+00
INPUT_READ: ridder_freeze_phi = 0 _TRUE_=1 (after class_read_flag)
DEBUG: Ridder field DISABLED. Lambda = 0.000000e+00, model_type not set to unified
BACKGROUND_INIT ENTERED: Lambda=0.00e+00
DEBUG BG_INIT ENTRY: model_type=0
DEBUG AFTER CHECKS: model_type=0 has_ridder=0
RIDDER DEBUG (background_init): has_ridder=0, Lambda_EDE_ridder=0.000000e+00, f_axion_ridder=1.000000e+16, theta_i_ridder=2.500000e+00, beta_ridder=0.000000e+00
BG_INIT: entering background_checks
BG_INIT: background_checks OK
DEBUG SHOOTING CHECK: has_ridder=0, model_type=0 (unified=1), use_shooting_EDE=0
BG_INIT: entering background_solve
BACKGROUND_SOLVE ENTERED: has_ridder=0[mcmc] Progress @ 2025-11-27 01:40:19 : 3801 steps taken, and 235 accepted.
[mcmc] Progress @ 2025-11-27 01:41:25 : 3857 steps taken, and 239 accepted.
 Lambda=0.00e+00
ABOUT TO INTEGRATE: bi_size=5 has_ridder=0 Lambda=0.00e+00
DERIVS_ENTRY: call#=715000 has_ridder=0 Lambda=0.00e+00 a=2.20e-04
BG_INIT: background_solve OK
INPUT_READ: ridder_freeze_phi = 0 _TRUE_=1 (after class_read_flag)
DEBUG: Ridder field DISABLED. Lambda = 0.000000e+00
INPUT_READ: ridder_freeze_phi = 0 _TRUE_=1 (after class_read_flag)
DEBUG: Ridder field DISABLED. Lambda = 0.000000e+00, model_type not set to unified
BACKGROUND_INIT ENTERED: Lambda=0.00e+00
DEBUG BG_INIT ENTRY: model_type=0
DEBUG AFTER CHECKS: model_type=0 has_ridder=0
RIDDER DEBUG (background_init): has_ridder=0, Lambda_EDE_ridder=0.000000e+00, f_axion_ridder=1.000000e+16, theta_i_ridder=2.500000e+00, beta_ridder=0.000000e+00
BG_INIT: entering background_checks
BG_INIT: background_checks OK
DEBUG SHOOTING CHECK: has_ridder=0, model_type=0 (unified=1), use_shooting_EDE=0
BG_INIT: entering background_solve
BACKGROUND_SOLVE ENTERED: has_ridder=0 Lambda=0.00e+00
ABOUT TO INTEGRATE: bi_size=5 has_ridder=0 Lambda=0.00e+00
BG_INIT: background_solve OK
INPUT_READ: ridder_freeze_phi = 0 _TRUE_=1 (after class_read_flag)
DEBUG: Ridder field DISABLED. Lambda = 0.000000e+00
INPUT_READ: ridder_freeze_phi = 0 _TRUE_=1 (after class_read_flag)
DEBUG: Ridder field DISABLED. Lambda = 0.000000e+00, model_type not set to unified
BACKGROUND_INIT ENTERED: Lambda=0.00e+00
DEBUG BG_INIT ENTRY: model_type=0
DEBUG AFTER CHECKS: model_type=0 has_ridder=0
RIDDER DEBUG (background_init): has_ridder=0, Lambda_EDE_ridder=0.000000e+00, f_axion_ridder=1.000000e+16, theta_i_ridder=2.500000e+00, beta_ridder=0.000000e+00
BG_INIT: entering background_checks
BG_INIT: background_checks OK
DEBUG SHOOTING CHECK: has_ridder=0, model_type=0 (unified=1), use_shooting_EDE=0
BG_INIT: entering background_solve
BACKGROUND_SOLVE ENTERED: has_ridder=0 Lambda=0.00e+00
ABOUT TO INTEGRATE: bi_size=5 has_ridder=0 Lambda=0.00e+00
DERIVS_ENTRY: call#=720000 has_ridder=0 Lambda=0.00e+00 a=6.30e-10
BG_INIT: background_solve OK
INPUT_READ: ridder_freeze_phi = 0 _TRUE_=1 (after class_read_flag)
DEBUG: Ridder field DISABLED. Lambda = 0.000000e+00
INPUT_READ: ridder_freeze_phi = 0 _TRUE_=1 (after class_read_flag)
DEBUG: Ridder field DISABLED. Lambda = 0.000000e+00, model_type not set to unified
BACKGROUND_INIT ENTERED: Lambda=0.00e+00
DEBUG BG_INIT ENTRY: model_type=0
DEBUG AFTER CHECKS: model_type=0 has_ridder=0
RIDDER DEBUG (background_init): has_ridder=0, Lambda_EDE_ridder=0.000000e+00, f_axion_ridder=1.000000e+16, theta_i_ridder=2.500000e+00, beta_ridder=0.000000e+00
BG_INIT: entering background_checks
BG_INIT: background_checks OK
DEBUG SHOOTING CHECK: has_ridder=0, model_type=0 (unified=1), use_shooting_EDE=0
BG_INIT: entering background_solve
BACKGROUND_SOLVE ENTERED: has_ridder=0 Lambda=0.00e+00
ABOUT TO INTEGRATE: bi_size=5 has_ridder=0 Lambda=0.00e+00
DERIVS_ENTRY: call#=725000 has_ridder=0 Lambda=0.00e+00 a=3.05e-05
BG_INIT: background_solve OK
INPUT_READ: ridder_freeze_phi = 0 _TRUE_=1 (after class_read_flag)
DEBUG: Ridder field DISABLED. Lambda = 0.000000e+00
INPUT_READ: ridder_freeze_phi = 0 _TRUE_=1 (after class_read_flag)
DEBUG: Ridder field DISABLED. Lambda = 0.000000e+00, model_type not set to unified
BACKGROUND_INIT ENTERED: Lambda=0.00e+00
DEBUG BG_INIT ENTRY: model_type=0
DEBUG AFTER CHECKS: model_type=0 has_ridder=0
RIDDER DEBUG (background_init): has_ridder=0, Lambda_EDE_ridder=0.000000e+00, f_axion_ridder=1.000000e+16, theta_i_ridder=2.500000e+00, beta_ridder=0.000000e+00
BG_INIT: entering background_checks
BG_INIT: background_checks OK
DEBUG SHOOTING CHECK: has_ridder=0, model_type=0 (unified=1), use_shooting_EDE=0
BG_INIT: entering background_solve
BACKGROUND_SOLVE ENTERED: has_ridder=0 Lambda=0.00e+00
ABOUT TO INTEGRATE: bi_size=5 has_ridder=0 Lambda=0.00e+00
BG_INIT: background_solve OK
INPUT_READ: ridder_freeze_phi = 0 _TRUE_=1 (after class_read_flag)
DEBUG: Ridder field DISABLED. Lambda = 0.000000e+00
INPUT_READ: ridder_freeze_phi = 0 _TRUE_=1 (after class_read_flag)
DEBUG: Ridder field DISABLED. Lambda = 0.000000e+00, model_type not set to unified
BACKGROUND_INIT E[mcmc] Progress @ 2025-11-27 01:42:25 : 3948 steps taken, and 256 accepted.
NTERED: Lambda=0.00e+00
DEBUG BG_INIT ENTRY: model_type=0
DEBUG AFTER CHECKS: model_type=0 has_ridder=0
RIDDER DEBUG (background_init): has_ridder=0, Lambda_EDE_ridder=0.000000e+00, f_axion_ridder=1.000000e+16, theta_i_ridder=2.500000e+00, beta_ridder=0.000000e+00
BG_INIT: entering background_checks
BG_INIT: background_checks OK
DEBUG SHOOTING CHECK: has_ridder=0, model_type=0 (unified=1), use_shooting_EDE=0
BG_INIT: entering background_solve
BACKGROUND_SOLVE ENTERED: has_ridder=0 Lambda=0.00e+00
ABOUT TO INTEGRATE: bi_size=5 has_ridder=0 Lambda=0.00e+00
DERIVS_ENTRY: call#=730000 has_ridder=0 Lambda=0.00e+00 a=9.08e-11
BG_INIT: background_solve OK
INPUT_READ: ridder_freeze_phi = 0 _TRUE_=1 (after class_read_flag)
DEBUG: Ridder field DISABLED. Lambda = 0.000000e+00
INPUT_READ: ridder_freeze_phi = 0 _TRUE_=1 (after class_read_flag)
DEBUG: Ridder field DISABLED. Lambda = 0.000000e+00, model_type not set to unified
BACKGROUND_INIT ENTERED: Lambda=0.00e+00
DEBUG BG_INIT ENTRY: model_type=0
DEBUG AFTER CHECKS: model_type=0 has_ridder=0
RIDDER DEBUG (background_init): has_ridder=0, Lambda_EDE_ridder=0.000000e+00, f_axion_ridder=1.000000e+16, theta_i_ridder=2.500000e+00, beta_ridder=0.000000e+00
BG_INIT: entering background_checks
BG_INIT: background_checks OK
DEBUG SHOOTING CHECK: has_ridder=0, model_type=0 (unified=1), use_shooting_EDE=0
BG_INIT: entering background_solve
BACKGROUND_SOLVE ENTERED: has_ridder=0 Lambda=0.00e+00
ABOUT TO INTEGRATE: bi_size=5 has_ridder=0 Lambda=0.00e+00
DERIVS_ENTRY: call#=735000 has_ridder=0 Lambda=0.00e+00 a=4.52e-06
BG_INIT: background_solve OK
INPUT_READ: ridder_freeze_phi = 0 _TRUE_=1 (after class_read_flag)
DEBUG: Ridder field DISABLED. Lambda = 0.000000e+00
INPUT_READ: ridder_freeze_phi = 0 _TRUE_=1 (after class_read_flag)
DEBUG: Ridder field DISABLED. Lambda = 0.000000e+00, model_type not set to unified
BACKGROUND_INIT ENTERED: Lambda=0.00e+00
DEBUG BG_INIT ENTRY: model_type=0
DEBUG AFTER CHECKS: model_type=0 has_ridder=0
RIDDER DEBUG (background_init): has_ridder=0, Lambda_EDE_ridder=0.000000e+00, f_axion_ridder=1.000000e+16, theta_i_ridder=2.500000e+00, beta_ridder=0.000000e+00
BG_INIT: entering background_checks
BG_INIT: background_checks OK
DEBUG SHOOTING CHECK: has_ridder=0, model_type=0 (unified=1), use_shooting_EDE=0
BG_INIT: entering background_solve
BACKGROUND_SOLVE ENTERED: has_ridder=0 Lambda=0.00e+00
ABOUT TO INTEGRATE: bi_size=5 has_ridder=0 Lambda=0.00e+00
BG_INIT: background_solve OK
INPUT_READ: ridder_freeze_phi = 0 _TRUE_=1 (after class_read_flag)
DEBUG: Ridder field DISABLED. Lambda = 0.000000e+00
INPUT_READ: ridder_freeze_phi = 0 _TRUE_=1 (after class_read_flag)
DEBUG: Ridder field DISABLED. Lambda = 0.000000e+00, model_type not set to unified
BACKGROUND_INIT ENTERED: Lambda=0.00e+00
DEBUG BG_INIT ENTRY: model_type=0
DEBUG AFTER CHECKS: model_type=0 has_ridder=0
RIDDER DEBUG (background_init): has_ridder=0, Lambda_EDE_ridder=0.000000e+00, f_axion_ridder=1.000000e+16, theta_i_ridder=2.500000e+00, beta_ridder=0.000000e+00
BG_INIT: entering background_checks
BG_INIT: background_checks OK
DEBUG SHOOTING CHECK: has_ridder=0, model_type=0 (unified=1), use_shooting_EDE=0
BG_INIT: entering background_solve
BACKGROUND_SOLVE ENTERED: has_ridder=0 Lambda=0.00e+00
ABOUT TO INTEGRATE: bi_size=5 has_ridder=0 Lambda=0.00e+00
DERIVS_ENTRY: call#=740000 has_ridder=0 Lambda=0.00e+00 a=1.04e-12
BG_INIT: background_solve OK
INPUT_READ: ridder_freeze_phi = 0 _TRUE_=1 (after class_read_flag)
DEBUG: Ridder field DISABLED. Lambda = 0.000000e+00
INPUT_READ: ridder_freeze_phi = 0 _TRUE_=1 (after class_read_flag)
DEBUG: Ridder field DISABLED. Lambda = 0.000000e+00, model_type not set to unified
BACKGROUND_INIT ENTERED: Lambda=0.00e+00
DEBUG BG_INIT ENTRY: model_type=0
DEBUG AFTER CHECKS: model_type=0 has_ridder=0
RIDDER DEBUG (background_init): has_ridder=0, Lambda_EDE_ridder=0.000000e+00, f_axion_ridder=1.000000e+16, theta_i_ridder=2.500000e+00, beta_ridder=0.000000e+00
BG_INIT: entering background_checks
BG_INIT: background_checks OK
DEBUG SHOOTING CHECK: has_ridder=0, model_type=0 (unified=1)[mcmc] Progress @ 2025-11-27 01:43:27 : 3988 steps taken, and 259 accepted.
, use_shooting_EDE=0
BG_INIT: entering background_solve
BACKGROUND_SOLVE ENTERED: has_ridder=0 Lambda=0.00e+00
ABOUT TO INTEGRATE: bi_size=5 has_ridder=0 Lambda=0.00e+00
DERIVS_ENTRY: call#=745000 has_ridder=0 Lambda=0.00e+00 a=6.87e-07
BG_INIT: background_solve OK
INPUT_READ: ridder_freeze_phi = 0 _TRUE_=1 (after class_read_flag)
DEBUG: Ridder field DISABLED. Lambda = 0.000000e+00
INPUT_READ: ridder_freeze_phi = 0 _TRUE_=1 (after class_read_flag)
DEBUG: Ridder field DISABLED. Lambda = 0.000000e+00, model_type not set to unified
BACKGROUND_INIT ENTERED: Lambda=0.00e+00
DEBUG BG_INIT ENTRY: model_type=0
DEBUG AFTER CHECKS: model_type=0 has_ridder=0
RIDDER DEBUG (background_init): has_ridder=0, Lambda_EDE_ridder=0.000000e+00, f_axion_ridder=1.000000e+16, theta_i_ridder=2.500000e+00, beta_ridder=0.000000e+00
BG_INIT: entering background_checks
BG_INIT: background_checks OK
DEBUG SHOOTING CHECK: has_ridder=0, model_type=0 (unified=1), use_shooting_EDE=0
BG_INIT: entering background_solve
BACKGROUND_SOLVE ENTERED: has_ridder=0 Lambda=0.00e+00
ABOUT TO INTEGRATE: bi_size=5 has_ridder=0 Lambda=0.00e+00
DERIVS_ENTRY: call#=750000 has_ridder=0 Lambda=0.00e+00 a=9.14e-01
BG_INIT: background_solve OK
INPUT_READ: ridder_freeze_phi = 0 _TRUE_=1 (after class_read_flag)
DEBUG: Ridder field DISABLED. Lambda = 0.000000e+00
INPUT_READ: ridder_freeze_phi = 0 _TRUE_=1 (after class_read_flag)
DEBUG: Ridder field DISABLED. Lambda = 0.000000e+00, model_type not set to unified
BACKGROUND_INIT ENTERED: Lambda=0.00e+00
DEBUG BG_INIT ENTRY: model_type=0
DEBUG AFTER CHECKS: model_type=0 has_ridder=0
RIDDER DEBUG (background_init): has_ridder=0, Lambda_EDE_ridder=0.000000e+00, f_axion_ridder=1.000000e+16, theta_i_ridder=2.500000e+00, beta_ridder=0.000000e+00
BG_INIT: entering background_checks
BG_INIT: background_checks OK
DEBUG SHOOTING CHECK: has_ridder=0, model_type=0 (unified=1), use_shooting_EDE=0
BG_INIT: entering background_solve
BACKGROUND_SOLVE ENTERED: has_ridder=0 Lambda=0.00e+00
ABOUT TO INTEGRATE: bi_size=5 has_ridder=0 Lambda=0.00e+00
BG_INIT: background_solve OK
INPUT_READ: ridder_freeze_phi = 0 _TRUE_=1 (after class_read_flag)
DEBUG: Ridder field DISABLED. Lambda = 0.000000e+00
INPUT_READ: ridder_freeze_phi = 0 _TRUE_=1 (after class_read_flag)
DEBUG: Ridder field DISABLED. Lambda = 0.000000e+00, model_type not set to unified
BACKGROUND_INIT ENTERED: Lambda=0.00e+00
DEBUG BG_INIT ENTRY: model_type=0
DEBUG AFTER CHECKS: model_type=0 has_ridder=0
RIDDER DEBUG (background_init): has_ridder=0, Lambda_EDE_ridder=0.000000e+00, f_axion_ridder=1.000000e+16, theta_i_ridder=2.500000e+00, beta_ridder=0.000000e+00
BG_INIT: entering background_checks
BG_INIT: background_checks OK
DEBUG SHOOTING CHECK: has_ridder=0, model_type=0 (unified=1), use_shooting_EDE=0
BG_INIT: entering background_solve
BACKGROUND_SOLVE ENTERED: has_ridder=0 Lambda=0.00e+00
ABOUT TO INTEGRATE: bi_size=5 has_ridder=0 Lambda=0.00e+00
DERIVS_ENTRY: call#=755000 has_ridder=0 Lambda=0.00e+00 a=9.90e-08
BG_INIT: background_solve OK
INPUT_READ: ridder_freeze_phi = 0 _TRUE_=1 (after class_read_flag)
DEBUG: Ridder field DISABLED. Lambda = 0.000000e+00
INPUT_READ: ridder_freeze_phi = 0 _TRUE_=1 (after class_read_flag)
DEBUG: Ridder field DISABLED. Lambda = 0.000000e+00, model_type not set to unified
BACKGROUND_INIT ENTERED: Lambda=0.00e+00
DEBUG BG_INIT ENTRY: model_type=0
DEBUG AFTER CHECKS: model_type=0 has_ridder=0
RIDDER DEBUG (background_init): has_ridder=0, Lambda_EDE_ridder=0.000000e+00, f_axion_ridder=1.000000e+16, theta_i_ridder=2.500000e+00, beta_ridder=0.000000e+00
BG_INIT: entering background_checks
BG_INIT: background_checks OK
DEBUG SHOOTING CHECK: has_ridder=0, model_type=0 (unified=1), use_shooting_EDE=0
BG_INIT: entering background_solve
BACKGROUND_SOLVE ENTERED: has_ridder=0 Lambda=0.00e+00
ABOUT TO INTEGRATE: bi_size=5 has_ridder=0 Lambda=0.00e+00
DERIVS_ENTRY: call#=760000 has_ridder=0 Lambda=0.00e+00 a=1.28e-01
BG_INIT: background_solve OK
INPUT_READ: ridder_freeze_phi = 0 _TRUE_=1 (after class_read_flag)
DEBUG: Ridder field DISABLED. Lambda = 0.000000e+00
INPUT_[mcmc] Progress @ 2025-11-27 01:44:27 : 4036 steps taken, and 264 accepted.
READ: ridder_freeze_phi = 0 _TRUE_=1 (after class_read_flag)
DEBUG: Ridder field DISABLED. Lambda = 0.000000e+00, model_type not set to unified
BACKGROUND_INIT ENTERED: Lambda=0.00e+00
DEBUG BG_INIT ENTRY: model_type=0
DEBUG AFTER CHECKS: model_type=0 has_ridder=0
RIDDER DEBUG (background_init): has_ridder=0, Lambda_EDE_ridder=0.000000e+00, f_axion_ridder=1.000000e+16, theta_i_ridder=2.500000e+00, beta_ridder=0.000000e+00
BG_INIT: entering background_checks
BG_INIT: background_checks OK
DEBUG SHOOTING CHECK: has_ridder=0, model_type=0 (unified=1), use_shooting_EDE=0
BG_INIT: entering background_solve
BACKGROUND_SOLVE ENTERED: has_ridder=0 Lambda=0.00e+00
ABOUT TO INTEGRATE: bi_size=5 has_ridder=0 Lambda=0.00e+00
BG_INIT: background_solve OK
INPUT_READ: ridder_freeze_phi = 0 _TRUE_=1 (after class_read_flag)
DEBUG: Ridder field DISABLED. Lambda = 0.000000e+00
INPUT_READ: ridder_freeze_phi = 0 _TRUE_=1 (after class_read_flag)
DEBUG: Ridder field DISABLED. Lambda = 0.000000e+00, model_type not set to unified
BACKGROUND_INIT ENTERED: Lambda=0.00e+00
DEBUG BG_INIT ENTRY: model_type=0
DEBUG AFTER CHECKS: model_type=0 has_ridder=0
RIDDER DEBUG (background_init): has_ridder=0, Lambda_EDE_ridder=0.000000e+00, f_axion_ridder=1.000000e+16, theta_i_ridder=2.500000e+00, beta_ridder=0.000000e+00
BG_INIT: entering background_checks
BG_INIT: background_checks OK
DEBUG SHOOTING CHECK: has_ridder=0, model_type=0 (unified=1), use_shooting_EDE=0
BG_INIT: entering background_solve
BACKGROUND_SOLVE ENTERED: has_ridder=0 Lambda=0.00e+00
ABOUT TO INTEGRATE: bi_size=5 has_ridder=0 Lambda=0.00e+00
DERIVS_ENTRY: call#=765000 has_ridder=0 Lambda=0.00e+00 a=1.41e-08
BG_INIT: background_solve OK
INPUT_READ: ridder_freeze_phi = 0 _TRUE_=1 (after class_read_flag)
DEBUG: Ridder field DISABLED. Lambda = 0.000000e+00
INPUT_READ: ridder_freeze_phi = 0 _TRUE_=1 (after class_read_flag)
DEBUG: Ridder field DISABLED. Lambda = 0.000000e+00, model_type not set to unified
BACKGROUND_INIT ENTERED: Lambda=0.00e+00
DEBUG BG_INIT ENTRY: model_type=0
DEBUG AFTER CHECKS: model_type=0 has_ridder=0
RIDDER DEBUG (background_init): has_ridder=0, Lambda_EDE_ridder=0.000000e+00, f_axion_ridder=1.000000e+16, theta_i_ridder=2.500000e+00, beta_ridder=0.000000e+00
BG_INIT: entering background_checks
BG_INIT: background_checks OK
DEBUG SHOOTING CHECK: has_ridder=0, model_type=0 (unified=1), use_shooting_EDE=0
BG_INIT: entering background_solve
BACKGROUND_SOLVE ENTERED: has_ridder=0 Lambda=0.00e+00
ABOUT TO INTEGRATE: bi_size=5 has_ridder=0 Lambda=0.00e+00
DERIVS_ENTRY: call#=770000 has_ridder=0 Lambda=0.00e+00 a=2.37e-03
BG_INIT: background_solve OK
INPUT_READ: ridder_freeze_phi = 0 _TRUE_=1 (after class_read_flag)
DEBUG: Ridder field DISABLED. Lambda = 0.000000e+00
INPUT_READ: ridder_freeze_phi = 0 _TRUE_=1 (after class_read_flag)
DEBUG: Ridder field DISABLED. Lambda = 0.000000e+00, model_type not set to unified
BACKGROUND_INIT ENTERED: Lambda=0.00e+00
DEBUG BG_INIT ENTRY: model_type=0
DEBUG AFTER CHECKS: model_type=0 has_ridder=0
RIDDER DEBUG (background_init): has_ridder=0, Lambda_EDE_ridder=0.000000e+00, f_axion_ridder=1.000000e+16, theta_i_ridder=2.500000e+00, beta_ridder=0.000000e+00
BG_INIT: entering background_checks
BG_INIT: background_checks OK
DEBUG SHOOTING CHECK: has_ridder=0, model_type=0 (unified=1), use_shooting_EDE=0
BG_INIT: entering background_solve
BACKGROUND_SOLVE ENTERED: has_ridder=0 Lambda=0.00e+00
ABOUT TO INTEGRATE: bi_size=5 has_ridder=0 Lambda=0.00e+00
BG_INIT: background_solve OK
INPUT_READ: ridder_freeze_phi = 0 _TRUE_=1 (after class_read_flag)
DEBUG: Ridder field DISABLED. Lambda = 0.000000e+00
INPUT_READ: ridder_freeze_phi = 0 _TRUE_=1 (after class_read_flag)
DEBUG: Ridder field DISABLED. Lambda = 0.000000e+00, model_type not set to unified
BACKGROUND_INIT ENTERED: Lambda=0.00e+00
DEBUG BG_INIT ENTRY: model_type=0
DEBUG AFTER CHECKS: model_type=0 has_ridder=0
RIDDER DEBUG (background_init): has_ridder=0, Lambda_EDE_ridder=0.000000e+00, f_axion_ridder=1.000000e+16, theta_i_ridder=2.500000e+00, beta_ridder=0.000000e+00
BG_INIT: entering background_che[mcmc] Progress @ 2025-11-27 01:45:28 : 4132 steps taken, and 277 accepted.
cks
BG_INIT: background_checks OK
DEBUG SHOOTING CHECK: has_ridder=0, model_type=0 (unified=1), use_shooting_EDE=0
BG_INIT: entering background_solve
BACKGROUND_SOLVE ENTERED: has_ridder=0 Lambda=0.00e+00
ABOUT TO INTEGRATE: bi_size=5 has_ridder=0 Lambda=0.00e+00
DERIVS_ENTRY: call#=775000 has_ridder=0 Lambda=0.00e+00 a=2.11e-09
BG_INIT: background_solve OK
INPUT_READ: ridder_freeze_phi = 0 _TRUE_=1 (after class_read_flag)
DEBUG: Ridder field DISABLED. Lambda = 0.000000e+00
INPUT_READ: ridder_freeze_phi = 0 _TRUE_=1 (after class_read_flag)
DEBUG: Ridder field DISABLED. Lambda = 0.000000e+00, model_type not set to unified
BACKGROUND_INIT ENTERED: Lambda=0.00e+00
DEBUG BG_INIT ENTRY: model_type=0
DEBUG AFTER CHECKS: model_type=0 has_ridder=0
RIDDER DEBUG (background_init): has_ridder=0, Lambda_EDE_ridder=0.000000e+00, f_axion_ridder=1.000000e+16, theta_i_ridder=2.500000e+00, beta_ridder=0.000000e+00
BG_INIT: entering background_checks
BG_INIT: background_checks OK
DEBUG SHOOTING CHECK: has_ridder=0, model_type=0 (unified=1), use_shooting_EDE=0
BG_INIT: entering background_solve
BACKGROUND_SOLVE ENTERED: has_ridder=0 Lambda=0.00e+00
ABOUT TO INTEGRATE: bi_size=5 has_ridder=0 Lambda=0.00e+00
DERIVS_ENTRY: call#=780000 has_ridder=0 Lambda=0.00e+00 a=1.05e-04
BG_INIT: background_solve OK
INPUT_READ: ridder_freeze_phi = 0 _TRUE_=1 (after class_read_flag)
DEBUG: Ridder field DISABLED. Lambda = 0.000000e+00
INPUT_READ: ridder_freeze_phi = 0 _TRUE_=1 (after class_read_flag)
DEBUG: Ridder field DISABLED. Lambda = 0.000000e+00, model_type not set to unified
BACKGROUND_INIT ENTERED: Lambda=0.00e+00
DEBUG BG_INIT ENTRY: model_type=0
DEBUG AFTER CHECKS: model_type=0 has_ridder=0
RIDDER DEBUG (background_init): has_ridder=0, Lambda_EDE_ridder=0.000000e+00, f_axion_ridder=1.000000e+16, theta_i_ridder=2.500000e+00, beta_ridder=0.000000e+00
BG_INIT: entering background_checks
BG_INIT: background_checks OK
DEBUG SHOOTING CHECK: has_ridder=0, model_type=0 (unified=1), use_shooting_EDE=0
BG_INIT: entering background_solve
BACKGROUND_SOLVE ENTERED: has_ridder=0 Lambda=0.00e+00
ABOUT TO INTEGRATE: bi_size=5 has_ridder=0 Lambda=0.00e+00
BG_INIT: background_solve OK
INPUT_READ: ridder_freeze_phi = 0 _TRUE_=1 (after class_read_flag)
DEBUG: Ridder field DISABLED. Lambda = 0.000000e+00
INPUT_READ: ridder_freeze_phi = 0 _TRUE_=1 (after class_read_flag)
DEBUG: Ridder field DISABLED. Lambda = 0.000000e+00, model_type not set to unified
BACKGROUND_INIT ENTERED: Lambda=0.00e+00
DEBUG BG_INIT ENTRY: model_type=0
DEBUG AFTER CHECKS: model_type=0 has_ridder=0
RIDDER DEBUG (background_init): has_ridder=0, Lambda_EDE_ridder=0.000000e+00, f_axion_ridder=1.000000e+16, theta_i_ridder=2.500000e+00, beta_ridder=0.000000e+00
BG_INIT: entering background_checks
BG_INIT: background_checks OK
DEBUG SHOOTING CHECK: has_ridder=0, model_type=0 (unified=1), use_shooting_EDE=0
BG_INIT: entering background_solve
BACKGROUND_SOLVE ENTERED: has_ridder=0 Lambda=0.00e+00
ABOUT TO INTEGRATE: bi_size=5 has_ridder=0 Lambda=0.00e+00
DERIVS_ENTRY: call#=785000 has_ridder=0 Lambda=0.00e+00 a=3.13e-10
BG_INIT: background_solve OK
INPUT_READ: ridder_freeze_phi = 0 _TRUE_=1 (after class_read_flag)
DEBUG: Ridder field DISABLED. Lambda = 0.000000e+00
INPUT_READ: ridder_freeze_phi = 0 _TRUE_=1 (after class_read_flag)
DEBUG: Ridder field DISABLED. Lambda = 0.000000e+00, model_type not set to unified
BACKGROUND_INIT ENTERED: Lambda=0.00e+00
DEBUG BG_INIT ENTRY: model_type=0
DEBUG AFTER CHECKS: model_type=0 has_ridder=0
RIDDER DEBUG (background_init): has_ridder=0, Lambda_EDE_ridder=0.000000e+00, f_axion_ridder=1.000000e+16, theta_i_ridder=2.500000e+00, beta_ridder=0.000000e+00
BG_INIT: entering background_checks
BG_INIT: background_checks OK
DEBUG SHOOTING CHECK: has_ridder=0, model_type=0 (unified=1), use_shooting_EDE=0
BG_INIT: entering background_solve
BACKGROUND_SOLVE ENTERED: has_ridder=0 Lambda=0.00e+00
ABOUT TO INTEGRATE: bi_size=5 has_ridder=0 Lambda=0.00e+00
DERIVS_ENTRY: call#=790000 has_ridder=0 Lambda=0.00e+00 a=1.53e-05
BG_INIT: background_solve OK
INPUT_READ: ridder_freeze_phi =[mcmc] Progress @ 2025-11-27 01:46:29 : 4201 steps taken, and 284 accepted.
 0 _TRUE_=1 (after class_read_flag)
DEBUG: Ridder field DISABLED. Lambda = 0.000000e+00
INPUT_READ: ridder_freeze_phi = 0 _TRUE_=1 (after class_read_flag)
DEBUG: Ridder field DISABLED. Lambda = 0.000000e+00, model_type not set to unified
BACKGROUND_INIT ENTERED: Lambda=0.00e+00
DEBUG BG_INIT ENTRY: model_type=0
DEBUG AFTER CHECKS: model_type=0 has_ridder=0
RIDDER DEBUG (background_init): has_ridder=0, Lambda_EDE_ridder=0.000000e+00, f_axion_ridder=1.000000e+16, theta_i_ridder=2.500000e+00, beta_ridder=0.000000e+00
BG_INIT: entering background_checks
BG_INIT: background_checks OK
DEBUG SHOOTING CHECK: has_ridder=0, model_type=0 (unified=1), use_shooting_EDE=0
BG_INIT: entering background_solve
BACKGROUND_SOLVE ENTERED: has_ridder=0 Lambda=0.00e+00
ABOUT TO INTEGRATE: bi_size=5 has_ridder=0 Lambda=0.00e+00
BG_INIT: background_solve OK
INPUT_READ: ridder_freeze_phi = 0 _TRUE_=1 (after class_read_flag)
DEBUG: Ridder field DISABLED. Lambda = 0.000000e+00
INPUT_READ: ridder_freeze_phi = 0 _TRUE_=1 (after class_read_flag)
DEBUG: Ridder field DISABLED. Lambda = 0.000000e+00, model_type not set to unified
BACKGROUND_INIT ENTERED: Lambda=0.00e+00
DEBUG BG_INIT ENTRY: model_type=0
DEBUG AFTER CHECKS: model_type=0 has_ridder=0
RIDDER DEBUG (background_init): has_ridder=0, Lambda_EDE_ridder=0.000000e+00, f_axion_ridder=1.000000e+16, theta_i_ridder=2.500000e+00, beta_ridder=0.000000e+00
BG_INIT: entering background_checks
BG_INIT: background_checks OK
DEBUG SHOOTING CHECK: has_ridder=0, model_type=0 (unified=1), use_shooting_EDE=0
BG_INIT: entering background_solve
BACKGROUND_SOLVE ENTERED: has_ridder=0 Lambda=0.00e+00
ABOUT TO INTEGRATE: bi_size=5 has_ridder=0 Lambda=0.00e+00
DERIVS_ENTRY: call#=795000 has_ridder=0 Lambda=0.00e+00 a=4.26e-11
BG_INIT: background_solve OK
INPUT_READ: ridder_freeze_phi = 0 _TRUE_=1 (after class_read_flag)
DEBUG: Ridder field DISABLED. Lambda = 0.000000e+00
INPUT_READ: ridder_freeze_phi = 0 _TRUE_=1 (after class_read_flag)
DEBUG: Ridder field DISABLED. Lambda = 0.000000e+00, model_type not set to unified
BACKGROUND_INIT ENTERED: Lambda=0.00e+00
DEBUG BG_INIT ENTRY: model_type=0
DEBUG AFTER CHECKS: model_type=0 has_ridder=0
RIDDER DEBUG (background_init): has_ridder=0, Lambda_EDE_ridder=0.000000e+00, f_axion_ridder=1.000000e+16, theta_i_ridder=2.500000e+00, beta_ridder=0.000000e+00
BG_INIT: entering background_checks
BG_INIT: background_checks OK
DEBUG SHOOTING CHECK: has_ridder=0, model_type=0 (unified=1), use_shooting_EDE=0
BG_INIT: entering background_solve
BACKGROUND_SOLVE ENTERED: has_ridder=0 Lambda=0.00e+00
ABOUT TO INTEGRATE: bi_size=5 has_ridder=0 Lambda=0.00e+00
DERIVS_ENTRY: call#=800000 has_ridder=0 Lambda=0.00e+00 a=2.21e-06
BG_INIT: background_solve OK
INPUT_READ: ridder_freeze_phi = 0 _TRUE_=1 (after class_read_flag)
DEBUG: Ridder field DISABLED. Lambda = 0.000000e+00
INPUT_READ: ridder_freeze_phi = 0 _TRUE_=1 (after class_read_flag)
DEBUG: Ridder field DISABLED. Lambda = 0.000000e+00, model_type not set to unified
BACKGROUND_INIT ENTERED: Lambda=0.00e+00
DEBUG BG_INIT ENTRY: model_type=0
DEBUG AFTER CHECKS: model_type=0 has_ridder=0
RIDDER DEBUG (background_init): has_ridder=0, Lambda_EDE_ridder=0.000000e+00, f_axion_ridder=1.000000e+16, theta_i_ridder=2.500000e+00, beta_ridder=0.000000e+00
BG_INIT: entering background_checks
BG_INIT: background_checks OK
DEBUG SHOOTING CHECK: has_ridder=0, model_type=0 (unified=1), use_shooting_EDE=0
BG_INIT: entering background_solve
BACKGROUND_SOLVE ENTERED: has_ridder=0 Lambda=0.00e+00
ABOUT TO INTEGRATE: bi_size=5 has_ridder=0 Lambda=0.00e+00
BG_INIT: background_solve OK
INPUT_READ: ridder_freeze_phi = 0 _TRUE_=1 (after class_read_flag)
DEBUG: Ridder field DISABLED. Lambda = 0.000000e+00
INPUT_READ: ridder_freeze_phi = 0 _TRUE_=1 (after class_read_flag)
DEBUG: Ridder field DISABLED. Lambda = 0.000000e+00, model_type not set to unified
BACKGROUND_INIT ENTERED: Lambda=0.00e+00
DEBUG BG_INIT ENTRY: model_type=0
DEBUG AFTER CHECKS: model_type=0 has_ridder=0
RIDDER DEBUG (background_init): has_ridder=0, Lambda_EDE_ridder=0.000000e+00, f_axion_ridder=1.0000[mcmc] Progress @ 2025-11-27 01:47:30 : 4269 steps taken, and 290 accepted.
00e+16, theta_i_ridder=2.500000e+00, beta_ridder=0.000000e+00
BG_INIT: entering background_checks
BG_INIT: background_checks OK
DEBUG SHOOTING CHECK: has_ridder=0, model_type=0 (unified=1), use_shooting_EDE=0
BG_INIT: entering background_solve
BACKGROUND_SOLVE ENTERED: has_ridder=0 Lambda=0.00e+00
ABOUT TO INTEGRATE: bi_size=5 has_ridder=0 Lambda=0.00e+00
DERIVS_ENTRY: call#=805000 has_ridder=0 Lambda=0.00e+00 a=7.99e-14
BG_INIT: background_solve OK
INPUT_READ: ridder_freeze_phi = 0 _TRUE_=1 (after class_read_flag)
DEBUG: Ridder field DISABLED. Lambda = 0.000000e+00
INPUT_READ: ridder_freeze_phi = 0 _TRUE_=1 (after class_read_flag)
DEBUG: Ridder field DISABLED. Lambda = 0.000000e+00, model_type not set to unified
BACKGROUND_INIT ENTERED: Lambda=0.00e+00
DEBUG BG_INIT ENTRY: model_type=0
DEBUG AFTER CHECKS: model_type=0 has_ridder=0
RIDDER DEBUG (background_init): has_ridder=0, Lambda_EDE_ridder=0.000000e+00, f_axion_ridder=1.000000e+16, theta_i_ridder=2.500000e+00, beta_ridder=0.000000e+00
BG_INIT: entering background_checks
BG_INIT: background_checks OK
DEBUG SHOOTING CHECK: has_ridder=0, model_type=0 (unified=1), use_shooting_EDE=0
BG_INIT: entering background_solve
BACKGROUND_SOLVE ENTERED: has_ridder=0 Lambda=0.00e+00
ABOUT TO INTEGRATE: bi_size=5 has_ridder=0 Lambda=0.00e+00
DERIVS_ENTRY: call#=810000 has_ridder=0 Lambda=0.00e+00 a=3.27e-07
BG_INIT: background_solve OK
INPUT_READ: ridder_freeze_phi = 0 _TRUE_=1 (after class_read_flag)
DEBUG: Ridder field DISABLED. Lambda = 0.000000e+00
INPUT_READ: ridder_freeze_phi = 0 _TRUE_=1 (after class_read_flag)
DEBUG: Ridder field DISABLED. Lambda = 0.000000e+00, model_type not set to unified
BACKGROUND_INIT ENTERED: Lambda=0.00e+00
DEBUG BG_INIT ENTRY: model_type=0
DEBUG AFTER CHECKS: model_type=0 has_ridder=0
RIDDER DEBUG (background_init): has_ridder=0, Lambda_EDE_ridder=0.000000e+00, f_axion_ridder=1.000000e+16, theta_i_ridder=2.500000e+00, beta_ridder=0.000000e+00
BG_INIT: entering background_checks
BG_INIT: background_checks OK
DEBUG SHOOTING CHECK: has_ridder=0, model_type=0 (unified=1), use_shooting_EDE=0
BG_INIT: entering background_solve
BACKGROUND_SOLVE ENTERED: has_ridder=0 Lambda=0.00e+00
ABOUT TO INTEGRATE: bi_size=5 has_ridder=0 Lambda=0.00e+00
DERIVS_ENTRY: call#=815000 has_ridder=0 Lambda=0.00e+00 a=5.00e-01
BG_INIT: background_solve OK
INPUT_READ: ridder_freeze_phi = 0 _TRUE_=1 (after class_read_flag)
DEBUG: Ridder field DISABLED. Lambda = 0.000000e+00
INPUT_READ: ridder_freeze_phi = 0 _TRUE_=1 (after class_read_flag)
DEBUG: Ridder field DISABLED. Lambda = 0.000000e+00, model_type not set to unified
BACKGROUND_INIT ENTERED: Lambda=0.00e+00
DEBUG BG_INIT ENTRY: model_type=0
DEBUG AFTER CHECKS: model_type=0 has_ridder=0
RIDDER DEBUG (background_init): has_ridder=0, Lambda_EDE_ridder=0.000000e+00, f_axion_ridder=1.000000e+16, theta_i_ridder=2.500000e+00, beta_ridder=0.000000e+00
BG_INIT: entering background_checks
BG_INIT: background_checks OK
DEBUG SHOOTING CHECK: has_ridder=0, model_type=0 (unified=1), use_shooting_EDE=0
BG_INIT: entering background_solve
BACKGROUND_SOLVE ENTERED: has_ridder=0 Lambda=0.00e+00
ABOUT TO INTEGRATE: bi_size=5 has_ridder=0 Lambda=0.00e+00
BG_INIT: background_solve OK
INPUT_READ: ridder_freeze_phi = 0 _TRUE_=1 (after class_read_flag)
DEBUG: Ridder field DISABLED. Lambda = 0.000000e+00
INPUT_READ: ridder_freeze_phi = 0 _TRUE_=1 (after class_read_flag)
DEBUG: Ridder field DISABLED. Lambda = 0.000000e+00, model_type not set to unified
BACKGROUND_INIT ENTERED: Lambda=0.00e+00
DEBUG BG_INIT ENTRY: model_type=0
DEBUG AFTER CHECKS: model_type=0 has_ridder=0
RIDDER DEBUG (background_init): has_ridder=0, Lambda_EDE_ridder=0.000000e+00, f_axion_ridder=1.000000e+16, theta_i_ridder=2.500000e+00, beta_ridder=0.000000e+00
BG_INIT: entering background_checks
BG_INIT: background_checks OK
DEBUG SHOOTING CHECK: has_ridder=0, model_type=0 (unified=1), use_shooting_EDE=0
BG_INIT: entering background_solve
BACKGROUND_SOLVE ENTERED: has_ridder=0 Lambda=0.00e+00
ABOUT TO INTEGRATE: bi_size=5 has_ridder=0 Lambda=0.00e+00
DERIVS_ENTRY: call#=820000 has_ri[mcmc] Progress @ 2025-11-27 01:48:36 : 4356 steps taken, and 301 accepted.
[mcmc] Progress @ 2025-11-27 01:49:42 : 4438 steps taken, and 311 accepted.
dder=0 Lambda=0.00e+00 a=4.91e-08
BG_INIT: background_solve OK
INPUT_READ: ridder_freeze_phi = 0 _TRUE_=1 (after class_read_flag)
DEBUG: Ridder field DISABLED. Lambda = 0.000000e+00
INPUT_READ: ridder_freeze_phi = 0 _TRUE_=1 (after class_read_flag)
DEBUG: Ridder field DISABLED. Lambda = 0.000000e+00, model_type not set to unified
BACKGROUND_INIT ENTERED: Lambda=0.00e+00
DEBUG BG_INIT ENTRY: model_type=0
DEBUG AFTER CHECKS: model_type=0 has_ridder=0
RIDDER DEBUG (background_init): has_ridder=0, Lambda_EDE_ridder=0.000000e+00, f_axion_ridder=1.000000e+16, theta_i_ridder=2.500000e+00, beta_ridder=0.000000e+00
BG_INIT: entering background_checks
BG_INIT: background_checks OK
DEBUG SHOOTING CHECK: has_ridder=0, model_type=0 (unified=1), use_shooting_EDE=0
BG_INIT: entering background_solve
BACKGROUND_SOLVE ENTERED: has_ridder=0 Lambda=0.00e+00
ABOUT TO INTEGRATE: bi_size=5 has_ridder=0 Lambda=0.00e+00
DERIVS_ENTRY: call#=825000 has_ridder=0 Lambda=0.00e+00 a=3.28e-02
BG_INIT: background_solve OK
INPUT_READ: ridder_freeze_phi = 0 _TRUE_=1 (after class_read_flag)
DEBUG: Ridder field DISABLED. Lambda = 0.000000e+00
INPUT_READ: ridder_freeze_phi = 0 _TRUE_=1 (after class_read_flag)
DEBUG: Ridder field DISABLED. Lambda = 0.000000e+00, model_type not set to unified
BACKGROUND_INIT ENTERED: Lambda=0.00e+00
DEBUG BG_INIT ENTRY: model_type=0
DEBUG AFTER CHECKS: model_type=0 has_ridder=0
RIDDER DEBUG (background_init): has_ridder=0, Lambda_EDE_ridder=0.000000e+00, f_axion_ridder=1.000000e+16, theta_i_ridder=2.500000e+00, beta_ridder=0.000000e+00
BG_INIT: entering background_checks
BG_INIT: background_checks OK
DEBUG SHOOTING CHECK: has_ridder=0, model_type=0 (unified=1), use_shooting_EDE=0
BG_INIT: entering background_solve
BACKGROUND_SOLVE ENTERED: has_ridder=0 Lambda=0.00e+00
ABOUT TO INTEGRATE: bi_size=5 has_ridder=0 Lambda=0.00e+00
BG_INIT: background_solve OK
INPUT_READ: ridder_freeze_phi = 0 _TRUE_=1 (after class_read_flag)
DEBUG: Ridder field DISABLED. Lambda = 0.000000e+00
INPUT_READ: ridder_freeze_phi = 0 _TRUE_=1 (after class_read_flag)
DEBUG: Ridder field DISABLED. Lambda = 0.000000e+00, model_type not set to unified
BACKGROUND_INIT ENTERED: Lambda=0.00e+00
DEBUG BG_INIT ENTRY: model_type=0
DEBUG AFTER CHECKS: model_type=0 has_ridder=0
RIDDER DEBUG (background_init): has_ridder=0, Lambda_EDE_ridder=0.000000e+00, f_axion_ridder=1.000000e+16, theta_i_ridder=2.500000e+00, beta_ridder=0.000000e+00
BG_INIT: entering background_checks
BG_INIT: background_checks OK
DEBUG SHOOTING CHECK: has_ridder=0, model_type=0 (unified=1), use_shooting_EDE=0
BG_INIT: entering background_solve
BACKGROUND_SOLVE ENTERED: has_ridder=0 Lambda=0.00e+00
ABOUT TO INTEGRATE: bi_size=5 has_ridder=0 Lambda=0.00e+00
DERIVS_ENTRY: call#=830000 has_ridder=0 Lambda=0.00e+00 a=7.08e-09
BG_INIT: background_solve OK
INPUT_READ: ridder_freeze_phi = 0 _TRUE_=1 (after class_read_flag)
DEBUG: Ridder field DISABLED. Lambda = 0.000000e+00
INPUT_READ: ridder_freeze_phi = 0 _TRUE_=1 (after class_read_flag)
DEBUG: Ridder field DISABLED. Lambda = 0.000000e+00, model_type not set to unified
BACKGROUND_INIT ENTERED: Lambda=0.00e+00
DEBUG BG_INIT ENTRY: model_type=0
DEBUG AFTER CHECKS: model_type=0 has_ridder=0
RIDDER DEBUG (background_init): has_ridder=0, Lambda_EDE_ridder=0.000000e+00, f_axion_ridder=1.000000e+16, theta_i_ridder=2.500000e+00, beta_ridder=0.000000e+00
BG_INIT: entering background_checks
BG_INIT: background_checks OK
DEBUG SHOOTING CHECK: has_ridder=0, model_type=0 (unified=1), use_shooting_EDE=0
BG_INIT: entering background_solve
BACKGROUND_SOLVE ENTERED: has_ridder=0 Lambda=0.00e+00
ABOUT TO INTEGRATE: bi_size=5 has_ridder=0 Lambda=0.00e+00
DERIVS_ENTRY: call#=835000 has_ridder=0 Lambda=0.00e+00 a=6.84e-04
BG_INIT: background_solve OK
INPUT_READ: ridder_freeze_phi = 0 _TRUE_=1 (after class_read_flag)
DEBUG: Ridder field DISABLED. Lambda = 0.000000e+00
INPUT_READ: ridder_freeze_phi = 0 _TRUE_=1 (after class_read_flag)
DEBUG: Ridder field DISABLED. Lambda = 0.000000e+00, model_type not set to unified
BACKGROUND_INIT ENTERED: Lambda=0.00e+00
DEBUG BG_INIT ENTRY: model_type=0
DEBUG AFTER CHECKS: model_type=0 has_ridder=0
RIDDER DEBUG (background_init): has_ridder=0, Lambda_EDE_ridder=0.000000e+00, f_axion_ridder=1.000000e+16, theta_i_ridder=2.500000e+00, beta_ridder=0.000000e+00
BG_INIT: entering background_checks
BG_INIT: background_checks OK
DEBUG SHOOTING CHECK: has_ridder=0, model_type=0 (unified=1), use_shooting_EDE=0
BG_INIT: entering background_solve
BACKGROUND_SOLVE ENTERED: has_ridder=0 Lambda=0.00e+00
ABOUT TO INTEGRATE: bi_size=5 has_ridder=0 Lambda=0.00e+00
BG_INIT: background_solve OK
INPUT_READ: ridder_freeze_phi = 0 _TRUE_=1 (after class_read_flag)
DEBUG: Ridder field DISABLED. Lambda = 0.000000e+00
INPUT_READ: ridder_freeze_phi = 0 _TRUE_=1 (after class_read_flag)
DEBUG: Ridder field DISABLED. Lambda = 0.000000e+00, model_type not set to unified
BACKGROUND_INIT ENTERED: Lambda=0.00e+00
DEBUG BG_INIT ENTRY: model_type=0
DEBUG AFTER CHECKS: model_type=0 has_ridder=0
RIDDER DEBUG (background_init): has_ridder=0, Lambda_EDE_ridder=0.000000e+00, f_axion_ridder=1.000000e+16, theta_i_ridder=2.500000e+00, beta_ridder=0.000000e+00
BG_INIT: entering background_checks
BG_INIT: background_checks OK
DEBUG SHOOTING CHECK: has_ridder=0, model_type=0 (unified=1), use_shooting_EDE=0
BG_INIT: entering background_solve
BACKGROUND_SOLVE ENTERED: has_ridder=0 Lambda=0.00e+00
ABOUT TO INTEGRATE: bi_size=5 has_ridder=0 Lambda=0.00e+00
DERIVS_ENTRY: call#=840000 has_ridder=0 Lambda=0.00e+00 a=1.08e-09
BG_INIT: background_solve OK
INPUT_READ: ridder_freeze_phi = 0 _TRUE_=1 (after class_read_flag)
DEBUG: Ridder field DISABLED. Lambda = 0.000000e+00
INPUT_READ: ridder_freeze_phi = 0 _TRUE_=1 (after class_read_flag)
DEBUG: Ridder field DISABLED. Lambda = 0.000000e+00, model_type not set to unified
BACKGROUND_INIT ENTERED: Lambda=0.00e+00
DEBUG BG_INIT ENTRY: model_type=0
DEBUG AFTER CHECKS: model_type=0 has_ridder=0
RIDDER DEBUG (background_init): has_ridder=0, Lambda_EDE_ridder=0.000000e+00, f_axion_ridder=1.000000e+16, theta_i_ridder=2.500000e+00, beta_ridder=0.000000e+00
BG_INIT: entering background_checks
BG_INIT: background_checks OK
DEBUG SHOOTING CHECK: has_ridder=0, model_type=0 (unified=1), use_shooting_EDE=0
BG_INIT: entering background_solve
BACKGROUND_SOLVE ENTERED: has_ridder=0 Lambda=0.00e+00
ABOUT TO INTEGRATE: bi_size=5 has_ridder=0 Lambda=0.00e+00
DERIVS_ENTRY: call#=845000 has_ridder=0 Lambda=0.00e+00 a=5.43e-05
BG_INIT: background_solve OK
INPUT_READ: ridder_freeze_phi = 0 _TRUE_=1 (after class_read_flag)
DEBUG: Ridder field DISABLED. Lambda = 0.000000e+00
INPUT_READ: ridder_freeze_phi = 0 _TRUE_=1 (after class_read_flag)
DEBUG: Ridder field DISABLED. Lambda = 0.000000e+00, model_type not set to unified
BACKGROUND_INIT ENTERED: Lambda=0.00e+00
DEBUG BG_INIT ENTRY: model_type=0
DEBUG AFTER CHECKS: model_type=0 has_ridder=0
RIDDER DEBUG (background_init): has_ridder=0, Lambda_EDE_ridder=0.000000e+00, f_axion_ridder=1.000000e+16, theta_i_ridder=2.500000e+00, beta_ridder=0.000000e+00
BG_INIT: entering background_checks
BG_INIT: background_checks OK
DEBUG SHOOTING CHECK: has_ridder=0, model_type=0 (unified=1), use_shooting_EDE=0
BG_INIT: entering background_solve
BACKGROUND_SOLVE ENTERED: has_ridder=0 Lambda=0.00e+00
ABOUT TO INTEGRATE: bi_size=5 has_ridder=0 Lambda=0.00e+00
BG_INIT: background_solve OK
INPUT_READ: ridder_freeze_phi = 0 _TRUE_=1 (after class_read_flag)
DEBUG: Ridder field DISABLED. Lambda = 0.000000e+00
INPUT_READ: ridder_freeze_phi = 0 _TRUE_=1 (after class_read_flag)
DEBUG: Ridder field DISABLED. Lambda = 0.000000e+00, model_type not set to unified
BACKGROUND_INIT ENTERED: Lambda=0.00e+00
DEBUG BG_INIT ENTRY: model_type=0
DEBUG AFTER CHECKS: model_type=0 has_ridder=0
RIDDER DEBUG (background_init): has_ridder=0, Lambda_EDE_ridder=0.000000e+00, f_axion_ridder=1.000000e+16, theta_i_ridder=2.500000e+00, beta_ridder=0.000000e+00
BG_INIT: entering background_checks
BG_INIT: background_checks OK
DEBUG SHOOTING CHECK: has_ridder=0, model_type=0 (unified=1), use_shooting_EDE=0
BG_INIT: entering background_solve
BACKGROUND_SOLVE ENTERED: has_ridder=0 Lambda=0.00e+0[mcmc] Progress @ 2025-11-27 01:50:50 : 4591 steps taken, and 337 accepted.
0
ABOUT TO INTEGRATE: bi_size=5 has_ridder=0 Lambda=0.00e+00
DERIVS_ENTRY: call#=850000 has_ridder=0 Lambda=0.00e+00 a=1.55e-10
BG_INIT: background_solve OK
INPUT_READ: ridder_freeze_phi = 0 _TRUE_=1 (after class_read_flag)
DEBUG: Ridder field DISABLED. Lambda = 0.000000e+00
INPUT_READ: ridder_freeze_phi = 0 _TRUE_=1 (after class_read_flag)
DEBUG: Ridder field DISABLED. Lambda = 0.000000e+00, model_type not set to unified
BACKGROUND_INIT ENTERED: Lambda=0.00e+00
DEBUG BG_INIT ENTRY: model_type=0
DEBUG AFTER CHECKS: model_type=0 has_ridder=0
RIDDER DEBUG (background_init): has_ridder=0, Lambda_EDE_ridder=0.000000e+00, f_axion_ridder=1.000000e+16, theta_i_ridder=2.500000e+00, beta_ridder=0.000000e+00
BG_INIT: entering background_checks
BG_INIT: background_checks OK
DEBUG SHOOTING CHECK: has_ridder=0, model_type=0 (unified=1), use_shooting_EDE=0
BG_INIT: entering background_solve
BACKGROUND_SOLVE ENTERED: has_ridder=0 Lambda=0.00e+00
ABOUT TO INTEGRATE: bi_size=5 has_ridder=0 Lambda=0.00e+00
DERIVS_ENTRY: call#=855000 has_ridder=0 Lambda=0.00e+00 a=7.61e-06
BG_INIT: background_solve OK
INPUT_READ: ridder_freeze_phi = 0 _TRUE_=1 (after class_read_flag)
DEBUG: Ridder field DISABLED. Lambda = 0.000000e+00
INPUT_READ: ridder_freeze_phi = 0 _TRUE_=1 (after class_read_flag)
DEBUG: Ridder field DISABLED. Lambda = 0.000000e+00, model_type not set to unified
BACKGROUND_INIT ENTERED: Lambda=0.00e+00
DEBUG BG_INIT ENTRY: model_type=0
DEBUG AFTER CHECKS: model_type=0 has_ridder=0
RIDDER DEBUG (background_init): has_ridder=0, Lambda_EDE_ridder=0.000000e+00, f_axion_ridder=1.000000e+16, theta_i_ridder=2.500000e+00, beta_ridder=0.000000e+00
BG_INIT: entering background_checks
BG_INIT: background_checks OK
DEBUG SHOOTING CHECK: has_ridder=0, model_type=0 (unified=1), use_shooting_EDE=0
BG_INIT: entering background_solve
BACKGROUND_SOLVE ENTERED: has_ridder=0 Lambda=0.00e+00
ABOUT TO INTEGRATE: bi_size=5 has_ridder=0 Lambda=0.00e+00
BG_INIT: background_solve OK
INPUT_READ: ridder_freeze_phi = 0 _TRUE_=1 (after class_read_flag)
DEBUG: Ridder field DISABLED. Lambda = 0.000000e+00
INPUT_READ: ridder_freeze_phi = 0 _TRUE_=1 (after class_read_flag)
DEBUG: Ridder field DISABLED. Lambda = 0.000000e+00, model_type not set to unified
BACKGROUND_INIT ENTERED: Lambda=0.00e+00
DEBUG BG_INIT ENTRY: model_type=0
DEBUG AFTER CHECKS: model_type=0 has_ridder=0
RIDDER DEBUG (background_init): has_ridder=0, Lambda_EDE_ridder=0.000000e+00, f_axion_ridder=1.000000e+16, theta_i_ridder=2.500000e+00, beta_ridder=0.000000e+00
BG_INIT: entering background_checks
BG_INIT: background_checks OK
DEBUG SHOOTING CHECK: has_ridder=0, model_type=0 (unified=1), use_shooting_EDE=0
BG_INIT: entering background_solve
BACKGROUND_SOLVE ENTERED: has_ridder=0 Lambda=0.00e+00
ABOUT TO INTEGRATE: bi_size=5 has_ridder=0 Lambda=0.00e+00
DERIVS_ENTRY: call#=860000 has_ridder=0 Lambda=0.00e+00 a=5.47e-12
BG_INIT: background_solve OK
INPUT_READ: ridder_freeze_phi = 0 _TRUE_=1 (after class_read_flag)
DEBUG: Ridder field DISABLED. Lambda = 0.000000e+00
INPUT_READ: ridder_freeze_phi = 0 _TRUE_=1 (after class_read_flag)
DEBUG: Ridder field DISABLED. Lambda = 0.000000e+00, model_type not set to unified
BACKGROUND_INIT ENTERED: Lambda=0.00e+00
DEBUG BG_INIT ENTRY: model_type=0
DEBUG AFTER CHECKS: model_type=0 has_ridder=0
RIDDER DEBUG (background_init): has_ridder=0, Lambda_EDE_ridder=0.000000e+00, f_axion_ridder=1.000000e+16, theta_i_ridder=2.500000e+00, beta_ridder=0.000000e+00
BG_INIT: entering background_checks
BG_INIT: background_checks OK
DEBUG SHOOTING CHECK: has_ridder=0, model_type=0 (unified=1), use_shooting_EDE=0
BG_INIT: entering background_solve
BACKGROUND_SOLVE ENTERED: has_ridder=0 Lambda=0.00e+00
ABOUT TO INTEGRATE: bi_size=5 has_ridder=0 Lambda=0.00e+00
DERIVS_ENTRY: call#=865000 has_ridder=0 Lambda=0.00e+00 a=1.10e-06
BG_INIT: background_solve OK
INPUT_READ: ridder_freeze_phi = 0 _TRUE_=1 (after class_read_flag)
DEBUG: Ridder field DISABLED. Lambda = 0.000000e+00
INPUT_READ: ridder_freeze_phi = 0 _TRUE_=1 (after class_read_flag)
DEBUG: Ridder field DISABLED. Lambda = 0.000000e+00, model_type not set to unified
BACKGROUND_INIT ENTERED: Lambda=0.00e+00
DEBUG BG_INIT ENTRY: model_type=0
DEBUG AFTER CHECKS: model_type=0 has_ridder=0
RIDDER DEBUG (background_init): has_ridder=0, Lambda_EDE_ridder=0.000000e+00, f_axion_ridder=1.000000e+16, theta_i_ridder=2.500000e+00, beta_ridder=0.000000e+00
BG_INIT: entering background_checks
BG_INIT: background_checks OK
DEBUG SHOOTING CHECK: has_ridder=0, model_type=0 (unified=1), use_shooting_EDE=0
BG_INIT: entering background_solve
BACKGROUND_SOLVE ENTERED: has_ridder=0 Lambda=0.00e+00
ABOUT TO INTEGRATE: bi_size=5 has_ridder=0 Lambda=0.00e+00
BG_INIT: background_solve OK
INPUT_READ: ridder_freeze_phi = 0 _TRUE_=1 (after class_read_flag)
DEBUG: Ridder field DISABLED. Lambda = 0.000000e+00
INPUT_READ: ridder_freeze_phi = 0 _TRUE_=1 (after class_read_flag)
DEBUG: Ridder field DISABLED. Lambda = 0.000000e+00, model_type not set to unified
BACKGROUND_INIT ENTERED: Lambda=0.00e+00
DEBUG BG_INIT ENTRY: model_type=0
DEBUG AFTER CHECKS: model_type=0 has_ridder=0
RIDDER DEBUG (background_init): has_ridder=0, Lambda_EDE_ridder=0.000000e+00, f_axion_ridder=1.000000e+16, theta_i_ridder=2.500000e+00, beta_ridder=0.000000e+00
BG_INIT: entering background_checks
BG_INIT: background_checks OK
DEBUG SHOOTING CHECK: has_ridder=0, model_type=0 (unified=1), use_shooting_EDE=0
BG_INIT: entering background_solve
BACKGROUND_SOLVE ENTERED: has_ridder=0 Lambda=0.00e+00
ABOUT TO INTEGRATE: bi_size=5 has_ridder=0 Lambda=0.00e+00
DERIVS_ENTRY: call#=870000 has_ridder=0 Lambda=0.00e+00 a=1.03e-14
BG_INIT: background_solve OK
INPUT_READ: ridder_freeze_phi = 0 _TRUE_=1 (after class_read_flag)
DEBUG: Ridder field DISABLED. Lambda = 0.000000e+00
INPUT_READ: ridder_freeze_phi = 0 _TRUE_=1 (after class_read_flag)
DEBUG: Ridder field DISABLED. Lambda = 0.000000e+00, model_type not set to unified
BACKGROUND_INIT ENTERED: Lambda=0.00e+00
DEBUG BG_INIT ENTRY: model_type=0
DEBUG AFTER CHECKS: model_type=0 has_ridder=0
RIDDER DEBUG (background_init): has_ridder=0, Lambda_EDE_ridder=0.000000e+00, f_axion_ridder=1.000000e+16, theta_i_ridder=2.500000e+00, beta_ridder=0.000000e+00
BG_INIT: entering background_checks
BG_INIT: background_checks OK
DEBUG SHOOTING CHECK: has_ridder=0, model_type=0 (unified=1), use_shooting_EDE=0
BG_INIT: entering background_solve
BACKGROUND_SOLVE ENTERED: has_ridder=0 Lambda=0.00e+00
ABOUT TO INTEGRATE: bi_size=5 has_ridder=0 Lambda=0.00e+00
DERIVS_ENTRY: call#=875000 has_ridder=0 Lambda=0.00e+00 a=1.62e-07
BG_INIT: background_solve OK
INPUT_READ: ridder_freeze_phi = 0 _TRUE_=1 (after class_read_flag)
DEBUG: Ridder field DISABLED. Lambda = 0.000000e+00
INPUT_READ: ridder_freeze_phi = 0 _TRUE_=1 (after class_read_flag)
DEBUG: Ridder field DISABLED. Lambda = 0.000000e+00, model_type not set to unified
BACKGROUND_INIT ENTERED: Lambda=0.00e+00
DEBUG BG_INIT ENTRY: model_type=0
DEBUG AFTER CHECKS: model_type=0 has_ridder=0
RIDDER DEBUG (background_init): has_ridder=0, Lambda_EDE_ridder=0.000000e+00, f_axion_ridder=1.000000e+16, theta_i_ridder=2.500000e+00, beta_ridder=0.000000e+00
BG_INIT: entering background_checks
BG_INIT: background_checks OK
DEBUG SHOOTING CHECK: has_ridder=0, model_type=0 (unified=1), use_shooting_EDE=0
BG_INIT: entering background_solve
BACKGROUND_SOLVE ENTERED: has_ridder=0 Lambda=0.00e+00
ABOUT TO INTEGRATE: bi_size=5 has_ridder=0 Lambda=0.00e+00
DERIVS_ENTRY: call#=880000 has_ridder=0 Lambda=0.00e+00 a=2.26e-01
BG_INIT: background_solve OK
INPUT_READ: ridder_freeze_phi = 0 _TRUE_=1 (after class_read_flag)
DEBUG: Ridder field DISABLED. Lambda = 0.000000e+00
INPUT_READ: ridder_freeze_phi = 0 _TRUE_=1 (after class_read_flag)
DEBUG: Ridder field DISABLED. Lambda = 0.000000e+00, model_type not set to unified
BACKGROUND_INIT ENTERED: Lambda=0.00e+00
DEBUG BG_INIT ENTRY: model_type=0
DEBUG AFTER CHECKS: model_type=0 has_ridder=0
RIDDER DEBUG (background_init): has_ridder=0, Lambda_EDE_ridder=0.000000e+00, f_axion_ridder=1.000000e+16, theta_i_ridder=2.500000e+00, beta_ridder=0.000000e+00
BG_INIT: entering background_checks
BG_INIT: background_checks OK
DEBUG SH[mcmc] Progress @ 2025-11-27 01:51:53 : 4719 steps taken, and 352 accepted.
OOTING CHECK: has_ridder=0, model_type=0 (unified=1), use_shooting_EDE=0
BG_INIT: entering background_solve
BACKGROUND_SOLVE ENTERED: has_ridder=0 Lambda=0.00e+00
ABOUT TO INTEGRATE: bi_size=5 has_ridder=0 Lambda=0.00e+00
BG_INIT: background_solve OK
INPUT_READ: ridder_freeze_phi = 0 _TRUE_=1 (after class_read_flag)
DEBUG: Ridder field DISABLED. Lambda = 0.000000e+00
INPUT_READ: ridder_freeze_phi = 0 _TRUE_=1 (after class_read_flag)
DEBUG: Ridder field DISABLED. Lambda = 0.000000e+00, model_type not set to unified
BACKGROUND_INIT ENTERED: Lambda=0.00e+00
DEBUG BG_INIT ENTRY: model_type=0
DEBUG AFTER CHECKS: model_type=0 has_ridder=0
RIDDER DEBUG (background_init): has_ridder=0, Lambda_EDE_ridder=0.000000e+00, f_axion_ridder=1.000000e+16, theta_i_ridder=2.500000e+00, beta_ridder=0.000000e+00
BG_INIT: entering background_checks
BG_INIT: background_checks OK
DEBUG SHOOTING CHECK: has_ridder=0, model_type=0 (unified=1), use_shooting_EDE=0
BG_INIT: entering background_solve
BACKGROUND_SOLVE ENTERED: has_ridder=0 Lambda=0.00e+00
ABOUT TO INTEGRATE: bi_size=5 has_ridder=0 Lambda=0.00e+00
DERIVS_ENTRY: call#=885000 has_ridder=0 Lambda=0.00e+00 a=2.37e-08
BG_INIT: background_solve OK
INPUT_READ: ridder_freeze_phi = 0 _TRUE_=1 (after class_read_flag)
DEBUG: Ridder field DISABLED. Lambda = 0.000000e+00
INPUT_READ: ridder_freeze_phi = 0 _TRUE_=1 (after class_read_flag)
DEBUG: Ridder field DISABLED. Lambda = 0.000000e+00, model_type not set to unified
BACKGROUND_INIT ENTERED: Lambda=0.00e+00
DEBUG BG_INIT ENTRY: model_type=0
DEBUG AFTER CHECKS: model_type=0 has_ridder=0
RIDDER DEBUG (background_init): has_ridder=0, Lambda_EDE_ridder=0.000000e+00, f_axion_ridder=1.000000e+16, theta_i_ridder=2.500000e+00, beta_ridder=0.000000e+00
BG_INIT: entering background_checks
BG_INIT: background_checks OK
DEBUG SHOOTING CHECK: has_ridder=0, model_type=0 (unified=1), use_shooting_EDE=0
BG_INIT: entering background_solve
BACKGROUND_SOLVE ENTERED: has_ridder=0 Lambda=0.00e+00
ABOUT TO INTEGRATE: bi_size=5 has_ridder=0 Lambda=0.00e+00
DERIVS_ENTRY: call#=890000 has_ridder=0 Lambda=0.00e+00 a=6.76e-03
BG_INIT: background_solve OK
INPUT_READ: ridder_freeze_phi = 0 _TRUE_=1 (after class_read_flag)
DEBUG: Ridder field DISABLED. Lambda = 0.000000e+00
INPUT_READ: ridder_freeze_phi = 0 _TRUE_=1 (after class_read_flag)
DEBUG: Ridder field DISABLED. Lambda = 0.000000e+00, model_type not set to unified
BACKGROUND_INIT ENTERED: Lambda=0.00e+00
DEBUG BG_INIT ENTRY: model_type=0
DEBUG AFTER CHECKS: model_type=0 has_ridder=0
RIDDER DEBUG (background_init): has_ridder=0, Lambda_EDE_ridder=0.000000e+00, f_axion_ridder=1.000000e+16, theta_i_ridder=2.500000e+00, beta_ridder=0.000000e+00
BG_INIT: entering background_checks
BG_INIT: background_checks OK
DEBUG SHOOTING CHECK: has_ridder=0, model_type=0 (unified=1), use_shooting_EDE=0
BG_INIT: entering background_solve
BACKGROUND_SOLVE ENTERED: has_ridder=0 Lambda=0.00e+00
ABOUT TO INTEGRATE: bi_size=5 has_ridder=0 Lambda=0.00e+00
BG_INIT: background_solve OK
INPUT_READ: ridder_freeze_phi = 0 _TRUE_=1 (after class_read_flag)
DEBUG: Ridder field DISABLED. Lambda = 0.000000e+00
INPUT_READ: ridder_freeze_phi = 0 _TRUE_=1 (after class_read_flag)
DEBUG: Ridder field DISABLED. Lambda = 0.000000e+00, model_type not set to unified
BACKGROUND_INIT ENTERED: Lambda=0.00e+00
DEBUG BG_INIT ENTRY: model_type=0
DEBUG AFTER CHECKS: model_type=0 has_ridder=0
RIDDER DEBUG (background_init): has_ridder=0, Lambda_EDE_ridder=0.000000e+00, f_axion_ridder=1.000000e+16, theta_i_ridder=2.500000e+00, beta_ridder=0.000000e+00
BG_INIT: entering background_checks
BG_INIT: background_checks OK
DEBUG SHOOTING CHECK: has_ridder=0, model_type=0 (unified=1), use_shooting_EDE=0
BG_INIT: entering background_solve
BACKGROUND_SOLVE ENTERED: has_ridder=0 Lambda=0.00e+00
ABOUT TO INTEGRATE: bi_size=5 has_ridder=0 Lambda=0.00e+00
DERIVS_ENTRY: call#=895000 has_ridder=0 Lambda=0.00e+00 a=3.42e-09
BG_INIT: background_solve OK
INPUT_READ: ridder_freeze_phi = 0 _TRUE_=1 (after class_read_flag)
DEBUG: Ridder field DISABLED. Lambda = 0.000000e+00
INPUT_READ: ridder_fr[mcmc] Progress @ 2025-11-27 01:52:54 : 4802 steps taken, and 356 accepted.
eeze_phi = 0 _TRUE_=1 (after class_read_flag)
DEBUG: Ridder field DISABLED. Lambda = 0.000000e+00, model_type not set to unified
BACKGROUND_INIT ENTERED: Lambda=0.00e+00
DEBUG BG_INIT ENTRY: model_type=0
DEBUG AFTER CHECKS: model_type=0 has_ridder=0
RIDDER DEBUG (background_init): has_ridder=0, Lambda_EDE_ridder=0.000000e+00, f_axion_ridder=1.000000e+16, theta_i_ridder=2.500000e+00, beta_ridder=0.000000e+00
BG_INIT: entering background_checks
BG_INIT: background_checks OK
DEBUG SHOOTING CHECK: has_ridder=0, model_type=0 (unified=1), use_shooting_EDE=0
BG_INIT: entering background_solve
BACKGROUND_SOLVE ENTERED: has_ridder=0 Lambda=0.00e+00
ABOUT TO INTEGRATE: bi_size=5 has_ridder=0 Lambda=0.00e+00
DERIVS_ENTRY: call#=900000 has_ridder=0 Lambda=0.00e+00 a=1.78e-04
BG_INIT: background_solve OK
INPUT_READ: ridder_freeze_phi = 0 _TRUE_=1 (after class_read_flag)
DEBUG: Ridder field DISABLED. Lambda = 0.000000e+00
INPUT_READ: ridder_freeze_phi = 0 _TRUE_=1 (after class_read_flag)
DEBUG: Ridder field DISABLED. Lambda = 0.000000e+00, model_type not set to unified
BACKGROUND_INIT ENTERED: Lambda=0.00e+00
DEBUG BG_INIT ENTRY: model_type=0
DEBUG AFTER CHECKS: model_type=0 has_ridder=0
RIDDER DEBUG (background_init): has_ridder=0, Lambda_EDE_ridder=0.000000e+00, f_axion_ridder=1.000000e+16, theta_i_ridder=2.500000e+00, beta_ridder=0.000000e+00
BG_INIT: entering background_checks
BG_INIT: background_checks OK
DEBUG SHOOTING CHECK: has_ridder=0, model_type=0 (unified=1), use_shooting_EDE=0
BG_INIT: entering background_solve
BACKGROUND_SOLVE ENTERED: has_ridder=0 Lambda=0.00e+00
ABOUT TO INTEGRATE: bi_size=5 has_ridder=0 Lambda=0.00e+00
BG_INIT: background_solve OK
INPUT_READ: ridder_freeze_phi = 0 _TRUE_=1 (after class_read_flag)
DEBUG: Ridder field DISABLED. Lambda = 0.000000e+00
INPUT_READ: ridder_freeze_phi = 0 _TRUE_=1 (after class_read_flag)
DEBUG: Ridder field DISABLED. Lambda = 0.000000e+00, model_type not set to unified
BACKGROUND_INIT ENTERED: Lambda=0.00e+00
DEBUG BG_INIT ENTRY: model_type=0
DEBUG AFTER CHECKS: model_type=0 has_ridder=0
RIDDER DEBUG (background_init): has_ridder=0, Lambda_EDE_ridder=0.000000e+00, f_axion_ridder=1.000000e+16, theta_i_ridder=2.500000e+00, beta_ridder=0.000000e+00
BG_INIT: entering background_checks
BG_INIT: background_checks OK
DEBUG SHOOTING CHECK: has_ridder=0, model_type=0 (unified=1), use_shooting_EDE=0
BG_INIT: entering background_solve
BACKGROUND_SOLVE ENTERED: has_ridder=0 Lambda=0.00e+00
ABOUT TO INTEGRATE: bi_size=5 has_ridder=0 Lambda=0.00e+00
DERIVS_ENTRY: call#=905000 has_ridder=0 Lambda=0.00e+00 a=5.42e-10
BG_INIT: background_solve OK
INPUT_READ: ridder_freeze_phi = 0 _TRUE_=1 (after class_read_flag)
DEBUG: Ridder field DISABLED. Lambda = 0.000000e+00
INPUT_READ: ridder_freeze_phi = 0 _TRUE_=1 (after class_read_flag)
DEBUG: Ridder field DISABLED. Lambda = 0.000000e+00, model_type not set to unified
BACKGROUND_INIT ENTERED: Lambda=0.00e+00
DEBUG BG_INIT ENTRY: model_type=0
DEBUG AFTER CHECKS: model_type=0 has_ridder=0
RIDDER DEBUG (background_init): has_ridder=0, Lambda_EDE_ridder=0.000000e+00, f_axion_ridder=1.000000e+16, theta_i_ridder=2.500000e+00, beta_ridder=0.000000e+00
BG_INIT: entering background_checks
BG_INIT: background_checks OK
DEBUG SHOOTING CHECK: has_ridder=0, model_type=0 (unified=1), use_shooting_EDE=0
BG_INIT: entering background_solve
BACKGROUND_SOLVE ENTERED: has_ridder=0 Lambda=0.00e+00
ABOUT TO INTEGRATE: bi_size=5 has_ridder=0 Lambda=0.00e+00
DERIVS_ENTRY: call#=910000 has_ridder=0 Lambda=0.00e+00 a=2.70e-05
BG_INIT: background_solve OK
INPUT_READ: ridder_freeze_phi = 0 _TRUE_=1 (after class_read_flag)
DEBUG: Ridder field DISABLED. Lambda = 0.000000e+00
INPUT_READ: ridder_freeze_phi = 0 _TRUE_=1 (after class_read_flag)
DEBUG: Ridder field DISABLED. Lambda = 0.000000e+00, model_type not set to unified
BACKGROUND_INIT ENTERED: Lambda=0.00e+00
DEBUG BG_INIT ENTRY: model_type=0
DEBUG AFTER CHECKS: model_type=0 has_ridder=0
RIDDER DEBUG (background_init): has_ridder=0, Lambda_EDE_ridder=0.000000e+00, f_axion_ridder=1.000000e+16, theta_i_ridder=2.500000e+00, beta_[mcmc] Progress @ 2025-11-27 01:53:55 : 4906 steps taken, and 366 accepted.
ridder=0.000000e+00
BG_INIT: entering background_checks
BG_INIT: background_checks OK
DEBUG SHOOTING CHECK: has_ridder=0, model_type=0 (unified=1), use_shooting_EDE=0
BG_INIT: entering background_solve
BACKGROUND_SOLVE ENTERED: has_ridder=0 Lambda=0.00e+00
ABOUT TO INTEGRATE: bi_size=5 has_ridder=0 Lambda=0.00e+00
BG_INIT: background_solve OK
INPUT_READ: ridder_freeze_phi = 0 _TRUE_=1 (after class_read_flag)
DEBUG: Ridder field DISABLED. Lambda = 0.000000e+00
INPUT_READ: ridder_freeze_phi = 0 _TRUE_=1 (after class_read_flag)
DEBUG: Ridder field DISABLED. Lambda = 0.000000e+00, model_type not set to unified
BACKGROUND_INIT ENTERED: Lambda=0.00e+00
DEBUG BG_INIT ENTRY: model_type=0
DEBUG AFTER CHECKS: model_type=0 has_ridder=0
RIDDER DEBUG (background_init): has_ridder=0, Lambda_EDE_ridder=0.000000e+00, f_axion_ridder=1.000000e+16, theta_i_ridder=2.500000e+00, beta_ridder=0.000000e+00
BG_INIT: entering background_checks
BG_INIT: background_checks OK
DEBUG SHOOTING CHECK: has_ridder=0, model_type=0 (unified=1), use_shooting_EDE=0
BG_INIT: entering background_solve
BACKGROUND_SOLVE ENTERED: has_ridder=0 Lambda=0.00e+00
ABOUT TO INTEGRATE: bi_size=5 has_ridder=0 Lambda=0.00e+00
DERIVS_ENTRY: call#=915000 has_ridder=0 Lambda=0.00e+00 a=7.91e-11
BG_INIT: background_solve OK
INPUT_READ: ridder_freeze_phi = 0 _TRUE_=1 (after class_read_flag)
DEBUG: Ridder field DISABLED. Lambda = 0.000000e+00
INPUT_READ: ridder_freeze_phi = 0 _TRUE_=1 (after class_read_flag)
DEBUG: Ridder field DISABLED. Lambda = 0.000000e+00, model_type not set to unified
BACKGROUND_INIT ENTERED: Lambda=0.00e+00
DEBUG BG_INIT ENTRY: model_type=0
DEBUG AFTER CHECKS: model_type=0 has_ridder=0
RIDDER DEBUG (background_init): has_ridder=0, Lambda_EDE_ridder=0.000000e+00, f_axion_ridder=1.000000e+16, theta_i_ridder=2.500000e+00, beta_ridder=0.000000e+00
BG_INIT: entering background_checks
BG_INIT: background_checks OK
DEBUG SHOOTING CHECK: has_ridder=0, model_type=0 (unified=1), use_shooting_EDE=0
BG_INIT: entering background_solve
BACKGROUND_SOLVE ENTERED: has_ridder=0 Lambda=0.00e+00
ABOUT TO INTEGRATE: bi_size=5 has_ridder=0 Lambda=0.00e+00
DERIVS_ENTRY: call#=920000 has_ridder=0 Lambda=0.00e+00 a=3.94e-06
BG_INIT: background_solve OK
INPUT_READ: ridder_freeze_phi = 0 _TRUE_=1 (after class_read_flag)
DEBUG: Ridder field DISABLED. Lambda = 0.000000e+00
INPUT_READ: ridder_freeze_phi = 0 _TRUE_=1 (after class_read_flag)
DEBUG: Ridder field DISABLED. Lambda = 0.000000e+00, model_type not set to unified
BACKGROUND_INIT ENTERED: Lambda=0.00e+00
DEBUG BG_INIT ENTRY: model_type=0
DEBUG AFTER CHECKS: model_type=0 has_ridder=0
RIDDER DEBUG (background_init): has_ridder=0, Lambda_EDE_ridder=0.000000e+00, f_axion_ridder=1.000000e+16, theta_i_ridder=2.500000e+00, beta_ridder=0.000000e+00
BG_INIT: entering background_checks
BG_INIT: background_checks OK
DEBUG SHOOTING CHECK: has_ridder=0, model_type=0 (unified=1), use_shooting_EDE=0
BG_INIT: entering background_solve
BACKGROUND_SOLVE ENTERED: has_ridder=0 Lambda=0.00e+00
ABOUT TO INTEGRATE: bi_size=5 has_ridder=0 Lambda=0.00e+00
BG_INIT: background_solve OK
INPUT_READ: ridder_freeze_phi = 0 _TRUE_=1 (after class_read_flag)
DEBUG: Ridder field DISABLED. Lambda = 0.000000e+00
INPUT_READ: ridder_freeze_phi = 0 _TRUE_=1 (after class_read_flag)
DEBUG: Ridder field DISABLED. Lambda = 0.000000e+00, model_type not set to unified
BACKGROUND_INIT ENTERED: Lambda=0.00e+00
DEBUG BG_INIT ENTRY: model_type=0
DEBUG AFTER CHECKS: model_type=0 has_ridder=0
RIDDER DEBUG (background_init): has_ridder=0, Lambda_EDE_ridder=0.000000e+00, f_axion_ridder=1.000000e+16, theta_i_ridder=2.500000e+00, beta_ridder=0.000000e+00
BG_INIT: entering background_checks
BG_INIT: background_checks OK
DEBUG SHOOTING CHECK: has_ridder=0, model_type=0 (unified=1), use_shooting_EDE=0
BG_INIT: entering background_solve
BACKGROUND_SOLVE ENTERED: has_ridder=0 Lambda=0.00e+00
ABOUT TO INTEGRATE: bi_size=5 has_ridder=0 Lambda=0.00e+00
DERIVS_ENTRY: call#=925000 has_ridder=0 Lambda=0.00e+00 a=7.10e-13
BG_INIT: background_solve OK
INPUT_READ: ridder_freeze_phi = 0 _TRUE_=1 (after class_read_flag)
DEBUG: Ridder field DISABLED. Lambda = 0.000000e+00
INPUT_READ: ridder_freeze_phi = 0 _TRUE_=1 (after class_read_flag)
DEBUG: Ridder field DISABLED. Lambda = 0.000000e+00, model_type not set to unified
BACKGROUND_INIT ENTERED: Lambda=0.00e+00
DEBUG BG_INIT ENTRY: model_type=0
DEBUG AFTER CHECKS: model_type=0 has_ridder=0
RIDDER DEBUG (background_init): has_ridder=0, Lambda_EDE_ridder=0.000000e+00, f_axion_ridder=1.000000e+16, theta_i_ridder=2.500000e+00, beta_ridder=0.000000e+00
BG_INIT: entering background_checks
BG_INIT: background_checks OK
DEBUG SHOOTING CHECK: has_ridder=0, model_type=0 (unified=1), use_shooting_EDE=0
BG_INIT: entering background_solve
BACKGROUND_SOLVE ENTERED: has_ridder=0 Lambda=0.00e+00
ABOUT TO INTEGRATE: bi_size=5 has_ridder=0 Lambda=0.00e+00
DERIVS_ENTRY: call#=930000 has_ridder=0 Lambda=0.00e+00 a=6.16e-07
BG_INIT: background_solve OK
INPUT_READ: ridder_freeze_phi = 0 _TRUE_=1 (after class_read_flag)
DEBUG: Ridder field DISABLED. Lambda = 0.000000e+00
INPUT_READ: ridder_freeze_phi = 0 _TRUE_=1 (after class_read_flag)
DEBUG: Ridder field DISABLED. Lambda = 0.000000e+00, model_type not set to unified
BACKGROUND_INIT ENTERED: Lambda=0.00e+00
DEBUG BG_INIT ENTRY: model_type=0
DEBUG AFTER CHECKS: model_type=0 has_ridder=0
RIDDER DEBUG (background_init): has_ridder=0, Lambda_EDE_ridder=0.000000e+00, f_axion_ridder=1.000000e+16, theta_i_ridder=2.500000e+00, beta_ridder=0.000000e+00
BG_INIT: entering background_checks
BG_INIT: background_checks OK
DEBUG SHOOTING CHECK: has_ridder=0, model_type=0 (unified=1), use_shooting_EDE=0
BG_INIT: entering background_solve
BACKGROUND_SOLVE ENTERED: has_ridder=0 Lambda=0.00e+00
ABOUT TO INTEGRATE: bi_size=5 has_ridder=0 Lambda=0.00e+00
DERIVS_ENTRY: call#=935000 has_ridder=0 Lambda=0.00e+00 a=8.63e-01
BG_INIT: background_solve OK
INPUT_READ: ridder_freeze_phi = 0 _TRUE_=1 (after class_read_flag)
DEBUG: Ridder field DISABLED. Lambda = 0.000000e+00
INPUT_READ: ridder_freeze_phi = 0 _TRUE_=1 (after class_read_flag)
DEBUG: Ridder field DISABLED. Lambda = 0.000000e+00, model_type not set to unified
BACKGROUND_INIT ENTERED: Lambda=0.00e+00
DEBUG BG_INIT ENTRY: model_type=0
DEBUG AFTER CHECKS: model_type=0 has_ridder=0
RIDDER DEBUG (background_init): has_ridder=0, Lambda_EDE_ridder=0.000000e+00, f_axion_ridder=1.000000e+16, theta_i_ridder=2.500000e+00, beta_ridder=0.000000e+00
BG_INIT: entering background_checks
BG_INIT: background_checks OK
DEBUG SHOOTING CHECK: has_ridder=0, model_type=0 (unified=1), use_shooting_EDE=0
BG_INIT: entering background_solve
BACKGROUND_SOLVE ENTERED: has_ridder=0 Lambda=0.00e+00
ABOUT TO INTEGRATE: bi_size=5 has_ridder=0 Lambda=0.00e+00
BG_INIT: background_solve OK
INPUT_READ: ridder_freeze_phi = 0 _TRUE_=1 (after class_read_flag)
DEBUG: Ridder field DISABLED. Lambda = 0.000000e+00
INPUT_READ: ridder_freeze_phi = 0 _TRUE_=1 (after class_read_flag)
DEBUG: Ridder field DISABLED. Lambda = 0.000000e+00, model_type not set to unified
BACKGROUND_INIT ENTERED: Lambda=0.00e+00
DEBUG BG_INIT ENTRY: model_type=0
DEBUG AFTER CHECKS: model_type=0 has_ridder=0
RIDDER DEBUG (background_init): has_ridder=0, Lambda_EDE_ridder=0.000000e+00, f_axion_ridder=1.000000e+16, theta_i_ridder=2.500000e+00, beta_ridder=0.000000e+00
BG_INIT: entering background_checks
BG_INIT: background_checks OK
DEBUG SHOOTING CHECK: has_ridder=0, model_type=0 (unified=1), use_shooting_EDE=0
BG_INIT: entering background_solve
BACKGROUND_SOLVE ENTERED: has_ridder=0 Lambda=0.00e+00
ABOUT TO INTEGRATE: bi_size=5 has_ridder=0 Lambda=0.00e+00
DERIVS_ENTRY: call#=940000 has_ridder=0 Lambda=0.00e+00 a=9.50e-08
BG_INIT: background_solve OK
INPUT_READ: ridder_freeze_phi = 0 _TRUE_=1 (after class_read_flag)
DEBUG: Ridder field DISABLED. Lambda = 0.000000e+00
INPUT_READ: ridder_freeze_phi = 0 _TRUE_=1 (after class_read_flag)
DEBUG: Ridder field DISABLED. Lambda = 0.000000e+00, model_type not set to unified
BACKGROUND_INIT ENTERED: Lambda=0.00e+00
DEBUG BG_INIT ENTRY: model_type=0
DEBUG AFTER CHECKS: model_type=0 has_ridder=0
RIDDER DEBUG (background_init): has_ridder=0, L[mcmc] Progress @ 2025-11-27 01:55:02 : 5011 steps taken, and 381 accepted.
ambda_EDE_ridder=0.000000e+00, f_axion_ridder=1.000000e+16, theta_i_ridder=2.500000e+00, beta_ridder=0.000000e+00
BG_INIT: entering background_checks
BG_INIT: background_checks OK
DEBUG SHOOTING CHECK: has_ridder=0, model_type=0 (unified=1), use_shooting_EDE=0
BG_INIT: entering background_solve
BACKGROUND_SOLVE ENTERED: has_ridder=0 Lambda=0.00e+00
ABOUT TO INTEGRATE: bi_size=5 has_ridder=0 Lambda=0.00e+00
DERIVS_ENTRY: call#=945000 has_ridder=0 Lambda=0.00e+00 a=1.19e-01
BG_INIT: background_solve OK
INPUT_READ: ridder_freeze_phi = 0 _TRUE_=1 (after class_read_flag)
DEBUG: Ridder field DISABLED. Lambda = 0.000000e+00
INPUT_READ: ridder_freeze_phi = 0 _TRUE_=1 (after class_read_flag)
DEBUG: Ridder field DISABLED. Lambda = 0.000000e+00, model_type not set to unified
BACKGROUND_INIT ENTERED: Lambda=0.00e+00
DEBUG BG_INIT ENTRY: model_type=0
DEBUG AFTER CHECKS: model_type=0 has_ridder=0
RIDDER DEBUG (background_init): has_ridder=0, Lambda_EDE_ridder=0.000000e+00, f_axion_ridder=1.000000e+16, theta_i_ridder=2.500000e+00, beta_ridder=0.000000e+00
BG_INIT: entering background_checks
BG_INIT: background_checks OK
DEBUG SHOOTING CHECK: has_ridder=0, model_type=0 (unified=1), use_shooting_EDE=0
BG_INIT: entering background_solve
BACKGROUND_SOLVE ENTERED: has_ridder=0 Lambda=0.00e+00
ABOUT TO INTEGRATE: bi_size=5 has_ridder=0 Lambda=0.00e+00
BG_INIT: background_solve OK
INPUT_READ: ridder_freeze_phi = 0 _TRUE_=1 (after class_read_flag)
DEBUG: Ridder field DISABLED. Lambda = 0.000000e+00
INPUT_READ: ridder_freeze_phi = 0 _TRUE_=1 (after class_read_flag)
DEBUG: Ridder field DISABLED. Lambda = 0.000000e+00, model_type not set to unified
BACKGROUND_INIT ENTERED: Lambda=0.00e+00
DEBUG BG_INIT ENTRY: model_type=0
DEBUG AFTER CHECKS: model_type=0 has_ridder=0
RIDDER DEBUG (background_init): has_ridder=0, Lambda_EDE_ridder=0.000000e+00, f_axion_ridder=1.000000e+16, theta_i_ridder=2.500000e+00, beta_ridder=0.000000e+00
BG_INIT: entering background_checks
BG_INIT: background_checks OK
DEBUG SHOOTING CHECK: has_ridder=0, model_type=0 (unified=1), use_shooting_EDE=0
BG_INIT: entering background_solve
BACKGROUND_SOLVE ENTERED: has_ridder=0 Lambda=0.00e+00
ABOUT TO INTEGRATE: bi_size=5 has_ridder=0 Lambda=0.00e+00
DERIVS_ENTRY: call#=950000 has_ridder=0 Lambda=0.00e+00 a=1.30e-08
BG_INIT: background_solve OK
INPUT_READ: ridder_freeze_phi = 0 _TRUE_=1 (after class_read_flag)
DEBUG: Ridder field DISABLED. Lambda = 0.000000e+00
INPUT_READ: ridder_freeze_phi = 0 _TRUE_=1 (after class_read_flag)
DEBUG: Ridder field DISABLED. Lambda = 0.000000e+00, model_type not set to unified
BACKGROUND_INIT ENTERED: Lambda=0.00e+00
DEBUG BG_INIT ENTRY: model_type=0
DEBUG AFTER CHECKS: model_type=0 has_ridder=0
RIDDER DEBUG (background_init): has_ridder=0, Lambda_EDE_ridder=0.000000e+00, f_axion_ridder=1.000000e+16, theta_i_ridder=2.500000e+00, beta_ridder=0.000000e+00
BG_INIT: entering background_checks
BG_INIT: background_checks OK
DEBUG SHOOTING CHECK: has_ridder=0, model_type=0 (unified=1), use_shooting_EDE=0
BG_INIT: entering background_solve
BACKGROUND_SOLVE ENTERED: has_ridder=0 Lambda=0.00e+00
ABOUT TO INTEGRATE: bi_size=5 has_ridder=0 Lambda=0.00e+00
DERIVS_ENTRY: call#=955000 has_ridder=0 Lambda=0.00e+00 a=1.99e-03
BG_INIT: background_solve OK
INPUT_READ: ridder_freeze_phi = 0 _TRUE_=1 (after class_read_flag)
DEBUG: Ridder field DISABLED. Lambda = 0.000000e+00
INPUT_READ: ridder_freeze_phi = 0 _TRUE_=1 (after class_read_flag)
DEBUG: Ridder field DISABLED. Lambda = 0.000000e+00, model_type not set to unified
BACKGROUND_INIT ENTERED: Lambda=0.00e+00
DEBUG BG_INIT ENTRY: model_type=0
DEBUG AFTER CHECKS: model_type=0 has_ridder=0
RIDDER DEBUG (background_init): has_ridder=0, Lambda_EDE_ridder=0.000000e+00, f_axion_ridder=1.000000e+16, theta_i_ridder=2.500000e+00, beta_ridder=0.000000e+00
BG_INIT: entering background_checks
BG_INIT: background_checks OK
DEBUG SHOOTING CHECK: has_ridder=0, model_type=0 (unified=1), use_shooting_EDE=0
BG_INIT: entering background_solve
BACKGROUND_SOLVE ENTERED: has_ridder=0 Lambda=0.00e+00
ABOUT TO INTEGRATE: bi_size=5 has_ridder[mcmc] Progress @ 2025-11-27 01:56:08 : 5108 steps taken, and 397 accepted.
=0 Lambda=0.00e+00
BG_INIT: background_solve OK
INPUT_READ: ridder_freeze_phi = 0 _TRUE_=1 (after class_read_flag)
DEBUG: Ridder field DISABLED. Lambda = 0.000000e+00
INPUT_READ: ridder_freeze_phi = 0 _TRUE_=1 (after class_read_flag)
DEBUG: Ridder field DISABLED. Lambda = 0.000000e+00, model_type not set to unified
BACKGROUND_INIT ENTERED: Lambda=0.00e+00
DEBUG BG_INIT ENTRY: model_type=0
DEBUG AFTER CHECKS: model_type=0 has_ridder=0
RIDDER DEBUG (background_init): has_ridder=0, Lambda_EDE_ridder=0.000000e+00, f_axion_ridder=1.000000e+16, theta_i_ridder=2.500000e+00, beta_ridder=0.000000e+00
BG_INIT: entering background_checks
BG_INIT: background_checks OK
DEBUG SHOOTING CHECK: has_ridder=0, model_type=0 (unified=1), use_shooting_EDE=0
BG_INIT: entering background_solve
BACKGROUND_SOLVE ENTERED: has_ridder=0 Lambda=0.00e+00
ABOUT TO INTEGRATE: bi_size=5 has_ridder=0 Lambda=0.00e+00
DERIVS_ENTRY: call#=960000 has_ridder=0 Lambda=0.00e+00 a=1.82e-09
BG_INIT: background_solve OK
INPUT_READ: ridder_freeze_phi = 0 _TRUE_=1 (after class_read_flag)
DEBUG: Ridder field DISABLED. Lambda = 0.000000e+00
INPUT_READ: ridder_freeze_phi = 0 _TRUE_=1 (after class_read_flag)
DEBUG: Ridder field DISABLED. Lambda = 0.000000e+00, model_type not set to unified
BACKGROUND_INIT ENTERED: Lambda=0.00e+00
DEBUG BG_INIT ENTRY: model_type=0
DEBUG AFTER CHECKS: model_type=0 has_ridder=0
RIDDER DEBUG (background_init): has_ridder=0, Lambda_EDE_ridder=0.000000e+00, f_axion_ridder=1.000000e+16, theta_i_ridder=2.500000e+00, beta_ridder=0.000000e+00
BG_INIT: entering background_checks
BG_INIT: background_checks OK
DEBUG SHOOTING CHECK: has_ridder=0, model_type=0 (unified=1), use_shooting_EDE=0
BG_INIT: entering background_solve
BACKGROUND_SOLVE ENTERED: has_ridder=0 Lambda=0.00e+00
ABOUT TO INTEGRATE: bi_size=5 has_ridder=0 Lambda=0.00e+00
DERIVS_ENTRY: call#=965000 has_ridder=0 Lambda=0.00e+00 a=8.79e-05
BG_INIT: background_solve OK
INPUT_READ: ridder_freeze_phi = 0 _TRUE_=1 (after class_read_flag)
DEBUG: Ridder field DISABLED. Lambda = 0.000000e+00
INPUT_READ: ridder_freeze_phi = 0 _TRUE_=1 (after class_read_flag)
DEBUG: Ridder field DISABLED. Lambda = 0.000000e+00, model_type not set to unified
BACKGROUND_INIT ENTERED: Lambda=0.00e+00
DEBUG BG_INIT ENTRY: model_type=0
DEBUG AFTER CHECKS: model_type=0 has_ridder=0
RIDDER DEBUG (background_init): has_ridder=0, Lambda_EDE_ridder=0.000000e+00, f_axion_ridder=1.000000e+16, theta_i_ridder=2.500000e+00, beta_ridder=0.000000e+00
BG_INIT: entering background_checks
BG_INIT: background_checks OK
DEBUG SHOOTING CHECK: has_ridder=0, model_type=0 (unified=1), use_shooting_EDE=0
BG_INIT: entering background_solve
BACKGROUND_SOLVE ENTERED: has_ridder=0 Lambda=0.00e+00
ABOUT TO INTEGRATE: bi_size=5 has_ridder=0 Lambda=0.00e+00
BG_INIT: background_solve OK
INPUT_READ: ridder_freeze_phi = 0 _TRUE_=1 (after class_read_flag)
DEBUG: Ridder field DISABLED. Lambda = 0.000000e+00
INPUT_READ: ridder_freeze_phi = 0 _TRUE_=1 (after class_read_flag)
DEBUG: Ridder field DISABLED. Lambda = 0.000000e+00, model_type not set to unified
BACKGROUND_INIT ENTERED: Lambda=0.00e+00
DEBUG BG_INIT ENTRY: model_type=0
DEBUG AFTER CHECKS: model_type=0 has_ridder=0
RIDDER DEBUG (background_init): has_ridder=0, Lambda_EDE_ridder=0.000000e+00, f_axion_ridder=1.000000e+16, theta_i_ridder=2.500000e+00, beta_ridder=0.000000e+00
BG_INIT: entering background_checks
BG_INIT: background_checks OK
DEBUG SHOOTING CHECK: has_ridder=0, model_type=0 (unified=1), use_shooting_EDE=0
BG_INIT: entering background_solve
BACKGROUND_SOLVE ENTERED: has_ridder=0 Lambda=0.00e+00
ABOUT TO INTEGRATE: bi_size=5 has_ridder=0 Lambda=0.00e+00
DERIVS_ENTRY: call#=970000 has_ridder=0 Lambda=0.00e+00 a=2.51e-10
BG_INIT: background_solve OK
INPUT_READ: ridder_freeze_phi = 0 _TRUE_=1 (after class_read_flag)
DEBUG: Ridder field DISABLED. Lambda = 0.000000e+00
INPUT_READ: ridder_freeze_phi = 0 _TRUE_=1 (after class_read_flag)
DEBUG: Ridder field DISABLED. Lambda = 0.000000e+00, model_type not set to unified
BACKGROUND_INIT ENTERED: Lambda=0.00e+00
DEBUG BG_INIT ENTRY: model_type=0[mcmc] Progress @ 2025-11-27 01:57:14 : 5225 steps taken, and 415 accepted.

DEBUG AFTER CHECKS: model_type=0 has_ridder=0
RIDDER DEBUG (background_init): has_ridder=0, Lambda_EDE_ridder=0.000000e+00, f_axion_ridder=1.000000e+16, theta_i_ridder=2.500000e+00, beta_ridder=0.000000e+00
BG_INIT: entering background_checks
BG_INIT: background_checks OK
DEBUG SHOOTING CHECK: has_ridder=0, model_type=0 (unified=1), use_shooting_EDE=0
BG_INIT: entering background_solve
BACKGROUND_SOLVE ENTERED: has_ridder=0 Lambda=0.00e+00
ABOUT TO INTEGRATE: bi_size=5 has_ridder=0 Lambda=0.00e+00
DERIVS_ENTRY: call#=975000 has_ridder=0 Lambda=0.00e+00 a=1.25e-05
BG_INIT: background_solve OK
INPUT_READ: ridder_freeze_phi = 0 _TRUE_=1 (after class_read_flag)
DEBUG: Ridder field DISABLED. Lambda = 0.000000e+00
INPUT_READ: ridder_freeze_phi = 0 _TRUE_=1 (after class_read_flag)
DEBUG: Ridder field DISABLED. Lambda = 0.000000e+00, model_type not set to unified
BACKGROUND_INIT ENTERED: Lambda=0.00e+00
DEBUG BG_INIT ENTRY: model_type=0
DEBUG AFTER CHECKS: model_type=0 has_ridder=0
RIDDER DEBUG (background_init): has_ridder=0, Lambda_EDE_ridder=0.000000e+00, f_axion_ridder=1.000000e+16, theta_i_ridder=2.500000e+00, beta_ridder=0.000000e+00
BG_INIT: entering background_checks
BG_INIT: background_checks OK
DEBUG SHOOTING CHECK: has_ridder=0, model_type=0 (unified=1), use_shooting_EDE=0
BG_INIT: entering background_solve
BACKGROUND_SOLVE ENTERED: has_ridder=0 Lambda=0.00e+00
ABOUT TO INTEGRATE: bi_size=5 has_ridder=0 Lambda=0.00e+00
BG_INIT: background_solve OK
INPUT_READ: ridder_freeze_phi = 0 _TRUE_=1 (after class_read_flag)
DEBUG: Ridder field DISABLED. Lambda = 0.000000e+00
INPUT_READ: ridder_freeze_phi = 0 _TRUE_=1 (after class_read_flag)
DEBUG: Ridder field DISABLED. Lambda = 0.000000e+00, model_type not set to unified
BACKGROUND_INIT ENTERED: Lambda=0.00e+00
DEBUG BG_INIT ENTRY: model_type=0
DEBUG AFTER CHECKS: model_type=0 has_ridder=0
RIDDER DEBUG (background_init): has_ridder=0, Lambda_EDE_ridder=0.000000e+00, f_axion_ridder=1.000000e+16, theta_i_ridder=2.500000e+00, beta_ridder=0.000000e+00
BG_INIT: entering background_checks
BG_INIT: background_checks OK
DEBUG SHOOTING CHECK: has_ridder=0, model_type=0 (unified=1), use_shooting_EDE=0
BG_INIT: entering background_solve
BACKGROUND_SOLVE ENTERED: has_ridder=0 Lambda=0.00e+00
ABOUT TO INTEGRATE: bi_size=5 has_ridder=0 Lambda=0.00e+00
DERIVS_ENTRY: call#=980000 has_ridder=0 Lambda=0.00e+00 a=2.77e-11
BG_INIT: background_solve OK
INPUT_READ: ridder_freeze_phi = 0 _TRUE_=1 (after class_read_flag)
DEBUG: Ridder field DISABLED. Lambda = 0.000000e+00
INPUT_READ: ridder_freeze_phi = 0 _TRUE_=1 (after class_read_flag)
DEBUG: Ridder field DISABLED. Lambda = 0.000000e+00, model_type not set to unified
BACKGROUND_INIT ENTERED: Lambda=0.00e+00
DEBUG BG_INIT ENTRY: model_type=0
DEBUG AFTER CHECKS: model_type=0 has_ridder=0
RIDDER DEBUG (background_init): has_ridder=0, Lambda_EDE_ridder=0.000000e+00, f_axion_ridder=1.000000e+16, theta_i_ridder=2.500000e+00, beta_ridder=0.000000e+00
BG_INIT: entering background_checks
BG_INIT: background_checks OK
DEBUG SHOOTING CHECK: has_ridder=0, model_type=0 (unified=1), use_shooting_EDE=0
BG_INIT: entering background_solve
BACKGROUND_SOLVE ENTERED: has_ridder=0 Lambda=0.00e+00
ABOUT TO INTEGRATE: bi_size=5 has_ridder=0 Lambda=0.00e+00
DERIVS_ENTRY: call#=985000 has_ridder=0 Lambda=0.00e+00 a=1.93e-06
BG_INIT: background_solve OK
INPUT_READ: ridder_freeze_phi = 0 _TRUE_=1 (after class_read_flag)
DEBUG: Ridder field DISABLED. Lambda = 0.000000e+00
INPUT_READ: ridder_freeze_phi = 0 _TRUE_=1 (after class_read_flag)
DEBUG: Ridder field DISABLED. Lambda = 0.000000e+00, model_type not set to unified
BACKGROUND_INIT ENTERED: Lambda=0.00e+00
DEBUG BG_INIT ENTRY: model_type=0
DEBUG AFTER CHECKS: model_type=0 has_ridder=0
RIDDER DEBUG (background_init): has_ridder=0, Lambda_EDE_ridder=0.000000e+00, f_axion_ridder=1.000000e+16, theta_i_ridder=2.500000e+00, beta_ridder=0.000000e+00
BG_INIT: entering background_checks
BG_INIT: background_checks OK
DEBUG SHOOTING CHECK: has_ridder=0, model_type=0 (unified=1), use_shooting_EDE=0
BG_INIT: entering background_solve
B[mcmc] Progress @ 2025-11-27 01:58:14 : 5331 steps taken, and 433 accepted.
ACKGROUND_SOLVE ENTERED: has_ridder=0 Lambda=0.00e+00
ABOUT TO INTEGRATE: bi_size=5 has_ridder=0 Lambda=0.00e+00
BG_INIT: background_solve OK
INPUT_READ: ridder_freeze_phi = 0 _TRUE_=1 (after class_read_flag)
DEBUG: Ridder field DISABLED. Lambda = 0.000000e+00
INPUT_READ: ridder_freeze_phi = 0 _TRUE_=1 (after class_read_flag)
DEBUG: Ridder field DISABLED. Lambda = 0.000000e+00, model_type not set to unified
BACKGROUND_INIT ENTERED: Lambda=0.00e+00
DEBUG BG_INIT ENTRY: model_type=0
DEBUG AFTER CHECKS: model_type=0 has_ridder=0
RIDDER DEBUG (background_init): has_ridder=0, Lambda_EDE_ridder=0.000000e+00, f_axion_ridder=1.000000e+16, theta_i_ridder=2.500000e+00, beta_ridder=0.000000e+00
BG_INIT: entering background_checks
BG_INIT: background_checks OK
DEBUG SHOOTING CHECK: has_ridder=0, model_type=0 (unified=1), use_shooting_EDE=0
BG_INIT: entering background_solve
BACKGROUND_SOLVE ENTERED: has_ridder=0 Lambda=0.00e+00
ABOUT TO INTEGRATE: bi_size=5 has_ridder=0 Lambda=0.00e+00
DERIVS_ENTRY: call#=990000 has_ridder=0 Lambda=0.00e+00 a=4.60e-14
BG_INIT: background_solve OK
INPUT_READ: ridder_freeze_phi = 0 _TRUE_=1 (after class_read_flag)
DEBUG: Ridder field DISABLED. Lambda = 0.000000e+00
INPUT_READ: ridder_freeze_phi = 0 _TRUE_=1 (after class_read_flag)
DEBUG: Ridder field DISABLED. Lambda = 0.000000e+00, model_type not set to unified
BACKGROUND_INIT ENTERED: Lambda=0.00e+00
DEBUG BG_INIT ENTRY: model_type=0
DEBUG AFTER CHECKS: model_type=0 has_ridder=0
RIDDER DEBUG (background_init): has_ridder=0, Lambda_EDE_ridder=0.000000e+00, f_axion_ridder=1.000000e+16, theta_i_ridder=2.500000e+00, beta_ridder=0.000000e+00
BG_INIT: entering background_checks
BG_INIT: background_checks OK
DEBUG SHOOTING CHECK: has_ridder=0, model_type=0 (unified=1), use_shooting_EDE=0
BG_INIT: entering background_solve
BACKGROUND_SOLVE ENTERED: has_ridder=0 Lambda=0.00e+00
ABOUT TO INTEGRATE: bi_size=5 has_ridder=0 Lambda=0.00e+00
DERIVS_ENTRY: call#=995000 has_ridder=0 Lambda=0.00e+00 a=2.74e-07
BG_INIT: background_solve OK
INPUT_READ: ridder_freeze_phi = 0 _TRUE_=1 (after class_read_flag)
DEBUG: Ridder field DISABLED. Lambda = 0.000000e+00
INPUT_READ: ridder_freeze_phi = 0 _TRUE_=1 (after class_read_flag)
DEBUG: Ridder field DISABLED. Lambda = 0.000000e+00, model_type not set to unified
BACKGROUND_INIT ENTERED: Lambda=0.00e+00
DEBUG BG_INIT ENTRY: model_type=0
DEBUG AFTER CHECKS: model_type=0 has_ridder=0
RIDDER DEBUG (background_init): has_ridder=0, Lambda_EDE_ridder=0.000000e+00, f_axion_ridder=1.000000e+16, theta_i_ridder=2.500000e+00, beta_ridder=0.000000e+00
BG_INIT: entering background_checks
BG_INIT: background_checks OK
DEBUG SHOOTING CHECK: has_ridder=0, model_type=0 (unified=1), use_shooting_EDE=0
BG_INIT: entering background_solve
BACKGROUND_SOLVE ENTERED: has_ridder=0 Lambda=0.00e+00
ABOUT TO INTEGRATE: bi_size=5 has_ridder=0 Lambda=0.00e+00
DERIVS_ENTRY: call#=1000000 has_ridder=0 Lambda=0.00e+00 a=3.99e-01
BG_INIT: background_solve OK
INPUT_READ: ridder_freeze_phi = 0 _TRUE_=1 (after class_read_flag)
DEBUG: Ridder field DISABLED. Lambda = 0.000000e+00
INPUT_READ: ridder_freeze_phi = 0 _TRUE_=1 (after class_read_flag)
DEBUG: Ridder field DISABLED. Lambda = 0.000000e+00, model_type not set to unified
BACKGROUND_INIT ENTERED: Lambda=0.00e+00
DEBUG BG_INIT ENTRY: model_type=0
DEBUG AFTER CHECKS: model_type=0 has_ridder=0
RIDDER DEBUG (background_init): has_ridder=0, Lambda_EDE_ridder=0.000000e+00, f_axion_ridder=1.000000e+16, theta_i_ridder=2.500000e+00, beta_ridder=0.000000e+00
BG_INIT: entering background_checks
BG_INIT: background_checks OK
DEBUG SHOOTING CHECK: has_ridder=0, model_type=0 (unified=1), use_shooting_EDE=0
BG_INIT: entering background_solve
BACKGROUND_SOLVE ENTERED: has_ridder=0 Lambda=0.00e+00
ABOUT TO INTEGRATE: bi_size=5 has_ridder=0 Lambda=0.00e+00
BG_INIT: background_solve OK
INPUT_READ: ridder_freeze_phi = 0 _TRUE_=1 (after class_read_flag)
DEBUG: Ridder field DISABLED. Lambda = 0.000000e+00
INPUT_READ: ridder_freeze_phi = 0 _TRUE_=1 (after class_read_flag)
DEBUG: Ridder field DISABLED. Lambda = 0.000000e+00, model_type not set to unified
BACKGROUND_INIT ENTERED: Lambda=0.00e+00
DEBUG BG_INIT ENTRY: model_type=0
DEBUG AFTER CHECKS: model_type=0 has_ridder=0
RIDDER DEBUG (background_init): has_ridder=0, Lambda_EDE_ridder=0.000000e+00, f_axion_ridder=1.000000e+16, theta_i_ridder=2.500000e+00, beta_ridder=0.000000e+00
BG_INIT: entering background_checks
BG_INIT: background_checks OK
DEBUG SHOOTING CHECK: has_ridder=0, model_type=0 (unified=1), use_shooting_EDE=0
BG_INIT: entering background_solve
BACKGROUND_SOLVE ENTERED: has_ridder=0 Lambda=0.00e+00
ABOUT TO INTEGRATE: bi_size=5 has_ridder=0 Lambda=0.00e+00
DERIVS_ENTRY: call#=1005000 has_ridder=0 Lambda=0.00e+00 a=4.00e-08
BG_INIT: background_solve OK
INPUT_READ: ridder_freeze_phi = 0 _TRUE_=1 (after class_read_flag)
DEBUG: Ridder field DISABLED. Lambda = 0.000000e+00
INPUT_READ: ridder_freeze_phi = 0 _TRUE_=1 (after class_read_flag)
DEBUG: Ridder field DISABLED. Lambda = 0.000000e+00, model_type not set to unified
BACKGROUND_INIT ENTERED: Lambda=0.00e+00
DEBUG BG_INIT ENTRY: model_type=0
DEBUG AFTER CHECKS: model_type=0 has_ridder=0
RIDDER DEBUG (background_init): has_ridder=0, Lambda_EDE_ridder=0.000000e+00, f_axion_ridder=1.000000e+16, theta_i_ridder=2.500000e+00, beta_ridder=0.000000e+00
BG_INIT: entering background_checks
BG_INIT: background_checks OK
DEBUG SHOOTING CHECK: has_ridder=0, model_type=0 (unified=1), use_shooting_EDE=0
BG_INIT: entering background_solve
BACKGROUND_SOLVE ENTERED: has_ridder=0 Lambda=0.00e+00
ABOUT TO INTEGRATE: bi_size=5 has_ridder=0 Lambda=0.00e+00
DERIVS_ENTRY: call#=1010000 has_ridder=0 Lambda=0.00e+00 a=2.22e-02
BG_INIT: background_solve OK
INPUT_READ: ridder_freeze_phi = 0 _TRUE_=1 (after class_read_flag)
DEBUG: Ridder field DISABLED. Lambda = 0.000000e+00
INPUT_READ: ridder_freeze_phi = 0 _TRUE_=1 (after class_read_flag)
DEBUG: Ridder field DISABLED. Lambda = 0.000000e+00, model_type not set to unified
BACKGROUND_INIT ENTERED: Lambda=0.00e+00
DEBUG BG_INIT ENTRY: model_type=0
DEBUG AFTER CHECKS: model_type=0 has_ridder=0
RIDDER DEBUG (background_init): has_ridder=0, Lambda_EDE_ridder=0.000000e+00, f_axion_ridder=1.000000e+16, theta_i_ridder=2.500000e+00, beta_ridder=0.000000e+00
BG_INIT: entering background_checks
BG_INIT: background_checks OK
DEBUG SHOOTING CHECK: has_ridder=0, model_type=0 (unified=1), use_shooting_EDE=0
BG_INIT: entering background_solve
BACKGROUND_SOLVE ENTERED: has_ridder=0 Lambda=0.00e+00
ABOUT TO INTEGRATE: bi_size=5 has_ridder=0 Lambda=0.00e+00
BG_INIT: background_solve OK
INPUT_READ: ridder_freeze_phi = 0 _TRUE_=1 (after class_read_flag)
DEBUG: Ridder field DISABLED. Lambda = 0.000000e+00
INPUT_READ: ridder_freeze_phi = 0 _TRUE_=1 (after class_read_flag)
DEBUG: Ridder field DISABLED. Lambda = 0.000000e+00, model_type not set to unified
BACKGROUND_INIT ENTERED: Lambda=0.00e+00
DEBUG BG_INIT ENTRY: model_type=0
DEBUG AFTER CHECKS: model_type=0 has_ridder=0
RIDDER DEBUG (background_init): has_ridder=0, Lambda_EDE_ridder=0.000000e+00, f_axion_ridder=1.000000e+16, theta_i_ridder=2.500000e+00, beta_ridder=0.000000e+00
BG_INIT: entering background_checks
BG_INIT: background_checks OK
DEBUG SHOOTING CHECK: has_ridder=0, model_type=0 (unified=1), use_shooting_EDE=0
BG_INIT: entering background_solve
BACKGROUND_SOLVE ENTERED: has_ridder=0 Lambda=0.00e+00
ABOUT TO INTEGRATE: bi_size=5 has_ridder=0 Lambda=0.00e+00
DERIVS_ENTRY: call#=1015000 has_ridder=0 Lambda=0.00e+00 a=6.08e-09
BG_INIT: background_solve OK
INPUT_READ: ridder_freeze_phi = 0 _TRUE_=1 (after class_read_flag)
DEBUG: Ridder field DISABLED. Lambda = 0.000000e+00
INPUT_READ: ridder_freeze_phi = 0 _TRUE_=1 (after class_read_flag)
DEBUG: Ridder field DISABLED. Lambda = 0.000000e+00, model_type not set to unified
BACKGROUND_INIT ENTERED: Lambda=0.00e+00
DEBUG BG_INIT ENTRY: model_type=0
DEBUG AFTER CHECKS: model_type=0 has_ridder=0
RIDDER DEBUG (background_init): has_ridder=0, Lambda_EDE_ridder=0.000000e+00, f_axion_ridder=1.000000e+16, theta_i_ridder=2.500000e+00, beta_ridder=0.000000e+00
BG_INIT: entering background_checks
BG_INIT: background_checks OK
DEBUG SHOOTING CHEC[mcmc] Progress @ 2025-11-27 01:59:17 : 5402 steps taken, and 442 accepted.
K: has_ridder=0, model_type=0 (unified=1), use_shooting_EDE=0
BG_INIT: entering background_solve
BACKGROUND_SOLVE ENTERED: has_ridder=0 Lambda=0.00e+00
ABOUT TO INTEGRATE: bi_size=5 has_ridder=0 Lambda=0.00e+00
DERIVS_ENTRY: call#=1020000 has_ridder=0 Lambda=0.00e+00 a=4.32e-04
BG_INIT: background_solve OK
INPUT_READ: ridder_freeze_phi = 0 _TRUE_=1 (after class_read_flag)
DEBUG: Ridder field DISABLED. Lambda = 0.000000e+00
INPUT_READ: ridder_freeze_phi = 0 _TRUE_=1 (after class_read_flag)
DEBUG: Ridder field DISABLED. Lambda = 0.000000e+00, model_type not set to unified
BACKGROUND_INIT ENTERED: Lambda=0.00e+00
DEBUG BG_INIT ENTRY: model_type=0
DEBUG AFTER CHECKS: model_type=0 has_ridder=0
RIDDER DEBUG (background_init): has_ridder=0, Lambda_EDE_ridder=0.000000e+00, f_axion_ridder=1.000000e+16, theta_i_ridder=2.500000e+00, beta_ridder=0.000000e+00
BG_INIT: entering background_checks
BG_INIT: background_checks OK
DEBUG SHOOTING CHECK: has_ridder=0, model_type=0 (unified=1), use_shooting_EDE=0
BG_INIT: entering background_solve
BACKGROUND_SOLVE ENTERED: has_ridder=0 Lambda=0.00e+00
ABOUT TO INTEGRATE: bi_size=5 has_ridder=0 Lambda=0.00e+00
BG_INIT: background_solve OK
INPUT_READ: ridder_freeze_phi = 0 _TRUE_=1 (after class_read_flag)
DEBUG: Ridder field DISABLED. Lambda = 0.000000e+00
INPUT_READ: ridder_freeze_phi = 0 _TRUE_=1 (after class_read_flag)
DEBUG: Ridder field DISABLED. Lambda = 0.000000e+00, model_type not set to unified
BACKGROUND_INIT ENTERED: Lambda=0.00e+00
DEBUG BG_INIT ENTRY: model_type=0
DEBUG AFTER CHECKS: model_type=0 has_ridder=0
RIDDER DEBUG (background_init): has_ridder=0, Lambda_EDE_ridder=0.000000e+00, f_axion_ridder=1.000000e+16, theta_i_ridder=2.500000e+00, beta_ridder=0.000000e+00
BG_INIT: entering background_checks
BG_INIT: background_checks OK
DEBUG SHOOTING CHECK: has_ridder=0, model_type=0 (unified=1), use_shooting_EDE=0
BG_INIT: entering background_solve
BACKGROUND_SOLVE ENTERED: has_ridder=0 Lambda=0.00e+00
ABOUT TO INTEGRATE: bi_size=5 has_ridder=0 Lambda=0.00e+00
DERIVS_ENTRY: call#=1025000 has_ridder=0 Lambda=0.00e+00 a=8.64e-10
BG_INIT: background_solve OK
INPUT_READ: ridder_freeze_phi = 0 _TRUE_=1 (after class_read_flag)
DEBUG: Ridder field DISABLED. Lambda = 0.000000e+00
INPUT_READ: ridder_freeze_phi = 0 _TRUE_=1 (after class_read_flag)
DEBUG: Ridder field DISABLED. Lambda = 0.000000e+00, model_type not set to unified
BACKGROUND_INIT ENTERED: Lambda=0.00e+00
DEBUG BG_INIT ENTRY: model_type=0
DEBUG AFTER CHECKS: model_type=0 has_ridder=0
RIDDER DEBUG (background_init): has_ridder=0, Lambda_EDE_ridder=0.000000e+00, f_axion_ridder=1.000000e+16, theta_i_ridder=2.500000e+00, beta_ridder=0.000000e+00
BG_INIT: entering background_checks
BG_INIT: background_checks OK
DEBUG SHOOTING CHECK: has_ridder=0, model_type=0 (unified=1), use_shooting_EDE=0
BG_INIT: entering background_solve
BACKGROUND_SOLVE ENTERED: has_ridder=0 Lambda=0.00e+00
ABOUT TO INTEGRATE: bi_size=5 has_ridder=0 Lambda=0.00e+00
DERIVS_ENTRY: call#=1030000 has_ridder=0 Lambda=0.00e+00 a=4.48e-05
BG_INIT: background_solve OK
INPUT_READ: ridder_freeze_phi = 0 _TRUE_=1 (after class_read_flag)
DEBUG: Ridder field DISABLED. Lambda = 0.000000e+00
INPUT_READ: ridder_freeze_phi = 0 _TRUE_=1 (after class_read_flag)
DEBUG: Ridder field DISABLED. Lambda = 0.000000e+00, model_type not set to unified
BACKGROUND_INIT ENTERED: Lambda=0.00e+00
DEBUG BG_INIT ENTRY: model_type=0
DEBUG AFTER CHECKS: model_type=0 has_ridder=0
RIDDER DEBUG (background_init): has_ridder=0, Lambda_EDE_ridder=0.000000e+00, f_axion_ridder=1.000000e+16, theta_i_ridder=2.500000e+00, beta_ridder=0.000000e+00
BG_INIT: entering background_checks
BG_INIT: background_checks OK
DEBUG SHOOTING CHECK: has_ridder=0, model_type=0 (unified=1), use_shooting_EDE=0
BG_INIT: entering background_solve
BACKGROUND_SOLVE ENTERED: has_ridder=0 Lambda=0.00e+00
ABOUT TO INTEGRATE: bi_size=5 has_ridder=0 Lambda=0.00e+00
BG_INIT: background_solve OK
INPUT_READ: ridder_freeze_phi = 0 _TRUE_=1 (after class_read_flag)
DEBUG: Ridder field DISABLED. Lambda = 0.000000e+00
INPUT_READ: ridder_freeze_phi[mcmc] Progress @ 2025-11-27 02:00:20 : 5527 steps taken, and 458 accepted.
 = 0 _TRUE_=1 (after class_read_flag)
DEBUG: Ridder field DISABLED. Lambda = 0.000000e+00, model_type not set to unified
BACKGROUND_INIT ENTERED: Lambda=0.00e+00
DEBUG BG_INIT ENTRY: model_type=0
DEBUG AFTER CHECKS: model_type=0 has_ridder=0
RIDDER DEBUG (background_init): has_ridder=0, Lambda_EDE_ridder=0.000000e+00, f_axion_ridder=1.000000e+16, theta_i_ridder=2.500000e+00, beta_ridder=0.000000e+00
BG_INIT: entering background_checks
BG_INIT: background_checks OK
DEBUG SHOOTING CHECK: has_ridder=0, model_type=0 (unified=1), use_shooting_EDE=0
BG_INIT: entering background_solve
BACKGROUND_SOLVE ENTERED: has_ridder=0 Lambda=0.00e+00
ABOUT TO INTEGRATE: bi_size=5 has_ridder=0 Lambda=0.00e+00
DERIVS_ENTRY: call#=1035000 has_ridder=0 Lambda=0.00e+00 a=1.30e-10
BG_INIT: background_solve OK
INPUT_READ: ridder_freeze_phi = 0 _TRUE_=1 (after class_read_flag)
DEBUG: Ridder field DISABLED. Lambda = 0.000000e+00
INPUT_READ: ridder_freeze_phi = 0 _TRUE_=1 (after class_read_flag)
DEBUG: Ridder field DISABLED. Lambda = 0.000000e+00, model_type not set to unified
BACKGROUND_INIT ENTERED: Lambda=0.00e+00
DEBUG BG_INIT ENTRY: model_type=0
DEBUG AFTER CHECKS: model_type=0 has_ridder=0
RIDDER DEBUG (background_init): has_ridder=0, Lambda_EDE_ridder=0.000000e+00, f_axion_ridder=1.000000e+16, theta_i_ridder=2.500000e+00, beta_ridder=0.000000e+00
BG_INIT: entering background_checks
BG_INIT: background_checks OK
DEBUG SHOOTING CHECK: has_ridder=0, model_type=0 (unified=1), use_shooting_EDE=0
BG_INIT: entering background_solve
BACKGROUND_SOLVE ENTERED: has_ridder=0 Lambda=0.00e+00
ABOUT TO INTEGRATE: bi_size=5 has_ridder=0 Lambda=0.00e+00
DERIVS_ENTRY: call#=1040000 has_ridder=0 Lambda=0.00e+00 a=6.20e-06
BG_INIT: background_solve OK
INPUT_READ: ridder_freeze_phi = 0 _TRUE_=1 (after class_read_flag)
DEBUG: Ridder field DISABLED. Lambda = 0.000000e+00
INPUT_READ: ridder_freeze_phi = 0 _TRUE_=1 (after class_read_flag)
DEBUG: Ridder field DISABLED. Lambda = 0.000000e+00, model_type not set to unified
BACKGROUND_INIT ENTERED: Lambda=0.00e+00
DEBUG BG_INIT ENTRY: model_type=0
DEBUG AFTER CHECKS: model_type=0 has_ridder=0
RIDDER DEBUG (background_init): has_ridder=0, Lambda_EDE_ridder=0.000000e+00, f_axion_ridder=1.000000e+16, theta_i_ridder=2.500000e+00, beta_ridder=0.000000e+00
BG_INIT: entering background_checks
BG_INIT: background_checks OK
DEBUG SHOOTING CHECK: has_ridder=0, model_type=0 (unified=1), use_shooting_EDE=0
BG_INIT: entering background_solve
BACKGROUND_SOLVE ENTERED: has_ridder=0 Lambda=0.00e+00
ABOUT TO INTEGRATE: bi_size=5 has_ridder=0 Lambda=0.00e+00
BG_INIT: background_solve OK
INPUT_READ: ridder_freeze_phi = 0 _TRUE_=1 (after class_read_flag)
DEBUG: Ridder field DISABLED. Lambda = 0.000000e+00
INPUT_READ: ridder_freeze_phi = 0 _TRUE_=1 (after class_read_flag)
DEBUG: Ridder field DISABLED. Lambda = 0.000000e+00, model_type not set to unified
BACKGROUND_INIT ENTERED: Lambda=0.00e+00
DEBUG BG_INIT ENTRY: model_type=0
DEBUG AFTER CHECKS: model_type=0 has_ridder=0
RIDDER DEBUG (background_init): has_ridder=0, Lambda_EDE_ridder=0.000000e+00, f_axion_ridder=1.000000e+16, theta_i_ridder=2.500000e+00, beta_ridder=0.000000e+00
BG_INIT: entering background_checks
BG_INIT: background_checks OK
DEBUG SHOOTING CHECK: has_ridder=0, model_type=0 (unified=1), use_shooting_EDE=0
BG_INIT: entering background_solve
BACKGROUND_SOLVE ENTERED: has_ridder=0 Lambda=0.00e+00
ABOUT TO INTEGRATE: bi_size=5 has_ridder=0 Lambda=0.00e+00
DERIVS_ENTRY: call#=1045000 has_ridder=0 Lambda=0.00e+00 a=3.07e-12
BG_INIT: background_solve OK
INPUT_READ: ridder_freeze_phi = 0 _TRUE_=1 (after class_read_flag)
DEBUG: Ridder field DISABLED. Lambda = 0.000000e+00
INPUT_READ: ridder_freeze_phi = 0 _TRUE_=1 (after class_read_flag)
DEBUG: Ridder field DISABLED. Lambda = 0.000000e+00, model_type not set to unified
BACKGROUND_INIT ENTERED: Lambda=0.00e+00
DEBUG BG_INIT ENTRY: model_type=0
DEBUG AFTER CHECKS: model_type=0 has_ridder=0
RIDDER DEBUG (background_init): has_ridder=0, Lambda_EDE_ridder=0.000000e+00, f_axion_ridder=1.000000e+16, theta_i_ridder=2.500000e+00, beta_ridde[mcmc] Progress @ 2025-11-27 02:01:21 : 5630 steps taken, and 473 accepted.
r=0.000000e+00
BG_INIT: entering background_checks
BG_INIT: background_checks OK
DEBUG SHOOTING CHECK: has_ridder=0, model_type=0 (unified=1), use_shooting_EDE=0
BG_INIT: entering background_solve
BACKGROUND_SOLVE ENTERED: has_ridder=0 Lambda=0.00e+00
ABOUT TO INTEGRATE: bi_size=5 has_ridder=0 Lambda=0.00e+00
DERIVS_ENTRY: call#=1050000 has_ridder=0 Lambda=0.00e+00 a=9.30e-07
BG_INIT: background_solve OK
INPUT_READ: ridder_freeze_phi = 0 _TRUE_=1 (after class_read_flag)
DEBUG: Ridder field DISABLED. Lambda = 0.000000e+00
INPUT_READ: ridder_freeze_phi = 0 _TRUE_=1 (after class_read_flag)
DEBUG: Ridder field DISABLED. Lambda = 0.000000e+00, model_type not set to unified
BACKGROUND_INIT ENTERED: Lambda=0.00e+00
DEBUG BG_INIT ENTRY: model_type=0
DEBUG AFTER CHECKS: model_type=0 has_ridder=0
RIDDER DEBUG (background_init): has_ridder=0, Lambda_EDE_ridder=0.000000e+00, f_axion_ridder=1.000000e+16, theta_i_ridder=2.500000e+00, beta_ridder=0.000000e+00
BG_INIT: entering background_checks
BG_INIT: background_checks OK
DEBUG SHOOTING CHECK: has_ridder=0, model_type=0 (unified=1), use_shooting_EDE=0
BG_INIT: entering background_solve
BACKGROUND_SOLVE ENTERED: has_ridder=0 Lambda=0.00e+00
ABOUT TO INTEGRATE: bi_size=5 has_ridder=0 Lambda=0.00e+00
BG_INIT: background_solve OK
INPUT_READ: ridder_freeze_phi = 0 _TRUE_=1 (after class_read_flag)
DEBUG: Ridder field DISABLED. Lambda = 0.000000e+00
INPUT_READ: ridder_freeze_phi = 0 _TRUE_=1 (after class_read_flag)
DEBUG: Ridder field DISABLED. Lambda = 0.000000e+00, model_type not set to unified
BACKGROUND_INIT ENTERED: Lambda=0.00e+00
DEBUG BG_INIT ENTRY: model_type=0
DEBUG AFTER CHECKS: model_type=0 has_ridder=0
RIDDER DEBUG (background_init): has_ridder=0, Lambda_EDE_ridder=0.000000e+00, f_axion_ridder=1.000000e+16, theta_i_ridder=2.500000e+00, beta_ridder=0.000000e+00
BG_INIT: entering background_checks
BG_INIT: background_checks OK
DEBUG SHOOTING CHECK: has_ridder=0, model_type=0 (unified=1), use_shooting_EDE=0
BG_INIT: entering background_solve
BACKGROUND_SOLVE ENTERED: has_ridder=0 Lambda=0.00e+00
ABOUT TO INTEGRATE: bi_size=5 has_ridder=0 Lambda=0.00e+00
DERIVS_ENTRY: call#=1055000 has_ridder=0 Lambda=0.00e+00 a=1.00e-14
BG_INIT: background_solve OK
INPUT_READ: ridder_freeze_phi = 0 _TRUE_=1 (after class_read_flag)
DEBUG: Ridder field DISABLED. Lambda = 0.000000e+00
INPUT_READ: ridder_freeze_phi = 0 _TRUE_=1 (after class_read_flag)
DEBUG: Ridder field DISABLED. Lambda = 0.000000e+00, model_type not set to unified
BACKGROUND_INIT ENTERED: Lambda=0.00e+00
DEBUG BG_INIT ENTRY: model_type=0
DEBUG AFTER CHECKS: model_type=0 has_ridder=0
RIDDER DEBUG (background_init): has_ridder=0, Lambda_EDE_ridder=0.000000e+00, f_axion_ridder=1.000000e+16, theta_i_ridder=2.500000e+00, beta_ridder=0.000000e+00
BG_INIT: entering background_checks
BG_INIT: background_checks OK
DEBUG SHOOTING CHECK: has_ridder=0, model_type=0 (unified=1), use_shooting_EDE=0
BG_INIT: entering background_solve
BACKGROUND_SOLVE ENTERED: has_ridder=0 Lambda=0.00e+00
ABOUT TO INTEGRATE: bi_size=5 has_ridder=0 Lambda=0.00e+00
DERIVS_ENTRY: call#=1060000 has_ridder=0 Lambda=0.00e+00 a=1.34e-07
BG_INIT: background_solve OK
INPUT_READ: ridder_freeze_phi = 0 _TRUE_=1 (after class_read_flag)
DEBUG: Ridder field DISABLED. Lambda = 0.000000e+00
INPUT_READ: ridder_freeze_phi = 0 _TRUE_=1 (after class_read_flag)
DEBUG: Ridder field DISABLED. Lambda = 0.000000e+00, model_type not set to unified
BACKGROUND_INIT ENTERED: Lambda=0.00e+00
DEBUG BG_INIT ENTRY: model_type=0
DEBUG AFTER CHECKS: model_type=0 has_ridder=0
RIDDER DEBUG (background_init): has_ridder=0, Lambda_EDE_ridder=0.000000e+00, f_axion_ridder=1.000000e+16, theta_i_ridder=2.500000e+00, beta_ridder=0.000000e+00
BG_INIT: entering background_checks
BG_INIT: background_checks OK
DEBUG SHOOTING CHECK: has_ridder=0, model_type=0 (unified=1), use_shooting_EDE=0
BG_INIT: entering background_solve
BACKGROUND_SOLVE ENTERED: has_ridder=0 Lambda=0.00e+00
ABOUT TO INTEGRATE: bi_size=5 has_ridder=0 Lambda=0.00e+00
DERIVS_ENTRY: call#=1065000 has_ridder=0 Lambda=0.00e+00 a=1.91e-01
BG_INIT: [mcmc] Progress @ 2025-11-27 02:02:21 : 5717 steps taken, and 486 accepted.
background_solve OK
INPUT_READ: ridder_freeze_phi = 0 _TRUE_=1 (after class_read_flag)
DEBUG: Ridder field DISABLED. Lambda = 0.000000e+00
INPUT_READ: ridder_freeze_phi = 0 _TRUE_=1 (after class_read_flag)
DEBUG: Ridder field DISABLED. Lambda = 0.000000e+00, model_type not set to unified
BACKGROUND_INIT ENTERED: Lambda=0.00e+00
DEBUG BG_INIT ENTRY: model_type=0
DEBUG AFTER CHECKS: model_type=0 has_ridder=0
RIDDER DEBUG (background_init): has_ridder=0, Lambda_EDE_ridder=0.000000e+00, f_axion_ridder=1.000000e+16, theta_i_ridder=2.500000e+00, beta_ridder=0.000000e+00
BG_INIT: entering background_checks
BG_INIT: background_checks OK
DEBUG SHOOTING CHECK: has_ridder=0, model_type=0 (unified=1), use_shooting_EDE=0
BG_INIT: entering background_solve
BACKGROUND_SOLVE ENTERED: has_ridder=0 Lambda=0.00e+00
ABOUT TO INTEGRATE: bi_size=5 has_ridder=0 Lambda=0.00e+00
BG_INIT: background_solve OK
INPUT_READ: ridder_freeze_phi = 0 _TRUE_=1 (after class_read_flag)
DEBUG: Ridder field DISABLED. Lambda = 0.000000e+00
INPUT_READ: ridder_freeze_phi = 0 _TRUE_=1 (after class_read_flag)
DEBUG: Ridder field DISABLED. Lambda = 0.000000e+00, model_type not set to unified
BACKGROUND_INIT ENTERED: Lambda=0.00e+00
DEBUG BG_INIT ENTRY: model_type=0
DEBUG AFTER CHECKS: model_type=0 has_ridder=0
RIDDER DEBUG (background_init): has_ridder=0, Lambda_EDE_ridder=0.000000e+00, f_axion_ridder=1.000000e+16, theta_i_ridder=2.500000e+00, beta_ridder=0.000000e+00
BG_INIT: entering background_checks
BG_INIT: background_checks OK
DEBUG SHOOTING CHECK: has_ridder=0, model_type=0 (unified=1), use_shooting_EDE=0
BG_INIT: entering background_solve
BACKGROUND_SOLVE ENTERED: has_ridder=0 Lambda=0.00e+00
ABOUT TO INTEGRATE: bi_size=5 has_ridder=0 Lambda=0.00e+00
DERIVS_ENTRY: call#=1070000 has_ridder=0 Lambda=0.00e+00 a=1.85e-08
BG_INIT: background_solve OK
INPUT_READ: ridder_freeze_phi = 0 _TRUE_=1 (after class_read_flag)
DEBUG: Ridder field DISABLED. Lambda = 0.000000e+00
INPUT_READ: ridder_freeze_phi = 0 _TRUE_=1 (after class_read_flag)
DEBUG: Ridder field DISABLED. Lambda = 0.000000e+00, model_type not set to unified
BACKGROUND_INIT ENTERED: Lambda=0.00e+00
DEBUG BG_INIT ENTRY: model_type=0
DEBUG AFTER CHECKS: model_type=0 has_ridder=0
RIDDER DEBUG (background_init): has_ridder=0, Lambda_EDE_ridder=0.000000e+00, f_axion_ridder=1.000000e+16, theta_i_ridder=2.500000e+00, beta_ridder=0.000000e+00
BG_INIT: entering background_checks
BG_INIT: background_checks OK
DEBUG SHOOTING CHECK: has_ridder=0, model_type=0 (unified=1), use_shooting_EDE=0
BG_INIT: entering background_solve
BACKGROUND_SOLVE ENTERED: has_ridder=0 Lambda=0.00e+00
ABOUT TO INTEGRATE: bi_size=5 has_ridder=0 Lambda=0.00e+00
DERIVS_ENTRY: call#=1075000 has_ridder=0 Lambda=0.00e+00 a=4.46e-03
BG_INIT: background_solve OK
INPUT_READ: ridder_freeze_phi = 0 _TRUE_=1 (after class_read_flag)
DEBUG: Ridder field DISABLED. Lambda = 0.000000e+00
INPUT_READ: ridder_freeze_phi = 0 _TRUE_=1 (after class_read_flag)
DEBUG: Ridder field DISABLED. Lambda = 0.000000e+00, model_type not set to unified
BACKGROUND_INIT ENTERED: Lambda=0.00e+00
DEBUG BG_INIT ENTRY: model_type=0
DEBUG AFTER CHECKS: model_type=0 has_ridder=0
RIDDER DEBUG (background_init): has_ridder=0, Lambda_EDE_ridder=0.000000e+00, f_axion_ridder=1.000000e+16, theta_i_ridder=2.500000e+00, beta_ridder=0.000000e+00
BG_INIT: entering background_checks
BG_INIT: background_checks OK
DEBUG SHOOTING CHECK: has_ridder=0, model_type=0 (unified=1), use_shooting_EDE=0
BG_INIT: entering background_solve
BACKGROUND_SOLVE ENTERED: has_ridder=0 Lambda=0.00e+00
ABOUT TO INTEGRATE: bi_size=5 has_ridder=0 Lambda=0.00e+00
BG_INIT: background_solve OK
INPUT_READ: ridder_freeze_phi = 0 _TRUE_=1 (after class_read_flag)
DEBUG: Ridder field DISABLED. Lambda = 0.000000e+00
INPUT_READ: ridder_freeze_phi = 0 _TRUE_=1 (after class_read_flag)
DEBUG: Ridder field DISABLED. Lambda = 0.000000e+00, model_type not set to unified
BACKGROUND_INIT ENTERED: Lambda=0.00e+00
DEBUG BG_INIT ENTRY: model_type=0
DEBUG AFTER CHECKS: model_type=0 has_ridder=0
RIDDER DEBUG (background_init): has_ridder=0, [mcmc] Progress @ 2025-11-27 02:03:21 : 5816 steps taken, and 500 accepted.
Lambda_EDE_ridder=0.000000e+00, f_axion_ridder=1.000000e+16, theta_i_ridder=2.500000e+00, beta_ridder=0.000000e+00
BG_INIT: entering background_checks
BG_INIT: background_checks OK
DEBUG SHOOTING CHECK: has_ridder=0, model_type=0 (unified=1), use_shooting_EDE=0
BG_INIT: entering background_solve
BACKGROUND_SOLVE ENTERED: has_ridder=0 Lambda=0.00e+00
ABOUT TO INTEGRATE: bi_size=5 has_ridder=0 Lambda=0.00e+00
DERIVS_ENTRY: call#=1080000 has_ridder=0 Lambda=0.00e+00 a=2.82e-09
BG_INIT: background_solve OK
INPUT_READ: ridder_freeze_phi = 0 _TRUE_=1 (after class_read_flag)
DEBUG: Ridder field DISABLED. Lambda = 0.000000e+00
INPUT_READ: ridder_freeze_phi = 0 _TRUE_=1 (after class_read_flag)
DEBUG: Ridder field DISABLED. Lambda = 0.000000e+00, model_type not set to unified
BACKGROUND_INIT ENTERED: Lambda=0.00e+00
DEBUG BG_INIT ENTRY: model_type=0
DEBUG AFTER CHECKS: model_type=0 has_ridder=0
RIDDER DEBUG (background_init): has_ridder=0, Lambda_EDE_ridder=0.000000e+00, f_axion_ridder=1.000000e+16, theta_i_ridder=2.500000e+00, beta_ridder=0.000000e+00
BG_INIT: entering background_checks
BG_INIT: background_checks OK
DEBUG SHOOTING CHECK: has_ridder=0, model_type=0 (unified=1), use_shooting_EDE=0
BG_INIT: entering background_solve
BACKGROUND_SOLVE ENTERED: has_ridder=0 Lambda=0.00e+00
ABOUT TO INTEGRATE: bi_size=5 has_ridder=0 Lambda=0.00e+00
DERIVS_ENTRY: call#=1085000 has_ridder=0 Lambda=0.00e+00 a=1.41e-04
BG_INIT: background_solve OK
INPUT_READ: ridder_freeze_phi = 0 _TRUE_=1 (after class_read_flag)
DEBUG: Ridder field DISABLED. Lambda = 0.000000e+00
INPUT_READ: ridder_freeze_phi = 0 _TRUE_=1 (after class_read_flag)
DEBUG: Ridder field DISABLED. Lambda = 0.000000e+00, model_type not set to unified
BACKGROUND_INIT ENTERED: Lambda=0.00e+00
DEBUG BG_INIT ENTRY: model_type=0
DEBUG AFTER CHECKS: model_type=0 has_ridder=0
RIDDER DEBUG (background_init): has_ridder=0, Lambda_EDE_ridder=0.000000e+00, f_axion_ridder=1.000000e+16, theta_i_ridder=2.500000e+00, beta_ridder=0.000000e+00
BG_INIT: entering background_checks
BG_INIT: background_checks OK
DEBUG SHOOTING CHECK: has_ridder=0, model_type=0 (unified=1), use_shooting_EDE=0
BG_INIT: entering background_solve
BACKGROUND_SOLVE ENTERED: has_ridder=0 Lambda=0.00e+00
ABOUT TO INTEGRATE: bi_size=5 has_ridder=0 Lambda=0.00e+00
BG_INIT: background_solve OK
INPUT_READ: ridder_freeze_phi = 0 _TRUE_=1 (after class_read_flag)
DEBUG: Ridder field DISABLED. Lambda = 0.000000e+00
INPUT_READ: ridder_freeze_phi = 0 _TRUE_=1 (after class_read_flag)
DEBUG: Ridder field DISABLED. Lambda = 0.000000e+00, model_type not set to unified
BACKGROUND_INIT ENTERED: Lambda=0.00e+00
DEBUG BG_INIT ENTRY: model_type=0
DEBUG AFTER CHECKS: model_type=0 has_ridder=0
RIDDER DEBUG (background_init): has_ridder=0, Lambda_EDE_ridder=0.000000e+00, f_axion_ridder=1.000000e+16, theta_i_ridder=2.500000e+00, beta_ridder=0.000000e+00
BG_INIT: entering background_checks
BG_INIT: background_checks OK
DEBUG SHOOTING CHECK: has_ridder=0, model_type=0 (unified=1), use_shooting_EDE=0
BG_INIT: entering background_solve
BACKGROUND_SOLVE ENTERED: has_ridder=0 Lambda=0.00e+00
ABOUT TO INTEGRATE: bi_size=5 has_ridder=0 Lambda=0.00e+00
DERIVS_ENTRY: call#=1090000 has_ridder=0 Lambda=0.00e+00 a=4.12e-10
BG_INIT: background_solve OK
INPUT_READ: ridder_freeze_phi = 0 _TRUE_=1 (after class_read_flag)
DEBUG: Ridder field DISABLED. Lambda = 0.000000e+00
INPUT_READ: ridder_freeze_phi = 0 _TRUE_=1 (after class_read_flag)
DEBUG: Ridder field DISABLED. Lambda = 0.000000e+00, model_type not set to unified
BACKGROUND_INIT ENTERED: Lambda=0.00e+00
DEBUG BG_INIT ENTRY: model_type=0
DEBUG AFTER CHECKS: model_type=0 has_ridder=0
RIDDER DEBUG (background_init): has_ridder=0, Lambda_EDE_ridder=0.000000e+00, f_axion_ridder=1.000000e+16, theta_i_ridder=2.500000e+00, beta_ridder=0.000000e+00
BG_INIT: entering background_checks
BG_INIT: background_checks OK
DEBUG SHOOTING CHECK: has_ridder=0, model_type=0 (unified=1), use_shooting_EDE=0
BG_INIT: entering background_solve
BACKGROUND_SOLVE ENTERED: has_ridder=0 Lambda=0.00e+00
ABOUT TO INTEGRATE: bi_size=5 has_ri[mcmc] Progress @ 2025-11-27 02:04:22 : 5918 steps taken, and 513 accepted.
dder=0 Lambda=0.00e+00
DERIVS_ENTRY: call#=1095000 has_ridder=0 Lambda=0.00e+00 a=1.97e-05
BG_INIT: background_solve OK
INPUT_READ: ridder_freeze_phi = 0 _TRUE_=1 (after class_read_flag)
DEBUG: Ridder field DISABLED. Lambda = 0.000000e+00
INPUT_READ: ridder_freeze_phi = 0 _TRUE_=1 (after class_read_flag)
DEBUG: Ridder field DISABLED. Lambda = 0.000000e+00, model_type not set to unified
BACKGROUND_INIT ENTERED: Lambda=0.00e+00
DEBUG BG_INIT ENTRY: model_type=0
DEBUG AFTER CHECKS: model_type=0 has_ridder=0
RIDDER DEBUG (background_init): has_ridder=0, Lambda_EDE_ridder=0.000000e+00, f_axion_ridder=1.000000e+16, theta_i_ridder=2.500000e+00, beta_ridder=0.000000e+00
BG_INIT: entering background_checks
BG_INIT: background_checks OK
DEBUG SHOOTING CHECK: has_ridder=0, model_type=0 (unified=1), use_shooting_EDE=0
BG_INIT: entering background_solve
BACKGROUND_SOLVE ENTERED: has_ridder=0 Lambda=0.00e+00
ABOUT TO INTEGRATE: bi_size=5 has_ridder=0 Lambda=0.00e+00
BG_INIT: background_solve OK
INPUT_READ: ridder_freeze_phi = 0 _TRUE_=1 (after class_read_flag)
DEBUG: Ridder field DISABLED. Lambda = 0.000000e+00
INPUT_READ: ridder_freeze_phi = 0 _TRUE_=1 (after class_read_flag)
DEBUG: Ridder field DISABLED. Lambda = 0.000000e+00, model_type not set to unified
BACKGROUND_INIT ENTERED: Lambda=0.00e+00
DEBUG BG_INIT ENTRY: model_type=0
DEBUG AFTER CHECKS: model_type=0 has_ridder=0
RIDDER DEBUG (background_init): has_ridder=0, Lambda_EDE_ridder=0.000000e+00, f_axion_ridder=1.000000e+16, theta_i_ridder=2.500000e+00, beta_ridder=0.000000e+00
BG_INIT: entering background_checks
BG_INIT: background_checks OK
DEBUG SHOOTING CHECK: has_ridder=0, model_type=0 (unified=1), use_shooting_EDE=0
BG_INIT: entering background_solve
BACKGROUND_SOLVE ENTERED: has_ridder=0 Lambda=0.00e+00
ABOUT TO INTEGRATE: bi_size=5 has_ridder=0 Lambda=0.00e+00
DERIVS_ENTRY: call#=1100000 has_ridder=0 Lambda=0.00e+00 a=5.77e-11
BG_INIT: background_solve OK
INPUT_READ: ridder_freeze_phi = 0 _TRUE_=1 (after class_read_flag)
DEBUG: Ridder field DISABLED. Lambda = 0.000000e+00
INPUT_READ: ridder_freeze_phi = 0 _TRUE_=1 (after class_read_flag)
DEBUG: Ridder field DISABLED. Lambda = 0.000000e+00, model_type not set to unified
BACKGROUND_INIT ENTERED: Lambda=0.00e+00
DEBUG BG_INIT ENTRY: model_type=0
DEBUG AFTER CHECKS: model_type=0 has_ridder=0
RIDDER DEBUG (background_init): has_ridder=0, Lambda_EDE_ridder=0.000000e+00, f_axion_ridder=1.000000e+16, theta_i_ridder=2.500000e+00, beta_ridder=0.000000e+00
BG_INIT: entering background_checks
BG_INIT: background_checks OK
DEBUG SHOOTING CHECK: has_ridder=0, model_type=0 (unified=1), use_shooting_EDE=0
BG_INIT: entering background_solve
BACKGROUND_SOLVE ENTERED: has_ridder=0 Lambda=0.00e+00
ABOUT TO INTEGRATE: bi_size=5 has_ridder=0 Lambda=0.00e+00
DERIVS_ENTRY: call#=1105000 has_ridder=0 Lambda=0.00e+00 a=2.87e-06
BG_INIT: background_solve OK
INPUT_READ: ridder_freeze_phi = 0 _TRUE_=1 (after class_read_flag)
DEBUG: Ridder field DISABLED. Lambda = 0.000000e+00
INPUT_READ: ridder_freeze_phi = 0 _TRUE_=1 (after class_read_flag)
DEBUG: Ridder field DISABLED. Lambda = 0.000000e+00, model_type not set to unified
BACKGROUND_INIT ENTERED: Lambda=0.00e+00
DEBUG BG_INIT ENTRY: model_type=0
DEBUG AFTER CHECKS: model_type=0 has_ridder=0
RIDDER DEBUG (background_init): has_ridder=0, Lambda_EDE_ridder=0.000000e+00, f_axion_ridder=1.000000e+16, theta_i_ridder=2.500000e+00, beta_ridder=0.000000e+00
BG_INIT: entering background_checks
BG_INIT: background_checks OK
DEBUG SHOOTING CHECK: has_ridder=0, model_type=0 (unified=1), use_shooting_EDE=0
BG_INIT: entering background_solve
BACKGROUND_SOLVE ENTERED: has_ridder=0 Lambda=0.00e+00
ABOUT TO INTEGRATE: bi_size=5 has_ridder=0 Lambda=0.00e+00
BG_INIT: background_solve OK
INPUT_READ: ridder_freeze_phi = 0 _TRUE_=1 (after class_read_flag)
DEBUG: Ridder field DISABLED. Lambda = 0.000000e+00
INPUT_READ: ridder_freeze_phi = 0 _TRUE_=1 (after class_read_flag)
DEBUG: Ridder field DISABLED. Lambda = 0.000000e+00, model_type not set to unified
BACKGROUND_INIT ENTERED: Lambda=0.00e+00
DEBUG BG_INIT ENTRY: model_type=0
DEBUG AFTER CHECKS: model_type=0 has_ridder=0
RIDDER DEBUG (background_init): has_ridder=0, Lambda_EDE_ridder=0.000000e+00, f_axion_ridder=1.000000e+16, theta_i_ridder=2.500000e+00, beta_ridder=0.000000e+00
BG_INIT: entering background_checks
BG_INIT: background_checks OK
DEBUG SHOOTING CHECK: has_ridder=0, model_type=0 (unified=1), use_shooting_EDE=0
BG_INIT: entering background_solve
BACKGROUND_SOLVE ENTERED: has_ridder=0 Lambda=0.00e+00
ABOUT TO INTEGRATE: bi_size=5 has_ridder=0 Lambda=0.00e+00
DERIVS_ENTRY: call#=1110000 has_ridder=0 Lambda=0.00e+00 a=2.19e-13
BG_INIT: background_solve OK
INPUT_READ: ridder_freeze_phi = 0 _TRUE_=1 (after class_read_flag)
DEBUG: Ridder field DISABLED. Lambda = 0.000000e+00
INPUT_READ: ridder_freeze_phi = 0 _TRUE_=1 (after class_read_flag)
DEBUG: Ridder field DISABLED. Lambda = 0.000000e+00, model_type not set to unified
BACKGROUND_INIT ENTERED: Lambda=0.00e+00
DEBUG BG_INIT ENTRY: model_type=0
DEBUG AFTER CHECKS: model_type=0 has_ridder=0
RIDDER DEBUG (background_init): has_ridder=0, Lambda_EDE_ridder=0.000000e+00, f_axion_ridder=1.000000e+16, theta_i_ridder=2.500000e+00, beta_ridder=0.000000e+00
BG_INIT: entering background_checks
BG_INIT: background_checks OK
DEBUG SHOOTING CHECK: has_ridder=0, model_type=0 (unified=1), use_shooting_EDE=0
BG_INIT: entering background_solve
BACKGROUND_SOLVE ENTERED: has_ridder=0 Lambda=0.00e+00
ABOUT TO INTEGRATE: bi_size=5 has_ridder=0 Lambda=0.00e+00
DERIVS_ENTRY: call#=1115000 has_ridder=0 Lambda=0.00e+00 a=4.37e-07
BG_INIT: background_solve OK
INPUT_READ: ridder_freeze_phi = 0 _TRUE_=1 (after class_read_flag)
DEBUG: Ridder field DISABLED. Lambda = 0.000000e+00
INPUT_READ: ridder_freeze_phi = 0 _TRUE_=1 (after class_read_flag)
DEBUG: Ridder field DISABLED. Lambda = 0.000000e+00, model_type not set to unified
BACKGROUND_INIT ENTERED: Lambda=0.00e+00
DEBUG BG_INIT ENTRY: model_type=0
DEBUG AFTER CHECKS: model_type=0 has_ridder=0
RIDDER DEBUG (background_init): has_ridder=0, Lambda_EDE_ridder=0.000000e+00, f_axion_ridder=1.000000e+16, theta_i_ridder=2.500000e+00, beta_ridder=0.000000e+00
BG_INIT: entering background_checks
BG_INIT: background_checks OK
DEBUG SHOOTING CHECK: has_ridder=0, model_type=0 (unified=1), use_shooting_EDE=0
BG_INIT: entering background_solve
BACKGROUND_SOLVE ENTERED: has_ridder=0 Lambda=0.00e+00
ABOUT TO INTEGRATE: bi_size=5 has_ridder=0 Lambda=0.00e+00
DERIVS_ENTRY: call#=1120000 has_ridder=0 Lambda=0.00e+00 a=6.24e-01
BG_INIT: background_solve OK
INPUT_READ: ridder_freeze_phi = 0 _TRUE_=1 (after class_read_flag)
DEBUG: Ridder field DISABLED. Lambda = 0.000000e+00
INPUT_READ: ridder_freeze_phi = 0 _TRUE_=1 (after class_read_flag)
DEBUG: Ridder field DISABLED. Lambda = 0.000000e+00, model_type not set to unified
BACKGROUND_INIT ENTERED: Lambda=0.00e+00
DEBUG BG_INIT ENTRY: model_type=0
DEBUG AFTER CHECKS: model_type=0 has_ridder=0
RIDDER DEBUG (background_init): has_ridder=0, Lambda_EDE_ridder=0.000000e+00, f_axion_ridder=1.000000e+16, theta_i_ridder=2.500000e+00, beta_ridder=0.000000e+00
BG_INIT: entering background_checks
BG_INIT: background_checks OK
DEBUG SHOOTING CHECK: has_ridder=0, model_type=0 (unified=1), use_shooting_EDE=0
BG_INIT: entering background_solve
BACKGROUND_SOLVE ENTERED: has_ridder=0 Lambda=0.00e+00
ABOUT TO INTEGRATE: bi_size=5 has_ridder=0 Lambda=0.00e+00
BG_INIT: background_solve OK
INPUT_READ: ridder_freeze_phi = 0 _TRUE_=1 (after class_read_flag)
DEBUG: Ridder field DISABLED. Lambda = 0.000000e+00
INPUT_READ: ridder_freeze_phi = 0 _TRUE_=1 (after class_read_flag)
DEBUG: Ridder field DISABLED. Lambda = 0.000000e+00, model_type not set to unified
BACKGROUND_INIT ENTERED: Lambda=0.00e+00
DEBUG BG_INIT ENTRY: model_type=0
DEBUG AFTER CHECKS: model_type=0 has_ridder=0
RIDDER DEBUG (background_init): has_ridder=0, Lambda_EDE_ridder=0.000000e+00, f_axion_ridder=1.000000e+16, theta_i_ridder=2.500000e+00, beta_ridder=0.000000e+00
BG_INIT: entering background_checks
BG_INIT: background_checks OK
DEBUG SHOOTING CHECK: has_ridder=0, model_type=0 (unified=1), use_shooting_EDE=0
BG_INIT: entering backgrou[mcmc] Progress @ 2025-11-27 02:05:26 : 5996 steps taken, and 526 accepted.
nd_solve
BACKGROUND_SOLVE ENTERED: has_ridder=0 Lambda=0.00e+00
ABOUT TO INTEGRATE: bi_size=5 has_ridder=0 Lambda=0.00e+00
DERIVS_ENTRY: call#=1125000 has_ridder=0 Lambda=0.00e+00 a=6.21e-08
BG_INIT: background_solve OK
INPUT_READ: ridder_freeze_phi = 0 _TRUE_=1 (after class_read_flag)
DEBUG: Ridder field DISABLED. Lambda = 0.000000e+00
INPUT_READ: ridder_freeze_phi = 0 _TRUE_=1 (after class_read_flag)
DEBUG: Ridder field DISABLED. Lambda = 0.000000e+00, model_type not set to unified
BACKGROUND_INIT ENTERED: Lambda=0.00e+00
DEBUG BG_INIT ENTRY: model_type=0
DEBUG AFTER CHECKS: model_type=0 has_ridder=0
RIDDER DEBUG (background_init): has_ridder=0, Lambda_EDE_ridder=0.000000e+00, f_axion_ridder=1.000000e+16, theta_i_ridder=2.500000e+00, beta_ridder=0.000000e+00
BG_INIT: entering background_checks
BG_INIT: background_checks OK
DEBUG SHOOTING CHECK: has_ridder=0, model_type=0 (unified=1), use_shooting_EDE=0
BG_INIT: entering background_solve
BACKGROUND_SOLVE ENTERED: has_ridder=0 Lambda=0.00e+00
ABOUT TO INTEGRATE: bi_size=5 has_ridder=0 Lambda=0.00e+00
DERIVS_ENTRY: call#=1130000 has_ridder=0 Lambda=0.00e+00 a=5.71e-02
BG_INIT: background_solve OK
INPUT_READ: ridder_freeze_phi = 0 _TRUE_=1 (after class_read_flag)
DEBUG: Ridder field DISABLED. Lambda = 0.000000e+00
INPUT_READ: ridder_freeze_phi = 0 _TRUE_=1 (after class_read_flag)
DEBUG: Ridder field DISABLED. Lambda = 0.000000e+00, model_type not set to unified
BACKGROUND_INIT ENTERED: Lambda=0.00e+00
DEBUG BG_INIT ENTRY: model_type=0
DEBUG AFTER CHECKS: model_type=0 has_ridder=0
RIDDER DEBUG (background_init): has_ridder=0, Lambda_EDE_ridder=0.000000e+00, f_axion_ridder=1.000000e+16, theta_i_ridder=2.500000e+00, beta_ridder=0.000000e+00
BG_INIT: entering background_checks
BG_INIT: background_checks OK
DEBUG SHOOTING CHECK: has_ridder=0, model_type=0 (unified=1), use_shooting_EDE=0
BG_INIT: entering background_solve
BACKGROUND_SOLVE ENTERED: has_ridder=0 Lambda=0.00e+00
ABOUT TO INTEGRATE: bi_size=5 has_ridder=0 Lambda=0.00e+00
BG_INIT: background_solve OK
INPUT_READ: ridder_freeze_phi = 0 _TRUE_=1 (after class_read_flag)
DEBUG: Ridder field DISABLED. Lambda = 0.000000e+00
INPUT_READ: ridder_freeze_phi = 0 _TRUE_=1 (after class_read_flag)
DEBUG: Ridder field DISABLED. Lambda = 0.000000e+00, model_type not set to unified
BACKGROUND_INIT ENTERED: Lambda=0.00e+00
DEBUG BG_INIT ENTRY: model_type=0
DEBUG AFTER CHECKS: model_type=0 has_ridder=0
RIDDER DEBUG (background_init): has_ridder=0, Lambda_EDE_ridder=0.000000e+00, f_axion_ridder=1.000000e+16, theta_i_ridder=2.500000e+00, beta_ridder=0.000000e+00
BG_INIT: entering background_checks
BG_INIT: background_checks OK
DEBUG SHOOTING CHECK: has_ridder=0, model_type=0 (unified=1), use_shooting_EDE=0
BG_INIT: entering background_solve
BACKGROUND_SOLVE ENTERED: has_ridder=0 Lambda=0.00e+00
ABOUT TO INTEGRATE: bi_size=5 has_ridder=0 Lambda=0.00e+00
DERIVS_ENTRY: call#=1135000 has_ridder=0 Lambda=0.00e+00 a=9.19e-09
BG_INIT: background_solve OK
INPUT_READ: ridder_freeze_phi = 0 _TRUE_=1 (after class_read_flag)
DEBUG: Ridder field DISABLED. Lambda = 0.000000e+00
INPUT_READ: ridder_freeze_phi = 0 _TRUE_=1 (after class_read_flag)
DEBUG: Ridder field DISABLED. Lambda = 0.000000e+00, model_type not set to unified
BACKGROUND_INIT ENTERED: Lambda=0.00e+00
DEBUG BG_INIT ENTRY: model_type=0
DEBUG AFTER CHECKS: model_type=0 has_ridder=0
RIDDER DEBUG (background_init): has_ridder=0, Lambda_EDE_ridder=0.000000e+00, f_axion_ridder=1.000000e+16, theta_i_ridder=2.500000e+00, beta_ridder=0.000000e+00
BG_INIT: entering background_checks
BG_INIT: background_checks OK
DEBUG SHOOTING CHECK: has_ridder=0, model_type=0 (unified=1), use_shooting_EDE=0
BG_INIT: entering background_solve
BACKGROUND_SOLVE ENTERED: has_ridder=0 Lambda=0.00e+00
ABOUT TO INTEGRATE: bi_size=5 has_ridder=0 Lambda=0.00e+00
DERIVS_ENTRY: call#=1140000 has_ridder=0 Lambda=0.00e+00 a=1.12e-03
BG_INIT: background_solve OK
INPUT_READ: ridder_freeze_phi = 0 _TRUE_=1 (after class_read_flag)
DEBUG: Ridder field DISABLED. Lambda = 0.000000e+00
INPUT_READ: ridder_freeze_phi = 0 _TRUE_=1 (after[mcmc] Progress @ 2025-11-27 02:06:26 : 6094 steps taken, and 539 accepted.
 class_read_flag)
DEBUG: Ridder field DISABLED. Lambda = 0.000000e+00, model_type not set to unified
BACKGROUND_INIT ENTERED: Lambda=0.00e+00
DEBUG BG_INIT ENTRY: model_type=0
DEBUG AFTER CHECKS: model_type=0 has_ridder=0
RIDDER DEBUG (background_init): has_ridder=0, Lambda_EDE_ridder=0.000000e+00, f_axion_ridder=1.000000e+16, theta_i_ridder=2.500000e+00, beta_ridder=0.000000e+00
BG_INIT: entering background_checks
BG_INIT: background_checks OK
DEBUG SHOOTING CHECK: has_ridder=0, model_type=0 (unified=1), use_shooting_EDE=0
BG_INIT: entering background_solve
BACKGROUND_SOLVE ENTERED: has_ridder=0 Lambda=0.00e+00
ABOUT TO INTEGRATE: bi_size=5 has_ridder=0 Lambda=0.00e+00
BG_INIT: background_solve OK
INPUT_READ: ridder_freeze_phi = 0 _TRUE_=1 (after class_read_flag)
DEBUG: Ridder field DISABLED. Lambda = 0.000000e+00
INPUT_READ: ridder_freeze_phi = 0 _TRUE_=1 (after class_read_flag)
DEBUG: Ridder field DISABLED. Lambda = 0.000000e+00, model_type not set to unified
BACKGROUND_INIT ENTERED: Lambda=0.00e+00
DEBUG BG_INIT ENTRY: model_type=0
DEBUG AFTER CHECKS: model_type=0 has_ridder=0
RIDDER DEBUG (background_init): has_ridder=0, Lambda_EDE_ridder=0.000000e+00, f_axion_ridder=1.000000e+16, theta_i_ridder=2.500000e+00, beta_ridder=0.000000e+00
BG_INIT: entering background_checks
BG_INIT: background_checks OK
DEBUG SHOOTING CHECK: has_ridder=0, model_type=0 (unified=1), use_shooting_EDE=0
BG_INIT: entering background_solve
BACKGROUND_SOLVE ENTERED: has_ridder=0 Lambda=0.00e+00
ABOUT TO INTEGRATE: bi_size=5 has_ridder=0 Lambda=0.00e+00
DERIVS_ENTRY: call#=1145000 has_ridder=0 Lambda=0.00e+00 a=1.44e-09
BG_INIT: background_solve OK
INPUT_READ: ridder_freeze_phi = 0 _TRUE_=1 (after class_read_flag)
DEBUG: Ridder field DISABLED. Lambda = 0.000000e+00
INPUT_READ: ridder_freeze_phi = 0 _TRUE_=1 (after class_read_flag)
DEBUG: Ridder field DISABLED. Lambda = 0.000000e+00, model_type not set to unified
BACKGROUND_INIT ENTERED: Lambda=0.00e+00
DEBUG BG_INIT ENTRY: model_type=0
DEBUG AFTER CHECKS: model_type=0 has_ridder=0
RIDDER DEBUG (background_init): has_ridder=0, Lambda_EDE_ridder=0.000000e+00, f_axion_ridder=1.000000e+16, theta_i_ridder=2.500000e+00, beta_ridder=0.000000e+00
BG_INIT: entering background_checks
BG_INIT: background_checks OK
DEBUG SHOOTING CHECK: has_ridder=0, model_type=0 (unified=1), use_shooting_EDE=0
BG_INIT: entering background_solve
BACKGROUND_SOLVE ENTERED: has_ridder=0 Lambda=0.00e+00
ABOUT TO INTEGRATE: bi_size=5 has_ridder=0 Lambda=0.00e+00
DERIVS_ENTRY: call#=1150000 has_ridder=0 Lambda=0.00e+00 a=6.96e-05
BG_INIT: background_solve OK
INPUT_READ: ridder_freeze_phi = 0 _TRUE_=1 (after class_read_flag)
DEBUG: Ridder field DISABLED. Lambda = 0.000000e+00
INPUT_READ: ridder_freeze_phi = 0 _TRUE_=1 (after class_read_flag)
DEBUG: Ridder field DISABLED. Lambda = 0.000000e+00, model_type not set to unified
BACKGROUND_INIT ENTERED: Lambda=0.00e+00
DEBUG BG_INIT ENTRY: model_type=0
DEBUG AFTER CHECKS: model_type=0 has_ridder=0
RIDDER DEBUG (background_init): has_ridder=0, Lambda_EDE_ridder=0.000000e+00, f_axion_ridder=1.000000e+16, theta_i_ridder=2.500000e+00, beta_ridder=0.000000e+00
BG_INIT: entering background_checks
BG_INIT: background_checks OK
DEBUG SHOOTING CHECK: has_ridder=0, model_type=0 (unified=1), use_shooting_EDE=0
BG_INIT: entering background_solve
BACKGROUND_SOLVE ENTERED: has_ridder=0 Lambda=0.00e+00
ABOUT TO INTEGRATE: bi_size=5 has_ridder=0 Lambda=0.00e+00
BG_INIT: background_solve OK
INPUT_READ: ridder_freeze_phi = 0 _TRUE_=1 (after class_read_flag)
DEBUG: Ridder field DISABLED. Lambda = 0.000000e+00
INPUT_READ: ridder_freeze_phi = 0 _TRUE_=1 (after class_read_flag)
DEBUG: Ridder field DISABLED. Lambda = 0.000000e+00, model_type not set to unified
BACKGROUND_INIT ENTERED: Lambda=0.00e+00
DEBUG BG_INIT ENTRY: model_type=0
DEBUG AFTER CHECKS: model_type=0 has_ridder=0
RIDDER DEBUG (background_init): has_ridder=0, Lambda_EDE_ridder=0.000000e+00, f_axion_ridder=1.000000e+16, theta_i_ridder=2.500000e+00, beta_ridder=0.000000e+00
BG_INIT: entering background_checks
BG_INIT: background_checks OK
DEBUG S[mcmc] Progress @ 2025-11-27 02:07:28 : 6187 steps taken, and 551 accepted.
HOOTING CHECK: has_ridder=0, model_type=0 (unified=1), use_shooting_EDE=0
BG_INIT: entering background_solve
BACKGROUND_SOLVE ENTERED: has_ridder=0 Lambda=0.00e+00
ABOUT TO INTEGRATE: bi_size=5 has_ridder=0 Lambda=0.00e+00
DERIVS_ENTRY: call#=1155000 has_ridder=0 Lambda=0.00e+00 a=2.10e-10
BG_INIT: background_solve OK
INPUT_READ: ridder_freeze_phi = 0 _TRUE_=1 (after class_read_flag)
DEBUG: Ridder field DISABLED. Lambda = 0.000000e+00
INPUT_READ: ridder_freeze_phi = 0 _TRUE_=1 (after class_read_flag)
DEBUG: Ridder field DISABLED. Lambda = 0.000000e+00, model_type not set to unified
BACKGROUND_INIT ENTERED: Lambda=0.00e+00
DEBUG BG_INIT ENTRY: model_type=0
DEBUG AFTER CHECKS: model_type=0 has_ridder=0
RIDDER DEBUG (background_init): has_ridder=0, Lambda_EDE_ridder=0.000000e+00, f_axion_ridder=1.000000e+16, theta_i_ridder=2.500000e+00, beta_ridder=0.000000e+00
BG_INIT: entering background_checks
BG_INIT: background_checks OK
DEBUG SHOOTING CHECK: has_ridder=0, model_type=0 (unified=1), use_shooting_EDE=0
BG_INIT: entering background_solve
BACKGROUND_SOLVE ENTERED: has_ridder=0 Lambda=0.00e+00
ABOUT TO INTEGRATE: bi_size=5 has_ridder=0 Lambda=0.00e+00
DERIVS_ENTRY: call#=1160000 has_ridder=0 Lambda=0.00e+00 a=1.03e-05
BG_INIT: background_solve OK
INPUT_READ: ridder_freeze_phi = 0 _TRUE_=1 (after class_read_flag)
DEBUG: Ridder field DISABLED. Lambda = 0.000000e+00
INPUT_READ: ridder_freeze_phi = 0 _TRUE_=1 (after class_read_flag)
DEBUG: Ridder field DISABLED. Lambda = 0.000000e+00, model_type not set to unified
BACKGROUND_INIT ENTERED: Lambda=0.00e+00
DEBUG BG_INIT ENTRY: model_type=0
DEBUG AFTER CHECKS: model_type=0 has_ridder=0
RIDDER DEBUG (background_init): has_ridder=0, Lambda_EDE_ridder=0.000000e+00, f_axion_ridder=1.000000e+16, theta_i_ridder=2.500000e+00, beta_ridder=0.000000e+00
BG_INIT: entering background_checks
BG_INIT: background_checks OK
DEBUG SHOOTING CHECK: has_ridder=0, model_type=0 (unified=1), use_shooting_EDE=0
BG_INIT: entering background_solve
BACKGROUND_SOLVE ENTERED: has_ridder=0 Lambda=0.00e+00
ABOUT TO INTEGRATE: bi_size=5 has_ridder=0 Lambda=0.00e+00
BG_INIT: background_solve OK
INPUT_READ: ridder_freeze_phi = 0 _TRUE_=1 (after class_read_flag)
DEBUG: Ridder field DISABLED. Lambda = 0.000000e+00
INPUT_READ: ridder_freeze_phi = 0 _TRUE_=1 (after class_read_flag)
DEBUG: Ridder field DISABLED. Lambda = 0.000000e+00, model_type not set to unified
BACKGROUND_INIT ENTERED: Lambda=0.00e+00
DEBUG BG_INIT ENTRY: model_type=0
DEBUG AFTER CHECKS: model_type=0 has_ridder=0
RIDDER DEBUG (background_init): has_ridder=0, Lambda_EDE_ridder=0.000000e+00, f_axion_ridder=1.000000e+16, theta_i_ridder=2.500000e+00, beta_ridder=0.000000e+00
BG_INIT: entering background_checks
BG_INIT: background_checks OK
DEBUG SHOOTING CHECK: has_ridder=0, model_type=0 (unified=1), use_shooting_EDE=0
BG_INIT: entering background_solve
BACKGROUND_SOLVE ENTERED: has_ridder=0 Lambda=0.00e+00
ABOUT TO INTEGRATE: bi_size=5 has_ridder=0 Lambda=0.00e+00
DERIVS_ENTRY: call#=1165000 has_ridder=0 Lambda=0.00e+00 a=1.63e-11
BG_INIT: background_solve OK
INPUT_READ: ridder_freeze_phi = 0 _TRUE_=1 (after class_read_flag)
DEBUG: Ridder field DISABLED. Lambda = 0.000000e+00
INPUT_READ: ridder_freeze_phi = 0 _TRUE_=1 (after class_read_flag)
DEBUG: Ridder field DISABLED. Lambda = 0.000000e+00, model_type not set to unified
BACKGROUND_INIT ENTERED: Lambda=0.00e+00
DEBUG BG_INIT ENTRY: model_type=0
DEBUG AFTER CHECKS: model_type=0 has_ridder=0
RIDDER DEBUG (background_init): has_ridder=0, Lambda_EDE_ridder=0.000000e+00, f_axion_ridder=1.000000e+16, theta_i_ridder=2.500000e+00, beta_ridder=0.000000e+00
BG_INIT: entering background_checks
BG_INIT: background_checks OK
DEBUG SHOOTING CHECK: has_ridder=0, model_type=0 (unified=1), use_shooting_EDE=0
BG_INIT: entering background_solve
BACKGROUND_SOLVE ENTERED: has_ridder=0 Lambda=0.00e+00
ABOUT TO INTEGRATE: bi_size=5 has_ridder=0 Lambda=0.00e+00
DERIVS_ENTRY: call#=1170000 has_ridder=0 Lambda=0.00e+00 a=1.55e-06
BG_INIT: background_solve OK
INPUT_READ: ridder_freeze_phi = 0 _TRUE_=1 (after class_read_flag)
D[mcmc] Progress @ 2025-11-27 02:08:31 : 6291 steps taken, and 564 accepted.
EBUG: Ridder field DISABLED. Lambda = 0.000000e+00
INPUT_READ: ridder_freeze_phi = 0 _TRUE_=1 (after class_read_flag)
DEBUG: Ridder field DISABLED. Lambda = 0.000000e+00, model_type not set to unified
BACKGROUND_INIT ENTERED: Lambda=0.00e+00
DEBUG BG_INIT ENTRY: model_type=0
DEBUG AFTER CHECKS: model_type=0 has_ridder=0
RIDDER DEBUG (background_init): has_ridder=0, Lambda_EDE_ridder=0.000000e+00, f_axion_ridder=1.000000e+16, theta_i_ridder=2.500000e+00, beta_ridder=0.000000e+00
BG_INIT: entering background_checks
BG_INIT: background_checks OK
DEBUG SHOOTING CHECK: has_ridder=0, model_type=0 (unified=1), use_shooting_EDE=0
BG_INIT: entering background_solve
BACKGROUND_SOLVE ENTERED: has_ridder=0 Lambda=0.00e+00
ABOUT TO INTEGRATE: bi_size=5 has_ridder=0 Lambda=0.00e+00
BG_INIT: background_solve OK
INPUT_READ: ridder_freeze_phi = 0 _TRUE_=1 (after class_read_flag)
DEBUG: Ridder field DISABLED. Lambda = 0.000000e+00
INPUT_READ: ridder_freeze_phi = 0 _TRUE_=1 (after class_read_flag)
DEBUG: Ridder field DISABLED. Lambda = 0.000000e+00, model_type not set to unified
BACKGROUND_INIT ENTERED: Lambda=0.00e+00
DEBUG BG_INIT ENTRY: model_type=0
DEBUG AFTER CHECKS: model_type=0 has_ridder=0
RIDDER DEBUG (background_init): has_ridder=0, Lambda_EDE_ridder=0.000000e+00, f_axion_ridder=1.000000e+16, theta_i_ridder=2.500000e+00, beta_ridder=0.000000e+00
BG_INIT: entering background_checks
BG_INIT: background_checks OK
DEBUG SHOOTING CHECK: has_ridder=0, model_type=0 (unified=1), use_shooting_EDE=0
BG_INIT: entering background_solve
BACKGROUND_SOLVE ENTERED: has_ridder=0 Lambda=0.00e+00
ABOUT TO INTEGRATE: bi_size=5 has_ridder=0 Lambda=0.00e+00
DERIVS_ENTRY: call#=1175000 has_ridder=0 Lambda=0.00e+00 a=2.03e-14
BG_INIT: background_solve OK
INPUT_READ: ridder_freeze_phi = 0 _TRUE_=1 (after class_read_flag)
DEBUG: Ridder field DISABLED. Lambda = 0.000000e+00
INPUT_READ: ridder_freeze_phi = 0 _TRUE_=1 (after class_read_flag)
DEBUG: Ridder field DISABLED. Lambda = 0.000000e+00, model_type not set to unified
BACKGROUND_INIT ENTERED: Lambda=0.00e+00
DEBUG BG_INIT ENTRY: model_type=0
DEBUG AFTER CHECKS: model_type=0 has_ridder=0
RIDDER DEBUG (background_init): has_ridder=0, Lambda_EDE_ridder=0.000000e+00, f_axion_ridder=1.000000e+16, theta_i_ridder=2.500000e+00, beta_ridder=0.000000e+00
BG_INIT: entering background_checks
BG_INIT: background_checks OK
DEBUG SHOOTING CHECK: has_ridder=0, model_type=0 (unified=1), use_shooting_EDE=0
BG_INIT: entering background_solve
BACKGROUND_SOLVE ENTERED: has_ridder=0 Lambda=0.00e+00
ABOUT TO INTEGRATE: bi_size=5 has_ridder=0 Lambda=0.00e+00
DERIVS_ENTRY: call#=1180000 has_ridder=0 Lambda=0.00e+00 a=2.20e-07
BG_INIT: background_solve OK
INPUT_READ: ridder_freeze_phi = 0 _TRUE_=1 (after class_read_flag)
DEBUG: Ridder field DISABLED. Lambda = 0.000000e+00
INPUT_READ: ridder_freeze_phi = 0 _TRUE_=1 (after class_read_flag)
DEBUG: Ridder field DISABLED. Lambda = 0.000000e+00, model_type not set to unified
BACKGROUND_INIT ENTERED: Lambda=0.00e+00
DEBUG BG_INIT ENTRY: model_type=0
DEBUG AFTER CHECKS: model_type=0 has_ridder=0
RIDDER DEBUG (background_init): has_ridder=0, Lambda_EDE_ridder=0.000000e+00, f_axion_ridder=1.000000e+16, theta_i_ridder=2.500000e+00, beta_ridder=0.000000e+00
BG_INIT: entering background_checks
BG_INIT: background_checks OK
DEBUG SHOOTING CHECK: has_ridder=0, model_type=0 (unified=1), use_shooting_EDE=0
BG_INIT: entering background_solve
BACKGROUND_SOLVE ENTERED: has_ridder=0 Lambda=0.00e+00
ABOUT TO INTEGRATE: bi_size=5 has_ridder=0 Lambda=0.00e+00
DERIVS_ENTRY: call#=1185000 has_ridder=0 Lambda=0.00e+00 a=3.07e-01
BG_INIT: background_solve OK
INPUT_READ: ridder_freeze_phi = 0 _TRUE_=1 (after class_read_flag)
DEBUG: Ridder field DISABLED. Lambda = 0.000000e+00
INPUT_READ: ridder_freeze_phi = 0 _TRUE_=1 (after class_read_flag)
DEBUG: Ridder field DISABLED. Lambda = 0.000000e+00, model_type not set to unified
BACKGROUND_INIT ENTERED: Lambda=0.00e+00
DEBUG BG_INIT ENTRY: model_type=0
DEBUG AFTER CHECKS: model_type=0 has_ridder=0
RIDDER DEBUG (background_init): has_ridder=0, Lambda_EDE_ridder=0.000000e+00, f_axion_ridder=1.000000e+16, theta_i_ridder=2.500000e+00, beta_ridder=0.000000e+00
BG_INIT: entering background_checks
BG_INIT: background_checks OK
DEBUG SHOOTING CHECK: has_ridder=0, model_type=0 (unified=1), use_shooting_EDE=0
BG_INIT: entering background_solve
BACKGROUND_SOLVE ENTERED: has_ridder=0 Lambda=0.00e+00
ABOUT TO INTEGRATE: bi_size=5 has_ridder=0 Lambda=0.00e+00
BG_INIT: background_solve OK
INPUT_READ: ridder_freeze_phi = 0 _TRUE_=1 (after class_read_flag)
DEBUG: Ridder field DISABLED. Lambda = 0.000000e+00
INPUT_READ: ridder_freeze_phi = 0 _TRUE_=1 (after class_read_flag)
DEBUG: Ridder field DISABLED. Lambda = 0.000000e+00, model_type not set to unified
BACKGROUND_INIT ENTERED: Lambda=0.00e+00
DEBUG BG_INIT ENTRY: model_type=0
DEBUG AFTER CHECKS: model_type=0 has_ridder=0
RIDDER DEBUG (background_init): has_ridder=0, Lambda_EDE_ridder=0.000000e+00, f_axion_ridder=1.000000e+16, theta_i_ridder=2.500000e+00, beta_ridder=0.000000e+00
BG_INIT: entering background_checks
BG_INIT: background_checks OK
DEBUG SHOOTING CHECK: has_ridder=0, model_type=0 (unified=1), use_shooting_EDE=0
BG_INIT: entering background_solve
BACKGROUND_SOLVE ENTERED: has_ridder=0 Lambda=0.00e+00
ABOUT TO INTEGRATE: bi_size=5 has_ridder=0 Lambda=0.00e+00
DERIVS_ENTRY: call#=1190000 has_ridder=0 Lambda=0.00e+00 a=2.91e-08
BG_INIT: background_solve OK
INPUT_READ: ridder_freeze_phi = 0 _TRUE_=1 (after class_read_flag)
DEBUG: Ridder field DISABLED. Lambda = 0.000000e+00
INPUT_READ: ridder_freeze_phi = 0 _TRUE_=1 (after class_read_flag)
DEBUG: Ridder field DISABLED. Lambda = 0.000000e+00, model_type not set to unified
BACKGROUND_INIT ENTERED: Lambda=0.00e+00
DEBUG BG_INIT ENTRY: model_type=0
DEBUG AFTER CHECKS: model_type=0 has_ridder=0
RIDDER DEBUG (background_init): has_ridder=0, Lambda_EDE_ridder=0.000000e+00, f_axion_ridder=1.000000e+16, theta_i_ridder=2.500000e+00, beta_ridder=0.000000e+00
BG_INIT: entering background_checks
BG_INIT: background_checks OK
DEBUG SHOOTING CHECK: has_ridder=0, model_type=0 (unified=1), use_shooting_EDE=0
BG_INIT: entering background_solve
BACKGROUND_SOLVE ENTERED: has_ridder=0 Lambda=0.00e+00
ABOUT TO INTEGRATE: bi_size=5 has_ridder=0 Lambda=0.00e+00
DERIVS_ENTRY: call#=1195000 has_ridder=0 Lambda=0.00e+00 a=1.03e-02
BG_INIT: background_solve OK
INPUT_READ: ridder_freeze_phi = 0 _TRUE_=1 (after class_read_flag)
DEBUG: Ridder field DISABLED. Lambda = 0.000000e+00
INPUT_READ: ridder_freeze_phi = 0 _TRUE_=1 (after class_read_flag)
DEBUG: Ridder field DISABLED. Lambda = 0.000000e+00, model_type not set to unified
BACKGROUND_INIT ENTERED: Lambda=0.00e+00
DEBUG BG_INIT ENTRY: model_type=0
DEBUG AFTER CHECKS: model_type=0 has_ridder=0
RIDDER DEBUG (background_init): has_ridder=0, Lambda_EDE_ridder=0.000000e+00, f_axion_ridder=1.000000e+16, theta_i_ridder=2.500000e+00, beta_ridder=0.000000e+00
BG_INIT: entering background_checks
BG_INIT: background_checks OK
DEBUG SHOOTING CHECK: has_ridder=0, model_type=0 (unified=1), use_shooting_EDE=0
BG_INIT: entering background_solve
BACKGROUND_SOLVE ENTERED: has_ridder=0 Lambda=0.00e+00
ABOUT TO INTEGRATE: bi_size=5 has_ridder=0 Lambda=0.00e+00
BG_INIT: background_solve OK
INPUT_READ: ridder_freeze_phi = 0 _TRUE_=1 (after class_read_flag)
DEBUG: Ridder field DISABLED. Lambda = 0.000000e+00
INPUT_READ: ridder_freeze_phi = 0 _TRUE_=1 (after class_read_flag)
DEBUG: Ridder field DISABLED. Lambda = 0.000000e+00, model_type not set to unified
BACKGROUND_INIT ENTERED: Lambda=0.00e+00
DEBUG BG_INIT ENTRY: model_type=0
DEBUG AFTER CHECKS: model_type=0 has_ridder=0
RIDDER DEBUG (background_init): has_ridder=0, Lambda_EDE_ridder=0.000000e+00, f_axion_ridder=1.000000e+16, theta_i_ridder=2.500000e+00, beta_ridder=0.000000e+00
BG_INIT: entering background_checks
BG_INIT: background_checks OK
DEBUG SHOOTING CHECK: has_ridder=0, model_type=0 (unified=1), use_shooting_EDE=0
BG_INIT: entering background_solve
BACKGROUND_SOLVE ENTERED: has_ridder=0 Lambda=0.00e+00
ABOUT TO INTEGRATE: bi_size=5 has_ridder=0 Lambda=0.00e+00
DERIVS_ENTRY: call#=1200000 has_ridder=0 Lambda=0.00e+00 a=3.92e-[mcmc] Progress @ 2025-11-27 02:09:39 : 6376 steps taken, and 574 accepted.
09
BG_INIT: background_solve OK
INPUT_READ: ridder_freeze_phi = 0 _TRUE_=1 (after class_read_flag)
DEBUG: Ridder field DISABLED. Lambda = 0.000000e+00
INPUT_READ: ridder_freeze_phi = 0 _TRUE_=1 (after class_read_flag)
DEBUG: Ridder field DISABLED. Lambda = 0.000000e+00, model_type not set to unified
BACKGROUND_INIT ENTERED: Lambda=0.00e+00
DEBUG BG_INIT ENTRY: model_type=0
DEBUG AFTER CHECKS: model_type=0 has_ridder=0
RIDDER DEBUG (background_init): has_ridder=0, Lambda_EDE_ridder=0.000000e+00, f_axion_ridder=1.000000e+16, theta_i_ridder=2.500000e+00, beta_ridder=0.000000e+00
BG_INIT: entering background_checks
BG_INIT: background_checks OK
DEBUG SHOOTING CHECK: has_ridder=0, model_type=0 (unified=1), use_shooting_EDE=0
BG_INIT: entering background_solve
BACKGROUND_SOLVE ENTERED: has_ridder=0 Lambda=0.00e+00
ABOUT TO INTEGRATE: bi_size=5 has_ridder=0 Lambda=0.00e+00
DERIVS_ENTRY: call#=1205000 has_ridder=0 Lambda=0.00e+00 a=2.05e-04
BG_INIT: background_solve OK
INPUT_READ: ridder_freeze_phi = 0 _TRUE_=1 (after class_read_flag)
DEBUG: Ridder field DISABLED. Lambda = 0.000000e+00
INPUT_READ: ridder_freeze_phi = 0 _TRUE_=1 (after class_read_flag)
DEBUG: Ridder field DISABLED. Lambda = 0.000000e+00, model_type not set to unified
BACKGROUND_INIT ENTERED: Lambda=0.00e+00
DEBUG BG_INIT ENTRY: model_type=0
DEBUG AFTER CHECKS: model_type=0 has_ridder=0
RIDDER DEBUG (background_init): has_ridder=0, Lambda_EDE_ridder=0.000000e+00, f_axion_ridder=1.000000e+16, theta_i_ridder=2.500000e+00, beta_ridder=0.000000e+00
BG_INIT: entering background_checks
BG_INIT: background_checks OK
DEBUG SHOOTING CHECK: has_ridder=0, model_type=0 (unified=1), use_shooting_EDE=0
BG_INIT: entering background_solve
BACKGROUND_SOLVE ENTERED: has_ridder=0 Lambda=0.00e+00
ABOUT TO INTEGRATE: bi_size=5 has_ridder=0 Lambda=0.00e+00
BG_INIT: background_solve OK
INPUT_READ: ridder_freeze_phi = 0 _TRUE_=1 (after class_read_flag)
DEBUG: Ridder field DISABLED. Lambda = 0.000000e+00
INPUT_READ: ridder_freeze_phi = 0 _TRUE_=1 (after class_read_flag)
DEBUG: Ridder field DISABLED. Lambda = 0.000000e+00, model_type not set to unified
BACKGROUND_INIT ENTERED: Lambda=0.00e+00
DEBUG BG_INIT ENTRY: model_type=0
DEBUG AFTER CHECKS: model_type=0 has_ridder=0
RIDDER DEBUG (background_init): has_ridder=0, Lambda_EDE_ridder=0.000000e+00, f_axion_ridder=1.000000e+16, theta_i_ridder=2.500000e+00, beta_ridder=0.000000e+00
BG_INIT: entering background_checks
BG_INIT: background_checks OK
DEBUG SHOOTING CHECK: has_ridder=0, model_type=0 (unified=1), use_shooting_EDE=0
BG_INIT: entering background_solve
BACKGROUND_SOLVE ENTERED: has_ridder=0 Lambda=0.00e+00
ABOUT TO INTEGRATE: bi_size=5 has_ridder=0 Lambda=0.00e+00
DERIVS_ENTRY: call#=1210000 has_ridder=0 Lambda=0.00e+00 a=5.96e-10
BG_INIT: background_solve OK
INPUT_READ: ridder_freeze_phi = 0 _TRUE_=1 (after class_read_flag)
DEBUG: Ridder field DISABLED. Lambda = 0.000000e+00
INPUT_READ: ridder_freeze_phi = 0 _TRUE_=1 (after class_read_flag)
DEBUG: Ridder field DISABLED. Lambda = 0.000000e+00, model_type not set to unified
BACKGROUND_INIT ENTERED: Lambda=0.00e+00
DEBUG BG_INIT ENTRY: model_type=0
DEBUG AFTER CHECKS: model_type=0 has_ridder=0
RIDDER DEBUG (background_init): has_ridder=0, Lambda_EDE_ridder=0.000000e+00, f_axion_ridder=1.000000e+16, theta_i_ridder=2.500000e+00, beta_ridder=0.000000e+00
BG_INIT: entering background_checks
BG_INIT: background_checks OK
DEBUG SHOOTING CHECK: has_ridder=0, model_type=0 (unified=1), use_shooting_EDE=0
BG_INIT: entering background_solve
BACKGROUND_SOLVE ENTERED: has_ridder=0 Lambda=0.00e+00
ABOUT TO INTEGRATE: bi_size=5 has_ridder=0 Lambda=0.00e+00
DERIVS_ENTRY: call#=1215000 has_ridder=0 Lambda=0.00e+00 a=2.97e-05
BG_INIT: background_solve OK
INPUT_READ: ridder_freeze_phi = 0 _TRUE_=1 (after class_read_flag)
DEBUG: Ridder field DISABLED. Lambda = 0.000000e+00
INPUT_READ: ridder_freeze_phi = 0 _TRUE_=1 (after class_read_flag)
DEBUG: Ridder field DISABLED. Lambda = 0.000000e+00, model_type not set to unified
BACKGROUND_INIT ENTERED: Lambda=0.00e+00
DEBUG BG_INIT ENTRY: model_type=0
DEBUG AFTER [mcmc] Progress @ 2025-11-27 02:10:41 : 6472 steps taken, and 589 accepted.
CHECKS: model_type=0 has_ridder=0
RIDDER DEBUG (background_init): has_ridder=0, Lambda_EDE_ridder=0.000000e+00, f_axion_ridder=1.000000e+16, theta_i_ridder=2.500000e+00, beta_ridder=0.000000e+00
BG_INIT: entering background_checks
BG_INIT: background_checks OK
DEBUG SHOOTING CHECK: has_ridder=0, model_type=0 (unified=1), use_shooting_EDE=0
BG_INIT: entering background_solve
BACKGROUND_SOLVE ENTERED: has_ridder=0 Lambda=0.00e+00
ABOUT TO INTEGRATE: bi_size=5 has_ridder=0 Lambda=0.00e+00
BG_INIT: background_solve OK
INPUT_READ: ridder_freeze_phi = 0 _TRUE_=1 (after class_read_flag)
DEBUG: Ridder field DISABLED. Lambda = 0.000000e+00
INPUT_READ: ridder_freeze_phi = 0 _TRUE_=1 (after class_read_flag)
DEBUG: Ridder field DISABLED. Lambda = 0.000000e+00, model_type not set to unified
BACKGROUND_INIT ENTERED: Lambda=0.00e+00
DEBUG BG_INIT ENTRY: model_type=0
DEBUG AFTER CHECKS: model_type=0 has_ridder=0
RIDDER DEBUG (background_init): has_ridder=0, Lambda_EDE_ridder=0.000000e+00, f_axion_ridder=1.000000e+16, theta_i_ridder=2.500000e+00, beta_ridder=0.000000e+00
BG_INIT: entering background_checks
BG_INIT: background_checks OK
DEBUG SHOOTING CHECK: has_ridder=0, model_type=0 (unified=1), use_shooting_EDE=0
BG_INIT: entering background_solve
BACKGROUND_SOLVE ENTERED: has_ridder=0 Lambda=0.00e+00
ABOUT TO INTEGRATE: bi_size=5 has_ridder=0 Lambda=0.00e+00
DERIVS_ENTRY: call#=1220000 has_ridder=0 Lambda=0.00e+00 a=8.71e-11
BG_INIT: background_solve OK
INPUT_READ: ridder_freeze_phi = 0 _TRUE_=1 (after class_read_flag)
DEBUG: Ridder field DISABLED. Lambda = 0.000000e+00
INPUT_READ: ridder_freeze_phi = 0 _TRUE_=1 (after class_read_flag)
DEBUG: Ridder field DISABLED. Lambda = 0.000000e+00, model_type not set to unified
BACKGROUND_INIT ENTERED: Lambda=0.00e+00
DEBUG BG_INIT ENTRY: model_type=0
DEBUG AFTER CHECKS: model_type=0 has_ridder=0
RIDDER DEBUG (background_init): has_ridder=0, Lambda_EDE_ridder=0.000000e+00, f_axion_ridder=1.000000e+16, theta_i_ridder=2.500000e+00, beta_ridder=0.000000e+00
BG_INIT: entering background_checks
BG_INIT: background_checks OK
DEBUG SHOOTING CHECK: has_ridder=0, model_type=0 (unified=1), use_shooting_EDE=0
BG_INIT: entering background_solve
BACKGROUND_SOLVE ENTERED: has_ridder=0 Lambda=0.00e+00
ABOUT TO INTEGRATE: bi_size=5 has_ridder=0 Lambda=0.00e+00
DERIVS_ENTRY: call#=1225000 has_ridder=0 Lambda=0.00e+00 a=4.33e-06
BG_INIT: background_solve OK
INPUT_READ: ridder_freeze_phi = 0 _TRUE_=1 (after class_read_flag)
DEBUG: Ridder field DISABLED. Lambda = 0.000000e+00
INPUT_READ: ridder_freeze_phi = 0 _TRUE_=1 (after class_read_flag)
DEBUG: Ridder field DISABLED. Lambda = 0.000000e+00, model_type not set to unified
BACKGROUND_INIT ENTERED: Lambda=0.00e+00
DEBUG BG_INIT ENTRY: model_type=0
DEBUG AFTER CHECKS: model_type=0 has_ridder=0
RIDDER DEBUG (background_init): has_ridder=0, Lambda_EDE_ridder=0.000000e+00, f_axion_ridder=1.000000e+16, theta_i_ridder=2.500000e+00, beta_ridder=0.000000e+00
BG_INIT: entering background_checks
BG_INIT: background_checks OK
DEBUG SHOOTING CHECK: has_ridder=0, model_type=0 (unified=1), use_shooting_EDE=0
BG_INIT: entering background_solve
BACKGROUND_SOLVE ENTERED: has_ridder=0 Lambda=0.00e+00
ABOUT TO INTEGRATE: bi_size=5 has_ridder=0 Lambda=0.00e+00
BG_INIT: background_solve OK
INPUT_READ: ridder_freeze_phi = 0 _TRUE_=1 (after class_read_flag)
DEBUG: Ridder field DISABLED. Lambda = 0.000000e+00
INPUT_READ: ridder_freeze_phi = 0 _TRUE_=1 (after class_read_flag)
DEBUG: Ridder field DISABLED. Lambda = 0.000000e+00, model_type not set to unified
BACKGROUND_INIT ENTERED: Lambda=0.00e+00
DEBUG BG_INIT ENTRY: model_type=0
DEBUG AFTER CHECKS: model_type=0 has_ridder=0
RIDDER DEBUG (background_init): has_ridder=0, Lambda_EDE_ridder=0.000000e+00, f_axion_ridder=1.000000e+16, theta_i_ridder=2.500000e+00, beta_ridder=0.000000e+00
BG_INIT: entering background_checks
BG_INIT: background_checks OK
DEBUG SHOOTING CHECK: has_ridder=0, model_type=0 (unified=1), use_shooting_EDE=0
BG_INIT: entering background_solve
BACKGROUND_SOLVE ENTERED: has_ridder=0 Lambda=0.00e+00
ABOUT TO INTEGRATE: bi_s[mcmc] Progress @ 2025-11-27 02:11:41 : 6556 steps taken, and 603 accepted.
ize=5 has_ridder=0 Lambda=0.00e+00
DERIVS_ENTRY: call#=1230000 has_ridder=0 Lambda=0.00e+00 a=8.40e-13
BG_INIT: background_solve OK
INPUT_READ: ridder_freeze_phi = 0 _TRUE_=1 (after class_read_flag)
DEBUG: Ridder field DISABLED. Lambda = 0.000000e+00
INPUT_READ: ridder_freeze_phi = 0 _TRUE_=1 (after class_read_flag)
DEBUG: Ridder field DISABLED. Lambda = 0.000000e+00, model_type not set to unified
BACKGROUND_INIT ENTERED: Lambda=0.00e+00
DEBUG BG_INIT ENTRY: model_type=0
DEBUG AFTER CHECKS: model_type=0 has_ridder=0
RIDDER DEBUG (background_init): has_ridder=0, Lambda_EDE_ridder=0.000000e+00, f_axion_ridder=1.000000e+16, theta_i_ridder=2.500000e+00, beta_ridder=0.000000e+00
BG_INIT: entering background_checks
BG_INIT: background_checks OK
DEBUG SHOOTING CHECK: has_ridder=0, model_type=0 (unified=1), use_shooting_EDE=0
BG_INIT: entering background_solve
BACKGROUND_SOLVE ENTERED: has_ridder=0 Lambda=0.00e+00
ABOUT TO INTEGRATE: bi_size=5 has_ridder=0 Lambda=0.00e+00
DERIVS_ENTRY: call#=1235000 has_ridder=0 Lambda=0.00e+00 a=6.24e-07
BG_INIT: background_solve OK
INPUT_READ: ridder_freeze_phi = 0 _TRUE_=1 (after class_read_flag)
DEBUG: Ridder field DISABLED. Lambda = 0.000000e+00
INPUT_READ: ridder_freeze_phi = 0 _TRUE_=1 (after class_read_flag)
DEBUG: Ridder field DISABLED. Lambda = 0.000000e+00, model_type not set to unified
BACKGROUND_INIT ENTERED: Lambda=0.00e+00
DEBUG BG_INIT ENTRY: model_type=0
DEBUG AFTER CHECKS: model_type=0 has_ridder=0
RIDDER DEBUG (background_init): has_ridder=0, Lambda_EDE_ridder=0.000000e+00, f_axion_ridder=1.000000e+16, theta_i_ridder=2.500000e+00, beta_ridder=0.000000e+00
BG_INIT: entering background_checks
BG_INIT: background_checks OK
DEBUG SHOOTING CHECK: has_ridder=0, model_type=0 (unified=1), use_shooting_EDE=0
BG_INIT: entering background_solve
BACKGROUND_SOLVE ENTERED: has_ridder=0 Lambda=0.00e+00
ABOUT TO INTEGRATE: bi_size=5 has_ridder=0 Lambda=0.00e+00
DERIVS_ENTRY: call#=1240000 has_ridder=0 Lambda=0.00e+00 a=8.74e-01
BG_INIT: background_solve OK
INPUT_READ: ridder_freeze_phi = 0 _TRUE_=1 (after class_read_flag)
DEBUG: Ridder field DISABLED. Lambda = 0.000000e+00
INPUT_READ: ridder_freeze_phi = 0 _TRUE_=1 (after class_read_flag)
DEBUG: Ridder field DISABLED. Lambda = 0.000000e+00, model_type not set to unified
BACKGROUND_INIT ENTERED: Lambda=0.00e+00
DEBUG BG_INIT ENTRY: model_type=0
DEBUG AFTER CHECKS: model_type=0 has_ridder=0
RIDDER DEBUG (background_init): has_ridder=0, Lambda_EDE_ridder=0.000000e+00, f_axion_ridder=1.000000e+16, theta_i_ridder=2.500000e+00, beta_ridder=0.000000e+00
BG_INIT: entering background_checks
BG_INIT: background_checks OK
DEBUG SHOOTING CHECK: has_ridder=0, model_type=0 (unified=1), use_shooting_EDE=0
BG_INIT: entering background_solve
BACKGROUND_SOLVE ENTERED: has_ridder=0 Lambda=0.00e+00
ABOUT TO INTEGRATE: bi_size=5 has_ridder=0 Lambda=0.00e+00
BG_INIT: background_solve OK
INPUT_READ: ridder_freeze_phi = 0 _TRUE_=1 (after class_read_flag)
DEBUG: Ridder field DISABLED. Lambda = 0.000000e+00
INPUT_READ: ridder_freeze_phi = 0 _TRUE_=1 (after class_read_flag)
DEBUG: Ridder field DISABLED. Lambda = 0.000000e+00, model_type not set to unified
BACKGROUND_INIT ENTERED: Lambda=0.00e+00
DEBUG BG_INIT ENTRY: model_type=0
DEBUG AFTER CHECKS: model_type=0 has_ridder=0
RIDDER DEBUG (background_init): has_ridder=0, Lambda_EDE_ridder=0.000000e+00, f_axion_ridder=1.000000e+16, theta_i_ridder=2.500000e+00, beta_ridder=0.000000e+00
BG_INIT: entering background_checks
BG_INIT: background_checks OK
DEBUG SHOOTING CHECK: has_ridder=0, model_type=0 (unified=1), use_shooting_EDE=0
BG_INIT: entering background_solve
BACKGROUND_SOLVE ENTERED: has_ridder=0 Lambda=0.00e+00
ABOUT TO INTEGRATE: bi_size=5 has_ridder=0 Lambda=0.00e+00
DERIVS_ENTRY: call#=1245000 has_ridder=0 Lambda=0.00e+00 a=9.37e-08
BG_INIT: background_solve OK
INPUT_READ: ridder_freeze_phi = 0 _TRUE_=1 (after class_read_flag)
DEBUG: Ridder field DISABLED. Lambda = 0.000000e+00
INPUT_READ: ridder_freeze_phi = 0 _TRUE_=1 (after class_read_flag)
DEBUG: Ridder field DISABLED. Lambda = 0.000000e+00, model_type not se[mcmc] Progress @ 2025-11-27 02:12:41 : 6691 steps taken, and 623 accepted.
t to unified
BACKGROUND_INIT ENTERED: Lambda=0.00e+00
DEBUG BG_INIT ENTRY: model_type=0
DEBUG AFTER CHECKS: model_type=0 has_ridder=0
RIDDER DEBUG (background_init): has_ridder=0, Lambda_EDE_ridder=0.000000e+00, f_axion_ridder=1.000000e+16, theta_i_ridder=2.500000e+00, beta_ridder=0.000000e+00
BG_INIT: entering background_checks
BG_INIT: background_checks OK
DEBUG SHOOTING CHECK: has_ridder=0, model_type=0 (unified=1), use_shooting_EDE=0
BG_INIT: entering background_solve
BACKGROUND_SOLVE ENTERED: has_ridder=0 Lambda=0.00e+00
ABOUT TO INTEGRATE: bi_size=5 has_ridder=0 Lambda=0.00e+00
DERIVS_ENTRY: call#=1250000 has_ridder=0 Lambda=0.00e+00 a=1.13e-01
BG_INIT: background_solve OK
INPUT_READ: ridder_freeze_phi = 0 _TRUE_=1 (after class_read_flag)
DEBUG: Ridder field DISABLED. Lambda = 0.000000e+00
INPUT_READ: ridder_freeze_phi = 0 _TRUE_=1 (after class_read_flag)
DEBUG: Ridder field DISABLED. Lambda = 0.000000e+00, model_type not set to unified
BACKGROUND_INIT ENTERED: Lambda=0.00e+00
DEBUG BG_INIT ENTRY: model_type=0
DEBUG AFTER CHECKS: model_type=0 has_ridder=0
RIDDER DEBUG (background_init): has_ridder=0, Lambda_EDE_ridder=0.000000e+00, f_axion_ridder=1.000000e+16, theta_i_ridder=2.500000e+00, beta_ridder=0.000000e+00
BG_INIT: entering background_checks
BG_INIT: background_checks OK
DEBUG SHOOTING CHECK: has_ridder=0, model_type=0 (unified=1), use_shooting_EDE=0
BG_INIT: entering background_solve
BACKGROUND_SOLVE ENTERED: has_ridder=0 Lambda=0.00e+00
ABOUT TO INTEGRATE: bi_size=5 has_ridder=0 Lambda=0.00e+00
BG_INIT: background_solve OK
INPUT_READ: ridder_freeze_phi = 0 _TRUE_=1 (after class_read_flag)
DEBUG: Ridder field DISABLED. Lambda = 0.000000e+00
INPUT_READ: ridder_freeze_phi = 0 _TRUE_=1 (after class_read_flag)
DEBUG: Ridder field DISABLED. Lambda = 0.000000e+00, model_type not set to unified
BACKGROUND_INIT ENTERED: Lambda=0.00e+00
DEBUG BG_INIT ENTRY: model_type=0
DEBUG AFTER CHECKS: model_type=0 has_ridder=0
RIDDER DEBUG (background_init): has_ridder=0, Lambda_EDE_ridder=0.000000e+00, f_axion_ridder=1.000000e+16, theta_i_ridder=2.500000e+00, beta_ridder=0.000000e+00
BG_INIT: entering background_checks
BG_INIT: background_checks OK
DEBUG SHOOTING CHECK: has_ridder=0, model_type=0 (unified=1), use_shooting_EDE=0
BG_INIT: entering background_solve
BACKGROUND_SOLVE ENTERED: has_ridder=0 Lambda=0.00e+00
ABOUT TO INTEGRATE: bi_size=5 has_ridder=0 Lambda=0.00e+00
DERIVS_ENTRY: call#=1255000 has_ridder=0 Lambda=0.00e+00 a=1.24e-08
BG_INIT: background_solve OK
INPUT_READ: ridder_freeze_phi = 0 _TRUE_=1 (after class_read_flag)
DEBUG: Ridder field DISABLED. Lambda = 0.000000e+00
INPUT_READ: ridder_freeze_phi = 0 _TRUE_=1 (after class_read_flag)
DEBUG: Ridder field DISABLED. Lambda = 0.000000e+00, model_type not set to unified
BACKGROUND_INIT ENTERED: Lambda=0.00e+00
DEBUG BG_INIT ENTRY: model_type=0
DEBUG AFTER CHECKS: model_type=0 has_ridder=0
RIDDER DEBUG (background_init): has_ridder=0, Lambda_EDE_ridder=0.000000e+00, f_axion_ridder=1.000000e+16, theta_i_ridder=2.500000e+00, beta_ridder=0.000000e+00
BG_INIT: entering background_checks
BG_INIT: background_checks OK
DEBUG SHOOTING CHECK: has_ridder=0, model_type=0 (unified=1), use_shooting_EDE=0
BG_INIT: entering background_solve
BACKGROUND_SOLVE ENTERED: has_ridder=0 Lambda=0.00e+00
ABOUT TO INTEGRATE: bi_size=5 has_ridder=0 Lambda=0.00e+00
DERIVS_ENTRY: call#=1260000 has_ridder=0 Lambda=0.00e+00 a=1.84e-03
BG_INIT: background_solve OK
INPUT_READ: ridder_freeze_phi = 0 _TRUE_=1 (after class_read_flag)
DEBUG: Ridder field DISABLED. Lambda = 0.000000e+00
INPUT_READ: ridder_freeze_phi = 0 _TRUE_=1 (after class_read_flag)
DEBUG: Ridder field DISABLED. Lambda = 0.000000e+00, model_type not set to unified
BACKGROUND_INIT ENTERED: Lambda=0.00e+00
DEBUG BG_INIT ENTRY: model_type=0
DEBUG AFTER CHECKS: model_type=0 has_ridder=0
RIDDER DEBUG (background_init): has_ridder=0, Lambda_EDE_ridder=0.000000e+00, f_axion_ridder=1.000000e+16, theta_i_ridder=2.500000e+00, beta_ridder=0.000000e+00
BG_INIT: entering background_checks
BG_INIT: background_checks OK
DEBUG SHOOTING CHECK: has_r[mcmc] Progress @ 2025-11-27 02:13:46 : 6762 steps taken, and 635 accepted.
idder=0, model_type=0 (unified=1), use_shooting_EDE=0
BG_INIT: entering background_solve
BACKGROUND_SOLVE ENTERED: has_ridder=0 Lambda=0.00e+00
ABOUT TO INTEGRATE: bi_size=5 has_ridder=0 Lambda=0.00e+00
BG_INIT: background_solve OK
INPUT_READ: ridder_freeze_phi = 0 _TRUE_=1 (after class_read_flag)
DEBUG: Ridder field DISABLED. Lambda = 0.000000e+00
INPUT_READ: ridder_freeze_phi = 0 _TRUE_=1 (after class_read_flag)
DEBUG: Ridder field DISABLED. Lambda = 0.000000e+00, model_type not set to unified
BACKGROUND_INIT ENTERED: Lambda=0.00e+00
DEBUG BG_INIT ENTRY: model_type=0
DEBUG AFTER CHECKS: model_type=0 has_ridder=0
RIDDER DEBUG (background_init): has_ridder=0, Lambda_EDE_ridder=0.000000e+00, f_axion_ridder=1.000000e+16, theta_i_ridder=2.500000e+00, beta_ridder=0.000000e+00
BG_INIT: entering background_checks
BG_INIT: background_checks OK
DEBUG SHOOTING CHECK: has_ridder=0, model_type=0 (unified=1), use_shooting_EDE=0
BG_INIT: entering background_solve
BACKGROUND_SOLVE ENTERED: has_ridder=0 Lambda=0.00e+00
ABOUT TO INTEGRATE: bi_size=5 has_ridder=0 Lambda=0.00e+00
DERIVS_ENTRY: call#=1265000 has_ridder=0 Lambda=0.00e+00 a=1.74e-09
BG_INIT: background_solve OK
INPUT_READ: ridder_freeze_phi = 0 _TRUE_=1 (after class_read_flag)
DEBUG: Ridder field DISABLED. Lambda = 0.000000e+00
INPUT_READ: ridder_freeze_phi = 0 _TRUE_=1 (after class_read_flag)
DEBUG: Ridder field DISABLED. Lambda = 0.000000e+00, model_type not set to unified
BACKGROUND_INIT ENTERED: Lambda=0.00e+00
DEBUG BG_INIT ENTRY: model_type=0
DEBUG AFTER CHECKS: model_type=0 has_ridder=0
RIDDER DEBUG (background_init): has_ridder=0, Lambda_EDE_ridder=0.000000e+00, f_axion_ridder=1.000000e+16, theta_i_ridder=2.500000e+00, beta_ridder=0.000000e+00
BG_INIT: entering background_checks
BG_INIT: background_checks OK
DEBUG SHOOTING CHECK: has_ridder=0, model_type=0 (unified=1), use_shooting_EDE=0
BG_INIT: entering background_solve
BACKGROUND_SOLVE ENTERED: has_ridder=0 Lambda=0.00e+00
ABOUT TO INTEGRATE: bi_size=5 has_ridder=0 Lambda=0.00e+00
DERIVS_ENTRY: call#=1270000 has_ridder=0 Lambda=0.00e+00 a=8.79e-05
BG_INIT: background_solve OK
INPUT_READ: ridder_freeze_phi = 0 _TRUE_=1 (after class_read_flag)
DEBUG: Ridder field DISABLED. Lambda = 0.000000e+00
INPUT_READ: ridder_freeze_phi = 0 _TRUE_=1 (after class_read_flag)
DEBUG: Ridder field DISABLED. Lambda = 0.000000e+00, model_type not set to unified
BACKGROUND_INIT ENTERED: Lambda=0.00e+00
DEBUG BG_INIT ENTRY: model_type=0
DEBUG AFTER CHECKS: model_type=0 has_ridder=0
RIDDER DEBUG (background_init): has_ridder=0, Lambda_EDE_ridder=0.000000e+00, f_axion_ridder=1.000000e+16, theta_i_ridder=2.500000e+00, beta_ridder=0.000000e+00
BG_INIT: entering background_checks
BG_INIT: background_checks OK
DEBUG SHOOTING CHECK: has_ridder=0, model_type=0 (unified=1), use_shooting_EDE=0
BG_INIT: entering background_solve
BACKGROUND_SOLVE ENTERED: has_ridder=0 Lambda=0.00e+00
ABOUT TO INTEGRATE: bi_size=5 has_ridder=0 Lambda=0.00e+00
BG_INIT: background_solve OK
INPUT_READ: ridder_freeze_phi = 0 _TRUE_=1 (after class_read_flag)
DEBUG: Ridder field DISABLED. Lambda = 0.000000e+00
INPUT_READ: ridder_freeze_phi = 0 _TRUE_=1 (after class_read_flag)
DEBUG: Ridder field DISABLED. Lambda = 0.000000e+00, model_type not set to unified
BACKGROUND_INIT ENTERED: Lambda=0.00e+00
DEBUG BG_INIT ENTRY: model_type=0
DEBUG AFTER CHECKS: model_type=0 has_ridder=0
RIDDER DEBUG (background_init): has_ridder=0, Lambda_EDE_ridder=0.000000e+00, f_axion_ridder=1.000000e+16, theta_i_ridder=2.500000e+00, beta_ridder=0.000000e+00
BG_INIT: entering background_checks
BG_INIT: background_checks OK
DEBUG SHOOTING CHECK: has_ridder=0, model_type=0 (unified=1), use_shooting_EDE=0
BG_INIT: entering background_solve
BACKGROUND_SOLVE ENTERED: has_ridder=0 Lambda=0.00e+00
ABOUT TO INTEGRATE: bi_size=5 has_ridder=0 Lambda=0.00e+00
DERIVS_ENTRY: call#=1275000 has_ridder=0 Lambda=0.00e+00 a=2.58e-10
BG_INIT: background_solve OK
INPUT_READ: ridder_freeze_phi = 0 _TRUE_=1 (after class_read_flag)
DEBUG: Ridder field DISABLED. Lambda = 0.000000e+00
INPUT_READ: ridder_freeze_phi = 0 _TR[mcmc] Progress @ 2025-11-27 02:14:47 : 6868 steps taken, and 650 accepted.
UE_=1 (after class_read_flag)
DEBUG: Ridder field DISABLED. Lambda = 0.000000e+00, model_type not set to unified
BACKGROUND_INIT ENTERED: Lambda=0.00e+00
DEBUG BG_INIT ENTRY: model_type=0
DEBUG AFTER CHECKS: model_type=0 has_ridder=0
RIDDER DEBUG (background_init): has_ridder=0, Lambda_EDE_ridder=0.000000e+00, f_axion_ridder=1.000000e+16, theta_i_ridder=2.500000e+00, beta_ridder=0.000000e+00
BG_INIT: entering background_checks
BG_INIT: background_checks OK
DEBUG SHOOTING CHECK: has_ridder=0, model_type=0 (unified=1), use_shooting_EDE=0
BG_INIT: entering background_solve
BACKGROUND_SOLVE ENTERED: has_ridder=0 Lambda=0.00e+00
ABOUT TO INTEGRATE: bi_size=5 has_ridder=0 Lambda=0.00e+00
DERIVS_ENTRY: call#=1280000 has_ridder=0 Lambda=0.00e+00 a=1.25e-05
BG_INIT: background_solve OK
INPUT_READ: ridder_freeze_phi = 0 _TRUE_=1 (after class_read_flag)
DEBUG: Ridder field DISABLED. Lambda = 0.000000e+00
INPUT_READ: ridder_freeze_phi = 0 _TRUE_=1 (after class_read_flag)
DEBUG: Ridder field DISABLED. Lambda = 0.000000e+00, model_type not set to unified
BACKGROUND_INIT ENTERED: Lambda=0.00e+00
DEBUG BG_INIT ENTRY: model_type=0
DEBUG AFTER CHECKS: model_type=0 has_ridder=0
RIDDER DEBUG (background_init): has_ridder=0, Lambda_EDE_ridder=0.000000e+00, f_axion_ridder=1.000000e+16, theta_i_ridder=2.500000e+00, beta_ridder=0.000000e+00
BG_INIT: entering background_checks
BG_INIT: background_checks OK
DEBUG SHOOTING CHECK: has_ridder=0, model_type=0 (unified=1), use_shooting_EDE=0
BG_INIT: entering background_solve
BACKGROUND_SOLVE ENTERED: has_ridder=0 Lambda=0.00e+00
ABOUT TO INTEGRATE: bi_size=5 has_ridder=0 Lambda=0.00e+00
BG_INIT: background_solve OK
INPUT_READ: ridder_freeze_phi = 0 _TRUE_=1 (after class_read_flag)
DEBUG: Ridder field DISABLED. Lambda = 0.000000e+00
INPUT_READ: ridder_freeze_phi = 0 _TRUE_=1 (after class_read_flag)
DEBUG: Ridder field DISABLED. Lambda = 0.000000e+00, model_type not set to unified
BACKGROUND_INIT ENTERED: Lambda=0.00e+00
DEBUG BG_INIT ENTRY: model_type=0
DEBUG AFTER CHECKS: model_type=0 has_ridder=0
RIDDER DEBUG (background_init): has_ridder=0, Lambda_EDE_ridder=0.000000e+00, f_axion_ridder=1.000000e+16, theta_i_ridder=2.500000e+00, beta_ridder=0.000000e+00
BG_INIT: entering background_checks
BG_INIT: background_checks OK
DEBUG SHOOTING CHECK: has_ridder=0, model_type=0 (unified=1), use_shooting_EDE=0
BG_INIT: entering background_solve
BACKGROUND_SOLVE ENTERED: has_ridder=0 Lambda=0.00e+00
ABOUT TO INTEGRATE: bi_size=5 has_ridder=0 Lambda=0.00e+00
DERIVS_ENTRY: call#=1285000 has_ridder=0 Lambda=0.00e+00 a=2.73e-11
BG_INIT: background_solve OK
INPUT_READ: ridder_freeze_phi = 0 _TRUE_=1 (after class_read_flag)
DEBUG: Ridder field DISABLED. Lambda = 0.000000e+00
INPUT_READ: ridder_freeze_phi = 0 _TRUE_=1 (after class_read_flag)
DEBUG: Ridder field DISABLED. Lambda = 0.000000e+00, model_type not set to unified
BACKGROUND_INIT ENTERED: Lambda=0.00e+00
DEBUG BG_INIT ENTRY: model_type=0
DEBUG AFTER CHECKS: model_type=0 has_ridder=0
RIDDER DEBUG (background_init): has_ridder=0, Lambda_EDE_ridder=0.000000e+00, f_axion_ridder=1.000000e+16, theta_i_ridder=2.500000e+00, beta_ridder=0.000000e+00
BG_INIT: entering background_checks
BG_INIT: background_checks OK
DEBUG SHOOTING CHECK: has_ridder=0, model_type=0 (unified=1), use_shooting_EDE=0
BG_INIT: entering background_solve
BACKGROUND_SOLVE ENTERED: has_ridder=0 Lambda=0.00e+00
ABOUT TO INTEGRATE: bi_size=5 has_ridder=0 Lambda=0.00e+00
DERIVS_ENTRY: call#=1290000 has_ridder=0 Lambda=0.00e+00 a=1.87e-06
BG_INIT: background_solve OK
INPUT_READ: ridder_freeze_phi = 0 _TRUE_=1 (after class_read_flag)
DEBUG: Ridder field DISABLED. Lambda = 0.000000e+00
INPUT_READ: ridder_freeze_phi = 0 _TRUE_=1 (after class_read_flag)
DEBUG: Ridder field DISABLED. Lambda = 0.000000e+00, model_type not set to unified
BACKGROUND_INIT ENTERED: Lambda=0.00e+00
DEBUG BG_INIT ENTRY: model_type=0
DEBUG AFTER CHECKS: model_type=0 has_ridder=0
RIDDER DEBUG (background_init): has_ridder=0, Lambda_EDE_ridder=0.000000e+00, f_axion_ridder=1.000000e+16, theta_i_ridder=2.500000e+00, beta_ridder=0.0000[mcmc] Progress @ 2025-11-27 02:15:55 : 6962 steps taken, and 663 accepted.
00e+00
BG_INIT: entering background_checks
BG_INIT: background_checks OK
DEBUG SHOOTING CHECK: has_ridder=0, model_type=0 (unified=1), use_shooting_EDE=0
BG_INIT: entering background_solve
BACKGROUND_SOLVE ENTERED: has_ridder=0 Lambda=0.00e+00
ABOUT TO INTEGRATE: bi_size=5 has_ridder=0 Lambda=0.00e+00
BG_INIT: background_solve OK
INPUT_READ: ridder_freeze_phi = 0 _TRUE_=1 (after class_read_flag)
DEBUG: Ridder field DISABLED. Lambda = 0.000000e+00
INPUT_READ: ridder_freeze_phi = 0 _TRUE_=1 (after class_read_flag)
DEBUG: Ridder field DISABLED. Lambda = 0.000000e+00, model_type not set to unified
BACKGROUND_INIT ENTERED: Lambda=0.00e+00
DEBUG BG_INIT ENTRY: model_type=0
DEBUG AFTER CHECKS: model_type=0 has_ridder=0
RIDDER DEBUG (background_init): has_ridder=0, Lambda_EDE_ridder=0.000000e+00, f_axion_ridder=1.000000e+16, theta_i_ridder=2.500000e+00, beta_ridder=0.000000e+00
BG_INIT: entering background_checks
BG_INIT: background_checks OK
DEBUG SHOOTING CHECK: has_ridder=0, model_type=0 (unified=1), use_shooting_EDE=0
BG_INIT: entering background_solve
BACKGROUND_SOLVE ENTERED: has_ridder=0 Lambda=0.00e+00
ABOUT TO INTEGRATE: bi_size=5 has_ridder=0 Lambda=0.00e+00
DERIVS_ENTRY: call#=1295000 has_ridder=0 Lambda=0.00e+00 a=3.79e-14
BG_INIT: background_solve OK
INPUT_READ: ridder_freeze_phi = 0 _TRUE_=1 (after class_read_flag)
DEBUG: Ridder field DISABLED. Lambda = 0.000000e+00
INPUT_READ: ridder_freeze_phi = 0 _TRUE_=1 (after class_read_flag)
DEBUG: Ridder field DISABLED. Lambda = 0.000000e+00, model_type not set to unified
BACKGROUND_INIT ENTERED: Lambda=0.00e+00
DEBUG BG_INIT ENTRY: model_type=0
DEBUG AFTER CHECKS: model_type=0 has_ridder=0
RIDDER DEBUG (background_init): has_ridder=0, Lambda_EDE_ridder=0.000000e+00, f_axion_ridder=1.000000e+16, theta_i_ridder=2.500000e+00, beta_ridder=0.000000e+00
BG_INIT: entering background_checks
BG_INIT: background_checks OK
DEBUG SHOOTING CHECK: has_ridder=0, model_type=0 (unified=1), use_shooting_EDE=0
BG_INIT: entering background_solve
BACKGROUND_SOLVE ENTERED: has_ridder=0 Lambda=0.00e+00
ABOUT TO INTEGRATE: bi_size=5 has_ridder=0 Lambda=0.00e+00
DERIVS_ENTRY: call#=1300000 has_ridder=0 Lambda=0.00e+00 a=2.56e-07
BG_INIT: background_solve OK
INPUT_READ: ridder_freeze_phi = 0 _TRUE_=1 (after class_read_flag)
DEBUG: Ridder field DISABLED. Lambda = 0.000000e+00
INPUT_READ: ridder_freeze_phi = 0 _TRUE_=1 (after class_read_flag)
DEBUG: Ridder field DISABLED. Lambda = 0.000000e+00, model_type not set to unified
BACKGROUND_INIT ENTERED: Lambda=0.00e+00
DEBUG BG_INIT ENTRY: model_type=0
DEBUG AFTER CHECKS: model_type=0 has_ridder=0
RIDDER DEBUG (background_init): has_ridder=0, Lambda_EDE_ridder=0.000000e+00, f_axion_ridder=1.000000e+16, theta_i_ridder=2.500000e+00, beta_ridder=0.000000e+00
BG_INIT: entering background_checks
BG_INIT: background_checks OK
DEBUG SHOOTING CHECK: has_ridder=0, model_type=0 (unified=1), use_shooting_EDE=0
BG_INIT: entering background_solve
BACKGROUND_SOLVE ENTERED: has_ridder=0 Lambda=0.00e+00
ABOUT TO INTEGRATE: bi_size=5 has_ridder=0 Lambda=0.00e+00
DERIVS_ENTRY: call#=1305000 has_ridder=0 Lambda=0.00e+00 a=3.80e-01
BG_INIT: background_solve OK
INPUT_READ: ridder_freeze_phi = 0 _TRUE_=1 (after class_read_flag)
DEBUG: Ridder field DISABLED. Lambda = 0.000000e+00
INPUT_READ: ridder_freeze_phi = 0 _TRUE_=1 (after class_read_flag)
DEBUG: Ridder field DISABLED. Lambda = 0.000000e+00, model_type not set to unified
BACKGROUND_INIT ENTERED: Lambda=0.00e+00
DEBUG BG_INIT ENTRY: model_type=0
DEBUG AFTER CHECKS: model_type=0 has_ridder=0
RIDDER DEBUG (background_init): has_ridder=0, Lambda_EDE_ridder=0.000000e+00, f_axion_ridder=1.000000e+16, theta_i_ridder=2.500000e+00, beta_ridder=0.000000e+00
BG_INIT: entering background_checks
BG_INIT: background_checks OK
DEBUG SHOOTING CHECK: has_ridder=0, model_type=0 (unified=1), use_shooting_EDE=0
BG_INIT: entering background_solve
BACKGROUND_SOLVE ENTERED: has_ridder=0 Lambda=0.00e+00
ABOUT TO INTEGRATE: bi_size=5 has_ridder=0 Lambda=0.00e+00
BG_INIT: background_solve OK
INPUT_READ: ridder_freeze_phi = 0 _TRUE_=1 (after class_read_flag)
DEBUG: Ridder field DISABLED. Lambda = 0.000000e+00
INPUT_READ: ridder_freeze_phi = 0 _TRUE_=1 (after class_read_flag)
DEBUG: Ridder field DISABLED. Lambda = 0.000000e+00, model_type not set to unified
BACKGROUND_INIT ENTERED: Lambda=0.00e+00
DEBUG BG_INIT ENTRY: model_type=0
DEBUG AFTER CHECKS: model_type=0 has_ridder=0
RIDDER DEBUG (background_init): has_ridder=0, Lambda_EDE_ridder=0.000000e+00, f_axion_ridder=1.000000e+16, theta_i_ridder=2.500000e+00, beta_ridder=0.000000e+00
BG_INIT: entering background_checks
BG_INIT: background_checks OK
DEBUG SHOOTING CHECK: has_ridder=0, model_type=0 (unified=1), use_shooting_EDE=0
BG_INIT: entering background_solve
BACKGROUND_SOLVE ENTERED: has_ridder=0 Lambda=0.00e+00
ABOUT TO INTEGRATE: bi_size=5 has_ridder=0 Lambda=0.00e+00
DERIVS_ENTRY: call#=1310000 has_ridder=0 Lambda=0.00e+00 a=3.68e-08
BG_INIT: background_solve OK
INPUT_READ: ridder_freeze_phi = 0 _TRUE_=1 (after class_read_flag)
DEBUG: Ridder field DISABLED. Lambda = 0.000000e+00
INPUT_READ: ridder_freeze_phi = 0 _TRUE_=1 (after class_read_flag)
DEBUG: Ridder field DISABLED. Lambda = 0.000000e+00, model_type not set to unified
BACKGROUND_INIT ENTERED: Lambda=0.00e+00
DEBUG BG_INIT ENTRY: model_type=0
DEBUG AFTER CHECKS: model_type=0 has_ridder=0
RIDDER DEBUG (background_init): has_ridder=0, Lambda_EDE_ridder=0.000000e+00, f_axion_ridder=1.000000e+16, theta_i_ridder=2.500000e+00, beta_ridder=0.000000e+00
BG_INIT: entering background_checks
BG_INIT: background_checks OK
DEBUG SHOOTING CHECK: has_ridder=0, model_type=0 (unified=1), use_shooting_EDE=0
BG_INIT: entering background_solve
BACKGROUND_SOLVE ENTERED: has_ridder=0 Lambda=0.00e+00
ABOUT TO INTEGRATE: bi_size=5 has_ridder=0 Lambda=0.00e+00
DERIVS_ENTRY: call#=1315000 has_ridder=0 Lambda=0.00e+00 a=1.60e-02
BG_INIT: background_solve OK
INPUT_READ: ridder_freeze_phi = 0 _TRUE_=1 (after class_read_flag)
DEBUG: Ridder field DISABLED. Lambda = 0.000000e+00
INPUT_READ: ridder_freeze_phi = 0 _TRUE_=1 (after class_read_flag)
DEBUG: Ridder field DISABLED. Lambda = 0.000000e+00, model_type not set to unified
BACKGROUND_INIT ENTERED: Lambda=0.00e+00
DEBUG BG_INIT ENTRY: model_type=0
DEBUG AFTER CHECKS: model_type=0 has_ridder=0
RIDDER DEBUG (background_init): has_ridder=0, Lambda_EDE_ridder=0.000000e+00, f_axion_ridder=1.000000e+16, theta_i_ridder=2.500000e+00, beta_ridder=0.000000e+00
BG_INIT: entering background_checks
BG_INIT: background_checks OK
DEBUG SHOOTING CHECK: has_ridder=0, model_type=0 (unified=1), use_shooting_EDE=0
BG_INIT: entering background_solve
BACKGROUND_SOLVE ENTERED: has_ridder=0 Lambda=0.00e+00
ABOUT TO INTEGRATE: bi_size=5 has_ridder=0 Lambda=0.00e+00
BG_INIT: background_solve OK
INPUT_READ: ridder_freeze_phi = 0 _TRUE_=1 (after class_read_flag)
DEBUG: Ridder field DISABLED. Lambda = 0.000000e+00
INPUT_READ: ridder_freeze_phi = 0 _TRUE_=1 (after class_read_flag)
DEBUG: Ridder field DISABLED. Lambda = 0.000000e+00, model_type not set to unified
BACKGROUND_INIT ENTERED: Lambda=0.00e+00
DEBUG BG_INIT ENTRY: model_type=0
DEBUG AFTER CHECKS: model_type=0 has_ridder=0
RIDDER DEBUG (background_init): has_ridder=0, Lambda_EDE_ridder=0.000000e+00, f_axion_ridder=1.000000e+16, theta_i_ridder=2.500000e+00, beta_ridder=0.000000e+00
BG_INIT: entering background_checks
BG_INIT: background_checks OK
DEBUG SHOOTING CHECK: has_ridder=0, model_type=0 (unified=1), use_shooting_EDE=0
BG_INIT: entering background_solve
BACKGROUND_SOLVE ENTERED: has_ridder=0 Lambda=0.00e+00
ABOUT TO INTEGRATE: bi_size=5 has_ridder=0 Lambda=0.00e+00
DERIVS_ENTRY: call#=1320000 has_ridder=0 Lambda=0.00e+00 a=5.38e-09
BG_INIT: background_solve OK
INPUT_READ: ridder_freeze_phi = 0 _TRUE_=1 (after class_read_flag)
DEBUG: Ridder field DISABLED. Lambda = 0.000000e+00
INPUT_READ: ridder_freeze_phi = 0 _TRUE_=1 (after class_read_flag)
DEBUG: Ridder field DISABLED. Lambda = 0.000000e+00, model_type not set to unified
BACKGROUND_INIT ENTERED: Lambda=0.00e+00
DEBUG BG_INIT ENTRY: model_type=0
DEBUG AFTER CHECKS: model_type=0 has_ridder=0
RIDDER DEBUG (background_init): has_ridder=0, Lambda_E[mcmc] Progress @ 2025-11-27 02:16:55 : 7058 steps taken, and 680 accepted.
DE_ridder=0.000000e+00, f_axion_ridder=1.000000e+16, theta_i_ridder=2.500000e+00, beta_ridder=0.000000e+00
BG_INIT: entering background_checks
BG_INIT: background_checks OK
DEBUG SHOOTING CHECK: has_ridder=0, model_type=0 (unified=1), use_shooting_EDE=0
BG_INIT: entering background_solve
BACKGROUND_SOLVE ENTERED: has_ridder=0 Lambda=0.00e+00
ABOUT TO INTEGRATE: bi_size=5 has_ridder=0 Lambda=0.00e+00
DERIVS_ENTRY: call#=1325000 has_ridder=0 Lambda=0.00e+00 a=3.60e-04
BG_INIT: background_solve OK
INPUT_READ: ridder_freeze_phi = 0 _TRUE_=1 (after class_read_flag)
DEBUG: Ridder field DISABLED. Lambda = 0.000000e+00
INPUT_READ: ridder_freeze_phi = 0 _TRUE_=1 (after class_read_flag)
DEBUG: Ridder field DISABLED. Lambda = 0.000000e+00, model_type not set to unified
BACKGROUND_INIT ENTERED: Lambda=0.00e+00
DEBUG BG_INIT ENTRY: model_type=0
DEBUG AFTER CHECKS: model_type=0 has_ridder=0
RIDDER DEBUG (background_init): has_ridder=0, Lambda_EDE_ridder=0.000000e+00, f_axion_ridder=1.000000e+16, theta_i_ridder=2.500000e+00, beta_ridder=0.000000e+00
BG_INIT: entering background_checks
BG_INIT: background_checks OK
DEBUG SHOOTING CHECK: has_ridder=0, model_type=0 (unified=1), use_shooting_EDE=0
BG_INIT: entering background_solve
BACKGROUND_SOLVE ENTERED: has_ridder=0 Lambda=0.00e+00
ABOUT TO INTEGRATE: bi_size=5 has_ridder=0 Lambda=0.00e+00
BG_INIT: background_solve OK
INPUT_READ: ridder_freeze_phi = 0 _TRUE_=1 (after class_read_flag)
DEBUG: Ridder field DISABLED. Lambda = 0.000000e+00
INPUT_READ: ridder_freeze_phi = 0 _TRUE_=1 (after class_read_flag)
DEBUG: Ridder field DISABLED. Lambda = 0.000000e+00, model_type not set to unified
BACKGROUND_INIT ENTERED: Lambda=0.00e+00
DEBUG BG_INIT ENTRY: model_type=0
DEBUG AFTER CHECKS: model_type=0 has_ridder=0
RIDDER DEBUG (background_init): has_ridder=0, Lambda_EDE_ridder=0.000000e+00, f_axion_ridder=1.000000e+16, theta_i_ridder=2.500000e+00, beta_ridder=0.000000e+00
BG_INIT: entering background_checks
BG_INIT: background_checks OK
DEBUG SHOOTING CHECK: has_ridder=0, model_type=0 (unified=1), use_shooting_EDE=0
BG_INIT: entering background_solve
BACKGROUND_SOLVE ENTERED: has_ridder=0 Lambda=0.00e+00
ABOUT TO INTEGRATE: bi_size=5 has_ridder=0 Lambda=0.00e+00
DERIVS_ENTRY: call#=1330000 has_ridder=0 Lambda=0.00e+00 a=8.18e-10
BG_INIT: background_solve OK
INPUT_READ: ridder_freeze_phi = 0 _TRUE_=1 (after class_read_flag)
DEBUG: Ridder field DISABLED. Lambda = 0.000000e+00
INPUT_READ: ridder_freeze_phi = 0 _TRUE_=1 (after class_read_flag)
DEBUG: Ridder field DISABLED. Lambda = 0.000000e+00, model_type not set to unified
BACKGROUND_INIT ENTERED: Lambda=0.00e+00
DEBUG BG_INIT ENTRY: model_type=0
DEBUG AFTER CHECKS: model_type=0 has_ridder=0
RIDDER DEBUG (background_init): has_ridder=0, Lambda_EDE_ridder=0.000000e+00, f_axion_ridder=1.000000e+16, theta_i_ridder=2.500000e+00, beta_ridder=0.000000e+00
BG_INIT: entering background_checks
BG_INIT: background_checks OK
DEBUG SHOOTING CHECK: has_ridder=0, model_type=0 (unified=1), use_shooting_EDE=0
BG_INIT: entering background_solve
BACKGROUND_SOLVE ENTERED: has_ridder=0 Lambda=0.00e+00
ABOUT TO INTEGRATE: bi_size=5 has_ridder=0 Lambda=0.00e+00
DERIVS_ENTRY: call#=1335000 has_ridder=0 Lambda=0.00e+00 a=4.13e-05
BG_INIT: background_solve OK
INPUT_READ: ridder_freeze_phi = 0 _TRUE_=1 (after class_read_flag)
DEBUG: Ridder field DISABLED. Lambda = 0.000000e+00
INPUT_READ: ridder_freeze_phi = 0 _TRUE_=1 (after class_read_flag)
DEBUG: Ridder field DISABLED. Lambda = 0.000000e+00, model_type not set to unified
BACKGROUND_INIT ENTERED: Lambda=0.00e+00
DEBUG BG_INIT ENTRY: model_type=0
DEBUG AFTER CHECKS: model_type=0 has_ridder=0
RIDDER DEBUG (background_init): has_ridder=0, Lambda_EDE_ridder=0.000000e+00, f_axion_ridder=1.000000e+16, theta_i_ridder=2.500000e+00, beta_ridder=0.000000e+00
BG_INIT: entering background_checks
BG_INIT: background_checks OK
DEBUG SHOOTING CHECK: has_ridder=0, model_type=0 (unified=1), use_shooting_EDE=0
BG_INIT: entering background_solve
BACKGROUND_SOLVE ENTERED: has_ridder=0 Lambda=0.00e+00
ABOUT TO INTEGRATE: bi_size=5 has_ridder=0 L[mcmc] Progress @ 2025-11-27 02:17:58 : 7160 steps taken, and 695 accepted.
ambda=0.00e+00
BG_INIT: background_solve OK
INPUT_READ: ridder_freeze_phi = 0 _TRUE_=1 (after class_read_flag)
DEBUG: Ridder field DISABLED. Lambda = 0.000000e+00
INPUT_READ: ridder_freeze_phi = 0 _TRUE_=1 (after class_read_flag)
DEBUG: Ridder field DISABLED. Lambda = 0.000000e+00, model_type not set to unified
BACKGROUND_INIT ENTERED: Lambda=0.00e+00
DEBUG BG_INIT ENTRY: model_type=0
DEBUG AFTER CHECKS: model_type=0 has_ridder=0
RIDDER DEBUG (background_init): has_ridder=0, Lambda_EDE_ridder=0.000000e+00, f_axion_ridder=1.000000e+16, theta_i_ridder=2.500000e+00, beta_ridder=0.000000e+00
BG_INIT: entering background_checks
BG_INIT: background_checks OK
DEBUG SHOOTING CHECK: has_ridder=0, model_type=0 (unified=1), use_shooting_EDE=0
BG_INIT: entering background_solve
BACKGROUND_SOLVE ENTERED: has_ridder=0 Lambda=0.00e+00
ABOUT TO INTEGRATE: bi_size=5 has_ridder=0 Lambda=0.00e+00
DERIVS_ENTRY: call#=1340000 has_ridder=0 Lambda=0.00e+00 a=1.21e-10
BG_INIT: background_solve OK
INPUT_READ: ridder_freeze_phi = 0 _TRUE_=1 (after class_read_flag)
DEBUG: Ridder field DISABLED. Lambda = 0.000000e+00
INPUT_READ: ridder_freeze_phi = 0 _TRUE_=1 (after class_read_flag)
DEBUG: Ridder field DISABLED. Lambda = 0.000000e+00, model_type not set to unified
BACKGROUND_INIT ENTERED: Lambda=0.00e+00
DEBUG BG_INIT ENTRY: model_type=0
DEBUG AFTER CHECKS: model_type=0 has_ridder=0
RIDDER DEBUG (background_init): has_ridder=0, Lambda_EDE_ridder=0.000000e+00, f_axion_ridder=1.000000e+16, theta_i_ridder=2.500000e+00, beta_ridder=0.000000e+00
BG_INIT: entering background_checks
BG_INIT: background_checks OK
DEBUG SHOOTING CHECK: has_ridder=0, model_type=0 (unified=1), use_shooting_EDE=0
BG_INIT: entering background_solve
BACKGROUND_SOLVE ENTERED: has_ridder=0 Lambda=0.00e+00
ABOUT TO INTEGRATE: bi_size=5 has_ridder=0 Lambda=0.00e+00
DERIVS_ENTRY: call#=1345000 has_ridder=0 Lambda=0.00e+00 a=5.78e-06
BG_INIT: background_solve OK
INPUT_READ: ridder_freeze_phi = 0 _TRUE_=1 (after class_read_flag)
DEBUG: Ridder field DISABLED. Lambda = 0.000000e+00
INPUT_READ: ridder_freeze_phi = 0 _TRUE_=1 (after class_read_flag)
DEBUG: Ridder field DISABLED. Lambda = 0.000000e+00, model_type not set to unified
BACKGROUND_INIT ENTERED: Lambda=0.00e+00
DEBUG BG_INIT ENTRY: model_type=0
DEBUG AFTER CHECKS: model_type=0 has_ridder=0
RIDDER DEBUG (background_init): has_ridder=0, Lambda_EDE_ridder=0.000000e+00, f_axion_ridder=1.000000e+16, theta_i_ridder=2.500000e+00, beta_ridder=0.000000e+00
BG_INIT: entering background_checks
BG_INIT: background_checks OK
DEBUG SHOOTING CHECK: has_ridder=0, model_type=0 (unified=1), use_shooting_EDE=0
BG_INIT: entering background_solve
BACKGROUND_SOLVE ENTERED: has_ridder=0 Lambda=0.00e+00
ABOUT TO INTEGRATE: bi_size=5 has_ridder=0 Lambda=0.00e+00
BG_INIT: background_solve OK
INPUT_READ: ridder_freeze_phi = 0 _TRUE_=1 (after class_read_flag)
DEBUG: Ridder field DISABLED. Lambda = 0.000000e+00
INPUT_READ: ridder_freeze_phi = 0 _TRUE_=1 (after class_read_flag)
DEBUG: Ridder field DISABLED. Lambda = 0.000000e+00, model_type not set to unified
BACKGROUND_INIT ENTERED: Lambda=0.00e+00
DEBUG BG_INIT ENTRY: model_type=0
DEBUG AFTER CHECKS: model_type=0 has_ridder=0
RIDDER DEBUG (background_init): has_ridder=0, Lambda_EDE_ridder=0.000000e+00, f_axion_ridder=1.000000e+16, theta_i_ridder=2.500000e+00, beta_ridder=0.000000e+00
BG_INIT: entering background_checks
BG_INIT: background_checks OK
DEBUG SHOOTING CHECK: has_ridder=0, model_type=0 (unified=1), use_shooting_EDE=0
BG_INIT: entering background_solve
BACKGROUND_SOLVE ENTERED: has_ridder=0 Lambda=0.00e+00
ABOUT TO INTEGRATE: bi_size=5 has_ridder=0 Lambda=0.00e+00
DERIVS_ENTRY: call#=1350000 has_ridder=0 Lambda=0.00e+00 a=2.09e-12
BG_INIT: background_solve OK
INPUT_READ: ridder_freeze_phi = 0 _TRUE_=1 (after class_read_flag)
DEBUG: Ridder field DISABLED. Lambda = 0.000000e+00
INPUT_READ: ridder_freeze_phi = 0 _TRUE_=1 (after class_read_flag)
DEBUG: Ridder field DISABLED. Lambda = 0.000000e+00, model_type not set to unified
BACKGROUND_INIT ENTERED: Lambda=0.00e+00
DEBUG BG_INIT ENTRY: model_type=0
[mcmc] Progress @ 2025-11-27 02:18:59 : 7232 steps taken, and 709 accepted.
DEBUG AFTER CHECKS: model_type=0 has_ridder=0
RIDDER DEBUG (background_init): has_ridder=0, Lambda_EDE_ridder=0.000000e+00, f_axion_ridder=1.000000e+16, theta_i_ridder=2.500000e+00, beta_ridder=0.000000e+00
BG_INIT: entering background_checks
BG_INIT: background_checks OK
DEBUG SHOOTING CHECK: has_ridder=0, model_type=0 (unified=1), use_shooting_EDE=0
BG_INIT: entering background_solve
BACKGROUND_SOLVE ENTERED: has_ridder=0 Lambda=0.00e+00
ABOUT TO INTEGRATE: bi_size=5 has_ridder=0 Lambda=0.00e+00
DERIVS_ENTRY: call#=1355000 has_ridder=0 Lambda=0.00e+00 a=8.56e-07
BG_INIT: background_solve OK
INPUT_READ: ridder_freeze_phi = 0 _TRUE_=1 (after class_read_flag)
DEBUG: Ridder field DISABLED. Lambda = 0.000000e+00
INPUT_READ: ridder_freeze_phi = 0 _TRUE_=1 (after class_read_flag)
DEBUG: Ridder field DISABLED. Lambda = 0.000000e+00, model_type not set to unified
BACKGROUND_INIT ENTERED: Lambda=0.00e+00
DEBUG BG_INIT ENTRY: model_type=0
DEBUG AFTER CHECKS: model_type=0 has_ridder=0
RIDDER DEBUG (background_init): has_ridder=0, Lambda_EDE_ridder=0.000000e+00, f_axion_ridder=1.000000e+16, theta_i_ridder=2.500000e+00, beta_ridder=0.000000e+00
BG_INIT: entering background_checks
BG_INIT: background_checks OK
DEBUG SHOOTING CHECK: has_ridder=0, model_type=0 (unified=1), use_shooting_EDE=0
BG_INIT: entering background_solve
BACKGROUND_SOLVE ENTERED: has_ridder=0 Lambda=0.00e+00
ABOUT TO INTEGRATE: bi_size=5 has_ridder=0 Lambda=0.00e+00
BG_INIT: background_solve OK
INPUT_READ: ridder_freeze_phi = 0 _TRUE_=1 (after class_read_flag)
DEBUG: Ridder field DISABLED. Lambda = 0.000000e+00
INPUT_READ: ridder_freeze_phi = 0 _TRUE_=1 (after class_read_flag)
DEBUG: Ridder field DISABLED. Lambda = 0.000000e+00, model_type not set to unified
BACKGROUND_INIT ENTERED: Lambda=0.00e+00
DEBUG BG_INIT ENTRY: model_type=0
DEBUG AFTER CHECKS: model_type=0 has_ridder=0
RIDDER DEBUG (background_init): has_ridder=0, Lambda_EDE_ridder=0.000000e+00, f_axion_ridder=1.000000e+16, theta_i_ridder=2.500000e+00, beta_ridder=0.000000e+00
BG_INIT: entering background_checks
BG_INIT: background_checks OK
DEBUG SHOOTING CHECK: has_ridder=0, model_type=0 (unified=1), use_shooting_EDE=0
BG_INIT: entering background_solve
BACKGROUND_SOLVE ENTERED: has_ridder=0 Lambda=0.00e+00
ABOUT TO INTEGRATE: bi_size=5 has_ridder=0 Lambda=0.00e+00
DERIVS_ENTRY: call#=1360000 has_ridder=0 Lambda=0.00e+00 a=1.00e-14
BG_INIT: background_solve OK
INPUT_READ: ridder_freeze_phi = 0 _TRUE_=1 (after class_read_flag)
DEBUG: Ridder field DISABLED. Lambda = 0.000000e+00
INPUT_READ: ridder_freeze_phi = 0 _TRUE_=1 (after class_read_flag)
DEBUG: Ridder field DISABLED. Lambda = 0.000000e+00, model_type not set to unified
BACKGROUND_INIT ENTERED: Lambda=0.00e+00
DEBUG BG_INIT ENTRY: model_type=0
DEBUG AFTER CHECKS: model_type=0 has_ridder=0
RIDDER DEBUG (background_init): has_ridder=0, Lambda_EDE_ridder=0.000000e+00, f_axion_ridder=1.000000e+16, theta_i_ridder=2.500000e+00, beta_ridder=0.000000e+00
BG_INIT: entering background_checks
BG_INIT: background_checks OK
DEBUG SHOOTING CHECK: has_ridder=0, model_type=0 (unified=1), use_shooting_EDE=0
BG_INIT: entering background_solve
BACKGROUND_SOLVE ENTERED: has_ridder=0 Lambda=0.00e+00
ABOUT TO INTEGRATE: bi_size=5 has_ridder=0 Lambda=0.00e+00
DERIVS_ENTRY: call#=1365000 has_ridder=0 Lambda=0.00e+00 a=1.23e-07
BG_INIT: background_solve OK
INPUT_READ: ridder_freeze_phi = 0 _TRUE_=1 (after class_read_flag)
DEBUG: Ridder field DISABLED. Lambda = 0.000000e+00
INPUT_READ: ridder_freeze_phi = 0 _TRUE_=1 (after class_read_flag)
DEBUG: Ridder field DISABLED. Lambda = 0.000000e+00, model_type not set to unified
BACKGROUND_INIT ENTERED: Lambda=0.00e+00
DEBUG BG_INIT ENTRY: model_type=0
DEBUG AFTER CHECKS: model_type=0 has_ridder=0
RIDDER DEBUG (background_init): has_ridder=0, Lambda_EDE_ridder=0.000000e+00, f_axion_ridder=1.000000e+16, theta_i_ridder=2.500000e+00, beta_ridder=0.000000e+00
BG_INIT: entering background_checks
BG_INIT: background_checks OK
DEBUG SHOOTING CHECK: has_ridder=0, model_type=0 (unified=1), use_shooting_EDE=0
BG_INIT: entering background_solve[mcmc] Progress @ 2025-11-27 02:19:59 : 7362 steps taken, and 726 accepted.

BACKGROUND_SOLVE ENTERED: has_ridder=0 Lambda=0.00e+00
ABOUT TO INTEGRATE: bi_size=5 has_ridder=0 Lambda=0.00e+00
DERIVS_ENTRY: call#=1370000 has_ridder=0 Lambda=0.00e+00 a=1.73e-01
BG_INIT: background_solve OK
INPUT_READ: ridder_freeze_phi = 0 _TRUE_=1 (after class_read_flag)
DEBUG: Ridder field DISABLED. Lambda = 0.000000e+00
INPUT_READ: ridder_freeze_phi = 0 _TRUE_=1 (after class_read_flag)
DEBUG: Ridder field DISABLED. Lambda = 0.000000e+00, model_type not set to unified
BACKGROUND_INIT ENTERED: Lambda=0.00e+00
DEBUG BG_INIT ENTRY: model_type=0
DEBUG AFTER CHECKS: model_type=0 has_ridder=0
RIDDER DEBUG (background_init): has_ridder=0, Lambda_EDE_ridder=0.000000e+00, f_axion_ridder=1.000000e+16, theta_i_ridder=2.500000e+00, beta_ridder=0.000000e+00
BG_INIT: entering background_checks
BG_INIT: background_checks OK
DEBUG SHOOTING CHECK: has_ridder=0, model_type=0 (unified=1), use_shooting_EDE=0
BG_INIT: entering background_solve
BACKGROUND_SOLVE ENTERED: has_ridder=0 Lambda=0.00e+00
ABOUT TO INTEGRATE: bi_size=5 has_ridder=0 Lambda=0.00e+00
BG_INIT: background_solve OK
INPUT_READ: ridder_freeze_phi = 0 _TRUE_=1 (after class_read_flag)
DEBUG: Ridder field DISABLED. Lambda = 0.000000e+00
INPUT_READ: ridder_freeze_phi = 0 _TRUE_=1 (after class_read_flag)
DEBUG: Ridder field DISABLED. Lambda = 0.000000e+00, model_type not set to unified
BACKGROUND_INIT ENTERED: Lambda=0.00e+00
DEBUG BG_INIT ENTRY: model_type=0
DEBUG AFTER CHECKS: model_type=0 has_ridder=0
RIDDER DEBUG (background_init): has_ridder=0, Lambda_EDE_ridder=0.000000e+00, f_axion_ridder=1.000000e+16, theta_i_ridder=2.500000e+00, beta_ridder=0.000000e+00
BG_INIT: entering background_checks
BG_INIT: background_checks OK
DEBUG SHOOTING CHECK: has_ridder=0, model_type=0 (unified=1), use_shooting_EDE=0
BG_INIT: entering background_solve
BACKGROUND_SOLVE ENTERED: has_ridder=0 Lambda=0.00e+00
ABOUT TO INTEGRATE: bi_size=5 has_ridder=0 Lambda=0.00e+00
DERIVS_ENTRY: call#=1375000 has_ridder=0 Lambda=0.00e+00 a=1.71e-08
BG_INIT: background_solve OK
INPUT_READ: ridder_freeze_phi = 0 _TRUE_=1 (after class_read_flag)
DEBUG: Ridder field DISABLED. Lambda = 0.000000e+00
INPUT_READ: ridder_freeze_phi = 0 _TRUE_=1 (after class_read_flag)
DEBUG: Ridder field DISABLED. Lambda = 0.000000e+00, model_type not set to unified
BACKGROUND_INIT ENTERED: Lambda=0.00e+00
DEBUG BG_INIT ENTRY: model_type=0
DEBUG AFTER CHECKS: model_type=0 has_ridder=0
RIDDER DEBUG (background_init): has_ridder=0, Lambda_EDE_ridder=0.000000e+00, f_axion_ridder=1.000000e+16, theta_i_ridder=2.500000e+00, beta_ridder=0.000000e+00
BG_INIT: entering background_checks
BG_INIT: background_checks OK
DEBUG SHOOTING CHECK: has_ridder=0, model_type=0 (unified=1), use_shooting_EDE=0
BG_INIT: entering background_solve
BACKGROUND_SOLVE ENTERED: has_ridder=0 Lambda=0.00e+00
ABOUT TO INTEGRATE: bi_size=5 has_ridder=0 Lambda=0.00e+00
DERIVS_ENTRY: call#=1380000 has_ridder=0 Lambda=0.00e+00 a=3.21e-03
BG_INIT: background_solve OK
INPUT_READ: ridder_freeze_phi = 0 _TRUE_=1 (after class_read_flag)
DEBUG: Ridder field DISABLED. Lambda = 0.000000e+00
INPUT_READ: ridder_freeze_phi = 0 _TRUE_=1 (after class_read_flag)
DEBUG: Ridder field DISABLED. Lambda = 0.000000e+00, model_type not set to unified
BACKGROUND_INIT ENTERED: Lambda=0.00e+00
DEBUG BG_INIT ENTRY: model_type=0
DEBUG AFTER CHECKS: model_type=0 has_ridder=0
RIDDER DEBUG (background_init): has_ridder=0, Lambda_EDE_ridder=0.000000e+00, f_axion_ridder=1.000000e+16, theta_i_ridder=2.500000e+00, beta_ridder=0.000000e+00
BG_INIT: entering background_checks
BG_INIT: background_checks OK
DEBUG SHOOTING CHECK: has_ridder=0, model_type=0 (unified=1), use_shooting_EDE=0
BG_INIT: entering background_solve
BACKGROUND_SOLVE ENTERED: has_ridder=0 Lambda=0.00e+00
ABOUT TO INTEGRATE: bi_size=5 has_ridder=0 Lambda=0.00e+00
BG_INIT: background_solve OK
INPUT_READ: ridder_freeze_phi = 0 _TRUE_=1 (after class_read_flag)
DEBUG: Ridder field DISABLED. Lambda = 0.000000e+00
INPUT_READ: ridder_freeze_phi = 0 _TRUE_=1 (after class_read_flag)
DEBUG: Ridder field DISABLED. Lambda = 0.000000e+00, model[mcmc] Progress @ 2025-11-27 02:20:59 : 7449 steps taken, and 738 accepted.
_type not set to unified
BACKGROUND_INIT ENTERED: Lambda=0.00e+00
DEBUG BG_INIT ENTRY: model_type=0
DEBUG AFTER CHECKS: model_type=0 has_ridder=0
RIDDER DEBUG (background_init): has_ridder=0, Lambda_EDE_ridder=0.000000e+00, f_axion_ridder=1.000000e+16, theta_i_ridder=2.500000e+00, beta_ridder=0.000000e+00
BG_INIT: entering background_checks
BG_INIT: background_checks OK
DEBUG SHOOTING CHECK: has_ridder=0, model_type=0 (unified=1), use_shooting_EDE=0
BG_INIT: entering background_solve
BACKGROUND_SOLVE ENTERED: has_ridder=0 Lambda=0.00e+00
ABOUT TO INTEGRATE: bi_size=5 has_ridder=0 Lambda=0.00e+00
DERIVS_ENTRY: call#=1385000 has_ridder=0 Lambda=0.00e+00 a=2.33e-09
BG_INIT: background_solve OK
INPUT_READ: ridder_freeze_phi = 0 _TRUE_=1 (after class_read_flag)
DEBUG: Ridder field DISABLED. Lambda = 0.000000e+00
INPUT_READ: ridder_freeze_phi = 0 _TRUE_=1 (after class_read_flag)
DEBUG: Ridder field DISABLED. Lambda = 0.000000e+00, model_type not set to unified
BACKGROUND_INIT ENTERED: Lambda=0.00e+00
DEBUG BG_INIT ENTRY: model_type=0
DEBUG AFTER CHECKS: model_type=0 has_ridder=0
RIDDER DEBUG (background_init): has_ridder=0, Lambda_EDE_ridder=0.000000e+00, f_axion_ridder=1.000000e+16, theta_i_ridder=2.500000e+00, beta_ridder=0.000000e+00
BG_INIT: entering background_checks
BG_INIT: background_checks OK
DEBUG SHOOTING CHECK: has_ridder=0, model_type=0 (unified=1), use_shooting_EDE=0
BG_INIT: entering background_solve
BACKGROUND_SOLVE ENTERED: has_ridder=0 Lambda=0.00e+00
ABOUT TO INTEGRATE: bi_size=5 has_ridder=0 Lambda=0.00e+00
DERIVS_ENTRY: call#=1390000 has_ridder=0 Lambda=0.00e+00 a=1.16e-04
BG_INIT: background_solve OK
INPUT_READ: ridder_freeze_phi = 0 _TRUE_=1 (after class_read_flag)
DEBUG: Ridder field DISABLED. Lambda = 0.000000e+00
INPUT_READ: ridder_freeze_phi = 0 _TRUE_=1 (after class_read_flag)
DEBUG: Ridder field DISABLED. Lambda = 0.000000e+00, model_type not set to unified
BACKGROUND_INIT ENTERED: Lambda=0.00e+00
DEBUG BG_INIT ENTRY: model_type=0
DEBUG AFTER CHECKS: model_type=0 has_ridder=0
RIDDER DEBUG (background_init): has_ridder=0, Lambda_EDE_ridder=0.000000e+00, f_axion_ridder=1.000000e+16, theta_i_ridder=2.500000e+00, beta_ridder=0.000000e+00
BG_INIT: entering background_checks
BG_INIT: background_checks OK
DEBUG SHOOTING CHECK: has_ridder=0, model_type=0 (unified=1), use_shooting_EDE=0
BG_INIT: entering background_solve
BACKGROUND_SOLVE ENTERED: has_ridder=0 Lambda=0.00e+00
ABOUT TO INTEGRATE: bi_size=5 has_ridder=0 Lambda=0.00e+00
BG_INIT: background_solve OK
INPUT_READ: ridder_freeze_phi = 0 _TRUE_=1 (after class_read_flag)
DEBUG: Ridder field DISABLED. Lambda = 0.000000e+00
INPUT_READ: ridder_freeze_phi = 0 _TRUE_=1 (after class_read_flag)
DEBUG: Ridder field DISABLED. Lambda = 0.000000e+00, model_type not set to unified
BACKGROUND_INIT ENTERED: Lambda=0.00e+00
DEBUG BG_INIT ENTRY: model_type=0
DEBUG AFTER CHECKS: model_type=0 has_ridder=0
RIDDER DEBUG (background_init): has_ridder=0, Lambda_EDE_ridder=0.000000e+00, f_axion_ridder=1.000000e+16, theta_i_ridder=2.500000e+00, beta_ridder=0.000000e+00
BG_INIT: entering background_checks
BG_INIT: background_checks OK
DEBUG SHOOTING CHECK: has_ridder=0, model_type=0 (unified=1), use_shooting_EDE=0
BG_INIT: entering background_solve
BACKGROUND_SOLVE ENTERED: has_ridder=0 Lambda=0.00e+00
ABOUT TO INTEGRATE: bi_size=5 has_ridder=0 Lambda=0.00e+00
DERIVS_ENTRY: call#=1395000 has_ridder=0 Lambda=0.00e+00 a=3.59e-10
BG_INIT: background_solve OK
INPUT_READ: ridder_freeze_phi = 0 _TRUE_=1 (after class_read_flag)
DEBUG: Ridder field DISABLED. Lambda = 0.000000e+00
INPUT_READ: ridder_freeze_phi = 0 _TRUE_=1 (after class_read_flag)
DEBUG: Ridder field DISABLED. Lambda = 0.000000e+00, model_type not set to unified
BACKGROUND_INIT ENTERED: Lambda=0.00e+00
DEBUG BG_INIT ENTRY: model_type=0
DEBUG AFTER CHECKS: model_type=0 has_ridder=0
RIDDER DEBUG (background_init): has_ridder=0, Lambda_EDE_ridder=0.000000e+00, f_axion_ridder=1.000000e+16, theta_i_ridder=2.500000e+00, beta_ridder=0.000000e+00
BG_INIT: entering background_checks
BG_INIT: background_checks OK
DEBUG SHOOTING [mcmc] Progress @ 2025-11-27 02:22:00 : 7544 steps taken, and 753 accepted.
CHECK: has_ridder=0, model_type=0 (unified=1), use_shooting_EDE=0
BG_INIT: entering background_solve
BACKGROUND_SOLVE ENTERED: has_ridder=0 Lambda=0.00e+00
ABOUT TO INTEGRATE: bi_size=5 has_ridder=0 Lambda=0.00e+00
DERIVS_ENTRY: call#=1400000 has_ridder=0 Lambda=0.00e+00 a=1.76e-05
BG_INIT: background_solve OK
INPUT_READ: ridder_freeze_phi = 0 _TRUE_=1 (after class_read_flag)
DEBUG: Ridder field DISABLED. Lambda = 0.000000e+00
INPUT_READ: ridder_freeze_phi = 0 _TRUE_=1 (after class_read_flag)
DEBUG: Ridder field DISABLED. Lambda = 0.000000e+00, model_type not set to unified
BACKGROUND_INIT ENTERED: Lambda=0.00e+00
DEBUG BG_INIT ENTRY: model_type=0
DEBUG AFTER CHECKS: model_type=0 has_ridder=0
RIDDER DEBUG (background_init): has_ridder=0, Lambda_EDE_ridder=0.000000e+00, f_axion_ridder=1.000000e+16, theta_i_ridder=2.500000e+00, beta_ridder=0.000000e+00
BG_INIT: entering background_checks
BG_INIT: background_checks OK
DEBUG SHOOTING CHECK: has_ridder=0, model_type=0 (unified=1), use_shooting_EDE=0
BG_INIT: entering background_solve
BACKGROUND_SOLVE ENTERED: has_ridder=0 Lambda=0.00e+00
ABOUT TO INTEGRATE: bi_size=5 has_ridder=0 Lambda=0.00e+00
BG_INIT: background_solve OK
INPUT_READ: ridder_freeze_phi = 0 _TRUE_=1 (after class_read_flag)
DEBUG: Ridder field DISABLED. Lambda = 0.000000e+00
INPUT_READ: ridder_freeze_phi = 0 _TRUE_=1 (after class_read_flag)
DEBUG: Ridder field DISABLED. Lambda = 0.000000e+00, model_type not set to unified
BACKGROUND_INIT ENTERED: Lambda=0.00e+00
DEBUG BG_INIT ENTRY: model_type=0
DEBUG AFTER CHECKS: model_type=0 has_ridder=0
RIDDER DEBUG (background_init): has_ridder=0, Lambda_EDE_ridder=0.000000e+00, f_axion_ridder=1.000000e+16, theta_i_ridder=2.500000e+00, beta_ridder=0.000000e+00
BG_INIT: entering background_checks
BG_INIT: background_checks OK
DEBUG SHOOTING CHECK: has_ridder=0, model_type=0 (unified=1), use_shooting_EDE=0
BG_INIT: entering background_solve
BACKGROUND_SOLVE ENTERED: has_ridder=0 Lambda=0.00e+00
ABOUT TO INTEGRATE: bi_size=5 has_ridder=0 Lambda=0.00e+00
DERIVS_ENTRY: call#=1405000 has_ridder=0 Lambda=0.00e+00 a=5.24e-11
BG_INIT: background_solve OK
INPUT_READ: ridder_freeze_phi = 0 _TRUE_=1 (after class_read_flag)
DEBUG: Ridder field DISABLED. Lambda = 0.000000e+00
INPUT_READ: ridder_freeze_phi = 0 _TRUE_=1 (after class_read_flag)
DEBUG: Ridder field DISABLED. Lambda = 0.000000e+00, model_type not set to unified
BACKGROUND_INIT ENTERED: Lambda=0.00e+00
DEBUG BG_INIT ENTRY: model_type=0
DEBUG AFTER CHECKS: model_type=0 has_ridder=0
RIDDER DEBUG (background_init): has_ridder=0, Lambda_EDE_ridder=0.000000e+00, f_axion_ridder=1.000000e+16, theta_i_ridder=2.500000e+00, beta_ridder=0.000000e+00
BG_INIT: entering background_checks
BG_INIT: background_checks OK
DEBUG SHOOTING CHECK: has_ridder=0, model_type=0 (unified=1), use_shooting_EDE=0
BG_INIT: entering background_solve
BACKGROUND_SOLVE ENTERED: has_ridder=0 Lambda=0.00e+00
ABOUT TO INTEGRATE: bi_size=5 has_ridder=0 Lambda=0.00e+00
DERIVS_ENTRY: call#=1410000 has_ridder=0 Lambda=0.00e+00 a=2.57e-06
BG_INIT: background_solve OK
INPUT_READ: ridder_freeze_phi = 0 _TRUE_=1 (after class_read_flag)
DEBUG: Ridder field DISABLED. Lambda = 0.000000e+00
INPUT_READ: ridder_freeze_phi = 0 _TRUE_=1 (after class_read_flag)
DEBUG: Ridder field DISABLED. Lambda = 0.000000e+00, model_type not set to unified
BACKGROUND_INIT ENTERED: Lambda=0.00e+00
DEBUG BG_INIT ENTRY: model_type=0
DEBUG AFTER CHECKS: model_type=0 has_ridder=0
RIDDER DEBUG (background_init): has_ridder=0, Lambda_EDE_ridder=0.000000e+00, f_axion_ridder=1.000000e+16, theta_i_ridder=2.500000e+00, beta_ridder=0.000000e+00
BG_INIT: entering background_checks
BG_INIT: background_checks OK
DEBUG SHOOTING CHECK: has_ridder=0, model_type=0 (unified=1), use_shooting_EDE=0
BG_INIT: entering background_solve
BACKGROUND_SOLVE ENTERED: has_ridder=0 Lambda=0.00e+00
ABOUT TO INTEGRATE: bi_size=5 has_ridder=0 Lambda=0.00e+00
BG_INIT: background_solve OK
INPUT_READ: ridder_freeze_phi = 0 _TRUE_=1 (after class_read_flag)
DEBUG: Ridder field DISABLED. Lambda = 0.000000e+00
INPUT_READ: ridder_freeze_phi = 0 _TRUE_=1 (after class_read_flag)
DEBUG: Ridder field DISABLED. Lambda = 0.000000e+00, model_type not set to unified
BACKGROUND_INIT ENTERED: Lambda=0.00e+00
DEBUG BG_INIT ENTRY: model_type=0
DEBUG AFTER CHECKS: model_type=0 has_ridder=0
RIDDER DEBUG (background_init): has_ridder=0, Lambda_EDE_ridder=0.000000e+00, f_axion_ridder=1.000000e+16, theta_i_ridder=2.500000e+00, beta_ridder=0.000000e+00
BG_INIT: entering background_checks
BG_INIT: background_checks OK
DEBUG SHOOTING CHECK: has_ridder=0, model_type=0 (unified=1), use_shooting_EDE=0
BG_INIT: entering background_solve
BACKGROUND_SOLVE ENTERED: has_ridder=0 Lambda=0.00e+00
ABOUT TO INTEGRATE: bi_size=5 has_ridder=0 Lambda=0.00e+00
DERIVS_ENTRY: call#=1415000 has_ridder=0 Lambda=0.00e+00 a=1.29e-13
BG_INIT: background_solve OK
INPUT_READ: ridder_freeze_phi = 0 _TRUE_=1 (after class_read_flag)
DEBUG: Ridder field DISABLED. Lambda = 0.000000e+00
INPUT_READ: ridder_freeze_phi = 0 _TRUE_=1 (after class_read_flag)
DEBUG: Ridder field DISABLED. Lambda = 0.000000e+00, model_type not set to unified
BACKGROUND_INIT ENTERED: Lambda=0.00e+00
DEBUG BG_INIT ENTRY: model_type=0
DEBUG AFTER CHECKS: model_type=0 has_ridder=0
RIDDER DEBUG (background_init): has_ridder=0, Lambda_EDE_ridder=0.000000e+00, f_axion_ridder=1.000000e+16, theta_i_ridder=2.500000e+00, beta_ridder=0.000000e+00
BG_INIT: entering background_checks
BG_INIT: background_checks OK
DEBUG SHOOTING CHECK: has_ridder=0, model_type=0 (unified=1), use_shooting_EDE=0
BG_INIT: entering background_solve
BACKGROUND_SOLVE ENTERED: has_ridder=0 Lambda=0.00e+00
ABOUT TO INTEGRATE: bi_size=5 has_ridder=0 Lambda=0.00e+00
DERIVS_ENTRY: call#=1420000 has_ridder=0 Lambda=0.00e+00 a=3.76e-07
BG_INIT: background_solve OK
INPUT_READ: ridder_freeze_phi = 0 _TRUE_=1 (after class_read_flag)
DEBUG: Ridder field DISABLED. Lambda = 0.000000e+00
INPUT_READ: ridder_freeze_phi = 0 _TRUE_=1 (after class_read_flag)
DEBUG: Ridder field DISABLED. Lambda = 0.000000e+00, model_type not set to unified
BACKGROUND_INIT ENTERED: Lambda=0.00e+00
DEBUG BG_INIT ENTRY: model_type=0
DEBUG AFTER CHECKS: model_type=0 has_ridder=0
RIDDER DEBUG (background_init): has_ridder=0, Lambda_EDE_ridder=0.000000e+00, f_axion_ridder=1.000000e+16, theta_i_ridder=2.500000e+00, beta_ridder=0.000000e+00
BG_INIT: entering background_checks
BG_INIT: background_checks OK
DEBUG SHOOTING CHECK: has_ridder=0, model_type=0 (unified=1), use_shooting_EDE=0
BG_INIT: entering background_solve
BACKGROUND_SOLVE ENTERED: has_ridder=0 Lambda=0.00e+00
ABOUT TO INTEGRATE: bi_size=5 has_ridder=0 Lambda=0.00e+00
DERIVS_ENTRY: call#=1425000 has_ridder=0 Lambda=0.00e+00 a=5.54e-01
BG_INIT: background_solve OK
INPUT_READ: ridder_freeze_phi = 0 _TRUE_=1 (after class_read_flag)
DEBUG: Ridder field DISABLED. Lambda = 0.000000e+00
INPUT_READ: ridder_freeze_phi = 0 _TRUE_=1 (after class_read_flag)
DEBUG: Ridder field DISABLED. Lambda = 0.000000e+00, model_type not set to unified
BACKGROUND_INIT ENTERED: Lambda=0.00e+00
DEBUG BG_INIT ENTRY: model_type=0
DEBUG AFTER CHECKS: model_type=0 has_ridder=0
RIDDER DEBUG (background_init): has_ridder=0, Lambda_EDE_ridder=0.000000e+00, f_axion_ridder=1.000000e+16, theta_i_ridder=2.500000e+00, beta_ridder=0.000000e+00
BG_INIT: entering background_checks
BG_INIT: background_checks OK
DEBUG SHOOTING CHECK: has_ridder=0, model_type=0 (unified=1), use_shooting_EDE=0
BG_INIT: entering background_solve
BACKGROUND_SOLVE ENTERED: has_ridder=0 Lambda=0.00e+00
ABOUT TO INTEGRATE: bi_size=5 has_ridder=0 Lambda=0.00e+00
BG_INIT: background_solve OK
INPUT_READ: ridder_freeze_phi = 0 _TRUE_=1 (after class_read_flag)
DEBUG: Ridder field DISABLED. Lambda = 0.000000e+00
INPUT_READ: ridder_freeze_phi = 0 _TRUE_=1 (after class_read_flag)
DEBUG: Ridder field DISABLED. Lambda = 0.000000e+00, model_type not set to unified
BACKGROUND_INIT ENTERED: Lambda=0.00e+00
DEBUG BG_INIT ENTRY: model_type=0
DEBUG AFTER CHECKS: model_type=0 has_ridder=0
RIDDER DEBUG (background_init): has_ridder=0, Lambda_EDE_ridder=0.000000e+00, f_axion_ridder=1.000000e+16, theta_i_ridder=2.500000e+00, beta_r[mcmc] Progress @ 2025-11-27 02:23:00 : 7629 steps taken, and 772 accepted.
idder=0.000000e+00
BG_INIT: entering background_checks
BG_INIT: background_checks OK
DEBUG SHOOTING CHECK: has_ridder=0, model_type=0 (unified=1), use_shooting_EDE=0
BG_INIT: entering background_solve
BACKGROUND_SOLVE ENTERED: has_ridder=0 Lambda=0.00e+00
ABOUT TO INTEGRATE: bi_size=5 has_ridder=0 Lambda=0.00e+00
DERIVS_ENTRY: call#=1430000 has_ridder=0 Lambda=0.00e+00 a=5.19e-08
BG_INIT: background_solve OK
INPUT_READ: ridder_freeze_phi = 0 _TRUE_=1 (after class_read_flag)
DEBUG: Ridder field DISABLED. Lambda = 0.000000e+00
INPUT_READ: ridder_freeze_phi = 0 _TRUE_=1 (after class_read_flag)
DEBUG: Ridder field DISABLED. Lambda = 0.000000e+00, model_type not set to unified
BACKGROUND_INIT ENTERED: Lambda=0.00e+00
DEBUG BG_INIT ENTRY: model_type=0
DEBUG AFTER CHECKS: model_type=0 has_ridder=0
RIDDER DEBUG (background_init): has_ridder=0, Lambda_EDE_ridder=0.000000e+00, f_axion_ridder=1.000000e+16, theta_i_ridder=2.500000e+00, beta_ridder=0.000000e+00
BG_INIT: entering background_checks
BG_INIT: background_checks OK
DEBUG SHOOTING CHECK: has_ridder=0, model_type=0 (unified=1), use_shooting_EDE=0
BG_INIT: entering background_solve
BACKGROUND_SOLVE ENTERED: has_ridder=0 Lambda=0.00e+00
ABOUT TO INTEGRATE: bi_size=5 has_ridder=0 Lambda=0.00e+00
DERIVS_ENTRY: call#=1435000 has_ridder=0 Lambda=0.00e+00 a=4.10e-02
BG_INIT: background_solve OK
INPUT_READ: ridder_freeze_phi = 0 _TRUE_=1 (after class_read_flag)
DEBUG: Ridder field DISABLED. Lambda = 0.000000e+00
INPUT_READ: ridder_freeze_phi = 0 _TRUE_=1 (after class_read_flag)
DEBUG: Ridder field DISABLED. Lambda = 0.000000e+00, model_type not set to unified
BACKGROUND_INIT ENTERED: Lambda=0.00e+00
DEBUG BG_INIT ENTRY: model_type=0
DEBUG AFTER CHECKS: model_type=0 has_ridder=0
RIDDER DEBUG (background_init): has_ridder=0, Lambda_EDE_ridder=0.000000e+00, f_axion_ridder=1.000000e+16, theta_i_ridder=2.500000e+00, beta_ridder=0.000000e+00
BG_INIT: entering background_checks
BG_INIT: background_checks OK
DEBUG SHOOTING CHECK: has_ridder=0, model_type=0 (unified=1), use_shooting_EDE=0
BG_INIT: entering background_solve
BACKGROUND_SOLVE ENTERED: has_ridder=0 Lambda=0.00e+00
ABOUT TO INTEGRATE: bi_size=5 has_ridder=0 Lambda=0.00e+00
BG_INIT: background_solve OK
INPUT_READ: ridder_freeze_phi = 0 _TRUE_=1 (after class_read_flag)
DEBUG: Ridder field DISABLED. Lambda = 0.000000e+00
INPUT_READ: ridder_freeze_phi = 0 _TRUE_=1 (after class_read_flag)
DEBUG: Ridder field DISABLED. Lambda = 0.000000e+00, model_type not set to unified
BACKGROUND_INIT ENTERED: Lambda=0.00e+00
DEBUG BG_INIT ENTRY: model_type=0
DEBUG AFTER CHECKS: model_type=0 has_ridder=0
RIDDER DEBUG (background_init): has_ridder=0, Lambda_EDE_ridder=0.000000e+00, f_axion_ridder=1.000000e+16, theta_i_ridder=2.500000e+00, beta_ridder=0.000000e+00
BG_INIT: entering background_checks
BG_INIT: background_checks OK
DEBUG SHOOTING CHECK: has_ridder=0, model_type=0 (unified=1), use_shooting_EDE=0
BG_INIT: entering background_solve
BACKGROUND_SOLVE ENTERED: has_ridder=0 Lambda=0.00e+00
ABOUT TO INTEGRATE: bi_size=5 has_ridder=0 Lambda=0.00e+00
DERIVS_ENTRY: call#=1440000 has_ridder=0 Lambda=0.00e+00 a=8.12e-09
BG_INIT: background_solve OK
INPUT_READ: ridder_freeze_phi = 0 _TRUE_=1 (after class_read_flag)
DEBUG: Ridder field DISABLED. Lambda = 0.000000e+00
INPUT_READ: ridder_freeze_phi = 0 _TRUE_=1 (after class_read_flag)
DEBUG: Ridder field DISABLED. Lambda = 0.000000e+00, model_type not set to unified
BACKGROUND_INIT ENTERED: Lambda=0.00e+00
DEBUG BG_INIT ENTRY: model_type=0
DEBUG AFTER CHECKS: model_type=0 has_ridder=0
RIDDER DEBUG (background_init): has_ridder=0, Lambda_EDE_ridder=0.000000e+00, f_axion_ridder=1.000000e+16, theta_i_ridder=2.500000e+00, beta_ridder=0.000000e+00
BG_INIT: entering background_checks
BG_INIT: background_checks OK
DEBUG SHOOTING CHECK: has_ridder=0, model_type=0 (unified=1), use_shooting_EDE=0
BG_INIT: entering background_solve
BACKGROUND_SOLVE ENTERED: has_ridder=0 Lambda=0.00e+00
ABOUT TO INTEGRATE: bi_size=5 has_ridder=0 Lambda=0.00e+00
DERIVS_ENTRY: call#=1445000 has_ridder=0 Lambda=0.00e+00 a=7.52e-04
BG_IN[mcmc] Progress @ 2025-11-27 02:24:06 : 7701 steps taken, and 782 accepted.
IT: background_solve OK
INPUT_READ: ridder_freeze_phi = 0 _TRUE_=1 (after class_read_flag)
DEBUG: Ridder field DISABLED. Lambda = 0.000000e+00
INPUT_READ: ridder_freeze_phi = 0 _TRUE_=1 (after class_read_flag)
DEBUG: Ridder field DISABLED. Lambda = 0.000000e+00, model_type not set to unified
BACKGROUND_INIT ENTERED: Lambda=0.00e+00
DEBUG BG_INIT ENTRY: model_type=0
DEBUG AFTER CHECKS: model_type=0 has_ridder=0
RIDDER DEBUG (background_init): has_ridder=0, Lambda_EDE_ridder=0.000000e+00, f_axion_ridder=1.000000e+16, theta_i_ridder=2.500000e+00, beta_ridder=0.000000e+00
BG_INIT: entering background_checks
BG_INIT: background_checks OK
DEBUG SHOOTING CHECK: has_ridder=0, model_type=0 (unified=1), use_shooting_EDE=0
BG_INIT: entering background_solve
BACKGROUND_SOLVE ENTERED: has_ridder=0 Lambda=0.00e+00
ABOUT TO INTEGRATE: bi_size=5 has_ridder=0 Lambda=0.00e+00
BG_INIT: background_solve OK
INPUT_READ: ridder_freeze_phi = 0 _TRUE_=1 (after class_read_flag)
DEBUG: Ridder field DISABLED. Lambda = 0.000000e+00
INPUT_READ: ridder_freeze_phi = 0 _TRUE_=1 (after class_read_flag)
DEBUG: Ridder field DISABLED. Lambda = 0.000000e+00, model_type not set to unified
BACKGROUND_INIT ENTERED: Lambda=0.00e+00
DEBUG BG_INIT ENTRY: model_type=0
DEBUG AFTER CHECKS: model_type=0 has_ridder=0
RIDDER DEBUG (background_init): has_ridder=0, Lambda_EDE_ridder=0.000000e+00, f_axion_ridder=1.000000e+16, theta_i_ridder=2.500000e+00, beta_ridder=0.000000e+00
BG_INIT: entering background_checks
BG_INIT: background_checks OK
DEBUG SHOOTING CHECK: has_ridder=0, model_type=0 (unified=1), use_shooting_EDE=0
BG_INIT: entering background_solve
BACKGROUND_SOLVE ENTERED: has_ridder=0 Lambda=0.00e+00
ABOUT TO INTEGRATE: bi_size=5 has_ridder=0 Lambda=0.00e+00
DERIVS_ENTRY: call#=1450000 has_ridder=0 Lambda=0.00e+00 a=1.20e-09
BG_INIT: background_solve OK
INPUT_READ: ridder_freeze_phi = 0 _TRUE_=1 (after class_read_flag)
DEBUG: Ridder field DISABLED. Lambda = 0.000000e+00
INPUT_READ: ridder_freeze_phi = 0 _TRUE_=1 (after class_read_flag)
DEBUG: Ridder field DISABLED. Lambda = 0.000000e+00, model_type not set to unified
BACKGROUND_INIT ENTERED: Lambda=0.00e+00
DEBUG BG_INIT ENTRY: model_type=0
DEBUG AFTER CHECKS: model_type=0 has_ridder=0
RIDDER DEBUG (background_init): has_ridder=0, Lambda_EDE_ridder=0.000000e+00, f_axion_ridder=1.000000e+16, theta_i_ridder=2.500000e+00, beta_ridder=0.000000e+00
BG_INIT: entering background_checks
BG_INIT: background_checks OK
DEBUG SHOOTING CHECK: has_ridder=0, model_type=0 (unified=1), use_shooting_EDE=0
BG_INIT: entering background_solve
BACKGROUND_SOLVE ENTERED: has_ridder=0 Lambda=0.00e+00
ABOUT TO INTEGRATE: bi_size=5 has_ridder=0 Lambda=0.00e+00
DERIVS_ENTRY: call#=1455000 has_ridder=0 Lambda=0.00e+00 a=5.82e-05
BG_INIT: background_solve OK
INPUT_READ: ridder_freeze_phi = 0 _TRUE_=1 (after class_read_flag)
DEBUG: Ridder field DISABLED. Lambda = 0.000000e+00
INPUT_READ: ridder_freeze_phi = 0 _TRUE_=1 (after class_read_flag)
DEBUG: Ridder field DISABLED. Lambda = 0.000000e+00, model_type not set to unified
BACKGROUND_INIT ENTERED: Lambda=0.00e+00
DEBUG BG_INIT ENTRY: model_type=0
DEBUG AFTER CHECKS: model_type=0 has_ridder=0
RIDDER DEBUG (background_init): has_ridder=0, Lambda_EDE_ridder=0.000000e+00, f_axion_ridder=1.000000e+16, theta_i_ridder=2.500000e+00, beta_ridder=0.000000e+00
BG_INIT: entering background_checks
BG_INIT: background_checks OK
DEBUG SHOOTING CHECK: has_ridder=0, model_type=0 (unified=1), use_shooting_EDE=0
BG_INIT: entering background_solve
BACKGROUND_SOLVE ENTERED: has_ridder=0 Lambda=0.00e+00
ABOUT TO INTEGRATE: bi_size=5 has_ridder=0 Lambda=0.00e+00
BG_INIT: background_solve OK
INPUT_READ: ridder_freeze_phi = 0 _TRUE_=1 (after class_read_flag)
DEBUG: Ridder field DISABLED. Lambda = 0.000000e+00
INPUT_READ: ridder_freeze_phi = 0 _TRUE_=1 (after class_read_flag)
DEBUG: Ridder field DISABLED. Lambda = 0.000000e+00, model_type not set to unified
BACKGROUND_INIT ENTERED: Lambda=0.00e+00
DEBUG BG_INIT ENTRY: model_type=0
DEBUG AFTER CHECKS: model_type=0 has_ridder=0
RIDDER DEBUG (background_init): has_ridder[mcmc] Progress @ 2025-11-27 02:25:15 : 7855 steps taken, and 805 accepted.
=0, Lambda_EDE_ridder=0.000000e+00, f_axion_ridder=1.000000e+16, theta_i_ridder=2.500000e+00, beta_ridder=0.000000e+00
BG_INIT: entering background_checks
BG_INIT: background_checks OK
DEBUG SHOOTING CHECK: has_ridder=0, model_type=0 (unified=1), use_shooting_EDE=0
BG_INIT: entering background_solve
BACKGROUND_SOLVE ENTERED: has_ridder=0 Lambda=0.00e+00
ABOUT TO INTEGRATE: bi_size=5 has_ridder=0 Lambda=0.00e+00
DERIVS_ENTRY: call#=1460000 has_ridder=0 Lambda=0.00e+00 a=1.68e-10
BG_INIT: background_solve OK
INPUT_READ: ridder_freeze_phi = 0 _TRUE_=1 (after class_read_flag)
DEBUG: Ridder field DISABLED. Lambda = 0.000000e+00
INPUT_READ: ridder_freeze_phi = 0 _TRUE_=1 (after class_read_flag)
DEBUG: Ridder field DISABLED. Lambda = 0.000000e+00, model_type not set to unified
BACKGROUND_INIT ENTERED: Lambda=0.00e+00
DEBUG BG_INIT ENTRY: model_type=0
DEBUG AFTER CHECKS: model_type=0 has_ridder=0
RIDDER DEBUG (background_init): has_ridder=0, Lambda_EDE_ridder=0.000000e+00, f_axion_ridder=1.000000e+16, theta_i_ridder=2.500000e+00, beta_ridder=0.000000e+00
BG_INIT: entering background_checks
BG_INIT: background_checks OK
DEBUG SHOOTING CHECK: has_ridder=0, model_type=0 (unified=1), use_shooting_EDE=0
BG_INIT: entering background_solve
BACKGROUND_SOLVE ENTERED: has_ridder=0 Lambda=0.00e+00
ABOUT TO INTEGRATE: bi_size=5 has_ridder=0 Lambda=0.00e+00
DERIVS_ENTRY: call#=1465000 has_ridder=0 Lambda=0.00e+00 a=8.27e-06
BG_INIT: background_solve OK
INPUT_READ: ridder_freeze_phi = 0 _TRUE_=1 (after class_read_flag)
DEBUG: Ridder field DISABLED. Lambda = 0.000000e+00
INPUT_READ: ridder_freeze_phi = 0 _TRUE_=1 (after class_read_flag)
DEBUG: Ridder field DISABLED. Lambda = 0.000000e+00, model_type not set to unified
BACKGROUND_INIT ENTERED: Lambda=0.00e+00
DEBUG BG_INIT ENTRY: model_type=0
DEBUG AFTER CHECKS: model_type=0 has_ridder=0
RIDDER DEBUG (background_init): has_ridder=0, Lambda_EDE_ridder=0.000000e+00, f_axion_ridder=1.000000e+16, theta_i_ridder=2.500000e+00, beta_ridder=0.000000e+00
BG_INIT: entering background_checks
BG_INIT: background_checks OK
DEBUG SHOOTING CHECK: has_ridder=0, model_type=0 (unified=1), use_shooting_EDE=0
BG_INIT: entering background_solve
BACKGROUND_SOLVE ENTERED: has_ridder=0 Lambda=0.00e+00
ABOUT TO INTEGRATE: bi_size=5 has_ridder=0 Lambda=0.00e+00
BG_INIT: background_solve OK
INPUT_READ: ridder_freeze_phi = 0 _TRUE_=1 (after class_read_flag)
DEBUG: Ridder field DISABLED. Lambda = 0.000000e+00
INPUT_READ: ridder_freeze_phi = 0 _TRUE_=1 (after class_read_flag)
DEBUG: Ridder field DISABLED. Lambda = 0.000000e+00, model_type not set to unified
BACKGROUND_INIT ENTERED: Lambda=0.00e+00
DEBUG BG_INIT ENTRY: model_type=0
DEBUG AFTER CHECKS: model_type=0 has_ridder=0
RIDDER DEBUG (background_init): has_ridder=0, Lambda_EDE_ridder=0.000000e+00, f_axion_ridder=1.000000e+16, theta_i_ridder=2.500000e+00, beta_ridder=0.000000e+00
BG_INIT: entering background_checks
BG_INIT: background_checks OK
DEBUG SHOOTING CHECK: has_ridder=0, model_type=0 (unified=1), use_shooting_EDE=0
BG_INIT: entering background_solve
BACKGROUND_SOLVE ENTERED: has_ridder=0 Lambda=0.00e+00
ABOUT TO INTEGRATE: bi_size=5 has_ridder=0 Lambda=0.00e+00
DERIVS_ENTRY: call#=1470000 has_ridder=0 Lambda=0.00e+00 a=6.79e-12
BG_INIT: background_solve OK
INPUT_READ: ridder_freeze_phi = 0 _TRUE_=1 (after class_read_flag)
DEBUG: Ridder field DISABLED. Lambda = 0.000000e+00
INPUT_READ: ridder_freeze_phi = 0 _TRUE_=1 (after class_read_flag)
DEBUG: Ridder field DISABLED. Lambda = 0.000000e+00, model_type not set to unified
BACKGROUND_INIT ENTERED: Lambda=0.00e+00
DEBUG BG_INIT ENTRY: model_type=0
DEBUG AFTER CHECKS: model_type=0 has_ridder=0
RIDDER DEBUG (background_init): has_ridder=0, Lambda_EDE_ridder=0.000000e+00, f_axion_ridder=1.000000e+16, theta_i_ridder=2.500000e+00, beta_ridder=0.000000e+00
BG_INIT: entering background_checks
BG_INIT: background_checks OK
DEBUG SHOOTING CHECK: has_ridder=0, model_type=0 (unified=1), use_shooting_EDE=0
BG_INIT: entering background_solve
BACKGROUND_SOLVE ENTERED: has_ridder=0 Lambda=0.00e+00
ABOUT TO INTEGRATE: bi_size=5 ha[mcmc] Progress @ 2025-11-27 02:26:15 : 7934 steps taken, and 815 accepted.
s_ridder=0 Lambda=0.00e+00
DERIVS_ENTRY: call#=1475000 has_ridder=0 Lambda=0.00e+00 a=1.17e-06
BG_INIT: background_solve OK
INPUT_READ: ridder_freeze_phi = 0 _TRUE_=1 (after class_read_flag)
DEBUG: Ridder field DISABLED. Lambda = 0.000000e+00
INPUT_READ: ridder_freeze_phi = 0 _TRUE_=1 (after class_read_flag)
DEBUG: Ridder field DISABLED. Lambda = 0.000000e+00, model_type not set to unified
BACKGROUND_INIT ENTERED: Lambda=0.00e+00
DEBUG BG_INIT ENTRY: model_type=0
DEBUG AFTER CHECKS: model_type=0 has_ridder=0
RIDDER DEBUG (background_init): has_ridder=0, Lambda_EDE_ridder=0.000000e+00, f_axion_ridder=1.000000e+16, theta_i_ridder=2.500000e+00, beta_ridder=0.000000e+00
BG_INIT: entering background_checks
BG_INIT: background_checks OK
DEBUG SHOOTING CHECK: has_ridder=0, model_type=0 (unified=1), use_shooting_EDE=0
BG_INIT: entering background_solve
BACKGROUND_SOLVE ENTERED: has_ridder=0 Lambda=0.00e+00
ABOUT TO INTEGRATE: bi_size=5 has_ridder=0 Lambda=0.00e+00
BG_INIT: background_solve OK
INPUT_READ: ridder_freeze_phi = 0 _TRUE_=1 (after class_read_flag)
DEBUG: Ridder field DISABLED. Lambda = 0.000000e+00
INPUT_READ: ridder_freeze_phi = 0 _TRUE_=1 (after class_read_flag)
DEBUG: Ridder field DISABLED. Lambda = 0.000000e+00, model_type not set to unified
BACKGROUND_INIT ENTERED: Lambda=0.00e+00
DEBUG BG_INIT ENTRY: model_type=0
DEBUG AFTER CHECKS: model_type=0 has_ridder=0
RIDDER DEBUG (background_init): has_ridder=0, Lambda_EDE_ridder=0.000000e+00, f_axion_ridder=1.000000e+16, theta_i_ridder=2.500000e+00, beta_ridder=0.000000e+00
BG_INIT: entering background_checks
BG_INIT: background_checks OK
DEBUG SHOOTING CHECK: has_ridder=0, model_type=0 (unified=1), use_shooting_EDE=0
BG_INIT: entering background_solve
BACKGROUND_SOLVE ENTERED: has_ridder=0 Lambda=0.00e+00
ABOUT TO INTEGRATE: bi_size=5 has_ridder=0 Lambda=0.00e+00
DERIVS_ENTRY: call#=1480000 has_ridder=0 Lambda=0.00e+00 a=1.07e-14
BG_INIT: background_solve OK
INPUT_READ: ridder_freeze_phi = 0 _TRUE_=1 (after class_read_flag)
DEBUG: Ridder field DISABLED. Lambda = 0.000000e+00
INPUT_READ: ridder_freeze_phi = 0 _TRUE_=1 (after class_read_flag)
DEBUG: Ridder field DISABLED. Lambda = 0.000000e+00, model_type not set to unified
BACKGROUND_INIT ENTERED: Lambda=0.00e+00
DEBUG BG_INIT ENTRY: model_type=0
DEBUG AFTER CHECKS: model_type=0 has_ridder=0
RIDDER DEBUG (background_init): has_ridder=0, Lambda_EDE_ridder=0.000000e+00, f_axion_ridder=1.000000e+16, theta_i_ridder=2.500000e+00, beta_ridder=0.000000e+00
BG_INIT: entering background_checks
BG_INIT: background_checks OK
DEBUG SHOOTING CHECK: has_ridder=0, model_type=0 (unified=1), use_shooting_EDE=0
BG_INIT: entering background_solve
BACKGROUND_SOLVE ENTERED: has_ridder=0 Lambda=0.00e+00
ABOUT TO INTEGRATE: bi_size=5 has_ridder=0 Lambda=0.00e+00
DERIVS_ENTRY: call#=1485000 has_ridder=0 Lambda=0.00e+00 a=1.72e-07
BG_INIT: background_solve OK
INPUT_READ: ridder_freeze_phi = 0 _TRUE_=1 (after class_read_flag)
DEBUG: Ridder field DISABLED. Lambda = 0.000000e+00
INPUT_READ: ridder_freeze_phi = 0 _TRUE_=1 (after class_read_flag)
DEBUG: Ridder field DISABLED. Lambda = 0.000000e+00, model_type not set to unified
BACKGROUND_INIT ENTERED: Lambda=0.00e+00
DEBUG BG_INIT ENTRY: model_type=0
DEBUG AFTER CHECKS: model_type=0 has_ridder=0
RIDDER DEBUG (background_init): has_ridder=0, Lambda_EDE_ridder=0.000000e+00, f_axion_ridder=1.000000e+16, theta_i_ridder=2.500000e+00, beta_ridder=0.000000e+00
BG_INIT: entering background_checks
BG_INIT: background_checks OK
DEBUG SHOOTING CHECK: has_ridder=0, model_type=0 (unified=1), use_shooting_EDE=0
BG_INIT: entering background_solve
BACKGROUND_SOLVE ENTERED: has_ridder=0 Lambda=0.00e+00
ABOUT TO INTEGRATE: bi_size=5 has_ridder=0 Lambda=0.00e+00
DERIVS_ENTRY: call#=1490000 has_ridder=0 Lambda=0.00e+00 a=2.49e-01
BG_INIT: background_solve OK
INPUT_READ: ridder_freeze_phi = 0 _TRUE_=1 (after class_read_flag)
DEBUG: Ridder field DISABLED. Lambda = 0.000000e+00
INPUT_READ: ridder_freeze_phi = 0 _TRUE_=1 (after class_read_flag)
DEBUG: Ridder field DISABLED. Lambda = 0.000000e+00, model_type not set to uni[mcmc] Progress @ 2025-11-27 02:27:22 : 8003 steps taken, and 821 accepted.
fied
BACKGROUND_INIT ENTERED: Lambda=0.00e+00
DEBUG BG_INIT ENTRY: model_type=0
DEBUG AFTER CHECKS: model_type=0 has_ridder=0
RIDDER DEBUG (background_init): has_ridder=0, Lambda_EDE_ridder=0.000000e+00, f_axion_ridder=1.000000e+16, theta_i_ridder=2.500000e+00, beta_ridder=0.000000e+00
BG_INIT: entering background_checks
BG_INIT: background_checks OK
DEBUG SHOOTING CHECK: has_ridder=0, model_type=0 (unified=1), use_shooting_EDE=0
BG_INIT: entering background_solve
BACKGROUND_SOLVE ENTERED: has_ridder=0 Lambda=0.00e+00
ABOUT TO INTEGRATE: bi_size=5 has_ridder=0 Lambda=0.00e+00
BG_INIT: background_solve OK
INPUT_READ: ridder_freeze_phi = 0 _TRUE_=1 (after class_read_flag)
DEBUG: Ridder field DISABLED. Lambda = 0.000000e+00
INPUT_READ: ridder_freeze_phi = 0 _TRUE_=1 (after class_read_flag)
DEBUG: Ridder field DISABLED. Lambda = 0.000000e+00, model_type not set to unified
BACKGROUND_INIT ENTERED: Lambda=0.00e+00
DEBUG BG_INIT ENTRY: model_type=0
DEBUG AFTER CHECKS: model_type=0 has_ridder=0
RIDDER DEBUG (background_init): has_ridder=0, Lambda_EDE_ridder=0.000000e+00, f_axion_ridder=1.000000e+16, theta_i_ridder=2.500000e+00, beta_ridder=0.000000e+00
BG_INIT: entering background_checks
BG_INIT: background_checks OK
DEBUG SHOOTING CHECK: has_ridder=0, model_type=0 (unified=1), use_shooting_EDE=0
BG_INIT: entering background_solve
BACKGROUND_SOLVE ENTERED: has_ridder=0 Lambda=0.00e+00
ABOUT TO INTEGRATE: bi_size=5 has_ridder=0 Lambda=0.00e+00
DERIVS_ENTRY: call#=1495000 has_ridder=0 Lambda=0.00e+00 a=2.58e-08
BG_INIT: background_solve OK
INPUT_READ: ridder_freeze_phi = 0 _TRUE_=1 (after class_read_flag)
DEBUG: Ridder field DISABLED. Lambda = 0.000000e+00
INPUT_READ: ridder_freeze_phi = 0 _TRUE_=1 (after class_read_flag)
DEBUG: Ridder field DISABLED. Lambda = 0.000000e+00, model_type not set to unified
BACKGROUND_INIT ENTERED: Lambda=0.00e+00
DEBUG BG_INIT ENTRY: model_type=0
DEBUG AFTER CHECKS: model_type=0 has_ridder=0
RIDDER DEBUG (background_init): has_ridder=0, Lambda_EDE_ridder=0.000000e+00, f_axion_ridder=1.000000e+16, theta_i_ridder=2.500000e+00, beta_ridder=0.000000e+00
BG_INIT: entering background_checks
BG_INIT: background_checks OK
DEBUG SHOOTING CHECK: has_ridder=0, model_type=0 (unified=1), use_shooting_EDE=0
BG_INIT: entering background_solve
BACKGROUND_SOLVE ENTERED: has_ridder=0 Lambda=0.00e+00
ABOUT TO INTEGRATE: bi_size=5 has_ridder=0 Lambda=0.00e+00
DERIVS_ENTRY: call#=1500000 has_ridder=0 Lambda=0.00e+00 a=8.03e-03
BG_INIT: background_solve OK
INPUT_READ: ridder_freeze_phi = 0 _TRUE_=1 (after class_read_flag)
DEBUG: Ridder field DISABLED. Lambda = 0.000000e+00
INPUT_READ: ridder_freeze_phi = 0 _TRUE_=1 (after class_read_flag)
DEBUG: Ridder field DISABLED. Lambda = 0.000000e+00, model_type not set to unified
BACKGROUND_INIT ENTERED: Lambda=0.00e+00
DEBUG BG_INIT ENTRY: model_type=0
DEBUG AFTER CHECKS: model_type=0 has_ridder=0
RIDDER DEBUG (background_init): has_ridder=0, Lambda_EDE_ridder=0.000000e+00, f_axion_ridder=1.000000e+16, theta_i_ridder=2.500000e+00, beta_ridder=0.000000e+00
BG_INIT: entering background_checks
BG_INIT: background_checks OK
DEBUG SHOOTING CHECK: has_ridder=0, model_type=0 (unified=1), use_shooting_EDE=0
BG_INIT: entering background_solve
BACKGROUND_SOLVE ENTERED: has_ridder=0 Lambda=0.00e+00
ABOUT TO INTEGRATE: bi_size=5 has_ridder=0 Lambda=0.00e+00
BG_INIT: background_solve OK
INPUT_READ: ridder_freeze_phi = 0 _TRUE_=1 (after class_read_flag)
DEBUG: Ridder field DISABLED. Lambda = 0.000000e+00
INPUT_READ: ridder_freeze_phi = 0 _TRUE_=1 (after class_read_flag)
DEBUG: Ridder field DISABLED. Lambda = 0.000000e+00, model_type not set to unified
BACKGROUND_INIT ENTERED: Lambda=0.00e+00
DEBUG BG_INIT ENTRY: model_type=0
DEBUG AFTER CHECKS: model_type=0 has_ridder=0
RIDDER DEBUG (background_init): has_ridder=0, Lambda_EDE_ridder=0.000000e+00, f_axion_ridder=1.000000e+16, theta_i_ridder=2.500000e+00, beta_ridder=0.000000e+00
BG_INIT: entering background_checks
BG_INIT: background_checks OK
DEBUG SHOOTING CHECK: has_ridder=0, model_type=0 (unified=1), use_shooting_EDE=0
BG_INIT: entering back[mcmc] Progress @ 2025-11-27 02:28:22 : 8066 steps taken, and 829 accepted.
ground_solve
BACKGROUND_SOLVE ENTERED: has_ridder=0 Lambda=0.00e+00
ABOUT TO INTEGRATE: bi_size=5 has_ridder=0 Lambda=0.00e+00
DERIVS_ENTRY: call#=1505000 has_ridder=0 Lambda=0.00e+00 a=3.61e-09
BG_INIT: background_solve OK
INPUT_READ: ridder_freeze_phi = 0 _TRUE_=1 (after class_read_flag)
DEBUG: Ridder field DISABLED. Lambda = 0.000000e+00
INPUT_READ: ridder_freeze_phi = 0 _TRUE_=1 (after class_read_flag)
DEBUG: Ridder field DISABLED. Lambda = 0.000000e+00, model_type not set to unified
BACKGROUND_INIT ENTERED: Lambda=0.00e+00
DEBUG BG_INIT ENTRY: model_type=0
DEBUG AFTER CHECKS: model_type=0 has_ridder=0
RIDDER DEBUG (background_init): has_ridder=0, Lambda_EDE_ridder=0.000000e+00, f_axion_ridder=1.000000e+16, theta_i_ridder=2.500000e+00, beta_ridder=0.000000e+00
BG_INIT: entering background_checks
BG_INIT: background_checks OK
DEBUG SHOOTING CHECK: has_ridder=0, model_type=0 (unified=1), use_shooting_EDE=0
BG_INIT: entering background_solve
BACKGROUND_SOLVE ENTERED: has_ridder=0 Lambda=0.00e+00
ABOUT TO INTEGRATE: bi_size=5 has_ridder=0 Lambda=0.00e+00
DERIVS_ENTRY: call#=1510000 has_ridder=0 Lambda=0.00e+00 a=1.78e-04
BG_INIT: background_solve OK
INPUT_READ: ridder_freeze_phi = 0 _TRUE_=1 (after class_read_flag)
DEBUG: Ridder field DISABLED. Lambda = 0.000000e+00
INPUT_READ: ridder_freeze_phi = 0 _TRUE_=1 (after class_read_flag)
DEBUG: Ridder field DISABLED. Lambda = 0.000000e+00, model_type not set to unified
BACKGROUND_INIT ENTERED: Lambda=0.00e+00
DEBUG BG_INIT ENTRY: model_type=0
DEBUG AFTER CHECKS: model_type=0 has_ridder=0
RIDDER DEBUG (background_init): has_ridder=0, Lambda_EDE_ridder=0.000000e+00, f_axion_ridder=1.000000e+16, theta_i_ridder=2.500000e+00, beta_ridder=0.000000e+00
BG_INIT: entering background_checks
BG_INIT: background_checks OK
DEBUG SHOOTING CHECK: has_ridder=0, model_type=0 (unified=1), use_shooting_EDE=0
BG_INIT: entering background_solve
BACKGROUND_SOLVE ENTERED: has_ridder=0 Lambda=0.00e+00
ABOUT TO INTEGRATE: bi_size=5 has_ridder=0 Lambda=0.00e+00
BG_INIT: background_solve OK
INPUT_READ: ridder_freeze_phi = 0 _TRUE_=1 (after class_read_flag)
DEBUG: Ridder field DISABLED. Lambda = 0.000000e+00
INPUT_READ: ridder_freeze_phi = 0 _TRUE_=1 (after class_read_flag)
DEBUG: Ridder field DISABLED. Lambda = 0.000000e+00, model_type not set to unified
BACKGROUND_INIT ENTERED: Lambda=0.00e+00
DEBUG BG_INIT ENTRY: model_type=0
DEBUG AFTER CHECKS: model_type=0 has_ridder=0
RIDDER DEBUG (background_init): has_ridder=0, Lambda_EDE_ridder=0.000000e+00, f_axion_ridder=1.000000e+16, theta_i_ridder=2.500000e+00, beta_ridder=0.000000e+00
BG_INIT: entering background_checks
BG_INIT: background_checks OK
DEBUG SHOOTING CHECK: has_ridder=0, model_type=0 (unified=1), use_shooting_EDE=0
BG_INIT: entering background_solve
BACKGROUND_SOLVE ENTERED: has_ridder=0 Lambda=0.00e+00
ABOUT TO INTEGRATE: bi_size=5 has_ridder=0 Lambda=0.00e+00
DERIVS_ENTRY: call#=1515000 has_ridder=0 Lambda=0.00e+00 a=5.13e-10
BG_INIT: background_solve OK
INPUT_READ: ridder_freeze_phi = 0 _TRUE_=1 (after class_read_flag)
DEBUG: Ridder field DISABLED. Lambda = 0.000000e+00
INPUT_READ: ridder_freeze_phi = 0 _TRUE_=1 (after class_read_flag)
DEBUG: Ridder field DISABLED. Lambda = 0.000000e+00, model_type not set to unified
BACKGROUND_INIT ENTERED: Lambda=0.00e+00
DEBUG BG_INIT ENTRY: model_type=0
DEBUG AFTER CHECKS: model_type=0 has_ridder=0
RIDDER DEBUG (background_init): has_ridder=0, Lambda_EDE_ridder=0.000000e+00, f_axion_ridder=1.000000e+16, theta_i_ridder=2.500000e+00, beta_ridder=0.000000e+00
BG_INIT: entering background_checks
BG_INIT: background_checks OK
DEBUG SHOOTING CHECK: has_ridder=0, model_type=0 (unified=1), use_shooting_EDE=0
BG_INIT: entering background_solve
BACKGROUND_SOLVE ENTERED: has_ridder=0 Lambda=0.00e+00
ABOUT TO INTEGRATE: bi_size=5 has_ridder=0 Lambda=0.00e+00
DERIVS_ENTRY: call#=1520000 has_ridder=0 Lambda=0.00e+00 a=2.55e-05
BG_INIT: background_solve OK
INPUT_READ: ridder_freeze_phi = 0 _TRUE_=1 (after class_read_flag)
DEBUG: Ridder field DISABLED. Lambda = 0.000000e+00
INPUT_READ: ridder_freeze_phi = 0 _TRUE_=1 (a[mcmc] Progress @ 2025-11-27 02:29:30 : 8143 steps taken, and 842 accepted.
fter class_read_flag)
DEBUG: Ridder field DISABLED. Lambda = 0.000000e+00, model_type not set to unified
BACKGROUND_INIT ENTERED: Lambda=0.00e+00
DEBUG BG_INIT ENTRY: model_type=0
DEBUG AFTER CHECKS: model_type=0 has_ridder=0
RIDDER DEBUG (background_init): has_ridder=0, Lambda_EDE_ridder=0.000000e+00, f_axion_ridder=1.000000e+16, theta_i_ridder=2.500000e+00, beta_ridder=0.000000e+00
BG_INIT: entering background_checks
BG_INIT: background_checks OK
DEBUG SHOOTING CHECK: has_ridder=0, model_type=0 (unified=1), use_shooting_EDE=0
BG_INIT: entering background_solve
BACKGROUND_SOLVE ENTERED: has_ridder=0 Lambda=0.00e+00
ABOUT TO INTEGRATE: bi_size=5 has_ridder=0 Lambda=0.00e+00
BG_INIT: background_solve OK
INPUT_READ: ridder_freeze_phi = 0 _TRUE_=1 (after class_read_flag)
DEBUG: Ridder field DISABLED. Lambda = 0.000000e+00
INPUT_READ: ridder_freeze_phi = 0 _TRUE_=1 (after class_read_flag)
DEBUG: Ridder field DISABLED. Lambda = 0.000000e+00, model_type not set to unified
BACKGROUND_INIT ENTERED: Lambda=0.00e+00
DEBUG BG_INIT ENTRY: model_type=0
DEBUG AFTER CHECKS: model_type=0 has_ridder=0
RIDDER DEBUG (background_init): has_ridder=0, Lambda_EDE_ridder=0.000000e+00, f_axion_ridder=1.000000e+16, theta_i_ridder=2.500000e+00, beta_ridder=0.000000e+00
BG_INIT: entering background_checks
BG_INIT: background_checks OK
DEBUG SHOOTING CHECK: has_ridder=0, model_type=0 (unified=1), use_shooting_EDE=0
BG_INIT: entering background_solve
BACKGROUND_SOLVE ENTERED: has_ridder=0 Lambda=0.00e+00
ABOUT TO INTEGRATE: bi_size=5 has_ridder=0 Lambda=0.00e+00
DERIVS_ENTRY: call#=1525000 has_ridder=0 Lambda=0.00e+00 a=7.59e-11
BG_INIT: background_solve OK
INPUT_READ: ridder_freeze_phi = 0 _TRUE_=1 (after class_read_flag)
DEBUG: Ridder field DISABLED. Lambda = 0.000000e+00
INPUT_READ: ridder_freeze_phi = 0 _TRUE_=1 (after class_read_flag)
DEBUG: Ridder field DISABLED. Lambda = 0.000000e+00, model_type not set to unified
BACKGROUND_INIT ENTERED: Lambda=0.00e+00
DEBUG BG_INIT ENTRY: model_type=0
DEBUG AFTER CHECKS: model_type=0 has_ridder=0
RIDDER DEBUG (background_init): has_ridder=0, Lambda_EDE_ridder=0.000000e+00, f_axion_ridder=1.000000e+16, theta_i_ridder=2.500000e+00, beta_ridder=0.000000e+00
BG_INIT: entering background_checks
BG_INIT: background_checks OK
DEBUG SHOOTING CHECK: has_ridder=0, model_type=0 (unified=1), use_shooting_EDE=0
BG_INIT: entering background_solve
BACKGROUND_SOLVE ENTERED: has_ridder=0 Lambda=0.00e+00
ABOUT TO INTEGRATE: bi_size=5 has_ridder=0 Lambda=0.00e+00
DERIVS_ENTRY: call#=1530000 has_ridder=0 Lambda=0.00e+00 a=3.73e-06
BG_INIT: background_solve OK
INPUT_READ: ridder_freeze_phi = 0 _TRUE_=1 (after class_read_flag)
DEBUG: Ridder field DISABLED. Lambda = 0.000000e+00
INPUT_READ: ridder_freeze_phi = 0 _TRUE_=1 (after class_read_flag)
DEBUG: Ridder field DISABLED. Lambda = 0.000000e+00, model_type not set to unified
BACKGROUND_INIT ENTERED: Lambda=0.00e+00
DEBUG BG_INIT ENTRY: model_type=0
DEBUG AFTER CHECKS: model_type=0 has_ridder=0
RIDDER DEBUG (background_init): has_ridder=0, Lambda_EDE_ridder=0.000000e+00, f_axion_ridder=1.000000e+16, theta_i_ridder=2.500000e+00, beta_ridder=0.000000e+00
BG_INIT: entering background_checks
BG_INIT: background_checks OK
DEBUG SHOOTING CHECK: has_ridder=0, model_type=0 (unified=1), use_shooting_EDE=0
BG_INIT: entering background_solve
BACKGROUND_SOLVE ENTERED: has_ridder=0 Lambda=0.00e+00
ABOUT TO INTEGRATE: bi_size=5 has_ridder=0 Lambda=0.00e+00
BG_INIT: background_solve OK
INPUT_READ: ridder_freeze_phi = 0 _TRUE_=1 (after class_read_flag)
DEBUG: Ridder field DISABLED. Lambda = 0.000000e+00
INPUT_READ: ridder_freeze_phi = 0 _TRUE_=1 (after class_read_flag)
DEBUG: Ridder field DISABLED. Lambda = 0.000000e+00, model_type not set to unified
BACKGROUND_INIT ENTERED: Lambda=0.00e+00
DEBUG BG_INIT ENTRY: model_type=0
DEBUG AFTER CHECKS: model_type=0 has_ridder=0
RIDDER DEBUG (background_init): has_ridder=0, Lambda_EDE_ridder=0.000000e+00, f_axion_ridder=1.000000e+16, theta_i_ridder=2.500000e+00, beta_ridder=0.000000e+00
BG_INIT: entering background_checks
BG_INIT: background_checks OK
DEB[mcmc] Progress @ 2025-11-27 02:30:42 : 8226 steps taken, and 854 accepted.
UG SHOOTING CHECK: has_ridder=0, model_type=0 (unified=1), use_shooting_EDE=0
BG_INIT: entering background_solve
BACKGROUND_SOLVE ENTERED: has_ridder=0 Lambda=0.00e+00
ABOUT TO INTEGRATE: bi_size=5 has_ridder=0 Lambda=0.00e+00
DERIVS_ENTRY: call#=1535000 has_ridder=0 Lambda=0.00e+00 a=4.84e-13
BG_INIT: background_solve OK
INPUT_READ: ridder_freeze_phi = 0 _TRUE_=1 (after class_read_flag)
DEBUG: Ridder field DISABLED. Lambda = 0.000000e+00
INPUT_READ: ridder_freeze_phi = 0 _TRUE_=1 (after class_read_flag)
DEBUG: Ridder field DISABLED. Lambda = 0.000000e+00, model_type not set to unified
BACKGROUND_INIT ENTERED: Lambda=0.00e+00
DEBUG BG_INIT ENTRY: model_type=0
DEBUG AFTER CHECKS: model_type=0 has_ridder=0
RIDDER DEBUG (background_init): has_ridder=0, Lambda_EDE_ridder=0.000000e+00, f_axion_ridder=1.000000e+16, theta_i_ridder=2.500000e+00, beta_ridder=0.000000e+00
BG_INIT: entering background_checks
BG_INIT: background_checks OK
DEBUG SHOOTING CHECK: has_ridder=0, model_type=0 (unified=1), use_shooting_EDE=0
BG_INIT: entering background_solve
BACKGROUND_SOLVE ENTERED: has_ridder=0 Lambda=0.00e+00
ABOUT TO INTEGRATE: bi_size=5 has_ridder=0 Lambda=0.00e+00
DERIVS_ENTRY: call#=1540000 has_ridder=0 Lambda=0.00e+00 a=5.29e-07
BG_INIT: background_solve OK
INPUT_READ: ridder_freeze_phi = 0 _TRUE_=1 (after class_read_flag)
DEBUG: Ridder field DISABLED. Lambda = 0.000000e+00
INPUT_READ: ridder_freeze_phi = 0 _TRUE_=1 (after class_read_flag)
DEBUG: Ridder field DISABLED. Lambda = 0.000000e+00, model_type not set to unified
BACKGROUND_INIT ENTERED: Lambda=0.00e+00
DEBUG BG_INIT ENTRY: model_type=0
DEBUG AFTER CHECKS: model_type=0 has_ridder=0
RIDDER DEBUG (background_init): has_ridder=0, Lambda_EDE_ridder=0.000000e+00, f_axion_ridder=1.000000e+16, theta_i_ridder=2.500000e+00, beta_ridder=0.000000e+00
BG_INIT: entering background_checks
BG_INIT: background_checks OK
DEBUG SHOOTING CHECK: has_ridder=0, model_type=0 (unified=1), use_shooting_EDE=0
BG_INIT: entering background_solve
BACKGROUND_SOLVE ENTERED: has_ridder=0 Lambda=0.00e+00
ABOUT TO INTEGRATE: bi_size=5 has_ridder=0 Lambda=0.00e+00
DERIVS_ENTRY: call#=1545000 has_ridder=0 Lambda=0.00e+00 a=7.18e-01
BG_INIT: background_solve OK
INPUT_READ: ridder_freeze_phi = 0 _TRUE_=1 (after class_read_flag)
DEBUG: Ridder field DISABLED. Lambda = 0.000000e+00
INPUT_READ: ridder_freeze_phi = 0 _TRUE_=1 (after class_read_flag)
DEBUG: Ridder field DISABLED. Lambda = 0.000000e+00, model_type not set to unified
BACKGROUND_INIT ENTERED: Lambda=0.00e+00
DEBUG BG_INIT ENTRY: model_type=0
DEBUG AFTER CHECKS: model_type=0 has_ridder=0
RIDDER DEBUG (background_init): has_ridder=0, Lambda_EDE_ridder=0.000000e+00, f_axion_ridder=1.000000e+16, theta_i_ridder=2.500000e+00, beta_ridder=0.000000e+00
BG_INIT: entering background_checks
BG_INIT: background_checks OK
DEBUG SHOOTING CHECK: has_ridder=0, model_type=0 (unified=1), use_shooting_EDE=0
BG_INIT: entering background_solve
BACKGROUND_SOLVE ENTERED: has_ridder=0 Lambda=0.00e+00
ABOUT TO INTEGRATE: bi_size=5 has_ridder=0 Lambda=0.00e+00
BG_INIT: background_solve OK
INPUT_READ: ridder_freeze_phi = 0 _TRUE_=1 (after class_read_flag)
DEBUG: Ridder field DISABLED. Lambda = 0.000000e+00
INPUT_READ: ridder_freeze_phi = 0 _TRUE_=1 (after class_read_flag)
DEBUG: Ridder field DISABLED. Lambda = 0.000000e+00, model_type not set to unified
BACKGROUND_INIT ENTERED: Lambda=0.00e+00
DEBUG BG_INIT ENTRY: model_type=0
DEBUG AFTER CHECKS: model_type=0 has_ridder=0
RIDDER DEBUG (background_init): has_ridder=0, Lambda_EDE_ridder=0.000000e+00, f_axion_ridder=1.000000e+16, theta_i_ridder=2.500000e+00, beta_ridder=0.000000e+00
BG_INIT: entering background_checks
BG_INIT: background_checks OK
DEBUG SHOOTING CHECK: has_ridder=0, model_type=0 (unified=1), use_shooting_EDE=0
BG_INIT: entering background_solve
BACKGROUND_SOLVE ENTERED: has_ridder=0 Lambda=0.00e+00
ABOUT TO INTEGRATE: bi_size=5 has_ridder=0 Lambda=0.00e+00
DERIVS_ENTRY: call#=1550000 has_ridder=0 Lambda=0.00e+00 a=7.73e-08
BG_INIT: background_solve OK
INPUT_READ: ridder_freeze_phi = 0 _TRUE_=1 (after class_read_fla[mcmc] Progress @ 2025-11-27 02:31:51 : 8312 steps taken, and 861 accepted.
g)
DEBUG: Ridder field DISABLED. Lambda = 0.000000e+00
INPUT_READ: ridder_freeze_phi = 0 _TRUE_=1 (after class_read_flag)
DEBUG: Ridder field DISABLED. Lambda = 0.000000e+00, model_type not set to unified
BACKGROUND_INIT ENTERED: Lambda=0.00e+00
DEBUG BG_INIT ENTRY: model_type=0
DEBUG AFTER CHECKS: model_type=0 has_ridder=0
RIDDER DEBUG (background_init): has_ridder=0, Lambda_EDE_ridder=0.000000e+00, f_axion_ridder=1.000000e+16, theta_i_ridder=2.500000e+00, beta_ridder=0.000000e+00
BG_INIT: entering background_checks
BG_INIT: background_checks OK
DEBUG SHOOTING CHECK: has_ridder=0, model_type=0 (unified=1), use_shooting_EDE=0
BG_INIT: entering background_solve
BACKGROUND_SOLVE ENTERED: has_ridder=0 Lambda=0.00e+00
ABOUT TO INTEGRATE: bi_size=5 has_ridder=0 Lambda=0.00e+00
DERIVS_ENTRY: call#=1555000 has_ridder=0 Lambda=0.00e+00 a=8.51e-02
BG_INIT: background_solve OK
INPUT_READ: ridder_freeze_phi = 0 _TRUE_=1 (after class_read_flag)
DEBUG: Ridder field DISABLED. Lambda = 0.000000e+00
INPUT_READ: ridder_freeze_phi = 0 _TRUE_=1 (after class_read_flag)
DEBUG: Ridder field DISABLED. Lambda = 0.000000e+00, model_type not set to unified
BACKGROUND_INIT ENTERED: Lambda=0.00e+00
DEBUG BG_INIT ENTRY: model_type=0
DEBUG AFTER CHECKS: model_type=0 has_ridder=0
RIDDER DEBUG (background_init): has_ridder=0, Lambda_EDE_ridder=0.000000e+00, f_axion_ridder=1.000000e+16, theta_i_ridder=2.500000e+00, beta_ridder=0.000000e+00
BG_INIT: entering background_checks
BG_INIT: background_checks OK
DEBUG SHOOTING CHECK: has_ridder=0, model_type=0 (unified=1), use_shooting_EDE=0
BG_INIT: entering background_solve
BACKGROUND_SOLVE ENTERED: has_ridder=0 Lambda=0.00e+00
ABOUT TO INTEGRATE: bi_size=5 has_ridder=0 Lambda=0.00e+00
BG_INIT: background_solve OK
INPUT_READ: ridder_freeze_phi = 0 _TRUE_=1 (after class_read_flag)
DEBUG: Ridder field DISABLED. Lambda = 0.000000e+00
INPUT_READ: ridder_freeze_phi = 0 _TRUE_=1 (after class_read_flag)
DEBUG: Ridder field DISABLED. Lambda = 0.000000e+00, model_type not set to unified
BACKGROUND_INIT ENTERED: Lambda=0.00e+00
DEBUG BG_INIT ENTRY: model_type=0
DEBUG AFTER CHECKS: model_type=0 has_ridder=0
RIDDER DEBUG (background_init): has_ridder=0, Lambda_EDE_ridder=0.000000e+00, f_axion_ridder=1.000000e+16, theta_i_ridder=2.500000e+00, beta_ridder=0.000000e+00
BG_INIT: entering background_checks
BG_INIT: background_checks OK
DEBUG SHOOTING CHECK: has_ridder=0, model_type=0 (unified=1), use_shooting_EDE=0
BG_INIT: entering background_solve
BACKGROUND_SOLVE ENTERED: has_ridder=0 Lambda=0.00e+00
ABOUT TO INTEGRATE: bi_size=5 has_ridder=0 Lambda=0.00e+00
DERIVS_ENTRY: call#=1560000 has_ridder=0 Lambda=0.00e+00 a=1.19e-08
BG_INIT: background_solve OK
INPUT_READ: ridder_freeze_phi = 0 _TRUE_=1 (after class_read_flag)
DEBUG: Ridder field DISABLED. Lambda = 0.000000e+00
INPUT_READ: ridder_freeze_phi = 0 _TRUE_=1 (after class_read_flag)
DEBUG: Ridder field DISABLED. Lambda = 0.000000e+00, model_type not set to unified
BACKGROUND_INIT ENTERED: Lambda=0.00e+00
DEBUG BG_INIT ENTRY: model_type=0
DEBUG AFTER CHECKS: model_type=0 has_ridder=0
RIDDER DEBUG (background_init): has_ridder=0, Lambda_EDE_ridder=0.000000e+00, f_axion_ridder=1.000000e+16, theta_i_ridder=2.500000e+00, beta_ridder=0.000000e+00
BG_INIT: entering background_checks
BG_INIT: background_checks OK
DEBUG SHOOTING CHECK: has_ridder=0, model_type=0 (unified=1), use_shooting_EDE=0
BG_INIT: entering background_solve
BACKGROUND_SOLVE ENTERED: has_ridder=0 Lambda=0.00e+00
ABOUT TO INTEGRATE: bi_size=5 has_ridder=0 Lambda=0.00e+00
DERIVS_ENTRY: call#=1565000 has_ridder=0 Lambda=0.00e+00 a=1.67e-03
BG_INIT: background_solve OK
INPUT_READ: ridder_freeze_phi = 0 _TRUE_=1 (after class_read_flag)
DEBUG: Ridder field DISABLED. Lambda = 0.000000e+00
INPUT_READ: ridder_freeze_phi = 0 _TRUE_=1 (after class_read_flag)
DEBUG: Ridder field DISABLED. Lambda = 0.000000e+00, model_type not set to unified
BACKGROUND_INIT ENTERED: Lambda=0.00e+00
DEBUG BG_INIT ENTRY: model_type=0
DEBUG AFTER CHECKS: model_type=0 has_ridder=0
RIDDER DEBUG (background_init): has_ridder=0, Lambda_EDE_ridde[mcmc] Progress @ 2025-11-27 02:32:54 : 8374 steps taken, and 868 accepted.
r=0.000000e+00, f_axion_ridder=1.000000e+16, theta_i_ridder=2.500000e+00, beta_ridder=0.000000e+00
BG_INIT: entering background_checks
BG_INIT: background_checks OK
DEBUG SHOOTING CHECK: has_ridder=0, model_type=0 (unified=1), use_shooting_EDE=0
BG_INIT: entering background_solve
BACKGROUND_SOLVE ENTERED: has_ridder=0 Lambda=0.00e+00
ABOUT TO INTEGRATE: bi_size=5 has_ridder=0 Lambda=0.00e+00
BG_INIT: background_solve OK
INPUT_READ: ridder_freeze_phi = 0 _TRUE_=1 (after class_read_flag)
DEBUG: Ridder field DISABLED. Lambda = 0.000000e+00
INPUT_READ: ridder_freeze_phi = 0 _TRUE_=1 (after class_read_flag)
DEBUG: Ridder field DISABLED. Lambda = 0.000000e+00, model_type not set to unified
BACKGROUND_INIT ENTERED: Lambda=0.00e+00
DEBUG BG_INIT ENTRY: model_type=0
DEBUG AFTER CHECKS: model_type=0 has_ridder=0
RIDDER DEBUG (background_init): has_ridder=0, Lambda_EDE_ridder=0.000000e+00, f_axion_ridder=1.000000e+16, theta_i_ridder=2.500000e+00, beta_ridder=0.000000e+00
BG_INIT: entering background_checks
BG_INIT: background_checks OK
DEBUG SHOOTING CHECK: has_ridder=0, model_type=0 (unified=1), use_shooting_EDE=0
BG_INIT: entering background_solve
BACKGROUND_SOLVE ENTERED: has_ridder=0 Lambda=0.00e+00
ABOUT TO INTEGRATE: bi_size=5 has_ridder=0 Lambda=0.00e+00
DERIVS_ENTRY: call#=1570000 has_ridder=0 Lambda=0.00e+00 a=1.72e-09
BG_INIT: background_solve OK
INPUT_READ: ridder_freeze_phi = 0 _TRUE_=1 (after class_read_flag)
DEBUG: Ridder field DISABLED. Lambda = 0.000000e+00
INPUT_READ: ridder_freeze_phi = 0 _TRUE_=1 (after class_read_flag)
DEBUG: Ridder field DISABLED. Lambda = 0.000000e+00, model_type not set to unified
BACKGROUND_INIT ENTERED: Lambda=0.00e+00
DEBUG BG_INIT ENTRY: model_type=0
DEBUG AFTER CHECKS: model_type=0 has_ridder=0
RIDDER DEBUG (background_init): has_ridder=0, Lambda_EDE_ridder=0.000000e+00, f_axion_ridder=1.000000e+16, theta_i_ridder=2.500000e+00, beta_ridder=0.000000e+00
BG_INIT: entering background_checks
BG_INIT: background_checks OK
DEBUG SHOOTING CHECK: has_ridder=0, model_type=0 (unified=1), use_shooting_EDE=0
BG_INIT: entering background_solve
BACKGROUND_SOLVE ENTERED: has_ridder=0 Lambda=0.00e+00
ABOUT TO INTEGRATE: bi_size=5 has_ridder=0 Lambda=0.00e+00
DERIVS_ENTRY: call#=1575000 has_ridder=0 Lambda=0.00e+00 a=8.43e-05
BG_INIT: background_solve OK
INPUT_READ: ridder_freeze_phi = 0 _TRUE_=1 (after class_read_flag)
DEBUG: Ridder field DISABLED. Lambda = 0.000000e+00
INPUT_READ: ridder_freeze_phi = 0 _TRUE_=1 (after class_read_flag)
DEBUG: Ridder field DISABLED. Lambda = 0.000000e+00, model_type not set to unified
BACKGROUND_INIT ENTERED: Lambda=0.00e+00
DEBUG BG_INIT ENTRY: model_type=0
DEBUG AFTER CHECKS: model_type=0 has_ridder=0
RIDDER DEBUG (background_init): has_ridder=0, Lambda_EDE_ridder=0.000000e+00, f_axion_ridder=1.000000e+16, theta_i_ridder=2.500000e+00, beta_ridder=0.000000e+00
BG_INIT: entering background_checks
BG_INIT: background_checks OK
DEBUG SHOOTING CHECK: has_ridder=0, model_type=0 (unified=1), use_shooting_EDE=0
BG_INIT: entering background_solve
BACKGROUND_SOLVE ENTERED: has_ridder=0 Lambda=0.00e+00
ABOUT TO INTEGRATE: bi_size=5 has_ridder=0 Lambda=0.00e+00
BG_INIT: background_solve OK
INPUT_READ: ridder_freeze_phi = 0 _TRUE_=1 (after class_read_flag)
DEBUG: Ridder field DISABLED. Lambda = 0.000000e+00
INPUT_READ: ridder_freeze_phi = 0 _TRUE_=1 (after class_read_flag)
DEBUG: Ridder field DISABLED. Lambda = 0.000000e+00, model_type not set to unified
BACKGROUND_INIT ENTERED: Lambda=0.00e+00
DEBUG BG_INIT ENTRY: model_type=0
DEBUG AFTER CHECKS: model_type=0 has_ridder=0
RIDDER DEBUG (background_init): has_ridder=0, Lambda_EDE_ridder=0.000000e+00, f_axion_ridder=1.000000e+16, theta_i_ridder=2.500000e+00, beta_ridder=0.000000e+00
BG_INIT: entering background_checks
BG_INIT: background_checks OK
DEBUG SHOOTING CHECK: has_ridder=0, model_type=0 (unified=1), use_shooting_EDE=0
BG_INIT: entering background_solve
BACKGROUND_SOLVE ENTERED: has_ridder=0 Lambda=0.00e+00
ABOUT TO INTEGRATE: bi_size=5 has_ridder=0 Lambda=0.00e+00
DERIVS_ENTRY: call#=1580000 has_ridder=0 Lambda=0.00e+00 a=2.[mcmc] Progress @ 2025-11-27 02:33:54 : 8473 steps taken, and 878 accepted.
51e-10
BG_INIT: background_solve OK
INPUT_READ: ridder_freeze_phi = 0 _TRUE_=1 (after class_read_flag)
DEBUG: Ridder field DISABLED. Lambda = 0.000000e+00
INPUT_READ: ridder_freeze_phi = 0 _TRUE_=1 (after class_read_flag)
DEBUG: Ridder field DISABLED. Lambda = 0.000000e+00, model_type not set to unified
BACKGROUND_INIT ENTERED: Lambda=0.00e+00
DEBUG BG_INIT ENTRY: model_type=0
DEBUG AFTER CHECKS: model_type=0 has_ridder=0
RIDDER DEBUG (background_init): has_ridder=0, Lambda_EDE_ridder=0.000000e+00, f_axion_ridder=1.000000e+16, theta_i_ridder=2.500000e+00, beta_ridder=0.000000e+00
BG_INIT: entering background_checks
BG_INIT: background_checks OK
DEBUG SHOOTING CHECK: has_ridder=0, model_type=0 (unified=1), use_shooting_EDE=0
BG_INIT: entering background_solve
BACKGROUND_SOLVE ENTERED: has_ridder=0 Lambda=0.00e+00
ABOUT TO INTEGRATE: bi_size=5 has_ridder=0 Lambda=0.00e+00
DERIVS_ENTRY: call#=1585000 has_ridder=0 Lambda=0.00e+00 a=1.27e-05
BG_INIT: background_solve OK
INPUT_READ: ridder_freeze_phi = 0 _TRUE_=1 (after class_read_flag)
DEBUG: Ridder field DISABLED. Lambda = 0.000000e+00
INPUT_READ: ridder_freeze_phi = 0 _TRUE_=1 (after class_read_flag)
DEBUG: Ridder field DISABLED. Lambda = 0.000000e+00, model_type not set to unified
BACKGROUND_INIT ENTERED: Lambda=0.00e+00
DEBUG BG_INIT ENTRY: model_type=0
DEBUG AFTER CHECKS: model_type=0 has_ridder=0
RIDDER DEBUG (background_init): has_ridder=0, Lambda_EDE_ridder=0.000000e+00, f_axion_ridder=1.000000e+16, theta_i_ridder=2.500000e+00, beta_ridder=0.000000e+00
BG_INIT: entering background_checks
BG_INIT: background_checks OK
DEBUG SHOOTING CHECK: has_ridder=0, model_type=0 (unified=1), use_shooting_EDE=0
BG_INIT: entering background_solve
BACKGROUND_SOLVE ENTERED: has_ridder=0 Lambda=0.00e+00
ABOUT TO INTEGRATE: bi_size=5 has_ridder=0 Lambda=0.00e+00
BG_INIT: background_solve OK
INPUT_READ: ridder_freeze_phi = 0 _TRUE_=1 (after class_read_flag)
DEBUG: Ridder field DISABLED. Lambda = 0.000000e+00
INPUT_READ: ridder_freeze_phi = 0 _TRUE_=1 (after class_read_flag)
DEBUG: Ridder field DISABLED. Lambda = 0.000000e+00, model_type not set to unified
BACKGROUND_INIT ENTERED: Lambda=0.00e+00
DEBUG BG_INIT ENTRY: model_type=0
DEBUG AFTER CHECKS: model_type=0 has_ridder=0
RIDDER DEBUG (background_init): has_ridder=0, Lambda_EDE_ridder=0.000000e+00, f_axion_ridder=1.000000e+16, theta_i_ridder=2.500000e+00, beta_ridder=0.000000e+00
BG_INIT: entering background_checks
BG_INIT: background_checks OK
DEBUG SHOOTING CHECK: has_ridder=0, model_type=0 (unified=1), use_shooting_EDE=0
BG_INIT: entering background_solve
BACKGROUND_SOLVE ENTERED: has_ridder=0 Lambda=0.00e+00
ABOUT TO INTEGRATE: bi_size=5 has_ridder=0 Lambda=0.00e+00
DERIVS_ENTRY: call#=1590000 has_ridder=0 Lambda=0.00e+00 a=2.74e-11
BG_INIT: background_solve OK
INPUT_READ: ridder_freeze_phi = 0 _TRUE_=1 (after class_read_flag)
DEBUG: Ridder field DISABLED. Lambda = 0.000000e+00
INPUT_READ: ridder_freeze_phi = 0 _TRUE_=1 (after class_read_flag)
DEBUG: Ridder field DISABLED. Lambda = 0.000000e+00, model_type not set to unified
BACKGROUND_INIT ENTERED: Lambda=0.00e+00
DEBUG BG_INIT ENTRY: model_type=0
DEBUG AFTER CHECKS: model_type=0 has_ridder=0
RIDDER DEBUG (background_init): has_ridder=0, Lambda_EDE_ridder=0.000000e+00, f_axion_ridder=1.000000e+16, theta_i_ridder=2.500000e+00, beta_ridder=0.000000e+00
BG_INIT: entering background_checks
BG_INIT: background_checks OK
DEBUG SHOOTING CHECK: has_ridder=0, model_type=0 (unified=1), use_shooting_EDE=0
BG_INIT: entering background_solve
BACKGROUND_SOLVE ENTERED: has_ridder=0 Lambda=0.00e+00
ABOUT TO INTEGRATE: bi_size=5 has_ridder=0 Lambda=0.00e+00
DERIVS_ENTRY: call#=1595000 has_ridder=0 Lambda=0.00e+00 a=1.80e-06
BG_INIT: background_solve OK
INPUT_READ: ridder_freeze_phi = 0 _TRUE_=1 (after class_read_flag)
DEBUG: Ridder field DISABLED. Lambda = 0.000000e+00
INPUT_READ: ridder_freeze_phi = 0 _TRUE_=1 (after class_read_flag)
DEBUG: Ridder field DISABLED. Lambda = 0.000000e+00, model_type not set to unified
BACKGROUND_INIT ENTERED: Lambda=0.00e+00
DEBUG BG_INIT ENTRY: model_type=0
DEBUG AF[mcmc] Progress @ 2025-11-27 02:35:05 : 8521 steps taken, and 882 accepted.
TER CHECKS: model_type=0 has_ridder=0
RIDDER DEBUG (background_init): has_ridder=0, Lambda_EDE_ridder=0.000000e+00, f_axion_ridder=1.000000e+16, theta_i_ridder=2.500000e+00, beta_ridder=0.000000e+00
BG_INIT: entering background_checks
BG_INIT: background_checks OK
DEBUG SHOOTING CHECK: has_ridder=0, model_type=0 (unified=1), use_shooting_EDE=0
BG_INIT: entering background_solve
BACKGROUND_SOLVE ENTERED: has_ridder=0 Lambda=0.00e+00
ABOUT TO INTEGRATE: bi_size=5 has_ridder=0 Lambda=0.00e+00
BG_INIT: background_solve OK
INPUT_READ: ridder_freeze_phi = 0 _TRUE_=1 (after class_read_flag)
DEBUG: Ridder field DISABLED. Lambda = 0.000000e+00
INPUT_READ: ridder_freeze_phi = 0 _TRUE_=1 (after class_read_flag)
DEBUG: Ridder field DISABLED. Lambda = 0.000000e+00, model_type not set to unified
BACKGROUND_INIT ENTERED: Lambda=0.00e+00
DEBUG BG_INIT ENTRY: model_type=0
DEBUG AFTER CHECKS: model_type=0 has_ridder=0
RIDDER DEBUG (background_init): has_ridder=0, Lambda_EDE_ridder=0.000000e+00, f_axion_ridder=1.000000e+16, theta_i_ridder=2.500000e+00, beta_ridder=0.000000e+00
BG_INIT: entering background_checks
BG_INIT: background_checks OK
DEBUG SHOOTING CHECK: has_ridder=0, model_type=0 (unified=1), use_shooting_EDE=0
BG_INIT: entering background_solve
BACKGROUND_SOLVE ENTERED: has_ridder=0 Lambda=0.00e+00
ABOUT TO INTEGRATE: bi_size=5 has_ridder=0 Lambda=0.00e+00
DERIVS_ENTRY: call#=1600000 has_ridder=0 Lambda=0.00e+00 a=3.98e-14
BG_INIT: background_solve OK
INPUT_READ: ridder_freeze_phi = 0 _TRUE_=1 (after class_read_flag)
DEBUG: Ridder field DISABLED. Lambda = 0.000000e+00
INPUT_READ: ridder_freeze_phi = 0 _TRUE_=1 (after class_read_flag)
DEBUG: Ridder field DISABLED. Lambda = 0.000000e+00, model_type not set to unified
BACKGROUND_INIT ENTERED: Lambda=0.00e+00
DEBUG BG_INIT ENTRY: model_type=0
DEBUG AFTER CHECKS: model_type=0 has_ridder=0
RIDDER DEBUG (background_init): has_ridder=0, Lambda_EDE_ridder=0.000000e+00, f_axion_ridder=1.000000e+16, theta_i_ridder=2.500000e+00, beta_ridder=0.000000e+00
BG_INIT: entering background_checks
BG_INIT: background_checks OK
DEBUG SHOOTING CHECK: has_ridder=0, model_type=0 (unified=1), use_shooting_EDE=0
BG_INIT: entering background_solve
BACKGROUND_SOLVE ENTERED: has_ridder=0 Lambda=0.00e+00
ABOUT TO INTEGRATE: bi_size=5 has_ridder=0 Lambda=0.00e+00
DERIVS_ENTRY: call#=1605000 has_ridder=0 Lambda=0.00e+00 a=2.56e-07
BG_INIT: background_solve OK
INPUT_READ: ridder_freeze_phi = 0 _TRUE_=1 (after class_read_flag)
DEBUG: Ridder field DISABLED. Lambda = 0.000000e+00
INPUT_READ: ridder_freeze_phi = 0 _TRUE_=1 (after class_read_flag)
DEBUG: Ridder field DISABLED. Lambda = 0.000000e+00, model_type not set to unified
BACKGROUND_INIT ENTERED: Lambda=0.00e+00
DEBUG BG_INIT ENTRY: model_type=0
DEBUG AFTER CHECKS: model_type=0 has_ridder=0
RIDDER DEBUG (background_init): has_ridder=0, Lambda_EDE_ridder=0.000000e+00, f_axion_ridder=1.000000e+16, theta_i_ridder=2.500000e+00, beta_ridder=0.000000e+00
BG_INIT: entering background_checks
BG_INIT: background_checks OK
DEBUG SHOOTING CHECK: has_ridder=0, model_type=0 (unified=1), use_shooting_EDE=0
BG_INIT: entering background_solve
BACKGROUND_SOLVE ENTERED: has_ridder=0 Lambda=0.00e+00
ABOUT TO INTEGRATE: bi_size=5 has_ridder=0 Lambda=0.00e+00
DERIVS_ENTRY: call#=1610000 has_ridder=0 Lambda=0.00e+00 a=3.71e-01
BG_INIT: background_solve OK
INPUT_READ: ridder_freeze_phi = 0 _TRUE_=1 (after class_read_flag)
DEBUG: Ridder field DISABLED. Lambda = 0.000000e+00
INPUT_READ: ridder_freeze_phi = 0 _TRUE_=1 (after class_read_flag)
DEBUG: Ridder field DISABLED. Lambda = 0.000000e+00, model_type not set to unified
BACKGROUND_INIT ENTERED: Lambda=0.00e+00
DEBUG BG_INIT ENTRY: model_type=0
DEBUG AFTER CHECKS: model_type=0 has_ridder=0
RIDDER DEBUG (background_init): has_ridder=0, Lambda_EDE_ridder=0.000000e+00, f_axion_ridder=1.000000e+16, theta_i_ridder=2.500000e+00, beta_ridder=0.000000e+00
BG_INIT: entering background_checks
BG_INIT: background_checks OK
DEBUG SHOOTING CHECK: has_ridder=0, model_type=0 (unified=1), use_shooting_EDE=0
BG_INIT: entering background_solve
BACKGRO[mcmc] Progress @ 2025-11-27 02:36:17 : 8599 steps taken, and 899 accepted.
[mcmc] Progress @ 2025-11-27 02:37:27 : 8686 steps taken, and 907 accepted.
UND_SOLVE ENTERED: has_ridder=0 Lambda=0.00e+00
ABOUT TO INTEGRATE: bi_size=5 has_ridder=0 Lambda=0.00e+00
BG_INIT: background_solve OK
INPUT_READ: ridder_freeze_phi = 0 _TRUE_=1 (after class_read_flag)
DEBUG: Ridder field DISABLED. Lambda = 0.000000e+00
INPUT_READ: ridder_freeze_phi = 0 _TRUE_=1 (after class_read_flag)
DEBUG: Ridder field DISABLED. Lambda = 0.000000e+00, model_type not set to unified
BACKGROUND_INIT ENTERED: Lambda=0.00e+00
DEBUG BG_INIT ENTRY: model_type=0
DEBUG AFTER CHECKS: model_type=0 has_ridder=0
RIDDER DEBUG (background_init): has_ridder=0, Lambda_EDE_ridder=0.000000e+00, f_axion_ridder=1.000000e+16, theta_i_ridder=2.500000e+00, beta_ridder=0.000000e+00
BG_INIT: entering background_checks
BG_INIT: background_checks OK
DEBUG SHOOTING CHECK: has_ridder=0, model_type=0 (unified=1), use_shooting_EDE=0
BG_INIT: entering background_solve
BACKGROUND_SOLVE ENTERED: has_ridder=0 Lambda=0.00e+00
ABOUT TO INTEGRATE: bi_size=5 has_ridder=0 Lambda=0.00e+00
DERIVS_ENTRY: call#=1615000 has_ridder=0 Lambda=0.00e+00 a=3.63e-08
BG_INIT: background_solve OK
INPUT_READ: ridder_freeze_phi = 0 _TRUE_=1 (after class_read_flag)
DEBUG: Ridder field DISABLED. Lambda = 0.000000e+00
INPUT_READ: ridder_freeze_phi = 0 _TRUE_=1 (after class_read_flag)
DEBUG: Ridder field DISABLED. Lambda = 0.000000e+00, model_type not set to unified
BACKGROUND_INIT ENTERED: Lambda=0.00e+00
DEBUG BG_INIT ENTRY: model_type=0
DEBUG AFTER CHECKS: model_type=0 has_ridder=0
RIDDER DEBUG (background_init): has_ridder=0, Lambda_EDE_ridder=0.000000e+00, f_axion_ridder=1.000000e+16, theta_i_ridder=2.500000e+00, beta_ridder=0.000000e+00
BG_INIT: entering background_checks
BG_INIT: background_checks OK
DEBUG SHOOTING CHECK: has_ridder=0, model_type=0 (unified=1), use_shooting_EDE=0
BG_INIT: entering background_solve
BACKGROUND_SOLVE ENTERED: has_ridder=0 Lambda=0.00e+00
ABOUT TO INTEGRATE: bi_size=5 has_ridder=0 Lambda=0.00e+00
DERIVS_ENTRY: call#=1620000 has_ridder=0 Lambda=0.00e+00 a=1.71e-02
BG_INIT: background_solve OK
INPUT_READ: ridder_freeze_phi = 0 _TRUE_=1 (after class_read_flag)
DEBUG: Ridder field DISABLED. Lambda = 0.000000e+00
INPUT_READ: ridder_freeze_phi = 0 _TRUE_=1 (after class_read_flag)
DEBUG: Ridder field DISABLED. Lambda = 0.000000e+00, model_type not set to unified
BACKGROUND_INIT ENTERED: Lambda=0.00e+00
DEBUG BG_INIT ENTRY: model_type=0
DEBUG AFTER CHECKS: model_type=0 has_ridder=0
RIDDER DEBUG (background_init): has_ridder=0, Lambda_EDE_ridder=0.000000e+00, f_axion_ridder=1.000000e+16, theta_i_ridder=2.500000e+00, beta_ridder=0.000000e+00
BG_INIT: entering background_checks
BG_INIT: background_checks OK
DEBUG SHOOTING CHECK: has_ridder=0, model_type=0 (unified=1), use_shooting_EDE=0
BG_INIT: entering background_solve
BACKGROUND_SOLVE ENTERED: has_ridder=0 Lambda=0.00e+00
ABOUT TO INTEGRATE: bi_size=5 has_ridder=0 Lambda=0.00e+00
BG_INIT: background_solve OK
INPUT_READ: ridder_freeze_phi = 0 _TRUE_=1 (after class_read_flag)
DEBUG: Ridder field DISABLED. Lambda = 0.000000e+00
INPUT_READ: ridder_freeze_phi = 0 _TRUE_=1 (after class_read_flag)
DEBUG: Ridder field DISABLED. Lambda = 0.000000e+00, model_type not set to unified
BACKGROUND_INIT ENTERED: Lambda=0.00e+00
DEBUG BG_INIT ENTRY: model_type=0
DEBUG AFTER CHECKS: model_type=0 has_ridder=0
RIDDER DEBUG (background_init): has_ridder=0, Lambda_EDE_ridder=0.000000e+00, f_axion_ridder=1.000000e+16, theta_i_ridder=2.500000e+00, beta_ridder=0.000000e+00
BG_INIT: entering background_checks
BG_INIT: background_checks OK
DEBUG SHOOTING CHECK: has_ridder=0, model_type=0 (unified=1), use_shooting_EDE=0
BG_INIT: entering background_solve
BACKGROUND_SOLVE ENTERED: has_ridder=0 Lambda=0.00e+00
ABOUT TO INTEGRATE: bi_size=5 has_ridder=0 Lambda=0.00e+00
DERIVS_ENTRY: call#=1625000 has_ridder=0 Lambda=0.00e+00 a=5.02e-09
BG_INIT: background_solve OK
INPUT_READ: ridder_freeze_phi = 0 _TRUE_=1 (after class_read_flag)
DEBUG: Ridder field DISABLED. Lambda = 0.000000e+00
INPUT_READ: ridder_freeze_phi = 0 _TRUE_=1 (after class_read_flag)
DEBUG: Ridder field DISABLED. Lambda = 0.000000e+00, model_type no[mcmc] Progress @ 2025-11-27 02:38:38 : 8763 steps taken, and 918 accepted.
t set to unified
BACKGROUND_INIT ENTERED: Lambda=0.00e+00
DEBUG BG_INIT ENTRY: model_type=0
DEBUG AFTER CHECKS: model_type=0 has_ridder=0
RIDDER DEBUG (background_init): has_ridder=0, Lambda_EDE_ridder=0.000000e+00, f_axion_ridder=1.000000e+16, theta_i_ridder=2.500000e+00, beta_ridder=0.000000e+00
BG_INIT: entering background_checks
BG_INIT: background_checks OK
DEBUG SHOOTING CHECK: has_ridder=0, model_type=0 (unified=1), use_shooting_EDE=0
BG_INIT: entering background_solve
BACKGROUND_SOLVE ENTERED: has_ridder=0 Lambda=0.00e+00
ABOUT TO INTEGRATE: bi_size=5 has_ridder=0 Lambda=0.00e+00
DERIVS_ENTRY: call#=1630000 has_ridder=0 Lambda=0.00e+00 a=3.10e-04
BG_INIT: background_solve OK
INPUT_READ: ridder_freeze_phi = 0 _TRUE_=1 (after class_read_flag)
DEBUG: Ridder field DISABLED. Lambda = 0.000000e+00
INPUT_READ: ridder_freeze_phi = 0 _TRUE_=1 (after class_read_flag)
DEBUG: Ridder field DISABLED. Lambda = 0.000000e+00, model_type not set to unified
BACKGROUND_INIT ENTERED: Lambda=0.00e+00
DEBUG BG_INIT ENTRY: model_type=0
DEBUG AFTER CHECKS: model_type=0 has_ridder=0
RIDDER DEBUG (background_init): has_ridder=0, Lambda_EDE_ridder=0.000000e+00, f_axion_ridder=1.000000e+16, theta_i_ridder=2.500000e+00, beta_ridder=0.000000e+00
BG_INIT: entering background_checks
BG_INIT: background_checks OK
DEBUG SHOOTING CHECK: has_ridder=0, model_type=0 (unified=1), use_shooting_EDE=0
BG_INIT: entering background_solve
BACKGROUND_SOLVE ENTERED: has_ridder=0 Lambda=0.00e+00
ABOUT TO INTEGRATE: bi_size=5 has_ridder=0 Lambda=0.00e+00
BG_INIT: background_solve OK
INPUT_READ: ridder_freeze_phi = 0 _TRUE_=1 (after class_read_flag)
DEBUG: Ridder field DISABLED. Lambda = 0.000000e+00
INPUT_READ: ridder_freeze_phi = 0 _TRUE_=1 (after class_read_flag)
DEBUG: Ridder field DISABLED. Lambda = 0.000000e+00, model_type not set to unified
BACKGROUND_INIT ENTERED: Lambda=0.00e+00
DEBUG BG_INIT ENTRY: model_type=0
DEBUG AFTER CHECKS: model_type=0 has_ridder=0
RIDDER DEBUG (background_init): has_ridder=0, Lambda_EDE_ridder=0.000000e+00, f_axion_ridder=1.000000e+16, theta_i_ridder=2.500000e+00, beta_ridder=0.000000e+00
BG_INIT: entering background_checks
BG_INIT: background_checks OK
DEBUG SHOOTING CHECK: has_ridder=0, model_type=0 (unified=1), use_shooting_EDE=0
BG_INIT: entering background_solve
BACKGROUND_SOLVE ENTERED: has_ridder=0 Lambda=0.00e+00
ABOUT TO INTEGRATE: bi_size=5 has_ridder=0 Lambda=0.00e+00
DERIVS_ENTRY: call#=1635000 has_ridder=0 Lambda=0.00e+00 a=7.23e-10
BG_INIT: background_solve OK
INPUT_READ: ridder_freeze_phi = 0 _TRUE_=1 (after class_read_flag)
DEBUG: Ridder field DISABLED. Lambda = 0.000000e+00
INPUT_READ: ridder_freeze_phi = 0 _TRUE_=1 (after class_read_flag)
DEBUG: Ridder field DISABLED. Lambda = 0.000000e+00, model_type not set to unified
BACKGROUND_INIT ENTERED: Lambda=0.00e+00
DEBUG BG_INIT ENTRY: model_type=0
DEBUG AFTER CHECKS: model_type=0 has_ridder=0
RIDDER DEBUG (background_init): has_ridder=0, Lambda_EDE_ridder=0.000000e+00, f_axion_ridder=1.000000e+16, theta_i_ridder=2.500000e+00, beta_ridder=0.000000e+00
BG_INIT: entering background_checks
BG_INIT: background_checks OK
DEBUG SHOOTING CHECK: has_ridder=0, model_type=0 (unified=1), use_shooting_EDE=0
BG_INIT: entering background_solve
BACKGROUND_SOLVE ENTERED: has_ridder=0 Lambda=0.00e+00
ABOUT TO INTEGRATE: bi_size=5 has_ridder=0 Lambda=0.00e+00
DERIVS_ENTRY: call#=1640000 has_ridder=0 Lambda=0.00e+00 a=3.75e-05
BG_INIT: background_solve OK
INPUT_READ: ridder_freeze_phi = 0 _TRUE_=1 (after class_read_flag)
DEBUG: Ridder field DISABLED. Lambda = 0.000000e+00
INPUT_READ: ridder_freeze_phi = 0 _TRUE_=1 (after class_read_flag)
DEBUG: Ridder field DISABLED. Lambda = 0.000000e+00, model_type not set to unified
BACKGROUND_INIT ENTERED: Lambda=0.00e+00
DEBUG BG_INIT ENTRY: model_type=0
DEBUG AFTER CHECKS: model_type=0 has_ridder=0
RIDDER DEBUG (background_init): has_ridder=0, Lambda_EDE_ridder=0.000000e+00, f_axion_ridder=1.000000e+16, theta_i_ridder=2.500000e+00, beta_ridder=0.000000e+00
BG_INIT: entering background_checks
BG_INIT: background_checks OK
DEBUG SHOOTING CHECK: h[mcmc] Progress @ 2025-11-27 02:39:38 : 8801 steps taken, and 921 accepted.
as_ridder=0, model_type=0 (unified=1), use_shooting_EDE=0
BG_INIT: entering background_solve
BACKGROUND_SOLVE ENTERED: has_ridder=0 Lambda=0.00e+00
ABOUT TO INTEGRATE: bi_size=5 has_ridder=0 Lambda=0.00e+00
BG_INIT: background_solve OK
INPUT_READ: ridder_freeze_phi = 0 _TRUE_=1 (after class_read_flag)
DEBUG: Ridder field DISABLED. Lambda = 0.000000e+00
INPUT_READ: ridder_freeze_phi = 0 _TRUE_=1 (after class_read_flag)
DEBUG: Ridder field DISABLED. Lambda = 0.000000e+00, model_type not set to unified
BACKGROUND_INIT ENTERED: Lambda=0.00e+00
DEBUG BG_INIT ENTRY: model_type=0
DEBUG AFTER CHECKS: model_type=0 has_ridder=0
RIDDER DEBUG (background_init): has_ridder=0, Lambda_EDE_ridder=0.000000e+00, f_axion_ridder=1.000000e+16, theta_i_ridder=2.500000e+00, beta_ridder=0.000000e+00
BG_INIT: entering background_checks
BG_INIT: background_checks OK
DEBUG SHOOTING CHECK: has_ridder=0, model_type=0 (unified=1), use_shooting_EDE=0
BG_INIT: entering background_solve
BACKGROUND_SOLVE ENTERED: has_ridder=0 Lambda=0.00e+00
ABOUT TO INTEGRATE: bi_size=5 has_ridder=0 Lambda=0.00e+00
DERIVS_ENTRY: call#=1645000 has_ridder=0 Lambda=0.00e+00 a=1.15e-10
BG_INIT: background_solve OK
INPUT_READ: ridder_freeze_phi = 0 _TRUE_=1 (after class_read_flag)
DEBUG: Ridder field DISABLED. Lambda = 0.000000e+00
INPUT_READ: ridder_freeze_phi = 0 _TRUE_=1 (after class_read_flag)
DEBUG: Ridder field DISABLED. Lambda = 0.000000e+00, model_type not set to unified
BACKGROUND_INIT ENTERED: Lambda=0.00e+00
DEBUG BG_INIT ENTRY: model_type=0
DEBUG AFTER CHECKS: model_type=0 has_ridder=0
RIDDER DEBUG (background_init): has_ridder=0, Lambda_EDE_ridder=0.000000e+00, f_axion_ridder=1.000000e+16, theta_i_ridder=2.500000e+00, beta_ridder=0.000000e+00
BG_INIT: entering background_checks
BG_INIT: background_checks OK
DEBUG SHOOTING CHECK: has_ridder=0, model_type=0 (unified=1), use_shooting_EDE=0
BG_INIT: entering background_solve
BACKGROUND_SOLVE ENTERED: has_ridder=0 Lambda=0.00e+00
ABOUT TO INTEGRATE: bi_size=5 has_ridder=0 Lambda=0.00e+00
DERIVS_ENTRY: call#=1650000 has_ridder=0 Lambda=0.00e+00 a=5.78e-06
BG_INIT: background_solve OK
INPUT_READ: ridder_freeze_phi = 0 _TRUE_=1 (after class_read_flag)
DEBUG: Ridder field DISABLED. Lambda = 0.000000e+00
INPUT_READ: ridder_freeze_phi = 0 _TRUE_=1 (after class_read_flag)
DEBUG: Ridder field DISABLED. Lambda = 0.000000e+00, model_type not set to unified
BACKGROUND_INIT ENTERED: Lambda=0.00e+00
DEBUG BG_INIT ENTRY: model_type=0
DEBUG AFTER CHECKS: model_type=0 has_ridder=0
RIDDER DEBUG (background_init): has_ridder=0, Lambda_EDE_ridder=0.000000e+00, f_axion_ridder=1.000000e+16, theta_i_ridder=2.500000e+00, beta_ridder=0.000000e+00
BG_INIT: entering background_checks
BG_INIT: background_checks OK
DEBUG SHOOTING CHECK: has_ridder=0, model_type=0 (unified=1), use_shooting_EDE=0
BG_INIT: entering background_solve
BACKGROUND_SOLVE ENTERED: has_ridder=0 Lambda=0.00e+00
ABOUT TO INTEGRATE: bi_size=5 has_ridder=0 Lambda=0.00e+00
BG_INIT: background_solve OK
INPUT_READ: ridder_freeze_phi = 0 _TRUE_=1 (after class_read_flag)
DEBUG: Ridder field DISABLED. Lambda = 0.000000e+00
INPUT_READ: ridder_freeze_phi = 0 _TRUE_=1 (after class_read_flag)
DEBUG: Ridder field DISABLED. Lambda = 0.000000e+00, model_type not set to unified
BACKGROUND_INIT ENTERED: Lambda=0.00e+00
DEBUG BG_INIT ENTRY: model_type=0
DEBUG AFTER CHECKS: model_type=0 has_ridder=0
RIDDER DEBUG (background_init): has_ridder=0, Lambda_EDE_ridder=0.000000e+00, f_axion_ridder=1.000000e+16, theta_i_ridder=2.500000e+00, beta_ridder=0.000000e+00
BG_INIT: entering background_checks
BG_INIT: background_checks OK
DEBUG SHOOTING CHECK: has_ridder=0, model_type=0 (unified=1), use_shooting_EDE=0
BG_INIT: entering background_solve
BACKGROUND_SOLVE ENTERED: has_ridder=0 Lambda=0.00e+00
ABOUT TO INTEGRATE: bi_size=5 has_ridder=0 Lambda=0.00e+00
DERIVS_ENTRY: call#=1655000 has_ridder=0 Lambda=0.00e+00 a=2.04e-12
BG_INIT: background_solve OK
INPUT_READ: ridder_freeze_phi = 0 _TRUE_=1 (after class_read_flag)
DEBUG: Ridder field DISABLED. Lambda = 0.000000e+00
INPUT_READ: ridder_freeze_phi = 0[mcmc] Progress @ 2025-11-27 02:40:50 : 8899 steps taken, and 931 accepted.
 _TRUE_=1 (after class_read_flag)
DEBUG: Ridder field DISABLED. Lambda = 0.000000e+00, model_type not set to unified
BACKGROUND_INIT ENTERED: Lambda=0.00e+00
DEBUG BG_INIT ENTRY: model_type=0
DEBUG AFTER CHECKS: model_type=0 has_ridder=0
RIDDER DEBUG (background_init): has_ridder=0, Lambda_EDE_ridder=0.000000e+00, f_axion_ridder=1.000000e+16, theta_i_ridder=2.500000e+00, beta_ridder=0.000000e+00
BG_INIT: entering background_checks
BG_INIT: background_checks OK
DEBUG SHOOTING CHECK: has_ridder=0, model_type=0 (unified=1), use_shooting_EDE=0
BG_INIT: entering background_solve
BACKGROUND_SOLVE ENTERED: has_ridder=0 Lambda=0.00e+00
ABOUT TO INTEGRATE: bi_size=5 has_ridder=0 Lambda=0.00e+00
DERIVS_ENTRY: call#=1660000 has_ridder=0 Lambda=0.00e+00 a=7.89e-07
BG_INIT: background_solve OK
INPUT_READ: ridder_freeze_phi = 0 _TRUE_=1 (after class_read_flag)
DEBUG: Ridder field DISABLED. Lambda = 0.000000e+00
INPUT_READ: ridder_freeze_phi = 0 _TRUE_=1 (after class_read_flag)
DEBUG: Ridder field DISABLED. Lambda = 0.000000e+00, model_type not set to unified
BACKGROUND_INIT ENTERED: Lambda=0.00e+00
DEBUG BG_INIT ENTRY: model_type=0
DEBUG AFTER CHECKS: model_type=0 has_ridder=0
RIDDER DEBUG (background_init): has_ridder=0, Lambda_EDE_ridder=0.000000e+00, f_axion_ridder=1.000000e+16, theta_i_ridder=2.500000e+00, beta_ridder=0.000000e+00
BG_INIT: entering background_checks
BG_INIT: background_checks OK
DEBUG SHOOTING CHECK: has_ridder=0, model_type=0 (unified=1), use_shooting_EDE=0
BG_INIT: entering background_solve
BACKGROUND_SOLVE ENTERED: has_ridder=0 Lambda=0.00e+00
ABOUT TO INTEGRATE: bi_size=5 has_ridder=0 Lambda=0.00e+00
BG_INIT: background_solve OK
INPUT_READ: ridder_freeze_phi = 0 _TRUE_=1 (after class_read_flag)
DEBUG: Ridder field DISABLED. Lambda = 0.000000e+00
INPUT_READ: ridder_freeze_phi = 0 _TRUE_=1 (after class_read_flag)
DEBUG: Ridder field DISABLED. Lambda = 0.000000e+00, model_type not set to unified
BACKGROUND_INIT ENTERED: Lambda=0.00e+00
DEBUG BG_INIT ENTRY: model_type=0
DEBUG AFTER CHECKS: model_type=0 has_ridder=0
RIDDER DEBUG (background_init): has_ridder=0, Lambda_EDE_ridder=0.000000e+00, f_axion_ridder=1.000000e+16, theta_i_ridder=2.500000e+00, beta_ridder=0.000000e+00
BG_INIT: entering background_checks
BG_INIT: background_checks OK
DEBUG SHOOTING CHECK: has_ridder=0, model_type=0 (unified=1), use_shooting_EDE=0
BG_INIT: entering background_solve
BACKGROUND_SOLVE ENTERED: has_ridder=0 Lambda=0.00e+00
ABOUT TO INTEGRATE: bi_size=5 has_ridder=0 Lambda=0.00e+00
DERIVS_ENTRY: call#=1665000 has_ridder=0 Lambda=0.00e+00 a=1.00e-14
BG_INIT: background_solve OK
INPUT_READ: ridder_freeze_phi = 0 _TRUE_=1 (after class_read_flag)
DEBUG: Ridder field DISABLED. Lambda = 0.000000e+00
INPUT_READ: ridder_freeze_phi = 0 _TRUE_=1 (after class_read_flag)
DEBUG: Ridder field DISABLED. Lambda = 0.000000e+00, model_type not set to unified
BACKGROUND_INIT ENTERED: Lambda=0.00e+00
DEBUG BG_INIT ENTRY: model_type=0
DEBUG AFTER CHECKS: model_type=0 has_ridder=0
RIDDER DEBUG (background_init): has_ridder=0, Lambda_EDE_ridder=0.000000e+00, f_axion_ridder=1.000000e+16, theta_i_ridder=2.500000e+00, beta_ridder=0.000000e+00
BG_INIT: entering background_checks
BG_INIT: background_checks OK
DEBUG SHOOTING CHECK: has_ridder=0, model_type=0 (unified=1), use_shooting_EDE=0
BG_INIT: entering background_solve
BACKGROUND_SOLVE ENTERED: has_ridder=0 Lambda=0.00e+00
ABOUT TO INTEGRATE: bi_size=5 has_ridder=0 Lambda=0.00e+00
DERIVS_ENTRY: call#=1670000 has_ridder=0 Lambda=0.00e+00 a=1.09e-07
BG_INIT: background_solve OK
INPUT_READ: ridder_freeze_phi = 0 _TRUE_=1 (after class_read_flag)
DEBUG: Ridder field DISABLED. Lambda = 0.000000e+00
INPUT_READ: ridder_freeze_phi = 0 _TRUE_=1 (after class_read_flag)
DEBUG: Ridder field DISABLED. Lambda = 0.000000e+00, model_type not set to unified
BACKGROUND_INIT ENTERED: Lambda=0.00e+00
DEBUG BG_INIT ENTRY: model_type=0
DEBUG AFTER CHECKS: model_type=0 has_ridder=0
RIDDER DEBUG (background_init): has_ridder=0, Lambda_EDE_ridder=0.000000e+00, f_axion_ridder=1.000000e+16, theta_i_ridder=2.500000e+00, beta_ridder=0.[mcmc] Progress @ 2025-11-27 02:42:02 : 8991 steps taken, and 944 accepted.
000000e+00
BG_INIT: entering background_checks
BG_INIT: background_checks OK
DEBUG SHOOTING CHECK: has_ridder=0, model_type=0 (unified=1), use_shooting_EDE=0
BG_INIT: entering background_solve
BACKGROUND_SOLVE ENTERED: has_ridder=0 Lambda=0.00e+00
ABOUT TO INTEGRATE: bi_size=5 has_ridder=0 Lambda=0.00e+00
DERIVS_ENTRY: call#=1675000 has_ridder=0 Lambda=0.00e+00 a=1.38e-01
BG_INIT: background_solve OK
INPUT_READ: ridder_freeze_phi = 0 _TRUE_=1 (after class_read_flag)
DEBUG: Ridder field DISABLED. Lambda = 0.000000e+00
INPUT_READ: ridder_freeze_phi = 0 _TRUE_=1 (after class_read_flag)
DEBUG: Ridder field DISABLED. Lambda = 0.000000e+00, model_type not set to unified
BACKGROUND_INIT ENTERED: Lambda=0.00e+00
DEBUG BG_INIT ENTRY: model_type=0
DEBUG AFTER CHECKS: model_type=0 has_ridder=0
RIDDER DEBUG (background_init): has_ridder=0, Lambda_EDE_ridder=0.000000e+00, f_axion_ridder=1.000000e+16, theta_i_ridder=2.500000e+00, beta_ridder=0.000000e+00
BG_INIT: entering background_checks
BG_INIT: background_checks OK
DEBUG SHOOTING CHECK: has_ridder=0, model_type=0 (unified=1), use_shooting_EDE=0
BG_INIT: entering background_solve
BACKGROUND_SOLVE ENTERED: has_ridder=0 Lambda=0.00e+00
ABOUT TO INTEGRATE: bi_size=5 has_ridder=0 Lambda=0.00e+00
BG_INIT: background_solve OK
INPUT_READ: ridder_freeze_phi = 0 _TRUE_=1 (after class_read_flag)
DEBUG: Ridder field DISABLED. Lambda = 0.000000e+00
INPUT_READ: ridder_freeze_phi = 0 _TRUE_=1 (after class_read_flag)
DEBUG: Ridder field DISABLED. Lambda = 0.000000e+00, model_type not set to unified
BACKGROUND_INIT ENTERED: Lambda=0.00e+00
DEBUG BG_INIT ENTRY: model_type=0
DEBUG AFTER CHECKS: model_type=0 has_ridder=0
RIDDER DEBUG (background_init): has_ridder=0, Lambda_EDE_ridder=0.000000e+00, f_axion_ridder=1.000000e+16, theta_i_ridder=2.500000e+00, beta_ridder=0.000000e+00
BG_INIT: entering background_checks
BG_INIT: background_checks OK
DEBUG SHOOTING CHECK: has_ridder=0, model_type=0 (unified=1), use_shooting_EDE=0
BG_INIT: entering background_solve
BACKGROUND_SOLVE ENTERED: has_ridder=0 Lambda=0.00e+00
ABOUT TO INTEGRATE: bi_size=5 has_ridder=0 Lambda=0.00e+00
DERIVS_ENTRY: call#=1680000 has_ridder=0 Lambda=0.00e+00 a=1.53e-08
BG_INIT: background_solve OK
INPUT_READ: ridder_freeze_phi = 0 _TRUE_=1 (after class_read_flag)
DEBUG: Ridder field DISABLED. Lambda = 0.000000e+00
INPUT_READ: ridder_freeze_phi = 0 _TRUE_=1 (after class_read_flag)
DEBUG: Ridder field DISABLED. Lambda = 0.000000e+00, model_type not set to unified
BACKGROUND_INIT ENTERED: Lambda=0.00e+00
DEBUG BG_INIT ENTRY: model_type=0
DEBUG AFTER CHECKS: model_type=0 has_ridder=0
RIDDER DEBUG (background_init): has_ridder=0, Lambda_EDE_ridder=0.000000e+00, f_axion_ridder=1.000000e+16, theta_i_ridder=2.500000e+00, beta_ridder=0.000000e+00
BG_INIT: entering background_checks
BG_INIT: background_checks OK
DEBUG SHOOTING CHECK: has_ridder=0, model_type=0 (unified=1), use_shooting_EDE=0
BG_INIT: entering background_solve
BACKGROUND_SOLVE ENTERED: has_ridder=0 Lambda=0.00e+00
ABOUT TO INTEGRATE: bi_size=5 has_ridder=0 Lambda=0.00e+00
DERIVS_ENTRY: call#=1685000 has_ridder=0 Lambda=0.00e+00 a=2.75e-03
BG_INIT: background_solve OK
INPUT_READ: ridder_freeze_phi = 0 _TRUE_=1 (after class_read_flag)
DEBUG: Ridder field DISABLED. Lambda = 0.000000e+00
INPUT_READ: ridder_freeze_phi = 0 _TRUE_=1 (after class_read_flag)
DEBUG: Ridder field DISABLED. Lambda = 0.000000e+00, model_type not set to unified
BACKGROUND_INIT ENTERED: Lambda=0.00e+00
DEBUG BG_INIT ENTRY: model_type=0
DEBUG AFTER CHECKS: model_type=0 has_ridder=0
RIDDER DEBUG (background_init): has_ridder=0, Lambda_EDE_ridder=0.000000e+00, f_axion_ridder=1.000000e+16, theta_i_ridder=2.500000e+00, beta_ridder=0.000000e+00
BG_INIT: entering background_checks
BG_INIT: background_checks OK
DEBUG SHOOTING CHECK: has_ridder=0, model_type=0 (unified=1), use_shooting_EDE=0
BG_INIT: entering background_solve
BACKGROUND_SOLVE ENTERED: has_ridder=0 Lambda=0.00e+00
ABOUT TO INTEGRATE: bi_size=5 has_ridder=0 Lambda=0.00e+00
BG_INIT: background_solve OK
INPUT_READ: ridder_freeze_phi = 0 _TRUE_=1 (after cl[mcmc] Progress @ 2025-11-27 02:43:11 : 9072 steps taken, and 955 accepted.
ass_read_flag)
DEBUG: Ridder field DISABLED. Lambda = 0.000000e+00
INPUT_READ: ridder_freeze_phi = 0 _TRUE_=1 (after class_read_flag)
DEBUG: Ridder field DISABLED. Lambda = 0.000000e+00, model_type not set to unified
BACKGROUND_INIT ENTERED: Lambda=0.00e+00
DEBUG BG_INIT ENTRY: model_type=0
DEBUG AFTER CHECKS: model_type=0 has_ridder=0
RIDDER DEBUG (background_init): has_ridder=0, Lambda_EDE_ridder=0.000000e+00, f_axion_ridder=1.000000e+16, theta_i_ridder=2.500000e+00, beta_ridder=0.000000e+00
BG_INIT: entering background_checks
BG_INIT: background_checks OK
DEBUG SHOOTING CHECK: has_ridder=0, model_type=0 (unified=1), use_shooting_EDE=0
BG_INIT: entering background_solve
BACKGROUND_SOLVE ENTERED: has_ridder=0 Lambda=0.00e+00
ABOUT TO INTEGRATE: bi_size=5 has_ridder=0 Lambda=0.00e+00
DERIVS_ENTRY: call#=1690000 has_ridder=0 Lambda=0.00e+00 a=2.17e-09
BG_INIT: background_solve OK
INPUT_READ: ridder_freeze_phi = 0 _TRUE_=1 (after class_read_flag)
DEBUG: Ridder field DISABLED. Lambda = 0.000000e+00
INPUT_READ: ridder_freeze_phi = 0 _TRUE_=1 (after class_read_flag)
DEBUG: Ridder field DISABLED. Lambda = 0.000000e+00, model_type not set to unified
BACKGROUND_INIT ENTERED: Lambda=0.00e+00
DEBUG BG_INIT ENTRY: model_type=0
DEBUG AFTER CHECKS: model_type=0 has_ridder=0
RIDDER DEBUG (background_init): has_ridder=0, Lambda_EDE_ridder=0.000000e+00, f_axion_ridder=1.000000e+16, theta_i_ridder=2.500000e+00, beta_ridder=0.000000e+00
BG_INIT: entering background_checks
BG_INIT: background_checks OK
DEBUG SHOOTING CHECK: has_ridder=0, model_type=0 (unified=1), use_shooting_EDE=0
BG_INIT: entering background_solve
BACKGROUND_SOLVE ENTERED: has_ridder=0 Lambda=0.00e+00
ABOUT TO INTEGRATE: bi_size=5 has_ridder=0 Lambda=0.00e+00
DERIVS_ENTRY: call#=1695000 has_ridder=0 Lambda=0.00e+00 a=1.07e-04
BG_INIT: background_solve OK
INPUT_READ: ridder_freeze_phi = 0 _TRUE_=1 (after class_read_flag)
DEBUG: Ridder field DISABLED. Lambda = 0.000000e+00
INPUT_READ: ridder_freeze_phi = 0 _TRUE_=1 (after class_read_flag)
DEBUG: Ridder field DISABLED. Lambda = 0.000000e+00, model_type not set to unified
BACKGROUND_INIT ENTERED: Lambda=0.00e+00
DEBUG BG_INIT ENTRY: model_type=0
DEBUG AFTER CHECKS: model_type=0 has_ridder=0
RIDDER DEBUG (background_init): has_ridder=0, Lambda_EDE_ridder=0.000000e+00, f_axion_ridder=1.000000e+16, theta_i_ridder=2.500000e+00, beta_ridder=0.000000e+00
BG_INIT: entering background_checks
BG_INIT: background_checks OK
DEBUG SHOOTING CHECK: has_ridder=0, model_type=0 (unified=1), use_shooting_EDE=0
BG_INIT: entering background_solve
BACKGROUND_SOLVE ENTERED: has_ridder=0 Lambda=0.00e+00
ABOUT TO INTEGRATE: bi_size=5 has_ridder=0 Lambda=0.00e+00
BG_INIT: background_solve OK
INPUT_READ: ridder_freeze_phi = 0 _TRUE_=1 (after class_read_flag)
DEBUG: Ridder field DISABLED. Lambda = 0.000000e+00
INPUT_READ: ridder_freeze_phi = 0 _TRUE_=1 (after class_read_flag)
DEBUG: Ridder field DISABLED. Lambda = 0.000000e+00, model_type not set to unified
BACKGROUND_INIT ENTERED: Lambda=0.00e+00
DEBUG BG_INIT ENTRY: model_type=0
DEBUG AFTER CHECKS: model_type=0 has_ridder=0
RIDDER DEBUG (background_init): has_ridder=0, Lambda_EDE_ridder=0.000000e+00, f_axion_ridder=1.000000e+16, theta_i_ridder=2.500000e+00, beta_ridder=0.000000e+00
BG_INIT: entering background_checks
BG_INIT: background_checks OK
DEBUG SHOOTING CHECK: has_ridder=0, model_type=0 (unified=1), use_shooting_EDE=0
BG_INIT: entering background_solve
BACKGROUND_SOLVE ENTERED: has_ridder=0 Lambda=0.00e+00
ABOUT TO INTEGRATE: bi_size=5 has_ridder=0 Lambda=0.00e+00
DERIVS_ENTRY: call#=1700000 has_ridder=0 Lambda=0.00e+00 a=3.17e-10
BG_INIT: background_solve OK
INPUT_READ: ridder_freeze_phi = 0 _TRUE_=1 (after class_read_flag)
DEBUG: Ridder field DISABLED. Lambda = 0.000000e+00
INPUT_READ: ridder_freeze_phi = 0 _TRUE_=1 (after class_read_flag)
DEBUG: Ridder field DISABLED. Lambda = 0.000000e+00, model_type not set to unified
BACKGROUND_INIT ENTERED: Lambda=0.00e+00
DEBUG BG_INIT ENTRY: model_type=0
DEBUG AFTER CHECKS: model_type=0 has_ridder=0
RIDDER DEBUG (background_init): has_ridder=0, Lamb[mcmc] Progress @ 2025-11-27 02:44:22 : 9120 steps taken, and 961 accepted.
da_EDE_ridder=0.000000e+00, f_axion_ridder=1.000000e+16, theta_i_ridder=2.500000e+00, beta_ridder=0.000000e+00
BG_INIT: entering background_checks
BG_INIT: background_checks OK
DEBUG SHOOTING CHECK: has_ridder=0, model_type=0 (unified=1), use_shooting_EDE=0
BG_INIT: entering background_solve
BACKGROUND_SOLVE ENTERED: has_ridder=0 Lambda=0.00e+00
ABOUT TO INTEGRATE: bi_size=5 has_ridder=0 Lambda=0.00e+00
DERIVS_ENTRY: call#=1705000 has_ridder=0 Lambda=0.00e+00 a=1.51e-05
BG_INIT: background_solve OK
INPUT_READ: ridder_freeze_phi = 0 _TRUE_=1 (after class_read_flag)
DEBUG: Ridder field DISABLED. Lambda = 0.000000e+00
INPUT_READ: ridder_freeze_phi = 0 _TRUE_=1 (after class_read_flag)
DEBUG: Ridder field DISABLED. Lambda = 0.000000e+00, model_type not set to unified
BACKGROUND_INIT ENTERED: Lambda=0.00e+00
DEBUG BG_INIT ENTRY: model_type=0
DEBUG AFTER CHECKS: model_type=0 has_ridder=0
RIDDER DEBUG (background_init): has_ridder=0, Lambda_EDE_ridder=0.000000e+00, f_axion_ridder=1.000000e+16, theta_i_ridder=2.500000e+00, beta_ridder=0.000000e+00
BG_INIT: entering background_checks
BG_INIT: background_checks OK
DEBUG SHOOTING CHECK: has_ridder=0, model_type=0 (unified=1), use_shooting_EDE=0
BG_INIT: entering background_solve
BACKGROUND_SOLVE ENTERED: has_ridder=0 Lambda=0.00e+00
ABOUT TO INTEGRATE: bi_size=5 has_ridder=0 Lambda=0.00e+00
BG_INIT: background_solve OK
INPUT_READ: ridder_freeze_phi = 0 _TRUE_=1 (after class_read_flag)
DEBUG: Ridder field DISABLED. Lambda = 0.000000e+00
INPUT_READ: ridder_freeze_phi = 0 _TRUE_=1 (after class_read_flag)
DEBUG: Ridder field DISABLED. Lambda = 0.000000e+00, model_type not set to unified
BACKGROUND_INIT ENTERED: Lambda=0.00e+00
DEBUG BG_INIT ENTRY: model_type=0
DEBUG AFTER CHECKS: model_type=0 has_ridder=0
RIDDER DEBUG (background_init): has_ridder=0, Lambda_EDE_ridder=0.000000e+00, f_axion_ridder=1.000000e+16, theta_i_ridder=2.500000e+00, beta_ridder=0.000000e+00
BG_INIT: entering background_checks
BG_INIT: background_checks OK
DEBUG SHOOTING CHECK: has_ridder=0, model_type=0 (unified=1), use_shooting_EDE=0
BG_INIT: entering background_solve
BACKGROUND_SOLVE ENTERED: has_ridder=0 Lambda=0.00e+00
ABOUT TO INTEGRATE: bi_size=5 has_ridder=0 Lambda=0.00e+00
DERIVS_ENTRY: call#=1710000 has_ridder=0 Lambda=0.00e+00 a=3.99e-11
BG_INIT: background_solve OK
INPUT_READ: ridder_freeze_phi = 0 _TRUE_=1 (after class_read_flag)
DEBUG: Ridder field DISABLED. Lambda = 0.000000e+00
INPUT_READ: ridder_freeze_phi = 0 _TRUE_=1 (after class_read_flag)
DEBUG: Ridder field DISABLED. Lambda = 0.000000e+00, model_type not set to unified
BACKGROUND_INIT ENTERED: Lambda=0.00e+00
DEBUG BG_INIT ENTRY: model_type=0
DEBUG AFTER CHECKS: model_type=0 has_ridder=0
RIDDER DEBUG (background_init): has_ridder=0, Lambda_EDE_ridder=0.000000e+00, f_axion_ridder=1.000000e+16, theta_i_ridder=2.500000e+00, beta_ridder=0.000000e+00
BG_INIT: entering background_checks
BG_INIT: background_checks OK
DEBUG SHOOTING CHECK: has_ridder=0, model_type=0 (unified=1), use_shooting_EDE=0
BG_INIT: entering background_solve
BACKGROUND_SOLVE ENTERED: has_ridder=0 Lambda=0.00e+00
ABOUT TO INTEGRATE: bi_size=5 has_ridder=0 Lambda=0.00e+00
DERIVS_ENTRY: call#=1715000 has_ridder=0 Lambda=0.00e+00 a=2.12e-06
BG_INIT: background_solve OK
INPUT_READ: ridder_freeze_phi = 0 _TRUE_=1 (after class_read_flag)
DEBUG: Ridder field DISABLED. Lambda = 0.000000e+00
INPUT_READ: ridder_freeze_phi = 0 _TRUE_=1 (after class_read_flag)
DEBUG: Ridder field DISABLED. Lambda = 0.000000e+00, model_type not set to unified
BACKGROUND_INIT ENTERED: Lambda=0.00e+00
DEBUG BG_INIT ENTRY: model_type=0
DEBUG AFTER CHECKS: model_type=0 has_ridder=0
RIDDER DEBUG (background_init): has_ridder=0, Lambda_EDE_ridder=0.000000e+00, f_axion_ridder=1.000000e+16, theta_i_ridder=2.500000e+00, beta_ridder=0.000000e+00
BG_INIT: entering background_checks
BG_INIT: background_checks OK
DEBUG SHOOTING CHECK: has_ridder=0, model_type=0 (unified=1), use_shooting_EDE=0
BG_INIT: entering background_solve
BACKGROUND_SOLVE ENTERED: has_ridder=0 Lambda=0.00e+00
ABOUT TO INTEGRATE: bi_size=5 has_ridder[mcmc] Progress @ 2025-11-27 02:45:24 : 9206 steps taken, and 974 accepted.
=0 Lambda=0.00e+00
BG_INIT: background_solve OK
INPUT_READ: ridder_freeze_phi = 0 _TRUE_=1 (after class_read_flag)
DEBUG: Ridder field DISABLED. Lambda = 0.000000e+00
INPUT_READ: ridder_freeze_phi = 0 _TRUE_=1 (after class_read_flag)
DEBUG: Ridder field DISABLED. Lambda = 0.000000e+00, model_type not set to unified
BACKGROUND_INIT ENTERED: Lambda=0.00e+00
DEBUG BG_INIT ENTRY: model_type=0
DEBUG AFTER CHECKS: model_type=0 has_ridder=0
RIDDER DEBUG (background_init): has_ridder=0, Lambda_EDE_ridder=0.000000e+00, f_axion_ridder=1.000000e+16, theta_i_ridder=2.500000e+00, beta_ridder=0.000000e+00
BG_INIT: entering background_checks
BG_INIT: background_checks OK
DEBUG SHOOTING CHECK: has_ridder=0, model_type=0 (unified=1), use_shooting_EDE=0
BG_INIT: entering background_solve
BACKGROUND_SOLVE ENTERED: has_ridder=0 Lambda=0.00e+00
ABOUT TO INTEGRATE: bi_size=5 has_ridder=0 Lambda=0.00e+00
DERIVS_ENTRY: call#=1720000 has_ridder=0 Lambda=0.00e+00 a=7.08e-14
BG_INIT: background_solve OK
INPUT_READ: ridder_freeze_phi = 0 _TRUE_=1 (after class_read_flag)
DEBUG: Ridder field DISABLED. Lambda = 0.000000e+00
INPUT_READ: ridder_freeze_phi = 0 _TRUE_=1 (after class_read_flag)
DEBUG: Ridder field DISABLED. Lambda = 0.000000e+00, model_type not set to unified
BACKGROUND_INIT ENTERED: Lambda=0.00e+00
DEBUG BG_INIT ENTRY: model_type=0
DEBUG AFTER CHECKS: model_type=0 has_ridder=0
RIDDER DEBUG (background_init): has_ridder=0, Lambda_EDE_ridder=0.000000e+00, f_axion_ridder=1.000000e+16, theta_i_ridder=2.500000e+00, beta_ridder=0.000000e+00
BG_INIT: entering background_checks
BG_INIT: background_checks OK
DEBUG SHOOTING CHECK: has_ridder=0, model_type=0 (unified=1), use_shooting_EDE=0
BG_INIT: entering background_solve
BACKGROUND_SOLVE ENTERED: has_ridder=0 Lambda=0.00e+00
ABOUT TO INTEGRATE: bi_size=5 has_ridder=0 Lambda=0.00e+00
DERIVS_ENTRY: call#=1725000 has_ridder=0 Lambda=0.00e+00 a=3.27e-07
BG_INIT: background_solve OK
INPUT_READ: ridder_freeze_phi = 0 _TRUE_=1 (after class_read_flag)
DEBUG: Ridder field DISABLED. Lambda = 0.000000e+00
INPUT_READ: ridder_freeze_phi = 0 _TRUE_=1 (after class_read_flag)
DEBUG: Ridder field DISABLED. Lambda = 0.000000e+00, model_type not set to unified
BACKGROUND_INIT ENTERED: Lambda=0.00e+00
DEBUG BG_INIT ENTRY: model_type=0
DEBUG AFTER CHECKS: model_type=0 has_ridder=0
RIDDER DEBUG (background_init): has_ridder=0, Lambda_EDE_ridder=0.000000e+00, f_axion_ridder=1.000000e+16, theta_i_ridder=2.500000e+00, beta_ridder=0.000000e+00
BG_INIT: entering background_checks
BG_INIT: background_checks OK
DEBUG SHOOTING CHECK: has_ridder=0, model_type=0 (unified=1), use_shooting_EDE=0
BG_INIT: entering background_solve
BACKGROUND_SOLVE ENTERED: has_ridder=0 Lambda=0.00e+00
ABOUT TO INTEGRATE: bi_size=5 has_ridder=0 Lambda=0.00e+00
DERIVS_ENTRY: call#=1730000 has_ridder=0 Lambda=0.00e+00 a=4.92e-01
BG_INIT: background_solve OK
INPUT_READ: ridder_freeze_phi = 0 _TRUE_=1 (after class_read_flag)
DEBUG: Ridder field DISABLED. Lambda = 0.000000e+00
INPUT_READ: ridder_freeze_phi = 0 _TRUE_=1 (after class_read_flag)
DEBUG: Ridder field DISABLED. Lambda = 0.000000e+00, model_type not set to unified
BACKGROUND_INIT ENTERED: Lambda=0.00e+00
DEBUG BG_INIT ENTRY: model_type=0
DEBUG AFTER CHECKS: model_type=0 has_ridder=0
RIDDER DEBUG (background_init): has_ridder=0, Lambda_EDE_ridder=0.000000e+00, f_axion_ridder=1.000000e+16, theta_i_ridder=2.500000e+00, beta_ridder=0.000000e+00
BG_INIT: entering background_checks
BG_INIT: background_checks OK
DEBUG SHOOTING CHECK: has_ridder=0, model_type=0 (unified=1), use_shooting_EDE=0
BG_INIT: entering background_solve
BACKGROUND_SOLVE ENTERED: has_ridder=0 Lambda=0.00e+00
ABOUT TO INTEGRATE: bi_size=5 has_ridder=0 Lambda=0.00e+00
BG_INIT: background_solve OK
INPUT_READ: ridder_freeze_phi = 0 _TRUE_=1 (after class_read_flag)
DEBUG: Ridder field DISABLED. Lambda = 0.000000e+00
INPUT_READ: ridder_freeze_phi = 0 _TRUE_=1 (after class_read_flag)
DEBUG: Ridder field DISABLED. Lambda = 0.000000e+00, model_type not set to unified
BACKGROUND_INIT ENTERED: Lambda=0.00e+00
DEBUG BG_INIT ENTRY: model_typ[mcmc] Progress @ 2025-11-27 02:46:29 : 9280 steps taken, and 985 accepted.
e=0
DEBUG AFTER CHECKS: model_type=0 has_ridder=0
RIDDER DEBUG (background_init): has_ridder=0, Lambda_EDE_ridder=0.000000e+00, f_axion_ridder=1.000000e+16, theta_i_ridder=2.500000e+00, beta_ridder=0.000000e+00
BG_INIT: entering background_checks
BG_INIT: background_checks OK
DEBUG SHOOTING CHECK: has_ridder=0, model_type=0 (unified=1), use_shooting_EDE=0
BG_INIT: entering background_solve
BACKGROUND_SOLVE ENTERED: has_ridder=0 Lambda=0.00e+00
ABOUT TO INTEGRATE: bi_size=5 has_ridder=0 Lambda=0.00e+00
DERIVS_ENTRY: call#=1735000 has_ridder=0 Lambda=0.00e+00 a=4.52e-08
BG_INIT: background_solve OK
INPUT_READ: ridder_freeze_phi = 0 _TRUE_=1 (after class_read_flag)
DEBUG: Ridder field DISABLED. Lambda = 0.000000e+00
INPUT_READ: ridder_freeze_phi = 0 _TRUE_=1 (after class_read_flag)
DEBUG: Ridder field DISABLED. Lambda = 0.000000e+00, model_type not set to unified
BACKGROUND_INIT ENTERED: Lambda=0.00e+00
DEBUG BG_INIT ENTRY: model_type=0
DEBUG AFTER CHECKS: model_type=0 has_ridder=0
RIDDER DEBUG (background_init): has_ridder=0, Lambda_EDE_ridder=0.000000e+00, f_axion_ridder=1.000000e+16, theta_i_ridder=2.500000e+00, beta_ridder=0.000000e+00
BG_INIT: entering background_checks
BG_INIT: background_checks OK
DEBUG SHOOTING CHECK: has_ridder=0, model_type=0 (unified=1), use_shooting_EDE=0
BG_INIT: entering background_solve
BACKGROUND_SOLVE ENTERED: has_ridder=0 Lambda=0.00e+00
ABOUT TO INTEGRATE: bi_size=5 has_ridder=0 Lambda=0.00e+00
DERIVS_ENTRY: call#=1740000 has_ridder=0 Lambda=0.00e+00 a=2.37e-02
BG_INIT: background_solve OK
INPUT_READ: ridder_freeze_phi = 0 _TRUE_=1 (after class_read_flag)
DEBUG: Ridder field DISABLED. Lambda = 0.000000e+00
INPUT_READ: ridder_freeze_phi = 0 _TRUE_=1 (after class_read_flag)
DEBUG: Ridder field DISABLED. Lambda = 0.000000e+00, model_type not set to unified
BACKGROUND_INIT ENTERED: Lambda=0.00e+00
DEBUG BG_INIT ENTRY: model_type=0
DEBUG AFTER CHECKS: model_type=0 has_ridder=0
RIDDER DEBUG (background_init): has_ridder=0, Lambda_EDE_ridder=0.000000e+00, f_axion_ridder=1.000000e+16, theta_i_ridder=2.500000e+00, beta_ridder=0.000000e+00
BG_INIT: entering background_checks
BG_INIT: background_checks OK
DEBUG SHOOTING CHECK: has_ridder=0, model_type=0 (unified=1), use_shooting_EDE=0
BG_INIT: entering background_solve
BACKGROUND_SOLVE ENTERED: has_ridder=0 Lambda=0.00e+00
ABOUT TO INTEGRATE: bi_size=5 has_ridder=0 Lambda=0.00e+00
BG_INIT: background_solve OK
INPUT_READ: ridder_freeze_phi = 0 _TRUE_=1 (after class_read_flag)
DEBUG: Ridder field DISABLED. Lambda = 0.000000e+00
INPUT_READ: ridder_freeze_phi = 0 _TRUE_=1 (after class_read_flag)
DEBUG: Ridder field DISABLED. Lambda = 0.000000e+00, model_type not set to unified
BACKGROUND_INIT ENTERED: Lambda=0.00e+00
DEBUG BG_INIT ENTRY: model_type=0
DEBUG AFTER CHECKS: model_type=0 has_ridder=0
RIDDER DEBUG (background_init): has_ridder=0, Lambda_EDE_ridder=0.000000e+00, f_axion_ridder=1.000000e+16, theta_i_ridder=2.500000e+00, beta_ridder=0.000000e+00
BG_INIT: entering background_checks
BG_INIT: background_checks OK
DEBUG SHOOTING CHECK: has_ridder=0, model_type=0 (unified=1), use_shooting_EDE=0
BG_INIT: entering background_solve
BACKGROUND_SOLVE ENTERED: has_ridder=0 Lambda=0.00e+00
ABOUT TO INTEGRATE: bi_size=5 has_ridder=0 Lambda=0.00e+00
DERIVS_ENTRY: call#=1745000 has_ridder=0 Lambda=0.00e+00 a=6.61e-09
BG_INIT: background_solve OK
INPUT_READ: ridder_freeze_phi = 0 _TRUE_=1 (after class_read_flag)
DEBUG: Ridder field DISABLED. Lambda = 0.000000e+00
INPUT_READ: ridder_freeze_phi = 0 _TRUE_=1 (after class_read_flag)
DEBUG: Ridder field DISABLED. Lambda = 0.000000e+00, model_type not set to unified
BACKGROUND_INIT ENTERED: Lambda=0.00e+00
DEBUG BG_INIT ENTRY: model_type=0
DEBUG AFTER CHECKS: model_type=0 has_ridder=0
RIDDER DEBUG (background_init): has_ridder=0, Lambda_EDE_ridder=0.000000e+00, f_axion_ridder=1.000000e+16, theta_i_ridder=2.500000e+00, beta_ridder=0.000000e+00
BG_INIT: entering background_checks
BG_INIT: background_checks OK
DEBUG SHOOTING CHECK: has_ridder=0, model_type=0 (unified=1), use_shooting_EDE=0
BG_INIT: entering background_s[mcmc] Progress @ 2025-11-27 02:47:38 : 9367 steps taken, and 994 accepted.
[mcmc] Progress @ 2025-11-27 02:48:43 : 9435 steps taken, and 1005 accepted.
olve
BACKGROUND_SOLVE ENTERED: has_ridder=0 Lambda=0.00e+00
ABOUT TO INTEGRATE: bi_size=5 has_ridder=0 Lambda=0.00e+00
DERIVS_ENTRY: call#=1750000 has_ridder=0 Lambda=0.00e+00 a=5.67e-04
BG_INIT: background_solve OK
INPUT_READ: ridder_freeze_phi = 0 _TRUE_=1 (after class_read_flag)
DEBUG: Ridder field DISABLED. Lambda = 0.000000e+00
INPUT_READ: ridder_freeze_phi = 0 _TRUE_=1 (after class_read_flag)
DEBUG: Ridder field DISABLED. Lambda = 0.000000e+00, model_type not set to unified
BACKGROUND_INIT ENTERED: Lambda=0.00e+00
DEBUG BG_INIT ENTRY: model_type=0
DEBUG AFTER CHECKS: model_type=0 has_ridder=0
RIDDER DEBUG (background_init): has_ridder=0, Lambda_EDE_ridder=0.000000e+00, f_axion_ridder=1.000000e+16, theta_i_ridder=2.500000e+00, beta_ridder=0.000000e+00
BG_INIT: entering background_checks
BG_INIT: background_checks OK
DEBUG SHOOTING CHECK: has_ridder=0, model_type=0 (unified=1), use_shooting_EDE=0
BG_INIT: entering background_solve
BACKGROUND_SOLVE ENTERED: has_ridder=0 Lambda=0.00e+00
ABOUT TO INTEGRATE: bi_size=5 has_ridder=0 Lambda=0.00e+00
BG_INIT: background_solve OK
INPUT_READ: ridder_freeze_phi = 0 _TRUE_=1 (after class_read_flag)
DEBUG: Ridder field DISABLED. Lambda = 0.000000e+00
INPUT_READ: ridder_freeze_phi = 0 _TRUE_=1 (after class_read_flag)
DEBUG: Ridder field DISABLED. Lambda = 0.000000e+00, model_type not set to unified
BACKGROUND_INIT ENTERED: Lambda=0.00e+00
DEBUG BG_INIT ENTRY: model_type=0
DEBUG AFTER CHECKS: model_type=0 has_ridder=0
RIDDER DEBUG (background_init): has_ridder=0, Lambda_EDE_ridder=0.000000e+00, f_axion_ridder=1.000000e+16, theta_i_ridder=2.500000e+00, beta_ridder=0.000000e+00
BG_INIT: entering background_checks
BG_INIT: background_checks OK
DEBUG SHOOTING CHECK: has_ridder=0, model_type=0 (unified=1), use_shooting_EDE=0
BG_INIT: entering background_solve
BACKGROUND_SOLVE ENTERED: has_ridder=0 Lambda=0.00e+00
ABOUT TO INTEGRATE: bi_size=5 has_ridder=0 Lambda=0.00e+00
DERIVS_ENTRY: call#=1755000 has_ridder=0 Lambda=0.00e+00 a=9.78e-10
BG_INIT: background_solve OK
INPUT_READ: ridder_freeze_phi = 0 _TRUE_=1 (after class_read_flag)
DEBUG: Ridder field DISABLED. Lambda = 0.000000e+00
INPUT_READ: ridder_freeze_phi = 0 _TRUE_=1 (after class_read_flag)
DEBUG: Ridder field DISABLED. Lambda = 0.000000e+00, model_type not set to unified
BACKGROUND_INIT ENTERED: Lambda=0.00e+00
DEBUG BG_INIT ENTRY: model_type=0
DEBUG AFTER CHECKS: model_type=0 has_ridder=0
RIDDER DEBUG (background_init): has_ridder=0, Lambda_EDE_ridder=0.000000e+00, f_axion_ridder=1.000000e+16, theta_i_ridder=2.500000e+00, beta_ridder=0.000000e+00
BG_INIT: entering background_checks
BG_INIT: background_checks OK
DEBUG SHOOTING CHECK: has_ridder=0, model_type=0 (unified=1), use_shooting_EDE=0
BG_INIT: entering background_solve
BACKGROUND_SOLVE ENTERED: has_ridder=0 Lambda=0.00e+00
ABOUT TO INTEGRATE: bi_size=5 has_ridder=0 Lambda=0.00e+00
DERIVS_ENTRY: call#=1760000 has_ridder=0 Lambda=0.00e+00 a=4.80e-05
BG_INIT: background_solve OK
INPUT_READ: ridder_freeze_phi = 0 _TRUE_=1 (after class_read_flag)
DEBUG: Ridder field DISABLED. Lambda = 0.000000e+00
INPUT_READ: ridder_freeze_phi = 0 _TRUE_=1 (after class_read_flag)
DEBUG: Ridder field DISABLED. Lambda = 0.000000e+00, model_type not set to unified
BACKGROUND_INIT ENTERED: Lambda=0.00e+00
DEBUG BG_INIT ENTRY: model_type=0
DEBUG AFTER CHECKS: model_type=0 has_ridder=0
RIDDER DEBUG (background_init): has_ridder=0, Lambda_EDE_ridder=0.000000e+00, f_axion_ridder=1.000000e+16, theta_i_ridder=2.500000e+00, beta_ridder=0.000000e+00
BG_INIT: entering background_checks
BG_INIT: background_checks OK
DEBUG SHOOTING CHECK: has_ridder=0, model_type=0 (unified=1), use_shooting_EDE=0
BG_INIT: entering background_solve
BACKGROUND_SOLVE ENTERED: has_ridder=0 Lambda=0.00e+00
ABOUT TO INTEGRATE: bi_size=5 has_ridder=0 Lambda=0.00e+00
BG_INIT: background_solve OK
INPUT_READ: ridder_freeze_phi = 0 _TRUE_=1 (after class_read_flag)
DEBUG: Ridder field DISABLED. Lambda = 0.000000e+00
INPUT_READ: ridder_freeze_phi = 0 _TRUE_=1 (after class_read_flag)
DEBUG: Ridder field DISABLED. Lambda = 0.000000e+00, m[mcmc] Progress @ 2025-11-27 02:49:43 : 9489 steps taken, and 1010 accepted.
odel_type not set to unified
BACKGROUND_INIT ENTERED: Lambda=0.00e+00
DEBUG BG_INIT ENTRY: model_type=0
DEBUG AFTER CHECKS: model_type=0 has_ridder=0
RIDDER DEBUG (background_init): has_ridder=0, Lambda_EDE_ridder=0.000000e+00, f_axion_ridder=1.000000e+16, theta_i_ridder=2.500000e+00, beta_ridder=0.000000e+00
BG_INIT: entering background_checks
BG_INIT: background_checks OK
DEBUG SHOOTING CHECK: has_ridder=0, model_type=0 (unified=1), use_shooting_EDE=0
BG_INIT: entering background_solve
BACKGROUND_SOLVE ENTERED: has_ridder=0 Lambda=0.00e+00
ABOUT TO INTEGRATE: bi_size=5 has_ridder=0 Lambda=0.00e+00
DERIVS_ENTRY: call#=1765000 has_ridder=0 Lambda=0.00e+00 a=1.37e-10
BG_INIT: background_solve OK
INPUT_READ: ridder_freeze_phi = 0 _TRUE_=1 (after class_read_flag)
DEBUG: Ridder field DISABLED. Lambda = 0.000000e+00
INPUT_READ: ridder_freeze_phi = 0 _TRUE_=1 (after class_read_flag)
DEBUG: Ridder field DISABLED. Lambda = 0.000000e+00, model_type not set to unified
BACKGROUND_INIT ENTERED: Lambda=0.00e+00
DEBUG BG_INIT ENTRY: model_type=0
DEBUG AFTER CHECKS: model_type=0 has_ridder=0
RIDDER DEBUG (background_init): has_ridder=0, Lambda_EDE_ridder=0.000000e+00, f_axion_ridder=1.000000e+16, theta_i_ridder=2.500000e+00, beta_ridder=0.000000e+00
BG_INIT: entering background_checks
BG_INIT: background_checks OK
DEBUG SHOOTING CHECK: has_ridder=0, model_type=0 (unified=1), use_shooting_EDE=0
BG_INIT: entering background_solve
BACKGROUND_SOLVE ENTERED: has_ridder=0 Lambda=0.00e+00
ABOUT TO INTEGRATE: bi_size=5 has_ridder=0 Lambda=0.00e+00
DERIVS_ENTRY: call#=1770000 has_ridder=0 Lambda=0.00e+00 a=6.73e-06
BG_INIT: background_solve OK
INPUT_READ: ridder_freeze_phi = 0 _TRUE_=1 (after class_read_flag)
DEBUG: Ridder field DISABLED. Lambda = 0.000000e+00
INPUT_READ: ridder_freeze_phi = 0 _TRUE_=1 (after class_read_flag)
DEBUG: Ridder field DISABLED. Lambda = 0.000000e+00, model_type not set to unified
BACKGROUND_INIT ENTERED: Lambda=0.00e+00
DEBUG BG_INIT ENTRY: model_type=0
DEBUG AFTER CHECKS: model_type=0 has_ridder=0
RIDDER DEBUG (background_init): has_ridder=0, Lambda_EDE_ridder=0.000000e+00, f_axion_ridder=1.000000e+16, theta_i_ridder=2.500000e+00, beta_ridder=0.000000e+00
BG_INIT: entering background_checks
BG_INIT: background_checks OK
DEBUG SHOOTING CHECK: has_ridder=0, model_type=0 (unified=1), use_shooting_EDE=0
BG_INIT: entering background_solve
BACKGROUND_SOLVE ENTERED: has_ridder=0 Lambda=0.00e+00
ABOUT TO INTEGRATE: bi_size=5 has_ridder=0 Lambda=0.00e+00
BG_INIT: background_solve OK
INPUT_READ: ridder_freeze_phi = 0 _TRUE_=1 (after class_read_flag)
DEBUG: Ridder field DISABLED. Lambda = 0.000000e+00
INPUT_READ: ridder_freeze_phi = 0 _TRUE_=1 (after class_read_flag)
DEBUG: Ridder field DISABLED. Lambda = 0.000000e+00, model_type not set to unified
BACKGROUND_INIT ENTERED: Lambda=0.00e+00
DEBUG BG_INIT ENTRY: model_type=0
DEBUG AFTER CHECKS: model_type=0 has_ridder=0
RIDDER DEBUG (background_init): has_ridder=0, Lambda_EDE_ridder=0.000000e+00, f_axion_ridder=1.000000e+16, theta_i_ridder=2.500000e+00, beta_ridder=0.000000e+00
BG_INIT: entering background_checks
BG_INIT: background_checks OK
DEBUG SHOOTING CHECK: has_ridder=0, model_type=0 (unified=1), use_shooting_EDE=0
BG_INIT: entering background_solve
BACKGROUND_SOLVE ENTERED: has_ridder=0 Lambda=0.00e+00
ABOUT TO INTEGRATE: bi_size=5 has_ridder=0 Lambda=0.00e+00
DERIVS_ENTRY: call#=1775000 has_ridder=0 Lambda=0.00e+00 a=3.81e-12
BG_INIT: background_solve OK
INPUT_READ: ridder_freeze_phi = 0 _TRUE_=1 (after class_read_flag)
DEBUG: Ridder field DISABLED. Lambda = 0.000000e+00
INPUT_READ: ridder_freeze_phi = 0 _TRUE_=1 (after class_read_flag)
DEBUG: Ridder field DISABLED. Lambda = 0.000000e+00, model_type not set to unified
BACKGROUND_INIT ENTERED: Lambda=0.00e+00
DEBUG BG_INIT ENTRY: model_type=0
DEBUG AFTER CHECKS: model_type=0 has_ridder=0
RIDDER DEBUG (background_init): has_ridder=0, Lambda_EDE_ridder=0.000000e+00, f_axion_ridder=1.000000e+16, theta_i_ridder=2.500000e+00, beta_ridder=0.000000e+00
BG_INIT: entering background_checks
BG_INIT: background_checks OK
DEBUG SHOOT[mcmc] Progress @ 2025-11-27 02:50:43 : 9602 steps taken, and 1027 accepted.
ING CHECK: has_ridder=0, model_type=0 (unified=1), use_shooting_EDE=0
BG_INIT: entering background_solve
BACKGROUND_SOLVE ENTERED: has_ridder=0 Lambda=0.00e+00
ABOUT TO INTEGRATE: bi_size=5 has_ridder=0 Lambda=0.00e+00
DERIVS_ENTRY: call#=1780000 has_ridder=0 Lambda=0.00e+00 a=9.83e-07
BG_INIT: background_solve OK
INPUT_READ: ridder_freeze_phi = 0 _TRUE_=1 (after class_read_flag)
DEBUG: Ridder field DISABLED. Lambda = 0.000000e+00
INPUT_READ: ridder_freeze_phi = 0 _TRUE_=1 (after class_read_flag)
DEBUG: Ridder field DISABLED. Lambda = 0.000000e+00, model_type not set to unified
BACKGROUND_INIT ENTERED: Lambda=0.00e+00
DEBUG BG_INIT ENTRY: model_type=0
DEBUG AFTER CHECKS: model_type=0 has_ridder=0
RIDDER DEBUG (background_init): has_ridder=0, Lambda_EDE_ridder=0.000000e+00, f_axion_ridder=1.000000e+16, theta_i_ridder=2.500000e+00, beta_ridder=0.000000e+00
BG_INIT: entering background_checks
BG_INIT: background_checks OK
DEBUG SHOOTING CHECK: has_ridder=0, model_type=0 (unified=1), use_shooting_EDE=0
BG_INIT: entering background_solve
BACKGROUND_SOLVE ENTERED: has_ridder=0 Lambda=0.00e+00
ABOUT TO INTEGRATE: bi_size=5 has_ridder=0 Lambda=0.00e+00
BG_INIT: background_solve OK
INPUT_READ: ridder_freeze_phi = 0 _TRUE_=1 (after class_read_flag)
DEBUG: Ridder field DISABLED. Lambda = 0.000000e+00
INPUT_READ: ridder_freeze_phi = 0 _TRUE_=1 (after class_read_flag)
DEBUG: Ridder field DISABLED. Lambda = 0.000000e+00, model_type not set to unified
BACKGROUND_INIT ENTERED: Lambda=0.00e+00
DEBUG BG_INIT ENTRY: model_type=0
DEBUG AFTER CHECKS: model_type=0 has_ridder=0
RIDDER DEBUG (background_init): has_ridder=0, Lambda_EDE_ridder=0.000000e+00, f_axion_ridder=1.000000e+16, theta_i_ridder=2.500000e+00, beta_ridder=0.000000e+00
BG_INIT: entering background_checks
BG_INIT: background_checks OK
DEBUG SHOOTING CHECK: has_ridder=0, model_type=0 (unified=1), use_shooting_EDE=0
BG_INIT: entering background_solve
BACKGROUND_SOLVE ENTERED: has_ridder=0 Lambda=0.00e+00
ABOUT TO INTEGRATE: bi_size=5 has_ridder=0 Lambda=0.00e+00
DERIVS_ENTRY: call#=1785000 has_ridder=0 Lambda=0.00e+00 a=1.00e-14
BG_INIT: background_solve OK
INPUT_READ: ridder_freeze_phi = 0 _TRUE_=1 (after class_read_flag)
DEBUG: Ridder field DISABLED. Lambda = 0.000000e+00
INPUT_READ: ridder_freeze_phi = 0 _TRUE_=1 (after class_read_flag)
DEBUG: Ridder field DISABLED. Lambda = 0.000000e+00, model_type not set to unified
BACKGROUND_INIT ENTERED: Lambda=0.00e+00
DEBUG BG_INIT ENTRY: model_type=0
DEBUG AFTER CHECKS: model_type=0 has_ridder=0
RIDDER DEBUG (background_init): has_ridder=0, Lambda_EDE_ridder=0.000000e+00, f_axion_ridder=1.000000e+16, theta_i_ridder=2.500000e+00, beta_ridder=0.000000e+00
BG_INIT: entering background_checks
BG_INIT: background_checks OK
DEBUG SHOOTING CHECK: has_ridder=0, model_type=0 (unified=1), use_shooting_EDE=0
BG_INIT: entering background_solve
BACKGROUND_SOLVE ENTERED: has_ridder=0 Lambda=0.00e+00
ABOUT TO INTEGRATE: bi_size=5 has_ridder=0 Lambda=0.00e+00
DERIVS_ENTRY: call#=1790000 has_ridder=0 Lambda=0.00e+00 a=1.42e-07
BG_INIT: background_solve OK
INPUT_READ: ridder_freeze_phi = 0 _TRUE_=1 (after class_read_flag)
DEBUG: Ridder field DISABLED. Lambda = 0.000000e+00
INPUT_READ: ridder_freeze_phi = 0 _TRUE_=1 (after class_read_flag)
DEBUG: Ridder field DISABLED. Lambda = 0.000000e+00, model_type not set to unified
BACKGROUND_INIT ENTERED: Lambda=0.00e+00
DEBUG BG_INIT ENTRY: model_type=0
DEBUG AFTER CHECKS: model_type=0 has_ridder=0
RIDDER DEBUG (background_init): has_ridder=0, Lambda_EDE_ridder=0.000000e+00, f_axion_ridder=1.000000e+16, theta_i_ridder=2.500000e+00, beta_ridder=0.000000e+00
BG_INIT: entering background_checks
BG_INIT: background_checks OK
DEBUG SHOOTING CHECK: has_ridder=0, model_type=0 (unified=1), use_shooting_EDE=0
BG_INIT: entering background_solve
BACKGROUND_SOLVE ENTERED: has_ridder=0 Lambda=0.00e+00
ABOUT TO INTEGRATE: bi_size=5 has_ridder=0 Lambda=0.00e+00
DERIVS_ENTRY: call#=1795000 has_ridder=0 Lambda=0.00e+00 a=2.02e-01
BG_INIT: background_solve OK
INPUT_READ: ridder_freeze_phi = 0 _TRUE_=1 (after class_read_flag)
DEBUG: Ridder field DISABLED. Lambda = 0.000000e+00
INPUT_READ: ridder_freeze_phi = 0 _TRUE_=1 (after class_read_flag)
DEBUG: Ridder field DISABLED. Lambda = 0.000000e+00, model_type not set to unified
BACKGROUND_INIT ENTERED: Lambda=0.00e+00
DEBUG BG_INIT ENTRY: model_type=0
DEBUG AFTER CHECKS: model_type=0 has_ridder=0
RIDDER DEBUG (background_init): has_ridder=0, Lambda_EDE_ridder=0.000000e+00, f_axion_ridder=1.000000e+16, theta_i_ridder=2.500000e+00, beta_ridder=0.000000e+00
BG_INIT: entering background_checks
BG_INIT: background_checks OK
DEBUG SHOOTING CHECK: has_ridder=0, model_type=0 (unified=1), use_shooting_EDE=0
BG_INIT: entering background_solve
BACKGROUND_SOLVE ENTERED: has_ridder=0 Lambda=0.00e+00
ABOUT TO INTEGRATE: bi_size=5 has_ridder=0 Lambda=0.00e+00
BG_INIT: background_solve OK
INPUT_READ: ridder_freeze_phi = 0 _TRUE_=1 (after class_read_flag)
DEBUG: Ridder field DISABLED. Lambda = 0.000000e+00
INPUT_READ: ridder_freeze_phi = 0 _TRUE_=1 (after class_read_flag)
DEBUG: Ridder field DISABLED. Lambda = 0.000000e+00, model_type not set to unified
BACKGROUND_INIT ENTERED: Lambda=0.00e+00
DEBUG BG_INIT ENTRY: model_type=0
DEBUG AFTER CHECKS: model_type=0 has_ridder=0
RIDDER DEBUG (background_init): has_ridder=0, Lambda_EDE_ridder=0.000000e+00, f_axion_ridder=1.000000e+16, theta_i_ridder=2.500000e+00, beta_ridder=0.000000e+00
BG_INIT: entering background_checks
BG_INIT: background_checks OK
DEBUG SHOOTING CHECK: has_ridder=0, model_type=0 (unified=1), use_shooting_EDE=0
BG_INIT: entering background_solve
BACKGROUND_SOLVE ENTERED: has_ridder=0 Lambda=0.00e+00
ABOUT TO INTEGRATE: bi_size=5 has_ridder=0 Lambda=0.00e+00
DERIVS_ENTRY: call#=1800000 has_ridder=0 Lambda=0.00e+00 a=1.98e-08
BG_INIT: background_solve OK
INPUT_READ: ridder_freeze_phi = 0 _TRUE_=1 (after class_read_flag)
DEBUG: Ridder field DISABLED. Lambda = 0.000000e+00
INPUT_READ: ridder_freeze_phi = 0 _TRUE_=1 (after class_read_flag)
DEBUG: Ridder field DISABLED. Lambda = 0.000000e+00, model_type not set to unified
BACKGROUND_INIT ENTERED: Lambda=0.00e+00
DEBUG BG_INIT ENTRY: model_type=0
DEBUG AFTER CHECKS: model_type=0 has_ridder=0
RIDDER DEBUG (background_init): has_ridder=0, Lambda_EDE_ridder=0.000000e+00, f_axion_ridder=1.000000e+16, theta_i_ridder=2.500000e+00, beta_ridder=0.000000e+00
BG_INIT: entering background_checks
BG_INIT: background_checks OK
DEBUG SHOOTING CHECK: has_ridder=0, model_type=0 (unified=1), use_shooting_EDE=0
BG_INIT: entering background_solve
BACKGROUND_SOLVE ENTERED: has_ridder=0 Lambda=0.00e+00
ABOUT TO INTEGRATE: bi_size=5 has_ridder=0 Lambda=0.00e+00
DERIVS_ENTRY: call#=1805000 has_ridder=0 Lambda=0.00e+00 a=4.90e-03
BG_INIT: background_solve OK
INPUT_READ: ridder_freeze_phi = 0 _TRUE_=1 (after class_read_flag)
DEBUG: Ridder field DISABLED. Lambda = 0.000000e+00
INPUT_READ: ridder_freeze_phi = 0 _TRUE_=1 (after class_read_flag)
DEBUG: Ridder field DISABLED. Lambda = 0.000000e+00, model_type not set to unified
BACKGROUND_INIT ENTERED: Lambda=0.00e+00
DEBUG BG_INIT ENTRY: model_type=0
DEBUG AFTER CHECKS: model_type=0 has_ridder=0
RIDDER DEBUG (background_init): has_ridder=0, Lambda_EDE_ridder=0.000000e+00, f_axion_ridder=1.000000e+16, theta_i_ridder=2.500000e+00, beta_ridder=0.000000e+00
BG_INIT: entering background_checks
BG_INIT: background_checks OK
DEBUG SHOOTING CHECK: has_ridder=0, model_type=0 (unified=1), use_shooting_EDE=0
BG_INIT: entering background_solve
BACKGROUND_SOLVE ENTERED: has_ridder=0 Lambda=0.00e+00
ABOUT TO INTEGRATE: bi_size=5 has_ridder=0 Lambda=0.00e+00
BG_INIT: background_solve OK
INPUT_READ: ridder_freeze_phi = 0 _TRUE_=1 (after class_read_flag)
DEBUG: Ridder field DISABLED. Lambda = 0.000000e+00
INPUT_READ: ridder_freeze_phi = 0 _TRUE_=1 (after class_read_flag)
DEBUG: Ridder field DISABLED. Lambda = 0.000000e+00, model_type not set to unified
BACKGROUND_INIT ENTERED: Lambda=0.00e+00
DEBUG BG_INIT ENTRY: model_type=0
DEBUG AFTER CHECKS: model_type=0 has_ridder=0
RIDDER DEBUG (background_init): has_ridder=0, Lambda_EDE_ridder=0.000000e+00, f_axion_ridder=1.000000e+16, theta_i_ridder=2.500000e+00, be[mcmc] Progress @ 2025-11-27 02:51:43 : 9714 steps taken, and 1041 accepted.
ta_ridder=0.000000e+00
BG_INIT: entering background_checks
BG_INIT: background_checks OK
DEBUG SHOOTING CHECK: has_ridder=0, model_type=0 (unified=1), use_shooting_EDE=0
BG_INIT: entering background_solve
BACKGROUND_SOLVE ENTERED: has_ridder=0 Lambda=0.00e+00
ABOUT TO INTEGRATE: bi_size=5 has_ridder=0 Lambda=0.00e+00
DERIVS_ENTRY: call#=1810000 has_ridder=0 Lambda=0.00e+00 a=2.94e-09
BG_INIT: background_solve OK
INPUT_READ: ridder_freeze_phi = 0 _TRUE_=1 (after class_read_flag)
DEBUG: Ridder field DISABLED. Lambda = 0.000000e+00
INPUT_READ: ridder_freeze_phi = 0 _TRUE_=1 (after class_read_flag)
DEBUG: Ridder field DISABLED. Lambda = 0.000000e+00, model_type not set to unified
BACKGROUND_INIT ENTERED: Lambda=0.00e+00
DEBUG BG_INIT ENTRY: model_type=0
DEBUG AFTER CHECKS: model_type=0 has_ridder=0
RIDDER DEBUG (background_init): has_ridder=0, Lambda_EDE_ridder=0.000000e+00, f_axion_ridder=1.000000e+16, theta_i_ridder=2.500000e+00, beta_ridder=0.000000e+00
BG_INIT: entering background_checks
BG_INIT: background_checks OK
DEBUG SHOOTING CHECK: has_ridder=0, model_type=0 (unified=1), use_shooting_EDE=0
BG_INIT: entering background_solve
BACKGROUND_SOLVE ENTERED: has_ridder=0 Lambda=0.00e+00
ABOUT TO INTEGRATE: bi_size=5 has_ridder=0 Lambda=0.00e+00
DERIVS_ENTRY: call#=1815000 has_ridder=0 Lambda=0.00e+00 a=1.45e-04
BG_INIT: background_solve OK
INPUT_READ: ridder_freeze_phi = 0 _TRUE_=1 (after class_read_flag)
DEBUG: Ridder field DISABLED. Lambda = 0.000000e+00
INPUT_READ: ridder_freeze_phi = 0 _TRUE_=1 (after class_read_flag)
DEBUG: Ridder field DISABLED. Lambda = 0.000000e+00, model_type not set to unified
BACKGROUND_INIT ENTERED: Lambda=0.00e+00
DEBUG BG_INIT ENTRY: model_type=0
DEBUG AFTER CHECKS: model_type=0 has_ridder=0
RIDDER DEBUG (background_init): has_ridder=0, Lambda_EDE_ridder=0.000000e+00, f_axion_ridder=1.000000e+16, theta_i_ridder=2.500000e+00, beta_ridder=0.000000e+00
BG_INIT: entering background_checks
BG_INIT: background_checks OK
DEBUG SHOOTING CHECK: has_ridder=0, model_type=0 (unified=1), use_shooting_EDE=0
BG_INIT: entering background_solve
BACKGROUND_SOLVE ENTERED: has_ridder=0 Lambda=0.00e+00
ABOUT TO INTEGRATE: bi_size=5 has_ridder=0 Lambda=0.00e+00
BG_INIT: background_solve OK
INPUT_READ: ridder_freeze_phi = 0 _TRUE_=1 (after class_read_flag)
DEBUG: Ridder field DISABLED. Lambda = 0.000000e+00
INPUT_READ: ridder_freeze_phi = 0 _TRUE_=1 (after class_read_flag)
DEBUG: Ridder field DISABLED. Lambda = 0.000000e+00, model_type not set to unified
BACKGROUND_INIT ENTERED: Lambda=0.00e+00
DEBUG BG_INIT ENTRY: model_type=0
DEBUG AFTER CHECKS: model_type=0 has_ridder=0
RIDDER DEBUG (background_init): has_ridder=0, Lambda_EDE_ridder=0.000000e+00, f_axion_ridder=1.000000e+16, theta_i_ridder=2.500000e+00, beta_ridder=0.000000e+00
BG_INIT: entering background_checks
BG_INIT: background_checks OK
DEBUG SHOOTING CHECK: has_ridder=0, model_type=0 (unified=1), use_shooting_EDE=0
BG_INIT: entering background_solve
BACKGROUND_SOLVE ENTERED: has_ridder=0 Lambda=0.00e+00
ABOUT TO INTEGRATE: bi_size=5 has_ridder=0 Lambda=0.00e+00
DERIVS_ENTRY: call#=1820000 has_ridder=0 Lambda=0.00e+00 a=4.47e-10
BG_INIT: background_solve OK
INPUT_READ: ridder_freeze_phi = 0 _TRUE_=1 (after class_read_flag)
DEBUG: Ridder field DISABLED. Lambda = 0.000000e+00
INPUT_READ: ridder_freeze_phi = 0 _TRUE_=1 (after class_read_flag)
DEBUG: Ridder field DISABLED. Lambda = 0.000000e+00, model_type not set to unified
BACKGROUND_INIT ENTERED: Lambda=0.00e+00
DEBUG BG_INIT ENTRY: model_type=0
DEBUG AFTER CHECKS: model_type=0 has_ridder=0
RIDDER DEBUG (background_init): has_ridder=0, Lambda_EDE_ridder=0.000000e+00, f_axion_ridder=1.000000e+16, theta_i_ridder=2.500000e+00, beta_ridder=0.000000e+00
BG_INIT: entering background_checks
BG_INIT: background_checks OK
DEBUG SHOOTING CHECK: has_ridder=0, model_type=0 (unified=1), use_shooting_EDE=0
BG_INIT: entering background_solve
BACKGROUND_SOLVE ENTERED: has_ridder=0 Lambda=0.00e+00
ABOUT TO INTEGRATE: bi_size=5 has_ridder=0 Lambda=0.00e+00
DERIVS_ENTRY: call#=1825000 has_ridder=0 Lambda=0.00e+00 a=2.38e-05
B[mcmc] Progress @ 2025-11-27 02:52:53 : 9801 steps taken, and 1056 accepted.
G_INIT: background_solve OK
INPUT_READ: ridder_freeze_phi = 0 _TRUE_=1 (after class_read_flag)
DEBUG: Ridder field DISABLED. Lambda = 0.000000e+00
INPUT_READ: ridder_freeze_phi = 0 _TRUE_=1 (after class_read_flag)
DEBUG: Ridder field DISABLED. Lambda = 0.000000e+00, model_type not set to unified
BACKGROUND_INIT ENTERED: Lambda=0.00e+00
DEBUG BG_INIT ENTRY: model_type=0
DEBUG AFTER CHECKS: model_type=0 has_ridder=0
RIDDER DEBUG (background_init): has_ridder=0, Lambda_EDE_ridder=0.000000e+00, f_axion_ridder=1.000000e+16, theta_i_ridder=2.500000e+00, beta_ridder=0.000000e+00
BG_INIT: entering background_checks
BG_INIT: background_checks OK
DEBUG SHOOTING CHECK: has_ridder=0, model_type=0 (unified=1), use_shooting_EDE=0
BG_INIT: entering background_solve
BACKGROUND_SOLVE ENTERED: has_ridder=0 Lambda=0.00e+00
ABOUT TO INTEGRATE: bi_size=5 has_ridder=0 Lambda=0.00e+00
BG_INIT: background_solve OK
INPUT_READ: ridder_freeze_phi = 0 _TRUE_=1 (after class_read_flag)
DEBUG: Ridder field DISABLED. Lambda = 0.000000e+00
INPUT_READ: ridder_freeze_phi = 0 _TRUE_=1 (after class_read_flag)
DEBUG: Ridder field DISABLED. Lambda = 0.000000e+00, model_type not set to unified
BACKGROUND_INIT ENTERED: Lambda=0.00e+00
DEBUG BG_INIT ENTRY: model_type=0
DEBUG AFTER CHECKS: model_type=0 has_ridder=0
RIDDER DEBUG (background_init): has_ridder=0, Lambda_EDE_ridder=0.000000e+00, f_axion_ridder=1.000000e+16, theta_i_ridder=2.500000e+00, beta_ridder=0.000000e+00
BG_INIT: entering background_checks
BG_INIT: background_checks OK
DEBUG SHOOTING CHECK: has_ridder=0, model_type=0 (unified=1), use_shooting_EDE=0
BG_INIT: entering background_solve
BACKGROUND_SOLVE ENTERED: has_ridder=0 Lambda=0.00e+00
ABOUT TO INTEGRATE: bi_size=5 has_ridder=0 Lambda=0.00e+00
DERIVS_ENTRY: call#=1830000 has_ridder=0 Lambda=0.00e+00 a=7.09e-11
BG_INIT: background_solve OK
INPUT_READ: ridder_freeze_phi = 0 _TRUE_=1 (after class_read_flag)
DEBUG: Ridder field DISABLED. Lambda = 0.000000e+00
INPUT_READ: ridder_freeze_phi = 0 _TRUE_=1 (after class_read_flag)
DEBUG: Ridder field DISABLED. Lambda = 0.000000e+00, model_type not set to unified
BACKGROUND_INIT ENTERED: Lambda=0.00e+00
DEBUG BG_INIT ENTRY: model_type=0
DEBUG AFTER CHECKS: model_type=0 has_ridder=0
RIDDER DEBUG (background_init): has_ridder=0, Lambda_EDE_ridder=0.000000e+00, f_axion_ridder=1.000000e+16, theta_i_ridder=2.500000e+00, beta_ridder=0.000000e+00
BG_INIT: entering background_checks
BG_INIT: background_checks OK
DEBUG SHOOTING CHECK: has_ridder=0, model_type=0 (unified=1), use_shooting_EDE=0
BG_INIT: entering background_solve
BACKGROUND_SOLVE ENTERED: has_ridder=0 Lambda=0.00e+00
ABOUT TO INTEGRATE: bi_size=5 has_ridder=0 Lambda=0.00e+00
DERIVS_ENTRY: call#=1835000 has_ridder=0 Lambda=0.00e+00 a=3.48e-06
BG_INIT: background_solve OK
INPUT_READ: ridder_freeze_phi = 0 _TRUE_=1 (after class_read_flag)
DEBUG: Ridder field DISABLED. Lambda = 0.000000e+00
INPUT_READ: ridder_freeze_phi = 0 _TRUE_=1 (after class_read_flag)
DEBUG: Ridder field DISABLED. Lambda = 0.000000e+00, model_type not set to unified
BACKGROUND_INIT ENTERED: Lambda=0.00e+00
DEBUG BG_INIT ENTRY: model_type=0
DEBUG AFTER CHECKS: model_type=0 has_ridder=0
RIDDER DEBUG (background_init): has_ridder=0, Lambda_EDE_ridder=0.000000e+00, f_axion_ridder=1.000000e+16, theta_i_ridder=2.500000e+00, beta_ridder=0.000000e+00
BG_INIT: entering background_checks
BG_INIT: background_checks OK
DEBUG SHOOTING CHECK: has_ridder=0, model_type=0 (unified=1), use_shooting_EDE=0
BG_INIT: entering background_solve
BACKGROUND_SOLVE ENTERED: has_ridder=0 Lambda=0.00e+00
ABOUT TO INTEGRATE: bi_size=5 has_ridder=0 Lambda=0.00e+00
BG_INIT: background_solve OK
INPUT_READ: ridder_freeze_phi = 0 _TRUE_=1 (after class_read_flag)
DEBUG: Ridder field DISABLED. Lambda = 0.000000e+00
INPUT_READ: ridder_freeze_phi = 0 _TRUE_=1 (after class_read_flag)
DEBUG: Ridder field DISABLED. Lambda = 0.000000e+00, model_type not set to unified
BACKGROUND_INIT ENTERED: Lambda=0.00e+00
DEBUG BG_INIT ENTRY: model_type=0
DEBUG AFTER CHECKS: model_type=0 has_ridder=0
RIDDER DEBUG (background_init): has_ri[mcmc] Progress @ 2025-11-27 02:54:03 : 9896 steps taken, and 1069 accepted.
dder=0, Lambda_EDE_ridder=0.000000e+00, f_axion_ridder=1.000000e+16, theta_i_ridder=2.500000e+00, beta_ridder=0.000000e+00
BG_INIT: entering background_checks
BG_INIT: background_checks OK
DEBUG SHOOTING CHECK: has_ridder=0, model_type=0 (unified=1), use_shooting_EDE=0
BG_INIT: entering background_solve
BACKGROUND_SOLVE ENTERED: has_ridder=0 Lambda=0.00e+00
ABOUT TO INTEGRATE: bi_size=5 has_ridder=0 Lambda=0.00e+00
DERIVS_ENTRY: call#=1840000 has_ridder=0 Lambda=0.00e+00 a=4.09e-13
BG_INIT: background_solve OK
INPUT_READ: ridder_freeze_phi = 0 _TRUE_=1 (after class_read_flag)
DEBUG: Ridder field DISABLED. Lambda = 0.000000e+00
INPUT_READ: ridder_freeze_phi = 0 _TRUE_=1 (after class_read_flag)
DEBUG: Ridder field DISABLED. Lambda = 0.000000e+00, model_type not set to unified
BACKGROUND_INIT ENTERED: Lambda=0.00e+00
DEBUG BG_INIT ENTRY: model_type=0
DEBUG AFTER CHECKS: model_type=0 has_ridder=0
RIDDER DEBUG (background_init): has_ridder=0, Lambda_EDE_ridder=0.000000e+00, f_axion_ridder=1.000000e+16, theta_i_ridder=2.500000e+00, beta_ridder=0.000000e+00
BG_INIT: entering background_checks
BG_INIT: background_checks OK
DEBUG SHOOTING CHECK: has_ridder=0, model_type=0 (unified=1), use_shooting_EDE=0
BG_INIT: entering background_solve
BACKGROUND_SOLVE ENTERED: has_ridder=0 Lambda=0.00e+00
ABOUT TO INTEGRATE: bi_size=5 has_ridder=0 Lambda=0.00e+00
DERIVS_ENTRY: call#=1845000 has_ridder=0 Lambda=0.00e+00 a=5.37e-07
BG_INIT: background_solve OK
INPUT_READ: ridder_freeze_phi = 0 _TRUE_=1 (after class_read_flag)
DEBUG: Ridder field DISABLED. Lambda = 0.000000e+00
INPUT_READ: ridder_freeze_phi = 0 _TRUE_=1 (after class_read_flag)
DEBUG: Ridder field DISABLED. Lambda = 0.000000e+00, model_type not set to unified
BACKGROUND_INIT ENTERED: Lambda=0.00e+00
DEBUG BG_INIT ENTRY: model_type=0
DEBUG AFTER CHECKS: model_type=0 has_ridder=0
RIDDER DEBUG (background_init): has_ridder=0, Lambda_EDE_ridder=0.000000e+00, f_axion_ridder=1.000000e+16, theta_i_ridder=2.500000e+00, beta_ridder=0.000000e+00
BG_INIT: entering background_checks
BG_INIT: background_checks OK
DEBUG SHOOTING CHECK: has_ridder=0, model_type=0 (unified=1), use_shooting_EDE=0
BG_INIT: entering background_solve
BACKGROUND_SOLVE ENTERED: has_ridder=0 Lambda=0.00e+00
ABOUT TO INTEGRATE: bi_size=5 has_ridder=0 Lambda=0.00e+00
DERIVS_ENTRY: call#=1850000 has_ridder=0 Lambda=0.00e+00 a=7.40e-01
BG_INIT: background_solve OK
INPUT_READ: ridder_freeze_phi = 0 _TRUE_=1 (after class_read_flag)
DEBUG: Ridder field DISABLED. Lambda = 0.000000e+00
INPUT_READ: ridder_freeze_phi = 0 _TRUE_=1 (after class_read_flag)
DEBUG: Ridder field DISABLED. Lambda = 0.000000e+00, model_type not set to unified
BACKGROUND_INIT ENTERED: Lambda=0.00e+00
DEBUG BG_INIT ENTRY: model_type=0
DEBUG AFTER CHECKS: model_type=0 has_ridder=0
RIDDER DEBUG (background_init): has_ridder=0, Lambda_EDE_ridder=0.000000e+00, f_axion_ridder=1.000000e+16, theta_i_ridder=2.500000e+00, beta_ridder=0.000000e+00
BG_INIT: entering background_checks
BG_INIT: background_checks OK
DEBUG SHOOTING CHECK: has_ridder=0, model_type=0 (unified=1), use_shooting_EDE=0
BG_INIT: entering background_solve
BACKGROUND_SOLVE ENTERED: has_ridder=0 Lambda=0.00e+00
ABOUT TO INTEGRATE: bi_size=5 has_ridder=0 Lambda=0.00e+00
BG_INIT: background_solve OK
INPUT_READ: ridder_freeze_phi = 0 _TRUE_=1 (after class_read_flag)
DEBUG: Ridder field DISABLED. Lambda = 0.000000e+00
INPUT_READ: ridder_freeze_phi = 0 _TRUE_=1 (after class_read_flag)
DEBUG: Ridder field DISABLED. Lambda = 0.000000e+00, model_type not set to unified
BACKGROUND_INIT ENTERED: Lambda=0.00e+00
DEBUG BG_INIT ENTRY: model_type=0
DEBUG AFTER CHECKS: model_type=0 has_ridder=0
RIDDER DEBUG (background_init): has_ridder=0, Lambda_EDE_ridder=0.000000e+00, f_axion_ridder=1.000000e+16, theta_i_ridder=2.500000e+00, beta_ridder=0.000000e+00
BG_INIT: entering background_checks
BG_INIT: background_checks OK
DEBUG SHOOTING CHECK: has_ridder=0, model_type=0 (unified=1), use_shooting_EDE=0
BG_INIT: entering background_solve
BACKGROUND_SOLVE ENTERED: has_ridder=0 Lambda=0.00e+00
ABOUT TO INTEGRATE: bi_size=[mcmc] Learn + convergence test @ 1080 samples accepted.
[mcmc]  - Acceptance rate: 0.547
[mcmc]  - Convergence of means: R-1 = 22.755931 after 864 accepted steps
[mcmc]  - Updated covariance matrix of proposal pdf.
[mcmc] Progress @ 2025-11-27 02:55:03 : 9997 steps taken, and 1083 accepted.
5 has_ridder=0 Lambda=0.00e+00
DERIVS_ENTRY: call#=1855000 has_ridder=0 Lambda=0.00e+00 a=7.84e-08
BG_INIT: background_solve OK
INPUT_READ: ridder_freeze_phi = 0 _TRUE_=1 (after class_read_flag)
DEBUG: Ridder field DISABLED. Lambda = 0.000000e+00
INPUT_READ: ridder_freeze_phi = 0 _TRUE_=1 (after class_read_flag)
DEBUG: Ridder field DISABLED. Lambda = 0.000000e+00, model_type not set to unified
BACKGROUND_INIT ENTERED: Lambda=0.00e+00
DEBUG BG_INIT ENTRY: model_type=0
DEBUG AFTER CHECKS: model_type=0 has_ridder=0
RIDDER DEBUG (background_init): has_ridder=0, Lambda_EDE_ridder=0.000000e+00, f_axion_ridder=1.000000e+16, theta_i_ridder=2.500000e+00, beta_ridder=0.000000e+00
BG_INIT: entering background_checks
BG_INIT: background_checks OK
DEBUG SHOOTING CHECK: has_ridder=0, model_type=0 (unified=1), use_shooting_EDE=0
BG_INIT: entering background_solve
BACKGROUND_SOLVE ENTERED: has_ridder=0 Lambda=0.00e+00
ABOUT TO INTEGRATE: bi_size=5 has_ridder=0 Lambda=0.00e+00
DERIVS_ENTRY: call#=1860000 has_ridder=0 Lambda=0.00e+00 a=9.07e-02
BG_INIT: background_solve OK
INPUT_READ: ridder_freeze_phi = 0 _TRUE_=1 (after class_read_flag)
DEBUG: Ridder field DISABLED. Lambda = 0.000000e+00
INPUT_READ: ridder_freeze_phi = 0 _TRUE_=1 (after class_read_flag)
DEBUG: Ridder field DISABLED. Lambda = 0.000000e+00, model_type not set to unified
BACKGROUND_INIT ENTERED: Lambda=0.00e+00
DEBUG BG_INIT ENTRY: model_type=0
DEBUG AFTER CHECKS: model_type=0 has_ridder=0
RIDDER DEBUG (background_init): has_ridder=0, Lambda_EDE_ridder=0.000000e+00, f_axion_ridder=1.000000e+16, theta_i_ridder=2.500000e+00, beta_ridder=0.000000e+00
BG_INIT: entering background_checks
BG_INIT: background_checks OK
DEBUG SHOOTING CHECK: has_ridder=0, model_type=0 (unified=1), use_shooting_EDE=0
BG_INIT: entering background_solve
BACKGROUND_SOLVE ENTERED: has_ridder=0 Lambda=0.00e+00
ABOUT TO INTEGRATE: bi_size=5 has_ridder=0 Lambda=0.00e+00
BG_INIT: background_solve OK
INPUT_READ: ridder_freeze_phi = 0 _TRUE_=1 (after class_read_flag)
DEBUG: Ridder field DISABLED. Lambda = 0.000000e+00
INPUT_READ: ridder_freeze_phi = 0 _TRUE_=1 (after class_read_flag)
DEBUG: Ridder field DISABLED. Lambda = 0.000000e+00, model_type not set to unified
BACKGROUND_INIT ENTERED: Lambda=0.00e+00
DEBUG BG_INIT ENTRY: model_type=0
DEBUG AFTER CHECKS: model_type=0 has_ridder=0
RIDDER DEBUG (background_init): has_ridder=0, Lambda_EDE_ridder=0.000000e+00, f_axion_ridder=1.000000e+16, theta_i_ridder=2.500000e+00, beta_ridder=0.000000e+00
BG_INIT: entering background_checks
BG_INIT: background_checks OK
DEBUG SHOOTING CHECK: has_ridder=0, model_type=0 (unified=1), use_shooting_EDE=0
BG_INIT: entering background_solve
BACKGROUND_SOLVE ENTERED: has_ridder=0 Lambda=0.00e+00
ABOUT TO INTEGRATE: bi_size=5 has_ridder=0 Lambda=0.00e+00
DERIVS_ENTRY: call#=1865000 has_ridder=0 Lambda=0.00e+00 a=1.11e-08
BG_INIT: background_solve OK
INPUT_READ: ridder_freeze_phi = 0 _TRUE_=1 (after class_read_flag)
DEBUG: Ridder field DISABLED. Lambda = 0.000000e+00
INPUT_READ: ridder_freeze_phi = 0 _TRUE_=1 (after class_read_flag)
DEBUG: Ridder field DISABLED. Lambda = 0.000000e+00, model_type not set to unified
BACKGROUND_INIT ENTERED: Lambda=0.00e+00
DEBUG BG_INIT ENTRY: model_type=0
DEBUG AFTER CHECKS: model_type=0 has_ridder=0
RIDDER DEBUG (background_init): has_ridder=0, Lambda_EDE_ridder=0.000000e+00, f_axion_ridder=1.000000e+16, theta_i_ridder=2.500000e+00, beta_ridder=0.000000e+00
BG_INIT: entering background_checks
BG_INIT: background_checks OK
DEBUG SHOOTING CHECK: has_ridder=0, model_type=0 (unified=1), use_shooting_EDE=0
BG_INIT: entering background_solve
BACKGROUND_SOLVE ENTERED: has_ridder=0 Lambda=0.00e+00
ABOUT TO INTEGRATE: bi_size=5 has_ridder=0 Lambda=0.00e+00
DERIVS_ENTRY: call#=1870000 has_ridder=0 Lambda=0.00e+00 a=1.36e-03
BG_INIT: background_solve OK
INPUT_READ: ridder_freeze_phi = 0 _TRUE_=1 (after class_read_flag)
DEBUG: Ridder field DISABLED. Lambda = 0.000000e+00
INPUT_READ: ridder_freeze_phi = 0 _TRUE_=1 (after class_read_flag)
DEBUG: Ridder field DISABLED. Lambda = 0.000000e+00, model_type not set to unified
BACKGROUND_INIT ENTERED: Lambda=0.00e+00
DEBUG BG_INIT ENTRY: model_type=0
DEBUG AFTER CHECKS: model_type=0 has_ridder=0
RIDDER DEBUG (background_init): has_ridder=0, Lambda_EDE_ridder=0.000000e+00, f_axion_ridder=1.000000e+16, theta_i_ridder=2.500000e+00, beta_ridder=0.000000e+00
BG_INIT: entering background_checks
BG_INIT: background_checks OK
DEBUG SHOOTING CHECK: has_ridder=0, model_type=0 (unified=1), use_shooting_EDE=0
BG_INIT: entering background_solve
BACKGROUND_SOLVE ENTERED: has_ridder=0 Lambda=0.00e+00
ABOUT TO INTEGRATE: bi_size=5 has_ridder=0 Lambda=0.00e+00
BG_INIT: background_solve OK
INPUT_READ: ridder_freeze_phi = 0 _TRUE_=1 (after class_read_flag)
DEBUG: Ridder field DISABLED. Lambda = 0.000000e+00
INPUT_READ: ridder_freeze_phi = 0 _TRUE_=1 (after class_read_flag)
DEBUG: Ridder field DISABLED. Lambda = 0.000000e+00, model_type not set to unified
BACKGROUND_INIT ENTERED: Lambda=0.00e+00
DEBUG BG_INIT ENTRY: model_type=0
DEBUG AFTER CHECKS: model_type=0 has_ridder=0
RIDDER DEBUG (background_init): has_ridder=0, Lambda_EDE_ridder=0.000000e+00, f_axion_ridder=1.000000e+16, theta_i_ridder=2.500000e+00, beta_ridder=0.000000e+00
BG_INIT: entering background_checks
BG_INIT: background_checks OK
DEBUG SHOOTING CHECK: has_ridder=0, model_type=0 (unified=1), use_shooting_EDE=0
BG_INIT: entering background_solve
BACKGROUND_SOLVE ENTERED: has_ridder=0 Lambda=0.00e+00
ABOUT TO INTEGRATE: bi_size=5 has_ridder=0 Lambda=0.00e+00
DERIVS_ENTRY: call#=1875000 has_ridder=0 Lambda=0.00e+00 a=1.52e-09
BG_INIT: background_solve OK
INPUT_READ: ridder_freeze_phi = 0 _TRUE_=1 (after class_read_flag)
DEBUG: Ridder field DISABLED. Lambda = 0.000000e+00
INPUT_READ: ridder_freeze_phi = 0 _TRUE_=1 (after class_read_flag)
DEBUG: Ridder field DISABLED. Lambda = 0.000000e+00, model_type not set to unified
BACKGROUND_INIT ENTERED: Lambda=0.00e+00
DEBUG BG_INIT ENTRY: model_type=0
DEBUG AFTER CHECKS: model_type=0 has_ridder=0
RIDDER DEBUG (background_init): has_ridder=0, Lambda_EDE_ridder=0.000000e+00, f_axion_ridder=1.000000e+16, theta_i_ridder=2.500000e+00, beta_ridder=0.000000e+00
BG_INIT: entering background_checks
BG_INIT: background_checks OK
DEBUG SHOOTING CHECK: has_ridder=0, model_type=0 (unified=1), use_shooting_EDE=0
BG_INIT: entering background_solve
BACKGROUND_SOLVE ENTERED: has_ridder=0 Lambda=0.00e+00
ABOUT TO INTEGRATE: bi_size=5 has_ridder=0 Lambda=0.00e+00
DERIVS_ENTRY: call#=1880000 has_ridder=0 Lambda=0.00e+00 a=7.56e-05
BG_INIT: background_solve OK
INPUT_READ: ridder_freeze_phi = 0 _TRUE_=1 (after class_read_flag)
DEBUG: Ridder field DISABLED. Lambda = 0.000000e+00
INPUT_READ: ridder_freeze_phi = 0 _TRUE_=1 (after class_read_flag)
DEBUG: Ridder field DISABLED. Lambda = 0.000000e+00, model_type not set to unified
BACKGROUND_INIT ENTERED: Lambda=0.00e+00
DEBUG BG_INIT ENTRY: model_type=0
DEBUG AFTER CHECKS: model_type=0 has_ridder=0
RIDDER DEBUG (background_init): has_ridder=0, Lambda_EDE_ridder=0.000000e+00, f_axion_ridder=1.000000e+16, theta_i_ridder=2.500000e+00, beta_ridder=0.000000e+00
BG_INIT: entering background_checks
BG_INIT: background_checks OK
DEBUG SHOOTING CHECK: has_ridder=0, model_type=0 (unified=1), use_shooting_EDE=0
BG_INIT: entering background_solve
BACKGROUND_SOLVE ENTERED: has_ridder=0 Lambda=0.00e+00
ABOUT TO INTEGRATE: bi_size=5 has_ridder=0 Lambda=0.00e+00
BG_INIT: background_solve OK
INPUT_READ: ridder_freeze_phi = 0 _TRUE_=1 (after class_read_flag)
DEBUG: Ridder field DISABLED. Lambda = 0.000000e+00
INPUT_READ: ridder_freeze_phi = 0 _TRUE_=1 (after class_read_flag)
DEBUG: Ridder field DISABLED. Lambda = 0.000000e+00, model_type not set to unified
BACKGROUND_INIT ENTERED: Lambda=0.00e+00
DEBUG BG_INIT ENTRY: model_type=0
DEBUG AFTER CHECKS: model_type=0 has_ridder=0
RIDDER DEBUG (background_init): has_ridder=0, Lambda_EDE_ridder=0.000000e+00, f_axion_ridder=1.000000e+16, theta_i_ridder=2.500000e+00, beta_ridder=0.000000e+00
BG_INIT: entering background_checks
BG_INIT: background_checks OK
DEBUG SHOOTING CHECK: has_ridder=0, model_type=0 (unified=1), use_shooting_EDE=0
BG_INIT: entering [mcmc] Progress @ 2025-11-27 02:56:03 : 10099 steps taken, and 1106 accepted.
[mcmc] Progress @ 2025-11-27 02:57:05 : 10165 steps taken, and 1120 accepted.
background_solve
BACKGROUND_SOLVE ENTERED: has_ridder=0 Lambda=0.00e+00
ABOUT TO INTEGRATE: bi_size=5 has_ridder=0 Lambda=0.00e+00
DERIVS_ENTRY: call#=1885000 has_ridder=0 Lambda=0.00e+00 a=2.16e-10
BG_INIT: background_solve OK
INPUT_READ: ridder_freeze_phi = 0 _TRUE_=1 (after class_read_flag)
DEBUG: Ridder field DISABLED. Lambda = 0.000000e+00
INPUT_READ: ridder_freeze_phi = 0 _TRUE_=1 (after class_read_flag)
DEBUG: Ridder field DISABLED. Lambda = 0.000000e+00, model_type not set to unified
BACKGROUND_INIT ENTERED: Lambda=0.00e+00
DEBUG BG_INIT ENTRY: model_type=0
DEBUG AFTER CHECKS: model_type=0 has_ridder=0
RIDDER DEBUG (background_init): has_ridder=0, Lambda_EDE_ridder=0.000000e+00, f_axion_ridder=1.000000e+16, theta_i_ridder=2.500000e+00, beta_ridder=0.000000e+00
BG_INIT: entering background_checks
BG_INIT: background_checks OK
DEBUG SHOOTING CHECK: has_ridder=0, model_type=0 (unified=1), use_shooting_EDE=0
BG_INIT: entering background_solve
BACKGROUND_SOLVE ENTERED: has_ridder=0 Lambda=0.00e+00
ABOUT TO INTEGRATE: bi_size=5 has_ridder=0 Lambda=0.00e+00
DERIVS_ENTRY: call#=1890000 has_ridder=0 Lambda=0.00e+00 a=1.04e-05
BG_INIT: background_solve OK
INPUT_READ: ridder_freeze_phi = 0 _TRUE_=1 (after class_read_flag)
DEBUG: Ridder field DISABLED. Lambda = 0.000000e+00
INPUT_READ: ridder_freeze_phi = 0 _TRUE_=1 (after class_read_flag)
DEBUG: Ridder field DISABLED. Lambda = 0.000000e+00, model_type not set to unified
BACKGROUND_INIT ENTERED: Lambda=0.00e+00
DEBUG BG_INIT ENTRY: model_type=0
DEBUG AFTER CHECKS: model_type=0 has_ridder=0
RIDDER DEBUG (background_init): has_ridder=0, Lambda_EDE_ridder=0.000000e+00, f_axion_ridder=1.000000e+16, theta_i_ridder=2.500000e+00, beta_ridder=0.000000e+00
BG_INIT: entering background_checks
BG_INIT: background_checks OK
DEBUG SHOOTING CHECK: has_ridder=0, model_type=0 (unified=1), use_shooting_EDE=0
BG_INIT: entering background_solve
BACKGROUND_SOLVE ENTERED: has_ridder=0 Lambda=0.00e+00
ABOUT TO INTEGRATE: bi_size=5 has_ridder=0 Lambda=0.00e+00
BG_INIT: background_solve OK
INPUT_READ: ridder_freeze_phi = 0 _TRUE_=1 (after class_read_flag)
DEBUG: Ridder field DISABLED. Lambda = 0.000000e+00
INPUT_READ: ridder_freeze_phi = 0 _TRUE_=1 (after class_read_flag)
DEBUG: Ridder field DISABLED. Lambda = 0.000000e+00, model_type not set to unified
BACKGROUND_INIT ENTERED: Lambda=0.00e+00
DEBUG BG_INIT ENTRY: model_type=0
DEBUG AFTER CHECKS: model_type=0 has_ridder=0
RIDDER DEBUG (background_init): has_ridder=0, Lambda_EDE_ridder=0.000000e+00, f_axion_ridder=1.000000e+16, theta_i_ridder=2.500000e+00, beta_ridder=0.000000e+00
BG_INIT: entering background_checks
BG_INIT: background_checks OK
DEBUG SHOOTING CHECK: has_ridder=0, model_type=0 (unified=1), use_shooting_EDE=0
BG_INIT: entering background_solve
BACKGROUND_SOLVE ENTERED: has_ridder=0 Lambda=0.00e+00
ABOUT TO INTEGRATE: bi_size=5 has_ridder=0 Lambda=0.00e+00
DERIVS_ENTRY: call#=1895000 has_ridder=0 Lambda=0.00e+00 a=1.57e-11
BG_INIT: background_solve OK
INPUT_READ: ridder_freeze_phi = 0 _TRUE_=1 (after class_read_flag)
DEBUG: Ridder field DISABLED. Lambda = 0.000000e+00
INPUT_READ: ridder_freeze_phi = 0 _TRUE_=1 (after class_read_flag)
DEBUG: Ridder field DISABLED. Lambda = 0.000000e+00, model_type not set to unified
BACKGROUND_INIT ENTERED: Lambda=0.00e+00
DEBUG BG_INIT ENTRY: model_type=0
DEBUG AFTER CHECKS: model_type=0 has_ridder=0
RIDDER DEBUG (background_init): has_ridder=0, Lambda_EDE_ridder=0.000000e+00, f_axion_ridder=1.000000e+16, theta_i_ridder=2.500000e+00, beta_ridder=0.000000e+00
BG_INIT: entering background_checks
BG_INIT: background_checks OK
DEBUG SHOOTING CHECK: has_ridder=0, model_type=0 (unified=1), use_shooting_EDE=0
BG_INIT: entering background_solve
BACKGROUND_SOLVE ENTERED: has_ridder=0 Lambda=0.00e+00
ABOUT TO INTEGRATE: bi_size=5 has_ridder=0 Lambda=0.00e+00
DERIVS_ENTRY: call#=1900000 has_ridder=0 Lambda=0.00e+00 a=1.46e-06
BG_INIT: background_solve OK
INPUT_READ: ridder_freeze_phi = 0 _TRUE_=1 (after class_read_flag)
DEBUG: Ridder field DISABLED. Lambda = 0.000000e+00
INPUT_READ: ridder_freeze_phi = 0 _TRUE_=[mcmc] Progress @ 2025-11-27 02:58:13 : 10286 steps taken, and 1146 accepted.
1 (after class_read_flag)
DEBUG: Ridder field DISABLED. Lambda = 0.000000e+00, model_type not set to unified
BACKGROUND_INIT ENTERED: Lambda=0.00e+00
DEBUG BG_INIT ENTRY: model_type=0
DEBUG AFTER CHECKS: model_type=0 has_ridder=0
RIDDER DEBUG (background_init): has_ridder=0, Lambda_EDE_ridder=0.000000e+00, f_axion_ridder=1.000000e+16, theta_i_ridder=2.500000e+00, beta_ridder=0.000000e+00
BG_INIT: entering background_checks
BG_INIT: background_checks OK
DEBUG SHOOTING CHECK: has_ridder=0, model_type=0 (unified=1), use_shooting_EDE=0
BG_INIT: entering background_solve
BACKGROUND_SOLVE ENTERED: has_ridder=0 Lambda=0.00e+00
ABOUT TO INTEGRATE: bi_size=5 has_ridder=0 Lambda=0.00e+00
BG_INIT: background_solve OK
INPUT_READ: ridder_freeze_phi = 0 _TRUE_=1 (after class_read_flag)
DEBUG: Ridder field DISABLED. Lambda = 0.000000e+00
INPUT_READ: ridder_freeze_phi = 0 _TRUE_=1 (after class_read_flag)
DEBUG: Ridder field DISABLED. Lambda = 0.000000e+00, model_type not set to unified
BACKGROUND_INIT ENTERED: Lambda=0.00e+00
DEBUG BG_INIT ENTRY: model_type=0
DEBUG AFTER CHECKS: model_type=0 has_ridder=0
RIDDER DEBUG (background_init): has_ridder=0, Lambda_EDE_ridder=0.000000e+00, f_axion_ridder=1.000000e+16, theta_i_ridder=2.500000e+00, beta_ridder=0.000000e+00
BG_INIT: entering background_checks
BG_INIT: background_checks OK
DEBUG SHOOTING CHECK: has_ridder=0, model_type=0 (unified=1), use_shooting_EDE=0
BG_INIT: entering background_solve
BACKGROUND_SOLVE ENTERED: has_ridder=0 Lambda=0.00e+00
ABOUT TO INTEGRATE: bi_size=5 has_ridder=0 Lambda=0.00e+00
DERIVS_ENTRY: call#=1905000 has_ridder=0 Lambda=0.00e+00 a=1.89e-14
BG_INIT: background_solve OK
INPUT_READ: ridder_freeze_phi = 0 _TRUE_=1 (after class_read_flag)
DEBUG: Ridder field DISABLED. Lambda = 0.000000e+00
INPUT_READ: ridder_freeze_phi = 0 _TRUE_=1 (after class_read_flag)
DEBUG: Ridder field DISABLED. Lambda = 0.000000e+00, model_type not set to unified
BACKGROUND_INIT ENTERED: Lambda=0.00e+00
DEBUG BG_INIT ENTRY: model_type=0
DEBUG AFTER CHECKS: model_type=0 has_ridder=0
RIDDER DEBUG (background_init): has_ridder=0, Lambda_EDE_ridder=0.000000e+00, f_axion_ridder=1.000000e+16, theta_i_ridder=2.500000e+00, beta_ridder=0.000000e+00
BG_INIT: entering background_checks
BG_INIT: background_checks OK
DEBUG SHOOTING CHECK: has_ridder=0, model_type=0 (unified=1), use_shooting_EDE=0
BG_INIT: entering background_solve
BACKGROUND_SOLVE ENTERED: has_ridder=0 Lambda=0.00e+00
ABOUT TO INTEGRATE: bi_size=5 has_ridder=0 Lambda=0.00e+00
DERIVS_ENTRY: call#=1910000 has_ridder=0 Lambda=0.00e+00 a=2.17e-07
BG_INIT: background_solve OK
INPUT_READ: ridder_freeze_phi = 0 _TRUE_=1 (after class_read_flag)
DEBUG: Ridder field DISABLED. Lambda = 0.000000e+00
INPUT_READ: ridder_freeze_phi = 0 _TRUE_=1 (after class_read_flag)
DEBUG: Ridder field DISABLED. Lambda = 0.000000e+00, model_type not set to unified
BACKGROUND_INIT ENTERED: Lambda=0.00e+00
DEBUG BG_INIT ENTRY: model_type=0
DEBUG AFTER CHECKS: model_type=0 has_ridder=0
RIDDER DEBUG (background_init): has_ridder=0, Lambda_EDE_ridder=0.000000e+00, f_axion_ridder=1.000000e+16, theta_i_ridder=2.500000e+00, beta_ridder=0.000000e+00
BG_INIT: entering background_checks
BG_INIT: background_checks OK
DEBUG SHOOTING CHECK: has_ridder=0, model_type=0 (unified=1), use_shooting_EDE=0
BG_INIT: entering background_solve
BACKGROUND_SOLVE ENTERED: has_ridder=0 Lambda=0.00e+00
ABOUT TO INTEGRATE: bi_size=5 has_ridder=0 Lambda=0.00e+00
DERIVS_ENTRY: call#=1915000 has_ridder=0 Lambda=0.00e+00 a=3.12e-01
BG_INIT: background_solve OK
INPUT_READ: ridder_freeze_phi = 0 _TRUE_=1 (after class_read_flag)
DEBUG: Ridder field DISABLED. Lambda = 0.000000e+00
INPUT_READ: ridder_freeze_phi = 0 _TRUE_=1 (after class_read_flag)
DEBUG: Ridder field DISABLED. Lambda = 0.000000e+00, model_type not set to unified
BACKGROUND_INIT ENTERED: Lambda=0.00e+00
DEBUG BG_INIT ENTRY: model_type=0
DEBUG AFTER CHECKS: model_type=0 has_ridder=0
RIDDER DEBUG (background_init): has_ridder=0, Lambda_EDE_ridder=0.000000e+00, f_axion_ridder=1.000000e+16, theta_i_ridder=2.500000e+00, beta_ridder=0.000000e+[mcmc] Progress @ 2025-11-27 02:59:14 : 10340 steps taken, and 1157 accepted.
00
BG_INIT: entering background_checks
BG_INIT: background_checks OK
DEBUG SHOOTING CHECK: has_ridder=0, model_type=0 (unified=1), use_shooting_EDE=0
BG_INIT: entering background_solve
BACKGROUND_SOLVE ENTERED: has_ridder=0 Lambda=0.00e+00
ABOUT TO INTEGRATE: bi_size=5 has_ridder=0 Lambda=0.00e+00
BG_INIT: background_solve OK
INPUT_READ: ridder_freeze_phi = 0 _TRUE_=1 (after class_read_flag)
DEBUG: Ridder field DISABLED. Lambda = 0.000000e+00
INPUT_READ: ridder_freeze_phi = 0 _TRUE_=1 (after class_read_flag)
DEBUG: Ridder field DISABLED. Lambda = 0.000000e+00, model_type not set to unified
BACKGROUND_INIT ENTERED: Lambda=0.00e+00
DEBUG BG_INIT ENTRY: model_type=0
DEBUG AFTER CHECKS: model_type=0 has_ridder=0
RIDDER DEBUG (background_init): has_ridder=0, Lambda_EDE_ridder=0.000000e+00, f_axion_ridder=1.000000e+16, theta_i_ridder=2.500000e+00, beta_ridder=0.000000e+00
BG_INIT: entering background_checks
BG_INIT: background_checks OK
DEBUG SHOOTING CHECK: has_ridder=0, model_type=0 (unified=1), use_shooting_EDE=0
BG_INIT: entering background_solve
BACKGROUND_SOLVE ENTERED: has_ridder=0 Lambda=0.00e+00
ABOUT TO INTEGRATE: bi_size=5 has_ridder=0 Lambda=0.00e+00
DERIVS_ENTRY: call#=1920000 has_ridder=0 Lambda=0.00e+00 a=3.21e-08
BG_INIT: background_solve OK
INPUT_READ: ridder_freeze_phi = 0 _TRUE_=1 (after class_read_flag)
DEBUG: Ridder field DISABLED. Lambda = 0.000000e+00
INPUT_READ: ridder_freeze_phi = 0 _TRUE_=1 (after class_read_flag)
DEBUG: Ridder field DISABLED. Lambda = 0.000000e+00, model_type not set to unified
BACKGROUND_INIT ENTERED: Lambda=0.00e+00
DEBUG BG_INIT ENTRY: model_type=0
DEBUG AFTER CHECKS: model_type=0 has_ridder=0
RIDDER DEBUG (background_init): has_ridder=0, Lambda_EDE_ridder=0.000000e+00, f_axion_ridder=1.000000e+16, theta_i_ridder=2.500000e+00, beta_ridder=0.000000e+00
BG_INIT: entering background_checks
BG_INIT: background_checks OK
DEBUG SHOOTING CHECK: has_ridder=0, model_type=0 (unified=1), use_shooting_EDE=0
BG_INIT: entering background_solve
BACKGROUND_SOLVE ENTERED: has_ridder=0 Lambda=0.00e+00
ABOUT TO INTEGRATE: bi_size=5 has_ridder=0 Lambda=0.00e+00
DERIVS_ENTRY: call#=1925000 has_ridder=0 Lambda=0.00e+00 a=1.25e-02
BG_INIT: background_solve OK
INPUT_READ: ridder_freeze_phi = 0 _TRUE_=1 (after class_read_flag)
DEBUG: Ridder field DISABLED. Lambda = 0.000000e+00
INPUT_READ: ridder_freeze_phi = 0 _TRUE_=1 (after class_read_flag)
DEBUG: Ridder field DISABLED. Lambda = 0.000000e+00, model_type not set to unified
BACKGROUND_INIT ENTERED: Lambda=0.00e+00
DEBUG BG_INIT ENTRY: model_type=0
DEBUG AFTER CHECKS: model_type=0 has_ridder=0
RIDDER DEBUG (background_init): has_ridder=0, Lambda_EDE_ridder=0.000000e+00, f_axion_ridder=1.000000e+16, theta_i_ridder=2.500000e+00, beta_ridder=0.000000e+00
BG_INIT: entering background_checks
BG_INIT: background_checks OK
DEBUG SHOOTING CHECK: has_ridder=0, model_type=0 (unified=1), use_shooting_EDE=0
BG_INIT: entering background_solve
BACKGROUND_SOLVE ENTERED: has_ridder=0 Lambda=0.00e+00
ABOUT TO INTEGRATE: bi_size=5 has_ridder=0 Lambda=0.00e+00
BG_INIT: background_solve OK
INPUT_READ: ridder_freeze_phi = 0 _TRUE_=1 (after class_read_flag)
DEBUG: Ridder field DISABLED. Lambda = 0.000000e+00
INPUT_READ: ridder_freeze_phi = 0 _TRUE_=1 (after class_read_flag)
DEBUG: Ridder field DISABLED. Lambda = 0.000000e+00, model_type not set to unified
BACKGROUND_INIT ENTERED: Lambda=0.00e+00
DEBUG BG_INIT ENTRY: model_type=0
DEBUG AFTER CHECKS: model_type=0 has_ridder=0
RIDDER DEBUG (background_init): has_ridder=0, Lambda_EDE_ridder=0.000000e+00, f_axion_ridder=1.000000e+16, theta_i_ridder=2.500000e+00, beta_ridder=0.000000e+00
BG_INIT: entering background_checks
BG_INIT: background_checks OK
DEBUG SHOOTING CHECK: has_ridder=0, model_type=0 (unified=1), use_shooting_EDE=0
BG_INIT: entering background_solve
BACKGROUND_SOLVE ENTERED: has_ridder=0 Lambda=0.00e+00
ABOUT TO INTEGRATE: bi_size=5 has_ridder=0 Lambda=0.00e+00
DERIVS_ENTRY: call#=1930000 has_ridder=0 Lambda=0.00e+00 a=4.75e-09
BG_INIT: background_solve OK
INPUT_READ: ridder_freeze_phi = 0 _TRUE_=1 (after class_read[mcmc] Progress @ 2025-11-27 03:00:15 : 10395 steps taken, and 1169 accepted.
_flag)
DEBUG: Ridder field DISABLED. Lambda = 0.000000e+00
INPUT_READ: ridder_freeze_phi = 0 _TRUE_=1 (after class_read_flag)
DEBUG: Ridder field DISABLED. Lambda = 0.000000e+00, model_type not set to unified
BACKGROUND_INIT ENTERED: Lambda=0.00e+00
DEBUG BG_INIT ENTRY: model_type=0
DEBUG AFTER CHECKS: model_type=0 has_ridder=0
RIDDER DEBUG (background_init): has_ridder=0, Lambda_EDE_ridder=0.000000e+00, f_axion_ridder=1.000000e+16, theta_i_ridder=2.500000e+00, beta_ridder=0.000000e+00
BG_INIT: entering background_checks
BG_INIT: background_checks OK
DEBUG SHOOTING CHECK: has_ridder=0, model_type=0 (unified=1), use_shooting_EDE=0
BG_INIT: entering background_solve
BACKGROUND_SOLVE ENTERED: has_ridder=0 Lambda=0.00e+00
ABOUT TO INTEGRATE: bi_size=5 has_ridder=0 Lambda=0.00e+00
DERIVS_ENTRY: call#=1935000 has_ridder=0 Lambda=0.00e+00 a=2.71e-04
BG_INIT: background_solve OK
INPUT_READ: ridder_freeze_phi = 0 _TRUE_=1 (after class_read_flag)
DEBUG: Ridder field DISABLED. Lambda = 0.000000e+00
INPUT_READ: ridder_freeze_phi = 0 _TRUE_=1 (after class_read_flag)
DEBUG: Ridder field DISABLED. Lambda = 0.000000e+00, model_type not set to unified
BACKGROUND_INIT ENTERED: Lambda=0.00e+00
DEBUG BG_INIT ENTRY: model_type=0
DEBUG AFTER CHECKS: model_type=0 has_ridder=0
RIDDER DEBUG (background_init): has_ridder=0, Lambda_EDE_ridder=0.000000e+00, f_axion_ridder=1.000000e+16, theta_i_ridder=2.500000e+00, beta_ridder=0.000000e+00
BG_INIT: entering background_checks
BG_INIT: background_checks OK
DEBUG SHOOTING CHECK: has_ridder=0, model_type=0 (unified=1), use_shooting_EDE=0
BG_INIT: entering background_solve
BACKGROUND_SOLVE ENTERED: has_ridder=0 Lambda=0.00e+00
ABOUT TO INTEGRATE: bi_size=5 has_ridder=0 Lambda=0.00e+00
BG_INIT: background_solve OK
INPUT_READ: ridder_freeze_phi = 0 _TRUE_=1 (after class_read_flag)
DEBUG: Ridder field DISABLED. Lambda = 0.000000e+00
INPUT_READ: ridder_freeze_phi = 0 _TRUE_=1 (after class_read_flag)
DEBUG: Ridder field DISABLED. Lambda = 0.000000e+00, model_type not set to unified
BACKGROUND_INIT ENTERED: Lambda=0.00e+00
DEBUG BG_INIT ENTRY: model_type=0
DEBUG AFTER CHECKS: model_type=0 has_ridder=0
RIDDER DEBUG (background_init): has_ridder=0, Lambda_EDE_ridder=0.000000e+00, f_axion_ridder=1.000000e+16, theta_i_ridder=2.500000e+00, beta_ridder=0.000000e+00
BG_INIT: entering background_checks
BG_INIT: background_checks OK
DEBUG SHOOTING CHECK: has_ridder=0, model_type=0 (unified=1), use_shooting_EDE=0
BG_INIT: entering background_solve
BACKGROUND_SOLVE ENTERED: has_ridder=0 Lambda=0.00e+00
ABOUT TO INTEGRATE: bi_size=5 has_ridder=0 Lambda=0.00e+00
DERIVS_ENTRY: call#=1940000 has_ridder=0 Lambda=0.00e+00 a=7.03e-10
BG_INIT: background_solve OK
INPUT_READ: ridder_freeze_phi = 0 _TRUE_=1 (after class_read_flag)
DEBUG: Ridder field DISABLED. Lambda = 0.000000e+00
INPUT_READ: ridder_freeze_phi = 0 _TRUE_=1 (after class_read_flag)
DEBUG: Ridder field DISABLED. Lambda = 0.000000e+00, model_type not set to unified
BACKGROUND_INIT ENTERED: Lambda=0.00e+00
DEBUG BG_INIT ENTRY: model_type=0
DEBUG AFTER CHECKS: model_type=0 has_ridder=0
RIDDER DEBUG (background_init): has_ridder=0, Lambda_EDE_ridder=0.000000e+00, f_axion_ridder=1.000000e+16, theta_i_ridder=2.500000e+00, beta_ridder=0.000000e+00
BG_INIT: entering background_checks
BG_INIT: background_checks OK
DEBUG SHOOTING CHECK: has_ridder=0, model_type=0 (unified=1), use_shooting_EDE=0
BG_INIT: entering background_solve
BACKGROUND_SOLVE ENTERED: has_ridder=0 Lambda=0.00e+00
ABOUT TO INTEGRATE: bi_size=5 has_ridder=0 Lambda=0.00e+00
DERIVS_ENTRY: call#=1945000 has_ridder=0 Lambda=0.00e+00 a=3.50e-05
BG_INIT: background_solve OK
INPUT_READ: ridder_freeze_phi = 0 _TRUE_=1 (after class_read_flag)
DEBUG: Ridder field DISABLED. Lambda = 0.000000e+00
INPUT_READ: ridder_freeze_phi = 0 _TRUE_=1 (after class_read_flag)
DEBUG: Ridder field DISABLED. Lambda = 0.000000e+00, model_type not set to unified
BACKGROUND_INIT ENTERED: Lambda=0.00e+00
DEBUG BG_INIT ENTRY: model_type=0
DEBUG AFTER CHECKS: model_type=0 has_ridder=0
RIDDER DEBUG (background_init): has_ridder=0, Lambda_EDE_r[mcmc] Progress @ 2025-11-27 03:01:20 : 10483 steps taken, and 1184 accepted.
idder=0.000000e+00, f_axion_ridder=1.000000e+16, theta_i_ridder=2.500000e+00, beta_ridder=0.000000e+00
BG_INIT: entering background_checks
BG_INIT: background_checks OK
DEBUG SHOOTING CHECK: has_ridder=0, model_type=0 (unified=1), use_shooting_EDE=0
BG_INIT: entering background_solve
BACKGROUND_SOLVE ENTERED: has_ridder=0 Lambda=0.00e+00
ABOUT TO INTEGRATE: bi_size=5 has_ridder=0 Lambda=0.00e+00
BG_INIT: background_solve OK
INPUT_READ: ridder_freeze_phi = 0 _TRUE_=1 (after class_read_flag)
DEBUG: Ridder field DISABLED. Lambda = 0.000000e+00
INPUT_READ: ridder_freeze_phi = 0 _TRUE_=1 (after class_read_flag)
DEBUG: Ridder field DISABLED. Lambda = 0.000000e+00, model_type not set to unified
BACKGROUND_INIT ENTERED: Lambda=0.00e+00
DEBUG BG_INIT ENTRY: model_type=0
DEBUG AFTER CHECKS: model_type=0 has_ridder=0
RIDDER DEBUG (background_init): has_ridder=0, Lambda_EDE_ridder=0.000000e+00, f_axion_ridder=1.000000e+16, theta_i_ridder=2.500000e+00, beta_ridder=0.000000e+00
BG_INIT: entering background_checks
BG_INIT: background_checks OK
DEBUG SHOOTING CHECK: has_ridder=0, model_type=0 (unified=1), use_shooting_EDE=0
BG_INIT: entering background_solve
BACKGROUND_SOLVE ENTERED: has_ridder=0 Lambda=0.00e+00
ABOUT TO INTEGRATE: bi_size=5 has_ridder=0 Lambda=0.00e+00
DERIVS_ENTRY: call#=1950000 has_ridder=0 Lambda=0.00e+00 a=1.06e-10
BG_INIT: background_solve OK
INPUT_READ: ridder_freeze_phi = 0 _TRUE_=1 (after class_read_flag)
DEBUG: Ridder field DISABLED. Lambda = 0.000000e+00
INPUT_READ: ridder_freeze_phi = 0 _TRUE_=1 (after class_read_flag)
DEBUG: Ridder field DISABLED. Lambda = 0.000000e+00, model_type not set to unified
BACKGROUND_INIT ENTERED: Lambda=0.00e+00
DEBUG BG_INIT ENTRY: model_type=0
DEBUG AFTER CHECKS: model_type=0 has_ridder=0
RIDDER DEBUG (background_init): has_ridder=0, Lambda_EDE_ridder=0.000000e+00, f_axion_ridder=1.000000e+16, theta_i_ridder=2.500000e+00, beta_ridder=0.000000e+00
BG_INIT: entering background_checks
BG_INIT: background_checks OK
DEBUG SHOOTING CHECK: has_ridder=0, model_type=0 (unified=1), use_shooting_EDE=0
BG_INIT: entering background_solve
BACKGROUND_SOLVE ENTERED: has_ridder=0 Lambda=0.00e+00
ABOUT TO INTEGRATE: bi_size=5 has_ridder=0 Lambda=0.00e+00
DERIVS_ENTRY: call#=1955000 has_ridder=0 Lambda=0.00e+00 a=5.18e-06
BG_INIT: background_solve OK
INPUT_READ: ridder_freeze_phi = 0 _TRUE_=1 (after class_read_flag)
DEBUG: Ridder field DISABLED. Lambda = 0.000000e+00
INPUT_READ: ridder_freeze_phi = 0 _TRUE_=1 (after class_read_flag)
DEBUG: Ridder field DISABLED. Lambda = 0.000000e+00, model_type not set to unified
BACKGROUND_INIT ENTERED: Lambda=0.00e+00
DEBUG BG_INIT ENTRY: model_type=0
DEBUG AFTER CHECKS: model_type=0 has_ridder=0
RIDDER DEBUG (background_init): has_ridder=0, Lambda_EDE_ridder=0.000000e+00, f_axion_ridder=1.000000e+16, theta_i_ridder=2.500000e+00, beta_ridder=0.000000e+00
BG_INIT: entering background_checks
BG_INIT: background_checks OK
DEBUG SHOOTING CHECK: has_ridder=0, model_type=0 (unified=1), use_shooting_EDE=0
BG_INIT: entering background_solve
BACKGROUND_SOLVE ENTERED: has_ridder=0 Lambda=0.00e+00
ABOUT TO INTEGRATE: bi_size=5 has_ridder=0 Lambda=0.00e+00
BG_INIT: background_solve OK
INPUT_READ: ridder_freeze_phi = 0 _TRUE_=1 (after class_read_flag)
DEBUG: Ridder field DISABLED. Lambda = 0.000000e+00
INPUT_READ: ridder_freeze_phi = 0 _TRUE_=1 (after class_read_flag)
DEBUG: Ridder field DISABLED. Lambda = 0.000000e+00, model_type not set to unified
BACKGROUND_INIT ENTERED: Lambda=0.00e+00
DEBUG BG_INIT ENTRY: model_type=0
DEBUG AFTER CHECKS: model_type=0 has_ridder=0
RIDDER DEBUG (background_init): has_ridder=0, Lambda_EDE_ridder=0.000000e+00, f_axion_ridder=1.000000e+16, theta_i_ridder=2.500000e+00, beta_ridder=0.000000e+00
BG_INIT: entering background_checks
BG_INIT: background_checks OK
DEBUG SHOOTING CHECK: has_ridder=0, model_type=0 (unified=1), use_shooting_EDE=0
BG_INIT: entering background_solve
BACKGROUND_SOLVE ENTERED: has_ridder=0 Lambda=0.00e+00
ABOUT TO INTEGRATE: bi_size=5 has_ridder=0 Lambda=0.00e+00
DERIVS_ENTRY: call#=1960000 has_ridder=0 Lambda=0.00e+00 [mcmc] Progress @ 2025-11-27 03:02:33 : 10575 steps taken, and 1204 accepted.
[mcmc] Progress @ 2025-11-27 03:03:33 : 10633 steps taken, and 1217 accepted.
a=1.61e-12
BG_INIT: background_solve OK
INPUT_READ: ridder_freeze_phi = 0 _TRUE_=1 (after class_read_flag)
DEBUG: Ridder field DISABLED. Lambda = 0.000000e+00
INPUT_READ: ridder_freeze_phi = 0 _TRUE_=1 (after class_read_flag)
DEBUG: Ridder field DISABLED. Lambda = 0.000000e+00, model_type not set to unified
BACKGROUND_INIT ENTERED: Lambda=0.00e+00
DEBUG BG_INIT ENTRY: model_type=0
DEBUG AFTER CHECKS: model_type=0 has_ridder=0
RIDDER DEBUG (background_init): has_ridder=0, Lambda_EDE_ridder=0.000000e+00, f_axion_ridder=1.000000e+16, theta_i_ridder=2.500000e+00, beta_ridder=0.000000e+00
BG_INIT: entering background_checks
BG_INIT: background_checks OK
DEBUG SHOOTING CHECK: has_ridder=0, model_type=0 (unified=1), use_shooting_EDE=0
BG_INIT: entering background_solve
BACKGROUND_SOLVE ENTERED: has_ridder=0 Lambda=0.00e+00
ABOUT TO INTEGRATE: bi_size=5 has_ridder=0 Lambda=0.00e+00
DERIVS_ENTRY: call#=1965000 has_ridder=0 Lambda=0.00e+00 a=7.67e-07
BG_INIT: background_solve OK
INPUT_READ: ridder_freeze_phi = 0 _TRUE_=1 (after class_read_flag)
DEBUG: Ridder field DISABLED. Lambda = 0.000000e+00
INPUT_READ: ridder_freeze_phi = 0 _TRUE_=1 (after class_read_flag)
DEBUG: Ridder field DISABLED. Lambda = 0.000000e+00, model_type not set to unified
BACKGROUND_INIT ENTERED: Lambda=0.00e+00
DEBUG BG_INIT ENTRY: model_type=0
DEBUG AFTER CHECKS: model_type=0 has_ridder=0
RIDDER DEBUG (background_init): has_ridder=0, Lambda_EDE_ridder=0.000000e+00, f_axion_ridder=1.000000e+16, theta_i_ridder=2.500000e+00, beta_ridder=0.000000e+00
BG_INIT: entering background_checks
BG_INIT: background_checks OK
DEBUG SHOOTING CHECK: has_ridder=0, model_type=0 (unified=1), use_shooting_EDE=0
BG_INIT: entering background_solve
BACKGROUND_SOLVE ENTERED: has_ridder=0 Lambda=0.00e+00
ABOUT TO INTEGRATE: bi_size=5 has_ridder=0 Lambda=0.00e+00
BG_INIT: background_solve OK
INPUT_READ: ridder_freeze_phi = 0 _TRUE_=1 (after class_read_flag)
DEBUG: Ridder field DISABLED. Lambda = 0.000000e+00
INPUT_READ: ridder_freeze_phi = 0 _TRUE_=1 (after class_read_flag)
DEBUG: Ridder field DISABLED. Lambda = 0.000000e+00, model_type not set to unified
BACKGROUND_INIT ENTERED: Lambda=0.00e+00
DEBUG BG_INIT ENTRY: model_type=0
DEBUG AFTER CHECKS: model_type=0 has_ridder=0
RIDDER DEBUG (background_init): has_ridder=0, Lambda_EDE_ridder=0.000000e+00, f_axion_ridder=1.000000e+16, theta_i_ridder=2.500000e+00, beta_ridder=0.000000e+00
BG_INIT: entering background_checks
BG_INIT: background_checks OK
DEBUG SHOOTING CHECK: has_ridder=0, model_type=0 (unified=1), use_shooting_EDE=0
BG_INIT: entering background_solve
BACKGROUND_SOLVE ENTERED: has_ridder=0 Lambda=0.00e+00
ABOUT TO INTEGRATE: bi_size=5 has_ridder=0 Lambda=0.00e+00
DERIVS_ENTRY: call#=1970000 has_ridder=0 Lambda=0.00e+00 a=1.00e-14
BG_INIT: background_solve OK
INPUT_READ: ridder_freeze_phi = 0 _TRUE_=1 (after class_read_flag)
DEBUG: Ridder field DISABLED. Lambda = 0.000000e+00
INPUT_READ: ridder_freeze_phi = 0 _TRUE_=1 (after class_read_flag)
DEBUG: Ridder field DISABLED. Lambda = 0.000000e+00, model_type not set to unified
BACKGROUND_INIT ENTERED: Lambda=0.00e+00
DEBUG BG_INIT ENTRY: model_type=0
DEBUG AFTER CHECKS: model_type=0 has_ridder=0
RIDDER DEBUG (background_init): has_ridder=0, Lambda_EDE_ridder=0.000000e+00, f_axion_ridder=1.000000e+16, theta_i_ridder=2.500000e+00, beta_ridder=0.000000e+00
BG_INIT: entering background_checks
BG_INIT: background_checks OK
DEBUG SHOOTING CHECK: has_ridder=0, model_type=0 (unified=1), use_shooting_EDE=0
BG_INIT: entering background_solve
BACKGROUND_SOLVE ENTERED: has_ridder=0 Lambda=0.00e+00
ABOUT TO INTEGRATE: bi_size=5 has_ridder=0 Lambda=0.00e+00
DERIVS_ENTRY: call#=1975000 has_ridder=0 Lambda=0.00e+00 a=1.14e-07
BG_INIT: background_solve OK
INPUT_READ: ridder_freeze_phi = 0 _TRUE_=1 (after class_read_flag)
DEBUG: Ridder field DISABLED. Lambda = 0.000000e+00
INPUT_READ: ridder_freeze_phi = 0 _TRUE_=1 (after class_read_flag)
DEBUG: Ridder field DISABLED. Lambda = 0.000000e+00, model_type not set to unified
BACKGROUND_INIT ENTERED: Lambda=0.00e+00
DEBUG BG_INIT ENTRY: model_type=0
DEBU[mcmc] Progress @ 2025-11-27 03:04:34 : 10670 steps taken, and 1224 accepted.
G AFTER CHECKS: model_type=0 has_ridder=0
RIDDER DEBUG (background_init): has_ridder=0, Lambda_EDE_ridder=0.000000e+00, f_axion_ridder=1.000000e+16, theta_i_ridder=2.500000e+00, beta_ridder=0.000000e+00
BG_INIT: entering background_checks
BG_INIT: background_checks OK
DEBUG SHOOTING CHECK: has_ridder=0, model_type=0 (unified=1), use_shooting_EDE=0
BG_INIT: entering background_solve
BACKGROUND_SOLVE ENTERED: has_ridder=0 Lambda=0.00e+00
ABOUT TO INTEGRATE: bi_size=5 has_ridder=0 Lambda=0.00e+00
DERIVS_ENTRY: call#=1980000 has_ridder=0 Lambda=0.00e+00 a=1.57e-01
BG_INIT: background_solve OK
INPUT_READ: ridder_freeze_phi = 0 _TRUE_=1 (after class_read_flag)
DEBUG: Ridder field DISABLED. Lambda = 0.000000e+00
INPUT_READ: ridder_freeze_phi = 0 _TRUE_=1 (after class_read_flag)
DEBUG: Ridder field DISABLED. Lambda = 0.000000e+00, model_type not set to unified
BACKGROUND_INIT ENTERED: Lambda=0.00e+00
DEBUG BG_INIT ENTRY: model_type=0
DEBUG AFTER CHECKS: model_type=0 has_ridder=0
RIDDER DEBUG (background_init): has_ridder=0, Lambda_EDE_ridder=0.000000e+00, f_axion_ridder=1.000000e+16, theta_i_ridder=2.500000e+00, beta_ridder=0.000000e+00
BG_INIT: entering background_checks
BG_INIT: background_checks OK
DEBUG SHOOTING CHECK: has_ridder=0, model_type=0 (unified=1), use_shooting_EDE=0
BG_INIT: entering background_solve
BACKGROUND_SOLVE ENTERED: has_ridder=0 Lambda=0.00e+00
ABOUT TO INTEGRATE: bi_size=5 has_ridder=0 Lambda=0.00e+00
BG_INIT: background_solve OK
INPUT_READ: ridder_freeze_phi = 0 _TRUE_=1 (after class_read_flag)
DEBUG: Ridder field DISABLED. Lambda = 0.000000e+00
INPUT_READ: ridder_freeze_phi = 0 _TRUE_=1 (after class_read_flag)
DEBUG: Ridder field DISABLED. Lambda = 0.000000e+00, model_type not set to unified
BACKGROUND_INIT ENTERED: Lambda=0.00e+00
DEBUG BG_INIT ENTRY: model_type=0
DEBUG AFTER CHECKS: model_type=0 has_ridder=0
RIDDER DEBUG (background_init): has_ridder=0, Lambda_EDE_ridder=0.000000e+00, f_axion_ridder=1.000000e+16, theta_i_ridder=2.500000e+00, beta_ridder=0.000000e+00
BG_INIT: entering background_checks
BG_INIT: background_checks OK
DEBUG SHOOTING CHECK: has_ridder=0, model_type=0 (unified=1), use_shooting_EDE=0
BG_INIT: entering background_solve
BACKGROUND_SOLVE ENTERED: has_ridder=0 Lambda=0.00e+00
ABOUT TO INTEGRATE: bi_size=5 has_ridder=0 Lambda=0.00e+00
DERIVS_ENTRY: call#=1985000 has_ridder=0 Lambda=0.00e+00 a=1.71e-08
BG_INIT: background_solve OK
INPUT_READ: ridder_freeze_phi = 0 _TRUE_=1 (after class_read_flag)
DEBUG: Ridder field DISABLED. Lambda = 0.000000e+00
INPUT_READ: ridder_freeze_phi = 0 _TRUE_=1 (after class_read_flag)
DEBUG: Ridder field DISABLED. Lambda = 0.000000e+00, model_type not set to unified
BACKGROUND_INIT ENTERED: Lambda=0.00e+00
DEBUG BG_INIT ENTRY: model_type=0
DEBUG AFTER CHECKS: model_type=0 has_ridder=0
RIDDER DEBUG (background_init): has_ridder=0, Lambda_EDE_ridder=0.000000e+00, f_axion_ridder=1.000000e+16, theta_i_ridder=2.500000e+00, beta_ridder=0.000000e+00
BG_INIT: entering background_checks
BG_INIT: background_checks OK
DEBUG SHOOTING CHECK: has_ridder=0, model_type=0 (unified=1), use_shooting_EDE=0
BG_INIT: entering background_solve
BACKGROUND_SOLVE ENTERED: has_ridder=0 Lambda=0.00e+00
ABOUT TO INTEGRATE: bi_size=5 has_ridder=0 Lambda=0.00e+00
DERIVS_ENTRY: call#=1990000 has_ridder=0 Lambda=0.00e+00 a=3.72e-03
BG_INIT: background_solve OK
INPUT_READ: ridder_freeze_phi = 0 _TRUE_=1 (after class_read_flag)
DEBUG: Ridder field DISABLED. Lambda = 0.000000e+00
INPUT_READ: ridder_freeze_phi = 0 _TRUE_=1 (after class_read_flag)
DEBUG: Ridder field DISABLED. Lambda = 0.000000e+00, model_type not set to unified
BACKGROUND_INIT ENTERED: Lambda=0.00e+00
DEBUG BG_INIT ENTRY: model_type=0
DEBUG AFTER CHECKS: model_type=0 has_ridder=0
RIDDER DEBUG (background_init): has_ridder=0, Lambda_EDE_ridder=0.000000e+00, f_axion_ridder=1.000000e+16, theta_i_ridder=2.500000e+00, beta_ridder=0.000000e+00
BG_INIT: entering background_checks
BG_INIT: background_checks OK
DEBUG SHOOTING CHECK: has_ridder=0, model_type=0 (unified=1), use_shooting_EDE=0
BG_INIT: entering background_solve
BAC[mcmc] Progress @ 2025-11-27 03:05:44 : 10734 steps taken, and 1238 accepted.
[mcmc] Progress @ 2025-11-27 03:06:53 : 10831 steps taken, and 1258 accepted.
KGROUND_SOLVE ENTERED: has_ridder=0 Lambda=0.00e+00
ABOUT TO INTEGRATE: bi_size=5 has_ridder=0 Lambda=0.00e+00
BG_INIT: background_solve OK
INPUT_READ: ridder_freeze_phi = 0 _TRUE_=1 (after class_read_flag)
DEBUG: Ridder field DISABLED. Lambda = 0.000000e+00
INPUT_READ: ridder_freeze_phi = 0 _TRUE_=1 (after class_read_flag)
DEBUG: Ridder field DISABLED. Lambda = 0.000000e+00, model_type not set to unified
BACKGROUND_INIT ENTERED: Lambda=0.00e+00
DEBUG BG_INIT ENTRY: model_type=0
DEBUG AFTER CHECKS: model_type=0 has_ridder=0
RIDDER DEBUG (background_init): has_ridder=0, Lambda_EDE_ridder=0.000000e+00, f_axion_ridder=1.000000e+16, theta_i_ridder=2.500000e+00, beta_ridder=0.000000e+00
BG_INIT: entering background_checks
BG_INIT: background_checks OK
DEBUG SHOOTING CHECK: has_ridder=0, model_type=0 (unified=1), use_shooting_EDE=0
BG_INIT: entering background_solve
BACKGROUND_SOLVE ENTERED: has_ridder=0 Lambda=0.00e+00
ABOUT TO INTEGRATE: bi_size=5 has_ridder=0 Lambda=0.00e+00
DERIVS_ENTRY: call#=1995000 has_ridder=0 Lambda=0.00e+00 a=2.52e-09
BG_INIT: background_solve OK
INPUT_READ: ridder_freeze_phi = 0 _TRUE_=1 (after class_read_flag)
DEBUG: Ridder field DISABLED. Lambda = 0.000000e+00
INPUT_READ: ridder_freeze_phi = 0 _TRUE_=1 (after class_read_flag)
DEBUG: Ridder field DISABLED. Lambda = 0.000000e+00, model_type not set to unified
BACKGROUND_INIT ENTERED: Lambda=0.00e+00
DEBUG BG_INIT ENTRY: model_type=0
DEBUG AFTER CHECKS: model_type=0 has_ridder=0
RIDDER DEBUG (background_init): has_ridder=0, Lambda_EDE_ridder=0.000000e+00, f_axion_ridder=1.000000e+16, theta_i_ridder=2.500000e+00, beta_ridder=0.000000e+00
BG_INIT: entering background_checks
BG_INIT: background_checks OK
DEBUG SHOOTING CHECK: has_ridder=0, model_type=0 (unified=1), use_shooting_EDE=0
BG_INIT: entering background_solve
BACKGROUND_SOLVE ENTERED: has_ridder=0 Lambda=0.00e+00
ABOUT TO INTEGRATE: bi_size=5 has_ridder=0 Lambda=0.00e+00
DERIVS_ENTRY: call#=2000000 has_ridder=0 Lambda=0.00e+00 a=1.24e-04
BG_INIT: background_solve OK
INPUT_READ: ridder_freeze_phi = 0 _TRUE_=1 (after class_read_flag)
DEBUG: Ridder field DISABLED. Lambda = 0.000000e+00
INPUT_READ: ridder_freeze_phi = 0 _TRUE_=1 (after class_read_flag)
DEBUG: Ridder field DISABLED. Lambda = 0.000000e+00, model_type not set to unified
BACKGROUND_INIT ENTERED: Lambda=0.00e+00
DEBUG BG_INIT ENTRY: model_type=0
DEBUG AFTER CHECKS: model_type=0 has_ridder=0
RIDDER DEBUG (background_init): has_ridder=0, Lambda_EDE_ridder=0.000000e+00, f_axion_ridder=1.000000e+16, theta_i_ridder=2.500000e+00, beta_ridder=0.000000e+00
BG_INIT: entering background_checks
BG_INIT: background_checks OK
DEBUG SHOOTING CHECK: has_ridder=0, model_type=0 (unified=1), use_shooting_EDE=0
BG_INIT: entering background_solve
BACKGROUND_SOLVE ENTERED: has_ridder=0 Lambda=0.00e+00
ABOUT TO INTEGRATE: bi_size=5 has_ridder=0 Lambda=0.00e+00
BG_INIT: background_solve OK
INPUT_READ: ridder_freeze_phi = 0 _TRUE_=1 (after class_read_flag)
DEBUG: Ridder field DISABLED. Lambda = 0.000000e+00
INPUT_READ: ridder_freeze_phi = 0 _TRUE_=1 (after class_read_flag)
DEBUG: Ridder field DISABLED. Lambda = 0.000000e+00, model_type not set to unified
BACKGROUND_INIT ENTERED: Lambda=0.00e+00
DEBUG BG_INIT ENTRY: model_type=0
DEBUG AFTER CHECKS: model_type=0 has_ridder=0
RIDDER DEBUG (background_init): has_ridder=0, Lambda_EDE_ridder=0.000000e+00, f_axion_ridder=1.000000e+16, theta_i_ridder=2.500000e+00, beta_ridder=0.000000e+00
BG_INIT: entering background_checks
BG_INIT: background_checks OK
DEBUG SHOOTING CHECK: has_ridder=0, model_type=0 (unified=1), use_shooting_EDE=0
BG_INIT: entering background_solve
BACKGROUND_SOLVE ENTERED: has_ridder=0 Lambda=0.00e+00
ABOUT TO INTEGRATE: bi_size=5 has_ridder=0 Lambda=0.00e+00
DERIVS_ENTRY: call#=2005000 has_ridder=0 Lambda=0.00e+00 a=3.64e-10
BG_INIT: background_solve OK
INPUT_READ: ridder_freeze_phi = 0 _TRUE_=1 (after class_read_flag)
DEBUG: Ridder field DISABLED. Lambda = 0.000000e+00
INPUT_READ: ridder_freeze_phi = 0 _TRUE_=1 (after class_read_flag)
DEBUG: Ridder field DISABLED. Lambda = 0.000000e+00, model_typ[mcmc] Progress @ 2025-11-27 03:07:53 : 10881 steps taken, and 1271 accepted.
[mcmc] Progress @ 2025-11-27 03:09:02 : 10949 steps taken, and 1285 accepted.
e not set to unified
BACKGROUND_INIT ENTERED: Lambda=0.00e+00
DEBUG BG_INIT ENTRY: model_type=0
DEBUG AFTER CHECKS: model_type=0 has_ridder=0
RIDDER DEBUG (background_init): has_ridder=0, Lambda_EDE_ridder=0.000000e+00, f_axion_ridder=1.000000e+16, theta_i_ridder=2.500000e+00, beta_ridder=0.000000e+00
BG_INIT: entering background_checks
BG_INIT: background_checks OK
DEBUG SHOOTING CHECK: has_ridder=0, model_type=0 (unified=1), use_shooting_EDE=0
BG_INIT: entering background_solve
BACKGROUND_SOLVE ENTERED: has_ridder=0 Lambda=0.00e+00
ABOUT TO INTEGRATE: bi_size=5 has_ridder=0 Lambda=0.00e+00
DERIVS_ENTRY: call#=2010000 has_ridder=0 Lambda=0.00e+00 a=1.79e-05
BG_INIT: background_solve OK
INPUT_READ: ridder_freeze_phi = 0 _TRUE_=1 (after class_read_flag)
DEBUG: Ridder field DISABLED. Lambda = 0.000000e+00
INPUT_READ: ridder_freeze_phi = 0 _TRUE_=1 (after class_read_flag)
DEBUG: Ridder field DISABLED. Lambda = 0.000000e+00, model_type not set to unified
BACKGROUND_INIT ENTERED: Lambda=0.00e+00
DEBUG BG_INIT ENTRY: model_type=0
DEBUG AFTER CHECKS: model_type=0 has_ridder=0
RIDDER DEBUG (background_init): has_ridder=0, Lambda_EDE_ridder=0.000000e+00, f_axion_ridder=1.000000e+16, theta_i_ridder=2.500000e+00, beta_ridder=0.000000e+00
BG_INIT: entering background_checks
BG_INIT: background_checks OK
DEBUG SHOOTING CHECK: has_ridder=0, model_type=0 (unified=1), use_shooting_EDE=0
BG_INIT: entering background_solve
BACKGROUND_SOLVE ENTERED: has_ridder=0 Lambda=0.00e+00
ABOUT TO INTEGRATE: bi_size=5 has_ridder=0 Lambda=0.00e+00
BG_INIT: background_solve OK
INPUT_READ: ridder_freeze_phi = 0 _TRUE_=1 (after class_read_flag)
DEBUG: Ridder field DISABLED. Lambda = 0.000000e+00
INPUT_READ: ridder_freeze_phi = 0 _TRUE_=1 (after class_read_flag)
DEBUG: Ridder field DISABLED. Lambda = 0.000000e+00, model_type not set to unified
BACKGROUND_INIT ENTERED: Lambda=0.00e+00
DEBUG BG_INIT ENTRY: model_type=0
DEBUG AFTER CHECKS: model_type=0 has_ridder=0
RIDDER DEBUG (background_init): has_ridder=0, Lambda_EDE_ridder=0.000000e+00, f_axion_ridder=1.000000e+16, theta_i_ridder=2.500000e+00, beta_ridder=0.000000e+00
BG_INIT: entering background_checks
BG_INIT: background_checks OK
DEBUG SHOOTING CHECK: has_ridder=0, model_type=0 (unified=1), use_shooting_EDE=0
BG_INIT: entering background_solve
BACKGROUND_SOLVE ENTERED: has_ridder=0 Lambda=0.00e+00
ABOUT TO INTEGRATE: bi_size=5 has_ridder=0 Lambda=0.00e+00
DERIVS_ENTRY: call#=2015000 has_ridder=0 Lambda=0.00e+00 a=5.24e-11
BG_INIT: background_solve OK
INPUT_READ: ridder_freeze_phi = 0 _TRUE_=1 (after class_read_flag)
DEBUG: Ridder field DISABLED. Lambda = 0.000000e+00
INPUT_READ: ridder_freeze_phi = 0 _TRUE_=1 (after class_read_flag)
DEBUG: Ridder field DISABLED. Lambda = 0.000000e+00, model_type not set to unified
BACKGROUND_INIT ENTERED: Lambda=0.00e+00
DEBUG BG_INIT ENTRY: model_type=0
DEBUG AFTER CHECKS: model_type=0 has_ridder=0
RIDDER DEBUG (background_init): has_ridder=0, Lambda_EDE_ridder=0.000000e+00, f_axion_ridder=1.000000e+16, theta_i_ridder=2.500000e+00, beta_ridder=0.000000e+00
BG_INIT: entering background_checks
BG_INIT: background_checks OK
DEBUG SHOOTING CHECK: has_ridder=0, model_type=0 (unified=1), use_shooting_EDE=0
BG_INIT: entering background_solve
BACKGROUND_SOLVE ENTERED: has_ridder=0 Lambda=0.00e+00
ABOUT TO INTEGRATE: bi_size=5 has_ridder=0 Lambda=0.00e+00
DERIVS_ENTRY: call#=2020000 has_ridder=0 Lambda=0.00e+00 a=2.57e-06
BG_INIT: background_solve OK
INPUT_READ: ridder_freeze_phi = 0 _TRUE_=1 (after class_read_flag)
DEBUG: Ridder field DISABLED. Lambda = 0.000000e+00
INPUT_READ: ridder_freeze_phi = 0 _TRUE_=1 (after class_read_flag)
DEBUG: Ridder field DISABLED. Lambda = 0.000000e+00, model_type not set to unified
BACKGROUND_INIT ENTERED: Lambda=0.00e+00
DEBUG BG_INIT ENTRY: model_type=0
DEBUG AFTER CHECKS: model_type=0 has_ridder=0
RIDDER DEBUG (background_init): has_ridder=0, Lambda_EDE_ridder=0.000000e+00, f_axion_ridder=1.000000e+16, theta_i_ridder=2.500000e+00, beta_ridder=0.000000e+00
BG_INIT: entering background_checks
BG_INIT: background_checks OK
DEBUG SHOOTING CHEC[mcmc] Progress @ 2025-11-27 03:10:10 : 10984 steps taken, and 1293 accepted.
[mcmc] Progress @ 2025-11-27 03:11:13 : 11027 steps taken, and 1300 accepted.
K: has_ridder=0, model_type=0 (unified=1), use_shooting_EDE=0
BG_INIT: entering background_solve
BACKGROUND_SOLVE ENTERED: has_ridder=0 Lambda=0.00e+00
ABOUT TO INTEGRATE: bi_size=5 has_ridder=0 Lambda=0.00e+00
BG_INIT: background_solve OK
INPUT_READ: ridder_freeze_phi = 0 _TRUE_=1 (after class_read_flag)
DEBUG: Ridder field DISABLED. Lambda = 0.000000e+00
INPUT_READ: ridder_freeze_phi = 0 _TRUE_=1 (after class_read_flag)
DEBUG: Ridder field DISABLED. Lambda = 0.000000e+00, model_type not set to unified
BACKGROUND_INIT ENTERED: Lambda=0.00e+00
DEBUG BG_INIT ENTRY: model_type=0
DEBUG AFTER CHECKS: model_type=0 has_ridder=0
RIDDER DEBUG (background_init): has_ridder=0, Lambda_EDE_ridder=0.000000e+00, f_axion_ridder=1.000000e+16, theta_i_ridder=2.500000e+00, beta_ridder=0.000000e+00
BG_INIT: entering background_checks
BG_INIT: background_checks OK
DEBUG SHOOTING CHECK: has_ridder=0, model_type=0 (unified=1), use_shooting_EDE=0
BG_INIT: entering background_solve
BACKGROUND_SOLVE ENTERED: has_ridder=0 Lambda=0.00e+00
ABOUT TO INTEGRATE: bi_size=5 has_ridder=0 Lambda=0.00e+00
DERIVS_ENTRY: call#=2025000 has_ridder=0 Lambda=0.00e+00 a=1.26e-13
BG_INIT: background_solve OK
INPUT_READ: ridder_freeze_phi = 0 _TRUE_=1 (after class_read_flag)
DEBUG: Ridder field DISABLED. Lambda = 0.000000e+00
INPUT_READ: ridder_freeze_phi = 0 _TRUE_=1 (after class_read_flag)
DEBUG: Ridder field DISABLED. Lambda = 0.000000e+00, model_type not set to unified
BACKGROUND_INIT ENTERED: Lambda=0.00e+00
DEBUG BG_INIT ENTRY: model_type=0
DEBUG AFTER CHECKS: model_type=0 has_ridder=0
RIDDER DEBUG (background_init): has_ridder=0, Lambda_EDE_ridder=0.000000e+00, f_axion_ridder=1.000000e+16, theta_i_ridder=2.500000e+00, beta_ridder=0.000000e+00
BG_INIT: entering background_checks
BG_INIT: background_checks OK
DEBUG SHOOTING CHECK: has_ridder=0, model_type=0 (unified=1), use_shooting_EDE=0
BG_INIT: entering background_solve
BACKGROUND_SOLVE ENTERED: has_ridder=0 Lambda=0.00e+00
ABOUT TO INTEGRATE: bi_size=5 has_ridder=0 Lambda=0.00e+00
DERIVS_ENTRY: call#=2030000 has_ridder=0 Lambda=0.00e+00 a=3.70e-07
BG_INIT: background_solve OK
INPUT_READ: ridder_freeze_phi = 0 _TRUE_=1 (after class_read_flag)
DEBUG: Ridder field DISABLED. Lambda = 0.000000e+00
INPUT_READ: ridder_freeze_phi = 0 _TRUE_=1 (after class_read_flag)
DEBUG: Ridder field DISABLED. Lambda = 0.000000e+00, model_type not set to unified
BACKGROUND_INIT ENTERED: Lambda=0.00e+00
DEBUG BG_INIT ENTRY: model_type=0
DEBUG AFTER CHECKS: model_type=0 has_ridder=0
RIDDER DEBUG (background_init): has_ridder=0, Lambda_EDE_ridder=0.000000e+00, f_axion_ridder=1.000000e+16, theta_i_ridder=2.500000e+00, beta_ridder=0.000000e+00
BG_INIT: entering background_checks
BG_INIT: background_checks OK
DEBUG SHOOTING CHECK: has_ridder=0, model_type=0 (unified=1), use_shooting_EDE=0
BG_INIT: entering background_solve
BACKGROUND_SOLVE ENTERED: has_ridder=0 Lambda=0.00e+00
ABOUT TO INTEGRATE: bi_size=5 has_ridder=0 Lambda=0.00e+00
DERIVS_ENTRY: call#=2035000 has_ridder=0 Lambda=0.00e+00 a=5.48e-01
BG_INIT: background_solve OK
INPUT_READ: ridder_freeze_phi = 0 _TRUE_=1 (after class_read_flag)
DEBUG: Ridder field DISABLED. Lambda = 0.000000e+00
INPUT_READ: ridder_freeze_phi = 0 _TRUE_=1 (after class_read_flag)
DEBUG: Ridder field DISABLED. Lambda = 0.000000e+00, model_type not set to unified
BACKGROUND_INIT ENTERED: Lambda=0.00e+00
DEBUG BG_INIT ENTRY: model_type=0
DEBUG AFTER CHECKS: model_type=0 has_ridder=0
RIDDER DEBUG (background_init): has_ridder=0, Lambda_EDE_ridder=0.000000e+00, f_axion_ridder=1.000000e+16, theta_i_ridder=2.500000e+00, beta_ridder=0.000000e+00
BG_INIT: entering background_checks
BG_INIT: background_checks OK
DEBUG SHOOTING CHECK: has_ridder=0, model_type=0 (unified=1), use_shooting_EDE=0
BG_INIT: entering background_solve
BACKGROUND_SOLVE ENTERED: has_ridder=0 Lambda=0.00e+00
ABOUT TO INTEGRATE: bi_size=5 has_ridder=0 Lambda=0.00e+00
BG_INIT: background_solve OK
INPUT_READ: ridder_freeze_phi = 0 _TRUE_=1 (after class_read_flag)
DEBUG: Ridder field DISABLED. Lambda = 0.000000e+00
INPUT_READ: ridder_freeze_phi[mcmc] Progress @ 2025-11-27 03:12:16 : 11073 steps taken, and 1310 accepted.
 = 0 _TRUE_=1 (after class_read_flag)
DEBUG: Ridder field DISABLED. Lambda = 0.000000e+00, model_type not set to unified
BACKGROUND_INIT ENTERED: Lambda=0.00e+00
DEBUG BG_INIT ENTRY: model_type=0
DEBUG AFTER CHECKS: model_type=0 has_ridder=0
RIDDER DEBUG (background_init): has_ridder=0, Lambda_EDE_ridder=0.000000e+00, f_axion_ridder=1.000000e+16, theta_i_ridder=2.500000e+00, beta_ridder=0.000000e+00
BG_INIT: entering background_checks
BG_INIT: background_checks OK
DEBUG SHOOTING CHECK: has_ridder=0, model_type=0 (unified=1), use_shooting_EDE=0
BG_INIT: entering background_solve
BACKGROUND_SOLVE ENTERED: has_ridder=0 Lambda=0.00e+00
ABOUT TO INTEGRATE: bi_size=5 has_ridder=0 Lambda=0.00e+00
DERIVS_ENTRY: call#=2040000 has_ridder=0 Lambda=0.00e+00 a=5.34e-08
BG_INIT: background_solve OK
INPUT_READ: ridder_freeze_phi = 0 _TRUE_=1 (after class_read_flag)
DEBUG: Ridder field DISABLED. Lambda = 0.000000e+00
INPUT_READ: ridder_freeze_phi = 0 _TRUE_=1 (after class_read_flag)
DEBUG: Ridder field DISABLED. Lambda = 0.000000e+00, model_type not set to unified
BACKGROUND_INIT ENTERED: Lambda=0.00e+00
DEBUG BG_INIT ENTRY: model_type=0
DEBUG AFTER CHECKS: model_type=0 has_ridder=0
RIDDER DEBUG (background_init): has_ridder=0, Lambda_EDE_ridder=0.000000e+00, f_axion_ridder=1.000000e+16, theta_i_ridder=2.500000e+00, beta_ridder=0.000000e+00
BG_INIT: entering background_checks
BG_INIT: background_checks OK
DEBUG SHOOTING CHECK: has_ridder=0, model_type=0 (unified=1), use_shooting_EDE=0
BG_INIT: entering background_solve
BACKGROUND_SOLVE ENTERED: has_ridder=0 Lambda=0.00e+00
ABOUT TO INTEGRATE: bi_size=5 has_ridder=0 Lambda=0.00e+00
DERIVS_ENTRY: call#=2045000 has_ridder=0 Lambda=0.00e+00 a=3.86e-02
BG_INIT: background_solve OK
INPUT_READ: ridder_freeze_phi = 0 _TRUE_=1 (after class_read_flag)
DEBUG: Ridder field DISABLED. Lambda = 0.000000e+00
INPUT_READ: ridder_freeze_phi = 0 _TRUE_=1 (after class_read_flag)
DEBUG: Ridder field DISABLED. Lambda = 0.000000e+00, model_type not set to unified
BACKGROUND_INIT ENTERED: Lambda=0.00e+00
DEBUG BG_INIT ENTRY: model_type=0
DEBUG AFTER CHECKS: model_type=0 has_ridder=0
RIDDER DEBUG (background_init): has_ridder=0, Lambda_EDE_ridder=0.000000e+00, f_axion_ridder=1.000000e+16, theta_i_ridder=2.500000e+00, beta_ridder=0.000000e+00
BG_INIT: entering background_checks
BG_INIT: background_checks OK
DEBUG SHOOTING CHECK: has_ridder=0, model_type=0 (unified=1), use_shooting_EDE=0
BG_INIT: entering background_solve
BACKGROUND_SOLVE ENTERED: has_ridder=0 Lambda=0.00e+00
ABOUT TO INTEGRATE: bi_size=5 has_ridder=0 Lambda=0.00e+00
BG_INIT: background_solve OK
INPUT_READ: ridder_freeze_phi = 0 _TRUE_=1 (after class_read_flag)
DEBUG: Ridder field DISABLED. Lambda = 0.000000e+00
INPUT_READ: ridder_freeze_phi = 0 _TRUE_=1 (after class_read_flag)
DEBUG: Ridder field DISABLED. Lambda = 0.000000e+00, model_type not set to unified
BACKGROUND_INIT ENTERED: Lambda=0.00e+00
DEBUG BG_INIT ENTRY: model_type=0
DEBUG AFTER CHECKS: model_type=0 has_ridder=0
RIDDER DEBUG (background_init): has_ridder=0, Lambda_EDE_ridder=0.000000e+00, f_axion_ridder=1.000000e+16, theta_i_ridder=2.500000e+00, beta_ridder=0.000000e+00
BG_INIT: entering background_checks
BG_INIT: background_checks OK
DEBUG SHOOTING CHECK: has_ridder=0, model_type=0 (unified=1), use_shooting_EDE=0
BG_INIT: entering background_solve
BACKGROUND_SOLVE ENTERED: has_ridder=0 Lambda=0.00e+00
ABOUT TO INTEGRATE: bi_size=5 has_ridder=0 Lambda=0.00e+00
DERIVS_ENTRY: call#=2050000 has_ridder=0 Lambda=0.00e+00 a=7.79e-09
BG_INIT: background_solve OK
INPUT_READ: ridder_freeze_phi = 0 _TRUE_=1 (after class_read_flag)
DEBUG: Ridder field DISABLED. Lambda = 0.000000e+00
INPUT_READ: ridder_freeze_phi = 0 _TRUE_=1 (after class_read_flag)
DEBUG: Ridder field DISABLED. Lambda = 0.000000e+00, model_type not set to unified
BACKGROUND_INIT ENTERED: Lambda=0.00e+00
DEBUG BG_INIT ENTRY: model_type=0
DEBUG AFTER CHECKS: model_type=0 has_ridder=0
RIDDER DEBUG (background_init): has_ridder=0, Lambda_EDE_ridder=0.000000e+00, f_axion_ridder=1.000000e+16, theta_i_ridder=2.500000e+00, beta_ridde[mcmc] Progress @ 2025-11-27 03:13:23 : 11167 steps taken, and 1332 accepted.
[mcmc] Progress @ 2025-11-27 03:14:23 : 11263 steps taken, and 1354 accepted.
r=0.000000e+00
BG_INIT: entering background_checks
BG_INIT: background_checks OK
DEBUG SHOOTING CHECK: has_ridder=0, model_type=0 (unified=1), use_shooting_EDE=0
BG_INIT: entering background_solve
BACKGROUND_SOLVE ENTERED: has_ridder=0 Lambda=0.00e+00
ABOUT TO INTEGRATE: bi_size=5 has_ridder=0 Lambda=0.00e+00
DERIVS_ENTRY: call#=2055000 has_ridder=0 Lambda=0.00e+00 a=6.84e-04
BG_INIT: background_solve OK
INPUT_READ: ridder_freeze_phi = 0 _TRUE_=1 (after class_read_flag)
DEBUG: Ridder field DISABLED. Lambda = 0.000000e+00
INPUT_READ: ridder_freeze_phi = 0 _TRUE_=1 (after class_read_flag)
DEBUG: Ridder field DISABLED. Lambda = 0.000000e+00, model_type not set to unified
BACKGROUND_INIT ENTERED: Lambda=0.00e+00
DEBUG BG_INIT ENTRY: model_type=0
DEBUG AFTER CHECKS: model_type=0 has_ridder=0
RIDDER DEBUG (background_init): has_ridder=0, Lambda_EDE_ridder=0.000000e+00, f_axion_ridder=1.000000e+16, theta_i_ridder=2.500000e+00, beta_ridder=0.000000e+00
BG_INIT: entering background_checks
BG_INIT: background_checks OK
DEBUG SHOOTING CHECK: has_ridder=0, model_type=0 (unified=1), use_shooting_EDE=0
BG_INIT: entering background_solve
BACKGROUND_SOLVE ENTERED: has_ridder=0 Lambda=0.00e+00
ABOUT TO INTEGRATE: bi_size=5 has_ridder=0 Lambda=0.00e+00
BG_INIT: background_solve OK
INPUT_READ: ridder_freeze_phi = 0 _TRUE_=1 (after class_read_flag)
DEBUG: Ridder field DISABLED. Lambda = 0.000000e+00
INPUT_READ: ridder_freeze_phi = 0 _TRUE_=1 (after class_read_flag)
DEBUG: Ridder field DISABLED. Lambda = 0.000000e+00, model_type not set to unified
BACKGROUND_INIT ENTERED: Lambda=0.00e+00
DEBUG BG_INIT ENTRY: model_type=0
DEBUG AFTER CHECKS: model_type=0 has_ridder=0
RIDDER DEBUG (background_init): has_ridder=0, Lambda_EDE_ridder=0.000000e+00, f_axion_ridder=1.000000e+16, theta_i_ridder=2.500000e+00, beta_ridder=0.000000e+00
BG_INIT: entering background_checks
BG_INIT: background_checks OK
DEBUG SHOOTING CHECK: has_ridder=0, model_type=0 (unified=1), use_shooting_EDE=0
BG_INIT: entering background_solve
BACKGROUND_SOLVE ENTERED: has_ridder=0 Lambda=0.00e+00
ABOUT TO INTEGRATE: bi_size=5 has_ridder=0 Lambda=0.00e+00
DERIVS_ENTRY: call#=2060000 has_ridder=0 Lambda=0.00e+00 a=1.12e-09
BG_INIT: background_solve OK
INPUT_READ: ridder_freeze_phi = 0 _TRUE_=1 (after class_read_flag)
DEBUG: Ridder field DISABLED. Lambda = 0.000000e+00
INPUT_READ: ridder_freeze_phi = 0 _TRUE_=1 (after class_read_flag)
DEBUG: Ridder field DISABLED. Lambda = 0.000000e+00, model_type not set to unified
BACKGROUND_INIT ENTERED: Lambda=0.00e+00
DEBUG BG_INIT ENTRY: model_type=0
DEBUG AFTER CHECKS: model_type=0 has_ridder=0
RIDDER DEBUG (background_init): has_ridder=0, Lambda_EDE_ridder=0.000000e+00, f_axion_ridder=1.000000e+16, theta_i_ridder=2.500000e+00, beta_ridder=0.000000e+00
BG_INIT: entering background_checks
BG_INIT: background_checks OK
DEBUG SHOOTING CHECK: has_ridder=0, model_type=0 (unified=1), use_shooting_EDE=0
BG_INIT: entering background_solve
BACKGROUND_SOLVE ENTERED: has_ridder=0 Lambda=0.00e+00
ABOUT TO INTEGRATE: bi_size=5 has_ridder=0 Lambda=0.00e+00
DERIVS_ENTRY: call#=2065000 has_ridder=0 Lambda=0.00e+00 a=5.51e-05
BG_INIT: background_solve OK
INPUT_READ: ridder_freeze_phi = 0 _TRUE_=1 (after class_read_flag)
DEBUG: Ridder field DISABLED. Lambda = 0.000000e+00
INPUT_READ: ridder_freeze_phi = 0 _TRUE_=1 (after class_read_flag)
DEBUG: Ridder field DISABLED. Lambda = 0.000000e+00, model_type not set to unified
BACKGROUND_INIT ENTERED: Lambda=0.00e+00
DEBUG BG_INIT ENTRY: model_type=0
DEBUG AFTER CHECKS: model_type=0 has_ridder=0
RIDDER DEBUG (background_init): has_ridder=0, Lambda_EDE_ridder=0.000000e+00, f_axion_ridder=1.000000e+16, theta_i_ridder=2.500000e+00, beta_ridder=0.000000e+00
BG_INIT: entering background_checks
BG_INIT: background_checks OK
DEBUG SHOOTING CHECK: has_ridder=0, model_type=0 (unified=1), use_shooting_EDE=0
BG_INIT: entering background_solve
BACKGROUND_SOLVE ENTERED: has_ridder=0 Lambda=0.00e+00
ABOUT TO INTEGRATE: bi_size=5 has_ridder=0 Lambda=0.00e+00
BG_INIT: background_solve OK
INPUT_READ: ridder_freeze_phi = 0 _TRUE_=1 (afte[mcmc] Progress @ 2025-11-27 03:15:30 : 11355 steps taken, and 1374 accepted.
r class_read_flag)
DEBUG: Ridder field DISABLED. Lambda = 0.000000e+00
INPUT_READ: ridder_freeze_phi = 0 _TRUE_=1 (after class_read_flag)
DEBUG: Ridder field DISABLED. Lambda = 0.000000e+00, model_type not set to unified
BACKGROUND_INIT ENTERED: Lambda=0.00e+00
DEBUG BG_INIT ENTRY: model_type=0
DEBUG AFTER CHECKS: model_type=0 has_ridder=0
RIDDER DEBUG (background_init): has_ridder=0, Lambda_EDE_ridder=0.000000e+00, f_axion_ridder=1.000000e+16, theta_i_ridder=2.500000e+00, beta_ridder=0.000000e+00
BG_INIT: entering background_checks
BG_INIT: background_checks OK
DEBUG SHOOTING CHECK: has_ridder=0, model_type=0 (unified=1), use_shooting_EDE=0
BG_INIT: entering background_solve
BACKGROUND_SOLVE ENTERED: has_ridder=0 Lambda=0.00e+00
ABOUT TO INTEGRATE: bi_size=5 has_ridder=0 Lambda=0.00e+00
DERIVS_ENTRY: call#=2070000 has_ridder=0 Lambda=0.00e+00 a=1.62e-10
BG_INIT: background_solve OK
INPUT_READ: ridder_freeze_phi = 0 _TRUE_=1 (after class_read_flag)
DEBUG: Ridder field DISABLED. Lambda = 0.000000e+00
INPUT_READ: ridder_freeze_phi = 0 _TRUE_=1 (after class_read_flag)
DEBUG: Ridder field DISABLED. Lambda = 0.000000e+00, model_type not set to unified
BACKGROUND_INIT ENTERED: Lambda=0.00e+00
DEBUG BG_INIT ENTRY: model_type=0
DEBUG AFTER CHECKS: model_type=0 has_ridder=0
RIDDER DEBUG (background_init): has_ridder=0, Lambda_EDE_ridder=0.000000e+00, f_axion_ridder=1.000000e+16, theta_i_ridder=2.500000e+00, beta_ridder=0.000000e+00
BG_INIT: entering background_checks
BG_INIT: background_checks OK
DEBUG SHOOTING CHECK: has_ridder=0, model_type=0 (unified=1), use_shooting_EDE=0
BG_INIT: entering background_solve
BACKGROUND_SOLVE ENTERED: has_ridder=0 Lambda=0.00e+00
ABOUT TO INTEGRATE: bi_size=5 has_ridder=0 Lambda=0.00e+00
DERIVS_ENTRY: call#=2075000 has_ridder=0 Lambda=0.00e+00 a=8.04e-06
BG_INIT: background_solve OK
INPUT_READ: ridder_freeze_phi = 0 _TRUE_=1 (after class_read_flag)
DEBUG: Ridder field DISABLED. Lambda = 0.000000e+00
INPUT_READ: ridder_freeze_phi = 0 _TRUE_=1 (after class_read_flag)
DEBUG: Ridder field DISABLED. Lambda = 0.000000e+00, model_type not set to unified
BACKGROUND_INIT ENTERED: Lambda=0.00e+00
DEBUG BG_INIT ENTRY: model_type=0
DEBUG AFTER CHECKS: model_type=0 has_ridder=0
RIDDER DEBUG (background_init): has_ridder=0, Lambda_EDE_ridder=0.000000e+00, f_axion_ridder=1.000000e+16, theta_i_ridder=2.500000e+00, beta_ridder=0.000000e+00
BG_INIT: entering background_checks
BG_INIT: background_checks OK
DEBUG SHOOTING CHECK: has_ridder=0, model_type=0 (unified=1), use_shooting_EDE=0
BG_INIT: entering background_solve
BACKGROUND_SOLVE ENTERED: has_ridder=0 Lambda=0.00e+00
ABOUT TO INTEGRATE: bi_size=5 has_ridder=0 Lambda=0.00e+00
BG_INIT: background_solve OK
INPUT_READ: ridder_freeze_phi = 0 _TRUE_=1 (after class_read_flag)
DEBUG: Ridder field DISABLED. Lambda = 0.000000e+00
INPUT_READ: ridder_freeze_phi = 0 _TRUE_=1 (after class_read_flag)
DEBUG: Ridder field DISABLED. Lambda = 0.000000e+00, model_type not set to unified
BACKGROUND_INIT ENTERED: Lambda=0.00e+00
DEBUG BG_INIT ENTRY: model_type=0
DEBUG AFTER CHECKS: model_type=0 has_ridder=0
RIDDER DEBUG (background_init): has_ridder=0, Lambda_EDE_ridder=0.000000e+00, f_axion_ridder=1.000000e+16, theta_i_ridder=2.500000e+00, beta_ridder=0.000000e+00
BG_INIT: entering background_checks
BG_INIT: background_checks OK
DEBUG SHOOTING CHECK: has_ridder=0, model_type=0 (unified=1), use_shooting_EDE=0
BG_INIT: entering background_solve
BACKGROUND_SOLVE ENTERED: has_ridder=0 Lambda=0.00e+00
ABOUT TO INTEGRATE: bi_size=5 has_ridder=0 Lambda=0.00e+00
DERIVS_ENTRY: call#=2080000 has_ridder=0 Lambda=0.00e+00 a=6.95e-12
BG_INIT: background_solve OK
INPUT_READ: ridder_freeze_phi = 0 _TRUE_=1 (after class_read_flag)
DEBUG: Ridder field DISABLED. Lambda = 0.000000e+00
INPUT_READ: ridder_freeze_phi = 0 _TRUE_=1 (after class_read_flag)
DEBUG: Ridder field DISABLED. Lambda = 0.000000e+00, model_type not set to unified
BACKGROUND_INIT ENTERED: Lambda=0.00e+00
DEBUG BG_INIT ENTRY: model_type=0
DEBUG AFTER CHECKS: model_type=0 has_ridder=0
RIDDER DEBUG (background_init): has_ridder=0, [mcmc] Progress @ 2025-11-27 03:16:30 : 11400 steps taken, and 1383 accepted.
Lambda_EDE_ridder=0.000000e+00, f_axion_ridder=1.000000e+16, theta_i_ridder=2.500000e+00, beta_ridder=0.000000e+00
BG_INIT: entering background_checks
BG_INIT: background_checks OK
DEBUG SHOOTING CHECK: has_ridder=0, model_type=0 (unified=1), use_shooting_EDE=0
BG_INIT: entering background_solve
BACKGROUND_SOLVE ENTERED: has_ridder=0 Lambda=0.00e+00
ABOUT TO INTEGRATE: bi_size=5 has_ridder=0 Lambda=0.00e+00
DERIVS_ENTRY: call#=2085000 has_ridder=0 Lambda=0.00e+00 a=1.17e-06
BG_INIT: background_solve OK
INPUT_READ: ridder_freeze_phi = 0 _TRUE_=1 (after class_read_flag)
DEBUG: Ridder field DISABLED. Lambda = 0.000000e+00
INPUT_READ: ridder_freeze_phi = 0 _TRUE_=1 (after class_read_flag)
DEBUG: Ridder field DISABLED. Lambda = 0.000000e+00, model_type not set to unified
BACKGROUND_INIT ENTERED: Lambda=0.00e+00
DEBUG BG_INIT ENTRY: model_type=0
DEBUG AFTER CHECKS: model_type=0 has_ridder=0
RIDDER DEBUG (background_init): has_ridder=0, Lambda_EDE_ridder=0.000000e+00, f_axion_ridder=1.000000e+16, theta_i_ridder=2.500000e+00, beta_ridder=0.000000e+00
BG_INIT: entering background_checks
BG_INIT: background_checks OK
DEBUG SHOOTING CHECK: has_ridder=0, model_type=0 (unified=1), use_shooting_EDE=0
BG_INIT: entering background_solve
BACKGROUND_SOLVE ENTERED: has_ridder=0 Lambda=0.00e+00
ABOUT TO INTEGRATE: bi_size=5 has_ridder=0 Lambda=0.00e+00
BG_INIT: background_solve OK
INPUT_READ: ridder_freeze_phi = 0 _TRUE_=1 (after class_read_flag)
DEBUG: Ridder field DISABLED. Lambda = 0.000000e+00
INPUT_READ: ridder_freeze_phi = 0 _TRUE_=1 (after class_read_flag)
DEBUG: Ridder field DISABLED. Lambda = 0.000000e+00, model_type not set to unified
BACKGROUND_INIT ENTERED: Lambda=0.00e+00
DEBUG BG_INIT ENTRY: model_type=0
DEBUG AFTER CHECKS: model_type=0 has_ridder=0
RIDDER DEBUG (background_init): has_ridder=0, Lambda_EDE_ridder=0.000000e+00, f_axion_ridder=1.000000e+16, theta_i_ridder=2.500000e+00, beta_ridder=0.000000e+00
BG_INIT: entering background_checks
BG_INIT: background_checks OK
DEBUG SHOOTING CHECK: has_ridder=0, model_type=0 (unified=1), use_shooting_EDE=0
BG_INIT: entering background_solve
BACKGROUND_SOLVE ENTERED: has_ridder=0 Lambda=0.00e+00
ABOUT TO INTEGRATE: bi_size=5 has_ridder=0 Lambda=0.00e+00
DERIVS_ENTRY: call#=2090000 has_ridder=0 Lambda=0.00e+00 a=1.12e-14
BG_INIT: background_solve OK
INPUT_READ: ridder_freeze_phi = 0 _TRUE_=1 (after class_read_flag)
DEBUG: Ridder field DISABLED. Lambda = 0.000000e+00
INPUT_READ: ridder_freeze_phi = 0 _TRUE_=1 (after class_read_flag)
DEBUG: Ridder field DISABLED. Lambda = 0.000000e+00, model_type not set to unified
BACKGROUND_INIT ENTERED: Lambda=0.00e+00
DEBUG BG_INIT ENTRY: model_type=0
DEBUG AFTER CHECKS: model_type=0 has_ridder=0
RIDDER DEBUG (background_init): has_ridder=0, Lambda_EDE_ridder=0.000000e+00, f_axion_ridder=1.000000e+16, theta_i_ridder=2.500000e+00, beta_ridder=0.000000e+00
BG_INIT: entering background_checks
BG_INIT: background_checks OK
DEBUG SHOOTING CHECK: has_ridder=0, model_type=0 (unified=1), use_shooting_EDE=0
BG_INIT: entering background_solve
BACKGROUND_SOLVE ENTERED: has_ridder=0 Lambda=0.00e+00
ABOUT TO INTEGRATE: bi_size=5 has_ridder=0 Lambda=0.00e+00
DERIVS_ENTRY: call#=2095000 has_ridder=0 Lambda=0.00e+00 a=1.79e-07
BG_INIT: background_solve OK
INPUT_READ: ridder_freeze_phi = 0 _TRUE_=1 (after class_read_flag)
DEBUG: Ridder field DISABLED. Lambda = 0.000000e+00
INPUT_READ: ridder_freeze_phi = 0 _TRUE_=1 (after class_read_flag)
DEBUG: Ridder field DISABLED. Lambda = 0.000000e+00, model_type not set to unified
BACKGROUND_INIT ENTERED: Lambda=0.00e+00
DEBUG BG_INIT ENTRY: model_type=0
DEBUG AFTER CHECKS: model_type=0 has_ridder=0
RIDDER DEBUG (background_init): has_ridder=0, Lambda_EDE_ridder=0.000000e+00, f_axion_ridder=1.000000e+16, theta_i_ridder=2.500000e+00, beta_ridder=0.000000e+00
BG_INIT: entering background_checks
BG_INIT: background_checks OK
DEBUG SHOOTING CHECK: has_ridder=0, model_type=0 (unified=1), use_shooting_EDE=0
BG_INIT: entering background_solve
BACKGROUND_SOLVE ENTERED: has_ridder=0 Lambda=0.00e+00
ABOUT TO INTEGRATE: bi_size=5 has_ri[mcmc] Progress @ 2025-11-27 03:17:36 : 11454 steps taken, and 1397 accepted.
dder=0 Lambda=0.00e+00
DERIVS_ENTRY: call#=2100000 has_ridder=0 Lambda=0.00e+00 a=2.58e-01
BG_INIT: background_solve OK
INPUT_READ: ridder_freeze_phi = 0 _TRUE_=1 (after class_read_flag)
DEBUG: Ridder field DISABLED. Lambda = 0.000000e+00
INPUT_READ: ridder_freeze_phi = 0 _TRUE_=1 (after class_read_flag)
DEBUG: Ridder field DISABLED. Lambda = 0.000000e+00, model_type not set to unified
BACKGROUND_INIT ENTERED: Lambda=0.00e+00
DEBUG BG_INIT ENTRY: model_type=0
DEBUG AFTER CHECKS: model_type=0 has_ridder=0
RIDDER DEBUG (background_init): has_ridder=0, Lambda_EDE_ridder=0.000000e+00, f_axion_ridder=1.000000e+16, theta_i_ridder=2.500000e+00, beta_ridder=0.000000e+00
BG_INIT: entering background_checks
BG_INIT: background_checks OK
DEBUG SHOOTING CHECK: has_ridder=0, model_type=0 (unified=1), use_shooting_EDE=0
BG_INIT: entering background_solve
BACKGROUND_SOLVE ENTERED: has_ridder=0 Lambda=0.00e+00
ABOUT TO INTEGRATE: bi_size=5 has_ridder=0 Lambda=0.00e+00
BG_INIT: background_solve OK
INPUT_READ: ridder_freeze_phi = 0 _TRUE_=1 (after class_read_flag)
DEBUG: Ridder field DISABLED. Lambda = 0.000000e+00
INPUT_READ: ridder_freeze_phi = 0 _TRUE_=1 (after class_read_flag)
DEBUG: Ridder field DISABLED. Lambda = 0.000000e+00, model_type not set to unified
BACKGROUND_INIT ENTERED: Lambda=0.00e+00
DEBUG BG_INIT ENTRY: model_type=0
DEBUG AFTER CHECKS: model_type=0 has_ridder=0
RIDDER DEBUG (background_init): has_ridder=0, Lambda_EDE_ridder=0.000000e+00, f_axion_ridder=1.000000e+16, theta_i_ridder=2.500000e+00, beta_ridder=0.000000e+00
BG_INIT: entering background_checks
BG_INIT: background_checks OK
DEBUG SHOOTING CHECK: has_ridder=0, model_type=0 (unified=1), use_shooting_EDE=0
BG_INIT: entering background_solve
BACKGROUND_SOLVE ENTERED: has_ridder=0 Lambda=0.00e+00
ABOUT TO INTEGRATE: bi_size=5 has_ridder=0 Lambda=0.00e+00
DERIVS_ENTRY: call#=2105000 has_ridder=0 Lambda=0.00e+00 a=2.58e-08
BG_INIT: background_solve OK
INPUT_READ: ridder_freeze_phi = 0 _TRUE_=1 (after class_read_flag)
DEBUG: Ridder field DISABLED. Lambda = 0.000000e+00
INPUT_READ: ridder_freeze_phi = 0 _TRUE_=1 (after class_read_flag)
DEBUG: Ridder field DISABLED. Lambda = 0.000000e+00, model_type not set to unified
BACKGROUND_INIT ENTERED: Lambda=0.00e+00
DEBUG BG_INIT ENTRY: model_type=0
DEBUG AFTER CHECKS: model_type=0 has_ridder=0
RIDDER DEBUG (background_init): has_ridder=0, Lambda_EDE_ridder=0.000000e+00, f_axion_ridder=1.000000e+16, theta_i_ridder=2.500000e+00, beta_ridder=0.000000e+00
BG_INIT: entering background_checks
BG_INIT: background_checks OK
DEBUG SHOOTING CHECK: has_ridder=0, model_type=0 (unified=1), use_shooting_EDE=0
BG_INIT: entering background_solve
BACKGROUND_SOLVE ENTERED: has_ridder=0 Lambda=0.00e+00
ABOUT TO INTEGRATE: bi_size=5 has_ridder=0 Lambda=0.00e+00
DERIVS_ENTRY: call#=2110000 has_ridder=0 Lambda=0.00e+00 a=8.48e-03
BG_INIT: background_solve OK
INPUT_READ: ridder_freeze_phi = 0 _TRUE_=1 (after class_read_flag)
DEBUG: Ridder field DISABLED. Lambda = 0.000000e+00
INPUT_READ: ridder_freeze_phi = 0 _TRUE_=1 (after class_read_flag)
DEBUG: Ridder field DISABLED. Lambda = 0.000000e+00, model_type not set to unified
BACKGROUND_INIT ENTERED: Lambda=0.00e+00
DEBUG BG_INIT ENTRY: model_type=0
DEBUG AFTER CHECKS: model_type=0 has_ridder=0
RIDDER DEBUG (background_init): has_ridder=0, Lambda_EDE_ridder=0.000000e+00, f_axion_ridder=1.000000e+16, theta_i_ridder=2.500000e+00, beta_ridder=0.000000e+00
BG_INIT: entering background_checks
BG_INIT: background_checks OK
DEBUG SHOOTING CHECK: has_ridder=0, model_type=0 (unified=1), use_shooting_EDE=0
BG_INIT: entering background_solve
BACKGROUND_SOLVE ENTERED: has_ridder=0 Lambda=0.00e+00
ABOUT TO INTEGRATE: bi_size=5 has_ridder=0 Lambda=0.00e+00
BG_INIT: background_solve OK
INPUT_READ: ridder_freeze_phi = 0 _TRUE_=1 (after class_read_flag)
DEBUG: Ridder field DISABLED. Lambda = 0.000000e+00
INPUT_READ: ridder_freeze_phi = 0 _TRUE_=1 (after class_read_flag)
DEBUG: Ridder field DISABLED. Lambda = 0.000000e+00, model_type not set to unified
BACKGROUND_INIT ENTERED: Lambda=0.00e+00
DEBUG BG_INIT ENTRY: model[mcmc] Progress @ 2025-11-27 03:18:50 : 11503 steps taken, and 1408 accepted.
[mcmc] Progress @ 2025-11-27 03:19:52 : 11561 steps taken, and 1416 accepted.
_type=0
DEBUG AFTER CHECKS: model_type=0 has_ridder=0
RIDDER DEBUG (background_init): has_ridder=0, Lambda_EDE_ridder=0.000000e+00, f_axion_ridder=1.000000e+16, theta_i_ridder=2.500000e+00, beta_ridder=0.000000e+00
BG_INIT: entering background_checks
BG_INIT: background_checks OK
DEBUG SHOOTING CHECK: has_ridder=0, model_type=0 (unified=1), use_shooting_EDE=0
BG_INIT: entering background_solve
BACKGROUND_SOLVE ENTERED: has_ridder=0 Lambda=0.00e+00
ABOUT TO INTEGRATE: bi_size=5 has_ridder=0 Lambda=0.00e+00
DERIVS_ENTRY: call#=2115000 has_ridder=0 Lambda=0.00e+00 a=3.81e-09
BG_INIT: background_solve OK
INPUT_READ: ridder_freeze_phi = 0 _TRUE_=1 (after class_read_flag)
DEBUG: Ridder field DISABLED. Lambda = 0.000000e+00
INPUT_READ: ridder_freeze_phi = 0 _TRUE_=1 (after class_read_flag)
DEBUG: Ridder field DISABLED. Lambda = 0.000000e+00, model_type not set to unified
BACKGROUND_INIT ENTERED: Lambda=0.00e+00
DEBUG BG_INIT ENTRY: model_type=0
DEBUG AFTER CHECKS: model_type=0 has_ridder=0
RIDDER DEBUG (background_init): has_ridder=0, Lambda_EDE_ridder=0.000000e+00, f_axion_ridder=1.000000e+16, theta_i_ridder=2.500000e+00, beta_ridder=0.000000e+00
BG_INIT: entering background_checks
BG_INIT: background_checks OK
DEBUG SHOOTING CHECK: has_ridder=0, model_type=0 (unified=1), use_shooting_EDE=0
BG_INIT: entering background_solve
BACKGROUND_SOLVE ENTERED: has_ridder=0 Lambda=0.00e+00
ABOUT TO INTEGRATE: bi_size=5 has_ridder=0 Lambda=0.00e+00
DERIVS_ENTRY: call#=2120000 has_ridder=0 Lambda=0.00e+00 a=1.91e-04
BG_INIT: background_solve OK
INPUT_READ: ridder_freeze_phi = 0 _TRUE_=1 (after class_read_flag)
DEBUG: Ridder field DISABLED. Lambda = 0.000000e+00
INPUT_READ: ridder_freeze_phi = 0 _TRUE_=1 (after class_read_flag)
DEBUG: Ridder field DISABLED. Lambda = 0.000000e+00, model_type not set to unified
BACKGROUND_INIT ENTERED: Lambda=0.00e+00
DEBUG BG_INIT ENTRY: model_type=0
DEBUG AFTER CHECKS: model_type=0 has_ridder=0
RIDDER DEBUG (background_init): has_ridder=0, Lambda_EDE_ridder=0.000000e+00, f_axion_ridder=1.000000e+16, theta_i_ridder=2.500000e+00, beta_ridder=0.000000e+00
BG_INIT: entering background_checks
BG_INIT: background_checks OK
DEBUG SHOOTING CHECK: has_ridder=0, model_type=0 (unified=1), use_shooting_EDE=0
BG_INIT: entering background_solve
BACKGROUND_SOLVE ENTERED: has_ridder=0 Lambda=0.00e+00
ABOUT TO INTEGRATE: bi_size=5 has_ridder=0 Lambda=0.00e+00
BG_INIT: background_solve OK
INPUT_READ: ridder_freeze_phi = 0 _TRUE_=1 (after class_read_flag)
DEBUG: Ridder field DISABLED. Lambda = 0.000000e+00
INPUT_READ: ridder_freeze_phi = 0 _TRUE_=1 (after class_read_flag)
DEBUG: Ridder field DISABLED. Lambda = 0.000000e+00, model_type not set to unified
BACKGROUND_INIT ENTERED: Lambda=0.00e+00
DEBUG BG_INIT ENTRY: model_type=0
DEBUG AFTER CHECKS: model_type=0 has_ridder=0
RIDDER DEBUG (background_init): has_ridder=0, Lambda_EDE_ridder=0.000000e+00, f_axion_ridder=1.000000e+16, theta_i_ridder=2.500000e+00, beta_ridder=0.000000e+00
BG_INIT: entering background_checks
BG_INIT: background_checks OK
DEBUG SHOOTING CHECK: has_ridder=0, model_type=0 (unified=1), use_shooting_EDE=0
BG_INIT: entering background_solve
BACKGROUND_SOLVE ENTERED: has_ridder=0 Lambda=0.00e+00
ABOUT TO INTEGRATE: bi_size=5 has_ridder=0 Lambda=0.00e+00
DERIVS_ENTRY: call#=2125000 has_ridder=0 Lambda=0.00e+00 a=5.65e-10
BG_INIT: background_solve OK
INPUT_READ: ridder_freeze_phi = 0 _TRUE_=1 (after class_read_flag)
DEBUG: Ridder field DISABLED. Lambda = 0.000000e+00
INPUT_READ: ridder_freeze_phi = 0 _TRUE_=1 (after class_read_flag)
DEBUG: Ridder field DISABLED. Lambda = 0.000000e+00, model_type not set to unified
BACKGROUND_INIT ENTERED: Lambda=0.00e+00
DEBUG BG_INIT ENTRY: model_type=0
DEBUG AFTER CHECKS: model_type=0 has_ridder=0
RIDDER DEBUG (background_init): has_ridder=0, Lambda_EDE_ridder=0.000000e+00, f_axion_ridder=1.000000e+16, theta_i_ridder=2.500000e+00, beta_ridder=0.000000e+00
BG_INIT: entering background_checks
BG_INIT: background_checks OK
DEBUG SHOOTING CHECK: has_ridder=0, model_type=0 (unified=1), use_shooting_EDE=0
BG_INIT: entering backgrou[mcmc] Progress @ 2025-11-27 03:21:07 : 11606 steps taken, and 1425 accepted.
[mcmc] Progress @ 2025-11-27 03:22:07 : 11670 steps taken, and 1439 accepted.
nd_solve
BACKGROUND_SOLVE ENTERED: has_ridder=0 Lambda=0.00e+00
ABOUT TO INTEGRATE: bi_size=5 has_ridder=0 Lambda=0.00e+00
DERIVS_ENTRY: call#=2130000 has_ridder=0 Lambda=0.00e+00 a=2.77e-05
BG_INIT: background_solve OK
INPUT_READ: ridder_freeze_phi = 0 _TRUE_=1 (after class_read_flag)
DEBUG: Ridder field DISABLED. Lambda = 0.000000e+00
INPUT_READ: ridder_freeze_phi = 0 _TRUE_=1 (after class_read_flag)
DEBUG: Ridder field DISABLED. Lambda = 0.000000e+00, model_type not set to unified
BACKGROUND_INIT ENTERED: Lambda=0.00e+00
DEBUG BG_INIT ENTRY: model_type=0
DEBUG AFTER CHECKS: model_type=0 has_ridder=0
RIDDER DEBUG (background_init): has_ridder=0, Lambda_EDE_ridder=0.000000e+00, f_axion_ridder=1.000000e+16, theta_i_ridder=2.500000e+00, beta_ridder=0.000000e+00
BG_INIT: entering background_checks
BG_INIT: background_checks OK
DEBUG SHOOTING CHECK: has_ridder=0, model_type=0 (unified=1), use_shooting_EDE=0
BG_INIT: entering background_solve
BACKGROUND_SOLVE ENTERED: has_ridder=0 Lambda=0.00e+00
ABOUT TO INTEGRATE: bi_size=5 has_ridder=0 Lambda=0.00e+00
BG_INIT: background_solve OK
INPUT_READ: ridder_freeze_phi = 0 _TRUE_=1 (after class_read_flag)
DEBUG: Ridder field DISABLED. Lambda = 0.000000e+00
INPUT_READ: ridder_freeze_phi = 0 _TRUE_=1 (after class_read_flag)
DEBUG: Ridder field DISABLED. Lambda = 0.000000e+00, model_type not set to unified
BACKGROUND_INIT ENTERED: Lambda=0.00e+00
DEBUG BG_INIT ENTRY: model_type=0
DEBUG AFTER CHECKS: model_type=0 has_ridder=0
RIDDER DEBUG (background_init): has_ridder=0, Lambda_EDE_ridder=0.000000e+00, f_axion_ridder=1.000000e+16, theta_i_ridder=2.500000e+00, beta_ridder=0.000000e+00
BG_INIT: entering background_checks
BG_INIT: background_checks OK
DEBUG SHOOTING CHECK: has_ridder=0, model_type=0 (unified=1), use_shooting_EDE=0
BG_INIT: entering background_solve
BACKGROUND_SOLVE ENTERED: has_ridder=0 Lambda=0.00e+00
ABOUT TO INTEGRATE: bi_size=5 has_ridder=0 Lambda=0.00e+00
DERIVS_ENTRY: call#=2135000 has_ridder=0 Lambda=0.00e+00 a=8.36e-11
BG_INIT: background_solve OK
INPUT_READ: ridder_freeze_phi = 0 _TRUE_=1 (after class_read_flag)
DEBUG: Ridder field DISABLED. Lambda = 0.000000e+00
INPUT_READ: ridder_freeze_phi = 0 _TRUE_=1 (after class_read_flag)
DEBUG: Ridder field DISABLED. Lambda = 0.000000e+00, model_type not set to unified
BACKGROUND_INIT ENTERED: Lambda=0.00e+00
DEBUG BG_INIT ENTRY: model_type=0
DEBUG AFTER CHECKS: model_type=0 has_ridder=0
RIDDER DEBUG (background_init): has_ridder=0, Lambda_EDE_ridder=0.000000e+00, f_axion_ridder=1.000000e+16, theta_i_ridder=2.500000e+00, beta_ridder=0.000000e+00
BG_INIT: entering background_checks
BG_INIT: background_checks OK
DEBUG SHOOTING CHECK: has_ridder=0, model_type=0 (unified=1), use_shooting_EDE=0
BG_INIT: entering background_solve
BACKGROUND_SOLVE ENTERED: has_ridder=0 Lambda=0.00e+00
ABOUT TO INTEGRATE: bi_size=5 has_ridder=0 Lambda=0.00e+00
DERIVS_ENTRY: call#=2140000 has_ridder=0 Lambda=0.00e+00 a=4.10e-06
BG_INIT: background_solve OK
INPUT_READ: ridder_freeze_phi = 0 _TRUE_=1 (after class_read_flag)
DEBUG: Ridder field DISABLED. Lambda = 0.000000e+00
INPUT_READ: ridder_freeze_phi = 0 _TRUE_=1 (after class_read_flag)
DEBUG: Ridder field DISABLED. Lambda = 0.000000e+00, model_type not set to unified
BACKGROUND_INIT ENTERED: Lambda=0.00e+00
DEBUG BG_INIT ENTRY: model_type=0
DEBUG AFTER CHECKS: model_type=0 has_ridder=0
RIDDER DEBUG (background_init): has_ridder=0, Lambda_EDE_ridder=0.000000e+00, f_axion_ridder=1.000000e+16, theta_i_ridder=2.500000e+00, beta_ridder=0.000000e+00
BG_INIT: entering background_checks
BG_INIT: background_checks OK
DEBUG SHOOTING CHECK: has_ridder=0, model_type=0 (unified=1), use_shooting_EDE=0
BG_INIT: entering background_solve
BACKGROUND_SOLVE ENTERED: has_ridder=0 Lambda=0.00e+00
ABOUT TO INTEGRATE: bi_size=5 has_ridder=0 Lambda=0.00e+00
BG_INIT: background_solve OK
INPUT_READ: ridder_freeze_phi = 0 _TRUE_=1 (after class_read_flag)
DEBUG: Ridder field DISABLED. Lambda = 0.000000e+00
INPUT_READ: ridder_freeze_phi = 0 _TRUE_=1 (after class_read_flag)
DEBUG: Ridder field DISABLED. Lambda = 0.000000e+0[mcmc] Progress @ 2025-11-27 03:23:21 : 11724 steps taken, and 1450 accepted.
0, model_type not set to unified
BACKGROUND_INIT ENTERED: Lambda=0.00e+00
DEBUG BG_INIT ENTRY: model_type=0
DEBUG AFTER CHECKS: model_type=0 has_ridder=0
RIDDER DEBUG (background_init): has_ridder=0, Lambda_EDE_ridder=0.000000e+00, f_axion_ridder=1.000000e+16, theta_i_ridder=2.500000e+00, beta_ridder=0.000000e+00
BG_INIT: entering background_checks
BG_INIT: background_checks OK
DEBUG SHOOTING CHECK: has_ridder=0, model_type=0 (unified=1), use_shooting_EDE=0
BG_INIT: entering background_solve
BACKGROUND_SOLVE ENTERED: has_ridder=0 Lambda=0.00e+00
ABOUT TO INTEGRATE: bi_size=5 has_ridder=0 Lambda=0.00e+00
DERIVS_ENTRY: call#=2145000 has_ridder=0 Lambda=0.00e+00 a=6.15e-13
BG_INIT: background_solve OK
INPUT_READ: ridder_freeze_phi = 0 _TRUE_=1 (after class_read_flag)
DEBUG: Ridder field DISABLED. Lambda = 0.000000e+00
INPUT_READ: ridder_freeze_phi = 0 _TRUE_=1 (after class_read_flag)
DEBUG: Ridder field DISABLED. Lambda = 0.000000e+00, model_type not set to unified
BACKGROUND_INIT ENTERED: Lambda=0.00e+00
DEBUG BG_INIT ENTRY: model_type=0
DEBUG AFTER CHECKS: model_type=0 has_ridder=0
RIDDER DEBUG (background_init): has_ridder=0, Lambda_EDE_ridder=0.000000e+00, f_axion_ridder=1.000000e+16, theta_i_ridder=2.500000e+00, beta_ridder=0.000000e+00
BG_INIT: entering background_checks
BG_INIT: background_checks OK
DEBUG SHOOTING CHECK: has_ridder=0, model_type=0 (unified=1), use_shooting_EDE=0
BG_INIT: entering background_solve
BACKGROUND_SOLVE ENTERED: has_ridder=0 Lambda=0.00e+00
ABOUT TO INTEGRATE: bi_size=5 has_ridder=0 Lambda=0.00e+00
DERIVS_ENTRY: call#=2150000 has_ridder=0 Lambda=0.00e+00 a=5.91e-07
BG_INIT: background_solve OK
INPUT_READ: ridder_freeze_phi = 0 _TRUE_=1 (after class_read_flag)
DEBUG: Ridder field DISABLED. Lambda = 0.000000e+00
INPUT_READ: ridder_freeze_phi = 0 _TRUE_=1 (after class_read_flag)
DEBUG: Ridder field DISABLED. Lambda = 0.000000e+00, model_type not set to unified
BACKGROUND_INIT ENTERED: Lambda=0.00e+00
DEBUG BG_INIT ENTRY: model_type=0
DEBUG AFTER CHECKS: model_type=0 has_ridder=0
RIDDER DEBUG (background_init): has_ridder=0, Lambda_EDE_ridder=0.000000e+00, f_axion_ridder=1.000000e+16, theta_i_ridder=2.500000e+00, beta_ridder=0.000000e+00
BG_INIT: entering background_checks
BG_INIT: background_checks OK
DEBUG SHOOTING CHECK: has_ridder=0, model_type=0 (unified=1), use_shooting_EDE=0
BG_INIT: entering background_solve
BACKGROUND_SOLVE ENTERED: has_ridder=0 Lambda=0.00e+00
ABOUT TO INTEGRATE: bi_size=5 has_ridder=0 Lambda=0.00e+00
DERIVS_ENTRY: call#=2155000 has_ridder=0 Lambda=0.00e+00 a=8.04e-01
BG_INIT: background_solve OK
INPUT_READ: ridder_freeze_phi = 0 _TRUE_=1 (after class_read_flag)
DEBUG: Ridder field DISABLED. Lambda = 0.000000e+00
INPUT_READ: ridder_freeze_phi = 0 _TRUE_=1 (after class_read_flag)
DEBUG: Ridder field DISABLED. Lambda = 0.000000e+00, model_type not set to unified
BACKGROUND_INIT ENTERED: Lambda=0.00e+00
DEBUG BG_INIT ENTRY: model_type=0
DEBUG AFTER CHECKS: model_type=0 has_ridder=0
RIDDER DEBUG (background_init): has_ridder=0, Lambda_EDE_ridder=0.000000e+00, f_axion_ridder=1.000000e+16, theta_i_ridder=2.500000e+00, beta_ridder=0.000000e+00
BG_INIT: entering background_checks
BG_INIT: background_checks OK
DEBUG SHOOTING CHECK: has_ridder=0, model_type=0 (unified=1), use_shooting_EDE=0
BG_INIT: entering background_solve
BACKGROUND_SOLVE ENTERED: has_ridder=0 Lambda=0.00e+00
ABOUT TO INTEGRATE: bi_size=5 has_ridder=0 Lambda=0.00e+00
BG_INIT: background_solve OK
INPUT_READ: ridder_freeze_phi = 0 _TRUE_=1 (after class_read_flag)
DEBUG: Ridder field DISABLED. Lambda = 0.000000e+00
INPUT_READ: ridder_freeze_phi = 0 _TRUE_=1 (after class_read_flag)
DEBUG: Ridder field DISABLED. Lambda = 0.000000e+00, model_type not set to unified
BACKGROUND_INIT ENTERED: Lambda=0.00e+00
DEBUG BG_INIT ENTRY: model_type=0
DEBUG AFTER CHECKS: model_type=0 has_ridder=0
RIDDER DEBUG (background_init): has_ridder=0, Lambda_EDE_ridder=0.000000e+00, f_axion_ridder=1.000000e+16, theta_i_ridder=2.500000e+00, beta_ridder=0.000000e+00
BG_INIT: entering background_checks
BG_INIT: background_checks OK
DEBUG S[mcmc] Progress @ 2025-11-27 03:24:34 : 11816 steps taken, and 1470 accepted.
[mcmc] Progress @ 2025-11-27 03:25:36 : 11842 steps taken, and 1475 accepted.
HOOTING CHECK: has_ridder=0, model_type=0 (unified=1), use_shooting_EDE=0
BG_INIT: entering background_solve
BACKGROUND_SOLVE ENTERED: has_ridder=0 Lambda=0.00e+00
ABOUT TO INTEGRATE: bi_size=5 has_ridder=0 Lambda=0.00e+00
DERIVS_ENTRY: call#=2160000 has_ridder=0 Lambda=0.00e+00 a=8.75e-08
BG_INIT: background_solve OK
INPUT_READ: ridder_freeze_phi = 0 _TRUE_=1 (after class_read_flag)
DEBUG: Ridder field DISABLED. Lambda = 0.000000e+00
INPUT_READ: ridder_freeze_phi = 0 _TRUE_=1 (after class_read_flag)
DEBUG: Ridder field DISABLED. Lambda = 0.000000e+00, model_type not set to unified
BACKGROUND_INIT ENTERED: Lambda=0.00e+00
DEBUG BG_INIT ENTRY: model_type=0
DEBUG AFTER CHECKS: model_type=0 has_ridder=0
RIDDER DEBUG (background_init): has_ridder=0, Lambda_EDE_ridder=0.000000e+00, f_axion_ridder=1.000000e+16, theta_i_ridder=2.500000e+00, beta_ridder=0.000000e+00
BG_INIT: entering background_checks
BG_INIT: background_checks OK
DEBUG SHOOTING CHECK: has_ridder=0, model_type=0 (unified=1), use_shooting_EDE=0
BG_INIT: entering background_solve
BACKGROUND_SOLVE ENTERED: has_ridder=0 Lambda=0.00e+00
ABOUT TO INTEGRATE: bi_size=5 has_ridder=0 Lambda=0.00e+00
DERIVS_ENTRY: call#=2165000 has_ridder=0 Lambda=0.00e+00 a=1.07e-01
BG_INIT: background_solve OK
INPUT_READ: ridder_freeze_phi = 0 _TRUE_=1 (after class_read_flag)
DEBUG: Ridder field DISABLED. Lambda = 0.000000e+00
INPUT_READ: ridder_freeze_phi = 0 _TRUE_=1 (after class_read_flag)
DEBUG: Ridder field DISABLED. Lambda = 0.000000e+00, model_type not set to unified
BACKGROUND_INIT ENTERED: Lambda=0.00e+00
DEBUG BG_INIT ENTRY: model_type=0
DEBUG AFTER CHECKS: model_type=0 has_ridder=0
RIDDER DEBUG (background_init): has_ridder=0, Lambda_EDE_ridder=0.000000e+00, f_axion_ridder=1.000000e+16, theta_i_ridder=2.500000e+00, beta_ridder=0.000000e+00
BG_INIT: entering background_checks
BG_INIT: background_checks OK
DEBUG SHOOTING CHECK: has_ridder=0, model_type=0 (unified=1), use_shooting_EDE=0
BG_INIT: entering background_solve
BACKGROUND_SOLVE ENTERED: has_ridder=0 Lambda=0.00e+00
ABOUT TO INTEGRATE: bi_size=5 has_ridder=0 Lambda=0.00e+00
BG_INIT: background_solve OK
INPUT_READ: ridder_freeze_phi = 0 _TRUE_=1 (after class_read_flag)
DEBUG: Ridder field DISABLED. Lambda = 0.000000e+00
INPUT_READ: ridder_freeze_phi = 0 _TRUE_=1 (after class_read_flag)
DEBUG: Ridder field DISABLED. Lambda = 0.000000e+00, model_type not set to unified
BACKGROUND_INIT ENTERED: Lambda=0.00e+00
DEBUG BG_INIT ENTRY: model_type=0
DEBUG AFTER CHECKS: model_type=0 has_ridder=0
RIDDER DEBUG (background_init): has_ridder=0, Lambda_EDE_ridder=0.000000e+00, f_axion_ridder=1.000000e+16, theta_i_ridder=2.500000e+00, beta_ridder=0.000000e+00
BG_INIT: entering background_checks
BG_INIT: background_checks OK
DEBUG SHOOTING CHECK: has_ridder=0, model_type=0 (unified=1), use_shooting_EDE=0
BG_INIT: entering background_solve
BACKGROUND_SOLVE ENTERED: has_ridder=0 Lambda=0.00e+00
ABOUT TO INTEGRATE: bi_size=5 has_ridder=0 Lambda=0.00e+00
DERIVS_ENTRY: call#=2170000 has_ridder=0 Lambda=0.00e+00 a=1.24e-08
BG_INIT: background_solve OK
INPUT_READ: ridder_freeze_phi = 0 _TRUE_=1 (after class_read_flag)
DEBUG: Ridder field DISABLED. Lambda = 0.000000e+00
INPUT_READ: ridder_freeze_phi = 0 _TRUE_=1 (after class_read_flag)
DEBUG: Ridder field DISABLED. Lambda = 0.000000e+00, model_type not set to unified
BACKGROUND_INIT ENTERED: Lambda=0.00e+00
DEBUG BG_INIT ENTRY: model_type=0
DEBUG AFTER CHECKS: model_type=0 has_ridder=0
RIDDER DEBUG (background_init): has_ridder=0, Lambda_EDE_ridder=0.000000e+00, f_axion_ridder=1.000000e+16, theta_i_ridder=2.500000e+00, beta_ridder=0.000000e+00
BG_INIT: entering background_checks
BG_INIT: background_checks OK
DEBUG SHOOTING CHECK: has_ridder=0, model_type=0 (unified=1), use_shooting_EDE=0
BG_INIT: entering background_solve
BACKGROUND_SOLVE ENTERED: has_ridder=0 Lambda=0.00e+00
ABOUT TO INTEGRATE: bi_size=5 has_ridder=0 Lambda=0.00e+00
DERIVS_ENTRY: call#=2175000 has_ridder=0 Lambda=0.00e+00 a=1.96e-03
BG_INIT: background_solve OK
INPUT_READ: ridder_freeze_phi = 0 _TRUE_=1 (after class_read_flag)
D[mcmc] Progress @ 2025-11-27 03:26:36 : 11883 steps taken, and 1482 accepted.
[mcmc] Progress @ 2025-11-27 03:27:46 : 11919 steps taken, and 1491 accepted.
