[output] Output to be read-from/written-into folder 'chains', with prefix 'tier6_phenom_baseline'
[output] Found existing info files with the requested output prefix: 'chains/tier6_phenom_baseline'
[output] Will delete previous products ('force' was requested).
[prior] *WARNING* External prior 'SZ' loaded. Mind that it might not be normalized!
[classy] `classy` module loaded successfully from /home/ridderadmin/.local/lib/python3.10/site-packages/classy
[planck_2018_highl_plik.ttteee] `clipy` module loaded successfully from /home/ridderadmin/Ridder-Field/phase3/packages/code/planck/clipy/clipy
----
clipy_0.15
Checking likelihood '/home/ridderadmin/Ridder-Field/phase3/packages/data/planck_2018/baseline/plc_3.0/hi_l/plik/plik_rd12_HM_v22b_TTTEEE.clik' on test data. got -1172.47 expected -1172.47 (diff 4.00569e-06)
----
[planck_2018_lensing.clik] `clipy` module loaded successfully from /home/ridderadmin/Ridder-Field/phase3/packages/code/planck/clipy/clipy
----
clipy_0.15
Checking likelihood '/home/ridderadmin/Ridder-Field/phase3/packages/data/planck_2018/baseline/plc_3.0/lensing/smicadx12_Dec5_ftl_mv2_ndclpp_p_teb_consext8.clik_lensing' on test data. got -4.42102
----
[bao.sixdf_2011_bao] Initialized.
[bao.sdss_dr12_consensus_bao] Initialized.
[mcmc] Getting initial point... (this may take a few seconds)
[mcmc] Initial point: logA:3.044, n_s:0.9649, H0:67.5, omega_b:0.02237, omega_cdm:0.12, tau_reio:0.0544, w0_fld:-1, wa_fld:0, A_planck:0.9991539, calib_100T:0.9998774, calib_217T:0.9996987, A_cib_217:80.97327, xi_sz_cib:0.03873115, A_sz:7.527014, ksz_norm:1.883967, gal545_A_100:5.562626, gal545_A_143:11.02631, gal545_A_143_217:14.64954, gal545_A_217:93.93369, ps_A_100_100:218.4769, ps_A_143_143:53.20119, ps_A_143_217:47.93969, ps_A_217_217:95.41547, galf_TE_A_100:0.02868207, galf_TE_A_100_143:-0.002203969, galf_TE_A_100_217:0.2511372, galf_TE_A_143:0.2827602, galf_TE_A_143_217:0.8572628, galf_TE_A_217:2.04985
[model] Measuring speeds... (this may take a few seconds)
[model] Setting measured speeds (per sec): {planck_2018_lowl.TT: 704.0, planck_2018_lowl.EE: 199.0, planck_2018_highl_plik.TTTEEE: 0.734, planck_2018_lensing.clik: 49.7, bao.sixdf_2011_bao: 1360.0, bao.sdss_dr7_mgs: 2250.0, bao.sdss_dr12_consensus_bao: 1030.0, classy: 0.0336}
[mcmc] Oversampling with factors:
[mcmc] * 1 : ['logA', 'n_s', 'H0', 'omega_b', 'omega_cdm', 'tau_reio', 'w0_fld', 'wa_fld']
[mcmc] * 3 : ['A_planck']
[mcmc] * 3 : ['calib_100T', 'calib_217T', 'A_cib_217', 'xi_sz_cib', 'A_sz', 'ksz_norm', 'gal545_A_100', 'gal545_A_143', 'gal545_A_143_217', 'gal545_A_217', 'ps_A_100_100', 'ps_A_143_143', 'ps_A_143_217', 'ps_A_217_217', 'galf_TE_A_100', 'galf_TE_A_100_143', 'galf_TE_A_100_217', 'galf_TE_A_143', 'galf_TE_A_143_217', 'galf_TE_A_217']
[mcmc] Covariance matrix not present. We will start learning the covariance of the proposal earlier: R-1 = 30 (would be 2 if all params loaded).
[mcmc] Sampling!
INPUT_READ: ridder_freeze_phi = 0 _TRUE_=1 (after class_read_flag)
DEBUG: Ridder field DISABLED. Lambda = 0.000000e+00
INPUT_READ: ridder_freeze_phi = 0 _TRUE_=1 (after class_read_flag)
DEBUG: Ridder field DISABLED. Lambda = 0.000000e+00, model_type not set to unified
BACKGROUND_INIT ENTERED: Lambda=0.00e+00
DEBUG BG_INIT ENTRY: model_type=0
DEBUG AFTER CHECKS: model_type=0 has_ridder=0
RIDDER DEBUG (background_init): has_ridder=0, Lambda_EDE_ridder=0.000000e+00, f_axion_ridder=1.000000e+16, theta_i_ridder=2.500000e+00, beta_ridder=0.000000e+00
BG_INIT: entering background_checks
BG_INIT: background_checks OK
DEBUG SHOOTING CHECK: has_ridder=0, model_type=0 (unified=1), use_shooting_EDE=0
BG_INIT: entering background_solve
BACKGROUND_SOLVE ENTERED: has_ridder=0 Lambda=0.00e+00
ABOUT TO INTEGRATE: bi_size=6 has_ridder=0 Lambda=0.00e+00
BG_DERIVS: FIRST CALL at a = 1.000e-14
BG_INIT: background_solve OK
INPUT_READ: ridder_freeze_phi = 0 _TRUE_=1 (after class_read_flag)
DEBUG: Ridder field DISABLED. Lambda = 0.000000e+00
INPUT_READ: ridder_freeze_phi = 0 _TRUE_=1 (after class_read_flag)
DEBUG: Ridder field DISABLED. Lambda = 0.000000e+00, model_type not set to unified
BACKGROUND_INIT ENTERED: Lambda=0.00e+00
DEBUG BG_INIT ENTRY: model_type=0
DEBUG AFTER CHECKS: model_type=0 has_ridder=0
RIDDER DEBUG (background_init): has_ridder=0, Lambda_EDE_ridder=0.000000e+00, f_axion_ridder=1.000000e+16, theta_i_ridder=2.500000e+00, beta_ridder=0.000000e+00
BG_INIT: entering background_checks
BG_INIT: background_checks OK
DEBUG SHOOTING CHECK: has_ridder=0, model_type=0 (unified=1), use_shooting_EDE=0
BG_INIT: entering background_solve
BACKGROUND_SOLVE ENTERED: has_ridder=0 Lambda=0.00e+00
ABOUT TO INTEGRATE: bi_size=6 has_ridder=0 Lambda=0.00e+00
DERIVS_ENTRY: call#=5000 has_ridder=0 Lambda=0.00e+00 a=1.08e-07
BG_INIT: background_solve OK
INPUT_READ: ridder_freeze_phi = 0 _TRUE_=1 (after class_read_flag)
DEBUG: Ridder field DISABLED. Lambda = 0.000000e+00
INPUT_READ: ridder_freeze_phi = 0 _TRUE_=1 (after class_read_flag)
DEBUG: Ridder field DISABLED. Lambda = 0.000000e+00, model_type not set to unified
BACKGROUND_INIT ENTERED: Lambda=0.00e+00
DEBUG BG_INIT ENTRY: model_type=0
DEBUG AFTER CHECKS: model_type=0 has_ridder=0
RIDDER DEBUG (background_init): has_ridder=0, Lambda_EDE_ridder=0.000000e+00, f_axion_ridder=1.000000e+16, theta_i_ridder=2.500000e+00, beta_ridder=0.000000e+00
BG_INIT: entering background_checks
BG_INIT: background_checks OK
DEBUG SHOOTING CHECK: has_ridder=0, model_type=0 (unified=1), use_shooting_EDE=0
BG_INIT: entering background_solve
BACKGROUND_SOLVE ENTERED: has_ridder=0 Lambda=0.00e+00
ABOUT TO INTEGRATE: bi_size=6 has_ridder=0 Lambda=0.00e+00
DERIVS_ENTRY: call#=10000 has_ridder=0 Lambda=0.00e+00 a=1.43e-01
BG_INIT: background_solve OK
INPUT_READ: ridder_freeze_phi = 0 _TRUE_=1 (after class_read_flag)
DEBUG: Ridder field DISABLED. Lambda = 0.000000e+00
INPUT_READ: ridder_freeze_phi = 0 _TRUE_=1 (after class_read_flag)
DEBUG: Ridder field DISABLED. Lambda = 0.000000e+00, model_type not set to unified
BACKGROUND_INIT ENTERED: Lambda=0.00e+00
DEBUG BG_INIT ENTRY: model_type=0
DEBUG AFTER CHECKS: model_type=0 has_ridder=0
RIDDER DEBUG (background_init): has_ridder=0, Lambda_EDE_ridder=0.000000e+00, f_axion_ridder=1.000000e+16, theta_i_ridder=2.500000e+00, beta_ridder=0.000000e+00
BG_INIT: entering background_checks
BG_INIT: background_checks OK
DEBUG SHOOTING CHECK: has_ridder=0, model_type=0 (unified=1), use_shooting_EDE=0
BG_INIT: entering background_solve
BACKGROUND_SOLVE ENTERED: has_ridder=0 Lambda=0.00e+00
ABOUT TO INTEGRATE: bi_size=6 has_ridder=0 Lambda=0.00e+00
BG_INIT: background_solve OK
INPUT_READ: ridder_freeze_phi = 0 _TRUE_=1 (after class_read_flag)
DEBUG: Ridder field DISABLED. Lambda = 0.000000e+00
INPUT_READ: ridder_freeze_phi = 0 _TRUE_=1 (after class_read_flag)
DEBUG: Ridder field DISABLED. Lambda = 0.000000e+00, model_type not set to unified
BACKGROUND_INIT ENTERED: Lambda=0.00e+00
DEBUG BG_INIT ENTRY: model_type=0
DEBUG AFTER CHECKS: model_type=0 has_ridder=0
RIDDER DEBUG (background_init): [mcmc] Progress @ 2025-11-27 03:43:37 : 1 steps taken, and 0 accepted.
[mcmc] Progress @ 2025-11-27 03:44:48 : 11 steps taken, and 3 accepted.
has_ridder=0, Lambda_EDE_ridder=0.000000e+00, f_axion_ridder=1.000000e+16, theta_i_ridder=2.500000e+00, beta_ridder=0.000000e+00
BG_INIT: entering background_checks
BG_INIT: background_checks OK
DEBUG SHOOTING CHECK: has_ridder=0, model_type=0 (unified=1), use_shooting_EDE=0
BG_INIT: entering background_solve
BACKGROUND_SOLVE ENTERED: has_ridder=0 Lambda=0.00e+00
ABOUT TO INTEGRATE: bi_size=6 has_ridder=0 Lambda=0.00e+00
DERIVS_ENTRY: call#=15000 has_ridder=0 Lambda=0.00e+00 a=1.51e-08
BG_INIT: background_solve OK
INPUT_READ: ridder_freeze_phi = 0 _TRUE_=1 (after class_read_flag)
DEBUG: Ridder field DISABLED. Lambda = 0.000000e+00
INPUT_READ: ridder_freeze_phi = 0 _TRUE_=1 (after class_read_flag)
DEBUG: Ridder field DISABLED. Lambda = 0.000000e+00, model_type not set to unified
BACKGROUND_INIT ENTERED: Lambda=0.00e+00
DEBUG BG_INIT ENTRY: model_type=0
DEBUG AFTER CHECKS: model_type=0 has_ridder=0
RIDDER DEBUG (background_init): has_ridder=0, Lambda_EDE_ridder=0.000000e+00, f_axion_ridder=1.000000e+16, theta_i_ridder=2.500000e+00, beta_ridder=0.000000e+00
BG_INIT: entering background_checks
BG_INIT: background_checks OK
DEBUG SHOOTING CHECK: has_ridder=0, model_type=0 (unified=1), use_shooting_EDE=0
BG_INIT: entering background_solve
BACKGROUND_SOLVE ENTERED: has_ridder=0 Lambda=0.00e+00
ABOUT TO INTEGRATE: bi_size=6 has_ridder=0 Lambda=0.00e+00
DERIVS_ENTRY: call#=20000 has_ridder=0 Lambda=0.00e+00 a=2.83e-03
BG_INIT: background_solve OK
INPUT_READ: ridder_freeze_phi = 0 _TRUE_=1 (after class_read_flag)
DEBUG: Ridder field DISABLED. Lambda = 0.000000e+00
INPUT_READ: ridder_freeze_phi = 0 _TRUE_=1 (after class_read_flag)
DEBUG: Ridder field DISABLED. Lambda = 0.000000e+00, model_type not set to unified
BACKGROUND_INIT ENTERED: Lambda=0.00e+00
DEBUG BG_INIT ENTRY: model_type=0
DEBUG AFTER CHECKS: model_type=0 has_ridder=0
RIDDER DEBUG (background_init): has_ridder=0, Lambda_EDE_ridder=0.000000e+00, f_axion_ridder=1.000000e+16, theta_i_ridder=2.500000e+00, beta_ridder=0.000000e+00
BG_INIT: entering background_checks
BG_INIT: background_checks OK
DEBUG SHOOTING CHECK: has_ridder=0, model_type=0 (unified=1), use_shooting_EDE=0
BG_INIT: entering background_solve
BACKGROUND_SOLVE ENTERED: has_ridder=0 Lambda=0.00e+00
ABOUT TO INTEGRATE: bi_size=6 has_ridder=0 Lambda=0.00e+00
BG_INIT: background_solve OK
INPUT_READ: ridder_freeze_phi = 0 _TRUE_=1 (after class_read_flag)
DEBUG: Ridder field DISABLED. Lambda = 0.000000e+00
INPUT_READ: ridder_freeze_phi = 0 _TRUE_=1 (after class_read_flag)
DEBUG: Ridder field DISABLED. Lambda = 0.000000e+00, model_type not set to unified
BACKGROUND_INIT ENTERED: Lambda=0.00e+00
DEBUG BG_INIT ENTRY: model_type=0
DEBUG AFTER CHECKS: model_type=0 has_ridder=0
RIDDER DEBUG (background_init): has_ridder=0, Lambda_EDE_ridder=0.000000e+00, f_axion_ridder=1.000000e+16, theta_i_ridder=2.500000e+00, beta_ridder=0.000000e+00
BG_INIT: entering background_checks
BG_INIT: background_checks OK
DEBUG SHOOTING CHECK: has_ridder=0, model_type=0 (unified=1), use_shooting_EDE=0
BG_INIT: entering background_solve
BACKGROUND_SOLVE ENTERED: has_ridder=0 Lambda=0.00e+00
ABOUT TO INTEGRATE: bi_size=6 has_ridder=0 Lambda=0.00e+00
DERIVS_ENTRY: call#=25000 has_ridder=0 Lambda=0.00e+00 a=2.05e-09
BG_INIT: background_solve OK
INPUT_READ: ridder_freeze_phi = 0 _TRUE_=1 (after class_read_flag)
DEBUG: Ridder field DISABLED. Lambda = 0.000000e+00
INPUT_READ: ridder_freeze_phi = 0 _TRUE_=1 (after class_read_flag)
DEBUG: Ridder field DISABLED. Lambda = 0.000000e+00, model_type not set to unified
BACKGROUND_INIT ENTERED: Lambda=0.00e+00
DEBUG BG_INIT ENTRY: model_type=0
DEBUG AFTER CHECKS: model_type=0 has_ridder=0
RIDDER DEBUG (background_init): has_ridder=0, Lambda_EDE_ridder=0.000000e+00, f_axion_ridder=1.000000e+16, theta_i_ridder=2.500000e+00, beta_ridder=0.000000e+00
BG_INIT: entering background_checks
BG_INIT: background_checks OK
DEBUG SHOOTING CHECK: has_ridder=0, model_type=0 (unified=1), use_shooting_EDE=0
BG_INIT: entering background_solve
BACKGROUND_SOLVE ENTERED: has_ridder=0 Lambda=0.00e+00
ABOUT TO INTEGRATE: bi_size=[mcmc] Progress @ 2025-11-27 03:46:09 : 29 steps taken, and 8 accepted.
[mcmc] Progress @ 2025-11-27 03:47:25 : 41 steps taken, and 13 accepted.
[mcmc] Progress @ 2025-11-27 03:48:54 : 62 steps taken, and 17 accepted.
6 has_ridder=0 Lambda=0.00e+00
DERIVS_ENTRY: call#=30000 has_ridder=0 Lambda=0.00e+00 a=1.01e-04
BG_INIT: background_solve OK
INPUT_READ: ridder_freeze_phi = 0 _TRUE_=1 (after class_read_flag)
DEBUG: Ridder field DISABLED. Lambda = 0.000000e+00
INPUT_READ: ridder_freeze_phi = 0 _TRUE_=1 (after class_read_flag)
DEBUG: Ridder field DISABLED. Lambda = 0.000000e+00, model_type not set to unified
BACKGROUND_INIT ENTERED: Lambda=0.00e+00
DEBUG BG_INIT ENTRY: model_type=0
DEBUG AFTER CHECKS: model_type=0 has_ridder=0
RIDDER DEBUG (background_init): has_ridder=0, Lambda_EDE_ridder=0.000000e+00, f_axion_ridder=1.000000e+16, theta_i_ridder=2.500000e+00, beta_ridder=0.000000e+00
BG_INIT: entering background_checks
BG_INIT: background_checks OK
DEBUG SHOOTING CHECK: has_ridder=0, model_type=0 (unified=1), use_shooting_EDE=0
BG_INIT: entering background_solve
BACKGROUND_SOLVE ENTERED: has_ridder=0 Lambda=0.00e+00
ABOUT TO INTEGRATE: bi_size=6 has_ridder=0 Lambda=0.00e+00
BG_INIT: background_solve OK
INPUT_READ: ridder_freeze_phi = 0 _TRUE_=1 (after class_read_flag)
DEBUG: Ridder field DISABLED. Lambda = 0.000000e+00
INPUT_READ: ridder_freeze_phi = 0 _TRUE_=1 (after class_read_flag)
DEBUG: Ridder field DISABLED. Lambda = 0.000000e+00, model_type not set to unified
BACKGROUND_INIT ENTERED: Lambda=0.00e+00
DEBUG BG_INIT ENTRY: model_type=0
DEBUG AFTER CHECKS: model_type=0 has_ridder=0
RIDDER DEBUG (background_init): has_ridder=0, Lambda_EDE_ridder=0.000000e+00, f_axion_ridder=1.000000e+16, theta_i_ridder=2.500000e+00, beta_ridder=0.000000e+00
BG_INIT: entering background_checks
BG_INIT: background_checks OK
DEBUG SHOOTING CHECK: has_ridder=0, model_type=0 (unified=1), use_shooting_EDE=0
BG_INIT: entering background_solve
BACKGROUND_SOLVE ENTERED: has_ridder=0 Lambda=0.00e+00
ABOUT TO INTEGRATE: bi_size=6 has_ridder=0 Lambda=0.00e+00
DERIVS_ENTRY: call#=35000 has_ridder=0 Lambda=0.00e+00 a=3.17e-10
BG_INIT: background_solve OK
INPUT_READ: ridder_freeze_phi = 0 _TRUE_=1 (after class_read_flag)
DEBUG: Ridder field DISABLED. Lambda = 0.000000e+00
INPUT_READ: ridder_freeze_phi = 0 _TRUE_=1 (after class_read_flag)
DEBUG: Ridder field DISABLED. Lambda = 0.000000e+00, model_type not set to unified
BACKGROUND_INIT ENTERED: Lambda=0.00e+00
DEBUG BG_INIT ENTRY: model_type=0
DEBUG AFTER CHECKS: model_type=0 has_ridder=0
RIDDER DEBUG (background_init): has_ridder=0, Lambda_EDE_ridder=0.000000e+00, f_axion_ridder=1.000000e+16, theta_i_ridder=2.500000e+00, beta_ridder=0.000000e+00
BG_INIT: entering background_checks
BG_INIT: background_checks OK
DEBUG SHOOTING CHECK: has_ridder=0, model_type=0 (unified=1), use_shooting_EDE=0
BG_INIT: entering background_solve
BACKGROUND_SOLVE ENTERED: has_ridder=0 Lambda=0.00e+00
ABOUT TO INTEGRATE: bi_size=6 has_ridder=0 Lambda=0.00e+00
DERIVS_ENTRY: call#=40000 has_ridder=0 Lambda=0.00e+00 a=1.58e-05
BG_INIT: background_solve OK
INPUT_READ: ridder_freeze_phi = 0 _TRUE_=1 (after class_read_flag)
DEBUG: Ridder field DISABLED. Lambda = 0.000000e+00
INPUT_READ: ridder_freeze_phi = 0 _TRUE_=1 (after class_read_flag)
DEBUG: Ridder field DISABLED. Lambda = 0.000000e+00, model_type not set to unified
BACKGROUND_INIT ENTERED: Lambda=0.00e+00
DEBUG BG_INIT ENTRY: model_type=0
DEBUG AFTER CHECKS: model_type=0 has_ridder=0
RIDDER DEBUG (background_init): has_ridder=0, Lambda_EDE_ridder=0.000000e+00, f_axion_ridder=1.000000e+16, theta_i_ridder=2.500000e+00, beta_ridder=0.000000e+00
BG_INIT: entering background_checks
BG_INIT: background_checks OK
DEBUG SHOOTING CHECK: has_ridder=0, model_type=0 (unified=1), use_shooting_EDE=0
BG_INIT: entering background_solve
BACKGROUND_SOLVE ENTERED: has_ridder=0 Lambda=0.00e+00
ABOUT TO INTEGRATE: bi_size=6 has_ridder=0 Lambda=0.00e+00
BG_INIT: background_solve OK
INPUT_READ: ridder_freeze_phi = 0 _TRUE_=1 (after class_read_flag)
DEBUG: Ridder field DISABLED. Lambda = 0.000000e+00
INPUT_READ: ridder_freeze_phi = 0 _TRUE_=1 (after class_read_flag)
DEBUG: Ridder field DISABLED. Lambda = 0.000000e+00, model_type not set to unified
BACKGROUND_INIT ENTERED: Lambda=0.00e+00
DEBUG BG_INIT ENTRY: mod[mcmc] Progress @ 2025-11-27 03:49:57 : 77 steps taken, and 22 accepted.
[mcmc] Progress @ 2025-11-27 03:51:39 : 94 steps taken, and 26 accepted.
el_type=0
DEBUG AFTER CHECKS: model_type=0 has_ridder=0
RIDDER DEBUG (background_init): has_ridder=0, Lambda_EDE_ridder=0.000000e+00, f_axion_ridder=1.000000e+16, theta_i_ridder=2.500000e+00, beta_ridder=0.000000e+00
BG_INIT: entering background_checks
BG_INIT: background_checks OK
DEBUG SHOOTING CHECK: has_ridder=0, model_type=0 (unified=1), use_shooting_EDE=0
BG_INIT: entering background_solve
BACKGROUND_SOLVE ENTERED: has_ridder=0 Lambda=0.00e+00
ABOUT TO INTEGRATE: bi_size=6 has_ridder=0 Lambda=0.00e+00
DERIVS_ENTRY: call#=45000 has_ridder=0 Lambda=0.00e+00 a=4.69e-11
BG_INIT: background_solve OK
INPUT_READ: ridder_freeze_phi = 0 _TRUE_=1 (after class_read_flag)
DEBUG: Ridder field DISABLED. Lambda = 0.000000e+00
INPUT_READ: ridder_freeze_phi = 0 _TRUE_=1 (after class_read_flag)
DEBUG: Ridder field DISABLED. Lambda = 0.000000e+00, model_type not set to unified
BACKGROUND_INIT ENTERED: Lambda=0.00e+00
DEBUG BG_INIT ENTRY: model_type=0
DEBUG AFTER CHECKS: model_type=0 has_ridder=0
RIDDER DEBUG (background_init): has_ridder=0, Lambda_EDE_ridder=0.000000e+00, f_axion_ridder=1.000000e+16, theta_i_ridder=2.500000e+00, beta_ridder=0.000000e+00
BG_INIT: entering background_checks
BG_INIT: background_checks OK
DEBUG SHOOTING CHECK: has_ridder=0, model_type=0 (unified=1), use_shooting_EDE=0
BG_INIT: entering background_solve
BACKGROUND_SOLVE ENTERED: has_ridder=0 Lambda=0.00e+00
ABOUT TO INTEGRATE: bi_size=6 has_ridder=0 Lambda=0.00e+00
DERIVS_ENTRY: call#=50000 has_ridder=0 Lambda=0.00e+00 a=2.37e-06
BG_INIT: background_solve OK
INPUT_READ: ridder_freeze_phi = 0 _TRUE_=1 (after class_read_flag)
DEBUG: Ridder field DISABLED. Lambda = 0.000000e+00
INPUT_READ: ridder_freeze_phi = 0 _TRUE_=1 (after class_read_flag)
DEBUG: Ridder field DISABLED. Lambda = 0.000000e+00, model_type not set to unified
BACKGROUND_INIT ENTERED: Lambda=0.00e+00
DEBUG BG_INIT ENTRY: model_type=0
DEBUG AFTER CHECKS: model_type=0 has_ridder=0
RIDDER DEBUG (background_init): has_ridder=0, Lambda_EDE_ridder=0.000000e+00, f_axion_ridder=1.000000e+16, theta_i_ridder=2.500000e+00, beta_ridder=0.000000e+00
BG_INIT: entering background_checks
BG_INIT: background_checks OK
DEBUG SHOOTING CHECK: has_ridder=0, model_type=0 (unified=1), use_shooting_EDE=0
BG_INIT: entering background_solve
BACKGROUND_SOLVE ENTERED: has_ridder=0 Lambda=0.00e+00
ABOUT TO INTEGRATE: bi_size=6 has_ridder=0 Lambda=0.00e+00
BG_INIT: background_solve OK
INPUT_READ: ridder_freeze_phi = 0 _TRUE_=1 (after class_read_flag)
DEBUG: Ridder field DISABLED. Lambda = 0.000000e+00
INPUT_READ: ridder_freeze_phi = 0 _TRUE_=1 (after class_read_flag)
DEBUG: Ridder field DISABLED. Lambda = 0.000000e+00, model_type not set to unified
BACKGROUND_INIT ENTERED: Lambda=0.00e+00
DEBUG BG_INIT ENTRY: model_type=0
DEBUG AFTER CHECKS: model_type=0 has_ridder=0
RIDDER DEBUG (background_init): has_ridder=0, Lambda_EDE_ridder=0.000000e+00, f_axion_ridder=1.000000e+16, theta_i_ridder=2.500000e+00, beta_ridder=0.000000e+00
BG_INIT: entering background_checks
BG_INIT: background_checks OK
DEBUG SHOOTING CHECK: has_ridder=0, model_type=0 (unified=1), use_shooting_EDE=0
BG_INIT: entering background_solve
BACKGROUND_SOLVE ENTERED: has_ridder=0 Lambda=0.00e+00
ABOUT TO INTEGRATE: bi_size=6 has_ridder=0 Lambda=0.00e+00
DERIVS_ENTRY: call#=55000 has_ridder=0 Lambda=0.00e+00 a=1.26e-13
BG_INIT: background_solve OK
INPUT_READ: ridder_freeze_phi = 0 _TRUE_=1 (after class_read_flag)
DEBUG: Ridder field DISABLED. Lambda = 0.000000e+00
INPUT_READ: ridder_freeze_phi = 0 _TRUE_=1 (after class_read_flag)
DEBUG: Ridder field DISABLED. Lambda = 0.000000e+00, model_type not set to unified
BACKGROUND_INIT ENTERED: Lambda=0.00e+00
DEBUG BG_INIT ENTRY: model_type=0
DEBUG AFTER CHECKS: model_type=0 has_ridder=0
RIDDER DEBUG (background_init): has_ridder=0, Lambda_EDE_ridder=0.000000e+00, f_axion_ridder=1.000000e+16, theta_i_ridder=2.500000e+00, beta_ridder=0.000000e+00
BG_INIT: entering background_checks
BG_INIT: background_checks OK
DEBUG SHOOTING CHECK: has_ridder=0, model_type=0 (unified=1), use_shooting_EDE=0
BG_INIT: entering background_s[mcmc] Progress @ 2025-11-27 03:53:12 : 103 steps taken, and 26 accepted.
[mcmc] Progress @ 2025-11-27 03:54:16 : 130 steps taken, and 33 accepted.
[mcmc] Progress @ 2025-11-27 03:55:45 : 134 steps taken, and 33 accepted.
[mcmc] Progress @ 2025-11-27 03:57:16 : 173 steps taken, and 42 accepted.
olve
BACKGROUND_SOLVE ENTERED: has_ridder=0 Lambda=0.00e+00
ABOUT TO INTEGRATE: bi_size=6 has_ridder=0 Lambda=0.00e+00
DERIVS_ENTRY: call#=60000 has_ridder=0 Lambda=0.00e+00 a=3.60e-07
BG_INIT: background_solve OK
INPUT_READ: ridder_freeze_phi = 0 _TRUE_=1 (after class_read_flag)
DEBUG: Ridder field DISABLED. Lambda = 0.000000e+00
INPUT_READ: ridder_freeze_phi = 0 _TRUE_=1 (after class_read_flag)
DEBUG: Ridder field DISABLED. Lambda = 0.000000e+00, model_type not set to unified
BACKGROUND_INIT ENTERED: Lambda=0.00e+00
DEBUG BG_INIT ENTRY: model_type=0
DEBUG AFTER CHECKS: model_type=0 has_ridder=0
RIDDER DEBUG (background_init): has_ridder=0, Lambda_EDE_ridder=0.000000e+00, f_axion_ridder=1.000000e+16, theta_i_ridder=2.500000e+00, beta_ridder=0.000000e+00
BG_INIT: entering background_checks
BG_INIT: background_checks OK
DEBUG SHOOTING CHECK: has_ridder=0, model_type=0 (unified=1), use_shooting_EDE=0
BG_INIT: entering background_solve
BACKGROUND_SOLVE ENTERED: has_ridder=0 Lambda=0.00e+00
ABOUT TO INTEGRATE: bi_size=6 has_ridder=0 Lambda=0.00e+00
DERIVS_ENTRY: call#=65000 has_ridder=0 Lambda=0.00e+00 a=5.48e-01
BG_INIT: background_solve OK
INPUT_READ: ridder_freeze_phi = 0 _TRUE_=1 (after class_read_flag)
DEBUG: Ridder field DISABLED. Lambda = 0.000000e+00
INPUT_READ: ridder_freeze_phi = 0 _TRUE_=1 (after class_read_flag)
DEBUG: Ridder field DISABLED. Lambda = 0.000000e+00, model_type not set to unified
BACKGROUND_INIT ENTERED: Lambda=0.00e+00
DEBUG BG_INIT ENTRY: model_type=0
DEBUG AFTER CHECKS: model_type=0 has_ridder=0
RIDDER DEBUG (background_init): has_ridder=0, Lambda_EDE_ridder=0.000000e+00, f_axion_ridder=1.000000e+16, theta_i_ridder=2.500000e+00, beta_ridder=0.000000e+00
BG_INIT: entering background_checks
BG_INIT: background_checks OK
DEBUG SHOOTING CHECK: has_ridder=0, model_type=0 (unified=1), use_shooting_EDE=0
BG_INIT: entering background_solve
BACKGROUND_SOLVE ENTERED: has_ridder=0 Lambda=0.00e+00
ABOUT TO INTEGRATE: bi_size=6 has_ridder=0 Lambda=0.00e+00
BG_INIT: background_solve OK
INPUT_READ: ridder_freeze_phi = 0 _TRUE_=1 (after class_read_flag)
DEBUG: Ridder field DISABLED. Lambda = 0.000000e+00
INPUT_READ: ridder_freeze_phi = 0 _TRUE_=1 (after class_read_flag)
DEBUG: Ridder field DISABLED. Lambda = 0.000000e+00, model_type not set to unified
BACKGROUND_INIT ENTERED: Lambda=0.00e+00
DEBUG BG_INIT ENTRY: model_type=0
DEBUG AFTER CHECKS: model_type=0 has_ridder=0
RIDDER DEBUG (background_init): has_ridder=0, Lambda_EDE_ridder=0.000000e+00, f_axion_ridder=1.000000e+16, theta_i_ridder=2.500000e+00, beta_ridder=0.000000e+00
BG_INIT: entering background_checks
BG_INIT: background_checks OK
DEBUG SHOOTING CHECK: has_ridder=0, model_type=0 (unified=1), use_shooting_EDE=0
BG_INIT: entering background_solve
BACKGROUND_SOLVE ENTERED: has_ridder=0 Lambda=0.00e+00
ABOUT TO INTEGRATE: bi_size=6 has_ridder=0 Lambda=0.00e+00
DERIVS_ENTRY: call#=70000 has_ridder=0 Lambda=0.00e+00 a=5.26e-08
BG_INIT: background_solve OK
INPUT_READ: ridder_freeze_phi = 0 _TRUE_=1 (after class_read_flag)
DEBUG: Ridder field DISABLED. Lambda = 0.000000e+00
INPUT_READ: ridder_freeze_phi = 0 _TRUE_=1 (after class_read_flag)
DEBUG: Ridder field DISABLED. Lambda = 0.000000e+00, model_type not set to unified
BACKGROUND_INIT ENTERED: Lambda=0.00e+00
DEBUG BG_INIT ENTRY: model_type=0
DEBUG AFTER CHECKS: model_type=0 has_ridder=0
RIDDER DEBUG (background_init): has_ridder=0, Lambda_EDE_ridder=0.000000e+00, f_axion_ridder=1.000000e+16, theta_i_ridder=2.500000e+00, beta_ridder=0.000000e+00
BG_INIT: entering background_checks
BG_INIT: background_checks OK
DEBUG SHOOTING CHECK: has_ridder=0, model_type=0 (unified=1), use_shooting_EDE=0
BG_INIT: entering background_solve
BACKGROUND_SOLVE ENTERED: has_ridder=0 Lambda=0.00e+00
ABOUT TO INTEGRATE: bi_size=6 has_ridder=0 Lambda=0.00e+00
DERIVS_ENTRY: call#=75000 has_ridder=0 Lambda=0.00e+00 a=3.52e-02
BG_INIT: background_solve OK
INPUT_READ: ridder_freeze_phi = 0 _TRUE_=1 (after class_read_flag)
DEBUG: Ridder field DISABLED. Lambda = 0.000000e+00
INPUT_READ: ridder_freeze_phi = 0 _TRUE_=1 (after class_read_[mcmc] Progress @ 2025-11-27 03:58:16 : 186 steps taken, and 46 accepted.
[mcmc] Progress @ 2025-11-27 03:59:54 : 189 steps taken, and 46 accepted.
flag)
DEBUG: Ridder field DISABLED. Lambda = 0.000000e+00, model_type not set to unified
BACKGROUND_INIT ENTERED: Lambda=0.00e+00
DEBUG BG_INIT ENTRY: model_type=0
DEBUG AFTER CHECKS: model_type=0 has_ridder=0
RIDDER DEBUG (background_init): has_ridder=0, Lambda_EDE_ridder=0.000000e+00, f_axion_ridder=1.000000e+16, theta_i_ridder=2.500000e+00, beta_ridder=0.000000e+00
BG_INIT: entering background_checks
BG_INIT: background_checks OK
DEBUG SHOOTING CHECK: has_ridder=0, model_type=0 (unified=1), use_shooting_EDE=0
BG_INIT: entering background_solve
BACKGROUND_SOLVE ENTERED: has_ridder=0 Lambda=0.00e+00
ABOUT TO INTEGRATE: bi_size=6 has_ridder=0 Lambda=0.00e+00
BG_INIT: background_solve OK
INPUT_READ: ridder_freeze_phi = 0 _TRUE_=1 (after class_read_flag)
DEBUG: Ridder field DISABLED. Lambda = 0.000000e+00
INPUT_READ: ridder_freeze_phi = 0 _TRUE_=1 (after class_read_flag)
DEBUG: Ridder field DISABLED. Lambda = 0.000000e+00, model_type not set to unified
BACKGROUND_INIT ENTERED: Lambda=0.00e+00
DEBUG BG_INIT ENTRY: model_type=0
DEBUG AFTER CHECKS: model_type=0 has_ridder=0
RIDDER DEBUG (background_init): has_ridder=0, Lambda_EDE_ridder=0.000000e+00, f_axion_ridder=1.000000e+16, theta_i_ridder=2.500000e+00, beta_ridder=0.000000e+00
BG_INIT: entering background_checks
BG_INIT: background_checks OK
DEBUG SHOOTING CHECK: has_ridder=0, model_type=0 (unified=1), use_shooting_EDE=0
BG_INIT: entering background_solve
BACKGROUND_SOLVE ENTERED: has_ridder=0 Lambda=0.00e+00
ABOUT TO INTEGRATE: bi_size=6 has_ridder=0 Lambda=0.00e+00
DERIVS_ENTRY: call#=80000 has_ridder=0 Lambda=0.00e+00 a=7.48e-09
BG_INIT: background_solve OK
INPUT_READ: ridder_freeze_phi = 0 _TRUE_=1 (after class_read_flag)
DEBUG: Ridder field DISABLED. Lambda = 0.000000e+00
INPUT_READ: ridder_freeze_phi = 0 _TRUE_=1 (after class_read_flag)
DEBUG: Ridder field DISABLED. Lambda = 0.000000e+00, model_type not set to unified
BACKGROUND_INIT ENTERED: Lambda=0.00e+00
DEBUG BG_INIT ENTRY: model_type=0
DEBUG AFTER CHECKS: model_type=0 has_ridder=0
RIDDER DEBUG (background_init): has_ridder=0, Lambda_EDE_ridder=0.000000e+00, f_axion_ridder=1.000000e+16, theta_i_ridder=2.500000e+00, beta_ridder=0.000000e+00
BG_INIT: entering background_checks
BG_INIT: background_checks OK
DEBUG SHOOTING CHECK: has_ridder=0, model_type=0 (unified=1), use_shooting_EDE=0
BG_INIT: entering background_solve
BACKGROUND_SOLVE ENTERED: has_ridder=0 Lambda=0.00e+00
ABOUT TO INTEGRATE: bi_size=6 has_ridder=0 Lambda=0.00e+00
DERIVS_ENTRY: call#=85000 has_ridder=0 Lambda=0.00e+00 a=7.64e-04
BG_INIT: background_solve OK
INPUT_READ: ridder_freeze_phi = 0 _TRUE_=1 (after class_read_flag)
DEBUG: Ridder field DISABLED. Lambda = 0.000000e+00
INPUT_READ: ridder_freeze_phi = 0 _TRUE_=1 (after class_read_flag)
DEBUG: Ridder field DISABLED. Lambda = 0.000000e+00, model_type not set to unified
BACKGROUND_INIT ENTERED: Lambda=0.00e+00
DEBUG BG_INIT ENTRY: model_type=0
DEBUG AFTER CHECKS: model_type=0 has_ridder=0
RIDDER DEBUG (background_init): has_ridder=0, Lambda_EDE_ridder=0.000000e+00, f_axion_ridder=1.000000e+16, theta_i_ridder=2.500000e+00, beta_ridder=0.000000e+00
BG_INIT: entering background_checks
BG_INIT: background_checks OK
DEBUG SHOOTING CHECK: has_ridder=0, model_type=0 (unified=1), use_shooting_EDE=0
BG_INIT: entering background_solve
BACKGROUND_SOLVE ENTERED: has_ridder=0 Lambda=0.00e+00
ABOUT TO INTEGRATE: bi_size=6 has_ridder=0 Lambda=0.00e+00
BG_INIT: background_solve OK
INPUT_READ: ridder_freeze_phi = 0 _TRUE_=1 (after class_read_flag)
DEBUG: Ridder field DISABLED. Lambda = 0.000000e+00
INPUT_READ: ridder_freeze_phi = 0 _TRUE_=1 (after class_read_flag)
DEBUG: Ridder field DISABLED. Lambda = 0.000000e+00, model_type not set to unified
BACKGROUND_INIT ENTERED: Lambda=0.00e+00
DEBUG BG_INIT ENTRY: model_type=0
DEBUG AFTER CHECKS: model_type=0 has_ridder=0
RIDDER DEBUG (background_init): has_ridder=0, Lambda_EDE_ridder=0.000000e+00, f_axion_ridder=1.000000e+16, theta_i_ridder=2.500000e+00, beta_ridder=0.000000e+00
BG_INIT: entering background_checks
BG_INIT: background_checks OK
DEBUG SHOOTING CHECK: h[mcmc] Progress @ 2025-11-27 04:01:34 : 191 steps taken, and 46 accepted.
[mcmc] Progress @ 2025-11-27 04:02:35 : 196 steps taken, and 47 accepted.
[mcmc] Progress @ 2025-11-27 04:03:36 : 201 steps taken, and 49 accepted.
[mcmc] Progress @ 2025-11-27 04:04:47 : 210 steps taken, and 52 accepted.
[mcmc] Progress @ 2025-11-27 04:05:48 : 214 steps taken, and 52 accepted.
as_ridder=0, model_type=0 (unified=1), use_shooting_EDE=0
BG_INIT: entering background_solve
BACKGROUND_SOLVE ENTERED: has_ridder=0 Lambda=0.00e+00
ABOUT TO INTEGRATE: bi_size=6 has_ridder=0 Lambda=0.00e+00
DERIVS_ENTRY: call#=90000 has_ridder=0 Lambda=0.00e+00 a=1.19e-09
BG_INIT: background_solve OK
INPUT_READ: ridder_freeze_phi = 0 _TRUE_=1 (after class_read_flag)
DEBUG: Ridder field DISABLED. Lambda = 0.000000e+00
INPUT_READ: ridder_freeze_phi = 0 _TRUE_=1 (after class_read_flag)
DEBUG: Ridder field DISABLED. Lambda = 0.000000e+00, model_type not set to unified
BACKGROUND_INIT ENTERED: Lambda=0.00e+00
DEBUG BG_INIT ENTRY: model_type=0
DEBUG AFTER CHECKS: model_type=0 has_ridder=0
RIDDER DEBUG (background_init): has_ridder=0, Lambda_EDE_ridder=0.000000e+00, f_axion_ridder=1.000000e+16, theta_i_ridder=2.500000e+00, beta_ridder=0.000000e+00
BG_INIT: entering background_checks
BG_INIT: background_checks OK
DEBUG SHOOTING CHECK: has_ridder=0, model_type=0 (unified=1), use_shooting_EDE=0
BG_INIT: entering background_solve
BACKGROUND_SOLVE ENTERED: has_ridder=0 Lambda=0.00e+00
ABOUT TO INTEGRATE: bi_size=6 has_ridder=0 Lambda=0.00e+00
DERIVS_ENTRY: call#=95000 has_ridder=0 Lambda=0.00e+00 a=5.90e-05
BG_INIT: background_solve OK
INPUT_READ: ridder_freeze_phi = 0 _TRUE_=1 (after class_read_flag)
DEBUG: Ridder field DISABLED. Lambda = 0.000000e+00
INPUT_READ: ridder_freeze_phi = 0 _TRUE_=1 (after class_read_flag)
DEBUG: Ridder field DISABLED. Lambda = 0.000000e+00, model_type not set to unified
BACKGROUND_INIT ENTERED: Lambda=0.00e+00
DEBUG BG_INIT ENTRY: model_type=0
DEBUG AFTER CHECKS: model_type=0 has_ridder=0
RIDDER DEBUG (background_init): has_ridder=0, Lambda_EDE_ridder=0.000000e+00, f_axion_ridder=1.000000e+16, theta_i_ridder=2.500000e+00, beta_ridder=0.000000e+00
BG_INIT: entering background_checks
BG_INIT: background_checks OK
DEBUG SHOOTING CHECK: has_ridder=0, model_type=0 (unified=1), use_shooting_EDE=0
BG_INIT: entering background_solve
BACKGROUND_SOLVE ENTERED: has_ridder=0 Lambda=0.00e+00
ABOUT TO INTEGRATE: bi_size=6 has_ridder=0 Lambda=0.00e+00
BG_INIT: background_solve OK
INPUT_READ: ridder_freeze_phi = 0 _TRUE_=1 (after class_read_flag)
DEBUG: Ridder field DISABLED. Lambda = 0.000000e+00
INPUT_READ: ridder_freeze_phi = 0 _TRUE_=1 (after class_read_flag)
DEBUG: Ridder field DISABLED. Lambda = 0.000000e+00, model_type not set to unified
BACKGROUND_INIT ENTERED: Lambda=0.00e+00
DEBUG BG_INIT ENTRY: model_type=0
DEBUG AFTER CHECKS: model_type=0 has_ridder=0
RIDDER DEBUG (background_init): has_ridder=0, Lambda_EDE_ridder=0.000000e+00, f_axion_ridder=1.000000e+16, theta_i_ridder=2.500000e+00, beta_ridder=0.000000e+00
BG_INIT: entering background_checks
BG_INIT: background_checks OK
DEBUG SHOOTING CHECK: has_ridder=0, model_type=0 (unified=1), use_shooting_EDE=0
BG_INIT: entering background_solve
BACKGROUND_SOLVE ENTERED: has_ridder=0 Lambda=0.00e+00
ABOUT TO INTEGRATE: bi_size=6 has_ridder=0 Lambda=0.00e+00
DERIVS_ENTRY: call#=100000 has_ridder=0 Lambda=0.00e+00 a=1.71e-10
BG_INIT: background_solve OK
INPUT_READ: ridder_freeze_phi = 0 _TRUE_=1 (after class_read_flag)
DEBUG: Ridder field DISABLED. Lambda = 0.000000e+00
INPUT_READ: ridder_freeze_phi = 0 _TRUE_=1 (after class_read_flag)
DEBUG: Ridder field DISABLED. Lambda = 0.000000e+00, model_type not set to unified
BACKGROUND_INIT ENTERED: Lambda=0.00e+00
DEBUG BG_INIT ENTRY: model_type=0
DEBUG AFTER CHECKS: model_type=0 has_ridder=0
RIDDER DEBUG (background_init): has_ridder=0, Lambda_EDE_ridder=0.000000e+00, f_axion_ridder=1.000000e+16, theta_i_ridder=2.500000e+00, beta_ridder=0.000000e+00
BG_INIT: entering background_checks
BG_INIT: background_checks OK
DEBUG SHOOTING CHECK: has_ridder=0, model_type=0 (unified=1), use_shooting_EDE=0
BG_INIT: entering background_solve
BACKGROUND_SOLVE ENTERED: has_ridder=0 Lambda=0.00e+00
ABOUT TO INTEGRATE: bi_size=6 has_ridder=0 Lambda=0.00e+00
DERIVS_ENTRY: call#=105000 has_ridder=0 Lambda=0.00e+00 a=7.83e-06
BG_INIT: background_solve OK
INPUT_READ: ridder_freeze_phi = 0 _TRUE_=1 (after class_read_flag)
DEBUG: Ridder field DIS[mcmc] Progress @ 2025-11-27 04:06:49 : 219 steps taken, and 53 accepted.
[mcmc] Progress @ 2025-11-27 04:07:55 : 227 steps taken, and 54 accepted.
[mcmc] Progress @ 2025-11-27 04:08:55 : 231 steps taken, and 55 accepted.
[mcmc] Progress @ 2025-11-27 04:10:15 : 248 steps taken, and 58 accepted.
ABLED. Lambda = 0.000000e+00
INPUT_READ: ridder_freeze_phi = 0 _TRUE_=1 (after class_read_flag)
DEBUG: Ridder field DISABLED. Lambda = 0.000000e+00, model_type not set to unified
BACKGROUND_INIT ENTERED: Lambda=0.00e+00
DEBUG BG_INIT ENTRY: model_type=0
DEBUG AFTER CHECKS: model_type=0 has_ridder=0
RIDDER DEBUG (background_init): has_ridder=0, Lambda_EDE_ridder=0.000000e+00, f_axion_ridder=1.000000e+16, theta_i_ridder=2.500000e+00, beta_ridder=0.000000e+00
BG_INIT: entering background_checks
BG_INIT: background_checks OK
DEBUG SHOOTING CHECK: has_ridder=0, model_type=0 (unified=1), use_shooting_EDE=0
BG_INIT: entering background_solve
BACKGROUND_SOLVE ENTERED: has_ridder=0 Lambda=0.00e+00
ABOUT TO INTEGRATE: bi_size=6 has_ridder=0 Lambda=0.00e+00
BG_INIT: background_solve OK
INPUT_READ: ridder_freeze_phi = 0 _TRUE_=1 (after class_read_flag)
DEBUG: Ridder field DISABLED. Lambda = 0.000000e+00
INPUT_READ: ridder_freeze_phi = 0 _TRUE_=1 (after class_read_flag)
DEBUG: Ridder field DISABLED. Lambda = 0.000000e+00, model_type not set to unified
BACKGROUND_INIT ENTERED: Lambda=0.00e+00
DEBUG BG_INIT ENTRY: model_type=0
DEBUG AFTER CHECKS: model_type=0 has_ridder=0
RIDDER DEBUG (background_init): has_ridder=0, Lambda_EDE_ridder=0.000000e+00, f_axion_ridder=1.000000e+16, theta_i_ridder=2.500000e+00, beta_ridder=0.000000e+00
BG_INIT: entering background_checks
BG_INIT: background_checks OK
DEBUG SHOOTING CHECK: has_ridder=0, model_type=0 (unified=1), use_shooting_EDE=0
BG_INIT: entering background_solve
BACKGROUND_SOLVE ENTERED: has_ridder=0 Lambda=0.00e+00
ABOUT TO INTEGRATE: bi_size=6 has_ridder=0 Lambda=0.00e+00
DERIVS_ENTRY: call#=110000 has_ridder=0 Lambda=0.00e+00 a=1.10e-11
BG_INIT: background_solve OK
INPUT_READ: ridder_freeze_phi = 0 _TRUE_=1 (after class_read_flag)
DEBUG: Ridder field DISABLED. Lambda = 0.000000e+00
INPUT_READ: ridder_freeze_phi = 0 _TRUE_=1 (after class_read_flag)
DEBUG: Ridder field DISABLED. Lambda = 0.000000e+00, model_type not set to unified
BACKGROUND_INIT ENTERED: Lambda=0.00e+00
DEBUG BG_INIT ENTRY: model_type=0
DEBUG AFTER CHECKS: model_type=0 has_ridder=0
RIDDER DEBUG (background_init): has_ridder=0, Lambda_EDE_ridder=0.000000e+00, f_axion_ridder=1.000000e+16, theta_i_ridder=2.500000e+00, beta_ridder=0.000000e+00
BG_INIT: entering background_checks
BG_INIT: background_checks OK
DEBUG SHOOTING CHECK: has_ridder=0, model_type=0 (unified=1), use_shooting_EDE=0
BG_INIT: entering background_solve
BACKGROUND_SOLVE ENTERED: has_ridder=0 Lambda=0.00e+00
ABOUT TO INTEGRATE: bi_size=6 has_ridder=0 Lambda=0.00e+00
DERIVS_ENTRY: call#=115000 has_ridder=0 Lambda=0.00e+00 a=1.33e-06
BG_INIT: background_solve OK
INPUT_READ: ridder_freeze_phi = 0 _TRUE_=1 (after class_read_flag)
DEBUG: Ridder field DISABLED. Lambda = 0.000000e+00
INPUT_READ: ridder_freeze_phi = 0 _TRUE_=1 (after class_read_flag)
DEBUG: Ridder field DISABLED. Lambda = 0.000000e+00, model_type not set to unified
BACKGROUND_INIT ENTERED: Lambda=0.00e+00
DEBUG BG_INIT ENTRY: model_type=0
DEBUG AFTER CHECKS: model_type=0 has_ridder=0
RIDDER DEBUG (background_init): has_ridder=0, Lambda_EDE_ridder=0.000000e+00, f_axion_ridder=1.000000e+16, theta_i_ridder=2.500000e+00, beta_ridder=0.000000e+00
BG_INIT: entering background_checks
BG_INIT: background_checks OK
DEBUG SHOOTING CHECK: has_ridder=0, model_type=0 (unified=1), use_shooting_EDE=0
BG_INIT: entering background_solve
BACKGROUND_SOLVE ENTERED: has_ridder=0 Lambda=0.00e+00
ABOUT TO INTEGRATE: bi_size=6 has_ridder=0 Lambda=0.00e+00
BG_INIT: background_solve OK
INPUT_READ: ridder_freeze_phi = 0 _TRUE_=1 (after class_read_flag)
DEBUG: Ridder field DISABLED. Lambda = 0.000000e+00
INPUT_READ: ridder_freeze_phi = 0 _TRUE_=1 (after class_read_flag)
DEBUG: Ridder field DISABLED. Lambda = 0.000000e+00, model_type not set to unified
BACKGROUND_INIT ENTERED: Lambda=0.00e+00
DEBUG BG_INIT ENTRY: model_type=0
DEBUG AFTER CHECKS: model_type=0 has_ridder=0
RIDDER DEBUG (background_init): has_ridder=0, Lambda_EDE_ridder=0.000000e+00, f_axion_ridder=1.000000e+16, theta_i_ridder=2.500000e+00, beta_ridder=0.000000e+[mcmc] Progress @ 2025-11-27 04:11:24 : 258 steps taken, and 58 accepted.
[mcmc] Progress @ 2025-11-27 04:12:43 : 276 steps taken, and 60 accepted.
[mcmc] Progress @ 2025-11-27 04:13:43 : 284 steps taken, and 61 accepted.
00
BG_INIT: entering background_checks
BG_INIT: background_checks OK
DEBUG SHOOTING CHECK: has_ridder=0, model_type=0 (unified=1), use_shooting_EDE=0
BG_INIT: entering background_solve
BACKGROUND_SOLVE ENTERED: has_ridder=0 Lambda=0.00e+00
ABOUT TO INTEGRATE: bi_size=6 has_ridder=0 Lambda=0.00e+00
DERIVS_ENTRY: call#=120000 has_ridder=0 Lambda=0.00e+00 a=1.36e-14
BG_INIT: background_solve OK
INPUT_READ: ridder_freeze_phi = 0 _TRUE_=1 (after class_read_flag)
DEBUG: Ridder field DISABLED. Lambda = 0.000000e+00
INPUT_READ: ridder_freeze_phi = 0 _TRUE_=1 (after class_read_flag)
DEBUG: Ridder field DISABLED. Lambda = 0.000000e+00, model_type not set to unified
BACKGROUND_INIT ENTERED: Lambda=0.00e+00
DEBUG BG_INIT ENTRY: model_type=0
DEBUG AFTER CHECKS: model_type=0 has_ridder=0
RIDDER DEBUG (background_init): has_ridder=0, Lambda_EDE_ridder=0.000000e+00, f_axion_ridder=1.000000e+16, theta_i_ridder=2.500000e+00, beta_ridder=0.000000e+00
BG_INIT: entering background_checks
BG_INIT: background_checks OK
DEBUG SHOOTING CHECK: has_ridder=0, model_type=0 (unified=1), use_shooting_EDE=0
BG_INIT: entering background_solve
BACKGROUND_SOLVE ENTERED: has_ridder=0 Lambda=0.00e+00
ABOUT TO INTEGRATE: bi_size=6 has_ridder=0 Lambda=0.00e+00
DERIVS_ENTRY: call#=125000 has_ridder=0 Lambda=0.00e+00 a=1.84e-07
BG_INIT: background_solve OK
INPUT_READ: ridder_freeze_phi = 0 _TRUE_=1 (after class_read_flag)
DEBUG: Ridder field DISABLED. Lambda = 0.000000e+00
INPUT_READ: ridder_freeze_phi = 0 _TRUE_=1 (after class_read_flag)
DEBUG: Ridder field DISABLED. Lambda = 0.000000e+00, model_type not set to unified
BACKGROUND_INIT ENTERED: Lambda=0.00e+00
DEBUG BG_INIT ENTRY: model_type=0
DEBUG AFTER CHECKS: model_type=0 has_ridder=0
RIDDER DEBUG (background_init): has_ridder=0, Lambda_EDE_ridder=0.000000e+00, f_axion_ridder=1.000000e+16, theta_i_ridder=2.500000e+00, beta_ridder=0.000000e+00
BG_INIT: entering background_checks
BG_INIT: background_checks OK
DEBUG SHOOTING CHECK: has_ridder=0, model_type=0 (unified=1), use_shooting_EDE=0
BG_INIT: entering background_solve
BACKGROUND_SOLVE ENTERED: has_ridder=0 Lambda=0.00e+00
ABOUT TO INTEGRATE: bi_size=6 has_ridder=0 Lambda=0.00e+00
DERIVS_ENTRY: call#=130000 has_ridder=0 Lambda=0.00e+00 a=2.53e-01
BG_INIT: background_solve OK
INPUT_READ: ridder_freeze_phi = 0 _TRUE_=1 (after class_read_flag)
DEBUG: Ridder field DISABLED. Lambda = 0.000000e+00
INPUT_READ: ridder_freeze_phi = 0 _TRUE_=1 (after class_read_flag)
DEBUG: Ridder field DISABLED. Lambda = 0.000000e+00, model_type not set to unified
BACKGROUND_INIT ENTERED: Lambda=0.00e+00
DEBUG BG_INIT ENTRY: model_type=0
DEBUG AFTER CHECKS: model_type=0 has_ridder=0
RIDDER DEBUG (background_init): has_ridder=0, Lambda_EDE_ridder=0.000000e+00, f_axion_ridder=1.000000e+16, theta_i_ridder=2.500000e+00, beta_ridder=0.000000e+00
BG_INIT: entering background_checks
BG_INIT: background_checks OK
DEBUG SHOOTING CHECK: has_ridder=0, model_type=0 (unified=1), use_shooting_EDE=0
BG_INIT: entering background_solve
BACKGROUND_SOLVE ENTERED: has_ridder=0 Lambda=0.00e+00
ABOUT TO INTEGRATE: bi_size=6 has_ridder=0 Lambda=0.00e+00
BG_INIT: background_solve OK
INPUT_READ: ridder_freeze_phi = 0 _TRUE_=1 (after class_read_flag)
DEBUG: Ridder field DISABLED. Lambda = 0.000000e+00
INPUT_READ: ridder_freeze_phi = 0 _TRUE_=1 (after class_read_flag)
DEBUG: Ridder field DISABLED. Lambda = 0.000000e+00, model_type not set to unified
BACKGROUND_INIT ENTERED: Lambda=0.00e+00
DEBUG BG_INIT ENTRY: model_type=0
DEBUG AFTER CHECKS: model_type=0 has_ridder=0
RIDDER DEBUG (background_init): has_ridder=0, Lambda_EDE_ridder=0.000000e+00, f_axion_ridder=1.000000e+16, theta_i_ridder=2.500000e+00, beta_ridder=0.000000e+00
BG_INIT: entering background_checks
BG_INIT: background_checks OK
DEBUG SHOOTING CHECK: has_ridder=0, model_type=0 (unified=1), use_shooting_EDE=0
BG_INIT: entering background_solve
BACKGROUND_SOLVE ENTERED: has_ridder=0 Lambda=0.00e+00
ABOUT TO INTEGRATE: bi_size=6 has_ridder=0 Lambda=0.00e+00
DERIVS_ENTRY: call#=135000 has_ridder=0 Lambda=0.00e+00 a=2.68e-08
BG_INIT: background_solve[mcmc] Progress @ 2025-11-27 04:15:31 : 290 steps taken, and 62 accepted.
[mcmc] Progress @ 2025-11-27 04:16:40 : 302 steps taken, and 64 accepted.
[mcmc] Progress @ 2025-11-27 04:17:41 : 309 steps taken, and 66 accepted.
[mcmc] Progress @ 2025-11-27 04:19:28 : 318 steps taken, and 67 accepted.
 OK
INPUT_READ: ridder_freeze_phi = 0 _TRUE_=1 (after class_read_flag)
DEBUG: Ridder field DISABLED. Lambda = 0.000000e+00
INPUT_READ: ridder_freeze_phi = 0 _TRUE_=1 (after class_read_flag)
DEBUG: Ridder field DISABLED. Lambda = 0.000000e+00, model_type not set to unified
BACKGROUND_INIT ENTERED: Lambda=0.00e+00
DEBUG BG_INIT ENTRY: model_type=0
DEBUG AFTER CHECKS: model_type=0 has_ridder=0
RIDDER DEBUG (background_init): has_ridder=0, Lambda_EDE_ridder=0.000000e+00, f_axion_ridder=1.000000e+16, theta_i_ridder=2.500000e+00, beta_ridder=0.000000e+00
BG_INIT: entering background_checks
BG_INIT: background_checks OK
DEBUG SHOOTING CHECK: has_ridder=0, model_type=0 (unified=1), use_shooting_EDE=0
BG_INIT: entering background_solve
BACKGROUND_SOLVE ENTERED: has_ridder=0 Lambda=0.00e+00
ABOUT TO INTEGRATE: bi_size=6 has_ridder=0 Lambda=0.00e+00
DERIVS_ENTRY: call#=140000 has_ridder=0 Lambda=0.00e+00 a=7.97e-03
BG_INIT: background_solve OK
INPUT_READ: ridder_freeze_phi = 0 _TRUE_=1 (after class_read_flag)
DEBUG: Ridder field DISABLED. Lambda = 0.000000e+00
INPUT_READ: ridder_freeze_phi = 0 _TRUE_=1 (after class_read_flag)
DEBUG: Ridder field DISABLED. Lambda = 0.000000e+00, model_type not set to unified
BACKGROUND_INIT ENTERED: Lambda=0.00e+00
DEBUG BG_INIT ENTRY: model_type=0
DEBUG AFTER CHECKS: model_type=0 has_ridder=0
RIDDER DEBUG (background_init): has_ridder=0, Lambda_EDE_ridder=0.000000e+00, f_axion_ridder=1.000000e+16, theta_i_ridder=2.500000e+00, beta_ridder=0.000000e+00
BG_INIT: entering background_checks
BG_INIT: background_checks OK
DEBUG SHOOTING CHECK: has_ridder=0, model_type=0 (unified=1), use_shooting_EDE=0
BG_INIT: entering background_solve
BACKGROUND_SOLVE ENTERED: has_ridder=0 Lambda=0.00e+00
ABOUT TO INTEGRATE: bi_size=6 has_ridder=0 Lambda=0.00e+00
BG_INIT: background_solve OK
INPUT_READ: ridder_freeze_phi = 0 _TRUE_=1 (after class_read_flag)
DEBUG: Ridder field DISABLED. Lambda = 0.000000e+00
INPUT_READ: ridder_freeze_phi = 0 _TRUE_=1 (after class_read_flag)
DEBUG: Ridder field DISABLED. Lambda = 0.000000e+00, model_type not set to unified
BACKGROUND_INIT ENTERED: Lambda=0.00e+00
DEBUG BG_INIT ENTRY: model_type=0
DEBUG AFTER CHECKS: model_type=0 has_ridder=0
RIDDER DEBUG (background_init): has_ridder=0, Lambda_EDE_ridder=0.000000e+00, f_axion_ridder=1.000000e+16, theta_i_ridder=2.500000e+00, beta_ridder=0.000000e+00
BG_INIT: entering background_checks
BG_INIT: background_checks OK
DEBUG SHOOTING CHECK: has_ridder=0, model_type=0 (unified=1), use_shooting_EDE=0
BG_INIT: entering background_solve
BACKGROUND_SOLVE ENTERED: has_ridder=0 Lambda=0.00e+00
ABOUT TO INTEGRATE: bi_size=6 has_ridder=0 Lambda=0.00e+00
DERIVS_ENTRY: call#=145000 has_ridder=0 Lambda=0.00e+00 a=3.51e-09
BG_INIT: background_solve OK
INPUT_READ: ridder_freeze_phi = 0 _TRUE_=1 (after class_read_flag)
DEBUG: Ridder field DISABLED. Lambda = 0.000000e+00
INPUT_READ: ridder_freeze_phi = 0 _TRUE_=1 (after class_read_flag)
DEBUG: Ridder field DISABLED. Lambda = 0.000000e+00, model_type not set to unified
BACKGROUND_INIT ENTERED: Lambda=0.00e+00
DEBUG BG_INIT ENTRY: model_type=0
DEBUG AFTER CHECKS: model_type=0 has_ridder=0
RIDDER DEBUG (background_init): has_ridder=0, Lambda_EDE_ridder=0.000000e+00, f_axion_ridder=1.000000e+16, theta_i_ridder=2.500000e+00, beta_ridder=0.000000e+00
BG_INIT: entering background_checks
BG_INIT: background_checks OK
DEBUG SHOOTING CHECK: has_ridder=0, model_type=0 (unified=1), use_shooting_EDE=0
BG_INIT: entering background_solve
BACKGROUND_SOLVE ENTERED: has_ridder=0 Lambda=0.00e+00
ABOUT TO INTEGRATE: bi_size=6 has_ridder=0 Lambda=0.00e+00
DERIVS_ENTRY: call#=150000 has_ridder=0 Lambda=0.00e+00 a=1.72e-04
BG_INIT: background_solve OK
INPUT_READ: ridder_freeze_phi = 0 _TRUE_=1 (after class_read_flag)
DEBUG: Ridder field DISABLED. Lambda = 0.000000e+00
INPUT_READ: ridder_freeze_phi = 0 _TRUE_=1 (after class_read_flag)
DEBUG: Ridder field DISABLED. Lambda = 0.000000e+00, model_type not set to unified
BACKGROUND_INIT ENTERED: Lambda=0.00e+00
DEBUG BG_INIT ENTRY: model_type=0
DEBUG AFTER CHECKS: model_type=0 has_ridder[mcmc] Progress @ 2025-11-27 04:20:30 : 332 steps taken, and 69 accepted.
[mcmc] Progress @ 2025-11-27 04:21:56 : 354 steps taken, and 72 accepted.
[mcmc] Progress @ 2025-11-27 04:22:56 : 360 steps taken, and 72 accepted.
[mcmc] Progress @ 2025-11-27 04:23:59 : 364 steps taken, and 72 accepted.
=0
RIDDER DEBUG (background_init): has_ridder=0, Lambda_EDE_ridder=0.000000e+00, f_axion_ridder=1.000000e+16, theta_i_ridder=2.500000e+00, beta_ridder=0.000000e+00
BG_INIT: entering background_checks
BG_INIT: background_checks OK
DEBUG SHOOTING CHECK: has_ridder=0, model_type=0 (unified=1), use_shooting_EDE=0
BG_INIT: entering background_solve
BACKGROUND_SOLVE ENTERED: has_ridder=0 Lambda=0.00e+00
ABOUT TO INTEGRATE: bi_size=6 has_ridder=0 Lambda=0.00e+00
BG_INIT: background_solve OK
INPUT_READ: ridder_freeze_phi = 0 _TRUE_=1 (after class_read_flag)
DEBUG: Ridder field DISABLED. Lambda = 0.000000e+00
INPUT_READ: ridder_freeze_phi = 0 _TRUE_=1 (after class_read_flag)
DEBUG: Ridder field DISABLED. Lambda = 0.000000e+00, model_type not set to unified
BACKGROUND_INIT ENTERED: Lambda=0.00e+00
DEBUG BG_INIT ENTRY: model_type=0
DEBUG AFTER CHECKS: model_type=0 has_ridder=0
RIDDER DEBUG (background_init): has_ridder=0, Lambda_EDE_ridder=0.000000e+00, f_axion_ridder=1.000000e+16, theta_i_ridder=2.500000e+00, beta_ridder=0.000000e+00
BG_INIT: entering background_checks
BG_INIT: background_checks OK
DEBUG SHOOTING CHECK: has_ridder=0, model_type=0 (unified=1), use_shooting_EDE=0
BG_INIT: entering background_solve
BACKGROUND_SOLVE ENTERED: has_ridder=0 Lambda=0.00e+00
ABOUT TO INTEGRATE: bi_size=6 has_ridder=0 Lambda=0.00e+00
DERIVS_ENTRY: call#=155000 has_ridder=0 Lambda=0.00e+00 a=4.53e-10
BG_INIT: background_solve OK
INPUT_READ: ridder_freeze_phi = 0 _TRUE_=1 (after class_read_flag)
DEBUG: Ridder field DISABLED. Lambda = 0.000000e+00
INPUT_READ: ridder_freeze_phi = 0 _TRUE_=1 (after class_read_flag)
DEBUG: Ridder field DISABLED. Lambda = 0.000000e+00, model_type not set to unified
BACKGROUND_INIT ENTERED: Lambda=0.00e+00
DEBUG BG_INIT ENTRY: model_type=0
DEBUG AFTER CHECKS: model_type=0 has_ridder=0
RIDDER DEBUG (background_init): has_ridder=0, Lambda_EDE_ridder=0.000000e+00, f_axion_ridder=1.000000e+16, theta_i_ridder=2.500000e+00, beta_ridder=0.000000e+00
BG_INIT: entering background_checks
BG_INIT: background_checks OK
DEBUG SHOOTING CHECK: has_ridder=0, model_type=0 (unified=1), use_shooting_EDE=0
BG_INIT: entering background_solve
BACKGROUND_SOLVE ENTERED: has_ridder=0 Lambda=0.00e+00
ABOUT TO INTEGRATE: bi_size=6 has_ridder=0 Lambda=0.00e+00
DERIVS_ENTRY: call#=160000 has_ridder=0 Lambda=0.00e+00 a=2.16e-05
BG_INIT: background_solve OK
INPUT_READ: ridder_freeze_phi = 0 _TRUE_=1 (after class_read_flag)
DEBUG: Ridder field DISABLED. Lambda = 0.000000e+00
INPUT_READ: ridder_freeze_phi = 0 _TRUE_=1 (after class_read_flag)
DEBUG: Ridder field DISABLED. Lambda = 0.000000e+00, model_type not set to unified
BACKGROUND_INIT ENTERED: Lambda=0.00e+00
DEBUG BG_INIT ENTRY: model_type=0
DEBUG AFTER CHECKS: model_type=0 has_ridder=0
RIDDER DEBUG (background_init): has_ridder=0, Lambda_EDE_ridder=0.000000e+00, f_axion_ridder=1.000000e+16, theta_i_ridder=2.500000e+00, beta_ridder=0.000000e+00
BG_INIT: entering background_checks
BG_INIT: background_checks OK
DEBUG SHOOTING CHECK: has_ridder=0, model_type=0 (unified=1), use_shooting_EDE=0
BG_INIT: entering background_solve
BACKGROUND_SOLVE ENTERED: has_ridder=0 Lambda=0.00e+00
ABOUT TO INTEGRATE: bi_size=6 has_ridder=0 Lambda=0.00e+00
BG_INIT: background_solve OK
INPUT_READ: ridder_freeze_phi = 0 _TRUE_=1 (after class_read_flag)
DEBUG: Ridder field DISABLED. Lambda = 0.000000e+00
INPUT_READ: ridder_freeze_phi = 0 _TRUE_=1 (after class_read_flag)
DEBUG: Ridder field DISABLED. Lambda = 0.000000e+00, model_type not set to unified
BACKGROUND_INIT ENTERED: Lambda=0.00e+00
DEBUG BG_INIT ENTRY: model_type=0
DEBUG AFTER CHECKS: model_type=0 has_ridder=0
RIDDER DEBUG (background_init): has_ridder=0, Lambda_EDE_ridder=0.000000e+00, f_axion_ridder=1.000000e+16, theta_i_ridder=2.500000e+00, beta_ridder=0.000000e+00
BG_INIT: entering background_checks
BG_INIT: background_checks OK
DEBUG SHOOTING CHECK: has_ridder=0, model_type=0 (unified=1), use_shooting_EDE=0
BG_INIT: entering background_solve
BACKGROUND_SOLVE ENTERED: has_ridder=0 Lambda=0.00e+00
ABOUT TO INTEGRATE: bi_size=6 has_ridder=0 Lambda=0.00e+0[mcmc] Progress @ 2025-11-27 04:24:59 : 374 steps taken, and 74 accepted.
[mcmc] Progress @ 2025-11-27 04:26:00 : 378 steps taken, and 74 accepted.
[mcmc] Progress @ 2025-11-27 04:27:01 : 385 steps taken, and 74 accepted.
[mcmc] Progress @ 2025-11-27 04:28:01 : 390 steps taken, and 76 accepted.
[mcmc] Progress @ 2025-11-27 04:29:07 : 398 steps taken, and 76 accepted.
0
DERIVS_ENTRY: call#=165000 has_ridder=0 Lambda=0.00e+00 a=6.26e-11
BG_INIT: background_solve OK
INPUT_READ: ridder_freeze_phi = 0 _TRUE_=1 (after class_read_flag)
DEBUG: Ridder field DISABLED. Lambda = 0.000000e+00
INPUT_READ: ridder_freeze_phi = 0 _TRUE_=1 (after class_read_flag)
DEBUG: Ridder field DISABLED. Lambda = 0.000000e+00, model_type not set to unified
BACKGROUND_INIT ENTERED: Lambda=0.00e+00
DEBUG BG_INIT ENTRY: model_type=0
DEBUG AFTER CHECKS: model_type=0 has_ridder=0
RIDDER DEBUG (background_init): has_ridder=0, Lambda_EDE_ridder=0.000000e+00, f_axion_ridder=1.000000e+16, theta_i_ridder=2.500000e+00, beta_ridder=0.000000e+00
BG_INIT: entering background_checks
BG_INIT: background_checks OK
DEBUG SHOOTING CHECK: has_ridder=0, model_type=0 (unified=1), use_shooting_EDE=0
BG_INIT: entering background_solve
BACKGROUND_SOLVE ENTERED: has_ridder=0 Lambda=0.00e+00
ABOUT TO INTEGRATE: bi_size=6 has_ridder=0 Lambda=0.00e+00
DERIVS_ENTRY: call#=170000 has_ridder=0 Lambda=0.00e+00 a=3.12e-06
BG_INIT: background_solve OK
INPUT_READ: ridder_freeze_phi = 0 _TRUE_=1 (after class_read_flag)
DEBUG: Ridder field DISABLED. Lambda = 0.000000e+00
INPUT_READ: ridder_freeze_phi = 0 _TRUE_=1 (after class_read_flag)
DEBUG: Ridder field DISABLED. Lambda = 0.000000e+00, model_type not set to unified
BACKGROUND_INIT ENTERED: Lambda=0.00e+00
DEBUG BG_INIT ENTRY: model_type=0
DEBUG AFTER CHECKS: model_type=0 has_ridder=0
RIDDER DEBUG (background_init): has_ridder=0, Lambda_EDE_ridder=0.000000e+00, f_axion_ridder=1.000000e+16, theta_i_ridder=2.500000e+00, beta_ridder=0.000000e+00
BG_INIT: entering background_checks
BG_INIT: background_checks OK
DEBUG SHOOTING CHECK: has_ridder=0, model_type=0 (unified=1), use_shooting_EDE=0
BG_INIT: entering background_solve
BACKGROUND_SOLVE ENTERED: has_ridder=0 Lambda=0.00e+00
ABOUT TO INTEGRATE: bi_size=6 has_ridder=0 Lambda=0.00e+00
BG_INIT: background_solve OK
INPUT_READ: ridder_freeze_phi = 0 _TRUE_=1 (after class_read_flag)
DEBUG: Ridder field DISABLED. Lambda = 0.000000e+00
INPUT_READ: ridder_freeze_phi = 0 _TRUE_=1 (after class_read_flag)
DEBUG: Ridder field DISABLED. Lambda = 0.000000e+00, model_type not set to unified
BACKGROUND_INIT ENTERED: Lambda=0.00e+00
DEBUG BG_INIT ENTRY: model_type=0
DEBUG AFTER CHECKS: model_type=0 has_ridder=0
RIDDER DEBUG (background_init): has_ridder=0, Lambda_EDE_ridder=0.000000e+00, f_axion_ridder=1.000000e+16, theta_i_ridder=2.500000e+00, beta_ridder=0.000000e+00
BG_INIT: entering background_checks
BG_INIT: background_checks OK
DEBUG SHOOTING CHECK: has_ridder=0, model_type=0 (unified=1), use_shooting_EDE=0
BG_INIT: entering background_solve
BACKGROUND_SOLVE ENTERED: has_ridder=0 Lambda=0.00e+00
ABOUT TO INTEGRATE: bi_size=6 has_ridder=0 Lambda=0.00e+00
DERIVS_ENTRY: call#=175000 has_ridder=0 Lambda=0.00e+00 a=2.30e-13
BG_INIT: background_solve OK
INPUT_READ: ridder_freeze_phi = 0 _TRUE_=1 (after class_read_flag)
DEBUG: Ridder field DISABLED. Lambda = 0.000000e+00
INPUT_READ: ridder_freeze_phi = 0 _TRUE_=1 (after class_read_flag)
DEBUG: Ridder field DISABLED. Lambda = 0.000000e+00, model_type not set to unified
BACKGROUND_INIT ENTERED: Lambda=0.00e+00
DEBUG BG_INIT ENTRY: model_type=0
DEBUG AFTER CHECKS: model_type=0 has_ridder=0
RIDDER DEBUG (background_init): has_ridder=0, Lambda_EDE_ridder=0.000000e+00, f_axion_ridder=1.000000e+16, theta_i_ridder=2.500000e+00, beta_ridder=0.000000e+00
BG_INIT: entering background_checks
BG_INIT: background_checks OK
DEBUG SHOOTING CHECK: has_ridder=0, model_type=0 (unified=1), use_shooting_EDE=0
BG_INIT: entering background_solve
BACKGROUND_SOLVE ENTERED: has_ridder=0 Lambda=0.00e+00
ABOUT TO INTEGRATE: bi_size=6 has_ridder=0 Lambda=0.00e+00
DERIVS_ENTRY: call#=180000 has_ridder=0 Lambda=0.00e+00 a=4.13e-07
BG_INIT: background_solve OK
INPUT_READ: ridder_freeze_phi = 0 _TRUE_=1 (after class_read_flag)
DEBUG: Ridder field DISABLED. Lambda = 0.000000e+00
INPUT_READ: ridder_freeze_phi = 0 _TRUE_=1 (after class_read_flag)
DEBUG: Ridder field DISABLED. Lambda = 0.000000e+00, model_type not set to unified
BACKGROUND_INIT ENTERED:[mcmc] Progress @ 2025-11-27 04:30:26 : 413 steps taken, and 78 accepted.
[mcmc] Progress @ 2025-11-27 04:32:20 : 440 steps taken, and 83 accepted.
[mcmc] Progress @ 2025-11-27 04:34:15 : 446 steps taken, and 83 accepted.
 Lambda=0.00e+00
DEBUG BG_INIT ENTRY: model_type=0
DEBUG AFTER CHECKS: model_type=0 has_ridder=0
RIDDER DEBUG (background_init): has_ridder=0, Lambda_EDE_ridder=0.000000e+00, f_axion_ridder=1.000000e+16, theta_i_ridder=2.500000e+00, beta_ridder=0.000000e+00
BG_INIT: entering background_checks
BG_INIT: background_checks OK
DEBUG SHOOTING CHECK: has_ridder=0, model_type=0 (unified=1), use_shooting_EDE=0
BG_INIT: entering background_solve
BACKGROUND_SOLVE ENTERED: has_ridder=0 Lambda=0.00e+00
ABOUT TO INTEGRATE: bi_size=6 has_ridder=0 Lambda=0.00e+00
DERIVS_ENTRY: call#=185000 has_ridder=0 Lambda=0.00e+00 a=6.20e-01
BG_INIT: background_solve OK
INPUT_READ: ridder_freeze_phi = 0 _TRUE_=1 (after class_read_flag)
DEBUG: Ridder field DISABLED. Lambda = 0.000000e+00
INPUT_READ: ridder_freeze_phi = 0 _TRUE_=1 (after class_read_flag)
DEBUG: Ridder field DISABLED. Lambda = 0.000000e+00, model_type not set to unified
BACKGROUND_INIT ENTERED: Lambda=0.00e+00
DEBUG BG_INIT ENTRY: model_type=0
DEBUG AFTER CHECKS: model_type=0 has_ridder=0
RIDDER DEBUG (background_init): has_ridder=0, Lambda_EDE_ridder=0.000000e+00, f_axion_ridder=1.000000e+16, theta_i_ridder=2.500000e+00, beta_ridder=0.000000e+00
BG_INIT: entering background_checks
BG_INIT: background_checks OK
DEBUG SHOOTING CHECK: has_ridder=0, model_type=0 (unified=1), use_shooting_EDE=0
BG_INIT: entering background_solve
BACKGROUND_SOLVE ENTERED: has_ridder=0 Lambda=0.00e+00
ABOUT TO INTEGRATE: bi_size=6 has_ridder=0 Lambda=0.00e+00
BG_INIT: background_solve OK
INPUT_READ: ridder_freeze_phi = 0 _TRUE_=1 (after class_read_flag)
DEBUG: Ridder field DISABLED. Lambda = 0.000000e+00
INPUT_READ: ridder_freeze_phi = 0 _TRUE_=1 (after class_read_flag)
DEBUG: Ridder field DISABLED. Lambda = 0.000000e+00, model_type not set to unified
BACKGROUND_INIT ENTERED: Lambda=0.00e+00
DEBUG BG_INIT ENTRY: model_type=0
DEBUG AFTER CHECKS: model_type=0 has_ridder=0
RIDDER DEBUG (background_init): has_ridder=0, Lambda_EDE_ridder=0.000000e+00, f_axion_ridder=1.000000e+16, theta_i_ridder=2.500000e+00, beta_ridder=0.000000e+00
BG_INIT: entering background_checks
BG_INIT: background_checks OK
DEBUG SHOOTING CHECK: has_ridder=0, model_type=0 (unified=1), use_shooting_EDE=0
BG_INIT: entering background_solve
BACKGROUND_SOLVE ENTERED: has_ridder=0 Lambda=0.00e+00
ABOUT TO INTEGRATE: bi_size=6 has_ridder=0 Lambda=0.00e+00
DERIVS_ENTRY: call#=190000 has_ridder=0 Lambda=0.00e+00 a=6.29e-08
BG_INIT: background_solve OK
INPUT_READ: ridder_freeze_phi = 0 _TRUE_=1 (after class_read_flag)
DEBUG: Ridder field DISABLED. Lambda = 0.000000e+00
INPUT_READ: ridder_freeze_phi = 0 _TRUE_=1 (after class_read_flag)
DEBUG: Ridder field DISABLED. Lambda = 0.000000e+00, model_type not set to unified
BACKGROUND_INIT ENTERED: Lambda=0.00e+00
DEBUG BG_INIT ENTRY: model_type=0
DEBUG AFTER CHECKS: model_type=0 has_ridder=0
RIDDER DEBUG (background_init): has_ridder=0, Lambda_EDE_ridder=0.000000e+00, f_axion_ridder=1.000000e+16, theta_i_ridder=2.500000e+00, beta_ridder=0.000000e+00
BG_INIT: entering background_checks
BG_INIT: background_checks OK
DEBUG SHOOTING CHECK: has_ridder=0, model_type=0 (unified=1), use_shooting_EDE=0
BG_INIT: entering background_solve
BACKGROUND_SOLVE ENTERED: has_ridder=0 Lambda=0.00e+00
ABOUT TO INTEGRATE: bi_size=6 has_ridder=0 Lambda=0.00e+00
DERIVS_ENTRY: call#=195000 has_ridder=0 Lambda=0.00e+00 a=5.97e-02
BG_INIT: background_solve OK
INPUT_READ: ridder_freeze_phi = 0 _TRUE_=1 (after class_read_flag)
DEBUG: Ridder field DISABLED. Lambda = 0.000000e+00
INPUT_READ: ridder_freeze_phi = 0 _TRUE_=1 (after class_read_flag)
DEBUG: Ridder field DISABLED. Lambda = 0.000000e+00, model_type not set to unified
BACKGROUND_INIT ENTERED: Lambda=0.00e+00
DEBUG BG_INIT ENTRY: model_type=0
DEBUG AFTER CHECKS: model_type=0 has_ridder=0
RIDDER DEBUG (background_init): has_ridder=0, Lambda_EDE_ridder=0.000000e+00, f_axion_ridder=1.000000e+16, theta_i_ridder=2.500000e+00, beta_ridder=0.000000e+00
BG_INIT: entering background_checks
BG_INIT: background_checks OK
DEBUG SHOOTING CHECK: has_ridder=0, model_type=0 (unified=1), use_s[mcmc] Progress @ 2025-11-27 04:35:29 : 458 steps taken, and 85 accepted.
[mcmc] Progress @ 2025-11-27 04:36:38 : 468 steps taken, and 88 accepted.
[mcmc] Progress @ 2025-11-27 04:37:38 : 471 steps taken, and 88 accepted.
[mcmc] Progress @ 2025-11-27 04:38:49 : 492 steps taken, and 92 accepted.
[mcmc] Progress @ 2025-11-27 04:39:50 : 496 steps taken, and 92 accepted.
hooting_EDE=0
BG_INIT: entering background_solve
BACKGROUND_SOLVE ENTERED: has_ridder=0 Lambda=0.00e+00
ABOUT TO INTEGRATE: bi_size=6 has_ridder=0 Lambda=0.00e+00
BG_INIT: background_solve OK
INPUT_READ: ridder_freeze_phi = 0 _TRUE_=1 (after class_read_flag)
DEBUG: Ridder field DISABLED. Lambda = 0.000000e+00
INPUT_READ: ridder_freeze_phi = 0 _TRUE_=1 (after class_read_flag)
DEBUG: Ridder field DISABLED. Lambda = 0.000000e+00, model_type not set to unified
BACKGROUND_INIT ENTERED: Lambda=0.00e+00
DEBUG BG_INIT ENTRY: model_type=0
DEBUG AFTER CHECKS: model_type=0 has_ridder=0
RIDDER DEBUG (background_init): has_ridder=0, Lambda_EDE_ridder=0.000000e+00, f_axion_ridder=1.000000e+16, theta_i_ridder=2.500000e+00, beta_ridder=0.000000e+00
BG_INIT: entering background_checks
BG_INIT: background_checks OK
DEBUG SHOOTING CHECK: has_ridder=0, model_type=0 (unified=1), use_shooting_EDE=0
BG_INIT: entering background_solve
BACKGROUND_SOLVE ENTERED: has_ridder=0 Lambda=0.00e+00
ABOUT TO INTEGRATE: bi_size=6 has_ridder=0 Lambda=0.00e+00
DERIVS_ENTRY: call#=200000 has_ridder=0 Lambda=0.00e+00 a=8.82e-09
BG_INIT: background_solve OK
INPUT_READ: ridder_freeze_phi = 0 _TRUE_=1 (after class_read_flag)
DEBUG: Ridder field DISABLED. Lambda = 0.000000e+00
INPUT_READ: ridder_freeze_phi = 0 _TRUE_=1 (after class_read_flag)
DEBUG: Ridder field DISABLED. Lambda = 0.000000e+00, model_type not set to unified
BACKGROUND_INIT ENTERED: Lambda=0.00e+00
DEBUG BG_INIT ENTRY: model_type=0
DEBUG AFTER CHECKS: model_type=0 has_ridder=0
RIDDER DEBUG (background_init): has_ridder=0, Lambda_EDE_ridder=0.000000e+00, f_axion_ridder=1.000000e+16, theta_i_ridder=2.500000e+00, beta_ridder=0.000000e+00
BG_INIT: entering background_checks
BG_INIT: background_checks OK
DEBUG SHOOTING CHECK: has_ridder=0, model_type=0 (unified=1), use_shooting_EDE=0
BG_INIT: entering background_solve
BACKGROUND_SOLVE ENTERED: has_ridder=0 Lambda=0.00e+00
ABOUT TO INTEGRATE: bi_size=6 has_ridder=0 Lambda=0.00e+00
DERIVS_ENTRY: call#=205000 has_ridder=0 Lambda=0.00e+00 a=8.65e-04
BG_INIT: background_solve OK
INPUT_READ: ridder_freeze_phi = 0 _TRUE_=1 (after class_read_flag)
DEBUG: Ridder field DISABLED. Lambda = 0.000000e+00
INPUT_READ: ridder_freeze_phi = 0 _TRUE_=1 (after class_read_flag)
DEBUG: Ridder field DISABLED. Lambda = 0.000000e+00, model_type not set to unified
BACKGROUND_INIT ENTERED: Lambda=0.00e+00
DEBUG BG_INIT ENTRY: model_type=0
DEBUG AFTER CHECKS: model_type=0 has_ridder=0
RIDDER DEBUG (background_init): has_ridder=0, Lambda_EDE_ridder=0.000000e+00, f_axion_ridder=1.000000e+16, theta_i_ridder=2.500000e+00, beta_ridder=0.000000e+00
BG_INIT: entering background_checks
BG_INIT: background_checks OK
DEBUG SHOOTING CHECK: has_ridder=0, model_type=0 (unified=1), use_shooting_EDE=0
BG_INIT: entering background_solve
BACKGROUND_SOLVE ENTERED: has_ridder=0 Lambda=0.00e+00
ABOUT TO INTEGRATE: bi_size=6 has_ridder=0 Lambda=0.00e+00
BG_INIT: background_solve OK
INPUT_READ: ridder_freeze_phi = 0 _TRUE_=1 (after class_read_flag)
DEBUG: Ridder field DISABLED. Lambda = 0.000000e+00
INPUT_READ: ridder_freeze_phi = 0 _TRUE_=1 (after class_read_flag)
DEBUG: Ridder field DISABLED. Lambda = 0.000000e+00, model_type not set to unified
BACKGROUND_INIT ENTERED: Lambda=0.00e+00
DEBUG BG_INIT ENTRY: model_type=0
DEBUG AFTER CHECKS: model_type=0 has_ridder=0
RIDDER DEBUG (background_init): has_ridder=0, Lambda_EDE_ridder=0.000000e+00, f_axion_ridder=1.000000e+16, theta_i_ridder=2.500000e+00, beta_ridder=0.000000e+00
BG_INIT: entering background_checks
BG_INIT: background_checks OK
DEBUG SHOOTING CHECK: has_ridder=0, model_type=0 (unified=1), use_shooting_EDE=0
BG_INIT: entering background_solve
BACKGROUND_SOLVE ENTERED: has_ridder=0 Lambda=0.00e+00
ABOUT TO INTEGRATE: bi_size=6 has_ridder=0 Lambda=0.00e+00
DERIVS_ENTRY: call#=210000 has_ridder=0 Lambda=0.00e+00 a=1.29e-09
BG_INIT: background_solve OK
INPUT_READ: ridder_freeze_phi = 0 _TRUE_=1 (after class_read_flag)
DEBUG: Ridder field DISABLED. Lambda = 0.000000e+00
INPUT_READ: ridder_freeze_phi = 0 _TRUE_=1 (after class_read_flag)
DEBUG: Ridder[mcmc] Progress @ 2025-11-27 04:41:00 : 504 steps taken, and 93 accepted.
[mcmc] Progress @ 2025-11-27 04:42:14 : 513 steps taken, and 94 accepted.
[mcmc] Progress @ 2025-11-27 04:43:18 : 518 steps taken, and 95 accepted.
[mcmc] Progress @ 2025-11-27 04:44:37 : 533 steps taken, and 95 accepted.
 field DISABLED. Lambda = 0.000000e+00, model_type not set to unified
BACKGROUND_INIT ENTERED: Lambda=0.00e+00
DEBUG BG_INIT ENTRY: model_type=0
DEBUG AFTER CHECKS: model_type=0 has_ridder=0
RIDDER DEBUG (background_init): has_ridder=0, Lambda_EDE_ridder=0.000000e+00, f_axion_ridder=1.000000e+16, theta_i_ridder=2.500000e+00, beta_ridder=0.000000e+00
BG_INIT: entering background_checks
BG_INIT: background_checks OK
DEBUG SHOOTING CHECK: has_ridder=0, model_type=0 (unified=1), use_shooting_EDE=0
BG_INIT: entering background_solve
BACKGROUND_SOLVE ENTERED: has_ridder=0 Lambda=0.00e+00
ABOUT TO INTEGRATE: bi_size=6 has_ridder=0 Lambda=0.00e+00
DERIVS_ENTRY: call#=215000 has_ridder=0 Lambda=0.00e+00 a=6.32e-05
BG_INIT: background_solve OK
INPUT_READ: ridder_freeze_phi = 0 _TRUE_=1 (after class_read_flag)
DEBUG: Ridder field DISABLED. Lambda = 0.000000e+00
INPUT_READ: ridder_freeze_phi = 0 _TRUE_=1 (after class_read_flag)
DEBUG: Ridder field DISABLED. Lambda = 0.000000e+00, model_type not set to unified
BACKGROUND_INIT ENTERED: Lambda=0.00e+00
DEBUG BG_INIT ENTRY: model_type=0
DEBUG AFTER CHECKS: model_type=0 has_ridder=0
RIDDER DEBUG (background_init): has_ridder=0, Lambda_EDE_ridder=0.000000e+00, f_axion_ridder=1.000000e+16, theta_i_ridder=2.500000e+00, beta_ridder=0.000000e+00
BG_INIT: entering background_checks
BG_INIT: background_checks OK
DEBUG SHOOTING CHECK: has_ridder=0, model_type=0 (unified=1), use_shooting_EDE=0
BG_INIT: entering background_solve
BACKGROUND_SOLVE ENTERED: has_ridder=0 Lambda=0.00e+00
ABOUT TO INTEGRATE: bi_size=6 has_ridder=0 Lambda=0.00e+00
BG_INIT: background_solve OK
INPUT_READ: ridder_freeze_phi = 0 _TRUE_=1 (after class_read_flag)
DEBUG: Ridder field DISABLED. Lambda = 0.000000e+00
INPUT_READ: ridder_freeze_phi = 0 _TRUE_=1 (after class_read_flag)
DEBUG: Ridder field DISABLED. Lambda = 0.000000e+00, model_type not set to unified
BACKGROUND_INIT ENTERED: Lambda=0.00e+00
DEBUG BG_INIT ENTRY: model_type=0
DEBUG AFTER CHECKS: model_type=0 has_ridder=0
RIDDER DEBUG (background_init): has_ridder=0, Lambda_EDE_ridder=0.000000e+00, f_axion_ridder=1.000000e+16, theta_i_ridder=2.500000e+00, beta_ridder=0.000000e+00
BG_INIT: entering background_checks
BG_INIT: background_checks OK
DEBUG SHOOTING CHECK: has_ridder=0, model_type=0 (unified=1), use_shooting_EDE=0
BG_INIT: entering background_solve
BACKGROUND_SOLVE ENTERED: has_ridder=0 Lambda=0.00e+00
ABOUT TO INTEGRATE: bi_size=6 has_ridder=0 Lambda=0.00e+00
DERIVS_ENTRY: call#=220000 has_ridder=0 Lambda=0.00e+00 a=1.96e-10
BG_INIT: background_solve OK
INPUT_READ: ridder_freeze_phi = 0 _TRUE_=1 (after class_read_flag)
DEBUG: Ridder field DISABLED. Lambda = 0.000000e+00
INPUT_READ: ridder_freeze_phi = 0 _TRUE_=1 (after class_read_flag)
DEBUG: Ridder field DISABLED. Lambda = 0.000000e+00, model_type not set to unified
BACKGROUND_INIT ENTERED: Lambda=0.00e+00
DEBUG BG_INIT ENTRY: model_type=0
DEBUG AFTER CHECKS: model_type=0 has_ridder=0
RIDDER DEBUG (background_init): has_ridder=0, Lambda_EDE_ridder=0.000000e+00, f_axion_ridder=1.000000e+16, theta_i_ridder=2.500000e+00, beta_ridder=0.000000e+00
BG_INIT: entering background_checks
BG_INIT: background_checks OK
DEBUG SHOOTING CHECK: has_ridder=0, model_type=0 (unified=1), use_shooting_EDE=0
BG_INIT: entering background_solve
BACKGROUND_SOLVE ENTERED: has_ridder=0 Lambda=0.00e+00
ABOUT TO INTEGRATE: bi_size=6 has_ridder=0 Lambda=0.00e+00
DERIVS_ENTRY: call#=225000 has_ridder=0 Lambda=0.00e+00 a=1.21e-05
BG_INIT: background_solve OK
INPUT_READ: ridder_freeze_phi = 0 _TRUE_=1 (after class_read_flag)
DEBUG: Ridder field DISABLED. Lambda = 0.000000e+00
INPUT_READ: ridder_freeze_phi = 0 _TRUE_=1 (after class_read_flag)
DEBUG: Ridder field DISABLED. Lambda = 0.000000e+00, model_type not set to unified
BACKGROUND_INIT ENTERED: Lambda=0.00e+00
DEBUG BG_INIT ENTRY: model_type=0
DEBUG AFTER CHECKS: model_type=0 has_ridder=0
RIDDER DEBUG (background_init): has_ridder=0, Lambda_EDE_ridder=0.000000e+00, f_axion_ridder=1.000000e+16, theta_i_ridder=2.500000e+00, beta_ridder=0.000000e+00
BG_INIT: entering background_checks
BG_[mcmc] Progress @ 2025-11-27 04:46:33 : 536 steps taken, and 96 accepted.
[mcmc] Progress @ 2025-11-27 04:47:34 : 544 steps taken, and 98 accepted.
[mcmc] Progress @ 2025-11-27 04:48:42 : 551 steps taken, and 99 accepted.
[mcmc] Progress @ 2025-11-27 04:49:56 : 569 steps taken, and 101 accepted.
INIT: background_checks OK
DEBUG SHOOTING CHECK: has_ridder=0, model_type=0 (unified=1), use_shooting_EDE=0
BG_INIT: entering background_solve
BACKGROUND_SOLVE ENTERED: has_ridder=0 Lambda=0.00e+00
ABOUT TO INTEGRATE: bi_size=6 has_ridder=0 Lambda=0.00e+00
BG_INIT: background_solve OK
INPUT_READ: ridder_freeze_phi = 0 _TRUE_=1 (after class_read_flag)
DEBUG: Ridder field DISABLED. Lambda = 0.000000e+00
INPUT_READ: ridder_freeze_phi = 0 _TRUE_=1 (after class_read_flag)
DEBUG: Ridder field DISABLED. Lambda = 0.000000e+00, model_type not set to unified
BACKGROUND_INIT ENTERED: Lambda=0.00e+00
DEBUG BG_INIT ENTRY: model_type=0
DEBUG AFTER CHECKS: model_type=0 has_ridder=0
RIDDER DEBUG (background_init): has_ridder=0, Lambda_EDE_ridder=0.000000e+00, f_axion_ridder=1.000000e+16, theta_i_ridder=2.500000e+00, beta_ridder=0.000000e+00
BG_INIT: entering background_checks
BG_INIT: background_checks OK
DEBUG SHOOTING CHECK: has_ridder=0, model_type=0 (unified=1), use_shooting_EDE=0
BG_INIT: entering background_solve
BACKGROUND_SOLVE ENTERED: has_ridder=0 Lambda=0.00e+00
ABOUT TO INTEGRATE: bi_size=6 has_ridder=0 Lambda=0.00e+00
DERIVS_ENTRY: call#=230000 has_ridder=0 Lambda=0.00e+00 a=2.48e-11
BG_INIT: background_solve OK
INPUT_READ: ridder_freeze_phi = 0 _TRUE_=1 (after class_read_flag)
DEBUG: Ridder field DISABLED. Lambda = 0.000000e+00
INPUT_READ: ridder_freeze_phi = 0 _TRUE_=1 (after class_read_flag)
DEBUG: Ridder field DISABLED. Lambda = 0.000000e+00, model_type not set to unified
BACKGROUND_INIT ENTERED: Lambda=0.00e+00
DEBUG BG_INIT ENTRY: model_type=0
DEBUG AFTER CHECKS: model_type=0 has_ridder=0
RIDDER DEBUG (background_init): has_ridder=0, Lambda_EDE_ridder=0.000000e+00, f_axion_ridder=1.000000e+16, theta_i_ridder=2.500000e+00, beta_ridder=0.000000e+00
BG_INIT: entering background_checks
BG_INIT: background_checks OK
DEBUG SHOOTING CHECK: has_ridder=0, model_type=0 (unified=1), use_shooting_EDE=0
BG_INIT: entering background_solve
BACKGROUND_SOLVE ENTERED: has_ridder=0 Lambda=0.00e+00
ABOUT TO INTEGRATE: bi_size=6 has_ridder=0 Lambda=0.00e+00
DERIVS_ENTRY: call#=235000 has_ridder=0 Lambda=0.00e+00 a=1.73e-06
BG_INIT: background_solve OK
INPUT_READ: ridder_freeze_phi = 0 _TRUE_=1 (after class_read_flag)
DEBUG: Ridder field DISABLED. Lambda = 0.000000e+00
INPUT_READ: ridder_freeze_phi = 0 _TRUE_=1 (after class_read_flag)
DEBUG: Ridder field DISABLED. Lambda = 0.000000e+00, model_type not set to unified
BACKGROUND_INIT ENTERED: Lambda=0.00e+00
DEBUG BG_INIT ENTRY: model_type=0
DEBUG AFTER CHECKS: model_type=0 has_ridder=0
RIDDER DEBUG (background_init): has_ridder=0, Lambda_EDE_ridder=0.000000e+00, f_axion_ridder=1.000000e+16, theta_i_ridder=2.500000e+00, beta_ridder=0.000000e+00
BG_INIT: entering background_checks
BG_INIT: background_checks OK
DEBUG SHOOTING CHECK: has_ridder=0, model_type=0 (unified=1), use_shooting_EDE=0
BG_INIT: entering background_solve
BACKGROUND_SOLVE ENTERED: has_ridder=0 Lambda=0.00e+00
ABOUT TO INTEGRATE: bi_size=6 has_ridder=0 Lambda=0.00e+00
BG_INIT: background_solve OK
INPUT_READ: ridder_freeze_phi = 0 _TRUE_=1 (after class_read_flag)
DEBUG: Ridder field DISABLED. Lambda = 0.000000e+00
INPUT_READ: ridder_freeze_phi = 0 _TRUE_=1 (after class_read_flag)
DEBUG: Ridder field DISABLED. Lambda = 0.000000e+00, model_type not set to unified
BACKGROUND_INIT ENTERED: Lambda=0.00e+00
DEBUG BG_INIT ENTRY: model_type=0
DEBUG AFTER CHECKS: model_type=0 has_ridder=0
RIDDER DEBUG (background_init): has_ridder=0, Lambda_EDE_ridder=0.000000e+00, f_axion_ridder=1.000000e+16, theta_i_ridder=2.500000e+00, beta_ridder=0.000000e+00
BG_INIT: entering background_checks
BG_INIT: background_checks OK
DEBUG SHOOTING CHECK: has_ridder=0, model_type=0 (unified=1), use_shooting_EDE=0
BG_INIT: entering background_solve
BACKGROUND_SOLVE ENTERED: has_ridder=0 Lambda=0.00e+00
ABOUT TO INTEGRATE: bi_size=6 has_ridder=0 Lambda=0.00e+00
DERIVS_ENTRY: call#=240000 has_ridder=0 Lambda=0.00e+00 a=2.78e-14
BG_INIT: background_solve OK
INPUT_READ: ridder_freeze_phi = 0 _TRUE_=1 (after class_read_flag)
DEBUG: Ridder field DISABLED. Lambda =[mcmc] Progress @ 2025-11-27 04:50:56 : 573 steps taken, and 102 accepted.
[mcmc] Progress @ 2025-11-27 04:51:58 : 579 steps taken, and 103 accepted.
[mcmc] Progress @ 2025-11-27 04:53:17 : 589 steps taken, and 105 accepted.
[mcmc] Progress @ 2025-11-27 04:54:17 : 591 steps taken, and 106 accepted.
 0.000000e+00
INPUT_READ: ridder_freeze_phi = 0 _TRUE_=1 (after class_read_flag)
DEBUG: Ridder field DISABLED. Lambda = 0.000000e+00, model_type not set to unified
BACKGROUND_INIT ENTERED: Lambda=0.00e+00
DEBUG BG_INIT ENTRY: model_type=0
DEBUG AFTER CHECKS: model_type=0 has_ridder=0
RIDDER DEBUG (background_init): has_ridder=0, Lambda_EDE_ridder=0.000000e+00, f_axion_ridder=1.000000e+16, theta_i_ridder=2.500000e+00, beta_ridder=0.000000e+00
BG_INIT: entering background_checks
BG_INIT: background_checks OK
DEBUG SHOOTING CHECK: has_ridder=0, model_type=0 (unified=1), use_shooting_EDE=0
BG_INIT: entering background_solve
BACKGROUND_SOLVE ENTERED: has_ridder=0 Lambda=0.00e+00
ABOUT TO INTEGRATE: bi_size=6 has_ridder=0 Lambda=0.00e+00
DERIVS_ENTRY: call#=245000 has_ridder=0 Lambda=0.00e+00 a=2.42e-07
BG_INIT: background_solve OK
INPUT_READ: ridder_freeze_phi = 0 _TRUE_=1 (after class_read_flag)
DEBUG: Ridder field DISABLED. Lambda = 0.000000e+00
INPUT_READ: ridder_freeze_phi = 0 _TRUE_=1 (after class_read_flag)
DEBUG: Ridder field DISABLED. Lambda = 0.000000e+00, model_type not set to unified
BACKGROUND_INIT ENTERED: Lambda=0.00e+00
DEBUG BG_INIT ENTRY: model_type=0
DEBUG AFTER CHECKS: model_type=0 has_ridder=0
RIDDER DEBUG (background_init): has_ridder=0, Lambda_EDE_ridder=0.000000e+00, f_axion_ridder=1.000000e+16, theta_i_ridder=2.500000e+00, beta_ridder=0.000000e+00
BG_INIT: entering background_checks
BG_INIT: background_checks OK
DEBUG SHOOTING CHECK: has_ridder=0, model_type=0 (unified=1), use_shooting_EDE=0
BG_INIT: entering background_solve
BACKGROUND_SOLVE ENTERED: has_ridder=0 Lambda=0.00e+00
ABOUT TO INTEGRATE: bi_size=6 has_ridder=0 Lambda=0.00e+00
DERIVS_ENTRY: call#=250000 has_ridder=0 Lambda=0.00e+00 a=3.77e-01
BG_INIT: background_solve OK
INPUT_READ: ridder_freeze_phi = 0 _TRUE_=1 (after class_read_flag)
DEBUG: Ridder field DISABLED. Lambda = 0.000000e+00
INPUT_READ: ridder_freeze_phi = 0 _TRUE_=1 (after class_read_flag)
DEBUG: Ridder field DISABLED. Lambda = 0.000000e+00, model_type not set to unified
BACKGROUND_INIT ENTERED: Lambda=0.00e+00
DEBUG BG_INIT ENTRY: model_type=0
DEBUG AFTER CHECKS: model_type=0 has_ridder=0
RIDDER DEBUG (background_init): has_ridder=0, Lambda_EDE_ridder=0.000000e+00, f_axion_ridder=1.000000e+16, theta_i_ridder=2.500000e+00, beta_ridder=0.000000e+00
BG_INIT: entering background_checks
BG_INIT: background_checks OK
DEBUG SHOOTING CHECK: has_ridder=0, model_type=0 (unified=1), use_shooting_EDE=0
BG_INIT: entering background_solve
BACKGROUND_SOLVE ENTERED: has_ridder=0 Lambda=0.00e+00
ABOUT TO INTEGRATE: bi_size=6 has_ridder=0 Lambda=0.00e+00
BG_INIT: background_solve OK
INPUT_READ: ridder_freeze_phi = 0 _TRUE_=1 (after class_read_flag)
DEBUG: Ridder field DISABLED. Lambda = 0.000000e+00
INPUT_READ: ridder_freeze_phi = 0 _TRUE_=1 (after class_read_flag)
DEBUG: Ridder field DISABLED. Lambda = 0.000000e+00, model_type not set to unified
BACKGROUND_INIT ENTERED: Lambda=0.00e+00
DEBUG BG_INIT ENTRY: model_type=0
DEBUG AFTER CHECKS: model_type=0 has_ridder=0
RIDDER DEBUG (background_init): has_ridder=0, Lambda_EDE_ridder=0.000000e+00, f_axion_ridder=1.000000e+16, theta_i_ridder=2.500000e+00, beta_ridder=0.000000e+00
BG_INIT: entering background_checks
BG_INIT: background_checks OK
DEBUG SHOOTING CHECK: has_ridder=0, model_type=0 (unified=1), use_shooting_EDE=0
BG_INIT: entering background_solve
BACKGROUND_SOLVE ENTERED: has_ridder=0 Lambda=0.00e+00
ABOUT TO INTEGRATE: bi_size=6 has_ridder=0 Lambda=0.00e+00
DERIVS_ENTRY: call#=255000 has_ridder=0 Lambda=0.00e+00 a=3.73e-08
BG_INIT: background_solve OK
INPUT_READ: ridder_freeze_phi = 0 _TRUE_=1 (after class_read_flag)
DEBUG: Ridder field DISABLED. Lambda = 0.000000e+00
INPUT_READ: ridder_freeze_phi = 0 _TRUE_=1 (after class_read_flag)
DEBUG: Ridder field DISABLED. Lambda = 0.000000e+00, model_type not set to unified
BACKGROUND_INIT ENTERED: Lambda=0.00e+00
DEBUG BG_INIT ENTRY: model_type=0
DEBUG AFTER CHECKS: model_type=0 has_ridder=0
RIDDER DEBUG (background_init): has_ridder=0, Lambda_EDE_ridder=0.000000e+00, f_axion_ridder=1.000000e+16,[mcmc] Progress @ 2025-11-27 04:55:26 : 604 steps taken, and 108 accepted.
[mcmc] Progress @ 2025-11-27 04:56:26 : 608 steps taken, and 108 accepted.
[mcmc] Progress @ 2025-11-27 04:57:54 : 629 steps taken, and 113 accepted.
[mcmc] Progress @ 2025-11-27 04:59:17 : 641 steps taken, and 115 accepted.
[mcmc] Progress @ 2025-11-27 05:00:35 : 665 steps taken, and 122 accepted.
 theta_i_ridder=2.500000e+00, beta_ridder=0.000000e+00
BG_INIT: entering background_checks
BG_INIT: background_checks OK
DEBUG SHOOTING CHECK: has_ridder=0, model_type=0 (unified=1), use_shooting_EDE=0
BG_INIT: entering background_solve
BACKGROUND_SOLVE ENTERED: has_ridder=0 Lambda=0.00e+00
ABOUT TO INTEGRATE: bi_size=6 has_ridder=0 Lambda=0.00e+00
DERIVS_ENTRY: call#=260000 has_ridder=0 Lambda=0.00e+00 a=2.00e-02
BG_INIT: background_solve OK
INPUT_READ: ridder_freeze_phi = 0 _TRUE_=1 (after class_read_flag)
DEBUG: Ridder field DISABLED. Lambda = 0.000000e+00
INPUT_READ: ridder_freeze_phi = 0 _TRUE_=1 (after class_read_flag)
DEBUG: Ridder field DISABLED. Lambda = 0.000000e+00, model_type not set to unified
BACKGROUND_INIT ENTERED: Lambda=0.00e+00
DEBUG BG_INIT ENTRY: model_type=0
DEBUG AFTER CHECKS: model_type=0 has_ridder=0
RIDDER DEBUG (background_init): has_ridder=0, Lambda_EDE_ridder=0.000000e+00, f_axion_ridder=1.000000e+16, theta_i_ridder=2.500000e+00, beta_ridder=0.000000e+00
BG_INIT: entering background_checks
BG_INIT: background_checks OK
DEBUG SHOOTING CHECK: has_ridder=0, model_type=0 (unified=1), use_shooting_EDE=0
BG_INIT: entering background_solve
BACKGROUND_SOLVE ENTERED: has_ridder=0 Lambda=0.00e+00
ABOUT TO INTEGRATE: bi_size=6 has_ridder=0 Lambda=0.00e+00
BG_INIT: background_solve OK
INPUT_READ: ridder_freeze_phi = 0 _TRUE_=1 (after class_read_flag)
DEBUG: Ridder field DISABLED. Lambda = 0.000000e+00
INPUT_READ: ridder_freeze_phi = 0 _TRUE_=1 (after class_read_flag)
DEBUG: Ridder field DISABLED. Lambda = 0.000000e+00, model_type not set to unified
BACKGROUND_INIT ENTERED: Lambda=0.00e+00
DEBUG BG_INIT ENTRY: model_type=0
DEBUG AFTER CHECKS: model_type=0 has_ridder=0
RIDDER DEBUG (background_init): has_ridder=0, Lambda_EDE_ridder=0.000000e+00, f_axion_ridder=1.000000e+16, theta_i_ridder=2.500000e+00, beta_ridder=0.000000e+00
BG_INIT: entering background_checks
BG_INIT: background_checks OK
DEBUG SHOOTING CHECK: has_ridder=0, model_type=0 (unified=1), use_shooting_EDE=0
BG_INIT: entering background_solve
BACKGROUND_SOLVE ENTERED: has_ridder=0 Lambda=0.00e+00
ABOUT TO INTEGRATE: bi_size=6 has_ridder=0 Lambda=0.00e+00
DERIVS_ENTRY: call#=265000 has_ridder=0 Lambda=0.00e+00 a=5.76e-09
BG_INIT: background_solve OK
INPUT_READ: ridder_freeze_phi = 0 _TRUE_=1 (after class_read_flag)
DEBUG: Ridder field DISABLED. Lambda = 0.000000e+00
INPUT_READ: ridder_freeze_phi = 0 _TRUE_=1 (after class_read_flag)
DEBUG: Ridder field DISABLED. Lambda = 0.000000e+00, model_type not set to unified
BACKGROUND_INIT ENTERED: Lambda=0.00e+00
DEBUG BG_INIT ENTRY: model_type=0
DEBUG AFTER CHECKS: model_type=0 has_ridder=0
RIDDER DEBUG (background_init): has_ridder=0, Lambda_EDE_ridder=0.000000e+00, f_axion_ridder=1.000000e+16, theta_i_ridder=2.500000e+00, beta_ridder=0.000000e+00
BG_INIT: entering background_checks
BG_INIT: background_checks OK
DEBUG SHOOTING CHECK: has_ridder=0, model_type=0 (unified=1), use_shooting_EDE=0
BG_INIT: entering background_solve
BACKGROUND_SOLVE ENTERED: has_ridder=0 Lambda=0.00e+00
ABOUT TO INTEGRATE: bi_size=6 has_ridder=0 Lambda=0.00e+00
DERIVS_ENTRY: call#=270000 has_ridder=0 Lambda=0.00e+00 a=4.81e-04
BG_INIT: background_solve OK
INPUT_READ: ridder_freeze_phi = 0 _TRUE_=1 (after class_read_flag)
DEBUG: Ridder field DISABLED. Lambda = 0.000000e+00
INPUT_READ: ridder_freeze_phi = 0 _TRUE_=1 (after class_read_flag)
DEBUG: Ridder field DISABLED. Lambda = 0.000000e+00, model_type not set to unified
BACKGROUND_INIT ENTERED: Lambda=0.00e+00
DEBUG BG_INIT ENTRY: model_type=0
DEBUG AFTER CHECKS: model_type=0 has_ridder=0
RIDDER DEBUG (background_init): has_ridder=0, Lambda_EDE_ridder=0.000000e+00, f_axion_ridder=1.000000e+16, theta_i_ridder=2.500000e+00, beta_ridder=0.000000e+00
BG_INIT: entering background_checks
BG_INIT: background_checks OK
DEBUG SHOOTING CHECK: has_ridder=0, model_type=0 (unified=1), use_shooting_EDE=0
BG_INIT: entering background_solve
BACKGROUND_SOLVE ENTERED: has_ridder=0 Lambda=0.00e+00
ABOUT TO INTEGRATE: bi_size=6 has_ridder=0 Lambda=0.00e+00
BG_INIT: background_solve OK
INPUT_READ:[mcmc] Progress @ 2025-11-27 05:01:36 : 674 steps taken, and 124 accepted.
[mcmc] Progress @ 2025-11-27 05:02:37 : 677 steps taken, and 126 accepted.
[mcmc] Progress @ 2025-11-27 05:04:27 : 680 steps taken, and 126 accepted.
 ridder_freeze_phi = 0 _TRUE_=1 (after class_read_flag)
DEBUG: Ridder field DISABLED. Lambda = 0.000000e+00
INPUT_READ: ridder_freeze_phi = 0 _TRUE_=1 (after class_read_flag)
DEBUG: Ridder field DISABLED. Lambda = 0.000000e+00, model_type not set to unified
BACKGROUND_INIT ENTERED: Lambda=0.00e+00
DEBUG BG_INIT ENTRY: model_type=0
DEBUG AFTER CHECKS: model_type=0 has_ridder=0
RIDDER DEBUG (background_init): has_ridder=0, Lambda_EDE_ridder=0.000000e+00, f_axion_ridder=1.000000e+16, theta_i_ridder=2.500000e+00, beta_ridder=0.000000e+00
BG_INIT: entering background_checks
BG_INIT: background_checks OK
DEBUG SHOOTING CHECK: has_ridder=0, model_type=0 (unified=1), use_shooting_EDE=0
BG_INIT: entering background_solve
BACKGROUND_SOLVE ENTERED: has_ridder=0 Lambda=0.00e+00
ABOUT TO INTEGRATE: bi_size=6 has_ridder=0 Lambda=0.00e+00
DERIVS_ENTRY: call#=275000 has_ridder=0 Lambda=0.00e+00 a=8.41e-10
BG_INIT: background_solve OK
INPUT_READ: ridder_freeze_phi = 0 _TRUE_=1 (after class_read_flag)
DEBUG: Ridder field DISABLED. Lambda = 0.000000e+00
INPUT_READ: ridder_freeze_phi = 0 _TRUE_=1 (after class_read_flag)
DEBUG: Ridder field DISABLED. Lambda = 0.000000e+00, model_type not set to unified
BACKGROUND_INIT ENTERED: Lambda=0.00e+00
DEBUG BG_INIT ENTRY: model_type=0
DEBUG AFTER CHECKS: model_type=0 has_ridder=0
RIDDER DEBUG (background_init): has_ridder=0, Lambda_EDE_ridder=0.000000e+00, f_axion_ridder=1.000000e+16, theta_i_ridder=2.500000e+00, beta_ridder=0.000000e+00
BG_INIT: entering background_checks
BG_INIT: background_checks OK
DEBUG SHOOTING CHECK: has_ridder=0, model_type=0 (unified=1), use_shooting_EDE=0
BG_INIT: entering background_solve
BACKGROUND_SOLVE ENTERED: has_ridder=0 Lambda=0.00e+00
ABOUT TO INTEGRATE: bi_size=6 has_ridder=0 Lambda=0.00e+00
DERIVS_ENTRY: call#=280000 has_ridder=0 Lambda=0.00e+00 a=4.13e-05
BG_INIT: background_solve OK
INPUT_READ: ridder_freeze_phi = 0 _TRUE_=1 (after class_read_flag)
DEBUG: Ridder field DISABLED. Lambda = 0.000000e+00
INPUT_READ: ridder_freeze_phi = 0 _TRUE_=1 (after class_read_flag)
DEBUG: Ridder field DISABLED. Lambda = 0.000000e+00, model_type not set to unified
BACKGROUND_INIT ENTERED: Lambda=0.00e+00
DEBUG BG_INIT ENTRY: model_type=0
DEBUG AFTER CHECKS: model_type=0 has_ridder=0
RIDDER DEBUG (background_init): has_ridder=0, Lambda_EDE_ridder=0.000000e+00, f_axion_ridder=1.000000e+16, theta_i_ridder=2.500000e+00, beta_ridder=0.000000e+00
BG_INIT: entering background_checks
BG_INIT: background_checks OK
DEBUG SHOOTING CHECK: has_ridder=0, model_type=0 (unified=1), use_shooting_EDE=0
BG_INIT: entering background_solve
BACKGROUND_SOLVE ENTERED: has_ridder=0 Lambda=0.00e+00
ABOUT TO INTEGRATE: bi_size=6 has_ridder=0 Lambda=0.00e+00
BG_INIT: background_solve OK
INPUT_READ: ridder_freeze_phi = 0 _TRUE_=1 (after class_read_flag)
DEBUG: Ridder field DISABLED. Lambda = 0.000000e+00
INPUT_READ: ridder_freeze_phi = 0 _TRUE_=1 (after class_read_flag)
DEBUG: Ridder field DISABLED. Lambda = 0.000000e+00, model_type not set to unified
BACKGROUND_INIT ENTERED: Lambda=0.00e+00
DEBUG BG_INIT ENTRY: model_type=0
DEBUG AFTER CHECKS: model_type=0 has_ridder=0
RIDDER DEBUG (background_init): has_ridder=0, Lambda_EDE_ridder=0.000000e+00, f_axion_ridder=1.000000e+16, theta_i_ridder=2.500000e+00, beta_ridder=0.000000e+00
BG_INIT: entering background_checks
BG_INIT: background_checks OK
DEBUG SHOOTING CHECK: has_ridder=0, model_type=0 (unified=1), use_shooting_EDE=0
BG_INIT: entering background_solve
BACKGROUND_SOLVE ENTERED: has_ridder=0 Lambda=0.00e+00
ABOUT TO INTEGRATE: bi_size=6 has_ridder=0 Lambda=0.00e+00
DERIVS_ENTRY: call#=285000 has_ridder=0 Lambda=0.00e+00 a=1.45e-10
BG_INIT: background_solve OK
INPUT_READ: ridder_freeze_phi = 0 _TRUE_=1 (after class_read_flag)
DEBUG: Ridder field DISABLED. Lambda = 0.000000e+00
INPUT_READ: ridder_freeze_phi = 0 _TRUE_=1 (after class_read_flag)
DEBUG: Ridder field DISABLED. Lambda = 0.000000e+00, model_type not set to unified
BACKGROUND_INIT ENTERED: Lambda=0.00e+00
DEBUG BG_INIT ENTRY: model_type=0
DEBUG AFTER CHECKS: model_type=0 has_ridder=0
RIDDER DEBUG[mcmc] Progress @ 2025-11-27 05:05:46 : 699 steps taken, and 130 accepted.
[mcmc] Progress @ 2025-11-27 05:06:50 : 704 steps taken, and 131 accepted.
[mcmc] Progress @ 2025-11-27 05:07:56 : 722 steps taken, and 135 accepted.
[mcmc] Progress @ 2025-11-27 05:09:01 : 730 steps taken, and 136 accepted.
 (background_init): has_ridder=0, Lambda_EDE_ridder=0.000000e+00, f_axion_ridder=1.000000e+16, theta_i_ridder=2.500000e+00, beta_ridder=0.000000e+00
BG_INIT: entering background_checks
BG_INIT: background_checks OK
DEBUG SHOOTING CHECK: has_ridder=0, model_type=0 (unified=1), use_shooting_EDE=0
BG_INIT: entering background_solve
BACKGROUND_SOLVE ENTERED: has_ridder=0 Lambda=0.00e+00
ABOUT TO INTEGRATE: bi_size=6 has_ridder=0 Lambda=0.00e+00
DERIVS_ENTRY: call#=290000 has_ridder=0 Lambda=0.00e+00 a=9.10e-06
BG_INIT: background_solve OK
INPUT_READ: ridder_freeze_phi = 0 _TRUE_=1 (after class_read_flag)
DEBUG: Ridder field DISABLED. Lambda = 0.000000e+00
INPUT_READ: ridder_freeze_phi = 0 _TRUE_=1 (after class_read_flag)
DEBUG: Ridder field DISABLED. Lambda = 0.000000e+00, model_type not set to unified
BACKGROUND_INIT ENTERED: Lambda=0.00e+00
DEBUG BG_INIT ENTRY: model_type=0
DEBUG AFTER CHECKS: model_type=0 has_ridder=0
RIDDER DEBUG (background_init): has_ridder=0, Lambda_EDE_ridder=0.000000e+00, f_axion_ridder=1.000000e+16, theta_i_ridder=2.500000e+00, beta_ridder=0.000000e+00
BG_INIT: entering background_checks
BG_INIT: background_checks OK
DEBUG SHOOTING CHECK: has_ridder=0, model_type=0 (unified=1), use_shooting_EDE=0
BG_INIT: entering background_solve
BACKGROUND_SOLVE ENTERED: has_ridder=0 Lambda=0.00e+00
ABOUT TO INTEGRATE: bi_size=6 has_ridder=0 Lambda=0.00e+00
BG_INIT: background_solve OK
INPUT_READ: ridder_freeze_phi = 0 _TRUE_=1 (after class_read_flag)
DEBUG: Ridder field DISABLED. Lambda = 0.000000e+00
INPUT_READ: ridder_freeze_phi = 0 _TRUE_=1 (after class_read_flag)
DEBUG: Ridder field DISABLED. Lambda = 0.000000e+00, model_type not set to unified
BACKGROUND_INIT ENTERED: Lambda=0.00e+00
DEBUG BG_INIT ENTRY: model_type=0
DEBUG AFTER CHECKS: model_type=0 has_ridder=0
RIDDER DEBUG (background_init): has_ridder=0, Lambda_EDE_ridder=0.000000e+00, f_axion_ridder=1.000000e+16, theta_i_ridder=2.500000e+00, beta_ridder=0.000000e+00
BG_INIT: entering background_checks
BG_INIT: background_checks OK
DEBUG SHOOTING CHECK: has_ridder=0, model_type=0 (unified=1), use_shooting_EDE=0
BG_INIT: entering background_solve
BACKGROUND_SOLVE ENTERED: has_ridder=0 Lambda=0.00e+00
ABOUT TO INTEGRATE: bi_size=6 has_ridder=0 Lambda=0.00e+00
DERIVS_ENTRY: call#=295000 has_ridder=0 Lambda=0.00e+00 a=9.73e-12
BG_INIT: background_solve OK
INPUT_READ: ridder_freeze_phi = 0 _TRUE_=1 (after class_read_flag)
DEBUG: Ridder field DISABLED. Lambda = 0.000000e+00
INPUT_READ: ridder_freeze_phi = 0 _TRUE_=1 (after class_read_flag)
DEBUG: Ridder field DISABLED. Lambda = 0.000000e+00, model_type not set to unified
BACKGROUND_INIT ENTERED: Lambda=0.00e+00
DEBUG BG_INIT ENTRY: model_type=0
DEBUG AFTER CHECKS: model_type=0 has_ridder=0
RIDDER DEBUG (background_init): has_ridder=0, Lambda_EDE_ridder=0.000000e+00, f_axion_ridder=1.000000e+16, theta_i_ridder=2.500000e+00, beta_ridder=0.000000e+00
BG_INIT: entering background_checks
BG_INIT: background_checks OK
DEBUG SHOOTING CHECK: has_ridder=0, model_type=0 (unified=1), use_shooting_EDE=0
BG_INIT: entering background_solve
BACKGROUND_SOLVE ENTERED: has_ridder=0 Lambda=0.00e+00
ABOUT TO INTEGRATE: bi_size=6 has_ridder=0 Lambda=0.00e+00
DERIVS_ENTRY: call#=300000 has_ridder=0 Lambda=0.00e+00 a=1.33e-06
BG_INIT: background_solve OK
INPUT_READ: ridder_freeze_phi = 0 _TRUE_=1 (after class_read_flag)
DEBUG: Ridder field DISABLED. Lambda = 0.000000e+00
INPUT_READ: ridder_freeze_phi = 0 _TRUE_=1 (after class_read_flag)
DEBUG: Ridder field DISABLED. Lambda = 0.000000e+00, model_type not set to unified
BACKGROUND_INIT ENTERED: Lambda=0.00e+00
DEBUG BG_INIT ENTRY: model_type=0
DEBUG AFTER CHECKS: model_type=0 has_ridder=0
RIDDER DEBUG (background_init): has_ridder=0, Lambda_EDE_ridder=0.000000e+00, f_axion_ridder=1.000000e+16, theta_i_ridder=2.500000e+00, beta_ridder=0.000000e+00
BG_INIT: entering background_checks
BG_INIT: background_checks OK
DEBUG SHOOTING CHECK: has_ridder=0, model_type=0 (unified=1), use_shooting_EDE=0
BG_INIT: entering background_solve
BACKGROUND_SOLVE ENTERED: has_ridder=0 Lambda=0.00e+00
ABOUT[mcmc] Progress @ 2025-11-27 05:10:02 : 738 steps taken, and 137 accepted.
[mcmc] Progress @ 2025-11-27 05:11:16 : 746 steps taken, and 138 accepted.
[mcmc] Progress @ 2025-11-27 05:12:38 : 759 steps taken, and 142 accepted.
[mcmc] Progress @ 2025-11-27 05:13:38 : 765 steps taken, and 142 accepted.
[mcmc] Progress @ 2025-11-27 05:14:51 : 774 steps taken, and 143 accepted.
 TO INTEGRATE: bi_size=6 has_ridder=0 Lambda=0.00e+00
BG_INIT: background_solve OK
INPUT_READ: ridder_freeze_phi = 0 _TRUE_=1 (after class_read_flag)
DEBUG: Ridder field DISABLED. Lambda = 0.000000e+00
INPUT_READ: ridder_freeze_phi = 0 _TRUE_=1 (after class_read_flag)
DEBUG: Ridder field DISABLED. Lambda = 0.000000e+00, model_type not set to unified
BACKGROUND_INIT ENTERED: Lambda=0.00e+00
DEBUG BG_INIT ENTRY: model_type=0
DEBUG AFTER CHECKS: model_type=0 has_ridder=0
RIDDER DEBUG (background_init): has_ridder=0, Lambda_EDE_ridder=0.000000e+00, f_axion_ridder=1.000000e+16, theta_i_ridder=2.500000e+00, beta_ridder=0.000000e+00
BG_INIT: entering background_checks
BG_INIT: background_checks OK
DEBUG SHOOTING CHECK: has_ridder=0, model_type=0 (unified=1), use_shooting_EDE=0
BG_INIT: entering background_solve
BACKGROUND_SOLVE ENTERED: has_ridder=0 Lambda=0.00e+00
ABOUT TO INTEGRATE: bi_size=6 has_ridder=0 Lambda=0.00e+00
DERIVS_ENTRY: call#=305000 has_ridder=0 Lambda=0.00e+00 a=1.49e-14
BG_INIT: background_solve OK
INPUT_READ: ridder_freeze_phi = 0 _TRUE_=1 (after class_read_flag)
DEBUG: Ridder field DISABLED. Lambda = 0.000000e+00
INPUT_READ: ridder_freeze_phi = 0 _TRUE_=1 (after class_read_flag)
DEBUG: Ridder field DISABLED. Lambda = 0.000000e+00, model_type not set to unified
BACKGROUND_INIT ENTERED: Lambda=0.00e+00
DEBUG BG_INIT ENTRY: model_type=0
DEBUG AFTER CHECKS: model_type=0 has_ridder=0
RIDDER DEBUG (background_init): has_ridder=0, Lambda_EDE_ridder=0.000000e+00, f_axion_ridder=1.000000e+16, theta_i_ridder=2.500000e+00, beta_ridder=0.000000e+00
BG_INIT: entering background_checks
BG_INIT: background_checks OK
DEBUG SHOOTING CHECK: has_ridder=0, model_type=0 (unified=1), use_shooting_EDE=0
BG_INIT: entering background_solve
BACKGROUND_SOLVE ENTERED: has_ridder=0 Lambda=0.00e+00
ABOUT TO INTEGRATE: bi_size=6 has_ridder=0 Lambda=0.00e+00
DERIVS_ENTRY: call#=310000 has_ridder=0 Lambda=0.00e+00 a=1.84e-07
BG_INIT: background_solve OK
INPUT_READ: ridder_freeze_phi = 0 _TRUE_=1 (after class_read_flag)
DEBUG: Ridder field DISABLED. Lambda = 0.000000e+00
INPUT_READ: ridder_freeze_phi = 0 _TRUE_=1 (after class_read_flag)
DEBUG: Ridder field DISABLED. Lambda = 0.000000e+00, model_type not set to unified
BACKGROUND_INIT ENTERED: Lambda=0.00e+00
DEBUG BG_INIT ENTRY: model_type=0
DEBUG AFTER CHECKS: model_type=0 has_ridder=0
RIDDER DEBUG (background_init): has_ridder=0, Lambda_EDE_ridder=0.000000e+00, f_axion_ridder=1.000000e+16, theta_i_ridder=2.500000e+00, beta_ridder=0.000000e+00
BG_INIT: entering background_checks
BG_INIT: background_checks OK
DEBUG SHOOTING CHECK: has_ridder=0, model_type=0 (unified=1), use_shooting_EDE=0
BG_INIT: entering background_solve
BACKGROUND_SOLVE ENTERED: has_ridder=0 Lambda=0.00e+00
ABOUT TO INTEGRATE: bi_size=6 has_ridder=0 Lambda=0.00e+00
DERIVS_ENTRY: call#=315000 has_ridder=0 Lambda=0.00e+00 a=2.51e-01
BG_INIT: background_solve OK
INPUT_READ: ridder_freeze_phi = 0 _TRUE_=1 (after class_read_flag)
DEBUG: Ridder field DISABLED. Lambda = 0.000000e+00
INPUT_READ: ridder_freeze_phi = 0 _TRUE_=1 (after class_read_flag)
DEBUG: Ridder field DISABLED. Lambda = 0.000000e+00, model_type not set to unified
BACKGROUND_INIT ENTERED: Lambda=0.00e+00
DEBUG BG_INIT ENTRY: model_type=0
DEBUG AFTER CHECKS: model_type=0 has_ridder=0
RIDDER DEBUG (background_init): has_ridder=0, Lambda_EDE_ridder=0.000000e+00, f_axion_ridder=1.000000e+16, theta_i_ridder=2.500000e+00, beta_ridder=0.000000e+00
BG_INIT: entering background_checks
BG_INIT: background_checks OK
DEBUG SHOOTING CHECK: has_ridder=0, model_type=0 (unified=1), use_shooting_EDE=0
BG_INIT: entering background_solve
BACKGROUND_SOLVE ENTERED: has_ridder=0 Lambda=0.00e+00
ABOUT TO INTEGRATE: bi_size=6 has_ridder=0 Lambda=0.00e+00
BG_INIT: background_solve OK
INPUT_READ: ridder_freeze_phi = 0 _TRUE_=1 (after class_read_flag)
DEBUG: Ridder field DISABLED. Lambda = 0.000000e+00
INPUT_READ: ridder_freeze_phi = 0 _TRUE_=1 (after class_read_flag)
DEBUG: Ridder field DISABLED. Lambda = 0.000000e+00, model_type not set to unified
BACKGROUND_INIT ENTERED: Lambda=0.00e+0[mcmc] Progress @ 2025-11-27 05:15:52 : 778 steps taken, and 145 accepted.
[mcmc] Progress @ 2025-11-27 05:17:10 : 793 steps taken, and 145 accepted.
[mcmc] Progress @ 2025-11-27 05:18:11 : 801 steps taken, and 147 accepted.
[mcmc] Progress @ 2025-11-27 05:19:11 : 807 steps taken, and 148 accepted.
0
DEBUG BG_INIT ENTRY: model_type=0
DEBUG AFTER CHECKS: model_type=0 has_ridder=0
RIDDER DEBUG (background_init): has_ridder=0, Lambda_EDE_ridder=0.000000e+00, f_axion_ridder=1.000000e+16, theta_i_ridder=2.500000e+00, beta_ridder=0.000000e+00
BG_INIT: entering background_checks
BG_INIT: background_checks OK
DEBUG SHOOTING CHECK: has_ridder=0, model_type=0 (unified=1), use_shooting_EDE=0
BG_INIT: entering background_solve
BACKGROUND_SOLVE ENTERED: has_ridder=0 Lambda=0.00e+00
ABOUT TO INTEGRATE: bi_size=6 has_ridder=0 Lambda=0.00e+00
DERIVS_ENTRY: call#=320000 has_ridder=0 Lambda=0.00e+00 a=2.68e-08
BG_INIT: background_solve OK
INPUT_READ: ridder_freeze_phi = 0 _TRUE_=1 (after class_read_flag)
DEBUG: Ridder field DISABLED. Lambda = 0.000000e+00
INPUT_READ: ridder_freeze_phi = 0 _TRUE_=1 (after class_read_flag)
DEBUG: Ridder field DISABLED. Lambda = 0.000000e+00, model_type not set to unified
BACKGROUND_INIT ENTERED: Lambda=0.00e+00
DEBUG BG_INIT ENTRY: model_type=0
DEBUG AFTER CHECKS: model_type=0 has_ridder=0
RIDDER DEBUG (background_init): has_ridder=0, Lambda_EDE_ridder=0.000000e+00, f_axion_ridder=1.000000e+16, theta_i_ridder=2.500000e+00, beta_ridder=0.000000e+00
BG_INIT: entering background_checks
BG_INIT: background_checks OK
DEBUG SHOOTING CHECK: has_ridder=0, model_type=0 (unified=1), use_shooting_EDE=0
BG_INIT: entering background_solve
BACKGROUND_SOLVE ENTERED: has_ridder=0 Lambda=0.00e+00
ABOUT TO INTEGRATE: bi_size=6 has_ridder=0 Lambda=0.00e+00
DERIVS_ENTRY: call#=325000 has_ridder=0 Lambda=0.00e+00 a=6.84e-03
BG_INIT: background_solve OK
INPUT_READ: ridder_freeze_phi = 0 _TRUE_=1 (after class_read_flag)
DEBUG: Ridder field DISABLED. Lambda = 0.000000e+00
INPUT_READ: ridder_freeze_phi = 0 _TRUE_=1 (after class_read_flag)
DEBUG: Ridder field DISABLED. Lambda = 0.000000e+00, model_type not set to unified
BACKGROUND_INIT ENTERED: Lambda=0.00e+00
DEBUG BG_INIT ENTRY: model_type=0
DEBUG AFTER CHECKS: model_type=0 has_ridder=0
RIDDER DEBUG (background_init): has_ridder=0, Lambda_EDE_ridder=0.000000e+00, f_axion_ridder=1.000000e+16, theta_i_ridder=2.500000e+00, beta_ridder=0.000000e+00
BG_INIT: entering background_checks
BG_INIT: background_checks OK
DEBUG SHOOTING CHECK: has_ridder=0, model_type=0 (unified=1), use_shooting_EDE=0
BG_INIT: entering background_solve
BACKGROUND_SOLVE ENTERED: has_ridder=0 Lambda=0.00e+00
ABOUT TO INTEGRATE: bi_size=6 has_ridder=0 Lambda=0.00e+00
BG_INIT: background_solve OK
INPUT_READ: ridder_freeze_phi = 0 _TRUE_=1 (after class_read_flag)
DEBUG: Ridder field DISABLED. Lambda = 0.000000e+00
INPUT_READ: ridder_freeze_phi = 0 _TRUE_=1 (after class_read_flag)
DEBUG: Ridder field DISABLED. Lambda = 0.000000e+00, model_type not set to unified
BACKGROUND_INIT ENTERED: Lambda=0.00e+00
DEBUG BG_INIT ENTRY: model_type=0
DEBUG AFTER CHECKS: model_type=0 has_ridder=0
RIDDER DEBUG (background_init): has_ridder=0, Lambda_EDE_ridder=0.000000e+00, f_axion_ridder=1.000000e+16, theta_i_ridder=2.500000e+00, beta_ridder=0.000000e+00
BG_INIT: entering background_checks
BG_INIT: background_checks OK
DEBUG SHOOTING CHECK: has_ridder=0, model_type=0 (unified=1), use_shooting_EDE=0
BG_INIT: entering background_solve
BACKGROUND_SOLVE ENTERED: has_ridder=0 Lambda=0.00e+00
ABOUT TO INTEGRATE: bi_size=6 has_ridder=0 Lambda=0.00e+00
DERIVS_ENTRY: call#=330000 has_ridder=0 Lambda=0.00e+00 a=3.51e-09
BG_INIT: background_solve OK
INPUT_READ: ridder_freeze_phi = 0 _TRUE_=1 (after class_read_flag)
DEBUG: Ridder field DISABLED. Lambda = 0.000000e+00
INPUT_READ: ridder_freeze_phi = 0 _TRUE_=1 (after class_read_flag)
DEBUG: Ridder field DISABLED. Lambda = 0.000000e+00, model_type not set to unified
BACKGROUND_INIT ENTERED: Lambda=0.00e+00
DEBUG BG_INIT ENTRY: model_type=0
DEBUG AFTER CHECKS: model_type=0 has_ridder=0
RIDDER DEBUG (background_init): has_ridder=0, Lambda_EDE_ridder=0.000000e+00, f_axion_ridder=1.000000e+16, theta_i_ridder=2.500000e+00, beta_ridder=0.000000e+00
BG_INIT: entering background_checks
BG_INIT: background_checks OK
DEBUG SHOOTING CHECK: has_ridder=0, model_type=0 (unified=1), use_shooting_EDE=0
B[mcmc] Progress @ 2025-11-27 05:20:16 : 812 steps taken, and 149 accepted.
[mcmc] Progress @ 2025-11-27 05:21:16 : 814 steps taken, and 149 accepted.
[mcmc] Progress @ 2025-11-27 05:22:26 : 822 steps taken, and 150 accepted.
[mcmc] Progress @ 2025-11-27 05:23:43 : 839 steps taken, and 154 accepted.
[mcmc] Progress @ 2025-11-27 05:24:49 : 846 steps taken, and 155 accepted.
G_INIT: entering background_solve
BACKGROUND_SOLVE ENTERED: has_ridder=0 Lambda=0.00e+00
ABOUT TO INTEGRATE: bi_size=6 has_ridder=0 Lambda=0.00e+00
DERIVS_ENTRY: call#=335000 has_ridder=0 Lambda=0.00e+00 a=1.68e-04
BG_INIT: background_solve OK
INPUT_READ: ridder_freeze_phi = 0 _TRUE_=1 (after class_read_flag)
DEBUG: Ridder field DISABLED. Lambda = 0.000000e+00
INPUT_READ: ridder_freeze_phi = 0 _TRUE_=1 (after class_read_flag)
DEBUG: Ridder field DISABLED. Lambda = 0.000000e+00, model_type not set to unified
BACKGROUND_INIT ENTERED: Lambda=0.00e+00
DEBUG BG_INIT ENTRY: model_type=0
DEBUG AFTER CHECKS: model_type=0 has_ridder=0
RIDDER DEBUG (background_init): has_ridder=0, Lambda_EDE_ridder=0.000000e+00, f_axion_ridder=1.000000e+16, theta_i_ridder=2.500000e+00, beta_ridder=0.000000e+00
BG_INIT: entering background_checks
BG_INIT: background_checks OK
DEBUG SHOOTING CHECK: has_ridder=0, model_type=0 (unified=1), use_shooting_EDE=0
BG_INIT: entering background_solve
BACKGROUND_SOLVE ENTERED: has_ridder=0 Lambda=0.00e+00
ABOUT TO INTEGRATE: bi_size=6 has_ridder=0 Lambda=0.00e+00
BG_INIT: background_solve OK
INPUT_READ: ridder_freeze_phi = 0 _TRUE_=1 (after class_read_flag)
DEBUG: Ridder field DISABLED. Lambda = 0.000000e+00
INPUT_READ: ridder_freeze_phi = 0 _TRUE_=1 (after class_read_flag)
DEBUG: Ridder field DISABLED. Lambda = 0.000000e+00, model_type not set to unified
BACKGROUND_INIT ENTERED: Lambda=0.00e+00
DEBUG BG_INIT ENTRY: model_type=0
DEBUG AFTER CHECKS: model_type=0 has_ridder=0
RIDDER DEBUG (background_init): has_ridder=0, Lambda_EDE_ridder=0.000000e+00, f_axion_ridder=1.000000e+16, theta_i_ridder=2.500000e+00, beta_ridder=0.000000e+00
BG_INIT: entering background_checks
BG_INIT: background_checks OK
DEBUG SHOOTING CHECK: has_ridder=0, model_type=0 (unified=1), use_shooting_EDE=0
BG_INIT: entering background_solve
BACKGROUND_SOLVE ENTERED: has_ridder=0 Lambda=0.00e+00
ABOUT TO INTEGRATE: bi_size=6 has_ridder=0 Lambda=0.00e+00
DERIVS_ENTRY: call#=340000 has_ridder=0 Lambda=0.00e+00 a=4.92e-10
BG_INIT: background_solve OK
INPUT_READ: ridder_freeze_phi = 0 _TRUE_=1 (after class_read_flag)
DEBUG: Ridder field DISABLED. Lambda = 0.000000e+00
INPUT_READ: ridder_freeze_phi = 0 _TRUE_=1 (after class_read_flag)
DEBUG: Ridder field DISABLED. Lambda = 0.000000e+00, model_type not set to unified
BACKGROUND_INIT ENTERED: Lambda=0.00e+00
DEBUG BG_INIT ENTRY: model_type=0
DEBUG AFTER CHECKS: model_type=0 has_ridder=0
RIDDER DEBUG (background_init): has_ridder=0, Lambda_EDE_ridder=0.000000e+00, f_axion_ridder=1.000000e+16, theta_i_ridder=2.500000e+00, beta_ridder=0.000000e+00
BG_INIT: entering background_checks
BG_INIT: background_checks OK
DEBUG SHOOTING CHECK: has_ridder=0, model_type=0 (unified=1), use_shooting_EDE=0
BG_INIT: entering background_solve
BACKGROUND_SOLVE ENTERED: has_ridder=0 Lambda=0.00e+00
ABOUT TO INTEGRATE: bi_size=6 has_ridder=0 Lambda=0.00e+00
DERIVS_ENTRY: call#=345000 has_ridder=0 Lambda=0.00e+00 a=2.42e-05
BG_INIT: background_solve OK
INPUT_READ: ridder_freeze_phi = 0 _TRUE_=1 (after class_read_flag)
DEBUG: Ridder field DISABLED. Lambda = 0.000000e+00
INPUT_READ: ridder_freeze_phi = 0 _TRUE_=1 (after class_read_flag)
DEBUG: Ridder field DISABLED. Lambda = 0.000000e+00, model_type not set to unified
BACKGROUND_INIT ENTERED: Lambda=0.00e+00
DEBUG BG_INIT ENTRY: model_type=0
DEBUG AFTER CHECKS: model_type=0 has_ridder=0
RIDDER DEBUG (background_init): has_ridder=0, Lambda_EDE_ridder=0.000000e+00, f_axion_ridder=1.000000e+16, theta_i_ridder=2.500000e+00, beta_ridder=0.000000e+00
BG_INIT: entering background_checks
BG_INIT: background_checks OK
DEBUG SHOOTING CHECK: has_ridder=0, model_type=0 (unified=1), use_shooting_EDE=0
BG_INIT: entering background_solve
BACKGROUND_SOLVE ENTERED: has_ridder=0 Lambda=0.00e+00
ABOUT TO INTEGRATE: bi_size=6 has_ridder=0 Lambda=0.00e+00
BG_INIT: background_solve OK
INPUT_READ: ridder_freeze_phi = 0 _TRUE_=1 (after class_read_flag)
DEBUG: Ridder field DISABLED. Lambda = 0.000000e+00
INPUT_READ: ridder_freeze_phi = 0 _TRUE_=1 (after class_read_flag)
DEBUG: Ridder field DISABLED[mcmc] Progress @ 2025-11-27 05:26:00 : 857 steps taken, and 155 accepted.
[mcmc] Progress @ 2025-11-27 05:27:12 : 869 steps taken, and 157 accepted.
[mcmc] Progress @ 2025-11-27 05:28:51 : 889 steps taken, and 162 accepted.
. Lambda = 0.000000e+00, model_type not set to unified
BACKGROUND_INIT ENTERED: Lambda=0.00e+00
DEBUG BG_INIT ENTRY: model_type=0
DEBUG AFTER CHECKS: model_type=0 has_ridder=0
RIDDER DEBUG (background_init): has_ridder=0, Lambda_EDE_ridder=0.000000e+00, f_axion_ridder=1.000000e+16, theta_i_ridder=2.500000e+00, beta_ridder=0.000000e+00
BG_INIT: entering background_checks
BG_INIT: background_checks OK
DEBUG SHOOTING CHECK: has_ridder=0, model_type=0 (unified=1), use_shooting_EDE=0
BG_INIT: entering background_solve
BACKGROUND_SOLVE ENTERED: has_ridder=0 Lambda=0.00e+00
ABOUT TO INTEGRATE: bi_size=6 has_ridder=0 Lambda=0.00e+00
DERIVS_ENTRY: call#=350000 has_ridder=0 Lambda=0.00e+00 a=7.59e-11
BG_INIT: background_solve OK
INPUT_READ: ridder_freeze_phi = 0 _TRUE_=1 (after class_read_flag)
DEBUG: Ridder field DISABLED. Lambda = 0.000000e+00
INPUT_READ: ridder_freeze_phi = 0 _TRUE_=1 (after class_read_flag)
DEBUG: Ridder field DISABLED. Lambda = 0.000000e+00, model_type not set to unified
BACKGROUND_INIT ENTERED: Lambda=0.00e+00
DEBUG BG_INIT ENTRY: model_type=0
DEBUG AFTER CHECKS: model_type=0 has_ridder=0
RIDDER DEBUG (background_init): has_ridder=0, Lambda_EDE_ridder=0.000000e+00, f_axion_ridder=1.000000e+16, theta_i_ridder=2.500000e+00, beta_ridder=0.000000e+00
BG_INIT: entering background_checks
BG_INIT: background_checks OK
DEBUG SHOOTING CHECK: has_ridder=0, model_type=0 (unified=1), use_shooting_EDE=0
BG_INIT: entering background_solve
BACKGROUND_SOLVE ENTERED: has_ridder=0 Lambda=0.00e+00
ABOUT TO INTEGRATE: bi_size=6 has_ridder=0 Lambda=0.00e+00
DERIVS_ENTRY: call#=355000 has_ridder=0 Lambda=0.00e+00 a=3.83e-06
BG_INIT: background_solve OK
INPUT_READ: ridder_freeze_phi = 0 _TRUE_=1 (after class_read_flag)
DEBUG: Ridder field DISABLED. Lambda = 0.000000e+00
INPUT_READ: ridder_freeze_phi = 0 _TRUE_=1 (after class_read_flag)
DEBUG: Ridder field DISABLED. Lambda = 0.000000e+00, model_type not set to unified
BACKGROUND_INIT ENTERED: Lambda=0.00e+00
DEBUG BG_INIT ENTRY: model_type=0
DEBUG AFTER CHECKS: model_type=0 has_ridder=0
RIDDER DEBUG (background_init): has_ridder=0, Lambda_EDE_ridder=0.000000e+00, f_axion_ridder=1.000000e+16, theta_i_ridder=2.500000e+00, beta_ridder=0.000000e+00
BG_INIT: entering background_checks
BG_INIT: background_checks OK
DEBUG SHOOTING CHECK: has_ridder=0, model_type=0 (unified=1), use_shooting_EDE=0
BG_INIT: entering background_solve
BACKGROUND_SOLVE ENTERED: has_ridder=0 Lambda=0.00e+00
ABOUT TO INTEGRATE: bi_size=6 has_ridder=0 Lambda=0.00e+00
BG_INIT: background_solve OK
INPUT_READ: ridder_freeze_phi = 0 _TRUE_=1 (after class_read_flag)
DEBUG: Ridder field DISABLED. Lambda = 0.000000e+00
INPUT_READ: ridder_freeze_phi = 0 _TRUE_=1 (after class_read_flag)
DEBUG: Ridder field DISABLED. Lambda = 0.000000e+00, model_type not set to unified
BACKGROUND_INIT ENTERED: Lambda=0.00e+00
DEBUG BG_INIT ENTRY: model_type=0
DEBUG AFTER CHECKS: model_type=0 has_ridder=0
RIDDER DEBUG (background_init): has_ridder=0, Lambda_EDE_ridder=0.000000e+00, f_axion_ridder=1.000000e+16, theta_i_ridder=2.500000e+00, beta_ridder=0.000000e+00
BG_INIT: entering background_checks
BG_INIT: background_checks OK
DEBUG SHOOTING CHECK: has_ridder=0, model_type=0 (unified=1), use_shooting_EDE=0
BG_INIT: entering background_solve
BACKGROUND_SOLVE ENTERED: has_ridder=0 Lambda=0.00e+00
ABOUT TO INTEGRATE: bi_size=6 has_ridder=0 Lambda=0.00e+00
DERIVS_ENTRY: call#=360000 has_ridder=0 Lambda=0.00e+00 a=6.77e-13
BG_INIT: background_solve OK
INPUT_READ: ridder_freeze_phi = 0 _TRUE_=1 (after class_read_flag)
DEBUG: Ridder field DISABLED. Lambda = 0.000000e+00
INPUT_READ: ridder_freeze_phi = 0 _TRUE_=1 (after class_read_flag)
DEBUG: Ridder field DISABLED. Lambda = 0.000000e+00, model_type not set to unified
BACKGROUND_INIT ENTERED: Lambda=0.00e+00
DEBUG BG_INIT ENTRY: model_type=0
DEBUG AFTER CHECKS: model_type=0 has_ridder=0
RIDDER DEBUG (background_init): has_ridder=0, Lambda_EDE_ridder=0.000000e+00, f_axion_ridder=1.000000e+16, theta_i_ridder=2.500000e+00, beta_ridder=0.000000e+00
BG_INIT: entering background_checks
BG_INIT: backgroun[mcmc] Progress @ 2025-11-27 05:30:46 : 893 steps taken, and 162 accepted.
[mcmc] Progress @ 2025-11-27 05:31:50 : 901 steps taken, and 163 accepted.
[mcmc] Progress @ 2025-11-27 05:33:07 : 921 steps taken, and 165 accepted.
[mcmc] Progress @ 2025-11-27 05:34:11 : 929 steps taken, and 166 accepted.
[mcmc] Progress @ 2025-11-27 05:35:22 : 940 steps taken, and 168 accepted.
d_checks OK
DEBUG SHOOTING CHECK: has_ridder=0, model_type=0 (unified=1), use_shooting_EDE=0
BG_INIT: entering background_solve
BACKGROUND_SOLVE ENTERED: has_ridder=0 Lambda=0.00e+00
ABOUT TO INTEGRATE: bi_size=6 has_ridder=0 Lambda=0.00e+00
DERIVS_ENTRY: call#=365000 has_ridder=0 Lambda=0.00e+00 a=5.99e-07
BG_INIT: background_solve OK
INPUT_READ: ridder_freeze_phi = 0 _TRUE_=1 (after class_read_flag)
DEBUG: Ridder field DISABLED. Lambda = 0.000000e+00
INPUT_READ: ridder_freeze_phi = 0 _TRUE_=1 (after class_read_flag)
DEBUG: Ridder field DISABLED. Lambda = 0.000000e+00, model_type not set to unified
BACKGROUND_INIT ENTERED: Lambda=0.00e+00
DEBUG BG_INIT ENTRY: model_type=0
DEBUG AFTER CHECKS: model_type=0 has_ridder=0
RIDDER DEBUG (background_init): has_ridder=0, Lambda_EDE_ridder=0.000000e+00, f_axion_ridder=1.000000e+16, theta_i_ridder=2.500000e+00, beta_ridder=0.000000e+00
BG_INIT: entering background_checks
BG_INIT: background_checks OK
DEBUG SHOOTING CHECK: has_ridder=0, model_type=0 (unified=1), use_shooting_EDE=0
BG_INIT: entering background_solve
BACKGROUND_SOLVE ENTERED: has_ridder=0 Lambda=0.00e+00
ABOUT TO INTEGRATE: bi_size=6 has_ridder=0 Lambda=0.00e+00
DERIVS_ENTRY: call#=370000 has_ridder=0 Lambda=0.00e+00 a=8.15e-01
BG_INIT: background_solve OK
INPUT_READ: ridder_freeze_phi = 0 _TRUE_=1 (after class_read_flag)
DEBUG: Ridder field DISABLED. Lambda = 0.000000e+00
INPUT_READ: ridder_freeze_phi = 0 _TRUE_=1 (after class_read_flag)
DEBUG: Ridder field DISABLED. Lambda = 0.000000e+00, model_type not set to unified
BACKGROUND_INIT ENTERED: Lambda=0.00e+00
DEBUG BG_INIT ENTRY: model_type=0
DEBUG AFTER CHECKS: model_type=0 has_ridder=0
RIDDER DEBUG (background_init): has_ridder=0, Lambda_EDE_ridder=0.000000e+00, f_axion_ridder=1.000000e+16, theta_i_ridder=2.500000e+00, beta_ridder=0.000000e+00
BG_INIT: entering background_checks
BG_INIT: background_checks OK
DEBUG SHOOTING CHECK: has_ridder=0, model_type=0 (unified=1), use_shooting_EDE=0
BG_INIT: entering background_solve
BACKGROUND_SOLVE ENTERED: has_ridder=0 Lambda=0.00e+00
ABOUT TO INTEGRATE: bi_size=6 has_ridder=0 Lambda=0.00e+00
BG_INIT: background_solve OK
INPUT_READ: ridder_freeze_phi = 0 _TRUE_=1 (after class_read_flag)
DEBUG: Ridder field DISABLED. Lambda = 0.000000e+00
INPUT_READ: ridder_freeze_phi = 0 _TRUE_=1 (after class_read_flag)
DEBUG: Ridder field DISABLED. Lambda = 0.000000e+00, model_type not set to unified
BACKGROUND_INIT ENTERED: Lambda=0.00e+00
DEBUG BG_INIT ENTRY: model_type=0
DEBUG AFTER CHECKS: model_type=0 has_ridder=0
RIDDER DEBUG (background_init): has_ridder=0, Lambda_EDE_ridder=0.000000e+00, f_axion_ridder=1.000000e+16, theta_i_ridder=2.500000e+00, beta_ridder=0.000000e+00
BG_INIT: entering background_checks
BG_INIT: background_checks OK
DEBUG SHOOTING CHECK: has_ridder=0, model_type=0 (unified=1), use_shooting_EDE=0
BG_INIT: entering background_solve
BACKGROUND_SOLVE ENTERED: has_ridder=0 Lambda=0.00e+00
ABOUT TO INTEGRATE: bi_size=6 has_ridder=0 Lambda=0.00e+00
DERIVS_ENTRY: call#=375000 has_ridder=0 Lambda=0.00e+00 a=8.99e-08
BG_INIT: background_solve OK
INPUT_READ: ridder_freeze_phi = 0 _TRUE_=1 (after class_read_flag)
DEBUG: Ridder field DISABLED. Lambda = 0.000000e+00
INPUT_READ: ridder_freeze_phi = 0 _TRUE_=1 (after class_read_flag)
DEBUG: Ridder field DISABLED. Lambda = 0.000000e+00, model_type not set to unified
BACKGROUND_INIT ENTERED: Lambda=0.00e+00
DEBUG BG_INIT ENTRY: model_type=0
DEBUG AFTER CHECKS: model_type=0 has_ridder=0
RIDDER DEBUG (background_init): has_ridder=0, Lambda_EDE_ridder=0.000000e+00, f_axion_ridder=1.000000e+16, theta_i_ridder=2.500000e+00, beta_ridder=0.000000e+00
BG_INIT: entering background_checks
BG_INIT: background_checks OK
DEBUG SHOOTING CHECK: has_ridder=0, model_type=0 (unified=1), use_shooting_EDE=0
BG_INIT: entering background_solve
BACKGROUND_SOLVE ENTERED: has_ridder=0 Lambda=0.00e+00
ABOUT TO INTEGRATE: bi_size=6 has_ridder=0 Lambda=0.00e+00
DERIVS_ENTRY: call#=380000 has_ridder=0 Lambda=0.00e+00 a=1.10e-01
BG_INIT: background_solve OK
INPUT_READ: ridder_freeze_phi = 0 _TRUE_=1 (after cla[mcmc] Progress @ 2025-11-27 05:36:29 : 949 steps taken, and 169 accepted.
[mcmc] Progress @ 2025-11-27 05:37:30 : 958 steps taken, and 172 accepted.
[mcmc] Progress @ 2025-11-27 05:38:30 : 959 steps taken, and 172 accepted.
[mcmc] Progress @ 2025-11-27 05:39:45 : 972 steps taken, and 175 accepted.
ss_read_flag)
DEBUG: Ridder field DISABLED. Lambda = 0.000000e+00
INPUT_READ: ridder_freeze_phi = 0 _TRUE_=1 (after class_read_flag)
DEBUG: Ridder field DISABLED. Lambda = 0.000000e+00, model_type not set to unified
BACKGROUND_INIT ENTERED: Lambda=0.00e+00
DEBUG BG_INIT ENTRY: model_type=0
DEBUG AFTER CHECKS: model_type=0 has_ridder=0
RIDDER DEBUG (background_init): has_ridder=0, Lambda_EDE_ridder=0.000000e+00, f_axion_ridder=1.000000e+16, theta_i_ridder=2.500000e+00, beta_ridder=0.000000e+00
BG_INIT: entering background_checks
BG_INIT: background_checks OK
DEBUG SHOOTING CHECK: has_ridder=0, model_type=0 (unified=1), use_shooting_EDE=0
BG_INIT: entering background_solve
BACKGROUND_SOLVE ENTERED: has_ridder=0 Lambda=0.00e+00
ABOUT TO INTEGRATE: bi_size=6 has_ridder=0 Lambda=0.00e+00
BG_INIT: background_solve OK
INPUT_READ: ridder_freeze_phi = 0 _TRUE_=1 (after class_read_flag)
DEBUG: Ridder field DISABLED. Lambda = 0.000000e+00
INPUT_READ: ridder_freeze_phi = 0 _TRUE_=1 (after class_read_flag)
DEBUG: Ridder field DISABLED. Lambda = 0.000000e+00, model_type not set to unified
BACKGROUND_INIT ENTERED: Lambda=0.00e+00
DEBUG BG_INIT ENTRY: model_type=0
DEBUG AFTER CHECKS: model_type=0 has_ridder=0
RIDDER DEBUG (background_init): has_ridder=0, Lambda_EDE_ridder=0.000000e+00, f_axion_ridder=1.000000e+16, theta_i_ridder=2.500000e+00, beta_ridder=0.000000e+00
BG_INIT: entering background_checks
BG_INIT: background_checks OK
DEBUG SHOOTING CHECK: has_ridder=0, model_type=0 (unified=1), use_shooting_EDE=0
BG_INIT: entering background_solve
BACKGROUND_SOLVE ENTERED: has_ridder=0 Lambda=0.00e+00
ABOUT TO INTEGRATE: bi_size=6 has_ridder=0 Lambda=0.00e+00
DERIVS_ENTRY: call#=385000 has_ridder=0 Lambda=0.00e+00 a=1.30e-08
BG_INIT: background_solve OK
INPUT_READ: ridder_freeze_phi = 0 _TRUE_=1 (after class_read_flag)
DEBUG: Ridder field DISABLED. Lambda = 0.000000e+00
INPUT_READ: ridder_freeze_phi = 0 _TRUE_=1 (after class_read_flag)
DEBUG: Ridder field DISABLED. Lambda = 0.000000e+00, model_type not set to unified
BACKGROUND_INIT ENTERED: Lambda=0.00e+00
DEBUG BG_INIT ENTRY: model_type=0
DEBUG AFTER CHECKS: model_type=0 has_ridder=0
RIDDER DEBUG (background_init): has_ridder=0, Lambda_EDE_ridder=0.000000e+00, f_axion_ridder=1.000000e+16, theta_i_ridder=2.500000e+00, beta_ridder=0.000000e+00
BG_INIT: entering background_checks
BG_INIT: background_checks OK
DEBUG SHOOTING CHECK: has_ridder=0, model_type=0 (unified=1), use_shooting_EDE=0
BG_INIT: entering background_solve
BACKGROUND_SOLVE ENTERED: has_ridder=0 Lambda=0.00e+00
ABOUT TO INTEGRATE: bi_size=6 has_ridder=0 Lambda=0.00e+00
DERIVS_ENTRY: call#=390000 has_ridder=0 Lambda=0.00e+00 a=2.00e-03
BG_INIT: background_solve OK
INPUT_READ: ridder_freeze_phi = 0 _TRUE_=1 (after class_read_flag)
DEBUG: Ridder field DISABLED. Lambda = 0.000000e+00
INPUT_READ: ridder_freeze_phi = 0 _TRUE_=1 (after class_read_flag)
DEBUG: Ridder field DISABLED. Lambda = 0.000000e+00, model_type not set to unified
BACKGROUND_INIT ENTERED: Lambda=0.00e+00
DEBUG BG_INIT ENTRY: model_type=0
DEBUG AFTER CHECKS: model_type=0 has_ridder=0
RIDDER DEBUG (background_init): has_ridder=0, Lambda_EDE_ridder=0.000000e+00, f_axion_ridder=1.000000e+16, theta_i_ridder=2.500000e+00, beta_ridder=0.000000e+00
BG_INIT: entering background_checks
BG_INIT: background_checks OK
DEBUG SHOOTING CHECK: has_ridder=0, model_type=0 (unified=1), use_shooting_EDE=0
BG_INIT: entering background_solve
BACKGROUND_SOLVE ENTERED: has_ridder=0 Lambda=0.00e+00
ABOUT TO INTEGRATE: bi_size=6 has_ridder=0 Lambda=0.00e+00
BG_INIT: background_solve OK
INPUT_READ: ridder_freeze_phi = 0 _TRUE_=1 (after class_read_flag)
DEBUG: Ridder field DISABLED. Lambda = 0.000000e+00
INPUT_READ: ridder_freeze_phi = 0 _TRUE_=1 (after class_read_flag)
DEBUG: Ridder field DISABLED. Lambda = 0.000000e+00, model_type not set to unified
BACKGROUND_INIT ENTERED: Lambda=0.00e+00
DEBUG BG_INIT ENTRY: model_type=0
DEBUG AFTER CHECKS: model_type=0 has_ridder=0
RIDDER DEBUG (background_init): has_ridder=0, Lambda_EDE_ridder=0.000000e+00, f_axion_ridder=1.000000e+16, theta_i_ridder[mcmc] Progress @ 2025-11-27 05:40:46 : 976 steps taken, and 176 accepted.
[mcmc] Progress @ 2025-11-27 05:41:55 : 985 steps taken, and 178 accepted.
[mcmc] Progress @ 2025-11-27 05:43:13 : 1002 steps taken, and 182 accepted.
[mcmc] Progress @ 2025-11-27 05:44:13 : 1008 steps taken, and 184 accepted.
=2.500000e+00, beta_ridder=0.000000e+00
BG_INIT: entering background_checks
BG_INIT: background_checks OK
DEBUG SHOOTING CHECK: has_ridder=0, model_type=0 (unified=1), use_shooting_EDE=0
BG_INIT: entering background_solve
BACKGROUND_SOLVE ENTERED: has_ridder=0 Lambda=0.00e+00
ABOUT TO INTEGRATE: bi_size=6 has_ridder=0 Lambda=0.00e+00
DERIVS_ENTRY: call#=395000 has_ridder=0 Lambda=0.00e+00 a=1.97e-09
BG_INIT: background_solve OK
INPUT_READ: ridder_freeze_phi = 0 _TRUE_=1 (after class_read_flag)
DEBUG: Ridder field DISABLED. Lambda = 0.000000e+00
INPUT_READ: ridder_freeze_phi = 0 _TRUE_=1 (after class_read_flag)
DEBUG: Ridder field DISABLED. Lambda = 0.000000e+00, model_type not set to unified
BACKGROUND_INIT ENTERED: Lambda=0.00e+00
DEBUG BG_INIT ENTRY: model_type=0
DEBUG AFTER CHECKS: model_type=0 has_ridder=0
RIDDER DEBUG (background_init): has_ridder=0, Lambda_EDE_ridder=0.000000e+00, f_axion_ridder=1.000000e+16, theta_i_ridder=2.500000e+00, beta_ridder=0.000000e+00
BG_INIT: entering background_checks
BG_INIT: background_checks OK
DEBUG SHOOTING CHECK: has_ridder=0, model_type=0 (unified=1), use_shooting_EDE=0
BG_INIT: entering background_solve
BACKGROUND_SOLVE ENTERED: has_ridder=0 Lambda=0.00e+00
ABOUT TO INTEGRATE: bi_size=6 has_ridder=0 Lambda=0.00e+00
DERIVS_ENTRY: call#=400000 has_ridder=0 Lambda=0.00e+00 a=8.91e-05
BG_INIT: background_solve OK
INPUT_READ: ridder_freeze_phi = 0 _TRUE_=1 (after class_read_flag)
DEBUG: Ridder field DISABLED. Lambda = 0.000000e+00
INPUT_READ: ridder_freeze_phi = 0 _TRUE_=1 (after class_read_flag)
DEBUG: Ridder field DISABLED. Lambda = 0.000000e+00, model_type not set to unified
BACKGROUND_INIT ENTERED: Lambda=0.00e+00
DEBUG BG_INIT ENTRY: model_type=0
DEBUG AFTER CHECKS: model_type=0 has_ridder=0
RIDDER DEBUG (background_init): has_ridder=0, Lambda_EDE_ridder=0.000000e+00, f_axion_ridder=1.000000e+16, theta_i_ridder=2.500000e+00, beta_ridder=0.000000e+00
BG_INIT: entering background_checks
BG_INIT: background_checks OK
DEBUG SHOOTING CHECK: has_ridder=0, model_type=0 (unified=1), use_shooting_EDE=0
BG_INIT: entering background_solve
BACKGROUND_SOLVE ENTERED: has_ridder=0 Lambda=0.00e+00
ABOUT TO INTEGRATE: bi_size=6 has_ridder=0 Lambda=0.00e+00
BG_INIT: background_solve OK
INPUT_READ: ridder_freeze_phi = 0 _TRUE_=1 (after class_read_flag)
DEBUG: Ridder field DISABLED. Lambda = 0.000000e+00
INPUT_READ: ridder_freeze_phi = 0 _TRUE_=1 (after class_read_flag)
DEBUG: Ridder field DISABLED. Lambda = 0.000000e+00, model_type not set to unified
BACKGROUND_INIT ENTERED: Lambda=0.00e+00
DEBUG BG_INIT ENTRY: model_type=0
DEBUG AFTER CHECKS: model_type=0 has_ridder=0
RIDDER DEBUG (background_init): has_ridder=0, Lambda_EDE_ridder=0.000000e+00, f_axion_ridder=1.000000e+16, theta_i_ridder=2.500000e+00, beta_ridder=0.000000e+00
BG_INIT: entering background_checks
BG_INIT: background_checks OK
DEBUG SHOOTING CHECK: has_ridder=0, model_type=0 (unified=1), use_shooting_EDE=0
BG_INIT: entering background_solve
BACKGROUND_SOLVE ENTERED: has_ridder=0 Lambda=0.00e+00
ABOUT TO INTEGRATE: bi_size=6 has_ridder=0 Lambda=0.00e+00
DERIVS_ENTRY: call#=405000 has_ridder=0 Lambda=0.00e+00 a=2.54e-10
BG_INIT: background_solve OK
INPUT_READ: ridder_freeze_phi = 0 _TRUE_=1 (after class_read_flag)
DEBUG: Ridder field DISABLED. Lambda = 0.000000e+00
INPUT_READ: ridder_freeze_phi = 0 _TRUE_=1 (after class_read_flag)
DEBUG: Ridder field DISABLED. Lambda = 0.000000e+00, model_type not set to unified
BACKGROUND_INIT ENTERED: Lambda=0.00e+00
DEBUG BG_INIT ENTRY: model_type=0
DEBUG AFTER CHECKS: model_type=0 has_ridder=0
RIDDER DEBUG (background_init): has_ridder=0, Lambda_EDE_ridder=0.000000e+00, f_axion_ridder=1.000000e+16, theta_i_ridder=2.500000e+00, beta_ridder=0.000000e+00
BG_INIT: entering background_checks
BG_INIT: background_checks OK
DEBUG SHOOTING CHECK: has_ridder=0, model_type=0 (unified=1), use_shooting_EDE=0
BG_INIT: entering background_solve
BACKGROUND_SOLVE ENTERED: has_ridder=0 Lambda=0.00e+00
ABOUT TO INTEGRATE: bi_size=6 has_ridder=0 Lambda=0.00e+00
DERIVS_ENTRY: call#=410000 has_ridder=0 Lambda=0.00e+00[mcmc] Progress @ 2025-11-27 05:45:14 : 1013 steps taken, and 184 accepted.
[mcmc] Progress @ 2025-11-27 05:46:14 : 1019 steps taken, and 186 accepted.
[mcmc] Progress @ 2025-11-27 05:47:24 : 1029 steps taken, and 188 accepted.
[mcmc] Progress @ 2025-11-27 05:48:26 : 1033 steps taken, and 188 accepted.
[mcmc] Progress @ 2025-11-27 05:49:28 : 1041 steps taken, and 189 accepted.
 a=1.25e-05
BG_INIT: background_solve OK
INPUT_READ: ridder_freeze_phi = 0 _TRUE_=1 (after class_read_flag)
DEBUG: Ridder field DISABLED. Lambda = 0.000000e+00
INPUT_READ: ridder_freeze_phi = 0 _TRUE_=1 (after class_read_flag)
DEBUG: Ridder field DISABLED. Lambda = 0.000000e+00, model_type not set to unified
BACKGROUND_INIT ENTERED: Lambda=0.00e+00
DEBUG BG_INIT ENTRY: model_type=0
DEBUG AFTER CHECKS: model_type=0 has_ridder=0
RIDDER DEBUG (background_init): has_ridder=0, Lambda_EDE_ridder=0.000000e+00, f_axion_ridder=1.000000e+16, theta_i_ridder=2.500000e+00, beta_ridder=0.000000e+00
BG_INIT: entering background_checks
BG_INIT: background_checks OK
DEBUG SHOOTING CHECK: has_ridder=0, model_type=0 (unified=1), use_shooting_EDE=0
BG_INIT: entering background_solve
BACKGROUND_SOLVE ENTERED: has_ridder=0 Lambda=0.00e+00
ABOUT TO INTEGRATE: bi_size=6 has_ridder=0 Lambda=0.00e+00
BG_INIT: background_solve OK
INPUT_READ: ridder_freeze_phi = 0 _TRUE_=1 (after class_read_flag)
DEBUG: Ridder field DISABLED. Lambda = 0.000000e+00
INPUT_READ: ridder_freeze_phi = 0 _TRUE_=1 (after class_read_flag)
DEBUG: Ridder field DISABLED. Lambda = 0.000000e+00, model_type not set to unified
BACKGROUND_INIT ENTERED: Lambda=0.00e+00
DEBUG BG_INIT ENTRY: model_type=0
DEBUG AFTER CHECKS: model_type=0 has_ridder=0
RIDDER DEBUG (background_init): has_ridder=0, Lambda_EDE_ridder=0.000000e+00, f_axion_ridder=1.000000e+16, theta_i_ridder=2.500000e+00, beta_ridder=0.000000e+00
BG_INIT: entering background_checks
BG_INIT: background_checks OK
DEBUG SHOOTING CHECK: has_ridder=0, model_type=0 (unified=1), use_shooting_EDE=0
BG_INIT: entering background_solve
BACKGROUND_SOLVE ENTERED: has_ridder=0 Lambda=0.00e+00
ABOUT TO INTEGRATE: bi_size=6 has_ridder=0 Lambda=0.00e+00
DERIVS_ENTRY: call#=415000 has_ridder=0 Lambda=0.00e+00 a=3.86e-11
BG_INIT: background_solve OK
INPUT_READ: ridder_freeze_phi = 0 _TRUE_=1 (after class_read_flag)
DEBUG: Ridder field DISABLED. Lambda = 0.000000e+00
INPUT_READ: ridder_freeze_phi = 0 _TRUE_=1 (after class_read_flag)
DEBUG: Ridder field DISABLED. Lambda = 0.000000e+00, model_type not set to unified
BACKGROUND_INIT ENTERED: Lambda=0.00e+00
DEBUG BG_INIT ENTRY: model_type=0
DEBUG AFTER CHECKS: model_type=0 has_ridder=0
RIDDER DEBUG (background_init): has_ridder=0, Lambda_EDE_ridder=0.000000e+00, f_axion_ridder=1.000000e+16, theta_i_ridder=2.500000e+00, beta_ridder=0.000000e+00
BG_INIT: entering background_checks
BG_INIT: background_checks OK
DEBUG SHOOTING CHECK: has_ridder=0, model_type=0 (unified=1), use_shooting_EDE=0
BG_INIT: entering background_solve
BACKGROUND_SOLVE ENTERED: has_ridder=0 Lambda=0.00e+00
ABOUT TO INTEGRATE: bi_size=6 has_ridder=0 Lambda=0.00e+00
DERIVS_ENTRY: call#=420000 has_ridder=0 Lambda=0.00e+00 a=2.04e-06
BG_INIT: background_solve OK
INPUT_READ: ridder_freeze_phi = 0 _TRUE_=1 (after class_read_flag)
DEBUG: Ridder field DISABLED. Lambda = 0.000000e+00
INPUT_READ: ridder_freeze_phi = 0 _TRUE_=1 (after class_read_flag)
DEBUG: Ridder field DISABLED. Lambda = 0.000000e+00, model_type not set to unified
BACKGROUND_INIT ENTERED: Lambda=0.00e+00
DEBUG BG_INIT ENTRY: model_type=0
DEBUG AFTER CHECKS: model_type=0 has_ridder=0
RIDDER DEBUG (background_init): has_ridder=0, Lambda_EDE_ridder=0.000000e+00, f_axion_ridder=1.000000e+16, theta_i_ridder=2.500000e+00, beta_ridder=0.000000e+00
BG_INIT: entering background_checks
BG_INIT: background_checks OK
DEBUG SHOOTING CHECK: has_ridder=0, model_type=0 (unified=1), use_shooting_EDE=0
BG_INIT: entering background_solve
BACKGROUND_SOLVE ENTERED: has_ridder=0 Lambda=0.00e+00
ABOUT TO INTEGRATE: bi_size=6 has_ridder=0 Lambda=0.00e+00
BG_INIT: background_solve OK
INPUT_READ: ridder_freeze_phi = 0 _TRUE_=1 (after class_read_flag)
DEBUG: Ridder field DISABLED. Lambda = 0.000000e+00
INPUT_READ: ridder_freeze_phi = 0 _TRUE_=1 (after class_read_flag)
DEBUG: Ridder field DISABLED. Lambda = 0.000000e+00, model_type not set to unified
BACKGROUND_INIT ENTERED: Lambda=0.00e+00
DEBUG BG_INIT ENTRY: model_type=0
DEBUG AFTER CHECKS: model_type=0 has_ridder=0
RIDDER DEBUG (background_in[mcmc] Progress @ 2025-11-27 05:50:37 : 1052 steps taken, and 192 accepted.
[mcmc] Progress @ 2025-11-27 05:51:48 : 1069 steps taken, and 195 accepted.
[mcmc] Progress @ 2025-11-27 05:52:52 : 1075 steps taken, and 197 accepted.
[mcmc] Progress @ 2025-11-27 05:54:10 : 1094 steps taken, and 203 accepted.
it): has_ridder=0, Lambda_EDE_ridder=0.000000e+00, f_axion_ridder=1.000000e+16, theta_i_ridder=2.500000e+00, beta_ridder=0.000000e+00
BG_INIT: entering background_checks
BG_INIT: background_checks OK
DEBUG SHOOTING CHECK: has_ridder=0, model_type=0 (unified=1), use_shooting_EDE=0
BG_INIT: entering background_solve
BACKGROUND_SOLVE ENTERED: has_ridder=0 Lambda=0.00e+00
ABOUT TO INTEGRATE: bi_size=6 has_ridder=0 Lambda=0.00e+00
DERIVS_ENTRY: call#=425000 has_ridder=0 Lambda=0.00e+00 a=6.43e-14
BG_INIT: background_solve OK
INPUT_READ: ridder_freeze_phi = 0 _TRUE_=1 (after class_read_flag)
DEBUG: Ridder field DISABLED. Lambda = 0.000000e+00
INPUT_READ: ridder_freeze_phi = 0 _TRUE_=1 (after class_read_flag)
DEBUG: Ridder field DISABLED. Lambda = 0.000000e+00, model_type not set to unified
BACKGROUND_INIT ENTERED: Lambda=0.00e+00
DEBUG BG_INIT ENTRY: model_type=0
DEBUG AFTER CHECKS: model_type=0 has_ridder=0
RIDDER DEBUG (background_init): has_ridder=0, Lambda_EDE_ridder=0.000000e+00, f_axion_ridder=1.000000e+16, theta_i_ridder=2.500000e+00, beta_ridder=0.000000e+00
BG_INIT: entering background_checks
BG_INIT: background_checks OK
DEBUG SHOOTING CHECK: has_ridder=0, model_type=0 (unified=1), use_shooting_EDE=0
BG_INIT: entering background_solve
BACKGROUND_SOLVE ENTERED: has_ridder=0 Lambda=0.00e+00
ABOUT TO INTEGRATE: bi_size=6 has_ridder=0 Lambda=0.00e+00
DERIVS_ENTRY: call#=430000 has_ridder=0 Lambda=0.00e+00 a=3.27e-07
BG_INIT: background_solve OK
INPUT_READ: ridder_freeze_phi = 0 _TRUE_=1 (after class_read_flag)
DEBUG: Ridder field DISABLED. Lambda = 0.000000e+00
INPUT_READ: ridder_freeze_phi = 0 _TRUE_=1 (after class_read_flag)
DEBUG: Ridder field DISABLED. Lambda = 0.000000e+00, model_type not set to unified
BACKGROUND_INIT ENTERED: Lambda=0.00e+00
DEBUG BG_INIT ENTRY: model_type=0
DEBUG AFTER CHECKS: model_type=0 has_ridder=0
RIDDER DEBUG (background_init): has_ridder=0, Lambda_EDE_ridder=0.000000e+00, f_axion_ridder=1.000000e+16, theta_i_ridder=2.500000e+00, beta_ridder=0.000000e+00
BG_INIT: entering background_checks
BG_INIT: background_checks OK
DEBUG SHOOTING CHECK: has_ridder=0, model_type=0 (unified=1), use_shooting_EDE=0
BG_INIT: entering background_solve
BACKGROUND_SOLVE ENTERED: has_ridder=0 Lambda=0.00e+00
ABOUT TO INTEGRATE: bi_size=6 has_ridder=0 Lambda=0.00e+00
DERIVS_ENTRY: call#=435000 has_ridder=0 Lambda=0.00e+00 a=4.89e-01
BG_INIT: background_solve OK
INPUT_READ: ridder_freeze_phi = 0 _TRUE_=1 (after class_read_flag)
DEBUG: Ridder field DISABLED. Lambda = 0.000000e+00
INPUT_READ: ridder_freeze_phi = 0 _TRUE_=1 (after class_read_flag)
DEBUG: Ridder field DISABLED. Lambda = 0.000000e+00, model_type not set to unified
BACKGROUND_INIT ENTERED: Lambda=0.00e+00
DEBUG BG_INIT ENTRY: model_type=0
DEBUG AFTER CHECKS: model_type=0 has_ridder=0
RIDDER DEBUG (background_init): has_ridder=0, Lambda_EDE_ridder=0.000000e+00, f_axion_ridder=1.000000e+16, theta_i_ridder=2.500000e+00, beta_ridder=0.000000e+00
BG_INIT: entering background_checks
BG_INIT: background_checks OK
DEBUG SHOOTING CHECK: has_ridder=0, model_type=0 (unified=1), use_shooting_EDE=0
BG_INIT: entering background_solve
BACKGROUND_SOLVE ENTERED: has_ridder=0 Lambda=0.00e+00
ABOUT TO INTEGRATE: bi_size=6 has_ridder=0 Lambda=0.00e+00
BG_INIT: background_solve OK
INPUT_READ: ridder_freeze_phi = 0 _TRUE_=1 (after class_read_flag)
DEBUG: Ridder field DISABLED. Lambda = 0.000000e+00
INPUT_READ: ridder_freeze_phi = 0 _TRUE_=1 (after class_read_flag)
DEBUG: Ridder field DISABLED. Lambda = 0.000000e+00, model_type not set to unified
BACKGROUND_INIT ENTERED: Lambda=0.00e+00
DEBUG BG_INIT ENTRY: model_type=0
DEBUG AFTER CHECKS: model_type=0 has_ridder=0
RIDDER DEBUG (background_init): has_ridder=0, Lambda_EDE_ridder=0.000000e+00, f_axion_ridder=1.000000e+16, theta_i_ridder=2.500000e+00, beta_ridder=0.000000e+00
BG_INIT: entering background_checks
BG_INIT: background_checks OK
DEBUG SHOOTING CHECK: has_ridder=0, model_type=0 (unified=1), use_shooting_EDE=0
BG_INIT: entering background_solve
BACKGROUND_SOLVE ENTERED: has_ridder=0 Lambda=0.00e+00
ABOUT TO INTEGRATE: [mcmc] Progress @ 2025-11-27 05:55:11 : 1098 steps taken, and 203 accepted.
[mcmc] Progress @ 2025-11-27 05:56:11 : 1101 steps taken, and 203 accepted.
[mcmc] Progress @ 2025-11-27 05:57:11 : 1104 steps taken, and 204 accepted.
[mcmc] Progress @ 2025-11-27 05:58:12 : 1108 steps taken, and 204 accepted.
[mcmc] Progress @ 2025-11-27 05:59:12 : 1118 steps taken, and 205 accepted.
bi_size=6 has_ridder=0 Lambda=0.00e+00
DERIVS_ENTRY: call#=440000 has_ridder=0 Lambda=0.00e+00 a=4.52e-08
BG_INIT: background_solve OK
INPUT_READ: ridder_freeze_phi = 0 _TRUE_=1 (after class_read_flag)
DEBUG: Ridder field DISABLED. Lambda = 0.000000e+00
INPUT_READ: ridder_freeze_phi = 0 _TRUE_=1 (after class_read_flag)
DEBUG: Ridder field DISABLED. Lambda = 0.000000e+00, model_type not set to unified
BACKGROUND_INIT ENTERED: Lambda=0.00e+00
DEBUG BG_INIT ENTRY: model_type=0
DEBUG AFTER CHECKS: model_type=0 has_ridder=0
RIDDER DEBUG (background_init): has_ridder=0, Lambda_EDE_ridder=0.000000e+00, f_axion_ridder=1.000000e+16, theta_i_ridder=2.500000e+00, beta_ridder=0.000000e+00
BG_INIT: entering background_checks
BG_INIT: background_checks OK
DEBUG SHOOTING CHECK: has_ridder=0, model_type=0 (unified=1), use_shooting_EDE=0
BG_INIT: entering background_solve
BACKGROUND_SOLVE ENTERED: has_ridder=0 Lambda=0.00e+00
ABOUT TO INTEGRATE: bi_size=6 has_ridder=0 Lambda=0.00e+00
DERIVS_ENTRY: call#=445000 has_ridder=0 Lambda=0.00e+00 a=3.12e-02
BG_INIT: background_solve OK
INPUT_READ: ridder_freeze_phi = 0 _TRUE_=1 (after class_read_flag)
DEBUG: Ridder field DISABLED. Lambda = 0.000000e+00
INPUT_READ: ridder_freeze_phi = 0 _TRUE_=1 (after class_read_flag)
DEBUG: Ridder field DISABLED. Lambda = 0.000000e+00, model_type not set to unified
BACKGROUND_INIT ENTERED: Lambda=0.00e+00
DEBUG BG_INIT ENTRY: model_type=0
DEBUG AFTER CHECKS: model_type=0 has_ridder=0
RIDDER DEBUG (background_init): has_ridder=0, Lambda_EDE_ridder=0.000000e+00, f_axion_ridder=1.000000e+16, theta_i_ridder=2.500000e+00, beta_ridder=0.000000e+00
BG_INIT: entering background_checks
BG_INIT: background_checks OK
DEBUG SHOOTING CHECK: has_ridder=0, model_type=0 (unified=1), use_shooting_EDE=0
BG_INIT: entering background_solve
BACKGROUND_SOLVE ENTERED: has_ridder=0 Lambda=0.00e+00
ABOUT TO INTEGRATE: bi_size=6 has_ridder=0 Lambda=0.00e+00
BG_INIT: background_solve OK
INPUT_READ: ridder_freeze_phi = 0 _TRUE_=1 (after class_read_flag)
DEBUG: Ridder field DISABLED. Lambda = 0.000000e+00
INPUT_READ: ridder_freeze_phi = 0 _TRUE_=1 (after class_read_flag)
DEBUG: Ridder field DISABLED. Lambda = 0.000000e+00, model_type not set to unified
BACKGROUND_INIT ENTERED: Lambda=0.00e+00
DEBUG BG_INIT ENTRY: model_type=0
DEBUG AFTER CHECKS: model_type=0 has_ridder=0
RIDDER DEBUG (background_init): has_ridder=0, Lambda_EDE_ridder=0.000000e+00, f_axion_ridder=1.000000e+16, theta_i_ridder=2.500000e+00, beta_ridder=0.000000e+00
BG_INIT: entering background_checks
BG_INIT: background_checks OK
DEBUG SHOOTING CHECK: has_ridder=0, model_type=0 (unified=1), use_shooting_EDE=0
BG_INIT: entering background_solve
BACKGROUND_SOLVE ENTERED: has_ridder=0 Lambda=0.00e+00
ABOUT TO INTEGRATE: bi_size=6 has_ridder=0 Lambda=0.00e+00
DERIVS_ENTRY: call#=450000 has_ridder=0 Lambda=0.00e+00 a=8.35e-09
BG_INIT: background_solve OK
INPUT_READ: ridder_freeze_phi = 0 _TRUE_=1 (after class_read_flag)
DEBUG: Ridder field DISABLED. Lambda = 0.000000e+00
INPUT_READ: ridder_freeze_phi = 0 _TRUE_=1 (after class_read_flag)
DEBUG: Ridder field DISABLED. Lambda = 0.000000e+00, model_type not set to unified
BACKGROUND_INIT ENTERED: Lambda=0.00e+00
DEBUG BG_INIT ENTRY: model_type=0
DEBUG AFTER CHECKS: model_type=0 has_ridder=0
RIDDER DEBUG (background_init): has_ridder=0, Lambda_EDE_ridder=0.000000e+00, f_axion_ridder=1.000000e+16, theta_i_ridder=2.500000e+00, beta_ridder=0.000000e+00
BG_INIT: entering background_checks
BG_INIT: background_checks OK
DEBUG SHOOTING CHECK: has_ridder=0, model_type=0 (unified=1), use_shooting_EDE=0
BG_INIT: entering background_solve
BACKGROUND_SOLVE ENTERED: has_ridder=0 Lambda=0.00e+00
ABOUT TO INTEGRATE: bi_size=6 has_ridder=0 Lambda=0.00e+00
DERIVS_ENTRY: call#=455000 has_ridder=0 Lambda=0.00e+00 a=7.98e-04
BG_INIT: background_solve OK
INPUT_READ: ridder_freeze_phi = 0 _TRUE_=1 (after class_read_flag)
DEBUG: Ridder field DISABLED. Lambda = 0.000000e+00
INPUT_READ: ridder_freeze_phi = 0 _TRUE_=1 (after class_read_flag)
DEBUG: Ridder field DISABLED. Lambda = 0.000000e+00, model_type not se[mcmc] Progress @ 2025-11-27 06:00:58 : 1154 steps taken, and 212 accepted.
[mcmc] Progress @ 2025-11-27 06:02:17 : 1169 steps taken, and 215 accepted.
[mcmc] Progress @ 2025-11-27 06:03:27 : 1177 steps taken, and 217 accepted.
[mcmc] Progress @ 2025-11-27 06:04:29 : 1180 steps taken, and 218 accepted.
t to unified
BACKGROUND_INIT ENTERED: Lambda=0.00e+00
DEBUG BG_INIT ENTRY: model_type=0
DEBUG AFTER CHECKS: model_type=0 has_ridder=0
RIDDER DEBUG (background_init): has_ridder=0, Lambda_EDE_ridder=0.000000e+00, f_axion_ridder=1.000000e+16, theta_i_ridder=2.500000e+00, beta_ridder=0.000000e+00
BG_INIT: entering background_checks
BG_INIT: background_checks OK
DEBUG SHOOTING CHECK: has_ridder=0, model_type=0 (unified=1), use_shooting_EDE=0
BG_INIT: entering background_solve
BACKGROUND_SOLVE ENTERED: has_ridder=0 Lambda=0.00e+00
ABOUT TO INTEGRATE: bi_size=6 has_ridder=0 Lambda=0.00e+00
BG_INIT: background_solve OK
INPUT_READ: ridder_freeze_phi = 0 _TRUE_=1 (after class_read_flag)
DEBUG: Ridder field DISABLED. Lambda = 0.000000e+00
INPUT_READ: ridder_freeze_phi = 0 _TRUE_=1 (after class_read_flag)
DEBUG: Ridder field DISABLED. Lambda = 0.000000e+00, model_type not set to unified
BACKGROUND_INIT ENTERED: Lambda=0.00e+00
DEBUG BG_INIT ENTRY: model_type=0
DEBUG AFTER CHECKS: model_type=0 has_ridder=0
RIDDER DEBUG (background_init): has_ridder=0, Lambda_EDE_ridder=0.000000e+00, f_axion_ridder=1.000000e+16, theta_i_ridder=2.500000e+00, beta_ridder=0.000000e+00
BG_INIT: entering background_checks
BG_INIT: background_checks OK
DEBUG SHOOTING CHECK: has_ridder=0, model_type=0 (unified=1), use_shooting_EDE=0
BG_INIT: entering background_solve
BACKGROUND_SOLVE ENTERED: has_ridder=0 Lambda=0.00e+00
ABOUT TO INTEGRATE: bi_size=6 has_ridder=0 Lambda=0.00e+00
DERIVS_ENTRY: call#=460000 has_ridder=0 Lambda=0.00e+00 a=1.14e-09
BG_INIT: background_solve OK
INPUT_READ: ridder_freeze_phi = 0 _TRUE_=1 (after class_read_flag)
DEBUG: Ridder field DISABLED. Lambda = 0.000000e+00
INPUT_READ: ridder_freeze_phi = 0 _TRUE_=1 (after class_read_flag)
DEBUG: Ridder field DISABLED. Lambda = 0.000000e+00, model_type not set to unified
BACKGROUND_INIT ENTERED: Lambda=0.00e+00
DEBUG BG_INIT ENTRY: model_type=0
DEBUG AFTER CHECKS: model_type=0 has_ridder=0
RIDDER DEBUG (background_init): has_ridder=0, Lambda_EDE_ridder=0.000000e+00, f_axion_ridder=1.000000e+16, theta_i_ridder=2.500000e+00, beta_ridder=0.000000e+00
BG_INIT: entering background_checks
BG_INIT: background_checks OK
DEBUG SHOOTING CHECK: has_ridder=0, model_type=0 (unified=1), use_shooting_EDE=0
BG_INIT: entering background_solve
BACKGROUND_SOLVE ENTERED: has_ridder=0 Lambda=0.00e+00
ABOUT TO INTEGRATE: bi_size=6 has_ridder=0 Lambda=0.00e+00
DERIVS_ENTRY: call#=465000 has_ridder=0 Lambda=0.00e+00 a=4.93e-05
BG_INIT: background_solve OK
INPUT_READ: ridder_freeze_phi = 0 _TRUE_=1 (after class_read_flag)
DEBUG: Ridder field DISABLED. Lambda = 0.000000e+00
INPUT_READ: ridder_freeze_phi = 0 _TRUE_=1 (after class_read_flag)
DEBUG: Ridder field DISABLED. Lambda = 0.000000e+00, model_type not set to unified
BACKGROUND_INIT ENTERED: Lambda=0.00e+00
DEBUG BG_INIT ENTRY: model_type=0
DEBUG AFTER CHECKS: model_type=0 has_ridder=0
RIDDER DEBUG (background_init): has_ridder=0, Lambda_EDE_ridder=0.000000e+00, f_axion_ridder=1.000000e+16, theta_i_ridder=2.500000e+00, beta_ridder=0.000000e+00
BG_INIT: entering background_checks
BG_INIT: background_checks OK
DEBUG SHOOTING CHECK: has_ridder=0, model_type=0 (unified=1), use_shooting_EDE=0
BG_INIT: entering background_solve
BACKGROUND_SOLVE ENTERED: has_ridder=0 Lambda=0.00e+00
ABOUT TO INTEGRATE: bi_size=6 has_ridder=0 Lambda=0.00e+00
BG_INIT: background_solve OK
INPUT_READ: ridder_freeze_phi = 0 _TRUE_=1 (after class_read_flag)
DEBUG: Ridder field DISABLED. Lambda = 0.000000e+00
INPUT_READ: ridder_freeze_phi = 0 _TRUE_=1 (after class_read_flag)
DEBUG: Ridder field DISABLED. Lambda = 0.000000e+00, model_type not set to unified
BACKGROUND_INIT ENTERED: Lambda=0.00e+00
DEBUG BG_INIT ENTRY: model_type=0
DEBUG AFTER CHECKS: model_type=0 has_ridder=0
RIDDER DEBUG (background_init): has_ridder=0, Lambda_EDE_ridder=0.000000e+00, f_axion_ridder=1.000000e+16, theta_i_ridder=2.500000e+00, beta_ridder=0.000000e+00
BG_INIT: entering background_checks
BG_INIT: background_checks OK
DEBUG SHOOTING CHECK: has_ridder=0, model_type=0 (unified=1), use_shooting_EDE=0
BG_INIT: enterin[mcmc] Progress @ 2025-11-27 06:05:31 : 1191 steps taken, and 219 accepted.
[mcmc] Progress @ 2025-11-27 06:06:32 : 1196 steps taken, and 219 accepted.
[mcmc] Progress @ 2025-11-27 06:07:33 : 1202 steps taken, and 220 accepted.
[mcmc] Progress @ 2025-11-27 06:08:34 : 1206 steps taken, and 220 accepted.
[mcmc] Progress @ 2025-11-27 06:09:35 : 1210 steps taken, and 220 accepted.
g background_solve
BACKGROUND_SOLVE ENTERED: has_ridder=0 Lambda=0.00e+00
ABOUT TO INTEGRATE: bi_size=6 has_ridder=0 Lambda=0.00e+00
DERIVS_ENTRY: call#=470000 has_ridder=0 Lambda=0.00e+00 a=1.43e-10
BG_INIT: background_solve OK
INPUT_READ: ridder_freeze_phi = 0 _TRUE_=1 (after class_read_flag)
DEBUG: Ridder field DISABLED. Lambda = 0.000000e+00
INPUT_READ: ridder_freeze_phi = 0 _TRUE_=1 (after class_read_flag)
DEBUG: Ridder field DISABLED. Lambda = 0.000000e+00, model_type not set to unified
BACKGROUND_INIT ENTERED: Lambda=0.00e+00
DEBUG BG_INIT ENTRY: model_type=0
DEBUG AFTER CHECKS: model_type=0 has_ridder=0
RIDDER DEBUG (background_init): has_ridder=0, Lambda_EDE_ridder=0.000000e+00, f_axion_ridder=1.000000e+16, theta_i_ridder=2.500000e+00, beta_ridder=0.000000e+00
BG_INIT: entering background_checks
BG_INIT: background_checks OK
DEBUG SHOOTING CHECK: has_ridder=0, model_type=0 (unified=1), use_shooting_EDE=0
BG_INIT: entering background_solve
BACKGROUND_SOLVE ENTERED: has_ridder=0 Lambda=0.00e+00
ABOUT TO INTEGRATE: bi_size=6 has_ridder=0 Lambda=0.00e+00
DERIVS_ENTRY: call#=475000 has_ridder=0 Lambda=0.00e+00 a=7.21e-06
BG_INIT: background_solve OK
INPUT_READ: ridder_freeze_phi = 0 _TRUE_=1 (after class_read_flag)
DEBUG: Ridder field DISABLED. Lambda = 0.000000e+00
INPUT_READ: ridder_freeze_phi = 0 _TRUE_=1 (after class_read_flag)
DEBUG: Ridder field DISABLED. Lambda = 0.000000e+00, model_type not set to unified
BACKGROUND_INIT ENTERED: Lambda=0.00e+00
DEBUG BG_INIT ENTRY: model_type=0
DEBUG AFTER CHECKS: model_type=0 has_ridder=0
RIDDER DEBUG (background_init): has_ridder=0, Lambda_EDE_ridder=0.000000e+00, f_axion_ridder=1.000000e+16, theta_i_ridder=2.500000e+00, beta_ridder=0.000000e+00
BG_INIT: entering background_checks
BG_INIT: background_checks OK
DEBUG SHOOTING CHECK: has_ridder=0, model_type=0 (unified=1), use_shooting_EDE=0
BG_INIT: entering background_solve
BACKGROUND_SOLVE ENTERED: has_ridder=0 Lambda=0.00e+00
ABOUT TO INTEGRATE: bi_size=6 has_ridder=0 Lambda=0.00e+00
BG_INIT: background_solve OK
INPUT_READ: ridder_freeze_phi = 0 _TRUE_=1 (after class_read_flag)
DEBUG: Ridder field DISABLED. Lambda = 0.000000e+00
INPUT_READ: ridder_freeze_phi = 0 _TRUE_=1 (after class_read_flag)
DEBUG: Ridder field DISABLED. Lambda = 0.000000e+00, model_type not set to unified
BACKGROUND_INIT ENTERED: Lambda=0.00e+00
DEBUG BG_INIT ENTRY: model_type=0
DEBUG AFTER CHECKS: model_type=0 has_ridder=0
RIDDER DEBUG (background_init): has_ridder=0, Lambda_EDE_ridder=0.000000e+00, f_axion_ridder=1.000000e+16, theta_i_ridder=2.500000e+00, beta_ridder=0.000000e+00
BG_INIT: entering background_checks
BG_INIT: background_checks OK
DEBUG SHOOTING CHECK: has_ridder=0, model_type=0 (unified=1), use_shooting_EDE=0
BG_INIT: entering background_solve
BACKGROUND_SOLVE ENTERED: has_ridder=0 Lambda=0.00e+00
ABOUT TO INTEGRATE: bi_size=6 has_ridder=0 Lambda=0.00e+00
DERIVS_ENTRY: call#=480000 has_ridder=0 Lambda=0.00e+00 a=5.21e-12
BG_INIT: background_solve OK
INPUT_READ: ridder_freeze_phi = 0 _TRUE_=1 (after class_read_flag)
DEBUG: Ridder field DISABLED. Lambda = 0.000000e+00
INPUT_READ: ridder_freeze_phi = 0 _TRUE_=1 (after class_read_flag)
DEBUG: Ridder field DISABLED. Lambda = 0.000000e+00, model_type not set to unified
BACKGROUND_INIT ENTERED: Lambda=0.00e+00
DEBUG BG_INIT ENTRY: model_type=0
DEBUG AFTER CHECKS: model_type=0 has_ridder=0
RIDDER DEBUG (background_init): has_ridder=0, Lambda_EDE_ridder=0.000000e+00, f_axion_ridder=1.000000e+16, theta_i_ridder=2.500000e+00, beta_ridder=0.000000e+00
BG_INIT: entering background_checks
BG_INIT: background_checks OK
DEBUG SHOOTING CHECK: has_ridder=0, model_type=0 (unified=1), use_shooting_EDE=0
BG_INIT: entering background_solve
BACKGROUND_SOLVE ENTERED: has_ridder=0 Lambda=0.00e+00
ABOUT TO INTEGRATE: bi_size=6 has_ridder=0 Lambda=0.00e+00
DERIVS_ENTRY: call#=485000 has_ridder=0 Lambda=0.00e+00 a=1.05e-06
BG_INIT: background_solve OK
INPUT_READ: ridder_freeze_phi = 0 _TRUE_=1 (after class_read_flag)
DEBUG: Ridder field DISABLED. Lambda = 0.000000e+00
INPUT_READ: ridder_freeze_phi = 0 _TRUE_=1 [mcmc] Progress @ 2025-11-27 06:10:35 : 1214 steps taken, and 220 accepted.
[mcmc] Progress @ 2025-11-27 06:11:50 : 1225 steps taken, and 222 accepted.
[mcmc] Progress @ 2025-11-27 06:12:51 : 1228 steps taken, and 223 accepted.
[mcmc] Progress @ 2025-11-27 06:14:24 : 1258 steps taken, and 228 accepted.
(after class_read_flag)
DEBUG: Ridder field DISABLED. Lambda = 0.000000e+00, model_type not set to unified
BACKGROUND_INIT ENTERED: Lambda=0.00e+00
DEBUG BG_INIT ENTRY: model_type=0
DEBUG AFTER CHECKS: model_type=0 has_ridder=0
RIDDER DEBUG (background_init): has_ridder=0, Lambda_EDE_ridder=0.000000e+00, f_axion_ridder=1.000000e+16, theta_i_ridder=2.500000e+00, beta_ridder=0.000000e+00
BG_INIT: entering background_checks
BG_INIT: background_checks OK
DEBUG SHOOTING CHECK: has_ridder=0, model_type=0 (unified=1), use_shooting_EDE=0
BG_INIT: entering background_solve
BACKGROUND_SOLVE ENTERED: has_ridder=0 Lambda=0.00e+00
ABOUT TO INTEGRATE: bi_size=6 has_ridder=0 Lambda=0.00e+00
BG_INIT: background_solve OK
INPUT_READ: ridder_freeze_phi = 0 _TRUE_=1 (after class_read_flag)
DEBUG: Ridder field DISABLED. Lambda = 0.000000e+00
INPUT_READ: ridder_freeze_phi = 0 _TRUE_=1 (after class_read_flag)
DEBUG: Ridder field DISABLED. Lambda = 0.000000e+00, model_type not set to unified
BACKGROUND_INIT ENTERED: Lambda=0.00e+00
DEBUG BG_INIT ENTRY: model_type=0
DEBUG AFTER CHECKS: model_type=0 has_ridder=0
RIDDER DEBUG (background_init): has_ridder=0, Lambda_EDE_ridder=0.000000e+00, f_axion_ridder=1.000000e+16, theta_i_ridder=2.500000e+00, beta_ridder=0.000000e+00
BG_INIT: entering background_checks
BG_INIT: background_checks OK
DEBUG SHOOTING CHECK: has_ridder=0, model_type=0 (unified=1), use_shooting_EDE=0
BG_INIT: entering background_solve
BACKGROUND_SOLVE ENTERED: has_ridder=0 Lambda=0.00e+00
ABOUT TO INTEGRATE: bi_size=6 has_ridder=0 Lambda=0.00e+00
DERIVS_ENTRY: call#=490000 has_ridder=0 Lambda=0.00e+00 a=1.00e-14
BG_INIT: background_solve OK
INPUT_READ: ridder_freeze_phi = 0 _TRUE_=1 (after class_read_flag)
DEBUG: Ridder field DISABLED. Lambda = 0.000000e+00
INPUT_READ: ridder_freeze_phi = 0 _TRUE_=1 (after class_read_flag)
DEBUG: Ridder field DISABLED. Lambda = 0.000000e+00, model_type not set to unified
BACKGROUND_INIT ENTERED: Lambda=0.00e+00
DEBUG BG_INIT ENTRY: model_type=0
DEBUG AFTER CHECKS: model_type=0 has_ridder=0
RIDDER DEBUG (background_init): has_ridder=0, Lambda_EDE_ridder=0.000000e+00, f_axion_ridder=1.000000e+16, theta_i_ridder=2.500000e+00, beta_ridder=0.000000e+00
BG_INIT: entering background_checks
BG_INIT: background_checks OK
DEBUG SHOOTING CHECK: has_ridder=0, model_type=0 (unified=1), use_shooting_EDE=0
BG_INIT: entering background_solve
BACKGROUND_SOLVE ENTERED: has_ridder=0 Lambda=0.00e+00
ABOUT TO INTEGRATE: bi_size=6 has_ridder=0 Lambda=0.00e+00
DERIVS_ENTRY: call#=495000 has_ridder=0 Lambda=0.00e+00 a=1.29e-07
BG_INIT: background_solve OK
INPUT_READ: ridder_freeze_phi = 0 _TRUE_=1 (after class_read_flag)
DEBUG: Ridder field DISABLED. Lambda = 0.000000e+00
INPUT_READ: ridder_freeze_phi = 0 _TRUE_=1 (after class_read_flag)
DEBUG: Ridder field DISABLED. Lambda = 0.000000e+00, model_type not set to unified
BACKGROUND_INIT ENTERED: Lambda=0.00e+00
DEBUG BG_INIT ENTRY: model_type=0
DEBUG AFTER CHECKS: model_type=0 has_ridder=0
RIDDER DEBUG (background_init): has_ridder=0, Lambda_EDE_ridder=0.000000e+00, f_axion_ridder=1.000000e+16, theta_i_ridder=2.500000e+00, beta_ridder=0.000000e+00
BG_INIT: entering background_checks
BG_INIT: background_checks OK
DEBUG SHOOTING CHECK: has_ridder=0, model_type=0 (unified=1), use_shooting_EDE=0
BG_INIT: entering background_solve
BACKGROUND_SOLVE ENTERED: has_ridder=0 Lambda=0.00e+00
ABOUT TO INTEGRATE: bi_size=6 has_ridder=0 Lambda=0.00e+00
DERIVS_ENTRY: call#=500000 has_ridder=0 Lambda=0.00e+00 a=1.75e-01
BG_INIT: background_solve OK
INPUT_READ: ridder_freeze_phi = 0 _TRUE_=1 (after class_read_flag)
DEBUG: Ridder field DISABLED. Lambda = 0.000000e+00
INPUT_READ: ridder_freeze_phi = 0 _TRUE_=1 (after class_read_flag)
DEBUG: Ridder field DISABLED. Lambda = 0.000000e+00, model_type not set to unified
BACKGROUND_INIT ENTERED: Lambda=0.00e+00
DEBUG BG_INIT ENTRY: model_type=0
DEBUG AFTER CHECKS: model_type=0 has_ridder=0
RIDDER DEBUG (background_init): has_ridder=0, Lambda_EDE_ridder=0.000000e+00, f_axion_ridder=1.000000e+16, theta_i_ridder=2.500000e+00, beta_ridder=0.000000e+00
BG[mcmc] Progress @ 2025-11-27 06:15:31 : 1263 steps taken, and 230 accepted.
[mcmc] Progress @ 2025-11-27 06:16:39 : 1275 steps taken, and 234 accepted.
[mcmc] Progress @ 2025-11-27 06:17:40 : 1277 steps taken, and 234 accepted.
[mcmc] Progress @ 2025-11-27 06:18:44 : 1280 steps taken, and 234 accepted.
[mcmc] Progress @ 2025-11-27 06:19:47 : 1284 steps taken, and 234 accepted.
_INIT: entering background_checks
BG_INIT: background_checks OK
DEBUG SHOOTING CHECK: has_ridder=0, model_type=0 (unified=1), use_shooting_EDE=0
BG_INIT: entering background_solve
BACKGROUND_SOLVE ENTERED: has_ridder=0 Lambda=0.00e+00
ABOUT TO INTEGRATE: bi_size=6 has_ridder=0 Lambda=0.00e+00
BG_INIT: background_solve OK
INPUT_READ: ridder_freeze_phi = 0 _TRUE_=1 (after class_read_flag)
DEBUG: Ridder field DISABLED. Lambda = 0.000000e+00
INPUT_READ: ridder_freeze_phi = 0 _TRUE_=1 (after class_read_flag)
DEBUG: Ridder field DISABLED. Lambda = 0.000000e+00, model_type not set to unified
BACKGROUND_INIT ENTERED: Lambda=0.00e+00
DEBUG BG_INIT ENTRY: model_type=0
DEBUG AFTER CHECKS: model_type=0 has_ridder=0
RIDDER DEBUG (background_init): has_ridder=0, Lambda_EDE_ridder=0.000000e+00, f_axion_ridder=1.000000e+16, theta_i_ridder=2.500000e+00, beta_ridder=0.000000e+00
BG_INIT: entering background_checks
BG_INIT: background_checks OK
DEBUG SHOOTING CHECK: has_ridder=0, model_type=0 (unified=1), use_shooting_EDE=0
BG_INIT: entering background_solve
BACKGROUND_SOLVE ENTERED: has_ridder=0 Lambda=0.00e+00
ABOUT TO INTEGRATE: bi_size=6 has_ridder=0 Lambda=0.00e+00
DERIVS_ENTRY: call#=505000 has_ridder=0 Lambda=0.00e+00 a=1.83e-08
BG_INIT: background_solve OK
INPUT_READ: ridder_freeze_phi = 0 _TRUE_=1 (after class_read_flag)
DEBUG: Ridder field DISABLED. Lambda = 0.000000e+00
INPUT_READ: ridder_freeze_phi = 0 _TRUE_=1 (after class_read_flag)
DEBUG: Ridder field DISABLED. Lambda = 0.000000e+00, model_type not set to unified
BACKGROUND_INIT ENTERED: Lambda=0.00e+00
DEBUG BG_INIT ENTRY: model_type=0
DEBUG AFTER CHECKS: model_type=0 has_ridder=0
RIDDER DEBUG (background_init): has_ridder=0, Lambda_EDE_ridder=0.000000e+00, f_axion_ridder=1.000000e+16, theta_i_ridder=2.500000e+00, beta_ridder=0.000000e+00
BG_INIT: entering background_checks
BG_INIT: background_checks OK
DEBUG SHOOTING CHECK: has_ridder=0, model_type=0 (unified=1), use_shooting_EDE=0
BG_INIT: entering background_solve
BACKGROUND_SOLVE ENTERED: has_ridder=0 Lambda=0.00e+00
ABOUT TO INTEGRATE: bi_size=6 has_ridder=0 Lambda=0.00e+00
DERIVS_ENTRY: call#=510000 has_ridder=0 Lambda=0.00e+00 a=3.60e-03
BG_INIT: background_solve OK
INPUT_READ: ridder_freeze_phi = 0 _TRUE_=1 (after class_read_flag)
DEBUG: Ridder field DISABLED. Lambda = 0.000000e+00
INPUT_READ: ridder_freeze_phi = 0 _TRUE_=1 (after class_read_flag)
DEBUG: Ridder field DISABLED. Lambda = 0.000000e+00, model_type not set to unified
BACKGROUND_INIT ENTERED: Lambda=0.00e+00
DEBUG BG_INIT ENTRY: model_type=0
DEBUG AFTER CHECKS: model_type=0 has_ridder=0
RIDDER DEBUG (background_init): has_ridder=0, Lambda_EDE_ridder=0.000000e+00, f_axion_ridder=1.000000e+16, theta_i_ridder=2.500000e+00, beta_ridder=0.000000e+00
BG_INIT: entering background_checks
BG_INIT: background_checks OK
DEBUG SHOOTING CHECK: has_ridder=0, model_type=0 (unified=1), use_shooting_EDE=0
BG_INIT: entering background_solve
BACKGROUND_SOLVE ENTERED: has_ridder=0 Lambda=0.00e+00
ABOUT TO INTEGRATE: bi_size=6 has_ridder=0 Lambda=0.00e+00
BG_INIT: background_solve OK
INPUT_READ: ridder_freeze_phi = 0 _TRUE_=1 (after class_read_flag)
DEBUG: Ridder field DISABLED. Lambda = 0.000000e+00
INPUT_READ: ridder_freeze_phi = 0 _TRUE_=1 (after class_read_flag)
DEBUG: Ridder field DISABLED. Lambda = 0.000000e+00, model_type not set to unified
BACKGROUND_INIT ENTERED: Lambda=0.00e+00
DEBUG BG_INIT ENTRY: model_type=0
DEBUG AFTER CHECKS: model_type=0 has_ridder=0
RIDDER DEBUG (background_init): has_ridder=0, Lambda_EDE_ridder=0.000000e+00, f_axion_ridder=1.000000e+16, theta_i_ridder=2.500000e+00, beta_ridder=0.000000e+00
BG_INIT: entering background_checks
BG_INIT: background_checks OK
DEBUG SHOOTING CHECK: has_ridder=0, model_type=0 (unified=1), use_shooting_EDE=0
BG_INIT: entering background_solve
BACKGROUND_SOLVE ENTERED: has_ridder=0 Lambda=0.00e+00
ABOUT TO INTEGRATE: bi_size=6 has_ridder=0 Lambda=0.00e+00
DERIVS_ENTRY: call#=515000 has_ridder=0 Lambda=0.00e+00 a=2.33e-09
BG_INIT: background_solve OK
INPUT_READ: ridder_freeze_phi = 0 _TRUE_=1 (after class_read_flag)
D[mcmc] Progress @ 2025-11-27 06:21:12 : 1301 steps taken, and 236 accepted.
[mcmc] Progress @ 2025-11-27 06:22:21 : 1310 steps taken, and 236 accepted.
[mcmc] Progress @ 2025-11-27 06:23:43 : 1326 steps taken, and 239 accepted.
[mcmc] Progress @ 2025-11-27 06:25:07 : 1340 steps taken, and 240 accepted.
EBUG: Ridder field DISABLED. Lambda = 0.000000e+00
INPUT_READ: ridder_freeze_phi = 0 _TRUE_=1 (after class_read_flag)
DEBUG: Ridder field DISABLED. Lambda = 0.000000e+00, model_type not set to unified
BACKGROUND_INIT ENTERED: Lambda=0.00e+00
DEBUG BG_INIT ENTRY: model_type=0
DEBUG AFTER CHECKS: model_type=0 has_ridder=0
RIDDER DEBUG (background_init): has_ridder=0, Lambda_EDE_ridder=0.000000e+00, f_axion_ridder=1.000000e+16, theta_i_ridder=2.500000e+00, beta_ridder=0.000000e+00
BG_INIT: entering background_checks
BG_INIT: background_checks OK
DEBUG SHOOTING CHECK: has_ridder=0, model_type=0 (unified=1), use_shooting_EDE=0
BG_INIT: entering background_solve
BACKGROUND_SOLVE ENTERED: has_ridder=0 Lambda=0.00e+00
ABOUT TO INTEGRATE: bi_size=6 has_ridder=0 Lambda=0.00e+00
DERIVS_ENTRY: call#=520000 has_ridder=0 Lambda=0.00e+00 a=1.16e-04
BG_INIT: background_solve OK
INPUT_READ: ridder_freeze_phi = 0 _TRUE_=1 (after class_read_flag)
DEBUG: Ridder field DISABLED. Lambda = 0.000000e+00
INPUT_READ: ridder_freeze_phi = 0 _TRUE_=1 (after class_read_flag)
DEBUG: Ridder field DISABLED. Lambda = 0.000000e+00, model_type not set to unified
BACKGROUND_INIT ENTERED: Lambda=0.00e+00
DEBUG BG_INIT ENTRY: model_type=0
DEBUG AFTER CHECKS: model_type=0 has_ridder=0
RIDDER DEBUG (background_init): has_ridder=0, Lambda_EDE_ridder=0.000000e+00, f_axion_ridder=1.000000e+16, theta_i_ridder=2.500000e+00, beta_ridder=0.000000e+00
BG_INIT: entering background_checks
BG_INIT: background_checks OK
DEBUG SHOOTING CHECK: has_ridder=0, model_type=0 (unified=1), use_shooting_EDE=0
BG_INIT: entering background_solve
BACKGROUND_SOLVE ENTERED: has_ridder=0 Lambda=0.00e+00
ABOUT TO INTEGRATE: bi_size=6 has_ridder=0 Lambda=0.00e+00
BG_INIT: background_solve OK
INPUT_READ: ridder_freeze_phi = 0 _TRUE_=1 (after class_read_flag)
DEBUG: Ridder field DISABLED. Lambda = 0.000000e+00
INPUT_READ: ridder_freeze_phi = 0 _TRUE_=1 (after class_read_flag)
DEBUG: Ridder field DISABLED. Lambda = 0.000000e+00, model_type not set to unified
BACKGROUND_INIT ENTERED: Lambda=0.00e+00
DEBUG BG_INIT ENTRY: model_type=0
DEBUG AFTER CHECKS: model_type=0 has_ridder=0
RIDDER DEBUG (background_init): has_ridder=0, Lambda_EDE_ridder=0.000000e+00, f_axion_ridder=1.000000e+16, theta_i_ridder=2.500000e+00, beta_ridder=0.000000e+00
BG_INIT: entering background_checks
BG_INIT: background_checks OK
DEBUG SHOOTING CHECK: has_ridder=0, model_type=0 (unified=1), use_shooting_EDE=0
BG_INIT: entering background_solve
BACKGROUND_SOLVE ENTERED: has_ridder=0 Lambda=0.00e+00
ABOUT TO INTEGRATE: bi_size=6 has_ridder=0 Lambda=0.00e+00
DERIVS_ENTRY: call#=525000 has_ridder=0 Lambda=0.00e+00 a=3.49e-10
BG_INIT: background_solve OK
INPUT_READ: ridder_freeze_phi = 0 _TRUE_=1 (after class_read_flag)
DEBUG: Ridder field DISABLED. Lambda = 0.000000e+00
INPUT_READ: ridder_freeze_phi = 0 _TRUE_=1 (after class_read_flag)
DEBUG: Ridder field DISABLED. Lambda = 0.000000e+00, model_type not set to unified
BACKGROUND_INIT ENTERED: Lambda=0.00e+00
DEBUG BG_INIT ENTRY: model_type=0
DEBUG AFTER CHECKS: model_type=0 has_ridder=0
RIDDER DEBUG (background_init): has_ridder=0, Lambda_EDE_ridder=0.000000e+00, f_axion_ridder=1.000000e+16, theta_i_ridder=2.500000e+00, beta_ridder=0.000000e+00
BG_INIT: entering background_checks
BG_INIT: background_checks OK
DEBUG SHOOTING CHECK: has_ridder=0, model_type=0 (unified=1), use_shooting_EDE=0
BG_INIT: entering background_solve
BACKGROUND_SOLVE ENTERED: has_ridder=0 Lambda=0.00e+00
ABOUT TO INTEGRATE: bi_size=6 has_ridder=0 Lambda=0.00e+00
DERIVS_ENTRY: call#=530000 has_ridder=0 Lambda=0.00e+00 a=1.67e-05
BG_INIT: background_solve OK
INPUT_READ: ridder_freeze_phi = 0 _TRUE_=1 (after class_read_flag)
DEBUG: Ridder field DISABLED. Lambda = 0.000000e+00
INPUT_READ: ridder_freeze_phi = 0 _TRUE_=1 (after class_read_flag)
DEBUG: Ridder field DISABLED. Lambda = 0.000000e+00, model_type not set to unified
BACKGROUND_INIT ENTERED: Lambda=0.00e+00
DEBUG BG_INIT ENTRY: model_type=0
DEBUG AFTER CHECKS: model_type=0 has_ridder=0
RIDDER DEBUG (background_init): has_ridder=0, Lambda_EDE_ridder=0.000[mcmc] Progress @ 2025-11-27 06:26:11 : 1342 steps taken, and 240 accepted.
[mcmc] Progress @ 2025-11-27 06:27:15 : 1344 steps taken, and 241 accepted.
[mcmc] Progress @ 2025-11-27 06:28:32 : 1356 steps taken, and 241 accepted.
[mcmc] Progress @ 2025-11-27 06:29:37 : 1359 steps taken, and 241 accepted.
000e+00, f_axion_ridder=1.000000e+16, theta_i_ridder=2.500000e+00, beta_ridder=0.000000e+00
BG_INIT: entering background_checks
BG_INIT: background_checks OK
DEBUG SHOOTING CHECK: has_ridder=0, model_type=0 (unified=1), use_shooting_EDE=0
BG_INIT: entering background_solve
BACKGROUND_SOLVE ENTERED: has_ridder=0 Lambda=0.00e+00
ABOUT TO INTEGRATE: bi_size=6 has_ridder=0 Lambda=0.00e+00
BG_INIT: background_solve OK
INPUT_READ: ridder_freeze_phi = 0 _TRUE_=1 (after class_read_flag)
DEBUG: Ridder field DISABLED. Lambda = 0.000000e+00
INPUT_READ: ridder_freeze_phi = 0 _TRUE_=1 (after class_read_flag)
DEBUG: Ridder field DISABLED. Lambda = 0.000000e+00, model_type not set to unified
BACKGROUND_INIT ENTERED: Lambda=0.00e+00
DEBUG BG_INIT ENTRY: model_type=0
DEBUG AFTER CHECKS: model_type=0 has_ridder=0
RIDDER DEBUG (background_init): has_ridder=0, Lambda_EDE_ridder=0.000000e+00, f_axion_ridder=1.000000e+16, theta_i_ridder=2.500000e+00, beta_ridder=0.000000e+00
BG_INIT: entering background_checks
BG_INIT: background_checks OK
DEBUG SHOOTING CHECK: has_ridder=0, model_type=0 (unified=1), use_shooting_EDE=0
BG_INIT: entering background_solve
BACKGROUND_SOLVE ENTERED: has_ridder=0 Lambda=0.00e+00
ABOUT TO INTEGRATE: bi_size=6 has_ridder=0 Lambda=0.00e+00
DERIVS_ENTRY: call#=535000 has_ridder=0 Lambda=0.00e+00 a=6.01e-11
BG_INIT: background_solve OK
INPUT_READ: ridder_freeze_phi = 0 _TRUE_=1 (after class_read_flag)
DEBUG: Ridder field DISABLED. Lambda = 0.000000e+00
INPUT_READ: ridder_freeze_phi = 0 _TRUE_=1 (after class_read_flag)
DEBUG: Ridder field DISABLED. Lambda = 0.000000e+00, model_type not set to unified
BACKGROUND_INIT ENTERED: Lambda=0.00e+00
DEBUG BG_INIT ENTRY: model_type=0
DEBUG AFTER CHECKS: model_type=0 has_ridder=0
RIDDER DEBUG (background_init): has_ridder=0, Lambda_EDE_ridder=0.000000e+00, f_axion_ridder=1.000000e+16, theta_i_ridder=2.500000e+00, beta_ridder=0.000000e+00
BG_INIT: entering background_checks
BG_INIT: background_checks OK
DEBUG SHOOTING CHECK: has_ridder=0, model_type=0 (unified=1), use_shooting_EDE=0
BG_INIT: entering background_solve
BACKGROUND_SOLVE ENTERED: has_ridder=0 Lambda=0.00e+00
ABOUT TO INTEGRATE: bi_size=6 has_ridder=0 Lambda=0.00e+00
DERIVS_ENTRY: call#=540000 has_ridder=0 Lambda=0.00e+00 a=3.03e-06
BG_INIT: background_solve OK
INPUT_READ: ridder_freeze_phi = 0 _TRUE_=1 (after class_read_flag)
DEBUG: Ridder field DISABLED. Lambda = 0.000000e+00
INPUT_READ: ridder_freeze_phi = 0 _TRUE_=1 (after class_read_flag)
DEBUG: Ridder field DISABLED. Lambda = 0.000000e+00, model_type not set to unified
BACKGROUND_INIT ENTERED: Lambda=0.00e+00
DEBUG BG_INIT ENTRY: model_type=0
DEBUG AFTER CHECKS: model_type=0 has_ridder=0
RIDDER DEBUG (background_init): has_ridder=0, Lambda_EDE_ridder=0.000000e+00, f_axion_ridder=1.000000e+16, theta_i_ridder=2.500000e+00, beta_ridder=0.000000e+00
BG_INIT: entering background_checks
BG_INIT: background_checks OK
DEBUG SHOOTING CHECK: has_ridder=0, model_type=0 (unified=1), use_shooting_EDE=0
BG_INIT: entering background_solve
BACKGROUND_SOLVE ENTERED: has_ridder=0 Lambda=0.00e+00
ABOUT TO INTEGRATE: bi_size=6 has_ridder=0 Lambda=0.00e+00
BG_INIT: background_solve OK
INPUT_READ: ridder_freeze_phi = 0 _TRUE_=1 (after class_read_flag)
DEBUG: Ridder field DISABLED. Lambda = 0.000000e+00
INPUT_READ: ridder_freeze_phi = 0 _TRUE_=1 (after class_read_flag)
DEBUG: Ridder field DISABLED. Lambda = 0.000000e+00, model_type not set to unified
BACKGROUND_INIT ENTERED: Lambda=0.00e+00
DEBUG BG_INIT ENTRY: model_type=0
DEBUG AFTER CHECKS: model_type=0 has_ridder=0
RIDDER DEBUG (background_init): has_ridder=0, Lambda_EDE_ridder=0.000000e+00, f_axion_ridder=1.000000e+16, theta_i_ridder=2.500000e+00, beta_ridder=0.000000e+00
BG_INIT: entering background_checks
BG_INIT: background_checks OK
DEBUG SHOOTING CHECK: has_ridder=0, model_type=0 (unified=1), use_shooting_EDE=0
BG_INIT: entering background_solve
BACKGROUND_SOLVE ENTERED: has_ridder=0 Lambda=0.00e+00
ABOUT TO INTEGRATE: bi_size=6 has_ridder=0 Lambda=0.00e+00
DERIVS_ENTRY: call#=545000 has_ridder=0 Lambda=0.00e+00 a=1.46e-13
BG_[mcmc] Progress @ 2025-11-27 06:30:41 : 1363 steps taken, and 241 accepted.
[mcmc] Progress @ 2025-11-27 06:31:46 : 1366 steps taken, and 242 accepted.
[mcmc] Progress @ 2025-11-27 06:32:59 : 1371 steps taken, and 242 accepted.
[mcmc] Progress @ 2025-11-27 06:34:22 : 1389 steps taken, and 245 accepted.
[mcmc] Progress @ 2025-11-27 06:35:28 : 1393 steps taken, and 246 accepted.
INIT: background_solve OK
INPUT_READ: ridder_freeze_phi = 0 _TRUE_=1 (after class_read_flag)
DEBUG: Ridder field DISABLED. Lambda = 0.000000e+00
INPUT_READ: ridder_freeze_phi = 0 _TRUE_=1 (after class_read_flag)
DEBUG: Ridder field DISABLED. Lambda = 0.000000e+00, model_type not set to unified
BACKGROUND_INIT ENTERED: Lambda=0.00e+00
DEBUG BG_INIT ENTRY: model_type=0
DEBUG AFTER CHECKS: model_type=0 has_ridder=0
RIDDER DEBUG (background_init): has_ridder=0, Lambda_EDE_ridder=0.000000e+00, f_axion_ridder=1.000000e+16, theta_i_ridder=2.500000e+00, beta_ridder=0.000000e+00
BG_INIT: entering background_checks
BG_INIT: background_checks OK
DEBUG SHOOTING CHECK: has_ridder=0, model_type=0 (unified=1), use_shooting_EDE=0
BG_INIT: entering background_solve
BACKGROUND_SOLVE ENTERED: has_ridder=0 Lambda=0.00e+00
ABOUT TO INTEGRATE: bi_size=6 has_ridder=0 Lambda=0.00e+00
DERIVS_ENTRY: call#=550000 has_ridder=0 Lambda=0.00e+00 a=3.70e-07
BG_INIT: background_solve OK
INPUT_READ: ridder_freeze_phi = 0 _TRUE_=1 (after class_read_flag)
DEBUG: Ridder field DISABLED. Lambda = 0.000000e+00
INPUT_READ: ridder_freeze_phi = 0 _TRUE_=1 (after class_read_flag)
DEBUG: Ridder field DISABLED. Lambda = 0.000000e+00, model_type not set to unified
BACKGROUND_INIT ENTERED: Lambda=0.00e+00
DEBUG BG_INIT ENTRY: model_type=0
DEBUG AFTER CHECKS: model_type=0 has_ridder=0
RIDDER DEBUG (background_init): has_ridder=0, Lambda_EDE_ridder=0.000000e+00, f_axion_ridder=1.000000e+16, theta_i_ridder=2.500000e+00, beta_ridder=0.000000e+00
BG_INIT: entering background_checks
BG_INIT: background_checks OK
DEBUG SHOOTING CHECK: has_ridder=0, model_type=0 (unified=1), use_shooting_EDE=0
BG_INIT: entering background_solve
BACKGROUND_SOLVE ENTERED: has_ridder=0 Lambda=0.00e+00
ABOUT TO INTEGRATE: bi_size=6 has_ridder=0 Lambda=0.00e+00
DERIVS_ENTRY: call#=555000 has_ridder=0 Lambda=0.00e+00 a=5.87e-01
BG_INIT: background_solve OK
INPUT_READ: ridder_freeze_phi = 0 _TRUE_=1 (after class_read_flag)
DEBUG: Ridder field DISABLED. Lambda = 0.000000e+00
INPUT_READ: ridder_freeze_phi = 0 _TRUE_=1 (after class_read_flag)
DEBUG: Ridder field DISABLED. Lambda = 0.000000e+00, model_type not set to unified
BACKGROUND_INIT ENTERED: Lambda=0.00e+00
DEBUG BG_INIT ENTRY: model_type=0
DEBUG AFTER CHECKS: model_type=0 has_ridder=0
RIDDER DEBUG (background_init): has_ridder=0, Lambda_EDE_ridder=0.000000e+00, f_axion_ridder=1.000000e+16, theta_i_ridder=2.500000e+00, beta_ridder=0.000000e+00
BG_INIT: entering background_checks
BG_INIT: background_checks OK
DEBUG SHOOTING CHECK: has_ridder=0, model_type=0 (unified=1), use_shooting_EDE=0
BG_INIT: entering background_solve
BACKGROUND_SOLVE ENTERED: has_ridder=0 Lambda=0.00e+00
ABOUT TO INTEGRATE: bi_size=6 has_ridder=0 Lambda=0.00e+00
BG_INIT: background_solve OK
INPUT_READ: ridder_freeze_phi = 0 _TRUE_=1 (after class_read_flag)
DEBUG: Ridder field DISABLED. Lambda = 0.000000e+00
INPUT_READ: ridder_freeze_phi = 0 _TRUE_=1 (after class_read_flag)
DEBUG: Ridder field DISABLED. Lambda = 0.000000e+00, model_type not set to unified
BACKGROUND_INIT ENTERED: Lambda=0.00e+00
DEBUG BG_INIT ENTRY: model_type=0
DEBUG AFTER CHECKS: model_type=0 has_ridder=0
RIDDER DEBUG (background_init): has_ridder=0, Lambda_EDE_ridder=0.000000e+00, f_axion_ridder=1.000000e+16, theta_i_ridder=2.500000e+00, beta_ridder=0.000000e+00
BG_INIT: entering background_checks
BG_INIT: background_checks OK
DEBUG SHOOTING CHECK: has_ridder=0, model_type=0 (unified=1), use_shooting_EDE=0
BG_INIT: entering background_solve
BACKGROUND_SOLVE ENTERED: has_ridder=0 Lambda=0.00e+00
ABOUT TO INTEGRATE: bi_size=6 has_ridder=0 Lambda=0.00e+00
DERIVS_ENTRY: call#=560000 has_ridder=0 Lambda=0.00e+00 a=5.05e-08
BG_INIT: background_solve OK
INPUT_READ: ridder_freeze_phi = 0 _TRUE_=1 (after class_read_flag)
DEBUG: Ridder field DISABLED. Lambda = 0.000000e+00
INPUT_READ: ridder_freeze_phi = 0 _TRUE_=1 (after class_read_flag)
DEBUG: Ridder field DISABLED. Lambda = 0.000000e+00, model_type not set to unified
BACKGROUND_INIT ENTERED: Lambda=0.00e+00
DEBUG BG_INIT ENTRY: model_type=0
DEBUG AFTER CHECKS: m[mcmc] Progress @ 2025-11-27 06:36:36 : 1400 steps taken, and 248 accepted.
[mcmc] Progress @ 2025-11-27 06:38:21 : 1428 steps taken, and 251 accepted.
[mcmc] Progress @ 2025-11-27 06:39:32 : 1441 steps taken, and 253 accepted.
[mcmc] Progress @ 2025-11-27 06:40:42 : 1449 steps taken, and 255 accepted.
odel_type=0 has_ridder=0
RIDDER DEBUG (background_init): has_ridder=0, Lambda_EDE_ridder=0.000000e+00, f_axion_ridder=1.000000e+16, theta_i_ridder=2.500000e+00, beta_ridder=0.000000e+00
BG_INIT: entering background_checks
BG_INIT: background_checks OK
DEBUG SHOOTING CHECK: has_ridder=0, model_type=0 (unified=1), use_shooting_EDE=0
BG_INIT: entering background_solve
BACKGROUND_SOLVE ENTERED: has_ridder=0 Lambda=0.00e+00
ABOUT TO INTEGRATE: bi_size=6 has_ridder=0 Lambda=0.00e+00
DERIVS_ENTRY: call#=565000 has_ridder=0 Lambda=0.00e+00 a=3.56e-02
BG_INIT: background_solve OK
INPUT_READ: ridder_freeze_phi = 0 _TRUE_=1 (after class_read_flag)
DEBUG: Ridder field DISABLED. Lambda = 0.000000e+00
INPUT_READ: ridder_freeze_phi = 0 _TRUE_=1 (after class_read_flag)
DEBUG: Ridder field DISABLED. Lambda = 0.000000e+00, model_type not set to unified
BACKGROUND_INIT ENTERED: Lambda=0.00e+00
DEBUG BG_INIT ENTRY: model_type=0
DEBUG AFTER CHECKS: model_type=0 has_ridder=0
RIDDER DEBUG (background_init): has_ridder=0, Lambda_EDE_ridder=0.000000e+00, f_axion_ridder=1.000000e+16, theta_i_ridder=2.500000e+00, beta_ridder=0.000000e+00
BG_INIT: entering background_checks
BG_INIT: background_checks OK
DEBUG SHOOTING CHECK: has_ridder=0, model_type=0 (unified=1), use_shooting_EDE=0
BG_INIT: entering background_solve
BACKGROUND_SOLVE ENTERED: has_ridder=0 Lambda=0.00e+00
ABOUT TO INTEGRATE: bi_size=6 has_ridder=0 Lambda=0.00e+00
BG_INIT: background_solve OK
INPUT_READ: ridder_freeze_phi = 0 _TRUE_=1 (after class_read_flag)
DEBUG: Ridder field DISABLED. Lambda = 0.000000e+00
INPUT_READ: ridder_freeze_phi = 0 _TRUE_=1 (after class_read_flag)
DEBUG: Ridder field DISABLED. Lambda = 0.000000e+00, model_type not set to unified
BACKGROUND_INIT ENTERED: Lambda=0.00e+00
DEBUG BG_INIT ENTRY: model_type=0
DEBUG AFTER CHECKS: model_type=0 has_ridder=0
RIDDER DEBUG (background_init): has_ridder=0, Lambda_EDE_ridder=0.000000e+00, f_axion_ridder=1.000000e+16, theta_i_ridder=2.500000e+00, beta_ridder=0.000000e+00
BG_INIT: entering background_checks
BG_INIT: background_checks OK
DEBUG SHOOTING CHECK: has_ridder=0, model_type=0 (unified=1), use_shooting_EDE=0
BG_INIT: entering background_solve
BACKGROUND_SOLVE ENTERED: has_ridder=0 Lambda=0.00e+00
ABOUT TO INTEGRATE: bi_size=6 has_ridder=0 Lambda=0.00e+00
DERIVS_ENTRY: call#=570000 has_ridder=0 Lambda=0.00e+00 a=6.52e-09
BG_INIT: background_solve OK
INPUT_READ: ridder_freeze_phi = 0 _TRUE_=1 (after class_read_flag)
DEBUG: Ridder field DISABLED. Lambda = 0.000000e+00
INPUT_READ: ridder_freeze_phi = 0 _TRUE_=1 (after class_read_flag)
DEBUG: Ridder field DISABLED. Lambda = 0.000000e+00, model_type not set to unified
BACKGROUND_INIT ENTERED: Lambda=0.00e+00
DEBUG BG_INIT ENTRY: model_type=0
DEBUG AFTER CHECKS: model_type=0 has_ridder=0
RIDDER DEBUG (background_init): has_ridder=0, Lambda_EDE_ridder=0.000000e+00, f_axion_ridder=1.000000e+16, theta_i_ridder=2.500000e+00, beta_ridder=0.000000e+00
BG_INIT: entering background_checks
BG_INIT: background_checks OK
DEBUG SHOOTING CHECK: has_ridder=0, model_type=0 (unified=1), use_shooting_EDE=0
BG_INIT: entering background_solve
BACKGROUND_SOLVE ENTERED: has_ridder=0 Lambda=0.00e+00
ABOUT TO INTEGRATE: bi_size=6 has_ridder=0 Lambda=0.00e+00
DERIVS_ENTRY: call#=575000 has_ridder=0 Lambda=0.00e+00 a=4.96e-04
BG_INIT: background_solve OK
INPUT_READ: ridder_freeze_phi = 0 _TRUE_=1 (after class_read_flag)
DEBUG: Ridder field DISABLED. Lambda = 0.000000e+00
INPUT_READ: ridder_freeze_phi = 0 _TRUE_=1 (after class_read_flag)
DEBUG: Ridder field DISABLED. Lambda = 0.000000e+00, model_type not set to unified
BACKGROUND_INIT ENTERED: Lambda=0.00e+00
DEBUG BG_INIT ENTRY: model_type=0
DEBUG AFTER CHECKS: model_type=0 has_ridder=0
RIDDER DEBUG (background_init): has_ridder=0, Lambda_EDE_ridder=0.000000e+00, f_axion_ridder=1.000000e+16, theta_i_ridder=2.500000e+00, beta_ridder=0.000000e+00
BG_INIT: entering background_checks
BG_INIT: background_checks OK
DEBUG SHOOTING CHECK: has_ridder=0, model_type=0 (unified=1), use_shooting_EDE=0
BG_INIT: entering background_solve
BACKGROUND_SOLVE ENTERE[mcmc] Progress @ 2025-11-27 06:42:01 : 1462 steps taken, and 257 accepted.
[mcmc] Progress @ 2025-11-27 06:43:04 : 1465 steps taken, and 258 accepted.
[mcmc] Progress @ 2025-11-27 06:44:07 : 1468 steps taken, and 259 accepted.
[mcmc] Progress @ 2025-11-27 06:45:14 : 1479 steps taken, and 259 accepted.
[mcmc] Progress @ 2025-11-27 06:46:32 : 1489 steps taken, and 261 accepted.
D: has_ridder=0 Lambda=0.00e+00
ABOUT TO INTEGRATE: bi_size=6 has_ridder=0 Lambda=0.00e+00
BG_INIT: background_solve OK
INPUT_READ: ridder_freeze_phi = 0 _TRUE_=1 (after class_read_flag)
DEBUG: Ridder field DISABLED. Lambda = 0.000000e+00
INPUT_READ: ridder_freeze_phi = 0 _TRUE_=1 (after class_read_flag)
DEBUG: Ridder field DISABLED. Lambda = 0.000000e+00, model_type not set to unified
BACKGROUND_INIT ENTERED: Lambda=0.00e+00
DEBUG BG_INIT ENTRY: model_type=0
DEBUG AFTER CHECKS: model_type=0 has_ridder=0
RIDDER DEBUG (background_init): has_ridder=0, Lambda_EDE_ridder=0.000000e+00, f_axion_ridder=1.000000e+16, theta_i_ridder=2.500000e+00, beta_ridder=0.000000e+00
BG_INIT: entering background_checks
BG_INIT: background_checks OK
DEBUG SHOOTING CHECK: has_ridder=0, model_type=0 (unified=1), use_shooting_EDE=0
BG_INIT: entering background_solve
BACKGROUND_SOLVE ENTERED: has_ridder=0 Lambda=0.00e+00
ABOUT TO INTEGRATE: bi_size=6 has_ridder=0 Lambda=0.00e+00
DERIVS_ENTRY: call#=580000 has_ridder=0 Lambda=0.00e+00 a=9.78e-10
BG_INIT: background_solve OK
INPUT_READ: ridder_freeze_phi = 0 _TRUE_=1 (after class_read_flag)
DEBUG: Ridder field DISABLED. Lambda = 0.000000e+00
INPUT_READ: ridder_freeze_phi = 0 _TRUE_=1 (after class_read_flag)
DEBUG: Ridder field DISABLED. Lambda = 0.000000e+00, model_type not set to unified
BACKGROUND_INIT ENTERED: Lambda=0.00e+00
DEBUG BG_INIT ENTRY: model_type=0
DEBUG AFTER CHECKS: model_type=0 has_ridder=0
RIDDER DEBUG (background_init): has_ridder=0, Lambda_EDE_ridder=0.000000e+00, f_axion_ridder=1.000000e+16, theta_i_ridder=2.500000e+00, beta_ridder=0.000000e+00
BG_INIT: entering background_checks
BG_INIT: background_checks OK
DEBUG SHOOTING CHECK: has_ridder=0, model_type=0 (unified=1), use_shooting_EDE=0
BG_INIT: entering background_solve
BACKGROUND_SOLVE ENTERED: has_ridder=0 Lambda=0.00e+00
ABOUT TO INTEGRATE: bi_size=6 has_ridder=0 Lambda=0.00e+00
DERIVS_ENTRY: call#=585000 has_ridder=0 Lambda=0.00e+00 a=4.24e-05
BG_INIT: background_solve OK
INPUT_READ: ridder_freeze_phi = 0 _TRUE_=1 (after class_read_flag)
DEBUG: Ridder field DISABLED. Lambda = 0.000000e+00
INPUT_READ: ridder_freeze_phi = 0 _TRUE_=1 (after class_read_flag)
DEBUG: Ridder field DISABLED. Lambda = 0.000000e+00, model_type not set to unified
BACKGROUND_INIT ENTERED: Lambda=0.00e+00
DEBUG BG_INIT ENTRY: model_type=0
DEBUG AFTER CHECKS: model_type=0 has_ridder=0
RIDDER DEBUG (background_init): has_ridder=0, Lambda_EDE_ridder=0.000000e+00, f_axion_ridder=1.000000e+16, theta_i_ridder=2.500000e+00, beta_ridder=0.000000e+00
BG_INIT: entering background_checks
BG_INIT: background_checks OK
DEBUG SHOOTING CHECK: has_ridder=0, model_type=0 (unified=1), use_shooting_EDE=0
BG_INIT: entering background_solve
BACKGROUND_SOLVE ENTERED: has_ridder=0 Lambda=0.00e+00
ABOUT TO INTEGRATE: bi_size=6 has_ridder=0 Lambda=0.00e+00
BG_INIT: background_solve OK
INPUT_READ: ridder_freeze_phi = 0 _TRUE_=1 (after class_read_flag)
DEBUG: Ridder field DISABLED. Lambda = 0.000000e+00
INPUT_READ: ridder_freeze_phi = 0 _TRUE_=1 (after class_read_flag)
DEBUG: Ridder field DISABLED. Lambda = 0.000000e+00, model_type not set to unified
BACKGROUND_INIT ENTERED: Lambda=0.00e+00
DEBUG BG_INIT ENTRY: model_type=0
DEBUG AFTER CHECKS: model_type=0 has_ridder=0
RIDDER DEBUG (background_init): has_ridder=0, Lambda_EDE_ridder=0.000000e+00, f_axion_ridder=1.000000e+16, theta_i_ridder=2.500000e+00, beta_ridder=0.000000e+00
BG_INIT: entering background_checks
BG_INIT: background_checks OK
DEBUG SHOOTING CHECK: has_ridder=0, model_type=0 (unified=1), use_shooting_EDE=0
BG_INIT: entering background_solve
BACKGROUND_SOLVE ENTERED: has_ridder=0 Lambda=0.00e+00
ABOUT TO INTEGRATE: bi_size=6 has_ridder=0 Lambda=0.00e+00
DERIVS_ENTRY: call#=590000 has_ridder=0 Lambda=0.00e+00 a=1.12e-10
BG_INIT: background_solve OK
INPUT_READ: ridder_freeze_phi = 0 _TRUE_=1 (after class_read_flag)
DEBUG: Ridder field DISABLED. Lambda = 0.000000e+00
INPUT_READ: ridder_freeze_phi = 0 _TRUE_=1 (after class_read_flag)
DEBUG: Ridder field DISABLED. Lambda = 0.000000e+00, model_type not set to unified
BA[mcmc] Progress @ 2025-11-27 06:47:44 : 1496 steps taken, and 262 accepted.
[mcmc] Progress @ 2025-11-27 06:48:48 : 1498 steps taken, and 262 accepted.
[mcmc] Progress @ 2025-11-27 06:49:56 : 1505 steps taken, and 263 accepted.
[mcmc] Progress @ 2025-11-27 06:51:15 : 1517 steps taken, and 265 accepted.
CKGROUND_INIT ENTERED: Lambda=0.00e+00
DEBUG BG_INIT ENTRY: model_type=0
DEBUG AFTER CHECKS: model_type=0 has_ridder=0
RIDDER DEBUG (background_init): has_ridder=0, Lambda_EDE_ridder=0.000000e+00, f_axion_ridder=1.000000e+16, theta_i_ridder=2.500000e+00, beta_ridder=0.000000e+00
BG_INIT: entering background_checks
BG_INIT: background_checks OK
DEBUG SHOOTING CHECK: has_ridder=0, model_type=0 (unified=1), use_shooting_EDE=0
BG_INIT: entering background_solve
BACKGROUND_SOLVE ENTERED: has_ridder=0 Lambda=0.00e+00
ABOUT TO INTEGRATE: bi_size=6 has_ridder=0 Lambda=0.00e+00
DERIVS_ENTRY: call#=595000 has_ridder=0 Lambda=0.00e+00 a=5.55e-06
BG_INIT: background_solve OK
INPUT_READ: ridder_freeze_phi = 0 _TRUE_=1 (after class_read_flag)
DEBUG: Ridder field DISABLED. Lambda = 0.000000e+00
INPUT_READ: ridder_freeze_phi = 0 _TRUE_=1 (after class_read_flag)
DEBUG: Ridder field DISABLED. Lambda = 0.000000e+00, model_type not set to unified
BACKGROUND_INIT ENTERED: Lambda=0.00e+00
DEBUG BG_INIT ENTRY: model_type=0
DEBUG AFTER CHECKS: model_type=0 has_ridder=0
RIDDER DEBUG (background_init): has_ridder=0, Lambda_EDE_ridder=0.000000e+00, f_axion_ridder=1.000000e+16, theta_i_ridder=2.500000e+00, beta_ridder=0.000000e+00
BG_INIT: entering background_checks
BG_INIT: background_checks OK
DEBUG SHOOTING CHECK: has_ridder=0, model_type=0 (unified=1), use_shooting_EDE=0
BG_INIT: entering background_solve
BACKGROUND_SOLVE ENTERED: has_ridder=0 Lambda=0.00e+00
ABOUT TO INTEGRATE: bi_size=6 has_ridder=0 Lambda=0.00e+00
BG_INIT: background_solve OK
INPUT_READ: ridder_freeze_phi = 0 _TRUE_=1 (after class_read_flag)
DEBUG: Ridder field DISABLED. Lambda = 0.000000e+00
INPUT_READ: ridder_freeze_phi = 0 _TRUE_=1 (after class_read_flag)
DEBUG: Ridder field DISABLED. Lambda = 0.000000e+00, model_type not set to unified
BACKGROUND_INIT ENTERED: Lambda=0.00e+00
DEBUG BG_INIT ENTRY: model_type=0
DEBUG AFTER CHECKS: model_type=0 has_ridder=0
RIDDER DEBUG (background_init): has_ridder=0, Lambda_EDE_ridder=0.000000e+00, f_axion_ridder=1.000000e+16, theta_i_ridder=2.500000e+00, beta_ridder=0.000000e+00
BG_INIT: entering background_checks
BG_INIT: background_checks OK
DEBUG SHOOTING CHECK: has_ridder=0, model_type=0 (unified=1), use_shooting_EDE=0
BG_INIT: entering background_solve
BACKGROUND_SOLVE ENTERED: has_ridder=0 Lambda=0.00e+00
ABOUT TO INTEGRATE: bi_size=6 has_ridder=0 Lambda=0.00e+00
DERIVS_ENTRY: call#=600000 has_ridder=0 Lambda=0.00e+00 a=1.42e-12
BG_INIT: background_solve OK
INPUT_READ: ridder_freeze_phi = 0 _TRUE_=1 (after class_read_flag)
DEBUG: Ridder field DISABLED. Lambda = 0.000000e+00
INPUT_READ: ridder_freeze_phi = 0 _TRUE_=1 (after class_read_flag)
DEBUG: Ridder field DISABLED. Lambda = 0.000000e+00, model_type not set to unified
BACKGROUND_INIT ENTERED: Lambda=0.00e+00
DEBUG BG_INIT ENTRY: model_type=0
DEBUG AFTER CHECKS: model_type=0 has_ridder=0
RIDDER DEBUG (background_init): has_ridder=0, Lambda_EDE_ridder=0.000000e+00, f_axion_ridder=1.000000e+16, theta_i_ridder=2.500000e+00, beta_ridder=0.000000e+00
BG_INIT: entering background_checks
BG_INIT: background_checks OK
DEBUG SHOOTING CHECK: has_ridder=0, model_type=0 (unified=1), use_shooting_EDE=0
BG_INIT: entering background_solve
BACKGROUND_SOLVE ENTERED: has_ridder=0 Lambda=0.00e+00
ABOUT TO INTEGRATE: bi_size=6 has_ridder=0 Lambda=0.00e+00
DERIVS_ENTRY: call#=605000 has_ridder=0 Lambda=0.00e+00 a=7.26e-07
BG_INIT: background_solve OK
INPUT_READ: ridder_freeze_phi = 0 _TRUE_=1 (after class_read_flag)
DEBUG: Ridder field DISABLED. Lambda = 0.000000e+00
INPUT_READ: ridder_freeze_phi = 0 _TRUE_=1 (after class_read_flag)
DEBUG: Ridder field DISABLED. Lambda = 0.000000e+00, model_type not set to unified
BACKGROUND_INIT ENTERED: Lambda=0.00e+00
DEBUG BG_INIT ENTRY: model_type=0
DEBUG AFTER CHECKS: model_type=0 has_ridder=0
RIDDER DEBUG (background_init): has_ridder=0, Lambda_EDE_ridder=0.000000e+00, f_axion_ridder=1.000000e+16, theta_i_ridder=2.500000e+00, beta_ridder=0.000000e+00
BG_INIT: entering background_checks
BG_INIT: background_checks OK
DEBUG SHOOTING CHECK: has_ridder=0, model_typ[mcmc] Progress @ 2025-11-27 06:52:18 : 1521 steps taken, and 265 accepted.
[mcmc] Progress @ 2025-11-27 06:53:46 : 1549 steps taken, and 269 accepted.
[mcmc] Progress @ 2025-11-27 06:54:58 : 1558 steps taken, and 271 accepted.
[mcmc] Progress @ 2025-11-27 06:56:03 : 1560 steps taken, and 272 accepted.
[mcmc] Progress @ 2025-11-27 06:57:12 : 1565 steps taken, and 273 accepted.
e=0 (unified=1), use_shooting_EDE=0
BG_INIT: entering background_solve
BACKGROUND_SOLVE ENTERED: has_ridder=0 Lambda=0.00e+00
ABOUT TO INTEGRATE: bi_size=6 has_ridder=0 Lambda=0.00e+00
DERIVS_ENTRY: call#=610000 has_ridder=0 Lambda=0.00e+00 a=9.57e-01
BG_INIT: background_solve OK
INPUT_READ: ridder_freeze_phi = 0 _TRUE_=1 (after class_read_flag)
DEBUG: Ridder field DISABLED. Lambda = 0.000000e+00
INPUT_READ: ridder_freeze_phi = 0 _TRUE_=1 (after class_read_flag)
DEBUG: Ridder field DISABLED. Lambda = 0.000000e+00, model_type not set to unified
BACKGROUND_INIT ENTERED: Lambda=0.00e+00
DEBUG BG_INIT ENTRY: model_type=0
DEBUG AFTER CHECKS: model_type=0 has_ridder=0
RIDDER DEBUG (background_init): has_ridder=0, Lambda_EDE_ridder=0.000000e+00, f_axion_ridder=1.000000e+16, theta_i_ridder=2.500000e+00, beta_ridder=0.000000e+00
BG_INIT: entering background_checks
BG_INIT: background_checks OK
DEBUG SHOOTING CHECK: has_ridder=0, model_type=0 (unified=1), use_shooting_EDE=0
BG_INIT: entering background_solve
BACKGROUND_SOLVE ENTERED: has_ridder=0 Lambda=0.00e+00
ABOUT TO INTEGRATE: bi_size=6 has_ridder=0 Lambda=0.00e+00
BG_INIT: background_solve OK
INPUT_READ: ridder_freeze_phi = 0 _TRUE_=1 (after class_read_flag)
DEBUG: Ridder field DISABLED. Lambda = 0.000000e+00
INPUT_READ: ridder_freeze_phi = 0 _TRUE_=1 (after class_read_flag)
DEBUG: Ridder field DISABLED. Lambda = 0.000000e+00, model_type not set to unified
BACKGROUND_INIT ENTERED: Lambda=0.00e+00
DEBUG BG_INIT ENTRY: model_type=0
DEBUG AFTER CHECKS: model_type=0 has_ridder=0
RIDDER DEBUG (background_init): has_ridder=0, Lambda_EDE_ridder=0.000000e+00, f_axion_ridder=1.000000e+16, theta_i_ridder=2.500000e+00, beta_ridder=0.000000e+00
BG_INIT: entering background_checks
BG_INIT: background_checks OK
DEBUG SHOOTING CHECK: has_ridder=0, model_type=0 (unified=1), use_shooting_EDE=0
BG_INIT: entering background_solve
BACKGROUND_SOLVE ENTERED: has_ridder=0 Lambda=0.00e+00
ABOUT TO INTEGRATE: bi_size=6 has_ridder=0 Lambda=0.00e+00
DERIVS_ENTRY: call#=615000 has_ridder=0 Lambda=0.00e+00 a=1.08e-07
BG_INIT: background_solve OK
INPUT_READ: ridder_freeze_phi = 0 _TRUE_=1 (after class_read_flag)
DEBUG: Ridder field DISABLED. Lambda = 0.000000e+00
INPUT_READ: ridder_freeze_phi = 0 _TRUE_=1 (after class_read_flag)
DEBUG: Ridder field DISABLED. Lambda = 0.000000e+00, model_type not set to unified
BACKGROUND_INIT ENTERED: Lambda=0.00e+00
DEBUG BG_INIT ENTRY: model_type=0
DEBUG AFTER CHECKS: model_type=0 has_ridder=0
RIDDER DEBUG (background_init): has_ridder=0, Lambda_EDE_ridder=0.000000e+00, f_axion_ridder=1.000000e+16, theta_i_ridder=2.500000e+00, beta_ridder=0.000000e+00
BG_INIT: entering background_checks
BG_INIT: background_checks OK
DEBUG SHOOTING CHECK: has_ridder=0, model_type=0 (unified=1), use_shooting_EDE=0
BG_INIT: entering background_solve
BACKGROUND_SOLVE ENTERED: has_ridder=0 Lambda=0.00e+00
ABOUT TO INTEGRATE: bi_size=6 has_ridder=0 Lambda=0.00e+00
DERIVS_ENTRY: call#=620000 has_ridder=0 Lambda=0.00e+00 a=1.38e-01
BG_INIT: background_solve OK
INPUT_READ: ridder_freeze_phi = 0 _TRUE_=1 (after class_read_flag)
DEBUG: Ridder field DISABLED. Lambda = 0.000000e+00
INPUT_READ: ridder_freeze_phi = 0 _TRUE_=1 (after class_read_flag)
DEBUG: Ridder field DISABLED. Lambda = 0.000000e+00, model_type not set to unified
BACKGROUND_INIT ENTERED: Lambda=0.00e+00
DEBUG BG_INIT ENTRY: model_type=0
DEBUG AFTER CHECKS: model_type=0 has_ridder=0
RIDDER DEBUG (background_init): has_ridder=0, Lambda_EDE_ridder=0.000000e+00, f_axion_ridder=1.000000e+16, theta_i_ridder=2.500000e+00, beta_ridder=0.000000e+00
BG_INIT: entering background_checks
BG_INIT: background_checks OK
DEBUG SHOOTING CHECK: has_ridder=0, model_type=0 (unified=1), use_shooting_EDE=0
BG_INIT: entering background_solve
BACKGROUND_SOLVE ENTERED: has_ridder=0 Lambda=0.00e+00
ABOUT TO INTEGRATE: bi_size=6 has_ridder=0 Lambda=0.00e+00
BG_INIT: background_solve OK
INPUT_READ: ridder_freeze_phi = 0 _TRUE_=1 (after class_read_flag)
DEBUG: Ridder field DISABLED. Lambda = 0.000000e+00
INPUT_READ: ridder_freeze_phi = 0 _TRUE_=1 (after class_re[mcmc] Progress @ 2025-11-27 06:58:26 : 1569 steps taken, and 273 accepted.
[mcmc] Progress @ 2025-11-27 06:59:35 : 1575 steps taken, and 273 accepted.
[mcmc] Progress @ 2025-11-27 07:00:43 : 1584 steps taken, and 273 accepted.
[mcmc] Progress @ 2025-11-27 07:01:55 : 1599 steps taken, and 275 accepted.
ad_flag)
DEBUG: Ridder field DISABLED. Lambda = 0.000000e+00, model_type not set to unified
BACKGROUND_INIT ENTERED: Lambda=0.00e+00
DEBUG BG_INIT ENTRY: model_type=0
DEBUG AFTER CHECKS: model_type=0 has_ridder=0
RIDDER DEBUG (background_init): has_ridder=0, Lambda_EDE_ridder=0.000000e+00, f_axion_ridder=1.000000e+16, theta_i_ridder=2.500000e+00, beta_ridder=0.000000e+00
BG_INIT: entering background_checks
BG_INIT: background_checks OK
DEBUG SHOOTING CHECK: has_ridder=0, model_type=0 (unified=1), use_shooting_EDE=0
BG_INIT: entering background_solve
BACKGROUND_SOLVE ENTERED: has_ridder=0 Lambda=0.00e+00
ABOUT TO INTEGRATE: bi_size=6 has_ridder=0 Lambda=0.00e+00
DERIVS_ENTRY: call#=625000 has_ridder=0 Lambda=0.00e+00 a=1.47e-08
BG_INIT: background_solve OK
INPUT_READ: ridder_freeze_phi = 0 _TRUE_=1 (after class_read_flag)
DEBUG: Ridder field DISABLED. Lambda = 0.000000e+00
INPUT_READ: ridder_freeze_phi = 0 _TRUE_=1 (after class_read_flag)
DEBUG: Ridder field DISABLED. Lambda = 0.000000e+00, model_type not set to unified
BACKGROUND_INIT ENTERED: Lambda=0.00e+00
DEBUG BG_INIT ENTRY: model_type=0
DEBUG AFTER CHECKS: model_type=0 has_ridder=0
RIDDER DEBUG (background_init): has_ridder=0, Lambda_EDE_ridder=0.000000e+00, f_axion_ridder=1.000000e+16, theta_i_ridder=2.500000e+00, beta_ridder=0.000000e+00
BG_INIT: entering background_checks
BG_INIT: background_checks OK
DEBUG SHOOTING CHECK: has_ridder=0, model_type=0 (unified=1), use_shooting_EDE=0
BG_INIT: entering background_solve
BACKGROUND_SOLVE ENTERED: has_ridder=0 Lambda=0.00e+00
ABOUT TO INTEGRATE: bi_size=6 has_ridder=0 Lambda=0.00e+00
DERIVS_ENTRY: call#=630000 has_ridder=0 Lambda=0.00e+00 a=1.95e-02
BG_INIT: background_solve OK
INPUT_READ: ridder_freeze_phi = 0 _TRUE_=1 (after class_read_flag)
DEBUG: Ridder field DISABLED. Lambda = 0.000000e+00
INPUT_READ: ridder_freeze_phi = 0 _TRUE_=1 (after class_read_flag)
DEBUG: Ridder field DISABLED. Lambda = 0.000000e+00, model_type not set to unified
BACKGROUND_INIT ENTERED: Lambda=0.00e+00
DEBUG BG_INIT ENTRY: model_type=0
DEBUG AFTER CHECKS: model_type=0 has_ridder=0
RIDDER DEBUG (background_init): has_ridder=0, Lambda_EDE_ridder=0.000000e+00, f_axion_ridder=1.000000e+16, theta_i_ridder=2.500000e+00, beta_ridder=0.000000e+00
BG_INIT: entering background_checks
BG_INIT: background_checks OK
DEBUG SHOOTING CHECK: has_ridder=0, model_type=0 (unified=1), use_shooting_EDE=0
BG_INIT: entering background_solve
BACKGROUND_SOLVE ENTERED: has_ridder=0 Lambda=0.00e+00
ABOUT TO INTEGRATE: bi_size=6 has_ridder=0 Lambda=0.00e+00
BG_INIT: background_solve OK
INPUT_READ: ridder_freeze_phi = 0 _TRUE_=1 (after class_read_flag)
DEBUG: Ridder field DISABLED. Lambda = 0.000000e+00
INPUT_READ: ridder_freeze_phi = 0 _TRUE_=1 (after class_read_flag)
DEBUG: Ridder field DISABLED. Lambda = 0.000000e+00, model_type not set to unified
BACKGROUND_INIT ENTERED: Lambda=0.00e+00
DEBUG BG_INIT ENTRY: model_type=0
DEBUG AFTER CHECKS: model_type=0 has_ridder=0
RIDDER DEBUG (background_init): has_ridder=0, Lambda_EDE_ridder=0.000000e+00, f_axion_ridder=1.000000e+16, theta_i_ridder=2.500000e+00, beta_ridder=0.000000e+00
BG_INIT: entering background_checks
BG_INIT: background_checks OK
DEBUG SHOOTING CHECK: has_ridder=0, model_type=0 (unified=1), use_shooting_EDE=0
BG_INIT: entering background_solve
BACKGROUND_SOLVE ENTERED: has_ridder=0 Lambda=0.00e+00
ABOUT TO INTEGRATE: bi_size=6 has_ridder=0 Lambda=0.00e+00
DERIVS_ENTRY: call#=635000 has_ridder=0 Lambda=0.00e+00 a=7.37e-09
BG_INIT: background_solve OK
INPUT_READ: ridder_freeze_phi = 0 _TRUE_=1 (after class_read_flag)
DEBUG: Ridder field DISABLED. Lambda = 0.000000e+00
INPUT_READ: ridder_freeze_phi = 0 _TRUE_=1 (after class_read_flag)
DEBUG: Ridder field DISABLED. Lambda = 0.000000e+00, model_type not set to unified
BACKGROUND_INIT ENTERED: Lambda=0.00e+00
DEBUG BG_INIT ENTRY: model_type=0
DEBUG AFTER CHECKS: model_type=0 has_ridder=0
RIDDER DEBUG (background_init): has_ridder=0, Lambda_EDE_ridder=0.000000e+00, f_axion_ridder=1.000000e+16, theta_i_ridder=2.500000e+00, beta_ridder=0.000000e+00
BG_INIT: entering[mcmc] Progress @ 2025-11-27 07:03:06 : 1606 steps taken, and 277 accepted.
[mcmc] Progress @ 2025-11-27 07:04:17 : 1618 steps taken, and 277 accepted.
[mcmc] Progress @ 2025-11-27 07:05:19 : 1627 steps taken, and 278 accepted.
[mcmc] Progress @ 2025-11-27 07:06:39 : 1644 steps taken, and 282 accepted.
[mcmc] Progress @ 2025-11-27 07:07:46 : 1652 steps taken, and 283 accepted.
 background_checks
BG_INIT: background_checks OK
DEBUG SHOOTING CHECK: has_ridder=0, model_type=0 (unified=1), use_shooting_EDE=0
BG_INIT: entering background_solve
BACKGROUND_SOLVE ENTERED: has_ridder=0 Lambda=0.00e+00
ABOUT TO INTEGRATE: bi_size=6 has_ridder=0 Lambda=0.00e+00
DERIVS_ENTRY: call#=640000 has_ridder=0 Lambda=0.00e+00 a=6.33e-04
BG_INIT: background_solve OK
INPUT_READ: ridder_freeze_phi = 0 _TRUE_=1 (after class_read_flag)
DEBUG: Ridder field DISABLED. Lambda = 0.000000e+00
INPUT_READ: ridder_freeze_phi = 0 _TRUE_=1 (after class_read_flag)
DEBUG: Ridder field DISABLED. Lambda = 0.000000e+00, model_type not set to unified
BACKGROUND_INIT ENTERED: Lambda=0.00e+00
DEBUG BG_INIT ENTRY: model_type=0
DEBUG AFTER CHECKS: model_type=0 has_ridder=0
RIDDER DEBUG (background_init): has_ridder=0, Lambda_EDE_ridder=0.000000e+00, f_axion_ridder=1.000000e+16, theta_i_ridder=2.500000e+00, beta_ridder=0.000000e+00
BG_INIT: entering background_checks
BG_INIT: background_checks OK
DEBUG SHOOTING CHECK: has_ridder=0, model_type=0 (unified=1), use_shooting_EDE=0
BG_INIT: entering background_solve
BACKGROUND_SOLVE ENTERED: has_ridder=0 Lambda=0.00e+00
ABOUT TO INTEGRATE: bi_size=6 has_ridder=0 Lambda=0.00e+00
BG_INIT: background_solve OK
INPUT_READ: ridder_freeze_phi = 0 _TRUE_=1 (after class_read_flag)
DEBUG: Ridder field DISABLED. Lambda = 0.000000e+00
INPUT_READ: ridder_freeze_phi = 0 _TRUE_=1 (after class_read_flag)
DEBUG: Ridder field DISABLED. Lambda = 0.000000e+00, model_type not set to unified
BACKGROUND_INIT ENTERED: Lambda=0.00e+00
DEBUG BG_INIT ENTRY: model_type=0
DEBUG AFTER CHECKS: model_type=0 has_ridder=0
RIDDER DEBUG (background_init): has_ridder=0, Lambda_EDE_ridder=0.000000e+00, f_axion_ridder=1.000000e+16, theta_i_ridder=2.500000e+00, beta_ridder=0.000000e+00
BG_INIT: entering background_checks
BG_INIT: background_checks OK
DEBUG SHOOTING CHECK: has_ridder=0, model_type=0 (unified=1), use_shooting_EDE=0
BG_INIT: entering background_solve
BACKGROUND_SOLVE ENTERED: has_ridder=0 Lambda=0.00e+00
ABOUT TO INTEGRATE: bi_size=6 has_ridder=0 Lambda=0.00e+00
DERIVS_ENTRY: call#=645000 has_ridder=0 Lambda=0.00e+00 a=8.64e-10
BG_INIT: background_solve OK
INPUT_READ: ridder_freeze_phi = 0 _TRUE_=1 (after class_read_flag)
DEBUG: Ridder field DISABLED. Lambda = 0.000000e+00
INPUT_READ: ridder_freeze_phi = 0 _TRUE_=1 (after class_read_flag)
DEBUG: Ridder field DISABLED. Lambda = 0.000000e+00, model_type not set to unified
BACKGROUND_INIT ENTERED: Lambda=0.00e+00
DEBUG BG_INIT ENTRY: model_type=0
DEBUG AFTER CHECKS: model_type=0 has_ridder=0
RIDDER DEBUG (background_init): has_ridder=0, Lambda_EDE_ridder=0.000000e+00, f_axion_ridder=1.000000e+16, theta_i_ridder=2.500000e+00, beta_ridder=0.000000e+00
BG_INIT: entering background_checks
BG_INIT: background_checks OK
DEBUG SHOOTING CHECK: has_ridder=0, model_type=0 (unified=1), use_shooting_EDE=0
BG_INIT: entering background_solve
BACKGROUND_SOLVE ENTERED: has_ridder=0 Lambda=0.00e+00
ABOUT TO INTEGRATE: bi_size=6 has_ridder=0 Lambda=0.00e+00
DERIVS_ENTRY: call#=650000 has_ridder=0 Lambda=0.00e+00 a=4.30e-05
BG_INIT: background_solve OK
INPUT_READ: ridder_freeze_phi = 0 _TRUE_=1 (after class_read_flag)
DEBUG: Ridder field DISABLED. Lambda = 0.000000e+00
INPUT_READ: ridder_freeze_phi = 0 _TRUE_=1 (after class_read_flag)
DEBUG: Ridder field DISABLED. Lambda = 0.000000e+00, model_type not set to unified
BACKGROUND_INIT ENTERED: Lambda=0.00e+00
DEBUG BG_INIT ENTRY: model_type=0
DEBUG AFTER CHECKS: model_type=0 has_ridder=0
RIDDER DEBUG (background_init): has_ridder=0, Lambda_EDE_ridder=0.000000e+00, f_axion_ridder=1.000000e+16, theta_i_ridder=2.500000e+00, beta_ridder=0.000000e+00
BG_INIT: entering background_checks
BG_INIT: background_checks OK
DEBUG SHOOTING CHECK: has_ridder=0, model_type=0 (unified=1), use_shooting_EDE=0
BG_INIT: entering background_solve
BACKGROUND_SOLVE ENTERED: has_ridder=0 Lambda=0.00e+00
ABOUT TO INTEGRATE: bi_size=6 has_ridder=0 Lambda=0.00e+00
BG_INIT: background_solve OK
INPUT_READ: ridder_freeze_phi = 0 _TRUE_=1 (after class_read_flag)
DEBUG: Ridder fi[mcmc] Progress @ 2025-11-27 07:08:47 : 1654 steps taken, and 284 accepted.
[mcmc] Progress @ 2025-11-27 07:10:01 : 1666 steps taken, and 285 accepted.
[mcmc] Progress @ 2025-11-27 07:11:35 : 1688 steps taken, and 287 accepted.
[mcmc] Progress @ 2025-11-27 07:12:35 : 1690 steps taken, and 287 accepted.
eld DISABLED. Lambda = 0.000000e+00
INPUT_READ: ridder_freeze_phi = 0 _TRUE_=1 (after class_read_flag)
DEBUG: Ridder field DISABLED. Lambda = 0.000000e+00, model_type not set to unified
BACKGROUND_INIT ENTERED: Lambda=0.00e+00
DEBUG BG_INIT ENTRY: model_type=0
DEBUG AFTER CHECKS: model_type=0 has_ridder=0
RIDDER DEBUG (background_init): has_ridder=0, Lambda_EDE_ridder=0.000000e+00, f_axion_ridder=1.000000e+16, theta_i_ridder=2.500000e+00, beta_ridder=0.000000e+00
BG_INIT: entering background_checks
BG_INIT: background_checks OK
DEBUG SHOOTING CHECK: has_ridder=0, model_type=0 (unified=1), use_shooting_EDE=0
BG_INIT: entering background_solve
BACKGROUND_SOLVE ENTERED: has_ridder=0 Lambda=0.00e+00
ABOUT TO INTEGRATE: bi_size=6 has_ridder=0 Lambda=0.00e+00
DERIVS_ENTRY: call#=655000 has_ridder=0 Lambda=0.00e+00 a=1.55e-10
BG_INIT: background_solve OK
INPUT_READ: ridder_freeze_phi = 0 _TRUE_=1 (after class_read_flag)
DEBUG: Ridder field DISABLED. Lambda = 0.000000e+00
INPUT_READ: ridder_freeze_phi = 0 _TRUE_=1 (after class_read_flag)
DEBUG: Ridder field DISABLED. Lambda = 0.000000e+00, model_type not set to unified
BACKGROUND_INIT ENTERED: Lambda=0.00e+00
DEBUG BG_INIT ENTRY: model_type=0
DEBUG AFTER CHECKS: model_type=0 has_ridder=0
RIDDER DEBUG (background_init): has_ridder=0, Lambda_EDE_ridder=0.000000e+00, f_axion_ridder=1.000000e+16, theta_i_ridder=2.500000e+00, beta_ridder=0.000000e+00
BG_INIT: entering background_checks
BG_INIT: background_checks OK
DEBUG SHOOTING CHECK: has_ridder=0, model_type=0 (unified=1), use_shooting_EDE=0
BG_INIT: entering background_solve
BACKGROUND_SOLVE ENTERED: has_ridder=0 Lambda=0.00e+00
ABOUT TO INTEGRATE: bi_size=6 has_ridder=0 Lambda=0.00e+00
DERIVS_ENTRY: call#=660000 has_ridder=0 Lambda=0.00e+00 a=9.62e-06
BG_INIT: background_solve OK
INPUT_READ: ridder_freeze_phi = 0 _TRUE_=1 (after class_read_flag)
DEBUG: Ridder field DISABLED. Lambda = 0.000000e+00
INPUT_READ: ridder_freeze_phi = 0 _TRUE_=1 (after class_read_flag)
DEBUG: Ridder field DISABLED. Lambda = 0.000000e+00, model_type not set to unified
BACKGROUND_INIT ENTERED: Lambda=0.00e+00
DEBUG BG_INIT ENTRY: model_type=0
DEBUG AFTER CHECKS: model_type=0 has_ridder=0
RIDDER DEBUG (background_init): has_ridder=0, Lambda_EDE_ridder=0.000000e+00, f_axion_ridder=1.000000e+16, theta_i_ridder=2.500000e+00, beta_ridder=0.000000e+00
BG_INIT: entering background_checks
BG_INIT: background_checks OK
DEBUG SHOOTING CHECK: has_ridder=0, model_type=0 (unified=1), use_shooting_EDE=0
BG_INIT: entering background_solve
BACKGROUND_SOLVE ENTERED: has_ridder=0 Lambda=0.00e+00
ABOUT TO INTEGRATE: bi_size=6 has_ridder=0 Lambda=0.00e+00
BG_INIT: background_solve OK
INPUT_READ: ridder_freeze_phi = 0 _TRUE_=1 (after class_read_flag)
DEBUG: Ridder field DISABLED. Lambda = 0.000000e+00
INPUT_READ: ridder_freeze_phi = 0 _TRUE_=1 (after class_read_flag)
DEBUG: Ridder field DISABLED. Lambda = 0.000000e+00, model_type not set to unified
BACKGROUND_INIT ENTERED: Lambda=0.00e+00
DEBUG BG_INIT ENTRY: model_type=0
DEBUG AFTER CHECKS: model_type=0 has_ridder=0
RIDDER DEBUG (background_init): has_ridder=0, Lambda_EDE_ridder=0.000000e+00, f_axion_ridder=1.000000e+16, theta_i_ridder=2.500000e+00, beta_ridder=0.000000e+00
BG_INIT: entering background_checks
BG_INIT: background_checks OK
DEBUG SHOOTING CHECK: has_ridder=0, model_type=0 (unified=1), use_shooting_EDE=0
BG_INIT: entering background_solve
BACKGROUND_SOLVE ENTERED: has_ridder=0 Lambda=0.00e+00
ABOUT TO INTEGRATE: bi_size=6 has_ridder=0 Lambda=0.00e+00
DERIVS_ENTRY: call#=665000 has_ridder=0 Lambda=0.00e+00 a=7.84e-12
BG_INIT: background_solve OK
INPUT_READ: ridder_freeze_phi = 0 _TRUE_=1 (after class_read_flag)
DEBUG: Ridder field DISABLED. Lambda = 0.000000e+00
INPUT_READ: ridder_freeze_phi = 0 _TRUE_=1 (after class_read_flag)
DEBUG: Ridder field DISABLED. Lambda = 0.000000e+00, model_type not set to unified
BACKGROUND_INIT ENTERED: Lambda=0.00e+00
DEBUG BG_INIT ENTRY: model_type=0
DEBUG AFTER CHECKS: model_type=0 has_ridder=0
RIDDER DEBUG (background_init): has_ridder=0, Lambda_EDE_ridder=0.000000e+00, f_axio[mcmc] Progress @ 2025-11-27 07:13:41 : 1695 steps taken, and 288 accepted.
[mcmc] Progress @ 2025-11-27 07:15:00 : 1715 steps taken, and 289 accepted.
[mcmc] Progress @ 2025-11-27 07:16:03 : 1716 steps taken, and 289 accepted.
[mcmc] Progress @ 2025-11-27 07:17:29 : 1732 steps taken, and 293 accepted.
n_ridder=1.000000e+16, theta_i_ridder=2.500000e+00, beta_ridder=0.000000e+00
BG_INIT: entering background_checks
BG_INIT: background_checks OK
DEBUG SHOOTING CHECK: has_ridder=0, model_type=0 (unified=1), use_shooting_EDE=0
BG_INIT: entering background_solve
BACKGROUND_SOLVE ENTERED: has_ridder=0 Lambda=0.00e+00
ABOUT TO INTEGRATE: bi_size=6 has_ridder=0 Lambda=0.00e+00
DERIVS_ENTRY: call#=670000 has_ridder=0 Lambda=0.00e+00 a=1.21e-06
BG_INIT: background_solve OK
INPUT_READ: ridder_freeze_phi = 0 _TRUE_=1 (after class_read_flag)
DEBUG: Ridder field DISABLED. Lambda = 0.000000e+00
INPUT_READ: ridder_freeze_phi = 0 _TRUE_=1 (after class_read_flag)
DEBUG: Ridder field DISABLED. Lambda = 0.000000e+00, model_type not set to unified
BACKGROUND_INIT ENTERED: Lambda=0.00e+00
DEBUG BG_INIT ENTRY: model_type=0
DEBUG AFTER CHECKS: model_type=0 has_ridder=0
RIDDER DEBUG (background_init): has_ridder=0, Lambda_EDE_ridder=0.000000e+00, f_axion_ridder=1.000000e+16, theta_i_ridder=2.500000e+00, beta_ridder=0.000000e+00
BG_INIT: entering background_checks
BG_INIT: background_checks OK
DEBUG SHOOTING CHECK: has_ridder=0, model_type=0 (unified=1), use_shooting_EDE=0
BG_INIT: entering background_solve
BACKGROUND_SOLVE ENTERED: has_ridder=0 Lambda=0.00e+00
ABOUT TO INTEGRATE: bi_size=6 has_ridder=0 Lambda=0.00e+00
BG_INIT: background_solve OK
INPUT_READ: ridder_freeze_phi = 0 _TRUE_=1 (after class_read_flag)
DEBUG: Ridder field DISABLED. Lambda = 0.000000e+00
INPUT_READ: ridder_freeze_phi = 0 _TRUE_=1 (after class_read_flag)
DEBUG: Ridder field DISABLED. Lambda = 0.000000e+00, model_type not set to unified
BACKGROUND_INIT ENTERED: Lambda=0.00e+00
DEBUG BG_INIT ENTRY: model_type=0
DEBUG AFTER CHECKS: model_type=0 has_ridder=0
RIDDER DEBUG (background_init): has_ridder=0, Lambda_EDE_ridder=0.000000e+00, f_axion_ridder=1.000000e+16, theta_i_ridder=2.500000e+00, beta_ridder=0.000000e+00
BG_INIT: entering background_checks
BG_INIT: background_checks OK
DEBUG SHOOTING CHECK: has_ridder=0, model_type=0 (unified=1), use_shooting_EDE=0
BG_INIT: entering background_solve
BACKGROUND_SOLVE ENTERED: has_ridder=0 Lambda=0.00e+00
ABOUT TO INTEGRATE: bi_size=6 has_ridder=0 Lambda=0.00e+00
DERIVS_ENTRY: call#=675000 has_ridder=0 Lambda=0.00e+00 a=1.26e-14
BG_INIT: background_solve OK
INPUT_READ: ridder_freeze_phi = 0 _TRUE_=1 (after class_read_flag)
DEBUG: Ridder field DISABLED. Lambda = 0.000000e+00
INPUT_READ: ridder_freeze_phi = 0 _TRUE_=1 (after class_read_flag)
DEBUG: Ridder field DISABLED. Lambda = 0.000000e+00, model_type not set to unified
BACKGROUND_INIT ENTERED: Lambda=0.00e+00
DEBUG BG_INIT ENTRY: model_type=0
DEBUG AFTER CHECKS: model_type=0 has_ridder=0
RIDDER DEBUG (background_init): has_ridder=0, Lambda_EDE_ridder=0.000000e+00, f_axion_ridder=1.000000e+16, theta_i_ridder=2.500000e+00, beta_ridder=0.000000e+00
BG_INIT: entering background_checks
BG_INIT: background_checks OK
DEBUG SHOOTING CHECK: has_ridder=0, model_type=0 (unified=1), use_shooting_EDE=0
BG_INIT: entering background_solve
BACKGROUND_SOLVE ENTERED: has_ridder=0 Lambda=0.00e+00
ABOUT TO INTEGRATE: bi_size=6 has_ridder=0 Lambda=0.00e+00
DERIVS_ENTRY: call#=680000 has_ridder=0 Lambda=0.00e+00 a=1.74e-07
BG_INIT: background_solve OK
INPUT_READ: ridder_freeze_phi = 0 _TRUE_=1 (after class_read_flag)
DEBUG: Ridder field DISABLED. Lambda = 0.000000e+00
INPUT_READ: ridder_freeze_phi = 0 _TRUE_=1 (after class_read_flag)
DEBUG: Ridder field DISABLED. Lambda = 0.000000e+00, model_type not set to unified
BACKGROUND_INIT ENTERED: Lambda=0.00e+00
DEBUG BG_INIT ENTRY: model_type=0
DEBUG AFTER CHECKS: model_type=0 has_ridder=0
RIDDER DEBUG (background_init): has_ridder=0, Lambda_EDE_ridder=0.000000e+00, f_axion_ridder=1.000000e+16, theta_i_ridder=2.500000e+00, beta_ridder=0.000000e+00
BG_INIT: entering background_checks
BG_INIT: background_checks OK
DEBUG SHOOTING CHECK: has_ridder=0, model_type=0 (unified=1), use_shooting_EDE=0
BG_INIT: entering background_solve
BACKGROUND_SOLVE ENTERED: has_ridder=0 Lambda=0.00e+00
ABOUT TO INTEGRATE: bi_size=6 has_ridder=0 Lambda=0.00e+00
DERIVS_ENTRY: call[mcmc] Progress @ 2025-11-27 07:18:31 : 1735 steps taken, and 294 accepted.
[mcmc] Progress @ 2025-11-27 07:19:40 : 1741 steps taken, and 295 accepted.
[mcmc] Progress @ 2025-11-27 07:20:52 : 1747 steps taken, and 296 accepted.
[mcmc] Progress @ 2025-11-27 07:21:55 : 1750 steps taken, and 296 accepted.
[mcmc] Progress @ 2025-11-27 07:23:26 : 1774 steps taken, and 299 accepted.
#=685000 has_ridder=0 Lambda=0.00e+00 a=2.42e-01
BG_INIT: background_solve OK
INPUT_READ: ridder_freeze_phi = 0 _TRUE_=1 (after class_read_flag)
DEBUG: Ridder field DISABLED. Lambda = 0.000000e+00
INPUT_READ: ridder_freeze_phi = 0 _TRUE_=1 (after class_read_flag)
DEBUG: Ridder field DISABLED. Lambda = 0.000000e+00, model_type not set to unified
BACKGROUND_INIT ENTERED: Lambda=0.00e+00
DEBUG BG_INIT ENTRY: model_type=0
DEBUG AFTER CHECKS: model_type=0 has_ridder=0
RIDDER DEBUG (background_init): has_ridder=0, Lambda_EDE_ridder=0.000000e+00, f_axion_ridder=1.000000e+16, theta_i_ridder=2.500000e+00, beta_ridder=0.000000e+00
BG_INIT: entering background_checks
BG_INIT: background_checks OK
DEBUG SHOOTING CHECK: has_ridder=0, model_type=0 (unified=1), use_shooting_EDE=0
BG_INIT: entering background_solve
BACKGROUND_SOLVE ENTERED: has_ridder=0 Lambda=0.00e+00
ABOUT TO INTEGRATE: bi_size=6 has_ridder=0 Lambda=0.00e+00
BG_INIT: background_solve OK
INPUT_READ: ridder_freeze_phi = 0 _TRUE_=1 (after class_read_flag)
DEBUG: Ridder field DISABLED. Lambda = 0.000000e+00
INPUT_READ: ridder_freeze_phi = 0 _TRUE_=1 (after class_read_flag)
DEBUG: Ridder field DISABLED. Lambda = 0.000000e+00, model_type not set to unified
BACKGROUND_INIT ENTERED: Lambda=0.00e+00
DEBUG BG_INIT ENTRY: model_type=0
DEBUG AFTER CHECKS: model_type=0 has_ridder=0
RIDDER DEBUG (background_init): has_ridder=0, Lambda_EDE_ridder=0.000000e+00, f_axion_ridder=1.000000e+16, theta_i_ridder=2.500000e+00, beta_ridder=0.000000e+00
BG_INIT: entering background_checks
BG_INIT: background_checks OK
DEBUG SHOOTING CHECK: has_ridder=0, model_type=0 (unified=1), use_shooting_EDE=0
BG_INIT: entering background_solve
BACKGROUND_SOLVE ENTERED: has_ridder=0 Lambda=0.00e+00
ABOUT TO INTEGRATE: bi_size=6 has_ridder=0 Lambda=0.00e+00
DERIVS_ENTRY: call#=690000 has_ridder=0 Lambda=0.00e+00 a=2.51e-08
BG_INIT: background_solve OK
INPUT_READ: ridder_freeze_phi = 0 _TRUE_=1 (after class_read_flag)
DEBUG: Ridder field DISABLED. Lambda = 0.000000e+00
INPUT_READ: ridder_freeze_phi = 0 _TRUE_=1 (after class_read_flag)
DEBUG: Ridder field DISABLED. Lambda = 0.000000e+00, model_type not set to unified
BACKGROUND_INIT ENTERED: Lambda=0.00e+00
DEBUG BG_INIT ENTRY: model_type=0
DEBUG AFTER CHECKS: model_type=0 has_ridder=0
RIDDER DEBUG (background_init): has_ridder=0, Lambda_EDE_ridder=0.000000e+00, f_axion_ridder=1.000000e+16, theta_i_ridder=2.500000e+00, beta_ridder=0.000000e+00
BG_INIT: entering background_checks
BG_INIT: background_checks OK
DEBUG SHOOTING CHECK: has_ridder=0, model_type=0 (unified=1), use_shooting_EDE=0
BG_INIT: entering background_solve
BACKGROUND_SOLVE ENTERED: has_ridder=0 Lambda=0.00e+00
ABOUT TO INTEGRATE: bi_size=6 has_ridder=0 Lambda=0.00e+00
DERIVS_ENTRY: call#=695000 has_ridder=0 Lambda=0.00e+00 a=7.71e-03
BG_INIT: background_solve OK
INPUT_READ: ridder_freeze_phi = 0 _TRUE_=1 (after class_read_flag)
DEBUG: Ridder field DISABLED. Lambda = 0.000000e+00
INPUT_READ: ridder_freeze_phi = 0 _TRUE_=1 (after class_read_flag)
DEBUG: Ridder field DISABLED. Lambda = 0.000000e+00, model_type not set to unified
BACKGROUND_INIT ENTERED: Lambda=0.00e+00
DEBUG BG_INIT ENTRY: model_type=0
DEBUG AFTER CHECKS: model_type=0 has_ridder=0
RIDDER DEBUG (background_init): has_ridder=0, Lambda_EDE_ridder=0.000000e+00, f_axion_ridder=1.000000e+16, theta_i_ridder=2.500000e+00, beta_ridder=0.000000e+00
BG_INIT: entering background_checks
BG_INIT: background_checks OK
DEBUG SHOOTING CHECK: has_ridder=0, model_type=0 (unified=1), use_shooting_EDE=0
BG_INIT: entering background_solve
BACKGROUND_SOLVE ENTERED: has_ridder=0 Lambda=0.00e+00
ABOUT TO INTEGRATE: bi_size=6 has_ridder=0 Lambda=0.00e+00
BG_INIT: background_solve OK
INPUT_READ: ridder_freeze_phi = 0 _TRUE_=1 (after class_read_flag)
DEBUG: Ridder field DISABLED. Lambda = 0.000000e+00
INPUT_READ: ridder_freeze_phi = 0 _TRUE_=1 (after class_read_flag)
DEBUG: Ridder field DISABLED. Lambda = 0.000000e+00, model_type not set to unified
BACKGROUND_INIT ENTERED: Lambda=0.00e+00
DEBUG BG_INIT ENTRY: model_type=0
DEBUG AFTER CHECKS: model_type=0 has[mcmc] Progress @ 2025-11-27 07:24:27 : 1780 steps taken, and 299 accepted.
[mcmc] Progress @ 2025-11-27 07:25:59 : 1808 steps taken, and 303 accepted.
[mcmc] Progress @ 2025-11-27 07:27:14 : 1818 steps taken, and 303 accepted.
[mcmc] Progress @ 2025-11-27 07:28:24 : 1822 steps taken, and 303 accepted.
_ridder=0
RIDDER DEBUG (background_init): has_ridder=0, Lambda_EDE_ridder=0.000000e+00, f_axion_ridder=1.000000e+16, theta_i_ridder=2.500000e+00, beta_ridder=0.000000e+00
BG_INIT: entering background_checks
BG_INIT: background_checks OK
DEBUG SHOOTING CHECK: has_ridder=0, model_type=0 (unified=1), use_shooting_EDE=0
BG_INIT: entering background_solve
BACKGROUND_SOLVE ENTERED: has_ridder=0 Lambda=0.00e+00
ABOUT TO INTEGRATE: bi_size=6 has_ridder=0 Lambda=0.00e+00
DERIVS_ENTRY: call#=700000 has_ridder=0 Lambda=0.00e+00 a=3.76e-09
BG_INIT: background_solve OK
INPUT_READ: ridder_freeze_phi = 0 _TRUE_=1 (after class_read_flag)
DEBUG: Ridder field DISABLED. Lambda = 0.000000e+00
INPUT_READ: ridder_freeze_phi = 0 _TRUE_=1 (after class_read_flag)
DEBUG: Ridder field DISABLED. Lambda = 0.000000e+00, model_type not set to unified
BACKGROUND_INIT ENTERED: Lambda=0.00e+00
DEBUG BG_INIT ENTRY: model_type=0
DEBUG AFTER CHECKS: model_type=0 has_ridder=0
RIDDER DEBUG (background_init): has_ridder=0, Lambda_EDE_ridder=0.000000e+00, f_axion_ridder=1.000000e+16, theta_i_ridder=2.500000e+00, beta_ridder=0.000000e+00
BG_INIT: entering background_checks
BG_INIT: background_checks OK
DEBUG SHOOTING CHECK: has_ridder=0, model_type=0 (unified=1), use_shooting_EDE=0
BG_INIT: entering background_solve
BACKGROUND_SOLVE ENTERED: has_ridder=0 Lambda=0.00e+00
ABOUT TO INTEGRATE: bi_size=6 has_ridder=0 Lambda=0.00e+00
DERIVS_ENTRY: call#=705000 has_ridder=0 Lambda=0.00e+00 a=1.82e-04
BG_INIT: background_solve OK
INPUT_READ: ridder_freeze_phi = 0 _TRUE_=1 (after class_read_flag)
DEBUG: Ridder field DISABLED. Lambda = 0.000000e+00
INPUT_READ: ridder_freeze_phi = 0 _TRUE_=1 (after class_read_flag)
DEBUG: Ridder field DISABLED. Lambda = 0.000000e+00, model_type not set to unified
BACKGROUND_INIT ENTERED: Lambda=0.00e+00
DEBUG BG_INIT ENTRY: model_type=0
DEBUG AFTER CHECKS: model_type=0 has_ridder=0
RIDDER DEBUG (background_init): has_ridder=0, Lambda_EDE_ridder=0.000000e+00, f_axion_ridder=1.000000e+16, theta_i_ridder=2.500000e+00, beta_ridder=0.000000e+00
BG_INIT: entering background_checks
BG_INIT: background_checks OK
DEBUG SHOOTING CHECK: has_ridder=0, model_type=0 (unified=1), use_shooting_EDE=0
BG_INIT: entering background_solve
BACKGROUND_SOLVE ENTERED: has_ridder=0 Lambda=0.00e+00
ABOUT TO INTEGRATE: bi_size=6 has_ridder=0 Lambda=0.00e+00
BG_INIT: background_solve OK
INPUT_READ: ridder_freeze_phi = 0 _TRUE_=1 (after class_read_flag)
DEBUG: Ridder field DISABLED. Lambda = 0.000000e+00
INPUT_READ: ridder_freeze_phi = 0 _TRUE_=1 (after class_read_flag)
DEBUG: Ridder field DISABLED. Lambda = 0.000000e+00, model_type not set to unified
BACKGROUND_INIT ENTERED: Lambda=0.00e+00
DEBUG BG_INIT ENTRY: model_type=0
DEBUG AFTER CHECKS: model_type=0 has_ridder=0
RIDDER DEBUG (background_init): has_ridder=0, Lambda_EDE_ridder=0.000000e+00, f_axion_ridder=1.000000e+16, theta_i_ridder=2.500000e+00, beta_ridder=0.000000e+00
BG_INIT: entering background_checks
BG_INIT: background_checks OK
DEBUG SHOOTING CHECK: has_ridder=0, model_type=0 (unified=1), use_shooting_EDE=0
BG_INIT: entering background_solve
BACKGROUND_SOLVE ENTERED: has_ridder=0 Lambda=0.00e+00
ABOUT TO INTEGRATE: bi_size=6 has_ridder=0 Lambda=0.00e+00
DERIVS_ENTRY: call#=710000 has_ridder=0 Lambda=0.00e+00 a=5.27e-10
BG_INIT: background_solve OK
INPUT_READ: ridder_freeze_phi = 0 _TRUE_=1 (after class_read_flag)
DEBUG: Ridder field DISABLED. Lambda = 0.000000e+00
INPUT_READ: ridder_freeze_phi = 0 _TRUE_=1 (after class_read_flag)
DEBUG: Ridder field DISABLED. Lambda = 0.000000e+00, model_type not set to unified
BACKGROUND_INIT ENTERED: Lambda=0.00e+00
DEBUG BG_INIT ENTRY: model_type=0
DEBUG AFTER CHECKS: model_type=0 has_ridder=0
RIDDER DEBUG (background_init): has_ridder=0, Lambda_EDE_ridder=0.000000e+00, f_axion_ridder=1.000000e+16, theta_i_ridder=2.500000e+00, beta_ridder=0.000000e+00
BG_INIT: entering background_checks
BG_INIT: background_checks OK
DEBUG SHOOTING CHECK: has_ridder=0, model_type=0 (unified=1), use_shooting_EDE=0
BG_INIT: entering background_solve
BACKGROUND_SOLVE ENTERED: has_ridder=0[mcmc] Progress @ 2025-11-27 07:29:36 : 1828 steps taken, and 303 accepted.
[mcmc] Progress @ 2025-11-27 07:30:40 : 1833 steps taken, and 304 accepted.
[mcmc] Progress @ 2025-11-27 07:31:46 : 1837 steps taken, and 304 accepted.
[mcmc] Progress @ 2025-11-27 07:32:50 : 1841 steps taken, and 305 accepted.
[mcmc] Progress @ 2025-11-27 07:33:56 : 1852 steps taken, and 309 accepted.
 Lambda=0.00e+00
ABOUT TO INTEGRATE: bi_size=6 has_ridder=0 Lambda=0.00e+00
DERIVS_ENTRY: call#=715000 has_ridder=0 Lambda=0.00e+00 a=9.81e-05
BG_INIT: background_solve OK
INPUT_READ: ridder_freeze_phi = 0 _TRUE_=1 (after class_read_flag)
DEBUG: Ridder field DISABLED. Lambda = 0.000000e+00
INPUT_READ: ridder_freeze_phi = 0 _TRUE_=1 (after class_read_flag)
DEBUG: Ridder field DISABLED. Lambda = 0.000000e+00, model_type not set to unified
BACKGROUND_INIT ENTERED: Lambda=0.00e+00
DEBUG BG_INIT ENTRY: model_type=0
DEBUG AFTER CHECKS: model_type=0 has_ridder=0
RIDDER DEBUG (background_init): has_ridder=0, Lambda_EDE_ridder=0.000000e+00, f_axion_ridder=1.000000e+16, theta_i_ridder=2.500000e+00, beta_ridder=0.000000e+00
BG_INIT: entering background_checks
BG_INIT: background_checks OK
DEBUG SHOOTING CHECK: has_ridder=0, model_type=0 (unified=1), use_shooting_EDE=0
BG_INIT: entering background_solve
BACKGROUND_SOLVE ENTERED: has_ridder=0 Lambda=0.00e+00
ABOUT TO INTEGRATE: bi_size=6 has_ridder=0 Lambda=0.00e+00
BG_INIT: background_solve OK
INPUT_READ: ridder_freeze_phi = 0 _TRUE_=1 (after class_read_flag)
DEBUG: Ridder field DISABLED. Lambda = 0.000000e+00
INPUT_READ: ridder_freeze_phi = 0 _TRUE_=1 (after class_read_flag)
DEBUG: Ridder field DISABLED. Lambda = 0.000000e+00, model_type not set to unified
BACKGROUND_INIT ENTERED: Lambda=0.00e+00
DEBUG BG_INIT ENTRY: model_type=0
DEBUG AFTER CHECKS: model_type=0 has_ridder=0
RIDDER DEBUG (background_init): has_ridder=0, Lambda_EDE_ridder=0.000000e+00, f_axion_ridder=1.000000e+16, theta_i_ridder=2.500000e+00, beta_ridder=0.000000e+00
BG_INIT: entering background_checks
BG_INIT: background_checks OK
DEBUG SHOOTING CHECK: has_ridder=0, model_type=0 (unified=1), use_shooting_EDE=0
BG_INIT: entering background_solve
BACKGROUND_SOLVE ENTERED: has_ridder=0 Lambda=0.00e+00
ABOUT TO INTEGRATE: bi_size=6 has_ridder=0 Lambda=0.00e+00
DERIVS_ENTRY: call#=720000 has_ridder=0 Lambda=0.00e+00 a=2.92e-10
BG_INIT: background_solve OK
INPUT_READ: ridder_freeze_phi = 0 _TRUE_=1 (after class_read_flag)
DEBUG: Ridder field DISABLED. Lambda = 0.000000e+00
INPUT_READ: ridder_freeze_phi = 0 _TRUE_=1 (after class_read_flag)
DEBUG: Ridder field DISABLED. Lambda = 0.000000e+00, model_type not set to unified
BACKGROUND_INIT ENTERED: Lambda=0.00e+00
DEBUG BG_INIT ENTRY: model_type=0
DEBUG AFTER CHECKS: model_type=0 has_ridder=0
RIDDER DEBUG (background_init): has_ridder=0, Lambda_EDE_ridder=0.000000e+00, f_axion_ridder=1.000000e+16, theta_i_ridder=2.500000e+00, beta_ridder=0.000000e+00
BG_INIT: entering background_checks
BG_INIT: background_checks OK
DEBUG SHOOTING CHECK: has_ridder=0, model_type=0 (unified=1), use_shooting_EDE=0
BG_INIT: entering background_solve
BACKGROUND_SOLVE ENTERED: has_ridder=0 Lambda=0.00e+00
ABOUT TO INTEGRATE: bi_size=6 has_ridder=0 Lambda=0.00e+00
DERIVS_ENTRY: call#=725000 has_ridder=0 Lambda=0.00e+00 a=1.47e-05
BG_INIT: background_solve OK
INPUT_READ: ridder_freeze_phi = 0 _TRUE_=1 (after class_read_flag)
DEBUG: Ridder field DISABLED. Lambda = 0.000000e+00
INPUT_READ: ridder_freeze_phi = 0 _TRUE_=1 (after class_read_flag)
DEBUG: Ridder field DISABLED. Lambda = 0.000000e+00, model_type not set to unified
BACKGROUND_INIT ENTERED: Lambda=0.00e+00
DEBUG BG_INIT ENTRY: model_type=0
DEBUG AFTER CHECKS: model_type=0 has_ridder=0
RIDDER DEBUG (background_init): has_ridder=0, Lambda_EDE_ridder=0.000000e+00, f_axion_ridder=1.000000e+16, theta_i_ridder=2.500000e+00, beta_ridder=0.000000e+00
BG_INIT: entering background_checks
BG_INIT: background_checks OK
DEBUG SHOOTING CHECK: has_ridder=0, model_type=0 (unified=1), use_shooting_EDE=0
BG_INIT: entering background_solve
BACKGROUND_SOLVE ENTERED: has_ridder=0 Lambda=0.00e+00
ABOUT TO INTEGRATE: bi_size=6 has_ridder=0 Lambda=0.00e+00
BG_INIT: background_solve OK
INPUT_READ: ridder_freeze_phi = 0 _TRUE_=1 (after class_read_flag)
DEBUG: Ridder field DISABLED. Lambda = 0.000000e+00
INPUT_READ: ridder_freeze_phi = 0 _TRUE_=1 (after class_read_flag)
DEBUG: Ridder field DISABLED. Lambda = 0.000000e+00, model_type not set to unified
BACKGROUND_INIT E[mcmc] Progress @ 2025-11-27 07:34:57 : 1853 steps taken, and 309 accepted.
[mcmc] Progress @ 2025-11-27 07:36:59 : 1857 steps taken, and 310 accepted.
[mcmc] Progress @ 2025-11-27 07:38:23 : 1879 steps taken, and 315 accepted.
NTERED: Lambda=0.00e+00
DEBUG BG_INIT ENTRY: model_type=0
DEBUG AFTER CHECKS: model_type=0 has_ridder=0
RIDDER DEBUG (background_init): has_ridder=0, Lambda_EDE_ridder=0.000000e+00, f_axion_ridder=1.000000e+16, theta_i_ridder=2.500000e+00, beta_ridder=0.000000e+00
BG_INIT: entering background_checks
BG_INIT: background_checks OK
DEBUG SHOOTING CHECK: has_ridder=0, model_type=0 (unified=1), use_shooting_EDE=0
BG_INIT: entering background_solve
BACKGROUND_SOLVE ENTERED: has_ridder=0 Lambda=0.00e+00
ABOUT TO INTEGRATE: bi_size=6 has_ridder=0 Lambda=0.00e+00
DERIVS_ENTRY: call#=730000 has_ridder=0 Lambda=0.00e+00 a=3.99e-11
BG_INIT: background_solve OK
INPUT_READ: ridder_freeze_phi = 0 _TRUE_=1 (after class_read_flag)
DEBUG: Ridder field DISABLED. Lambda = 0.000000e+00
INPUT_READ: ridder_freeze_phi = 0 _TRUE_=1 (after class_read_flag)
DEBUG: Ridder field DISABLED. Lambda = 0.000000e+00, model_type not set to unified
BACKGROUND_INIT ENTERED: Lambda=0.00e+00
DEBUG BG_INIT ENTRY: model_type=0
DEBUG AFTER CHECKS: model_type=0 has_ridder=0
RIDDER DEBUG (background_init): has_ridder=0, Lambda_EDE_ridder=0.000000e+00, f_axion_ridder=1.000000e+16, theta_i_ridder=2.500000e+00, beta_ridder=0.000000e+00
BG_INIT: entering background_checks
BG_INIT: background_checks OK
DEBUG SHOOTING CHECK: has_ridder=0, model_type=0 (unified=1), use_shooting_EDE=0
BG_INIT: entering background_solve
BACKGROUND_SOLVE ENTERED: has_ridder=0 Lambda=0.00e+00
ABOUT TO INTEGRATE: bi_size=6 has_ridder=0 Lambda=0.00e+00
DERIVS_ENTRY: call#=735000 has_ridder=0 Lambda=0.00e+00 a=2.15e-06
BG_INIT: background_solve OK
INPUT_READ: ridder_freeze_phi = 0 _TRUE_=1 (after class_read_flag)
DEBUG: Ridder field DISABLED. Lambda = 0.000000e+00
INPUT_READ: ridder_freeze_phi = 0 _TRUE_=1 (after class_read_flag)
DEBUG: Ridder field DISABLED. Lambda = 0.000000e+00, model_type not set to unified
BACKGROUND_INIT ENTERED: Lambda=0.00e+00
DEBUG BG_INIT ENTRY: model_type=0
DEBUG AFTER CHECKS: model_type=0 has_ridder=0
RIDDER DEBUG (background_init): has_ridder=0, Lambda_EDE_ridder=0.000000e+00, f_axion_ridder=1.000000e+16, theta_i_ridder=2.500000e+00, beta_ridder=0.000000e+00
BG_INIT: entering background_checks
BG_INIT: background_checks OK
DEBUG SHOOTING CHECK: has_ridder=0, model_type=0 (unified=1), use_shooting_EDE=0
BG_INIT: entering background_solve
BACKGROUND_SOLVE ENTERED: has_ridder=0 Lambda=0.00e+00
ABOUT TO INTEGRATE: bi_size=6 has_ridder=0 Lambda=0.00e+00
BG_INIT: background_solve OK
INPUT_READ: ridder_freeze_phi = 0 _TRUE_=1 (after class_read_flag)
DEBUG: Ridder field DISABLED. Lambda = 0.000000e+00
INPUT_READ: ridder_freeze_phi = 0 _TRUE_=1 (after class_read_flag)
DEBUG: Ridder field DISABLED. Lambda = 0.000000e+00, model_type not set to unified
BACKGROUND_INIT ENTERED: Lambda=0.00e+00
DEBUG BG_INIT ENTRY: model_type=0
DEBUG AFTER CHECKS: model_type=0 has_ridder=0
RIDDER DEBUG (background_init): has_ridder=0, Lambda_EDE_ridder=0.000000e+00, f_axion_ridder=1.000000e+16, theta_i_ridder=2.500000e+00, beta_ridder=0.000000e+00
BG_INIT: entering background_checks
BG_INIT: background_checks OK
DEBUG SHOOTING CHECK: has_ridder=0, model_type=0 (unified=1), use_shooting_EDE=0
BG_INIT: entering background_solve
BACKGROUND_SOLVE ENTERED: has_ridder=0 Lambda=0.00e+00
ABOUT TO INTEGRATE: bi_size=6 has_ridder=0 Lambda=0.00e+00
DERIVS_ENTRY: call#=740000 has_ridder=0 Lambda=0.00e+00 a=1.46e-13
BG_INIT: background_solve OK
INPUT_READ: ridder_freeze_phi = 0 _TRUE_=1 (after class_read_flag)
DEBUG: Ridder field DISABLED. Lambda = 0.000000e+00
INPUT_READ: ridder_freeze_phi = 0 _TRUE_=1 (after class_read_flag)
DEBUG: Ridder field DISABLED. Lambda = 0.000000e+00, model_type not set to unified
BACKGROUND_INIT ENTERED: Lambda=0.00e+00
DEBUG BG_INIT ENTRY: model_type=0
DEBUG AFTER CHECKS: model_type=0 has_ridder=0
RIDDER DEBUG (background_init): has_ridder=0, Lambda_EDE_ridder=0.000000e+00, f_axion_ridder=1.000000e+16, theta_i_ridder=2.500000e+00, beta_ridder=0.000000e+00
BG_INIT: entering background_checks
BG_INIT: background_checks OK
DEBUG SHOOTING CHECK: has_ridder=0, model_type=0 (unified=1)[mcmc] Progress @ 2025-11-27 07:39:26 : 1886 steps taken, and 317 accepted.
[mcmc] Progress @ 2025-11-27 07:40:29 : 1891 steps taken, and 317 accepted.
[mcmc] Progress @ 2025-11-27 07:41:46 : 1910 steps taken, and 319 accepted.
[mcmc] Progress @ 2025-11-27 07:42:48 : 1913 steps taken, and 320 accepted.
[mcmc] Progress @ 2025-11-27 07:44:08 : 1925 steps taken, and 323 accepted.
, use_shooting_EDE=0
BG_INIT: entering background_solve
BACKGROUND_SOLVE ENTERED: has_ridder=0 Lambda=0.00e+00
ABOUT TO INTEGRATE: bi_size=6 has_ridder=0 Lambda=0.00e+00
DERIVS_ENTRY: call#=745000 has_ridder=0 Lambda=0.00e+00 a=3.76e-07
BG_INIT: background_solve OK
INPUT_READ: ridder_freeze_phi = 0 _TRUE_=1 (after class_read_flag)
DEBUG: Ridder field DISABLED. Lambda = 0.000000e+00
INPUT_READ: ridder_freeze_phi = 0 _TRUE_=1 (after class_read_flag)
DEBUG: Ridder field DISABLED. Lambda = 0.000000e+00, model_type not set to unified
BACKGROUND_INIT ENTERED: Lambda=0.00e+00
DEBUG BG_INIT ENTRY: model_type=0
DEBUG AFTER CHECKS: model_type=0 has_ridder=0
RIDDER DEBUG (background_init): has_ridder=0, Lambda_EDE_ridder=0.000000e+00, f_axion_ridder=1.000000e+16, theta_i_ridder=2.500000e+00, beta_ridder=0.000000e+00
BG_INIT: entering background_checks
BG_INIT: background_checks OK
DEBUG SHOOTING CHECK: has_ridder=0, model_type=0 (unified=1), use_shooting_EDE=0
BG_INIT: entering background_solve
BACKGROUND_SOLVE ENTERED: has_ridder=0 Lambda=0.00e+00
ABOUT TO INTEGRATE: bi_size=6 has_ridder=0 Lambda=0.00e+00
DERIVS_ENTRY: call#=750000 has_ridder=0 Lambda=0.00e+00 a=5.94e-01
BG_INIT: background_solve OK
INPUT_READ: ridder_freeze_phi = 0 _TRUE_=1 (after class_read_flag)
DEBUG: Ridder field DISABLED. Lambda = 0.000000e+00
INPUT_READ: ridder_freeze_phi = 0 _TRUE_=1 (after class_read_flag)
DEBUG: Ridder field DISABLED. Lambda = 0.000000e+00, model_type not set to unified
BACKGROUND_INIT ENTERED: Lambda=0.00e+00
DEBUG BG_INIT ENTRY: model_type=0
DEBUG AFTER CHECKS: model_type=0 has_ridder=0
RIDDER DEBUG (background_init): has_ridder=0, Lambda_EDE_ridder=0.000000e+00, f_axion_ridder=1.000000e+16, theta_i_ridder=2.500000e+00, beta_ridder=0.000000e+00
BG_INIT: entering background_checks
BG_INIT: background_checks OK
DEBUG SHOOTING CHECK: has_ridder=0, model_type=0 (unified=1), use_shooting_EDE=0
BG_INIT: entering background_solve
BACKGROUND_SOLVE ENTERED: has_ridder=0 Lambda=0.00e+00
ABOUT TO INTEGRATE: bi_size=6 has_ridder=0 Lambda=0.00e+00
BG_INIT: background_solve OK
INPUT_READ: ridder_freeze_phi = 0 _TRUE_=1 (after class_read_flag)
DEBUG: Ridder field DISABLED. Lambda = 0.000000e+00
INPUT_READ: ridder_freeze_phi = 0 _TRUE_=1 (after class_read_flag)
DEBUG: Ridder field DISABLED. Lambda = 0.000000e+00, model_type not set to unified
BACKGROUND_INIT ENTERED: Lambda=0.00e+00
DEBUG BG_INIT ENTRY: model_type=0
DEBUG AFTER CHECKS: model_type=0 has_ridder=0
RIDDER DEBUG (background_init): has_ridder=0, Lambda_EDE_ridder=0.000000e+00, f_axion_ridder=1.000000e+16, theta_i_ridder=2.500000e+00, beta_ridder=0.000000e+00
BG_INIT: entering background_checks
BG_INIT: background_checks OK
DEBUG SHOOTING CHECK: has_ridder=0, model_type=0 (unified=1), use_shooting_EDE=0
BG_INIT: entering background_solve
BACKGROUND_SOLVE ENTERED: has_ridder=0 Lambda=0.00e+00
ABOUT TO INTEGRATE: bi_size=6 has_ridder=0 Lambda=0.00e+00
DERIVS_ENTRY: call#=755000 has_ridder=0 Lambda=0.00e+00 a=6.38e-08
BG_INIT: background_solve OK
INPUT_READ: ridder_freeze_phi = 0 _TRUE_=1 (after class_read_flag)
DEBUG: Ridder field DISABLED. Lambda = 0.000000e+00
INPUT_READ: ridder_freeze_phi = 0 _TRUE_=1 (after class_read_flag)
DEBUG: Ridder field DISABLED. Lambda = 0.000000e+00, model_type not set to unified
BACKGROUND_INIT ENTERED: Lambda=0.00e+00
DEBUG BG_INIT ENTRY: model_type=0
DEBUG AFTER CHECKS: model_type=0 has_ridder=0
RIDDER DEBUG (background_init): has_ridder=0, Lambda_EDE_ridder=0.000000e+00, f_axion_ridder=1.000000e+16, theta_i_ridder=2.500000e+00, beta_ridder=0.000000e+00
BG_INIT: entering background_checks
BG_INIT: background_checks OK
DEBUG SHOOTING CHECK: has_ridder=0, model_type=0 (unified=1), use_shooting_EDE=0
BG_INIT: entering background_solve
BACKGROUND_SOLVE ENTERED: has_ridder=0 Lambda=0.00e+00
ABOUT TO INTEGRATE: bi_size=6 has_ridder=0 Lambda=0.00e+00
DERIVS_ENTRY: call#=760000 has_ridder=0 Lambda=0.00e+00 a=5.90e-02
BG_INIT: background_solve OK
INPUT_READ: ridder_freeze_phi = 0 _TRUE_=1 (after class_read_flag)
DEBUG: Ridder field DISABLED. Lambda = 0.000000e+00
INPUT_[mcmc] Progress @ 2025-11-27 07:45:15 : 1927 steps taken, and 323 accepted.
[mcmc] Progress @ 2025-11-27 07:46:18 : 1929 steps taken, and 323 accepted.
[mcmc] Progress @ 2025-11-27 07:47:27 : 1935 steps taken, and 325 accepted.
[mcmc] Progress @ 2025-11-27 07:48:48 : 1947 steps taken, and 329 accepted.
READ: ridder_freeze_phi = 0 _TRUE_=1 (after class_read_flag)
DEBUG: Ridder field DISABLED. Lambda = 0.000000e+00, model_type not set to unified
BACKGROUND_INIT ENTERED: Lambda=0.00e+00
DEBUG BG_INIT ENTRY: model_type=0
DEBUG AFTER CHECKS: model_type=0 has_ridder=0
RIDDER DEBUG (background_init): has_ridder=0, Lambda_EDE_ridder=0.000000e+00, f_axion_ridder=1.000000e+16, theta_i_ridder=2.500000e+00, beta_ridder=0.000000e+00
BG_INIT: entering background_checks
BG_INIT: background_checks OK
DEBUG SHOOTING CHECK: has_ridder=0, model_type=0 (unified=1), use_shooting_EDE=0
BG_INIT: entering background_solve
BACKGROUND_SOLVE ENTERED: has_ridder=0 Lambda=0.00e+00
ABOUT TO INTEGRATE: bi_size=6 has_ridder=0 Lambda=0.00e+00
BG_INIT: background_solve OK
INPUT_READ: ridder_freeze_phi = 0 _TRUE_=1 (after class_read_flag)
DEBUG: Ridder field DISABLED. Lambda = 0.000000e+00
INPUT_READ: ridder_freeze_phi = 0 _TRUE_=1 (after class_read_flag)
DEBUG: Ridder field DISABLED. Lambda = 0.000000e+00, model_type not set to unified
BACKGROUND_INIT ENTERED: Lambda=0.00e+00
DEBUG BG_INIT ENTRY: model_type=0
DEBUG AFTER CHECKS: model_type=0 has_ridder=0
RIDDER DEBUG (background_init): has_ridder=0, Lambda_EDE_ridder=0.000000e+00, f_axion_ridder=1.000000e+16, theta_i_ridder=2.500000e+00, beta_ridder=0.000000e+00
BG_INIT: entering background_checks
BG_INIT: background_checks OK
DEBUG SHOOTING CHECK: has_ridder=0, model_type=0 (unified=1), use_shooting_EDE=0
BG_INIT: entering background_solve
BACKGROUND_SOLVE ENTERED: has_ridder=0 Lambda=0.00e+00
ABOUT TO INTEGRATE: bi_size=6 has_ridder=0 Lambda=0.00e+00
DERIVS_ENTRY: call#=765000 has_ridder=0 Lambda=0.00e+00 a=9.32e-09
BG_INIT: background_solve OK
INPUT_READ: ridder_freeze_phi = 0 _TRUE_=1 (after class_read_flag)
DEBUG: Ridder field DISABLED. Lambda = 0.000000e+00
INPUT_READ: ridder_freeze_phi = 0 _TRUE_=1 (after class_read_flag)
DEBUG: Ridder field DISABLED. Lambda = 0.000000e+00, model_type not set to unified
BACKGROUND_INIT ENTERED: Lambda=0.00e+00
DEBUG BG_INIT ENTRY: model_type=0
DEBUG AFTER CHECKS: model_type=0 has_ridder=0
RIDDER DEBUG (background_init): has_ridder=0, Lambda_EDE_ridder=0.000000e+00, f_axion_ridder=1.000000e+16, theta_i_ridder=2.500000e+00, beta_ridder=0.000000e+00
BG_INIT: entering background_checks
BG_INIT: background_checks OK
DEBUG SHOOTING CHECK: has_ridder=0, model_type=0 (unified=1), use_shooting_EDE=0
BG_INIT: entering background_solve
BACKGROUND_SOLVE ENTERED: has_ridder=0 Lambda=0.00e+00
ABOUT TO INTEGRATE: bi_size=6 has_ridder=0 Lambda=0.00e+00
DERIVS_ENTRY: call#=770000 has_ridder=0 Lambda=0.00e+00 a=8.50e-04
BG_INIT: background_solve OK
INPUT_READ: ridder_freeze_phi = 0 _TRUE_=1 (after class_read_flag)
DEBUG: Ridder field DISABLED. Lambda = 0.000000e+00
INPUT_READ: ridder_freeze_phi = 0 _TRUE_=1 (after class_read_flag)
DEBUG: Ridder field DISABLED. Lambda = 0.000000e+00, model_type not set to unified
BACKGROUND_INIT ENTERED: Lambda=0.00e+00
DEBUG BG_INIT ENTRY: model_type=0
DEBUG AFTER CHECKS: model_type=0 has_ridder=0
RIDDER DEBUG (background_init): has_ridder=0, Lambda_EDE_ridder=0.000000e+00, f_axion_ridder=1.000000e+16, theta_i_ridder=2.500000e+00, beta_ridder=0.000000e+00
BG_INIT: entering background_checks
BG_INIT: background_checks OK
DEBUG SHOOTING CHECK: has_ridder=0, model_type=0 (unified=1), use_shooting_EDE=0
BG_INIT: entering background_solve
BACKGROUND_SOLVE ENTERED: has_ridder=0 Lambda=0.00e+00
ABOUT TO INTEGRATE: bi_size=6 has_ridder=0 Lambda=0.00e+00
BG_INIT: background_solve OK
INPUT_READ: ridder_freeze_phi = 0 _TRUE_=1 (after class_read_flag)
DEBUG: Ridder field DISABLED. Lambda = 0.000000e+00
INPUT_READ: ridder_freeze_phi = 0 _TRUE_=1 (after class_read_flag)
DEBUG: Ridder field DISABLED. Lambda = 0.000000e+00, model_type not set to unified
BACKGROUND_INIT ENTERED: Lambda=0.00e+00
DEBUG BG_INIT ENTRY: model_type=0
DEBUG AFTER CHECKS: model_type=0 has_ridder=0
RIDDER DEBUG (background_init): has_ridder=0, Lambda_EDE_ridder=0.000000e+00, f_axion_ridder=1.000000e+16, theta_i_ridder=2.500000e+00, beta_ridder=0.000000e+00
BG_INIT: entering background_che[mcmc] Progress @ 2025-11-27 07:50:10 : 1963 steps taken, and 333 accepted.
[mcmc] Progress @ 2025-11-27 07:51:31 : 1980 steps taken, and 337 accepted.
[mcmc] Progress @ 2025-11-27 07:52:36 : 1984 steps taken, and 338 accepted.
[mcmc] Progress @ 2025-11-27 07:54:03 : 1998 steps taken, and 341 accepted.
[mcmc] Progress @ 2025-11-27 07:55:03 : 2002 steps taken, and 343 accepted.
cks
BG_INIT: background_checks OK
DEBUG SHOOTING CHECK: has_ridder=0, model_type=0 (unified=1), use_shooting_EDE=0
BG_INIT: entering background_solve
BACKGROUND_SOLVE ENTERED: has_ridder=0 Lambda=0.00e+00
ABOUT TO INTEGRATE: bi_size=6 has_ridder=0 Lambda=0.00e+00
DERIVS_ENTRY: call#=775000 has_ridder=0 Lambda=0.00e+00 a=1.22e-09
BG_INIT: background_solve OK
INPUT_READ: ridder_freeze_phi = 0 _TRUE_=1 (after class_read_flag)
DEBUG: Ridder field DISABLED. Lambda = 0.000000e+00
INPUT_READ: ridder_freeze_phi = 0 _TRUE_=1 (after class_read_flag)
DEBUG: Ridder field DISABLED. Lambda = 0.000000e+00, model_type not set to unified
BACKGROUND_INIT ENTERED: Lambda=0.00e+00
DEBUG BG_INIT ENTRY: model_type=0
DEBUG AFTER CHECKS: model_type=0 has_ridder=0
RIDDER DEBUG (background_init): has_ridder=0, Lambda_EDE_ridder=0.000000e+00, f_axion_ridder=1.000000e+16, theta_i_ridder=2.500000e+00, beta_ridder=0.000000e+00
BG_INIT: entering background_checks
BG_INIT: background_checks OK
DEBUG SHOOTING CHECK: has_ridder=0, model_type=0 (unified=1), use_shooting_EDE=0
BG_INIT: entering background_solve
BACKGROUND_SOLVE ENTERED: has_ridder=0 Lambda=0.00e+00
ABOUT TO INTEGRATE: bi_size=6 has_ridder=0 Lambda=0.00e+00
DERIVS_ENTRY: call#=780000 has_ridder=0 Lambda=0.00e+00 a=5.74e-05
BG_INIT: background_solve OK
INPUT_READ: ridder_freeze_phi = 0 _TRUE_=1 (after class_read_flag)
DEBUG: Ridder field DISABLED. Lambda = 0.000000e+00
INPUT_READ: ridder_freeze_phi = 0 _TRUE_=1 (after class_read_flag)
DEBUG: Ridder field DISABLED. Lambda = 0.000000e+00, model_type not set to unified
BACKGROUND_INIT ENTERED: Lambda=0.00e+00
DEBUG BG_INIT ENTRY: model_type=0
DEBUG AFTER CHECKS: model_type=0 has_ridder=0
RIDDER DEBUG (background_init): has_ridder=0, Lambda_EDE_ridder=0.000000e+00, f_axion_ridder=1.000000e+16, theta_i_ridder=2.500000e+00, beta_ridder=0.000000e+00
BG_INIT: entering background_checks
BG_INIT: background_checks OK
DEBUG SHOOTING CHECK: has_ridder=0, model_type=0 (unified=1), use_shooting_EDE=0
BG_INIT: entering background_solve
BACKGROUND_SOLVE ENTERED: has_ridder=0 Lambda=0.00e+00
ABOUT TO INTEGRATE: bi_size=6 has_ridder=0 Lambda=0.00e+00
BG_INIT: background_solve OK
INPUT_READ: ridder_freeze_phi = 0 _TRUE_=1 (after class_read_flag)
DEBUG: Ridder field DISABLED. Lambda = 0.000000e+00
INPUT_READ: ridder_freeze_phi = 0 _TRUE_=1 (after class_read_flag)
DEBUG: Ridder field DISABLED. Lambda = 0.000000e+00, model_type not set to unified
BACKGROUND_INIT ENTERED: Lambda=0.00e+00
DEBUG BG_INIT ENTRY: model_type=0
DEBUG AFTER CHECKS: model_type=0 has_ridder=0
RIDDER DEBUG (background_init): has_ridder=0, Lambda_EDE_ridder=0.000000e+00, f_axion_ridder=1.000000e+16, theta_i_ridder=2.500000e+00, beta_ridder=0.000000e+00
BG_INIT: entering background_checks
BG_INIT: background_checks OK
DEBUG SHOOTING CHECK: has_ridder=0, model_type=0 (unified=1), use_shooting_EDE=0
BG_INIT: entering background_solve
BACKGROUND_SOLVE ENTERED: has_ridder=0 Lambda=0.00e+00
ABOUT TO INTEGRATE: bi_size=6 has_ridder=0 Lambda=0.00e+00
DERIVS_ENTRY: call#=785000 has_ridder=0 Lambda=0.00e+00 a=1.78e-10
BG_INIT: background_solve OK
INPUT_READ: ridder_freeze_phi = 0 _TRUE_=1 (after class_read_flag)
DEBUG: Ridder field DISABLED. Lambda = 0.000000e+00
INPUT_READ: ridder_freeze_phi = 0 _TRUE_=1 (after class_read_flag)
DEBUG: Ridder field DISABLED. Lambda = 0.000000e+00, model_type not set to unified
BACKGROUND_INIT ENTERED: Lambda=0.00e+00
DEBUG BG_INIT ENTRY: model_type=0
DEBUG AFTER CHECKS: model_type=0 has_ridder=0
RIDDER DEBUG (background_init): has_ridder=0, Lambda_EDE_ridder=0.000000e+00, f_axion_ridder=1.000000e+16, theta_i_ridder=2.500000e+00, beta_ridder=0.000000e+00
BG_INIT: entering background_checks
BG_INIT: background_checks OK
DEBUG SHOOTING CHECK: has_ridder=0, model_type=0 (unified=1), use_shooting_EDE=0
BG_INIT: entering background_solve
BACKGROUND_SOLVE ENTERED: has_ridder=0 Lambda=0.00e+00
ABOUT TO INTEGRATE: bi_size=6 has_ridder=0 Lambda=0.00e+00
DERIVS_ENTRY: call#=790000 has_ridder=0 Lambda=0.00e+00 a=8.86e-06
BG_INIT: background_solve OK
INPUT_READ: ridder_freeze_phi =[mcmc] Progress @ 2025-11-27 07:56:04 : 2003 steps taken, and 343 accepted.
[mcmc] Progress @ 2025-11-27 07:57:24 : 2017 steps taken, and 346 accepted.
[mcmc] Progress @ 2025-11-27 07:58:41 : 2029 steps taken, and 347 accepted.
[mcmc] Progress @ 2025-11-27 07:59:56 : 2039 steps taken, and 350 accepted.
 0 _TRUE_=1 (after class_read_flag)
DEBUG: Ridder field DISABLED. Lambda = 0.000000e+00
INPUT_READ: ridder_freeze_phi = 0 _TRUE_=1 (after class_read_flag)
DEBUG: Ridder field DISABLED. Lambda = 0.000000e+00, model_type not set to unified
BACKGROUND_INIT ENTERED: Lambda=0.00e+00
DEBUG BG_INIT ENTRY: model_type=0
DEBUG AFTER CHECKS: model_type=0 has_ridder=0
RIDDER DEBUG (background_init): has_ridder=0, Lambda_EDE_ridder=0.000000e+00, f_axion_ridder=1.000000e+16, theta_i_ridder=2.500000e+00, beta_ridder=0.000000e+00
BG_INIT: entering background_checks
BG_INIT: background_checks OK
DEBUG SHOOTING CHECK: has_ridder=0, model_type=0 (unified=1), use_shooting_EDE=0
BG_INIT: entering background_solve
BACKGROUND_SOLVE ENTERED: has_ridder=0 Lambda=0.00e+00
ABOUT TO INTEGRATE: bi_size=6 has_ridder=0 Lambda=0.00e+00
BG_INIT: background_solve OK
INPUT_READ: ridder_freeze_phi = 0 _TRUE_=1 (after class_read_flag)
DEBUG: Ridder field DISABLED. Lambda = 0.000000e+00
INPUT_READ: ridder_freeze_phi = 0 _TRUE_=1 (after class_read_flag)
DEBUG: Ridder field DISABLED. Lambda = 0.000000e+00, model_type not set to unified
BACKGROUND_INIT ENTERED: Lambda=0.00e+00
DEBUG BG_INIT ENTRY: model_type=0
DEBUG AFTER CHECKS: model_type=0 has_ridder=0
RIDDER DEBUG (background_init): has_ridder=0, Lambda_EDE_ridder=0.000000e+00, f_axion_ridder=1.000000e+16, theta_i_ridder=2.500000e+00, beta_ridder=0.000000e+00
BG_INIT: entering background_checks
BG_INIT: background_checks OK
DEBUG SHOOTING CHECK: has_ridder=0, model_type=0 (unified=1), use_shooting_EDE=0
BG_INIT: entering background_solve
BACKGROUND_SOLVE ENTERED: has_ridder=0 Lambda=0.00e+00
ABOUT TO INTEGRATE: bi_size=6 has_ridder=0 Lambda=0.00e+00
DERIVS_ENTRY: call#=795000 has_ridder=0 Lambda=0.00e+00 a=1.24e-11
BG_INIT: background_solve OK
INPUT_READ: ridder_freeze_phi = 0 _TRUE_=1 (after class_read_flag)
DEBUG: Ridder field DISABLED. Lambda = 0.000000e+00
INPUT_READ: ridder_freeze_phi = 0 _TRUE_=1 (after class_read_flag)
DEBUG: Ridder field DISABLED. Lambda = 0.000000e+00, model_type not set to unified
BACKGROUND_INIT ENTERED: Lambda=0.00e+00
DEBUG BG_INIT ENTRY: model_type=0
DEBUG AFTER CHECKS: model_type=0 has_ridder=0
RIDDER DEBUG (background_init): has_ridder=0, Lambda_EDE_ridder=0.000000e+00, f_axion_ridder=1.000000e+16, theta_i_ridder=2.500000e+00, beta_ridder=0.000000e+00
BG_INIT: entering background_checks
BG_INIT: background_checks OK
DEBUG SHOOTING CHECK: has_ridder=0, model_type=0 (unified=1), use_shooting_EDE=0
BG_INIT: entering background_solve
BACKGROUND_SOLVE ENTERED: has_ridder=0 Lambda=0.00e+00
ABOUT TO INTEGRATE: bi_size=6 has_ridder=0 Lambda=0.00e+00
DERIVS_ENTRY: call#=800000 has_ridder=0 Lambda=0.00e+00 a=1.29e-06
BG_INIT: background_solve OK
INPUT_READ: ridder_freeze_phi = 0 _TRUE_=1 (after class_read_flag)
DEBUG: Ridder field DISABLED. Lambda = 0.000000e+00
INPUT_READ: ridder_freeze_phi = 0 _TRUE_=1 (after class_read_flag)
DEBUG: Ridder field DISABLED. Lambda = 0.000000e+00, model_type not set to unified
BACKGROUND_INIT ENTERED: Lambda=0.00e+00
DEBUG BG_INIT ENTRY: model_type=0
DEBUG AFTER CHECKS: model_type=0 has_ridder=0
RIDDER DEBUG (background_init): has_ridder=0, Lambda_EDE_ridder=0.000000e+00, f_axion_ridder=1.000000e+16, theta_i_ridder=2.500000e+00, beta_ridder=0.000000e+00
BG_INIT: entering background_checks
BG_INIT: background_checks OK
DEBUG SHOOTING CHECK: has_ridder=0, model_type=0 (unified=1), use_shooting_EDE=0
BG_INIT: entering background_solve
BACKGROUND_SOLVE ENTERED: has_ridder=0 Lambda=0.00e+00
ABOUT TO INTEGRATE: bi_size=6 has_ridder=0 Lambda=0.00e+00
BG_INIT: background_solve OK
INPUT_READ: ridder_freeze_phi = 0 _TRUE_=1 (after class_read_flag)
DEBUG: Ridder field DISABLED. Lambda = 0.000000e+00
INPUT_READ: ridder_freeze_phi = 0 _TRUE_=1 (after class_read_flag)
DEBUG: Ridder field DISABLED. Lambda = 0.000000e+00, model_type not set to unified
BACKGROUND_INIT ENTERED: Lambda=0.00e+00
DEBUG BG_INIT ENTRY: model_type=0
DEBUG AFTER CHECKS: model_type=0 has_ridder=0
RIDDER DEBUG (background_init): has_ridder=0, Lambda_EDE_ridder=0.000000e+00, f_axion_ridder=1.0000[mcmc] Progress @ 2025-11-27 08:01:18 : 2050 steps taken, and 352 accepted.
[mcmc] Progress @ 2025-11-27 08:02:24 : 2053 steps taken, and 352 accepted.
[mcmc] Progress @ 2025-11-27 08:03:36 : 2063 steps taken, and 354 accepted.
[mcmc] Progress @ 2025-11-27 08:05:14 : 2085 steps taken, and 360 accepted.
00e+16, theta_i_ridder=2.500000e+00, beta_ridder=0.000000e+00
BG_INIT: entering background_checks
BG_INIT: background_checks OK
DEBUG SHOOTING CHECK: has_ridder=0, model_type=0 (unified=1), use_shooting_EDE=0
BG_INIT: entering background_solve
BACKGROUND_SOLVE ENTERED: has_ridder=0 Lambda=0.00e+00
ABOUT TO INTEGRATE: bi_size=6 has_ridder=0 Lambda=0.00e+00
DERIVS_ENTRY: call#=805000 has_ridder=0 Lambda=0.00e+00 a=1.06e-14
BG_INIT: background_solve OK
INPUT_READ: ridder_freeze_phi = 0 _TRUE_=1 (after class_read_flag)
DEBUG: Ridder field DISABLED. Lambda = 0.000000e+00
INPUT_READ: ridder_freeze_phi = 0 _TRUE_=1 (after class_read_flag)
DEBUG: Ridder field DISABLED. Lambda = 0.000000e+00, model_type not set to unified
BACKGROUND_INIT ENTERED: Lambda=0.00e+00
DEBUG BG_INIT ENTRY: model_type=0
DEBUG AFTER CHECKS: model_type=0 has_ridder=0
RIDDER DEBUG (background_init): has_ridder=0, Lambda_EDE_ridder=0.000000e+00, f_axion_ridder=1.000000e+16, theta_i_ridder=2.500000e+00, beta_ridder=0.000000e+00
BG_INIT: entering background_checks
BG_INIT: background_checks OK
DEBUG SHOOTING CHECK: has_ridder=0, model_type=0 (unified=1), use_shooting_EDE=0
BG_INIT: entering background_solve
BACKGROUND_SOLVE ENTERED: has_ridder=0 Lambda=0.00e+00
ABOUT TO INTEGRATE: bi_size=6 has_ridder=0 Lambda=0.00e+00
DERIVS_ENTRY: call#=810000 has_ridder=0 Lambda=0.00e+00 a=1.60e-07
BG_INIT: background_solve OK
INPUT_READ: ridder_freeze_phi = 0 _TRUE_=1 (after class_read_flag)
DEBUG: Ridder field DISABLED. Lambda = 0.000000e+00
INPUT_READ: ridder_freeze_phi = 0 _TRUE_=1 (after class_read_flag)
DEBUG: Ridder field DISABLED. Lambda = 0.000000e+00, model_type not set to unified
BACKGROUND_INIT ENTERED: Lambda=0.00e+00
DEBUG BG_INIT ENTRY: model_type=0
DEBUG AFTER CHECKS: model_type=0 has_ridder=0
RIDDER DEBUG (background_init): has_ridder=0, Lambda_EDE_ridder=0.000000e+00, f_axion_ridder=1.000000e+16, theta_i_ridder=2.500000e+00, beta_ridder=0.000000e+00
BG_INIT: entering background_checks
BG_INIT: background_checks OK
DEBUG SHOOTING CHECK: has_ridder=0, model_type=0 (unified=1), use_shooting_EDE=0
BG_INIT: entering background_solve
BACKGROUND_SOLVE ENTERED: has_ridder=0 Lambda=0.00e+00
ABOUT TO INTEGRATE: bi_size=6 has_ridder=0 Lambda=0.00e+00
DERIVS_ENTRY: call#=815000 has_ridder=0 Lambda=0.00e+00 a=2.21e-01
BG_INIT: background_solve OK
INPUT_READ: ridder_freeze_phi = 0 _TRUE_=1 (after class_read_flag)
DEBUG: Ridder field DISABLED. Lambda = 0.000000e+00
INPUT_READ: ridder_freeze_phi = 0 _TRUE_=1 (after class_read_flag)
DEBUG: Ridder field DISABLED. Lambda = 0.000000e+00, model_type not set to unified
BACKGROUND_INIT ENTERED: Lambda=0.00e+00
DEBUG BG_INIT ENTRY: model_type=0
DEBUG AFTER CHECKS: model_type=0 has_ridder=0
RIDDER DEBUG (background_init): has_ridder=0, Lambda_EDE_ridder=0.000000e+00, f_axion_ridder=1.000000e+16, theta_i_ridder=2.500000e+00, beta_ridder=0.000000e+00
BG_INIT: entering background_checks
BG_INIT: background_checks OK
DEBUG SHOOTING CHECK: has_ridder=0, model_type=0 (unified=1), use_shooting_EDE=0
BG_INIT: entering background_solve
BACKGROUND_SOLVE ENTERED: has_ridder=0 Lambda=0.00e+00
ABOUT TO INTEGRATE: bi_size=6 has_ridder=0 Lambda=0.00e+00
BG_INIT: background_solve OK
INPUT_READ: ridder_freeze_phi = 0 _TRUE_=1 (after class_read_flag)
DEBUG: Ridder field DISABLED. Lambda = 0.000000e+00
INPUT_READ: ridder_freeze_phi = 0 _TRUE_=1 (after class_read_flag)
DEBUG: Ridder field DISABLED. Lambda = 0.000000e+00, model_type not set to unified
BACKGROUND_INIT ENTERED: Lambda=0.00e+00
DEBUG BG_INIT ENTRY: model_type=0
DEBUG AFTER CHECKS: model_type=0 has_ridder=0
RIDDER DEBUG (background_init): has_ridder=0, Lambda_EDE_ridder=0.000000e+00, f_axion_ridder=1.000000e+16, theta_i_ridder=2.500000e+00, beta_ridder=0.000000e+00
BG_INIT: entering background_checks
BG_INIT: background_checks OK
DEBUG SHOOTING CHECK: has_ridder=0, model_type=0 (unified=1), use_shooting_EDE=0
BG_INIT: entering background_solve
BACKGROUND_SOLVE ENTERED: has_ridder=0 Lambda=0.00e+00
ABOUT TO INTEGRATE: bi_size=6 has_ridder=0 Lambda=0.00e+00
DERIVS_ENTRY: call#=820000 has_ri[mcmc] Progress @ 2025-11-27 08:06:22 : 2094 steps taken, and 362 accepted.
[mcmc] Progress @ 2025-11-27 08:07:25 : 2095 steps taken, and 362 accepted.
[mcmc] Progress @ 2025-11-27 08:08:28 : 2097 steps taken, and 362 accepted.
[mcmc] Progress @ 2025-11-27 08:10:25 : 2099 steps taken, and 363 accepted.
dder=0 Lambda=0.00e+00 a=2.07e-08
BG_INIT: background_solve OK
INPUT_READ: ridder_freeze_phi = 0 _TRUE_=1 (after class_read_flag)
DEBUG: Ridder field DISABLED. Lambda = 0.000000e+00
INPUT_READ: ridder_freeze_phi = 0 _TRUE_=1 (after class_read_flag)
DEBUG: Ridder field DISABLED. Lambda = 0.000000e+00, model_type not set to unified
BACKGROUND_INIT ENTERED: Lambda=0.00e+00
DEBUG BG_INIT ENTRY: model_type=0
DEBUG AFTER CHECKS: model_type=0 has_ridder=0
RIDDER DEBUG (background_init): has_ridder=0, Lambda_EDE_ridder=0.000000e+00, f_axion_ridder=1.000000e+16, theta_i_ridder=2.500000e+00, beta_ridder=0.000000e+00
BG_INIT: entering background_checks
BG_INIT: background_checks OK
DEBUG SHOOTING CHECK: has_ridder=0, model_type=0 (unified=1), use_shooting_EDE=0
BG_INIT: entering background_solve
BACKGROUND_SOLVE ENTERED: has_ridder=0 Lambda=0.00e+00
ABOUT TO INTEGRATE: bi_size=6 has_ridder=0 Lambda=0.00e+00
DERIVS_ENTRY: call#=825000 has_ridder=0 Lambda=0.00e+00 a=7.87e-03
BG_INIT: background_solve OK
INPUT_READ: ridder_freeze_phi = 0 _TRUE_=1 (after class_read_flag)
DEBUG: Ridder field DISABLED. Lambda = 0.000000e+00
INPUT_READ: ridder_freeze_phi = 0 _TRUE_=1 (after class_read_flag)
DEBUG: Ridder field DISABLED. Lambda = 0.000000e+00, model_type not set to unified
BACKGROUND_INIT ENTERED: Lambda=0.00e+00
DEBUG BG_INIT ENTRY: model_type=0
DEBUG AFTER CHECKS: model_type=0 has_ridder=0
RIDDER DEBUG (background_init): has_ridder=0, Lambda_EDE_ridder=0.000000e+00, f_axion_ridder=1.000000e+16, theta_i_ridder=2.500000e+00, beta_ridder=0.000000e+00
BG_INIT: entering background_checks
BG_INIT: background_checks OK
DEBUG SHOOTING CHECK: has_ridder=0, model_type=0 (unified=1), use_shooting_EDE=0
BG_INIT: entering background_solve
BACKGROUND_SOLVE ENTERED: has_ridder=0 Lambda=0.00e+00
ABOUT TO INTEGRATE: bi_size=6 has_ridder=0 Lambda=0.00e+00
BG_INIT: background_solve OK
INPUT_READ: ridder_freeze_phi = 0 _TRUE_=1 (after class_read_flag)
DEBUG: Ridder field DISABLED. Lambda = 0.000000e+00
INPUT_READ: ridder_freeze_phi = 0 _TRUE_=1 (after class_read_flag)
DEBUG: Ridder field DISABLED. Lambda = 0.000000e+00, model_type not set to unified
BACKGROUND_INIT ENTERED: Lambda=0.00e+00
DEBUG BG_INIT ENTRY: model_type=0
DEBUG AFTER CHECKS: model_type=0 has_ridder=0
RIDDER DEBUG (background_init): has_ridder=0, Lambda_EDE_ridder=0.000000e+00, f_axion_ridder=1.000000e+16, theta_i_ridder=2.500000e+00, beta_ridder=0.000000e+00
BG_INIT: entering background_checks
BG_INIT: background_checks OK
DEBUG SHOOTING CHECK: has_ridder=0, model_type=0 (unified=1), use_shooting_EDE=0
BG_INIT: entering background_solve
BACKGROUND_SOLVE ENTERED: has_ridder=0 Lambda=0.00e+00
ABOUT TO INTEGRATE: bi_size=6 has_ridder=0 Lambda=0.00e+00
DERIVS_ENTRY: call#=830000 has_ridder=0 Lambda=0.00e+00 a=3.51e-09
BG_INIT: background_solve OK
INPUT_READ: ridder_freeze_phi = 0 _TRUE_=1 (after class_read_flag)
DEBUG: Ridder field DISABLED. Lambda = 0.000000e+00
INPUT_READ: ridder_freeze_phi = 0 _TRUE_=1 (after class_read_flag)
DEBUG: Ridder field DISABLED. Lambda = 0.000000e+00, model_type not set to unified
BACKGROUND_INIT ENTERED: Lambda=0.00e+00
DEBUG BG_INIT ENTRY: model_type=0
DEBUG AFTER CHECKS: model_type=0 has_ridder=0
RIDDER DEBUG (background_init): has_ridder=0, Lambda_EDE_ridder=0.000000e+00, f_axion_ridder=1.000000e+16, theta_i_ridder=2.500000e+00, beta_ridder=0.000000e+00
BG_INIT: entering background_checks
BG_INIT: background_checks OK
DEBUG SHOOTING CHECK: has_ridder=0, model_type=0 (unified=1), use_shooting_EDE=0
BG_INIT: entering background_solve
BACKGROUND_SOLVE ENTERED: has_ridder=0 Lambda=0.00e+00
ABOUT TO INTEGRATE: bi_size=6 has_ridder=0 Lambda=0.00e+00
DERIVS_ENTRY: call#=835000 has_ridder=0 Lambda=0.00e+00 a=1.72e-04
BG_INIT: background_solve OK
INPUT_READ: ridder_freeze_phi = 0 _TRUE_=1 (after class_read_flag)
DEBUG: Ridder field DISABLED. Lambda = 0.000000e+00
INPUT_READ: ridder_freeze_phi = 0 _TRUE_=1 (after class_read_flag)
DEBUG: Ridder field DISABLED. Lambda = 0.000000e+00, model_type not set to unified
BACKGROUND_INIT ENTERED: Lambda=0.00e+00
DEBUG BG_INIT ENTR[mcmc] Progress @ 2025-11-27 08:11:47 : 2119 steps taken, and 365 accepted.
[mcmc] Progress @ 2025-11-27 08:12:50 : 2124 steps taken, and 365 accepted.
[mcmc] Progress @ 2025-11-27 08:14:02 : 2132 steps taken, and 367 accepted.
[mcmc] Progress @ 2025-11-27 08:15:14 : 2139 steps taken, and 369 accepted.
Y: model_type=0
DEBUG AFTER CHECKS: model_type=0 has_ridder=0
RIDDER DEBUG (background_init): has_ridder=0, Lambda_EDE_ridder=0.000000e+00, f_axion_ridder=1.000000e+16, theta_i_ridder=2.500000e+00, beta_ridder=0.000000e+00
BG_INIT: entering background_checks
BG_INIT: background_checks OK
DEBUG SHOOTING CHECK: has_ridder=0, model_type=0 (unified=1), use_shooting_EDE=0
BG_INIT: entering background_solve
BACKGROUND_SOLVE ENTERED: has_ridder=0 Lambda=0.00e+00
ABOUT TO INTEGRATE: bi_size=6 has_ridder=0 Lambda=0.00e+00
BG_INIT: background_solve OK
INPUT_READ: ridder_freeze_phi = 0 _TRUE_=1 (after class_read_flag)
DEBUG: Ridder field DISABLED. Lambda = 0.000000e+00
INPUT_READ: ridder_freeze_phi = 0 _TRUE_=1 (after class_read_flag)
DEBUG: Ridder field DISABLED. Lambda = 0.000000e+00, model_type not set to unified
BACKGROUND_INIT ENTERED: Lambda=0.00e+00
DEBUG BG_INIT ENTRY: model_type=0
DEBUG AFTER CHECKS: model_type=0 has_ridder=0
RIDDER DEBUG (background_init): has_ridder=0, Lambda_EDE_ridder=0.000000e+00, f_axion_ridder=1.000000e+16, theta_i_ridder=2.500000e+00, beta_ridder=0.000000e+00
BG_INIT: entering background_checks
BG_INIT: background_checks OK
DEBUG SHOOTING CHECK: has_ridder=0, model_type=0 (unified=1), use_shooting_EDE=0
BG_INIT: entering background_solve
BACKGROUND_SOLVE ENTERED: has_ridder=0 Lambda=0.00e+00
ABOUT TO INTEGRATE: bi_size=6 has_ridder=0 Lambda=0.00e+00
DERIVS_ENTRY: call#=840000 has_ridder=0 Lambda=0.00e+00 a=5.06e-10
BG_INIT: background_solve OK
INPUT_READ: ridder_freeze_phi = 0 _TRUE_=1 (after class_read_flag)
DEBUG: Ridder field DISABLED. Lambda = 0.000000e+00
INPUT_READ: ridder_freeze_phi = 0 _TRUE_=1 (after class_read_flag)
DEBUG: Ridder field DISABLED. Lambda = 0.000000e+00, model_type not set to unified
BACKGROUND_INIT ENTERED: Lambda=0.00e+00
DEBUG BG_INIT ENTRY: model_type=0
DEBUG AFTER CHECKS: model_type=0 has_ridder=0
RIDDER DEBUG (background_init): has_ridder=0, Lambda_EDE_ridder=0.000000e+00, f_axion_ridder=1.000000e+16, theta_i_ridder=2.500000e+00, beta_ridder=0.000000e+00
BG_INIT: entering background_checks
BG_INIT: background_checks OK
DEBUG SHOOTING CHECK: has_ridder=0, model_type=0 (unified=1), use_shooting_EDE=0
BG_INIT: entering background_solve
BACKGROUND_SOLVE ENTERED: has_ridder=0 Lambda=0.00e+00
ABOUT TO INTEGRATE: bi_size=6 has_ridder=0 Lambda=0.00e+00
DERIVS_ENTRY: call#=845000 has_ridder=0 Lambda=0.00e+00 a=2.52e-05
BG_INIT: background_solve OK
INPUT_READ: ridder_freeze_phi = 0 _TRUE_=1 (after class_read_flag)
DEBUG: Ridder field DISABLED. Lambda = 0.000000e+00
INPUT_READ: ridder_freeze_phi = 0 _TRUE_=1 (after class_read_flag)
DEBUG: Ridder field DISABLED. Lambda = 0.000000e+00, model_type not set to unified
BACKGROUND_INIT ENTERED: Lambda=0.00e+00
DEBUG BG_INIT ENTRY: model_type=0
DEBUG AFTER CHECKS: model_type=0 has_ridder=0
RIDDER DEBUG (background_init): has_ridder=0, Lambda_EDE_ridder=0.000000e+00, f_axion_ridder=1.000000e+16, theta_i_ridder=2.500000e+00, beta_ridder=0.000000e+00
BG_INIT: entering background_checks
BG_INIT: background_checks OK
DEBUG SHOOTING CHECK: has_ridder=0, model_type=0 (unified=1), use_shooting_EDE=0
BG_INIT: entering background_solve
BACKGROUND_SOLVE ENTERED: has_ridder=0 Lambda=0.00e+00
ABOUT TO INTEGRATE: bi_size=6 has_ridder=0 Lambda=0.00e+00
BG_INIT: background_solve OK
INPUT_READ: ridder_freeze_phi = 0 _TRUE_=1 (after class_read_flag)
DEBUG: Ridder field DISABLED. Lambda = 0.000000e+00
INPUT_READ: ridder_freeze_phi = 0 _TRUE_=1 (after class_read_flag)
DEBUG: Ridder field DISABLED. Lambda = 0.000000e+00, model_type not set to unified
BACKGROUND_INIT ENTERED: Lambda=0.00e+00
DEBUG BG_INIT ENTRY: model_type=0
DEBUG AFTER CHECKS: model_type=0 has_ridder=0
RIDDER DEBUG (background_init): has_ridder=0, Lambda_EDE_ridder=0.000000e+00, f_axion_ridder=1.000000e+16, theta_i_ridder=2.500000e+00, beta_ridder=0.000000e+00
BG_INIT: entering background_checks
BG_INIT: background_checks OK
DEBUG SHOOTING CHECK: has_ridder=0, model_type=0 (unified=1), use_shooting_EDE=0
BG_INIT: entering background_solve
BACKGROUND_SOLVE ENTERED: has_ridder=0 Lambda=0.00e+0[mcmc] Progress @ 2025-11-27 08:16:23 : 2154 steps taken, and 371 accepted.
[mcmc] Progress @ 2025-11-27 08:17:46 : 2170 steps taken, and 373 accepted.
[mcmc] Progress @ 2025-11-27 08:18:47 : 2174 steps taken, and 373 accepted.
[mcmc] Progress @ 2025-11-27 08:19:57 : 2189 steps taken, and 376 accepted.
[mcmc] Progress @ 2025-11-27 08:20:58 : 2192 steps taken, and 377 accepted.
0
ABOUT TO INTEGRATE: bi_size=6 has_ridder=0 Lambda=0.00e+00
DERIVS_ENTRY: call#=850000 has_ridder=0 Lambda=0.00e+00 a=8.02e-11
BG_INIT: background_solve OK
INPUT_READ: ridder_freeze_phi = 0 _TRUE_=1 (after class_read_flag)
DEBUG: Ridder field DISABLED. Lambda = 0.000000e+00
INPUT_READ: ridder_freeze_phi = 0 _TRUE_=1 (after class_read_flag)
DEBUG: Ridder field DISABLED. Lambda = 0.000000e+00, model_type not set to unified
BACKGROUND_INIT ENTERED: Lambda=0.00e+00
DEBUG BG_INIT ENTRY: model_type=0
DEBUG AFTER CHECKS: model_type=0 has_ridder=0
RIDDER DEBUG (background_init): has_ridder=0, Lambda_EDE_ridder=0.000000e+00, f_axion_ridder=1.000000e+16, theta_i_ridder=2.500000e+00, beta_ridder=0.000000e+00
BG_INIT: entering background_checks
BG_INIT: background_checks OK
DEBUG SHOOTING CHECK: has_ridder=0, model_type=0 (unified=1), use_shooting_EDE=0
BG_INIT: entering background_solve
BACKGROUND_SOLVE ENTERED: has_ridder=0 Lambda=0.00e+00
ABOUT TO INTEGRATE: bi_size=6 has_ridder=0 Lambda=0.00e+00
DERIVS_ENTRY: call#=855000 has_ridder=0 Lambda=0.00e+00 a=3.83e-06
BG_INIT: background_solve OK
INPUT_READ: ridder_freeze_phi = 0 _TRUE_=1 (after class_read_flag)
DEBUG: Ridder field DISABLED. Lambda = 0.000000e+00
INPUT_READ: ridder_freeze_phi = 0 _TRUE_=1 (after class_read_flag)
DEBUG: Ridder field DISABLED. Lambda = 0.000000e+00, model_type not set to unified
BACKGROUND_INIT ENTERED: Lambda=0.00e+00
DEBUG BG_INIT ENTRY: model_type=0
DEBUG AFTER CHECKS: model_type=0 has_ridder=0
RIDDER DEBUG (background_init): has_ridder=0, Lambda_EDE_ridder=0.000000e+00, f_axion_ridder=1.000000e+16, theta_i_ridder=2.500000e+00, beta_ridder=0.000000e+00
BG_INIT: entering background_checks
BG_INIT: background_checks OK
DEBUG SHOOTING CHECK: has_ridder=0, model_type=0 (unified=1), use_shooting_EDE=0
BG_INIT: entering background_solve
BACKGROUND_SOLVE ENTERED: has_ridder=0 Lambda=0.00e+00
ABOUT TO INTEGRATE: bi_size=6 has_ridder=0 Lambda=0.00e+00
BG_INIT: background_solve OK
INPUT_READ: ridder_freeze_phi = 0 _TRUE_=1 (after class_read_flag)
DEBUG: Ridder field DISABLED. Lambda = 0.000000e+00
INPUT_READ: ridder_freeze_phi = 0 _TRUE_=1 (after class_read_flag)
DEBUG: Ridder field DISABLED. Lambda = 0.000000e+00, model_type not set to unified
BACKGROUND_INIT ENTERED: Lambda=0.00e+00
DEBUG BG_INIT ENTRY: model_type=0
DEBUG AFTER CHECKS: model_type=0 has_ridder=0
RIDDER DEBUG (background_init): has_ridder=0, Lambda_EDE_ridder=0.000000e+00, f_axion_ridder=1.000000e+16, theta_i_ridder=2.500000e+00, beta_ridder=0.000000e+00
BG_INIT: entering background_checks
BG_INIT: background_checks OK
DEBUG SHOOTING CHECK: has_ridder=0, model_type=0 (unified=1), use_shooting_EDE=0
BG_INIT: entering background_solve
BACKGROUND_SOLVE ENTERED: has_ridder=0 Lambda=0.00e+00
ABOUT TO INTEGRATE: bi_size=6 has_ridder=0 Lambda=0.00e+00
DERIVS_ENTRY: call#=860000 has_ridder=0 Lambda=0.00e+00 a=5.59e-13
BG_INIT: background_solve OK
INPUT_READ: ridder_freeze_phi = 0 _TRUE_=1 (after class_read_flag)
DEBUG: Ridder field DISABLED. Lambda = 0.000000e+00
INPUT_READ: ridder_freeze_phi = 0 _TRUE_=1 (after class_read_flag)
DEBUG: Ridder field DISABLED. Lambda = 0.000000e+00, model_type not set to unified
BACKGROUND_INIT ENTERED: Lambda=0.00e+00
DEBUG BG_INIT ENTRY: model_type=0
DEBUG AFTER CHECKS: model_type=0 has_ridder=0
RIDDER DEBUG (background_init): has_ridder=0, Lambda_EDE_ridder=0.000000e+00, f_axion_ridder=1.000000e+16, theta_i_ridder=2.500000e+00, beta_ridder=0.000000e+00
BG_INIT: entering background_checks
BG_INIT: background_checks OK
DEBUG SHOOTING CHECK: has_ridder=0, model_type=0 (unified=1), use_shooting_EDE=0
BG_INIT: entering background_solve
BACKGROUND_SOLVE ENTERED: has_ridder=0 Lambda=0.00e+00
ABOUT TO INTEGRATE: bi_size=6 has_ridder=0 Lambda=0.00e+00
DERIVS_ENTRY: call#=865000 has_ridder=0 Lambda=0.00e+00 a=5.67e-07
BG_INIT: background_solve OK
INPUT_READ: ridder_freeze_phi = 0 _TRUE_=1 (after class_read_flag)
DEBUG: Ridder field DISABLED. Lambda = 0.000000e+00
INPUT_READ: ridder_freeze_phi = 0 _TRUE_=1 (after class_read_flag)
DEBUG: Ridder field DISABLED. Lambda = 0.000000e[mcmc] Progress @ 2025-11-27 08:22:09 : 2200 steps taken, and 378 accepted.
[mcmc] Progress @ 2025-11-27 08:23:11 : 2203 steps taken, and 379 accepted.
[mcmc] Progress @ 2025-11-27 08:24:12 : 2207 steps taken, and 379 accepted.
[mcmc] Progress @ 2025-11-27 08:25:20 : 2215 steps taken, and 381 accepted.
+00, model_type not set to unified
BACKGROUND_INIT ENTERED: Lambda=0.00e+00
DEBUG BG_INIT ENTRY: model_type=0
DEBUG AFTER CHECKS: model_type=0 has_ridder=0
RIDDER DEBUG (background_init): has_ridder=0, Lambda_EDE_ridder=0.000000e+00, f_axion_ridder=1.000000e+16, theta_i_ridder=2.500000e+00, beta_ridder=0.000000e+00
BG_INIT: entering background_checks
BG_INIT: background_checks OK
DEBUG SHOOTING CHECK: has_ridder=0, model_type=0 (unified=1), use_shooting_EDE=0
BG_INIT: entering background_solve
BACKGROUND_SOLVE ENTERED: has_ridder=0 Lambda=0.00e+00
ABOUT TO INTEGRATE: bi_size=6 has_ridder=0 Lambda=0.00e+00
DERIVS_ENTRY: call#=870000 has_ridder=0 Lambda=0.00e+00 a=7.57e-01
BG_INIT: background_solve OK
INPUT_READ: ridder_freeze_phi = 0 _TRUE_=1 (after class_read_flag)
DEBUG: Ridder field DISABLED. Lambda = 0.000000e+00
INPUT_READ: ridder_freeze_phi = 0 _TRUE_=1 (after class_read_flag)
DEBUG: Ridder field DISABLED. Lambda = 0.000000e+00, model_type not set to unified
BACKGROUND_INIT ENTERED: Lambda=0.00e+00
DEBUG BG_INIT ENTRY: model_type=0
DEBUG AFTER CHECKS: model_type=0 has_ridder=0
RIDDER DEBUG (background_init): has_ridder=0, Lambda_EDE_ridder=0.000000e+00, f_axion_ridder=1.000000e+16, theta_i_ridder=2.500000e+00, beta_ridder=0.000000e+00
BG_INIT: entering background_checks
BG_INIT: background_checks OK
DEBUG SHOOTING CHECK: has_ridder=0, model_type=0 (unified=1), use_shooting_EDE=0
BG_INIT: entering background_solve
BACKGROUND_SOLVE ENTERED: has_ridder=0 Lambda=0.00e+00
ABOUT TO INTEGRATE: bi_size=6 has_ridder=0 Lambda=0.00e+00
BG_INIT: background_solve OK
INPUT_READ: ridder_freeze_phi = 0 _TRUE_=1 (after class_read_flag)
DEBUG: Ridder field DISABLED. Lambda = 0.000000e+00
INPUT_READ: ridder_freeze_phi = 0 _TRUE_=1 (after class_read_flag)
DEBUG: Ridder field DISABLED. Lambda = 0.000000e+00, model_type not set to unified
BACKGROUND_INIT ENTERED: Lambda=0.00e+00
DEBUG BG_INIT ENTRY: model_type=0
DEBUG AFTER CHECKS: model_type=0 has_ridder=0
RIDDER DEBUG (background_init): has_ridder=0, Lambda_EDE_ridder=0.000000e+00, f_axion_ridder=1.000000e+16, theta_i_ridder=2.500000e+00, beta_ridder=0.000000e+00
BG_INIT: entering background_checks
BG_INIT: background_checks OK
DEBUG SHOOTING CHECK: has_ridder=0, model_type=0 (unified=1), use_shooting_EDE=0
BG_INIT: entering background_solve
BACKGROUND_SOLVE ENTERED: has_ridder=0 Lambda=0.00e+00
ABOUT TO INTEGRATE: bi_size=6 has_ridder=0 Lambda=0.00e+00
DERIVS_ENTRY: call#=875000 has_ridder=0 Lambda=0.00e+00 a=8.17e-08
BG_INIT: background_solve OK
INPUT_READ: ridder_freeze_phi = 0 _TRUE_=1 (after class_read_flag)
DEBUG: Ridder field DISABLED. Lambda = 0.000000e+00
INPUT_READ: ridder_freeze_phi = 0 _TRUE_=1 (after class_read_flag)
DEBUG: Ridder field DISABLED. Lambda = 0.000000e+00, model_type not set to unified
BACKGROUND_INIT ENTERED: Lambda=0.00e+00
DEBUG BG_INIT ENTRY: model_type=0
DEBUG AFTER CHECKS: model_type=0 has_ridder=0
RIDDER DEBUG (background_init): has_ridder=0, Lambda_EDE_ridder=0.000000e+00, f_axion_ridder=1.000000e+16, theta_i_ridder=2.500000e+00, beta_ridder=0.000000e+00
BG_INIT: entering background_checks
BG_INIT: background_checks OK
DEBUG SHOOTING CHECK: has_ridder=0, model_type=0 (unified=1), use_shooting_EDE=0
BG_INIT: entering background_solve
BACKGROUND_SOLVE ENTERED: has_ridder=0 Lambda=0.00e+00
ABOUT TO INTEGRATE: bi_size=6 has_ridder=0 Lambda=0.00e+00
DERIVS_ENTRY: call#=880000 has_ridder=0 Lambda=0.00e+00 a=9.37e-02
BG_INIT: background_solve OK
INPUT_READ: ridder_freeze_phi = 0 _TRUE_=1 (after class_read_flag)
DEBUG: Ridder field DISABLED. Lambda = 0.000000e+00
INPUT_READ: ridder_freeze_phi = 0 _TRUE_=1 (after class_read_flag)
DEBUG: Ridder field DISABLED. Lambda = 0.000000e+00, model_type not set to unified
BACKGROUND_INIT ENTERED: Lambda=0.00e+00
DEBUG BG_INIT ENTRY: model_type=0
DEBUG AFTER CHECKS: model_type=0 has_ridder=0
RIDDER DEBUG (background_init): has_ridder=0, Lambda_EDE_ridder=0.000000e+00, f_axion_ridder=1.000000e+16, theta_i_ridder=2.500000e+00, beta_ridder=0.000000e+00
BG_INIT: entering background_checks
BG_INIT: background_checks OK
DEBUG SH[mcmc] Progress @ 2025-11-27 08:26:30 : 2220 steps taken, and 383 accepted.
[mcmc] Progress @ 2025-11-27 08:27:30 : 2222 steps taken, and 383 accepted.
[mcmc] Progress @ 2025-11-27 08:28:49 : 2241 steps taken, and 386 accepted.
[mcmc] Progress @ 2025-11-27 08:29:49 : 2242 steps taken, and 386 accepted.
[mcmc] Progress @ 2025-11-27 08:31:23 : 2263 steps taken, and 389 accepted.
OOTING CHECK: has_ridder=0, model_type=0 (unified=1), use_shooting_EDE=0
BG_INIT: entering background_solve
BACKGROUND_SOLVE ENTERED: has_ridder=0 Lambda=0.00e+00
ABOUT TO INTEGRATE: bi_size=6 has_ridder=0 Lambda=0.00e+00
BG_INIT: background_solve OK
INPUT_READ: ridder_freeze_phi = 0 _TRUE_=1 (after class_read_flag)
DEBUG: Ridder field DISABLED. Lambda = 0.000000e+00
INPUT_READ: ridder_freeze_phi = 0 _TRUE_=1 (after class_read_flag)
DEBUG: Ridder field DISABLED. Lambda = 0.000000e+00, model_type not set to unified
BACKGROUND_INIT ENTERED: Lambda=0.00e+00
DEBUG BG_INIT ENTRY: model_type=0
DEBUG AFTER CHECKS: model_type=0 has_ridder=0
RIDDER DEBUG (background_init): has_ridder=0, Lambda_EDE_ridder=0.000000e+00, f_axion_ridder=1.000000e+16, theta_i_ridder=2.500000e+00, beta_ridder=0.000000e+00
BG_INIT: entering background_checks
BG_INIT: background_checks OK
DEBUG SHOOTING CHECK: has_ridder=0, model_type=0 (unified=1), use_shooting_EDE=0
BG_INIT: entering background_solve
BACKGROUND_SOLVE ENTERED: has_ridder=0 Lambda=0.00e+00
ABOUT TO INTEGRATE: bi_size=6 has_ridder=0 Lambda=0.00e+00
DERIVS_ENTRY: call#=885000 has_ridder=0 Lambda=0.00e+00 a=1.23e-08
BG_INIT: background_solve OK
INPUT_READ: ridder_freeze_phi = 0 _TRUE_=1 (after class_read_flag)
DEBUG: Ridder field DISABLED. Lambda = 0.000000e+00
INPUT_READ: ridder_freeze_phi = 0 _TRUE_=1 (after class_read_flag)
DEBUG: Ridder field DISABLED. Lambda = 0.000000e+00, model_type not set to unified
BACKGROUND_INIT ENTERED: Lambda=0.00e+00
DEBUG BG_INIT ENTRY: model_type=0
DEBUG AFTER CHECKS: model_type=0 has_ridder=0
RIDDER DEBUG (background_init): has_ridder=0, Lambda_EDE_ridder=0.000000e+00, f_axion_ridder=1.000000e+16, theta_i_ridder=2.500000e+00, beta_ridder=0.000000e+00
BG_INIT: entering background_checks
BG_INIT: background_checks OK
DEBUG SHOOTING CHECK: has_ridder=0, model_type=0 (unified=1), use_shooting_EDE=0
BG_INIT: entering background_solve
BACKGROUND_SOLVE ENTERED: has_ridder=0 Lambda=0.00e+00
ABOUT TO INTEGRATE: bi_size=6 has_ridder=0 Lambda=0.00e+00
DERIVS_ENTRY: call#=890000 has_ridder=0 Lambda=0.00e+00 a=1.43e-03
BG_INIT: background_solve OK
INPUT_READ: ridder_freeze_phi = 0 _TRUE_=1 (after class_read_flag)
DEBUG: Ridder field DISABLED. Lambda = 0.000000e+00
INPUT_READ: ridder_freeze_phi = 0 _TRUE_=1 (after class_read_flag)
DEBUG: Ridder field DISABLED. Lambda = 0.000000e+00, model_type not set to unified
BACKGROUND_INIT ENTERED: Lambda=0.00e+00
DEBUG BG_INIT ENTRY: model_type=0
DEBUG AFTER CHECKS: model_type=0 has_ridder=0
RIDDER DEBUG (background_init): has_ridder=0, Lambda_EDE_ridder=0.000000e+00, f_axion_ridder=1.000000e+16, theta_i_ridder=2.500000e+00, beta_ridder=0.000000e+00
BG_INIT: entering background_checks
BG_INIT: background_checks OK
DEBUG SHOOTING CHECK: has_ridder=0, model_type=0 (unified=1), use_shooting_EDE=0
BG_INIT: entering background_solve
BACKGROUND_SOLVE ENTERED: has_ridder=0 Lambda=0.00e+00
ABOUT TO INTEGRATE: bi_size=6 has_ridder=0 Lambda=0.00e+00
BG_INIT: background_solve OK
INPUT_READ: ridder_freeze_phi = 0 _TRUE_=1 (after class_read_flag)
DEBUG: Ridder field DISABLED. Lambda = 0.000000e+00
INPUT_READ: ridder_freeze_phi = 0 _TRUE_=1 (after class_read_flag)
DEBUG: Ridder field DISABLED. Lambda = 0.000000e+00, model_type not set to unified
BACKGROUND_INIT ENTERED: Lambda=0.00e+00
DEBUG BG_INIT ENTRY: model_type=0
DEBUG AFTER CHECKS: model_type=0 has_ridder=0
RIDDER DEBUG (background_init): has_ridder=0, Lambda_EDE_ridder=0.000000e+00, f_axion_ridder=1.000000e+16, theta_i_ridder=2.500000e+00, beta_ridder=0.000000e+00
BG_INIT: entering background_checks
BG_INIT: background_checks OK
DEBUG SHOOTING CHECK: has_ridder=0, model_type=0 (unified=1), use_shooting_EDE=0
BG_INIT: entering background_solve
BACKGROUND_SOLVE ENTERED: has_ridder=0 Lambda=0.00e+00
ABOUT TO INTEGRATE: bi_size=6 has_ridder=0 Lambda=0.00e+00
DERIVS_ENTRY: call#=895000 has_ridder=0 Lambda=0.00e+00 a=1.63e-09
BG_INIT: background_solve OK
INPUT_READ: ridder_freeze_phi = 0 _TRUE_=1 (after class_read_flag)
DEBUG: Ridder field DISABLED. Lambda = 0.000000e+00
INPUT_READ: ridder_fr[mcmc] Progress @ 2025-11-27 08:32:46 : 2277 steps taken, and 393 accepted.
[mcmc] Progress @ 2025-11-27 08:33:51 : 2282 steps taken, and 394 accepted.
[mcmc] Progress @ 2025-11-27 08:34:58 : 2287 steps taken, and 396 accepted.
[mcmc] Progress @ 2025-11-27 08:36:03 : 2290 steps taken, and 396 accepted.
eeze_phi = 0 _TRUE_=1 (after class_read_flag)
DEBUG: Ridder field DISABLED. Lambda = 0.000000e+00, model_type not set to unified
BACKGROUND_INIT ENTERED: Lambda=0.00e+00
DEBUG BG_INIT ENTRY: model_type=0
DEBUG AFTER CHECKS: model_type=0 has_ridder=0
RIDDER DEBUG (background_init): has_ridder=0, Lambda_EDE_ridder=0.000000e+00, f_axion_ridder=1.000000e+16, theta_i_ridder=2.500000e+00, beta_ridder=0.000000e+00
BG_INIT: entering background_checks
BG_INIT: background_checks OK
DEBUG SHOOTING CHECK: has_ridder=0, model_type=0 (unified=1), use_shooting_EDE=0
BG_INIT: entering background_solve
BACKGROUND_SOLVE ENTERED: has_ridder=0 Lambda=0.00e+00
ABOUT TO INTEGRATE: bi_size=6 has_ridder=0 Lambda=0.00e+00
DERIVS_ENTRY: call#=900000 has_ridder=0 Lambda=0.00e+00 a=7.87e-05
BG_INIT: background_solve OK
INPUT_READ: ridder_freeze_phi = 0 _TRUE_=1 (after class_read_flag)
DEBUG: Ridder field DISABLED. Lambda = 0.000000e+00
INPUT_READ: ridder_freeze_phi = 0 _TRUE_=1 (after class_read_flag)
DEBUG: Ridder field DISABLED. Lambda = 0.000000e+00, model_type not set to unified
BACKGROUND_INIT ENTERED: Lambda=0.00e+00
DEBUG BG_INIT ENTRY: model_type=0
DEBUG AFTER CHECKS: model_type=0 has_ridder=0
RIDDER DEBUG (background_init): has_ridder=0, Lambda_EDE_ridder=0.000000e+00, f_axion_ridder=1.000000e+16, theta_i_ridder=2.500000e+00, beta_ridder=0.000000e+00
BG_INIT: entering background_checks
BG_INIT: background_checks OK
DEBUG SHOOTING CHECK: has_ridder=0, model_type=0 (unified=1), use_shooting_EDE=0
BG_INIT: entering background_solve
BACKGROUND_SOLVE ENTERED: has_ridder=0 Lambda=0.00e+00
ABOUT TO INTEGRATE: bi_size=6 has_ridder=0 Lambda=0.00e+00
BG_INIT: background_solve OK
INPUT_READ: ridder_freeze_phi = 0 _TRUE_=1 (after class_read_flag)
DEBUG: Ridder field DISABLED. Lambda = 0.000000e+00
INPUT_READ: ridder_freeze_phi = 0 _TRUE_=1 (after class_read_flag)
DEBUG: Ridder field DISABLED. Lambda = 0.000000e+00, model_type not set to unified
BACKGROUND_INIT ENTERED: Lambda=0.00e+00
DEBUG BG_INIT ENTRY: model_type=0
DEBUG AFTER CHECKS: model_type=0 has_ridder=0
RIDDER DEBUG (background_init): has_ridder=0, Lambda_EDE_ridder=0.000000e+00, f_axion_ridder=1.000000e+16, theta_i_ridder=2.500000e+00, beta_ridder=0.000000e+00
BG_INIT: entering background_checks
BG_INIT: background_checks OK
DEBUG SHOOTING CHECK: has_ridder=0, model_type=0 (unified=1), use_shooting_EDE=0
BG_INIT: entering background_solve
BACKGROUND_SOLVE ENTERED: has_ridder=0 Lambda=0.00e+00
ABOUT TO INTEGRATE: bi_size=6 has_ridder=0 Lambda=0.00e+00
DERIVS_ENTRY: call#=905000 has_ridder=0 Lambda=0.00e+00 a=2.44e-10
BG_INIT: background_solve OK
INPUT_READ: ridder_freeze_phi = 0 _TRUE_=1 (after class_read_flag)
DEBUG: Ridder field DISABLED. Lambda = 0.000000e+00
INPUT_READ: ridder_freeze_phi = 0 _TRUE_=1 (after class_read_flag)
DEBUG: Ridder field DISABLED. Lambda = 0.000000e+00, model_type not set to unified
BACKGROUND_INIT ENTERED: Lambda=0.00e+00
DEBUG BG_INIT ENTRY: model_type=0
DEBUG AFTER CHECKS: model_type=0 has_ridder=0
RIDDER DEBUG (background_init): has_ridder=0, Lambda_EDE_ridder=0.000000e+00, f_axion_ridder=1.000000e+16, theta_i_ridder=2.500000e+00, beta_ridder=0.000000e+00
BG_INIT: entering background_checks
BG_INIT: background_checks OK
DEBUG SHOOTING CHECK: has_ridder=0, model_type=0 (unified=1), use_shooting_EDE=0
BG_INIT: entering background_solve
BACKGROUND_SOLVE ENTERED: has_ridder=0 Lambda=0.00e+00
ABOUT TO INTEGRATE: bi_size=6 has_ridder=0 Lambda=0.00e+00
DERIVS_ENTRY: call#=910000 has_ridder=0 Lambda=0.00e+00 a=1.18e-05
BG_INIT: background_solve OK
INPUT_READ: ridder_freeze_phi = 0 _TRUE_=1 (after class_read_flag)
DEBUG: Ridder field DISABLED. Lambda = 0.000000e+00
INPUT_READ: ridder_freeze_phi = 0 _TRUE_=1 (after class_read_flag)
DEBUG: Ridder field DISABLED. Lambda = 0.000000e+00, model_type not set to unified
BACKGROUND_INIT ENTERED: Lambda=0.00e+00
DEBUG BG_INIT ENTRY: model_type=0
DEBUG AFTER CHECKS: model_type=0 has_ridder=0
RIDDER DEBUG (background_init): has_ridder=0, Lambda_EDE_ridder=0.000000e+00, f_axion_ridder=1.000000e+16, theta_i_ridder=2.500000e+00, beta_[mcmc] Progress @ 2025-11-27 08:37:32 : 2302 steps taken, and 398 accepted.
[mcmc] Progress @ 2025-11-27 08:38:38 : 2306 steps taken, and 400 accepted.
[mcmc] Progress @ 2025-11-27 08:39:49 : 2313 steps taken, and 401 accepted.
[mcmc] Progress @ 2025-11-27 08:41:17 : 2338 steps taken, and 405 accepted.
[mcmc] Progress @ 2025-11-27 08:42:27 : 2346 steps taken, and 405 accepted.
ridder=0.000000e+00
BG_INIT: entering background_checks
BG_INIT: background_checks OK
DEBUG SHOOTING CHECK: has_ridder=0, model_type=0 (unified=1), use_shooting_EDE=0
BG_INIT: entering background_solve
BACKGROUND_SOLVE ENTERED: has_ridder=0 Lambda=0.00e+00
ABOUT TO INTEGRATE: bi_size=6 has_ridder=0 Lambda=0.00e+00
BG_INIT: background_solve OK
INPUT_READ: ridder_freeze_phi = 0 _TRUE_=1 (after class_read_flag)
DEBUG: Ridder field DISABLED. Lambda = 0.000000e+00
INPUT_READ: ridder_freeze_phi = 0 _TRUE_=1 (after class_read_flag)
DEBUG: Ridder field DISABLED. Lambda = 0.000000e+00, model_type not set to unified
BACKGROUND_INIT ENTERED: Lambda=0.00e+00
DEBUG BG_INIT ENTRY: model_type=0
DEBUG AFTER CHECKS: model_type=0 has_ridder=0
RIDDER DEBUG (background_init): has_ridder=0, Lambda_EDE_ridder=0.000000e+00, f_axion_ridder=1.000000e+16, theta_i_ridder=2.500000e+00, beta_ridder=0.000000e+00
BG_INIT: entering background_checks
BG_INIT: background_checks OK
DEBUG SHOOTING CHECK: has_ridder=0, model_type=0 (unified=1), use_shooting_EDE=0
BG_INIT: entering background_solve
BACKGROUND_SOLVE ENTERED: has_ridder=0 Lambda=0.00e+00
ABOUT TO INTEGRATE: bi_size=6 has_ridder=0 Lambda=0.00e+00
DERIVS_ENTRY: call#=915000 has_ridder=0 Lambda=0.00e+00 a=1.99e-11
BG_INIT: background_solve OK
INPUT_READ: ridder_freeze_phi = 0 _TRUE_=1 (after class_read_flag)
DEBUG: Ridder field DISABLED. Lambda = 0.000000e+00
INPUT_READ: ridder_freeze_phi = 0 _TRUE_=1 (after class_read_flag)
DEBUG: Ridder field DISABLED. Lambda = 0.000000e+00, model_type not set to unified
BACKGROUND_INIT ENTERED: Lambda=0.00e+00
DEBUG BG_INIT ENTRY: model_type=0
DEBUG AFTER CHECKS: model_type=0 has_ridder=0
RIDDER DEBUG (background_init): has_ridder=0, Lambda_EDE_ridder=0.000000e+00, f_axion_ridder=1.000000e+16, theta_i_ridder=2.500000e+00, beta_ridder=0.000000e+00
BG_INIT: entering background_checks
BG_INIT: background_checks OK
DEBUG SHOOTING CHECK: has_ridder=0, model_type=0 (unified=1), use_shooting_EDE=0
BG_INIT: entering background_solve
BACKGROUND_SOLVE ENTERED: has_ridder=0 Lambda=0.00e+00
ABOUT TO INTEGRATE: bi_size=6 has_ridder=0 Lambda=0.00e+00
DERIVS_ENTRY: call#=920000 has_ridder=0 Lambda=0.00e+00 a=1.70e-06
BG_INIT: background_solve OK
INPUT_READ: ridder_freeze_phi = 0 _TRUE_=1 (after class_read_flag)
DEBUG: Ridder field DISABLED. Lambda = 0.000000e+00
INPUT_READ: ridder_freeze_phi = 0 _TRUE_=1 (after class_read_flag)
DEBUG: Ridder field DISABLED. Lambda = 0.000000e+00, model_type not set to unified
BACKGROUND_INIT ENTERED: Lambda=0.00e+00
DEBUG BG_INIT ENTRY: model_type=0
DEBUG AFTER CHECKS: model_type=0 has_ridder=0
RIDDER DEBUG (background_init): has_ridder=0, Lambda_EDE_ridder=0.000000e+00, f_axion_ridder=1.000000e+16, theta_i_ridder=2.500000e+00, beta_ridder=0.000000e+00
BG_INIT: entering background_checks
BG_INIT: background_checks OK
DEBUG SHOOTING CHECK: has_ridder=0, model_type=0 (unified=1), use_shooting_EDE=0
BG_INIT: entering background_solve
BACKGROUND_SOLVE ENTERED: has_ridder=0 Lambda=0.00e+00
ABOUT TO INTEGRATE: bi_size=6 has_ridder=0 Lambda=0.00e+00
BG_INIT: background_solve OK
INPUT_READ: ridder_freeze_phi = 0 _TRUE_=1 (after class_read_flag)
DEBUG: Ridder field DISABLED. Lambda = 0.000000e+00
INPUT_READ: ridder_freeze_phi = 0 _TRUE_=1 (after class_read_flag)
DEBUG: Ridder field DISABLED. Lambda = 0.000000e+00, model_type not set to unified
BACKGROUND_INIT ENTERED: Lambda=0.00e+00
DEBUG BG_INIT ENTRY: model_type=0
DEBUG AFTER CHECKS: model_type=0 has_ridder=0
RIDDER DEBUG (background_init): has_ridder=0, Lambda_EDE_ridder=0.000000e+00, f_axion_ridder=1.000000e+16, theta_i_ridder=2.500000e+00, beta_ridder=0.000000e+00
BG_INIT: entering background_checks
BG_INIT: background_checks OK
DEBUG SHOOTING CHECK: has_ridder=0, model_type=0 (unified=1), use_shooting_EDE=0
BG_INIT: entering background_solve
BACKGROUND_SOLVE ENTERED: has_ridder=0 Lambda=0.00e+00
ABOUT TO INTEGRATE: bi_size=6 has_ridder=0 Lambda=0.00e+00
DERIVS_ENTRY: call#=925000 has_ridder=0 Lambda=0.00e+00 a=3.21e-14
BG_INIT: background_solve OK
INPUT_READ: ridder_freeze_phi = 0 _TRUE_=1 (af[mcmc] Progress @ 2025-11-27 08:43:27 : 2349 steps taken, and 405 accepted.
[mcmc] Progress @ 2025-11-27 08:44:41 : 2358 steps taken, and 406 accepted.
[mcmc] Progress @ 2025-11-27 08:45:47 : 2362 steps taken, and 406 accepted.
[mcmc] Progress @ 2025-11-27 08:47:08 : 2374 steps taken, and 409 accepted.
ter class_read_flag)
DEBUG: Ridder field DISABLED. Lambda = 0.000000e+00
INPUT_READ: ridder_freeze_phi = 0 _TRUE_=1 (after class_read_flag)
DEBUG: Ridder field DISABLED. Lambda = 0.000000e+00, model_type not set to unified
BACKGROUND_INIT ENTERED: Lambda=0.00e+00
DEBUG BG_INIT ENTRY: model_type=0
DEBUG AFTER CHECKS: model_type=0 has_ridder=0
RIDDER DEBUG (background_init): has_ridder=0, Lambda_EDE_ridder=0.000000e+00, f_axion_ridder=1.000000e+16, theta_i_ridder=2.500000e+00, beta_ridder=0.000000e+00
BG_INIT: entering background_checks
BG_INIT: background_checks OK
DEBUG SHOOTING CHECK: has_ridder=0, model_type=0 (unified=1), use_shooting_EDE=0
BG_INIT: entering background_solve
BACKGROUND_SOLVE ENTERED: has_ridder=0 Lambda=0.00e+00
ABOUT TO INTEGRATE: bi_size=6 has_ridder=0 Lambda=0.00e+00
DERIVS_ENTRY: call#=930000 has_ridder=0 Lambda=0.00e+00 a=2.39e-07
BG_INIT: background_solve OK
INPUT_READ: ridder_freeze_phi = 0 _TRUE_=1 (after class_read_flag)
DEBUG: Ridder field DISABLED. Lambda = 0.000000e+00
INPUT_READ: ridder_freeze_phi = 0 _TRUE_=1 (after class_read_flag)
DEBUG: Ridder field DISABLED. Lambda = 0.000000e+00, model_type not set to unified
BACKGROUND_INIT ENTERED: Lambda=0.00e+00
DEBUG BG_INIT ENTRY: model_type=0
DEBUG AFTER CHECKS: model_type=0 has_ridder=0
RIDDER DEBUG (background_init): has_ridder=0, Lambda_EDE_ridder=0.000000e+00, f_axion_ridder=1.000000e+16, theta_i_ridder=2.500000e+00, beta_ridder=0.000000e+00
BG_INIT: entering background_checks
BG_INIT: background_checks OK
DEBUG SHOOTING CHECK: has_ridder=0, model_type=0 (unified=1), use_shooting_EDE=0
BG_INIT: entering background_solve
BACKGROUND_SOLVE ENTERED: has_ridder=0 Lambda=0.00e+00
ABOUT TO INTEGRATE: bi_size=6 has_ridder=0 Lambda=0.00e+00
DERIVS_ENTRY: call#=935000 has_ridder=0 Lambda=0.00e+00 a=3.56e-01
BG_INIT: background_solve OK
INPUT_READ: ridder_freeze_phi = 0 _TRUE_=1 (after class_read_flag)
DEBUG: Ridder field DISABLED. Lambda = 0.000000e+00
INPUT_READ: ridder_freeze_phi = 0 _TRUE_=1 (after class_read_flag)
DEBUG: Ridder field DISABLED. Lambda = 0.000000e+00, model_type not set to unified
BACKGROUND_INIT ENTERED: Lambda=0.00e+00
DEBUG BG_INIT ENTRY: model_type=0
DEBUG AFTER CHECKS: model_type=0 has_ridder=0
RIDDER DEBUG (background_init): has_ridder=0, Lambda_EDE_ridder=0.000000e+00, f_axion_ridder=1.000000e+16, theta_i_ridder=2.500000e+00, beta_ridder=0.000000e+00
BG_INIT: entering background_checks
BG_INIT: background_checks OK
DEBUG SHOOTING CHECK: has_ridder=0, model_type=0 (unified=1), use_shooting_EDE=0
BG_INIT: entering background_solve
BACKGROUND_SOLVE ENTERED: has_ridder=0 Lambda=0.00e+00
ABOUT TO INTEGRATE: bi_size=6 has_ridder=0 Lambda=0.00e+00
BG_INIT: background_solve OK
INPUT_READ: ridder_freeze_phi = 0 _TRUE_=1 (after class_read_flag)
DEBUG: Ridder field DISABLED. Lambda = 0.000000e+00
INPUT_READ: ridder_freeze_phi = 0 _TRUE_=1 (after class_read_flag)
DEBUG: Ridder field DISABLED. Lambda = 0.000000e+00, model_type not set to unified
BACKGROUND_INIT ENTERED: Lambda=0.00e+00
DEBUG BG_INIT ENTRY: model_type=0
DEBUG AFTER CHECKS: model_type=0 has_ridder=0
RIDDER DEBUG (background_init): has_ridder=0, Lambda_EDE_ridder=0.000000e+00, f_axion_ridder=1.000000e+16, theta_i_ridder=2.500000e+00, beta_ridder=0.000000e+00
BG_INIT: entering background_checks
BG_INIT: background_checks OK
DEBUG SHOOTING CHECK: has_ridder=0, model_type=0 (unified=1), use_shooting_EDE=0
BG_INIT: entering background_solve
BACKGROUND_SOLVE ENTERED: has_ridder=0 Lambda=0.00e+00
ABOUT TO INTEGRATE: bi_size=6 has_ridder=0 Lambda=0.00e+00
DERIVS_ENTRY: call#=940000 has_ridder=0 Lambda=0.00e+00 a=3.68e-08
BG_INIT: background_solve OK
INPUT_READ: ridder_freeze_phi = 0 _TRUE_=1 (after class_read_flag)
DEBUG: Ridder field DISABLED. Lambda = 0.000000e+00
INPUT_READ: ridder_freeze_phi = 0 _TRUE_=1 (after class_read_flag)
DEBUG: Ridder field DISABLED. Lambda = 0.000000e+00, model_type not set to unified
BACKGROUND_INIT ENTERED: Lambda=0.00e+00
DEBUG BG_INIT ENTRY: model_type=0
DEBUG AFTER CHECKS: model_type=0 has_ridder=0
RIDDER DEBUG (background_init): has_ridder=0, L[mcmc] Progress @ 2025-11-27 08:48:13 : 2379 steps taken, and 411 accepted.
[mcmc] Progress @ 2025-11-27 08:49:14 : 2382 steps taken, and 412 accepted.
[mcmc] Progress @ 2025-11-27 08:50:18 : 2386 steps taken, and 413 accepted.
[mcmc] Progress @ 2025-11-27 08:51:52 : 2422 steps taken, and 416 accepted.
ambda_EDE_ridder=0.000000e+00, f_axion_ridder=1.000000e+16, theta_i_ridder=2.500000e+00, beta_ridder=0.000000e+00
BG_INIT: entering background_checks
BG_INIT: background_checks OK
DEBUG SHOOTING CHECK: has_ridder=0, model_type=0 (unified=1), use_shooting_EDE=0
BG_INIT: entering background_solve
BACKGROUND_SOLVE ENTERED: has_ridder=0 Lambda=0.00e+00
ABOUT TO INTEGRATE: bi_size=6 has_ridder=0 Lambda=0.00e+00
DERIVS_ENTRY: call#=945000 has_ridder=0 Lambda=0.00e+00 a=1.57e-02
BG_INIT: background_solve OK
INPUT_READ: ridder_freeze_phi = 0 _TRUE_=1 (after class_read_flag)
DEBUG: Ridder field DISABLED. Lambda = 0.000000e+00
INPUT_READ: ridder_freeze_phi = 0 _TRUE_=1 (after class_read_flag)
DEBUG: Ridder field DISABLED. Lambda = 0.000000e+00, model_type not set to unified
BACKGROUND_INIT ENTERED: Lambda=0.00e+00
DEBUG BG_INIT ENTRY: model_type=0
DEBUG AFTER CHECKS: model_type=0 has_ridder=0
RIDDER DEBUG (background_init): has_ridder=0, Lambda_EDE_ridder=0.000000e+00, f_axion_ridder=1.000000e+16, theta_i_ridder=2.500000e+00, beta_ridder=0.000000e+00
BG_INIT: entering background_checks
BG_INIT: background_checks OK
DEBUG SHOOTING CHECK: has_ridder=0, model_type=0 (unified=1), use_shooting_EDE=0
BG_INIT: entering background_solve
BACKGROUND_SOLVE ENTERED: has_ridder=0 Lambda=0.00e+00
ABOUT TO INTEGRATE: bi_size=6 has_ridder=0 Lambda=0.00e+00
BG_INIT: background_solve OK
INPUT_READ: ridder_freeze_phi = 0 _TRUE_=1 (after class_read_flag)
DEBUG: Ridder field DISABLED. Lambda = 0.000000e+00
INPUT_READ: ridder_freeze_phi = 0 _TRUE_=1 (after class_read_flag)
DEBUG: Ridder field DISABLED. Lambda = 0.000000e+00, model_type not set to unified
BACKGROUND_INIT ENTERED: Lambda=0.00e+00
DEBUG BG_INIT ENTRY: model_type=0
DEBUG AFTER CHECKS: model_type=0 has_ridder=0
RIDDER DEBUG (background_init): has_ridder=0, Lambda_EDE_ridder=0.000000e+00, f_axion_ridder=1.000000e+16, theta_i_ridder=2.500000e+00, beta_ridder=0.000000e+00
BG_INIT: entering background_checks
BG_INIT: background_checks OK
DEBUG SHOOTING CHECK: has_ridder=0, model_type=0 (unified=1), use_shooting_EDE=0
BG_INIT: entering background_solve
BACKGROUND_SOLVE ENTERED: has_ridder=0 Lambda=0.00e+00
ABOUT TO INTEGRATE: bi_size=6 has_ridder=0 Lambda=0.00e+00
DERIVS_ENTRY: call#=950000 has_ridder=0 Lambda=0.00e+00 a=5.30e-09
BG_INIT: background_solve OK
INPUT_READ: ridder_freeze_phi = 0 _TRUE_=1 (after class_read_flag)
DEBUG: Ridder field DISABLED. Lambda = 0.000000e+00
INPUT_READ: ridder_freeze_phi = 0 _TRUE_=1 (after class_read_flag)
DEBUG: Ridder field DISABLED. Lambda = 0.000000e+00, model_type not set to unified
BACKGROUND_INIT ENTERED: Lambda=0.00e+00
DEBUG BG_INIT ENTRY: model_type=0
DEBUG AFTER CHECKS: model_type=0 has_ridder=0
RIDDER DEBUG (background_init): has_ridder=0, Lambda_EDE_ridder=0.000000e+00, f_axion_ridder=1.000000e+16, theta_i_ridder=2.500000e+00, beta_ridder=0.000000e+00
BG_INIT: entering background_checks
BG_INIT: background_checks OK
DEBUG SHOOTING CHECK: has_ridder=0, model_type=0 (unified=1), use_shooting_EDE=0
BG_INIT: entering background_solve
BACKGROUND_SOLVE ENTERED: has_ridder=0 Lambda=0.00e+00
ABOUT TO INTEGRATE: bi_size=6 has_ridder=0 Lambda=0.00e+00
DERIVS_ENTRY: call#=955000 has_ridder=0 Lambda=0.00e+00 a=2.71e-04
BG_INIT: background_solve OK
INPUT_READ: ridder_freeze_phi = 0 _TRUE_=1 (after class_read_flag)
DEBUG: Ridder field DISABLED. Lambda = 0.000000e+00
INPUT_READ: ridder_freeze_phi = 0 _TRUE_=1 (after class_read_flag)
DEBUG: Ridder field DISABLED. Lambda = 0.000000e+00, model_type not set to unified
BACKGROUND_INIT ENTERED: Lambda=0.00e+00
DEBUG BG_INIT ENTRY: model_type=0
DEBUG AFTER CHECKS: model_type=0 has_ridder=0
RIDDER DEBUG (background_init): has_ridder=0, Lambda_EDE_ridder=0.000000e+00, f_axion_ridder=1.000000e+16, theta_i_ridder=2.500000e+00, beta_ridder=0.000000e+00
BG_INIT: entering background_checks
BG_INIT: background_checks OK
DEBUG SHOOTING CHECK: has_ridder=0, model_type=0 (unified=1), use_shooting_EDE=0
BG_INIT: entering background_solve
BACKGROUND_SOLVE ENTERED: has_ridder=0 Lambda=0.00e+00
ABOUT TO INTEGRATE: bi_size=6 has_ridder[mcmc] Progress @ 2025-11-27 08:52:55 : 2423 steps taken, and 416 accepted.
[mcmc] Progress @ 2025-11-27 08:54:23 : 2442 steps taken, and 418 accepted.
[mcmc] Progress @ 2025-11-27 08:56:24 : 2447 steps taken, and 418 accepted.
=0 Lambda=0.00e+00
BG_INIT: background_solve OK
INPUT_READ: ridder_freeze_phi = 0 _TRUE_=1 (after class_read_flag)
DEBUG: Ridder field DISABLED. Lambda = 0.000000e+00
INPUT_READ: ridder_freeze_phi = 0 _TRUE_=1 (after class_read_flag)
DEBUG: Ridder field DISABLED. Lambda = 0.000000e+00, model_type not set to unified
BACKGROUND_INIT ENTERED: Lambda=0.00e+00
DEBUG BG_INIT ENTRY: model_type=0
DEBUG AFTER CHECKS: model_type=0 has_ridder=0
RIDDER DEBUG (background_init): has_ridder=0, Lambda_EDE_ridder=0.000000e+00, f_axion_ridder=1.000000e+16, theta_i_ridder=2.500000e+00, beta_ridder=0.000000e+00
BG_INIT: entering background_checks
BG_INIT: background_checks OK
DEBUG SHOOTING CHECK: has_ridder=0, model_type=0 (unified=1), use_shooting_EDE=0
BG_INIT: entering background_solve
BACKGROUND_SOLVE ENTERED: has_ridder=0 Lambda=0.00e+00
ABOUT TO INTEGRATE: bi_size=6 has_ridder=0 Lambda=0.00e+00
DERIVS_ENTRY: call#=960000 has_ridder=0 Lambda=0.00e+00 a=6.57e-10
BG_INIT: background_solve OK
INPUT_READ: ridder_freeze_phi = 0 _TRUE_=1 (after class_read_flag)
DEBUG: Ridder field DISABLED. Lambda = 0.000000e+00
INPUT_READ: ridder_freeze_phi = 0 _TRUE_=1 (after class_read_flag)
DEBUG: Ridder field DISABLED. Lambda = 0.000000e+00, model_type not set to unified
BACKGROUND_INIT ENTERED: Lambda=0.00e+00
DEBUG BG_INIT ENTRY: model_type=0
DEBUG AFTER CHECKS: model_type=0 has_ridder=0
RIDDER DEBUG (background_init): has_ridder=0, Lambda_EDE_ridder=0.000000e+00, f_axion_ridder=1.000000e+16, theta_i_ridder=2.500000e+00, beta_ridder=0.000000e+00
BG_INIT: entering background_checks
BG_INIT: background_checks OK
DEBUG SHOOTING CHECK: has_ridder=0, model_type=0 (unified=1), use_shooting_EDE=0
BG_INIT: entering background_solve
BACKGROUND_SOLVE ENTERED: has_ridder=0 Lambda=0.00e+00
ABOUT TO INTEGRATE: bi_size=6 has_ridder=0 Lambda=0.00e+00
DERIVS_ENTRY: call#=965000 has_ridder=0 Lambda=0.00e+00 a=3.14e-05
BG_INIT: background_solve OK
INPUT_READ: ridder_freeze_phi = 0 _TRUE_=1 (after class_read_flag)
DEBUG: Ridder field DISABLED. Lambda = 0.000000e+00
INPUT_READ: ridder_freeze_phi = 0 _TRUE_=1 (after class_read_flag)
DEBUG: Ridder field DISABLED. Lambda = 0.000000e+00, model_type not set to unified
BACKGROUND_INIT ENTERED: Lambda=0.00e+00
DEBUG BG_INIT ENTRY: model_type=0
DEBUG AFTER CHECKS: model_type=0 has_ridder=0
RIDDER DEBUG (background_init): has_ridder=0, Lambda_EDE_ridder=0.000000e+00, f_axion_ridder=1.000000e+16, theta_i_ridder=2.500000e+00, beta_ridder=0.000000e+00
BG_INIT: entering background_checks
BG_INIT: background_checks OK
DEBUG SHOOTING CHECK: has_ridder=0, model_type=0 (unified=1), use_shooting_EDE=0
BG_INIT: entering background_solve
BACKGROUND_SOLVE ENTERED: has_ridder=0 Lambda=0.00e+00
ABOUT TO INTEGRATE: bi_size=6 has_ridder=0 Lambda=0.00e+00
BG_INIT: background_solve OK
INPUT_READ: ridder_freeze_phi = 0 _TRUE_=1 (after class_read_flag)
DEBUG: Ridder field DISABLED. Lambda = 0.000000e+00
INPUT_READ: ridder_freeze_phi = 0 _TRUE_=1 (after class_read_flag)
DEBUG: Ridder field DISABLED. Lambda = 0.000000e+00, model_type not set to unified
BACKGROUND_INIT ENTERED: Lambda=0.00e+00
DEBUG BG_INIT ENTRY: model_type=0
DEBUG AFTER CHECKS: model_type=0 has_ridder=0
RIDDER DEBUG (background_init): has_ridder=0, Lambda_EDE_ridder=0.000000e+00, f_axion_ridder=1.000000e+16, theta_i_ridder=2.500000e+00, beta_ridder=0.000000e+00
BG_INIT: entering background_checks
BG_INIT: background_checks OK
DEBUG SHOOTING CHECK: has_ridder=0, model_type=0 (unified=1), use_shooting_EDE=0
BG_INIT: entering background_solve
BACKGROUND_SOLVE ENTERED: has_ridder=0 Lambda=0.00e+00
ABOUT TO INTEGRATE: bi_size=6 has_ridder=0 Lambda=0.00e+00
DERIVS_ENTRY: call#=970000 has_ridder=0 Lambda=0.00e+00 a=9.59e-11
BG_INIT: background_solve OK
INPUT_READ: ridder_freeze_phi = 0 _TRUE_=1 (after class_read_flag)
DEBUG: Ridder field DISABLED. Lambda = 0.000000e+00
INPUT_READ: ridder_freeze_phi = 0 _TRUE_=1 (after class_read_flag)
DEBUG: Ridder field DISABLED. Lambda = 0.000000e+00, model_type not set to unified
BACKGROUND_INIT ENTERED: Lambda=0.00e+00
DEBUG BG_INIT ENTRY: model_type=0[mcmc] Progress @ 2025-11-27 08:58:25 : 2450 steps taken, and 418 accepted.
[mcmc] Progress @ 2025-11-27 08:59:28 : 2461 steps taken, and 419 accepted.
[mcmc] Progress @ 2025-11-27 09:00:29 : 2466 steps taken, and 419 accepted.
[mcmc] Progress @ 2025-11-27 09:01:53 : 2497 steps taken, and 421 accepted.

DEBUG AFTER CHECKS: model_type=0 has_ridder=0
RIDDER DEBUG (background_init): has_ridder=0, Lambda_EDE_ridder=0.000000e+00, f_axion_ridder=1.000000e+16, theta_i_ridder=2.500000e+00, beta_ridder=0.000000e+00
BG_INIT: entering background_checks
BG_INIT: background_checks OK
DEBUG SHOOTING CHECK: has_ridder=0, model_type=0 (unified=1), use_shooting_EDE=0
BG_INIT: entering background_solve
BACKGROUND_SOLVE ENTERED: has_ridder=0 Lambda=0.00e+00
ABOUT TO INTEGRATE: bi_size=6 has_ridder=0 Lambda=0.00e+00
DERIVS_ENTRY: call#=975000 has_ridder=0 Lambda=0.00e+00 a=4.71e-06
BG_INIT: background_solve OK
INPUT_READ: ridder_freeze_phi = 0 _TRUE_=1 (after class_read_flag)
DEBUG: Ridder field DISABLED. Lambda = 0.000000e+00
INPUT_READ: ridder_freeze_phi = 0 _TRUE_=1 (after class_read_flag)
DEBUG: Ridder field DISABLED. Lambda = 0.000000e+00, model_type not set to unified
BACKGROUND_INIT ENTERED: Lambda=0.00e+00
DEBUG BG_INIT ENTRY: model_type=0
DEBUG AFTER CHECKS: model_type=0 has_ridder=0
RIDDER DEBUG (background_init): has_ridder=0, Lambda_EDE_ridder=0.000000e+00, f_axion_ridder=1.000000e+16, theta_i_ridder=2.500000e+00, beta_ridder=0.000000e+00
BG_INIT: entering background_checks
BG_INIT: background_checks OK
DEBUG SHOOTING CHECK: has_ridder=0, model_type=0 (unified=1), use_shooting_EDE=0
BG_INIT: entering background_solve
BACKGROUND_SOLVE ENTERED: has_ridder=0 Lambda=0.00e+00
ABOUT TO INTEGRATE: bi_size=6 has_ridder=0 Lambda=0.00e+00
BG_INIT: background_solve OK
INPUT_READ: ridder_freeze_phi = 0 _TRUE_=1 (after class_read_flag)
DEBUG: Ridder field DISABLED. Lambda = 0.000000e+00
INPUT_READ: ridder_freeze_phi = 0 _TRUE_=1 (after class_read_flag)
DEBUG: Ridder field DISABLED. Lambda = 0.000000e+00, model_type not set to unified
BACKGROUND_INIT ENTERED: Lambda=0.00e+00
DEBUG BG_INIT ENTRY: model_type=0
DEBUG AFTER CHECKS: model_type=0 has_ridder=0
RIDDER DEBUG (background_init): has_ridder=0, Lambda_EDE_ridder=0.000000e+00, f_axion_ridder=1.000000e+16, theta_i_ridder=2.500000e+00, beta_ridder=0.000000e+00
BG_INIT: entering background_checks
BG_INIT: background_checks OK
DEBUG SHOOTING CHECK: has_ridder=0, model_type=0 (unified=1), use_shooting_EDE=0
BG_INIT: entering background_solve
BACKGROUND_SOLVE ENTERED: has_ridder=0 Lambda=0.00e+00
ABOUT TO INTEGRATE: bi_size=6 has_ridder=0 Lambda=0.00e+00
DERIVS_ENTRY: call#=980000 has_ridder=0 Lambda=0.00e+00 a=9.25e-13
BG_INIT: background_solve OK
INPUT_READ: ridder_freeze_phi = 0 _TRUE_=1 (after class_read_flag)
DEBUG: Ridder field DISABLED. Lambda = 0.000000e+00
INPUT_READ: ridder_freeze_phi = 0 _TRUE_=1 (after class_read_flag)
DEBUG: Ridder field DISABLED. Lambda = 0.000000e+00, model_type not set to unified
BACKGROUND_INIT ENTERED: Lambda=0.00e+00
DEBUG BG_INIT ENTRY: model_type=0
DEBUG AFTER CHECKS: model_type=0 has_ridder=0
RIDDER DEBUG (background_init): has_ridder=0, Lambda_EDE_ridder=0.000000e+00, f_axion_ridder=1.000000e+16, theta_i_ridder=2.500000e+00, beta_ridder=0.000000e+00
BG_INIT: entering background_checks
BG_INIT: background_checks OK
DEBUG SHOOTING CHECK: has_ridder=0, model_type=0 (unified=1), use_shooting_EDE=0
BG_INIT: entering background_solve
BACKGROUND_SOLVE ENTERED: has_ridder=0 Lambda=0.00e+00
ABOUT TO INTEGRATE: bi_size=6 has_ridder=0 Lambda=0.00e+00
DERIVS_ENTRY: call#=985000 has_ridder=0 Lambda=0.00e+00 a=6.78e-07
BG_INIT: background_solve OK
INPUT_READ: ridder_freeze_phi = 0 _TRUE_=1 (after class_read_flag)
DEBUG: Ridder field DISABLED. Lambda = 0.000000e+00
INPUT_READ: ridder_freeze_phi = 0 _TRUE_=1 (after class_read_flag)
DEBUG: Ridder field DISABLED. Lambda = 0.000000e+00, model_type not set to unified
BACKGROUND_INIT ENTERED: Lambda=0.00e+00
DEBUG BG_INIT ENTRY: model_type=0
DEBUG AFTER CHECKS: model_type=0 has_ridder=0
RIDDER DEBUG (background_init): has_ridder=0, Lambda_EDE_ridder=0.000000e+00, f_axion_ridder=1.000000e+16, theta_i_ridder=2.500000e+00, beta_ridder=0.000000e+00
BG_INIT: entering background_checks
BG_INIT: background_checks OK
DEBUG SHOOTING CHECK: has_ridder=0, model_type=0 (unified=1), use_shooting_EDE=0
BG_INIT: entering background_solve
B[mcmc] Progress @ 2025-11-27 09:02:57 : 2499 steps taken, and 421 accepted.
[mcmc] Progress @ 2025-11-27 09:04:00 : 2506 steps taken, and 422 accepted.
[mcmc] Progress @ 2025-11-27 09:05:07 : 2508 steps taken, and 422 accepted.
[mcmc] Progress @ 2025-11-27 09:06:22 : 2517 steps taken, and 423 accepted.
[mcmc] Progress @ 2025-11-27 09:07:32 : 2535 steps taken, and 426 accepted.
ACKGROUND_SOLVE ENTERED: has_ridder=0 Lambda=0.00e+00
ABOUT TO INTEGRATE: bi_size=6 has_ridder=0 Lambda=0.00e+00
DERIVS_ENTRY: call#=990000 has_ridder=0 Lambda=0.00e+00 a=9.21e-01
BG_INIT: background_solve OK
INPUT_READ: ridder_freeze_phi = 0 _TRUE_=1 (after class_read_flag)
DEBUG: Ridder field DISABLED. Lambda = 0.000000e+00
INPUT_READ: ridder_freeze_phi = 0 _TRUE_=1 (after class_read_flag)
DEBUG: Ridder field DISABLED. Lambda = 0.000000e+00, model_type not set to unified
BACKGROUND_INIT ENTERED: Lambda=0.00e+00
DEBUG BG_INIT ENTRY: model_type=0
DEBUG AFTER CHECKS: model_type=0 has_ridder=0
RIDDER DEBUG (background_init): has_ridder=0, Lambda_EDE_ridder=0.000000e+00, f_axion_ridder=1.000000e+16, theta_i_ridder=2.500000e+00, beta_ridder=0.000000e+00
BG_INIT: entering background_checks
BG_INIT: background_checks OK
DEBUG SHOOTING CHECK: has_ridder=0, model_type=0 (unified=1), use_shooting_EDE=0
BG_INIT: entering background_solve
BACKGROUND_SOLVE ENTERED: has_ridder=0 Lambda=0.00e+00
ABOUT TO INTEGRATE: bi_size=6 has_ridder=0 Lambda=0.00e+00
BG_INIT: background_solve OK
INPUT_READ: ridder_freeze_phi = 0 _TRUE_=1 (after class_read_flag)
DEBUG: Ridder field DISABLED. Lambda = 0.000000e+00
INPUT_READ: ridder_freeze_phi = 0 _TRUE_=1 (after class_read_flag)
DEBUG: Ridder field DISABLED. Lambda = 0.000000e+00, model_type not set to unified
BACKGROUND_INIT ENTERED: Lambda=0.00e+00
DEBUG BG_INIT ENTRY: model_type=0
DEBUG AFTER CHECKS: model_type=0 has_ridder=0
RIDDER DEBUG (background_init): has_ridder=0, Lambda_EDE_ridder=0.000000e+00, f_axion_ridder=1.000000e+16, theta_i_ridder=2.500000e+00, beta_ridder=0.000000e+00
BG_INIT: entering background_checks
BG_INIT: background_checks OK
DEBUG SHOOTING CHECK: has_ridder=0, model_type=0 (unified=1), use_shooting_EDE=0
BG_INIT: entering background_solve
BACKGROUND_SOLVE ENTERED: has_ridder=0 Lambda=0.00e+00
ABOUT TO INTEGRATE: bi_size=6 has_ridder=0 Lambda=0.00e+00
DERIVS_ENTRY: call#=995000 has_ridder=0 Lambda=0.00e+00 a=9.24e-08
BG_INIT: background_solve OK
INPUT_READ: ridder_freeze_phi = 0 _TRUE_=1 (after class_read_flag)
DEBUG: Ridder field DISABLED. Lambda = 0.000000e+00
INPUT_READ: ridder_freeze_phi = 0 _TRUE_=1 (after class_read_flag)
DEBUG: Ridder field DISABLED. Lambda = 0.000000e+00, model_type not set to unified
BACKGROUND_INIT ENTERED: Lambda=0.00e+00
DEBUG BG_INIT ENTRY: model_type=0
DEBUG AFTER CHECKS: model_type=0 has_ridder=0
RIDDER DEBUG (background_init): has_ridder=0, Lambda_EDE_ridder=0.000000e+00, f_axion_ridder=1.000000e+16, theta_i_ridder=2.500000e+00, beta_ridder=0.000000e+00
BG_INIT: entering background_checks
BG_INIT: background_checks OK
DEBUG SHOOTING CHECK: has_ridder=0, model_type=0 (unified=1), use_shooting_EDE=0
BG_INIT: entering background_solve
BACKGROUND_SOLVE ENTERED: has_ridder=0 Lambda=0.00e+00
ABOUT TO INTEGRATE: bi_size=6 has_ridder=0 Lambda=0.00e+00
DERIVS_ENTRY: call#=1000000 has_ridder=0 Lambda=0.00e+00 a=1.56e-01
BG_INIT: background_solve OK
INPUT_READ: ridder_freeze_phi = 0 _TRUE_=1 (after class_read_flag)
DEBUG: Ridder field DISABLED. Lambda = 0.000000e+00
INPUT_READ: ridder_freeze_phi = 0 _TRUE_=1 (after class_read_flag)
DEBUG: Ridder field DISABLED. Lambda = 0.000000e+00, model_type not set to unified
BACKGROUND_INIT ENTERED: Lambda=0.00e+00
DEBUG BG_INIT ENTRY: model_type=0
DEBUG AFTER CHECKS: model_type=0 has_ridder=0
RIDDER DEBUG (background_init): has_ridder=0, Lambda_EDE_ridder=0.000000e+00, f_axion_ridder=1.000000e+16, theta_i_ridder=2.500000e+00, beta_ridder=0.000000e+00
BG_INIT: entering background_checks
BG_INIT: background_checks OK
DEBUG SHOOTING CHECK: has_ridder=0, model_type=0 (unified=1), use_shooting_EDE=0
BG_INIT: entering background_solve
BACKGROUND_SOLVE ENTERED: has_ridder=0 Lambda=0.00e+00
ABOUT TO INTEGRATE: bi_size=6 has_ridder=0 Lambda=0.00e+00
BG_INIT: background_solve OK
INPUT_READ: ridder_freeze_phi = 0 _TRUE_=1 (after class_read_flag)
DEBUG: Ridder field DISABLED. Lambda = 0.000000e+00
INPUT_READ: ridder_freeze_phi = 0 _TRUE_=1 (after class_read_flag)
DEBUG: Ridder field DISABLED. Lambda = 0.000000e+00, model_typ[mcmc] Progress @ 2025-11-27 09:08:44 : 2544 steps taken, and 427 accepted.
[mcmc] Progress @ 2025-11-27 09:09:53 : 2552 steps taken, and 427 accepted.
[mcmc] Progress @ 2025-11-27 09:11:32 : 2574 steps taken, and 430 accepted.
[mcmc] Progress @ 2025-11-27 09:12:33 : 2575 steps taken, and 430 accepted.
e not set to unified
BACKGROUND_INIT ENTERED: Lambda=0.00e+00
DEBUG BG_INIT ENTRY: model_type=0
DEBUG AFTER CHECKS: model_type=0 has_ridder=0
RIDDER DEBUG (background_init): has_ridder=0, Lambda_EDE_ridder=0.000000e+00, f_axion_ridder=1.000000e+16, theta_i_ridder=2.500000e+00, beta_ridder=0.000000e+00
BG_INIT: entering background_checks
BG_INIT: background_checks OK
DEBUG SHOOTING CHECK: has_ridder=0, model_type=0 (unified=1), use_shooting_EDE=0
BG_INIT: entering background_solve
BACKGROUND_SOLVE ENTERED: has_ridder=0 Lambda=0.00e+00
ABOUT TO INTEGRATE: bi_size=6 has_ridder=0 Lambda=0.00e+00
DERIVS_ENTRY: call#=1005000 has_ridder=0 Lambda=0.00e+00 a=1.55e-08
BG_INIT: background_solve OK
INPUT_READ: ridder_freeze_phi = 0 _TRUE_=1 (after class_read_flag)
DEBUG: Ridder field DISABLED. Lambda = 0.000000e+00
INPUT_READ: ridder_freeze_phi = 0 _TRUE_=1 (after class_read_flag)
DEBUG: Ridder field DISABLED. Lambda = 0.000000e+00, model_type not set to unified
BACKGROUND_INIT ENTERED: Lambda=0.00e+00
DEBUG BG_INIT ENTRY: model_type=0
DEBUG AFTER CHECKS: model_type=0 has_ridder=0
RIDDER DEBUG (background_init): has_ridder=0, Lambda_EDE_ridder=0.000000e+00, f_axion_ridder=1.000000e+16, theta_i_ridder=2.500000e+00, beta_ridder=0.000000e+00
BG_INIT: entering background_checks
BG_INIT: background_checks OK
DEBUG SHOOTING CHECK: has_ridder=0, model_type=0 (unified=1), use_shooting_EDE=0
BG_INIT: entering background_solve
BACKGROUND_SOLVE ENTERED: has_ridder=0 Lambda=0.00e+00
ABOUT TO INTEGRATE: bi_size=6 has_ridder=0 Lambda=0.00e+00
DERIVS_ENTRY: call#=1010000 has_ridder=0 Lambda=0.00e+00 a=2.87e-03
BG_INIT: background_solve OK
INPUT_READ: ridder_freeze_phi = 0 _TRUE_=1 (after class_read_flag)
DEBUG: Ridder field DISABLED. Lambda = 0.000000e+00
INPUT_READ: ridder_freeze_phi = 0 _TRUE_=1 (after class_read_flag)
DEBUG: Ridder field DISABLED. Lambda = 0.000000e+00, model_type not set to unified
BACKGROUND_INIT ENTERED: Lambda=0.00e+00
DEBUG BG_INIT ENTRY: model_type=0
DEBUG AFTER CHECKS: model_type=0 has_ridder=0
RIDDER DEBUG (background_init): has_ridder=0, Lambda_EDE_ridder=0.000000e+00, f_axion_ridder=1.000000e+16, theta_i_ridder=2.500000e+00, beta_ridder=0.000000e+00
BG_INIT: entering background_checks
BG_INIT: background_checks OK
DEBUG SHOOTING CHECK: has_ridder=0, model_type=0 (unified=1), use_shooting_EDE=0
BG_INIT: entering background_solve
BACKGROUND_SOLVE ENTERED: has_ridder=0 Lambda=0.00e+00
ABOUT TO INTEGRATE: bi_size=6 has_ridder=0 Lambda=0.00e+00
BG_INIT: background_solve OK
INPUT_READ: ridder_freeze_phi = 0 _TRUE_=1 (after class_read_flag)
DEBUG: Ridder field DISABLED. Lambda = 0.000000e+00
INPUT_READ: ridder_freeze_phi = 0 _TRUE_=1 (after class_read_flag)
DEBUG: Ridder field DISABLED. Lambda = 0.000000e+00, model_type not set to unified
BACKGROUND_INIT ENTERED: Lambda=0.00e+00
DEBUG BG_INIT ENTRY: model_type=0
DEBUG AFTER CHECKS: model_type=0 has_ridder=0
RIDDER DEBUG (background_init): has_ridder=0, Lambda_EDE_ridder=0.000000e+00, f_axion_ridder=1.000000e+16, theta_i_ridder=2.500000e+00, beta_ridder=0.000000e+00
BG_INIT: entering background_checks
BG_INIT: background_checks OK
DEBUG SHOOTING CHECK: has_ridder=0, model_type=0 (unified=1), use_shooting_EDE=0
BG_INIT: entering background_solve
BACKGROUND_SOLVE ENTERED: has_ridder=0 Lambda=0.00e+00
ABOUT TO INTEGRATE: bi_size=6 has_ridder=0 Lambda=0.00e+00
DERIVS_ENTRY: call#=1015000 has_ridder=0 Lambda=0.00e+00 a=2.23e-09
BG_INIT: background_solve OK
INPUT_READ: ridder_freeze_phi = 0 _TRUE_=1 (after class_read_flag)
DEBUG: Ridder field DISABLED. Lambda = 0.000000e+00
INPUT_READ: ridder_freeze_phi = 0 _TRUE_=1 (after class_read_flag)
DEBUG: Ridder field DISABLED. Lambda = 0.000000e+00, model_type not set to unified
BACKGROUND_INIT ENTERED: Lambda=0.00e+00
DEBUG BG_INIT ENTRY: model_type=0
DEBUG AFTER CHECKS: model_type=0 has_ridder=0
RIDDER DEBUG (background_init): has_ridder=0, Lambda_EDE_ridder=0.000000e+00, f_axion_ridder=1.000000e+16, theta_i_ridder=2.500000e+00, beta_ridder=0.000000e+00
BG_INIT: entering background_checks
BG_INIT: background_checks OK
DEBUG SHOOTING CHEC[mcmc] Progress @ 2025-11-27 09:13:36 : 2576 steps taken, and 430 accepted.
[mcmc] Progress @ 2025-11-27 09:14:38 : 2579 steps taken, and 431 accepted.
[mcmc] Progress @ 2025-11-27 09:15:39 : 2581 steps taken, and 431 accepted.
[mcmc] Progress @ 2025-11-27 09:16:39 : 2588 steps taken, and 432 accepted.
[mcmc] Progress @ 2025-11-27 09:17:39 : 2591 steps taken, and 432 accepted.
K: has_ridder=0, model_type=0 (unified=1), use_shooting_EDE=0
BG_INIT: entering background_solve
BACKGROUND_SOLVE ENTERED: has_ridder=0 Lambda=0.00e+00
ABOUT TO INTEGRATE: bi_size=6 has_ridder=0 Lambda=0.00e+00
DERIVS_ENTRY: call#=1020000 has_ridder=0 Lambda=0.00e+00 a=1.05e-04
BG_INIT: background_solve OK
INPUT_READ: ridder_freeze_phi = 0 _TRUE_=1 (after class_read_flag)
DEBUG: Ridder field DISABLED. Lambda = 0.000000e+00
INPUT_READ: ridder_freeze_phi = 0 _TRUE_=1 (after class_read_flag)
DEBUG: Ridder field DISABLED. Lambda = 0.000000e+00, model_type not set to unified
BACKGROUND_INIT ENTERED: Lambda=0.00e+00
DEBUG BG_INIT ENTRY: model_type=0
DEBUG AFTER CHECKS: model_type=0 has_ridder=0
RIDDER DEBUG (background_init): has_ridder=0, Lambda_EDE_ridder=0.000000e+00, f_axion_ridder=1.000000e+16, theta_i_ridder=2.500000e+00, beta_ridder=0.000000e+00
BG_INIT: entering background_checks
BG_INIT: background_checks OK
DEBUG SHOOTING CHECK: has_ridder=0, model_type=0 (unified=1), use_shooting_EDE=0
BG_INIT: entering background_solve
BACKGROUND_SOLVE ENTERED: has_ridder=0 Lambda=0.00e+00
ABOUT TO INTEGRATE: bi_size=6 has_ridder=0 Lambda=0.00e+00
BG_INIT: background_solve OK
INPUT_READ: ridder_freeze_phi = 0 _TRUE_=1 (after class_read_flag)
DEBUG: Ridder field DISABLED. Lambda = 0.000000e+00
INPUT_READ: ridder_freeze_phi = 0 _TRUE_=1 (after class_read_flag)
DEBUG: Ridder field DISABLED. Lambda = 0.000000e+00, model_type not set to unified
BACKGROUND_INIT ENTERED: Lambda=0.00e+00
DEBUG BG_INIT ENTRY: model_type=0
DEBUG AFTER CHECKS: model_type=0 has_ridder=0
RIDDER DEBUG (background_init): has_ridder=0, Lambda_EDE_ridder=0.000000e+00, f_axion_ridder=1.000000e+16, theta_i_ridder=2.500000e+00, beta_ridder=0.000000e+00
BG_INIT: entering background_checks
BG_INIT: background_checks OK
DEBUG SHOOTING CHECK: has_ridder=0, model_type=0 (unified=1), use_shooting_EDE=0
BG_INIT: entering background_solve
BACKGROUND_SOLVE ENTERED: has_ridder=0 Lambda=0.00e+00
ABOUT TO INTEGRATE: bi_size=6 has_ridder=0 Lambda=0.00e+00
DERIVS_ENTRY: call#=1025000 has_ridder=0 Lambda=0.00e+00 a=3.13e-10
BG_INIT: background_solve OK
INPUT_READ: ridder_freeze_phi = 0 _TRUE_=1 (after class_read_flag)
DEBUG: Ridder field DISABLED. Lambda = 0.000000e+00
INPUT_READ: ridder_freeze_phi = 0 _TRUE_=1 (after class_read_flag)
DEBUG: Ridder field DISABLED. Lambda = 0.000000e+00, model_type not set to unified
BACKGROUND_INIT ENTERED: Lambda=0.00e+00
DEBUG BG_INIT ENTRY: model_type=0
DEBUG AFTER CHECKS: model_type=0 has_ridder=0
RIDDER DEBUG (background_init): has_ridder=0, Lambda_EDE_ridder=0.000000e+00, f_axion_ridder=1.000000e+16, theta_i_ridder=2.500000e+00, beta_ridder=0.000000e+00
BG_INIT: entering background_checks
BG_INIT: background_checks OK
DEBUG SHOOTING CHECK: has_ridder=0, model_type=0 (unified=1), use_shooting_EDE=0
BG_INIT: entering background_solve
BACKGROUND_SOLVE ENTERED: has_ridder=0 Lambda=0.00e+00
ABOUT TO INTEGRATE: bi_size=6 has_ridder=0 Lambda=0.00e+00
DERIVS_ENTRY: call#=1030000 has_ridder=0 Lambda=0.00e+00 a=1.49e-05
BG_INIT: background_solve OK
INPUT_READ: ridder_freeze_phi = 0 _TRUE_=1 (after class_read_flag)
DEBUG: Ridder field DISABLED. Lambda = 0.000000e+00
INPUT_READ: ridder_freeze_phi = 0 _TRUE_=1 (after class_read_flag)
DEBUG: Ridder field DISABLED. Lambda = 0.000000e+00, model_type not set to unified
BACKGROUND_INIT ENTERED: Lambda=0.00e+00
DEBUG BG_INIT ENTRY: model_type=0
DEBUG AFTER CHECKS: model_type=0 has_ridder=0
RIDDER DEBUG (background_init): has_ridder=0, Lambda_EDE_ridder=0.000000e+00, f_axion_ridder=1.000000e+16, theta_i_ridder=2.500000e+00, beta_ridder=0.000000e+00
BG_INIT: entering background_checks
BG_INIT: background_checks OK
DEBUG SHOOTING CHECK: has_ridder=0, model_type=0 (unified=1), use_shooting_EDE=0
BG_INIT: entering background_solve
BACKGROUND_SOLVE ENTERED: has_ridder=0 Lambda=0.00e+00
ABOUT TO INTEGRATE: bi_size=6 has_ridder=0 Lambda=0.00e+00
BG_INIT: background_solve OK
INPUT_READ: ridder_freeze_phi = 0 _TRUE_=1 (after class_read_flag)
DEBUG: Ridder field DISABLED. Lambda = 0.000000e+00
INPUT_READ: ridder_freeze_phi[mcmc] Progress @ 2025-11-27 09:19:10 : 2625 steps taken, and 434 accepted.
[mcmc] Progress @ 2025-11-27 09:20:12 : 2628 steps taken, and 434 accepted.
[mcmc] Progress @ 2025-11-27 09:21:16 : 2635 steps taken, and 434 accepted.
[mcmc] Progress @ 2025-11-27 09:22:23 : 2645 steps taken, and 434 accepted.
 = 0 _TRUE_=1 (after class_read_flag)
DEBUG: Ridder field DISABLED. Lambda = 0.000000e+00, model_type not set to unified
BACKGROUND_INIT ENTERED: Lambda=0.00e+00
DEBUG BG_INIT ENTRY: model_type=0
DEBUG AFTER CHECKS: model_type=0 has_ridder=0
RIDDER DEBUG (background_init): has_ridder=0, Lambda_EDE_ridder=0.000000e+00, f_axion_ridder=1.000000e+16, theta_i_ridder=2.500000e+00, beta_ridder=0.000000e+00
BG_INIT: entering background_checks
BG_INIT: background_checks OK
DEBUG SHOOTING CHECK: has_ridder=0, model_type=0 (unified=1), use_shooting_EDE=0
BG_INIT: entering background_solve
BACKGROUND_SOLVE ENTERED: has_ridder=0 Lambda=0.00e+00
ABOUT TO INTEGRATE: bi_size=6 has_ridder=0 Lambda=0.00e+00
DERIVS_ENTRY: call#=1035000 has_ridder=0 Lambda=0.00e+00 a=3.99e-11
BG_INIT: background_solve OK
INPUT_READ: ridder_freeze_phi = 0 _TRUE_=1 (after class_read_flag)
DEBUG: Ridder field DISABLED. Lambda = 0.000000e+00
INPUT_READ: ridder_freeze_phi = 0 _TRUE_=1 (after class_read_flag)
DEBUG: Ridder field DISABLED. Lambda = 0.000000e+00, model_type not set to unified
BACKGROUND_INIT ENTERED: Lambda=0.00e+00
DEBUG BG_INIT ENTRY: model_type=0
DEBUG AFTER CHECKS: model_type=0 has_ridder=0
RIDDER DEBUG (background_init): has_ridder=0, Lambda_EDE_ridder=0.000000e+00, f_axion_ridder=1.000000e+16, theta_i_ridder=2.500000e+00, beta_ridder=0.000000e+00
BG_INIT: entering background_checks
BG_INIT: background_checks OK
DEBUG SHOOTING CHECK: has_ridder=0, model_type=0 (unified=1), use_shooting_EDE=0
BG_INIT: entering background_solve
BACKGROUND_SOLVE ENTERED: has_ridder=0 Lambda=0.00e+00
ABOUT TO INTEGRATE: bi_size=6 has_ridder=0 Lambda=0.00e+00
DERIVS_ENTRY: call#=1040000 has_ridder=0 Lambda=0.00e+00 a=2.12e-06
BG_INIT: background_solve OK
INPUT_READ: ridder_freeze_phi = 0 _TRUE_=1 (after class_read_flag)
DEBUG: Ridder field DISABLED. Lambda = 0.000000e+00
INPUT_READ: ridder_freeze_phi = 0 _TRUE_=1 (after class_read_flag)
DEBUG: Ridder field DISABLED. Lambda = 0.000000e+00, model_type not set to unified
BACKGROUND_INIT ENTERED: Lambda=0.00e+00
DEBUG BG_INIT ENTRY: model_type=0
DEBUG AFTER CHECKS: model_type=0 has_ridder=0
RIDDER DEBUG (background_init): has_ridder=0, Lambda_EDE_ridder=0.000000e+00, f_axion_ridder=1.000000e+16, theta_i_ridder=2.500000e+00, beta_ridder=0.000000e+00
BG_INIT: entering background_checks
BG_INIT: background_checks OK
DEBUG SHOOTING CHECK: has_ridder=0, model_type=0 (unified=1), use_shooting_EDE=0
BG_INIT: entering background_solve
BACKGROUND_SOLVE ENTERED: has_ridder=0 Lambda=0.00e+00
ABOUT TO INTEGRATE: bi_size=6 has_ridder=0 Lambda=0.00e+00
BG_INIT: background_solve OK
INPUT_READ: ridder_freeze_phi = 0 _TRUE_=1 (after class_read_flag)
DEBUG: Ridder field DISABLED. Lambda = 0.000000e+00
INPUT_READ: ridder_freeze_phi = 0 _TRUE_=1 (after class_read_flag)
DEBUG: Ridder field DISABLED. Lambda = 0.000000e+00, model_type not set to unified
BACKGROUND_INIT ENTERED: Lambda=0.00e+00
DEBUG BG_INIT ENTRY: model_type=0
DEBUG AFTER CHECKS: model_type=0 has_ridder=0
RIDDER DEBUG (background_init): has_ridder=0, Lambda_EDE_ridder=0.000000e+00, f_axion_ridder=1.000000e+16, theta_i_ridder=2.500000e+00, beta_ridder=0.000000e+00
BG_INIT: entering background_checks
BG_INIT: background_checks OK
DEBUG SHOOTING CHECK: has_ridder=0, model_type=0 (unified=1), use_shooting_EDE=0
BG_INIT: entering background_solve
BACKGROUND_SOLVE ENTERED: has_ridder=0 Lambda=0.00e+00
ABOUT TO INTEGRATE: bi_size=6 has_ridder=0 Lambda=0.00e+00
DERIVS_ENTRY: call#=1045000 has_ridder=0 Lambda=0.00e+00 a=5.71e-14
BG_INIT: background_solve OK
INPUT_READ: ridder_freeze_phi = 0 _TRUE_=1 (after class_read_flag)
DEBUG: Ridder field DISABLED. Lambda = 0.000000e+00
INPUT_READ: ridder_freeze_phi = 0 _TRUE_=1 (after class_read_flag)
DEBUG: Ridder field DISABLED. Lambda = 0.000000e+00, model_type not set to unified
BACKGROUND_INIT ENTERED: Lambda=0.00e+00
DEBUG BG_INIT ENTRY: model_type=0
DEBUG AFTER CHECKS: model_type=0 has_ridder=0
RIDDER DEBUG (background_init): has_ridder=0, Lambda_EDE_ridder=0.000000e+00, f_axion_ridder=1.000000e+16, theta_i_ridder=2.500000e+00, beta_ridde[mcmc] Progress @ 2025-11-27 09:23:42 : 2658 steps taken, and 438 accepted.
[mcmc] Progress @ 2025-11-27 09:24:44 : 2660 steps taken, and 438 accepted.
[mcmc] Progress @ 2025-11-27 09:25:53 : 2664 steps taken, and 438 accepted.
[mcmc] Progress @ 2025-11-27 09:26:55 : 2669 steps taken, and 439 accepted.
r=0.000000e+00
BG_INIT: entering background_checks
BG_INIT: background_checks OK
DEBUG SHOOTING CHECK: has_ridder=0, model_type=0 (unified=1), use_shooting_EDE=0
BG_INIT: entering background_solve
BACKGROUND_SOLVE ENTERED: has_ridder=0 Lambda=0.00e+00
ABOUT TO INTEGRATE: bi_size=6 has_ridder=0 Lambda=0.00e+00
DERIVS_ENTRY: call#=1050000 has_ridder=0 Lambda=0.00e+00 a=3.60e-07
BG_INIT: background_solve OK
INPUT_READ: ridder_freeze_phi = 0 _TRUE_=1 (after class_read_flag)
DEBUG: Ridder field DISABLED. Lambda = 0.000000e+00
INPUT_READ: ridder_freeze_phi = 0 _TRUE_=1 (after class_read_flag)
DEBUG: Ridder field DISABLED. Lambda = 0.000000e+00, model_type not set to unified
BACKGROUND_INIT ENTERED: Lambda=0.00e+00
DEBUG BG_INIT ENTRY: model_type=0
DEBUG AFTER CHECKS: model_type=0 has_ridder=0
RIDDER DEBUG (background_init): has_ridder=0, Lambda_EDE_ridder=0.000000e+00, f_axion_ridder=1.000000e+16, theta_i_ridder=2.500000e+00, beta_ridder=0.000000e+00
BG_INIT: entering background_checks
BG_INIT: background_checks OK
DEBUG SHOOTING CHECK: has_ridder=0, model_type=0 (unified=1), use_shooting_EDE=0
BG_INIT: entering background_solve
BACKGROUND_SOLVE ENTERED: has_ridder=0 Lambda=0.00e+00
ABOUT TO INTEGRATE: bi_size=6 has_ridder=0 Lambda=0.00e+00
DERIVS_ENTRY: call#=1055000 has_ridder=0 Lambda=0.00e+00 a=5.60e-01
BG_INIT: background_solve OK
INPUT_READ: ridder_freeze_phi = 0 _TRUE_=1 (after class_read_flag)
DEBUG: Ridder field DISABLED. Lambda = 0.000000e+00
INPUT_READ: ridder_freeze_phi = 0 _TRUE_=1 (after class_read_flag)
DEBUG: Ridder field DISABLED. Lambda = 0.000000e+00, model_type not set to unified
BACKGROUND_INIT ENTERED: Lambda=0.00e+00
DEBUG BG_INIT ENTRY: model_type=0
DEBUG AFTER CHECKS: model_type=0 has_ridder=0
RIDDER DEBUG (background_init): has_ridder=0, Lambda_EDE_ridder=0.000000e+00, f_axion_ridder=1.000000e+16, theta_i_ridder=2.500000e+00, beta_ridder=0.000000e+00
BG_INIT: entering background_checks
BG_INIT: background_checks OK
DEBUG SHOOTING CHECK: has_ridder=0, model_type=0 (unified=1), use_shooting_EDE=0
BG_INIT: entering background_solve
BACKGROUND_SOLVE ENTERED: has_ridder=0 Lambda=0.00e+00
ABOUT TO INTEGRATE: bi_size=6 has_ridder=0 Lambda=0.00e+00
BG_INIT: background_solve OK
INPUT_READ: ridder_freeze_phi = 0 _TRUE_=1 (after class_read_flag)
DEBUG: Ridder field DISABLED. Lambda = 0.000000e+00
INPUT_READ: ridder_freeze_phi = 0 _TRUE_=1 (after class_read_flag)
DEBUG: Ridder field DISABLED. Lambda = 0.000000e+00, model_type not set to unified
BACKGROUND_INIT ENTERED: Lambda=0.00e+00
DEBUG BG_INIT ENTRY: model_type=0
DEBUG AFTER CHECKS: model_type=0 has_ridder=0
RIDDER DEBUG (background_init): has_ridder=0, Lambda_EDE_ridder=0.000000e+00, f_axion_ridder=1.000000e+16, theta_i_ridder=2.500000e+00, beta_ridder=0.000000e+00
BG_INIT: entering background_checks
BG_INIT: background_checks OK
DEBUG SHOOTING CHECK: has_ridder=0, model_type=0 (unified=1), use_shooting_EDE=0
BG_INIT: entering background_solve
BACKGROUND_SOLVE ENTERED: has_ridder=0 Lambda=0.00e+00
ABOUT TO INTEGRATE: bi_size=6 has_ridder=0 Lambda=0.00e+00
DERIVS_ENTRY: call#=1060000 has_ridder=0 Lambda=0.00e+00 a=5.41e-08
BG_INIT: background_solve OK
INPUT_READ: ridder_freeze_phi = 0 _TRUE_=1 (after class_read_flag)
DEBUG: Ridder field DISABLED. Lambda = 0.000000e+00
INPUT_READ: ridder_freeze_phi = 0 _TRUE_=1 (after class_read_flag)
DEBUG: Ridder field DISABLED. Lambda = 0.000000e+00, model_type not set to unified
BACKGROUND_INIT ENTERED: Lambda=0.00e+00
DEBUG BG_INIT ENTRY: model_type=0
DEBUG AFTER CHECKS: model_type=0 has_ridder=0
RIDDER DEBUG (background_init): has_ridder=0, Lambda_EDE_ridder=0.000000e+00, f_axion_ridder=1.000000e+16, theta_i_ridder=2.500000e+00, beta_ridder=0.000000e+00
BG_INIT: entering background_checks
BG_INIT: background_checks OK
DEBUG SHOOTING CHECK: has_ridder=0, model_type=0 (unified=1), use_shooting_EDE=0
BG_INIT: entering background_solve
BACKGROUND_SOLVE ENTERED: has_ridder=0 Lambda=0.00e+00
ABOUT TO INTEGRATE: bi_size=6 has_ridder=0 Lambda=0.00e+00
DERIVS_ENTRY: call#=1065000 has_ridder=0 Lambda=0.00e+00 a=3.49e-02
BG_INIT: [mcmc] Progress @ 2025-11-27 09:28:02 : 2679 steps taken, and 441 accepted.
[mcmc] Progress @ 2025-11-27 09:29:15 : 2690 steps taken, and 443 accepted.
[mcmc] Progress @ 2025-11-27 09:30:24 : 2716 steps taken, and 445 accepted.
[mcmc] Progress @ 2025-11-27 09:31:25 : 2718 steps taken, and 445 accepted.
[mcmc] Progress @ 2025-11-27 09:32:38 : 2724 steps taken, and 446 accepted.
background_solve OK
INPUT_READ: ridder_freeze_phi = 0 _TRUE_=1 (after class_read_flag)
DEBUG: Ridder field DISABLED. Lambda = 0.000000e+00
INPUT_READ: ridder_freeze_phi = 0 _TRUE_=1 (after class_read_flag)
DEBUG: Ridder field DISABLED. Lambda = 0.000000e+00, model_type not set to unified
BACKGROUND_INIT ENTERED: Lambda=0.00e+00
DEBUG BG_INIT ENTRY: model_type=0
DEBUG AFTER CHECKS: model_type=0 has_ridder=0
RIDDER DEBUG (background_init): has_ridder=0, Lambda_EDE_ridder=0.000000e+00, f_axion_ridder=1.000000e+16, theta_i_ridder=2.500000e+00, beta_ridder=0.000000e+00
BG_INIT: entering background_checks
BG_INIT: background_checks OK
DEBUG SHOOTING CHECK: has_ridder=0, model_type=0 (unified=1), use_shooting_EDE=0
BG_INIT: entering background_solve
BACKGROUND_SOLVE ENTERED: has_ridder=0 Lambda=0.00e+00
ABOUT TO INTEGRATE: bi_size=6 has_ridder=0 Lambda=0.00e+00
BG_INIT: background_solve OK
INPUT_READ: ridder_freeze_phi = 0 _TRUE_=1 (after class_read_flag)
DEBUG: Ridder field DISABLED. Lambda = 0.000000e+00
INPUT_READ: ridder_freeze_phi = 0 _TRUE_=1 (after class_read_flag)
DEBUG: Ridder field DISABLED. Lambda = 0.000000e+00, model_type not set to unified
BACKGROUND_INIT ENTERED: Lambda=0.00e+00
DEBUG BG_INIT ENTRY: model_type=0
DEBUG AFTER CHECKS: model_type=0 has_ridder=0
RIDDER DEBUG (background_init): has_ridder=0, Lambda_EDE_ridder=0.000000e+00, f_axion_ridder=1.000000e+16, theta_i_ridder=2.500000e+00, beta_ridder=0.000000e+00
BG_INIT: entering background_checks
BG_INIT: background_checks OK
DEBUG SHOOTING CHECK: has_ridder=0, model_type=0 (unified=1), use_shooting_EDE=0
BG_INIT: entering background_solve
BACKGROUND_SOLVE ENTERED: has_ridder=0 Lambda=0.00e+00
ABOUT TO INTEGRATE: bi_size=6 has_ridder=0 Lambda=0.00e+00
DERIVS_ENTRY: call#=1070000 has_ridder=0 Lambda=0.00e+00 a=7.69e-09
BG_INIT: background_solve OK
INPUT_READ: ridder_freeze_phi = 0 _TRUE_=1 (after class_read_flag)
DEBUG: Ridder field DISABLED. Lambda = 0.000000e+00
INPUT_READ: ridder_freeze_phi = 0 _TRUE_=1 (after class_read_flag)
DEBUG: Ridder field DISABLED. Lambda = 0.000000e+00, model_type not set to unified
BACKGROUND_INIT ENTERED: Lambda=0.00e+00
DEBUG BG_INIT ENTRY: model_type=0
DEBUG AFTER CHECKS: model_type=0 has_ridder=0
RIDDER DEBUG (background_init): has_ridder=0, Lambda_EDE_ridder=0.000000e+00, f_axion_ridder=1.000000e+16, theta_i_ridder=2.500000e+00, beta_ridder=0.000000e+00
BG_INIT: entering background_checks
BG_INIT: background_checks OK
DEBUG SHOOTING CHECK: has_ridder=0, model_type=0 (unified=1), use_shooting_EDE=0
BG_INIT: entering background_solve
BACKGROUND_SOLVE ENTERED: has_ridder=0 Lambda=0.00e+00
ABOUT TO INTEGRATE: bi_size=6 has_ridder=0 Lambda=0.00e+00
DERIVS_ENTRY: call#=1075000 has_ridder=0 Lambda=0.00e+00 a=6.50e-04
BG_INIT: background_solve OK
INPUT_READ: ridder_freeze_phi = 0 _TRUE_=1 (after class_read_flag)
DEBUG: Ridder field DISABLED. Lambda = 0.000000e+00
INPUT_READ: ridder_freeze_phi = 0 _TRUE_=1 (after class_read_flag)
DEBUG: Ridder field DISABLED. Lambda = 0.000000e+00, model_type not set to unified
BACKGROUND_INIT ENTERED: Lambda=0.00e+00
DEBUG BG_INIT ENTRY: model_type=0
DEBUG AFTER CHECKS: model_type=0 has_ridder=0
RIDDER DEBUG (background_init): has_ridder=0, Lambda_EDE_ridder=0.000000e+00, f_axion_ridder=1.000000e+16, theta_i_ridder=2.500000e+00, beta_ridder=0.000000e+00
BG_INIT: entering background_checks
BG_INIT: background_checks OK
DEBUG SHOOTING CHECK: has_ridder=0, model_type=0 (unified=1), use_shooting_EDE=0
BG_INIT: entering background_solve
BACKGROUND_SOLVE ENTERED: has_ridder=0 Lambda=0.00e+00
ABOUT TO INTEGRATE: bi_size=6 has_ridder=0 Lambda=0.00e+00
BG_INIT: background_solve OK
INPUT_READ: ridder_freeze_phi = 0 _TRUE_=1 (after class_read_flag)
DEBUG: Ridder field DISABLED. Lambda = 0.000000e+00
INPUT_READ: ridder_freeze_phi = 0 _TRUE_=1 (after class_read_flag)
DEBUG: Ridder field DISABLED. Lambda = 0.000000e+00, model_type not set to unified
BACKGROUND_INIT ENTERED: Lambda=0.00e+00
DEBUG BG_INIT ENTRY: model_type=0
DEBUG AFTER CHECKS: model_type=0 has_ridder=0
RIDDER DEBUG (background_init): has_ridder=0, [mcmc] Progress @ 2025-11-27 09:33:45 : 2726 steps taken, and 446 accepted.
[mcmc] Progress @ 2025-11-27 09:34:46 : 2729 steps taken, and 446 accepted.
[mcmc] Progress @ 2025-11-27 09:35:57 : 2738 steps taken, and 447 accepted.
[mcmc] Progress @ 2025-11-27 09:37:12 : 2754 steps taken, and 449 accepted.
Lambda_EDE_ridder=0.000000e+00, f_axion_ridder=1.000000e+16, theta_i_ridder=2.500000e+00, beta_ridder=0.000000e+00
BG_INIT: entering background_checks
BG_INIT: background_checks OK
DEBUG SHOOTING CHECK: has_ridder=0, model_type=0 (unified=1), use_shooting_EDE=0
BG_INIT: entering background_solve
BACKGROUND_SOLVE ENTERED: has_ridder=0 Lambda=0.00e+00
ABOUT TO INTEGRATE: bi_size=6 has_ridder=0 Lambda=0.00e+00
DERIVS_ENTRY: call#=1080000 has_ridder=0 Lambda=0.00e+00 a=1.12e-09
BG_INIT: background_solve OK
INPUT_READ: ridder_freeze_phi = 0 _TRUE_=1 (after class_read_flag)
DEBUG: Ridder field DISABLED. Lambda = 0.000000e+00
INPUT_READ: ridder_freeze_phi = 0 _TRUE_=1 (after class_read_flag)
DEBUG: Ridder field DISABLED. Lambda = 0.000000e+00, model_type not set to unified
BACKGROUND_INIT ENTERED: Lambda=0.00e+00
DEBUG BG_INIT ENTRY: model_type=0
DEBUG AFTER CHECKS: model_type=0 has_ridder=0
RIDDER DEBUG (background_init): has_ridder=0, Lambda_EDE_ridder=0.000000e+00, f_axion_ridder=1.000000e+16, theta_i_ridder=2.500000e+00, beta_ridder=0.000000e+00
BG_INIT: entering background_checks
BG_INIT: background_checks OK
DEBUG SHOOTING CHECK: has_ridder=0, model_type=0 (unified=1), use_shooting_EDE=0
BG_INIT: entering background_solve
BACKGROUND_SOLVE ENTERED: has_ridder=0 Lambda=0.00e+00
ABOUT TO INTEGRATE: bi_size=6 has_ridder=0 Lambda=0.00e+00
DERIVS_ENTRY: call#=1085000 has_ridder=0 Lambda=0.00e+00 a=5.74e-05
BG_INIT: background_solve OK
INPUT_READ: ridder_freeze_phi = 0 _TRUE_=1 (after class_read_flag)
DEBUG: Ridder field DISABLED. Lambda = 0.000000e+00
INPUT_READ: ridder_freeze_phi = 0 _TRUE_=1 (after class_read_flag)
DEBUG: Ridder field DISABLED. Lambda = 0.000000e+00, model_type not set to unified
BACKGROUND_INIT ENTERED: Lambda=0.00e+00
DEBUG BG_INIT ENTRY: model_type=0
DEBUG AFTER CHECKS: model_type=0 has_ridder=0
RIDDER DEBUG (background_init): has_ridder=0, Lambda_EDE_ridder=0.000000e+00, f_axion_ridder=1.000000e+16, theta_i_ridder=2.500000e+00, beta_ridder=0.000000e+00
BG_INIT: entering background_checks
BG_INIT: background_checks OK
DEBUG SHOOTING CHECK: has_ridder=0, model_type=0 (unified=1), use_shooting_EDE=0
BG_INIT: entering background_solve
BACKGROUND_SOLVE ENTERED: has_ridder=0 Lambda=0.00e+00
ABOUT TO INTEGRATE: bi_size=6 has_ridder=0 Lambda=0.00e+00
BG_INIT: background_solve OK
INPUT_READ: ridder_freeze_phi = 0 _TRUE_=1 (after class_read_flag)
DEBUG: Ridder field DISABLED. Lambda = 0.000000e+00
INPUT_READ: ridder_freeze_phi = 0 _TRUE_=1 (after class_read_flag)
DEBUG: Ridder field DISABLED. Lambda = 0.000000e+00, model_type not set to unified
BACKGROUND_INIT ENTERED: Lambda=0.00e+00
DEBUG BG_INIT ENTRY: model_type=0
DEBUG AFTER CHECKS: model_type=0 has_ridder=0
RIDDER DEBUG (background_init): has_ridder=0, Lambda_EDE_ridder=0.000000e+00, f_axion_ridder=1.000000e+16, theta_i_ridder=2.500000e+00, beta_ridder=0.000000e+00
BG_INIT: entering background_checks
BG_INIT: background_checks OK
DEBUG SHOOTING CHECK: has_ridder=0, model_type=0 (unified=1), use_shooting_EDE=0
BG_INIT: entering background_solve
BACKGROUND_SOLVE ENTERED: has_ridder=0 Lambda=0.00e+00
ABOUT TO INTEGRATE: bi_size=6 has_ridder=0 Lambda=0.00e+00
DERIVS_ENTRY: call#=1090000 has_ridder=0 Lambda=0.00e+00 a=1.53e-10
BG_INIT: background_solve OK
INPUT_READ: ridder_freeze_phi = 0 _TRUE_=1 (after class_read_flag)
DEBUG: Ridder field DISABLED. Lambda = 0.000000e+00
INPUT_READ: ridder_freeze_phi = 0 _TRUE_=1 (after class_read_flag)
DEBUG: Ridder field DISABLED. Lambda = 0.000000e+00, model_type not set to unified
BACKGROUND_INIT ENTERED: Lambda=0.00e+00
DEBUG BG_INIT ENTRY: model_type=0
DEBUG AFTER CHECKS: model_type=0 has_ridder=0
RIDDER DEBUG (background_init): has_ridder=0, Lambda_EDE_ridder=0.000000e+00, f_axion_ridder=1.000000e+16, theta_i_ridder=2.500000e+00, beta_ridder=0.000000e+00
BG_INIT: entering background_checks
BG_INIT: background_checks OK
DEBUG SHOOTING CHECK: has_ridder=0, model_type=0 (unified=1), use_shooting_EDE=0
BG_INIT: entering background_solve
BACKGROUND_SOLVE ENTERED: has_ridder=0 Lambda=0.00e+00
ABOUT TO INTEGRATE: bi_size=6 has_ri[mcmc] Progress @ 2025-11-27 09:38:17 : 2757 steps taken, and 450 accepted.
[mcmc] Progress @ 2025-11-27 09:39:49 : 2788 steps taken, and 456 accepted.
[mcmc] Progress @ 2025-11-27 09:40:54 : 2790 steps taken, and 456 accepted.
[mcmc] Progress @ 2025-11-27 09:42:06 : 2808 steps taken, and 458 accepted.
[mcmc] Progress @ 2025-11-27 09:43:08 : 2809 steps taken, and 458 accepted.
dder=0 Lambda=0.00e+00
DERIVS_ENTRY: call#=1095000 has_ridder=0 Lambda=0.00e+00 a=2.62e-05
BG_INIT: background_solve OK
INPUT_READ: ridder_freeze_phi = 0 _TRUE_=1 (after class_read_flag)
DEBUG: Ridder field DISABLED. Lambda = 0.000000e+00
INPUT_READ: ridder_freeze_phi = 0 _TRUE_=1 (after class_read_flag)
DEBUG: Ridder field DISABLED. Lambda = 0.000000e+00, model_type not set to unified
BACKGROUND_INIT ENTERED: Lambda=0.00e+00
DEBUG BG_INIT ENTRY: model_type=0
DEBUG AFTER CHECKS: model_type=0 has_ridder=0
RIDDER DEBUG (background_init): has_ridder=0, Lambda_EDE_ridder=0.000000e+00, f_axion_ridder=1.000000e+16, theta_i_ridder=2.500000e+00, beta_ridder=0.000000e+00
BG_INIT: entering background_checks
BG_INIT: background_checks OK
DEBUG SHOOTING CHECK: has_ridder=0, model_type=0 (unified=1), use_shooting_EDE=0
BG_INIT: entering background_solve
BACKGROUND_SOLVE ENTERED: has_ridder=0 Lambda=0.00e+00
ABOUT TO INTEGRATE: bi_size=6 has_ridder=0 Lambda=0.00e+00
BG_INIT: background_solve OK
INPUT_READ: ridder_freeze_phi = 0 _TRUE_=1 (after class_read_flag)
DEBUG: Ridder field DISABLED. Lambda = 0.000000e+00
INPUT_READ: ridder_freeze_phi = 0 _TRUE_=1 (after class_read_flag)
DEBUG: Ridder field DISABLED. Lambda = 0.000000e+00, model_type not set to unified
BACKGROUND_INIT ENTERED: Lambda=0.00e+00
DEBUG BG_INIT ENTRY: model_type=0
DEBUG AFTER CHECKS: model_type=0 has_ridder=0
RIDDER DEBUG (background_init): has_ridder=0, Lambda_EDE_ridder=0.000000e+00, f_axion_ridder=1.000000e+16, theta_i_ridder=2.500000e+00, beta_ridder=0.000000e+00
BG_INIT: entering background_checks
BG_INIT: background_checks OK
DEBUG SHOOTING CHECK: has_ridder=0, model_type=0 (unified=1), use_shooting_EDE=0
BG_INIT: entering background_solve
BACKGROUND_SOLVE ENTERED: has_ridder=0 Lambda=0.00e+00
ABOUT TO INTEGRATE: bi_size=6 has_ridder=0 Lambda=0.00e+00
DERIVS_ENTRY: call#=1100000 has_ridder=0 Lambda=0.00e+00 a=7.59e-11
BG_INIT: background_solve OK
INPUT_READ: ridder_freeze_phi = 0 _TRUE_=1 (after class_read_flag)
DEBUG: Ridder field DISABLED. Lambda = 0.000000e+00
INPUT_READ: ridder_freeze_phi = 0 _TRUE_=1 (after class_read_flag)
DEBUG: Ridder field DISABLED. Lambda = 0.000000e+00, model_type not set to unified
BACKGROUND_INIT ENTERED: Lambda=0.00e+00
DEBUG BG_INIT ENTRY: model_type=0
DEBUG AFTER CHECKS: model_type=0 has_ridder=0
RIDDER DEBUG (background_init): has_ridder=0, Lambda_EDE_ridder=0.000000e+00, f_axion_ridder=1.000000e+16, theta_i_ridder=2.500000e+00, beta_ridder=0.000000e+00
BG_INIT: entering background_checks
BG_INIT: background_checks OK
DEBUG SHOOTING CHECK: has_ridder=0, model_type=0 (unified=1), use_shooting_EDE=0
BG_INIT: entering background_solve
BACKGROUND_SOLVE ENTERED: has_ridder=0 Lambda=0.00e+00
ABOUT TO INTEGRATE: bi_size=6 has_ridder=0 Lambda=0.00e+00
DERIVS_ENTRY: call#=1105000 has_ridder=0 Lambda=0.00e+00 a=3.73e-06
BG_INIT: background_solve OK
INPUT_READ: ridder_freeze_phi = 0 _TRUE_=1 (after class_read_flag)
DEBUG: Ridder field DISABLED. Lambda = 0.000000e+00
INPUT_READ: ridder_freeze_phi = 0 _TRUE_=1 (after class_read_flag)
DEBUG: Ridder field DISABLED. Lambda = 0.000000e+00, model_type not set to unified
BACKGROUND_INIT ENTERED: Lambda=0.00e+00
DEBUG BG_INIT ENTRY: model_type=0
DEBUG AFTER CHECKS: model_type=0 has_ridder=0
RIDDER DEBUG (background_init): has_ridder=0, Lambda_EDE_ridder=0.000000e+00, f_axion_ridder=1.000000e+16, theta_i_ridder=2.500000e+00, beta_ridder=0.000000e+00
BG_INIT: entering background_checks
BG_INIT: background_checks OK
DEBUG SHOOTING CHECK: has_ridder=0, model_type=0 (unified=1), use_shooting_EDE=0
BG_INIT: entering background_solve
BACKGROUND_SOLVE ENTERED: has_ridder=0 Lambda=0.00e+00
ABOUT TO INTEGRATE: bi_size=6 has_ridder=0 Lambda=0.00e+00
BG_INIT: background_solve OK
INPUT_READ: ridder_freeze_phi = 0 _TRUE_=1 (after class_read_flag)
DEBUG: Ridder field DISABLED. Lambda = 0.000000e+00
INPUT_READ: ridder_freeze_phi = 0 _TRUE_=1 (after class_read_flag)
DEBUG: Ridder field DISABLED. Lambda = 0.000000e+00, model_type not set to unified
BACKGROUND_INIT ENTERED: Lambda=0.00e+00
DEBUG BG_INIT ENTRY: model[mcmc] Progress @ 2025-11-27 09:45:10 : 2813 steps taken, and 458 accepted.
[mcmc] Progress @ 2025-11-27 09:46:41 : 2831 steps taken, and 460 accepted.
[mcmc] Progress @ 2025-11-27 09:47:41 : 2833 steps taken, and 460 accepted.
_type=0
DEBUG AFTER CHECKS: model_type=0 has_ridder=0
RIDDER DEBUG (background_init): has_ridder=0, Lambda_EDE_ridder=0.000000e+00, f_axion_ridder=1.000000e+16, theta_i_ridder=2.500000e+00, beta_ridder=0.000000e+00
BG_INIT: entering background_checks
BG_INIT: background_checks OK
DEBUG SHOOTING CHECK: has_ridder=0, model_type=0 (unified=1), use_shooting_EDE=0
BG_INIT: entering background_solve
BACKGROUND_SOLVE ENTERED: has_ridder=0 Lambda=0.00e+00
ABOUT TO INTEGRATE: bi_size=6 has_ridder=0 Lambda=0.00e+00
DERIVS_ENTRY: call#=1110000 has_ridder=0 Lambda=0.00e+00 a=3.46e-13
BG_INIT: background_solve OK
INPUT_READ: ridder_freeze_phi = 0 _TRUE_=1 (after class_read_flag)
DEBUG: Ridder field DISABLED. Lambda = 0.000000e+00
INPUT_READ: ridder_freeze_phi = 0 _TRUE_=1 (after class_read_flag)
DEBUG: Ridder field DISABLED. Lambda = 0.000000e+00, model_type not set to unified
BACKGROUND_INIT ENTERED: Lambda=0.00e+00
DEBUG BG_INIT ENTRY: model_type=0
DEBUG AFTER CHECKS: model_type=0 has_ridder=0
RIDDER DEBUG (background_init): has_ridder=0, Lambda_EDE_ridder=0.000000e+00, f_axion_ridder=1.000000e+16, theta_i_ridder=2.500000e+00, beta_ridder=0.000000e+00
BG_INIT: entering background_checks
BG_INIT: background_checks OK
DEBUG SHOOTING CHECK: has_ridder=0, model_type=0 (unified=1), use_shooting_EDE=0
BG_INIT: entering background_solve
BACKGROUND_SOLVE ENTERED: has_ridder=0 Lambda=0.00e+00
ABOUT TO INTEGRATE: bi_size=6 has_ridder=0 Lambda=0.00e+00
DERIVS_ENTRY: call#=1115000 has_ridder=0 Lambda=0.00e+00 a=5.01e-07
BG_INIT: background_solve OK
INPUT_READ: ridder_freeze_phi = 0 _TRUE_=1 (after class_read_flag)
DEBUG: Ridder field DISABLED. Lambda = 0.000000e+00
INPUT_READ: ridder_freeze_phi = 0 _TRUE_=1 (after class_read_flag)
DEBUG: Ridder field DISABLED. Lambda = 0.000000e+00, model_type not set to unified
BACKGROUND_INIT ENTERED: Lambda=0.00e+00
DEBUG BG_INIT ENTRY: model_type=0
DEBUG AFTER CHECKS: model_type=0 has_ridder=0
RIDDER DEBUG (background_init): has_ridder=0, Lambda_EDE_ridder=0.000000e+00, f_axion_ridder=1.000000e+16, theta_i_ridder=2.500000e+00, beta_ridder=0.000000e+00
BG_INIT: entering background_checks
BG_INIT: background_checks OK
DEBUG SHOOTING CHECK: has_ridder=0, model_type=0 (unified=1), use_shooting_EDE=0
BG_INIT: entering background_solve
BACKGROUND_SOLVE ENTERED: has_ridder=0 Lambda=0.00e+00
ABOUT TO INTEGRATE: bi_size=6 has_ridder=0 Lambda=0.00e+00
DERIVS_ENTRY: call#=1120000 has_ridder=0 Lambda=0.00e+00 a=6.90e-01
BG_INIT: background_solve OK
INPUT_READ: ridder_freeze_phi = 0 _TRUE_=1 (after class_read_flag)
DEBUG: Ridder field DISABLED. Lambda = 0.000000e+00
INPUT_READ: ridder_freeze_phi = 0 _TRUE_=1 (after class_read_flag)
DEBUG: Ridder field DISABLED. Lambda = 0.000000e+00, model_type not set to unified
BACKGROUND_INIT ENTERED: Lambda=0.00e+00
DEBUG BG_INIT ENTRY: model_type=0
DEBUG AFTER CHECKS: model_type=0 has_ridder=0
RIDDER DEBUG (background_init): has_ridder=0, Lambda_EDE_ridder=0.000000e+00, f_axion_ridder=1.000000e+16, theta_i_ridder=2.500000e+00, beta_ridder=0.000000e+00
BG_INIT: entering background_checks
BG_INIT: background_checks OK
DEBUG SHOOTING CHECK: has_ridder=0, model_type=0 (unified=1), use_shooting_EDE=0
BG_INIT: entering background_solve
BACKGROUND_SOLVE ENTERED: has_ridder=0 Lambda=0.00e+00
ABOUT TO INTEGRATE: bi_size=6 has_ridder=0 Lambda=0.00e+00
BG_INIT: background_solve OK
INPUT_READ: ridder_freeze_phi = 0 _TRUE_=1 (after class_read_flag)
DEBUG: Ridder field DISABLED. Lambda = 0.000000e+00
INPUT_READ: ridder_freeze_phi = 0 _TRUE_=1 (after class_read_flag)
DEBUG: Ridder field DISABLED. Lambda = 0.000000e+00, model_type not set to unified
BACKGROUND_INIT ENTERED: Lambda=0.00e+00
DEBUG BG_INIT ENTRY: model_type=0
DEBUG AFTER CHECKS: model_type=0 has_ridder=0
RIDDER DEBUG (background_init): has_ridder=0, Lambda_EDE_ridder=0.000000e+00, f_axion_ridder=1.000000e+16, theta_i_ridder=2.500000e+00, beta_ridder=0.000000e+00
BG_INIT: entering background_checks
BG_INIT: background_checks OK
DEBUG SHOOTING CHECK: has_ridder=0, model_type=0 (unified=1), use_shooting_EDE=0
BG_INIT: entering backgrou[mcmc] Progress @ 2025-11-27 09:48:41 : 2839 steps taken, and 461 accepted.
[mcmc] Progress @ 2025-11-27 09:49:42 : 2843 steps taken, and 462 accepted.
[mcmc] Progress @ 2025-11-27 09:50:44 : 2852 steps taken, and 464 accepted.
[mcmc] Progress @ 2025-11-27 09:51:44 : 2855 steps taken, and 464 accepted.
[mcmc] Progress @ 2025-11-27 09:52:47 : 2859 steps taken, and 464 accepted.
nd_solve
BACKGROUND_SOLVE ENTERED: has_ridder=0 Lambda=0.00e+00
ABOUT TO INTEGRATE: bi_size=6 has_ridder=0 Lambda=0.00e+00
DERIVS_ENTRY: call#=1125000 has_ridder=0 Lambda=0.00e+00 a=8.99e-08
BG_INIT: background_solve OK
INPUT_READ: ridder_freeze_phi = 0 _TRUE_=1 (after class_read_flag)
DEBUG: Ridder field DISABLED. Lambda = 0.000000e+00
INPUT_READ: ridder_freeze_phi = 0 _TRUE_=1 (after class_read_flag)
DEBUG: Ridder field DISABLED. Lambda = 0.000000e+00, model_type not set to unified
BACKGROUND_INIT ENTERED: Lambda=0.00e+00
DEBUG BG_INIT ENTRY: model_type=0
DEBUG AFTER CHECKS: model_type=0 has_ridder=0
RIDDER DEBUG (background_init): has_ridder=0, Lambda_EDE_ridder=0.000000e+00, f_axion_ridder=1.000000e+16, theta_i_ridder=2.500000e+00, beta_ridder=0.000000e+00
BG_INIT: entering background_checks
BG_INIT: background_checks OK
DEBUG SHOOTING CHECK: has_ridder=0, model_type=0 (unified=1), use_shooting_EDE=0
BG_INIT: entering background_solve
BACKGROUND_SOLVE ENTERED: has_ridder=0 Lambda=0.00e+00
ABOUT TO INTEGRATE: bi_size=6 has_ridder=0 Lambda=0.00e+00
DERIVS_ENTRY: call#=1130000 has_ridder=0 Lambda=0.00e+00 a=1.00e-01
BG_INIT: background_solve OK
INPUT_READ: ridder_freeze_phi = 0 _TRUE_=1 (after class_read_flag)
DEBUG: Ridder field DISABLED. Lambda = 0.000000e+00
INPUT_READ: ridder_freeze_phi = 0 _TRUE_=1 (after class_read_flag)
DEBUG: Ridder field DISABLED. Lambda = 0.000000e+00, model_type not set to unified
BACKGROUND_INIT ENTERED: Lambda=0.00e+00
DEBUG BG_INIT ENTRY: model_type=0
DEBUG AFTER CHECKS: model_type=0 has_ridder=0
RIDDER DEBUG (background_init): has_ridder=0, Lambda_EDE_ridder=0.000000e+00, f_axion_ridder=1.000000e+16, theta_i_ridder=2.500000e+00, beta_ridder=0.000000e+00
BG_INIT: entering background_checks
BG_INIT: background_checks OK
DEBUG SHOOTING CHECK: has_ridder=0, model_type=0 (unified=1), use_shooting_EDE=0
BG_INIT: entering background_solve
BACKGROUND_SOLVE ENTERED: has_ridder=0 Lambda=0.00e+00
ABOUT TO INTEGRATE: bi_size=6 has_ridder=0 Lambda=0.00e+00
BG_INIT: background_solve OK
INPUT_READ: ridder_freeze_phi = 0 _TRUE_=1 (after class_read_flag)
DEBUG: Ridder field DISABLED. Lambda = 0.000000e+00
INPUT_READ: ridder_freeze_phi = 0 _TRUE_=1 (after class_read_flag)
DEBUG: Ridder field DISABLED. Lambda = 0.000000e+00, model_type not set to unified
BACKGROUND_INIT ENTERED: Lambda=0.00e+00
DEBUG BG_INIT ENTRY: model_type=0
DEBUG AFTER CHECKS: model_type=0 has_ridder=0
RIDDER DEBUG (background_init): has_ridder=0, Lambda_EDE_ridder=0.000000e+00, f_axion_ridder=1.000000e+16, theta_i_ridder=2.500000e+00, beta_ridder=0.000000e+00
BG_INIT: entering background_checks
BG_INIT: background_checks OK
DEBUG SHOOTING CHECK: has_ridder=0, model_type=0 (unified=1), use_shooting_EDE=0
BG_INIT: entering background_solve
BACKGROUND_SOLVE ENTERED: has_ridder=0 Lambda=0.00e+00
ABOUT TO INTEGRATE: bi_size=6 has_ridder=0 Lambda=0.00e+00
DERIVS_ENTRY: call#=1135000 has_ridder=0 Lambda=0.00e+00 a=1.30e-08
BG_INIT: background_solve OK
INPUT_READ: ridder_freeze_phi = 0 _TRUE_=1 (after class_read_flag)
DEBUG: Ridder field DISABLED. Lambda = 0.000000e+00
INPUT_READ: ridder_freeze_phi = 0 _TRUE_=1 (after class_read_flag)
DEBUG: Ridder field DISABLED. Lambda = 0.000000e+00, model_type not set to unified
BACKGROUND_INIT ENTERED: Lambda=0.00e+00
DEBUG BG_INIT ENTRY: model_type=0
DEBUG AFTER CHECKS: model_type=0 has_ridder=0
RIDDER DEBUG (background_init): has_ridder=0, Lambda_EDE_ridder=0.000000e+00, f_axion_ridder=1.000000e+16, theta_i_ridder=2.500000e+00, beta_ridder=0.000000e+00
BG_INIT: entering background_checks
BG_INIT: background_checks OK
DEBUG SHOOTING CHECK: has_ridder=0, model_type=0 (unified=1), use_shooting_EDE=0
BG_INIT: entering background_solve
BACKGROUND_SOLVE ENTERED: has_ridder=0 Lambda=0.00e+00
ABOUT TO INTEGRATE: bi_size=6 has_ridder=0 Lambda=0.00e+00
DERIVS_ENTRY: call#=1140000 has_ridder=0 Lambda=0.00e+00 a=1.93e-03
BG_INIT: background_solve OK
INPUT_READ: ridder_freeze_phi = 0 _TRUE_=1 (after class_read_flag)
DEBUG: Ridder field DISABLED. Lambda = 0.000000e+00
INPUT_READ: ridder_freeze_phi = 0 _TRUE_=1 (after[mcmc] Progress @ 2025-11-27 09:53:49 : 2861 steps taken, and 464 accepted.
[mcmc] Progress @ 2025-11-27 09:55:15 : 2883 steps taken, and 467 accepted.
[mcmc] Progress @ 2025-11-27 09:56:19 : 2885 steps taken, and 467 accepted.
[mcmc] Progress @ 2025-11-27 09:57:28 : 2892 steps taken, and 469 accepted.
 class_read_flag)
DEBUG: Ridder field DISABLED. Lambda = 0.000000e+00, model_type not set to unified
BACKGROUND_INIT ENTERED: Lambda=0.00e+00
DEBUG BG_INIT ENTRY: model_type=0
DEBUG AFTER CHECKS: model_type=0 has_ridder=0
RIDDER DEBUG (background_init): has_ridder=0, Lambda_EDE_ridder=0.000000e+00, f_axion_ridder=1.000000e+16, theta_i_ridder=2.500000e+00, beta_ridder=0.000000e+00
BG_INIT: entering background_checks
BG_INIT: background_checks OK
DEBUG SHOOTING CHECK: has_ridder=0, model_type=0 (unified=1), use_shooting_EDE=0
BG_INIT: entering background_solve
BACKGROUND_SOLVE ENTERED: has_ridder=0 Lambda=0.00e+00
ABOUT TO INTEGRATE: bi_size=6 has_ridder=0 Lambda=0.00e+00
BG_INIT: background_solve OK
INPUT_READ: ridder_freeze_phi = 0 _TRUE_=1 (after class_read_flag)
DEBUG: Ridder field DISABLED. Lambda = 0.000000e+00
INPUT_READ: ridder_freeze_phi = 0 _TRUE_=1 (after class_read_flag)
DEBUG: Ridder field DISABLED. Lambda = 0.000000e+00, model_type not set to unified
BACKGROUND_INIT ENTERED: Lambda=0.00e+00
DEBUG BG_INIT ENTRY: model_type=0
DEBUG AFTER CHECKS: model_type=0 has_ridder=0
RIDDER DEBUG (background_init): has_ridder=0, Lambda_EDE_ridder=0.000000e+00, f_axion_ridder=1.000000e+16, theta_i_ridder=2.500000e+00, beta_ridder=0.000000e+00
BG_INIT: entering background_checks
BG_INIT: background_checks OK
DEBUG SHOOTING CHECK: has_ridder=0, model_type=0 (unified=1), use_shooting_EDE=0
BG_INIT: entering background_solve
BACKGROUND_SOLVE ENTERED: has_ridder=0 Lambda=0.00e+00
ABOUT TO INTEGRATE: bi_size=6 has_ridder=0 Lambda=0.00e+00
DERIVS_ENTRY: call#=1145000 has_ridder=0 Lambda=0.00e+00 a=1.89e-09
BG_INIT: background_solve OK
INPUT_READ: ridder_freeze_phi = 0 _TRUE_=1 (after class_read_flag)
DEBUG: Ridder field DISABLED. Lambda = 0.000000e+00
INPUT_READ: ridder_freeze_phi = 0 _TRUE_=1 (after class_read_flag)
DEBUG: Ridder field DISABLED. Lambda = 0.000000e+00, model_type not set to unified
BACKGROUND_INIT ENTERED: Lambda=0.00e+00
DEBUG BG_INIT ENTRY: model_type=0
DEBUG AFTER CHECKS: model_type=0 has_ridder=0
RIDDER DEBUG (background_init): has_ridder=0, Lambda_EDE_ridder=0.000000e+00, f_axion_ridder=1.000000e+16, theta_i_ridder=2.500000e+00, beta_ridder=0.000000e+00
BG_INIT: entering background_checks
BG_INIT: background_checks OK
DEBUG SHOOTING CHECK: has_ridder=0, model_type=0 (unified=1), use_shooting_EDE=0
BG_INIT: entering background_solve
BACKGROUND_SOLVE ENTERED: has_ridder=0 Lambda=0.00e+00
ABOUT TO INTEGRATE: bi_size=6 has_ridder=0 Lambda=0.00e+00
DERIVS_ENTRY: call#=1150000 has_ridder=0 Lambda=0.00e+00 a=1.14e-04
BG_INIT: background_solve OK
INPUT_READ: ridder_freeze_phi = 0 _TRUE_=1 (after class_read_flag)
DEBUG: Ridder field DISABLED. Lambda = 0.000000e+00
INPUT_READ: ridder_freeze_phi = 0 _TRUE_=1 (after class_read_flag)
DEBUG: Ridder field DISABLED. Lambda = 0.000000e+00, model_type not set to unified
BACKGROUND_INIT ENTERED: Lambda=0.00e+00
DEBUG BG_INIT ENTRY: model_type=0
DEBUG AFTER CHECKS: model_type=0 has_ridder=0
RIDDER DEBUG (background_init): has_ridder=0, Lambda_EDE_ridder=0.000000e+00, f_axion_ridder=1.000000e+16, theta_i_ridder=2.500000e+00, beta_ridder=0.000000e+00
BG_INIT: entering background_checks
BG_INIT: background_checks OK
DEBUG SHOOTING CHECK: has_ridder=0, model_type=0 (unified=1), use_shooting_EDE=0
BG_INIT: entering background_solve
BACKGROUND_SOLVE ENTERED: has_ridder=0 Lambda=0.00e+00
ABOUT TO INTEGRATE: bi_size=6 has_ridder=0 Lambda=0.00e+00
BG_INIT: background_solve OK
INPUT_READ: ridder_freeze_phi = 0 _TRUE_=1 (after class_read_flag)
DEBUG: Ridder field DISABLED. Lambda = 0.000000e+00
INPUT_READ: ridder_freeze_phi = 0 _TRUE_=1 (after class_read_flag)
DEBUG: Ridder field DISABLED. Lambda = 0.000000e+00, model_type not set to unified
BACKGROUND_INIT ENTERED: Lambda=0.00e+00
DEBUG BG_INIT ENTRY: model_type=0
DEBUG AFTER CHECKS: model_type=0 has_ridder=0
RIDDER DEBUG (background_init): has_ridder=0, Lambda_EDE_ridder=0.000000e+00, f_axion_ridder=1.000000e+16, theta_i_ridder=2.500000e+00, beta_ridder=0.000000e+00
BG_INIT: entering background_checks
BG_INIT: background_checks OK
DEBUG S[mcmc] Progress @ 2025-11-27 09:58:47 : 2915 steps taken, and 470 accepted.
[mcmc] Progress @ 2025-11-27 10:00:03 : 2930 steps taken, and 472 accepted.
[mcmc] Progress @ 2025-11-27 10:01:04 : 2935 steps taken, and 472 accepted.
[mcmc] Progress @ 2025-11-27 10:02:07 : 2942 steps taken, and 472 accepted.
[mcmc] Progress @ 2025-11-27 10:03:22 : 2949 steps taken, and 472 accepted.
HOOTING CHECK: has_ridder=0, model_type=0 (unified=1), use_shooting_EDE=0
BG_INIT: entering background_solve
BACKGROUND_SOLVE ENTERED: has_ridder=0 Lambda=0.00e+00
ABOUT TO INTEGRATE: bi_size=6 has_ridder=0 Lambda=0.00e+00
DERIVS_ENTRY: call#=1155000 has_ridder=0 Lambda=0.00e+00 a=3.04e-10
BG_INIT: background_solve OK
INPUT_READ: ridder_freeze_phi = 0 _TRUE_=1 (after class_read_flag)
DEBUG: Ridder field DISABLED. Lambda = 0.000000e+00
INPUT_READ: ridder_freeze_phi = 0 _TRUE_=1 (after class_read_flag)
DEBUG: Ridder field DISABLED. Lambda = 0.000000e+00, model_type not set to unified
BACKGROUND_INIT ENTERED: Lambda=0.00e+00
DEBUG BG_INIT ENTRY: model_type=0
DEBUG AFTER CHECKS: model_type=0 has_ridder=0
RIDDER DEBUG (background_init): has_ridder=0, Lambda_EDE_ridder=0.000000e+00, f_axion_ridder=1.000000e+16, theta_i_ridder=2.500000e+00, beta_ridder=0.000000e+00
BG_INIT: entering background_checks
BG_INIT: background_checks OK
DEBUG SHOOTING CHECK: has_ridder=0, model_type=0 (unified=1), use_shooting_EDE=0
BG_INIT: entering background_solve
BACKGROUND_SOLVE ENTERED: has_ridder=0 Lambda=0.00e+00
ABOUT TO INTEGRATE: bi_size=6 has_ridder=0 Lambda=0.00e+00
DERIVS_ENTRY: call#=1160000 has_ridder=0 Lambda=0.00e+00 a=1.58e-05
BG_INIT: background_solve OK
INPUT_READ: ridder_freeze_phi = 0 _TRUE_=1 (after class_read_flag)
DEBUG: Ridder field DISABLED. Lambda = 0.000000e+00
INPUT_READ: ridder_freeze_phi = 0 _TRUE_=1 (after class_read_flag)
DEBUG: Ridder field DISABLED. Lambda = 0.000000e+00, model_type not set to unified
BACKGROUND_INIT ENTERED: Lambda=0.00e+00
DEBUG BG_INIT ENTRY: model_type=0
DEBUG AFTER CHECKS: model_type=0 has_ridder=0
RIDDER DEBUG (background_init): has_ridder=0, Lambda_EDE_ridder=0.000000e+00, f_axion_ridder=1.000000e+16, theta_i_ridder=2.500000e+00, beta_ridder=0.000000e+00
BG_INIT: entering background_checks
BG_INIT: background_checks OK
DEBUG SHOOTING CHECK: has_ridder=0, model_type=0 (unified=1), use_shooting_EDE=0
BG_INIT: entering background_solve
BACKGROUND_SOLVE ENTERED: has_ridder=0 Lambda=0.00e+00
ABOUT TO INTEGRATE: bi_size=6 has_ridder=0 Lambda=0.00e+00
BG_INIT: background_solve OK
INPUT_READ: ridder_freeze_phi = 0 _TRUE_=1 (after class_read_flag)
DEBUG: Ridder field DISABLED. Lambda = 0.000000e+00
INPUT_READ: ridder_freeze_phi = 0 _TRUE_=1 (after class_read_flag)
DEBUG: Ridder field DISABLED. Lambda = 0.000000e+00, model_type not set to unified
BACKGROUND_INIT ENTERED: Lambda=0.00e+00
DEBUG BG_INIT ENTRY: model_type=0
DEBUG AFTER CHECKS: model_type=0 has_ridder=0
RIDDER DEBUG (background_init): has_ridder=0, Lambda_EDE_ridder=0.000000e+00, f_axion_ridder=1.000000e+16, theta_i_ridder=2.500000e+00, beta_ridder=0.000000e+00
BG_INIT: entering background_checks
BG_INIT: background_checks OK
DEBUG SHOOTING CHECK: has_ridder=0, model_type=0 (unified=1), use_shooting_EDE=0
BG_INIT: entering background_solve
BACKGROUND_SOLVE ENTERED: has_ridder=0 Lambda=0.00e+00
ABOUT TO INTEGRATE: bi_size=6 has_ridder=0 Lambda=0.00e+00
DERIVS_ENTRY: call#=1165000 has_ridder=0 Lambda=0.00e+00 a=4.19e-11
BG_INIT: background_solve OK
INPUT_READ: ridder_freeze_phi = 0 _TRUE_=1 (after class_read_flag)
DEBUG: Ridder field DISABLED. Lambda = 0.000000e+00
INPUT_READ: ridder_freeze_phi = 0 _TRUE_=1 (after class_read_flag)
DEBUG: Ridder field DISABLED. Lambda = 0.000000e+00, model_type not set to unified
BACKGROUND_INIT ENTERED: Lambda=0.00e+00
DEBUG BG_INIT ENTRY: model_type=0
DEBUG AFTER CHECKS: model_type=0 has_ridder=0
RIDDER DEBUG (background_init): has_ridder=0, Lambda_EDE_ridder=0.000000e+00, f_axion_ridder=1.000000e+16, theta_i_ridder=2.500000e+00, beta_ridder=0.000000e+00
BG_INIT: entering background_checks
BG_INIT: background_checks OK
DEBUG SHOOTING CHECK: has_ridder=0, model_type=0 (unified=1), use_shooting_EDE=0
BG_INIT: entering background_solve
BACKGROUND_SOLVE ENTERED: has_ridder=0 Lambda=0.00e+00
ABOUT TO INTEGRATE: bi_size=6 has_ridder=0 Lambda=0.00e+00
DERIVS_ENTRY: call#=1170000 has_ridder=0 Lambda=0.00e+00 a=2.04e-06
BG_INIT: background_solve OK
INPUT_READ: ridder_freeze_phi = 0 _TRUE_=1 (after class_read_flag)
D[mcmc] Progress @ 2025-11-27 10:04:29 : 2955 steps taken, and 473 accepted.
[mcmc] Progress @ 2025-11-27 10:05:30 : 2958 steps taken, and 473 accepted.
[mcmc] Progress @ 2025-11-27 10:06:57 : 2975 steps taken, and 476 accepted.
[mcmc] Progress @ 2025-11-27 10:08:10 : 2987 steps taken, and 479 accepted.
EBUG: Ridder field DISABLED. Lambda = 0.000000e+00
INPUT_READ: ridder_freeze_phi = 0 _TRUE_=1 (after class_read_flag)
DEBUG: Ridder field DISABLED. Lambda = 0.000000e+00, model_type not set to unified
BACKGROUND_INIT ENTERED: Lambda=0.00e+00
DEBUG BG_INIT ENTRY: model_type=0
DEBUG AFTER CHECKS: model_type=0 has_ridder=0
RIDDER DEBUG (background_init): has_ridder=0, Lambda_EDE_ridder=0.000000e+00, f_axion_ridder=1.000000e+16, theta_i_ridder=2.500000e+00, beta_ridder=0.000000e+00
BG_INIT: entering background_checks
BG_INIT: background_checks OK
DEBUG SHOOTING CHECK: has_ridder=0, model_type=0 (unified=1), use_shooting_EDE=0
BG_INIT: entering background_solve
BACKGROUND_SOLVE ENTERED: has_ridder=0 Lambda=0.00e+00
ABOUT TO INTEGRATE: bi_size=6 has_ridder=0 Lambda=0.00e+00
BG_INIT: background_solve OK
INPUT_READ: ridder_freeze_phi = 0 _TRUE_=1 (after class_read_flag)
DEBUG: Ridder field DISABLED. Lambda = 0.000000e+00
INPUT_READ: ridder_freeze_phi = 0 _TRUE_=1 (after class_read_flag)
DEBUG: Ridder field DISABLED. Lambda = 0.000000e+00, model_type not set to unified
BACKGROUND_INIT ENTERED: Lambda=0.00e+00
DEBUG BG_INIT ENTRY: model_type=0
DEBUG AFTER CHECKS: model_type=0 has_ridder=0
RIDDER DEBUG (background_init): has_ridder=0, Lambda_EDE_ridder=0.000000e+00, f_axion_ridder=1.000000e+16, theta_i_ridder=2.500000e+00, beta_ridder=0.000000e+00
BG_INIT: entering background_checks
BG_INIT: background_checks OK
DEBUG SHOOTING CHECK: has_ridder=0, model_type=0 (unified=1), use_shooting_EDE=0
BG_INIT: entering background_solve
BACKGROUND_SOLVE ENTERED: has_ridder=0 Lambda=0.00e+00
ABOUT TO INTEGRATE: bi_size=6 has_ridder=0 Lambda=0.00e+00
DERIVS_ENTRY: call#=1175000 has_ridder=0 Lambda=0.00e+00 a=5.18e-14
BG_INIT: background_solve OK
INPUT_READ: ridder_freeze_phi = 0 _TRUE_=1 (after class_read_flag)
DEBUG: Ridder field DISABLED. Lambda = 0.000000e+00
INPUT_READ: ridder_freeze_phi = 0 _TRUE_=1 (after class_read_flag)
DEBUG: Ridder field DISABLED. Lambda = 0.000000e+00, model_type not set to unified
BACKGROUND_INIT ENTERED: Lambda=0.00e+00
DEBUG BG_INIT ENTRY: model_type=0
DEBUG AFTER CHECKS: model_type=0 has_ridder=0
RIDDER DEBUG (background_init): has_ridder=0, Lambda_EDE_ridder=0.000000e+00, f_axion_ridder=1.000000e+16, theta_i_ridder=2.500000e+00, beta_ridder=0.000000e+00
BG_INIT: entering background_checks
BG_INIT: background_checks OK
DEBUG SHOOTING CHECK: has_ridder=0, model_type=0 (unified=1), use_shooting_EDE=0
BG_INIT: entering background_solve
BACKGROUND_SOLVE ENTERED: has_ridder=0 Lambda=0.00e+00
ABOUT TO INTEGRATE: bi_size=6 has_ridder=0 Lambda=0.00e+00
DERIVS_ENTRY: call#=1180000 has_ridder=0 Lambda=0.00e+00 a=1.77e-03
BG_INIT: background_solve OK
INPUT_READ: ridder_freeze_phi = 0 _TRUE_=1 (after class_read_flag)
DEBUG: Ridder field DISABLED. Lambda = 0.000000e+00
INPUT_READ: ridder_freeze_phi = 0 _TRUE_=1 (after class_read_flag)
DEBUG: Ridder field DISABLED. Lambda = 0.000000e+00, model_type not set to unified
BACKGROUND_INIT ENTERED: Lambda=0.00e+00
DEBUG BG_INIT ENTRY: model_type=0
DEBUG AFTER CHECKS: model_type=0 has_ridder=0
RIDDER DEBUG (background_init): has_ridder=0, Lambda_EDE_ridder=0.000000e+00, f_axion_ridder=1.000000e+16, theta_i_ridder=2.500000e+00, beta_ridder=0.000000e+00
BG_INIT: entering background_checks
BG_INIT: background_checks OK
DEBUG SHOOTING CHECK: has_ridder=0, model_type=0 (unified=1), use_shooting_EDE=0
BG_INIT: entering background_solve
BACKGROUND_SOLVE ENTERED: has_ridder=0 Lambda=0.00e+00
ABOUT TO INTEGRATE: bi_size=6 has_ridder=0 Lambda=0.00e+00
BG_INIT: background_solve OK
INPUT_READ: ridder_freeze_phi = 0 _TRUE_=1 (after class_read_flag)
DEBUG: Ridder field DISABLED. Lambda = 0.000000e+00
INPUT_READ: ridder_freeze_phi = 0 _TRUE_=1 (after class_read_flag)
DEBUG: Ridder field DISABLED. Lambda = 0.000000e+00, model_type not set to unified
BACKGROUND_INIT ENTERED: Lambda=0.00e+00
DEBUG BG_INIT ENTRY: model_type=0
DEBUG AFTER CHECKS: model_type=0 has_ridder=0
RIDDER DEBUG (background_init): has_ridder=0, Lambda_EDE_ridder=0.000000e+00, f_axion_ridder=1.000000e+16, theta_i_ridder=2.500000e+00[mcmc] Progress @ 2025-11-27 10:09:31 : 3007 steps taken, and 482 accepted.
[mcmc] Progress @ 2025-11-27 10:10:43 : 3013 steps taken, and 484 accepted.
[mcmc] Progress @ 2025-11-27 10:11:48 : 3018 steps taken, and 484 accepted.
[mcmc] Progress @ 2025-11-27 10:12:49 : 3023 steps taken, and 485 accepted.
, beta_ridder=0.000000e+00
BG_INIT: entering background_checks
BG_INIT: background_checks OK
DEBUG SHOOTING CHECK: has_ridder=0, model_type=0 (unified=1), use_shooting_EDE=0
BG_INIT: entering background_solve
BACKGROUND_SOLVE ENTERED: has_ridder=0 Lambda=0.00e+00
ABOUT TO INTEGRATE: bi_size=6 has_ridder=0 Lambda=0.00e+00
DERIVS_ENTRY: call#=1185000 has_ridder=0 Lambda=0.00e+00 a=3.10e-09
BG_INIT: background_solve OK
INPUT_READ: ridder_freeze_phi = 0 _TRUE_=1 (after class_read_flag)
DEBUG: Ridder field DISABLED. Lambda = 0.000000e+00
INPUT_READ: ridder_freeze_phi = 0 _TRUE_=1 (after class_read_flag)
DEBUG: Ridder field DISABLED. Lambda = 0.000000e+00, model_type not set to unified
BACKGROUND_INIT ENTERED: Lambda=0.00e+00
DEBUG BG_INIT ENTRY: model_type=0
DEBUG AFTER CHECKS: model_type=0 has_ridder=0
RIDDER DEBUG (background_init): has_ridder=0, Lambda_EDE_ridder=0.000000e+00, f_axion_ridder=1.000000e+16, theta_i_ridder=2.500000e+00, beta_ridder=0.000000e+00
BG_INIT: entering background_checks
BG_INIT: background_checks OK
DEBUG SHOOTING CHECK: has_ridder=0, model_type=0 (unified=1), use_shooting_EDE=0
BG_INIT: entering background_solve
BACKGROUND_SOLVE ENTERED: has_ridder=0 Lambda=0.00e+00
ABOUT TO INTEGRATE: bi_size=6 has_ridder=0 Lambda=0.00e+00
DERIVS_ENTRY: call#=1190000 has_ridder=0 Lambda=0.00e+00 a=1.54e-04
BG_INIT: background_solve OK
INPUT_READ: ridder_freeze_phi = 0 _TRUE_=1 (after class_read_flag)
DEBUG: Ridder field DISABLED. Lambda = 0.000000e+00
INPUT_READ: ridder_freeze_phi = 0 _TRUE_=1 (after class_read_flag)
DEBUG: Ridder field DISABLED. Lambda = 0.000000e+00, model_type not set to unified
BACKGROUND_INIT ENTERED: Lambda=0.00e+00
DEBUG BG_INIT ENTRY: model_type=0
DEBUG AFTER CHECKS: model_type=0 has_ridder=0
RIDDER DEBUG (background_init): has_ridder=0, Lambda_EDE_ridder=0.000000e+00, f_axion_ridder=1.000000e+16, theta_i_ridder=2.500000e+00, beta_ridder=0.000000e+00
BG_INIT: entering background_checks
BG_INIT: background_checks OK
DEBUG SHOOTING CHECK: has_ridder=0, model_type=0 (unified=1), use_shooting_EDE=0
BG_INIT: entering background_solve
BACKGROUND_SOLVE ENTERED: has_ridder=0 Lambda=0.00e+00
ABOUT TO INTEGRATE: bi_size=6 has_ridder=0 Lambda=0.00e+00
BG_INIT: background_solve OK
INPUT_READ: ridder_freeze_phi = 0 _TRUE_=1 (after class_read_flag)
DEBUG: Ridder field DISABLED. Lambda = 0.000000e+00
INPUT_READ: ridder_freeze_phi = 0 _TRUE_=1 (after class_read_flag)
DEBUG: Ridder field DISABLED. Lambda = 0.000000e+00, model_type not set to unified
BACKGROUND_INIT ENTERED: Lambda=0.00e+00
DEBUG BG_INIT ENTRY: model_type=0
DEBUG AFTER CHECKS: model_type=0 has_ridder=0
RIDDER DEBUG (background_init): has_ridder=0, Lambda_EDE_ridder=0.000000e+00, f_axion_ridder=1.000000e+16, theta_i_ridder=2.500000e+00, beta_ridder=0.000000e+00
BG_INIT: entering background_checks
BG_INIT: background_checks OK
DEBUG SHOOTING CHECK: has_ridder=0, model_type=0 (unified=1), use_shooting_EDE=0
BG_INIT: entering background_solve
BACKGROUND_SOLVE ENTERED: has_ridder=0 Lambda=0.00e+00
ABOUT TO INTEGRATE: bi_size=6 has_ridder=0 Lambda=0.00e+00
DERIVS_ENTRY: call#=1195000 has_ridder=0 Lambda=0.00e+00 a=4.35e-10
BG_INIT: background_solve OK
INPUT_READ: ridder_freeze_phi = 0 _TRUE_=1 (after class_read_flag)
DEBUG: Ridder field DISABLED. Lambda = 0.000000e+00
INPUT_READ: ridder_freeze_phi = 0 _TRUE_=1 (after class_read_flag)
DEBUG: Ridder field DISABLED. Lambda = 0.000000e+00, model_type not set to unified
BACKGROUND_INIT ENTERED: Lambda=0.00e+00
DEBUG BG_INIT ENTRY: model_type=0
DEBUG AFTER CHECKS: model_type=0 has_ridder=0
RIDDER DEBUG (background_init): has_ridder=0, Lambda_EDE_ridder=0.000000e+00, f_axion_ridder=1.000000e+16, theta_i_ridder=2.500000e+00, beta_ridder=0.000000e+00
BG_INIT: entering background_checks
BG_INIT: background_checks OK
DEBUG SHOOTING CHECK: has_ridder=0, model_type=0 (unified=1), use_shooting_EDE=0
BG_INIT: entering background_solve
BACKGROUND_SOLVE ENTERED: has_ridder=0 Lambda=0.00e+00
ABOUT TO INTEGRATE: bi_size=6 has_ridder=0 Lambda=0.00e+00
DERIVS_ENTRY: call#=1200000 has_ridder=0 Lambda=0.00e+00 a=2.11e-[mcmc] Progress @ 2025-11-27 10:13:50 : 3025 steps taken, and 486 accepted.
[mcmc] Progress @ 2025-11-27 10:14:52 : 3032 steps taken, and 487 accepted.
[mcmc] Progress @ 2025-11-27 10:15:53 : 3034 steps taken, and 487 accepted.
[mcmc] Progress @ 2025-11-27 10:17:29 : 3062 steps taken, and 492 accepted.
[mcmc] Progress @ 2025-11-27 10:18:41 : 3071 steps taken, and 494 accepted.
05
BG_INIT: background_solve OK
INPUT_READ: ridder_freeze_phi = 0 _TRUE_=1 (after class_read_flag)
DEBUG: Ridder field DISABLED. Lambda = 0.000000e+00
INPUT_READ: ridder_freeze_phi = 0 _TRUE_=1 (after class_read_flag)
DEBUG: Ridder field DISABLED. Lambda = 0.000000e+00, model_type not set to unified
BACKGROUND_INIT ENTERED: Lambda=0.00e+00
DEBUG BG_INIT ENTRY: model_type=0
DEBUG AFTER CHECKS: model_type=0 has_ridder=0
RIDDER DEBUG (background_init): has_ridder=0, Lambda_EDE_ridder=0.000000e+00, f_axion_ridder=1.000000e+16, theta_i_ridder=2.500000e+00, beta_ridder=0.000000e+00
BG_INIT: entering background_checks
BG_INIT: background_checks OK
DEBUG SHOOTING CHECK: has_ridder=0, model_type=0 (unified=1), use_shooting_EDE=0
BG_INIT: entering background_solve
BACKGROUND_SOLVE ENTERED: has_ridder=0 Lambda=0.00e+00
ABOUT TO INTEGRATE: bi_size=6 has_ridder=0 Lambda=0.00e+00
BG_INIT: background_solve OK
INPUT_READ: ridder_freeze_phi = 0 _TRUE_=1 (after class_read_flag)
DEBUG: Ridder field DISABLED. Lambda = 0.000000e+00
INPUT_READ: ridder_freeze_phi = 0 _TRUE_=1 (after class_read_flag)
DEBUG: Ridder field DISABLED. Lambda = 0.000000e+00, model_type not set to unified
BACKGROUND_INIT ENTERED: Lambda=0.00e+00
DEBUG BG_INIT ENTRY: model_type=0
DEBUG AFTER CHECKS: model_type=0 has_ridder=0
RIDDER DEBUG (background_init): has_ridder=0, Lambda_EDE_ridder=0.000000e+00, f_axion_ridder=1.000000e+16, theta_i_ridder=2.500000e+00, beta_ridder=0.000000e+00
BG_INIT: entering background_checks
BG_INIT: background_checks OK
DEBUG SHOOTING CHECK: has_ridder=0, model_type=0 (unified=1), use_shooting_EDE=0
BG_INIT: entering background_solve
BACKGROUND_SOLVE ENTERED: has_ridder=0 Lambda=0.00e+00
ABOUT TO INTEGRATE: bi_size=6 has_ridder=0 Lambda=0.00e+00
DERIVS_ENTRY: call#=1205000 has_ridder=0 Lambda=0.00e+00 a=6.35e-11
BG_INIT: background_solve OK
INPUT_READ: ridder_freeze_phi = 0 _TRUE_=1 (after class_read_flag)
DEBUG: Ridder field DISABLED. Lambda = 0.000000e+00
INPUT_READ: ridder_freeze_phi = 0 _TRUE_=1 (after class_read_flag)
DEBUG: Ridder field DISABLED. Lambda = 0.000000e+00, model_type not set to unified
BACKGROUND_INIT ENTERED: Lambda=0.00e+00
DEBUG BG_INIT ENTRY: model_type=0
DEBUG AFTER CHECKS: model_type=0 has_ridder=0
RIDDER DEBUG (background_init): has_ridder=0, Lambda_EDE_ridder=0.000000e+00, f_axion_ridder=1.000000e+16, theta_i_ridder=2.500000e+00, beta_ridder=0.000000e+00
BG_INIT: entering background_checks
BG_INIT: background_checks OK
DEBUG SHOOTING CHECK: has_ridder=0, model_type=0 (unified=1), use_shooting_EDE=0
BG_INIT: entering background_solve
BACKGROUND_SOLVE ENTERED: has_ridder=0 Lambda=0.00e+00
ABOUT TO INTEGRATE: bi_size=6 has_ridder=0 Lambda=0.00e+00
DERIVS_ENTRY: call#=1210000 has_ridder=0 Lambda=0.00e+00 a=3.20e-06
BG_INIT: background_solve OK
INPUT_READ: ridder_freeze_phi = 0 _TRUE_=1 (after class_read_flag)
DEBUG: Ridder field DISABLED. Lambda = 0.000000e+00
INPUT_READ: ridder_freeze_phi = 0 _TRUE_=1 (after class_read_flag)
DEBUG: Ridder field DISABLED. Lambda = 0.000000e+00, model_type not set to unified
BACKGROUND_INIT ENTERED: Lambda=0.00e+00
DEBUG BG_INIT ENTRY: model_type=0
DEBUG AFTER CHECKS: model_type=0 has_ridder=0
RIDDER DEBUG (background_init): has_ridder=0, Lambda_EDE_ridder=0.000000e+00, f_axion_ridder=1.000000e+16, theta_i_ridder=2.500000e+00, beta_ridder=0.000000e+00
BG_INIT: entering background_checks
BG_INIT: background_checks OK
DEBUG SHOOTING CHECK: has_ridder=0, model_type=0 (unified=1), use_shooting_EDE=0
BG_INIT: entering background_solve
BACKGROUND_SOLVE ENTERED: has_ridder=0 Lambda=0.00e+00
ABOUT TO INTEGRATE: bi_size=6 has_ridder=0 Lambda=0.00e+00
BG_INIT: background_solve OK
INPUT_READ: ridder_freeze_phi = 0 _TRUE_=1 (after class_read_flag)
DEBUG: Ridder field DISABLED. Lambda = 0.000000e+00
INPUT_READ: ridder_freeze_phi = 0 _TRUE_=1 (after class_read_flag)
DEBUG: Ridder field DISABLED. Lambda = 0.000000e+00, model_type not set to unified
BACKGROUND_INIT ENTERED: Lambda=0.00e+00
DEBUG BG_INIT ENTRY: model_type=0
DEBUG AFTER CHECKS: model_type=0 has_ridder=0
RIDDER DEBUG (background_init): ha[mcmc] Progress @ 2025-11-27 10:20:40 : 3073 steps taken, and 494 accepted.
[mcmc] Progress @ 2025-11-27 10:21:42 : 3074 steps taken, and 495 accepted.
[mcmc] Progress @ 2025-11-27 10:23:03 : 3084 steps taken, and 496 accepted.
s_ridder=0, Lambda_EDE_ridder=0.000000e+00, f_axion_ridder=1.000000e+16, theta_i_ridder=2.500000e+00, beta_ridder=0.000000e+00
BG_INIT: entering background_checks
BG_INIT: background_checks OK
DEBUG SHOOTING CHECK: has_ridder=0, model_type=0 (unified=1), use_shooting_EDE=0
BG_INIT: entering background_solve
BACKGROUND_SOLVE ENTERED: has_ridder=0 Lambda=0.00e+00
ABOUT TO INTEGRATE: bi_size=6 has_ridder=0 Lambda=0.00e+00
DERIVS_ENTRY: call#=1215000 has_ridder=0 Lambda=0.00e+00 a=2.14e-13
BG_INIT: background_solve OK
INPUT_READ: ridder_freeze_phi = 0 _TRUE_=1 (after class_read_flag)
DEBUG: Ridder field DISABLED. Lambda = 0.000000e+00
INPUT_READ: ridder_freeze_phi = 0 _TRUE_=1 (after class_read_flag)
DEBUG: Ridder field DISABLED. Lambda = 0.000000e+00, model_type not set to unified
BACKGROUND_INIT ENTERED: Lambda=0.00e+00
DEBUG BG_INIT ENTRY: model_type=0
DEBUG AFTER CHECKS: model_type=0 has_ridder=0
RIDDER DEBUG (background_init): has_ridder=0, Lambda_EDE_ridder=0.000000e+00, f_axion_ridder=1.000000e+16, theta_i_ridder=2.500000e+00, beta_ridder=0.000000e+00
BG_INIT: entering background_checks
BG_INIT: background_checks OK
DEBUG SHOOTING CHECK: has_ridder=0, model_type=0 (unified=1), use_shooting_EDE=0
BG_INIT: entering background_solve
BACKGROUND_SOLVE ENTERED: has_ridder=0 Lambda=0.00e+00
ABOUT TO INTEGRATE: bi_size=6 has_ridder=0 Lambda=0.00e+00
DERIVS_ENTRY: call#=1220000 has_ridder=0 Lambda=0.00e+00 a=5.15e-07
BG_INIT: background_solve OK
INPUT_READ: ridder_freeze_phi = 0 _TRUE_=1 (after class_read_flag)
DEBUG: Ridder field DISABLED. Lambda = 0.000000e+00
INPUT_READ: ridder_freeze_phi = 0 _TRUE_=1 (after class_read_flag)
DEBUG: Ridder field DISABLED. Lambda = 0.000000e+00, model_type not set to unified
BACKGROUND_INIT ENTERED: Lambda=0.00e+00
DEBUG BG_INIT ENTRY: model_type=0
DEBUG AFTER CHECKS: model_type=0 has_ridder=0
RIDDER DEBUG (background_init): has_ridder=0, Lambda_EDE_ridder=0.000000e+00, f_axion_ridder=1.000000e+16, theta_i_ridder=2.500000e+00, beta_ridder=0.000000e+00
BG_INIT: entering background_checks
BG_INIT: background_checks OK
DEBUG SHOOTING CHECK: has_ridder=0, model_type=0 (unified=1), use_shooting_EDE=0
BG_INIT: entering background_solve
BACKGROUND_SOLVE ENTERED: has_ridder=0 Lambda=0.00e+00
ABOUT TO INTEGRATE: bi_size=6 has_ridder=0 Lambda=0.00e+00
DERIVS_ENTRY: call#=1225000 has_ridder=0 Lambda=0.00e+00 a=7.02e-01
BG_INIT: background_solve OK
INPUT_READ: ridder_freeze_phi = 0 _TRUE_=1 (after class_read_flag)
DEBUG: Ridder field DISABLED. Lambda = 0.000000e+00
INPUT_READ: ridder_freeze_phi = 0 _TRUE_=1 (after class_read_flag)
DEBUG: Ridder field DISABLED. Lambda = 0.000000e+00, model_type not set to unified
BACKGROUND_INIT ENTERED: Lambda=0.00e+00
DEBUG BG_INIT ENTRY: model_type=0
DEBUG AFTER CHECKS: model_type=0 has_ridder=0
RIDDER DEBUG (background_init): has_ridder=0, Lambda_EDE_ridder=0.000000e+00, f_axion_ridder=1.000000e+16, theta_i_ridder=2.500000e+00, beta_ridder=0.000000e+00
BG_INIT: entering background_checks
BG_INIT: background_checks OK
DEBUG SHOOTING CHECK: has_ridder=0, model_type=0 (unified=1), use_shooting_EDE=0
BG_INIT: entering background_solve
BACKGROUND_SOLVE ENTERED: has_ridder=0 Lambda=0.00e+00
ABOUT TO INTEGRATE: bi_size=6 has_ridder=0 Lambda=0.00e+00
BG_INIT: background_solve OK
INPUT_READ: ridder_freeze_phi = 0 _TRUE_=1 (after class_read_flag)
DEBUG: Ridder field DISABLED. Lambda = 0.000000e+00
INPUT_READ: ridder_freeze_phi = 0 _TRUE_=1 (after class_read_flag)
DEBUG: Ridder field DISABLED. Lambda = 0.000000e+00, model_type not set to unified
BACKGROUND_INIT ENTERED: Lambda=0.00e+00
DEBUG BG_INIT ENTRY: model_type=0
DEBUG AFTER CHECKS: model_type=0 has_ridder=0
RIDDER DEBUG (background_init): has_ridder=0, Lambda_EDE_ridder=0.000000e+00, f_axion_ridder=1.000000e+16, theta_i_ridder=2.500000e+00, beta_ridder=0.000000e+00
BG_INIT: entering background_checks
BG_INIT: background_checks OK
DEBUG SHOOTING CHECK: has_ridder=0, model_type=0 (unified=1), use_shooting_EDE=0
BG_INIT: entering background_solve
BACKGROUND_SOLVE ENTERED: has_ridder=0 Lambda=0.00e+00
ABOUT TO INTEGRATE: bi_s[mcmc] Progress @ 2025-11-27 10:24:22 : 3102 steps taken, and 496 accepted.
[mcmc] Progress @ 2025-11-27 10:25:24 : 3105 steps taken, and 496 accepted.
[mcmc] Progress @ 2025-11-27 10:26:36 : 3116 steps taken, and 496 accepted.
[mcmc] Progress @ 2025-11-27 10:27:50 : 3125 steps taken, and 497 accepted.
[mcmc] Progress @ 2025-11-27 10:28:55 : 3127 steps taken, and 497 accepted.
ize=6 has_ridder=0 Lambda=0.00e+00
DERIVS_ENTRY: call#=1230000 has_ridder=0 Lambda=0.00e+00 a=7.52e-08
BG_INIT: background_solve OK
INPUT_READ: ridder_freeze_phi = 0 _TRUE_=1 (after class_read_flag)
DEBUG: Ridder field DISABLED. Lambda = 0.000000e+00
INPUT_READ: ridder_freeze_phi = 0 _TRUE_=1 (after class_read_flag)
DEBUG: Ridder field DISABLED. Lambda = 0.000000e+00, model_type not set to unified
BACKGROUND_INIT ENTERED: Lambda=0.00e+00
DEBUG BG_INIT ENTRY: model_type=0
DEBUG AFTER CHECKS: model_type=0 has_ridder=0
RIDDER DEBUG (background_init): has_ridder=0, Lambda_EDE_ridder=0.000000e+00, f_axion_ridder=1.000000e+16, theta_i_ridder=2.500000e+00, beta_ridder=0.000000e+00
BG_INIT: entering background_checks
BG_INIT: background_checks OK
DEBUG SHOOTING CHECK: has_ridder=0, model_type=0 (unified=1), use_shooting_EDE=0
BG_INIT: entering background_solve
BACKGROUND_SOLVE ENTERED: has_ridder=0 Lambda=0.00e+00
ABOUT TO INTEGRATE: bi_size=6 has_ridder=0 Lambda=0.00e+00
DERIVS_ENTRY: call#=1235000 has_ridder=0 Lambda=0.00e+00 a=6.83e-02
BG_INIT: background_solve OK
INPUT_READ: ridder_freeze_phi = 0 _TRUE_=1 (after class_read_flag)
DEBUG: Ridder field DISABLED. Lambda = 0.000000e+00
INPUT_READ: ridder_freeze_phi = 0 _TRUE_=1 (after class_read_flag)
DEBUG: Ridder field DISABLED. Lambda = 0.000000e+00, model_type not set to unified
BACKGROUND_INIT ENTERED: Lambda=0.00e+00
DEBUG BG_INIT ENTRY: model_type=0
DEBUG AFTER CHECKS: model_type=0 has_ridder=0
RIDDER DEBUG (background_init): has_ridder=0, Lambda_EDE_ridder=0.000000e+00, f_axion_ridder=1.000000e+16, theta_i_ridder=2.500000e+00, beta_ridder=0.000000e+00
BG_INIT: entering background_checks
BG_INIT: background_checks OK
DEBUG SHOOTING CHECK: has_ridder=0, model_type=0 (unified=1), use_shooting_EDE=0
BG_INIT: entering background_solve
BACKGROUND_SOLVE ENTERED: has_ridder=0 Lambda=0.00e+00
ABOUT TO INTEGRATE: bi_size=6 has_ridder=0 Lambda=0.00e+00
BG_INIT: background_solve OK
INPUT_READ: ridder_freeze_phi = 0 _TRUE_=1 (after class_read_flag)
DEBUG: Ridder field DISABLED. Lambda = 0.000000e+00
INPUT_READ: ridder_freeze_phi = 0 _TRUE_=1 (after class_read_flag)
DEBUG: Ridder field DISABLED. Lambda = 0.000000e+00, model_type not set to unified
BACKGROUND_INIT ENTERED: Lambda=0.00e+00
DEBUG BG_INIT ENTRY: model_type=0
DEBUG AFTER CHECKS: model_type=0 has_ridder=0
RIDDER DEBUG (background_init): has_ridder=0, Lambda_EDE_ridder=0.000000e+00, f_axion_ridder=1.000000e+16, theta_i_ridder=2.500000e+00, beta_ridder=0.000000e+00
BG_INIT: entering background_checks
BG_INIT: background_checks OK
DEBUG SHOOTING CHECK: has_ridder=0, model_type=0 (unified=1), use_shooting_EDE=0
BG_INIT: entering background_solve
BACKGROUND_SOLVE ENTERED: has_ridder=0 Lambda=0.00e+00
ABOUT TO INTEGRATE: bi_size=6 has_ridder=0 Lambda=0.00e+00
DERIVS_ENTRY: call#=1240000 has_ridder=0 Lambda=0.00e+00 a=9.71e-09
BG_INIT: background_solve OK
INPUT_READ: ridder_freeze_phi = 0 _TRUE_=1 (after class_read_flag)
DEBUG: Ridder field DISABLED. Lambda = 0.000000e+00
INPUT_READ: ridder_freeze_phi = 0 _TRUE_=1 (after class_read_flag)
DEBUG: Ridder field DISABLED. Lambda = 0.000000e+00, model_type not set to unified
BACKGROUND_INIT ENTERED: Lambda=0.00e+00
DEBUG BG_INIT ENTRY: model_type=0
DEBUG AFTER CHECKS: model_type=0 has_ridder=0
RIDDER DEBUG (background_init): has_ridder=0, Lambda_EDE_ridder=0.000000e+00, f_axion_ridder=1.000000e+16, theta_i_ridder=2.500000e+00, beta_ridder=0.000000e+00
BG_INIT: entering background_checks
BG_INIT: background_checks OK
DEBUG SHOOTING CHECK: has_ridder=0, model_type=0 (unified=1), use_shooting_EDE=0
BG_INIT: entering background_solve
BACKGROUND_SOLVE ENTERED: has_ridder=0 Lambda=0.00e+00
ABOUT TO INTEGRATE: bi_size=6 has_ridder=0 Lambda=0.00e+00
DERIVS_ENTRY: call#=1245000 has_ridder=0 Lambda=0.00e+00 a=1.04e-03
BG_INIT: background_solve OK
INPUT_READ: ridder_freeze_phi = 0 _TRUE_=1 (after class_read_flag)
DEBUG: Ridder field DISABLED. Lambda = 0.000000e+00
INPUT_READ: ridder_freeze_phi = 0 _TRUE_=1 (after class_read_flag)
DEBUG: Ridder field DISABLED. Lambda = 0.000000e+00, model_type not se[mcmc] Progress @ 2025-11-27 10:30:29 : 3151 steps taken, and 502 accepted.
[mcmc] Progress @ 2025-11-27 10:31:40 : 3157 steps taken, and 502 accepted.
[mcmc] Progress @ 2025-11-27 10:33:10 : 3169 steps taken, and 504 accepted.
[mcmc] Progress @ 2025-11-27 10:34:12 : 3172 steps taken, and 504 accepted.
t to unified
BACKGROUND_INIT ENTERED: Lambda=0.00e+00
DEBUG BG_INIT ENTRY: model_type=0
DEBUG AFTER CHECKS: model_type=0 has_ridder=0
RIDDER DEBUG (background_init): has_ridder=0, Lambda_EDE_ridder=0.000000e+00, f_axion_ridder=1.000000e+16, theta_i_ridder=2.500000e+00, beta_ridder=0.000000e+00
BG_INIT: entering background_checks
BG_INIT: background_checks OK
DEBUG SHOOTING CHECK: has_ridder=0, model_type=0 (unified=1), use_shooting_EDE=0
BG_INIT: entering background_solve
BACKGROUND_SOLVE ENTERED: has_ridder=0 Lambda=0.00e+00
ABOUT TO INTEGRATE: bi_size=6 has_ridder=0 Lambda=0.00e+00
BG_INIT: background_solve OK
INPUT_READ: ridder_freeze_phi = 0 _TRUE_=1 (after class_read_flag)
DEBUG: Ridder field DISABLED. Lambda = 0.000000e+00
INPUT_READ: ridder_freeze_phi = 0 _TRUE_=1 (after class_read_flag)
DEBUG: Ridder field DISABLED. Lambda = 0.000000e+00, model_type not set to unified
BACKGROUND_INIT ENTERED: Lambda=0.00e+00
DEBUG BG_INIT ENTRY: model_type=0
DEBUG AFTER CHECKS: model_type=0 has_ridder=0
RIDDER DEBUG (background_init): has_ridder=0, Lambda_EDE_ridder=0.000000e+00, f_axion_ridder=1.000000e+16, theta_i_ridder=2.500000e+00, beta_ridder=0.000000e+00
BG_INIT: entering background_checks
BG_INIT: background_checks OK
DEBUG SHOOTING CHECK: has_ridder=0, model_type=0 (unified=1), use_shooting_EDE=0
BG_INIT: entering background_solve
BACKGROUND_SOLVE ENTERED: has_ridder=0 Lambda=0.00e+00
ABOUT TO INTEGRATE: bi_size=6 has_ridder=0 Lambda=0.00e+00
DERIVS_ENTRY: call#=1250000 has_ridder=0 Lambda=0.00e+00 a=1.32e-09
BG_INIT: background_solve OK
INPUT_READ: ridder_freeze_phi = 0 _TRUE_=1 (after class_read_flag)
DEBUG: Ridder field DISABLED. Lambda = 0.000000e+00
INPUT_READ: ridder_freeze_phi = 0 _TRUE_=1 (after class_read_flag)
DEBUG: Ridder field DISABLED. Lambda = 0.000000e+00, model_type not set to unified
BACKGROUND_INIT ENTERED: Lambda=0.00e+00
DEBUG BG_INIT ENTRY: model_type=0
DEBUG AFTER CHECKS: model_type=0 has_ridder=0
RIDDER DEBUG (background_init): has_ridder=0, Lambda_EDE_ridder=0.000000e+00, f_axion_ridder=1.000000e+16, theta_i_ridder=2.500000e+00, beta_ridder=0.000000e+00
BG_INIT: entering background_checks
BG_INIT: background_checks OK
DEBUG SHOOTING CHECK: has_ridder=0, model_type=0 (unified=1), use_shooting_EDE=0
BG_INIT: entering background_solve
BACKGROUND_SOLVE ENTERED: has_ridder=0 Lambda=0.00e+00
ABOUT TO INTEGRATE: bi_size=6 has_ridder=0 Lambda=0.00e+00
DERIVS_ENTRY: call#=1255000 has_ridder=0 Lambda=0.00e+00 a=6.50e-05
BG_INIT: background_solve OK
INPUT_READ: ridder_freeze_phi = 0 _TRUE_=1 (after class_read_flag)
DEBUG: Ridder field DISABLED. Lambda = 0.000000e+00
INPUT_READ: ridder_freeze_phi = 0 _TRUE_=1 (after class_read_flag)
DEBUG: Ridder field DISABLED. Lambda = 0.000000e+00, model_type not set to unified
BACKGROUND_INIT ENTERED: Lambda=0.00e+00
DEBUG BG_INIT ENTRY: model_type=0
DEBUG AFTER CHECKS: model_type=0 has_ridder=0
RIDDER DEBUG (background_init): has_ridder=0, Lambda_EDE_ridder=0.000000e+00, f_axion_ridder=1.000000e+16, theta_i_ridder=2.500000e+00, beta_ridder=0.000000e+00
BG_INIT: entering background_checks
BG_INIT: background_checks OK
DEBUG SHOOTING CHECK: has_ridder=0, model_type=0 (unified=1), use_shooting_EDE=0
BG_INIT: entering background_solve
BACKGROUND_SOLVE ENTERED: has_ridder=0 Lambda=0.00e+00
ABOUT TO INTEGRATE: bi_size=6 has_ridder=0 Lambda=0.00e+00
BG_INIT: background_solve OK
INPUT_READ: ridder_freeze_phi = 0 _TRUE_=1 (after class_read_flag)
DEBUG: Ridder field DISABLED. Lambda = 0.000000e+00
INPUT_READ: ridder_freeze_phi = 0 _TRUE_=1 (after class_read_flag)
DEBUG: Ridder field DISABLED. Lambda = 0.000000e+00, model_type not set to unified
BACKGROUND_INIT ENTERED: Lambda=0.00e+00
DEBUG BG_INIT ENTRY: model_type=0
DEBUG AFTER CHECKS: model_type=0 has_ridder=0
RIDDER DEBUG (background_init): has_ridder=0, Lambda_EDE_ridder=0.000000e+00, f_axion_ridder=1.000000e+16, theta_i_ridder=2.500000e+00, beta_ridder=0.000000e+00
BG_INIT: entering background_checks
BG_INIT: background_checks OK
DEBUG SHOOTING CHECK: has_ridder=0, model_type=0 (unified=1), use_shooting_EDE=0
BG_INIT: enter[mcmc] Progress @ 2025-11-27 10:35:13 : 3175 steps taken, and 504 accepted.
[mcmc] Progress @ 2025-11-27 10:36:16 : 3179 steps taken, and 504 accepted.
[mcmc] Progress @ 2025-11-27 10:37:52 : 3198 steps taken, and 506 accepted.
[mcmc] Progress @ 2025-11-27 10:39:02 : 3204 steps taken, and 506 accepted.
[mcmc] Progress @ 2025-11-27 10:40:08 : 3208 steps taken, and 506 accepted.
ing background_solve
BACKGROUND_SOLVE ENTERED: has_ridder=0 Lambda=0.00e+00
ABOUT TO INTEGRATE: bi_size=6 has_ridder=0 Lambda=0.00e+00
DERIVS_ENTRY: call#=1260000 has_ridder=0 Lambda=0.00e+00 a=1.93e-10
BG_INIT: background_solve OK
INPUT_READ: ridder_freeze_phi = 0 _TRUE_=1 (after class_read_flag)
DEBUG: Ridder field DISABLED. Lambda = 0.000000e+00
INPUT_READ: ridder_freeze_phi = 0 _TRUE_=1 (after class_read_flag)
DEBUG: Ridder field DISABLED. Lambda = 0.000000e+00, model_type not set to unified
BACKGROUND_INIT ENTERED: Lambda=0.00e+00
DEBUG BG_INIT ENTRY: model_type=0
DEBUG AFTER CHECKS: model_type=0 has_ridder=0
RIDDER DEBUG (background_init): has_ridder=0, Lambda_EDE_ridder=0.000000e+00, f_axion_ridder=1.000000e+16, theta_i_ridder=2.500000e+00, beta_ridder=0.000000e+00
BG_INIT: entering background_checks
BG_INIT: background_checks OK
DEBUG SHOOTING CHECK: has_ridder=0, model_type=0 (unified=1), use_shooting_EDE=0
BG_INIT: entering background_solve
BACKGROUND_SOLVE ENTERED: has_ridder=0 Lambda=0.00e+00
ABOUT TO INTEGRATE: bi_size=6 has_ridder=0 Lambda=0.00e+00
DERIVS_ENTRY: call#=1265000 has_ridder=0 Lambda=0.00e+00 a=9.75e-06
BG_INIT: background_solve OK
INPUT_READ: ridder_freeze_phi = 0 _TRUE_=1 (after class_read_flag)
DEBUG: Ridder field DISABLED. Lambda = 0.000000e+00
INPUT_READ: ridder_freeze_phi = 0 _TRUE_=1 (after class_read_flag)
DEBUG: Ridder field DISABLED. Lambda = 0.000000e+00, model_type not set to unified
BACKGROUND_INIT ENTERED: Lambda=0.00e+00
DEBUG BG_INIT ENTRY: model_type=0
DEBUG AFTER CHECKS: model_type=0 has_ridder=0
RIDDER DEBUG (background_init): has_ridder=0, Lambda_EDE_ridder=0.000000e+00, f_axion_ridder=1.000000e+16, theta_i_ridder=2.500000e+00, beta_ridder=0.000000e+00
BG_INIT: entering background_checks
BG_INIT: background_checks OK
DEBUG SHOOTING CHECK: has_ridder=0, model_type=0 (unified=1), use_shooting_EDE=0
BG_INIT: entering background_solve
BACKGROUND_SOLVE ENTERED: has_ridder=0 Lambda=0.00e+00
ABOUT TO INTEGRATE: bi_size=6 has_ridder=0 Lambda=0.00e+00
BG_INIT: background_solve OK
INPUT_READ: ridder_freeze_phi = 0 _TRUE_=1 (after class_read_flag)
DEBUG: Ridder field DISABLED. Lambda = 0.000000e+00
INPUT_READ: ridder_freeze_phi = 0 _TRUE_=1 (after class_read_flag)
DEBUG: Ridder field DISABLED. Lambda = 0.000000e+00, model_type not set to unified
BACKGROUND_INIT ENTERED: Lambda=0.00e+00
DEBUG BG_INIT ENTRY: model_type=0
DEBUG AFTER CHECKS: model_type=0 has_ridder=0
RIDDER DEBUG (background_init): has_ridder=0, Lambda_EDE_ridder=0.000000e+00, f_axion_ridder=1.000000e+16, theta_i_ridder=2.500000e+00, beta_ridder=0.000000e+00
BG_INIT: entering background_checks
BG_INIT: background_checks OK
DEBUG SHOOTING CHECK: has_ridder=0, model_type=0 (unified=1), use_shooting_EDE=0
BG_INIT: entering background_solve
BACKGROUND_SOLVE ENTERED: has_ridder=0 Lambda=0.00e+00
ABOUT TO INTEGRATE: bi_size=6 has_ridder=0 Lambda=0.00e+00
DERIVS_ENTRY: call#=1270000 has_ridder=0 Lambda=0.00e+00 a=1.43e-11
BG_INIT: background_solve OK
INPUT_READ: ridder_freeze_phi = 0 _TRUE_=1 (after class_read_flag)
DEBUG: Ridder field DISABLED. Lambda = 0.000000e+00
INPUT_READ: ridder_freeze_phi = 0 _TRUE_=1 (after class_read_flag)
DEBUG: Ridder field DISABLED. Lambda = 0.000000e+00, model_type not set to unified
BACKGROUND_INIT ENTERED: Lambda=0.00e+00
DEBUG BG_INIT ENTRY: model_type=0
DEBUG AFTER CHECKS: model_type=0 has_ridder=0
RIDDER DEBUG (background_init): has_ridder=0, Lambda_EDE_ridder=0.000000e+00, f_axion_ridder=1.000000e+16, theta_i_ridder=2.500000e+00, beta_ridder=0.000000e+00
BG_INIT: entering background_checks
BG_INIT: background_checks OK
DEBUG SHOOTING CHECK: has_ridder=0, model_type=0 (unified=1), use_shooting_EDE=0
BG_INIT: entering background_solve
BACKGROUND_SOLVE ENTERED: has_ridder=0 Lambda=0.00e+00
ABOUT TO INTEGRATE: bi_size=6 has_ridder=0 Lambda=0.00e+00
DERIVS_ENTRY: call#=1275000 has_ridder=0 Lambda=0.00e+00 a=1.44e-06
BG_INIT: background_solve OK
INPUT_READ: ridder_freeze_phi = 0 _TRUE_=1 (after class_read_flag)
DEBUG: Ridder field DISABLED. Lambda = 0.000000e+00
INPUT_READ: ridder_freeze_phi = 0 _TR[mcmc] Progress @ 2025-11-27 10:41:16 : 3216 steps taken, and 507 accepted.
[mcmc] Progress @ 2025-11-27 10:43:09 : 3244 steps taken, and 511 accepted.
[mcmc] Progress @ 2025-11-27 10:44:15 : 3248 steps taken, and 511 accepted.
[mcmc] Progress @ 2025-11-27 10:45:21 : 3251 steps taken, and 512 accepted.
UE_=1 (after class_read_flag)
DEBUG: Ridder field DISABLED. Lambda = 0.000000e+00, model_type not set to unified
BACKGROUND_INIT ENTERED: Lambda=0.00e+00
DEBUG BG_INIT ENTRY: model_type=0
DEBUG AFTER CHECKS: model_type=0 has_ridder=0
RIDDER DEBUG (background_init): has_ridder=0, Lambda_EDE_ridder=0.000000e+00, f_axion_ridder=1.000000e+16, theta_i_ridder=2.500000e+00, beta_ridder=0.000000e+00
BG_INIT: entering background_checks
BG_INIT: background_checks OK
DEBUG SHOOTING CHECK: has_ridder=0, model_type=0 (unified=1), use_shooting_EDE=0
BG_INIT: entering background_solve
BACKGROUND_SOLVE ENTERED: has_ridder=0 Lambda=0.00e+00
ABOUT TO INTEGRATE: bi_size=6 has_ridder=0 Lambda=0.00e+00
BG_INIT: background_solve OK
INPUT_READ: ridder_freeze_phi = 0 _TRUE_=1 (after class_read_flag)
DEBUG: Ridder field DISABLED. Lambda = 0.000000e+00
INPUT_READ: ridder_freeze_phi = 0 _TRUE_=1 (after class_read_flag)
DEBUG: Ridder field DISABLED. Lambda = 0.000000e+00, model_type not set to unified
BACKGROUND_INIT ENTERED: Lambda=0.00e+00
DEBUG BG_INIT ENTRY: model_type=0
DEBUG AFTER CHECKS: model_type=0 has_ridder=0
RIDDER DEBUG (background_init): has_ridder=0, Lambda_EDE_ridder=0.000000e+00, f_axion_ridder=1.000000e+16, theta_i_ridder=2.500000e+00, beta_ridder=0.000000e+00
BG_INIT: entering background_checks
BG_INIT: background_checks OK
DEBUG SHOOTING CHECK: has_ridder=0, model_type=0 (unified=1), use_shooting_EDE=0
BG_INIT: entering background_solve
BACKGROUND_SOLVE ENTERED: has_ridder=0 Lambda=0.00e+00
ABOUT TO INTEGRATE: bi_size=6 has_ridder=0 Lambda=0.00e+00
DERIVS_ENTRY: call#=1280000 has_ridder=0 Lambda=0.00e+00 a=1.60e-14
BG_INIT: background_solve OK
INPUT_READ: ridder_freeze_phi = 0 _TRUE_=1 (after class_read_flag)
DEBUG: Ridder field DISABLED. Lambda = 0.000000e+00
INPUT_READ: ridder_freeze_phi = 0 _TRUE_=1 (after class_read_flag)
DEBUG: Ridder field DISABLED. Lambda = 0.000000e+00, model_type not set to unified
BACKGROUND_INIT ENTERED: Lambda=0.00e+00
DEBUG BG_INIT ENTRY: model_type=0
DEBUG AFTER CHECKS: model_type=0 has_ridder=0
RIDDER DEBUG (background_init): has_ridder=0, Lambda_EDE_ridder=0.000000e+00, f_axion_ridder=1.000000e+16, theta_i_ridder=2.500000e+00, beta_ridder=0.000000e+00
BG_INIT: entering background_checks
BG_INIT: background_checks OK
DEBUG SHOOTING CHECK: has_ridder=0, model_type=0 (unified=1), use_shooting_EDE=0
BG_INIT: entering background_solve
BACKGROUND_SOLVE ENTERED: has_ridder=0 Lambda=0.00e+00
ABOUT TO INTEGRATE: bi_size=6 has_ridder=0 Lambda=0.00e+00
DERIVS_ENTRY: call#=1285000 has_ridder=0 Lambda=0.00e+00 a=2.08e-07
BG_INIT: background_solve OK
INPUT_READ: ridder_freeze_phi = 0 _TRUE_=1 (after class_read_flag)
DEBUG: Ridder field DISABLED. Lambda = 0.000000e+00
INPUT_READ: ridder_freeze_phi = 0 _TRUE_=1 (after class_read_flag)
DEBUG: Ridder field DISABLED. Lambda = 0.000000e+00, model_type not set to unified
BACKGROUND_INIT ENTERED: Lambda=0.00e+00
DEBUG BG_INIT ENTRY: model_type=0
DEBUG AFTER CHECKS: model_type=0 has_ridder=0
RIDDER DEBUG (background_init): has_ridder=0, Lambda_EDE_ridder=0.000000e+00, f_axion_ridder=1.000000e+16, theta_i_ridder=2.500000e+00, beta_ridder=0.000000e+00
BG_INIT: entering background_checks
BG_INIT: background_checks OK
DEBUG SHOOTING CHECK: has_ridder=0, model_type=0 (unified=1), use_shooting_EDE=0
BG_INIT: entering background_solve
BACKGROUND_SOLVE ENTERED: has_ridder=0 Lambda=0.00e+00
ABOUT TO INTEGRATE: bi_size=6 has_ridder=0 Lambda=0.00e+00
DERIVS_ENTRY: call#=1290000 has_ridder=0 Lambda=0.00e+00 a=3.04e-01
BG_INIT: background_solve OK
INPUT_READ: ridder_freeze_phi = 0 _TRUE_=1 (after class_read_flag)
DEBUG: Ridder field DISABLED. Lambda = 0.000000e+00
INPUT_READ: ridder_freeze_phi = 0 _TRUE_=1 (after class_read_flag)
DEBUG: Ridder field DISABLED. Lambda = 0.000000e+00, model_type not set to unified
BACKGROUND_INIT ENTERED: Lambda=0.00e+00
DEBUG BG_INIT ENTRY: model_type=0
DEBUG AFTER CHECKS: model_type=0 has_ridder=0
RIDDER DEBUG (background_init): has_ridder=0, Lambda_EDE_ridder=0.000000e+00, f_axion_ridder=1.000000e+16, theta_i_ridder=2.500000e+00, beta_ridder=0.0000[mcmc] Progress @ 2025-11-27 10:46:22 : 3253 steps taken, and 512 accepted.
[mcmc] Progress @ 2025-11-27 10:47:44 : 3271 steps taken, and 514 accepted.
[mcmc] Progress @ 2025-11-27 10:48:48 : 3279 steps taken, and 515 accepted.
[mcmc] Progress @ 2025-11-27 10:49:48 : 3284 steps taken, and 517 accepted.
[mcmc] Progress @ 2025-11-27 10:51:06 : 3294 steps taken, and 520 accepted.
00e+00
BG_INIT: entering background_checks
BG_INIT: background_checks OK
DEBUG SHOOTING CHECK: has_ridder=0, model_type=0 (unified=1), use_shooting_EDE=0
BG_INIT: entering background_solve
BACKGROUND_SOLVE ENTERED: has_ridder=0 Lambda=0.00e+00
ABOUT TO INTEGRATE: bi_size=6 has_ridder=0 Lambda=0.00e+00
BG_INIT: background_solve OK
INPUT_READ: ridder_freeze_phi = 0 _TRUE_=1 (after class_read_flag)
DEBUG: Ridder field DISABLED. Lambda = 0.000000e+00
INPUT_READ: ridder_freeze_phi = 0 _TRUE_=1 (after class_read_flag)
DEBUG: Ridder field DISABLED. Lambda = 0.000000e+00, model_type not set to unified
BACKGROUND_INIT ENTERED: Lambda=0.00e+00
DEBUG BG_INIT ENTRY: model_type=0
DEBUG AFTER CHECKS: model_type=0 has_ridder=0
RIDDER DEBUG (background_init): has_ridder=0, Lambda_EDE_ridder=0.000000e+00, f_axion_ridder=1.000000e+16, theta_i_ridder=2.500000e+00, beta_ridder=0.000000e+00
BG_INIT: entering background_checks
BG_INIT: background_checks OK
DEBUG SHOOTING CHECK: has_ridder=0, model_type=0 (unified=1), use_shooting_EDE=0
BG_INIT: entering background_solve
BACKGROUND_SOLVE ENTERED: has_ridder=0 Lambda=0.00e+00
ABOUT TO INTEGRATE: bi_size=6 has_ridder=0 Lambda=0.00e+00
DERIVS_ENTRY: call#=1295000 has_ridder=0 Lambda=0.00e+00 a=1.41e-08
BG_INIT: background_solve OK
INPUT_READ: ridder_freeze_phi = 0 _TRUE_=1 (after class_read_flag)
DEBUG: Ridder field DISABLED. Lambda = 0.000000e+00
INPUT_READ: ridder_freeze_phi = 0 _TRUE_=1 (after class_read_flag)
DEBUG: Ridder field DISABLED. Lambda = 0.000000e+00, model_type not set to unified
BACKGROUND_INIT ENTERED: Lambda=0.00e+00
DEBUG BG_INIT ENTRY: model_type=0
DEBUG AFTER CHECKS: model_type=0 has_ridder=0
RIDDER DEBUG (background_init): has_ridder=0, Lambda_EDE_ridder=0.000000e+00, f_axion_ridder=1.000000e+16, theta_i_ridder=2.500000e+00, beta_ridder=0.000000e+00
BG_INIT: entering background_checks
BG_INIT: background_checks OK
DEBUG SHOOTING CHECK: has_ridder=0, model_type=0 (unified=1), use_shooting_EDE=0
BG_INIT: entering background_solve
BACKGROUND_SOLVE ENTERED: has_ridder=0 Lambda=0.00e+00
ABOUT TO INTEGRATE: bi_size=6 has_ridder=0 Lambda=0.00e+00
DERIVS_ENTRY: call#=1300000 has_ridder=0 Lambda=0.00e+00 a=2.41e-03
BG_INIT: background_solve OK
INPUT_READ: ridder_freeze_phi = 0 _TRUE_=1 (after class_read_flag)
DEBUG: Ridder field DISABLED. Lambda = 0.000000e+00
INPUT_READ: ridder_freeze_phi = 0 _TRUE_=1 (after class_read_flag)
DEBUG: Ridder field DISABLED. Lambda = 0.000000e+00, model_type not set to unified
BACKGROUND_INIT ENTERED: Lambda=0.00e+00
DEBUG BG_INIT ENTRY: model_type=0
DEBUG AFTER CHECKS: model_type=0 has_ridder=0
RIDDER DEBUG (background_init): has_ridder=0, Lambda_EDE_ridder=0.000000e+00, f_axion_ridder=1.000000e+16, theta_i_ridder=2.500000e+00, beta_ridder=0.000000e+00
BG_INIT: entering background_checks
BG_INIT: background_checks OK
DEBUG SHOOTING CHECK: has_ridder=0, model_type=0 (unified=1), use_shooting_EDE=0
BG_INIT: entering background_solve
BACKGROUND_SOLVE ENTERED: has_ridder=0 Lambda=0.00e+00
ABOUT TO INTEGRATE: bi_size=6 has_ridder=0 Lambda=0.00e+00
BG_INIT: background_solve OK
INPUT_READ: ridder_freeze_phi = 0 _TRUE_=1 (after class_read_flag)
DEBUG: Ridder field DISABLED. Lambda = 0.000000e+00
INPUT_READ: ridder_freeze_phi = 0 _TRUE_=1 (after class_read_flag)
DEBUG: Ridder field DISABLED. Lambda = 0.000000e+00, model_type not set to unified
BACKGROUND_INIT ENTERED: Lambda=0.00e+00
DEBUG BG_INIT ENTRY: model_type=0
DEBUG AFTER CHECKS: model_type=0 has_ridder=0
RIDDER DEBUG (background_init): has_ridder=0, Lambda_EDE_ridder=0.000000e+00, f_axion_ridder=1.000000e+16, theta_i_ridder=2.500000e+00, beta_ridder=0.000000e+00
BG_INIT: entering background_checks
BG_INIT: background_checks OK
DEBUG SHOOTING CHECK: has_ridder=0, model_type=0 (unified=1), use_shooting_EDE=0
BG_INIT: entering background_solve
BACKGROUND_SOLVE ENTERED: has_ridder=0 Lambda=0.00e+00
ABOUT TO INTEGRATE: bi_size=6 has_ridder=0 Lambda=0.00e+00
DERIVS_ENTRY: call#=1305000 has_ridder=0 Lambda=0.00e+00 a=2.03e-09
BG_INIT: background_solve OK
INPUT_READ: ridder_freeze_phi = 0 _TRUE_=1 (after class_[mcmc] Progress @ 2025-11-27 10:52:31 : 3317 steps taken, and 520 accepted.
[mcmc] Progress @ 2025-11-27 10:53:35 : 3324 steps taken, and 522 accepted.
[mcmc] Progress @ 2025-11-27 10:54:41 : 3333 steps taken, and 522 accepted.
[mcmc] Progress @ 2025-11-27 10:55:41 : 3336 steps taken, and 522 accepted.
read_flag)
DEBUG: Ridder field DISABLED. Lambda = 0.000000e+00
INPUT_READ: ridder_freeze_phi = 0 _TRUE_=1 (after class_read_flag)
DEBUG: Ridder field DISABLED. Lambda = 0.000000e+00, model_type not set to unified
BACKGROUND_INIT ENTERED: Lambda=0.00e+00
DEBUG BG_INIT ENTRY: model_type=0
DEBUG AFTER CHECKS: model_type=0 has_ridder=0
RIDDER DEBUG (background_init): has_ridder=0, Lambda_EDE_ridder=0.000000e+00, f_axion_ridder=1.000000e+16, theta_i_ridder=2.500000e+00, beta_ridder=0.000000e+00
BG_INIT: entering background_checks
BG_INIT: background_checks OK
DEBUG SHOOTING CHECK: has_ridder=0, model_type=0 (unified=1), use_shooting_EDE=0
BG_INIT: entering background_solve
BACKGROUND_SOLVE ENTERED: has_ridder=0 Lambda=0.00e+00
ABOUT TO INTEGRATE: bi_size=6 has_ridder=0 Lambda=0.00e+00
DERIVS_ENTRY: call#=1310000 has_ridder=0 Lambda=0.00e+00 a=9.54e-05
BG_INIT: background_solve OK
INPUT_READ: ridder_freeze_phi = 0 _TRUE_=1 (after class_read_flag)
DEBUG: Ridder field DISABLED. Lambda = 0.000000e+00
INPUT_READ: ridder_freeze_phi = 0 _TRUE_=1 (after class_read_flag)
DEBUG: Ridder field DISABLED. Lambda = 0.000000e+00, model_type not set to unified
BACKGROUND_INIT ENTERED: Lambda=0.00e+00
DEBUG BG_INIT ENTRY: model_type=0
DEBUG AFTER CHECKS: model_type=0 has_ridder=0
RIDDER DEBUG (background_init): has_ridder=0, Lambda_EDE_ridder=0.000000e+00, f_axion_ridder=1.000000e+16, theta_i_ridder=2.500000e+00, beta_ridder=0.000000e+00
BG_INIT: entering background_checks
BG_INIT: background_checks OK
DEBUG SHOOTING CHECK: has_ridder=0, model_type=0 (unified=1), use_shooting_EDE=0
BG_INIT: entering background_solve
BACKGROUND_SOLVE ENTERED: has_ridder=0 Lambda=0.00e+00
ABOUT TO INTEGRATE: bi_size=6 has_ridder=0 Lambda=0.00e+00
BG_INIT: background_solve OK
INPUT_READ: ridder_freeze_phi = 0 _TRUE_=1 (after class_read_flag)
DEBUG: Ridder field DISABLED. Lambda = 0.000000e+00
INPUT_READ: ridder_freeze_phi = 0 _TRUE_=1 (after class_read_flag)
DEBUG: Ridder field DISABLED. Lambda = 0.000000e+00, model_type not set to unified
BACKGROUND_INIT ENTERED: Lambda=0.00e+00
DEBUG BG_INIT ENTRY: model_type=0
DEBUG AFTER CHECKS: model_type=0 has_ridder=0
RIDDER DEBUG (background_init): has_ridder=0, Lambda_EDE_ridder=0.000000e+00, f_axion_ridder=1.000000e+16, theta_i_ridder=2.500000e+00, beta_ridder=0.000000e+00
BG_INIT: entering background_checks
BG_INIT: background_checks OK
DEBUG SHOOTING CHECK: has_ridder=0, model_type=0 (unified=1), use_shooting_EDE=0
BG_INIT: entering background_solve
BACKGROUND_SOLVE ENTERED: has_ridder=0 Lambda=0.00e+00
ABOUT TO INTEGRATE: bi_size=6 has_ridder=0 Lambda=0.00e+00
DERIVS_ENTRY: call#=1315000 has_ridder=0 Lambda=0.00e+00 a=2.92e-10
BG_INIT: background_solve OK
INPUT_READ: ridder_freeze_phi = 0 _TRUE_=1 (after class_read_flag)
DEBUG: Ridder field DISABLED. Lambda = 0.000000e+00
INPUT_READ: ridder_freeze_phi = 0 _TRUE_=1 (after class_read_flag)
DEBUG: Ridder field DISABLED. Lambda = 0.000000e+00, model_type not set to unified
BACKGROUND_INIT ENTERED: Lambda=0.00e+00
DEBUG BG_INIT ENTRY: model_type=0
DEBUG AFTER CHECKS: model_type=0 has_ridder=0
RIDDER DEBUG (background_init): has_ridder=0, Lambda_EDE_ridder=0.000000e+00, f_axion_ridder=1.000000e+16, theta_i_ridder=2.500000e+00, beta_ridder=0.000000e+00
BG_INIT: entering background_checks
BG_INIT: background_checks OK
DEBUG SHOOTING CHECK: has_ridder=0, model_type=0 (unified=1), use_shooting_EDE=0
BG_INIT: entering background_solve
BACKGROUND_SOLVE ENTERED: has_ridder=0 Lambda=0.00e+00
ABOUT TO INTEGRATE: bi_size=6 has_ridder=0 Lambda=0.00e+00
DERIVS_ENTRY: call#=1320000 has_ridder=0 Lambda=0.00e+00 a=1.43e-05
BG_INIT: background_solve OK
INPUT_READ: ridder_freeze_phi = 0 _TRUE_=1 (after class_read_flag)
DEBUG: Ridder field DISABLED. Lambda = 0.000000e+00
INPUT_READ: ridder_freeze_phi = 0 _TRUE_=1 (after class_read_flag)
DEBUG: Ridder field DISABLED. Lambda = 0.000000e+00, model_type not set to unified
BACKGROUND_INIT ENTERED: Lambda=0.00e+00
DEBUG BG_INIT ENTRY: model_type=0
DEBUG AFTER CHECKS: model_type=0 has_ridder=0
RIDDER DEBUG (background_init): has_ridder=0, Lambda_E[mcmc] Progress @ 2025-11-27 10:57:03 : 3353 steps taken, and 526 accepted.
[mcmc] Progress @ 2025-11-27 10:58:03 : 3354 steps taken, and 526 accepted.
[mcmc] Progress @ 2025-11-27 10:59:13 : 3364 steps taken, and 528 accepted.
[mcmc] Progress @ 2025-11-27 11:00:14 : 3367 steps taken, and 529 accepted.
DE_ridder=0.000000e+00, f_axion_ridder=1.000000e+16, theta_i_ridder=2.500000e+00, beta_ridder=0.000000e+00
BG_INIT: entering background_checks
BG_INIT: background_checks OK
DEBUG SHOOTING CHECK: has_ridder=0, model_type=0 (unified=1), use_shooting_EDE=0
BG_INIT: entering background_solve
BACKGROUND_SOLVE ENTERED: has_ridder=0 Lambda=0.00e+00
ABOUT TO INTEGRATE: bi_size=6 has_ridder=0 Lambda=0.00e+00
BG_INIT: background_solve OK
INPUT_READ: ridder_freeze_phi = 0 _TRUE_=1 (after class_read_flag)
DEBUG: Ridder field DISABLED. Lambda = 0.000000e+00
INPUT_READ: ridder_freeze_phi = 0 _TRUE_=1 (after class_read_flag)
DEBUG: Ridder field DISABLED. Lambda = 0.000000e+00, model_type not set to unified
BACKGROUND_INIT ENTERED: Lambda=0.00e+00
DEBUG BG_INIT ENTRY: model_type=0
DEBUG AFTER CHECKS: model_type=0 has_ridder=0
RIDDER DEBUG (background_init): has_ridder=0, Lambda_EDE_ridder=0.000000e+00, f_axion_ridder=1.000000e+16, theta_i_ridder=2.500000e+00, beta_ridder=0.000000e+00
BG_INIT: entering background_checks
BG_INIT: background_checks OK
DEBUG SHOOTING CHECK: has_ridder=0, model_type=0 (unified=1), use_shooting_EDE=0
BG_INIT: entering background_solve
BACKGROUND_SOLVE ENTERED: has_ridder=0 Lambda=0.00e+00
ABOUT TO INTEGRATE: bi_size=6 has_ridder=0 Lambda=0.00e+00
DERIVS_ENTRY: call#=1325000 has_ridder=0 Lambda=0.00e+00 a=3.73e-11
BG_INIT: background_solve OK
INPUT_READ: ridder_freeze_phi = 0 _TRUE_=1 (after class_read_flag)
DEBUG: Ridder field DISABLED. Lambda = 0.000000e+00
INPUT_READ: ridder_freeze_phi = 0 _TRUE_=1 (after class_read_flag)
DEBUG: Ridder field DISABLED. Lambda = 0.000000e+00, model_type not set to unified
BACKGROUND_INIT ENTERED: Lambda=0.00e+00
DEBUG BG_INIT ENTRY: model_type=0
DEBUG AFTER CHECKS: model_type=0 has_ridder=0
RIDDER DEBUG (background_init): has_ridder=0, Lambda_EDE_ridder=0.000000e+00, f_axion_ridder=1.000000e+16, theta_i_ridder=2.500000e+00, beta_ridder=0.000000e+00
BG_INIT: entering background_checks
BG_INIT: background_checks OK
DEBUG SHOOTING CHECK: has_ridder=0, model_type=0 (unified=1), use_shooting_EDE=0
BG_INIT: entering background_solve
BACKGROUND_SOLVE ENTERED: has_ridder=0 Lambda=0.00e+00
ABOUT TO INTEGRATE: bi_size=6 has_ridder=0 Lambda=0.00e+00
DERIVS_ENTRY: call#=1330000 has_ridder=0 Lambda=0.00e+00 a=1.87e-06
BG_INIT: background_solve OK
INPUT_READ: ridder_freeze_phi = 0 _TRUE_=1 (after class_read_flag)
DEBUG: Ridder field DISABLED. Lambda = 0.000000e+00
INPUT_READ: ridder_freeze_phi = 0 _TRUE_=1 (after class_read_flag)
DEBUG: Ridder field DISABLED. Lambda = 0.000000e+00, model_type not set to unified
BACKGROUND_INIT ENTERED: Lambda=0.00e+00
DEBUG BG_INIT ENTRY: model_type=0
DEBUG AFTER CHECKS: model_type=0 has_ridder=0
RIDDER DEBUG (background_init): has_ridder=0, Lambda_EDE_ridder=0.000000e+00, f_axion_ridder=1.000000e+16, theta_i_ridder=2.500000e+00, beta_ridder=0.000000e+00
BG_INIT: entering background_checks
BG_INIT: background_checks OK
DEBUG SHOOTING CHECK: has_ridder=0, model_type=0 (unified=1), use_shooting_EDE=0
BG_INIT: entering background_solve
BACKGROUND_SOLVE ENTERED: has_ridder=0 Lambda=0.00e+00
ABOUT TO INTEGRATE: bi_size=6 has_ridder=0 Lambda=0.00e+00
BG_INIT: background_solve OK
INPUT_READ: ridder_freeze_phi = 0 _TRUE_=1 (after class_read_flag)
DEBUG: Ridder field DISABLED. Lambda = 0.000000e+00
INPUT_READ: ridder_freeze_phi = 0 _TRUE_=1 (after class_read_flag)
DEBUG: Ridder field DISABLED. Lambda = 0.000000e+00, model_type not set to unified
BACKGROUND_INIT ENTERED: Lambda=0.00e+00
DEBUG BG_INIT ENTRY: model_type=0
DEBUG AFTER CHECKS: model_type=0 has_ridder=0
RIDDER DEBUG (background_init): has_ridder=0, Lambda_EDE_ridder=0.000000e+00, f_axion_ridder=1.000000e+16, theta_i_ridder=2.500000e+00, beta_ridder=0.000000e+00
BG_INIT: entering background_checks
BG_INIT: background_checks OK
DEBUG SHOOTING CHECK: has_ridder=0, model_type=0 (unified=1), use_shooting_EDE=0
BG_INIT: entering background_solve
BACKGROUND_SOLVE ENTERED: has_ridder=0 Lambda=0.00e+00
ABOUT TO INTEGRATE: bi_size=6 has_ridder=0 Lambda=0.00e+00
DERIVS_ENTRY: call#=1335000 has_ridder=0 Lambda=0.00e[mcmc] Progress @ 2025-11-27 11:01:18 : 3370 steps taken, and 529 accepted.
[mcmc] Progress @ 2025-11-27 11:02:24 : 3374 steps taken, and 529 accepted.
[mcmc] Progress @ 2025-11-27 11:03:25 : 3379 steps taken, and 530 accepted.
[mcmc] Progress @ 2025-11-27 11:04:53 : 3399 steps taken, and 533 accepted.
[mcmc] Progress @ 2025-11-27 11:06:08 : 3411 steps taken, and 537 accepted.
+00 a=3.79e-14
BG_INIT: background_solve OK
INPUT_READ: ridder_freeze_phi = 0 _TRUE_=1 (after class_read_flag)
DEBUG: Ridder field DISABLED. Lambda = 0.000000e+00
INPUT_READ: ridder_freeze_phi = 0 _TRUE_=1 (after class_read_flag)
DEBUG: Ridder field DISABLED. Lambda = 0.000000e+00, model_type not set to unified
BACKGROUND_INIT ENTERED: Lambda=0.00e+00
DEBUG BG_INIT ENTRY: model_type=0
DEBUG AFTER CHECKS: model_type=0 has_ridder=0
RIDDER DEBUG (background_init): has_ridder=0, Lambda_EDE_ridder=0.000000e+00, f_axion_ridder=1.000000e+16, theta_i_ridder=2.500000e+00, beta_ridder=0.000000e+00
BG_INIT: entering background_checks
BG_INIT: background_checks OK
DEBUG SHOOTING CHECK: has_ridder=0, model_type=0 (unified=1), use_shooting_EDE=0
BG_INIT: entering background_solve
BACKGROUND_SOLVE ENTERED: has_ridder=0 Lambda=0.00e+00
ABOUT TO INTEGRATE: bi_size=6 has_ridder=0 Lambda=0.00e+00
DERIVS_ENTRY: call#=1340000 has_ridder=0 Lambda=0.00e+00 a=2.63e-07
BG_INIT: background_solve OK
INPUT_READ: ridder_freeze_phi = 0 _TRUE_=1 (after class_read_flag)
DEBUG: Ridder field DISABLED. Lambda = 0.000000e+00
INPUT_READ: ridder_freeze_phi = 0 _TRUE_=1 (after class_read_flag)
DEBUG: Ridder field DISABLED. Lambda = 0.000000e+00, model_type not set to unified
BACKGROUND_INIT ENTERED: Lambda=0.00e+00
DEBUG BG_INIT ENTRY: model_type=0
DEBUG AFTER CHECKS: model_type=0 has_ridder=0
RIDDER DEBUG (background_init): has_ridder=0, Lambda_EDE_ridder=0.000000e+00, f_axion_ridder=1.000000e+16, theta_i_ridder=2.500000e+00, beta_ridder=0.000000e+00
BG_INIT: entering background_checks
BG_INIT: background_checks OK
DEBUG SHOOTING CHECK: has_ridder=0, model_type=0 (unified=1), use_shooting_EDE=0
BG_INIT: entering background_solve
BACKGROUND_SOLVE ENTERED: has_ridder=0 Lambda=0.00e+00
ABOUT TO INTEGRATE: bi_size=6 has_ridder=0 Lambda=0.00e+00
DERIVS_ENTRY: call#=1345000 has_ridder=0 Lambda=0.00e+00 a=3.58e-01
BG_INIT: background_solve OK
INPUT_READ: ridder_freeze_phi = 0 _TRUE_=1 (after class_read_flag)
DEBUG: Ridder field DISABLED. Lambda = 0.000000e+00
INPUT_READ: ridder_freeze_phi = 0 _TRUE_=1 (after class_read_flag)
DEBUG: Ridder field DISABLED. Lambda = 0.000000e+00, model_type not set to unified
BACKGROUND_INIT ENTERED: Lambda=0.00e+00
DEBUG BG_INIT ENTRY: model_type=0
DEBUG AFTER CHECKS: model_type=0 has_ridder=0
RIDDER DEBUG (background_init): has_ridder=0, Lambda_EDE_ridder=0.000000e+00, f_axion_ridder=1.000000e+16, theta_i_ridder=2.500000e+00, beta_ridder=0.000000e+00
BG_INIT: entering background_checks
BG_INIT: background_checks OK
DEBUG SHOOTING CHECK: has_ridder=0, model_type=0 (unified=1), use_shooting_EDE=0
BG_INIT: entering background_solve
BACKGROUND_SOLVE ENTERED: has_ridder=0 Lambda=0.00e+00
ABOUT TO INTEGRATE: bi_size=6 has_ridder=0 Lambda=0.00e+00
BG_INIT: background_solve OK
INPUT_READ: ridder_freeze_phi = 0 _TRUE_=1 (after class_read_flag)
DEBUG: Ridder field DISABLED. Lambda = 0.000000e+00
INPUT_READ: ridder_freeze_phi = 0 _TRUE_=1 (after class_read_flag)
DEBUG: Ridder field DISABLED. Lambda = 0.000000e+00, model_type not set to unified
BACKGROUND_INIT ENTERED: Lambda=0.00e+00
DEBUG BG_INIT ENTRY: model_type=0
DEBUG AFTER CHECKS: model_type=0 has_ridder=0
RIDDER DEBUG (background_init): has_ridder=0, Lambda_EDE_ridder=0.000000e+00, f_axion_ridder=1.000000e+16, theta_i_ridder=2.500000e+00, beta_ridder=0.000000e+00
BG_INIT: entering background_checks
BG_INIT: background_checks OK
DEBUG SHOOTING CHECK: has_ridder=0, model_type=0 (unified=1), use_shooting_EDE=0
BG_INIT: entering background_solve
BACKGROUND_SOLVE ENTERED: has_ridder=0 Lambda=0.00e+00
ABOUT TO INTEGRATE: bi_size=6 has_ridder=0 Lambda=0.00e+00
DERIVS_ENTRY: call#=1350000 has_ridder=0 Lambda=0.00e+00 a=3.21e-08
BG_INIT: background_solve OK
INPUT_READ: ridder_freeze_phi = 0 _TRUE_=1 (after class_read_flag)
DEBUG: Ridder field DISABLED. Lambda = 0.000000e+00
INPUT_READ: ridder_freeze_phi = 0 _TRUE_=1 (after class_read_flag)
DEBUG: Ridder field DISABLED. Lambda = 0.000000e+00, model_type not set to unified
BACKGROUND_INIT ENTERED: Lambda=0.00e+00
DEBUG BG_INIT ENTRY: model_type=0
[mcmc] Progress @ 2025-11-27 11:07:12 : 3413 steps taken, and 537 accepted.
[mcmc] Progress @ 2025-11-27 11:08:29 : 3424 steps taken, and 537 accepted.
[mcmc] Progress @ 2025-11-27 11:09:36 : 3428 steps taken, and 538 accepted.
[mcmc] Progress @ 2025-11-27 11:11:28 : 3460 steps taken, and 542 accepted.
DEBUG AFTER CHECKS: model_type=0 has_ridder=0
RIDDER DEBUG (background_init): has_ridder=0, Lambda_EDE_ridder=0.000000e+00, f_axion_ridder=1.000000e+16, theta_i_ridder=2.500000e+00, beta_ridder=0.000000e+00
BG_INIT: entering background_checks
BG_INIT: background_checks OK
DEBUG SHOOTING CHECK: has_ridder=0, model_type=0 (unified=1), use_shooting_EDE=0
BG_INIT: entering background_solve
BACKGROUND_SOLVE ENTERED: has_ridder=0 Lambda=0.00e+00
ABOUT TO INTEGRATE: bi_size=6 has_ridder=0 Lambda=0.00e+00
DERIVS_ENTRY: call#=1355000 has_ridder=0 Lambda=0.00e+00 a=1.24e-02
BG_INIT: background_solve OK
INPUT_READ: ridder_freeze_phi = 0 _TRUE_=1 (after class_read_flag)
DEBUG: Ridder field DISABLED. Lambda = 0.000000e+00
INPUT_READ: ridder_freeze_phi = 0 _TRUE_=1 (after class_read_flag)
DEBUG: Ridder field DISABLED. Lambda = 0.000000e+00, model_type not set to unified
BACKGROUND_INIT ENTERED: Lambda=0.00e+00
DEBUG BG_INIT ENTRY: model_type=0
DEBUG AFTER CHECKS: model_type=0 has_ridder=0
RIDDER DEBUG (background_init): has_ridder=0, Lambda_EDE_ridder=0.000000e+00, f_axion_ridder=1.000000e+16, theta_i_ridder=2.500000e+00, beta_ridder=0.000000e+00
BG_INIT: entering background_checks
BG_INIT: background_checks OK
DEBUG SHOOTING CHECK: has_ridder=0, model_type=0 (unified=1), use_shooting_EDE=0
BG_INIT: entering background_solve
BACKGROUND_SOLVE ENTERED: has_ridder=0 Lambda=0.00e+00
ABOUT TO INTEGRATE: bi_size=6 has_ridder=0 Lambda=0.00e+00
BG_INIT: background_solve OK
INPUT_READ: ridder_freeze_phi = 0 _TRUE_=1 (after class_read_flag)
DEBUG: Ridder field DISABLED. Lambda = 0.000000e+00
INPUT_READ: ridder_freeze_phi = 0 _TRUE_=1 (after class_read_flag)
DEBUG: Ridder field DISABLED. Lambda = 0.000000e+00, model_type not set to unified
BACKGROUND_INIT ENTERED: Lambda=0.00e+00
DEBUG BG_INIT ENTRY: model_type=0
DEBUG AFTER CHECKS: model_type=0 has_ridder=0
RIDDER DEBUG (background_init): has_ridder=0, Lambda_EDE_ridder=0.000000e+00, f_axion_ridder=1.000000e+16, theta_i_ridder=2.500000e+00, beta_ridder=0.000000e+00
BG_INIT: entering background_checks
BG_INIT: background_checks OK
DEBUG SHOOTING CHECK: has_ridder=0, model_type=0 (unified=1), use_shooting_EDE=0
BG_INIT: entering background_solve
BACKGROUND_SOLVE ENTERED: has_ridder=0 Lambda=0.00e+00
ABOUT TO INTEGRATE: bi_size=6 has_ridder=0 Lambda=0.00e+00
DERIVS_ENTRY: call#=1360000 has_ridder=0 Lambda=0.00e+00 a=4.26e-09
BG_INIT: background_solve OK
INPUT_READ: ridder_freeze_phi = 0 _TRUE_=1 (after class_read_flag)
DEBUG: Ridder field DISABLED. Lambda = 0.000000e+00
INPUT_READ: ridder_freeze_phi = 0 _TRUE_=1 (after class_read_flag)
DEBUG: Ridder field DISABLED. Lambda = 0.000000e+00, model_type not set to unified
BACKGROUND_INIT ENTERED: Lambda=0.00e+00
DEBUG BG_INIT ENTRY: model_type=0
DEBUG AFTER CHECKS: model_type=0 has_ridder=0
RIDDER DEBUG (background_init): has_ridder=0, Lambda_EDE_ridder=0.000000e+00, f_axion_ridder=1.000000e+16, theta_i_ridder=2.500000e+00, beta_ridder=0.000000e+00
BG_INIT: entering background_checks
BG_INIT: background_checks OK
DEBUG SHOOTING CHECK: has_ridder=0, model_type=0 (unified=1), use_shooting_EDE=0
BG_INIT: entering background_solve
BACKGROUND_SOLVE ENTERED: has_ridder=0 Lambda=0.00e+00
ABOUT TO INTEGRATE: bi_size=6 has_ridder=0 Lambda=0.00e+00
DERIVS_ENTRY: call#=1365000 has_ridder=0 Lambda=0.00e+00 a=2.37e-04
BG_INIT: background_solve OK
INPUT_READ: ridder_freeze_phi = 0 _TRUE_=1 (after class_read_flag)
DEBUG: Ridder field DISABLED. Lambda = 0.000000e+00
INPUT_READ: ridder_freeze_phi = 0 _TRUE_=1 (after class_read_flag)
DEBUG: Ridder field DISABLED. Lambda = 0.000000e+00, model_type not set to unified
BACKGROUND_INIT ENTERED: Lambda=0.00e+00
DEBUG BG_INIT ENTRY: model_type=0
DEBUG AFTER CHECKS: model_type=0 has_ridder=0
RIDDER DEBUG (background_init): has_ridder=0, Lambda_EDE_ridder=0.000000e+00, f_axion_ridder=1.000000e+16, theta_i_ridder=2.500000e+00, beta_ridder=0.000000e+00
BG_INIT: entering background_checks
BG_INIT: background_checks OK
DEBUG SHOOTING CHECK: has_ridder=0, model_type=0 (unified=1), use_shooting_EDE=0
BG_INIT: entering background_solve[mcmc] Progress @ 2025-11-27 11:12:33 : 3463 steps taken, and 543 accepted.
[mcmc] Progress @ 2025-11-27 11:13:46 : 3468 steps taken, and 544 accepted.
[mcmc] Progress @ 2025-11-27 11:14:55 : 3476 steps taken, and 545 accepted.
[mcmc] Progress @ 2025-11-27 11:16:06 : 3485 steps taken, and 547 accepted.
[mcmc] Progress @ 2025-11-27 11:17:20 : 3497 steps taken, and 548 accepted.

BACKGROUND_SOLVE ENTERED: has_ridder=0 Lambda=0.00e+00
ABOUT TO INTEGRATE: bi_size=6 has_ridder=0 Lambda=0.00e+00
BG_INIT: background_solve OK
INPUT_READ: ridder_freeze_phi = 0 _TRUE_=1 (after class_read_flag)
DEBUG: Ridder field DISABLED. Lambda = 0.000000e+00
INPUT_READ: ridder_freeze_phi = 0 _TRUE_=1 (after class_read_flag)
DEBUG: Ridder field DISABLED. Lambda = 0.000000e+00, model_type not set to unified
BACKGROUND_INIT ENTERED: Lambda=0.00e+00
DEBUG BG_INIT ENTRY: model_type=0
DEBUG AFTER CHECKS: model_type=0 has_ridder=0
RIDDER DEBUG (background_init): has_ridder=0, Lambda_EDE_ridder=0.000000e+00, f_axion_ridder=1.000000e+16, theta_i_ridder=2.500000e+00, beta_ridder=0.000000e+00
BG_INIT: entering background_checks
BG_INIT: background_checks OK
DEBUG SHOOTING CHECK: has_ridder=0, model_type=0 (unified=1), use_shooting_EDE=0
BG_INIT: entering background_solve
BACKGROUND_SOLVE ENTERED: has_ridder=0 Lambda=0.00e+00
ABOUT TO INTEGRATE: bi_size=6 has_ridder=0 Lambda=0.00e+00
DERIVS_ENTRY: call#=1370000 has_ridder=0 Lambda=0.00e+00 a=5.96e-10
BG_INIT: background_solve OK
INPUT_READ: ridder_freeze_phi = 0 _TRUE_=1 (after class_read_flag)
DEBUG: Ridder field DISABLED. Lambda = 0.000000e+00
INPUT_READ: ridder_freeze_phi = 0 _TRUE_=1 (after class_read_flag)
DEBUG: Ridder field DISABLED. Lambda = 0.000000e+00, model_type not set to unified
BACKGROUND_INIT ENTERED: Lambda=0.00e+00
DEBUG BG_INIT ENTRY: model_type=0
DEBUG AFTER CHECKS: model_type=0 has_ridder=0
RIDDER DEBUG (background_init): has_ridder=0, Lambda_EDE_ridder=0.000000e+00, f_axion_ridder=1.000000e+16, theta_i_ridder=2.500000e+00, beta_ridder=0.000000e+00
BG_INIT: entering background_checks
BG_INIT: background_checks OK
DEBUG SHOOTING CHECK: has_ridder=0, model_type=0 (unified=1), use_shooting_EDE=0
BG_INIT: entering background_solve
BACKGROUND_SOLVE ENTERED: has_ridder=0 Lambda=0.00e+00
ABOUT TO INTEGRATE: bi_size=6 has_ridder=0 Lambda=0.00e+00
DERIVS_ENTRY: call#=1375000 has_ridder=0 Lambda=0.00e+00 a=2.70e-05
BG_INIT: background_solve OK
INPUT_READ: ridder_freeze_phi = 0 _TRUE_=1 (after class_read_flag)
DEBUG: Ridder field DISABLED. Lambda = 0.000000e+00
INPUT_READ: ridder_freeze_phi = 0 _TRUE_=1 (after class_read_flag)
DEBUG: Ridder field DISABLED. Lambda = 0.000000e+00, model_type not set to unified
BACKGROUND_INIT ENTERED: Lambda=0.00e+00
DEBUG BG_INIT ENTRY: model_type=0
DEBUG AFTER CHECKS: model_type=0 has_ridder=0
RIDDER DEBUG (background_init): has_ridder=0, Lambda_EDE_ridder=0.000000e+00, f_axion_ridder=1.000000e+16, theta_i_ridder=2.500000e+00, beta_ridder=0.000000e+00
BG_INIT: entering background_checks
BG_INIT: background_checks OK
DEBUG SHOOTING CHECK: has_ridder=0, model_type=0 (unified=1), use_shooting_EDE=0
BG_INIT: entering background_solve
BACKGROUND_SOLVE ENTERED: has_ridder=0 Lambda=0.00e+00
ABOUT TO INTEGRATE: bi_size=6 has_ridder=0 Lambda=0.00e+00
BG_INIT: background_solve OK
INPUT_READ: ridder_freeze_phi = 0 _TRUE_=1 (after class_read_flag)
DEBUG: Ridder field DISABLED. Lambda = 0.000000e+00
INPUT_READ: ridder_freeze_phi = 0 _TRUE_=1 (after class_read_flag)
DEBUG: Ridder field DISABLED. Lambda = 0.000000e+00, model_type not set to unified
BACKGROUND_INIT ENTERED: Lambda=0.00e+00
DEBUG BG_INIT ENTRY: model_type=0
DEBUG AFTER CHECKS: model_type=0 has_ridder=0
RIDDER DEBUG (background_init): has_ridder=0, Lambda_EDE_ridder=0.000000e+00, f_axion_ridder=1.000000e+16, theta_i_ridder=2.500000e+00, beta_ridder=0.000000e+00
BG_INIT: entering background_checks
BG_INIT: background_checks OK
DEBUG SHOOTING CHECK: has_ridder=0, model_type=0 (unified=1), use_shooting_EDE=0
BG_INIT: entering background_solve
BACKGROUND_SOLVE ENTERED: has_ridder=0 Lambda=0.00e+00
ABOUT TO INTEGRATE: bi_size=6 has_ridder=0 Lambda=0.00e+00
DERIVS_ENTRY: call#=1380000 has_ridder=0 Lambda=0.00e+00 a=7.70e-11
BG_INIT: background_solve OK
INPUT_READ: ridder_freeze_phi = 0 _TRUE_=1 (after class_read_flag)
DEBUG: Ridder field DISABLED. Lambda = 0.000000e+00
INPUT_READ: ridder_freeze_phi = 0 _TRUE_=1 (after class_read_flag)
DEBUG: Ridder field DISABLED. Lambda = 0.000000e+00, model[mcmc] Progress @ 2025-11-27 11:18:44 : 3509 steps taken, and 549 accepted.
[mcmc] Progress @ 2025-11-27 11:19:59 : 3519 steps taken, and 550 accepted.
[mcmc] Progress @ 2025-11-27 11:20:59 : 3521 steps taken, and 550 accepted.
[mcmc] Progress @ 2025-11-27 11:22:21 : 3539 steps taken, and 556 accepted.
_type not set to unified
BACKGROUND_INIT ENTERED: Lambda=0.00e+00
DEBUG BG_INIT ENTRY: model_type=0
DEBUG AFTER CHECKS: model_type=0 has_ridder=0
RIDDER DEBUG (background_init): has_ridder=0, Lambda_EDE_ridder=0.000000e+00, f_axion_ridder=1.000000e+16, theta_i_ridder=2.500000e+00, beta_ridder=0.000000e+00
BG_INIT: entering background_checks
BG_INIT: background_checks OK
DEBUG SHOOTING CHECK: has_ridder=0, model_type=0 (unified=1), use_shooting_EDE=0
BG_INIT: entering background_solve
BACKGROUND_SOLVE ENTERED: has_ridder=0 Lambda=0.00e+00
ABOUT TO INTEGRATE: bi_size=6 has_ridder=0 Lambda=0.00e+00
DERIVS_ENTRY: call#=1385000 has_ridder=0 Lambda=0.00e+00 a=3.63e-06
BG_INIT: background_solve OK
INPUT_READ: ridder_freeze_phi = 0 _TRUE_=1 (after class_read_flag)
DEBUG: Ridder field DISABLED. Lambda = 0.000000e+00
INPUT_READ: ridder_freeze_phi = 0 _TRUE_=1 (after class_read_flag)
DEBUG: Ridder field DISABLED. Lambda = 0.000000e+00, model_type not set to unified
BACKGROUND_INIT ENTERED: Lambda=0.00e+00
DEBUG BG_INIT ENTRY: model_type=0
DEBUG AFTER CHECKS: model_type=0 has_ridder=0
RIDDER DEBUG (background_init): has_ridder=0, Lambda_EDE_ridder=0.000000e+00, f_axion_ridder=1.000000e+16, theta_i_ridder=2.500000e+00, beta_ridder=0.000000e+00
BG_INIT: entering background_checks
BG_INIT: background_checks OK
DEBUG SHOOTING CHECK: has_ridder=0, model_type=0 (unified=1), use_shooting_EDE=0
BG_INIT: entering background_solve
BACKGROUND_SOLVE ENTERED: has_ridder=0 Lambda=0.00e+00
ABOUT TO INTEGRATE: bi_size=6 has_ridder=0 Lambda=0.00e+00
BG_INIT: background_solve OK
INPUT_READ: ridder_freeze_phi = 0 _TRUE_=1 (after class_read_flag)
DEBUG: Ridder field DISABLED. Lambda = 0.000000e+00
INPUT_READ: ridder_freeze_phi = 0 _TRUE_=1 (after class_read_flag)
DEBUG: Ridder field DISABLED. Lambda = 0.000000e+00, model_type not set to unified
BACKGROUND_INIT ENTERED: Lambda=0.00e+00
DEBUG BG_INIT ENTRY: model_type=0
DEBUG AFTER CHECKS: model_type=0 has_ridder=0
RIDDER DEBUG (background_init): has_ridder=0, Lambda_EDE_ridder=0.000000e+00, f_axion_ridder=1.000000e+16, theta_i_ridder=2.500000e+00, beta_ridder=0.000000e+00
BG_INIT: entering background_checks
BG_INIT: background_checks OK
DEBUG SHOOTING CHECK: has_ridder=0, model_type=0 (unified=1), use_shooting_EDE=0
BG_INIT: entering background_solve
BACKGROUND_SOLVE ENTERED: has_ridder=0 Lambda=0.00e+00
ABOUT TO INTEGRATE: bi_size=6 has_ridder=0 Lambda=0.00e+00
DERIVS_ENTRY: call#=1390000 has_ridder=0 Lambda=0.00e+00 a=3.46e-13
BG_INIT: background_solve OK
INPUT_READ: ridder_freeze_phi = 0 _TRUE_=1 (after class_read_flag)
DEBUG: Ridder field DISABLED. Lambda = 0.000000e+00
INPUT_READ: ridder_freeze_phi = 0 _TRUE_=1 (after class_read_flag)
DEBUG: Ridder field DISABLED. Lambda = 0.000000e+00, model_type not set to unified
BACKGROUND_INIT ENTERED: Lambda=0.00e+00
DEBUG BG_INIT ENTRY: model_type=0
DEBUG AFTER CHECKS: model_type=0 has_ridder=0
RIDDER DEBUG (background_init): has_ridder=0, Lambda_EDE_ridder=0.000000e+00, f_axion_ridder=1.000000e+16, theta_i_ridder=2.500000e+00, beta_ridder=0.000000e+00
BG_INIT: entering background_checks
BG_INIT: background_checks OK
DEBUG SHOOTING CHECK: has_ridder=0, model_type=0 (unified=1), use_shooting_EDE=0
BG_INIT: entering background_solve
BACKGROUND_SOLVE ENTERED: has_ridder=0 Lambda=0.00e+00
ABOUT TO INTEGRATE: bi_size=6 has_ridder=0 Lambda=0.00e+00
DERIVS_ENTRY: call#=1395000 has_ridder=0 Lambda=0.00e+00 a=4.88e-07
BG_INIT: background_solve OK
INPUT_READ: ridder_freeze_phi = 0 _TRUE_=1 (after class_read_flag)
DEBUG: Ridder field DISABLED. Lambda = 0.000000e+00
INPUT_READ: ridder_freeze_phi = 0 _TRUE_=1 (after class_read_flag)
DEBUG: Ridder field DISABLED. Lambda = 0.000000e+00, model_type not set to unified
BACKGROUND_INIT ENTERED: Lambda=0.00e+00
DEBUG BG_INIT ENTRY: model_type=0
DEBUG AFTER CHECKS: model_type=0 has_ridder=0
RIDDER DEBUG (background_init): has_ridder=0, Lambda_EDE_ridder=0.000000e+00, f_axion_ridder=1.000000e+16, theta_i_ridder=2.500000e+00, beta_ridder=0.000000e+00
BG_INIT: entering background_checks
BG_INIT: background_checks OK
DEBUG SHOOTING [mcmc] Progress @ 2025-11-27 11:23:34 : 3549 steps taken, and 556 accepted.
[mcmc] Progress @ 2025-11-27 11:24:37 : 3550 steps taken, and 556 accepted.
[mcmc] Progress @ 2025-11-27 11:26:00 : 3563 steps taken, and 559 accepted.
[mcmc] Progress @ 2025-11-27 11:27:06 : 3568 steps taken, and 560 accepted.
[mcmc] Progress @ 2025-11-27 11:28:15 : 3576 steps taken, and 563 accepted.
CHECK: has_ridder=0, model_type=0 (unified=1), use_shooting_EDE=0
BG_INIT: entering background_solve
BACKGROUND_SOLVE ENTERED: has_ridder=0 Lambda=0.00e+00
ABOUT TO INTEGRATE: bi_size=6 has_ridder=0 Lambda=0.00e+00
DERIVS_ENTRY: call#=1400000 has_ridder=0 Lambda=0.00e+00 a=7.04e-01
BG_INIT: background_solve OK
INPUT_READ: ridder_freeze_phi = 0 _TRUE_=1 (after class_read_flag)
DEBUG: Ridder field DISABLED. Lambda = 0.000000e+00
INPUT_READ: ridder_freeze_phi = 0 _TRUE_=1 (after class_read_flag)
DEBUG: Ridder field DISABLED. Lambda = 0.000000e+00, model_type not set to unified
BACKGROUND_INIT ENTERED: Lambda=0.00e+00
DEBUG BG_INIT ENTRY: model_type=0
DEBUG AFTER CHECKS: model_type=0 has_ridder=0
RIDDER DEBUG (background_init): has_ridder=0, Lambda_EDE_ridder=0.000000e+00, f_axion_ridder=1.000000e+16, theta_i_ridder=2.500000e+00, beta_ridder=0.000000e+00
BG_INIT: entering background_checks
BG_INIT: background_checks OK
DEBUG SHOOTING CHECK: has_ridder=0, model_type=0 (unified=1), use_shooting_EDE=0
BG_INIT: entering background_solve
BACKGROUND_SOLVE ENTERED: has_ridder=0 Lambda=0.00e+00
ABOUT TO INTEGRATE: bi_size=6 has_ridder=0 Lambda=0.00e+00
BG_INIT: background_solve OK
INPUT_READ: ridder_freeze_phi = 0 _TRUE_=1 (after class_read_flag)
DEBUG: Ridder field DISABLED. Lambda = 0.000000e+00
INPUT_READ: ridder_freeze_phi = 0 _TRUE_=1 (after class_read_flag)
DEBUG: Ridder field DISABLED. Lambda = 0.000000e+00, model_type not set to unified
BACKGROUND_INIT ENTERED: Lambda=0.00e+00
DEBUG BG_INIT ENTRY: model_type=0
DEBUG AFTER CHECKS: model_type=0 has_ridder=0
RIDDER DEBUG (background_init): has_ridder=0, Lambda_EDE_ridder=0.000000e+00, f_axion_ridder=1.000000e+16, theta_i_ridder=2.500000e+00, beta_ridder=0.000000e+00
BG_INIT: entering background_checks
BG_INIT: background_checks OK
DEBUG SHOOTING CHECK: has_ridder=0, model_type=0 (unified=1), use_shooting_EDE=0
BG_INIT: entering background_solve
BACKGROUND_SOLVE ENTERED: has_ridder=0 Lambda=0.00e+00
ABOUT TO INTEGRATE: bi_size=6 has_ridder=0 Lambda=0.00e+00
DERIVS_ENTRY: call#=1405000 has_ridder=0 Lambda=0.00e+00 a=7.22e-08
BG_INIT: background_solve OK
INPUT_READ: ridder_freeze_phi = 0 _TRUE_=1 (after class_read_flag)
DEBUG: Ridder field DISABLED. Lambda = 0.000000e+00
INPUT_READ: ridder_freeze_phi = 0 _TRUE_=1 (after class_read_flag)
DEBUG: Ridder field DISABLED. Lambda = 0.000000e+00, model_type not set to unified
BACKGROUND_INIT ENTERED: Lambda=0.00e+00
DEBUG BG_INIT ENTRY: model_type=0
DEBUG AFTER CHECKS: model_type=0 has_ridder=0
RIDDER DEBUG (background_init): has_ridder=0, Lambda_EDE_ridder=0.000000e+00, f_axion_ridder=1.000000e+16, theta_i_ridder=2.500000e+00, beta_ridder=0.000000e+00
BG_INIT: entering background_checks
BG_INIT: background_checks OK
DEBUG SHOOTING CHECK: has_ridder=0, model_type=0 (unified=1), use_shooting_EDE=0
BG_INIT: entering background_solve
BACKGROUND_SOLVE ENTERED: has_ridder=0 Lambda=0.00e+00
ABOUT TO INTEGRATE: bi_size=6 has_ridder=0 Lambda=0.00e+00
DERIVS_ENTRY: call#=1410000 has_ridder=0 Lambda=0.00e+00 a=6.61e-02
BG_INIT: background_solve OK
INPUT_READ: ridder_freeze_phi = 0 _TRUE_=1 (after class_read_flag)
DEBUG: Ridder field DISABLED. Lambda = 0.000000e+00
INPUT_READ: ridder_freeze_phi = 0 _TRUE_=1 (after class_read_flag)
DEBUG: Ridder field DISABLED. Lambda = 0.000000e+00, model_type not set to unified
BACKGROUND_INIT ENTERED: Lambda=0.00e+00
DEBUG BG_INIT ENTRY: model_type=0
DEBUG AFTER CHECKS: model_type=0 has_ridder=0
RIDDER DEBUG (background_init): has_ridder=0, Lambda_EDE_ridder=0.000000e+00, f_axion_ridder=1.000000e+16, theta_i_ridder=2.500000e+00, beta_ridder=0.000000e+00
BG_INIT: entering background_checks
BG_INIT: background_checks OK
DEBUG SHOOTING CHECK: has_ridder=0, model_type=0 (unified=1), use_shooting_EDE=0
BG_INIT: entering background_solve
BACKGROUND_SOLVE ENTERED: has_ridder=0 Lambda=0.00e+00
ABOUT TO INTEGRATE: bi_size=6 has_ridder=0 Lambda=0.00e+00
BG_INIT: background_solve OK
INPUT_READ: ridder_freeze_phi = 0 _TRUE_=1 (after class_read_flag)
DEBUG: Ridder field DISABLED. Lambda = 0.000000e+00
INPUT_READ: ridder_freeze[mcmc] Progress @ 2025-11-27 11:29:34 : 3590 steps taken, and 566 accepted.
[mcmc] Progress @ 2025-11-27 11:30:35 : 3593 steps taken, and 566 accepted.
[mcmc] Progress @ 2025-11-27 11:31:53 : 3602 steps taken, and 569 accepted.
[mcmc] Progress @ 2025-11-27 11:33:04 : 3612 steps taken, and 572 accepted.
_phi = 0 _TRUE_=1 (after class_read_flag)
DEBUG: Ridder field DISABLED. Lambda = 0.000000e+00, model_type not set to unified
BACKGROUND_INIT ENTERED: Lambda=0.00e+00
DEBUG BG_INIT ENTRY: model_type=0
DEBUG AFTER CHECKS: model_type=0 has_ridder=0
RIDDER DEBUG (background_init): has_ridder=0, Lambda_EDE_ridder=0.000000e+00, f_axion_ridder=1.000000e+16, theta_i_ridder=2.500000e+00, beta_ridder=0.000000e+00
BG_INIT: entering background_checks
BG_INIT: background_checks OK
DEBUG SHOOTING CHECK: has_ridder=0, model_type=0 (unified=1), use_shooting_EDE=0
BG_INIT: entering background_solve
BACKGROUND_SOLVE ENTERED: has_ridder=0 Lambda=0.00e+00
ABOUT TO INTEGRATE: bi_size=6 has_ridder=0 Lambda=0.00e+00
DERIVS_ENTRY: call#=1415000 has_ridder=0 Lambda=0.00e+00 a=9.98e-09
BG_INIT: background_solve OK
INPUT_READ: ridder_freeze_phi = 0 _TRUE_=1 (after class_read_flag)
DEBUG: Ridder field DISABLED. Lambda = 0.000000e+00
INPUT_READ: ridder_freeze_phi = 0 _TRUE_=1 (after class_read_flag)
DEBUG: Ridder field DISABLED. Lambda = 0.000000e+00, model_type not set to unified
BACKGROUND_INIT ENTERED: Lambda=0.00e+00
DEBUG BG_INIT ENTRY: model_type=0
DEBUG AFTER CHECKS: model_type=0 has_ridder=0
RIDDER DEBUG (background_init): has_ridder=0, Lambda_EDE_ridder=0.000000e+00, f_axion_ridder=1.000000e+16, theta_i_ridder=2.500000e+00, beta_ridder=0.000000e+00
BG_INIT: entering background_checks
BG_INIT: background_checks OK
DEBUG SHOOTING CHECK: has_ridder=0, model_type=0 (unified=1), use_shooting_EDE=0
BG_INIT: entering background_solve
BACKGROUND_SOLVE ENTERED: has_ridder=0 Lambda=0.00e+00
ABOUT TO INTEGRATE: bi_size=6 has_ridder=0 Lambda=0.00e+00
DERIVS_ENTRY: call#=1420000 has_ridder=0 Lambda=0.00e+00 a=1.16e-03
BG_INIT: background_solve OK
INPUT_READ: ridder_freeze_phi = 0 _TRUE_=1 (after class_read_flag)
DEBUG: Ridder field DISABLED. Lambda = 0.000000e+00
INPUT_READ: ridder_freeze_phi = 0 _TRUE_=1 (after class_read_flag)
DEBUG: Ridder field DISABLED. Lambda = 0.000000e+00, model_type not set to unified
BACKGROUND_INIT ENTERED: Lambda=0.00e+00
DEBUG BG_INIT ENTRY: model_type=0
DEBUG AFTER CHECKS: model_type=0 has_ridder=0
RIDDER DEBUG (background_init): has_ridder=0, Lambda_EDE_ridder=0.000000e+00, f_axion_ridder=1.000000e+16, theta_i_ridder=2.500000e+00, beta_ridder=0.000000e+00
BG_INIT: entering background_checks
BG_INIT: background_checks OK
DEBUG SHOOTING CHECK: has_ridder=0, model_type=0 (unified=1), use_shooting_EDE=0
BG_INIT: entering background_solve
BACKGROUND_SOLVE ENTERED: has_ridder=0 Lambda=0.00e+00
ABOUT TO INTEGRATE: bi_size=6 has_ridder=0 Lambda=0.00e+00
BG_INIT: background_solve OK
INPUT_READ: ridder_freeze_phi = 0 _TRUE_=1 (after class_read_flag)
DEBUG: Ridder field DISABLED. Lambda = 0.000000e+00
INPUT_READ: ridder_freeze_phi = 0 _TRUE_=1 (after class_read_flag)
DEBUG: Ridder field DISABLED. Lambda = 0.000000e+00, model_type not set to unified
BACKGROUND_INIT ENTERED: Lambda=0.00e+00
DEBUG BG_INIT ENTRY: model_type=0
DEBUG AFTER CHECKS: model_type=0 has_ridder=0
RIDDER DEBUG (background_init): has_ridder=0, Lambda_EDE_ridder=0.000000e+00, f_axion_ridder=1.000000e+16, theta_i_ridder=2.500000e+00, beta_ridder=0.000000e+00
BG_INIT: entering background_checks
BG_INIT: background_checks OK
DEBUG SHOOTING CHECK: has_ridder=0, model_type=0 (unified=1), use_shooting_EDE=0
BG_INIT: entering background_solve
BACKGROUND_SOLVE ENTERED: has_ridder=0 Lambda=0.00e+00
ABOUT TO INTEGRATE: bi_size=6 has_ridder=0 Lambda=0.00e+00
DERIVS_ENTRY: call#=1425000 has_ridder=0 Lambda=0.00e+00 a=1.24e-09
BG_INIT: background_solve OK
INPUT_READ: ridder_freeze_phi = 0 _TRUE_=1 (after class_read_flag)
DEBUG: Ridder field DISABLED. Lambda = 0.000000e+00
INPUT_READ: ridder_freeze_phi = 0 _TRUE_=1 (after class_read_flag)
DEBUG: Ridder field DISABLED. Lambda = 0.000000e+00, model_type not set to unified
BACKGROUND_INIT ENTERED: Lambda=0.00e+00
DEBUG BG_INIT ENTRY: model_type=0
DEBUG AFTER CHECKS: model_type=0 has_ridder=0
RIDDER DEBUG (background_init): has_ridder=0, Lambda_EDE_ridder=0.000000e+00, f_axion_ridder=1.000000e+16, theta_i_ridder=2.500000e+00, beta_r[mcmc] Progress @ 2025-11-27 11:34:04 : 3617 steps taken, and 572 accepted.
[mcmc] Progress @ 2025-11-27 11:35:18 : 3629 steps taken, and 573 accepted.
[mcmc] Progress @ 2025-11-27 11:36:20 : 3631 steps taken, and 573 accepted.
[mcmc] Progress @ 2025-11-27 11:37:40 : 3646 steps taken, and 575 accepted.
[mcmc] Progress @ 2025-11-27 11:38:47 : 3650 steps taken, and 575 accepted.
idder=0.000000e+00
BG_INIT: entering background_checks
BG_INIT: background_checks OK
DEBUG SHOOTING CHECK: has_ridder=0, model_type=0 (unified=1), use_shooting_EDE=0
BG_INIT: entering background_solve
BACKGROUND_SOLVE ENTERED: has_ridder=0 Lambda=0.00e+00
ABOUT TO INTEGRATE: bi_size=6 has_ridder=0 Lambda=0.00e+00
DERIVS_ENTRY: call#=1430000 has_ridder=0 Lambda=0.00e+00 a=5.74e-05
BG_INIT: background_solve OK
INPUT_READ: ridder_freeze_phi = 0 _TRUE_=1 (after class_read_flag)
DEBUG: Ridder field DISABLED. Lambda = 0.000000e+00
INPUT_READ: ridder_freeze_phi = 0 _TRUE_=1 (after class_read_flag)
DEBUG: Ridder field DISABLED. Lambda = 0.000000e+00, model_type not set to unified
BACKGROUND_INIT ENTERED: Lambda=0.00e+00
DEBUG BG_INIT ENTRY: model_type=0
DEBUG AFTER CHECKS: model_type=0 has_ridder=0
RIDDER DEBUG (background_init): has_ridder=0, Lambda_EDE_ridder=0.000000e+00, f_axion_ridder=1.000000e+16, theta_i_ridder=2.500000e+00, beta_ridder=0.000000e+00
BG_INIT: entering background_checks
BG_INIT: background_checks OK
DEBUG SHOOTING CHECK: has_ridder=0, model_type=0 (unified=1), use_shooting_EDE=0
BG_INIT: entering background_solve
BACKGROUND_SOLVE ENTERED: has_ridder=0 Lambda=0.00e+00
ABOUT TO INTEGRATE: bi_size=6 has_ridder=0 Lambda=0.00e+00
BG_INIT: background_solve OK
INPUT_READ: ridder_freeze_phi = 0 _TRUE_=1 (after class_read_flag)
DEBUG: Ridder field DISABLED. Lambda = 0.000000e+00
INPUT_READ: ridder_freeze_phi = 0 _TRUE_=1 (after class_read_flag)
DEBUG: Ridder field DISABLED. Lambda = 0.000000e+00, model_type not set to unified
BACKGROUND_INIT ENTERED: Lambda=0.00e+00
DEBUG BG_INIT ENTRY: model_type=0
DEBUG AFTER CHECKS: model_type=0 has_ridder=0
RIDDER DEBUG (background_init): has_ridder=0, Lambda_EDE_ridder=0.000000e+00, f_axion_ridder=1.000000e+16, theta_i_ridder=2.500000e+00, beta_ridder=0.000000e+00
BG_INIT: entering background_checks
BG_INIT: background_checks OK
DEBUG SHOOTING CHECK: has_ridder=0, model_type=0 (unified=1), use_shooting_EDE=0
BG_INIT: entering background_solve
BACKGROUND_SOLVE ENTERED: has_ridder=0 Lambda=0.00e+00
ABOUT TO INTEGRATE: bi_size=6 has_ridder=0 Lambda=0.00e+00
DERIVS_ENTRY: call#=1435000 has_ridder=0 Lambda=0.00e+00 a=1.85e-10
BG_INIT: background_solve OK
INPUT_READ: ridder_freeze_phi = 0 _TRUE_=1 (after class_read_flag)
DEBUG: Ridder field DISABLED. Lambda = 0.000000e+00
INPUT_READ: ridder_freeze_phi = 0 _TRUE_=1 (after class_read_flag)
DEBUG: Ridder field DISABLED. Lambda = 0.000000e+00, model_type not set to unified
BACKGROUND_INIT ENTERED: Lambda=0.00e+00
DEBUG BG_INIT ENTRY: model_type=0
DEBUG AFTER CHECKS: model_type=0 has_ridder=0
RIDDER DEBUG (background_init): has_ridder=0, Lambda_EDE_ridder=0.000000e+00, f_axion_ridder=1.000000e+16, theta_i_ridder=2.500000e+00, beta_ridder=0.000000e+00
BG_INIT: entering background_checks
BG_INIT: background_checks OK
DEBUG SHOOTING CHECK: has_ridder=0, model_type=0 (unified=1), use_shooting_EDE=0
BG_INIT: entering background_solve
BACKGROUND_SOLVE ENTERED: has_ridder=0 Lambda=0.00e+00
ABOUT TO INTEGRATE: bi_size=6 has_ridder=0 Lambda=0.00e+00
DERIVS_ENTRY: call#=1440000 has_ridder=0 Lambda=0.00e+00 a=9.36e-06
BG_INIT: background_solve OK
INPUT_READ: ridder_freeze_phi = 0 _TRUE_=1 (after class_read_flag)
DEBUG: Ridder field DISABLED. Lambda = 0.000000e+00
INPUT_READ: ridder_freeze_phi = 0 _TRUE_=1 (after class_read_flag)
DEBUG: Ridder field DISABLED. Lambda = 0.000000e+00, model_type not set to unified
BACKGROUND_INIT ENTERED: Lambda=0.00e+00
DEBUG BG_INIT ENTRY: model_type=0
DEBUG AFTER CHECKS: model_type=0 has_ridder=0
RIDDER DEBUG (background_init): has_ridder=0, Lambda_EDE_ridder=0.000000e+00, f_axion_ridder=1.000000e+16, theta_i_ridder=2.500000e+00, beta_ridder=0.000000e+00
BG_INIT: entering background_checks
BG_INIT: background_checks OK
DEBUG SHOOTING CHECK: has_ridder=0, model_type=0 (unified=1), use_shooting_EDE=0
BG_INIT: entering background_solve
BACKGROUND_SOLVE ENTERED: has_ridder=0 Lambda=0.00e+00
ABOUT TO INTEGRATE: bi_size=6 has_ridder=0 Lambda=0.00e+00
BG_INIT: background_solve OK
INPUT_READ: ridder_freeze_phi = 0 _TRUE_=1 ([mcmc] Progress @ 2025-11-27 11:40:09 : 3660 steps taken, and 577 accepted.
[mcmc] Progress @ 2025-11-27 11:41:42 : 3680 steps taken, and 584 accepted.
[mcmc] Progress @ 2025-11-27 11:42:52 : 3686 steps taken, and 585 accepted.
[mcmc] Progress @ 2025-11-27 11:43:56 : 3692 steps taken, and 588 accepted.
after class_read_flag)
DEBUG: Ridder field DISABLED. Lambda = 0.000000e+00
INPUT_READ: ridder_freeze_phi = 0 _TRUE_=1 (after class_read_flag)
DEBUG: Ridder field DISABLED. Lambda = 0.000000e+00, model_type not set to unified
BACKGROUND_INIT ENTERED: Lambda=0.00e+00
DEBUG BG_INIT ENTRY: model_type=0
DEBUG AFTER CHECKS: model_type=0 has_ridder=0
RIDDER DEBUG (background_init): has_ridder=0, Lambda_EDE_ridder=0.000000e+00, f_axion_ridder=1.000000e+16, theta_i_ridder=2.500000e+00, beta_ridder=0.000000e+00
BG_INIT: entering background_checks
BG_INIT: background_checks OK
DEBUG SHOOTING CHECK: has_ridder=0, model_type=0 (unified=1), use_shooting_EDE=0
BG_INIT: entering background_solve
BACKGROUND_SOLVE ENTERED: has_ridder=0 Lambda=0.00e+00
ABOUT TO INTEGRATE: bi_size=6 has_ridder=0 Lambda=0.00e+00
DERIVS_ENTRY: call#=1445000 has_ridder=0 Lambda=0.00e+00 a=9.73e-12
BG_INIT: background_solve OK
INPUT_READ: ridder_freeze_phi = 0 _TRUE_=1 (after class_read_flag)
DEBUG: Ridder field DISABLED. Lambda = 0.000000e+00
INPUT_READ: ridder_freeze_phi = 0 _TRUE_=1 (after class_read_flag)
DEBUG: Ridder field DISABLED. Lambda = 0.000000e+00, model_type not set to unified
BACKGROUND_INIT ENTERED: Lambda=0.00e+00
DEBUG BG_INIT ENTRY: model_type=0
DEBUG AFTER CHECKS: model_type=0 has_ridder=0
RIDDER DEBUG (background_init): has_ridder=0, Lambda_EDE_ridder=0.000000e+00, f_axion_ridder=1.000000e+16, theta_i_ridder=2.500000e+00, beta_ridder=0.000000e+00
BG_INIT: entering background_checks
BG_INIT: background_checks OK
DEBUG SHOOTING CHECK: has_ridder=0, model_type=0 (unified=1), use_shooting_EDE=0
BG_INIT: entering background_solve
BACKGROUND_SOLVE ENTERED: has_ridder=0 Lambda=0.00e+00
ABOUT TO INTEGRATE: bi_size=6 has_ridder=0 Lambda=0.00e+00
DERIVS_ENTRY: call#=1450000 has_ridder=0 Lambda=0.00e+00 a=1.35e-06
BG_INIT: background_solve OK
INPUT_READ: ridder_freeze_phi = 0 _TRUE_=1 (after class_read_flag)
DEBUG: Ridder field DISABLED. Lambda = 0.000000e+00
INPUT_READ: ridder_freeze_phi = 0 _TRUE_=1 (after class_read_flag)
DEBUG: Ridder field DISABLED. Lambda = 0.000000e+00, model_type not set to unified
BACKGROUND_INIT ENTERED: Lambda=0.00e+00
DEBUG BG_INIT ENTRY: model_type=0
DEBUG AFTER CHECKS: model_type=0 has_ridder=0
RIDDER DEBUG (background_init): has_ridder=0, Lambda_EDE_ridder=0.000000e+00, f_axion_ridder=1.000000e+16, theta_i_ridder=2.500000e+00, beta_ridder=0.000000e+00
BG_INIT: entering background_checks
BG_INIT: background_checks OK
DEBUG SHOOTING CHECK: has_ridder=0, model_type=0 (unified=1), use_shooting_EDE=0
BG_INIT: entering background_solve
BACKGROUND_SOLVE ENTERED: has_ridder=0 Lambda=0.00e+00
ABOUT TO INTEGRATE: bi_size=6 has_ridder=0 Lambda=0.00e+00
BG_INIT: background_solve OK
INPUT_READ: ridder_freeze_phi = 0 _TRUE_=1 (after class_read_flag)
DEBUG: Ridder field DISABLED. Lambda = 0.000000e+00
INPUT_READ: ridder_freeze_phi = 0 _TRUE_=1 (after class_read_flag)
DEBUG: Ridder field DISABLED. Lambda = 0.000000e+00, model_type not set to unified
BACKGROUND_INIT ENTERED: Lambda=0.00e+00
DEBUG BG_INIT ENTRY: model_type=0
DEBUG AFTER CHECKS: model_type=0 has_ridder=0
RIDDER DEBUG (background_init): has_ridder=0, Lambda_EDE_ridder=0.000000e+00, f_axion_ridder=1.000000e+16, theta_i_ridder=2.500000e+00, beta_ridder=0.000000e+00
BG_INIT: entering background_checks
BG_INIT: background_checks OK
DEBUG SHOOTING CHECK: has_ridder=0, model_type=0 (unified=1), use_shooting_EDE=0
BG_INIT: entering background_solve
BACKGROUND_SOLVE ENTERED: has_ridder=0 Lambda=0.00e+00
ABOUT TO INTEGRATE: bi_size=6 has_ridder=0 Lambda=0.00e+00
DERIVS_ENTRY: call#=1455000 has_ridder=0 Lambda=0.00e+00 a=1.60e-14
BG_INIT: background_solve OK
INPUT_READ: ridder_freeze_phi = 0 _TRUE_=1 (after class_read_flag)
DEBUG: Ridder field DISABLED. Lambda = 0.000000e+00
INPUT_READ: ridder_freeze_phi = 0 _TRUE_=1 (after class_read_flag)
DEBUG: Ridder field DISABLED. Lambda = 0.000000e+00, model_type not set to unified
BACKGROUND_INIT ENTERED: Lambda=0.00e+00
DEBUG BG_INIT ENTRY: model_type=0
DEBUG AFTER CHECKS: model_type=0 has_ridder=0
RIDDER DEBUG (background_init): has_ridder[mcmc] Progress @ 2025-11-27 11:44:57 : 3693 steps taken, and 588 accepted.
[mcmc] Progress @ 2025-11-27 11:45:58 : 3695 steps taken, and 589 accepted.
[mcmc] Progress @ 2025-11-27 11:47:17 : 3706 steps taken, and 592 accepted.
[mcmc] Progress @ 2025-11-27 11:48:22 : 3711 steps taken, and 592 accepted.
=0, Lambda_EDE_ridder=0.000000e+00, f_axion_ridder=1.000000e+16, theta_i_ridder=2.500000e+00, beta_ridder=0.000000e+00
BG_INIT: entering background_checks
BG_INIT: background_checks OK
DEBUG SHOOTING CHECK: has_ridder=0, model_type=0 (unified=1), use_shooting_EDE=0
BG_INIT: entering background_solve
BACKGROUND_SOLVE ENTERED: has_ridder=0 Lambda=0.00e+00
ABOUT TO INTEGRATE: bi_size=6 has_ridder=0 Lambda=0.00e+00
DERIVS_ENTRY: call#=1460000 has_ridder=0 Lambda=0.00e+00 a=1.86e-07
BG_INIT: background_solve OK
INPUT_READ: ridder_freeze_phi = 0 _TRUE_=1 (after class_read_flag)
DEBUG: Ridder field DISABLED. Lambda = 0.000000e+00
INPUT_READ: ridder_freeze_phi = 0 _TRUE_=1 (after class_read_flag)
DEBUG: Ridder field DISABLED. Lambda = 0.000000e+00, model_type not set to unified
BACKGROUND_INIT ENTERED: Lambda=0.00e+00
DEBUG BG_INIT ENTRY: model_type=0
DEBUG AFTER CHECKS: model_type=0 has_ridder=0
RIDDER DEBUG (background_init): has_ridder=0, Lambda_EDE_ridder=0.000000e+00, f_axion_ridder=1.000000e+16, theta_i_ridder=2.500000e+00, beta_ridder=0.000000e+00
BG_INIT: entering background_checks
BG_INIT: background_checks OK
DEBUG SHOOTING CHECK: has_ridder=0, model_type=0 (unified=1), use_shooting_EDE=0
BG_INIT: entering background_solve
BACKGROUND_SOLVE ENTERED: has_ridder=0 Lambda=0.00e+00
ABOUT TO INTEGRATE: bi_size=6 has_ridder=0 Lambda=0.00e+00
DERIVS_ENTRY: call#=1465000 has_ridder=0 Lambda=0.00e+00 a=2.52e-01
BG_INIT: background_solve OK
INPUT_READ: ridder_freeze_phi = 0 _TRUE_=1 (after class_read_flag)
DEBUG: Ridder field DISABLED. Lambda = 0.000000e+00
INPUT_READ: ridder_freeze_phi = 0 _TRUE_=1 (after class_read_flag)
DEBUG: Ridder field DISABLED. Lambda = 0.000000e+00, model_type not set to unified
BACKGROUND_INIT ENTERED: Lambda=0.00e+00
DEBUG BG_INIT ENTRY: model_type=0
DEBUG AFTER CHECKS: model_type=0 has_ridder=0
RIDDER DEBUG (background_init): has_ridder=0, Lambda_EDE_ridder=0.000000e+00, f_axion_ridder=1.000000e+16, theta_i_ridder=2.500000e+00, beta_ridder=0.000000e+00
BG_INIT: entering background_checks
BG_INIT: background_checks OK
DEBUG SHOOTING CHECK: has_ridder=0, model_type=0 (unified=1), use_shooting_EDE=0
BG_INIT: entering background_solve
BACKGROUND_SOLVE ENTERED: has_ridder=0 Lambda=0.00e+00
ABOUT TO INTEGRATE: bi_size=6 has_ridder=0 Lambda=0.00e+00
BG_INIT: background_solve OK
INPUT_READ: ridder_freeze_phi = 0 _TRUE_=1 (after class_read_flag)
DEBUG: Ridder field DISABLED. Lambda = 0.000000e+00
INPUT_READ: ridder_freeze_phi = 0 _TRUE_=1 (after class_read_flag)
DEBUG: Ridder field DISABLED. Lambda = 0.000000e+00, model_type not set to unified
BACKGROUND_INIT ENTERED: Lambda=0.00e+00
DEBUG BG_INIT ENTRY: model_type=0
DEBUG AFTER CHECKS: model_type=0 has_ridder=0
RIDDER DEBUG (background_init): has_ridder=0, Lambda_EDE_ridder=0.000000e+00, f_axion_ridder=1.000000e+16, theta_i_ridder=2.500000e+00, beta_ridder=0.000000e+00
BG_INIT: entering background_checks
BG_INIT: background_checks OK
DEBUG SHOOTING CHECK: has_ridder=0, model_type=0 (unified=1), use_shooting_EDE=0
BG_INIT: entering background_solve
BACKGROUND_SOLVE ENTERED: has_ridder=0 Lambda=0.00e+00
ABOUT TO INTEGRATE: bi_size=6 has_ridder=0 Lambda=0.00e+00
DERIVS_ENTRY: call#=1470000 has_ridder=0 Lambda=0.00e+00 a=2.54e-08
BG_INIT: background_solve OK
INPUT_READ: ridder_freeze_phi = 0 _TRUE_=1 (after class_read_flag)
DEBUG: Ridder field DISABLED. Lambda = 0.000000e+00
INPUT_READ: ridder_freeze_phi = 0 _TRUE_=1 (after class_read_flag)
DEBUG: Ridder field DISABLED. Lambda = 0.000000e+00, model_type not set to unified
BACKGROUND_INIT ENTERED: Lambda=0.00e+00
DEBUG BG_INIT ENTRY: model_type=0
DEBUG AFTER CHECKS: model_type=0 has_ridder=0
RIDDER DEBUG (background_init): has_ridder=0, Lambda_EDE_ridder=0.000000e+00, f_axion_ridder=1.000000e+16, theta_i_ridder=2.500000e+00, beta_ridder=0.000000e+00
BG_INIT: entering background_checks
BG_INIT: background_checks OK
DEBUG SHOOTING CHECK: has_ridder=0, model_type=0 (unified=1), use_shooting_EDE=0
BG_INIT: entering background_solve
BACKGROUND_SOLVE ENTERED: has_ridder=0 Lambda=0.00e+00
ABOUT TO INTEGRATE: bi_size=6 ha[mcmc] Progress @ 2025-11-27 11:49:26 : 3713 steps taken, and 592 accepted.
[mcmc] Progress @ 2025-11-27 11:50:30 : 3716 steps taken, and 593 accepted.
[mcmc] Progress @ 2025-11-27 11:51:38 : 3726 steps taken, and 594 accepted.
[mcmc] Progress @ 2025-11-27 11:52:40 : 3731 steps taken, and 594 accepted.
[mcmc] Progress @ 2025-11-27 11:53:42 : 3763 steps taken, and 596 accepted.
[mcmc] Progress @ 2025-11-27 11:54:46 : 3765 steps taken, and 596 accepted.
s_ridder=0 Lambda=0.00e+00
DERIVS_ENTRY: call#=1475000 has_ridder=0 Lambda=0.00e+00 a=8.72e-03
BG_INIT: background_solve OK
INPUT_READ: ridder_freeze_phi = 0 _TRUE_=1 (after class_read_flag)
DEBUG: Ridder field DISABLED. Lambda = 0.000000e+00
INPUT_READ: ridder_freeze_phi = 0 _TRUE_=1 (after class_read_flag)
DEBUG: Ridder field DISABLED. Lambda = 0.000000e+00, model_type not set to unified
BACKGROUND_INIT ENTERED: Lambda=0.00e+00
DEBUG BG_INIT ENTRY: model_type=0
DEBUG AFTER CHECKS: model_type=0 has_ridder=0
RIDDER DEBUG (background_init): has_ridder=0, Lambda_EDE_ridder=0.000000e+00, f_axion_ridder=1.000000e+16, theta_i_ridder=2.500000e+00, beta_ridder=0.000000e+00
BG_INIT: entering background_checks
BG_INIT: background_checks OK
DEBUG SHOOTING CHECK: has_ridder=0, model_type=0 (unified=1), use_shooting_EDE=0
BG_INIT: entering background_solve
BACKGROUND_SOLVE ENTERED: has_ridder=0 Lambda=0.00e+00
ABOUT TO INTEGRATE: bi_size=6 has_ridder=0 Lambda=0.00e+00
BG_INIT: background_solve OK
INPUT_READ: ridder_freeze_phi = 0 _TRUE_=1 (after class_read_flag)
DEBUG: Ridder field DISABLED. Lambda = 0.000000e+00
INPUT_READ: ridder_freeze_phi = 0 _TRUE_=1 (after class_read_flag)
DEBUG: Ridder field DISABLED. Lambda = 0.000000e+00, model_type not set to unified
BACKGROUND_INIT ENTERED: Lambda=0.00e+00
DEBUG BG_INIT ENTRY: model_type=0
DEBUG AFTER CHECKS: model_type=0 has_ridder=0
RIDDER DEBUG (background_init): has_ridder=0, Lambda_EDE_ridder=0.000000e+00, f_axion_ridder=1.000000e+16, theta_i_ridder=2.500000e+00, beta_ridder=0.000000e+00
BG_INIT: entering background_checks
BG_INIT: background_checks OK
DEBUG SHOOTING CHECK: has_ridder=0, model_type=0 (unified=1), use_shooting_EDE=0
BG_INIT: entering background_solve
BACKGROUND_SOLVE ENTERED: has_ridder=0 Lambda=0.00e+00
ABOUT TO INTEGRATE: bi_size=6 has_ridder=0 Lambda=0.00e+00
DERIVS_ENTRY: call#=1480000 has_ridder=0 Lambda=0.00e+00 a=3.92e-09
BG_INIT: background_solve OK
INPUT_READ: ridder_freeze_phi = 0 _TRUE_=1 (after class_read_flag)
DEBUG: Ridder field DISABLED. Lambda = 0.000000e+00
INPUT_READ: ridder_freeze_phi = 0 _TRUE_=1 (after class_read_flag)
DEBUG: Ridder field DISABLED. Lambda = 0.000000e+00, model_type not set to unified
BACKGROUND_INIT ENTERED: Lambda=0.00e+00
DEBUG BG_INIT ENTRY: model_type=0
DEBUG AFTER CHECKS: model_type=0 has_ridder=0
RIDDER DEBUG (background_init): has_ridder=0, Lambda_EDE_ridder=0.000000e+00, f_axion_ridder=1.000000e+16, theta_i_ridder=2.500000e+00, beta_ridder=0.000000e+00
BG_INIT: entering background_checks
BG_INIT: background_checks OK
DEBUG SHOOTING CHECK: has_ridder=0, model_type=0 (unified=1), use_shooting_EDE=0
BG_INIT: entering background_solve
BACKGROUND_SOLVE ENTERED: has_ridder=0 Lambda=0.00e+00
ABOUT TO INTEGRATE: bi_size=6 has_ridder=0 Lambda=0.00e+00
DERIVS_ENTRY: call#=1485000 has_ridder=0 Lambda=0.00e+00 a=2.02e-04
BG_INIT: background_solve OK
INPUT_READ: ridder_freeze_phi = 0 _TRUE_=1 (after class_read_flag)
DEBUG: Ridder field DISABLED. Lambda = 0.000000e+00
INPUT_READ: ridder_freeze_phi = 0 _TRUE_=1 (after class_read_flag)
DEBUG: Ridder field DISABLED. Lambda = 0.000000e+00, model_type not set to unified
BACKGROUND_INIT ENTERED: Lambda=0.00e+00
DEBUG BG_INIT ENTRY: model_type=0
DEBUG AFTER CHECKS: model_type=0 has_ridder=0
RIDDER DEBUG (background_init): has_ridder=0, Lambda_EDE_ridder=0.000000e+00, f_axion_ridder=1.000000e+16, theta_i_ridder=2.500000e+00, beta_ridder=0.000000e+00
BG_INIT: entering background_checks
BG_INIT: background_checks OK
DEBUG SHOOTING CHECK: has_ridder=0, model_type=0 (unified=1), use_shooting_EDE=0
BG_INIT: entering background_solve
BACKGROUND_SOLVE ENTERED: has_ridder=0 Lambda=0.00e+00
ABOUT TO INTEGRATE: bi_size=6 has_ridder=0 Lambda=0.00e+00
BG_INIT: background_solve OK
INPUT_READ: ridder_freeze_phi = 0 _TRUE_=1 (after class_read_flag)
DEBUG: Ridder field DISABLED. Lambda = 0.000000e+00
INPUT_READ: ridder_freeze_phi = 0 _TRUE_=1 (after class_read_flag)
DEBUG: Ridder field DISABLED. Lambda = 0.000000e+00, model_type not set to unified
BACKGROUND_INIT ENTERED: Lambda=0.00e+00
DEBUG BG_INIT ENTRY: m[mcmc] Progress @ 2025-11-27 11:55:52 : 3771 steps taken, and 596 accepted.
[mcmc] Progress @ 2025-11-27 11:56:57 : 3773 steps taken, and 596 accepted.
[mcmc] Progress @ 2025-11-27 11:58:09 : 3781 steps taken, and 598 accepted.
[mcmc] Progress @ 2025-11-27 11:59:15 : 3787 steps taken, and 598 accepted.
odel_type=0
DEBUG AFTER CHECKS: model_type=0 has_ridder=0
RIDDER DEBUG (background_init): has_ridder=0, Lambda_EDE_ridder=0.000000e+00, f_axion_ridder=1.000000e+16, theta_i_ridder=2.500000e+00, beta_ridder=0.000000e+00
BG_INIT: entering background_checks
BG_INIT: background_checks OK
DEBUG SHOOTING CHECK: has_ridder=0, model_type=0 (unified=1), use_shooting_EDE=0
BG_INIT: entering background_solve
BACKGROUND_SOLVE ENTERED: has_ridder=0 Lambda=0.00e+00
ABOUT TO INTEGRATE: bi_size=6 has_ridder=0 Lambda=0.00e+00
DERIVS_ENTRY: call#=1490000 has_ridder=0 Lambda=0.00e+00 a=5.57e-10
BG_INIT: background_solve OK
INPUT_READ: ridder_freeze_phi = 0 _TRUE_=1 (after class_read_flag)
DEBUG: Ridder field DISABLED. Lambda = 0.000000e+00
INPUT_READ: ridder_freeze_phi = 0 _TRUE_=1 (after class_read_flag)
DEBUG: Ridder field DISABLED. Lambda = 0.000000e+00, model_type not set to unified
BACKGROUND_INIT ENTERED: Lambda=0.00e+00
DEBUG BG_INIT ENTRY: model_type=0
DEBUG AFTER CHECKS: model_type=0 has_ridder=0
RIDDER DEBUG (background_init): has_ridder=0, Lambda_EDE_ridder=0.000000e+00, f_axion_ridder=1.000000e+16, theta_i_ridder=2.500000e+00, beta_ridder=0.000000e+00
BG_INIT: entering background_checks
BG_INIT: background_checks OK
DEBUG SHOOTING CHECK: has_ridder=0, model_type=0 (unified=1), use_shooting_EDE=0
BG_INIT: entering background_solve
BACKGROUND_SOLVE ENTERED: has_ridder=0 Lambda=0.00e+00
ABOUT TO INTEGRATE: bi_size=6 has_ridder=0 Lambda=0.00e+00
DERIVS_ENTRY: call#=1495000 has_ridder=0 Lambda=0.00e+00 a=2.77e-05
BG_INIT: background_solve OK
INPUT_READ: ridder_freeze_phi = 0 _TRUE_=1 (after class_read_flag)
DEBUG: Ridder field DISABLED. Lambda = 0.000000e+00
INPUT_READ: ridder_freeze_phi = 0 _TRUE_=1 (after class_read_flag)
DEBUG: Ridder field DISABLED. Lambda = 0.000000e+00, model_type not set to unified
BACKGROUND_INIT ENTERED: Lambda=0.00e+00
DEBUG BG_INIT ENTRY: model_type=0
DEBUG AFTER CHECKS: model_type=0 has_ridder=0
RIDDER DEBUG (background_init): has_ridder=0, Lambda_EDE_ridder=0.000000e+00, f_axion_ridder=1.000000e+16, theta_i_ridder=2.500000e+00, beta_ridder=0.000000e+00
BG_INIT: entering background_checks
BG_INIT: background_checks OK
DEBUG SHOOTING CHECK: has_ridder=0, model_type=0 (unified=1), use_shooting_EDE=0
BG_INIT: entering background_solve
BACKGROUND_SOLVE ENTERED: has_ridder=0 Lambda=0.00e+00
ABOUT TO INTEGRATE: bi_size=6 has_ridder=0 Lambda=0.00e+00
BG_INIT: background_solve OK
INPUT_READ: ridder_freeze_phi = 0 _TRUE_=1 (after class_read_flag)
DEBUG: Ridder field DISABLED. Lambda = 0.000000e+00
INPUT_READ: ridder_freeze_phi = 0 _TRUE_=1 (after class_read_flag)
DEBUG: Ridder field DISABLED. Lambda = 0.000000e+00, model_type not set to unified
BACKGROUND_INIT ENTERED: Lambda=0.00e+00
DEBUG BG_INIT ENTRY: model_type=0
DEBUG AFTER CHECKS: model_type=0 has_ridder=0
RIDDER DEBUG (background_init): has_ridder=0, Lambda_EDE_ridder=0.000000e+00, f_axion_ridder=1.000000e+16, theta_i_ridder=2.500000e+00, beta_ridder=0.000000e+00
BG_INIT: entering background_checks
BG_INIT: background_checks OK
DEBUG SHOOTING CHECK: has_ridder=0, model_type=0 (unified=1), use_shooting_EDE=0
BG_INIT: entering background_solve
BACKGROUND_SOLVE ENTERED: has_ridder=0 Lambda=0.00e+00
ABOUT TO INTEGRATE: bi_size=6 has_ridder=0 Lambda=0.00e+00
DERIVS_ENTRY: call#=1500000 has_ridder=0 Lambda=0.00e+00 a=8.95e-11
BG_INIT: background_solve OK
INPUT_READ: ridder_freeze_phi = 0 _TRUE_=1 (after class_read_flag)
DEBUG: Ridder field DISABLED. Lambda = 0.000000e+00
INPUT_READ: ridder_freeze_phi = 0 _TRUE_=1 (after class_read_flag)
DEBUG: Ridder field DISABLED. Lambda = 0.000000e+00, model_type not set to unified
BACKGROUND_INIT ENTERED: Lambda=0.00e+00
DEBUG BG_INIT ENTRY: model_type=0
DEBUG AFTER CHECKS: model_type=0 has_ridder=0
RIDDER DEBUG (background_init): has_ridder=0, Lambda_EDE_ridder=0.000000e+00, f_axion_ridder=1.000000e+16, theta_i_ridder=2.500000e+00, beta_ridder=0.000000e+00
BG_INIT: entering background_checks
BG_INIT: background_checks OK
DEBUG SHOOTING CHECK: has_ridder=0, model_type=0 (unified=1), use_shooting_EDE=0
BG_INIT: entering back[mcmc] Progress @ 2025-11-27 12:00:16 : 3791 steps taken, and 598 accepted.
[mcmc] Progress @ 2025-11-27 12:01:31 : 3803 steps taken, and 600 accepted.
[mcmc] Progress @ 2025-11-27 12:02:56 : 3817 steps taken, and 603 accepted.
[mcmc] Progress @ 2025-11-27 12:04:37 : 3840 steps taken, and 609 accepted.
[mcmc] Progress @ 2025-11-27 12:05:40 : 3843 steps taken, and 609 accepted.
ground_solve
BACKGROUND_SOLVE ENTERED: has_ridder=0 Lambda=0.00e+00
ABOUT TO INTEGRATE: bi_size=6 has_ridder=0 Lambda=0.00e+00
DERIVS_ENTRY: call#=1505000 has_ridder=0 Lambda=0.00e+00 a=4.46e-06
BG_INIT: background_solve OK
INPUT_READ: ridder_freeze_phi = 0 _TRUE_=1 (after class_read_flag)
DEBUG: Ridder field DISABLED. Lambda = 0.000000e+00
INPUT_READ: ridder_freeze_phi = 0 _TRUE_=1 (after class_read_flag)
DEBUG: Ridder field DISABLED. Lambda = 0.000000e+00, model_type not set to unified
BACKGROUND_INIT ENTERED: Lambda=0.00e+00
DEBUG BG_INIT ENTRY: model_type=0
DEBUG AFTER CHECKS: model_type=0 has_ridder=0
RIDDER DEBUG (background_init): has_ridder=0, Lambda_EDE_ridder=0.000000e+00, f_axion_ridder=1.000000e+16, theta_i_ridder=2.500000e+00, beta_ridder=0.000000e+00
BG_INIT: entering background_checks
BG_INIT: background_checks OK
DEBUG SHOOTING CHECK: has_ridder=0, model_type=0 (unified=1), use_shooting_EDE=0
BG_INIT: entering background_solve
BACKGROUND_SOLVE ENTERED: has_ridder=0 Lambda=0.00e+00
ABOUT TO INTEGRATE: bi_size=6 has_ridder=0 Lambda=0.00e+00
BG_INIT: background_solve OK
INPUT_READ: ridder_freeze_phi = 0 _TRUE_=1 (after class_read_flag)
DEBUG: Ridder field DISABLED. Lambda = 0.000000e+00
INPUT_READ: ridder_freeze_phi = 0 _TRUE_=1 (after class_read_flag)
DEBUG: Ridder field DISABLED. Lambda = 0.000000e+00, model_type not set to unified
BACKGROUND_INIT ENTERED: Lambda=0.00e+00
DEBUG BG_INIT ENTRY: model_type=0
DEBUG AFTER CHECKS: model_type=0 has_ridder=0
RIDDER DEBUG (background_init): has_ridder=0, Lambda_EDE_ridder=0.000000e+00, f_axion_ridder=1.000000e+16, theta_i_ridder=2.500000e+00, beta_ridder=0.000000e+00
BG_INIT: entering background_checks
BG_INIT: background_checks OK
DEBUG SHOOTING CHECK: has_ridder=0, model_type=0 (unified=1), use_shooting_EDE=0
BG_INIT: entering background_solve
BACKGROUND_SOLVE ENTERED: has_ridder=0 Lambda=0.00e+00
ABOUT TO INTEGRATE: bi_size=6 has_ridder=0 Lambda=0.00e+00
DERIVS_ENTRY: call#=1510000 has_ridder=0 Lambda=0.00e+00 a=8.20e-13
BG_INIT: background_solve OK
INPUT_READ: ridder_freeze_phi = 0 _TRUE_=1 (after class_read_flag)
DEBUG: Ridder field DISABLED. Lambda = 0.000000e+00
INPUT_READ: ridder_freeze_phi = 0 _TRUE_=1 (after class_read_flag)
DEBUG: Ridder field DISABLED. Lambda = 0.000000e+00, model_type not set to unified
BACKGROUND_INIT ENTERED: Lambda=0.00e+00
DEBUG BG_INIT ENTRY: model_type=0
DEBUG AFTER CHECKS: model_type=0 has_ridder=0
RIDDER DEBUG (background_init): has_ridder=0, Lambda_EDE_ridder=0.000000e+00, f_axion_ridder=1.000000e+16, theta_i_ridder=2.500000e+00, beta_ridder=0.000000e+00
BG_INIT: entering background_checks
BG_INIT: background_checks OK
DEBUG SHOOTING CHECK: has_ridder=0, model_type=0 (unified=1), use_shooting_EDE=0
BG_INIT: entering background_solve
BACKGROUND_SOLVE ENTERED: has_ridder=0 Lambda=0.00e+00
ABOUT TO INTEGRATE: bi_size=6 has_ridder=0 Lambda=0.00e+00
DERIVS_ENTRY: call#=1515000 has_ridder=0 Lambda=0.00e+00 a=6.24e-07
BG_INIT: background_solve OK
INPUT_READ: ridder_freeze_phi = 0 _TRUE_=1 (after class_read_flag)
DEBUG: Ridder field DISABLED. Lambda = 0.000000e+00
INPUT_READ: ridder_freeze_phi = 0 _TRUE_=1 (after class_read_flag)
DEBUG: Ridder field DISABLED. Lambda = 0.000000e+00, model_type not set to unified
BACKGROUND_INIT ENTERED: Lambda=0.00e+00
DEBUG BG_INIT ENTRY: model_type=0
DEBUG AFTER CHECKS: model_type=0 has_ridder=0
RIDDER DEBUG (background_init): has_ridder=0, Lambda_EDE_ridder=0.000000e+00, f_axion_ridder=1.000000e+16, theta_i_ridder=2.500000e+00, beta_ridder=0.000000e+00
BG_INIT: entering background_checks
BG_INIT: background_checks OK
DEBUG SHOOTING CHECK: has_ridder=0, model_type=0 (unified=1), use_shooting_EDE=0
BG_INIT: entering background_solve
BACKGROUND_SOLVE ENTERED: has_ridder=0 Lambda=0.00e+00
ABOUT TO INTEGRATE: bi_size=6 has_ridder=0 Lambda=0.00e+00
DERIVS_ENTRY: call#=1520000 has_ridder=0 Lambda=0.00e+00 a=8.82e-01
BG_INIT: background_solve OK
INPUT_READ: ridder_freeze_phi = 0 _TRUE_=1 (after class_read_flag)
DEBUG: Ridder field DISABLED. Lambda = 0.000000e+00
INPUT_READ: ridder_freeze_phi = 0 _TRUE_=1 (a[mcmc] Progress @ 2025-11-27 12:07:03 : 3855 steps taken, and 612 accepted.
[mcmc] Progress @ 2025-11-27 12:08:38 : 3870 steps taken, and 615 accepted.
[mcmc] Progress @ 2025-11-27 12:09:53 : 3880 steps taken, and 616 accepted.
[mcmc] Progress @ 2025-11-27 12:11:02 : 3886 steps taken, and 616 accepted.
fter class_read_flag)
DEBUG: Ridder field DISABLED. Lambda = 0.000000e+00, model_type not set to unified
BACKGROUND_INIT ENTERED: Lambda=0.00e+00
DEBUG BG_INIT ENTRY: model_type=0
DEBUG AFTER CHECKS: model_type=0 has_ridder=0
RIDDER DEBUG (background_init): has_ridder=0, Lambda_EDE_ridder=0.000000e+00, f_axion_ridder=1.000000e+16, theta_i_ridder=2.500000e+00, beta_ridder=0.000000e+00
BG_INIT: entering background_checks
BG_INIT: background_checks OK
DEBUG SHOOTING CHECK: has_ridder=0, model_type=0 (unified=1), use_shooting_EDE=0
BG_INIT: entering background_solve
BACKGROUND_SOLVE ENTERED: has_ridder=0 Lambda=0.00e+00
ABOUT TO INTEGRATE: bi_size=6 has_ridder=0 Lambda=0.00e+00
BG_INIT: background_solve OK
INPUT_READ: ridder_freeze_phi = 0 _TRUE_=1 (after class_read_flag)
DEBUG: Ridder field DISABLED. Lambda = 0.000000e+00
INPUT_READ: ridder_freeze_phi = 0 _TRUE_=1 (after class_read_flag)
DEBUG: Ridder field DISABLED. Lambda = 0.000000e+00, model_type not set to unified
BACKGROUND_INIT ENTERED: Lambda=0.00e+00
DEBUG BG_INIT ENTRY: model_type=0
DEBUG AFTER CHECKS: model_type=0 has_ridder=0
RIDDER DEBUG (background_init): has_ridder=0, Lambda_EDE_ridder=0.000000e+00, f_axion_ridder=1.000000e+16, theta_i_ridder=2.500000e+00, beta_ridder=0.000000e+00
BG_INIT: entering background_checks
BG_INIT: background_checks OK
DEBUG SHOOTING CHECK: has_ridder=0, model_type=0 (unified=1), use_shooting_EDE=0
BG_INIT: entering background_solve
BACKGROUND_SOLVE ENTERED: has_ridder=0 Lambda=0.00e+00
ABOUT TO INTEGRATE: bi_size=6 has_ridder=0 Lambda=0.00e+00
DERIVS_ENTRY: call#=1525000 has_ridder=0 Lambda=0.00e+00 a=1.00e-07
BG_INIT: background_solve OK
INPUT_READ: ridder_freeze_phi = 0 _TRUE_=1 (after class_read_flag)
DEBUG: Ridder field DISABLED. Lambda = 0.000000e+00
INPUT_READ: ridder_freeze_phi = 0 _TRUE_=1 (after class_read_flag)
DEBUG: Ridder field DISABLED. Lambda = 0.000000e+00, model_type not set to unified
BACKGROUND_INIT ENTERED: Lambda=0.00e+00
DEBUG BG_INIT ENTRY: model_type=0
DEBUG AFTER CHECKS: model_type=0 has_ridder=0
RIDDER DEBUG (background_init): has_ridder=0, Lambda_EDE_ridder=0.000000e+00, f_axion_ridder=1.000000e+16, theta_i_ridder=2.500000e+00, beta_ridder=0.000000e+00
BG_INIT: entering background_checks
BG_INIT: background_checks OK
DEBUG SHOOTING CHECK: has_ridder=0, model_type=0 (unified=1), use_shooting_EDE=0
BG_INIT: entering background_solve
BACKGROUND_SOLVE ENTERED: has_ridder=0 Lambda=0.00e+00
ABOUT TO INTEGRATE: bi_size=6 has_ridder=0 Lambda=0.00e+00
DERIVS_ENTRY: call#=1530000 has_ridder=0 Lambda=0.00e+00 a=1.12e-01
BG_INIT: background_solve OK
INPUT_READ: ridder_freeze_phi = 0 _TRUE_=1 (after class_read_flag)
DEBUG: Ridder field DISABLED. Lambda = 0.000000e+00
INPUT_READ: ridder_freeze_phi = 0 _TRUE_=1 (after class_read_flag)
DEBUG: Ridder field DISABLED. Lambda = 0.000000e+00, model_type not set to unified
BACKGROUND_INIT ENTERED: Lambda=0.00e+00
DEBUG BG_INIT ENTRY: model_type=0
DEBUG AFTER CHECKS: model_type=0 has_ridder=0
RIDDER DEBUG (background_init): has_ridder=0, Lambda_EDE_ridder=0.000000e+00, f_axion_ridder=1.000000e+16, theta_i_ridder=2.500000e+00, beta_ridder=0.000000e+00
BG_INIT: entering background_checks
BG_INIT: background_checks OK
DEBUG SHOOTING CHECK: has_ridder=0, model_type=0 (unified=1), use_shooting_EDE=0
BG_INIT: entering background_solve
BACKGROUND_SOLVE ENTERED: has_ridder=0 Lambda=0.00e+00
ABOUT TO INTEGRATE: bi_size=6 has_ridder=0 Lambda=0.00e+00
BG_INIT: background_solve OK
INPUT_READ: ridder_freeze_phi = 0 _TRUE_=1 (after class_read_flag)
DEBUG: Ridder field DISABLED. Lambda = 0.000000e+00
INPUT_READ: ridder_freeze_phi = 0 _TRUE_=1 (after class_read_flag)
DEBUG: Ridder field DISABLED. Lambda = 0.000000e+00, model_type not set to unified
BACKGROUND_INIT ENTERED: Lambda=0.00e+00
DEBUG BG_INIT ENTRY: model_type=0
DEBUG AFTER CHECKS: model_type=0 has_ridder=0
RIDDER DEBUG (background_init): has_ridder=0, Lambda_EDE_ridder=0.000000e+00, f_axion_ridder=1.000000e+16, theta_i_ridder=2.500000e+00, beta_ridder=0.000000e+00
BG_INIT: entering background_checks
BG_INIT: background_checks OK
DEB[mcmc] Progress @ 2025-11-27 12:12:19 : 3897 steps taken, and 618 accepted.
[mcmc] Progress @ 2025-11-27 12:13:20 : 3899 steps taken, and 618 accepted.
[mcmc] Progress @ 2025-11-27 12:14:36 : 3909 steps taken, and 621 accepted.
[mcmc] Progress @ 2025-11-27 12:15:51 : 3918 steps taken, and 622 accepted.
[mcmc] Progress @ 2025-11-27 12:16:51 : 3919 steps taken, and 622 accepted.
UG SHOOTING CHECK: has_ridder=0, model_type=0 (unified=1), use_shooting_EDE=0
BG_INIT: entering background_solve
BACKGROUND_SOLVE ENTERED: has_ridder=0 Lambda=0.00e+00
ABOUT TO INTEGRATE: bi_size=6 has_ridder=0 Lambda=0.00e+00
DERIVS_ENTRY: call#=1535000 has_ridder=0 Lambda=0.00e+00 a=1.43e-08
BG_INIT: background_solve OK
INPUT_READ: ridder_freeze_phi = 0 _TRUE_=1 (after class_read_flag)
DEBUG: Ridder field DISABLED. Lambda = 0.000000e+00
INPUT_READ: ridder_freeze_phi = 0 _TRUE_=1 (after class_read_flag)
DEBUG: Ridder field DISABLED. Lambda = 0.000000e+00, model_type not set to unified
BACKGROUND_INIT ENTERED: Lambda=0.00e+00
DEBUG BG_INIT ENTRY: model_type=0
DEBUG AFTER CHECKS: model_type=0 has_ridder=0
RIDDER DEBUG (background_init): has_ridder=0, Lambda_EDE_ridder=0.000000e+00, f_axion_ridder=1.000000e+16, theta_i_ridder=2.500000e+00, beta_ridder=0.000000e+00
BG_INIT: entering background_checks
BG_INIT: background_checks OK
DEBUG SHOOTING CHECK: has_ridder=0, model_type=0 (unified=1), use_shooting_EDE=0
BG_INIT: entering background_solve
BACKGROUND_SOLVE ENTERED: has_ridder=0 Lambda=0.00e+00
ABOUT TO INTEGRATE: bi_size=6 has_ridder=0 Lambda=0.00e+00
DERIVS_ENTRY: call#=1540000 has_ridder=0 Lambda=0.00e+00 a=2.41e-03
BG_INIT: background_solve OK
INPUT_READ: ridder_freeze_phi = 0 _TRUE_=1 (after class_read_flag)
DEBUG: Ridder field DISABLED. Lambda = 0.000000e+00
INPUT_READ: ridder_freeze_phi = 0 _TRUE_=1 (after class_read_flag)
DEBUG: Ridder field DISABLED. Lambda = 0.000000e+00, model_type not set to unified
BACKGROUND_INIT ENTERED: Lambda=0.00e+00
DEBUG BG_INIT ENTRY: model_type=0
DEBUG AFTER CHECKS: model_type=0 has_ridder=0
RIDDER DEBUG (background_init): has_ridder=0, Lambda_EDE_ridder=0.000000e+00, f_axion_ridder=1.000000e+16, theta_i_ridder=2.500000e+00, beta_ridder=0.000000e+00
BG_INIT: entering background_checks
BG_INIT: background_checks OK
DEBUG SHOOTING CHECK: has_ridder=0, model_type=0 (unified=1), use_shooting_EDE=0
BG_INIT: entering background_solve
BACKGROUND_SOLVE ENTERED: has_ridder=0 Lambda=0.00e+00
ABOUT TO INTEGRATE: bi_size=6 has_ridder=0 Lambda=0.00e+00
BG_INIT: background_solve OK
INPUT_READ: ridder_freeze_phi = 0 _TRUE_=1 (after class_read_flag)
DEBUG: Ridder field DISABLED. Lambda = 0.000000e+00
INPUT_READ: ridder_freeze_phi = 0 _TRUE_=1 (after class_read_flag)
DEBUG: Ridder field DISABLED. Lambda = 0.000000e+00, model_type not set to unified
BACKGROUND_INIT ENTERED: Lambda=0.00e+00
DEBUG BG_INIT ENTRY: model_type=0
DEBUG AFTER CHECKS: model_type=0 has_ridder=0
RIDDER DEBUG (background_init): has_ridder=0, Lambda_EDE_ridder=0.000000e+00, f_axion_ridder=1.000000e+16, theta_i_ridder=2.500000e+00, beta_ridder=0.000000e+00
BG_INIT: entering background_checks
BG_INIT: background_checks OK
DEBUG SHOOTING CHECK: has_ridder=0, model_type=0 (unified=1), use_shooting_EDE=0
BG_INIT: entering background_solve
BACKGROUND_SOLVE ENTERED: has_ridder=0 Lambda=0.00e+00
ABOUT TO INTEGRATE: bi_size=6 has_ridder=0 Lambda=0.00e+00
DERIVS_ENTRY: call#=1545000 has_ridder=0 Lambda=0.00e+00 a=2.20e-09
BG_INIT: background_solve OK
INPUT_READ: ridder_freeze_phi = 0 _TRUE_=1 (after class_read_flag)
DEBUG: Ridder field DISABLED. Lambda = 0.000000e+00
INPUT_READ: ridder_freeze_phi = 0 _TRUE_=1 (after class_read_flag)
DEBUG: Ridder field DISABLED. Lambda = 0.000000e+00, model_type not set to unified
BACKGROUND_INIT ENTERED: Lambda=0.00e+00
DEBUG BG_INIT ENTRY: model_type=0
DEBUG AFTER CHECKS: model_type=0 has_ridder=0
RIDDER DEBUG (background_init): has_ridder=0, Lambda_EDE_ridder=0.000000e+00, f_axion_ridder=1.000000e+16, theta_i_ridder=2.500000e+00, beta_ridder=0.000000e+00
BG_INIT: entering background_checks
BG_INIT: background_checks OK
DEBUG SHOOTING CHECK: has_ridder=0, model_type=0 (unified=1), use_shooting_EDE=0
BG_INIT: entering background_solve
BACKGROUND_SOLVE ENTERED: has_ridder=0 Lambda=0.00e+00
ABOUT TO INTEGRATE: bi_size=6 has_ridder=0 Lambda=0.00e+00
DERIVS_ENTRY: call#=1550000 has_ridder=0 Lambda=0.00e+00 a=1.08e-04
BG_INIT: background_solve OK
INPUT_READ: ridder_freeze_phi = 0 _TRUE_=1 (after class_read_fla[mcmc] Progress @ 2025-11-27 12:17:55 : 3924 steps taken, and 624 accepted.
[mcmc] Progress @ 2025-11-27 12:19:08 : 3930 steps taken, and 625 accepted.
[mcmc] Progress @ 2025-11-27 12:20:28 : 3945 steps taken, and 627 accepted.
[mcmc] Progress @ 2025-11-27 12:21:44 : 3960 steps taken, and 630 accepted.
g)
DEBUG: Ridder field DISABLED. Lambda = 0.000000e+00
INPUT_READ: ridder_freeze_phi = 0 _TRUE_=1 (after class_read_flag)
DEBUG: Ridder field DISABLED. Lambda = 0.000000e+00, model_type not set to unified
BACKGROUND_INIT ENTERED: Lambda=0.00e+00
DEBUG BG_INIT ENTRY: model_type=0
DEBUG AFTER CHECKS: model_type=0 has_ridder=0
RIDDER DEBUG (background_init): has_ridder=0, Lambda_EDE_ridder=0.000000e+00, f_axion_ridder=1.000000e+16, theta_i_ridder=2.500000e+00, beta_ridder=0.000000e+00
BG_INIT: entering background_checks
BG_INIT: background_checks OK
DEBUG SHOOTING CHECK: has_ridder=0, model_type=0 (unified=1), use_shooting_EDE=0
BG_INIT: entering background_solve
BACKGROUND_SOLVE ENTERED: has_ridder=0 Lambda=0.00e+00
ABOUT TO INTEGRATE: bi_size=6 has_ridder=0 Lambda=0.00e+00
BG_INIT: background_solve OK
INPUT_READ: ridder_freeze_phi = 0 _TRUE_=1 (after class_read_flag)
DEBUG: Ridder field DISABLED. Lambda = 0.000000e+00
INPUT_READ: ridder_freeze_phi = 0 _TRUE_=1 (after class_read_flag)
DEBUG: Ridder field DISABLED. Lambda = 0.000000e+00, model_type not set to unified
BACKGROUND_INIT ENTERED: Lambda=0.00e+00
DEBUG BG_INIT ENTRY: model_type=0
DEBUG AFTER CHECKS: model_type=0 has_ridder=0
RIDDER DEBUG (background_init): has_ridder=0, Lambda_EDE_ridder=0.000000e+00, f_axion_ridder=1.000000e+16, theta_i_ridder=2.500000e+00, beta_ridder=0.000000e+00
BG_INIT: entering background_checks
BG_INIT: background_checks OK
DEBUG SHOOTING CHECK: has_ridder=0, model_type=0 (unified=1), use_shooting_EDE=0
BG_INIT: entering background_solve
BACKGROUND_SOLVE ENTERED: has_ridder=0 Lambda=0.00e+00
ABOUT TO INTEGRATE: bi_size=6 has_ridder=0 Lambda=0.00e+00
DERIVS_ENTRY: call#=1555000 has_ridder=0 Lambda=0.00e+00 a=3.21e-10
BG_INIT: background_solve OK
INPUT_READ: ridder_freeze_phi = 0 _TRUE_=1 (after class_read_flag)
DEBUG: Ridder field DISABLED. Lambda = 0.000000e+00
INPUT_READ: ridder_freeze_phi = 0 _TRUE_=1 (after class_read_flag)
DEBUG: Ridder field DISABLED. Lambda = 0.000000e+00, model_type not set to unified
BACKGROUND_INIT ENTERED: Lambda=0.00e+00
DEBUG BG_INIT ENTRY: model_type=0
DEBUG AFTER CHECKS: model_type=0 has_ridder=0
RIDDER DEBUG (background_init): has_ridder=0, Lambda_EDE_ridder=0.000000e+00, f_axion_ridder=1.000000e+16, theta_i_ridder=2.500000e+00, beta_ridder=0.000000e+00
BG_INIT: entering background_checks
BG_INIT: background_checks OK
DEBUG SHOOTING CHECK: has_ridder=0, model_type=0 (unified=1), use_shooting_EDE=0
BG_INIT: entering background_solve
BACKGROUND_SOLVE ENTERED: has_ridder=0 Lambda=0.00e+00
ABOUT TO INTEGRATE: bi_size=6 has_ridder=0 Lambda=0.00e+00
DERIVS_ENTRY: call#=1560000 has_ridder=0 Lambda=0.00e+00 a=1.53e-05
BG_INIT: background_solve OK
INPUT_READ: ridder_freeze_phi = 0 _TRUE_=1 (after class_read_flag)
DEBUG: Ridder field DISABLED. Lambda = 0.000000e+00
INPUT_READ: ridder_freeze_phi = 0 _TRUE_=1 (after class_read_flag)
DEBUG: Ridder field DISABLED. Lambda = 0.000000e+00, model_type not set to unified
BACKGROUND_INIT ENTERED: Lambda=0.00e+00
DEBUG BG_INIT ENTRY: model_type=0
DEBUG AFTER CHECKS: model_type=0 has_ridder=0
RIDDER DEBUG (background_init): has_ridder=0, Lambda_EDE_ridder=0.000000e+00, f_axion_ridder=1.000000e+16, theta_i_ridder=2.500000e+00, beta_ridder=0.000000e+00
BG_INIT: entering background_checks
BG_INIT: background_checks OK
DEBUG SHOOTING CHECK: has_ridder=0, model_type=0 (unified=1), use_shooting_EDE=0
BG_INIT: entering background_solve
BACKGROUND_SOLVE ENTERED: has_ridder=0 Lambda=0.00e+00
ABOUT TO INTEGRATE: bi_size=6 has_ridder=0 Lambda=0.00e+00
BG_INIT: background_solve OK
INPUT_READ: ridder_freeze_phi = 0 _TRUE_=1 (after class_read_flag)
DEBUG: Ridder field DISABLED. Lambda = 0.000000e+00
INPUT_READ: ridder_freeze_phi = 0 _TRUE_=1 (after class_read_flag)
DEBUG: Ridder field DISABLED. Lambda = 0.000000e+00, model_type not set to unified
BACKGROUND_INIT ENTERED: Lambda=0.00e+00
DEBUG BG_INIT ENTRY: model_type=0
DEBUG AFTER CHECKS: model_type=0 has_ridder=0
RIDDER DEBUG (background_init): has_ridder=0, Lambda_EDE_ridder=0.000000e+00, f_axion_ridder=1.000000e+16, theta_i_ridder=2.500000[mcmc] Progress @ 2025-11-27 12:23:09 : 3974 steps taken, and 632 accepted.
[mcmc] Progress @ 2025-11-27 12:24:48 : 3994 steps taken, and 634 accepted.
[mcmc] Progress @ 2025-11-27 12:26:00 : 4002 steps taken, and 635 accepted.
[mcmc] Progress @ 2025-11-27 12:27:17 : 4012 steps taken, and 637 accepted.
e+00, beta_ridder=0.000000e+00
BG_INIT: entering background_checks
BG_INIT: background_checks OK
DEBUG SHOOTING CHECK: has_ridder=0, model_type=0 (unified=1), use_shooting_EDE=0
BG_INIT: entering background_solve
BACKGROUND_SOLVE ENTERED: has_ridder=0 Lambda=0.00e+00
ABOUT TO INTEGRATE: bi_size=6 has_ridder=0 Lambda=0.00e+00
DERIVS_ENTRY: call#=1565000 has_ridder=0 Lambda=0.00e+00 a=3.92e-11
BG_INIT: background_solve OK
INPUT_READ: ridder_freeze_phi = 0 _TRUE_=1 (after class_read_flag)
DEBUG: Ridder field DISABLED. Lambda = 0.000000e+00
INPUT_READ: ridder_freeze_phi = 0 _TRUE_=1 (after class_read_flag)
DEBUG: Ridder field DISABLED. Lambda = 0.000000e+00, model_type not set to unified
BACKGROUND_INIT ENTERED: Lambda=0.00e+00
DEBUG BG_INIT ENTRY: model_type=0
DEBUG AFTER CHECKS: model_type=0 has_ridder=0
RIDDER DEBUG (background_init): has_ridder=0, Lambda_EDE_ridder=0.000000e+00, f_axion_ridder=1.000000e+16, theta_i_ridder=2.500000e+00, beta_ridder=0.000000e+00
BG_INIT: entering background_checks
BG_INIT: background_checks OK
DEBUG SHOOTING CHECK: has_ridder=0, model_type=0 (unified=1), use_shooting_EDE=0
BG_INIT: entering background_solve
BACKGROUND_SOLVE ENTERED: has_ridder=0 Lambda=0.00e+00
ABOUT TO INTEGRATE: bi_size=6 has_ridder=0 Lambda=0.00e+00
DERIVS_ENTRY: call#=1570000 has_ridder=0 Lambda=0.00e+00 a=2.47e-06
BG_INIT: background_solve OK
INPUT_READ: ridder_freeze_phi = 0 _TRUE_=1 (after class_read_flag)
DEBUG: Ridder field DISABLED. Lambda = 0.000000e+00
INPUT_READ: ridder_freeze_phi = 0 _TRUE_=1 (after class_read_flag)
DEBUG: Ridder field DISABLED. Lambda = 0.000000e+00, model_type not set to unified
BACKGROUND_INIT ENTERED: Lambda=0.00e+00
DEBUG BG_INIT ENTRY: model_type=0
DEBUG AFTER CHECKS: model_type=0 has_ridder=0
RIDDER DEBUG (background_init): has_ridder=0, Lambda_EDE_ridder=0.000000e+00, f_axion_ridder=1.000000e+16, theta_i_ridder=2.500000e+00, beta_ridder=0.000000e+00
BG_INIT: entering background_checks
BG_INIT: background_checks OK
DEBUG SHOOTING CHECK: has_ridder=0, model_type=0 (unified=1), use_shooting_EDE=0
BG_INIT: entering background_solve
BACKGROUND_SOLVE ENTERED: has_ridder=0 Lambda=0.00e+00
ABOUT TO INTEGRATE: bi_size=6 has_ridder=0 Lambda=0.00e+00
BG_INIT: background_solve OK
INPUT_READ: ridder_freeze_phi = 0 _TRUE_=1 (after class_read_flag)
DEBUG: Ridder field DISABLED. Lambda = 0.000000e+00
INPUT_READ: ridder_freeze_phi = 0 _TRUE_=1 (after class_read_flag)
DEBUG: Ridder field DISABLED. Lambda = 0.000000e+00, model_type not set to unified
BACKGROUND_INIT ENTERED: Lambda=0.00e+00
DEBUG BG_INIT ENTRY: model_type=0
DEBUG AFTER CHECKS: model_type=0 has_ridder=0
RIDDER DEBUG (background_init): has_ridder=0, Lambda_EDE_ridder=0.000000e+00, f_axion_ridder=1.000000e+16, theta_i_ridder=2.500000e+00, beta_ridder=0.000000e+00
BG_INIT: entering background_checks
BG_INIT: background_checks OK
DEBUG SHOOTING CHECK: has_ridder=0, model_type=0 (unified=1), use_shooting_EDE=0
BG_INIT: entering background_solve
BACKGROUND_SOLVE ENTERED: has_ridder=0 Lambda=0.00e+00
ABOUT TO INTEGRATE: bi_size=6 has_ridder=0 Lambda=0.00e+00
DERIVS_ENTRY: call#=1575000 has_ridder=0 Lambda=0.00e+00 a=1.12e-13
BG_INIT: background_solve OK
INPUT_READ: ridder_freeze_phi = 0 _TRUE_=1 (after class_read_flag)
DEBUG: Ridder field DISABLED. Lambda = 0.000000e+00
INPUT_READ: ridder_freeze_phi = 0 _TRUE_=1 (after class_read_flag)
DEBUG: Ridder field DISABLED. Lambda = 0.000000e+00, model_type not set to unified
BACKGROUND_INIT ENTERED: Lambda=0.00e+00
DEBUG BG_INIT ENTRY: model_type=0
DEBUG AFTER CHECKS: model_type=0 has_ridder=0
RIDDER DEBUG (background_init): has_ridder=0, Lambda_EDE_ridder=0.000000e+00, f_axion_ridder=1.000000e+16, theta_i_ridder=2.500000e+00, beta_ridder=0.000000e+00
BG_INIT: entering background_checks
BG_INIT: background_checks OK
DEBUG SHOOTING CHECK: has_ridder=0, model_type=0 (unified=1), use_shooting_EDE=0
BG_INIT: entering background_solve
BACKGROUND_SOLVE ENTERED: has_ridder=0 Lambda=0.00e+00
ABOUT TO INTEGRATE: bi_size=6 has_ridder=0 Lambda=0.00e+00
DERIVS_ENTRY: call#=1580000 has_ridder=0 Lambda=0.00e+00 a=3.[mcmc] Progress @ 2025-11-27 12:28:19 : 4015 steps taken, and 637 accepted.
[mcmc] Progress @ 2025-11-27 12:29:35 : 4024 steps taken, and 638 accepted.
[mcmc] Progress @ 2025-11-27 12:30:53 : 4033 steps taken, and 639 accepted.
[mcmc] Progress @ 2025-11-27 12:31:53 : 4035 steps taken, and 639 accepted.
[mcmc] Progress @ 2025-11-27 12:32:59 : 4041 steps taken, and 642 accepted.
65e-07
BG_INIT: background_solve OK
INPUT_READ: ridder_freeze_phi = 0 _TRUE_=1 (after class_read_flag)
DEBUG: Ridder field DISABLED. Lambda = 0.000000e+00
INPUT_READ: ridder_freeze_phi = 0 _TRUE_=1 (after class_read_flag)
DEBUG: Ridder field DISABLED. Lambda = 0.000000e+00, model_type not set to unified
BACKGROUND_INIT ENTERED: Lambda=0.00e+00
DEBUG BG_INIT ENTRY: model_type=0
DEBUG AFTER CHECKS: model_type=0 has_ridder=0
RIDDER DEBUG (background_init): has_ridder=0, Lambda_EDE_ridder=0.000000e+00, f_axion_ridder=1.000000e+16, theta_i_ridder=2.500000e+00, beta_ridder=0.000000e+00
BG_INIT: entering background_checks
BG_INIT: background_checks OK
DEBUG SHOOTING CHECK: has_ridder=0, model_type=0 (unified=1), use_shooting_EDE=0
BG_INIT: entering background_solve
BACKGROUND_SOLVE ENTERED: has_ridder=0 Lambda=0.00e+00
ABOUT TO INTEGRATE: bi_size=6 has_ridder=0 Lambda=0.00e+00
DERIVS_ENTRY: call#=1585000 has_ridder=0 Lambda=0.00e+00 a=5.65e-01
BG_INIT: background_solve OK
INPUT_READ: ridder_freeze_phi = 0 _TRUE_=1 (after class_read_flag)
DEBUG: Ridder field DISABLED. Lambda = 0.000000e+00
INPUT_READ: ridder_freeze_phi = 0 _TRUE_=1 (after class_read_flag)
DEBUG: Ridder field DISABLED. Lambda = 0.000000e+00, model_type not set to unified
BACKGROUND_INIT ENTERED: Lambda=0.00e+00
DEBUG BG_INIT ENTRY: model_type=0
DEBUG AFTER CHECKS: model_type=0 has_ridder=0
RIDDER DEBUG (background_init): has_ridder=0, Lambda_EDE_ridder=0.000000e+00, f_axion_ridder=1.000000e+16, theta_i_ridder=2.500000e+00, beta_ridder=0.000000e+00
BG_INIT: entering background_checks
BG_INIT: background_checks OK
DEBUG SHOOTING CHECK: has_ridder=0, model_type=0 (unified=1), use_shooting_EDE=0
BG_INIT: entering background_solve
BACKGROUND_SOLVE ENTERED: has_ridder=0 Lambda=0.00e+00
ABOUT TO INTEGRATE: bi_size=6 has_ridder=0 Lambda=0.00e+00
BG_INIT: background_solve OK
INPUT_READ: ridder_freeze_phi = 0 _TRUE_=1 (after class_read_flag)
DEBUG: Ridder field DISABLED. Lambda = 0.000000e+00
INPUT_READ: ridder_freeze_phi = 0 _TRUE_=1 (after class_read_flag)
DEBUG: Ridder field DISABLED. Lambda = 0.000000e+00, model_type not set to unified
BACKGROUND_INIT ENTERED: Lambda=0.00e+00
DEBUG BG_INIT ENTRY: model_type=0
DEBUG AFTER CHECKS: model_type=0 has_ridder=0
RIDDER DEBUG (background_init): has_ridder=0, Lambda_EDE_ridder=0.000000e+00, f_axion_ridder=1.000000e+16, theta_i_ridder=2.500000e+00, beta_ridder=0.000000e+00
BG_INIT: entering background_checks
BG_INIT: background_checks OK
DEBUG SHOOTING CHECK: has_ridder=0, model_type=0 (unified=1), use_shooting_EDE=0
BG_INIT: entering background_solve
BACKGROUND_SOLVE ENTERED: has_ridder=0 Lambda=0.00e+00
ABOUT TO INTEGRATE: bi_size=6 has_ridder=0 Lambda=0.00e+00
DERIVS_ENTRY: call#=1590000 has_ridder=0 Lambda=0.00e+00 a=5.48e-08
BG_INIT: background_solve OK
INPUT_READ: ridder_freeze_phi = 0 _TRUE_=1 (after class_read_flag)
DEBUG: Ridder field DISABLED. Lambda = 0.000000e+00
INPUT_READ: ridder_freeze_phi = 0 _TRUE_=1 (after class_read_flag)
DEBUG: Ridder field DISABLED. Lambda = 0.000000e+00, model_type not set to unified
BACKGROUND_INIT ENTERED: Lambda=0.00e+00
DEBUG BG_INIT ENTRY: model_type=0
DEBUG AFTER CHECKS: model_type=0 has_ridder=0
RIDDER DEBUG (background_init): has_ridder=0, Lambda_EDE_ridder=0.000000e+00, f_axion_ridder=1.000000e+16, theta_i_ridder=2.500000e+00, beta_ridder=0.000000e+00
BG_INIT: entering background_checks
BG_INIT: background_checks OK
DEBUG SHOOTING CHECK: has_ridder=0, model_type=0 (unified=1), use_shooting_EDE=0
BG_INIT: entering background_solve
BACKGROUND_SOLVE ENTERED: has_ridder=0 Lambda=0.00e+00
ABOUT TO INTEGRATE: bi_size=6 has_ridder=0 Lambda=0.00e+00
DERIVS_ENTRY: call#=1595000 has_ridder=0 Lambda=0.00e+00 a=3.60e-02
BG_INIT: background_solve OK
INPUT_READ: ridder_freeze_phi = 0 _TRUE_=1 (after class_read_flag)
DEBUG: Ridder field DISABLED. Lambda = 0.000000e+00
INPUT_READ: ridder_freeze_phi = 0 _TRUE_=1 (after class_read_flag)
DEBUG: Ridder field DISABLED. Lambda = 0.000000e+00, model_type not set to unified
BACKGROUND_INIT ENTERED: Lambda=0.00e+00
DEBUG BG_INIT ENTRY: model_type=0
DEBUG AF[mcmc] Progress @ 2025-11-27 12:34:29 : 4056 steps taken, and 646 accepted.
[mcmc] Progress @ 2025-11-27 12:35:53 : 4071 steps taken, and 649 accepted.
[mcmc] Progress @ 2025-11-27 12:37:09 : 4079 steps taken, and 651 accepted.
[mcmc] Progress @ 2025-11-27 12:38:23 : 4084 steps taken, and 652 accepted.
TER CHECKS: model_type=0 has_ridder=0
RIDDER DEBUG (background_init): has_ridder=0, Lambda_EDE_ridder=0.000000e+00, f_axion_ridder=1.000000e+16, theta_i_ridder=2.500000e+00, beta_ridder=0.000000e+00
BG_INIT: entering background_checks
BG_INIT: background_checks OK
DEBUG SHOOTING CHECK: has_ridder=0, model_type=0 (unified=1), use_shooting_EDE=0
BG_INIT: entering background_solve
BACKGROUND_SOLVE ENTERED: has_ridder=0 Lambda=0.00e+00
ABOUT TO INTEGRATE: bi_size=6 has_ridder=0 Lambda=0.00e+00
BG_INIT: background_solve OK
INPUT_READ: ridder_freeze_phi = 0 _TRUE_=1 (after class_read_flag)
DEBUG: Ridder field DISABLED. Lambda = 0.000000e+00
INPUT_READ: ridder_freeze_phi = 0 _TRUE_=1 (after class_read_flag)
DEBUG: Ridder field DISABLED. Lambda = 0.000000e+00, model_type not set to unified
BACKGROUND_INIT ENTERED: Lambda=0.00e+00
DEBUG BG_INIT ENTRY: model_type=0
DEBUG AFTER CHECKS: model_type=0 has_ridder=0
RIDDER DEBUG (background_init): has_ridder=0, Lambda_EDE_ridder=0.000000e+00, f_axion_ridder=1.000000e+16, theta_i_ridder=2.500000e+00, beta_ridder=0.000000e+00
BG_INIT: entering background_checks
BG_INIT: background_checks OK
DEBUG SHOOTING CHECK: has_ridder=0, model_type=0 (unified=1), use_shooting_EDE=0
BG_INIT: entering background_solve
BACKGROUND_SOLVE ENTERED: has_ridder=0 Lambda=0.00e+00
ABOUT TO INTEGRATE: bi_size=6 has_ridder=0 Lambda=0.00e+00
DERIVS_ENTRY: call#=1600000 has_ridder=0 Lambda=0.00e+00 a=8.12e-09
BG_INIT: background_solve OK
INPUT_READ: ridder_freeze_phi = 0 _TRUE_=1 (after class_read_flag)
DEBUG: Ridder field DISABLED. Lambda = 0.000000e+00
INPUT_READ: ridder_freeze_phi = 0 _TRUE_=1 (after class_read_flag)
DEBUG: Ridder field DISABLED. Lambda = 0.000000e+00, model_type not set to unified
BACKGROUND_INIT ENTERED: Lambda=0.00e+00
DEBUG BG_INIT ENTRY: model_type=0
DEBUG AFTER CHECKS: model_type=0 has_ridder=0
RIDDER DEBUG (background_init): has_ridder=0, Lambda_EDE_ridder=0.000000e+00, f_axion_ridder=1.000000e+16, theta_i_ridder=2.500000e+00, beta_ridder=0.000000e+00
BG_INIT: entering background_checks
BG_INIT: background_checks OK
DEBUG SHOOTING CHECK: has_ridder=0, model_type=0 (unified=1), use_shooting_EDE=0
BG_INIT: entering background_solve
BACKGROUND_SOLVE ENTERED: has_ridder=0 Lambda=0.00e+00
ABOUT TO INTEGRATE: bi_size=6 has_ridder=0 Lambda=0.00e+00
DERIVS_ENTRY: call#=1605000 has_ridder=0 Lambda=0.00e+00 a=6.84e-04
BG_INIT: background_solve OK
INPUT_READ: ridder_freeze_phi = 0 _TRUE_=1 (after class_read_flag)
DEBUG: Ridder field DISABLED. Lambda = 0.000000e+00
INPUT_READ: ridder_freeze_phi = 0 _TRUE_=1 (after class_read_flag)
DEBUG: Ridder field DISABLED. Lambda = 0.000000e+00, model_type not set to unified
BACKGROUND_INIT ENTERED: Lambda=0.00e+00
DEBUG BG_INIT ENTRY: model_type=0
DEBUG AFTER CHECKS: model_type=0 has_ridder=0
RIDDER DEBUG (background_init): has_ridder=0, Lambda_EDE_ridder=0.000000e+00, f_axion_ridder=1.000000e+16, theta_i_ridder=2.500000e+00, beta_ridder=0.000000e+00
BG_INIT: entering background_checks
BG_INIT: background_checks OK
DEBUG SHOOTING CHECK: has_ridder=0, model_type=0 (unified=1), use_shooting_EDE=0
BG_INIT: entering background_solve
BACKGROUND_SOLVE ENTERED: has_ridder=0 Lambda=0.00e+00
ABOUT TO INTEGRATE: bi_size=6 has_ridder=0 Lambda=0.00e+00
BG_INIT: background_solve OK
INPUT_READ: ridder_freeze_phi = 0 _TRUE_=1 (after class_read_flag)
DEBUG: Ridder field DISABLED. Lambda = 0.000000e+00
INPUT_READ: ridder_freeze_phi = 0 _TRUE_=1 (after class_read_flag)
DEBUG: Ridder field DISABLED. Lambda = 0.000000e+00, model_type not set to unified
BACKGROUND_INIT ENTERED: Lambda=0.00e+00
DEBUG BG_INIT ENTRY: model_type=0
DEBUG AFTER CHECKS: model_type=0 has_ridder=0
RIDDER DEBUG (background_init): has_ridder=0, Lambda_EDE_ridder=0.000000e+00, f_axion_ridder=1.000000e+16, theta_i_ridder=2.500000e+00, beta_ridder=0.000000e+00
BG_INIT: entering background_checks
BG_INIT: background_checks OK
DEBUG SHOOTING CHECK: has_ridder=0, model_type=0 (unified=1), use_shooting_EDE=0
BG_INIT: entering background_solve
BACKGROUND_SOLVE ENTERED: has_ridder=0 Lambda=0.00e+00
ABOUT TO INTEGRATE: [mcmc] Progress @ 2025-11-27 12:39:39 : 4093 steps taken, and 653 accepted.
[mcmc] Progress @ 2025-11-27 12:40:41 : 4095 steps taken, and 653 accepted.
[mcmc] Progress @ 2025-11-27 12:42:12 : 4117 steps taken, and 658 accepted.
[mcmc] Progress @ 2025-11-27 12:43:15 : 4118 steps taken, and 658 accepted.
[mcmc] Progress @ 2025-11-27 12:44:21 : 4123 steps taken, and 660 accepted.
bi_size=6 has_ridder=0 Lambda=0.00e+00
DERIVS_ENTRY: call#=1610000 has_ridder=0 Lambda=0.00e+00 a=1.14e-09
BG_INIT: background_solve OK
INPUT_READ: ridder_freeze_phi = 0 _TRUE_=1 (after class_read_flag)
DEBUG: Ridder field DISABLED. Lambda = 0.000000e+00
INPUT_READ: ridder_freeze_phi = 0 _TRUE_=1 (after class_read_flag)
DEBUG: Ridder field DISABLED. Lambda = 0.000000e+00, model_type not set to unified
BACKGROUND_INIT ENTERED: Lambda=0.00e+00
DEBUG BG_INIT ENTRY: model_type=0
DEBUG AFTER CHECKS: model_type=0 has_ridder=0
RIDDER DEBUG (background_init): has_ridder=0, Lambda_EDE_ridder=0.000000e+00, f_axion_ridder=1.000000e+16, theta_i_ridder=2.500000e+00, beta_ridder=0.000000e+00
BG_INIT: entering background_checks
BG_INIT: background_checks OK
DEBUG SHOOTING CHECK: has_ridder=0, model_type=0 (unified=1), use_shooting_EDE=0
BG_INIT: entering background_solve
BACKGROUND_SOLVE ENTERED: has_ridder=0 Lambda=0.00e+00
ABOUT TO INTEGRATE: bi_size=6 has_ridder=0 Lambda=0.00e+00
DERIVS_ENTRY: call#=1615000 has_ridder=0 Lambda=0.00e+00 a=5.21e-05
BG_INIT: background_solve OK
INPUT_READ: ridder_freeze_phi = 0 _TRUE_=1 (after class_read_flag)
DEBUG: Ridder field DISABLED. Lambda = 0.000000e+00
INPUT_READ: ridder_freeze_phi = 0 _TRUE_=1 (after class_read_flag)
DEBUG: Ridder field DISABLED. Lambda = 0.000000e+00, model_type not set to unified
BACKGROUND_INIT ENTERED: Lambda=0.00e+00
DEBUG BG_INIT ENTRY: model_type=0
DEBUG AFTER CHECKS: model_type=0 has_ridder=0
RIDDER DEBUG (background_init): has_ridder=0, Lambda_EDE_ridder=0.000000e+00, f_axion_ridder=1.000000e+16, theta_i_ridder=2.500000e+00, beta_ridder=0.000000e+00
BG_INIT: entering background_checks
BG_INIT: background_checks OK
DEBUG SHOOTING CHECK: has_ridder=0, model_type=0 (unified=1), use_shooting_EDE=0
BG_INIT: entering background_solve
BACKGROUND_SOLVE ENTERED: has_ridder=0 Lambda=0.00e+00
ABOUT TO INTEGRATE: bi_size=6 has_ridder=0 Lambda=0.00e+00
BG_INIT: background_solve OK
INPUT_READ: ridder_freeze_phi = 0 _TRUE_=1 (after class_read_flag)
DEBUG: Ridder field DISABLED. Lambda = 0.000000e+00
INPUT_READ: ridder_freeze_phi = 0 _TRUE_=1 (after class_read_flag)
DEBUG: Ridder field DISABLED. Lambda = 0.000000e+00, model_type not set to unified
BACKGROUND_INIT ENTERED: Lambda=0.00e+00
DEBUG BG_INIT ENTRY: model_type=0
DEBUG AFTER CHECKS: model_type=0 has_ridder=0
RIDDER DEBUG (background_init): has_ridder=0, Lambda_EDE_ridder=0.000000e+00, f_axion_ridder=1.000000e+16, theta_i_ridder=2.500000e+00, beta_ridder=0.000000e+00
BG_INIT: entering background_checks
BG_INIT: background_checks OK
DEBUG SHOOTING CHECK: has_ridder=0, model_type=0 (unified=1), use_shooting_EDE=0
BG_INIT: entering background_solve
BACKGROUND_SOLVE ENTERED: has_ridder=0 Lambda=0.00e+00
ABOUT TO INTEGRATE: bi_size=6 has_ridder=0 Lambda=0.00e+00
DERIVS_ENTRY: call#=1620000 has_ridder=0 Lambda=0.00e+00 a=1.64e-10
BG_INIT: background_solve OK
INPUT_READ: ridder_freeze_phi = 0 _TRUE_=1 (after class_read_flag)
DEBUG: Ridder field DISABLED. Lambda = 0.000000e+00
INPUT_READ: ridder_freeze_phi = 0 _TRUE_=1 (after class_read_flag)
DEBUG: Ridder field DISABLED. Lambda = 0.000000e+00, model_type not set to unified
BACKGROUND_INIT ENTERED: Lambda=0.00e+00
DEBUG BG_INIT ENTRY: model_type=0
DEBUG AFTER CHECKS: model_type=0 has_ridder=0
RIDDER DEBUG (background_init): has_ridder=0, Lambda_EDE_ridder=0.000000e+00, f_axion_ridder=1.000000e+16, theta_i_ridder=2.500000e+00, beta_ridder=0.000000e+00
BG_INIT: entering background_checks
BG_INIT: background_checks OK
DEBUG SHOOTING CHECK: has_ridder=0, model_type=0 (unified=1), use_shooting_EDE=0
BG_INIT: entering background_solve
BACKGROUND_SOLVE ENTERED: has_ridder=0 Lambda=0.00e+00
ABOUT TO INTEGRATE: bi_size=6 has_ridder=0 Lambda=0.00e+00
DERIVS_ENTRY: call#=1625000 has_ridder=0 Lambda=0.00e+00 a=8.27e-06
BG_INIT: background_solve OK
INPUT_READ: ridder_freeze_phi = 0 _TRUE_=1 (after class_read_flag)
DEBUG: Ridder field DISABLED. Lambda = 0.000000e+00
INPUT_READ: ridder_freeze_phi = 0 _TRUE_=1 (after class_read_flag)
DEBUG: Ridder field DISABLED. Lambda = 0.000000e+00, model_type no[mcmc] Progress @ 2025-11-27 12:45:31 : 4129 steps taken, and 660 accepted.
[mcmc] Progress @ 2025-11-27 12:46:35 : 4135 steps taken, and 661 accepted.
[mcmc] Progress @ 2025-11-27 12:47:59 : 4147 steps taken, and 664 accepted.
[mcmc] Progress @ 2025-11-27 12:49:09 : 4152 steps taken, and 664 accepted.
t set to unified
BACKGROUND_INIT ENTERED: Lambda=0.00e+00
DEBUG BG_INIT ENTRY: model_type=0
DEBUG AFTER CHECKS: model_type=0 has_ridder=0
RIDDER DEBUG (background_init): has_ridder=0, Lambda_EDE_ridder=0.000000e+00, f_axion_ridder=1.000000e+16, theta_i_ridder=2.500000e+00, beta_ridder=0.000000e+00
BG_INIT: entering background_checks
BG_INIT: background_checks OK
DEBUG SHOOTING CHECK: has_ridder=0, model_type=0 (unified=1), use_shooting_EDE=0
BG_INIT: entering background_solve
BACKGROUND_SOLVE ENTERED: has_ridder=0 Lambda=0.00e+00
ABOUT TO INTEGRATE: bi_size=6 has_ridder=0 Lambda=0.00e+00
BG_INIT: background_solve OK
INPUT_READ: ridder_freeze_phi = 0 _TRUE_=1 (after class_read_flag)
DEBUG: Ridder field DISABLED. Lambda = 0.000000e+00
INPUT_READ: ridder_freeze_phi = 0 _TRUE_=1 (after class_read_flag)
DEBUG: Ridder field DISABLED. Lambda = 0.000000e+00, model_type not set to unified
BACKGROUND_INIT ENTERED: Lambda=0.00e+00
DEBUG BG_INIT ENTRY: model_type=0
DEBUG AFTER CHECKS: model_type=0 has_ridder=0
RIDDER DEBUG (background_init): has_ridder=0, Lambda_EDE_ridder=0.000000e+00, f_axion_ridder=1.000000e+16, theta_i_ridder=2.500000e+00, beta_ridder=0.000000e+00
BG_INIT: entering background_checks
BG_INIT: background_checks OK
DEBUG SHOOTING CHECK: has_ridder=0, model_type=0 (unified=1), use_shooting_EDE=0
BG_INIT: entering background_solve
BACKGROUND_SOLVE ENTERED: has_ridder=0 Lambda=0.00e+00
ABOUT TO INTEGRATE: bi_size=6 has_ridder=0 Lambda=0.00e+00
DERIVS_ENTRY: call#=1630000 has_ridder=0 Lambda=0.00e+00 a=7.12e-12
BG_INIT: background_solve OK
INPUT_READ: ridder_freeze_phi = 0 _TRUE_=1 (after class_read_flag)
DEBUG: Ridder field DISABLED. Lambda = 0.000000e+00
INPUT_READ: ridder_freeze_phi = 0 _TRUE_=1 (after class_read_flag)
DEBUG: Ridder field DISABLED. Lambda = 0.000000e+00, model_type not set to unified
BACKGROUND_INIT ENTERED: Lambda=0.00e+00
DEBUG BG_INIT ENTRY: model_type=0
DEBUG AFTER CHECKS: model_type=0 has_ridder=0
RIDDER DEBUG (background_init): has_ridder=0, Lambda_EDE_ridder=0.000000e+00, f_axion_ridder=1.000000e+16, theta_i_ridder=2.500000e+00, beta_ridder=0.000000e+00
BG_INIT: entering background_checks
BG_INIT: background_checks OK
DEBUG SHOOTING CHECK: has_ridder=0, model_type=0 (unified=1), use_shooting_EDE=0
BG_INIT: entering background_solve
BACKGROUND_SOLVE ENTERED: has_ridder=0 Lambda=0.00e+00
ABOUT TO INTEGRATE: bi_size=6 has_ridder=0 Lambda=0.00e+00
DERIVS_ENTRY: call#=1635000 has_ridder=0 Lambda=0.00e+00 a=1.22e-06
BG_INIT: background_solve OK
INPUT_READ: ridder_freeze_phi = 0 _TRUE_=1 (after class_read_flag)
DEBUG: Ridder field DISABLED. Lambda = 0.000000e+00
INPUT_READ: ridder_freeze_phi = 0 _TRUE_=1 (after class_read_flag)
DEBUG: Ridder field DISABLED. Lambda = 0.000000e+00, model_type not set to unified
BACKGROUND_INIT ENTERED: Lambda=0.00e+00
DEBUG BG_INIT ENTRY: model_type=0
DEBUG AFTER CHECKS: model_type=0 has_ridder=0
RIDDER DEBUG (background_init): has_ridder=0, Lambda_EDE_ridder=0.000000e+00, f_axion_ridder=1.000000e+16, theta_i_ridder=2.500000e+00, beta_ridder=0.000000e+00
BG_INIT: entering background_checks
BG_INIT: background_checks OK
DEBUG SHOOTING CHECK: has_ridder=0, model_type=0 (unified=1), use_shooting_EDE=0
BG_INIT: entering background_solve
BACKGROUND_SOLVE ENTERED: has_ridder=0 Lambda=0.00e+00
ABOUT TO INTEGRATE: bi_size=6 has_ridder=0 Lambda=0.00e+00
BG_INIT: background_solve OK
INPUT_READ: ridder_freeze_phi = 0 _TRUE_=1 (after class_read_flag)
DEBUG: Ridder field DISABLED. Lambda = 0.000000e+00
INPUT_READ: ridder_freeze_phi = 0 _TRUE_=1 (after class_read_flag)
DEBUG: Ridder field DISABLED. Lambda = 0.000000e+00, model_type not set to unified
BACKGROUND_INIT ENTERED: Lambda=0.00e+00
DEBUG BG_INIT ENTRY: model_type=0
DEBUG AFTER CHECKS: model_type=0 has_ridder=0
RIDDER DEBUG (background_init): has_ridder=0, Lambda_EDE_ridder=0.000000e+00, f_axion_ridder=1.000000e+16, theta_i_ridder=2.500000e+00, beta_ridder=0.000000e+00
BG_INIT: entering background_checks
BG_INIT: background_checks OK
DEBUG SHOOTING CHECK: has_ridder=0, model_type=0 (unified=1), use_shooting_EDE=0
BG_INIT: e[mcmc] Progress @ 2025-11-27 12:50:14 : 4163 steps taken, and 665 accepted.
[mcmc] Progress @ 2025-11-27 12:51:22 : 4168 steps taken, and 665 accepted.
[mcmc] Progress @ 2025-11-27 12:52:34 : 4181 steps taken, and 668 accepted.
[mcmc] Progress @ 2025-11-27 12:53:47 : 4191 steps taken, and 671 accepted.
[mcmc] Progress @ 2025-11-27 12:54:57 : 4197 steps taken, and 672 accepted.
ntering background_solve
BACKGROUND_SOLVE ENTERED: has_ridder=0 Lambda=0.00e+00
ABOUT TO INTEGRATE: bi_size=6 has_ridder=0 Lambda=0.00e+00
DERIVS_ENTRY: call#=1640000 has_ridder=0 Lambda=0.00e+00 a=1.16e-14
BG_INIT: background_solve OK
INPUT_READ: ridder_freeze_phi = 0 _TRUE_=1 (after class_read_flag)
DEBUG: Ridder field DISABLED. Lambda = 0.000000e+00
INPUT_READ: ridder_freeze_phi = 0 _TRUE_=1 (after class_read_flag)
DEBUG: Ridder field DISABLED. Lambda = 0.000000e+00, model_type not set to unified
BACKGROUND_INIT ENTERED: Lambda=0.00e+00
DEBUG BG_INIT ENTRY: model_type=0
DEBUG AFTER CHECKS: model_type=0 has_ridder=0
RIDDER DEBUG (background_init): has_ridder=0, Lambda_EDE_ridder=0.000000e+00, f_axion_ridder=1.000000e+16, theta_i_ridder=2.500000e+00, beta_ridder=0.000000e+00
BG_INIT: entering background_checks
BG_INIT: background_checks OK
DEBUG SHOOTING CHECK: has_ridder=0, model_type=0 (unified=1), use_shooting_EDE=0
BG_INIT: entering background_solve
BACKGROUND_SOLVE ENTERED: has_ridder=0 Lambda=0.00e+00
ABOUT TO INTEGRATE: bi_size=6 has_ridder=0 Lambda=0.00e+00
DERIVS_ENTRY: call#=1645000 has_ridder=0 Lambda=0.00e+00 a=1.62e-07
BG_INIT: background_solve OK
INPUT_READ: ridder_freeze_phi = 0 _TRUE_=1 (after class_read_flag)
DEBUG: Ridder field DISABLED. Lambda = 0.000000e+00
INPUT_READ: ridder_freeze_phi = 0 _TRUE_=1 (after class_read_flag)
DEBUG: Ridder field DISABLED. Lambda = 0.000000e+00, model_type not set to unified
BACKGROUND_INIT ENTERED: Lambda=0.00e+00
DEBUG BG_INIT ENTRY: model_type=0
DEBUG AFTER CHECKS: model_type=0 has_ridder=0
RIDDER DEBUG (background_init): has_ridder=0, Lambda_EDE_ridder=0.000000e+00, f_axion_ridder=1.000000e+16, theta_i_ridder=2.500000e+00, beta_ridder=0.000000e+00
BG_INIT: entering background_checks
BG_INIT: background_checks OK
DEBUG SHOOTING CHECK: has_ridder=0, model_type=0 (unified=1), use_shooting_EDE=0
BG_INIT: entering background_solve
BACKGROUND_SOLVE ENTERED: has_ridder=0 Lambda=0.00e+00
ABOUT TO INTEGRATE: bi_size=6 has_ridder=0 Lambda=0.00e+00
DERIVS_ENTRY: call#=1650000 has_ridder=0 Lambda=0.00e+00 a=2.66e-01
BG_INIT: background_solve OK
INPUT_READ: ridder_freeze_phi = 0 _TRUE_=1 (after class_read_flag)
DEBUG: Ridder field DISABLED. Lambda = 0.000000e+00
INPUT_READ: ridder_freeze_phi = 0 _TRUE_=1 (after class_read_flag)
DEBUG: Ridder field DISABLED. Lambda = 0.000000e+00, model_type not set to unified
BACKGROUND_INIT ENTERED: Lambda=0.00e+00
DEBUG BG_INIT ENTRY: model_type=0
DEBUG AFTER CHECKS: model_type=0 has_ridder=0
RIDDER DEBUG (background_init): has_ridder=0, Lambda_EDE_ridder=0.000000e+00, f_axion_ridder=1.000000e+16, theta_i_ridder=2.500000e+00, beta_ridder=0.000000e+00
BG_INIT: entering background_checks
BG_INIT: background_checks OK
DEBUG SHOOTING CHECK: has_ridder=0, model_type=0 (unified=1), use_shooting_EDE=0
BG_INIT: entering background_solve
BACKGROUND_SOLVE ENTERED: has_ridder=0 Lambda=0.00e+00
ABOUT TO INTEGRATE: bi_size=6 has_ridder=0 Lambda=0.00e+00
BG_INIT: background_solve OK
INPUT_READ: ridder_freeze_phi = 0 _TRUE_=1 (after class_read_flag)
DEBUG: Ridder field DISABLED. Lambda = 0.000000e+00
INPUT_READ: ridder_freeze_phi = 0 _TRUE_=1 (after class_read_flag)
DEBUG: Ridder field DISABLED. Lambda = 0.000000e+00, model_type not set to unified
BACKGROUND_INIT ENTERED: Lambda=0.00e+00
DEBUG BG_INIT ENTRY: model_type=0
DEBUG AFTER CHECKS: model_type=0 has_ridder=0
RIDDER DEBUG (background_init): has_ridder=0, Lambda_EDE_ridder=0.000000e+00, f_axion_ridder=1.000000e+16, theta_i_ridder=2.500000e+00, beta_ridder=0.000000e+00
BG_INIT: entering background_checks
BG_INIT: background_checks OK
DEBUG SHOOTING CHECK: has_ridder=0, model_type=0 (unified=1), use_shooting_EDE=0
BG_INIT: entering background_solve
BACKGROUND_SOLVE ENTERED: has_ridder=0 Lambda=0.00e+00
ABOUT TO INTEGRATE: bi_size=6 has_ridder=0 Lambda=0.00e+00
DERIVS_ENTRY: call#=1655000 has_ridder=0 Lambda=0.00e+00 a=2.76e-08
BG_INIT: background_solve OK
INPUT_READ: ridder_freeze_phi = 0 _TRUE_=1 (after class_read_flag)
DEBUG: Ridder field DISABLED. Lambda = 0.000000e+00
INPUT_READ: ridder_freeze_phi = 0[mcmc] Progress @ 2025-11-27 12:56:07 : 4204 steps taken, and 673 accepted.
[mcmc] Progress @ 2025-11-27 12:57:12 : 4210 steps taken, and 674 accepted.
[mcmc] Progress @ 2025-11-27 12:58:21 : 4221 steps taken, and 674 accepted.
[mcmc] Progress @ 2025-11-27 12:59:25 : 4225 steps taken, and 674 accepted.
 _TRUE_=1 (after class_read_flag)
DEBUG: Ridder field DISABLED. Lambda = 0.000000e+00, model_type not set to unified
BACKGROUND_INIT ENTERED: Lambda=0.00e+00
DEBUG BG_INIT ENTRY: model_type=0
DEBUG AFTER CHECKS: model_type=0 has_ridder=0
RIDDER DEBUG (background_init): has_ridder=0, Lambda_EDE_ridder=0.000000e+00, f_axion_ridder=1.000000e+16, theta_i_ridder=2.500000e+00, beta_ridder=0.000000e+00
BG_INIT: entering background_checks
BG_INIT: background_checks OK
DEBUG SHOOTING CHECK: has_ridder=0, model_type=0 (unified=1), use_shooting_EDE=0
BG_INIT: entering background_solve
BACKGROUND_SOLVE ENTERED: has_ridder=0 Lambda=0.00e+00
ABOUT TO INTEGRATE: bi_size=6 has_ridder=0 Lambda=0.00e+00
DERIVS_ENTRY: call#=1660000 has_ridder=0 Lambda=0.00e+00 a=9.19e-03
BG_INIT: background_solve OK
INPUT_READ: ridder_freeze_phi = 0 _TRUE_=1 (after class_read_flag)
DEBUG: Ridder field DISABLED. Lambda = 0.000000e+00
INPUT_READ: ridder_freeze_phi = 0 _TRUE_=1 (after class_read_flag)
DEBUG: Ridder field DISABLED. Lambda = 0.000000e+00, model_type not set to unified
BACKGROUND_INIT ENTERED: Lambda=0.00e+00
DEBUG BG_INIT ENTRY: model_type=0
DEBUG AFTER CHECKS: model_type=0 has_ridder=0
RIDDER DEBUG (background_init): has_ridder=0, Lambda_EDE_ridder=0.000000e+00, f_axion_ridder=1.000000e+16, theta_i_ridder=2.500000e+00, beta_ridder=0.000000e+00
BG_INIT: entering background_checks
BG_INIT: background_checks OK
DEBUG SHOOTING CHECK: has_ridder=0, model_type=0 (unified=1), use_shooting_EDE=0
BG_INIT: entering background_solve
BACKGROUND_SOLVE ENTERED: has_ridder=0 Lambda=0.00e+00
ABOUT TO INTEGRATE: bi_size=6 has_ridder=0 Lambda=0.00e+00
BG_INIT: background_solve OK
INPUT_READ: ridder_freeze_phi = 0 _TRUE_=1 (after class_read_flag)
DEBUG: Ridder field DISABLED. Lambda = 0.000000e+00
INPUT_READ: ridder_freeze_phi = 0 _TRUE_=1 (after class_read_flag)
DEBUG: Ridder field DISABLED. Lambda = 0.000000e+00, model_type not set to unified
BACKGROUND_INIT ENTERED: Lambda=0.00e+00
DEBUG BG_INIT ENTRY: model_type=0
DEBUG AFTER CHECKS: model_type=0 has_ridder=0
RIDDER DEBUG (background_init): has_ridder=0, Lambda_EDE_ridder=0.000000e+00, f_axion_ridder=1.000000e+16, theta_i_ridder=2.500000e+00, beta_ridder=0.000000e+00
BG_INIT: entering background_checks
BG_INIT: background_checks OK
DEBUG SHOOTING CHECK: has_ridder=0, model_type=0 (unified=1), use_shooting_EDE=0
BG_INIT: entering background_solve
BACKGROUND_SOLVE ENTERED: has_ridder=0 Lambda=0.00e+00
ABOUT TO INTEGRATE: bi_size=6 has_ridder=0 Lambda=0.00e+00
DERIVS_ENTRY: call#=1665000 has_ridder=0 Lambda=0.00e+00 a=1.10e-09
BG_INIT: background_solve OK
INPUT_READ: ridder_freeze_phi = 0 _TRUE_=1 (after class_read_flag)
DEBUG: Ridder field DISABLED. Lambda = 0.000000e+00
INPUT_READ: ridder_freeze_phi = 0 _TRUE_=1 (after class_read_flag)
DEBUG: Ridder field DISABLED. Lambda = 0.000000e+00, model_type not set to unified
BACKGROUND_INIT ENTERED: Lambda=0.00e+00
DEBUG BG_INIT ENTRY: model_type=0
DEBUG AFTER CHECKS: model_type=0 has_ridder=0
RIDDER DEBUG (background_init): has_ridder=0, Lambda_EDE_ridder=0.000000e+00, f_axion_ridder=1.000000e+16, theta_i_ridder=2.500000e+00, beta_ridder=0.000000e+00
BG_INIT: entering background_checks
BG_INIT: background_checks OK
DEBUG SHOOTING CHECK: has_ridder=0, model_type=0 (unified=1), use_shooting_EDE=0
BG_INIT: entering background_solve
BACKGROUND_SOLVE ENTERED: has_ridder=0 Lambda=0.00e+00
ABOUT TO INTEGRATE: bi_size=6 has_ridder=0 Lambda=0.00e+00
DERIVS_ENTRY: call#=1670000 has_ridder=0 Lambda=0.00e+00 a=2.52e-05
BG_INIT: background_solve OK
INPUT_READ: ridder_freeze_phi = 0 _TRUE_=1 (after class_read_flag)
DEBUG: Ridder field DISABLED. Lambda = 0.000000e+00
INPUT_READ: ridder_freeze_phi = 0 _TRUE_=1 (after class_read_flag)
DEBUG: Ridder field DISABLED. Lambda = 0.000000e+00, model_type not set to unified
BACKGROUND_INIT ENTERED: Lambda=0.00e+00
DEBUG BG_INIT ENTRY: model_type=0
DEBUG AFTER CHECKS: model_type=0 has_ridder=0
RIDDER DEBUG (background_init): has_ridder=0, Lambda_EDE_ridder=0.000000e+00, f_axion_ridder=1.000000e+16, theta_i_ridder=2.500000e+00, beta_ridder=0.[mcmc] Progress @ 2025-11-27 13:00:49 : 4252 steps taken, and 679 accepted.
[mcmc] Progress @ 2025-11-27 13:01:49 : 4254 steps taken, and 679 accepted.
[mcmc] Progress @ 2025-11-27 13:03:06 : 4265 steps taken, and 682 accepted.
[mcmc] Progress @ 2025-11-27 13:04:25 : 4278 steps taken, and 685 accepted.
[mcmc] Progress @ 2025-11-27 13:05:25 : 4280 steps taken, and 685 accepted.
000000e+00
BG_INIT: entering background_checks
BG_INIT: background_checks OK
DEBUG SHOOTING CHECK: has_ridder=0, model_type=0 (unified=1), use_shooting_EDE=0
BG_INIT: entering background_solve
BACKGROUND_SOLVE ENTERED: has_ridder=0 Lambda=0.00e+00
ABOUT TO INTEGRATE: bi_size=6 has_ridder=0 Lambda=0.00e+00
BG_INIT: background_solve OK
INPUT_READ: ridder_freeze_phi = 0 _TRUE_=1 (after class_read_flag)
DEBUG: Ridder field DISABLED. Lambda = 0.000000e+00
INPUT_READ: ridder_freeze_phi = 0 _TRUE_=1 (after class_read_flag)
DEBUG: Ridder field DISABLED. Lambda = 0.000000e+00, model_type not set to unified
BACKGROUND_INIT ENTERED: Lambda=0.00e+00
DEBUG BG_INIT ENTRY: model_type=0
DEBUG AFTER CHECKS: model_type=0 has_ridder=0
RIDDER DEBUG (background_init): has_ridder=0, Lambda_EDE_ridder=0.000000e+00, f_axion_ridder=1.000000e+16, theta_i_ridder=2.500000e+00, beta_ridder=0.000000e+00
BG_INIT: entering background_checks
BG_INIT: background_checks OK
DEBUG SHOOTING CHECK: has_ridder=0, model_type=0 (unified=1), use_shooting_EDE=0
BG_INIT: entering background_solve
BACKGROUND_SOLVE ENTERED: has_ridder=0 Lambda=0.00e+00
ABOUT TO INTEGRATE: bi_size=6 has_ridder=0 Lambda=0.00e+00
DERIVS_ENTRY: call#=1675000 has_ridder=0 Lambda=0.00e+00 a=8.02e-11
BG_INIT: background_solve OK
INPUT_READ: ridder_freeze_phi = 0 _TRUE_=1 (after class_read_flag)
DEBUG: Ridder field DISABLED. Lambda = 0.000000e+00
INPUT_READ: ridder_freeze_phi = 0 _TRUE_=1 (after class_read_flag)
DEBUG: Ridder field DISABLED. Lambda = 0.000000e+00, model_type not set to unified
BACKGROUND_INIT ENTERED: Lambda=0.00e+00
DEBUG BG_INIT ENTRY: model_type=0
DEBUG AFTER CHECKS: model_type=0 has_ridder=0
RIDDER DEBUG (background_init): has_ridder=0, Lambda_EDE_ridder=0.000000e+00, f_axion_ridder=1.000000e+16, theta_i_ridder=2.500000e+00, beta_ridder=0.000000e+00
BG_INIT: entering background_checks
BG_INIT: background_checks OK
DEBUG SHOOTING CHECK: has_ridder=0, model_type=0 (unified=1), use_shooting_EDE=0
BG_INIT: entering background_solve
BACKGROUND_SOLVE ENTERED: has_ridder=0 Lambda=0.00e+00
ABOUT TO INTEGRATE: bi_size=6 has_ridder=0 Lambda=0.00e+00
DERIVS_ENTRY: call#=1680000 has_ridder=0 Lambda=0.00e+00 a=3.94e-06
BG_INIT: background_solve OK
INPUT_READ: ridder_freeze_phi = 0 _TRUE_=1 (after class_read_flag)
DEBUG: Ridder field DISABLED. Lambda = 0.000000e+00
INPUT_READ: ridder_freeze_phi = 0 _TRUE_=1 (after class_read_flag)
DEBUG: Ridder field DISABLED. Lambda = 0.000000e+00, model_type not set to unified
BACKGROUND_INIT ENTERED: Lambda=0.00e+00
DEBUG BG_INIT ENTRY: model_type=0
DEBUG AFTER CHECKS: model_type=0 has_ridder=0
RIDDER DEBUG (background_init): has_ridder=0, Lambda_EDE_ridder=0.000000e+00, f_axion_ridder=1.000000e+16, theta_i_ridder=2.500000e+00, beta_ridder=0.000000e+00
BG_INIT: entering background_checks
BG_INIT: background_checks OK
DEBUG SHOOTING CHECK: has_ridder=0, model_type=0 (unified=1), use_shooting_EDE=0
BG_INIT: entering background_solve
BACKGROUND_SOLVE ENTERED: has_ridder=0 Lambda=0.00e+00
ABOUT TO INTEGRATE: bi_size=6 has_ridder=0 Lambda=0.00e+00
BG_INIT: background_solve OK
INPUT_READ: ridder_freeze_phi = 0 _TRUE_=1 (after class_read_flag)
DEBUG: Ridder field DISABLED. Lambda = 0.000000e+00
INPUT_READ: ridder_freeze_phi = 0 _TRUE_=1 (after class_read_flag)
DEBUG: Ridder field DISABLED. Lambda = 0.000000e+00, model_type not set to unified
BACKGROUND_INIT ENTERED: Lambda=0.00e+00
DEBUG BG_INIT ENTRY: model_type=0
DEBUG AFTER CHECKS: model_type=0 has_ridder=0
RIDDER DEBUG (background_init): has_ridder=0, Lambda_EDE_ridder=0.000000e+00, f_axion_ridder=1.000000e+16, theta_i_ridder=2.500000e+00, beta_ridder=0.000000e+00
BG_INIT: entering background_checks
BG_INIT: background_checks OK
DEBUG SHOOTING CHECK: has_ridder=0, model_type=0 (unified=1), use_shooting_EDE=0
BG_INIT: entering background_solve
BACKGROUND_SOLVE ENTERED: has_ridder=0 Lambda=0.00e+00
ABOUT TO INTEGRATE: bi_size=6 has_ridder=0 Lambda=0.00e+00
DERIVS_ENTRY: call#=1685000 has_ridder=0 Lambda=0.00e+00 a=5.45e-13
BG_INIT: background_solve OK
INPUT_READ: ridder_freeze_phi = 0 _TRUE_=1 (after cl[mcmc] Progress @ 2025-11-27 13:06:35 : 4288 steps taken, and 686 accepted.
[mcmc] Progress @ 2025-11-27 13:07:43 : 4296 steps taken, and 688 accepted.
[mcmc] Progress @ 2025-11-27 13:09:02 : 4315 steps taken, and 690 accepted.
[mcmc] Progress @ 2025-11-27 13:10:07 : 4320 steps taken, and 691 accepted.
ass_read_flag)
DEBUG: Ridder field DISABLED. Lambda = 0.000000e+00
INPUT_READ: ridder_freeze_phi = 0 _TRUE_=1 (after class_read_flag)
DEBUG: Ridder field DISABLED. Lambda = 0.000000e+00, model_type not set to unified
BACKGROUND_INIT ENTERED: Lambda=0.00e+00
DEBUG BG_INIT ENTRY: model_type=0
DEBUG AFTER CHECKS: model_type=0 has_ridder=0
RIDDER DEBUG (background_init): has_ridder=0, Lambda_EDE_ridder=0.000000e+00, f_axion_ridder=1.000000e+16, theta_i_ridder=2.500000e+00, beta_ridder=0.000000e+00
BG_INIT: entering background_checks
BG_INIT: background_checks OK
DEBUG SHOOTING CHECK: has_ridder=0, model_type=0 (unified=1), use_shooting_EDE=0
BG_INIT: entering background_solve
BACKGROUND_SOLVE ENTERED: has_ridder=0 Lambda=0.00e+00
ABOUT TO INTEGRATE: bi_size=6 has_ridder=0 Lambda=0.00e+00
DERIVS_ENTRY: call#=1690000 has_ridder=0 Lambda=0.00e+00 a=5.83e-07
BG_INIT: background_solve OK
INPUT_READ: ridder_freeze_phi = 0 _TRUE_=1 (after class_read_flag)
DEBUG: Ridder field DISABLED. Lambda = 0.000000e+00
INPUT_READ: ridder_freeze_phi = 0 _TRUE_=1 (after class_read_flag)
DEBUG: Ridder field DISABLED. Lambda = 0.000000e+00, model_type not set to unified
BACKGROUND_INIT ENTERED: Lambda=0.00e+00
DEBUG BG_INIT ENTRY: model_type=0
DEBUG AFTER CHECKS: model_type=0 has_ridder=0
RIDDER DEBUG (background_init): has_ridder=0, Lambda_EDE_ridder=0.000000e+00, f_axion_ridder=1.000000e+16, theta_i_ridder=2.500000e+00, beta_ridder=0.000000e+00
BG_INIT: entering background_checks
BG_INIT: background_checks OK
DEBUG SHOOTING CHECK: has_ridder=0, model_type=0 (unified=1), use_shooting_EDE=0
BG_INIT: entering background_solve
BACKGROUND_SOLVE ENTERED: has_ridder=0 Lambda=0.00e+00
ABOUT TO INTEGRATE: bi_size=6 has_ridder=0 Lambda=0.00e+00
DERIVS_ENTRY: call#=1695000 has_ridder=0 Lambda=0.00e+00 a=7.88e-01
BG_INIT: background_solve OK
INPUT_READ: ridder_freeze_phi = 0 _TRUE_=1 (after class_read_flag)
DEBUG: Ridder field DISABLED. Lambda = 0.000000e+00
INPUT_READ: ridder_freeze_phi = 0 _TRUE_=1 (after class_read_flag)
DEBUG: Ridder field DISABLED. Lambda = 0.000000e+00, model_type not set to unified
BACKGROUND_INIT ENTERED: Lambda=0.00e+00
DEBUG BG_INIT ENTRY: model_type=0
DEBUG AFTER CHECKS: model_type=0 has_ridder=0
RIDDER DEBUG (background_init): has_ridder=0, Lambda_EDE_ridder=0.000000e+00, f_axion_ridder=1.000000e+16, theta_i_ridder=2.500000e+00, beta_ridder=0.000000e+00
BG_INIT: entering background_checks
BG_INIT: background_checks OK
DEBUG SHOOTING CHECK: has_ridder=0, model_type=0 (unified=1), use_shooting_EDE=0
BG_INIT: entering background_solve
BACKGROUND_SOLVE ENTERED: has_ridder=0 Lambda=0.00e+00
ABOUT TO INTEGRATE: bi_size=6 has_ridder=0 Lambda=0.00e+00
BG_INIT: background_solve OK
INPUT_READ: ridder_freeze_phi = 0 _TRUE_=1 (after class_read_flag)
DEBUG: Ridder field DISABLED. Lambda = 0.000000e+00
INPUT_READ: ridder_freeze_phi = 0 _TRUE_=1 (after class_read_flag)
DEBUG: Ridder field DISABLED. Lambda = 0.000000e+00, model_type not set to unified
BACKGROUND_INIT ENTERED: Lambda=0.00e+00
DEBUG BG_INIT ENTRY: model_type=0
DEBUG AFTER CHECKS: model_type=0 has_ridder=0
RIDDER DEBUG (background_init): has_ridder=0, Lambda_EDE_ridder=0.000000e+00, f_axion_ridder=1.000000e+16, theta_i_ridder=2.500000e+00, beta_ridder=0.000000e+00
BG_INIT: entering background_checks
BG_INIT: background_checks OK
DEBUG SHOOTING CHECK: has_ridder=0, model_type=0 (unified=1), use_shooting_EDE=0
BG_INIT: entering background_solve
BACKGROUND_SOLVE ENTERED: has_ridder=0 Lambda=0.00e+00
ABOUT TO INTEGRATE: bi_size=6 has_ridder=0 Lambda=0.00e+00
DERIVS_ENTRY: call#=1700000 has_ridder=0 Lambda=0.00e+00 a=8.17e-08
BG_INIT: background_solve OK
INPUT_READ: ridder_freeze_phi = 0 _TRUE_=1 (after class_read_flag)
DEBUG: Ridder field DISABLED. Lambda = 0.000000e+00
INPUT_READ: ridder_freeze_phi = 0 _TRUE_=1 (after class_read_flag)
DEBUG: Ridder field DISABLED. Lambda = 0.000000e+00, model_type not set to unified
BACKGROUND_INIT ENTERED: Lambda=0.00e+00
DEBUG BG_INIT ENTRY: model_type=0
DEBUG AFTER CHECKS: model_type=0 has_ridder=0
RIDDER DEBUG (background_init): has_ridder=0, Lamb[mcmc] Progress @ 2025-11-27 13:11:23 : 4329 steps taken, and 693 accepted.
[mcmc] Progress @ 2025-11-27 13:12:25 : 4334 steps taken, and 693 accepted.
[mcmc] Progress @ 2025-11-27 13:13:29 : 4340 steps taken, and 694 accepted.
[mcmc] Progress @ 2025-11-27 13:14:30 : 4341 steps taken, and 694 accepted.
da_EDE_ridder=0.000000e+00, f_axion_ridder=1.000000e+16, theta_i_ridder=2.500000e+00, beta_ridder=0.000000e+00
BG_INIT: entering background_checks
BG_INIT: background_checks OK
DEBUG SHOOTING CHECK: has_ridder=0, model_type=0 (unified=1), use_shooting_EDE=0
BG_INIT: entering background_solve
BACKGROUND_SOLVE ENTERED: has_ridder=0 Lambda=0.00e+00
ABOUT TO INTEGRATE: bi_size=6 has_ridder=0 Lambda=0.00e+00
DERIVS_ENTRY: call#=1705000 has_ridder=0 Lambda=0.00e+00 a=8.74e-02
BG_INIT: background_solve OK
INPUT_READ: ridder_freeze_phi = 0 _TRUE_=1 (after class_read_flag)
DEBUG: Ridder field DISABLED. Lambda = 0.000000e+00
INPUT_READ: ridder_freeze_phi = 0 _TRUE_=1 (after class_read_flag)
DEBUG: Ridder field DISABLED. Lambda = 0.000000e+00, model_type not set to unified
BACKGROUND_INIT ENTERED: Lambda=0.00e+00
DEBUG BG_INIT ENTRY: model_type=0
DEBUG AFTER CHECKS: model_type=0 has_ridder=0
RIDDER DEBUG (background_init): has_ridder=0, Lambda_EDE_ridder=0.000000e+00, f_axion_ridder=1.000000e+16, theta_i_ridder=2.500000e+00, beta_ridder=0.000000e+00
BG_INIT: entering background_checks
BG_INIT: background_checks OK
DEBUG SHOOTING CHECK: has_ridder=0, model_type=0 (unified=1), use_shooting_EDE=0
BG_INIT: entering background_solve
BACKGROUND_SOLVE ENTERED: has_ridder=0 Lambda=0.00e+00
ABOUT TO INTEGRATE: bi_size=6 has_ridder=0 Lambda=0.00e+00
BG_INIT: background_solve OK
INPUT_READ: ridder_freeze_phi = 0 _TRUE_=1 (after class_read_flag)
DEBUG: Ridder field DISABLED. Lambda = 0.000000e+00
INPUT_READ: ridder_freeze_phi = 0 _TRUE_=1 (after class_read_flag)
DEBUG: Ridder field DISABLED. Lambda = 0.000000e+00, model_type not set to unified
BACKGROUND_INIT ENTERED: Lambda=0.00e+00
DEBUG BG_INIT ENTRY: model_type=0
DEBUG AFTER CHECKS: model_type=0 has_ridder=0
RIDDER DEBUG (background_init): has_ridder=0, Lambda_EDE_ridder=0.000000e+00, f_axion_ridder=1.000000e+16, theta_i_ridder=2.500000e+00, beta_ridder=0.000000e+00
BG_INIT: entering background_checks
BG_INIT: background_checks OK
DEBUG SHOOTING CHECK: has_ridder=0, model_type=0 (unified=1), use_shooting_EDE=0
BG_INIT: entering background_solve
BACKGROUND_SOLVE ENTERED: has_ridder=0 Lambda=0.00e+00
ABOUT TO INTEGRATE: bi_size=6 has_ridder=0 Lambda=0.00e+00
DERIVS_ENTRY: call#=1710000 has_ridder=0 Lambda=0.00e+00 a=9.39e-09
BG_INIT: background_solve OK
INPUT_READ: ridder_freeze_phi = 0 _TRUE_=1 (after class_read_flag)
DEBUG: Ridder field DISABLED. Lambda = 0.000000e+00
INPUT_READ: ridder_freeze_phi = 0 _TRUE_=1 (after class_read_flag)
DEBUG: Ridder field DISABLED. Lambda = 0.000000e+00, model_type not set to unified
BACKGROUND_INIT ENTERED: Lambda=0.00e+00
DEBUG BG_INIT ENTRY: model_type=0
DEBUG AFTER CHECKS: model_type=0 has_ridder=0
RIDDER DEBUG (background_init): has_ridder=0, Lambda_EDE_ridder=0.000000e+00, f_axion_ridder=1.000000e+16, theta_i_ridder=2.500000e+00, beta_ridder=0.000000e+00
BG_INIT: entering background_checks
BG_INIT: background_checks OK
DEBUG SHOOTING CHECK: has_ridder=0, model_type=0 (unified=1), use_shooting_EDE=0
BG_INIT: entering background_solve
BACKGROUND_SOLVE ENTERED: has_ridder=0 Lambda=0.00e+00
ABOUT TO INTEGRATE: bi_size=6 has_ridder=0 Lambda=0.00e+00
DERIVS_ENTRY: call#=1715000 has_ridder=0 Lambda=0.00e+00 a=7.16e-04
BG_INIT: background_solve OK
INPUT_READ: ridder_freeze_phi = 0 _TRUE_=1 (after class_read_flag)
DEBUG: Ridder field DISABLED. Lambda = 0.000000e+00
INPUT_READ: ridder_freeze_phi = 0 _TRUE_=1 (after class_read_flag)
DEBUG: Ridder field DISABLED. Lambda = 0.000000e+00, model_type not set to unified
BACKGROUND_INIT ENTERED: Lambda=0.00e+00
DEBUG BG_INIT ENTRY: model_type=0
DEBUG AFTER CHECKS: model_type=0 has_ridder=0
RIDDER DEBUG (background_init): has_ridder=0, Lambda_EDE_ridder=0.000000e+00, f_axion_ridder=1.000000e+16, theta_i_ridder=2.500000e+00, beta_ridder=0.000000e+00
BG_INIT: entering background_checks
BG_INIT: background_checks OK
DEBUG SHOOTING CHECK: has_ridder=0, model_type=0 (unified=1), use_shooting_EDE=0
BG_INIT: entering background_solve
BACKGROUND_SOLVE ENTERED: has_ridder=0 Lambda=0.00e+00
ABOUT TO INTEGRATE: bi_size=6 has_ridder[mcmc] Progress @ 2025-11-27 13:15:30 : 4344 steps taken, and 695 accepted.
[mcmc] Progress @ 2025-11-27 13:16:41 : 4352 steps taken, and 695 accepted.
[mcmc] Progress @ 2025-11-27 13:18:11 : 4375 steps taken, and 700 accepted.
[mcmc] Progress @ 2025-11-27 13:19:15 : 4378 steps taken, and 700 accepted.
[mcmc] Progress @ 2025-11-27 13:20:31 : 4400 steps taken, and 704 accepted.
=0 Lambda=0.00e+00
BG_INIT: background_solve OK
INPUT_READ: ridder_freeze_phi = 0 _TRUE_=1 (after class_read_flag)
DEBUG: Ridder field DISABLED. Lambda = 0.000000e+00
INPUT_READ: ridder_freeze_phi = 0 _TRUE_=1 (after class_read_flag)
DEBUG: Ridder field DISABLED. Lambda = 0.000000e+00, model_type not set to unified
BACKGROUND_INIT ENTERED: Lambda=0.00e+00
DEBUG BG_INIT ENTRY: model_type=0
DEBUG AFTER CHECKS: model_type=0 has_ridder=0
RIDDER DEBUG (background_init): has_ridder=0, Lambda_EDE_ridder=0.000000e+00, f_axion_ridder=1.000000e+16, theta_i_ridder=2.500000e+00, beta_ridder=0.000000e+00
BG_INIT: entering background_checks
BG_INIT: background_checks OK
DEBUG SHOOTING CHECK: has_ridder=0, model_type=0 (unified=1), use_shooting_EDE=0
BG_INIT: entering background_solve
BACKGROUND_SOLVE ENTERED: has_ridder=0 Lambda=0.00e+00
ABOUT TO INTEGRATE: bi_size=6 has_ridder=0 Lambda=0.00e+00
DERIVS_ENTRY: call#=1720000 has_ridder=0 Lambda=0.00e+00 a=1.15e-09
BG_INIT: background_solve OK
INPUT_READ: ridder_freeze_phi = 0 _TRUE_=1 (after class_read_flag)
DEBUG: Ridder field DISABLED. Lambda = 0.000000e+00
INPUT_READ: ridder_freeze_phi = 0 _TRUE_=1 (after class_read_flag)
DEBUG: Ridder field DISABLED. Lambda = 0.000000e+00, model_type not set to unified
BACKGROUND_INIT ENTERED: Lambda=0.00e+00
DEBUG BG_INIT ENTRY: model_type=0
DEBUG AFTER CHECKS: model_type=0 has_ridder=0
RIDDER DEBUG (background_init): has_ridder=0, Lambda_EDE_ridder=0.000000e+00, f_axion_ridder=1.000000e+16, theta_i_ridder=2.500000e+00, beta_ridder=0.000000e+00
BG_INIT: entering background_checks
BG_INIT: background_checks OK
DEBUG SHOOTING CHECK: has_ridder=0, model_type=0 (unified=1), use_shooting_EDE=0
BG_INIT: entering background_solve
BACKGROUND_SOLVE ENTERED: has_ridder=0 Lambda=0.00e+00
ABOUT TO INTEGRATE: bi_size=6 has_ridder=0 Lambda=0.00e+00
DERIVS_ENTRY: call#=1725000 has_ridder=0 Lambda=0.00e+00 a=5.29e-05
BG_INIT: background_solve OK
INPUT_READ: ridder_freeze_phi = 0 _TRUE_=1 (after class_read_flag)
DEBUG: Ridder field DISABLED. Lambda = 0.000000e+00
INPUT_READ: ridder_freeze_phi = 0 _TRUE_=1 (after class_read_flag)
DEBUG: Ridder field DISABLED. Lambda = 0.000000e+00, model_type not set to unified
BACKGROUND_INIT ENTERED: Lambda=0.00e+00
DEBUG BG_INIT ENTRY: model_type=0
DEBUG AFTER CHECKS: model_type=0 has_ridder=0
RIDDER DEBUG (background_init): has_ridder=0, Lambda_EDE_ridder=0.000000e+00, f_axion_ridder=1.000000e+16, theta_i_ridder=2.500000e+00, beta_ridder=0.000000e+00
BG_INIT: entering background_checks
BG_INIT: background_checks OK
DEBUG SHOOTING CHECK: has_ridder=0, model_type=0 (unified=1), use_shooting_EDE=0
BG_INIT: entering background_solve
BACKGROUND_SOLVE ENTERED: has_ridder=0 Lambda=0.00e+00
ABOUT TO INTEGRATE: bi_size=6 has_ridder=0 Lambda=0.00e+00
BG_INIT: background_solve OK
INPUT_READ: ridder_freeze_phi = 0 _TRUE_=1 (after class_read_flag)
DEBUG: Ridder field DISABLED. Lambda = 0.000000e+00
INPUT_READ: ridder_freeze_phi = 0 _TRUE_=1 (after class_read_flag)
DEBUG: Ridder field DISABLED. Lambda = 0.000000e+00, model_type not set to unified
BACKGROUND_INIT ENTERED: Lambda=0.00e+00
DEBUG BG_INIT ENTRY: model_type=0
DEBUG AFTER CHECKS: model_type=0 has_ridder=0
RIDDER DEBUG (background_init): has_ridder=0, Lambda_EDE_ridder=0.000000e+00, f_axion_ridder=1.000000e+16, theta_i_ridder=2.500000e+00, beta_ridder=0.000000e+00
BG_INIT: entering background_checks
BG_INIT: background_checks OK
DEBUG SHOOTING CHECK: has_ridder=0, model_type=0 (unified=1), use_shooting_EDE=0
BG_INIT: entering background_solve
BACKGROUND_SOLVE ENTERED: has_ridder=0 Lambda=0.00e+00
ABOUT TO INTEGRATE: bi_size=6 has_ridder=0 Lambda=0.00e+00
DERIVS_ENTRY: call#=1730000 has_ridder=0 Lambda=0.00e+00 a=1.76e-10
BG_INIT: background_solve OK
INPUT_READ: ridder_freeze_phi = 0 _TRUE_=1 (after class_read_flag)
DEBUG: Ridder field DISABLED. Lambda = 0.000000e+00
INPUT_READ: ridder_freeze_phi = 0 _TRUE_=1 (after class_read_flag)
DEBUG: Ridder field DISABLED. Lambda = 0.000000e+00, model_type not set to unified
BACKGROUND_INIT ENTERED: Lambda=0.00e+00
DEBUG BG_INIT ENTRY: model_typ[mcmc] Progress @ 2025-11-27 13:21:52 : 4420 steps taken, and 705 accepted.
[mcmc] Progress @ 2025-11-27 13:22:55 : 4425 steps taken, and 705 accepted.
[mcmc] Progress @ 2025-11-27 13:24:12 : 4437 steps taken, and 706 accepted.
[mcmc] Progress @ 2025-11-27 13:25:24 : 4445 steps taken, and 706 accepted.
e=0
DEBUG AFTER CHECKS: model_type=0 has_ridder=0
RIDDER DEBUG (background_init): has_ridder=0, Lambda_EDE_ridder=0.000000e+00, f_axion_ridder=1.000000e+16, theta_i_ridder=2.500000e+00, beta_ridder=0.000000e+00
BG_INIT: entering background_checks
BG_INIT: background_checks OK
DEBUG SHOOTING CHECK: has_ridder=0, model_type=0 (unified=1), use_shooting_EDE=0
BG_INIT: entering background_solve
BACKGROUND_SOLVE ENTERED: has_ridder=0 Lambda=0.00e+00
ABOUT TO INTEGRATE: bi_size=6 has_ridder=0 Lambda=0.00e+00
DERIVS_ENTRY: call#=1735000 has_ridder=0 Lambda=0.00e+00 a=8.74e-06
BG_INIT: background_solve OK
INPUT_READ: ridder_freeze_phi = 0 _TRUE_=1 (after class_read_flag)
DEBUG: Ridder field DISABLED. Lambda = 0.000000e+00
INPUT_READ: ridder_freeze_phi = 0 _TRUE_=1 (after class_read_flag)
DEBUG: Ridder field DISABLED. Lambda = 0.000000e+00, model_type not set to unified
BACKGROUND_INIT ENTERED: Lambda=0.00e+00
DEBUG BG_INIT ENTRY: model_type=0
DEBUG AFTER CHECKS: model_type=0 has_ridder=0
RIDDER DEBUG (background_init): has_ridder=0, Lambda_EDE_ridder=0.000000e+00, f_axion_ridder=1.000000e+16, theta_i_ridder=2.500000e+00, beta_ridder=0.000000e+00
BG_INIT: entering background_checks
BG_INIT: background_checks OK
DEBUG SHOOTING CHECK: has_ridder=0, model_type=0 (unified=1), use_shooting_EDE=0
BG_INIT: entering background_solve
BACKGROUND_SOLVE ENTERED: has_ridder=0 Lambda=0.00e+00
ABOUT TO INTEGRATE: bi_size=6 has_ridder=0 Lambda=0.00e+00
BG_INIT: background_solve OK
INPUT_READ: ridder_freeze_phi = 0 _TRUE_=1 (after class_read_flag)
DEBUG: Ridder field DISABLED. Lambda = 0.000000e+00
INPUT_READ: ridder_freeze_phi = 0 _TRUE_=1 (after class_read_flag)
DEBUG: Ridder field DISABLED. Lambda = 0.000000e+00, model_type not set to unified
BACKGROUND_INIT ENTERED: Lambda=0.00e+00
DEBUG BG_INIT ENTRY: model_type=0
DEBUG AFTER CHECKS: model_type=0 has_ridder=0
RIDDER DEBUG (background_init): has_ridder=0, Lambda_EDE_ridder=0.000000e+00, f_axion_ridder=1.000000e+16, theta_i_ridder=2.500000e+00, beta_ridder=0.000000e+00
BG_INIT: entering background_checks
BG_INIT: background_checks OK
DEBUG SHOOTING CHECK: has_ridder=0, model_type=0 (unified=1), use_shooting_EDE=0
BG_INIT: entering background_solve
BACKGROUND_SOLVE ENTERED: has_ridder=0 Lambda=0.00e+00
ABOUT TO INTEGRATE: bi_size=6 has_ridder=0 Lambda=0.00e+00
DERIVS_ENTRY: call#=1740000 has_ridder=0 Lambda=0.00e+00 a=1.46e-11
BG_INIT: background_solve OK
INPUT_READ: ridder_freeze_phi = 0 _TRUE_=1 (after class_read_flag)
DEBUG: Ridder field DISABLED. Lambda = 0.000000e+00
INPUT_READ: ridder_freeze_phi = 0 _TRUE_=1 (after class_read_flag)
DEBUG: Ridder field DISABLED. Lambda = 0.000000e+00, model_type not set to unified
BACKGROUND_INIT ENTERED: Lambda=0.00e+00
DEBUG BG_INIT ENTRY: model_type=0
DEBUG AFTER CHECKS: model_type=0 has_ridder=0
RIDDER DEBUG (background_init): has_ridder=0, Lambda_EDE_ridder=0.000000e+00, f_axion_ridder=1.000000e+16, theta_i_ridder=2.500000e+00, beta_ridder=0.000000e+00
BG_INIT: entering background_checks
BG_INIT: background_checks OK
DEBUG SHOOTING CHECK: has_ridder=0, model_type=0 (unified=1), use_shooting_EDE=0
BG_INIT: entering background_solve
BACKGROUND_SOLVE ENTERED: has_ridder=0 Lambda=0.00e+00
ABOUT TO INTEGRATE: bi_size=6 has_ridder=0 Lambda=0.00e+00
DERIVS_ENTRY: call#=1745000 has_ridder=0 Lambda=0.00e+00 a=1.42e-06
BG_INIT: background_solve OK
INPUT_READ: ridder_freeze_phi = 0 _TRUE_=1 (after class_read_flag)
DEBUG: Ridder field DISABLED. Lambda = 0.000000e+00
INPUT_READ: ridder_freeze_phi = 0 _TRUE_=1 (after class_read_flag)
DEBUG: Ridder field DISABLED. Lambda = 0.000000e+00, model_type not set to unified
BACKGROUND_INIT ENTERED: Lambda=0.00e+00
DEBUG BG_INIT ENTRY: model_type=0
DEBUG AFTER CHECKS: model_type=0 has_ridder=0
RIDDER DEBUG (background_init): has_ridder=0, Lambda_EDE_ridder=0.000000e+00, f_axion_ridder=1.000000e+16, theta_i_ridder=2.500000e+00, beta_ridder=0.000000e+00
BG_INIT: entering background_checks
BG_INIT: background_checks OK
DEBUG SHOOTING CHECK: has_ridder=0, model_type=0 (unified=1), use_shooting_EDE=0
BG_INIT: entering background_s[mcmc] Progress @ 2025-11-27 13:26:28 : 4450 steps taken, and 707 accepted.
[mcmc] Progress @ 2025-11-27 13:27:29 : 4456 steps taken, and 708 accepted.
[mcmc] Progress @ 2025-11-27 13:28:34 : 4463 steps taken, and 708 accepted.
[mcmc] Progress @ 2025-11-27 13:29:35 : 4466 steps taken, and 709 accepted.
[mcmc] Progress @ 2025-11-27 13:31:04 : 4482 steps taken, and 712 accepted.
olve
BACKGROUND_SOLVE ENTERED: has_ridder=0 Lambda=0.00e+00
ABOUT TO INTEGRATE: bi_size=6 has_ridder=0 Lambda=0.00e+00
BG_INIT: background_solve OK
INPUT_READ: ridder_freeze_phi = 0 _TRUE_=1 (after class_read_flag)
DEBUG: Ridder field DISABLED. Lambda = 0.000000e+00
INPUT_READ: ridder_freeze_phi = 0 _TRUE_=1 (after class_read_flag)
DEBUG: Ridder field DISABLED. Lambda = 0.000000e+00, model_type not set to unified
BACKGROUND_INIT ENTERED: Lambda=0.00e+00
DEBUG BG_INIT ENTRY: model_type=0
DEBUG AFTER CHECKS: model_type=0 has_ridder=0
RIDDER DEBUG (background_init): has_ridder=0, Lambda_EDE_ridder=0.000000e+00, f_axion_ridder=1.000000e+16, theta_i_ridder=2.500000e+00, beta_ridder=0.000000e+00
BG_INIT: entering background_checks
BG_INIT: background_checks OK
DEBUG SHOOTING CHECK: has_ridder=0, model_type=0 (unified=1), use_shooting_EDE=0
BG_INIT: entering background_solve
BACKGROUND_SOLVE ENTERED: has_ridder=0 Lambda=0.00e+00
ABOUT TO INTEGRATE: bi_size=6 has_ridder=0 Lambda=0.00e+00
DERIVS_ENTRY: call#=1750000 has_ridder=0 Lambda=0.00e+00 a=3.62e-14
BG_INIT: background_solve OK
INPUT_READ: ridder_freeze_phi = 0 _TRUE_=1 (after class_read_flag)
DEBUG: Ridder field DISABLED. Lambda = 0.000000e+00
INPUT_READ: ridder_freeze_phi = 0 _TRUE_=1 (after class_read_flag)
DEBUG: Ridder field DISABLED. Lambda = 0.000000e+00, model_type not set to unified
BACKGROUND_INIT ENTERED: Lambda=0.00e+00
DEBUG BG_INIT ENTRY: model_type=0
DEBUG AFTER CHECKS: model_type=0 has_ridder=0
RIDDER DEBUG (background_init): has_ridder=0, Lambda_EDE_ridder=0.000000e+00, f_axion_ridder=1.000000e+16, theta_i_ridder=2.500000e+00, beta_ridder=0.000000e+00
BG_INIT: entering background_checks
BG_INIT: background_checks OK
DEBUG SHOOTING CHECK: has_ridder=0, model_type=0 (unified=1), use_shooting_EDE=0
BG_INIT: entering background_solve
BACKGROUND_SOLVE ENTERED: has_ridder=0 Lambda=0.00e+00
ABOUT TO INTEGRATE: bi_size=6 has_ridder=0 Lambda=0.00e+00
DERIVS_ENTRY: call#=1755000 has_ridder=0 Lambda=0.00e+00 a=2.56e-07
BG_INIT: background_solve OK
INPUT_READ: ridder_freeze_phi = 0 _TRUE_=1 (after class_read_flag)
DEBUG: Ridder field DISABLED. Lambda = 0.000000e+00
INPUT_READ: ridder_freeze_phi = 0 _TRUE_=1 (after class_read_flag)
DEBUG: Ridder field DISABLED. Lambda = 0.000000e+00, model_type not set to unified
BACKGROUND_INIT ENTERED: Lambda=0.00e+00
DEBUG BG_INIT ENTRY: model_type=0
DEBUG AFTER CHECKS: model_type=0 has_ridder=0
RIDDER DEBUG (background_init): has_ridder=0, Lambda_EDE_ridder=0.000000e+00, f_axion_ridder=1.000000e+16, theta_i_ridder=2.500000e+00, beta_ridder=0.000000e+00
BG_INIT: entering background_checks
BG_INIT: background_checks OK
DEBUG SHOOTING CHECK: has_ridder=0, model_type=0 (unified=1), use_shooting_EDE=0
BG_INIT: entering background_solve
BACKGROUND_SOLVE ENTERED: has_ridder=0 Lambda=0.00e+00
ABOUT TO INTEGRATE: bi_size=6 has_ridder=0 Lambda=0.00e+00
DERIVS_ENTRY: call#=1760000 has_ridder=0 Lambda=0.00e+00 a=3.67e-01
BG_INIT: background_solve OK
INPUT_READ: ridder_freeze_phi = 0 _TRUE_=1 (after class_read_flag)
DEBUG: Ridder field DISABLED. Lambda = 0.000000e+00
INPUT_READ: ridder_freeze_phi = 0 _TRUE_=1 (after class_read_flag)
DEBUG: Ridder field DISABLED. Lambda = 0.000000e+00, model_type not set to unified
BACKGROUND_INIT ENTERED: Lambda=0.00e+00
DEBUG BG_INIT ENTRY: model_type=0
DEBUG AFTER CHECKS: model_type=0 has_ridder=0
RIDDER DEBUG (background_init): has_ridder=0, Lambda_EDE_ridder=0.000000e+00, f_axion_ridder=1.000000e+16, theta_i_ridder=2.500000e+00, beta_ridder=0.000000e+00
BG_INIT: entering background_checks
BG_INIT: background_checks OK
DEBUG SHOOTING CHECK: has_ridder=0, model_type=0 (unified=1), use_shooting_EDE=0
BG_INIT: entering background_solve
BACKGROUND_SOLVE ENTERED: has_ridder=0 Lambda=0.00e+00
ABOUT TO INTEGRATE: bi_size=6 has_ridder=0 Lambda=0.00e+00
BG_INIT: background_solve OK
INPUT_READ: ridder_freeze_phi = 0 _TRUE_=1 (after class_read_flag)
DEBUG: Ridder field DISABLED. Lambda = 0.000000e+00
INPUT_READ: ridder_freeze_phi = 0 _TRUE_=1 (after class_read_flag)
DEBUG: Ridder field DISABLED. Lambda = 0.000000e+00, m[mcmc] Progress @ 2025-11-27 13:32:24 : 4494 steps taken, and 714 accepted.
[mcmc] Progress @ 2025-11-27 13:33:38 : 4510 steps taken, and 717 accepted.
[mcmc] Progress @ 2025-11-27 13:34:53 : 4519 steps taken, and 718 accepted.
[mcmc] Progress @ 2025-11-27 13:35:53 : 4522 steps taken, and 719 accepted.
odel_type not set to unified
BACKGROUND_INIT ENTERED: Lambda=0.00e+00
DEBUG BG_INIT ENTRY: model_type=0
DEBUG AFTER CHECKS: model_type=0 has_ridder=0
RIDDER DEBUG (background_init): has_ridder=0, Lambda_EDE_ridder=0.000000e+00, f_axion_ridder=1.000000e+16, theta_i_ridder=2.500000e+00, beta_ridder=0.000000e+00
BG_INIT: entering background_checks
BG_INIT: background_checks OK
DEBUG SHOOTING CHECK: has_ridder=0, model_type=0 (unified=1), use_shooting_EDE=0
BG_INIT: entering background_solve
BACKGROUND_SOLVE ENTERED: has_ridder=0 Lambda=0.00e+00
ABOUT TO INTEGRATE: bi_size=6 has_ridder=0 Lambda=0.00e+00
DERIVS_ENTRY: call#=1765000 has_ridder=0 Lambda=0.00e+00 a=3.48e-08
BG_INIT: background_solve OK
INPUT_READ: ridder_freeze_phi = 0 _TRUE_=1 (after class_read_flag)
DEBUG: Ridder field DISABLED. Lambda = 0.000000e+00
INPUT_READ: ridder_freeze_phi = 0 _TRUE_=1 (after class_read_flag)
DEBUG: Ridder field DISABLED. Lambda = 0.000000e+00, model_type not set to unified
BACKGROUND_INIT ENTERED: Lambda=0.00e+00
DEBUG BG_INIT ENTRY: model_type=0
DEBUG AFTER CHECKS: model_type=0 has_ridder=0
RIDDER DEBUG (background_init): has_ridder=0, Lambda_EDE_ridder=0.000000e+00, f_axion_ridder=1.000000e+16, theta_i_ridder=2.500000e+00, beta_ridder=0.000000e+00
BG_INIT: entering background_checks
BG_INIT: background_checks OK
DEBUG SHOOTING CHECK: has_ridder=0, model_type=0 (unified=1), use_shooting_EDE=0
BG_INIT: entering background_solve
BACKGROUND_SOLVE ENTERED: has_ridder=0 Lambda=0.00e+00
ABOUT TO INTEGRATE: bi_size=6 has_ridder=0 Lambda=0.00e+00
DERIVS_ENTRY: call#=1770000 has_ridder=0 Lambda=0.00e+00 a=1.62e-02
BG_INIT: background_solve OK
INPUT_READ: ridder_freeze_phi = 0 _TRUE_=1 (after class_read_flag)
DEBUG: Ridder field DISABLED. Lambda = 0.000000e+00
INPUT_READ: ridder_freeze_phi = 0 _TRUE_=1 (after class_read_flag)
DEBUG: Ridder field DISABLED. Lambda = 0.000000e+00, model_type not set to unified
BACKGROUND_INIT ENTERED: Lambda=0.00e+00
DEBUG BG_INIT ENTRY: model_type=0
DEBUG AFTER CHECKS: model_type=0 has_ridder=0
RIDDER DEBUG (background_init): has_ridder=0, Lambda_EDE_ridder=0.000000e+00, f_axion_ridder=1.000000e+16, theta_i_ridder=2.500000e+00, beta_ridder=0.000000e+00
BG_INIT: entering background_checks
BG_INIT: background_checks OK
DEBUG SHOOTING CHECK: has_ridder=0, model_type=0 (unified=1), use_shooting_EDE=0
BG_INIT: entering background_solve
BACKGROUND_SOLVE ENTERED: has_ridder=0 Lambda=0.00e+00
ABOUT TO INTEGRATE: bi_size=6 has_ridder=0 Lambda=0.00e+00
BG_INIT: background_solve OK
INPUT_READ: ridder_freeze_phi = 0 _TRUE_=1 (after class_read_flag)
DEBUG: Ridder field DISABLED. Lambda = 0.000000e+00
INPUT_READ: ridder_freeze_phi = 0 _TRUE_=1 (after class_read_flag)
DEBUG: Ridder field DISABLED. Lambda = 0.000000e+00, model_type not set to unified
BACKGROUND_INIT ENTERED: Lambda=0.00e+00
DEBUG BG_INIT ENTRY: model_type=0
DEBUG AFTER CHECKS: model_type=0 has_ridder=0
RIDDER DEBUG (background_init): has_ridder=0, Lambda_EDE_ridder=0.000000e+00, f_axion_ridder=1.000000e+16, theta_i_ridder=2.500000e+00, beta_ridder=0.000000e+00
BG_INIT: entering background_checks
BG_INIT: background_checks OK
DEBUG SHOOTING CHECK: has_ridder=0, model_type=0 (unified=1), use_shooting_EDE=0
BG_INIT: entering background_solve
BACKGROUND_SOLVE ENTERED: has_ridder=0 Lambda=0.00e+00
ABOUT TO INTEGRATE: bi_size=6 has_ridder=0 Lambda=0.00e+00
DERIVS_ENTRY: call#=1775000 has_ridder=0 Lambda=0.00e+00 a=4.95e-09
BG_INIT: background_solve OK
INPUT_READ: ridder_freeze_phi = 0 _TRUE_=1 (after class_read_flag)
DEBUG: Ridder field DISABLED. Lambda = 0.000000e+00
INPUT_READ: ridder_freeze_phi = 0 _TRUE_=1 (after class_read_flag)
DEBUG: Ridder field DISABLED. Lambda = 0.000000e+00, model_type not set to unified
BACKGROUND_INIT ENTERED: Lambda=0.00e+00
DEBUG BG_INIT ENTRY: model_type=0
DEBUG AFTER CHECKS: model_type=0 has_ridder=0
RIDDER DEBUG (background_init): has_ridder=0, Lambda_EDE_ridder=0.000000e+00, f_axion_ridder=1.000000e+16, theta_i_ridder=2.500000e+00, beta_ridder=0.000000e+00
BG_INIT: entering background_checks
BG_INIT: background_checks OK
DEBUG SHOOT[mcmc] Progress @ 2025-11-27 13:37:00 : 4529 steps taken, and 720 accepted.
[mcmc] Progress @ 2025-11-27 13:38:07 : 4535 steps taken, and 721 accepted.
[mcmc] Progress @ 2025-11-27 13:39:17 : 4541 steps taken, and 721 accepted.
[mcmc] Progress @ 2025-11-27 13:40:31 : 4552 steps taken, and 721 accepted.
[mcmc] Progress @ 2025-11-27 13:41:47 : 4564 steps taken, and 722 accepted.
ING CHECK: has_ridder=0, model_type=0 (unified=1), use_shooting_EDE=0
BG_INIT: entering background_solve
BACKGROUND_SOLVE ENTERED: has_ridder=0 Lambda=0.00e+00
ABOUT TO INTEGRATE: bi_size=6 has_ridder=0 Lambda=0.00e+00
DERIVS_ENTRY: call#=1780000 has_ridder=0 Lambda=0.00e+00 a=3.39e-04
BG_INIT: background_solve OK
INPUT_READ: ridder_freeze_phi = 0 _TRUE_=1 (after class_read_flag)
DEBUG: Ridder field DISABLED. Lambda = 0.000000e+00
INPUT_READ: ridder_freeze_phi = 0 _TRUE_=1 (after class_read_flag)
DEBUG: Ridder field DISABLED. Lambda = 0.000000e+00, model_type not set to unified
BACKGROUND_INIT ENTERED: Lambda=0.00e+00
DEBUG BG_INIT ENTRY: model_type=0
DEBUG AFTER CHECKS: model_type=0 has_ridder=0
RIDDER DEBUG (background_init): has_ridder=0, Lambda_EDE_ridder=0.000000e+00, f_axion_ridder=1.000000e+16, theta_i_ridder=2.500000e+00, beta_ridder=0.000000e+00
BG_INIT: entering background_checks
BG_INIT: background_checks OK
DEBUG SHOOTING CHECK: has_ridder=0, model_type=0 (unified=1), use_shooting_EDE=0
BG_INIT: entering background_solve
BACKGROUND_SOLVE ENTERED: has_ridder=0 Lambda=0.00e+00
ABOUT TO INTEGRATE: bi_size=6 has_ridder=0 Lambda=0.00e+00
BG_INIT: background_solve OK
INPUT_READ: ridder_freeze_phi = 0 _TRUE_=1 (after class_read_flag)
DEBUG: Ridder field DISABLED. Lambda = 0.000000e+00
INPUT_READ: ridder_freeze_phi = 0 _TRUE_=1 (after class_read_flag)
DEBUG: Ridder field DISABLED. Lambda = 0.000000e+00, model_type not set to unified
BACKGROUND_INIT ENTERED: Lambda=0.00e+00
DEBUG BG_INIT ENTRY: model_type=0
DEBUG AFTER CHECKS: model_type=0 has_ridder=0
RIDDER DEBUG (background_init): has_ridder=0, Lambda_EDE_ridder=0.000000e+00, f_axion_ridder=1.000000e+16, theta_i_ridder=2.500000e+00, beta_ridder=0.000000e+00
BG_INIT: entering background_checks
BG_INIT: background_checks OK
DEBUG SHOOTING CHECK: has_ridder=0, model_type=0 (unified=1), use_shooting_EDE=0
BG_INIT: entering background_solve
BACKGROUND_SOLVE ENTERED: has_ridder=0 Lambda=0.00e+00
ABOUT TO INTEGRATE: bi_size=6 has_ridder=0 Lambda=0.00e+00
DERIVS_ENTRY: call#=1785000 has_ridder=0 Lambda=0.00e+00 a=9.13e-10
BG_INIT: background_solve OK
INPUT_READ: ridder_freeze_phi = 0 _TRUE_=1 (after class_read_flag)
DEBUG: Ridder field DISABLED. Lambda = 0.000000e+00
INPUT_READ: ridder_freeze_phi = 0 _TRUE_=1 (after class_read_flag)
DEBUG: Ridder field DISABLED. Lambda = 0.000000e+00, model_type not set to unified
BACKGROUND_INIT ENTERED: Lambda=0.00e+00
DEBUG BG_INIT ENTRY: model_type=0
DEBUG AFTER CHECKS: model_type=0 has_ridder=0
RIDDER DEBUG (background_init): has_ridder=0, Lambda_EDE_ridder=0.000000e+00, f_axion_ridder=1.000000e+16, theta_i_ridder=2.500000e+00, beta_ridder=0.000000e+00
BG_INIT: entering background_checks
BG_INIT: background_checks OK
DEBUG SHOOTING CHECK: has_ridder=0, model_type=0 (unified=1), use_shooting_EDE=0
BG_INIT: entering background_solve
BACKGROUND_SOLVE ENTERED: has_ridder=0 Lambda=0.00e+00
ABOUT TO INTEGRATE: bi_size=6 has_ridder=0 Lambda=0.00e+00
DERIVS_ENTRY: call#=1790000 has_ridder=0 Lambda=0.00e+00 a=4.54e-05
BG_INIT: background_solve OK
INPUT_READ: ridder_freeze_phi = 0 _TRUE_=1 (after class_read_flag)
DEBUG: Ridder field DISABLED. Lambda = 0.000000e+00
INPUT_READ: ridder_freeze_phi = 0 _TRUE_=1 (after class_read_flag)
DEBUG: Ridder field DISABLED. Lambda = 0.000000e+00, model_type not set to unified
BACKGROUND_INIT ENTERED: Lambda=0.00e+00
DEBUG BG_INIT ENTRY: model_type=0
DEBUG AFTER CHECKS: model_type=0 has_ridder=0
RIDDER DEBUG (background_init): has_ridder=0, Lambda_EDE_ridder=0.000000e+00, f_axion_ridder=1.000000e+16, theta_i_ridder=2.500000e+00, beta_ridder=0.000000e+00
BG_INIT: entering background_checks
BG_INIT: background_checks OK
DEBUG SHOOTING CHECK: has_ridder=0, model_type=0 (unified=1), use_shooting_EDE=0
BG_INIT: entering background_solve
BACKGROUND_SOLVE ENTERED: has_ridder=0 Lambda=0.00e+00
ABOUT TO INTEGRATE: bi_size=6 has_ridder=0 Lambda=0.00e+00
BG_INIT: background_solve OK
INPUT_READ: ridder_freeze_phi = 0 _TRUE_=1 (after class_read_flag)
DEBUG: Ridder field DISABLED. Lambda = 0.000000e+00
INPUT_READ: ridder_fr[mcmc] Progress @ 2025-11-27 13:42:49 : 4566 steps taken, and 722 accepted.
[mcmc] Progress @ 2025-11-27 13:43:49 : 4567 steps taken, and 722 accepted.
[mcmc] Progress @ 2025-11-27 13:44:58 : 4573 steps taken, and 723 accepted.
[mcmc] Progress @ 2025-11-27 13:46:01 : 4577 steps taken, and 723 accepted.
eeze_phi = 0 _TRUE_=1 (after class_read_flag)
DEBUG: Ridder field DISABLED. Lambda = 0.000000e+00, model_type not set to unified
BACKGROUND_INIT ENTERED: Lambda=0.00e+00
DEBUG BG_INIT ENTRY: model_type=0
DEBUG AFTER CHECKS: model_type=0 has_ridder=0
RIDDER DEBUG (background_init): has_ridder=0, Lambda_EDE_ridder=0.000000e+00, f_axion_ridder=1.000000e+16, theta_i_ridder=2.500000e+00, beta_ridder=0.000000e+00
BG_INIT: entering background_checks
BG_INIT: background_checks OK
DEBUG SHOOTING CHECK: has_ridder=0, model_type=0 (unified=1), use_shooting_EDE=0
BG_INIT: entering background_solve
BACKGROUND_SOLVE ENTERED: has_ridder=0 Lambda=0.00e+00
ABOUT TO INTEGRATE: bi_size=6 has_ridder=0 Lambda=0.00e+00
DERIVS_ENTRY: call#=1795000 has_ridder=0 Lambda=0.00e+00 a=1.62e-10
BG_INIT: background_solve OK
INPUT_READ: ridder_freeze_phi = 0 _TRUE_=1 (after class_read_flag)
DEBUG: Ridder field DISABLED. Lambda = 0.000000e+00
INPUT_READ: ridder_freeze_phi = 0 _TRUE_=1 (after class_read_flag)
DEBUG: Ridder field DISABLED. Lambda = 0.000000e+00, model_type not set to unified
BACKGROUND_INIT ENTERED: Lambda=0.00e+00
DEBUG BG_INIT ENTRY: model_type=0
DEBUG AFTER CHECKS: model_type=0 has_ridder=0
RIDDER DEBUG (background_init): has_ridder=0, Lambda_EDE_ridder=0.000000e+00, f_axion_ridder=1.000000e+16, theta_i_ridder=2.500000e+00, beta_ridder=0.000000e+00
BG_INIT: entering background_checks
BG_INIT: background_checks OK
DEBUG SHOOTING CHECK: has_ridder=0, model_type=0 (unified=1), use_shooting_EDE=0
BG_INIT: entering background_solve
BACKGROUND_SOLVE ENTERED: has_ridder=0 Lambda=0.00e+00
ABOUT TO INTEGRATE: bi_size=6 has_ridder=0 Lambda=0.00e+00
DERIVS_ENTRY: call#=1800000 has_ridder=0 Lambda=0.00e+00 a=8.50e-06
BG_INIT: background_solve OK
INPUT_READ: ridder_freeze_phi = 0 _TRUE_=1 (after class_read_flag)
DEBUG: Ridder field DISABLED. Lambda = 0.000000e+00
INPUT_READ: ridder_freeze_phi = 0 _TRUE_=1 (after class_read_flag)
DEBUG: Ridder field DISABLED. Lambda = 0.000000e+00, model_type not set to unified
BACKGROUND_INIT ENTERED: Lambda=0.00e+00
DEBUG BG_INIT ENTRY: model_type=0
DEBUG AFTER CHECKS: model_type=0 has_ridder=0
RIDDER DEBUG (background_init): has_ridder=0, Lambda_EDE_ridder=0.000000e+00, f_axion_ridder=1.000000e+16, theta_i_ridder=2.500000e+00, beta_ridder=0.000000e+00
BG_INIT: entering background_checks
BG_INIT: background_checks OK
DEBUG SHOOTING CHECK: has_ridder=0, model_type=0 (unified=1), use_shooting_EDE=0
BG_INIT: entering background_solve
BACKGROUND_SOLVE ENTERED: has_ridder=0 Lambda=0.00e+00
ABOUT TO INTEGRATE: bi_size=6 has_ridder=0 Lambda=0.00e+00
BG_INIT: background_solve OK
INPUT_READ: ridder_freeze_phi = 0 _TRUE_=1 (after class_read_flag)
DEBUG: Ridder field DISABLED. Lambda = 0.000000e+00
INPUT_READ: ridder_freeze_phi = 0 _TRUE_=1 (after class_read_flag)
DEBUG: Ridder field DISABLED. Lambda = 0.000000e+00, model_type not set to unified
BACKGROUND_INIT ENTERED: Lambda=0.00e+00
DEBUG BG_INIT ENTRY: model_type=0
DEBUG AFTER CHECKS: model_type=0 has_ridder=0
RIDDER DEBUG (background_init): has_ridder=0, Lambda_EDE_ridder=0.000000e+00, f_axion_ridder=1.000000e+16, theta_i_ridder=2.500000e+00, beta_ridder=0.000000e+00
BG_INIT: entering background_checks
BG_INIT: background_checks OK
DEBUG SHOOTING CHECK: has_ridder=0, model_type=0 (unified=1), use_shooting_EDE=0
BG_INIT: entering background_solve
BACKGROUND_SOLVE ENTERED: has_ridder=0 Lambda=0.00e+00
ABOUT TO INTEGRATE: bi_size=6 has_ridder=0 Lambda=0.00e+00
DERIVS_ENTRY: call#=1805000 has_ridder=0 Lambda=0.00e+00 a=9.05e-12
BG_INIT: background_solve OK
INPUT_READ: ridder_freeze_phi = 0 _TRUE_=1 (after class_read_flag)
DEBUG: Ridder field DISABLED. Lambda = 0.000000e+00
INPUT_READ: ridder_freeze_phi = 0 _TRUE_=1 (after class_read_flag)
DEBUG: Ridder field DISABLED. Lambda = 0.000000e+00, model_type not set to unified
BACKGROUND_INIT ENTERED: Lambda=0.00e+00
DEBUG BG_INIT ENTRY: model_type=0
DEBUG AFTER CHECKS: model_type=0 has_ridder=0
RIDDER DEBUG (background_init): has_ridder=0, Lambda_EDE_ridder=0.000000e+00, f_axion_ridder=1.000000e+16, theta_i_ridder=2.500000e+00, be[mcmc] Progress @ 2025-11-27 13:47:48 : 4609 steps taken, and 727 accepted.
[mcmc] Progress @ 2025-11-27 13:48:52 : 4613 steps taken, and 728 accepted.
[mcmc] Progress @ 2025-11-27 13:50:01 : 4620 steps taken, and 729 accepted.
[mcmc] Progress @ 2025-11-27 13:51:07 : 4625 steps taken, and 730 accepted.
ta_ridder=0.000000e+00
BG_INIT: entering background_checks
BG_INIT: background_checks OK
DEBUG SHOOTING CHECK: has_ridder=0, model_type=0 (unified=1), use_shooting_EDE=0
BG_INIT: entering background_solve
BACKGROUND_SOLVE ENTERED: has_ridder=0 Lambda=0.00e+00
ABOUT TO INTEGRATE: bi_size=6 has_ridder=0 Lambda=0.00e+00
DERIVS_ENTRY: call#=1810000 has_ridder=0 Lambda=0.00e+00 a=1.24e-06
BG_INIT: background_solve OK
INPUT_READ: ridder_freeze_phi = 0 _TRUE_=1 (after class_read_flag)
DEBUG: Ridder field DISABLED. Lambda = 0.000000e+00
INPUT_READ: ridder_freeze_phi = 0 _TRUE_=1 (after class_read_flag)
DEBUG: Ridder field DISABLED. Lambda = 0.000000e+00, model_type not set to unified
BACKGROUND_INIT ENTERED: Lambda=0.00e+00
DEBUG BG_INIT ENTRY: model_type=0
DEBUG AFTER CHECKS: model_type=0 has_ridder=0
RIDDER DEBUG (background_init): has_ridder=0, Lambda_EDE_ridder=0.000000e+00, f_axion_ridder=1.000000e+16, theta_i_ridder=2.500000e+00, beta_ridder=0.000000e+00
BG_INIT: entering background_checks
BG_INIT: background_checks OK
DEBUG SHOOTING CHECK: has_ridder=0, model_type=0 (unified=1), use_shooting_EDE=0
BG_INIT: entering background_solve
BACKGROUND_SOLVE ENTERED: has_ridder=0 Lambda=0.00e+00
ABOUT TO INTEGRATE: bi_size=6 has_ridder=0 Lambda=0.00e+00
BG_INIT: background_solve OK
INPUT_READ: ridder_freeze_phi = 0 _TRUE_=1 (after class_read_flag)
DEBUG: Ridder field DISABLED. Lambda = 0.000000e+00
INPUT_READ: ridder_freeze_phi = 0 _TRUE_=1 (after class_read_flag)
DEBUG: Ridder field DISABLED. Lambda = 0.000000e+00, model_type not set to unified
BACKGROUND_INIT ENTERED: Lambda=0.00e+00
DEBUG BG_INIT ENTRY: model_type=0
DEBUG AFTER CHECKS: model_type=0 has_ridder=0
RIDDER DEBUG (background_init): has_ridder=0, Lambda_EDE_ridder=0.000000e+00, f_axion_ridder=1.000000e+16, theta_i_ridder=2.500000e+00, beta_ridder=0.000000e+00
BG_INIT: entering background_checks
BG_INIT: background_checks OK
DEBUG SHOOTING CHECK: has_ridder=0, model_type=0 (unified=1), use_shooting_EDE=0
BG_INIT: entering background_solve
BACKGROUND_SOLVE ENTERED: has_ridder=0 Lambda=0.00e+00
ABOUT TO INTEGRATE: bi_size=6 has_ridder=0 Lambda=0.00e+00
DERIVS_ENTRY: call#=1815000 has_ridder=0 Lambda=0.00e+00 a=3.13e-14
BG_INIT: background_solve OK
INPUT_READ: ridder_freeze_phi = 0 _TRUE_=1 (after class_read_flag)
DEBUG: Ridder field DISABLED. Lambda = 0.000000e+00
INPUT_READ: ridder_freeze_phi = 0 _TRUE_=1 (after class_read_flag)
DEBUG: Ridder field DISABLED. Lambda = 0.000000e+00, model_type not set to unified
BACKGROUND_INIT ENTERED: Lambda=0.00e+00
DEBUG BG_INIT ENTRY: model_type=0
DEBUG AFTER CHECKS: model_type=0 has_ridder=0
RIDDER DEBUG (background_init): has_ridder=0, Lambda_EDE_ridder=0.000000e+00, f_axion_ridder=1.000000e+16, theta_i_ridder=2.500000e+00, beta_ridder=0.000000e+00
BG_INIT: entering background_checks
BG_INIT: background_checks OK
DEBUG SHOOTING CHECK: has_ridder=0, model_type=0 (unified=1), use_shooting_EDE=0
BG_INIT: entering background_solve
BACKGROUND_SOLVE ENTERED: has_ridder=0 Lambda=0.00e+00
ABOUT TO INTEGRATE: bi_size=6 has_ridder=0 Lambda=0.00e+00
DERIVS_ENTRY: call#=1820000 has_ridder=0 Lambda=0.00e+00 a=2.59e-07
BG_INIT: background_solve OK
INPUT_READ: ridder_freeze_phi = 0 _TRUE_=1 (after class_read_flag)
DEBUG: Ridder field DISABLED. Lambda = 0.000000e+00
INPUT_READ: ridder_freeze_phi = 0 _TRUE_=1 (after class_read_flag)
DEBUG: Ridder field DISABLED. Lambda = 0.000000e+00, model_type not set to unified
BACKGROUND_INIT ENTERED: Lambda=0.00e+00
DEBUG BG_INIT ENTRY: model_type=0
DEBUG AFTER CHECKS: model_type=0 has_ridder=0
RIDDER DEBUG (background_init): has_ridder=0, Lambda_EDE_ridder=0.000000e+00, f_axion_ridder=1.000000e+16, theta_i_ridder=2.500000e+00, beta_ridder=0.000000e+00
BG_INIT: entering background_checks
BG_INIT: background_checks OK
DEBUG SHOOTING CHECK: has_ridder=0, model_type=0 (unified=1), use_shooting_EDE=0
BG_INIT: entering background_solve
BACKGROUND_SOLVE ENTERED: has_ridder=0 Lambda=0.00e+00
ABOUT TO INTEGRATE: bi_size=6 has_ridder=0 Lambda=0.00e+00
DERIVS_ENTRY: call#=1825000 has_ridder=0 Lambda=0.00e+00 a=3.37e-01
B[mcmc] Progress @ 2025-11-27 13:52:13 : 4630 steps taken, and 730 accepted.
[mcmc] Progress @ 2025-11-27 13:53:21 : 4634 steps taken, and 731 accepted.
[mcmc] Progress @ 2025-11-27 13:54:29 : 4638 steps taken, and 731 accepted.
[mcmc] Progress @ 2025-11-27 13:56:12 : 4657 steps taken, and 734 accepted.
[mcmc] Progress @ 2025-11-27 13:57:29 : 4670 steps taken, and 737 accepted.
G_INIT: background_solve OK
INPUT_READ: ridder_freeze_phi = 0 _TRUE_=1 (after class_read_flag)
DEBUG: Ridder field DISABLED. Lambda = 0.000000e+00
INPUT_READ: ridder_freeze_phi = 0 _TRUE_=1 (after class_read_flag)
DEBUG: Ridder field DISABLED. Lambda = 0.000000e+00, model_type not set to unified
BACKGROUND_INIT ENTERED: Lambda=0.00e+00
DEBUG BG_INIT ENTRY: model_type=0
DEBUG AFTER CHECKS: model_type=0 has_ridder=0
RIDDER DEBUG (background_init): has_ridder=0, Lambda_EDE_ridder=0.000000e+00, f_axion_ridder=1.000000e+16, theta_i_ridder=2.500000e+00, beta_ridder=0.000000e+00
BG_INIT: entering background_checks
BG_INIT: background_checks OK
DEBUG SHOOTING CHECK: has_ridder=0, model_type=0 (unified=1), use_shooting_EDE=0
BG_INIT: entering background_solve
BACKGROUND_SOLVE ENTERED: has_ridder=0 Lambda=0.00e+00
ABOUT TO INTEGRATE: bi_size=6 has_ridder=0 Lambda=0.00e+00
BG_INIT: background_solve OK
INPUT_READ: ridder_freeze_phi = 0 _TRUE_=1 (after class_read_flag)
DEBUG: Ridder field DISABLED. Lambda = 0.000000e+00
INPUT_READ: ridder_freeze_phi = 0 _TRUE_=1 (after class_read_flag)
DEBUG: Ridder field DISABLED. Lambda = 0.000000e+00, model_type not set to unified
BACKGROUND_INIT ENTERED: Lambda=0.00e+00
DEBUG BG_INIT ENTRY: model_type=0
DEBUG AFTER CHECKS: model_type=0 has_ridder=0
RIDDER DEBUG (background_init): has_ridder=0, Lambda_EDE_ridder=0.000000e+00, f_axion_ridder=1.000000e+16, theta_i_ridder=2.500000e+00, beta_ridder=0.000000e+00
BG_INIT: entering background_checks
BG_INIT: background_checks OK
DEBUG SHOOTING CHECK: has_ridder=0, model_type=0 (unified=1), use_shooting_EDE=0
BG_INIT: entering background_solve
BACKGROUND_SOLVE ENTERED: has_ridder=0 Lambda=0.00e+00
ABOUT TO INTEGRATE: bi_size=6 has_ridder=0 Lambda=0.00e+00
DERIVS_ENTRY: call#=1830000 has_ridder=0 Lambda=0.00e+00 a=3.73e-08
BG_INIT: background_solve OK
INPUT_READ: ridder_freeze_phi = 0 _TRUE_=1 (after class_read_flag)
DEBUG: Ridder field DISABLED. Lambda = 0.000000e+00
INPUT_READ: ridder_freeze_phi = 0 _TRUE_=1 (after class_read_flag)
DEBUG: Ridder field DISABLED. Lambda = 0.000000e+00, model_type not set to unified
BACKGROUND_INIT ENTERED: Lambda=0.00e+00
DEBUG BG_INIT ENTRY: model_type=0
DEBUG AFTER CHECKS: model_type=0 has_ridder=0
RIDDER DEBUG (background_init): has_ridder=0, Lambda_EDE_ridder=0.000000e+00, f_axion_ridder=1.000000e+16, theta_i_ridder=2.500000e+00, beta_ridder=0.000000e+00
BG_INIT: entering background_checks
BG_INIT: background_checks OK
DEBUG SHOOTING CHECK: has_ridder=0, model_type=0 (unified=1), use_shooting_EDE=0
BG_INIT: entering background_solve
BACKGROUND_SOLVE ENTERED: has_ridder=0 Lambda=0.00e+00
ABOUT TO INTEGRATE: bi_size=6 has_ridder=0 Lambda=0.00e+00
DERIVS_ENTRY: call#=1835000 has_ridder=0 Lambda=0.00e+00 a=1.76e-02
BG_INIT: background_solve OK
INPUT_READ: ridder_freeze_phi = 0 _TRUE_=1 (after class_read_flag)
DEBUG: Ridder field DISABLED. Lambda = 0.000000e+00
INPUT_READ: ridder_freeze_phi = 0 _TRUE_=1 (after class_read_flag)
DEBUG: Ridder field DISABLED. Lambda = 0.000000e+00, model_type not set to unified
BACKGROUND_INIT ENTERED: Lambda=0.00e+00
DEBUG BG_INIT ENTRY: model_type=0
DEBUG AFTER CHECKS: model_type=0 has_ridder=0
RIDDER DEBUG (background_init): has_ridder=0, Lambda_EDE_ridder=0.000000e+00, f_axion_ridder=1.000000e+16, theta_i_ridder=2.500000e+00, beta_ridder=0.000000e+00
BG_INIT: entering background_checks
BG_INIT: background_checks OK
DEBUG SHOOTING CHECK: has_ridder=0, model_type=0 (unified=1), use_shooting_EDE=0
BG_INIT: entering background_solve
BACKGROUND_SOLVE ENTERED: has_ridder=0 Lambda=0.00e+00
ABOUT TO INTEGRATE: bi_size=6 has_ridder=0 Lambda=0.00e+00
BG_INIT: background_solve OK
INPUT_READ: ridder_freeze_phi = 0 _TRUE_=1 (after class_read_flag)
DEBUG: Ridder field DISABLED. Lambda = 0.000000e+00
INPUT_READ: ridder_freeze_phi = 0 _TRUE_=1 (after class_read_flag)
DEBUG: Ridder field DISABLED. Lambda = 0.000000e+00, model_type not set to unified
BACKGROUND_INIT ENTERED: Lambda=0.00e+00
DEBUG BG_INIT ENTRY: model_type=0
DEBUG AFTER CHECKS: model_type=0 has_ridder=0
RIDDER DEBUG (background_init): has_ri[mcmc] Progress @ 2025-11-27 13:58:38 : 4680 steps taken, and 738 accepted.
[mcmc] Progress @ 2025-11-27 14:00:32 : 4708 steps taken, and 740 accepted.
[mcmc] Progress @ 2025-11-27 14:01:34 : 4710 steps taken, and 741 accepted.
[mcmc] Progress @ 2025-11-27 14:02:55 : 4718 steps taken, and 742 accepted.
dder=0, Lambda_EDE_ridder=0.000000e+00, f_axion_ridder=1.000000e+16, theta_i_ridder=2.500000e+00, beta_ridder=0.000000e+00
BG_INIT: entering background_checks
BG_INIT: background_checks OK
DEBUG SHOOTING CHECK: has_ridder=0, model_type=0 (unified=1), use_shooting_EDE=0
BG_INIT: entering background_solve
BACKGROUND_SOLVE ENTERED: has_ridder=0 Lambda=0.00e+00
ABOUT TO INTEGRATE: bi_size=6 has_ridder=0 Lambda=0.00e+00
DERIVS_ENTRY: call#=1840000 has_ridder=0 Lambda=0.00e+00 a=5.53e-09
BG_INIT: background_solve OK
INPUT_READ: ridder_freeze_phi = 0 _TRUE_=1 (after class_read_flag)
DEBUG: Ridder field DISABLED. Lambda = 0.000000e+00
INPUT_READ: ridder_freeze_phi = 0 _TRUE_=1 (after class_read_flag)
DEBUG: Ridder field DISABLED. Lambda = 0.000000e+00, model_type not set to unified
BACKGROUND_INIT ENTERED: Lambda=0.00e+00
DEBUG BG_INIT ENTRY: model_type=0
DEBUG AFTER CHECKS: model_type=0 has_ridder=0
RIDDER DEBUG (background_init): has_ridder=0, Lambda_EDE_ridder=0.000000e+00, f_axion_ridder=1.000000e+16, theta_i_ridder=2.500000e+00, beta_ridder=0.000000e+00
BG_INIT: entering background_checks
BG_INIT: background_checks OK
DEBUG SHOOTING CHECK: has_ridder=0, model_type=0 (unified=1), use_shooting_EDE=0
BG_INIT: entering background_solve
BACKGROUND_SOLVE ENTERED: has_ridder=0 Lambda=0.00e+00
ABOUT TO INTEGRATE: bi_size=6 has_ridder=0 Lambda=0.00e+00
DERIVS_ENTRY: call#=1845000 has_ridder=0 Lambda=0.00e+00 a=4.01e-04
BG_INIT: background_solve OK
INPUT_READ: ridder_freeze_phi = 0 _TRUE_=1 (after class_read_flag)
DEBUG: Ridder field DISABLED. Lambda = 0.000000e+00
INPUT_READ: ridder_freeze_phi = 0 _TRUE_=1 (after class_read_flag)
DEBUG: Ridder field DISABLED. Lambda = 0.000000e+00, model_type not set to unified
BACKGROUND_INIT ENTERED: Lambda=0.00e+00
DEBUG BG_INIT ENTRY: model_type=0
DEBUG AFTER CHECKS: model_type=0 has_ridder=0
RIDDER DEBUG (background_init): has_ridder=0, Lambda_EDE_ridder=0.000000e+00, f_axion_ridder=1.000000e+16, theta_i_ridder=2.500000e+00, beta_ridder=0.000000e+00
BG_INIT: entering background_checks
BG_INIT: background_checks OK
DEBUG SHOOTING CHECK: has_ridder=0, model_type=0 (unified=1), use_shooting_EDE=0
BG_INIT: entering background_solve
BACKGROUND_SOLVE ENTERED: has_ridder=0 Lambda=0.00e+00
ABOUT TO INTEGRATE: bi_size=6 has_ridder=0 Lambda=0.00e+00
BG_INIT: background_solve OK
INPUT_READ: ridder_freeze_phi = 0 _TRUE_=1 (after class_read_flag)
DEBUG: Ridder field DISABLED. Lambda = 0.000000e+00
INPUT_READ: ridder_freeze_phi = 0 _TRUE_=1 (after class_read_flag)
DEBUG: Ridder field DISABLED. Lambda = 0.000000e+00, model_type not set to unified
BACKGROUND_INIT ENTERED: Lambda=0.00e+00
DEBUG BG_INIT ENTRY: model_type=0
DEBUG AFTER CHECKS: model_type=0 has_ridder=0
RIDDER DEBUG (background_init): has_ridder=0, Lambda_EDE_ridder=0.000000e+00, f_axion_ridder=1.000000e+16, theta_i_ridder=2.500000e+00, beta_ridder=0.000000e+00
BG_INIT: entering background_checks
BG_INIT: background_checks OK
DEBUG SHOOTING CHECK: has_ridder=0, model_type=0 (unified=1), use_shooting_EDE=0
BG_INIT: entering background_solve
BACKGROUND_SOLVE ENTERED: has_ridder=0 Lambda=0.00e+00
ABOUT TO INTEGRATE: bi_size=6 has_ridder=0 Lambda=0.00e+00
DERIVS_ENTRY: call#=1850000 has_ridder=0 Lambda=0.00e+00 a=7.53e-10
BG_INIT: background_solve OK
INPUT_READ: ridder_freeze_phi = 0 _TRUE_=1 (after class_read_flag)
DEBUG: Ridder field DISABLED. Lambda = 0.000000e+00
INPUT_READ: ridder_freeze_phi = 0 _TRUE_=1 (after class_read_flag)
DEBUG: Ridder field DISABLED. Lambda = 0.000000e+00, model_type not set to unified
BACKGROUND_INIT ENTERED: Lambda=0.00e+00
DEBUG BG_INIT ENTRY: model_type=0
DEBUG AFTER CHECKS: model_type=0 has_ridder=0
RIDDER DEBUG (background_init): has_ridder=0, Lambda_EDE_ridder=0.000000e+00, f_axion_ridder=1.000000e+16, theta_i_ridder=2.500000e+00, beta_ridder=0.000000e+00
BG_INIT: entering background_checks
BG_INIT: background_checks OK
DEBUG SHOOTING CHECK: has_ridder=0, model_type=0 (unified=1), use_shooting_EDE=0
BG_INIT: entering background_solve
BACKGROUND_SOLVE ENTERED: has_ridder=0 Lambda=0.00e+00
ABOUT TO INTEGRATE: bi_size=[mcmc] Progress @ 2025-11-27 14:03:56 : 4720 steps taken, and 742 accepted.
[mcmc] Progress @ 2025-11-27 14:05:31 : 4742 steps taken, and 748 accepted.
[mcmc] Progress @ 2025-11-27 14:06:32 : 4743 steps taken, and 749 accepted.
[mcmc] Progress @ 2025-11-27 14:07:43 : 4753 steps taken, and 749 accepted.
[mcmc] Progress @ 2025-11-27 14:08:45 : 4757 steps taken, and 750 accepted.
6 has_ridder=0 Lambda=0.00e+00
DERIVS_ENTRY: call#=1855000 has_ridder=0 Lambda=0.00e+00 a=3.85e-05
BG_INIT: background_solve OK
INPUT_READ: ridder_freeze_phi = 0 _TRUE_=1 (after class_read_flag)
DEBUG: Ridder field DISABLED. Lambda = 0.000000e+00
INPUT_READ: ridder_freeze_phi = 0 _TRUE_=1 (after class_read_flag)
DEBUG: Ridder field DISABLED. Lambda = 0.000000e+00, model_type not set to unified
BACKGROUND_INIT ENTERED: Lambda=0.00e+00
DEBUG BG_INIT ENTRY: model_type=0
DEBUG AFTER CHECKS: model_type=0 has_ridder=0
RIDDER DEBUG (background_init): has_ridder=0, Lambda_EDE_ridder=0.000000e+00, f_axion_ridder=1.000000e+16, theta_i_ridder=2.500000e+00, beta_ridder=0.000000e+00
BG_INIT: entering background_checks
BG_INIT: background_checks OK
DEBUG SHOOTING CHECK: has_ridder=0, model_type=0 (unified=1), use_shooting_EDE=0
BG_INIT: entering background_solve
BACKGROUND_SOLVE ENTERED: has_ridder=0 Lambda=0.00e+00
ABOUT TO INTEGRATE: bi_size=6 has_ridder=0 Lambda=0.00e+00
BG_INIT: background_solve OK
INPUT_READ: ridder_freeze_phi = 0 _TRUE_=1 (after class_read_flag)
DEBUG: Ridder field DISABLED. Lambda = 0.000000e+00
INPUT_READ: ridder_freeze_phi = 0 _TRUE_=1 (after class_read_flag)
DEBUG: Ridder field DISABLED. Lambda = 0.000000e+00, model_type not set to unified
BACKGROUND_INIT ENTERED: Lambda=0.00e+00
DEBUG BG_INIT ENTRY: model_type=0
DEBUG AFTER CHECKS: model_type=0 has_ridder=0
RIDDER DEBUG (background_init): has_ridder=0, Lambda_EDE_ridder=0.000000e+00, f_axion_ridder=1.000000e+16, theta_i_ridder=2.500000e+00, beta_ridder=0.000000e+00
BG_INIT: entering background_checks
BG_INIT: background_checks OK
DEBUG SHOOTING CHECK: has_ridder=0, model_type=0 (unified=1), use_shooting_EDE=0
BG_INIT: entering background_solve
BACKGROUND_SOLVE ENTERED: has_ridder=0 Lambda=0.00e+00
ABOUT TO INTEGRATE: bi_size=6 has_ridder=0 Lambda=0.00e+00
DERIVS_ENTRY: call#=1860000 has_ridder=0 Lambda=0.00e+00 a=1.13e-10
BG_INIT: background_solve OK
INPUT_READ: ridder_freeze_phi = 0 _TRUE_=1 (after class_read_flag)
DEBUG: Ridder field DISABLED. Lambda = 0.000000e+00
INPUT_READ: ridder_freeze_phi = 0 _TRUE_=1 (after class_read_flag)
DEBUG: Ridder field DISABLED. Lambda = 0.000000e+00, model_type not set to unified
BACKGROUND_INIT ENTERED: Lambda=0.00e+00
DEBUG BG_INIT ENTRY: model_type=0
DEBUG AFTER CHECKS: model_type=0 has_ridder=0
RIDDER DEBUG (background_init): has_ridder=0, Lambda_EDE_ridder=0.000000e+00, f_axion_ridder=1.000000e+16, theta_i_ridder=2.500000e+00, beta_ridder=0.000000e+00
BG_INIT: entering background_checks
BG_INIT: background_checks OK
DEBUG SHOOTING CHECK: has_ridder=0, model_type=0 (unified=1), use_shooting_EDE=0
BG_INIT: entering background_solve
BACKGROUND_SOLVE ENTERED: has_ridder=0 Lambda=0.00e+00
ABOUT TO INTEGRATE: bi_size=6 has_ridder=0 Lambda=0.00e+00
DERIVS_ENTRY: call#=1865000 has_ridder=0 Lambda=0.00e+00 a=5.63e-06
BG_INIT: background_solve OK
INPUT_READ: ridder_freeze_phi = 0 _TRUE_=1 (after class_read_flag)
DEBUG: Ridder field DISABLED. Lambda = 0.000000e+00
INPUT_READ: ridder_freeze_phi = 0 _TRUE_=1 (after class_read_flag)
DEBUG: Ridder field DISABLED. Lambda = 0.000000e+00, model_type not set to unified
BACKGROUND_INIT ENTERED: Lambda=0.00e+00
DEBUG BG_INIT ENTRY: model_type=0
DEBUG AFTER CHECKS: model_type=0 has_ridder=0
RIDDER DEBUG (background_init): has_ridder=0, Lambda_EDE_ridder=0.000000e+00, f_axion_ridder=1.000000e+16, theta_i_ridder=2.500000e+00, beta_ridder=0.000000e+00
BG_INIT: entering background_checks
BG_INIT: background_checks OK
DEBUG SHOOTING CHECK: has_ridder=0, model_type=0 (unified=1), use_shooting_EDE=0
BG_INIT: entering background_solve
BACKGROUND_SOLVE ENTERED: has_ridder=0 Lambda=0.00e+00
ABOUT TO INTEGRATE: bi_size=6 has_ridder=0 Lambda=0.00e+00
BG_INIT: background_solve OK
INPUT_READ: ridder_freeze_phi = 0 _TRUE_=1 (after class_read_flag)
DEBUG: Ridder field DISABLED. Lambda = 0.000000e+00
INPUT_READ: ridder_freeze_phi = 0 _TRUE_=1 (after class_read_flag)
DEBUG: Ridder field DISABLED. Lambda = 0.000000e+00, model_type not set to unified
BACKGROUND_INIT ENTERED: Lambda=0.00e+00
DEBUG BG_INIT ENTR[mcmc] Progress @ 2025-11-27 14:09:50 : 4764 steps taken, and 751 accepted.
[mcmc] Progress @ 2025-11-27 14:11:07 : 4776 steps taken, and 753 accepted.
[mcmc] Progress @ 2025-11-27 14:12:11 : 4781 steps taken, and 754 accepted.
[mcmc] Progress @ 2025-11-27 14:13:15 : 4785 steps taken, and 754 accepted.
Y: model_type=0
DEBUG AFTER CHECKS: model_type=0 has_ridder=0
RIDDER DEBUG (background_init): has_ridder=0, Lambda_EDE_ridder=0.000000e+00, f_axion_ridder=1.000000e+16, theta_i_ridder=2.500000e+00, beta_ridder=0.000000e+00
BG_INIT: entering background_checks
BG_INIT: background_checks OK
DEBUG SHOOTING CHECK: has_ridder=0, model_type=0 (unified=1), use_shooting_EDE=0
BG_INIT: entering background_solve
BACKGROUND_SOLVE ENTERED: has_ridder=0 Lambda=0.00e+00
ABOUT TO INTEGRATE: bi_size=6 has_ridder=0 Lambda=0.00e+00
DERIVS_ENTRY: call#=1870000 has_ridder=0 Lambda=0.00e+00 a=3.55e-12
BG_INIT: background_solve OK
INPUT_READ: ridder_freeze_phi = 0 _TRUE_=1 (after class_read_flag)
DEBUG: Ridder field DISABLED. Lambda = 0.000000e+00
INPUT_READ: ridder_freeze_phi = 0 _TRUE_=1 (after class_read_flag)
DEBUG: Ridder field DISABLED. Lambda = 0.000000e+00, model_type not set to unified
BACKGROUND_INIT ENTERED: Lambda=0.00e+00
DEBUG BG_INIT ENTRY: model_type=0
DEBUG AFTER CHECKS: model_type=0 has_ridder=0
RIDDER DEBUG (background_init): has_ridder=0, Lambda_EDE_ridder=0.000000e+00, f_axion_ridder=1.000000e+16, theta_i_ridder=2.500000e+00, beta_ridder=0.000000e+00
BG_INIT: entering background_checks
BG_INIT: background_checks OK
DEBUG SHOOTING CHECK: has_ridder=0, model_type=0 (unified=1), use_shooting_EDE=0
BG_INIT: entering background_solve
BACKGROUND_SOLVE ENTERED: has_ridder=0 Lambda=0.00e+00
ABOUT TO INTEGRATE: bi_size=6 has_ridder=0 Lambda=0.00e+00
DERIVS_ENTRY: call#=1875000 has_ridder=0 Lambda=0.00e+00 a=9.30e-07
BG_INIT: background_solve OK
INPUT_READ: ridder_freeze_phi = 0 _TRUE_=1 (after class_read_flag)
DEBUG: Ridder field DISABLED. Lambda = 0.000000e+00
INPUT_READ: ridder_freeze_phi = 0 _TRUE_=1 (after class_read_flag)
DEBUG: Ridder field DISABLED. Lambda = 0.000000e+00, model_type not set to unified
BACKGROUND_INIT ENTERED: Lambda=0.00e+00
DEBUG BG_INIT ENTRY: model_type=0
DEBUG AFTER CHECKS: model_type=0 has_ridder=0
RIDDER DEBUG (background_init): has_ridder=0, Lambda_EDE_ridder=0.000000e+00, f_axion_ridder=1.000000e+16, theta_i_ridder=2.500000e+00, beta_ridder=0.000000e+00
BG_INIT: entering background_checks
BG_INIT: background_checks OK
DEBUG SHOOTING CHECK: has_ridder=0, model_type=0 (unified=1), use_shooting_EDE=0
BG_INIT: entering background_solve
BACKGROUND_SOLVE ENTERED: has_ridder=0 Lambda=0.00e+00
ABOUT TO INTEGRATE: bi_size=6 has_ridder=0 Lambda=0.00e+00
BG_INIT: background_solve OK
INPUT_READ: ridder_freeze_phi = 0 _TRUE_=1 (after class_read_flag)
DEBUG: Ridder field DISABLED. Lambda = 0.000000e+00
INPUT_READ: ridder_freeze_phi = 0 _TRUE_=1 (after class_read_flag)
DEBUG: Ridder field DISABLED. Lambda = 0.000000e+00, model_type not set to unified
BACKGROUND_INIT ENTERED: Lambda=0.00e+00
DEBUG BG_INIT ENTRY: model_type=0
DEBUG AFTER CHECKS: model_type=0 has_ridder=0
RIDDER DEBUG (background_init): has_ridder=0, Lambda_EDE_ridder=0.000000e+00, f_axion_ridder=1.000000e+16, theta_i_ridder=2.500000e+00, beta_ridder=0.000000e+00
BG_INIT: entering background_checks
BG_INIT: background_checks OK
DEBUG SHOOTING CHECK: has_ridder=0, model_type=0 (unified=1), use_shooting_EDE=0
BG_INIT: entering background_solve
BACKGROUND_SOLVE ENTERED: has_ridder=0 Lambda=0.00e+00
ABOUT TO INTEGRATE: bi_size=6 has_ridder=0 Lambda=0.00e+00
DERIVS_ENTRY: call#=1880000 has_ridder=0 Lambda=0.00e+00 a=1.00e-14
BG_INIT: background_solve OK
INPUT_READ: ridder_freeze_phi = 0 _TRUE_=1 (after class_read_flag)
DEBUG: Ridder field DISABLED. Lambda = 0.000000e+00
INPUT_READ: ridder_freeze_phi = 0 _TRUE_=1 (after class_read_flag)
DEBUG: Ridder field DISABLED. Lambda = 0.000000e+00, model_type not set to unified
BACKGROUND_INIT ENTERED: Lambda=0.00e+00
DEBUG BG_INIT ENTRY: model_type=0
DEBUG AFTER CHECKS: model_type=0 has_ridder=0
RIDDER DEBUG (background_init): has_ridder=0, Lambda_EDE_ridder=0.000000e+00, f_axion_ridder=1.000000e+16, theta_i_ridder=2.500000e+00, beta_ridder=0.000000e+00
BG_INIT: entering background_checks
BG_INIT: background_checks OK
DEBUG SHOOTING CHECK: has_ridder=0, model_type=0 (unified=1), use_shooting_EDE=0
BG_INIT: entering [mcmc] Progress @ 2025-11-27 14:14:25 : 4796 steps taken, and 757 accepted.
[mcmc] Progress @ 2025-11-27 14:15:40 : 4807 steps taken, and 760 accepted.
[mcmc] Progress @ 2025-11-27 14:16:52 : 4817 steps taken, and 762 accepted.
[mcmc] Progress @ 2025-11-27 14:17:53 : 4821 steps taken, and 763 accepted.
[mcmc] Progress @ 2025-11-27 14:19:09 : 4841 steps taken, and 765 accepted.
background_solve
BACKGROUND_SOLVE ENTERED: has_ridder=0 Lambda=0.00e+00
ABOUT TO INTEGRATE: bi_size=6 has_ridder=0 Lambda=0.00e+00
DERIVS_ENTRY: call#=1885000 has_ridder=0 Lambda=0.00e+00 a=1.86e-07
BG_INIT: background_solve OK
INPUT_READ: ridder_freeze_phi = 0 _TRUE_=1 (after class_read_flag)
DEBUG: Ridder field DISABLED. Lambda = 0.000000e+00
INPUT_READ: ridder_freeze_phi = 0 _TRUE_=1 (after class_read_flag)
DEBUG: Ridder field DISABLED. Lambda = 0.000000e+00, model_type not set to unified
BACKGROUND_INIT ENTERED: Lambda=0.00e+00
DEBUG BG_INIT ENTRY: model_type=0
DEBUG AFTER CHECKS: model_type=0 has_ridder=0
RIDDER DEBUG (background_init): has_ridder=0, Lambda_EDE_ridder=0.000000e+00, f_axion_ridder=1.000000e+16, theta_i_ridder=2.500000e+00, beta_ridder=0.000000e+00
BG_INIT: entering background_checks
BG_INIT: background_checks OK
DEBUG SHOOTING CHECK: has_ridder=0, model_type=0 (unified=1), use_shooting_EDE=0
BG_INIT: entering background_solve
BACKGROUND_SOLVE ENTERED: has_ridder=0 Lambda=0.00e+00
ABOUT TO INTEGRATE: bi_size=6 has_ridder=0 Lambda=0.00e+00
DERIVS_ENTRY: call#=1890000 has_ridder=0 Lambda=0.00e+00 a=2.45e-01
BG_INIT: background_solve OK
INPUT_READ: ridder_freeze_phi = 0 _TRUE_=1 (after class_read_flag)
DEBUG: Ridder field DISABLED. Lambda = 0.000000e+00
INPUT_READ: ridder_freeze_phi = 0 _TRUE_=1 (after class_read_flag)
DEBUG: Ridder field DISABLED. Lambda = 0.000000e+00, model_type not set to unified
BACKGROUND_INIT ENTERED: Lambda=0.00e+00
DEBUG BG_INIT ENTRY: model_type=0
DEBUG AFTER CHECKS: model_type=0 has_ridder=0
RIDDER DEBUG (background_init): has_ridder=0, Lambda_EDE_ridder=0.000000e+00, f_axion_ridder=1.000000e+16, theta_i_ridder=2.500000e+00, beta_ridder=0.000000e+00
BG_INIT: entering background_checks
BG_INIT: background_checks OK
DEBUG SHOOTING CHECK: has_ridder=0, model_type=0 (unified=1), use_shooting_EDE=0
BG_INIT: entering background_solve
BACKGROUND_SOLVE ENTERED: has_ridder=0 Lambda=0.00e+00
ABOUT TO INTEGRATE: bi_size=6 has_ridder=0 Lambda=0.00e+00
BG_INIT: background_solve OK
INPUT_READ: ridder_freeze_phi = 0 _TRUE_=1 (after class_read_flag)
DEBUG: Ridder field DISABLED. Lambda = 0.000000e+00
INPUT_READ: ridder_freeze_phi = 0 _TRUE_=1 (after class_read_flag)
DEBUG: Ridder field DISABLED. Lambda = 0.000000e+00, model_type not set to unified
BACKGROUND_INIT ENTERED: Lambda=0.00e+00
DEBUG BG_INIT ENTRY: model_type=0
DEBUG AFTER CHECKS: model_type=0 has_ridder=0
RIDDER DEBUG (background_init): has_ridder=0, Lambda_EDE_ridder=0.000000e+00, f_axion_ridder=1.000000e+16, theta_i_ridder=2.500000e+00, beta_ridder=0.000000e+00
BG_INIT: entering background_checks
BG_INIT: background_checks OK
DEBUG SHOOTING CHECK: has_ridder=0, model_type=0 (unified=1), use_shooting_EDE=0
BG_INIT: entering background_solve
BACKGROUND_SOLVE ENTERED: has_ridder=0 Lambda=0.00e+00
ABOUT TO INTEGRATE: bi_size=6 has_ridder=0 Lambda=0.00e+00
DERIVS_ENTRY: call#=1895000 has_ridder=0 Lambda=0.00e+00 a=3.16e-08
BG_INIT: background_solve OK
INPUT_READ: ridder_freeze_phi = 0 _TRUE_=1 (after class_read_flag)
DEBUG: Ridder field DISABLED. Lambda = 0.000000e+00
INPUT_READ: ridder_freeze_phi = 0 _TRUE_=1 (after class_read_flag)
DEBUG: Ridder field DISABLED. Lambda = 0.000000e+00, model_type not set to unified
BACKGROUND_INIT ENTERED: Lambda=0.00e+00
DEBUG BG_INIT ENTRY: model_type=0
DEBUG AFTER CHECKS: model_type=0 has_ridder=0
RIDDER DEBUG (background_init): has_ridder=0, Lambda_EDE_ridder=0.000000e+00, f_axion_ridder=1.000000e+16, theta_i_ridder=2.500000e+00, beta_ridder=0.000000e+00
BG_INIT: entering background_checks
BG_INIT: background_checks OK
DEBUG SHOOTING CHECK: has_ridder=0, model_type=0 (unified=1), use_shooting_EDE=0
BG_INIT: entering background_solve
BACKGROUND_SOLVE ENTERED: has_ridder=0 Lambda=0.00e+00
ABOUT TO INTEGRATE: bi_size=6 has_ridder=0 Lambda=0.00e+00
DERIVS_ENTRY: call#=1900000 has_ridder=0 Lambda=0.00e+00 a=1.29e-02
BG_INIT: background_solve OK
INPUT_READ: ridder_freeze_phi = 0 _TRUE_=1 (after class_read_flag)
DEBUG: Ridder field DISABLED. Lambda = 0.000000e+00
INPUT_READ: ridder_freeze_phi = 0 _TRUE_=[mcmc] Progress @ 2025-11-27 14:20:30 : 4856 steps taken, and 768 accepted.
[mcmc] Progress @ 2025-11-27 14:21:35 : 4859 steps taken, and 770 accepted.
[mcmc] Progress @ 2025-11-27 14:22:42 : 4864 steps taken, and 772 accepted.
[mcmc] Progress @ 2025-11-27 14:23:56 : 4876 steps taken, and 773 accepted.
1 (after class_read_flag)
DEBUG: Ridder field DISABLED. Lambda = 0.000000e+00, model_type not set to unified
BACKGROUND_INIT ENTERED: Lambda=0.00e+00
DEBUG BG_INIT ENTRY: model_type=0
DEBUG AFTER CHECKS: model_type=0 has_ridder=0
RIDDER DEBUG (background_init): has_ridder=0, Lambda_EDE_ridder=0.000000e+00, f_axion_ridder=1.000000e+16, theta_i_ridder=2.500000e+00, beta_ridder=0.000000e+00
BG_INIT: entering background_checks
BG_INIT: background_checks OK
DEBUG SHOOTING CHECK: has_ridder=0, model_type=0 (unified=1), use_shooting_EDE=0
BG_INIT: entering background_solve
BACKGROUND_SOLVE ENTERED: has_ridder=0 Lambda=0.00e+00
ABOUT TO INTEGRATE: bi_size=6 has_ridder=0 Lambda=0.00e+00
BG_INIT: background_solve OK
INPUT_READ: ridder_freeze_phi = 0 _TRUE_=1 (after class_read_flag)
DEBUG: Ridder field DISABLED. Lambda = 0.000000e+00
INPUT_READ: ridder_freeze_phi = 0 _TRUE_=1 (after class_read_flag)
DEBUG: Ridder field DISABLED. Lambda = 0.000000e+00, model_type not set to unified
BACKGROUND_INIT ENTERED: Lambda=0.00e+00
DEBUG BG_INIT ENTRY: model_type=0
DEBUG AFTER CHECKS: model_type=0 has_ridder=0
RIDDER DEBUG (background_init): has_ridder=0, Lambda_EDE_ridder=0.000000e+00, f_axion_ridder=1.000000e+16, theta_i_ridder=2.500000e+00, beta_ridder=0.000000e+00
BG_INIT: entering background_checks
BG_INIT: background_checks OK
DEBUG SHOOTING CHECK: has_ridder=0, model_type=0 (unified=1), use_shooting_EDE=0
BG_INIT: entering background_solve
BACKGROUND_SOLVE ENTERED: has_ridder=0 Lambda=0.00e+00
ABOUT TO INTEGRATE: bi_size=6 has_ridder=0 Lambda=0.00e+00
DERIVS_ENTRY: call#=1905000 has_ridder=0 Lambda=0.00e+00 a=4.37e-09
BG_INIT: background_solve OK
INPUT_READ: ridder_freeze_phi = 0 _TRUE_=1 (after class_read_flag)
DEBUG: Ridder field DISABLED. Lambda = 0.000000e+00
INPUT_READ: ridder_freeze_phi = 0 _TRUE_=1 (after class_read_flag)
DEBUG: Ridder field DISABLED. Lambda = 0.000000e+00, model_type not set to unified
BACKGROUND_INIT ENTERED: Lambda=0.00e+00
DEBUG BG_INIT ENTRY: model_type=0
DEBUG AFTER CHECKS: model_type=0 has_ridder=0
RIDDER DEBUG (background_init): has_ridder=0, Lambda_EDE_ridder=0.000000e+00, f_axion_ridder=1.000000e+16, theta_i_ridder=2.500000e+00, beta_ridder=0.000000e+00
BG_INIT: entering background_checks
BG_INIT: background_checks OK
DEBUG SHOOTING CHECK: has_ridder=0, model_type=0 (unified=1), use_shooting_EDE=0
BG_INIT: entering background_solve
BACKGROUND_SOLVE ENTERED: has_ridder=0 Lambda=0.00e+00
ABOUT TO INTEGRATE: bi_size=6 has_ridder=0 Lambda=0.00e+00
DERIVS_ENTRY: call#=1910000 has_ridder=0 Lambda=0.00e+00 a=2.31e-04
BG_INIT: background_solve OK
INPUT_READ: ridder_freeze_phi = 0 _TRUE_=1 (after class_read_flag)
DEBUG: Ridder field DISABLED. Lambda = 0.000000e+00
INPUT_READ: ridder_freeze_phi = 0 _TRUE_=1 (after class_read_flag)
DEBUG: Ridder field DISABLED. Lambda = 0.000000e+00, model_type not set to unified
BACKGROUND_INIT ENTERED: Lambda=0.00e+00
DEBUG BG_INIT ENTRY: model_type=0
DEBUG AFTER CHECKS: model_type=0 has_ridder=0
RIDDER DEBUG (background_init): has_ridder=0, Lambda_EDE_ridder=0.000000e+00, f_axion_ridder=1.000000e+16, theta_i_ridder=2.500000e+00, beta_ridder=0.000000e+00
BG_INIT: entering background_checks
BG_INIT: background_checks OK
DEBUG SHOOTING CHECK: has_ridder=0, model_type=0 (unified=1), use_shooting_EDE=0
BG_INIT: entering background_solve
BACKGROUND_SOLVE ENTERED: has_ridder=0 Lambda=0.00e+00
ABOUT TO INTEGRATE: bi_size=6 has_ridder=0 Lambda=0.00e+00
BG_INIT: background_solve OK
INPUT_READ: ridder_freeze_phi = 0 _TRUE_=1 (after class_read_flag)
DEBUG: Ridder field DISABLED. Lambda = 0.000000e+00
INPUT_READ: ridder_freeze_phi = 0 _TRUE_=1 (after class_read_flag)
DEBUG: Ridder field DISABLED. Lambda = 0.000000e+00, model_type not set to unified
BACKGROUND_INIT ENTERED: Lambda=0.00e+00
DEBUG BG_INIT ENTRY: model_type=0
DEBUG AFTER CHECKS: model_type=0 has_ridder=0
RIDDER DEBUG (background_init): has_ridder=0, Lambda_EDE_ridder=0.000000e+00, f_axion_ridder=1.000000e+16, theta_i_ridder=2.500000e+00, beta_ridder=0.000000e+00
BG_INIT: entering background_checks
BG_INIT: background_checks OK[mcmc] Progress @ 2025-11-27 14:25:55 : 4881 steps taken, and 773 accepted.
[mcmc] Progress @ 2025-11-27 14:26:57 : 4885 steps taken, and 774 accepted.
[mcmc] Progress @ 2025-11-27 14:28:23 : 4903 steps taken, and 777 accepted.
[mcmc] Progress @ 2025-11-27 14:29:39 : 4912 steps taken, and 779 accepted.

DEBUG SHOOTING CHECK: has_ridder=0, model_type=0 (unified=1), use_shooting_EDE=0
BG_INIT: entering background_solve
BACKGROUND_SOLVE ENTERED: has_ridder=0 Lambda=0.00e+00
ABOUT TO INTEGRATE: bi_size=6 has_ridder=0 Lambda=0.00e+00
DERIVS_ENTRY: call#=1915000 has_ridder=0 Lambda=0.00e+00 a=6.75e-10
BG_INIT: background_solve OK
INPUT_READ: ridder_freeze_phi = 0 _TRUE_=1 (after class_read_flag)
DEBUG: Ridder field DISABLED. Lambda = 0.000000e+00
INPUT_READ: ridder_freeze_phi = 0 _TRUE_=1 (after class_read_flag)
DEBUG: Ridder field DISABLED. Lambda = 0.000000e+00, model_type not set to unified
BACKGROUND_INIT ENTERED: Lambda=0.00e+00
DEBUG BG_INIT ENTRY: model_type=0
DEBUG AFTER CHECKS: model_type=0 has_ridder=0
RIDDER DEBUG (background_init): has_ridder=0, Lambda_EDE_ridder=0.000000e+00, f_axion_ridder=1.000000e+16, theta_i_ridder=2.500000e+00, beta_ridder=0.000000e+00
BG_INIT: entering background_checks
BG_INIT: background_checks OK
DEBUG SHOOTING CHECK: has_ridder=0, model_type=0 (unified=1), use_shooting_EDE=0
BG_INIT: entering background_solve
BACKGROUND_SOLVE ENTERED: has_ridder=0 Lambda=0.00e+00
ABOUT TO INTEGRATE: bi_size=6 has_ridder=0 Lambda=0.00e+00
DERIVS_ENTRY: call#=1920000 has_ridder=0 Lambda=0.00e+00 a=3.36e-05
BG_INIT: background_solve OK
INPUT_READ: ridder_freeze_phi = 0 _TRUE_=1 (after class_read_flag)
DEBUG: Ridder field DISABLED. Lambda = 0.000000e+00
INPUT_READ: ridder_freeze_phi = 0 _TRUE_=1 (after class_read_flag)
DEBUG: Ridder field DISABLED. Lambda = 0.000000e+00, model_type not set to unified
BACKGROUND_INIT ENTERED: Lambda=0.00e+00
DEBUG BG_INIT ENTRY: model_type=0
DEBUG AFTER CHECKS: model_type=0 has_ridder=0
RIDDER DEBUG (background_init): has_ridder=0, Lambda_EDE_ridder=0.000000e+00, f_axion_ridder=1.000000e+16, theta_i_ridder=2.500000e+00, beta_ridder=0.000000e+00
BG_INIT: entering background_checks
BG_INIT: background_checks OK
DEBUG SHOOTING CHECK: has_ridder=0, model_type=0 (unified=1), use_shooting_EDE=0
BG_INIT: entering background_solve
BACKGROUND_SOLVE ENTERED: has_ridder=0 Lambda=0.00e+00
ABOUT TO INTEGRATE: bi_size=6 has_ridder=0 Lambda=0.00e+00
BG_INIT: background_solve OK
INPUT_READ: ridder_freeze_phi = 0 _TRUE_=1 (after class_read_flag)
DEBUG: Ridder field DISABLED. Lambda = 0.000000e+00
INPUT_READ: ridder_freeze_phi = 0 _TRUE_=1 (after class_read_flag)
DEBUG: Ridder field DISABLED. Lambda = 0.000000e+00, model_type not set to unified
BACKGROUND_INIT ENTERED: Lambda=0.00e+00
DEBUG BG_INIT ENTRY: model_type=0
DEBUG AFTER CHECKS: model_type=0 has_ridder=0
RIDDER DEBUG (background_init): has_ridder=0, Lambda_EDE_ridder=0.000000e+00, f_axion_ridder=1.000000e+16, theta_i_ridder=2.500000e+00, beta_ridder=0.000000e+00
BG_INIT: entering background_checks
BG_INIT: background_checks OK
DEBUG SHOOTING CHECK: has_ridder=0, model_type=0 (unified=1), use_shooting_EDE=0
BG_INIT: entering background_solve
BACKGROUND_SOLVE ENTERED: has_ridder=0 Lambda=0.00e+00
ABOUT TO INTEGRATE: bi_size=6 has_ridder=0 Lambda=0.00e+00
DERIVS_ENTRY: call#=1925000 has_ridder=0 Lambda=0.00e+00 a=9.59e-11
BG_INIT: background_solve OK
INPUT_READ: ridder_freeze_phi = 0 _TRUE_=1 (after class_read_flag)
DEBUG: Ridder field DISABLED. Lambda = 0.000000e+00
INPUT_READ: ridder_freeze_phi = 0 _TRUE_=1 (after class_read_flag)
DEBUG: Ridder field DISABLED. Lambda = 0.000000e+00, model_type not set to unified
BACKGROUND_INIT ENTERED: Lambda=0.00e+00
DEBUG BG_INIT ENTRY: model_type=0
DEBUG AFTER CHECKS: model_type=0 has_ridder=0
RIDDER DEBUG (background_init): has_ridder=0, Lambda_EDE_ridder=0.000000e+00, f_axion_ridder=1.000000e+16, theta_i_ridder=2.500000e+00, beta_ridder=0.000000e+00
BG_INIT: entering background_checks
BG_INIT: background_checks OK
DEBUG SHOOTING CHECK: has_ridder=0, model_type=0 (unified=1), use_shooting_EDE=0
BG_INIT: entering background_solve
BACKGROUND_SOLVE ENTERED: has_ridder=0 Lambda=0.00e+00
ABOUT TO INTEGRATE: bi_size=6 has_ridder=0 Lambda=0.00e+00
DERIVS_ENTRY: call#=1930000 has_ridder=0 Lambda=0.00e+00 a=1.75e-06
BG_INIT: background_solve OK
INPUT_READ: ridder_freeze_phi = 0 _TRUE_=1 (after class_read[mcmc] Progress @ 2025-11-27 14:30:42 : 4915 steps taken, and 780 accepted.
[mcmc] Progress @ 2025-11-27 14:31:54 : 4922 steps taken, and 782 accepted.
[mcmc] Progress @ 2025-11-27 14:33:00 : 4927 steps taken, and 782 accepted.
[mcmc] Progress @ 2025-11-27 14:34:08 : 4935 steps taken, and 783 accepted.
_flag)
DEBUG: Ridder field DISABLED. Lambda = 0.000000e+00
INPUT_READ: ridder_freeze_phi = 0 _TRUE_=1 (after class_read_flag)
DEBUG: Ridder field DISABLED. Lambda = 0.000000e+00, model_type not set to unified
BACKGROUND_INIT ENTERED: Lambda=0.00e+00
DEBUG BG_INIT ENTRY: model_type=0
DEBUG AFTER CHECKS: model_type=0 has_ridder=0
RIDDER DEBUG (background_init): has_ridder=0, Lambda_EDE_ridder=0.000000e+00, f_axion_ridder=1.000000e+16, theta_i_ridder=2.500000e+00, beta_ridder=0.000000e+00
BG_INIT: entering background_checks
BG_INIT: background_checks OK
DEBUG SHOOTING CHECK: has_ridder=0, model_type=0 (unified=1), use_shooting_EDE=0
BG_INIT: entering background_solve
BACKGROUND_SOLVE ENTERED: has_ridder=0 Lambda=0.00e+00
ABOUT TO INTEGRATE: bi_size=6 has_ridder=0 Lambda=0.00e+00
BG_INIT: background_solve OK
INPUT_READ: ridder_freeze_phi = 0 _TRUE_=1 (after class_read_flag)
DEBUG: Ridder field DISABLED. Lambda = 0.000000e+00
INPUT_READ: ridder_freeze_phi = 0 _TRUE_=1 (after class_read_flag)
DEBUG: Ridder field DISABLED. Lambda = 0.000000e+00, model_type not set to unified
BACKGROUND_INIT ENTERED: Lambda=0.00e+00
DEBUG BG_INIT ENTRY: model_type=0
DEBUG AFTER CHECKS: model_type=0 has_ridder=0
RIDDER DEBUG (background_init): has_ridder=0, Lambda_EDE_ridder=0.000000e+00, f_axion_ridder=1.000000e+16, theta_i_ridder=2.500000e+00, beta_ridder=0.000000e+00
BG_INIT: entering background_checks
BG_INIT: background_checks OK
DEBUG SHOOTING CHECK: has_ridder=0, model_type=0 (unified=1), use_shooting_EDE=0
BG_INIT: entering background_solve
BACKGROUND_SOLVE ENTERED: has_ridder=0 Lambda=0.00e+00
ABOUT TO INTEGRATE: bi_size=6 has_ridder=0 Lambda=0.00e+00
DERIVS_ENTRY: call#=1935000 has_ridder=0 Lambda=0.00e+00 a=3.45e-14
BG_INIT: background_solve OK
INPUT_READ: ridder_freeze_phi = 0 _TRUE_=1 (after class_read_flag)
DEBUG: Ridder field DISABLED. Lambda = 0.000000e+00
INPUT_READ: ridder_freeze_phi = 0 _TRUE_=1 (after class_read_flag)
DEBUG: Ridder field DISABLED. Lambda = 0.000000e+00, model_type not set to unified
BACKGROUND_INIT ENTERED: Lambda=0.00e+00
DEBUG BG_INIT ENTRY: model_type=0
DEBUG AFTER CHECKS: model_type=0 has_ridder=0
RIDDER DEBUG (background_init): has_ridder=0, Lambda_EDE_ridder=0.000000e+00, f_axion_ridder=1.000000e+16, theta_i_ridder=2.500000e+00, beta_ridder=0.000000e+00
BG_INIT: entering background_checks
BG_INIT: background_checks OK
DEBUG SHOOTING CHECK: has_ridder=0, model_type=0 (unified=1), use_shooting_EDE=0
BG_INIT: entering background_solve
BACKGROUND_SOLVE ENTERED: has_ridder=0 Lambda=0.00e+00
ABOUT TO INTEGRATE: bi_size=6 has_ridder=0 Lambda=0.00e+00
DERIVS_ENTRY: call#=1940000 has_ridder=0 Lambda=0.00e+00 a=3.10e-07
BG_INIT: background_solve OK
INPUT_READ: ridder_freeze_phi = 0 _TRUE_=1 (after class_read_flag)
DEBUG: Ridder field DISABLED. Lambda = 0.000000e+00
INPUT_READ: ridder_freeze_phi = 0 _TRUE_=1 (after class_read_flag)
DEBUG: Ridder field DISABLED. Lambda = 0.000000e+00, model_type not set to unified
BACKGROUND_INIT ENTERED: Lambda=0.00e+00
DEBUG BG_INIT ENTRY: model_type=0
DEBUG AFTER CHECKS: model_type=0 has_ridder=0
RIDDER DEBUG (background_init): has_ridder=0, Lambda_EDE_ridder=0.000000e+00, f_axion_ridder=1.000000e+16, theta_i_ridder=2.500000e+00, beta_ridder=0.000000e+00
BG_INIT: entering background_checks
BG_INIT: background_checks OK
DEBUG SHOOTING CHECK: has_ridder=0, model_type=0 (unified=1), use_shooting_EDE=0
BG_INIT: entering background_solve
BACKGROUND_SOLVE ENTERED: has_ridder=0 Lambda=0.00e+00
ABOUT TO INTEGRATE: bi_size=6 has_ridder=0 Lambda=0.00e+00
DERIVS_ENTRY: call#=1945000 has_ridder=0 Lambda=0.00e+00 a=4.58e-01
BG_INIT: background_solve OK
INPUT_READ: ridder_freeze_phi = 0 _TRUE_=1 (after class_read_flag)
DEBUG: Ridder field DISABLED. Lambda = 0.000000e+00
INPUT_READ: ridder_freeze_phi = 0 _TRUE_=1 (after class_read_flag)
DEBUG: Ridder field DISABLED. Lambda = 0.000000e+00, model_type not set to unified
BACKGROUND_INIT ENTERED: Lambda=0.00e+00
DEBUG BG_INIT ENTRY: model_type=0
DEBUG AFTER CHECKS: model_type=0 has_ridder=0
RIDDER DEBUG (background_init): has_ridder=0, Lambda_EDE_r[mcmc] Progress @ 2025-11-27 14:35:39 : 4952 steps taken, and 785 accepted.
[mcmc] Progress @ 2025-11-27 14:37:00 : 4965 steps taken, and 786 accepted.
[mcmc] Progress @ 2025-11-27 14:38:30 : 4979 steps taken, and 788 accepted.
[mcmc] Progress @ 2025-11-27 14:39:37 : 4985 steps taken, and 789 accepted.
idder=0.000000e+00, f_axion_ridder=1.000000e+16, theta_i_ridder=2.500000e+00, beta_ridder=0.000000e+00
BG_INIT: entering background_checks
BG_INIT: background_checks OK
DEBUG SHOOTING CHECK: has_ridder=0, model_type=0 (unified=1), use_shooting_EDE=0
BG_INIT: entering background_solve
BACKGROUND_SOLVE ENTERED: has_ridder=0 Lambda=0.00e+00
ABOUT TO INTEGRATE: bi_size=6 has_ridder=0 Lambda=0.00e+00
BG_INIT: background_solve OK
INPUT_READ: ridder_freeze_phi = 0 _TRUE_=1 (after class_read_flag)
DEBUG: Ridder field DISABLED. Lambda = 0.000000e+00
INPUT_READ: ridder_freeze_phi = 0 _TRUE_=1 (after class_read_flag)
DEBUG: Ridder field DISABLED. Lambda = 0.000000e+00, model_type not set to unified
BACKGROUND_INIT ENTERED: Lambda=0.00e+00
DEBUG BG_INIT ENTRY: model_type=0
DEBUG AFTER CHECKS: model_type=0 has_ridder=0
RIDDER DEBUG (background_init): has_ridder=0, Lambda_EDE_ridder=0.000000e+00, f_axion_ridder=1.000000e+16, theta_i_ridder=2.500000e+00, beta_ridder=0.000000e+00
BG_INIT: entering background_checks
BG_INIT: background_checks OK
DEBUG SHOOTING CHECK: has_ridder=0, model_type=0 (unified=1), use_shooting_EDE=0
BG_INIT: entering background_solve
BACKGROUND_SOLVE ENTERED: has_ridder=0 Lambda=0.00e+00
ABOUT TO INTEGRATE: bi_size=6 has_ridder=0 Lambda=0.00e+00
DERIVS_ENTRY: call#=1950000 has_ridder=0 Lambda=0.00e+00 a=4.28e-08
BG_INIT: background_solve OK
INPUT_READ: ridder_freeze_phi = 0 _TRUE_=1 (after class_read_flag)
DEBUG: Ridder field DISABLED. Lambda = 0.000000e+00
INPUT_READ: ridder_freeze_phi = 0 _TRUE_=1 (after class_read_flag)
DEBUG: Ridder field DISABLED. Lambda = 0.000000e+00, model_type not set to unified
BACKGROUND_INIT ENTERED: Lambda=0.00e+00
DEBUG BG_INIT ENTRY: model_type=0
DEBUG AFTER CHECKS: model_type=0 has_ridder=0
RIDDER DEBUG (background_init): has_ridder=0, Lambda_EDE_ridder=0.000000e+00, f_axion_ridder=1.000000e+16, theta_i_ridder=2.500000e+00, beta_ridder=0.000000e+00
BG_INIT: entering background_checks
BG_INIT: background_checks OK
DEBUG SHOOTING CHECK: has_ridder=0, model_type=0 (unified=1), use_shooting_EDE=0
BG_INIT: entering background_solve
BACKGROUND_SOLVE ENTERED: has_ridder=0 Lambda=0.00e+00
ABOUT TO INTEGRATE: bi_size=6 has_ridder=0 Lambda=0.00e+00
DERIVS_ENTRY: call#=1955000 has_ridder=0 Lambda=0.00e+00 a=3.93e-02
BG_INIT: background_solve OK
INPUT_READ: ridder_freeze_phi = 0 _TRUE_=1 (after class_read_flag)
DEBUG: Ridder field DISABLED. Lambda = 0.000000e+00
INPUT_READ: ridder_freeze_phi = 0 _TRUE_=1 (after class_read_flag)
DEBUG: Ridder field DISABLED. Lambda = 0.000000e+00, model_type not set to unified
BACKGROUND_INIT ENTERED: Lambda=0.00e+00
DEBUG BG_INIT ENTRY: model_type=0
DEBUG AFTER CHECKS: model_type=0 has_ridder=0
RIDDER DEBUG (background_init): has_ridder=0, Lambda_EDE_ridder=0.000000e+00, f_axion_ridder=1.000000e+16, theta_i_ridder=2.500000e+00, beta_ridder=0.000000e+00
BG_INIT: entering background_checks
BG_INIT: background_checks OK
DEBUG SHOOTING CHECK: has_ridder=0, model_type=0 (unified=1), use_shooting_EDE=0
BG_INIT: entering background_solve
BACKGROUND_SOLVE ENTERED: has_ridder=0 Lambda=0.00e+00
ABOUT TO INTEGRATE: bi_size=6 has_ridder=0 Lambda=0.00e+00
BG_INIT: background_solve OK
INPUT_READ: ridder_freeze_phi = 0 _TRUE_=1 (after class_read_flag)
DEBUG: Ridder field DISABLED. Lambda = 0.000000e+00
INPUT_READ: ridder_freeze_phi = 0 _TRUE_=1 (after class_read_flag)
DEBUG: Ridder field DISABLED. Lambda = 0.000000e+00, model_type not set to unified
BACKGROUND_INIT ENTERED: Lambda=0.00e+00
DEBUG BG_INIT ENTRY: model_type=0
DEBUG AFTER CHECKS: model_type=0 has_ridder=0
RIDDER DEBUG (background_init): has_ridder=0, Lambda_EDE_ridder=0.000000e+00, f_axion_ridder=1.000000e+16, theta_i_ridder=2.500000e+00, beta_ridder=0.000000e+00
BG_INIT: entering background_checks
BG_INIT: background_checks OK
DEBUG SHOOTING CHECK: has_ridder=0, model_type=0 (unified=1), use_shooting_EDE=0
BG_INIT: entering background_solve
BACKGROUND_SOLVE ENTERED: has_ridder=0 Lambda=0.00e+00
ABOUT TO INTEGRATE: bi_size=6 has_ridder=0 Lambda=0.00e+00
DERIVS_ENTRY: call#=1960000 has_ridder=0 Lambda=0.00e+00 [mcmc] Progress @ 2025-11-27 14:41:00 : 5000 steps taken, and 791 accepted.
[mcmc] Progress @ 2025-11-27 14:42:01 : 5002 steps taken, and 791 accepted.
[mcmc] Progress @ 2025-11-27 14:43:01 : 5005 steps taken, and 792 accepted.
[mcmc] Progress @ 2025-11-27 14:44:22 : 5019 steps taken, and 793 accepted.
[mcmc] Progress @ 2025-11-27 14:45:31 : 5030 steps taken, and 793 accepted.
a=7.58e-09
BG_INIT: background_solve OK
INPUT_READ: ridder_freeze_phi = 0 _TRUE_=1 (after class_read_flag)
DEBUG: Ridder field DISABLED. Lambda = 0.000000e+00
INPUT_READ: ridder_freeze_phi = 0 _TRUE_=1 (after class_read_flag)
DEBUG: Ridder field DISABLED. Lambda = 0.000000e+00, model_type not set to unified
BACKGROUND_INIT ENTERED: Lambda=0.00e+00
DEBUG BG_INIT ENTRY: model_type=0
DEBUG AFTER CHECKS: model_type=0 has_ridder=0
RIDDER DEBUG (background_init): has_ridder=0, Lambda_EDE_ridder=0.000000e+00, f_axion_ridder=1.000000e+16, theta_i_ridder=2.500000e+00, beta_ridder=0.000000e+00
BG_INIT: entering background_checks
BG_INIT: background_checks OK
DEBUG SHOOTING CHECK: has_ridder=0, model_type=0 (unified=1), use_shooting_EDE=0
BG_INIT: entering background_solve
BACKGROUND_SOLVE ENTERED: has_ridder=0 Lambda=0.00e+00
ABOUT TO INTEGRATE: bi_size=6 has_ridder=0 Lambda=0.00e+00
DERIVS_ENTRY: call#=1965000 has_ridder=0 Lambda=0.00e+00 a=7.05e-04
BG_INIT: background_solve OK
INPUT_READ: ridder_freeze_phi = 0 _TRUE_=1 (after class_read_flag)
DEBUG: Ridder field DISABLED. Lambda = 0.000000e+00
INPUT_READ: ridder_freeze_phi = 0 _TRUE_=1 (after class_read_flag)
DEBUG: Ridder field DISABLED. Lambda = 0.000000e+00, model_type not set to unified
BACKGROUND_INIT ENTERED: Lambda=0.00e+00
DEBUG BG_INIT ENTRY: model_type=0
DEBUG AFTER CHECKS: model_type=0 has_ridder=0
RIDDER DEBUG (background_init): has_ridder=0, Lambda_EDE_ridder=0.000000e+00, f_axion_ridder=1.000000e+16, theta_i_ridder=2.500000e+00, beta_ridder=0.000000e+00
BG_INIT: entering background_checks
BG_INIT: background_checks OK
DEBUG SHOOTING CHECK: has_ridder=0, model_type=0 (unified=1), use_shooting_EDE=0
BG_INIT: entering background_solve
BACKGROUND_SOLVE ENTERED: has_ridder=0 Lambda=0.00e+00
ABOUT TO INTEGRATE: bi_size=6 has_ridder=0 Lambda=0.00e+00
BG_INIT: background_solve OK
INPUT_READ: ridder_freeze_phi = 0 _TRUE_=1 (after class_read_flag)
DEBUG: Ridder field DISABLED. Lambda = 0.000000e+00
INPUT_READ: ridder_freeze_phi = 0 _TRUE_=1 (after class_read_flag)
DEBUG: Ridder field DISABLED. Lambda = 0.000000e+00, model_type not set to unified
BACKGROUND_INIT ENTERED: Lambda=0.00e+00
DEBUG BG_INIT ENTRY: model_type=0
DEBUG AFTER CHECKS: model_type=0 has_ridder=0
RIDDER DEBUG (background_init): has_ridder=0, Lambda_EDE_ridder=0.000000e+00, f_axion_ridder=1.000000e+16, theta_i_ridder=2.500000e+00, beta_ridder=0.000000e+00
BG_INIT: entering background_checks
BG_INIT: background_checks OK
DEBUG SHOOTING CHECK: has_ridder=0, model_type=0 (unified=1), use_shooting_EDE=0
BG_INIT: entering background_solve
BACKGROUND_SOLVE ENTERED: has_ridder=0 Lambda=0.00e+00
ABOUT TO INTEGRATE: bi_size=6 has_ridder=0 Lambda=0.00e+00
DERIVS_ENTRY: call#=1970000 has_ridder=0 Lambda=0.00e+00 a=1.12e-09
BG_INIT: background_solve OK
INPUT_READ: ridder_freeze_phi = 0 _TRUE_=1 (after class_read_flag)
DEBUG: Ridder field DISABLED. Lambda = 0.000000e+00
INPUT_READ: ridder_freeze_phi = 0 _TRUE_=1 (after class_read_flag)
DEBUG: Ridder field DISABLED. Lambda = 0.000000e+00, model_type not set to unified
BACKGROUND_INIT ENTERED: Lambda=0.00e+00
DEBUG BG_INIT ENTRY: model_type=0
DEBUG AFTER CHECKS: model_type=0 has_ridder=0
RIDDER DEBUG (background_init): has_ridder=0, Lambda_EDE_ridder=0.000000e+00, f_axion_ridder=1.000000e+16, theta_i_ridder=2.500000e+00, beta_ridder=0.000000e+00
BG_INIT: entering background_checks
BG_INIT: background_checks OK
DEBUG SHOOTING CHECK: has_ridder=0, model_type=0 (unified=1), use_shooting_EDE=0
BG_INIT: entering background_solve
BACKGROUND_SOLVE ENTERED: has_ridder=0 Lambda=0.00e+00
ABOUT TO INTEGRATE: bi_size=6 has_ridder=0 Lambda=0.00e+00
DERIVS_ENTRY: call#=1975000 has_ridder=0 Lambda=0.00e+00 a=5.36e-05
BG_INIT: background_solve OK
INPUT_READ: ridder_freeze_phi = 0 _TRUE_=1 (after class_read_flag)
DEBUG: Ridder field DISABLED. Lambda = 0.000000e+00
INPUT_READ: ridder_freeze_phi = 0 _TRUE_=1 (after class_read_flag)
DEBUG: Ridder field DISABLED. Lambda = 0.000000e+00, model_type not set to unified
BACKGROUND_INIT ENTERED: Lambda=0.00e+00
DEBUG BG_INIT ENTRY: model_type=0
DEBU[mcmc] Progress @ 2025-11-27 14:46:45 : 5041 steps taken, and 794 accepted.
[mcmc] Progress @ 2025-11-27 14:47:57 : 5053 steps taken, and 796 accepted.
[mcmc] Progress @ 2025-11-27 14:48:58 : 5055 steps taken, and 796 accepted.
[mcmc] Progress @ 2025-11-27 14:50:04 : 5061 steps taken, and 798 accepted.
G AFTER CHECKS: model_type=0 has_ridder=0
RIDDER DEBUG (background_init): has_ridder=0, Lambda_EDE_ridder=0.000000e+00, f_axion_ridder=1.000000e+16, theta_i_ridder=2.500000e+00, beta_ridder=0.000000e+00
BG_INIT: entering background_checks
BG_INIT: background_checks OK
DEBUG SHOOTING CHECK: has_ridder=0, model_type=0 (unified=1), use_shooting_EDE=0
BG_INIT: entering background_solve
BACKGROUND_SOLVE ENTERED: has_ridder=0 Lambda=0.00e+00
ABOUT TO INTEGRATE: bi_size=6 has_ridder=0 Lambda=0.00e+00
BG_INIT: background_solve OK
INPUT_READ: ridder_freeze_phi = 0 _TRUE_=1 (after class_read_flag)
DEBUG: Ridder field DISABLED. Lambda = 0.000000e+00
INPUT_READ: ridder_freeze_phi = 0 _TRUE_=1 (after class_read_flag)
DEBUG: Ridder field DISABLED. Lambda = 0.000000e+00, model_type not set to unified
BACKGROUND_INIT ENTERED: Lambda=0.00e+00
DEBUG BG_INIT ENTRY: model_type=0
DEBUG AFTER CHECKS: model_type=0 has_ridder=0
RIDDER DEBUG (background_init): has_ridder=0, Lambda_EDE_ridder=0.000000e+00, f_axion_ridder=1.000000e+16, theta_i_ridder=2.500000e+00, beta_ridder=0.000000e+00
BG_INIT: entering background_checks
BG_INIT: background_checks OK
DEBUG SHOOTING CHECK: has_ridder=0, model_type=0 (unified=1), use_shooting_EDE=0
BG_INIT: entering background_solve
BACKGROUND_SOLVE ENTERED: has_ridder=0 Lambda=0.00e+00
ABOUT TO INTEGRATE: bi_size=6 has_ridder=0 Lambda=0.00e+00
DERIVS_ENTRY: call#=1980000 has_ridder=0 Lambda=0.00e+00 a=2.62e-10
BG_INIT: background_solve OK
INPUT_READ: ridder_freeze_phi = 0 _TRUE_=1 (after class_read_flag)
DEBUG: Ridder field DISABLED. Lambda = 0.000000e+00
INPUT_READ: ridder_freeze_phi = 0 _TRUE_=1 (after class_read_flag)
DEBUG: Ridder field DISABLED. Lambda = 0.000000e+00, model_type not set to unified
BACKGROUND_INIT ENTERED: Lambda=0.00e+00
DEBUG BG_INIT ENTRY: model_type=0
DEBUG AFTER CHECKS: model_type=0 has_ridder=0
RIDDER DEBUG (background_init): has_ridder=0, Lambda_EDE_ridder=0.000000e+00, f_axion_ridder=1.000000e+16, theta_i_ridder=2.500000e+00, beta_ridder=0.000000e+00
BG_INIT: entering background_checks
BG_INIT: background_checks OK
DEBUG SHOOTING CHECK: has_ridder=0, model_type=0 (unified=1), use_shooting_EDE=0
BG_INIT: entering background_solve
BACKGROUND_SOLVE ENTERED: has_ridder=0 Lambda=0.00e+00
ABOUT TO INTEGRATE: bi_size=6 has_ridder=0 Lambda=0.00e+00
DERIVS_ENTRY: call#=1985000 has_ridder=0 Lambda=0.00e+00 a=1.23e-05
BG_INIT: background_solve OK
INPUT_READ: ridder_freeze_phi = 0 _TRUE_=1 (after class_read_flag)
DEBUG: Ridder field DISABLED. Lambda = 0.000000e+00
INPUT_READ: ridder_freeze_phi = 0 _TRUE_=1 (after class_read_flag)
DEBUG: Ridder field DISABLED. Lambda = 0.000000e+00, model_type not set to unified
BACKGROUND_INIT ENTERED: Lambda=0.00e+00
DEBUG BG_INIT ENTRY: model_type=0
DEBUG AFTER CHECKS: model_type=0 has_ridder=0
RIDDER DEBUG (background_init): has_ridder=0, Lambda_EDE_ridder=0.000000e+00, f_axion_ridder=1.000000e+16, theta_i_ridder=2.500000e+00, beta_ridder=0.000000e+00
BG_INIT: entering background_checks
BG_INIT: background_checks OK
DEBUG SHOOTING CHECK: has_ridder=0, model_type=0 (unified=1), use_shooting_EDE=0
BG_INIT: entering background_solve
BACKGROUND_SOLVE ENTERED: has_ridder=0 Lambda=0.00e+00
ABOUT TO INTEGRATE: bi_size=6 has_ridder=0 Lambda=0.00e+00
BG_INIT: background_solve OK
INPUT_READ: ridder_freeze_phi = 0 _TRUE_=1 (after class_read_flag)
DEBUG: Ridder field DISABLED. Lambda = 0.000000e+00
INPUT_READ: ridder_freeze_phi = 0 _TRUE_=1 (after class_read_flag)
DEBUG: Ridder field DISABLED. Lambda = 0.000000e+00, model_type not set to unified
BACKGROUND_INIT ENTERED: Lambda=0.00e+00
DEBUG BG_INIT ENTRY: model_type=0
DEBUG AFTER CHECKS: model_type=0 has_ridder=0
RIDDER DEBUG (background_init): has_ridder=0, Lambda_EDE_ridder=0.000000e+00, f_axion_ridder=1.000000e+16, theta_i_ridder=2.500000e+00, beta_ridder=0.000000e+00
BG_INIT: entering background_checks
BG_INIT: background_checks OK
DEBUG SHOOTING CHECK: has_ridder=0, model_type=0 (unified=1), use_shooting_EDE=0
BG_INIT: entering background_solve
BACKGROUND_SOLVE ENTERED: has_ridder=0 Lambda=0.00e+00
ABOUT TO INTEGRA