#        weight    minuslogpost            logA             n_s              H0         omega_b       omega_cdm        tau_reio        A_planck      calib_100T      calib_217T       A_cib_217       xi_sz_cib            A_sz        ksz_norm    gal545_A_100    gal545_A_143 gal545_A_143_217    gal545_A_217    ps_A_100_100    ps_A_143_143    ps_A_143_217    ps_A_217_217   galf_TE_A_100 galf_TE_A_100_143 galf_TE_A_100_217   galf_TE_A_143 galf_TE_A_143_217   galf_TE_A_217             A_s         Omega_m          sigma8              S8         rs_drag       chi2__BAO       chi2__CMB        chi2__SN   minuslogprior minuslogprior__0 minuslogprior__SZ            chi2 chi2__planck_2018_lowl.TT chi2__planck_2018_lowl.EE chi2__planck_2018_highl_plik.TTTEEE chi2__planck_2018_lensing.clik chi2__bao.sixdf_2011_bao chi2__bao.sdss_dr7_mgs chi2__bao.sdss_dr12_consensus_bao chi2__likelihoods.desi_y1_bao.DESI_Y1_BAO chi2__sn.pantheonplus  chi2__shoes_h0
              1       2168.2399       3.0438417       0.9650005            70.5     0.022371909      0.11711892     0.054171839       1.0033618      0.99989276      0.99747584       70.112056      0.14827606       5.8463199       5.2343894       9.0633734       10.073199        7.4929452       58.239762       234.76465       42.447801       39.785124       101.21013      0.12648906        0.13111216        0.45209598      0.19682207        0.60991533       2.2356266    2.098571e-09      0.28065149      0.80937567      0.78284033       147.22859       13.275508       2857.8718       1411.2968       15.799285        12.343243         3.4560422       4304.8812                 20.728798                 395.82183                           2428.2933                      13.027832               0.46114748              4.0536133                         8.7607474                                 16.472277             1411.2968       5.9648669
              1       2167.7311       3.0438417       0.9650005            70.5     0.022371909      0.11711892     0.054171839       1.0033618      0.99984824      0.99736982       70.202231      0.13824903       5.9134867       5.1310652       9.0155219        10.01768        7.5190153       58.302527        238.1468       42.374658       39.725116       101.17042      0.11831612        0.12965623        0.45167029      0.19524079        0.60951423       2.2579558    2.098571e-09      0.28065149      0.80937567      0.78284033       147.22859       13.275508       2856.3598       1411.2968       16.046504        12.588118         3.4583854       4303.3693                 20.728798                 395.82183                           2426.7814                      13.027832               0.46114748              4.0536133                         8.7607474                                 16.472277             1411.2968       5.9648669
              1       2168.0723       3.0438417       0.9650005            70.5     0.022371909      0.11711892     0.054171839       1.0033618      0.99982817      0.99731386       70.007192      0.14705663       5.9678287       4.9565048       8.9694603       10.257925        7.0977751       58.662854       233.56378       41.598259       40.028871       100.96227      0.10404875        0.13288334        0.46699976       0.1802415        0.59547563       2.2812599    2.098571e-09      0.28065149      0.80937567      0.78284033       147.22859       13.275508       2856.0832       1411.2968       16.525982        13.116746          3.409236       4303.0926                 20.728798                 395.82183                           2426.5047                      13.027832               0.46114748              4.0536133                         8.7607474                                 16.472277             1411.2968       5.9648669
              2       2173.7077       3.0438417       0.9650005            70.5     0.022371909      0.11711892     0.054171839       1.0033618      0.99917977      0.99697352       67.797587      0.13949946       5.9297698       4.6907886       10.146042        10.39184        5.3052352       59.427239       225.06975       42.856152       41.652179       104.28637      0.14926739        0.15717772        0.43292617      0.23343748        0.51482666       2.2524643    2.098571e-09      0.28065149      0.80937567      0.78284033       147.22859       13.275508       2860.0318       1411.2968       20.187103        16.953574         3.2335295       4307.0412                 20.728798                 395.82183                           2430.4533                      13.027832               0.46114748              4.0536133                         8.7607474                                 16.472277             1411.2968       5.9648669
              1       2173.9186       3.0438417       0.9650005            70.5     0.022371909      0.11711892     0.054171839       1.0033618      0.99917997       0.9969696       67.850218      0.13626586       5.8929024       4.6475836       10.161748       10.385179        5.2595325       59.424541       224.73474       42.836228       41.665567       104.31003      0.14377813        0.16322436        0.43752989      0.23502057        0.51319547       2.2571206    2.098571e-09      0.28065149      0.80937567      0.78284033       147.22859       13.275508       2860.2545       1411.2968       20.286581        17.105593         3.1809874       4307.2639                 20.728798                 395.82183                            2430.676                      13.027832               0.46114748              4.0536133                         8.7607474                                 16.472277             1411.2968       5.9648669
              1       2173.0804       3.0438417       0.9650005            70.5     0.022371909      0.11711892     0.054171839       1.0033618      0.99931703      0.99685389       67.856572      0.10061811       5.9826184       4.8037786       10.209497       10.703245        5.2430231       59.086413       223.20958       43.352968       42.221672       104.28036      0.12448326        0.14520965         0.4326995      0.25933802        0.55702088       2.3130789    2.098571e-09      0.28065149      0.80937567      0.78284033       147.22859       13.275508       2859.9797       1411.2968       19.585884        16.247496         3.3383877       4306.9891                 20.728798                 395.82183                           2430.4012                      13.027832               0.46114748              4.0536133                         8.7607474                                 16.472277             1411.2968       5.9648669
              2       2172.6538       3.0438417       0.9650005            70.5     0.022371909      0.11711892     0.054171839       1.0033618      0.99939519      0.99666169       67.677264      0.11258058       5.9718192       4.8832585       10.229245       10.226136        5.7718817       58.913765       221.67576       44.491058        41.76986       104.76318      0.13850674        0.16991648         0.4544699      0.27285423        0.57418745       2.3185462    2.098571e-09      0.28065149      0.80937567      0.78284033       147.22859       13.275508       2857.5573       1411.2968       20.370407        16.998106         3.3723016       4304.5667                 20.728798                 395.82183                           2427.9788                      13.027832               0.46114748              4.0536133                         8.7607474                                 16.472277             1411.2968       5.9648669
              1       2172.0734       3.0438417       0.9650005            70.5     0.022371909      0.11711892     0.054171839       1.0038888      0.99927977      0.99679071       67.936122     0.098455015       6.0385245       5.1699956       9.8143706       10.450383        6.1163916       59.282024       227.38905       44.950474       41.702425       104.46613       0.1303802        0.13468857        0.45107972      0.26857583        0.53199474       2.2568951    2.098571e-09      0.28065149      0.80937567      0.78284033       147.22859       13.275508       2856.3647       1411.2968       20.386367        16.789575         3.5967914       4303.3741                   20.6883                 395.82413                           2426.4395                      13.412741               0.46114748              4.0536133                         8.7607474                                 16.472277             1411.2968       5.9648669
              5       2172.2716       3.0438417       0.9650005            70.5     0.022371909      0.11711892     0.054171839       1.0038888      0.99928158      0.99686551       68.238575     0.090781199        6.000319       5.2240708       9.7643788       10.379155        6.0720869       59.384615       225.64681       44.981453       41.474736       103.85599      0.13243763        0.13161613        0.43052141      0.27544067        0.55186488       2.2881349    2.098571e-09      0.28065149      0.80937567      0.78284033       147.22859       13.275508        2857.624       1411.2968       19.954841        16.362225         3.5926156       4304.6335                   20.6883                 395.82413                           2427.6989                      13.412741               0.46114748              4.0536133                         8.7607474                                 16.472277             1411.2968       5.9648669
              1       2171.7441       3.0438417       0.9650005            70.5     0.022371909      0.11711892     0.054171839       1.0038888      0.99922124      0.99695497       68.270108     0.098222952       5.8376562       4.9235665       9.8834718       10.433931        6.2709267       59.539766       230.85424       44.566303       41.465726       103.11858      0.14908958        0.14105722        0.42588585      0.24444135        0.50798042       2.3100326    2.098571e-09      0.28065149      0.80937567      0.78284033       147.22859       13.275508       2856.0121       1411.2968       20.233305        16.954979         3.2783256       4303.0216                   20.6883                 395.82413                            2426.087                      13.412741               0.46114748              4.0536133                         8.7607474                                 16.472277             1411.2968       5.9648669
              1       2170.2427       3.0438417       0.9650005            70.5     0.022371909      0.11711892     0.054171839       1.0038888      0.99928267      0.99696852       68.999749     0.092220264       5.9197298       5.0060618        10.17177       10.206958        6.3182235       58.419953       241.69892        43.38514       42.042107       103.73556      0.14570119        0.16420453        0.46350394      0.23757248        0.50793105       2.0937778    2.098571e-09      0.28065149      0.80937567      0.78284033       147.22859       13.275508       2852.5661       1411.2968       20.454959         17.06092         3.3940394       4299.5755                   20.6883                 395.82413                           2422.6409                      13.412741               0.46114748              4.0536133                         8.7607474                                 16.472277             1411.2968       5.9648669
              4        2170.503       3.0438417       0.9650005            70.5     0.022371909      0.11711892     0.054171839       1.0040387      0.99926836      0.99690822       69.052726     0.072506399       5.8500961       5.0356628       10.062886       10.169693        6.2128446       58.430172       243.96744        43.23184       42.205988       103.62792      0.13012779        0.15788142        0.44854927      0.23851242         0.5087733       2.1016237    2.098571e-09      0.28065149      0.80937567      0.78284033       147.22859       13.275508       2853.0871       1411.2968       20.454701        17.105538          3.349163       4300.0965                 20.676922                 395.82413                            2423.061                      13.525045               0.46114748              4.0536133                         8.7607474                                 16.472277             1411.2968       5.9648669
              1       2170.6939       3.0438417       0.9650005            70.5     0.022371909      0.11711892     0.054171839       1.0040387      0.99921589      0.99676025       69.097935     0.081347139       5.9739224       5.0739888       10.008169       10.499757        6.0566887       58.321819       241.63485       43.038831        42.33107       103.15593      0.14836909        0.12114032        0.45842899      0.19380602        0.50642077       2.0420446    2.098571e-09      0.28065149      0.80937567      0.78284033       147.22859       13.275508       2852.6091       1411.2968       20.884601        17.403709          3.480892       4299.6185                 20.676922                 395.82413                            2422.583                      13.525045               0.46114748              4.0536133                         8.7607474                                 16.472277             1411.2968       5.9648669
              1       2170.6044       3.0438417       0.9650005            70.5     0.022371909      0.11711892     0.054171839       1.0040387      0.99926199      0.99679949       69.045555     0.071694943        6.010018       5.2699428       10.141467       10.305014        5.5978733       58.265727       245.15656       42.349556       42.549388       103.00509      0.15836396        0.12095043         0.4503312      0.17647108        0.53096409       2.0594093    2.098571e-09      0.28065149      0.80937567      0.78284033       147.22859       13.275508       2852.7989       1411.2968        20.70024        17.071096         3.6291447       4299.8083                 20.676922                 395.82413                           2422.7728                      13.525045               0.46114748              4.0536133                         8.7607474                                 16.472277             1411.2968       5.9648669
              1       2170.9101       3.0438417       0.9650005            70.5     0.022371909      0.11711892     0.054171839       1.0040387      0.99924433      0.99690893       69.628595     0.017306744       5.6538658        4.965672       9.6952777       10.642409        5.1522843       58.030371       253.41976        41.72704       42.332333       103.55915      0.11296774       0.085528343         0.4834495      0.17602655        0.55178872       2.0078702    2.098571e-09      0.28065149      0.80937567      0.78284033       147.22859       13.275508       2854.5401       1411.2968       20.135288          16.9868         3.1484873       4301.5495                 20.676922                 395.82413                            2424.514                      13.525045               0.46114748              4.0536133                         8.7607474                                 16.472277             1411.2968       5.9648669
              1       2169.9901       3.0438417       0.9650005            70.5     0.022371909      0.11711892     0.054171839       1.0040387      0.99895828      0.99673598       68.941847     0.012461077       5.7062029        4.655725       8.9709916        10.60722        5.0578976       58.418102       258.51467       42.554078       42.036666       103.40205     0.096115551       0.091049334        0.42565506      0.15310265        0.59163227        2.071988    2.098571e-09      0.28065149      0.80937567      0.78284033       147.22859       13.275508       2851.4515       1411.2968       20.759647        17.721719         3.0379282        4298.461                 20.676922                 395.82413                           2421.4254                      13.525045               0.46114748              4.0536133                         8.7607474                                 16.472277             1411.2968       5.9648669
              4       2169.6857       3.0438417       0.9650005            70.5     0.022371909      0.11711892     0.054171839       1.0040387      0.99902663      0.99669466       68.724695     0.025451247       5.5946712       4.3512486       8.8260787       10.711236        5.2181022        58.76142       264.92047       42.702167        41.97472       103.27484      0.11193266       0.091675395        0.40896052      0.15979465        0.58140079       2.1062186    2.098571e-09      0.28065149      0.80937567      0.78284033       147.22859       13.275508       2851.6704       1411.2968       20.345745        17.524822          2.820923       4298.6799                 20.676922                 395.82413                           2421.6443                      13.525045               0.46114748              4.0536133                         8.7607474                                 16.472277             1411.2968       5.9648669
              2       2169.9237       3.0438417       0.9650005            70.5     0.022371909      0.11711892     0.054171839       1.0040387      0.99877459      0.99672865       69.321688     0.043739453       5.7737801       4.2161608       8.9330516       10.322184        5.4378032        59.34849       267.91789       43.004899       42.852457       102.48553     0.086640613        0.12599347        0.41644349      0.17573772        0.58053936        2.177111    2.098571e-09      0.28065149      0.80937567      0.78284033       147.22859       13.275508        2851.517       1411.2968       20.660507        17.774303         2.8862046       4298.5264                 20.676922                 395.82413                           2421.4909                      13.525045               0.46114748              4.0536133                         8.7607474                                 16.472277             1411.2968       5.9648669
              2       2170.8106       3.0438417       0.9650005            70.5     0.022371909      0.11711892     0.054171839       1.0040387       0.9987065      0.99688189        68.76911      0.03706796       5.8782627       4.6477676       8.7413631       10.403075        5.3483496       58.292942       271.69603       42.630142       41.952959        102.5296       0.1261081         0.1015684         0.4056842      0.16581147        0.57851308       2.1964907    2.098571e-09      0.28065149      0.80937567      0.78284033       147.22859       13.275508       2853.1238       1411.2968       20.744004        17.574803         3.1692008       4300.1332                 20.676922                 395.82413                           2423.0977                      13.525045               0.46114748              4.0536133                         8.7607474                                 16.472277             1411.2968       5.9648669
              1       2170.8267       3.0438417       0.9650005            70.5     0.022371909      0.11711892     0.054171839       1.0040387      0.99871828      0.99688234       68.778822     0.035347066       5.8043145       4.6325759        8.693864       10.462896        5.3558862       58.179046       271.63326       42.723184       41.984538       102.51792      0.13091314        0.11147923        0.40485825      0.15891105        0.57960583       2.1953105    2.098571e-09      0.28065149      0.80937567      0.78284033       147.22859       13.275508       2853.6247       1411.2968       20.509638        17.406987         3.1026506       4300.6341                 20.676922                 395.82413                           2423.5986                      13.525045               0.46114748              4.0536133                         8.7607474                                 16.472277             1411.2968       5.9648669
              1       2171.1163       3.0438417       0.9650005            70.5     0.022371909      0.11711892     0.054171839       1.0040387      0.99872877      0.99693329       68.690505     0.047333955       5.8339488       4.7139784       8.8028901       10.685917        5.3732538       57.805015       272.72895       43.040184       42.521067       103.02353      0.12285181        0.11678797        0.41193002      0.18123307        0.56549643       2.1839687    2.098571e-09      0.28065149      0.80937567      0.78284033       147.22859       13.275508       2854.4743       1411.2968       20.374411        17.207582         3.1668287       4301.4838                 20.676922                 395.82413                           2424.4483                      13.525045               0.46114748              4.0536133                         8.7607474                                 16.472277             1411.2968       5.9648669
              1       2171.2909       3.0438417       0.9650005            70.5     0.022371909      0.11711892     0.054171839       1.0040387      0.99870718      0.99694884       68.667164     0.048262312       5.7797906       4.6450725       8.8358221       10.718435        5.4027144        57.87807       273.74686       43.051789       42.474297       103.05478      0.12387584         0.1099302        0.41612146      0.18335722         0.5641889       2.2001457    2.098571e-09      0.28065149      0.80937567      0.78284033       147.22859       13.275508       2854.7818       1411.2968       20.395233        17.305674         3.0895587       4301.7912                 20.676922                 395.82413                           2424.7557                      13.525045               0.46114748              4.0536133                         8.7607474                                 16.472277             1411.2968       5.9648669
              1       2171.4659       3.0438417       0.9650005            70.5     0.022371909      0.11711892     0.054171839       1.0040387      0.99895473        0.996848       68.482483     0.052135685       5.7004791       4.5529021       8.6742966       11.017867        4.9579854        57.70943        271.8967       43.579822       41.829083       102.97244       0.1706764        0.11844034        0.39549457      0.19223183        0.58476198       2.2425483    2.098571e-09      0.28065149      0.80937567      0.78284033       147.22859       13.275508       2855.4773       1411.2968       20.222563        17.237262         2.9853014       4302.4867                 20.676922                 395.82413                           2425.4512                      13.525045               0.46114748              4.0536133                         8.7607474                                 16.472277             1411.2968       5.9648669
              1       2172.0344       3.0438417       0.9650005            70.5     0.022371909      0.11711892     0.054171839       1.0040387      0.99893235      0.99678994       68.546063     0.039077982       5.6886877       4.5191101       9.2698003       10.867553        4.8174811        57.77575       268.10837       44.382329       42.267483       101.97536      0.16252935        0.10758491        0.38042107      0.20986695          0.640806       2.2369214    2.098571e-09      0.28065149      0.80937567      0.78284033       147.22859       13.275508       2856.9696       1411.2968       20.044889        17.083853         2.9610357       4303.9791                 20.676922                 395.82413                           2426.9435                      13.525045               0.46114748              4.0536133                         8.7607474                                 16.472277             1411.2968       5.9648669
              1       2171.7849       3.0438417       0.9650005            70.5     0.022371909      0.11711892     0.054171839         1.00349      0.99893235      0.99678994       68.546063     0.039077982       5.6886877       4.5191101       9.2698003       10.867553        4.8174811        57.77575       268.10837       44.382329       42.267483       101.97536      0.16252935        0.10758491        0.38042107      0.20986695          0.640806       2.2369214    2.098571e-09      0.28065149      0.80937567      0.78284033       147.22859       13.275508       2857.1317       1411.2968       19.714364        16.753328         2.9610357       4304.1412                  20.71888                 395.82183                            2427.471                      13.120019               0.46114748              4.0536133                         8.7607474                                 16.472277             1411.2968       5.9648669
              2        2171.509       3.0438417       0.9650005            70.5     0.022371909      0.11711892     0.054171839         1.00349      0.99874929      0.99672586       69.730187     0.080672458       5.4827045       4.3402608       9.7154807       10.639026        6.0816886       56.708129       252.12963       47.237086       40.102517       102.67042       0.1761218        0.16844995        0.40644611      0.20801452        0.59759029       2.2308486    2.098571e-09      0.28065149      0.80937567      0.78284033       147.22859       13.275508       2854.2014       1411.2968       20.903604        18.161009         2.7425948       4301.2109                  20.71888                 395.82183                           2424.5407                      13.120019               0.46114748              4.0536133                         8.7607474                                 16.472277             1411.2968       5.9648669
              2       2171.1712       3.0438417       0.9650005            70.5     0.022371909      0.11711892     0.054171839         1.00349       0.9984329      0.99692126       69.873006     0.093813199       5.1112444       3.5976212       9.2778531       10.717428        5.8885957       57.009444       256.70178       47.124087       39.484163       102.11064      0.15577795        0.16269693         0.3980714      0.22053175        0.64097352        2.274876    2.098571e-09      0.28065149      0.80937567      0.78284033       147.22859       13.275508       2855.2625       1411.2968       20.035248        17.730007         2.3052403       4302.2719                  20.71888                 395.82183                           2425.6018                      13.120019               0.46114748              4.0536133                         8.7607474                                 16.472277             1411.2968       5.9648669
              2       2171.2564       3.0438417       0.9650005            70.5     0.022371909      0.11711892     0.054171839       1.0030435       0.9984329      0.99692126       69.873006     0.093813199       5.1112444       3.5976212       9.2778531       10.717428        5.8885957       57.009444       256.70178       47.124087       39.484163       102.11064      0.15577795        0.16269693         0.3980714      0.22053175        0.64097352        2.274876    2.098571e-09      0.28065149      0.80937567      0.78284033       147.22859       13.275508       2855.8995       1411.2968       19.801902        17.496662         2.3052403        4302.909                 20.753648                 395.80657                           2426.5367                      12.802667               0.46114748              4.0536133                         8.7607474                                 16.472277             1411.2968       5.9648669
              1       2171.1713       3.0438417       0.9650005            70.5     0.022371909      0.11711892     0.054171839       1.0030435      0.99844734      0.99692857       69.936044     0.089001826       5.1054067       3.6022981       9.2580505         10.6812        5.9234439       57.102208       256.03462       47.424178       39.491856       102.06183      0.15759087        0.16417336        0.40194373      0.22066872        0.63680868        2.279206    2.098571e-09      0.28065149      0.80937567      0.78284033       147.22859       13.275508       2855.7788       1411.2968       19.777161        17.473099         2.3040624       4302.7882                 20.753648                 395.80657                           2426.4159                      12.802667               0.46114748              4.0536133                         8.7607474                                 16.472277             1411.2968       5.9648669
              1       2170.4661       3.0438417       0.9650005            70.5     0.022371909      0.11711892     0.054171839       1.0030435      0.99858587      0.99698691       70.226043     0.069045104       5.1027593       3.6697135       9.6078816       10.398299         5.902458       57.274493       256.71331       46.764653       39.481051       103.11675      0.13016181         0.1307646        0.37642001      0.23592266        0.60614259       2.2725036    2.098571e-09      0.28065149      0.80937567      0.78284033       147.22859       13.275508       2855.7123       1411.2968       19.105222        16.784996         2.3202261       4302.7217                 20.753648                 395.80657                           2426.3494                      12.802667               0.46114748              4.0536133                         8.7607474                                 16.472277             1411.2968       5.9648669
              2       2169.9032       3.0438417       0.9650005            70.5     0.022371909      0.11711892     0.054171839       1.0039186      0.99871547      0.99674718       69.760776     0.058978174       4.7447339       3.5100485       10.166355       10.535099        5.5318008       57.476102        255.9482       46.739553       40.476466       103.34411      0.10026639        0.15038896        0.45238217       0.2460327        0.60027755       2.2404617    2.098571e-09      0.28065149      0.80937567      0.78284033       147.22859       13.275508       2852.7569       1411.2968       20.020092         17.86003         2.1600617       4299.7663                 20.686034                 395.82413                           2422.8117                      13.434962               0.46114748              4.0536133                         8.7607474                                 16.472277             1411.2968       5.9648669
              1       2169.3212       3.0438417       0.9650005            70.5     0.022371909      0.11711892     0.054171839       1.0031469      0.99871547      0.99674718       69.760776     0.058978174       4.7447339       3.5100485       10.166355       10.535099        5.5318008       57.476102        255.9482       46.739553       40.476466       103.34411      0.10026639        0.15038896        0.45238217       0.2460327        0.60027755       2.2404617    2.098571e-09      0.28065149      0.80937567      0.78284033       147.22859       13.275508       2852.4652       1411.2968        19.58389        17.423828         2.1600617       4299.4747                 20.745549                 395.80657                            2423.038                      12.875159               0.46114748              4.0536133                         8.7607474                                 16.472277             1411.2968       5.9648669
              1       2169.8293       3.0438417       0.9650005            70.5     0.022371909      0.11711892     0.054171839       1.0031469      0.99873559      0.99685384       69.664309     0.055054771       4.7139388        3.460444       10.127348       10.728949        5.3431885       57.249518       261.32772       46.722495       40.554248       102.64345     0.083743152        0.16353601        0.44908901      0.24924822        0.60133447       2.2122565    2.098571e-09      0.28065149      0.80937567      0.78284033       147.22859       13.275508       2852.9234       1411.2968       19.862875        17.719866         2.1430089       4299.9329                 20.745549                 395.80657                           2423.4962                      12.875159               0.46114748              4.0536133                         8.7607474                                 16.472277             1411.2968       5.9648669
              2       2170.5251       3.0438417       0.9650005            70.5     0.022371909      0.11711892     0.054171839        1.002644      0.99873559      0.99685384       69.664309     0.055054771       4.7139388        3.460444       10.127348       10.728949        5.3431885       57.249518       261.32772       46.722495       40.554248       102.64345     0.083743152        0.16353601        0.44908901      0.24924822        0.60133447       2.2122565    2.098571e-09      0.28065149      0.80937567      0.78284033       147.22859       13.275508        2854.781       1411.2968       19.629907        17.486898         2.1430089       4301.7905                 20.785267                 395.81302                           2425.6548                       12.52794               0.46114748              4.0536133                         8.7607474                                 16.472277             1411.2968       5.9648669
              1       2170.8342       3.0438417       0.9650005            70.5     0.022371909      0.11711892     0.054171839        1.002644      0.99873773      0.99684482       69.637184     0.055090887       4.6909902       3.4531358       10.173858       10.727015        5.3215182       57.266268       261.12327       46.761255       40.518026       102.63087     0.084814869        0.16880223          0.450321      0.24926907        0.59959552       2.2129993    2.098571e-09      0.28065149      0.80937567      0.78284033       147.22859       13.275508       2855.0557       1411.2968       19.801606        17.665841         2.1357655       4302.0652                 20.785267                 395.81302                           2425.9295                       12.52794               0.46114748              4.0536133                         8.7607474                                 16.472277             1411.2968       5.9648669
              1         2170.41       3.0438417       0.9650005            70.5     0.022371909      0.11711892     0.054171839        1.002644      0.99919804      0.99711375       68.703732     0.082352552       5.0747647       4.2389328       9.5649662          9.8847        4.2659172       57.228958       262.68796       46.526174       42.090644       103.39171     0.054939602         0.1068492        0.46095565      0.20878217         0.7146469       2.4327855    2.098571e-09      0.28065149      0.80937567      0.78284033       147.22859       13.275508       2856.3444       1411.2968       18.733106        16.261592         2.4715144       4303.3538                 20.785267                 395.81302                           2427.2181                       12.52794               0.46114748              4.0536133                         8.7607474                                 16.472277             1411.2968       5.9648669
              2        2169.397       3.0438417       0.9650005            70.5     0.022371909      0.11711892     0.054171839       1.0033936      0.99919804      0.99711375       68.703732     0.082352552       5.0747647       4.2389328       9.5649662          9.8847        4.2659172       57.228958       262.68796       46.526174       42.090644       103.39171     0.054939602         0.1068492        0.46095565      0.20878217         0.7146469       2.4327855    2.098571e-09      0.28065149      0.80937567      0.78284033       147.22859       13.275508       2853.5943       1411.2968       19.095151        16.623636         2.4715144       4300.6037                 20.726339                 395.82183                           2423.9956                      13.050566               0.46114748              4.0536133                         8.7607474                                 16.472277             1411.2968       5.9648669
              1       2169.3734       3.0438417       0.9650005            70.5     0.022371909      0.11711892     0.054171839       1.0033936      0.99933493      0.99710917       68.703959     0.085947108       5.1025375       4.2393711       9.5417432       10.109444        4.3502102       57.375531       262.98633       46.338091       42.147745       103.28577     0.050310509        0.11341389        0.47275895      0.21355778         0.7084835       2.4360261    2.098571e-09      0.28065149      0.80937567      0.78284033       147.22859       13.275508       2853.9579       1411.2968       18.889758        16.403879         2.4858793       4300.9673                 20.726339                 395.82183                           2424.3591                      13.050566               0.46114748              4.0536133                         8.7607474                                 16.472277             1411.2968       5.9648669
              2       2169.3118       3.0438417       0.9650005            70.5     0.022371909      0.11711892     0.054171839       1.0033936      0.99933691      0.99713871       68.688728     0.084566775       5.0632483       4.2593466        9.508488       10.129173        4.3934231        57.35567       262.27459        46.44652       42.104714        103.3727     0.050533989        0.11135416         0.4740428      0.21397686        0.70635422       2.4409166    2.098571e-09      0.28065149      0.80937567      0.78284033       147.22859       13.275508       2853.9893       1411.2968       18.812405        16.340259         2.4721459       4300.9987                 20.726339                 395.82183                           2424.3905                      13.050566               0.46114748              4.0536133                         8.7607474                                 16.472277             1411.2968       5.9648669
              1       2169.2977       3.0438417       0.9650005            70.5     0.022371909      0.11711892     0.054171839       1.0033936      0.99946471      0.99716874       68.859804     0.080739924        5.039561       4.0351429       9.6016447       9.9756398         4.409524       57.129293       259.11563       46.350825       42.268281       103.62966     0.046925691        0.10650875        0.48815622      0.21351543        0.69140657       2.4093605    2.098571e-09      0.28065149      0.80937567      0.78284033       147.22859       13.275508       2854.1231       1411.2968       18.731454        16.338798          2.392656       4301.1326                 20.726339                 395.82183                           2424.5244                      13.050566               0.46114748              4.0536133                         8.7607474                                 16.472277             1411.2968       5.9648669
              2       2171.4142       3.0438417       0.9650005            70.5     0.022371909      0.11711892     0.054171839       1.0033936        1.000022      0.99742807        68.78971      0.12551527        5.246859       4.2421525       8.3950251       10.081405        5.9686591       56.746121       272.50433       45.454524        42.64253       103.50864     0.061213387       0.096119164        0.45936022      0.22333878        0.64505715       2.4553676    2.098571e-09      0.28065149      0.80937567      0.78284033       147.22859       13.275508       2861.3874       1411.2968       17.215763        14.651458         2.5643044       4308.3968                 20.726339                 395.82183                           2431.7887                      13.050566               0.46114748              4.0536133                         8.7607474                                 16.472277             1411.2968       5.9648669
              1       2173.1725       3.0438417       0.9650005            70.5     0.022371909      0.11711892     0.054171839       1.0033936       0.9999138      0.99760051       68.497842      0.15179164       5.2409541       4.0074528       8.4492873       10.060652        5.9210398       56.744332       270.70909       45.343136       42.465597       102.88926     0.058954248       0.088889462        0.43945592      0.22459277        0.61930241       2.4356701    2.098571e-09      0.28065149      0.80937567      0.78284033       147.22859       13.275508       2864.4215       1411.2968       17.457039        14.974525         2.4825136       4311.4309                 20.726339                 395.82183                           2434.8228                      13.050566               0.46114748              4.0536133                         8.7607474                                 16.472277             1411.2968       5.9648669
              1       2168.8151       3.0438417       0.9650005            70.5     0.022371909      0.11711892     0.054171839       1.0033936      0.99996501      0.99789212       68.033359      0.14977994       5.0638022       4.2014379       8.4820429       9.5774528        6.5381709       59.207757        268.7291       43.136151       40.894058       103.30692     0.075846051        0.10018143        0.53859349      0.19402697         0.6493652       2.4357235    2.098571e-09      0.28065149      0.80937567      0.78284033       147.22859       13.275508       2858.3101       1411.2968       16.155347        13.701144         2.4542026       4305.3196                 20.726339                 395.82183                           2428.7114                      13.050566               0.46114748              4.0536133                         8.7607474                                 16.472277             1411.2968       5.9648669
              1        2167.606       3.0438417       0.9650005            70.5     0.022371909      0.11711892     0.054171839       1.0033936      0.99978957      0.99804741       68.045635      0.14042758       4.8861254        4.521107       8.7160752       9.9750164        6.3554316       59.236458       269.41406       43.652333       39.887765       103.32088     0.093974749        0.13706324        0.54424633       0.1897024        0.64918058       2.4346235    2.098571e-09      0.28065149      0.80937567      0.78284033       147.22859       13.275508       2857.2173       1411.2968       15.492673        13.027377         2.4652951       4304.2267                 20.726339                 395.82183                           2427.6185                      13.050566               0.46114748              4.0536133                         8.7607474                                 16.472277             1411.2968       5.9648669
              1       2167.8154       3.0438417       0.9650005            70.5     0.022371909      0.11711892     0.054171839       1.0033936      0.99980479      0.99805964       67.925836       0.1487602       4.8957431       4.5167816       8.6614455       10.029893        6.2862543       59.222342       270.61531       43.698598        39.91698       103.44785     0.093202938        0.13964171        0.54169094      0.19329187        0.64403976       2.4407618    2.098571e-09      0.28065149      0.80937567      0.78284033       147.22859       13.275508         2857.57       1411.2968       15.525654        13.056862         2.4687915       4304.5795                 20.726339                 395.82183                           2427.9713                      13.050566               0.46114748              4.0536133                         8.7607474                                 16.472277             1411.2968       5.9648669
              1       2167.9946       3.0438417       0.9650005            70.5     0.022371909      0.11711892     0.054171839       1.0023112      0.99980479      0.99805964       67.925836       0.1487602       4.8957431       4.5167816       8.6614455       10.029893        6.2862543       59.222342       270.61531       43.698598        39.91698       103.44785     0.093202938        0.13964171        0.54169094      0.19329187        0.64403976       2.4407618    2.098571e-09      0.28065149      0.80937567      0.78284033       147.22859       13.275508       2858.9165       1411.2968       15.031677        12.562885         2.4687915       4305.9259                 20.812032                 395.81029                           2429.9884                      12.305804               0.46114748              4.0536133                         8.7607474                                 16.472277             1411.2968       5.9648669
              1       2166.4294       3.0438417       0.9650005            70.5     0.022371909      0.11711892     0.054171839       1.0023112      0.99977726      0.99796555       68.169675      0.16925481       4.3931569       4.4559104       8.7537925       10.168226        6.8865988       60.146811       279.36343       43.215609       40.316259       104.21371      0.10328843        0.10953689        0.51766473      0.18787213        0.62845698       2.3482439    2.098571e-09      0.28065149      0.80937567      0.78284033       147.22859       13.275508       2857.2214       1411.2968       14.313987        12.077543         2.2364437       4304.2308                 20.812032                 395.81029                           2428.2933                      12.305804               0.46114748              4.0536133                         8.7607474                                 16.472277             1411.2968       5.9648669
              1       2166.0491       3.0438417       0.9650005            70.5     0.022371909      0.11711892     0.054171839       1.0023112      0.99971221      0.99798881        68.23973      0.18221606       4.3860484       4.4734378        8.523951       9.8523765         6.730117       60.204523       276.01933        43.85171       40.201834       104.42888      0.10696633        0.12108756        0.51558453      0.18710063         0.6037094       2.2811675    2.098571e-09      0.28065149      0.80937567      0.78284033       147.22859       13.275508       2856.3039       1411.2968       14.392462        12.154659         2.2378031       4303.3134                 20.812032                 395.81029                           2427.3758                      12.305804               0.46114748              4.0536133                         8.7607474                                 16.472277             1411.2968       5.9648669
              1       2167.2876       3.0438417       0.9650005            70.5     0.022371909      0.11711892     0.054171839       1.0023112      0.99975998      0.99818598       68.055916      0.19377615        4.349291       4.4681486       8.5400078       9.9213889        6.5615296       59.923402        276.2933       42.608531       40.524715       104.46345      0.12134786        0.11497688        0.51042013      0.20156382         0.5907115       2.2946726    2.098571e-09      0.28065149      0.80937567      0.78284033       147.22859       13.275508       2858.7196       1411.2968       14.423087        12.199237         2.2238499        4305.729                 20.812032                 395.81029                           2429.7915                      12.305804               0.46114748              4.0536133                         8.7607474                                 16.472277             1411.2968       5.9648669
              4       2166.8877       3.0438417       0.9650005            70.5     0.022371909      0.11711892     0.054171839       1.0023112      0.99981197      0.99805711       67.778598      0.18275086       4.2157043       4.5094161       8.8286377       9.8704762        6.2962734       59.976901       271.06475       42.435732       40.696316       103.37253      0.13017796        0.12528902        0.52231483      0.23031727        0.61053969       2.2589008    2.098571e-09      0.28065149      0.80937567      0.78284033       147.22859       13.275508       2858.4303       1411.2968       14.167813        11.979239         2.1885742       4305.4398                 20.812032                 395.81029                           2429.5022                      12.305804               0.46114748              4.0536133                         8.7607474                                 16.472277             1411.2968       5.9648669
              1       2167.5952       3.0438417       0.9650005            70.5     0.022371909      0.11711892     0.054171839       1.0023112      0.99953686      0.99802492       68.040766      0.18385637       4.1742131       4.2864748       9.0055331       9.6764506        6.1648944       59.834769       273.23441        41.63586       40.197885       102.50615      0.13347427        0.15486407        0.51453912      0.20762784          0.625537       2.3517125    2.098571e-09      0.28065149      0.80937567      0.78284033       147.22859       13.275508       2858.9465       1411.2968       14.617262        12.480441         2.1368207       4305.9559                 20.812032                 395.81029                           2430.0184                      12.305804               0.46114748              4.0536133                         8.7607474                                 16.472277             1411.2968       5.9648669
              2       2169.7939       3.0438417       0.9650005            70.5     0.022371909      0.11711892     0.054171839       1.0023112      0.99955065      0.99803215       67.806371      0.19945469       4.0196799       4.2492464       9.4478553       9.7943303        6.3890372       59.753185       276.32931       41.851528       40.701146       102.07051      0.12244652        0.15245846        0.50090421      0.25486196        0.60734078       2.3891347    2.098571e-09      0.28065149      0.80937567      0.78284033       147.22859       13.275508        2862.811       1411.2968       14.883695        12.788692         2.0950027       4309.8204                 20.812032                 395.81029                           2433.8828                      12.305804               0.46114748              4.0536133                         8.7607474                                 16.472277             1411.2968       5.9648669
              2        2168.445       3.0438417       0.9650005            70.5     0.022371909      0.11711892     0.054171839       1.0023112      0.99964527      0.99811255       67.825647      0.25204589       4.0729556       4.7013423       9.6377438       9.5209126          6.06612       59.796938       275.85654       43.523124       41.356459       101.42276       0.1358785        0.14801559        0.52485698      0.20187519        0.60745194       2.4627278    2.098571e-09      0.28065149      0.80937567      0.78284033       147.22859       13.275508         2859.83       1411.2968       15.025303        12.843765          2.181538       4306.8395                 20.812032                 395.81029                           2430.9019                      12.305804               0.46114748              4.0536133                         8.7607474                                 16.472277             1411.2968       5.9648669
              2       2168.8245       3.0438417       0.9650005            70.5     0.022371909      0.11711892     0.054171839       1.0023112      0.99979173      0.99802539       69.568913      0.26543404        3.854003       5.0612531       10.051089       9.4150964        5.6193891       61.670613       277.29131       41.601852        42.57467       100.38556      0.10945889        0.10312536         0.4543391      0.17901362        0.58941804       2.2845274    2.098571e-09      0.28065149      0.80937567      0.78284033       147.22859       13.275508        2860.605       1411.2968       15.017242        12.833868         2.1833731       4307.6144                 20.812032                 395.81029                           2431.6769                      12.305804               0.46114748              4.0536133                         8.7607474                                 16.472277             1411.2968       5.9648669
              1       2168.8785       3.0438417       0.9650005            70.5     0.022371909      0.11711892     0.054171839       1.0023112       1.0000815      0.99778723       69.768802      0.28606366        3.944395       5.4092849        9.472275       10.337572        7.2689735       60.237264       283.79531        42.82931       42.444743       102.16157      0.17007688         0.1370921        0.50004708      0.18142724         0.6384665       2.2892273    2.098571e-09      0.28065149      0.80937567      0.78284033       147.22859       13.275508       2862.4615       1411.2968       14.143067        11.851638          2.291429       4309.4709                 20.812032                 395.81029                           2433.5333                      12.305804               0.46114748              4.0536133                         8.7607474                                 16.472277             1411.2968       5.9648669
              1       2169.7003       3.0438417       0.9650005            70.5     0.022371909      0.11711892     0.054171839       1.0023112       1.0000949      0.99778016        69.74648      0.28981267       3.9824843       5.3088655       9.3961149       10.227224        7.3258722       60.594957       285.42167       42.567974       42.544581        102.3924      0.18973615        0.13321019        0.49370454      0.18714289        0.63898609       2.2759267    2.098571e-09      0.28065149      0.80937567      0.78284033       147.22859       13.275508       2863.2819       1411.2968       14.554616        12.272839         2.2817766       4310.2914                 20.812032                 395.81029                           2434.3538                      12.305804               0.46114748              4.0536133                         8.7607474                                 16.472277             1411.2968       5.9648669
              1       2169.3856       3.0438417       0.9650005            70.5     0.022371909      0.11711892     0.054171839       1.0023112        1.000182      0.99786079       69.719967      0.28754552       3.9201403       5.1753327        9.408206       10.301217        7.5145306       60.915352       283.90957       42.538518       42.552372       102.14772      0.18643682        0.14624736        0.50255046      0.19098934        0.63963427        2.280964    2.098571e-09      0.28065149      0.80937567      0.78284033       147.22859       13.275508       2862.9718       1411.2968       14.395028        12.166756         2.2282719       4309.9812                 20.812032                 395.81029                           2434.0437                      12.305804               0.46114748              4.0536133                         8.7607474                                 16.472277             1411.2968       5.9648669
              1       2171.2055       3.0438417       0.9650005            70.5     0.022371909      0.11711892     0.054171839       1.0023112       1.0001942      0.99745685        68.06239      0.30337626        4.080003       4.2254692       9.7739252       10.769417        7.4681631       61.411749       279.97492       45.840142       44.421806       102.20216      0.18567536        0.13978631        0.46023894     0.073772964        0.64132546       2.3149307    2.098571e-09      0.28065149      0.80937567      0.78284033       147.22859       13.275508       2862.9646       1411.2968       16.218425        14.113585         2.1048396       4309.9741                 20.812032                 395.81029                           2434.0365                      12.305804               0.46114748              4.0536133                         8.7607474                                 16.472277             1411.2968       5.9648669
              2       2170.7754       3.0438417       0.9650005            70.5     0.022371909      0.11711892     0.054171839       1.0023112       1.0000767      0.99746852       68.265281      0.29715352       4.0156464       4.2244624       9.7323509       10.721216        6.9436762       61.685109       279.50715       46.052884       44.263398       102.43869      0.18738252        0.11288578         0.5011441     0.053944892        0.66287357       2.3221411    2.098571e-09      0.28065149      0.80937567      0.78284033       147.22859       13.275508       2860.5835       1411.2968       16.978927        14.887968         2.0909587       4307.5929                 20.812032                 395.81029                           2431.6553                      12.305804               0.46114748              4.0536133                         8.7607474                                 16.472277             1411.2968       5.9648669
              5       2169.9369       3.0438417       0.9650005            70.5     0.022371909      0.11711892     0.054171839       1.0023112      0.99998308      0.99743221       68.646895      0.31295626       4.1005281         4.19065       9.6400324       10.857898        6.8214707       61.743648       279.90771       45.446498       44.351257       103.05095      0.15394292        0.12986372        0.49958135     0.087090592         0.6681232       2.3588703    2.098571e-09      0.28065149      0.80937567      0.78284033       147.22859       13.275508       2862.1599       1411.2968       15.352238        13.247674         2.1045641       4309.1693                 20.812032                 395.81029                           2433.2318                      12.305804               0.46114748              4.0536133                         8.7607474                                 16.472277             1411.2968       5.9648669
              2       2170.6781       3.0438417       0.9650005            70.5     0.022371909      0.11711892     0.054171839       1.0018893       1.0000873      0.99748838         68.5939      0.36160756       4.0081494       4.4922724       9.4473673       11.158293        6.9249749       61.115959       283.84944       45.183204       44.829837        102.8483      0.14324049        0.12311721        0.50026246      0.10152139        0.63641299       2.3941524    2.098571e-09      0.28065149      0.80937567      0.78284033       147.22859       13.275508       2864.4972       1411.2968       14.924798        12.797531         2.1272675       4311.5066                 20.846502                 395.83385                           2435.7838                      12.033035               0.46114748              4.0536133                         8.7607474                                 16.472277             1411.2968       5.9648669
              1       2171.4965       3.0438417       0.9650005            70.5     0.022371909      0.11711892     0.054171839       1.0018893      0.99999962      0.99739509       68.513034      0.36945365       4.0102143       4.6044154       9.7566168       11.188877        6.8355539       61.229012       286.06598       45.400287       45.090043       103.40417      0.12313993        0.12261169        0.50518802         0.10366        0.63734185       2.3896237    2.098571e-09      0.28065149      0.80937567      0.78284033       147.22859       13.275508       2865.7119       1411.2968       15.135833        12.989799         2.1460345       4312.7214                 20.846502                 395.83385                           2436.9985                      12.033035               0.46114748              4.0536133                         8.7607474                                 16.472277             1411.2968       5.9648669
              3       2168.8145       3.0438417       0.9650005            70.5     0.022371909      0.11711892     0.054171839       1.0026738      0.99999962      0.99739509       68.513034      0.36945365       4.0102143       4.6044154       9.7566168       11.188877        6.8355539       61.229012       286.06598       45.400287       45.090043       103.40417      0.12313993        0.12261169        0.50518802         0.10366        0.63734185       2.3896237    2.098571e-09      0.28065149      0.80937567      0.78284033       147.22859       13.275508       2859.7751       1411.2968       15.422204        13.276169         2.1460345       4306.7845                  20.78289                 395.81302                            2430.631                      12.548124               0.46114748              4.0536133                         8.7607474                                 16.472277             1411.2968       5.9648669
              4       2169.2618       3.0438417       0.9650005            70.5     0.022371909      0.11711892     0.054171839       1.0026738        1.000371      0.99749302       68.307184      0.41409811       4.5635606       4.6935349         9.54637       10.698749        7.2394378       61.657309       287.74844       45.837327       47.693673       105.17126      0.12724396         0.1492996        0.54840287      0.16385017        0.58735967       2.4689287    2.098571e-09      0.28065149      0.80937567      0.78284033       147.22859       13.275508       2860.5218       1411.2968       15.496149        13.132699         2.3634498       4307.5312                  20.78289                 395.81302                           2431.3777                      12.548124               0.46114748              4.0536133                         8.7607474                                 16.472277             1411.2968       5.9648669
              2       2167.0953       3.0438417       0.9650005            70.5     0.022371909      0.11711892     0.054171839       1.0026738       1.0003375      0.99745691       67.906965      0.42087715       4.9091605        4.978067       9.6993573        10.87503        7.4292178       61.953904       281.45904       45.950719       47.688924       104.52466      0.13917988        0.11765118        0.52585269      0.18234839        0.61122787       2.4056898    2.098571e-09      0.28065149      0.80937567      0.78284033       147.22859       13.275508        2857.153       1411.2968       15.014085        12.379476          2.634609       4304.1624                  20.78289                 395.81302                           2428.0089                      12.548124               0.46114748              4.0536133                         8.7607474                                 16.472277             1411.2968       5.9648669
              1       2168.3966       3.0438417       0.9650005            70.5     0.022371909      0.11711892     0.054171839       1.0026738       1.0003678      0.99749569        67.92597      0.42005171       4.9044341       4.7768545       9.5621244       11.029697        7.5214256       62.042607       282.01233       45.866441       47.521165       104.96717      0.13761015       0.097004474         0.5473647       0.1988321        0.62934978       2.4600628    2.098571e-09      0.28065149      0.80937567      0.78284033       147.22859       13.275508       2859.2068       1411.2968       15.288465        12.728745         2.5597207       4306.2162                  20.78289                 395.81302                           2430.0628                      12.548124               0.46114748              4.0536133                         8.7607474                                 16.472277             1411.2968       5.9648669
              3       2168.1888       3.0438417       0.9650005            70.5     0.022371909      0.11711892     0.054171839       1.0026738       1.0003695      0.99748646       67.934805      0.41923103       4.9016296        4.822887       9.5487003       11.011884        7.5264872       62.068585       282.38536        45.78484       47.481257       104.94929      0.13649653        0.10025539        0.55001035      0.20009873        0.63356811       2.4597866    2.098571e-09      0.28065149      0.80937567      0.78284033       147.22859       13.275508       2858.9269       1411.2968       15.220637          12.6464         2.5742372       4305.9364                  20.78289                 395.81302                           2429.7829                      12.548124               0.46114748              4.0536133                         8.7607474                                 16.472277             1411.2968       5.9648669
              1       2167.4197       3.0438417       0.9650005            70.5     0.022371909      0.11711892     0.054171839        1.003548       1.0003695      0.99748646       67.934805      0.41923103       4.9016296        4.822887       9.5487003       11.011884        7.5264872       62.068585       282.38536        45.78484       47.481257       104.94929      0.13649653        0.10025539        0.55001035      0.20009873        0.63356811       2.4597866    2.098571e-09      0.28065149      0.80937567      0.78284033       147.22859       13.275508       2856.5185       1411.2968       15.655797         13.08156         2.5742372       4303.5279                 20.714398                 395.82183                           2426.8201                      13.162108               0.46114748              4.0536133                         8.7607474                                 16.472277             1411.2968       5.9648669
              2       2168.7268       3.0438417       0.9650005            70.5     0.022371909      0.11711892     0.054171839        1.003548       1.0005585      0.99760712       68.322881      0.39300008       4.7827409       4.6954379       9.4647473       11.367344        7.4069317       61.936428       280.90909        45.97994       47.491625       105.43454      0.16338912        0.12719436        0.53443333      0.24550388          0.659886       2.4159297    2.098571e-09      0.28065149      0.80937567      0.78284033       147.22859       13.275508       2859.8286       1411.2968       15.307809        12.839697         2.4681118       4306.8381                 20.714398                 395.82183                           2430.1303                      13.162108               0.46114748              4.0536133                         8.7607474                                 16.472277             1411.2968       5.9648669
              2       2168.7556       3.0438417       0.9650005            70.5     0.022371909      0.11711892     0.054171839        1.003548       1.0005437      0.99762207       68.319496      0.39762273         4.77566       4.7033548       9.4576673       11.352142        7.3894613       62.037801       280.55944        46.08663       47.554111       105.30388      0.16160869        0.13030569        0.52819584      0.25299092        0.65891758       2.4305205    2.098571e-09      0.28065149      0.80937567      0.78284033       147.22859       13.275508         2859.96       1411.2968       15.270889        12.803856         2.4670327       4306.9695                 20.714398                 395.82183                           2430.2617                      13.162108               0.46114748              4.0536133                         8.7607474                                 16.472277             1411.2968       5.9648669
              1       2167.5748       3.0438417       0.9650005            70.5     0.022371909      0.11711892     0.054171839        1.003548       1.0005535      0.99767817       68.374607      0.40367953       4.7948795       4.5803631       9.3835168       11.159501         7.231653        61.88242       282.26846       46.406822       48.138877       105.28018      0.15373588        0.14754821        0.53865896      0.24213276        0.66894589       2.4104019    2.098571e-09      0.28065149      0.80937567      0.78284033       147.22859       13.275508       2857.8686       1411.2968       15.135816        12.697463         2.4383531        4304.878                 20.714398                 395.82183                           2428.1703                      13.162108               0.46114748              4.0536133                         8.7607474                                 16.472277             1411.2968       5.9648669
              4       2168.4548       3.0438417       0.9650005            70.5     0.022371909      0.11711892     0.054171839        1.003548        1.000721      0.99734876       68.206391      0.37226422       4.7277781       4.4798372        10.77732       11.016114        8.1395133       62.570387       271.19111       48.043944       49.505659       106.07687      0.14538856        0.14026418        0.48937861       0.2197501         0.6472494       2.4753943    2.098571e-09      0.28065149      0.80937567      0.78284033       147.22859       13.275508       2858.9275       1411.2968       15.486345        13.109163         2.3771826       4305.9369                 20.714398                 395.82183                           2429.2292                      13.162108               0.46114748              4.0536133                         8.7607474                                 16.472277             1411.2968       5.9648669
              1       2167.5037       3.0438417       0.9650005            70.5     0.022371909      0.11711892     0.054171839        1.003548       1.0007219      0.99752924       68.399971      0.37096812       4.9171145       3.9872734       10.871935       10.766064        8.1252803       63.660083       286.53201       48.625073       49.553855        104.3396      0.16390041        0.18383085        0.50243786      0.21766974        0.63929249       2.3437747    2.098571e-09      0.28065149      0.80937567      0.78284033       147.22859       13.275508        2855.286       1411.2968       16.355929        14.030355         2.3255735       4302.2955                 20.714398                 395.82183                           2425.5877                      13.162108               0.46114748              4.0536133                         8.7607474                                 16.472277             1411.2968       5.9648669
              3       2167.9452       3.0438417       0.9650005            70.5     0.022371909      0.11711892     0.054171839       1.0038481       1.0007219      0.99752924       68.399971      0.37096812       4.9171145       3.9872734       10.871935       10.766064        8.1252803       63.660083       286.53201       48.625073       49.553855        104.3396      0.16390041        0.18383085        0.50243786      0.21766974        0.63929249       2.3437747    2.098571e-09      0.28065149      0.80937567      0.78284033       147.22859       13.275508       2855.8141       1411.2968       16.533457        14.207883         2.3255735       4302.8236                   20.6914                 395.82413                           2425.9161                      13.382467               0.46114748              4.0536133                         8.7607474                                 16.472277             1411.2968       5.9648669
              4       2167.2275       3.0438417       0.9650005            70.5     0.022371909      0.11711892     0.054171839       1.0038481       1.0006662      0.99755146       68.476294      0.37881127       4.9202038       4.0072693       11.028032       10.849709        8.2780801       63.909959       288.04152       48.628398       49.335755       104.40619       0.1564821        0.17343736        0.51144427      0.20507599        0.63282628       2.3734153    2.098571e-09      0.28065149      0.80937567      0.78284033       147.22859       13.275508       2855.2185       1411.2968       16.113528        13.781395         2.3321327        4302.228                   20.6914                 395.82413                           2425.3205                      13.382467               0.46114748              4.0536133                         8.7607474                                 16.472277             1411.2968       5.9648669
              1       2167.0553       3.0438417       0.9650005            70.5     0.022371909      0.11711892     0.054171839       1.0029935       1.0006662      0.99755146       68.476294      0.37881127       4.9202038       4.0072693       11.028032       10.849709        8.2780801       63.909959       288.04152       48.628398       49.335755       104.40619       0.1564821        0.17343736        0.51144427      0.20507599        0.63282628       2.3734153    2.098571e-09      0.28065149      0.80937567      0.78284033       147.22859       13.275508       2855.8096       1411.2968       15.645814        13.313681         2.3321327       4302.8191                 20.757576                 395.80657                           2426.4777                      12.767818               0.46114748              4.0536133                         8.7607474                                 16.472277             1411.2968       5.9648669
              1       2167.7328       3.0438417       0.9650005            70.5     0.022371909      0.11711892     0.054171839       1.0029935       1.0006448      0.99766948       68.349256      0.35857671       4.8558808       3.9562154       11.318624       10.709938        8.5067499       63.874645       286.11325       48.729362       49.330346       104.10862      0.18561594        0.12806354        0.49500415      0.21855859        0.66267505       2.3983185    2.098571e-09      0.28065149      0.80937567      0.78284033       147.22859       13.275508       2857.7404       1411.2968       15.357884        13.065144           2.29274       4304.7499                 20.757576                 395.80657                           2428.4085                      12.767818               0.46114748              4.0536133                         8.7607474                                 16.472277             1411.2968       5.9648669
              1       2168.3108       3.0438417       0.9650005            70.5     0.022371909      0.11711892     0.054171839       1.0029935       1.0007283      0.99758938       68.565124      0.33306595       4.8314312       3.6723285       11.537044       10.557923        8.1346074       63.283547       288.39029       48.077696       49.270941       104.53056      0.19075212        0.14200318        0.48750758      0.21010456         0.6866884       2.3334433    2.098571e-09      0.28065149      0.80937567      0.78284033       147.22859       13.275508       2858.0887       1411.2968       15.761712        13.543052         2.2186595       4305.0981                 20.757576                 395.80657                           2428.7567                      12.767818               0.46114748              4.0536133                         8.7607474                                 16.472277             1411.2968       5.9648669
              1       2169.1972       3.0438417       0.9650005            70.5     0.022371909      0.11711892     0.054171839       1.0029935       1.0006335      0.99759361       68.642221      0.34983844       4.8886854       3.9325869       11.586943       10.592107        7.9539437       63.143265       287.45445        48.45841       49.334832       104.65645      0.21027337         0.1276191         0.5153709      0.19573375         0.6996854       2.2713737    2.098571e-09      0.28065149      0.80937567      0.78284033       147.22859       13.275508       2858.1068       1411.2968       16.639112        14.339189         2.2999228       4305.1162                 20.757576                 395.80657                           2428.7748                      12.767818               0.46114748              4.0536133                         8.7607474                                 16.472277             1411.2968       5.9648669
              1       2169.4992       3.0438417       0.9650005            70.5     0.022371909      0.11711892     0.054171839       1.0029935       1.0005648       0.9976623       68.387217      0.35862649       4.7816837       3.6995948       11.601169       10.395192        7.8749692       63.166402       290.60945       49.271096        49.74182       104.05229      0.22438999         0.1464856        0.50640287      0.17210629        0.68732576       2.2468608    2.098571e-09      0.28065149      0.80937567      0.78284033       147.22859       13.275508       2857.4457       1411.2968        17.27169        15.063941         2.2077491       4304.4551                 20.757576                 395.80657                           2428.1137                      12.767818               0.46114748              4.0536133                         8.7607474                                 16.472277             1411.2968       5.9648669
              1       2166.6294       3.0438417       0.9650005            70.5     0.022371909      0.11711892     0.054171839       1.0025709       1.0005623      0.99761154       68.717926       0.4184725       4.9022927       3.4642289       11.371445        11.02744        9.3460775       63.593633       289.39471       49.982819       47.659835       104.27164      0.12251231        0.11608744        0.43635056      0.17067507        0.57999432       2.3767582    2.098571e-09      0.28065149      0.80937567      0.78284033       147.22859       13.275508       2856.3978       1411.2968       14.925754         12.72662         2.1991337       4303.4072                 20.791107                 395.81302                            2427.315                      12.478665               0.46114748              4.0536133                         8.7607474                                 16.472277             1411.2968       5.9648669
              2       2166.9094       3.0438417       0.9650005            70.5     0.022371909      0.11711892     0.054171839       1.0025709       1.0005328      0.99759919       68.694654      0.41550653       4.9163161       3.4813398       11.369258       11.058105          9.24044       63.585294       289.90102        50.09511       47.599683       104.40839      0.12331556        0.11716887         0.4390535      0.16707991        0.57545391       2.3792162    2.098571e-09      0.28065149      0.80937567      0.78284033       147.22859       13.275508       2856.7686       1411.2968       15.020398        12.813233          2.207165       4303.7781                 20.791107                 395.81302                           2427.6858                      12.478665               0.46114748              4.0536133                         8.7607474                                 16.472277             1411.2968       5.9648669
              1       2169.5161       3.0438417       0.9650005            70.5     0.022371909      0.11711892     0.054171839       1.0025709       1.0003775       0.9975846       68.791457      0.44339117       4.7529908        3.470543       10.982147       11.126958        9.2045685       63.378886       298.30678       48.824819       48.439135       104.13498      0.13819384        0.14489697        0.39580889      0.14149532        0.55570453       2.4011319    2.098571e-09      0.28065149      0.80937567      0.78284033       147.22859       13.275508       2860.9473       1411.2968       15.537759        13.382338         2.1554208       4307.9567                 20.791107                 395.81302                           2431.8645                      12.478665               0.46114748              4.0536133                         8.7607474                                 16.472277             1411.2968       5.9648669
              2       2168.3473       3.0438417       0.9650005            70.5     0.022371909      0.11711892     0.054171839       1.0027812       1.0004064       0.9975858       68.798194      0.43746248       4.7051214       3.4609875       10.860439       11.203731        9.1495652       63.681115       300.97868       49.060168       48.386615       104.31106      0.14209439        0.13908949        0.39118588      0.15953946        0.56984719       2.4253426    2.098571e-09      0.28065149      0.80937567      0.78284033       147.22859       13.275508       2859.3247       1411.2968       15.180205        13.039451         2.1407543       4306.3341                 20.774346                 395.81302                            2430.116                      12.621314               0.46114748              4.0536133                         8.7607474                                 16.472277             1411.2968       5.9648669
              1       2168.1658       3.0438417       0.9650005            70.5     0.022371909      0.11711892     0.054171839       1.0027812       1.0006133      0.99774331       68.648543      0.37307604       4.8011412        3.140968       10.812544       11.244484        8.9424754       63.183375       295.94954       48.585845        48.33085       104.37965     0.099295952        0.12447848        0.38281253      0.17170439         0.5803356       2.4143151    2.098571e-09      0.28065149      0.80937567      0.78284033       147.22859       13.275508       2858.8927       1411.2968       15.214781         13.10002          2.114761       4305.9021                 20.774346                 395.81302                            2429.684                      12.621314               0.46114748              4.0536133                         8.7607474                                 16.472277             1411.2968       5.9648669
              3       2170.6609       3.0438417       0.9650005            70.5     0.022371909      0.11711892     0.054171839       1.0027812       1.0004951      0.99803308       68.410612      0.43643974       4.6541434       3.1275528       10.535316       11.132204        8.4903449       61.859451       277.99412       49.134692       48.832141        104.6055       0.1315045       0.090926174        0.39003903      0.14131744        0.56846054       2.4735034    2.098571e-09      0.28065149      0.80937567      0.78284033       147.22859       13.275508       2862.6566       1411.2968        15.82788        13.746225         2.0816546        4309.666                 20.774346                 395.81302                           2433.4479                      12.621314               0.46114748              4.0536133                         8.7607474                                 16.472277             1411.2968       5.9648669
              3       2171.0025       3.0438417       0.9650005            70.5     0.022371909      0.11711892     0.054171839       1.0027812       1.0005934      0.99806962       68.503729      0.42329192       4.9600671       3.0540782       10.668486       11.473287        8.5570754       62.126224       277.77009       48.949184       49.252741       104.45571      0.14797026       0.082900409         0.3501182      0.15574981        0.62169911       2.4142489    2.098571e-09      0.28065149      0.80937567      0.78284033       147.22859       13.275508       2863.0742       1411.2968       15.960612        13.819691         2.1409204       4310.0837                 20.774346                 395.81302                           2433.8656                      12.621314               0.46114748              4.0536133                         8.7607474                                 16.472277             1411.2968       5.9648669
              1        2170.966       3.0438417       0.9650005            70.5     0.022371909      0.11711892     0.054171839       1.0027812       1.0005726      0.99810986       68.469678      0.41720543       4.9569184       3.0096077       10.622819       11.499049        8.5573159       62.239576       278.43152       48.898223        49.24309       104.55378      0.14973117       0.081469808        0.35778914      0.16144077        0.61995711       2.4049112    2.098571e-09      0.28065149      0.80937567      0.78284033       147.22859       13.275508       2863.2591       1411.2968       15.831716        13.698857         2.1328592       4310.2685                 20.774346                 395.81302                           2434.0504                      12.621314               0.46114748              4.0536133                         8.7607474                                 16.472277             1411.2968       5.9648669
              1        2171.626       3.0438417       0.9650005            70.5     0.022371909      0.11711892     0.054171839       1.0033024       1.0006075      0.99809295       68.423648      0.40900604       4.9714832        3.011446       10.599998       11.522487        8.6333731       62.370624         276.161       49.017733       48.969885       104.58709      0.14842219       0.081822711        0.35657757      0.16559652        0.61564305       2.4169756    2.098571e-09      0.28065149      0.80937567      0.78284033       147.22859       13.275508       2864.0528       1411.2968        16.09487        13.957951         2.1369189       4311.0622                 20.733416                 395.80657                           2434.5274                      12.985364               0.46114748              4.0536133                         8.7607474                                 16.472277             1411.2968       5.9648669
              1       2171.0673       3.0438417       0.9650005            70.5     0.022371909      0.11711892     0.054171839       1.0033024       1.0004497      0.99809284       68.088919      0.44917342        5.244952       2.8533655       10.452564       11.554467        8.3511984       61.743059       275.92865       49.528395       48.546225       104.04633      0.12957308        0.12180884        0.35994606      0.20239644           0.59578       2.4086728    2.098571e-09      0.28065149      0.80937567      0.78284033       147.22859       13.275508       2864.9198       1411.2968       15.102658        12.915883         2.1867749       4311.9293                 20.733416                 395.80657                           2435.3945                      12.985364               0.46114748              4.0536133                         8.7607474                                 16.472277             1411.2968       5.9648669
              1       2169.5118       3.0438417       0.9650005            70.5     0.022371909      0.11711892     0.054171839       1.0033024       1.0002974      0.99780916       68.079659      0.47425952        5.292891       3.2256207       10.769733       10.876221        8.7123055        62.50663       284.87005       47.751542       47.741365       102.15802      0.12173227        0.15571606        0.32661491      0.24369771        0.66328995       2.4052321    2.098571e-09      0.28065149      0.80937567      0.78284033       147.22859       13.275508       2861.0458       1411.2968       15.484178        13.199143         2.2850351       4308.0553                 20.733416                 395.80657                           2431.5205                      12.985364               0.46114748              4.0536133                         8.7607474                                 16.472277             1411.2968       5.9648669
              2       2167.8012       3.0471986      0.96594336            70.5     0.022672823      0.11754776     0.058105122       1.0033024       1.0002974      0.99780916       68.079659      0.47425952        5.292891       3.2256207       10.769733       10.876221        8.7123055        62.50663       284.87005       47.751542       47.741365       102.15802      0.12173227        0.15571606        0.32661491      0.24369771        0.66328995       2.4052321   2.1056274e-09      0.28211973      0.81096558       0.7864272       146.78185        11.74544       2860.9632       1410.8022       15.484178        13.199143         2.2850351        4304.634                  20.54105                 396.30279                           2430.2882                       13.83111               0.37533469               3.813551                         7.5565539                                 15.158255             1410.8022       5.9648669
              1        2167.858       3.0471986      0.96594336            70.5     0.022672823      0.11754776     0.058105122       1.0033024       1.0003003      0.99780641       68.082038      0.46592039       5.3619429       3.1378725       10.765065       10.988515        8.6942411       62.615999       285.85224       47.791491       47.875951       101.86284      0.12758655        0.15155228        0.32685958      0.24666789        0.66725837       2.4214361   2.1056274e-09      0.28211973      0.81096558       0.7864272       146.78185        11.74544       2861.1795       1410.8022        15.43289        13.142284         2.2906067       4304.8503                  20.54105                 396.30279                           2430.5045                       13.83111               0.37533469               3.813551                         7.5565539                                 15.158255             1410.8022       5.9648669
              2       2163.3669       3.0471986      0.96594336            70.5     0.022672823      0.11754776     0.058105122       1.0030121       1.0003633      0.99774843       68.154388      0.46791587       5.4897806       3.4001208       10.984466       11.143457        8.6587191       63.527173       282.85193       47.121601       47.362932        102.3812      0.13805507        0.14778334        0.36974181      0.24027963         0.6564373       2.4447462   2.1056274e-09      0.28211973      0.81096558       0.7864272       146.78185        11.74544       2853.1578       1410.8022       14.952589        12.534893         2.4176964       4296.8286                 20.561533                 396.30923                           2422.6778                      13.609173               0.37533469               3.813551                         7.5565539                                 15.158255             1410.8022       5.9648669
              1       2167.4581       3.0471986      0.96594336            70.5     0.022672823      0.11754776     0.058105122       1.0030121        1.000274       0.9978623       68.080736        0.463255        5.710544       2.8662023       11.798862       11.223491        7.9728889       62.742562       283.73587       47.571981       48.549648       101.87889      0.16119624        0.15231512        0.32677387      0.25990187        0.69798776       2.3691524   2.1056274e-09      0.28211973      0.81096558       0.7864272       146.78185        11.74544       2858.2658       1410.8022       16.489836        14.124209         2.3656271       4301.9366                 20.561533                 396.30923                           2427.7858                      13.609173               0.37533469               3.813551                         7.5565539                                 15.158255             1410.8022       5.9648669
              2       2169.7179       3.0471986      0.96594336            70.5     0.022672823      0.11754776     0.058105122       1.0030121       1.0004321      0.99784177       68.049494      0.48942452       5.7440644       3.3976565       12.109131       11.730705        7.3157213       63.255172       284.03848        46.99546       49.188598       101.43262      0.15437692        0.15877095        0.32684782      0.19849346        0.69539783       2.4255027   2.1056274e-09      0.28211973      0.81096558       0.7864272       146.78185        11.74544       2861.6623       1410.8022       17.051407        14.504038         2.5473691       4305.3331                 20.561533                 396.30923                           2431.1823                      13.609173               0.37533469               3.813551                         7.5565539                                 15.158255             1410.8022       5.9648669
              1       2164.4235       3.0471986      0.96594336            70.5     0.022672823      0.11754776     0.058105122       1.0030121       1.0002346      0.99813631       67.697576      0.45448098        6.269765       3.8911367        11.90106       11.731893        7.9761901       64.442632       292.36725       47.000444       50.615707       101.62857      0.12803834        0.12371511        0.34110714       0.2410406        0.70080011       2.4760205   2.1056274e-09      0.28211973      0.81096558       0.7864272       146.78185        11.74544       2851.9506       1410.8022       16.612784        13.508522         3.1042626       4295.6214                 20.561533                 396.30923                           2421.4707                      13.609173               0.37533469               3.813551                         7.5565539                                 15.158255             1410.8022       5.9648669
              2       2166.5124       3.0471986      0.96594336            70.5     0.022672823      0.11754776     0.058105122       1.0030121        1.000288      0.99795859       67.474809      0.39461115       6.2691544       4.4224941       11.810998       12.093683        8.1773316       63.497889        293.2939       48.475087       51.133962       103.32817      0.12112906        0.20065746          0.307994      0.24551129        0.68385194         2.43799   2.1056274e-09      0.28211973      0.81096558       0.7864272       146.78185        11.74544       2850.5345       1410.8022       19.409795        16.029266          3.380529       4294.2053                 20.561533                 396.30923                           2420.0545                      13.609173               0.37533469               3.813551                         7.5565539                                 15.158255             1410.8022       5.9648669
              4       2161.5268       3.0471986      0.96594336            70.5     0.022672823      0.11754776     0.058105122       1.0030121       1.0004529      0.99789765       66.386186      0.46296623       6.1560977       4.9070312       10.956702       12.107291        8.7926693       63.127976       290.60343       47.142403       51.493518       105.07065      0.12163563        0.16568547        0.36998088      0.23121005        0.63884397       2.2734182   2.1056274e-09      0.28211973      0.81096558       0.7864272       146.78185        11.74544       2846.5036       1410.8022       16.439647        12.886884         3.5527627       4290.1744                 20.561533                 396.30923                           2416.0237                      13.609173               0.37533469               3.813551                         7.5565539                                 15.158255             1410.8022       5.9648669
              1       2162.0219       3.0471986      0.96594336            70.5     0.022672823      0.11754776     0.058105122       1.0030121       1.0004298      0.99791289       66.184761      0.45761471       6.1187133       4.8407062       10.908762       12.066238        8.6545412        63.58913       289.87955       47.168453       51.835746       105.10555      0.11710537        0.17626507        0.37401656      0.23917861        0.63290725       2.2935509   2.1056274e-09      0.28211973      0.81096558       0.7864272       146.78185        11.74544       2846.9185       1410.8022       16.727207        13.247237         3.4799699       4290.5893                 20.561533                 396.30923                           2416.4386                      13.609173               0.37533469               3.813551                         7.5565539                                 15.158255             1410.8022       5.9648669
              1       2162.8721       3.0471986      0.96594336            70.5     0.022672823      0.11754776     0.058105122       1.0030121       1.0005303      0.99789802       66.406047      0.51449659       6.3637627       4.6869751       10.726056       12.354468        8.7723506       63.615801        282.9612       46.894337        52.43896       104.22512      0.14228791        0.16059002        0.31615842      0.24901465         0.7185534       2.2593657   2.1056274e-09      0.28211973      0.81096558       0.7864272       146.78185        11.74544       2847.7753       1410.8022       17.149049        13.530048         3.6190015       4291.4461                 20.561533                 396.30923                           2417.2953                      13.609173               0.37533469               3.813551                         7.5565539                                 15.158255             1410.8022       5.9648669
              1       2163.1917       3.0471986      0.96594336            70.5     0.022672823      0.11754776     0.058105122       1.0030121       1.0004919      0.99790446       66.022577      0.55770687       6.3928346       4.5186885       10.985251       12.228796        8.8366377       62.952142       280.02023       45.888449       52.199917       104.23268      0.11948436         0.1416724        0.34723729      0.24740236         0.7202753       2.2612031   2.1056274e-09      0.28211973      0.81096558       0.7864272       146.78185        11.74544         2849.99       1410.8022       16.361292         12.81411         3.5471819       4293.6608                 20.561533                 396.30923                           2419.5101                      13.609173               0.37533469               3.813551                         7.5565539                                 15.158255             1410.8022       5.9648669
              2       2164.9121       3.0471986      0.96594336            70.5     0.022672823      0.11754776     0.058105122       1.0030121       1.0004887      0.99791288       65.804493      0.58420622       6.0358659       4.0033158       11.171474       12.710672        9.1945727        63.48133       286.39519       46.523938       51.529253       106.17611      0.11864685        0.13875068        0.32731497      0.24962979        0.76089468       2.2609253   2.1056274e-09      0.28211973      0.81096558       0.7864272       146.78185        11.74544       2853.0036       1410.8022       16.574844        13.595547         2.9792972       4296.6744                 20.561533                 396.30923                           2422.5237                      13.609173               0.37533469               3.813551                         7.5565539                                 15.158255             1410.8022       5.9648669
              1       2164.5535       3.0471986      0.96594336            70.5     0.022672823      0.11754776     0.058105122       1.0030121       1.0005238       0.9976738       65.897961      0.61455917       6.0680758       4.0341957       11.457638       12.366797        9.3054894       63.401906       284.20672       47.733339        52.60253       106.51379      0.12347664        0.11451809        0.33115024      0.22989485        0.78046048       2.2532937   2.1056274e-09      0.28211973      0.81096558       0.7864272       146.78185        11.74544       2851.7759       1410.8022       16.830122        13.812347         3.0177754       4295.4467                 20.561533                 396.30923                           2421.2959                      13.609173               0.37533469               3.813551                         7.5565539                                 15.158255             1410.8022       5.9648669
              2       2163.9404       3.0471986      0.96594336            70.5     0.022672823      0.11754776     0.058105122       1.0030121       1.0005531      0.99776019       66.027418      0.59644264       5.9908531       3.8799944       11.565101       11.937563        9.3627103       63.527092       285.79985       47.226883       52.865541       106.85887      0.13611816        0.13366922        0.33215471       0.2111653        0.75832015       2.2781688   2.1056274e-09      0.28211973      0.81096558       0.7864272       146.78185        11.74544       2851.8008       1410.8022       16.204591        13.313481         2.8911105       4295.4716                 20.561533                 396.30923                           2421.3209                      13.609173               0.37533469               3.813551                         7.5565539                                 15.158255             1410.8022       5.9648669
              3       2163.8095       3.0471986      0.96594336            70.5     0.022672823      0.11754776     0.058105122       1.0030121       1.0005529      0.99776512       66.024414      0.60018964       5.9859005       3.8962398       11.535461       11.933072         9.370426       63.512947       286.06111        47.23685       52.859336       106.96193      0.13637337        0.13177719        0.33740579      0.21330574        0.75578513       2.2835282   2.1056274e-09      0.28211973      0.81096558       0.7864272       146.78185        11.74544       2851.7799       1410.8022       16.084131         13.18935         2.8947807       4295.4507                 20.561533                 396.30923                              2421.3                      13.609173               0.37533469               3.813551                         7.5565539                                 15.158255             1410.8022       5.9648669
              1       2164.2322       3.0471986      0.96594336            70.5     0.022672823      0.11754776     0.058105122       1.0030121       1.0007081      0.99775488       66.164802      0.57772991        5.917931        3.900791       11.601895       11.640179        9.1080763       64.456355        286.0594       48.877989       53.538648       106.44043      0.14953098        0.14633737        0.29925728      0.20152279        0.75430083        2.309868   2.1056274e-09      0.28211973      0.81096558       0.7864272       146.78185        11.74544       2850.7625       1410.8022       17.015567        14.166189         2.8493775       4294.4333                 20.561533                 396.30923                           2420.2826                      13.609173               0.37533469               3.813551                         7.5565539                                 15.158255             1410.8022       5.9648669
              1       2162.8051       3.0471986      0.96594336            70.5     0.022672823      0.11754776     0.058105122       1.0030121       1.0006549      0.99769422        66.37084      0.54613751       5.9465401       4.1561509       11.601315       11.865751        8.9026265       64.172237       288.03186       49.147275       54.244263       106.47204      0.13576487        0.15432403        0.32980829      0.18359982        0.72681934       2.2862512   2.1056274e-09      0.28211973      0.81096558       0.7864272       146.78185        11.74544       2848.7453       1410.8022       16.597049        13.613163         2.9838858       4292.4161                 20.561533                 396.30923                           2418.2653                      13.609173               0.37533469               3.813551                         7.5565539                                 15.158255             1410.8022       5.9648669
              1       2163.4898       3.0471986      0.96594336            70.5     0.022672823      0.11754776     0.058105122       1.0030121       1.0007831      0.99783681       66.508605      0.54742325       5.9804789       4.2429591       11.581029       11.764289        8.8625724       64.321264       288.67871       48.740058       54.203442       107.12439      0.11914504        0.15914695         0.3293137      0.18803129        0.70871862       2.2933112   2.1056274e-09      0.28211973      0.81096558       0.7864272       146.78185        11.74544       2849.8789       1410.8022       16.714957        13.664574         3.0503828       4293.5497                 20.561533                 396.30923                           2419.3989                      13.609173               0.37533469               3.813551                         7.5565539                                 15.158255             1410.8022       5.9648669
              1       2162.9461       3.0471986      0.96594336            70.5     0.022672823      0.11754776     0.058105122       1.0029276       1.0007831      0.99783681       66.508605      0.54742325       5.9804789       4.2429591       11.581029       11.764289        8.8625724       64.321264       288.67871       48.740058       54.203442       107.12439      0.11914504        0.15914695         0.3293137      0.18803129        0.70871862       2.2933112   2.1056274e-09      0.28211973      0.81096558       0.7864272       146.78185        11.74544       2848.8717       1410.8022       16.674807        13.624424         3.0503828       4292.5425                 20.567538                 396.31626                           2418.4425                      13.545424               0.37533469               3.813551                         7.5565539                                 15.158255             1410.8022       5.9648669
              1       2162.6499       3.0471986      0.96594336            70.5     0.022672823      0.11754776     0.058105122       1.0029276       1.0007845      0.99785101       66.584891      0.54247233       5.9914521       4.1809096       11.576596       11.837916        8.7523824       64.489061       287.58254       48.659259       54.208257       107.10317      0.11985189        0.15422895        0.33345155      0.19457894        0.71360988       2.2865352   2.1056274e-09      0.28211973      0.81096558       0.7864272       146.78185        11.74544       2848.6457       1410.8022       16.491625        13.462448         3.0291773       4292.3165                 20.567538                 396.31626                           2418.2164                      13.545424               0.37533469               3.813551                         7.5565539                                 15.158255             1410.8022       5.9648669
              1       2160.3672       3.0495981      0.96762584            70.5     0.022711201      0.11874907     0.057308421       1.0029276       1.0007845      0.99785101       66.584891      0.54247233       5.9914521       4.1809096       11.576596       11.837916        8.7523824       64.489061       287.58254       48.659259       54.208257       107.10317      0.11985189        0.15422895        0.33345155      0.19457894        0.71360988       2.2865352    2.110686e-09      0.28461393      0.81748256      0.79624358       146.41842       10.813498       2846.3273        1409.999       16.491625        13.462448         3.0291773       4287.7512                  20.48445                 396.17766                           2417.5985                      12.066671               0.31557368              3.6339064                          6.864018                                 14.646576              1409.999       5.9648669
              1       2160.2759       3.0495981      0.96762584            70.5     0.022711201      0.11874907     0.057308421       1.0029276       1.0007731      0.99784263       66.564711      0.54240973       5.9919722        4.204006       11.610228       11.820649        8.7504489       64.463099       287.62071       48.672311       54.218979       107.10408      0.12164736        0.15382006        0.33297418      0.19444109        0.71504375       2.2823703    2.110686e-09      0.28461393      0.81748256      0.79624358       146.41842       10.813498       2846.1165        1409.999       16.505747        13.465193         3.0405545       4287.5404                  20.48445                 396.17766                           2417.3877                      12.066671               0.31557368              3.6339064                          6.864018                                 14.646576              1409.999       5.9648669
              1       2160.2882       3.0495981      0.96762584            70.5     0.022711201      0.11874907     0.057308421       1.0029276       1.0006794      0.99788208       66.346985      0.54134617       5.8663695       4.5377868       11.262096       11.520772        10.197742       65.326245        292.1889       49.035749       54.432368       107.07797       0.1384292        0.15423194        0.34980882      0.15697338         0.6667832       2.2598477    2.110686e-09      0.28461393      0.81748256      0.79624358       146.41842       10.813498       2847.6684        1409.999       15.742041         12.63718         3.1048609       4289.0923                  20.48445                 396.17766                           2418.9396                      12.066671               0.31557368              3.6339064                          6.864018                                 14.646576              1409.999       5.9648669
              1       2162.4828       3.0495981      0.96762584            70.5     0.022711201      0.11874907     0.057308421       1.0029276       1.0009603       0.9981014       67.501337      0.59272429       5.9761133       5.7209251       11.012388       11.891737        10.155137       64.610148       302.80567       50.155393       54.130952       104.86808      0.20444302        0.15055025         0.3720113      0.18725031        0.69850393       2.2374088    2.110686e-09      0.28461393      0.81748256      0.79624358       146.41842       10.813498       2847.9481        1409.999         17.7968        13.921488         3.8753116        4289.372                  20.48445                 396.17766                           2419.2193                      12.066671               0.31557368              3.6339064                          6.864018                                 14.646576              1409.999       5.9648669
              1       2161.9521       3.0495981      0.96762584            70.5     0.022711201      0.11874907     0.057308421       1.0029276       1.0008252       0.9979377       67.924135      0.56307022       6.0456745       5.7884096       11.261264       11.964106        10.123351       65.091752       300.37886       50.923498       53.647091       104.15941       0.1960786        0.13857971        0.38935799      0.15545952        0.69657208       2.3267767    2.110686e-09      0.28461393      0.81748256      0.79624358       146.41842       10.813498       2847.3319        1409.999       17.574206        13.582247          3.991959       4288.7558                  20.48445                 396.17766                           2418.6031                      12.066671               0.31557368              3.6339064                          6.864018                                 14.646576              1409.999       5.9648669
              1       2162.3439       3.0495981      0.96762584            70.5     0.022711201      0.11874907     0.057308421       1.0029276       1.0008008      0.99805042       67.957898      0.55625233        6.054734        5.808869       11.339038       11.988816        10.122729       65.224407       298.76203       51.081305        53.66701       104.16795      0.19700829        0.12733328        0.37919429      0.15910114        0.69174101       2.3187695    2.110686e-09      0.28461393      0.81748256      0.79624358       146.41842       10.813498       2847.9427        1409.999        17.66057        13.645389         4.0151804       4289.3666                  20.48445                 396.17766                           2419.2139                      12.066671               0.31557368              3.6339064                          6.864018                                 14.646576              1409.999       5.9648669
              2       2160.3978       3.0452432      0.96884935            70.5     0.022700683      0.11833645     0.055455532       1.0029276       1.0008014      0.99805072       67.957068      0.55625719       6.0553035        5.808612       11.339682        11.98884        10.122131       65.223571       298.75821       51.080489       53.670297       104.16651      0.19712191        0.12737686         0.3791561      0.15887097        0.69170397       2.3189474   2.1015142e-09      0.28376261       0.8143956       0.7920496       146.54164       11.122191       2843.2916       1410.2679       17.669405        13.653788         4.0156164       4285.4567                 20.359709                 395.91551                           2414.2986                       12.71778               0.33524408              3.6946512                         7.0922962                                 14.810082             1410.2679       5.9648669
              1       2159.9882       3.0452432      0.96884935            70.5     0.022700683      0.11833645     0.055455532       1.0029276       1.0008143      0.99804309       68.055956      0.55199798       6.1710832       5.6991154       11.414384       12.130442        10.118933       65.331385       295.66046       51.007726       53.363436       103.95453      0.18255552        0.13140566        0.36248353       0.1571123        0.69888903       2.3183143   2.1015142e-09      0.28376261       0.8143956       0.7920496       146.54164       11.122191       2842.7289       1410.2679        17.54118        13.474769         4.0664114       4284.8939                 20.359709                 395.91551                           2413.7359                       12.71778               0.33524408              3.6946512                         7.0922962                                 14.810082             1410.2679       5.9648669
              4       2158.7181       3.0452432      0.96884935            70.5     0.022700683      0.11833645     0.055455532       1.0029276       1.0009004      0.99811384       67.972744      0.56510803       6.1433685       5.8148117       11.309262       12.068346        10.015655       64.916531       299.01844       49.528446       53.218189       103.42318      0.16101774        0.16141312        0.36505319      0.18946946        0.72465664       2.2450541   2.1015142e-09      0.28376261       0.8143956       0.7920496       146.54164       11.122191       2840.7254       1410.2679       17.272834        13.157994         4.1148402       4282.8905                 20.359709                 395.91551                           2411.7324                       12.71778               0.33524408              3.6946512                         7.0922962                                 14.810082             1410.2679       5.9648669
              1       2156.7761       3.0452432      0.96884935            70.5     0.022700683      0.11833645     0.055455532       1.0029276         1.00088      0.99804819        67.50395      0.56357915       6.2002418       5.6982955       11.315219       11.956794        10.055432       64.969633       301.19924       49.575029       53.072478       102.47122      0.16479863        0.16287855        0.38691278      0.21603409        0.70014239       2.2701695   2.1015142e-09      0.28376261       0.8143956       0.7920496       146.54164       11.122191          2837.4       1410.2679       16.993548        12.896093         4.0974549       4279.5651                 20.359709                 395.91551                            2408.407                       12.71778               0.33524408              3.6946512                         7.0922962                                 14.810082             1410.2679       5.9648669
              1       2157.0069       3.0452432      0.96884935            70.5     0.022700683      0.11833645     0.055455532       1.0023018       1.0009042       0.9980386       67.590003      0.56978577        6.197793       5.6263706       11.396886       11.731448        10.265172       64.852315       300.74503       49.774563       53.336843       102.62781      0.16606208        0.16156683        0.38675192      0.22864827         0.7106504       2.3033892   2.1015142e-09      0.28376261       0.8143956       0.7920496       146.54164       11.122191       2838.3257       1410.2679       16.761525        12.715313         4.0462124       4280.4907                 20.397688                 395.89546                           2409.7309                      12.301576               0.33524408              3.6946512                         7.0922962                                 14.810082             1410.2679       5.9648669
              3       2155.4503       3.0452432      0.96884935            70.5     0.022700683      0.11833645     0.055455532       1.0023018       1.0007499      0.99809233       67.649837      0.60524607       5.9909991       5.1088621       10.965718       11.656554        10.276003       65.826399        299.5265       51.849928       51.637466       103.87238     0.097405465        0.11053834        0.38951313      0.23565554        0.68115011       2.3709431   2.1015142e-09      0.28376261       0.8143956       0.7920496       146.54164       11.122191       2837.8441       1410.2679       15.445703        11.929129         3.5165742       4280.0092                 20.397688                 395.89546                           2409.2494                      12.301576               0.33524408              3.6946512                         7.0922962                                 14.810082             1410.2679       5.9648669
              1         2154.54       3.0452432      0.96884935            70.5     0.022700683      0.11833645     0.055455532       1.0023018       1.0008038      0.99798455       67.799221      0.55294374       5.9137647       5.1844621       10.708919       11.656099        10.471118       65.396693       300.39878       51.664912       51.623207       103.03873     0.056112023        0.14325983         0.3909295      0.23786415        0.70730643       2.3077902   2.1015142e-09      0.28376261       0.8143956       0.7920496       146.54164       11.122191       2834.0574       1410.2679       16.428776        12.939764         3.4890127       4276.2225                 20.397688                 395.89546                           2405.4627                      12.301576               0.33524408              3.6946512                         7.0922962                                 14.810082             1410.2679       5.9648669
              1       2156.6469       3.0452432      0.96884935            70.5     0.022700683      0.11833645     0.055455532       1.0023018       1.0008969      0.99798651       67.309908      0.52806153        6.137233       5.4693522       10.885033       11.812718        10.361787       65.492223       306.44644       51.959981       50.885505       102.54234     0.093034894        0.16061707        0.35613891      0.21572614        0.67963538        2.250985   2.1015142e-09      0.28376261       0.8143956       0.7920496       146.54164       11.122191       2838.2504       1410.2679       16.439162        12.559853         3.8793093       4280.4155                 20.397688                 395.89546                           2409.6557                      12.301576               0.33524408              3.6946512                         7.0922962                                 14.810082             1410.2679       5.9648669
              1       2156.3921       3.0452432      0.96884935            70.5     0.022700683      0.11833645     0.055455532       1.0023018       1.0008974      0.99801749       67.182496       0.5166841       6.1805722       5.1204077       10.989986       11.957476        10.495919       65.304132        308.5567       52.335107       50.968371       102.67554      0.09771989         0.1643912        0.35238504      0.23126227        0.69564349       2.2639991   2.1015142e-09      0.28376261       0.8143956       0.7920496       146.54164       11.122191       2837.6839       1410.2679       16.467601        12.763792         3.7038087       4279.8489                 20.397688                 395.89546                           2409.0891                      12.301576               0.33524408              3.6946512                         7.0922962                                 14.810082             1410.2679       5.9648669
              1       2156.7927       3.0452432      0.96884935            70.5     0.022700683      0.11833645     0.055455532       1.0023018       1.0009483      0.99783841       67.256224      0.53447584       6.3300055       5.1075167       10.503772       11.807358        10.897909        65.68463       301.93532       53.334426       51.543166       101.90962      0.16779905        0.18162658        0.35746966      0.29337195        0.68851217       2.2076519   2.1015142e-09      0.28376261       0.8143956       0.7920496       146.54164       11.122191       2836.3217       1410.2679       17.549328        13.704207         3.8451203       4278.4867                 20.397688                 395.89546                           2407.7269                      12.301576               0.33524408              3.6946512                         7.0922962                                 14.810082             1410.2679       5.9648669
              1       2158.1003       3.0452432      0.96884935            70.5     0.022700683      0.11833645     0.055455532       1.0023018       1.0013004      0.99766914       67.363611      0.56740263        6.162914       4.9745681        11.10001       11.859623        11.039383       64.997486       305.96741       51.383738       51.704986       101.78846      0.20347077        0.16039418        0.40516901      0.29950328        0.69828292       2.1007671   2.1015142e-09      0.28376261       0.8143956       0.7920496       146.54164       11.122191       2837.0919       1410.2679        18.47185        14.872928         3.5989222        4279.257                 20.397688                 395.89546                           2408.4972                      12.301576               0.33524408              3.6946512                         7.0922962                                 14.810082             1410.2679       5.9648669
              1       2157.6402       3.0452432      0.96884935            70.5     0.022700683      0.11833645     0.055455532       1.0023018       1.0012968      0.99770574        67.47415      0.58503008        6.170375       4.8479864       11.295851       11.588295        11.011991       64.836822        307.1479        51.68274       51.750285       102.02799      0.20546666        0.15440617        0.41103307      0.28754393        0.71776146       2.1571354   2.1015142e-09      0.28376261       0.8143956       0.7920496       146.54164       11.122191       2836.6506       1410.2679       18.232393        14.700702         3.5316909       4278.8157                 20.397688                 395.89546                           2408.0559                      12.301576               0.33524408              3.6946512                         7.0922962                                 14.810082             1410.2679       5.9648669
              1       2157.6475       3.0452432      0.96884935            70.5     0.022700683      0.11833645     0.055455532       1.0022393       1.0012968      0.99770574        67.47415      0.58503008        6.170375       4.8479864       11.295851       11.588295        11.011991       64.836822        307.1479        51.68274       51.750285       102.02799      0.20546666        0.15440617        0.41103307      0.28754393        0.71776146       2.1571354   2.1015142e-09      0.28376261       0.8143956       0.7920496       146.54164       11.122191       2836.7107       1410.2679       18.209677        14.677986         3.5316909       4278.8757                 20.401551                 395.89546                           2408.1525                      12.261171               0.33524408              3.6946512                         7.0922962                                 14.810082             1410.2679       5.9648669
              4       2157.5992       3.0452432      0.96884935            70.5     0.022700683      0.11833645     0.055455532       1.0022393       1.0012944      0.99769893       67.479056      0.58453192       6.1910238       4.8386666        11.27633       11.570823        11.073419       64.795363       308.30435       51.701268       51.718682       102.03739      0.20283584        0.15760918        0.40905664      0.29043456        0.71982712        2.154095   2.1015142e-09      0.28376261       0.8143956       0.7920496       146.54164       11.122191       2836.6029       1410.2679       18.215216        14.669735         3.5454803        4278.768                 20.401551                 395.89546                           2408.0448                      12.261171               0.33524408              3.6946512                         7.0922962                                 14.810082             1410.2679       5.9648669
              1        2154.167       3.0452432      0.96884935            70.5     0.022700683      0.11833645     0.055455532       1.0022393       1.0011489      0.99751571       67.262704      0.60092323       6.0347522       4.7398382       10.840191       11.413975        11.222441       64.378775       312.83489       49.203507       51.694346         102.188      0.17055405        0.14833709        0.46894932      0.25242996        0.71472398       2.2784512   2.1015142e-09      0.28376261       0.8143956       0.7920496       146.54164       11.122191       2834.4104       1410.2679       15.879269         12.53031         3.3489591       4276.5755                 20.401551                 395.89546                           2405.8522                      12.261171               0.33524408              3.6946512                         7.0922962                                 14.810082             1410.2679       5.9648669
              1       2153.5659       3.0452432      0.96884935            70.5     0.022700683      0.11833645     0.055455532       1.0022393        1.000972      0.99771288       65.685131      0.65724954       6.3090533       3.6815609       10.872894       11.634724        11.182851       65.446043       304.07313       49.252215        51.74158       100.84652     0.073729771       0.073029785        0.40848378      0.23707332        0.67866297       2.2706731   2.1015142e-09      0.28376261       0.8143956       0.7920496       146.54164       11.122191       2831.7349       1410.2679       16.615877        13.582516         3.0333603          4273.9                 20.401551                 395.89546                           2403.1767                      12.261171               0.33524408              3.6946512                         7.0922962                                 14.810082             1410.2679       5.9648669
              4       2150.4779       3.0452432      0.96884935            70.5     0.022700683      0.11833645     0.055455532       1.0022393        1.000917      0.99763534       65.959087      0.71025638       6.1386049        3.911344       10.601225       11.634601        11.055105       66.458383        301.6843       48.474576       51.380993       100.64319      0.11162313       0.084023711        0.36740261      0.19262245        0.63770624       2.2136104   2.1015142e-09      0.28376261       0.8143956       0.7920496       146.54164       11.122191       2827.6845       1410.2679        15.55308        12.540016          3.013064       4269.8496                 20.401551                 395.89546                           2399.1263                      12.261171               0.33524408              3.6946512                         7.0922962                                 14.810082             1410.2679       5.9648669
              2        2150.734       3.0452432      0.96884935            70.5     0.022700683      0.11833645     0.055455532       1.0022393       1.0009173      0.99762837       65.884168      0.70879124       6.1548744       3.9681039       10.592178       11.653938         11.01174       66.445347       301.79513       48.435203       51.371416       100.61969      0.11613084        0.08141799        0.37134786      0.19036879        0.63190929       2.2146046   2.1015142e-09      0.28376261       0.8143956       0.7920496       146.54164       11.122191       2827.9718       1410.2679       15.665521        12.613135         3.0523852       4270.1369                 20.401551                 395.89546                           2399.4136                      12.261171               0.33524408              3.6946512                         7.0922962                                 14.810082             1410.2679       5.9648669
              2       2150.3209       3.0452432      0.96884935            70.5     0.022700683      0.11833645     0.055455532       1.0022393       1.0009519      0.99760356       66.002866      0.72455591       6.2262035       4.2431771       10.551113       11.552537         10.91881       66.643873        296.9073       48.192935       51.366254       101.45764      0.12171346        0.10030562        0.38366421      0.20619383        0.64199553       2.2254474   2.1015142e-09      0.28376261       0.8143956       0.7920496       146.54164       11.122191       2828.3113       1410.2679       15.082725        11.835286         3.2474392       4270.4764                 20.401551                 395.89546                           2399.7531                      12.261171               0.33524408              3.6946512                         7.0922962                                 14.810082             1410.2679       5.9648669
              3       2153.4785       3.0452432      0.96884935            70.5     0.022700683      0.11833645     0.055455532       1.0022393       1.0013491      0.99778306       66.006497      0.69652543       5.6760485       3.5243639       9.7653438       11.416546        10.446031       68.704395       296.83421       49.408149       50.664353       101.30861      0.14424272        0.11165826        0.49650968      0.20044148        0.63235365       2.3803882   2.1015142e-09      0.28376261       0.8143956       0.7920496       146.54164       11.122191       2835.9085       1410.2679       14.441732         11.88821         2.5535227       4278.0735                 20.401551                 395.89546                           2407.3503                      12.261171               0.33524408              3.6946512                         7.0922962                                 14.810082             1410.2679       5.9648669
              1       2153.5131       3.0452432      0.96884935            70.5     0.022700683      0.11833645     0.055455532       1.0022393       1.0013713      0.99775258       66.047079      0.69288985       5.6821128       3.4912728       9.8076243       11.407441        10.482942       68.750077        295.1777       49.333505       50.667255       101.28631      0.14304527        0.10719185        0.49444825      0.19633707        0.63847908       2.3803401   2.1015142e-09      0.28376261       0.8143956       0.7920496       146.54164       11.122191       2835.8091       1410.2679       14.526038        11.980557         2.5454814       4277.9742                 20.401551                 395.89546                           2407.2509                      12.261171               0.33524408              3.6946512                         7.0922962                                 14.810082             1410.2679       5.9648669
              1       2152.7386       3.0452432      0.96884935            70.5     0.022700683      0.11833645     0.055455532       1.0022393        1.001299      0.99786686        66.69371      0.75114469       5.6091677       3.8808989       9.8592962       11.738789        11.138217       68.809138       289.36496       50.102889       52.283532       101.74156      0.13936078        0.10474288        0.51496116      0.21604242        0.65656437       2.3369512   2.1015142e-09      0.28376261       0.8143956       0.7920496       146.54164       11.122191       2834.6243       1410.2679        14.34393        11.700833          2.643097       4276.7894                 20.401551                 395.89546                           2406.0662                      12.261171               0.33524408              3.6946512                         7.0922962                                 14.810082             1410.2679       5.9648669
              1        2152.069       3.0452432      0.96884935            70.5     0.022700683      0.11833645     0.055455532       1.0022393        1.001272      0.99779809       66.542952      0.73285946       5.6916959       3.8975595       9.6766586       11.720363        11.097778       68.431116       287.24364       50.643502        52.48977       101.86747      0.13817588        0.10268532        0.53560894      0.22139456        0.65871151       2.3352133   2.1015142e-09      0.28376261       0.8143956       0.7920496       146.54164       11.122191       2832.8725       1410.2679       14.550175        11.850406         2.6997691       4275.0376                 20.401551                 395.89546                           2404.3143                      12.261171               0.33524408              3.6946512                         7.0922962                                 14.810082             1410.2679       5.9648669
              1        2151.863       3.0452432      0.96884935            70.5     0.022700683      0.11833645     0.055455532       1.0018201       1.0012983      0.99777501       66.476284      0.73370972       5.7232273       3.8955593       9.6526939       11.721906        11.097555        68.42662       288.37313       50.676984       52.504902        101.6741      0.13725357       0.097137452        0.53192629      0.22158237        0.65438792        2.340989   2.1015142e-09      0.28376261       0.8143956       0.7920496       146.54164       11.122191       2832.3259       1410.2679       14.617505         11.89874         2.7187642       4274.4909                 20.427777                 395.90869                           2403.9935                      11.995857               0.33524408              3.6946512                         7.0922962                                 14.810082             1410.2679       5.9648669
              1       2151.4932       3.0452432      0.96884935            70.5     0.022700683      0.11833645     0.055455532       1.0018201       1.0012493      0.99769438       66.338393      0.74303796       5.6939943       3.4524861         8.93016       11.904701        10.846625       67.492179       279.44666       48.182359       53.104125       102.34128      0.12125472         0.1013042         0.5114337      0.20600937        0.62173522       2.4486216   2.1015142e-09      0.28376261       0.8143956       0.7920496       146.54164       11.122191       2831.7623       1410.2679       14.529497        11.990767         2.5387295       4273.9274                 20.427777                 395.90869                             2403.43                      11.995857               0.33524408              3.6946512                         7.0922962                                 14.810082             1410.2679       5.9648669
              1       2151.4076       3.0452432      0.96884935            70.5     0.022700683      0.11833645     0.055455532       1.0018201       1.0012451       0.9976843       66.346698      0.74499104        5.696994       3.4477473       8.9161257       11.919985        10.869714       67.581044       279.50971       48.202215       53.088124       102.32664      0.12135187        0.10691731        0.50900748      0.20723943        0.62105846       2.4513758   2.1015142e-09      0.28376261       0.8143956       0.7920496       146.54164       11.122191       2831.8372       1410.2679       14.406466        11.867716         2.5387501       4274.0023                 20.427777                 395.90869                           2403.5048                      11.995857               0.33524408              3.6946512                         7.0922962                                 14.810082             1410.2679       5.9648669
              2       2151.3787       3.0452432      0.96884935            70.5     0.022700683      0.11833645     0.055455532       1.0018201        1.001116      0.99800426       66.269518      0.79741627       5.3331351       3.3535932       8.7126707       11.559746        11.451672       66.725677       289.56826       50.341488       53.249195       102.89531      0.11855384       0.090038118        0.45244221      0.19185349        0.70361243       2.7060543   2.1015142e-09      0.28376261       0.8143956       0.7920496       146.54164       11.122191       2832.1742       1410.2679       14.209038        11.875048         2.3339899       4274.3393                 20.427777                 395.90869                           2403.8419                      11.995857               0.33524408              3.6946512                         7.0922962                                 14.810082             1410.2679       5.9648669
              1       2151.9177       3.0452432      0.96884935            70.5     0.022700683      0.11833645     0.055455532       1.0018201       1.0012362      0.99832888       65.523011      0.81986137       5.2264625       3.3885642       9.2171564        11.31859        10.993063       67.356601       290.16761       49.641288       54.098416        103.2904      0.10589555        0.11474542        0.44520906      0.21907692        0.65956317       2.7267781   2.1015142e-09      0.28376261       0.8143956       0.7920496       146.54164       11.122191       2833.1872       1410.2679       14.241548        11.942521         2.2990269       4275.3523                 20.427777                 395.90869                           2404.8549                      11.995857               0.33524408              3.6946512                         7.0922962                                 14.810082             1410.2679       5.9648669
              1       2151.6886       3.0452432      0.96884935            70.5     0.022700683      0.11833645     0.055455532       1.0018201       1.0010914      0.99828738       65.038358      0.82145659        4.977112       3.6462895       9.0591836       11.493535        11.015396       68.129954        284.0625        48.73864       53.358257       103.31789     0.070782066        0.13676988        0.42864528      0.20865503        0.64522128       2.6653774   2.1015142e-09      0.28376261       0.8143956       0.7920496       146.54164       11.122191       2832.0959       1410.2679        14.55808        12.293267          2.264812       4274.2609                 20.427777                 395.90869                           2403.7635                      11.995857               0.33524408              3.6946512                         7.0922962                                 14.810082             1410.2679       5.9648669
              1       2150.5758       3.0451096      0.96893909            70.5     0.022701477       0.1182086      0.05545325       1.0018201       1.0010914      0.99828738       65.038358      0.82145659        4.977112       3.6462895       9.0591836       11.493535        11.015396       68.129954        284.0625        48.73864       53.358257       103.31789     0.070782066        0.13676988        0.42864528      0.20865503        0.64522128       2.6653774   2.1012334e-09      0.28350698      0.81374884      0.79106402       146.57083       11.187825        2829.699       1410.3498        14.55808        12.293267          2.264812       4272.0354                 20.411763                 395.89784                           2401.3801                      12.009202               0.33983586              3.7083877                         7.1396013                                 14.834003             1410.3498       5.9648669
              1       2150.5792       3.0451096      0.96893909            70.5     0.022701477       0.1182086      0.05545325       1.0018201       1.0010826      0.99830218       65.033864       0.8210445       4.9573874       3.6805734       9.0579778        11.47971        10.960442        68.09144       283.55797       48.856208       53.311532       103.32935     0.074082323        0.13888539        0.42802509      0.20749887        0.64988642       2.6735578   2.1012334e-09      0.28350698      0.81374884      0.79106402       146.57083       11.187825       2829.8955       1410.3498       14.463252        12.197801         2.2654511       4272.2319                 20.411763                 395.89784                           2401.5767                      12.009202               0.33983586              3.7083877                         7.1396013                                 14.834003             1410.3498       5.9648669
              1       2150.7487       3.0451096      0.96893909            70.5     0.022701477       0.1182086      0.05545325       1.0018201       1.0008046      0.99822216       64.247098      0.79202919       5.0956444       3.6431642        9.527451       11.167363         11.09901       67.601623       284.67552       49.087632       52.792677       103.55865      0.11273752        0.13427572        0.47205292      0.17152221        0.56820981       2.7341164   2.1012334e-09      0.28350698      0.81374884      0.79106402       146.57083       11.187825       2830.5731       1410.3498       14.293943        11.983475         2.3104682       4272.9095                 20.411763                 395.89784                           2402.2543                      12.009202               0.33983586              3.7083877                         7.1396013                                 14.834003             1410.3498       5.9648669
              1       2149.5698       3.0451096      0.96893909            70.5     0.022701477       0.1182086      0.05545325       1.0010848       1.0008046      0.99822216       64.247098      0.79202919       5.0956444       3.6431642        9.527451       11.167363         11.09901       67.601623       284.67552       49.087632       52.792677       103.55865      0.11273752        0.13427572        0.47205292      0.17152221        0.56820981       2.7341164   2.1012334e-09      0.28350698      0.81374884      0.79106402       146.57083       11.187825       2828.5569       1410.3498       14.123057        11.812589         2.3104682       4270.8934                  20.45845                 395.90079                           2400.6323                      11.565452               0.33983586              3.7083877                         7.1396013                                 14.834003             1410.3498       5.9648669
              1       2149.6017       3.0451096      0.96893909            70.5     0.022701477       0.1182086      0.05545325       1.0010848        1.001012      0.99817867       64.108639      0.77083883       4.8792238       3.6108097       10.108764       11.287747        10.581982       68.908128       291.61201       49.506342       52.707526       104.22024     0.099314143        0.11832151        0.52023024      0.14546513        0.59470254       2.7341642   2.1012334e-09      0.28350698      0.81374884      0.79106402       146.57083       11.187825       2827.1473       1410.3498       14.859847        12.638014         2.2218323       4269.4838                  20.45845                 395.90079                           2399.2226                      11.565452               0.33983586              3.7083877                         7.1396013                                 14.834003             1410.3498       5.9648669
              3       2149.0204       3.0451096      0.96893909            70.5     0.022701477       0.1182086      0.05545325       1.0010848       1.0010873      0.99830722       64.606363      0.71077536       5.0532579       3.5682342       9.7033735       11.638815        12.060481       69.449978       293.69258       50.600824       51.327697       103.54393      0.12885523        0.10524066        0.58928978      0.13129551        0.67859905       2.7629834   2.1012334e-09      0.28350698      0.81374884      0.79106402       146.57083       11.187825        2825.292       1410.3498       15.206176        12.930996         2.2751805       4267.6285                  20.45845                 395.90079                           2397.3673                      11.565452               0.33983586              3.7083877                         7.1396013                                 14.834003             1410.3498       5.9648669
              2       2149.1392       3.0451096      0.96893909            70.5     0.022701477       0.1182086      0.05545325       1.0009807       1.0010873      0.99830722       64.606363      0.71077536       5.0532579       3.5682342       9.7033735       11.638815        12.060481       69.449978       293.69258       50.600824       51.327697       103.54393      0.12885523        0.10524066        0.58928978      0.13129551        0.67859905       2.7629834   2.1012334e-09      0.28350698      0.81374884      0.79106402       146.57083       11.187825       2825.5639       1410.3498       15.188989        12.913808         2.2751805       4267.9003                 20.465196                 395.88779                           2397.7058                      11.505107               0.33983586              3.7083877                         7.1396013                                 14.834003             1410.3498       5.9648669
              1       2149.0495       3.0451096      0.96893909            70.5     0.022701477       0.1182086      0.05545325       1.0009807       1.0010735      0.99822805       64.607413      0.71073572       5.0600357       3.6237752       9.5536086       11.672919        12.200262       69.498049       296.60379       50.259424       51.656278       103.68864      0.12786961        0.13477756        0.58414318      0.14894963        0.69389302       2.7569611   2.1012334e-09      0.28350698      0.81374884      0.79106402       146.57083       11.187825         2826.71       1410.3498       14.526246        12.234937         2.2913095       4269.0464                 20.465196                 395.88779                           2398.8519                      11.505107               0.33983586              3.7083877                         7.1396013                                 14.834003             1410.3498       5.9648669
              1       2151.5413       3.0451096      0.96893909            70.5     0.022701477       0.1182086      0.05545325       1.0009807       1.0010941      0.99834558       65.041849      0.68870708       5.2190738          3.4805       9.6159508       11.923795         12.63254       69.368869       297.78139       50.055583       51.234298       103.58372      0.10301095        0.15372171        0.55554837      0.15217178        0.67253981       2.7758356   2.1012334e-09      0.28350698      0.81374884      0.79106402       146.57083       11.187825       2831.2439       1410.3498       14.751096        12.431676           2.31942       4273.5804                 20.465196                 395.88779                           2403.3858                      11.505107               0.33983586              3.7083877                         7.1396013                                 14.834003             1410.3498       5.9648669
              1       2148.6311       3.0451096      0.96893909            70.5     0.022701477       0.1182086      0.05545325       1.0009807       1.0008744       0.9983362        64.81855      0.65791718       5.2847077       3.2084516       9.6421291       11.888756        12.757285       69.938243       294.53382       49.003944       50.664501       102.77387      0.13506615        0.12510266        0.56501102       0.1627575        0.66195543       2.7893847   2.1012334e-09      0.28350698      0.81374884      0.79106402       146.57083       11.187825       2826.9775       1410.3498       13.974104        11.696396         2.2777079       4269.3139                 20.465196                 395.88779                           2399.1194                      11.505107               0.33983586              3.7083877                         7.1396013                                 14.834003             1410.3498       5.9648669
              2       2147.5347       3.0451096      0.96893909            70.5     0.022701477       0.1182086      0.05545325       1.0009807       1.0009655      0.99837181       64.867598      0.68114911       5.3140685       3.1080581       9.7081572       11.924641        12.582952       70.814141       291.94568        48.60961       50.874326       103.01881        0.126561        0.12702656        0.56971671      0.17274201        0.62622442       2.7267087   2.1012334e-09      0.28350698      0.81374884      0.79106402       146.57083       11.187825       2824.4677       1410.3498       14.132588        11.867565         2.2650228       4266.8042                 20.465196                 395.88779                           2396.6096                      11.505107               0.33983586              3.7083877                         7.1396013                                 14.834003             1410.3498       5.9648669
              1       2150.3106       3.0451096      0.96893909            70.5     0.022701477       0.1182086      0.05545325       1.0009807       1.0010359      0.99874597       65.754945      0.63676111       5.5045321       2.3390555       10.024471       10.565568        12.203409         71.0762       287.20088       48.825918       50.708804       102.61439      0.19301636        0.13394339        0.56741584      0.16911428        0.63170873       2.8120254   2.1012334e-09      0.28350698      0.81374884      0.79106402       146.57083       11.187825       2826.5885       1410.3498       15.848164        13.680039         2.1681245       4268.9249                 20.465196                 395.88779                           2398.7304                      11.505107               0.33983586              3.7083877                         7.1396013                                 14.834003             1410.3498       5.9648669
              2       2151.2464       3.0451096      0.96893909            70.5     0.022701477       0.1182086      0.05545325       1.0009807       1.0010685      0.99873879       65.868868      0.64853166       5.5668784       2.4842218       9.8544267       10.543163        12.215176       71.015379       286.47201        48.76768       50.742129       101.91909      0.19527234        0.11419551        0.56361185      0.15381059         0.6257311       2.8362387   2.1012334e-09      0.28350698      0.81374884      0.79106402       146.57083       11.187825       2827.6322       1410.3498       16.262048        14.045789         2.2162586       4269.9686                 20.465196                 395.88779                           2399.7741                      11.505107               0.33983586              3.7083877                         7.1396013                                 14.834003             1410.3498       5.9648669
              1       2151.7358       3.0451096      0.96893909            70.5     0.022701477       0.1182086      0.05545325       1.0009807       1.0010563      0.99864899       66.495622      0.64055115       5.4336313       2.5630193       10.150325       10.750249        12.496716       70.900063        280.7705       48.403807       49.905128       102.30476      0.17434851        0.11608787        0.58147255      0.11949568        0.60994423       2.8505225   2.1012334e-09      0.28350698      0.81374884      0.79106402       146.57083       11.187825        2828.391       1410.3498       16.372077        14.183057         2.1890202       4270.7274                 20.465196                 395.88779                           2400.5329                      11.505107               0.33983586              3.7083877                         7.1396013                                 14.834003             1410.3498       5.9648669
              1       2149.5324       3.0451096      0.96893909            70.5     0.022701477       0.1182086      0.05545325       1.0009807       1.0007315      0.99864017       66.924477      0.67921897       5.6107369       2.9964504       10.243057       10.692706        13.517694       71.633537       278.02555       49.640675       50.142112       101.16443      0.17258664        0.13843132        0.66243662      0.18272922        0.64771381       2.7783873   2.1012334e-09      0.28350698      0.81374884      0.79106402       146.57083       11.187825       2824.2048       1410.3498       16.261802        13.904315         2.3574865       4266.5413                 20.465196                 395.88779                           2396.3467                      11.505107               0.33983586              3.7083877                         7.1396013                                 14.834003             1410.3498       5.9648669
              2       2148.6831       3.0451096      0.96893909            70.5     0.022701477       0.1182086      0.05545325       1.0009807       1.0007629      0.99869184        66.88561      0.64973713       5.6342072       3.1564836       10.237344       10.589223        13.505486       71.992782       277.59738       50.263607       49.959013       100.89382      0.16532712        0.14497405        0.64820592      0.15764373        0.65667006       2.7132646   2.1012334e-09      0.28350698      0.81374884      0.79106402       146.57083       11.187825       2823.1889       1410.3498        15.92046        13.506498         2.4139614       4265.5254                 20.465196                 395.88779                           2395.3308                      11.505107               0.33983586              3.7083877                         7.1396013                                 14.834003             1410.3498       5.9648669
              1       2149.0702       3.0451096      0.96893909            70.5     0.022701477       0.1182086      0.05545325       1.0012579       1.0007332      0.99843411       66.937241      0.64539348       5.7608554       3.2899736       10.115327       10.712613        13.884956       70.976296       274.96828       50.971854        50.23619        100.4234      0.16334053        0.15952186         0.6082179      0.17946432        0.62963871       2.7588905   2.1012334e-09      0.28350698      0.81374884      0.79106402       146.57083       11.187825       2825.4362       1410.3498       15.183931         12.66393         2.5200012       4267.7726                   20.4473                 395.90079                           2397.4208                       11.66725               0.33983586              3.7083877                         7.1396013                                 14.834003             1410.3498       5.9648669
              2       2149.2585       3.0451096      0.96893909            70.5     0.022701477       0.1182086      0.05545325       1.0012579       1.0011106       0.9983885       65.702723      0.69817762       6.2019942       3.4512011       10.352778       10.399477        14.437782       70.961464       263.60874       49.319375       49.928052       100.82534      0.15286658        0.17285478        0.59531723      0.22072599        0.70054499       2.7288287   2.1012334e-09      0.28350698      0.81374884      0.79106402       146.57083       11.187825        2824.809       1410.3498       15.685752        12.834262         2.8514904       4267.1455                   20.4473                 395.90079                           2396.7937                       11.66725               0.33983586              3.7083877                         7.1396013                                 14.834003             1410.3498       5.9648669
              1       2149.8516       3.0451096      0.96893909            70.5     0.022701477       0.1182086      0.05545325       1.0012579       1.0012103      0.99832357       65.739501      0.66789565       6.1459658       3.3055566       10.373145       10.271515         14.24018       70.801002       262.98105       49.093068       50.275073       100.98615      0.15632019        0.17003575        0.58802928      0.22157266        0.70784242       2.7060974   2.1012334e-09      0.28350698      0.81374884      0.79106402       146.57083       11.187825       2826.2051       1410.3498       15.580762        12.827485         2.7532765       4268.5416                   20.4473                 395.90079                           2398.1898                       11.66725               0.33983586              3.7083877                         7.1396013                                 14.834003             1410.3498       5.9648669
              2       2146.7488       3.0451096      0.96893909            70.5     0.022701477       0.1182086      0.05545325       1.0015243        1.000381      0.99795421       65.482115      0.73283424       5.9061064       2.5579546       10.085884       10.212198        14.704252       71.876966       253.95188       51.664104       50.087681       101.10102      0.14076916        0.12770469        0.58534451       0.2348425        0.85966169       2.7157136   2.1012334e-09      0.28350698      0.81374884      0.79106402       146.57083       11.187825       2821.2452       1410.3498       14.957946        12.591024         2.3669222       4263.5817                 20.430329                 395.90615                           2393.0817                      11.827091               0.33983586              3.7083877                         7.1396013                                 14.834003             1410.3498       5.9648669
              1       2148.6016       3.0451096      0.96893909            70.5     0.022701477       0.1182086      0.05545325       1.0021249        1.000381      0.99795421       65.482115      0.73283424       5.9061064       2.5579546       10.085884       10.212198        14.704252       71.876966       253.95188       51.664104       50.087681       101.10102      0.14076916        0.12770469        0.58534451       0.2348425        0.85966169       2.7157136   2.1012334e-09      0.28350698      0.81374884      0.79106402       146.57083       11.187825       2824.6002       1410.3498       15.133286        12.766364         2.3669222       4266.9367                 20.392936                 395.90356                           2396.1018                      12.201907               0.33983586              3.7083877                         7.1396013                                 14.834003             1410.3498       5.9648669
              1       2149.1212       3.0451096      0.96893909            70.5     0.022701477       0.1182086      0.05545325       1.0021249       1.0002885      0.99797334       65.527079       0.7789207       5.6275525       3.1242172       9.4140658       10.214817        15.441439       71.957819       257.92169       52.027225        49.94581       101.93463      0.14647485         0.1196915        0.55594136        0.155131         0.8225448       2.7695038   2.1012334e-09      0.28350698      0.81374884      0.79106402       146.57083       11.187825       2827.5519       1410.3498        14.17705        11.775723         2.4013268       4269.8883                 20.392936                 395.90356                           2399.0535                      12.201907               0.33983586              3.7083877                         7.1396013                                 14.834003             1410.3498       5.9648669
              2       2149.8932       3.0451096      0.96893909            70.5     0.022701477       0.1182086      0.05545325       1.0021249       1.0002905      0.99796158       65.710196      0.79097918       5.9327992       3.1668717       9.5750549       9.9578352        16.073976       72.174607       262.40445       51.508069       49.356429         102.562      0.12004687        0.10138632        0.58845812      0.15145069        0.80826709       2.7085626   2.1012334e-09      0.28350698      0.81374884      0.79106402       146.57083       11.187825       2828.1158       1410.3498       14.667041        12.094963         2.5720783       4270.4522                 20.392936                 395.90356                           2399.6174                      12.201907               0.33983586              3.7083877                         7.1396013                                 14.834003             1410.3498       5.9648669
              1       2149.7922       3.0451096      0.96893909            70.5     0.022701477       0.1182086      0.05545325       1.0021249       1.0001189      0.99797763       65.564679      0.78212783       5.9147989        2.934441       9.5714967       9.9912883        16.037633       72.122777       265.58691       52.459429       49.095666       102.06068      0.11262673        0.08976062        0.58125609      0.16040045        0.83655146       2.6719761   2.1012334e-09      0.28350698      0.81374884      0.79106402       146.57083       11.187825       2827.0285       1410.3498       15.109722        12.625555         2.4841672        4269.365                 20.392936                 395.90356                           2398.5301                      12.201907               0.33983586              3.7083877                         7.1396013                                 14.834003             1410.3498       5.9648669
              1        2146.764       3.0451096      0.96893909            70.5     0.022701477       0.1182086      0.05545325       1.0021249      0.99990064        0.997979       65.875276      0.79784077       5.8241866        3.352346       8.9954023        9.534612        14.963064       73.494477       264.93611       51.606812       49.128972       98.635378       0.1094163        0.10374206        0.60331002      0.19070715        0.80464626       2.7602917   2.1012334e-09      0.28350698      0.81374884      0.79106402       146.57083       11.187825       2821.3708       1410.3498       14.910308        12.334117          2.576191       4263.7073                 20.392936                 395.90356                           2392.8724                      12.201907               0.33983586              3.7083877                         7.1396013                                 14.834003             1410.3498       5.9648669
              1       2148.4566       3.0451096      0.96893909            70.5     0.022701477       0.1182086      0.05545325       1.0021249       1.0001192      0.99769782       66.394224      0.71944884       5.7103503       3.3099035       9.1244755       10.118471        14.449109       75.225742       270.89192       52.588632       49.406443       98.751544     0.094693346       0.085221423        0.57646791      0.15936831        0.79172589       2.7586437   2.1012334e-09      0.28350698      0.81374884      0.79106402       146.57083       11.187825       2824.3667       1410.3498       15.104997        12.605132         2.4998647       4266.7032                 20.392936                 395.90356                           2395.8683                      12.201907               0.33983586              3.7083877                         7.1396013                                 14.834003             1410.3498       5.9648669
              1       2148.8424       3.0451096      0.96893909            70.5     0.022701477       0.1182086      0.05545325       1.0021249      0.99990698      0.99756757       65.766691      0.54490397       6.4348214       4.4754578       9.5203011       10.720967        14.930321       74.761334       256.90777       50.187413        47.63561       98.150185     0.082915397       0.082883715        0.53253332      0.26316947        0.82595131       2.8174355   2.1012334e-09      0.28350698      0.81374884      0.79106402       146.57083       11.187825       2821.3772       1410.3498       16.985547        13.424371          3.561176       4263.7136                 20.392936                 395.90356                           2392.8788                      12.201907               0.33983586              3.7083877                         7.1396013                                 14.834003             1410.3498       5.9648669
              2        2150.412       3.0451096      0.96893909            70.5     0.022701477       0.1182086      0.05545325       1.0013485      0.99990698      0.99756757       65.766691      0.54490397       6.4348214       4.4754578       9.5203011       10.720967        14.930321       74.761334       256.90777       50.187413        47.63561       98.150185     0.082915397       0.082883715        0.53253332      0.26316947        0.82595131       2.8174355   2.1012334e-09      0.28350698      0.81374884      0.79106402       146.57083       11.187825       2824.9479       1410.3498       16.769797        13.208621          3.561176       4267.2843                 20.441507                 395.90079                           2396.8844                      11.721137               0.33983586              3.7083877                         7.1396013                                 14.834003             1410.3498       5.9648669
              1       2150.6463       3.0451096      0.96893909            70.5     0.022701477       0.1182086      0.05545325       1.0013485      0.99992553      0.99758194        65.76735      0.54537946       6.4107901       4.4706233       9.5694963       10.644427         14.85671       74.795244       257.11948       50.397859       47.599138       98.208251     0.080561542       0.081241616        0.53436763      0.26581552        0.82809412       2.8128399   2.1012334e-09      0.28350698      0.81374884      0.79106402       146.57083       11.187825       2825.0991       1410.3498       16.928545        13.392616          3.535929       4267.4356                 20.441507                 395.90079                           2397.0357                      11.721137               0.33983586              3.7083877                         7.1396013                                 14.834003             1410.3498       5.9648669
              1       2149.2317       3.0451096      0.96893909            70.5     0.022701477       0.1182086      0.05545325       1.0026114      0.99992553      0.99758194        65.76735      0.54537946       6.4107901       4.4706233       9.5694963       10.644427         14.85671       74.795244       257.11948       50.397859       47.599138       98.208251     0.080561542       0.081241616        0.53436763      0.26581552        0.82809412       2.8128399   2.1012334e-09      0.28350698      0.81374884      0.79106402       146.57083       11.187825       2821.4696       1410.3498       17.328624        13.792695          3.535929       4263.8061                 20.363493                 395.90913                           2392.6769                      12.520071               0.33983586              3.7083877                         7.1396013                                 14.834003             1410.3498       5.9648669
              1       2146.9693       3.0451096      0.96893909            70.5     0.022701477       0.1182086      0.05545325       1.0026114      0.99986806      0.99759946       65.695603      0.57583493        6.351733       4.4459378       9.5459043       10.839634        14.913838       73.625359       262.39603       51.330049       47.840134       99.063567     0.087551138       0.084168046        0.52082652      0.22991778        0.81938532       2.7237683   2.1012334e-09      0.28350698      0.81374884      0.79106402       146.57083       11.187825       2819.1209       1410.3498        16.24065        12.773159         3.4674911       4261.4573                 20.363493                 395.90913                           2390.3282                      12.520071               0.33983586              3.7083877                         7.1396013                                 14.834003             1410.3498       5.9648669
              1       2147.6113       3.0451096      0.96893909            70.5     0.022701477       0.1182086      0.05545325       1.0026114      0.99985993      0.99792672       65.305693      0.48841403       6.0583751       3.2714489       9.0696304       11.071838        15.416612       73.993195       254.19999       52.635168       46.930005        99.84467     0.075610316        0.12521737        0.40362326      0.28216445        0.73503758       2.6800901   2.1012334e-09      0.28350698      0.81374884      0.79106402       146.57083       11.187825       2824.7494       1410.3498       14.068412        11.383907         2.6845052       4267.0858                 20.363493                 395.90913                           2395.9567                      12.520071               0.33983586              3.7083877                         7.1396013                                 14.834003             1410.3498       5.9648669
              1       2146.9468       3.0451096      0.96893909            70.5     0.022701477       0.1182086      0.05545325       1.0026114      0.99988828      0.99793799        65.31127      0.47438067       6.1636002       3.5082821       8.8603985        11.07722        15.415872       74.183413       257.19732       53.060629       46.704261       99.630842     0.081089527        0.13246459        0.40476245       0.2885226        0.73190625         2.64359   2.1012334e-09      0.28350698      0.81374884      0.79106402       146.57083       11.187825       2823.5599       1410.3498       13.998605        11.148986          2.849619       4265.8964                 20.363493                 395.90913                           2394.7672                      12.520071               0.33983586              3.7083877                         7.1396013                                 14.834003             1410.3498       5.9648669
              1       2147.4947       3.0451096      0.96893909            70.5     0.022701477       0.1182086      0.05545325       1.0026114      0.99981238      0.99786072       65.190607       0.4843891       6.1790603       3.6323806       8.7070315       11.307572        15.285676       74.227231       253.24845       53.456761       47.043481       99.321289     0.078892731        0.16856479         0.4106836      0.27964189        0.73226261       2.6445841   2.1012334e-09      0.28350698      0.81374884      0.79106402       146.57083       11.187825       2823.3467       1410.3498       14.653075        11.738226         2.9148493       4265.6832                 20.363493                 395.90913                            2394.554                      12.520071               0.33983586              3.7083877                         7.1396013                                 14.834003             1410.3498       5.9648669
              1       2149.8289       3.0451096      0.96893909            70.5     0.022701477       0.1182086      0.05545325       1.0026114      0.99980874      0.99784094       65.197249      0.49025871       6.0718598       3.6600089       8.8780138       11.458513        15.424469       73.892378       253.57228       54.045287       46.736704       99.255269     0.053556976        0.17484302        0.41105923      0.26596126        0.75053106       2.6615093   2.1012334e-09      0.28350698      0.81374884      0.79106402       146.57083       11.187825       2825.8439       1410.3498       15.738755        12.887009         2.8517456       4268.1804                 20.363493                 395.90913                           2397.0512                      12.520071               0.33983586              3.7083877                         7.1396013                                 14.834003             1410.3498       5.9648669
              1       2150.2989       3.0451096      0.96893909            70.5     0.022701477       0.1182086      0.05545325       1.0026114      0.99981727      0.99784209       65.072741      0.49457465       6.0798635       3.7371921       8.9147616       11.490752        15.614058       74.005771       254.12509       53.739922       46.701301       99.205321     0.056172097        0.17749817        0.41681614      0.26881086        0.75114846       2.6822443   2.1012334e-09      0.28350698      0.81374884      0.79106402       146.57083       11.187825       2826.6717       1410.3498       15.794877        12.903936         2.8909406       4269.0081                 20.363493                 395.90913                            2397.879                      12.520071               0.33983586              3.7083877                         7.1396013                                 14.834003             1410.3498       5.9648669
              2       2148.5581       3.0451096      0.96893909            70.5     0.022701477       0.1182086      0.05545325       1.0026114      0.99954199       0.9974732       64.649556      0.54387276       6.1406161       2.9076009       9.0110169       11.674448        15.855368       74.351959       261.25833       52.458641       46.082746       100.25697     0.014815725        0.10629873        0.42140437      0.32104135        0.78213618       2.5517837   2.1012334e-09      0.28350698      0.81374884      0.79106402       146.57083       11.187825       2817.6525       1410.3498        18.56364        15.965555         2.5980851        4259.989                 20.363493                 395.90913                           2388.8598                      12.520071               0.33983586              3.7083877                         7.1396013                                 14.834003             1410.3498       5.9648669
              2       2147.9111       3.0451096      0.96893909            70.5     0.022701477       0.1182086      0.05545325       1.0026114      0.99962114      0.99739043       64.666308      0.55609683       6.0834903       2.6787989        8.842809       11.780761        15.599314       74.792204        263.1249       51.990188        45.44716          101.27     0.045075504        0.17452912        0.42444669      0.28703341         0.7980348       2.5297278   2.1012334e-09      0.28350698      0.81374884      0.79106402       146.57083       11.187825       2819.8208       1410.3498       16.832495        14.343723         2.4887717       4262.1573                 20.363493                 395.90913                           2391.0281                      12.520071               0.33983586              3.7083877                         7.1396013                                 14.834003             1410.3498       5.9648669
              1        2147.985       3.0451096      0.96893909            70.5     0.022701477       0.1182086      0.05545325       1.0026114      0.99960212      0.99737882        64.75489      0.55438341       6.0643669       2.6762502       8.7741873       11.747271        15.550196       74.760167       262.79666       51.984647       45.533846       101.36392     0.047240696        0.17398524         0.4248117      0.28158887        0.79693546        2.555388   2.1012334e-09      0.28350698      0.81374884      0.79106402       146.57083       11.187825        2820.252       1410.3498       16.690728        14.212621         2.4781068       4262.5885                 20.363493                 395.90913                           2391.4593                      12.520071               0.33983586              3.7083877                         7.1396013                                 14.834003             1410.3498       5.9648669
              2       2144.0404       3.0451096      0.96893909            70.5     0.022701477       0.1182086      0.05545325       1.0026114      0.99954784      0.99774465       65.605733      0.46479282       6.1056581       3.3193701       9.0189036       11.008708        15.698127       73.897589       262.64714       53.173624        46.28588       103.70746      0.10727637        0.15211493        0.43458369      0.27431194        0.71872129       2.3360932   2.1012334e-09      0.28350698      0.81374884      0.79106402       146.57083       11.187825       2819.8191       1410.3498       12.962602        10.229674         2.7329275       4262.1556                 20.363493                 395.90913                           2391.0264                      12.520071               0.33983586              3.7083877                         7.1396013                                 14.834003             1410.3498       5.9648669
              2       2144.0586       3.0451096      0.96893909            70.5     0.022701477       0.1182086      0.05545325       1.0026114      0.99951036      0.99777639       65.577376      0.46906256       6.1017058        3.353624       9.0119469       11.011376         15.71021       73.824549       261.42432       53.158217       46.240591        103.5235      0.11060729         0.1481093        0.42680741      0.27412092        0.71422101       2.3382119   2.1012334e-09      0.28350698      0.81374884      0.79106402       146.57083       11.187825       2819.9471       1410.3498       12.916824        10.172717          2.744107       4262.2836                 20.363493                 395.90913                           2391.1545                      12.520071               0.33983586              3.7083877                         7.1396013                                 14.834003             1410.3498       5.9648669
              1       2143.9251       3.0451096      0.96893909            70.5     0.022701477       0.1182086      0.05545325       1.0026114      0.99959759      0.99775398       65.520209      0.46348832       6.1034083       3.1903543       9.0564943       10.815622        15.642708       74.271047       257.20228       52.804474       45.874785       103.13902     0.095947154        0.14953048        0.42349181      0.27668795         0.7494408       2.3526749   2.1012334e-09      0.28350698      0.81374884      0.79106402       146.57083       11.187825       2819.0664       1410.3498       13.223681        10.542652          2.681029       4261.4028                 20.363493                 395.90913                           2390.2737                      12.520071               0.33983586              3.7083877                         7.1396013                                 14.834003             1410.3498       5.9648669
              1       2143.9329       3.0451096      0.96893909            70.5     0.022701477       0.1182086      0.05545325       1.0026114      0.99961193      0.99773532       65.526776      0.46567838       6.0995862       3.1689897        9.030183       10.770194        15.677337       74.302036       257.22798       52.853539       45.882981       103.13856      0.10366199        0.15396463        0.42632395      0.27781607        0.74915923       2.3431155   2.1012334e-09      0.28350698      0.81374884      0.79106402       146.57083       11.187825       2819.2716       1410.3498       13.128876        10.458357         2.6705192        4261.608                 20.363493                 395.90913                           2390.4789                      12.520071               0.33983586              3.7083877                         7.1396013                                 14.834003             1410.3498       5.9648669
              1       2143.9495       3.0451096      0.96893909            70.5     0.022701477       0.1182086      0.05545325       1.0026114      0.99961666      0.99774126       65.386368      0.46369178       6.0927516       3.1794694       9.0552841       10.798773        15.737326       74.374487       257.35977       52.607041       45.911462       103.13736      0.10644846        0.15436475        0.41883426      0.28195274        0.74660833       2.3330647   2.1012334e-09      0.28350698      0.81374884      0.79106402       146.57083       11.187825       2819.2788       1410.3498       13.141906         10.47156         2.6703456       4261.6152                 20.363493                 395.90913                           2390.4861                      12.520071               0.33983586              3.7083877                         7.1396013                                 14.834003             1410.3498       5.9648669
              2       2144.2215       3.0451096      0.96893909            70.5     0.022701477       0.1182086      0.05545325       1.0027304      0.99961666      0.99774126       65.386368      0.46369178       6.0927516       3.1794694       9.0552841       10.798773        15.737326       74.374487       257.35977       52.607041       45.911462       103.13736      0.10644846        0.15436475        0.41883426      0.28195274        0.74660833       2.3330647   2.1012334e-09      0.28350698      0.81374884      0.79106402       146.57083       11.187825        2819.721       1410.3498       13.192754        10.522409         2.6703456       4262.0574                 20.356402                 395.91383                           2390.8508                      12.599869               0.33983586              3.7083877                         7.1396013                                 14.834003             1410.3498       5.9648669
              2       2144.3188       3.0451096      0.96893909            70.5     0.022701477       0.1182086      0.05545325       1.0027304      0.99964814      0.99773998       65.308691       0.4690655       6.0919735       3.2649699       8.9940489        10.91642        15.824067       74.243643       258.12462        52.80382       45.951757       103.36807      0.10095349         0.1510796        0.42333948      0.28046575        0.73797134        2.333455   2.1012334e-09      0.28350698      0.81374884      0.79106402       146.57083       11.187825       2820.0742       1410.3498       13.113446        10.410615         2.7028308       4262.4107                 20.356402                 395.91383                           2391.2041                      12.599869               0.33983586              3.7083877                         7.1396013                                 14.834003             1410.3498       5.9648669
              1       2143.0759       3.0451096      0.96893909            70.5     0.022701477       0.1182086      0.05545325       1.0027304      0.99963054      0.99755135       64.834925      0.45406509       6.1640699       2.9030042       9.0595395       10.542564        15.356502       73.971995       256.71101       52.235685       46.033563       103.13396     0.086030276        0.14931912        0.47755774      0.24923516        0.67002953        2.276336   2.1012334e-09      0.28350698      0.81374884      0.79106402       146.57083       11.187825       2817.8973       1410.3498       12.959067        10.349094         2.6099728       4260.2337                 20.356402                 395.91383                           2389.0272                      12.599869               0.33983586              3.7083877                         7.1396013                                 14.834003             1410.3498       5.9648669
              2        2141.026       3.0451096      0.96893909       70.305013     0.022701477       0.1182086      0.05545325       1.0028631      0.99954071      0.99761554       64.738824      0.46656859       5.9052986       3.2278143       8.9270461       10.694366        14.880082       74.189769        247.7258       51.949247       47.462958       102.44935     0.088157833        0.14629406        0.46975198      0.24638765        0.65268809        2.289501   2.1012334e-09      0.28508174      0.81334282      0.79286219       146.57594       10.046761        2815.184       1409.8532       13.009525        10.431484         2.5780414        4256.033                 20.347627                 395.91262                           2386.7976                      12.126172               0.27460681              3.4967826                         6.2753711                                 14.033186             1409.8532       6.9158233
              2       2141.1203       3.0451096      0.96893909       70.305013     0.022701477       0.1182086      0.05545325       1.0028631       0.9994778       0.9977941       64.459462      0.48295713       5.7771063       3.4334564       8.9066688       10.931829        14.974998       73.849416       242.52922       53.147858       46.043943       101.78048     0.096823014        0.10854831        0.49742781      0.24729386        0.66458996       2.2295076   2.1012334e-09      0.28508174      0.81334282      0.79286219       146.57594       10.046761       2815.7243       1409.8532       12.833701        10.255471         2.5782301       4256.5733                 20.347627                 395.91262                           2387.3379                      12.126172               0.27460681              3.4967826                         6.2753711                                 14.033186             1409.8532       6.9158233
              1       2140.5097       3.0451096      0.96893909       70.305013     0.022701477       0.1182086      0.05545325       1.0028631        0.999545      0.99775133        64.50102      0.48543485       5.7944311       3.4637576       8.9814235       11.001967        15.065274       73.940152       243.94859       53.030858       46.000245       102.00557     0.079336214        0.12519349        0.50261763      0.24191247        0.66109157       2.2175117   2.1012334e-09      0.28508174      0.81334282      0.79286219       146.57594       10.046761        2814.131       1409.8532       13.019718        10.420821         2.5988974         4254.98                 20.347627                 395.91262                           2385.7446                      12.126172               0.27460681              3.4967826                         6.2753711                                 14.033186             1409.8532       6.9158233
              1       2140.3444       3.0456748      0.96883514       70.305013     0.022689654      0.11841981       0.0556272       1.0028631        0.999545      0.99775133        64.50102      0.48543485       5.7944311       3.4637576       8.9814235       11.001967        15.065274       73.940152       243.94859       53.030858       46.000245       102.00557     0.079336214        0.12519349        0.50261763      0.24191247        0.66109157       2.2175117   2.1024213e-09      0.28548512      0.81451901      0.79457032       146.53124       9.9563721       2814.0445        1409.729       13.019718        10.420821         2.5988974       4254.6493                 20.349191                 395.96187                           2385.6808                      12.052609               0.26834645              3.4761915                         6.2118342                                 14.003634              1409.729       6.9158233
              2       2140.9217       3.0456748      0.96883514       70.305013     0.022689654      0.11841981       0.0556272       1.0028631      0.99942643      0.99782161       64.663089      0.53585761       5.6239286       3.7614592       9.1670261       11.512567        14.884084       73.480796       239.35048        51.40957       45.662349       101.24988     0.057574086        0.13303309        0.48323977      0.25063428        0.69915485         2.23116   2.1024213e-09      0.28548512      0.81451901      0.79457032       146.53124       9.9563721       2813.2104        1409.729       14.014079        11.406198         2.6078807       4253.8153                 20.349191                 395.96187                           2384.8468                      12.052609               0.26834645              3.4761915                         6.2118342                                 14.003634              1409.729       6.9158233
              2       2141.3231       3.0456748      0.96883514       70.305013     0.022689654      0.11841981       0.0556272       1.0028631      0.99941921        0.997831       64.699171      0.54878123       5.5920042       3.7897973       9.2047639       11.553376         14.86074       73.611242       237.63999        51.57148       45.721689       101.24037     0.050205508        0.13393826        0.48201657      0.25264287        0.71017829       2.2325001   2.1024213e-09      0.28548512      0.81451901      0.79457032       146.53124       9.9563721        2813.282        1409.729       14.379733         11.78006         2.5996728       4253.8868                 20.349191                 395.96187                           2384.9183                      12.052609               0.26834645              3.4761915                         6.2118342                                 14.003634              1409.729       6.9158233
              2       2143.3083       3.0456748      0.96883514       70.305013     0.022689654      0.11841981       0.0556272       1.0028631      0.99949566      0.99770728       64.451577      0.53542263        5.778099       4.2004126       9.1378784       11.596619        14.706216       73.424588       231.42443       51.765528       45.218511       101.11229      0.03009457        0.10834266        0.49023214       0.2401707        0.71203735       2.1245501   2.1024213e-09      0.28548512      0.81451901      0.79457032       146.53124       9.9563721       2814.6041        1409.729       15.703813        12.821487          2.882326       4255.2089                 20.349191                 395.96187                           2386.2404                      12.052609               0.26834645              3.4761915                         6.2118342                                 14.003634              1409.729       6.9158233
              2       2145.1754       3.0456748      0.96883514       70.305013     0.022689654      0.11841981       0.0556272       1.0028631      0.99926457      0.99776451       64.513327      0.51003388       5.7207362       4.1398993       8.8015618       11.930784        14.205093       73.421525       229.57482       52.344923       45.665175       100.74473     0.028972008       0.076881282        0.52758531      0.22757281        0.70540635       2.1515568   2.1024213e-09      0.28548512      0.81451901      0.79457032       146.53124       9.9563721        2815.253        1409.729       17.246463        14.429611         2.8168527       4255.8578                 20.349191                 395.96187                           2386.8893                      12.052609               0.26834645              3.4761915                         6.2118342                                 14.003634              1409.729       6.9158233
              2       2145.9646       3.0456748      0.96883514       70.305013     0.022689654      0.11841981       0.0556272       1.0028631      0.99925785      0.99782394       64.498982      0.50477991       5.7444919       4.1006767       8.6553067       11.917499        13.821927       73.493467       229.11289       52.530542       45.572602       100.17392     0.031883328       0.072343231        0.53255854      0.22480815        0.73031067       2.1333768   2.1024213e-09      0.28548512      0.81451901      0.79457032       146.53124       9.9563721       2816.5323        1409.729       17.396052        14.579711         2.8163414       4257.1371                 20.349191                 395.96187                           2388.1686                      12.052609               0.26834645              3.4761915                         6.2118342                                 14.003634              1409.729       6.9158233
              1       2145.7655       3.0456748      0.96883514       70.305013     0.022689654      0.11841981       0.0556272       1.0028631      0.99935316      0.99772336       64.230512      0.49498504       5.7255159       5.4112283       9.1857509       11.739087        13.568382       74.116417       223.88351       51.298038       45.821881       98.760822     0.060382979       0.094528697        0.57803491      0.15254798        0.71681036       2.1802289   2.1024213e-09      0.28548512      0.81451901      0.79457032       146.53124       9.9563721       2817.8666        1409.729       16.529775        13.083017          3.446758       4258.4714                 20.349191                 395.96187                           2389.5029                      12.052609               0.26834645              3.4761915                         6.2118342                                 14.003634              1409.729       6.9158233
              1       2142.8337       3.0456748      0.96883514       70.305013     0.022689654      0.11841981       0.0556272       1.0028631      0.99924164      0.99776683       62.850407      0.51281288       5.4553906       5.0599532        9.156302       11.761995        13.008479       74.902028       222.18829       51.330613       45.695762       97.675449      0.12276434        0.12950038        0.54982799      0.20721421         0.6328642       2.1728851   2.1024213e-09      0.28548512      0.81451901      0.79457032       146.53124       9.9563721        2817.057        1409.729       14.002776        10.963453         3.0393232       4257.6619                 20.349191                 395.96187                           2388.6934                      12.052609               0.26834645              3.4761915                         6.2118342                                 14.003634              1409.729       6.9158233
              1       2143.8831       3.0456748      0.96883514       70.305013     0.022689654      0.11841981       0.0556272       1.0031733      0.99924164      0.99776683       62.850407      0.51281288       5.4553906       5.0599532        9.156302       11.761995        13.008479       74.902028       222.18829       51.330613       45.695762       97.675449      0.12276434        0.12950038        0.54982799      0.20721421         0.6328642       2.1728851   2.1024213e-09      0.28548512      0.81451901      0.79457032       146.53124       9.9563721       2818.8563        1409.729       14.152566        11.113243         3.0393232       4259.4611                  20.33103                 395.95952                           2390.3165                      12.249235               0.26834645              3.4761915                         6.2118342                                 14.003634              1409.729       6.9158233
              2       2142.3496       3.0456748      0.96883514       70.305013     0.022689654      0.11841981       0.0556272       1.0031733      0.99910211      0.99776811       62.863983       0.5228112       5.5110315       5.3094545       8.6450806       11.308251        13.383013       76.289638       225.94676       51.087905       46.224561        98.09303      0.10474906        0.13767487        0.56271173      0.21572103        0.62743488       2.0732507   2.1024213e-09      0.28548512      0.81451901      0.79457032       146.53124       9.9563721       2814.7274        1409.729       14.683528        11.476527         3.2070008       4255.3322                  20.33103                 395.95952                           2386.1876                      12.249235               0.26834645              3.4761915                         6.2118342                                 14.003634              1409.729       6.9158233
              1       2149.3992       3.0456748      0.96883514       70.305013     0.022689654      0.11841981       0.0556272       1.0031733      0.99911094      0.99790649       63.480289      0.50201619       5.9626814       5.4540244       8.1514857       11.134809        13.501627       76.339955       243.10745         49.2213       46.198567       97.258531      0.16659231        0.26266647         0.5347255      0.30088156        0.66968606       2.0286592   2.1024213e-09      0.28548512      0.81451901      0.79457032       146.53124       9.9563721       2813.5328        1409.729       22.330417        18.635783         3.6946338       4254.1376                  20.33103                 395.95952                            2384.993                      12.249235               0.26834645              3.4761915                         6.2118342                                 14.003634              1409.729       6.9158233
              2       2145.7678       3.0456748      0.96883514       70.305013     0.022689654      0.11841981       0.0556272       1.0031733      0.99953619      0.99784262       62.992342      0.44522137       6.1806426       4.6717011       7.3042087        10.68828        14.246043       76.942771       255.75795       51.186252       46.365216       95.371279      0.15958702         0.2011505         0.5151332      0.27964311        0.61880506       2.0583349   2.1024213e-09      0.28548512      0.81451901      0.79457032       146.53124       9.9563721       2818.5283        1409.729       16.201231        12.760848         3.4403831       4259.1331                  20.33103                 395.95952                           2389.9885                      12.249235               0.26834645              3.4761915                         6.2118342                                 14.003634              1409.729       6.9158233
              1       2145.8704       3.0456748      0.96883514       70.305013     0.022689654      0.11841981       0.0556272       1.0031733      0.99975277      0.99729553       64.582251      0.42568216        6.017124       4.0793003       7.9189266       11.096415        15.691432       78.283807       255.92445       49.063489        44.97117       96.857684      0.18075656         0.1971437        0.37305969       0.2364775        0.61396563       2.2423506   2.1024213e-09      0.28548512      0.81451901      0.79457032       146.53124       9.9563721       2818.9397        1409.729       16.098156        13.097477         3.0006793       4259.5445                  20.33103                 395.95952                           2390.3999                      12.249235               0.26834645              3.4761915                         6.2118342                                 14.003634              1409.729       6.9158233
              1       2145.1094       3.0456748      0.96883514       70.305013     0.022689654      0.11841981       0.0556272       1.0031733      0.99957842      0.99743458       65.327671       0.3881176       5.7562613        5.037856       8.9489535       11.051673        15.364693       79.426683       260.03241       50.896209       44.392203       97.801655      0.14787564        0.11288354        0.43066261      0.23770219        0.65161949       2.2950352   2.1024213e-09      0.28548512      0.81451901      0.79457032       146.53124       9.9563721       2822.8052        1409.729       13.404379        10.134477         3.2699013         4263.41                  20.33103                 395.95952                           2394.2654                      12.249235               0.26834645              3.4761915                         6.2118342                                 14.003634              1409.729       6.9158233
              1       2142.4509       3.0456748      0.96883514       70.305013     0.022689654      0.11841981       0.0556272       1.0031733      0.99971974      0.99756222       65.563114      0.40627476       5.5699843       4.4784723       8.2190078       10.737664        16.154653       78.347519       271.05848       53.329102       43.907148       96.322475      0.13204903       0.099300995        0.53987076      0.21201659        0.67314079       2.4192364   2.1024213e-09      0.28548512      0.81451901      0.79457032       146.53124       9.9563721       2818.0647        1409.729       13.116109        10.257693         2.8584163       4258.6696                  20.33103                 395.95952                            2389.525                      12.249235               0.26834645              3.4761915                         6.2118342                                 14.003634              1409.729       6.9158233
              1       2144.5138       3.0456748      0.96883514       70.305013     0.022689654      0.11841981       0.0556272       1.0036355      0.99994524      0.99751651       64.886794      0.42209775       5.8997305       4.5704427       8.8560396       10.578907        16.335524       77.673867       272.06924       53.013946       43.458155       95.909332      0.11209704       0.083684819        0.54893007      0.20162025        0.69462105       2.4319373   2.1024213e-09      0.28548512      0.81451901      0.79457032       146.53124       9.9563721       2820.0438        1409.729       14.189539        11.041977         3.1475621       4260.6486                 20.304488                  395.9441                           2391.2432                      12.552012               0.26834645              3.4761915                         6.2118342                                 14.003634              1409.729       6.9158233
              2       2142.7414       3.0456748      0.96883514       70.305013     0.022689654      0.11841981       0.0556272       1.0035486       1.0001162      0.99742869       65.939817      0.57149503       5.7926404       4.2208496       9.4834348       11.271165          17.6816         78.7065       292.88043       53.566707       42.364533       95.727612     0.097676674       0.091095951        0.47988584      0.19989293        0.65083592        2.253876   2.1024213e-09      0.28548512      0.81451901      0.79457032       146.53124       9.9563721       2818.2983        1409.729       13.289872        10.388281         2.9015904       4258.9031                 20.309427                  395.9441                           2389.5506                      12.494165               0.26834645              3.4761915                         6.2118342                                 14.003634              1409.729       6.9158233
              1       2144.9393       3.0456748      0.96883514       70.305013     0.022689654      0.11841981       0.0556272       1.0035486       1.0001537      0.99745068       65.531801        0.565335       5.4057569       3.9028903       9.2595212       11.778376        17.874971       79.127222       294.76179       54.027082       42.128589       94.989366       0.1616591       0.078896043        0.48275922       0.2128382        0.69805298       2.1602887   2.1024213e-09      0.28548512      0.81451901      0.79457032       146.53124       9.9563721       2822.9292        1409.729       13.172262        10.637193         2.5350687        4263.534                 20.309427                  395.9441                           2394.1815                      12.494165               0.26834645              3.4761915                         6.2118342                                 14.003634              1409.729       6.9158233
              1       2145.2195       3.0456748      0.96883514       70.305013     0.022689654      0.11841981       0.0556272       1.0035486       1.0002633      0.99730249       65.344065       0.5776992       5.4527086       3.4333383        9.344585       11.669923        17.749081       79.210689       297.32032       54.268996       42.026671       94.892944       0.1546582       0.085299356        0.47146425      0.21442262        0.68227339       2.1634938   2.1024213e-09      0.28548512      0.81451901      0.79457032       146.53124       9.9563721       2824.0166        1409.729       12.908827        10.498875          2.409952       4264.6214                 20.309427                  395.9441                           2395.2689                      12.494165               0.26834645              3.4761915                         6.2118342                                 14.003634              1409.729       6.9158233
              1       2142.1498       3.0456748      0.96883514       70.305013     0.022689654      0.11841981       0.0556272       1.0016557       1.0005319       0.9973321       64.712205      0.57715699       5.3242777       3.6827662       10.289314       11.291901        18.254323       79.917351       294.86185       55.358288        42.16807       95.657565     0.071353535        0.16589761        0.54352538      0.28128751        0.80060129       2.1577952   2.1024213e-09      0.28548512      0.81451901      0.79457032       146.53124       9.9563721       2814.5745        1409.729       14.560117        12.137083         2.4230341       4255.1794                 20.422668                 395.94801                           2386.8662                      11.337655               0.26834645              3.4761915                         6.2118342                                 14.003634              1409.729       6.9158233
              1       2142.3948       3.0456748      0.96883514       70.305013     0.022689654      0.11841981       0.0556272       1.0018358       1.0005046      0.99731348       64.929405       0.5714658       5.3060592       3.5200042       10.471392       11.189739        18.394094       80.509778       298.73282       54.078756        41.64853       95.918667     0.088968028        0.14062786        0.61320295      0.28644234        0.78427727       2.1914417   2.1024213e-09      0.28548512      0.81451901      0.79457032       146.53124       9.9563721       2815.0433        1409.729       14.570736        12.203263         2.3674724       4255.6481                 20.411413                 395.94888                           2387.2438                      11.439176               0.26834645              3.4761915                         6.2118342                                 14.003634              1409.729       6.9158233
              1       2142.4285       3.0456748      0.96883514       70.305013     0.022689654      0.11841981       0.0556272       1.0018358       1.0005093      0.99730831        64.94484      0.57054277       5.3057199        3.514277        10.46486       11.210785        18.378269       80.510532       298.58474       54.094305       41.672019       95.929587     0.089030688        0.14168645        0.61445407      0.28593556        0.78448798       2.1935555   2.1024213e-09      0.28548512      0.81451901      0.79457032       146.53124       9.9563721       2815.0319        1409.729       14.610165        12.244438         2.3657262       4255.6367                 20.411413                 395.94888                           2387.2324                      11.439176               0.26834645              3.4761915                         6.2118342                                 14.003634              1409.729       6.9158233
              1       2143.6446       3.0456748      0.96883514       70.305013     0.022689654      0.11841981       0.0556272       1.0018358       1.0004978      0.99735732       64.822968       0.5823387       5.3526851       3.4201158       10.280887       11.177583        18.146083       81.151958       294.52979       53.823941       42.214453       96.040613     0.071643848        0.12014614        0.61954623      0.29906512        0.78105655       2.1627717   2.1024213e-09      0.28548512      0.81451901      0.79457032       146.53124       9.9563721       2816.3804        1409.729       15.152047         12.79159         2.3604565       4256.9852                 20.411413                 395.94888                           2388.5809                      11.439176               0.26834645              3.4761915                         6.2118342                                 14.003634              1409.729       6.9158233
              2       2141.9277       3.0456748      0.96883514       70.305013     0.022689654      0.11841981       0.0556272       1.0018358       1.0004772      0.99741183       63.751256       0.6331683       5.0859772       3.7026908       10.376096       11.698843        19.407309       82.034327       294.95131       53.353169       43.166814       98.295965     0.099059666        0.18232246        0.61115053      0.25452652        0.68767196       2.2180622   2.1024213e-09      0.28548512      0.81451901      0.79457032       146.53124       9.9563721       2814.9283        1409.729       14.161152        11.839335         2.3218169       4255.5331                 20.411413                 395.94888                           2387.1288                      11.439176               0.26834645              3.4761915                         6.2118342                                 14.003634              1409.729       6.9158233
              1       2144.0267       3.0456748      0.96883514       70.305013     0.022689654      0.11841981       0.0556272       1.0018358       1.0007733      0.99748305       63.790032      0.65584645       5.5232711       3.2117089       10.092555       11.402652        19.891725       82.415024       296.80724       54.668599       44.895978       95.531055      0.17319418        0.19463413        0.54840124      0.19088865        0.77669701       2.3398875   2.1024213e-09      0.28548512      0.81451901      0.79457032       146.53124       9.9563721       2818.5478        1409.729       14.450373        12.071871         2.3785013       4259.1526                 20.411413                 395.94888                           2390.7483                      11.439176               0.26834645              3.4761915                         6.2118342                                 14.003634              1409.729       6.9158233
              2       2143.8473       3.0456748      0.96883514       70.305013     0.022689654      0.11841981       0.0556272       1.0018358       1.0007612      0.99740472       63.992073      0.65865162       5.3491012       3.0717967       10.027446       11.492484        19.654854       82.364253       297.71058       54.669171       44.834486       95.018829      0.16300751        0.18924758        0.53848079      0.17841763        0.78776607       2.2964569   2.1024213e-09      0.28548512      0.81451901      0.79457032       146.53124       9.9563721       2819.1054        1409.729       13.992181        11.722495         2.2696857       4259.7103                 20.411413                 395.94888                            2391.306                      11.439176               0.26834645              3.4761915                         6.2118342                                 14.003634              1409.729       6.9158233
              1       2144.5953       3.0456748      0.96883514       70.305013     0.022689654      0.11841981       0.0556272       1.0018358       1.0006828       0.9977708       65.274023      0.64355914       5.3932644       2.4114174       10.331551       12.075168        19.938737       82.671023       288.75653       55.361286       46.513775       96.753475      0.16141856        0.14933297        0.54604174     0.069820741        0.69970077       2.2892273   2.1024213e-09      0.28548512      0.81451901      0.79457032       146.53124       9.9563721       2821.3066        1409.729       13.639566         11.49015          2.149416       4261.9114                 20.411413                 395.94888                           2393.5071                      11.439176               0.26834645              3.4761915                         6.2118342                                 14.003634              1409.729       6.9158233
              1       2144.0911       3.0456748      0.96883514       70.305013     0.022689654      0.11841981       0.0556272       1.0018358       1.0006049      0.99776285       65.244112       0.6314333       5.4034911       2.4837757       10.276458       11.865337        19.858089       82.792193       285.84368       55.957696       46.715995       96.427263      0.17603308         0.1401107        0.53554734     0.069287169        0.70331449       2.3079603   2.1024213e-09      0.28548512      0.81451901      0.79457032       146.53124       9.9563721        2820.278        1409.729       13.649719        11.484678         2.1650408       4260.8828                 20.411413                 395.94888                           2392.4785                      11.439176               0.26834645              3.4761915                         6.2118342                                 14.003634              1409.729       6.9158233
              2       2142.8919       3.0456748      0.96883514       70.305013     0.022689654      0.11841981       0.0556272       1.0018358       1.0003272      0.99792903       65.489423      0.59916743       5.3523053        2.797573       11.195463       12.258082        19.786199       83.868128       280.32299       54.506046        46.02774       95.623087      0.19472605        0.15075182        0.57151174      0.11137636        0.69425503       2.3517216   2.1024213e-09      0.28548512      0.81451901      0.79457032       146.53124       9.9563721       2816.5608        1409.729       14.309055        12.099043         2.2100116       4257.1656                 20.411413                 395.94888                           2388.7613                      11.439176               0.26834645              3.4761915                         6.2118342                                 14.003634              1409.729       6.9158233
              1       2143.3784       3.0456748      0.96883514       70.305013     0.022689654      0.11841981       0.0556272       1.0018358       1.0001356      0.99793629       65.086985      0.60087219       5.7166337       2.6840674       10.908033       12.678959        20.316926       83.981463       278.65995       54.314343       45.555983       95.320681      0.20463801        0.13006654        0.58585611     0.070962536        0.71705568       2.3416861   2.1024213e-09      0.28548512      0.81451901      0.79457032       146.53124       9.9563721       2814.6209        1409.729       15.765503         13.44617         2.3193328       4255.2258                 20.411413                 395.94888                           2386.8215                      11.439176               0.26834645              3.4761915                         6.2118342                                 14.003634              1409.729       6.9158233
              1       2144.2826       3.0456748      0.96883514       70.305013     0.022689654      0.11841981       0.0556272       1.0018358       1.0001344      0.99793164       65.028407      0.60216975       5.6801712        2.790066       10.903474       12.705902        20.285648         83.9629        276.4784       54.291439       45.611767       95.597137      0.20707163        0.13752157        0.58848709     0.065827322        0.72492447        2.324875   2.1024213e-09      0.28548512      0.81451901      0.79457032       146.53124       9.9563721       2815.7504        1409.729       16.105031         13.77323         2.3318009       4256.3552                 20.411413                 395.94888                           2387.9509                      11.439176               0.26834645              3.4761915                         6.2118342                                 14.003634              1409.729       6.9158233
              1       2143.7196       3.0456748      0.96883514       70.305013     0.022689654      0.11841981       0.0556272       1.0018358      0.99992247      0.99803014       65.057056      0.54011024       5.7928557       2.8445958       10.854597       12.244234        19.625478       84.074035       280.61187       54.587368       44.358312       97.144352      0.22332261        0.15870601        0.51926721      0.17522109        0.65780001       2.5830154   2.1024213e-09      0.28548512      0.81451901      0.79457032       146.53124       9.9563721       2817.0073        1409.729        14.91353         12.51661         2.3969192       4257.6122                 20.411413                 395.94888                           2389.2079                      11.439176               0.26834645              3.4761915                         6.2118342                                 14.003634              1409.729       6.9158233
              1       2142.3693       3.0456748      0.96883514       70.305013     0.022689654      0.11841981       0.0556272       1.0018358      0.99973056      0.99782722       64.418054      0.52405848       5.6043713       2.2452674        10.94843       12.132407        19.635061       84.447749       281.43041       53.418111       44.431842       97.124429      0.22706379        0.16634901        0.52572233      0.19941393        0.69287178       2.5698975   2.1024213e-09      0.28548512      0.81451901      0.79457032       146.53124       9.9563721       2813.8078        1409.729       15.162973        12.982542         2.1804308       4254.4126                 20.411413                 395.94888                           2386.0083                      11.439176               0.26834645              3.4761915                         6.2118342                                 14.003634              1409.729       6.9158233
              2       2142.5789       3.0456748      0.96883514       70.305013     0.022689654      0.11841981       0.0556272       1.0018358      0.99978566      0.99785161       64.256867      0.52841307       5.6239325       2.4055415       11.030167       12.128882          19.2426       84.599365       282.80168        52.95646       44.290354       97.564872      0.22778617        0.14338898        0.51397474      0.20221194        0.70138645       2.5343129   2.1024213e-09      0.28548512      0.81451901      0.79457032       146.53124       9.9563721       2815.2569        1409.729       14.648083        12.429166         2.2189165       4255.8617                 20.411413                 395.94888                           2387.4574                      11.439176               0.26834645              3.4761915                         6.2118342                                 14.003634              1409.729       6.9158233
              1        2141.486       3.0456748      0.96883514       70.305013     0.022689654      0.11841981       0.0556272       1.0018358      0.99995984      0.99774208       64.257124      0.52608284       5.1975347       2.7575549        9.985132       12.509753        18.845102       83.582609       291.30361       53.969196       45.234298       98.858224     0.080915724        0.11093198        0.55303514      0.22506046        0.82265214       2.7341343   2.1024213e-09      0.28548512      0.81451901      0.79457032       146.53124       9.9563721       2813.9154        1409.729        14.22593         12.07081         2.1551202       4254.5202                 20.411413                 395.94888                           2386.1159                      11.439176               0.26834645              3.4761915                         6.2118342                                 14.003634              1409.729       6.9158233
              1       2141.2579       3.0456748      0.96883514       70.305013     0.022689654      0.11841981       0.0556272       1.0018358      0.99996486      0.99774136       64.191022      0.52360136       5.2101233       2.7173059        9.949166       12.536777        18.888695       83.586985        291.6415       53.841478       45.336287        98.87904     0.079833132        0.11387291        0.54948499      0.22596864        0.82193587       2.7333535   2.1024213e-09      0.28548512      0.81451901      0.79457032       146.53124       9.9563721       2813.5944        1409.729       14.158279        12.006652         2.1516271       4254.1993                 20.411413                 395.94888                            2385.795                      11.439176               0.26834645              3.4761915                         6.2118342                                 14.003634              1409.729       6.9158233
              2       2141.4605       3.0456748      0.96883514       70.305013     0.022689654      0.11841981       0.0556272       1.0018358      0.99988845      0.99785517       64.325615      0.53400512        5.135372       2.7249093       9.6911738       12.593636        19.171686       83.153094       283.86315       53.288491       45.315085       99.095412     0.068220031        0.12951248        0.57040894      0.23400545        0.83737335       2.6957453   2.1024213e-09      0.28548512      0.81451901      0.79457032       146.53124       9.9563721       2812.7491        1409.729       14.783525        12.650533         2.1329917       4253.3539                 20.411413                 395.94888                           2384.9496                      11.439176               0.26834645              3.4761915                         6.2118342                                 14.003634              1409.729       6.9158233
              3       2140.4536       3.0456748      0.96883514       70.305013     0.022689654      0.11841981       0.0556272       1.0018358      0.99986983      0.99796974       64.444312      0.53963597       5.2656177       2.6656695       9.6723233       12.631064        18.894826       83.563895       285.25916       52.797855       44.978081       99.198074     0.085247492        0.13525332        0.56725224       0.2493214        0.83287662       2.6540423   2.1024213e-09      0.28548512      0.81451901      0.79457032       146.53124       9.9563721       2811.9503        1409.729       14.176052        12.017935         2.1581171       4252.5551                 20.411413                 395.94888                           2384.1509                      11.439176               0.26834645              3.4761915                         6.2118342                                 14.003634              1409.729       6.9158233
              1       2139.4136       3.0456748      0.96883514       70.305013     0.022689654      0.11841981       0.0556272       1.0018358      0.99998051      0.99801428       64.163822      0.53350621       4.9894749       2.6824889       9.7462805       12.195527        18.934664        83.61509       280.01608       53.068457       45.026519       98.488203     0.091059851         0.1234899        0.55541399      0.24083769        0.81194274       2.6286503   2.1024213e-09      0.28548512      0.81451901      0.79457032       146.53124       9.9563721       2811.9899        1409.729       13.116213        11.023177         2.0930362       4252.5948                 20.411413                 395.94888                           2384.1905                      11.439176               0.26834645              3.4761915                         6.2118342                                 14.003634              1409.729       6.9158233
              1       2140.6944       3.0456748      0.96883514       70.305013     0.022689654      0.11841981       0.0556272       1.0018358      0.99987014      0.99810477       64.263107      0.55023275       5.0237912       2.5138878        9.750753       12.023225        18.985778       83.071475       270.30416        52.82187       45.791755       99.242188       0.1153158        0.16526224         0.5362155       0.2543219        0.82272096       2.6663421   2.1024213e-09      0.28548512      0.81451901      0.79457032       146.53124       9.9563721       2814.0464        1409.729       13.368784        11.289755          2.079029       4254.6513                 20.411413                 395.94888                            2386.247                      11.439176               0.26834645              3.4761915                         6.2118342                                 14.003634              1409.729       6.9158233
              1       2142.1107       3.0456748      0.96883514       70.305013     0.022689654      0.11841981       0.0556272        1.002684      0.99964532       0.9977205       64.453057      0.54266036       4.9506478       2.5554477       9.4283284       11.927187        18.200281       82.315113       267.25751       53.221078       45.569631       98.606214     0.085653769        0.15061117        0.50788426      0.27553997        0.80965991       2.7144487   2.1024213e-09      0.28548512      0.81451901      0.79457032       146.53124       9.9563721       2815.4685        1409.729       14.074024          12.0035         2.0705242       4256.0733                 20.359805                 395.96187                           2387.2054                       11.94147               0.26834645              3.4761915                         6.2118342                                 14.003634              1409.729       6.9158233
              4       2141.2213       3.0456748      0.96883514       70.305013     0.022689654      0.11841981       0.0556272        1.002684      0.99962113      0.99776702       64.649923      0.56108766        4.899487       2.5347493       9.9497319       12.268718        17.616561       82.072631       266.81321       54.254107       46.521781       98.237999     0.090095116        0.13319055        0.54086164      0.24845544        0.78052139       2.7517702   2.1024213e-09      0.28548512      0.81451901      0.79457032       146.53124       9.9563721       2814.2156        1409.729       13.811072        11.751091         2.0599814       4254.8205                 20.359805                 395.96187                           2385.9525                       11.94147               0.26834645              3.4761915                         6.2118342                                 14.003634              1409.729       6.9158233
              1       2140.8535       3.0456748      0.96883514       70.305013     0.022689654      0.11841981       0.0556272        1.002684      0.99971637       0.9977619          64.305      0.54367243       4.9248698       2.4100113       10.089187       12.221691        17.485148       82.078014       265.36311       54.263864       46.202323       98.286582      0.10130143        0.13880588        0.53516439       0.2470993         0.7805496       2.7420446   2.1024213e-09      0.28548512      0.81451901      0.79457032       146.53124       9.9563721       2814.1818        1409.729       13.460217        11.408011         2.0522058       4254.7866                 20.359805                 395.96187                           2385.9186                       11.94147               0.26834645              3.4761915                         6.2118342                                 14.003634              1409.729       6.9158233
              1       2143.1651       3.0456748      0.96883514       70.305013     0.022689654      0.11841981       0.0556272        1.002684      0.99934728      0.99745696       64.470056      0.49426994       4.9142809       1.6658605       9.9941251         12.8752        17.204507         81.7183       260.41516        54.48922        46.27438       97.624861      0.10229563        0.16379007        0.55428885      0.26868934        0.80852359        2.707988   2.1024213e-09      0.28548512      0.81451901      0.79457032       146.53124       9.9563721       2814.4461        1409.729       15.639655        13.622059         2.0175966       4255.0509                 20.359805                 395.96187                           2386.1829                       11.94147               0.26834645              3.4761915                         6.2118342                                 14.003634              1409.729       6.9158233
              1       2141.7861       3.0456748      0.96883514       70.305013     0.022689654      0.11841981       0.0556272       1.0019982      0.99934728      0.99745696       64.470056      0.49426994       4.9142809       1.6658605       9.9941251         12.8752        17.204507         81.7183       260.41516        54.48922        46.27438       97.624861      0.10229563        0.16379007        0.55428885      0.26868934        0.80852359        2.707988   2.1024213e-09      0.28548512      0.81451901      0.79457032       146.53124       9.9563721       2812.2018        1409.729       15.382757         13.36516         2.0175966       4252.8067                 20.401358                 395.96083                           2384.3074                      11.532254               0.26834645              3.4761915                         6.2118342                                 14.003634              1409.729       6.9158233
              1       2141.7171       3.0456748      0.96883514       70.305013     0.022689654      0.11841981       0.0556272       1.0019982      0.99937406      0.99745633       64.575377       0.4914486       4.9214783       1.5370636       10.015402       12.818208        17.045777       81.395681       262.92577       54.342101       46.196245       97.625868      0.11336627        0.14214976        0.56306548      0.27758866        0.80941015       2.7429314   2.1024213e-09      0.28548512      0.81451901      0.79457032       146.53124       9.9563721       2812.5472        1409.729        15.14114        13.123153         2.0179866        4253.152                 20.401358                 395.96083                           2384.6527                      11.532254               0.26834645              3.4761915                         6.2118342                                 14.003634              1409.729       6.9158233
              1       2141.4978       3.0456748      0.96883514       70.305013     0.022689654      0.11841981       0.0556272       1.0019982      0.99936726      0.99743689       64.587901      0.49317464       4.9402395       1.4372064        9.900264       12.868649        17.086844       81.165217       263.63929       54.457716       46.158055       97.707029      0.11419212        0.14146562         0.5584339      0.27616072        0.81595657       2.7302194   2.1024213e-09      0.28548512      0.81451901      0.79457032       146.53124       9.9563721       2812.0975        1409.729       15.146693        13.127748         2.0189449       4252.7023                 20.401358                 395.96083                            2384.203                      11.532254               0.26834645              3.4761915                         6.2118342                                 14.003634              1409.729       6.9158233
              1       2141.6917       3.0456748      0.96883514       70.305013     0.022689654      0.11841981       0.0556272       1.0019982      0.99940782      0.99767302       64.398617      0.50239531       4.9421389       1.5735451       9.7572456        12.83802        17.817413       81.373864       265.19134       55.011667        45.82393        97.55952      0.16263703        0.14631058        0.56051135       0.2912127        0.79509239       2.6745905   2.1024213e-09      0.28548512      0.81451901      0.79457032       146.53124       9.9563721       2813.2559        1409.729       14.761289        12.743718         2.0175709       4253.8607                 20.401358                 395.96083                           2385.3615                      11.532254               0.26834645              3.4761915                         6.2118342                                 14.003634              1409.729       6.9158233
              1       2141.2993       3.0456748      0.96883514       70.305013     0.022689654      0.11841981       0.0556272       1.0019982      0.99939535       0.9976702       64.355768      0.49842133       4.9500067       1.5698167       9.7849303       12.853963        17.834416       81.369881       265.32623       55.083307       45.834693       97.603534      0.16050568        0.14746395        0.56014232      0.28614764        0.79103423       2.6687484   2.1024213e-09      0.28548512      0.81451901      0.79457032       146.53124       9.9563721       2812.7416        1409.729        14.62612        12.608563         2.0175566       4253.3464                 20.401358                 395.96083                           2384.8472                      11.532254               0.26834645              3.4761915                         6.2118342                                 14.003634              1409.729       6.9158233
              1       2141.0704       3.0456748      0.96883514       70.305013     0.022689654      0.11841981       0.0556272       1.0019982      0.99953434      0.99781778       64.689485      0.53196212       4.9057602       1.0415831       9.7210046       12.171173        17.317185       82.463504       277.99852        54.13067       44.622057       95.970976      0.10318389       0.073746434        0.50119386      0.23734129        0.75003366       2.5476466   2.1024213e-09      0.28548512      0.81451901      0.79457032       146.53124       9.9563721       2814.8778        1409.729       13.329094        11.290926         2.0381689       4255.4827                 20.401358                 395.96083                           2386.9834                      11.532254               0.26834645              3.4761915                         6.2118342                                 14.003634              1409.729       6.9158233
              1       2140.4457       3.0456748      0.96883514       70.305013     0.022689654      0.11841981       0.0556272       1.0014148      0.99953434      0.99781778       64.689485      0.53196212       4.9057602       1.0415831       9.7210046       12.171173        17.317185       82.463504       277.99852        54.13067       44.622057       95.970976      0.10318389       0.073746434        0.50119386      0.23734129        0.75003366       2.5476466   2.1024213e-09      0.28548512      0.81451901      0.79457032       146.53124       9.9563721        2813.947        1409.729       13.169821        11.131652         2.0381689       4254.5518                 20.437893                 395.94801                           2386.3564                      11.204683               0.26834645              3.4761915                         6.2118342                                 14.003634              1409.729       6.9158233
              1       2140.0212       3.0456748      0.96883514       70.305013     0.022689654      0.11841981       0.0556272       1.0014148      0.99945248      0.99789162       65.016948      0.56161114       5.0000345       1.4117417       9.6024582       11.714086        18.121239       81.716965       266.21683        52.82971       43.997249       96.768295      0.06857059       0.059643828         0.5196295      0.18293859        0.75658299       2.5250639   2.1024213e-09      0.28548512      0.81451901      0.79457032       146.53124       9.9563721       2810.1498        1409.729       14.643904        12.625921          2.017983       4250.7547                 20.437893                 395.94801                           2382.5593                      11.204683               0.26834645              3.4761915                         6.2118342                                 14.003634              1409.729       6.9158233
              3       2135.8612       3.0456748      0.96883514       70.305013     0.022689654      0.11841981       0.0556272       1.0014148      0.99966106      0.99820973       65.210893      0.60048525       5.1954824       1.9262598        9.846077       11.750714        18.161519       81.130013        262.5894       52.388519       43.987091       95.709149      0.10009469        0.10715189        0.49914437      0.21623055        0.72632156       2.4405406   2.1024213e-09      0.28548512      0.81451901      0.79457032       146.53124       9.9563721       2808.2282        1409.729       11.444658        9.3967644         2.0478935       4248.8331                 20.437893                 395.94801                           2380.6377                      11.204683               0.26834645              3.4761915                         6.2118342                                 14.003634              1409.729       6.9158233
              1       2135.8698       3.0456748      0.96883514       70.305013     0.022689654      0.11841981       0.0556272       1.0014148      0.99965111      0.99822007       65.224317      0.59933558       5.1906754         1.91575       9.8382036       11.760788        18.172869       81.156927         262.177       52.406704       43.979609       95.723155      0.10203356        0.10752283        0.50103473      0.21747069        0.72733178       2.4385921   2.1024213e-09      0.28548512      0.81451901      0.79457032       146.53124       9.9563721       2808.2711        1409.729        11.43183        9.3854123         2.0464173       4248.8759                 20.437893                 395.94801                           2380.6805                      11.204683               0.26834645              3.4761915                         6.2118342                                 14.003634              1409.729       6.9158233
              1       2135.7322       3.0456748      0.96883514       70.305013     0.022689654      0.11841981       0.0556272       1.0014148      0.99965967      0.99814199       65.242596      0.58398209       5.3198198       1.8006087       9.9714732       11.715763        18.415689       81.985577       261.13738        51.86396       43.880984       95.301875      0.10935765         0.1211696        0.48687008      0.21072634        0.71777918       2.4431813   2.1024213e-09      0.28548512      0.81451901      0.79457032       146.53124       9.9563721       2808.7939        1409.729       11.032829        8.9786191           2.05421       4249.3987                 20.437893                 395.94801                           2381.2033                      11.204683               0.26834645              3.4761915                         6.2118342                                 14.003634              1409.729       6.9158233
              3       2136.5227       3.0456748      0.96883514       70.305013     0.022689654      0.11841981       0.0556272       1.0014148      0.99985744      0.99820003        64.73629      0.57454863       5.4495697       1.6134955       10.721743        12.07139        19.109682       82.087142       264.58292       51.690899       43.534396       95.941637      0.13038999        0.10430144        0.48722727      0.20426687        0.75948554       2.3320398   2.1024213e-09      0.28548512      0.81451901      0.79457032       146.53124       9.9563721       2809.5379        1409.729       11.451344        9.3952619         2.0560824       4250.1428                 20.437893                 395.94801                           2381.9474                      11.204683               0.26834645              3.4761915                         6.2118342                                 14.003634              1409.729       6.9158233
              2       2136.5806       3.0456748      0.96883514       70.305013     0.022689654      0.11841981       0.0556272       1.0014148      0.99989528      0.99817608       64.754827      0.57553453       5.3782292       1.0883123       10.634625       11.863549        19.224153       82.724485       269.78224       52.330376       43.744325       96.193965      0.13951052        0.12437535        0.45461074      0.19402402        0.76319676       2.3555346   2.1024213e-09      0.28548512      0.81451901      0.79457032       146.53124       9.9563721       2810.4289        1409.729       11.063708        9.0440777         2.0196305       4251.0337                 20.437893                 395.94801                           2382.8383                      11.204683               0.26834645              3.4761915                         6.2118342                                 14.003634              1409.729       6.9158233
              2       2137.1221       3.0456748      0.96883514       70.305013     0.022689654      0.11841981       0.0556272       1.0014148      0.99997191      0.99807724       64.842566      0.56370927       5.3850256       1.1167394       10.611046       11.825511        19.335639       82.882994       267.15389       52.109829       43.618841       96.289081      0.12979981        0.11709533         0.4441234       0.1949088         0.7702298       2.3685106   2.1024213e-09      0.28548512      0.81451901      0.79457032       146.53124       9.9563721         2811.45        1409.729        11.09469        9.0741285         2.0205612       4252.0548                 20.437893                 395.94801                           2383.8594                      11.204683               0.26834645              3.4761915                         6.2118342                                 14.003634              1409.729       6.9158233
              2       2137.7455       3.0456748      0.96883514       70.305013     0.022689654      0.11841981       0.0556272       1.0014148       1.0000678      0.99800394       64.915188      0.56818124       5.2716937      0.86045291       10.512064       11.941468        19.459136       83.052137       266.35398        51.93955       43.873396       96.221155      0.13448312        0.12970108        0.44062597      0.19331816        0.75026616       2.3769078   2.1024213e-09      0.28548512      0.81451901      0.79457032       146.53124       9.9563721       2813.2249        1409.729       10.830689        8.8108068         2.0198818       4253.8297                 20.437893                 395.94801                           2385.6343                      11.204683               0.26834645              3.4761915                         6.2118342                                 14.003634              1409.729       6.9158233
              1       2137.9947       3.0456748      0.96883514       70.305013     0.022689654      0.11841981       0.0556272       1.0014148       1.0001839      0.99810519       64.602321      0.57601454        5.277242       1.1780517       10.384874       12.425281        19.348275       83.298406       266.05789        51.88035       44.100981       96.536719      0.12856294        0.14138155        0.41691323      0.17335092        0.76293564       2.3599114   2.1024213e-09      0.28548512      0.81451901      0.79457032       146.53124       9.9563721       2812.8789        1409.729       11.252846        9.2344735         2.0183728       4253.4837                 20.437893                 395.94801                           2385.2883                      11.204683               0.26834645              3.4761915                         6.2118342                                 14.003634              1409.729       6.9158233
              1       2138.0001       3.0456748      0.96883514       70.305013     0.022689654      0.11841981       0.0556272       1.0014148       1.0001673      0.99811871       64.631098      0.57626224       5.3391362       1.1869501       10.512604       12.405595         19.37508       83.225165       266.55771       51.733449       44.457971       96.125667       0.1253127        0.13641285        0.40575641      0.16306828        0.75030923       2.3387325   2.1024213e-09      0.28548512      0.81451901      0.79457032       146.53124       9.9563721        2812.816        1409.729       11.289688        9.2692089         2.0204787       4253.4208                 20.437893                 395.94801                           2385.2254                      11.204683               0.26834645              3.4761915                         6.2118342                                 14.003634              1409.729       6.9158233
              1       2138.1442       3.0456748      0.96883514       70.305013     0.022689654      0.11841981       0.0556272       1.0015377       1.0001673      0.99811871       64.631098      0.57626224       5.3391362       1.1869501       10.512604       12.405595         19.37508       83.225165       266.55771       51.733449       44.457971       96.125667       0.1253127        0.13641285        0.40575641      0.16306828        0.75030923       2.3387325   2.1024213e-09      0.28548512      0.81451901      0.79457032       146.53124       9.9563721       2813.0462        1409.729       11.318708        9.2982294         2.0204787        4253.651                 20.430103                 395.94801                            2385.396                      11.272106               0.26834645              3.4761915                         6.2118342                                 14.003634              1409.729       6.9158233
              1       2138.4809       3.0456748      0.96883514       70.305013     0.022689654      0.11841981       0.0556272       1.0015377       1.0000818      0.99815712       64.694039      0.60499932        5.314855       1.2618895       10.755486       12.385482        19.429073       83.645896       265.14636       51.341328       44.790552       95.854802      0.13778564        0.13309828        0.41202318      0.15499093        0.75427797       2.3639935   2.1024213e-09      0.28548512      0.81451901      0.79457032       146.53124       9.9563721       2813.2696        1409.729       11.543706         9.522234         2.0214716       4253.8744                 20.430103                 395.94801                           2385.6194                      11.272106               0.26834645              3.4761915                         6.2118342                                 14.003634              1409.729       6.9158233
              2       2138.2581       3.0456748      0.96883514       70.305013     0.022689654      0.11841981       0.0556272       1.0015377       1.0000754      0.99817968       64.686971      0.60568284       5.3658282       1.2445762       10.701857       12.348988        19.399167        83.74196       266.80722       51.267816       44.700046       95.743893       0.1342695         0.1355986        0.42019993       0.1520695        0.74797868       2.3769904   2.1024213e-09      0.28548512      0.81451901      0.79457032       146.53124       9.9563721        2812.986        1409.729       11.462722         9.439125         2.0235972       4253.5908                 20.430103                 395.94801                           2385.3358                      11.272106               0.26834645              3.4761915                         6.2118342                                 14.003634              1409.729       6.9158233
              1       2140.4683       3.0456748      0.96883514       70.305013     0.022689654      0.11841981       0.0556272       1.0023164       1.0000754      0.99817968       64.686971      0.60568284       5.3658282       1.2445762       10.701857       12.348988        19.399167        83.74196       266.80722       51.267816       44.700046       95.743893       0.1342695         0.1355986        0.42019993       0.1520695        0.74797868       2.3769904   2.1024213e-09      0.28548512      0.81451901      0.79457032       146.53124       9.9563721       2816.9261        1409.729       11.702832        9.6792347         2.0235972       4257.5309                 20.381888                 395.96083                           2388.8645                      11.718927               0.26834645              3.4761915                         6.2118342                                 14.003634              1409.729       6.9158233
              1       2140.1107       3.0456748      0.96883514       70.305013     0.022689654      0.11841981       0.0556272       1.0022388       1.0001015      0.99830023       64.058047      0.62508204       5.1917894       1.2330164       10.869357       12.553942        19.579144       83.725421       270.89656       53.919973       46.354551       96.061675      0.13583076        0.18050613        0.45989646      0.23051549        0.67270227       2.3851788   2.1024213e-09      0.28548512      0.81451901      0.79457032       146.53124       9.9563721       2814.9006        1409.729       12.358034        10.340394         2.0176392       4255.5054                 20.386607                 395.96083                           2386.8803                       11.67289               0.26834645              3.4761915                         6.2118342                                 14.003634              1409.729       6.9158233
              4       2139.0553       3.0456748      0.96883514       70.305013     0.022689654      0.11841981       0.0556272       1.0022388       1.0000373        0.998284       64.227065      0.61628362        5.213173       1.2437258       10.833425       12.529515        19.522803       83.844802       271.39441       53.816566       46.586509       96.289253       0.1357565        0.17475466        0.46674303      0.23231321        0.66762311       2.3565886   2.1024213e-09      0.28548512      0.81451901      0.79457032       146.53124       9.9563721        2813.297        1409.729       12.104393        10.086443         2.0179503       4253.9018                 20.386607                 395.96083                           2385.2767                       11.67289               0.26834645              3.4761915                         6.2118342                                 14.003634              1409.729       6.9158233
              2       2138.9863       3.0456748      0.96883514       70.305013     0.022689654      0.11841981       0.0556272       1.0022388       1.0000062      0.99825714       64.030481      0.62344095        5.254644       1.4123683        10.91184       12.297017        19.165567        84.01887       270.32531       53.825489       46.836936       96.402217      0.13480218        0.18732714        0.47659782      0.26607509        0.67448303       2.3795742   2.1024213e-09      0.28548512      0.81451901      0.79457032       146.53124       9.9563721       2811.6431        1409.729       12.862328        10.839095         2.0232326       4252.2479                 20.386607                 395.96083                           2383.6228                       11.67289               0.26834645              3.4761915                         6.2118342                                 14.003634              1409.729       6.9158233
              1       2140.3811       3.0456748      0.96883514       70.305013     0.022689654      0.11841981       0.0556272       1.0022388       1.0002028      0.99834444       64.125845      0.57500888       5.5543709       1.1519619       11.061703       12.350761        19.367257       84.725893       269.04456       53.300124       46.891272       96.648336      0.13038075        0.20405283         0.5312176      0.26281514        0.70875688       2.3790864   2.1024213e-09      0.28548512      0.81451901      0.79457032       146.53124       9.9563721       2811.9951        1409.729       14.081097        12.047409         2.0336882       4252.5999                 20.386607                 395.96083                           2383.9748                       11.67289               0.26834645              3.4761915                         6.2118342                                 14.003634              1409.729       6.9158233
              1        2138.376       3.0456748      0.96883514       70.305013     0.022689654      0.11841981       0.0556272       1.0022388       1.0002591      0.99845288       64.660714       0.5786179       5.6734621       1.6329106       10.594301       12.160135         18.98285       84.224679       273.02939       53.815305       46.792028       95.733602      0.11669921         0.1840398         0.5776636      0.26327558        0.70544836       2.4043606   2.1024213e-09      0.28548512      0.81451901      0.79457032       146.53124       9.9563721       2809.0024        1409.729       13.572421        11.473471         2.0989502       4249.6072                 20.386607                 395.96083                           2380.9821                       11.67289               0.26834645              3.4761915                         6.2118342                                 14.003634              1409.729       6.9158233
              2       2139.1533       3.0456748      0.96883514       70.305013     0.022689654      0.11841981       0.0556272       1.0022388       1.0000616      0.99851461       64.757983      0.60189242       5.6910049       1.4115978       10.589395       12.203832        18.978102       84.783194       276.13308         54.4498       47.503707       95.382771      0.11498468        0.19606733        0.59475898       0.2598042        0.70749712       2.3716864   2.1024213e-09      0.28548512      0.81451901      0.79457032       146.53124       9.9563721        2808.927        1409.729       14.387343        12.312308         2.0750346       4249.5318                 20.386607                 395.96083                           2380.9067                       11.67289               0.26834645              3.4761915                         6.2118342                                 14.003634              1409.729       6.9158233
              2       2138.0633       3.0456748      0.96883514       70.305013     0.022689654      0.11841981       0.0556272       1.0022388       1.0002735      0.99853464       65.611089      0.62090899       5.6508716       1.3972561       11.307721       11.631595        19.234974       84.935623       278.00844       55.561194       48.279734       96.756006      0.10541088        0.12501374        0.57443217      0.17697935        0.69932922       2.3727522   2.1024213e-09      0.28548512      0.81451901      0.79457032       146.53124       9.9563721       2810.4644        1409.729       12.528691        10.462193         2.0664989       4251.0692                 20.386607                 395.96083                           2382.4441                       11.67289               0.26834645              3.4761915                         6.2118342                                 14.003634              1409.729       6.9158233
              2       2140.0574       3.0456748      0.96883514       70.305013     0.022689654      0.11841981       0.0556272       1.0022388       1.0005437      0.99849704       66.227034      0.59914399       5.7662885       1.3235016       10.886711       11.521714        19.537358       85.980041       277.77579       55.605652       48.894141       96.336505      0.14665326        0.13984105        0.55724777      0.20633375         0.7024006       2.4476622   2.1024213e-09      0.28548512      0.81451901      0.79457032       146.53124       9.9563721       2815.4305        1409.729       12.039784        9.9610338         2.0787499       4256.0353                 20.386607                 395.96083                           2387.4101                       11.67289               0.26834645              3.4761915                         6.2118342                                 14.003634              1409.729       6.9158233
              2       2139.9724       3.0456748      0.96883514       70.305013     0.022689654      0.11841981       0.0556272       1.0022388        1.000513       0.9985382       65.967976      0.57075914       5.7349284       1.1523099       11.215387       11.482672        19.590581       85.941734       278.71966       55.736248        49.44301       96.646349      0.14377507        0.13741177        0.46389603      0.18413681        0.69536659       2.4912737   2.1024213e-09      0.28548512      0.81451901      0.79457032       146.53124       9.9563721       2815.8793        1409.729       11.730291         9.674634         2.0556568       4256.4842                 20.386607                 395.96083                            2387.859                       11.67289               0.26834645              3.4761915                         6.2118342                                 14.003634              1409.729       6.9158233
              1        2141.495       3.0456748      0.96883514       70.305013     0.022689654      0.11841981       0.0556272       1.0008208        1.000547      0.99856582       66.073609       0.5826591        5.764096       1.0070946       11.291443       11.290096        19.518186       85.774471       280.06425       55.745871       49.120128       96.421858      0.15216985        0.14176138        0.46398616      0.17021346        0.68884143       2.5072297   2.1024213e-09      0.28548512      0.81451901      0.79457032       146.53124       9.9563721       2819.0326        1409.729       11.676304         9.629176         2.0471278       4259.6375                 20.476236                 395.94774                           2391.7181                      10.890542               0.26834645              3.4761915                         6.2118342                                 14.003634              1409.729       6.9158233
              1        2141.643       3.0456748      0.96883514       70.305013     0.022689654      0.11841981       0.0556272       1.0008208       1.0005838      0.99852373       66.061673      0.58403393        5.734837      0.96147785       11.155086        11.16603        19.452907        85.94964       279.45441       56.297782       49.224478       96.168142      0.14245813        0.15875373        0.46648336      0.18407709        0.69352463       2.4755789   2.1024213e-09      0.28548512      0.81451901      0.79457032       146.53124       9.9563721       2819.5368        1409.729       11.572188        9.5320796         2.0401089       4260.1416                 20.476236                 395.94774                           2392.2223                      10.890542               0.26834645              3.4761915                         6.2118342                                 14.003634              1409.729       6.9158233
              1       2141.3271       3.0456748      0.96883514       70.305013     0.022689654      0.11841981       0.0556272       1.0008208        1.000521      0.99861761       66.165385      0.58705191       5.6693068      0.86226486       11.027156       11.126028        19.873568       85.899442       279.77343       56.254415       49.429377       96.119637      0.14332519        0.15866625         0.4541053      0.18132465        0.68793668       2.4576689   2.1024213e-09      0.28548512      0.81451901      0.79457032       146.53124       9.9563721        2819.034        1409.729       11.507725         9.479751         2.0279744       4259.6388                 20.476236                 395.94774                           2391.7194                      10.890542               0.26834645              3.4761915                         6.2118342                                 14.003634              1409.729       6.9158233
              1       2143.1875       3.0456748      0.96883514       70.305013     0.022689654      0.11841981       0.0556272       1.0008208        1.000142      0.99855025       64.823545      0.66297575       5.4564023      0.44559133       10.882869       11.264332        19.532518       84.887471       287.99158       58.160353       49.497389       95.534651      0.11726104         0.1615764        0.49124864     0.094409021        0.69670108       2.4952378   2.1024213e-09      0.28548512      0.81451901      0.79457032       146.53124       9.9563721       2820.4928        1409.729       12.638749         10.61536         2.0233888       4261.0976                 20.476236                 395.94774                           2393.1782                      10.890542               0.26834645              3.4761915                         6.2118342                                 14.003634              1409.729       6.9158233
              1       2140.6645       3.0456748      0.96883514       70.305013     0.022689654      0.11841981       0.0556272       1.0008208       1.0001856      0.99853405       64.855358      0.67784639       5.4802855      0.28463736       10.771302        11.07525        19.458018       84.579828       292.97914       58.154734       49.467324       95.897639      0.14696949        0.15129404        0.48443025      0.11600664        0.72088887       2.5085527   2.1024213e-09      0.28548512      0.81451901      0.79457032       146.53124       9.9563721       2816.7186        1409.729        12.00275         9.974103         2.0286466       4257.3234                 20.476236                 395.94774                           2389.4041                      10.890542               0.26834645              3.4761915                         6.2118342                                 14.003634              1409.729       6.9158233
              1        2140.203       3.0456748      0.96883514       70.305013     0.022689654      0.11841981       0.0556272       1.0008208       1.0001869      0.99852944       64.838226      0.67912895        5.471707      0.25453442       10.780121       11.054179        19.462938       84.542638       292.34437       58.119804       49.311622       95.851765      0.14335501        0.14572801        0.48114186      0.11764964        0.72146396       2.5032192   2.1024213e-09      0.28548512      0.81451901      0.79457032       146.53124       9.9563721       2816.1094        1409.729       11.845918         9.814988         2.0309297       4256.7142                 20.476236                 395.94774                           2388.7949                      10.890542               0.26834645              3.4761915                         6.2118342                                 14.003634              1409.729       6.9158233
              1       2139.9141       3.0456748      0.96883514       70.305013     0.022689654      0.11841981       0.0556272       1.0008208       1.0003231      0.99851793        65.10857      0.70094131       5.7288609      0.60026445       10.359761       11.506679        19.564604       84.692547       296.84452        57.49197       49.419827       95.887275      0.15069442        0.13738235        0.53825757       0.1298308        0.71926465       2.5819945   2.1024213e-09      0.28548512      0.81451901      0.79457032       146.53124       9.9563721       2815.2098        1409.729       12.006804        9.9853092         2.0214948       4255.8146                 20.476236                 395.94774                           2387.8952                      10.890542               0.26834645              3.4761915                         6.2118342                                 14.003634              1409.729       6.9158233
              1       2139.8828       3.0449377      0.96906779       70.305013      0.02272525      0.11874297     0.056478649       1.0008208        1.000345      0.99848081       64.540418      0.63873561        5.566919       1.0324129       10.235547       11.394666        19.349976       84.480015       307.86877       57.393829       49.669669       96.873054      0.15684893        0.12211029        0.54124654      0.15045138        0.73840295       2.5642269   2.1008723e-09      0.28621093       0.8155085      0.79654621       146.40914       9.6660756       2816.1814       1409.5085       11.821917         9.793636         2.0282811       4256.1218                 20.385677                 396.04605                           2388.0617                      11.687972               0.25069345              3.4151347                         6.0002474                                 13.849903             1409.5085       6.9158233
              1       2140.6193       3.0449377      0.96906779       70.305013      0.02272525      0.11874297     0.056478649       1.0008208       1.0003452      0.99849567       64.314472      0.63342587       5.6231353      0.75870282       10.143328       11.586034        19.446903       84.450264       308.93343       57.348762        49.67244       97.229935      0.16564737        0.13945599        0.53928848      0.14000188        0.73021378       2.5584999   2.1008723e-09      0.28621093       0.8155085      0.79654621       146.40914       9.6660756       2817.2067       1409.5085       12.045721        10.024538         2.0211837       4257.1471                 20.385677                 396.04605                            2389.087                      11.687972               0.25069345              3.4151347                         6.0002474                                 13.849903             1409.5085       6.9158233
              1       2140.4217       3.0449377      0.96906779       70.305013      0.02272525      0.11874297     0.056478649       1.0007624       1.0003452      0.99849567       64.314472      0.63342587       5.6231353      0.75870282       10.143328       11.586034        19.446903       84.450264       308.93343       57.348762        49.67244       97.229935      0.16564737        0.13945599        0.53928848      0.14000188        0.73021378       2.5584999   2.1008723e-09      0.28621093       0.8155085      0.79654621       146.40914       9.6660756       2816.8263       1409.5085       12.038324         10.01714         2.0211837       4256.7667                 20.389252                 396.04605                           2388.7374                      11.653597               0.25069345              3.4151347                         6.0002474                                 13.849903             1409.5085       6.9158233
              1       2139.3631       3.0449377      0.96906779       70.305013      0.02272525      0.11874297     0.056478649       1.0007624       1.0004152      0.99827216       64.300526      0.61549862       5.8986763       1.1359652       10.721908       11.922917        19.897856       85.429297        312.3463       58.712309       48.591387       97.257042      0.15033417         0.1271473        0.54470163       0.1255945        0.68803141       2.4311165   2.1008723e-09      0.28621093       0.8155085      0.79654621       146.40914       9.6660756       2814.9597       1409.5085       11.913105        9.8314905         2.0816146          4254.9                 20.389252                 396.04605                           2386.8707                      11.653597               0.25069345              3.4151347                         6.0002474                                 13.849903             1409.5085       6.9158233
              1       2139.1523       3.0449377      0.96906779       70.305013      0.02272525      0.11874297     0.056478649       1.0007624       1.0004079      0.99822285       64.132187      0.61559687       5.8205772       1.1382127       10.709164       11.899591        20.082852       85.392665       310.90417       58.364283       48.389218       97.076934      0.14469672        0.13140214        0.56101717      0.12858885        0.68507753       2.4317201   2.1008723e-09      0.28621093       0.8155085      0.79654621       146.40914       9.6660756       2814.4939       1409.5085       11.935126        9.8673167         2.0678097       4254.4343                 20.389252                 396.04605                            2386.405                      11.653597               0.25069345              3.4151347                         6.0002474                                 13.849903             1409.5085       6.9158233
              2       2138.5712       3.0449377      0.96906779       70.305013      0.02272525      0.11874297     0.056478649       1.0007624       1.0005956      0.99839691       64.019342      0.59613469       5.6545412       1.0669662       10.966345       11.874255        20.331237       86.328846       304.33273       58.091034       48.987562       95.755419     0.086782374        0.13585454        0.54377933      0.20723052        0.67646708       2.3429759   2.1008723e-09      0.28621093       0.8155085      0.79654621       146.40914       9.6660756       2813.5966       1409.5085       11.802768        9.7642574         2.0385109       4253.5369                 20.389252                 396.04605                           2385.5077                      11.653597               0.25069345              3.4151347                         6.0002474                                 13.849903             1409.5085       6.9158233
              1       2138.6071       3.0449377      0.96906779       70.305013      0.02272525      0.11874297     0.056478649       1.0007624       1.0005898      0.99834478       64.003288      0.59736637       5.7554829       1.0340102       10.882534       11.754571        20.369848        86.35579       301.94727       58.286521       48.949523       95.481165     0.081556334        0.13400156        0.55328179      0.20637192         0.6948817        2.341692   2.1008723e-09      0.28621093       0.8155085      0.79654621       146.40914       9.6660756       2813.4695       1409.5085       11.902181        9.8539784         2.0482023       4253.4099                 20.389252                 396.04605                           2385.3806                      11.653597               0.25069345              3.4151347                         6.0002474                                 13.849903             1409.5085       6.9158233
              1       2138.5435       3.0449377      0.96906779       70.305013      0.02272525      0.11874297     0.056478649       1.0007624       1.0005984       0.9983486       63.974046      0.59820366       5.7476451       1.0432297       10.883677       11.775573        20.346568       86.358592       301.43413       58.301129        48.94094        95.47662     0.082601145        0.13294278        0.55669461      0.20552333        0.69395959       2.3431266   2.1008723e-09      0.28621093       0.8155085      0.79654621       146.40914       9.6660756       2813.2873       1409.5085       11.929694        9.8817655         2.0479288       4253.2277                 20.389252                 396.04605                           2385.1984                      11.653597               0.25069345              3.4151347                         6.0002474                                 13.849903             1409.5085       6.9158233
              1       2137.5556       3.0449377      0.96906779       70.305013      0.02272525      0.11874297     0.056478649       1.0004084       1.0004214      0.99838519       64.083002      0.54607489       5.9828784      0.88823983       10.049568       12.359122         20.19347       87.522023       299.90976       57.094028       48.075827       96.192882     0.067116974        0.14989345        0.57560897      0.21926824        0.66600838       2.2987044   2.1008723e-09      0.28621093       0.8155085      0.79654621       146.40914       9.6660756        2810.127       1409.5085       12.521973        10.453132          2.068841       4250.0673                 20.411147                 396.04584                           2382.2207                      11.449308               0.25069345              3.4151347                         6.0002474                                 13.849903             1409.5085       6.9158233
              3       2137.0274       3.0449377      0.96906779       70.305013      0.02272525      0.11874297     0.056478649       1.0004084       1.0003476      0.99844786       63.875579      0.49300484       5.9683324       1.1356019       10.323927       12.318592        19.991623       87.160772       302.33127        56.15327       47.659886       96.022256     0.061252531        0.13734637        0.55970293      0.23698265        0.68066978       2.2602334   2.1008723e-09      0.28621093       0.8155085      0.79654621       146.40914       9.6660756       2809.0091       1409.5085       12.552654        10.457099         2.0955546       4248.9495                 20.411147                 396.04584                           2381.1029                      11.449308               0.25069345              3.4151347                         6.0002474                                 13.849903             1409.5085       6.9158233
              3       2137.5834       3.0449377      0.96906779       70.305013      0.02272525      0.11874297     0.056478649       1.0008581       1.0003476      0.99844786       63.875579      0.49300484       5.9683324       1.1356019       10.323927       12.318592        19.991623       87.160772       302.33127        56.15327       47.659886       96.022256     0.061252531        0.13734637        0.55970293      0.23698265        0.68066978       2.2602334   2.1008723e-09      0.28621093       0.8155085      0.79654621       146.40914       9.6660756         2810.03       1409.5085       12.598222        10.502668         2.0955546       4249.9704                 20.383397                 396.04605                           2381.8905                      11.710051               0.25069345              3.4151347                         6.0002474                                 13.849903             1409.5085       6.9158233
              1       2139.4974       3.0449377      0.96906779       70.305013      0.02272525      0.11874297     0.056478649       1.0008581       1.0001364      0.99807403       64.041215      0.52303392       5.6602531       1.7767927       9.9253774       12.293338        19.462798       86.160093       305.40648       60.552953       46.601525        93.21261      0.14754768        0.18995661        0.49541653      0.30146987        0.61828331       2.0864437   2.1008723e-09      0.28621093       0.8155085      0.79654621       146.40914       9.6660756        2813.423       1409.5085       12.815686         10.69939         2.1162962       4253.3634                 20.383397                 396.04605                           2385.2835                      11.710051               0.25069345              3.4151347                         6.0002474                                 13.849903             1409.5085       6.9158233
              2       2140.5836       3.0449377      0.96906779       70.305013      0.02272525      0.11874297     0.056478649       1.0008581       1.0003185      0.99836171       64.267998      0.53254293       5.5571895       1.4309166       9.6201765       12.323317        19.382312       86.214796       297.05104       59.748722        46.90934       93.448787      0.14677616        0.21053333        0.46487795      0.31274289         0.5847615        1.942172   2.1008723e-09      0.28621093       0.8155085      0.79654621       146.40914       9.6660756       2812.4588       1409.5085       14.384027          12.3289         2.0551272       4252.3991                 20.383397                 396.04605                           2384.3193                      11.710051               0.25069345              3.4151347                         6.0002474                                 13.849903             1409.5085       6.9158233
              1       2140.6059       3.0449377      0.96906779       70.305013      0.02272525      0.11874297     0.056478649       1.0008581       1.0003247       0.9983591       64.317047      0.53620196       5.5709529       1.4653585       9.6539459       12.345255        19.390568       86.140572       296.52345       59.726365       46.925673       93.493623      0.14689032        0.20931031        0.46821738       0.3195371        0.58606246       1.9412489   2.1008723e-09      0.28621093       0.8155085      0.79654621       146.40914       9.6660756       2812.3465       1409.5085       14.462434         12.40197         2.0604639       4252.2869                 20.383397                 396.04605                            2384.207                      11.710051               0.25069345              3.4151347                         6.0002474                                 13.849903             1409.5085       6.9158233
              1       2140.6032       3.0449377      0.96906779       70.305013      0.02272525      0.11874297     0.056478649       1.0008581       1.0005051      0.99831767       64.143775      0.53814694       5.2959631       1.0688028       10.553168       12.391721        20.811905       85.287482       295.06553       61.164293       45.744095       94.105717      0.12593881         0.1591933        0.41911578      0.28969493        0.60497513        1.868032   2.1008723e-09      0.28621093       0.8155085      0.79654621       146.40914       9.6660756       2817.4138       1409.5085       11.926083        9.9084327         2.0176504       4257.3542                 20.383397                 396.04605                           2389.2743                      11.710051               0.25069345              3.4151347                         6.0002474                                 13.849903             1409.5085       6.9158233
              1       2139.6636       3.0449377      0.96906779       70.305013      0.02272525      0.11874297     0.056478649       1.0007486       1.0006554      0.99843145       64.092271      0.56073041       5.3636643       1.1526329       10.395154       11.862863        20.365067       85.045974        308.3063        63.55115       45.759014       93.992642      0.12492471        0.13963757        0.46207572      0.26898529        0.62127689       1.9400243   2.1008723e-09      0.28621093       0.8155085      0.79654621       146.40914       9.6660756       2817.3473       1409.5085       11.019766        8.9991598         2.0206057       4257.2876                 20.390094                 396.04605                           2389.2656                      11.645546               0.25069345              3.4151347                         6.0002474                                 13.849903             1409.5085       6.9158233
              1       2139.2204       3.0449377      0.96906779       70.305013      0.02272525      0.11874297     0.056478649      0.99942048       1.0006538      0.99841712       64.112506      0.57128404       5.2837009       1.4365239       10.243132       11.625499        20.355737       85.453168       306.65021       63.665325       45.818344       94.328149      0.11781003         0.1578612        0.45066345      0.24763726        0.62404829       1.9041549   2.1008723e-09      0.28621093       0.8155085      0.79654621       146.40914       9.6660756       2816.6511       1409.5085       10.924637        8.8986168         2.0260201       4256.5915                 20.474431                 396.03304                           2389.2276                      10.916045               0.25069345              3.4151347                         6.0002474                                 13.849903             1409.5085       6.9158233
              8        2139.162       3.0449377      0.96906779       70.305013      0.02272525      0.11874297     0.056478649      0.99942048       1.0006557      0.99841238       64.108658      0.56816654       5.2952926       1.4435596       10.233319       11.587184        20.356795        85.46583       306.15486        63.58318       45.752795       94.389352       0.1158204        0.15774857        0.45269956      0.24786994        0.62403347       1.9160923   2.1008723e-09      0.28621093       0.8155085      0.79654621       146.40914       9.6660756       2816.5422       1409.5085       10.920706        8.8935397         2.0271663       4256.4826                 20.474431                 396.03304                           2389.1187                      10.916045               0.25069345              3.4151347                         6.0002474                                 13.849903             1409.5085       6.9158233
              2       2139.3182       3.0449377      0.96906779       70.305013      0.02272525      0.11874297     0.056478649      0.99942048       1.0006763      0.99845349       64.127425      0.56659093       5.2326256        1.512324       10.239774       11.673662        20.416061       85.431015        305.6035       63.594587       45.557704       94.550227      0.11914104        0.15647059        0.44852666       0.2477388        0.62289023       1.9253425   2.1008723e-09      0.28621093       0.8155085      0.79654621       146.40914       9.6660756       2816.7734       1409.5085       10.961375        8.9356097         2.0257652       4256.7137                 20.474431                 396.03304                           2389.3499                      10.916045               0.25069345              3.4151347                         6.0002474                                 13.849903             1409.5085       6.9158233
              1       2141.3986       3.0449377      0.96906779       70.305013      0.02272525      0.11874297     0.056478649      0.99942048       1.0004118      0.99831842       64.235561      0.56474252       5.4614063       1.2494795        10.28244       11.268061        21.243771       85.707853       302.56255       63.184795         44.9411       94.353039      0.18137937        0.14280717        0.48470605      0.25249157        0.59891735       1.8833094   2.1008723e-09      0.28621093       0.8155085      0.79654621       146.40914       9.6660756       2820.0899       1409.5085       11.383537        9.3527702         2.0307664       4260.0302                 20.474431                 396.03304                           2392.6663                      10.916045               0.25069345              3.4151347                         6.0002474                                 13.849903             1409.5085       6.9158233
              2       2140.5939       3.0449377      0.96906779       70.305013      0.02272525      0.11874297     0.056478649      0.99942048       1.0005263      0.99839451       64.703451      0.57228127        5.491373       1.1101641       10.372518       10.973589        21.282985       85.855963       306.85757       62.831661       44.476626       93.933826      0.17334198        0.15317314        0.48722546      0.25013747        0.61988512       1.9064586   2.1008723e-09      0.28621093       0.8155085      0.79654621       146.40914       9.6660756       2818.8511       1409.5085       11.198218        9.1719395         2.0262787       4258.7914                 20.474431                 396.03304                           2391.4276                      10.916045               0.25069345              3.4151347                         6.0002474                                 13.849903             1409.5085       6.9158233
              1       2139.5973       3.0449377      0.96906779       70.305013      0.02272525      0.11874297     0.056478649      0.99942048      0.99938305      0.99917413       65.490234      0.57643495       5.0520212      0.66220986       10.420019        10.70433         19.75196        85.17168       285.58714       60.706606       44.960656       91.951837     0.098700506       0.084722194        0.49298517      0.22701444        0.69348088       1.8652223   2.1008723e-09      0.28621093       0.8155085      0.79654621       146.40914       9.6660756       2812.9702       1409.5085       13.142053        11.092871         2.0491817       4252.9105                 20.474431                 396.03304                           2385.5467                      10.916045               0.25069345              3.4151347                         6.0002474                                 13.849903             1409.5085       6.9158233
              1       2139.5667       3.0449377      0.96906779       70.305013      0.02272525      0.11874297     0.056478649      0.99942048      0.99931751      0.99913983       65.661965      0.58259155        4.974173      0.63930557       10.355413       10.828971        19.854791       84.929084       287.20068       60.666119       44.741637        92.34092     0.086717158       0.093184462        0.50335154      0.25637392        0.68893134       1.8713752   2.1008723e-09      0.28621093       0.8155085      0.79654621       146.40914       9.6660756       2812.4268       1409.5085       13.383127        11.320374         2.0627528       4252.3672                 20.474431                 396.03304                           2385.0033                      10.916045               0.25069345              3.4151347                         6.0002474                                 13.849903             1409.5085       6.9158233
              1       2140.3377       3.0449377      0.96906779       70.305013      0.02272525      0.11874297     0.056478649      0.99942048      0.99938991      0.99931017       65.504148      0.60555717       5.0256459      0.66467531       10.040956       10.634175        20.099265       84.070431       288.51877       59.489309       43.810176       92.017332       0.1193861       0.093686861        0.46375805      0.21017078        0.67592657       1.8382089   2.1008723e-09      0.28621093       0.8155085      0.79654621       146.40914       9.6660756       2815.2297       1409.5085       12.752653        10.700053         2.0526007         4255.17                 20.474431                 396.03304                           2387.8062                      10.916045               0.25069345              3.4151347                         6.0002474                                 13.849903             1409.5085       6.9158233
              2        2139.926       3.0449377      0.96906779       70.305013      0.02272525      0.11874297     0.056478649      0.99942048      0.99971338      0.99943689       66.041167      0.65954743       4.7613923      0.71201962        10.57584       10.394628        19.759724       84.799924       296.61196       59.605003       43.775188       92.514921     0.085806973       0.088048244        0.45407132      0.16474144        0.67322126       1.8858434   2.1008723e-09      0.28621093       0.8155085      0.79654621       146.40914       9.6660756       2812.1986       1409.5085       13.856532        11.762963         2.0935687        4252.139                 20.474431                 396.03304                           2384.7751                      10.916045               0.25069345              3.4151347                         6.0002474                                 13.849903             1409.5085       6.9158233
              4       2140.2303       3.0449377      0.96906779       70.305013      0.02272525      0.11874297     0.056478649      0.99914277      0.99971338      0.99943689       66.041167      0.65954743       4.7613923      0.71201962        10.57584       10.394628        19.759724       84.799924       296.61196       59.605003       43.775188       92.514921     0.085806973       0.088048244        0.45407132      0.16474144        0.67322126       1.8858434   2.1008723e-09      0.28621093       0.8155085      0.79654621       146.40914       9.6660756       2812.7434       1409.5085       13.888451        11.794882         2.0935687       4252.6838                 20.492794                 396.03932                           2385.4354                      10.775963               0.25069345              3.4151347                         6.0002474                                 13.849903             1409.5085       6.9158233
              1       2139.5102       3.0449377      0.96906779       70.305013      0.02272525      0.11874297     0.056478649      0.99914277       0.9996264      0.99947182       65.791809       0.6601337       4.5909251      0.76744373       10.376787       10.175687        19.296419       84.927812       297.75271       58.681043       43.973059       93.145323     0.079006259       0.097238805         0.4407804      0.17012235         0.6848341       2.0289787   2.1008723e-09      0.28621093       0.8155085      0.79654621       146.40914       9.6660756       2811.1429       1409.5085       13.968529        11.844091         2.1244386       4251.0833                 20.492794                 396.03932                           2383.8348                      10.775963               0.25069345              3.4151347                         6.0002474                                 13.849903             1409.5085       6.9158233
              1       2138.3605       3.0449377      0.96906779       70.305013      0.02272525      0.11874297     0.056478649      0.99914277      0.99971032      0.99976984       65.685313      0.60173337       4.6669986      0.60302243       10.122805       10.057592        18.507567       85.950095       299.92271       57.544033        44.80846       92.340515      0.13090609        0.14412204        0.47130905       0.2463439        0.65685626       1.9409403   2.1008723e-09      0.28621093       0.8155085      0.79654621       146.40914       9.6660756       2808.9474       1409.5085       13.916625        11.785503         2.1311214       4248.8878                 20.492794                 396.03932                           2381.6394                      10.775963               0.25069345              3.4151347                         6.0002474                                 13.849903             1409.5085       6.9158233
              1       2138.2114       3.0449377      0.96906779       70.305013      0.02272525      0.11874297     0.056478649      0.99914277      0.99974601      0.99982262       65.820905      0.58792034       4.7029886      0.61503821       9.9363449       10.082863        18.452116       85.412146       298.08414        56.71172       44.482867       91.775108      0.14171607        0.13454311         0.4849887      0.22060302        0.65284185       1.9598602   2.1008723e-09      0.28621093       0.8155085      0.79654621       146.40914       9.6660756       2808.6445       1409.5085       13.918977        11.798643         2.1203336       4248.5848                 20.492794                 396.03932                           2381.3364                      10.775963               0.25069345              3.4151347                         6.0002474                                 13.849903             1409.5085       6.9158233
              1       2138.3323       3.0449377      0.96906779       70.305013      0.02272525      0.11874297     0.056478649      0.99914277      0.99978751      0.99980939       65.652859      0.58361008       4.7405022      0.63829337        9.943604       10.070872         18.46225       85.507499       296.84843       56.606719       44.533538       91.773711       0.1422301        0.12355157        0.48376425      0.22065901        0.66311952       1.9571668   2.1008723e-09      0.28621093       0.8155085      0.79654621       146.40914       9.6660756       2809.1567       1409.5085       13.783758        11.675625         2.1081331       4249.0971                 20.492794                 396.03932                           2381.8486                      10.775963               0.25069345              3.4151347                         6.0002474                                 13.849903             1409.5085       6.9158233
              1       2137.9115       3.0449377      0.96906779       70.305013      0.02272525      0.11874297     0.056478649      0.99914277      0.99979488      0.99984643       65.474798       0.5660374       4.7359344      0.62772219       9.7863188       9.9444027        18.184949        85.52562       296.14637       56.958674       44.688793       92.050144      0.13925053        0.12773617        0.47251957      0.20299894        0.65766103       1.9858374   2.1008723e-09      0.28621093       0.8155085      0.79654621       146.40914       9.6660756       2808.1347       1409.5085       13.873983        11.763296         2.1106876        4248.075                 20.492794                 396.03932                           2380.8266                      10.775963               0.25069345              3.4151347                         6.0002474                                 13.849903             1409.5085       6.9158233
              2        2138.515       3.0449377      0.96906779       70.305013      0.02272525      0.11874297     0.056478649      0.99914277      0.99976345      0.99981079       65.461412      0.55935395       4.7077915      0.61076873       9.8511303       9.8364766        18.299403       85.698515       295.13318       56.750457       44.927339       92.397735      0.14565321        0.11288716        0.47205117      0.19711219        0.65256802       1.9545917   2.1008723e-09      0.28621093       0.8155085      0.79654621       146.40914       9.6660756         2809.15       1409.5085       13.969793        11.849975         2.1198181       4249.0903                 20.492794                 396.03932                           2381.8419                      10.775963               0.25069345              3.4151347                         6.0002474                                 13.849903             1409.5085       6.9158233
              1        2138.261       3.0449377      0.96906779       70.305013      0.02272525      0.11874297     0.056478649      0.99914277      0.99995016      0.99979779       64.662986      0.56589041       4.8952787      0.45425314       10.098473       10.509605        18.463573       86.865778       303.30291       57.709889        45.09268       93.730393      0.12807769        0.11713471        0.47631528      0.21385386        0.63857991       1.9344472   2.1008723e-09      0.28621093       0.8155085      0.79654621       146.40914       9.6660756       2809.1598       1409.5085       13.710981        11.611647         2.0993341       4249.1001                 20.492794                 396.03932                           2381.8517                      10.775963               0.25069345              3.4151347                         6.0002474                                 13.849903             1409.5085       6.9158233
              1       2138.0586       3.0449377      0.96906779       70.305013      0.02272525      0.11874297     0.056478649      0.99914277       1.0003084      0.99961479       64.205349       0.5966624       4.5944266      0.65002471       10.223517       10.068733        18.136303       87.008646       301.95996       57.503611       45.509349       93.522838      0.11350006        0.12911807        0.56354144      0.19505589        0.67957188       1.9496969   2.1008723e-09      0.28621093       0.8155085      0.79654621       146.40914       9.6660756       2808.9757       1409.5085        13.60062        11.458254         2.1423663        4248.916                 20.492794                 396.03932                           2381.6676                      10.775963               0.25069345              3.4151347                         6.0002474                                 13.849903             1409.5085       6.9158233
              2       2138.4677       3.0449377      0.96906779       70.305013      0.02272525      0.11874297     0.056478649      0.99914277       1.0005286       0.9996327       64.276463      0.57501403       4.6315225      0.19687401       10.630085       10.302799        18.577016       87.659143       297.96361       58.701167       45.744507       93.902471      0.12774168        0.16017374        0.52946038      0.24139787        0.72375171        2.096737   2.1008723e-09      0.28621093       0.8155085      0.79654621       146.40914       9.6660756       2808.8339       1409.5085       14.080566           11.864         2.2165661       4248.7742                 20.492794                 396.03932                           2381.5258                      10.775963               0.25069345              3.4151347                         6.0002474                                 13.849903             1409.5085       6.9158233
              1       2138.6223       3.0449377      0.96906779       70.305013      0.02272525      0.11874297     0.056478649      0.99914277        1.000547      0.99960828       64.301995      0.56586105       4.6974584       0.1765438       10.629665       10.295554        18.597757       87.519113       295.81417         58.8744       45.800912        93.94994      0.12375788        0.16984048        0.53122046      0.24829738        0.72405028        2.073627   2.1008723e-09      0.28621093       0.8155085      0.79654621       146.40914       9.6660756       2808.6814       1409.5085       14.311407        12.112348         2.1990585       4248.6218                 20.492794                 396.03932                           2381.3733                      10.775963               0.25069345              3.4151347                         6.0002474                                 13.849903             1409.5085       6.9158233
              3         2138.16       3.0449377      0.96906779       70.305013      0.02272525      0.11874297     0.056478649      0.99914277       1.0005562       0.9996304       64.399062      0.55344212       4.6821365      0.23686568       10.563047       10.323844        18.747321       87.178079        295.1324       58.640496       45.305907       93.609198      0.13950517        0.15751776         0.5467262      0.24757333        0.70169889       2.0651295   2.1008723e-09      0.28621093       0.8155085      0.79654621       146.40914       9.6660756       2808.1308       1409.5085       14.124439          11.9325         2.1919384       4248.0711                 20.492794                 396.03932                           2380.8227                      10.775963               0.25069345              3.4151347                         6.0002474                                 13.849903             1409.5085       6.9158233
              4       2138.2534       3.0449377      0.96906779       70.305013      0.02272525      0.11874297     0.056478649      0.99914277       1.0005364      0.99971596       64.509745      0.55070862       4.6595554      0.45259005        10.31081       10.441147         18.81631       87.601578       293.90376       58.576398       44.901578       93.292243      0.12385009        0.14361802        0.55670005      0.24348151        0.72238644       2.0997054   2.1008723e-09      0.28621093       0.8155085      0.79654621       146.40914       9.6660756       2808.1774       1409.5085       14.194579        12.036203         2.1583759       4248.1177                 20.492794                 396.03932                           2380.8693                      10.775963               0.25069345              3.4151347                         6.0002474                                 13.849903             1409.5085       6.9158233
              1       2138.7298       3.0449377      0.96906779       70.305013      0.02272525      0.11874297     0.056478649      0.99990697        1.000412      0.99963748       64.980494       0.5312915       4.7250461      0.37633477       10.469158       10.326829        18.801699       87.790131         290.704       58.420944       44.377634       92.128116      0.13395518        0.16716223        0.53388361      0.23653635        0.71230147       2.0910527   2.1008723e-09      0.28621093       0.8155085      0.79654621       146.40914       9.6660756       2809.5842       1409.5085       13.967494        11.814119         2.1533741       4249.5246                 20.442873                  396.0339                           2381.9356                      11.171848               0.25069345              3.4151347                         6.0002474                                 13.849903             1409.5085       6.9158233
              2       2137.6764       3.0449377      0.96906779       70.305013      0.02272525      0.11874297     0.056478649      0.99990697       1.0003158      0.99953568       64.874334      0.53927993       4.7392186      0.58859843       10.725632        10.92925        18.835981       87.982064       290.82094       57.790864       44.454057       92.592847      0.13480301        0.13617157          0.525014      0.23824447        0.68445638       2.1242031   2.1008723e-09      0.28621093       0.8155085      0.79654621       146.40914       9.6660756       2809.2848       1409.5085       13.063894        10.948271         2.1156239       4249.2251                 20.442873                  396.0339                           2381.6361                      11.171848               0.25069345              3.4151347                         6.0002474                                 13.849903             1409.5085       6.9158233
              1       2138.0321       3.0449377      0.96906779       70.305013      0.02272525      0.11874297     0.056478649       1.0001461       1.0003158      0.99953568       64.874334      0.53927993       4.7392186      0.58859843       10.725632        10.92925        18.835981       87.982064       290.82094       57.790864       44.454057       92.592847      0.13480301        0.13617157          0.525014      0.23824447        0.68445638       2.1242031   2.1008723e-09      0.28621093       0.8155085      0.79654621       146.40914       9.6660756        2809.994       1409.5085        13.06491        10.949286         2.1156239       4249.9343                 20.427635                  396.0451                           2382.2188                      11.302441               0.25069345              3.4151347                         6.0002474                                 13.849903             1409.5085       6.9158233
              1       2138.1544       3.0449377      0.96906779       70.305013      0.02272525      0.11874297     0.056478649       1.0001737       1.0003178      0.99953423       64.864955      0.54023068        4.737339      0.58584074        10.73213        10.92385        18.824538       88.009658       290.73612        57.79323       44.451716       92.581512      0.13496474        0.13549887        0.52595072      0.23742809        0.68440851       2.1238102   2.1008723e-09      0.28621093       0.8155085      0.79654621       146.40914       9.6660756       2810.2379       1409.5085       13.065273        10.948796         2.1164768       4250.1783                 20.425891                  396.0451                           2382.4492                      11.317702               0.25069345              3.4151347                         6.0002474                                 13.849903             1409.5085       6.9158233
              1       2138.3385       3.0449377      0.96906779       70.305013      0.02272525      0.11874297     0.056478649       1.0001737       1.0002792      0.99954277       64.815893      0.54830119       4.7495434      0.60974302       10.705458       10.920409        18.823198       87.966092       291.77319       58.004593       44.347066       92.610544      0.13826089        0.13319717        0.52424107      0.23769212        0.68584715       2.1156744   2.1008723e-09      0.28621093       0.8155085      0.79654621       146.40914       9.6660756       2810.6289       1409.5085       13.053884        10.943742         2.1101424       4250.5692                 20.425891                  396.0451                           2382.8402                      11.317702               0.25069345              3.4151347                         6.0002474                                 13.849903             1409.5085       6.9158233
              3       2138.5821       3.0449377      0.96906779       70.305013      0.02272525      0.11874297     0.056478649       1.0001737      0.99994486       0.9994114       64.669005      0.52066037       5.0247652      0.58678209       11.076516       10.815351        18.508133       88.071663       287.43239       58.561977       45.400009       91.454657      0.14081215         0.1343576        0.49309712      0.23334788        0.74046296       2.1472039   2.1008723e-09      0.28621093       0.8155085      0.79654621       146.40914       9.6660756       2811.5664       1409.5085       12.828693        10.768744         2.0599489       4251.5067                 20.425891                  396.0451                           2383.7777                      11.317702               0.25069345              3.4151347                         6.0002474                                 13.849903             1409.5085       6.9158233
              1       2139.6187       3.0449377      0.96906779       70.305013      0.02272525      0.11874297     0.056478649       1.0001737       1.0003471       0.9994429       64.786953      0.50818758       5.0582664      0.70285822       11.397251       11.533671         18.12376       88.189518       303.63131       57.334763       46.211589       92.791344      0.12081513        0.16171342        0.52430861      0.23897452        0.70622189       2.1728965   2.1008723e-09      0.28621093       0.8155085      0.79654621       146.40914       9.6660756       2811.9318       1409.5085       13.682642        11.637564         2.0450784       4251.8721                 20.425891                  396.0451                           2384.1431                      11.317702               0.25069345              3.4151347                         6.0002474                                 13.849903             1409.5085       6.9158233
              1       2139.3833       3.0449377      0.96906779       70.305013      0.02272525      0.11874297     0.056478649       1.0001737       1.0004081      0.99940285       64.911342      0.50614017       5.0964382      0.74673361       11.481349       11.404421         18.18138       87.789246       304.50445        57.11423       45.795686       92.904512      0.12376828        0.16167023        0.52326611      0.22161768         0.7123441        2.163905   2.1008723e-09      0.28621093       0.8155085      0.79654621       146.40914       9.6660756       2811.8151       1409.5085       13.505585        11.468103         2.0374819       4251.7554                 20.425891                  396.0451                           2384.0264                      11.317702               0.25069345              3.4151347                         6.0002474                                 13.849903             1409.5085       6.9158233
              1       2139.1269       3.0449377      0.96906779       70.305013      0.02272525      0.11874297     0.056478649       1.0001737       1.0003995      0.99939565       64.917362      0.50542121       5.0835456      0.70166764       11.461129       11.397681        18.215761        87.74845       304.95736       57.114215       45.779339       92.959219      0.12250624         0.1589901        0.52487493      0.22345692        0.71187172       2.1663788   2.1008723e-09      0.28621093       0.8155085      0.79654621       146.40914       9.6660756         2811.46       1409.5085       13.426696        11.384602         2.0420937       4251.4004                 20.425891                  396.0451                           2383.6713                      11.317702               0.25069345              3.4151347                         6.0002474                                 13.849903             1409.5085       6.9158233
              3       2139.3091       3.0449377      0.96906779       70.305013      0.02272525      0.11874297     0.056478649       1.0001737       1.0003867      0.99939937       64.932463      0.50162811          5.1028        0.670118       11.483354       11.447436        18.179853       87.614527       304.86593       57.374114        45.84036       92.984937      0.12163838        0.16202469        0.52341735      0.22089608        0.71590275       2.1717485   2.1008723e-09      0.28621093       0.8155085      0.79654621       146.40914       9.6660756       2811.6053       1409.5085       13.536233        11.494084         2.0421486       4251.5457                 20.425891                  396.0451                           2383.8167                      11.317702               0.25069345              3.4151347                         6.0002474                                 13.849903             1409.5085       6.9158233
              1       2139.3335       3.0449377      0.96906779       70.305013      0.02272525      0.11874297     0.056478649       1.0001737       1.0003865      0.99939945       64.939319      0.50180858       5.1023824      0.67477109        11.48093       11.449149        18.178187       87.620804       304.76984       57.379732       45.844661         92.9895      0.12137767        0.16235079        0.52341298      0.22089853        0.71566259       2.1718181   2.1008723e-09      0.28621093       0.8155085      0.79654621       146.40914       9.6660756       2811.6398       1409.5085       13.543455          11.5016         2.0418549       4251.5801                 20.425891                  396.0451                           2383.8511                      11.317702               0.25069345              3.4151347                         6.0002474                                 13.849903             1409.5085       6.9158233
              1       2139.9362       3.0449377      0.96906779       70.305013      0.02272525      0.11874297     0.056478649       1.0001737       1.0004032      0.99964301       64.469661      0.53241025        5.189134       1.4351029        11.29802       11.377827        18.510587       87.448379       302.05393       59.017196       44.753939       91.717324       0.1163797        0.12946812        0.55108114      0.23495269        0.72358821       1.9908998   2.1008723e-09      0.28621093       0.8155085      0.79654621       146.40914       9.6660756       2811.7289       1409.5085       14.101631        12.080941         2.0206902       4251.6692                 20.425891                  396.0451                           2383.9402                      11.317702               0.25069345              3.4151347                         6.0002474                                 13.849903             1409.5085       6.9158233
              1       2140.3494       3.0449377      0.96906779       70.305013      0.02272525      0.11874297     0.056478649      0.99957941       1.0004032      0.99964301       64.469661      0.53241025        5.189134       1.4351029        11.29802       11.377827        18.510587       87.448379       302.05393       59.017196       44.753939       91.717324       0.1163797        0.12946812        0.55108114      0.23495269        0.72358821       1.9908998   2.1008723e-09      0.28621093       0.8155085      0.79654621       146.40914       9.6660756       2812.5317       1409.5085        14.11337         12.09268         2.0206902       4252.4721                 20.464031                 396.04605                           2385.0235                      10.998157               0.25069345              3.4151347                         6.0002474                                 13.849903             1409.5085       6.9158233
              1       2140.4759       3.0449377      0.96906779       70.305013      0.02272525      0.11874297     0.056478649      0.99957941       1.0004061       0.9996495       64.498403      0.53209061       5.1819777       1.4168397       11.300232       11.368009        18.489181       87.457002       302.18638       59.055699        44.74216       91.697838      0.11594348        0.12853714         0.5525703       0.2352217        0.72338708       1.9904287   2.1008723e-09      0.28621093       0.8155085      0.79654621       146.40914       9.6660756       2812.6898       1409.5085       14.160891        12.140936         2.0199545       4252.6301                 20.464031                 396.04605                           2385.1815                      10.998157               0.25069345              3.4151347                         6.0002474                                 13.849903             1409.5085       6.9158233
              1       2141.3961       3.0449377      0.96906779       70.305013      0.02272525      0.11874297     0.056478649      0.99957941       1.0008073      0.99933031       63.784267      0.43160435       5.1497832        1.574332       11.728378       11.226306        18.633256       87.860433       305.34695       57.973807        44.37537       92.376682      0.14197737         0.1445996        0.59756137      0.19588711        0.75017349        1.969881   2.1008723e-09      0.28621093       0.8155085      0.79654621       146.40914       9.6660756       2813.9034       1409.5085       14.474235        12.451207         2.0230279       4253.8437                 20.464031                 396.04605                           2386.3951                      10.998157               0.25069345              3.4151347                         6.0002474                                 13.849903             1409.5085       6.9158233
              1       2141.6212       3.0449377      0.96906779       70.305013      0.02272525      0.11874297     0.056478649      0.99957941       1.0008449      0.99932663       63.867455      0.43833055       4.9867821       1.4526913       11.894986        11.34808        18.698828       87.684169       304.04166       58.168335       44.087803       91.966824      0.12897872        0.13448047         0.6191107      0.18781716        0.74568411       1.9755289   2.1008723e-09      0.28621093       0.8155085      0.79654621       146.40914       9.6660756       2813.4422       1409.5085       14.929994        12.912182         2.0178112       4253.3825                 20.464031                 396.04605                           2385.9339                      10.998157               0.25069345              3.4151347                         6.0002474                                 13.849903             1409.5085       6.9158233
              1       2141.7714       3.0449377      0.96906779       70.305013      0.02272525      0.11874297     0.056478649      0.99957941        1.000822      0.99936958       64.004553      0.44356762       4.9352908       1.7418106       11.821451       11.352496        18.752812       87.765911       304.94241       57.169088       43.887937       91.998249      0.11922839         0.1404732        0.63535148      0.19816195        0.75332954       1.9879804   2.1008723e-09      0.28621093       0.8155085      0.79654621       146.40914       9.6660756        2812.798       1409.5085       15.402234        13.383621         2.0186131       4252.7383                 20.464031                 396.04605                           2385.2898                      10.998157               0.25069345              3.4151347                         6.0002474                                 13.849903             1409.5085       6.9158233
              2       2140.3052       3.0449377      0.96906779       70.305013      0.02272525      0.11874297     0.056478649      0.99957941       1.0006375      0.99914652       63.768319      0.41592072       5.0232488        1.233387       12.261297       11.303328        18.449892       86.992806       290.64106       54.378108        43.40138       91.739466      0.14798262         0.1230571        0.58066333      0.23802244        0.72399309       2.2892792   2.1008723e-09      0.28621093       0.8155085      0.79654621       146.40914       9.6660756       2812.4346       1409.5085       14.117717        12.097242         2.0204748       4252.3749                 20.464031                 396.04605                           2384.9263                      10.998157               0.25069345              3.4151347                         6.0002474                                 13.849903             1409.5085       6.9158233
              1        2138.556       3.0449377      0.96906779       70.305013      0.02272525      0.11874297     0.056478649      0.99957941       1.0003967      0.99915705        64.33086      0.41916405       5.0598117      0.87704706       11.870006       11.555994        18.351173        85.91636       277.67318       55.081657       42.210543       93.762211      0.13330151       0.093302799         0.5406676      0.23267794        0.69727793       2.2573997   2.1008723e-09      0.28621093       0.8155085      0.79654621       146.40914       9.6660756       2810.1353       1409.5085       13.518212        11.485217         2.0329951       4250.0757                 20.464031                 396.04605                           2382.6271                      10.998157               0.25069345              3.4151347                         6.0002474                                 13.849903             1409.5085       6.9158233
              1       2139.5896       3.0449377      0.96906779       70.305013      0.02272525      0.11874297     0.056478649      0.99957941       0.9997235      0.99843485       63.517414      0.41690745       5.0150038      0.47232117       12.395561       11.259459        17.117231       84.624667       270.28196       52.274667       44.035852       94.362357     0.066206768        0.14823756        0.54049811      0.29873335         0.7058265       2.5097353   2.1008723e-09      0.28621093       0.8155085      0.79654621       146.40914       9.6660756       2809.4321       1409.5085       14.903341        12.829826         2.0735152       4249.3724                 20.464031                 396.04605                           2381.9238                      10.998157               0.25069345              3.4151347                         6.0002474                                 13.849903             1409.5085       6.9158233
              2       2139.7653       3.0449377      0.96906779       70.305013      0.02272525      0.11874297     0.056478649      0.99951324      0.99971675      0.99840603       63.669659      0.42201957       4.9514702      0.39137889       12.401902       11.349563        17.059983       84.568058       272.13805       52.406505       44.214895       94.373525     0.067248315        0.15831299        0.54350454      0.29520445        0.69615626       2.4951272   2.1008723e-09      0.28621093       0.8155085      0.79654621       146.40914       9.6660756       2809.5681       1409.5085       15.011079        12.915349         2.0957305       4249.5085                  20.46835                 396.04605                           2382.0899                      10.963801               0.25069345              3.4151347                         6.0002474                                 13.849903             1409.5085       6.9158233
              1       2141.6771       3.0449377      0.96906779       70.305013      0.02272525      0.11874297     0.056478649      0.99951324      0.99971243      0.99864523       62.419859      0.40110295       5.1528323       1.0018009        11.15627       11.076336        16.310908       85.096282       279.50369       49.928537       45.684433       96.751421      0.08663207        0.14690518        0.54167873       0.2964412        0.51780566       2.4044122   2.1008723e-09      0.28621093       0.8155085      0.79654621       146.40914       9.6660756       2813.1563       1409.5085       15.128769        13.107643         2.0211257       4253.0967                  20.46835                 396.04605                           2385.6781                      10.963801               0.25069345              3.4151347                         6.0002474                                 13.849903             1409.5085       6.9158233
              1       2142.1997       3.0449377      0.96906779       70.305013      0.02272525      0.11874297     0.056478649      0.99951324      0.99968062      0.99866798       62.472965      0.39938742       5.1328108       1.0034347       11.233929       11.073872        16.355961       84.934916       279.34075       49.802874       45.783412       96.608624     0.082060072         0.1415398         0.5357355      0.29445183        0.51684755       2.4131293   2.1008723e-09      0.28621093       0.8155085      0.79654621       146.40914       9.6660756       2813.9678       1409.5085       15.245678        13.223644         2.0220339       4253.9081                  20.46835                 396.04605                           2386.4896                      10.963801               0.25069345              3.4151347                         6.0002474                                 13.849903             1409.5085       6.9158233
              2       2142.3057       3.0449377      0.96906779       70.305013      0.02272525      0.11874297     0.056478649      0.99951324      0.99969102      0.99868841       62.273289      0.40037972       5.0727349       1.1163064        11.27048       11.117684        16.584548       84.826201       278.94176       49.689436       45.665317       96.782977      0.08450125         0.1419856        0.53399055      0.29825241         0.5238994       2.4068248   2.1008723e-09      0.28621093       0.8155085      0.79654621       146.40914       9.6660756       2814.4614       1409.5085       15.104853        13.083332         2.0215208       4254.4017                  20.46835                 396.04605                           2386.9832                      10.963801               0.25069345              3.4151347                         6.0002474                                 13.849903             1409.5085       6.9158233
              2       2142.9588       3.0449377      0.96906779       70.305013      0.02272525      0.11874297     0.056478649      0.99951324      0.99973756      0.99866689       62.321136      0.41692682       5.1109413      0.85998331       11.141654       11.140715          16.9738        85.01695       284.86956       49.026082       45.647532       96.580871       0.1137493        0.13138451         0.5168039      0.29379013        0.54304308       2.4517047   2.1008723e-09      0.28621093       0.8155085      0.79654621       146.40914       9.6660756       2818.3015       1409.5085       13.837906        11.808471          2.029435       4258.2418                  20.46835                 396.04605                           2390.8233                      10.963801               0.25069345              3.4151347                         6.0002474                                 13.849903             1409.5085       6.9158233
              1       2141.4796       3.0449377      0.96906779       70.305013      0.02272525      0.11874297     0.056478649      0.99951324       0.9996303      0.99850653       62.379486      0.37089887       5.1479722      0.64016212       11.447989       10.917003         17.28148       85.076365        279.3356       51.656966       45.549095       96.864068      0.12498403        0.12389709        0.53015799       0.2782687        0.63837133       2.5564666   2.1008723e-09      0.28621093       0.8155085      0.79654621       146.40914       9.6660756       2817.4992       1409.5085       12.759845        10.720726         2.0391192       4257.4395                  20.46835                 396.04605                            2390.021                      10.963801               0.25069345              3.4151347                         6.0002474                                 13.849903             1409.5085       6.9158233
              1       2139.0597       3.0449377      0.96906779       70.305013      0.02272525      0.11874297     0.056478649      0.99951324      0.99969231      0.99810004       62.577411      0.39915306       5.1991282      0.18684078       11.388729       11.651954        16.576003       84.705822       273.73103       53.979401       44.386629       96.568802      0.10620873        0.16002649         0.5785882      0.30402457         0.6726773       2.4822817   2.1008723e-09      0.28621093       0.8155085      0.79654621       146.40914       9.6660756       2810.5566       1409.5085       13.811219        11.738716         2.0725029        4250.497                  20.46835                 396.04605                           2383.0784                      10.963801               0.25069345              3.4151347                         6.0002474                                 13.849903             1409.5085       6.9158233
              2       2137.7056       3.0449377      0.96906779       70.305013      0.02272525      0.11874297     0.056478649      0.99951324      0.99959617      0.99809253       62.620423      0.40451196       5.1679571       0.3238615         11.4915       11.963751         17.18468       84.377971        272.7558        53.96116       44.622774       96.002104     0.098313479        0.14747989        0.56111626      0.30230883        0.66568765         2.40125   2.1008723e-09      0.28621093       0.8155085      0.79654621       146.40914       9.6660756       2808.4088       1409.5085          13.531        11.467705         2.0632946       4248.3491                  20.46835                 396.04605                           2380.9306                      10.963801               0.25069345              3.4151347                         6.0002474                                 13.849903             1409.5085       6.9158233
              1        2137.047       3.0449377      0.96906779       70.305013      0.02272525      0.11874297     0.056478649      0.99951324      0.99969309      0.99805413        62.63486       0.3813577       4.9845941      0.51607249        11.14943       12.009285         17.12776       84.286457       270.94359       54.162706       44.130069       94.961926     0.094748764        0.14045502        0.52732483      0.25320458        0.70589798       2.4442888   2.1008723e-09      0.28621093       0.8155085      0.79654621       146.40914       9.6660756       2809.6722       1409.5085       12.240679        10.166616         2.0740635       4249.6125                  20.46835                 396.04605                            2382.194                      10.963801               0.25069345              3.4151347                         6.0002474                                 13.849903             1409.5085       6.9158233
              1       2137.9122       3.0449377      0.96906779       70.305013      0.02272525      0.11874297     0.056478649      0.99913333      0.99973599      0.99811512       62.695688      0.40119823       5.0149128      0.69994748       11.028044       11.998321        17.176098       83.714869       266.75799       53.843907       44.474873       94.970914      0.11174093        0.16437592        0.55675434      0.23426285        0.71072572       2.4443206   2.1008723e-09      0.28621093       0.8155085      0.79654621       146.40914       9.6660756       2810.9245       1409.5085        12.47977        10.428749         2.0510216       4250.8649                 20.493422                 396.03932                           2383.6205                      10.771275               0.25069345              3.4151347                         6.0002474                                 13.849903             1409.5085       6.9158233
              1       2138.5461       3.0449377      0.96906779       70.305013      0.02272525      0.11874297     0.056478649      0.99913333      0.99978455      0.99810539        63.30365      0.43397452       4.9994706      0.74134793       10.986241       11.803639         17.44088       84.008745       276.76684       53.984998        44.61487       94.183121      0.10012369        0.17359916        0.57897925      0.24267568        0.73836795        2.439648   2.1008723e-09      0.28621093       0.8155085      0.79654621       146.40914       9.6660756       2810.7336       1409.5085       13.209124        11.159526         2.0495974       4250.6739                 20.493422                 396.03932                           2383.4296                      10.771275               0.25069345              3.4151347                         6.0002474                                 13.849903             1409.5085       6.9158233
              1       2138.5346       3.0449377      0.96906779       70.305013      0.02272525      0.11874297     0.056478649      0.99913333      0.99987151      0.99810312       63.363241      0.46204111       5.1388117      0.86553219       10.818435       11.816207        17.874021       84.358214       283.10555       53.873695       44.730277       94.779982     0.089453289        0.16866161        0.58615471      0.23982657        0.76679502       2.5071202   2.1008723e-09      0.28621093       0.8155085      0.79654621       146.40914       9.6660756       2810.1784       1409.5085       13.475227        11.448229         2.0269979       4250.1187                 20.493422                 396.03932                           2382.8743                      10.771275               0.25069345              3.4151347                         6.0002474                                 13.849903             1409.5085       6.9158233
              1       2138.5361       3.0449377      0.96906779       70.305013      0.02272525      0.11874297     0.056478649      0.99913333       0.9997412      0.99807891       63.897474        0.481335       5.0970065       1.0599326        10.75588       11.979086        17.893045       83.845117       277.79045       53.817362        45.30215       95.377518     0.087652615        0.15892758        0.59824141       0.2701902        0.77147718       2.5140947   2.1008723e-09      0.28621093       0.8155085      0.79654621       146.40914       9.6660756       2809.2795       1409.5085       13.926162        11.904103         2.0220588       4249.2199                 20.493422                 396.03932                           2381.9755                      10.771275               0.25069345              3.4151347                         6.0002474                                 13.849903             1409.5085       6.9158233
              1        2139.029       3.0449377      0.96906779       70.305013      0.02272525      0.11874297     0.056478649      0.99913333      0.99979672      0.99811792       64.049704       0.4657798       5.0706406       1.1462498       10.835295       12.143836        17.906981       83.704313       278.60947       53.862198       44.869124       95.504435     0.073239609        0.16083037        0.58288055      0.27935967        0.76747414       2.5332437   2.1008723e-09      0.28621093       0.8155085      0.79654621       146.40914       9.6660756       2809.5051       1409.5085       14.306294        12.285523         2.0207702       4249.4455                 20.493422                 396.03932                           2382.2011                      10.771275               0.25069345              3.4151347                         6.0002474                                 13.849903             1409.5085       6.9158233
              1       2139.4338       3.0449377      0.96906779       70.305013      0.02272525      0.11874297     0.056478649      0.99913333      0.99979918      0.99818073       64.088547      0.46542327       4.9177605       1.0736793       10.797264       12.291285        18.143182       83.659212        279.3123       54.160869         45.1523       95.532508     0.069601325        0.16183688        0.58441682      0.25577436        0.76291279       2.5312969   2.1008723e-09      0.28621093       0.8155085      0.79654621       146.40914       9.6660756       2810.5244       1409.5085       14.201436        12.166593         2.0348429       4250.4647                 20.493422                 396.03932                           2383.2203                      10.771275               0.25069345              3.4151347                         6.0002474                                 13.849903             1409.5085       6.9158233
              2       2137.4145       3.0449377      0.96906779       70.305013      0.02272525      0.11874297     0.056478649      0.99966557       0.9998553      0.99831656       64.447709      0.49431802       4.9389202      0.84227922       10.888748       12.291051        18.223411       83.746548       282.10319       54.243026       44.741953       94.850695     0.080191755        0.14128212        0.61314681      0.27357868        0.74105112        2.509412   2.1008723e-09      0.28621093       0.8155085      0.79654621       146.40914       9.6660756       2806.8167       1409.5085       14.035963        11.986707         2.0492565       4246.7571                  20.45843                 396.04605                            2379.269                      11.043264               0.25069345              3.4151347                         6.0002474                                 13.849903             1409.5085       6.9158233
              2       2140.4419       3.0449377      0.96906779       70.305013      0.02272525      0.11874297     0.056478649      0.99848069       0.9998553      0.99831656       64.447709      0.49431802       4.9389202      0.84227922       10.888748       12.291051        18.223411       83.746548       282.10319       54.243026       44.741953       94.850695     0.080191755        0.14128212        0.61314681      0.27357868        0.74105112        2.509412   2.1008723e-09      0.28621093       0.8155085      0.79654621       146.40914       9.6660756       2812.5201       1409.5085        14.21168        12.162423         2.0492565       4252.4605                 20.537543                 396.02688                           2385.4962                      10.459478               0.25069345              3.4151347                         6.0002474                                 13.849903             1409.5085       6.9158233
              3        2140.442       3.0449377      0.96906779       70.305013      0.02272525      0.11874297     0.056478649      0.99848069      0.99985608      0.99831698       64.449182      0.49434107       4.9387256      0.84305175       10.888343       12.292791        18.224167       83.742461        282.0751       54.244325       44.744232       94.855682      0.08006024        0.14137302        0.61303351       0.2734735        0.74115667       2.5094219   2.1008723e-09      0.28621093       0.8155085      0.79654621       146.40914       9.6660756       2812.5164       1409.5085       14.213598         12.16438         2.0492178       4252.4568                 20.537543                 396.02688                           2385.4925                      10.459478               0.25069345              3.4151347                         6.0002474                                 13.849903             1409.5085       6.9158233
              1       2140.7636       3.0449377      0.96906779       70.305013      0.02272525      0.11874297     0.056478649      0.99848069      0.99983267      0.99839754       64.579939      0.50143625       4.9487546      0.96985372       10.932123       12.293465        18.342611        83.74862       282.57525       54.327366       44.753619       94.899304     0.080157962        0.15278142        0.61995895      0.27124419        0.74540671       2.4934428   2.1008723e-09      0.28621093       0.8155085      0.79654621       146.40914       9.6660756       2812.4958       1409.5085       14.545568        12.507199         2.0383683       4252.4361                 20.537543                 396.02688                           2385.4719                      10.459478               0.25069345              3.4151347                         6.0002474                                 13.849903             1409.5085       6.9158233
              1       2140.9099       3.0449377      0.96906779       70.305013      0.02272525      0.11874297     0.056478649      0.99848069      0.99975937      0.99843891       64.674748      0.51980198       5.0170439      0.85337925       10.764536       12.178657        18.172936       84.096307       284.60962       54.860395       45.232555       94.569027      0.09698555         0.1279953        0.63521207      0.26050355        0.75117747       2.5127524   2.1008723e-09      0.28621093       0.8155085      0.79654621       146.40914       9.6660756       2813.5085       1409.5085       14.185435        12.146573         2.0388617       4253.4488                 20.537543                 396.02688                           2386.4846                      10.459478               0.25069345              3.4151347                         6.0002474                                 13.849903             1409.5085       6.9158233
              2       2137.9035       3.0449377      0.96906779       70.305013      0.02272525      0.11874297     0.056478649      0.99934626      0.99975937      0.99843891       64.674748      0.51980198       5.0170439      0.85337925       10.764536       12.178657        18.172936       84.096307       284.60962       54.860395       45.232555       94.569027      0.09698555         0.1279953        0.63521207      0.26050355        0.75117747       2.5127524   2.1008723e-09      0.28621093       0.8155085      0.79654621       146.40914       9.6660756       2807.7968       1409.5085       14.034961        11.996099         2.0388617       4247.7372                 20.479316                 396.03932                              2380.4                      10.878184               0.25069345              3.4151347                         6.0002474                                 13.849903             1409.5085       6.9158233
              1       2137.9338       3.0449377      0.96906779       70.305013      0.02272525      0.11874297     0.056478649      0.99934626      0.99974948      0.99847715       64.628227      0.51733057       5.0490317      0.89293574       10.722453       12.189794        18.081187       84.183077       284.00802       54.618507       45.292877       94.515057     0.099709131        0.12619775        0.63110129      0.26662652        0.74449923       2.4978968   2.1008723e-09      0.28621093       0.8155085      0.79654621       146.40914       9.6660756        2808.088       1409.5085       13.919596        11.886521         2.0330748       4248.0283                 20.479316                 396.03932                           2380.6912                      10.878184               0.25069345              3.4151347                         6.0002474                                 13.849903             1409.5085       6.9158233
              1       2138.5265       3.0449377      0.96906779       70.305013      0.02272525      0.11874297     0.056478649      0.99934626      0.99962428        0.998605       64.175122      0.51996642       4.9959749      0.74806831       10.793243       11.819135        17.944383       83.586556       283.46738       55.107712       45.161621       93.361736     0.081184999        0.15282348        0.63002278      0.27446788         0.7391369       2.5208724   2.1008723e-09      0.28621093       0.8155085      0.79654621       146.40914       9.6660756       2807.4308       1409.5085          14.841        12.791498         2.0495024       4247.3711                 20.479316                 396.03932                           2380.0339                      10.878184               0.25069345              3.4151347                         6.0002474                                 13.849903             1409.5085       6.9158233
              3       2137.8803       3.0449377      0.96906779       70.305013      0.02272525      0.11874297     0.056478649      0.99934626      0.99946233      0.99873305       65.052475      0.48509191       4.5197344      0.18290623       10.846848       11.999838        17.647534       82.815061       276.64158       59.196008       44.975675       94.139837      0.11335984        0.15392424        0.58621959      0.20716165        0.76680251       2.4404743   2.1008723e-09      0.28621093       0.8155085      0.79654621       146.40914       9.6660756       2808.1547       1409.5085       13.832774        11.573591         2.2591835        4248.095                 20.479316                 396.03932                           2380.7579                      10.878184               0.25069345              3.4151347                         6.0002474                                 13.849903             1409.5085       6.9158233
              2       2137.8877       3.0449377      0.96906779       70.305013      0.02272525      0.11874297     0.056478649      0.99934626      0.99946213      0.99873232       65.055665        0.485086       4.5209298      0.18349044       10.840768       12.001037        17.638597       82.818293       276.64374       59.193141       44.977357       94.142493      0.11311643        0.15420665        0.58590381      0.20716372        0.76698123       2.4406058   2.1008723e-09      0.28621093       0.8155085      0.79654621       146.40914       9.6660756       2808.1679       1409.5085       13.833539        11.574934         2.2586053       4248.1083                 20.479316                 396.03932                           2380.7711                      10.878184               0.25069345              3.4151347                         6.0002474                                 13.849903             1409.5085       6.9158233
              1       2137.9054       3.0449377      0.96906779       70.305013      0.02272525      0.11874297     0.056478649      0.99934626      0.99945144      0.99887295       65.118552      0.47072638       4.5863558      0.35416385        10.68523       12.107559         17.43708       83.045603       273.37967       58.830112       44.858607       94.878663       0.1130118        0.14067347        0.59091745      0.20090102        0.77470271        2.467015   2.1008723e-09      0.28621093       0.8155085      0.79654621       146.40914       9.6660756       2807.8051       1409.5085       14.032648         11.83356         2.1990875       4247.7454                 20.479316                 396.03932                           2380.4083                      10.878184               0.25069345              3.4151347                         6.0002474                                 13.849903             1409.5085       6.9158233
              2       2137.2477       3.0449377      0.96906779       70.305013      0.02272525      0.11874297     0.056478649      0.99934626      0.99953438      0.99878918       65.393531      0.48155492         4.51281     0.065407715       10.415828       12.137436        18.107991       82.893217       273.78913       58.375502        43.77929       95.443819      0.13972707        0.12616774        0.58337175      0.21852247        0.76312989       2.4439272   2.1008723e-09      0.28621093       0.8155085      0.79654621       146.40914       9.6660756       2807.9092       1409.5085       13.322904        11.033007         2.2898965       4247.8496                 20.479316                 396.03932                           2380.5124                      10.878184               0.25069345              3.4151347                         6.0002474                                 13.849903             1409.5085       6.9158233
              1       2137.3723       3.0449377      0.96906779       70.305013      0.02272525      0.11874297     0.056478649      0.99934626      0.99949007      0.99882496        65.57324      0.48637938       4.5681193      0.11516623       10.637655        12.15652        18.172722       82.186364       277.00251       58.566002       43.281602       95.380691      0.12044501        0.14898018        0.58224072      0.21370855        0.77838719       2.4228686   2.1008723e-09      0.28621093       0.8155085      0.79654621       146.40914       9.6660756       2807.2737       1409.5085       13.765343        11.508397         2.2569466        4247.214                 20.479316                 396.03932                           2379.8768                      10.878184               0.25069345              3.4151347                         6.0002474                                 13.849903             1409.5085       6.9158233
              1       2138.3895       3.0449377      0.96906779       70.305013      0.02272525      0.11874297     0.056478649      0.99934626      0.99954178      0.99869708       66.505234      0.41010514       4.6611426      0.37184095       10.345901       11.828345        18.248102        81.73313       275.83091       61.297243       43.210267       94.879726     0.093677616        0.11509817        0.56114699      0.19986281        0.71797963       2.4994394   2.1008723e-09      0.28621093       0.8155085      0.79654621       146.40914       9.6660756       2811.1287       1409.5085       12.854988        10.682436         2.1725511       4251.0691                 20.479316                 396.03932                           2383.7319                      10.878184               0.25069345              3.4151347                         6.0002474                                 13.849903             1409.5085       6.9158233
              2        2138.376       3.0449377      0.96906779       70.305013      0.02272525      0.11874297     0.056478649       1.0002376      0.99959449      0.99862326       66.632002      0.44076157       4.6064095      0.72593656       10.589008       11.741318        18.570783       81.169467       268.99762       60.707865       43.848597       93.897387      0.12146178        0.13880642         0.5276827      0.18951768        0.65738714       2.3853654   2.1008723e-09      0.28621093       0.8155085      0.79654621       146.40914       9.6660756       2813.2683       1409.5085       11.771714        9.6446811         2.1270329       4253.2086                 20.421855                  396.0451                           2385.4481                      11.353254               0.25069345              3.4151347                         6.0002474                                 13.849903             1409.5085       6.9158233
              3       2139.4247       3.0449377      0.96906779       70.305013      0.02272525      0.11874297     0.056478649       1.0002376      0.99957176       0.9987492       66.712203      0.43977362       4.6811324      0.55529837       10.334118       11.740766        18.364413       81.532983       270.17395       61.489181       44.438408       93.405654      0.09249819        0.12929126        0.52817229      0.16224087        0.62657963       2.4274569   2.1008723e-09      0.28621093       0.8155085      0.79654621       146.40914       9.6660756       2813.6082       1409.5085       12.650439        10.515294         2.1351455       4253.5486                 20.421855                  396.0451                            2385.788                      11.353254               0.25069345              3.4151347                         6.0002474                                 13.849903             1409.5085       6.9158233
              1       2141.9233       3.0449377      0.96906779       70.305013      0.02272525      0.11874297     0.056478649       1.0002376      0.99968097       0.9985465       66.006319      0.55720231       4.3540866      0.51643888       10.528415        11.12027        17.719706       81.703462       278.47216       62.630037       44.231301       93.261192      0.05797133       0.072625714        0.44591875      0.20294077        0.68012314       2.6281597   2.1008723e-09      0.28621093       0.8155085      0.79654621       146.40914       9.6660756       2815.1307       1409.5085       14.387767        12.144195         2.2435719        4255.071                 20.421855                  396.0451                           2387.3105                      11.353254               0.25069345              3.4151347                         6.0002474                                 13.849903             1409.5085       6.9158233
              1       2141.5695       3.0449377      0.96906779       70.305013      0.02272525      0.11874297     0.056478649       1.0002376      0.99958517      0.99854805       66.377155      0.51637034       4.0344022      0.24051513       10.835695       11.037166        17.351648       81.145316       280.98232       61.023629       43.396627       93.004783     0.066180061       0.075817361        0.44775404      0.20338855        0.64227698       2.5744088   2.1008723e-09      0.28621093       0.8155085      0.79654621       146.40914       9.6660756       2814.2749       1409.5085       14.461872        12.007383         2.4544893       4254.2152                 20.421855                  396.0451                           2386.4546                      11.353254               0.25069345              3.4151347                         6.0002474                                 13.849903             1409.5085       6.9158233
              1        2141.376       3.0449377      0.96906779       70.305013      0.02272525      0.11874297     0.056478649       1.0002376      0.99965398      0.99862869       66.483468      0.50377753        4.225843      0.32422304        10.90047       11.317132        17.293726       80.989722       279.79796       60.095653       43.345092       93.962901     0.035626225        0.12232234        0.43085635       0.1824063        0.65624526       2.5351933   2.1008723e-09      0.28621093       0.8155085      0.79654621       146.40914       9.6660756       2813.4847       1409.5085       14.663519        12.322109         2.3414099        4253.425                 20.421855                  396.0451                           2385.6645                      11.353254               0.25069345              3.4151347                         6.0002474                                 13.849903             1409.5085       6.9158233
              1        2141.213       3.0449377      0.96906779       70.305013      0.02272525      0.11874297     0.056478649       1.0002376      0.99950192      0.99859409       66.935664      0.53343941       4.1767638      0.72856161       10.551828       11.608488        17.354828       81.309685       275.48758       59.068625       43.034817       93.560841     0.053206791       0.098738745        0.41946682      0.14766809        0.66378305       2.5361354   2.1008723e-09      0.28621093       0.8155085      0.79654621       146.40914       9.6660756        2813.689       1409.5085       14.398322         12.13842         2.2599018       4253.6293                 20.421855                  396.0451                           2385.8688                      11.353254               0.25069345              3.4151347                         6.0002474                                 13.849903             1409.5085       6.9158233
              1       2141.2577       3.0449377      0.96906779       70.305013      0.02272525      0.11874297     0.056478649       1.0002376      0.99957372      0.99855892       66.995002      0.50934612       4.1746054      0.62848379       10.453181       11.804107        17.462486       81.656885       274.72764       58.762031         43.1518       93.626242     0.052681052       0.092195936        0.42555233      0.15486187        0.65461083       2.5789242   2.1008723e-09      0.28621093       0.8155085      0.79654621       146.40914       9.6660756       2813.5975       1409.5085       14.488756        12.204232         2.2845237       4253.5379                 20.421855                  396.0451                           2385.7773                      11.353254               0.25069345              3.4151347                         6.0002474                                 13.849903             1409.5085       6.9158233
              2       2141.4355       3.0449377      0.96906779       70.305013      0.02272525      0.11874297     0.056478649       1.0003459      0.99957372      0.99855892       66.995002      0.50934612       4.1746054      0.62848379       10.453181       11.804107        17.462486       81.656885       274.72764       58.762031         43.1518       93.626242     0.052681052       0.092195936        0.42555233      0.15486187        0.65461083       2.5789242   2.1008723e-09      0.28621093       0.8155085      0.79654621       146.40914       9.6660756        2813.943       1409.5085       14.493808        12.209284         2.2845237       4253.8833                 20.415056                 396.04584                           2386.0681                       11.41395               0.25069345              3.4151347                         6.0002474                                 13.849903             1409.5085       6.9158233
              1       2139.2719       3.0449377      0.96906779       70.305013      0.02272525      0.11874297     0.056478649       1.0003459      0.99914677      0.99869057       66.772826       0.4778555        4.311917     0.071079151       9.8001129       12.437451        19.344555       84.922319        280.2747        59.51938       43.127697       93.153607      0.14755771         0.1002678        0.41149591      0.19716406        0.70574632       2.4205698   2.1008723e-09      0.28621093       0.8155085      0.79654621       146.40914       9.6660756        2812.771       1409.5085       12.916289        10.543174         2.3731152       4252.7113                 20.415056                 396.04584                           2384.8961                       11.41395               0.25069345              3.4151347                         6.0002474                                 13.849903             1409.5085       6.9158233
              2       2138.1631       3.0449377      0.96906779       70.305013      0.02272525      0.11874297     0.056478649       1.0003459      0.99924586      0.99868062       66.793193      0.45190713       4.2706298       0.1746127       9.6195663       12.526771        19.517989       84.585453       279.18832       59.413704       42.600078       92.904781      0.14810367         0.1191945        0.41716743      0.19486235        0.71061612       2.3940707   2.1008723e-09      0.28621093       0.8155085      0.79654621       146.40914       9.6660756       2811.7323       1409.5085       12.326769        9.9641098         2.3626595       4251.6727                 20.415056                 396.04584                           2383.8575                       11.41395               0.25069345              3.4151347                         6.0002474                                 13.849903             1409.5085       6.9158233
              3       2137.8129       3.0449377      0.96906779       70.305013      0.02272525      0.11874297     0.056478649       1.0003459      0.99932609      0.99887508       66.687646      0.48287682       4.0775735      0.79580173       9.7642857       12.180735        19.979498       84.974723       279.63831        58.78945       42.563639       94.182302      0.14754924        0.13509214        0.42116437      0.21433244         0.6986159       2.3276543   2.1008723e-09      0.28621093       0.8155085      0.79654621       146.40914       9.6660756       2811.4852       1409.5085       12.100145        9.8185525         2.2815926       4251.4256                 20.415056                 396.04584                           2383.6104                       11.41395               0.25069345              3.4151347                         6.0002474                                 13.849903             1409.5085       6.9158233
              1       2138.2263       3.0449377      0.96906779       70.305013      0.02272525      0.11874297     0.056478649       1.0003459      0.99935333      0.99887539        66.44569      0.53736077       3.9685499      0.61424505       9.6184288       12.174811        19.623888       84.670646       278.30412       59.383162       42.974767       94.994728       0.1041328        0.10434673        0.43152687      0.23434863        0.65733274       2.3279876   2.1008723e-09      0.28621093       0.8155085      0.79654621       146.40914       9.6660756       2811.3931       1409.5085       12.559548        10.184682         2.3748662       4251.3335                 20.415056                 396.04584                           2383.5183                       11.41395               0.25069345              3.4151347                         6.0002474                                 13.849903             1409.5085       6.9158233
              1       2139.1793       3.0449377      0.96906779       70.305013      0.02272525      0.11874297     0.056478649       1.0003459      0.99928058      0.99890865       66.379803      0.51271283       3.6794205      0.52587073        9.660511       11.949245        19.266488       85.498045        284.6346       59.019037       43.384791       96.165352     0.075007569       0.086120492        0.46951323      0.16797854        0.70346119       2.2170553   2.1008723e-09      0.28621093       0.8155085      0.79654621       146.40914       9.6660756       2810.6818       1409.5085       13.868282        11.321292         2.5469907       4250.6221                 20.415056                 396.04584                           2382.8069                       11.41395               0.25069345              3.4151347                         6.0002474                                 13.849903             1409.5085       6.9158233
              1       2139.2066       3.0449377      0.96906779       70.305013      0.02272525      0.11874297     0.056478649       1.0003459      0.99926275      0.99890813       66.392402      0.51088689       3.6905091      0.57150831       9.6228096       11.979619        19.241744       85.545101       284.68768       58.954022       43.344788       96.314742     0.076061101       0.087082793        0.47459268      0.16928672          0.701329       2.2260555   2.1008723e-09      0.28621093       0.8155085      0.79654621       146.40914       9.6660756       2810.8342       1409.5085       13.819368        11.293893         2.5254744       4250.7745                 20.415056                 396.04584                           2382.9593                       11.41395               0.25069345              3.4151347                         6.0002474                                 13.849903             1409.5085       6.9158233
              1       2140.0554       3.0449377      0.96906779       70.305013      0.02272525      0.11874297     0.056478649       1.0003459      0.99898817       0.9991012       65.688419      0.49062602       3.6281435       1.0486299       9.4617637       11.902854        18.546608       83.140366        276.7135        58.70344       43.723109       95.655243     0.058214486         0.1212282        0.51398272      0.18940849          0.762787       2.1752977   2.1008723e-09      0.28621093       0.8155085      0.79654621       146.40914       9.6660756       2810.0647       1409.5085       15.052839        12.646226         2.4066129        4250.005                 20.415056                 396.04584                           2382.1898                       11.41395               0.25069345              3.4151347                         6.0002474                                 13.849903             1409.5085       6.9158233
              2        2138.561       3.0449377      0.96906779       70.305013      0.02272525      0.11874297     0.056478649       1.0003459      0.99890192      0.99908275       65.639937      0.49815558       3.5915826       1.1711897       9.8480126        11.90015         18.25985       82.948356       272.96664       58.894356       44.330984       96.837309      0.12008689        0.13729925        0.47972504      0.17412715        0.73704311       2.1336452   2.1008723e-09      0.28621093       0.8155085      0.79654621       146.40914       9.6660756        2810.001       1409.5085       13.590327        11.202322         2.3880042       4249.9413                 20.415056                 396.04584                           2382.1261                       11.41395               0.25069345              3.4151347                         6.0002474                                 13.849903             1409.5085       6.9158233
              1       2138.5996       3.0449377      0.96906779       70.305013      0.02272525      0.11874297     0.056478649       1.0003459      0.99892114      0.99916187       65.853486      0.49962062       3.5361822       1.0925675       9.9215193       11.855323        18.239176       82.887538       274.95085       59.508119       44.538806       97.005767      0.11873271        0.13965244        0.49342927      0.17307871        0.71516447       2.1472253   2.1008723e-09      0.28621093       0.8155085      0.79654621       146.40914       9.6660756       2809.6799       1409.5085       13.789452        11.351902         2.4375495       4249.6202                 20.415056                 396.04584                            2381.805                       11.41395               0.25069345              3.4151347                         6.0002474                                 13.849903             1409.5085       6.9158233
              1       2138.8728       3.0449377      0.96906779       70.305013      0.02272525      0.11874297     0.056478649       1.0003459      0.99863408      0.99907653       64.969452      0.49595015       3.3704765       1.8193077       9.8858138       11.765347        18.004691       83.953921       284.02566        61.21629       44.781473       97.662746      0.14391761        0.14944092        0.43717861      0.18695554        0.68533833       2.2364374   2.1008723e-09      0.28621093       0.8155085      0.79654621       146.40914       9.6660756       2809.2189       1409.5085       14.293186        11.984823         2.3083632       4249.1593                 20.415056                 396.04584                           2381.3441                       11.41395               0.25069345              3.4151347                         6.0002474                                 13.849903             1409.5085       6.9158233
              2        2138.372       3.0449377      0.96906779       70.305013      0.02272525      0.11874297     0.056478649       1.0003459       0.9986368      0.99911145       64.875493      0.47301226       3.4039358       1.7949468       9.8800138       11.765272        17.879812       83.700506       286.55474       61.289457         44.2703       97.333195      0.13966336        0.12898638        0.43140826      0.18389467        0.66925319       2.2199705   2.1008723e-09      0.28621093       0.8155085      0.79654621       146.40914       9.6660756        2808.319       1409.5085       14.242304         11.94131          2.300994       4248.2594                 20.415056                 396.04584                           2380.4442                       11.41395               0.25069345              3.4151347                         6.0002474                                 13.849903             1409.5085       6.9158233
              1       2141.1275       3.0449377      0.96906779       70.305013      0.02272525      0.11874297     0.056478649       1.0002689       0.9987477      0.99901347       64.796997      0.53167469       3.5688499        2.393788       9.9153328       11.946713        18.073965       83.187592       293.32154       60.341835       43.493533       97.124836     0.069431447        0.14227498        0.42215282      0.14502714        0.68812648       2.3011645   2.1008723e-09      0.28621093       0.8155085      0.79654621       146.40914       9.6660756       2812.2282       1409.5085       15.043226        12.917399         2.1258265       4252.1686                 20.419884                  396.0451                           2384.3925                      11.370743               0.25069345              3.4151347                         6.0002474                                 13.849903             1409.5085       6.9158233
              1       2142.4436       3.0449377      0.96906779       70.305013      0.02272525      0.11874297     0.056478649       1.0002689      0.99887115      0.99891863       64.612084      0.54632827       3.5232219       2.1223259       9.8676956       11.963572        17.767312       82.986934       295.31681       60.402729       43.408345       97.819379     0.071660244         0.1722867        0.46298127         0.15198        0.69152941       2.2988564   2.1008723e-09      0.28621093       0.8155085      0.79654621       146.40914       9.6660756       2815.0407       1409.5085       14.953075        12.767224         2.1858512       4254.9811                 20.419884                  396.0451                            2387.205                      11.370743               0.25069345              3.4151347                         6.0002474                                 13.849903             1409.5085       6.9158233
              2       2141.5181       3.0449377      0.96906779       70.305013      0.02272525      0.11874297     0.056478649       1.0002689      0.99893532      0.99890203       64.636184        0.569829       3.5450281       2.2242499       9.9209569       12.024221        17.669381       82.985251       295.06621        60.92122       43.948433        98.02412     0.073955212        0.16326577        0.45478249      0.15361845        0.67550493       2.2900373   2.1008723e-09      0.28621093       0.8155085      0.79654621       146.40914       9.6660756        2814.258       1409.5085       14.418955        12.258522         2.1604325       4254.1984                 20.419884                  396.0451                           2386.4223                      11.370743               0.25069345              3.4151347                         6.0002474                                 13.849903             1409.5085       6.9158233
              2        2142.301       3.0449377      0.96906779       70.305013      0.02272525      0.11874297     0.056478649       1.0002689       0.9989981      0.99872891       64.855949      0.59156248       3.3093118       1.8724827       9.7836947       11.488821        17.413912        82.98227       296.78318        61.17179       43.853413       98.105663     0.069725435        0.14738286        0.39653259      0.13963233        0.71556784       2.2944911   2.1008723e-09      0.28621093       0.8155085      0.79654621       146.40914       9.6660756        2816.258       1409.5085       14.201811        11.881976         2.3198347       4256.1984                 20.419884                  396.0451                           2388.4223                      11.370743               0.25069345              3.4151347                         6.0002474                                 13.849903             1409.5085       6.9158233
              1       2141.7909       3.0449377      0.96906779       70.305013      0.02272525      0.11874297     0.056478649       1.0002689      0.99894579      0.99868315       64.800223      0.59731411       3.2546336       1.9157411       9.7271992       11.616065        17.286085       82.854412       297.40262       61.680715       43.804931       98.228192     0.084066916        0.14572904        0.40963426      0.14042661         0.7177223       2.3176986   2.1008723e-09      0.28621093       0.8155085      0.79654621       146.40914       9.6660756       2816.0769       1409.5085       13.782342        11.450936          2.331406       4256.0172                 20.419884                  396.0451                           2388.2411                      11.370743               0.25069345              3.4151347                         6.0002474                                 13.849903             1409.5085       6.9158233
              1       2142.6685       3.0449377      0.96906779       70.305013      0.02272525      0.11874297     0.056478649       1.0002689      0.99904964      0.99862385       65.377767      0.65679268       2.8232664       2.6279313       10.040071       11.681295        18.549805       82.534455       291.86296       61.630685       44.008551       97.347517     0.039944199        0.07446625        0.47118844       0.1304294        0.71811445       2.2825761   2.1008723e-09      0.28621093       0.8155085      0.79654621       146.40914       9.6660756        2812.984       1409.5085       16.206287        13.880665         2.3256221       4252.9243                 20.419884                  396.0451                           2385.1483                      11.370743               0.25069345              3.4151347                         6.0002474                                 13.849903             1409.5085       6.9158233
              1       2143.0401       3.0449377      0.96906779       70.305013      0.02272525      0.11874297     0.056478649      0.99997241      0.99904964      0.99862385       65.377767      0.65679268       2.8232664       2.6279313       10.040071       11.681295        18.549805       82.534455       291.86296       61.630685       44.008551       97.347517     0.039944199        0.07446625        0.47118844       0.1304294        0.71811445       2.2825761   2.1008723e-09      0.28621093       0.8155085      0.79654621       146.40914       9.6660756       2813.7388       1409.5085       16.200561        13.874939         2.3256221       4253.6791                 20.438685                  396.0451                           2386.0477                      11.207269               0.25069345              3.4151347                         6.0002474                                 13.849903             1409.5085       6.9158233
              1        2143.428       3.0449377      0.96906779       70.305013      0.02272525      0.11874297     0.056478649      0.99997241      0.99915345      0.99840945        65.29097      0.60393575       2.6406931       3.3802842        10.65372       11.663541        18.053951       82.561382       299.50547       60.472931       42.677298        97.45536     0.070654272        0.10970081        0.48640712      0.14044577        0.74985203       2.1514278   2.1008723e-09      0.28621093       0.8155085      0.79654621       146.40914       9.6660756       2819.8492       1409.5085       13.533227        11.316257         2.2169694       4259.7896                 20.438685                  396.0451                           2392.1582                      11.207269               0.25069345              3.4151347                         6.0002474                                 13.849903             1409.5085       6.9158233
              1       2138.6818       3.0449377      0.96906779       70.305013      0.02272525      0.11874297     0.056478649      0.99997241      0.99933308      0.99859791       64.819523      0.70199443       3.0543821       3.2595598       11.642559       11.962302        17.576081       82.442599       293.76334       59.639456       42.708658       96.427167      0.13458545        0.12240946        0.52749941       0.2008627        0.70216924        2.141815   2.1008723e-09      0.28621093       0.8155085      0.79654621       146.40914       9.6660756       2812.3935       1409.5085       12.514814        10.395499         2.1193158       4252.3339                 20.438685                  396.0451                           2384.7025                      11.207269               0.25069345              3.4151347                         6.0002474                                 13.849903             1409.5085       6.9158233
              2       2137.2709       3.0449377      0.96906779       70.305013      0.02272525      0.11874297     0.056478649      0.99997241       0.9994915      0.99873781       64.637079      0.74783459       2.8956592        3.119215       11.305276       11.242718        17.336418       81.687049       294.36123       59.165276       42.166483       96.442461      0.13413626        0.13578556        0.50117558      0.20707318        0.72694068       2.1813935   2.1008723e-09      0.28621093       0.8155085      0.79654621       146.40914       9.6660756       2810.4746       1409.5085       12.063403        9.8761544         2.1872487        4250.415                 20.438685                  396.0451                           2382.7836                      11.207269               0.25069345              3.4151347                         6.0002474                                 13.849903             1409.5085       6.9158233
              1       2137.1391       3.0449377      0.96906779       70.305013      0.02272525      0.11874297     0.056478649      0.99997241      0.99942395      0.99870961       64.724489       0.7482469       2.8280028       3.1496407       11.240738       11.244244        17.492808       81.703659       295.43898       58.785756       42.025255       96.441508      0.12043968        0.13523218        0.49374672      0.20889335          0.723941       2.1680931   2.1008723e-09      0.28621093       0.8155085      0.79654621       146.40914       9.6660756       2810.2569       1409.5085       12.040502        9.8378035         2.2026981       4250.1973                 20.438685                  396.0451                           2382.5659                      11.207269               0.25069345              3.4151347                         6.0002474                                 13.849903             1409.5085       6.9158233
              2       2137.7723       3.0449377      0.96906779       70.305013      0.02272525      0.11874297     0.056478649      0.99997241      0.99935594      0.99886547       64.673052      0.73063142       2.6922829       2.8985765       11.317846       11.266749        17.705417       81.169817       291.10312       58.752342       43.134289       96.847569      0.10436706        0.13862779        0.48724532      0.22718523        0.74066095       2.1483169   2.1008723e-09      0.28621093       0.8155085      0.79654621       146.40914       9.6660756       2809.9053       1409.5085       12.849467        10.539617           2.30985       4249.8457                 20.438685                  396.0451                           2382.2143                      11.207269               0.25069345              3.4151347                         6.0002474                                 13.849903             1409.5085       6.9158233
              6       2138.3274       3.0449377      0.96906779       70.305013      0.02272525      0.11874297     0.056478649      0.99997241      0.99935962      0.99878057       64.736039      0.69921983       2.7047816       2.8886733       11.314341       11.235616        17.618951       80.820543       289.92187       58.223411       42.868203       96.995854      0.10954836        0.15036264        0.50122217      0.24259824        0.74955235       2.1743478   2.1008723e-09      0.28621093       0.8155085      0.79654621       146.40914       9.6660756        2810.754       1409.5085       12.980277        10.672994         2.3072828       4250.6943                 20.438685                  396.0451                           2383.0629                      11.207269               0.25069345              3.4151347                         6.0002474                                 13.849903             1409.5085       6.9158233
              1       2138.2756       3.0449511      0.96907443       70.305013     0.022723588      0.11874765     0.056486165      0.99997241      0.99935962      0.99878057       64.736039      0.69921983       2.7047816       2.8886733       11.314341       11.235616        17.618951       80.820543       289.92187       58.223411       42.868203       96.995854      0.10954836        0.15036264        0.50122217      0.24259824        0.74955235       2.1743478   2.1009004e-09      0.28621703      0.81547708      0.79652401       146.40474       9.6533182       2810.6744       1409.5067       12.980277        10.672994         2.3072828       4250.5907                  20.42886                  396.0451                           2382.9948                      11.205637               0.25001863              3.4126759                         5.9906237                                 13.840489             1409.5067       6.9158233
              3       2139.8176       3.0449511      0.96907443       70.305013     0.022723588      0.11874765     0.056486165      0.99997241      0.99926504      0.99875183       65.028712      0.73870322       2.6476426       2.7913532        11.20452        11.47045        17.591055       81.828387       289.16345        60.63565       43.717435        97.93864      0.15034387        0.12402639        0.46050781      0.23683714        0.76443335       2.2720181   2.1009004e-09      0.28621703      0.81547708      0.79652401       146.40474       9.6533182       2813.6598       1409.5067         13.0295        10.672346         2.3571538       4253.5761                  20.42886                  396.0451                           2385.9802                      11.205637               0.25001863              3.4126759                         5.9906237                                 13.840489             1409.5067       6.9158233
              1        2139.985       3.0449511      0.96907443       70.305013     0.022723588      0.11874765     0.056486165       1.0003257      0.99930386      0.99869499        64.92984       0.7456151       2.6587223       2.8244086       11.113691       11.649465        17.535688       81.979136        288.7667       60.294246       43.877302       97.664093      0.15232074        0.12315088        0.45501532      0.26251303        0.76695679       2.2685336   2.1009004e-09      0.28621703      0.81547708      0.79652401       146.40474       9.6533182        2813.839       1409.5067       13.107353        10.764007         2.3433464       4253.7554                   20.4067                 396.04584                           2385.9856                      11.400912               0.25001863              3.4126759                         5.9906237                                 13.840489             1409.5067       6.9158233
              1       2140.1369       3.0449511      0.96907443       70.305013     0.022723588      0.11874765     0.056486165       1.0007095      0.99931172      0.99873201       64.965824      0.74490425       2.6219481        2.869793       10.998992       11.591278        17.486724       82.007775       287.48002       60.548301       43.746264       97.080794      0.15595043        0.12196329        0.44628283      0.25847947        0.76408923       2.2633496   2.1009004e-09      0.28621703      0.81547708      0.79652401       146.40474       9.6533182       2814.1635       1409.5067       13.097039        10.750062         2.3469766       4254.0798                 20.383085                 396.04605                           2386.1134                      11.620945               0.25001863              3.4126759                         5.9906237                                 13.840489             1409.5067       6.9158233
              1       2139.5256       3.0449511      0.96907443       70.305013     0.022723588      0.11874765     0.056486165       1.0002046      0.99928942      0.99876298       64.955599      0.74291889       2.6131391       2.9141737       10.973125       11.561431        17.450648       81.989639       288.05785       60.601695       43.688906       97.038837      0.15636588        0.12765952        0.44674682       0.2588019        0.76099333       2.2558789   2.1009004e-09      0.28621703      0.81547708      0.79652401       146.40474       9.6533182       2812.9856       1409.5067        13.07461        10.735777         2.3388331        4252.902                 20.414245                 396.04584                           2385.1923                      11.333223               0.25001863              3.4126759                         5.9906237                                 13.840489             1409.5067       6.9158233
              1       2139.7514       3.0449511      0.96907443       70.305013     0.022723588      0.11874765     0.056486165       1.0002046      0.99927849      0.99877653        64.94763         0.73888       2.6189098       2.8992496       10.987613       11.563903        17.516505       81.993902       288.02121        60.51389       43.745054        97.21031      0.15943165        0.12691714        0.45304773      0.26095322         0.7566692         2.25609   2.1009004e-09      0.28621703      0.81547708      0.79652401       146.40474       9.6533182       2813.2847       1409.5067       13.150893        10.810538         2.3403556       4253.2011                 20.414245                 396.04584                           2385.4914                      11.333223               0.25001863              3.4126759                         5.9906237                                 13.840489             1409.5067       6.9158233
              2       2141.3773       3.0449511      0.96907443       70.305013     0.022723588      0.11874765     0.056486165       1.0002046      0.99944204      0.99901641       65.254075      0.73021536       2.6414728       2.7421492       10.830093       10.973081        18.055125       81.862533       276.37723       62.187925       43.523998       97.803028      0.14376713        0.14876788        0.39506377      0.27492314        0.71371024       2.4140965   2.1009004e-09      0.28621703      0.81547708      0.79652401       146.40474       9.6533182       2815.8526       1409.5067       13.492895        11.119318         2.3735766       4255.7689                 20.414245                 396.04584                           2388.0593                      11.333223               0.25001863              3.4126759                         5.9906237                                 13.840489             1409.5067       6.9158233
              3        2141.582       3.0449511      0.96907443       70.305013     0.022723588      0.11874765     0.056486165       1.0002046      0.99944956       0.9989845        65.31814      0.72683655       2.5890818       2.7773941       10.862306       10.891529        18.033309       81.934504       276.55658       62.238299       43.574548       97.869015      0.14264147        0.14511249        0.39455531      0.27298099        0.71010052       2.4058214   2.1009004e-09      0.28621703      0.81547708      0.79652401       146.40474       9.6533182       2816.5794       1409.5067       13.334135        10.946763         2.3873723       4256.4957                 20.414245                 396.04584                           2388.7861                      11.333223               0.25001863              3.4126759                         5.9906237                                 13.840489             1409.5067       6.9158233
              1          2146.1       3.0449511      0.96907443       70.305013     0.022723588      0.11874765     0.056486165       1.0002046       0.9996972      0.99882546       64.323467      0.73821922       2.7301908       2.7283578       10.682691        10.80244        18.014038       81.406188       279.56993       63.405014        42.45906       97.233963      0.14130247        0.23477208        0.38541609      0.27619071        0.73006165       2.4189675   2.1009004e-09      0.28621703      0.81547708      0.79652401       146.40474       9.6533182       2818.4581       1409.5067       16.912771         14.57433         2.3384413       4258.3744                 20.414245                 396.04584                           2390.6647                      11.333223               0.25001863              3.4126759                         5.9906237                                 13.840489             1409.5067       6.9158233
              1       2146.1074       3.0449511      0.96907443       70.305013     0.022723588      0.11874765     0.056486165       1.0002046      0.99974371      0.99913253       62.127325      0.73756843       2.9337912        1.707708       10.360496       12.243368        19.088618       82.410859       299.53415       63.504179       45.022101       99.865561      0.16696436        0.20279035        0.41736552      0.22948123        0.62539721       2.4799077   2.1009004e-09      0.28621703      0.81547708      0.79652401       146.40474       9.6533182       2821.0679       1409.5067       15.615295        13.064466         2.5508289       4260.9842                 20.414245                 396.04584                           2393.2746                      11.333223               0.25001863              3.4126759                         5.9906237                                 13.840489             1409.5067       6.9158233
              2       2147.7729       3.0449511      0.96907443       70.305013     0.022723588      0.11874765     0.056486165       1.0002046      0.99989666      0.99941431       61.936684      0.79111743       2.7080009       1.9700877        10.31834       12.377798        17.873914       82.176403       297.53445       62.546644       44.795179       100.59396      0.14428247        0.20859773        0.34057323       0.2080531        0.59153517        2.493315   2.1009004e-09      0.28621703      0.81547708      0.79652401       146.40474       9.6533182       2820.4859       1409.5067       17.571785        14.986372         2.5854129       4260.4023                 20.414245                 396.04584                           2392.6926                      11.333223               0.25001863              3.4126759                         5.9906237                                 13.840489             1409.5067       6.9158233
              1       2148.1735       3.0449511      0.96907443       70.305013     0.022723588      0.11874765     0.056486165       1.0002046       1.0000051      0.99926312       61.699394      0.81762481       2.7615798       2.4602564       11.074907       12.071715        17.485734       83.442788        298.4057        62.48652         45.1264       102.60033      0.19502182        0.22335812        0.36530182       0.2128708         0.6293447       2.4717624   2.1009004e-09      0.28621703      0.81547708      0.79652401       146.40474       9.6533182       2819.3736       1409.5067       18.528579        16.129318         2.3992604       4259.2899                 20.414245                 396.04584                           2391.5803                      11.333223               0.25001863              3.4126759                         5.9906237                                 13.840489             1409.5067       6.9158233
              1       2143.9332       3.0449511      0.96907443       70.305013     0.022723588      0.11874765     0.056486165       1.0002046      0.99997653      0.99921159        61.47321      0.82046374       2.7419141       2.7585864       11.269301        12.19229        17.898642       83.062362       295.12733       61.810613       45.893329       103.15719      0.19606407        0.19978707        0.36226514      0.24311997        0.64964845       2.4406806   2.1009004e-09      0.28621703      0.81547708      0.79652401       146.40474       9.6533182       2813.9495       1409.5067       17.000282        14.674788         2.3254936       4253.8659                 20.414245                 396.04584                           2386.1562                      11.333223               0.25001863              3.4126759                         5.9906237                                 13.840489             1409.5067       6.9158233
              1       2141.3613       3.0449511      0.96907443       70.305013     0.022723588      0.11874765     0.056486165       1.0002046      0.99968858      0.99933514       60.478445      0.80976299       2.5952356       3.0951885       11.400339       12.237731        17.786202       83.716269       303.33732        63.73771       46.298783       103.65257      0.15504798        0.15222253        0.40248571      0.22011108        0.60841177       2.4966568   2.1009004e-09      0.28621703      0.81547708      0.79652401       146.40474       9.6533182       2813.1651       1409.5067        14.82057         12.52116         2.2994098       4253.0814                 20.414245                 396.04584                           2385.3718                      11.333223               0.25001863              3.4126759                         5.9906237                                 13.840489             1409.5067       6.9158233
              1       2141.0885       3.0449511      0.96907443       70.305013     0.022723588      0.11874765     0.056486165       1.0002046       0.9996803      0.99929513       60.554865      0.80683172       2.5969334       3.0681197       11.382518       12.235671        17.863589       83.646819       302.69327       64.066226       46.261931       103.60422      0.14540399        0.14992501        0.40539614      0.22556515        0.60969367       2.4955911   2.1009004e-09      0.28621703      0.81547708      0.79652401       146.40474       9.6533182       2813.1978       1409.5067       14.531394        12.225856         2.3055374       4253.1141                 20.414245                 396.04584                           2385.4045                      11.333223               0.25001863              3.4126759                         5.9906237                                 13.840489             1409.5067       6.9158233
              1       2141.0179       3.0449511      0.96907443       70.305013     0.022723588      0.11874765     0.056486165       1.0002046      0.99953251      0.99938196       60.811415      0.79769075       2.7409756        3.243666       11.366495       12.209624        17.834968       84.134464       301.18004       64.062213       46.654636       103.20947      0.14252773        0.16412162        0.41984025      0.22001339        0.62111239       2.4550928   2.1009004e-09      0.28621703      0.81547708      0.79652401       146.40474       9.6533182       2812.4303       1409.5067       14.844552        12.632568         2.2119837       4252.3467                 20.414245                 396.04584                            2384.637                      11.333223               0.25001863              3.4126759                         5.9906237                                 13.840489             1409.5067       6.9158233
              2       2141.2389       3.0449511      0.96907443       70.305013     0.022723588      0.11874765     0.056486165       1.0002046      0.99995961      0.99952182        59.97908      0.78282391       2.4030597       3.3284203       10.427393       10.942058        17.470262       85.355699       285.82346       62.848707       45.444703       104.16283      0.10068081        0.11548303         0.6286691       0.2618651        0.66197213       2.4733971   2.1009004e-09      0.28621703      0.81547708      0.79652401       146.40474       9.6533182       2811.1036       1409.5067       15.728879         13.41058         2.3182986         4251.02                 20.414245                 396.04584                           2383.3103                      11.333223               0.25001863              3.4126759                         5.9906237                                 13.840489             1409.5067       6.9158233
              2       2141.3685       3.0449511      0.96907443       70.305013     0.022723588      0.11874765     0.056486165       1.0002046      0.99974222      0.99961039        59.67643      0.75506283       2.8253707       3.1888095        9.607595       11.248509        18.231952       85.667727       287.37561       63.599353       45.831291       102.81846      0.16510324        0.16071103        0.65638934      0.22684941        0.69227772        2.492477   2.1009004e-09      0.28621703      0.81547708      0.79652401       146.40474       9.6533182       2809.8009       1409.5067       16.509853        14.314178         2.1956752       4249.7172                 20.414245                 396.04584                           2382.0076                      11.333223               0.25001863              3.4126759                         5.9906237                                 13.840489             1409.5067       6.9158233
              3       2140.6392       3.0449511      0.96907443       70.305013     0.022723588      0.11874765     0.056486165       1.0002046      0.99961053      0.99960439       59.734697      0.74544669       2.8171254       3.2831141       9.5572417       11.097297        18.217323       86.086302       285.82308       62.814913       45.613578         102.793      0.15364027        0.15907933        0.67108879      0.23208648        0.70389518       2.4637566   2.1009004e-09      0.28621703      0.81547708      0.79652401       146.40474       9.6533182       2807.9704       1409.5067       16.695785        14.515882          2.179903       4247.8868                 20.414245                 396.04584                           2380.1771                      11.333223               0.25001863              3.4126759                         5.9906237                                 13.840489             1409.5067       6.9158233
              2       2141.1141       3.0449511      0.96907443       70.305013     0.022723588      0.11874765     0.056486165      0.99957474      0.99959275      0.99961604        59.68407      0.75158184       2.8224795       3.2349873       9.5503559       11.117612        18.167077        86.30673       285.27261       62.913169       45.781306        102.7325      0.15329859        0.16328583        0.67591591      0.22905075        0.70729091        2.456417   2.1009004e-09      0.28621703      0.81547708      0.79652401       146.40474       9.6533182       2808.3434       1409.5067       16.984208        14.796704         2.1875042       4248.2597                 20.454296                 396.04605                           2380.8489                      10.994125               0.25001863              3.4126759                         5.9906237                                 13.840489             1409.5067       6.9158233
              1       2139.9846       3.0449511      0.96907443       70.305013     0.022723588      0.11874765     0.056486165      0.99957474      0.99958669      0.99952679         59.9747      0.72113508       2.7580873       2.9342658        9.577413       11.058895        17.576147       86.862572       293.36549        62.68905       45.993222       102.01825      0.13480185        0.17490598        0.64717882      0.23254344        0.67180372       2.4554015   2.1009004e-09      0.28621703      0.81547708      0.79652401       146.40474       9.6533182       2807.4523       1409.5067       16.300263        14.025238         2.2750244       4247.3686                 20.454296                 396.04605                           2379.9578                      10.994125               0.25001863              3.4126759                         5.9906237                                 13.840489             1409.5067       6.9158233
              4       2139.0062       3.0449511      0.96907443       70.305013     0.022723588      0.11874765     0.056486165      0.99979567       0.9995588      0.99955905       59.811105      0.71696933       2.7052866        2.914237       9.6216463       11.086209        17.536301       87.037324       291.08788       61.887939       45.833953       102.13771      0.12110427        0.16669718        0.64433313      0.23340173        0.66537496       2.4477003   2.1009004e-09      0.28621703      0.81547708      0.79652401       146.40474       9.6533182       2805.7366       1409.5067       16.179749        13.879119         2.3006299        4245.653                 20.440106                 396.03976                           2378.1462                      11.110542               0.25001863              3.4126759                         5.9906237                                 13.840489             1409.5067       6.9158233
              1       2139.0442       3.0449511      0.96907443       70.305013     0.022723588      0.11874765     0.056486165      0.99979567      0.99960512      0.99954443       59.765505      0.73274364       2.6979276       2.9865108       9.5683764       11.162531        17.504716       87.279267       289.53736         61.5056       45.851377       102.08408      0.11667142        0.16855238        0.64209064      0.22708304        0.66367936       2.4321241   2.1009004e-09      0.28621703      0.81547708      0.79652401       146.40474       9.6533182       2806.1078       1409.5067       16.032149         13.74649         2.2856593       4246.0242                 20.440106                 396.03976                           2378.5174                      11.110542               0.25001863              3.4126759                         5.9906237                                 13.840489             1409.5067       6.9158233
              1       2138.8928       3.0449511      0.96907443       70.305013     0.022723588      0.11874765     0.056486165       1.0000272      0.99960512      0.99954443       59.765505      0.73274364       2.6979276       2.9865108       9.5683764       11.162531        17.504716       87.279267       289.53736         61.5056       45.851377       102.08408      0.11667142        0.16855238        0.64209064      0.22708304        0.66367936       2.4321241   2.1009004e-09      0.28621703      0.81547708      0.79652401       146.40474       9.6533182       2805.8116       1409.5067       16.028868        13.743209         2.2856593       4245.7279                 20.425398                  396.0451                           2378.1056                      11.235444               0.25001863              3.4126759                         5.9906237                                 13.840489             1409.5067       6.9158233
              1       2138.3387       3.0449511      0.96907443       70.305013     0.022723588      0.11874765     0.056486165       1.0000272      0.99962016      0.99956194       59.874292      0.75153644       2.6310064       2.7832907       9.5310157       11.116745        18.068323       87.181457       288.38765       61.777823       45.428472       102.25153      0.12091751         0.1674506        0.62965537      0.23512701        0.67256631       2.3929585   2.1009004e-09      0.28621703      0.81547708      0.79652401       146.40474       9.6533182       2805.3287       1409.5067       15.716139        13.349392         2.3667478        4245.245                 20.425398                  396.0451                           2377.6228                      11.235444               0.25001863              3.4126759                         5.9906237                                 13.840489             1409.5067       6.9158233
              1       2138.3649       3.0449511      0.96907443       70.305013     0.022723588      0.11874765     0.056486165       1.0000272      0.99970415      0.99973878       59.754882      0.76503999       2.6884347        2.650941       10.121617        11.05651        17.325298       87.082688       293.99576        62.18219       45.773045       101.57668      0.12478045        0.13067708        0.63476321      0.22094398        0.69053156       2.4048995   2.1009004e-09      0.28621703      0.81547708      0.79652401       146.40474       9.6533182       2804.7447       1409.5067       16.034341         13.65623         2.3781108       4244.6611                 20.425398                  396.0451                           2377.0388                      11.235444               0.25001863              3.4126759                         5.9906237                                 13.840489             1409.5067       6.9158233
              2       2140.8517       3.0449511      0.96907443       70.305013     0.022723588      0.11874765     0.056486165       1.0000272      0.99963371        0.999684       59.847341      0.71363245       2.5530751       2.7492554       10.188958        10.84135        17.402538       86.967121       301.40809        61.42842       46.062403       100.28586      0.10032482        0.14029076        0.65785252      0.29742392        0.68102384        2.374547   2.1009004e-09      0.28621703      0.81547708      0.79652401       146.40474       9.6533182       2806.8406       1409.5067       17.473235        15.060872          2.412363       4246.7569                 20.425398                  396.0451                           2379.1346                      11.235444               0.25001863              3.4126759                         5.9906237                                 13.840489             1409.5067       6.9158233
              1       2139.9314       3.0449511      0.96907443       70.305013     0.022723588      0.11874765     0.056486165       1.0000272      0.99950351      0.99980307       59.355594      0.69333307       2.7071319       3.0771426       9.9900446       11.240492        17.013129       87.024629         312.375       61.848113       44.825447       100.93203      0.08575944         0.1660808        0.60965652      0.30134191        0.74530456       2.2224163   2.1009004e-09      0.28621703      0.81547708      0.79652401       146.40474       9.6533182       2804.4107       1409.5067       17.767895        15.507336          2.260559        4244.327                 20.425398                  396.0451                           2376.7047                      11.235444               0.25001863              3.4126759                         5.9906237                                 13.840489             1409.5067       6.9158233
              1       2139.9338       3.0449511      0.96907443       70.305013     0.022723588      0.11874765     0.056486165       1.0000272      0.99945601      0.99979006       59.506859      0.65922625       2.7962608       3.3330589       9.9460953        11.32984        16.704634       86.802251       309.29153       61.233284       45.134336       100.93871     0.084336672        0.15236122        0.60780542      0.28901675        0.76997378       2.2596522   2.1009004e-09      0.28621703      0.81547708      0.79652401       146.40474       9.6533182       2805.0322       1409.5067       17.459507        15.282734         2.1767726       4244.9486                 20.425398                  396.0451                           2377.3263                      11.235444               0.25001863              3.4126759                         5.9906237                                 13.840489             1409.5067       6.9158233
              1       2139.7249       3.0449511      0.96907443       70.305013     0.022723588      0.11874765     0.056486165       1.0000272      0.99946384      0.99978089       59.486676      0.65698212       2.7782246       3.3370988       9.9721566       11.325738        16.677487       86.747123       309.24184       61.175914       45.124837       100.94799     0.087901463        0.15323506        0.60603929      0.28694271        0.76731823        2.254583   2.1009004e-09      0.28621703      0.81547708      0.79652401       146.40474       9.6533182       2805.0193       1409.5067       17.257017        15.075542         2.1814751       4244.9357                 20.425398                  396.0451                           2377.3134                      11.235444               0.25001863              3.4126759                         5.9906237                                 13.840489             1409.5067       6.9158233
              2       2139.7349       3.0449511      0.96907443       70.305013     0.022723588      0.11874765     0.056486165       1.0000154      0.99946384      0.99978089       59.486676      0.65698212       2.7782246       3.3370988       9.9721566       11.325738        16.677487       86.747123       309.24184       61.175914       45.124837       100.94799     0.087901463        0.15323506        0.60603929      0.28694271        0.76731823        2.254583   2.1009004e-09      0.28621703      0.81547708      0.79652401       146.40474       9.6533182       2805.0395       1409.5067       17.256977        15.075502         2.1814751       4244.9558                 20.426142                  396.0451                           2377.3392                      11.229016               0.25001863              3.4126759                         5.9906237                                 13.840489             1409.5067       6.9158233
              3       2139.3132       3.0449511      0.96907443       70.305013     0.022723588      0.11874765     0.056486165       1.0000154      0.99945254      0.99979354       59.422435      0.63505047       2.7332604       3.3729118       9.8217318       11.324038        16.733495       86.957901        307.0386       61.332068       45.029476       101.19634     0.096638075        0.15316517         0.5856577      0.27942205        0.76889153       2.2507076   2.1009004e-09      0.28621703      0.81547708      0.79652401       146.40474       9.6533182       2805.4169       1409.5067        16.64659        14.458146         2.1884433       4245.3332                 20.426142                  396.0451                           2377.7166                      11.229016               0.25001863              3.4126759                         5.9906237                                 13.840489             1409.5067       6.9158233
              1       2138.6086       3.0449511      0.96907443       70.305013     0.022723588      0.11874765     0.056486165       1.0000154      0.99947126      0.99958499        59.61622       0.5818359       2.7011826       3.4515605       9.6276698       11.003421        17.057485       87.085665       305.68069       61.108814       44.704047       101.84528      0.11267568        0.15379299        0.57713838      0.27911858        0.74504285       2.3377417   2.1009004e-09      0.28621703      0.81547708      0.79652401       146.40474       9.6533182       2806.8384       1409.5067       15.231215        13.048055           2.18316       4246.7547                 20.426142                  396.0451                           2379.1382                      11.229016               0.25001863              3.4126759                         5.9906237                                 13.840489             1409.5067       6.9158233
              1       2138.8928       3.0449511      0.96907443       70.305013     0.022723588      0.11874765     0.056486165       1.0000154      0.99952807      0.99956539       59.663931      0.56970451       2.7412992       3.3129229       9.2730972       11.187618        17.408509       86.816761       303.88405       61.153344        45.26296       101.83724     0.087647753        0.14193847        0.57989044      0.26098716        0.72570585       2.2948734   2.1009004e-09      0.28621703      0.81547708      0.79652401       146.40474       9.6533182       2808.0093       1409.5067       14.929927        12.732176         2.1977505       4247.9257                 20.426142                  396.0451                           2380.3091                      11.229016               0.25001863              3.4126759                         5.9906237                                 13.840489             1409.5067       6.9158233
              2       2138.9338       3.0449511      0.96907443       70.305013     0.022723588      0.11874765     0.056486165       1.0000154      0.99947161      0.99952443       59.570695      0.56351083       2.6845366       3.0599932       9.2063896       11.179016        17.506034       86.639697        304.9882       61.430811       45.042312       101.69206      0.10413537        0.13522143        0.57832696      0.26159567        0.73859367       2.2732643   2.1009004e-09      0.28621703      0.81547708      0.79652401       146.40474       9.6533182       2808.7818       1409.5067       14.584754        12.311651         2.2731033       4248.6981                 20.426142                  396.0451                           2381.0815                      11.229016               0.25001863              3.4126759                         5.9906237                                 13.840489             1409.5067       6.9158233
              2       2136.9922       3.0449511      0.96907443       70.158073     0.022723588      0.11874765     0.056486165       1.0000154      0.99940447       0.9995012       59.289275      0.55765588       2.7173313       2.9599097       9.2432606       11.269191        17.284336       86.708483       302.51041       61.895581       44.688847       102.14554     0.086297821        0.14672198        0.57958015      0.27818605        0.71419033       2.2568336   2.1009004e-09      0.28741721      0.81517781      0.79789934       146.40944       8.9113864        2804.432       1409.1505       15.198564        12.913989         2.2845755       4243.5872                 20.424252                 396.03976                           2377.0822                      10.885786               0.20776152              3.2543968                         5.4492281                                 13.414385             1409.1505       7.6789057
              1       2138.0253       3.0449511      0.96907443       70.158073     0.022723588      0.11874765     0.056486165       1.0000154      0.99921548      0.99957641       59.054619       0.5724639       2.6278708       2.7495009       8.9365275       11.539883        17.044799       86.482753        305.5874       61.585166       44.383713       102.64864      0.10977729        0.13097601        0.57943465      0.30416579        0.68279282       2.2924029   2.1009004e-09      0.28741721      0.81517781      0.79789934       146.40944       8.9113864       2805.2241       1409.1505       15.835715        13.458073         2.3776418       4244.3793                 20.424252                 396.03976                           2377.8743                      10.885786               0.20776152              3.2543968                         5.4492281                                 13.414385             1409.1505       7.6789057
              1       2137.9697       3.0449511      0.96907443       70.158073     0.022723588      0.11874765     0.056486165       1.0006657      0.99921548      0.99957641       59.054619       0.5724639       2.6278708       2.7495009       8.9365275       11.539883        17.044799       86.482753        305.5874       61.585166       44.383713       102.64864      0.10977729        0.13097601        0.57943465      0.30416579        0.68279282       2.2924029   2.1009004e-09      0.28741721      0.81517781      0.79789934       146.40944       8.9113864        2805.042       1409.1505       15.871144        13.493502         2.3776418       4244.1972                 20.384061                 396.05716                           2377.3719                      11.228863               0.20776152              3.2543968                         5.4492281                                 13.414385             1409.1505       7.6789057
              1       2138.4319       3.0449511      0.96907443       70.158073     0.022723588      0.11874765     0.056486165       1.0006657      0.99911969       0.9994789       59.460674        0.543325       2.5085659       2.9024135       9.0765465       11.663133        16.980666       86.097762       308.54281       61.801483       44.328349        102.9151      0.10951345        0.12489519         0.5707624      0.29935846         0.6848381        2.303594   2.1009004e-09      0.28741721      0.81517781      0.79789934       146.40944       8.9113864       2806.4827       1409.1505       15.612887        13.224422         2.3884642        4245.638                 20.384061                 396.05716                           2378.8127                      11.228863               0.20776152              3.2543968                         5.4492281                                 13.414385             1409.1505       7.6789057
              2        2138.647       3.0449511      0.96907443       70.158073     0.022723588      0.11874765     0.056486165       1.0006657      0.99910756      0.99947593       59.456281      0.53480965       2.5365892       2.7318682       9.2004664        11.77166        16.895043       86.253342       309.36632       61.815037       44.207008       102.77729      0.11744226        0.12299336        0.58062643      0.30287294        0.69284637       2.2710699   2.1009004e-09      0.28741721      0.81517781      0.79789934       146.40944       8.9113864       2806.5017       1409.1505       15.818473         13.39304         2.4254326        4245.657                 20.384061                 396.05716                           2378.8317                      11.228863               0.20776152              3.2543968                         5.4492281                                 13.414385             1409.1505       7.6789057
              1       2137.6642       3.0449511      0.96907443       70.158073     0.022723588      0.11874765     0.056486165       1.0006657      0.99907295       0.9996841       59.393175      0.64370749       2.7415835       2.0028048       9.4745786       12.327741        17.975731       86.548497       284.95895        58.59916       43.188049        101.7557     0.097965815        0.14456682        0.62832415      0.25544531        0.70401222       2.3289876   2.1009004e-09      0.28741721      0.81517781      0.79789934       146.40944       8.9113864       2801.1314       1409.1505       17.520923        14.965805         2.5551183       4240.2866                 20.384061                 396.05716                           2373.4613                      11.228863               0.20776152              3.2543968                         5.4492281                                 13.414385             1409.1505       7.6789057
              1       2141.7625       3.0449511      0.96907443       70.158073     0.022723588      0.11874765     0.056486165       1.0006657      0.99942558      0.99961131       59.934622      0.66849678       2.8312974       1.4829313       9.2292058       12.314456        18.046152       86.656215       291.32586        59.01153       43.410211       101.09719      0.13344957        0.19202324        0.72596149      0.29527217        0.72891268        2.164693   2.1009004e-09      0.28741721      0.81517781      0.79789934       146.40944       8.9113864       2802.7588       1409.1505       20.805513        18.112456         2.6930574       4241.9141                 20.384061                 396.05716                           2375.0888                      11.228863               0.20776152              3.2543968                         5.4492281                                 13.414385             1409.1505       7.6789057
              1       2140.1138       3.0449511      0.96907443       70.158073     0.022723588      0.11874765     0.056486165      0.99948537      0.99942558      0.99961131       59.934622      0.66849678       2.8312974       1.4829313       9.2292058       12.314456        18.046152       86.656215       291.32586        59.01153       43.410211       101.09719      0.13344957        0.19202324        0.72596149      0.29527217        0.72891268        2.164693   2.1009004e-09      0.28741721      0.81517781      0.79789934       146.40944       8.9113864       2799.4898       1409.1505       20.791252        18.098195         2.6930574        4238.645                 20.458027                 396.04604                           2372.3621                      10.623646               0.20776152              3.2543968                         5.4492281                                 13.414385             1409.1505       7.6789057
              1        2139.678       3.0449511      0.96907443       70.158073     0.022723588      0.11874765     0.056486165      0.99948537      0.99933719      0.99932861       60.672727      0.71450074       2.8568914       1.2181543       9.8310323       13.545508        18.925565       86.409312       294.00853       60.670613       43.963392       100.84781       0.1759658        0.13663275        0.61551013      0.26801449        0.76872479        2.004579   2.1009004e-09      0.28741721      0.81517781      0.79789934       146.40944       8.9113864       2806.3039       1409.1505       16.948476        14.165916         2.7825608       4245.4591                 20.458027                 396.04604                           2379.1762                      10.623646               0.20776152              3.2543968                         5.4492281                                 13.414385             1409.1505       7.6789057
              1       2140.5475       3.0449511      0.96907443       70.158073     0.022723588      0.11874765     0.056486165      0.99948537      0.99930037      0.99944093       60.005087      0.74438886       2.8300304       1.3290903       9.6688911       13.702423        19.041055       86.617264       297.01418       60.970929       45.060942       100.45017      0.17558152        0.13879119        0.62381141      0.26253868        0.79071439       2.0110738   2.1009004e-09      0.28741721      0.81517781      0.79789934       146.40944       8.9113864        2806.432       1409.1505       17.753846        14.999049         2.7547973       4245.5872                 20.458027                 396.04604                           2379.3043                      10.623646               0.20776152              3.2543968                         5.4492281                                 13.414385             1409.1505       7.6789057
              1       2140.9614       3.0449511      0.96907443       70.158073     0.022723588      0.11874765     0.056486165      0.99948537       0.9993533      0.99948666       60.072295      0.76403175       2.9966986       1.5519707       9.5354807       13.435849        19.117502       86.431581       296.95501       61.092956       44.930122       100.37454      0.17248236        0.11675111        0.61895926      0.24352774        0.79276742       1.9784644   2.1009004e-09      0.28741721      0.81517781      0.79789934       146.40944       8.9113864       2808.5501       1409.1505       17.108731        14.538771         2.5699605       4247.7053                 20.458027                 396.04604                           2381.4224                      10.623646               0.20776152              3.2543968                         5.4492281                                 13.414385             1409.1505       7.6789057
              1       2144.4368       3.0449511      0.96907443       70.158073     0.022723588      0.11874765     0.056486165      0.99948537      0.99955866      0.99979304       60.757852      0.71814458       2.9295541       2.0733422       9.2226602       13.756013        17.691997       85.255799       292.35066        62.30291       45.478955       101.81076      0.15885898        0.18170878        0.63934391      0.24096393        0.76030597       1.9293703   2.1009004e-09      0.28741721      0.81517781      0.79789934       146.40944       8.9113864       2812.0013       1409.1505       18.858596        16.424148         2.4344483       4251.1565                 20.458027                 396.04604                           2384.8736                      10.623646               0.20776152              3.2543968                         5.4492281                                 13.414385             1409.1505       7.6789057
              1       2142.9629       3.0449511      0.96907443       70.158073     0.022723588      0.11874765     0.056486165      0.99948537      0.99949709      0.99959006       60.845061       0.7149696       2.7486491       2.1159272       9.2709395       13.686746         17.79915       85.249219       291.93236       62.537066       45.881719       103.01831      0.13574644        0.17024787        0.63384672      0.22946347        0.76850541       1.9314392   2.1009004e-09      0.28741721      0.81517781      0.79789934       146.40944       8.9113864        2811.895       1409.1505       17.437791        14.924818         2.5129728       4251.0502                 20.458027                 396.04604                           2384.7673                      10.623646               0.20776152              3.2543968                         5.4492281                                 13.414385             1409.1505       7.6789057
              1       2141.4933       3.0449511      0.96907443       70.158073     0.022723588      0.11874765     0.056486165       1.0006867      0.99949709      0.99959006       60.845061       0.7149696       2.7486491       2.1159272       9.2709395       13.686746         17.79915       85.249219       291.93236       62.537066       45.881719       103.01831      0.13574644        0.17024787        0.63384672      0.22946347        0.76850541       1.9314392   2.1009004e-09      0.28741721      0.81517781      0.79789934       146.40944       8.9113864       2808.9228       1409.1505       17.454323        14.941351         2.5129728        4248.078                 20.382786                 396.05716                           2381.2426                      11.240335               0.20776152              3.2543968                         5.4492281                                 13.414385             1409.1505       7.6789057
              3       2141.4622       3.0449511      0.96907443       70.158073     0.022723588      0.11874765     0.056486165       1.0001016      0.99950086      0.99958844       60.841791       0.7138935       2.7496442       2.1180549       9.2690142       13.671085        17.800253       85.274044       291.83512       62.493226       45.866719       103.02492      0.13465991        0.17031953        0.63590389      0.22901503        0.76635839       1.9325419   2.1009004e-09      0.28741721      0.81517781      0.79789934       146.40944       8.9113864       2808.9432       1409.1505       17.412997        14.901258         2.5117392       4248.0984                 20.418844                 396.03976                           2381.5547                      10.929909               0.20776152              3.2543968                         5.4492281                                 13.414385             1409.1505       7.6789057
              2       2141.0828       3.0449511      0.96907443       70.158073     0.022723588      0.11874765     0.056486165       1.0001016      0.99949632      0.99968096       60.753948      0.68710168         2.66495       1.9146084       9.1992527       13.919562        17.405448        85.85046       293.52356        62.94391       45.793387       102.80154     0.097743527        0.13812567        0.59825522       0.2644367        0.71048298       2.0422651   2.1009004e-09      0.28741721      0.81517781      0.79789934       146.40944       8.9113864       2808.9929       1409.1505       17.008703        14.378254         2.6304494       4248.1482                 20.418844                 396.03976                           2381.6044                      10.929909               0.20776152              3.2543968                         5.4492281                                 13.414385             1409.1505       7.6789057
              1       2140.8683       3.0449511      0.96907443       70.158073     0.022723588      0.11874765     0.056486165       1.0001016       0.9996634      0.99967615        60.73856      0.68397508       2.6828096       1.8770682       9.4555804       13.879214        17.721206       86.051094       295.34463       61.955089       45.640013       102.24904     0.084466382        0.10544507        0.59236947      0.27702766        0.70345087       2.0791585   2.1009004e-09      0.28741721      0.81517781      0.79789934       146.40944       8.9113864       2807.9342       1409.1505       17.323588        14.689826         2.6337623       4247.0894                 20.418844                 396.03976                           2380.5457                      10.929909               0.20776152              3.2543968                         5.4492281                                 13.414385             1409.1505       7.6789057
              1       2141.4099       3.0449511      0.96907443       70.158073     0.022723588      0.11874765     0.056486165       1.0001016      0.99956247      0.99962184        61.43863      0.61012781       2.7561095       1.7736126         9.50424       13.445938        18.486504       82.955447       305.46262       60.629908       43.387703        102.3623     0.074249699        0.17019094        0.57573968      0.31422241        0.64159555       1.9419045   2.1009004e-09      0.28741721      0.81517781      0.79789934       146.40944       8.9113864         2807.51       1409.1505       18.077305        15.448648         2.6286573       4246.6653                 20.418844                 396.03976                           2380.1215                      10.929909               0.20776152              3.2543968                         5.4492281                                 13.414385             1409.1505       7.6789057
              4       2141.3275       3.0449511      0.96907443       70.158073     0.022723588      0.11874765     0.056486165       1.0001016      0.99952889      0.99961206        61.19092      0.64458584       2.6914508        2.009874        9.622334       13.321398        18.240943       82.857973       303.91743       60.628525       43.204373       101.97317     0.088084455         0.1844052        0.54702365      0.33375421        0.61365102       1.9617898   2.1009004e-09      0.28741721      0.81517781      0.79789934       146.40944       8.9113864       2806.6346       1409.1505        18.43261        15.851914          2.580696       4245.7898                 20.418844                 396.03976                           2379.2461                      10.929909               0.20776152              3.2543968                         5.4492281                                 13.414385             1409.1505       7.6789057
              1       2141.0581       3.0449511      0.96907443       70.158073     0.022723588      0.11874765     0.056486165       1.0001016      0.99950518      0.99956651       61.242134      0.64865737       2.5772063       2.0424453       9.5510155       13.379812        18.270056       82.870591       303.16704       60.444968       43.497797       101.78289     0.091740289        0.17292167        0.54997205      0.32710548        0.61620787       1.9804593   2.1009004e-09      0.28741721      0.81517781      0.79789934       146.40944       8.9113864       2807.5363       1409.1505       17.712352        15.077261         2.6350908       4246.6915                 20.418844                 396.03976                           2380.1477                      10.929909               0.20776152              3.2543968                         5.4492281                                 13.414385             1409.1505       7.6789057
              1       2140.6075       3.0449511      0.96907443       70.158073     0.022723588      0.11874765     0.056486165       1.0001016      0.99943504      0.99916344       60.737331      0.66495511       2.6574235       2.6072139       9.3140862       13.161076        17.926905       82.306234       297.44191        61.69949       43.228841       101.34158      0.11987822        0.19510327        0.54908324      0.34518401        0.62030341       1.9457978   2.1009004e-09      0.28741721      0.81517781      0.79789934       146.40944       8.9113864       2807.8287       1409.1505       17.115545        14.710527         2.4050174       4246.9839                 20.418844                 396.03976                           2380.4402                      10.929909               0.20776152              3.2543968                         5.4492281                                 13.414385             1409.1505       7.6789057
              1       2140.2978       3.0449511      0.96907443       70.158073     0.022723588      0.11874765     0.056486165       1.0001016      0.99942484       0.9991658       60.752198      0.66663681       2.6666869       2.5882089       9.3019408       13.110505        17.913976       82.399989       296.87792       61.789879       43.326169       101.44377      0.12073181         0.1947792        0.54580096      0.34391733         0.6190392       1.9455452   2.1009004e-09      0.28741721      0.81517781      0.79789934       146.40944       8.9113864       2807.3912       1409.1505       17.024566         14.61832         2.4062459       4246.5464                 20.418844                 396.03976                           2380.0027                      10.929909               0.20776152              3.2543968                         5.4492281                                 13.414385             1409.1505       7.6789057
              1       2138.6719       3.0449511      0.96907443       70.158073     0.022723588      0.11874765     0.056486165       1.0001016      0.99930995      0.99926762       60.644858      0.69610354       2.7258468       2.3850494       9.3295708       12.941916        17.124379       82.465923       291.47392       62.034346       43.310074       101.05027      0.14101058        0.16453877        0.50959199      0.32994022        0.63845282       1.9308231   2.1009004e-09      0.28741721      0.81517781      0.79789934       146.40944       8.9113864       2807.0856       1409.1505       15.551539         13.11275         2.4387891       4246.2408                 20.418844                 396.03976                           2379.6971                      10.929909               0.20776152              3.2543968                         5.4492281                                 13.414385             1409.1505       7.6789057
              2       2138.5204       3.0449511      0.96907443       70.158073     0.022723588      0.11874765     0.056486165       1.0001016      0.99896704      0.99916331       60.945458      0.65189759       2.4664587       2.2864234       9.7634242       12.734979        17.116338       83.576249       289.89611       59.475684       42.191925       99.978466      0.16046719        0.19584172        0.49930901      0.35447667        0.65308254       1.9742227   2.1009004e-09      0.28741721      0.81517781      0.79789934       146.40944       8.9113864       2801.7091       1409.1505       18.088206        15.477606         2.6105994       4240.8643                 20.418844                 396.03976                           2374.3206                      10.929909               0.20776152              3.2543968                         5.4492281                                 13.414385             1409.1505       7.6789057
              2       2140.1417       3.0449511      0.96907443       70.158073     0.022723588      0.11874765     0.056486165       1.0001016      0.99905541      0.99916822       61.244489      0.64321582       2.4466436       2.5965993       9.6111358       12.754552        17.468213        83.40865       286.57959       59.365961       42.135752        99.14803      0.17772683        0.18102452        0.47566642      0.35718635        0.64896872       1.9162707   2.1009004e-09      0.28741721      0.81517781      0.79789934       146.40944       8.9113864       2806.2028       1409.1505       17.462759        14.948944         2.5138148        4245.358                 20.418844                 396.03976                           2378.8142                      10.929909               0.20776152              3.2543968                         5.4492281                                 13.414385             1409.1505       7.6789057
              2       2140.9711       3.0449511      0.96907443       70.158073     0.022723588      0.11874765     0.056486165       1.0001016      0.99899267      0.99924873       61.378469        0.657085       2.2650103       2.5298178       9.5941782       12.708139        17.506167       83.192641       285.53772       59.809269       42.366872       98.975235      0.18230181        0.20838047        0.48172147      0.33700763        0.64933138       1.9035023   2.1009004e-09      0.28741721      0.81517781      0.79789934       146.40944       8.9113864       2804.9953       1409.1505       18.895875        16.256279         2.6395966       4244.1505                 20.418844                 396.03976                           2377.6068                      10.929909               0.20776152              3.2543968                         5.4492281                                 13.414385             1409.1505       7.6789057
              2       2142.1681       3.0449511      0.96907443       70.158073     0.022723588      0.11874765     0.056486165       1.0001016      0.99874666       0.9989501       62.216363      0.64657344       2.1861507       2.8658622       9.1227772       12.619841        16.100972       81.318566       280.11331       59.611201       41.469278       100.67921      0.13129736        0.21730667        0.49688977       0.3870193        0.70290727       1.7719171   2.1009004e-09      0.28741721      0.81517781      0.79789934       146.40944       8.9113864       2805.0081       1409.1505       20.086433        17.522418         2.5640151       4244.1633                 20.418844                 396.03976                           2377.6195                      10.929909               0.20776152              3.2543968                         5.4492281                                 13.414385             1409.1505       7.6789057
              1       2140.1917       3.0449511      0.96907443       70.158073     0.022723588      0.11874765     0.056486165       1.0001016      0.99885682      0.99876782       62.039312      0.62439549         1.89776       2.6376356       9.3767154       12.179561        16.139485       81.536732       272.84013       58.730164       41.800107       101.11994     0.061749224        0.19469055        0.51274657      0.34950524        0.69440142       1.8133298   2.1009004e-09      0.28741721      0.81517781      0.79789934       146.40944       8.9113864       2804.4123       1409.1505        18.40799        15.577224         2.8307665       4243.5675                 20.418844                 396.03976                           2377.0238                      10.929909               0.20776152              3.2543968                         5.4492281                                 13.414385             1409.1505       7.6789057
              1        2140.103       3.0449511      0.96907443       70.158073     0.022723588      0.11874765     0.056486165       1.0001016      0.99878811      0.99890181       61.492862      0.71854193       1.6318533       3.0737978       9.1010515       12.659712        16.273062       81.281328       269.55998       57.220845       41.457103       102.09702     0.074710171        0.13243086        0.52862459      0.33190373        0.71098923       1.8621622   2.1009004e-09      0.28741721      0.81517781      0.79789934       146.40944       8.9113864       2807.8084       1409.1505       16.621202        13.794983         2.8262193       4246.9636                 20.418844                 396.03976                           2380.4199                      10.929909               0.20776152              3.2543968                         5.4492281                                 13.414385             1409.1505       7.6789057
              1       2139.4928       3.0449511      0.96907443       70.158073     0.022723588      0.11874765     0.056486165       1.0001016       0.9986692      0.99896326       61.463458      0.74063063       1.8267809       3.0918478       8.9538398       12.645752        16.705976        81.44111       271.41175       57.267995       41.362065       101.91594      0.07985711        0.14138137         0.5355342      0.33360786        0.71597807       1.8453323   2.1009004e-09      0.28741721      0.81517781      0.79789934       146.40944       8.9113864       2805.9911       1409.1505       16.919715        14.227312         2.6924027       4245.1463                 20.418844                 396.03976                           2378.6025                      10.929909               0.20776152              3.2543968                         5.4492281                                 13.414385             1409.1505       7.6789057
              1       2139.4423       3.0449511      0.96907443       70.158073     0.022723588      0.11874765     0.056486165       1.0001016      0.99877446      0.99904942       61.790793       0.7619464       1.7663769       3.0309748        8.582581       12.524694        16.463808       81.115027        270.8082       56.906935       41.568406       102.13151     0.093012723        0.16955279        0.56162592      0.32038264        0.71950027       1.8620662   2.1009004e-09      0.28741721      0.81517781      0.79789934       146.40944       8.9113864       2805.6678       1409.1505       17.030848        14.276067         2.7547815        4244.823                 20.418844                 396.03976                           2378.2793                      10.929909               0.20776152              3.2543968                         5.4492281                                 13.414385             1409.1505       7.6789057
              2       2138.8371       3.0449511      0.96907443       70.158073     0.022723588      0.11874765     0.056486165       1.0001016      0.99881834      0.99907919       61.808302      0.75943844       1.7846415        2.948229       8.6082893       12.514251          16.3923       81.279792        272.7494       56.920667        41.70475       101.88137      0.10036036        0.16454973        0.56191258      0.31499316         0.7126106       1.8378127   2.1009004e-09      0.28741721      0.81517781      0.79789934       146.40944       8.9113864       2805.3431       1409.1505       16.587902        13.811297         2.7766043       4244.4984                 20.418844                 396.03976                           2377.9546                      10.929909               0.20776152              3.2543968                         5.4492281                                 13.414385             1409.1505       7.6789057
              1       2138.8146       3.0449511      0.96907443       70.158073     0.022723588      0.11874765     0.056486165       1.0001016      0.99884695      0.99905407       61.876697      0.75497855       1.7993713        2.957906       8.6036014       12.502431        16.440046       81.407241       273.70919       56.820439       41.580176       101.92032       0.0979505        0.16917973        0.56154333      0.31659135        0.71219046       1.8435571   2.1009004e-09      0.28741721      0.81517781      0.79789934       146.40944       8.9113864       2805.2341       1409.1505        16.61998        13.856968          2.763012       4244.3893                 20.418844                 396.03976                           2377.8456                      10.929909               0.20776152              3.2543968                         5.4492281                                 13.414385             1409.1505       7.6789057
              2       2139.6759       3.0449511      0.96907443       70.158073     0.022723588      0.11874765     0.056486165       1.0001016      0.99866753      0.99879062       61.534432      0.76802035       1.7585226       2.5039945       8.0882558       13.734158        16.473051       81.362863       268.71374       57.273347        42.85159       102.44154      0.10199494        0.15108252        0.56619904      0.30585002        0.67659964       1.9064259   2.1009004e-09      0.28741721      0.81517781      0.79789934       146.40944       8.9113864       2806.2806       1409.1505       16.958046        13.968705         2.9893405       4245.4358                 20.418844                 396.03976                           2378.8921                      10.929909               0.20776152              3.2543968                         5.4492281                                 13.414385             1409.1505       7.6789057
              1       2140.0142       3.0449511      0.96907443       70.158073     0.022723588      0.11874765     0.056486165       1.0004571      0.99866753      0.99879062       61.534432      0.76802035       1.7585226       2.5039945       8.0882558       13.734158        16.473051       81.362863       268.71374       57.273347        42.85159       102.44154      0.10199494        0.15108252        0.56619904      0.30585002        0.67659964       1.9064259   2.1009004e-09      0.28741721      0.81517781      0.79789934       146.40944       8.9113864       2806.9254       1409.1505       16.973932        13.984592         2.9893405       4246.0806                 20.396806                 396.05245                           2379.3598                      11.116243               0.20776152              3.2543968                         5.4492281                                 13.414385             1409.1505       7.6789057
              1       2138.7915       3.0449511      0.96907443       70.158073     0.022723588      0.11874765     0.056486165       1.0004571      0.99858282      0.99834827        60.63901      0.82275458       2.2205046       2.5555559       8.7962484       14.003716        16.329089       80.932587       277.14383       55.787623       41.122424       101.10109     0.036027211        0.12355455        0.55992001      0.24003469        0.67704761       1.9620443   2.1009004e-09      0.28741721      0.81517781      0.79789934       146.40944       8.9113864       2802.8387       1409.1505       17.794503        15.137885         2.6566175       4241.9939                 20.396806                 396.05245                           2375.2732                      11.116243               0.20776152              3.2543968                         5.4492281                                 13.414385             1409.1505       7.6789057
              1       2144.0976       3.0418546       0.9692788       70.158073     0.022671611      0.11902011     0.055124779       1.0004571      0.99860139      0.99833807       60.622687      0.82425897       2.1261643       2.5605567       8.9749095       13.896645        16.285221       81.139347       273.90986       55.881653       41.588056       100.66276    0.0019136332        0.10511032        0.58776641      0.24204495        0.66867298        1.951174   2.0944051e-09      0.28786514      0.81548087      0.79881772       146.39228       8.9094591       2808.1454       1409.0204       20.496275        17.783476         2.7127995       4247.2027                 20.335511                 395.91985                           2380.1872                      11.702766               0.20631283              3.2501933                          5.452953                                  13.44862             1409.0204       7.6789057
              3       2141.9338       3.0418546       0.9692788       70.158073     0.022671611      0.11902011     0.055124779       1.0004571      0.99845526      0.99832223       60.451935      0.83085474       2.1452927       2.5224727       9.0025697         13.6819        16.316005       81.304599       274.46229       55.155975       42.157446       99.839771       0.0318787        0.13033144        0.58633742      0.23737351        0.64808709       1.9409288   2.0944051e-09      0.28786514      0.81548087      0.79881772       146.39228       8.9094591        2807.452       1409.0204       18.679163        15.963421         2.7157421       4246.5093                 20.335511                 395.91985                           2379.4938                      11.702766               0.20631283              3.2501933                          5.452953                                  13.44862             1409.0204       7.6789057
              2       2140.6038       3.0418546       0.9692788       70.158073     0.022671611      0.11902011     0.055124779      0.99812065      0.99883363      0.99891035       59.674587      0.85673112       2.8577891       2.5558722       8.4647676       13.749765        16.592548       80.461448       284.10934        55.95772        41.60684       99.835346     0.094873547         0.1673055         0.5652637       0.2630433           0.68198       1.9498437   2.0944051e-09      0.28786514      0.81548087      0.79881772       146.39228       8.9094591        2809.863       1409.0204       16.143613        13.813573         2.3300395       4248.9203                 20.479313                  395.8814                           2383.0231                       10.47918               0.20631283              3.2501933                          5.452953                                  13.44862             1409.0204       7.6789057
              2       2141.2373       3.0418546       0.9692788       70.158073     0.022671611      0.11902011     0.055124779      0.99812065       0.9989225      0.99894043       59.751578      0.85944494       3.0278626       2.9092879       8.4441982       13.320919        16.297533       81.071821        276.9748       56.156268       41.791792       100.12466      0.11063013        0.15350016        0.56711044      0.23612255        0.66656489       1.8914399   2.0944051e-09      0.28786514      0.81548087      0.79881772       146.39228       8.9094591       2813.8369       1409.0204       14.790176        12.603238         2.1869384       4252.8942                 20.479313                  395.8814                            2386.997                       10.47918               0.20631283              3.2501933                          5.452953                                  13.44862             1409.0204       7.6789057
              2       2140.9347       3.0418546       0.9692788       70.158073     0.022671611      0.11902011     0.055124779      0.99812065       0.9989051      0.99890755       59.604237      0.85788958       3.0709598       2.7997149       8.3477906       13.063958        16.315048       80.916767       279.58882       55.914149       41.149332       99.733961       0.1143738        0.16163752        0.53821548      0.22610833        0.67210674       1.8708485   2.0944051e-09      0.28786514      0.81548087      0.79881772       146.39228       8.9094591       2814.0813       1409.0204       14.365402        12.170492         2.1949105       4253.1387                 20.479313                  395.8814                           2387.2414                       10.47918               0.20631283              3.2501933                          5.452953                                  13.44862             1409.0204       7.6789057
              1       2139.3423       3.0418546       0.9692788       70.158073     0.022671611      0.11902011     0.055124779      0.99812065       0.9994931      0.99912388        59.00806      0.85678316       2.2017743       1.7883102       7.9219967       12.627374        15.031983       82.805057       283.28074       51.756262       43.188467       97.566044      0.15916768        0.12105656        0.51164409      0.19158573        0.61149018       2.0327808   2.0944051e-09      0.28786514      0.81548087      0.79881772       146.39228       8.9094591       2811.0034       1409.0204        14.31193        11.319575         2.9923548       4250.0607                 20.479313                  395.8814                           2384.1635                       10.47918               0.20631283              3.2501933                          5.452953                                  13.44862             1409.0204       7.6789057
              3       2139.3519       3.0418546       0.9692788       70.158073     0.022671611      0.11902011     0.055124779      0.99812065      0.99951893      0.99913806       59.042212      0.86198123        2.179029       1.7860608       7.8867799       12.624863        14.977964        82.89367       282.24235       51.887751       43.063888       97.693369      0.16128997        0.12616388        0.50904241      0.19447133        0.60914909       2.0272327   2.0944051e-09      0.28786514      0.81548087      0.79881772       146.39228       8.9094591       2810.9516       1409.0204       14.347421        11.336998         3.0104228        4250.009                 20.479313                  395.8814                           2384.1117                       10.47918               0.20631283              3.2501933                          5.452953                                  13.44862             1409.0204       7.6789057
              1       2138.8031       3.0418546       0.9692788       70.158073     0.022671611      0.11902011     0.055124779      0.99812065       0.9993418      0.99919261       58.792925      0.86508857       2.1579087       2.0127548       7.9352371       12.826729         15.06579       83.425833       282.10451       51.826225       43.066273       97.448175      0.13843828        0.12404465         0.4912383      0.19191628        0.60761738       2.0194066   2.0944051e-09      0.28786514      0.81548087      0.79881772       146.39228       8.9094591       2809.6678       1409.0204       14.440492        11.518612         2.9218801       4248.7252                 20.479313                  395.8814                           2382.8279                       10.47918               0.20631283              3.2501933                          5.452953                                  13.44862             1409.0204       7.6789057
              1       2139.0482       3.0418546       0.9692788       70.158073     0.022671611      0.11902011     0.055124779      0.99812065      0.99951573       0.9990963       59.064218      0.84794413        2.437281        2.124053       8.0655789         12.7271        15.224978       84.387409       291.50732       53.445436       43.484554       97.524441     0.096106618        0.16717153        0.50080659      0.22839979        0.62087518       1.8842366   2.0944051e-09      0.28786514      0.81548087      0.79881772       146.39228       8.9094591       2810.3749       1409.0204       14.332118        11.643198         2.6889199       4249.4322                 20.479313                  395.8814                            2383.535                       10.47918               0.20631283              3.2501933                          5.452953                                  13.44862             1409.0204       7.6789057
              1       2138.2601       3.0418546       0.9692788       70.158073     0.022671611      0.11902011     0.055124779      0.99812065      0.99934265      0.99881045       59.382913      0.81088428       2.6010655       2.5696459        8.105512       12.259926        15.227191       84.244824       294.44318       54.704882       43.697834       96.718837      0.10726011        0.11076298        0.49933166      0.19829776        0.52654745       1.9183872   2.0944051e-09      0.28786514      0.81548087      0.79881772       146.39228       8.9094591       2808.9424       1409.0204       14.260267        11.816859         2.4434075       4247.9997                 20.479313                  395.8814                           2382.1025                       10.47918               0.20631283              3.2501933                          5.452953                                  13.44862             1409.0204       7.6789057
              1       2138.5123       3.0418546       0.9692788       70.158073     0.022671611      0.11902011     0.055124779      0.99812065      0.99932922      0.99870011       59.078931      0.82673656       2.2962884        2.514166       7.9202558       11.928847        15.328171       84.605075       295.28152       54.980468       43.178562       97.387288     0.085451293        0.13107072        0.51804688      0.22516191        0.49637032       1.9465382   2.0944051e-09      0.28786514      0.81548087      0.79881772       146.39228       8.9094591       2807.4796       1409.0204       15.243772        12.616897         2.6268751        4246.537                 20.479313                  395.8814                           2380.6397                       10.47918               0.20631283              3.2501933                          5.452953                                  13.44862             1409.0204       7.6789057
              1       2138.9305       3.0418546       0.9692788       70.158073     0.022671611      0.11902011     0.055124779      0.99812065      0.99936273      0.99813967       59.030861      0.86563522       2.6257199       2.1056395       8.3661273       11.821227        16.505953       85.085299       302.12174       56.323242       44.480241       96.937756      0.12468702       0.094526538        0.47865748      0.25076194        0.55516467       1.9302708   2.0944051e-09      0.28786514      0.81548087      0.79881772       146.39228       8.9094591       2812.5249       1409.0204        13.13936        10.555333         2.5840276       4251.5822                 20.479313                  395.8814                            2385.685                       10.47918               0.20631283              3.2501933                          5.452953                                  13.44862             1409.0204       7.6789057
              1       2137.2799       3.0418546       0.9692788       70.158073     0.022671611      0.11902011     0.055124779      0.99812065      0.99906521      0.99835538       59.571353      0.83799867       3.0144852       2.3577082       8.4830155       12.446416        17.349478       85.851136       299.14275       54.516494       44.671972       95.923411     0.088069367        0.13939387        0.39792405      0.25531328        0.55670273        1.803568   2.0944051e-09      0.28786514      0.81548087      0.79881772       146.39228       8.9094591       2807.4666       1409.0204       14.017918        11.701573         2.3163451       4246.5239                 20.479313                  395.8814                           2380.6267                       10.47918               0.20631283              3.2501933                          5.452953                                  13.44862             1409.0204       7.6789057
              5       2139.2548       3.0418546       0.9692788       70.158073     0.022671611      0.11902011     0.055124779      0.99812065      0.99905592      0.99856128       60.231503      0.85529201       3.2172854       2.7509935       9.0946887       11.830728        17.527193       86.483694       288.48576       55.892207       45.361842       95.425041      0.06976224        0.09158241        0.41590606      0.22321749        0.51402434       1.8714285   2.0944051e-09      0.28786514      0.81548087      0.79881772       146.39228       8.9094591       2808.6731       1409.0204       15.389564        13.229551         2.1600131       4247.7304                 20.479313                  395.8814                           2381.8332                       10.47918               0.20631283              3.2501933                          5.452953                                  13.44862             1409.0204       7.6789057
              1       2139.6153       3.0418546       0.9692788       70.158073     0.022671611      0.11902011     0.055124779      0.99812065      0.99898626        0.998486       60.417091      0.85289802       3.2073239       2.5218923       9.0743296       11.648213        17.333309       86.637442       289.87067       55.571865       44.630799       95.160344      0.06343244        0.10605301        0.43130594      0.18841801        0.52168245       1.8952102   2.0944051e-09      0.28786514      0.81548087      0.79881772       146.39228       8.9094591       2809.9125       1409.0204       15.130343        12.923395         2.2069483       4248.9698                 20.479313                  395.8814                           2383.0726                       10.47918               0.20631283              3.2501933                          5.452953                                  13.44862             1409.0204       7.6789057
              1       2138.8444       3.0418546       0.9692788       70.158073     0.022671611      0.11902011     0.055124779      0.99846443      0.99910094      0.99858982       60.699857      0.87797863       3.3720444       2.2417118        9.031859       11.848712        18.371213       86.049084       286.06342       55.442938       44.525561       95.662236     0.052999832        0.05882648        0.43928888       0.1358815        0.55939055       1.8520647   2.0944051e-09      0.28786514      0.81548087      0.79881772       146.39228       8.9094591       2805.0906       1409.0204       16.770452        14.560077         2.2103749        4244.148                 20.457059                 395.89441                           2378.0991                      10.640014               0.20631283              3.2501933                          5.452953                                  13.44862             1409.0204       7.6789057
              1       2138.5487       3.0418546       0.9692788       70.158073     0.022671611      0.11902011     0.055124779       0.9986205      0.99910094      0.99858982       60.699857      0.87797863       3.3720444       2.2417118        9.031859       11.848712        18.371213       86.049084       286.06342       55.442938       44.525561       95.662236     0.052999832        0.05882648        0.43928888       0.1358815        0.55939055       1.8520647   2.0944051e-09      0.28786514      0.81548087      0.79881772       146.39228       8.9094591       2804.5719       1409.0204       16.734055         14.52368         2.2103749       4243.6292                 20.447086                 395.88643                           2377.5231                      10.715229               0.20631283              3.2501933                          5.452953                                  13.44862             1409.0204       7.6789057
              3       2137.8726       3.0418546       0.9692788       70.158073     0.022671611      0.11902011     0.055124779       0.9986205      0.99933289      0.99879917       61.049236      0.87675299        3.590496       1.8305319       8.5060805       12.254909        18.539972        86.73918       263.58085        55.62775       43.571924       93.284013      0.10265569        0.11561951        0.42490915      0.17447185        0.52750305       1.8773876   2.0944051e-09      0.28786514      0.81548087      0.79881772       146.39228       8.9094591       2809.4956       1409.0204       13.596089         11.37274         2.2233493       4248.5529                 20.447086                 395.88643                           2382.4468                      10.715229               0.20631283              3.2501933                          5.452953                                  13.44862             1409.0204       7.6789057
              2        2138.526       3.0418546       0.9692788       70.158073     0.022671611      0.11902011     0.055124779       0.9986205      0.99949329      0.99875755       61.083054      0.86762355        3.665305       1.8411692       8.4015803       12.213799        18.709745       86.692145       265.96844       55.824486       43.940743       93.392888     0.072203121        0.12966764        0.42120206      0.17494757        0.50645477       1.8570767   2.0944051e-09      0.28786514      0.81548087      0.79881772       146.39228       8.9094591       2809.3153       1409.0204       14.339662        12.143241         2.1964212       4248.3727                 20.447086                 395.88643                           2382.2666                      10.715229               0.20631283              3.2501933                          5.452953                                  13.44862             1409.0204       7.6789057
              1       2138.8443       3.0418546       0.9692788       70.158073     0.022671611      0.11902011     0.055124779       0.9986205      0.99950312       0.9986073       61.151811      0.87792014       3.7733378       1.7672399       8.4562003       12.121391        18.546136       86.996957       271.67954       55.759859       43.781775       93.123033     0.095560446        0.14300365        0.45256023      0.21227958         0.5020045       1.8588445   2.0944051e-09      0.28786514      0.81548087      0.79881772       146.39228       8.9094591       2811.7906       1409.0204       13.420327        11.243085         2.1772424       4250.8479                 20.447086                 395.88643                           2384.7418                      10.715229               0.20631283              3.2501933                          5.452953                                  13.44862             1409.0204       7.6789057
              3       2138.8527       3.0418546       0.9692788       70.158073     0.022671611      0.11902011     0.055124779       0.9986205      0.99951102      0.99836058       60.384249      0.80657777       3.4414737       2.0184867       8.8223386       10.911957        18.810569       86.728046       263.22305       54.729897       44.191169       94.642249      0.03877192        0.11129574        0.50457106      0.28350587        0.56176742        1.898371   2.0944051e-09      0.28786514      0.81548087      0.79881772       146.39228       8.9094591       2809.6002       1409.0204       14.523943        12.289657         2.2342863       4248.6576                 20.447086                 395.88643                           2382.5515                      10.715229               0.20631283              3.2501933                          5.452953                                  13.44862             1409.0204       7.6789057
              1       2138.6627       3.0418546       0.9692788       70.158073     0.022671611      0.11902011     0.055124779       0.9986205      0.99955115      0.99836482       60.341491      0.81770949       3.4546953       2.0704247       8.8609298       10.681428         19.15534       86.940981       265.59687       55.136644       44.020921       94.570789     0.039135367         0.1250146        0.49655236      0.28409203        0.55586765       1.9125513   2.0944051e-09      0.28786514      0.81548087      0.79881772       146.39228       8.9094591       2809.5848       1409.0204       14.341659        12.123117         2.2185421       4248.6421                 20.447086                 395.88643                            2382.536                      10.715229               0.20631283              3.2501933                          5.452953                                  13.44862             1409.0204       7.6789057
              1        2139.091       3.0418546       0.9692788       70.158073     0.022671611      0.11902011     0.055124779       0.9986205      0.99969942      0.99838462       60.583057      0.84514605       3.5032579       1.9287994       9.0222691       10.549809        19.285189       86.534119       252.20688       56.241476       43.391328        94.73852     0.053132136        0.12595608        0.52560231      0.30078685        0.57266558        1.881136   2.0944051e-09      0.28786514      0.81548087      0.79881772       146.39228       8.9094591       2811.6431       1409.0204       13.740825        11.508546         2.2322791       4250.7004                 20.447086                 395.88643                           2384.5943                      10.715229               0.20631283              3.2501933                          5.452953                                  13.44862             1409.0204       7.6789057
              1       2139.1028       3.0418546       0.9692788       70.158073     0.022671611      0.11902011     0.055124779        0.998693      0.99956016      0.99827957       60.536561      0.85990444       3.4276867       1.8122924       9.1332225       10.439994        18.906521       86.531779       253.33612       56.585115       42.803537       94.787518      0.05264544        0.12213766        0.52767466      0.27943331        0.55635916        1.861359   2.0944051e-09      0.28786514      0.81548087      0.79881772       146.39228       8.9094591       2811.3841       1409.0204        13.88208        11.594806         2.2872737       4250.4414                 20.442478                 395.88643                           2384.3045                      10.750634               0.20631283              3.2501933                          5.452953                                  13.44862             1409.0204       7.6789057
              1       2139.2016       3.0418546       0.9692788       70.158073     0.022671611      0.11902011     0.055124779        0.998693      0.99957674      0.99827413       60.508741      0.85954913       3.4254099       1.8041179       9.1249722       10.478979        18.887037       86.480882       253.31369       56.677757       42.777463       94.733012     0.047274072        0.12475536        0.52872719      0.27762286        0.55518789       1.8716142   2.0944051e-09      0.28786514      0.81548087      0.79881772       146.39228       8.9094591        2811.163       1409.0204       14.091414         11.80124         2.2901746       4250.2203                 20.442478                 395.88643                           2384.0834                      10.750634               0.20631283              3.2501933                          5.452953                                  13.44862             1409.0204       7.6789057
              1       2139.5366       3.0418546       0.9692788       70.158073     0.022671611      0.11902011     0.055124779        0.998693       0.9997394       0.9984759       56.924979      0.76288774       3.6588689       1.9881699       10.111986       11.358704        17.339631       87.312299       267.67126       58.198991       42.767554       94.498987      0.05355088        0.10766865        0.51862679      0.21813806        0.66592213       1.8785711   2.0944051e-09      0.28786514      0.81548087      0.79881772       146.39228       8.9094591       2814.7445       1409.0204       12.635683        10.465478         2.1702047       4253.8018                 20.442478                 395.88643                           2387.6649                      10.750634               0.20631283              3.2501933                          5.452953                                  13.44862             1409.0204       7.6789057
              6       2139.9191       3.0418546       0.9692788       70.158073     0.022671611      0.11902011     0.055124779        0.998693      0.99976096      0.99847106       56.915205      0.76417047       3.6931519       1.9401705       10.052387       11.374825         17.35257       87.277666       266.83133       58.393135       42.679944       94.427969     0.056661211        0.11001103        0.52180157      0.21438322        0.66734482       1.8699416   2.0944051e-09      0.28786514      0.81548087      0.79881772       146.39228       8.9094591       2815.9119       1409.0204       12.434451        10.265506          2.168945       4254.9693                 20.442478                 395.88643                           2388.8324                      10.750634               0.20631283              3.2501933                          5.452953                                  13.44862             1409.0204       7.6789057
              2       2140.5833       3.0418546       0.9692788       70.158073     0.022671611      0.11902011     0.055124779        0.998693      0.99988997      0.99848334       57.662332        0.778496       2.8548923       2.7899357       9.9290582       11.383708        18.226208        86.93846       270.92826       58.680536       40.680315       97.559515     0.041997468        0.19835135        0.40439617      0.25823749        0.59258718       1.7641731   2.0944051e-09      0.28786514      0.81548087      0.79881772       146.39228       8.9094591       2811.1781       1409.0204       15.465543        13.193038         2.2725051       4250.2354                 20.442478                 395.88643                           2384.0985                      10.750634               0.20631283              3.2501933                          5.452953                                  13.44862             1409.0204       7.6789057
              1       2139.0958       3.0418546       0.9692788       70.158073     0.022671611      0.11902011     0.055124779        0.998693        1.000151       0.9984547       57.572423      0.76457444       2.6933024       2.9287319       10.120624       11.179106        17.042947          87.478       277.42567       57.388491       40.314726       97.180745     0.076896421        0.15935041        0.41100365       0.3480161        0.63960677       1.6291666   2.0944051e-09      0.28786514      0.81548087      0.79881772       146.39228       8.9094591       2811.2686       1409.0204       13.932854        11.631049         2.3018049       4250.3259                 20.442478                 395.88643                            2384.189                      10.750634               0.20631283              3.2501933                          5.452953                                  13.44862             1409.0204       7.6789057
              1       2138.0076       3.0418546       0.9692788       70.158073     0.022671611      0.11902011     0.055124779        0.998693       1.0001633      0.99838573       57.614284      0.75364492       2.6794802        2.918677       10.198264       11.243151        17.018179        87.36405       279.07128       57.005399       40.370664       97.147267     0.090414225        0.15151921        0.40323393      0.32849726        0.62957045       1.6222506   2.0944051e-09      0.28786514      0.81548087      0.79881772       146.39228       8.9094591       2810.8643       1409.0204       13.046776        10.736828         2.3099478       4249.9216                 20.442478                 395.88643                           2383.7847                      10.750634               0.20631283              3.2501933                          5.452953                                  13.44862             1409.0204       7.6789057
              1       2137.3227       3.0418546       0.9692788       70.158073     0.022671611      0.11902011     0.055124779        0.998693       1.0000779      0.99848939       57.551381      0.83511824       1.6813631       2.7241804       10.222617       11.256159        17.775007       89.379149       291.24355       58.789231       39.754883        96.62702      0.13956952        0.18594795        0.45699543      0.21598805        0.67019331       1.9153912   2.0944051e-09      0.28786514      0.81548087      0.79881772       146.39228       8.9094591        2810.896       1409.0204       12.346023        9.4011139         2.9449088       4249.9533                 20.442478                 395.88643                           2383.8164                      10.750634               0.20631283              3.2501933                          5.452953                                  13.44862             1409.0204       7.6789057
              1       2137.8402       3.0418546       0.9692788       70.158073     0.022671611      0.11902011     0.055124779        0.998693       1.0001095      0.99858214        57.18245      0.80218774       1.5551585       2.7324875       10.009292       10.819262        17.246914       90.268243       293.27737       57.993484       39.747996       96.497443      0.16464812        0.17550716        0.44525741      0.23498072        0.68149317       1.8909101   2.0944051e-09      0.28786514      0.81548087      0.79881772       146.39228       8.9094591       2811.7916       1409.0204        12.41571        9.3808223         3.0348874       4250.8489                 20.442478                 395.88643                           2384.7121                      10.750634               0.20631283              3.2501933                          5.452953                                  13.44862             1409.0204       7.6789057
              5       2136.8942       3.0418546       0.9692788       70.158073     0.022671611      0.11902011     0.055124779        0.998693      0.99992461       0.9987096       57.078046      0.78287861       1.6900826       2.5534603       10.365786       10.640782        17.842754       91.322559       284.59639       58.899327       40.084151       96.545392      0.14253842         0.1432106        0.45906103      0.25086866        0.68534207       1.9166628   2.0944051e-09      0.28786514      0.81548087      0.79881772       146.39228       8.9094591       2811.1431       1409.0204       11.793949        8.7765078         3.0174409       4250.2004                 20.442478                 395.88643                           2384.0635                      10.750634               0.20631283              3.2501933                          5.452953                                  13.44862             1409.0204       7.6789057
