#        weight    minuslogpost            logA             n_s              H0         omega_b       omega_cdm        tau_reio ridder_Lambda_EDE_eV      ridder_a_c ridder_sigma_lna        A_planck      calib_100T      calib_217T       A_cib_217       xi_sz_cib            A_sz        ksz_norm    gal545_A_100    gal545_A_143 gal545_A_143_217    gal545_A_217    ps_A_100_100    ps_A_143_143    ps_A_143_217    ps_A_217_217   galf_TE_A_100 galf_TE_A_100_143 galf_TE_A_100_217   galf_TE_A_143 galf_TE_A_143_217   galf_TE_A_217             A_s         rs_drag          sigma8         Omega_m              S8       chi2__BAO       chi2__CMB   minuslogprior minuslogprior__0 minuslogprior__SZ            chi2 chi2__planck_2018_lowl.TT chi2__planck_2018_lowl.EE chi2__planck_2018_highl_plik.TTTEEE chi2__planck_2018_lensing.clik chi2__bao.sixdf_2011_bao chi2__bao.sdss_dr7_mgs chi2__bao.sdss_dr12_consensus_bao  chi2__sh0es_h0
              1       1975.9943           3.044          0.9649            70.5         0.02237            0.12          0.0544                  0.5          0.0003              0.6        1.001898      0.99940816      0.99901317       63.241677     0.063707272       6.0262149       1.6611948       6.3318289       8.0276221        19.732532       74.880371       265.57598       51.684221       36.478346       124.85893      0.18120978       -0.01099026        0.43581921      0.28272593        0.49485749       1.6261503   2.0989032e-09       147.01516      0.84479015      0.28644451      0.82548364       13.555571        3905.381        13.54354        11.345361         2.1981791       3924.9014                 36.799197                 396.64257                           3460.3862                      11.552982               0.43537661              4.0042226                         9.1159713       5.9648669
              1        1970.131       3.0441043      0.96491343            70.5     0.022372838      0.11999518     0.054258365            0.5000022   0.00029983639        0.6001531        1.001898      0.99940816      0.99901317       63.241677     0.063707272       6.0262149       1.6611948       6.3318289       8.0276221        19.732532       74.880371       265.57598       51.684221       36.478346       124.85893      0.18120978       -0.01099026        0.43581921      0.28272593        0.49485749       1.6261503   2.0991221e-09       147.01326      0.84479737      0.28644052      0.82548493       13.546063       3893.6639        13.54354        11.345361         2.1981791       3913.1748                 36.842253                 396.61358                           3448.7331                      11.474952               0.43496976              4.0030684                         9.1080251       5.9648669
              1       1931.8681       3.0441043      0.96491343            70.5     0.022372838      0.11999518     0.054258365            0.5000022   0.00029983639        0.6001531        1.001898      0.99802018      0.99825625       63.447861    0.0017042018       6.5769999       5.2359982       5.2684948        8.174924        19.259166       74.014545        281.4205       52.242039       32.372402       120.44612     0.080828881      -0.061284185        0.50306643     0.064531912        0.63180033       1.6383865   2.0991221e-09       147.01326      0.84479737      0.28644052      0.82548493       13.546063       3793.9555       25.134854        20.940772          4.194082       3813.4664                 36.842253                 396.61358                           3349.0247                      11.474952               0.43496976              4.0030684                         9.1080251       5.9648669
              1       1899.7589       3.0441043      0.96491343            70.5     0.022372838      0.11999518     0.054258365            0.5000022   0.00029983639        0.6001531       1.0008343      0.99808322      0.99814381       63.771557     0.022800597       6.5331556       4.6196419       5.0596287       7.5085882        19.486634       75.187909       291.41958       50.892346       32.242961       117.05467      0.14342717       0.072300726        0.49336239     0.029806967        0.64543504       1.5451929   2.0991221e-09       147.01326      0.84479737      0.28644052      0.82548493       13.546063       3755.4215       12.292736        8.5499138         3.7428222       3774.9324                  37.17817                 396.62472                           3310.4391                      11.179515               0.43496976              4.0030684                         9.1080251       5.9648669
              2       1834.0263       3.0488683      0.96438865            70.5     0.022373119      0.11953107      0.05443203           0.52104797   0.00030928317       0.62515125       1.0008343      0.99808322      0.99814381       63.771557     0.022800597       6.5331556       4.6196419       5.0596287       7.5085882        19.486634       75.187909       291.41958       50.892346       32.242961       117.05467      0.14342717       0.072300726        0.49336239     0.029806967        0.64543504       1.5451929   2.1091461e-09       147.14091      0.84491145      0.28550703      0.82425003       13.920978       3623.5812       12.292736        8.5499138         3.7428222       3643.4671                 38.383796                 396.70867                           3178.0561                      10.432662               0.45867387              4.0650629                          9.397241       5.9648669
              1       1810.2104       3.0484289      0.96422829            70.5     0.022381663      0.11930506     0.054700219           0.51997893   0.00030858044       0.62787764       1.0008343      0.99807547      0.99814415       63.819552     0.023361143       6.5489059       4.6845232       5.0522114       7.4950512        19.504615        75.13825       290.98846       50.992523       32.289572       117.07098      0.14223128       0.069179978        0.49181016     0.031346032        0.64688214       1.5426643   2.1082197e-09       147.19014      0.84358133       0.2850695      0.82232162       14.049423       3575.4631       12.471687        8.6726363         3.7990505       3595.4774                 38.355589                 396.79678                           3130.0187                      10.292018                0.4677223              4.0879454                          9.493755       5.9648669
              1       1810.8158       3.0484289      0.96422829            70.5     0.022381663      0.11930506     0.054700219           0.51997893   0.00030858044       0.62787764       1.0008343      0.99815573      0.99842819       64.260808     0.046979446       6.4334694       4.3800123       5.4495599       6.9894411        18.549828       74.268732       291.64673       50.505224       32.858914       118.10402      0.10359416        0.11452977        0.46914599     0.057479305          0.630642       1.4599082   2.1082197e-09       147.19014      0.84358133       0.2850695      0.82232162       14.049423       3580.9113       10.352954        6.8484163         3.5045374       3600.9256                 38.355589                 396.79678                           3135.4669                      10.292018                0.4677223              4.0879454                          9.493755       5.9648669
              2       1802.1222       3.0484289      0.96422829            70.5     0.022381663      0.11930506     0.054700219           0.51997893   0.00030858044       0.62787764       1.0008343      0.99806596      0.99831756       63.739054     0.039497128       6.6774738       4.5500812       5.1831127       6.7475141        17.456324       74.439805       281.35163       52.592968       33.007028       115.19798      0.17378898        0.20235398        0.42741074      0.10493782        0.52848486       1.4101522   2.1082197e-09       147.19014      0.84358133       0.2850695      0.82232162       14.049423       3555.8869       14.171594         10.32742         3.8441734       3575.9012                 38.355589                 396.79678                           3110.4425                      10.292018                0.4677223              4.0879454                          9.493755       5.9648669
              1       1799.9938       3.0484289      0.96422829            70.5     0.022381663      0.11930506     0.054700219           0.51997893   0.00030858044       0.62787764       1.0008343      0.99796898      0.99787684       64.482277     0.028842198       6.8057885       3.0206359       4.2166433       6.8971737        18.313799       75.815451       279.97192       52.995464        37.23961       116.82068      0.13698283        0.16510355        0.32815936      0.11679651        0.42673277       1.5130517   2.1082197e-09       147.19014      0.84358133       0.2850695      0.82232162       14.049423       3548.5768       15.698233        12.600283         3.0979506       3568.5911                 38.355589                 396.79678                           3103.1324                      10.292018                0.4677223              4.0879454                          9.493755       5.9648669
              1       1690.6868       3.0484289      0.96422829       69.997691     0.022381663      0.11930506     0.054700219           0.51997893   0.00030858044       0.62787764       1.0008343       0.9979827      0.99785674        64.51845     0.024905603       6.8334728       3.0514229       4.1716114        6.960134        18.360982       75.968608       279.52863       52.832327       37.224873        116.9177      0.13979369         0.1606946        0.33452585      0.11167005        0.43181881       1.5295605   2.1082197e-09       147.19014      0.84231109      0.28917554      0.82697555       10.532427       3331.5461       15.368865        12.233812         3.1350531       3350.6359                 38.154882                 396.80582                           2886.5451                      10.040276                0.2803079              3.5318001                         6.7203191       8.5573608
              1       1691.0825       3.0484289      0.96422829       69.997691     0.022381663      0.11930506     0.054700219           0.51997893   0.00030858044       0.62787764       1.0008343      0.99796369      0.99786399       64.537117     0.025749972       6.8078774       3.0787293       4.2085309       6.9529656        18.412615       76.067012       280.38452        52.79732        37.15657       116.79155      0.14244976        0.16498437        0.33570578      0.11310286         0.4334441       1.5357793   2.1082197e-09       147.19014      0.84231109      0.28917554      0.82697555       10.532427       3332.2266       15.424294        12.296031         3.1282631       3351.3164                 38.154882                 396.80582                           2887.2256                      10.040276                0.2803079              3.5318001                         6.7203191       8.5573608
              1       1688.0411       3.0484289      0.96422829       69.997691     0.022381663      0.11930506     0.054700219           0.51997893   0.00030858044       0.62787764       1.0008343        0.998081      0.99807946       64.702123    0.0086737516       7.0526691        2.385909        4.673398       7.5394141        18.960555       76.070721       296.70629       56.965972       36.645137       117.08104      0.15445918         0.1015872        0.35843167     0.087354461        0.47274022       1.5119005   2.1082197e-09       147.19014      0.84231109      0.28917554      0.82697555       10.532427       3331.4531       12.769705        9.7860214          2.983684       3350.5428                 38.154882                 396.80582                           2886.4521                      10.040276                0.2803079              3.5318001                         6.7203191       8.5573608
              1       1686.6763       3.0484289      0.96422829       69.997691     0.022381663      0.11930506     0.054700219           0.51997893   0.00030858044       0.62787764       1.0008343      0.99811117      0.99817366       64.748592    0.0072269006       7.1097026       2.5166404       4.7210679       7.7003795        18.802466        75.79268       296.22098       56.691988       36.538909       116.77866      0.15501927       0.098431406         0.3440349     0.094000078         0.4879947        1.520627   2.1082197e-09       147.19014      0.84231109      0.28917554      0.82697555       10.532427       3329.5924       12.335233        9.2459536         3.0892791       3348.6822                 38.154882                 396.80582                           2884.5915                      10.040276                0.2803079              3.5318001                         6.7203191       8.5573608
              1       1682.6006       3.0484289      0.96422829       69.997691     0.022381663      0.11930506     0.054700219           0.51997893   0.00030858044       0.62787764       1.0008343       0.9981246      0.99813108       63.805007     0.069318706       7.0248058       2.3385533       4.8698095       8.2950426        18.063938       76.726037       283.07115       59.061143       36.368883       116.79321      0.13482832        0.15804856         0.3453165      0.10802593        0.50786371       1.6542652   2.1082197e-09       147.19014      0.84231109      0.28917554      0.82697555       10.532427       3325.2743       10.418513        7.4769587         2.9415543       3344.3641                 38.154882                 396.80582                           2880.2733                      10.040276                0.2803079              3.5318001                         6.7203191       8.5573608
              1       1678.2848       3.0484289      0.96422829       69.997691     0.022381663      0.11930506     0.054700219           0.51997893   0.00030858044       0.62787764       1.0008343      0.99851019      0.99780854       63.710851     0.075659061       7.3444731        1.753451       5.6671317       8.1889399        17.840884       74.425108       284.38238       56.681166       36.753288       112.47866      0.11560796        0.24194281        0.39387214      0.22625222        0.61204289        1.927745   2.1082197e-09       147.19014      0.84231109      0.28917554      0.82697555       10.532427       3317.8871       9.7963809         6.887892         2.9084889       3336.9769                 38.154882                 396.80582                           2872.8862                      10.040276                0.2803079              3.5318001                         6.7203191       8.5573608
              3       1667.8195       3.0484289      0.96422829       69.997691     0.022381663      0.11930506     0.054700219           0.51997893   0.00030858044       0.62787764       1.0008343      0.99817145      0.99818227        63.30045      0.14727924       7.3624667      0.83233073       5.7242237       8.4691908        17.357967        74.77451       263.56598       55.569865       40.860412       114.20368     0.098791216        0.14261814         0.4678277      0.32984665        0.62357927       1.9582238   2.1082197e-09       147.19014      0.84231109      0.28917554      0.82697555       10.532427       3302.5494       6.9998767        4.4441997          2.555677       3321.6392                 38.154882                 396.80582                           2857.5485                      10.040276                0.2803079              3.5318001                         6.7203191       8.5573608
              1       1667.6785       3.0484289      0.96422829       69.997691     0.022381663      0.11930506     0.054700219           0.51997893   0.00030858044       0.62787764       1.0008343      0.99816757      0.99817558       63.341786      0.14950639       7.3667069      0.85202881       5.7098603       8.4527758         17.35342       74.808987       263.53643       55.562701       40.866887       114.22551     0.092840082        0.14395962        0.46706833      0.33094539        0.62389219       1.9601155   2.1082197e-09       147.19014      0.84231109      0.28917554      0.82697555       10.532427       3301.8806       7.1932977        4.6284239         2.5648738       3320.9704                 38.154882                 396.80582                           2856.8796                      10.040276                0.2803079              3.5318001                         6.7203191       8.5573608
              1       1661.4556       3.0484289      0.96422829       69.997691     0.022381663      0.11930506     0.054700219           0.51997893   0.00030858044       0.62787764       1.0008343      0.99826191      0.99813754       63.996968      0.11738499       7.0309243       1.1560322       6.2394556       9.1839965         16.38971       74.892611       259.75795       55.857504       42.522517       112.94029     0.089905767        0.20940951        0.43409226      0.32119726        0.56889453       1.8569885   2.1082197e-09       147.19014      0.84231109      0.28917554      0.82697555       10.532427       3285.7873       9.0170398        6.5304893         2.4865505       3304.8771                 38.154882                 396.80582                           2840.7864                      10.040276                0.2803079              3.5318001                         6.7203191       8.5573608
              1       1660.2257       3.0484289      0.96422829       69.997691     0.022381663      0.11930506     0.054700219           0.51997893   0.00030858044       0.62787764       1.0008343      0.99838236      0.99818584        64.07056      0.13047674        7.082182       1.2391828       6.2529055       9.2892145         16.44614       74.973845       258.26462       55.869582       42.647067       113.07611     0.088834131        0.19648496        0.43734663      0.31015682        0.55343739       1.8502087   2.1082197e-09       147.19014      0.84231109      0.28917554      0.82697555       10.532427       3285.6135       7.8741009        5.3327146         2.5413863       3304.7032                 38.154882                 396.80582                           2840.6125                      10.040276                0.2803079              3.5318001                         6.7203191       8.5573608
              2       1637.3228        3.055626      0.96466892       69.997691     0.022496238      0.11938876     0.057606936            0.5010093   0.00031376064       0.62100146       0.9982711      0.99836204      0.99825478       63.986983      0.14135763       7.2247598       1.2011784       6.2000775       9.4215762        16.333813       74.976797       257.68492       55.717348       42.807519       113.12384     0.093901273        0.20587416        0.43335211      0.32244479        0.56700758       1.8585234   2.1234475e-09        147.0352      0.84473886      0.28958046      0.82993957       10.059517       3238.6583       8.6852285        6.0769678         2.6082607       3257.2752                 39.104119                 397.84894                           2790.4337                      11.271604               0.25632834              3.4481695                         6.3550188       8.5573608
              1       1637.7502        3.055626      0.96466892       69.997691     0.022496238      0.11938876     0.057606936            0.5010093   0.00031376064       0.62100146       0.9982711      0.99834332      0.99833377       64.120381        0.132364       7.2113778       1.2900242       6.2795468       9.4524898        16.380221       74.879392       255.63737       55.999267       42.592205         112.835      0.11984166        0.20460926        0.43796853      0.33095737        0.57202247       1.8081097   2.1234475e-09        147.0352      0.84473886      0.28958046      0.82993957       10.059517       3239.9186        8.482484        5.8495384         2.6329456       3258.5355                 39.104119                 397.84894                           2791.6939                      11.271604               0.25632834              3.4481695                         6.3550188       8.5573608
              1       1635.2743        3.055626      0.96466892       69.997691     0.022496238      0.11938876     0.057606936            0.5010093   0.00031376064       0.62100146      0.99893428      0.99834332      0.99833377       64.120381        0.132364       7.2113778       1.2900242       6.2795468       9.4524898        16.380221       74.879392       255.63737       55.999267       42.592205         112.835      0.11984166        0.20460926        0.43796853      0.33095737        0.57202247       1.8081097   2.1234475e-09        147.0352      0.84473886      0.28958046      0.82993957       10.059517       3235.2633        8.334216        5.7012704         2.6329456       3253.8802                 38.882879                 397.84907                           2787.5105                      11.020851               0.25632834              3.4481695                         6.3550188       8.5573608
              5       1632.4733        3.055626      0.96466892       69.997691     0.022496238      0.11938876     0.057606936            0.5010093   0.00031376064       0.62100146      0.99893428       0.9983783      0.99812162       63.899105      0.20571136       7.1649638      0.80938145       5.3666314       9.1712556        16.876144       76.538679       242.45038        54.54457       41.338066       110.44315     0.091848385          0.167788        0.40607365      0.37452427         0.5737526       1.7070812   2.1234475e-09        147.0352      0.84473886      0.28958046      0.82993957       10.059517       3228.8617       8.7340635         6.289217         2.4448466       3247.4786                 38.882879                 397.84907                           2781.1089                      11.020851               0.25632834              3.4481695                         6.3550188       8.5573608
              1       1631.9739        3.055626      0.96466892       69.997691     0.022496238      0.11938876     0.057606936            0.5010093   0.00031376064       0.62100146      0.99891813      0.99846004      0.99805917       63.895478      0.21831253       7.2065883      0.71006252       5.3904788        9.037973         17.09171        75.96352       242.08116       54.218174       41.770107       110.31239     0.080437169        0.16619347        0.41609051       0.3782513        0.58525031       1.7130811   2.1234475e-09        147.0352      0.84473886      0.28958046      0.82993957       10.059517         3228.14       8.5954015         6.160578         2.4348236       3246.7569                 38.888249                 397.84907                           2780.3761                      11.026657               0.25632834              3.4481695                         6.3550188       8.5573608
              1       1633.1939        3.055626      0.96466892       69.997691     0.022496238      0.11938876     0.057606936            0.5010093   0.00031376064       0.62100146      0.99891813      0.99846416      0.99815088       63.933716      0.23966359       7.0847405      0.52494607       5.3207002       9.0635298        17.149657       75.496919         239.454        55.12034       41.402036       109.95221     0.089113643        0.17122439        0.41487553      0.38190362        0.58333412       1.6946045   2.1234475e-09        147.0352      0.84473886      0.28958046      0.82993957       10.059517       3230.4875       8.6417506        6.3146383         2.3271123       3249.1044                 38.888249                 397.84907                           2782.7235                      11.026657               0.25632834              3.4481695                         6.3550188       8.5573608
              1       1629.6598       3.0556751      0.96395694       69.997691     0.022581627      0.11943507     0.059220125           0.49501942   0.00031338905       0.63469593      0.99891813      0.99846416      0.99815088       63.933716      0.23966359       7.0847405      0.52494607       5.3207002       9.0635298        17.149657       75.496919         239.454        55.12034       41.402036       109.95221     0.089113643        0.17122439        0.41487553      0.38190362        0.58333412       1.6946045   2.1235516e-09       146.92692      0.84403102      0.28984925      0.82962889       9.7407393        3223.738       8.6417506        6.3146383         2.3271123       3242.0361                 38.784474                 398.52868                           2775.9408                      10.484079               0.24017222              3.3894887                         6.1110784       8.5573608
              1       1586.9368       3.0630553      0.96237176       69.997691     0.022748063      0.11875013     0.057920811           0.49582429   0.00030031908       0.59035361      0.99891813      0.99846416      0.99815088       63.933716      0.23966359       7.0847405      0.52494607       5.3207002       9.0635298        17.149657       75.496919         239.454        55.12034       41.402036       109.95221     0.089113643        0.17122439        0.41487553      0.38190362        0.58333412       1.6946045   2.1392819e-09       146.92187      0.84239303      0.28879103      0.82650595       9.5855671       3138.4472       8.6417506        6.3146383         2.3271123       3156.5902                 41.282356                  398.0201                           2685.4734                      13.671368               0.23689061              3.3732197                         5.9754568       8.5573608
              2       1586.4351       3.0630553      0.96237176       69.997691     0.022748063      0.11875013     0.057920811           0.49582429   0.00030031908       0.59035361      0.99891813      0.99852352      0.99818256       63.910377      0.24283696       7.0682479      0.51710448       5.2781441       9.0885277        17.160783       75.383141       239.80184       55.458247       41.362383       109.75646     0.086594594        0.16988015        0.41418061       0.3796018        0.58698731       1.7100032   2.1392819e-09       146.92187      0.84239303      0.28879103      0.82650595       9.5855671       3138.0285       8.3493472        6.0311476         2.3181995       3156.1714                 41.282356                  398.0201                           2685.0547                      13.671368               0.23689061              3.3732197                         5.9754568       8.5573608
              2       1586.5129       3.0630553      0.96237176       69.997691     0.022748063      0.11875013     0.057920811           0.49582429   0.00030031908       0.59035361      0.99891813      0.99852646      0.99818073        63.90542      0.24322782       7.0597427      0.52292063        5.282887       9.0791309        17.120912       75.359048       239.79217       55.459803        41.33429       109.80545     0.085744603        0.16907041        0.41273062      0.38037875        0.58673001       1.7099851   2.1392819e-09       146.92187      0.84239303      0.28879103      0.82650595       9.5855671       3138.1332       8.3748636        6.0586748         2.3161888       3156.2761                 41.282356                  398.0201                           2685.1593                      13.671368               0.23689061              3.3732197                         5.9754568       8.5573608
              1       1584.7129       3.0630553      0.96237176       69.997691     0.022748063      0.11875013     0.057920811           0.49582429   0.00030031908       0.59035361      0.99891813      0.99837048      0.99815207       64.426537      0.22941331       6.7297776      0.21188202       5.2434146       9.7104494        16.902466       75.414401       242.51766       54.223437       41.668831       110.35482     0.046188523        0.14316019        0.36901244      0.35496401        0.57093006       1.7548652   2.1392819e-09       146.92187      0.84239303      0.28879103      0.82650595       9.5855671       3132.6989       9.2919433        7.1527815         2.1391618       3150.8418                 41.282356                  398.0201                           2679.7251                      13.671368               0.23689061              3.3732197                         5.9754568       8.5573608
              2       1579.6441       3.0630553      0.96237176       69.997691     0.022748063      0.11875013     0.057920811           0.49582429   0.00030031908       0.59035361      0.99891813       0.9985164      0.99809563       63.653342        0.205106       6.5445643      0.18162187       5.4245277       9.7751653        16.281468       75.299684       238.58675       54.388135       41.140762       109.26684     0.076902561        0.11827996          0.331711      0.33227082        0.53633101       1.7908085   2.1392819e-09       146.92187      0.84239303      0.28879103      0.82650595       9.5855671       3125.3916       7.8768379        5.7854407         2.0913972       3143.5345                 41.282356                  398.0201                           2672.4177                      13.671368               0.23689061              3.3732197                         5.9754568       8.5573608
              2       1580.4908       3.0630553      0.96237176       69.997691     0.022748063      0.11875013     0.057920811           0.49582429   0.00030031908       0.59035361      0.99891813      0.99863761      0.99824514       63.832288      0.20332996       6.6453215      0.36148662       5.5581034       9.7926167        16.214338       75.722951       237.99842       54.833275       41.276625       108.49305     0.043553525        0.13641255         0.2626133      0.30197873        0.57434256       1.6795209   2.1392819e-09       146.92187      0.84239303      0.28879103      0.82650595       9.5855671       3124.9924       8.9231442        6.7815912          2.141553       3143.1353                 41.282356                  398.0201                           2672.0185                      13.671368               0.23689061              3.3732197                         5.9754568       8.5573608
              1       1579.8854       3.0630553      0.96237176       69.997691     0.022748063      0.11875013     0.057920811           0.49582429   0.00030031908       0.59035361      0.99891813      0.99869198      0.99842539       64.655018      0.24654076       6.6714255      0.27766736       5.9759393       9.5900969        15.408462       74.179293       235.58977       53.940717       40.702845       108.36467       0.0816369        0.13444415        0.25428136      0.31177107         0.5761928       1.6778877   2.1392819e-09       146.92187      0.84239303      0.28879103      0.82650595       9.5855671       3126.2745        7.676619        5.5419485         2.1346704       3144.4175                 41.282356                  398.0201                           2673.3007                      13.671368               0.23689061              3.3732197                         5.9754568       8.5573608
              2       1580.0002       3.0630553      0.96237176       69.997691     0.022748063      0.11875013     0.057920811           0.49582429   0.00030031908       0.59035361      0.99891813      0.99869597      0.99842597        64.65825      0.24674379       6.6794488      0.27464367       5.9749689       9.5888196        15.427386       74.172129       235.46144       53.985588       40.691601       108.38346     0.082060333        0.13411765        0.25325045      0.31092443        0.57734591         1.67881   2.1392819e-09       146.92187      0.84239303      0.28879103      0.82650595       9.5855671        3126.567       7.6452672        5.5090082          2.136259       3144.7099                 41.282356                  398.0201                           2673.5931                      13.671368               0.23689061              3.3732197                         5.9754568       8.5573608
              2        1580.149       3.0630553      0.96237176       69.997691     0.022748063      0.11875013     0.057920811           0.49582429   0.00030031908       0.59035361      0.99891813      0.99891263      0.99835543       65.016258      0.21740107       6.3967693     0.091472729       6.0856349       9.4338445        15.454386       73.010352        240.4648       53.170771       40.393805       109.12356     0.084026958       0.088507129        0.24499554      0.29438559        0.58652287       1.6003481   2.1392819e-09       146.92187      0.84239303      0.28879103      0.82650595       9.5855671       3127.3858       7.3846483        5.3291653         2.0554829       3145.5287                 41.282356                  398.0201                            2674.412                      13.671368               0.23689061              3.3732197                         5.9754568       8.5573608
              2       1573.5756       3.0630553      0.96237176       69.997691     0.022748063      0.11875013     0.057920811           0.49582429   0.00030031908       0.59035361      0.99951606      0.99891263      0.99835543       65.016258      0.21740107       6.3967693     0.091472729       6.0856349       9.4338445        15.454386       73.010352        240.4648       53.170771       40.393805       109.12356     0.084026958       0.088507129        0.24499554      0.29438559        0.58652287       1.6003481   2.1392819e-09       146.92187      0.84239303      0.28879103      0.82650595       9.5855671       3114.3888       7.3097498        5.2542669         2.0554829       3132.5318                 41.072991                 398.01167                           2662.0491                      13.255064               0.23689061              3.3732197                         5.9754568       8.5573608
              8       1573.7959       3.0630553      0.96237176       69.997691     0.022748063      0.11875013     0.057920811           0.49582429   0.00030031908       0.59035361      0.99951606      0.99886728      0.99847377       64.960805      0.17697996       6.5201152     0.004733255       5.8926667       9.9007694        15.469342       72.895127       236.47944       52.578319       40.922073       108.53611      0.11469046       0.085940535        0.33081938      0.30016704        0.53215379       1.5304479   2.1392819e-09       146.92187      0.84239303      0.28879103      0.82650595       9.5855671       3116.7278        6.360537        4.2942187         2.0663183       3134.8707                 41.072991                 398.01167                           2664.3881                      13.255064               0.23689061              3.3732197                         5.9754568       8.5573608
              1       1574.4746       3.0630553      0.96237176       69.997691     0.022748063      0.11875013     0.057920811           0.49582429   0.00030031908       0.59035361      0.99951606      0.99889682      0.99849242       64.969639      0.18333282       6.5352691     0.077198934        5.825704        9.892808         15.44352        72.97382       236.87167       52.686059       40.896239       108.45279      0.12142648       0.084980955        0.33558913      0.29963626        0.52368687       1.5337772   2.1392819e-09       146.92187      0.84239303      0.28879103      0.82650595       9.5855671        3117.956        6.425183        4.3482772         2.0769058       3136.0989                 41.072991                 398.01167                           2665.6163                      13.255064               0.23689061              3.3732197                         5.9754568       8.5573608
              1       1573.7439       3.0630553      0.96237176       69.997691     0.022748063      0.11875013     0.057920811           0.49582429   0.00030031908       0.59035361      0.99951606      0.99895269      0.99847681       64.916532      0.18019033       6.5211305     0.074632449       5.8356343       9.8511515        15.410414       73.029279       237.65279       52.524799       40.880173        108.3202      0.11909651       0.086248574        0.33259564      0.30228956        0.52571861       1.5398569   2.1392819e-09       146.92187      0.84239303      0.28879103      0.82650595       9.5855671       3116.7911       6.2768966        4.2028483         2.0740483        3134.934                 41.072991                 398.01167                           2664.4514                      13.255064               0.23689061              3.3732197                         5.9754568       8.5573608
              1       1568.4619       3.0630553      0.96237176       69.997691     0.022748063      0.11875013     0.057920811           0.49582429   0.00030031908       0.59035361        1.000066      0.99897618      0.99846752       64.904725      0.18285532       6.5769662      0.07451326       5.7335317       9.8381697        15.576431       73.273999       238.91462       51.938141       40.776496        107.7246      0.11732405       0.075386674        0.33909113      0.28079471        0.50167333       1.5626098   2.1392819e-09       146.92187      0.84239303      0.28879103      0.82650595       9.5855671       3105.3567       6.7120345        4.6275473         2.0844872       3123.4997                 40.881547                 397.98045                           2653.6039                      12.890826               0.23689061              3.3732197                         5.9754568       8.5573608
              2       1568.1939       3.0630553      0.96237176       69.997691     0.022748063      0.11875013     0.057920811           0.49582429   0.00030031908       0.59035361        1.000066      0.99897664      0.99847232       64.912549      0.18247171       6.5892069      0.03737886       5.7401223       9.8269665        15.479192       73.207719       238.95563       51.875316       40.833176       107.73917      0.12481323       0.077379069        0.33859964      0.27965731         0.4979871       1.5647905   2.1392819e-09       146.92187      0.84239303      0.28879103      0.82650595       9.5855671       3104.8859       6.6794481        4.5970841          2.082364       3123.0288                 40.881547                 397.98045                           2653.1331                      12.890826               0.23689061              3.3732197                         5.9754568       8.5573608
              1       1571.3405       3.0630553      0.96237176       69.997691     0.022748063      0.11875013     0.057920811           0.49582429   0.00030031908       0.59035361        1.000066      0.99885244      0.99854819       65.349174      0.22538421       7.1513788      0.36680181       5.9707607       9.9798915        16.220175       73.945214        243.4476        52.48749       41.769762       110.28731      0.11092358         0.1366541        0.34202919       0.2186598        0.45464611        1.489154   2.1392819e-09       146.92187      0.84239303      0.28879103      0.82650595       9.5855671       3110.9986       6.7697723        4.4560261         2.3137462       3129.1416                 40.881547                 397.98045                           2659.2458                      12.890826               0.23689061              3.3732197                         5.9754568       8.5573608
              1       1570.0639       3.0630553      0.96237176       69.997691     0.022748063      0.11875013     0.057920811           0.49582429   0.00030031908       0.59035361        1.000066      0.99902436      0.99859288         65.5226      0.21979284       7.2853192      0.17368965       5.9484026         10.0835        16.328663        73.93484       242.87385       52.242304       42.238388       110.05685      0.10053555        0.13058903        0.33477601      0.23085929         0.4689547        1.476736   2.1392819e-09       146.92187      0.84239303      0.28879103      0.82650595       9.5855671       3109.4445       6.2702159        3.9510076         2.3192083       3127.5874                 40.881547                 397.98045                           2657.6917                      12.890826               0.23689061              3.3732197                         5.9754568       8.5573608
              1         1572.74       3.0630553      0.96237176       69.997691     0.022748063      0.11875013     0.057920811           0.49582429   0.00030031908       0.59035361        1.000066      0.99836072      0.99868964       63.820864       0.3278384       7.2313466      0.20085783       6.3394121       9.7919397        16.454028       73.561442       244.94652       49.675048       42.101315       110.04152     0.074559193        0.11257528        0.34805572      0.40038483        0.57911778       1.5709935   2.1392819e-09       146.92187      0.84239303      0.28879103      0.82650595       9.5855671       3107.4294       9.9537901        7.6497117         2.3040784       3125.5723                 40.881547                 397.98045                           2655.6766                      12.890826               0.23689061              3.3732197                         5.9754568       8.5573608
              1         1567.15       3.0630553      0.96237176       69.997691     0.022748063      0.11875013     0.057920811           0.49582429   0.00030031908       0.59035361        1.000066      0.99861435      0.99835746       63.655045       0.3236257       7.1305397       1.3830837       6.2833704       9.4687422        15.910186       73.581926       241.46571       47.642898       42.399739       108.53838      0.08916173        0.19834528        0.44784808      0.38070694        0.62755594       1.5182881   2.1392819e-09       146.92187      0.84239303      0.28879103      0.82650595       9.5855671       3099.0505       8.5533227         5.933721         2.6196017       3117.1934                 40.881547                 397.98045                           2647.2976                      12.890826               0.23689061              3.3732197                         5.9754568       8.5573608
              3       1515.0671       3.0501956       0.9573629       69.997691     0.022572689      0.11726331     0.057357798            0.5206505     0.000311367       0.62610547        1.000066      0.99860101      0.99834249       63.609945      0.30594182       7.2059045       1.3169711       6.2088844        9.435869        15.757602       73.813016       244.07638       47.863011       42.447281       108.67093      0.09246202        0.19709206        0.46015329      0.38717984        0.63546751       1.5225219   2.1119474e-09        147.5147      0.83034121      0.28539832      0.80988186       11.097581       2993.1295       8.6748882        6.0351976         2.6396906       3012.7845                 41.815845                  397.8278                           2544.6597                      8.8261644               0.32578514                3.67023                         7.1015654       8.5573608
              2       1463.9146       3.0410302      0.96022916       69.997691     0.022498539      0.11609932     0.052388726           0.51931918    0.0002884184       0.62819663        1.000066      0.99854861       0.9984095       63.837826      0.30682474       7.1397575       1.3675263       6.1452087       9.9539506        15.832545        73.50918        248.2091       48.279156       43.195355       107.72977     0.096961032        0.19373498        0.46021987      0.39132238        0.66444613       1.5035546   2.0926791e-09       147.90536      0.82269866      0.28287133      0.79886727       12.145785       2889.9704       8.5778112        5.9585053         2.6193059       2910.6735                 40.047956                 396.11684                           2445.2664                      8.5391395               0.39114727              3.8636867                         7.8909509       8.5573608
              1       1462.1893       3.0410302      0.96022916       69.997691     0.022498539      0.11609932     0.052388726           0.51931918    0.0002884184       0.62819663        1.000066      0.99839721      0.99839604       64.333483      0.23151117       7.2586084       1.1425708       7.9131781       8.7764108        16.222051       76.241354       243.24486       43.891445       41.607344       110.76776        0.120338        0.14037554        0.40497165      0.23981161        0.64137278       1.4853456   2.0926791e-09       147.90536      0.82269866      0.28287133      0.79886727       12.145785       2895.7979       3.9388289        1.3321793         2.6066496        2916.501                 40.047956                 396.11684                            2451.094                      8.5391395               0.39114727              3.8636867                         7.8909509       8.5573608
              1       1462.8157       3.0450188      0.95897407       69.997691     0.022335325      0.11558444     0.052247435           0.49815919   0.00028747206       0.62108084        1.000066      0.99839721      0.99839604       64.333483      0.23151117       7.2586084       1.1425708       7.9131781       8.7764108        16.222051       76.241354       243.24486       43.891445       41.607344       110.76776        0.120338        0.14037554        0.40497165      0.23981161        0.64137278       1.4853456   2.1010427e-09       148.21917      0.82236784      0.28148746       0.7965903       13.163552       2896.0328       3.9388289        1.3321793         2.6066496       2917.7537                 41.320939                 396.12864                           2449.6466                      8.9366125               0.45006956              4.0264592                         8.6870228       8.5573608
              1       1462.8159       3.0450188      0.95897407       69.997691     0.022335325      0.11558444     0.052247435           0.49815919   0.00028747206       0.62108084        1.000066      0.99839712        0.998396       64.333404      0.23149847       7.2585955       1.1426144       7.9132549       8.7764618        16.222135       76.241416        243.2448       43.891186       41.607053       110.76734      0.12033117        0.14037273        0.40497303      0.23983089        0.64136517       1.4853407   2.1010427e-09       148.21917      0.82236784      0.28148746       0.7965903       13.163552       2896.0323       3.9392512        1.3325933         2.6066579       2917.7532                 41.320939                 396.12864                           2449.6461                      8.9366125               0.45006956              4.0264592                         8.6870228       8.5573608
              2       1439.3634        3.045444      0.96026561       69.997691     0.022296828      0.11468427     0.056343709           0.50731811   0.00028683442       0.61205581        1.000066      0.99841125      0.99832267       64.378975      0.20353223        7.214688       1.0370411       7.9640168       8.8113751        15.901973       76.195501       241.92101       43.814842       42.466186       110.71694      0.11974516        0.13313254        0.39751703      0.24180784        0.62453494       1.4293594   2.1019361e-09       148.50787       0.8192578       0.2795716      0.79087251       14.019115       2848.0987       4.0258722        1.4811137         2.5447585       2870.6751                 39.848569                 397.25097                           2402.7028                      8.2962977               0.50565242               4.167495                         9.3459678       8.5573608
              1       1438.3885        3.045444      0.96026561       69.997691     0.022296828      0.11468427     0.056343709           0.50731811   0.00028683442       0.61205581       1.0010636      0.99841125      0.99832267       64.378975      0.20353223        7.214688       1.0370411       7.9640168       8.8113751        15.901973       76.195501       241.92101       43.814842       42.466186       110.71694      0.11974516        0.13313254        0.39751703      0.24180784        0.62453494       1.4293594   2.1019361e-09       148.50787       0.8192578       0.2795716      0.79087251       14.019115       2845.9684       4.1160209        1.5712624         2.5447585       2868.5449                 39.511863                 397.25063                           2400.9156                      8.2903729               0.50565242               4.167495                         9.3459678       8.5573608
              1       1437.4633        3.045444      0.96026561       69.997691     0.022296828      0.11468427     0.056343709           0.50731811   0.00028683442       0.61205581       1.0010636      0.99878452       0.9982444       64.311109      0.14481631        7.316734      0.98283218       7.9422442       9.0636233        15.711051       75.855584       244.81405       44.705917       42.657515       110.35691      0.12922607       0.096830401        0.37943364      0.21311953         0.6605303       1.4689554   2.1019361e-09       148.50787       0.8192578       0.2795716      0.79087251       14.019115       2846.3841       2.9829622       0.40021197         2.5827503       2868.9606                 39.511863                 397.25063                           2401.3313                      8.2903729               0.50565242               4.167495                         9.3459678       8.5573608
              1       1437.1217        3.045444      0.96026561       69.997691     0.022296828      0.11468427     0.056343709           0.50731811   0.00028683442       0.61205581       1.0010636      0.99876851      0.99795537       64.250728      0.16295466       6.8318442       1.2477892       7.2666162       9.9285363        14.391115       74.700737        235.8664       41.065372       43.575928       109.29267      0.13672909        0.10466213        0.35032368      0.20045688        0.66157751       1.4883643   2.1019361e-09       148.50787       0.8192578       0.2795716      0.79087251       14.019115       2845.4578        3.104527       0.68832909         2.4161979       2868.0343                 39.511863                 397.25063                           2400.4049                      8.2903729               0.50565242               4.167495                         9.3459678       8.5573608
              3       1435.1466        3.045444      0.96026561       69.997691     0.022296828      0.11468427     0.056343709           0.50731811   0.00028683442       0.61205581       1.0004872      0.99878251      0.99816693       64.684361       0.1481734        6.411714       1.1217447       6.9151868       10.021212        13.982316       74.231886       246.08095        42.40749        41.65969       106.91409      0.12815692        0.10415576        0.39025423      0.11389196         0.5407539       1.4583072   2.1019361e-09       148.50787       0.8192578       0.2795716      0.79087251       14.019115       2838.2212       4.7478148        2.5338067         2.2140081       2860.7976                 39.706068                 397.23807                           2392.9902                       8.286873               0.50565242               4.167495                         9.3459678       8.5573608
              1       1433.5338        3.045444      0.96026561       69.997691     0.022296828      0.11468427     0.056343709           0.50731811   0.00028683442       0.61205581       1.0004872      0.99872658      0.99809515       64.554506      0.14698591       6.4895514      0.89705584        6.750002       10.073928        13.718737       74.361419       240.22071       42.755251       41.678009       107.37428      0.14379537         0.1068868        0.41449905      0.12084384        0.56065421       1.5222762   2.1019361e-09       148.50787       0.8192578       0.2795716      0.79087251       14.019115       2836.0068       4.2421498        2.0485099         2.1936399       2858.5833                 39.706068                 397.23807                           2390.7758                       8.286873               0.50565242               4.167495                         9.3459678       8.5573608
              1       1433.9037        3.045444      0.96026561       69.997691     0.022296828      0.11468427     0.056343709           0.50731811   0.00028683442       0.61205581       1.0004872       0.9987192      0.99785088       64.905405      0.16241419       6.4600784       1.3032565       6.9212066       10.077586        13.161511       73.910729       233.54558       42.039087       41.608531       106.13069     0.099598568       0.073299665        0.40479129      0.15924621        0.57372306       1.5738714   2.1019361e-09       148.50787       0.8192578       0.2795716      0.79087251       14.019115       2835.3346       4.9481946        2.6763685         2.2718261        2857.911                 39.706068                 397.23807                           2390.1036                       8.286873               0.50565242               4.167495                         9.3459678       8.5573608
              1       1433.5909        3.045444      0.96026561       69.997691     0.022296828      0.11468427     0.056343709           0.50731811   0.00028683442       0.61205581       1.0004872      0.99872717      0.99785334       64.882644      0.15859097       6.4898695       1.3038061       6.9537409       10.074453        13.140951       73.802577       233.73076        41.94133       41.730616        106.0659     0.096516419       0.077259029        0.40514099      0.15718712        0.56869598       1.5689761   2.1019361e-09       148.50787       0.8192578       0.2795716      0.79087251       14.019115       2834.7757       4.9148128        2.6313963         2.2834165       2857.3522                 39.706068                 397.23807                           2389.5447                       8.286873               0.50565242               4.167495                         9.3459678       8.5573608
              2       1435.6727        3.045444      0.96026561       69.997691     0.022296828      0.11468427     0.056343709           0.50731811   0.00028683442       0.61205581       1.0004872      0.99875223      0.99785818       65.190125      0.17306715        6.315222       1.2214753       6.9754034       9.9449094         12.23403       73.852093       243.54929       40.844013       41.588665       105.07479      0.12848795       0.079561906        0.44207175      0.14326035        0.60687468       1.4397861   2.1019361e-09       148.50787       0.8192578       0.2795716      0.79087251       14.019115       2840.3906       4.1891373        1.9863833          2.202754       2862.9671                 39.706068                 397.23807                           2395.1596                       8.286873               0.50565242               4.167495                         9.3459678       8.5573608
              2       1437.0657        3.045444      0.96026561       69.997691     0.022296828      0.11468427     0.056343709           0.50731811   0.00028683442       0.61205581       1.0004872      0.99868018      0.99801539       65.098186      0.18010987       6.3754861       1.1173046       7.1326085       9.7807118        12.477699       74.226281       239.22091       39.762149       41.167339       104.68358      0.11638043       0.068794463        0.41643199      0.12952067        0.61272748       1.3977585   2.1019361e-09       148.50787       0.8192578       0.2795716      0.79087251       14.019115       2841.3631       5.0958751        2.8946896         2.2011855       2863.9396                 39.706068                 397.23807                           2396.1321                       8.286873               0.50565242               4.167495                         9.3459678       8.5573608
              2       1436.3952        3.045444      0.96026561       69.997691     0.022296828      0.11468427     0.056343709           0.50731811   0.00028683442       0.61205581       1.0005523      0.99847167      0.99813468       64.593825     0.083064468        6.294768       1.4457187        6.876519       9.6719095         11.57305       73.768308       240.57443       39.617505       39.990039       103.73361      0.09369577       0.065487857        0.43227652      0.20270641        0.55378323       1.3705721   2.1019361e-09       148.50787       0.8192578       0.2795716      0.79087251       14.019115       2836.6242       6.7948476        4.5512028         2.2436447       2859.2007                 39.684089                 397.23807                           2391.4158                      8.2863205               0.50565242               4.167495                         9.3459678       8.5573608
              3       1434.7376        3.045444      0.96026561       69.997691     0.022296828      0.11468427     0.056343709           0.50731811   0.00028683442       0.61205581       1.0005523      0.99840091      0.99823752       64.712802     0.081516996       6.2174151       1.3211441       7.0709019       9.8875304        11.825837       73.692034       238.65687       39.978294       39.510879       103.88705     0.097545048       0.080898228        0.44560995      0.19955337        0.54803241       1.3893592   2.1019361e-09       148.50787       0.8192578       0.2795716      0.79087251       14.019115       2834.5977       6.1505778        3.9591719         2.1914058       2857.1741                 39.684089                 397.23807                           2389.3892                      8.2863205               0.50565242               4.167495                         9.3459678       8.5573608
              3       1432.0141        3.045444      0.96026561       69.997691     0.022296828      0.11468427     0.056343709           0.50731811   0.00028683442       0.61205581       1.0005523      0.99883791      0.99811346       63.952195      0.03823847       6.3015541       1.3889234       8.0387599       9.4084164        11.742189       74.305807       227.86623       39.484531       37.790738       103.56344     0.075224938        0.13284152        0.44061175      0.16932219        0.56889177       1.5291241   2.1019361e-09       148.50787       0.8192578       0.2795716      0.79087251       14.019115       2833.8677       3.7919979        1.5585328         2.2334651       2856.4441                 39.684089                 397.23807                           2388.6592                      8.2863205               0.50565242               4.167495                         9.3459678       8.5573608
              1       1431.6152       3.0451109      0.96028681       69.997691     0.022291223      0.11459176     0.056352624           0.50646247   0.00028639137       0.61140356       1.0005523      0.99883791      0.99811346       63.952195      0.03823847       6.3015541       1.3889234       8.0387599       9.4084164        11.742189       74.305807       227.86623       39.484531       37.790738       103.56344     0.075224938        0.13284152        0.44061175      0.16932219        0.56889177       1.5291241   2.1012361e-09       148.53887      0.81872787      0.27937134      0.79007782       14.114213       2832.9748       3.7919979        1.5585328         2.2334651       2855.6463                 39.611849                 397.23807                           2387.8538                      8.2710565               0.51183128              4.1826973                         9.4196845       8.5573608
              1       1434.4192       3.0451109      0.96028681       69.997691     0.022291223      0.11459176     0.056352624           0.50646247   0.00028639137       0.61140356       1.0005523      0.99851055      0.99797161       63.967123    0.0089397417       6.1174878      0.68803019       7.2624747       9.0100296        12.275052       74.985658        215.5988       42.211334       36.185756       104.05585      0.12288292       0.072156201        0.51810003       0.1812165        0.57851501       1.6586157   2.1012361e-09       148.53887      0.81872787      0.27937134      0.79007782       14.114213       2835.9017       5.1325835        3.0621106         2.0704729       2858.5732                 39.611849                 397.23807                           2390.7807                      8.2710565               0.51183128              4.1826973                         9.4196845       8.5573608
              1       1434.7511       3.0451109      0.96028681       69.997691     0.022291223      0.11459176     0.056352624           0.50646247   0.00028639137       0.61140356      0.99954194      0.99851055      0.99797161       63.967123    0.0089397417       6.1174878      0.68803019       7.2624747       9.0100296        12.275052       74.985658        215.5988       42.211334       36.185756       104.05585      0.12288292       0.072156201        0.51810003       0.1812165        0.57851501       1.6586157   2.1012361e-09       148.53887      0.81872787      0.27937134      0.79007782       14.114213       2836.5807       5.1249676        3.0544948         2.0704729       2859.2523                 39.953881                 397.25141                           2391.0815                      8.2939617               0.51183128              4.1826973                         9.4196845       8.5573608
              1       1430.7384       3.0451109      0.96028681       69.997691     0.022291223      0.11459176     0.056352624           0.50646247   0.00028639137       0.61140356      0.99954194      0.99845906      0.99783216       62.831099     0.018655352       6.2614214       1.2882071       7.7905517       8.7978754        12.309086       75.438587       220.13785       42.198278       36.200276       103.13418      0.13810182        0.12789917         0.5248161      0.20911847        0.58236141       1.7073618   2.1012361e-09       148.53887      0.81872787      0.27937134      0.79007782       14.114213       2830.7767       4.0142316        1.8153821         2.1988494       2853.4483                 39.953881                 397.25141                           2385.2774                      8.2939617               0.51183128              4.1826973                         9.4196845       8.5573608
              2       1430.9587       3.0451109      0.96028681       69.997691     0.022291223      0.11459176     0.056352624           0.50646247   0.00028639137       0.61140356      0.99954194      0.99861737       0.9977332       63.021373     0.034167703       6.0580418       1.3347293       7.6794619       8.8935714        12.377037       75.307533       222.13776       42.339577       36.480366       102.41992      0.14375546        0.13554671         0.5463604      0.22694764        0.57993345       1.7127327   2.1012361e-09       148.53887      0.81872787      0.27937134      0.79007782       14.114213         2831.69       3.7779032        1.6307107         2.1471925       2854.3616                 39.953881                 397.25141                           2386.1908                      8.2939617               0.51183128              4.1826973                         9.4196845       8.5573608
              2       1431.3274       3.0451109      0.96028681       69.997691     0.022291223      0.11459176     0.056352624           0.50646247   0.00028639137       0.61140356      0.99954194      0.99852989      0.99774951       63.316583      0.01953906       6.2121832       1.5807911       7.5447444       9.0049011        12.717336       75.087218       222.31077       43.012252       36.120042       101.40009      0.14585233        0.14270147        0.53850123      0.22189372        0.58804058       1.6846664   2.1012361e-09       148.53887      0.81872787      0.27937134      0.79007782       14.114213       2832.0105       3.9863287        1.7420252         2.2443035       2854.6821                 39.953881                 397.25141                           2386.5113                      8.2939617               0.51183128              4.1826973                         9.4196845       8.5573608
              4       1430.2077       3.0453031       0.9613296       69.997691     0.022211871      0.11419845     0.057664361           0.51836289    0.0002905183       0.61591985      0.99954194      0.99852989      0.99774951       63.316583      0.01953906       6.2121832       1.5807911       7.5447444       9.0049011        12.717336       75.087218       222.31077       43.012252       36.120042       101.40009      0.14585233        0.14270147        0.53850123      0.22189372        0.58804058       1.6846664   2.1016401e-09       148.73934      0.81807919      0.27840669      0.78808771       14.813825       2829.0715       3.9863287        1.7420252         2.2443035       2852.4427                 39.202569                 397.74676                           2383.8474                      8.2748033               0.55389672              4.2853963                         9.9745317       8.5573608
              1       1430.2478       3.0453031       0.9613296       69.997691     0.022211871      0.11419845     0.057664361           0.51836289    0.0002905183       0.61591985      0.99954194      0.99851599       0.9977525       63.323163     0.018989816       6.1884213       1.5046018       7.6096271       8.9114968        12.785996       75.051928       223.33144       42.947015        36.13971       101.60425      0.14357202        0.14281217        0.54016758      0.23013919        0.58872436       1.6940162   2.1016401e-09       148.73934      0.81807919      0.27840669      0.78808771       14.813825       2829.0605       4.0319799        1.8125888         2.2193911       2852.4317                 39.202569                 397.74676                           2383.8364                      8.2748033               0.55389672              4.2853963                         9.9745317       8.5573608
              1        1430.221       3.0453031       0.9613296       69.997691     0.022211871      0.11419845     0.057664361           0.51836289    0.0002905183       0.61591985      0.99954194      0.99849111      0.99772341       63.304784     0.018903569       6.1921815       1.5218451       7.6037413       8.9267494        12.818741       75.159568       223.28687       43.079701       36.120264       101.65126      0.13916338        0.14000817        0.54345634      0.23015285        0.58643923       1.6968611   2.1016401e-09       148.73934      0.81807919      0.27840669      0.78808771       14.813825        2828.797       4.1369358        1.9125886         2.2243473       2852.1682                 39.202569                 397.74676                           2383.5729                      8.2748033               0.55389672              4.2853963                         9.9745317       8.5573608
              1       1430.2321       3.0453031       0.9613296       69.997691     0.022211871      0.11419845     0.057664361           0.51836289    0.0002905183       0.61591985      0.99973693      0.99848855      0.99771505       63.314562     0.019890075       6.1907813        1.516967       7.6112728       8.9252283        12.815745       75.167162         223.083        43.10591       36.111134       101.63492      0.14036604        0.14077385        0.54328256       0.2298268         0.5868239       1.6993523   2.1016401e-09       148.73934      0.81807919      0.27840669      0.78808771       14.813825       2828.8106       4.1411591         1.918335         2.2228241       2852.1818                 39.137415                 397.74702                           2383.6444                      8.2817884               0.55389672              4.2853963                         9.9745317       8.5573608
              3       1430.1779       3.0453031       0.9613296       69.997691     0.022211871      0.11419845     0.057664361           0.51836289    0.0002905183       0.61591985      0.99973693      0.99850071      0.99771683       63.336996     0.019250465       6.1815892        1.512835       7.5918212       8.9773177        12.808488       75.188384       222.80917         43.0217        36.01554       101.51096      0.13861233        0.14009066        0.54473054      0.22778812        0.58772201       1.6979405   2.1016401e-09       148.73934      0.81807919      0.27840669      0.78808771       14.813825        2828.868       4.0582799        1.8394598         2.2188201       2852.2391                 39.137415                 397.74702                           2383.7017                      8.2817884               0.55389672              4.2853963                         9.9745317       8.5573608
              1       1430.1756       3.0453031       0.9613296       69.997691     0.022211871      0.11419845     0.057664361           0.51836289    0.0002905183       0.61591985      0.99973693      0.99850342      0.99773692       63.387137     0.015948922       6.2477311       1.4961866       7.6503683       8.9433332        12.799414       75.213135       222.85835       42.940882       35.989978       101.43596      0.14289149        0.14168456        0.54426085      0.22178133        0.58506978       1.6913092   2.1016401e-09       148.73934      0.81807919      0.27840669      0.78808771       14.813825       2828.7678       4.1061532        1.8680312          2.238122        2852.139                 39.137415                 397.74702                           2383.6016                      8.2817884               0.55389672              4.2853963                         9.9745317       8.5573608
              6       1432.1798       3.0453031       0.9613296       69.997691     0.022211871      0.11419845     0.057664361           0.51836289    0.0002905183       0.61591985      0.99973693      0.99852571       0.9977512       63.231592    0.0047970551       6.2748681       1.6147316       7.4508189       8.8493599        12.730899       74.891207       220.80104       42.938917       35.778775       101.23185      0.15631767        0.18368365        0.55664022      0.24010463        0.58250664       1.6759873   2.1016401e-09       148.73934      0.81807919      0.27840669      0.78808771       14.813825       2829.6869       5.6507968        3.3753594         2.2754374       2853.0581                 39.137415                 397.74702                           2384.5207                      8.2817884               0.55389672              4.2853963                         9.9745317       8.5573608
              1       1432.3986       3.0453031       0.9613296       69.997691     0.022211871      0.11419845     0.057664361           0.51836289    0.0002905183       0.61591985      0.99973693      0.99849231       0.9976912       63.144438    0.0016571446       6.3002464       1.6297125       7.4238826       8.8091432        12.732784       75.163698       221.09802       42.939274       35.850734       101.18843      0.15533868        0.18902988        0.54566369      0.23508115        0.57597839       1.6808452   2.1016401e-09       148.73934      0.81807919      0.27840669      0.78808771       14.813825       2829.4459       5.9900274        3.7011115         2.2889159       2852.8171                 39.137415                 397.74702                           2384.2797                      8.2817884               0.55389672              4.2853963                         9.9745317       8.5573608
              1       1432.6469       3.0453031       0.9613296       69.997691     0.022211871      0.11419845     0.057664361           0.51836289    0.0002905183       0.61591985       1.0000091      0.99849231       0.9976912       63.144438    0.0016571446       6.3002464       1.6297125       7.4238826       8.8091432        12.732784       75.163698       221.09802       42.939274       35.850734       101.18843      0.15533868        0.18902988        0.54566369      0.23508115        0.57597839       1.6808452   2.1016401e-09       148.73934      0.81807919      0.27840669      0.78808771       14.813825       2829.9535       5.9844974        3.6955815         2.2889159       2853.3247                 39.046665                 397.75343                           2384.8583                      8.2951649               0.55389672              4.2853963                         9.9745317       8.5573608
              1       1432.6299       3.0453031       0.9613296       69.997691     0.022211871      0.11419845     0.057664361           0.51836289    0.0002905183       0.61591985       1.0000091      0.99849249      0.99769294       63.142662    0.0013774502       6.3009157       1.6328138       7.4229518       8.8067573        12.729259       75.167343       221.11497       42.939265       35.846266       101.17658      0.15514917        0.18879508        0.54590622      0.23481262        0.57602303       1.6811279   2.1016401e-09       148.73934      0.81807919      0.27840669      0.78808771       14.813825       2829.9447        5.971987        3.6820456         2.2899414       2853.3159                 39.046665                 397.75343                           2384.8494                      8.2951649               0.55389672              4.2853963                         9.9745317       8.5573608
              1       1432.9638       3.0453031       0.9613296       69.997691     0.022211871      0.11419845     0.057664361           0.51836289    0.0002905183       0.61591985       1.0000091      0.99848112       0.9977539       63.026846      0.01806013       6.3139699       1.6586881       7.3836694       8.9589255        12.720182       75.323305          218.91       43.240703       35.831171       101.12716      0.15244354         0.1930016        0.54669155       0.2265286        0.57013461       1.6564293   2.1016401e-09       148.73934      0.81807919      0.27840669      0.78808771       14.813825       2830.2424       6.1570355        3.8554679         2.3015676       2853.6136                 39.046665                 397.75343                           2385.1471                      8.2951649               0.55389672              4.2853963                         9.9745317       8.5573608
              1       1433.0561       3.0453031       0.9613296       69.997691     0.022211871      0.11419845     0.057664361           0.51836289    0.0002905183       0.61591985       1.0000091      0.99848289      0.99775322       63.040199     0.016771609       6.3107125       1.6597469       7.3810631       8.9680788        12.721906       75.325488       218.79074       43.237459       35.824796       101.09791      0.15256781        0.19400477        0.54634215      0.22676811        0.56982567       1.6554838   2.1016401e-09       148.73934      0.81807919      0.27840669      0.78808771       14.813825       2830.3402        6.200382        3.8998568         2.3005252       2853.7114                 39.046665                 397.75343                           2385.2449                      8.2951649               0.55389672              4.2853963                         9.9745317       8.5573608
              1       1433.9619       3.0453031       0.9613296       69.997691     0.022211871      0.11419845     0.057664361           0.51836289    0.0002905183       0.61591985       1.0000091      0.99853389        0.998091       63.554735     0.059587635       6.2526002       2.0324228       7.3296434       8.3438649        13.480626       76.932017       210.92458       43.342667       35.459995        101.3768      0.15457402        0.21263399        0.50554396      0.31051972        0.59264627       1.7659643   2.1016401e-09       148.73934      0.81807919      0.27840669      0.78808771       14.813825        2829.562       7.4953325        5.1203232         2.3750093       2852.9331                 39.046665                 397.75343                           2384.4667                      8.2951649               0.55389672              4.2853963                         9.9745317       8.5573608
              1       1433.9191       3.0453031       0.9613296       69.997691     0.022211871      0.11419845     0.057664361           0.51836289    0.0002905183       0.61591985       1.0000091      0.99838031      0.99801322        63.25768      0.10545159        6.412143        1.991875       7.0126962       8.2068567        13.580983       77.329384       217.43174       44.834418       35.601769       101.19262       0.1612035        0.19064804        0.52805243      0.31913859         0.6048536       1.8276118   2.1016401e-09       148.73934      0.81807919      0.27840669      0.78808771       14.813825       2829.8114        7.327809        4.8897208         2.4380882       2853.1826                 39.046665                 397.75343                           2384.7161                      8.2951649               0.55389672              4.2853963                         9.9745317       8.5573608
              1       1433.9183       3.0432393      0.96059362       69.997691     0.022200595      0.11432982     0.056165526           0.52045464   0.00029058439       0.62726548       1.0000091      0.99838031      0.99801322        63.25768      0.10545159        6.412143        1.991875       7.0126962       8.2068567        13.580983       77.329384       217.43174       44.834418       35.601769       101.19262       0.1612035        0.19064804        0.52805243      0.31913859         0.6048536       1.8276118   2.0973072e-09        148.7172      0.81772289      0.27865179      0.78809114         14.7667        2829.857        7.327809        4.8897208         2.4380882       2853.1811                  39.45228                 397.18496                           2384.9093                      8.3104504               0.54967641              4.2758414                         9.9411826       8.5573608
              2       1433.5746       3.0432393      0.96059362       69.997691     0.022200595      0.11432982     0.056165526           0.52045464   0.00029058439       0.62726548       1.0000091      0.99829449      0.99810146       63.522739      0.10552218       6.4156737        1.909931       7.0670858       8.3248347        13.752387       77.426394       216.03567        45.05444       35.804076       101.10084      0.14131459        0.19403234        0.52898735      0.32012872        0.59333724       1.8611586   2.0973072e-09        148.7172      0.81772289      0.27865179      0.78809114         14.7667       2828.6518       7.5866504        5.1715622         2.4150882       2851.9759                  39.45228                 397.18496                           2383.7042                      8.3104504               0.54967641              4.2758414                         9.9411826       8.5573608
              1       1434.6346       3.0432393      0.96059362       69.997691     0.022200595      0.11432982     0.056165526           0.52045464   0.00029058439       0.62726548      0.99989511      0.99829147       0.9980264       63.704322      0.12419744       6.5612641       2.0509702       6.8540818       8.0104547        14.382139       77.004601       211.02558       44.846445       35.554895       101.83783      0.12351174        0.19046167        0.54101009      0.32926174        0.60555069       1.8553258   2.0973072e-09        148.7172      0.81772289      0.27865179      0.78809114         14.7667       2830.1145       7.9153612        5.3813462         2.5340151       2853.4385                 39.490631                 397.19065                           2385.1294                      8.3038349               0.54967641              4.2758414                         9.9411826       8.5573608
              2        1434.837       3.0432393      0.96059362       69.997691     0.022200595      0.11432982     0.056165526           0.52045464   0.00029058439       0.62726548      0.99989511      0.99864388      0.99749683       63.962516     0.048495902       7.5091019       2.8286756       6.3296546       9.0613474        14.044801        76.73472       207.03471       41.265819       36.294096       97.346388     0.077612809        0.12498883        0.49579498      0.33365119        0.74370224       2.2259257   2.0973072e-09        148.7172      0.81772289      0.27865179      0.78809114         14.7667       2832.5739       6.8879697        3.2842967          3.603673        2855.898                 39.490631                 397.19065                           2387.5888                      8.3038349               0.54967641              4.2758414                         9.9411826       8.5573608
              1       1434.8992       3.0432393      0.96059362       69.997691     0.022200595      0.11432982     0.056165526           0.52045464   0.00029058439       0.62726548      0.99989511      0.99863178       0.9974942       63.978933     0.047024596       7.4958618       2.8318185       6.3118017       9.0466687        14.039789       76.737857       207.30599       41.256766       36.334789       97.414281     0.074918785        0.12452774        0.49226229      0.33333414        0.74603968       2.2283244   2.0973072e-09        148.7172      0.81772289      0.27865179      0.78809114         14.7667       2832.4439       7.0152418        3.4222617         3.5929801       2855.7679                 39.490631                 397.19065                           2387.4588                      8.3038349               0.54967641              4.2758414                         9.9411826       8.5573608
              2       1434.8771       3.0432393      0.96059362       69.997691     0.022200595      0.11432982     0.056165526           0.52045464   0.00029058439       0.62726548      0.99989511      0.99861221       0.9975244       64.155088     0.061472121       7.5394858       2.8495981       6.3176403       9.0572372        13.899766        76.76496       208.65651       41.344531       36.241087        97.26681     0.071984907        0.12203929        0.49426568      0.34081246        0.75475833       2.2339918   2.0973072e-09        148.7172      0.81772289      0.27865179      0.78809114         14.7667       2831.4793       7.4754205        3.8301954         3.6452251       2854.8034                 39.490631                 397.19065                           2386.4942                      8.3038349               0.54967641              4.2758414                         9.9411826       8.5573608
              1        1434.067       3.0432393      0.96059362       69.997691     0.022200595      0.11432982     0.056165526           0.52045464   0.00029058439       0.62726548      0.99989511        0.998553       0.9978118       63.619757     0.073986731       7.6939984       2.3063123       6.5253577       8.6506137        13.393448       76.887867       209.28388       40.018246       36.111458       98.185916     0.087280269         0.1269197        0.47236344      0.35500394        0.75932348       2.1907695   2.0973072e-09        148.7172      0.81772289      0.27865179      0.78809114         14.7667        2830.352       7.2289791        3.7569439         3.4720352       2853.6761                 39.490631                 397.19065                           2385.3669                      8.3038349               0.54967641              4.2758414                         9.9411826       8.5573608
              1       1436.8504       3.0432393      0.96059362       69.997691     0.022200595      0.11432982     0.056165526           0.52045464   0.00029058439       0.62726548      0.99989511      0.99834735      0.99750617       64.129535     0.054604199       8.1616137       2.2841172       6.3997563       8.4143224        13.396168       77.259163       199.36426       38.875663       36.244044        98.58414     0.048918713        0.17766444        0.50766431      0.35394551        0.77413946       2.0725569   2.0973072e-09        148.7172      0.81772289      0.27865179      0.78809114         14.7667       2827.8871       11.244873        7.3308147         3.9140582       2851.2111                 39.490631                 397.19065                           2382.9019                      8.3038349               0.54967641              4.2758414                         9.9411826       8.5573608
              1       1438.4929       3.0432393      0.96059362       69.997691     0.022200595      0.11432982     0.056165526           0.52045464   0.00029058439       0.62726548      0.99989511       0.9982603      0.99752779       64.241048     0.066819645       8.2656345       2.2452669       6.5682202       8.2048333        13.321824       77.623002       205.14455       39.078391       36.366005       99.005166     0.048475296        0.17937838        0.52448797      0.37211135        0.77456562       2.0238303   2.0973072e-09        148.7172      0.81772289      0.27865179      0.78809114         14.7667       2828.8615       12.400162        8.4023741          3.997788       2852.1856                 39.490631                 397.19065                           2383.8764                      8.3038349               0.54967641              4.2758414                         9.9411826       8.5573608
              1       1439.5244       3.0432393      0.96059362       69.997691     0.022200595      0.11432982     0.056165526           0.52045464   0.00029058439       0.62726548      0.99989511      0.99815451      0.99737923       63.952384     0.018850213       8.0192622       2.0187846       6.6082417       8.9010219        13.375909       78.588917       206.69653       38.023674       36.932896       98.300114     0.091314923        0.18517906        0.58257827       0.3683411        0.83061156       1.9393196   2.0973072e-09        148.7172      0.81772289      0.27865179      0.78809114         14.7667       2831.0742       12.325243        8.7177883         3.6074544       2854.3982                 39.490631                 397.19065                           2386.0891                      8.3038349               0.54967641              4.2758414                         9.9411826       8.5573608
              1       1436.9559       3.0432393      0.96059362       69.997691     0.022200595      0.11432982     0.056165526           0.52045464   0.00029058439       0.62726548      0.99989511      0.99817873       0.9979377       63.681971     0.022161914       8.1196021       2.0207545       6.6792583       9.2355931        14.613886       80.456381       203.10552       38.026201       35.885278       98.784772      0.11920149        0.21286511        0.53576361      0.34303595         0.8098951       1.8815056   2.0973072e-09        148.7172      0.81772289      0.27865179      0.78809114         14.7667       2828.8307       10.878475        7.1729549         3.7055198       2852.1548                 39.490631                 397.19065                           2383.8456                      8.3038349               0.54967641              4.2758414                         9.9411826       8.5573608
              1       1434.4589       3.0432393      0.96059362       69.997691     0.022200595      0.11432982     0.056165526           0.52045464   0.00029058439       0.62726548      0.99989511      0.99817622      0.99786043       63.698496     0.040673392       8.0382196       2.0675236       7.3458522       9.2771252        14.626247       79.384183       205.05035       37.581544       35.300056       98.558205      0.14352757        0.19144957        0.53129551      0.26003686        0.77515945       1.7416751   2.0973072e-09        148.7172      0.81772289      0.27865179      0.78809114         14.7667       2830.5717       7.5110657        3.8562643         3.6548015       2853.8957                 39.490631                 397.19065                           2385.5865                      8.3038349               0.54967641              4.2758414                         9.9411826       8.5573608
              2       1435.9874       3.0432393      0.96059362       69.997691     0.022200595      0.11432982     0.056165526           0.52045464   0.00029058439       0.62726548      0.99989511      0.99826341      0.99810964       64.129379     0.044602921       8.0178069       1.9104117       7.5257699       9.8282436        14.790089       77.892305       207.69667       36.794619       34.725814       100.52392      0.19311225         0.1760135        0.56841109      0.30104757        0.80183296       1.8128174   2.0973072e-09        148.7172      0.81772289      0.27865179      0.78809114         14.7667       2831.5375       8.5566174        5.0142831         3.5423343       2854.8616                 39.490631                 397.19065                           2386.5524                      8.3038349               0.54967641              4.2758414                         9.9411826       8.5573608
              2       1436.0517       3.0432393      0.96059362       69.997691     0.022200595      0.11432982     0.056165526           0.52045464   0.00029058439       0.62726548      0.99981823      0.99826341      0.99810964       64.129379     0.044602921       8.0178069       1.9104117       7.5257699       9.8282436        14.790089       77.892305       207.69667       36.794619       34.725814       100.52392      0.19311225         0.1760135        0.56841109      0.30104757        0.80183296       1.8128174   2.0973072e-09        148.7172      0.81772289      0.27865179      0.78809114         14.7667       2831.6625       8.5583805        5.0160463         3.5423343       2854.9866                 39.516508                 397.18293                           2386.6633                       8.299792               0.54967641              4.2758414                         9.9411826       8.5573608
              1       1436.0014       3.0432393      0.96059362       69.997691     0.022200595      0.11432982     0.056165526           0.52045464   0.00029058439       0.62726548      0.99981823       0.9982549      0.99810667       64.125477     0.043692664       8.0130499       1.8878538       7.4989939       9.8153668        14.886162       77.866278       207.68627       36.754529       34.699777       100.55816      0.19250191        0.17662666         0.5715047      0.29909846        0.80108552       1.8107921   2.0973072e-09        148.7172      0.81772289      0.27865179      0.78809114         14.7667       2831.5364       8.5711394         5.046316         3.5248234       2854.8605                 39.516508                 397.18293                           2386.5372                       8.299792               0.54967641              4.2758414                         9.9411826       8.5573608
              1       1436.3126       3.0432393      0.96059362       69.997691     0.022200595      0.11432982     0.056165526           0.52045464   0.00029058439       0.62726548      0.99981823      0.99808748      0.99832825       63.073107     0.030266567         7.61656       1.6931518       7.8240675       9.2280654        15.371266       78.912429       204.25902       36.871407       34.451942       98.929691      0.15006997        0.14874947        0.50943913      0.28208518        0.83689582        1.892804   2.0973072e-09        148.7172      0.81772289      0.27865179      0.78809114         14.7667       2835.5814       6.8598283        3.7766488         3.0831795       2858.9055                 39.516508                 397.18293                           2390.5822                       8.299792               0.54967641              4.2758414                         9.9411826       8.5573608
              1       1434.4512       3.0432393      0.96059362       69.997691     0.022200595      0.11432982     0.056165526           0.52045464   0.00029058439       0.62726548      0.99981823        0.997992       0.9984247       63.232701     0.053020987       7.7975923       1.9542263       7.8993865       9.0747355        15.379233       79.216637       210.67591        37.27978       34.224283       98.130785      0.12998497        0.16513837        0.49622055       0.2266992        0.83100984       1.9916858   2.0973072e-09        148.7172      0.81772289      0.27865179      0.78809114         14.7667       2831.1418       7.2183035        3.8502756         3.3680279       2854.4659                 39.516508                 397.18293                           2386.1426                       8.299792               0.54967641              4.2758414                         9.9411826       8.5573608
              1       1434.8402       3.0432393      0.96059362       69.997691     0.022200595      0.11432982     0.056165526           0.52045464   0.00029058439       0.62726548      0.99981823      0.99790888      0.99835809       63.225252     0.051336551       7.8264795       1.9805602       7.8142751       8.9346074        15.228458       79.319922       210.46908       37.569788       34.288705        97.94137        0.129076        0.16027558        0.50599073      0.21629139        0.83184778         1.94622   2.0973072e-09        148.7172      0.81772289      0.27865179      0.78809114         14.7667       2831.1974       7.5794671        4.1714006         3.4080665       2854.5214                 39.516508                 397.18293                           2386.1982                       8.299792               0.54967641              4.2758414                         9.9411826       8.5573608
              1       1434.9917       3.0432393      0.96059362       69.997691     0.022200595      0.11432982     0.056165526           0.52045464   0.00029058439       0.62726548      0.99981823      0.99795392      0.99837967       63.662553      0.06643036       7.8787753       1.8624727       7.3647021        9.216841        14.947886       80.023484       212.17359       39.190201       33.883899       98.000493      0.13001572        0.11556831        0.44929589        0.242983        0.84924453       1.9408226   2.0973072e-09        148.7172      0.81772289      0.27865179      0.78809114         14.7667       2831.8032       7.4281106        4.0391085         3.3890021       2855.1272                 39.516508                 397.18293                           2386.8039                       8.299792               0.54967641              4.2758414                         9.9411826       8.5573608
              1       1434.2266       3.0432393      0.96059362       69.997691     0.022200595      0.11432982     0.056165526           0.52045464   0.00029058439       0.62726548      0.99981823      0.99780427      0.99846295       64.707936      0.11273387       7.6813521       2.7805265       7.1653982       10.274067        16.165493       79.522767       214.81401       39.958362       35.662322       98.474127      0.13890427        0.14297611        0.46841192      0.22297253        0.79713201       1.8133772   2.0973072e-09        148.7172      0.81772289      0.27865179      0.78809114         14.7667       2830.4121       7.3585215        3.6169381         3.7415834       2853.7361                 39.516508                 397.18293                           2385.4128                       8.299792               0.54967641              4.2758414                         9.9411826       8.5573608
              3       1433.4665       3.0432393      0.96059362       69.997691     0.022200595      0.11432982     0.056165526           0.52045464   0.00029058439       0.62726548       1.0006654      0.99780427      0.99846295       64.707936      0.11273387       7.6813521       2.7805265       7.1653982       10.274067        16.165493       79.522767       214.81401       39.958362       35.662322       98.474127      0.13890427        0.14297611        0.46841192      0.22297253        0.79713201       1.8133772   2.0973072e-09        148.7172      0.81772289      0.27865179      0.78809114         14.7667       2828.8263       7.3912963        3.6497129         3.7415834       2852.1504                 39.232306                 397.17781                           2384.0533                      8.3628712               0.54967641              4.2758414                         9.9411826       8.5573608
              1       1432.7363       3.0432393      0.96059362       69.997691     0.022200595      0.11432982     0.056165526           0.52045464   0.00029058439       0.62726548       1.0006654      0.99830075       0.9983924       64.821616     0.081518047       7.7341261       2.8443292       7.2388585       9.8482663        15.766164       79.929745       214.92687       40.942369       35.674295       97.488405      0.15512497        0.16650347         0.5343009      0.22167997        0.80733941       1.8721344   2.0973072e-09        148.7172      0.81772289      0.27865179      0.78809114         14.7667       2829.4153        6.366647        2.5320867         3.8345604       2852.7394                 39.232306                 397.17781                           2384.6423                      8.3628712               0.54967641              4.2758414                         9.9411826       8.5573608
              3       1429.4946       3.0432393      0.96059362       69.997691     0.022200595      0.11432982     0.056165526           0.52045464   0.00029058439       0.62726548       1.0006654      0.99849548      0.99838208       64.397004     0.093235013       7.3672522       2.4352202       7.5658905       9.7381611        15.600595       80.445294       217.29622       40.331733         37.0856       98.072887      0.09757563        0.14111317        0.48852065      0.23834701        0.78182338       2.0384668   2.0973072e-09        148.7172      0.81772289      0.27865179      0.78809114         14.7667       2827.4489       4.1080933       0.85137227          3.256721        2850.773                 39.232306                 397.17781                           2382.6759                      8.3628712               0.54967641              4.2758414                         9.9411826       8.5573608
              1       1429.4464       3.0432393      0.96059362       69.997691     0.022200595      0.11432982     0.056165526           0.52045464   0.00029058439       0.62726548        1.000635      0.99849548      0.99838208       64.397004     0.093235013       7.3672522       2.4352202       7.5658905       9.7381611        15.600595       80.445294       217.29622       40.331733         37.0856       98.072887      0.09757563        0.14111317        0.48852065      0.23834701        0.78182338       2.0384668   2.0973072e-09        148.7172      0.81772289      0.27865179      0.78809114         14.7667        2827.359       4.1049359       0.84821491          3.256721        2850.683                 39.242451                 397.17781                           2382.5788                      8.3599089               0.54967641              4.2758414                         9.9411826       8.5573608
              4       1429.3592       3.0432393      0.96059362       69.997691     0.022200595      0.11432982     0.056165526           0.52045464   0.00029058439       0.62726548        1.000635      0.99842432      0.99853283       64.359029     0.093817992        7.421073        2.566675       8.0208292        10.13497        15.404875       80.274952       223.09795        39.41537       36.999393         97.5831      0.13428832        0.13294253        0.52367232      0.27107651        0.74500164       2.0938493   2.0973072e-09        148.7172      0.81772289      0.27865179      0.78809114         14.7667       2826.7071       4.3436503       0.97012893         3.3735214       2850.0312                 39.242451                 397.17781                           2381.9269                      8.3599089               0.54967641              4.2758414                         9.9411826       8.5573608
              2       1430.0381       3.0432393      0.96059362       69.997691     0.022200595      0.11432982     0.056165526           0.52045464   0.00029058439       0.62726548        1.000635      0.99828652      0.99842418        64.40635     0.091424087       7.5035596       2.4860596       7.8313216       10.313441        15.514657       80.123744       221.29756       40.607133       37.261456       97.519153      0.16384043        0.17207158        0.52259228      0.25647292        0.74349248       2.1368991   2.0973072e-09        148.7172      0.81772289      0.27865179      0.78809114         14.7667       2825.4831       5.6345457        2.2326827         3.4018629       2848.8072                 39.242451                 397.17781                            2380.703                      8.3599089               0.54967641              4.2758414                         9.9411826       8.5573608
              1        1430.126       3.0432393      0.96059362       69.997691     0.022200595      0.11432982     0.056165526           0.52045464   0.00029058439       0.62726548        1.000635      0.99831911      0.99845557       64.471479     0.092524998       7.4730576       2.3945859       7.7929321       10.262861         15.47756       80.080912       222.32743       40.890732       37.398892       97.640737       0.1730633        0.16318213        0.53014137      0.26130233        0.73729388       2.1442093   2.0973072e-09        148.7172      0.81772289      0.27865179      0.78809114         14.7667       2825.9336       5.4971572        2.1720042          3.325153       2849.2576                 39.242451                 397.17781                           2381.1534                      8.3599089               0.54967641              4.2758414                         9.9411826       8.5573608
              1       1431.4365       3.0432393      0.96059362       69.997691     0.022200595      0.11432982     0.056165526           0.52045464   0.00029058439       0.62726548        1.000635      0.99838718      0.99872422       64.307484      0.11986606       7.4545577       2.3335571       7.9186349       10.785783        15.552644       79.429708       215.23685       41.054803        37.99136         99.3146      0.19859308        0.16424405        0.47112536      0.22511707        0.74294586       2.0911613   2.0973072e-09        148.7172      0.81772289      0.27865179      0.78809114         14.7667       2827.9434       5.8027446        2.5259889         3.2767557       2851.2674                 39.242451                 397.17781                           2383.1632                      8.3599089               0.54967641              4.2758414                         9.9411826       8.5573608
              1       1431.0524       3.0432393      0.96059362       69.997691     0.022200595      0.11432982     0.056165526           0.52045464   0.00029058439       0.62726548        1.000635      0.99842288       0.9986635       64.438848      0.12666932       7.4026028       2.2796206       7.9860675       10.742144        15.510355       78.824818       216.25087       41.349519       38.125367       98.984904      0.18325158        0.16510895        0.45085779      0.23169581         0.7515573       2.0990316   2.0973072e-09        148.7172      0.81772289      0.27865179      0.78809114         14.7667        2828.576       5.1023552        1.8970606         3.2052946       2851.9001                 39.242451                 397.17781                           2383.7959                      8.3599089               0.54967641              4.2758414                         9.9411826       8.5573608
              1       1431.9538       3.0432393      0.96059362       69.997691     0.022200595      0.11432982     0.056165526           0.52045464   0.00029058439       0.62726548        1.000635       0.9985919      0.99859146       64.394819      0.10853376       7.5074147       1.8423869       8.1384005       11.136127        15.796501       78.454176       218.67166       40.601825       37.900342       99.247784      0.17767165        0.18332897        0.47730452      0.21749142        0.75129121       2.1648721   2.0973072e-09        148.7172      0.81772289      0.27865179      0.78809114         14.7667       2831.0862       4.7486823        1.6778261         3.0708562       2854.4103                 39.242451                 397.17781                           2386.3061                      8.3599089               0.54967641              4.2758414                         9.9411826       8.5573608
              1       1431.5939       3.0432393      0.96059362       69.997691     0.022200595      0.11432982     0.056165526           0.52045464   0.00029058439       0.62726548        1.000635      0.99851372      0.99851847        65.62422      0.15747245       7.3201291       1.9337228       8.6817835       11.497667        16.713147       78.865022       218.06027       41.293985       37.234098         98.8818      0.18596859        0.15158306        0.52011976      0.17014186        0.76938743       2.0870499   2.0973072e-09        148.7172      0.81772289      0.27865179      0.78809114         14.7667       2830.8286       4.5175985        1.5451182         2.9724803       2854.1526                 39.242451                 397.17781                           2386.0484                      8.3599089               0.54967641              4.2758414                         9.9411826       8.5573608
              1       1431.7567       3.0432393      0.96059362       69.997691     0.022200595      0.11432982     0.056165526           0.52045464   0.00029058439       0.62726548        1.000635      0.99891669      0.99830074       66.227258      0.14616535       7.6438874       1.9588444       8.1787439       10.771299        15.739432        77.49043       235.33439       39.966871       37.674333       100.30924      0.16287512       0.099743235        0.47063893      0.20487167        0.81904995       2.1584214   2.0973072e-09        148.7172      0.81772289      0.27865179      0.78809114         14.7667        2833.436       3.3766744       0.13760557         3.2390688         2856.76                 39.242451                 397.17781                           2388.6558                      8.3599089               0.54967641              4.2758414                         9.9411826       8.5573608
              1       1431.6791       3.0432393      0.96059362       69.997691     0.022200595      0.11432982     0.056165526           0.52045464   0.00029058439       0.62726548       1.0003433      0.99891669      0.99830074       66.227258      0.14616535       7.6438874       1.9588444       8.1787439       10.771299        15.739432        77.49043       235.33439       39.966871       37.674333       100.30924      0.16287512       0.099743235        0.47063893      0.20487167        0.81904995       2.1584214   2.0973072e-09        148.7172      0.81772289      0.27865179      0.78809114         14.7667       2833.3264       3.3538441       0.11477533         3.2390688       2856.6505                 39.340091                  397.1911                           2388.4611                      8.3340958               0.54967641              4.2758414                         9.9411826       8.5573608
              3       1431.2584       3.0432393      0.96059362       69.997691     0.022200595      0.11432982     0.056165526           0.52045464   0.00029058439       0.62726548       1.0003433      0.99889445      0.99829383       66.254922       0.1463118        7.652307       1.9736877       8.1868489       10.774444        15.681898       77.486272        235.9153       39.741869       37.497826       100.44009      0.15592277          0.102699        0.47672673      0.19601766        0.81496727       2.1542501   2.0973072e-09        148.7172      0.81772289      0.27865179      0.78809114         14.7667       2832.7892       3.2018309     -0.052034534         3.2538654       2856.1132                 39.340091                  397.1911                           2387.9239                      8.3340958               0.54967641              4.2758414                         9.9411826       8.5573608
              1       1429.6274       3.0432393      0.96059362       69.997691     0.022200595      0.11432982     0.056165526           0.52045464   0.00029058439       0.62726548       1.0003433       0.9990184      0.99841875        66.03944      0.14325494       7.7497602       1.8638023       8.2001311       10.766516        16.100127        77.95346       239.46401       39.260933       37.802915       100.18021      0.13583189        0.09544641        0.46621498      0.17787822        0.79053424       2.1791573   2.0973072e-09        148.7172      0.81772289      0.27865179      0.78809114         14.7667       2830.5974       2.6667175      -0.61139763         3.2781151       2853.9214                 39.340091                  397.1911                           2385.7321                      8.3340958               0.54967641              4.2758414                         9.9411826       8.5573608
              1       1429.6602       3.0432393      0.96059362       69.997691     0.022200595      0.11432982     0.056165526           0.52045464   0.00029058439       0.62726548       1.0003433      0.99901275      0.99842256       66.074288      0.13735273       7.7334545       1.8235091       8.2362487       10.741099        16.109569       78.033173        239.3112       39.312991       37.739379       100.19798      0.13129558       0.094605902        0.46220302      0.17432463        0.79401482        2.170252   2.0973072e-09        148.7172      0.81772289      0.27865179      0.78809114         14.7667       2830.5763       2.7099947      -0.53323111         3.2432258       2853.9003                 39.340091                  397.1911                            2385.711                      8.3340958               0.54967641              4.2758414                         9.9411826       8.5573608
              1       1429.4533       3.0432393      0.96059362       69.997691     0.022200595      0.11432982     0.056165526           0.52045464   0.00029058439       0.62726548       1.0003433      0.99902478      0.99839471       66.136225      0.13715154        7.728063       1.8326341       8.3066889       10.698805        16.069743       78.133964       240.76072       39.460409        37.89724       100.26185      0.12994332       0.098140502        0.46699548      0.17337997        0.79483148       2.1838715   2.0973072e-09        148.7172      0.81772289      0.27865179      0.78809114         14.7667       2830.4037        2.589446      -0.65404005          3.243486       2853.7278                 39.340091                  397.1911                           2385.5384                      8.3340958               0.54967641              4.2758414                         9.9411826       8.5573608
              1       1427.7491       3.0432393      0.96059362       69.997691     0.022200595      0.11432982     0.056165526           0.52045464   0.00029058439       0.62726548       1.0003433      0.99939221      0.99846377       65.587387     0.067768045       7.5912999       1.4581704       8.0303579       11.406743        15.826449       78.576327       242.22846       39.942966       37.620132        102.3982      0.12193203        0.11604134         0.4181086      0.17133757        0.71476133       2.3123996   2.0973072e-09        148.7172      0.81772289      0.27865179      0.78809114         14.7667       2830.0633       1.0553819        -1.897995         2.9533769       2853.3874                 39.340091                  397.1911                           2385.1981                      8.3340958               0.54967641              4.2758414                         9.9411826       8.5573608
              1       1428.0064       3.0432393      0.96059362       69.997691     0.022200595      0.11432982     0.056165526           0.52045464   0.00029058439       0.62726548       1.0003433      0.99942644       0.9986625       65.715385      0.06774046       7.5675754       1.6302224       8.1765172       11.330131        15.360558       78.396816       244.91533        39.77263       37.878379       102.34606      0.10761912        0.11017059        0.39153153      0.21405043        0.70976031       2.2912032   2.0973072e-09        148.7172      0.81772289      0.27865179      0.78809114         14.7667       2829.5872       1.5508363       -1.4646896         3.0155259       2852.9112                 39.340091                  397.1911                           2384.7219                      8.3340958               0.54967641              4.2758414                         9.9411826       8.5573608
              2       1428.5453       3.0432393      0.96059362       69.997691     0.022200595      0.11432982     0.056165526           0.52045464   0.00029058439       0.62726548      0.99992971      0.99942644       0.9986625       65.715385      0.06774046       7.5675754       1.6302224       8.1765172       11.330131        15.360558       78.396816       244.91533        39.77263       37.878379       102.34606      0.10761912        0.11017059        0.39153153      0.21405043        0.70976031       2.2912032   2.0973072e-09        148.7172      0.81772289      0.27865179      0.78809114         14.7667       2830.6829       1.5418011       -1.4737248         3.0155259       2854.0069                 39.478991                 397.19065                           2385.7075                      8.3057642               0.54967641              4.2758414                         9.9411826       8.5573608
              1       1428.9761       3.0432393      0.96059362       69.997691     0.022200595      0.11432982     0.056165526           0.52045464   0.00029058439       0.62726548      0.99992971       0.9995014      0.99845043       66.299131     0.074339321       7.5116335       1.8416287       8.3140219       11.405867        15.400863       78.115121       247.80379       39.239008       37.227119       101.40661       0.0978229        0.13569989        0.40638329      0.20625601        0.66632255       2.2403977   2.0973072e-09        148.7172      0.81772289      0.27865179      0.78809114         14.7667       2832.4487       1.0896985       -1.9840586         3.0737571       2855.7728                 39.478991                 397.19065                           2387.4733                      8.3057642               0.54967641              4.2758414                         9.9411826       8.5573608
              3        1429.749       3.0432393      0.96059362       69.997691     0.022200595      0.11432982     0.056165526           0.52045464   0.00029058439       0.62726548      0.99992971      0.99951755       0.9984915       66.339829     0.074635351       7.5599003        1.945322       8.3005774       11.329445        15.309883         78.0405       247.14659       39.257582       37.140466       101.42505     0.093440943        0.14384866        0.40876118      0.20288055        0.67248467       2.2445479   2.0973072e-09        148.7172      0.81772289      0.27865179      0.78809114         14.7667       2833.5376       1.3181571       -1.8450691         3.1632262       2856.8616                 39.478991                 397.19065                           2388.5622                      8.3057642               0.54967641              4.2758414                         9.9411826       8.5573608
              6       1428.1463       3.0389865      0.96071365       69.997691     0.022140602      0.11422115     0.054960558           0.51912796   0.00028677867       0.62447254      0.99992971       0.9995068      0.99838502       65.262565     0.058836377       7.3725875       2.2843144       8.1976043       11.075809        15.585901       77.086214       255.83153       40.824246       36.650615       100.31429     0.060897802        0.15974768        0.46917482      0.29435904        0.67654285       2.3180965   2.0884067e-09       148.81424      0.81591799      0.27830756       0.7858658       15.142129        2826.337        3.128036     -0.055101616         3.1831376       2850.0365                 38.995507                 396.78431                           2382.0441                      8.5131133               0.57101011              4.3270645                         10.244055       8.5573608
              2       1427.8502       3.0389865      0.96071365       69.997691     0.022140602      0.11422115     0.054960558           0.51912796   0.00028677867       0.62447254      0.99992971      0.99958093      0.99843286       65.174921      0.06223095        7.408455       2.2406617       8.1614828       10.966248        15.456236        77.02364       256.63487       41.087074        36.48318       100.36594     0.066886121        0.15990043        0.49419332      0.28574564         0.6594028       2.3320821   2.0884067e-09       148.81424      0.81591799      0.27830756       0.7858658       15.142129       2826.2838       2.8585793      -0.33155923         3.1901385       2849.9832                 38.995507                 396.78431                           2381.9908                      8.5131133               0.57101011              4.3270645                         10.244055       8.5573608
              1       1428.3372       3.0389865      0.96071365       69.997691     0.022140602      0.11422115     0.054960558           0.51912796   0.00028677867       0.62447254      0.99992971      0.99959392      0.99847068       64.840033     0.062115984       7.4377217       2.1605321       8.0770439       10.738575        15.676532       77.405521       255.48675       40.619453       36.766875       100.69576     0.075184443        0.15814832        0.46303863      0.30372719        0.62989364       2.2518867   2.0884067e-09       148.81424      0.81591799      0.27830756       0.7858658       15.142129       2827.3691       2.8029138       -0.3702864         3.1732002       2851.0686                 38.995507                 396.78431                           2383.0762                      8.5131133               0.57101011              4.3270645                         10.244055       8.5573608
              1       1427.6061       3.0389865      0.96071365       69.997691     0.022140602      0.11422115     0.054960558           0.51912796   0.00028677867       0.62447254      0.99992971      0.99921168      0.99842415       64.982735     0.055867255       7.3729428       2.5647178       8.3721856       11.006778        15.150496       77.419016       250.31396       40.602662       37.130769       100.90729      0.11329621         0.1741568        0.49791201      0.32809419        0.65018673       2.1165356   2.0884067e-09       148.81424      0.81591799      0.27830756       0.7858658       15.142129       2824.2689       3.6219184       0.29139735         3.3305211       2847.9684                 38.995507                 396.78431                            2379.976                      8.5131133               0.57101011              4.3270645                         10.244055       8.5573608
              1       1427.3999       3.0389865      0.96071365       69.997691     0.022140602      0.11422115     0.054960558           0.51912796   0.00028677867       0.62447254      0.99992971       0.9993128      0.99831667       65.024663     0.062895042       7.5203986       2.6782739       8.4505986       11.232309         15.41906       77.343184       254.17993       40.476079       36.961463       101.26251      0.10008044        0.15618312        0.50882924      0.32147572        0.65508433       2.0531451   2.0884067e-09       148.81424      0.81591799      0.27830756       0.7858658       15.142129        2824.939       3.0807038      -0.44538038         3.5260842       2848.6385                 38.995507                 396.78431                           2380.6461                      8.5131133               0.57101011              4.3270645                         10.244055       8.5573608
              1       1427.5588       3.0389865      0.96071365       69.997691     0.022140602      0.11422115     0.054960558           0.51912796   0.00028677867       0.62447254      0.99992971      0.99927467      0.99832738       65.013526     0.065964272       7.5796392       2.7866213       8.6186093       10.993783        15.481102        77.34729        255.4173       40.713369       37.373078       101.56538     0.094902978        0.15130734         0.5164172      0.31282131        0.65372668       2.0702068   2.0884067e-09       148.81424      0.81591799      0.27830756       0.7858658       15.142129       2825.1735       3.1223199      -0.52366826         3.6459882        2848.873                 38.995507                 396.78431                           2380.8806                      8.5131133               0.57101011              4.3270645                         10.244055       8.5573608
              1       1428.5444       3.0389865      0.96071365       69.997691     0.022140602      0.11422115     0.054960558           0.51912796   0.00028677867       0.62447254      0.99936523      0.99927467      0.99832738       65.013526     0.065964272       7.5796392       2.7866213       8.6186093       10.993783        15.481102        77.34729        255.4173       40.713369       37.373078       101.56538     0.094902978        0.15130734         0.5164172      0.31282131        0.65372668       2.0702068   2.0884067e-09       148.81424      0.81591799      0.27830756       0.7858658       15.142129        2827.081       3.1541597      -0.49182848         3.6459882       2850.7805                 39.183721                 396.78968                           2382.6777                      8.4299674               0.57101011              4.3270645                         10.244055       8.5573608
              1       1430.6626       3.0389865      0.96071365       69.997691     0.022140602      0.11422115     0.054960558           0.51912796   0.00028677867       0.62447254      0.99936523      0.99898968      0.99836363       64.377097     0.025205985        7.795784       3.3867878       8.7012278       11.187525        15.649846       78.708665       253.18229       42.213742       37.796425       100.71253      0.11249677        0.15030866        0.53237958      0.26463545        0.60944374       2.0881931   2.0884067e-09       148.81424      0.81591799      0.27830756       0.7858658       15.142129       2830.0346        3.795573      -0.46920766         4.2647807       2853.7341                 39.183721                 396.78968                           2385.6313                      8.4299674               0.57101011              4.3270645                         10.244055       8.5573608
              1       1430.4739       3.0389865      0.96071365       69.997691     0.022140602      0.11422115     0.054960558           0.51912796   0.00028677867       0.62447254      0.99941003      0.99898968      0.99836363       64.377097     0.025205985        7.795784       3.3867878       8.7012278       11.187525        15.649846       78.708665       253.18229       42.213742       37.796425       100.71253      0.11249677        0.15030866        0.53237958      0.26463545        0.60944374       2.0881931   2.0884067e-09       148.81424      0.81591799      0.27830756       0.7858658       15.142129       2829.6659       3.7911834       -0.4735973         4.2647807       2853.3654                 39.168747                 396.78968                           2385.2716                      8.4359073               0.57101011              4.3270645                         10.244055       8.5573608
              1       1430.1291       3.0389865      0.96071365       69.997691     0.022140602      0.11422115     0.054960558           0.51912796   0.00028677867       0.62447254      0.99941003      0.99898111      0.99860482        63.41273     0.083980023       7.4917234       3.2598627       8.3454904       10.905763        16.231658       79.232021       250.70369       41.328546       37.951576       100.09435     0.055663805        0.11898936        0.52424961      0.23498237        0.63221762       2.0547788   2.0884067e-09       148.81424      0.81591799      0.27830756       0.7858658       15.142129       2827.7803       4.3892052       0.53700752         3.8521977       2851.4798                 39.168747                 396.78968                            2383.386                      8.4359073               0.57101011              4.3270645                         10.244055       8.5573608
              1       1429.8623       3.0389865      0.96071365       69.997691     0.022140602      0.11422115     0.054960558           0.51912796   0.00028677867       0.62447254      0.99941003      0.99847726       0.9984066       63.932006      0.11211549       7.1127722        1.656839       9.0676786       10.868754        16.427767       80.684551       247.13487       43.621994       37.179766       100.51623     0.031891284       0.078948185        0.57659826       0.2268225         0.6331126       2.2211851   2.0884067e-09       148.81424      0.81591799      0.27830756       0.7858658       15.142129       2821.4704       7.2772894        4.5646101         2.7126792       2845.1699                 39.168747                 396.78968                           2377.0761                      8.4359073               0.57101011              4.3270645                         10.244055       8.5573608
              2       1430.3898       3.0389865      0.96071365       69.997691     0.022140602      0.11422115     0.054960558           0.51912796   0.00028677867       0.62447254      0.99941003      0.99845405      0.99844644        63.98926      0.11102489       7.0263618       1.7503151        8.884883         11.0993        16.696873       80.500821       248.91909       44.032879       36.965325       100.90352     0.038634879       0.070120399        0.58329253      0.22409115          0.637371       2.2218533   2.0884067e-09       148.81424      0.81591799      0.27830756       0.7858658       15.142129       2822.2029       7.4386465         4.743456         2.6951905       2845.9024                 39.168747                 396.78968                           2377.8086                      8.4359073               0.57101011              4.3270645                         10.244055       8.5573608
              1       1428.8128       3.0389865      0.96071365       69.997691     0.022140602      0.11422115     0.054960558           0.51912796   0.00028677867       0.62447254      0.99941003      0.99841054      0.99864949       64.089632      0.11275555       6.8989954       1.8738653       8.6827131       10.703446        16.447265       80.737285       246.60622       45.655405        37.94092       100.14548     0.033335766        0.10736764        0.58492007      0.21281424        0.65052281       2.1665951   2.0884067e-09       148.81424      0.81591799      0.27830756       0.7858658       15.142129       2820.4148       6.7557101        4.0912979         2.6644122       2844.1142                 39.168747                 396.78968                           2376.0204                      8.4359073               0.57101011              4.3270645                         10.244055       8.5573608
              5       1428.7428       3.0389865      0.96071365       69.997691     0.022140602      0.11422115     0.054960558           0.51912796   0.00028677867       0.62447254      0.99941003      0.99842573      0.99861821       64.099857      0.11412418       6.9266605       1.8142161       8.7196206       10.615088         16.43038       80.685468       246.72803       45.772777       38.074084       100.21666     0.038019895        0.10062947        0.59054902      0.20818998        0.64376973       2.1635324   2.0884067e-09       148.81424      0.81591799      0.27830756       0.7858658       15.142129       2820.4703       6.6578819        3.9992897         2.6585922       2844.1697                 39.168747                 396.78968                           2376.0759                      8.4359073               0.57101011              4.3270645                         10.244055       8.5573608
              1        1428.843       3.0389865      0.96071365       69.997691     0.022140602      0.11422115     0.054960558           0.51912796   0.00028677867       0.62447254      0.99941003      0.99891212      0.99855095       64.756444     0.082047787       7.0393029       1.6274034       9.6604516       10.808679        16.399982       80.203225       242.14469       45.106235       37.347988       99.783546     0.026824222        0.14532223        0.59683577      0.23812305        0.68223396       2.1692599   2.0884067e-09       148.81424      0.81591799      0.27830756       0.7858658       15.142129       2822.6627       5.6618939        3.0057846         2.6561093       2846.3622                 39.168747                 396.78968                           2378.2684                      8.4359073               0.57101011              4.3270645                         10.244055       8.5573608
              1       1428.7761       3.0389865      0.96071365       69.997691     0.022140602      0.11422115     0.054960558           0.51912796   0.00028677867       0.62447254      0.99941003      0.99892268      0.99854289       64.774892     0.082215957       7.0452006       1.6079379       9.6373411       10.790583        16.382245       80.179316       242.13184       45.124917       37.379577       99.786858     0.026308384        0.14453153        0.59593463      0.23925589        0.68046101       2.1702402   2.0884067e-09       148.81424      0.81591799      0.27830756       0.7858658       15.142129       2822.5886       5.6320279        2.9796909         2.6523369       2846.2881                 39.168747                 396.78968                           2378.1943                      8.4359073               0.57101011              4.3270645                         10.244055       8.5573608
              1       1429.2208       3.0389865      0.96071365       69.997691     0.022140602      0.11422115     0.054960558           0.51912796   0.00028677867       0.62447254      0.99941003      0.99887858       0.9985164       64.863961     0.088734373       7.0409925       1.5164874       9.6336735       10.796505        16.475272       80.032071       242.44188       45.185024       37.407221       99.656449     0.025276451        0.14912972        0.59270502      0.23531987        0.68812254       2.1492758   2.0884067e-09       148.81424      0.81591799      0.27830756       0.7858658       15.142129       2823.3422       5.6999145        3.0839182         2.6159963       2847.0417                 39.168747                 396.78968                           2378.9479                      8.4359073               0.57101011              4.3270645                         10.244055       8.5573608
              3       1428.5553       3.0389865      0.96071365       69.997691     0.022140602      0.11422115     0.054960558           0.51912796   0.00028677867       0.62447254      0.99941003      0.99885521      0.99866459        64.92666     0.055730384       6.7201278      0.90463436       9.6436877       11.139096        16.179714        80.59256       238.84486       43.841431       38.739766       99.663851      0.03375401        0.11425034        0.59938337      0.25578445        0.71749481       2.1325441   2.0884067e-09       148.81424      0.81591799      0.27830756       0.7858658       15.142129       2822.5491       5.4310299        3.1550373         2.2759927       2846.2486                 39.168747                 396.78968                           2378.1548                      8.4359073               0.57101011              4.3270645                         10.244055       8.5573608
              1       1428.2375       3.0389865      0.96071365       69.997691     0.022140602      0.11422115     0.054960558           0.51912796   0.00028677867       0.62447254      0.99941003      0.99889297       0.9986723       65.010133     0.060364103       6.6911284      0.91219644         9.56327        11.10491        16.282082        80.49262       240.11133       43.883878       38.686253       99.546545     0.038914734        0.11719395        0.58473255      0.26405623        0.71945307       2.1394661   2.0884067e-09       148.81424      0.81591799      0.27830756       0.7858658       15.142129       2823.0763       4.8495541        2.5827848         2.2667693       2846.7758                 39.168747                 396.78968                            2378.682                      8.4359073               0.57101011              4.3270645                         10.244055       8.5573608
              1       1428.1542       3.0389865      0.96071365       69.997691     0.022140602      0.11422115     0.054960558           0.51912796   0.00028677867       0.62447254      0.99941003      0.99891287      0.99873497       65.470342     0.062972551       6.7669362       1.0190268       9.2423711       11.169688        16.456505       81.151224       235.49282       43.641374       38.750834       99.045943     0.049675475        0.11249613         0.5988961      0.25450825        0.73405075       2.0924995   2.0884067e-09       148.81424      0.81591799      0.27830756       0.7858658       15.142129       2823.4828       4.5631092        2.2397639         2.3233453       2847.1823                 39.168747                 396.78968                           2379.0884                      8.4359073               0.57101011              4.3270645                         10.244055       8.5573608
              1       1427.8259       3.0389865      0.96071365       69.997691     0.022140602      0.11422115     0.054960558           0.51912796   0.00028677867       0.62447254      0.99941003      0.99898171      0.99900727       64.160336     0.092250336       6.4037699       1.3709476       8.4611921       12.201196        16.712074       82.547343       233.64854       44.432225       39.897114       102.00264      0.11088807        0.14479425        0.58848476       0.2648059        0.77454332       2.1487927   2.0884067e-09       148.81424      0.81591799      0.27830756       0.7858658       15.142129       2824.8301       3.5611181        1.2945894         2.2665287       2848.5296                 39.168747                 396.78968                           2380.4358                      8.4359073               0.57101011              4.3270645                         10.244055       8.5573608
              2       1428.0625       3.0389865      0.96071365       69.997691     0.022140602      0.11422115     0.054960558           0.51912796   0.00028677867       0.62447254      0.99941003      0.99886967      0.99887715       64.185626     0.097292359       6.4165851       1.3160285       8.3735451       12.030552         16.46898        82.66215       235.74782       44.638182       40.475385       102.14611      0.12399852        0.14687924        0.58250898      0.27750601        0.78209293       2.1012041   2.0884067e-09       148.81424      0.81591799      0.27830756       0.7858658       15.142129       2825.2692       3.5781494        1.3196499         2.2584995       2848.9687                 39.168747                 396.78968                           2380.8748                      8.4359073               0.57101011              4.3270645                         10.244055       8.5573608
              2       1428.3627       3.0389865      0.96071365       69.997691     0.022140602      0.11422115     0.054960558           0.51912796   0.00028677867       0.62447254      0.99941003      0.99872853      0.99863396       64.254444      0.11039405       6.5726969       1.4494856       8.1236027       11.962931         16.63912       82.727693       236.31167        43.98397       41.034464        102.4171      0.14218309        0.13386478        0.53877015      0.28455365        0.73826888       2.0670453   2.0884067e-09       148.81424      0.81591799      0.27830756       0.7858658       15.142129        2827.544       2.7409386       0.38560035         2.3553382       2851.2435                 39.168747                 396.78968                           2383.1497                      8.4359073               0.57101011              4.3270645                         10.244055       8.5573608
              1       1427.1228       3.0389865      0.96071365       69.997691     0.022140602      0.11422115     0.054960558           0.51912796   0.00028677867       0.62447254      0.99941003      0.99817114      0.99871821       63.706205     0.097666202       6.1928779         1.16352       8.1832883       12.219463        16.403571       82.955408        244.0958       44.544428       40.602487       102.38977      0.08684539        0.14491305        0.48627526      0.25210675        0.72724675       2.0594776   2.0884067e-09       148.81424      0.81591799      0.27830756       0.7858658       15.142129       2821.4604       4.5428831        2.3880225         2.1548606       2845.1599                 39.168747                 396.78968                           2377.0661                      8.4359073               0.57101011              4.3270645                         10.244055       8.5573608
              2       1428.7396       3.0389865      0.96071365       69.997691     0.022140602      0.11422115     0.054960558           0.51912796   0.00028677867       0.62447254      0.99941003      0.99810412      0.99881182       64.088858      0.11708331       5.9618136       1.2268094       7.7700966       11.590911        14.758703       81.014536       235.85509       44.881494       39.547966        101.4129      0.11587661        0.10659276        0.49806887      0.20453855        0.65537008       2.0484348   2.0884067e-09       148.81424      0.81591799      0.27830756       0.7858658       15.142129       2824.7554       4.5121849        2.4056327         2.1065522       2848.4549                 39.168747                 396.78968                            2380.361                      8.4359073               0.57101011              4.3270645                         10.244055       8.5573608
              2        1428.313       3.0389865      0.96071365       69.997691     0.022140602      0.11422115     0.054960558           0.51912796   0.00028677867       0.62447254      0.99941003      0.99809628       0.9987873       64.077651      0.11801232       5.9517075       1.2878036       7.7751822       11.631457        14.898481       80.973906        234.5077       44.958583        39.52667       101.12997      0.11512062        0.10863709        0.50382523      0.20377312        0.64653105       2.0496215   2.0884067e-09       148.81424      0.81591799      0.27830756       0.7858658       15.142129        2823.835       4.5457444        2.4327767         2.1129677       2847.5345                 39.168747                 396.78968                           2379.4407                      8.4359073               0.57101011              4.3270645                         10.244055       8.5573608
              1       1428.8991       3.0389865      0.96071365       69.997691     0.022140602      0.11422115     0.054960558           0.51912796   0.00028677867       0.62447254      0.99941003      0.99839872      0.99864149       63.974286      0.13197675       6.2370463       1.2359528       7.7195134        11.94524        14.448188       80.435023        232.7966       44.658577       39.715251       100.98305      0.11149177          0.128818        0.49685659      0.22460269        0.64212369       2.0691479   2.0884067e-09       148.81424      0.81591799      0.27830756       0.7858658       15.142129       2827.6178       3.2404875        1.0594921         2.1809954       2851.3172                 39.168747                 396.78968                           2383.2234                      8.4359073               0.57101011              4.3270645                         10.244055       8.5573608
              2       1428.7978       3.0389865      0.96071365       69.997691     0.022140602      0.11422115     0.054960558           0.51912796   0.00028677867       0.62447254      0.99941003      0.99829164      0.99874177       64.054352      0.11949973       6.3105429       1.0418129       7.6523711       12.144637        14.593924       80.311025       233.31588       44.981129       40.542724        101.1084      0.10044471        0.12910486        0.49284383      0.26241104         0.6195753       2.0091896   2.0884067e-09       148.81424      0.81591799      0.27830756       0.7858658       15.142129       2825.0966       4.3998202        2.2330873         2.1667329        2848.796                 39.168747                 396.78968                           2380.7022                      8.4359073               0.57101011              4.3270645                         10.244055       8.5573608
              1       1429.0137       3.0389865      0.96071365       69.997691     0.022140602      0.11422115     0.054960558           0.51912796   0.00028677867       0.62447254      0.99941003       0.9982976      0.99875774       64.167742      0.12560046        6.322493       1.0618958       7.6053656       12.154647        14.590946       80.168202       236.39623          44.682       40.429291        100.8911     0.094937725        0.11985512        0.49630701      0.26045057        0.61304317       2.0019888   2.0884067e-09       148.81424      0.81591799      0.27830756       0.7858658       15.142129       2825.0832       4.6223328        2.4483766         2.1739562       2848.7827                 39.168747                 396.78968                           2380.6889                      8.4359073               0.57101011              4.3270645                         10.244055       8.5573608
              2       1429.6614       3.0389865      0.96071365       69.997691     0.022140602      0.11422115     0.054960558           0.51912796   0.00028677867       0.62447254      0.99941003       0.9983213      0.99876552        64.58798      0.12557306       6.3761583      0.84097856       7.4828149       12.244403        15.042382       80.311336       236.46552       44.264484       40.530209       101.75244     0.094143389        0.12578789        0.50345109      0.29728045        0.62482805        1.962232   2.0884067e-09       148.81424      0.81591799      0.27830756       0.7858658       15.142129       2825.7252       4.9490938        2.7993024         2.1497914       2849.4246                 39.168747                 396.78968                           2381.3308                      8.4359073               0.57101011              4.3270645                         10.244055       8.5573608
              1        1431.216       3.0389865      0.96071365       69.997691     0.022140602      0.11422115     0.054960558           0.51912796   0.00028677867       0.62447254      0.99941003      0.99878906      0.99882422       65.085759       0.1639149       5.5854399      0.57098911       7.8459683       11.147752         17.06393        82.24111        227.3857       50.804557       41.666549       102.20809      0.12531636        0.12353062        0.60331697      0.25887179        0.52897781       2.0264457   2.0884067e-09       148.81424      0.81591799      0.27830756       0.7858658       15.142129       2830.0691       4.3316858        2.3141317         2.0175541       2853.7686                 39.168747                 396.78968                           2385.6747                      8.4359073               0.57101011              4.3270645                         10.244055       8.5573608
              2       1431.0954       3.0389865      0.96071365       69.997691     0.022140602      0.11422115     0.054960558           0.51912796   0.00028677867       0.62447254      0.99941003       0.9987725      0.99883503       65.181731      0.16951525       5.6194394      0.60516746       7.9494119        11.07681        17.114057       82.270832       227.12471       50.725713       41.606435       102.15754      0.12237262        0.12099266        0.59859313      0.25699561        0.52877758       2.0261168   2.0884067e-09       148.81424      0.81591799      0.27830756       0.7858658       15.142129       2829.8985        4.296354        2.2782882         2.0180657        2853.598                 39.168747                 396.78968                           2385.5042                      8.4359073               0.57101011              4.3270645                         10.244055       8.5573608
              3       1431.1056       3.0389865      0.96071365       69.997691     0.022140602      0.11422115     0.054960558           0.51912796   0.00028677867       0.62447254      0.99941003      0.99877155      0.99883465       65.183366      0.16935874       5.6192092      0.60419414       7.9504592        11.07658        17.112194       82.270767        227.1015       50.729576       41.606605       102.15542      0.12264561        0.12090607        0.59862345      0.25709386        0.52901468       2.0262658   2.0884067e-09       148.81424      0.81591799      0.27830756       0.7858658       15.142129       2829.9225       4.2946028        2.2765513         2.0180515       2853.6219                 39.168747                 396.78968                           2385.5281                      8.4359073               0.57101011              4.3270645                         10.244055       8.5573608
              1       1431.2797       3.0389865      0.96071365       69.997691     0.022140602      0.11422115     0.054960558           0.51912796   0.00028677867       0.62447254      0.99941003      0.99887538        0.998807       65.088024      0.24283417        5.477973      0.37193366       7.5673951        10.76675        16.463053       82.248864       225.49631       50.550739       42.267167        101.6437      0.10343968        0.14237176        0.58650596      0.22940499        0.54652808       1.9327939   2.0884067e-09       148.81424      0.81591799      0.27830756       0.7858658       15.142129       2831.7535       3.5531585        1.5282747         2.0248838        2855.453                 39.168747                 396.78968                           2387.3592                      8.4359073               0.57101011              4.3270645                         10.244055       8.5573608
              2       1431.4896       3.0389865      0.96071365       69.997691     0.022140602      0.11422115     0.054960558           0.51912796   0.00028677867       0.62447254      0.99941003      0.99885293      0.99880398       65.074034      0.24114752       5.4908175      0.41660916       7.5455458       10.750707        16.392724       82.313988       224.52896       50.537134        42.26455       101.69765      0.10162411        0.14161675        0.58644272      0.22466642        0.54867302       1.9400757   2.0884067e-09       148.81424      0.81591799      0.27830756       0.7858658       15.142129       2832.1173       3.5811818        1.5586947         2.0224871       2855.8168                 39.168747                 396.78968                            2387.723                      8.4359073               0.57101011              4.3270645                         10.244055       8.5573608
              1       1432.5154       3.0389865      0.96071365       69.997691     0.022140602      0.11422115     0.054960558           0.51912796   0.00028677867       0.62447254      0.99941003      0.99883179      0.99876624       65.191527      0.24826738       5.4495834      0.31594846       7.5284358       10.692241        16.530471        82.54741       224.09838       51.079733        42.16988       101.32392     0.083587765        0.14158526        0.60170168         0.22998        0.55483355       1.9119766   2.0884067e-09       148.81424      0.81591799      0.27830756       0.7858658       15.142129       2833.0984       4.1164544        2.0869057         2.0295488       2856.7979                 39.168747                 396.78968                           2388.7041                      8.4359073               0.57101011              4.3270645                         10.244055       8.5573608
              1       1433.8449       3.0389865      0.96071365       69.997691     0.022140602      0.11422115     0.054960558           0.51912796   0.00028677867       0.62447254      0.99941003      0.99870031      0.99880664       64.737673      0.27674004       5.3485723      0.31221635       7.4854842       10.881188        16.879552       83.184344       217.62256        51.12208       41.723632       101.29225      0.12246751        0.13433419        0.55799799      0.27888541        0.58102043       1.8812576   2.0884067e-09       148.81424      0.81591799      0.27830756       0.7858658       15.142129       2837.3372       3.3265355        1.2869299         2.0396056       2861.0367                 39.168747                 396.78968                           2392.9429                      8.4359073               0.57101011              4.3270645                         10.244055       8.5573608
              1       1433.7585       3.0389865      0.96071365       69.997691     0.022140602      0.11422115     0.054960558           0.51912796   0.00028677867       0.62447254      0.99933839      0.99870031      0.99880664       64.737673      0.27674004       5.3485723      0.31221635       7.4854842       10.881188        16.879552       83.184344       217.62256        51.12208       41.723632       101.29225      0.12246751        0.13433419        0.55799799      0.27888541        0.58102043       1.8812576   2.0884067e-09       148.81424      0.81591799      0.27830756       0.7858658       15.142129       2837.1501       3.3337079        1.2941023         2.0396056       2860.8495                 39.192692                 396.78968                           2392.7412                      8.4264646               0.57101011              4.3270645                         10.244055       8.5573608
              2       1434.0095       3.0389865      0.96071365       69.997691     0.022140602      0.11422115     0.054960558           0.51912796   0.00028677867       0.62447254      0.99933839       0.9987257      0.99880198       64.748491      0.27496529       5.3395953      0.31688714       7.4989494       10.917241        16.867267       83.209896        217.5688       51.047159       41.718387       101.28278      0.12299968        0.13067223        0.55940905      0.27936243        0.58290166       1.8755705   2.0884067e-09       148.81424      0.81591799      0.27830756       0.7858658       15.142129        2837.841       3.2392064        1.1989171         2.0402893       2861.5405                 39.192692                 396.78968                           2393.4322                      8.4264646               0.57101011              4.3270645                         10.244055       8.5573608
              4       1434.1496       3.0413152       0.9605034       69.997691     0.022262927      0.11446629     0.055961805           0.50663953    0.0002808953        0.6297878      0.99961789       0.9987257      0.99880198       64.748491      0.27496529       5.3395953      0.31688714       7.4989494       10.917241        16.867267       83.209896        217.5688       51.047159       41.718387       101.28278      0.12299968        0.13067223        0.55940905      0.27936243        0.58290166       1.8755705   2.0932756e-09       148.60482      0.81686783       0.2790575      0.78783998       14.342418       2838.9677       3.2158692        1.1755799         2.0402893       2861.8675                 39.272543                 397.08906                           2394.2744                      8.3317269               0.52549979              4.2165144                         9.6004039       8.5573608
              1       1432.3242       3.0413152       0.9605034       69.997691     0.022262927      0.11446629     0.055961805           0.50663953    0.0002808953        0.6297878      0.99961789      0.99880505      0.99883269       64.561742      0.28212165       5.3677387      0.37361995       7.5158213       10.913582         16.93699       83.448328       221.06667        51.64688        41.62744       101.01798      0.12195554        0.12698362        0.53397204      0.24535139        0.59418483       1.8773891   2.0932756e-09       148.60482      0.81686783       0.2790575      0.78783998       14.342418       2837.2548       2.2469463       0.21331538         2.0336309       2860.1546                 39.272543                 397.08906                           2392.5615                      8.3317269               0.52549979              4.2165144                         9.6004039       8.5573608
              1       1432.1179       3.0413152       0.9605034       69.997691     0.022262927      0.11446629     0.055961805           0.50663953    0.0002808953        0.6297878      0.99902998      0.99880505      0.99883269       64.561742      0.28212165       5.3677387      0.37361995       7.5158213       10.913582         16.93699       83.448328       221.06667        51.64688        41.62744       101.01798      0.12195554        0.12698362        0.53397204      0.24535139        0.59418483       1.8773891   2.0932756e-09       148.60482      0.81686783       0.2790575      0.78783998       14.342418        2836.715       2.3105404       0.27690943         2.0336309       2859.6148                  39.46998                 397.11805                           2391.8357                      8.2912491               0.52549979              4.2165144                         9.6004039       8.5573608
              2        1431.982       3.0413152       0.9605034       69.997691     0.022262927      0.11446629     0.055961805           0.50663953    0.0002808953        0.6297878      0.99902998      0.99879838      0.99885176        64.61715      0.27138053       5.3233261      0.22669179       7.4913833        10.91738        16.977774       83.858905       220.47253        51.39568          41.787       100.61962       0.1334872        0.13229778        0.52884917      0.25104166        0.61263353       1.8882845   2.0932756e-09       148.60482      0.81686783       0.2790575      0.78783998       14.342418       2836.7438         2.16025       0.11094829         2.0493017       2859.6436                  39.46998                 397.11805                           2391.8645                      8.2912491               0.52549979              4.2165144                         9.6004039       8.5573608
              3        1433.945       3.0413152       0.9605034       69.997691     0.022262927      0.11446629     0.055961805           0.50663953    0.0002808953        0.6297878      0.99902998      0.99924805      0.99861101       64.591792      0.25283094       5.8307735      0.17992244       7.4375952       11.068628        17.282138       83.660515       222.17454       53.934122       43.464347       99.459394       0.1649016        0.21057982        0.56851186       0.2659321        0.64021077       1.8450674   2.0932756e-09       148.60482      0.81686783       0.2790575      0.78783998       14.342418       2837.2127       3.8887181        1.8711626         2.0175555       2860.1125                  39.46998                 397.11805                           2392.3334                      8.2912491               0.52549979              4.2165144                         9.6004039       8.5573608
              1       1433.7161       3.0413152       0.9605034       69.997691     0.022262927      0.11446629     0.055961805           0.50663953    0.0002808953        0.6297878      0.99902998      0.99924642       0.9985854       64.595684       0.2583147       5.8254413      0.14148055       7.3266442       11.104434        17.222577       83.438948       222.46866       53.764912        43.44364       99.218555      0.15807489        0.20836432        0.57232404      0.27369252        0.64015874       1.8430747   2.0932756e-09       148.60482      0.81686783       0.2790575      0.78783998       14.342418       2836.9407       3.7959037        1.7782734         2.0176303       2859.8405                  39.46998                 397.11805                           2392.0614                      8.2912491               0.52549979              4.2165144                         9.6004039       8.5573608
              2       1433.5312       3.0413152       0.9605034       69.997691     0.022262927      0.11446629     0.055961805           0.50663953    0.0002808953        0.6297878      0.99902998      0.99924999      0.99858746        64.56367      0.25651599       5.8154934      0.17114585       7.3147014       11.096907        17.241344       83.411185       222.70734        53.71162        43.47253       99.336194      0.15625094        0.20803551        0.57203419      0.27135779        0.63761159       1.8420025   2.0932756e-09       148.60482      0.81686783       0.2790575      0.78783998       14.342418        2836.706       3.7283417        1.7107587          2.017583       2859.6058                  39.46998                 397.11805                           2391.8268                      8.2912491               0.52549979              4.2165144                         9.6004039       8.5573608
              1       1428.8733       3.0413152       0.9605034       69.997691     0.022262927      0.11446629     0.055961805           0.50663953    0.0002808953        0.6297878      0.99902998      0.99882033      0.99816143       63.638702      0.26844712       6.1132547     0.074671548        7.487904       10.240684        17.322753       83.423891       238.55232        54.67841       43.744132       98.422479       0.1154637        0.17945286        0.59115164      0.24285387        0.66146191       1.9607438   2.0932756e-09       148.60482      0.81686783       0.2790575      0.78783998       14.342418       2829.4632       2.6918047       0.66721776         2.0245869       2852.3629                  39.46998                 397.11805                           2384.5839                      8.2912491               0.52549979              4.2165144                         9.6004039       8.5573608
              1       1429.4631       3.0413152       0.9605034       69.997691     0.022262927      0.11446629     0.055961805           0.50663953    0.0002808953        0.6297878      0.99902998      0.99852558      0.99823305        64.12528      0.27259901       6.4440863      0.74628979       7.8074219       9.7129099        16.633984       81.076396       233.96981       53.948731       42.923893       98.929272      0.17710483        0.18692458        0.48642943      0.23345595        0.67382986       1.9996455   2.0932756e-09       148.60482      0.81686783       0.2790575      0.78783998       14.342418       2828.7065       3.6599466         1.507745         2.1522015       2851.6063                  39.46998                 397.11805                           2383.8272                      8.2912491               0.52549979              4.2165144                         9.6004039       8.5573608
              1       1429.4281       3.0413152       0.9605034       69.997691     0.022262927      0.11446629     0.055961805           0.50663953    0.0002808953        0.6297878      0.99902998      0.99852301        0.998233       64.122111      0.27143526       6.4423887       0.7502786       7.8169648        9.719945        16.646146       81.083262       234.06071       53.948074        42.93509       98.926667       0.1765852        0.18698128        0.48508216      0.23492432        0.67469219       1.9987117   2.0932756e-09       148.60482      0.81686783       0.2790575      0.78783998       14.342418       2828.6477       3.6544122        1.5019904         2.1524218       2851.5474                  39.46998                 397.11805                           2383.7684                      8.2912491               0.52549979              4.2165144                         9.6004039       8.5573608
              1       1429.6468       3.0413152       0.9605034       69.997691     0.022262927      0.11446629     0.055961805           0.50663953    0.0002808953        0.6297878      0.99902998      0.99849097      0.99824393       64.187721      0.28512534       6.3941564       0.9614811       8.0413299       9.5709334        16.652325       81.317559       232.22029       53.650208       43.112818        98.64764      0.16941446        0.18969378        0.49497421      0.22786978        0.67434195       1.9659016   2.0932756e-09       148.60482      0.81686783       0.2790575      0.78783998       14.342418       2828.9304       3.7317115         1.555088         2.1766235       2851.8302                  39.46998                 397.11805                           2384.0511                      8.2912491               0.52549979              4.2165144                         9.6004039       8.5573608
              3       1431.0595       3.0413152       0.9605034       69.997691     0.022262927      0.11446629     0.055961805           0.50663953    0.0002808953        0.6297878      0.99848471      0.99849097      0.99824393       64.187721      0.28512534       6.3941564       0.9614811       8.0413299       9.5709334        16.652325       81.317559       232.22029       53.650208       43.112818        98.64764      0.16941446        0.18969378        0.49497421      0.22786978        0.67434195       1.9659016   2.0932756e-09       148.60482      0.81686783       0.2790575      0.78783998       14.342418       2831.5389       3.8401263        1.6635028         2.1766235       2854.4387                 39.653897                 397.12428                           2386.4894                      8.2713544               0.52549979              4.2165144                         9.6004039       8.5573608
              1       1433.4378       3.0413152       0.9605034       69.997691     0.022262927      0.11446629     0.055961805           0.50663953    0.0002808953        0.6297878      0.99848471      0.99840268      0.99822565       64.103337      0.26828125       6.2996663      0.66922358       8.3576854       9.5149773        16.142126       81.378977       232.36409       53.866042       42.780042       98.443787       0.1762185        0.20752611        0.51361002      0.22015442        0.68032189       1.9113993   2.0932756e-09       148.60482      0.81686783       0.2790575      0.78783998       14.342418       2833.4087       5.2835473        3.1793728         2.1041745       2856.3084                 39.653897                 397.12428                           2388.3591                      8.2713544               0.52549979              4.2165144                         9.6004039       8.5573608
              3       1434.3091       3.0413152       0.9605034       69.997691     0.022262927      0.11446629     0.055961805           0.50663953    0.0002808953        0.6297878      0.99848471      0.99828942      0.99830092        63.79623      0.31282966       5.9450422       0.1363773        8.264767       9.4668386        16.271071       82.759618       233.84435       52.879201       43.822262       98.767029      0.22426939         0.1922721        0.46615498      0.23188835         0.6581305       1.8865012   2.0932756e-09       148.60482      0.81686783       0.2790575      0.78783998       14.342418       2832.4049       6.6567047        4.6379297          2.018775       2855.3047                 39.653897                 397.12428                           2387.3554                      8.2713544               0.52549979              4.2165144                         9.6004039       8.5573608
              1       1434.2221       3.0413152       0.9605034       69.997691     0.022262927      0.11446629     0.055961805           0.50663953    0.0002808953        0.6297878      0.99848471      0.99837805      0.99843158       64.409703      0.28596691       6.0916893      0.10823473       8.5841492       9.2735996        17.076763       83.413881       219.31356       53.243262       44.578378       98.140547      0.22119755        0.17187698        0.49218061      0.24898056        0.65278583       1.8348903   2.0932756e-09       148.60482      0.81686783       0.2790575      0.78783998       14.342418       2834.3346       5.6048996        3.5803499         2.0245497       2857.2344                 39.653897                 397.12428                           2389.2851                      8.2713544               0.52549979              4.2165144                         9.6004039       8.5573608
              1       1433.6322       3.0413152       0.9605034       69.997691     0.022262927      0.11446629     0.055961805           0.50663953    0.0002808953        0.6297878      0.99848471      0.99859835      0.99847381       64.488141      0.27253997       6.1210143     0.064393407       8.7680149       9.5419515        16.918275       83.688126       223.38283       52.490394       45.078279       98.563316      0.21912992        0.16799476        0.49475001       0.2657075        0.64104552       1.8697464   2.0932756e-09       148.60482      0.81686783       0.2790575      0.78783998       14.342418       2834.7492       4.8076683        2.7829966         2.0246717        2857.649                 39.653897                 397.12428                           2389.6997                      8.2713544               0.52549979              4.2165144                         9.6004039       8.5573608
              2        1435.076       3.0413152       0.9605034       70.002459     0.022262927      0.11446629     0.055961805           0.50663953    0.0002808953        0.6297878      0.99848471      0.99855275      0.99877929       63.557659      0.16097524        6.240083      0.29296458       7.8081617       9.1686053        15.833492       84.307795       218.70708       54.478977       46.375571       99.382447     0.051837269       0.094398653        0.41955056      0.29591997        0.70750349       1.9223749   2.0932756e-09       148.60482      0.81687893      0.27901949      0.78779703       14.379908       2836.4017       5.4199287        3.3688289         2.0510997       2859.3122                 39.656563                 397.12428                           2391.3486                      8.2722514               0.52764977              4.2218385                           9.63042         8.53056
              1        1434.923       3.0413152       0.9605034       70.002459     0.022262927      0.11446629     0.055961805           0.50663953    0.0002808953        0.6297878      0.99848471      0.99855476      0.99877968       63.593416      0.16717557       6.2636694      0.31796529       7.8369333       9.1877247        15.847004       84.269894       219.24618       54.660633       46.439047       99.393127     0.047906379       0.095100665        0.41837435      0.29490487         0.7087122       1.9208511   2.0932756e-09       148.60482      0.81687893      0.27901949      0.78779703       14.379908        2835.821       5.5572639        3.5005284         2.0567355       2858.7314                 39.656563                 397.12428                           2390.7679                      8.2722514               0.52764977              4.2218385                           9.63042         8.53056
              1        1436.161       3.0413152       0.9605034       70.002459     0.022262927      0.11446629     0.055961805           0.50663953    0.0002808953        0.6297878      0.99800108      0.99857796      0.99835021       63.354661      0.17078948        6.184393      0.62479223       8.0581777       9.0777951        16.283836       81.336849       219.39584       55.421192       44.584798       100.56094     0.085365345       0.085200025        0.44443454      0.24424026        0.73667946       1.8550949   2.0932756e-09       148.60482      0.81687893      0.27901949      0.78779703       14.379908       2842.3785       3.5165197        1.4411892         2.0753305        2865.289                 39.820362                 397.12422                           2397.1656                       8.268335               0.52764977              4.2218385                           9.63042         8.53056
              1       1433.9717       3.0413152       0.9605034       70.002459     0.022262927      0.11446629     0.055961805           0.50663953    0.0002808953        0.6297878      0.99800108      0.99872939      0.99831929       63.552011      0.17719259       6.2731432      0.70931589       7.9109732       9.2424745        16.219871       81.589338       218.68999        55.84601       44.189867       100.24693     0.084111294        0.11382145        0.45458199      0.23678214         0.7467325       1.8637246   2.0932756e-09       148.60482      0.81687893      0.27901949      0.78779703       14.379908       2840.2952       2.3688567       0.26500723         2.1038495       2863.2057                 39.820362                 397.12422                           2395.0823                       8.268335               0.52764977              4.2218385                           9.63042         8.53056
              2       1434.1132       3.0413152       0.9605034       70.002459     0.022262927      0.11446629     0.055961805           0.50663953    0.0002808953        0.6297878      0.99800108      0.99874551      0.99829854       63.530379      0.18566728       6.2721502      0.72731147       7.8802139       9.1842828        16.307406       81.757769       218.99843       55.945055       44.192998       100.34118     0.085352278        0.10622818        0.45119036      0.23234457        0.75029685       1.8655918   2.0932756e-09       148.60482      0.81687893      0.27901949      0.78779703       14.379908       2840.4906       2.4126796       0.30654309         2.1061365        2863.401                 39.820362                 397.12422                           2395.2776                       8.268335               0.52764977              4.2218385                           9.63042         8.53056
              1       1434.0915       3.0413152       0.9605034       70.002459     0.022262927      0.11446629     0.055961805           0.50663953    0.0002808953        0.6297878      0.99800108      0.99874961      0.99830853       63.538255      0.18768227       6.2698968      0.73743237       7.8758872       9.1857862        16.264903       81.745023       219.35024       55.896893       44.181293       100.33171     0.087795795        0.10428437        0.45283374      0.23323734         0.7514482       1.8656233   2.0932756e-09       148.60482      0.81687893      0.27901949      0.78779703       14.379908       2840.4712       2.4006797        0.2936267          2.107053       2863.3816                 39.820362                 397.12422                           2395.2582                       8.268335               0.52764977              4.2218385                           9.63042         8.53056
              1       1435.9103       3.0413152       0.9605034       70.002459     0.022262927      0.11446629     0.055961805           0.50663953    0.0002808953        0.6297878      0.99800108       0.9987564      0.99809358       63.870052      0.25563252       5.9205046     0.029215213       8.2803087        8.579364        15.759487       81.932294       213.87105       57.585578       44.446953       101.03443     0.063661194        0.13324008        0.55470817      0.29911392        0.73487939       1.8863615   2.0932756e-09       148.60482      0.81687893      0.27901949      0.78779703       14.379908       2840.6095       4.1503518        2.1328007          2.017551         2863.52                 39.820362                 397.12422                           2395.3966                       8.268335               0.52764977              4.2218385                           9.63042         8.53056
              3       1436.8496       3.0413152       0.9605034       70.002459     0.022262927      0.11446629     0.055961805           0.50663953    0.0002808953        0.6297878      0.99800108      0.99877856      0.99814461        63.87731       0.2427914       5.9864511     0.064084788       8.3309696       8.4497366        15.839688       82.277685       215.68762       57.012487       44.329953       100.83733     0.051621093        0.15117383        0.56851275      0.31856466        0.75846352       1.8429945   2.0932756e-09       148.60482      0.81687893      0.27901949      0.78779703       14.379908        2839.717       5.5358719        3.5171944         2.0186775       2862.6275                 39.820362                 397.12422                           2394.5041                       8.268335               0.52764977              4.2218385                           9.63042         8.53056
              2       1438.0104       3.0413152       0.9605034       70.002459     0.022262927      0.11446629     0.055961805           0.50663953    0.0002808953        0.6297878      0.99800108      0.99869011      0.99805239       64.002367      0.22013605       5.8845506       0.1724057       8.2138132       8.3655041         15.71889       82.512247       212.30238        56.32802       44.279435       100.88689     0.048058219        0.13853975         0.5782861      0.30302326        0.74818418       1.8171424   2.0932756e-09       148.60482      0.81687893      0.27901949      0.78779703       14.379908       2841.8621       5.6241745        3.6061965          2.017978       2864.7725                 39.820362                 397.12422                           2396.6491                       8.268335               0.52764977              4.2218385                           9.63042         8.53056
              1        1437.402       3.0413152       0.9605034       70.002459     0.022262927      0.11446629     0.055961805           0.50663953    0.0002808953        0.6297878      0.99800108      0.99874736      0.99812316       64.053976      0.22993387       6.1634749      0.28077829        8.394654       7.8359055        15.379107       81.940694       212.62834       56.625069       44.964505       100.91743     0.030906013        0.11666978          0.517419      0.29928232        0.74855052       1.9197719   2.0932756e-09       148.60482      0.81687893      0.27901949      0.78779703       14.379908       2839.8549       6.0193163        3.9788434          2.040473       2862.7653                 39.820362                 397.12422                            2394.642                       8.268335               0.52764977              4.2218385                           9.63042         8.53056
              1       1437.4317       3.0413152       0.9605034       70.002459     0.022262927      0.11446629     0.055961805           0.50663953    0.0002808953        0.6297878      0.99800108      0.99851897      0.99831066       63.448134      0.23861727       6.3548987      0.50798826       8.9434254       7.8448098        15.871211       82.732421       216.45578        57.13817       44.305754       100.61602     0.010264504        0.12757929          0.565238       0.2495424         0.7075699       2.0319673   2.0932756e-09       148.60482      0.81687893      0.27901949      0.78779703       14.379908       2836.5976       7.6777062        5.5833461         2.0943601        2859.508                 39.820362                 397.12422                           2391.3846                       8.268335               0.52764977              4.2218385                           9.63042         8.53056
              2       1436.9292       3.0413152       0.9605034       70.002459     0.022262927      0.11446629     0.055961805           0.50663953    0.0002808953        0.6297878      0.99800108      0.99888465      0.99816582       62.862251      0.23984494       6.5043971       1.1309765        8.383802       7.8786383        15.797403       82.635413       222.45054       55.845255       43.186221       97.782521     0.014150611         0.1427974        0.58352084      0.30244543        0.74905426       2.1484352   2.0932756e-09       148.60482      0.81687893      0.27901949      0.78779703       14.379908       2835.6525       7.6477378        5.3994374         2.2483004        2858.563                 39.820362                 397.12422                           2390.4396                       8.268335               0.52764977              4.2218385                           9.63042         8.53056
              2       1440.6271       3.0413152       0.9605034       70.002459     0.022262927      0.11446629     0.055961805           0.50663953    0.0002808953        0.6297878      0.99740955      0.99888465      0.99816582       62.862251      0.23984494       6.5043971       1.1309765        8.383802       7.8786383        15.797403       82.635413       222.45054       55.845255       43.186221       97.782521     0.014150611         0.1427974        0.58352084      0.30244543        0.74905426       2.1484352   2.0932756e-09       148.60482      0.81687893      0.27901949      0.78779703       14.379908        2842.614       7.8649175        5.6166171         2.2483004       2865.5244                 40.021847                 397.13513                           2397.1751                      8.2818846               0.52764977              4.2218385                           9.63042         8.53056
              1       1440.6437       3.0413152       0.9605034       70.002459     0.022262927      0.11446629     0.055961805           0.50663953    0.0002808953        0.6297878      0.99740955      0.99888494      0.99816466       62.860064      0.24038859       6.5023509       1.1338122       8.3917538       7.8764843         15.80044       82.638083       222.51598       55.862943       43.185195       97.789398     0.014225336        0.14270939        0.58407457      0.30247904        0.74941784       2.1478512   2.0932756e-09       148.60482      0.81687893      0.27901949      0.78779703       14.379908        2842.637       7.8699271        5.6217259         2.2482012       2865.5475                 40.021847                 397.13513                           2397.1981                      8.2818846               0.52764977              4.2218385                           9.63042         8.53056
              1       1440.5738       3.0413152       0.9605034       70.002459     0.022262927      0.11446629     0.055961805           0.50663953    0.0002808953        0.6297878      0.99740955      0.99882685      0.99816299       62.871426      0.24184545       6.4626711       1.1827137       8.3816345       7.9077164        15.795534       82.585153       222.72979       55.767668        43.13081       97.885883     0.015633913        0.14419593        0.57717156      0.29689107        0.75744344       2.1510093   2.0932756e-09       148.60482      0.81687893      0.27901949      0.78779703       14.379908       2842.6519       7.7926465        5.5477357         2.2449107       2865.5623                 40.021847                 397.13513                            2397.213                      8.2818846               0.52764977              4.2218385                           9.63042         8.53056
              3       1440.3048       3.0413152       0.9605034       70.002459     0.022262927      0.11446629     0.055961805           0.50663953    0.0002808953        0.6297878      0.99740955      0.99908669      0.99801297       62.363078      0.24061745       7.3863917       1.8187832       8.9499744       7.9911948        16.275751       81.914358       221.97281       55.180129       43.871578       99.252598     0.097205068        0.13239849        0.47261447      0.27209478         0.7874343       2.0630886   2.0932756e-09       148.60482      0.81687893      0.27901949      0.78779703       14.379908       2851.0354       3.3318603       0.36348436         2.9683759       2873.9459                 40.021847                 397.13513                           2405.5966                      8.2818846               0.52764977              4.2218385                           9.63042         8.53056
              2       1438.9808       3.0413152       0.9605034       70.002459     0.022262927      0.11446629     0.055961805           0.50663953    0.0002808953        0.6297878      0.99740955       0.9992838      0.99826672       62.872359      0.27021614       7.4607905      0.84785224       8.4920942       7.9819055        16.410169       81.616362       217.03585         56.2002        43.31895       96.921342      0.12261071        0.14165676        0.51701709        0.171802        0.78830309          2.0324   2.0932756e-09       148.60482      0.81687893      0.27901949      0.78779703       14.379908       2850.5027       2.2742283      -0.34287772         2.6171061       2873.4132                 40.021847                 397.13513                           2405.0639                      8.2818846               0.52764977              4.2218385                           9.63042         8.53056
              1        1436.531       3.0413152       0.9605034       70.002459     0.022262927      0.11446629     0.055961805           0.50663953    0.0002808953        0.6297878      0.99740955      0.99932628       0.9981548       63.188113      0.28957892       7.4316553      0.70297754       8.2850071       7.8106688        16.592764       81.244246       213.61488       55.516715       43.898064       96.626337     0.099702507        0.12200752        0.52430553      0.20350916        0.75017249       2.0379031   2.0932756e-09       148.60482      0.81687893      0.27901949      0.78779703       14.379908       2846.1777        1.986952       -0.5622945         2.5492465       2869.0881                 40.021847                 397.13513                           2400.7388                      8.2818846               0.52764977              4.2218385                           9.63042         8.53056
              1         1431.53       3.0341851      0.95907451       70.002459     0.022224139       0.1142834      0.05361244           0.49859506   0.00029246306       0.62557765      0.99740955      0.99932799      0.99815432       63.181622      0.29037224       7.4319621      0.70471132       8.2873157       7.8129628        16.592663       81.231931       213.62111       55.516683       43.902024       96.623873     0.099584466        0.12266598        0.52444222      0.20364689         0.7503161       2.0365115   2.0784034e-09       148.69535       0.8128221      0.27856715      0.78324897       14.693383       2835.8703       1.9828475      -0.56716396         2.5500115       2859.0942                 40.072068                 396.39287                           2391.0763                      8.3290645                0.5466671              4.2680245                         9.8786915         8.53056
              1       1430.9751       3.0341851      0.95907451       70.002459     0.022224139       0.1142834      0.05361244           0.49859506   0.00029246306       0.62557765      0.99775414      0.99932799      0.99815432       63.181622      0.29037224       7.4319621      0.70471132       8.2873157       7.8129628        16.592663       81.231931       213.62111       55.516683       43.902024       96.623873     0.099584466        0.12266598        0.52444222      0.20364689         0.7503161       2.0365115   2.0784034e-09       148.69535       0.8128221      0.27856715      0.78324897       14.693383       2835.0273       1.8495263      -0.70048516         2.5500115       2858.2512                 39.954354                 396.38924                           2390.3127                      8.3709498                0.5466671              4.2680245                         9.8786915         8.53056
              2       1431.8624       3.0341851      0.95907451       70.150713     0.022224139       0.1142834      0.05361244           0.49859506   0.00029246306       0.62557765      0.99775414      0.99932799      0.99815432       63.181622      0.29037224       7.4319621      0.70471132       8.2873157       7.8129628        16.592663       81.231931       213.62111       55.516683       43.902024       96.623873     0.099584466        0.12266598        0.52444222      0.20364689         0.7503161       2.0365115   2.0784034e-09       148.69535      0.81316313      0.27739097      0.78192161       15.917452       2836.3901       1.8495263      -0.70048516         2.5500115       2860.0257                 40.029275                 396.38092                           2391.4982                      8.4817163               0.61695802              4.4331408                         10.867353       7.7181746
              5       1435.6561       3.0341851      0.95907451       70.150713     0.022224139       0.1142834      0.05361244           0.49859506   0.00029246306       0.62557765      0.99775414      0.99904154      0.99801796        63.58566      0.28451174       6.9231236      0.28359146        7.908218        7.767369        16.398897       81.189469       220.07079       55.958589        43.90402       96.072625     0.078978774       0.063830887        0.57397595      0.19522656        0.68638765       1.9151673   2.0784034e-09       148.69535      0.81316313      0.27739097      0.78192161       15.917452       2838.3702        4.653145        2.4432724         2.2098726       2862.0058                 40.029275                 396.38092                           2393.4783                      8.4817163               0.61695802              4.4331408                         10.867353       7.7181746
              3       1436.6648       3.0341851      0.95907451       70.150713     0.022224139       0.1142834      0.05361244           0.49859506   0.00029246306       0.62557765      0.99830209      0.99904154      0.99801796        63.58566      0.28451174       6.9231236      0.28359146        7.908218        7.767369        16.398897       81.189469       220.07079       55.958589        43.90402       96.072625     0.078978774       0.063830887        0.57397595      0.19522656        0.68638765       1.9151673   2.0784034e-09       148.69535      0.81316313      0.27739097      0.78192161       15.917452       2840.7335       4.4802661        2.2703935         2.2098726       2864.3691                 39.842661                 396.36484                           2395.9433                      8.5827243               0.61695802              4.4331408                         10.867353       7.7181746
              2       1435.1145       3.0341851      0.95907451       70.150713     0.022224139       0.1142834      0.05361244           0.49859506   0.00029246306       0.62557765      0.99830209      0.99908812      0.99783438       64.076087      0.23297789       7.2405412      0.31763828       7.7493687       7.8376733        16.033393       81.745961        218.5972       56.761479       43.972884       96.265697     0.097406276       0.080103656        0.61336296      0.18790781        0.70565312       1.8749552   2.0784034e-09       148.69535      0.81316313      0.27739097      0.78192161       15.917452       2838.4235       4.0848978        1.7466788          2.338219       2862.0591                 39.842661                 396.36484                           2393.6333                      8.5827243               0.61695802              4.4331408                         10.867353       7.7181746
              1       1432.7127       3.0341851      0.95907451       70.150713     0.022224139       0.1142834      0.05361244           0.49859506   0.00029246306       0.62557765      0.99830209      0.99919689      0.99776037        64.14085      0.22955568        7.007276      0.34666355       7.3672447       8.1442298        16.265737       82.946575       225.00288       56.946239       43.853428       97.122045      0.11318466       0.099688894        0.58734666      0.19660445        0.66881535       1.8854232   2.0784034e-09       148.69535      0.81316313      0.27739097      0.78192161       15.917452       2837.0611       2.3643031       0.11138447         2.2529186       2860.6967                 39.842661                 396.36484                           2392.2709                      8.5827243               0.61695802              4.4331408                         10.867353       7.7181746
              2       1431.3562       3.0341851      0.95907451       70.150713     0.022224139       0.1142834      0.05361244           0.49859506   0.00029246306       0.62557765      0.99830209      0.99943589      0.99776474       64.081372      0.20454069       6.8048627       0.6562354       7.2720242       8.3721467         16.76878       82.750865       236.07124       56.537769       43.856128       96.166342      0.11971934       0.075808809        0.52733841      0.13214205        0.64567231       1.9902122   2.0784034e-09       148.69535      0.81316313      0.27739097      0.78192161       15.917452       2834.2553       2.4107037       0.16104174         2.2496619       2857.8909                 39.842661                 396.36484                           2389.4651                      8.5827243               0.61695802              4.4331408                         10.867353       7.7181746
              3       1431.5566       3.0341851      0.95907451       70.150713     0.022224139       0.1142834      0.05361244           0.49859506   0.00029246306       0.62557765      0.99830209      0.99962493      0.99774624       64.207566       0.2261225       6.4051934      0.91368631       7.2588109       8.8283283        16.061728       82.853806        235.9041       57.549495       43.010153       95.827011      0.14070644        0.11424184        0.54603743      0.16854154        0.66316651       2.0278747   2.0784034e-09       148.69535      0.81316313      0.27739097      0.78192161       15.917452       2838.2639      0.60684249       -1.5641655          2.171008       2861.8995                 39.842661                 396.36484                           2393.4737                      8.5827243               0.61695802              4.4331408                         10.867353       7.7181746
              3       1431.5241       3.0341851      0.95907451       70.150713     0.022224139       0.1142834      0.05361244           0.49859506   0.00029246306       0.62557765      0.99830209      0.99940389      0.99770798       64.203073      0.26809503       6.3645928      0.91205339       7.0148754       8.5502153        15.918295       83.009982       240.61072       57.896452       43.627255       95.328843      0.11330933         0.1213437        0.53937146       0.2027575        0.64922935       2.1486537   2.0784034e-09       148.69535      0.81316313      0.27739097      0.78192161       15.917452        2837.297       1.0577885       -1.1011683         2.1589568       2860.9327                 39.842661                 396.36484                           2392.5068                      8.5827243               0.61695802              4.4331408                         10.867353       7.7181746
              1       1430.2596       3.0341851      0.95907451       70.150713     0.022224139       0.1142834      0.05361244           0.49859506   0.00029246306       0.62557765      0.99830209      0.99935246      0.99790507       64.418573      0.20338244       6.2385979       0.7423981       6.9622242       8.4679757        16.283169       83.769682       236.94476       56.240148       43.442326       95.505929     0.086816404       0.095559524        0.50231267      0.21312394        0.65181308       2.1526622   2.0784034e-09       148.69535      0.81316313      0.27739097      0.78192161       15.917452       2833.7333       1.5751615      -0.52564233         2.1008039        2857.369                 39.842661                 396.36484                           2388.9431                      8.5827243               0.61695802              4.4331408                         10.867353       7.7181746
              2       1430.3959       3.0341851      0.95907451       70.150713     0.022224139       0.1142834      0.05361244           0.49859506   0.00029246306       0.62557765      0.99830209      0.99935475      0.99789889       64.445228      0.20369771       6.2378645      0.71408858       6.9627741       8.4626687         16.26825       83.757004       237.08757       56.234931       43.410173       95.452298     0.084114346       0.094619423        0.50272466      0.20959921        0.64937271       2.1513439   2.0784034e-09       148.69535      0.81316313      0.27739097      0.78192161       15.917452       2833.8013       1.6774113      -0.41943066          2.096842       2857.4369                 39.842661                 396.36484                           2389.0111                      8.5827243               0.61695802              4.4331408                         10.867353       7.7181746
              1       1430.7909       3.0341851      0.95907451       70.150713     0.022224139       0.1142834      0.05361244           0.49859506   0.00029246306       0.62557765      0.99830209      0.99942719      0.99787466       64.661435      0.20650877       6.3269294      0.70698284       7.2163642       8.6542214        16.278542       83.486203       229.99012       55.420363       43.834925       95.840162      0.10357673        0.08965468        0.51323453      0.18643586        0.64690866       2.1487466   2.0784034e-09       148.69535      0.81316313      0.27739097      0.78192161       15.917452        2835.433       1.2565821      -0.85925123         2.1158334       2859.0686                 39.842661                 396.36484                           2390.6428                      8.5827243               0.61695802              4.4331408                         10.867353       7.7181746
              1       1430.4548       3.0341851      0.95907451       70.150713     0.022224139       0.1142834      0.05361244           0.49859506   0.00029246306       0.62557765      0.99830209      0.99927184      0.99792278       64.454038      0.20982114       6.5874658      0.69899429       7.0173632       8.8702611        16.299181       83.381505       233.35684       55.465243       43.822273       95.416002     0.096276091       0.092500515        0.50691569      0.14372995        0.63300283       2.1260227   2.0784034e-09       148.69535      0.81316313      0.27739097      0.78192161       15.917452       2833.3359       1.9690238       -0.2165221         2.1855459       2856.9716                 39.842661                 396.36484                           2388.5457                      8.5827243               0.61695802              4.4331408                         10.867353       7.7181746
              4       1429.3133       3.0341851      0.95907451       70.150713     0.022224139       0.1142834      0.05361244           0.49859506   0.00029246306       0.62557765      0.99830209      0.99923144      0.99798161       64.452503      0.18586931       6.6249789       0.3687444       7.1020465       8.8616281        16.523483       83.225303       236.00793       55.442484       43.514221       96.636456      0.09169232       0.091472633        0.49518307      0.15581446        0.59888666       2.1280405   2.0784034e-09       148.69535      0.81316313      0.27739097      0.78192161       15.917452        2830.627        2.182003      0.044612656         2.1373903       2854.2626                 39.842661                 396.36484                           2385.8368                      8.5827243               0.61695802              4.4331408                         10.867353       7.7181746
              1       1428.9975       3.0341851      0.95907451       70.150713     0.022224139       0.1142834      0.05361244           0.49859506   0.00029246306       0.62557765      0.99830209      0.99933258      0.99796679       64.076319      0.20557594       6.5856931      0.68280265       7.4238673       8.9477123        16.670903        82.36824       227.77998        55.46377       43.477556       97.247137      0.08820422       0.090419094         0.4950344       0.1805191        0.62703283       2.0999586   2.0784034e-09       148.69535      0.81316313      0.27739097      0.78192161       15.917452        2831.276       1.5416478      -0.64024166         2.1818895       2854.9116                 39.842661                 396.36484                           2386.4858                      8.5827243               0.61695802              4.4331408                         10.867353       7.7181746
              2       1428.7994       3.0341851      0.95907451       70.150713     0.022224139       0.1142834      0.05361244           0.49859506   0.00029246306       0.62557765      0.99830209      0.99919538      0.99796899       64.739473       0.2478552       6.6248704       1.0225806       7.2615813       9.8985139        17.856807       82.386826       237.21562       59.223426       43.474275       97.901935     0.056929369       0.097436925        0.49826061      0.19616167        0.65000555       2.0684986   2.0784034e-09       148.69535      0.81316313      0.27739097      0.78192161       15.917452        2829.609        2.177104     -0.090695067         2.2677991       2853.2446                 39.842661                 396.36484                           2384.8187                      8.5827243               0.61695802              4.4331408                         10.867353       7.7181746
              1       1429.3783       3.0341851      0.95907451       70.150713     0.022224139       0.1142834      0.05361244           0.49859506   0.00029246306       0.62557765      0.99830209      0.99922038      0.99799679       64.775232      0.24154293       6.6277842       1.0135328       7.2888225       9.8056913        17.838003       82.485652       236.57675       59.473352       43.379138       98.062401     0.047444544       0.096075614        0.50769039      0.19493213        0.65524428       2.0859396   2.0784034e-09       148.69535      0.81316313      0.27739097      0.78192161       15.917452       2829.8835        2.618715       0.35194912         2.2667659       2853.5192                 39.842661                 396.36484                           2385.0933                      8.5827243               0.61695802              4.4331408                         10.867353       7.7181746
              1       1431.0932       3.0341851      0.95907451       70.150713     0.022224139       0.1142834      0.05361244           0.49859506   0.00029246306       0.62557765      0.99830209      0.99934494      0.99808236        64.83214      0.21068297       6.5520304       1.2500981       7.2256627       9.9636142        17.506788       82.598139       237.30435       59.756673       44.245683        97.07032     0.047324229       0.073303531        0.51801943      0.22726205        0.66771781        2.074547   2.0784034e-09       148.69535      0.81316313      0.27739097      0.78192161       15.917452       2832.0035       3.2736151       0.97896218         2.2946529       2855.6391                 39.842661                 396.36484                           2387.2133                      8.5827243               0.61695802              4.4331408                         10.867353       7.7181746
              1       1429.7693       3.0341851      0.95907451       70.150713     0.022224139       0.1142834      0.05361244           0.49859506   0.00029246306       0.62557765       0.9989314      0.99927001      0.99835391       65.006242      0.20942009        6.273776       2.0426717       7.4144841       9.4271719        17.685429       81.663534       254.40027       58.397052       43.724978       96.877281     0.037030907        0.14568398        0.49240339      0.25775348        0.69428187       2.1512608   2.0784034e-09       148.69535      0.81316313      0.27739097      0.78192161       15.917452        2829.922       2.9904788       0.60292343         2.3875553       2853.5576                 39.629624                 396.36629                           2385.2064                      8.7197213               0.61695802              4.4331408                         10.867353       7.7181746
              2       1429.7547       3.0341851      0.95907451       70.150713     0.022224139       0.1142834      0.05361244           0.49859506   0.00029246306       0.62557765      0.99851343      0.99927001      0.99835391       65.006242      0.20942009        6.273776       2.0426717       7.4144841       9.4271719        17.685429       81.663534       254.40027       58.397052       43.724978       96.877281     0.037030907        0.14568398        0.49240339      0.25775348        0.69428187       2.1512608   2.0784034e-09       148.69535      0.81316313      0.27739097      0.78192161       15.917452       2829.7219       3.0759169       0.68836158         2.3875553       2853.3575                 39.770987                 396.36466                             2384.96                      8.6262362               0.61695802              4.4331408                         10.867353       7.7181746
              2       1429.5378       3.0341851      0.95907451       70.150713     0.022224139       0.1142834      0.05361244           0.49859506   0.00029246306       0.62557765      0.99851343      0.99928055      0.99836279       65.006769      0.21135951       6.2731968       2.0564974       7.4041323       9.4023272        17.643114       81.640304       254.36473       58.325685        43.73781       96.881114     0.039540203        0.14610007        0.49303013      0.25762691        0.69848173       2.1462336   2.0784034e-09       148.69535      0.81316313      0.27739097      0.78192161       15.917452       2829.5274       2.9562805       0.56501715         2.3912633       2853.1631                 39.770987                 396.36466                           2384.7656                      8.6262362               0.61695802              4.4331408                         10.867353       7.7181746
              1       1428.9939       3.0341851      0.95907451       70.150713     0.022224139       0.1142834      0.05361244           0.49859506   0.00029246306       0.62557765      0.99851343      0.99945333        0.998179       64.983697      0.26771044       6.0924969       2.0744907       6.8071558       8.9906255        16.866679       82.953039       254.74897       58.972974       43.140421       95.876045     0.079472512       0.097904192          0.368332      0.22715955         0.6563736       2.2321032   2.0784034e-09       148.69535      0.81316313      0.27739097      0.78192161       15.917452       2830.3927       1.9797804      -0.33743377         2.3172141       2854.0283                 39.770987                 396.36466                           2385.6308                      8.6262362               0.61695802              4.4331408                         10.867353       7.7181746
              1       1429.6775       3.0341851      0.95907451       70.150713     0.022224139       0.1142834      0.05361244           0.49859506   0.00029246306       0.62557765      0.99851343      0.99951944      0.99817422       64.905524      0.25759454       6.1874086       2.1028921       6.5768675       8.8662003        16.764807       82.889074       251.42406       58.467986       42.990104       95.569028     0.075022809       0.086815869         0.3948131      0.22348472        0.62956825       2.2257767   2.0784034e-09       148.69535      0.81316313      0.27739097      0.78192161       15.917452       2830.8431       2.4381386      0.072602413         2.3655362       2854.4787                 39.770987                 396.36466                           2386.0812                      8.6262362               0.61695802              4.4331408                         10.867353       7.7181746
              3        1429.457       3.0341851      0.95907451       70.150713     0.022224139       0.1142834      0.05361244           0.49859506   0.00029246306       0.62557765      0.99851343      0.99958427      0.99822013       65.114417      0.27728328       6.0302118       1.9624159        6.492781         8.78491        16.825969       82.269203       253.82573       58.208011       42.892152       95.383224     0.079053014       0.080091849        0.38831409      0.20528327        0.62220292       2.1678972   2.0784034e-09       148.69535      0.81316313      0.27739097      0.78192161       15.917452       2830.2534       2.5125404       0.24747372         2.2650667        2853.889                 39.770987                 396.36466                           2385.4915                      8.6262362               0.61695802              4.4331408                         10.867353       7.7181746
              1       1429.0194       3.0335682      0.95918035       70.150713     0.022230257       0.1143604     0.053156947            0.4974945   0.00029085732       0.62559287      0.99851343      0.99957234      0.99819161       65.031049      0.27073327       6.1958251       2.0181842       6.7758493       8.4083155        17.259961       82.240096       253.63343       58.267431       42.864434       95.947327     0.069078265       0.085208584        0.40500277      0.17731154        0.64149301       2.1047591   2.0771216e-09       148.66719      0.81323695      0.27755989      0.78223065        15.82037       2829.4769       2.5116692       0.16566207         2.3460071       2853.0154                 39.714376                  396.2609                           2384.8748                      8.6267813               0.61073259              4.4192095                         10.790428       7.7181746
              1        1428.784       3.0335682      0.95918035       70.150713     0.022230257       0.1143604     0.053156947            0.4974945   0.00029085732       0.62559287      0.99851343      0.99954809      0.99816983       65.259189      0.24829689       6.2276535        2.007523       6.7484892       8.3606413        17.231698       82.442424       260.07833        57.53873       42.354708       96.288748     0.065428652        0.08834388        0.39929052      0.17330365        0.63134054       2.1269641   2.0771216e-09       148.66719      0.81323695      0.27755989      0.78223065        15.82037       2828.5187       2.7554071       0.39843181         2.3569752       2852.0573                 39.714376                  396.2609                           2383.9166                      8.6267813               0.61073259              4.4192095                         10.790428       7.7181746
              1       1429.2508       3.0335682      0.95918035       70.150713     0.022230257       0.1143604     0.053156947            0.4974945   0.00029085732       0.62559287      0.99851343       0.9995309       0.9982429       65.450033      0.21077674       6.1722793       2.3115706       6.6460824       8.5329853        17.328139       81.933034       259.14142       57.360505       43.212596       96.415368      0.07813928       0.091341706        0.40500979      0.17908866        0.62811635       2.1229294   2.0771216e-09       148.66719      0.81323695      0.27755989      0.78223065        15.82037       2830.4407         2.26119      -0.15753509         2.4187251       2853.9793                 39.714376                  396.2609                           2385.8387                      8.6267813               0.61073259              4.4192095                         10.790428       7.7181746
              1       1428.8208       3.0335682      0.95918035       70.150713     0.022230257       0.1143604     0.053156947            0.4974945   0.00029085732       0.62559287      0.99851343      0.99946382      0.99830416        65.12994      0.20108697       6.0569073       2.4194104       7.0497423       8.4215664        17.454814       82.230795       256.91951       57.934409       43.087434       96.455873      0.10551406        0.10430118        0.42710579      0.18852711        0.63474943       2.1071757   2.0771216e-09       148.66719      0.81323695      0.27755989      0.78223065        15.82037       2831.9077       1.0977017       -1.2984332         2.3961348       2855.4462                 39.714376                  396.2609                           2387.3056                      8.6267813               0.61073259              4.4192095                         10.790428       7.7181746
              1       1429.2747       3.0335682      0.95918035       70.150713     0.022230257       0.1143604     0.053156947            0.4974945   0.00029085732       0.62559287      0.99851343       0.9995476      0.99829998       65.186927      0.20044469       6.0466742       2.3751806       7.0058886       8.4644594        17.488871        82.22565       258.66523       58.185782       43.024486       96.302404      0.11625023       0.093623449        0.44302003       0.1966703        0.63696568       2.1210667   2.0771216e-09       148.66719      0.81323695      0.27755989      0.78223065        15.82037       2832.9872       1.0118396       -1.3669214          2.378761       2856.5257                 39.714376                  396.2609                           2388.3851                      8.6267813               0.61073259              4.4192095                         10.790428       7.7181746
              1       1429.7692       3.0339734      0.95912238       70.150713     0.022236261      0.11438041      0.05300086            0.4983493   0.00029076643       0.62574341      0.99947935      0.99920407      0.99826121       66.381759      0.28816196        5.497225       2.2439579       6.6539371       8.8302473        17.108329       82.043418       254.72867       58.221224       42.655621       94.620331      0.18467611        0.15900537        0.42192952      0.23546453        0.66796615       2.1007165   2.0779634e-09       148.65524       0.8134482      0.27761273      0.78250832       15.774665       2832.4661       1.7897755      -0.35944836         2.1492239       2855.9589                 39.534581                 396.24104                            2387.941                      8.7494866                0.6080268              4.4130515                         10.753586       7.7181746
              3       1430.1525       3.0339734      0.95912238       70.150713     0.022236261      0.11438041      0.05300086            0.4983493   0.00029076643       0.62574341      0.99947935      0.99918592      0.99829722       66.424232      0.29828271       5.5247278       2.5905245       6.4803937       8.8461424        17.636876       82.510911       257.29948       58.375829       42.311267       94.885535      0.17663829        0.15555045        0.40779151      0.27655235         0.6454493       2.0612377   2.0779634e-09       148.65524       0.8134482      0.27761273      0.78250832       15.774665       2832.4446        2.183817     -0.040691741         2.2245088       2855.9374                 39.534581                 396.24104                           2387.9195                      8.7494866                0.6080268              4.4130515                         10.753586       7.7181746
              1        1431.632       3.0339734      0.95912238       70.150713     0.022236261      0.11438041      0.05300086            0.4983493   0.00029076643       0.62574341      0.99947935      0.99901824      0.99813765       66.767363      0.30389239       5.3839371       2.8047358        6.553874       8.5976769        17.840917       81.902429       257.35741       59.354598       42.398378       94.849304      0.19030491        0.14384019        0.42044587      0.24682729        0.62047861       2.1333706   2.0779634e-09       148.65524       0.8134482      0.27761273      0.78250832       15.774665       2834.4969       2.6370825       0.41493751          2.222145       2857.9898                 39.534581                 396.24104                           2389.9718                      8.7494866                0.6080268              4.4130515                         10.753586       7.7181746
              1       1430.7999       3.0339734      0.95912238       70.150713     0.022236261      0.11438041      0.05300086            0.4983493   0.00029076643       0.62574341      0.99947935      0.99902643      0.99835175       66.824535        0.264651        5.220128       3.2605539       6.6749338       9.0573652        17.879007       81.543923       256.79961       58.909608       41.409194       95.134376      0.16724238        0.17040055        0.39329941      0.21068572        0.61737402       2.1830912   2.0779634e-09       148.65524       0.8134482      0.27761273      0.78250832       15.774665       2833.0847       2.5111244       0.24558751         2.2655369       2856.5775                 39.534581                 396.24104                           2388.5596                      8.7494866                0.6080268              4.4130515                         10.753586       7.7181746
              4       1432.9043       3.0339734      0.95912238       70.150713     0.022236261      0.11438041      0.05300086            0.4983493   0.00029076643       0.62574341      0.99947935      0.99940426      0.99843386       66.878376      0.28239725       5.2540661       3.8772373        6.913166       8.8791797        17.773881       81.708195       255.56098       59.145197       42.377853       96.164122      0.17882081        0.13167537        0.35773943      0.23453547        0.62132458       2.2723981   2.0779634e-09       148.65524       0.8134482      0.27761273      0.78250832       15.774665       2838.0738       2.1209908      -0.32707256         2.4480634       2861.5666                 39.534581                 396.24104                           2393.5487                      8.7494866                0.6080268              4.4130515                         10.753586       7.7181746
              1       1432.4117       3.0339734      0.95912238       70.150713     0.022236261      0.11438041      0.05300086            0.4983493   0.00029076643       0.62574341      0.99947935      0.99918905      0.99803847       66.494843      0.23203997       5.3844037       4.0381391       6.9822238       8.4181538        17.435111       80.742665       266.59265       58.714305       42.276488        95.79477      0.11939036        0.16066955        0.38131581      0.23519171        0.64699101       2.2561714   2.0779634e-09       148.65524       0.8134482      0.27761273      0.78250832       15.774665       2837.3737       1.9783866      -0.59152956         2.5699162       2860.8666                 39.534581                 396.24104                           2392.8486                      8.7494866                0.6080268              4.4130515                         10.753586       7.7181746
              1       1431.8675       3.0339734      0.95912238       70.150713     0.022236261      0.11438041      0.05300086            0.4983493   0.00029076643       0.62574341      0.99947935      0.99913224      0.99800375       66.378904      0.25732999       5.7189018        4.283359       7.1784947       8.2146945         17.60533       81.112509         261.696       58.539488       41.363141       96.375385       0.1254888        0.16563065        0.41917714      0.23115356         0.6425375       2.3211459   2.0779634e-09       148.65524       0.8134482      0.27761273      0.78250832       15.774665       2835.5823       2.3299538      -0.54722058         2.8771743       2859.0751                 39.534581                 396.24104                           2391.0572                      8.7494866                0.6080268              4.4130515                         10.753586       7.7181746
              1       1431.7014       3.0339734      0.95912238       70.150713     0.022236261      0.11438041      0.05300086            0.4983493   0.00029076643       0.62574341      0.99959577      0.99913224      0.99800375       66.378904      0.25732999       5.7189018        4.283359       7.1784947       8.2146945         17.60533       81.112509         261.696       58.539488       41.363141       96.375385       0.1254888        0.16563065        0.41917714      0.23115356         0.6425375       2.3211459   2.0779634e-09       148.65524       0.8134482      0.27761273      0.78250832       15.774665       2835.2672       2.3213399      -0.55583441         2.8771743       2858.7601                 39.495377                 396.25204                            2390.742                      8.7777722                0.6080268              4.4130515                         10.753586       7.7181746
              1       1431.7745       3.0339734      0.95912238       70.150713     0.022236261      0.11438041      0.05300086            0.4983493   0.00029076643       0.62574341      0.99959577      0.99900348      0.99788659       66.594797       0.3059325       5.5835073        4.467701        7.117323       8.4463418        16.735236       80.231857       255.83654       58.888017        40.85045       96.226283      0.12016012        0.15337317        0.44136615      0.23104142        0.61379721       2.2304474   2.0779634e-09       148.65524       0.8134482      0.27761273      0.78250832       15.774665       2835.2549       2.4005832      -0.46253655         2.8631198       2858.7478                 39.495377                 396.25204                           2390.7297                      8.7777722                0.6080268              4.4130515                         10.753586       7.7181746
              2       1430.7741       3.0339734      0.95912238       70.150713     0.022236261      0.11438041      0.05300086            0.4983493   0.00029076643       0.62574341      0.99959577      0.99898053      0.99784102       66.679908      0.29318648       5.7969011        4.371176       6.8265268       8.5097899        16.943246       78.757514       262.43244       57.752876       40.293646       94.726597     0.096266681        0.15269897        0.47592386      0.22149154        0.59657312       2.2173976   2.0779634e-09       148.65524       0.8134482      0.27761273      0.78250832       15.774665       2831.8407       3.1073916       0.13477852         2.9726131       2855.3335                 39.495377                 396.25204                           2387.3155                      8.7777722                0.6080268              4.4130515                         10.753586       7.7181746
              1       1435.2549       3.0339734      0.95912238       70.150713     0.022236261      0.11438041      0.05300086            0.4983493   0.00029076643       0.62574341      0.99959577      0.99929946       0.9976531       65.721249      0.23599718       5.6017647       3.8148026       7.4855733       7.4722934        14.688703       77.291921       265.03124       56.582193       40.431481       94.876211     0.033437846       0.055037193        0.36449852      0.24311678         0.6352428       1.8183026   2.0779634e-09       148.65524       0.8134482      0.27761273      0.78250832       15.774665       2832.2112       7.4028458        4.7884709         2.6143749       2855.7041                 39.495377                 396.25204                           2387.6861                      8.7777722                0.6080268              4.4130515                         10.753586       7.7181746
              2       1436.0286       3.0339734      0.95912238       70.150713     0.022236261      0.11438041      0.05300086            0.4983493   0.00029076643       0.62574341      0.99959577      0.99921622       0.9976732       65.861257      0.22567897       5.7580809       3.9275281       7.3071329       7.3350116        14.620392       78.006032       267.07178       56.011721       40.125087       95.660351     0.010183671        0.05264797        0.37077216      0.21117067        0.62057869       1.7785321   2.0779634e-09       148.65524       0.8134482      0.27761273      0.78250832       15.774665        2829.899       9.3326467        6.5788219         2.7538248       2853.3919                 39.495377                 396.25204                           2385.3739                      8.7777722                0.6080268              4.4130515                         10.753586       7.7181746
              1       1435.5335       3.0339734      0.95912238       70.150713     0.022236261      0.11438041      0.05300086            0.4983493   0.00029076643       0.62574341      0.99953721      0.99945398      0.99780237       65.762605      0.17783965       5.4087565       3.7534891       7.7880038       7.3521232        14.583843       78.844818       268.41198       55.357823       39.401747       95.558775   -0.0092887416       0.063222424        0.37732441      0.22113848        0.63451194       1.7317532   2.0779634e-09       148.65524       0.8134482      0.27761273      0.78250832       15.774665       2829.3684        9.102841        6.6156483         2.4871927       2852.8612                 39.515094                 396.25204                           2384.8378                      8.7634485                0.6080268              4.4130515                         10.753586       7.7181746
              1       1430.5207       3.0339734      0.95912238       70.150713     0.022236261      0.11438041      0.05300086            0.4983493   0.00029076643       0.62574341      0.99953721      0.99882415      0.99800313       64.452129      0.25769789       4.9256444       3.9175056        7.015441       7.7339136        15.256459       81.340473       257.80437       53.145481       37.643604       93.132407     0.088245337        0.11061466        0.47347992      0.19008736        0.56059246       1.7816362   2.0779634e-09       148.65524       0.8134482      0.27761273      0.78250832       15.774665       2829.8759       3.8363066        1.5252407         2.3110659       2853.3688                 39.515094                 396.25204                           2385.3454                      8.7634485                0.6080268              4.4130515                         10.753586       7.7181746
              2       1431.0356       3.0339734      0.95912238       70.150713     0.022236261      0.11438041      0.05300086            0.4983493   0.00029076643       0.62574341      0.99953721      0.99874399      0.99798023       64.370874      0.26068582       4.8754353        3.873182       7.0872035       7.7020381        15.374125       81.020511       256.05854       53.213607       37.499914       92.967322     0.079496138        0.10442459        0.47326772      0.19888878        0.57694822       1.7663644   2.0779634e-09       148.65524       0.8134482      0.27761273      0.78250832       15.774665       2830.3605       4.1089181        1.8288257         2.2800924       2853.8533                 39.515094                 396.25204                           2385.8299                      8.7634485                0.6080268              4.4130515                         10.753586       7.7181746
              1       1431.5678       3.0338043      0.95934146       70.150713     0.022225709      0.11427167     0.053507401           0.49715384   0.00028927172       0.62485709      0.99953721      0.99882491      0.99822549       65.001568      0.28167383       4.7907448       4.4746543       6.8640339        7.433042        15.861029       80.838025       251.08846        51.41964         38.3778       93.644278      0.11215672        0.15178236        0.49179871      0.27467201        0.61842878       1.7227231   2.0776121e-09       148.69627      0.81300271      0.27737034      0.78173828       15.916882       2832.2645        3.617986        1.2132803         2.4047056       2855.8996                 39.234998                 396.35499                           2387.7668                      8.9076708               0.61710229              4.4333999                          10.86638       7.7181746
              1       1431.8697       3.0338043      0.95934146       70.150713     0.022225709      0.11427167     0.053507401           0.49715384   0.00028927172       0.62485709      0.99953721      0.99892214      0.99828442       65.024842      0.30994366       4.8640488       4.5675488       7.3284456       7.2739277        15.806233       80.722995       250.05457       51.555512       38.706449        92.78718      0.13143209        0.13960075        0.51603702      0.25062398        0.62231588       1.7080983   2.0776121e-09       148.69627      0.81300271      0.27737034      0.78173828       15.916882       2834.0546       3.0248994       0.55609012         2.4688093       2857.6897                 39.234998                 396.35499                            2389.557                      8.9076708               0.61710229              4.4333999                          10.86638       7.7181746
              2       1432.1958       3.0338043      0.95934146       70.150713     0.022225709      0.11427167     0.053507401           0.49715384   0.00028927172       0.62485709      0.99953721      0.99885917      0.99826225       65.433724      0.31798193       4.8831306       4.6909372       7.2195286        7.306127         16.03513       80.483725       248.30166        51.72067       38.297775       92.448201      0.14028336         0.1316745        0.53063737      0.23821949        0.61989518       1.7330461   2.0776121e-09       148.69627      0.81300271      0.27737034      0.78173828       15.916882       2834.2661         3.24523       0.72636297         2.5188671       2857.9012                 39.234998                 396.35499                           2389.7685                      8.9076708               0.61710229              4.4333999                          10.86638       7.7181746
              1       1431.0239       3.0338043      0.95934146       70.150713     0.022225709      0.11427167     0.053507401           0.49715384   0.00028927172       0.62485709      0.99953721      0.99891523      0.99898682       66.732088      0.29621755       4.9560276       4.3746753       6.4258662       7.6571268        14.771831       80.224446       268.86532       51.519888       40.558703       92.150551      0.14216306        0.11773044        0.49372208      0.13451981        0.63723857       1.7934246   2.0776121e-09       148.69627      0.81300271      0.27737034      0.78173828       15.916882       2829.7726       4.3201119        1.8656606         2.4544512       2853.4077                 39.234998                 396.35499                           2385.2749                      8.9076708               0.61710229              4.4333999                          10.86638       7.7181746
              1       1429.8741       3.0338043      0.95934146       70.150713     0.022225709      0.11427167     0.053507401           0.49715384   0.00028927172       0.62485709      0.99881213      0.99895204      0.99895516       66.716776      0.30335714       5.0320029       4.2335687        6.304751        7.702338        14.842478       80.119055       269.69521       51.770188       40.693666       92.226453      0.14706079        0.11767499        0.50761776      0.13973497        0.62647555       1.7739563   2.0776121e-09       148.69627      0.81300271      0.27737034      0.78173828       15.916882       2827.3071       4.4030223        1.9546402         2.4483821       2850.9421                 39.478445                 396.35559                            2382.751                      8.7219988               0.61710229              4.4333999                          10.86638       7.7181746
              2       1428.8532       3.0338043      0.95934146       70.150713     0.022225709      0.11427167     0.053507401           0.49715384   0.00028927172       0.62485709      0.99881213      0.99906516      0.99909975       66.860392      0.30816557       4.9608577       4.1903081       6.4372562       7.5719493        14.940304       80.164763        270.4957       52.016311       40.640256       92.058003      0.13132406        0.13268275        0.52039382         0.17607         0.5967564       1.8509055   2.0776121e-09       148.69627      0.81300271      0.27737034      0.78173828       15.916882        2825.506       4.2826752        1.8815297         2.4011455       2849.1411                 39.478445                 396.35559                             2380.95                      8.7219988               0.61710229              4.4333999                          10.86638       7.7181746
              1       1428.7932       3.0338043      0.95934146       70.150713     0.022225709      0.11427167     0.053507401           0.49715384   0.00028927172       0.62485709      0.99881213      0.99902936      0.99904407       67.076174      0.31482661       4.9495415       4.2720479       6.4382849       7.7596067         14.87882       79.841374       272.21978       51.600064       40.554363       91.632623      0.11846658        0.10925007        0.51643412      0.17845718        0.60135403       1.8676396   2.0776121e-09       148.69627      0.81300271      0.27737034      0.78173828       15.916882       2825.4876       4.2318877        1.8119383         2.4199493       2849.1227                 39.478445                 396.35559                           2380.9316                      8.7219988               0.61710229              4.4333999                          10.86638       7.7181746
              4       1431.3663       3.0338043      0.95934146       70.150713     0.022225709      0.11427167     0.053507401           0.49715384   0.00028927172       0.62485709      0.99881213      0.99901121      0.99862026       66.938875      0.37795838       4.8117629       4.1731738       6.6953445       7.5976399        14.478901       79.915533       261.13576       49.442297       42.680298       91.889998      0.12717749         0.1255804        0.48269119      0.15873237        0.59992516       1.8232693   2.0776121e-09       148.69627      0.81300271      0.27737034      0.78173828       15.916882       2832.5925       3.2525505       0.92242427         2.3301262       2856.2276                 39.478445                 396.35559                           2388.0365                      8.7219988               0.61710229              4.4333999                          10.86638       7.7181746
              1       1431.7872       3.0338043      0.95934146       70.150713     0.022225709      0.11427167     0.053507401           0.49715384   0.00028927172       0.62485709      0.99881213      0.99907158      0.99872249       66.961426      0.36971938        5.006484       4.2269851       6.5659244       7.4141258        14.222825       79.785948       259.06667       49.971476       42.813844       91.242379      0.16083482        0.13948959        0.47424648      0.15172755        0.60038989       1.8012496   2.0776121e-09       148.69627      0.81300271      0.27737034      0.78173828       15.916882       2832.0287       3.9553349        1.5214987         2.4338362       2855.6637                 39.478445                 396.35559                           2387.4726                      8.7219988               0.61710229              4.4333999                          10.86638       7.7181746
              2       1431.6549       3.0338043      0.95934146       70.150713     0.022225709      0.11427167     0.053507401           0.49715384   0.00028927172       0.62485709       0.9985578      0.99907158      0.99872249       66.961426      0.36971938        5.006484       4.2269851       6.5659244       7.4141258        14.222825       79.785948       259.06667       49.971476       42.813844       91.242379      0.16083482        0.13948959        0.47424648      0.15172755        0.60038989       1.8012496   2.0776121e-09       148.69627      0.81300271      0.27737034      0.78173828       15.916882        2831.657       4.0088488        1.5750126         2.4338362       2855.2921                 39.564177                 396.33885                           2387.0901                      8.6638855               0.61710229              4.4333999                          10.86638       7.7181746
              1       1431.8911       3.0338043      0.95934146       70.150713     0.022225709      0.11427167     0.053507401           0.49715384   0.00028927172       0.62485709      0.99890271      0.99907158      0.99872249       66.961426      0.36971938        5.006484       4.2269851       6.5659244       7.4141258        14.222825       79.785948       259.06667       49.971476       42.813844       91.242379      0.16083482        0.13948959        0.47424648      0.15172755        0.60038989       1.8012496   2.0776121e-09       148.69627      0.81300271      0.27737034      0.78173828       15.916882       2832.2695       3.9387753        1.5049392         2.4338362       2855.9046                 39.447948                 396.35543                           2387.7226                      8.7435775               0.61710229              4.4333999                          10.86638       7.7181746
              3        1433.183       3.0338043      0.95934146       70.150713     0.022225709      0.11427167     0.053507401           0.49715384   0.00028927172       0.62485709      0.99890271      0.99899432      0.99855917       66.903068      0.38958639       5.2117265         4.10969       6.5083308         7.14707        14.722516       79.644037         252.893       50.084157       42.742382       91.578947      0.16633199         0.1443705        0.50216879        0.136834        0.57497874       1.8570174   2.0776121e-09       148.69627      0.81300271      0.27737034      0.78173828       15.916882        2832.968        4.881467        2.3809512         2.5005159        2856.603                 39.447948                 396.35543                            2388.421                      8.7435775               0.61710229              4.4333999                          10.86638       7.7181746
              2        1433.443       3.0338043      0.95934146       70.150713     0.022225709      0.11427167     0.053507401           0.49715384   0.00028927172       0.62485709      0.99890271      0.99900742      0.99852554       66.890096      0.39254494       5.2297301       4.1058716       6.5617862       7.0980076        14.650466       79.668749       251.38526       50.002962       42.595101        91.64803      0.15839035        0.14263589         0.5058134      0.12528172        0.57937496       1.8449253   2.0776121e-09       148.69627      0.81300271      0.27737034      0.78173828       15.916882       2833.6325       4.8091793        2.3004427         2.5087366       2857.2676                 39.447948                 396.35543                           2389.0856                      8.7435775               0.61710229              4.4333999                          10.86638       7.7181746
              3       1434.5939       3.0338043      0.95934146       70.150713     0.022225709      0.11427167     0.053507401           0.49715384   0.00028927172       0.62485709      0.99890271      0.99901599      0.99848553       66.965749      0.38743925       5.2762603       3.9723262       6.5529308       6.9547878        14.709124       79.628443        253.7234       49.213912       42.820281       91.235214      0.16254326        0.12853215         0.5179594      0.12278641        0.58503278       1.8512533   2.0776121e-09       148.69627      0.81300271      0.27737034      0.78173828       15.916882       2835.7449       4.9039317        2.4145257          2.489406       2859.3799                 39.447948                 396.35543                           2391.1979                      8.7435775               0.61710229              4.4333999                          10.86638       7.7181746
              1       1434.9807       3.0338043      0.95934146       70.150713     0.022225709      0.11427167     0.053507401           0.49715384   0.00028927172       0.62485709      0.99890271      0.99907298      0.99843508       66.916626      0.38834231       5.3138671       4.1417173       6.5659817       7.0455093        14.935886       79.428549       254.24901       49.339935       42.764056       91.537761      0.16053806        0.14434523        0.50629441      0.11334931        0.59059393       1.8318289   2.0776121e-09       148.69627      0.81300271      0.27737034      0.78173828       15.916882       2836.8178       4.7542342        2.1875647         2.5666695       2860.4529                 39.447948                 396.35543                           2392.2708                      8.7435775               0.61710229              4.4333999                          10.86638       7.7181746
              2       1433.3174       3.0338043      0.95934146       70.150713     0.022225709      0.11427167     0.053507401           0.49715384   0.00028927172       0.62485709      0.99890271      0.99942061      0.99815129       66.218489      0.46023804       5.2210095       4.5871075       7.2072496       6.9413004        15.132278       80.580355       264.54356       49.796785       43.733528       91.429851      0.16907164        0.13871255        0.48545797      0.21180383        0.58630179       2.0756198   2.0776121e-09       148.69627      0.81300271      0.27737034      0.78173828       15.916882       2836.9307       3.0344833         0.359234         2.6752493       2860.5658                 39.447948                 396.35543                           2392.3838                      8.7435775               0.61710229              4.4333999                          10.86638       7.7181746
              6       1433.5338       3.0329769      0.95991766       70.150713     0.022213686      0.11417003     0.052101078           0.50037356   0.00028524197        0.6268674      0.99890271      0.99947283      0.99821193       66.244806      0.47018498       5.0867327       4.5525652       6.9427419       6.8640969        15.347878       80.145015       263.84119       50.164325       44.738788        91.81627      0.11489078        0.13883949          0.537213      0.20338471        0.65424594       2.1120336   2.0758938e-09       148.73835      0.81252025      0.27713934      0.78094896       16.067971       2838.4098       2.4358137      -0.14755014         2.5833639       2862.1959                 39.401738                  396.0296                            2394.401                      8.5774157               0.62655005              4.4544777                         10.986943       7.7181746
              1       1433.5477       3.0329769      0.95991766       70.150713     0.022213686      0.11417003     0.052101078           0.50037356   0.00028524197        0.6268674      0.99890271      0.99939542      0.99832713       66.168674      0.48665719       5.0033367       4.4795382        6.747782       6.8872419         15.33224       79.858145       268.32004       50.499126        44.45115       91.099933      0.12368878        0.15174191        0.54372573      0.19754518        0.64571748       2.0948236   2.0758938e-09       148.73835      0.81252025      0.27713934      0.78094896       16.067971       2837.6626       2.8233391       0.31081657         2.5125225       2861.4487                 39.401738                  396.0296                           2393.6538                      8.5774157               0.62655005              4.4544777                         10.986943       7.7181746
              2       1434.5795       3.0329769      0.95991766       70.150713     0.022213686      0.11417003     0.052101078           0.50037356   0.00028524197        0.6268674      0.99945484      0.99946374      0.99839164       66.058845      0.48331836       5.0376168       4.2778932       6.8563238       6.8912456        15.279047       79.379425       268.46307       49.287037       44.224504       91.530114      0.11346859        0.15075432        0.53008053      0.16892145        0.63321679       2.0056645   2.0758938e-09       148.73835      0.81252025      0.27713934      0.78094896       16.067971       2839.9594       2.7066855       0.24165139         2.4650341       2863.7455                 39.216501                 396.00949                           2396.0386                      8.6947405               0.62655005              4.4544777                         10.986943       7.7181746
              1       1434.6164       3.0329769      0.95991766       70.150713     0.022213686      0.11417003     0.052101078           0.50037356   0.00028524197        0.6268674      0.99945484      0.99946232      0.99839133       66.062785      0.48342537       5.0418693       4.2840167       6.8564161       6.8829913        15.275527       79.386742       268.78971       49.298571       44.227665       91.534434      0.11369608        0.15183929        0.52980919      0.16876879        0.63357567       2.0034539   2.0758938e-09       148.73835      0.81252025      0.27713934      0.78094896       16.067971       2839.9828       2.7319197       0.26279974           2.46912        2863.769                 39.216501                 396.00949                           2396.0621                      8.6947405               0.62655005              4.4544777                         10.986943       7.7181746
              1       1432.9135       3.0329769      0.95991766       70.150713     0.022213686      0.11417003     0.052101078           0.50037356   0.00028524197        0.6268674      0.99945484       0.9995554       0.9983495       66.059577      0.49879894        4.979537       4.2936585       6.9350213       6.8889178        15.059876        79.17716       269.89422       49.262582       44.128465       92.311091      0.12426952        0.16243647        0.53530164      0.19391756        0.64081375       2.0341087   2.0758938e-09       148.73835      0.81252025      0.27713934      0.78094896       16.067971       2836.8903       2.5752189       0.13418659         2.4410323       2860.6765                 39.216501                 396.00949                           2392.9696                      8.6947405               0.62655005              4.4544777                         10.986943       7.7181746
              3       1432.8159       3.0329769      0.95991766       70.150713     0.022213686      0.11417003     0.052101078           0.50037356   0.00028524197        0.6268674      0.99945484      0.99940855      0.99829928       65.815692      0.50819066       4.9453793       4.2152625       6.8308223       7.3254739        14.740499       79.238512       270.36804       49.144675       44.114043       92.567737      0.14174167        0.17970747        0.52835987        0.178428        0.62454304       2.0178927   2.0758938e-09       148.73835      0.81252025      0.27713934      0.78094896       16.067971       2835.6346       3.1055905        0.7043898         2.4012007       2859.4207                 39.216501                 396.00949                           2391.7138                      8.6947405               0.62655005              4.4544777                         10.986943       7.7181746
              2       1432.4631       3.0329769      0.95991766       70.150713     0.022213686      0.11417003     0.052101078           0.50037356   0.00028524197        0.6268674      0.99945484      0.99948864      0.99826002       66.025362      0.50441162       5.0064696       3.9829473       6.8772438        7.479479         14.59518       78.972812        273.1288       49.278952       44.342528       92.427766      0.12596935         0.1688688        0.54508994      0.16707161         0.6242196       1.9703901   2.0758938e-09       148.73835      0.81252025      0.27713934      0.78094896       16.067971       2835.8838         2.62815       0.26523593         2.3629141         2859.67                 39.216501                 396.00949                           2391.9631                      8.6947405               0.62655005              4.4544777                         10.986943       7.7181746
              1       1432.1834       3.0329769      0.95991766       70.150713     0.022213686      0.11417003     0.052101078           0.50037356   0.00028524197        0.6268674      0.99945484      0.99948392      0.99826237       66.127224      0.50743062       4.9991885       3.9864249       6.8665162       7.4761824        14.622701       79.001705       272.82087       49.197962       44.408009       92.373664      0.12545339        0.16442091        0.54322125      0.16987434        0.62170583       1.9748312   2.0758938e-09       148.73835      0.81252025      0.27713934      0.78094896       16.067971       2835.5939        2.493396       0.13274219         2.3606538         2859.38                 39.216501                 396.00949                           2391.6731                      8.6947405               0.62655005              4.4544777                         10.986943       7.7181746
              1       1431.4457       3.0329769      0.95991766       70.150713     0.022213686      0.11417003     0.052101078           0.50037356   0.00028524197        0.6268674      0.99945484      0.99947056       0.9983797       65.893563      0.51511442       5.0810069       3.6230512       6.9608404       7.4324962        14.350574       79.085979       264.34423        48.97167       44.328827       91.790147      0.11862139        0.15128637        0.51559377      0.17055138        0.63107516       1.9329015   2.0758938e-09       148.73835      0.81252025      0.27713934      0.78094896       16.067971       2835.1369       1.9841784      -0.31528836         2.2994668       2858.9231                 39.216501                 396.00949                           2391.2162                      8.6947405               0.62655005              4.4544777                         10.986943       7.7181746
              1        1432.514       3.0329769      0.95991766       70.150713     0.022213686      0.11417003     0.052101078           0.50037356   0.00028524197        0.6268674      0.99945484      0.99938128      0.99835432       65.694922      0.52474255        5.135587       3.8852366       6.9128543       7.4760262        14.058168       79.074722       263.61776       47.723157       44.861804        92.41448      0.10355079        0.15565378        0.51790005      0.17060042         0.6072268       1.8737836   2.0758938e-09       148.73835      0.81252025      0.27713934      0.78094896       16.067971       2835.8494       2.6962432       0.30250799         2.3937352       2859.6355                 39.216501                 396.00949                           2391.9286                      8.6947405               0.62655005              4.4544777                         10.986943       7.7181746
              2       1431.9132       3.0329769      0.95991766       70.150713     0.022213686      0.11417003     0.052101078           0.50037356   0.00028524197        0.6268674      0.99945484      0.99933973      0.99831717       65.877019      0.52781715       4.9936482       3.5575064       6.7352098       7.8258288        14.020476       79.257077        269.9691       48.133464       44.981791       92.353898       0.1209238        0.15305592        0.51954853       0.2036592        0.58417142       1.7979137   2.0758938e-09       148.73835      0.81252025      0.27713934      0.78094896       16.067971       2835.2891       2.3755717       0.12515338         2.2504183       2859.0752                 39.216501                 396.00949                           2391.3683                      8.6947405               0.62655005              4.4544777                         10.986943       7.7181746
              3       1432.2455       3.0329769      0.95991766       70.150713     0.022213686      0.11417003     0.052101078           0.50037356   0.00028524197        0.6268674      0.99945484      0.99949789      0.99830728       65.646304      0.55621883        4.927467       3.8173728       6.9046601       8.2404463        13.308247       78.631726       273.44579       45.991136       44.798653       92.617817      0.11923832        0.12385041        0.47976694      0.24259912        0.61637944       1.8070251   2.0758938e-09       148.73835      0.81252025      0.27713934      0.78094896       16.067971       2838.0774       1.3137236       -0.9730389         2.2867625       2861.8636                 39.216501                 396.00949                           2394.1567                      8.6947405               0.62655005              4.4544777                         10.986943       7.7181746
              4       1432.3188       3.0329769      0.95991766       70.150713     0.022213686      0.11417003     0.052101078           0.50037356   0.00028524197        0.6268674      0.99950476      0.99949789      0.99830728       65.646304      0.55621883        4.927467       3.8173728       6.9046601       8.2404463        13.308247       78.631726       273.44579       45.991136       44.798653       92.617817      0.11923832        0.12385041        0.47976694      0.24259912        0.61637944       1.8070251   2.0758938e-09       148.73835      0.81252025      0.27713934      0.78094896       16.067971       2838.2322       1.3095681       -0.9771944         2.2867625       2862.0184                 39.199795                 396.00949                           2394.3168                      8.7062002               0.62655005              4.4544777                         10.986943       7.7181746
              2       1433.2664       3.0329769      0.95991766       70.150713     0.022213686      0.11417003     0.052101078           0.50037356   0.00028524197        0.6268674      0.99950476      0.99950544      0.99825239       65.674418      0.54996573       4.7849482       3.9909184       6.7533942       8.2650625        13.178023       78.558709       273.59633        44.91662       44.144752       92.641697      0.13404886        0.12273394        0.46818905      0.23249903        0.64133334        1.799827   2.0758938e-09       148.73835      0.81252025      0.27713934      0.78094896       16.067971        2840.662       1.0422832       -1.2313178          2.273601       2864.4482                 39.199795                 396.00949                           2396.7466                      8.7062002               0.62655005              4.4544777                         10.986943       7.7181746
              2       1432.9336       3.0329769      0.95991766       70.150713     0.022213686      0.11417003     0.052101078           0.50037356   0.00028524197        0.6268674      0.99950476      0.99943465       0.9982922        65.31996      0.56311866       4.6928284       3.9085877         6.73941       8.3694418        13.344223        78.76211       272.74857       45.017075       43.900044       92.479506      0.10263676        0.12621498        0.46670778      0.22269896        0.64658847       1.7568905   2.0758938e-09       148.73835      0.81252025      0.27713934      0.78094896       16.067971        2839.722       1.1795257       -1.0422097         2.2217354       2863.5082                 39.199795                 396.00949                           2395.8065                      8.7062002               0.62655005              4.4544777                         10.986943       7.7181746
              1       1432.2877       3.0329769      0.95991766       69.948075     0.022213686      0.11417003     0.052101078           0.50037356   0.00028524197        0.6268674      0.99950476      0.99943593      0.99831265       65.312666      0.56643679       4.6910432       3.9040688       6.7036059        8.371965        13.247841       78.679384       273.56271       45.143819       43.959938       92.396034      0.10343956        0.12663069        0.46482074      0.22288562        0.64929696       1.7541327   2.0758938e-09       148.73835      0.81205392       0.2787474      0.78276185       14.401726       2838.9481       1.1933954        -1.026772         2.2201674       2862.1886                  39.10611                 395.98705                            2395.348                       8.506929               0.53074508              4.2286675                         9.6423138       8.8387588
              2       1432.2966       3.0329769      0.95991766       69.948075     0.022213686      0.11417003     0.052101078           0.50037356   0.00028524197        0.6268674      0.99950476      0.99943765      0.99830971       65.308828      0.56677958       4.6974863       3.9003976         6.70442        8.377694        13.246395       78.690885       273.56527        45.17388       43.937895       92.405893       0.1035516        0.12633259         0.4640602      0.22262326        0.64960217       1.7524227   2.0758938e-09       148.73835      0.81205392       0.2787474      0.78276185       14.401726       2838.9847       1.1840234       -1.0375549         2.2215784       2862.2252                  39.10611                 395.98705                           2395.3846                       8.506929               0.53074508              4.2286675                         9.6423138       8.8387588
              1       1431.9489       3.0329769      0.95991766       69.948075     0.022213686      0.11417003     0.052101078           0.50037356   0.00028524197        0.6268674      0.99950476       1.0001022       0.9988253       66.085307      0.54200042       4.6718836       3.7146709       7.4958682       9.0230986        14.206435       76.475285       279.85612       46.816644       41.703384       93.175714      0.10523468        0.16877621         0.5767101      0.19105568        0.72051454       1.8792296   2.0758938e-09       148.73835      0.81205392       0.2787474      0.78276185       14.401726       2837.0016       1.8278823      -0.34828154         2.1761638       2860.2421                  39.10611                 395.98705                           2393.4015                       8.506929               0.53074508              4.2286675                         9.6423138       8.8387588
              1       1430.6517       3.0329769      0.95991766       69.948075     0.022213686      0.11417003     0.052101078           0.50037356   0.00028524197        0.6268674      0.99950476        1.000482      0.99853588       64.901253      0.62242118        4.693561       4.9300332       7.0327221       9.0579247        14.478341       76.404628       283.90114       46.602994       42.353287       95.522462      0.11570189        0.10298822        0.54252623      0.18618249        0.79070353       2.1996264   2.0758938e-09       148.73835      0.81205392       0.2787474      0.78276185       14.401726       2834.5419       1.7604776      -0.73718524         2.4976629       2857.7824                  39.10611                 395.98705                           2390.9418                       8.506929               0.53074508              4.2286675                         9.6423138       8.8387588
              1       1432.3326       3.0329769      0.95991766       69.948075     0.022213686      0.11417003     0.052101078           0.50037356   0.00028524197        0.6268674      0.99950476       1.0005351      0.99857231       65.495714      0.60089024       4.5716316       4.7188688       6.9890787       8.9695766         14.15157       76.290429       281.04039       47.441471       42.072065       95.660099      0.11707201       0.084926951        0.54638197       0.1741044        0.80140269       2.2094438   2.0758938e-09       148.73835      0.81205392       0.2787474      0.78276185       14.401726       2836.3131       2.5557904        0.1816553         2.3741351       2859.5536                  39.10611                 395.98705                            2392.713                       8.506929               0.53074508              4.2286675                         9.6423138       8.8387588
              2       1433.2609       3.0329769      0.95991766       69.948075     0.022213686      0.11417003     0.052101078           0.50037356   0.00028524197        0.6268674       1.0003846       1.0005351      0.99857231       65.495714      0.60089024       4.5716316       4.7188688       6.9890787       8.9695766         14.15157       76.290429       281.04039       47.441471       42.072065       95.660099      0.11707201       0.084926951        0.54638197       0.1741044        0.80140269       2.2094438   2.0758938e-09       148.73835      0.81205392       0.2787474      0.78276185       14.401726       2838.1852       2.5480012       0.17386607         2.3741351       2861.4257                 38.813673                 395.98609                           2394.6976                      8.6878796               0.53074508              4.2286675                         9.6423138       8.8387588
              3       1433.8043       3.0329769      0.95991766       69.948075     0.022213686      0.11417003     0.052101078           0.50037356   0.00028524197        0.6268674       1.0003846        1.000554      0.99866283       65.704755      0.58724779        4.631866       4.9957505       7.0058831       9.3051954        14.409562       76.256058       289.47155       47.806919       41.711684       95.972156      0.12494327       0.081594639        0.57421127      0.15430356        0.80633639       2.1404073   2.0758938e-09       148.73835      0.81205392       0.2787474      0.78276185       14.401726       2837.8962       3.2360052       0.74905912         2.4869461       2861.1367                 38.813673                 395.98609                           2394.4085                      8.6878796               0.53074508              4.2286675                         9.6423138       8.8387588
              1         1433.08       3.0329769      0.95991766       69.948075     0.022213686      0.11417003     0.052101078           0.50037356   0.00028524197        0.6268674       1.0001373        1.000573      0.99865849       65.608106      0.58452568       4.5771635       5.0562753       7.0781552       9.3720499        14.434098       76.082808       288.58979       47.585296       41.673123       96.018218      0.12224962        0.08363615         0.5793637      0.15836787        0.80967878       2.1687269   2.0758938e-09       148.73835      0.81205392       0.2787474      0.78276185       14.401726        2836.482       3.2187812       0.74051451         2.4782667       2859.7224                 38.895628                 395.97405                           2392.9797                      8.6326039               0.53074508              4.2286675                         9.6423138       8.8387588
              3       1433.2234       3.0329769      0.95991766       69.948075     0.022213686      0.11417003     0.052101078           0.50037356   0.00028524197        0.6268674       1.0001373       1.0003507      0.99836891       66.232763      0.52105295       4.2305135       5.0781567       7.2005604        10.16452        15.062736       76.683283       291.02782       49.283825       41.613344       95.697249     0.080085881        0.11605082        0.59571413      0.12584513        0.80050521       2.1416302   2.0758938e-09       148.73835      0.81205392       0.2787474      0.78276185       14.401726       2837.6713       2.7674879       0.44392003         2.3235679       2860.9118                 38.895628                 395.97405                            2394.169                      8.6326039               0.53074508              4.2286675                         9.6423138       8.8387588
              1       1433.2446       3.0329769      0.95991766       69.948075     0.022213686      0.11417003     0.052101078           0.50037356   0.00028524197        0.6268674       1.0001373        1.000352      0.99836856       66.235479      0.52113057       4.2308279       5.0802974       7.2016492        10.16536        15.060386       76.680856       291.07246       49.280906       41.615131        95.70039      0.07990224        0.11591265        0.59571014      0.12567159        0.80055621       2.1414768   2.0758938e-09       148.73835      0.81205392       0.2787474      0.78276185       14.401726       2837.6924       2.7781631       0.45390542         2.3242577       2860.9329                 38.895628                 395.97405                           2394.1901                      8.6326039               0.53074508              4.2286675                         9.6423138       8.8387588
              3       1432.6667       3.0329769      0.95991766       69.948075     0.022213686      0.11417003     0.052101078           0.50037356   0.00028524197        0.6268674       1.0001373       1.0001299      0.99840968       66.274686      0.53471146       4.1216333       4.9620992        7.228277       10.268462        14.655541       76.517409       290.06228       48.647632       41.805919       95.822952     0.050142687        0.10043749        0.53018326      0.11571373        0.76127075       2.1857945   2.0758938e-09       148.73835      0.81205392       0.2787474      0.78276185       14.401726       2836.0137       3.0396294       0.78707488         2.2525545       2859.2542                 38.895628                 395.97405                           2392.5114                      8.6326039               0.53074508              4.2286675                         9.6423138       8.8387588
              1       1432.6626       3.0329769      0.95991766       69.948075     0.022213686      0.11417003     0.052101078           0.50037356   0.00028524197        0.6268674       1.0001373       1.0000739      0.99838836       66.598549      0.53661273       4.0360912       4.9815875       7.1371051       10.288877        14.737409       77.037658       288.94411       49.640576       42.964399       95.914001     0.026531548       0.087545587        0.50380451      0.15577642        0.76496977       2.2302269   2.0758938e-09       148.73835      0.81205392       0.2787474      0.78276185       14.401726       2834.2217       3.9315449        1.7050488          2.226496       2857.4622                 38.895628                 395.97405                           2390.7194                      8.6326039               0.53074508              4.2286675                         9.6423138       8.8387588
              2       1431.7637       3.0329769      0.95991766       69.948075     0.022213686      0.11417003     0.052101078           0.50037356   0.00028524197        0.6268674       1.0001373       1.0000099      0.99841734       66.441037      0.54768149       4.0481844       5.0310671       7.1596392       10.457444        15.011787       77.118552       286.36742       49.204992       42.746783       95.873613      0.03822352       0.073071975         0.4912791      0.16926641        0.76912349       2.2513928   2.0758938e-09       148.73835      0.81205392       0.2787474      0.78276185       14.401726       2832.8197       3.7335813        1.4919908         2.2415905       2856.0602                 38.895628                 395.97405                           2389.3174                      8.6326039               0.53074508              4.2286675                         9.6423138       8.8387588
              1       1432.6971       3.0329769      0.95991766       69.948075     0.022213686      0.11417003     0.052101078           0.50037356   0.00028524197        0.6268674       1.0001373       1.0000972      0.99830503       66.533554      0.51616285       4.2219896       4.4553971       7.4229311       10.836088        14.378962       77.143132       295.50033        48.44218       42.934136       96.562579     0.078430242       0.054418066        0.48604816      0.17566284         0.7636796       2.4066253   2.0758938e-09       148.73835      0.81205392       0.2787474      0.78276185       14.401726       2836.2068       2.9734731       0.79336199         2.1801111       2859.4472                 38.895628                 395.97405                           2392.7045                      8.6326039               0.53074508              4.2286675                         9.6423138       8.8387588
              1       1432.3794       3.0329769      0.95991766       69.948075     0.022213686      0.11417003     0.052101078           0.50037356   0.00028524197        0.6268674       1.0001373       1.0000257      0.99812585       66.014868      0.53350916       4.2026107       4.0630577       7.4765884       11.764035        16.118237       77.630123       303.53639       48.087703       44.482519       99.955433      0.14732221        0.15310537         0.4787547      0.29224783        0.62411301       2.3272859   2.0758938e-09       148.73835      0.81205392       0.2787474      0.78276185       14.401726       2840.4801      0.51912393        -1.590481         2.1096049       2863.7206                 38.895628                 395.97405                           2396.9778                      8.6326039               0.53074508              4.2286675                         9.6423138       8.8387588
              1       1431.1934       3.0329769      0.95991766       69.948075     0.022213686      0.11417003     0.052101078           0.50037356   0.00028524197        0.6268674       1.0001373       1.0001323      0.99822741       65.349626      0.52465943       4.2173784       4.1546523       7.8254915       11.725791        16.548215       76.631625       288.15319       50.893152       44.824666       101.44628      0.15889779        0.15071857        0.44711492      0.27570697        0.68136963       2.2109058   2.0758938e-09       148.73835      0.81205392       0.2787474      0.78276185       14.401726       2839.3469     -0.10033863        -2.227161         2.1268224       2862.5874                 38.895628                 395.97405                           2395.8447                      8.6326039               0.53074508              4.2286675                         9.6423138       8.8387588
              1       1429.7876       3.0329769      0.95991766       69.948075     0.022213686      0.11417003     0.052101078           0.50037356   0.00028524197        0.6268674       1.0001373       1.0000174      0.99810422        65.69182      0.58211235       4.5091343       3.7404749       7.8914552       11.645594        17.028647       76.546156       302.87972       55.285047        46.53619       100.64452      0.11085112        0.15798022         0.4226723      0.24756586        0.68963803       2.3688196   2.0758938e-09       148.73835      0.81205392       0.2787474      0.78276185       14.401726       2836.7406     -0.20296095       -2.3381388         2.1351778       2859.9811                 38.895628                 395.97405                           2393.2383                      8.6326039               0.53074508              4.2286675                         9.6423138       8.8387588
              3       1430.4533       3.0329769      0.95991766       69.948075     0.022213686      0.11417003     0.052101078           0.50037356   0.00028524197        0.6268674       1.0001373       1.0000763      0.99794947       65.859957      0.61376883       4.3073833       3.4572645       7.5456891       11.714585        16.929074       75.924273       303.60783       55.176946       45.921669       101.92713     0.093967859        0.14784515        0.42084721      0.24100557        0.70553542       2.4054953   2.0758938e-09       148.73835      0.81205392       0.2787474      0.78276185       14.401726       2837.7553    -0.044588836       -2.1021915         2.0576027       2860.9958                 38.895628                 395.97405                           2394.2531                      8.6326039               0.53074508              4.2286675                         9.6423138       8.8387588
              1       1430.6704       3.0329769      0.95991766       69.948075     0.022213686      0.11417003     0.052101078           0.50037356   0.00028524197        0.6268674       1.0006322       1.0000763      0.99794947       65.859957      0.61376883       4.3073833       3.4572645       7.5456891       11.714585        16.929074       75.924273       303.60783       55.176946       45.921669       101.92713     0.093967859        0.14784515        0.42084721      0.24100557        0.70553542       2.4054953   2.0758938e-09       148.73835      0.81205392       0.2787474      0.78276185       14.401726       2838.1285      -0.0141212       -2.0717239         2.0576027        2861.369                 38.731774                 395.99716                           2394.6529                       8.746687               0.53074508              4.2286675                         9.6423138       8.8387588
              2       1431.1357       3.0329769      0.95991766       69.948075     0.022213686      0.11417003     0.052101078           0.50037356   0.00028524197        0.6268674       1.0006322      0.99989191       0.9980751       65.464103      0.58799345       4.5602739       3.5028776       8.0323749       11.809139        17.645253       77.187647       290.47503       54.213378       45.514528       102.14747     0.073190522        0.10168722        0.43612303      0.26488816        0.75252802       2.4438809   2.0758938e-09       148.73835      0.81205392       0.2787474      0.78276185       14.401726       2836.8222       1.1043099        -1.007031         2.1113409       2860.0627                 38.731774                 395.99716                           2393.3466                       8.746687               0.53074508              4.2286675                         9.6423138       8.8387588
              1       1431.5744       3.0329769      0.95991766       69.948075     0.022213686      0.11417003     0.052101078           0.50037356   0.00028524197        0.6268674       1.0008811      0.99989191       0.9980751       65.464103      0.58799345       4.5602739       3.5028776       8.0323749       11.809139        17.645253       77.187647       290.47503       54.213378       45.514528       102.14747     0.073190522        0.10168722        0.43612303      0.26488816        0.75252802       2.4438809   2.0758938e-09       148.73835      0.81205392       0.2787474      0.78276185       14.401726       2837.6394       1.1344362      -0.97690473         2.1113409       2860.8798                 38.649649                 395.98904                           2394.1914                      8.8092506               0.53074508              4.2286675                         9.6423138       8.8387588
              1       1432.4646       3.0329769      0.95991766       69.948075     0.022213686      0.11417003     0.052101078           0.50037356   0.00028524197        0.6268674       1.0008811      0.99982404       0.9978221       65.758924      0.64020603       4.9113838        4.186448       7.8656148       12.241587        18.298409       77.524491       292.16626       52.535134        46.49701       102.26001      0.10476709        0.13244507         0.4142103      0.27973037        0.78095186       2.2418458   2.0758938e-09       148.73835      0.81205392       0.2787474      0.78276185       14.401726       2839.9762       0.8562329       -1.5210571           2.37729       2863.2166                 38.649649                 395.98904                           2396.5282                      8.8092506               0.53074508              4.2286675                         9.6423138       8.8387588
              2       1432.4175       3.0329769      0.95991766       69.948075     0.022213686      0.11417003     0.052101078           0.50037356   0.00028524197        0.6268674       1.0005752      0.99990004      0.99771509       65.522027      0.61698316       4.4681433       3.8892596       8.0642495       12.224155        17.644445       77.754753       288.39886       53.149263        46.15389       100.55791     0.070834261        0.16575794        0.40463142      0.30822921        0.81329151       2.2018465   2.0758938e-09       148.73835      0.81205392       0.2787474      0.78276185       14.401726       2835.9068       2.8438459       0.69483216         2.1490138       2859.1473                 38.750605                 395.99716                           2392.4262                      8.7328488               0.53074508              4.2286675                         9.6423138       8.8387588
              1       1431.9186       3.0329769      0.95991766       69.948075     0.022213686      0.11417003     0.052101078           0.50037356   0.00028524197        0.6268674       1.0005752      0.99982209      0.99774644       65.554229      0.61865544       4.5096165       3.7447541        7.959572       12.225249         17.59779       78.299211       286.78755        53.16801       46.014172       100.67382      0.05797873        0.14562633        0.40680889      0.32401967        0.80031305       2.1517207   2.0758938e-09       148.73835      0.81205392       0.2787474      0.78276185       14.401726       2834.5361       3.0303394       0.89434358         2.1359958       2857.7766                 38.750605                 395.99716                           2391.0555                      8.7328488               0.53074508              4.2286675                         9.6423138       8.8387588
              1       1432.1997       3.0329769      0.95991766       69.948075     0.022213686      0.11417003     0.052101078           0.50037356   0.00028524197        0.6268674       1.0005752      0.99978481      0.99769293       65.448359      0.65091685       4.3734549       3.7533972       7.8196113        12.13724         17.23571        78.57259       293.28934       53.069044       46.304857       100.91396     0.051755387        0.14173249        0.41753653      0.29777711        0.80800108        2.131676   2.0758938e-09       148.73835      0.81205392       0.2787474      0.78276185       14.401726       2835.5365       2.8112087       0.70672381         2.1044849        2858.777                 38.750605                 395.99716                           2392.0559                      8.7328488               0.53074508              4.2286675                         9.6423138       8.8387588
              1       1432.2127       3.0329769      0.95991766       69.948075     0.022213686      0.11417003     0.052101078           0.50037356   0.00028524197        0.6268674       1.0005752      0.99973119      0.99766404       65.444377      0.65307538       4.3611354        3.793567       7.9949238       12.019614         17.44301       78.616843        293.0296       53.307003       46.328501       100.90083     0.050321395        0.15063042        0.41089725      0.28664547        0.79858713       2.1056518   2.0758938e-09       148.73835      0.81205392       0.2787474      0.78276185       14.401726        2835.831       2.6769062       0.56955449         2.1073517       2859.0715                 38.750605                 395.99716                           2392.3504                      8.7328488               0.53074508              4.2286675                         9.6423138       8.8387588
              1       1431.8859       3.0329769      0.95991766       69.948075     0.022213686      0.11417003     0.052101078           0.50037356   0.00028524197        0.6268674       1.0005752      0.99955554      0.99784148       64.697677      0.68393983       4.5075641        3.770452       7.6798901       11.881316        16.989191       79.235564       294.84263         52.6327       44.912564       101.26601     0.062977492        0.13699147        0.45284073      0.26963833        0.75974302       2.1351836   2.0758938e-09       148.73835      0.81205392       0.2787474      0.78276185       14.401726       2837.8175       1.3568884      -0.78277179         2.1396602        2861.058                 38.750605                 395.99716                           2394.3369                      8.7328488               0.53074508              4.2286675                         9.6423138       8.8387588
              2       1430.2417       3.0329769      0.95991766       69.948075     0.022213686      0.11417003     0.052101078           0.50037356   0.00028524197        0.6268674       1.0005752      0.99939192       0.9979309       64.487301      0.65871777       4.3190667       4.0914885       7.9617422       11.959661        16.387605       78.835406       286.14915       53.872797       44.661411        100.3368     0.078582931        0.14735132        0.49888376      0.29410265        0.80675378       2.2068636   2.0758938e-09       148.73835      0.81205392       0.2787474      0.78276185       14.401726       2832.7953       2.2238685      0.080984926         2.1428836       2856.0358                 38.750605                 395.99716                           2389.3147                      8.7328488               0.53074508              4.2286675                         9.6423138       8.8387588
              1       1430.4205       3.0329769      0.95991766       69.948075     0.022213686      0.11417003     0.052101078           0.50037356   0.00028524197        0.6268674       1.0005752      0.99955065      0.99796389       64.516628      0.64595699       4.1782047       4.2350594       7.9743384       12.066179        16.297176         78.3355       287.71023       53.716774       43.984037       100.28036     0.059620475        0.16012405        0.50164306      0.29013873        0.79096449       2.1864208   2.0758938e-09       148.73835      0.81205392       0.2787474      0.78276185       14.401726       2832.3313       2.6346381        0.5050356         2.1296025       2855.5718                 38.750605                 395.99716                           2388.8507                      8.7328488               0.53074508              4.2286675                         9.6423138       8.8387588
              1       1429.8063       3.0329769      0.95991766       69.948075     0.022213686      0.11417003     0.052101078           0.50037356   0.00028524197        0.6268674       1.0005752      0.99953699      0.99795726       64.532314      0.62157067       4.3625649       4.3491808       8.0727887       11.851961        16.250183       78.250221       289.62537       54.049539       43.734445       99.959129     0.066991293        0.15311225        0.49428456      0.29344597        0.79092341       2.1485428   2.0758938e-09       148.73835      0.81205392       0.2787474      0.78276185       14.401726       2831.9412       2.2154076      0.011952219         2.2034554       2855.1817                 38.750605                 395.99716                           2388.4606                      8.7328488               0.53074508              4.2286675                         9.6423138       8.8387588
              1       1429.2469       3.0329769      0.95991766       69.948075     0.022213686      0.11417003     0.052101078           0.50037356   0.00028524197        0.6268674       1.0005752      0.99954234      0.99796759       64.473796      0.61887446       4.3354624       4.3249727       8.0824123       11.730978        16.221243       78.151936       289.43006       54.111054       43.914922       100.09467     0.065997578        0.15504025        0.50040213      0.29064599        0.78556233        2.141737   2.0758938e-09       148.73835      0.81205392       0.2787474      0.78276185       14.401726       2830.9621        2.145558     -0.044416749         2.1899748       2854.2026                 38.750605                 395.99716                           2387.4815                      8.7328488               0.53074508              4.2286675                         9.6423138       8.8387588
              1       1427.7162       3.0329769      0.95991766       69.948075     0.022213686      0.11417003     0.052101078           0.50037356   0.00028524197        0.6268674       1.0005752      0.99956731      0.99815464       64.775883      0.63622872       4.3493265       4.3590324       7.7845709       11.795419        16.223588       78.203023       290.07579       54.807344       45.259058       99.632699     0.081790368        0.14184221        0.53891718      0.28847825        0.75402717       2.1409776   2.0758938e-09       148.73835      0.81205392       0.2787474      0.78276185       14.401726       2829.3059       1.4430271      -0.75813262         2.2011597       2852.5464                 38.750605                 395.99716                           2385.8253                      8.7328488               0.53074508              4.2286675                         9.6423138       8.8387588
              3       1430.3143       3.0329769      0.95991766       69.948075     0.022213686      0.11417003     0.052101078           0.50037356   0.00028524197        0.6268674       1.0005752      0.99977847      0.99786925       64.513715      0.60913093       4.4093353       4.9531997       7.4001783       11.067312        16.414701       77.044436       280.57119       55.377089       45.370556       101.34534      0.10384534        0.17955859        0.56911511      0.26092306        0.69953813        1.822124   2.0758938e-09       148.73835      0.81205392       0.2787474      0.78276185       14.401726       2834.3891       1.4994702       -0.8675666         2.3670368       2857.6296                 38.750605                 395.99716                           2390.9085                      8.7328488               0.53074508              4.2286675                         9.6423138       8.8387588
              1       1433.7141       3.0329769      0.95991766       69.948075     0.022213686      0.11417003     0.052101078           0.50037356   0.00028524197        0.6268674       1.0005752      0.99984422       0.9980294        64.95669      0.63293411       4.4976796       4.8214607       7.1479937       11.416167        16.300168       77.066535       289.24756       57.510451       46.144797       102.45262     0.056823232        0.13715125        0.58606337      0.23601783        0.70954336       1.7050929   2.0758938e-09       148.73835      0.81205392       0.2787474      0.78276185       14.401726       2840.0023       2.0927553      -0.27696527         2.3697205       2863.2428                 38.750605                 395.99716                           2396.5217                      8.7328488               0.53074508              4.2286675                         9.6423138       8.8387588
              1        1433.702       3.0329769      0.95991766       69.948075     0.022213686      0.11417003     0.052101078           0.50037356   0.00028524197        0.6268674       1.0005752      0.99984301      0.99802584       64.953249      0.63290398       4.4960804       4.8150229       7.1468691       11.406994        16.284324       77.074096       289.18705       57.517599       46.149936       102.42799     0.056491834        0.13647037        0.58648582      0.23606898        0.70917628       1.7036692   2.0758938e-09       148.73835      0.81205392       0.2787474      0.78276185       14.401726       2839.9466       2.1084929      -0.25871539         2.3672083       2863.1871                 38.750605                 395.99716                            2396.466                      8.7328488               0.53074508              4.2286675                         9.6423138       8.8387588
              1       1434.9625       3.0329769      0.95991766       69.948075     0.022213686      0.11417003     0.052101078           0.50037356   0.00028524197        0.6268674       1.0005752      0.99957427      0.99859307       64.243132      0.57014909       4.3264714       3.9705138       7.0530781       10.720643        15.496836       76.614527       293.93808        57.65617       46.824863       104.15557    0.0088333059        0.14146175        0.66475318      0.29953594        0.77136268        1.932044   2.0758938e-09       148.73835      0.81205392       0.2787474      0.78276185       14.401726       2831.0023       7.8411485        5.7158154         2.1253331       2854.2428                 38.750605                 395.99716                           2387.5217                      8.7328488               0.53074508              4.2286675                         9.6423138       8.8387588
              2       1434.9811       3.0329769      0.95991766       69.948075     0.022213686      0.11417003     0.052101078           0.50037356   0.00028524197        0.6268674       1.0005752      0.99943677      0.99839904       64.280829      0.58107685       3.7571805       3.7480677       7.3888048       11.048226        15.495666        75.86914       288.95731       58.917086       46.417874       105.40992     0.051988906        0.11435943        0.66511154      0.32368904        0.77909221       1.9133485   2.0758938e-09       148.73835      0.81205392       0.2787474      0.78276185       14.401726       2835.0216       5.8500694        3.8287758         2.0212936       2858.2621                 38.750605                 395.99716                            2391.541                      8.7328488               0.53074508              4.2286675                         9.6423138       8.8387588
              1       1434.1896       3.0329769      0.95991766       69.948075     0.022213686      0.11417003     0.052101078           0.50037356   0.00028524197        0.6268674       1.0005752      0.99850558      0.99847826       64.669819      0.63459589       4.1009585       3.1820832       8.0674987       10.903513        15.680372       77.471281       294.07316       59.447328       48.026367       105.42018      0.15300698        0.16567997        0.62913487      0.27663997        0.78149058       1.8955785   2.0758938e-09       148.73835      0.81205392       0.2787474      0.78276185       14.401726        2834.761       5.1889208        3.1680728          2.020848       2858.0015                 38.750605                 395.99716                           2391.2804                      8.7328488               0.53074508              4.2286675                         9.6423138       8.8387588
              1       1433.5089       3.0329769      0.95991766       69.948075     0.022213686      0.11417003     0.052101078           0.50037356   0.00028524197        0.6268674       1.0005752      0.99858477      0.99863089       64.598804      0.66216961       3.9267487       2.9891404       8.5522853       11.065772        15.894361        76.52091       289.12836       59.690608       48.173204       104.89523      0.11491415        0.18842606        0.55754183      0.25607113        0.82161636       1.8748227   2.0758938e-09       148.73835      0.81205392       0.2787474      0.78276185       14.401726       2833.8192        4.978999        2.9585586         2.0204404       2857.0597                 38.750605                 395.99716                           2390.3386                      8.7328488               0.53074508              4.2286675                         9.6423138       8.8387588
              1       1433.4849       3.0329769      0.95991766       69.948075     0.022213686      0.11417003     0.052101078           0.50037356   0.00028524197        0.6268674       1.0005752      0.99862603      0.99860213        64.75884      0.66247029       3.8589977       2.9559591       8.6703866       11.027247        15.857158       76.549862       289.05927       60.254437       47.946662       104.48067      0.10838665        0.18207994        0.57610906      0.25987569        0.82166078       1.8382068   2.0758938e-09       148.73835      0.81205392       0.2787474      0.78276185       14.401726       2833.9288       4.9002822        2.8751404         2.0251418       2857.1692                 38.750605                 395.99716                           2390.4481                      8.7328488               0.53074508              4.2286675                         9.6423138       8.8387588
              2       1432.6225       3.0329769      0.95991766       69.948075     0.022213686      0.11417003     0.052101078           0.50037356   0.00028524197        0.6268674       1.0005752       0.9988289      0.99859956       64.607266      0.66123178        4.086644       2.7624021       8.9692096       11.145697        15.951879       76.117152       292.12305       59.443955       47.526118       104.76653      0.10092984         0.1450821         0.5793916      0.26987444         0.8073668       1.8360629   2.0758938e-09       148.73835      0.81205392       0.2787474      0.78276185       14.401726       2835.1876       3.4084054        1.3886552         2.0197502       2858.4281                 38.750605                 395.99716                            2391.707                      8.7328488               0.53074508              4.2286675                         9.6423138       8.8387588
              1       1433.7978       3.0312149      0.96103745       69.948075     0.022172063      0.11427144     0.049382413            0.5053986   0.00028798466       0.59763073       1.0005752      0.99887695      0.99856701       64.602833      0.65698606        3.990511       2.8033764       8.8523521       11.243812        16.038195       76.077612       294.09076       59.486768       47.365315       104.71298      0.10511765        0.14311806        0.56701925      0.26982882        0.79881064       1.8348047   2.0722392e-09       148.75964      0.81252442      0.27886958        0.783387       14.525533        2838.514       2.8586623       0.83571019         2.0229521       2861.8782                 38.601002                 395.57591                            2395.826                      8.5109897               0.53602102               4.242461                         9.7470508       8.8387588
              1       1434.9328       3.0312149      0.96103745       69.948075     0.022172063      0.11427144     0.049382413            0.5053986   0.00028798466       0.59763073       1.0005752      0.99875513      0.99855303       64.598526      0.65762723       4.0003289       2.9615926       8.8667569       11.303064        16.001145       75.775551       294.33978       59.531734        47.29283        104.9243     0.087616862        0.13601006        0.56416568      0.27626251        0.78601933       1.8104034   2.0722392e-09       148.75964      0.81252442      0.27886958        0.783387       14.525533       2839.7369       3.3822349        1.3636279          2.018607       2863.1012                 38.601002                 395.57591                            2397.049                      8.5109897               0.53602102               4.242461                         9.7470508       8.8387588
              1       1435.0128       3.0312149      0.96103745       69.948075     0.022172063      0.11427144     0.049382413            0.5053986   0.00028798466       0.59763073       1.0005752      0.99874291      0.99853259       64.567394      0.64800731       4.0551496         3.02786       8.8477126       11.200041        16.006018       75.734527       292.25379       59.820082       46.979524        104.6625      0.08932303        0.12764518        0.55339924      0.27884445        0.78849639       1.8369312   2.0722392e-09       148.75964      0.81252442      0.27886958        0.783387       14.525533       2840.1656       3.2478808        1.2303156         2.0175652       2863.5299                 38.601002                 395.57591                           2397.4777                      8.5109897               0.53602102               4.242461                         9.7470508       8.8387588
              2       1434.9477       3.0312149      0.96103745       69.948075     0.022172063      0.11427144     0.049382413            0.5053986   0.00028798466       0.59763073       1.0005752      0.99871007       0.9985424       64.517097      0.63650167       3.8675906       3.0237251       8.9481201       11.312126        16.057072       75.570449       293.61658       59.789716       46.913636       104.61888     0.076526403        0.12886966        0.55698161      0.27722352        0.78699103       1.8513404   2.0722392e-09       148.75964      0.81252442      0.27886958        0.783387       14.525533       2839.0776       3.7267292        1.7045662          2.022163       2862.4419                 38.601002                 395.57591                           2396.3897                      8.5109897               0.53602102               4.242461                         9.7470508       8.8387588
              2       1434.0063       3.0312149      0.96103745       69.948075     0.022172063      0.11427144     0.049382413            0.5053986   0.00028798466       0.59763073       1.0005752      0.99885876      0.99819095       64.340847      0.62438143       3.7182056       3.0476408       8.6067311        11.14045        16.339289       76.238403       293.82072       59.226421       46.983841       104.12533     0.071827994        0.11640275        0.53834256      0.28838351        0.78569345       1.8753548   2.0722392e-09       148.75964      0.81252442      0.27886958        0.783387       14.525533       2838.4375       3.1053829        1.0737631         2.0316198       2861.8018                 38.601002                 395.57591                           2395.7496                      8.5109897               0.53602102               4.242461                         9.7470508       8.8387588
              1       1434.0709       3.0312149      0.96103745       69.948075     0.022172063      0.11427144     0.049382413            0.5053986   0.00028798466       0.59763073       1.0005752      0.99868586      0.99812081       64.271037      0.62238152       3.6830463       2.7801508       8.6986511       11.115718        16.024569       76.606323       292.00344       59.409858        47.26203       104.01364     0.077619355        0.11044175         0.5496714      0.30739027        0.77045672       1.8462419   2.0722392e-09       148.75964      0.81252442      0.27886958        0.783387       14.525533       2837.1403       3.8186207        1.7630761         2.0555446       2860.5046                 38.601002                 395.57591                           2394.4524                      8.5109897               0.53602102               4.242461                         9.7470508       8.8387588
              1       1430.6928       3.0312149      0.96103745       69.948075     0.022172063      0.11427144     0.049382413            0.5053986   0.00028798466       0.59763073       1.0005752      0.99870847      0.99825738       64.095266      0.61819039       3.4744003       2.7689886       8.4938989       11.538951        15.850985       77.365897       287.94414       59.652303         47.2459       103.51148     0.067836744        0.15283271        0.51710048      0.27646191        0.77380586       1.8874032   2.0722392e-09       148.75964      0.81252442      0.27886958        0.783387       14.525533       2831.0355       3.4928517        1.3989945         2.0938573       2854.3998                 38.601002                 395.57591                           2388.3476                      8.5109897               0.53602102               4.242461                         9.7470508       8.8387588
              1       1431.4798       3.0312149      0.96103745       69.948075     0.022172063      0.11427144     0.049382413            0.5053986   0.00028798466       0.59763073       1.0005752      0.99879115      0.99837849       64.193017      0.61781928       3.7321718       2.7287211       8.7674465       11.516882        15.704396       77.092923        290.5297       59.870958       47.226891       103.09104     0.078034852          0.167253        0.50445981      0.25245872        0.78895703        1.889219   2.0722392e-09       148.75964      0.81252442      0.27886958        0.783387       14.525533       2833.3222       3.1365426        1.0834536          2.053089       2856.6865                 38.601002                 395.57591                           2390.6343                      8.5109897               0.53602102               4.242461                         9.7470508       8.8387588
              1       1432.6544       3.0312149      0.96103745       69.948075     0.022172063      0.11427144     0.049382413            0.5053986   0.00028798466       0.59763073       1.0005752      0.99879351      0.99844687       64.006401       0.6135824       3.8003538       2.4664421       8.9539471       11.598614        15.540631       77.661122        290.6962       60.172567       46.073638       103.70248     0.079028248        0.16492137        0.53093126       0.2620317        0.77822202        1.889331   2.0722392e-09       148.75964      0.81252442      0.27886958        0.783387       14.525533       2835.3531       3.2956935        1.2276875          2.068006       2858.7174                 38.601002                 395.57591                           2392.6652                      8.5109897               0.53602102               4.242461                         9.7470508       8.8387588
              1       1430.3268       3.0312149      0.96103745       69.948075     0.022172063      0.11427144     0.049382413            0.5053986   0.00028798466       0.59763073       1.0013524      0.99879351      0.99844687       64.006401       0.6135824       3.8003538       2.4664421       8.9539471       11.598614        15.540631       77.661122        290.6962       60.172567       46.073638       103.70248     0.079028248        0.16492137        0.53093126       0.2620317        0.77822202        1.889331   2.0722392e-09       148.75964      0.81252442      0.27886958        0.783387       14.525533       2830.4582       3.4155362        1.3475302          2.068006       2853.8224                 38.345872                  395.5716                           2387.8837                      8.6569942               0.53602102               4.242461                         9.7470508       8.8387588
              1       1429.1122       3.0312149      0.96103745       69.948075     0.022172063      0.11427144     0.049382413            0.5053986   0.00028798466       0.59763073       1.0013524       0.9987504      0.99850566         64.1706       0.6373233       3.6353772        2.094289       9.0819984       11.705318        15.520644       76.775731       292.59635       60.993693       46.568048       104.35604      0.10974826        0.16190821        0.55241758      0.23013929        0.72165259       1.9544623   2.0722392e-09       148.75964      0.81252442      0.27886958        0.783387       14.525533       2829.6148        2.622605       0.46476183         2.1578432       2852.9791                 38.345872                  395.5716                           2387.0404                      8.6569942               0.53602102               4.242461                         9.7470508       8.8387588
              1       1428.8744       3.0312149      0.96103745       69.948075     0.022172063      0.11427144     0.049382413            0.5053986   0.00028798466       0.59763073       1.0013524      0.99878175      0.99843102       64.271239      0.63588389       3.7207491       1.6611511        9.214541       12.186505        16.057799       77.144089       288.91503       59.716858       47.000717       105.11964      0.10775665        0.12494615         0.5440812      0.18564459        0.74322059       1.8999179   2.0722392e-09       148.75964      0.81252442      0.27886958        0.783387       14.525533        2829.823       2.2807796      0.065691166         2.2150884       2853.1873                 38.345872                  395.5716                           2387.2485                      8.6569942               0.53602102               4.242461                         9.7470508       8.8387588
              1       1429.4648       3.0312149      0.96103745       69.948075     0.022172063      0.11427144     0.049382413            0.5053986   0.00028798466       0.59763073       1.0013524      0.99878578      0.99855913       64.390417      0.63150831       3.7309286        1.523912        9.076048       12.069611        15.818012       77.284683       288.74109       59.542773       46.701268       104.71369       0.1197352        0.11495732        0.55142267      0.19642071        0.74064358       1.8721637   2.0722392e-09       148.75964      0.81252442      0.27886958        0.783387       14.525533       2830.7884       2.3884775       0.14723485         2.2412426       2854.1527                 38.345872                  395.5716                            2388.214                      8.6569942               0.53602102               4.242461                         9.7470508       8.8387588
              1       1430.0092       3.0312149      0.96103745       69.948075     0.022172063      0.11427144     0.049382413            0.5053986   0.00028798466       0.59763073       1.0013524      0.99863995      0.99869275       64.291779      0.62503617       3.6468432       1.6231093       9.2136623       11.801325        15.702604       77.047569       283.68371       59.002091       47.145522        104.5895      0.13256074       0.089239613        0.56395865      0.18250798        0.75865813       1.9874559   2.0722392e-09       148.75964      0.81252442      0.27886958        0.783387       14.525533       2829.0045        3.824794        1.5756029         2.2491911       2852.3687                 38.345872                  395.5716                             2386.43                      8.6569942               0.53602102               4.242461                         9.7470508       8.8387588
              2       1430.8698       3.0312149      0.96103745       69.948075     0.022172063      0.11427144     0.049382413            0.5053986   0.00028798466       0.59763073       1.0013524      0.99863104      0.99867401       64.175365      0.61621397       3.6313361       1.6223216       9.1164374       11.713741        15.531748        76.89858       284.50171        59.29876       47.232398       105.08302      0.14110392         0.0786395        0.55602673      0.18513698        0.74913686       1.9821508   2.0722392e-09       148.75964      0.81252442      0.27886958        0.783387       14.525533       2830.2947       4.0402908        1.7852553         2.2550355        2853.659                 38.345872                  395.5716                           2387.7202                      8.6569942               0.53602102               4.242461                         9.7470508       8.8387588
              5       1429.6233       3.0312149      0.96103745       69.948075     0.022172063      0.11427144     0.049382413            0.5053986   0.00028798466       0.59763073       1.0013524      0.99865505      0.99880696       64.204113      0.60876723       3.7134963       1.7711744       8.8904624       11.861776         15.56339       77.011469       287.56816       58.497657       47.664136       105.28294      0.13424163       0.084954475        0.54917982      0.16828647        0.73562997       1.9889926   2.0722392e-09       148.75964      0.81252442      0.27886958        0.783387       14.525533       2828.2745       3.8039368        1.6089306         2.1950062       2851.6388                 38.345872                  395.5716                              2385.7                      8.6569942               0.53602102               4.242461                         9.7470508       8.8387588
              2       1430.5325       3.0312149      0.96103745       69.948075     0.022172063      0.11427144     0.049382413            0.5053986   0.00028798466       0.59763073       1.0007751      0.99894936      0.99846293       63.814922       0.6899216       3.3567541       1.9760804       9.0934545       11.703141         16.66407       76.200927       280.83376       60.319814       49.645565       105.99351      0.11575815        0.16762981        0.48283752      0.27123585        0.69498909       2.2652802   2.0722392e-09       148.75964      0.81252442      0.27886958        0.783387       14.525533       2833.6525       2.0241324      -0.25096824         2.2751006       2857.0168                 38.535205                 395.56963                           2391.0024                      8.5452774               0.53602102               4.242461                         9.7470508       8.8387588
              2        1432.159       3.0312149      0.96103745       69.948075     0.022172063      0.11427144     0.049382413            0.5053986   0.00028798466       0.59763073       1.0007751      0.99890493      0.99846974       63.670041      0.68155304       3.4046738       2.0442599       9.0688676        11.63564        16.720958       75.905613       281.99207       60.187185       49.709218       106.04977      0.10408852        0.16619216        0.49387069      0.26605522        0.67869022       2.2793385   2.0722392e-09       148.75964      0.81252442      0.27886958        0.783387       14.525533       2836.5747       2.1894902     -0.052122639         2.2416129        2859.939                 38.535205                 395.56963                           2393.9246                      8.5452774               0.53602102               4.242461                         9.7470508       8.8387588
              1       1432.0437       3.0312149      0.96103745       69.948075     0.022172063      0.11427144     0.049382413            0.5053986   0.00028798466       0.59763073       1.0007751      0.99890517      0.99847655       63.670156      0.68209436       3.4014017       2.0603541       9.0616885       11.636868        16.713638       75.918659       281.81244       60.170415       49.691344       106.01384       0.1038205        0.16373691         0.4927713      0.26560205        0.67676454       2.2841608   2.0722392e-09       148.75964      0.81252442      0.27886958        0.783387       14.525533       2836.4639       2.1295507      -0.10964565         2.2391964       2859.8282                 38.535205                 395.56963                           2393.8138                      8.5452774               0.53602102               4.242461                         9.7470508       8.8387588
              1       1431.8937       3.0312149      0.96103745       69.948075     0.022172063      0.11427144     0.049382413            0.5053986   0.00028798466       0.59763073       1.0007751      0.99889142      0.99848854       63.653743      0.68961544         3.40698       2.1531966       9.2802338       11.661309        16.828403       76.349097       281.03558       60.416194       49.899338       106.06921       0.1004472        0.16940541        0.48019353      0.26236203        0.67875025       2.2818616   2.0722392e-09       148.75964      0.81252442      0.27886958        0.783387       14.525533       2835.8289       2.2970847      0.079898681          2.217186       2859.1931                 38.535205                 395.56963                           2393.1787                      8.5452774               0.53602102               4.242461                         9.7470508       8.8387588
              1       1432.2864       3.0312149      0.96103745       69.948075     0.022172063      0.11427144     0.049382413            0.5053986   0.00028798466       0.59763073       1.0007751      0.99888678      0.99847954        63.64085        0.686333       3.3897578       2.1654543          9.2912       11.662035        16.821888       76.321424       280.29876       60.421241        49.91117       106.05616     0.098440408        0.17160114        0.48096691      0.26452547        0.67741428       2.2832026   2.0722392e-09       148.75964      0.81252442      0.27886958        0.783387       14.525533       2836.3291       2.4396752        0.2192541         2.2204211       2859.6934                 38.535205                 395.56963                            2393.679                      8.5452774               0.53602102               4.242461                         9.7470508       8.8387588
              1       1432.3426       3.0312149      0.96103745       69.948075     0.022172063      0.11427144     0.049382413            0.5053986   0.00028798466       0.59763073        1.000746      0.99888678      0.99847954        63.64085        0.686333       3.3897578       2.1654543          9.2912       11.662035        16.821888       76.321424       280.29876       60.421241        49.91117       106.05616     0.098440408        0.17160114        0.48096691      0.26452547        0.67741428       2.2832026   2.0722392e-09       148.75964      0.81252442      0.27886958        0.783387       14.525533       2836.4487       2.4361315       0.21571042         2.2204211       2859.8129                 38.544783                 395.56963                           2393.7941                      8.5401414               0.53602102               4.242461                         9.7470508       8.8387588
              1       1434.0897       3.0312149      0.96103745       69.948075     0.022172063      0.11427144     0.049382413            0.5053986   0.00028798466       0.59763073        1.000746      0.99891398      0.99860939       63.456825      0.71404494       3.4899835       1.6551017       10.196229        11.91585        14.825921       77.653881        291.1983        60.65134       50.729526       108.46771     0.071516604        0.17418814        0.46260244      0.37392329        0.65797208       2.3135755   2.0722392e-09       148.75964      0.81252442      0.27886958        0.783387       14.525533       2832.2169       6.2990892        3.9975506         2.3015386       2855.5812                 38.544783                 395.56963                           2389.5624                      8.5401414               0.53602102               4.242461                         9.7470508       8.8387588
              2        1435.163       3.0312149      0.96103745       69.948075     0.022172063      0.11427144     0.049382413            0.5053986   0.00028798466       0.59763073        1.000746      0.99889445      0.99854821       63.566703       0.7247943       3.4930104       1.6175066        10.13115       11.891591        14.755418       77.718934       291.05288       60.471481       50.630803       108.73868     0.072051885        0.17680813        0.47257111      0.37091151         0.6713119        2.312785   2.0722392e-09       148.75964      0.81252442      0.27886958        0.783387       14.525533       2834.5615       6.2000589         3.890233          2.309826       2857.9258                 38.544783                 395.56963                           2391.9069                      8.5401414               0.53602102               4.242461                         9.7470508       8.8387588
              1       1435.2756       3.0312149      0.96103745       69.948075     0.022172063      0.11427144     0.049382413            0.5053986   0.00028798466       0.59763073        1.000746      0.99905788      0.99854764       63.629104      0.76939122       3.4226443       1.3520877       9.6693407       12.113771        14.840718       76.794432       293.92877       60.640151        50.23187       108.46614     0.047707293        0.15059488        0.46286754      0.36623085        0.64611007       2.2912462   2.0722392e-09       148.75964      0.81252442      0.27886958        0.783387       14.525533       2835.0905       6.0482467        3.6341469         2.4140998       2858.4548                 38.544783                 395.56963                           2392.4359                      8.5401414               0.53602102               4.242461                         9.7470508       8.8387588
              3       1435.2932       3.0312149      0.96103745       69.948075     0.022172063      0.11427144     0.049382413            0.5053986   0.00028798466       0.59763073        1.000746      0.99905801      0.99854811       63.632097       0.7694592       3.4238171       1.3520761       9.6704876       12.114682        14.837435       76.794885       293.91921       60.638985       50.233894       108.46265     0.047784917        0.15039679        0.46298268      0.36615103         0.6460224       2.2913301   2.0722392e-09       148.75964      0.81252442      0.27886958        0.783387       14.525533       2835.1414       6.0403809        3.6268345         2.4135464       2858.5057                 38.544783                 395.56963                           2392.4869                      8.5401414               0.53602102               4.242461                         9.7470508       8.8387588
              1       1434.4076       3.0312149      0.96103745       69.948075     0.022172063      0.11427144     0.049382413            0.5053986   0.00028798466       0.59763073        1.000746      0.99907992      0.99851183       63.600221       0.7745953       3.4426463       1.3358535       9.6946827       12.049326        14.800794       76.743848       293.68711       60.589381       50.442996       108.32973     0.059759955         0.1487764        0.47424543      0.35971817        0.64263556       2.3182024   2.0722392e-09       148.75964      0.81252442      0.27886958        0.783387       14.525533       2834.9259       5.2625567        2.8531242         2.4094325       2858.2902                 38.544783                 395.56963                           2392.2713                      8.5401414               0.53602102               4.242461                         9.7470508       8.8387588
              4       1433.4315       3.0312149      0.96103745       69.948075     0.022172063      0.11427144     0.049382413            0.5053986   0.00028798466       0.59763073        1.000746      0.99901231      0.99837309       63.792329      0.76966229       3.2584993       1.4387904        9.596421        11.65447        14.165535       74.720328       291.19951        62.38263       50.302523       108.41876     0.030401813        0.14041153        0.51747497        0.327751        0.63697215       2.2051343   2.0722392e-09       148.75964      0.81252442      0.27886958        0.783387       14.525533       2831.6182       5.9402298        3.4721853         2.4680445       2854.9824                 38.544783                 395.56963                           2388.9636                      8.5401414               0.53602102               4.242461                         9.7470508       8.8387588
              1       1432.9224       3.0312149      0.96103745       69.948075     0.022172063      0.11427144     0.049382413            0.5053986   0.00028798466       0.59763073        1.000746      0.99911251      0.99836213        64.06416      0.66550782       2.7139392       1.2173307       10.364867       12.267223        13.691998       73.882324       280.97371       62.013866       51.761358       107.84939     0.050749748        0.20505529        0.47526599      0.31936438        0.64697166       2.0182973   2.0722392e-09       148.75964      0.81252442      0.27886958        0.783387       14.525533       2828.0084       7.2360555         4.355922         2.8801335       2851.3726                 38.544783                 395.56963                           2385.3538                      8.5401414               0.53602102               4.242461                         9.7470508       8.8387588
              2       1432.5265       3.0312149      0.96103745       69.948075     0.022172063      0.11427144     0.049382413            0.5053986   0.00028798466       0.59763073        1.000746      0.99910259       0.9984053       63.997166       0.6606316       2.6936982       1.1669612       10.469762       12.376297        13.776589       74.348338       282.88657       61.289711       51.711475       108.04961     0.056079786        0.20483885         0.4853355      0.32870575         0.6544851       2.0179178   2.0722392e-09       148.75964      0.81252442      0.27886958        0.783387       14.525533       2826.9946       7.3470229        4.4302772         2.9167457       2850.3589                 38.544783                 395.56963                           2384.3401                      8.5401414               0.53602102               4.242461                         9.7470508       8.8387588
              2       1432.4432       3.0312149      0.96103745       69.948075     0.022172063      0.11427144     0.049382413            0.5053986   0.00028798466       0.59763073        1.000746      0.99884323      0.99881779       64.567841      0.68597098       2.4635745       1.2450548       10.332685       12.009752        13.556313       73.442788        285.7037       58.481795         51.2666       107.52325      0.09674675        0.18269037        0.43089435      0.27675365        0.60724141       2.0233699   2.0722392e-09       148.75964      0.81252442      0.27886958        0.783387       14.525533       2830.2886       5.6168062        2.5657043         3.0511018       2853.6529                 38.544783                 395.56963                            2387.634                      8.5401414               0.53602102               4.242461                         9.7470508       8.8387588
              1         1432.58       3.0312149      0.96103745       69.948075     0.022172063      0.11427144     0.049382413            0.5053986   0.00028798466       0.59763073        1.000759      0.99883596      0.99882548       64.544481      0.68438241       2.4573872       1.2249594       10.357485       11.991528        13.571977       73.473785       286.13828       58.415035       51.258054       107.48685     0.098465498        0.18211054        0.42977847       0.2756421        0.60718228       2.0253705   2.0722392e-09       148.75964      0.81252442      0.27886958        0.783387       14.525533       2830.5891       5.6033254        2.5377985         3.0655269       2853.9534                 38.540505                 395.56963                           2387.9365                      8.5424291               0.53602102               4.242461                         9.7470508       8.8387588
              1        1430.499       3.0312149      0.96103745       69.948075     0.022172063      0.11427144     0.049382413            0.5053986   0.00028798466       0.59763073        1.000759      0.99897682      0.99883608       64.680065      0.68173913       2.5770336       1.0833639       10.357457       12.106693        13.079792       73.941457       284.73462       58.001831       51.443566       107.75833      0.11999492        0.17981582        0.43419799      0.27588116        0.58633817       2.1103039   2.0722392e-09       148.75964      0.81252442      0.27886958        0.783387       14.525533        2827.156       5.2387997         2.197186         3.0416137       2850.5203                 38.540505                 395.56963                           2384.5035                      8.5424291               0.53602102               4.242461                         9.7470508       8.8387588
              1        1430.726       3.0312149      0.96103745       69.948075     0.022172063      0.11427144     0.049382413            0.5053986   0.00028798466       0.59763073        1.000759      0.99898472      0.99904439       64.607726      0.72000518       2.4792696       1.2703935       10.238223       11.436602         12.90974       73.865122       276.46995       59.352673       51.037798        107.2328     0.084179822        0.16487286         0.3812434       0.2531783        0.63907003       2.2904807   2.0722392e-09       148.75964      0.81252442      0.27886958        0.783387       14.525533       2827.5837       5.2520178        2.2249529         3.0270648        2850.948                 38.540505                 395.56963                           2384.9312                      8.5424291               0.53602102               4.242461                         9.7470508       8.8387588
              1       1431.0044       3.0312149      0.96103745       69.948075     0.022172063      0.11427144     0.049382413            0.5053986   0.00028798466       0.59763073        1.000759      0.99896761      0.99883721       64.962734      0.73350761       2.5817824       1.0775532       10.477574        11.30132        12.773267       74.418367       278.28986       59.818115       50.871539       106.55027     0.058225421        0.15613738        0.38179758      0.24328793        0.63784414       2.2749924   2.0722392e-09       148.75964      0.81252442      0.27886958        0.783387       14.525533       2827.6218       5.5113314        2.4705702         3.0407612       2850.9861                 38.540505                 395.56963                           2384.9693                      8.5424291               0.53602102               4.242461                         9.7470508       8.8387588
              1       1430.5169       3.0312149      0.96103745       69.948075     0.022172063      0.11427144     0.049382413            0.5053986   0.00028798466       0.59763073        1.000986       0.9991568      0.99847134        64.37876      0.73764474       2.7963164      0.64420857       9.8274063       10.707768        12.665551       73.394891       282.76775       58.872668       52.427511       106.66833     0.065981583        0.10822419        0.32950844      0.25605111        0.66499257         2.25122   2.0722392e-09       148.75964      0.81252442      0.27886958        0.783387       14.525533        2828.435         4.61728         1.533109         3.0841711       2851.7993                 38.465903                 395.56026                           2385.8249                      8.5839119               0.53602102               4.242461                         9.7470508       8.8387588
              1       1430.9153       3.0312149      0.96103745       69.948075     0.022172063      0.11427144     0.049382413            0.5053986   0.00028798466       0.59763073        1.000986      0.99916635       0.9985004       64.378065      0.75653478         2.75117      0.47364185       9.8726352       10.760098        12.676918       73.329217       281.38748       58.686793       52.572562       106.52193     0.068468317        0.10800768        0.34165354      0.25756446        0.67530594       2.2458135   2.0722392e-09       148.75964      0.81252442      0.27886958        0.783387       14.525533       2829.5106       4.4778391        1.2721843         3.2056548       2852.8749                 38.465903                 395.56026                           2386.9006                      8.5839119               0.53602102               4.242461                         9.7470508       8.8387588
              2       1429.6701       3.0312149      0.96103745       69.948075     0.022172063      0.11427144     0.049382413            0.5053986   0.00028798466       0.59763073        1.000986      0.99947129      0.99837037       63.894448      0.72720305       2.8956874      0.56798648       9.1305477        10.57976        12.715503        74.26227       276.19486       59.485168       53.148905       107.15759      0.12573655        0.12664415        0.30487572        0.266949        0.66611902       2.1545482   2.0722392e-09       148.75964      0.81252442      0.27886958        0.783387       14.525533        2830.293       2.8414546       -0.2027995         3.0442541       2853.6573                 38.465903                 395.56026                            2387.683                      8.5839119               0.53602102               4.242461                         9.7470508       8.8387588
              1       1429.6897       3.0312149      0.96103745       69.948075     0.022172063      0.11427144     0.049382413            0.5053986   0.00028798466       0.59763073       1.0001442      0.99947129      0.99837037       63.894448      0.72720305       2.8956874      0.56798648       9.1305477        10.57976        12.715503        74.26227       276.19486       59.485168       53.148905       107.15759      0.12573655        0.12664415        0.30487572        0.266949        0.66611902       2.1545482   2.0722392e-09       148.75964      0.81252442      0.27886958        0.783387       14.525533       2830.4845       2.7653354      -0.27891876         3.0442541       2853.8488                 38.743271                 395.58346                            2387.713                      8.4447835               0.53602102               4.242461                         9.7470508       8.8387588
              1       1430.1137       3.0312149      0.96103745       69.948075     0.022172063      0.11427144     0.049382413            0.5053986   0.00028798466       0.59763073       1.0001442      0.99955147       0.9983905       63.828875      0.73030569       3.0938647       1.2980913       8.6466899       10.632942        12.313496       74.918444       288.88322       56.250286       52.823347         106.459      0.15724416        0.13115186        0.33429683      0.24276623        0.65518301       2.2331856   2.0722392e-09       148.75964      0.81252442      0.27886958        0.783387       14.525533       2833.2555       1.8037867      -0.80119281         2.6049795       2856.6198                 38.743271                 395.58346                            2390.484                      8.4447835               0.53602102               4.242461                         9.7470508       8.8387588
              2       1430.4066       3.0312149      0.96103745       69.948075     0.022172063      0.11427144     0.049382413            0.5053986   0.00028798466       0.59763073       1.0001442      0.99962586      0.99848115        63.29235      0.73388919       3.2279859       1.5609858       8.7131553       10.221479        11.580523       74.139844       281.33962       56.507307       52.486838       105.64521      0.13310882        0.16668267        0.32042342      0.26940032        0.61997418       2.3147304   2.0722392e-09       148.75964      0.81252442      0.27886958        0.783387       14.525533       2831.6166       2.9161755        0.4710475          2.445128       2854.9809                 38.743271                 395.58346                           2388.8451                      8.4447835               0.53602102               4.242461                         9.7470508       8.8387588
              1       1430.5396       3.0328894      0.96003913       69.948075     0.022152743      0.11423827     0.049968712           0.51349748   0.00029099361       0.60481317       1.0001442      0.99963906      0.99857375       63.420066      0.73411964       3.1642904         1.79436       8.9690033        10.04875        11.449042       73.918404       282.49615       56.831034       52.786288       105.62369      0.11738672        0.15033424        0.33664382      0.28877604        0.61030735       2.3291414   2.0757122e-09        148.7934      0.81301225      0.27876232      0.78370658       14.656392       2831.9233       2.8304052       0.42483979         2.4055654       2855.4185                 39.445866                 395.69938                           2388.3943                      8.3838111                0.5433451              4.2604573                         9.8525894       8.8387588
              1       1430.6963       3.0328894      0.96003913       69.948075     0.022152743      0.11423827     0.049968712           0.51349748   0.00029099361       0.60481317       1.0001442      0.99991791      0.99875779        62.86952       0.7317311       3.1087932       1.3381425       9.4808397       9.9057563        11.589701       73.792391       277.95028       56.373381       52.460331        106.3325      0.10405915        0.12686534        0.33282294      0.25078438        0.64650729       2.3991293   2.0757122e-09        148.7934      0.81301225      0.27876232      0.78370658       14.656392       2832.8259       2.5357997     -0.046306438         2.5821061       2856.3211                 39.445866                 395.69938                           2389.2969                      8.3838111                0.5433451              4.2604573                         9.8525894       8.8387588
              1       1427.8125       3.0328894      0.96003913       69.948075     0.022152743      0.11423827     0.049968712           0.51349748   0.00029099361       0.60481317       1.0001442      0.99972212      0.99845336       62.961474      0.66217543        3.613343       1.8705934        10.07983       9.7561844        12.677467       74.737881       272.22179       56.003686       51.498486       108.22411      0.11766595        0.13333256        0.43742464      0.24782682        0.65494451       2.4249673   2.0757122e-09        148.7934      0.81301225      0.27876232      0.78370658       14.656392       2830.5937      0.76809218       -1.4391985         2.2072907       2854.0888                 39.445866                 395.69938                           2387.0646                      8.3838111                0.5433451              4.2604573                         9.8525894       8.8387588
              2       1427.8203       3.0328894      0.96003913       69.948075     0.022152743      0.11423827     0.049968712           0.51349748   0.00029099361       0.60481317       1.0001442      0.99968291      0.99846693       62.897084       0.6414494       3.5582287       1.8054451        10.14026       9.8405274        12.476239       74.710863       271.27798       55.912466       51.275885       108.01701      0.11132038        0.14303781        0.44055524      0.25134872        0.64503021       2.4303841   2.0757122e-09        148.7934      0.81301225      0.27876232      0.78370658       14.656392       2829.9708       1.0873244       -1.1527574         2.2400818       2853.4659                 39.445866                 395.69938                           2386.4417                      8.3838111                0.5433451              4.2604573                         9.8525894       8.8387588
              1       1428.4293       3.0328894      0.96003913       69.948075     0.022152743      0.11423827     0.049968712           0.51349748   0.00029099361       0.60481317       1.0001442       0.9997472      0.99848746       62.906449      0.63039757       3.5513711       1.8247538       10.009999       9.9049382        12.509257       75.019281       270.67049        54.96393       51.537954       108.25871      0.10126932        0.12504378        0.43940976       0.2566735        0.62770706       2.4123454   2.0757122e-09        148.7934      0.81301225      0.27876232      0.78370658       14.656392       2831.0044       1.1795715       -1.0586603         2.2382318       2854.4995                 39.445866                 395.69938                           2387.4753                      8.3838111                0.5433451              4.2604573                         9.8525894       8.8387588
              1       1430.5182       3.0328894      0.96003913       69.948075     0.022152743      0.11423827     0.049968712           0.51349748   0.00029099361       0.60481317       1.0001442      0.99978146      0.99864544        63.64431      0.65250953        3.495744       2.0425319       9.9388074       9.9249387        13.028711       75.141193       285.14568       54.053345       51.292411       106.63115      0.15585221        0.16628362        0.51168464       0.2563496        0.59560634       2.3528803   2.0757122e-09        148.7934      0.81301225      0.27876232      0.78370658       14.656392       2833.5136       2.0137964      -0.19683948         2.2106359       2857.0087                 39.445866                 395.69938                           2389.9845                      8.3838111                0.5433451              4.2604573                         9.8525894       8.8387588
              2       1430.9381       3.0328894      0.96003913       69.948075     0.022152743      0.11423827     0.049968712           0.51349748   0.00029099361       0.60481317       1.0001442      0.99962892      0.99863128       63.096184      0.66579739       3.5764608        1.362197       10.098172       9.6242276        13.440591       77.001369       292.94922       53.927821       50.669658       108.33792      0.16462945        0.15182208        0.55853864      0.20783523        0.61941358       2.3137582   2.0757122e-09        148.7934      0.81301225      0.27876232      0.78370658       14.656392       2834.3889       1.9960519      -0.34563642         2.3416883       2857.8841                 39.445866                 395.69938                           2390.8599                      8.3838111                0.5433451              4.2604573                         9.8525894       8.8387588
              3       1430.9581       3.0328894      0.96003913       69.948075     0.022152743      0.11423827     0.049968712           0.51349748   0.00029099361       0.60481317       1.0001442      0.99962762      0.99862627       63.086089      0.66553975         3.58613        1.396878       10.120827       9.6029899         13.45514       77.150122       293.43126       53.871676        50.66817         108.261      0.16237503        0.15375136         0.5531717      0.21422797         0.6214454       2.3157167   2.0757122e-09        148.7934      0.81301225      0.27876232      0.78370658       14.656392       2834.6186       1.9012792      -0.42708881         2.3283681       2858.1137                 39.445866                 395.69938                           2391.0895                      8.3838111                0.5433451              4.2604573                         9.8525894       8.8387588
              1       1430.0484       3.0328894      0.96003913       69.948075     0.022152743      0.11423827     0.049968712           0.51349748   0.00029099361       0.60481317       1.0001442      0.99963321      0.99860847        62.98634      0.67409754       3.5393421       1.1760918       10.010812       9.4506836        13.407931       76.870603       292.95347       54.716064       50.589529       107.74202         0.16257        0.13557961        0.56448137      0.20734504        0.63224706       2.2762272   2.0757122e-09        148.7934      0.81301225      0.27876232      0.78370658       14.656392       2833.0633       1.7691826      -0.64174111         2.4109237       2856.5585                 39.445866                 395.69938                           2389.5343                      8.3838111                0.5433451              4.2604573                         9.8525894       8.8387588
              2       1430.4998       3.0328894      0.96003913       69.948075     0.022152743      0.11423827     0.049968712           0.51349748   0.00029099361       0.60481317       1.0001442      0.99990245      0.99810918       62.628325      0.63355552       3.2002168       1.4874668       10.475663       10.302798        13.470212       75.492047       289.26856       55.186549       49.853202       107.24103      0.14329974        0.17557624        0.58877564       0.3084451        0.70595831       2.2679976   2.0757122e-09        148.7934      0.81301225      0.27876232      0.78370658       14.656392       2831.5002       3.0020989       0.51984025         2.4822587       2854.9953                 39.445866                 395.69938                           2387.9711                      8.3838111                0.5433451              4.2604573                         9.8525894       8.8387588
              2       1430.4239       3.0328894      0.96003913       69.948075     0.022152743      0.11423827     0.049968712           0.51349748   0.00029099361       0.60481317       1.0001442      0.99991216      0.99809095       62.702205      0.63572715       3.1985529       1.4757227       10.428378       10.308014        13.399361       75.526442       289.19212       55.168005       49.893409       107.16658      0.13929572        0.17887982         0.5906892      0.30895949        0.70389435       2.2698544   2.0757122e-09        148.7934      0.81301225      0.27876232      0.78370658       14.656392       2831.1152       3.1187486       0.63184886         2.4868997       2854.6104                 39.445866                 395.69938                           2387.5862                      8.3838111                0.5433451              4.2604573                         9.8525894       8.8387588
              2        1430.381       3.0328894      0.96003913       69.948075     0.022152743      0.11423827     0.049968712           0.51349748   0.00029099361       0.60481317       1.0001442       0.9999286      0.99806813       62.654438      0.59585224       3.1676257       1.7739732       10.720239       10.708581        13.203807       75.757625       287.08139       55.310022       49.927737       107.56563      0.12519031        0.15028368        0.60827033      0.30869641        0.72033826       2.3434297   2.0757122e-09        148.7934      0.81301225      0.27876232      0.78370658       14.656392         2831.59       2.8384593       0.42846194         2.4099973       2855.0851                 39.445866                 395.69938                           2388.0609                      8.3838111                0.5433451              4.2604573                         9.8525894       8.8387588
              1       1428.8263       3.0328894      0.96003913       69.948075     0.022152743      0.11423827     0.049968712           0.51349748   0.00029099361       0.60481317       1.0007209       0.9999171      0.99822384       62.618498      0.60045188       3.1719599       1.7447463       10.671418        10.73005        13.115065       76.045188       286.92877       55.064748       50.217332       107.16896       0.1263235        0.15217956        0.62362901      0.28223547        0.72002678       2.3586298   2.0757122e-09        148.7934      0.81301225      0.27876232      0.78370658       14.656392       2828.5656       2.7959611       0.37935296         2.4166081       2852.0608                  39.25248                 395.67554                           2385.1755                      8.4621232                0.5433451              4.2604573                         9.8525894       8.8387588
              3       1428.8347       3.0328894      0.96003913       69.948075     0.022152743      0.11423827     0.049968712           0.51349748   0.00029099361       0.60481317       1.0007209      0.99991821      0.99822055        62.61157      0.59905543       3.1704319       1.7393319        10.67009       10.739507         13.12967       76.026514       287.22853       54.989822       50.188867       107.15379      0.12744307        0.15218863        0.62231238        0.280187        0.72216904       2.3581885   2.0757122e-09        148.7934      0.81301225      0.27876232      0.78370658       14.656392       2828.6852       2.7445494       0.32559742          2.418952       2852.1803                  39.25248                 395.67554                           2385.2951                      8.4621232                0.5433451              4.2604573                         9.8525894       8.8387588
              1       1428.7025       3.0328894      0.96003913       69.948075     0.022152743      0.11423827     0.049968712           0.51349748   0.00029099361       0.60481317       1.0007209       1.0000442      0.99823128       62.552736      0.59138456       3.2604098       1.8240711       10.696094       10.656629        13.125723       76.001622       283.20201       55.685859       50.590947        107.4432      0.13638267        0.15429609        0.61793318      0.27688922        0.70916847       2.3917956   2.0757122e-09        148.7934      0.81301225      0.27876232      0.78370658       14.656392       2828.7797       2.5650083       0.21145607         2.3535522       2852.2749                  39.25248                 395.67554                           2385.3896                      8.4621232                0.5433451              4.2604573                         9.8525894       8.8387588
              1       1428.6966       3.0328894      0.96003913       69.948075     0.022152743      0.11423827     0.049968712           0.51349748   0.00029099361       0.60481317       1.0007337       1.0000442      0.99823128       62.552736      0.59138456       3.2604098       1.8240711       10.696094       10.656629        13.125723       76.001622       283.20201       55.685859       50.590947        107.4432      0.13638267        0.15429609        0.61793318      0.27688922        0.70916847       2.3917956   2.0757122e-09        148.7934      0.81301225      0.27876232      0.78370658       14.656392        2828.765       2.5665014        0.2129492         2.3535522       2852.2602                 39.248187                 395.67554                           2385.3772                      8.4640805                0.5433451              4.2604573                         9.8525894       8.8387588
              1        1428.886       3.0328894      0.96003913       69.948075     0.022152743      0.11423827     0.049968712           0.51349748   0.00029099361       0.60481317       1.0007337       1.0000489      0.99826342       62.600231      0.60670566       3.2094563       1.8950889       10.706762       10.674594        13.146887       75.911068       282.03338       55.658568       50.641942        107.4268      0.13087662        0.15935149        0.62447411      0.27345935        0.72249682       2.4176166   2.0757122e-09        148.7934      0.81301225      0.27876232      0.78370658       14.656392       2828.5738       2.8515764       0.49514677         2.3564296       2852.0689                 39.248187                 395.67554                            2385.186                      8.4640805                0.5433451              4.2604573                         9.8525894       8.8387588
              1       1429.3236       3.0328894      0.96003913       69.948075     0.022152743      0.11423827     0.049968712           0.51349748   0.00029099361       0.60481317       1.0007337        1.000073      0.99817395       62.433522       0.6177875       3.2224306        1.897141       10.942038       10.563755        13.039639       75.996174       282.81313       55.399544       50.606572       107.71538      0.13614833        0.15334879        0.63761836      0.27591549        0.72508097       2.4206863   2.0757122e-09        148.7934      0.81301225      0.27876232      0.78370658       14.656392       2828.8339       3.1590847       0.80888593         2.3501987       2852.3291                 39.248187                 395.67554                           2385.4461                      8.4640805                0.5433451              4.2604573                         9.8525894       8.8387588
              1       1429.3143       3.0328894      0.96003913       69.948075     0.022152743      0.11423827     0.049968712           0.51349748   0.00029099361       0.60481317       1.0007337       1.0000725      0.99817361       62.431978      0.61742225       3.2197035       1.8980216       10.942743       10.563915        13.034397       75.995552       282.76047       55.401325        50.60924       107.72252      0.13565852        0.15319071        0.63756831      0.27587641        0.72518301       2.4202396   2.0757122e-09        148.7934      0.81301225      0.27876232      0.78370658       14.656392       2828.8236       3.1548729       0.80372654         2.3511463       2852.3188                 39.248187                 395.67554                           2385.4358                      8.4640805                0.5433451              4.2604573                         9.8525894       8.8387588
              1       1429.9262       3.0328894      0.96003913       69.948075     0.022152743      0.11423827     0.049968712           0.51349748   0.00029099361       0.60481317       1.0007337       1.0001509      0.99811775       61.857621      0.58631545       3.5581508       2.0750314       10.436393       11.492892        12.431488       74.534023       290.30865       54.781932       49.867868       109.10575        0.131548        0.13969521         0.6312579      0.29406323        0.66457074       2.4179682   2.0757122e-09        148.7934      0.81301225      0.27876232      0.78370658       14.656392       2830.6281       2.8645567       0.68036296         2.1841937       2854.1233                 39.248187                 395.67554                           2387.2403                      8.4640805                0.5433451              4.2604573                         9.8525894       8.8387588
              1       1430.3513       3.0328894      0.96003913       69.948075     0.022152743      0.11423827     0.049968712           0.51349748   0.00029099361       0.60481317       1.0007337        1.000155      0.99796833       61.973069      0.56774376       3.5316328       1.9045214       10.334607        11.43497        12.334799       74.027388        286.5479       55.002794       49.413056       108.27019      0.14034683        0.16062503        0.66027954      0.28010595        0.64945883       2.4539008   2.0757122e-09        148.7934      0.81301225      0.27876232      0.78370658       14.656392       2829.5725       3.8174805        1.5897906         2.2276899       2853.0676                 39.248187                 395.67554                           2386.1846                      8.4640805                0.5433451              4.2604573                         9.8525894       8.8387588
              1       1429.0722       3.0328894      0.96003913       69.948075     0.022152743      0.11423827     0.049968712           0.51349748   0.00029099361       0.60481317       1.0007337       1.0001634       0.9979708       61.911043      0.55661187       3.6164665       2.8573713       9.6879349       11.027153        12.862221        73.78201       279.38922       55.902554       49.478605       107.97559       0.1491123         0.1641647        0.59000764      0.22590107        0.61965113       2.4288022   2.0757122e-09        148.7934      0.81301225      0.27876232      0.78370658       14.656392       2831.2603       1.6945228      -0.36376242         2.0582852       2854.7554                 39.248187                 395.67554                           2387.8725                      8.4640805                0.5433451              4.2604573                         9.8525894       8.8387588
              3       1428.9835       3.0328894      0.96003913       69.948075     0.022152743      0.11423827     0.049968712           0.51349748   0.00029099361       0.60481317       1.0007337       1.0002345      0.99800236        61.81484      0.55305337       3.7532053       2.7668332       9.8833633       11.076223        12.764772       73.609809       276.04406       56.256857       49.727692       107.98038      0.14454132        0.16188873         0.5862429      0.21208734        0.62599032       2.4253532   2.0757122e-09        148.7934      0.81301225      0.27876232      0.78370658       14.656392       2831.4467       1.5125909      -0.53440658         2.0469975       2854.9419                 39.248187                 395.67554                           2388.0589                      8.4640805                0.5433451              4.2604573                         9.8525894       8.8387588
              1       1428.1882       3.0328894      0.96003913       69.948075     0.022152743      0.11423827     0.049968712           0.51349748   0.00029099361       0.60481317       1.0007337       1.0000325      0.99774753        62.11278      0.49193323       4.1027274       1.6100436       9.6224691       10.276263        13.920688        74.09561       293.17711       57.428639       46.344584       108.95853     0.086878144        0.12270587        0.58502233      0.23450467          0.665707       2.4395471   2.0757122e-09        148.7934      0.81301225      0.27876232      0.78370658       14.656392       2830.0945       1.3933563      -0.72181648         2.1151728       2853.5896                 39.248187                 395.67554                           2386.7066                      8.4640805                0.5433451              4.2604573                         9.8525894       8.8387588
              3       1429.3573       3.0328894      0.96003913       69.948075     0.022152743      0.11423827     0.049968712           0.51349748   0.00029099361       0.60481317       1.0007337      0.99998239      0.99755818       62.183507      0.47253215       4.1863501       1.6664773       10.315622       10.116806        13.782404        74.04539       288.49859       57.764544       45.802687       109.51801      0.10481154        0.13974614        0.58719775      0.25805762         0.6578096       2.4322866   2.0757122e-09        148.7934      0.81301225      0.27876232      0.78370658       14.656392       2831.7487       1.7354191      -0.35374547         2.0891646       2855.2438                 39.248187                 395.67554                           2388.3609                      8.4640805                0.5433451              4.2604573                         9.8525894       8.8387588
              2       1429.3938       3.0328894      0.96003913       69.948075     0.022152743      0.11423827     0.049968712           0.51349748   0.00029099361       0.60481317       1.0007337       1.0000112      0.99757641       62.260605      0.47271457       4.2062075       1.6997946       10.278957       10.110072        13.835169       74.088699       286.87824        57.63981       45.801926       109.65413        0.107469        0.14499227        0.58873523      0.26078693        0.67570574       2.4455666   2.0757122e-09        148.7934      0.81301225      0.27876232      0.78370658       14.656392       2831.8758        1.708388      -0.37280088         2.0811889       2855.3709                 39.248187                 395.67554                            2388.488                      8.4640805                0.5433451              4.2604573                         9.8525894       8.8387588
              1       1430.2012       3.0328894      0.96003913       69.948075     0.022152743      0.11423827     0.049968712           0.51349748   0.00029099361       0.60481317       1.0007337      0.99997756       0.9976786        62.06999      0.46874643       4.0048194       1.5824067       10.571713       10.060961        13.693853       73.821994       287.28011       57.273507       45.889652       109.76235      0.10230495        0.17835909        0.59885076       0.2560239        0.67396564       2.4452167   2.0757122e-09        148.7934      0.81301225      0.27876232      0.78370658       14.656392       2831.1756       2.8657968       0.72159353         2.1442033       2854.6708                 39.248187                 395.67554                           2387.7878                      8.4640805                0.5433451              4.2604573                         9.8525894       8.8387588
              1       1432.2233          3.0415       0.9607482       69.948075     0.022093059      0.11434281     0.055347624             0.510789   0.00031261635       0.61771615       1.0007337      0.99997302      0.99764016       62.162568      0.45544651        3.952387       1.4288244        10.45436       10.091094        13.909307       73.829177       285.68705       57.519782       45.853929       109.85792      0.11619684        0.18434913        0.60557496       0.2219386        0.67281803       2.4582925   2.0936624e-09       148.83255      0.81758651      0.27885399      0.78824554       14.858629       2835.0208       2.8641958       0.67701977         2.1871761       2858.7182                  38.94713                 396.90235                           2390.7611                        8.41022               0.55269279              4.2840961                          10.02184       8.8387588
              3       1431.0556          3.0415       0.9607482       69.948075     0.022093059      0.11434281     0.055347624             0.510789   0.00031261635       0.61771615       1.0007337      0.99961225      0.99768488       62.564017      0.44514707       3.8837504       1.6926525       10.736093       10.068121        14.433202       73.879961       286.91946       57.632012       47.388884       109.61158      0.11659748        0.14702028        0.62848222      0.21579538        0.67811356       2.4035613   2.0936624e-09       148.83255      0.81758651      0.27885399      0.78824554       14.858629       2833.4834       2.4651863       0.30659361         2.1585927       2857.1808                  38.94713                 396.90235                           2389.2237                        8.41022               0.55269279              4.2840961                          10.02184       8.8387588
              1       1431.9856       3.0407519      0.96123922       69.948075     0.022099323      0.11431487     0.055542574           0.51121257   0.00031282602       0.61830223       1.0007337      0.99961225      0.99768488       62.564017      0.44514707       3.8837504       1.6926525       10.736093       10.068121        14.433202       73.879961       286.91946       57.632012       47.388884       109.61158      0.11659748        0.14702028        0.62848222      0.21579538        0.67811356       2.4035613   2.0920967e-09       148.83314      0.81727016      0.27880969      0.78787795       14.851263       2835.3508       2.4651863       0.30659361         2.1585927       2859.0409                 38.532276                 396.95414                           2391.3536                      8.5107776               0.55266794              4.2838678                         10.014727       8.8387588
              1        1432.431       3.0407519      0.96123922       69.948075     0.022099323      0.11431487     0.055542574           0.51121257   0.00031282602       0.61830223       1.0007337      0.99963784      0.99766369       62.634146      0.43622661       3.8922737       1.5709756       10.693038       10.053113        14.420627       73.915435       287.10156       57.552308       47.316058       109.59799       0.1138198        0.16051403        0.62686789      0.22451426        0.67640316       2.4058181   2.0920967e-09       148.83314      0.81727016      0.27880969      0.78787795       14.851263       2835.7344       2.7187939       0.54042557         2.1783684       2859.4244                 38.532276                 396.95414                           2391.7372                      8.5107776               0.55266794              4.2838678                         10.014727       8.8387588
              1       1433.4921       3.0407519      0.96123922       69.948075     0.022099323      0.11431487     0.055542574           0.51121257   0.00031282602       0.61830223       1.0007337      0.99923129      0.99782386       62.705868      0.40431149       3.8066185        1.141643       10.599135       10.026924        14.869467       74.901956       286.82169       58.957363       47.633086       110.82806      0.05462632        0.14621684        0.60697687      0.21397544        0.71116379       2.3735873   2.0920967e-09       148.83314      0.81727016      0.27880969      0.78787795       14.851263       2835.1851       4.0545654        1.7513052         2.3032602       2858.8751                 38.532276                 396.95414                           2391.1879                      8.5107776               0.55266794              4.2838678                         10.014727       8.8387588
              1       1434.8076       3.0407519      0.96123922       69.948075     0.022099323      0.11431487     0.055542574           0.51121257   0.00031282602       0.61830223       1.0007337      0.99939038      0.99805287       62.726017      0.39570832       3.6404668       1.0632206       10.500539       10.182995         15.12058        74.74124       287.34406       58.937558       47.990712       111.84337     0.067648926         0.1364912        0.60143698      0.21751972        0.69160102       2.5050984   2.0920967e-09       148.83314      0.81727016      0.27880969      0.78787795       14.851263       2839.4831       3.2210071       0.82441665         2.3965905       2863.1731                 38.532276                 396.95414                           2395.4859                      8.5107776               0.55266794              4.2838678                         10.014727       8.8387588
              3       1434.6896       3.0407519      0.96123922       69.948075     0.022099323      0.11431487     0.055542574           0.51121257   0.00031282602       0.61830223       1.0007337      0.99963926      0.99798549        62.66487      0.30901694       3.5165304      0.98621904       11.284606       10.064098         15.21069       75.695177       287.87987       59.369594       46.798801       111.90473      0.10190946       0.077999632        0.57032748      0.19103101        0.67286533       2.4567641   2.0920967e-09       148.83314      0.81727016      0.27880969      0.78787795       14.851263       2839.7241       2.9824952       0.50179503         2.4807002       2863.4141                 38.532276                 396.95414                           2395.7269                      8.5107776               0.55266794              4.2838678                         10.014727       8.8387588
              2       1433.9891       3.0407519      0.96123922       69.948075     0.022099323      0.11431487     0.055542574           0.51121257   0.00031282602       0.61830223       1.0007337      0.99961427       0.9979271       62.676044       0.3151715       3.5574187       1.2613659       11.403142       9.8477837        15.407232       75.878227       287.13564       59.877759       46.986551       112.17617       0.1008503          0.102231         0.5806951      0.21397539        0.69713556       2.4634616   2.0920967e-09       148.83314      0.81727016      0.27880969      0.78787795       14.851263       2839.4787       2.4047691      0.026884555         2.3778846       2863.1687                 38.532276                 396.95414                           2395.4815                      8.5107776               0.55266794              4.2838678                         10.014727       8.8387588
              1       1433.5162       3.0407519      0.96123922       69.948075     0.022099323      0.11431487     0.055542574           0.51121257   0.00031282602       0.61830223       1.0007337      0.99938891      0.99779036       62.492819      0.38999264       3.5814561       2.1427438       11.484422       10.583363        15.456135       75.954852       293.95551       58.202187       45.977499       111.06879     0.090009252       0.085086897        0.55001987      0.25838001        0.69148678       2.3979041   2.0920967e-09       148.83314      0.81727016      0.27880969      0.78787795       14.851263       2837.3753       2.9835267       0.81892649         2.1646002       2861.0653                 38.532276                 396.95414                           2393.3781                      8.5107776               0.55266794              4.2838678                         10.014727       8.8387588
              1       1431.4947       3.0407519      0.96123922       69.948075     0.022099323      0.11431487     0.055542574           0.51121257   0.00031282602       0.61830223       1.0007337      0.99930497      0.99781364       62.179532      0.38523509       3.4586876       2.0108254       11.571643       10.730347        15.579318       76.274345       292.67497       57.757544       45.872232       111.62639      0.09831106        0.12359223        0.53368043      0.24864716        0.69159228       2.3850235   2.0920967e-09       148.83314      0.81727016      0.27880969      0.78787795       14.851263       2835.2643       2.0175413      -0.21240382         2.2299451       2858.9543                 38.532276                 396.95414                           2391.2671                      8.5107776               0.55266794              4.2838678                         10.014727       8.8387588
              1       1433.3529       3.0407519      0.96123922       69.948075     0.022099323      0.11431487     0.055542574           0.51121257   0.00031282602       0.61830223       1.0007337      0.99933473      0.99807317       62.264494      0.43528439        3.230606       2.0833776       12.087051       10.575219        15.166999       76.272931       300.26997       57.745313       46.423579       112.23323     0.092630363       0.096923028         0.4848565      0.22920992        0.72748164       2.5023969   2.0920967e-09       148.83314      0.81727016      0.27880969      0.78787795       14.851263       2837.3794       2.8182528       0.52003848         2.2982143       2861.0694                 38.532276                 396.95414                           2393.3822                      8.5107776               0.55266794              4.2838678                         10.014727       8.8387588
              1       1433.7257       3.0407519      0.96123922       69.948075     0.022099323      0.11431487     0.055542574           0.51121257   0.00031282602       0.61830223      0.99958703      0.99933473      0.99807317       62.264494      0.43528439        3.230606       2.0833776       12.087051       10.575219        15.166999       76.272931       300.26997       57.745313       46.423579       112.23323     0.092630363       0.096923028         0.4848565      0.22920992        0.72748164       2.5023969   2.0920967e-09       148.83314      0.81727016      0.27880969      0.78787795       14.851263       2838.1838       2.7888291       0.49061476         2.2982143       2861.8738                 38.911104                 396.97549                            2393.925                      8.3721888               0.55266794              4.2838678                         10.014727       8.8387588
              1       1433.5737       3.0407519      0.96123922       69.948075     0.022099323      0.11431487     0.055542574           0.51121257   0.00031282602       0.61830223      0.99958703      0.99924792      0.99804521       62.442776      0.43806052       3.3196334       2.0435049       12.214972       10.712387        15.046197       76.151205       298.03918        58.65918       47.253734       111.95384     0.086625199       0.090202423        0.46919629      0.23241713        0.73660828       2.4508769   2.0920967e-09       148.83314      0.81727016      0.27880969      0.78787795       14.851263       2836.8205       3.3184686        1.0452859         2.2731828       2860.5105                 38.911104                 396.97549                           2392.5617                      8.3721888               0.55266794              4.2838678                         10.014727       8.8387588
              2       1433.7352       3.0407519      0.96123922       69.948075     0.022099323      0.11431487     0.055542574           0.51121257   0.00031282602       0.61830223      0.99958703       0.9992465      0.99800572       62.507013      0.44109849       3.2984352       2.1845881       12.239305       10.746258        15.187829       76.103624        299.5085       58.626423        47.37048       111.91498     0.092206194        0.10186738        0.47006368      0.23057258        0.72830624       2.4470108   2.0920967e-09       148.83314      0.81727016      0.27880969      0.78787795       14.851263         2838.15       2.8151322       0.56685357         2.2482786       2861.8401                 38.911104                 396.97549                           2393.8912                      8.3721888               0.55266794              4.2838678                         10.014727       8.8387588
              2       1434.5721       3.0407519      0.96123922       69.948075     0.022099323      0.11431487     0.055542574           0.51121257   0.00031282602       0.61830223      0.99958703      0.99906028      0.99805661       62.432721      0.39109573       3.3769248       2.2695072       12.569869       10.554176        14.980637       76.599339       301.98567        57.68227       47.202672       111.33837     0.081043646        0.11294188        0.46053678      0.22254381        0.71737206       2.4015787   2.0920967e-09       148.83314      0.81727016      0.27880969      0.78787795       14.851263       2838.6401       3.4070618        1.2039866         2.2030752       2862.3301                 38.911104                 396.97549                           2394.3813                      8.3721888               0.55266794              4.2838678                         10.014727       8.8387588
              1       1436.8185       3.0407519      0.96123922       69.948075     0.022099323      0.11431487     0.055542574           0.51121257   0.00031282602       0.61830223      0.99958703      0.99893717      0.99798313       63.628881      0.51986203       3.0859768       2.0555811       11.655787       10.554763        14.607449        75.79202       301.79793       59.843176       47.912327       111.06657     0.025926626        0.12555286        0.48517423      0.20951754        0.71798973       2.4959246   2.0920967e-09       148.83314      0.81727016      0.27880969      0.78787795       14.851263        2838.704       5.6215085        3.2548284         2.3666801        2862.394                 38.911104                 396.97549                           2394.4452                      8.3721888               0.55266794              4.2838678                         10.014727       8.8387588
              2       1436.4602       3.0407519      0.96123922       69.948075     0.022099323      0.11431487     0.055542574           0.51121257   0.00031282602       0.61830223      0.99969804      0.99893717      0.99798313       63.628881      0.51986203       3.0859768       2.0555811       11.655787       10.554763        14.607449        75.79202       301.79793       59.843176       47.912327       111.06657     0.025926626        0.12555286        0.48517423      0.20951754        0.71798973       2.4959246   2.0920967e-09       148.83314      0.81727016      0.27880969      0.78787795       14.851263       2838.0001       5.6151592        3.2484791         2.3666801       2861.6901                 38.874259                 396.97167                           2393.7718                      8.3823483               0.55266794              4.2838678                         10.014727       8.8387588
              2       1434.6736       3.0407519      0.96123922       69.948075     0.022099323      0.11431487     0.055542574           0.51121257   0.00031282602       0.61830223      0.99969804      0.99904556      0.99794552       63.341964      0.60637996       3.3663223       1.9124691       11.865619       10.765807        15.201161       75.651577       300.26331       59.882626       47.523061       110.55832     0.053896098        0.11461431        0.45717519      0.21891102        0.70954839       2.4579974   2.0920967e-09       148.83314      0.81727016      0.27880969      0.78787795       14.851263       2837.8283        3.914413        1.6276272         2.2867858       2861.5184                 38.874259                 396.97167                           2393.6001                      8.3823483               0.55266794              4.2838678                         10.014727       8.8387588
              2       1433.5034       3.0407519      0.96123922       69.948075     0.022099323      0.11431487     0.055542574           0.51121257   0.00031282602       0.61830223      0.99969804      0.99893525      0.99788351       63.161335      0.60944748        3.287933       1.8192984        11.74275       10.572501        15.325036       75.605243       299.96185       59.722741       47.900492        110.4803     0.084779455         0.1199982        0.45922142      0.20277072         0.6981848       2.4408741   2.0920967e-09       148.83314      0.81727016      0.27880969      0.78787795       14.851263       2837.3727       2.9720359       0.62912714         2.3429088       2861.0627                 38.874259                 396.97167                           2393.1444                      8.3823483               0.55266794              4.2838678                         10.014727       8.8387588
              1       1433.7799       3.0407519      0.96123922       69.948075     0.022099323      0.11431487     0.055542574           0.51121257   0.00031282602       0.61830223      0.99969804      0.99892164      0.99787523       63.185005      0.60689309       3.3114343       1.8086747       11.767622       10.574677        15.349427       75.624464       299.83124       59.763409       47.913736        110.5605     0.084729723        0.11466926         0.4574901      0.20234035        0.69854042       2.4551232   2.0920967e-09       148.83314      0.81727016      0.27880969      0.78787795       14.851263        2837.672        3.098926       0.76323107          2.335695        2861.362                 38.874259                 396.97167                           2393.4437                      8.3823483               0.55266794              4.2838678                         10.014727       8.8387588
              2       1433.3329       3.0407519      0.96123922       69.948075     0.022099323      0.11431487     0.055542574           0.51121257   0.00031282602       0.61830223       1.0002655      0.99892164      0.99787523       63.185005      0.60689309       3.3114343       1.8086747       11.767622       10.574677        15.349427       75.624464       299.83124       59.763409       47.913736        110.5605     0.084729723        0.11466926         0.4574901      0.20234035        0.69854042       2.4551232   2.0920967e-09       148.83314      0.81727016      0.27880969      0.78787795       14.851263       2836.7812        3.097271       0.76157603          2.335695       2860.4712                 38.686474                  396.9713                           2392.6782                      8.4452047               0.55266794              4.2838678                         10.014727       8.8387588
              7       1434.6426       3.0407519      0.96123922       69.948075     0.022099323      0.11431487     0.055542574           0.51121257   0.00031282602       0.61830223       1.0002655      0.99929057      0.99795449       63.063758      0.61832427       3.5948282       1.2188904       11.725617       11.122327         15.33422       75.923097       307.43941        59.26227       47.667726       110.82935      0.09182087       0.089601953         0.4797247       0.1554502        0.64673701       2.4407036   2.0920967e-09       148.83314      0.81727016      0.27880969      0.78787795       14.851263        2839.573       3.0111256       0.63814216         2.3729834        2863.263                 38.686474                  396.9713                             2395.47                      8.4452047               0.55266794              4.2838678                         10.014727       8.8387588
              2       1431.5036       3.0407519      0.96123922       69.948075     0.022099323      0.11431487     0.055542574           0.51121257   0.00031282602       0.61830223       1.0002655       0.9993037      0.99781129       63.036386      0.61515308       3.4163081       2.4348113       11.667477       12.044999        16.037009       76.219602       301.26343       60.871461       48.186299       110.10642      0.13213637         0.1183001        0.48137612      0.17874398        0.65096254        2.523366   2.0920967e-09       148.83314      0.81727016      0.27880969      0.78787795       14.851263       2835.5305       1.8933011      -0.26631126         2.1596123       2859.2205                 38.686474                  396.9713                           2391.4275                      8.4452047               0.55266794              4.2838678                         10.014727       8.8387588
              2       1431.6582       3.0407519      0.96123922       69.948075     0.022099323      0.11431487     0.055542574           0.51121257   0.00031282602       0.61830223       1.0001528       0.9993037      0.99781129       63.036386      0.61515308       3.4163081       2.4348113       11.667477       12.044999        16.037009       76.219602       301.26343       60.871461       48.186299       110.10642      0.13213637         0.1183001        0.48137612      0.17874398        0.65096254        2.523366   2.0920967e-09       148.83314      0.81727016      0.27880969      0.78787795       14.851263       2835.8473       1.8895303      -0.27008208         2.1596123       2859.5374                 38.723685                 396.98529                           2391.7071                      8.4312731               0.55266794              4.2838678                         10.014727       8.8387588
              6       1433.4362       3.0407519      0.96123922       69.948075     0.022099323      0.11431487     0.055542574           0.51121257   0.00031282602       0.61830223       1.0001528      0.99913666      0.99782919       63.134418      0.56543233       2.9334787       2.2392693        12.55905        12.71761        15.061386       76.226427       295.19014       61.339052       48.471841       111.15808      0.09719794         0.1281148        0.46520931      0.14270208        0.64865258       2.4316422   2.0920967e-09       148.83314      0.81727016      0.27880969      0.78787795       14.851263       2835.1487       4.0168101        1.6331296         2.3836805       2858.8387                 38.723685                 396.98529                           2391.0084                      8.4312731               0.55266794              4.2838678                         10.014727       8.8387588
              2       1433.7353       3.0407519      0.96123922       69.948075     0.022099323      0.11431487     0.055542574           0.51121257   0.00031282602       0.61830223       1.0001528      0.99902862      0.99793565       63.081652      0.57851677       2.5913438       2.1189811       12.357597       12.354974        14.856003       76.397795       293.80337       61.192562       48.663317       112.27823      0.13164097        0.09638517        0.44629845      0.12620522        0.65580213       2.4183903   2.0920967e-09       148.83314      0.81727016      0.27880969      0.78787795       14.851263       2834.9814       4.3995768        1.8006718          2.598905       2858.6714                 38.723685                 396.98529                           2390.8412                      8.4312731               0.55266794              4.2838678                         10.014727       8.8387588
              2       1433.6682       3.0407519      0.96123922       69.948075     0.022099323      0.11431487     0.055542574           0.51121257   0.00031282602       0.61830223       1.0001528      0.99896683      0.99815753       62.796653      0.58528232       2.7246171       2.0092639       12.314194       12.450967        14.978795       75.898357        292.6314       61.748134       48.048035       113.06461      0.12994775        0.10020398        0.42697188      0.15447311        0.63199912       2.3560693   2.0920967e-09       148.83314      0.81727016      0.27880969      0.78787795       14.851263         2835.33       4.1581296        1.5958373         2.5622922       2859.0201                 38.723685                 396.98529                           2391.1898                      8.4312731               0.55266794              4.2838678                         10.014727       8.8387588
              1       1434.0292       3.0407519      0.96123922       69.948075     0.022099323      0.11431487     0.055542574           0.51121257   0.00031282602       0.61830223       1.0001528      0.99903738      0.99804956       61.503808      0.67076087       2.4134444       2.2062563       12.903929        12.46631        13.734171       76.011112       284.13396       58.582982       47.354486       112.12018      0.14244252        0.13797825        0.40327056      0.13398067         0.6838943       2.1385479   2.0920967e-09       148.83314      0.81727016      0.27880969      0.78787795       14.851263        2835.364       4.5021975          1.83019         2.6720075        2859.054                 38.723685                 396.98529                           2391.2237                      8.4312731               0.55266794              4.2838678                         10.014727       8.8387588
              2       1435.0442       3.0407519      0.96123922       69.948075     0.022099323      0.11431487     0.055542574           0.51121257   0.00031282602       0.61830223       1.0001528       0.9988009      0.99817106       60.832518      0.58127135       2.2431587       2.4094521        13.11626        12.67682        13.237424       75.519002        289.7619       60.218393       47.225873        110.8327        0.118528         0.1655919        0.46582561      0.11805644        0.69954243       2.1038559   2.0920967e-09       148.83314      0.81727016      0.27880969      0.78787795       14.851263       2834.2339        6.082244        3.3835565         2.6986875       2857.9239                 38.723685                 396.98529                           2390.0936                      8.4312731               0.55266794              4.2838678                         10.014727       8.8387588
              2       1433.2561       3.0407519      0.96123922       69.948075     0.022099323      0.11431487     0.055542574           0.51121257   0.00031282602       0.61830223       1.0001528      0.99852843      0.99809008       60.679615      0.61098221       2.0981952       2.1004298       12.827395       12.660727        12.603909       75.510038       291.59763       59.971353       47.033544       110.11702      0.14172744         0.1433176        0.48410361      0.13239181        0.68110687       2.1558841   2.0920967e-09       148.83314      0.81727016      0.27880969      0.78787795       14.851263       2830.1444       6.3388527        3.4134427           2.92541       2853.8344                 38.723685                 396.98529                           2386.0042                      8.4312731               0.55266794              4.2838678                         10.014727       8.8387588
              2        1433.426       3.0407519      0.96123922       69.948075     0.022099323      0.11431487     0.055542574           0.51121257   0.00031282602       0.61830223       1.0004521      0.99854046      0.99783701       60.997632      0.53777267       1.8219895       1.8850592       12.298057       12.909295        12.090339       76.148561       298.48215       61.293527       47.194239       110.41048      0.11545432        0.15143904        0.45177945      0.17055076         0.6749035       2.0162955   2.0920967e-09       148.83314      0.81727016      0.27880969      0.78787795       14.851263       2831.2096       5.9762284        2.7315819         3.2446464       2854.8996                 38.624927                 396.96235                           2387.1525                       8.469859               0.55266794              4.2838678                         10.014727       8.8387588
              1        1432.335       3.0407519      0.96123922       69.948075     0.022099323      0.11431487     0.055542574           0.51121257   0.00031282602       0.61830223       1.0006677      0.99832421      0.99792978       61.397498      0.53165119       2.0743444       1.7268798       12.303619       12.986179        13.462199       75.969621       307.02645       61.414131       47.361039       109.42378      0.14419973        0.14690315        0.46932588       0.2548496        0.70192089       1.9860232   2.0920967e-09       148.83314      0.81727016      0.27880969      0.78787795       14.851263       2828.0199       6.4800428        3.3602907         3.1197521       2851.7099                 38.553983                 396.95414                            2384.011                       8.500779               0.55266794              4.2838678                         10.014727       8.8387588
              1        1432.267       3.0407519      0.96123922       69.948075     0.022099323      0.11431487     0.055542574           0.51121257   0.00031282602       0.61830223       1.0006677      0.99815498      0.99764916       61.548882       0.5322957       1.9425054       1.6779576        12.19772       13.070819        13.517071       75.663989       298.89307       61.496567       48.310775       109.55888      0.10166949        0.12302253        0.49262748      0.23095762        0.70004049       1.9753573   2.0920967e-09       148.83314      0.81727016      0.27880969      0.78787795       14.851263       2826.0609       7.3915828          4.13947         3.2521128       2849.7509                 38.553983                 396.95414                            2382.052                       8.500779               0.55266794              4.2838678                         10.014727       8.8387588
              1        1432.323       3.0407519      0.96123922       69.948075     0.022099323      0.11431487     0.055542574           0.51121257   0.00031282602       0.61830223       1.0006677      0.99807122       0.9977036       61.741504       0.5336244       1.9423045       1.5666356       12.005414       13.097238        13.576549       75.748213       298.81428       61.864919       48.092806       109.39447      0.10447661        0.12792539         0.5039679      0.23043558        0.69963584       1.9507866   2.0920967e-09       148.83314      0.81727016      0.27880969      0.78787795       14.851263        2825.787       7.5844573        4.2731754         3.3112819        2849.477                 38.553983                 396.95414                           2381.7781                       8.500779               0.55266794              4.2838678                         10.014727       8.8387588
              1       1431.6049       3.0407519      0.96123922       69.948075     0.022099323      0.11431487     0.055542574           0.51121257   0.00031282602       0.61830223       1.0006677        0.998192      0.99779749       61.791207       0.5255822       1.8493166       1.7816995       11.909845       13.336391        13.469988       75.992617       298.83307       62.464443       48.385853       109.17255     0.087817464        0.11534674        0.47045631      0.21715852        0.66452577       1.8797444   2.0920967e-09       148.83314      0.81727016      0.27880969      0.78787795       14.851263       2824.8416       7.3390659        4.0630801         3.2759858       2848.5317                 38.553983                 396.95414                           2380.8327                       8.500779               0.55266794              4.2838678                         10.014727       8.8387588
              1       1431.9795       3.0407519      0.96123922       69.948075     0.022099323      0.11431487     0.055542574           0.51121257   0.00031282602       0.61830223       1.0006677      0.99830344      0.99762368       61.963537      0.54487676       1.6696191       1.6989088       11.798427       13.259517        13.702352        75.72417        297.5484       62.131579       47.558288       108.74608     0.073265808        0.13905258          0.448342      0.22641256        0.64906435       1.8883326   2.0920967e-09       148.83314      0.81727016      0.27880969      0.78787795       14.851263       2825.2267       7.5211259        4.0416957         3.4794302       2848.9167                 38.553983                 396.95414                           2381.2178                       8.500779               0.55266794              4.2838678                         10.014727       8.8387588
              2        1432.081       3.0407519      0.96123922       69.948075     0.022099323      0.11431487     0.055542574           0.51121257   0.00031282602       0.61830223       1.0006677      0.99835447      0.99764556        62.12343      0.54398403       1.6490137       1.7825961       11.869399       13.187858        13.843499       75.685927       297.57375       62.108912       47.503022       109.09092     0.070490737        0.13983241        0.45886512      0.21999609        0.65260408       1.8749061   2.0920967e-09       148.83314      0.81727016      0.27880969      0.78787795       14.851263       2825.8257       7.3231519        3.8724868         3.4506651       2849.5157                 38.553983                 396.95414                           2381.8168                       8.500779               0.55266794              4.2838678                         10.014727       8.8387588
              1       1433.5857       3.0407519      0.96123922       69.948075     0.022099323      0.11431487     0.055542574           0.51121257   0.00031282602       0.61830223       1.0006677       0.9983639      0.99773272       61.612942      0.52540131       1.9093553       2.2914723       11.925653       13.270622        13.865424        75.82007       307.84084       61.108784       47.612682       109.67398       0.1302325        0.13673278        0.53974938      0.25882464        0.68635592        1.654375   2.0920967e-09       148.83314      0.81727016      0.27880969      0.78787795       14.851263       2830.5047       6.4883377        3.5123394         2.9759983       2854.1947                 38.553983                 396.95414                           2386.4958                       8.500779               0.55266794              4.2838678                         10.014727       8.8387588
              2       1436.1078       3.0407519      0.96123922       69.948075     0.022099323      0.11431487     0.055542574           0.51121257   0.00031282602       0.61830223       1.0006677      0.99839575      0.99772697       61.483306      0.50672772       1.7193469       2.4217126       12.033112       12.625384        13.381228       76.148036        308.1121       59.596935       48.440918       109.81815      0.17532773        0.13004793        0.53907381        0.248494        0.63787221       1.6985772   2.0920967e-09       148.83314      0.81727016      0.27880969      0.78787795       14.851263       2834.8977       6.8139766        3.7561033         3.0578733       2858.5877                 38.553983                 396.95414                           2390.8888                       8.500779               0.55266794              4.2838678                         10.014727       8.8387588
              2       1432.0761       3.0407519      0.96123922       69.948075     0.022099323      0.11431487     0.055542574           0.51121257   0.00031282602       0.61830223       1.0006677      0.99879936      0.99790172       60.160533      0.53466702       1.6987681       2.4370587       12.607328       13.041624        12.880694       78.163342       297.99481        59.05072       48.434881       111.31098     0.088043027        0.13805484        0.58660234      0.21847385        0.63249859       1.7315368   2.0920967e-09       148.83314      0.81727016      0.27880969      0.78787795       14.851263       2827.3184       6.5719292         3.505586         3.0663432       2851.0084                 38.553983                 396.95414                           2383.3095                       8.500779               0.55266794              4.2838678                         10.014727       8.8387588
              2       1432.4232       3.0407519      0.96123922       69.948075     0.022099323      0.11431487     0.055542574           0.51121257   0.00031282602       0.61830223       1.0006677      0.99874371       0.9978266       60.231838      0.54301469       1.7091822       2.5393651       12.729607       13.049478        12.664777       77.826031       297.70841       58.586454       48.220298       111.21422      0.09636441        0.14081333        0.58942541      0.21621074        0.65166922       1.7644818   2.0920967e-09       148.83314      0.81727016      0.27880969      0.78787795       14.851263       2827.8953       6.6305382        3.6208431         3.0096951       2851.5854                 38.553983                 396.95414                           2383.8865                       8.500779               0.55266794              4.2838678                         10.014727       8.8387588
              2       1432.2515       3.0407519      0.96123922       69.948075     0.022099323      0.11431487     0.055542574           0.51121257   0.00031282602       0.61830223       1.0006677      0.99870028      0.99794007        60.22274      0.55772709        1.553521        2.934134       12.521819       13.162246        12.939296       77.568717       297.64672       58.149897       48.032649       111.58741      0.10607234        0.13741089        0.59281368      0.24886354         0.6525834       1.7360129   2.0920967e-09       148.83314      0.81727016      0.27880969      0.78787795       14.851263       2827.7589       6.5269895        3.5845333         2.9424562        2851.449                 38.553983                 396.95414                             2383.75                       8.500779               0.55266794              4.2838678                         10.014727       8.8387588
              1       1433.4885       3.0407519      0.96123922       69.948075     0.022099323      0.11431487     0.055542574           0.51121257   0.00031282602       0.61830223       1.0006677      0.99859438      0.99796176       59.904505      0.53416256         1.53376       2.7251636       12.675716        13.12709         12.89491       76.946963       297.09322       59.014413       48.057292       112.43304      0.11495197        0.12086149        0.58938095      0.27293805        0.65485196       1.7636911   2.0920967e-09       148.83314      0.81727016      0.27880969      0.78787795       14.851263       2828.8665       7.2101771        4.1554325         3.0547446       2852.5566                 38.553983                 396.95414                           2384.8576                       8.500779               0.55266794              4.2838678                         10.014727       8.8387588
              1       1433.5903       3.0407519      0.96123922       69.948075     0.022099323      0.11431487     0.055542574           0.51121257   0.00031282602       0.61830223       1.0003743      0.99885883      0.99808225       59.829725      0.49492024       1.6387644       2.7925897       13.076446       13.347223        12.987815       75.959536       288.93242       57.863716       48.249841       112.05989     0.091757879        0.14941205        0.54421425      0.28628632        0.65184356       1.7231297   2.0920967e-09       148.83314      0.81727016      0.27880969      0.78787795       14.851263       2829.5579       6.9662955        4.0215009         2.9447946        2853.248                 38.650583                 396.96235                           2385.4857                      8.4593378               0.55266794              4.2838678                         10.014727       8.8387588
              1       1435.2247       3.0407519      0.96123922       69.948075     0.022099323      0.11431487     0.055542574           0.51121257   0.00031282602       0.61830223       1.0003743      0.99895366      0.99777666       60.073393      0.46225622       1.6626877       2.8791106       14.213281       13.469476        12.766752       75.606467       293.01357       57.225581        48.16314       113.41197     0.086718274        0.13984259        0.55880798      0.27184982        0.57556196       1.7931361   2.0920967e-09       148.83314      0.81727016      0.27880969      0.78787795       14.851263        2828.836       8.9616563        6.0726463           2.88901        2852.526                 38.650583                 396.96235                           2384.7637                      8.4593378               0.55266794              4.2838678                         10.014727       8.8387588
              2       1435.2978        3.040741      0.96124437       69.948075     0.022098184       0.1143235     0.055544326           0.51115841   0.00031290473        0.6181103       1.0003743      0.99895308      0.99777768       60.076892      0.46230806       1.6629258       2.8781859       14.213486       13.468412        12.769588       75.610356       293.04995        57.22848       48.174581       113.40674     0.086839281        0.13967186        0.55898081       0.2714372        0.57549439       1.7938386   2.0920739e-09       148.83208      0.81731383        0.278825      0.78794168       14.849838       2828.9971       8.9549835        6.0657342         2.8892493       2852.6857                 38.644755                 396.96235                           2384.9288                      8.4612427               0.55247975              4.2834586                           10.0139       8.8387588
              2       1435.6492        3.040741      0.96124437       69.948075     0.022098184       0.1143235     0.055544326           0.51115841   0.00031290473        0.6181103       1.0003743      0.99897329      0.99770911       60.141583      0.47567962        1.661983       2.8542289       14.258285       13.466012        12.694051       75.444761       291.19153       57.225269       48.265395       113.23249     0.083260894        0.12461683        0.56644822      0.27452546        0.58698239       1.7946217   2.0920739e-09       148.83208      0.81731383        0.278825      0.78794168       14.849838       2829.4298       9.0900297        6.1895363         2.9004934       2853.1184                 38.644755                 396.96235                           2385.3615                      8.4612427               0.55247975              4.2834586                           10.0139       8.8387588
              1       1436.6453        3.040741      0.96124437       69.948075     0.022098184       0.1143235     0.055544326           0.51115841   0.00031290473        0.6181103       1.0003743      0.99895296      0.99768127       60.066014      0.47051172       1.6831955        2.816969       14.544073       13.618408        13.111317       75.959658       287.90783       58.076024       48.494269       113.18029     0.048523816        0.14370442        0.55615407      0.27991073        0.60544775       1.7955878   2.0920739e-09       148.83208      0.81731383        0.278825      0.78794168       14.849838       2828.2733       10.664352        7.7623878         2.9019645       2851.9619                 38.644755                 396.96235                           2384.2049                      8.4612427               0.55247975              4.2834586                           10.0139       8.8387588
              4       1436.4298        3.040741      0.96124437       69.948075     0.022098184       0.1143235     0.055544326           0.51115841   0.00031290473        0.6181103       1.0003743      0.99898583      0.99776417       60.228701      0.47687604       1.9759155        2.658734       14.537671       13.956145        12.911138       76.450369       287.63907       57.031212       48.236743       113.21378     0.044006882        0.15237305        0.57780942      0.28933103        0.61621323       1.8258828   2.0920739e-09       148.83208      0.81731383        0.278825      0.78794168       14.849838       2826.5738       11.298552         8.528727         2.7698251       2850.2624                 38.644755                 396.96235                           2382.5055                      8.4612427               0.55247975              4.2834586                           10.0139       8.8387588
              2       1435.3983        3.040741      0.96124437       69.948075     0.022098184       0.1143235     0.055544326           0.51115841   0.00031290473        0.6181103       1.0003743      0.99907899      0.99794298       60.305526      0.47893342       1.9667751       2.5359067       14.438538       13.817483        12.879966       76.809434       280.85464       57.705877       47.751696        112.4104     0.043734426        0.13887424        0.59006659      0.26534586        0.63197147       1.7993218   2.0920739e-09       148.83208      0.81731383        0.278825      0.78794168       14.849838       2826.3529       10.377577        7.5505024         2.8270743       2850.0415                 38.644755                 396.96235                           2382.2846                      8.4612427               0.55247975              4.2834586                           10.0139       8.8387588
              1       1437.1053        3.040741      0.96124437       69.948075     0.022098184       0.1143235     0.055544326           0.51115841   0.00031290473        0.6181103       1.0003743      0.99932444      0.99775311       60.079422      0.48667955       1.8330012       1.6494226       14.670405       13.339562        13.199514       76.826459       291.63944       58.517204       46.752355       111.65051     0.043595021        0.13267804        0.57647705      0.32979702        0.63456726       1.7474763   2.0920739e-09       148.83208      0.81731383        0.278825      0.78794168       14.849838       2827.8136       11.354235           7.9931          3.361135       2851.5022                 38.644755                 396.96235                           2383.7453                      8.4612427               0.55247975              4.2834586                           10.0139       8.8387588
              1       1437.5166        3.040741      0.96124437       69.948075     0.022098184       0.1143235     0.055544326           0.51115841   0.00031290473        0.6181103       1.0003743       0.9993293      0.99767731       59.876658      0.44602485       1.7985888       1.6421692       14.625199       13.521746        13.672326       77.333042       288.32535       57.589663       47.161181       111.55837     0.067798384        0.15328829        0.63859657       0.2761675        0.57538324       1.7091009   2.0920739e-09       148.83208      0.81731383        0.278825      0.78794168       14.849838       2828.5643       11.390193        7.9947929            3.3954       2852.2529                 38.644755                 396.96235                           2384.4959                      8.4612427               0.55247975              4.2834586                           10.0139       8.8387588
              3       1437.3567        3.040741      0.96124437       69.948075     0.022098184       0.1143235     0.055544326           0.51115841   0.00031290473        0.6181103       1.0003743      0.99926127      0.99745546       59.702557      0.45208757       1.8211425       1.8214618       14.822373       13.312402        13.443213       77.780867       282.91824       56.535387       46.789451       110.90039     0.071288435        0.16389583        0.61878791      0.28123077        0.57041934       1.7880281   2.0920739e-09       148.83208      0.81731383        0.278825      0.78794168       14.849838        2827.794       11.615428        8.3366294         3.2787988       2851.4826                 38.644755                 396.96235                           2383.7256                      8.4612427               0.55247975              4.2834586                           10.0139       8.8387588
              1       1436.2761        3.040741      0.96124437       69.948075     0.022098184       0.1143235     0.055544326           0.51115841   0.00031290473        0.6181103       1.0003743      0.99931899      0.99732139       59.835469      0.43605974       1.8220869        1.876362       14.796585       13.058965        13.659201       77.511334       284.68041       57.945901       46.341622       110.57963     0.085732896          0.149202        0.61871617      0.26655365        0.55456748       1.8131656   2.0920739e-09       148.83208      0.81731383        0.278825      0.78794168       14.849838       2827.2862       10.788749        7.5396382         3.2491108       2850.9748                 38.644755                 396.96235                           2383.2178                      8.4612427               0.55247975              4.2834586                           10.0139       8.8387588
              1       1435.7759        3.040741      0.96124437       69.948075     0.022098184       0.1143235     0.055544326           0.51115841   0.00031290473        0.6181103      0.99999681      0.99932313      0.99729877       59.864776      0.43655199       1.8391595       1.9800014       14.782672       13.254328        13.514482       77.245489       285.16957       58.038771       46.239432       110.48989     0.086643982        0.14952275        0.61319131       0.2763529        0.55304257       1.8349762   2.0920739e-09       148.83208      0.81731383        0.278825      0.78794168       14.849838       2826.0837       10.889787        7.7082318         3.1815549       2849.7723                 38.769429                 396.98273                           2381.9165                      8.4150812               0.55247975              4.2834586                           10.0139       8.8387588
              2       1436.8791        3.040741      0.96124437       69.948075     0.022098184       0.1143235     0.055544326           0.51115841   0.00031290473        0.6181103      0.99999681      0.99927687       0.9973284       59.875376      0.41601073       1.6763402       1.7988847       14.812809       13.248787        13.614977       77.467988       285.26291       58.086123       46.165641       110.50153     0.077674942        0.12616212        0.58925985      0.29874802        0.56115809       1.8693833   2.0920739e-09       148.83208      0.81731383        0.278825      0.78794168       14.849838       2827.9317       11.068983         7.651984         3.4169991       2851.6203                 38.769429                 396.98273                           2383.7645                      8.4150812               0.55247975              4.2834586                           10.0139       8.8387588
              1       1436.8259        3.040741      0.96124437       69.948075     0.022098184       0.1143235     0.055544326           0.51115841   0.00031290473        0.6181103      0.99999681      0.99939455      0.99738002       59.790747      0.40295514        1.702243       1.7862371       14.878245       13.240005        13.422699       77.388446       282.97307       57.785032       46.284103       111.30981     0.084214576        0.12467739        0.57536599       0.2960115        0.54057803       1.8750293   2.0920739e-09       148.83208      0.81731383        0.278825      0.78794168       14.849838       2828.3546       10.804305        7.4033184         3.4009862       2852.0432                 38.769429                 396.98273                           2384.1874                      8.4150812               0.55247975              4.2834586                           10.0139       8.8387588
              4       1436.3967        3.040741      0.96124437       69.948075     0.022098184       0.1143235     0.055544326           0.51115841   0.00031290473        0.6181103      0.99999681      0.99951029      0.99745174       60.186614      0.38610462       1.8511731       1.5586914        14.66145       13.239879        13.363804       77.592831       284.73031       58.114867       45.799022       111.17213     0.077948061         0.1244829        0.58577362      0.29658165         0.5376348       1.8846491   2.0920739e-09       148.83208      0.81731383        0.278825      0.78794168       14.849838       2827.9593       10.572768        7.1777318         3.3950364       2851.6479                 38.769429                 396.98273                            2383.792                      8.4150812               0.55247975              4.2834586                           10.0139       8.8387588
              1       1436.4579        3.040741      0.96124437       69.948075     0.022098184       0.1143235     0.055544326           0.51115841   0.00031290473        0.6181103      0.99999681      0.99952964      0.99746964        60.26871      0.38728273       1.8376448        1.620374       14.679154       13.279562        13.358052       77.489205       283.78551       58.055201       45.770986       111.11272     0.077440138        0.12990318        0.59223208      0.29311507        0.52989292       1.8625467   2.0920739e-09       148.83208      0.81731383        0.278825      0.78794168       14.849838       2827.7106       10.758301        7.3853268          3.372974       2851.3991                 38.769429                 396.98273                           2383.5433                      8.4150812               0.55247975              4.2834586                           10.0139       8.8387588
              4        1436.537        3.040741      0.96124437       69.948075     0.022098184       0.1143235     0.055544326           0.51115841   0.00031290473        0.6181103      0.99999681      0.99955802       0.9974825       60.005141      0.41114511       1.7059071       1.5818918       14.852618       13.243434        12.983381       77.490458       283.42874       58.675192       45.931019       110.52427     0.080066437        0.12101001        0.58280614      0.28178748        0.53413706       1.8393275   2.0920739e-09       148.83208      0.81731383        0.278825      0.78794168       14.849838       2827.9959       10.694805        7.1815784         3.5132264       2851.6845                 38.769429                 396.98273                           2383.8286                      8.4150812               0.55247975              4.2834586                           10.0139       8.8387588
              2       1435.1155        3.040741      0.96124437       69.948075     0.022098184       0.1143235     0.055544326           0.51115841   0.00031290473        0.6181103      0.99999681      0.99947466      0.99763879       60.147269      0.41945798       1.6886454       1.7452708       14.624324       13.461447        13.386625       77.607238       285.60089       58.738093       45.985675       110.51428     0.069778174        0.14395438        0.58601925      0.28173129        0.54507258       1.8850777   2.0920739e-09       148.83208      0.81731383        0.278825      0.78794168       14.849838       2825.5633       10.489546        7.0535638         3.4359821       2849.2519                 38.769429                 396.98273                            2381.396                      8.4150812               0.55247975              4.2834586                           10.0139       8.8387588
              2       1435.6698        3.040741      0.96124437       69.948075     0.022098184       0.1143235     0.055544326           0.51115841   0.00031290473        0.6181103       1.0000551      0.99924788      0.99763077       60.576815      0.36397568         2.40528       2.0490391       14.710527       13.419866        13.337896       75.358742       286.53483        57.78663       46.474219       109.91161     0.070179143        0.11924961        0.62628388      0.27539442         0.6212095       1.8622006   2.0920739e-09       148.83208      0.81731383        0.278825      0.78794168       14.849838       2827.6937       9.9786095        7.2400532         2.7385564       2851.3823                 38.750145                 396.98273                           2383.5391                      8.4216844               0.55247975              4.2834586                           10.0139       8.8387588
              1       1435.0754        3.040741      0.96124437       69.948075     0.022098184       0.1143235     0.055544326           0.51115841   0.00031290473        0.6181103       1.0000551      0.99917292      0.99757239       60.707016      0.38566657        2.476579       2.4634953       14.570618       13.238606        13.268334       74.761502       288.94098       58.243669       46.177448       110.57358     0.075830482        0.14187815        0.64250297       0.2730888        0.63189345       1.8471396   2.0920739e-09       148.83208      0.81731383        0.278825      0.78794168       14.849838       2826.9361       9.7630797        7.2205654         2.5425143       2850.6247                 38.750145                 396.98273                           2382.7815                      8.4216844               0.55247975              4.2834586                           10.0139       8.8387588
              1       1434.2328        3.040741      0.96124437       69.948075     0.022098184       0.1143235     0.055544326           0.51115841   0.00031290473        0.6181103       1.0000551      0.99921744      0.99752159       58.836404      0.35604077       3.3610972       2.6654855       12.483967        13.10161        11.088919       73.719503       276.07413       58.380915       50.063925        113.4713      0.10571657       0.064463952        0.45908205      0.17929531        0.55758242       1.7637513   2.0920739e-09       148.83208      0.81731383        0.278825      0.78794168       14.849838       2831.7751        6.500963        4.3655152         2.1354479       2855.4637                 38.750145                 396.98273                           2387.6205                      8.4216844               0.55247975              4.2834586                           10.0139       8.8387588
              1       1434.1212        3.040741      0.96124437       69.948075     0.022098184       0.1143235     0.055544326           0.51115841   0.00031290473        0.6181103       1.0000551      0.99916648      0.99744895        59.35378       0.3608424       3.3715271        2.687786       12.755624       12.955942         10.73834       74.527373       280.09726       59.198684       51.547936       113.53358       0.1182821       0.085979985        0.45774846      0.18043368        0.56486208       1.7956674   2.0920739e-09       148.83208      0.81731383        0.278825      0.78794168       14.849838       2833.0939       5.7299976         3.600776         2.1292216       2856.7825                 38.750145                 396.98273                           2388.9393                      8.4216844               0.55247975              4.2834586                           10.0139       8.8387588
              1       1433.7578        3.040741      0.96124437       69.948075     0.022098184       0.1143235     0.055544326           0.51115841   0.00031290473        0.6181103       1.0000551      0.99920198      0.99743196        59.44286      0.35327857        3.377934       2.6630305       12.621435       12.897104        10.605526       74.552655        277.2101       59.165761       51.506374         113.314      0.12288428       0.092050091        0.45853008      0.19119316        0.58832774       1.7958203   2.0920739e-09       148.83208      0.81731383        0.278825      0.78794168       14.849838       2833.9369       4.9450076        2.8134894         2.1315182       2857.6255                 38.750145                 396.98273                           2389.7824                      8.4216844               0.55247975              4.2834586                           10.0139       8.8387588
              1       1434.1565        3.040741      0.96124437       69.948075     0.022098184       0.1143235     0.055544326           0.51115841   0.00031290473        0.6181103       1.0000551      0.99923301      0.99764008       59.740227      0.34375014       3.4698348       2.5105612       12.876551       12.734022         10.85228       73.869675       272.79102       59.009734       52.168084       114.01758     0.075469258       0.071203644        0.48739435      0.16630505        0.61743332       1.7478391   2.0920739e-09       148.83208      0.81731383        0.278825      0.78794168       14.849838       2832.0363        6.294063        4.1616794         2.1323836       2855.7249                 38.750145                 396.98273                           2387.8817                      8.4216844               0.55247975              4.2834586                           10.0139       8.8387588
              1       1436.3197        3.040741      0.96124437       69.948075     0.022098184       0.1143235     0.055544326           0.51115841   0.00031290473        0.6181103      0.99937744      0.99923301      0.99764008       59.740227      0.34375014       3.4698348       2.5105612       12.876551       12.734022         10.85228       73.869675       272.79102       59.009734       52.168084       114.01758     0.075469258       0.071203644        0.48739435      0.16630505        0.61743332       1.7478391   2.0920739e-09       148.83208      0.81731383        0.278825      0.78794168       14.849838       2836.3011       6.3248261        4.1924425         2.1323836       2859.9897                 38.974887                 396.97549                           2391.9939                      8.3568475               0.55247975              4.2834586                           10.0139       8.8387588
              3       1433.7579        3.040741      0.96124437       69.948075     0.022098184       0.1143235     0.055544326           0.51115841   0.00031290473        0.6181103       1.0003468      0.99960202      0.99761051       59.300597      0.43228557       3.2837006       2.2453249        12.23512       11.953633        12.388825       74.563279       269.85879       58.469232       51.399703       114.67114     0.040813923       0.067184765        0.46706239      0.21409339        0.51486331       1.7201874   2.0920739e-09       148.83208      0.81731383        0.278825      0.78794168       14.849838       2828.6603       7.5834267         5.343486         2.2399407       2852.3489                 38.653815                 396.96235                           2384.5865                       8.457611               0.55247975              4.2834586                           10.0139       8.8387588
              1       1434.6032        3.040741      0.96124437       69.948075     0.022098184       0.1143235     0.055544326           0.51115841   0.00031290473        0.6181103       1.0003468      0.99946741      0.99773097       59.681204      0.50912931       3.0476782       2.9052889       12.137797       12.365043        12.960273       74.714972       270.08481       58.296113        51.36624       114.75996      0.12284841       0.077025135        0.39059453      0.24559547        0.57560437       1.5389041   2.0920739e-09       148.83208      0.81731383        0.278825      0.78794168       14.849838       2836.6373       4.4402697         2.258664         2.1816057       2860.3259                 38.653815                 396.96235                           2392.5635                       8.457611               0.55247975              4.2834586                           10.0139       8.8387588
              1       1432.9239        3.040741      0.96124437       69.948075     0.022098184       0.1143235     0.055544326           0.51115841   0.00031290473        0.6181103       1.0003468      0.99948999      0.99773266       59.731478      0.50179602       3.0223423        2.873649       12.085672       12.496822         13.03232       74.816724       270.81813       58.306398        51.51422       115.09619      0.11242221       0.092054449        0.36712736      0.24038049        0.57606995       1.5657763   2.0920739e-09       148.83208      0.81731383        0.278825      0.78794168       14.849838       2833.9149       4.1222131        1.9265367         2.1956764       2857.6035                 38.653815                 396.96235                           2389.8411                       8.457611               0.55247975              4.2834586                           10.0139       8.8387588
              1        1433.263        3.040741      0.96124437       69.948075     0.022098184       0.1143235     0.055544326           0.51115841   0.00031290473        0.6181103       1.0003468      0.99925302      0.99751911       60.259734      0.50065553       2.8022575       2.6227582       12.084564       12.130879        12.724405       74.329297       270.77523       58.374625       51.032278       115.27743      0.12264077       0.099563748        0.34340793      0.23240215         0.5522987       1.5647763   2.0920739e-09       148.83208      0.81731383        0.278825      0.78794168       14.849838        2832.542       5.1476703        2.8118159         2.3358544       2856.2306                 38.653815                 396.96235                           2388.4682                       8.457611               0.55247975              4.2834586                           10.0139       8.8387588
              1       1433.3773       3.0408554      0.96161786       69.948075     0.022068722      0.11431105     0.055253011           0.51115749    0.0003148033       0.62150432       1.0003468      0.99902129      0.99760878       60.225218      0.50119777       2.7091879         2.20342       12.074412       12.380854        12.581437       73.939872       268.14493       58.607965       51.938077       115.90272       0.1213195        0.11303485        0.39827247      0.20528057        0.48608282       1.5513183   2.0923133e-09       148.86901       0.8176254      0.27873933      0.78812095       15.003042       2830.1982       6.3573046          3.85238         2.5049247         2854.04                 38.556359                 396.82889                           2386.3801                        8.43285               0.56073281              4.3035271                         10.138782       8.8387588
              1       1432.1793       3.0408554      0.96161786       69.948075     0.022068722      0.11431105     0.055253011           0.51115749    0.0003148033       0.62150432       1.0003468      0.99901533      0.99776456       60.293954      0.53802863       2.7223837       2.1366611       11.915266       12.345353        12.035813        73.71791       269.25421       57.713558       51.720278       114.39696      0.14973167        0.11631295        0.42029121      0.20585441        0.48474911       1.6429889   2.0923133e-09       148.86901       0.8176254      0.27873933      0.78812095       15.003042       2828.4459       6.0354195        3.5153572         2.5200623       2852.2877                 38.556359                 396.82889                           2384.6278                        8.43285               0.56073281              4.3035271                         10.138782       8.8387588
              2       1433.8079       3.0408554      0.96161786       69.948075     0.022068722      0.11431105     0.055253011           0.51115749    0.0003148033       0.62150432       1.0007243      0.99900029      0.99773504       60.504328      0.52842323       2.7332058       2.0710014        11.98469       12.352768        12.156125       73.831211       269.19562       57.680665       51.606713        114.2637       0.1678108        0.11508186        0.42067041      0.21613333        0.47526365       1.6387917   2.0923133e-09       148.86901       0.8176254      0.27873933      0.78812095       15.003042       2830.2869       6.7435809        4.2072336         2.5363473       2854.1287                 38.432408                 396.85545                             2386.52                      8.4790807               0.56073281              4.3035271                         10.138782       8.8387588
              1       1434.7385       3.0408554      0.96161786       69.948075     0.022068722      0.11431105     0.055253011           0.51115749    0.0003148033       0.62150432       1.0007243      0.99906848      0.99797712       60.328004      0.50021904        2.564197       1.7884724       12.039978       12.429143        12.497376       74.510025       271.84948       57.246769       51.669009        114.1564      0.15906248        0.10941028        0.42363427      0.21898443        0.48811515       1.6511448   2.0923133e-09       148.86901       0.8176254      0.27873933      0.78812095       15.003042       2833.1665       6.2344031         3.493323         2.7410801       2857.0083                 38.432408                 396.85545                           2389.3995                      8.4790807               0.56073281              4.3035271                         10.138782       8.8387588
              3       1432.9105       3.0408554      0.96161786       69.948075     0.022068722      0.11431105     0.055253011           0.51115749    0.0003148033       0.62150432       1.0007243      0.99915329      0.99774076        60.53646      0.56603958       2.9508508       1.8209991       11.934891       12.511186        13.301888       73.956302       263.09805       57.104318       51.722069       115.40586      0.17998587        0.14085303        0.40354352      0.19866272        0.55335524       1.6583408   2.0923133e-09       148.86901       0.8176254      0.27873933      0.78812095       15.003042       2832.2604       4.8593655        2.3558351         2.5035304       2856.1022                 38.432408                 396.85545                           2388.4935                      8.4790807               0.56073281              4.3035271                         10.138782       8.8387588
              5       1432.3252       3.0408554      0.96161786       69.948075     0.022068722      0.11431105     0.055253011           0.51115749    0.0003148033       0.62150432       1.0007243      0.99927248      0.99762459       60.475901      0.55572861       3.3952939       1.8208737       12.093332       12.474692        12.917178       73.373876       263.98328       56.838696       51.476621       115.00235      0.15929765        0.11385591        0.41508206      0.20009572        0.52251602       1.5893135   2.0923133e-09       148.86901       0.8176254      0.27873933      0.78812095       15.003042       2831.0412       4.8837497        2.5857842         2.2979654        2854.883                 38.432408                 396.85545                           2387.2742                      8.4790807               0.56073281              4.3035271                         10.138782       8.8387588
              2       1432.3199       3.0408554      0.96161786       69.948075     0.022068722      0.11431105     0.055253011           0.51115749    0.0003148033       0.62150432       1.0007243      0.99928032      0.99762047        60.47944      0.55434632       3.3955885          1.8159       12.087926       12.469869        12.917676       73.357603       264.15466       56.841934       51.479704       114.97497      0.15990789        0.11400127        0.41561093      0.19944898        0.52338218       1.5893874   2.0923133e-09       148.86901       0.8176254      0.27873933      0.78812095       15.003042        2831.085       4.8564367        2.5573462         2.2990905       2854.9268                 38.432408                 396.85545                           2387.3181                      8.4790807               0.56073281              4.3035271                         10.138782       8.8387588
              1        1433.155       3.0408554      0.96161786       69.948075     0.022068722      0.11431105     0.055253011           0.51115749    0.0003148033       0.62150432        1.000446      0.99903251      0.99755569       60.432863      0.44354367       3.8979648       1.0221207       12.259556       11.715446        12.687584       74.980536       270.11035       56.468487       51.565956       116.25124      0.13394988        0.09449945        0.37915202      0.20899946        0.49635521       1.5735346   2.0923133e-09       148.86901       0.8176254      0.27873933      0.78812095       15.003042       2829.8763       6.2959511         3.999362         2.2965891       2853.7181                 38.523751                 396.83081                           2386.0775                       8.444214               0.56073281              4.3035271                         10.138782       8.8387588
              5       1432.1959       3.0408554      0.96161786       69.948075     0.022068722      0.11431105     0.055253011           0.51115749    0.0003148033       0.62150432        1.000446      0.99893068      0.99756521       60.743772      0.44216736       3.9321803       1.1400078        12.07934       11.493287        13.046987       75.649816       268.76617       57.370931        51.36457       116.11593      0.13289692        0.11437529        0.36182921      0.21779398        0.52323718       1.5587986   2.0923133e-09       148.86901       0.8176254      0.27873933      0.78812095       15.003042       2829.6931       5.4284731        3.1732163         2.2552568       2853.5349                 38.523751                 396.83081                           2385.8943                       8.444214               0.56073281              4.3035271                         10.138782       8.8387588
              2       1433.9253       3.0408554      0.96161786       69.948075     0.022068722      0.11431105     0.055253011           0.51115749    0.0003148033       0.62150432        1.000446      0.99895386      0.99744215       60.784506      0.44086093       3.7863752       1.0658623       12.105175       11.638951        13.020653       75.654763       269.58712       56.882829       51.045671       116.25965      0.14406652        0.10579614        0.38990188      0.22202896        0.52791098       1.5010763   2.0923133e-09       148.86901       0.8176254      0.27873933      0.78812095       15.003042       2832.8973       5.5557512        3.2245849         2.3311663       2856.7391                 38.523751                 396.83081                           2389.0985                       8.444214               0.56073281              4.3035271                         10.138782       8.8387588
              4       1433.5254       3.0408554      0.96161786       69.948075     0.022068722      0.11431105     0.055253011           0.51115749    0.0003148033       0.62150432        1.000446      0.99979919       0.9970289        59.35654      0.35799991       4.0319675       1.1330823       12.384636       11.965217        13.535723       77.154714       270.54848       59.064203       51.185527       115.48563      0.11875175        0.11347885        0.37597943      0.12378564         0.5965928       1.4202801   2.0923133e-09       148.86901       0.8176254      0.27873933      0.78812095       15.003042       2833.7481       4.7304417        2.5089924         2.2214494       2857.5899                 38.523751                 396.83081                           2389.9494                       8.444214               0.56073281              4.3035271                         10.138782       8.8387588
              1       1433.0325       3.0408554      0.96161786       69.948075     0.022068722      0.11431105     0.055253011           0.51115749    0.0003148033       0.62150432        1.000446      0.99986391       0.9972245       59.150072      0.34024976       4.0227207       1.4847636       12.241901       11.947208        13.420983       76.868487       269.69268       59.961533        50.72176       114.54151      0.13566663        0.07849454         0.3771949      0.12727455        0.57431476        1.490584   2.0923133e-09       148.86901       0.8176254      0.27873933      0.78812095       15.003042       2832.0789       5.0721332        2.9160895         2.1560437       2855.9207                 38.523751                 396.83081                           2388.2802                       8.444214               0.56073281              4.3035271                         10.138782       8.8387588
              2        1432.703       3.0408554      0.96161786       69.948075     0.022068722      0.11431105     0.055253011           0.51115749    0.0003148033       0.62150432       1.0002851      0.99984903       0.9972099        59.19699      0.34557324       4.0118436       1.4657909       12.133515       11.886582        13.527451       76.811633       269.67703       59.797126       50.579905       114.55329      0.13479884       0.085483893        0.38078931      0.12973592        0.57507578       1.4672523   2.0923133e-09       148.86901       0.8176254      0.27873933      0.78812095       15.003042       2832.2247        4.669766        2.5072673         2.1624987       2856.0665                 38.576668                 396.82889                           2388.3931                      8.4260589               0.56073281              4.3035271                         10.138782       8.8387588
              2        1433.647       3.0408554      0.96161786       69.948075     0.022068722      0.11431105     0.055253011           0.51115749    0.0003148033       0.62150432       1.0002851        1.000066      0.99736346       59.310765      0.33434995       4.2135954       1.5919966       12.362592        11.21082        13.475028       77.522664       257.55002       59.585805       51.286808        112.8873      0.12880011       0.097341433        0.46994849      0.13180379        0.69205871       1.4629389   2.0923133e-09       148.86901       0.8176254      0.27873933      0.78812095       15.003042       2838.1193       2.6664954       0.57338119         2.0931142       2861.9611                 38.576668                 396.82889                           2394.2877                      8.4260589               0.56073281              4.3035271                         10.138782       8.8387588
              2       1431.2412       3.0408554      0.96161786       69.948075     0.022068722      0.11431105     0.055253011           0.51115749    0.0003148033       0.62150432       1.0002851      0.99987839      0.99742793       59.061623      0.49867439       3.7670827       2.0150948       12.433004       10.821723        13.099788        78.21085       260.79104       60.446411       52.227851       111.04541      0.12714873        0.10407243        0.51745725       0.1247057        0.62280314       1.5363382   2.0923133e-09       148.86901       0.8176254      0.27873933      0.78812095       15.003042       2832.4907       3.0749836         0.939404         2.1355796       2856.3325                 38.576668                 396.82889                           2388.6591                      8.4260589               0.56073281              4.3035271                         10.138782       8.8387588
              1       1430.8309       3.0408554      0.96161786       69.948075     0.022068722      0.11431105     0.055253011           0.51115749    0.0003148033       0.62150432       1.0002851      0.99988106      0.99743875       59.236332      0.46566592       3.8324193       2.2650223       12.534016       10.866527        12.881185       78.044737       257.67613       60.623427       52.553448       110.46444      0.12790063        0.10863895        0.51123323       0.1513077        0.62268698       1.5742913   2.0923133e-09       148.86901       0.8176254      0.27873933      0.78812095       15.003042       2832.5873       2.6163303       0.53117704         2.0851533       2856.4291                 38.576668                 396.82889                           2388.7557                      8.4260589               0.56073281              4.3035271                         10.138782       8.8387588
              2       1431.0654       3.0408554      0.96161786       69.948075     0.022068722      0.11431105     0.055253011           0.51115749    0.0003148033       0.62150432       1.0002851       0.9998877      0.99741455       59.332529      0.46903495       3.8293564       2.3254684       12.485315       10.880847        12.755104        78.10465       258.06886       60.602314       52.395931       110.44736      0.12845703        0.10643501        0.50822461      0.15202943        0.62219522       1.5673766   2.0923133e-09       148.86901       0.8176254      0.27873933      0.78812095       15.003042       2833.0184       2.6353301       0.55681348         2.0785166       2856.8602                 38.576668                 396.82889                           2389.1868                      8.4260589               0.56073281              4.3035271                         10.138782       8.8387588
              1       1430.4762       3.0408554      0.96161786       69.948075     0.022068722      0.11431105     0.055253011           0.51115749    0.0003148033       0.62150432       1.0002851      0.99992052      0.99754011       59.893149      0.50189898       3.7608769       2.4810561       12.839924       10.789271        13.351619       77.015871       262.14824       60.397519        51.54105       109.81975      0.16035616        0.12352469         0.5224773       0.1416761         0.6159596       1.6460269   2.0923133e-09       148.86901       0.8176254      0.27873933      0.78812095       15.003042        2831.125       2.9928653       0.91958754         2.0732777       2854.9668                 38.576668                 396.82889                           2387.2933                      8.4260589               0.56073281              4.3035271                         10.138782       8.8387588
              3       1429.7423       3.0408554      0.96161786       69.948075     0.022068722      0.11431105     0.055253011           0.51115749    0.0003148033       0.62150432       1.0002851      0.99964305       0.9973371       59.568773      0.52238827       3.6758023        2.196902        13.29916       10.924881        12.990097       77.164767       269.25195       58.550923       51.533569       109.17998      0.15581011        0.13301132        0.48254287      0.17724823        0.64499445       1.7036514   2.0923133e-09       148.86901       0.8176254      0.27873933      0.78812095       15.003042       2829.1191        3.261859        1.1319996         2.1298595       2852.9609                 38.576668                 396.82889                           2385.2875                      8.4260589               0.56073281              4.3035271                         10.138782       8.8387588
              4       1430.4412       3.0408554      0.96161786       69.948075     0.022068722      0.11431105     0.055253011           0.51115749    0.0003148033       0.62150432       1.0004428      0.99970116      0.99741125       59.451481       0.5062652       3.6408644       2.1313988       13.046241        10.79659          13.4488       77.246239       267.47984       57.214678        50.86927       109.09751      0.15398696        0.14804128        0.47679684      0.18831753        0.67256467       1.7090973   2.0923133e-09       148.86901       0.8176254      0.27873933      0.78812095       15.003042       2831.7123       2.6641697       0.51431209         2.1498576       2855.5541                 38.524802                 396.83081                           2387.9128                       8.443839               0.56073281              4.3035271                         10.138782       8.8387588
              1        1430.357       3.0408554      0.96161786       69.948075     0.022068722      0.11431105     0.055253011           0.51115749    0.0003148033       0.62150432       1.0003736      0.99970116      0.99741125       59.451481       0.5062652       3.6408644       2.1313988       13.046241        10.79659          13.4488       77.246239       267.47984       57.214678        50.86927       109.09751      0.15398696        0.14804128        0.47679684      0.18831753        0.67256467       1.7090973   2.0923133e-09       148.86901       0.8176254      0.27873933      0.78812095       15.003042        2831.553       2.6596506       0.50979301         2.1498576       2855.3948                 38.547553                 396.82889                           2387.7407                      8.4358628               0.56073281              4.3035271                         10.138782       8.8387588
              1       1431.0334       3.0408554      0.96161786       69.948075     0.022068722      0.11431105     0.055253011           0.51115749    0.0003148033       0.62150432       1.0003736      0.99974746      0.99739601       59.343256      0.49451364       3.5726939       2.1395571       13.010477       10.739414        13.257526        77.33118       268.14835       56.947947       50.514823       109.08586      0.16987942         0.1497092         0.4426667      0.17746431        0.68346126       1.7178149   2.0923133e-09       148.86901       0.8176254      0.27873933      0.78812095       15.003042       2832.2681        2.978408       0.81068098         2.1677271       2856.1099                 38.547553                 396.82889                           2388.4558                      8.4358628               0.56073281              4.3035271                         10.138782       8.8387588
              1       1431.4533       3.0408554      0.96161786       69.948075     0.022068722      0.11431105     0.055253011           0.51115749    0.0003148033       0.62150432       1.0003736      0.99952647      0.99736643       59.863851      0.47689752       3.5251183       2.4658475       13.492108       10.028423        13.348392       78.038486        268.4923       57.924951       50.268759        108.8045      0.15207537        0.14529355        0.43480193      0.14242497         0.6516267       1.8088227   2.0923133e-09       148.86901       0.8176254      0.27873933      0.78812095       15.003042       2831.4697       3.7975784        1.6720757         2.1255027       2855.3115                 38.547553                 396.82889                           2387.6574                      8.4358628               0.56073281              4.3035271                         10.138782       8.8387588
              4       1432.2613       3.0408554      0.96161786       69.948075     0.022068722      0.11431105     0.055253011           0.51115749    0.0003148033       0.62150432        1.000324      0.99976348      0.99736194       60.139144      0.49314484       3.3470968       2.3513771       13.877465       10.029144         13.44405       78.309929       267.01636       57.328309       50.731514       109.27923      0.15245838        0.14150139        0.42572593      0.15649909        0.64017623       1.8246631   2.0923133e-09       148.86901       0.8176254      0.27873933      0.78812095       15.003042       2832.7409       3.9699031        1.7736961          2.196207       2856.5827                 38.563874                 396.82889                           2388.9178                      8.4303115               0.56073281              4.3035271                         10.138782       8.8387588
              3       1431.5612       3.0408554      0.96161786       69.948075     0.022068722      0.11431105     0.055253011           0.51115749    0.0003148033       0.62150432        1.000324      0.99982763      0.99763456       60.235734      0.52077791       3.8502627       2.4037647       13.645095       10.385054        14.109779       78.795282       263.07073       56.035475       50.037518       108.74324     0.053519252       0.075907882        0.44155965      0.20934641        0.61578199       1.7003816   2.0923133e-09       148.86901       0.8176254      0.27873933      0.78812095       15.003042        2828.185       5.5477628        3.4815592         2.0662036       2852.0268                 38.563874                 396.82889                           2384.3619                      8.4303115               0.56073281              4.3035271                         10.138782       8.8387588
              3       1432.1416       3.0408554      0.96161786       69.948075     0.022068722      0.11431105     0.055253011           0.51115749    0.0003148033       0.62150432        1.000324      0.99981797      0.99759918       60.161273      0.50879774       3.9035794       2.2671032       13.535082       10.392096        14.307763       79.184854       262.80956       56.278942       50.520889       108.99004       0.0573747       0.069546229        0.43608415      0.21432017        0.59096129       1.7220824   2.0923133e-09       148.86901       0.8176254      0.27873933      0.78812095       15.003042       2828.8273        5.807034         3.735344         2.0716899       2852.6691                 38.563874                 396.82889                           2385.0042                      8.4303115               0.56073281              4.3035271                         10.138782       8.8387588
              3       1432.2687       3.0408554      0.96161786       69.948075     0.022068722      0.11431105     0.055253011           0.51115749    0.0003148033       0.62150432        1.000324       0.9999364      0.99755435       60.119458      0.50663566       4.0256124       2.3244516       13.546019       10.644501        14.178734       79.136578       265.13488       56.322968       50.352665       109.05374     0.065996879       0.063189394        0.43366067      0.20797139        0.57404958       1.7006071   2.0923133e-09       148.86901       0.8176254      0.27873933      0.78812095       15.003042       2828.6891        6.003252        3.9557239         2.0475281       2852.5309                 38.563874                 396.82889                           2384.8661                      8.4303115               0.56073281              4.3035271                         10.138782       8.8387588
              1       1432.4639       3.0408554      0.96161786       69.948075     0.022068722      0.11431105     0.055253011           0.51115749    0.0003148033       0.62150432        1.000324      0.99986025      0.99749912        60.19865      0.51082059       4.0459238       2.1590814       13.482041       10.611954        13.614196       78.585516        266.4249       56.734793       50.227539       108.71345     0.046713579       0.068468567        0.43723415       0.2203886        0.56240863       1.7067062   2.0923133e-09       148.86901       0.8176254      0.27873933      0.78812095       15.003042       2827.3567       6.8646658        4.8053121         2.0593538       2851.1985                 38.563874                 396.82889                           2383.5336                      8.4303115               0.56073281              4.3035271                         10.138782       8.8387588
              1       1432.4831       3.0408554      0.96161786       69.948075     0.022068722      0.11431105     0.055253011           0.51115749    0.0003148033       0.62150432       1.0002522      0.99986025      0.99749912        60.19865      0.51082059       4.0459238       2.1590814       13.482041       10.611954        13.614196       78.585516        266.4249       56.734793       50.227539       108.71345     0.046713579       0.068468567        0.43723415       0.2203886        0.56240863       1.7067062   2.0923133e-09       148.86901       0.8176254      0.27873933      0.78812095       15.003042       2827.4018       6.8613552        4.8020015         2.0593538       2851.2436                  38.58752                 396.82889                           2383.5628                      8.4225205               0.56073281              4.3035271                         10.138782       8.8387588
              1       1432.5041       3.0408554      0.96161786       69.948075     0.022068722      0.11431105     0.055253011           0.51115749    0.0003148033       0.62150432       1.0002522      0.99993764      0.99758774       60.365994      0.51690763       4.1865305       2.2110576        13.43506       10.479976        13.500619       78.830901       270.21708       56.743047       50.435359       108.22486     0.075500947       0.067528252        0.43632668      0.21669807        0.55080755       1.6738745   2.0923133e-09       148.86901       0.8176254      0.27873933      0.78812095       15.003042       2829.6236       5.7713874        3.7344653         2.0369221       2853.4654                  38.58752                 396.82889                           2385.7847                      8.4225205               0.56073281              4.3035271                         10.138782       8.8387588
              2       1430.5928       3.0408554      0.96161786       69.948075     0.022068722      0.11431105     0.055253011           0.51115749    0.0003148033       0.62150432       1.0002522      0.99984471      0.99771203        60.70189        0.526545       3.6329174       2.4193107       13.649219       10.505455        13.922827        79.08234       273.29161       59.159376       50.404393       107.44854     0.066915346        0.11580167        0.42836341      0.22423232        0.53556724       1.5806491   2.0923133e-09       148.86901       0.8176254      0.27873933      0.78812095       15.003042        2826.821       5.2613709        3.1544935         2.1068774       2850.6628                  38.58752                 396.82889                           2382.9821                      8.4225205               0.56073281              4.3035271                         10.138782       8.8387588
              2       1430.7775       3.0408554      0.96161786       69.948075     0.022068722      0.11431105     0.055253011           0.51115749    0.0003148033       0.62150432       1.0002522      0.99978433      0.99793698       60.802828      0.53404717       3.5777392       2.5082453        13.69904        10.57965        13.578082        78.94818       271.98032       58.801651       50.487566        107.9937     0.062372511        0.11271784        0.44080464      0.21033727        0.52512223        1.586686   2.0923133e-09       148.86901       0.8176254      0.27873933      0.78812095       15.003042       2826.4344        5.639402        3.5326161         2.1067859       2850.2762                  38.58752                 396.82889                           2382.5955                      8.4225205               0.56073281              4.3035271                         10.138782       8.8387588
              1       1431.6801       3.0408554      0.96161786       69.948075     0.022068722      0.11431105     0.055253011           0.51115749    0.0003148033       0.62150432       1.0002522      0.99982052      0.99799662       61.343021       0.5625787       3.6020013       2.6841558       13.763022        9.927397        13.530673       77.431139       274.36717        58.61913       51.294123       108.27457     0.060032553       0.085663036        0.44557031       0.1953843        0.59413104       1.6154759   2.0923133e-09       148.86901       0.8176254      0.27873933      0.78812095       15.003042        2828.798       5.3601962        3.2810867         2.0791095       2852.6398                  38.58752                 396.82889                           2384.9591                      8.4225205               0.56073281              4.3035271                         10.138782       8.8387588
              1       1431.6728       3.0408554      0.96161786       69.948075     0.022068722      0.11431105     0.055253011           0.51115749    0.0003148033       0.62150432       1.0002522      0.99986017      0.99796581       61.402672      0.56226807       3.6374997       2.6785601       13.780363       9.9101667        13.544288       77.569037       273.72755       58.385695        51.31036       108.35636     0.057597485       0.089057109        0.45681922      0.18977835        0.59483258       1.6190537   2.0923133e-09       148.86901       0.8176254      0.27873933      0.78812095       15.003042       2828.8507       5.3265288        3.2532622         2.0732665       2852.6925                  38.58752                 396.82889                           2385.0118                      8.4225205               0.56073281              4.3035271                         10.138782       8.8387588
              1       1431.8789       3.0408554      0.96161786       69.948075     0.022068722      0.11431105     0.055253011           0.51115749    0.0003148033       0.62150432       1.0002522       0.9997626      0.99772662       62.154651      0.62191766       3.4551438        2.793955       14.012591       10.311273        14.067016       78.011232       285.23852       58.438777       50.997599       107.32834     0.087335411        0.13090144        0.48527245      0.26523502        0.63162847       1.6428946   2.0923133e-09       148.86901       0.8176254      0.27873933      0.78812095       15.003042        2831.795       4.0604508        1.9658307         2.0946201       2855.6368                  38.58752                 396.82889                           2387.9561                      8.4225205               0.56073281              4.3035271                         10.138782       8.8387588
              3       1432.9036       3.0408554      0.96161786       69.948075     0.022068722      0.11431105     0.055253011           0.51115749    0.0003148033       0.62150432       1.0002522      0.99973031      0.99787745       61.863323      0.66726135       3.7060739       2.8730219       14.110804       10.395812        13.473149       78.340745       281.79708         57.6395       50.909831       107.52015      0.09154932        0.14251539        0.46478417      0.29412547        0.64735812       1.7501797   2.0923133e-09       148.86901       0.8176254      0.27873933      0.78812095       15.003042         2833.38       4.2926669        2.2481066         2.0445603       2857.2218                  38.58752                 396.82889                           2389.5411                      8.4225205               0.56073281              4.3035271                         10.138782       8.8387588
              1       1432.8522       3.0408554      0.96161786       69.948075     0.022068722      0.11431105     0.055253011           0.51115749    0.0003148033       0.62150432       1.0002522      0.99977113      0.99790954       61.964673      0.66762566       3.7512941       3.0661502       13.991319       9.9932874        13.528009       78.634185       279.42314       57.477237        50.87697       107.59018      0.10683313        0.15217765        0.47127143      0.28044254        0.64708531       1.7716797   2.0923133e-09       148.86901       0.8176254      0.27873933      0.78812095       15.003042       2834.3976       3.7325357        1.7046275         2.0279082       2858.2394                  38.58752                 396.82889                           2390.5587                      8.4225205               0.56073281              4.3035271                         10.138782       8.8387588
              1       1431.8172       3.0408554      0.96161786       69.948075     0.022068722      0.11431105     0.055253011           0.51115749    0.0003148033       0.62150432       1.0002522      0.99976282      0.99840593       61.237124      0.59233752       3.6739445       1.6218401       13.393442        9.946511        15.874942       79.012576        268.0707       59.835522       50.518734       107.51335      0.11420681        0.14942698        0.43201891      0.21803343        0.70456135        1.744161   2.0923133e-09       148.86901       0.8176254      0.27873933      0.78812095       15.003042       2835.0943       2.3491367       0.10939724         2.2397394       2858.9361                  38.58752                 396.82889                           2391.2554                      8.4225205               0.56073281              4.3035271                         10.138782       8.8387588
              1       1431.0166       3.0408554      0.96161786       69.948075     0.022068722      0.11431105     0.055253011           0.51115749    0.0003148033       0.62150432       1.0002522      0.99971578      0.99847494        61.25416      0.58155745       3.6911703       1.9149256       13.212032       10.156946        15.673589       79.256518       263.95513       60.195434       51.026512       107.29366     0.090099549        0.13090512        0.45426945      0.20877461        0.72704328        1.738323   2.0923133e-09       148.86901       0.8176254      0.27873933      0.78812095       15.003042       2833.3587       2.4163168       0.24211497         2.1742019       2857.2005                  38.58752                 396.82889                           2389.5197                      8.4225205               0.56073281              4.3035271                         10.138782       8.8387588
              1       1431.6629       3.0408554      0.96161786       69.948075     0.022068722      0.11431105     0.055253011           0.51115749    0.0003148033       0.62150432       1.0002522        0.999644      0.99826246       60.503925      0.58280218       3.8685826        1.598554       13.214854       9.9315827        15.784087       79.698467        264.3334       59.887685       51.588788       107.56121     0.067875774        0.12111774        0.49477567       0.2321758        0.72728181       1.8377173   2.0923133e-09       148.86901       0.8176254      0.27873933      0.78812095       15.003042       2833.2769       3.1035225       0.92319595         2.1803266       2857.1187                  38.58752                 396.82889                            2389.438                      8.4225205               0.56073281              4.3035271                         10.138782       8.8387588
              1       1429.9886       3.0408554      0.96161786       69.948075     0.022068722      0.11431105     0.055253011           0.51115749    0.0003148033       0.62150432       1.0002522       0.9996171       0.9981984       60.541563      0.58754701       3.9191122       1.5919013       13.268615       9.8761276        15.684581       79.960039       266.68152       59.917369       51.301958       107.65453     0.077343748        0.12399468        0.49905603      0.23392102        0.72925381        1.828557   2.0923133e-09       148.86901       0.8176254      0.27873933      0.78812095       15.003042       2830.3657       2.8847977       0.71827635         2.1665213       2854.2075                  38.58752                 396.82889                           2386.5268                      8.4225205               0.56073281              4.3035271                         10.138782       8.8387588
              3         1430.33       3.0408554      0.96161786       69.948075     0.022068722      0.11431105     0.055253011           0.51115749    0.0003148033       0.62150432       1.0002522      0.99945673      0.99823623       60.549197      0.57338602        3.858314       1.6724119       13.260968       9.9234004        15.763356       80.116128       266.67216       60.470709       51.259309       107.60407     0.078857923        0.13294408        0.49320372      0.23343806         0.7461669       1.8480953   2.0923133e-09       148.86901       0.8176254      0.27873933      0.78812095       15.003042       2830.6205       3.0987932       0.92920563         2.1695875       2854.4623                  38.58752                 396.82889                           2386.7816                      8.4225205               0.56073281              4.3035271                         10.138782       8.8387588
              5        1430.545       3.0408554      0.96161786       69.948075     0.022068722      0.11431105     0.055253011           0.51115749    0.0003148033       0.62150432       1.0002522      0.99951868       0.9982766       60.247458        0.550459       4.2110587       1.8941657       12.998345       9.0992084        15.988616       79.950945       257.57188        61.64826       50.510645       107.02937       0.1116766        0.11599108        0.48555861      0.20957991        0.72875825       1.9068523   2.0923133e-09       148.86901       0.8176254      0.27873933      0.78812095       15.003042       2833.1606       2.0438213     -0.015599912         2.0594213       2857.0024                  38.58752                 396.82889                           2389.3217                      8.4225205               0.56073281              4.3035271                         10.138782       8.8387588
              1       1429.5188       3.0408554      0.96161786       69.948075     0.022068722      0.11431105     0.055253011           0.51115749    0.0003148033       0.62150432       1.0002522      0.99951358      0.99864441       60.690522      0.48373312       4.1794951       1.8149626       13.189251       9.1376203        15.516899       80.135605       263.65195       59.724072       48.886814       108.40609      0.13465488        0.14597385        0.43565788      0.20505083        0.71566307       1.7700824   2.0923133e-09       148.86901       0.8176254      0.27873933      0.78812095       15.003042        2830.013       2.5913871       0.51851985         2.0728672       2853.8548                  38.58752                 396.82889                           2386.1741                      8.4225205               0.56073281              4.3035271                         10.138782       8.8387588
              1       1430.1115       3.0408554      0.96161786       69.948075     0.022068722      0.11431105     0.055253011           0.51115749    0.0003148033       0.62150432        1.000444      0.99951389      0.99870035       60.917338      0.46444005       4.2986617       1.5827535       13.127011       9.5297519        15.809081       79.930175       266.14162        59.99018       48.606579       108.02035     0.091579219        0.13517873        0.42982174      0.20355607        0.72877487       1.8071571   2.0923133e-09       148.86901       0.8176254      0.27873933      0.78812095       15.003042       2830.6895        2.845844       0.76827501          2.077569       2854.5313                 38.524402                 396.83081                           2386.8903                      8.4439815               0.56073281              4.3035271                         10.138782       8.8387588
              2       1430.0584       3.0408554      0.96161786       69.948075     0.022068722      0.11431105     0.055253011           0.51115749    0.0003148033       0.62150432        1.000444      0.99949781      0.99867196        60.90194      0.46366028       4.3140674        1.552196        13.11516       9.5367988        15.850001       79.928058        266.4459       59.940323       48.585352       108.08895     0.096592583        0.13406083        0.42665838      0.20371473        0.73140694       1.8102735   2.0923133e-09       148.86901       0.8176254      0.27873933      0.78812095       15.003042       2830.8253        2.724899       0.64664573         2.0782533       2854.6671                 38.524402                 396.83081                           2387.0261                      8.4439815               0.56073281              4.3035271                         10.138782       8.8387588
              1       1430.8315       3.0408554      0.96161786       69.948075     0.022068722      0.11431105     0.055253011           0.51115749    0.0003148033       0.62150432        1.000444      0.99968191      0.99848546       60.550699      0.45224917       4.1830797       1.4492531       13.500144       9.4215053        15.569604       79.659286       262.37042       59.912383       48.668874        107.7302      0.11342278        0.13465786        0.39914286      0.22293859        0.73054926       1.8491359   2.0923133e-09       148.86901       0.8176254      0.27873933      0.78812095       15.003042       2832.3091       2.7560149       0.63603781         2.1199771       2856.1509                 38.524402                 396.83081                           2388.5099                      8.4439815               0.56073281              4.3035271                         10.138782       8.8387588
              5       1430.4446       3.0408554      0.96161786       69.948075     0.022068722      0.11431105     0.055253011           0.51115749    0.0003148033       0.62150432        1.000444       0.9996811      0.99844832       60.585171      0.44757784       4.1768131       1.4671995       13.418729       9.4206683        15.533336       79.660726       262.27708       59.958001       48.617852       107.82063      0.11825676        0.13590571        0.40012942      0.22404087        0.73469332       1.8493278   2.0923133e-09       148.86901       0.8176254      0.27873933      0.78812095       15.003042       2831.8303       2.6085074       0.48972169         2.1187857       2855.6721                 38.524402                 396.83081                           2388.0311                      8.4439815               0.56073281              4.3035271                         10.138782       8.8387588
              1        1428.655       3.0408554      0.96161786       69.948075     0.022068722      0.11431105     0.055253011           0.51115749    0.0003148033       0.62150432        1.000444      0.99971374      0.99842363       60.879747       0.4027244       4.4512934        1.583973       13.137911       9.5262517        15.886627       80.323528       259.40285       59.967088       48.026306        107.9478      0.13004524        0.14568381        0.41088231      0.20361226        0.72201892         1.88232   2.0923133e-09       148.86901       0.8176254      0.27873933      0.78812095       15.003042       2829.5778       1.9451868      -0.10738451         2.0525713       2853.4196                 38.524402                 396.83081                           2385.7786                      8.4439815               0.56073281              4.3035271                         10.138782       8.8387588
              1       1428.6825       3.0408554      0.96161786       69.948075     0.022068722      0.11431105     0.055253011           0.51115749    0.0003148033       0.62150432        1.000444      0.99949196      0.99841774       60.831641      0.41813924       4.5419005         1.71761       13.162148       9.4017703        15.955099       80.618667       259.98442       59.779658       47.960524       107.79343      0.12608476        0.13138004        0.40655295      0.19505001        0.73551744       1.8887126   2.0923133e-09       148.86901       0.8176254      0.27873933      0.78812095       15.003042       2829.0212       2.2510413        0.2187358         2.0323055        2852.863                 38.524402                 396.83081                            2385.222                      8.4439815               0.56073281              4.3035271                         10.138782       8.8387588
              1        1428.688       3.0408554      0.96161786       69.948075     0.022068722      0.11431105     0.055253011           0.51115749    0.0003148033       0.62150432        1.000444      0.99948942      0.99841744       60.829746      0.41736203       4.5391387       1.7091375       13.164705       9.3995449         15.95164       80.612367       260.25036       59.754604       47.919294       107.80105      0.12540333        0.13189006        0.40768672      0.19538908        0.73602558       1.8883237   2.0923133e-09       148.86901       0.8176254      0.27873933      0.78812095       15.003042       2829.0214       2.2563853        0.2233324         2.0330529       2852.8632                 38.524402                 396.83081                           2385.2222                      8.4439815               0.56073281              4.3035271                         10.138782       8.8387588
              2       1428.3129       3.0408554      0.96161786       69.948075     0.022068722      0.11431105     0.055253011           0.51115749    0.0003148033       0.62150432        1.000444      0.99958469      0.99848966       61.012327      0.44176547       4.6802445       1.8876235       13.135162        9.332157        15.561258       80.151042       261.00899       58.983368       47.349685       107.45875       0.1289535        0.12271239        0.38887023      0.19140478        0.71750737       1.8875906   2.0923133e-09       148.86901       0.8176254      0.27873933      0.78812095       15.003042        2828.169       2.3074643       0.28905942         2.0184048       2852.0108                 38.524402                 396.83081                           2384.3698                      8.4439815               0.56073281              4.3035271                         10.138782       8.8387588
              2       1428.7615       3.0408554      0.96161786       69.948075     0.022068722      0.11431105     0.055253011           0.51115749    0.0003148033       0.62150432        1.000444      0.99962949      0.99854511       60.913622      0.43440932       4.6241185        1.815867        13.13556       9.3127483        15.677462       80.222185       261.29281       59.133611       47.240796        107.5088      0.13043255        0.10800575        0.38963205      0.18711833        0.70792945       1.8871384   2.0923133e-09       148.86901       0.8176254      0.27873933      0.78812095       15.003042       2828.7666       2.4572813       0.43520075         2.0220805       2852.6084                 38.524402                 396.83081                           2384.9674                      8.4439815               0.56073281              4.3035271                         10.138782       8.8387588
              1       1428.1943       3.0408554      0.96161786       69.948075     0.022068722      0.11431105     0.055253011           0.51115749    0.0003148033       0.62150432        1.000444      0.99976765      0.99850139       60.470634       0.3818537       4.7854807        1.548669       13.178427       9.5448336        15.543348       80.627427       262.79642       58.944673       48.128821       106.94084      0.12978817        0.13040083        0.41008936      0.25540364        0.68931867       1.9382753   2.0923133e-09       148.86901       0.8176254      0.27873933      0.78812095       15.003042       2828.3943       2.0762161      0.053844953         2.0223712       2852.2361                 38.524402                 396.83081                           2384.5951                      8.4439815               0.56073281              4.3035271                         10.138782       8.8387588
              2       1428.9034       3.0408554      0.96161786       69.948075     0.022068722      0.11431105     0.055253011           0.51115749    0.0003148033       0.62150432        1.000444      0.99960367      0.99883304       60.920043      0.38730769       4.2248942      0.61352964       12.090018       9.8875275        14.689319        80.42727       270.37777       57.525671       49.891369       107.87385      0.12304418        0.13136766         0.4190273      0.25111164        0.74419833         1.92909   2.0923133e-09       148.86901       0.8176254      0.27873933      0.78812095       15.003042       2829.9291       2.0179778      -0.25082839         2.2688062       2853.7709                 38.524402                 396.83081                           2386.1299                      8.4439815               0.56073281              4.3035271                         10.138782       8.8387588
              1       1429.6597       3.0408554      0.96161786       69.948075     0.022068722      0.11431105     0.055253011           0.51115749    0.0003148033       0.62150432        1.000444      0.99917089      0.99903452       60.818495      0.48304176       3.8983841       1.4731715       11.147972       9.1512616        14.411491       79.558861       264.40747       58.803138       48.696917       110.08497     0.076602522        0.13170753        0.37454005      0.30370063        0.77626887       1.9024876   2.0923133e-09       148.86901       0.8176254      0.27873933      0.78812095       15.003042       2825.9407       4.7684739         2.573034         2.1954398       2849.7825                 38.524402                 396.83081                           2382.1415                      8.4439815               0.56073281              4.3035271                         10.138782       8.8387588
              1        1429.567       3.0408554      0.96161786       69.948075     0.022068722      0.11431105     0.055253011           0.51115749    0.0003148033       0.62150432        1.000444      0.99916709      0.99902713       60.868197      0.48118004       3.9109099       1.4669144         11.0811       9.2343991        14.341087       79.594791       263.15318       58.619062       48.747024       110.16157     0.080962069        0.13491737        0.37124233      0.30496777        0.78117971       1.8935945   2.0923133e-09       148.86901       0.8176254      0.27873933      0.78812095       15.003042       2825.9144       4.6889439        2.4962341         2.1927098       2849.7562                 38.524402                 396.83081                           2382.1152                      8.4439815               0.56073281              4.3035271                         10.138782       8.8387588
              1       1430.3944       3.0408554      0.96161786       69.948075     0.022068722      0.11431105     0.055253011           0.51115749    0.0003148033       0.62150432        1.000444      0.99908554      0.99907211       60.874675      0.50295606       3.8936083       1.1411117       11.306977       9.2935001        14.660446       79.759854       259.74517       58.322506       48.590055       110.91931     0.079005029        0.16082081        0.38672967      0.29887185        0.77190308       1.9116508   2.0923133e-09       148.86901       0.8176254      0.27873933      0.78812095       15.003042        2826.592       5.1774876        2.9080961         2.2693914       2850.4338                 38.524402                 396.83081                           2382.7928                      8.4439815               0.56073281              4.3035271                         10.138782       8.8387588
              1       1429.9538       3.0408554      0.96161786       69.948075     0.022068722      0.11431105     0.055253011           0.51115749    0.0003148033       0.62150432        1.000444      0.99901814      0.99896617       60.743627      0.49469375       3.9805876      0.90150989       10.976281       9.1365355        14.941086       80.061958       262.96526       59.305909       49.954442       111.81057     0.095158149        0.15547129        0.39192777       0.3348172        0.74725962       1.9057337   2.0923133e-09       148.86901       0.8176254      0.27873933      0.78812095       15.003042       2826.2375       4.9141284        2.6204169         2.2937115       2850.0793                 38.524402                 396.83081                           2382.4383                      8.4439815               0.56073281              4.3035271                         10.138782       8.8387588
              1       1429.0811       3.0408554      0.96161786       69.948075     0.022068722      0.11431105     0.055253011           0.51115749    0.0003148033       0.62150432       0.9996478       0.9990582      0.99900293       60.767248      0.51196906       3.9604017      0.85159089        10.76554       9.2131429        15.182029       80.072141       259.60234       59.705949       49.905969       111.35958      0.10739433        0.14162664        0.39314348      0.32065136        0.72936774       1.8999518   2.0923133e-09       148.86901       0.8176254      0.27873933      0.78812095       15.003042       2826.5274       3.8965114         1.582057         2.3144544       2850.3692                 38.787089                 396.88245                           2382.4893                      8.3685657               0.56073281              4.3035271                         10.138782       8.8387588
              1       1429.0245       3.0408554      0.96161786       69.948075     0.022068722      0.11431105     0.055253011           0.51115749    0.0003148033       0.62150432      0.99972183       0.9990582      0.99900293       60.767248      0.51196906       3.9604017      0.85159089        10.76554       9.2131429        15.182029       80.072141       259.60234       59.705949       49.905969       111.35958      0.10739433        0.14162664        0.39314348      0.32065136        0.72936774       1.8999518   2.0923133e-09       148.86901       0.8176254      0.27873933      0.78812095       15.003042       2826.4216       3.8927781        1.5783237         2.3144544       2850.2634                 38.762587                 396.86816                           2382.4168                      8.3740584               0.56073281              4.3035271                         10.138782       8.8387588
              1       1429.6305       3.0408554      0.96161786       69.948075     0.022068722      0.11431105     0.055253011           0.51115749    0.0003148033       0.62150432      0.99972183       0.9989308       0.9989201       61.230734      0.54913094       3.9049738      0.92080922       10.615492       8.9226435        14.711912       79.942751       257.67095       58.672894       50.613866       111.00053      0.11107395        0.14460489        0.40247194      0.32933613        0.71608276       1.9028412   2.0923133e-09       148.86901       0.8176254      0.27873933      0.78812095       15.003042       2827.0517       4.1837154        1.8642398         2.3194756       2850.8935                 38.762587                 396.86816                           2383.0469                      8.3740584               0.56073281              4.3035271                         10.138782       8.8387588
              1       1429.9115       3.0408554      0.96161786       69.948075     0.022068722      0.11431105     0.055253011           0.51115749    0.0003148033       0.62150432      0.99972183      0.99888991      0.99887131       61.277759      0.55362083        3.921074      0.85010377       10.647917       9.0092146        14.740918       79.933841       257.03614       58.598141        50.54073       111.16725      0.11646659        0.14296805        0.39587062       0.3241527        0.72101993       1.8994716   2.0923133e-09       148.86901       0.8176254      0.27873933      0.78812095       15.003042       2827.8533       4.0639274        1.7326977         2.3312298       2851.6951                 38.762587                 396.86816                           2383.8485                      8.3740584               0.56073281              4.3035271                         10.138782       8.8387588
              1       1429.8899       3.0408554      0.96161786       69.948075     0.022068722      0.11431105     0.055253011           0.51115749    0.0003148033       0.62150432      0.99972183      0.99889107      0.99887125       61.278931      0.55370813       3.9213792      0.84759594        10.64686           9.009        14.733266        79.93256       257.00591       58.614555       50.544026       111.16034      0.11624924        0.14271662        0.39583791      0.32361966        0.72134232       1.8995719   2.0923133e-09       148.86901       0.8176254      0.27873933      0.78812095       15.003042       2827.8372       4.0504078        1.7186446         2.3317632        2851.679                 38.762587                 396.86816                           2383.8324                      8.3740584               0.56073281              4.3035271                         10.138782       8.8387588
              2       1430.3981       3.0408554      0.96161786       69.948075     0.022068722      0.11431105     0.055253011           0.51115749    0.0003148033       0.62150432      0.99972183      0.99887095       0.9989536       61.331294      0.55927964       3.8800334      0.71961138       10.530949       9.1251326        14.599288       80.061231        257.4552       58.482077       50.391068       111.30934      0.10331822        0.14860688        0.39183158      0.33293924        0.72484263       1.9162131   2.0923133e-09       148.86901       0.8176254      0.27873933      0.78812095       15.003042       2827.5161       4.7191822        2.3340254         2.3851568       2851.3579                 38.762587                 396.86816                           2383.5113                      8.3740584               0.56073281              4.3035271                         10.138782       8.8387588
              1        1430.608       3.0408554      0.96161786       69.948075     0.022068722      0.11431105     0.055253011           0.51115749    0.0003148033       0.62150432      0.99950198      0.99887095       0.9989536       61.331294      0.55927964       3.8800334      0.71961138       10.530949       9.1251326        14.599288       80.061231        257.4552       58.482077       50.391068       111.30934      0.10331822        0.14860688        0.39183158      0.33293924        0.72484263       1.9162131   2.0923133e-09       148.86901       0.8176254      0.27873933      0.78812095       15.003042       2827.9085       4.7328335        2.3476767         2.3851568       2851.7503                 38.835397                 396.87042                            2383.844                      8.3586605               0.56073281              4.3035271                         10.138782       8.8387588
              2         1430.65       3.0408554      0.96161786       69.948075     0.022068722      0.11431105     0.055253011           0.51115749    0.0003148033       0.62150432      0.99950198      0.99887495      0.99895671       61.312029      0.56242118       3.8955966       0.7488288       10.530346       9.1309983        14.601271       80.018194       257.99977        58.57958       50.405018       111.32759      0.10892025        0.15061698        0.39300473      0.33330635        0.72628293       1.9120067   2.0923133e-09       148.86901       0.8176254      0.27873933      0.78812095       15.003042       2828.1136       4.6723328        2.3024811         2.3698517       2851.9554                 38.835397                 396.87042                           2384.0491                      8.3586605               0.56073281              4.3035271                         10.138782       8.8387588
              1       1430.6121       3.0408554      0.96161786       69.948075     0.022068722      0.11431105     0.055253011           0.51115749    0.0003148033       0.62150432      0.99950198      0.99880643      0.99900186       61.274805      0.51625097       3.4969213      0.62617826       10.745382       9.3182183        14.972193       80.463386       261.98168       60.393232       50.512179       111.82304      0.11590186        0.17974003        0.40762146      0.27625736        0.79339416       1.9992085   2.0923133e-09       148.86901       0.8176254      0.27873933      0.78812095       15.003042       2826.7522       5.3151193        2.7003359         2.6147834        2850.594                 38.835397                 396.87042                           2382.6877                      8.3586605               0.56073281              4.3035271                         10.138782       8.8387588
              4       1429.6843       3.0408554      0.96161786       69.948075     0.022068722      0.11431105     0.055253011           0.51115749    0.0003148033       0.62150432      0.99950198      0.99890965      0.99898852       60.723157      0.51479201       3.6544064      0.53639308       10.410126       9.8540217        14.115802        81.38811       272.71039       62.266769       52.489565       111.37415     0.084338473        0.14991054        0.38326842      0.33684335        0.74908769       2.1954684   2.0923133e-09       148.86901       0.8176254      0.27873933      0.78812095       15.003042       2824.5715       5.4776909        2.9205331         2.5571578       2848.4133                 38.835397                 396.87042                            2380.507                      8.3586605               0.56073281              4.3035271                         10.138782       8.8387588
              2       1428.8688       3.0408554      0.96161786       69.948075     0.022068722      0.11431105     0.055253011           0.51115749    0.0003148033       0.62150432      0.99950198      0.99895522      0.99896086       60.674753       0.5162102       3.7248182      0.61694628       10.201681       9.9247192        14.369256       81.154423       274.07074       62.182513       52.650403       111.36124      0.06330827        0.14005575        0.39450139      0.32081636        0.77128345       2.2543042   2.0923133e-09       148.86901       0.8176254      0.27873933      0.78812095       15.003042       2823.0209       5.4374232        2.9450977         2.4923255       2846.8627                 38.835397                 396.87042                           2378.9564                      8.3586605               0.56073281              4.3035271                         10.138782       8.8387588
              1       1428.0121       3.0408554      0.96161786       69.948075     0.022068722      0.11431105     0.055253011           0.51115749    0.0003148033       0.62150432      0.99950198      0.99901527      0.99895067       60.486636      0.52401468       3.7702235      0.93706807       10.080475       9.7962735        14.785999       81.370069       270.39137       62.167397       53.284656       110.96015     0.063500027        0.15077753        0.37698712      0.30517039        0.74205999       2.2247818   2.0923133e-09       148.86901       0.8176254      0.27873933      0.78812095       15.003042       2822.6676       4.7574516        2.3841338         2.3733179       2846.5094                 38.835397                 396.87042                           2378.6031                      8.3586605               0.56073281              4.3035271                         10.138782       8.8387588
              2       1431.1456       3.0408554      0.96161786       69.948075     0.022068722      0.11431105     0.055253011           0.51115749    0.0003148033       0.62150432      0.99950198      0.99903818      0.99907011       60.224246      0.56927794       4.0751037      0.54106577       10.567242       9.4694654        14.918912       80.974344       267.18237       61.695138       53.697327       110.05836     0.057731517        0.16115723        0.35826353      0.35939283        0.75115187       2.3135912   2.0923133e-09       148.86901       0.8176254      0.27873933      0.78812095       15.003042       2823.7386       7.3554407        5.0074682         2.3479725       2847.5804                 38.835397                 396.87042                           2379.6741                      8.3586605               0.56073281              4.3035271                         10.138782       8.8387588
              2       1429.3511       3.0408554      0.96161786       69.948075     0.022068722      0.11431105     0.055253011           0.51115749    0.0003148033       0.62150432      0.99950198      0.99864101       0.9986776       60.037338      0.50945258       4.1948585      0.88684651       10.167181       9.5936057          15.2427       81.002983       253.82273       62.411898       51.019124        109.7933     0.037131565        0.12147259        0.39682075      0.29997768        0.77951144       2.2756844   2.0923133e-09       148.86901       0.8176254      0.27873933      0.78812095       15.003042       2822.1579       6.3512653        4.1328674         2.2183978       2845.9997                 38.835397                 396.87042                           2378.0935                      8.3586605               0.56073281              4.3035271                         10.138782       8.8387588
              1       1428.9037       3.0408554      0.96161786       69.948075     0.022068722      0.11431105     0.055253011           0.51115749    0.0003148033       0.62150432      0.99950198      0.99872755      0.99861587       59.785137      0.52669931       4.2229007       0.9246103       9.8716713       9.6077683        15.408721       81.007644       251.92307       63.014113       51.147558       110.23171     0.039753124         0.1392697        0.39682469      0.29889481        0.78089039       2.2976341   2.0923133e-09       148.86901       0.8176254      0.27873933      0.78812095       15.003042        2822.479       5.7432854        3.5419654         2.2013201       2846.3208                 38.835397                 396.87042                           2378.4145                      8.3586605               0.56073281              4.3035271                         10.138782       8.8387588
              1       1427.9339       3.0408554      0.96161786       69.948075     0.022068722      0.11431105     0.055253011           0.51115749    0.0003148033       0.62150432      0.99950198      0.99867718       0.9986492       59.914232      0.51770717       4.3515339      0.89107632       9.3778354       9.9024507        15.060706       80.982366       258.65604        63.41445       51.749756        110.2112     0.051401372        0.10744741        0.42103516      0.26415592        0.76961723       2.2640437   2.0923133e-09       148.86901       0.8176254      0.27873933      0.78812095       15.003042       2822.9116        4.557163        2.3890087         2.1681543       2846.7534                 38.835397                 396.87042                           2378.8471                      8.3586605               0.56073281              4.3035271                         10.138782       8.8387588
              1       1428.3927       3.0408554      0.96161786       69.948075     0.022068722      0.11431105     0.055253011           0.51115749    0.0003148033       0.62150432      0.99950198      0.99896552      0.99845895       60.444572      0.49839814       4.2275959      0.49505743       8.8542508       9.3899786        14.311814       80.947565       257.90248       62.336677       51.343773       110.07403     0.051883769        0.14224141        0.41059502      0.25951265        0.79335718       2.1471209   2.0923133e-09       148.86901       0.8176254      0.27873933      0.78812095       15.003042       2825.3374       3.8030668         1.506564         2.2965028       2849.1792                 38.835397                 396.87042                           2381.2729                      8.3586605               0.56073281              4.3035271                         10.138782       8.8387588
              4       1427.3714       3.0408554      0.96161786       69.948075     0.022068722      0.11431105     0.055253011           0.51115749    0.0003148033       0.62150432      0.99950198      0.99907391      0.99851133       60.297454      0.47624021       4.3621173      0.24330428       8.6732824       8.6939015        14.004133       80.522453       257.52905       61.506843       51.196562       110.45073     0.055847234        0.12103091        0.45107146      0.23900861        0.79030328       2.0976962   2.0923133e-09       148.86901       0.8176254      0.27873933      0.78812095       15.003042       2824.2208       3.3400704        1.0344011         2.3056693       2848.0626                 38.835397                 396.87042                           2380.1563                      8.3586605               0.56073281              4.3035271                         10.138782       8.8387588
              2       1426.9431       3.0408554      0.96161786       69.948075     0.022068722      0.11431105     0.055253011           0.51115749    0.0003148033       0.62150432      0.99950198      0.99906964      0.99848054       60.149577      0.47029052        4.413521      0.30970809        8.705886       8.6447077        14.111683       80.498446       260.85191       61.252573       51.559627       110.44989     0.060470138        0.12127518        0.44717198      0.24644206        0.80883517       2.1050064   2.0923133e-09       148.86901       0.8176254      0.27873933      0.78812095       15.003042       2823.2175       3.4134363        1.1441529         2.2692834       2847.0593                 38.835397                 396.87042                            2379.153                      8.3586605               0.56073281              4.3035271                         10.138782       8.8387588
              1        1428.425       3.0408554      0.96161786       69.948075     0.022068722      0.11431105     0.055253011           0.51115749    0.0003148033       0.62150432      0.99950198       0.9990413      0.99832945       60.404686      0.46758347         4.55591      0.22999926       8.7352495       8.9945033         14.07076       80.516454       259.19739       62.611048        51.46293       109.26346     0.049007944        0.13681158        0.45328928      0.30351974        0.80789211       2.1240996   2.0923133e-09       148.86901       0.8176254      0.27873933      0.78812095       15.003042       2824.2375       4.3853421        2.1498714         2.2354707       2848.0793                 38.835397                 396.87042                            2380.173                      8.3586605               0.56073281              4.3035271                         10.138782       8.8387588
              1       1428.3371       3.0408554      0.96161786       69.948075     0.022068722      0.11431105     0.055253011           0.51115749    0.0003148033       0.62150432      0.99950198      0.99903706      0.99831961       60.232308      0.47230932       4.6356103      0.21787756       8.6068311       8.9895403        14.171813       80.247781       258.15365         62.8622       51.565304       109.36465     0.042356291        0.13562944        0.45574241      0.29844965        0.80549699        2.125527   2.0923133e-09       148.86901       0.8176254      0.27873933      0.78812095       15.003042       2823.7449        4.543751        2.3329352         2.2108158       2847.5867                 38.835397                 396.87042                           2379.6804                      8.3586605               0.56073281              4.3035271                         10.138782       8.8387588
              1       1428.1509       3.0408554      0.96161786       69.948075     0.022068722      0.11431105     0.055253011           0.51115749    0.0003148033       0.62150432      0.99950198      0.99903213      0.99833262        60.33701      0.47653746       4.6368489      0.19790669       8.5547712       9.0768396        14.366165       80.324142       258.74831        62.72677       51.736572       109.41131      0.03970661        0.14153913        0.45165621      0.29667821         0.8034273       2.1235234   2.0923133e-09       148.86901       0.8176254      0.27873933      0.78812095       15.003042       2823.2175       4.6212219        2.4066601         2.2145618       2847.0593                 38.835397                 396.87042                            2379.153                      8.3586605               0.56073281              4.3035271                         10.138782       8.8387588
              1       1427.9175       3.0408554      0.96161786       69.948075     0.022068722      0.11431105     0.055253011           0.51115749    0.0003148033       0.62150432       0.9998549      0.99903213      0.99833262        60.33701      0.47653746       4.6368489      0.19790669       8.5547712       9.0768396        14.366165       80.324142       258.74831        62.72677       51.736572       109.41131      0.03970661        0.14153913        0.45165621      0.29667821         0.8034273       2.1235234   2.0923133e-09       148.86901       0.8176254      0.27873933      0.78812095       15.003042        2822.787       4.6030646        2.3885028         2.2145618       2846.6288                 38.718584                 396.86241                           2378.8213                      8.3847164               0.56073281              4.3035271                         10.138782       8.8387588
              1       1430.5108       3.0408554      0.96161786       69.948075     0.022068722      0.11431105     0.055253011           0.51115749    0.0003148033       0.62150432        0.999039      0.99872232      0.99824008       60.684363      0.51974683        4.514602      0.33563437       9.2172406       9.4777316        14.424221       79.344814       260.20266         62.9857       51.486085       108.54268     0.050272277        0.15340899         0.5468293      0.20199941        0.75009351       2.1933711   2.0923133e-09       148.86901       0.8176254      0.27873933      0.78812095       15.003042        2828.721       4.2293832        2.0025274         2.2268559       2852.5628                 38.989186                  396.8804                           2384.5162                      8.3352601               0.56073281              4.3035271                         10.138782       8.8387588
              4       1431.0824       3.0408554      0.96161786       69.948075     0.022068722      0.11431105     0.055253011           0.51115749    0.0003148033       0.62150432        0.999039        0.998583      0.99807343       60.678931      0.55989026       4.3803532      0.57551457       9.1465121       9.5432035        15.301243       79.594347       253.94944       62.904616       51.776063       107.93168        0.054713        0.14139476        0.58118669      0.18946541        0.80240825       2.2642999   2.0923133e-09       148.86901       0.8176254      0.27873933      0.78812095       15.003042       2827.8813       5.2209007        2.9994193         2.2214814       2851.7231                 38.989186                  396.8804                           2383.6765                      8.3352601               0.56073281              4.3035271                         10.138782       8.8387588
              3       1431.1568       3.0408554      0.96161786       69.916516     0.022068722      0.11431105     0.055253011           0.51115749    0.0003148033       0.62150432        0.999039        0.998583      0.99807343       60.678931      0.55989026       4.3803532      0.57551457       9.1465121       9.5432035        15.301243       79.594347       253.94944       62.904616       51.776063       107.93168        0.054713        0.14139476        0.58118669      0.18946541        0.80240825       2.2642999   2.0923133e-09       148.86901       0.8175516      0.27899102      0.78840552       14.747117       2828.1045       5.2209007        2.9994193         2.2214814       2851.8718                 38.972416                 396.88482                           2383.9217                         8.3256               0.54611704              4.2682488                         9.9327508       9.0201127
              1       1431.1606       3.0408554      0.96161786       69.916516     0.022068722      0.11431105     0.055253011           0.51115749    0.0003148033       0.62150432        0.999039      0.99858286      0.99807312       60.678966      0.55984878       4.3802121      0.57502274       9.1482073       9.5444157        15.301639       79.595115       253.93338       62.906913       51.773881       107.93136     0.054626401        0.14138953        0.58114452      0.18957845        0.80251594       2.2641744   2.0923133e-09       148.86901       0.8175516      0.27899102      0.78840552       14.747117       2828.1033       5.2253421        3.0037079         2.2216342       2851.8705                 38.972416                 396.88482                           2383.9204                         8.3256               0.54611704              4.2682488                         9.9327508       9.0201127
              4       1430.5568       3.0408554      0.96161786       69.916516     0.022068722      0.11431105     0.055253011           0.51115749    0.0003148033       0.62150432        0.999039      0.99868642       0.9979497       60.902215       0.5801724       4.3924385      0.62504853       9.1799488       9.2986219        15.510049       79.200121       253.23126       62.454961       51.232454       108.53365     0.036119038        0.11114069        0.58835311      0.20556817        0.76497134       2.2045584   2.0923133e-09       148.86901       0.8175516      0.27899102      0.78840552       14.747117       2826.3084       5.5190205        3.3119367         2.2070838       2850.0756                 38.972416                 396.88482                           2382.1256                         8.3256               0.54611704              4.2682488                         9.9327508       9.0201127
              1       1431.0188       3.0408554      0.96161786       69.916516     0.022068722      0.11431105     0.055253011           0.51115749    0.0003148033       0.62150432        0.999039      0.99870218      0.99787694       60.329246      0.57295716       4.5282824      0.73090405       9.1875745       9.9346105         15.42047       79.249452       255.87665        61.41172        50.55635       109.16617     0.036685865        0.07875411         0.5407474      0.24661997        0.76785853        2.223555   2.0923133e-09       148.86901       0.8175516      0.27899102      0.78840552       14.747117       2826.8412       5.7145867        3.5680303         2.1465564       2850.6084                 38.972416                 396.88482                           2382.6584                         8.3256               0.54611704              4.2682488                         9.9327508       9.0201127
              1       1429.3482       3.0408554      0.96161786       69.916516     0.022068722      0.11431105     0.055253011           0.51115749    0.0003148033       0.62150432        0.999039      0.99859372      0.99804975       60.071912      0.52796117       4.5793822      0.59213433       9.2926504       10.348818        15.248812       79.152088       248.30574       62.450158       50.473393        109.6409     0.070635271       0.087921613        0.53944271       0.2006326        0.74381139       2.2081963   2.0923133e-09       148.86901       0.8175516      0.27899102      0.78840552       14.747117         2827.22       3.8546135        1.6982238         2.1563897       2850.9873                 38.972416                 396.88482                           2383.0372                         8.3256               0.54611704              4.2682488                         9.9327508       9.0201127
              1       1430.2224       3.0408554      0.96161786       69.916516     0.022068722      0.11431105     0.055253011           0.51115749    0.0003148033       0.62150432        0.999039      0.99848435       0.9980307        59.73961      0.53357808       4.6592869       0.4157956       9.1282725       10.093762        15.088661         78.9738       247.25353       62.615752       50.761046       109.55274     0.062873183       0.076309625        0.52457534      0.20046595        0.74265192       2.2090991   2.0923133e-09       148.86901       0.8175516      0.27899102      0.78840552       14.747117       2827.0251       4.8262778        2.6612399         2.1650378       2850.7923                 38.972416                 396.88482                           2382.8423                         8.3256               0.54611704              4.2682488                         9.9327508       9.0201127
              1       1430.6454       3.0408554      0.96161786       69.916516     0.022068722      0.11431105     0.055253011           0.51115749    0.0003148033       0.62150432        1.000422      0.99856377      0.99790315       59.335445      0.52868305       4.7064701      0.42494177       8.7424273       10.178093        15.917533       79.266623       242.82098       62.178297       50.707788       109.32421       0.0611367       0.081831008        0.55472588      0.18047256        0.75960722       2.2009661   2.0923133e-09       148.86901       0.8175516      0.27899102      0.78840552       14.747117       2828.1382       4.6926521        2.5425392         2.1501129       2851.9054                 38.515054                 396.83948                           2384.3625                      8.4211222               0.54611704              4.2682488                         9.9327508       9.0201127
              1       1430.5542       3.0408554      0.96161786       69.916516     0.022068722      0.11431105     0.055253011           0.51115749    0.0003148033       0.62150432        1.000422      0.99853133      0.99785749        59.37394       0.5285289       4.6942799      0.40594254       8.7582999        10.17289        15.944696       79.241442       242.59752       62.152489       50.681711       109.48259     0.062764256       0.081356037        0.55684553      0.18121432        0.75628872       2.2012727   2.0923133e-09       148.86901       0.8175516      0.27899102      0.78840552       14.747117       2827.7915       4.7749001        2.6180963         2.1568038       2851.5587                 38.515054                 396.83948                           2384.0158                      8.4211222               0.54611704              4.2682488                         9.9327508       9.0201127
              1       1429.3765       3.0408554      0.96161786       69.916516     0.022068722      0.11431105     0.055253011           0.51115749    0.0003148033       0.62150432        1.000422       0.9983236      0.99770849       59.894163      0.42541915       5.0303807       1.3032063       8.1805364       10.091037        15.501866       80.381445       238.04443       59.908737       52.139495       107.47371     0.061770538        0.14931402        0.52151345       0.2541149        0.65074565       1.9641064   2.0923133e-09       148.86901       0.8175516      0.27899102      0.78840552       14.747117       2826.3775       4.3040833        2.2853126         2.0187707       2850.1448                 38.515054                 396.83948                           2382.6019                      8.4211222               0.54611704              4.2682488                         9.9327508       9.0201127
              2       1429.0998       3.0408554      0.96161786       69.916516     0.022068722      0.11431105     0.055253011           0.51115749    0.0003148033       0.62150432        1.000422      0.99836061      0.99778978       59.850522      0.43652655       4.9864348       1.2458128       8.1339084        10.11715        14.918185       80.443757       242.27256       61.627825       51.022741       106.63783     0.045439858        0.15137928        0.52871675      0.29901278        0.62524015       1.8892507   2.0923133e-09       148.86901       0.8175516      0.27899102      0.78840552       14.747117       2822.9469        5.742704        3.7209245         2.0217795       2846.7142                 38.515054                 396.83948                           2379.1713                      8.4211222               0.54611704              4.2682488                         9.9327508       9.0201127
              1        1428.785       3.0408554      0.96161786       69.916516     0.022068722      0.11431105     0.055253011           0.51115749    0.0003148033       0.62150432        1.000422      0.99820013      0.99787019       59.857378       0.4096946       4.7760316       1.7502964       8.1052484       10.468017          14.1557       80.870887       248.21102       61.114201       50.917062       106.63354     0.058396625       0.099616455        0.48385644      0.25782776        0.63853815       1.8464569   2.0923133e-09       148.86901       0.8175516      0.27899102      0.78840552       14.747117       2823.6379       5.0824397        3.0642403         2.0181995       2847.4052                 38.515054                 396.83948                           2379.8623                      8.4211222               0.54611704              4.2682488                         9.9327508       9.0201127
              1       1428.7458       3.0408554      0.96161786       69.916516     0.022068722      0.11431105     0.055253011           0.51115749    0.0003148033       0.62150432        1.000422      0.99828282      0.99799988       60.071918      0.43761471       4.8753663       2.0227851       7.9436228       10.284856        14.127652       80.402614       245.30973       60.821565       50.695747       106.29255     0.036106273        0.10520019         0.4508291      0.23827098        0.62617864       1.8573694   2.0923133e-09       148.86901       0.8175516      0.27899102      0.78840552       14.747117       2822.5267        5.598812        3.5754518         2.0233602       2846.2939                 38.515054                 396.83948                            2378.751                      8.4211222               0.54611704              4.2682488                         9.9327508       9.0201127
              2       1426.9348       3.0408554      0.96161786       69.916516     0.022068722      0.11431105     0.055253011           0.51115749    0.0003148033       0.62150432        1.000422      0.99841312      0.99815702       60.111806      0.42033762        4.956167       2.4236439       7.5322784       10.506912        14.419345       80.660875       249.72071       59.670654       50.190103       105.58985     0.073746566        0.14805052        0.48888434      0.25429498        0.66498224       1.8563331   2.0923133e-09       148.86901       0.8175516      0.27899102      0.78840552       14.747117       2823.2503        3.425996         1.367974          2.058022       2847.0175                 38.515054                 396.83948                           2379.4747                      8.4211222               0.54611704              4.2682488                         9.9327508       9.0201127
              2       1427.0719       3.0408554      0.96161786       69.916516     0.022068722      0.11431105     0.055253011           0.51115749    0.0003148033       0.62150432       1.0003743      0.99840556      0.99816685       60.145453      0.41553215       4.9053144       2.4394791        7.544182       10.501716        14.366857       80.699846       249.05204        59.68246       50.092217       105.60783      0.07349373        0.14776415        0.49010397      0.25434017        0.66396043       1.8446034   2.0923133e-09       148.86901       0.8175516      0.27899102      0.78840552       14.747117       2823.4457       3.4654182        1.4133721         2.0520462       2847.2129                 38.530726                 396.83948                           2379.6595                      8.4160176               0.54611704              4.2682488                         9.9327508       9.0201127
              1       1427.4731       3.0408554      0.96161786       69.916516     0.022068722      0.11431105     0.055253011           0.51115749    0.0003148033       0.62150432       1.0003743      0.99850092      0.99814796       60.130616      0.40761086       4.8239355       2.2487047        7.595632       10.388752        14.818311       80.723292       247.22441       59.233078       49.862712       105.48104     0.061961621          0.152911        0.49529508      0.24205235          0.670019       1.8725591   2.0923133e-09       148.86901       0.8175516      0.27899102      0.78840552       14.747117       2824.3401       3.4194865        1.3898196          2.029667       2848.1073                 38.530726                 396.83948                           2380.5538                      8.4160176               0.54611704              4.2682488                         9.9327508       9.0201127
              1       1428.1026       3.0408554      0.96161786       69.916516     0.022068722      0.11431105     0.055253011           0.51115749    0.0003148033       0.62150432       1.0003743      0.99855202      0.99800432       60.282132      0.40156518       4.6863857       2.4469853       7.8780241       10.076782        14.476999       80.487961       250.59002       59.591557       50.315108       104.96103     0.079288484        0.16618696        0.52556904      0.24362038        0.69853385       1.9153773   2.0923133e-09       148.86901       0.8175516      0.27899102      0.78840552       14.747117       2826.1514       3.1433173        1.1147551         2.0285622       2849.9186                 38.530726                 396.83948                           2382.3652                      8.4160176               0.54611704              4.2682488                         9.9327508       9.0201127
              2       1428.4121       3.0408554      0.96161786       69.916516     0.022068722      0.11431105     0.055253011           0.51115749    0.0003148033       0.62150432       1.0003743      0.99846608       0.9982036       60.101091      0.49502754       4.3535049       1.9423408       7.7874462       9.7752031        14.807647       80.485845       249.05398       59.179209       50.984967       106.81711      0.12817342        0.18858055        0.56717543      0.29309761         0.7263656       1.8663262   2.0923133e-09       148.86901       0.8175516      0.27899102      0.78840552       14.747117       2823.6437       4.7066451        2.6696207         2.0370244       2847.4109                 38.530726                 396.83948                           2379.8575                      8.4160176               0.54611704              4.2682488                         9.9327508       9.0201127
              1       1428.3753       3.0408554      0.96161786       69.916516     0.022068722      0.11431105     0.055253011           0.51115749    0.0003148033       0.62150432       1.0003743       0.9985143      0.99819471       60.132013      0.50256513       4.4378746       1.8666524       7.8959005       9.7626309        14.977948       80.250181       247.93011       59.358584       51.102876       106.65452      0.13985506        0.18328631         0.5488496      0.30238858         0.7161273       1.8759004   2.0923133e-09       148.86901       0.8175516      0.27899102      0.78840552       14.747117       2824.5887       4.1973897        2.1640711         2.0333186       2848.3559                 38.530726                 396.83948                           2380.8025                      8.4160176               0.54611704              4.2682488                         9.9327508       9.0201127
              1        1428.308       3.0408554      0.96161786       69.916516     0.022068722      0.11431105     0.055253011           0.51115749    0.0003148033       0.62150432       1.0003743      0.99852628       0.9982048       60.156522      0.50145349       4.4357732       1.8773015       7.8897111       9.7644693        14.965869       80.276533       248.21087        59.39257       51.119687       106.63722      0.13900399        0.18567315         0.5466638      0.30165863        0.71608798         1.88082   2.0923133e-09       148.86901       0.8175516      0.27899102      0.78840552       14.747117       2824.4119       4.2184206        2.1855304         2.0328902       2848.1791                 38.530726                 396.83948                           2380.6257                      8.4160176               0.54611704              4.2682488                         9.9327508       9.0201127
              2       1429.0821       3.0408554      0.96161786       69.916516     0.022068722      0.11431105     0.055253011           0.51115749    0.0003148033       0.62150432       1.0003743      0.99848258      0.99821463        60.33402      0.47323417       4.3868235       1.9506345       7.7694917       10.093035        15.111423       80.471597        246.1881       59.421098       51.092804       106.90037      0.15422143        0.17269646        0.53299806      0.31657237        0.71528623       1.8630239   2.0923133e-09       148.86901       0.8175516      0.27899102      0.78840552       14.747117       2826.1361       4.1304185        2.0972357         2.0331828       2849.9033                 38.530726                 396.83948                           2382.3499                      8.4160176               0.54611704              4.2682488                         9.9327508       9.0201127
              1       1427.8066       3.0408554      0.96161786       69.916516     0.022068722      0.11431105     0.055253011           0.51115749    0.0003148033       0.62150432       1.0003743      0.99849335      0.99825144       60.151707      0.50971931        4.456071       2.1078742       7.5535393       10.339184        15.167503       80.485696       247.93874        59.67731       51.189216       106.97554      0.14306825        0.14752882        0.51062772      0.29711464        0.73935084       1.8490578   2.0923133e-09       148.86901       0.8175516      0.27899102      0.78840552       14.747117       2825.8786       2.9837229       0.96234648         2.0213764       2849.6458                 38.530726                 396.83948                           2382.0924                      8.4160176               0.54611704              4.2682488                         9.9327508       9.0201127
              4       1428.0218       3.0408554      0.96161786       69.916516     0.022068722      0.11431105     0.055253011           0.51115749    0.0003148033       0.62150432       1.0003743      0.99813565      0.99824919       59.852624      0.51495997       4.5173996        2.190602       7.7847572       10.313947        14.724406       80.006664       252.05657       59.852565       51.071829       106.95033     0.093401327        0.14145739         0.5560104       0.2553391        0.77775216       1.9112942   2.0923133e-09       148.86901       0.8175516      0.27899102      0.78840552       14.747117       2822.6785        4.798888        2.7809676         2.0179204       2846.4458                 38.530726                 396.83948                           2378.8923                      8.4160176               0.54611704              4.2682488                         9.9327508       9.0201127
              1       1428.0065       3.0408554      0.96161786       69.916516     0.022068722      0.11431105     0.055253011           0.51115749    0.0003148033       0.62150432       1.0003743      0.99805762      0.99821121       59.971213      0.52563865        4.525854       2.2368471       7.6809202       10.179836        14.869452       80.108657        254.4343       59.539204       51.175804       106.88353      0.10241284        0.14481861        0.54820446       0.2512197        0.77704029       1.9151038   2.0923133e-09       148.86901       0.8175516      0.27899102      0.78840552       14.747117       2822.5103       4.8677608        2.8501836         2.0175772       2846.2776                 38.530726                 396.83948                           2378.7241                      8.4160176               0.54611704              4.2682488                         9.9327508       9.0201127
              3       1428.0051       3.0408554      0.96161786       69.916516     0.022068722      0.11431105     0.055253011           0.51115749    0.0003148033       0.62150432       1.0003268      0.99805762      0.99821121       59.971213      0.52563865        4.525854       2.2368471       7.6809202       10.179836        14.869452       80.108657        254.4343       59.539204       51.175804       106.88353      0.10241284        0.14481861        0.54820446       0.2512197        0.77704029       1.9151038   2.0923133e-09       148.86901       0.8175516      0.27899102      0.78840552       14.747117       2822.5128       4.8650932         2.847516         2.0175772       2846.2801                 38.546364                 396.82972                           2378.7257                      8.4110547               0.54611704              4.2682488                         9.9327508       9.0201127
              1       1427.4874       3.0408554      0.96161786       69.916516     0.022068722      0.11431105     0.055253011           0.51115749    0.0003148033       0.62150432       1.0003268      0.99815225       0.9982105       60.123623      0.52886912       4.4877571       2.2631238       7.6430737       10.240713        14.964613       80.129694       252.76618       59.617189        51.11086       107.01032     0.093054339        0.15029899        0.53734995      0.26058358         0.7751826       1.9289468   2.0923133e-09       148.86901       0.8175516      0.27899102      0.78840552       14.747117       2821.9001       4.6537028        2.6359748         2.0177279       2845.6673                 38.546364                 396.82972                            2378.113                      8.4110547               0.54611704              4.2682488                         9.9327508       9.0201127
              7       1427.3461       3.0408554      0.96161786       69.916516     0.022068722      0.11431105     0.055253011           0.51115749    0.0003148033       0.62150432       1.0003268      0.99815043      0.99813355       60.314935      0.52104617       4.4181931        2.387558        7.630715       10.040127        14.887056        80.17059       254.75063       59.899475       51.252609       107.22197     0.098312753        0.14177017        0.53756384      0.25468009        0.78150803       1.9592177   2.0923133e-09       148.86901       0.8175516      0.27899102      0.78840552       14.747117       2821.9664        4.479241        2.4615859         2.0176551       2845.7337                 38.546364                 396.82972                           2378.1793                      8.4110547               0.54611704              4.2682488                         9.9327508       9.0201127
              1       1429.3382       3.0408554      0.96161786       69.916516     0.022068722      0.11431105     0.055253011           0.51115749    0.0003148033       0.62150432       1.0003268      0.99820182      0.99795828       60.662087      0.51638422        4.749238       2.4706359       7.6219379       9.8763842        14.845578       81.232111       270.27062       59.113554       52.251785       106.80163     0.071985613        0.15224969        0.57360455      0.29583702        0.78069435        1.970658   2.0923133e-09       148.86901       0.8175516      0.27899102      0.78840552       14.747117       2822.7967        6.056262        4.0206981         2.0355639       2846.5639                 38.546364                 396.82972                           2379.0096                      8.4110547               0.54611704              4.2682488                         9.9327508       9.0201127
              2       1428.9378       3.0408554      0.96161786       69.916516     0.022068722      0.11431105     0.055253011           0.51115749    0.0003148033       0.62150432       1.0008009      0.99820182      0.99795828       60.662087      0.51638422        4.749238       2.4706359       7.6219379       9.8763842        14.845578       81.232111       270.27062       59.113554       52.251785       106.80163     0.071985613        0.15224969        0.57360455      0.29583702        0.78069435        1.970658   2.0923133e-09       148.86901       0.8175516      0.27899102      0.78840552       14.747117       2821.9103       6.0990328        4.0634689         2.0355639       2845.6775                 38.390811                 396.85217                           2378.2011                        8.46625               0.54611704              4.2682488                         9.9327508       9.0201127
              1       1429.0099       3.0408554      0.96161786       69.916516     0.022068722      0.11431105     0.055253011           0.51115749    0.0003148033       0.62150432       1.0008009      0.99819666      0.99794267       60.662434      0.51888101       4.7410413       2.4898824       7.6308936       9.8776721         14.83136       81.174908       270.42954       59.075608        52.15097        106.8453     0.070989181        0.14830912        0.57746146      0.29463988        0.78195392       1.9699013   2.0923133e-09       148.86901       0.8175516      0.27899102      0.78840552       14.747117       2821.9623       6.1451679         4.109214         2.0359539       2845.7295                 38.390811                 396.85217                           2378.2531                        8.46625               0.54611704              4.2682488                         9.9327508       9.0201127
              1       1428.8795       3.0408554      0.96161786       69.916516     0.022068722      0.11431105     0.055253011           0.51115749    0.0003148033       0.62150432       1.0008009      0.99819481      0.99793581       60.576542      0.51655019       4.7282192       2.3984496       7.6429057       9.8711244        14.829527       81.216079       269.73926       58.968196       52.147072       106.94506     0.075458455        0.13859235        0.57307612       0.2974469        0.78168146       1.9756234   2.0923133e-09       148.86901       0.8175516      0.27899102      0.78840552       14.747117       2822.2234       5.8841826        3.8546915         2.0294911       2845.9906                 38.390811                 396.85217                           2378.5142                        8.46625               0.54611704              4.2682488                         9.9327508       9.0201127
              1       1428.7551       3.0408554      0.96161786       69.916516     0.022068722      0.11431105     0.055253011           0.51115749    0.0003148033       0.62150432       1.0008009      0.99823474      0.99793686       60.670071      0.50912089       4.7065622       2.4103226        7.678285       9.7695813        14.890084        81.25082       270.77386       58.335662        52.05844       107.28466     0.076654134        0.14622514         0.5634206      0.28931932        0.78487439       1.9582733   2.0923133e-09       148.86901       0.8175516      0.27899102      0.78840552       14.747117       2822.6803       5.5313858        3.5030392         2.0283466       2846.4475                 38.390811                 396.85217                           2378.9711                        8.46625               0.54611704              4.2682488                         9.9327508       9.0201127
              2       1429.1948       3.0408554      0.96161786       69.916516     0.022068722      0.11431105     0.055253011           0.51115749    0.0003148033       0.62150432       1.0008009      0.99828615           0.998       60.625075      0.50909142       4.7639697       2.4766951       7.8452974       9.7597757        14.433951       81.114496       269.55694       58.350322       52.454114       107.66746     0.051691741        0.13452135        0.56203891       0.2866166        0.78169914       1.9435126   2.0923133e-09       148.86901       0.8175516      0.27899102      0.78840552       14.747117        2822.438       6.0922156        4.0547283         2.0374873       2846.2053                 38.390811                 396.85217                           2378.7288                        8.46625               0.54611704              4.2682488                         9.9327508       9.0201127
              1       1429.2913       3.0408554      0.96161786       69.916516     0.022068722      0.11431105     0.055253011           0.51115749    0.0003148033       0.62150432       1.0005935      0.99828615           0.998       60.625075      0.50909142       4.7639697       2.4766951       7.8452974       9.7597757        14.433951       81.114496       269.55694       58.350322       52.454114       107.66746     0.051691741        0.13452135        0.56203891       0.2866166        0.78169914       1.9435126   2.0923133e-09       148.86901       0.8175516      0.27899102      0.78840552       14.747117       2822.6773       6.0690776        4.0315902         2.0374873       2846.4445                 38.458776                 396.85247                           2378.9255                      8.4405372               0.54611704              4.2682488                         9.9327508       9.0201127
              1       1428.9883       3.0408554      0.96161786       69.916516     0.022068722      0.11431105     0.055253011           0.51115749    0.0003148033       0.62150432       1.0005935      0.99832131      0.99803952       60.435108      0.50247172       4.8410072       2.2702089        7.762461       10.036052        14.220179       80.774682       270.09471       58.131574       52.326047       107.16101     0.048380767        0.13649303        0.58375148      0.28572291        0.76888874       1.9470263   2.0923133e-09       148.86901       0.8175516      0.27899102      0.78840552       14.747117       2821.7252       6.2420972        4.2097646         2.0323325       2845.4925                 38.458776                 396.85247                           2377.9734                      8.4405372               0.54611704              4.2682488                         9.9327508       9.0201127
              1       1428.7401       3.0408554      0.96161786       69.916516     0.022068722      0.11431105     0.055253011           0.51115749    0.0003148033       0.62150432       1.0005935      0.99834965       0.9980777       60.200423      0.51158495       4.8899671       2.2232772       7.4148614       9.5621336        14.119732       80.502791       268.12807       58.143479       52.183046       107.23513     0.058658077         0.1416823        0.59692346       0.2856103        0.77548062       1.9694631   2.0923133e-09       148.86901       0.8175516      0.27899102      0.78840552       14.747117       2821.2934        6.209801        4.1756138         2.0341872       2845.0607                 38.458776                 396.85247                           2377.5417                      8.4405372               0.54611704              4.2682488                         9.9327508       9.0201127
              1       1429.5339       3.0408554      0.96161786       69.916516     0.022068722      0.11431105     0.055253011           0.51115749    0.0003148033       0.62150432       1.0005935      0.99843376      0.99831408       60.463366      0.52717278        5.107338       2.3133711       7.7357552       9.3913464        14.482992       80.040199       277.84411       58.473179       52.404562       107.19256     0.097138878        0.12318425        0.60101612      0.31499312         0.7475401       2.0239642   2.0923133e-09       148.86901       0.8175516      0.27899102      0.78840552       14.747117        2825.014       5.1433053        3.0718408         2.0714645       2848.7812                 38.458776                 396.85247                           2381.2622                      8.4405372               0.54611704              4.2682488                         9.9327508       9.0201127
              1       1430.0648       3.0408554      0.96161786       69.916516     0.022068722      0.11431105     0.055253011           0.51115749    0.0003148033       0.62150432       1.0005935      0.99847449      0.99828802       60.430169      0.54909241       5.2810489       2.4362128       7.6750728       9.5372069        14.568968       80.128748       281.87731       59.096721       53.065343       107.36927     0.080959002        0.12104935        0.59588114       0.3216206        0.75759359       2.0241938   2.0923133e-09       148.86901       0.8175516      0.27899102      0.78840552       14.747117        2825.332       5.5151866        3.3909306          2.124256       2849.0993                 38.458776                 396.85247                           2381.5802                      8.4405372               0.54611704              4.2682488                         9.9327508       9.0201127
              1       1430.0563       3.0408554      0.96161786       69.916516     0.022068722      0.11431105     0.055253011           0.51115749    0.0003148033       0.62150432       1.0007844      0.99847449      0.99828802       60.430169      0.54909241       5.2810489       2.4362128       7.6750728       9.5372069        14.568968       80.128748       281.87731       59.096721       53.065343       107.36927     0.080959002        0.12104935        0.59588114       0.3216206        0.75759359       2.0241938   2.0923133e-09       148.86901       0.8175516      0.27899102      0.78840552       14.747117       2825.2729       5.5362336        3.4119775          2.124256       2849.0401                 38.396209                 396.85217                           2381.5604                      8.4641172               0.54611704              4.2682488                         9.9327508       9.0201127
              1       1430.0849       3.0408554      0.96161786       69.916516     0.022068722      0.11431105     0.055253011           0.51115749    0.0003148033       0.62150432       1.0007857      0.99843785       0.9982931       60.378187      0.54857206       5.3210332       2.4716886        7.721126       9.5099737        14.537983       79.968386       281.58336       59.189544        53.04232       107.44497     0.085091286        0.12595255        0.59918935      0.32012794        0.76160205       2.0269995   2.0923133e-09       148.86901       0.8175516      0.27899102      0.78840552       14.747117       2825.1723       5.6151217        3.4750019         2.1401197       2848.9395                 38.395773                 396.85217                           2381.4601                       8.464289               0.54611704              4.2682488                         9.9327508       9.0201127
              1       1429.9302       3.0408554      0.96161786       69.916516     0.022068722      0.11431105     0.055253011           0.51115749    0.0003148033       0.62150432       1.0004534      0.99839904      0.99835233       60.070817      0.54399269        5.290834       2.6573402       7.6434045       9.4433668        14.166429        80.23532       279.69421       58.676987       53.104233       107.92854     0.050983552        0.13349565        0.58009416      0.32025079        0.75643527       2.0634985   2.0923133e-09       148.86901       0.8175516      0.27899102      0.78840552       14.747117       2822.6455       6.7238669        4.5600343         2.1638326       2846.4127                 38.504733                  396.8414                           2378.8748                      8.4245557               0.54611704              4.2682488                         9.9327508       9.0201127
              2       1427.8605       3.0408554      0.96161786       69.916516     0.022068722      0.11431105     0.055253011           0.51115749    0.0003148033       0.62150432       1.0004534      0.99929841      0.99861961       59.449883      0.48551012       5.6524084       3.4575183       7.7017329       8.7156366        14.395159       80.038755       282.99587        61.02731       52.015032       108.26119     0.094304273        0.13245458        0.50194603      0.17230601        0.67454807        1.966052   2.0923133e-09       148.86901       0.8175516      0.27899102      0.78840552       14.747117       2828.9209       1.5164223       -1.0015859         2.5180082       2852.6881                 38.504733                  396.8414                           2385.1502                      8.4245557               0.54611704              4.2682488                         9.9327508       9.0201127
              1       1427.9905       3.0408554      0.96161786       69.916516     0.022068722      0.11431105     0.055253011           0.51115749    0.0003148033       0.62150432       1.0004534       0.9992934      0.99859947       59.449166      0.49120095       5.6370466       3.3380907         7.65703       8.7341647        14.308062       79.894618       285.17588       61.068073        51.78837       108.48109     0.093203985        0.13555109        0.49186152      0.16947981        0.67750134        1.965624   2.0923133e-09       148.86901       0.8175516      0.27899102      0.78840552       14.747117       2829.2742       1.4698138       -1.0013224         2.4711361       2853.0414                 38.504733                  396.8414                           2385.5035                      8.4245557               0.54611704              4.2682488                         9.9327508       9.0201127
              1       1428.0088       3.0409035      0.96161542       69.916516     0.022070627      0.11430405     0.055255307           0.51080823   0.00031489989       0.62161226       1.0004534       0.9992934      0.99859947       59.449166      0.49120095       5.6370466       3.3380907         7.65703       8.7341647        14.308062       79.894618       285.17588       61.068073        51.78837       108.48109     0.093203985        0.13555109        0.49186152      0.16947981        0.67750134        1.965624   2.0924139e-09       148.86862      0.81751934      0.27898062      0.78835971       14.742928       2829.3149       1.4698138       -1.0013224         2.4711361       2853.0779                 38.510877                 396.83948                           2385.5466                      8.4179218               0.54598865              4.2678891                         9.9290502       9.0201127
              1       1427.1187       3.0409035      0.96161542       69.916516     0.022070627      0.11430405     0.055255307           0.51080823   0.00031489989       0.62161226       1.0004534      0.99903262      0.99858334       59.582924      0.51096858       5.3184954       3.6001379       7.5114862       8.9976446         14.21168       79.424515       274.86285       59.937685       51.598525       107.23866      0.11209348        0.10284308        0.51469823      0.22355031        0.65593505       1.9167055   2.0924139e-09       148.86862      0.81751934      0.27898062      0.78835971       14.742928       2826.6161       1.9291311      -0.46679162         2.3959227       2850.3792                 38.510877                 396.83948                           2382.8479                      8.4179218               0.54598865              4.2678891                         9.9290502       9.0201127
              1       1427.5412       3.0409035      0.96161542       69.916516     0.022070627      0.11430405     0.055255307           0.51080823   0.00031489989       0.62161226       1.0004534      0.99903449        0.998625       59.605473      0.49216028         5.36386       3.7094282       7.5415682       8.9973724        14.012986       79.284281       276.54199       59.510692       51.459081       107.61844      0.11524283        0.10569691        0.52343955      0.21052058        0.61439326        1.859359   2.0924139e-09       148.86862      0.81751934      0.27898062      0.78835971       14.742928       2826.7194       2.2999347      -0.15056355         2.4504982       2850.4825                 38.510877                 396.83948                           2382.9511                      8.4179218               0.54598865              4.2678891                         9.9290502       9.0201127
              1       1428.6128       3.0409035      0.96161542       69.916516     0.022070627      0.11430405     0.055255307           0.51080823   0.00031489989       0.62161226       1.0004534      0.99934846      0.99787333       59.701673       0.4391398       4.4778244       3.5921484       7.5596232       8.6112594        11.769011        78.01727       290.29044       58.300012       50.575885       108.34845     0.075970312         0.1323962        0.53834115      0.23490769        0.73139105       1.7198486   2.0924139e-09       148.86862      0.81751934      0.27898062      0.78835971       14.742928       2829.3375       2.0624988      -0.04278607         2.1052849       2853.1005                 38.510877                 396.83948                           2385.5692                      8.4179218               0.54598865              4.2678891                         9.9290502       9.0201127
              1       1428.4421       3.0409035      0.96161542       69.916516     0.022070627      0.11430405     0.055255307           0.51080823   0.00031489989       0.62161226       1.0004534       0.9993647      0.99787154       59.705836      0.43938157       4.4444177       3.6114577       7.5735211       8.6055367        11.805488       78.095637       290.94064       58.267855        50.81396       108.34212     0.081392122        0.13328628        0.53918091      0.23653527        0.72950903       1.7176148   2.0924139e-09       148.86862      0.81751934      0.27898062      0.78835971       14.742928       2829.3714       1.8749244      -0.22565807         2.1005825       2853.1344                 38.510877                 396.83948                           2385.6031                      8.4179218               0.54598865              4.2678891                         9.9290502       9.0201127
              1        1428.251       3.0409035      0.96161542       69.916516     0.022070627      0.11430405     0.055255307           0.51080823   0.00031489989       0.62161226       1.0004534      0.99935691       0.9978713       59.690083      0.43943304       4.4441378       3.6010705       7.6133636       8.6184129        11.801888       78.116413       291.04745       58.056997       50.787643       108.37625     0.082611427        0.13618902        0.53178275      0.23878177        0.72887824        1.722655   2.0924139e-09       148.86862      0.81751934      0.27898062      0.78835971       14.742928       2829.1684       1.7852967      -0.31382055         2.0991172       2852.9314                 38.510877                 396.83948                           2385.4001                      8.4179218               0.54598865              4.2678891                         9.9290502       9.0201127
              5       1428.3581       3.0409035      0.96161542       69.916516     0.022070627      0.11430405     0.055255307           0.51080823   0.00031489989       0.62161226       1.0004534      0.99936483      0.99795338       59.702695      0.43728382       4.4459532       3.5812085       7.5383562       8.5961127        11.652025       77.906052        291.2991       58.122203       50.774891       108.19216     0.077730094        0.14755753        0.51891721      0.23984491        0.72653829       1.7169896   2.0924139e-09       148.86862      0.81751934      0.27898062      0.78835971       14.742928       2829.0673       1.9429806      -0.15386958         2.0968502       2852.8303                 38.510877                 396.83948                            2385.299                      8.4179218               0.54598865              4.2678891                         9.9290502       9.0201127
              1       1428.6184       3.0409035      0.96161542       69.916516     0.022070627      0.11430405     0.055255307           0.51080823   0.00031489989       0.62161226       1.0004534      0.99932299       0.9979496       59.792885      0.43653083       4.4338239       3.5524148       7.5739895        8.540844        11.464305       77.853487        293.0941       58.150712       50.771977       108.33831      0.08991044        0.14777039        0.52461677      0.23054548        0.73143655       1.7367831   2.0924139e-09       148.86862      0.81751934      0.27898062      0.78835971       14.742928       2829.9768       1.7484846      -0.34209614         2.0905807       2853.7399                 38.510877                 396.83948                           2386.2085                      8.4179218               0.54598865              4.2678891                         9.9290502       9.0201127
              1       1430.6221       3.0409035      0.96161542       69.916516     0.022070627      0.11430405     0.055255307           0.51080823   0.00031489989       0.62161226       1.0004534      0.99958818      0.99776598        61.37749      0.41491756       4.3167786       3.1974558       6.6051632       8.6273257        12.512467       79.690733        301.6383        57.42832       51.663057       106.54519      0.13500045        0.14130125        0.57405066      0.20789119        0.65069351       1.7464344   2.0924139e-09       148.86862      0.81751934      0.27898062      0.78835971       14.742928       2834.6311       1.4250205       -0.6128181         2.0378386       2858.3941                 38.510877                 396.83948                           2390.8628                      8.4179218               0.54598865              4.2678891                         9.9290502       9.0201127
              1       1431.9996       3.0409035      0.96161542       69.916516     0.022070627      0.11430405     0.055255307           0.51080823   0.00031489989       0.62161226       1.0004534      0.99963856      0.99769703       61.269744      0.39879646       4.3597995       3.1741915       6.7116659       8.7900176        12.234663       80.010168       297.87134       57.128744       51.655592       106.72287      0.15682294        0.14954936        0.57348905      0.19984602        0.63922159       1.7298744   2.0924139e-09       148.86862      0.81751934      0.27898062      0.78835971       14.742928       2836.8532       1.6915257      -0.34948798         2.0410137       2860.6162                 38.510877                 396.83948                           2393.0849                      8.4179218               0.54598865              4.2678891                         9.9290502       9.0201127
              2       1431.9984       3.0409035      0.96161542       69.916516     0.022070627      0.11430405     0.055255307           0.51080823   0.00031489989       0.62161226       1.0004534      0.99964315      0.99768271       61.264538      0.39740366       4.3607871       3.1838578       6.7147275       8.7858326         12.20677       80.000106       297.59282       57.172385       51.648388       106.64845      0.15513045        0.14945031        0.57664187      0.20252261        0.63923023        1.738691   2.0924139e-09       148.86862      0.81751934      0.27898062      0.78835971       14.742928       2836.8066       1.7135788      -0.32825402         2.0418328       2860.5696                 38.510877                 396.83948                           2393.0383                      8.4179218               0.54598865              4.2678891                         9.9290502       9.0201127
              3        1431.341       3.0409035      0.96161542       69.916516     0.022070627      0.11430405     0.055255307           0.51080823   0.00031489989       0.62161226       1.0004534      0.99966299      0.99776722       60.938102      0.37307142       4.4299094        2.728776       6.4937339       8.5414337        12.287597       80.442531       297.62776       57.494557       51.305302       106.55965      0.16309225        0.15538842         0.5834401      0.20919451        0.66402022       1.7393244   2.0924139e-09       148.86862      0.81751934      0.27898062      0.78835971       14.742928       2834.8665       2.0262888     0.0031682801         2.0231206       2858.6295                 38.510877                 396.83948                           2391.0982                      8.4179218               0.54598865              4.2678891                         9.9290502       9.0201127
              1       1430.5112       3.0409035      0.96161542       69.916516     0.022070627      0.11430405     0.055255307           0.51080823   0.00031489989       0.62161226       1.0004534      0.99959357      0.99757157       61.162215      0.41158891       4.6763305       3.1715948       6.3156403       8.5706754        13.011151       79.781423       294.20316       56.494282       50.815215       106.11328      0.14412098       0.096512151        0.50970362       0.2212352        0.67007645        1.904591   2.0924139e-09       148.86862      0.81751934      0.27898062      0.78835971       14.742928       2834.4121       1.4236895      -0.66781014         2.0914996       2858.1751                 38.510877                 396.83948                           2390.6438                      8.4179218               0.54598865              4.2678891                         9.9290502       9.0201127
              2       1430.7125       3.0409035      0.96161542       69.916516     0.022070627      0.11430405     0.055255307           0.51080823   0.00031489989       0.62161226       1.0004534      0.99957248      0.99754176       61.091428      0.40489521       4.6357507       3.1714147       6.3695899       8.6132477        13.066598       79.719006       293.80479       56.470704       50.688126       106.27664      0.14556742       0.094085267         0.5119089      0.22196514        0.66888436       1.9067692   2.0924139e-09       148.86862      0.81751934      0.27898062      0.78835971       14.742928       2834.6324       1.5148145      -0.56857431         2.0833888       2858.3954                 38.510877                 396.83948                           2390.8641                      8.4179218               0.54598865              4.2678891                         9.9290502       9.0201127
              2       1431.2864       3.0409035      0.96161542       69.916516     0.022070627      0.11430405     0.055255307           0.51080823   0.00031489989       0.62161226       1.0004534      0.99957204       0.9977897       60.204481      0.38056854       4.5474796       2.8295068       6.6410714       8.4748511        13.665873       81.461256       290.65853       56.832013       50.583097        106.4029      0.10882994       0.064687332         0.5369402      0.21065092        0.67076647       1.8845869   2.0924139e-09       148.86862      0.81751934      0.27898062      0.78835971       14.742928       2833.9622        2.423812       0.38589455         2.0379174       2857.7252                 38.510877                 396.83948                           2390.1939                      8.4179218               0.54598865              4.2678891                         9.9290502       9.0201127
              1       1429.7863       3.0409035      0.96161542       69.916516     0.022070627      0.11430405     0.055255307           0.51080823   0.00031489989       0.62161226       1.0004534      0.99963083       0.9978636        60.28486      0.38545357       4.4721939       2.8156735       6.7775378       8.3280724         13.70645       81.283162       291.34158       56.494491       50.536971       106.73656     0.098447771       0.077161404        0.52927726      0.20570744        0.68007303       1.8885269   2.0924139e-09       148.86862      0.81751934      0.27898062      0.78835971       14.742928       2832.1714       1.8190484      -0.21083658         2.0298849       2855.9345                 38.510877                 396.83948                           2388.4031                      8.4179218               0.54598865              4.2678891                         9.9290502       9.0201127
              2       1428.7967       3.0409035      0.96161542       69.916516     0.022070627      0.11430405     0.055255307           0.51080823   0.00031489989       0.62161226       1.0004534      0.99963834      0.99793359       60.119723      0.38176365       4.6095052       2.8246896        6.342644       8.0024016        13.721545       80.726143        287.0224       57.486236        49.72499       107.47668     0.096260978       0.070598831        0.52960507      0.18342225        0.67602236       1.9019676   2.0924139e-09       148.86862      0.81751934      0.27898062      0.78835971       14.742928       2828.5938       2.6182455       0.57348044         2.0447651       2852.3569                 38.510877                 396.83948                           2384.8255                      8.4179218               0.54598865              4.2678891                         9.9290502       9.0201127
              3       1429.1055       3.0409035      0.96161542       69.916516     0.022070627      0.11430405     0.055255307           0.51080823   0.00031489989       0.62161226       1.0004534      0.99969236      0.99786821       59.963845      0.36904229       4.4908679       2.9465965       6.2173021       8.1562649        13.783399       80.568203       286.63012       56.829363       49.540157        107.3285     0.082349209       0.081252818        0.54668162      0.16066356         0.6598242       1.9141979   2.0924139e-09       148.86862      0.81751934      0.27898062      0.78835971       14.742928       2828.8746       2.7867035       0.74696349           2.03974       2852.6377                 38.510877                 396.83948                           2385.1063                      8.4179218               0.54598865              4.2678891                         9.9290502       9.0201127
              1       1428.4306       3.0409035      0.96161542       69.916516     0.022070627      0.11430405     0.055255307           0.51080823   0.00031489989       0.62161226       1.0004534      0.99975572      0.99793406       59.715136      0.38422627       4.5961616       2.7520246       6.3400184       8.0777327        13.665714       81.016655       283.18217       57.112713       50.131237       107.12207      0.10067132       0.080898207        0.55932306      0.17789247        0.62386121       1.9389659   2.0924139e-09       148.86862      0.81751934      0.27898062      0.78835971       14.742928       2828.0433       2.5273942       0.48944926          2.037945       2851.8063                 38.510877                 396.83948                            2384.275                      8.4179218               0.54598865              4.2678891                         9.9290502       9.0201127
              2       1428.5121       3.0409035      0.96161542       69.916516     0.022070627      0.11430405     0.055255307           0.51080823   0.00031489989       0.62161226       1.0004534       1.0000405      0.99832042       59.421031      0.41399743       4.5438659       2.9699822       6.1190994       8.6212468        13.914445       80.214786       288.21372       58.885063       50.907416       107.08926      0.10975445        0.13608376        0.54004636      0.17270068          0.657392       1.9197773   2.0924139e-09       148.86862      0.81751934      0.27898062      0.78835971       14.742928       2831.6254       0.8178978        -1.230089         2.0479868       2855.3884                 38.510877                 396.83948                           2387.8571                      8.4179218               0.54598865              4.2678891                         9.9290502       9.0201127
              1       1426.6536       3.0409035      0.96161542       69.916516     0.022070627      0.11430405     0.055255307           0.51080823   0.00031489989       0.62161226       1.0004534       1.0000049      0.99807649       59.558542      0.47227134       4.8662309       3.2938424        6.641969        8.421843        13.904602       80.946825         307.352        59.54941       50.640466       107.29516       0.1157982        0.15949337        0.51729442      0.24823009        0.67975744       1.9263444   2.0924139e-09       148.86862      0.81751934      0.27898062      0.78835971       14.742928       2828.1286       0.7078003       -1.4484064         2.1562067       2851.8916                 38.510877                 396.83948                           2384.3603                      8.4179218               0.54598865              4.2678891                         9.9290502       9.0201127
              2       1427.1175       3.0409035      0.96161542       69.916516     0.022070627      0.11430405     0.055255307           0.51080823   0.00031489989       0.62161226       1.0004534      0.99996747      0.99799478       59.581239      0.46918881       4.8252442       3.3705405       6.6690314       8.2038051        13.806775       80.995263       311.06578       59.250552       50.920338       107.51662       0.1089141        0.14794962        0.51597584      0.26690096        0.66264963       1.9774377   2.0924139e-09       148.86862      0.81751934      0.27898062      0.78835971       14.742928       2828.6225      0.92471214       -1.2334532         2.1581654       2852.3856                 38.510877                 396.83948                           2384.8543                      8.4179218               0.54598865              4.2678891                         9.9290502       9.0201127
              1       1427.6597       3.0409035      0.96161542       69.916516     0.022070627      0.11430405     0.055255307           0.51080823   0.00031489989       0.62161226       1.0004534      0.99986657      0.99803724         59.7145      0.46886182       4.7355947       3.3878467       6.8732743       8.1003437        13.647601       81.023783       312.45519       59.699077       51.249942       107.38824       0.1109539        0.16208289        0.50665771      0.25420145        0.64498237       1.9290546   2.0924139e-09       148.86862      0.81751934      0.27898062      0.78835971       14.742928       2829.3871       1.0846158       -1.0521369         2.1367527       2853.1501                 38.510877                 396.83948                           2385.6188                      8.4179218               0.54598865              4.2678891                         9.9290502       9.0201127
              1       1430.7953       3.0409035      0.96161542       69.916516     0.022070627      0.11430405     0.055255307           0.51080823   0.00031489989       0.62161226       1.0004534      0.99990593      0.99799368       60.162211      0.44348396       4.9405309       3.2055281       6.5673048       8.0671235        13.229342        81.26276       315.58234       60.477552       50.969528       106.54081     0.077293993        0.17199689        0.51677369       0.2810736         0.6385757        1.896043   2.0924139e-09       148.86862      0.81751934      0.27898062      0.78835971       14.742928       2832.4431       2.6921961       0.53057218         2.1616239       2856.2062                 38.510877                 396.83948                           2388.6749                      8.4179218               0.54598865              4.2678891                         9.9290502       9.0201127
              2       1431.1654       3.0409035      0.96161542       69.916516     0.022070627      0.11430405     0.055255307           0.51080823   0.00031489989       0.62161226       1.0004534      0.99991535      0.99806273       60.183442      0.43328319       4.9904951       3.1532195       6.5743607       8.1584634         13.33587       81.443417       314.90684       60.901124       50.902632       106.54838     0.076550148        0.17996781        0.51034792      0.29858466        0.64644112       1.9166871   2.0924139e-09       148.86862      0.81751934      0.27898062      0.78835971       14.742928       2832.3638       3.1019921        0.9353812         2.1666109       2856.1268                 38.510877                 396.83948                           2388.5955                      8.4179218               0.54598865              4.2678891                         9.9290502       9.0201127
              3       1431.0856       3.0409035      0.96161542       69.916516     0.022070627      0.11430405     0.055255307           0.51080823   0.00031489989       0.62161226       1.0004855      0.99991535      0.99806273       60.183442      0.43328319       4.9904951       3.1532195       6.5743607       8.1584634         13.33587       81.443417       314.90684       60.901124       50.902632       106.54838     0.076550148        0.17996781        0.51034792      0.29858466        0.64644112       1.9166871   2.0924139e-09       148.86862      0.81751934      0.27898062      0.78835971       14.742928       2832.1993       3.1043976       0.93778668         2.1666109       2855.9624                 38.500358                 396.83948                           2388.4381                      8.4214056               0.54598865              4.2678891                         9.9290502       9.0201127
              1        1431.893       3.0409035      0.96161542       69.916516     0.022070627      0.11430405     0.055255307           0.51080823   0.00031489989       0.62161226       1.0004855      0.99980447        0.998158       60.276096       0.3787487       5.0698776       3.3927419       7.0377708       7.4160038        13.814307       81.679517       317.87976       60.950313       51.801305       108.79819     0.074266943        0.12059733        0.46971131       0.2729234         0.6026865        2.054134   2.0924139e-09       148.86862      0.81751934      0.27898062      0.78835971       14.742928       2835.0461       2.4884064       0.24762194         2.2407844       2858.8091                 38.500358                 396.83948                           2391.2849                      8.4214056               0.54598865              4.2678891                         9.9290502       9.0201127
              1       1432.2029       3.0409035      0.96161542       69.916516     0.022070627      0.11430405     0.055255307           0.51080823   0.00031489989       0.62161226       1.0004855      0.99956626      0.99819243       60.226854      0.40502324       5.2562522       3.7693573       7.0174833       7.4671493        14.096937       81.653482       311.50602       62.373313       51.393608       108.74133      0.13984215        0.13372995        0.42497341      0.22836101        0.58981875       1.9946287   2.0924139e-09       148.86862      0.81751934      0.27898062      0.78835971       14.742928       2837.0435       1.7996561      -0.61672664         2.4163827       2860.8066                 38.500358                 396.83948                           2393.2823                      8.4214056               0.54598865              4.2678891                         9.9290502       9.0201127
              1       1430.1077       3.0409035      0.96161542       69.916516     0.022070627      0.11430405     0.055255307           0.51080823   0.00031489989       0.62161226        1.001267      0.99956626      0.99819243       60.226854      0.40502324       5.2562522       3.7693573       7.0174833       7.4671493        14.096937       81.653482       311.50602       62.373313       51.393608       108.74133      0.13984215        0.13372995        0.42497341      0.22836101        0.58981875       1.9946287   2.0924139e-09       148.86862      0.81751934      0.27898062      0.78835971       14.742928        2832.634       1.9092282      -0.50715452         2.4163827        2856.397                 38.244644                  396.8497                           2389.0152                      8.5243859               0.54598865              4.2678891                         9.9290502       9.0201127
              1       1430.5425       3.0409035      0.96161542       69.916516     0.022070627      0.11430405     0.055255307           0.51080823   0.00031489989       0.62161226        1.001267      0.99969207      0.99821397       60.074742      0.41043336       5.0571187        3.666665       7.0566607       6.9367283        13.986146        81.51123       311.92243       63.168559       51.513015       107.90308      0.14957588        0.14726233        0.41790377       0.2377864        0.57360899       2.0433758   2.0924139e-09       148.86862      0.81751934      0.27898062      0.78835971       14.742928       2832.1012       2.6104341       0.30961591         2.3008182       2855.8642                 38.244644                  396.8497                           2388.4824                      8.5243859               0.54598865              4.2678891                         9.9290502       9.0201127
              2       1429.7697       3.0409035      0.96161542       69.916516     0.022070627      0.11430405     0.055255307           0.51080823   0.00031489989       0.62161226        1.001267      0.99972155      0.99828225       60.093306      0.41899178       5.0147232       3.3897095       7.0442415       6.7810795        14.009415       81.823611       312.71224       62.284686       51.757332       108.14253      0.13280976        0.15185288        0.42837933      0.23977197        0.58638925       2.0376676   2.0924139e-09       148.86862      0.81751934      0.27898062      0.78835971       14.742928       2830.9283       2.4240428       0.20312594         2.2209169       2854.6913                 38.244644                  396.8497                           2387.3095                      8.5243859               0.54598865              4.2678891                         9.9290502       9.0201127
              1       1429.7004       3.0409035      0.96161542       69.916516     0.022070627      0.11430405     0.055255307           0.51080823   0.00031489989       0.62161226        1.001267      0.99971136      0.99833141       59.970142      0.39649494       5.0504139       3.2931454       7.1011175       6.7883184        13.835161        81.53127       312.51456       62.327666       51.790642       108.14237      0.12940457        0.13459028        0.43102922      0.24676196        0.59970418       2.0635396   2.0924139e-09       148.86862      0.81751934      0.27898062      0.78835971       14.742928       2831.2998       2.1689928      -0.04362224          2.212615       2855.0628                 38.244644                  396.8497                           2387.6811                      8.5243859               0.54598865              4.2678891                         9.9290502       9.0201127
              1       1430.0949       3.0409035      0.96161542       69.916516     0.022070627      0.11430405     0.055255307           0.51080823   0.00031489989       0.62161226        1.001267       0.9996849      0.99833172       59.948741      0.39734605         5.02075       3.3209873       7.1391206       6.7692483        13.884659       81.525751       312.46386       62.202519       51.767975       108.14625      0.13216201         0.1308736        0.42918029      0.25198173        0.59977935       2.0604433   2.0924139e-09       148.86862      0.81751934      0.27898062      0.78835971       14.742928       2831.9655       2.2306564       0.02210504         2.2085514       2855.7285                 38.244644                  396.8497                           2388.3467                      8.5243859               0.54598865              4.2678891                         9.9290502       9.0201127
              3       1429.5112       3.0409035      0.96161542       69.916516     0.022070627      0.11430405     0.055255307           0.51080823   0.00031489989       0.62161226        1.001267       0.9998417      0.99812151       60.463215      0.37980516       5.2163696       3.2344148       6.9915976       6.9450265        13.589087       80.319723        313.4128       63.732475       52.231684       108.54495      0.12548757        0.14906741        0.45588663      0.23929271        0.69674032        2.117159   2.0924139e-09       148.86862      0.81751934      0.27898062      0.78835971       14.742928         2832.18       1.5396239       -0.7184226         2.2580465       2855.9431                 38.244644                  396.8497                           2388.5613                      8.5243859               0.54598865              4.2678891                         9.9290502       9.0201127
              2       1429.6123       3.0409035      0.96161542       69.916516     0.022070627      0.11430405     0.055255307           0.51080823   0.00031489989       0.62161226        1.001267      0.99972841      0.99815516       60.343726       0.3811444       5.2223267       3.1763731       7.0280944       6.8510105        13.146514       79.666223       314.80024       63.767658       52.567307       109.11613      0.12062413        0.14383142        0.46634423      0.23042966        0.67883547         2.08733   2.0924139e-09       148.86862      0.81751934      0.27898062      0.78835971       14.742928       2832.1013       1.6801229      -0.56683982         2.2469627       2855.8644                 38.244644                  396.8497                           2388.4826                      8.5243859               0.54598865              4.2678891                         9.9290502       9.0201127
              4       1429.6167       3.0409035      0.96161542       69.916516     0.022070627      0.11430405     0.055255307           0.51080823   0.00031489989       0.62161226        1.001267      0.99972271      0.99817397       60.301474      0.37957021       5.2110993       3.1520516       7.0124151       6.8490386        13.186499       79.593673        314.4077       63.700909       52.562626       109.19976      0.11979002        0.14697155        0.46741394      0.23215307        0.68097555       2.0879846   2.0924139e-09       148.86862      0.81751934      0.27898062      0.78835971       14.742928       2832.0015       1.7344401      -0.50307436         2.2375145       2855.7645                 38.244644                  396.8497                           2388.3828                      8.5243859               0.54598865              4.2678891                         9.9290502       9.0201127
              1       1429.2433       3.0409035      0.96161542       69.916516     0.022070627      0.11430405     0.055255307           0.51080823   0.00031489989       0.62161226        1.001267      0.99971541      0.99825326       59.933492      0.40082172       4.9452641       3.0095086       7.2935965       6.9512684        12.594048       80.525677       310.93403       63.388438       52.732987       108.49315      0.10947887        0.15341282        0.51731535        0.204267        0.70887731       2.0840164   2.0924139e-09       148.86862      0.81751934      0.27898062      0.78835971       14.742928       2830.9796       1.8720267      -0.25785121          2.129878       2854.7426                 38.244644                  396.8497                           2387.3609                      8.5243859               0.54598865              4.2678891                         9.9290502       9.0201127
              1       1430.0621       3.0409035      0.96161542       69.916516     0.022070627      0.11430405     0.055255307           0.51080823   0.00031489989       0.62161226       1.0004719      0.99973904       0.9982548       59.882417      0.39028789       4.8851396       3.0929927       7.2904973       6.9358183        12.656769       80.609932       310.81361       63.241082       52.844292       108.58673      0.09731325        0.15102906        0.51974909      0.21015948        0.70361569       2.0918537   2.0924139e-09       148.86862      0.81751934      0.27898062      0.78835971       14.742928       2832.5721       1.8945755      -0.23330249          2.127878       2856.3351                 38.504812                 396.83948                           2388.8079                      8.4199232               0.54598865              4.2678891                         9.9290502       9.0201127
              1       1430.7857       3.0409035      0.96161542       69.916516     0.022070627      0.11430405     0.055255307           0.51080823   0.00031489989       0.62161226       1.0004719      0.99951927      0.99898015       60.010543       0.3901215       5.0004524        2.549196       8.2708329       6.8937195        13.359171       81.992792        295.8977       62.709662       52.568236       109.90586     0.052324022        0.14147685        0.48149993      0.27486957        0.79727488       1.9667031   2.0924139e-09       148.86862      0.81751934      0.27898062      0.78835971       14.742928       2827.8606       4.9738859        2.8950944         2.0787915       2851.6237                 38.504812                 396.83948                           2384.0964                      8.4199232               0.54598865              4.2678891                         9.9290502       9.0201127
              1       1430.5193       3.0409035      0.96161542       69.916516     0.022070627      0.11430405     0.055255307           0.51080823   0.00031489989       0.62161226       1.0004719      0.99951098      0.99910271       59.942502      0.40862941        4.899559       2.4195565       8.2021615       6.7632849        13.353692       81.893731       294.98217       62.583756       52.785042       109.78095     0.057659469        0.15710991        0.51674962      0.27328941        0.78321693       1.9649798   2.0924139e-09       148.86862      0.81751934      0.27898062      0.78835971       14.742928         2826.56       5.3577956        3.3082528         2.0495428       2850.3231                 38.504812                 396.83948                           2382.7958                      8.4199232               0.54598865              4.2678891                         9.9290502       9.0201127
              1        1430.437       3.0409035      0.96161542       69.916516     0.022070627      0.11430405     0.055255307           0.51080823   0.00031489989       0.62161226       1.0004719      0.99951985      0.99910573       59.942982      0.40753345       4.8935096       2.4090956       8.1823648        6.778727        13.343757       81.895656       294.82931       62.580456       52.752149         109.776     0.057873197        0.15645329        0.51698017      0.27307392        0.78350566       1.9623285   2.0924139e-09       148.86862      0.81751934      0.27898062      0.78835971       14.742928        2826.472       5.3195079        3.2716407         2.0478672        2850.235                 38.504812                 396.83948                           2382.7078                      8.4199232               0.54598865              4.2678891                         9.9290502       9.0201127
              1       1430.1684       3.0409035      0.96161542       69.916516     0.022070627      0.11430405     0.055255307           0.51080823   0.00031489989       0.62161226       1.0004719      0.99938064      0.99911021       59.966182      0.40501526       4.8868852       2.5001555       7.9595667       6.8887572        13.535116       82.010449       292.60406       62.585866       52.717336       109.77822     0.067583387        0.16682962        0.50817849      0.28251289        0.77113277        1.963889   2.0924139e-09       148.86862      0.81751934      0.27898062      0.78835971       14.742928       2826.0366       5.2686091        3.2137782          2.054831       2849.7996                 38.504812                 396.83948                           2382.2724                      8.4199232               0.54598865              4.2678891                         9.9290502       9.0201127
              2       1429.2481       3.0409035      0.96161542       69.916516     0.022070627      0.11430405     0.055255307           0.51080823   0.00031489989       0.62161226       1.0004719       0.9993965      0.99922238       59.789775      0.40150929       4.7998748       2.2908815       8.0168661       6.9441106        13.457475       82.148392       297.09045       63.271788       52.696807       109.90279     0.083735203         0.1594465         0.4831322      0.29537532        0.75045733       2.0068818   2.0924139e-09       148.86862      0.81751934      0.27898062      0.78835971       14.742928       2825.3445       4.6943524        2.6644937         2.0298586       2849.1076                 38.504812                 396.83948                           2381.5803                      8.4199232               0.54598865              4.2678891                         9.9290502       9.0201127
              1       1430.9027       3.0409035      0.96161542       69.916516     0.022070627      0.11430405     0.055255307           0.51080823   0.00031489989       0.62161226       1.0004719      0.99970654      0.99934804        59.81683      0.40278263       4.6550963       2.6567415       7.7805616       6.7752801        12.957938        81.47484       291.87877       63.658917       53.037842       110.96067     0.075595575        0.18882104        0.49083715      0.28897386        0.71193085       2.0065626   2.0924139e-09       148.86862      0.81751934      0.27898062      0.78835971       14.742928       2826.2346       5.9039289        3.8660503         2.0378785       2849.9976                 38.504812                 396.83948                           2382.4704                      8.4199232               0.54598865              4.2678891                         9.9290502       9.0201127
              3       1432.3025       3.0409035      0.96161542       69.916516     0.022070627      0.11430405     0.055255307           0.51080823   0.00031489989       0.62161226       1.0004719      0.99995878      0.99936435       59.343589      0.39016671       4.7746324       2.5755086       7.4658646       6.8880975        13.447569       82.323897       293.69737       64.112952       52.486994       111.02532      0.10298055        0.20903872        0.50511789      0.26110519        0.72566465        2.020507   2.0924139e-09       148.86862      0.81751934      0.27898062      0.78835971       14.742928       2829.1423       5.8497918        3.8038459         2.0459459       2852.9054                 38.504812                 396.83948                           2385.3781                      8.4199232               0.54598865              4.2678891                         9.9290502       9.0201127
              1       1432.3656       3.0409035      0.96161542       69.916516     0.022070627      0.11430405     0.055255307           0.51080823   0.00031489989       0.62161226       1.0004719        0.999958      0.99936321       59.345438      0.39104906       4.7720403       2.5714115       7.4614095       6.8792342        13.442794        82.33639       293.61928       64.127929       52.498951       111.00768      0.10310772        0.20965335        0.50548692      0.26109279        0.72611375       2.0202189   2.0924139e-09       148.86862      0.81751934      0.27898062      0.78835971       14.742928       2829.1774       5.8953919        3.8500971         2.0452948       2852.9404                 38.504812                 396.83948                           2385.4132                      8.4199232               0.54598865              4.2678891                         9.9290502       9.0201127
              1       1432.3504       3.0409035      0.96161542       69.916516     0.022070627      0.11430405     0.055255307           0.51080823   0.00031489989       0.62161226       1.0004719      0.99989591      0.99917514       59.484214       0.4296552       4.8960419        2.683709       7.3048002       7.0573617        13.167135       83.221946       293.11116       64.361867       52.692427       111.75367      0.11027138        0.17572387        0.49469875       0.2475015        0.73703408       2.0336733   2.0924139e-09       148.86862      0.81751934      0.27898062      0.78835971       14.742928       2834.0006       3.4685547        1.3935009         2.0750538       2857.7637                 38.504812                 396.83948                           2390.2364                      8.4199232               0.54598865              4.2678891                         9.9290502       9.0201127
              1       1432.5936       3.0409035      0.96161542       69.916516     0.022070627      0.11430405     0.055255307           0.51080823   0.00031489989       0.62161226       1.0004719      0.99991469      0.99921886       59.409875      0.43137461        4.897275       2.6826134       7.3192049       6.8546462        13.157731       83.282052       289.44327        64.28519       52.567905       112.03379     0.097291394        0.16991575        0.48645678      0.24370607        0.74387491       2.0274005   2.0924139e-09       148.86862      0.81751934      0.27898062      0.78835971       14.742928       2833.9474       3.7383967        1.6632437          2.075153       2857.7104                 38.504812                 396.83948                           2390.1832                      8.4199232               0.54598865              4.2678891                         9.9290502       9.0201127
              1       1429.1778       3.0409035      0.96161542       69.916516     0.022070627      0.11430405     0.055255307           0.51080823   0.00031489989       0.62161226       1.0004719      0.99980032      0.99920112       59.391506       0.4194519       4.6070938       2.5665302       7.5205073       6.8712749        13.530132       83.841382       287.44559       64.223342       53.248905       110.73464     0.081432358        0.13263898        0.49556457      0.22742133        0.78487258       2.0792008   2.0924139e-09       148.86862      0.81751934      0.27898062      0.78835971       14.742928       2827.2342       3.6791697        1.6509667          2.028203       2850.9972                 38.504812                 396.83948                             2383.47                      8.4199232               0.54598865              4.2678891                         9.9290502       9.0201127
              1       1429.0267       3.0409035      0.96161542       69.916516     0.022070627      0.11430405     0.055255307           0.51080823   0.00031489989       0.62161226       1.0004719      0.99979952      0.99918279       59.320211       0.4257068       4.6053896       2.5439422        7.522312       6.8687553        13.523354       83.814397       287.15929       64.205117       53.169137       110.64058     0.082058315        0.13280854        0.50161906      0.22622726        0.78546544       2.0707992   2.0924139e-09       148.86862      0.81751934      0.27898062      0.78835971       14.742928       2827.0044       3.6429472        1.6159403          2.027007       2850.7675                 38.504812                 396.83948                           2383.2402                      8.4199232               0.54598865              4.2678891                         9.9290502       9.0201127
              1       1428.5497       3.0409035      0.96161542       69.916516     0.022070627      0.11430405     0.055255307           0.51080823   0.00031489989       0.62161226       1.0004719      0.99971854      0.99939368       59.510905      0.45432835       4.5914963       2.4872277       6.6612368       6.9885506        14.433816       84.200105       278.53846       64.274833       53.540755       109.82994      0.12907531        0.15322864        0.47463877      0.22721596        0.76910036       2.0063096   2.0924139e-09       148.86862      0.81751934      0.27898062      0.78835971       14.742928       2825.9701       3.6831162        1.6593818         2.0237343       2849.7332                 38.504812                 396.83948                           2382.2059                      8.4199232               0.54598865              4.2678891                         9.9290502       9.0201127
              1       1428.7557       3.0409035      0.96161542       69.916516     0.022070627      0.11430405     0.055255307           0.51080823   0.00031489989       0.62161226       1.0011266       0.9999186      0.99958264       59.199073      0.51166681       4.2949151       2.7374943       6.6056063       7.1430169        14.234306       84.284634       283.34819       62.958799       53.414812         109.766      0.12549949        0.13931043        0.44818738      0.24652036        0.75317504       2.0717601   2.0924139e-09       148.86862      0.81751934      0.27898062      0.78835971       14.742928       2825.7812       3.9835628        1.9653476         2.0182152       2849.5442                  38.29046                 396.85545                           2382.1319                      8.5033439               0.54598865              4.2678891                         9.9290502       9.0201127
              2       1428.8404       3.0409035      0.96161542       69.916516     0.022070627      0.11430405     0.055255307           0.51080823   0.00031489989       0.62161226       1.0011266      0.99984855       0.9996533       59.270579      0.53067021       4.2554684       2.7752451       6.4915668       7.1185067        14.200976        84.65614       281.21799       62.410302       53.408121        109.7377      0.12594292        0.13524979        0.45691809      0.24400062        0.74232641       2.0735339   2.0924139e-09       148.86862      0.81751934      0.27898062      0.78835971       14.742928       2825.4361       4.2408421        2.2228993         2.0179428       2849.1991                  38.29046                 396.85545                           2381.7868                      8.5033439               0.54598865              4.2678891                         9.9290502       9.0201127
              2       1429.6636       3.0409035      0.96161542       69.916516     0.022070627      0.11430405     0.055255307           0.51080823   0.00031489989       0.62161226       1.0011266       1.0001477      0.99961602       58.514564      0.56812047       4.3412057       2.6724248       6.4082192       6.6271465        15.162557       85.385358       292.42016       62.680217       52.642905       109.35232     0.090833921        0.12471239        0.46301468      0.26898858        0.65526405       2.0457865   2.0924139e-09       148.86862      0.81751934      0.27898062      0.78835971       14.742928       2825.7368       4.9136401        2.8953111          2.018329       2849.4999                  38.29046                 396.85545                           2382.0876                      8.5033439               0.54598865              4.2678891                         9.9290502       9.0201127
              3       1429.5745       3.0409035      0.96161542       69.916516     0.022070627      0.11430405     0.055255307           0.51080823   0.00031489989       0.62161226       1.0011266       1.0001468      0.99960193       58.524219       0.5670655       4.3566217       2.6278235        6.460896       6.6809953        15.105484       85.439022       292.94231       62.487083       52.594284       109.28952     0.093853839        0.12285932        0.46101159      0.27089902        0.65243486       2.0487109   2.0924139e-09       148.86862      0.81751934      0.27898062      0.78835971       14.742928        2825.853        4.766441         2.748352         2.0180889        2849.616                  38.29046                 396.85545                           2382.2037                      8.5033439               0.54598865              4.2678891                         9.9290502       9.0201127
              2       1429.7026       3.0409035      0.96161542       69.916516     0.022070627      0.11430405     0.055255307           0.51080823   0.00031489989       0.62161226       1.0011266       1.0000808      0.99962019       58.016818       0.5727397        4.173132       2.9466717       6.5420113       6.5777563         15.06073       85.457659       299.10806       62.971894       52.436962       109.99009     0.090289215        0.12178658        0.45646012      0.26486389        0.67071357       1.9689523   2.0924139e-09       148.86862      0.81751934      0.27898062      0.78835971       14.742928       2825.9622       4.8399841        2.8215834         2.0184007       2849.7252                  38.29046                 396.85545                           2382.3129                      8.5033439               0.54598865              4.2678891                         9.9290502       9.0201127
              1        1431.086       3.0409035      0.96161542       69.916516     0.022070627      0.11430405     0.055255307           0.51080823   0.00031489989       0.62161226       1.0011266        1.000288      0.99923395       58.475514      0.53770332       4.2486401       3.1794008       6.2597207       7.4913634        15.618779       85.990967        306.9603       63.766392       52.585834        110.7508      0.18017007        0.13360544        0.42934049      0.19373229        0.78559313        2.052764   2.0924139e-09       148.86862      0.81751934      0.27898062      0.78835971       14.742928       2831.5796       3.4146851        1.3844819         2.0302033       2855.3427                  38.29046                 396.85545                           2387.9304                      8.5033439               0.54598865              4.2678891                         9.9290502       9.0201127
              1       1432.9973       3.0409035      0.96161542       69.916516     0.022070627      0.11430405     0.055255307           0.51080823   0.00031489989       0.62161226       1.0011266       1.0002499      0.99911826       58.345278      0.53581602       4.0652653       3.3991613       6.5720079       7.3707799        15.422357       85.465824       307.61964       63.669299       52.334648       110.57184      0.19362563        0.10768949        0.43207669      0.21701415        0.78423931       2.0240127   2.0924139e-09       148.86862      0.81751934      0.27898062      0.78835971       14.742928       2834.9711       3.6302396        1.6036399         2.0265998       2858.7342                  38.29046                 396.85545                           2391.3219                      8.5033439               0.54598865              4.2678891                         9.9290502       9.0201127
              1       1431.0116       3.0409035      0.96161542       69.916516     0.022070627      0.11430405     0.055255307           0.51080823   0.00031489989       0.62161226       1.0011266      0.99995399      0.99918165       58.348231      0.55092097       3.9179784       3.1939222       6.4873719       7.5675836        15.043803       85.181498        310.7367       63.861513       52.240996       110.10631      0.18660015        0.17137494        0.38966515      0.24914138        0.77349713       1.9922158   2.0924139e-09       148.86862      0.81751934      0.27898062      0.78835971       14.742928        2829.649       4.3056098        2.2879817         2.0176282       2853.4121                  38.29046                 396.85545                           2385.9998                      8.5033439               0.54598865              4.2678891                         9.9290502       9.0201127
              1       1430.4853       3.0409035      0.96161542       69.916516     0.022070627      0.11430405     0.055255307           0.51080823   0.00031489989       0.62161226       1.0011266       1.0000388      0.99906021       57.839426      0.54991093       3.9221294       3.3201068       5.6179267       7.9046456        15.200897       84.388512       302.80926       65.252921       51.462637       111.09003      0.16024715        0.17034107        0.41611351      0.30685388        0.76721434       1.9791844   2.0924139e-09       148.86862      0.81751934      0.27898062      0.78835971       14.742928       2828.9488       4.1294119        2.1113542         2.0180576       2852.7118                  38.29046                 396.85545                           2385.2995                      8.5033439               0.54598865              4.2678891                         9.9290502       9.0201127
              1       1430.2951       3.0409035      0.96161542       69.916516     0.022070627      0.11430405     0.055255307           0.51080823   0.00031489989       0.62161226       1.0011266      0.99994466      0.99893244       57.965544      0.53465254       4.1695952       3.1135396       5.7096796       7.7965804        14.523242       83.500099       286.38893       64.817943       52.796112       110.68579      0.15764135        0.16610954        0.39774267      0.30902369        0.77024457       1.9974162   2.0924139e-09       148.86862      0.81751934      0.27898062      0.78835971       14.742928       2828.7862        4.020483        1.9984231         2.0220599       2852.5492                  38.29046                 396.85545                           2385.1369                      8.5033439               0.54598865              4.2678891                         9.9290502       9.0201127
              1       1430.0947       3.0409035      0.96161542       69.916516     0.022070627      0.11430405     0.055255307           0.51080823   0.00031489989       0.62161226       1.0011266       1.0000135      0.99921876       56.872722      0.60997396       4.1925929       2.5761613       5.8922556       7.3835771        13.920755       83.572813       287.90161       63.140625       53.356291       111.35245     0.095892243        0.14590174        0.44797353      0.32689131        0.69570221       1.9469138   2.0924139e-09       148.86862      0.81751934      0.27898062      0.78835971       14.742928       2827.6266       4.3998326        2.3796972         2.0201354       2851.3897                  38.29046                 396.85545                           2383.9774                      8.5033439               0.54598865              4.2678891                         9.9290502       9.0201127
              1       1428.7546       3.0409035      0.96161542       69.916516     0.022070627      0.11430405     0.055255307           0.51080823   0.00031489989       0.62161226       1.0006664       1.0000135      0.99921876       56.872722      0.60997396       4.1925929       2.5761613       5.8922556       7.3835771        13.920755       83.572813       287.90161       63.140625       53.356291       111.35245     0.095892243        0.14590174        0.44797353      0.32689131        0.69570221       1.9469138   2.0924139e-09       148.86862      0.81751934      0.27898062      0.78835971       14.742928       2825.0785       4.3338218        2.3136864         2.0201354       2848.8416                 38.441001                 396.85247                           2381.3429                      8.4421755               0.54598865              4.2678891                         9.9290502       9.0201127
              1       1428.3718       3.0408956      0.96170504       69.916516     0.022072954      0.11426963      0.05525715           0.51034766   0.00031532297       0.62271819       1.0006664       1.0000866      0.99923144       56.633028      0.63195546       4.0757942       2.4786733       5.9828001       7.4058529        14.005892       83.255163       285.60597       63.595145       53.100276       110.86392     0.099787906        0.15222744        0.43782479      0.30439672         0.6959254       2.0193374   2.0923975e-09       148.87514      0.81736237      0.27891496      0.78811559       14.758227       2825.2477        3.858789        1.8273462         2.0314428       2849.0261                  38.39525                 396.85545                           2381.5622                      8.4348186                0.5472473              4.2707828                         9.9401973       9.0201127
              3       1428.8304       3.0408956      0.96170504       69.916516     0.022072954      0.11426963      0.05525715           0.51034766   0.00031532297       0.62271819       1.0006664        1.000034      0.99910028       56.289021      0.60121982       4.1482424       2.7924792       5.9176335       7.0220306        13.990803       83.652555       283.65005       62.712996       52.858963         109.867      0.13574552        0.14574461        0.42370598      0.29229822        0.69810268       2.0451999   2.0923975e-09       148.87514      0.81736237      0.27891496      0.78811559       14.758227       2827.1241        3.379135        1.3613094         2.0178256       2850.9025                  38.39525                 396.85545                           2383.4386                      8.4348186                0.5472473              4.2707828                         9.9401973       9.0201127
              1       1429.2272       3.0408956      0.96170504       69.916516     0.022072954      0.11426963      0.05525715           0.51034766   0.00031532297       0.62271819       1.0006664       1.0000574      0.99912923       56.712545      0.62914346       4.3816783       2.6889534       6.4334885       7.2433392        14.577379       83.956486       270.51339       60.642561       53.009292       109.72774      0.12136659        0.19243463          0.418032       0.2530554        0.66730837       2.0654856   2.0923975e-09       148.87514      0.81736237      0.27891496      0.78811559       14.758227       2826.9814       3.8473491        1.8275841          2.019765       2850.7598                  38.39525                 396.85545                           2383.2959                      8.4348186                0.5472473              4.2707828                         9.9401973       9.0201127
              1       1427.9237       3.0408956      0.96170504       69.916516     0.022072954      0.11426963      0.05525715           0.51034766   0.00031532297       0.62271819       1.0006664       1.0001431      0.99916918       56.729582      0.64839455       4.5893892       2.5363681       6.3102024       7.3402834         14.66407       84.553908       274.27026        60.12043        51.83687           109.4      0.11396992         0.1670445        0.42439868      0.28409255        0.64162753       2.0534691   2.0923975e-09       148.87514      0.81736237      0.27891496      0.78811559       14.758227       2825.2108       3.4290976        1.4035502         2.0255473       2848.9892                  38.39525                 396.85545                           2381.5253                      8.4348186                0.5472473              4.2707828                         9.9401973       9.0201127
              1        1428.392       3.0408956      0.96170504       69.916516     0.022072954      0.11426963      0.05525715           0.51034766   0.00031532297       0.62271819       1.0006664       1.0001453      0.99922636       56.648101      0.63663385       4.6122443       2.4310767       6.3021538       7.2913753        14.688602       84.781086       274.46067       60.446565       51.789343       109.41435      0.12578172        0.17449016        0.42104454      0.27177191        0.64636642       2.0644188   2.0923975e-09       148.87514      0.81736237      0.27891496      0.78811559       14.758227       2825.7854       3.6101163        1.5872036         2.0229127       2849.5637                  38.39525                 396.85545                           2382.0999                      8.4348186                0.5472473              4.2707828                         9.9401973       9.0201127
              1       1431.1823       3.0408956      0.96170504       69.916516     0.022072954      0.11426963      0.05525715           0.51034766   0.00031532297       0.62271819       1.0012014       1.0004074      0.99918903       55.973391      0.62192938        4.724416       2.5813458       6.1650194       7.4685601        14.361511       83.474993       278.34096       61.093626       51.260862       110.42391       0.1247988        0.14484021        0.43111853      0.24456658        0.62237879       2.1178157   2.0923975e-09       148.87514      0.81736237      0.27891496      0.78811559       14.758227       2832.8733       2.8565211       0.81618542         2.0403356       2856.6516                 38.220481                  396.8497                           2389.2966                      8.5065251                0.5472473              4.2707828                         9.9401973       9.0201127
              1       1432.9552       3.0408956      0.96170504       69.916516     0.022072954      0.11426963      0.05525715           0.51034766   0.00031532297       0.62271819       1.0012014      0.99951191      0.99869639       55.330449      0.68205147       4.4111706       2.0852541       5.7674775       7.9270745        14.670214       83.099608       289.15058       62.068459       51.810701       110.73209      0.14934713         0.1285348        0.39161781       0.1420665        0.55961763        2.105027   2.0923975e-09       148.87514      0.81736237      0.27891496      0.78811559       14.758227       2835.2933        3.419424        1.3947978         2.0246263       2859.0716                 38.220481                  396.8497                           2391.7166                      8.5065251                0.5472473              4.2707828                         9.9401973       9.0201127
              1       1433.1496       3.0408956      0.96170504       69.916516     0.022072954      0.11426963      0.05525715           0.51034766   0.00031532297       0.62271819       1.0012014      0.99951186      0.99869916       55.284773      0.68497222       4.4213232       2.1306644       5.7306346       7.8783639        14.707081       83.098803       288.57439       61.841188       51.831061       110.70213      0.15034792        0.12720698        0.39712046      0.13298794        0.56468953       2.0988429   2.0923975e-09       148.87514      0.81736237      0.27891496      0.78811559       14.758227       2835.5546       3.4831408        1.4607481         2.0223927        2859.333                 38.220481                  396.8497                           2391.9779                      8.5065251                0.5472473              4.2707828                         9.9401973       9.0201127
              1       1432.6165       3.0408956      0.96170504       69.916516     0.022072954      0.11426963      0.05525715           0.51034766   0.00031532297       0.62271819       1.0012014       0.9995497      0.99860219       55.230067      0.68232673       4.4672899       2.1958256       5.6210825       7.8172422        14.509631       83.349092       291.90307       62.451064       51.992285        110.5283      0.14948929       0.097699794        0.37687238      0.13943661        0.60207178       2.0553348   2.0923975e-09       148.87514      0.81736237      0.27891496      0.78811559       14.758227       2834.6496       3.4025483        1.3836366         2.0189117        2858.428                 38.220481                  396.8497                           2391.0729                      8.5065251                0.5472473              4.2707828                         9.9401973       9.0201127
              1       1431.9909       3.0408956      0.96170504       69.916516     0.022072954      0.11426963      0.05525715           0.51034766   0.00031532297       0.62271819       1.0010735       0.9995497      0.99860219       55.230067      0.68232673       4.4672899       2.1958256       5.6210825       7.8172422        14.509631       83.349092       291.90307       62.451064       51.992285        110.5283      0.14948929       0.097699794        0.37687238      0.13943661        0.60207178       2.0553348   2.0923975e-09       148.87514      0.81736237      0.27891496      0.78811559       14.758227       2833.4449       3.3792678        1.3603562         2.0189117       2857.2232                 38.262189                  396.8497                           2389.8451                      8.4879123                0.5472473              4.2707828                         9.9401973       9.0201127
              2       1432.9731       3.0408956      0.96170504       69.916516     0.022072954      0.11426963      0.05525715           0.51034766   0.00031532297       0.62271819       1.0010735      0.99953662      0.99865339       55.277745      0.72219077       4.6085693       2.9714415       5.3260276        8.253562        14.410804       82.465743       298.62951       63.574359       51.907954       110.57783      0.16223637        0.13211543        0.36580797      0.16165352        0.56287238       2.1266905   2.0923975e-09       148.87514      0.81736237      0.27891496      0.78811559       14.758227       2834.7451         3.71132        1.6540869         2.0572332       2858.5235                 38.262189                  396.8497                           2391.1453                      8.4879123                0.5472473              4.2707828                         9.9401973       9.0201127
              1       1429.0056       3.0408956      0.96170504       69.916516     0.022072954      0.11426963      0.05525715           0.51034766   0.00031532297       0.62271819       1.0010735      0.99952078      0.99838874       55.930065      0.62559822       4.6287604       3.6829444       4.8261125        8.467017         15.12692       83.168781        302.3678       63.851599       52.078908       112.15465      0.13807257        0.16249559        0.36254181      0.19328558        0.60115815       1.9445335   2.0923975e-09       148.87514      0.81736237      0.27891496      0.78811559       14.758227       2827.8857       3.1735898        1.0157725         2.1578173        2851.664                 38.262189                  396.8497                           2384.2859                      8.4879123                0.5472473              4.2707828                         9.9401973       9.0201127
              1       1429.1683       3.0408956      0.96170504       69.916516     0.022072954      0.11426963      0.05525715           0.51034766   0.00031532297       0.62271819       1.0011778      0.99967987      0.99843751       55.840556      0.63139851       4.5876103       3.3033943        4.754382       8.5832291        15.109988       82.487528       308.43676       64.204316       52.252877        112.3819      0.14472692        0.15591498        0.39146413      0.21103049        0.59355812       1.8656014   2.0923975e-09       148.87514      0.81736237      0.27891496      0.78811559       14.758227       2829.2081        2.675058       0.58485422         2.0902038       2852.9865                 38.228165                  396.8497                           2385.6272                      8.5030247                0.5472473              4.2707828                         9.9401973       9.0201127
              1       1429.6162       3.0408956      0.96170504       69.810027     0.022072954      0.11426963      0.05525715           0.51034766   0.00031532297       0.62271819       1.0011778      0.99967987      0.99843751       55.840556      0.63139851       4.5876103       3.3033943        4.754382       8.5832291        15.109988       82.487528       308.43676       64.204316       52.252877        112.3819      0.14472692        0.15591498        0.39146413      0.21103049        0.59355812       1.8656014   2.0923975e-09       148.87514      0.81711296      0.27976653      0.78907694       13.919655        2830.317        2.675058       0.58485422         2.0902038       2853.8823                 38.184243                 396.85474                           2386.8488                      8.4291963                0.4993046              4.1517462                         9.2686044       9.6456431
              1       1436.1221       3.0408956      0.96170504       69.810027     0.022072954      0.11426963      0.05525715           0.51034766   0.00031532297       0.62271819       1.0011778       0.9996422      0.99847793       55.484936      0.54366136       4.2047667       3.1077204        4.732685       8.6887063        15.118957       82.536638       305.92348       65.389136       52.721079       112.11147      0.20823307        0.17030432        0.35956866      0.23498551        0.53792588       1.9203597   2.0923975e-09       148.87514      0.81711296      0.27976653      0.78907694       13.919655       2836.7818       5.9485908        3.9247923         2.0237985       2860.3471                 38.184243                 396.85474                           2393.3136                      8.4291963                0.4993046              4.1517462                         9.2686044       9.6456431
              1       1436.2571       3.0408956      0.96170504       69.810027     0.022072954      0.11426963      0.05525715           0.51034766   0.00031532297       0.62271819       1.0012555       0.9996422      0.99847793       55.484936      0.54366136       4.2047667       3.1077204        4.732685       8.6887063        15.118957       82.536638       305.92348       65.389136       52.721079       112.11147      0.20823307        0.17030432        0.35956866      0.23498551        0.53792588       1.9203597   2.0923975e-09       148.87514      0.81711296      0.27976653      0.78907694       13.919655       2837.0215       5.9637208        3.9399223         2.0237985       2860.5868                 38.158949                 396.85474                            2393.569                      8.4388033                0.4993046              4.1517462                         9.2686044       9.6456431
              1       1434.1066       3.0408956      0.96170504       69.810027     0.022072954      0.11426963      0.05525715           0.51034766   0.00031532297       0.62271819       1.0015189        1.000218      0.99826396       54.936581      0.58551598       4.2181463        2.916631       4.8302144       8.4555575        15.749631       83.713253       303.25634       66.483859       53.137111       112.25146      0.12675461        0.10255711        0.33238749      0.17391916        0.60997376       2.0756375   2.0923975e-09       148.87514      0.81711296      0.27976653      0.78907694       13.919655       2839.0261        2.810971       0.79189546         2.0190755       2862.5914                 38.073372                 396.86814                           2395.6107                      8.4738823                0.4993046              4.1517462                         9.2686044       9.6456431
              1       1432.5521       3.0408956      0.96170504       69.810027     0.022072954      0.11426963      0.05525715           0.51034766   0.00031532297       0.62271819       1.0015189       1.0001797      0.99814008       54.860801      0.60753537       4.3829902       3.0154374       4.9115286       8.4565257        15.591736        83.95353       303.99569       66.312114       53.202722       112.65307      0.12205016       0.095456953        0.31004452      0.17896936        0.59659236       2.0323067   2.0923975e-09       148.87514      0.81711296      0.27976653      0.78907694       13.919655       2834.7785       3.3802047        1.3471529         2.0330518       2858.3438                 38.073372                 396.86814                           2391.3631                      8.4738823                0.4993046              4.1517462                         9.2686044       9.6456431
              1       1432.9566       3.0408956      0.96170504       69.810027     0.022072954      0.11426963      0.05525715           0.51034766   0.00031532297       0.62271819       1.0015189       1.0003731      0.99837534        54.86526      0.60297909       4.5064719       3.1323345       6.1222698        8.756995        16.049832       83.386743       290.01768       66.125126       52.971791       113.51757        0.120415        0.12951963        0.29714434      0.18023113        0.58887186       2.0139294   2.0923975e-09       148.87514      0.81711296      0.27976653      0.78907694       13.919655       2837.7325       2.3076593       0.25065704         2.0570022       2861.2978                 38.073372                 396.86814                           2394.3171                      8.4738823                0.4993046              4.1517462                         9.2686044       9.6456431
              2       1432.3519       3.0408956      0.96170504       69.810027     0.022072954      0.11426963      0.05525715           0.51034766   0.00031532297       0.62271819       1.0015189       1.0002841      0.99838279       54.596402      0.60906221       4.4546301       3.1221081       6.2590322       8.9822612         15.94519       83.487158       291.58215       65.632346       53.549412       113.75302      0.13300998        0.12712299        0.30815812      0.17123238        0.60639461       2.0311483   2.0923975e-09       148.87514      0.81711296      0.27976653      0.78907694       13.919655       2837.6668       1.7358891      -0.31287142         2.0487605       2861.2321                 38.073372                 396.86814                           2394.2514                      8.4738823                0.4993046              4.1517462                         9.2686044       9.6456431
              1       1431.9506       3.0408956      0.96170504       69.810027     0.022072954      0.11426963      0.05525715           0.51034766   0.00031532297       0.62271819       1.0013774       1.0002841      0.99838279       54.596402      0.60906221       4.4546301       3.1221081       6.2590322       8.9822612         15.94519       83.487158       291.58215       65.632346       53.549412       113.75302      0.13300998        0.12712299        0.30815812      0.17123238        0.60639461       2.0311483   2.0923975e-09       148.87514      0.81711296      0.27976653      0.78907694       13.919655       2836.9297       1.7031059       -0.3456546         2.0487605        2860.495                 38.119335                 396.86034                           2393.4955                      8.4545472                0.4993046              4.1517462                         9.2686044       9.6456431
              1       1430.8597       3.0408956      0.96170504       69.810027     0.022072954      0.11426963      0.05525715           0.51034766   0.00031532297       0.62271819       1.0013774        1.000319      0.99808391       55.356664       0.5764655       4.8518945       3.6172236       6.4517798       8.8562571        15.096611       82.788958        289.8471       65.581977       53.511461       112.66365      0.11964346        0.14917626        0.30705883      0.20484019        0.59538413       2.0048239   2.0923975e-09       148.87514      0.81711296      0.27976653      0.78907694       13.919655       2834.1986        1.977805      -0.23615462         2.2139596       2857.7639                 38.119335                 396.86034                           2390.7644                      8.4545472                0.4993046              4.1517462                         9.2686044       9.6456431
              3       1431.3302       3.0408956      0.96170504       69.810027     0.022072954      0.11426963      0.05525715           0.51034766   0.00031532297       0.62271819       1.0013774       1.0003777      0.99812761       55.205193      0.55988004       4.8796114       3.8304089        6.545324       9.0270089        15.236235       82.340922       292.34556       65.815055       52.774922       113.14494     0.089367259        0.14142215        0.34665002      0.20667003        0.59430476       2.0373423   2.0923975e-09       148.87514      0.81711296      0.27976653      0.78907694       13.919655       2835.7951       1.6499853      -0.62146185         2.2714472       2859.3604                 38.119335                 396.86034                           2392.3609                      8.4545472                0.4993046              4.1517462                         9.2686044       9.6456431
              1       1434.4102       3.0408956      0.96170504       69.810027     0.022072954      0.11426963      0.05525715           0.51034766   0.00031532297       0.62271819       1.0013774       1.0005491      0.99783802       56.013051      0.52883361       4.8833025       3.4030458       6.4615846       9.0777581        14.684714       83.254151       286.70677       67.158537       53.169472       112.69808     0.097271982        0.17385561        0.37522233       0.2404623        0.56061139        2.154912   2.0923975e-09       148.87514      0.81711296      0.27976653      0.78907694       13.919655       2840.0863       2.5843506       0.40314491         2.1812057       2863.6516                 38.119335                 396.86034                           2396.6521                      8.4545472                0.4993046              4.1517462                         9.2686044       9.6456431
              1       1434.0569       3.0408956      0.96170504       69.810027     0.022072954      0.11426963      0.05525715           0.51034766   0.00031532297       0.62271819       1.0013774       1.0005385       0.9978268       55.964051      0.52806323       4.9067915       3.4606656       6.3954386       9.0854678        14.701833       83.152892       286.89234       67.084826       53.224813       112.69608     0.095383563         0.1698195        0.37551463      0.24336249        0.56270111       2.1577112   2.0923975e-09       148.87514      0.81711296      0.27976653      0.78907694       13.919655       2839.4972       2.5256327       0.32576812         2.1998646       2863.0625                 38.119335                 396.86034                            2396.063                      8.4545472                0.4993046              4.1517462                         9.2686044       9.6456431
              1       1431.0421       3.0408956      0.96170504       69.810027     0.022072954      0.11426963      0.05525715           0.51034766   0.00031532297       0.62271819       1.0013774       1.0004769      0.99780962        55.83598       0.5833001       4.8439577       3.2527723       6.4623665       8.8795137        14.695178        83.29863        285.2017       66.301358       53.604452       112.25627      0.11536563        0.16653806        0.39144089      0.25600597        0.60220139       2.1816701   2.0923975e-09       148.87514      0.81711296      0.27976653      0.78907694       13.919655       2835.4054       1.5568018      -0.58626697         2.1430688       2858.9707                 38.119335                 396.86034                           2391.9711                      8.4545472                0.4993046              4.1517462                         9.2686044       9.6456431
              3       1431.0851        3.040942      0.96171356       69.810027     0.022074174      0.11422732      0.05514112           0.51012863   0.00031521896       0.62261278       1.0013774       1.0004769      0.99780962        55.83598       0.5833001       4.8439577       3.2527723       6.4623665       8.8795137        14.695178        83.29863        285.2017       66.301358       53.604452       112.25627      0.11536563        0.16653806        0.39144089      0.25600597        0.60220139       2.1816701   2.0924946e-09       148.88513      0.81692837       0.2796822      0.78877978       13.945823       2835.4652       1.5568018      -0.58626697         2.1430688       2859.0566                  38.15432                 396.84687                           2392.0376                      8.4263665               0.50120581              4.1563769                         9.2882407       9.6456431
              1       1432.0244        3.040942      0.96171356       69.810027     0.022074174      0.11422732      0.05514112           0.51012863   0.00031521896       0.62261278       1.0013774       1.0004651      0.99782752       55.760525      0.58922003       4.7982164       3.2037173       6.2914088       8.8584992        14.762136       83.436776       283.22507       66.535385       53.706661       112.08807      0.10096043        0.17532433        0.39202665      0.25699713         0.5911833       2.1871539   2.0924946e-09       148.88513      0.81692837       0.2796822      0.78877978       13.945823       2836.0456       2.2058165       0.08233324         2.1234833       2859.6371                  38.15432                 396.84687                            2392.618                      8.4263665               0.50120581              4.1563769                         9.2882407       9.6456431
              1       1432.1202        3.040942      0.96171356       69.810027     0.022074174      0.11422732      0.05514112           0.51012863   0.00031521896       0.62261278       1.0013774       1.0004853      0.99782256       55.725547       0.5686199       4.9547037       2.9894033       6.5184902       8.5648928         14.55957       83.422646       280.21143       66.983876       54.202527       112.84562      0.16856298          0.176321        0.41465913      0.27552159        0.62533969       2.1494758   2.0924946e-09       148.88513      0.81692837       0.2796822      0.78877978       13.945823       2836.3264       2.1612225      0.032133422          2.129089       2859.9179                  38.15432                 396.84687                           2392.8989                      8.4263665               0.50120581              4.1563769                         9.2882407       9.6456431
              1       1432.0669        3.040942      0.96171356       69.810027     0.022074174      0.11422732      0.05514112           0.51012863   0.00031521896       0.62261278       1.0013774       1.0004381      0.99779522       55.646703      0.55215988       4.8154684        3.270301       6.8266848       7.9732321        14.789961       84.113453       274.78893       66.469091       54.227539       113.79142      0.15017537        0.16126613        0.36048411      0.29831049        0.60348624       2.1496174   2.0924946e-09       148.88513      0.81692837       0.2796822      0.78877978       13.945823       2835.3463       2.5980397       0.45961257         2.1384271       2858.9377                  38.15432                 396.84687                           2391.9187                      8.4263665               0.50120581              4.1563769                         9.2882407       9.6456431
              1       1431.9239        3.040942      0.96171356       69.810027     0.022074174      0.11422732      0.05514112           0.51012863   0.00031521896       0.62261278       1.0013774       1.0004382      0.99778678       55.625334      0.54848436       4.7938553       3.2428199       6.8458779       8.0070854        14.785387       84.089294       275.38529       66.452431        54.15649       113.88414      0.14947587        0.15979228        0.35901443      0.29803798        0.60539686       2.1420584   2.0924946e-09       148.88513      0.81692837       0.2796822      0.78877978       13.945823       2835.2383       2.5090348        0.3805653         2.1284695       2858.8298                  38.15432                 396.84687                           2391.8108                      8.4263665               0.50120581              4.1563769                         9.2882407       9.6456431
              2       1431.3011        3.040942      0.96171356       69.810027     0.022074174      0.11422732      0.05514112           0.51012863   0.00031521896       0.62261278       1.0013774       1.0003672      0.99783785       55.869664      0.55356522        4.779071       3.2016621       6.8577342       8.0515202        14.995468       84.229714       275.72326       66.376891        54.18931       114.10396      0.15469631        0.16250459        0.35111037      0.28333217        0.61934661       2.1537076   2.0924946e-09       148.88513      0.81692837       0.2796822      0.78877978       13.945823       2834.5113       2.2497181       0.13119071         2.1185274       2858.1028                  38.15432                 396.84687                           2391.0838                      8.4263665               0.50120581              4.1563769                         9.2882407       9.6456431
              4       1430.7826        3.040942      0.96171356       69.810027     0.022074174      0.11422732      0.05514112           0.51012863   0.00031521896       0.62261278       1.0013774       1.0004404      0.99843378       55.668931      0.62229614       4.0878908       3.6206151       7.5859373       7.4088412        14.901419       85.434485       288.81491       67.290264        52.96091       112.85877       0.1779354        0.17208186        0.37562257      0.27697549        0.65255406       1.8775619   2.0924946e-09       148.88513      0.81692837       0.2796822      0.78877978       13.945823        2832.771       2.6013427       0.55950079         2.0418419       2856.3625                  38.15432                 396.84687                           2389.3434                      8.4263665               0.50120581              4.1563769                         9.2882407       9.6456431
              4       1433.1465        3.040942      0.96171356       69.810027     0.022074174      0.11422732      0.05514112           0.51012863   0.00031521896       0.62261278       1.0013774       1.0004366      0.99846412       56.104303      0.68550325       4.4629224       3.7670846       7.6640891       7.2443363        15.062983       86.110005       285.61424       67.080508        54.04989       113.26847      0.10386628        0.16421173         0.3505519      0.28912518        0.73105499       1.8160179   2.0924946e-09       148.88513      0.81692837       0.2796822      0.78877978       13.945823       2837.4501       2.6256987       0.49804849         2.1276502       2861.0416                  38.15432                 396.84687                           2394.0226                      8.4263665               0.50120581              4.1563769                         9.2882407       9.6456431
              6        1431.008        3.040942      0.96171356       69.810027     0.022074174      0.11422732      0.05514112           0.51012863   0.00031521896       0.62261278       1.0013774       1.0003178      0.99846924        55.93083      0.68644372       4.3949128       3.8892136       7.3478962       7.3575027        15.635925       85.790738       280.32834       67.407102       53.970722       113.65247      0.12319967        0.16418098        0.37684272      0.30273611        0.70843719       1.7955985   2.0924946e-09       148.88513      0.81692837       0.2796822      0.78877978       13.945823       2834.0465       2.1889772      0.059234631         2.1297426        2857.638                  38.15432                 396.84687                            2390.619                      8.4263665               0.50120581              4.1563769                         9.2882407       9.6456431
              1       1431.1263        3.040942      0.96171356       69.810027     0.022074174      0.11422732      0.05514112           0.51012863   0.00031521896       0.62261278        1.001236       1.0003178      0.99846924        55.93083      0.68644372       4.3949128       3.8892136       7.3478962       7.3575027        15.635925       85.790738       280.32834       67.407102       53.970722       113.65247      0.12319967        0.16418098        0.37684272      0.30273611        0.70843719       1.7955985   2.0924946e-09       148.88513      0.81692837       0.2796822      0.78877978       13.945823       2834.3424       2.1594208      0.029678231         2.1297426       2857.9338                 38.200331                 396.84291                           2390.8897                      8.4094466               0.50120581              4.1563769                         9.2882407       9.6456431
              4       1431.4071        3.040942      0.96171356       69.810027     0.022074174      0.11422732      0.05514112           0.51012863   0.00031521896       0.62261278        1.001236       1.0002732      0.99841198       55.804118      0.68834108       4.4442099        3.929796       7.4484468       7.3691763        15.592902       85.879878        280.0739        66.92477       54.323456       113.64068      0.12648747        0.18601343        0.36894197      0.29713991        0.70511963       1.7564955   2.0924946e-09       148.88513      0.81692837       0.2796822      0.78877978       13.945823       2833.5614       2.8307109       0.68131351         2.1493974       2857.1529                 38.200331                 396.84291                           2390.1087                      8.4094466               0.50120581              4.1563769                         9.2882407       9.6456431
              4       1427.0264        3.040942      0.96171356       69.810027     0.022074174      0.11422732      0.05514112           0.51012863   0.00031521896       0.62261278       1.0013604      0.99960764      0.99757668       54.636827      0.70672407       4.3965314       4.0071622       8.1858694       8.3427796        14.876995       84.302131       273.30698       64.252928       54.773756       114.61618     0.096623888         0.1111421        0.40053634      0.24109528        0.75577366       2.1127176   2.0924946e-09       148.88513      0.81692837       0.2796822      0.78877978       13.945823       2828.1843        1.138578       -1.0110045         2.1495824       2851.7757                 38.159835                 396.84687                           2384.7533                      8.4242778               0.50120581              4.1563769                         9.2882407       9.6456431
              2       1428.3264        3.040942      0.96171356       69.810027     0.022074174      0.11422732      0.05514112           0.51012863   0.00031521896       0.62261278       1.0013604      0.99976496      0.99731768       54.258932      0.71537778       4.3852769       3.5436133       7.6741124       8.7022229        14.931215       82.417008       271.58108        64.01758       55.462628       116.34666      0.11264631         0.1434224        0.29857986      0.28853809        0.72188136       2.1557145   2.0924946e-09       148.88513      0.81692837       0.2796822      0.78877978       13.945823       2827.7569       2.6522478       0.57226817         2.0799797       2851.3484                 38.159835                 396.84687                           2384.3259                      8.4242778               0.50120581              4.1563769                         9.2882407       9.6456431
              4       1428.5491        3.040942      0.96171356       69.810027     0.022074174      0.11422732      0.05514112           0.51012863   0.00031521896       0.62261278       1.0013604      0.99951795      0.99739967        54.57786      0.79509624        4.079036        3.531673       8.0156152       8.8142881         15.18426       81.352303       277.67393       63.793485       54.188213        116.8311       0.1492931        0.14187681        0.29688428       0.2400984        0.71446042       2.2637188   2.0924946e-09       148.88513      0.81692837       0.2796822      0.78877978       13.945823       2829.0791        2.213826       0.17896905         2.0348569       2852.6706                 38.159835                 396.84687                           2385.6481                      8.4242778               0.50120581              4.1563769                         9.2882407       9.6456431
              2       1428.5362        3.040942      0.96171356       69.810027     0.022074174      0.11422732      0.05514112           0.51012863   0.00031521896       0.62261278       1.0013604       0.9994464      0.99725876       54.442282      0.79201168       4.1348025       3.3947233       8.1103386       8.7248719        15.478002       81.717403        274.0942       63.683745       54.313887       117.10212      0.13984047        0.14364148        0.30643555      0.25136794        0.71482887       2.2638242   2.0924946e-09       148.88513      0.81692837       0.2796822      0.78877978       13.945823       2828.7213       2.3797731       0.34774921         2.0320239       2852.3128                 38.159835                 396.84687                           2385.2903                      8.4242778               0.50120581              4.1563769                         9.2882407       9.6456431
              1       1428.7809        3.040942      0.96171356       69.810027     0.022074174      0.11422732      0.05514112           0.51012863   0.00031521896       0.62261278       1.0013604      0.99922471      0.99747284       54.301778      0.79511277       4.1751723       3.6685882       8.1610566       8.5630022        15.516437       81.910766        276.2323       63.229658        54.67635       117.36342      0.15754419        0.15874285        0.32908821      0.27263023        0.74467786       2.2037493   2.0924946e-09       148.88513      0.81692837       0.2796822      0.78877978       13.945823       2828.2468       2.8617763        0.8041938         2.0575825       2851.8383                 38.159835                 396.84687                           2384.8158                      8.4242778               0.50120581              4.1563769                         9.2882407       9.6456431
              2       1428.8157       3.0412446       0.9616813       69.810027     0.022071692      0.11418948     0.054989637           0.51033797   0.00031463993       0.62281993       1.0013604      0.99924222      0.99748723       54.330837      0.79427158       4.1853535       3.6601344        8.143133       8.5439326        15.591454        81.94355       276.24511       63.352833       54.767926       117.37741      0.15682581         0.1624474        0.33003001      0.26903086        0.74637043       2.2065325   2.0931278e-09       148.89829      0.81688919      0.27959947      0.78862529        13.98629       2828.3149       2.8423128        0.7839878          2.058325       2851.9469                 38.268585                 396.78032                           2384.8887                      8.3773564               0.50381121              4.1628314                         9.3196474       9.6456431
              1       1428.4393       3.0412446       0.9616813       69.810027     0.022071692      0.11418948     0.054989637           0.51033797   0.00031463993       0.62281993       1.0013604      0.99925071      0.99750481       54.362267      0.80256409       4.2366553       3.7628856       8.0397348       8.5554482         15.61043       81.657356       276.57669       63.088373       54.970661       116.96523      0.14679871        0.15196838        0.32881518      0.23634704        0.75325209       2.2150563   2.0931278e-09       148.89829      0.81688919      0.27959947      0.78862529        13.98629       2828.6847       2.2809608       0.20314368         2.0778171       2852.3166                 38.268585                 396.78032                           2385.2584                      8.3773564               0.50381121              4.1628314                         9.3196474       9.6456431
              1       1427.3739       3.0412446       0.9616813       69.810027     0.022071692      0.11418948     0.054989637           0.51033797   0.00031463993       0.62281993       1.0013604      0.99939292      0.99775967       54.163905      0.82182884       4.0000051       3.3327561       7.3828531       8.9761419        15.516744       81.713438       282.86795       63.731047          55.127       117.64843      0.14665861        0.13079488        0.37241188      0.24260271        0.79672473       2.2050016   2.0931278e-09       148.89829      0.81688919      0.27959947      0.78862529        13.98629       2828.3385       1.3886489       -0.6319119         2.0205608       2851.9704                 38.268585                 396.78032                           2384.9122                      8.3773564               0.50381121              4.1628314                         9.3196474       9.6456431
              3       1427.2524       3.0412446       0.9616813       69.810027     0.022071692      0.11418948     0.054989637           0.51033797   0.00031463993       0.62281993       1.0013604      0.99942567      0.99775444         53.5209      0.87801062       4.0498538       3.8518911       7.6154673       9.8497556        16.000378        81.56823       282.55949       65.724819       55.300606        117.1116     0.086718981         0.1290387        0.38479733      0.27769946        0.73070293       2.2999001   2.0931278e-09       148.89829      0.81688919      0.27959947      0.78862529        13.98629       2828.4874        1.192777      -0.86319905          2.055976       2852.1193                 38.268585                 396.78032                           2385.0611                      8.3773564               0.50381121              4.1628314                         9.3196474       9.6456431
              2       1427.0795       3.0412446       0.9616813       69.810027     0.022071692      0.11418948     0.054989637           0.51033797   0.00031463993       0.62281993       1.0013604        0.999426      0.99782181       53.557671      0.90546335       4.0263722       3.7524707       7.7620184       9.6151832        15.772968       81.628013       282.14668        65.84808       55.205205       116.90432     0.076819759        0.11228607        0.40298693      0.27070427          0.729626       2.3232829   2.0931278e-09       148.89829      0.81688919      0.27959947      0.78862529        13.98629       2827.8158       1.3556338      -0.68872599         2.0443598       2851.4478                 38.268585                 396.78032                           2384.3896                      8.3773564               0.50381121              4.1628314                         9.3196474       9.6456431
              1        1427.655       3.0412446       0.9616813       69.810027     0.022071692      0.11418948     0.054989637           0.51033797   0.00031463993       0.62281993       1.0013604      0.99963009      0.99775778        53.57845      0.94002478       4.1144537       3.5881836       7.9236373       9.6830068        16.579694       81.573804       260.81246       65.792575       54.905305       116.76944     0.078543686        0.14181823        0.40649261      0.25136362        0.74212726       2.2836537   2.0931278e-09       148.89829      0.81688919      0.27959947      0.78862529        13.98629       2830.3508      0.66364066       -1.3789466         2.0425873       2853.9827                 38.268585                 396.78032                           2386.9245                      8.3773564               0.50381121              4.1628314                         9.3196474       9.6456431
              2       1427.2848       3.0412446       0.9616813       69.810027     0.022071692      0.11418948     0.054989637           0.51033797   0.00031463993       0.62281993       1.0013604      0.99962257      0.99777412       53.473082      0.95429221       4.0572809       3.5917845       7.7620544       9.7062334        16.502806       81.642918       260.07573       65.488179       54.764918       116.77996     0.090799431        0.13789461        0.39714762      0.25481646        0.72809296       2.2830775   2.0931278e-09       148.89829      0.81688919      0.27959947      0.78862529        13.98629       2830.2166      0.36050923       -1.6759524         2.0364617       2853.8485                 38.268585                 396.78032                           2386.7903                      8.3773564               0.50381121              4.1628314                         9.3196474       9.6456431
              1       1426.4477       3.0412446       0.9616813       69.810027     0.022071692      0.11418948     0.054989637           0.51033797   0.00031463993       0.62281993       1.0013604      0.99953739      0.99786507        53.46528       0.9410974       4.0191194       3.5779969       7.4150352       9.8534957        16.479383       82.048425        256.8044       66.386472       55.604507        117.6397      0.10838893        0.12351762        0.45141737      0.22048473        0.71276094       2.2585227   2.0931278e-09       148.89829      0.81688919      0.27959947      0.78862529        13.98629       2830.0138     -0.37515059       -2.4070715         2.0319209       2853.6457                 38.268585                 396.78032                           2386.5875                      8.3773564               0.50381121              4.1628314                         9.3196474       9.6456431
              5       1426.5792       3.0412446       0.9616813       69.810027     0.022071692      0.11418948     0.054989637           0.51033797   0.00031463993       0.62281993       1.0013604       0.9995399      0.99790684       53.262997      0.93337446         3.89856       3.3555407       7.6275416       9.7417613        16.168044       81.675478       257.82999       66.185644       55.527747       117.54578       0.1166141        0.13564426        0.44467118       0.2100776        0.72217429       2.2782213   2.0931278e-09       148.89829      0.81688919      0.27959947      0.78862529        13.98629        2830.409     -0.44119877       -2.4592325         2.0180338       2854.0409                 38.268585                 396.78032                           2386.9827                      8.3773564               0.50381121              4.1628314                         9.3196474       9.6456431
              2       1426.8774       3.0412446       0.9616813       69.810027     0.022071692      0.11418948     0.054989637           0.51033797   0.00031463993       0.62281993       1.0013604      0.99952335      0.99792511       53.286413      0.93876456       3.9612542       3.2971521       7.6238427       9.8571507        16.206955       81.424213       259.49298       66.307662       55.597779       117.32157      0.12292429        0.13213419        0.45058793      0.20715775        0.72035322       2.2878419   2.0931278e-09       148.89829      0.81688919      0.27959947      0.78862529        13.98629       2831.1153      -0.4962294       -2.5147951         2.0185657       2854.7473                 38.268585                 396.78032                           2387.6891                      8.3773564               0.50381121              4.1628314                         9.3196474       9.6456431
              1       1427.0987       3.0412446       0.9616813       69.810027     0.022071692      0.11418948     0.054989637           0.51033797   0.00031463993       0.62281993       1.0014846      0.99952335      0.99792511       53.286413      0.93876456       3.9612542       3.2971521       7.6238427       9.8571507        16.206955       81.424213       259.49298       66.307662       55.597779       117.32157      0.12292429        0.13213419        0.45058793      0.20715775        0.72035322       2.2878419   2.0931278e-09       148.89829      0.81688919      0.27959947      0.78862529        13.98629       2831.5014     -0.46795402       -2.4865197         2.0185657       2855.1334                 38.228083                 396.78032                           2388.1025                      8.3904877               0.50381121              4.1628314                         9.3196474       9.6456431
              1       1425.9236       3.0412446       0.9616813       69.810027     0.022071692      0.11418948     0.054989637           0.51033797   0.00031463993       0.62281993       1.0014846      0.99932077      0.99772675       53.818084      0.94872521       4.1389627       3.7882907       7.0020282       10.160145         16.60851       82.193707       279.28534       64.870702       54.790363       114.52304     0.089904414        0.13353018        0.48836863      0.20565682        0.66660757       2.2138598   2.0931278e-09       148.89829      0.81688919      0.27959947      0.78862529        13.98629       2827.2416      0.48682873       -1.5767915         2.0636202       2850.8735                 38.228083                 396.78032                           2383.8427                      8.3904877               0.50381121              4.1628314                         9.3196474       9.6456431
              1       1426.9602       3.0412446       0.9616813       69.810027     0.022071692      0.11418948     0.054989637           0.51033797   0.00031463993       0.62281993       1.0014846      0.99925324      0.99782196       53.594917      0.95094759        4.263304       3.9923315       7.1240513       9.9824749        16.305154       82.312631       277.80774       65.289283        54.28501       114.19853      0.09133844        0.12267148        0.48853086      0.16661062        0.67254095       2.1853296   2.0931278e-09       148.89829      0.81688919      0.27959947      0.78862529        13.98629        2828.879      0.70471197       -1.4087051          2.113417        2852.511                 38.228083                 396.78032                           2385.4801                      8.3904877               0.50381121              4.1628314                         9.3196474       9.6456431
              2       1426.8874       3.0412446       0.9616813       69.810027     0.022071692      0.11418948     0.054989637           0.51033797   0.00031463993       0.62281993       1.0013472      0.99925324      0.99782196       53.594917      0.95094759        4.263304       3.9923315       7.1240513       9.9824749        16.305154       82.312631       277.80774       65.289283        54.28501       114.19853      0.09133844        0.12267148        0.48853086      0.16661062        0.67254095       2.1853296   2.0931278e-09       148.89829      0.81688919      0.27959947      0.78862529        13.98629       2828.7957      0.67358092       -1.4398361          2.113417       2852.4276                 38.272886                 396.78032                           2385.3664                      8.3760141               0.50381121              4.1628314                         9.3196474       9.6456431
              2       1426.5952       3.0412446       0.9616813       69.810027     0.022071692      0.11418948     0.054989637           0.51033797   0.00031463993       0.62281993       1.0013472      0.99929535      0.99781721       53.642506      0.95359367         4.13718       4.1080581       7.1796702       9.9619205        16.309222       82.303101       280.13055       65.407241       54.355307       114.18194     0.092079015        0.12012229        0.49712832      0.16554624        0.68474809       2.1828648   2.0931278e-09       148.89829      0.81688919      0.27959947      0.78862529        13.98629        2828.374      0.59228696       -1.5089788         2.1012658       2852.0059                 38.272886                 396.78032                           2384.9448                      8.3760141               0.50381121              4.1628314                         9.3196474       9.6456431
              1       1426.4956       3.0412446       0.9616813       69.810027     0.022071692      0.11418948     0.054989637           0.51033797   0.00031463993       0.62281993       1.0013472      0.99928852      0.99781355       53.696501      0.95322144       4.1520648       4.0788127       7.2063248       9.9378674        16.260405       82.347631       280.15374       65.363942        54.40255       114.17855     0.092644572        0.11992561        0.49492583      0.16574324        0.69155363       2.1947384   2.0931278e-09       148.89829      0.81688919      0.27959947      0.78862529        13.98629       2828.1767      0.59131453       -1.5092123         2.1005268       2851.8087                 38.272886                 396.78032                           2384.7475                      8.3760141               0.50381121              4.1628314                         9.3196474       9.6456431
              2        1426.758       3.0412446       0.9616813       69.810027     0.022071692      0.11418948     0.054989637           0.51033797   0.00031463993       0.62281993       1.0016898      0.99928852      0.99781355       53.696501      0.95322144       4.1520648       4.0788127       7.2063248       9.9378674        16.260405       82.347631       280.15374       65.363942        54.40255       114.17855     0.092644572        0.11992561        0.49492583      0.16574324        0.69155363       2.1947384   2.0931278e-09       148.89829      0.81688919      0.27959947      0.78862529        13.98629       2828.5351      0.67455148       -1.4259754         2.1005268        2852.167                 38.161296                 396.78402                           2385.1757                      8.4140844               0.50381121              4.1628314                         9.3196474       9.6456431
              1       1426.9245       3.0412446       0.9616813       69.810027     0.022071692      0.11418948     0.054989637           0.51033797   0.00031463993       0.62281993       1.0016898      0.99942493      0.99779692       53.839942       0.9611809       4.1759982       4.0792545       7.0979655       9.8622612          16.0943       82.285124       281.58718       65.079358       54.032341       113.54963     0.085906443        0.11163459        0.51254791      0.17533922         0.6783037       2.2303318   2.0931278e-09       148.89829      0.81688919      0.27959947      0.78862529        13.98629        2828.534      0.84156002       -1.2643101         2.1058701       2852.1659                 38.161296                 396.78402                           2385.1746                      8.4140844               0.50381121              4.1628314                         9.3196474       9.6456431
              1       1425.7274       3.0412446       0.9616813       69.810027     0.022071692      0.11418948     0.054989637           0.51033797   0.00031463993       0.62281993       1.0016898      0.99939586      0.99812349       54.282279      0.98625821       4.1054933        3.907299       7.1612993       10.103939        16.369773       82.430584       281.41765       63.616288       54.325607       113.26797      0.10465046        0.13380467        0.47997464      0.21266679        0.63343789       2.1995256   2.0931278e-09       148.89829      0.81688919      0.27959947      0.78862529        13.98629       2827.5853      0.11875888       -1.9517224         2.0704813       2851.2172                 38.161296                 396.78402                           2384.2259                      8.4140844               0.50381121              4.1628314                         9.3196474       9.6456431
              1       1425.9244       3.0412446       0.9616813       69.810027     0.022071692      0.11418948     0.054989637           0.51033797   0.00031463993       0.62281993       1.0016898      0.99933536      0.99812449       54.077723      0.99903943       3.8732814       3.9888486       7.0470879       10.067135        16.792163       82.692354       280.83617       62.712501       54.017526       113.44422      0.11589211        0.13076789        0.48780591      0.20690299        0.65195546       2.2710527   2.0931278e-09       148.89829      0.81688919      0.27959947      0.78862529        13.98629       2828.1174     0.049753254       -1.9939493         2.0437026       2851.7494                 38.161296                 396.78402                            2384.758                      8.4140844               0.50381121              4.1628314                         9.3196474       9.6456431
              1       1426.1573       3.0412446       0.9616813       69.810027     0.022071692      0.11418948     0.054989637           0.51033797   0.00031463993       0.62281993       1.0016898      0.99919544      0.99811431       54.064031      0.98025831       3.9402301       4.2582686        7.476635       10.153682        16.609829        82.43757       279.15829       61.863201       53.091032       113.99466      0.10296905        0.10640626        0.48775169      0.19223681        0.61127463       2.2772632   2.0931278e-09       148.89829      0.81688919      0.27959947      0.78862529        13.98629       2826.8691      0.90680511       -1.1734789          2.080284        2850.501                 38.161296                 396.78402                           2383.5097                      8.4140844               0.50381121              4.1628314                         9.3196474       9.6456431
              2       1425.8377       3.0412446       0.9616813       69.810027     0.022071692      0.11418948     0.054989637           0.51033797   0.00031463993       0.62281993       1.0016898      0.99923175      0.99808147       54.015747      0.98601712        3.929805       4.4263244       7.4152345       10.033456        16.599798       82.683775       280.71891       61.545782       53.337524       114.27855     0.092865228        0.11238263        0.49012286       0.1888059        0.59932653       2.2561861   2.0931278e-09       148.89829      0.81688919      0.27959947      0.78862529        13.98629       2825.8702       1.0865742       -1.0128558           2.09943       2849.5022                 38.161296                 396.78402                           2382.5108                      8.4140844               0.50381121              4.1628314                         9.3196474       9.6456431
              4       1427.1655       3.0412446       0.9616813       69.810027     0.022071692      0.11418948     0.054989637           0.51033797   0.00031463993       0.62281993       1.0016898      0.99913557      0.99803514       54.083574      0.99919554       3.9842663       4.5048798       7.5491135       10.098466          16.7868       82.649985       282.80431       61.545521        52.94322        114.5225     0.073050458        0.11522412        0.50407982      0.19977556        0.59343482       2.3316448   2.0931278e-09       148.89829      0.81688919      0.27959947      0.78862529        13.98629       2826.8267       1.9362373       -0.1870684         2.1233057       2850.4586                 38.161296                 396.78402                           2383.4673                      8.4140844               0.50381121              4.1628314                         9.3196474       9.6456431
              1        1427.999       3.0412446       0.9616813       69.810027     0.022071692      0.11418948     0.054989637           0.51033797   0.00031463993       0.62281993       1.0016898      0.99911499      0.99805909       54.175449      0.99391896       4.1344516       4.5283655        7.586369       10.147068        16.497741       82.696154       281.80169       61.439057        52.86372       114.61708     0.070592553         0.1109187        0.51455033      0.18441984        0.58198088       2.3201886   2.0931278e-09       148.89829      0.81688919      0.27959947      0.78862529        13.98629       2827.5438       2.4110729       0.24346358         2.1676093       2851.1758                 38.161296                 396.78402                           2384.1844                      8.4140844               0.50381121              4.1628314                         9.3196474       9.6456431
              4       1428.2733       3.0412446       0.9616813       69.810027     0.022071692      0.11418948     0.054989637           0.51033797   0.00031463993       0.62281993       1.0016898      0.99911382      0.99812997       54.092242      0.99514366       4.0880393       4.8945007        7.717214       10.085179        16.581158       83.043739       281.42268       61.686241       52.471456       114.80302     0.083253569       0.099457483         0.5040804      0.20190085        0.57312373       2.3068207   2.0931278e-09       148.89829      0.81688919      0.27959947      0.78862529        13.98629       2828.3675       2.2735694      0.047927953         2.2256415       2851.9995                 38.161296                 396.78402                           2385.0081                      8.4140844               0.50381121              4.1628314                         9.3196474       9.6456431
              1       1430.7699       3.0412446       0.9616813       69.810027     0.022071692      0.11418948     0.054989637           0.51033797   0.00031463993       0.62281993       1.0016898      0.99927018      0.99797384       53.724749      0.95630646       4.2386464       4.6452263       8.1441798       10.618324        16.208573       83.762588       286.37946       60.094861       51.826465       115.38928      0.14093636         0.0957608        0.50659613      0.18252864        0.56158042       2.3480954   2.0931278e-09       148.89829      0.81688919      0.27959947      0.78862529        13.98629        2834.563       1.6724024      -0.55145746         2.2238599        2858.195                 38.161296                 396.78402                           2391.2036                      8.4140844               0.50381121              4.1628314                         9.3196474       9.6456431
              2       1431.3134       3.0412446       0.9616813       69.810027     0.022071692      0.11418948     0.054989637           0.51033797   0.00031463993       0.62281993       1.0016898      0.99921819      0.99805244       53.153005      0.96402539       4.1142159       5.4096231       8.5439124       11.181791        16.872422       83.878282        280.0311       58.835144       51.285418       115.73139      0.10888809       0.084488096        0.51783201     0.097553472        0.51560712       2.3994933   2.0931278e-09       148.89829      0.81688919      0.27959947      0.78862529        13.98629       2830.1917       4.4016006        2.0389441         2.3626565       2853.8236                 38.161296                 396.78402                           2386.8323                      8.4140844               0.50381121              4.1628314                         9.3196474       9.6456431
              1       1430.5941       3.0412446       0.9616813       69.810027     0.022071692      0.11418948     0.054989637           0.51033797   0.00031463993       0.62281993       1.0016898       0.9991997       0.9981072       53.070946      0.93143949       4.1957682       5.3696332        8.696875       11.036729        17.158291       83.672679       278.93998       58.886516       51.518048       115.55783     0.092512001        0.07675054        0.54949218     0.093288707        0.53449673       2.3609491   2.0931278e-09       148.89829      0.81688919      0.27959947      0.78862529        13.98629        2827.691       4.9326343        2.5444625         2.3881718       2851.3229                 38.161296                 396.78402                           2384.3316                      8.4140844               0.50381121              4.1628314                         9.3196474       9.6456431
              1       1430.8361       3.0412446       0.9616813       70.066401     0.022071692      0.11418948     0.054989637           0.51033797   0.00031463993       0.62281993       1.0016898       0.9991997       0.9981072       53.070946      0.93143949       4.1957682       5.3696332        8.696875       11.036729        17.158291       83.672679       278.93998       58.886516       51.518048       115.55783     0.092512001        0.07675054        0.54949218     0.093288707        0.53449673       2.3609491   2.0931278e-09       148.89829      0.81748716      0.27755709      0.78631485       16.077649       2827.5541       4.9326343        2.5444625         2.3881718       2851.8069                 38.267109                 396.78401                           2383.8905                      8.6124541               0.62349526              4.4489703                         11.005183       8.1751925
              1       1430.8918       3.0412446       0.9616813       70.066401     0.022071692      0.11418948     0.054989637           0.51033797   0.00031463993       0.62281993       1.0016898      0.99915841      0.99804616       53.139013      0.92867909       4.1224855       5.3927052       8.6381819       10.926782        16.887528       83.393543        272.2093       59.288769       52.197357       115.57504      0.10445319       0.082717048        0.56793823     0.083558671        0.52548531       2.4152109   2.0931278e-09       148.89829      0.81748716      0.27755709      0.78631485       16.077649       2826.9882       5.2712645        2.9096282         2.3616363        2851.241                 38.267109                 396.78401                           2383.3246                      8.6124541               0.62349526              4.4489703                         11.005183       8.1751925
              3       1431.4495       3.0412446       0.9616813       70.066401     0.022071692      0.11418948     0.054989637           0.51033797   0.00031463993       0.62281993       1.0016898      0.99946876      0.99815845       53.006603      0.92354669       4.4794386         5.06626       8.7049683       11.075217        17.147147        84.21746       263.56401       58.116184       51.765169       114.42229      0.15368545       0.079332542        0.56543663     0.084721181        0.57393636       2.5574571   2.0931278e-09       148.89829      0.81748716      0.27755709      0.78631485       16.077649       2830.1651       4.2405773        1.8079561         2.4326212       2854.4179                 38.267109                 396.78401                           2386.5015                      8.6124541               0.62349526              4.4489703                         11.005183       8.1751925
              1       1431.3005       3.0412446       0.9616813       70.066401     0.022071692      0.11418948     0.054989637           0.51033797   0.00031463993       0.62281993       1.0016898      0.99945322      0.99818208       52.856085      0.90112743       4.4173019       5.1235331       8.7241356       11.183799        17.350371       84.204433       265.98108       58.338672       51.613112       114.04586      0.14795885       0.074841109        0.56914545      0.09138583        0.57300925       2.5387583   2.0931278e-09       148.89829      0.81748716      0.27755709      0.78631485       16.077649       2829.8645       4.2418257        1.8219058         2.4199199       2854.1173                 38.267109                 396.78401                           2386.2009                      8.6124541               0.62349526              4.4489703                         11.005183       8.1751925
              1       1431.1814       3.0412446       0.9616813       70.066401     0.022071692      0.11418948     0.054989637           0.51033797   0.00031463993       0.62281993       1.0016898      0.99944246      0.99817039        52.84945      0.90084088       4.4236764       5.1355245       8.7177988       11.186114        17.347974       84.195084       266.27631       58.337518       51.622072       114.10756      0.14965797       0.073889557        0.56828853     0.093930945        0.57729908       2.5371521   2.0931278e-09       148.89829      0.81748716      0.27755709      0.78631485       16.077649       2829.7314       4.1892492        1.7626664         2.4265828       2853.9843                 38.267109                 396.78401                           2386.0679                      8.6124541               0.62349526              4.4489703                         11.005183       8.1751925
              1       1429.0304       3.0412446       0.9616813       70.066401     0.022071692      0.11418948     0.054989637           0.51033797   0.00031463993       0.62281993       1.0016898      0.99929394      0.99824764       52.860954      0.90935589       4.4058078       4.8076657        8.523502       10.919343        17.225073       84.471237       260.06185       58.221124       51.985342       113.93574     0.089868889       0.083226891        0.58266838        0.124547        0.59478067       2.3910534   2.0931278e-09       148.89829      0.81748716      0.27755709      0.78631485       16.077649       2826.8875       3.4601992        1.1340233         2.3261759       2851.1403                 38.267109                 396.78401                           2383.2239                      8.6124541               0.62349526              4.4489703                         11.005183       8.1751925
              1       1429.1383       3.0412446       0.9616813       70.066401     0.022071692      0.11418948     0.054989637           0.51033797   0.00031463993       0.62281993       1.0016898      0.99929052      0.99824017       52.863149      0.90952264        4.426004       4.8101199       8.5370902       10.909154         17.22767       84.515641       260.10788         58.2722       51.928142       113.88857     0.088590307       0.082606229        0.58449743      0.11943741        0.59820125       2.3898381   2.0931278e-09       148.89829      0.81748716      0.27755709      0.78631485       16.077649       2826.8385       3.5926152        1.2572669         2.3353483       2851.0913                 38.267109                 396.78401                           2383.1749                      8.6124541               0.62349526              4.4489703                         11.005183       8.1751925
              1       1430.1528       3.0412446       0.9616813       70.066401     0.022071692      0.11418948     0.054989637           0.51033797   0.00031463993       0.62281993       1.0016898      0.99928017      0.99820113       52.876414      0.90262684        4.260402       4.6804189       8.3129372        10.91238        16.786926       84.898803       258.60057       57.221994       51.854841       113.77948     0.078143917       0.086282562        0.58802557     0.082282758         0.6346274       2.4340846   2.0931278e-09       148.89829      0.81748716      0.27755709      0.78631485       16.077649         2827.56       4.2463686        2.0072479         2.2391207       2851.8129                 38.267109                 396.78401                           2383.8964                      8.6124541               0.62349526              4.4489703                         11.005183       8.1751925
              1       1431.8232       3.0412446       0.9616813       70.066401     0.022071692      0.11418948     0.054989637           0.51033797   0.00031463993       0.62281993       1.0016898      0.99917463      0.99828209       52.985275      0.92468983       4.0383559       5.1466782       8.4467503        10.61831        16.177958       84.042081       257.43393       57.229899       52.346904       114.37756     0.048535696       0.081137733        0.57865137     0.063058715        0.63272271       2.3424272   2.0931278e-09       148.89829      0.81748716      0.27755709      0.78631485       16.077649       2827.1872       6.1031722        3.8387399         2.2644322         2851.44                 38.267109                 396.78401                           2383.5236                      8.6124541               0.62349526              4.4489703                         11.005183       8.1751925
              1       1430.9775       3.0412446       0.9616813       70.066401     0.022071692      0.11418948     0.054989637           0.51033797   0.00031463993       0.62281993       1.0016898      0.99914189      0.99830499       53.012832      0.92391291       3.9698613       5.1242988       8.4755412       10.402085        16.197714       84.274939       257.61453       57.009499       52.367545       113.91706     0.062153834       0.077631885        0.57898816     0.065743787        0.62109591       2.3343123   2.0931278e-09       148.89829      0.81748716      0.27755709      0.78631485       16.077649       2826.2532       5.7244607        3.4899721         2.2344886        2850.506                 38.267109                 396.78401                           2382.5896                      8.6124541               0.62349526              4.4489703                         11.005183       8.1751925
              2       1430.1177       3.0412446       0.9616813       70.066401     0.022071692      0.11418948     0.054989637           0.51033797   0.00031463993       0.62281993       1.0005857      0.99924685      0.99832686       53.129672       0.9297634        3.860484       5.1530743       8.4385393       10.440464        16.314279       84.460584       257.48468       57.317885        52.20489       113.83798      0.04660172       0.061856785         0.5765714     0.066280105        0.61574408       2.3375768   2.0931278e-09       148.89829      0.81748716      0.27755709      0.78631485       16.077649       2822.6276       6.6774961        4.4739261         2.2035701       2846.8805                 38.628951                 396.78492                           2378.7705                      8.4432254               0.62349526              4.4489703                         11.005183       8.1751925
              1       1429.2004       3.0412446       0.9616813       70.066401     0.022071692      0.11418948     0.054989637           0.51033797   0.00031463993       0.62281993       1.0005857      0.99936529       0.9980996       53.565001      0.96587012        3.630374       5.3062524       8.2694508       10.558213        15.984186       84.876543       252.46125       58.033544       52.445053       115.27423      0.14614742       0.073385694        0.55740098     0.089060406        0.62594534       2.3396625   2.0931278e-09       148.89829      0.81748716      0.27755709      0.78631485       16.077649       2828.1324        3.007771       0.84534552         2.1624254       2852.3853                 38.628951                 396.78492                           2384.2753                      8.4432254               0.62349526              4.4489703                         11.005183       8.1751925
              1       1429.7144       3.0412446       0.9616813       70.066401     0.022071692      0.11418948     0.054989637           0.51033797   0.00031463993       0.62281993       1.0005857      0.99936013       0.9981437       53.467755        0.965086       3.5977898       5.3917579       8.2184283       10.615337        15.887606          84.878       254.67108       57.880365       52.437877        115.3958      0.15117437       0.065198213        0.57389089     0.099976974        0.62579024       2.3502035   2.0931278e-09       148.89829      0.81748716      0.27755709      0.78631485       16.077649       2828.2251       3.4754052        1.3069302          2.168475        2852.478                 38.628951                 396.78492                            2384.368                      8.4432254               0.62349526              4.4489703                         11.005183       8.1751925
              1        1431.628       3.0412446       0.9616813       70.066401     0.022071692      0.11418948     0.054989637           0.51033797   0.00031463993       0.62281993       1.0005857      0.99942327       0.9980746       53.706633      0.95737474       3.7988177       5.7748351       7.9897336        11.32857        16.455236       83.976961       247.67779       56.920264       52.855655       116.08278     0.098347978       0.088866199        0.63429361     0.067066669        0.63252796       2.3501437   2.0931278e-09       148.89829      0.81748716      0.27755709      0.78631485       16.077649       2829.8642        4.569442        2.2443166         2.3251254        2854.117                 38.628951                 396.78492                           2386.0071                      8.4432254               0.62349526              4.4489703                         11.005183       8.1751925
              2       1430.8728       3.0412446       0.9616813       70.066401     0.022071692      0.11418948     0.054989637           0.51033797   0.00031463993       0.62281993       1.0005857      0.99940695      0.99813198       53.064436      0.99677066       4.0281675       5.7633122       8.4853673       11.591049        17.640768       84.717817       252.13629       57.197801       53.148365       116.13236      0.13200263        0.11276031        0.65414514     0.079533141        0.58968081       2.4364296   2.0931278e-09       148.89829      0.81748716      0.27755709      0.78631485       16.077649       2828.5818       4.4555017         2.030433         2.4250688       2852.8347                 38.628951                 396.78492                           2384.7247                      8.4432254               0.62349526              4.4489703                         11.005183       8.1751925
              1       1431.6544       3.0412446       0.9616813       70.066401     0.022071692      0.11418948     0.054989637           0.51033797   0.00031463993       0.62281993       1.0005857       0.9994314      0.99813926       53.128018      0.99652897       4.0805546       5.7580722       8.5704538       11.591308        17.465324       84.771728       252.54326       57.118976       53.294472       116.35585      0.14357641        0.11258679        0.65725247     0.067701026        0.58816411       2.4286651   2.0931278e-09       148.89829      0.81748716      0.27755709      0.78631485       16.077649       2829.2705       4.8927034        2.4436446         2.4490588       2853.5233                 38.628951                 396.78492                           2385.4134                      8.4432254               0.62349526              4.4489703                         11.005183       8.1751925
              1        1430.744       3.0412446       0.9616813       70.066401     0.022071692      0.11418948     0.054989637           0.51033797   0.00031463993       0.62281993       1.0005857       0.9995051      0.99853249       54.027933      0.97623527       4.6479894       5.7039522        8.802949        10.83316        17.638887       85.448466       254.49277       53.381845       53.299532       115.19497      0.08426436        0.11083312        0.64351639      0.10900651        0.61351847       2.5598125   2.0931278e-09       148.89829      0.81748716      0.27755709      0.78631485       16.077649        2828.265       4.4850924        1.7311553         2.7539371       2852.5178                 38.628951                 396.78492                           2384.4079                      8.4432254               0.62349526              4.4489703                         11.005183       8.1751925
              2       1430.6512       3.0412446       0.9616813       70.066401     0.022071692      0.11418948     0.054989637           0.51033797   0.00031463993       0.62281993       1.0005857      0.99950783      0.99854402       54.060272      0.97348742       4.6355633       5.6880959        8.810562       10.860632        17.631489       85.452394       254.47555       53.398306       53.324458        115.2237     0.085715147        0.10984847        0.64176352      0.11015467        0.61231793       2.5677287   2.0931278e-09       148.89829      0.81748716      0.27755709      0.78631485       16.077649       2828.1936       4.4280192        1.6884681         2.7395511       2852.4464                 38.628951                 396.78492                           2384.3365                      8.4432254               0.62349526              4.4489703                         11.005183       8.1751925
              1       1430.9113       3.0412446       0.9616813       70.066401     0.022071692      0.11418948     0.054989637           0.51033797   0.00031463993       0.62281993       1.0005857      0.99949116      0.99851638       54.057391      0.97618576       4.6788765         5.77671       8.7563218       10.964648        17.739736        85.69964       256.80499       53.607928        53.51162       115.45183     0.091778241        0.11209359        0.63257184       0.1059847        0.61370798       2.5614037   2.0931278e-09       148.89829      0.81748716      0.27755709      0.78631485       16.077649       2829.2595       4.1550746        1.3508844         2.8041903       2853.5124                 38.628951                 396.78492                           2385.4025                      8.4432254               0.62349526              4.4489703                         11.005183       8.1751925
              3       1430.9326       3.0412446       0.9616813       70.066401     0.022071692      0.11418948     0.054989637           0.51033797   0.00031463993       0.62281993       1.0017975      0.99949116      0.99851638       54.057391      0.97618576       4.6788765         5.77671       8.7563218       10.964648        17.739736        85.69964       256.80499       53.607928        53.51162       115.45183     0.091778241        0.11209359        0.63257184       0.1059847        0.61370798       2.5614037   2.0931278e-09       148.89829      0.81748716      0.27755709      0.78631485       16.077649         2828.84       4.3861155        1.5819252         2.8041903       2853.0929                 38.232007                   396.772                           2385.2034                      8.6326322               0.62349526              4.4489703                         11.005183       8.1751925
              1       1431.3362       3.0412446       0.9616813       70.066401     0.022071692      0.11418948     0.054989637           0.51033797   0.00031463993       0.62281993       1.0017975      0.99948559       0.9985497        54.15386      0.97593293       4.7083358       5.7111388       8.7395952       10.952667        17.754457       85.850061       256.31452       53.480189       53.603231       115.41175      0.10168135        0.11347875        0.62058698     0.091494199        0.61418322       2.5620851   2.0931278e-09       148.89829      0.81748716      0.27755709      0.78631485       16.077649       2829.8847       4.2673999         1.470899         2.7965009       2854.1375                 38.232007                   396.772                           2386.2481                      8.6326322               0.62349526              4.4489703                         11.005183       8.1751925
              5       1430.6278       3.0412446       0.9616813       70.066401     0.022071692      0.11418948     0.054989637           0.51033797   0.00031463993       0.62281993       1.0012941      0.99948559       0.9985497        54.15386      0.97593293       4.7083358       5.7111388       8.7395952       10.952667        17.754457       85.850061       256.31452       53.480189       53.603231       115.41175      0.10168135        0.11347875        0.62058698     0.091494199        0.61418322       2.5620851   2.0931278e-09       148.89829      0.81748716      0.27755709      0.78631485       16.077649       2828.7169        4.142893        1.3463921         2.7965009       2852.9698                 38.396357                 396.76364                            2385.013                      8.5439119               0.62349526              4.4489703                         11.005183       8.1751925
              1       1429.2157       3.0412446       0.9616813       70.066401     0.022071692      0.11418948     0.054989637           0.51033797   0.00031463993       0.62281993       1.0012941      0.99959657      0.99864218       54.107535      0.98107868       4.3578681       5.7568082       8.7049508       11.253167        17.829046        86.10317       259.69168       53.962235       53.517051       115.07458     0.083046276       0.096656566        0.61055307      0.10703578        0.61495284       2.5158791   2.0931278e-09       148.89829      0.81748716      0.27755709      0.78631485       16.077649        2826.091       4.0437973        1.4468572         2.5969401       2850.3439                 38.396357                 396.76364                           2382.3871                      8.5439119               0.62349526              4.4489703                         11.005183       8.1751925
              1       1429.2588       3.0412446       0.9616813       70.066401     0.022071692      0.11418948     0.054989637           0.51033797   0.00031463993       0.62281993       1.0012941      0.99961387      0.99862847       54.493469      0.97553193       4.4025681       5.5677649       8.4457932       11.507956        17.448982       86.118712       255.03216       53.783184         53.7346       115.00404      0.10140907       0.081406791        0.60108562      0.11162515        0.61884637       2.4748103   2.0931278e-09       148.89829      0.81748716      0.27755709      0.78631485       16.077649       2826.7394       3.7626438        1.2071064         2.5555374       2850.9922                 38.396357                 396.76364                           2383.0355                      8.5439119               0.62349526              4.4489703                         11.005183       8.1751925
              2       1430.2808       3.0412446       0.9616813       70.066401     0.022071692      0.11418948     0.054989637           0.51033797   0.00031463993       0.62281993       1.0006906      0.99971113      0.99846467       54.268203      0.99698393       4.2759852       5.3878895        8.722971       11.458175        17.603931       86.107268       254.78993       54.031199       53.835669       114.74154      0.15617511       0.084659226        0.58994761      0.05944585        0.63967096        2.424883   2.0931278e-09       148.89829      0.81748716      0.27755709      0.78631485       16.077649        2828.597       3.8558851        1.4244463         2.4314388       2852.8499                 38.594425                 396.78492                           2384.7614                       8.456339               0.62349526              4.4489703                         11.005183       8.1751925
              1       1429.8211       3.0412446       0.9616813       70.066401     0.022071692      0.11418948     0.054989637           0.51033797   0.00031463993       0.62281993       1.0014885       0.9997457      0.99836892       54.242217      0.99440396       4.4674306       5.8140753       8.7545513       11.434585        17.525044        86.70935       254.41326       54.618507        54.41687       113.53756      0.14402696        0.12646368        0.59105858     0.069500959        0.62383311       2.3252563   2.0931278e-09       148.89829      0.81748716      0.27755709      0.78631485       16.077649       2829.5811       2.9041273       0.22073218         2.6833951       2853.8339                  38.33282                 396.78401                           2385.8878                      8.5764787               0.62349526              4.4489703                         11.005183       8.1751925
              1       1429.3834       3.0412446       0.9616813       70.066401     0.022071692      0.11418948     0.054989637           0.51033797   0.00031463993       0.62281993       1.0014885      0.99979274      0.99827241       54.619672      0.96627856       4.3474687       5.6772162       8.8209009       11.268781        17.520833       86.815152       246.81514       53.838198       53.758002       112.13314      0.12548541        0.11160194        0.62324894     0.086270392        0.60961158        2.299944   2.0931278e-09       148.89829      0.81748716      0.27755709      0.78631485       16.077649       2828.5331       2.9904813        0.4275566         2.5629247       2852.7859                  38.33282                 396.78401                           2384.8398                      8.5764787               0.62349526              4.4489703                         11.005183       8.1751925
              1       1429.4794       3.0412446       0.9616813       70.066401     0.022071692      0.11418948     0.054989637           0.51033797   0.00031463993       0.62281993       1.0014885      0.99987476      0.99824904       54.616695      0.97641247       4.4129982        5.384416       9.0091737       11.281646        17.703997       86.178285       239.05431       53.771463       53.378894       112.46058      0.12343162        0.10875824        0.58124284     0.086594132        0.64370733        2.347572   2.0931278e-09       148.89829      0.81748716      0.27755709      0.78631485       16.077649       2830.7742       1.9658462      -0.53360907         2.4994553       2855.0271                  38.33282                 396.78401                           2387.0809                      8.5764787               0.62349526              4.4489703                         11.005183       8.1751925
              1        1429.724       3.0412446       0.9616813       70.066401     0.022071692      0.11418948     0.054989637           0.51033797   0.00031463993       0.62281993       1.0001072      0.99982871      0.99823869       54.614257      0.97655792       4.4254477       5.3240695        9.071954       11.267462        17.675086       86.246126       239.68179       53.739676       53.350911       112.39623      0.12382341        0.11189653        0.57915218     0.087936399        0.64489977       2.3483978   2.0931278e-09       148.89829      0.81748716      0.27755709      0.78631485       16.077649       2831.8079       1.6935989      -0.79271747         2.4863164       2856.0607                 38.786965                 396.78182                           2387.8478                      8.3912792               0.62349526              4.4489703                         11.005183       8.1751925
              1       1431.0247       3.0412446       0.9616813       70.066401     0.022071692      0.11418948     0.054989637           0.51033797   0.00031463993       0.62281993       1.0001072        0.999835      0.99830525       54.800966      0.99576168       4.3095157       5.3532842       9.1719976       11.102169        17.600895       86.627972       239.61599       54.250883       53.158859       112.66056       0.1033248       0.098975119        0.56307717     0.086979465        0.63365049       2.3465649   2.0931278e-09       148.89829      0.81748716      0.27755709      0.78631485       16.077649       2833.8572       1.9696637      -0.46757063         2.4372344       2858.1101                 38.786965                 396.78182                           2389.8972                      8.3912792               0.62349526              4.4489703                         11.005183       8.1751925
              1       1430.5828       3.0412446       0.9616813       70.066401     0.022071692      0.11418948     0.054989637           0.51033797   0.00031463993       0.62281993       1.0001072      0.99988283      0.99893227       54.473847      0.98934828       4.2136398       5.2492601       9.4677317       10.870648        18.077838       88.342764       228.11375       51.747619       55.867992       112.78955     0.081349227        0.12690189        0.58043603      0.17260059        0.69155559       2.3599626   2.0931278e-09       148.89829      0.81748716      0.27755709      0.78631485       16.077649       2833.7745       1.5691207      -0.79318006         2.3623007       2858.0274                 38.786965                 396.78182                           2389.8145                      8.3912792               0.62349526              4.4489703                         11.005183       8.1751925
              3       1429.5311       3.0412446       0.9616813       70.066401     0.022071692      0.11418948     0.054989637           0.51033797   0.00031463993       0.62281993       1.0001072      0.99992265      0.99890311       54.578258       0.9945577       4.3483357       5.2711726        9.502365       10.715008        18.267962       88.400361       227.22807       51.650947       55.793219        113.1202      0.10554113        0.13336672        0.57114286      0.19756804        0.66581897       2.3230282   2.0931278e-09       148.89829      0.81748716      0.27755709      0.78631485       16.077649       2833.2387      0.78535406       -1.6457948         2.4311489       2857.4916                 38.786965                 396.78182                           2389.2787                      8.3912792               0.62349526              4.4489703                         11.005183       8.1751925
              1       1429.2022       3.0412446       0.9616813       70.066401     0.022071692      0.11418948     0.054989637           0.51033797   0.00031463993       0.62281993       1.0001072      0.99982973      0.99889438       54.435665      0.99570124       4.3407666       5.1669012        9.504951       10.599728        18.314772       88.310224       227.41389       51.812322       55.799353        113.5669      0.11341833        0.13273639        0.57692004      0.20141819        0.65805081       2.3283583   2.0931278e-09       148.89829      0.81748716      0.27755709      0.78631485       16.077649       2832.5362      0.80769341       -1.5889247         2.3966181        2856.789                 38.786965                 396.78182                           2388.5761                      8.3912792               0.62349526              4.4489703                         11.005183       8.1751925
              1       1429.9876       3.0412446       0.9616813       70.066401     0.022071692      0.11418948     0.054989637           0.51033797   0.00031463993       0.62281993       1.0001072      0.99988299      0.99885863        54.19337      0.98119285       4.4261272       5.5544243       9.2985339       10.578507        17.864841       88.349529       230.37463       51.960096        56.12601       113.62442      0.10686003         0.1102188        0.60292198      0.21020505        0.63948763       2.3921993   2.0931278e-09       148.89829      0.81748716      0.27755709      0.78631485       16.077649       2832.3549        1.683692      -0.88029911         2.5639911       2856.6077                 38.786965                 396.78182                           2388.3948                      8.3912792               0.62349526              4.4489703                         11.005183       8.1751925
              1       1432.5885       3.0412446       0.9616813       70.066401     0.022071692      0.11418948     0.054989637           0.51033797   0.00031463993       0.62281993       1.0001072      0.99985043      0.99875715       54.003646      0.97053635       4.6221536       5.7822658       9.0698453       10.349738        18.387201       88.172216       221.24001       50.811887       56.615172       113.79133      0.10525514        0.12052791          0.589404      0.18114436        0.66007361       2.4275449   2.0931278e-09       148.89829      0.81748716      0.27755709      0.78631485       16.077649        2838.199       1.3625701       -1.4064009          2.768971       2862.4519                 38.786965                 396.78182                           2394.2389                      8.3912792               0.62349526              4.4489703                         11.005183       8.1751925
              2       1431.8725       3.0412446       0.9616813       70.066401     0.022071692      0.11418948     0.054989637           0.51033797   0.00031463993       0.62281993       1.0001072       0.9997519      0.99883728       54.153867      0.92716129       4.8851174       5.7475103       9.7017053       10.206055        17.765368       88.220294       217.39677        51.84612       57.208229       114.01496     0.067302408        0.12378062        0.54251838      0.18611127         0.6530866       2.4321736   2.0931278e-09       148.89829      0.81748716      0.27755709      0.78631485       16.077649       2834.9836       2.2543182      -0.68065725         2.9349754       2859.2365                 38.786965                 396.78182                           2391.0235                      8.3912792               0.62349526              4.4489703                         11.005183       8.1751925
              2       1433.4208       3.0412446       0.9616813       70.066401     0.022071692      0.11418948     0.054989637           0.51033797   0.00031463993       0.62281993       1.0001072      0.99975923      0.99914361       54.425429      0.91925174       4.9085563       5.7981685       9.7713538       10.552961        17.888646       89.623376       218.60459       52.306112       57.349822       113.65724     0.072845898        0.11255925        0.58920904       0.1738031        0.61094008       2.3896605   2.0931278e-09       148.89829      0.81748716      0.27755709      0.78631485       16.077649       2835.0456       3.7716267       0.79641315         2.9752136       2859.2984                 38.786965                 396.78182                           2391.0855                      8.3912792               0.62349526              4.4489703                         11.005183       8.1751925
              1       1434.0874       3.0412446       0.9616813       70.066401     0.022071692      0.11418948     0.054989637           0.51033797   0.00031463993       0.62281993       1.0001072      0.99989663      0.99912292       53.913019      0.92971015       4.9608954       5.6607552       9.8169651       10.553079        18.096983       90.159163        219.3124       51.825478       57.594843        114.0392     0.054380617        0.11603755        0.58935199      0.16454879        0.61605984        2.403142   2.0931278e-09       148.89829      0.81748716      0.27755709      0.78631485       16.077649       2835.3617       4.2801062        1.3294919         2.9506143       2859.6145                 38.786965                 396.78182                           2391.4016                      8.3912792               0.62349526              4.4489703                         11.005183       8.1751925
              2        1434.818       3.0412446       0.9616813       70.066401     0.022071692      0.11418948     0.054989637           0.51033797   0.00031463993       0.62281993       1.0001072      0.99993152      0.99910208       54.015571      0.94453051       4.9294717       5.5071565       9.8146982        10.63813        18.642037       89.943883       214.01697       52.490713       57.892588       113.93806     0.056492604        0.11963185        0.60176091      0.17494272         0.6138327       2.4378111   2.0931278e-09       148.89829      0.81748716      0.27755709      0.78631485       16.077649       2837.0505       4.1662949        1.3062074         2.8600875       2861.3033                 38.786965                 396.78182                           2393.0904                      8.3912792               0.62349526              4.4489703                         11.005183       8.1751925
              2       1434.1914       3.0412446       0.9616813       70.066401     0.022071692      0.11418948     0.054989637           0.51033797   0.00031463993       0.62281993       1.0001072       0.9998871      0.99880082        53.42893      0.94837298       4.5850687       5.4816471       10.152426       10.701245        19.012317        90.64443        221.3484       53.760416        58.07886       114.99419     0.066359346        0.10791458         0.5960959      0.15994302        0.65919356        2.313324   2.0931278e-09       148.89829      0.81748716      0.27755709      0.78631485       16.077649       2838.7217       2.7041212         0.075042         2.6290792       2862.9745                 38.786965                 396.78182                           2394.7616                      8.3912792               0.62349526              4.4489703                         11.005183       8.1751925
              1       1432.8641       3.0412446       0.9616813       70.066401     0.022071692      0.11418948     0.054989637           0.51033797   0.00031463993       0.62281993       1.0001072      0.99994193      0.99869772       53.461427      0.95280566       4.5400112       5.4359383       9.6761644       10.659721        18.984739       91.101909       220.01065       53.643744       57.559766       115.24193     0.094871923        0.11843582        0.55905025      0.17516544        0.65554564       2.3210533   2.0931278e-09       148.89829      0.81748716      0.27755709      0.78631485       16.077649       2839.9985      0.73847531       -1.8479488         2.5864242       2864.2513                 38.786965                 396.78182                           2396.0384                      8.3912792               0.62349526              4.4489703                         11.005183       8.1751925
              1       1432.4579       3.0412446       0.9616813       70.066401     0.022071692      0.11418948     0.054989637           0.51033797   0.00031463993       0.62281993       1.0001072       1.0000353      0.99860738       52.603342      0.97768626       4.5440196       5.8121366       9.9793608       10.469402        19.007836       90.237797       221.66725       53.975058       56.903166       114.86928     0.072194157        0.14133033        0.52317662      0.19530976        0.62222963       2.3743403   2.0931278e-09       148.89829      0.81748716      0.27755709      0.78631485       16.077649       2838.1707       1.2461047       -1.4844902         2.7305949       2862.4236                 38.786965                 396.78182                           2394.2107                      8.3912792               0.62349526              4.4489703                         11.005183       8.1751925
              1       1431.6292       3.0412446       0.9616813       70.066401     0.022071692      0.11418948     0.054989637           0.51033797   0.00031463993       0.62281993       1.0001072       1.0000291      0.99870866       52.508021      0.97469119        4.604957       5.7775983        9.951777       10.510987        19.175352       90.328444       223.98656       54.326517       57.123244       115.37871     0.074232614        0.12608402        0.51929806      0.22639354        0.61745664         2.39189   2.0931278e-09       148.89829      0.81748716      0.27755709      0.78631485       16.077649        2836.304        1.350783       -1.4050949         2.7558778       2860.5568                 38.786965                 396.78182                           2392.3439                      8.3912792               0.62349526              4.4489703                         11.005183       8.1751925
              1        1431.858       3.0412446       0.9616813       70.066401     0.022071692      0.11418948     0.054989637           0.51033797   0.00031463993       0.62281993       1.0001072       1.0000958       0.9986596       52.309834      0.97675936       4.5693106       5.8606108       9.8862019       10.605901        19.157998       90.332745       224.11518       54.163767       57.139023       115.60701     0.082627466        0.12899861         0.5209933      0.22657159        0.62297135        2.396374   2.0931278e-09       148.89829      0.81748716      0.27755709      0.78631485       16.077649       2837.5248      0.96919906       -1.7972389          2.766438       2861.7776                 38.786965                 396.78182                           2393.5647                      8.3912792               0.62349526              4.4489703                         11.005183       8.1751925
              1        1431.987       3.0412446       0.9616813       70.066401     0.022071692      0.11418948     0.054989637           0.51033797   0.00031463993       0.62281993       1.0001072        1.000083      0.99866424       52.214767      0.98183493       4.5663185       5.7978024       9.8436358       10.661855        19.226499       90.241001       222.57349       54.191962       57.056606       115.68954     0.075735933        0.12407474        0.51745494      0.22048051        0.61264143       2.3941919   2.0931278e-09       148.89829      0.81748716      0.27755709      0.78631485       16.077649       2837.3415       1.1898342       -1.5492823         2.7391165       2861.5943                 38.786965                 396.78182                           2393.3814                      8.3912792               0.62349526              4.4489703                         11.005183       8.1751925
              1       1431.7399       3.0412446       0.9616813       70.066401     0.022071692      0.11418948     0.054989637           0.51033797   0.00031463993       0.62281993       1.0001072       1.0000827      0.99865346       52.237561      0.97795317       4.5720026       5.7837188       9.8520543       10.659467        19.161403       90.219756       222.31749       54.280151        57.03996       115.80289     0.080610813        0.12664559        0.51447699      0.21835284         0.6096572       2.3847331   2.0931278e-09       148.89829      0.81748716      0.27755709      0.78631485       16.077649       2837.1965       1.0152566       -1.7218635           2.73712       2861.4494                 38.786965                 396.78182                           2393.2365                      8.3912792               0.62349526              4.4489703                         11.005183       8.1751925
              3       1431.1649       3.0412446       0.9616813       70.066401     0.022071692      0.11418948     0.054989637           0.51033797   0.00031463993       0.62281993       1.0003132       1.0000827      0.99865346       52.237561      0.97795317       4.5720026       5.7837188       9.8520543       10.659467        19.161403       90.219756       222.31749       54.280151        57.03996       115.80289     0.080610813        0.12664559        0.51447699      0.21835284         0.6096572       2.3847331   2.0931278e-09       148.89829      0.81748716      0.27755709      0.78631485       16.077649       2836.0326       1.0221868       -1.7149333           2.73712       2860.2854                 38.718852                 396.76784                           2392.1338                      8.4120518               0.62349526              4.4489703                         11.005183       8.1751925
              1       1431.2186       3.0412446       0.9616813       70.066401     0.022071692      0.11418948     0.054989637           0.51033797   0.00031463993       0.62281993       1.0003132       1.0000061      0.99866275        52.42502      0.96789088       4.5778074       5.7136176       9.8571747       10.652586        19.080561       90.229266       220.38095       54.016811       56.964623       115.91289     0.074364122        0.11967453        0.51208307      0.22062781        0.61852548       2.3961064   2.0931278e-09       148.89829      0.81748716      0.27755709      0.78631485       16.077649        2835.806       1.1891473       -1.5238601         2.7130074       2860.0589                 38.718852                 396.76784                           2391.9073                      8.4120518               0.62349526              4.4489703                         11.005183       8.1751925
              1       1430.5228       3.0412446       0.9616813       70.066401     0.022071692      0.11418948     0.054989637           0.51033797   0.00031463993       0.62281993       1.0011495       1.0000061      0.99866275        52.42502      0.96789088       4.5778074       5.7136176       9.8571747       10.652586        19.080561       90.229266       220.38095       54.016811       56.964623       115.91289     0.074364122        0.11967453        0.51208307      0.22062781        0.61852548       2.3961064   2.0931278e-09       148.89829      0.81748716      0.27755709      0.78631485       16.077649       2834.2188       1.2870087       -1.4259987         2.7130074       2858.4717                 38.443705                  396.7617                           2390.4924                      8.5210588               0.62349526              4.4489703                         11.005183       8.1751925
              3       1432.9141       3.0412446       0.9616813       70.066401     0.022071692      0.11418948     0.054989637           0.51033797   0.00031463993       0.62281993       1.0011495      0.99988753      0.99874232       52.314289      0.94963098       4.6940888       5.9744488       10.125666        10.18519        19.266588       89.600302       221.45978       54.546177       57.824791       116.77038      0.11557477        0.11158966        0.49666037      0.21233031        0.62588591       2.4396345   2.0931278e-09       148.89829      0.81748716      0.27755709      0.78631485       16.077649       2839.6831      0.94609886       -1.9536826         2.8997815        2863.936                 38.443705                  396.7617                           2395.9567                      8.5210588               0.62349526              4.4489703                         11.005183       8.1751925
              3       1432.8202       3.0412446       0.9616813       70.066401     0.022071692      0.11418948     0.054989637           0.51033797   0.00031463993       0.62281993       1.0011495      0.99988847       0.9987428       52.320594      0.94954094       4.6943509        5.958248       10.127474       10.190648        19.253778        89.58918       221.46875       54.574012       57.845929       116.80097      0.11513374        0.11253903        0.49707479      0.21276886        0.62585789        2.440898   2.0931278e-09       148.89829      0.81748716      0.27755709      0.78631485       16.077649       2839.5165      0.93553243       -1.9572753         2.8928077       2863.7693                 38.443705                  396.7617                             2395.79                      8.5210588               0.62349526              4.4489703                         11.005183       8.1751925
              1       1431.7582       3.0412446       0.9616813       70.066401     0.022071692      0.11418948     0.054989637           0.51033797   0.00031463993       0.62281993       1.0011495      0.99987537      0.99871105        52.29584      0.95541765       4.6991928       5.9278001       10.178881       10.206176        19.202069       89.792531       221.45642       54.525602       57.854182        116.6689      0.11478805        0.11645935        0.49840339      0.21811572        0.63851442       2.4402589   2.0931278e-09       148.89829      0.81748716      0.27755709      0.78631485       16.077649       2837.6975      0.78303957       -2.0997852         2.8828247       2861.9504                 38.443705                  396.7617                           2393.9711                      8.5210588               0.62349526              4.4489703                         11.005183       8.1751925
              1       1432.3503       3.0412446       0.9616813       70.066401     0.022071692      0.11418948     0.054989637           0.51033797   0.00031463993       0.62281993       1.0015964      0.99987537      0.99871105        52.29584      0.95541765       4.6991928       5.9278001       10.178881       10.206176        19.202069       89.792531       221.45642       54.525602       57.854182        116.6689      0.11478805        0.11645935        0.49840339      0.21811572        0.63851442       2.4402589   2.0931278e-09       148.89829      0.81748716      0.27755709      0.78631485       16.077649       2838.6853      0.88120309       -2.0016216         2.8828247       2862.9381                 38.297589                 396.78401                           2395.0082                      8.5954762               0.62349526              4.4489703                         11.005183       8.1751925
              1       1429.7544       3.0412446       0.9616813       70.066401     0.022071692      0.11418948     0.054989637           0.51033797   0.00031463993       0.62281993       1.0015964      0.99968586      0.99884292        53.10578      0.98164797       4.8207326       5.6242042         10.5554       10.510308        18.935533       89.923114       222.58796        54.33438       56.406031       115.89618     0.059988658        0.11376592        0.52759482      0.16741881        0.61115868       2.4218201   2.0931278e-09       148.89829      0.81748716      0.27755709      0.78631485       16.077649       2828.7348        3.260547       0.42491523         2.8356318       2852.9877                 38.297589                 396.78401                           2385.0578                      8.5954762               0.62349526              4.4489703                         11.005183       8.1751925
              4       1429.2673       3.0412446       0.9616813       70.066401     0.022071692      0.11418948     0.054989637           0.51033797   0.00031463993       0.62281993       1.0015964      0.99969617      0.99858662       53.251001      0.97574915       4.9714658        5.001589       10.455874       10.757423        18.810916       89.053268        230.8365        56.21569       56.970727       114.15295     0.022424551        0.11873878        0.52052929      0.19335197        0.62930303       2.4377731   2.0931278e-09       148.89829      0.81748716      0.27755709      0.78631485       16.077649       2825.9226       4.1795885        1.4985109         2.6810776       2850.1755                 38.297589                 396.78401                           2382.2456                      8.5954762               0.62349526              4.4489703                         11.005183       8.1751925
              2       1429.8928       3.0412446       0.9616813       70.066401     0.022071692      0.11418948     0.054989637           0.51033797   0.00031463993       0.62281993       1.0015964      0.99962399      0.99870095       53.055277      0.97560279       4.7030456       4.7906625       9.7144036         11.4711        18.759156       89.270178       230.23518       55.932181        57.01039       113.44054     0.062475859       0.095664254         0.5478239      0.24542955        0.55644383       2.3513576   2.0931278e-09       148.89829      0.81748716      0.27755709      0.78631485       16.077649       2828.4408       3.5459203        1.0879673         2.4579531       2852.6937                 38.297589                 396.78401                           2384.7638                      8.5954762               0.62349526              4.4489703                         11.005183       8.1751925
              1       1428.1695       3.0412446       0.9616813       70.066401     0.022071692      0.11418948     0.054989637           0.51033797   0.00031463993       0.62281993       1.0015964      0.99964536      0.99864167       53.099426      0.98585836       4.6960629       4.9505263       9.7028188       11.288252        18.537843       89.713169       228.96987       56.083167       57.182818       113.23148     0.078617705        0.11170081        0.54688989      0.24366537        0.57410678       2.3863342   2.0931278e-09       148.89829      0.81748716      0.27755709      0.78631485       16.077649       2827.4016       2.3423392       -0.1633584         2.5056976       2851.6544                 38.297589                 396.78401                           2383.7245                      8.5954762               0.62349526              4.4489703                         11.005183       8.1751925
              1       1429.1066       3.0412446       0.9616813       70.066401     0.022071692      0.11418948     0.054989637           0.51033797   0.00031463993       0.62281993       1.0015964      0.99956578      0.99866882       53.559153      0.99466002       4.7397749       5.1417753       9.7132762        11.34743         18.64365       89.891996       234.21129       57.052309       57.333095       113.58397     0.068492926        0.09089275        0.59379141      0.25186323        0.58185951       2.4043869   2.0931278e-09       148.89829      0.81748716      0.27755709      0.78631485       16.077649       2825.9959        3.982271        1.3867589         2.5955121       2850.2487                 38.297589                 396.78401                           2382.3188                      8.5954762               0.62349526              4.4489703                         11.005183       8.1751925
              1       1431.1942       3.0412446       0.9616813       70.066401     0.022071692      0.11418948     0.054989637           0.51033797   0.00031463993       0.62281993       1.0015964      0.99940213       0.9985032       53.734884      0.98571652       4.3917121       5.2711553       9.5216578       11.902731        18.402142        89.24271       223.71523       57.076271        57.73025       114.25435     0.041522157        0.15072813        0.63132624      0.25266554        0.61291684       2.3516117   2.0931278e-09       148.89829      0.81748716      0.27755709      0.78631485       16.077649        2828.168       4.9837715        2.5313198         2.4524516       2852.4208                 38.297589                 396.78401                           2384.4909                      8.5954762               0.62349526              4.4489703                         11.005183       8.1751925
              2       1431.6426       3.0412446       0.9616813       70.066401     0.022071692      0.11418948     0.054989637           0.51033797   0.00031463993       0.62281993       1.0015964         0.99908      0.99844996       54.475437      0.96025881       4.5923258        5.071476        10.00934       10.738997        18.457572       89.553989       218.88967       56.666597       57.867395       114.91473     0.041284262        0.16144299        0.61415792      0.30439567        0.63160352       2.0972834   2.0931278e-09       148.89829      0.81748716      0.27755709      0.78631485       16.077649       2827.6007       5.7158533         3.224874         2.4909793       2851.8536                 38.297589                 396.78401                           2383.9236                      8.5954762               0.62349526              4.4489703                         11.005183       8.1751925
              2       1432.9067       3.0412446       0.9616813       70.066401     0.022071692      0.11418948     0.054989637           0.51033797   0.00031463993       0.62281993       1.0015964      0.99907559      0.99857291       54.424438       0.9647703       4.4331498       5.1317518       9.9687516       10.926615        18.675819       89.393602       215.89961        56.43676       58.308392        114.4371     0.035681119        0.16492631        0.61473115        0.304338        0.65689168       2.0905506   2.0931278e-09       148.89829      0.81748716      0.27755709      0.78631485       16.077649       2829.5096       6.0254819        3.5954595         2.4300224       2853.7625                 38.297589                 396.78401                           2385.8326                      8.5954762               0.62349526              4.4489703                         11.005183       8.1751925
              2       1432.9295       3.0412446       0.9616813       70.066401     0.022071692      0.11418948     0.054989637           0.51033797   0.00031463993       0.62281993       1.0015964      0.99896907      0.99893301       54.647232      0.99274896       4.6749199       5.1147615       10.100787       10.967827        18.480914       90.026255       209.79643       57.015153       57.014375       113.46951     0.034432565        0.15834505        0.64101376      0.30511314        0.64974407        2.063066   2.0931278e-09       148.89829      0.81748716      0.27755709      0.78631485       16.077649       2826.5139       7.5460842        4.9964914         2.5495928       2850.7668                 38.297589                 396.78401                           2382.8369                      8.5954762               0.62349526              4.4489703                         11.005183       8.1751925
              1       1432.9004       3.0412446       0.9616813       70.066401     0.022071692      0.11418948     0.054989637           0.51033797   0.00031463993       0.62281993       1.0015964      0.99890687      0.99891468       54.635075      0.99271963       4.6562887        5.228787       10.123831       10.980655        18.353953       89.902139       211.10934       57.129422       56.993907       113.31073     0.033795457        0.16278961         0.6494311      0.28499295        0.65127161       2.0719068   2.0931278e-09       148.89829      0.81748716      0.27755709      0.78631485       16.077649       2826.1403         7.70385        5.1249058         2.5789442       2850.3931                 38.297589                 396.78401                           2382.4632                      8.5954762               0.62349526              4.4489703                         11.005183       8.1751925
              6       1429.9814       3.0412446       0.9616813       70.066401     0.022071692      0.11418948     0.054989637           0.51033797   0.00031463993       0.62281993       1.0015964      0.99880823      0.99881438        54.57923      0.96949019       4.7799802         5.00411       10.110476       10.828771        18.568823       89.923837        214.8388       55.780348       56.763613       112.21196     0.043601545        0.12611944        0.62841163      0.26297856        0.68112433       1.9429345   2.0931278e-09       148.89829      0.81748716      0.27755709      0.78631485       16.077649       2823.7983       5.9558606        3.3863321         2.5695285       2848.0511                 38.297589                 396.78401                           2380.1212                      8.5954762               0.62349526              4.4489703                         11.005183       8.1751925
              1       1429.7821       3.0412446       0.9616813       70.066401     0.022071692      0.11418948     0.054989637           0.51033797   0.00031463993       0.62281993        1.001486      0.99880823      0.99881438        54.57923      0.96949019       4.7799802         5.00411       10.110476       10.828771        18.568823       89.923837        214.8388       55.780348       56.763613       112.21196     0.043601545        0.12611944        0.62841163      0.26297856        0.68112433       1.9429345   2.0931278e-09       148.89829      0.81748716      0.27755709      0.78631485       16.077649        2823.454       5.9286367        3.3591082         2.5695285       2847.7069                 38.333635                 396.78401                           2379.7603                      8.5760469               0.62349526              4.4489703                         11.005183       8.1751925
              1       1427.7733       3.0412446       0.9616813       70.066401     0.022071692      0.11418948     0.054989637           0.51033797   0.00031463993       0.62281993        1.001486      0.99873672      0.99902384       54.211682      0.98799785       4.6890411        4.933123       9.7283284       10.908224        18.670934       89.697914       218.72438       56.266295       56.940334       111.91423      0.07853374          0.132644        0.60574754      0.25749795        0.69789603       1.9713364   2.0931278e-09       148.89829      0.81748716      0.27755709      0.78631485       16.077649       2822.2835       4.5050834        2.0087725         2.4963109       2846.5363                 38.333635                 396.78401                           2378.5898                      8.5760469               0.62349526              4.4489703                         11.005183       8.1751925
              2       1428.2221       3.0412446       0.9616813       70.066401     0.022071692      0.11418948     0.054989637           0.51033797   0.00031463993       0.62281993        1.001486      0.99868629      0.99900729       54.167367      0.98129564       4.6400832       4.8779975       9.6255577       10.769956        18.627823       89.606192       219.09813       56.387335       56.819774       111.92204     0.065454799        0.13666106        0.60462438      0.25693328        0.69128437       1.9687772   2.0931278e-09       148.89829      0.81748716      0.27755709      0.78631485       16.077649        2822.271       4.9602383        2.5064688         2.4537695       2846.5238                 38.333635                 396.78401                           2378.5773                      8.5760469               0.62349526              4.4489703                         11.005183       8.1751925
              3       1427.8793       3.0412446       0.9616813       70.066401     0.022071692      0.11418948     0.054989637           0.51033797   0.00031463993       0.62281993        1.001486      0.99863635      0.99897639       54.537438      0.97378587       4.7581424       5.0342354       9.3474526       10.497375        18.243451       89.141016        220.1026       55.015425       57.297006       111.94494     0.086204717        0.11730773        0.59692442      0.23791933        0.68950007       2.0015423   2.0931278e-09       148.89829      0.81748716      0.27755709      0.78631485       16.077649       2822.9874       4.2591529        1.6913096         2.5678434       2847.2403                 38.333635                 396.78401                           2379.2937                      8.5760469               0.62349526              4.4489703                         11.005183       8.1751925
              1        1427.881       3.0412446       0.9616813       70.066401     0.022071692      0.11418948     0.054989637           0.51033797   0.00031463993       0.62281993        1.001486      0.99863624       0.9989764       54.536055      0.97378244        4.758207       5.0346986       9.3489148       10.499329        18.242662       89.137112       220.09447       55.015075       57.299377       111.94096     0.086246173        0.11736187        0.59700164      0.23786469        0.68962598       2.0014395   2.0931278e-09       148.89829      0.81748716      0.27755709      0.78631485       16.077649       2822.9902         4.25943        1.6913885         2.5680415       2847.2431                 38.333635                 396.78401                           2379.2965                      8.5760469               0.62349526              4.4489703                         11.005183       8.1751925
              1       1429.8665       3.0412446       0.9616813       70.066401     0.022071692      0.11418948     0.054989637           0.51033797   0.00031463993       0.62281993        1.001486      0.99870207      0.99873426       54.680576      0.96313481        4.910376       5.4122221        9.106891       10.634854        17.535596       89.359233       218.19209       55.128498       56.803556       111.93701     0.079522893        0.13274942        0.66377984       0.2541792         0.6661873       1.9678717   2.0931278e-09       148.89829      0.81748716      0.27755709      0.78631485       16.077649       2824.4337       5.5232011        2.7165374         2.8066637       2848.6866                 38.333635                 396.78401                             2380.74                      8.5760469               0.62349526              4.4489703                         11.005183       8.1751925
              1       1429.2738       3.0412446       0.9616813       70.066401     0.022071692      0.11418948     0.054989637           0.51033797   0.00031463993       0.62281993        1.001486      0.99871097      0.99876771       54.710209        0.952729       4.8315832       5.4783515       8.8943025       10.595355          17.4515       89.204364       218.48395       55.416385         56.8934       111.78323      0.10004146        0.13684891        0.66470053      0.25830519         0.6714313       1.9957052   2.0931278e-09       148.89829      0.81748716      0.27755709      0.78631485       16.077649       2824.0678       5.1134799        2.3317166         2.7817633       2848.3206                 38.333635                 396.78401                           2380.3741                      8.5760469               0.62349526              4.4489703                         11.005183       8.1751925
              1       1429.6603       3.0412446       0.9616813       70.066401     0.022071692      0.11418948     0.054989637           0.51033797   0.00031463993       0.62281993        1.001486      0.99846912      0.99845845       54.614525      0.99053262       4.7237412       5.8852775       8.7766198       10.939831        17.362697       89.233867       221.08281       55.898019       56.761773       111.62813       0.1008808        0.11887656        0.60870938      0.25844537        0.65932024       2.0321885   2.0931278e-09       148.89829      0.81748716      0.27755709      0.78631485       16.077649       2826.1635       4.4521844        1.5707821         2.8814023       2850.4163                 38.333635                 396.78401                           2382.4698                      8.5760469               0.62349526              4.4489703                         11.005183       8.1751925
              1       1430.6123       3.0412446       0.9616813       70.066401     0.022071692      0.11418948     0.054989637           0.51033797   0.00031463993       0.62281993        1.001486       0.9986107      0.99847182       54.925996      0.98342755       4.9048177       5.6135239       8.4506526       11.215947        17.594323       88.354615       222.03883       56.601816       57.077651        111.0992      0.12841943       0.081886598        0.58789495      0.21872572        0.57350054       1.9338582   2.0931278e-09       148.89829      0.81748716      0.27755709      0.78631485       16.077649       2827.4001       4.7857914        1.8964983         2.8892931        2851.653                 38.333635                 396.78401                           2383.7064                      8.5760469               0.62349526              4.4489703                         11.005183       8.1751925
              1       1430.6199       3.0412446       0.9616813       70.066401     0.022071692      0.11418948     0.054989637           0.51033797   0.00031463993       0.62281993        1.001486      0.99861344      0.99847516       54.928777      0.98321493       4.9090669        5.617943       8.4540521       11.209862         17.57319       88.353931       222.08551       56.600376        57.06365       111.09465      0.12876426         0.0827319        0.58834356      0.21909203        0.57235927       1.9340473   2.0931278e-09       148.89829      0.81748716      0.27755709      0.78631485       16.077649       2827.4292       4.7789351        1.8846977         2.8942374        2851.682                 38.333635                 396.78401                           2383.7355                      8.5760469               0.62349526              4.4489703                         11.005183       8.1751925
              1       1428.1846       3.0412446       0.9616813       70.066401     0.022071692      0.11418948     0.054989637           0.51033797   0.00031463993       0.62281993        1.001486      0.99856851      0.99815658       55.256095      0.90193681       4.9094752       5.3647013       8.6232057       11.054869        17.867577       89.821777       229.09665       55.546119       56.991617       108.69382      0.13178947        0.14980969         0.5891022      0.24672146        0.61638489       1.9131846   2.0931278e-09       148.89829      0.81748716      0.27755709      0.78631485       16.077649       2825.1518       3.4822227       0.69592912         2.7862936       2849.4047                 38.333635                 396.78401                           2381.4582                      8.5760469               0.62349526              4.4489703                         11.005183       8.1751925
              4       1428.8188       3.0412446       0.9616813       70.066401     0.022071692      0.11418948     0.054989637           0.51033797   0.00031463993       0.62281993        1.001486      0.99838548      0.99787965        55.05494      0.89709838       5.0312569       5.2568838       7.8482458       11.033708        18.672693       88.798017       234.39439       54.599948       55.047556       108.82858      0.11896332        0.15741598        0.57738092       0.2786761        0.57535376       2.2682387   2.0931278e-09       148.89829      0.81748716      0.27755709      0.78631485       16.077649       2822.9855       5.1996548        2.3769679         2.8226869       2847.2384                 38.333635                 396.78401                           2379.2918                      8.5760469               0.62349526              4.4489703                         11.005183       8.1751925
              2       1430.1866       3.0412446       0.9616813       70.066401     0.022071692      0.11418948     0.054989637           0.51033797   0.00031463993       0.62281993        1.001486      0.99869313      0.99791723       55.164324      0.89257242       5.3656102       5.4427563       8.0092328       10.687428        19.275555       86.539441       228.49599       55.644104       54.024826       108.56591       0.1468472        0.16723468        0.59798689      0.24643065        0.56107969       2.2649748   2.0931278e-09       148.89829      0.81748716      0.27755709      0.78631485       16.077649       2826.3306       4.8948449         1.738385         3.1564599       2850.5834                 38.333635                 396.78401                           2382.6369                      8.5760469               0.62349526              4.4489703                         11.005183       8.1751925
              2       1429.9229       3.0412446       0.9616813       70.066401     0.022071692      0.11418948     0.054989637           0.51033797   0.00031463993       0.62281993       1.0012934      0.99867797       0.9979415       55.161065       0.8991247       5.3357716       5.5149456       8.0979963       10.585447        19.182405       86.465638       228.70774       55.585641       53.936157       108.81413      0.15672738        0.17618047        0.58224526      0.24670198        0.55985532       2.2666056   2.0931278e-09       148.89829      0.81748716      0.27755709      0.78631485       16.077649       2825.4364       5.0782763        1.9094842         3.1687922       2849.6893                 38.396605                 396.76364                           2381.7324                      8.5437887               0.62349526              4.4489703                         11.005183       8.1751925
              1       1430.3797       3.0412446       0.9616813       70.066401     0.022071692      0.11418948     0.054989637           0.51033797   0.00031463993       0.62281993       1.0012934      0.99867831        0.997917       55.092601      0.89407356       5.3575761       5.6016715       8.0657956       10.577796         19.25964       86.516909       228.67447       55.507658       53.952158       108.85652      0.16275429        0.17559467        0.58213493      0.24362239        0.56037912        2.267917   2.0931278e-09       148.89829      0.81748716      0.27755709      0.78631485       16.077649       2826.1163       5.1950927        1.9639672         3.2311255       2850.3692                 38.396605                 396.76364                           2382.4123                      8.5437887               0.62349526              4.4489703                         11.005183       8.1751925
              2       1430.3174       3.0412446       0.9616813       70.066401     0.022071692      0.11418948     0.054989637           0.51033797   0.00031463993       0.62281993       1.0012934      0.99862815      0.99796443       55.086717      0.89107748       5.3875817       5.6885701        8.058516       10.645464        19.187432       86.264069       229.48117       55.098427       53.714851       108.73651      0.15939832        0.17896394        0.58941134      0.24523713        0.57352901       2.2676472   2.0931278e-09       148.89829      0.81748716      0.27755709      0.78631485       16.077649       2825.5629       5.4095489        2.1073534         3.3021955       2849.8157                 38.396605                 396.76364                           2381.8589                      8.5437887               0.62349526              4.4489703                         11.005183       8.1751925
              1        1429.429       3.0412446       0.9616813       70.066401     0.022071692      0.11418948     0.054989637           0.51033797   0.00031463993       0.62281993       1.0012934      0.99875818      0.99795325       55.073294      0.87428789       5.4081418       5.4677285       8.0459743       10.648095        19.202827       86.127385       227.24453       55.451736       53.632183       108.22809      0.13577929         0.1608543        0.60957604      0.22503029        0.59985607       2.1929759   2.0931278e-09       148.89829      0.81748716      0.27755709      0.78631485       16.077649       2826.7046        3.950223       0.74648441         3.2037386       2850.9575                 38.396605                 396.76364                           2383.0006                      8.5437887               0.62349526              4.4489703                         11.005183       8.1751925
              1       1430.1626       3.0412446       0.9616813       70.066401     0.022071692      0.11418948     0.054989637           0.51033797   0.00031463993       0.62281993       1.0012934      0.99848201      0.99799222       55.678689      0.85515747       5.7526112       5.4562805       7.6033414       11.134193        19.434176       86.348361       227.93493       55.012414        53.63896       107.63899       0.1596698        0.16313568        0.62717719      0.20771923        0.56520233       2.1115706   2.0931278e-09       148.89829      0.81748716      0.27755709      0.78631485       16.077649       2823.5911       6.2406561        2.7436425         3.4970136       2847.8439                 38.396605                 396.76364                            2379.887                      8.5437887               0.62349526              4.4489703                         11.005183       8.1751925
              1       1430.1935       3.0412446       0.9616813       70.066401     0.022071692      0.11418948     0.054989637           0.51033797   0.00031463993       0.62281993       1.0013318      0.99848201      0.99799222       55.678689      0.85515747       5.7526112       5.4562805       7.6033414       11.134193        19.434176       86.348361       227.93493       55.012414        53.63896       107.63899       0.1596698        0.16313568        0.62717719      0.20771923        0.56520233       2.1115706   2.0931278e-09       148.89829      0.81748716      0.27755709      0.78631485       16.077649       2823.6367       6.2487201        2.7517065         3.4970136       2847.8895                 38.384044                 396.77339                           2379.9292                       8.550053               0.62349526              4.4489703                         11.005183       8.1751925
              3       1430.7423       3.0412446       0.9616813       70.066401     0.022071692      0.11418948     0.054989637           0.51033797   0.00031463993       0.62281993       1.0013318      0.99871039      0.99791796        55.55401      0.83241256       6.0186683       5.7844925       7.6639741       11.181297        19.509819       86.672314       233.45433       55.619893       53.591765       107.41802      0.14669077         0.1781893        0.56815271      0.16714908        0.54595955       2.1162551   2.0931278e-09       148.89829      0.81748716      0.27755709      0.78631485       16.077649       2825.7537       5.7389875        1.7781214          3.960866       2850.0066                 38.384044                 396.77339                           2382.0462                       8.550053               0.62349526              4.4489703                         11.005183       8.1751925
              1       1428.2226       3.0412446       0.9616813       70.066401     0.022071692      0.11418948     0.054989637           0.51033797   0.00031463993       0.62281993       1.0013318      0.99863083      0.99790072       55.716157      0.82049816       5.9608722       5.7156731       7.3139759       11.032643        19.316677       86.248689       238.39614       54.947744       53.013349       108.56402      0.13560175        0.17492475        0.56062696      0.21408122        0.58710706       2.1586913   2.0931278e-09       148.89829      0.81748716      0.27755709      0.78631485       16.077649       2822.2869       4.9527042        1.0963868         3.8563174       2846.5397                 38.384044                 396.77339                           2378.5794                       8.550053               0.62349526              4.4489703                         11.005183       8.1751925
              1        1428.088       3.0412194       0.9616801       70.066401     0.022072337       0.1141689     0.055031634           0.50992077   0.00031460423       0.62306529       1.0013318      0.99886562       0.9979351       55.685461      0.83145613       5.9204108       5.7257999       7.4161497       11.493868        18.897116       86.217902       239.26062       54.774771       52.509283       107.53578      0.14401424        0.19851013         0.5733632        0.238065        0.62446984       2.1597342    2.093075e-09         148.903      0.81737026      0.27751649       0.7861449        16.09093       2821.4494       5.2302513        1.4086775         3.8215738       2845.7156                 38.370135                 396.78857                            2377.735                        8.55569               0.62449546              4.4511365                         11.015298       8.1751925
              1       1431.0545       3.0412194       0.9616801       70.066401     0.022072337       0.1141689     0.055031634           0.50992077   0.00031460423       0.62306529       1.0010878      0.99895395       0.9978737       55.394815      0.81222033        5.942631       4.9037023       7.1973375       10.967333        19.110449       85.974244       240.35046       52.628746       52.966289       106.00047      0.11985857        0.19433721        0.59060706      0.25214685        0.62214339       2.0799289    2.093075e-09         148.903      0.81737026      0.27751649       0.7861449        16.09093       2828.6866       4.5781481        1.2202151         3.3579329       2852.9527                 38.450003                 396.76691                           2384.9531                      8.5166304               0.62449546              4.4511365                         11.015298       8.1751925
              2       1429.2928       3.0412194       0.9616801       70.066401     0.022072337       0.1141689     0.055031634           0.50992077   0.00031460423       0.62306529       1.0010878      0.99899957      0.99791375       55.380095      0.82524731       5.8692764       4.6453428       6.7540181        10.87616        19.197289       86.430198       238.80414       53.159516       52.781007       105.38474      0.13822012        0.17052105        0.51555577      0.20049716        0.67245515       2.1134893    2.093075e-09         148.903      0.81737026      0.27751649       0.7861449        16.09093       2830.0439       2.1378202       -1.0228959         3.1607161         2854.31                 38.450003                 396.76691                           2386.3104                      8.5166304               0.62449546              4.4511365                         11.015298       8.1751925
              1       1429.0776       3.0412194       0.9616801       70.066401     0.022072337       0.1141689     0.055031634           0.50992077   0.00031460423       0.62306529       1.0010878      0.99912627      0.99806678       55.661303      0.83235642       5.8681368       4.6892757       6.9705918       10.677477        19.403008       86.180722       234.19672       53.381335       52.319965       104.79038      0.13206454        0.14460447        0.53129222      0.21001784        0.65795132        2.117561    2.093075e-09         148.903      0.81737026      0.27751649       0.7861449        16.09093       2831.2293       1.3299221       -1.8521166         3.1820387       2855.4954                 38.450003                 396.76691                           2387.4957                      8.5166304               0.62449546              4.4511365                         11.015298       8.1751925
              1       1428.0039       3.0412194       0.9616801       70.066401     0.022072337       0.1141689     0.055031634           0.50992077   0.00031460423       0.62306529       1.0010878      0.99932334      0.99772392       55.938955      0.84358451        5.564104       4.9820738       6.5390883       10.624664          19.1807       87.237675       234.06172       54.471762       52.331419       104.05701      0.13440484        0.13196196        0.55382665      0.19264487        0.62225911       2.1540759    2.093075e-09         148.903      0.81737026      0.27751649       0.7861449        16.09093       2828.5793       1.5811896       -1.5044207         3.0856103       2852.8454                 38.450003                 396.76691                           2384.8458                      8.5166304               0.62449546              4.4511365                         11.015298       8.1751925
              1       1429.8678       3.0412194       0.9616801       70.066401     0.022072337       0.1141689     0.055031634           0.50992077   0.00031460423       0.62306529      0.99971652      0.99955527      0.99767811       55.943309      0.81266245       5.6648407        5.257245       6.7484851       10.798842        18.760592       87.116067       237.01771       54.471226       51.934771       104.67203     0.093611429        0.13487677        0.57020276      0.19225207        0.65614549       2.2135107    2.093075e-09         148.903      0.81737026      0.27751649       0.7861449        16.09093       2831.9764       1.7465755       -1.5621946         3.3087701       2856.2425                 38.902417                 396.80885                           2387.9054                      8.3596864               0.62449546              4.4511365                         11.015298       8.1751925
              1       1432.7593       3.0412194       0.9616801       70.066401     0.022072337       0.1141689     0.055031634           0.50992077   0.00031460423       0.62306529      0.99971652      0.99946528      0.99774274       55.870983       0.8213305       5.6948614       5.4315964       6.7819017       10.594101        19.397211       87.410811       236.47862       54.467878       53.071278       105.35689     0.066462538        0.10362662        0.59273912      0.16004117         0.6593164       2.2961037    2.093075e-09         148.903      0.81737026      0.27751649       0.7861449        16.09093       2834.2216       3.5154227      0.084781427         3.4306413       2858.4877                 38.902417                 396.80885                           2390.1506                      8.3596864               0.62449546              4.4511365                         11.015298       8.1751925
              1       1433.6175       3.0412194       0.9616801       70.066401     0.022072337       0.1141689     0.055031634           0.50992077   0.00031460423       0.62306529      0.99971652      0.99939944      0.99775602       55.728068       0.8408139       5.6191043       5.4703102       6.6471314       10.648902        19.400572       87.210749       235.67925        54.97852       52.713996       105.52803     0.037947176       0.097905086        0.59163705      0.15655466        0.66661987       2.2733332    2.093075e-09         148.903      0.81737026      0.27751649       0.7861449        16.09093       2833.0106       4.9791626        1.5943728         3.3847898       2857.2767                 38.902417                 396.80885                           2388.9397                      8.3596864               0.62449546              4.4511365                         11.015298       8.1751925
              3       1433.5285       3.0412194       0.9616801       70.066401     0.022072337       0.1141689     0.055031634           0.50992077   0.00031460423       0.62306529      0.99971652      0.99940488      0.99774827       55.736277      0.84117707       5.6444359       5.4835315       6.6506347       10.646119        19.414057       87.170271       235.93649       54.907289       52.718764       105.54943     0.038976286       0.098365951        0.58948172      0.15741299        0.66595384       2.2746263    2.093075e-09         148.903      0.81737026      0.27751649       0.7861449        16.09093       2832.9924        4.899208        1.4846291         3.4145788       2857.2585                 38.902417                 396.80885                           2388.9214                      8.3596864               0.62449546              4.4511365                         11.015298       8.1751925
              1       1433.3537       3.0412194       0.9616801       70.066401     0.022072337       0.1141689     0.055031634           0.50992077   0.00031460423       0.62306529      0.99971652      0.99934544      0.99775013       55.736014      0.85159618       5.6812855       5.5425256        6.673402       10.733549        19.410442       87.191029       234.54167       55.094229       52.880526        105.4184     0.040940286       0.098855996        0.58864428      0.15903875        0.66385407       2.2835811    2.093075e-09         148.903      0.81737026      0.27751649       0.7861449        16.09093       2832.5781       4.9315429        1.4504698         3.4810731       2856.8443                 38.902417                 396.80885                           2388.5072                      8.3596864               0.62449546              4.4511365                         11.015298       8.1751925
              1       1434.7149       3.0412194       0.9616801       70.066401     0.022072337       0.1141689     0.055031634           0.50992077   0.00031460423       0.62306529      0.99971652       0.9994169      0.99761087       55.625532      0.86015929       5.7438727        5.563844       6.6774392       10.385814        19.507729       87.463309       233.85786       55.635479       53.009411        105.0292     0.031830526       0.077267671        0.59335002      0.16277079        0.69420704       2.3352586    2.093075e-09         148.903      0.81737026      0.27751649       0.7861449        16.09093       2832.6702       6.2466925         2.695534         3.5511585       2856.9363                 38.902417                 396.80885                           2388.5992                      8.3596864               0.62449546              4.4511365                         11.015298       8.1751925
              1       1431.8627       3.0412194       0.9616801       70.066401     0.022072337       0.1141689     0.055031634           0.50992077   0.00031460423       0.62306529       1.0006575       0.9994169      0.99761087       55.625532      0.86015929       5.7438727        5.563844       6.6774392       10.385814        19.507729       87.463309       233.85786       55.635479       53.009411        105.0292     0.031830526       0.077267671        0.59335002      0.16277079        0.69420704       2.3352586    2.093075e-09         148.903      0.81737026      0.27751649       0.7861449        16.09093       2826.9096       6.2748445         2.723686         3.5511585       2851.1757                  38.59137                 396.78203                           2383.0803                       8.455904               0.62449546              4.4511365                         11.015298       8.1751925
              1       1431.9018       3.0412194       0.9616801       70.066401     0.022072337       0.1141689     0.055031634           0.50992077   0.00031460423       0.62306529       1.0006575      0.99939972      0.99781982       55.384966      0.85499936       6.0244999       5.8085721       7.2823284       10.456497        19.334641       87.686254       235.29313       56.319035       53.133295       106.05108     0.028605378       0.051452528        0.58983151      0.18488823        0.68883967       2.3492785    2.093075e-09         148.903      0.81737026      0.27751649       0.7861449        16.09093        2824.262       7.6376954        3.6548118         3.9828836       2848.5281                  38.59137                 396.78203                           2380.4327                       8.455904               0.62449546              4.4511365                         11.015298       8.1751925
              1       1431.0184       3.0412194       0.9616801       70.066401     0.022072337       0.1141689     0.055031634           0.50992077   0.00031460423       0.62306529       1.0006575       0.9992415      0.99769185       55.544131      0.84018053       6.2793688       5.8653869       7.4329124       10.502381        19.683305       88.712806       236.63269       56.503458       53.470758       104.91207     0.050096998        0.06791045        0.58218715      0.16434891        0.64777032       2.3577035    2.093075e-09         148.903      0.81737026      0.27751649       0.7861449        16.09093        2824.997       6.3868508        2.0849345         4.3019163       2849.2631                  38.59137                 396.78203                           2381.1677                       8.455904               0.62449546              4.4511365                         11.015298       8.1751925
              1       1430.6579       3.0412194       0.9616801       70.066401     0.022072337       0.1141689     0.055031634           0.50992077   0.00031460423       0.62306529       1.0012017      0.99919338      0.99772124       55.377167      0.84329804       6.1929809       5.7775413       7.5308082       10.545897        19.852545       88.480804       235.64744       56.250919       53.559758       104.70483      0.06214876       0.062363518        0.58781183       0.1802393         0.6295257        2.358135    2.093075e-09         148.903      0.81737026      0.27751649       0.7861449        16.09093       2824.6162        6.216754        2.0730676         4.1436864       2848.8823                 38.412682                 396.76775                           2380.9013                      8.5344546               0.62449546              4.4511365                         11.015298       8.1751925
              3       1430.6645       3.0412194       0.9616801       70.066401     0.022072337       0.1141689     0.055031634           0.50992077   0.00031460423       0.62306529       1.0011742      0.99919338      0.99772124       55.377167      0.84329804       6.1929809       5.7775413       7.5308082       10.545897        19.852545       88.480804       235.64744       56.250919       53.559758       104.70483      0.06214876       0.062363518        0.58781183       0.1802393         0.6295257        2.358135    2.093075e-09         148.903      0.81737026      0.27751649       0.7861449        16.09093       2824.6398       6.2115276        2.0678412         4.1436864       2848.9059                 38.421686                 396.76775                           2380.9203                      8.5300857               0.62449546              4.4511365                         11.015298       8.1751925
              1       1428.7118       3.0412194       0.9616801       70.066401     0.022072337       0.1141689     0.055031634           0.50992077   0.00031460423       0.62306529       1.0011742      0.99929529      0.99768192       55.739247      0.84436043       6.2365926       5.6798335       7.6807856       10.664574         19.76915       88.411406       232.84079       55.811045       53.370615       104.40136     0.063234124         0.1021667        0.59574937      0.20136498        0.61466888       2.3537552    2.093075e-09         148.903      0.81737026      0.27751649       0.7861449        16.09093        2823.822       4.6677078       0.54317556         4.1245322       2848.0881                 38.421686                 396.76775                           2380.1025                      8.5300857               0.62449546              4.4511365                         11.015298       8.1751925
              1       1430.6304       3.0412194       0.9616801       70.066401     0.022072337       0.1141689     0.055031634           0.50992077   0.00031460423       0.62306529       1.0012945      0.99928069      0.99772195       55.348852      0.83275592       6.0060716       5.4647894       7.6996998       10.786935        19.967374       89.122131       229.14226       54.556275       53.275228       104.22688      0.08536611       0.090635703        0.61331175      0.21250554        0.59992727       2.4015664    2.093075e-09         148.903      0.81737026      0.27751649       0.7861449        16.09093       2828.1446       4.4250189       0.68107397         3.7439449       2852.4107                 38.382317                 396.78857                           2384.4242                      8.5495097               0.62449546              4.4511365                         11.015298       8.1751925
              1       1429.3593       3.0412194       0.9616801       70.066401     0.022072337       0.1141689     0.055031634           0.50992077   0.00031460423       0.62306529       1.0012945      0.99919515      0.99805434       54.994592      0.89740977       5.9299168       5.4197033       8.8655274       10.602684        20.176269       89.836742       224.43171       56.984106       51.418266       103.42918     0.067486419       0.095244686        0.54874577      0.22003958        0.59137276       2.4570833    2.093075e-09         148.903      0.81737026      0.27751649       0.7861449        16.09093       2826.6409       3.9058179       0.26372177         3.6420961        2850.907                 38.382317                 396.78857                           2382.9205                      8.5495097               0.62449546              4.4511365                         11.015298       8.1751925
              2       1429.4882       3.0412194       0.9616801       70.066401     0.022072337       0.1141689     0.055031634           0.50992077   0.00031460423       0.62306529       1.0012945       0.9991318      0.99807988       55.036961      0.90004643       5.9542866       5.4177614        8.873743       10.687415        20.082738       89.841201       224.14537       57.010973       51.525071       103.45708     0.069578267       0.095813396        0.55059441      0.21640855        0.58428398       2.4643218    2.093075e-09         148.903      0.81737026      0.27751649       0.7861449        16.09093       2826.5182       4.0960271       0.43159374         3.6644334       2850.7843                 38.382317                 396.78857                           2382.7978                      8.5495097               0.62449546              4.4511365                         11.015298       8.1751925
              3        1429.611       3.0412194       0.9616801       70.066401     0.022072337       0.1141689     0.055031634           0.50992077   0.00031460423       0.62306529        1.001314      0.99911274      0.99805879       54.942783      0.91547021       5.9119609       5.5001236       8.9568362       10.808136         20.06804       89.975899       224.46142       57.162093       51.752519       103.52655     0.072760082       0.095330498         0.5476614      0.22486262        0.58378467       2.4650803    2.093075e-09         148.903      0.81737026      0.27751649       0.7861449        16.09093       2826.8248       4.0655292       0.39222657         3.6733026       2851.0909                 38.375951                 396.78857                           2383.1075                      8.5527295               0.62449546              4.4511365                         11.015298       8.1751925
              3        1430.261       3.0412194       0.9616801       70.066401     0.022072337       0.1141689     0.055031634           0.50992077   0.00031460423       0.62306529        1.001314      0.99910303       0.9981479       54.720531      0.88643454       5.9090437       5.7422388       8.9741291       11.068482        20.271889       89.828231       221.82761       56.964798       51.945072       103.64004     0.069953592       0.088441034         0.5397342      0.20259673        0.56880567       2.4900849    2.093075e-09         148.903      0.81737026      0.27751649       0.7861449        16.09093       2826.8515       4.7021697       0.88170281         3.8204669       2851.1176                 38.375951                 396.78857                           2383.1342                      8.5527295               0.62449546              4.4511365                         11.015298       8.1751925
              4       1430.1002       3.0412194       0.9616801       70.066401     0.022072337       0.1141689     0.055031634           0.50992077   0.00031460423       0.62306529        1.001314      0.99907027      0.99809351        54.67612      0.90661852       5.8167188       5.7079135       9.0297764       10.756646        20.186341       90.137853       226.46282       56.767897       51.916445       103.84607     0.068862884       0.091662551        0.55860967      0.21775485         0.5586523       2.4999971    2.093075e-09         148.903      0.81737026      0.27751649       0.7861449        16.09093       2825.9938       4.9701908        1.2631113         3.7070795         2850.26                 38.375951                 396.78857                           2382.2766                      8.5527295               0.62449546              4.4511365                         11.015298       8.1751925
              2       1430.8194       3.0412194       0.9616801       70.066401     0.022072337       0.1141689     0.055031634           0.50992077   0.00031460423       0.62306529        1.001314      0.99907764      0.99810921       54.692928      0.90752968       5.8218084        5.693923       9.0286334        10.71111        20.225573       90.051124       226.32768       56.763327       51.999003       103.72993     0.063902351        0.08701794        0.55521297      0.22023062        0.55262616       2.5078028    2.093075e-09         148.903      0.81737026      0.27751649       0.7861449        16.09093       2826.6659       5.3533553        1.6498567         3.7034985        2850.932                 38.375951                 396.78857                           2382.9486                      8.5527295               0.62449546              4.4511365                         11.015298       8.1751925
              1       1430.7799       3.0412194       0.9616801       70.066401     0.022072337       0.1141689     0.055031634           0.50992077   0.00031460423       0.62306529        1.001314      0.99873148      0.99832417       54.702953      0.89280264       6.0537633       6.1072828       8.2687409       10.609424        20.815414       91.910529       233.05576       58.471282       52.798027       104.43705      0.13123214        0.17541872        0.54861774      0.27008423        0.58218396       2.5813831    2.093075e-09         148.903      0.81737026      0.27751649       0.7861449        16.09093       2825.9511       5.6713148        1.4534486         4.2178662       2850.2172                 38.375951                 396.78857                           2382.2338                      8.5527295               0.62449546              4.4511365                         11.015298       8.1751925
              1       1431.1696       3.0412194       0.9616801       70.066401     0.022072337       0.1141689     0.055031634           0.50992077   0.00031460423       0.62306529       1.0023679      0.99890146      0.99827647       54.653624      0.91875634        5.959983       6.0677451       8.5414126       10.618512        21.364751       92.644009        235.8525       57.849273       52.948914       105.51322      0.14564605        0.18760576        0.56112602      0.27338441        0.58409962       2.4711663    2.093075e-09         148.903      0.81737026      0.27751649       0.7861449        16.09093       2826.4621       5.8055286        1.7182349         4.0872937       2850.7282                 38.032848                 396.78032                           2382.8901                      8.7587978               0.62449546              4.4511365                         11.015298       8.1751925
              1       1430.7233       3.0412194       0.9616801       70.066401     0.022072337       0.1141689     0.055031634           0.50992077   0.00031460423       0.62306529       1.0023679      0.99898116      0.99830395       54.750018      0.91972274        6.053648       6.2727923       8.5904674       10.538803        21.217945       92.790287       236.71729       57.701683       53.069295       105.39714      0.13993471        0.18445124        0.56052149      0.27035065        0.58874826       2.4745978    2.093075e-09         148.903      0.81737026      0.27751649       0.7861449        16.09093       2825.9955       5.5924897        1.2575005         4.3349892       2850.2616                 38.032848                 396.78032                           2382.4235                      8.7587978               0.62449546              4.4511365                         11.015298       8.1751925
              1       1431.2255       3.0412194       0.9616801       70.066401     0.022072337       0.1141689     0.055031634           0.50992077   0.00031460423       0.62306529       1.0023679      0.99862654      0.99809473       53.597347      0.90214994       6.1811756       5.8421851       8.6390777       10.807433        20.629161       94.574717       255.97615       56.462865       54.145558       103.87556        0.113475        0.11343465        0.57427762      0.22633265        0.58818766       2.4398069    2.093075e-09         148.903      0.81737026      0.27751649       0.7861449        16.09093       2827.8028       5.1910843        1.0158309         4.1752534       2852.0689                 38.032848                 396.78032                           2384.2308                      8.7587978               0.62449546              4.4511365                         11.015298       8.1751925
              1       1430.4062       3.0412194       0.9616801       70.066401     0.022072337       0.1141689     0.055031634           0.50992077   0.00031460423       0.62306529       1.0023679      0.99871373      0.99809424       53.642336      0.89539388       6.1081072       5.7813232       8.5363167       10.871886        20.682883       94.538251       258.33531       56.406945       54.174975       103.80662      0.11714473        0.11862924        0.56074695      0.21349721        0.59630587       2.4574731    2.093075e-09         148.903      0.81737026      0.27751649       0.7861449        16.09093        2827.678       4.4341637       0.38025265         4.0539111       2851.9441                 38.032848                 396.78032                            2384.106                      8.7587978               0.62449546              4.4511365                         11.015298       8.1751925
              1       1430.3231       3.0412194       0.9616801       70.066401     0.022072337       0.1141689     0.055031634           0.50992077   0.00031460423       0.62306529       1.0023679      0.99860168      0.99806062       53.380572      0.91584366       6.1483337       6.6072903       8.3054493       11.541345        20.511454       92.824807       261.80966       56.855899         54.2091       104.96525      0.08684121        0.10595629         0.5007142      0.18832937        0.58715596       2.4969331    2.093075e-09         148.903      0.81737026      0.27751649       0.7861449        16.09093       2824.6154       5.8823302        1.1854569         4.6968734       2848.8815                 38.032848                 396.78032                           2381.0434                      8.7587978               0.62449546              4.4511365                         11.015298       8.1751925
              1       1430.0641       3.0412194       0.9616801       70.066401     0.022072337       0.1141689     0.055031634           0.50992077   0.00031460423       0.62306529       1.0023679      0.99857017      0.99808368         53.4094      0.91960371         6.15757       6.6081265       8.3528897       11.519865        20.628006       92.857208       263.72431       57.040808       54.305163       105.09634     0.097041024       0.099699323        0.49485449      0.18981498        0.60244388       2.4777411    2.093075e-09         148.903      0.81737026      0.27751649       0.7861449        16.09093       2824.5635       5.6493213       0.94038612         4.7089352       2848.8296                 38.032848                 396.78032                           2380.9915                      8.7587978               0.62449546              4.4511365                         11.015298       8.1751925
              1       1430.0064       3.0412194       0.9616801       70.066401     0.022072337       0.1141689     0.055031634           0.50992077   0.00031460423       0.62306529       1.0023679      0.99857919      0.99808217       53.402364      0.91830933       6.1608226       6.6064007        8.342218       11.530652        20.637805       92.902114       264.13874       57.012574       54.308605       105.10914     0.097405288        0.10164826         0.4928295      0.18948791        0.60194255       2.4784772    2.093075e-09         148.903      0.81737026      0.27751649       0.7861449        16.09093       2824.5998       5.5734405       0.86181446          4.711626       2848.8659                 38.032848                 396.78032                           2381.0278                      8.7587978               0.62449546              4.4511365                         11.015298       8.1751925
              2       1430.0893       3.0412194       0.9616801       70.066401     0.022072337       0.1141689     0.055031634           0.50992077   0.00031460423       0.62306529       1.0023679      0.99860311      0.99802102       53.392526       0.9148147       6.2373576       6.5842772       8.2807037       11.617782          20.6385       92.797037       262.08841        57.01312        54.59954       105.18219      0.12374563        0.10114893        0.50150073      0.17309005        0.60061465       2.4758841    2.093075e-09         148.903      0.81737026      0.27751649       0.7861449        16.09093       2825.0122       5.4500965       0.66027944         4.7898171       2849.2783                 38.032848                 396.78032                           2381.4402                      8.7587978               0.62449546              4.4511365                         11.015298       8.1751925
              1       1431.4423       3.0412194       0.9616801       70.066401     0.022072337       0.1141689     0.055031634           0.50992077   0.00031460423       0.62306529       1.0023679      0.99851222      0.99814752       53.481103      0.89876669       6.3831178        6.789881       8.1915254       11.445161        20.035924       92.607505       262.85103       57.243227       54.405802       105.10185      0.11756984        0.11603772        0.48995052      0.17901838        0.57717954       2.4942296    2.093075e-09         148.903      0.81737026      0.27751649       0.7861449        16.09093       2826.3357        6.141397       0.99645448         5.1449426       2850.6019                 38.032848                 396.78032                           2382.7638                      8.7587978               0.62449546              4.4511365                         11.015298       8.1751925
              2       1432.4584       3.0351924      0.96227366       70.066401     0.021888913      0.11350103     0.053399768           0.50677532   0.00032399392       0.61216959       1.0023679      0.99851222      0.99814752       53.481103      0.89876669       6.3831178        6.789881       8.1915254       11.445161        20.035924       92.607505       262.85103       57.243227       54.405802       105.10185      0.11756984        0.11603772        0.48995052      0.17901838        0.57717954       2.4942296    2.080498e-09       149.29347      0.81324664      0.27578243      0.77973126       17.648329       2826.8106        6.141397       0.99645448         5.1449426       2852.6341                 37.231935                 396.29146                           2383.7435                      9.5436862                0.7170093               4.650472                         12.280848       8.1751925
              1       1433.1499       3.0351924      0.96227366       70.066401     0.021888913      0.11350103     0.053399768           0.50677532   0.00032399392       0.61216959       1.0023679      0.99870437      0.99811976       54.222525      0.88764188       6.5443925       6.8059484       8.4561281       11.334697        20.474357       91.063327       264.21272       57.336125        54.74827       104.15867      0.10264767       0.092736634        0.48079377      0.17215804        0.55047871       2.3972122    2.080498e-09       149.29347      0.81324664      0.27578243      0.77973126       17.648329       2827.3292        6.573515        1.1958886         5.3776264       2853.1527                 37.231935                 396.29146                           2384.2621                      9.5436862                0.7170093               4.650472                         12.280848       8.1751925
              2       1434.3369       3.0351924      0.96227366       70.066401     0.021888913      0.11350103     0.053399768           0.50677532   0.00032399392       0.61216959       1.0023679      0.99880454      0.99819336       54.318683      0.90913053       6.2954439       7.3452826       8.3571931       10.964329        19.960784        91.36188        270.7289       59.951285       55.183578       105.16639     0.079847746       0.048214872        0.52279763      0.14603066        0.58001999       2.3032946    2.080498e-09       149.29347      0.81324664      0.27578243      0.77973126       17.648329       2825.2255       8.8124055        3.3118207         5.5005847        2851.049                 37.231935                 396.29146                           2382.1584                      9.5436862                0.7170093               4.650472                         12.280848       8.1751925
              1        1434.978       3.0351924      0.96227366       70.066401     0.021888913      0.11350103     0.053399768           0.50677532   0.00032399392       0.61216959       1.0023679       0.9986893      0.99813633       54.648154      0.93410965        6.414055       7.0833074       8.3534627       10.572423        20.050813       90.989371       274.19065       60.246551       55.168947       106.15757       0.1059571       0.054361412        0.51836335      0.14738529        0.59177376       2.3015363    2.080498e-09       149.29347      0.81324664      0.27578243      0.77973126       17.648329       2828.2707       7.9309107         2.493554         5.4373567       2854.0943                 37.231935                 396.29146                           2385.2036                      9.5436862                0.7170093               4.650472                         12.280848       8.1751925
              1       1435.9375       3.0351924      0.96227366       70.066401     0.021888913      0.11350103     0.053399768           0.50677532   0.00032399392       0.61216959       1.0023679      0.99842937      0.99839922       54.729534      0.97308423       6.4077644       7.0396925       7.8511768       10.967227        19.695108       90.126008       274.49533       60.833566       55.541047       105.89877     0.070021539       0.097872479        0.52732589      0.14244897        0.58760459       2.3557013    2.080498e-09       149.29347      0.81324664      0.27578243      0.77973126       17.648329       2829.4719        8.289746         2.899025          5.390721       2855.2955                 37.231935                 396.29146                           2386.4049                      9.5436862                0.7170093               4.650472                         12.280848       8.1751925
              1       1436.5168       3.0351924      0.96227366       70.066401     0.021888913      0.11350103     0.053399768           0.50677532   0.00032399392       0.61216959       1.0014203      0.99842937      0.99839922       54.729534      0.97308423       6.4077644       7.0396925       7.8511768       10.967227        19.695108       90.126008       274.49533       60.833566       55.541047       105.89877     0.070021539       0.097872479        0.52732589      0.14244897        0.58760459       2.3557013    2.080498e-09       149.29347      0.81324664      0.27578243      0.77973126       17.648329        2831.205       8.0025662        2.6118452          5.390721       2857.0285                 37.533943                 396.30269                           2388.1597                       9.208645                0.7170093               4.650472                         12.280848       8.1751925
              5       1436.1359       3.0351924      0.96227366       70.066401     0.021888913      0.11350103     0.053399768           0.50677532   0.00032399392       0.61216959       1.0014203      0.99841964      0.99840208       54.852806      0.96860159       6.4314458       6.8912198       7.8747513       10.949302        19.800557       90.074481       273.58007        60.23246       55.643087       105.85371     0.044515359       0.098086392        0.50302227      0.15380565        0.59465339       2.3426669    2.080498e-09       149.29347      0.81324664      0.27578243      0.77973126       17.648329       2829.2856       8.5813424        3.2856832         5.2956592       2855.1092                 37.533943                 396.30269                           2386.2404                       9.208645                0.7170093               4.650472                         12.280848       8.1751925
              1       1438.1743       3.0351924      0.96227366       70.066401     0.021888913      0.11350103     0.053399768           0.50677532   0.00032399392       0.61216959       1.0014203      0.99873647      0.99807847       55.014625      0.96174551       6.5020591       7.0083248       7.6163579       10.988642        18.791757       90.902911       266.30913       60.231333       58.424964       104.33808     0.031486148       0.056657352        0.46517261       0.1159498        0.61902648       2.3169386    2.080498e-09       149.29347      0.81324664      0.27578243      0.77973126       17.648329       2830.1412       10.191928         4.696948         5.4949798       2855.9647                 37.533943                 396.30269                           2387.0959                       9.208645                0.7170093               4.650472                         12.280848       8.1751925
              1        1436.214       3.0351924      0.96227366       70.066401     0.021888913      0.11350103     0.053399768           0.50677532   0.00032399392       0.61216959       1.0014203      0.99866998      0.99859217       54.701656      0.93579904       6.7167336       6.1573601       6.4344732       10.481084        18.187847       90.876473       263.02063       59.394046       59.201204       103.34975     0.041762176       0.085758841         0.4940426      0.18452605        0.54329263       2.1638341    2.080498e-09       149.29347      0.81324664      0.27578243      0.77973126       17.648329       2828.3765       9.1139939         4.050821          5.063173          2854.2                 37.533943                 396.30269                           2385.3312                       9.208645                0.7170093               4.650472                         12.280848       8.1751925
              1       1436.1805       3.0351924      0.96227366       70.066401     0.021888913      0.11350103     0.053399768           0.50677532   0.00032399392       0.61216959       1.0014203      0.99922994      0.99870113       54.347565      0.91165873       7.1834657       6.8033855       6.1474526       10.479227         19.54625        92.14556       258.98532       62.391653       59.220065       103.47906      0.11054724        0.13855116        0.51742676       0.1931199        0.51846775       2.2159084    2.080498e-09       149.29347      0.81324664      0.27578243      0.77973126       17.648329       2832.5808       6.9783397        0.6615673         6.3167724       2858.4044                 37.533943                 396.30269                           2389.5356                       9.208645                0.7170093               4.650472                         12.280848       8.1751925
              2        1435.876       3.0351924      0.96227366       70.066401     0.021888913      0.11350103     0.053399768           0.50677532   0.00032399392       0.61216959       1.0016865      0.99922994      0.99870113       54.347565      0.91165873       7.1834657       6.8033855       6.1474526       10.479227         19.54625        92.14556       258.98532       62.391653       59.220065       103.47906      0.11054724        0.13855116        0.51742676       0.1931199        0.51846775       2.2159084    2.080498e-09       149.29347      0.81324664      0.27578243      0.77973126       17.648329       2831.8395        7.044501       0.72772861         6.3167724        2857.663                 37.448824                 396.31349                           2388.7795                      9.2977247                0.7170093               4.650472                         12.280848       8.1751925
              3       1437.8422       3.0351924      0.96227366       70.066401     0.021888913      0.11350103     0.053399768           0.50677532   0.00032399392       0.61216959       1.0016865      0.99876608      0.99886848       54.704494       0.9586908        6.387566       7.5375062       7.2498963       10.286201        18.587668       92.016266       244.42885       58.448718       59.771675       104.82942     0.071437086        0.11028837        0.42199927      0.26752428        0.47126788       2.4739857    2.080498e-09       149.29347      0.81324664      0.27578243      0.77973126       17.648329       2829.4374        10.21173        4.4059483         5.8057815       2855.2609                 37.448824                 396.31349                           2386.3774                      9.2977247                0.7170093               4.650472                         12.280848       8.1751925
              1       1438.3054       3.0351924      0.96227366       70.066401     0.021888913      0.11350103     0.053399768           0.50677532   0.00032399392       0.61216959       1.0016865      0.99876366      0.99894766       54.453564       0.9718498       6.2542231       7.5892563       7.5216424       10.202529        18.669324       92.613235       244.99984       58.985247       59.890089       104.35499     0.041673272        0.13622485        0.48441053       0.2963201        0.49316539       2.4956753    2.080498e-09       149.29347      0.81324664      0.27578243      0.77973126       17.648329       2828.5875       11.099915        5.4409516         5.6589636        2854.411                 37.448824                 396.31349                           2385.5274                      9.2977247                0.7170093               4.650472                         12.280848       8.1751925
              1       1438.2269       3.0351924      0.96227366       70.066401     0.021888913      0.11350103     0.053399768           0.50677532   0.00032399392       0.61216959       1.0020441      0.99876366      0.99894766       54.453564       0.9718498       6.2542231       7.5892563       7.5216424       10.202529        18.669324       92.613235       244.99984       58.985247       59.890089       104.35499     0.041673272        0.13622485        0.48441053       0.2963201        0.49316539       2.4956753    2.080498e-09       149.29347      0.81324664      0.27578243      0.77973126       17.648329       2828.2169       11.206658         5.547694         5.6589636       2854.0405                 37.334803                 396.29154                            2385.167                      9.4236126                0.7170093               4.650472                         12.280848       8.1751925
              2       1438.1713       3.0351924      0.96227366       70.066401     0.021888913      0.11350103     0.053399768           0.50677532   0.00032399392       0.61216959       1.0020441      0.99875749      0.99895192        54.44534      0.96696886       6.2511364       7.5591925       7.5477722       10.163474        18.692086       92.641474       244.51965        59.02331       59.856245        104.3753     0.040221389         0.1374988        0.48728261      0.29314524         0.4962557       2.5084754    2.080498e-09       149.29347      0.81324664      0.27578243      0.77973126       17.648329       2828.1515       11.183799        5.5562536          5.627545        2853.975                 37.334803                 396.29154                           2385.1015                      9.4236126                0.7170093               4.650472                         12.280848       8.1751925
              2       1437.3089       3.0351924      0.96227366       70.066401     0.021888913      0.11350103     0.053399768           0.50677532   0.00032399392       0.61216959       1.0020441      0.99873752      0.99906809       54.507376      0.96625412       6.2880694       7.9060403       7.0607243       10.091679         18.78338       91.104545       242.28437       60.121514       59.593851       104.49502     0.033728201        0.12770164        0.47861696      0.29721259         0.5584951       2.5147651    2.080498e-09       149.29347      0.81324664      0.27578243      0.77973126       17.648329       2826.4538       11.170244         5.169956         6.0002877       2852.2773                 37.334803                 396.29154                           2383.4038                      9.4236126                0.7170093               4.650472                         12.280848       8.1751925
              1       1436.6003       3.0351924      0.96227366       70.066401     0.021888913      0.11350103     0.053399768           0.50677532   0.00032399392       0.61216959       1.0020441      0.99870996      0.99903907       54.528284      0.96849534       6.3004265       7.9181538       7.0315061       10.117726        18.736941       91.186165        242.0155       60.036288       59.629266       104.67031      0.03352114        0.12709246        0.48263227      0.28983804        0.56496753       2.5065407    2.080498e-09       149.29347      0.81324664      0.27578243      0.77973126       17.648329       2825.3642       11.006431        4.9760901         6.0303406       2851.1877                 37.334803                 396.29154                           2382.3142                      9.4236126                0.7170093               4.650472                         12.280848       8.1751925
              2       1436.3084       3.0351924      0.96227366       70.066401     0.021888913      0.11350103     0.053399768           0.50677532   0.00032399392       0.61216959       1.0020441      0.99861179      0.99920519       54.630788        0.979361       6.2594156       7.9588562       7.1313356       10.276116        18.609879       91.409544        241.9386       59.576425       59.649041        104.3304     0.074773502        0.11954154        0.47004781      0.27539514        0.55796717       2.5557464    2.080498e-09       149.29347      0.81324664      0.27578243      0.77973126       17.648329       2826.9787       9.9073125         3.900465         6.0068475       2852.8022                 37.334803                 396.29154                           2383.9287                      9.4236126                0.7170093               4.650472                         12.280848       8.1751925
              1       1436.3398       3.0351924      0.96227366       70.066401     0.021888913      0.11350103     0.053399768           0.50677532   0.00032399392       0.61216959       1.0020441      0.99859986      0.99919698       54.649564      0.98102615       6.2585222       7.9973358       7.1491147       10.287471        18.625582       91.429193       242.17899       59.622623       59.659524       104.39011     0.072844546        0.11861433        0.46986076      0.27444398        0.55815055       2.5586463    2.080498e-09       149.29347      0.81324664      0.27578243      0.77973126       17.648329        2826.836       10.009984        3.9681754         6.0418082       2852.6596                 37.334803                 396.29154                           2383.7861                      9.4236126                0.7170093               4.650472                         12.280848       8.1751925
              1       1436.3431       3.0351924      0.96227366       70.066401     0.021888913      0.11350103     0.053399768           0.50677532   0.00032399392       0.61216959       1.0020441      0.99860973      0.99919859       54.668994      0.98021559       6.2582374       8.0046589       7.1452032       10.287617        18.684436       91.446327       242.58444        59.72575       59.663722       104.36666     0.076092536        0.11890546        0.47064329       0.2754903        0.55683683       2.5563578    2.080498e-09       149.29347      0.81324664      0.27578243      0.77973126       17.648329       2827.0372       9.9127358        3.8644307         6.0483051       2852.8608                 37.334803                 396.29154                           2383.9873                      9.4236126                0.7170093               4.650472                         12.280848       8.1751925
              2       1436.5388       3.0351924      0.96227366       70.066401     0.021888913      0.11350103     0.053399768           0.50677532   0.00032399392       0.61216959       1.0023122      0.99860973      0.99919859       54.668994      0.98021559       6.2582374       8.0046589       7.1452032       10.287617        18.684436       91.446327       242.58444        59.72575       59.663722       104.36666     0.076092536        0.11890546        0.47064329       0.2754903        0.55683683       2.5563578    2.080498e-09       149.29347      0.81324664      0.27578243      0.77973126       17.648329       2827.2417       10.006158        3.9578529         6.0483051       2853.0652                 37.249609                 396.29146                            2384.178                      9.5226164                0.7170093               4.650472                         12.280848       8.1751925
              2       1438.3587       3.0351924      0.96227366       70.066401     0.021888913      0.11350103     0.053399768           0.50677532   0.00032399392       0.61216959       1.0026502      0.99866983      0.99915288       54.645491      0.99164944       6.2928775       8.0603014       7.1047752       10.396302        18.675143       91.528397       243.42184       59.584543       59.731026       104.24874     0.075808931        0.10733371        0.46773563      0.29748055        0.55825312       2.5535748    2.080498e-09       149.29347      0.81324664      0.27578243      0.77973126       17.648329       2830.0826       10.405624        4.2515171         6.1541069       2855.9061                 37.142518                 396.29146                           2386.9955                      9.6531045                0.7170093               4.650472                         12.280848       8.1751925
              1       1439.5279       3.0351924      0.96227366       70.066401     0.021888913      0.11350103     0.053399768           0.50677532   0.00032399392       0.61216959       1.0026502      0.99863535      0.99920524       54.368941      0.99553969       6.3086256       8.1710925       7.1269304       10.152683        18.622606       91.444802       243.59782       59.065917       59.559752       104.20153     0.069044736       0.098838648        0.46908798      0.30333179        0.55939869       2.5423357    2.080498e-09       149.29347      0.81324664      0.27578243      0.77973126       17.648329       2830.7062       11.263048        4.9775329         6.2855151       2856.5298                 37.142518                 396.29146                           2387.6191                      9.6531045                0.7170093               4.650472                         12.280848       8.1751925
              2       1437.6584       3.0351924      0.96227366       70.066401     0.021888913      0.11350103     0.053399768           0.50677532   0.00032399392       0.61216959       1.0026502      0.99891663      0.99914641       53.584568      0.98088647       5.9844662       8.2918168       7.8472718       10.391168        18.101713       91.211464       249.71812       58.788338       61.257074       105.93967      0.05541764        0.12668604        0.51805284      0.29359955        0.58247011       2.5101449    2.080498e-09       149.29347      0.81324664      0.27578243      0.77973126       17.648329       2830.4778       9.5077698        3.6009932         5.9067766       2856.3013                 37.142518                 396.29146                           2387.3907                      9.6531045                0.7170093               4.650472                         12.280848       8.1751925
              2       1437.4804       3.0351924      0.96227366       70.066401     0.021888913      0.11350103     0.053399768           0.50677532   0.00032399392       0.61216959       1.0026502      0.99902155      0.99911295       53.498139      0.97229146       6.0060674        8.326967       7.8793326       10.515312        17.962654       91.484207       250.47514       58.520839       61.494643       105.77963      0.06779975        0.14120517        0.53969379      0.28469527        0.58217281       2.5227436    2.080498e-09       149.29347      0.81324664      0.27578243      0.77973126       17.648329       2831.4184       8.8594556        2.8876002         5.9718554       2857.2419                 37.142518                 396.29146                           2388.3313                      9.6531045                0.7170093               4.650472                         12.280848       8.1751925
              2       1437.4526       3.0351924      0.96227366       70.066401     0.021888913      0.11350103     0.053399768           0.50677532   0.00032399392       0.61216959       1.0026502      0.99909923       0.9991207        53.26054      0.96035953       6.0300505       8.3724695       7.9416818       10.390675         17.82536       91.197135       248.00838       58.741806       61.081974       106.01654     0.074749657        0.14676714        0.54059037      0.29432384        0.58892143       2.5202242    2.080498e-09       149.29347      0.81324664      0.27578243      0.77973126       17.648329       2831.7197       8.6810048         2.630133         6.0508718       2857.5432                 37.142518                 396.29146                           2388.6326                      9.6531045                0.7170093               4.650472                         12.280848       8.1751925
              2       1437.5335       3.0351924      0.96227366       70.066401     0.021888913      0.11350103     0.053399768           0.50677532   0.00032399392       0.61216959       1.0026805      0.99909923       0.9991207        53.26054      0.96035953       6.0300505       8.3724695       7.9416818       10.390675         17.82536       91.197135       248.00838       58.741806       61.081974       106.01654     0.074749657        0.14676714        0.54059037      0.29432384        0.58892143       2.5202242    2.080498e-09       149.29347      0.81324664      0.27578243      0.77973126       17.648329       2831.8556       8.6939268         2.643055         6.0508718       2857.6792                 37.132935                 396.29146                           2388.7661                      9.6651112                0.7170093               4.650472                         12.280848       8.1751925
              1       1437.4708       3.0351924      0.96227366       70.066401     0.021888913      0.11350103     0.053399768           0.50677532   0.00032399392       0.61216959       1.0026805      0.99912897      0.99909158        53.31661      0.96158981       6.0504869       8.4179861       7.9608027       10.435802        17.996638       91.074702       248.04313       58.681029       61.140032       106.22606     0.082441404        0.15489548         0.5262199      0.29549449        0.58180057        2.515529    2.080498e-09       149.29347      0.81324664      0.27578243      0.77973126       17.648329       2832.1378       8.4901551        2.3648953         6.1252598       2857.9614                 37.132935                 396.29146                           2389.0483                      9.6651112                0.7170093               4.650472                         12.280848       8.1751925
              1       1437.5738       3.0351924      0.96227366       70.066401     0.021888913      0.11350103     0.053399768           0.50677532   0.00032399392       0.61216959       1.0026805      0.99913878      0.99909154       53.339674      0.95697249       6.0425022       8.4371734        7.954386       10.418595        17.963516       91.112586       248.29429       58.633414       61.199735         106.269     0.080451295        0.15362943         0.5245604      0.29409703        0.58176037       2.5198629    2.080498e-09       149.29347      0.81324664      0.27578243      0.77973126       17.648329       2832.3595       8.4822263        2.3508383          6.131388       2858.1831                 37.132935                 396.29146                             2389.27                      9.6651112                0.7170093               4.650472                         12.280848       8.1751925
              3       1437.3742       3.0351924      0.96227366       70.066401     0.021888913      0.11350103     0.053399768           0.50677532   0.00032399392       0.61216959       1.0026805      0.99912113      0.99901204       53.316085      0.96849247       6.0929675       8.7674517       7.8744371       10.574911        18.197098       91.563246       248.04575       59.643285       60.840929       106.30424     0.077968342        0.11340668        0.52949876      0.25108185        0.54231248       2.5405419    2.080498e-09       149.29347      0.81324664      0.27578243      0.77973126       17.648329       2831.2242       8.8502941         2.316529         6.5337651       2857.0478                 37.132935                 396.29146                           2388.1347                      9.6651112                0.7170093               4.650472                         12.280848       8.1751925
              1       1436.5204       3.0351924      0.96227366       70.066401     0.021888913      0.11350103     0.053399768           0.50677532   0.00032399392       0.61216959       1.0022264      0.99915011      0.99907364       53.227945      0.99165817       5.9938721       8.5824593       7.9564457       10.238473        18.202959       90.926325       247.00532       58.722047       60.922794       106.70059     0.063665755         0.1113201        0.52341885      0.19790267        0.51718757       2.4816788    2.080498e-09       149.29347      0.81324664      0.27578243      0.77973126       17.648329       2829.0586       9.0793646        2.8832062         6.1961585       2854.8821                 37.276854                 396.29154                           2385.9997                      9.4904945                0.7170093               4.650472                         12.280848       8.1751925
              2       1438.4094       3.0351924      0.96227366       70.066401     0.021888913      0.11350103     0.053399768           0.50677532   0.00032399392       0.61216959       1.0022264      0.99939193      0.99885608       54.035061      0.98610446       5.7204803       8.9125486       9.4750672       9.0437679        18.082057       92.674908       248.57537       57.128446       57.010354       106.56573     0.096598957       0.048067386        0.52951815       0.2370287        0.58376597       2.4918912    2.080498e-09       149.29347      0.81324664      0.27578243      0.77973126       17.648329        2833.172       8.9115831        2.8182181         6.0933651       2858.9956                 37.276854                 396.29154                           2390.1131                      9.4904945                0.7170093               4.650472                         12.280848       8.1751925
              2       1439.5109       3.0351924      0.96227366       70.066401     0.021888913      0.11350103     0.053399768           0.50677532   0.00032399392       0.61216959       1.0022264      0.99952496      0.99882937       54.110643      0.96321471       5.7387924       8.5288262       9.3035711       9.1830869        17.701293       92.784355       261.79449       56.596883       57.253569       105.11023      0.12045494       0.041422083        0.48770791      0.24531332        0.61821996       2.3970939    2.080498e-09       149.29347      0.81324664      0.27578243      0.77973126       17.648329        2837.836       7.6811618        1.9181232         5.7630386       2863.6596                 37.276854                 396.29154                           2394.7772                      9.4904945                0.7170093               4.650472                         12.280848       8.1751925
              2       1437.5214       3.0351924      0.96227366       70.066401     0.021888913      0.11350103     0.053399768           0.50677532   0.00032399392       0.61216959       1.0022264       0.9996287      0.99860896       54.000254       0.9865641       5.6823641       8.5495343       9.3255706       9.0243015        17.700149       92.521162       260.44221       56.721607       57.601324       104.48073      0.13907311       0.053238014        0.50322346      0.22813551        0.62513794       2.4205573    2.080498e-09       149.29347      0.81324664      0.27578243      0.77973126       17.648329        2836.434       6.3926229       0.69279205         5.6998308       2862.2575                 37.276854                 396.29154                           2393.3751                      9.4904945                0.7170093               4.650472                         12.280848       8.1751925
              1        1437.328       3.0351924      0.96227366       70.066401     0.021888913      0.11350103     0.053399768           0.50677532   0.00032399392       0.61216959       1.0022264      0.99967974       0.9983999       53.206346      0.98646508       5.9198392       8.3519139       9.3485048       8.4659065        17.458362       92.918991        264.2454       57.169837        57.24108       105.18601      0.14125865       0.069553951        0.54386447       0.1735065        0.58291155       2.5472968    2.080498e-09       149.29347      0.81324664      0.27578243      0.77973126       17.648329       2835.2728       6.7798163       0.91319549         5.8666208       2861.0963                 37.276854                 396.29154                           2392.2139                      9.4904945                0.7170093               4.650472                         12.280848       8.1751925
              1        1434.709       3.0351924      0.96227366       70.066401     0.021888913      0.11350103     0.053399768           0.50677532   0.00032399392       0.61216959       1.0022264      0.99968903      0.99832427       53.268656      0.96826636       5.8112656       8.2615031       9.2781051       8.3329004        17.890142       92.945852        266.8857       56.731372       57.144798       104.89002      0.13223774       0.091923668        0.59353452      0.19274074        0.58480857       2.5101733    2.080498e-09       149.29347      0.81324664      0.27578243      0.77973126       17.648329        2831.409       6.0927671       0.46655007         5.6262171       2857.2325                 37.276854                 396.29154                           2388.3501                      9.4904945                0.7170093               4.650472                         12.280848       8.1751925
              1        1432.215       3.0351924      0.96227366       70.066401     0.021888913      0.11350103     0.053399768           0.50677532   0.00032399392       0.61216959       1.0022264      0.99970457      0.99852946         52.9676      0.98372059       5.6351964        8.366571       9.0624783        7.935535        17.679552       92.741045       272.19061       56.376075       56.748459       106.06492      0.11395696        0.13080229        0.56499381       0.1933398        0.60400863        2.459929    2.080498e-09       149.29347      0.81324664      0.27578243      0.77973126       17.648329       2828.3993       5.1035169      -0.36624947         5.4697664       2854.2229                 37.276854                 396.29154                           2385.3405                      9.4904945                0.7170093               4.650472                         12.280848       8.1751925
              1       1433.3679       3.0351924      0.96227366       70.066401     0.021888913      0.11350103     0.053399768           0.50677532   0.00032399392       0.61216959       1.0022264      0.99956628      0.99855007        53.29849      0.94310837       5.8315896       8.2991686        9.215971       7.7419726         17.49264       92.420112       268.16715       56.737009       57.237583       106.99797      0.13390589        0.16269241        0.56867799      0.19843898         0.6008136       2.4288693    2.080498e-09       149.29347      0.81324664      0.27578243      0.77973126       17.648329        2828.838       6.0371238       0.34778324         5.6893406       2854.6615                 37.276854                 396.29154                           2385.7791                      9.4904945                0.7170093               4.650472                         12.280848       8.1751925
              1       1433.4081       3.0351924      0.96227366       70.066401     0.021888913      0.11350103     0.053399768           0.50677532   0.00032399392       0.61216959       1.0022264      0.99947812      0.99867778        53.29831      0.95568192       5.9545464       7.9227642       9.5351847       7.6938419        17.400912       92.585065       268.84651       55.557814       57.171966       107.12112      0.11844172        0.13662567        0.58629108      0.18650493        0.62342856        2.411032    2.080498e-09       149.29347      0.81324664      0.27578243      0.77973126       17.648329       2829.0853       5.9536639       0.42482915         5.5288348       2854.9088                 37.276854                 396.29154                           2386.0264                      9.4904945                0.7170093               4.650472                         12.280848       8.1751925
              1       1435.4677       3.0351924      0.96227366       70.066401     0.021888913      0.11350103     0.053399768           0.50677532   0.00032399392       0.61216959       1.0022264      0.99948374      0.99845278       53.334581      0.88757647       6.5414198       6.8567464       8.2565445       7.8001874        18.171644         90.5532       285.86715       54.959609       56.554654       106.47219      0.14672371       0.099430558        0.49736408      0.17401249        0.66585148       2.3971704    2.080498e-09       149.29347      0.81324664      0.27578243      0.77973126       17.648329       2835.8691       4.6213651      -0.79616421         5.4175293       2861.6927                 37.276854                 396.29154                           2392.8103                      9.4904945                0.7170093               4.650472                         12.280848       8.1751925
              1       1434.7123       3.0351924      0.96227366       69.893545     0.021888913      0.11350103     0.053399768           0.50677532   0.00032399392       0.61216959       1.0022264       0.9994922      0.99855127       53.664881      0.88047832       6.5251593       6.7994775       8.2270581       7.7332913        18.441568       90.690118       283.96326       55.482427       56.619388       106.74077      0.15445371        0.11473349        0.46651597      0.18125039        0.66402014       2.3882028    2.080498e-09       149.29347      0.81284868      0.27714822      0.78127715       16.109294       2835.4433       4.3593436      -0.98617714         5.3455207       2860.7059                 37.204047                 396.31294                           2392.7125                      9.2138339               0.62851895              4.4590641                         11.021711       9.1532726
              4       1433.9015       3.0351924      0.96227366       69.893545     0.021888913      0.11350103     0.053399768           0.50677532   0.00032399392       0.61216959       1.0022264      0.99933649      0.99840476        53.49616      0.85718532       6.8295381       7.1022394       8.1145318       7.9353123        18.295373       91.135859       279.67772       55.788794       56.811769       106.98491      0.13654382        0.12730518        0.44325341      0.17060178        0.66507273        2.388971    2.080498e-09       149.29347      0.81284868      0.27714822      0.78127715       16.109294       2832.7644       4.8880095       -1.1713401         6.0593495       2858.0269                 37.204047                 396.31294                           2390.0335                      9.2138339               0.62851895              4.4590641                         11.021711       9.1532726
              1       1433.9926       3.0351924      0.96227366       69.893545     0.021888913      0.11350103     0.053399768           0.50677532   0.00032399392       0.61216959       1.0022264      0.99932146      0.99839025       53.491443      0.86288979       6.8350096       7.0254791       8.1545601       7.9159416        18.340537       91.171176       279.69824       55.854374       56.904629       107.01817      0.13139812        0.12774701        0.44310412      0.16796868         0.6668923       2.3937115    2.080498e-09       149.29347      0.81284868      0.27714822      0.78127715       16.109294       2833.0174       4.8526104       -1.1425453         5.9951557         2858.28                 37.204047                 396.31294                           2390.2866                      9.2138339               0.62851895              4.4590641                         11.021711       9.1532726
              1       1434.2197       3.0351924      0.96227366       69.893545     0.021888913      0.11350103     0.053399768           0.50677532   0.00032399392       0.61216959       1.0022264      0.99928668      0.99832601       53.674328      0.86365674       6.8258483       6.9261691        8.050171       7.9598054        18.554175       90.826475       279.29739        56.31131       57.065856        107.0094      0.15096149        0.12355685        0.43739159      0.16614041        0.66917155       2.3668833    2.080498e-09       149.29347      0.81284868      0.27714822      0.78127715       16.109294       2833.4734       4.8517514       -1.0369769         5.8887284       2858.7359                 37.204047                 396.31294                           2390.7425                      9.2138339               0.62851895              4.4590641                         11.021711       9.1532726
              2       1433.8239       3.0351924      0.96227366       69.893545     0.021888913      0.11350103     0.053399768           0.50677532   0.00032399392       0.61216959       1.0022264      0.99922178      0.99839449       53.766893      0.85759663       6.7757189        6.705073       8.0002745       8.0420718        18.178373       90.989838       280.17518       56.297102       56.999625       106.95632      0.15847124        0.12029648        0.44521317      0.17770038        0.67270133       2.3531103    2.080498e-09       149.29347      0.81284868      0.27714822      0.78127715       16.109294       2832.9174       4.7339134      -0.88039906         5.6143125         2858.18                 37.204047                 396.31294                           2390.1866                      9.2138339               0.62851895              4.4590641                         11.021711       9.1532726
              1       1433.2713       3.0351924      0.96227366       69.893545     0.021888913      0.11350103     0.053399768           0.50677532   0.00032399392       0.61216959       1.0022264      0.99935724      0.99835689       53.605115      0.84976992       6.4860577       6.0253499       8.2867711       8.0186107        18.493416       90.733262       278.62548       57.579568       56.463568       106.95571      0.12936377        0.13048432        0.39449858      0.21283236        0.66927138        2.460219    2.080498e-09       149.29347      0.81284868      0.27714822      0.78127715       16.109294       2834.1791       3.5504643       -1.1144195         4.6648838       2859.4417                 37.204047                 396.31294                           2391.4483                      9.2138339               0.62851895              4.4590641                         11.021711       9.1532726
              2       1432.6279       3.0351924      0.96227366       69.893545     0.021888913      0.11350103     0.053399768           0.50677532   0.00032399392       0.61216959       1.0022264      0.99948461       0.9982247       53.699312       0.8808485       6.4130343       5.8656793       8.4263986       8.2279615        18.784236       91.804923       275.21916       56.930886       56.135064       107.07881      0.15332509        0.15759567        0.40176787       0.2243518        0.62839043       2.3953543    2.080498e-09       149.29347      0.81284868      0.27714822      0.78127715       16.109294       2833.1488       3.4222669       -1.0347815         4.4570483       2858.4114                 37.204047                 396.31294                            2390.418                      9.2138339               0.62851895              4.4590641                         11.021711       9.1532726
              1       1433.7165       3.0351924      0.96227366       69.893545     0.021888913      0.11350103     0.053399768           0.50677532   0.00032399392       0.61216959       1.0022264      0.99957816      0.99825922       53.684643      0.89393847       6.2341961       5.7488764       8.4896323        8.283144         19.05835       92.016467       276.18922       56.445033       55.696546       107.10579      0.15821351        0.17243838        0.38938556      0.22313791        0.63641033       2.4513287    2.080498e-09       149.29347      0.81284868      0.27714822      0.78127715       16.109294       2835.0228       3.5738303      -0.59555791         4.1693883       2860.2854                 37.204047                 396.31294                            2392.292                      9.2138339               0.62851895              4.4590641                         11.021711       9.1532726
              2       1435.1334       3.0351924      0.96227366       69.893545     0.021888913      0.11350103     0.053399768           0.50677532   0.00032399392       0.61216959       1.0022264      0.99965794      0.99838658       53.361409      0.89653393       6.3010846       5.4923804       8.2985636       7.8973463        18.765674       91.964811       277.25858       55.842503       55.552393       107.69354      0.14008562        0.18412057        0.41390747      0.24581157        0.61220256        2.458827    2.080498e-09       149.29347      0.81284868      0.27714822      0.78127715       16.109294       2836.7617       4.1212353      0.053968778         4.0672665       2862.0243                 37.204047                 396.31294                           2394.0309                      9.2138339               0.62851895              4.4590641                         11.021711       9.1532726
              3       1432.2668       3.0351924      0.96227366       69.893545     0.021888913      0.11350103     0.053399768           0.50677532   0.00032399392       0.61216959       1.0015781       1.0000578      0.99842273       53.246277      0.75903435       5.8238409       4.3977808       7.3958595       8.0690051         18.41575       91.383507       280.27272       58.882531       54.261547       112.44101      0.19880489        0.13528922        0.30808806      0.14759386        0.65123538       2.2028009    2.080498e-09       149.29347      0.81284868      0.27714822      0.78127715       16.109294       2831.7689       3.7510224       0.74602526         3.0049972       2857.0315                 37.410244                 396.30777                           2389.0397                      9.0112477               0.62851895              4.4590641                         11.021711       9.1532726
              1       1432.2136       3.0351924      0.96227366       69.893545     0.021888913      0.11350103     0.053399768           0.50677532   0.00032399392       0.61216959       1.0015781       1.0001468      0.99842253       53.227183      0.74163906       5.9510769       4.2911207       7.1011243        8.246634        18.421561       91.963245       284.87205       58.469277       54.675244       113.10448      0.17643339        0.13134996        0.27160219       0.2055907        0.65368006       2.2334045    2.080498e-09       149.29347      0.81284868      0.27714822      0.78127715       16.109294       2832.2187       3.4729288       0.42201018         3.0509187       2857.4813                 37.410244                 396.30777                           2389.4894                      9.0112477               0.62851895              4.4590641                         11.021711       9.1532726
              3       1432.6581       3.0351924      0.96227366       69.893545     0.021888913      0.11350103     0.053399768           0.50677532   0.00032399392       0.61216959       1.0015781       1.0001797       0.9981609       52.275609      0.70013464       5.9666959       4.0558763       6.5475191       8.7458942        18.111762       91.745965       285.25573       59.109835       54.672328       112.38399      0.17147576        0.16013321        0.27918606      0.16613592        0.67167995       2.2406225    2.080498e-09       149.29347      0.81284868      0.27714822      0.78127715       16.109294       2833.2759       3.3889128       0.43629299         2.9526198       2858.5385                 37.410244                 396.30777                           2390.5466                      9.0112477               0.62851895              4.4590641                         11.021711       9.1532726
              1       1432.3979       3.0351924      0.96227366       69.893545     0.021888913      0.11350103     0.053399768           0.50677532   0.00032399392       0.61216959       1.0015781      0.99995874       0.9980206       52.563092      0.69961488       5.7109593       5.1252239       7.9825279       8.8612762        18.154712        91.64049       264.88255       57.828945       55.855772       110.93914      0.13056652       0.074429803        0.37355271     0.094678626        0.71233043       2.3854174    2.080498e-09       149.29347      0.81284868      0.27714822      0.78127715       16.109294       2832.9844       3.2744084    -0.0033574449         3.2777659       2858.2469                 37.410244                 396.30777                           2390.2551                      9.0112477               0.62851895              4.4590641                         11.021711       9.1532726
              1       1432.8214       3.0351924      0.96227366       69.893545     0.021888913      0.11350103     0.053399768           0.50677532   0.00032399392       0.61216959       1.0015781       1.0000232      0.99813365       52.609804      0.69969947        5.697348       5.1515747       7.9265563       8.8899039        18.231315       91.783436       267.13742       58.274931       56.137886       110.85368     0.080505862       0.077644916        0.37230403       0.1039247        0.69734768       2.4498591    2.080498e-09       149.29347      0.81284868      0.27714822      0.78127715       16.109294       2832.9644       3.7078677       0.42768079         3.2801869        2858.227                 37.410244                 396.30777                           2390.2352                      9.0112477               0.62851895              4.4590641                         11.021711       9.1532726
              1       1432.5487       3.0351924      0.96227366       69.893545     0.021888913      0.11350103     0.053399768           0.50677532   0.00032399392       0.61216959       1.0015781       1.0002017      0.99819805       53.650891      0.76383564       5.8609121       5.5205795       7.9360126       8.0124372        17.905083       90.748641       275.39701       59.079833       55.275487       108.88959     0.088225823         0.1277711        0.42035215      0.13037274        0.79281568       2.4731333    2.080498e-09       149.29347      0.81284868      0.27714822      0.78127715       16.109294       2833.5442       3.1453569      -0.49101742         3.6363743       2858.8068                 37.410244                 396.30777                           2390.8149                      9.0112477               0.62851895              4.4590641                         11.021711       9.1532726
              1       1431.8512       3.0351924      0.96227366       69.893545     0.021888913      0.11350103     0.053399768           0.50677532   0.00032399392       0.61216959       1.0015781       1.0001503      0.99819549        53.55644      0.77694088        5.873149       5.5321867       7.9492159        8.061044        17.910882       90.697871       274.38606       59.062175       55.067405       108.90831     0.083335065        0.12778783        0.41879557       0.1429706        0.79372991        2.477607    2.080498e-09       149.29347      0.81284868      0.27714822      0.78127715       16.109294        2832.217       3.1114599      -0.54367343         3.6551333       2857.4795                 37.410244                 396.30777                           2389.4877                      9.0112477               0.62851895              4.4590641                         11.021711       9.1532726
              1       1429.8544       3.0351924      0.96227366       69.893545     0.021888913      0.11350103     0.053399768           0.50677532   0.00032399392       0.61216959       1.0015781      0.99999711      0.99832411       54.019435      0.73715519       5.9849643       5.9287385       6.9930628       8.6998756        18.476854       90.905528       275.11847       57.755737       55.128912       109.57985      0.11303126        0.12814095        0.52045289       0.1835751        0.81224348       2.5255452    2.080498e-09       149.29347      0.81284868      0.27714822      0.78127715       16.109294       2828.3531       3.0465865      -0.97408647          4.020673       2853.6157                 37.410244                 396.30777                           2385.6239                      9.0112477               0.62851895              4.4590641                         11.021711       9.1532726
              2       1429.9705       3.0351924      0.96227366       69.893545     0.021888913      0.11350103     0.053399768           0.50677532   0.00032399392       0.61216959       1.0018487      0.99995187      0.99835866       53.970071      0.73421791       6.0308055       6.0574638       7.0537536       8.6103846        18.360566       90.918995       276.54057        57.75134       55.183007       109.96263      0.12189989        0.13014992         0.5139183      0.18331517        0.81322109       2.5507593    2.080498e-09       149.29347      0.81284868      0.27714822      0.78127715       16.109294       2828.1031       3.2876344      -0.87012635         4.1577607       2853.3657                 37.324034                 396.30777                           2385.3784                       9.092941               0.62851895              4.4590641                         11.021711       9.1532726
              2        1430.306       3.0351924      0.96227366       69.893545     0.021888913      0.11350103     0.053399768           0.50677532   0.00032399392       0.61216959       1.0018487      0.99992349      0.99848771       53.762823      0.73878491       5.8542796       6.1903698       7.0558036       8.4590715        18.360338       91.451264       273.46923       59.533792       55.836871       109.40069       0.1390729        0.13686471         0.5103785      0.20717036         0.8073894       2.5362173    2.080498e-09       149.29347      0.81284868      0.27714822      0.78127715       16.109294       2828.9084       3.2205304      -0.83534704         4.0558775        2854.171                 37.324034                 396.30777                           2386.1837                       9.092941               0.62851895              4.4590641                         11.021711       9.1532726
              1       1431.1514       3.0351924      0.96227366       69.893545     0.021888913      0.11350103     0.053399768           0.50677532   0.00032399392       0.61216959       1.0018487      0.99976411      0.99852818       53.470971      0.77815025       6.0300051       5.3739505       7.9614295       8.4641445        17.312013       90.955109       268.49614       58.784302       57.966474       109.18817      0.10436644       0.086332626        0.50215252      0.21372667        0.78888409       2.6652669    2.080498e-09       149.29347      0.81284868      0.27714822      0.78127715       16.109294       2829.5339       3.7531989      0.041646591         3.7115524       2854.7965                 37.324034                 396.30777                           2386.8092                       9.092941               0.62851895              4.4590641                         11.021711       9.1532726
              2       1432.9107       3.0351924      0.96227366       69.893545     0.021888913      0.11350103     0.053399768           0.50677532   0.00032399392       0.61216959       1.0018487      0.99976334       0.9982051       53.216183      0.75010621       6.0362839       5.1529398       8.0470183       8.5408548        17.176365       90.496505        266.4776       60.765352        57.77951       110.64822      0.12338521       0.077417094        0.52045046      0.22466284        0.84739579       2.7104036    2.080498e-09       149.29347      0.81284868      0.27714822      0.78127715       16.109294       2831.1879       4.6854499        1.1008625         3.5845874       2856.4505                 37.324034                 396.30777                           2388.4632                       9.092941               0.62851895              4.4590641                         11.021711       9.1532726
              6       1432.3259       3.0351924      0.96227366       69.893545     0.021888913      0.11350103     0.053399768           0.50677532   0.00032399392       0.61216959       1.0018487      0.99971367      0.99830513       52.743126      0.78461217       6.0306693       5.8770528       8.6772713        8.702362         17.73983       92.150678       261.30037       62.173264       57.380857       110.22106      0.10240963       0.083518754        0.48306655       0.2045305        0.85987773       2.5011514    2.080498e-09       149.29347      0.81284868      0.27714822      0.78127715       16.109294       2830.2188       4.5852368       0.55023233         4.0350044       2855.4814                 37.324034                 396.30777                           2387.4941                       9.092941               0.62851895              4.4590641                         11.021711       9.1532726
              1       1433.5004       3.0351924      0.96227366       69.893545     0.021888913      0.11350103     0.053399768           0.50677532   0.00032399392       0.61216959       1.0018487      0.99950851      0.99858501       52.071725      0.81112671        5.948915       5.9674945       8.8356727       8.5475019         17.43017       91.840991       263.93494       61.228148       56.675925       106.88355      0.14075639       0.094096693        0.58046604      0.16974847        0.81017613       2.4195629    2.080498e-09       149.29347      0.81284868      0.27714822      0.78127715       16.109294       2832.5073       4.6155281       0.60746031         4.0080678       2857.7698                 37.324034                 396.30777                           2389.7825                       9.092941               0.62851895              4.4590641                         11.021711       9.1532726
              1       1433.3446       3.0351924      0.96227366       69.893545     0.021888913      0.11350103     0.053399768           0.50677532   0.00032399392       0.61216959       1.0018487      0.99961875      0.99859426       52.266102      0.80092258       5.9706511        6.109045       8.7710175       8.9748259        17.090445        91.88243        265.5687        62.16331       56.771989        106.9196      0.14487378        0.11770158        0.60358889      0.17725182        0.79958157       2.3951617    2.080498e-09       149.29347      0.81284868      0.27714822      0.78127715       16.109294       2833.1015       4.1625872      0.035518925         4.1270682       2858.3641                 37.324034                 396.30777                           2390.3768                       9.092941               0.62851895              4.4590641                         11.021711       9.1532726
              1       1434.2099       3.0351924      0.96227366       69.893545     0.021888913      0.11350103     0.053399768           0.50677532   0.00032399392       0.61216959       1.0011301      0.99961875      0.99859426       52.266102      0.80092258       5.9706511        6.109045       8.7710175       8.9748259        17.090445        91.88243        265.5687        62.16331       56.771989        106.9196      0.14487378        0.11770158        0.60358889      0.17725182        0.79958157       2.3951617    2.080498e-09       149.29347      0.81284868      0.27714822      0.78127715       16.109294       2835.1745       3.9913549      -0.13571331         4.1270682        2860.437                 37.553504                 396.33026                           2392.4057                      8.8849594               0.62851895              4.4590641                         11.021711       9.1532726
              1       1433.6126       3.0351924      0.96227366       69.893545     0.021888913      0.11350103     0.053399768           0.50677532   0.00032399392       0.61216959       1.0011301      0.99956494      0.99863023       52.488845      0.79561996       5.9567615       6.1748486       8.7901958       8.9447852        17.304272        92.01178       263.68274        62.05371       56.788809       106.94746      0.15778147         0.1353342        0.59791747       0.1774225        0.77818401       2.4142861    2.080498e-09       149.29347      0.81284868      0.27714822      0.78127715       16.109294       2834.1445       3.9090413      -0.24797077         4.1570121        2859.407                 37.553504                 396.33026                           2391.3757                      8.8849594               0.62851895              4.4590641                         11.021711       9.1532726
              2       1433.4069       3.0351924      0.96227366       69.893545     0.021888913      0.11350103     0.053399768           0.50677532   0.00032399392       0.61216959       1.0011301      0.99992123      0.99900504       52.875943      0.81787454       6.2283918       5.8799434       8.1376043       9.3237012        16.931563       91.033847       263.62377       57.966855       57.245017       106.96892      0.12118578        0.15985496        0.54516931      0.15367193        0.74963195       2.3238204    2.080498e-09       149.29347      0.81284868      0.27714822      0.78127715       16.109294       2834.5954       3.4778488      -0.77657556         4.2544243        2859.858                 37.553504                 396.33026                           2391.8267                      8.8849594               0.62851895              4.4590641                         11.021711       9.1532726
              1       1433.0599       3.0351924      0.96227366       69.893545     0.021888913      0.11350103     0.053399768           0.50677532   0.00032399392       0.61216959       1.0011301      0.99986996      0.99896615       52.914797      0.83574168       6.2987213       5.8315599       8.0477985       9.3747654        16.694356       91.096637       262.86005       58.378089       57.207712       106.72537      0.13851432        0.15386415        0.54655426      0.17043393        0.73787814       2.3294571    2.080498e-09       149.29347      0.81284868      0.27714822      0.78127715       16.109294       2834.5383       3.1595035       -1.1403734         4.2998769       2859.8008                 37.553504                 396.33026                           2391.7695                      8.8849594               0.62851895              4.4590641                         11.021711       9.1532726
              1       1433.0828       3.0351924      0.96227366       69.893545     0.021888913      0.11350103     0.053399768           0.50677532   0.00032399392       0.61216959       1.0011301      0.99956937      0.99895083       52.803059      0.84383498       6.4736196       5.3511281       7.7269062       9.0437044         17.03419       91.122084       269.03467       59.303174       56.683862       108.52635      0.12341501         0.1334756        0.49698073      0.15813277         0.7574331       2.2896773    2.080498e-09       149.29347      0.81284868      0.27714822      0.78127715       16.109294       2834.8828       3.0101363       -1.1491191         4.1592554       2860.1453                 37.553504                 396.33026                            2392.114                      8.8849594               0.62851895              4.4590641                         11.021711       9.1532726
              1       1434.6641       3.0351924      0.96227366       69.893545     0.021888913      0.11350103     0.053399768           0.50677532   0.00032399392       0.61216959       1.0011301      0.99948575       0.9995976       51.700064      0.90119313       6.0163815       6.2957288        7.378691       9.0152915        17.623849       91.910379       274.32118       59.845259       57.276569        108.3007      0.13294485        0.15576805        0.43514627      0.28933481        0.80269828       2.2213014    2.080498e-09       149.29347      0.81284868      0.27714822      0.78127715       16.109294       2831.5708        6.247373        1.9386387         4.3087343       2856.8334                 37.553504                 396.33026                           2388.8021                      8.8849594               0.62851895              4.4590641                         11.021711       9.1532726
              1       1434.6772       3.0351924      0.96227366       69.893545     0.021888913      0.11350103     0.053399768           0.50677532   0.00032399392       0.61216959       1.0011301      0.99948803      0.99959821       51.693967      0.90156661       6.0215701       6.2987625       7.3916744       9.0123173        17.609903       91.926172       274.47182       59.870958       57.272013       108.30431      0.13166442        0.15651451        0.43516036      0.28938399        0.80218409       2.2219544    2.080498e-09       149.29347      0.81284868      0.27714822      0.78127715       16.109294       2831.5711       6.2604078         1.943578         4.3168299       2856.8337                 37.553504                 396.33026                           2388.8024                      8.8849594               0.62851895              4.4590641                         11.021711       9.1532726
              1        1433.382       3.0351924      0.96227366       69.893545     0.021888913      0.11350103     0.053399768           0.50677532   0.00032399392       0.61216959       1.0011301      0.99959243      0.99936565       52.178147      0.90257836       5.9866657        6.273866       7.3699216        9.123966        17.832252       91.629497       277.16869       59.110924       57.406071        108.2039     0.084383208        0.17402947        0.43531818      0.29111074        0.79460363        2.203071    2.080498e-09       149.29347      0.81284868      0.27714822      0.78127715       16.109294        2829.113       6.1942208        1.9347449         4.2594759       2854.3756                 37.553504                 396.33026                           2386.3443                      8.8849594               0.62851895              4.4590641                         11.021711       9.1532726
              2       1432.8186       3.0351924      0.96227366       69.893545     0.021888913      0.11350103     0.053399768           0.50677532   0.00032399392       0.61216959       1.0011301       0.9995227       0.9990546       52.080153       0.9001525       5.8114801       5.9694959       7.3967328       9.2190396         16.48313       91.358195       270.96483       58.707556       56.934726        108.4995      0.10620074        0.15044186        0.47078384      0.32016044        0.77709135       2.1573883    2.080498e-09       149.29347      0.81284868      0.27714822      0.78127715       16.109294       2831.6234       4.3756167        0.5098294         3.8657873        2856.886                 37.553504                 396.33026                           2388.8547                      8.8849594               0.62851895              4.4590641                         11.021711       9.1532726
              1       1432.8757       3.0351924      0.96227366       69.893545     0.021888913      0.11350103     0.053399768           0.50677532   0.00032399392       0.61216959       1.0011301      0.99950523       0.9990752       52.157647      0.89256371       5.7971449       6.0342179       7.4368692       9.1661684        16.358154       91.301372       271.58089       58.729089       56.852429       108.54428      0.10586618         0.1596782        0.47239018      0.31462409        0.77378347       2.1647808    2.080498e-09       149.29347      0.81284868      0.27714822      0.78127715       16.109294       2831.4213        4.533791       0.64112731         3.8926637       2856.6839                 37.553504                 396.33026                           2388.6526                      8.8849594               0.62851895              4.4590641                         11.021711       9.1532726
              1       1433.1347       3.0351924      0.96227366       69.893545     0.021888913      0.11350103     0.053399768           0.50677532   0.00032399392       0.61216959       1.0011301      0.99935359      0.99906138       52.281296      0.88980861       5.6717855        6.201172        7.853606       9.5037877        16.668195       91.624511        270.1529       59.108707       56.578473       108.64454     0.097891284        0.15492905        0.48597745        0.325389        0.79142188       2.1564061    2.080498e-09       149.29347      0.81284868      0.27714822      0.78127715       16.109294        2831.067       4.9699077        1.0988841         3.8710235       2856.3296                 37.553504                 396.33026                           2388.2983                      8.8849594               0.62851895              4.4590641                         11.021711       9.1532726
              2       1429.4821       3.0351924      0.96227366       69.893545     0.021888913      0.11350103     0.053399768           0.50677532   0.00032399392       0.61216959       1.0011301      0.99919484      0.99922822       52.296806      0.94562065       5.2866793       6.3955757       7.1979836       9.3341992        17.577493       90.278386       263.73524       57.409509       57.201145       112.34279      0.10547734        0.16444117        0.58176637      0.31359566        0.79381789        2.220797    2.080498e-09       149.29347      0.81284868      0.27714822      0.78127715       16.109294       2820.9217       6.3899313        2.7797067         3.6102246       2846.1843                 37.553504                 396.33026                            2378.153                      8.8849594               0.62851895              4.4590641                         11.021711       9.1532726
              1       1429.6938       3.0351924      0.96227366       69.893545     0.021888913      0.11350103     0.053399768           0.50677532   0.00032399392       0.61216959       1.0011301      0.99920464       0.9991743       52.254014       0.9562025        5.342129       6.4152215       7.2450441       9.3027002        17.594622       90.660776       264.23889        57.74988       57.058775       112.38505      0.11293947        0.16529851        0.58897219      0.31078657        0.79840634        2.223122    2.080498e-09       149.29347      0.81284868      0.27714822      0.78127715       16.109294       2821.4626       6.3312205         2.655875         3.6753455       2846.7252                 37.553504                 396.33026                           2378.6939                      8.8849594               0.62851895              4.4590641                         11.021711       9.1532726
              2       1429.6413       3.0351924      0.96227366       69.980836     0.021888913      0.11350103     0.053399768           0.50677532   0.00032399392       0.61216959       1.0011301       0.9993975      0.99922828       52.084719      0.93727465        5.336303       6.4642642       7.1815233       8.7401519        18.089309       90.938464       265.82434       57.480181       57.537905       112.57511      0.10801268         0.1807151        0.58695736      0.31725492        0.80489294       2.2201642    2.080498e-09       149.29347      0.81305005      0.27645724      0.78049592       16.873942        2819.541       7.1076168        3.4080746         3.6995422       2845.0674                 37.592132                 396.30574                           2376.6432                      8.9999093               0.67247632              4.5559374                         11.645528       8.6524452
              1       1429.7505       3.0351924      0.96227366       69.980836     0.021888913      0.11350103     0.053399768           0.50677532   0.00032399392       0.61216959       1.0011301      0.99941283       0.9992558       52.174828      0.94383084       5.3246949       6.4306467       7.0677059       8.6564854        17.829105        91.13094       265.12337       57.437516       57.758079       112.14873      0.12259415        0.20031744        0.58621207      0.29603616        0.77029283       2.2420183    2.080498e-09       149.29347      0.81305005      0.27645724      0.78049592       16.873942        2819.556       7.2093343        3.5415485         3.6677858       2845.0824                 37.592132                 396.30574                           2376.6583                      8.9999093               0.67247632              4.5559374                         11.645528       8.6524452
              1       1428.9768       3.0351924      0.96227366       69.980836     0.021888913      0.11350103     0.053399768           0.50677532   0.00032399392       0.61216959       1.0011301      0.99943326      0.99921355       52.192853      0.95020681       5.2627172       6.2928147       7.1624862       8.6240321        17.810973       91.179642       265.23628         57.8069       57.868722       111.86766       0.1248592        0.19383543        0.58569602      0.28174695        0.76671851       2.2335983    2.080498e-09       149.29347      0.81305005      0.27645724      0.78049592       16.873942       2819.8681       6.2795253        2.7521378         3.5273875       2845.3945                 37.592132                 396.30574                           2376.9704                      8.9999093               0.67247632              4.5559374                         11.645528       8.6524452
              1        1428.617       3.0351924      0.96227366       69.980836     0.021888913      0.11350103     0.053399768           0.50677532   0.00032399392       0.61216959       1.0011301      0.99941423      0.99924649       52.098175      0.95489336       5.2590353       6.2966017       7.0716473       8.7029187        17.747289       91.082681       265.47383        57.64237       58.153941       111.78238      0.13520026        0.18119921        0.58564971      0.27517894        0.76902915       2.2673989    2.080498e-09       149.29347      0.81305005      0.27645724      0.78049592       16.873942       2820.0921       5.8077097        2.2815407          3.526169       2845.6185                 37.592132                 396.30574                           2377.1943                      8.9999093               0.67247632              4.5559374                         11.645528       8.6524452
              2       1428.8908       3.0351924      0.96227366       69.980836     0.021888913      0.11350103     0.053399768           0.50677532   0.00032399392       0.61216959       1.0011301      0.99973444      0.99939519       52.839214       0.9626607       5.1814427       7.1155517       7.2698513       8.3077766        18.397113       92.200086        266.0895       56.035208       57.043769        111.6421      0.11064696        0.13222561        0.52391113      0.18481543        0.77304686       2.3749899    2.080498e-09       149.29347      0.81305005      0.27645724      0.78049592       16.873942       2823.2368       4.5091817       0.55389856         3.9552831       2848.7632                 37.592132                 396.30574                            2380.339                      8.9999093               0.67247632              4.5559374                         11.645528       8.6524452
              2       1429.0136       3.0351924      0.96227366       69.980836     0.021888913      0.11350103     0.053399768           0.50677532   0.00032399392       0.61216959       1.0010517      0.99973444      0.99939519       52.839214       0.9626607       5.1814427       7.1155517       7.2698513       8.3077766        18.397113       92.200086        266.0895       56.035208       57.043769        111.6421      0.11064696        0.13222561        0.52391113      0.18481543        0.77304686       2.3749899    2.080498e-09       149.29347      0.81305005      0.27645724      0.78049592       16.873942       2823.5098       4.4954965       0.54021336         3.9552831       2849.0361                 37.617285                 396.31615                            2380.599                      8.9772791               0.67247632              4.5559374                         11.645528       8.6524452
              1       1430.4345       3.0351924      0.96227366       69.980836     0.021888913      0.11350103     0.053399768           0.50677532   0.00032399392       0.61216959       1.0010517      0.99948576      0.99953329       52.832025      0.94372553       5.0853355       7.2295056       7.4084781       7.9721251        17.742693       91.784951       260.61995       56.542011       56.507825       112.40677      0.15544795        0.14133645        0.49958633      0.15167697        0.75650534       2.3630247    2.080498e-09       149.29347      0.81305005      0.27645724      0.78049592       16.873942       2824.3626       5.4899395        1.5606968         3.9292427        2849.889                 37.617285                 396.31615                           2381.4519                      8.9772791               0.67247632              4.5559374                         11.645528       8.6524452
              1       1429.4543       3.0351924      0.96227366       69.980836     0.021888913      0.11350103     0.053399768           0.50677532   0.00032399392       0.61216959       1.0010517      0.99956182      0.99957127       52.423248      0.90354946       5.1184245       6.8135917       7.4238728       8.0444366        17.308571        91.68216       265.04744       56.460871       56.151179       112.36675      0.12938959        0.08426189        0.48249025      0.13502324        0.70053613       2.3052741    2.080498e-09       149.29347      0.81305005      0.27645724      0.78049592       16.873942       2822.0949       5.6436504        1.9436669         3.6999835       2847.6213                 37.617285                 396.31615                           2379.1842                      8.9772791               0.67247632              4.5559374                         11.645528       8.6524452
