#        weight    minuslogpost            logA             n_s              H0         omega_b       omega_cdm        tau_reio ridder_Lambda_EDE_eV      ridder_a_c ridder_sigma_lna        A_planck      calib_100T      calib_217T       A_cib_217       xi_sz_cib            A_sz        ksz_norm    gal545_A_100    gal545_A_143 gal545_A_143_217    gal545_A_217    ps_A_100_100    ps_A_143_143    ps_A_143_217    ps_A_217_217   galf_TE_A_100 galf_TE_A_100_143 galf_TE_A_100_217   galf_TE_A_143 galf_TE_A_143_217   galf_TE_A_217             A_s         rs_drag          sigma8         Omega_m              S8       chi2__BAO       chi2__CMB   minuslogprior minuslogprior__0 minuslogprior__SZ            chi2 chi2__planck_2018_lowl.TT chi2__planck_2018_lowl.EE chi2__planck_2018_highl_plik.TTTEEE chi2__planck_2018_lensing.clik chi2__bao.sixdf_2011_bao chi2__bao.sdss_dr7_mgs chi2__bao.sdss_dr12_consensus_bao  chi2__sh0es_h0
              2       1729.8662           3.044          0.9649            70.5         0.02237            0.12          0.0544                  0.5          0.0003              0.6       1.0028172        1.000423      0.99825199       72.062486     0.040253665       5.5970476      0.57105437       8.2160633       10.288656        24.499351       73.133079       290.13005        60.72011       25.431772       106.90285      0.12528161        0.11709034        0.56486718     0.018323367        0.83278598       1.7886423   2.0989032e-09       146.61377      0.83970814      0.28644451      0.82051777       11.848987       3432.7606       4.5789975        2.5614082         2.0175893       3450.5744                 24.710055                 396.09025                           3000.6345                      11.325755               0.35625445              3.7711927                         7.7215397       5.9648669
              1       1729.9812           3.044          0.9649            70.5         0.02237            0.12          0.0544                  0.5          0.0003              0.6       1.0028172       1.0004018      0.99827305       72.089407     0.040873965       5.5739641      0.55459048       8.1497138       10.232469        24.508297       73.207219       290.16768       60.938881       25.573458       106.80275      0.11754771        0.11298032         0.5666081     0.016670015        0.83446963       1.7913205   2.0989032e-09       146.61377      0.83970814      0.28644451      0.82051777       11.848987       3432.5776       4.7854722        2.7678807         2.0175915       3450.3915                 24.710055                 396.09025                           3000.4516                      11.325755               0.35625445              3.7711927                         7.7215397       5.9648669
              1       1723.7986           3.044          0.9649            70.5         0.02237            0.12          0.0544                  0.5          0.0003              0.6       1.0028172       1.0005547      0.99813655       73.223957     0.011828688       5.4893361      0.46421483       9.0996473       9.7458422        23.517775       73.025731       290.61332       58.972442       26.180697       107.69592     0.042989594        0.04570921        0.55001768     0.009320264        0.78578892       1.8850294   2.0989032e-09       146.61377      0.83970814      0.28644451      0.82051777       11.848987       3411.8664        8.958461        6.9373584         2.0211026       3429.6802                 24.710055                 396.09025                           2979.7403                      11.325755               0.35625445              3.7711927                         7.7215397       5.9648669
              1       1707.1479           3.044          0.9649            70.5         0.02237            0.12          0.0544                  0.5          0.0003              0.6       1.0028172       1.0005268      0.99820515       73.762967     0.017253214       6.2489192      0.59315626       9.0376937       9.6742389        23.251553       73.569535       299.01558       58.753655       26.756477       105.35219     0.057357839       0.066325273        0.54669373     0.015072552        0.71047373       1.8132966   2.0989032e-09       146.61377      0.83970814      0.28644451      0.82051777       11.848987        3383.668       6.4069551        4.3232258         2.0837293       3401.4819                 24.710055                 396.09025                           2951.5419                      11.325755               0.35625445              3.7711927                         7.7215397       5.9648669
              2       1708.0837           3.044          0.9649            70.5         0.02237            0.12          0.0544                  0.5          0.0003              0.6       1.0028172       1.0005484      0.99825339       73.757568     0.010065329       6.2619716      0.51880256       8.9791546       9.6510594        23.293631        73.70841       297.11788       58.623144       26.635212       105.51265     0.055269111       0.071149572        0.54567544     0.016746162        0.71285917       1.8072776   2.0989032e-09       146.61377      0.83970814      0.28644451      0.82051777       11.848987       3385.9044       6.2246185        4.1472146         2.0774039       3403.7182                 24.710055                 396.09025                           2953.7783                      11.325755               0.35625445              3.7711927                         7.7215397       5.9648669
              1       1640.0557       3.0355025      0.96554108            70.5     0.022228871      0.11818557     0.052780894            0.5298935   0.00030072519       0.61212474       1.0028172       1.0005484      0.99825339       73.757568     0.010065329       6.2619716      0.51880256       8.9791546       9.6510594        23.293631        73.70841       297.11788       58.623144       26.635212       105.51265     0.055269111       0.071149572        0.54567544     0.016746162        0.71285917       1.8072776   2.0811432e-09       147.25734      0.82982851      0.28250974       0.8052754        13.78764       3247.9096       6.2246185        4.1472146         2.0774039       3267.6621                 24.266223                 395.82879                           2815.0864                      12.728148                0.4735534              4.0940381                         9.2200485       5.9648669
              2       1639.3592       3.0355025      0.96554108            70.5     0.022228871      0.11818557     0.052780894            0.5298935   0.00030072519       0.61212474       1.0028172       1.0005487      0.99824256       73.764811    0.0076063021       6.2509323      0.58793247       8.9750772       9.6157859        23.311221       73.789413       296.82462       58.550733       26.778186       105.61179     0.053258656       0.070989539        0.54376241     0.017656329        0.71105425        1.805813   2.0811432e-09       147.25734      0.82982851      0.28250974       0.8052754        13.78764       3246.4333       6.2662855        4.1827988         2.0834866       3266.1858                 24.266223                 395.82879                           2813.6102                      12.728148                0.4735534              4.0940381                         9.2200485       5.9648669
              3       1638.1738       3.0355025      0.96554108            70.5     0.022228871      0.11818557     0.052780894            0.5298935   0.00030072519       0.61212474       1.0028172       1.0001978      0.99818817       72.692643     0.077378083        5.868124       1.6452965       7.8593807       9.5610393        22.087646       73.073275       283.65487        58.03299       25.949878       105.13001     0.088059568        0.05854562        0.55382001      0.13115209        0.88070229       1.7484743   2.0811432e-09       147.25734      0.82982851      0.28250974       0.8052754        13.78764       3246.1765       5.2093123        3.0609803          2.148332        3265.929                 24.266223                 395.82879                           2813.3533                      12.728148                0.4735534              4.0940381                         9.2200485       5.9648669
              1       1495.0282       3.0401508      0.96374049            70.5     0.022080674      0.11687122     0.050387987            0.5123047   0.00030226811       0.58833035       1.0022259       1.0002828      0.99858103       73.308767     0.015933946       5.8335391      0.43306842       8.5322261       9.3121672        21.997917       72.228285       277.83535       59.166214       28.147821       104.94945       0.1385889        0.13080739        0.53832887      0.14549628        0.82943119       1.8450272   2.0908397e-09       147.76717      0.82604142      0.27956709      0.79741467       15.506283       2965.9544       1.3153974      -0.70610591         2.0215033       2987.4255                 25.658386                 395.68203                           2535.1167                      9.4972872               0.57886013              4.3508395                         10.576583       5.9648669
              3       1493.1684       3.0401508      0.96374049            70.5     0.022080674      0.11687122     0.050387987            0.5123047   0.00030226811       0.58833035       1.0022259       1.0002327      0.99859449        74.20368     0.076624576       5.5805943      0.35188573       9.1650168       9.2871145        22.167153        73.53657       280.90856       57.979915       27.036223       104.24065     0.098197901        0.14101435        0.52105181      0.20230264        0.76361876       1.9280994   2.0908397e-09       147.76717      0.82604142      0.27956709      0.79741467       15.506283       2964.4095      0.22808061       -1.7921387         2.0202193       2985.8806                 25.658386                 395.68203                           2533.5718                      9.4972872               0.57886013              4.3508395                         10.576583       5.9648669
              1        1492.659       3.0401508      0.96374049            70.5     0.022080674      0.11687122     0.050387987            0.5123047   0.00030226811       0.58833035       1.0022259       1.0002887      0.99867999       74.643738     0.069808589       5.7183135      0.40623998       8.9427505       9.4360102        21.821999       72.934846       281.70876       58.023553       26.872515       103.75624     0.087454191         0.1184385        0.50350826      0.22725454        0.78092913        1.957548   2.0908397e-09       147.76717      0.82604142      0.27956709      0.79741467       15.506283       2962.5528      0.64700733       -1.3707149         2.0177222       2984.0239                 25.658386                 395.68203                           2531.7151                      9.4972872               0.57886013              4.3508395                         10.576583       5.9648669
              1        1487.983       3.0413428      0.96392221            70.5     0.022060402      0.11662475     0.051205836           0.50807177   0.00029873354       0.60145416       1.0022259       1.0004127      0.99865547       74.627108     0.054544644       5.5739284      0.41118132       8.8252235         9.15111        21.761056       73.431965       276.72789       57.918063       26.737476       104.13922     0.076315809        0.12829206        0.46628629       0.2257508        0.81653977       2.0085105   2.0933333e-09       147.85469       0.8255555      0.27903043      0.79618031       15.806562       2951.5288       1.3328346      -0.68633186         2.0191665       2973.3003                 25.598438                 395.72673                           2520.8109                      9.3927239               0.59787036              4.3943651                         10.814326       5.9648669
              1       1483.2996       3.0413428      0.96392221            70.5     0.022060402      0.11662475     0.051205836           0.50807177   0.00029873354       0.60145416       1.0022259       1.0002415      0.99884306       74.360023      0.01911332       5.2421589      0.89869873       8.5957507       9.0987352        21.243894       73.418261       278.36628       58.805751       26.642946       103.80969     0.071784265        0.13780702        0.47514263       0.2377565        0.78461858       2.0447698   2.0933333e-09       147.85469       0.8255555      0.27903043      0.79618031       15.806562       2941.9515       1.4381285      -0.58196294         2.0200914        2963.723                 25.598438                 395.72673                           2511.2336                      9.3927239               0.59787036              4.3943651                         10.814326       5.9648669
              3       1483.5014       3.0413428      0.96392221            70.5     0.022060402      0.11662475     0.051205836           0.50807177   0.00029873354       0.60145416       1.0022259       1.0002222      0.99888026       74.253124     0.012275323        5.284601      0.89467506       8.6695138       9.1465095        21.265765       73.421453       278.43156       58.600486       26.469606       103.83935     0.069973084        0.15045662        0.47969782      0.24965591        0.79498739       2.0443458   2.0933333e-09       147.85469       0.8255555      0.27903043      0.79618031       15.806562       2941.4123       1.9094784       -0.1093218         2.0188002       2963.1838                 25.598438                 395.72673                           2510.6944                      9.3927239               0.59787036              4.3943651                         10.814326       5.9648669
              1       1479.6488       3.0413428      0.96392221            70.5     0.022060402      0.11662475     0.051205836           0.50807177   0.00029873354       0.60145416       1.0022259        1.000049      0.99893236        74.76669     0.073634629       4.8228121      0.60786249       9.1269076       9.0231812         20.76172       74.842145       268.45991       59.224175        24.66694       97.032538      0.16008958        0.12665702        0.38914273      0.31484744        0.69340141       2.0253358   2.0933333e-09       147.85469       0.8255555      0.27903043      0.79618031       15.806562       2933.9803       1.7729035      -0.32143207         2.0943355       2955.7517                 25.598438                 395.72673                           2503.2624                      9.3927239               0.59787036              4.3943651                         10.814326       5.9648669
              1       1481.4648       3.0413428      0.96392221            70.5     0.022060402      0.11662475     0.051205836           0.50807177   0.00029873354       0.60145416       1.0022259       1.0000985       0.9988588       74.703071     0.097602728       4.7069735      0.58722558       9.2645277       9.0007404        21.144218       74.912543       267.53536        59.44438       24.657466        97.05693      0.16802149        0.13456969        0.38765003      0.31108308        0.72054112       2.0781085   2.0933333e-09       147.85469       0.8255555      0.27903043      0.79618031       15.806562       2937.5068       1.8256723      -0.29792656         2.1235989       2959.2782                 25.598438                 395.72673                           2506.7889                      9.3927239               0.59787036              4.3943651                         10.814326       5.9648669
              2       1480.9806       3.0413428      0.96392221            70.5     0.022060402      0.11662475     0.051205836           0.50807177   0.00029873354       0.60145416       1.0022259       1.0000832      0.99885699        74.69841     0.091669151       4.7073503      0.61995406       9.3146571       8.9306247        21.152875       74.815726       267.89258       59.365455       24.544232       97.010874      0.16534502        0.13860873        0.38731959      0.31293896          0.722514       2.0828709   2.0933333e-09       147.85469       0.8255555      0.27903043      0.79618031       15.806562       2936.4355       1.8771454      -0.24139837         2.1185438       2958.2069                 25.598438                 395.72673                           2505.7176                      9.3927239               0.59787036              4.3943651                         10.814326       5.9648669
              1       1485.9915       3.0413428      0.96392221            70.5     0.022060402      0.11662475     0.051205836           0.50807177   0.00029873354       0.60145416       1.0022259       1.0005266      0.99873003       74.315058      0.11319706       4.5370989      0.75699405       9.0077572       8.4666827        20.436559       74.265111       257.97422       58.126075       24.722071       97.066337      0.16142602         0.2315834        0.35759245      0.24242823         0.6634665       2.0641023   2.0933333e-09       147.85469       0.8255555      0.27903043      0.79618031       15.806562       2939.7997       5.2059142        3.0660739         2.1398403       2961.5711                 25.598438                 395.72673                           2509.0818                      9.3927239               0.59787036              4.3943651                         10.814326       5.9648669
              1       1484.9949       3.0413428      0.96392221            70.5     0.022060402      0.11662475     0.051205836           0.50807177   0.00029873354       0.60145416       1.0022259        1.000766      0.99880062       74.078548      0.13901125       4.9208003      0.66040364       8.9930131       8.1849566        20.137472       73.204061       264.04544       58.340706       25.338459       96.633078      0.20324661        0.20928861        0.35124739      0.28354926        0.65192334       2.1667312   2.0933333e-09       147.85469       0.8255555      0.27903043      0.79618031       15.806562       2936.1912       6.0135581        3.9441313         2.0694267       2957.9626                 25.598438                 395.72673                           2505.4733                      9.3927239               0.59787036              4.3943651                         10.814326       5.9648669
              1       1482.3984       3.0413428      0.96392221            70.5     0.022060402      0.11662475     0.051205836           0.50807177   0.00029873354       0.60145416       1.0022735       1.0007152      0.99895416       73.629649     0.075101988       5.0839209       1.0248067       8.7930292       7.9477553        19.778352       72.704467       267.08353       57.578135       25.039854       97.431968      0.22081829        0.20315675        0.35844479      0.25742234        0.70790397       2.2235289   2.0933333e-09       147.85469       0.8255555      0.27903043      0.79618031       15.806562       2930.1648       6.4303023        4.4062945         2.0240078       2951.9362                 25.589341                 395.72673                           2499.4466                       9.402106               0.59787036              4.3943651                         10.814326       5.9648669
              1       1481.5509       3.0413428      0.96392221            70.5     0.022060402      0.11662475     0.051205836           0.50807177   0.00029873354       0.60145416       1.0022735       1.0007061      0.99887895       73.726521       0.0546287       5.2078834       1.0271701        8.561078        7.792236        19.905663       72.819294       268.11757       58.271043       25.665696       97.048799      0.21348328         0.2239173         0.3557826      0.26560124        0.70977079       2.2376454   2.0933333e-09       147.85469       0.8255555      0.27903043      0.79618031       15.806562       2926.4003       7.4650169        5.4463738         2.0186431       2948.1718                 25.589341                 395.72673                           2495.6822                       9.402106               0.59787036              4.3943651                         10.814326       5.9648669
              1       1480.3725       3.0413428      0.96392221            70.5     0.022060402      0.11662475     0.051205836           0.50807177   0.00029873354       0.60145416       1.0022735       1.0006583      0.99907003       73.944202     0.047930531       5.1409534      0.95095917       8.7292903       7.9628779        19.856818       72.606937       269.86793       58.734358       26.240621       96.725556      0.23240014        0.21069126        0.38549207        0.263876        0.69682279       2.3124442   2.0933333e-09       147.85469       0.8255555      0.27903043      0.79618031       15.806562       2923.8473       7.5631423        5.5397769         2.0233654       2945.6188                 25.589341                 395.72673                           2493.1292                       9.402106               0.59787036              4.3943651                         10.814326       5.9648669
              6       1478.1566       3.0413428      0.96392221            70.5     0.022060402      0.11662475     0.051205836           0.50807177   0.00029873354       0.60145416       1.0022735       1.0003364      0.99906663       73.285425    0.0016051216       5.3494694      0.45628593       9.2732307       8.3842001        20.353701        72.84506       258.57384       56.880607       28.477942       98.451008      0.19397062        0.16341372        0.37762325      0.32908625        0.70863268       2.2387952   2.0933333e-09       147.85469       0.8255555      0.27903043      0.79618031       15.806562       2925.7966       4.3726598        2.3420645         2.0305953        2947.568                 25.589341                 395.72673                           2495.0784                       9.402106               0.59787036              4.3943651                         10.814326       5.9648669
              1       1475.5807       3.0413428      0.96392221            70.5     0.022060402      0.11662475     0.051205836           0.50807177   0.00029873354       0.60145416       1.0022735       1.0002052       0.9991593       73.713884    0.0035311514        5.317053       0.5668884       9.2380301       8.2057206        20.460836       73.441589       261.43334       56.766764       27.392449       98.418781      0.19493926        0.17814407        0.38395966      0.29607157        0.71213991       2.2567741   2.0933333e-09       147.85469       0.8255555      0.27903043      0.79618031       15.806562       2920.5082       4.4408721        2.4132475         2.0276246       2942.2797                 25.589341                 395.72673                           2489.7901                       9.402106               0.59787036              4.3943651                         10.814326       5.9648669
              2       1453.7434       3.0413428      0.96392221        69.89068     0.022060402      0.11662475     0.051205836           0.50807177   0.00029873354       0.60145416       1.0022735       1.0002052       0.9991593       73.713884    0.0035311514        5.317053       0.5668884       9.2380301       8.2057206        20.460836       73.441589       261.43334       56.766764       27.392449       98.418781      0.19493926        0.17814407        0.38395966      0.29607157        0.71213991       2.2567741   2.0933333e-09       147.85468      0.82408581      0.28391692      0.80169181       11.274951       2878.1602       4.4408721        2.4132475         2.0276246       2898.6051                 25.401456                 395.69108                           2448.1095                      8.9581664               0.34210575              3.7171681                         7.2156775       9.1699505
              2       1452.9487       3.0413428      0.96392221        69.89068     0.022060402      0.11662475     0.051205836           0.50807177   0.00029873354       0.60145416       1.0022735       1.0003674      0.99857319       74.077281     0.018949056        5.253976       0.9422677       8.8763759       8.9783166        19.655073       73.844796       249.98056       60.786396       27.502176       95.731227      0.18845342        0.16691972        0.31037419      0.14051756        0.77699912       2.1568952   2.0933333e-09       147.85468      0.82408581      0.28391692      0.80169181       11.274951       2878.7426       3.3549309        1.3361071         2.0188238       2899.1875                 25.401456                 395.69108                           2448.6918                      8.9581664               0.34210575              3.7171681                         7.2156775       9.1699505
              6       1451.2282       3.0413428      0.96392221        69.89068     0.022060402      0.11662475     0.051205836           0.50807177   0.00029873354       0.60145416       1.0033049       1.0003674      0.99857319       74.077281     0.018949056        5.253976       0.9422677       8.8763759       8.9783166        19.655073       73.844796       249.98056       60.786396       27.502176       95.731227      0.18845342        0.16691972        0.31037419      0.14051756        0.77699912       2.1568952   2.0933333e-09       147.85468      0.82408581      0.28391692      0.80169181       11.274951        2874.381       3.8152134        1.7963896         2.0188238       2894.8259                 25.208746                 395.69023                           2444.4544                      9.0276442               0.34210575              3.7171681                         7.2156775       9.1699505
              3       1451.7587       3.0413428      0.96392221        69.89068     0.022060402      0.11662475     0.051205836           0.50807177   0.00029873354       0.60145416       1.0033049       1.0003811      0.99860457       74.130418     0.018061476       5.2177499      0.92326339       8.9030675       8.9688188          19.6016       73.718659       250.16042       60.945016       27.416318       95.784899      0.19350911        0.16442163         0.3111218      0.13712421        0.77456834       2.1640105   2.0933333e-09       147.85468      0.82408581      0.28391692      0.80169181       11.274951       2875.0871       3.9926556        1.9722082         2.0204474        2895.532                 25.208746                 395.69023                           2445.1605                      9.0276442               0.34210575              3.7171681                         7.2156775       9.1699505
              5       1447.9021       3.0413428      0.96392221        69.89068     0.022060402      0.11662475     0.051205836           0.50807177   0.00029873354       0.60145416       1.0033049       1.0003434      0.99848059        74.11443      0.01463329       5.2991535       0.6561795       8.8793574       9.2286376        19.017723       73.492357       249.05191       60.890727       27.549241       95.553954      0.18290894        0.17216321        0.31437721       0.1778825        0.75856622       2.1637057   2.0933333e-09       147.85468      0.82408581      0.28391692      0.80169181       11.274951       2869.2309         3.06422        1.0392607         2.0249593       2889.6758                 25.208746                 395.69023                           2439.3043                      9.0276442               0.34210575              3.7171681                         7.2156775       9.1699505
              2       1447.7216       3.0413428      0.96392221        69.89068     0.022060402      0.11662475     0.051205836           0.50807177   0.00029873354       0.60145416       1.0033049       1.0003476      0.99848071        74.12445      0.01363445       5.2995704      0.64755288       8.8782557       9.2435805        19.035955       73.498078       249.16575       60.870288       27.582599       95.542592      0.18350305        0.17024714        0.31323303      0.17831639        0.75936174       2.1656448   2.0933333e-09       147.85468      0.82408581      0.28391692      0.80169181       11.274951       2868.9125       3.0428664        1.0175806         2.0252858       2889.3574                 25.208746                 395.69023                           2438.9859                      9.0276442               0.34210575              3.7171681                         7.2156775       9.1699505
              1       1447.5818       3.0413428      0.96392221        69.89068     0.022060402      0.11662475     0.051205836           0.50807177   0.00029873354       0.60145416       1.0033049       1.0004117       0.9985248       74.048358     0.025376348       5.2467448      0.81712594       8.8663358       9.3737846        19.125326        73.52026        244.2551        60.37917       27.625209       94.781901      0.11420778        0.16644908         0.3214371      0.17620173        0.78024709       2.1915629   2.0933333e-09       147.85468      0.82408581      0.28391692      0.80169181       11.274951       2870.1131        2.302844       0.28068252         2.0221615        2890.558                 25.208746                 395.69023                           2440.1864                      9.0276442               0.34210575              3.7171681                         7.2156775       9.1699505
              1       1439.2797       3.0413428      0.96392221        69.89068     0.022060402      0.11662475     0.051205836           0.50807177   0.00029873354       0.60145416       1.0033049       1.0000301      0.99847391       74.283391    0.0012327103       5.1779738       1.0387899       9.0646832       8.8164453        18.713912       74.865577        249.9669       61.556374       28.402041       93.414454      0.11477951        0.15846534        0.34529641      0.28096068        0.71905183       2.4539692   2.0933333e-09       147.85468      0.82408581      0.28391692      0.80169181       11.274951       2853.7592       2.1776449       0.15836429         2.0192806       2874.2041                 25.208746                 395.69023                           2423.8325                      9.0276442               0.34210575              3.7171681                         7.2156775       9.1699505
              1       1436.7674       3.0413428      0.96392221        69.89068     0.022060402      0.11662475     0.051205836           0.50807177   0.00029873354       0.60145416       1.0033049       1.0000735       0.9986217        73.92376   1.8883526e-05       5.3108653      0.91891687       8.7563369       9.0587513         18.86249       75.286553       248.09807       60.973227        29.54122       93.058188      0.14993278        0.14050332        0.36561661      0.26580638        0.70704889       2.4723093   2.0933333e-09       147.85468      0.82408581      0.28391692      0.80169181       11.274951       2850.0804       1.5047342      -0.51320586           2.01794       2870.5253                 25.208746                 395.69023                           2420.1538                      9.0276442               0.34210575              3.7171681                         7.2156775       9.1699505
              1       1436.8056       3.0413428      0.96392221        69.89068     0.022060402      0.11662475     0.051205836           0.50807177   0.00029873354       0.60145416       1.0033049      0.99998762      0.99870532       73.715252   0.00077012028       5.4085608       0.8345521        8.809295       8.9859397        18.766811       75.386601        248.3249       61.394279       29.083458       92.674719       0.1617266        0.16926445        0.37528983       0.2500916        0.70261989       2.4630298   2.0933333e-09       147.85468      0.82408581      0.28391692      0.80169181       11.274951       2848.9119       2.1272368       0.10967826         2.0175585       2869.3568                 25.208746                 395.69023                           2418.9853                      9.0276442               0.34210575              3.7171681                         7.2156775       9.1699505
              3       1437.7832       3.0413428      0.96392221        69.89068     0.022060402      0.11662475     0.051205836           0.50807177   0.00029873354       0.60145416       1.0039315      0.99998762      0.99870532       73.715252   0.00077012028       5.4085608       0.8345521        8.809295       8.9859397        18.766811       75.386601        248.3249       61.394279       29.083458       92.674719       0.1617266        0.16926445        0.37528983       0.2500916        0.70261989       2.4630298   2.0933333e-09       147.85468      0.82408581      0.28391692      0.80169181       11.274951       2850.1414       2.4900064       0.47244791         2.0175585       2870.5863                 25.093366                 395.68996                            2420.259                      9.0991091               0.34210575              3.7171681                         7.2156775       9.1699505
              1       1438.2142       3.0490132      0.95749667        69.89068     0.021931343      0.11616957     0.054928925           0.48701842    0.0003070189       0.63612874       1.0039315      0.99991786      0.99849714       73.652768     0.019116112       5.3361856      0.69171934       8.2805868       8.7770542        18.883944       75.577152       254.18888       61.420968       29.182291       92.307145      0.14818549        0.17116255        0.36880379      0.22888878        0.67482488       2.4203546   2.1094518e-09       148.11648      0.82371418      0.28272112      0.79964097       12.059156       2851.0496       2.0748161      0.053203758         2.0216123       2872.2787                 27.079382                 396.28229                           2419.0487                      8.6392355               0.38771235              3.8529407                         7.8185026       9.1699505
              1       1438.1403       3.0490132      0.95749667        69.89068     0.021931343      0.11616957     0.054928925           0.48701842    0.0003070189       0.63612874       1.0039315      0.99964871      0.99856209       73.242255     0.023854889       5.5611851      0.41424306       8.7897597       9.1489923         18.17029       76.132619       252.47296       62.502171       29.962633       92.460376     0.037092687        0.11369074        0.35977356      0.21662214        0.65424579        2.318741   2.1094518e-09       148.11648      0.82371418      0.28272112      0.79964097       12.059156       2846.9969       4.0272899        2.0077784         2.0195115        2868.226                 27.079382                 396.28229                            2414.996                      8.6392355               0.38771235              3.8529407                         7.8185026       9.1699505
              6       1438.3545       3.0490132      0.95749667        69.89068     0.021931343      0.11616957     0.054928925           0.48701842    0.0003070189       0.63612874       1.0039315      0.99960656        0.998517       73.231911     0.029827649       5.5107224       0.3931254       8.8987507       9.0981097        18.311832       75.821955       251.51015       62.240134       29.891919       92.312783     0.034520237         0.1156132        0.36442567      0.21962612        0.66195565       2.3126458   2.1094518e-09       148.11648      0.82371418      0.28272112      0.79964097       12.059156       2847.3178       4.0810315        2.0588176          2.022214       2868.5469                 27.079382                 396.28229                           2415.3169                      8.6392355               0.38771235              3.8529407                         7.8185026       9.1699505
              3       1437.5581       3.0490132      0.95749667        69.89068     0.021931343      0.11616957     0.054928925           0.48701842    0.0003070189       0.63612874       1.0039315      0.99962091      0.99848472       73.255421      0.03004306       5.5388394      0.42610898       9.0450034       9.0882793        18.195209       75.727946       253.70587       62.164732       30.179736       92.431492     0.035055183        0.12103505        0.36078868      0.21934441        0.66181625       2.3201249   2.1094518e-09       148.11648      0.82371418      0.28272112      0.79964097       12.059156       2845.8225       4.0323255        2.0122838         2.0200418       2867.0516                 27.079382                 396.28229                           2413.8216                      8.6392355               0.38771235              3.8529407                         7.8185026       9.1699505
              1       1436.2072       3.0490132      0.95749667        69.89068     0.021931343      0.11616957     0.054928925           0.48701842    0.0003070189       0.63612874       1.0039315      0.99971463      0.99849043       73.847223     0.026971401        5.767311      0.39816986       8.9957995        8.844264         18.21915       76.236774       251.53779       61.989108       31.112105       93.091876      0.05421597        0.10180079        0.33259159      0.19132909        0.65778294       2.3746873   2.1094518e-09       148.11648      0.82371418      0.28272112      0.79964097       12.059156       2843.4834       3.8509478        1.8325168          2.018431       2864.7125                 27.079382                 396.28229                           2411.4825                      8.6392355               0.38771235              3.8529407                         7.8185026       9.1699505
              1       1435.0055       3.0490132      0.95749667        69.89068     0.021931343      0.11616957     0.054928925           0.48701842    0.0003070189       0.63612874       1.0039315      0.99965488       0.9983333       73.560499   0.00017278753       5.8789413       0.1434996       8.9403745       9.0791958        18.683593       76.625079        260.3218       60.893442       31.105409       93.102582       0.0889248       0.068370617        0.31634137      0.21494111        0.63528255       2.3624366   2.1094518e-09       148.11648      0.82371418      0.28272112      0.79964097       12.059156        2840.791       3.9955063        1.9778176         2.0176886       2862.0201                 27.079382                 396.28229                           2408.7901                      8.6392355               0.38771235              3.8529407                         7.8185026       9.1699505
              1       1434.3833       3.0490132      0.95749667        69.89068     0.021931343      0.11616957     0.054928925           0.48701842    0.0003070189       0.63612874       1.0039315      0.99981634      0.99834139       73.725468     0.040994093       6.1571493      0.37663147       9.2099596       9.3549108         19.32101       77.159667       264.39224       61.636462       31.749115       91.728652     0.083195704       0.060833274         0.3671185       0.2254638        0.66420637        2.318967   2.1094518e-09       148.11648      0.82371418      0.28272112      0.79964097       12.059156       2840.8197       3.3589199        1.3119198         2.0470001       2862.0488                 27.079382                 396.28229                           2408.8188                      8.6392355               0.38771235              3.8529407                         7.8185026       9.1699505
              1        1433.972       3.0490132      0.95749667        69.89068     0.021931343      0.11616957     0.054928925           0.48701842    0.0003070189       0.63612874       1.0039315        0.999818      0.99835106       74.316777      0.10285773       5.5033662     0.020605598        9.113508       10.109883        18.473717       79.046768       266.59333       60.507733       33.182641        91.28192      0.11543612        0.14819942        0.39202225      0.26665831        0.59498967       2.3923391   2.1094518e-09       148.11648      0.82371418      0.28272112      0.79964097       12.059156       2843.5601       1.5774175      -0.46537149          2.042789       2864.7892                 27.079382                 396.28229                           2411.5592                      8.6392355               0.38771235              3.8529407                         7.8185026       9.1699505
              1       1429.5296       3.0484772      0.95715973        69.89068     0.021953385      0.11613264     0.054660711           0.48538546    0.0003067193       0.63489582       1.0039315       0.9998628      0.99814852       74.099044     0.076188553       5.4728381      0.85743907       9.4041214       9.9034732        18.291633       78.853597       271.05369       58.499247       34.269303       91.904552     0.056097288        0.17023904        0.41294591      0.23971336         0.5559309       2.3200254   2.1083215e-09         148.101      0.82304274      0.28269062      0.79894605        11.99378       2830.7621       3.5667149        1.5484423         2.0182726       2851.9259                 27.158355                 396.23059                           2398.7657                      8.6075221               0.38462788               3.843639                         7.7655135       9.1699505
              1       1427.9487       3.0484772      0.95715973        69.89068     0.021953385      0.11613264     0.054660711           0.48538546    0.0003067193       0.63489582       1.0045246      0.99943268      0.99831784       73.188721     0.079272729       5.5502932       1.0791961       9.8541785       9.8690688        17.618308       78.399985       279.20005       61.085564       35.905962       91.395396     0.069971391        0.14516972        0.40210522      0.22626975        0.52214224       2.4632125   2.1083215e-09         148.101      0.82304274      0.28269062      0.79894605        11.99378       2825.6967        4.518491        2.4892017         2.0292893       2846.8604                 27.032464                 396.24107                           2393.7849                       8.638272               0.38462788               3.843639                         7.7655135       9.1699505
              2        1427.268       3.0484772      0.95715973        69.89068     0.021953385      0.11613264     0.054660711           0.48538546    0.0003067193       0.63489582       1.0045246      0.99946177      0.99839386       73.274857     0.049619729        5.652077       1.1080888       9.8017115       10.135226         17.35791       78.100205        277.1457       60.717696       36.052392       91.226299     0.076280519        0.15385241        0.38306332      0.23967253        0.51169133       2.4487444   2.1083215e-09         148.101      0.82304274      0.28269062      0.79894605        11.99378       2823.6377       4.8672372         2.826112         2.0411251       2844.8014                 27.032464                 396.24107                           2391.7259                       8.638272               0.38462788               3.843639                         7.7655135       9.1699505
              1       1427.8417       3.0484772      0.95715973        69.89068     0.021953385      0.11613264     0.054660711           0.48538546    0.0003067193       0.63489582       1.0045246      0.99922953      0.99862785       73.389119     0.043176813       6.0984671        1.096346       9.7796247       9.5375516        17.689701       78.357571       280.55068       60.444819       36.366573       90.638964     0.066909131        0.17470458        0.38810091      0.24989023        0.54169407       2.3924039   2.1083215e-09         148.101      0.82304274      0.28269062      0.79894605        11.99378       2822.7821       5.8687938        3.7494082         2.1193857       2843.9459                 27.032464                 396.24107                           2390.8703                       8.638272               0.38462788               3.843639                         7.7655135       9.1699505
              2        1425.648       3.0484772      0.95715973        69.89068     0.021953385      0.11613264     0.054660711           0.48538546    0.0003067193       0.63489582       1.0045246      0.99902791      0.99851286       73.112593     0.017070998       6.0766274       1.2520744       9.4439774       9.4704516        17.649192       78.470022       278.73411       59.909819       36.352222       90.790442     0.065366456        0.13385316        0.38200896      0.26950298        0.55632081       2.4286095   2.1083215e-09         148.101      0.82304274      0.28269062      0.79894605        11.99378       2819.1917       5.4702705        3.3319043         2.1383662       2840.3554                 27.032464                 396.24107                           2387.2799                       8.638272               0.38462788               3.843639                         7.7655135       9.1699505
              3       1424.5005       3.0484772      0.95715973        69.89068     0.021953385      0.11613264     0.054660711           0.48538546    0.0003067193       0.63489582       1.0038857      0.99902791      0.99851286       73.112593     0.017070998       6.0766274       1.2520744       9.4439774       9.4704516        17.649192       78.470022       278.73411       59.909819       36.352222       90.790442     0.065366456        0.13385316        0.38200896      0.26950298        0.55632081       2.4286095   2.1083215e-09         148.101      0.82304274      0.28269062      0.79894605        11.99378       2817.7565       5.0404133        2.9020472         2.1383662       2838.9203                 27.168115                 396.23059                           2385.7518                      8.6059684               0.38462788               3.843639                         7.7655135       9.1699505
              2       1424.4891       3.0484772      0.95715973        69.89068     0.021953385      0.11613264     0.054660711           0.48538546    0.0003067193       0.63489582       1.0038857       0.9990275      0.99851487       73.111921     0.017358255       6.0743465       1.2656667       9.4430938       9.4743941        17.646169        78.47077       278.76223       59.914752       36.352756       90.786151     0.065690928        0.13327727        0.38118967      0.26962593        0.55632579       2.4286154   2.1083215e-09         148.101      0.82304274      0.28269062      0.79894605        11.99378       2817.7344       5.0400481        2.9000473         2.1400008       2838.8982                 27.168115                 396.23059                           2385.7297                      8.6059684               0.38462788               3.843639                         7.7655135       9.1699505
              2       1426.8058       3.0484772      0.95715973        69.89068     0.021953385      0.11613264     0.054660711           0.48538546    0.0003067193       0.63489582       1.0038857      0.99907015      0.99857762       73.207495     0.016706652       6.3763974       1.1318893       9.0516833       9.3961917        18.118035       77.469163       281.35514       61.051548       36.770189       90.563758     0.057804309        0.11190242        0.35000445      0.23057923        0.59534815       2.3720901   2.1083215e-09         148.101      0.82304274      0.28269062      0.79894605        11.99378       2822.7235       4.8621568        2.6577162         2.2044405       2843.8872                 27.168115                 396.23059                           2390.7188                      8.6059684               0.38462788               3.843639                         7.7655135       9.1699505
              2       1425.0429       3.0484772      0.95715973        69.89068     0.021953385      0.11613264     0.054660711           0.48538546    0.0003067193       0.63489582       1.0038857      0.99911202       0.9986866       73.409818    0.0071952523       6.4172627       1.1974794       8.9730117       9.2736431        17.897336       77.379063       280.92057       60.847775       37.028132       91.765975     0.073971821        0.10841958        0.35817964      0.22777108        0.57693623       2.3392058   2.1083215e-09         148.101      0.82304274      0.28269062      0.79894605        11.99378       2819.8588       4.5316543        2.2995692         2.2320851       2841.0226                 27.168115                 396.23059                           2387.8542                      8.6059684               0.38462788               3.843639                         7.7655135       9.1699505
              3       1426.9865       3.0484772      0.95715973        69.89068     0.021953385      0.11613264     0.054660711           0.48538546    0.0003067193       0.63489582       1.0038857      0.99893938      0.99838874       73.206833      0.01769573       5.9281377       1.0499867       8.4655758         8.97655        17.526705       78.254257       289.17641       61.840111       36.253574       93.029028     0.022724223        0.13985567        0.31193051      0.22875729        0.59824109       2.1172322   2.1083215e-09         148.101      0.82304274      0.28269062      0.79894605        11.99378       2818.8152       6.9969832        4.9199191         2.0770641       2839.9789                 27.168115                 396.23059                           2386.8105                      8.6059684               0.38462788               3.843639                         7.7655135       9.1699505
              1       1426.6415       3.0484772      0.95715973        69.89068     0.021953385      0.11613264     0.054660711           0.48538546    0.0003067193       0.63489582       1.0038857      0.99903552      0.99838351       73.228154   0.00060365534       5.7236997       1.3722755       8.7702077       9.2850275        17.251152       78.809517        277.4379       62.511204       35.032166       92.712482     0.088092092        0.18836501         0.3359725      0.24811927        0.60341057       2.2062386   2.1083215e-09         148.101      0.82304274      0.28269062      0.79894605        11.99378       2822.3496       4.8847863        2.8082743          2.076512       2843.5133                 27.168115                 396.23059                           2390.3449                      8.6059684               0.38462788               3.843639                         7.7655135       9.1699505
              1       1426.8826       3.0484772      0.95715973        69.89068     0.021953385      0.11613264     0.054660711           0.48538546    0.0003067193       0.63489582       1.0038857      0.99904142      0.99836155       73.250401     0.001365533       5.6897268       1.3866553        8.748925       9.2505442        17.255397         78.8143         277.695       62.522107       35.096311       92.649347     0.088812191        0.19208676         0.3327556      0.24975223        0.60248358       2.2060605   2.1083215e-09         148.101      0.82304274      0.28269062      0.79894605        11.99378       2822.4244       5.0885581        3.0165332         2.0720248       2843.5881                 27.168115                 396.23059                           2390.4197                      8.6059684               0.38462788               3.843639                         7.7655135       9.1699505
              1       1425.2383       3.0484772      0.95715973        69.89068     0.021953385      0.11613264     0.054660711           0.48538546    0.0003067193       0.63489582       1.0038857      0.99910583      0.99837426       73.350046     0.032691939       5.5794924       1.0778293       8.7938601       9.1348193        16.883041       77.886726       275.06739       62.852408       35.180711       92.118032      0.11860549        0.15873049        0.34298092      0.23001296        0.59681002        2.215405   2.1083215e-09         148.101      0.82304274      0.28269062      0.79894605        11.99378       2822.9193       3.1968235        1.1651036         2.0317198        2844.083                 27.168115                 396.23059                           2390.9146                      8.6059684               0.38462788               3.843639                         7.7655135       9.1699505
              1       1425.3955       3.0484772      0.95715973        69.89068     0.021953385      0.11613264     0.054660711           0.48538546    0.0003067193       0.63489582       1.0038857      0.99903596      0.99857994       73.189612    0.0091442666       5.4911849       1.6191901       8.5790581       9.0016052        16.153916       77.860037       274.94305        61.55684        35.91563       93.501252      0.17292966        0.13519719        0.31609137      0.21960417        0.57589789       2.2290238   2.1083215e-09         148.101      0.82304274      0.28269062      0.79894605        11.99378        2820.486       4.5706138        2.5075529         2.0630609       2841.6498                 27.168115                 396.23059                           2388.4814                      8.6059684               0.38462788               3.843639                         7.7655135       9.1699505
              4        1424.604       3.0484772      0.95715973        69.89068     0.021953385      0.11613264     0.054660711           0.48538546    0.0003067193       0.63489582       1.0038857      0.99900426      0.99872703       73.023774     0.023640894       5.3472164       1.7964187       8.4454937       8.9814037        16.305486       78.569119       269.31758       62.004244       36.110382        92.85771      0.15303401        0.12728126        0.33019268      0.18850674        0.54522801       2.1599548   2.1083215e-09         148.101      0.82304274      0.28269062      0.79894605        11.99378       2818.7391       4.6525842        2.5947087         2.0578755       2839.9028                 27.168115                 396.23059                           2386.7344                      8.6059684               0.38462788               3.843639                         7.7655135       9.1699505
              3       1422.8321       3.0484772      0.95715973        69.89068     0.021953385      0.11613264     0.054660711           0.48538546    0.0003067193       0.63489582       1.0038857      0.99897442      0.99879586       73.123898     0.021970364       5.4357977       1.8129663       8.3029551       8.8136232        16.410737       78.357809       275.35134       60.784672       36.678756       92.659772      0.14461265       0.099190055        0.34962341      0.19154266        0.55607004       2.1307598   2.1083215e-09         148.101      0.82304274      0.28269062      0.79894605        11.99378       2815.0946       4.7029331        2.6286828         2.0742503       2836.2584                 27.168115                 396.23059                           2383.0899                      8.6059684               0.38462788               3.843639                         7.7655135       9.1699505
              1       1423.3951       3.0484772      0.95715973        69.89068     0.021953385      0.11613264     0.054660711           0.48538546    0.0003067193       0.63489582       1.0038857      0.99886521      0.99880772       73.007605     0.051781552       5.5340366       1.6795422       8.2540458       8.5709336        16.725098        78.76804       276.74258       60.792422        36.70666       92.992432      0.11991539        0.13544885        0.35395369      0.20984754        0.52848636       2.1175479   2.1083215e-09         148.101      0.82304274      0.28269062      0.79894605        11.99378       2815.3945       5.1159328        3.0389843         2.0769485       2836.5582                 27.168115                 396.23059                           2383.3898                      8.6059684               0.38462788               3.843639                         7.7655135       9.1699505
              3       1424.5854       3.0484772      0.95715973        69.89068     0.021953385      0.11613264     0.054660711           0.48538546    0.0003067193       0.63489582       1.0038857      0.99913264      0.99901332       72.884147     0.024530955       5.4922367       2.3590987       8.9686657       8.8092307        17.765997       79.387961       278.28665       59.630474       36.837516       93.688015      0.14565377        0.20382876         0.4309805      0.21969107        0.56126236       2.1948204   2.1083215e-09         148.101      0.82304274      0.28269062      0.79894605        11.99378       2816.5593       5.7238821        3.5556898         2.1681923       2837.7231                 27.168115                 396.23059                           2384.5547                      8.6059684               0.38462788               3.843639                         7.7655135       9.1699505
              1       1423.9911       3.0484772      0.95715973        69.89068     0.021953385      0.11613264     0.054660711           0.48538546    0.0003067193       0.63489582       1.0038857       0.9989769      0.99898843        72.67552    0.0070321476       5.4139481       1.9976545       8.6009626       8.9316886        16.944009       78.989145       275.10807       60.808309       36.928543       94.400075      0.19992729        0.18082692        0.43093255       0.1928023        0.55424818       2.2380542   2.1083215e-09         148.101      0.82304274      0.28269062      0.79894605        11.99378       2814.1408       6.3388427          4.24654         2.0923027       2835.3045                 27.168115                 396.23059                           2382.1361                      8.6059684               0.38462788               3.843639                         7.7655135       9.1699505
              2       1423.2408       3.0484772      0.95715973        69.89068     0.021953385      0.11613264     0.054660711           0.48538546    0.0003067193       0.63489582       1.0038857      0.99898396      0.99897545       72.581196    0.0040031477       5.3790843       2.0033132       8.5264516        9.015668        16.987344       79.205352       275.79315       60.781805       36.784433       94.235803      0.19801728        0.17496703        0.43550689      0.18922854        0.56266243       2.2422271   2.1083215e-09         148.101      0.82304274      0.28269062      0.79894605        11.99378       2813.6893       5.8143176        3.7283355         2.0859821        2834.853                 27.168115                 396.23059                           2381.6846                      8.6059684               0.38462788               3.843639                         7.7655135       9.1699505
              1        1422.924       3.0484772      0.95715973        69.89068     0.021953385      0.11613264     0.054660711           0.48538546    0.0003067193       0.63489582       1.0038857      0.99908236      0.99910115       72.326151     0.013785328       5.5494663       1.8315091       8.5116697       8.9069572         16.79233        79.04661         275.716       59.996409       37.239161       93.275437      0.20368538        0.15155616        0.41616298      0.17402395         0.5683886       2.2692162   2.1083215e-09         148.101      0.82304274      0.28269062      0.79894605        11.99378       2813.3262       5.6790194        3.5800416         2.0989778       2834.4899                 27.168115                 396.23059                           2381.3215                      8.6059684               0.38462788               3.843639                         7.7655135       9.1699505
              2       1423.2462       3.0484772      0.95715973        69.89068     0.021953385      0.11613264     0.054660711           0.48538546    0.0003067193       0.63489582       1.0038857      0.99905613      0.99918013       72.905114     0.019602276       5.6699717       2.5138445       8.0638533       9.2142494        15.573948       78.823394       278.39072       59.100823       37.527704       92.739747      0.19874144        0.14054028        0.47354172      0.21542529        0.56497864       2.2697195   2.1083215e-09         148.101      0.82304274      0.28269062      0.79894605        11.99378       2814.0045        5.662157        3.4029085         2.2592485       2835.1682                 27.168115                 396.23059                           2381.9998                      8.6059684               0.38462788               3.843639                         7.7655135       9.1699505
              2        1423.187       3.0484772      0.95715973        69.89068     0.021953385      0.11613264     0.054660711           0.48538546    0.0003067193       0.63489582       1.0044495      0.99905613      0.99918013       72.905114     0.019602276       5.6699717       2.5138445       8.0638533       9.2142494        15.573948       78.823394       278.39072       59.100823       37.527704       92.739747      0.19874144        0.14054028        0.47354172      0.21542529        0.56497864       2.2697195   2.1083215e-09         148.101      0.82304274      0.28269062      0.79894605        11.99378       2813.1341       6.0380829        3.7788344         2.2592485       2834.2979                 27.048357                 396.24107                           2381.2114                      8.6332873               0.38462788               3.843639                         7.7655135       9.1699505
              1       1423.4805       3.0484772      0.95715973        69.89068     0.021953385      0.11613264     0.054660711           0.48538546    0.0003067193       0.63489582       1.0044495      0.99910583      0.99924563       73.642529     0.025322722       5.5840556         2.95744       8.5426034       9.5540086        15.314608       79.505028       276.88566       58.300588       37.372769       90.455813      0.17018714        0.17034089        0.51734489       0.2027888        0.56279036       2.2955667   2.1083215e-09         148.101      0.82304274      0.28269062      0.79894605        11.99378       2813.7894       6.0039497        3.6685475         2.3354022       2834.9531                 27.048357                 396.24107                           2381.8667                      8.6332873               0.38462788               3.843639                         7.7655135       9.1699505
              2       1423.5348       3.0484772      0.95715973        69.89068     0.021953385      0.11613264     0.054660711           0.48538546    0.0003067193       0.63489582       1.0044495      0.99910726      0.99925565        73.62865     0.026567111       5.5824903       2.9445439       8.5388669       9.5608411        15.312329       79.525161       277.03458       58.292207       37.384821       90.465546      0.16938528        0.17030224        0.51790567      0.20215972        0.56324286       2.3007236   2.1083215e-09         148.101      0.82304274      0.28269062      0.79894605        11.99378       2813.8907       6.0076025        3.6762801         2.3313223       2835.0544                 27.048357                 396.24107                           2381.9679                      8.6332873               0.38462788               3.843639                         7.7655135       9.1699505
              1       1421.9654       3.0484772      0.95715973        69.89068     0.021953385      0.11613264     0.054660711           0.48538546    0.0003067193       0.63489582       1.0044495      0.99918855      0.99885932       73.908351     0.011950621       5.4117368       3.3221278        9.523425       9.6666488        15.627341       80.118478       283.69964       59.089282       38.889605       91.499332      0.15450504        0.13274835         0.4570653      0.21533658        0.62085952       2.4234174   2.1083215e-09         148.101      0.82304274      0.28269062      0.79894605        11.99378       2816.1076       3.3297551       0.97026548         2.3594896       2837.2713                 27.048357                 396.24107                           2384.1849                      8.6332873               0.38462788               3.843639                         7.7655135       9.1699505
              1       1423.2923       3.0484772      0.95715973        69.89068     0.021953385      0.11613264     0.054660711           0.48538546    0.0003067193       0.63489582       1.0044495      0.99903942      0.99896941       73.621838     0.018659353       5.3537947       3.5277944       9.7080637       9.3042431         16.91963       79.665776       281.40352       58.294096       38.543141       90.673179      0.14956626       0.085785726        0.45908515       0.2115195        0.63339951       2.4487924   2.1083215e-09         148.101      0.82304274      0.28269062      0.79894605        11.99378       2816.2609       4.5799419        2.1886055         2.3913364       2837.4247                 27.048357                 396.24107                           2384.3382                      8.6332873               0.38462788               3.843639                         7.7655135       9.1699505
              1       1422.3061       3.0484772      0.95715973        69.89068     0.021953385      0.11613264     0.054660711           0.48538546    0.0003067193       0.63489582       1.0044495      0.99885235      0.99885758       73.703666     0.029330622       5.2574515       3.4812929       9.6083598       9.4137547        17.255442       80.191123       280.42383        58.97357       38.255305       90.996607      0.14025881       0.098698013        0.47518716       0.2174662        0.62027741       2.4599834   2.1083215e-09         148.101      0.82304274      0.28269062      0.79894605        11.99378        2814.731       4.3587567        2.0230126         2.3357441       2835.8947                 27.048357                 396.24107                           2382.8083                      8.6332873               0.38462788               3.843639                         7.7655135       9.1699505
              2       1421.9492       3.0484772      0.95715973        69.89068     0.021953385      0.11613264     0.054660711           0.48538546    0.0003067193       0.63489582       1.0044495      0.99887036      0.99895986        73.40597    0.0043998094       4.9467889        3.612917       9.6037981       9.5605696        17.222344       80.158238       283.35606       59.213122       38.079261       90.901774       0.1276533        0.10680224        0.45881377      0.23029126        0.61418735       2.4281672   2.1083215e-09         148.101      0.82304274      0.28269062      0.79894605        11.99378       2814.2988       4.2179401         1.971951         2.2459891       2835.4625                 27.048357                 396.24107                           2382.3761                      8.6332873               0.38462788               3.843639                         7.7655135       9.1699505
              2       1421.9469       3.0484772      0.95715973        69.89068     0.021953385      0.11613264     0.054660711           0.48538546    0.0003067193       0.63489582       1.0044495      0.99885918      0.99895766       73.286198    0.0068054598        4.926354       3.7355028       9.6282987       9.5508406        17.243151       80.162079       284.42726        59.12843       37.958061       90.858665      0.11810497         0.1050672        0.46351575      0.22507297        0.61077279       2.4286967   2.1083215e-09         148.101      0.82304274      0.28269062      0.79894605        11.99378       2814.0192       4.3554092        2.0887182          2.266691        2835.183                 27.048357                 396.24107                           2382.0965                      8.6332873               0.38462788               3.843639                         7.7655135       9.1699505
              1       1421.8627       3.0484772      0.95715973        69.89068     0.021953385      0.11613264     0.054660711           0.48538546    0.0003067193       0.63489582       1.0044495      0.99877466      0.99886628       73.258011     0.031819292       4.9070115       3.5909223        9.881063       9.3912507         17.30707       80.144122        283.0138       59.993687       38.590222        90.98761     0.080120672        0.10831068        0.45337207      0.23074692        0.60410494       2.3179081   2.1083215e-09         148.101      0.82304274      0.28269062      0.79894605        11.99378       2812.5315       5.0151423        2.7880409         2.2271014       2833.6952                 27.048357                 396.24107                           2380.6088                      8.6332873               0.38462788               3.843639                         7.7655135       9.1699505
              2       1421.9201       3.0484772      0.95715973        69.89068     0.021953385      0.11613264     0.054660711           0.48538546    0.0003067193       0.63489582       1.0044495      0.99877165      0.99886351       73.257765     0.030151695       4.9154124       3.5856639       9.8815233       9.3735188        17.315596       80.127935       282.91262       60.039579       38.589189       91.018846     0.078830116        0.10936061         0.4553637      0.23036854        0.60452297       2.3213565   2.1083215e-09         148.101      0.82304274      0.28269062      0.79894605        11.99378       2812.5916       5.0424565        2.8135855          2.228871       2833.7553                 27.048357                 396.24107                           2380.6689                      8.6332873               0.38462788               3.843639                         7.7655135       9.1699505
              1       1422.0471       3.0484772      0.95715973        69.89068     0.021953385      0.11613264     0.054660711           0.48538546    0.0003067193       0.63489582       1.0044495      0.99907269      0.99934446       73.215377         0.03032       4.5804336       3.3772938        10.48183       9.0534578        15.858724        80.57669       288.86051       59.917538       39.894871       91.374302     0.045287047        0.11605658        0.48752101      0.23222591        0.63727043       2.3864396   2.1083215e-09         148.101      0.82304274      0.28269062      0.79894605        11.99378       2809.1873        6.871564        4.7732128         2.0983512        2830.351                 27.048357                 396.24107                           2377.2646                      8.6332873               0.38462788               3.843639                         7.7655135       9.1699505
              6       1422.2573       3.0484772      0.95715973        69.89068     0.021953385      0.11613264     0.054660711           0.48538546    0.0003067193       0.63489582       1.0044495      0.99897927      0.99937778       73.734933     0.043171331       4.5741362       3.7942672       10.132087       9.2491227        15.559666       80.539197       290.64648       61.506535       40.081147       91.738797     0.075648836        0.14815402        0.53926892      0.23312029        0.65966694       2.3045013   2.1083215e-09         148.101      0.82304274      0.28269062      0.79894605        11.99378       2811.2561       6.0473347        3.8852617          2.162073       2832.4199                 27.048357                 396.24107                           2379.3334                      8.6332873               0.38462788               3.843639                         7.7655135       9.1699505
              1       1422.2112       3.0484772      0.95715973        69.89068     0.021953385      0.11613264     0.054660711           0.48538546    0.0003067193       0.63489582       1.0044495      0.99899509      0.99941189       73.825891     0.041521049       4.4601122       3.7047061       10.097344       9.2280505         15.57032       80.412727       290.45498        61.43991       40.050918       91.815113     0.070255948        0.14844943        0.53287573      0.23315956        0.65159347       2.3004425   2.1083215e-09         148.101      0.82304274      0.28269062      0.79894605        11.99378       2810.8258         6.21648        4.0990417         2.1174383       2831.9895                 27.048357                 396.24107                           2378.9031                      8.6332873               0.38462788               3.843639                         7.7655135       9.1699505
              1       1422.3105       3.0484772      0.95715973        69.89068     0.021953385      0.11613264     0.054660711           0.48538546    0.0003067193       0.63489582       1.0044495      0.99923085      0.99951334       73.785261     0.032179186       4.3502151       3.6155396       9.7290412       8.9072055        15.346114       81.341377       298.22792       62.580446       41.382165       91.094935     0.095888088        0.15851668        0.51244736      0.22052197        0.68081567       2.3311029   2.1083215e-09         148.101      0.82304274      0.28269062      0.79894605        11.99378       2812.9644       5.2464365        3.1645787         2.0818578       2834.1281                 27.048357                 396.24107                           2381.0417                      8.6332873               0.38462788               3.843639                         7.7655135       9.1699505
              4       1422.2691       3.0484772      0.95715973        69.89068     0.021953385      0.11613264     0.054660711           0.48538546    0.0003067193       0.63489582       1.0044895      0.99923085      0.99951334       73.785261     0.032179186       4.3502151       3.6155396       9.7290412       8.9072055        15.346114       81.341377       298.22792       62.580446       41.382165       91.094935     0.095888088        0.15851668        0.51244736      0.22052197        0.68081567       2.3311029   2.1083215e-09         148.101      0.82304274      0.28269062      0.79894605        11.99378       2812.8245       5.2750283        3.1931705         2.0818578       2833.9882                 27.039896                 396.24107                           2380.9076                       8.635901               0.38462788               3.843639                         7.7655135       9.1699505
              1        1422.564       3.0484772      0.95715973        69.89068     0.021953385      0.11613264     0.054660711           0.48538546    0.0003067193       0.63489582       1.0044895      0.99952683      0.99943916        73.95744     0.021681714       4.2000454       3.9918461       10.357629       9.6819337        15.422846       80.193768       285.14434       62.733071       39.819189       90.389303      0.10526052        0.15671009         0.5663618      0.17896445        0.71790094       2.2139299   2.1083215e-09         148.101      0.82304274      0.28269062      0.79894605        11.99378       2814.2774       4.8434586        2.7443108         2.0991479       2835.4411                 27.039896                 396.24107                           2382.3605                       8.635901               0.38462788               3.843639                         7.7655135       9.1699505
              1       1422.5594       3.0484772      0.95715973        69.89068     0.021953385      0.11613264     0.054660711           0.48538546    0.0003067193       0.63489582       1.0044895      0.99929529      0.99959484       73.447888     0.013912822       4.0927217        4.541896       10.020219       10.205198        15.509152       79.580709       283.58588       63.538632       39.280651       90.054627     0.074991376        0.14482019        0.54283006      0.20298011         0.6420534       2.2306723   2.1083215e-09         148.101      0.82304274      0.28269062      0.79894605        11.99378       2812.2362       5.8594297        3.7013846         2.1580451          2833.4                 27.039896                 396.24107                           2380.3194                       8.635901               0.38462788               3.843639                         7.7655135       9.1699505
              4       1422.4914       3.0484772      0.95715973        69.89068     0.021953385      0.11613264     0.054660711           0.48538546    0.0003067193       0.63489582       1.0044895      0.99926008      0.99965276       73.452567     0.004664128       4.0770758       4.4791096       10.098126       10.191247        15.548795       79.598523       284.62225       63.744859       39.503407       90.055002     0.070060704        0.12340408        0.55751778      0.20974671        0.64184777       2.1923507   2.1083215e-09         148.101      0.82304274      0.28269062      0.79894605        11.99378       2811.0752       6.3719507        4.2289944         2.1429563       2832.2389                 27.039896                 396.24107                           2379.1583                       8.635901               0.38462788               3.843639                         7.7655135       9.1699505
              3        1422.087       3.0484772      0.95715973        69.89068     0.021953385      0.11613264     0.054660711           0.48538546    0.0003067193       0.63489582       1.0044895      0.99930051      0.99965402       73.476562      0.02183126       4.1218929       4.6239809       10.124524       10.067129        15.572807        79.80904       287.64413       63.127158       39.706137       89.680163     0.075101539        0.13494807        0.53899588      0.21149368        0.64269357       2.1436114   2.1083215e-09         148.101      0.82304274      0.28269062      0.79894605        11.99378       2811.1309       5.9396791         3.757962         2.1817171       2832.2946                 27.039896                 396.24107                            2379.214                       8.635901               0.38462788               3.843639                         7.7655135       9.1699505
              4        1421.707       3.0484772      0.95715973        69.89068     0.021953385      0.11613264     0.054660711           0.48538546    0.0003067193       0.63489582       1.0044895       0.9992905      0.99969597       73.296898     0.011754606       4.2565876       4.4736135         10.0131       10.037111         15.61024        80.26628        286.5971       63.243499       39.681015       89.734836      0.10777317        0.10552791        0.51931731      0.21265868        0.65271581       2.1395512   2.1083215e-09         148.101      0.82304274      0.28269062      0.79894605        11.99378       2811.5242       5.3630543        3.1686588         2.1943955       2832.6879                 27.039896                 396.24107                           2379.6073                       8.635901               0.38462788               3.843639                         7.7655135       9.1699505
              1       1421.8085       3.0484658      0.95714317        69.89068     0.021968199      0.11615855     0.054421122           0.48552425   0.00030555594       0.63680183       1.0044895       0.9992905      0.99969597       73.296898     0.011754606       4.2565876       4.4736135         10.0131       10.037111         15.61024        80.26628        286.5971       63.243499       39.681015       89.734836      0.10777317        0.10552791        0.51931731      0.21265868        0.65271581       2.1395512   2.1082974e-09       148.07729      0.82304813        0.282774      0.79906911       11.917002        2811.804       5.3630543        3.1686588         2.1943955       2832.8909                 27.081507                 396.19711                            2379.906                      8.6193209                0.3803224              3.8310571                          7.705622       9.1699505
              2       1421.8191       3.0484658      0.95714317        69.89068     0.021968199      0.11615855     0.054421122           0.48552425   0.00030555594       0.63680183       1.0044895      0.99927662      0.99959487       73.271385     0.046919735       4.2712119       4.5342282        10.40531       9.8878531        15.260868       80.445348        294.5347       62.564978       39.578817       89.549105      0.12363917        0.11252906        0.49853698      0.23948223         0.6924754       2.0185893   2.1082974e-09       148.07729      0.82304813        0.282774      0.79906911       11.917002       2812.8972       4.8270357        2.6155933         2.2114424       2833.9842                 27.081507                 396.19711                           2380.9993                      8.6193209                0.3803224              3.8310571                          7.705622       9.1699505
              1       1422.1897       3.0484658      0.95714317        69.89068     0.021968199      0.11615855     0.054421122           0.48552425   0.00030555594       0.63680183       1.0044895      0.99920723        0.999613       73.289017     0.035082955        4.345184       4.8419621       10.579776       9.7488352        15.386208       80.669154       296.03681       62.313222       39.918349       89.808335      0.11493255        0.12854789        0.49534897      0.24295903        0.66401013       2.0185916   2.1082974e-09       148.07729      0.82304813        0.282774      0.79906911       11.917002       2812.8868       5.2027997        2.8928259         2.3099738       2833.9737                 27.081507                 396.19711                           2380.9888                      8.6193209                0.3803224              3.8310571                          7.705622       9.1699505
              3       1421.8073       3.0484658      0.95714317        69.89068     0.021968199      0.11615855     0.054421122           0.48552425   0.00030555594       0.63680183       1.0046486      0.99920723        0.999613       73.289017     0.035082955        4.345184       4.8419621       10.579776       9.7488352        15.386208       80.669154       296.03681       62.313222       39.918349       89.808335      0.11493255        0.12854789        0.49534897      0.24295903        0.66401013       2.0185916   2.1082974e-09       148.07729      0.82304813        0.282774      0.79906911       11.917002       2811.8894       5.3191007         3.009127         2.3099738       2832.9763                 27.047808                  396.2053                            2380.008                      8.6282849                0.3803224              3.8310571                          7.705622       9.1699505
              1       1420.6451       3.0482704      0.95706884        69.89068     0.021970117      0.11633047     0.054428338           0.48438314   0.00030611608       0.63780653       1.0046486      0.99920723        0.999613       73.289017     0.035082955        4.345184       4.8419621       10.579776       9.7488352        15.386208       80.669154       296.03681       62.313222       39.918349       89.808335      0.11493255        0.12854789        0.49534897      0.24295903        0.66401013       2.0185916   2.1078854e-09       148.02853      0.82368433      0.28312984      0.80018977       11.791939       2809.6901       5.3191007         3.009127         2.3099738        2830.652                 27.009759                 396.19184                           2377.8162                      8.6723004               0.37209407              3.8075168                         7.6123278       9.1699505
              4       1420.5876       3.0482704      0.95706884        69.89068     0.021970117      0.11633047     0.054428338           0.48438314   0.00030611608       0.63780653       1.0046486      0.99917316        0.999624       73.299243     0.031727388       4.3354983       4.8155098       10.542439       9.8098878        15.408266       80.584938       295.70811       62.112658       39.926084       89.902112       0.1209479        0.12819694        0.48578828      0.24272772        0.66686805       2.0192345   2.1078854e-09       148.02853      0.82368433      0.28312984      0.80018977       11.791939       2809.6099       5.3017588        3.0023809         2.2993779       2830.5718                 27.009759                 396.19184                            2377.736                      8.6723004               0.37209407              3.8075168                         7.6123278       9.1699505
              1        1420.678       3.0478246      0.95702529        69.89068     0.021990544      0.11633028     0.055204667           0.48420033    0.0003058989       0.63479448       1.0046486      0.99917316        0.999624       73.299243     0.031727388       4.3354983       4.8155098       10.542439       9.8098878        15.408266       80.584938       295.70811       62.112658       39.926084       89.902112       0.1209479        0.12819694        0.48578828      0.24272772        0.66686805       2.0192345    2.106946e-09       148.00552      0.82334062      0.28317126      0.79991437       11.711747       2809.8708       5.3017588        3.0023809         2.2993779       2830.7525                 26.855461                 396.36257                           2377.8862                      8.7665431               0.36786742              3.7947744                         7.5491047       9.1699505
              3        1420.869       3.0478246      0.95702529        69.89068     0.021990544      0.11633028     0.055204667           0.48420033    0.0003058989       0.63479448       1.0046486      0.99876098      0.99926961       73.174271     0.087071416       3.6958673       5.4064089        9.780855        11.16687        16.822406       81.182041       291.24905       64.394183       38.224463       88.123467     0.072630781        0.13282561        0.51370497      0.26507217        0.66528832       1.8554101    2.106946e-09       148.00552      0.82334062      0.28317126      0.79991437       11.711747       2809.1985       5.8288997        3.6273678         2.2015319       2830.0802                 26.855461                 396.36257                            2377.214                      8.7665431               0.36786742              3.7947744                         7.5491047       9.1699505
              1       1421.9529       3.0478246      0.95702529        69.89068     0.021990544      0.11633028     0.055204667           0.48420033    0.0003058989       0.63479448       1.0046486      0.99881949      0.99946428       72.601223      0.15436656       3.8308593       5.2619768       9.9102443       10.500796        15.710838       80.003963       294.04126       63.991111       37.888424       87.846695     0.095957919        0.14908467        0.43928638      0.28280594        0.68940277       1.9296403    2.106946e-09       148.00552      0.82334062      0.28317126      0.79991437       11.711747       2811.0456       5.9892353        3.7729506         2.2162848       2831.9273                 26.855461                 396.36257                            2379.061                      8.7665431               0.36786742              3.7947744                         7.5491047       9.1699505
              3       1421.6777       3.0478246      0.95702529        69.89068     0.021990544      0.11633028     0.055204667           0.48420033    0.0003058989       0.63479448       1.0046486      0.99882155      0.99946922       72.626321      0.15514985       3.8424377        5.252845        9.924973       10.491345        15.748111       79.956486       294.28414       63.819239       37.948409       87.875111     0.098327289        0.14861468        0.44431068      0.28130925        0.68884537       1.9424825    2.106946e-09       148.00552      0.82334062      0.28317126      0.79991437       11.711747       2810.6325        5.920566        3.7023023         2.2182637       2831.5142                 26.855461                 396.36257                           2378.6479                      8.7665431               0.36786742              3.7947744                         7.5491047       9.1699505
              1       1421.8584       3.0478246      0.95702529        69.89068     0.021990544      0.11633028     0.055204667           0.48420033    0.0003058989       0.63479448       1.0046486      0.99881189      0.99946277        72.65338      0.15651344       3.8555812        5.257817       9.9266196       10.519452         15.72036       79.943153       294.63508       63.774302       37.897225       87.780456      0.10141085         0.1470915        0.44588692      0.28516431        0.68834305       1.9387256    2.106946e-09       148.00552      0.82334062      0.28317126      0.79991437       11.711747       2811.0047       5.9151988        3.6914061         2.2237927       2831.8864                 26.855461                 396.36257                           2379.0201                      8.7665431               0.36786742              3.7947744                         7.5491047       9.1699505
              2       1423.4177       3.0478246      0.95702529        69.89068     0.021990544      0.11633028     0.055204667           0.48420033    0.0003058989       0.63479448       1.0046486      0.99904666      0.99953097       73.330555      0.17028321       4.1340629       5.6206289       10.315902       9.8196373        16.715548       80.075333       299.80366       65.312495       38.888063       86.640972      0.11288568        0.13494168        0.43093399      0.29611092        0.72707183       1.8586881    2.106946e-09       148.00552      0.82334062      0.28317126      0.79991437       11.711747        2814.097       5.9283906        3.4952324         2.4331583       2834.9787                 26.855461                 396.36257                           2382.1124                      8.7665431               0.36786742              3.7947744                         7.5491047       9.1699505
              1       1422.4854       3.0478246      0.95702529        69.89068     0.021990544      0.11633028     0.055204667           0.48420033    0.0003058989       0.63479448       1.0046486      0.99909094      0.99949278       73.039353      0.19136717       4.3447785       5.8875721       10.182214       9.9743249        16.673148       80.433202       294.93134       64.390829       38.957138       86.801739      0.13132665          0.136905        0.37638739       0.2742165        0.67283276       1.8725311    2.106946e-09       148.00552      0.82334062      0.28317126      0.79991437       11.711747       2812.6596       5.7147997        3.0777836         2.6370161       2833.5413                 26.855461                 396.36257                            2380.675                      8.7665431               0.36786742              3.7947744                         7.5491047       9.1699505
              2       1422.7042       3.0478246      0.95702529        69.89068     0.021990544      0.11633028     0.055204667           0.48420033    0.0003058989       0.63479448       1.0046486      0.99911441       0.9994626        72.87439      0.19603959       4.2527792       6.1708621       10.198467       9.9017236        16.763933       80.487336       297.28657       65.121993       39.055204       86.514938      0.13837352        0.14810869        0.36722319      0.26503894        0.67862533        1.880994    2.106946e-09       148.00552      0.82334062      0.28317126      0.79991437       11.711747       2813.0776       5.7245941         3.036056         2.6885381       2833.9593                 26.855461                 396.36257                            2381.093                      8.7665431               0.36786742              3.7947744                         7.5491047       9.1699505
              1       1422.8501       3.0482977      0.95679596        69.89068       0.0219965      0.11614319     0.055266012           0.48273398   0.00030555613        0.6349457       1.0046486      0.99911441       0.9994626        72.87439      0.19603959       4.2527792       6.1708621       10.198467       9.9017236        16.763933       80.487336       297.28657       65.121993       39.055204       86.514938      0.13837352        0.14810869        0.36722319      0.26503894        0.67862533        1.880994   2.1079429e-09       148.04871      0.82256079      0.28280042      0.79863327        11.81236       2813.2686       5.7245941         3.036056         2.6885381       2834.2509                 26.975632                  396.3684                           2381.2498                      8.6747257               0.37494215              3.8149256                         7.6224924       9.1699505
              1        1422.296       3.0482977      0.95679596         69.9786       0.0219965      0.11614319     0.055266012           0.48273398   0.00030555613        0.6349457       1.0046486      0.99911441       0.9994626        72.87439      0.19603959       4.2527792       6.1708621       10.198467       9.9017236        16.763933       80.487336       297.28657       65.121993       39.055204       86.514938      0.13837352        0.14810869        0.36722319      0.26503894        0.67862533        1.880994   2.1079429e-09       148.04871      0.82277056      0.28209025      0.79783328       12.412006       2812.0657       5.7245941         3.036056         2.6885381       2833.1428                 26.999623                 396.37524                             2379.96                      8.7308306               0.40900048              3.9129337                         8.0900714       8.6650988
              3       1422.3766       3.0482977      0.95679596         69.9786       0.0219965      0.11614319     0.055266012           0.48273398   0.00030555613        0.6349457       1.0046486      0.99915919      0.99948887       72.875953      0.19627735       4.2518347       6.2356791       10.201473       9.9168516        16.677665       80.504347         298.218       64.938931       38.996773       86.686762      0.13965609        0.14631249        0.36712732      0.26684523        0.68451592        1.883814   2.1079429e-09       148.04871      0.82277056      0.28209025      0.79783328       12.412006       2812.1868        5.744619        3.0314129          2.713206       2833.2639                 26.999623                 396.37524                           2380.0811                      8.7308306               0.40900048              3.9129337                         8.0900714       8.6650988
              1       1422.4215       3.0482977      0.95679596         69.9786       0.0219965      0.11614319     0.055266012           0.48273398   0.00030555613        0.6349457       1.0046486      0.99911754      0.99940642       72.847103       0.1968148       4.2792732       6.2959581       10.271216       9.8951014        16.864832        80.54054       299.77501       64.791389       39.128528       86.572113      0.12781386        0.15452353        0.36401809      0.27081728        0.69727061       1.8495634   2.1079429e-09       148.04871      0.82277056      0.28209025      0.79783328       12.412006       2812.1355       5.8152007          3.06043         2.7547707       2833.2126                 26.999623                 396.37524                           2380.0298                      8.7308306               0.40900048              3.9129337                         8.0900714       8.6650988
              1       1422.4708       3.0482977      0.95679596         69.9786       0.0219965      0.11614319     0.055266012           0.48273398   0.00030555613        0.6349457       1.0046486      0.99917048      0.99940162         72.6248      0.20687025       4.3426714       6.3573963       10.374044        9.839466        16.872065        80.84584       298.65367        64.61622       39.053882       86.397734      0.11839655         0.1433367         0.3650166      0.28821239        0.66988979       1.8370114   2.1079429e-09       148.04871      0.82277056      0.28209025      0.79783328       12.412006       2812.0062        5.929132         3.106963          2.822169       2833.0833                 26.999623                 396.37524                           2379.9005                      8.7308306               0.40900048              3.9129337                         8.0900714       8.6650988
              1       1422.2354       3.0482977      0.95679596         69.9786       0.0219965      0.11614319     0.055266012           0.48273398   0.00030555613        0.6349457       1.0046486      0.99919665      0.99939735       72.590665      0.20551929       4.3066507       6.3313556       10.371973       9.8316164        16.864382       80.866666       297.91805       64.531553       39.083559       86.438393      0.11933919        0.14100855         0.3699362      0.28531408        0.67266797       1.8234776   2.1079429e-09       148.04871      0.82277056      0.28209025      0.79783328       12.412006       2811.9998       5.6969015        2.9097252         2.7871763       2833.0769                 26.999623                 396.37524                           2379.8941                      8.7308306               0.40900048              3.9129337                         8.0900714       8.6650988
              2       1421.7439       3.0482977      0.95679596         69.9786       0.0219965      0.11614319     0.055266012           0.48273398   0.00030555613        0.6349457       1.0046486      0.99917239       0.9994129       72.616914      0.21985259       4.3342154       6.3164878       10.457106        9.884401        16.869389       80.851448       297.65686       64.104703       38.938553        86.43476      0.11330611        0.14156771         0.3797211      0.27283818        0.67511065        1.834026   2.1079429e-09       148.04871      0.82277056      0.28209025      0.79783328       12.412006       2811.2018       5.6044611        2.8051467         2.7993144       2832.2789                 26.999623                 396.37524                           2379.0961                      8.7308306               0.40900048              3.9129337                         8.0900714       8.6650988
              1       1420.9654       3.0482977      0.95679596         69.9786       0.0219965      0.11614319     0.055266012           0.48273398   0.00030555613        0.6349457       1.0046486       0.9991224      0.99919745       72.401219      0.19456424       4.2199984       6.4077971       10.423377       10.054048        16.602014        81.05866       296.93944       63.389606       38.607687       86.384991       0.1253632        0.17045776        0.39119475      0.27962155        0.66288597       1.8849329   2.1079429e-09       148.04871      0.82277056      0.28209025      0.79783328       12.412006       2809.8113       5.5212005        2.7595332         2.7616673       2830.8884                 26.999623                 396.37524                           2377.7056                      8.7308306               0.40900048              3.9129337                         8.0900714       8.6650988
              1       1422.4244       3.0482977      0.95679596         69.9786       0.0219965      0.11614319     0.055266012           0.48273398   0.00030555613        0.6349457       1.0046486      0.99929961      0.99934083       72.428335      0.17683357       4.2346246       7.0767666       10.425616       10.769474         16.24104       80.805101       303.82592       62.523782       38.828978       85.405652      0.14271756        0.14698361        0.37996188      0.27212819        0.66999464       1.8402165   2.1079429e-09       148.04871      0.82277056      0.28209025      0.79783328       12.412006       2812.9533       5.4091901        2.3393421         3.0698479       2834.0304                 26.999623                 396.37524                           2380.8476                      8.7308306               0.40900048              3.9129337                         8.0900714       8.6650988
              1        1423.348       3.0482977      0.95679596         69.9786       0.0219965      0.11614319     0.055266012           0.48273398   0.00030555613        0.6349457       1.0046486      0.99925725      0.99941589       72.439999      0.18731612       4.3391257       7.2137666       10.556383       10.463801         16.76565       79.636998       300.78766       63.285363       36.528066       85.368678     0.094255345        0.12295117        0.44344661      0.23092207         0.7282528       1.8305118   2.1079429e-09       148.04871      0.82277056      0.28209025      0.79783328       12.412006       2814.6553       5.4817584        2.2596654          3.222093       2835.7324                 26.999623                 396.37524                           2382.5496                      8.7308306               0.40900048              3.9129337                         8.0900714       8.6650988
              2       1423.1648       3.0482977      0.95679596         69.9786       0.0219965      0.11614319     0.055266012           0.48273398   0.00030555613        0.6349457       1.0046486      0.99936095      0.99951284       72.342993      0.21405272       4.3851375       6.8104665       10.516826       10.008191        17.070688       80.700707       302.66648       62.780237       36.848807       85.746707       0.0657414        0.14042722        0.50178325      0.23084692        0.70882183       1.8135356   2.1079429e-09       148.04871      0.82277056      0.28209025      0.79783328       12.412006       2812.6998       6.2763686        3.2188058         3.0575628       2833.7769                 26.999623                 396.37524                           2380.5941                      8.7308306               0.40900048              3.9129337                         8.0900714       8.6650988
              1       1424.3748       3.0482977      0.95679596         69.9786       0.0219965      0.11614319     0.055266012           0.48273398   0.00030555613        0.6349457       1.0044229      0.99912909      0.99931699       71.968247      0.24429723       4.0854883       7.3712187       11.296564       9.6256934        17.098004       81.422937       297.06543       62.439171       36.602886       85.748633      0.05912099       0.087156471        0.49098402      0.21326618        0.64492186       1.7167782   2.1079429e-09       148.04871      0.82277056      0.28209025      0.79783328       12.412006       2812.7626       7.4549413        4.3579203          3.097021       2833.8398                 27.047301                  396.3684                           2380.6445                      8.7024035               0.40900048              3.9129337                         8.0900714       8.6650988
              2        1424.612       3.0482977      0.95679596         69.9786       0.0219965      0.11614319     0.055266012           0.48273398   0.00030555613        0.6349457       1.0044229       0.9991318      0.99934072       72.034424      0.24804724       4.0652501        7.362582       11.304567       9.6132731        17.083507       81.365548       297.05823       62.337444       36.641154       85.683802     0.059825802       0.082084072        0.49153454      0.21404516        0.64491813       1.7216187   2.1079429e-09       148.04871      0.82277056      0.28209025      0.79783328       12.412006       2812.8248       7.6610572        4.5840322         3.0770249       2833.9019                 27.047301                  396.3684                           2380.7067                      8.7024035               0.40900048              3.9129337                         8.0900714       8.6650988
              2       1424.1233       3.0482977      0.95679596         69.9786       0.0219965      0.11614319     0.055266012           0.48273398   0.00030555613        0.6349457       1.0044229      0.99925532       0.9993554       72.645849      0.27675747       3.9331897       7.6136791       10.516361       9.5600754        17.799881       82.035992       299.63945       61.592972       34.147016       83.832839      0.16178948        0.15415406        0.47589835      0.17665234        0.53555747       1.7418163   2.1079429e-09       148.04871      0.82277056      0.28209025      0.79783328       12.412006       2814.0621       6.5537182        3.4572933         3.0964249       2835.1392                 27.047301                  396.3684                            2381.944                      8.7024035               0.40900048              3.9129337                         8.0900714       8.6650988
              2       1425.2118       3.0482977      0.95679596         69.9786       0.0219965      0.11614319     0.055266012           0.48273398   0.00030555613        0.6349457       1.0044229      0.99912861      0.99939755       72.566316      0.24313532       3.9068425       7.8317172       10.457384       9.3230106        17.799791       82.754893       301.70697       64.019249       35.119083       84.767955       0.1323696          0.168329        0.51990489      0.20235102        0.58154297       1.8005932   2.1079429e-09       148.04871      0.82277056      0.28209025      0.79783328       12.412006       2816.4376       6.4544529        3.2701899          3.184263       2837.5147                 27.047301                  396.3684                           2384.3195                      8.7024035               0.40900048              3.9129337                         8.0900714       8.6650988
              1       1423.8442       3.0482977      0.95679596         69.9786       0.0219965      0.11614319     0.055266012           0.48273398   0.00030555613        0.6349457       1.0044229      0.99901728      0.99933082       72.566823       0.1973115       3.7126987       7.4971417       10.191037       9.3971305        18.317822       82.173492       302.99292       63.951534       34.922807       85.091389      0.13259163        0.17703301        0.48474997      0.21780436        0.59977023        1.796339   2.1079429e-09       148.04871      0.82277056      0.28209025      0.79783328       12.412006       2814.7605       5.9253941        3.0465328         2.8788613       2835.8376                 27.047301                  396.3684                           2382.6424                      8.7024035               0.40900048              3.9129337                         8.0900714       8.6650988
              3       1422.9313       3.0482977      0.95679596         69.9786       0.0219965      0.11614319     0.055266012           0.48273398   0.00030555613        0.6349457       1.0044229      0.99908394      0.99927891       72.328534       0.2196669       3.7458067       7.5226937       9.9073502       9.6009327        18.293314       82.253464       299.77687       63.921295       35.050999       85.205291      0.14068722         0.1855411        0.48396038       0.2642397        0.60141088       1.7894813   2.1079429e-09       148.04871      0.82277056      0.28209025      0.79783328       12.412006       2812.4949       6.1453228        3.2317647         2.9135581        2833.572                 27.047301                  396.3684                           2380.3767                      8.7024035               0.40900048              3.9129337                         8.0900714       8.6650988
              2       1424.8622       3.0482977      0.95679596         69.9786       0.0219965      0.11614319     0.055266012           0.48273398   0.00030555613        0.6349457       1.0044229      0.99920322      0.99972805       72.140318      0.19102764       3.5432357       7.9288696        10.72023       9.9396146        18.127044       81.708989       293.12553       63.343992       34.576799        85.07153      0.11424383        0.18863522        0.46074032      0.31410837        0.64031483       1.8249703   2.1079429e-09       148.04871      0.82277056      0.28209025      0.79783328       12.412006       2811.9365       8.3553683        5.4048182         2.9505501       2833.0136                 27.047301                  396.3684                           2379.8184                      8.7024035               0.40900048              3.9129337                         8.0900714       8.6650988
              2       1427.2811       3.0482977      0.95679596         69.9786       0.0219965      0.11614319     0.055266012           0.48273398   0.00030555613        0.6349457       1.0033035      0.99917776      0.99969262       72.015973      0.19449068       3.4219611       7.8448431       10.649647        10.04512          18.3854       81.800866       293.05114       63.712101       34.860583       84.779142      0.11346937        0.18037142        0.46806976      0.31764414        0.64505988       1.8426635   2.1079429e-09       148.04871      0.82277056      0.28209025      0.79783328       12.412006       2819.3167       7.0842211        4.2559895         2.8282316       2840.3938                 27.285921                 396.40795                           2387.0194                      8.6033522               0.40900048              3.9129337                         8.0900714       8.6650988
              3       1425.1491       3.0482977      0.95679596         69.9786       0.0219965      0.11614319     0.055266012           0.48273398   0.00030555613        0.6349457       1.0033035       0.9992859       0.9995468       71.806704      0.17654813       3.4130894       7.6281325       10.149169       10.260288         18.23475       81.849532       282.10931       63.022322       34.776943       85.483734      0.12453049        0.17386396        0.47751205      0.31867932        0.62228847       1.7945873   2.1079429e-09       148.04871      0.82277056      0.28209025      0.79783328       12.412006       2817.4136       5.9037198        3.1705321         2.7331877       2838.4907                 27.285921                 396.40795                           2385.1163                      8.6033522               0.40900048              3.9129337                         8.0900714       8.6650988
              2       1425.5696       3.0482977      0.95679596         69.9786       0.0219965      0.11614319     0.055266012           0.48273398   0.00030555613        0.6349457       1.0033035      0.99929431      0.99934695       72.130392       0.1925942        3.623753       7.4122726       10.565346       10.279698        18.436075       81.836255       275.25284       63.505465       35.511211       84.496458      0.11376984        0.18249645        0.44372258      0.30755744        0.62425896         1.71892   2.1079429e-09       148.04871      0.82277056      0.28209025      0.79783328       12.412006       2818.7995       5.6313455        2.8490081         2.7823374       2839.8766                 27.285921                 396.40795                           2386.5023                      8.6033522               0.40900048              3.9129337                         8.0900714       8.6650988
              2       1425.7224       3.0482977      0.95679596         69.9786       0.0219965      0.11614319     0.055266012           0.48273398   0.00030555613        0.6349457       1.0033035      0.99920492      0.99930764       72.097488      0.19803825       3.6102328       7.4371279        10.37661       9.9319395        18.499157       82.054646        274.4532       64.193563       35.417987       84.519643      0.11553888        0.17213372        0.43458372      0.31622963        0.61805738       1.7192839   2.1079429e-09       148.04871      0.82277056      0.28209025      0.79783328       12.412006       2819.3882       5.4897657         2.706099         2.7836667       2840.4653                 27.285921                 396.40795                            2387.091                      8.6033522               0.40900048              3.9129337                         8.0900714       8.6650988
              5       1425.6203       3.0482977      0.95679596         69.9786       0.0219965      0.11614319     0.055266012           0.48273398   0.00030555613        0.6349457       1.0052176      0.99920492      0.99930764       72.097488      0.19803825       3.6102328       7.4371279        10.37661       9.9319395        18.499157       82.054646        274.4532       64.193563       35.417987       84.519643      0.11553888        0.17213372        0.43458372      0.31622963        0.61805738       1.7192839   2.1079429e-09       148.04871      0.82277056      0.28209025      0.79783328       12.412006       2816.5743       6.7945639        4.0108973         2.7836667       2837.6514                  26.88013                 396.36613                            2384.513                       8.815051               0.40900048              3.9129337                         8.0900714       8.6650988
              1       1425.4869       3.0482977      0.95679596         69.9786       0.0219965      0.11614319     0.055266012           0.48273398   0.00030555613        0.6349457       1.0052176      0.99920009      0.99930688       72.114049      0.19711708       3.6382293        7.423576       10.361188       9.9461483        18.474652        82.04162       274.20457       64.115696       35.374825       84.585557      0.11579058        0.17059496        0.43603828      0.31666071        0.61439811       1.7112232   2.1079429e-09       148.04871      0.82277056      0.28209025      0.79783328       12.412006       2816.2949        6.800945        4.0043332         2.7966119        2837.372                  26.88013                 396.36613                           2384.2336                       8.815051               0.40900048              3.9129337                         8.0900714       8.6650988
              1       1425.4356       3.0482977      0.95679596         69.9786       0.0219965      0.11614319     0.055266012           0.48273398   0.00030555613        0.6349457       1.0052176      0.99910251       0.9993019       71.501545      0.19232153       3.6590226       7.7531575       10.072707       10.324416        17.952271       80.999817       275.10157        64.60019       35.508642       85.290871      0.13288455        0.16433367        0.41433752       0.2942606        0.63490754       1.7219017   2.1079429e-09       148.04871      0.82277056      0.28209025      0.79783328       12.412006       2817.1614       6.3163406        3.3614383         2.9549022       2838.2385                  26.88013                 396.36613                           2385.1001                       8.815051               0.40900048              3.9129337                         8.0900714       8.6650988
              2       1425.5709       3.0482977      0.95679596         69.9786       0.0219965      0.11614319     0.055266012           0.48273398   0.00030555613        0.6349457       1.0052176       0.9991533      0.99937766       71.833685      0.15935125       3.1115898       7.5391386       10.125638       10.632612        17.360977       80.566686       288.01481       62.960358       35.059519       85.786419      0.08591481        0.12723349        0.39746299      0.32912503        0.64205209        1.679717   2.1079429e-09       148.04871      0.82277056      0.28209025      0.79783328       12.412006       2816.1091       6.9777474        4.4542851         2.5234623       2837.1862                  26.88013                 396.36613                           2384.0478                       8.815051               0.40900048              3.9129337                         8.0900714       8.6650988
              4       1423.9905       3.0482977      0.95679596         69.9786       0.0219965      0.11614319     0.055266012           0.48273398   0.00030555613        0.6349457       1.0052176      0.99912146      0.99942368       71.807568      0.15115867       3.1724926       7.5269857       9.7941136       10.429447        17.364099       81.462428       288.60099       62.727798       34.948183       86.943933      0.05958859        0.12645911         0.3805154      0.31510985        0.65966015       1.7291787   2.1079429e-09       148.04871      0.82277056      0.28209025      0.79783328       12.412006       2811.5878       7.6580039        5.1055394         2.5524645       2832.6649                  26.88013                 396.36613                           2379.5265                       8.815051               0.40900048              3.9129337                         8.0900714       8.6650988
              3        1422.771       3.0482977      0.95679596         69.9786       0.0219965      0.11614319     0.055266012           0.48273398   0.00030555613        0.6349457       1.0043166      0.99912146      0.99942368       71.807568      0.15115867       3.1724926       7.5269857       9.7941136       10.429447        17.364099       81.462428       288.60099       62.727798       34.948183       86.943933      0.05958859        0.12645911         0.3805154      0.31510985        0.65966015       1.7291787   2.1079429e-09       148.04871      0.82277056      0.28209025      0.79783328       12.412006       2810.5233       6.9707922        4.4183277         2.5524645       2831.6004                 27.069816                 396.36044                           2378.4031                      8.6899924               0.40900048              3.9129337                         8.0900714       8.6650988
              2       1422.7627       3.0482977      0.95679596         69.9786       0.0219965      0.11614319     0.055266012           0.48273398   0.00030555613        0.6349457       1.0043166      0.99886998      0.99926069       71.898373       0.1389803       3.0643976       7.6429033       9.8341663       10.830495        17.912238       81.828622       286.44183       63.212358        34.95929       86.494872     0.063272121        0.13922594        0.41138865      0.27174974        0.67067911        1.664457   2.1079429e-09       148.04871      0.82277056      0.28209025      0.79783328       12.412006       2812.5088       5.9697152         3.436734         2.5329812       2833.5859                 27.069816                 396.36044                           2380.3885                      8.6899924               0.40900048              3.9129337                         8.0900714       8.6650988
              2       1422.8461       3.0482977      0.95679596         69.9786       0.0219965      0.11614319     0.055266012           0.48273398   0.00030555613        0.6349457       1.0043166       0.9988778      0.99934683       72.010308      0.10252268       3.0614919       7.5261204       9.8533945       10.748055        17.807605       81.749758       285.91815       62.920765        34.97737       87.594653     0.089377727        0.14848334        0.41954444      0.26240474        0.65987903       1.5990923   2.1079429e-09       148.04871      0.82277056      0.28209025      0.79783328       12.412006       2813.7565       5.4292415        2.9365382         2.4927033       2834.8336                 27.069816                 396.36044                           2381.6363                      8.6899924               0.40900048              3.9129337                         8.0900714       8.6650988
              1       1423.3013       3.0482977      0.95679596         69.9786       0.0219965      0.11614319     0.055266012           0.48273398   0.00030555613        0.6349457       1.0043166       0.9987352      0.99932556       72.045237     0.094514152       3.0889759       7.4615975       9.8388704       11.041835        17.485241       81.022848       283.64868        62.87674       35.578848       87.403573      0.10326476        0.15910351        0.46807727      0.30632045        0.62176516       1.6558104   2.1079429e-09       148.04871      0.82277056      0.28209025      0.79783328       12.412006       2812.5556       6.4849174        3.9988678         2.4860495       2833.6327                 27.069816                 396.36044                           2380.4354                      8.6899924               0.40900048              3.9129337                         8.0900714       8.6650988
              1       1422.6977       3.0482977      0.95679596         69.9786       0.0219965      0.11614319     0.055266012           0.48273398   0.00030555613        0.6349457       1.0043166      0.99879812      0.99935776       72.208227     0.039462895       3.1767446       7.2348022        9.715759       10.922637        17.433927       81.414554       284.01461       63.579287       34.248416       88.753509     0.092412016        0.16124058        0.49742505       0.2700744        0.62057514       1.7345234   2.1079429e-09       148.04871      0.82277056      0.28209025      0.79783328       12.412006       2812.2684       6.0249696        3.5663724         2.4585971       2833.3455                 27.069816                 396.36044                           2380.1481                      8.6899924               0.40900048              3.9129337                         8.0900714       8.6650988
              2       1422.4425       3.0482977      0.95679596         69.9786       0.0219965      0.11614319     0.055266012           0.48273398   0.00030555613        0.6349457       1.0048017      0.99879812      0.99935776       72.208227     0.039462895       3.1767446       7.2348022        9.715759       10.922637        17.433927       81.414554       284.01461       63.579287       34.248416       88.753509     0.092412016        0.16124058        0.49742505       0.2700744        0.62057514       1.7345234   2.1079429e-09       148.04871      0.82277056      0.28209025      0.79783328       12.412006       2811.0502       6.3788008        3.9202037         2.4585971       2832.1273                 26.967365                 396.37524                           2378.9559                      8.7517288               0.40900048              3.9129337                         8.0900714       8.6650988
              1       1422.1205       3.0482977      0.95679596         69.9786       0.0219965      0.11614319     0.055266012           0.48273398   0.00030555613        0.6349457       1.0048017      0.99866404      0.99908885       71.810644     0.063237116       2.4091793       7.0338076        11.00241       11.006675        17.436256       81.799537       287.39815       61.947845       33.689418       90.478498      0.10667659        0.18546042        0.44829124      0.27843115        0.65347788       1.8716549   2.1079429e-09       148.04871      0.82277056      0.28209025      0.79783328       12.412006       2810.0057       6.5790629        4.4544056         2.1246573       2831.0829                 26.967365                 396.37524                           2377.9114                      8.7517288               0.40900048              3.9129337                         8.0900714       8.6650988
              1       1422.6488       3.0482977      0.95679596         69.9786       0.0219965      0.11614319     0.055266012           0.48273398   0.00030555613        0.6349457       1.0048017      0.99856221      0.99905921        71.95378     0.060860757       2.3928703       7.0563297       11.043133       10.949218        17.176765       81.710571       288.30857       62.515293       33.848277       90.099919      0.10481399        0.19069652        0.46452153      0.28887833        0.65889713        1.915918   2.1079429e-09       148.04871      0.82277056      0.28209025      0.79783328       12.412006       2809.7036       7.2584004        5.1342935         2.1241069       2830.7807                 26.967365                 396.37524                           2377.6093                      8.7517288               0.40900048              3.9129337                         8.0900714       8.6650988
              4       1422.3176       3.0495293      0.95729064         69.9786     0.022050607      0.11630268     0.055359431           0.48741995   0.00030437653       0.63438628       1.0048017      0.99856221      0.99905921        71.95378     0.060860757       2.3928703       7.0563297       11.043133       10.949218        17.176765       81.710571       288.30857       62.515293       33.848277       90.099919      0.10481399        0.19069652        0.46452153      0.28887833        0.65889713        1.915918   2.1105407e-09       147.94612      0.82384483      0.28252651       0.7994925       12.085947       2809.3674       7.2584004        5.1342935         2.1241069       2830.1184                 26.972313                 396.38923                           2377.3094                      8.6964281               0.39017055              3.8595034                         7.8362727       8.6650988
              2       1422.5752       3.0495293      0.95729064         69.9786     0.022050607      0.11630268     0.055359431           0.48741995   0.00030437653       0.63438628       1.0045289      0.99856221      0.99905921        71.95378     0.060860757       2.3928703       7.0563297       11.043133       10.949218        17.176765       81.710571       288.30857       62.515293       33.848277       90.099919      0.10481399        0.19069652        0.46452153      0.28887833        0.65889713        1.915918   2.1105407e-09       147.94612      0.82384483      0.28252651       0.7994925       12.085947       2810.2897       7.0548116        4.9307047         2.1241069       2831.0408                 27.029867                 396.40754                           2378.1802                      8.6721195               0.39017055              3.8595034                         7.8362727       8.6650988
              2        1423.691       3.0495293      0.95729064         69.9786     0.022050607      0.11630268     0.055359431           0.48741995   0.00030437653       0.63438628       1.0045289      0.99853924      0.99920124       72.041334     0.033412559       2.3557044       7.1414068       11.041812       11.124107        16.876523       81.469918       287.12151       62.146678       34.088549        89.58143      0.10928843        0.20900075        0.46733759      0.30115359        0.66316292       1.9645205   2.1105407e-09       147.94612      0.82384483      0.28252651       0.7994925       12.085947       2809.2819       8.6745256        6.5464412         2.1280845        2830.033                 27.029867                 396.40754                           2377.1724                      8.6721195               0.39017055              3.8595034                         7.8362727       8.6650988
              1       1423.4904       3.0491175      0.95587934         69.9786     0.022078573      0.11609119     0.055931685           0.48926839   0.00030187123       0.64850142       1.0045289      0.99853924      0.99920124       72.041334     0.033412559       2.3557044       7.1414068       11.041812       11.124107        16.876523       81.469918       287.12151       62.146678       34.088549        89.58143      0.10928843        0.20900075        0.46733759      0.30115359        0.66316292       1.9645205   2.1096718e-09       147.97203      0.82211304      0.28215178      0.79728263       12.120625        2808.846       8.6745256        6.5464412         2.1280845       2829.6317                 27.405109                 396.54507                           2376.2254                      8.6703831               0.39406988              3.8696166                         7.8569389       8.6650988
              1       1424.7182       3.0491175      0.95587934         69.9786     0.022078573      0.11609119     0.055931685           0.48926839   0.00030187123       0.64850142       1.0045289      0.99820956      0.99920686       72.690026     0.035427043       2.5644048       6.0422835       10.532295       11.155839        16.018871       79.801286        307.2613       60.819001       33.170815       90.966524     0.071122223        0.18566443        0.47295421      0.25713857        0.68430974       2.0700225   2.1096718e-09       147.97203      0.82211304      0.28215178      0.79728263       12.120625       2811.2177       8.7164642        6.6757771         2.0406871       2832.0034                 27.405109                 396.54507                           2378.5971                      8.6703831               0.39406988              3.8696166                         7.8569389       8.6650988
              1       1423.9981       3.0491175      0.95587934         69.9786     0.022078573      0.11609119     0.055931685           0.48926839   0.00030187123       0.64850142       1.0045289      0.99823613       0.9994341       72.700705    0.0042215958        2.678475       5.9304294       10.653253       11.465759        16.843925       78.418396       305.87294       61.199806       33.428138       91.635815     0.061954806        0.16727427        0.45035255       0.2595232        0.61511644       1.9892609   2.1096718e-09       147.97203      0.82211304      0.28215178      0.79728263       12.120625       2808.4407       9.3849228         7.338892         2.0460309       2829.2264                 27.405109                 396.54507                           2375.8201                      8.6703831               0.39406988              3.8696166                         7.8569389       8.6650988
              5       1423.2427       3.0491175      0.95587934         69.9786     0.022078573      0.11609119     0.055931685           0.48926839   0.00030187123       0.64850142       1.0045289      0.99824204      0.99937432       72.627998     0.026593306       2.7081101       5.8597832       10.389635        11.47008        16.735162       78.471463       309.42171       61.039333       33.221856       91.415055     0.065766185         0.1712572        0.44524211      0.28230597        0.64546281       1.9641154   2.1096718e-09       147.97203      0.82211304      0.28215178      0.79728263       12.120625       2807.5201       9.0897786        7.0455658         2.0442128       2828.3058                 27.405109                 396.54507                           2374.8995                      8.6703831               0.39406988              3.8696166                         7.8569389       8.6650988
              1       1423.1597       3.0491175      0.95587934         69.9786     0.022078573      0.11609119     0.055931685           0.48926839   0.00030187123       0.64850142       1.0045289      0.99822322       0.9992352       72.400577     0.027504954       2.7055913       6.0953117       10.493243       11.348439        17.516868       78.932726       308.63566       59.782323       32.758704       91.496328     0.098168502        0.15194849        0.48517899      0.29938841        0.63667464       1.9645388   2.1096718e-09       147.97203      0.82211304      0.28215178      0.79728263       12.120625        2810.106        7.713845        5.6488357         2.0650093       2830.8917                 27.405109                 396.54507                           2377.4854                      8.6703831               0.39406988              3.8696166                         7.8569389       8.6650988
              2       1421.5003       3.0491175      0.95587934         69.9786     0.022078573      0.11609119     0.055931685           0.48926839   0.00030187123       0.64850142       1.0045289      0.99842956       0.9992056       72.575875     0.099811661       2.7045928       6.1448756       10.319759        11.52509        17.611682       78.652411       304.37505       59.413496       32.848099       91.490359     0.089349673        0.13755591         0.5031082      0.25088714         0.6290177       1.9603188   2.1096718e-09       147.97203      0.82211304      0.28215178      0.79728263       12.120625       2809.5809        6.317013        4.2469499          2.070063       2830.3666                 27.405109                 396.54507                           2376.9603                      8.6703831               0.39406988              3.8696166                         7.8569389       8.6650988
              1       1421.1864       3.0491175      0.95587934         69.9786     0.022078573      0.11609119     0.055931685           0.48926839   0.00030187123       0.64850142       1.0045289      0.99836721      0.99933824       72.967973      0.11270278       2.6500048        6.388101       9.9096361       11.802938        17.803234       79.302584       296.13475       57.822946       32.778352       90.875906      0.10895176        0.13466164        0.50438579       0.2270202        0.65203768       1.9671358   2.1096718e-09       147.97203      0.82211304      0.28215178      0.79728263       12.120625       2809.1997       6.1936596        4.1054071         2.0882524       2829.9854                 27.405109                 396.54507                           2376.5791                      8.6703831               0.39406988              3.8696166                         7.8569389       8.6650988
              1        1420.671       3.0491175      0.95587934         69.9786     0.022078573      0.11609119     0.055931685           0.48926839   0.00030187123       0.64850142        1.004323      0.99836721      0.99933824       72.967973      0.11270278       2.6500048        6.388101       9.9096361       11.802938        17.803234       79.302584       296.13475       57.822946       32.778352       90.875906      0.10895176        0.13466164        0.50438579       0.2270202        0.65203768       1.9671358   2.1096718e-09       147.97203      0.82211304      0.28215178      0.79728263       12.120625       2808.4607       6.0478295        3.9595771         2.0882524       2829.2464                 27.449654                 396.54094                           2375.8255                      8.6445955               0.39406988              3.8696166                         7.8569389       8.6650988
              1       1420.7158       3.0491175      0.95587934         69.9786     0.022078573      0.11609119     0.055931685           0.48926839   0.00030187123       0.64850142        1.004323      0.99845872      0.99933991       73.200736      0.11009821       2.7801882       6.3188833       10.120037       12.042217        17.955755       79.713417       297.23431        58.15138       33.358276       90.631409      0.10573882        0.15074401        0.53634566      0.22557881         0.6589238        1.976432   2.1096718e-09       147.97203      0.82211304      0.28215178      0.79728263       12.120625       2808.1056       6.2700893        4.1633298         2.1067595       2828.8913                 27.449654                 396.54094                           2375.4704                      8.6445955               0.39406988              3.8696166                         7.8569389       8.6650988
              2       1421.3477       3.0491175      0.95587934         69.9786     0.022078573      0.11609119     0.055931685           0.48926839   0.00030187123       0.64850142        1.004323      0.99845307      0.99936731       73.125165       0.1124257       2.8245754       6.1338754       10.092202       11.999602        18.262562       79.699409       296.35957       58.139505       33.884853       91.600891      0.11644505        0.12317397        0.52457871       0.2237261        0.68747307       2.0338627   2.1096718e-09       147.97203      0.82211304      0.28215178      0.79728263       12.120625       2810.1219       5.8938799        3.8024479          2.091432       2830.9076                 27.449654                 396.54094                           2377.4867                      8.6445955               0.39406988              3.8696166                         7.8569389       8.6650988
              1       1422.1674       3.0491175      0.95587934         69.9786     0.022078573      0.11609119     0.055931685           0.48926839   0.00030187123       0.64850142        1.004323      0.99853264      0.99953283       73.657526      0.11258234       2.6142314       5.9371635       10.245345       11.690214        17.650472       79.879795       298.10645       58.421889       33.526662       91.671661      0.11292826        0.11887051         0.5335999      0.21535061         0.7104841       2.0710392   2.1096718e-09       147.97203      0.82211304      0.28215178      0.79728263       12.120625       2810.9989       6.2750281        4.2361263         2.0389018       2831.7847                 27.449654                 396.54094                           2378.3637                      8.6445955               0.39406988              3.8696166                         7.8569389       8.6650988
              3       1421.8552       3.0491175      0.95587934         69.9786     0.022078573      0.11609119     0.055931685           0.48926839   0.00030187123       0.64850142        1.004323      0.99854254      0.99951593       73.644111      0.11066914       2.5937269       5.9287392        10.27065       11.662851          17.6016       79.855376       297.39067       58.244637       33.678294       91.685833      0.10976548        0.12761957        0.52857935      0.21144181        0.70759995         2.08041   2.1096718e-09       147.97203      0.82211304      0.28215178      0.79728263       12.120625       2810.6765       6.1241177        4.0879615         2.0361562       2831.4622                 27.449654                 396.54094                           2378.0413                      8.6445955               0.39406988              3.8696166                         7.8569389       8.6650988
              2       1421.6563       3.0491175      0.95587934         69.9786     0.022078573      0.11609119     0.055931685           0.48926839   0.00030187123       0.64850142        1.004323      0.99869244      0.99957433       72.661921     0.056449915       2.8853326       6.8810376       10.714282        12.11722        15.935841       77.751477       297.62578       57.175878       30.701066       88.995623      0.16000098        0.11395898        0.54416135       0.1984908        0.73544384       2.3018018   2.1096718e-09       147.97203      0.82211304      0.28215178      0.79728263       12.120625        2807.889        7.318922        5.0796886         2.2392333       2828.6747                 27.449654                 396.54094                           2375.2538                      8.6445955               0.39406988              3.8696166                         7.8569389       8.6650988
              3       1422.3718       3.0491175      0.95587934         69.9786     0.022078573      0.11609119     0.055931685           0.48926839   0.00030187123       0.64850142        1.004323      0.99860385      0.99956674       73.216122     0.067072769       2.7615496       7.0458323       10.899959       11.906144        16.028919       76.927008       298.39105       56.141947       31.267727       88.737634     0.081381045       0.077075686        0.51071753       0.1745653        0.73087978       2.4189411   2.1096718e-09       147.97203      0.82211304      0.28215178      0.79728263       12.120625       2806.0164        8.970786        6.7388729         2.2319131       2826.8021                 27.449654                 396.54094                           2373.3812                      8.6445955               0.39406988              3.8696166                         7.8569389       8.6650988
              2        1423.827       3.0491175      0.95587934         69.9786     0.022078573      0.11609119     0.055931685           0.48926839   0.00030187123       0.64850142        1.004323      0.99877238      0.99959721       73.285155     0.034766415       2.9756954       7.0496383       10.939427       11.747562        15.548026       76.884024       290.88028       55.755551       31.313904       89.811985     0.068884858        0.12439811        0.52369462      0.13647805        0.71876168       2.4487442   2.1096718e-09       147.97203      0.82211304      0.28215178      0.79728263       12.120625       2809.9497       8.4593311        6.1451375         2.3141936       2830.7354                 27.449654                 396.54094                           2377.3145                      8.6445955               0.39406988              3.8696166                         7.8569389       8.6650988
              6       1423.8312       3.0491175      0.95587934         69.9786     0.022078573      0.11609119     0.055931685           0.48926839   0.00030187123       0.64850142        1.004323      0.99886419      0.99957503       73.126096      0.03499205       2.8047227       7.2142962       11.045862       11.566926        15.838675       76.780898       291.10536       55.948824       31.464952       90.210624     0.082030668        0.11344543        0.51718589      0.11596818        0.71666979       2.4733634   2.1096718e-09       147.97203      0.82211304      0.28215178      0.79728263       12.120625       2810.7245       8.0761016        5.7892089         2.2868927       2831.5102                 27.449654                 396.54094                           2378.0893                      8.6445955               0.39406988              3.8696166                         7.8569389       8.6650988
              2       1424.1651       3.0491175      0.95587934         69.9786     0.022078573      0.11609119     0.055931685           0.48926839   0.00030187123       0.64850142        1.004323      0.99880379      0.99981021       73.471057     0.042932638       2.6084702       6.8819427       10.713112        11.77157        15.895026       77.132185       290.12146       54.919153       32.183723       90.197764      0.10344322        0.11733644        0.55964975      0.11749723        0.68856876       2.5214726   2.1096718e-09       147.97203      0.82211304      0.28215178      0.79728263       12.120625        2809.931       8.8067275        6.6547564         2.1519711       2830.7167                 27.449654                 396.54094                           2377.2958                      8.6445955               0.39406988              3.8696166                         7.8569389       8.6650988
              1       1423.9477       3.0491175      0.95587934         69.9786     0.022078573      0.11609119     0.055931685           0.48926839   0.00030187123       0.64850142        1.004323      0.99865836      0.99967242       73.763487     0.028442732       2.5327441        7.016767       10.730537       11.810467        15.544588       77.291105       295.06155       54.880259       32.076957       89.609697     0.098476458        0.11054173        0.59086336      0.11925561        0.70892274       2.5215845   2.1096718e-09       147.97203      0.82211304      0.28215178      0.79728263       12.120625       2808.4127       9.3484686        7.1941258         2.1543428       2829.1984                 27.449654                 396.54094                           2375.7775                      8.6445955               0.39406988              3.8696166                         7.8569389       8.6650988
              2       1423.9435       3.0491175      0.95587934         69.9786     0.022078573      0.11609119     0.055931685           0.48926839   0.00030187123       0.64850142        1.004323      0.99865596      0.99967115       73.763704     0.028055058       2.5371079       7.0144573       10.730249       11.803684        15.541785        77.30808       295.01285       54.868262       32.083918       89.618725     0.098503372        0.11154261        0.59081551      0.11984663        0.70904078       2.5212367   2.1096718e-09       147.97203      0.82211304      0.28215178      0.79728263       12.120625        2808.455       9.3231657        7.1680071         2.1551586       2829.2407                 27.449654                 396.54094                           2375.8198                      8.6445955               0.39406988              3.8696166                         7.8569389       8.6650988
              3       1424.4141       3.0491175      0.95587934         69.9786     0.022078573      0.11609119     0.055931685           0.48926839   0.00030187123       0.64850142        1.004323      0.99873001      0.99943189        73.79247     0.036314104       2.4012847       7.1967631       10.479931       11.828809        16.014706       77.639782       296.46692       54.538982       32.224374       89.923089     0.079479246        0.11485632        0.57387044      0.13379693        0.69781334       2.6102349   2.1096718e-09       147.97203      0.82211304      0.28215178      0.79728263       12.120625       2811.7238       8.1592979        6.0101935         2.1491043       2832.5095                 27.449654                 396.54094                           2379.0886                      8.6445955               0.39406988              3.8696166                         7.8569389       8.6650988
              1       1424.1825       3.0491175      0.95587934         69.9786     0.022078573      0.11609119     0.055931685           0.48926839   0.00030187123       0.64850142        1.004323       0.9986868      0.99964041       73.383373     0.087686531       2.2071226       7.2847765       10.096987       11.723065        16.085813       78.147727       299.32716       53.964367       32.520557       88.961437      0.11087115         0.1377935        0.56941188      0.14049902        0.65865082       2.6067743   2.1096718e-09       147.97203      0.82211304      0.28215178      0.79728263       12.120625       2811.6122       7.9835282         5.869738         2.1137903       2832.3979                 27.449654                 396.54094                            2378.977                      8.6445955               0.39406988              3.8696166                         7.8569389       8.6650988
              2       1422.7483       3.0491175      0.95587934         69.9786     0.022078573      0.11609119     0.055931685           0.48926839   0.00030187123       0.64850142        1.004323      0.99863194      0.99960521        73.37505     0.073118234       2.4380979       7.3518458       10.039202       11.491763        15.362987       78.815805       291.90224       54.519327       33.258493       86.585171     0.096247382       0.079892679        0.53580043      0.15611909        0.67156275       2.6655041   2.1096718e-09       147.97203      0.82211304      0.28215178      0.79728263       12.120625       2807.1517       8.7795813        6.5913462         2.1882351       2827.9375                 27.449654                 396.54094                           2374.5165                      8.6445955               0.39406988              3.8696166                         7.8569389       8.6650988
              1       1423.6315       3.0491175      0.95587934         69.9786     0.022078573      0.11609119     0.055931685           0.48926839   0.00030187123       0.64850142        1.004323      0.99879861      0.99967682       73.048844     0.048884674       2.2430441       7.6216801       10.118716       11.427372        15.248345       79.309106       295.57569       53.918816       33.075154       86.468391     0.081376573       0.063008802        0.53684503      0.16166506        0.71357947       2.6170899   2.1096718e-09       147.97203      0.82211304      0.28215178      0.79728263       12.120625       2807.4498         9.51377        7.3336646         2.1801055       2828.2355                 27.449654                 396.54094                           2374.8146                      8.6445955               0.39406988              3.8696166                         7.8569389       8.6650988
              1       1423.7231       3.0491175      0.95587934         69.9786     0.022078573      0.11609119     0.055931685           0.48926839   0.00030187123       0.64850142        1.004323      0.99880037      0.99967767       73.074422     0.048322721       2.2451086       7.6489677       10.099724       11.445056        15.235315       79.278371       295.75894       53.874127       33.085006       86.457346     0.079793863       0.062421486        0.53740329      0.16230718        0.71195228       2.6166322   2.1096718e-09       147.97203      0.82211304      0.28215178      0.79728263       12.120625       2807.4889       9.5857784        7.3998069         2.1859716       2828.2747                 27.449654                 396.54094                           2374.8538                      8.6445955               0.39406988              3.8696166                         7.8569389       8.6650988
              1       1423.9558       3.0491175      0.95587934         69.9786     0.022078573      0.11609119     0.055931685           0.48926839   0.00030187123       0.64850142        1.004323      0.99878917      0.99966709        73.03655     0.043053823       2.2170906         7.65519       10.158325       11.533959        15.162956       79.285279       294.43612        53.61811       32.941634       86.412999     0.088681092       0.058657839         0.5369116      0.15729813        0.70548097       2.6182585   2.1096718e-09       147.97203      0.82211304      0.28215178      0.79728263       12.120625       2807.8838       9.6210595         7.442474         2.1785856       2828.6695                 27.449654                 396.54094                           2375.2486                      8.6445955               0.39406988              3.8696166                         7.8569389       8.6650988
              2       1424.0617       3.0491175      0.95587934         69.9786     0.022078573      0.11609119     0.055931685           0.48926839   0.00030187123       0.64850142       1.0043695      0.99878917      0.99966709        73.03655     0.043053823       2.2170906         7.65519       10.158325       11.533959        15.162956       79.285279       294.43612        53.61811       32.941634       86.412999     0.088681092       0.058657839         0.5369116      0.15729813        0.70548097       2.6182585   2.1096718e-09       147.97203      0.82211304      0.28215178      0.79728263       12.120625       2808.0308        9.653388        7.4748025         2.1785856       2828.8166                 27.439586                 396.54507                            2375.396                      8.6502114               0.39406988              3.8696166                         7.8569389       8.6650988
              1       1425.2612       3.0491175      0.95587934         69.9786     0.022078573      0.11609119     0.055931685           0.48926839   0.00030187123       0.64850142       1.0043695      0.99866344      0.99936385       72.973936     0.073564538       2.2332339       7.0768875       9.8739722       11.504332        14.762221       79.616078       300.32115       53.888785       33.960488       85.995865      0.10160698        0.05440994        0.59457194      0.17551847        0.76351378       2.6762939   2.1096718e-09       147.97203      0.82211304      0.28215178      0.79728263       12.120625       2809.9824       9.8771397        7.7861087         2.0910309       2830.7681                 27.439586                 396.54507                           2377.3475                      8.6502114               0.39406988              3.8696166                         7.8569389       8.6650988
              1       1424.8976       3.0491175      0.95587934         69.9786     0.022078573      0.11609119     0.055931685           0.48926839   0.00030187123       0.64850142       1.0043143      0.99864561      0.99937667       72.957432     0.073306839       2.2246301       7.1015833       9.8522429       11.494992        14.856132       79.591169       300.48109       53.831499       33.895212       85.849581       0.1052571       0.057210183        0.59503298      0.16959757        0.76930193       2.6831844   2.1096718e-09       147.97203      0.82211304      0.28215178      0.79728263       12.120625       2809.3677       9.8208463        7.7284121         2.0924342       2830.1534                 27.451548                 396.54094                           2376.7317                      8.6435529               0.39406988              3.8696166                         7.8569389       8.6650988
              1       1421.6471       3.0491175      0.95587934         69.9786     0.022078573      0.11609119     0.055931685           0.48926839   0.00030187123       0.64850142       1.0043143      0.99845276      0.99935932       72.502286     0.075053187       2.3321241        7.156982        10.04625       11.438015        14.983566       80.010632       303.16675       55.388423       33.923722       86.087248     0.094202436       0.097665196        0.55285229      0.18976317         0.7982727       2.6159501   2.1096718e-09       147.97203      0.82211304      0.28215178      0.79728263       12.120625       2805.5193       8.4946343        6.3699946         2.1246397        2826.305                 27.451548                 396.54094                           2372.8832                      8.6435529               0.39406988              3.8696166                         7.8569389       8.6650988
              2        1421.045       3.0491175      0.95587934         69.9786     0.022078573      0.11609119     0.055931685           0.48926839   0.00030187123       0.64850142       1.0043143      0.99851819      0.99920309       72.007626     0.051886395       2.5210401       7.3484487       10.282411       11.591744        14.695266       80.569484       300.18351       54.745032       33.528709       85.486192      0.11259723        0.13096715         0.5707516      0.20648091        0.77686009        2.678354   2.1096718e-09       147.97203      0.82211304      0.28215178      0.79728263       12.120625       2806.3928       7.4557726        5.2414246          2.214348       2827.1785                 27.451548                 396.54094                           2373.7568                      8.6435529               0.39406988              3.8696166                         7.8569389       8.6650988
              1       1421.2787       3.0491175      0.95587934         69.9786     0.022078573      0.11609119     0.055931685           0.48926839   0.00030187123       0.64850142       1.0044298      0.99851819      0.99920309       72.007626     0.051886395       2.5210401       7.3484487       10.282411       11.591744        14.695266       80.569484       300.18351       54.745032       33.528709       85.486192      0.11259723        0.13096715         0.5707516      0.20648091        0.77686009        2.678354   2.1096718e-09       147.97203      0.82211304      0.28215178      0.79728263       12.120625       2806.6985       7.5366027        5.3222547          2.214348       2827.4842                 27.426534                 396.54507                           2374.0692                      8.6576768               0.39406988              3.8696166                         7.8569389       8.6650988
              3       1420.2922       3.0491175      0.95587934         69.9786     0.022078573      0.11609119     0.055931685           0.48926839   0.00030187123       0.64850142       1.0044298      0.99856876       0.9990183       71.465965      0.12255246       2.6548002       7.3465467       9.7128438        11.18655        15.936815       79.814652       293.15362       56.712485       32.911846       85.238267      0.12494327        0.11828508        0.61689196      0.23598319        0.70558608       2.6519209   2.1096718e-09       147.97203      0.82211304      0.28215178      0.79728263       12.120625       2806.0952       6.8517047        4.5904991         2.2612056       2826.8809                 27.426534                 396.54507                           2373.4659                      8.6576768               0.39406988              3.8696166                         7.8569389       8.6650988
              1        1420.423       3.0500266      0.95712621         69.9786     0.022106085      0.11633451     0.054598369           0.47263084   0.00030250929       0.67395035       1.0044298      0.99879291      0.99895169       71.489215      0.11320405       2.4267744        7.375601       9.9401767       11.244547        16.318734       79.954639       301.45879       56.343487       32.033338       84.927429      0.11612622        0.11259351        0.56046878      0.19150714        0.67311324       2.6976136   2.1115906e-09       147.87086      0.82354265      0.28270459      0.79945109       11.827006       2809.8578       5.2480345        3.0586997         2.1893348       2830.3499                 27.056499                 396.19081                           2378.0517                      8.5588625               0.37620931              3.8183999                         7.6323966       8.6650988
              1       1417.4619       3.0561326      0.95720534         69.9786     0.022185102      0.11680735     0.058030631            0.4673693   0.00030199343       0.66681637       1.0044298      0.99879291      0.99895169       71.489215      0.11320405       2.4267744        7.375601       9.9401767       11.244547        16.318734       79.954639       301.45879       56.343487       32.033338       84.927429      0.11612622        0.11259351        0.56046878      0.19150714        0.67311324       2.6976136   2.1245235e-09        147.6544      0.82759139      0.28383151      0.80498102        11.20855       2804.5542       5.2480345        3.0586997         2.1893348       2824.4278                 27.029467                  397.1181                           2371.7431                      8.6634739               0.33922273              3.7076569                         7.1616706       8.6650988
              1       1419.0844       3.0561326      0.95720534         69.9786     0.022185102      0.11680735     0.058030631            0.4673693   0.00030199343       0.66681637       1.0044298      0.99886708      0.99915597       71.292833      0.12079205       2.1462939        7.727331       9.5321984       11.444994        16.434853       79.764663       309.64895       55.752692       32.148765       85.393491      0.12289455         0.1400605        0.60060103        0.204535        0.67971282       2.6930027   2.1245235e-09        147.6544      0.82759139      0.28383151      0.80498102        11.20855       2806.5815       5.8568049        3.6859066         2.1708983       2826.4552                 27.029467                  397.1181                           2373.7705                      8.6634739               0.33922273              3.7076569                         7.1616706       8.6650988
              2       1419.6948       3.0561326      0.95720534         69.9786     0.022185102      0.11680735     0.058030631            0.4673693   0.00030199343       0.66681637        1.003811      0.99888666      0.99915968        71.35143      0.12903575        2.105975        7.827694       9.5777316       11.463772        16.188002       79.676369       308.96174       55.727556       32.261821       85.319835      0.11182029        0.13276473         0.6024051      0.19552497        0.68199931       2.6919444   2.1245235e-09        147.6544      0.82759139      0.28383151      0.80498102        11.20855       2808.4438       5.5360884        3.3585003         2.1775881       2828.3175                 27.160718                 397.10477                           2375.4634                      8.7148861               0.33922273              3.7076569                         7.1616706       8.6650988
              1       1420.5515       3.0561326      0.95720534         69.9786     0.022185102      0.11680735     0.058030631            0.4673693   0.00030199343       0.66681637        1.003811      0.99888963        0.999202        71.46951      0.18819236       2.0443253       6.5107939       10.022947       12.321693        15.615382       79.861364       315.79797        56.16075       31.880618       88.002299      0.13208658        0.14019393        0.60756079      0.14617158        0.75475555       2.6393369   2.1245235e-09        147.6544      0.82759139      0.28383151      0.80498102        11.20855       2808.3174       6.4560094        4.4340495         2.0219599       2828.1911                 27.160718                 397.10477                            2375.337                      8.7148861               0.33922273              3.7076569                         7.1616706       8.6650988
              1       1420.5625       3.0561326      0.95720534         69.9786     0.022185102      0.11680735     0.058030631            0.4673693   0.00030199343       0.66681637        1.003811      0.99880132      0.99916441        71.14697      0.18836597        2.057189        6.483123       9.8908011       12.433576        15.861641       80.020961       314.52303       55.594219       31.607781       87.555863      0.11372725        0.13131596        0.61973959      0.11992636        0.77103829       2.6170627   2.1245235e-09        147.6544      0.82759139      0.28383151      0.80498102        11.20855       2806.6385       7.3063845        5.2846437         2.0217408       2826.5122                 27.160718                 397.10477                           2373.6582                      8.7148861               0.33922273              3.7076569                         7.1616706       8.6650988
              3       1419.7717       3.0561326      0.95720534         69.9786     0.022185102      0.11680735     0.058030631            0.4673693   0.00030199343       0.66681637        1.003811      0.99901787      0.99922077       70.021973      0.22620714       2.2564169       6.6368347        10.31345       11.911381         15.71888       80.226284       318.07396        54.44594       32.455452       87.754489      0.10592507        0.15857515        0.55669867      0.14510155        0.81308585        2.525805   2.1245235e-09        147.6544      0.82759139      0.28383151      0.80498102        11.20855       2807.1627       6.2535024        4.2049426         2.0485598       2827.0363                 27.160718                 397.10477                           2374.1823                      8.7148861               0.33922273              3.7076569                         7.1616706       8.6650988
              2        1418.204       3.0561326      0.95720534         69.9786     0.022185102      0.11680735     0.058030631            0.4673693   0.00030199343       0.66681637        1.003811       0.9990231      0.99935363       69.477657      0.19700594       2.0673218       6.5648546        10.04209       12.089516        16.592436       80.841435       315.02804       52.982763       31.734084       86.374416      0.12339754        0.16683807        0.54713617      0.19212221        0.80455428       2.4922763   2.1245235e-09        147.6544      0.82759139      0.28383151      0.80498102        11.20855       2804.8047       5.8647897        3.8395274         2.0252624       2824.6783                 27.160718                 397.10477                           2371.8243                      8.7148861               0.33922273              3.7076569                         7.1616706       8.6650988
              3       1417.6863       3.0561326      0.95720534         69.9786     0.022185102      0.11680735     0.058030631            0.4673693   0.00030199343       0.66681637        1.003811      0.99870106      0.99958012       69.040809      0.19930594       2.2925234       6.8462414       8.8843679       11.619937        16.617713       81.086329       313.80125       54.408195        30.54802       87.727076      0.11670546        0.12061485        0.58486306      0.20162749         0.8396314       2.5360511   2.1245235e-09        147.6544      0.82759139      0.28383151      0.80498102        11.20855       2799.8416       7.8286942          5.75399         2.0747042       2819.7152                 27.160718                 397.10477                           2366.8612                      8.7148861               0.33922273              3.7076569                         7.1616706       8.6650988
              2        1417.658       3.0561326      0.95720534         69.9786     0.022185102      0.11680735     0.058030631            0.4673693   0.00030199343       0.66681637        1.003811      0.99868959      0.99962213       69.320078      0.18667443        2.154257       6.9199133       8.3537678       11.764482        16.904845       81.489611        313.2638       54.854361       30.870357       87.114643      0.13109589        0.14020146        0.59563483      0.22946092        0.83445142       2.4854177   2.1245235e-09        147.6544      0.82759139      0.28383151      0.80498102        11.20855        2799.474       7.9841923        5.9249075         2.0592848       2819.3476                 27.160718                 397.10477                           2366.4936                      8.7148861               0.33922273              3.7076569                         7.1616706       8.6650988
              1       1416.6582       3.0561326      0.95720534         69.9786     0.022185102      0.11680735     0.058030631            0.4673693   0.00030199343       0.66681637        1.003811      0.99884317      0.99982423       69.723699       0.1845255       2.1111513       6.4466363       8.5078906       11.508576        16.718054       82.330971       312.25297       53.640216       30.515605       87.222003      0.12545709        0.13671079        0.61033213      0.21538783        0.78940514       2.4217776   2.1245235e-09        147.6544      0.82759139      0.28383151      0.80498102        11.20855       2798.1779       7.6324864        5.6090863         2.0234001       2818.0515                 27.160718                 397.10477                           2365.1975                      8.7148861               0.33922273              3.7076569                         7.1616706       8.6650988
              1        1416.708       3.0561326      0.95720534         69.9786     0.022185102      0.11680735     0.058030631            0.4673693   0.00030199343       0.66681637        1.003811       0.9988724      0.99985047       69.450224       0.1613443       2.3065549       6.5843871       8.5134109       11.601578        17.068721       82.135921       317.37676       53.304616       30.888415       88.152921      0.11070076        0.14820306        0.59966601      0.23260723        0.75974658        2.355215   2.1245235e-09        147.6544      0.82759139      0.28383151      0.80498102        11.20855       2798.8448        7.348828        5.2979199         2.0509081       2818.7184                 27.160718                 397.10477                           2365.8644                      8.7148861               0.33922273              3.7076569                         7.1616706       8.6650988
              3       1417.0546       3.0561326      0.95720534         69.9786     0.022185102      0.11680735     0.058030631            0.4673693   0.00030199343       0.66681637        1.003811      0.99890585      0.99990297       69.426771      0.16425615       2.2833693        6.593262       8.5198161       11.686652        17.001713       82.037758       317.78888       53.314385       30.971411       88.138689      0.11015288        0.15223582        0.59886945      0.22647472        0.76479331       2.3500323   2.1245235e-09        147.6544      0.82759139      0.28383151      0.80498102        11.20855       2799.0741        7.580715        5.5321925         2.0485225       2818.9477                 27.160718                 397.10477                           2366.0937                      8.7148861               0.33922273              3.7076569                         7.1616706       8.6650988
              1       1417.5639       3.0561326      0.95720534         69.9786     0.022185102      0.11680735     0.058030631            0.4673693   0.00030199343       0.66681637        1.003811      0.99887814      0.99962625       69.947525      0.19876472       2.3501905       7.1425301       8.6489003       11.662448         16.09483       81.498287       329.42851       53.352903       31.452331       87.151256      0.12407362        0.16255907        0.56851722      0.24828777        0.78315212       2.3528506   2.1245235e-09        147.6544      0.82759139      0.28383151      0.80498102        11.20855       2801.8958       6.6791734        4.5522923         2.1268811       2821.7694                 27.160718                 397.10477                           2368.9154                      8.7148861               0.33922273              3.7076569                         7.1616706       8.6650988
              1       1417.6718       3.0561326      0.95720534         69.9786     0.022185102      0.11680735     0.058030631            0.4673693   0.00030199343       0.66681637        1.003811      0.99890801       0.9996333       69.944663      0.20139962       2.3829413       7.1777167       8.5995314       11.751848        16.130977       81.826603       329.75552       53.232952       31.553144       87.209535      0.11948124        0.15802412        0.56598913       0.2601151         0.7869185       2.3550988   2.1245235e-09        147.6544      0.82759139      0.28383151      0.80498102        11.20855       2802.0912       6.6893162        4.5483565         2.1409597       2821.9649                 27.160718                 397.10477                           2369.1109                      8.7148861               0.33922273              3.7076569                         7.1616706       8.6650988
              1        1416.825       3.0561326      0.95720534         69.9786     0.022185102      0.11680735     0.058030631            0.4673693   0.00030199343       0.66681637        1.003811      0.99896958      0.99943997       69.647761      0.17813558       2.5860135       6.9144128       8.8725643       11.703985        15.842891       81.791931       327.29841       52.699605       31.456527       87.701009        0.131192         0.1496861        0.52937259      0.26624929         0.7800852       2.3700949   2.1245235e-09        147.6544      0.82759139      0.28383151      0.80498102        11.20855        2803.144       5.3162391        3.1648655         2.1513737       2823.0176                 27.160718                 397.10477                           2370.1636                      8.7148861               0.33922273              3.7076569                         7.1616706       8.6650988
              1       1418.4655       3.0561326      0.95720534         69.9786     0.022185102      0.11680735     0.058030631            0.4673693   0.00030199343       0.66681637        1.003811      0.99977379      0.99917599       70.903229      0.25112326       1.8221783       5.4310271       9.3258802       12.397828        16.663609       80.527474       327.46904       54.054652       31.573376       86.998528     0.010770034        0.11880526        0.42763279       0.2974446        0.71063357         2.06673   2.1245235e-09        147.6544      0.82759139      0.28383151      0.80498102        11.20855       2803.5569       6.7502281        4.6587587         2.0914694       2823.4306                 27.160718                 397.10477                           2370.5765                      8.7148861               0.33922273              3.7076569                         7.1616706       8.6650988
              1       1418.4656       3.0561326      0.95720534         69.9786     0.022185102      0.11680735     0.058030631            0.4673693   0.00030199343       0.66681637        1.003811      0.99977378      0.99917597       70.903226       0.2511217       1.8221344       5.4310145       9.3258586       12.397821        16.663605       80.527461       327.46916       54.054541       31.573363       86.998597     0.010770108        0.11880096        0.42763586      0.29744725        0.71063675       2.0667328   2.1245235e-09        147.6544      0.82759139      0.28383151      0.80498102        11.20855       2803.5571       6.7502473        4.6587673           2.09148       2823.4308                 27.160718                 397.10477                           2370.5768                      8.7148861               0.33922273              3.7076569                         7.1616706       8.6650988
              1       1420.2314       3.0561326      0.95720534         69.9786     0.022185102      0.11680735     0.058030631            0.4673693   0.00030199343       0.66681637        1.003811      0.99974969        0.999274       70.401278      0.26828122       1.6378156       5.2946626       9.0492205        12.48991         15.81502       80.768341       329.08739       54.215768       33.101391       86.996872    0.0044004644       0.074603441        0.40585369      0.24311291        0.66705693       2.1050749   2.1245235e-09        147.6544      0.82759139      0.28383151      0.80498102        11.20855       2804.0958       8.2466625        6.0895731         2.1570894       2823.9695                 27.160718                 397.10477                           2371.1154                      8.7148861               0.33922273              3.7076569                         7.1616706       8.6650988
              2        1418.766       3.0561326      0.95720534         69.9786     0.022185102      0.11680735     0.058030631            0.4673693   0.00030199343       0.66681637        1.003811      0.99972334      0.99907721       69.756591      0.29336531       1.5022509       5.4455859       9.5790496       12.338544        16.278364       81.240033       327.90863       56.043721       33.756296       86.934879    0.0028084783       0.091618407        0.42580103       0.2620613        0.66739407       2.1161423   2.1245235e-09        147.6544      0.82759139      0.28383151      0.80498102        11.20855       2803.0856       7.2863731        5.1174232         2.1689499       2822.9592                 27.160718                 397.10477                           2370.1052                      8.7148861               0.33922273              3.7076569                         7.1616706       8.6650988
              2       1418.2867       3.0561326      0.95720534         69.9786     0.022185102      0.11680735     0.058030631            0.4673693   0.00030199343       0.66681637        1.003811      0.99956993      0.99901009       69.679603      0.28404669        1.699661       5.2198678       9.8819301       12.124991        16.175678        81.75842       334.58342       56.148935       33.652889       86.314658     0.027296149         0.1216823         0.3883111      0.30450527         0.6547335        2.150266   2.1245235e-09        147.6544      0.82759139      0.28383151      0.80498102        11.20855        2804.537       6.0813701        3.9285023         2.1528678       2824.4107                 27.160718                 397.10477                           2371.5566                      8.7148861               0.33922273              3.7076569                         7.1616706       8.6650988
              1       1418.5036       3.0560967      0.95727344         69.9786     0.022184991      0.11686792     0.058047862           0.46780586   0.00030240877       0.66687331        1.003811      0.99956993      0.99901009       69.679603      0.28404669        1.699661       5.2198678       9.8819301       12.124991        16.175678        81.75842       334.58342       56.148935       33.652889       86.314658     0.027296149         0.1216823         0.3883111      0.30450527         0.6547335        2.150266   2.1244471e-09       147.63846      0.82787624      0.28395496      0.80543318       11.170435        2805.009       6.0813701        3.9285023         2.1528678       2824.8445                 27.136543                 397.11253                           2372.0336                       8.726309               0.33668774              3.7000109                         7.1337363       8.6650988
              4       1417.1662       3.0560967      0.95727344         69.9786     0.022184991      0.11686792     0.058047862           0.46780586   0.00030240877       0.66687331        1.003811      0.99958566       0.9989867       69.840672       0.2746528       1.6271087       5.4535777       9.8923164       12.075734        15.947394        81.31889       333.59445        56.06486       33.118586       86.464013     0.049069415        0.13675903        0.38128868      0.29878264        0.63651138       2.1851136   2.1244471e-09       147.63846      0.82787624      0.28395496      0.80543318       11.170435       2804.5875       4.9546393        2.8214002         2.1332391       2824.4231                 27.136543                 397.11253                           2371.6122                       8.726309               0.33668774              3.7000109                         7.1337363       8.6650988
              3       1417.1872       3.0560967      0.95727344         69.9786     0.022184991      0.11686792     0.058047862           0.46780586   0.00030240877       0.66687331        1.003811      0.99942731      0.99908377       70.127792      0.28322635        1.669505       5.3450913       9.5094517       12.068315        15.904212       81.155117       333.24161       56.840905       33.598021       85.541289     0.064597388        0.16087584        0.38784052      0.29448155        0.62937066       2.1695752   2.1244471e-09       147.63846      0.82787624      0.28395496      0.80543318       11.170435       2804.6973       4.9207917        2.7809427          2.139849       2824.5329                 27.136543                 397.11253                           2371.7219                       8.726309               0.33668774              3.7000109                         7.1337363       8.6650988
              4       1417.6669       3.0560967      0.95727344         69.9786     0.022184991      0.11686792     0.058047862           0.46780586   0.00030240877       0.66687331        1.003811      0.99936686      0.99903704       70.109795      0.26451709       1.8643291       5.2403278       9.6070373       12.113693        15.937479       80.998614       331.01709       57.657476       33.757638       85.803343     0.055274719        0.16562334        0.38386693      0.25396224        0.63831867       2.1903785   2.1244471e-09       147.63846      0.82787624      0.28395496      0.80543318       11.170435       2805.7469       4.8756419        2.7675311         2.1081108       2825.5825                 27.136543                 397.11253                           2372.7716                       8.726309               0.33668774              3.7000109                         7.1337363       8.6650988
              3       1415.3098       3.0560967      0.95727344         69.9786     0.022184991      0.11686792     0.058047862           0.46780586   0.00030240877       0.66687331        1.003811      0.99968222      0.99946504       70.574738      0.23340427       1.8555387       5.5658917       9.7633011       11.822987        15.746682       82.261445       317.30359        56.72293       34.817187       84.921333      0.11688627        0.14654997         0.4386256      0.19907981         0.6821483       2.1778545   2.1244471e-09       147.63846      0.82787624      0.28395496      0.80543318       11.170435       2804.9365       2.9237659       0.85445396          2.069312       2824.7721                 27.136543                 397.11253                           2371.9612                       8.726309               0.33668774              3.7000109                         7.1337363       8.6650988
              5       1415.1039       3.0560967      0.95727344       69.825882     0.022184991      0.11686792     0.058047862           0.46780586   0.00030240877       0.66687331        1.003811      0.99968222      0.99946504       70.574738      0.23340427       1.8555387       5.5658917       9.7633011       11.822987        15.746682       82.261445       317.30359        56.72293       34.817187       84.921333      0.11688627        0.14654997         0.4386256      0.19907981         0.6821483       2.1778545   2.1244471e-09       147.63846      0.82750603      0.28519841      0.80683381       10.244949       2804.5641       2.9237659       0.85445396          2.069312       2824.3603                 27.080888                  397.1266                           2371.5737                      8.7829099               0.28422927              3.5306706                         6.4300496       9.5511806
              2       1415.1046       3.0560967      0.95727344       69.825882     0.022184991      0.11686792     0.058047862           0.46780586   0.00030240877       0.66687331        1.003811       0.9997048      0.99948113       70.590997      0.23729747       1.8748645       5.5893772       9.7742838       11.838918        15.785415       82.459191        316.8067       56.761597       34.694042       84.731486      0.11733342        0.14455508        0.44612518      0.19768281        0.68574677       2.1812759   2.1244471e-09       147.63846      0.82750603      0.28519841      0.80683381       10.244949       2804.5988       2.9071358       0.84349444         2.0636413       2824.3949                 27.080888                  397.1266                           2371.6084                      8.7829099               0.28422927              3.5306706                         6.4300496       9.5511806
              3       1416.1126       3.0560967      0.95727344       69.825882     0.022184991      0.11686792     0.058047862           0.46780586   0.00030240877       0.66687331        1.003811      0.99977401      0.99947405       70.590748      0.23138646       1.7217441       5.5755953       9.6846587       11.851888        15.697088       81.724454       319.65077       57.069981       34.479325       84.036339       0.1449038        0.16855687        0.43716266      0.22805614        0.68827967       2.1875112   2.1244471e-09       147.63846      0.82750603      0.28519841      0.80683381       10.244949       2805.5837       3.4226297        1.3290791         2.0935507       2825.3798                 27.080888                  397.1266                           2372.5933                      8.7829099               0.28422927              3.5306706                         6.4300496       9.5511806
              6        1416.099       3.0560967      0.95727344       69.825882     0.022184991      0.11686792     0.058047862           0.46780586   0.00030240877       0.66687331        1.003811      0.99974395      0.99924582       70.637621      0.23488614       1.8938902       5.9488481       9.5507491       11.703709        15.319305       82.205055       322.44983       57.623798       34.524965       83.731621      0.15719143        0.15640111        0.43385395      0.24897542        0.71610535       2.1198151   2.1244471e-09       147.63846      0.82750603      0.28519841      0.80683381       10.244949       2807.1933       2.6042609       0.57163423         2.0326267       2826.9894                 27.080888                  397.1266                           2374.2029                      8.7829099               0.28422927              3.5306706                         6.4300496       9.5511806
              1       1416.1002       3.0560967      0.95727344       69.825882     0.022184991      0.11686792     0.058047862           0.46780586   0.00030240877       0.66687331        1.003811      0.99974276      0.99924866       70.634745      0.23532846       1.8914122       5.9526995       9.5532219       11.709397        15.328097       82.207163       322.43233       57.625611       34.528949       83.731686       0.1572295         0.1562358        0.43345334      0.24888336        0.71693741       2.1204708   2.1244471e-09       147.63846      0.82750603      0.28519841      0.80683381       10.244949       2807.1733       2.6154636       0.58283033         2.0326333       2826.9694                 27.080888                  397.1266                           2374.1829                      8.7829099               0.28422927              3.5306706                         6.4300496       9.5511806
              1       1417.4109       3.0560967      0.95727344       69.825882     0.022184991      0.11686792     0.058047862           0.46780586   0.00030240877       0.66687331        1.003811        0.999525      0.99916859       70.426899      0.20254692       1.9432659       6.3052029       10.034093       12.103015        14.691592        81.81869       321.73373       56.587344       34.038443       83.536201      0.15007935        0.16091642        0.45271636      0.20760578        0.72770043       2.0856427   2.1244471e-09       147.63846      0.82750603      0.28519841      0.80683381       10.244949       2809.4048       2.8104089        0.7924513         2.0179576       2829.2009                 27.080888                  397.1266                           2376.4144                      8.7829099               0.28422927              3.5306706                         6.4300496       9.5511806
              1       1416.7825       3.0560967      0.95727344       69.825882     0.022184991      0.11686792     0.058047862           0.46780586   0.00030240877       0.66687331       1.0036909        0.999482      0.99913122       70.310363      0.20795775       1.8885943        6.224478       10.111193       12.043282        14.843126       81.701387       320.79363       56.832221       33.627516       83.396329      0.13511992        0.16522005        0.45867602      0.22244732        0.73130523       2.0739957   2.1244471e-09       147.63846      0.82750603      0.28519841      0.80683381       10.244949       2808.3067       2.7311206       0.70999202         2.0211286       2828.1028                  27.10636                  397.1266                           2375.2743                      8.7994266               0.28422927              3.5306706                         6.4300496       9.5511806
              3       1416.7896       3.0560967      0.95727344       69.825882     0.022184991      0.11686792     0.058047862           0.46780586   0.00030240877       0.66687331       1.0036909      0.99950741      0.99927396       68.590179      0.21817013       1.9284131       6.4921952       10.209154       11.848311        14.420746       81.501608       313.87603       58.782014       35.298261       84.363015     0.080423197        0.12934161        0.48138798      0.20249722        0.66535273       2.0630031   2.1244471e-09       147.63846      0.82750603      0.28519841      0.80683381       10.244949       2807.2722       3.2554759          1.23759         2.0178858       2827.0683                  27.10636                  397.1266                           2374.2398                      8.7994266               0.28422927              3.5306706                         6.4300496       9.5511806
              1       1417.6061       3.0560967      0.95727344       69.825882     0.022184991      0.11686792     0.058047862           0.46780586   0.00030240877       0.66687331       1.0036909      0.99921208      0.99945419       68.493204      0.25741777       1.2493889       6.4291004       10.420882       11.997819        13.897869       80.669384       316.90442       54.250373       32.156799       90.455954      0.09524375        0.12560649        0.43860161      0.17771635        0.62554492        2.078321   2.1244471e-09       147.63846      0.82750603      0.28519841      0.80683381       10.244949        2806.264       4.5760009        2.4946211         2.0813798       2826.0601                  27.10636                  397.1266                           2373.2316                      8.7994266               0.28422927              3.5306706                         6.4300496       9.5511806
              2       1416.5251       3.0560967      0.95727344       69.825882     0.022184991      0.11686792     0.058047862           0.46780586   0.00030240877       0.66687331       1.0036909      0.99909196      0.99925663       68.051515      0.35875992       1.0086474       7.1885883       9.5541061       10.490407        12.747215       78.126695       308.02514       53.346967       33.612001       90.347512     0.032353509        0.15506536        0.42809761      0.26339617        0.64577294       2.1258654   2.1244471e-09       147.63846      0.82750603      0.28519841      0.80683381       10.244949       2799.9967       6.6286841        4.5840993         2.0445848       2819.7928                  27.10636                  397.1266                           2366.9643                      8.7994266               0.28422927              3.5306706                         6.4300496       9.5511806
              1       1417.5954       3.0560967      0.95727344       69.825882     0.022184991      0.11686792     0.058047862           0.46780586   0.00030240877       0.66687331       1.0031331      0.99894469      0.99890653       67.348716      0.38526017       1.2924582       6.8972195       10.055622       9.6498263        12.722776       78.492488       310.80874        52.65849       32.609765       89.574211     0.082069155        0.18336205        0.43711792      0.26313785        0.59474485       1.8557781   2.1244471e-09       147.63846      0.82750603      0.28519841      0.80683381       10.244949       2804.9369       5.2288451         3.195402         2.0334431        2824.733                   27.2253                 397.13172                           2371.6929                      8.8869321               0.28422927              3.5306706                         6.4300496       9.5511806
              1       1418.9862       3.0560967      0.95727344       69.825882     0.022184991      0.11686792     0.058047862           0.46780586   0.00030240877       0.66687331       1.0031331      0.99890799      0.99888871       67.533422      0.35348905       1.3527308       7.0144911       9.9800783       9.8615258         12.11181       78.180093       316.20243       52.141744       33.170174       89.495125     0.099018194        0.18708834         0.4132014      0.27597561        0.56444162       1.8315173   2.1244471e-09       147.63846      0.82750603      0.28519841      0.80683381       10.244949       2806.6372       5.7695556        3.7462753         2.0232803       2826.4334                   27.2253                 397.13172                           2373.3933                      8.8869321               0.28422927              3.5306706                         6.4300496       9.5511806
              2       1418.8499       3.0560967      0.95727344       69.825882     0.022184991      0.11686792     0.058047862           0.46780586   0.00030240877       0.66687331       1.0031941      0.99890799      0.99888871       67.533422      0.35348905       1.3527308       7.0144911       9.9800783       9.8615258         12.11181       78.180093       316.20243       52.141744       33.170174       89.495125     0.099018194        0.18708834         0.4132014      0.27597561        0.56444162       1.8315173   2.1244471e-09       147.63846      0.82750603      0.28519841      0.80683381       10.244949       2806.3029       5.8004277        3.7771474         2.0232803        2826.099                 27.212252                 397.13172                           2373.0824                      8.8765019               0.28422927              3.5306706                         6.4300496       9.5511806
              1       1416.9436       3.0560967      0.95727344       69.825882     0.022184991      0.11686792     0.058047862           0.46780586   0.00030240877       0.66687331       1.0031941      0.99891721      0.99898576       67.472169      0.35764892       1.2723338       7.2036603        9.973765       10.016105        12.115199        77.96301       315.32632       52.199216       33.579621       89.708101      0.12020988        0.17670625        0.42214668      0.27185594        0.57400815       1.8684367   2.1244471e-09       147.63846      0.82750603      0.28519841      0.80683381       10.244949       2804.0052       5.0429167        3.0215928         2.0213239       2823.8013                 27.212252                 397.13172                           2370.7847                      8.8765019               0.28422927              3.5306706                         6.4300496       9.5511806
              1        1418.345       3.0560967      0.95727344       69.825882     0.022184991      0.11686792     0.058047862           0.46780586   0.00030240877       0.66687331       1.0031941      0.99883875      0.99905567       67.921523       0.3640397       1.3135524       7.4934617       10.044166       10.026451        12.954755       78.898302       314.08932       53.185902       33.153266       89.927418      0.12382056        0.14517742        0.43279787      0.30619632         0.5788887       1.8474414   2.1244471e-09       147.63846      0.82750603      0.28519841      0.80683381       10.244949       2807.0035        4.945191        2.9271373         2.0180537       2826.7997                 27.212252                 397.13172                           2373.7831                      8.8765019               0.28422927              3.5306706                         6.4300496       9.5511806
              1       1417.9058       3.0560967      0.95727344       69.825882     0.022184991      0.11686792     0.058047862           0.46780586   0.00030240877       0.66687331       1.0031941         0.99865        0.999096       67.892753      0.38135563       1.3882914       7.5099513       9.8933724       9.8546947        12.989928       78.602637        314.5832       53.878973       33.285908       90.016255      0.11050201        0.14017083        0.43520861      0.27723372        0.58169094       1.8395127   2.1244471e-09       147.63846      0.82750603      0.28519841      0.80683381       10.244949       2805.7773       5.1191432        3.0986223         2.0205209       2825.5734                 27.212252                 397.13172                           2372.5568                      8.8765019               0.28422927              3.5306706                         6.4300496       9.5511806
              4       1417.9428       3.0560967      0.95727344       69.825882     0.022184991      0.11686792     0.058047862           0.46780586   0.00030240877       0.66687331       1.0031941      0.99864231      0.99910681       67.876255      0.38065779       1.3794524       7.5055611       9.9017354       9.8369577        12.974602       78.632917       314.43814       53.863225       33.291574       89.993394      0.10980408        0.14018468        0.43614487      0.27829542        0.58053495       1.8406519   2.1244471e-09       147.63846      0.82750603      0.28519841      0.80683381       10.244949       2805.6654       5.2120729         3.192009         2.0200639       2825.4615                 27.212252                 397.13172                           2372.4449                      8.8765019               0.28422927              3.5306706                         6.4300496       9.5511806
              1       1416.8737       3.0560967      0.95727344       69.825882     0.022184991      0.11686792     0.058047862           0.46780586   0.00030240877       0.66687331       1.0031941       0.9987565      0.99915793       67.857522      0.39143002       1.4267612       7.5102822       10.071394       9.6726639        13.080786       78.829818       309.68047       53.783053       33.434931       90.002225      0.10014456        0.15290255        0.43815988      0.26087055        0.60956286       1.8247961   2.1244471e-09       147.63846      0.82750603      0.28519841      0.80683381       10.244949       2804.3193        4.816021        2.7936976         2.0223235       2824.1154                 27.212252                 397.13172                           2371.0988                      8.8765019               0.28422927              3.5306706                         6.4300496       9.5511806
              4       1417.8508       3.0560967      0.95727344       69.825882     0.022184991      0.11686792     0.058047862           0.46780586   0.00030240877       0.66687331       1.0031941       0.9984869      0.99912281       67.638591      0.37197712      0.92520641       7.4970871       8.9258371       9.5387046        12.644847        79.65155       306.35458       53.477603       34.377146       89.236118     0.089260385        0.14361569        0.44780534       0.2793345        0.60125307       1.7152809   2.1244471e-09       147.63846      0.82750603      0.28519841      0.80683381       10.244949       2804.1862       5.8596064        3.8268837         2.0327226       2823.9824                 27.212252                 397.13172                           2370.9658                      8.8765019               0.28422927              3.5306706                         6.4300496       9.5511806
              1       1417.3985       3.0560967      0.95727344       69.825882     0.022184991      0.11686792     0.058047862           0.46780586   0.00030240877       0.66687331        1.003363      0.99847265      0.99912155       67.659866      0.36857332      0.95181736       7.5016739       8.9067863       9.5085897        12.817391        79.69177        305.3468       53.100962       34.214501       89.062025     0.089701971        0.14295388        0.45139432      0.27806525        0.61438027       1.7080647   2.1244471e-09       147.63846      0.82750603      0.28519841      0.80683381       10.244949       2803.3901       5.8053698        3.7752622         2.0301076       2823.1862                 27.176177                 397.14301                           2370.2222                      8.8487271               0.28422927              3.5306706                         6.4300496       9.5511806
              1       1417.6335       3.0560967      0.95727344       69.825882     0.022184991      0.11686792     0.058047862           0.46780586   0.00030240877       0.66687331        1.003363      0.99845146       0.9990682       67.766549      0.37843061       1.0389596       7.5104792       8.8455572       9.4981479        12.836228       79.966837       304.18587       53.611838       34.452485       88.774816       0.1001544        0.14320798        0.46154568      0.29433543         0.6235792       1.7466644   2.1244471e-09       147.63846      0.82750603      0.28519841      0.80683381       10.244949       2804.1511       5.6599048        3.6364067         2.0234981       2823.9472                 27.176177                 397.14301                           2370.9832                      8.8487271               0.28422927              3.5306706                         6.4300496       9.5511806
              2       1416.8579        3.055108      0.95725225       69.825882     0.022190182      0.11688049     0.058277728           0.46841137   0.00030385083       0.66732836        1.003363      0.99845146       0.9990682       67.766549      0.37843061       1.0389596       7.5104792       8.8455572       9.4981479        12.836228       79.966837       304.18587       53.611838       34.452485       88.774816       0.1001544        0.14320798        0.46154568      0.29433543         0.6235792       1.7466644   2.1223477e-09       147.62945      0.82711756      0.28523484      0.80650654       10.220544       2802.6242       5.6599048        3.6364067         2.0234981       2822.3959                 27.053516                 397.21815                            2369.626                      8.7265085               0.28283466              3.5259926                         6.4117167       9.5511806
              4       1420.2813        3.055108      0.95725225       69.825882     0.022190182      0.11688049     0.058277728           0.46841137   0.00030385083       0.66732836        1.003363      0.99853483      0.99867072       68.084782      0.37650341       1.3509579       7.8153544         8.06973       9.4704527        13.648521       80.085852       305.54215       52.836427       35.689043       87.854987     0.045229356        0.16391388        0.50119723      0.25239447        0.60045193       1.7400514   2.1223477e-09       147.62945      0.82711756      0.28523484      0.80650654       10.220544       2807.8363       6.4773107        4.4471254         2.0301853        2827.608                 27.053516                 397.21815                           2374.8381                      8.7265085               0.28283466              3.5259926                         6.4117167       9.5511806
              1       1419.6571        3.055108      0.95725225       69.825882     0.022190182      0.11688049     0.058277728           0.46841137   0.00030385083       0.66732836        1.003363      0.99846148      0.99864608       68.139724      0.36014399       1.3090966       7.8745194       8.1514286       9.6900442        13.631766       80.485101         309.637       53.263043       36.289154       87.349251     0.095181173        0.16487416        0.49826826      0.22042754        0.61734985       1.7494574   2.1223477e-09       147.62945      0.82711756      0.28523484      0.80650654       10.220544       2810.3785       4.5819957        2.5522209         2.0297747       2830.1502                 27.053516                 397.21815                           2377.3803                      8.7265085               0.28283466              3.5259926                         6.4117167       9.5511806
              2       1418.9963        3.055108      0.95725225       69.825882     0.022190182      0.11688049     0.058277728           0.46841137   0.00030385083       0.66732836        1.003363      0.99838429      0.99862158       68.175351      0.35888502       1.3964683       8.0913193       8.1287707       9.6783988        13.720237       80.382466       308.20718       53.378022       35.815788       87.070311     0.096389955        0.16476348        0.49206368      0.22153538        0.63656348       1.7947394   2.1223477e-09       147.62945      0.82711756      0.28523484      0.80650654       10.220544       2808.9725       4.6242374        2.5688128         2.0554246       2828.7442                 27.053516                 397.21815                           2375.9743                      8.7265085               0.28283466              3.5259926                         6.4117167       9.5511806
              1       1419.0143        3.055108      0.95725225       69.825882     0.022190182      0.11688049     0.058277728           0.46841137   0.00030385083       0.66732836        1.003363      0.99838681      0.99862287       68.183294      0.35980194       1.3941512       8.0940482         8.13407       9.6840639        13.728008       80.361137       308.14339       53.401151       35.803267       87.084272     0.096542447        0.16538982        0.49304992       0.2200367        0.63637174       1.7945546   2.1223477e-09       147.62945      0.82711756      0.28523484      0.80650654       10.220544       2808.9977       4.6296211        2.5742861         2.0553349       2828.7694                 27.053516                 397.21815                           2375.9995                      8.7265085               0.28283466              3.5259926                         6.4117167       9.5511806
              2       1422.0409        3.055108      0.95725225       69.825882     0.022190182      0.11688049     0.058277728           0.46841137   0.00030385083       0.66732836       1.0048291      0.99838681      0.99862287       68.183294      0.35980194       1.3941512       8.0940482         8.13407       9.6840639        13.728008       80.361137       308.14339       53.401151       35.803267       87.084272     0.096542447        0.16538982        0.49304992       0.2200367        0.63637174       1.7945546   2.1223477e-09       147.62945      0.82711756      0.28523484      0.80650654       10.220544       2813.1292       5.5904712        3.5351362         2.0553349       2832.9009                 26.746319                 397.17481                           2380.5781                      8.6299929               0.28283466              3.5259926                         6.4117167       9.5511806
              1       1420.8781        3.055108      0.95725225       69.825882     0.022190182      0.11688049     0.058277728           0.46841137   0.00030385083       0.66732836       1.0048291      0.99818354      0.99857154       68.372746      0.36413007       1.4715485       8.1205562         8.11109       9.8667741        13.855746       80.453676       312.54284       54.700182       35.936121       88.025584      0.10155824        0.14177941        0.51881014      0.26740807        0.64651935       1.7182749   2.1223477e-09       147.62945      0.82711756      0.28523484      0.80650654       10.220544        2809.526       6.2292585        4.1588915          2.070367       2829.2977                 26.746319                 397.17481                           2376.9749                      8.6299929               0.28283466              3.5259926                         6.4117167       9.5511806
              1       1421.3635        3.055108      0.95725225       69.825882     0.022190182      0.11688049     0.058277728           0.46841137   0.00030385083       0.66732836       1.0048291      0.99829033      0.99821299       66.853578      0.29849729       1.7717312       8.1820994        8.126566       10.192886        14.342544       79.325564       304.39603       54.767199        34.75179       89.217143     0.072180143        0.12016261        0.64184279      0.27561371        0.64959742       1.8789816   2.1223477e-09       147.62945      0.82711756      0.28523484      0.80650654       10.220544       2806.8607       8.0473161        5.9019379         2.1453782       2826.6324                 26.746319                 397.17481                           2374.3095                      8.6299929               0.28283466              3.5259926                         6.4117167       9.5511806
              2       1422.2915        3.055108      0.95725225       69.825882     0.022190182      0.11688049     0.058277728           0.46841137   0.00030385083       0.66732836       1.0048291      0.99836467      0.99786939       66.653226       0.3013478        2.204409       7.8280641       7.7085392       9.6106461        14.375906       78.887911       298.91452       55.379473       34.433903       88.570064       0.1068968        0.10269995        0.59383207      0.26070839        0.70129979       1.7622255   2.1223477e-09       147.62945      0.82711756      0.28523484      0.80650654       10.220544       2812.1851       6.3130922        4.1043489         2.2087433       2831.9569                 26.746319                 397.17481                            2379.634                      8.6299929               0.28283466              3.5259926                         6.4117167       9.5511806
              1       1425.1071        3.055108      0.95725225       69.825882     0.022190182      0.11688049     0.058277728           0.46841137   0.00030385083       0.66732836       1.0048291       0.9978044      0.99747747       67.392351      0.26631726       2.1683446       7.3268714       7.6683446       10.373568        13.304632       78.732097       284.05349       54.969863        34.57067       87.414777       0.1384338        0.18548596         0.6243819      0.24276519        0.66659818       1.7606487   2.1223477e-09       147.62945      0.82711756      0.28523484      0.80650654       10.220544       2809.9856       10.228471        8.1175765         2.1108949       2829.7573                 26.746319                 397.17481                           2377.4345                      8.6299929               0.28283466              3.5259926                         6.4117167       9.5511806
              2       1424.6073        3.055108      0.95725225       69.825882     0.022190182      0.11688049     0.058277728           0.46841137   0.00030385083       0.66732836       1.0048291      0.99781339      0.99754089        67.43558      0.26458952       2.1469044       7.3996402       7.5915961       10.361756        13.319211       78.650439       280.92676       54.939801       34.464156       87.371769      0.14095465        0.17997867        0.62855503      0.24913415        0.66525868       1.7461462   2.1223477e-09       147.62945      0.82711756      0.28523484      0.80650654       10.220544       2809.3118       10.065508         7.948991         2.1165169       2829.0835                 26.746319                 397.17481                           2376.7607                      8.6299929               0.28283466              3.5259926                         6.4117167       9.5511806
              5       1424.6378        3.055108      0.95725225       69.825882     0.022190182      0.11688049     0.058277728           0.46841137   0.00030385083       0.66732836       1.0048291      0.99783826      0.99754365       67.439248      0.27381296       2.1861578       7.4047521       7.6069761       10.402795        13.316226       78.614712       281.88275       55.108678       34.583426       87.371187      0.14209293        0.18135354        0.63141693      0.25150081         0.6615974       1.7296788   2.1223477e-09       147.62945      0.82711756      0.28523484      0.80650654       10.220544       2809.2801       10.111894        7.9850491         2.1268453       2829.0519                 26.746319                 397.17481                            2376.729                      8.6299929               0.28283466              3.5259926                         6.4117167       9.5511806
              2       1424.5519        3.055108      0.95725225       69.825882     0.022190182      0.11688049     0.058277728           0.46841137   0.00030385083       0.66732836       1.0048291      0.99778164       0.9974518       67.436996      0.29227815        2.156478       7.2203655       7.7300986       10.777133        13.477466       78.135254       281.79015       55.408389       34.093909       87.535952      0.13969547        0.12555081        0.61480705      0.24566625        0.67655669       1.7264645   2.1223477e-09       147.62945      0.82711756      0.28523484      0.80650654       10.220544       2811.3384       8.9968273        6.9031316         2.0936958       2831.1101                 26.746319                 397.17481                           2378.7872                      8.6299929               0.28283466              3.5259926                         6.4117167       9.5511806
              3       1423.7724        3.055108      0.95725225       69.825882     0.022190182      0.11688049     0.058277728           0.46841137   0.00030385083       0.66732836       1.0048291      0.99777376       0.9977433       67.576271      0.27882941       2.2950693       6.9388801       7.3734167       10.481072         14.12838       77.573526       277.56742       54.849014       33.893157       87.318889      0.13026576         0.1497793        0.58196896      0.27539371        0.64955856       1.7144061   2.1223477e-09       147.62945      0.82711756      0.28523484      0.80650654       10.220544       2810.3708       8.7011132        6.6149901         2.0861231       2830.1425                 26.746319                 397.17481                           2377.8197                      8.6299929               0.28283466              3.5259926                         6.4117167       9.5511806
              2       1420.5306        3.055108      0.95725225       69.825882     0.022190182      0.11688049     0.058277728           0.46841137   0.00030385083       0.66732836       1.0041774      0.99777376       0.9977433       67.576271      0.27882941       2.2950693       6.9388801       7.3734167       10.481072         14.12838       77.573526       277.56742       54.849014       33.893157       87.318889      0.13026576         0.1497793        0.58196896      0.27539371        0.64955856       1.7144061   2.1223477e-09       147.62945      0.82711756      0.28523484      0.80650654       10.220544       2804.8265       8.2315336        6.1454105         2.0861231       2824.5982                 26.882073                 397.20495                           2372.0815                      8.6579727               0.28283466              3.5259926                         6.4117167       9.5511806
              1       1419.6006        3.055108      0.95725225       69.825882     0.022190182      0.11688049     0.058277728           0.46841137   0.00030385083       0.66732836       1.0041774      0.99789361      0.99781082       67.772396      0.27363726       2.3638598       6.7718693       7.3943143       10.599651        14.005978       77.425931       276.88177       54.656339       33.298339       87.350564      0.13379901        0.12570339        0.58134253      0.19982068        0.60906698       1.6910286   2.1223477e-09       147.62945      0.82711756      0.28523484      0.80650654       10.220544       2804.7448       7.3423309        5.2630572         2.0792737       2824.5165                 26.882073                 397.20495                           2371.9998                      8.6579727               0.28283466              3.5259926                         6.4117167       9.5511806
              2       1422.6748        3.055108      0.95725225       69.825882     0.022190182      0.11688049     0.058277728           0.46841137   0.00030385083       0.66732836       1.0041774      0.99772314      0.99784699       67.606993      0.28970422       2.3588089        6.996114       7.4001786       10.473716        14.426934       77.643537       283.06616       54.464808       32.568352       85.571938      0.13057753        0.17107226        0.54953607      0.18385869        0.61692055       1.6380724   2.1223477e-09       147.62945      0.82711756      0.28523484      0.80650654       10.220544       2808.8398       8.3690368         6.261851         2.1071858       2828.6115                 26.882073                 397.20495                           2376.0948                      8.6579727               0.28283466              3.5259926                         6.4117167       9.5511806
              5       1421.5962        3.055108      0.95725225       69.825882     0.022190182      0.11688049     0.058277728           0.46841137   0.00030385083       0.66732836       1.0041774      0.99774404      0.99834845       66.331045      0.16518089       2.4603814        7.723783       7.4323868       11.064647        13.167553       77.527604       284.28633        51.89533       31.577412       86.063843      0.15115101        0.17518974        0.54523294      0.22432939        0.66634043       1.6169169   2.1223477e-09       147.62945      0.82711756      0.28523484      0.80650654       10.220544       2806.2188       8.6009217        6.3240765         2.2768452       2825.9905                 26.882073                 397.20495                           2373.4738                      8.6579727               0.28283466              3.5259926                         6.4117167       9.5511806
              1       1420.9015       3.0550166      0.95733402       69.825882     0.022197013      0.11696367     0.058068989           0.46648346   0.00030256898        0.6658249       1.0041774      0.99774473      0.99833748       66.361827      0.16913734        2.454848       7.7759129        7.386232       11.079503        13.172371       77.486109       284.68929        51.77098       31.540354       86.163826      0.15093361        0.17577179         0.5446267      0.22582445        0.66554516       1.6171003   2.1221539e-09       147.59907      0.82740741      0.28541945      0.80705022       10.146823       2804.8339       8.6355148        6.3481774         2.2873375       2824.5319                 26.839607                 397.12057                           2372.1913                      8.6824131                0.2783115              3.5109849                         6.3575269       9.5511806
              1       1419.6759       3.0550166      0.95733402       69.825882     0.022197013      0.11696367     0.058068989           0.46648346   0.00030256898        0.6658249       1.0041774      0.99786363      0.99850864       66.220854      0.22786421       2.9178338       8.0861987       7.1850947       10.668367        12.379986       77.911827       281.43873       52.068071       31.936692       85.384512      0.11740518        0.14184813        0.49116411      0.24669289        0.66391305       1.6992393   2.1221539e-09       147.59907      0.82740741      0.28541945      0.80705022       10.146823       2804.6677       7.4930232        4.8869565         2.6060667       2824.3657                 26.839607                 397.12057                           2372.0251                      8.6824131                0.2783115              3.5109849                         6.3575269       9.5511806
              2        1419.584       3.0550166      0.95733402       69.825882     0.022197013      0.11696367     0.058068989           0.46648346   0.00030256898        0.6658249       1.0041774      0.99783262      0.99851247       66.271985       0.2240515       2.9596249       8.1085895       7.0887835       10.714738        12.506126       77.752038        282.9833       52.003526       32.000575       85.353275       0.1178032        0.13439058        0.48158292      0.24325857        0.66495191       1.7054861   2.1221539e-09       147.59907      0.82740741      0.28541945      0.80705022       10.146823       2804.2957       7.5871409        4.9483532         2.6387878       2823.9937                 26.839607                 397.12057                           2371.6531                      8.6824131                0.2783115              3.5109849                         6.3575269       9.5511806
              2       1418.9301       3.0550166      0.95733402       69.825882     0.022197013      0.11696367     0.058068989           0.46648346   0.00030256898        0.6658249       1.0030323      0.99783262      0.99851247       66.271985       0.2240515       2.9596249       8.1085895       7.0887835       10.714738        12.506126       77.752038        282.9833       52.003526       32.000575       85.353275       0.1178032        0.13439058        0.48158292      0.24325857        0.66495191       1.7054861   2.1221539e-09       147.59907      0.82740741      0.28541945      0.80705022       10.146823       2804.3089       6.9266652        4.2878774         2.6387878       2824.0069                 27.080534                 397.14192                           2371.2861                      8.8002966                0.2783115              3.5109849                         6.3575269       9.5511806
              1       1418.9667       3.0550166      0.95733402       69.825882     0.022197013      0.11696367     0.058068989           0.46648346   0.00030256898        0.6658249       1.0030323      0.99799492      0.99853708       66.678072      0.19039989       2.9713585       7.9196149       6.7119091       10.941377        12.698743       77.263849       281.94221       52.628233       32.292108       85.997738      0.13906696        0.16577408         0.5311201      0.23290249        0.66903687       1.6601128   2.1221539e-09       147.59907      0.82740741      0.28541945      0.80705022       10.146823       2804.2076       7.0139129        4.4367546         2.5771582       2823.9056                 27.080534                 397.14192                           2371.1848                      8.8002966                0.2783115              3.5109849                         6.3575269       9.5511806
              1       1421.8401       3.0550166      0.95733402       69.825882     0.022197013      0.11696367     0.058068989           0.46648346   0.00030256898        0.6658249       1.0030323      0.99793358      0.99831516       67.658193      0.17784136       2.9908739        7.405153       6.5214705       10.708544        12.306083       76.454332       275.87095       51.343684        30.45423       84.837476     0.052654953        0.13368519        0.53189562      0.23096742        0.64438003       1.5097859   2.1221539e-09       147.59907      0.82740741      0.28541945      0.80705022       10.146823       2806.8321       8.5750853        6.1553642         2.4197212       2826.5301                 27.080534                 397.14192                           2373.8093                      8.8002966                0.2783115              3.5109849                         6.3575269       9.5511806
              3       1420.5535       3.0550166      0.95733402       69.825882     0.022197013      0.11696367     0.058068989           0.46648346   0.00030256898        0.6658249       1.0030323      0.99790654      0.99830505       67.753147      0.17334955       2.7465282        7.381733       6.2891425       10.725774        12.546364       76.785129       271.59582       50.076929       30.487312       84.903859     0.047486985        0.12431811        0.55318011      0.20126266        0.62615493       1.6125438   2.1221539e-09       147.59907      0.82740741      0.28541945      0.80705022       10.146823       2803.2984       9.0552447        6.7498612         2.3053834       2822.9964                 27.080534                 397.14192                           2370.2757                      8.8002966                0.2783115              3.5109849                         6.3575269       9.5511806
              2       1420.3317       3.0550166      0.95733402       69.825882     0.022197013      0.11696367     0.058068989           0.46648346   0.00030256898        0.6658249       1.0030323      0.99798626      0.99822671       67.136998      0.16112226        3.202322       7.0187181       6.5076566       10.768247        13.246577        77.51381       266.84965       49.436853       30.445591       83.017993     0.085078699        0.12862259        0.59108987      0.24720129        0.59371987        1.662979   2.1221539e-09       147.59907      0.82740741      0.28541945      0.80705022       10.146823       2804.8115        8.076931        5.6714661         2.4054649       2824.5095                 27.080534                 397.14192                           2371.7887                      8.8002966                0.2783115              3.5109849                         6.3575269       9.5511806
              4       1424.9215       3.0550166      0.95733402       69.825882     0.022197013      0.11696367     0.058068989           0.46648346   0.00030256898        0.6658249       1.0030323        0.998037      0.99790005       66.838753      0.17729136        3.951595       8.0284423       6.3721967       10.849371        13.024814       75.892135       256.21928       50.583556       28.697565       83.170722      0.13836596        0.11710701        0.57433875      0.21597909        0.68062601       1.5125985   2.1221539e-09       147.59907      0.82740741      0.28541945      0.80705022       10.146823       2814.8381       7.6534206        4.3285284         3.3248922       2834.5361                 27.080534                 397.14192                           2381.8153                      8.8002966                0.2783115              3.5109849                         6.3575269       9.5511806
              1       1424.8224       3.0550166      0.95733402       69.825882     0.022197013      0.11696367     0.058068989           0.46648346   0.00030256898        0.6658249       1.0030323      0.99800706      0.99791276        66.86491      0.17424742       3.8864627       8.0569702       6.3889955       10.866127        13.015659       75.849805       256.70555       50.495857       28.763196       83.188624      0.13781848         0.1133797        0.57678048      0.21634035        0.67735522       1.5066318   2.1221539e-09       147.59907      0.82740741      0.28541945      0.80705022       10.146823       2814.2965       7.8251115        4.5406946         3.2844169       2833.9945                 27.080534                 397.14192                           2381.2737                      8.8002966                0.2783115              3.5109849                         6.3575269       9.5511806
              1        1424.209       3.0550166      0.95733402       69.825882     0.022197013      0.11696367     0.058068989           0.46648346   0.00030256898        0.6658249       1.0030323      0.99809388       0.9977758       66.827905      0.18913357       3.6944323       7.8986399       6.5894616       10.566347        12.783851       75.405263       256.35423       50.740977         28.3039       83.355466      0.12701562        0.10189003        0.56571475      0.19857255        0.67139285        1.540752   2.1221539e-09       147.59907      0.82740741      0.28541945      0.80705022       10.146823       2814.3071       7.2064765        4.1570486         3.0494278       2834.0051                 27.080534                 397.14192                           2381.2843                      8.8002966                0.2783115              3.5109849                         6.3575269       9.5511806
              5        1423.114       3.0550166      0.95733402       69.825882     0.022197013      0.11696367     0.058068989           0.46648346   0.00030256898        0.6658249       1.0030323      0.99856165       0.9980224       66.774114      0.15499788        3.635168       8.1695694       6.5042505       9.9928198        11.954789       75.189571       259.45267       48.901863       27.398189       84.393335      0.14072894        0.16057065        0.59142343      0.27382843        0.64326549        1.445689   2.1221539e-09       147.59907      0.82740741      0.28541945      0.80705022       10.146823       2812.9539       6.7880212        3.6525401         3.1354811       2832.6519                 27.080534                 397.14192                           2379.9311                      8.8002966                0.2783115              3.5109849                         6.3575269       9.5511806
              2       1422.6444       3.0550166      0.95733402       69.825882     0.022197013      0.11696367     0.058068989           0.46648346   0.00030256898        0.6658249       1.0030323       0.9984022      0.99848101       67.136833      0.26668593       3.7486469       8.5553936       7.6494005       9.5857251        13.000329       75.297324       276.83685       48.551273       27.088887       85.084688      0.13757203        0.17367439        0.53662043       0.3203822         0.6825968       1.5316008   2.1221539e-09       147.59907      0.82740741      0.28541945      0.80705022       10.146823       2810.4914       7.5497066         4.113538         3.4361686       2830.1894                 27.080534                 397.14192                           2377.4686                      8.8002966                0.2783115              3.5109849                         6.3575269       9.5511806
              1        1423.299       3.0550166      0.95733402       69.825882     0.022197013      0.11696367     0.058068989           0.46648346   0.00030256898        0.6658249       1.0030323      0.99836002       0.9985363       67.125644      0.26275714       3.8073283       8.5563888       7.6787188       9.5904457        13.068802       75.394586        279.1464       48.649404       26.998186       85.146723      0.14164555         0.1705375        0.54162296      0.31516121        0.68666605       1.5338883   2.1221539e-09       147.59907      0.82740741      0.28541945      0.80705022       10.146823       2811.6004       7.6497583        4.1598141         3.4899441       2831.2984                 27.080534                 397.14192                           2378.5777                      8.8002966                0.2783115              3.5109849                         6.3575269       9.5511806
              1       1422.6614       3.0550166      0.95733402       69.825882     0.022197013      0.11696367     0.058068989           0.46648346   0.00030256898        0.6658249       1.0030323      0.99830219      0.99853386       67.170277      0.25940641       3.7941841       8.5837539        7.671277       9.4930394         13.05131       75.192892       278.99319       48.304452       26.836184       84.857046      0.12769378        0.15588126        0.53292014      0.30552649        0.69342547       1.5319699   2.1221539e-09       147.59907      0.82740741      0.28541945      0.80705022       10.146823       2811.1755       7.2246495        3.7310799         3.4935697       2830.8735                 27.080534                 397.14192                           2378.1528                      8.8002966                0.2783115              3.5109849                         6.3575269       9.5511806
              1       1422.8477       3.0550166      0.95733402       69.825882     0.022197013      0.11696367     0.058068989           0.46648346   0.00030256898        0.6658249       1.0030323      0.99829425      0.99859737       67.165296      0.25068715        3.803667       8.5714921       7.5404439       9.4207965        13.001342       75.169856       277.81026       48.507154        26.96776       85.045932      0.12435104        0.15020653        0.52973593      0.31302488        0.69269831        1.525177   2.1221539e-09       147.59907      0.82740741      0.28541945      0.80705022       10.146823       2811.1337       7.4318312         3.936594         3.4952372       2830.8317                 27.080534                 397.14192                           2378.1109                      8.8002966                0.2783115              3.5109849                         6.3575269       9.5511806
              4       1422.1399       3.0550166      0.95733402       69.825882     0.022197013      0.11696367     0.058068989           0.46648346   0.00030256898        0.6658249       1.0030323       0.9983193       0.9986388       67.022827      0.24330487       3.7483922       8.5625349       7.6103081       9.4594384        12.938033       74.760792       279.44711       48.443171       27.212311       84.962846      0.13011901         0.1455558          0.533053      0.30559481        0.67916352       1.5228411   2.1221539e-09       147.59907      0.82740741      0.28541945      0.80705022       10.146823        2810.277       7.1523906        3.7124388         3.4399519        2829.975                 27.080534                 397.14192                           2377.2543                      8.8002966                0.2783115              3.5109849                         6.3575269       9.5511806
              1       1422.1131       3.0550166      0.95733402       69.825882     0.022197013      0.11696367     0.058068989           0.46648346   0.00030256898        0.6658249       1.0030323      0.99832089      0.99863914       67.018117      0.24235273       3.7453554       8.5677527       7.6092841       9.4590267        12.934291       74.768233       279.45146       48.491537       27.232096       84.972969      0.13114103        0.14535878        0.53371042      0.30423682        0.67906114       1.5221751   2.1221539e-09       147.59907      0.82740741      0.28541945      0.80705022       10.146823       2810.2743       7.1269711        3.6868174         3.4401537       2829.9723                 27.080534                 397.14192                           2377.2516                      8.8002966                0.2783115              3.5109849                         6.3575269       9.5511806
              1       1421.5635       3.0550166      0.95733402       69.825882     0.022197013      0.11696367     0.058068989           0.46648346   0.00030256898        0.6658249       1.0030323      0.99827996      0.99861813       67.100353      0.22859478       3.7358005       8.6298956       7.5595173       9.5384362        13.012638       74.809824       281.83163       48.275641       27.240843       84.956814      0.12680987        0.15420315         0.5385119      0.30017332        0.69305563       1.5295785   2.1221539e-09       147.59907      0.82740741      0.28541945      0.80705022       10.146823       2808.7258       7.3516464        3.8850261         3.4666203       2828.4238                 27.080534                 397.14192                            2375.703                      8.8002966                0.2783115              3.5109849                         6.3575269       9.5511806
              3       1422.0919       3.0550166      0.95733402       69.825882     0.022197013      0.11696367     0.058068989           0.46648346   0.00030256898        0.6658249       1.0027034      0.99827996      0.99861813       67.100353      0.22859478       3.7358005       8.6298956       7.5595173       9.5384362        13.012638       74.809824       281.83163       48.275641       27.240843       84.956814      0.12680987        0.15420315         0.5385119      0.30017332        0.69305563       1.5295785   2.1221539e-09       147.59907      0.82740741      0.28541945      0.80705022       10.146823       2810.0843       7.2007656        3.7341454         3.4666203       2829.7823                 27.150457                 397.15353                           2376.9324                      8.8478844                0.2783115              3.5109849                         6.3575269       9.5511806
              1       1422.3684       3.0550166      0.95733402       69.825882     0.022197013      0.11696367     0.058068989           0.46648346   0.00030256898        0.6658249       1.0027034      0.99843778      0.99870766       66.830325      0.25452428       3.8244462       8.5794408       7.3128776       9.5860241         13.18923       74.525467       281.03646       48.751144       27.730925       84.352345      0.12732136        0.18686343        0.52833279      0.29234961        0.72407319       1.6141448   2.1221539e-09       147.59907      0.82740741      0.28541945      0.80705022       10.146823       2809.8493       7.5947644        4.0758263         3.5189381       2829.5473                 27.150457                 397.15353                           2376.6974                      8.8478844                0.2783115              3.5109849                         6.3575269       9.5511806
              3        1421.178       3.0550166      0.95733402       69.825882     0.022197013      0.11696367     0.058068989           0.46648346   0.00030256898        0.6658249       1.0027034      0.99866512      0.99851444       66.771683      0.25145806       3.4448139       9.0005444       7.4653017       9.3220683        13.451669       74.359883       285.66622       46.704272       28.694044        83.67298      0.14607662        0.12562169        0.46528157      0.27005355        0.71325959       1.6819225   2.1221539e-09       147.59907      0.82740741      0.28541945      0.80705022       10.146823       2813.4837       4.5872001        1.1739485         3.4132517       2833.1817                 27.150457                 397.15353                           2380.3318                      8.8478844                0.2783115              3.5109849                         6.3575269       9.5511806
              3       1419.3177       3.0550166      0.95733402       69.825882     0.022197013      0.11696367     0.058068989           0.46648346   0.00030256898        0.6658249       1.0030573      0.99872811      0.99851914       66.862572      0.23893206       3.4393159       9.0032727       7.3426214       9.6669365        13.415703        74.86327       284.06187       47.640412       28.700496       83.925768      0.11566838        0.11721807        0.43267753      0.28486857        0.68764871       1.5879273   2.1221539e-09       147.59907      0.82740741      0.28541945      0.80705022       10.146823       2809.2685       4.8344053        1.4245311         3.4098741       2828.9666                 27.075226                 397.14192                           2376.2545                       8.796927                0.2783115              3.5109849                         6.3575269       9.5511806
              3       1416.4746       3.0550166      0.95733402       69.825882     0.022197013      0.11696367     0.058068989           0.46648346   0.00030256898        0.6658249       1.0030573      0.99870609      0.99837593       66.716581      0.23680913        3.183159       8.7544349       6.5101554       9.7434136        12.813606       75.255813       275.11162       48.169932       28.465176       84.400969      0.10481568        0.13060725        0.52458315      0.25448447        0.66808958       1.5993087   2.1221539e-09       147.59907      0.82740741      0.28541945      0.80705022       10.146823       2803.7636       4.7437904        1.6762028         3.0675877       2823.4616                 27.075226                 397.14192                           2370.7496                       8.796927                0.2783115              3.5109849                         6.3575269       9.5511806
              1       1416.2735       3.0550166      0.95733402       69.825882     0.022197013      0.11696367     0.058068989           0.46648346   0.00030256898        0.6658249       1.0030573      0.99871897      0.99836505        66.67984      0.23091181        3.146548       8.7019357       6.5180632       9.8223706        12.770997       75.229107       275.67906        47.94638       28.275959       84.802519      0.10461782         0.1505921        0.53524164      0.25014797        0.66651221       1.5886232   2.1221539e-09       147.59907      0.82740741      0.28541945      0.80705022       10.146823       2803.1129       4.8680479        1.8534309          3.014617       2822.8109                 27.075226                 397.14192                           2370.0989                       8.796927                0.2783115              3.5109849                         6.3575269       9.5511806
              1       1416.2715       3.0550166      0.95733402       69.825882     0.022197013      0.11696367     0.058068989           0.46648346   0.00030256898        0.6658249       1.0030573      0.99871883      0.99836497       66.679524      0.23084476        3.146172       8.7016972        6.518662       9.8227343        12.770454       75.230327       275.67337       47.947882       28.275869       84.803253       0.1046554        0.15057406        0.53520427      0.25021513        0.66657079       1.5886925   2.1221539e-09       147.59907      0.82740741      0.28541945      0.80705022       10.146823       2803.1115        4.866782        1.8525604         3.0142216       2822.8095                 27.075226                 397.14192                           2370.0974                       8.796927                0.2783115              3.5109849                         6.3575269       9.5511806
              1       1416.3339       3.0550166      0.95733402       69.825882     0.022197013      0.11696367     0.058068989           0.46648346   0.00030256898        0.6658249       1.0030573      0.99872885      0.99837362       66.782982      0.23786988       3.1357533       8.6987576       6.5755476        9.818877        12.771872       75.440224       274.39193       48.217234       28.235298       84.783456     0.094904514        0.15779806        0.53959554      0.25569227        0.65000855       1.6047005   2.1221539e-09       147.59907      0.82740741      0.28541945      0.80705022       10.146823       2802.4996       5.2350694         2.230055         3.0050144       2822.1976                 27.075226                 397.14192                           2369.4855                       8.796927                0.2783115              3.5109849                         6.3575269       9.5511806
              1       1418.0775       3.0536178      0.95749481       69.825882     0.022164126      0.11657879     0.058425081           0.46821901   0.00030417966       0.66041241       1.0030573      0.99872885      0.99837362       66.782982      0.23786988       3.1357533       8.6987576       6.5755476        9.818877        12.771872       75.440224       274.39193       48.217234       28.235298       84.783456     0.094904514        0.15779806        0.53959554      0.25569227        0.65000855       1.6047005   2.1191874e-09       147.73934      0.82540611      0.28456262      0.80388879       10.490378       2805.6433       5.2350694         2.230055         3.0050144       2825.6849                 26.875324                 397.23476                           2372.9348                       8.598476                0.2994825              3.5802311                         6.6106646       9.5511806
              1       1416.3895       3.0393872       0.9577785       69.825882     0.022291143      0.11756315     0.050948857            0.4405165    0.0003093422       0.63450297       1.0030573      0.99872885      0.99837362       66.782982      0.23786988       3.1357533       8.6987576       6.5755476        9.818877        12.771872       75.440224       274.39193       48.217234       28.235298       84.783456     0.094904514        0.15779806        0.53959554      0.25569227        0.65000855       1.6047005   2.0892436e-09       147.32763      0.82285297      0.28684205      0.80460554       9.4818844       2803.2759       5.2350694         2.230055         3.0050144       2822.3089                 25.950609                 395.67845                           2372.9338                      8.7130164               0.23897543              3.3738936                         5.8690153       9.5511806
              1       1416.6821       3.0393872       0.9577785       69.825882     0.022291143      0.11756315     0.050948857            0.4405165    0.0003093422       0.63450297       1.0030573      0.99867898       0.9984188       66.922266      0.22971064       3.2076071       8.6392802        6.667381       9.8475377        12.681974       75.315823       274.43629       48.296688       28.276305       84.811593     0.090126071        0.15890825        0.54013196      0.24846129        0.65369084       1.6102498   2.0892436e-09       147.32763      0.82285297      0.28684205      0.80460554       9.4818844       2803.4057       5.4627397        2.4315612         3.0311785       2822.4387                 25.950609                 395.67845                           2373.0636                      8.7130164               0.23897543              3.3738936                         5.8690153       9.5511806
              1       1416.5494       3.0393872       0.9577785       69.825882     0.022291143      0.11756315     0.050948857            0.4405165    0.0003093422       0.63450297       1.0030573       0.9988207      0.99855633       66.924882        0.259631       3.2571786       8.9810308       7.2618659       9.4867028         13.05438        74.87791       264.29607       47.776784       27.617089       85.307738      0.12070418        0.16155934        0.55450964      0.24387568        0.68974616       1.6292989   2.0892436e-09       147.32763      0.82285297      0.28684205      0.80460554       9.4818844       2804.3578       4.8540013        1.6131331         3.2408681       2823.3908                 25.950609                 395.67845                           2374.0157                      8.7130164               0.23897543              3.3738936                         5.8690153       9.5511806
              3       1415.3374       3.0393872       0.9577785       69.825882     0.022291143      0.11756315     0.050948857            0.4405165    0.0003093422       0.63450297       1.0030573      0.99917796      0.99840588       68.424781      0.21947999       3.3977445        9.182905        7.298251        9.577936        12.159814       73.733955       271.08335       45.249567       29.950995       88.281738      0.18072415        0.14648365        0.57144468      0.19705654        0.72024382       1.8330817   2.0892436e-09       147.32763      0.82285297      0.28684205      0.80460554       9.4818844       2802.3666       4.6375313        1.1640253          3.473506       2821.3997                 25.950609                 395.67845                           2372.0245                      8.7130164               0.23897543              3.3738936                         5.8690153       9.5511806
              1       1416.4097       3.0393872       0.9577785       69.825882     0.022291143      0.11756315     0.050948857            0.4405165    0.0003093422       0.63450297       1.0030573        0.999406      0.99830644       68.040457      0.27634791       3.2639098       9.2936185       7.2047831       9.9238293         13.09457       73.373801       264.79379       44.001542       29.818468       88.429348      0.12400972       0.078873663        0.55732892      0.17763276        0.73195375       1.9220776   2.0892436e-09       147.32763      0.82285297      0.28684205      0.80460554       9.4818844       2805.7293       4.0285705        0.6132978         3.4152727       2824.7623                 25.950609                 395.67845                           2375.3872                      8.7130164               0.23897543              3.3738936                         5.8690153       9.5511806
              1       1414.9867       3.0393872       0.9577785       69.825882     0.022291143      0.11756315     0.050948857            0.4405165    0.0003093422       0.63450297       1.0030573      0.99967759      0.99852245        67.77209      0.27071968       3.0769802       9.0106847       7.3012302       9.7932077        13.918136        73.54854       289.57472       48.702728       28.463347       90.427033      0.11602235       0.097935028        0.47985118      0.15974255        0.76132977       2.1433884   2.0892436e-09       147.32763      0.82285297      0.28684205      0.80460554       9.4818844       2805.5467       2.6968281      -0.41289227         3.1097204       2824.5797                 25.950609                 395.67845                           2375.2046                      8.7130164               0.23897543              3.3738936                         5.8690153       9.5511806
              1        1415.104       3.0393872       0.9577785       69.825882     0.022291143      0.11756315     0.050948857            0.4405165    0.0003093422       0.63450297       1.0030573       0.9996592      0.99850797       67.770474      0.27485795       3.0812001       8.9362076       7.3618872       9.8198773        13.956727        73.67441       289.88049       48.650357       28.607691       90.307502      0.12190185       0.097102551        0.47024553      0.15620217        0.77016824       2.1400355   2.0892436e-09       147.32763      0.82285297      0.28684205      0.80460554       9.4818844       2805.7503        2.712367      -0.36424331         3.0766103       2824.7834                 25.950609                 395.67845                           2375.4082                      8.7130164               0.23897543              3.3738936                         5.8690153       9.5511806
              3       1414.7854       3.0393872       0.9577785       69.825882     0.022291143      0.11756315     0.050948857            0.4405165    0.0003093422       0.63450297       1.0028771       0.9996592      0.99850797       67.770474      0.27485795       3.0812001       8.9362076       7.3618872       9.8198773        13.956727        73.67441       289.88049       48.650357       28.607691       90.307502      0.12190185       0.097102551        0.47024553      0.15620217        0.77016824       2.1400355   2.0892436e-09       147.32763      0.82285297      0.28684205      0.80460554       9.4818844       2805.2841       2.6268233      -0.44978705         3.0766103       2824.3172                 25.985942                 395.67845                           2374.9191                       8.700669               0.23897543              3.3738936                         5.8690153       9.5511806
              1       1414.9073       3.0393872       0.9577785       69.825882     0.022291143      0.11756315     0.050948857            0.4405165    0.0003093422       0.63450297       1.0028771      0.99992972      0.99828642       67.796288      0.33034501       2.8172022       8.6128958        7.762132       10.028673        13.210349       75.136544       290.69057       49.365533       30.075468        84.96963      0.20216847        0.14533245        0.47017621      0.15284939        0.65558736       2.1360748   2.0892436e-09       147.32763      0.82285297      0.28684205      0.80460554       9.4818844       2805.5262       2.6277132       -0.1180285         2.7457417       2824.5592                 25.985942                 395.67845                           2375.1611                       8.700669               0.23897543              3.3738936                         5.8690153       9.5511806
              1       1415.0417       3.0393872       0.9577785       69.825882     0.022291143      0.11756315     0.050948857            0.4405165    0.0003093422       0.63450297       1.0028771      0.99992924      0.99828697       67.810209      0.33172111       2.8182998       8.6073718       7.7616085       10.022301        13.220116       75.133699       290.82011       49.322751       30.073855       84.972767      0.20402518        0.14604662        0.46860652      0.15211183        0.65683992        2.135947   2.0892436e-09       147.32763      0.82285297      0.28684205      0.80460554       9.4818844       2805.6249       2.7127341      -0.03149269         2.7442268       2824.6579                 25.985942                 395.67845                           2375.2598                       8.700669               0.23897543              3.3738936                         5.8690153       9.5511806
              3       1416.0158       3.0393872       0.9577785       69.825882     0.022291143      0.11756315     0.050948857            0.4405165    0.0003093422       0.63450297       1.0032773      0.99995725      0.99871304       67.413276      0.36941929       2.7261646       8.9239116       7.9613167       9.9698166        13.512282       76.269654       296.30944       49.859523        30.76637       85.790258      0.20890539        0.15068116        0.46645295      0.16188746        0.64537699       2.2456488   2.0892436e-09       147.32763      0.82285297      0.28684205      0.80460554       9.4818844       2805.7314       3.6336014       0.81982331         2.8137781       2824.7645                 25.907625                 395.68099                           2375.4122                      8.7305622               0.23897543              3.3738936                         5.8690153       9.5511806
              1       1415.0151       3.0393872       0.9577785       69.825882     0.022291143      0.11756315     0.050948857            0.4405165    0.0003093422       0.63450297       1.0032773      0.99968144      0.99853223       67.659071      0.40369738       2.3325242       8.8842056       8.6008735        9.226753        14.082589       77.354329       292.60305        50.21461       28.898687       84.040156      0.13322645       0.091837491        0.44360163      0.16488887        0.69671312       2.3759247   2.0892436e-09       147.32763      0.82285297      0.28684205      0.80460554       9.4818844       2806.9292       2.0339177      -0.52313199         2.5570496       2825.9623                 25.907625                 395.68099                             2376.61                      8.7305622               0.23897543              3.3738936                         5.8690153       9.5511806
              1       1415.0982       3.0393872       0.9577785       69.825882     0.022291143      0.11756315     0.050948857            0.4405165    0.0003093422       0.63450297       1.0032773      0.99941809      0.99874561       67.982849      0.36324619       2.3538386       9.0067255       8.7977523       8.5310072        13.678518       77.684601       281.52499       48.218436       28.725351       84.371716      0.13616379        0.13662682        0.40920115      0.22916506        0.62043736       2.3370393   2.0892436e-09       147.32763      0.82285297      0.28684205      0.80460554       9.4818844       2805.5541       2.8046208       0.19197778         2.6126431       2824.5872                 25.907625                 395.68099                           2375.2349                      8.7305622               0.23897543              3.3738936                         5.8690153       9.5511806
              1       1417.6888       3.0393872       0.9577785       69.825882     0.022291143      0.11756315     0.050948857            0.4405165    0.0003093422       0.63450297       1.0032773      0.99948849      0.99858879        68.44466      0.39933241        2.251676       8.6964344       8.5302136        9.176883        13.923059       77.662379       279.47482       49.718617       27.608752       83.131743      0.17724376        0.15570727        0.40035391      0.22186798        0.64051075       2.3446681   2.0892436e-09       147.32763      0.82285297      0.28684205      0.80460554       9.4818844       2810.8498       2.7473645       0.29453313         2.4528314       2829.8828                 25.907625                 395.68099                           2380.5306                      8.7305622               0.23897543              3.3738936                         5.8690153       9.5511806
              1       1415.4814       3.0393872       0.9577785       69.825882     0.022291143      0.11756315     0.050948857            0.4405165    0.0003093422       0.63450297       1.0024598      0.99948849      0.99858879        68.44466      0.39933241        2.251676       8.6964344       8.5302136        9.176883        13.923059       77.662379       279.47482       49.718617       27.608752       83.131743      0.17724376        0.15570727        0.40035391      0.22186798        0.64051075       2.3446681   2.0892436e-09       147.32763      0.82285297      0.28684205      0.80460554       9.4818844       2807.1854       2.3721473     -0.080684075         2.4528314       2826.2184                 26.068264                 395.68241                           2376.7556                      8.6790794               0.23897543              3.3738936                         5.8690153       9.5511806
              1       1415.7367       3.0393872       0.9577785       69.825882     0.022291143      0.11756315     0.050948857            0.4405165    0.0003093422       0.63450297       1.0024598       0.9994424      0.99852229       68.342667      0.41495936       2.2463552       8.7570074        8.263583       9.1219659        13.964357       77.347373       277.71909       49.673456       27.873591       83.163713       0.1670442        0.17804772        0.36996756      0.22534352        0.63419933       2.2697346   2.0892436e-09       147.32763      0.82285297      0.28684205      0.80460554       9.4818844       2806.3456        3.047391       0.57821782         2.4691732       2825.3787                 26.068264                 395.68241                           2375.9158                      8.6790794               0.23897543              3.3738936                         5.8690153       9.5511806
              2       1415.5073       3.0393872       0.9577785       69.825882     0.022291143      0.11756315     0.050948857            0.4405165    0.0003093422       0.63450297       1.0021078       0.9994424      0.99852229       68.342667      0.41495936       2.2463552       8.7570074        8.263583       9.1219659        13.964357       77.347373       277.71909       49.673456       27.873591       83.163713       0.1670442        0.17804772        0.36996756      0.22534352        0.63419933       2.2697346   2.0892436e-09       147.32763      0.82285297      0.28684205      0.80460554       9.4818844       2806.1439        2.918791       0.44961783         2.4691732       2825.1769                 26.138161                  395.6883                           2375.6489                      8.6685016               0.23897543              3.3738936                         5.8690153       9.5511806
              2       1415.5034       3.0393872       0.9577785       69.825882     0.022291143      0.11756315     0.050948857            0.4405165    0.0003093422       0.63450297       1.0021078      0.99941974      0.99858702       68.463102      0.37745402       2.3161781        8.874758       8.3635616       9.0346088        13.907437         76.9881       270.65597       50.298441       27.742827       82.809204      0.16020945        0.17527768          0.337995      0.23427207        0.65046553       2.2971646   2.0892436e-09       147.32763      0.82285297      0.28684205      0.80460554       9.4818844       2805.3366       3.3186246       0.77383152         2.5447931       2824.3696                 26.138161                  395.6883                           2374.8416                      8.6685016               0.23897543              3.3738936                         5.8690153       9.5511806
              1       1417.8781       3.0393872       0.9577785       69.825882     0.022291143      0.11756315     0.050948857            0.4405165    0.0003093422       0.63450297       1.0021078      0.99980016      0.99841746       69.286833      0.18526623       1.5997236       9.4987298       7.9278987       8.1725237        15.076215       76.970964       300.79792       55.104495       27.236492       82.444326      0.14263901        0.15619299          0.358315      0.24432555         0.5992596       2.0610674   2.0892436e-09       147.32763      0.82285297      0.28684205      0.80460554       9.4818844        2812.505       2.1090502      -0.27210258         2.3811528        2831.538                 26.138161                  395.6883                             2382.01                      8.6685016               0.23897543              3.3738936                         5.8690153       9.5511806
              3        1422.374       3.0393872       0.9577785       69.825882     0.022291143      0.11756315     0.050948857            0.4405165    0.0003093422       0.63450297       1.0021078      0.99969032       0.9983989       69.057261      0.13630871       1.7851902       9.6779843       7.9894025       9.1428588        15.339913       77.053434       304.23897       54.662311       27.431579       79.971193     0.081490451         0.1437171         0.3525741      0.19627914        0.57785725       2.1114223   2.0892436e-09       147.32763      0.82285297      0.28684205      0.80460554       9.4818844       2820.7093       2.5028655     -0.026180199         2.5290457       2839.7423                 26.138161                  395.6883                           2390.2143                      8.6685016               0.23897543              3.3738936                         5.8690153       9.5511806
              1       1425.0095       3.0393872       0.9577785       69.825882     0.022291143      0.11756315     0.050948857            0.4405165    0.0003093422       0.63450297       1.0021078      0.99976255      0.99877181       69.273295      0.14903162       1.8979332       9.7562488       8.0436158       9.2483458        16.142505       77.978455       307.04303       55.460393       27.962964       80.017955     0.093980951        0.15498468        0.35838262      0.19718854        0.57680652        2.079253   2.0892436e-09       147.32763      0.82285297      0.28684205      0.80460554       9.4818844       2825.7428       2.6215743     0.0016086851         2.6199656       2844.7758                 26.138161                  395.6883                           2395.2478                      8.6685016               0.23897543              3.3738936                         5.8690153       9.5511806
              1        1423.981       3.0393872       0.9577785       69.825882     0.022291143      0.11756315     0.050948857            0.4405165    0.0003093422       0.63450297       1.0021078       0.9995941      0.99893904       69.604191      0.18079031       2.1980794       9.8631489       8.4510794       9.4325621        14.924039       77.152559       305.78801       54.596943       29.779782       80.331019      0.10663587        0.15779656        0.29648685      0.16297573        0.61786623       2.0041928   2.0892436e-09       147.32763      0.82285297      0.28684205      0.80460554       9.4818844       2821.0047       3.9621649        1.1082258         2.8539391       2840.0377                 26.138161                  395.6883                           2390.5097                      8.6685016               0.23897543              3.3738936                         5.8690153       9.5511806
              1       1418.8467       3.0393872       0.9577785       69.825882     0.022291143      0.11756315     0.050948857            0.4405165    0.0003093422       0.63450297       1.0021078      0.99957885      0.99920031       70.259836      0.25302293       2.4171646        9.768519       8.3765139       10.250831        15.043504       76.315956       293.81159       52.020055       28.373768       80.305005       0.0869918         0.1345941        0.29411389      0.28513518        0.57165538       2.0047139   2.0892436e-09       147.32763      0.82285297      0.28684205      0.80460554       9.4818844       2807.3303       5.6650013        2.6970977         2.9679036       2826.3633                 26.138161                  395.6883                           2376.8353                      8.6685016               0.23897543              3.3738936                         5.8690153       9.5511806
              1       1418.8552       3.0393872       0.9577785       69.825882     0.022291143      0.11756315     0.050948857            0.4405165    0.0003093422       0.63450297       1.0021078      0.99957846      0.99920223       70.258355       0.2530423       2.4158404       9.7692931       8.3759458       10.251175        15.039198       76.312081       293.84764       52.026078       28.374499       80.304817     0.086933263        0.13453763        0.29424965      0.28531131        0.57174873       2.0055962   2.0892436e-09       147.32763      0.82285297      0.28684205      0.80460554       9.4818844       2807.3358       5.6707345        2.7034487         2.9672858       2826.3689                 26.138161                  395.6883                           2376.8408                      8.6685016               0.23897543              3.3738936                         5.8690153       9.5511806
              1       1416.9067       3.0393872       0.9577785       69.825882     0.022291143      0.11756315     0.050948857            0.4405165    0.0003093422       0.63450297       1.0021078      0.99974243      0.99917468       69.512097      0.27426059       2.3024586       9.3792844       8.2150821       9.8011115        14.657048       76.844122        295.1131       52.349527       28.577886       79.992312      0.10259497        0.12882288        0.29525539      0.23691192        0.55857652       1.8959188   2.0892436e-09       147.32763      0.82285297      0.28684205      0.80460554       9.4818844       2805.5283        4.625993        1.9030798         2.7229132       2824.5613                 26.138161                  395.6883                           2375.0333                      8.6685016               0.23897543              3.3738936                         5.8690153       9.5511806
              1       1416.8729       3.0393872       0.9577785       69.825882     0.022291143      0.11756315     0.050948857            0.4405165    0.0003093422       0.63450297       1.0021078      0.99973889      0.99918047        69.53193      0.27368189       2.3034147       9.3918427       8.1895406        9.806263        14.656646       76.890348       294.80339       52.357733       28.578157       79.960869     0.099861528        0.12686972        0.29569494      0.23521991        0.56013075       1.8920162   2.0892436e-09       147.32763      0.82285297      0.28684205      0.80460554       9.4818844       2805.4026        4.655117        1.9266151         2.7285019       2824.4356                 26.138161                  395.6883                           2374.9076                      8.6685016               0.23897543              3.3738936                         5.8690153       9.5511806
              2       1414.0268       3.0393872       0.9577785       69.825882     0.022291143      0.11756315     0.050948857            0.4405165    0.0003093422       0.63450297       1.0021078       1.0001151      0.99870007        70.62231      0.30402473       2.4598734       8.2857843        8.255526       10.464183        14.941533       76.686247       306.92266       49.309312       27.753182       79.347732     0.079202737        0.13286142        0.41912725      0.19361135        0.58504161       1.7967067   2.0892436e-09       147.32763      0.82285297      0.28684205      0.80460554       9.4818844       2805.9316       1.5445017      -0.88454956         2.4290512       2824.9647                 26.138161                  395.6883                           2375.4366                      8.6685016               0.23897543              3.3738936                         5.8690153       9.5511806
              2       1413.9065       3.0393872       0.9577785       69.825882     0.022291143      0.11756315     0.050948857            0.4405165    0.0003093422       0.63450297       1.0021078       1.0001126      0.99869658       70.618601      0.30258165       2.4595572       8.2942705       8.2728974       10.482342        14.913129       76.709016       306.75995       49.287688       27.731906       79.329575     0.080880333        0.13222799        0.41910213      0.19429063        0.58417229       1.7933307   2.0892436e-09       147.32763      0.82285297      0.28684205      0.80460554       9.4818844       2805.7696       1.5051211      -0.92634687          2.431468       2824.8027                 26.138161                  395.6883                           2375.2747                      8.6685016               0.23897543              3.3738936                         5.8690153       9.5511806
              1       1414.6529       3.0393872       0.9577785       69.825882     0.022291143      0.11756315     0.050948857            0.4405165    0.0003093422       0.63450297       1.0021078       1.0000915      0.99869196        70.73061      0.31617637       2.6077715       8.4606068       8.3185245       10.402716        14.848259       76.233869       305.06838       48.826472        27.76027       78.452254      0.10424657        0.12920785        0.40605093      0.15862291        0.59029999       1.8220186   2.0892436e-09       147.32763      0.82285297      0.28684205      0.80460554       9.4818844       2807.5571       1.3578509       -1.2050303         2.5628812       2826.5901                 26.138161                  395.6883                           2377.0621                      8.6685016               0.23897543              3.3738936                         5.8690153       9.5511806
              1       1415.0261       3.0393872       0.9577785       69.825882     0.022291143      0.11756315     0.050948857            0.4405165    0.0003093422       0.63450297       1.0021078       1.0000846      0.99869662        70.96163      0.30635215       2.4759491       8.3410785       8.2861992        10.25338        14.743278       75.514413       303.51689       49.156636       27.122549       78.682709       0.1032848        0.11650278        0.39514492      0.15171987        0.58384226       1.7918469   2.0892436e-09       147.32763      0.82285297      0.28684205      0.80460554       9.4818844        2807.738       1.6405732      -0.81334154         2.4539148       2826.7711                 26.138161                  395.6883                           2377.2431                      8.6685016               0.23897543              3.3738936                         5.8690153       9.5511806
              2       1414.9811       3.0393872       0.9577785       69.825882     0.022291143      0.11756315     0.050948857            0.4405165    0.0003093422       0.63450297       1.0021078       1.0000704      0.99859561       71.211131      0.31426606       2.5797954       8.3416722       8.0648631       10.083596        14.527039       75.811628       305.17388       48.688738       27.126248       79.103165      0.11350388        0.13442539        0.35520513      0.16763788        0.59652553        1.753776   2.0892436e-09       147.32763      0.82285297      0.28684205      0.80460554       9.4818844       2807.8057       1.5616744      -0.94571021         2.5073846       2826.8388                 26.138161                  395.6883                           2377.3108                      8.6685016               0.23897543              3.3738936                         5.8690153       9.5511806
              3       1414.9445       3.0393872       0.9577785       69.825882     0.022291143      0.11756315     0.050948857            0.4405165    0.0003093422       0.63450297       1.0021078      0.99998197      0.99849857       71.548592      0.26430396        2.504193       8.6178646       7.9820044       10.300367        15.275426        75.53169        310.0659       48.972746       27.235686       78.597545       0.1243745        0.12765728        0.39296213      0.19292619        0.62216988       1.7869865   2.0892436e-09       147.32763      0.82285297      0.28684205      0.80460554       9.4818844       2809.7265      0.56468911       -1.9952483         2.5599374       2828.7596                 26.138161                  395.6883                           2379.2315                      8.6685016               0.23897543              3.3738936                         5.8690153       9.5511806
              2       1415.9339       3.0393872       0.9577785       69.825882     0.022291143      0.11756315     0.050948857            0.4405165    0.0003093422       0.63450297       1.0021078      0.99987994      0.99853935       72.198075      0.25484185       2.1718818       8.5540559       8.4976073       10.308224        14.804246       75.232646       305.07768       48.398599       25.219923       76.584898     0.070392677         0.1297352         0.3815678      0.17239249        0.63756529       1.8054665   2.0892436e-09       147.32763      0.82285297      0.28684205      0.80460554       9.4818844        2809.693       1.5709286      -0.80196548         2.3728941        2828.726                 26.138161                  395.6883                            2379.198                      8.6685016               0.23897543              3.3738936                         5.8690153       9.5511806
              2       1416.5025       3.0393872       0.9577785       69.825882     0.022291143      0.11756315     0.050948857            0.4405165    0.0003093422       0.63450297       1.0021078       1.0002014       0.9986398       72.974762      0.20961268       2.5107916       8.1118295       8.1079434       10.186034        14.456484       75.657437       302.37414       45.303673       24.911592       76.406054      0.11646666        0.15733612        0.41997884      0.18047546        0.66661634       1.7376024   2.0892436e-09       147.32763      0.82285297      0.28684205      0.80460554       9.4818844       2812.7806      0.59565772       -1.8059012          2.401559       2831.8136                 26.138161                  395.6883                           2382.2856                      8.6685016               0.23897543              3.3738936                         5.8690153       9.5511806
              1        1416.498       3.0393872       0.9577785       69.825882     0.022291143      0.11756315     0.050948857            0.4405165    0.0003093422       0.63450297       1.0021078       1.0002016      0.99863768        72.97401      0.20892202       2.5084452       8.1110107       8.1079954       10.172502        14.444113       75.648567       302.39332       45.313717       24.884343       76.410787       0.1156831        0.15679319        0.42006335      0.18022037        0.66730006       1.7384586   2.0892436e-09       147.32763      0.82285297      0.28684205      0.80460554       9.4818844       2812.7871      0.58789868       -1.8123255         2.4002242       2831.8202                 26.138161                  395.6883                           2382.2922                      8.6685016               0.23897543              3.3738936                         5.8690153       9.5511806
              6       1417.1996       3.0393872       0.9577785       69.825882     0.022291143      0.11756315     0.050948857            0.4405165    0.0003093422       0.63450297       1.0021078       1.0002031      0.99872237       72.307677      0.22310245       2.4029048       7.7300313       7.7850993       10.201022        14.940511       76.024602       303.08498       44.983233       24.413453        76.02369       0.1050374        0.11810201         0.3983308      0.16142931        0.63431835       1.7734356   2.0892436e-09       147.32763      0.82285297      0.28684205      0.80460554       9.4818844       2813.6736      0.84620177       -1.4104764         2.2566782       2832.7067                 26.138161                  395.6883                           2383.1787                      8.6685016               0.23897543              3.3738936                         5.8690153       9.5511806
              3       1417.1817       3.0393872       0.9577785       69.825882     0.022291143      0.11756315     0.050948857            0.4405165    0.0003093422       0.63450297       1.0021078       1.0002005      0.99872066       72.289437       0.2222453       2.4073135       7.7349941       7.7648858       10.203758        14.931855       76.026912        302.8194       45.024029       24.412595       76.009164      0.10807711        0.11885983        0.39684119       0.1603484        0.63337647       1.7724314   2.0892436e-09       147.32763      0.82285297      0.28684205      0.80460554       9.4818844        2813.666      0.83214159       -1.4273147         2.2594563        2832.699                 26.138161                  395.6883                            2383.171                      8.6685016               0.23897543              3.3738936                         5.8690153       9.5511806
              1       1414.7823       3.0401674      0.95778246       69.825882     0.022298578      0.11746897     0.051137017           0.44236869   0.00031005856       0.63560607       1.0021078       1.0000606      0.99866054       72.336397      0.24657786       2.4614697       7.8108253       7.1571478       10.986699        15.322417       76.185637       303.51521       45.584625       23.506496       77.404125      0.14285476        0.11835866        0.50448839      0.18002926        0.61095172        2.034815   2.0908744e-09       147.34476      0.82272284       0.2866641      0.80422872       9.5121302        2809.044      0.72861655       -1.5699785         2.2985951       2828.1073                 26.225434                 395.71836                           2378.4547                      8.6454544               0.24115856              3.3814358                         5.8895359       9.5511806
              3       1415.0106       3.0401674      0.95778246       69.825882     0.022298578      0.11746897     0.051137017           0.44236869   0.00031005856       0.63560607       1.0021078      0.99986582      0.99859312       72.305496      0.21721369       2.3977633       8.2049451       7.1573121       11.092803        15.193722       75.029277       303.05175       48.291297       23.659585       76.783817     0.078834462        0.14384993         0.5204753      0.23094705        0.57094004       2.0012376   2.0908744e-09       147.34476      0.82272284       0.2866641      0.80422872       9.5121302       2806.6227       2.1675733      -0.20878544         2.3763588        2825.686                 26.225434                 395.71836                           2376.0334                      8.6454544               0.24115856              3.3814358                         5.8895359       9.5511806
              1        1414.947       3.0401674      0.95778246       69.825882     0.022298578      0.11746897     0.051137017           0.44236869   0.00031005856       0.63560607       1.0021078      0.99985846      0.99859487        72.35342      0.21264158       2.4292308       8.1603624       7.1315836        11.09433        15.143302       74.882623       303.11524       48.207924       23.702104       76.663756      0.07989434        0.14170195        0.52186254      0.23084526        0.57433168       2.0062376   2.0908744e-09       147.34476      0.82272284       0.2866641      0.80422872       9.5121302       2806.6137       2.1085096      -0.26947895         2.3779886        2825.677                 26.225434                 395.71836                           2376.0244                      8.6454544               0.24115856              3.3814358                         5.8895359       9.5511806
              1       1414.9709       3.0401674      0.95778246       69.825882     0.022298578      0.11746897     0.051137017           0.44236869   0.00031005856       0.63560607       1.0021078       1.0000227      0.99877184       72.516756      0.19815497       2.4225174       8.1813227       7.2227401       10.838797        15.279375       75.641433       304.31726       47.822394       23.786404       77.189294     0.071252445        0.14645536         0.4832171      0.23938866        0.57682497       1.9898611   2.0908744e-09       147.34476      0.82272284       0.2866641      0.80422872       9.5121302        2806.259       2.3097894      -0.07109705         2.3808864       2825.3223                 26.225434                 395.71836                           2375.6697                      8.6454544               0.24115856              3.3814358                         5.8895359       9.5511806
              1       1414.6305       3.0401674      0.95778246       69.825882     0.022298578      0.11746897     0.051137017           0.44236869   0.00031005856       0.63560607       1.0021078      0.99974444      0.99870608       72.796378      0.12183557       2.4580977       7.8451879       8.1149641       11.391351        14.315262       75.340838       305.44879       47.613189       24.445175       78.089976      0.11435904        0.17297669        0.42823902      0.23872343        0.55482836       2.0267957   2.0908744e-09       147.34476      0.82272284       0.2866641      0.80422872       9.5121302        2805.459       2.3693625       0.06348161         2.3058809       2824.5223                 26.225434                 395.71836                           2374.8697                      8.6454544               0.24115856              3.3814358                         5.8895359       9.5511806
              2       1414.6924       3.0401674      0.95778246       69.825882     0.022298578      0.11746897     0.051137017           0.44236869   0.00031005856       0.63560607       1.0021078      0.99976584       0.9987325       72.705646      0.11883778       2.5309499       7.9395122       8.1532193       11.562746        14.325736       75.348632       305.36826       47.632123       24.450668       78.104322      0.10249192        0.16737303        0.42694541      0.23279908        0.56126495       2.0232278   2.0908744e-09       147.34476      0.82272284       0.2866641      0.80422872       9.5121302       2805.6876       2.3169068     -0.044826268         2.3617331       2824.7509                 26.225434                 395.71836                           2375.0983                      8.6454544               0.24115856              3.3814358                         5.8895359       9.5511806
              2       1414.2545       3.0401674      0.95778246       69.825882     0.022298578      0.11746897     0.051137017           0.44236869   0.00031005856       0.63560607       1.0021078      0.99976691      0.99859536       72.702121     0.065768181       2.7107719       8.3600779       7.8221682       11.116165        13.837297       75.275882       317.07674       48.576825       25.215579       77.946642      0.13244197        0.14355073        0.43298775       0.2518967        0.64132275        2.054931   2.0908744e-09       147.34476      0.82272284       0.2866641      0.80422872       9.5121302       2807.5727       0.9365042       -1.6489805         2.5854847        2826.636                 26.225434                 395.71836                           2376.9834                      8.6454544               0.24115856              3.3814358                         5.8895359       9.5511806
              2       1415.6095       3.0401674      0.95778246       69.825882     0.022298578      0.11746897     0.051137017           0.44236869   0.00031005856       0.63560607       1.0021078      0.99977244      0.99867342       72.694606     0.069824987       2.6429982       8.3918236       7.7447317       11.265734        13.705848       75.475011        315.7704         49.2381       25.292377       78.070157       0.1476587        0.13589355        0.43725673      0.26531671        0.64020793       2.0421824   2.0908744e-09       147.34476      0.82272284       0.2866641      0.80422872       9.5121302       2809.7321       1.2117492       -1.3468168          2.558566       2828.7954                 26.225434                 395.71836                           2379.1429                      8.6454544               0.24115856              3.3814358                         5.8895359       9.5511806
              3       1415.2444       3.0401674      0.95778246       69.825882     0.022298578      0.11746897     0.051137017           0.44236869   0.00031005856       0.63560607       1.0021078      0.99965007      0.99829734       72.348595     0.040046661       2.5861719       8.0871816       8.7038458       11.181854        14.376419       75.247406       314.10261       49.826499       24.916344       76.232448      0.16241822        0.17018458        0.47827886      0.23810566        0.62779006        2.118508   2.0908744e-09       147.34476      0.82272284       0.2866641      0.80422872       9.5121302       2808.7605       1.3324577        -1.097645         2.4301027       2827.8238                 26.225434                 395.71836                           2378.1713                      8.6454544               0.24115856              3.3814358                         5.8895359       9.5511806
              1       1415.1738       3.0401674      0.95778246       69.825882     0.022298578      0.11746897     0.051137017           0.44236869   0.00031005856       0.63560607       1.0021078      0.99961444      0.99830839       72.313441     0.042159263       2.5619544       7.9317976        8.661505       11.164811        14.378876       75.088034        313.6706       49.714983       24.972946       76.265111      0.15750008        0.17368743        0.48150354      0.24556601        0.62824146        2.117381   2.0908744e-09       147.34476      0.82272284       0.2866641      0.80422872       9.5121302       2808.4635       1.4104295      -0.96298686         2.3734164       2827.5268                 26.225434                 395.71836                           2377.8742                      8.6454544               0.24115856              3.3814358                         5.8895359       9.5511806
              1       1415.2602       3.0401674      0.95778246       69.825882     0.022298578      0.11746897     0.051137017           0.44236869   0.00031005856       0.63560607       1.0020352      0.99962951      0.99829103       72.312268     0.049131536       2.5297342       7.9707471       8.6191167       11.167404        14.410846       75.133527       313.03968       49.569366        24.91184       76.168429       0.1555027        0.17312396         0.4832535      0.24954095        0.62705097       2.1284981   2.0908744e-09       147.34476      0.82272284       0.2866641      0.80422872       9.5121302        2808.753       1.3520511       -1.0178299         2.3698811       2827.8163                 26.239989                   395.707                           2378.1603                      8.6457065               0.24115856              3.3814358                         5.8895359       9.5511806
              1       1418.4405       3.0401674      0.95778246       69.825882     0.022298578      0.11746897     0.051137017           0.44236869   0.00031005856       0.63560607       1.0020352      0.99956717      0.99795402       73.676823     0.084306301       2.3623479       7.8415652       8.0666244        10.84926         14.39234       74.853587       315.33862       52.895584       24.732203       75.398689      0.18225698        0.15255531        0.53394646      0.26738536        0.58175974       1.9661133   2.0908744e-09       147.34476      0.82272284       0.2866641      0.80422872       9.5121302       2813.3113       2.2531424     -0.014408734         2.2675512       2832.3746                 26.239989                   395.707                           2382.7186                      8.6457065               0.24115856              3.3814358                         5.8895359       9.5511806
              2       1417.8618       3.0401674      0.95778246       69.825882     0.022298578      0.11746897     0.051137017           0.44236869   0.00031005856       0.63560607       1.0020352      0.99955258      0.99803634       73.586915      0.10458908       2.5935222       7.9607345       8.1728599        10.75235        14.952689       74.947329       313.42394        53.51156       24.386191       75.172784      0.14943606        0.14740765        0.55000548      0.28889421        0.62391189       1.9228388   2.0908744e-09       147.34476      0.82272284       0.2866641      0.80422872       9.5121302       2813.5467       1.5568171      -0.83929104         2.3961081         2832.61                 26.239989                   395.707                            2382.954                      8.6457065               0.24115856              3.3814358                         5.8895359       9.5511806
              1       1417.8873       3.0401674      0.95778246       69.825882     0.022298578      0.11746897     0.051137017           0.44236869   0.00031005856       0.63560607       1.0020352      0.99958788      0.99796023       73.468735     0.069894696       2.5600321       7.6080115       8.1034758        10.97457         15.13379       74.629807       318.11242       52.977539       23.752664       75.372204      0.16917213        0.17162958        0.56198418      0.27890758        0.62746211       1.9604595   2.0908744e-09       147.34476      0.82272284       0.2866641      0.80422872       9.5121302       2812.1658       2.2727773     -0.014656431         2.2874338       2831.2291                 26.239989                   395.707                           2381.5731                      8.6457065               0.24115856              3.3814358                         5.8895359       9.5511806
              1         1416.64       3.0401674      0.95778246       69.825882     0.022298578      0.11746897     0.051137017           0.44236869   0.00031005856       0.63560607        1.002645      0.99958788      0.99796023       73.468735     0.069894696       2.5600321       7.6080115       8.1034758        10.97457         15.13379       74.629807       318.11242       52.977539       23.752664       75.372204      0.16917213        0.17162958        0.56198418      0.27890758        0.62746211       1.9604595   2.0908744e-09       147.34476      0.82272284       0.2866641      0.80422872       9.5121302       2809.2145       2.5010818       0.21364806         2.2874338       2828.2778                 26.118235                 395.71249                           2378.7309                      8.6528623               0.24115856              3.3814358                         5.8895359       9.5511806
              3       1416.1457       3.0401674      0.95778246       69.825882     0.022298578      0.11746897     0.051137017           0.44236869   0.00031005856       0.63560607        1.002645      0.99958682      0.99799203       73.712781     0.066560807        2.552166       7.5056607       8.1289157       11.019683        15.041118        74.50342       314.72534        52.32899       24.057549       75.437211      0.17896364        0.17079023        0.55240744       0.2676385        0.66137231       1.9649204   2.0908744e-09       147.34476      0.82272284       0.2866641      0.80422872       9.5121302       2808.7169       2.2555851    -0.0044350824         2.2600202       2827.7803                 26.118235                 395.71249                           2378.2334                      8.6528623               0.24115856              3.3814358                         5.8895359       9.5511806
              2       1416.5486       3.0401674      0.95778246       69.825882     0.022298578      0.11746897     0.051137017           0.44236869   0.00031005856       0.63560607        1.002645      0.99943585      0.99809682       73.969352     0.071096292       2.8752186        7.616825       8.4227474       10.677812        15.115188       75.282165       320.17394       51.154512       23.923221       75.889548      0.18520898        0.17704543        0.57402195      0.23004375        0.64716655       1.9987676   2.0908744e-09       147.34476      0.82272284       0.2866641      0.80422872       9.5121302       2808.0671       2.9833898       0.55567021         2.4277196       2827.1305                 26.118235                 395.71249                           2377.5836                      8.6528623               0.24115856              3.3814358                         5.8895359       9.5511806
              2       1418.0103       3.0401674      0.95778246       69.825882     0.022298578      0.11746897     0.051137017           0.44236869   0.00031005856       0.63560607        1.002645      0.99958668       0.9981717       73.788778    0.0028690388       2.8893064        7.442366       8.6779735       10.089491        16.059029       74.306513       311.64152       51.488185       23.217458       76.744174      0.13436946        0.18499191        0.51670601      0.26201466        0.60531124       2.0053667   2.0908744e-09       147.34476      0.82272284       0.2866641      0.80422872       9.5121302        2812.696       2.1306118      -0.25252456         2.3831364       2831.7593                 26.118235                 395.71249                           2382.2124                      8.6528623               0.24115856              3.3814358                         5.8895359       9.5511806
              4       1418.3355       3.0401674      0.95778246       69.825882     0.022298578      0.11746897     0.051137017           0.44236869   0.00031005856       0.63560607        1.002645      0.99959711      0.99814827       73.752935     0.009248721       2.7955431       7.3933765       8.7356249        10.09788        16.024478       74.279914       310.98256       51.412888       23.271142       76.885649      0.13433962         0.1912832        0.52536732      0.26782322        0.59730413       1.9991835   2.0908744e-09       147.34476      0.82272284       0.2866641      0.80422872       9.5121302       2812.4859       2.5608802       0.23226733         2.3286129       2831.5492                 26.118235                 395.71249                           2382.0023                      8.6528623               0.24115856              3.3814358                         5.8895359       9.5511806
              1       1419.4503       3.0401674      0.95778246       69.825882     0.022298578      0.11746897     0.051137017           0.44236869   0.00031005856       0.63560607        1.002645      0.99947154      0.99870307       73.798857     0.050294231       2.9772814       6.7204416       8.9603061       9.8384881        14.031992       72.028201       319.21915       53.031791       23.649039       80.317289     0.040244973         0.1432206        0.54998294      0.32824143        0.72758337       1.8848922   2.0908744e-09       147.34476      0.82272284       0.2866641      0.80422872       9.5121302       2809.2866       5.2752929         3.039041          2.236252       2828.3499                 26.118235                 395.71249                           2378.8031                      8.6528623               0.24115856              3.3814358                         5.8895359       9.5511806
              5       1418.6937       3.0401674      0.95778246       69.825882     0.022298578      0.11746897     0.051137017           0.44236869   0.00031005856       0.63560607        1.002645       0.9995341       0.9988424       74.175408     0.039226017       2.6874127       6.8286781       8.9637446       9.6997104        14.052989       72.289729       323.40665        53.12676       23.065528       80.529154     0.049222353        0.17175002        0.51742956       0.2966458        0.64872847       1.9133881   2.0908744e-09       147.34476      0.82272284       0.2866641      0.80422872       9.5121302       2809.0979       4.6131232        2.4482314         2.1648918       2828.1612                 26.118235                 395.71249                           2378.6143                      8.6528623               0.24115856              3.3814358                         5.8895359       9.5511806
              1       1419.0644       3.0401674      0.95778246       69.825882     0.022298578      0.11746897     0.051137017           0.44236869   0.00031005856       0.63560607        1.002645       0.9996088      0.99885519       74.092415     0.050557046       2.6341649       6.7592066       8.8675333       9.4939356        14.342309       71.816727       323.69342       53.346948       23.502483       81.295855     0.043185926        0.16814111        0.50776945      0.28233908        0.65230257       1.8735097   2.0908744e-09       147.34476      0.82272284       0.2866641      0.80422872       9.5121302       2810.2279       4.4188401        2.2806062         2.1382338       2829.2912                 26.118235                 395.71249                           2379.7443                      8.6528623               0.24115856              3.3814358                         5.8895359       9.5511806
              3       1418.9536       3.0401674      0.95778246       69.825882     0.022298578      0.11746897     0.051137017           0.44236869   0.00031005856       0.63560607        1.002645      0.99966007      0.99876941       74.010553      0.03045893       2.6339278       6.6885874       8.9839451       9.5231043        14.270921       72.047359       321.75217       53.464371        23.65972       81.671522     0.049168478        0.18227149        0.51723647      0.27921483        0.64617403        1.866283   2.0908744e-09       147.34476      0.82272284       0.2866641      0.80422872       9.5121302       2809.9426       4.4506825        2.3237956         2.1268869       2829.0059                 26.118235                 395.71249                            2379.459                      8.6528623               0.24115856              3.3814358                         5.8895359       9.5511806
              1       1420.1803       3.0401674      0.95778246       69.825882     0.022298578      0.11746897     0.051137017           0.44236869   0.00031005856       0.63560607       1.0028415      0.99956703      0.99875913       74.169376    0.0098468736       2.7372351       6.7344949       9.0581566       9.5375411        14.309239       72.358876       320.45881        53.97667       23.798412       82.111005     0.033689192        0.18212266         0.5367564      0.28420415        0.61311317       1.8720939   2.0908744e-09       147.34476      0.82272284       0.2866641      0.80422872       9.5121302       2809.4981        5.899619        3.7373335         2.1622856       2828.5614                  26.07922                 395.69399                           2379.0653                      8.6596458               0.24115856              3.3814358                         5.8895359       9.5511806
              1        1420.095       3.0401674      0.95778246       69.825882     0.022298578      0.11746897     0.051137017           0.44236869   0.00031005856       0.63560607       1.0028415      0.99962603      0.99873644       73.942398     0.016099511        2.583635       6.7875861       9.2408146       9.5887319        14.213975       71.919263       320.11205       54.682273       23.522445        82.59415     0.040525286        0.17586362        0.54240765      0.26476221        0.59507411       1.9102936   2.0908744e-09       147.34476      0.82272284       0.2866641      0.80422872       9.5121302       2810.7393       5.1937197        3.0639254         2.1297944       2829.8026                  26.07922                 395.69399                           2380.3064                      8.6596458               0.24115856              3.3814358                         5.8895359       9.5511806
              3       1419.7944       3.0401674      0.95778246       69.825882     0.022298578      0.11746897     0.051137017           0.44236869   0.00031005856       0.63560607       1.0028415       1.0000754      0.99814117       72.736414     0.018773797       3.0139465        7.661588       8.8623312       10.355208        13.670669       72.372338       318.19907       52.847138       25.016897        84.41066     0.043910683        0.11253618        0.59414063      0.31135799        0.62465481       1.9302416   2.0908744e-09       147.34476      0.82272284       0.2866641      0.80422872       9.5121302       2810.8088       4.8583667        2.3461673         2.5121994       2829.8721                  26.07922                 395.69399                            2380.376                      8.6596458               0.24115856              3.3814358                         5.8895359       9.5511806
              2       1419.4857       3.0401674      0.95778246       69.825882     0.022298578      0.11746897     0.051137017           0.44236869   0.00031005856       0.63560607       1.0036059       1.0000754      0.99814117       72.736414     0.018773797       3.0139465        7.661588       8.8623312       10.355208        13.670669       72.372338       318.19907       52.847138       25.016897        84.41066     0.043910683        0.11253618        0.59414063      0.31135799        0.62465481       1.9302416   2.0908744e-09       147.34476      0.82272284       0.2866641      0.80422872       9.5121302       2809.4029       5.2526259        2.7404265         2.5121994       2828.4662                 25.928857                  395.6935                           2379.0738                      8.7066779               0.24115856              3.3814358                         5.8895359       9.5511806
              6       1419.5747       3.0401674      0.95778246       69.825882     0.022298578      0.11746897     0.051137017           0.44236869   0.00031005856       0.63560607       1.0036059       1.0000637      0.99812657       72.771681     0.017155709       3.0136502       7.6762358       8.8742905        10.35862        13.628157       72.305884       318.82301       52.922879       24.969765       84.408484     0.049687749        0.11735248        0.59929107      0.31784557        0.62835467       1.9331776   2.0908744e-09       147.34476      0.82272284       0.2866641      0.80422872       9.5121302       2809.8236       5.1312803        2.6143705         2.5169098       2828.8869                 25.928857                  395.6935                           2379.4946                      8.7066779               0.24115856              3.3814358                         5.8895359       9.5511806
              1       1418.4613       3.0401674      0.95778246       69.825882     0.022298578      0.11746897     0.051137017           0.44236869   0.00031005856       0.63560607       1.0036059       0.9997634      0.99836691       72.512919     0.048295564        3.077693       7.9643903       8.5848052       10.933238        13.346851       72.010226       319.29704       51.261648       24.559418       84.784911     0.071802305        0.10999472        0.59878874      0.27631908        0.67987008       2.0175005   2.0908744e-09       147.34476      0.82272284       0.2866641      0.80422872       9.5121302       2810.0893       3.8849616        1.2294506         2.6555109       2829.1526                 25.928857                  395.6935                           2379.7603                      8.7066779               0.24115856              3.3814358                         5.8895359       9.5511806
              3       1419.6912       3.0401674      0.95778246       69.825882     0.022298578      0.11746897     0.051137017           0.44236869   0.00031005856       0.63560607       1.0031507      0.99986797      0.99818613        73.01949      0.03864964       2.8896045       7.9560497       8.1611534       10.902606         13.09893       72.978722       318.67826       50.520835       24.184133       84.448273      0.10182909        0.13255057         0.6019596      0.22945583        0.64750866       2.0935951   2.0908744e-09       147.34476      0.82272284       0.2866641      0.80422872       9.5121302       2815.8236       2.2476909      -0.29668268         2.5443735       2834.8869                 26.018116                 395.69249                           2385.4383                      8.6747207               0.24115856              3.3814358                         5.8895359       9.5511806
              1       1417.3622       3.0401674      0.95778246       69.825882     0.022298578      0.11746897     0.051137017           0.44236869   0.00031005856       0.63560607       1.0031507       0.9998408      0.99825823       72.640929     0.026953411       2.8729967       8.2699222       8.8497072       11.664153        11.912924       70.296195       309.56723       52.822424       25.850517       81.651341      0.14341943        0.12935384        0.57513464      0.23365741        0.61100316       2.1182989   2.0908744e-09       147.34476      0.82272284       0.2866641      0.80422872       9.5121302       2810.5905       2.5352415      -0.11201945          2.647261       2829.6538                 26.018116                 395.69249                           2380.2052                      8.6747207               0.24115856              3.3814358                         5.8895359       9.5511806
              5       1418.3682       3.0401674      0.95778246       69.825882     0.022298578      0.11746897     0.051137017           0.44236869   0.00031005856       0.63560607       1.0031507      0.99986174      0.99819339       72.585871     0.045174886       2.8979499       8.3707271       8.9168508         11.7775        11.895598       70.511594       308.57802        52.74412       25.900755       81.788877        0.140497        0.12131573        0.56093014      0.23879189        0.61226322       2.1239289   2.0908744e-09       147.34476      0.82272284       0.2866641      0.80422872       9.5121302       2812.8435       2.4147838      -0.28622169         2.7010055       2831.9068                 26.018116                 395.69249                           2382.4582                      8.6747207               0.24115856              3.3814358                         5.8895359       9.5511806
              1       1417.7697       3.0401674      0.95778246       69.825882     0.022298578      0.11746897     0.051137017           0.44236869   0.00031005856       0.63560607       1.0033711      0.99988315      0.99827544       72.670829     0.059046973       2.5805469        8.453432       8.9103888       11.662013        11.771018       69.928094       318.48595       53.277846       26.356385       81.365643       0.1362609        0.11862889         0.5802897      0.25008063         0.6048588       2.1359362   2.0908744e-09       147.34476      0.82272284       0.2866641      0.80422872       9.5121302       2810.7892       2.8434233       0.29806042         2.5453629       2829.8525                 25.974802                 395.69249                           2380.4332                      8.6887415               0.24115856              3.3814358                         5.8895359       9.5511806
              2       1415.2311       3.0401674      0.95778246       69.825882     0.022298578      0.11746897     0.051137017           0.44236869   0.00031005856       0.63560607       1.0033711      0.99989897      0.99820969       72.660338     0.020815568       2.4685777       8.5071795       9.0033213       11.601387        11.867837       69.896792       318.32024       52.485466       26.559593       81.596203      0.11392948        0.14314535        0.58067878      0.25305048        0.62161759       2.1881579   2.0908744e-09       147.34476      0.82272284       0.2866641      0.80422872       9.5121302       2805.9357       2.7316217       0.22833312         2.5032886        2824.999                 25.974802                 395.69249                           2375.5797                      8.6887415               0.24115856              3.3814358                         5.8895359       9.5511806
              2       1415.5724       3.0401674      0.95778246       69.825882     0.022298578      0.11746897     0.051137017           0.44236869   0.00031005856       0.63560607       1.0033711      0.99972269      0.99806909       72.720867     0.010465552       2.2586841       8.4131098       9.1424957       11.375496        11.357586       70.633856       316.65013       52.929266        26.82364       82.157496      0.12972933        0.15510968        0.58616253      0.25274068        0.60953002       2.1161578   2.0908744e-09       147.34476      0.82272284       0.2866641      0.80422872       9.5121302       2806.1542       2.9636739       0.59135911         2.3723148       2825.2175                 25.974802                 395.69249                           2375.7982                      8.6887415               0.24115856              3.3814358                         5.8895359       9.5511806
              1       1415.0088       3.0401674      0.95778246       69.825882     0.022298578      0.11746897     0.051137017           0.44236869   0.00031005856       0.63560607       1.0033711      0.99946973      0.99805061       72.210032     0.091974523       2.3842777       7.9755476       9.3375676       11.203856        11.547078       70.617657       313.34811        53.69088       28.571123       83.002353     0.096570817        0.15099107        0.55119034      0.30848151        0.65517051       2.2191054   2.0908744e-09       147.34476      0.82272284       0.2866641      0.80422872       9.5121302       2803.9453       3.5045133        1.1955239         2.3089894       2823.0086                 25.974802                 395.69249                           2373.5893                      8.6887415               0.24115856              3.3814358                         5.8895359       9.5511806
              3       1414.9807       3.0398314      0.95761064       69.825882     0.022310787      0.11741245     0.051285274           0.44349251   0.00030825794       0.63652581       1.0033711      0.99946973      0.99805061       72.210032     0.091974523       2.3842777       7.9755476       9.3375676       11.203856        11.547078       70.617657       313.34811        53.69088       28.571123       83.002353     0.096570817        0.15099107        0.55119034      0.30848151        0.65517051       2.2191054    2.090172e-09       147.34641      0.82220504      0.28657321      0.80359514       9.5063771       2803.8947       3.5045133        1.1955239         2.3089894       2822.9523                 25.993883                  395.7428                           2373.4593                       8.698722               0.24119313              3.3812297                         5.8839543       9.5511806
              1       1415.1797       3.0398314      0.95761064       69.825882     0.022310787      0.11741245     0.051285274           0.44349251   0.00030825794       0.63652581       1.0033711      0.99945518      0.99806691       72.196876     0.094361688       2.4436913       7.9090133       9.4396283       11.146896        11.547157       70.642678       313.98435       53.512729       28.477648       82.846743      0.10692707        0.13985043        0.54694037      0.30802173        0.65725815       2.2034182    2.090172e-09       147.34641      0.82220504      0.28657321      0.80359514       9.5063771       2804.9675       3.1671038       0.85080924         2.3162946       2824.0251                 25.993883                  395.7428                           2374.5321                       8.698722               0.24119313              3.3812297                         5.8839543       9.5511806
              1        1414.938       3.0398314      0.95761064       69.825882     0.022310787      0.11741245     0.051285274           0.44349251   0.00030825794       0.63652581       1.0033711      0.99939944       0.9980917       72.331775     0.094763173       2.4026352       7.9055872       9.4759806       11.094722        11.726257       70.772508       314.91504       53.643169        28.81186       82.873251      0.10576999        0.12420076        0.54815944      0.29563252        0.64750684       2.2287244    2.090172e-09       147.34641      0.82220504      0.28657321      0.80359514       9.5063771       2804.7166       3.0509104       0.75215875         2.2987517       2823.7741                 25.993883                  395.7428                           2374.2812                       8.698722               0.24119313              3.3812297                         5.8839543       9.5511806
              4       1415.4983       3.0398314      0.95761064       69.825882     0.022310787      0.11741245     0.051285274           0.44349251   0.00030825794       0.63652581       1.0033711      0.99926464      0.99842617       72.722825      0.15156202       2.2128695       7.9283231       9.4477725       11.439213        12.037459        70.49861        302.4863       54.780721       27.513224       83.719299      0.10079988         0.1276192        0.49431495      0.23516231        0.63042603        2.114359    2.090172e-09       147.34641      0.82220504      0.28657321      0.80359514       9.5063771       2807.1443       2.3973794       0.16446057         2.2329188       2826.2018                 25.993883                  395.7428                           2376.7089                       8.698722               0.24119313              3.3812297                         5.8839543       9.5511806
              3       1414.5912       3.0398314      0.95761064       69.825882     0.022310787      0.11741245     0.051285274           0.44349251   0.00030825794       0.63652581       1.0033541      0.99909401      0.99862983        72.28823       0.1752007       2.0792459       7.6762776       9.4944923        11.25137        11.726865       69.835778       294.41651       54.165969         29.2492       84.244698      0.11289316        0.13652512        0.52892437      0.27792079        0.61869767       2.0202245    2.090172e-09       147.34641      0.82220504      0.28657321      0.80359514       9.5063771       2803.1586       3.4830924        1.3400292         2.1430632       2822.2162                 25.997212                  395.7428                           2372.7214                      8.6971825               0.24119313              3.3812297                         5.8839543       9.5511806
              1       1414.9919       3.0398314      0.95761064       69.825882     0.022310787      0.11741245     0.051285274           0.44349251   0.00030825794       0.63652581       1.0033541      0.99930711      0.99881162       72.471602      0.21091463       2.5823396       7.7797141       9.4504558       11.082794        12.466026       69.722829       291.95556       52.931242       29.306952       85.365077      0.12718656        0.12182666        0.43717018      0.16319426         0.5980311       1.9043842    2.090172e-09       147.34641      0.82220504      0.28657321      0.80359514       9.5063771       2805.0127       2.9568116       0.61619819         2.3406134       2824.0702                 25.997212                  395.7428                           2374.5755                      8.6971825               0.24119313              3.3812297                         5.8839543       9.5511806
              1       1414.8175       3.0398314      0.95761064       69.825882     0.022310787      0.11741245     0.051285274           0.44349251   0.00030825794       0.63652581       1.0033541      0.99921075      0.99878709       72.471355      0.20816235       2.5784769       7.8525083       9.3834241       11.077095        12.478107       69.713423       290.76509       52.978913       29.544373       85.436601      0.13016934        0.12172356        0.43216137       0.1616468        0.59557308       1.9021365    2.090172e-09       147.34641      0.82220504      0.28657321      0.80359514       9.5063771        2804.264       3.1567202       0.79801176         2.3587085       2823.3216                 25.997212                  395.7428                           2373.8269                      8.6971825               0.24119313              3.3812297                         5.8839543       9.5511806
              1       1416.2931       3.0398314      0.95761064       69.825882     0.022310787      0.11741245     0.051285274           0.44349251   0.00030825794       0.63652581       1.0033541      0.99926066      0.99875701        72.48809      0.19429848       2.6386583       7.7283786       9.4327131       11.148315        11.935261       70.520947        296.5394       53.665331       30.284953        84.95831      0.11921264        0.14509192        0.41397243      0.14881036        0.58422493       1.8670743    2.090172e-09       147.34641      0.82220504      0.28657321      0.80359514       9.5063771       2806.5053       3.5116318        1.1605457         2.3510862       2825.5629                 25.997212                  395.7428                           2376.0681                      8.6971825               0.24119313              3.3812297                         5.8839543       9.5511806
              1       1415.5012       3.0398314      0.95761064       69.825882     0.022310787      0.11741245     0.051285274           0.44349251   0.00030825794       0.63652581       1.0033541      0.99921318      0.99874945        72.28563      0.18909937       2.8565069       7.8398745       9.4974645       11.113514        12.356748       70.762328       301.59013       53.960724       30.381546       85.161307      0.11920535        0.14385106        0.41671541      0.15751589        0.61454635       1.9115021    2.090172e-09       147.34641      0.82220504      0.28657321      0.80359514       9.5063771       2805.5573       3.1937338       0.70564062         2.4880932       2824.6149                 25.997212                  395.7428                           2375.1201                      8.6971825               0.24119313              3.3812297                         5.8839543       9.5511806
              2       1416.1898       3.0398314      0.95761064       69.825882     0.022310787      0.11741245     0.051285274           0.44349251   0.00030825794       0.63652581       1.0033541      0.99924225      0.99863813        72.35259      0.15181479       3.1135085       7.8576602         9.61773       11.071816        12.262904       70.342912       298.92775       54.745592       30.340163       84.900155      0.13380622         0.1265195        0.46898826      0.13273764        0.59182396       1.8868067    2.090172e-09       147.34641      0.82220504      0.28657321      0.80359514       9.5063771       2806.3029        3.509588       0.87255105         2.6370369       2825.3605                 25.997212                  395.7428                           2375.8657                      8.6971825               0.24119313              3.3812297                         5.8839543       9.5511806
              1       1416.3361       3.0398314      0.95761064       69.825882     0.022310787      0.11741245     0.051285274           0.44349251   0.00030825794       0.63652581       1.0033541      0.99924021      0.99863255       72.299838      0.15675018       3.1200316       7.8955806        9.766226       11.015228        12.210286       70.308037       299.79294       54.634188       30.345892       84.992883      0.13130785        0.12569894        0.48170868      0.12961169        0.59119328       1.8967665    2.090172e-09       147.34641      0.82220504      0.28657321      0.80359514       9.5063771       2806.3286       3.6430145       0.98790563         2.6551089       2825.3861                 25.997212                  395.7428                           2375.8914                      8.6971825               0.24119313              3.3812297                         5.8839543       9.5511806
              3       1417.5866       3.0398314      0.95761064       69.825882     0.022310787      0.11741245     0.051285274           0.44349251   0.00030825794       0.63652581       1.0033541      0.99927369      0.99826316       72.672399     0.086637319       2.9298239       7.7227292       10.145628       11.301428        12.628923       69.332762       301.72186       53.140469       30.871631       83.761037      0.13254684        0.10243945        0.49237818      0.11484152        0.56467582       1.8293936    2.090172e-09       147.34641      0.82220504      0.28657321      0.80359514       9.5063771       2807.7745       4.1705673        1.6824218         2.4881455        2826.832                 25.997212                  395.7428                           2377.3373                      8.6971825               0.24119313              3.3812297                         5.8839543       9.5511806
              3       1418.4461       3.0398314      0.95761064       69.825882     0.022310787      0.11741245     0.051285274           0.44349251   0.00030825794       0.63652581       1.0033541      0.99933512      0.99800192       72.280292     0.072050496       3.1230268       7.5300512       10.119557       10.750812        12.265957       68.886457       295.72072       52.801059       31.016961       83.413192      0.12551318       0.078304061        0.47392561      0.14297863        0.66392913        1.850084    2.090172e-09       147.34641      0.82220504      0.28657321      0.80359514       9.5063771       2811.0572        3.388712       0.86215626         2.5265557       2830.1148                 25.997212                  395.7428                             2380.62                      8.6971825               0.24119313              3.3812297                         5.8839543       9.5511806
              2       1415.8831       3.0398314      0.95761064       69.825882     0.022310787      0.11741245     0.051285274           0.44349251   0.00030825794       0.63652581       1.0033541      0.99943513      0.99794509       73.034335     0.084279745       3.1438628       7.2793262       9.9179087       10.891389        12.323395       69.149423       295.53907       52.677647        31.31332       83.038693      0.10331911        0.14080549        0.51148518      0.17391871         0.6823565       1.8278922    2.090172e-09       147.34641      0.82220504      0.28657321      0.80359514       9.5063771       2808.4774       2.1156338      -0.34043523          2.456069       2827.5349                 25.997212                  395.7428                           2378.0402                      8.6971825               0.24119313              3.3812297                         5.8839543       9.5511806
              2       1415.4533       3.0398314      0.95761064       69.825882     0.022310787      0.11741245     0.051285274           0.44349251   0.00030825794       0.63652581       1.0033541      0.99951419      0.99806363       72.851248     0.067277259       3.2983081       7.2135827        9.926352        10.93039          12.1719       69.021145       296.32333       52.179099        31.03571       83.093098      0.11109636         0.1397252        0.53271454      0.19554053         0.6808738       1.8410947    2.090172e-09       147.34641      0.82220504      0.28657321      0.80359514       9.5063771       2807.7718        2.038651      -0.47586302          2.514514       2826.8293                 25.997212                  395.7428                           2377.3346                      8.6971825               0.24119313              3.3812297                         5.8839543       9.5511806
              2       1416.4419       3.0398314      0.95761064       69.825882     0.022310787      0.11741245     0.051285274           0.44349251   0.00030825794       0.63652581       1.0033541      0.99946491      0.99803741       72.701215     0.085843682       3.4184352       7.2164235       9.8060373       10.843169        11.844727       69.107675       294.01382       52.225874       31.405951       82.785317      0.10556586         0.1209993        0.56892701      0.16670352        0.72114279       1.8570957    2.090172e-09       147.34641      0.82220504      0.28657321      0.80359514       9.5063771       2808.1417       2.8423014       0.26085696         2.5814444       2827.1993                 25.997212                  395.7428                           2377.7045                      8.6971825               0.24119313              3.3812297                         5.8839543       9.5511806
              3       1417.9839       3.0398314      0.95761064       69.825882     0.022310787      0.11741245     0.051285274           0.44349251   0.00030825794       0.63652581       1.0033541      0.99940183      0.99795997       72.567171      0.15022255        3.314611       7.1659548       10.308875       10.343929        11.509721       68.735912       301.28313       51.947424       31.004693        82.40614     0.086378173        0.10483854        0.53340565      0.25927244        0.79007811       1.8874198    2.090172e-09       147.34641      0.82220504      0.28657321      0.80359514       9.5063771       2808.9536        3.978327        1.4709465         2.5073805       2828.0112                 25.997212                  395.7428                           2378.5164                      8.6971825               0.24119313              3.3812297                         5.8839543       9.5511806
              1       1417.9658       3.0398314      0.95761064       69.825882     0.022310787      0.11741245     0.051285274           0.44349251   0.00030825794       0.63652581       1.0033541      0.99928482      0.99807489        72.12331      0.12137521       3.3018205       7.0505999         10.2645       10.240219        11.951782       68.704028       294.39745       51.040756       31.221069       82.908238      0.15325942        0.14854326        0.50649797      0.24221559        0.76202998       2.0038848    2.090172e-09       147.34641      0.82220504      0.28657321      0.80359514       9.5063771       2811.0466       2.9137532       0.45015828          2.463595       2830.1041                 25.997212                  395.7428                           2380.6094                      8.6971825               0.24119313              3.3812297                         5.8839543       9.5511806
              1       1418.4432       3.0398314      0.95761064       69.825882     0.022310787      0.11741245     0.051285274           0.44349251   0.00030825794       0.63652581       1.0033541      0.99895793      0.99815708       72.436881       0.1199203       2.9438008       7.3463486       9.6749369       10.243991        11.142727       69.275288       279.27804       54.303725       32.636568       82.884702      0.13199774         0.1889649        0.48043015      0.20865761        0.77571468       1.9458935    2.090172e-09       147.34641      0.82220504      0.28657321      0.80359514       9.5063771       2808.9939       4.4174726        2.0368477         2.3806249       2828.0515                 25.997212                  395.7428                           2378.5567                      8.6971825               0.24119313              3.3812297                         5.8839543       9.5511806
              1       1418.4316       3.0398314      0.95761064       69.825882     0.022310787      0.11741245     0.051285274           0.44349251   0.00030825794       0.63652581       1.0033541      0.99895894      0.99815863       72.436415      0.11970224       2.9442537       7.3496599       9.6786141       10.241261        11.130181       69.272993       279.25285       54.290669       32.638332       82.889709           0.131        0.18901884          0.479801      0.20885203        0.77530599       1.9470026    2.090172e-09       147.34641      0.82220504      0.28657321      0.80359514       9.5063771       2808.9741       4.4157904        2.0340182         2.3817722       2828.0317                 25.997212                  395.7428                           2378.5369                      8.6971825               0.24119313              3.3812297                         5.8839543       9.5511806
              1       1418.3612       3.0398314      0.95761064       69.825882     0.022310787      0.11741245     0.051285274           0.44349251   0.00030825794       0.63652581       1.0033541      0.99898795      0.99815218       72.636731      0.07254588        3.105434       7.5666554       9.8206774        10.16593        11.181991       69.894513        280.6081       54.560985       32.462511       83.428833       0.1468534        0.19862829        0.46184329      0.21303111        0.75354942       1.8583091    2.090172e-09       147.34641      0.82220504      0.28657321      0.80359514       9.5063771       2807.9899       4.8374563        2.3080528         2.5294035       2827.0475                 25.997212                  395.7428                           2377.5527                      8.6971825               0.24119313              3.3812297                         5.8839543       9.5511806
              1       1417.5728       3.0398314      0.95761064       69.825882     0.022310787      0.11741245     0.051285274           0.44349251   0.00030825794       0.63652581       1.0033541      0.99943977       0.9982956       72.432061        0.102021       3.6253899       7.7715349       8.5668693       10.175023        11.061936       71.135316       272.43059       53.901135       33.667833       82.754242      0.17010801        0.14252253        0.46595955      0.26856068        0.73365599        1.877452    2.090172e-09       147.34641      0.82220504      0.28657321      0.80359514       9.5063771       2810.0673       3.0103486      0.071549082         2.9387995       2829.1249                 25.997212                  395.7428                           2379.6302                      8.6971825               0.24119313              3.3812297                         5.8839543       9.5511806
              1       1419.5792       3.0398314      0.95761064       69.825882     0.022310787      0.11741245     0.051285274           0.44349251   0.00030825794       0.63652581       1.0033541      0.99963131      0.99823302       72.623031     0.096795513       3.5248649       7.5677395       8.5449447       9.9174507        10.944013       70.867058       271.09346       53.728563       34.140208       82.255481      0.17669944        0.13582353        0.43160826      0.26894642        0.76297902       1.8448888    2.090172e-09       147.34641      0.82220504      0.28657321      0.80359514       9.5063771       2814.0644       3.0182033       0.23700089         2.7812024        2833.122                 25.997212                  395.7428                           2383.6272                      8.6971825               0.24119313              3.3812297                         5.8839543       9.5511806
              4       1420.2264       3.0398314      0.95761064       69.825882     0.022310787      0.11741245     0.051285274           0.44349251   0.00030825794       0.63652581       1.0033541      0.99967672      0.99827549        72.35391      0.12704091         3.41098       7.9308895       8.6206003       9.8068075        10.498957       71.218049        271.6873       53.349953       34.343268       82.995773      0.19797066        0.13703657        0.40652638       0.2413927        0.76057567       1.8666979    2.090172e-09       147.34641      0.82220504      0.28657321      0.80359514       9.5063771       2814.0238       3.6856637       0.82810726         2.8575564       2833.0814                 25.997212                  395.7428                           2383.5866                      8.6971825               0.24119313              3.3812297                         5.8839543       9.5511806
              2       1422.8949       3.0398314      0.95761064       69.825882     0.022310787      0.11741245     0.051285274           0.44349251   0.00030825794       0.63652581        1.003852        0.999576      0.99824519       72.331934      0.17825441       3.4224086       8.3277583       8.6883042       9.6237993        11.346238       69.940482       273.24948       52.044104       33.519655       82.236361      0.21673356        0.13795164        0.38186406       0.2484965        0.75010943        1.806262    2.090172e-09       147.34641      0.82220504      0.28657321      0.80359514       9.5063771       2816.2453       5.2434475         2.196948         3.0464995       2835.3029                 25.899844                 395.70952                           2385.8869                      8.7491207               0.24119313              3.3812297                         5.8839543       9.5511806
              1       1422.5153       3.0398314      0.95761064       69.825882     0.022310787      0.11741245     0.051285274           0.44349251   0.00030825794       0.63652581       1.0016979        0.999576      0.99824519       72.331934      0.17825441       3.4224086       8.3277583       8.6883042       9.6237993        11.346238       69.940482       273.24948       52.044104       33.519655       82.236361      0.21673356        0.13795164        0.38186406       0.2484965        0.75010943        1.806262    2.090172e-09       147.34641      0.82220504      0.28657321      0.80359514       9.5063771       2817.3989        4.287071        1.2405715         3.0464995       2836.4565                  26.32734                 395.72605                            2386.721                      8.6245552               0.24119313              3.3812297                         5.8839543       9.5511806
              1       1421.1214       3.0398314      0.95761064       69.825882     0.022310787      0.11741245     0.051285274           0.44349251   0.00030825794       0.63652581       1.0016979      0.99961049      0.99833491       72.569914      0.15047077       3.4122862        8.522433       8.6927674       9.3588659        11.571707       69.715545       269.05779       52.473817       33.253662       82.666089       0.1783938        0.14770625        0.37657366      0.19814391        0.73603738       1.7733653    2.090172e-09       147.34641      0.82220504      0.28657321      0.80359514       9.5063771       2817.4298        2.877669      -0.25594519         3.1336141       2836.4874                  26.32734                 395.72605                           2386.7519                      8.6245552               0.24119313              3.3812297                         5.8839543       9.5511806
              3        1421.659       3.0398314      0.95761064       69.825882     0.022310787      0.11741245     0.051285274           0.44349251   0.00030825794       0.63652581       1.0016979      0.99952071      0.99832761        72.76288      0.11956813       3.5713638       8.6419277        8.750655       9.4738821        11.504331       69.427647        279.9647       53.602594       32.913785       82.316079      0.15355206        0.12013399        0.40619413      0.17714446        0.70086013       1.7147081    2.090172e-09       147.34641      0.82220504      0.28657321      0.80359514       9.5063771       2819.5984       2.3309926      -0.99665834          3.327651       2838.6559                  26.32734                 395.72605                           2388.9204                      8.6245552               0.24119313              3.3812297                         5.8839543       9.5511806
              1       1421.8179       3.0398314      0.95761064       69.825882     0.022310787      0.11741245     0.051285274           0.44349251   0.00030825794       0.63652581       1.0016979      0.99949494      0.99833238       72.807231      0.12301586       3.5673611       8.6256206       8.7943048        9.453305        11.561485       69.489258       280.50075       53.871446       33.211802       82.471384      0.15170001        0.11990399        0.40794506      0.17522549        0.70338508       1.7284843    2.090172e-09       147.34641      0.82220504      0.28657321      0.80359514       9.5063771       2819.9289       2.3246828      -0.99074242         3.3154252       2838.9865                  26.32734                 395.72605                            2389.251                      8.6245552               0.24119313              3.3812297                         5.8839543       9.5511806
              2       1417.1609       3.0398314      0.95761064       69.825882     0.022310787      0.11741245     0.051285274           0.44349251   0.00030825794       0.63652581       1.0027032      0.99955987      0.99858936       72.470402      0.17368992       3.6279595       8.5648556       8.3744538       9.6550074         11.48816       69.519959       281.78397       53.446814       33.189249         82.1732       0.1238899       0.090541527        0.45082764      0.19064051        0.67401646         1.82916    2.090172e-09       147.34641      0.82220504      0.28657321      0.80359514       9.5063771       2809.3187       2.9728222      -0.36211281          3.334935       2828.3763                 26.125987                 395.73137                           2378.8111                      8.6502005               0.24119313              3.3812297                         5.8839543       9.5511806
              1       1416.0343       3.0398314      0.95761064       69.825882     0.022310787      0.11741245     0.051285274           0.44349251   0.00030825794       0.63652581       1.0027032      0.99939973      0.99839631       72.631171      0.19442745       3.2761149       8.5796882       8.4003813       9.1467993        11.240967       68.931419       287.17695       52.709448       33.015585       81.685396      0.11822652       0.091323094         0.4483129      0.20317205        0.64582152       1.8906485    2.090172e-09       147.34641      0.82220504      0.28657321      0.80359514       9.5063771        2806.963       3.0240408      -0.03101669         3.0550575       2826.0205                 26.125987                 395.73137                           2376.4554                      8.6502005               0.24119313              3.3812297                         5.8839543       9.5511806
              1       1417.2965       3.0398314      0.95761064       69.825882     0.022310787      0.11741245     0.051285274           0.44349251   0.00030825794       0.63652581       1.0027032      0.99963326       0.9983854        73.37155      0.24599002       3.2404339       9.1342928       8.4984628       9.1825777        12.103995       70.610436       303.04709       51.402737       32.091338       80.312575      0.12172111       0.082655295        0.44574558      0.15832265        0.75505889       1.9437944    2.090172e-09       147.34641      0.82220504      0.28657321      0.80359514       9.5063771       2808.8805       3.3274778      0.019780585         3.3076973       2827.9381                 26.125987                 395.73137                            2378.373                      8.6502005               0.24119313              3.3812297                         5.8839543       9.5511806
              2        1417.745       3.0398314      0.95761064       69.825882     0.022310787      0.11741245     0.051285274           0.44349251   0.00030825794       0.63652581       1.0027032      0.99971558      0.99835132       73.256817      0.24976826       3.4939775       9.3219804       8.6378943        9.255918        11.703454       70.239719       308.33302       52.399182       31.882012       80.366365     0.088607828       0.094622645        0.46047786      0.18961599        0.75898031       1.8811767    2.090172e-09       147.34641      0.82220504      0.28657321      0.80359514       9.5063771       2809.3948       3.5188147      -0.12615121         3.6449659       2828.4524                 26.125987                 395.73137                           2378.8872                      8.6502005               0.24119313              3.3812297                         5.8839543       9.5511806
              2       1417.7737       3.0398314      0.95761064       69.825882     0.022310787      0.11741245     0.051285274           0.44349251   0.00030825794       0.63652581       1.0027032      0.99971424      0.99835217       73.261922      0.24972005       3.4967014       9.3275743       8.6441351         9.24953         11.70266       70.235882       308.25992       52.406241        31.88205        80.37275     0.088700572       0.094707212         0.4600558      0.18926053        0.75938877       1.8815609    2.090172e-09       147.34641      0.82220504      0.28657321      0.80359514       9.5063771        2809.431       3.5294214      -0.12153496         3.6509564       2828.4886                 26.125987                 395.73137                           2378.9234                      8.6502005               0.24119313              3.3812297                         5.8839543       9.5511806
              4       1418.8495       3.0398314      0.95761064       69.825882     0.022310787      0.11741245     0.051285274           0.44349251   0.00030825794       0.63652581       1.0027032      0.99986063      0.99844044       73.370603      0.23474784       3.4723158       9.2703079        8.491295       9.0766439        12.131779       70.492461       302.85358       53.444834       32.037646       80.434189     0.072037657       0.079122946        0.46029187      0.21559284        0.75565327       1.8726645    2.090172e-09       147.34641      0.82220504      0.28657321      0.80359514       9.5063771       2809.9691       4.3361491       0.74268625         3.5934629       2829.0267                 26.125987                 395.73137                           2379.4616                      8.6502005               0.24119313              3.3812297                         5.8839543       9.5511806
              1       1418.6698       3.0398314      0.95761064       69.825882     0.022310787      0.11741245     0.051285274           0.44349251   0.00030825794       0.63652581       1.0027032      0.99987484      0.99846279       73.387454      0.23581999       3.4464344       9.2631667       8.3858816       9.1250619        12.140546       70.537037       305.10567       53.844636       31.740977       80.163215      0.06935355       0.089822928        0.46888629      0.22323518        0.76479242       1.8597748    2.090172e-09       147.34641      0.82220504      0.28657321      0.80359514       9.5063771       2810.0392       4.1214324       0.55657029         3.5648621       2829.0968                 26.125987                 395.73137                           2379.5317                      8.6502005               0.24119313              3.3812297                         5.8839543       9.5511806
              4       1419.1659       3.0398314      0.95761064       69.825882     0.022310787      0.11741245     0.051285274           0.44349251   0.00030825794       0.63652581       1.0027032      0.99989795      0.99847993        73.30902      0.24162746       3.4865524       9.2876208       8.4202729       9.1010837        12.124214       70.466474       306.39738       53.897707       31.659037       80.177681     0.064308032       0.084068296        0.47402278      0.21387398        0.76497395       1.8732799    2.090172e-09       147.34641      0.82220504      0.28657321      0.80359514       9.5063771       2810.1815       4.5463442       0.92906674         3.6172775        2829.239                 26.125987                 395.73137                           2379.6739                      8.6502005               0.24119313              3.3812297                         5.8839543       9.5511806
              1       1419.1075       3.0398314      0.95761064       69.825882     0.022310787      0.11741245     0.051285274           0.44349251   0.00030825794       0.63652581       1.0027032      0.99994273      0.99853029       73.309337      0.25765605       3.5264645       9.3610832       8.3694917       9.0513219        12.166404       70.830093       303.97215         53.7427       31.653509       80.230073      0.05558928       0.089761265         0.4748649      0.22246388        0.76652561       1.8795698    2.090172e-09       147.34641      0.82220504      0.28657321      0.80359514       9.5063771       2809.4699       4.8437367        1.1435358         3.7002009       2828.5275                 26.125987                 395.73137                           2378.9623                      8.6502005               0.24119313              3.3812297                         5.8839543       9.5511806
              1       1422.7967       3.0398314      0.95761064       69.825882     0.022310787      0.11741245     0.051285274           0.44349251   0.00030825794       0.63652581       1.0027032       1.0002721      0.99788478       72.210866      0.30786217       3.1594099       7.7306895       8.4993298       10.050207        12.234551       71.428507       304.41266       50.723687       32.564075       79.484916    -0.019702454        0.12921417        0.57454035      0.23266035        0.75745115       1.9257349    2.090172e-09       147.34641      0.82220504      0.28657321      0.80359514       9.5063771       2810.4205       8.0576327        5.4402973         2.6173354       2829.4781                 26.125987                 395.73137                           2379.9129                      8.6502005               0.24119313              3.3812297                         5.8839543       9.5511806
              1       1421.7446       3.0398314      0.95761064       69.825882     0.022310787      0.11741245     0.051285274           0.44349251   0.00030825794       0.63652581       1.0017393       1.0002959      0.99794115       72.481166      0.30133157       3.1521306       7.0510032       8.0571576       10.334195        12.034882       71.141267       308.50411       52.298205       32.155034       79.068075    0.0030394024       0.080437207        0.59491644      0.22227615        0.69955895          1.8757    2.090172e-09       147.34641      0.82220504      0.28657321      0.80359514       9.5063771       2811.0399       6.6959101        4.3044163         2.3914939       2830.0974                 26.318996                 395.72605                           2380.3703                      8.6244818               0.24119313              3.3812297                         5.8839543       9.5511806
              2       1421.6293       3.0398314      0.95761064       69.825882     0.022310787      0.11741245     0.051285274           0.44349251   0.00030825794       0.63652581       1.0017393       1.0002923      0.99793945       72.511637      0.30152978       3.1346032       7.0426238       8.0248487       10.315581        12.016756       71.152406       308.87354        52.20884       32.212696       79.071054     0.004081809       0.080882684        0.59427546      0.22326641        0.70082762       1.8714947    2.090172e-09       147.34641      0.82220504      0.28657321      0.80359514       9.5063771        2811.008       6.5965295        4.2154616         2.3810679       2830.0655                 26.318996                 395.72605                           2380.3384                      8.6244818               0.24119313              3.3812297                         5.8839543       9.5511806
              3       1419.2776       3.0398314      0.95761064       69.825882     0.022310787      0.11741245     0.051285274           0.44349251   0.00030825794       0.63652581       1.0017393       1.0002625      0.99763505       71.906751      0.20992834       3.1524356       7.3316231       7.6598968       10.843206        11.657406       69.759832       304.41265       50.839276       31.972697       78.624931     0.081680249        0.13573155        0.59369543      0.22337755        0.67010788       1.8380357    2.090172e-09       147.34641      0.82220504      0.28657321      0.80359514       9.5063771       2814.8115       2.3431026      -0.13381575         2.4769183        2833.869                 26.318996                 395.72605                           2384.1419                      8.6244818               0.24119313              3.3812297                         5.8839543       9.5511806
              1       1419.1327       3.0398314      0.95761064       69.825882     0.022310787      0.11741245     0.051285274           0.44349251   0.00030825794       0.63652581       1.0017393        1.000248      0.99760633       71.804964      0.22064855       3.1450184       7.3672445       7.6647971       10.771581        11.770311       69.754456       304.82075       50.731124       31.752903        78.61476     0.087804027        0.13042223        0.59922872      0.22891115        0.66893228       1.8156486    2.090172e-09       147.34641      0.82220504      0.28657321      0.80359514       9.5063771       2814.5865       2.3107295      -0.17380967         2.4845391        2833.644                 26.318996                 395.72605                            2383.917                      8.6244818               0.24119313              3.3812297                         5.8839543       9.5511806
              2       1418.8063       3.0398314      0.95761064       69.825882     0.022310787      0.11741245     0.051285274           0.44349251   0.00030825794       0.63652581       1.0017393       1.0003843       0.9977547       72.655536      0.27665609       3.3835033       6.4604293       8.1750153       10.762677         11.04003       68.859203       295.49804       47.401102       30.294276       78.697952      0.13240547        0.14658417        0.60406464      0.22750677        0.68185637       1.8717379    2.090172e-09       147.34641      0.82220504      0.28657321      0.80359514       9.5063771       2814.9841       1.7854745      -0.54518963         2.3306642       2834.0417                 26.318996                 395.72605                           2384.3146                      8.6244818               0.24119313              3.3812297                         5.8839543       9.5511806
              3       1419.0042       3.0398314      0.95761064       69.825882     0.022310787      0.11741245     0.051285274           0.44349251   0.00030825794       0.63652581       1.0017393        1.000411      0.99783673       72.613981      0.26420104       3.4118933       6.3262134        8.254306       10.564991        10.967064       68.741408       296.40678       47.571457       29.917343       78.501149      0.14935113        0.13526198        0.57873358      0.22449469        0.67692419       1.8570763    2.090172e-09       147.34641      0.82220504      0.28657321      0.80359514       9.5063771       2816.2912        1.329818      -0.97786252         2.3076805       2835.3488                 26.318996                 395.72605                           2385.6217                      8.6244818               0.24119313              3.3812297                         5.8839543       9.5511806
              1       1419.8354       3.0398314      0.95761064       69.825882     0.022310787      0.11741245     0.051285274           0.44349251   0.00030825794       0.63652581       1.0017393       1.0004349      0.99787046       71.928879      0.24265446       3.2499192       6.4376246       8.2758785       10.385882        11.203788         68.8313       289.49757       47.758279       29.734055       77.899389      0.14189473        0.16730039        0.58919714       0.2439707        0.66756861       1.8588704    2.090172e-09       147.34641      0.82220504      0.28657321      0.80359514       9.5063771        2816.635        1.989107      -0.28227081         2.2713778       2835.6925                 26.318996                 395.72605                           2385.9654                      8.6244818               0.24119313              3.3812297                         5.8839543       9.5511806
              2       1418.5075       3.0398314      0.95761064       69.825882     0.022310787      0.11741245     0.051285274           0.44349251   0.00030825794       0.63652581       1.0017393       1.0003487       0.9979074       71.976517      0.25147564       3.2236629       6.5559733       8.1956734       10.322157        11.150992       69.353158       289.19192       46.635941        29.35082        77.92791      0.13692446        0.15730322        0.57992633      0.26081324        0.65700914       1.8716464    2.090172e-09       147.34641      0.82220504      0.28657321      0.80359514       9.5063771       2814.5327        1.712381      -0.57745097          2.289832       2833.5902                 26.318996                 395.72605                           2383.8631                      8.6244818               0.24119313              3.3812297                         5.8839543       9.5511806
              7       1418.2928       3.0398314      0.95761064       69.825882     0.022310787      0.11741245     0.051285274           0.44349251   0.00030825794       0.63652581       1.0017393       1.0001177      0.99764867       71.837514      0.23659957       3.5223265       7.1712774       8.4971026       10.211439        10.973931        70.46829       292.07754       46.429398       28.998311       77.870321      0.12884523        0.14773233        0.60321497      0.22666986        0.70805683       1.8972884    2.090172e-09       147.34641      0.82220504      0.28657321      0.80359514       9.5063771       2813.4023       2.0628787      -0.56224144         2.6251202       2832.4599                 26.318996                 395.72605                           2382.7328                      8.6244818               0.24119313              3.3812297                         5.8839543       9.5511806
              2       1419.0223       3.0393683      0.95756206       69.825882     0.022327509      0.11755672     0.050514782           0.43740509   0.00030914045       0.63778788       1.0017393       1.0001177      0.99764867       71.837514      0.23659957       3.5223265       7.1712774       8.4971026       10.211439        10.973931        70.46829       292.07754       46.429398       28.998311       77.870321      0.12884523        0.14773233        0.60321497      0.22666986        0.70805683       1.8972884   2.0892042e-09       147.28811      0.82246842       0.2869035      0.80431567       9.3720091       2814.9956       2.0628787      -0.56224144         2.6251202       2833.9187                  26.30308                 395.66284                           2384.3918                      8.6378519               0.23315376              3.3520689                         5.7867864       9.5511806
              1       1420.4297       3.0393683      0.95756206       69.825882     0.022327509      0.11755672     0.050514782           0.43740509   0.00030914045       0.63778788       1.0017393       1.0000698      0.99756998       72.257307      0.21341034       3.5778249       6.8821516       8.2087211       9.8659411        11.108243       70.390602       292.53295       47.246972       28.758996       77.538341      0.11950317          0.162508         0.6367125      0.23170997        0.72104569        1.867874   2.0892042e-09       147.28811      0.82246842       0.2869035      0.80431567       9.3720091        2815.583       3.1765724       0.62283224         2.5537401       2834.5062                  26.30308                 395.66284                           2384.9792                      8.6378519               0.23315376              3.3520689                         5.7867864       9.5511806
              1       1421.2919       3.0393683      0.95756206       69.825882     0.022327509      0.11755672     0.050514782           0.43740509   0.00030914045       0.63778788       1.0013939       1.0000698      0.99756998       72.257307      0.21341034       3.5778249       6.8821516       8.2087211       9.8659411        11.108243       70.390602       292.53295       47.246972       28.758996       77.538341      0.11950317          0.162508         0.6367125      0.23170997        0.72104569        1.867874   2.0892042e-09       147.28811      0.82246842       0.2869035      0.80431567       9.3720091       2817.4805       3.0899945       0.53625435         2.5537401       2836.4037                 26.372775                 395.66932                           2386.7873                      8.6511775               0.23315376              3.3520689                         5.7867864       9.5511806
              1       1420.4493       3.0393683      0.95756206       69.825882     0.022327509      0.11755672     0.050514782           0.43740509   0.00030914045       0.63778788       1.0013939       1.0001527       0.9976143       72.361827      0.20591716       3.4919249       6.8324091       8.2978415       9.9479065        11.425722       70.552072       290.08793       47.709606       29.271126       78.068209      0.10425893        0.14650685        0.64686976      0.22267339        0.71217588       1.8255614   2.0892042e-09       147.28811      0.82246842       0.2869035      0.80431567       9.3720091       2816.1538       2.9108169       0.41974296         2.4910739        2835.077                 26.372775                 395.66932                           2385.4606                      8.6511775               0.23315376              3.3520689                         5.7867864       9.5511806
              1       1420.7364       3.0393683      0.95756206       69.825882     0.022327509      0.11755672     0.050514782           0.43740509   0.00030914045       0.63778788       1.0013939       1.0000999      0.99761634       72.351621      0.20860798       3.4798723       6.9692533       8.2607955        9.994273        11.439125       70.544516        290.0077       47.843712       29.164899       77.932613     0.099267345        0.13898847        0.65166337      0.22017056        0.71368211       1.8124612   2.0892042e-09       147.28811      0.82246842       0.2869035      0.80431567       9.3720091       2816.4096       3.0700185       0.54004177         2.5299767       2835.3328                 26.372775                 395.66932                           2385.7163                      8.6511775               0.23315376              3.3520689                         5.7867864       9.5511806
              3       1420.2174       3.0393683      0.95756206       69.825882     0.022327509      0.11755672     0.050514782           0.43740509   0.00030914045       0.63778788       1.0013939      0.99995951      0.99757391       72.079687      0.19976662       3.4912789       6.8647502       8.3260201       9.9214979        11.645389       70.769461       287.97849       47.258789        29.20671       78.032612      0.10059792        0.14291073        0.66279016      0.22840831        0.69772826       1.7972658   2.0892042e-09       147.28811      0.82246842       0.2869035      0.80431567       9.3720091       2814.7491       3.3812665       0.87998235         2.5012841       2833.6723                 26.372775                 395.66932                           2384.0558                      8.6511775               0.23315376              3.3520689                         5.7867864       9.5511806
              2       1420.2948       3.0393683      0.95756206       69.825882     0.022327509      0.11755672     0.050514782           0.43740509   0.00030914045       0.63778788       1.0013939      0.99998366      0.99756613       72.187552      0.20021153       3.4661645       6.8279317       8.2126022       9.8687557        11.643613       70.841212       287.80017       47.051458       29.395135       78.042571      0.10451365        0.13793966        0.66474366      0.23617531         0.7025884        1.797327   2.0892042e-09       147.28811      0.82246842       0.2869035      0.80431567       9.3720091       2814.9438       3.3612963       0.88492895         2.4763673        2833.867                 26.372775                 395.66932                           2384.2506                      8.6511775               0.23315376              3.3520689                         5.7867864       9.5511806
              2       1419.2516       3.0393683      0.95756206       69.825882     0.022327509      0.11755672     0.050514782           0.43740509   0.00030914045       0.63778788        1.001916       0.9999751      0.99757595       72.050046      0.18701046       3.3793243       6.7716709       8.3968642       9.8682001        11.598823       71.176312       288.09976       47.262053       29.590218        78.57741     0.091679541        0.13705921        0.65870768      0.25374375        0.71462779       1.7820464   2.0892042e-09       147.28811      0.82246842       0.2869035      0.80431567       9.3720091       2812.2816       3.6491707        1.2330174         2.4161532       2831.2048                 26.267589                 395.66284                           2381.7175                       8.633664               0.23315376              3.3520689                         5.7867864       9.5511806
              1       1419.6579       3.0393683      0.95756206       69.825882     0.022327509      0.11755672     0.050514782           0.43740509   0.00030914045       0.63778788        1.001916       1.0000315      0.99750602       71.927864      0.20817502       3.3890912       6.7037438       8.5690822       9.8752431        11.288162       70.761214       288.33419       47.245496       29.983482       79.056171      0.11730101        0.13874687        0.66135223       0.2422553        0.72604843       1.7888514   2.0892042e-09       147.28811      0.82246842       0.2869035      0.80431567       9.3720091       2813.5606       3.4160318        1.0152922         2.4007396       2832.4838                 26.267589                 395.66284                           2382.9965                       8.633664               0.23315376              3.3520689                         5.7867864       9.5511806
              2       1419.9886       3.0393683      0.95756206       69.825882     0.022327509      0.11755672     0.050514782           0.43740509   0.00030914045       0.63778788        1.001916      0.99998633      0.99752224       72.066341      0.20644053       3.2765516       6.6022798       8.5891598        9.989219        11.251782        70.70326       287.37737       47.705052       30.189528       78.785765       0.1218331        0.13604206        0.66434641      0.23169873        0.72100443       1.7581617   2.0892042e-09       147.28811      0.82246842       0.2869035      0.80431567       9.3720091       2814.4668       3.2935712       0.97058091         2.3229903         2833.39                 26.267589                 395.66284                           2383.9027                       8.633664               0.23315376              3.3520689                         5.7867864       9.5511806
              1       1419.8882       3.0393683      0.95756206       69.778732     0.022327509      0.11755672     0.050514782           0.43740509   0.00030914045       0.63778788        1.001916      0.99998633      0.99752224       72.066341      0.20644053       3.2765516       6.6022798       8.5891598        9.989219        11.251782        70.70326       287.37737       47.705052       30.189528       78.785765       0.1218331        0.13604206        0.66434641      0.23169873        0.72100443       1.7581617   2.0892042e-09       147.28811      0.82235346      0.28729135      0.80474665       9.1282085       2814.2276       3.2935712       0.97058091         2.3229903       2833.1893                 26.255764                 395.66339                           2383.6751                      8.6333052               0.21935334              3.3000944                         5.6087607       9.8334605
              1       1419.4153       3.0393683      0.95756206       69.778732     0.022327509      0.11755672     0.050514782           0.43740509   0.00030914045       0.63778788        1.001916      0.99976652      0.99757964       72.004258      0.20703394        3.222184       6.4043253       8.6739759       9.9351513        11.274177        70.94855        294.7549       48.232374       30.554346       78.137045      0.14483784        0.14144388        0.63333877      0.22659728        0.70653207       1.7410639   2.0892042e-09       147.28811      0.82235346      0.28729135      0.80474665       9.1282085       2814.6738       2.5975823       0.34431724         2.2532651       2833.6355                 26.255764                 395.66339                           2384.1214                      8.6333052               0.21935334              3.3000944                         5.6087607       9.8334605
              5       1419.4713       3.0393683      0.95756206       69.778732     0.022327509      0.11755672     0.050514782           0.43740509   0.00030914045       0.63778788       1.0018666      0.99976652      0.99757964       72.004258      0.20703394        3.222184       6.4043253       8.6739759       9.9351513        11.274177        70.94855        294.7549       48.232374       30.554346       78.137045      0.14483784        0.14144388        0.63333877      0.22659728        0.70653207       1.7410639   2.0892042e-09       147.28811      0.82235346      0.28729135      0.80474665       9.1282085       2814.8158       2.5826274        0.3293623         2.2532651       2833.7774                 26.265676                 395.66339                           2384.2518                      8.6348961               0.21935334              3.3000944                         5.6087607       9.8334605
              7       1419.4807       3.0393683      0.95756206       69.778732     0.022327509      0.11755672     0.050514782           0.43740509   0.00030914045       0.63778788       1.0018666      0.99976738      0.99758505       72.031645      0.21234112       3.2289598       6.4267458       8.6880296       9.9256023        11.256854       70.992391       294.83726       48.237356       30.554405       78.136846      0.14427214        0.14353273        0.63483787      0.22680241        0.70463081       1.7378341   2.0892042e-09       147.28811      0.82235346      0.28729135      0.80474665       9.1282085       2814.7336       2.6330744        0.3721352         2.2609392       2833.6952                 26.265676                 395.66339                           2384.1696                      8.6348961               0.21935334              3.3000944                         5.6087607       9.8334605
              5       1421.1281       3.0393683      0.95756206       69.778732     0.022327509      0.11755672     0.050514782           0.43740509   0.00030914045       0.63778788       1.0018666      0.99989465      0.99745212       72.957497       0.2209207       2.6214382        6.615828       8.7573002        9.301323        10.502605       70.825366       293.71286       49.210522        31.08938       77.679019      0.16553814        0.11677493        0.58774274      0.22068513        0.64183043       1.7418309   2.0892042e-09       147.28811      0.82235346      0.28729135      0.80474665       9.1282085       2818.5385       2.3779901       0.26508155         2.1129085       2837.5002                 26.265676                 395.66339                           2387.9746                      8.6348961               0.21935334              3.3000944                         5.6087607       9.8334605
              1       1420.7921       3.0393683      0.95756206       69.778732     0.022327509      0.11755672     0.050514782           0.43740509   0.00030914045       0.63778788       1.0024437      0.99989465      0.99745212       72.957497       0.2209207       2.6214382        6.615828       8.7573002        9.301323        10.502605       70.825366       293.71286       49.210522        31.08938       77.679019      0.16553814        0.11677493        0.58774274      0.22068513        0.64183043       1.7418309   2.0892042e-09       147.28811      0.82235346      0.28729135      0.80474665       9.1282085       2817.4686       2.5769843       0.46407577         2.1129085       2836.4303                   26.1503                  395.6551                           2387.0382                      8.6249733               0.21935334              3.3000944                         5.6087607       9.8334605
              1       1418.5224       3.0393683      0.95756206       69.778732     0.022327509      0.11755672     0.050514782           0.43740509   0.00030914045       0.63778788       1.0024437      0.99988215      0.99750822       72.286938      0.21800925       2.4790259       6.5237001       9.5219245       9.7208585        10.503935        69.86396       285.07178       51.300826       30.347598       80.829746     0.041685683        0.14728564        0.54265411      0.26642455        0.57738526       1.9590446   2.0892042e-09       147.28811      0.82235346      0.28729135      0.80474665       9.1282085       2808.6416       4.7207586        2.6487422         2.0720164       2827.6033                   26.1503                  395.6551                           2378.2113                      8.6249733               0.21935334              3.3000944                         5.6087607       9.8334605
              3       1422.1069       3.0393683      0.95756206       69.778732     0.022327509      0.11755672     0.050514782           0.43740509   0.00030914045       0.63778788       1.0024437      0.99982013      0.99735407       72.287122       0.1871865        2.295053       6.9783872        9.897213       10.303289        10.093671       69.968903       277.46677       55.317301       30.172156       80.784883      0.12536116        0.15415984         0.5679018      0.28739604        0.60272638       1.8692362   2.0892042e-09       147.28811      0.82235346      0.28729135      0.80474665       9.1282085       2818.6977       3.2772203        1.1861369         2.0910834       2837.6593                   26.1503                  395.6551                           2388.2673                      8.6249733               0.21935334              3.3000944                         5.6087607       9.8334605
              1       1420.7672       3.0393683      0.95756206       69.778732     0.022327509      0.11755672     0.050514782           0.43740509   0.00030914045       0.63778788       1.0024437      0.99978309       0.9974329       72.395787      0.17076533       2.0439696        6.697285       9.2514121       11.182705        10.526767       69.761697       282.09902       54.380174       30.754144       79.689715      0.12229256        0.12291658        0.57612975      0.29090816        0.57193165       2.0270548   2.0892042e-09       147.28811      0.82235346      0.28729135      0.80474665       9.1282085       2815.9725       3.3001127        1.2704128         2.0296999       2834.9342                   26.1503                  395.6551                           2385.5421                      8.6249733               0.21935334              3.3000944                         5.6087607       9.8334605
              7       1416.4426       3.0393683      0.95756206       69.778732     0.022327509      0.11755672     0.050514782           0.43740509   0.00030914045       0.63778788       1.0024437      0.99940309       0.9976603       71.810054      0.16437588        2.058688       6.8450916       9.6698972       11.157101        10.910165        69.37112       293.53279       53.236789       30.242625        81.03681      0.11094318        0.18029401        0.48258559      0.25782508        0.54489837       2.1146348   2.0892042e-09       147.28811      0.82235346      0.28729135      0.80474665       9.1282085       2806.2405       3.8415228         1.801288         2.0402348       2825.2022                   26.1503                  395.6551                           2375.8101                      8.6249733               0.21935334              3.3000944                         5.6087607       9.8334605
              4       1416.4971       3.0393683      0.95756206       69.778732     0.022327509      0.11755672     0.050514782           0.43740509   0.00030914045       0.63778788       1.0024437      0.99912725      0.99774167       72.501112      0.12716706       1.9892166        7.006514       9.4639921       11.660323        11.856196       69.326133       292.68069       54.216271       29.885963       80.301811      0.12085147        0.17552098        0.44825076      0.30691353        0.59685808       2.0891934   2.0892042e-09       147.28811      0.82235346      0.28729135      0.80474665       9.1282085        2806.319       3.8567454        1.8128012         2.0439442       2825.2807                   26.1503                  395.6551                           2375.8887                      8.6249733               0.21935334              3.3000944                         5.6087607       9.8334605
              2       1417.3251       3.0393683      0.95756206       69.778732     0.022327509      0.11755672     0.050514782           0.43740509   0.00030914045       0.63778788       1.0024437      0.99894304      0.99779496       72.161328      0.14672864       1.8661857       6.4466926       9.2295335       11.771778        11.323346       69.793889       295.90843       53.411621       29.924396       79.814374      0.14777618        0.17149002         0.4681196      0.32297417        0.64884747       2.1824976   2.0892042e-09       147.28811      0.82235346      0.28729135      0.80474665       9.1282085       2807.3387       4.1748553         2.157052         2.0178033       2826.3004                   26.1503                  395.6551                           2376.9084                      8.6249733               0.21935334              3.3000944                         5.6087607       9.8334605
              2       1416.2025       3.0393683      0.95756206       69.778732     0.022327509      0.11755672     0.050514782           0.43740509   0.00030914045       0.63778788       1.0024437      0.99892946       0.9980169       72.216861      0.15080228       1.8960426       6.4092371       9.3599308       11.709672        11.504026       69.993788       295.88618       53.137782       29.864238       80.868294      0.16199578        0.14875001        0.47098783      0.30555348        0.66754505       2.1525413   2.0892042e-09       147.28811      0.82235346      0.28729135      0.80474665       9.1282085       2806.8115       3.3158918        1.2981599         2.0177319       2825.7731                   26.1503                  395.6551                           2376.3811                      8.6249733               0.21935334              3.3000944                         5.6087607       9.8334605
              2        1414.937       3.0393683      0.95756206       69.778732     0.022327509      0.11755672     0.050514782           0.43740509   0.00030914045       0.63778788       1.0024437      0.99920844      0.99816644       72.706879      0.17990004       2.3137638       6.6014996       9.0226653       11.978482        12.077041       69.459418       306.07927       50.996777        30.48914       82.630567      0.16929024        0.17273467        0.51183766      0.30097182        0.71494126       2.0868714   2.0892042e-09       147.28811      0.82235346      0.28729135      0.80474665       9.1282085       2804.0145       3.4488855        1.3954654         2.0534201       2822.9762                   26.1503                  395.6551                           2373.5841                      8.6249733               0.21935334              3.3000944                         5.6087607       9.8334605
              2       1414.9549       3.0393683      0.95756206       69.778732     0.022327509      0.11755672     0.050514782           0.43740509   0.00030914045       0.63778788       1.0024437      0.99920048      0.99820036       72.784278      0.19569925       2.2658299        6.544535         8.93346        11.92803        12.082011       69.632377        305.7375       50.974547       30.528384        82.67884      0.16225369        0.18691519        0.50742458      0.31287214          0.711714        2.095954   2.0892042e-09       147.28811      0.82235346      0.28729135      0.80474665       9.1282085       2802.8899       4.0291787        1.9866992         2.0424795       2821.8515                   26.1503                  395.6551                           2372.4595                      8.6249733               0.21935334              3.3000944                         5.6087607       9.8334605
              3       1414.9038       3.0393683      0.95756206       69.778732     0.022327509      0.11755672     0.050514782           0.43740509   0.00030914045       0.63778788       1.0024437      0.99931042      0.99817083       72.777186       0.2016287       2.2024807       6.4714917       9.0758786       12.016688        12.114533       69.496054       305.39738       51.051068       30.334332       82.959867      0.16233068        0.19168708         0.5110927      0.30771796        0.70606225       2.1296926   2.0892042e-09       147.28811      0.82235346      0.28729135      0.80474665       9.1282085       2802.8655       3.9902018        1.9590131         2.0311887       2821.8272                   26.1503                  395.6551                           2372.4352                      8.6249733               0.21935334              3.3000944                         5.6087607       9.8334605
              1       1414.1013       3.0393683      0.95756206       69.778732     0.022327509      0.11755672     0.050514782           0.43740509   0.00030914045       0.63778788       1.0024437      0.99935552      0.99827366       73.129139      0.20030857       2.1929594        6.132059       9.1407887       11.630155        12.321788       69.003499       301.59901       52.200831       30.194246       82.156509      0.12317396        0.16351601        0.52888011       0.2987391         0.7012855       2.2010102   2.0892042e-09       147.28811      0.82235346      0.28729135      0.80474665       9.1282085       2804.2006       2.5201592       0.50150708         2.0186521       2823.1622                   26.1503                  395.6551                           2373.7702                      8.6249733               0.21935334              3.3000944                         5.6087607       9.8334605
              1       1414.1787       3.0393683      0.95756206       69.778732     0.022327509      0.11755672     0.050514782           0.43740509   0.00030914045       0.63778788       1.0024437       0.9993547      0.99827528        73.18549      0.19306622       2.1808538       6.1686039       9.1999523       11.612212        12.320172       68.998685       301.72127       51.958563       30.116455       81.956333      0.12922714        0.16264086        0.52974105      0.29538416         0.7041375       2.2053709   2.0892042e-09       147.28811      0.82235346      0.28729135      0.80474665       9.1282085       2804.4973        2.449245       0.43030786         2.0189372        2823.459                   26.1503                  395.6551                           2374.0669                      8.6249733               0.21935334              3.3000944                         5.6087607       9.8334605
              6       1414.1849       3.0393683      0.95756206       69.778732     0.022327509      0.11755672     0.050514782           0.43740509   0.00030914045       0.63778788       1.0023047       0.9993547      0.99827528        73.18549      0.19306622       2.1808538       6.1686039       9.1999523       11.612212        12.320172       68.998685       301.72127       51.958563       30.116455       81.956333      0.12922714        0.16264086        0.52974105      0.29538416         0.7041375       2.2053709   2.0892042e-09       147.28811      0.82235346      0.28729135      0.80474665       9.1282085       2804.6152       2.3964741       0.37753694         2.0189372       2823.5769                 26.177995                  395.6551                           2374.1565                      8.6256339               0.21935334              3.3000944                         5.6087607       9.8334605
              1       1414.8051       3.0393683      0.95756206       69.778732     0.022327509      0.11755672     0.050514782           0.43740509   0.00030914045       0.63778788       1.0023047      0.99936232      0.99826607       73.228702      0.18379804       2.3904143       5.8840738       9.1214568       11.470888        12.244722       68.993723       303.31385       51.596045       29.998679       81.861838       0.1632186         0.1595875        0.51019739      0.28406141        0.69402755       2.2154528   2.0892042e-09       147.28811      0.82235346      0.28729135      0.80474665       9.1282085       2806.1297       2.2593535       0.23938208         2.0199714       2825.0914                 26.177995                  395.6551                            2375.671                      8.6256339               0.21935334              3.3000944                         5.6087607       9.8334605
              4       1414.1196       3.0393683      0.95756206       69.778732     0.022327509      0.11755672     0.050514782           0.43740509   0.00030914045       0.63778788       1.0023047      0.99933935      0.99817028       73.336354      0.19969167        2.417882       5.7874701       9.1545159       11.194411        12.349757       68.880968       302.00401       51.665503       29.605654       82.074717      0.14815924        0.16661155        0.51871356       0.2728944        0.70929493       2.2413546   2.0892042e-09       147.28811      0.82235346      0.28729135      0.80474665       9.1282085       2805.0473       2.1151019      0.096197706         2.0189042        2824.009                 26.177995                  395.6551                           2374.5886                      8.6256339               0.21935334              3.3000944                         5.6087607       9.8334605
              1       1414.9103       3.0393683      0.95756206       69.778732     0.022327509      0.11755672     0.050514782           0.43740509   0.00030914045       0.63778788       1.0023047      0.99933636      0.99805758       73.028646       0.1805942       2.4871247        5.903938       8.9401631       11.114792        11.752701       68.817552       303.68019       50.919104       29.860707       82.105571      0.12798428        0.19144795        0.52086478      0.28199726        0.72064546        2.253048   2.0892042e-09       147.28811      0.82235346      0.28729135      0.80474665       9.1282085       2804.4438       3.2076201        1.1819055         2.0257146       2823.4054                 26.177995                  395.6551                           2373.9851                      8.6256339               0.21935334              3.3000944                         5.6087607       9.8334605
              1       1414.8121       3.0393683      0.95756206       69.778732     0.022327509      0.11755672     0.050514782           0.43740509   0.00030914045       0.63778788       1.0023047      0.99938939      0.99804582       72.908786      0.18904922       2.4895056       5.9995919       8.7528749       11.126842        11.935869       68.745504       304.69752       50.743165       29.697126       82.240195      0.14063911        0.18723469        0.53122985      0.28291608        0.72783357       2.2413718   2.0892042e-09       147.28811      0.82235346      0.28729135      0.80474665       9.1282085       2804.5819       3.0403092        1.0098085         2.0305006       2823.5436                 26.177995                  395.6551                           2374.1232                      8.6256339               0.21935334              3.3000944                         5.6087607       9.8334605
              3       1414.7658       3.0393683      0.95756206       69.778732     0.022327509      0.11755672     0.050514782           0.43740509   0.00030914045       0.63778788       1.0023047      0.99939723      0.99805207       72.885242      0.18891735       2.4952411       5.9990869       8.7742593       11.111267         11.93609       68.703932       304.60373       50.729212        29.72858       82.261743      0.14049727         0.1854321        0.53277529      0.28336712        0.72725351       2.2437913   2.0892042e-09       147.28811      0.82235346      0.28729135      0.80474665       9.1282085       2804.6298       2.9700914       0.93912141           2.03097       2823.5914                 26.177995                  395.6551                            2374.171                      8.6256339               0.21935334              3.3000944                         5.6087607       9.8334605
              2       1414.8876       3.0393227       0.9574824       69.778732     0.022323275      0.11755119     0.050520661           0.43645776     0.000308808       0.63794561       1.0023047      0.99939723      0.99805207       72.885242      0.18891735       2.4952411       5.9990869       8.7742593       11.111267         11.93609       68.703932       304.60373       50.729212        29.72858       82.261743      0.14049727         0.1854321        0.53277529      0.28336712        0.72725351       2.2437913    2.089109e-09        147.2941      0.82230605      0.28727134      0.80467222       9.1430098       2804.8586       2.9700914       0.93912141           2.03097       2823.8351                 26.183894                 395.66581                           2374.3892                      8.6196505               0.22017895              3.3032622                         5.6195687       9.8334605
              2       1414.8614       3.0393227       0.9574824       69.778732     0.022323275      0.11755119     0.050520661           0.43645776     0.000308808       0.63794561       1.0023047      0.99939402      0.99805106       72.886727      0.19000202       2.4919052       5.9850366        8.769345       11.113629        11.927458       68.696553       304.42744       50.728278        29.72807       82.266605      0.14005738        0.18494841        0.53327369       0.2826466        0.72657283       2.2423698    2.089109e-09        147.2941      0.82230605      0.28727134      0.80467222       9.1430098       2804.8616       2.9423867       0.91245453         2.0299322       2823.8381                 26.183894                 395.66581                           2374.3922                      8.6196505               0.22017895              3.3032622                         5.6195687       9.8334605
              3       1413.5764       3.0393227       0.9574824       69.778732     0.022323275      0.11755119     0.050520661           0.43645776     0.000308808       0.63794561       1.0023047      0.99957691      0.99809781       73.212793      0.19274013       2.5413491       6.2843948         8.23947       10.780959        11.996635       69.114794       308.01253       51.599675       29.925451       82.630342     0.084153496        0.14974473        0.52894611      0.22410915        0.73858562       2.2296142    2.089109e-09        147.2941      0.82230605      0.28727134      0.80467222       9.1430098       2804.7843       1.6959732      -0.36176881          2.057742       2823.7608                 26.183894                 395.66581                            2374.315                      8.6196505               0.22017895              3.3032622                         5.6195687       9.8334605
              1       1413.1896       3.0393227       0.9574824       69.778732     0.022323275      0.11755119     0.050520661           0.43645776     0.000308808       0.63794561       1.0023047      0.99956908      0.99810038       73.012454      0.19194403       2.5598406        6.293268       8.1467009       10.937563        11.954261       69.156926       308.12192       51.830487       30.055889       82.852155     0.076169269        0.13188168        0.52548675      0.22459329        0.71934117       2.2024139    2.089109e-09        147.2941      0.82230605      0.28727134      0.80467222       9.1430098       2804.0729        1.664902      -0.39655687         2.0614588       2823.0494                 26.183894                 395.66581                           2373.6036                      8.6196505               0.22017895              3.3032622                         5.6195687       9.8334605
              1       1412.4975       3.0393227       0.9574824       69.778732     0.022323275      0.11755119     0.050520661           0.43645776     0.000308808       0.63794561       1.0023047      0.99945219      0.99822326       72.365515      0.16544367       2.4383097       6.5468821       7.9821927       10.278916        11.848516       69.748449       313.07864       50.556919       29.708194       83.855878       0.1021343        0.11307553        0.50765381      0.19250258        0.72478228       2.2228336    2.089109e-09        147.2941      0.82230605      0.28727134      0.80467222       9.1430098       2803.4447       1.2868849      -0.78061263         2.0674975       2822.4211                 26.183894                 395.66581                           2372.9753                      8.6196505               0.22017895              3.3032622                         5.6195687       9.8334605
              1       1415.6139       3.0393227       0.9574824       69.778732     0.022323275      0.11755119     0.050520661           0.43645776     0.000308808       0.63794561       1.0023047      0.99958627      0.99810989       72.550172      0.15925714       2.5176148       7.4585876        8.120134       10.356919        11.048997       69.566617       311.38457       51.667196       29.165128       84.774523      0.10976531        0.10223019        0.48153641      0.21584863        0.74901016       2.2429981    2.089109e-09        147.2941      0.82230605      0.28727134      0.80467222       9.1430098       2809.2972       1.4770816      -0.75976147          2.236843       2828.2737                 26.183894                 395.66581                           2378.8278                      8.6196505               0.22017895              3.3032622                         5.6195687       9.8334605
              1       1415.5348       3.0393227       0.9574824       69.778732     0.022323275      0.11755119     0.050520661           0.43645776     0.000308808       0.63794561       1.0023047      0.99959047      0.99810876       72.542545      0.15923135       2.5231131       7.4674221       8.1226126       10.319534        11.077011       69.571765       311.55917       51.720007       29.115762       84.721269      0.10835184        0.10214468        0.48205761      0.21900208        0.74583303       2.2430148    2.089109e-09        147.2941      0.82230605      0.28727134      0.80467222       9.1430098       2809.1402       1.4764801      -0.76427246         2.2407526       2828.1166                 26.183894                 395.66581                           2378.6708                      8.6196505               0.22017895              3.3032622                         5.6195687       9.8334605
              2       1415.5559       3.0393227       0.9574824       69.778732     0.022323275      0.11755119     0.050520661           0.43645776     0.000308808       0.63794561       1.0023047       0.9995779      0.99813208       72.646549      0.14977802       2.5603515       7.5023896       7.9455467       10.180282        10.898434       69.639454       307.85768       51.479159       29.408444       84.427481     0.094065835       0.097933445        0.47484655      0.22260416        0.74809937       2.2380299    2.089109e-09        147.2941      0.82230605      0.28727134      0.80467222       9.1430098       2808.3023       1.9165637      -0.34574267         2.2623063       2827.2787                 26.183894                 395.66581                           2377.8329                      8.6196505               0.22017895              3.3032622                         5.6195687       9.8334605
              1       1414.8651       3.0393227       0.9574824       69.778732     0.022323275      0.11755119     0.050520661           0.43645776     0.000308808       0.63794561       1.0023047       1.0001094      0.99807855       72.079304      0.11434305        2.355954        7.477921       8.7350734       10.052414         10.97944       69.781499       301.88063       50.204698       30.953326       84.639335      0.11532985        0.09492322        0.48417453      0.26105783        0.73091034       2.2433182    2.089109e-09        147.2941      0.82230605      0.28727134      0.80467222       9.1430098       2808.0649       1.3443971      -0.84279665         2.1871937       2827.0414                 26.183894                 395.66581                           2377.5956                      8.6196505               0.22017895              3.3032622                         5.6195687       9.8334605
              2       1414.5839       3.0393227       0.9574824       69.778732     0.022323275      0.11755119     0.050520661           0.43645776     0.000308808       0.63794561       1.0023047       1.0003526      0.99806058       72.321475      0.11483932        2.354045       7.0995831       8.7220058       10.099388        11.006242       69.511078       302.71493       51.685786       31.571021       84.078851      0.11638199        0.10545959        0.41983286      0.23940772        0.72500988       2.2474017    2.089109e-09        147.2941      0.82230605      0.28727134      0.80467222       9.1430098         2808.38      0.90566718       -1.2155562         2.1212234       2827.3565                 26.183894                 395.66581                           2377.9107                      8.6196505               0.22017895              3.3032622                         5.6195687       9.8334605
              4       1414.5633       3.0393227       0.9574824       69.778732     0.022323275      0.11755119     0.050520661           0.43645776     0.000308808       0.63794561       1.0023047       1.0003046       0.9984446       72.402156      0.11503075       2.4125295       6.6530105       8.3731919       9.4542751        11.182635       69.530472       299.86662       50.719719       32.364569          85.071      0.12618917        0.12567655        0.44331629      0.16183353        0.70050939       2.2189705    2.089109e-09        147.2941      0.82230605      0.28727134      0.80467222       9.1430098       2808.5934      0.77833796       -1.2962287         2.0745667       2827.5699                 26.183894                 395.66581                            2378.124                      8.6196505               0.22017895              3.3032622                         5.6195687       9.8334605
              1       1415.4597       3.0393227       0.9574824       69.778732     0.022323275      0.11755119     0.050520661           0.43645776     0.000308808       0.63794561       1.0023047       1.0002355      0.99844857       72.387778      0.10523681       2.3842397       6.8117342       8.3317668       9.6388846        11.116922       69.574421       300.03227       50.835427       32.561865       85.159489      0.10490213        0.14116665        0.43509512      0.15600071        0.68325518       2.1501859    2.089109e-09        147.2941      0.82230605      0.28727134      0.80467222       9.1430098       2809.9894      0.97675534       -1.1112978         2.0880532       2828.9659                 26.183894                 395.66581                           2379.5201                      8.6196505               0.22017895              3.3032622                         5.6195687       9.8334605
              1       1414.1214       3.0393227       0.9574824       69.778732     0.022323275      0.11755119     0.050520661           0.43645776     0.000308808       0.63794561       1.0023047       1.0002311       0.9984987       72.343416      0.19669006       2.7697272       7.3880468        8.733208       9.7369073        11.127799       68.526957        304.5124       51.328851       32.983468       85.338273      0.15879238        0.14758549        0.47488185      0.18874518         0.6666301       2.2119301    2.089109e-09        147.2941      0.82230605      0.28727134      0.80467222       9.1430098        2806.765       1.2506477       -1.0658249         2.3164726       2825.7415                 26.183894                 395.66581                           2376.2956                      8.6196505               0.22017895              3.3032622                         5.6195687       9.8334605
              2       1415.1804       3.0393227       0.9574824       69.778732     0.022323275      0.11755119     0.050520661           0.43645776     0.000308808       0.63794561       1.0023047       1.0003697       0.9986475       72.713292      0.19373265       2.9038962       7.6186375       8.5019658       9.5772569        10.575099       68.314912       307.91645       50.575324       32.897052       84.633333      0.16249222        0.11768664        0.43967976      0.17484339        0.66714999        2.207821    2.089109e-09        147.2941      0.82230605      0.28727134      0.80467222       9.1430098       2807.7595        1.812429      -0.62981707         2.4422461        2826.736                 26.183894                 395.66581                           2377.2902                      8.6196505               0.22017895              3.3032622                         5.6195687       9.8334605
              1       1415.0753       3.0393227       0.9574824       69.778732     0.022323275      0.11755119     0.050520661           0.43645776     0.000308808       0.63794561       1.0023047       1.0002827      0.99865626       72.461374      0.19467641       3.1481172        7.716522       8.3961584       9.7194154        10.561389       68.386128       311.27641       50.562486       32.354591       85.513439      0.12096814        0.11513906        0.43058619      0.16346781         0.6811963        2.215877    2.089109e-09        147.2941      0.82230605      0.28727134      0.80467222       9.1430098       2807.6223        1.775977      -0.82964737         2.6056244       2826.5987                 26.183894                 395.66581                           2377.1529                      8.6196505               0.22017895              3.3032622                         5.6195687       9.8334605
              1        1415.677       3.0393227       0.9574824       69.778732     0.022323275      0.11755119     0.050520661           0.43645776     0.000308808       0.63794561       1.0023047        1.000258      0.99871033       72.772775      0.19832807       3.1553115       7.5610283         8.27182       9.8727515        10.712531       68.429616       312.23505        51.02373       32.115004       85.537279      0.12911526       0.099924788        0.44454725      0.16658301         0.6947972       2.2155626    2.089109e-09        147.2941      0.82230605      0.28727134      0.80467222       9.1430098       2808.5299       1.9238725      -0.63085365         2.5547262       2827.5063                 26.183894                 395.66581                           2378.0605                      8.6196505               0.22017895              3.3032622                         5.6195687       9.8334605
              2       1416.2111       3.0393227       0.9574824       69.778732     0.022323275      0.11755119     0.050520661           0.43645776     0.000308808       0.63794561       1.0023047       1.0001181      0.99900137       72.402152      0.20191183       3.2508655       6.9220965       8.3694517       10.324897        10.691073       69.059435       318.67418       50.748281       32.672122       84.757111      0.14674361        0.13429145        0.38088053      0.21028892        0.68083244       2.2746264    2.089109e-09        147.2941      0.82230605      0.28727134      0.80467222       9.1430098       2808.9458       2.2499783      -0.14994218         2.3999205       2827.9222                 26.183894                 395.66581                           2378.4764                      8.6196505               0.22017895              3.3032622                         5.6195687       9.8334605
              2       1416.2947       3.0393227       0.9574824       69.778732     0.022323275      0.11755119     0.050520661           0.43645776     0.000308808       0.63794561       1.0023047       1.0000869       0.9989491       72.576229      0.21083907       3.2362688       6.7934091       8.4346282        10.27822        10.523728       68.785771       318.88447       50.319514        32.44627       84.782692      0.14198012        0.14971629        0.37767954      0.21837458        0.69111999       2.2703805    2.089109e-09        147.2941      0.82230605      0.28727134      0.80467222       9.1430098       2809.0489       2.2819769     -0.074907944         2.3568848       2828.0254                 26.183894                 395.66581                           2378.5795                      8.6196505               0.22017895              3.3032622                         5.6195687       9.8334605
              1       1417.2314       3.0393227       0.9574824       69.778732     0.022323275      0.11755119     0.050520661           0.43645776     0.000308808       0.63794561       1.0023047       1.0003601      0.99900366       73.456103      0.22524286       2.6948916        5.927537       8.9252486       9.9001174         11.14055       69.396239       334.30797       50.612242       32.866593       84.755276      0.11545646        0.15418654        0.37559381      0.20200955        0.71576395       2.3499921    2.089109e-09        147.2941      0.82230605      0.28727134      0.80467222       9.1430098       2810.9469       2.2697485       0.22182772         2.0479207       2829.9234                 26.183894                 395.66581                           2380.4775                      8.6196505               0.22017895              3.3032622                         5.6195687       9.8334605
              1       1418.5347       3.0393227       0.9574824       69.778732     0.022323275      0.11755119     0.050520661           0.43645776     0.000308808       0.63794561       1.0023047       1.0003886      0.99891242       73.513761      0.19937416       2.4516166       5.7699112       8.2448133       9.7474803        11.571674       69.882502       331.15016        48.97221       31.744804       84.095615      0.15591109        0.16680854        0.39363375      0.18891035        0.64646897       2.4322754    2.089109e-09        147.2941      0.82230605      0.28727134      0.80467222       9.1430098       2813.1316       2.4806246       0.46101512         2.0196095       2832.1081                 26.183894                 395.66581                           2382.6622                      8.6196505               0.22017895              3.3032622                         5.6195687       9.8334605
              1       1418.3153       3.0393227       0.9574824       69.778732     0.022323275      0.11755119     0.050520661           0.43645776     0.000308808       0.63794561       1.0023047       1.0005596      0.99900071       73.508381      0.21128905       2.5465078       6.1293537       7.8896935       9.8784357        11.822266       69.679709       337.69092       51.018805       31.573741       82.833761      0.12387396        0.11509776        0.43481093       0.1527056        0.60901494       2.4305282    2.089109e-09        147.2941      0.82230605      0.28727134      0.80467222       9.1430098       2812.7117       2.4712465       0.42617971         2.0450668       2831.6882                 26.183894                 395.66581                           2382.2423                      8.6196505               0.22017895              3.3032622                         5.6195687       9.8334605
              1        1418.784       3.0393227       0.9574824       69.778732     0.022323275      0.11755119     0.050520661           0.43645776     0.000308808       0.63794561       1.0023047       1.0006072      0.99899262       73.400442      0.22008225       2.4881128       6.2717149       7.8176865       9.9051496        11.706303        69.58813       340.33799       50.966338       31.516963       82.741803      0.13509889        0.11912249        0.41604194      0.15558661        0.61473942       2.4356971    2.089109e-09        147.2941      0.82230605      0.28727134      0.80467222       9.1430098       2813.6156       2.4879925       0.43896667         2.0490258       2832.5921                 26.183894                 395.66581                           2383.1462                      8.6196505               0.22017895              3.3032622                         5.6195687       9.8334605
              1       1419.9612        3.041383      0.95753511       69.778732     0.022317525       0.1173916     0.051889275           0.45121879   0.00030647438       0.65453513       1.0023047       1.0003952      0.99973611       73.266033      0.24322467       1.9024643       6.3049461       6.6881033        11.27601        12.832587       72.270637       333.54431       52.633284       30.908871       83.293172      0.18239474        0.13627621        0.49573071      0.21139272        0.77575825       2.3473785   2.0934176e-09       147.34619      0.82263905      0.28693165      0.80452199        9.254797       2810.6029       5.1155997        3.0967803         2.0188194       2829.6912                 26.403205                 395.74778                           2379.8194                      8.6325339               0.22704642               3.328741                         5.6990096       9.8334605
              2       1419.0466        3.041383      0.95753511       69.778732     0.022317525       0.1173916     0.051889275           0.45121879   0.00030647438       0.65453513       1.0023047       1.0002406      0.99953281       72.857693      0.16233005       1.7097384       6.3100029       6.4020283       11.256769        12.212208       72.581223       341.99016       53.554487       30.093746       84.518295      0.11515657        0.16093775        0.50166227      0.20209231        0.78332604        2.316224   2.0934176e-09       147.34619      0.82263905      0.28693165      0.80452199        9.254797       2810.4892       4.2578782        2.2288555         2.0290227       2829.5774                 26.403205                 395.74778                           2379.7056                      8.6325339               0.22704642               3.328741                         5.6990096       9.8334605
              2       1418.2769        3.041383      0.95753511       69.778732     0.022317525       0.1173916     0.051889275           0.45121879   0.00030647438       0.65453513       1.0023047      0.99964483      0.99950069       74.022706      0.15515419       1.5747617       6.0239525       5.4576609        11.21823        12.812083       72.726419       333.18125       50.257191       29.392728       86.040537     0.086583337        0.14505706        0.47231549      0.25194023        0.69980294       2.4020989   2.0934176e-09       147.34619      0.82263905      0.28693165      0.80452199        9.254797       2807.6624       4.9016346         2.833264         2.0683706       2826.7506                 26.403205                 395.74778                           2376.8788                      8.6325339               0.22704642               3.328741                         5.6990096       9.8334605
              3       1418.3045        3.041383      0.95753511       69.778732     0.022317525       0.1173916     0.051889275           0.45121879   0.00030647438       0.65453513       1.0023047       0.9995726      0.99953837       73.868549      0.16461597       1.5038804       6.0123296       5.4504848       11.143655        12.990782       73.224872       332.85147        50.37248        29.43682       86.082683     0.093743019          0.153821          0.483196      0.24572307        0.70441296       2.4134472   2.0934176e-09       147.34619      0.82263905      0.28693165      0.80452199        9.254797       2807.4254        5.047642        2.9651156         2.0825264       2826.5137                 26.403205                 395.74778                           2376.6419                      8.6325339               0.22704642               3.328741                         5.6990096       9.8334605
              3       1418.2705        3.041383      0.95753511       69.778732     0.022317525       0.1173916     0.051889275           0.45121879   0.00030647438       0.65453513       1.0023047      0.99954943      0.99963232       74.208935      0.18398918       1.5662375       5.9946482       5.6160785       11.202021        13.104595       73.077682       329.02995        50.77298       29.478071       86.064409      0.10271284        0.14377735        0.49992125      0.24929591        0.71078718       2.4057338   2.0934176e-09       147.34619      0.82263905      0.28693165      0.80452199        9.254797        2807.315       5.0688485         2.995812         2.0730366       2826.4032                 26.403205                 395.74778                           2376.5315                      8.6325339               0.22704642               3.328741                         5.6990096       9.8334605
              1       1419.1952        3.041383      0.95753511       69.778732     0.022317525       0.1173916     0.051889275           0.45121879   0.00030647438       0.65453513       1.0023047      0.99958339      0.99939302       74.409858      0.21908624        1.524626        6.262091       5.8481853       11.426979        13.716359       73.141335       329.49327       51.584449       29.543221       86.176901     0.078502742        0.14695251        0.55190619       0.2716944        0.73581256       2.4707158   2.0934176e-09       147.34619      0.82263905      0.28693165      0.80452199        9.254797        2808.485       5.4085618         3.355588         2.0529738       2827.5733                 26.403205                 395.74778                           2377.7015                      8.6325339               0.22704642               3.328741                         5.6990096       9.8334605
              1       1419.1923        3.041383      0.95753511       69.778732     0.022317525       0.1173916     0.051889275           0.45121879   0.00030647438       0.65453513       1.0023047      0.99958777      0.99939226       74.413613      0.21961284       1.5296061       6.2603595       5.8493238       11.420105        13.730635       73.154644       329.52844       51.582335       29.542814       86.173718     0.078904678        0.14736205        0.55081307       0.2726448        0.73677948       2.4686894   2.0934176e-09       147.34619      0.82263905      0.28693165      0.80452199        9.254797       2808.5152       5.3905363        3.3381137         2.0524226       2827.6035                 26.403205                 395.74778                           2377.7317                      8.6325339               0.22704642               3.328741                         5.6990096       9.8334605
              1       1419.0997        3.041383      0.95753511       69.778732     0.022317525       0.1173916     0.051889275           0.45121879   0.00030647438       0.65453513       1.0023047      0.99959659       0.9994642       74.322498       0.1878135       1.4931367       6.3621031       5.8815386       11.495161        13.856335       73.308673       327.96606       51.823683       29.377179       86.214331     0.080930713        0.14376082        0.55827701      0.27904867        0.75651014       2.4599528   2.0934176e-09       147.34619      0.82263905      0.28693165      0.80452199        9.254797       2807.5628       5.7741678        3.7254604         2.0487074       2826.6511                 26.403205                 395.74778                           2376.7793                      8.6325339               0.22704642               3.328741                         5.6990096       9.8334605
              1       1420.2969        3.041383      0.95753511       69.778732     0.022317525       0.1173916     0.051889275           0.45121879   0.00030647438       0.65453513       1.0023047      0.99948304      0.99923886       74.793244      0.18629203       1.2720434       6.7586505       6.1403731       10.769684        13.375304       72.214656       323.37613       53.782146       30.277535       86.724615      0.12504148       0.098820891         0.5350804      0.22656885        0.81366439       2.3874324   2.0934176e-09       147.34619      0.82263905      0.28693165      0.80452199        9.254797       2812.4092        4.548226         2.502978          2.045248       2831.4974                 26.403205                 395.74778                           2381.6257                      8.6325339               0.22704642               3.328741                         5.6990096       9.8334605
              4       1419.9897        3.041383      0.95753511       69.778732     0.022317525       0.1173916     0.051889275           0.45121879   0.00030647438       0.65453513       1.0023047      0.99941068      0.99924776       74.707585      0.18298688       1.3646061       6.8115868       6.2221788       10.603645        13.326216       72.310028       323.41611       53.648515       30.357392       86.903241      0.11520536        0.10269091        0.53694429      0.22939847        0.81703697       2.4038087   2.0934176e-09       147.34619      0.82263905      0.28693165      0.80452199        9.254797       2811.5015        4.694809        2.6630877         2.0317213       2830.5898                 26.403205                 395.74778                            2380.718                      8.6325339               0.22704642               3.328741                         5.6990096       9.8334605
              3       1419.9583        3.041383      0.95753511       69.778732     0.022317525       0.1173916     0.051889275           0.45121879   0.00030647438       0.65453513       1.0023047      0.99916507      0.99899088       72.454924      0.17230533        1.567102       7.2815406       6.1115566       10.975293        13.002257       72.522265       314.67695       54.069238       28.880579       87.173215      0.07629868        0.13079853        0.64648448      0.19162427        0.83352504       2.4304484   2.0934176e-09       147.34619      0.82263905      0.28693165      0.80452199        9.254797       2806.5166       7.1559113        5.1337235         2.0221878       2825.6048                 26.403205                 395.74778                            2375.733                      8.6325339               0.22704642               3.328741                         5.6990096       9.8334605
              1       1420.3334        3.041383      0.95753511       69.778732     0.022317525       0.1173916     0.051889275           0.45121879   0.00030647438       0.65453513       1.0023047      0.99920859      0.99894448       72.531584      0.16284199       1.6479798       7.1448165       5.9160069        11.01301        13.076664       72.628945        315.0537       53.932408       28.914969       86.603397      0.06093273        0.12110602        0.65652923      0.20297532        0.84851198       2.4661102   2.0934176e-09       147.34619      0.82263905      0.28693165      0.80452199        9.254797       2805.1742       8.2021873        6.1802315         2.0219558       2824.2625                 26.403205                 395.74778                           2374.3907                      8.6325339               0.22704642               3.328741                         5.6990096       9.8334605
              3       1419.3747        3.041383      0.95753511       69.778732     0.022317525       0.1173916     0.051889275           0.45121879   0.00030647438       0.65453513       1.0023047      0.99894922      0.99893097       72.632636      0.16323835       1.8532697       6.9861775       5.5405786       10.834656        13.500072       72.251149       308.82206       54.272365       28.305804       85.870629      0.11060549        0.12961518        0.62736701      0.18956533        0.86760818       2.4116041   2.0934176e-09       147.34619      0.82263905      0.28693165      0.80452199        9.254797        2804.887       7.3870884         5.358217         2.0288714       2823.9753                 26.403205                 395.74778                           2374.1035                      8.6325339               0.22704642               3.328741                         5.6990096       9.8334605
              1       1419.4112        3.041383      0.95753511       69.778732     0.022317525       0.1173916     0.051889275           0.45121879   0.00030647438       0.65453513       1.0023047      0.99895664       0.9989809       72.547188      0.16196164       1.8523656       6.9478482       5.4405773       10.760214        13.515988       72.293701       307.88393       54.081725        28.52534       85.780624      0.10198071        0.14100515        0.62650462      0.20688023        0.87675745       2.3805995   2.0934176e-09       147.34619      0.82263905      0.28693165      0.80452199        9.254797       2804.1027       7.8156958        5.7887315         2.0269643        2823.191                 26.403205                 395.74778                           2373.3192                      8.6325339               0.22704642               3.328741                         5.6990096       9.8334605
              4        1418.282        3.041383      0.95753511       69.778732     0.022317525       0.1173916     0.051889275           0.45121879   0.00030647438       0.65453513       1.0023047      0.99916027      0.99871309       72.782573       0.1228875       1.8928601       6.9363202       5.6890891       10.895878        13.923909       73.009091       306.56371       55.960398       29.364784       85.624227      0.10309566        0.13909579        0.62195753      0.24738807         0.8541636       2.3535104   2.0934176e-09       147.34619      0.82263905      0.28693165      0.80452199        9.254797        2805.332       6.0719113        4.0423533          2.029558       2824.4202                 26.403205                 395.74778                           2374.5485                      8.6325339               0.22704642               3.328741                         5.6990096       9.8334605
              1        1419.151        3.041383      0.95753511       69.778732     0.022317525       0.1173916     0.051889275           0.45121879   0.00030647438       0.65453513       1.0023047      0.99914193      0.99867115       72.956468      0.12873415       1.9872632       6.8152134       5.8540141        10.63794        13.815977       72.926672       306.33919       55.826552       29.405498       85.812683      0.11046934        0.12295724        0.63315922      0.25806367        0.87199374       2.3504932   2.0934176e-09       147.34619      0.82263905      0.28693165      0.80452199        9.254797       2806.1483       6.5326839        4.5015296         2.0311542       2825.2366                 26.403205                 395.74778                           2375.3648                      8.6325339               0.22704642               3.328741                         5.6990096       9.8334605
              1       1419.4162        3.041383      0.95753511       69.778732     0.022317525       0.1173916     0.051889275           0.45121879   0.00030647438       0.65453513       1.0023047      0.99881829      0.99867344       72.580692      0.11824157       2.0553012       6.6905986       5.9357486       9.6656993        13.831669        72.62764       287.18034       56.702456       28.722138       85.786685     0.043807617       0.073638663        0.54750251      0.25916955        0.75702079       2.3403843   2.0934176e-09       147.34619      0.82263905      0.28693165      0.80452199        9.254797       2804.8198       7.4621876        5.4318858         2.0303018       2823.9081                 26.403205                 395.74778                           2374.0363                      8.6325339               0.22704642               3.328741                         5.6990096       9.8334605
              1        1421.709        3.041383      0.95753511       69.778732     0.022317525       0.1173916     0.051889275           0.45121879   0.00030647438       0.65453513       1.0023047      0.99839025      0.99850968       73.200584      0.16067961       1.6634613       5.8774913       5.8728446        10.05455        13.647661       73.139155       281.07963       58.795037       27.468907       84.871796     0.051813187        0.11470012        0.55864629      0.25317285        0.79651248       2.2249748   2.0934176e-09       147.34619      0.82263905      0.28693165      0.80452199        9.254797       2809.3191       7.5053603        5.4365059         2.0688544       2828.4073                 26.403205                 395.74778                           2378.5355                      8.6325339               0.22704642               3.328741                         5.6990096       9.8334605
              2       1421.4941        3.041383      0.95753511       69.778732     0.022317525       0.1173916     0.051889275           0.45121879   0.00030647438       0.65453513       1.0023047      0.99846922       0.9992406        72.29953      0.12302498       1.6823546       6.3542276       5.0064326       9.3365276        13.852172       73.728425       287.55462       59.744476       26.141528       83.650567     0.068827368        0.17026022        0.47400077      0.31355251        0.75144897       2.2065005   2.0934176e-09       147.34619      0.82263905      0.28693165      0.80452199        9.254797       2805.7423       9.0787844        7.0497824          2.029002       2824.8305                 26.403205                 395.74778                           2374.9588                      8.6325339               0.22704642               3.328741                         5.6990096       9.8334605
              1       1421.7301        3.041383      0.95753511       69.778732     0.022317525       0.1173916     0.051889275           0.45121879   0.00030647438       0.65453513       1.0023047      0.99876218      0.99888498       72.511517     0.064206152       1.8296714        5.905686       4.9905458       8.8681234        14.662376       73.919741       282.24374       60.624721       27.136249       81.250414     0.075806682        0.16595692        0.38763099      0.29095326        0.76826265        2.221702   2.0934176e-09       147.34619      0.82263905      0.28693165      0.80452199        9.254797       2810.2314       7.0702928        5.0280378          2.042255       2829.3196                 26.403205                 395.74778                           2379.4479                      8.6325339               0.22704642               3.328741                         5.6990096       9.8334605
              1       1422.9644        3.041383      0.95753511       69.778732     0.022317525       0.1173916     0.051889275           0.45121879   0.00030647438       0.65453513       1.0023047      0.99884653      0.99882984       72.041111     0.076479946       1.8862377       5.6429197       4.7718302       9.3061274         14.34437       73.476781       274.25717       61.366286       27.002033       81.502136     0.081682486        0.15399258        0.36808942      0.30353505        0.74667717       2.1111457   2.0934176e-09       147.34619      0.82263905      0.28693165      0.80452199        9.254797       2813.7608       6.5398509        4.4831841         2.0566669        2832.849                 26.403205                 395.74778                           2382.9773                      8.6325339               0.22704642               3.328741                         5.6990096       9.8334605
              2       1422.8906        3.041383      0.95753511       69.778732     0.022317525       0.1173916     0.051889275           0.45121879   0.00030647438       0.65453513       1.0023047      0.99885092      0.99880962       72.043331     0.075390897       1.9084961       5.6868602       4.7326614       9.3143195        14.358035       73.536133       275.45024       61.649783       27.085536       81.547528     0.080917241         0.1513199        0.37204491      0.30849634         0.7484078       2.1062325   2.0934176e-09       147.34619      0.82263905      0.28693165      0.80452199        9.254797       2813.5948       6.5490885        4.4994871         2.0496014       2832.6831                 26.403205                 395.74778                           2382.8113                      8.6325339               0.22704642               3.328741                         5.6990096       9.8334605
              1       1422.8221        3.041383      0.95753511       69.778732     0.022317525       0.1173916     0.051889275           0.45121879   0.00030647438       0.65453513       1.0023047       0.9988483      0.99879582       72.031938     0.073282161       1.8922503       5.6700916       4.7118324       9.2877716        14.366277       73.559743       275.55429       61.615513       27.046207       81.598188     0.079795287        0.15085391        0.37295452      0.30813157        0.74733883       2.1033102   2.0934176e-09       147.34619      0.82263905      0.28693165      0.80452199        9.254797       2813.4363       6.5598624        4.5065506         2.0533118       2832.5245                 26.403205                 395.74778                           2382.6527                      8.6325339               0.22704642               3.328741                         5.6990096       9.8334605
              1       1423.8882        3.041383      0.95753511       69.778732     0.022317525       0.1173916     0.051889275           0.45121879   0.00030647438       0.65453513       1.0023047      0.99875646      0.99875932        71.85905     0.091100492       1.9314861       5.8197541       4.6042569       9.2939012        14.696411       73.563188       274.72965       61.216636       27.102746       81.520532     0.066416437        0.14327343        0.36294666       0.3065546        0.75781007       2.0969773   2.0934176e-09       147.34619      0.82263905      0.28693165      0.80452199        9.254797       2814.0928       7.2976737        5.2607926         2.0368811       2833.1811                 26.403205                 395.74778                           2383.3093                      8.6325339               0.22704642               3.328741                         5.6990096       9.8334605
              2        1428.543        3.041383      0.95753511       69.778732     0.022317525       0.1173916     0.051889275           0.45121879   0.00030647438       0.65453513       1.0023047      0.99874033      0.99873381       71.195957     0.087358201       1.9451327       6.0187014       5.0793271       9.8847256        15.622978       73.915158       269.06229       59.268596       27.454681       80.578915     0.069512701        0.13041646        0.34068759      0.26707035        0.76934546       2.1508585   2.0934176e-09       147.34619      0.82263905      0.28693165      0.80452199        9.254797       2825.5482       6.2247678        4.1996489         2.0251189       2844.6364                 26.403205                 395.74778                           2394.7646                      8.6325339               0.22704642               3.328741                         5.6990096       9.8334605
              3       1426.4659        3.041383      0.95753511       69.778732     0.022317525       0.1173916     0.051889275           0.45121879   0.00030647438       0.65453513       1.0023047      0.99861911      0.99872319       71.110065     0.088101514       2.1082204       5.8904907       5.1460281       9.9965853        15.572626       74.269265       270.09277       59.356726       27.567182       80.683071     0.061449311        0.13675562        0.36031747      0.27294555        0.76578701         2.14319   2.0934176e-09       147.34619      0.82263905      0.28693165      0.80452199        9.254797       2820.7006       6.5714518        4.5507974         2.0206544       2839.7888                 26.403205                 395.74778                           2389.9171                      8.6325339               0.22704642               3.328741                         5.6990096       9.8334605
              1       1426.2218        3.041383      0.95753511       69.778732     0.022317525       0.1173916     0.051889275           0.45121879   0.00030647438       0.65453513       1.0023047      0.99854986      0.99863325       71.107505      0.10249637       1.9572222       6.0160275       4.8881225       10.202878        15.744112       75.144888       269.94536       60.436904       28.178065       81.662362     0.061149703        0.16523561        0.31930413      0.26620341         0.7731009        2.187249   2.0934176e-09       147.34619      0.82263905      0.28693165      0.80452199        9.254797       2817.5052       7.9250817         5.900631         2.0244507       2836.5935                 26.403205                 395.74778                           2386.7217                      8.6325339               0.22704642               3.328741                         5.6990096       9.8334605
              2       1426.7412        3.041383      0.95753511       69.778732     0.022317525       0.1173916     0.051889275           0.45121879   0.00030647438       0.65453513       1.0013705      0.99854986      0.99863325       71.107505      0.10249637       1.9572222       6.0160275       4.8881225       10.202878        15.744112       75.144888       269.94536       60.436904       28.178065       81.662362     0.061149703        0.16523561        0.31930413      0.26620341         0.7731009        2.187249   2.0934176e-09       147.34619      0.82263905      0.28693165      0.80452199        9.254797       2819.0934       7.6504078        5.6259571         2.0244507       2838.1816                 26.594005                 395.75723                           2388.0804                       8.661678               0.22704642               3.328741                         5.6990096       9.8334605
              2       1422.0326        3.041383      0.95753511       69.778732     0.022317525       0.1173916     0.051889275           0.45121879   0.00030647438       0.65453513       1.0013705      0.99840281      0.99877123       70.239021       0.1102197       1.9930975       5.7111763       5.6828897       10.419436        15.097871       76.614735       274.15238       59.751109         28.5277       80.811088      0.13356222        0.13758781        0.31123731      0.22499955        0.78173509       2.1467624   2.0934176e-09       147.34619      0.82263905      0.28693165      0.80452199        9.254797       2813.3072       5.8348793        3.7973373          2.037542       2832.3954                 26.594005                 395.75723                           2382.2943                       8.661678               0.22704642               3.328741                         5.6990096       9.8334605
              4       1420.0827        3.041383      0.95753511       69.778732     0.022317525       0.1173916     0.051889275           0.45121879   0.00030647438       0.65453513       1.0013705      0.99880468      0.99912721       71.031673      0.13094863       1.7915365       5.3654551       6.4747493        9.652416        14.984166       76.028269       276.70472       57.022226       28.553531        81.52328      0.15547075        0.10900961        0.35983236      0.24179289        0.74817913        2.259773   2.0934176e-09       147.34619      0.82263905      0.28693165      0.80452199        9.254797       2812.1631       4.4570653        2.3501787         2.1068866       2831.2513                 26.594005                 395.75723                           2381.1501                       8.661678               0.22704642               3.328741                         5.6990096       9.8334605
              1       1418.1428        3.041383      0.95753511       69.778732     0.022317525       0.1173916     0.051889275           0.45121879   0.00030647438       0.65453513       1.0013705       0.9989915      0.99903732       70.882304      0.12332409       2.0191719       5.3496051       6.6136109       9.8443613        14.086844       76.310964       273.25069       57.760193       28.937735       81.761746      0.16579646        0.16371076        0.38775165      0.28566066        0.74282772       2.3348341   2.0934176e-09       147.34619      0.82263905      0.28693165      0.80452199        9.254797        2808.451       4.3731745        2.3086301         2.0645444       2827.5393                 26.594005                 395.75723                           2377.4381                       8.661678               0.22704642               3.328741                         5.6990096       9.8334605
              1       1418.3784        3.041383      0.95753511       69.778732     0.022317525       0.1173916     0.051889275           0.45121879   0.00030647438       0.65453513       1.0013705      0.99900402      0.99902627       70.888484      0.12179444       2.0061248       5.3855852       6.6178681       9.8561798        14.095492       76.300222       273.47231       57.887128       28.970169       81.759979      0.16736305        0.16105037        0.38653891      0.29098285        0.74482715       2.3305949   2.0934176e-09       147.34619      0.82263905      0.28693165      0.80452199        9.254797       2808.9122        4.378181        2.3151675         2.0630135       2828.0004                 26.594005                 395.75723                           2377.8993                       8.661678               0.22704642               3.328741                         5.6990096       9.8334605
              1        1418.953        3.041383      0.95753511       69.778732     0.022317525       0.1173916     0.051889275           0.45121879   0.00030647438       0.65453513       1.0013705       0.9990523      0.99896153       70.835135      0.12672789       2.0096841       5.1568513       6.7321106       10.187296        14.482897       76.011883        274.3231       57.946299       28.869916       82.294095      0.17692892        0.17291239        0.38353494      0.28105911        0.76807271       2.3418711   2.0934176e-09       147.34619      0.82263905      0.28693165      0.80452199        9.254797       2809.5136       4.6520568        2.5638613         2.0881955       2828.6018                 26.594005                 395.75723                           2378.5006                       8.661678               0.22704642               3.328741                         5.6990096       9.8334605
              1       1418.8988       3.0413221      0.95754449       69.778732     0.022316416      0.11738259      0.05188952           0.45115138   0.00030637112       0.65442393       1.0013705       0.9990523      0.99896153       70.835135      0.12672789       2.0096841       5.1568513       6.7321106       10.187296        14.482897       76.011883        274.3231       57.946299       28.869916       82.294095      0.17692892        0.17291239        0.38353494      0.28105911        0.76807271       2.3418711   2.0932901e-09        147.3498      0.82258409      0.28691086       0.8044391        9.262914       2809.3971       4.6520568        2.5638613         2.0881955       2828.4934                 26.584503                 395.75723                           2378.3982                      8.6571371               0.22753365              3.3305453                         5.7048351       9.8334605
              2       1419.5953       3.0413221      0.95754449       69.778732     0.022316416      0.11738259      0.05188952           0.45115138   0.00030637112       0.65442393       1.0013705      0.99882691      0.99883817       70.788749      0.15514127       1.8037361       4.9546141       6.6509427       10.387726        14.220874       75.768397       275.17581       58.211958       28.829704       81.397289      0.13657328        0.12832132        0.37213367      0.28385979        0.79366425       2.4299253   2.0932901e-09        147.3498      0.82258409      0.28691086       0.8044391        9.262914       2811.3154       4.3894195        2.2188889         2.1705306       2830.4118                 26.584503                 395.75723                           2380.3166                      8.6571371               0.22753365              3.3305453                         5.7048351       9.8334605
              1       1419.2836       3.0413221      0.95754449       69.778732     0.022316416      0.11738259      0.05188952           0.45115138   0.00030637112       0.65442393       1.0013705      0.99889804      0.99882811       71.179222      0.12784947       1.4817661       4.9249268        6.932059       9.9608551        14.594448       76.527711       282.31374       56.565616        28.45264       80.885558        0.119831         0.1618556        0.36811322      0.29954131         0.8433386       2.4541733   2.0932901e-09        147.3498      0.82258409      0.28691086       0.8044391        9.262914       2808.1244       5.6732343        3.3857553          2.287479       2827.2208                 26.584503                 395.75723                           2377.1256                      8.6571371               0.22753365              3.3305453                         5.7048351       9.8334605
              2       1419.5211       3.0413221      0.95754449       69.778732     0.022316416      0.11738259      0.05188952           0.45115138   0.00030637112       0.65442393       1.0018167      0.99889556      0.99883005       71.179188      0.12780871       1.4819481       4.9268183       6.9336684       9.9637523        14.596027       76.540462       282.33894       56.574138       28.448973       80.888612      0.12022004        0.16174933        0.36867939      0.29961527        0.84345958       2.4547715   2.0932901e-09        147.3498      0.82258409      0.28691086       0.8044391        9.262914       2808.3693       5.7882736         3.501329         2.2869446       2827.4656                 26.493068                 395.74471                            2377.493                      8.6384717               0.22753365              3.3305453                         5.7048351       9.8334605
              3       1419.0201       3.0413221      0.95754449       69.778732     0.022316416      0.11738259      0.05188952           0.45115138   0.00030637112       0.65442393       1.0018167      0.99905246      0.99889517       71.105772      0.12794074       1.8284227       5.2280211       7.8927881       10.520713        13.604129       77.215209        285.6568        57.21266       28.634666       78.872686     0.076986276        0.13587641        0.44432545      0.30891013        0.83248968       2.5292431   2.0932901e-09        147.3498      0.82258409      0.28691086       0.8044391        9.262914       2808.6811       5.1314063        3.0131294         2.1182769       2827.7774                 26.493068                 395.74471                           2377.8048                      8.6384717               0.22753365              3.3305453                         5.7048351       9.8334605
              2       1418.5473       3.0413221      0.95754449       69.778732     0.022316416      0.11738259      0.05188952           0.45115138   0.00030637112       0.65442393       1.0018167      0.99900779      0.99891192       71.387195       0.1361607       1.7525135       5.5403098       7.7583485       10.524694        13.658643       77.333304       283.70892       56.769159       28.719389       78.774254     0.089744408        0.15072419        0.46278121      0.31943851        0.82409778       2.5834164   2.0932901e-09        147.3498      0.82258409      0.28691086       0.8044391        9.262914       2807.4999       5.2492118        3.1574626         2.0917492       2826.5963                 26.493068                 395.74471                           2376.6236                      8.6384717               0.22753365              3.3305453                         5.7048351       9.8334605
              1       1419.5695       3.0413221      0.95754449       69.778732     0.022316416      0.11738259      0.05188952           0.45115138   0.00030637112       0.65442393       1.0018167       0.9991888      0.99883478       71.549805      0.13907721       1.7445655       5.7081019       7.8610471       10.340778         13.69084       77.679916       287.67115       56.655206       28.763341       79.601702     0.045860874        0.15147427        0.42623906      0.32019219        0.80871369       2.6532556   2.0932901e-09        147.3498      0.82258409      0.28691086       0.8044391        9.262914       2807.6175       6.2125328        4.1393605         2.0731723       2826.7139                 26.493068                 395.74471                           2376.7413                      8.6384717               0.22753365              3.3305453                         5.7048351       9.8334605
              1       1420.1061       3.0413221      0.95754449       69.778732     0.022316416      0.11738259      0.05188952           0.45115138   0.00030637112       0.65442393       1.0018167      0.99923207      0.99903525       71.880569      0.11685766       1.7554789       5.5043041       8.0018097       10.638509        13.866751       78.690364       286.15039       56.366422       28.916264       79.634919      0.06911811        0.15396002        0.39529156      0.34275883        0.76315455       2.6031026   2.0932901e-09        147.3498      0.82258409      0.28691086       0.8044391        9.262914        2809.842       5.6369071        3.5410895         2.0958176       2828.9384                 26.493068                 395.74471                           2378.9658                      8.6384717               0.22753365              3.3305453                         5.7048351       9.8334605
              1       1420.5798       3.0413221      0.95754449       69.778732     0.022316416      0.11738259      0.05188952           0.45115138   0.00030637112       0.65442393       1.0018167      0.99917655      0.99898794       72.109961      0.13534422       1.7457398       5.5520474       7.9603659       10.228753        13.847322       79.283652       286.83624       56.822425       29.156746       78.048354     0.072517153        0.17192119        0.36861931      0.27177056        0.74542721       2.5812249   2.0932901e-09        147.3498      0.82258409      0.28691086       0.8044391        9.262914       2812.7004       4.6814639        2.5898303         2.0916337       2831.7968                 26.493068                 395.74471                           2381.8241                      8.6384717               0.22753365              3.3305453                         5.7048351       9.8334605
              1       1419.8092       3.0413221      0.95754449       69.778732     0.022316416      0.11738259      0.05188952           0.45115138   0.00030637112       0.65442393       1.0018167      0.99923283      0.99904879       72.489533      0.13813347       1.7172815       5.4500031       8.3289992       10.357305        13.792922       79.316578       287.07612       57.113806       29.444968       78.150658     0.088787273        0.15159014        0.38973833      0.29547119        0.72618265       2.6041934   2.0932901e-09        147.3498      0.82258409      0.28691086       0.8044391        9.262914       2812.9017        3.810174        1.6983951         2.1117789       2831.9981                 26.493068                 395.74471                           2382.0255                      8.6384717               0.22753365              3.3305453                         5.7048351       9.8334605
              1        1420.568       3.0413221      0.95754449       69.778732     0.022316416      0.11738259      0.05188952           0.45115138   0.00030637112       0.65442393       1.0018167      0.99929509      0.99887805       72.138388       0.1177702       1.6749217       5.4205313       8.3329735       10.464991        13.763521       79.805681       282.61096       55.408018       30.363773       77.924251     0.096068257         0.1436663        0.37323802      0.27645353        0.67477487       2.6892503   2.0932901e-09        147.3498      0.82258409      0.28691086       0.8044391        9.262914        2815.904       3.0678383       0.94146175         2.1263766       2835.0004                 26.493068                 395.74471                           2385.0278                      8.6384717               0.22753365              3.3305453                         5.7048351       9.8334605
              1        1420.397       3.0413221      0.95754449       69.778732     0.022316416      0.11738259      0.05188952           0.45115138   0.00030637112       0.65442393       1.0018167      0.99899261      0.99875355       72.251069      0.12014258       1.7513345       6.4041324       9.1131304       11.477383        13.943954        79.70658       285.07318       53.728091        30.93738       79.208919     0.055847959        0.14425764        0.33789301      0.27737256        0.66182677       2.4559883   2.0932901e-09        147.3498      0.82258409      0.28691086       0.8044391        9.262914       2812.2563       4.7206565        2.6983124         2.0223441       2831.3527                 26.493068                 395.74471                           2381.3801                      8.6384717               0.22753365              3.3305453                         5.7048351       9.8334605
              2       1416.4026       3.0413221      0.95754449       69.778732     0.022316416      0.11738259      0.05188952           0.45115138   0.00030637112       0.65442393       1.0018167      0.99885658      0.99830648       72.223277      0.14203417       2.0698323       5.6098819       9.3710783       11.370189        14.300342       78.917272       288.41398       51.639671       30.695876       78.212019     0.071969224         0.1414272        0.43557676      0.26718985        0.68918738       2.3787523   2.0932901e-09        147.3498      0.82258409      0.28691086       0.8044391        9.262914       2808.1913       2.7587491       0.72261319         2.0361359       2827.2877                 26.493068                 395.74471                           2377.3151                      8.6384717               0.22753365              3.3305453                         5.7048351       9.8334605
              1       1416.9808       3.0413221      0.95754449       69.778732     0.022316416      0.11738259      0.05188952           0.45115138   0.00030637112       0.65442393       1.0018167      0.99902477      0.99843699       71.926172       0.1603677       2.2472927       6.1753052       9.3105541       11.314981        14.498657       77.367404       277.31567       51.251337       30.222213       79.099548     0.027375282       0.084847028        0.49377039      0.24311101        0.67748552       2.4359098   2.0932901e-09        147.3498      0.82258409      0.28691086       0.8044391        9.262914       2804.6718       5.0966524        3.0750223         2.0216301       2823.7682                 26.493068                 395.74471                           2373.7956                      8.6384717               0.22753365              3.3305453                         5.7048351       9.8334605
              1       1415.8759       3.0413221      0.95754449       69.778732     0.022316416      0.11738259      0.05188952           0.45115138   0.00030637112       0.65442393       1.0018167      0.99874933      0.99858928       71.842248      0.22740973       2.4412634       6.4367026       9.1452845        10.64812        14.915958       77.935091       273.79255       50.940952       30.499574       79.326537     0.056100932        0.11990825        0.51102768      0.28198432        0.61175827       2.4031466   2.0932901e-09        147.3498      0.82258409      0.28691086       0.8044391        9.262914       2803.6297       4.5128577        2.4558522         2.0570055       2822.7261                 26.493068                 395.74471                           2372.7534                      8.6384717               0.22753365              3.3305453                         5.7048351       9.8334605
              1       1416.9191       3.0413221      0.95754449       69.778732     0.022316416      0.11738259      0.05188952           0.45115138   0.00030637112       0.65442393       1.0018167      0.99871994      0.99866189        71.70483      0.23987575        2.426675       6.7912164       8.9935417       10.814215        15.148949       78.072185       272.02582       50.394302       30.775188       79.354752     0.043981311        0.13777985        0.50390981      0.29443917        0.61950925        2.426803   2.0932901e-09        147.3498      0.82258409      0.28691086       0.8044391        9.262914       2804.0484       5.3466911        3.2525829         2.0941082       2823.1448                 26.493068                 395.74471                           2373.1722                      8.6384717               0.22753365              3.3305453                         5.7048351       9.8334605
              1       1417.7567       3.0413221      0.95754449       69.778732     0.022316416      0.11738259      0.05188952           0.45115138   0.00030637112       0.65442393       1.0018167      0.99868226      0.99860719       71.683244      0.23501013       2.4402053       6.8864615       9.0513412       10.757345        15.564139       77.822459         272.467       50.555158       30.550088       79.983678      0.04496454        0.13679097        0.51834801      0.32451181        0.62755701       2.3603633   2.0932901e-09        147.3498      0.82258409      0.28691086       0.8044391        9.262914       2804.7566        5.830197        3.7200829         2.1101141        2823.853                 26.493068                 395.74471                           2373.8803                      8.6384717               0.22753365              3.3305453                         5.7048351       9.8334605
              1        1417.351       3.0413221      0.95754449       69.778732     0.022316416      0.11738259      0.05188952           0.45115138   0.00030637112       0.65442393       1.0022186      0.99868226      0.99860719       71.683244      0.23501013       2.4402053       6.8864615       9.0513412       10.757345        15.564139       77.822459         272.467       50.555158       30.550088       79.983678      0.04496454        0.13679097        0.51834801      0.32451181        0.62755701       2.3603633   2.0932901e-09        147.3498      0.82258409      0.28691086       0.8044391        9.262914       2803.6858       5.9599509        3.8498368         2.1101141       2822.7822                 26.411295                 395.73642                           2372.9067                      8.6313457               0.22753365              3.3305453                         5.7048351       9.8334605
              3        1416.264       3.0413221      0.95754449       69.778732     0.022316416      0.11738259      0.05188952           0.45115138   0.00030637112       0.65442393       1.0022186      0.99868149      0.99874243       72.428261      0.25218825       2.5150444       7.1994793       9.3158891        11.28556           14.288       77.364199       265.79058       47.408515       29.639171       80.884423      0.10813928        0.17406013        0.58816954      0.29187632        0.61411158       2.2591246   2.0932901e-09        147.3498      0.82258409      0.28691086       0.8044391        9.262914       2802.4986       5.4664667        3.2838811         2.1825856        2821.595                 26.411295                 395.73642                           2371.7196                      8.6313457               0.22753365              3.3305453                         5.7048351       9.8334605
              1       1417.2252       3.0413221      0.95754449       69.778732     0.022316416      0.11738259      0.05188952           0.45115138   0.00030637112       0.65442393       1.0022186      0.99863875      0.99864009       72.483637      0.25744094       2.3143457       7.2071913       9.3784727       11.449359        14.410482       77.615741       267.16085       47.312933       29.586448       81.000502     0.097162334        0.16021172        0.61821211       0.2856412        0.61273757       2.2944542   2.0932901e-09        147.3498      0.82258409      0.28691086       0.8044391        9.262914       2804.0148       5.6695991        3.5415756         2.1280234       2823.1111                 26.411295                 395.73642                           2373.2357                      8.6313457               0.22753365              3.3305453                         5.7048351       9.8334605
              1        1417.965       3.0413221      0.95754449       69.778732     0.022316416      0.11738259      0.05188952           0.45115138   0.00030637112       0.65442393       1.0022186      0.99862676      0.99858707       72.491204      0.26448245        2.303887       7.3074076       9.3493641       11.666389        14.346788       77.788764       265.87723       47.809629       29.597899       80.628087      0.11579208        0.14887485        0.60935948      0.29292323        0.60701815       2.2695921   2.0932901e-09        147.3498      0.82258409      0.28691086       0.8044391        9.262914       2806.4123       5.2106352        3.0691443         2.1414909       2825.5087                 26.411295                 395.73642                           2375.6332                      8.6313457               0.22753365              3.3305453                         5.7048351       9.8334605
              2       1417.8798       3.0413221      0.95754449       69.778732     0.022316416      0.11738259      0.05188952           0.45115138   0.00030637112       0.65442393       1.0022186      0.99862349      0.99859423       72.526282      0.26067201       2.3018115        7.292557       9.3438617       11.685574        14.339512       77.759764       265.56719       47.744513       29.616208       80.608786      0.11532224        0.14912126        0.60908943      0.29076086        0.60726986       2.2761279   2.0932901e-09        147.3498      0.82258409      0.28691086       0.8044391        9.262914       2806.2524       5.2054254        3.0669319         2.1384935       2825.3487                 26.411295                 395.73642                           2375.4733                      8.6313457               0.22753365              3.3305453                         5.7048351       9.8334605
              2       1417.7146       3.0413221      0.95754449       69.778732     0.022316416      0.11738259      0.05188952           0.45115138   0.00030637112       0.65442393        1.002335      0.99862349      0.99859423       72.526282      0.26067201       2.3018115        7.292557       9.3438617       11.685574        14.339512       77.759764       265.56719       47.744513       29.616208       80.608786      0.11532224        0.14912126        0.60908943      0.29076086        0.60726986       2.2761279   2.0932901e-09        147.3498      0.82258409      0.28691086       0.8044391        9.262914       2805.8372       5.2478366        3.1093431         2.1384935       2824.9336                 26.387712                 395.74778                           2375.0707                      8.6309925               0.22753365              3.3305453                         5.7048351       9.8334605
              1       1422.4352       3.0413221      0.95754449       69.778732     0.022316416      0.11738259      0.05188952           0.45115138   0.00030637112       0.65442393        1.002335      0.99851422      0.99885499       73.544277      0.28134123       2.1707009       6.4804944        9.253494        11.97907        16.644194       78.004974       276.87955       47.273155       27.942705       80.353623      0.06703809        0.14205446          0.680189      0.26582625        0.46813999       2.1414864   2.0932901e-09        147.3498      0.82258409      0.28691086       0.8044391        9.262914       2804.8236       10.475241        8.4462588         2.0289823       2823.9199                 26.387712                 395.74778                           2374.0571                      8.6309925               0.22753365              3.3305453                         5.7048351       9.8334605
              1       1420.8008       3.0413221      0.95754449       69.778732     0.022316416      0.11738259      0.05188952           0.45115138   0.00030637112       0.65442393        1.002335      0.99862428      0.99884074       73.650951      0.28798926       2.3147963       6.3717392       9.2694934       12.129218        16.820867       78.447769       275.14572       47.620396       28.471361       79.383726     0.089721663          0.152308         0.6903555      0.23881937        0.48479019       2.0928597   2.0932901e-09        147.3498      0.82258409      0.28691086       0.8044391        9.262914       2804.1762       9.1645053          7.12856         2.0359453       2823.2725                 26.387712                 395.74778                           2373.4097                      8.6309925               0.22753365              3.3305453                         5.7048351       9.8334605
              1       1420.3018       3.0413221      0.95754449       69.778732     0.022316416      0.11738259      0.05188952           0.45115138   0.00030637112       0.65442393       1.0023742      0.99859709      0.99875413       74.067916      0.25013248        2.113959       5.6179348       8.8155708       11.466803        17.579712       77.373414       275.02941       51.466814        26.32564       79.351154      0.15589348        0.18433724        0.68500675      0.24206891        0.59472738       2.1393837   2.0932901e-09        147.3498      0.82258409      0.28691086       0.8044391        9.262914       2806.7678       7.3697302        5.3383055         2.0314248       2825.8641                 26.379776                 395.75024                           2376.0067                      8.6310463               0.22753365              3.3305453                         5.7048351       9.8334605
              4       1420.0155       3.0413221      0.95754449       69.778732     0.022316416      0.11738259      0.05188952           0.45115138   0.00030637112       0.65442393       1.0023742      0.99860649      0.99881082        74.13749      0.25617466         2.06832       5.6312107       8.8954486       11.513622        17.479826       77.671075       277.02032         51.5583       26.166647       79.036275      0.15700578        0.19225399        0.66973836      0.24667275         0.5944458       2.1603046   2.0932901e-09        147.3498      0.82258409      0.28691086       0.8044391        9.262914       2805.9972        7.468687        5.4337465         2.0349405       2825.0936                 26.379776                 395.75024                           2375.2362                      8.6310463               0.22753365              3.3305453                         5.7048351       9.8334605
              1       1418.9694       3.0413221      0.95754449       69.778732     0.022316416      0.11738259      0.05188952           0.45115138   0.00030637112       0.65442393       1.0023742      0.99868643      0.99880467       73.704462      0.23708442       2.2447505       5.5464931       8.7819923        11.63199        18.069035       78.134352       273.96544        52.33529       26.458269       78.892877      0.19436216        0.16125543        0.61035444       0.2092688        0.60031592       2.2181159   2.0932901e-09        147.3498      0.82258409      0.28691086       0.8044391        9.262914       2807.8149       5.5137362         3.488909         2.0248273       2826.9113                 26.379776                 395.75024                           2377.0538                      8.6310463               0.22753365              3.3305453                         5.7048351       9.8334605
              1        1419.593       3.0413221      0.95754449       69.778732     0.022316416      0.11738259      0.05188952           0.45115138   0.00030637112       0.65442393       1.0023742      0.99888622      0.99972185       74.813839      0.31825744        2.716414       6.3757575       8.6179313       11.760614        18.293019       76.970548       278.01045       53.257098       25.821958       77.459591      0.12436701        0.15422092        0.55714074      0.16751454        0.62183762       2.2597546   2.0932901e-09        147.3498      0.82258409      0.28691086       0.8044391        9.262914       2808.9744       5.5576573        3.4571436         2.1005138       2828.0707                 26.379776                 395.75024                           2378.2133                      8.6310463               0.22753365              3.3305453                         5.7048351       9.8334605
              1       1419.7183       3.0413221      0.95754449       69.778732     0.022316416      0.11738259      0.05188952           0.45115138   0.00030637112       0.65442393       1.0023742      0.99883436      0.99972021       74.925611      0.32557624       2.6557823       6.2789822       8.6018112        11.82466        18.238684       76.781702       277.25216       53.456551       25.760574       77.623546      0.12474506         0.1441273        0.55246072      0.16660567        0.60070127       2.2900945   2.0932901e-09        147.3498      0.82258409      0.28691086       0.8044391        9.262914       2808.8582       5.7410363        3.6647485         2.0762878       2827.9546                 26.379776                 395.75024                           2378.0972                      8.6310463               0.22753365              3.3305453                         5.7048351       9.8334605
              2       1419.2878       3.0413221      0.95754449       69.778732     0.022316416      0.11738259      0.05188952           0.45115138   0.00030637112       0.65442393       1.0023742       0.9988257      0.99969048       74.964773      0.32310053        2.690041       6.3095514       8.6801903        11.81616        18.101059       76.915495       279.13423       53.670787       25.741284        77.65263      0.12100127        0.14325284        0.54417417      0.16599812        0.59626274       2.2840088   2.0932901e-09        147.3498      0.82258409      0.28691086       0.8044391        9.262914       2808.2283       5.6254582        3.5390105         2.0864477       2827.3247                 26.379776                 395.75024                           2377.4672                      8.6310463               0.22753365              3.3305453                         5.7048351       9.8334605
              1       1419.7438       3.0413221      0.95754449       69.778732     0.022316416      0.11738259      0.05188952           0.45115138   0.00030637112       0.65442393       1.0023742      0.99880531      0.99964485       75.107563       0.3258879       2.6472735       6.4098617       8.8848226       11.994162        18.031961       76.878325       281.66538       53.237579       25.661833       77.709189      0.11669447        0.15800443        0.54724123      0.17869697        0.58245185       2.3112752   2.0932901e-09        147.3498      0.82258409      0.28691086       0.8044391        9.262914       2808.3888       6.0011702        3.9107211         2.0904491       2827.4852                 26.379776                 395.75024                           2377.6278                      8.6310463               0.22753365              3.3305453                         5.7048351       9.8334605
              2       1419.2074       3.0413221      0.95754449       69.778732     0.022316416      0.11738259      0.05188952           0.45115138   0.00030637112       0.65442393       1.0023742      0.99860138      0.99944343       74.841777      0.26339164       2.6130175       6.6131809       8.4088048       12.396496        17.405578       77.205146       283.91373       54.431135       26.784539       78.565718      0.11649482        0.15521456        0.52115726      0.16573622        0.57435413        2.377463   2.0932901e-09        147.3498      0.82258409      0.28691086       0.8044391        9.262914       2807.0767       6.1208021        4.0102258         2.1105763       2826.1731                 26.379776                 395.75024                           2376.3157                      8.6310463               0.22753365              3.3305453                         5.7048351       9.8334605
              1       1418.8614       3.0413221      0.95754449       69.778732     0.022316416      0.11738259      0.05188952           0.45115138   0.00030637112       0.65442393       1.0023742      0.99872835      0.99941974       74.535695      0.25606192       2.7542103       6.3712882       8.4332297       12.148308        17.238495       77.520479       286.56084       53.557653       27.079337       78.831365     0.089198199        0.15458481        0.52421802      0.17377603        0.57373725       2.4241673   2.0932901e-09        147.3498      0.82258409      0.28691086       0.8044391        9.262914       2806.6301       5.9981864        3.8898941         2.1082923       2825.7265                 26.379776                 395.75024                           2375.8691                      8.6310463               0.22753365              3.3305453                         5.7048351       9.8334605
              2       1418.3461       3.0413221      0.95754449       69.778732     0.022316416      0.11738259      0.05188952           0.45115138   0.00030637112       0.65442393       1.0023742      0.99887347      0.99924016       75.127314      0.20139086       2.4773605       6.7511653       8.4589846       11.473225        17.849622       77.509735       287.78092       53.000536       27.825297       79.943884     0.087468183        0.14724154         0.5313862      0.19544265        0.56244584       2.3218044   2.0932901e-09        147.3498      0.82258409      0.28691086       0.8044391        9.262914       2808.2322        4.681793        2.5822375         2.0995555       2827.3286                 26.379776                 395.75024                           2377.4711                      8.6310463               0.22753365              3.3305453                         5.7048351       9.8334605
              2       1420.4331       3.0413221      0.95754449       69.778732     0.022316416      0.11738259      0.05188952           0.45115138   0.00030637112       0.65442393       1.0023742      0.99901917      0.99939085       75.148029      0.18034532       2.8190459       7.3760896       8.2552621       11.530041        17.912567       77.613496        293.4132        52.99146       28.009354        78.47811      0.10898675        0.10825876        0.52315536      0.22557469        0.51935811       2.3133821   2.0932901e-09        147.3498      0.82258409      0.28691086       0.8044391        9.262914       2810.9185       5.4256132        3.0916356         2.3339776       2830.0149                 26.379776                 395.75024                           2380.1574                      8.6310463               0.22753365              3.3305453                         5.7048351       9.8334605
              2       1420.6176       3.0413221      0.95754449       69.778732     0.022316416      0.11738259      0.05188952           0.45115138   0.00030637112       0.65442393       1.0023742      0.99901059      0.99940473         75.1829      0.17979874        2.823656       7.4198636       8.2607057       11.503536        17.919613       77.589916       293.53385       53.026403       27.955119       78.495392      0.10739945        0.10778952        0.52318778       0.2265889        0.51954749       2.3113635   2.0932901e-09        147.3498      0.82258409      0.28691086       0.8044391        9.262914       2811.0926       5.5231054        3.1754187         2.3476867        2830.189                 26.379776                 395.75024                           2380.3316                      8.6310463               0.22753365              3.3305453                         5.7048351       9.8334605
              1        1419.598       3.0413221      0.95754449       69.778732     0.022316416      0.11738259      0.05188952           0.45115138   0.00030637112       0.65442393       1.0023742      0.99899694      0.99944197       75.332202      0.17158491        2.880344       7.3557984        8.073269       11.553328         17.73286        77.52649       292.48785       53.072971       27.996008       78.739642      0.10757271        0.12295038        0.50955362      0.21209314        0.51754075       2.3023493   2.0932901e-09        147.3498      0.82258409      0.28691086       0.8044391        9.262914       2809.1759       5.4618445        3.1069039         2.3549405       2828.2723                 26.379776                 395.75024                           2378.4149                      8.6310463               0.22753365              3.3305453                         5.7048351       9.8334605
              2       1420.1449       3.0413221      0.95754449       69.778732     0.022316416      0.11738259      0.05188952           0.45115138   0.00030637112       0.65442393       1.0023742      0.99899909      0.99886094       75.789527      0.14443641       3.6240396       7.1094415       8.1050417       10.297355        17.687988       79.875783       280.27548       53.622175       28.963715       77.162321     0.092693665       0.089023701        0.51111356      0.22734482        0.54202229       1.9844879   2.0932901e-09        147.3498      0.82258409      0.28691086       0.8044391        9.262914       2812.6155       4.2890077        1.6262449         2.6627628       2831.7119                 26.379776                 395.75024                           2381.8544                      8.6310463               0.22753365              3.3305453                         5.7048351       9.8334605
              3       1419.6433       3.0413221      0.95754449       69.778732     0.022316416      0.11738259      0.05188952           0.45115138   0.00030637112       0.65442393       1.0023742      0.99898203      0.99901675        75.77773      0.15550907       3.6575028       6.6257291       8.2465744       10.471242        17.675333       79.915691       273.96941       54.317226        28.20712       76.863335     0.066748755        0.11010415         0.5443155      0.25404056        0.51383271       1.9526851   2.0932901e-09        147.3498      0.82258409      0.28691086       0.8044391        9.262914       2808.7143       5.7379524        3.2277962         2.5101562       2827.8106                 26.379776                 395.75024                           2377.9532                      8.6310463               0.22753365              3.3305453                         5.7048351       9.8334605
              1       1418.6124       3.0413221      0.95754449       69.778732     0.022316416      0.11738259      0.05188952           0.45115138   0.00030637112       0.65442393       1.0027513      0.99892449      0.99889819       75.808935      0.15606531       3.8375303       6.6000915        8.522688       10.701821        17.480012       79.910042        276.9449       54.627921       28.661878       76.021962     0.054871873         0.1163821        0.51377012      0.24386634        0.50872307       1.9111137   2.0932901e-09        147.3498      0.82258409      0.28691086       0.8044391        9.262914       2806.0663       6.0310679        3.4302667         2.6008012       2825.1627                 26.303715                  395.7439                           2375.3827                      8.6359992               0.22753365              3.3305453                         5.7048351       9.8334605
              1       1419.8162       3.0413221      0.95754449       69.778732     0.022316416      0.11738259      0.05188952           0.45115138   0.00030637112       0.65442393       1.0027513        0.998993      0.99887874       75.877987      0.17179707       3.7539276        6.782397       8.7179974       10.616365        17.409187       79.770908       276.51114       54.689277       28.574022       76.040159     0.039777712        0.12759548        0.49301652      0.25976826         0.5024152       1.9597358   2.0932901e-09        147.3498      0.82258409      0.28691086       0.8044391        9.262914        2807.228       6.6540183        4.0356106         2.6184077       2826.3244                 26.303715                  395.7439                           2376.5444                      8.6359992               0.22753365              3.3305453                         5.7048351       9.8334605
              1       1419.6498       3.0413221      0.95754449       69.778732     0.022316416      0.11738259      0.05188952           0.45115138   0.00030637112       0.65442393       1.0027513      0.99900867        0.998857        75.78068      0.17705151       3.7314504       6.7958794       8.7036126       10.604334        17.441932       79.859701       276.38229        54.91493       28.844688       75.891337     0.042206271        0.12719313         0.5018176      0.25391277         0.4980752       1.9780318   2.0932901e-09        147.3498      0.82258409      0.28691086       0.8044391        9.262914       2807.1518       6.5257566        3.9155356          2.610221       2826.2482                 26.303715                  395.7439                           2376.4682                      8.6359992               0.22753365              3.3305453                         5.7048351       9.8334605
              4       1419.0245       3.0413221      0.95754449       69.778732     0.022316416      0.11738259      0.05188952           0.45115138   0.00030637112       0.65442393       1.0027513      0.99902528      0.99866245       75.651885      0.19107677       3.7463578       6.8231564       8.6413389       10.545864        17.264511       79.225072       274.76661       55.309518       28.752494       76.386356     0.081106011         0.1173306        0.49004929      0.25603283        0.49877926       1.9585082   2.0932901e-09        147.3498      0.82258409      0.28691086       0.8044391        9.262914       2809.5287       4.7119961        2.0830747         2.6289214        2828.625                 26.303715                  395.7439                           2378.8451                      8.6359992               0.22753365              3.3305453                         5.7048351       9.8334605
              1       1418.5976       3.0413221      0.95754449       69.778732     0.022316416      0.11738259      0.05188952           0.45115138   0.00030637112       0.65442393       1.0027513      0.99904838      0.99863098       75.154225      0.16058419       3.7097026       6.9131788       8.4604756       10.571162        17.635781       78.851989       276.83996       55.414787       28.770735       76.397962     0.064092029        0.13752333        0.48007314      0.27201518        0.48745743       1.9383563   2.0932901e-09        147.3498      0.82258409      0.28691086       0.8044391        9.262914       2807.0185       5.5401534         2.899613         2.6405403       2826.1149                 26.303715                  395.7439                           2376.3349                      8.6359992               0.22753365              3.3305453                         5.7048351       9.8334605
              1       1419.1616       3.0413221      0.95754449       69.778732     0.022316416      0.11738259      0.05188952           0.45115138   0.00030637112       0.65442393       1.0027513      0.99906035      0.99863679       74.994826      0.17721372       3.7893279       6.7585903       8.5100224       10.700701        17.813151       78.928045        274.4601       55.406035       28.834081       76.579216     0.044104869        0.10614208        0.49390239      0.23269836        0.48087591       1.8936805   2.0932901e-09        147.3498      0.82258409      0.28691086       0.8044391        9.262914       2806.3796       6.4236673        3.7932019         2.6304653       2825.4759                 26.303715                  395.7439                            2375.696                      8.6359992               0.22753365              3.3305453                         5.7048351       9.8334605
              2       1419.0659       3.0413221      0.95754449       69.778732     0.022316416      0.11738259      0.05188952           0.45115138   0.00030637112       0.65442393       1.0027513      0.99905358      0.99866612       75.065504      0.17604362       3.8163979       6.7074464       8.5341935       10.680178        17.716088       79.077862       275.40169       55.361515       28.757027       76.389877     0.043016088        0.10070739        0.49526432      0.22947899        0.48645915       1.9061188   2.0932901e-09        147.3498      0.82258409      0.28691086       0.8044391        9.262914       2806.0513       6.4920815        3.8645032         2.6275784       2825.1477                 26.303715                  395.7439                           2375.3677                      8.6359992               0.22753365              3.3305453                         5.7048351       9.8334605
              8       1419.0076       3.0413221      0.95754449       69.778732     0.022316416      0.11738259      0.05188952           0.45115138   0.00030637112       0.65442393       1.0027513      0.99905707      0.99866381       75.074575      0.17620954       3.8270573       6.7085073       8.5414386       10.682747        17.699887       79.066207       275.49821       55.326851        28.76286       76.391316     0.042150912        0.10355825        0.49577658      0.22827439        0.48626907       1.9047738   2.0932901e-09        147.3498      0.82258409      0.28691086       0.8044391        9.262914       2805.9738       6.4725212        3.8382546         2.6342666       2825.0702                 26.303715                  395.7439                           2375.2902                      8.6359992               0.22753365              3.3305453                         5.7048351       9.8334605
              2       1418.5404       3.0413221      0.95754449       69.778732     0.022316416      0.11738259      0.05188952           0.45115138   0.00030637112       0.65442393       1.0027513       0.9992752      0.99872833       75.036182      0.12522305       4.0581072       7.0314596       8.6751012       9.5070959        17.856307       78.447267       281.54921       55.562011       28.877347       78.121715     0.092130771       0.099235839        0.44675203      0.22939162        0.54756537       1.9140182   2.0932901e-09        147.3498      0.82258409      0.28691086       0.8044391        9.262914       2811.0026       3.4909206       0.57358945         2.9173312        2830.099                 26.303715                  395.7439                            2380.319                      8.6359992               0.22753365              3.3305453                         5.7048351       9.8334605
              1       1417.2683       3.0413221      0.95754449       69.778732     0.022316416      0.11738259      0.05188952           0.45115138   0.00030637112       0.65442393       1.0027513      0.99911695       0.9984568       74.549301      0.11787476       4.1335767       6.8821164        8.601963        9.483391        17.799619       78.820132       279.26874       55.319363       28.757045       78.740046      0.10737425        0.11779778        0.44580374      0.22443095        0.55412838       1.8054107   2.0932901e-09        147.3498      0.82258409      0.28691086       0.8044391        9.262914       2809.8771       2.7815224        -0.123069         2.9045914       2828.9735                 26.303715                  395.7439                           2379.1935                      8.6359992               0.22753365              3.3305453                         5.7048351       9.8334605
              4       1417.1293       3.0413221      0.95754449       69.778732     0.022316416      0.11738259      0.05188952           0.45115138   0.00030637112       0.65442393       1.0027513      0.99911753      0.99843868       74.716169      0.12820542       4.1016854       6.8557275       8.7798541       9.5075991        17.695291       78.968116       280.38725       55.345662       29.019693       79.061634      0.10478285        0.11770277        0.45274106       0.2124189        0.56305148       1.7968716   2.0932901e-09        147.3498      0.82258409      0.28691086       0.8044391        9.262914       2809.9829       2.5896187       -0.2809348         2.8705535       2829.0793                 26.303715                  395.7439                           2379.2993                      8.6359992               0.22753365              3.3305453                         5.7048351       9.8334605
              4       1418.0891       3.0407537      0.95777142       69.778732     0.022320709      0.11728818     0.052122694           0.44910104   0.00030550495       0.65486573       1.0027513      0.99899968      0.99854368       74.571287      0.11661671       4.2048002       6.8380526       8.8000145       9.5946239        17.984579       78.929946       280.71625       55.382039       29.320595       79.892771     0.088735474        0.10551123        0.43403575       0.2344301        0.58113997       1.7924561   2.0921006e-09       147.36967      0.82195341      0.28672578      0.80356302       9.2997366       2810.4085       3.3182233        0.3823289         2.9358944       2829.5417                 26.120886                 395.76191                           2379.8891                      8.6365789               0.23005408                3.33956                         5.7301225       9.8334605
              1       1418.3147       3.0407537      0.95777142       69.778732     0.022320709      0.11728818     0.052122694           0.44910104   0.00030550495       0.65486573       1.0027513      0.99883282       0.9985137       74.597993      0.11171883       4.2350165       6.8787127       8.7277324       9.9026478        18.222441       78.923422       282.84596       55.112126       29.263405       79.867641     0.070763579        0.13369067         0.4205084      0.25084895        0.59892066       1.8294474   2.0921006e-09       147.36967      0.82195341      0.28672578      0.80356302       9.2997366       2809.7087        3.893802       0.91725917         2.9765428       2828.8419                 26.120886                 395.76191                           2379.1893                      8.6365789               0.23005408                3.33956                         5.7301225       9.8334605
              1       1418.7567       3.0407537      0.95777142       69.778732     0.022320709      0.11728818     0.052122694           0.44910104   0.00030550495       0.65486573       1.0027513      0.99886663      0.99840563       74.732411      0.10845448       4.2669879       6.8142561       8.8079761       9.8248708        18.265224       78.945913       283.14639       55.025995       29.315618       80.396835      0.07517995        0.14071331         0.4267941      0.26656764        0.59930491       1.8283246   2.0921006e-09       147.36967      0.82195341      0.28672578      0.80356302       9.2997366       2810.9312       3.7244959       0.75408406         2.9704118       2830.0644                 26.120886                 395.76191                           2380.4118                      8.6365789               0.23005408                3.33956                         5.7301225       9.8334605
              1        1418.443       3.0407537      0.95777142       69.778732     0.022320709      0.11728818     0.052122694           0.44910104   0.00030550495       0.65486573       1.0027513      0.99878431      0.99843638       75.285971      0.14358891       4.1849868       6.6000999       8.9701789       10.061317        18.293511       79.084324       278.64857       55.659937       29.177942        80.02829      0.10091996        0.15790435        0.43120886      0.26537946        0.59925723       1.7871652   2.0921006e-09       147.36967      0.82195341      0.28672578      0.80356302       9.2997366       2810.8949       3.4290107       0.61089245         2.8181183       2830.0281                 26.120886                 395.76191                           2380.3755                      8.6365789               0.23005408                3.33956                         5.7301225       9.8334605
              1       1418.1495       3.0407537      0.95777142       69.778732     0.022320709      0.11728818     0.052122694           0.44910104   0.00030550495       0.65486573       1.0027513      0.99875105      0.99853407        74.90711      0.15604589       4.1129535       6.5632377       9.2034269       10.163446        18.053272       78.775298       279.01151       54.824631       29.071128       80.858917      0.11426666        0.17739825        0.43572741      0.25530896        0.61435172       1.7432965   2.0921006e-09       147.36967      0.82195341      0.28672578      0.80356302       9.2997366       2809.6518       3.7569994        1.0017559         2.7552435        2828.785                 26.120886                 395.76191                           2379.1325                      8.6365789               0.23005408                3.33956                         5.7301225       9.8334605
              2       1417.6454       3.0407537      0.95777142       69.778732     0.022320709      0.11728818     0.052122694           0.44910104   0.00030550495       0.65486573       1.0027513      0.99864163      0.99847404        74.82333      0.14793834       4.1951241       6.4901898       9.1502054        10.22312        18.063843       78.721018       278.67003       54.726078       29.025653       80.848281      0.12923538        0.16461262        0.44620071      0.24753434         0.6067772       1.7348534   2.0921006e-09       147.36967      0.82195341      0.28672578      0.80356302       9.2997366       2809.0503       3.5536298       0.77454125         2.7790886       2828.1835                 26.120886                 395.76191                           2378.5309                      8.6365789               0.23005408                3.33956                         5.7301225       9.8334605
              1       1418.0899       3.0407537      0.95777142       69.778732     0.022320709      0.11728818     0.052122694           0.44910104   0.00030550495       0.65486573       1.0027513      0.99864976      0.99846534       74.862769      0.14173558       4.2322963       6.5506133       9.1642856       10.246654        17.998184       78.750394       279.78371       54.838291       29.226203         80.7801      0.13140595        0.17076286        0.44349504      0.24158634        0.60933533       1.7150319   2.0921006e-09       147.36967      0.82195341      0.28672578      0.80356302       9.2997366       2809.6406       3.7029655        0.8737546         2.8292109       2828.7738                 26.120886                 395.76191                           2379.1212                      8.6365789               0.23005408                3.33956                         5.7301225       9.8334605
              5       1418.4616       3.0407537      0.95777142       69.778732     0.022320709      0.11728818     0.052122694           0.44910104   0.00030550495       0.65486573        1.003804      0.99864976      0.99846534       74.862769      0.14173558       4.2322963       6.5506133       9.1642856       10.246654        17.998184       78.750394       279.78371       54.838291       29.226203         80.7801      0.13140595        0.17076286        0.44349504      0.24158634        0.60933533       1.7150319   2.0921006e-09       147.36967      0.82195341      0.28672578      0.80356302       9.2997366         2809.28       4.2550355        1.4258246         2.8292109       2828.4132                 25.913533                 395.76195                           2378.8772                      8.7272263               0.23005408                3.33956                         5.7301225       9.8334605
              1       1418.0198       3.0407537      0.95777142       69.778732     0.022320709      0.11728818     0.052122694           0.44910104   0.00030550495       0.65486573        1.003804        0.998575      0.99853745       74.334198      0.14066359       4.1702457       6.6663416       8.8920263       10.470821        18.025036       78.861873       276.98506       53.756016       28.450926       80.878658      0.14523376         0.1640107        0.40823979      0.25067362        0.59063708       1.7477761   2.0921006e-09       147.36967      0.82195341      0.28672578      0.80356302       9.2997366       2807.2961       4.8051113        1.9689003         2.8362111       2826.4293                 25.913533                 395.76195                           2376.8934                      8.7272263               0.23005408                3.33956                         5.7301225       9.8334605
              1       1418.0067       3.0407537      0.95777142       69.778732     0.022320709      0.11728818     0.052122694           0.44910104   0.00030550495       0.65486573        1.003804      0.99858719      0.99847705       74.183738       0.1362787       4.3505989       6.4231141       8.8340751       10.202114        17.867382       79.159255       278.59775       53.785712       28.253614       80.665041      0.11886451        0.15428032        0.38504292      0.25376085        0.58902394       1.7346543   2.0921006e-09       147.36967      0.82195341      0.28672578      0.80356302       9.2997366        2807.434        4.723071         1.867408         2.8556629       2826.5672                 25.913533                 395.76195                           2377.0313                      8.7272263               0.23005408                3.33956                         5.7301225       9.8334605
              3       1418.5474       3.0407537      0.95777142       69.778732     0.022320709      0.11728818     0.052122694           0.44910104   0.00030550495       0.65486573       1.0037942      0.99855526      0.99847118        74.28558      0.11782683       4.3313078       6.5208099       8.8543875       10.270964        18.065934       79.665232       279.47269       54.060816        28.48994       80.665643      0.12122781        0.16276025        0.36740437      0.26245363        0.57653615       1.7137879   2.0921006e-09       147.36967      0.82195341      0.28672578      0.80356302       9.2997366       2807.0967       5.4324019        2.5476495         2.8847525       2826.2299                 25.915449                 395.76195                           2376.6932                      8.7260934               0.23005408                3.33956                         5.7301225       9.8334605
              1       1419.3187       3.0407537      0.95777142       69.778732     0.022320709      0.11728818     0.052122694           0.44910104   0.00030550495       0.65486573       1.0037942       0.9984649      0.99859067       74.383635     0.084779638       4.3984195       6.7132934       8.9007178       10.251468        17.970142       79.156847       280.53101       53.738925       27.594582       80.311703      0.17314788        0.16901296        0.39013819      0.25162189        0.58722669       1.7538494   2.0921006e-09       147.36967      0.82195341      0.28672578      0.80356302       9.2997366       2807.0633       6.2204755        3.1990914         3.0213841       2826.1965                 25.915449                 395.76195                           2376.6598                      8.7260934               0.23005408                3.33956                         5.7301225       9.8334605
              1        1420.151       3.0407537      0.95777142       69.778732     0.022320709      0.11728818     0.052122694           0.44910104   0.00030550495       0.65486573       1.0037942      0.99855018      0.99845461       74.424796     0.081973193       4.4202899       6.6155207        9.025853       10.306644        18.054513       79.204653       284.05671       53.311194       27.686498        79.85002        0.193066        0.16451801         0.3641417      0.23416885        0.59783021       1.7518001   2.0921006e-09       147.36967      0.82195341      0.28672578      0.80356302       9.2997366       2808.7004       6.2341915        3.2422399         2.9919516       2827.8336                 25.915449                 395.76195                           2378.2969                      8.7260934               0.23005408                3.33956                         5.7301225       9.8334605
              1       1419.8767       3.0407537      0.95777142       69.778732     0.022320709      0.11728818     0.052122694           0.44910104   0.00030550495       0.65486573       1.0037942      0.99847061       0.9982186       73.379294     0.052905603       4.3612034       7.2849398       8.5853038       10.590325        18.052251       79.162306       285.67867       53.029985       27.468472       79.325838      0.15825017        0.11899997        0.40595449      0.18533552        0.62596693       1.6504655   2.0921006e-09       147.36967      0.82195341      0.28672578      0.80356302       9.2997366       2811.2471       4.6865162         1.408694         3.2778223       2830.3803                 25.915449                 395.76195                           2380.8436                      8.7260934               0.23005408                3.33956                         5.7301225       9.8334605
              1       1419.7019       3.0407537      0.95777142       69.778732     0.022320709      0.11728818     0.052122694           0.44910104   0.00030550495       0.65486573       1.0037942      0.99854041      0.99822623       73.504233     0.065293621       4.2994345       7.4452261       8.7054872       10.479888        18.030033       79.159515       287.80065       52.667545        27.52095       79.230736      0.15663324        0.13189017        0.42496671      0.18741436        0.62669821       1.6203772   2.0921006e-09       147.36967      0.82195341      0.28672578      0.80356302       9.2997366       2811.6143       4.3281067        1.0175517          3.310555       2830.7475                 25.915449                 395.76195                           2381.2108                      8.7260934               0.23005408                3.33956                         5.7301225       9.8334605
              1        1418.742       3.0407537      0.95777142       69.778732     0.022320709      0.11728818     0.052122694           0.44910104   0.00030550495       0.65486573       1.0037942      0.99855631      0.99819923       73.185223     0.052841332        4.251187       7.4938724       8.6018422       10.258385        17.501177       79.653649       292.28738       52.288331       27.366436       80.045891      0.16358387        0.14617405        0.40927369      0.20384412        0.63144043        1.644932   2.0921006e-09       147.36967      0.82195341      0.28672578      0.80356302       9.2997366       2809.3696       4.4906085        1.1953118         3.2952967       2828.5028                 25.915449                 395.76195                           2378.9661                      8.7260934               0.23005408                3.33956                         5.7301225       9.8334605
              1       1418.6741       3.0407537      0.95777142       69.778732     0.022320709      0.11728818     0.052122694           0.44910104   0.00030550495       0.65486573       1.0037942      0.99858047      0.99821388       73.194889     0.051864684       4.2269407       7.4392402       8.5924577       10.244349        17.525828       79.797556       291.70203       52.364168       27.195514       80.086125      0.16205519        0.14907874        0.40987925      0.19487504        0.63353831       1.6389872   2.0921006e-09       147.36967      0.82195341      0.28672578      0.80356302       9.2997366       2809.4694       4.3727508        1.1267526         3.2459982       2828.6026                 25.915449                 395.76195                           2379.0659                      8.7260934               0.23005408                3.33956                         5.7301225       9.8334605
              8       1420.6858       3.0449237      0.95955044       69.778732     0.022253332      0.11767784     0.053097709           0.45033565   0.00030604076       0.66024301       1.0037942      0.99858047      0.99821388       73.194889     0.051864684       4.2269407       7.4392402       8.5924577       10.244349        17.525828       79.797556       291.70203       52.364168       27.195514       80.086125      0.16205519        0.14907874        0.40987925      0.19487504        0.63353831       1.6389872   2.1008429e-09       147.34167      0.82644685      0.28738768      0.80888796        9.292685       2813.4999       4.3727508        1.1267526         3.2459982       2832.6261                 25.633185                 395.90582                           2383.1562                      8.8046607               0.22743534              3.3319264                         5.7333233       9.8334605
              1       1421.4703       3.0449237      0.95955044       69.778732     0.022253332      0.11767784     0.053097709           0.45033565   0.00030604076       0.66024301       1.0037942       0.9985679      0.99819422       73.254033      0.07241945       4.2597931       7.7262217       8.5899049       9.9725857        17.791465       79.230214       288.75385       52.543055       26.807958        79.34749       0.1304231        0.14618445        0.42547193      0.19457498        0.62509532       1.5983752   2.1008429e-09       147.34167      0.82644685      0.28738768      0.80888796        9.292685       2815.1805       4.3169806       0.88717074         3.4298098       2834.3066                 25.633185                 395.90582                           2384.8368                      8.8046607               0.22743534              3.3319264                         5.7333233       9.8334605
              3       1422.0856       3.0449237      0.95955044       69.778732     0.022253332      0.11767784     0.053097709           0.45033565   0.00030604076       0.66024301        1.004602       0.9986572      0.99834476       73.113468      0.12230508       4.1444908        7.099459       7.9612668       10.393364        17.753783       78.645769       281.24854       55.867716       25.841424       80.162143      0.10091295        0.12679622        0.40337169      0.19110868        0.64945409       1.6375728   2.1008429e-09       147.34167      0.82644685      0.28738768      0.80888796        9.292685       2816.3759       4.3345281        1.3226245         3.0119036       2835.5021                 25.479702                 395.93714                           2386.1301                      8.8290107               0.22743534              3.3319264                         5.7333233       9.8334605
              6       1424.9637       3.0449237      0.95955044       69.778732     0.022253332      0.11767784     0.053097709           0.45033565   0.00030604076       0.66024301        1.004602      0.99866202         0.99848        73.46692     0.098989384        4.280492       6.7804088       7.8383662       10.415226        18.781604       77.492689        293.6092       55.579228       25.606833       80.212545      0.09943983        0.13989371        0.41858577      0.18950825        0.66723571       1.6872142   2.1008429e-09       147.34167      0.82644685      0.28738768      0.80888796        9.292685       2822.3423       4.2295289        1.2647414         2.9647874       2841.4684                 25.479702                 395.93714                           2392.0964                      8.8290107               0.22743534              3.3319264                         5.7333233       9.8334605
              1       1425.7864       3.0449237      0.95955044       69.778732     0.022253332      0.11767784     0.053097709           0.45033565   0.00030604076       0.66024301        1.004602      0.99861963      0.99850922       73.405343     0.054001734       4.0095302       6.7526742       8.0485779       10.491864        18.796799       77.449432        297.9394       55.622279        25.98811       80.533577      0.10594408        0.13413077        0.45492777      0.21259455         0.6782956       1.6797919   2.1008429e-09       147.34167      0.82644685      0.28738768      0.80888796        9.292685       2824.6888        3.878912        1.1139359         2.7649761       2843.8149                 25.479702                 395.93714                           2394.4429                      8.8290107               0.22743534              3.3319264                         5.7333233       9.8334605
              1       1425.0378       3.0449237      0.95955044       69.778732     0.022253332      0.11767784     0.053097709           0.45033565   0.00030604076       0.66024301        1.004602      0.99846048      0.99858453       73.487893     0.083152506       4.1060439       7.1305942       8.5190039       10.564957         17.83701       77.011205       302.96231       54.954376       25.616679        79.59064     0.069019207        0.13732972        0.49208126         0.23192        0.60157279       1.5606323   2.1008429e-09       147.34167      0.82644685      0.28738768      0.80888796        9.292685       2818.1238       6.4128065        3.4151323         2.9976742         2837.25                 25.479702                 395.93714                            2387.878                      8.8290107               0.22743534              3.3319264                         5.7333233       9.8334605
              1       1422.2834       3.0449237      0.95955044       69.778732     0.022253332      0.11767784     0.053097709           0.45033565   0.00030604076       0.66024301        1.004602       0.9987017      0.99856396       73.810651     0.050180957        4.236835       6.9653626       8.4512668       10.959544        17.293042       76.875856       300.80686       54.587011       24.900912       79.207014      0.11313564        0.13834617        0.49958262      0.25240352        0.60665731       1.5469062   2.1008429e-09       147.34167      0.82644685      0.28738768      0.80888796        9.292685       2815.7453       4.8476754        1.8293429         3.0183326       2834.8715                 25.479702                 395.93714                           2385.4995                      8.8290107               0.22743534              3.3319264                         5.7333233       9.8334605
              2       1422.4468       3.0449237      0.95955044       69.778732     0.022253332      0.11767784     0.053097709           0.45033565   0.00030604076       0.66024301        1.004602      0.99872228      0.99865231       73.691003     0.053169247       4.1349407       7.0492166       8.5402034       10.771404         16.93654       77.040653       301.63645       54.222537       24.396666       79.759791      0.11786194        0.14874688        0.48074183      0.23676075         0.6369822       1.4931025   2.1008429e-09       147.34167      0.82644685      0.28738768      0.80888796        9.292685       2816.6001        4.583618        1.6022762         2.9813418       2835.7263                 25.479702                 395.93714                           2386.3543                      8.8290107               0.22743534              3.3319264                         5.7333233       9.8334605
              1       1422.2394       3.0449237      0.95955044       69.778732     0.022253332      0.11767784     0.053097709           0.45033565   0.00030604076       0.66024301        1.004602      0.99867197      0.99871625       74.058013     0.047537722        4.055049       7.0868621       8.3553948       10.847181         16.91663       76.763874         301.464       53.789381       24.264141       79.687255      0.10606278        0.15849607        0.47005622      0.24365415        0.60044782       1.5151663   2.1008429e-09       147.34167      0.82644685      0.28738768      0.80888796        9.292685       2814.4993       5.4267139        2.4866553         2.9400586       2833.6254                 25.479702                 395.93714                           2384.2534                      8.8290107               0.22743534              3.3319264                         5.7333233       9.8334605
              3       1421.2568       3.0449237      0.95955044       69.778732     0.022253332      0.11767784     0.053097709           0.45033565   0.00030604076       0.66024301        1.004602      0.99867447       0.9986779       74.099589     0.047762906       4.0673798       6.7837629       8.4137143       10.738458        16.887797       77.162344       302.00236       53.122963       24.681876        79.44199     0.099284859        0.15254905        0.45904808      0.23754812        0.59722962       1.5478922   2.1008429e-09       147.34167      0.82644685      0.28738768      0.80888796        9.292685       2813.0905        5.148444        2.3322261         2.8162179       2832.2167                 25.479702                 395.93714                           2382.8447                      8.8290107               0.22743534              3.3319264                         5.7333233       9.8334605
              1       1420.5104       3.0453331      0.95958262       69.778732     0.022250784      0.11765329     0.052976899           0.45059604   0.00030606155       0.65977411        1.004602      0.99867447       0.9986779       74.099589     0.047762906       4.0673798       6.7837629       8.4137143       10.738458        16.887797       77.162344       302.00236       53.122963       24.681876        79.44199     0.099284859        0.15254905        0.45904808      0.23754812        0.59722962       1.5478922   2.1017032e-09       147.35108      0.82653772      0.28733203      0.80889858       9.3138267       2811.5767        5.148444        2.3322261         2.8162179        2830.724                 25.532135                 395.91358                           2381.3218                      8.8091974               0.22870103               3.336599                         5.7485267       9.8334605
              4            1421       3.0453331      0.95958262       69.778732     0.022250784      0.11765329     0.052976899           0.45059604   0.00030606155       0.65977411        1.004602      0.99889292      0.99888114       74.023977     0.086888016       4.2277055         6.94173       8.1500453       10.752792        17.555217       77.603731       297.08225       51.449081       24.618779       79.567793       0.1292673        0.12318321        0.51585112      0.20557768        0.56396206       1.5309111   2.1017032e-09       147.35108      0.82653772      0.28733203      0.80889858       9.3138267        2812.594       5.1293125        2.1289322         3.0003803       2831.7413                 25.532135                 395.91358                           2382.3391                      8.8091974               0.22870103               3.336599                         5.7485267       9.8334605
              1       1420.6547       3.0453331      0.95958262       69.778732     0.022250784      0.11765329     0.052976899           0.45059604   0.00030606155       0.65977411        1.004602      0.99884306      0.99886472       73.956587     0.096583151       4.2915736       6.8276311       8.2417543       10.733702        17.307393        77.54817       295.98568        51.29779       24.668155        79.62159      0.13129578        0.13363575        0.52009148      0.20826198        0.57965929       1.5561653   2.1017032e-09       147.35108      0.82653772      0.28733203      0.80889858       9.3138267       2812.1727       4.9947714        1.9999492         2.9948222       2831.3199                 25.532135                 395.91358                           2381.9177                      8.8091974               0.22870103               3.336599                         5.7485267       9.8334605
              1       1424.7339       3.0453331      0.95958262       69.778732     0.022250784      0.11765329     0.052976899           0.45059604   0.00030606155       0.65977411        1.004602      0.99884087      0.99911832       74.150881      0.14274086        4.207631       7.6180499       8.5558538       9.8164493        17.418585       79.259544       289.27895       48.290934       25.604288       78.281421      0.20606161        0.15047911          0.590331      0.19666653        0.56070859        1.508063   2.1017032e-09       147.35108      0.82653772      0.28733203      0.80889858       9.3138267       2812.5879       8.8663042        5.5418079         3.3244963       2831.7352                 25.532135                 395.91358                            2382.333                      8.8091974               0.22870103               3.336599                         5.7485267       9.8334605
              1       1426.8642       3.0453331      0.95958262       69.778732     0.022250784      0.11765329     0.052976899           0.45059604   0.00030606155       0.65977411        1.004602      0.99893961       0.9982422       72.834921     0.086606939       5.0496202       8.5363276       9.8887037       9.8323432        17.360024       80.533968       291.22311       49.447578       27.167881       75.272584      0.15674783        0.11110459        0.53085907      0.22087203        0.53041983        1.429744   2.1017032e-09       147.35108      0.82653772      0.28733203      0.80889858       9.3138267       2819.6869       7.4470887        2.6165674         4.8305213       2838.8342                 25.532135                 395.91358                            2389.432                      8.8091974               0.22870103               3.336599                         5.7485267       9.8334605
              1        1426.531       3.0453331      0.95958262       69.778732     0.022250784      0.11765329     0.052976899           0.45059604   0.00030606155       0.65977411        1.004602      0.99903774      0.99829667       72.811492      0.15993743       5.1153763       8.5859125       9.8322253       10.000177        17.408996       81.594862       291.68284       49.541468       27.747458       76.464183      0.10190572       0.077766422        0.51978586      0.20461316        0.54526839       1.4156444   2.1017032e-09       147.35108      0.82653772      0.28733203      0.80889858       9.3138267       2818.2115       7.8516041        2.8973653         4.9542387       2837.3588                 25.532135                 395.91358                           2387.9566                      8.8091974               0.22870103               3.336599                         5.7485267       9.8334605
              1        1425.979       3.0453331      0.95958262       69.778732     0.022250784      0.11765329     0.052976899           0.45059604   0.00030606155       0.65977411       1.0038852      0.99921908       0.9984388       72.530777      0.15384533       5.0461435       8.4176311        9.610308       10.232908        16.989236       81.788063       287.21398        48.51789        27.25234       74.920433     0.065162371       0.071421745        0.50681336      0.21312453        0.55982167       1.4034339   2.1017032e-09       147.35108      0.82653772      0.28733203      0.80889858       9.3138267       2817.3559       7.7274197        2.9942842         4.7331355       2836.5032                 25.668847                 395.88511                           2386.9998                      8.8022242               0.22870103               3.336599                         5.7485267       9.8334605
              1       1426.3922       3.0453331      0.95958262       69.778732     0.022250784      0.11765329     0.052976899           0.45059604   0.00030606155       0.65977411       1.0038852      0.99927672      0.99844914       72.220976      0.11636346       4.9996263       8.5968719       9.6221369       10.165132        16.935088        81.94008       282.48013       48.334693       27.179141       75.792837     0.077572062       0.057365995        0.49631472       0.1916313         0.5913317       1.4062452   2.1017032e-09       147.35108      0.82653772      0.28733203      0.80889858       9.3138267       2818.5731       7.5320639        2.7168961         4.8151678       2837.7203                 25.668847                 395.88511                           2388.2169                      8.8022242               0.22870103               3.336599                         5.7485267       9.8334605
              1       1425.2457       3.0453331      0.95958262       69.778732     0.022250784      0.11765329     0.052976899           0.45059604   0.00030606155       0.65977411       1.0038852       0.9992006      0.99849036       72.026398      0.12212227       4.9906248       8.5392031       9.7410348       10.113974         17.11502       81.876623       280.99966       47.984477       26.981436       75.897226     0.071506918       0.058594127        0.47696247      0.18309342        0.56793565       1.4254361   2.1017032e-09       147.35108      0.82653772      0.28733203      0.80889858       9.3138267       2815.2143       8.0648806        3.3062506           4.75863       2834.3616                 25.668847                 395.88511                           2384.8581                      8.8022242               0.22870103               3.336599                         5.7485267       9.8334605
              1       1425.5411       3.0453331      0.95958262       69.778732     0.022250784      0.11765329     0.052976899           0.45059604   0.00030606155       0.65977411       1.0038852      0.99916656       0.9985889       72.027848      0.11454401       4.9610908       8.5802668       9.8259522       10.132963        17.005579       81.749003       279.82732       48.042443        26.80512       75.895788     0.062761431       0.055103861        0.47492532      0.17917287        0.58051265       1.4270378   2.1017032e-09       147.35108      0.82653772      0.28733203      0.80889858       9.3138267       2814.6902       8.6223332        3.8685327         4.7538005       2833.8375                 25.668847                 395.88511                           2384.3341                      8.8022242               0.22870103               3.336599                         5.7485267       9.8334605
              1         1423.12       3.0453369      0.95950658       69.778732     0.022251212      0.11767996     0.052834276             0.450212    0.0003061684       0.65959369       1.0038852      0.99930266      0.99870303       71.409817      0.16170858       4.9489155       8.1589857       9.6965667       9.9159005        16.901089       80.930063       281.05299       48.620919       27.063982       74.752189     0.048415049       0.085701433        0.46602067      0.21805789        0.60648595       1.4619866    2.101711e-09       147.34342      0.82662669      0.28738767      0.80906397       9.2977967       2813.1843       6.9621815        2.5412849         4.4208965       2832.3156                 25.702191                 395.87705                           2382.7978                      8.8072628               0.22769505              3.3329284                         5.7371733       9.8334605
              4       1423.2768       3.0453369      0.95950658       69.778732     0.022251212      0.11767996     0.052834276             0.450212    0.0003061684       0.65959369       1.0038852      0.99930578      0.99871402       71.404877      0.16139185       4.9364382       8.2144595        9.683756       9.9269964        16.894845       80.904591       281.55421       48.602579       27.086166       74.704366     0.051404472        0.08400023        0.46911512      0.22161757         0.6061063       1.4609651    2.101711e-09       147.34342      0.82662669      0.28738767      0.80906397       9.2977967       2813.5496       6.9363523        2.4894347         4.4469176       2832.6809                 25.702191                 395.87705                           2383.1631                      8.8072628               0.22769505              3.3329284                         5.7371733       9.8334605
              5       1420.5815       3.0453369      0.95950658       69.778732     0.022251212      0.11767996     0.052834276             0.450212    0.0003061684       0.65959369       1.0036349      0.99996705      0.99875251       71.249868     0.095442708       4.5658646       7.9461065       9.0709618       10.286777        16.804524       81.114574       290.98484       47.661865       26.712452       77.983278     0.055911473        0.12920952        0.43186285       0.2426633        0.68869616       1.4177152    2.101711e-09       147.34342      0.82662669      0.28738767      0.80906397       9.2977967       2813.8132       4.1092503       0.25394196         3.8553084       2832.9445                 25.750431                 395.86417                            2383.385                       8.813629               0.22769505              3.3329284                         5.7371733       9.8334605
              3       1420.6939       3.0453369      0.95950658       69.778732     0.022251212      0.11767996     0.052834276             0.450212    0.0003061684       0.65959369       1.0036349       1.0000573      0.99868946       71.399924     0.093603445       4.3642498       7.8242313       8.9230259       10.082361         16.57826       80.756107       293.86308       47.460903       26.751505        78.53191     0.043478971        0.13235459        0.42701351      0.24711681        0.69176093       1.4375603    2.101711e-09       147.34342      0.82662669      0.28738767      0.80906397       9.2977967         2813.61       4.3232322       0.74098254         3.5822496       2832.7413                 25.750431                 395.86417                           2383.1818                       8.813629               0.22769505              3.3329284                         5.7371733       9.8334605
              2       1420.7636       3.0467882      0.95956947       69.778732     0.022322508      0.11783553     0.053283731           0.44923364   0.00030707921       0.66512714       1.0036349       1.0000573      0.99868946       71.399924     0.093603445       4.3642498       7.8242313       8.9230259       10.082361         16.57826       80.756107       293.86308       47.460903       26.751505        78.53191     0.043478971        0.13235459        0.42701351      0.24711681        0.69176093       1.4375603   2.1047635e-09       147.22252      0.82743213       0.2878536      0.81050852       9.0036089       2814.0436       4.3232322       0.74098254         3.5822496       2832.8807                 25.779187                  395.9055                            2383.504                      8.8549588               0.21117208               3.269716                         5.5227208       9.8334605
              3       1421.3753       3.0467882      0.95956947       69.778732     0.022322508      0.11783553     0.053283731           0.44923364   0.00030707921       0.66512714       1.0036349        0.999891      0.99889833       70.653046      0.19858425       4.3607179       7.2440602       8.9277626       10.491758        16.708962       79.750097       283.86043       47.774971       26.131908       76.151813      0.10459016        0.16460758        0.45035032      0.19520024        0.72353272       1.4926947   2.1047635e-09       147.22252      0.82743213       0.2878536      0.81050852       9.0036089       2818.4651       2.7242085      -0.53166522         3.2558737       2837.3022                 25.779187                  395.9055                           2387.9255                      8.8549588               0.21117208               3.269716                         5.5227208       9.8334605
              1       1421.1703       3.0467882      0.95956947       69.778732     0.022322508      0.11783553     0.053283731           0.44923364   0.00030707921       0.66512714       1.0036349      0.99984168      0.99907037       70.729026      0.18093449       4.3704431       7.0141844        8.871534       10.605026        16.770455        80.15095       280.54525       48.837225       25.750074       76.378978     0.086276353         0.1535585        0.45418459      0.20558586        0.72786632       1.5074447   2.1047635e-09       147.22252      0.82743213       0.2878536      0.81050852       9.0036089       2817.3117       3.0959392     -0.050060941         3.1460001       2836.1487                 25.779187                  395.9055                            2386.772                      8.8549588               0.21117208               3.269716                         5.5227208       9.8334605
              1       1421.2063       3.0467882      0.95956947       69.778732     0.022322508      0.11783553     0.053283731           0.44923364   0.00030707921       0.66512714       1.0036349      0.99984596      0.99908429       70.688559      0.18357732       4.3525475       7.0083282       8.8442457       10.622502        16.809298       80.127393       280.73081       48.869637        25.81222       76.587364     0.089747005        0.15487462        0.45617696      0.20686453          0.730659        1.497027   2.1047635e-09       147.22252      0.82743213       0.2878536      0.81050852       9.0036089       2817.4263       3.0745609     -0.054234325         3.1287952       2836.2634                 25.779187                  395.9055                           2386.8867                      8.8549588               0.21117208               3.269716                         5.5227208       9.8334605
              2       1421.1504       3.0467882      0.95956947       69.778732     0.022322508      0.11783553     0.053283731           0.44923364   0.00030707921       0.66512714       1.0036349      0.99983863      0.99907573       70.690679      0.18439149       4.3644294        7.026332       8.8270159       10.674915        16.777997       80.101087       281.23015       48.918089       25.812305       76.531949     0.089505203        0.15350278        0.45542285      0.21217843        0.73398061       1.4958729   2.1047635e-09       147.22252      0.82743213       0.2878536      0.81050852       9.0036089        2817.298       3.0828354     -0.064429906         3.1472653       2836.1351                 25.779187                  395.9055                           2386.7584                      8.8549588               0.21117208               3.269716                         5.5227208       9.8334605
              1       1421.1794       3.0467882      0.95956947       69.778732     0.022322508      0.11783553     0.053283731           0.44923364   0.00030707921       0.66512714       1.0036349      0.99985271      0.99907573       70.669291      0.18170847       4.3663765       7.0453839       8.8213084       10.680169        16.798126       80.115494       281.10564       48.967178       25.825923       76.506306     0.090221312        0.15399543        0.45319427      0.21179736        0.73248586       1.4968976   2.1047635e-09       147.22252      0.82743213       0.2878536      0.81050852       9.0036089       2817.3904       3.0656802     -0.092719196         3.1583993       2836.2275                 25.779187                  395.9055                           2386.8507                      8.8549588               0.21117208               3.269716                         5.5227208       9.8334605
              1       1422.0671       3.0467882      0.95956947       69.778732     0.022322508      0.11783553     0.053283731           0.44923364   0.00030707921       0.66512714       1.0036349      0.99982009      0.99911647       70.444176      0.18160513       4.3736091       6.8618436       8.2768006       10.181348         17.05907       79.784687       293.69275       48.884087       26.315276       76.494447     0.074293096        0.13147178        0.46422692      0.18824513        0.68471986       1.5408698   2.1047635e-09       147.22252      0.82743213       0.2878536      0.81050852       9.0036089       2818.9234       3.1868544       0.11339963         3.0734548       2837.7604                 25.779187                  395.9055                           2388.3837                      8.8549588               0.21117208               3.269716                         5.5227208       9.8334605
              3       1422.3433       3.0467882      0.95956947       69.778732     0.022322508      0.11783553     0.053283731           0.44923364   0.00030707921       0.66512714       1.0036349       0.9999779       0.9993005       70.203405      0.17013038       3.8671201       7.0579783         8.18676       9.8100502        15.926918       80.061706       296.61811       49.706746       25.394441       76.133856     0.064912037        0.12767152        0.47778097      0.19130212        0.70440008       1.5171154   2.1047635e-09       147.22252      0.82743213       0.2878536      0.81050852       9.0036089       2818.1318       3.8589221         1.062049         2.7968731       2836.9688                 25.779187                  395.9055                           2387.5921                      8.8549588               0.21117208               3.269716                         5.5227208       9.8334605
              2       1422.1397       3.0467882      0.95956947       69.778732     0.022322508      0.11783553     0.053283731           0.44923364   0.00030707921       0.66512714       1.0036349       0.9999647      0.99932844       70.573652        0.163082       3.2932803       6.7019599       8.2681503       10.199071        16.254515       78.873031       289.89298        50.28589       25.474576       77.271226      0.11745519       0.099415472        0.47154074      0.11608177        0.70120726       1.7217161   2.1047635e-09       147.22252      0.82743213       0.2878536      0.81050852       9.0036089       2819.0769       3.1827243       0.82590285         2.3568214       2837.9139                 25.779187                  395.9055                           2388.5372                      8.8549588               0.21117208               3.269716                         5.5227208       9.8334605
              2       1422.0533       3.0467882      0.95956947       69.778732     0.022322508      0.11783553     0.053283731           0.44923364   0.00030707921       0.66512714       1.0036349      0.99997593      0.99932224       70.573249      0.16316432       3.2948027       6.7121668       8.2797269       10.204335        16.247942       78.898495       289.79917       50.280798       25.488341       77.329994      0.11495561       0.099013864        0.47464421      0.11444274        0.69994173       1.7219934   2.1047635e-09       147.22252      0.82743213       0.2878536      0.81050852       9.0036089        2818.826       3.2218351       0.86153337         2.3603017        2837.663                 25.779187                  395.9055                           2388.2863                      8.8549588               0.21117208               3.269716                         5.5227208       9.8334605
              1       1422.5273       3.0467882      0.95956947       69.778732     0.022322508      0.11783553     0.053283731           0.44923364   0.00030707921       0.66512714       1.0036349       1.0000398      0.99930746       70.554207      0.15837148       3.3414865       6.7333581       8.3301145       10.133772        16.283927       78.728501       289.47676       50.248159       25.485121       77.293417      0.11635419        0.10168151        0.47631459      0.11142627        0.69378874       1.7334958   2.1047635e-09       147.22252      0.82743213       0.2878536      0.81050852       9.0036089       2819.9027       3.1573856       0.77011029         2.3872753       2838.7398                 25.779187                  395.9055                           2389.3631                      8.8549588               0.21117208               3.269716                         5.5227208       9.8334605
              3       1419.4212       3.0467882      0.95956947       69.778732     0.022322508      0.11783553     0.053283731           0.44923364   0.00030707921       0.66512714       1.0036349       0.9997255      0.99876296       71.637976      0.19375106       3.6400737       7.4155543       7.8178483       9.9830467        16.650828       78.688743       291.28953       52.007082       26.935832       79.625064      0.14945419        0.13711306        0.46050968     0.097397376        0.71104379       1.9141697   2.1047635e-09       147.22252      0.82743213       0.2878536      0.81050852       9.0036089       2814.9385       2.5333918      -0.26111176         2.7945035       2833.7756                 25.779187                  395.9055                           2384.3989                      8.8549588               0.21117208               3.269716                         5.5227208       9.8334605
              2       1419.5228       3.0467882      0.95956947       69.778732     0.022322508      0.11783553     0.053283731           0.44923364   0.00030707921       0.66512714       1.0039131       0.9997255      0.99876296       71.637976      0.19375106       3.6400737       7.4155543       7.8178483       9.9830467        16.650828       78.688743       291.28953       52.007082       26.935832       79.625064      0.14945419        0.13711306        0.46050968     0.097397376        0.71104379       1.9141697   2.1047635e-09       147.22252      0.82743213       0.2878536      0.81050852       9.0036089       2814.8057       2.7013981     -0.093105389         2.7945035       2833.6428                 25.725483                 395.90011                           2384.3429                      8.8372388               0.21117208               3.269716                         5.5227208       9.8334605
              4       1419.4724       3.0467766      0.95956344       69.778732     0.022322543      0.11783631     0.053292441           0.44927663   0.00030712031       0.66519886       1.0039131       0.9997255      0.99876296       71.637976      0.19375106       3.6400737       7.4155543       7.8178483       9.9830467        16.650828       78.688743       291.28953       52.007082       26.935832       79.625064      0.14945419        0.13711306        0.46050968     0.097397376        0.71104379       1.9141697   2.1047391e-09       147.22229        0.827429      0.28785529      0.81050783       9.0031265       2814.7055       2.7013981     -0.093105389         2.7945035        2833.542                 25.724626                 395.90011                            2384.245                      8.8357561               0.21114212              3.2696023                         5.5223821       9.8334605
              1       1419.8529       3.0467766      0.95956344       69.778732     0.022322543      0.11783631     0.053292441           0.44927663   0.00030712031       0.66519886       1.0039131      0.99988838      0.99869784       71.706918      0.17729178       3.5642202       7.4304617       7.6382197       10.184221        16.576813       79.072368       291.18311       51.654455        26.85983       79.802535      0.13211158           0.15723        0.47128605      0.12301447        0.73535089       1.9197789   2.1047391e-09       147.22229        0.827429      0.28785529      0.81050783       9.0031265       2816.4305       2.2193029      -0.53159481         2.7508977       2835.2671                 25.724626                 395.90011                             2385.97                      8.8357561               0.21114212              3.2696023                         5.5223821       9.8334605
              2       1419.2121       3.0467766      0.95956344       69.778732     0.022322543      0.11783631     0.053292441           0.44927663   0.00030712031       0.66519886       1.0036149      0.99987037      0.99867755       71.859589      0.17029584       3.5756471       7.2723569       7.7332563       10.149161        16.550954        79.11299       292.19003       51.615094        26.85689       79.834431      0.13052292          0.152191         0.4699821       0.1255164        0.74010096       1.9231164   2.1047391e-09       147.22229        0.827429      0.28785529      0.81050783       9.0031265       2815.9123       1.8376638      -0.85787532         2.6955391       2834.7489                 25.782192                  395.9055                           2385.3703                      8.8543044               0.21114212              3.2696023                         5.5223821       9.8334605
              1       1419.0516       3.0467766      0.95956344       69.778732     0.022322543      0.11783631     0.053292441           0.44927663   0.00030712031       0.66519886       1.0036149      0.99999994      0.99847857       72.645412      0.17779553        3.467292       7.1897255       7.0062169       9.8489437        16.744418       78.305425       281.61589       51.070835        26.10054        78.23771      0.12570139        0.12362467        0.39358008      0.14188411        0.70766046       1.9559048   2.1047391e-09       147.22229        0.827429      0.28785529      0.81050783       9.0031265        2816.406        1.430274       -1.1695386         2.5998126       2835.2426                 25.782192                  395.9055                            2385.864                      8.8543044               0.21114212              3.2696023                         5.5223821       9.8334605
              3       1420.8241       3.0467766      0.95956344       69.778732     0.022322543      0.11783631     0.053292441           0.44927663   0.00030712031       0.66519886       1.0036149        1.000195        0.998437       72.594607      0.15289781       3.5451769       7.3767902       7.4133375       9.9720075         16.67942       79.145036       286.42472       50.284409       26.107333       78.709246      0.17768752        0.10080247        0.39882026      0.12522393        0.72683215       2.0715511   2.1047391e-09       147.22229        0.827429      0.28785529      0.81050783       9.0031265       2817.7628       2.5244342      -0.19289003         2.7173242       2836.5994                 25.782192                  395.9055                           2387.2208                      8.8543044               0.21114212              3.2696023                         5.5223821       9.8334605
              2        1420.976       3.0467766      0.95956344       69.778732     0.022322543      0.11783631     0.053292441           0.44927663   0.00030712031       0.66519886       1.0036149       1.0001708      0.99849941       72.367901      0.13686612       3.5809698       7.4303993       7.3129504       9.9973675        16.718582       79.179038       283.11368       50.723012       25.875574       78.395256      0.19683333        0.11170266         0.4075636      0.13787883        0.72062857       2.0747751   2.1047391e-09       147.22229        0.827429      0.28785529      0.81050783       9.0031265        2817.504       2.8057435      0.044012653         2.7617309       2836.3406                 25.782192                  395.9055                            2386.962                      8.8543044               0.21114212              3.2696023                         5.5223821       9.8334605
              1        1421.115       3.0484336      0.95931354       69.778732     0.022373545       0.1175326      0.05412937           0.45289304   0.00031022836       0.64668126       1.0036149       1.0002045      0.99852837       72.450758      0.13111928       3.6113994       7.3948733       7.4210064       9.9633804        16.570966       79.005484       282.22608       50.715225       25.890046       78.299682      0.19704218        0.11686492        0.41194027       0.1361581        0.73078554       2.0669479   2.1082295e-09       147.24692      0.82636518      0.28733629      0.80873571       9.0175237       2817.7467       2.8161824      0.049089574         2.7670928       2836.5977                 26.000159                   396.033                           2386.9249                      8.7886604               0.21350492              3.2771234                         5.5268953       9.8334605
              3       1421.2265       3.0484336      0.95931354       69.778732     0.022373545       0.1175326      0.05412937           0.45289304   0.00031022836       0.64668126       1.0036149       1.0002105      0.99853214       72.449888      0.13190001        3.610937       7.3982166       7.4117401        9.959727         16.57858       78.995447       282.49498       50.716391       25.876157       78.297048      0.19854784        0.11727761        0.41137372      0.13587072        0.73170598       2.0658418   2.1082295e-09       147.24692      0.82636518      0.28733629      0.80873571       9.0175237       2817.8224       2.8898144       0.12165875         2.7681557       2836.6734                 26.000159                   396.033                           2387.0006                      8.7886604               0.21350492              3.2771234                         5.5268953       9.8334605
              1        1421.988       3.0484336      0.95931354       69.778732     0.022373545       0.1175326      0.05412937           0.45289304   0.00031022836       0.64668126       1.0036149      0.99982564      0.99853268       72.533677      0.11551238       3.7700127       7.6481905       6.8506191       9.4748092        16.905875       79.015745       276.95412       50.513472       25.602278       77.886159      0.12990223        0.10812883        0.40595008      0.11822316        0.78750245       2.0682211   2.1082295e-09       147.24692      0.82636518      0.28733629      0.80873571       9.0175237       2818.8997       3.1126109       0.12427327         2.9883376       2837.7507                 26.000159                   396.033                           2388.0779                      8.7886604               0.21350492              3.2771234                         5.5268953       9.8334605
              3       1422.5521       3.0484336      0.95931354       69.778732     0.022373545       0.1175326      0.05412937           0.45289304   0.00031022836       0.64668126       1.0036149      0.99980538      0.99839121       72.746702     0.099841706       3.6968122        7.574751       6.8650903       9.3971973        16.954606       79.115845       278.39071       50.285711       25.612007       77.895204      0.13591334        0.10539884        0.42942286      0.11063823        0.78856327       2.0766826   2.1082295e-09       147.24692      0.82636518      0.28733629      0.80873571       9.0175237        2820.251       3.0011314      0.099285522         2.9018459        2839.102                 26.000159                   396.033                           2389.4292                      8.7886604               0.21350492              3.2771234                         5.5268953       9.8334605
              1        1422.443       3.0484336      0.95931354       69.778732     0.022373545       0.1175326      0.05412937           0.45289304   0.00031022836       0.64668126       1.0036149      0.99975029      0.99829726       72.700671      0.11749609       3.5977075       7.8442979        6.716134       9.5402981        16.591504       79.201975       278.54811       50.789884        25.82226       77.544457      0.12595823       0.085509036        0.43709673      0.11745653        0.77024704       2.0629317   2.1082295e-09       147.24692      0.82636518      0.28733629      0.80873571       9.0175237        2819.515       3.2599537       0.30822701         2.9517267        2838.366                 26.000159                   396.033                           2388.6932                      8.7886604               0.21350492              3.2771234                         5.5268953       9.8334605
              1       1423.1574       3.0484336      0.95931354       69.778732     0.022373545       0.1175326      0.05412937           0.45289304   0.00031022836       0.64668126       1.0036149      0.99990419      0.99836328       72.541822      0.14341412       3.3201153       7.9076396       6.9227034       9.3994065        17.106857       79.629836       278.29992       51.180336       25.209427       76.676221      0.11224241       0.082728397        0.47043861      0.15034212        0.81561318       2.0136542   2.1082295e-09       147.24692      0.82636518      0.28733629      0.80873571       9.0175237       2821.1406       3.1616304        0.3753523         2.7862781       2839.9916                 26.000159                   396.033                           2390.3188                      8.7886604               0.21350492              3.2771234                         5.5268953       9.8334605
              2       1423.6634       3.0484336      0.95931354       69.778732     0.022373545       0.1175326      0.05412937           0.45289304   0.00031022836       0.64668126       1.0036149       1.0000198       0.9983758       72.355149      0.12286653       3.1960633       7.6295404       6.5094479       9.0423058        17.111662       78.249934       285.69456       51.479121       25.269777       76.823587     0.071873765       0.089434479        0.47483222      0.19543054        0.78932947        2.023684   2.1082295e-09       147.24692      0.82636518      0.28733629      0.80873571       9.0175237       2821.9125       3.2816442       0.67972576         2.6019184       2840.7635                 26.000159                   396.033                           2391.0907                      8.7886604               0.21350492              3.2771234                         5.5268953       9.8334605
              4       1420.8958       3.0484336      0.95931354       69.778732     0.022373545       0.1175326      0.05412937           0.45289304   0.00031022836       0.64668126       1.0036149       1.0000825      0.99837737       72.414973      0.13710153        3.111789       7.4478773       6.4279096       9.1129539        16.801267       78.520813       287.04965       51.579855       25.762128       76.799009     0.080503453        0.10733168        0.46791684       0.2319695        0.77483837       2.0936795   2.1082295e-09       147.24692      0.82636518      0.28733629      0.80873571       9.0175237       2818.1552        2.392696      -0.10073286         2.4934289       2837.0061                 26.000159                   396.033                           2387.3333                      8.7886604               0.21350492              3.2771234                         5.5268953       9.8334605
              1        1421.048       3.0484336      0.95931354       69.778732     0.022373545       0.1175326      0.05412937           0.45289304   0.00031022836       0.64668126       1.0036149       1.0000511      0.99824662       72.400005      0.12434136       3.1987178       7.2601572       6.4498428       9.6698606        16.702606        76.46946       281.61039       53.072827       25.463097        77.78778     0.082058021        0.14482481        0.49857801      0.21315591        0.70380728       2.1334186   2.1082295e-09       147.24692      0.82636518      0.28733629      0.80873571       9.0175237       2819.8972       1.6739637      -0.80378113         2.4777449       2838.7482                 26.000159                   396.033                           2389.0754                      8.7886604               0.21350492              3.2771234                         5.5268953       9.8334605
              3        1420.511       3.0484336      0.95931354       69.778732     0.022373545       0.1175326      0.05412937           0.45289304   0.00031022836       0.64668126       1.0036149      0.99999404      0.99832963       72.067202      0.13259803       3.1680367       7.2841151       6.3957576        9.660676        16.765897        76.32813       282.90388       53.571404        25.13807       78.045174     0.095383572        0.13266241        0.51251614      0.25390657        0.70590859       2.0939936   2.1082295e-09       147.24692      0.82636518      0.28733629      0.80873571       9.0175237       2818.8957       1.6376919      -0.83205114          2.469743       2837.7466                 26.000159                   396.033                           2388.0738                      8.7886604               0.21350492              3.2771234                         5.5268953       9.8334605
              1       1420.7697       3.0484336      0.95931354       69.778732     0.022373545       0.1175326      0.05412937           0.45289304   0.00031022836       0.64668126       1.0036149      0.99979619      0.99817197        72.71816      0.16559438       2.9042983       6.5181539       6.5940959       9.7011542        16.253023       77.122978       279.21362       55.021103       25.119397       75.489222      0.13106116       0.090964802        0.52667404      0.23424136        0.68575017       2.1025567   2.1082295e-09       147.24692      0.82636518      0.28733629      0.80873571       9.0175237       2819.7025       1.4930041      -0.67856501         2.1715691       2838.5535                 26.000159                   396.033                           2388.8807                      8.7886604               0.21350492              3.2771234                         5.5268953       9.8334605
              2       1419.5944       3.0484336      0.95931354       69.778732     0.022373545       0.1175326      0.05412937           0.45289304   0.00031022836       0.64668126       1.0036149      0.99974399      0.99806296       72.603889      0.17042835        2.883812       6.5333208       6.5550086       9.9089884        15.955988        76.80154       280.76931       54.501843       25.145374       75.269016      0.11534656        0.10381325        0.56117759      0.23119237        0.68629994       2.0429383   2.1082295e-09       147.24692      0.82636518      0.28733629      0.80873571       9.0175237       2817.1562       1.5908506       -0.5774776         2.1683282       2836.0072                 26.000159                   396.033                           2386.3344                      8.7886604               0.21350492              3.2771234                         5.5268953       9.8334605
              2        1419.594       3.0484336      0.95931354       69.778732     0.022373545       0.1175326      0.05412937           0.45289304   0.00031022836       0.64668126       1.0036149        0.999744      0.99806292       72.603884      0.17043207       2.8838316       6.5332693       6.5550515       9.9089675        15.955994       76.801531       280.76944       54.501764       25.145202       75.269159      0.11534836        0.10381598         0.5611741      0.23118524        0.68629529       2.0429378   2.1082295e-09       147.24692      0.82636518      0.28733629      0.80873571       9.0175237       2817.1557       1.5906748       -0.5776497         2.1683245       2836.0067                 26.000159                   396.033                           2386.3339                      8.7886604               0.21350492              3.2771234                         5.5268953       9.8334605
              2        1419.574       3.0484336      0.95931354       69.778732     0.022373545       0.1175326      0.05412937           0.45289304   0.00031022836       0.64668126       1.0036149       0.9997437       0.9980692       72.599632      0.17189746       2.8846376        6.540766       6.5298488       9.9227768        15.950126       76.821154       280.60892       54.379714       25.097549       75.213196      0.11681073        0.10425736        0.56002831      0.23110027        0.68709309       2.0454322   2.1082295e-09       147.24692      0.82636518      0.28733629      0.80873571       9.0175237       2817.1592       1.5688483      -0.60108876         2.1699371       2836.0102                 26.000159                   396.033                           2386.3374                      8.7886604               0.21350492              3.2771234                         5.5268953       9.8334605
              1       1419.3879       3.0484336      0.95931354       69.778732     0.022373545       0.1175326      0.05412937           0.45289304   0.00031022836       0.64668126       1.0036149      0.99979588       0.9981188       72.376982      0.18298178       2.8055464       6.3941579       6.5652983       9.9922504        16.138783       76.828894       280.94666       54.733115        24.91753       75.391267      0.11702505        0.11478163          0.570824      0.22251549        0.67248144       2.0589973   2.1082295e-09       147.24692      0.82636518      0.28733629      0.80873571       9.0175237       2817.1318        1.396515      -0.72730122         2.1238163       2835.9828                 26.000159                   396.033                             2386.31                      8.7886604               0.21350492              3.2771234                         5.5268953       9.8334605
              3       1419.2867       3.0484336      0.95931354       69.778732     0.022373545       0.1175326      0.05412937           0.45289304   0.00031022836       0.64668126       1.0036149      0.99960583      0.99811715       72.754612      0.14263624       2.6440093       6.2531997       6.6177668       9.9586345        15.930679       77.635754       277.40149       55.486456       25.144592       75.885362     0.090828957        0.14629354        0.60501126      0.24171906         0.6705661       2.1126449   2.1082295e-09       147.24692      0.82636518      0.28733629      0.80873571       9.0175237       2814.5765       2.5729245       0.50162381         2.0713007       2833.4275                 26.000159                   396.033                           2383.7547                      8.7886604               0.21350492              3.2771234                         5.5268953       9.8334605
              1       1419.5639       3.0484336      0.95931354       69.778732     0.022373545       0.1175326      0.05412937           0.45289304   0.00031022836       0.64668126       1.0036149      0.99906875       0.9980259       73.418629         0.16964       2.5441262       6.8910178       7.4096642       9.7621891        16.866272       78.065638       279.73161       56.255837       23.733183       76.309202      0.12326634        0.11631605        0.56257897      0.16231101        0.61526743       2.1125439   2.1082295e-09       147.24692      0.82636518      0.28733629      0.80873571       9.0175237       2815.2947       2.4910207       0.35478478         2.1362359       2834.1457                 26.000159                   396.033                           2384.4729                      8.7886604               0.21350492              3.2771234                         5.5268953       9.8334605
              2       1420.1128       3.0484336      0.95931354       69.778732     0.022373545       0.1175326      0.05412937           0.45289304   0.00031022836       0.64668126       1.0036149      0.99892809       0.9981484        72.91895      0.15969905       2.7877417       6.8371426       7.7617958        9.514465        17.126151       77.817528       274.42766       57.775016        24.39493         75.2878      0.13633921        0.14083082        0.54667719      0.15942235        0.64254305       2.1176839   2.1082295e-09       147.24692      0.82636518      0.28733629      0.80873571       9.0175237       2816.4306       2.4719568       0.27489983          2.197057       2835.2816                 26.000159                   396.033                           2385.6088                      8.7886604               0.21350492              3.2771234                         5.5268953       9.8334605
              4       1419.9117       3.0484336      0.95931354       69.778732     0.022373545       0.1175326      0.05412937           0.45289304   0.00031022836       0.64668126       1.0036149      0.99880642      0.99809385       72.718335      0.16000356       2.6994514       6.7824446       7.7304824         9.54311        16.994528       77.395854       278.81357        57.70518       24.617036       75.408904      0.13841818        0.13872995        0.53613311      0.16527192        0.64601381       2.1655187   2.1082295e-09       147.24692      0.82636518      0.28733629      0.80873571       9.0175237       2815.7068       2.6328098       0.47275804         2.1600517       2834.5578                 26.000159                   396.033                            2384.885                      8.7886604               0.21350492              3.2771234                         5.5268953       9.8334605
              5       1421.2697       3.0484336      0.95931354       69.778732     0.022373545       0.1175326      0.05412937           0.45289304   0.00031022836       0.64668126       1.0036149      0.99879495      0.99810372       72.918884      0.15995977       2.4618277       6.6186435        7.695528       9.4714677         17.33965       77.231137        283.6294       57.108873       24.213947       75.724595      0.14225284        0.12086454        0.57713062      0.14790348        0.60657103       2.1113654   2.1082295e-09       147.24692      0.82636518      0.28733629      0.80873571       9.0175237       2816.5972       3.5456713        1.4659844         2.0796869       2835.4481                 26.000159                   396.033                           2385.7753                      8.7886604               0.21350492              3.2771234                         5.5268953       9.8334605
              3       1422.7308       3.0484336      0.95931354       69.778732     0.022373545       0.1175326      0.05412937           0.45289304   0.00031022836       0.64668126       1.0036149       0.9987939      0.99817281       72.907568      0.14584877       2.4035769       6.9082084         7.42562       9.3178688        17.040891       77.061281       277.66156       57.266261        24.05654       75.535291      0.12633995        0.13715595        0.58005912      0.13195056        0.57208425       2.0905185   2.1082295e-09       147.24692      0.82636518      0.28733629      0.80873571       9.0175237       2817.9063       4.3521566        2.2472534         2.1049033       2836.7573                 26.000159                   396.033                           2387.0845                      8.7886604               0.21350492              3.2771234                         5.5268953       9.8334605
              1       1423.0491       3.0484336      0.95931354       69.778732     0.022373545       0.1175326      0.05412937           0.45289304   0.00031022836       0.64668126       1.0032592       0.9987939      0.99817281       72.907568      0.14584877       2.4035769       6.9082084         7.42562       9.3178688        17.040891       77.061281       277.66156       57.266261        24.05654       75.535291      0.12633995        0.13715595        0.58005912      0.13195056        0.57208425       2.0905185   2.1082295e-09       147.24692      0.82636518      0.28733629      0.80873571       9.0175237       2818.9341       4.1565555        2.0516522         2.1049033       2837.7851                 26.070334                 396.02111                           2388.0167                      8.8260366               0.21350492              3.2771234                         5.5268953       9.8334605
              1       1422.8853       3.0484336      0.95931354       69.778732     0.022373545       0.1175326      0.05412937           0.45289304   0.00031022836       0.64668126       1.0039718       0.9987939      0.99817281       72.907568      0.14584877       2.4035769       6.9082084         7.42562       9.3178688        17.040891       77.061281       277.66156       57.266261        24.05654       75.535291      0.12633995        0.13715595        0.58005912      0.13195056        0.57208425       2.0905185   2.1082295e-09       147.24692      0.82636518      0.28733629      0.80873571       9.0175237        2817.782       4.5687829        2.4638796         2.1049033        2836.633                  25.93026                 396.02442                            2387.069                      8.7583681               0.21350492              3.2771234                         5.5268953       9.8334605
              1       1423.5025       3.0484336      0.95931354       69.778732     0.022373545       0.1175326      0.05412937           0.45289304   0.00031022836       0.64668126       1.0039718      0.99873754      0.99821991       72.968495      0.15059871       2.3762922       6.9246951       7.2914531       9.2999041        17.165937       77.086111        278.4702       57.337243       24.004658       75.371528      0.11929467        0.14121939        0.58380679      0.13403279        0.58439238       2.0929706   2.1082295e-09       147.24692      0.82636518      0.28733629      0.80873571       9.0175237       2818.7592       4.6974376        2.5962786          2.101159       2837.6102                  25.93026                 396.02442                           2388.0462                      8.7583681               0.21350492              3.2771234                         5.5268953       9.8334605
              3       1424.4131       3.0484336      0.95931354       69.778732     0.022373545       0.1175326      0.05412937           0.45289304   0.00031022836       0.64668126       1.0039718      0.99872267      0.99825629       73.604836      0.13003505       2.3863135       6.6391022       7.3635061       9.3019285        17.368224       76.709235       276.86417       56.899015        23.90134       74.978271      0.13817739         0.1421828        0.59177703      0.14816045        0.57536175       1.9838687   2.1082295e-09       147.24692      0.82636518      0.28733629      0.80873571       9.0175237       2820.5249       4.7251329        2.6566799          2.068453       2839.3759                  25.93026                 396.02442                           2389.8118                      8.7583681               0.21350492              3.2771234                         5.5268953       9.8334605
              2       1425.4362       3.0484336      0.95931354       69.778732     0.022373545       0.1175326      0.05412937           0.45289304   0.00031022836       0.64668126       1.0039718      0.99882533      0.99849582       73.802479      0.17654911       2.2396761       6.7351649       7.0466777       9.5945993        17.143067         76.6736       270.13638       58.621238       22.387063        74.14564      0.14066107        0.15348356        0.56765113      0.13610539        0.53544744       2.1363382   2.1082295e-09       147.24692      0.82636518      0.28733629      0.80873571       9.0175237        2821.352       5.3347352        3.2799521         2.0547832       2840.2029                  25.93026                 396.02442                           2390.6389                      8.7583681               0.21350492              3.2771234                         5.5268953       9.8334605
              2       1425.4392       3.0484336      0.95931354       69.778732     0.022373545       0.1175326      0.05412937           0.45289304   0.00031022836       0.64668126       1.0039718      0.99874145      0.99836677       73.711101      0.19114365        2.307104       6.6801122       6.8549322       9.5839938        17.454634        76.91308       271.79122       58.073836       22.031703       74.057974      0.13379289        0.13713521        0.57372292      0.12977407        0.52894459       2.1650587   2.1082295e-09       147.24692      0.82636518      0.28733629      0.80873571       9.0175237       2820.8044       5.6114854        3.5517415         2.0597439       2839.6553                  25.93026                 396.02442                           2390.0913                      8.7583681               0.21350492              3.2771234                         5.5268953       9.8334605
              1       1425.6628       3.0484336      0.95931354       69.778732     0.022373545       0.1175326      0.05412937           0.45289304   0.00031022836       0.64668126       1.0039718      0.99876024      0.99839051       73.763287      0.18919004       2.3080067       6.7815204       6.8022126       9.6534259        17.649083       76.873268       271.97428        58.01238       22.370251        74.14736      0.13456583        0.13812586        0.58013361      0.13262585        0.53518564       2.2025112   2.1082295e-09       147.24692      0.82636518      0.28733629      0.80873571       9.0175237       2821.3845       5.5451041        3.4748132         2.0702909       2840.2355                  25.93026                 396.02442                           2390.6714                      8.7583681               0.21350492              3.2771234                         5.5268953       9.8334605
              2       1425.1238       3.0484336      0.95931354       69.778732     0.022373545       0.1175326      0.05412937           0.45289304   0.00031022836       0.64668126       1.0039718      0.99851035      0.99842947       73.191185      0.24370209       2.0959827       6.6075914       6.6281981       9.7076185        17.231122       77.733689       270.41482       57.673606       23.670002       74.211033      0.16325658        0.16151682        0.54508999      0.16412607        0.50571809       2.2147739   2.1082295e-09       147.24692      0.82636518      0.28733629      0.80873571       9.0175237       2817.5928       6.9018825        4.8725166         2.0293659       2836.4438                  25.93026                 396.02442                           2386.8798                      8.7583681               0.21350492              3.2771234                         5.5268953       9.8334605
              1       1425.0292       3.0484336      0.95931354       69.778732     0.022373545       0.1175326      0.05412937           0.45289304   0.00031022836       0.64668126       1.0039718      0.99850016       0.9984349       73.198134      0.24345642        2.116913       6.5948798       6.6313647       9.6683791        17.207044       77.732519       270.64242       57.665185       23.690359       74.202881      0.16483829        0.15942341        0.54286151      0.16128876        0.50693558       2.2149416   2.1082295e-09       147.24692      0.82636518      0.28733629      0.80873571       9.0175237       2817.3921       6.9076786         4.877224         2.0304545       2836.2431                  25.93026                 396.02442                            2386.679                      8.7583681               0.21350492              3.2771234                         5.5268953       9.8334605
              2       1424.8541       3.0484336      0.95931354       69.778732     0.022373545       0.1175326      0.05412937           0.45289304   0.00031022836       0.64668126       1.0039718      0.99897013      0.99848208       74.478293      0.22418107       2.1454881       7.1451145        6.768323       9.7553993        16.800067       78.148511       269.25021       58.339598       23.409204        74.36501      0.14249842       0.079151307        0.54952605      0.15829798        0.56127185       2.1420793   2.1082295e-09       147.24692      0.82636518      0.28733629      0.80873571       9.0175237       2821.0697       4.8937038        2.8116053         2.0820985       2839.9207                  25.93026                 396.02442                           2390.3567                      8.7583681               0.21350492              3.2771234                         5.5268953       9.8334605
              1       1424.6717       3.0484336      0.95931354       69.778732     0.022373545       0.1175326      0.05412937           0.45289304   0.00031022836       0.64668126       1.0039718      0.99900366       0.9985183       74.647387      0.23605089       2.2126103        7.409479       6.4330057       9.4587025        17.059758       78.101235       269.86213       57.976203       23.052749       73.992927      0.14716067        0.09621365        0.55193707      0.16699425          0.545659       2.1291749   2.1082295e-09       147.24692      0.82636518      0.28733629      0.80873571       9.0175237       2820.8727       4.8098415        2.6755406         2.1343009       2839.7236                  25.93026                 396.02442                           2390.1596                      8.7583681               0.21350492              3.2771234                         5.5268953       9.8334605
              3       1425.1943       3.0484336      0.95931354       69.778732     0.022373545       0.1175326      0.05412937           0.45289304   0.00031022836       0.64668126       1.0039718      0.99906287      0.99937648       75.123703      0.25694883       2.0968353       7.2902411       6.7764639       10.534903        15.904786       76.414901       268.88268       53.840987       22.586954       72.816927      0.22806257        0.16392907        0.50155583      0.16857766        0.57935846       2.0620239   2.1082295e-09       147.24692      0.82636518      0.28733629      0.80873571       9.0175237       2815.6574       7.9401755        5.8497673         2.0904081       2834.5083                  25.93026                 396.02442                           2384.9443                      8.7583681               0.21350492              3.2771234                         5.5268953       9.8334605
              3       1422.2099       3.0484336      0.95931354       69.778732     0.022373545       0.1175326      0.05412937           0.45289304   0.00031022836       0.64668126       1.0039718      0.99899196      0.99921356       74.610155      0.23177896       2.1327781       7.9517511       6.7145017       10.580721        15.729556       76.327182       273.00953       53.276828       23.198797       72.705381      0.17705847        0.14749896        0.51417169      0.11200147        0.62620466       1.9859411   2.1082295e-09       147.24692      0.82636518      0.28733629      0.80873571       9.0175237       2814.2648       5.6519825        3.4413635          2.210619       2833.1158                  25.93026                 396.02442                           2383.5518                      8.7583681               0.21350492              3.2771234                         5.5268953       9.8334605
              1       1422.1114       3.0484336      0.95931354       69.778732     0.022373545       0.1175326      0.05412937           0.45289304   0.00031022836       0.64668126       1.0039718      0.99902232      0.99917077       74.484185      0.25614134       2.0369239       7.9042361       6.6833126       10.637884        15.485756       76.572838       273.04542       52.791772       22.727939       72.446422      0.15635873        0.15275813         0.5207132      0.11727872        0.63316256       2.0130037   2.1082295e-09       147.24692      0.82636518      0.28733629      0.80873571       9.0175237       2815.3472       5.0123093        2.8410577         2.1712516       2834.1982                  25.93026                 396.02442                           2384.6341                      8.7583681               0.21350492              3.2771234                         5.5268953       9.8334605
              1         1423.65       3.0484336      0.95931354       69.778732     0.022373545       0.1175326      0.05412937           0.45289304   0.00031022836       0.64668126       1.0046741      0.99902232      0.99917077       74.484185      0.25614134       2.0369239       7.9042361       6.6833126       10.637884        15.485756       76.572838       273.04542       52.791772       22.727939       72.446422      0.15635873        0.15275813         0.5207132      0.11727872        0.63316256       2.0130037   2.1082295e-09       147.24692      0.82636518      0.28733629      0.80873571       9.0175237        2817.453       5.4980757         3.326824         2.1712516       2836.3039                 25.793859                 396.01922                           2386.9201                      8.7197712               0.21350492              3.2771234                         5.5268953       9.8334605
              2       1423.9945       3.0484336      0.95931354       69.778732     0.022373545       0.1175326      0.05412937           0.45289304   0.00031022836       0.64668126       1.0046741      0.99933115      0.99901659       73.808075      0.22811893       1.9136746       7.8866149       7.2876238       10.191901        15.919673       76.029864       279.82715       53.702967       22.470756       72.712657      0.14599751        0.17543131        0.54379328      0.15143905        0.62243378       2.0222724   2.1082295e-09       147.24692      0.82636518      0.28733629      0.80873571       9.0175237       2820.1972       4.4704312        2.3363173         2.1341139       2839.0481                 25.793859                 396.01922                           2389.6643                      8.7197712               0.21350492              3.2771234                         5.5268953       9.8334605
              1       1423.4813       3.0484336      0.95931354       69.778732     0.022373545       0.1175326      0.05412937           0.45289304   0.00031022836       0.64668126       1.0046741      0.99928478      0.99879972       73.679952      0.21967214       2.2058345       7.7585102       7.0693326       10.619024        15.882625       75.818528       280.00709       53.121599         23.2945       72.326611     0.097432498        0.12918421        0.51373425      0.12158311        0.59445391       1.9947565   2.1082295e-09       147.24692      0.82636518      0.28733629      0.80873571       9.0175237       2819.9068       4.1024125        1.9072844         2.1951281       2838.7578                 25.793859                 396.01922                            2389.374                      8.7197712               0.21350492              3.2771234                         5.5268953       9.8334605
              1       1423.6094       3.0484336      0.95931354       69.778732     0.022373545       0.1175326      0.05412937           0.45289304   0.00031022836       0.64668126       1.0046741      0.99924838        0.998317       73.287146      0.22514488       2.0945384       8.1992251       7.4891226       10.228472        14.337575       75.291988       279.58399       52.906016       24.283032       70.474349     0.059852086        0.15034827        0.56404967      0.19179755        0.66315256       1.9468505   2.1082295e-09       147.24692      0.82636518      0.28733629      0.80873571       9.0175237       2819.8393       4.2643107        2.0131768         2.2511339       2838.6903                 25.793859                 396.01922                           2389.3064                      8.7197712               0.21350492              3.2771234                         5.5268953       9.8334605
              5       1421.9196       3.0484336      0.95931354       69.778732     0.022373545       0.1175326      0.05412937           0.45289304   0.00031022836       0.64668126       1.0046741      0.99914917      0.99836567       73.701303       0.2234115       2.3492787       8.2823905       7.7507393       9.9769962        14.635763       75.299833       278.87648       52.711393       24.119225       70.611117     0.050805248         0.1191715        0.57985791      0.21181275        0.67606269       1.9202542   2.1082295e-09       147.24692      0.82636518      0.28733629      0.80873571       9.0175237       2815.0078       4.9902158        2.6138938         2.3763221       2833.8588                 25.793859                 396.01922                           2384.4749                      8.7197712               0.21350492              3.2771234                         5.5268953       9.8334605
              1        1421.157       3.0484336      0.95931354       69.778732     0.022373545       0.1175326      0.05412937           0.45289304   0.00031022836       0.64668126       1.0046741      0.99917664       0.9984574       73.245941      0.20295014       2.5944728       8.6488723       8.2155823       10.293529        14.309218       74.967251       279.03686       52.208008       23.519067       69.709448      0.11358127         0.1135129        0.55456524      0.21120868        0.65877112       1.9116374   2.1082295e-09       147.24692      0.82636518      0.28733629      0.80873571       9.0175237       2816.9131       3.2749587       0.65239729         2.6225614       2835.7641                 25.793859                 396.01922                           2386.3803                      8.7197712               0.21350492              3.2771234                         5.5268953       9.8334605
              1       1420.1128       3.0484336      0.95931354       69.778732     0.022373545       0.1175326      0.05412937           0.45289304   0.00031022836       0.64668126       1.0043193      0.99915581      0.99847407       73.360849      0.20225631       2.6285991       8.6230764       8.2426368       10.326868        14.332352       74.612924       277.48936       52.293049       23.445083       69.844329      0.11860689        0.12608287        0.55744363      0.22151552        0.65081054       1.9334975   2.1082295e-09       147.24692      0.82636518      0.28733629      0.80873571       9.0175237       2815.2835       3.0455481       0.41237818         2.6331699       2834.1345                 25.862606                 396.00677                           2384.6783                      8.7357951               0.21350492              3.2771234                         5.5268953       9.8334605
              3       1419.9322       3.0484336      0.95931354       69.778732     0.022373545       0.1175326      0.05412937           0.45289304   0.00031022836       0.64668126       1.0043193      0.99914387      0.99848235       73.464346      0.20260676       2.5907487       8.6713008       8.1098397       10.503589        14.502354       74.486949        282.0037       52.572936       23.316399       69.971055      0.11369388        0.12955048        0.55291264      0.21915002        0.67258755       1.9617619   2.1082295e-09       147.24692      0.82636518      0.28733629      0.80873571       9.0175237        2815.087       2.9632216        0.3346061         2.6286155        2833.938                 25.862606                 396.00677                           2384.4818                      8.7357951               0.21350492              3.2771234                         5.5268953       9.8334605
              1        1420.219       3.0484336      0.95931354       69.778732     0.022373545       0.1175326      0.05412937           0.45289304   0.00031022836       0.64668126       1.0043193      0.99834858      0.99875099       73.724914      0.12450232       2.3288101       9.0823315       8.3368377       10.376112         15.28393       75.093414        273.6087       50.392727       21.613952       71.677329      0.10984035         0.1244195        0.47881523      0.16110885        0.67538579       1.9031031   2.1082295e-09       147.24692      0.82636518      0.28733629      0.80873571       9.0175237       2811.0471       5.2699874        2.6443425         2.6256449       2829.8981                 25.862606                 396.00677                           2380.4419                      8.7357951               0.21350492              3.2771234                         5.5268953       9.8334605
              1       1420.4067       3.0484336      0.95931354       69.778732     0.022373545       0.1175326      0.05412937           0.45289304   0.00031022836       0.64668126       1.0043193      0.99833838      0.99876473       73.658901      0.12391637       2.3091737       9.1039031       8.2924488       10.372111        15.261246       75.071034       273.48903       50.484701       21.619532       71.608332      0.11434264        0.12605215        0.47795308      0.16213595        0.67478753       1.9030011   2.1082295e-09       147.24692      0.82636518      0.28733629      0.80873571       9.0175237       2811.4156       5.2734367        2.6514061         2.6220306       2830.2665                 25.862606                 396.00677                           2380.8104                      8.7357951               0.21350492              3.2771234                         5.5268953       9.8334605
              2       1421.3281       3.0484336      0.95931354       69.778732     0.022373545       0.1175326      0.05412937           0.45289304   0.00031022836       0.64668126       1.0043193      0.99827867      0.99881266       73.728179      0.11952757        2.326505       9.3704581       8.6306332       10.289639        15.095499       74.725099       280.26983        50.67123       21.824764        71.70089       0.1147796         0.1450561        0.48321487      0.19115281        0.68056588       1.7956031   2.1082295e-09       147.24692      0.82636518      0.28733629      0.80873571       9.0175237       2812.4594       5.6729597        2.9382596         2.7347001       2831.3104                 25.862606                 396.00677                           2381.8542                      8.7357951               0.21350492              3.2771234                         5.5268953       9.8334605
              4        1421.367       3.0484336      0.95931354       69.778732     0.022373545       0.1175326      0.05412937           0.45289304   0.00031022836       0.64668126       1.0043193      0.99834399      0.99892015       73.843038      0.13052736       2.3702693       9.3980284       8.5876318       10.248324        14.732306       74.582544       281.08072       50.669141       22.040804       72.024518      0.08917326        0.15344944        0.46789393      0.18778596        0.68536693       1.7990767   2.1082295e-09       147.24692      0.82636518      0.28733629      0.80873571       9.0175237       2811.4258        6.228605        3.4544158         2.7741891       2830.2768                 25.862606                 396.00677                           2380.8206                      8.7357951               0.21350492              3.2771234                         5.5268953       9.8334605
              1       1421.5725       3.0484336      0.95931354       69.778732     0.022373545       0.1175326      0.05412937           0.45289304   0.00031022836       0.64668126       1.0043193      0.99803641      0.99903862       73.524397      0.13620372       2.7967849       8.3481436       8.1886306       10.581821        15.351618       75.055196         284.131       53.019075       22.465619       75.432479      0.10103831        0.17258638        0.49049422      0.21484522        0.63803783       1.9428495   2.1082295e-09       147.24692      0.82636518      0.28733629      0.80873571       9.0175237       2808.4347       7.9296859        5.2986725         2.6310133       2827.2857                 25.862606                 396.00677                           2377.8295                      8.7357951               0.21350492              3.2771234                         5.5268953       9.8334605
              1       1422.3114       3.0484336      0.95931354       69.778732     0.022373545       0.1175326      0.05412937           0.45289304   0.00031022836       0.64668126       1.0043193      0.99788077      0.99865789       73.948175      0.24781478       2.7643704       8.3366947       7.7077765       9.9956185        15.677983       77.938076       296.70246       48.707017       24.731314       75.631633     0.094349766        0.18635548         0.5339713      0.24447423        0.70520121       2.0496603   2.1082295e-09       147.24692      0.82636518      0.28733629      0.80873571       9.0175237        2808.166       8.8029132        6.1950535         2.6078598        2827.017                 25.862606                 396.00677                           2377.5609                      8.7357951               0.21350492              3.2771234                         5.5268953       9.8334605
              1         1419.45       3.0484336      0.95931354       69.778732     0.022373545       0.1175326      0.05412937           0.45289304   0.00031022836       0.64668126       1.0043193      0.99807151      0.99880235       73.916054      0.20338981       2.8312364       8.1423599       7.4983757       9.8538071        15.265084       77.966475       304.35963       48.029639        24.59736       74.798273      0.11231046        0.15160121        0.54995404      0.27294622        0.67624589       2.1428049   2.1082295e-09       147.24692      0.82636518      0.28733629      0.80873571       9.0175237        2805.176         7.43646        4.8598131         2.5766469        2824.027                 25.862606                 396.00677                           2374.5708                      8.7357951               0.21350492              3.2771234                         5.5268953       9.8334605
              2       1418.0499       3.0484336      0.95931354       69.778732     0.022373545       0.1175326      0.05412937           0.45289304   0.00031022836       0.64668126       1.0043193      0.99832954      0.99866655       73.889877      0.23889905        2.644865       7.7486273       8.2605933       10.220873         15.19166       76.075497       293.84275        47.47103       23.949929       75.268037     0.090177395        0.15107093        0.57034015      0.28460367        0.74149263       2.1648241   2.1082295e-09       147.24692      0.82636518      0.28733629      0.80873571       9.0175237       2803.7089       6.7699355        4.4105825         2.3593531       2822.5599                 25.862606                 396.00677                           2373.1037                      8.7357951               0.21350492              3.2771234                         5.5268953       9.8334605
              1       1417.5306       3.0484336      0.95931354       69.778732     0.022373545       0.1175326      0.05412937           0.45289304   0.00031022836       0.64668126       1.0035682      0.99875594      0.99830316       73.350228      0.24968164       2.5632596        7.468205        7.907434       9.8953702        14.566342       75.432256       307.51393       47.686385       24.233657       74.987989      0.11987728        0.17792324        0.55099119      0.27714875        0.72845502       2.1723382   2.1082295e-09       147.24692      0.82636518      0.28733629      0.80873571       9.0175237       2807.3158       4.4472596         2.191792         2.2554675       2826.1668                 26.009342                 396.02345                           2376.4898                      8.7931578               0.21350492              3.2771234                         5.5268953       9.8334605
              2       1417.9602       3.0509366      0.95841117       69.778732     0.022392199      0.11801413     0.054738327           0.44050454   0.00029813738       0.66443202       1.0035682      0.99883601        0.998374       73.514963      0.22128125       2.4893949       7.4900616        7.775683        9.913596        14.532129       75.338347       307.05456       47.932404       23.973036       74.624027      0.14238961          0.177465        0.57361428        0.262447        0.74547996       2.1210015   2.1135131e-09       147.09599      0.82900397       0.2883636      0.81276726       8.7102257       2808.4933       4.4417475        2.2079135          2.233834       2827.0369                 26.184373                 396.17079                           2377.1326                      9.0055222               0.19459194                3.20397                         5.3116637       9.8334605
              1       1417.9224       3.0509366      0.95841117       69.778732     0.022392199      0.11801413     0.054738327           0.44050454   0.00029813738       0.66443202       1.0035682      0.99885247       0.9983612       73.546457      0.21970317       2.4953971       7.4874881        7.777184       9.9408221        14.572771       75.373757       306.81718       47.893746       23.988673       74.619019      0.13984464        0.17972271        0.57269876      0.26038938        0.74292226       2.1183906   2.1135131e-09       147.09599      0.82900397       0.2883636      0.81276726       8.7102257       2808.5167       4.3922154        2.1568374          2.235378       2827.0604                 26.184373                 396.17079                            2377.156                      9.0055222               0.19459194                3.20397                         5.3116637       9.8334605
              3       1419.9071       3.0509366      0.95841117       69.778732     0.022392199      0.11801413     0.054738327           0.44050454   0.00029813738       0.66443202       1.0035682      0.99873101      0.99863347       74.420213      0.13533259       3.0977045       6.8773128       8.1686495       9.7259759        13.639506       73.491213        309.2899       46.660131       23.322559         74.7344      0.17690855        0.17784234        0.39883889       0.2499325        0.72748011       2.0577117   2.1135131e-09       147.09599      0.82900397       0.2883636      0.81276726       8.7102257       2811.1596       5.0554478        2.7353483         2.3200994       2829.7033                 26.184373                 396.17079                           2379.7989                      9.0055222               0.19459194                3.20397                         5.3116637       9.8334605
              1       1418.5151       3.0509366      0.95841117       69.778732     0.022392199      0.11801413     0.054738327           0.44050454   0.00029813738       0.66443202       1.0035682      0.99858058      0.99866123       74.052398      0.17064181       2.8945224       7.1838909       8.0781929       10.542978        13.681747       74.154866       305.06725       45.973083       23.231985       75.229469      0.14354464        0.14728108        0.37822702      0.23362122        0.73692988       2.1067613   2.1135131e-09       147.09599      0.82900397       0.2883636      0.81276726       8.7102257       2809.9859       4.2503374        1.9350192         2.3153182       2828.5296                 26.184373                 396.17079                           2378.6252                      9.0055222               0.19459194                3.20397                         5.3116637       9.8334605
              2       1418.5808       3.0509366      0.95841117       69.778732     0.022392199      0.11801413     0.054738327           0.44050454   0.00029813738       0.66443202       1.0035682       0.9985985      0.99856978       73.868358      0.16509167       2.8321629       7.3911586       8.2020269       10.563969        13.374582        74.75469       295.75311       46.603267       23.812021        74.77247      0.17248199         0.1547937        0.40737733      0.25291763        0.72410907       2.0901423   2.1135131e-09       147.09599      0.82900397       0.2883636      0.81276726       8.7102257       2809.6171       4.5004514        2.1568403         2.3436111       2828.1607                 26.184373                 396.17079                           2378.2564                      9.0055222               0.19459194                3.20397                         5.3116637       9.8334605
              1       1418.9573       3.0509366      0.95841117       69.778732     0.022392199      0.11801413     0.054738327           0.44050454   0.00029813738       0.66443202       1.0042002       0.9985985      0.99856978       73.868358      0.16509167       2.8321629       7.3911586       8.2020269       10.563969        13.374582        74.75469       295.75311       46.603267       23.812021        74.77247      0.17248199         0.1547937        0.40737733      0.25291763        0.72410907       2.0901423   2.1135131e-09       147.09599      0.82900397       0.2883636      0.81276726       8.7102257       2809.5846       4.8932072        2.5495961         2.3436111       2828.1283                 26.058781                 396.18468                           2378.4304                      8.9107457               0.19459194                3.20397                         5.3116637       9.8334605
              4       1419.1971       3.0509366      0.95841117       69.778732     0.022392199      0.11801413     0.054738327           0.44050454   0.00029813738       0.66443202       1.0042002      0.99856195      0.99850079       74.110674     0.080750224       2.8829175       7.9933932       8.1547189       10.658476        13.655364       74.014169       288.52602        46.69913       23.186236       73.072946      0.09204748        0.17087328        0.31622616      0.30847574        0.63941764       2.0992807   2.1135131e-09       147.09599      0.82900397       0.2883636      0.81276726       8.7102257       2804.9833       7.4335766        4.8800472         2.5535295        2823.527                 26.058781                 396.18468                           2373.8291                      8.9107457               0.19459194                3.20397                         5.3116637       9.8334605
              1       1420.3991       3.0509366      0.95841117       69.778732     0.022392199      0.11801413     0.054738327           0.44050454   0.00029813738       0.66443202       1.0042002        0.998453      0.99844663       73.774881     0.073842668       2.7895086       8.0229449       7.9559753       10.827148        13.421934       73.551202       292.91132       46.434592       23.603905       73.460063      0.11324452        0.17136682        0.28428572      0.30126259        0.66389665       2.1307917   2.1135131e-09       147.09599      0.82900397       0.2883636      0.81276726       8.7102257       2806.4841       7.8851895        5.3722418         2.5129477       2825.0278                 26.058781                 396.18468                           2375.3299                      8.9107457               0.19459194                3.20397                         5.3116637       9.8334605
              3       1419.4949       3.0509366      0.95841117       69.778732     0.022392199      0.11801413     0.054738327           0.44050454   0.00029813738       0.66443202       1.0042002      0.99858039      0.99858128       73.157883      0.02652046       2.5202282        7.883203       8.0332487       9.7597921        12.211409       71.986393       289.00439       47.250142       22.172586       74.950187      0.11755419         0.1644573        0.29169068      0.22803191        0.63114773        2.021228   2.1135131e-09       147.09599      0.82900397       0.2883636      0.81276726       8.7102257       2807.1289       6.6586363        4.3169205         2.3417158       2825.6726                 26.058781                 396.18468                           2375.9747                      8.9107457               0.19459194                3.20397                         5.3116637       9.8334605
              2       1417.3403       3.0509366      0.95841117       69.778732     0.022392199      0.11801413     0.054738327           0.44050454   0.00029813738       0.66443202       1.0034747      0.99866999      0.99860201       73.490074     0.029359455       2.3908391       7.8099224       7.9947972       9.8760421        11.999067       71.731003       289.75815       46.868536       22.458634       74.933081      0.10734606        0.13159369        0.29494628      0.22891249        0.63616618       1.9999821   2.1135131e-09       147.09599      0.82900397       0.2883636      0.81276726       8.7102257       2805.2347       5.4510516        3.1802032         2.2708484       2823.7784                 26.203062                 396.17079                           2373.8394                      9.0214727               0.19459194                3.20397                         5.3116637       9.8334605
              1        1418.075       3.0509366      0.95841117       69.778732     0.022392199      0.11801413     0.054738327           0.44050454   0.00029813738       0.66443202        1.002901      0.99866999      0.99860201       73.490074     0.029359455       2.3908391       7.8099224       7.9947972       9.8760421        11.999067       71.731003       289.75815       46.868536       22.458634       74.933081      0.10734606        0.13159369        0.29494628      0.22891249        0.63616618       1.9999821   2.1135131e-09       147.09599      0.82900397       0.2883636      0.81276726       8.7102257       2807.2895       5.1584362        2.8875878         2.2708484       2825.8332                 26.318161                 396.19028                           2375.6508                      9.1302334               0.19459194                3.20397                         5.3116637       9.8334605
              3       1418.4078       3.0509366      0.95841117       69.778732     0.022392199      0.11801413     0.054738327           0.44050454   0.00029813738       0.66443202        1.002901      0.99861468      0.99855008       73.470328      0.04955409       2.4302567       7.6538902       8.0643877       9.7569049        12.169619       71.955908       290.08138       47.075932       22.674037       75.237763     0.091036136        0.13845402         0.2896047      0.23506794        0.64681378       1.9699702   2.1135131e-09       147.09599      0.82900397       0.2883636      0.81276726       8.7102257       2807.0593       5.6063433        3.3570707         2.2492727        2825.603                 26.318161                 396.19028                           2375.4206                      9.1302334               0.19459194                3.20397                         5.3116637       9.8334605
              1       1418.9007       3.0509366      0.95841117       69.778732     0.022392199      0.11801413     0.054738327           0.44050454   0.00029813738       0.66443202        1.002901      0.99859612      0.99847276        73.74639     0.021533516       2.3973127        7.329011       8.6751547       9.4236681        11.880252       71.627214       292.83469       47.205102       22.285506       75.407916      0.11901835        0.16104509        0.29610296      0.23693691        0.62582226       1.9530255   2.1135131e-09       147.09599      0.82900397       0.2883636      0.81276726       8.7102257       2808.1013       5.5782259        3.4067159         2.1715099        2826.645                 26.318161                 396.19028                           2376.4626                      9.1302334               0.19459194                3.20397                         5.3116637       9.8334605
              1       1418.5709       3.0509366      0.95841117       69.778732     0.022392199      0.11801413     0.054738327           0.44050454   0.00029813738       0.66443202        1.002901      0.99849081      0.99858706       74.340343     0.017111956       2.3584996       7.1965862       8.5065769       9.2936732        12.242445       71.621828       291.18343       46.109674       21.755022       75.088354      0.11000303        0.14202951        0.30367208      0.23017437        0.63080207       1.8961446   2.1135131e-09       147.09599      0.82900397       0.2883636      0.81276726       8.7102257       2807.4833       5.5574553        3.4198242         2.1376311       2826.0269                 26.318161                 396.19028                           2375.8446                      9.1302334               0.19459194                3.20397                         5.3116637       9.8334605
              5       1418.4162       3.0509366      0.95841117       69.778732     0.022392199      0.11801413     0.054738327           0.44050454   0.00029813738       0.66443202        1.002901      0.99854674      0.99851464        74.49597     0.019836743        2.376315       7.1063705       8.4082277       9.3226048        12.012338       71.369283       288.34277        46.10283       21.944801       74.968617      0.11743394        0.13858482        0.29796783      0.24646724        0.63957042       1.8816288   2.1135131e-09       147.09599      0.82900397       0.2883636      0.81276726       8.7102257       2807.5472       5.3707743        3.2430124          2.127762       2826.0909                 26.318161                 396.19028                           2375.9085                      9.1302334               0.19459194                3.20397                         5.3116637       9.8334605
              2       1418.7799       3.0509366      0.95841117       69.778732     0.022392199      0.11801413     0.054738327           0.44050454   0.00029813738       0.66443202        1.002901      0.99859806      0.99839929       74.858105     0.012890678       2.1723687       7.2309696       8.5229056       9.4358559        12.395877       70.929743       287.32147       45.205614        21.76384        74.44426      0.12640068        0.16315708        0.31926206      0.23693305        0.62133987       1.9014438   2.1135131e-09       147.09599      0.82900397       0.2883636      0.81276726       8.7102257       2809.0002       5.0079802        2.9095256         2.0984546       2827.5439                 26.318161                 396.19028                           2377.3615                      9.1302334               0.19459194                3.20397                         5.3116637       9.8334605
              2       1418.5276       3.0509366      0.95841117       69.778732     0.022392199      0.11801413     0.054738327           0.44050454   0.00029813738       0.66443202        1.002901      0.99856244      0.99844174       74.883759     0.015417433        2.056221       7.2234605       8.5467793       9.3216062        12.081658       71.111048        283.8677       45.232038       21.514901       74.482382      0.12256784        0.16331201          0.320545      0.23862113        0.61079078       1.9137397   2.1135131e-09       147.09599      0.82900397       0.2883636      0.81276726       8.7102257       2807.8878       5.3119022        3.2372954         2.0746068       2826.4315                 26.318161                 396.19028                           2376.2491                      9.1302334               0.19459194                3.20397                         5.3116637       9.8334605
              3       1418.5872       3.0509366      0.95841117       69.778732     0.022392199      0.11801413     0.054738327           0.44050454   0.00029813738       0.66443202        1.002901      0.99854964      0.99843862       74.875173     0.016395505        2.055237       7.2377808       8.5203845       9.3283225        12.067133       71.083617       283.71938       45.205263       21.531669        74.54062      0.12329589        0.16430829         0.3213305      0.23521533        0.61187531       1.9133806   2.1135131e-09       147.09599      0.82900397       0.2883636      0.81276726       8.7102257       2807.9609        5.334878        3.2588269         2.0760511       2826.5046                 26.318161                 396.19028                           2376.3223                      9.1302334               0.19459194                3.20397                         5.3116637       9.8334605
              2       1418.6013       3.0509366      0.95841117       69.778732     0.022392199      0.11801413     0.054738327           0.44050454   0.00029813738       0.66443202        1.002901      0.99866554      0.99845498       74.522736    0.0058221771       1.9915655       7.2031128        8.443434       10.022561        12.052504       70.713617       288.83255       45.429692        21.86339         74.3084       0.1131805        0.17117259        0.31228341      0.25261598        0.63305696       1.8625803   2.1135131e-09       147.09599      0.82900397       0.2883636      0.81276726       8.7102257       2808.2472       5.2058915        3.1443729         2.0615186       2826.7909                 26.318161                 396.19028                           2376.6085                      9.1302334               0.19459194                3.20397                         5.3116637       9.8334605
              2       1420.5037       3.0509366      0.95841117       69.778732     0.022392199      0.11801413     0.054738327           0.44050454   0.00029813738       0.66443202        1.002901      0.99866762      0.99840291       74.570049      0.01519859       2.1568892       6.7144013       8.7550142        10.06075        11.705782       70.582128       290.86725       45.666389       22.039627       75.869132      0.10934838        0.20051292        0.30525619      0.27308018        0.63040424       1.8937676   2.1135131e-09       147.09599      0.82900397       0.2883636      0.81276726       8.7102257       2808.7437        6.859971        4.8178207         2.0421502       2827.2874                 26.318161                 396.19028                            2377.105                      9.1302334               0.19459194                3.20397                         5.3116637       9.8334605
              2       1420.5998       3.0509366      0.95841117       69.778732     0.022392199      0.11801413     0.054738327           0.44050454   0.00029813738       0.66443202        1.002901      0.99864425      0.99848919       74.557869     0.010191445       2.1423987       6.6264644       8.9411511       10.024599        11.714209        70.54679       292.28602       44.997387       22.153332       75.716308      0.10951437          0.197585        0.30047806      0.26429508        0.63523824        1.888348   2.1135131e-09       147.09599      0.82900397       0.2883636      0.81276726       8.7102257       2809.0138       6.8210258        4.7864055         2.0346203       2827.5575                 26.318161                 396.19028                           2377.3751                      9.1302334               0.19459194                3.20397                         5.3116637       9.8334605
              1       1420.1687       3.0509366      0.95841117       69.778732     0.022392199      0.11801413     0.054738327           0.44050454   0.00029813738       0.66443202        1.002901      0.99868107      0.99842282       74.737309     0.013187446       2.1038021        6.633327       9.0763573       10.034838        11.706758       70.742111       291.62171       44.988691       22.288064        75.36123      0.12116489        0.19043687        0.28804135      0.26614582        0.62602422       1.8932409   2.1135131e-09       147.09599      0.82900397       0.2883636      0.81276726       8.7102257        2808.726       6.5338291        4.5024221          2.031407       2827.2697                 26.318161                 396.19028                           2377.0873                      9.1302334               0.19459194                3.20397                         5.3116637       9.8334605
              2       1420.1068       3.0509366      0.95841117       69.778732     0.022392199      0.11801413     0.054738327           0.44050454   0.00029813738       0.66443202        1.002901      0.99864174      0.99841142       74.799226     0.015654459       2.1454207       6.4887473       9.0223642        10.01628        11.877221       70.716584       293.46191        45.25782       22.513996       75.073453      0.11614859        0.18739264        0.29679708      0.26830674        0.62271347       1.8990057   2.1135131e-09       147.09599      0.82900397       0.2883636      0.81276726       8.7102257       2808.9148       6.3775797        4.3501624         2.0274172       2827.4585                 26.318161                 396.19028                           2377.2761                      9.1302334               0.19459194                3.20397                         5.3116637       9.8334605
              1       1421.9025       3.0509366      0.95841117       69.778732     0.022392199      0.11801413     0.054738327           0.44050454   0.00029813738       0.66443202       1.0032349      0.99862411      0.99860971       74.998017    0.0088611882        2.294516       6.5139335       9.2377117       10.079681        11.337555       70.667146       290.25084       46.372334        22.87312       75.151193     0.094224421        0.18936803         0.2918163      0.22589218        0.58677901       1.9046898   2.1135131e-09       147.09599      0.82900397       0.2883636      0.81276726       8.7102257        2810.281       7.4901876        5.4465566          2.043631       2828.8247                 26.251069                 396.18622                           2378.7791                      9.0646407               0.19459194                3.20397                         5.3116637       9.8334605
              4       1422.2988       3.0509366      0.95841117       69.778732     0.022392199      0.11801413     0.054738327           0.44050454   0.00029813738       0.66443202       1.0032349      0.99861206      0.99859623       74.983561    0.0058475365       2.2922455       6.5318088       9.3054802       10.087012        11.268993       70.656777       291.11949       46.339644       22.963235       75.173682      0.09792057        0.19581461        0.29835542      0.22738495        0.58659077       1.9027695   2.1135131e-09       147.09599      0.82900397       0.2883636      0.81276726       8.7102257       2810.7529       7.6504822        5.6057557         2.0447265       2829.2966                 26.251069                 396.18622                            2379.251                      9.0646407               0.19459194                3.20397                         5.3116637       9.8334605
              3       1422.5792       3.0509366      0.95841117       69.778732     0.022392199      0.11801413     0.054738327           0.44050454   0.00029813738       0.66443202       1.0032349      0.99855895       0.9986448       75.277541     0.010657479       2.3656283       6.3348852       9.2765158       9.6502361        11.193029       70.383766       294.14266       45.898174       23.107939       75.291213     0.091680534        0.16746756        0.25019766      0.21005441        0.57708615       1.9039396   2.1135131e-09       147.09599      0.82900397       0.2883636      0.81276726       8.7102257        2810.266       8.1743753        6.1354765         2.0388988       2828.8096                 26.251069                 396.18622                            2378.764                      9.0646407               0.19459194                3.20397                         5.3116637       9.8334605
              3       1422.4284       3.0509366      0.95841117       69.778732     0.022392199      0.11801413     0.054738327           0.44050454   0.00029813738       0.66443202        1.003254      0.99853002       0.9986342       75.598122     0.042655515       2.3523268       6.6069316       9.5466224       10.061268        10.818478       70.104824       295.08784        45.65664       23.358165       75.139164     0.079610794        0.13411735        0.23125772      0.25507717        0.59283143       1.8632622   2.1135131e-09       147.09599      0.82900397       0.2883636      0.81276726       8.7102257       2809.0076       8.6527762        6.5931121         2.0596641       2827.5513                 26.247245                 396.18622                           2377.5131                      9.0610866               0.19459194                3.20397                         5.3116637       9.8334605
              1       1422.7634       3.0509366      0.95841117       69.778732     0.022392199      0.11801413     0.054738327           0.44050454   0.00029813738       0.66443202        1.003254      0.99873246       0.9985809        74.67318     0.077099423       2.6853917       6.9984035       9.9909799       9.5027324        10.566936       68.469648       269.09441       45.728177       22.737348       76.562068      0.10622329        0.10422756        0.21101351      0.24078086        0.62916602       1.8259353   2.1135131e-09       147.09599      0.82900397       0.2883636      0.81276726       8.7102257       2810.4145       8.2842702         6.087712         2.1965582       2828.9582                 26.247245                 396.18622                             2378.92                      9.0610866               0.19459194                3.20397                         5.3116637       9.8334605
              1       1422.2858       3.0509366      0.95841117       69.778732     0.022392199      0.11801413     0.054738327           0.44050454   0.00029813738       0.66443202        1.003254      0.99876176      0.99866934       74.909011     0.058830596       2.6689138       7.1037074        9.923769       9.5944707        10.842308       68.179168       267.22925       45.898645       22.800714       76.501483      0.12003963        0.10940808        0.20006727       0.2431611        0.62613797       1.8236005   2.1135131e-09       147.09599      0.82900397       0.2883636      0.81276726       8.7102257       2809.1985       8.4146654        6.2020167         2.2126487       2827.7422                 26.247245                 396.18622                            2377.704                      9.0610866               0.19459194                3.20397                         5.3116637       9.8334605
              1        1421.886       3.0509366      0.95841117       69.778732     0.022392199      0.11801413     0.054738327           0.44050454   0.00029813738       0.66443202        1.003254      0.99874848      0.99861358       74.377172     0.083699421       2.4275201       6.7407233        9.864942       9.9805779        10.542552       68.808416       263.49101       45.242106        22.90442       77.061558      0.10820197        0.11695961        0.24884579      0.27391445        0.65940243       1.7790988   2.1135131e-09       147.09599      0.82900397       0.2883636      0.81276726       8.7102257       2811.4431       6.8925691        4.8047363         2.0878327       2829.9868                 26.247245                 396.18622                           2379.9486                      9.0610866               0.19459194                3.20397                         5.3116637       9.8334605
              1       1421.4483       3.0509366      0.95841117       69.778732     0.022392199      0.11801413     0.054738327           0.44050454   0.00029813738       0.66443202        1.003254      0.99876442      0.99878538       74.380608     0.079286901       2.4331302        6.457348       9.9902367       10.048637         10.42578       69.157399       267.28348       45.003331       23.550458        76.58938      0.11726648        0.11175382        0.25857044      0.24274393        0.66332324          1.8059   2.1135131e-09       147.09599      0.82900397       0.2883636      0.81276726       8.7102257       2811.3473       6.5028258        4.4451025         2.0577234       2829.8909                 26.247245                 396.18622                           2379.8527                      9.0610866               0.19459194                3.20397                         5.3116637       9.8334605
              2       1421.4429       3.0509366      0.95841117       69.778732     0.022392199      0.11801413     0.054738327           0.44050454   0.00029813738       0.66443202        1.003254      0.99871809      0.99916736       73.089689      0.09266512        2.496176       8.0840122       9.7999576       9.9606144        10.246909       69.355061       282.69011       44.789487       24.161003       77.683341     0.046534308        0.13753811        0.28871213      0.22410071        0.66718996       1.7723356   2.1135131e-09       147.09599      0.82900397       0.2883636      0.81276726       8.7102257       2806.7038       8.8191938        6.4324465         2.3867473       2825.2475                 26.247245                 396.18622                           2375.2092                      9.0610866               0.19459194                3.20397                         5.3116637       9.8334605
              1        1421.504       3.0509366      0.95841117       69.778732     0.022392199      0.11801413     0.054738327           0.44050454   0.00029813738       0.66443202        1.003254      0.99886875       0.9992966         73.4385     0.091814979       2.3100383        7.973064       9.3736984       9.6366883        10.353006       68.824071         286.174       44.608061       23.926639       78.213694     0.025381335        0.11142915        0.30109039       0.2418406         0.7163626        1.856026   2.1135131e-09       147.09599      0.82900397       0.2883636      0.81276726       8.7102257       2805.1409        9.661735        7.3827895         2.2789455       2823.6846                 26.247245                 396.18622                           2373.6463                      9.0610866               0.19459194                3.20397                         5.3116637       9.8334605
              2       1421.2805       3.0509366      0.95841117       69.778732     0.022392199      0.11801413     0.054738327           0.44050454   0.00029813738       0.66443202        1.003409       0.9988445      0.99932215        73.46613     0.093399197       2.2929221       7.9939527       9.3357776       9.6508059        10.283386       68.707007        285.5081       44.484223        23.97614       78.184813     0.029442128        0.11397008        0.30251576       0.2443676         0.7116037       1.8597206   2.1135131e-09       147.09599      0.82900397       0.2883636      0.81276726       8.7102257       2804.8193       9.5989529         7.321571         2.2773819        2823.363                 26.216198                 396.17727                           2373.3929                       9.032971               0.19459194                3.20397                         5.3116637       9.8334605
              1        1422.479       3.0509366      0.95841117       69.778732     0.022392199      0.11801413     0.054738327           0.44050454   0.00029813738       0.66443202        1.003001      0.99862466      0.99892201       71.326674      0.10089463       2.0931485       7.9466901       9.7159561       9.8903082        9.4653802       69.145034       288.06017       44.565216       23.417152       81.120634      0.10878119        0.11424161        0.24059099      0.27379757        0.67208181       2.0966541   2.1135131e-09       147.09599      0.82900397       0.2883636      0.81276726       8.7102257       2810.1408       8.1367127        5.9400153         2.1966974       2828.6845                 26.298044                 396.19028                           2378.5426                      9.1099258               0.19459194                3.20397                         5.3116637       9.8334605
              2       1425.2987       3.0509366      0.95841117       69.778732     0.022392199      0.11801413     0.054738327           0.44050454   0.00029813738       0.66443202        1.003001      0.99859312      0.99900011       71.116076      0.11628316       2.0375951       7.9698298       9.9717896       9.1238776         9.380124       68.835776       286.69697       47.452705       23.963676       80.723613      0.14868011        0.11788295        0.23139404      0.29411173        0.68021598       2.0426234   2.1135131e-09       147.09599      0.82900397       0.2883636      0.81276726       8.7102257       2813.7183       9.1676952        6.9838756         2.1838196        2832.262                 26.298044                 396.19028                           2382.1201                      9.1099258               0.19459194                3.20397                         5.3116637       9.8334605
              3       1425.0001       3.0509366      0.95841117       69.778732     0.022392199      0.11801413     0.054738327           0.44050454   0.00029813738       0.66443202        1.003001      0.99875186       0.9990802       70.725524      0.12229707       2.1082561       7.9275389       10.089645       9.2517019        9.4333216       68.323032       292.80042       47.752257       23.881313       79.979622      0.12071581        0.13664436        0.22874391      0.29938159        0.65102007        2.055407   2.1135131e-09       147.09599      0.82900397       0.2883636      0.81276726       8.7102257       2813.3844          9.0361        6.8383995         2.1977006        2831.928                 26.298044                 396.19028                           2381.7861                      9.1099258               0.19459194                3.20397                         5.3116637       9.8334605
              2       1424.4373       3.0509366      0.95841117       69.778732     0.022392199      0.11801413     0.054738327           0.44050454   0.00029813738       0.66443202        1.003001      0.99940636       0.9981288       71.788079     0.024098816       1.6580656       6.9231197       9.9751478       10.074269        9.0992763       67.305584       312.12794       51.345323       25.456379       79.731154      0.19377391       0.093936372        0.33724566      0.24465563        0.70601785       2.1988866   2.1135131e-09       147.09599      0.82900397       0.2883636      0.81276726       8.7102257       2821.1817       4.5746299         2.556758         2.0178719       2839.7253                 26.298044                 396.19028                           2389.5834                      9.1099258               0.19459194                3.20397                         5.3116637       9.8334605
              1       1419.8357       3.0509366      0.95841117       69.778732     0.022392199      0.11801413     0.054738327           0.44050454   0.00029813738       0.66443202       1.0033971      0.99981631       0.9982695       71.600483     0.062836776       1.9662876       6.5618255       9.6554492       9.3987829        9.7556962       66.710439       310.40892       51.419012       25.869359       79.937851      0.15023805        0.16818254        0.41912652       0.2625803        0.69634007       2.2065682   2.1135131e-09       147.09599      0.82900397       0.2883636      0.81276726       8.7102257       2815.8353       2.6462529       0.62630112         2.0199517        2834.379                  26.21858                 396.17727                           2384.4043                      9.0350815               0.19459194                3.20397                         5.3116637       9.8334605
              2       1419.7265       3.0509366      0.95841117       69.778732     0.022392199      0.11801413     0.054738327           0.44050454   0.00029813738       0.66443202       1.0033971      0.99983737      0.99844003       71.732216     0.067043727       2.2430007       6.6877672       9.8039265       9.3055058        9.5395167       68.321224       301.59094       53.628972       25.840113        80.10484      0.14245937        0.15189325        0.40909275      0.28645185         0.6725966       2.1886665   2.1135131e-09       147.09599      0.82900397       0.2883636      0.81276726       8.7102257       2815.4753       2.7170083       0.66595422         2.0510541        2834.019                  26.21858                 396.17727                           2384.0444                      9.0350815               0.19459194                3.20397                         5.3116637       9.8334605
              3       1417.8211       3.0509366      0.95841117       69.778732     0.022392199      0.11801413     0.054738327           0.44050454   0.00029813738       0.66443202       1.0033971      0.99978055      0.99866066        71.67156       0.0668897       2.0900884       6.7879638       9.9007867       9.2276406        10.522531       69.074546       309.18045       53.298405       26.208336       80.401034      0.12556505        0.16599612         0.3826522       0.2597626        0.64405366       2.1416899   2.1135131e-09       147.09599      0.82900397       0.2883636      0.81276726       8.7102257       2810.9741       3.0621988        1.0224504         2.0397484       2829.5177                  26.21858                 396.17727                           2379.5431                      9.0350815               0.19459194                3.20397                         5.3116637       9.8334605
              2       1418.3816       3.0509366      0.95841117       69.778732     0.022392199      0.11801413     0.054738327           0.44050454   0.00029813738       0.66443202       1.0033971      0.99978099      0.99863823       71.562004     0.058451464       2.0430784       6.8766893       9.9351916       9.1393749        10.555028       69.013649       308.56101        53.59986       25.971616        80.12766      0.12087839        0.17154373        0.38464032      0.25450443        0.64675728       2.1258222   2.1135131e-09       147.09599      0.82900397       0.2883636      0.81276726       8.7102257       2811.8993       3.1600497        1.1193423         2.0407074        2830.443                  26.21858                 396.17727                           2380.4684                      9.0350815               0.19459194                3.20397                         5.3116637       9.8334605
              1       1419.2047       3.0509366      0.95841117       69.778732     0.022392199      0.11801413     0.054738327           0.44050454   0.00029813738       0.66443202       1.0033971      0.99984841      0.99868553       72.168647     0.037313967       2.3646143       6.7191027       10.150715       9.5458027        9.9068935        69.58102       308.27291       52.942833       26.031402       80.439559      0.11728125        0.18029618        0.40627244      0.29234938        0.71027464       2.1724425   2.1135131e-09       147.09599      0.82900397       0.2883636      0.81276726       8.7102257        2812.198       3.8338072        1.7604243         2.0733829       2830.7417                  26.21858                 396.17727                           2380.7671                      9.0350815               0.19459194                3.20397                         5.3116637       9.8334605
              1       1419.0879       3.0509319      0.95838456       69.778732     0.022392044      0.11801481     0.054678032           0.44039585   0.00029806519        0.6644364       1.0033971        0.999827      0.99870875       72.102004     0.036689534       2.3831916       6.7248329       10.108557       9.5572992        9.9465285       69.579432       307.97149       52.917985       26.040663       80.540193      0.11492482        0.17804377        0.40752915      0.29357134        0.71282277       2.1714347   2.1135032e-09       147.09596       0.8289966      0.28836468      0.81276156       8.7102368       2812.0045       3.8138355        1.7364337         2.0774018       2830.5482                 26.233746                   396.166                           2380.5599                       9.044774               0.19458946              3.2039636                         5.3116837       9.8334605
              2       1418.0424       3.0509319      0.95838456       69.778732     0.022392044      0.11801481     0.054678032           0.44039585   0.00029806519        0.6644364       1.0033971      0.99988291      0.99879167       72.232616     0.066963283        2.281321       6.7098712       10.029827       9.5887067        9.9926176       69.560167       306.87588       52.747079        26.44911       80.756882      0.14341126          0.168449        0.45262838       0.2719425        0.71952406       2.1859586   2.1135032e-09       147.09596       0.8289966      0.28836468      0.81276156       8.7102368       2811.4091        3.065966        1.0073278         2.0586383       2829.9528                 26.233746                   396.166                           2379.9646                       9.044774               0.19458946              3.2039636                         5.3116837       9.8334605
              1       1421.0103       3.0509319      0.95838456       69.778732     0.022392044      0.11801481     0.054678032           0.44039585   0.00029806519        0.6644364       1.0033971       1.0001065      0.99910773       71.401418     0.093852585       2.1337522       6.5485859        10.95456        9.175639        10.330379       70.639356       315.68095       51.600126       26.257961       80.321724      0.10081338         0.1762991         0.4321729      0.23249327        0.77454567       2.2525284   2.1135032e-09       147.09596       0.8289966      0.28836468      0.81276156       8.7102368       2814.1624       4.6572739        2.6278349         2.0294391       2832.7061                 26.233746                   396.166                           2382.7179                       9.044774               0.19458946              3.2039636                         5.3116837       9.8334605
              1       1419.7733       3.0509319      0.95838456       69.778732     0.022392044      0.11801481     0.054678032           0.44039585   0.00029806519        0.6644364       1.0033971       1.0004122      0.99904113       71.062965     0.072048157       2.3475485        6.380319       10.858742       9.0846777        10.378452        71.73691       310.73827       51.861806       27.576894       80.144761     0.066901769        0.16047029        0.45675873      0.24920577        0.70362636       2.3073814   2.1135032e-09       147.09596       0.8289966      0.28836468      0.81276156       8.7102368       2811.8612       4.5707994        2.5307486         2.0400509       2830.4049                 26.233746                   396.166                           2380.4167                       9.044774               0.19458946              3.2039636                         5.3116837       9.8334605
              1       1420.5314       3.0509319      0.95838456       69.778732     0.022392044      0.11801481     0.054678032           0.44039585   0.00029806519        0.6644364       1.0033971       1.0004382      0.99902048       71.083236     0.072077574        2.302774       6.2902402       10.899907       9.1551018        10.592216       71.709185       308.48412       51.909926       27.609417       80.090289     0.058274423        0.16847044        0.46031235      0.25222181        0.71115252       2.2805485   2.1135032e-09       147.09596       0.8289966      0.28836468      0.81276156       8.7102368       2812.4475       5.0357792        3.0057106         2.0300686       2830.9912                 26.233746                   396.166                            2381.003                       9.044774               0.19458946              3.2039636                         5.3116837       9.8334605
              1       1420.8781       3.0509319      0.95838456       69.778732     0.022392044      0.11801481     0.054678032           0.44039585   0.00029806519        0.6644364       1.0033971       1.0003568      0.99896514       71.005045     0.084773107       2.4107735       6.1765179       10.766526       9.1257642        10.474312       72.347038       309.63147       52.061633        27.82823       80.439762     0.055512963        0.17690821        0.47401085       0.2582721        0.71636564       2.2770756   2.1135032e-09       147.09596       0.8289966      0.28836468      0.81276156       8.7102368       2812.6515       5.2805262        3.2471479         2.0333783       2831.1952                 26.233746                   396.166                            2381.207                       9.044774               0.19458946              3.2039636                         5.3116837       9.8334605
              3       1422.1636       3.0509319      0.95838456       69.778732     0.022392044      0.11801481     0.054678032           0.44039585   0.00029806519        0.6644364       1.0033971       1.0002088      0.99887259       71.306648     0.086654908       2.3287771       6.4403351       10.958419       9.1052325        10.124369       72.324864       311.53983        51.76316       27.892104       79.883556     0.037403704         0.1747036        0.49715944      0.24788492         0.7319132       2.2943876   2.1135032e-09       147.09596       0.8289966      0.28836468      0.81276156       8.7102368       2813.5797       6.1019072        4.0596864         2.0422208       2832.1234                 26.233746                   396.166                           2382.1351                       9.044774               0.19458946              3.2039636                         5.3116837       9.8334605
              1       1422.5879       3.0509319      0.95838456       69.778732     0.022392044      0.11801481     0.054678032           0.44039585   0.00029806519        0.6644364       1.0033971       1.0000924      0.99870375       71.198312     0.065983808       2.2625306        6.221444       10.870156       9.4060878        9.9153329       71.569142         308.136       52.420982       28.066578       80.471542     0.048034509        0.18179189        0.52199515      0.21999301        0.70423144       2.2838736   2.1135032e-09       147.09596       0.8289966      0.28836468      0.81276156       8.7102368       2815.9094       5.3613375        3.3373079         2.0240296       2834.4531                 26.233746                   396.166                           2384.4649                       9.044774               0.19458946              3.2039636                         5.3116837       9.8334605
              3       1419.4263       3.0509319      0.95838456       69.778732     0.022392044      0.11801481     0.054678032           0.44039585   0.00029806519        0.6644364       1.0032416      0.99988519      0.99884459        70.51373     0.038834067       1.9936185       6.3634812       11.289471       8.4601914        9.7105759       71.254084       312.86516       52.520984       29.340827       81.717554      0.10016701        0.16904156        0.50551058      0.19837182         0.7398424       2.1922485   2.1135032e-09       147.09596       0.8289966      0.28836468      0.81276156       8.7102368       2812.0261       4.1414074        2.1236989         2.0177085       2830.5698                 26.264926                   396.166                           2380.5216                      9.0736206               0.19458946              3.2039636                         5.3116837       9.8334605
              1       1418.3508       3.0509319      0.95838456       69.778732     0.022392044      0.11801481     0.054678032           0.44039585   0.00029806519        0.6644364       1.0032416      0.99978881      0.99883394       70.526008     0.042029695       1.9463963       6.3994934       10.991145       8.5129083        9.5512086       71.537252       311.62971       52.397342       29.469678       82.121437      0.10847327        0.16402729        0.53069446      0.18612269        0.74114172       2.1707616   2.1135032e-09       147.09596       0.8289966      0.28836468      0.81276156       8.7102368       2810.2881       3.9349243         1.917363         2.0175613       2828.8318                 26.264926                   396.166                           2378.7836                      9.0736206               0.19458946              3.2039636                         5.3116837       9.8334605
              4       1417.7551       3.0509319      0.95838456       69.778732     0.022392044      0.11801481     0.054678032           0.44039585   0.00029806519        0.6644364       1.0032416      0.99981022      0.99879257       70.351393     0.014785933       2.0687269       6.3306852       10.751872       8.5388692        10.156656       71.914975       311.64678       52.876429       29.675518       81.618983     0.073669876        0.13578609        0.55561261      0.22246589        0.69463265       2.1453468   2.1135032e-09       147.09596       0.8289966      0.28836468      0.81276156       8.7102368       2809.0608        3.952833        1.9341832         2.0186498       2827.6045                 26.264926                   396.166                           2377.5562                      9.0736206               0.19458946              3.2039636                         5.3116837       9.8334605
              1       1417.6231       3.0509319      0.95838456       69.778732     0.022392044      0.11801481     0.054678032           0.44039585   0.00029806519        0.6644364       1.0032416       0.9999853      0.99880321       70.296415     0.022124386       2.1535798       6.6001958       10.768484       8.8633306        10.518139       72.432062       308.47768       51.274312       28.448882       80.610735      0.11101063        0.11849769        0.60027723      0.23291589        0.72183598       2.2001591   2.1135032e-09       147.09596       0.8289966      0.28836468      0.81276156       8.7102368       2809.3403       3.6810818        1.6469736         2.0341082        2827.884                 26.264926                   396.166                           2377.8358                      9.0736206               0.19458946              3.2039636                         5.3116837       9.8334605
              1       1416.9049       3.0509319      0.95838456       69.778732     0.022392044      0.11801481     0.054678032           0.44039585   0.00029806519        0.6644364       1.0032416       1.0000085      0.99877295        70.36969     0.013466443       2.1099859       6.7804587       10.829801       8.7973137        10.653117       72.704479       308.55048       51.383334       28.322051       80.711695       0.1086574        0.12518648        0.59582724      0.23038587        0.72742479       2.1597564   2.1135032e-09       147.09596       0.8289966      0.28836468      0.81276156       8.7102368       2808.1884       3.5388969        1.4974067         2.0414902       2826.7321                 26.264926                   396.166                           2376.6838                      9.0736206               0.19458946              3.2039636                         5.3116837       9.8334605
              1       1416.8574       3.0509319      0.95838456       69.778732     0.022392044      0.11801481     0.054678032           0.44039585   0.00029806519        0.6644364       1.0032416      0.99999155      0.99878913       70.342255     0.011021692       2.1042305       6.7925795       10.831448       8.7766958        10.625338       72.771284       308.48725       51.379877       28.301188       80.745508      0.10925198        0.12450823        0.59445125      0.23104446        0.72760713       2.1627486   2.1135032e-09       147.09596       0.8289966      0.28836468      0.81276156       8.7102368       2808.0414       3.5648488        1.5231458          2.041703       2826.5851                 26.264926                   396.166                           2376.5368                      9.0736206               0.19458946              3.2039636                         5.3116837       9.8334605
              3       1418.6766       3.0509319      0.95838456       69.778732     0.022392044      0.11801481     0.054678032           0.44039585   0.00029806519        0.6644364       1.0032416       1.0000874      0.99882037       70.669197      0.06815153       2.3527537        6.895658       11.066883       8.6256888        13.396607       74.496582       278.95648       50.800528       28.277366       82.776417      0.18321281        0.18062408        0.51449052      0.21756631        0.72456416       2.1741819   2.1135032e-09       147.09596       0.8289966      0.28836468      0.81276156       8.7102368       2810.7977       4.0059294        1.9136148         2.0923146       2829.3414                 26.264926                   396.166                           2379.2931                      9.0736206               0.19458946              3.2039636                         5.3116837       9.8334605
              3       1419.5005       3.0509319      0.95838456       69.778732     0.022392044      0.11801481     0.054678032           0.44039585   0.00029806519        0.6644364       1.0032416       1.0001151      0.99883267       70.614993     0.076193927        2.404902        6.844514       11.091374       8.4122958        13.362179        74.71515        279.7644        51.31037       28.115417        82.61001      0.18184545        0.19513153        0.52538334      0.20069862        0.72790632       2.1607998   2.1135032e-09       147.09596       0.8289966      0.28836468      0.81276156       8.7102368       2810.7893       4.8340047        2.7374697          2.096535        2829.333                 26.264926                   396.166                           2379.2848                      9.0736206               0.19458946              3.2039636                         5.3116837       9.8334605
              1       1419.6949       3.0514073      0.95825324       69.778732     0.022386195      0.11802601     0.054778758           0.44114664   0.00029790273       0.66342183       1.0032416       1.0001222      0.99884681       70.608839     0.072999648        2.415694       6.8897816       11.051304       8.4168456        13.311676         74.7058       279.73928       51.344362        28.10928       82.591719      0.18341834        0.19594561        0.52595778      0.20013226        0.72740827       2.1589283   2.1145081e-09       147.09966      0.82924881      0.28837566      0.81302431       8.7211639       2810.9596       4.9377557        2.8327186         2.1050372       2829.5143                 26.346476                  396.1857                           2379.3051                      9.1223631                 0.195121              3.2062111                         5.3198317       9.8334605
              2       1419.5716       3.0514073      0.95825324       69.778732     0.022386195      0.11802601     0.054778758           0.44114664   0.00029790273       0.66342183       1.0032416       1.0001783      0.99880737       70.372187     0.064179458       2.3893768       6.6023918       10.948968       8.4578777        12.978113       74.894907       276.92862       51.143428        28.32199       83.285674      0.18947353        0.19859355        0.53648158      0.18744011        0.73169135       2.1616888   2.1145081e-09       147.09966      0.82924881      0.28837566      0.81302431       8.7211639       2810.0789       5.2548356        3.1897095         2.0651261       2828.6335                 26.346476                  396.1857                           2378.4243                      9.1223631                 0.195121              3.2062111                         5.3198317       9.8334605
              3        1415.735       3.0514073      0.95825324       69.778732     0.022386195      0.11802601     0.054778758           0.44114664   0.00029790273       0.66342183       1.0032416       1.0006946      0.99882422       70.706449     0.098442736       2.4543638       6.5115052       10.286723       9.3534591        13.012179       74.377433       289.08934       49.891996       28.300686       85.427067      0.13107358        0.18169736        0.47140529      0.30509196        0.69858839        2.178593   2.1145081e-09       147.09966      0.82924881      0.28837566      0.81302431       8.7211639       2805.9108       3.5022723        1.4357905         2.0664818       2824.4655                 26.346476                  396.1857                           2374.2563                      9.1223631                 0.195121              3.2062111                         5.3198317       9.8334605
              5       1416.3428       3.0514073      0.95825324       69.778732     0.022386195      0.11802601     0.054778758           0.44114664   0.00029790273       0.66342183       1.0028844       1.0008067      0.99884619       70.560684      0.11443976       2.4451447       6.5227657       10.199018        8.937124        12.948897       74.403649       289.59928       49.986774        27.99403       85.449814      0.12789593        0.17116074        0.45278274      0.30430412         0.7282351        2.178728   2.1145081e-09       147.09966      0.82924881      0.28837566      0.81302431       8.7211639       2807.5177       3.3066539        1.2405353         2.0661186       2826.0723                 26.418773                 396.18362                           2375.7171                      9.1982204                 0.195121              3.2062111                         5.3198317       9.8334605
              1       1418.5646       3.0514073      0.95825324       69.778732     0.022386195      0.11802601     0.054778758           0.44114664   0.00029790273       0.66342183       1.0028844       1.0009473      0.99876692       70.566106      0.13835848       2.3856572         6.87317       10.617745       9.1845824        12.797064       74.672071       288.45173       48.830086       28.153811       85.298426      0.16429738        0.17079524        0.43356009      0.31846582        0.69214078       2.1187471   2.1145081e-09       147.09966      0.82924881      0.28837566      0.81302431       8.7211639        2810.562       4.0062659        1.9100135         2.0962523       2829.1166                 26.418773                 396.18362                           2378.7613                      9.1982204                 0.195121              3.2062111                         5.3198317       9.8334605
              1       1418.5438       3.0514073      0.95825324       69.778732     0.022386195      0.11802601     0.054778758           0.44114664   0.00029790273       0.66342183       1.0028844       1.0009467      0.99876586       70.562675      0.13762885       2.3851783         6.87652       10.623275       9.1810338        12.799943       74.653865       288.32409       48.838063       28.142029       85.301519      0.16383979        0.16986029        0.43269078      0.31838246        0.69235286       2.1171591   2.1145081e-09       147.09966      0.82924881      0.28837566      0.81302431       8.7211639       2810.5919       3.9705862        1.8739918         2.0965944       2829.1465                 26.418773                 396.18362                           2378.7912                      9.1982204                 0.195121              3.2062111                         5.3198317       9.8334605
              1       1419.9983       3.0514073      0.95825324       69.778732     0.022386195      0.11802601     0.054778758           0.44114664   0.00029790273       0.66342183       1.0028844       1.0010058      0.99914796       70.346198     0.086428023        2.611074       7.3418397       10.472301       9.7626711        12.749218       75.361016       283.00665       48.811579       29.218948       84.511752      0.11828021        0.18609582        0.39686964      0.32352142        0.70218973       2.1218249   2.1145081e-09       147.09966      0.82924881      0.28837566      0.81302431       8.7211639       2810.6176       5.4121717        3.1680312         2.2441405       2829.1722                 26.418773                 396.18362                            2378.817                      9.1982204                 0.195121              3.2062111                         5.3198317       9.8334605
              1       1422.7744       3.0514073      0.95825324       69.778732     0.022386195      0.11802601     0.054778758           0.44114664   0.00029790273       0.66342183       1.0028844       1.0011808      0.99873063       70.666471      0.15098366       2.8331375       7.6782357       10.257961       10.197433        14.248929       75.687547       290.33798       47.766755       29.975102       84.789869     0.065879868        0.14700718        0.36677213      0.25211048        0.79268214       2.1054819   2.1145081e-09       147.09966      0.82924881      0.28837566      0.81302431       8.7211639       2818.0248       4.4846747        2.0587401         2.4259346       2836.5795                 26.418773                 396.18362                           2386.2242                      9.1982204                 0.195121              3.2062111                         5.3198317       9.8334605
              1       1421.9948       3.0514073      0.95825324       69.778732     0.022386195      0.11802601     0.054778758           0.44114664   0.00029790273       0.66342183       1.0028844       1.0010035      0.99863926       70.433724      0.11692132       2.5910624       7.5060558       10.710622       10.537135        14.194473       76.765236       297.08828       48.153946       29.669442       83.783987     0.070067662        0.12623593        0.37494386      0.26483814        0.83415103       2.0924221   2.1145081e-09       147.09966      0.82924881      0.28837566      0.81302431       8.7211639       2816.5562       4.4393856        2.1646096         2.2747759       2835.1108                 26.418773                 396.18362                           2384.7556                      9.1982204                 0.195121              3.2062111                         5.3198317       9.8334605
              1       1423.7225       3.0514073      0.95825324       69.778732     0.022386195      0.11802601     0.054778758           0.44114664   0.00029790273       0.66342183       1.0028844       1.0003753      0.99874789       70.605446      0.15990006       2.8539438       6.9565611       10.417425       11.293198        15.328848       77.487519        299.7123       47.458353       28.797457       84.968876     0.015683238       0.067583635        0.34458704      0.32357322        0.71031598       2.0418002   2.1145081e-09       147.09966      0.82924881      0.28837566      0.81302431       8.7211639       2812.9565       7.9669167        5.7220321         2.2448846       2831.5112                 26.418773                 396.18362                           2381.1559                      9.1982204                 0.195121              3.2062111                         5.3198317       9.8334605
              2       1424.1591       3.0514073      0.95825324       69.778732     0.022386195      0.11802601     0.054778758           0.44114664   0.00029790273       0.66342183       1.0028844        1.000609      0.99861034       70.850267      0.11143265       2.8779977       5.5811709       10.785436       10.103604        14.638141       78.386182        295.6007       45.105976        27.53715       83.943953    -0.023898274        0.10954308         0.3285137      0.29108082        0.77045995       2.0201585   2.1145081e-09       147.09966      0.82924881      0.28837566      0.81302431       8.7211639       2810.6513       9.5561499        7.5124574         2.0436926       2829.2059                 26.418773                 396.18362                           2378.8507                      9.1982204                 0.195121              3.2062111                         5.3198317       9.8334605
              1       1421.8039       3.0514073      0.95825324       69.778732     0.022386195      0.11802601     0.054778758           0.44114664   0.00029790273       0.66342183       1.0028844       1.0007361      0.99869778       71.109829      0.12081884        2.747423       5.6093188       11.009301       10.197518        14.175832       78.259048       294.79751       45.099804        27.79614        82.78301     0.017378513        0.12061301          0.325533      0.30006676        0.75881853       2.0503783   2.1145081e-09       147.09966      0.82924881      0.28837566      0.81302431       8.7211639       2811.3894       6.8318665        4.8001367         2.0317299        2829.944                 26.418773                 396.18362                           2379.5888                      9.1982204                 0.195121              3.2062111                         5.3198317       9.8334605
              2       1421.6085       3.0514073      0.95825324       69.778732     0.022386195      0.11802601     0.054778758           0.44114664   0.00029790273       0.66342183       1.0028844       1.0007164      0.99864572       71.219572      0.11894771       2.7305464       5.4441657       11.198664       10.238929         14.41888       77.913272       295.93757       44.794458       28.335754       82.991015     0.019479638        0.11963773        0.32354123      0.28800264        0.75613994       2.0604301   2.1145081e-09       147.09966      0.82924881      0.28837566      0.81302431       8.7211639       2811.6465       6.5079492        4.4849543         2.0229949       2830.2012                 26.418773                 396.18362                           2379.8459                      9.1982204                 0.195121              3.2062111                         5.3198317       9.8334605
              1        1421.941       3.0514073      0.95825324       69.778732     0.022386195      0.11802601     0.054778758           0.44114664   0.00029790273       0.66342183       1.0028844       1.0006686      0.99865906       71.402858      0.14239982       2.7152593       5.4186877       11.245609       10.214297          14.5624       77.766926        295.0629       44.949421       28.107285       83.058408       0.0263635        0.11789771         0.3144227      0.29538302        0.77876086       2.0496798   2.1145081e-09       147.09966      0.82924881      0.28837566      0.81302431       8.7211639       2812.1549        6.586175        4.5647784         2.0213965       2830.7096                 26.418773                 396.18362                           2380.3543                      9.1982204                 0.195121              3.2062111                         5.3198317       9.8334605
              2       1421.8931       3.0514073      0.95825324       69.778732     0.022386195      0.11802601     0.054778758           0.44114664   0.00029790273       0.66342183       1.0028844       1.0006613      0.99865005       71.400953      0.13966992         2.72345       5.4350674       11.256011        10.20798        14.580328       77.735346       294.31858       44.929409       28.087582        83.03283     0.027470013        0.11743961        0.31273103      0.29661946        0.77778987       2.0508016   2.1145081e-09       147.09966      0.82924881      0.28837566      0.81302431       8.7211639       2812.1215       6.5550495        4.5327427         2.0223068       2830.6761                 26.418773                 396.18362                           2380.3209                      9.1982204                 0.195121              3.2062111                         5.3198317       9.8334605
              4       1422.2492       3.0514073      0.95825324       69.778732     0.022386195      0.11802601     0.054778758           0.44114664   0.00029790273       0.66342183       1.0025848       1.0006613      0.99865005       71.400953      0.13966992         2.72345       5.4350674       11.256011        10.20798        14.580328       77.735346       294.31858       44.929409       28.087582        83.03283     0.027470013        0.11743961        0.31273103      0.29661946        0.77778987       2.0508016   2.1145081e-09       147.09966      0.82924881      0.28837566      0.81302431       8.7211639       2813.0958       6.4239735        4.4016667         2.0223068       2831.6504                 26.479723                 396.18264                            2381.166                      9.2674743                 0.195121              3.2062111                         5.3198317       9.8334605
              1       1422.2491       3.0514073      0.95825324       69.778732     0.022386195      0.11802601     0.054778758           0.44114664   0.00029790273       0.66342183       1.0025848       1.0006613      0.99865002       71.401026      0.13965231       2.7235415       5.4349539       11.256061       10.207927        14.580351       77.735239       294.31966        44.92891        28.08755       83.033019     0.027484604         0.1174449        0.31271658      0.29663389        0.77778787       2.0508094   2.1145081e-09       147.09966      0.82924881      0.28837566      0.81302431       8.7211639       2813.0964       6.4235489         4.401241         2.0223079        2831.651                 26.479723                 396.18264                           2381.1665                      9.2674743                 0.195121              3.2062111                         5.3198317       9.8334605
              2       1422.4988       3.0514073      0.95825324       69.778732     0.022386195      0.11802601     0.054778758           0.44114664   0.00029790273       0.66342183       1.0025848       1.0006125       0.9986882       71.342821      0.15117541       2.7345818       5.4934494       11.435598        10.12588         14.31022       77.611197       297.92641       45.068791       28.078989       83.052303     0.027144227        0.11110095        0.30510865      0.30049265        0.77270582       2.0388637   2.1145081e-09       147.09966      0.82924881      0.28837566      0.81302431       8.7211639       2812.7264       6.8582493         4.833143         2.0251063        2831.281                 26.479723                 396.18264                           2380.7965                      9.2674743                 0.195121              3.2062111                         5.3198317       9.8334605
              2       1422.3978       3.0514073      0.95825324       69.778732     0.022386195      0.11802601     0.054778758           0.44114664   0.00029790273       0.66342183       1.0025848       1.0006186      0.99866642       71.343695      0.13992904         2.78231       5.5230109       11.415163        10.11886        14.306255       77.617286       297.77581       45.129328       28.203205       83.068958     0.025794814        0.11135885        0.30819542      0.30076165        0.77322178       2.0386231   2.1145081e-09       147.09966      0.82924881      0.28837566      0.81302431       8.7211639       2812.5414       6.8497819        4.8197119         2.0300701        2831.096                 26.479723                 396.18264                           2380.6116                      9.2674743                 0.195121              3.2062111                         5.3198317       9.8334605
              1       1422.5506       3.0514073      0.95825324       69.778732     0.022386195      0.11802601     0.054778758           0.44114664   0.00029790273       0.66342183       1.0025848       1.0005751      0.99866999        71.17941      0.14347365       2.7906401       5.4756786       11.246457       10.006492        14.345855       77.623057       300.56055       45.356845        28.30484       82.745816     0.014795038        0.11599801        0.30079874      0.28868198        0.77584659       2.0282287   2.1145081e-09       147.09966      0.82924881      0.28837566      0.81302431       8.7211639       2811.9466       7.2999857        5.2716449         2.0283408       2830.5012                 26.479723                 396.18264                           2380.0167                      9.2674743                 0.195121              3.2062111                         5.3198317       9.8334605
              1       1427.1433       3.0514073      0.95825324       69.778732     0.022386195      0.11802601     0.054778758           0.44114664   0.00029790273       0.66342183       1.0025848       1.0007166      0.99852226       72.139784      0.15725945       2.7632561       5.9792421       11.169333       10.244489        14.551502       76.581877       313.41849       45.703335       29.061516       81.698935      0.07639248        0.10152011         0.2378755      0.23274124        0.87472108       2.4289498   2.1145081e-09       147.09966      0.82924881      0.28837566      0.81302431       8.7211639       2820.8352       7.4483389        5.3857429          2.062596       2839.3899                 26.479723                 396.18264                           2388.9054                      9.2674743                 0.195121              3.2062111                         5.3198317       9.8334605
              2       1427.6615       3.0514073      0.95825324       69.778732     0.022386195      0.11802601     0.054778758           0.44114664   0.00029790273       0.66342183       1.0025848       1.0006916      0.99851888       72.177071      0.15613519       2.8097486        5.934205       11.222936       10.158257        14.685085       76.886638       310.43776       45.490026       28.977251       81.826913     0.082284177        0.11067973        0.23009286      0.20636248        0.88028549       2.4299925   2.1145081e-09       147.09966      0.82924881      0.28837566      0.81302431       8.7211639       2822.0025       7.3829903        5.3174098         2.0655804       2840.5571                 26.479723                 396.18264                           2390.0726                      9.2674743                 0.195121              3.2062111                         5.3198317       9.8334605
              2       1427.1145       3.0514073      0.95825324       69.778732     0.022386195      0.11802601     0.054778758           0.44114664   0.00029790273       0.66342183       1.0025848       1.0001434      0.99854575       72.641259       0.1775652       3.0307603       6.6428863       11.184963       10.180346        13.881882       74.459518       302.88443       48.369868       28.082801       80.476477      0.19715509        0.15763118        0.27341299      0.16803009        0.88104319       2.2961909   2.1145081e-09       147.09966      0.82924881      0.28837566      0.81302431       8.7211639       2821.3633       7.1555914        4.9175699         2.2380216       2839.9179                 26.479723                 396.18264                           2389.4334                      9.2674743                 0.195121              3.2062111                         5.3198317       9.8334605
              1       1425.4708       3.0514073      0.95825324       69.778732     0.022386195      0.11802601     0.054778758           0.44114664   0.00029790273       0.66342183       1.0025848       1.0001364      0.99848469       72.616924      0.16783787        3.083836       5.9800087       11.439599       10.547318        14.329993        74.09747       296.78754       47.902312       28.117776       77.603701       0.1797589        0.16408362        0.31895481      0.15261954        0.81387633       2.3875145   2.1145081e-09       147.09966      0.82924881      0.28837566      0.81302431       8.7211639       2822.9787       4.7041632        2.5755119         2.1286514       2841.5333                 26.479723                 396.18264                           2391.0488                      9.2674743                 0.195121              3.2062111                         5.3198317       9.8334605
              1        1427.778       3.0514073      0.95825324       69.778732     0.022386195      0.11802601     0.054778758           0.44114664   0.00029790273       0.66342183       1.0025848       1.0004485      0.99866163       72.409394      0.14157431       3.4304331       5.9875376       11.563747       10.956477        14.372276       74.909631       300.35463       47.179989       27.859498       77.010049      0.23281031        0.17933864        0.41063109      0.13229083        0.78534268       2.4497594   2.1145081e-09       147.09966      0.82924881      0.28837566      0.81302431       8.7211639       2823.3411       6.8301677        4.5956454         2.2345223       2841.8957                 26.479723                 396.18264                           2391.4112                      9.2674743                 0.195121              3.2062111                         5.3198317       9.8334605
              8       1427.6731       3.0514073      0.95825324       69.778732     0.022386195      0.11802601     0.054778758           0.44114664   0.00029790273       0.66342183       1.0025848       1.0000003      0.99857399       73.044378     0.090465011        3.752512       6.5269884       12.500789       11.036828        14.449441       76.468949       307.16252       44.583207       28.155312        76.97935      0.21465943        0.16693239        0.39409495      0.14866934        0.79668226       2.3557888   2.1145081e-09       147.09966      0.82924881      0.28837566      0.81302431       8.7211639        2824.303        6.244294        3.7163539         2.5279401       2842.8576                 26.479723                 396.18264                           2392.3731                      9.2674743                 0.195121              3.2062111                         5.3198317       9.8334605
              5       1427.9283       3.0514073      0.95825324       69.778732     0.022386195      0.11802601     0.054778758           0.44114664   0.00029790273       0.66342183       1.0025848        1.000087       0.9987555       72.695163      0.11485518       3.8700754       6.1138047       12.527699       10.985875        14.010741       75.799709       308.27279        46.15768       28.432458       76.269938      0.16532106        0.11831044         0.3268825      0.10664225        0.81781711       2.3222474   2.1145081e-09       147.09966      0.82924881      0.28837566      0.81302431       8.7211639       2825.1243       6.0888517        3.6338999         2.4549518       2843.6789                 26.479723                 396.18264                           2393.1945                      9.2674743                 0.195121              3.2062111                         5.3198317       9.8334605
              1       1426.4492       3.0514073      0.95825324       69.778732     0.022386195      0.11802601     0.054778758           0.44114664   0.00029790273       0.66342183       1.0025848      0.99984298      0.99902499       72.097707      0.13949694       3.5913614       6.4261557         12.6283       10.629848        14.704689       75.931256       292.68185       46.725959       28.014603       78.640483      0.22340657        0.12168431        0.41922961      0.16583772        0.84872845       2.3458191   2.1145081e-09       147.09966      0.82924881      0.28837566      0.81302431       8.7211639       2819.2187       7.5625364        5.1482429         2.4142935       2837.7733                 26.479723                 396.18264                           2387.2888                      9.2674743                 0.195121              3.2062111                         5.3198317       9.8334605
              4       1425.9719       3.0514073      0.95825324       69.778732     0.022386195      0.11802601     0.054778758           0.44114664   0.00029790273       0.66342183       1.0025848      0.99980631      0.99918459       72.425473      0.12129659       3.7904628       6.1065888       12.454515       10.909598        14.942962       74.002492       284.81633       47.403325       26.752361       78.370009      0.19402432        0.13292527         0.3967548      0.19075163        0.83669622       2.2238715   2.1145081e-09       147.09966      0.82924881      0.28837566      0.81302431       8.7211639       2821.0243       6.1823937        3.7683984         2.4139953        2839.579                 26.479723                 396.18264                           2389.0945                      9.2674743                 0.195121              3.2062111                         5.3198317       9.8334605
              2       1422.7925       3.0514073      0.95825324       69.778732     0.022386195      0.11802601     0.054778758           0.44114664   0.00029790273       0.66342183       1.0025848      0.99955078      0.99907329       71.715027     0.086621055       4.0081651       6.2045612       11.332928       9.9978767        13.424173       74.357098       297.21523       48.284118       24.959926       77.636949     0.093015507        0.10809571        0.43499329      0.19878883        0.82627846       2.2588477   2.1145081e-09       147.09966      0.82924881      0.28837566      0.81302431       8.7211639       2817.7538       4.6383296        2.0808017         2.5575279       2836.3084                 26.479723                 396.18264                           2385.8239                      9.2674743                 0.195121              3.2062111                         5.3198317       9.8334605
              1       1421.5388       3.0514073      0.95825324       69.778732     0.022386195      0.11802601     0.054778758           0.44114664   0.00029790273       0.66342183       1.0034424      0.99955078      0.99907329       71.715027     0.086621055       4.0081651       6.2045612       11.332928       9.9978767        13.424173       74.357098       297.21523       48.284118       24.959926       77.636949     0.093015507        0.10809571        0.43499329      0.19878883        0.82627846       2.2588477   2.1145081e-09       147.09966      0.82924881      0.28837566      0.81302431       8.7211639       2814.4192       5.0518318        2.4943039         2.5575279       2832.9738                 26.306018                  396.1939                           2382.8364                      9.0829229                 0.195121              3.2062111                         5.3198317       9.8334605
              1       1423.3327       3.0514073      0.95825324       69.778732     0.022386195      0.11802601     0.054778758           0.44114664   0.00029790273       0.66342183       1.0034424      0.99940492      0.99909194       71.332489     0.085169539       3.7411155       6.2798676       11.151971       10.177014        13.721641       74.078781       297.22643       49.344187       25.594839       77.073638     0.056061709       0.099566972        0.43866824      0.20778518        0.78595012       2.2512595   2.1145081e-09       147.09966      0.82924881      0.28837566      0.81302431       8.7211639       2816.5966       5.7570369        3.3145509          2.442486       2835.1513                 26.306018                  396.1939                           2385.0138                      9.0829229                 0.195121              3.2062111                         5.3198317       9.8334605
              1       1423.3833       3.0514073      0.95825324       69.778732     0.022386195      0.11802601     0.054778758           0.44114664   0.00029790273       0.66342183       1.0034424      0.99943876      0.99903599       71.059464      0.10702752       3.6726557       6.3747684       11.276825       9.9870795        13.787317       74.194829       303.69174       48.828894       26.138082       78.007706      0.06083262        0.13350292        0.42577926      0.18341916          0.765065       2.2509779   2.1145081e-09       147.09966      0.82924881      0.28837566      0.81302431       8.7211639       2818.2369       4.9875875        2.5495868         2.4380006       2836.7915                 26.306018                  396.1939                            2386.654                      9.0829229                 0.195121              3.2062111                         5.3198317       9.8334605
              1       1423.2562       3.0514073      0.95825324       69.778732     0.022386195      0.11802601     0.054778758           0.44114664   0.00029790273       0.66342183       1.0034424      0.99943487      0.99904179       71.071427      0.10690865       3.6710512       6.3817868       11.280283       9.9995778        13.789991       74.217614       303.78481       48.846917       26.122429       78.039371     0.061092453         0.1331303        0.42516504      0.18355316        0.76428178       2.2554226   2.1145081e-09       147.09966      0.82924881      0.28837566      0.81302431       8.7211639       2817.9656       4.9961199        2.5567575         2.4393624       2836.5202                 26.306018                  396.1939                           2386.3828                      9.0829229                 0.195121              3.2062111                         5.3198317       9.8334605
              2       1425.1537       3.0514073      0.95825324       69.778732     0.022386195      0.11802601     0.054778758           0.44114664   0.00029790273       0.66342183       1.0034424      0.99935113      0.99908131       71.019098      0.10565367       3.5929892       6.4323588       11.237604       10.257587        13.958856       74.660867       301.35209       47.662163       26.030537       77.726453     0.062442048        0.15557912        0.45439652      0.16474188        0.76872987         2.24887   2.1145081e-09       147.09966      0.82924881      0.28837566      0.81302431       8.7211639       2820.9864       5.3832247        2.9663116         2.4169131        2839.541                 26.306018                  396.1939                           2389.4036                      9.0829229                 0.195121              3.2062111                         5.3198317       9.8334605
              1       1423.7358       3.0514073      0.95825324       69.778732     0.022386195      0.11802601     0.054778758           0.44114664   0.00029790273       0.66342183       1.0034424      0.99969848       0.9992267       71.001645     0.075909966       3.5975277       6.6392394       11.070898       10.006373        14.363865       75.003222       299.02292       47.632028       25.534951       78.252853     0.056316696        0.17107496        0.49454923      0.20312089        0.71406126       2.2154913   2.1145081e-09       147.09966      0.82924881      0.28837566      0.81302431       8.7211639       2818.1751       5.3709337        2.8876791         2.4832546       2836.7297                 26.306018                  396.1939                           2386.5922                      9.0829229                 0.195121              3.2062111                         5.3198317       9.8334605
              2       1423.1858       3.0514073      0.95825324       69.778732     0.022386195      0.11802601     0.054778758           0.44114664   0.00029790273       0.66342183       1.0034424      0.99977707      0.99933312       70.351908      0.12425023        3.438376       5.2546245        9.851232        10.15635        14.132633       74.317138       303.90159        47.30159       25.183455       79.620146      0.13215653        0.11210718        0.56366928      0.18784327        0.70225125       2.3091451   2.1145081e-09       147.09966      0.82924881      0.28837566      0.81302431       8.7211639       2821.1425       3.3371774         1.231982         2.1051953       2839.6972                 26.306018                  396.1939                           2389.5597                      9.0829229                 0.195121              3.2062111                         5.3198317       9.8334605
              5       1419.6326       3.0514073      0.95825324       69.778732     0.022386195      0.11802601     0.054778758           0.44114664   0.00029790273       0.66342183       1.0034424      0.99951186      0.99915369       71.126598     0.080697986       3.4692542       5.3132365       8.9149251       9.8341275        13.634742       78.107424       297.34317       47.125772        24.63124       82.663029      0.15392256        0.15910384        0.57223378      0.23731849        0.64809729       2.2247165   2.1145081e-09       147.09966      0.82924881      0.28837566      0.81302431       8.7211639         2813.78       3.4652576        1.3443393         2.1209182       2832.3346                 26.306018                  396.1939                           2382.1972                      9.0829229                 0.195121              3.2062111                         5.3198317       9.8334605
              1       1419.4174       3.0514073      0.95825324       69.778732     0.022386195      0.11802601     0.054778758           0.44114664   0.00029790273       0.66342183       1.0034424      0.99949155      0.99916585        71.06891     0.081218018       3.4330936       5.3648565       8.8395467       9.9441088        13.804929       78.078125       299.05069       47.411646       24.557549       82.823574      0.15981529        0.16226958        0.58313854      0.23398871        0.65241879        2.220135   2.1145081e-09       147.09966      0.82924881      0.28837566      0.81302431       8.7211639       2812.7652       3.7574942         1.637519         2.1199752       2831.3199                 26.306018                  396.1939                           2381.1824                      9.0829229                 0.195121              3.2062111                         5.3198317       9.8334605
              1       1419.2618       3.0514073      0.95825324       69.778732     0.022386195      0.11802601     0.054778758           0.44114664   0.00029790273       0.66342183       1.0034424      0.99945944      0.99891975        70.88409     0.069094508       3.6715201       5.5526263       8.7445521       9.8425644        14.000626       77.991032       302.10152       48.038552       24.081036       81.932437      0.16093933        0.17989549        0.56042788      0.23277819        0.63719108       2.1652204   2.1145081e-09       147.09966      0.82924881      0.28837566      0.81302431       8.7211639        2812.736       3.6164678        1.3926084         2.2238594       2831.2906                 26.306018                  396.1939                           2381.1531                      9.0829229                 0.195121              3.2062111                         5.3198317       9.8334605
              1       1419.6496       3.0514073      0.95825324       69.778732     0.022386195      0.11802601     0.054778758           0.44114664   0.00029790273       0.66342183       1.0034424      0.99937499      0.99911954       71.550734     0.062150357       3.6762553        5.451546       8.6655259       9.4868033        14.042602       78.340621       313.05902       48.453416        24.68145       80.504755      0.16125464         0.1794056        0.58421934      0.26263348        0.63855589       2.1484041   2.1145081e-09       147.09966      0.82924881      0.28837566      0.81302431       8.7211639       2811.1771       4.7837006        2.5793763         2.2043243       2829.7318                 26.306018                  396.1939                           2379.5943                      9.0829229                 0.195121              3.2062111                         5.3198317       9.8334605
              1       1420.7004       3.0514073      0.95825324       69.778732     0.022386195      0.11802601     0.054778758           0.44114664   0.00029790273       0.66342183       1.0034424      0.99937424      0.99885466       72.276886     0.067742935       4.0571149        5.218882       8.9686398       8.7704327        14.624976       77.365746       319.47529       45.798646       25.408368       78.831243      0.08746092        0.19512965        0.51540508      0.26853808        0.67823787       2.1040339   2.1145081e-09       147.09966      0.82924881      0.28837566      0.81302431       8.7211639       2813.6991       4.5734985        2.2845435          2.288955       2832.2537                 26.306018                  396.1939                           2382.1163                      9.0829229                 0.195121              3.2062111                         5.3198317       9.8334605
              1       1420.9617       3.0514073      0.95825324       69.778732     0.022386195      0.11802601     0.054778758           0.44114664   0.00029790273       0.66342183       1.0034424      0.99911445        0.998975       72.391606     0.026183092       4.0660081       4.9173032       10.009041        9.583734         15.03424       76.834305        324.1483       46.471723        25.19526       79.520486     0.066883012        0.15914068        0.45023997      0.24162626        0.63649969        2.103804   2.1145081e-09       147.09966      0.82924881      0.28837566      0.81302431       8.7211639       2814.9387       4.2150945        1.9921211         2.2229734       2833.4933                 26.306018                  396.1939                           2383.3558                      9.0829229                 0.195121              3.2062111                         5.3198317       9.8334605
              3       1420.0031       3.0514073      0.95825324       69.778732     0.022386195      0.11802601     0.054778758           0.44114664   0.00029790273       0.66342183       1.0034424      0.99910718      0.99897607       72.417829     0.039468977       4.0166586       4.8441507       10.040561        9.649614        14.703682       76.994656       324.07677       46.230986       25.318495       79.427985     0.083229364        0.15617547        0.43218918      0.24382312        0.64457535        2.077591   2.1145081e-09       147.09966      0.82924881      0.28837566      0.81302431       8.7211639       2814.1466       3.6524497        1.4606906         2.1917591       2832.7012                 26.306018                  396.1939                           2382.5638                      9.0829229                 0.195121              3.2062111                         5.3198317       9.8334605
              2       1420.0592       3.0514073      0.95825324       69.778732     0.022386195      0.11802601     0.054778758           0.44114664   0.00029790273       0.66342183       1.0034424      0.99912162      0.99892905       72.209635     0.040519403       4.0187968       4.7920813       10.155834       9.5045552        14.586454       77.086155       321.05014       46.030375       25.286841       78.901265     0.080768755         0.1339837        0.43579672      0.24879002          0.609446       2.0732708   2.1145081e-09       147.09966      0.82924881      0.28837566      0.81302431       8.7211639       2814.1482       3.7077747         1.525456         2.1823187       2832.7029                 26.306018                  396.1939                           2382.5654                      9.0829229                 0.195121              3.2062111                         5.3198317       9.8334605
              1       1420.2588       3.0514073      0.95825324       69.778732     0.022386195      0.11802601     0.054778758           0.44114664   0.00029790273       0.66342183       1.0034424       0.9991067      0.99896105        72.17252     0.046396284       4.0462224       4.8376429       10.235937       9.5323353        14.547128       77.057366       320.77227       45.889863       25.323434       78.966847     0.079683887        0.13432498         0.4353346      0.24695926        0.60862069       2.0737043   2.1145081e-09       147.09966      0.82924881      0.28837566      0.81302431       8.7211639       2814.1957       3.8836747        1.6837967          2.199878       2832.7503                 26.306018                  396.1939                           2382.6128                      9.0829229                 0.195121              3.2062111                         5.3198317       9.8334605
              2       1420.3025       3.0514073      0.95825324       69.778732     0.022386195      0.11802601     0.054778758           0.44114664   0.00029790273       0.66342183       1.0034424      0.99910022      0.99895949       72.180752     0.045759062       4.0387106       4.8429768        10.24885        9.529414        14.553118       77.041713       320.51237       45.903876       25.326011       78.908395      0.07939112        0.13834372        0.43660263      0.24586056        0.60826996       2.0724359   2.1145081e-09       147.09966      0.82924881      0.28837566      0.81302431       8.7211639       2814.2139       3.9182368        1.7197018         2.1985349       2832.7685                 26.306018                  396.1939                           2382.6311                      9.0829229                 0.195121              3.2062111                         5.3198317       9.8334605
              1        1419.302       3.0514073      0.95825324       69.778732     0.022386195      0.11802601     0.054778758           0.44114664   0.00029790273       0.66342183       1.0034295      0.99930554      0.99882685       71.725275     0.058920424       3.9574839       5.0566432       10.302281       9.8066362        14.709878       76.623996       313.87918       46.556647       26.546817       78.636123     0.096662386         0.1103988        0.51936689      0.25081545        0.65917817       2.1851558   2.1145081e-09       147.09966      0.82924881      0.28837566      0.81302431       8.7211639       2814.3418        2.853849        0.6381384         2.2157106       2832.8964                 26.308616                  396.1857                           2382.7621                      9.0853902                 0.195121              3.2062111                         5.3198317       9.8334605
              1       1421.8543       3.0514073      0.95825324       69.778732     0.022386195      0.11802601     0.054778758           0.44114664   0.00029790273       0.66342183       1.0034295      0.99937433      0.99891287       71.732537     0.035377919       3.9661735       4.9820193       10.343759       9.8469854        14.923349       76.200426       312.67504       47.066923        27.17525       78.945425      0.06985787        0.10831256        0.51432564      0.26334245        0.62102106       2.1834094   2.1145081e-09       147.09966      0.82924881      0.28837566      0.81302431       8.7211639        2817.252       3.9509807        1.7478073         2.2031734       2835.8066                 26.308616                  396.1857                           2385.6723                      9.0853902                 0.195121              3.2062111                         5.3198317       9.8334605
              2       1420.7844       3.0514073      0.95825324       69.778732     0.022386195      0.11802601     0.054778758           0.44114664   0.00029790273       0.66342183       1.0034295      0.99925542      0.99880524       71.814358     0.030157512       4.0279405       4.8704706        10.25896       9.8707774        14.572087       75.788943       312.55836          46.996       27.318231       79.379605     0.063874193        0.11232388        0.51548275      0.25634828        0.62247338       2.2104813   2.1145081e-09       147.09966      0.82924881      0.28837566      0.81302431       8.7211639         2814.86       4.0771073        1.8765087         2.2005987       2833.4146                 26.308616                  396.1857                           2383.2802                      9.0853902                 0.195121              3.2062111                         5.3198317       9.8334605
              1       1422.4279       3.0514073      0.95825324       69.778732     0.022386195      0.11802601     0.054778758           0.44114664   0.00029790273       0.66342183       1.0021531      0.99925542      0.99880524       71.814358     0.030157512       4.0279405       4.8704706        10.25896       9.8707774        14.572087       75.788943       312.55836          46.996       27.318231       79.379605     0.063874193        0.11232388        0.51548275      0.25634828        0.62247338       2.2104813   2.1145081e-09       147.09966      0.82924881      0.28837566      0.81302431       8.7211639        2819.287       3.5070825        1.3064838         2.2005987       2837.8417                 26.568067                 396.19361                            2387.149                       9.376336                 0.195121              3.2062111                         5.3198317       9.8334605
              1        1423.393       3.0514073      0.95825324       69.778732     0.022386195      0.11802601     0.054778758           0.44114664   0.00029790273       0.66342183       1.0021531      0.99921376      0.99877398       71.877189     0.030169291       4.1087011       4.8140331       10.214742       9.9535152          14.7321       75.816286       312.00415       46.569087       27.765765         79.5596     0.062633967        0.10745912        0.52078026      0.26227358        0.62741496       2.2285794   2.1145081e-09       147.09966      0.82924881      0.28837566      0.81302431       8.7211639       2820.8426       3.6944021        1.4788305         2.2155716       2839.3972                 26.568067                 396.19361                           2388.7045                       9.376336                 0.195121              3.2062111                         5.3198317       9.8334605
              2       1423.4794       3.0514073      0.95825324       69.778732     0.022386195      0.11802601     0.054778758           0.44114664   0.00029790273       0.66342183       1.0021531      0.99918393       0.9987928       71.835899     0.026691903       4.1128734       4.8434615        10.21742       9.9485427        14.681339       75.926025       312.29294        46.59792       27.804798       79.552207     0.063140814        0.10679976          0.518339      0.26052621        0.62724139        2.235711   2.1145081e-09       147.09966      0.82924881      0.28837566      0.81302431       8.7211639       2820.8764       3.7639422        1.5407245         2.2232177        2839.431                 26.568067                 396.19361                           2388.7384                       9.376336                 0.195121              3.2062111                         5.3198317       9.8334605
              2       1421.8885       3.0514073      0.95825324       69.778732     0.022386195      0.11802601     0.054778758           0.44114664   0.00029790273       0.66342183       1.0027389      0.99918393       0.9987928       71.835899     0.026691903       4.1128734       4.8434615        10.21742       9.9485427        14.681339       75.926025       312.29294        46.59792       27.804798       79.552207     0.063140814        0.10679976          0.518339      0.26052621        0.62724139        2.235711   2.1145081e-09       147.09966      0.82924881      0.28837566      0.81302431       8.7211639       2817.2359       3.9932047         1.769987         2.2232177       2835.7906                 26.448329                 396.18264                           2385.3738                      9.2312025                 0.195121              3.2062111                         5.3198317       9.8334605
              3       1422.5922       3.0514073      0.95825324       69.778732     0.022386195      0.11802601     0.054778758           0.44114664   0.00029790273       0.66342183       1.0027389       0.9991923      0.99876087       71.867614     0.030499018       4.1619532       5.0567997       10.078832        9.940516         14.49364       75.908283       313.25656       46.666616       27.776272        79.44706     0.065755507       0.086255418        0.53246212      0.26627216        0.63216327       2.2210979   2.1145081e-09       147.09966      0.82924881      0.28837566      0.81302431       8.7211639       2817.5929       4.5184423        2.2280958         2.2903465       2836.1475                 26.448329                 396.18264                           2385.7307                      9.2312025                 0.195121              3.2062111                         5.3198317       9.8334605
              2       1417.0161       3.0514073      0.95825324       69.778732     0.022386195      0.11802601     0.054778758           0.44114664   0.00029790273       0.66342183       1.0027389      0.99950274      0.99870341       72.494164      0.01856903       3.7705453       3.5278241       10.138406       9.9087633        15.067523       77.035721       304.06838        50.77077       28.914293       82.627112     0.025839472        0.12523028        0.52938234      0.28815086        0.67659598       2.2226339   2.1145081e-09       147.09966      0.82924881      0.28837566      0.81302431       8.7211639       2805.9188       4.7793895         2.761634         2.0177555       2824.4734                 26.448329                 396.18264                           2374.0566                      9.2312025                 0.195121              3.2062111                         5.3198317       9.8334605
              1       1417.1165       3.0514073      0.95825324       69.778732     0.022386195      0.11802601     0.054778758           0.44114664   0.00029790273       0.66342183       1.0027389      0.99949458      0.99869231       72.442901     0.023112581       3.7453032       3.5502374       10.199564       9.8908181        15.058212       76.997265       304.61389       50.757236        28.85199        82.78935     0.026619331        0.12403752        0.53431121      0.28998176         0.6799486       2.2278639   2.1145081e-09       147.09966      0.82924881      0.28837566      0.81302431       8.7211639       2806.0071       4.8356573        2.8180051         2.0176522       2824.5617                 26.448329                 396.18264                           2374.1449                      9.2312025                 0.195121              3.2062111                         5.3198317       9.8334605
              6       1415.7307       3.0514073      0.95825324       69.778732     0.022386195      0.11802601     0.054778758           0.44114664   0.00029790273       0.66342183       1.0027389      0.99956895      0.99862941       71.753957    0.0017220845       3.7649037       3.4528605       9.9723866        10.06031         14.53968       77.025727       298.30241       49.929871       28.719699       83.708337     0.027204273        0.13406246         0.5450959      0.26999322        0.66697405       2.1670243   2.1145081e-09       147.09966      0.82924881      0.28837566      0.81302431       8.7211639       2804.2082       4.3492847        2.3317037          2.017581       2822.7629                 26.448329                 396.18264                           2372.3461                      9.2312025                 0.195121              3.2062111                         5.3198317       9.8334605
              1       1415.8266       3.0514073      0.95825324       69.778732     0.022386195      0.11802601     0.054778758           0.44114664   0.00029790273       0.66342183       1.0027389      0.99956251       0.9986305       71.759585    0.0019814167       3.7601908       3.4338366        9.976454       10.043669        14.535769       77.033514       298.40956       49.905145       28.667595       83.696718     0.026182708        0.13256208        0.54561962      0.27037037        0.66737405       2.1649265   2.1145081e-09       147.09966      0.82924881      0.28837566      0.81302431       8.7211639       2804.2457       4.4264326        2.4087436         2.0176889       2822.8003                 26.448329                 396.18264                           2372.3835                      9.2312025                 0.195121              3.2062111                         5.3198317       9.8334605
              4       1416.2868       3.0514073      0.95825324       69.778732     0.022386195      0.11802601     0.054778758           0.44114664   0.00029790273       0.66342183       1.0027389      0.99959461      0.99853948       71.918179      0.03344741       3.6474873       3.3090443       9.6475201       10.032397        14.685882       77.298685       300.17273       49.116373       29.228529       83.678272     0.027104447        0.13250272         0.5624176      0.26694974        0.66717978       2.1529756   2.1145081e-09       147.09966      0.82924881      0.28837566      0.81302431       8.7211639       2805.5336       4.2426718        2.2181205         2.0245513       2824.0882                 26.448329                 396.18264                           2373.6714                      9.2312025                 0.195121              3.2062111                         5.3198317       9.8334605
              2       1417.6383       3.0514073      0.95825324       69.778732     0.022386195      0.11802601     0.054778758           0.44114664   0.00029790273       0.66342183       1.0027389       0.9992852      0.99856798       72.926919     0.013141794         3.36246       4.0362403       8.9674991       9.7695503        14.886947       76.950879       297.68396       52.281858       29.090848       84.141967     0.059133548       0.071029036        0.61368144      0.20086024        0.72586921       2.1870728   2.1145081e-09       147.09966      0.82924881      0.28837566      0.81302431       8.7211639       2806.7864       4.9678134        2.9498722         2.0179412       2825.3411                 26.448329                 396.18264                           2374.9243                      9.2312025                 0.195121              3.2062111                         5.3198317       9.8334605
              1       1418.0381       3.0514073      0.95825324       69.778732     0.022386195      0.11802601     0.054778758           0.44114664   0.00029790273       0.66342183       1.0027389      0.99930356      0.99853507       72.791874     0.020822706       3.4396294       3.9496541       8.9721994       9.7870803        14.903346       76.832205        297.1425       52.374398       29.043054       84.323017     0.068363696       0.061067082        0.60036571      0.18540221          0.745105        2.183739   2.1145081e-09       147.09966      0.82924881      0.28837566      0.81302431       8.7211639       2807.6342       4.9436339        2.9259607         2.0176732       2826.1889                 26.448329                 396.18264                           2375.7721                      9.2312025                 0.195121              3.2062111                         5.3198317       9.8334605
              1       1414.4612       3.0514073      0.95825324       69.778732     0.022386195      0.11802601     0.054778758           0.44114664   0.00029790273       0.66342183       1.0027389      0.99902957      0.99839903       72.387092     0.056310043        3.654348       4.1665529       8.5988595       9.8027118        14.543711        76.27968        282.5434       53.020814       29.261152       84.297184      0.10357419          0.132997        0.56347825      0.23415928        0.71647321       2.3361546   2.1145081e-09       147.09966      0.82924881      0.28837566      0.81302431       8.7211639       2805.9027       2.2325271       0.20032668         2.0322004       2824.4573                 26.448329                 396.18264                           2374.0405                      9.2312025                 0.195121              3.2062111                         5.3198317       9.8334605
              1       1414.1362       3.0514073      0.95825324       69.778732     0.022386195      0.11802601     0.054778758           0.44114664   0.00029790273       0.66342183       1.0027389      0.99917672      0.99830051       72.204071     0.060693702        3.907939       4.3731427       8.5839367       9.7973306        14.898179         75.9676       284.22804       53.611406       30.133067       83.845924     0.089142924        0.13588302        0.56586134      0.23078694         0.6842888       2.2860496   2.1145081e-09       147.09966      0.82924881      0.28837566      0.81302431       8.7211639       2805.6111       2.0533139     -0.034655063          2.087969       2824.1657                 26.448329                 396.18264                           2373.7489                      9.2312025                 0.195121              3.2062111                         5.3198317       9.8334605
              2        1416.269       3.0514073      0.95825324       69.778732     0.022386195      0.11802601     0.054778758           0.44114664   0.00029790273       0.66342183       1.0027389      0.99930236      0.99795111       72.754617      0.07169086       3.7705497       4.7423191       8.9502575       10.150568        14.636333       74.503085       286.67729       52.388018       30.949119       84.493269      0.09638468        0.11834963        0.59740279      0.26296974        0.72709236       2.3660038   2.1145081e-09       147.09966      0.82924881      0.28837566      0.81302431       8.7211639       2808.7561       2.6136089       0.50571741         2.1078915       2827.3108                 26.448329                 396.18264                            2376.894                      9.2312025                 0.195121              3.2062111                         5.3198317       9.8334605
              2       1418.0688       3.0514073      0.95825324       69.778732     0.022386195      0.11802601     0.054778758           0.44114664   0.00029790273       0.66342183       1.0027389      0.99924843      0.99782652         72.7938      0.10480361       3.6618409       4.7435354       8.6757244       10.174231        14.750838       74.450465       287.37218       53.452629       30.581268        83.91554     0.047147244        0.11423779        0.60622597      0.26571444        0.75200491       2.3683892   2.1145081e-09       147.09966      0.82924881      0.28837566      0.81302431       8.7211639       2808.1412       4.7208963        2.6358197         2.0850766       2826.6958                 26.448329                 396.18264                            2376.279                      9.2312025                 0.195121              3.2062111                         5.3198317       9.8334605
              1       1420.0818       3.0514073      0.95825324       69.778732     0.022386195      0.11802601     0.054778758           0.44114664   0.00029790273       0.66342183       1.0027389      0.99926699      0.99794295       72.366157      0.10071899       3.6178748        4.892241       8.2991648        10.06673        14.659614        75.14516       291.65226       53.273213       29.408161       83.830599     0.029493748        0.11403936        0.63381961       0.3041826        0.69339204       2.3274349   2.1145081e-09       147.09966      0.82924881      0.28837566      0.81302431       8.7211639       2808.8014       6.4037887         4.308772         2.0950166        2827.356                 26.448329                 396.18264                           2376.9392                      9.2312025                 0.195121              3.2062111                         5.3198317       9.8334605
              1       1418.8134       3.0514073      0.95825324       69.778732     0.022386195      0.11802601     0.054778758           0.44114664   0.00029790273       0.66342183       1.0027389      0.99902693      0.99835882       72.061756     0.059975595       3.5198149       4.5372937       8.1131854       10.179329        14.408603       74.619154       298.25672         52.6186       29.547211       82.121829      0.11698856        0.14842538        0.64580131       0.3164902        0.71304201       2.4468244   2.1145081e-09       147.09966      0.82924881      0.28837566      0.81302431       8.7211639       2809.1331       4.9695221         2.927107         2.0424151       2827.6877                 26.448329                 396.18264                           2377.2709                      9.2312025                 0.195121              3.2062111                         5.3198317       9.8334605
              3       1421.0805       3.0514073      0.95825324       69.778732     0.022386195      0.11802601     0.054778758           0.44114664   0.00029790273       0.66342183       1.0027389      0.99917433      0.99834187       72.440765   0.00075147899       3.6449098       3.9549206        7.597009        9.872426         12.98055       73.783642        299.9519       52.148292       29.721594       83.087158     0.053090465        0.18133315         0.7050575      0.28410819        0.72041949       2.4771354   2.1145081e-09       147.09966      0.82924881      0.28837566      0.81302431       8.7211639       2806.4789       8.5637041        6.5415844         2.0221197       2825.0335                 26.448329                 396.18264                           2374.6167                      9.2312025                 0.195121              3.2062111                         5.3198317       9.8334605
              2        1420.772       3.0514073      0.95825324       69.778732     0.022386195      0.11802601     0.054778758           0.44114664   0.00029790273       0.66342183       1.0027389      0.99923808      0.99829484       72.522648    0.0010904921       3.5584831        4.029656       7.5034915       10.033656        13.137782       73.375603       301.25074       51.836269       29.617198       83.574368     0.066936057        0.18867517        0.70804056      0.29083409        0.71545948       2.4856567   2.1145081e-09       147.09966      0.82924881      0.28837566      0.81302431       8.7211639       2806.2825        8.353413        6.3330938         2.0203192       2824.8371                 26.448329                 396.18264                           2374.4203                      9.2312025                 0.195121              3.2062111                         5.3198317       9.8334605
              1       1420.7749       3.0514073      0.95825324       69.778732     0.022386195      0.11802601     0.054778758           0.44114664   0.00029790273       0.66342183       1.0027389      0.99923801       0.9982949       72.522504    0.0010811497       3.5577484       4.0292151       7.5039375       10.033121        13.137397       73.377251       301.24334       51.836621        29.61582       83.576543     0.066969952        0.18877332        0.70801684      0.29083292        0.71554058       2.4855912   2.1145081e-09       147.09966      0.82924881      0.28837566      0.81302431       8.7211639       2806.2829       8.3561044        6.3358251         2.0202793       2824.8375                 26.448329                 396.18264                           2374.4207                      9.2312025                 0.195121              3.2062111                         5.3198317       9.8334605
              2        1418.551       3.0514073      0.95825324       69.778732     0.022386195      0.11802601     0.054778758           0.44114664   0.00029790273       0.66342183       1.0027389      0.99930711      0.99844872        72.69788     0.029342976       3.9108656        3.849648        7.239124       10.283271        13.212984       72.257017       301.81714       51.764579       28.915772       84.031126     0.075460631        0.17533042        0.63143121      0.30990651        0.72579995       2.4200537   2.1145081e-09       147.09966      0.82924881      0.28837566      0.81302431       8.7211639       2806.7125       5.9174317        3.8794092         2.0380224       2825.2672                 26.448329                 396.18264                           2374.8504                      9.2312025                 0.195121              3.2062111                         5.3198317       9.8334605
              4       1418.7289       3.0514073      0.95825324       69.778732     0.022386195      0.11802601     0.054778758           0.44114664   0.00029790273       0.66342183       1.0027389      0.99926357      0.99843234       72.793411     0.025285149       3.8972458       3.7798036       7.2385012       10.259358        13.321885       72.285671        298.4857       51.620743       28.602775       84.297914     0.081683454        0.18589186        0.63546052      0.30405225        0.73042387       2.4136925   2.1145081e-09       147.09966      0.82924881      0.28837566      0.81302431       8.7211639       2806.5454       6.1789058        4.1465975         2.0323083          2825.1                 26.448329                 396.18264                           2374.6832                      9.2312025                 0.195121              3.2062111                         5.3198317       9.8334605
              1       1417.4969       3.0529133      0.95827767       69.778732      0.02239913       0.1179392     0.056495893           0.43633532   0.00029771276       0.66388988       1.0027389      0.99926357      0.99843234       72.793411     0.025285149       3.8972458       3.7798036       7.2385012       10.259358        13.321885       72.285671        298.4857       51.620743       28.602775       84.297914     0.081683454        0.18589186        0.63546052      0.30405225        0.73042387       2.4136925    2.117695e-09       147.10739      0.82936118      0.28822405       0.8129207       8.7270459       2804.0754       6.1789058        4.1465975         2.0323083       2822.6359                 26.286864                 396.57729                           2372.1429                      9.0683367               0.19585583               3.208701                          5.322489       9.8334605
              1       1415.2881       3.0529133      0.95827767       69.778732      0.02239913       0.1179392     0.056495893           0.43633532   0.00029771276       0.66388988       1.0027389      0.99912187      0.99853124       73.276766     0.075338146       3.3200638       4.4927046       6.8843036       10.818101        13.631114       72.208768       285.79855       53.724048       29.147306       84.470363     0.081223932        0.10733727        0.58321934      0.23554288        0.69658543       2.4188664    2.117695e-09       147.10739      0.82936118      0.28822405       0.8129207       8.7270459       2804.4695       3.7730527        1.7503404         2.0227123         2823.03                 26.286864                 396.57729                            2372.537                      9.0683367               0.19585583               3.208701                          5.322489       9.8334605
              1       1415.0481       3.0529133      0.95827767       69.778732      0.02239913       0.1179392     0.056495893           0.43633532   0.00029771276       0.66388988       1.0027389      0.99889121      0.99856082       73.141158     0.051257732       3.0190428       4.6133098       7.0627847       10.978043        13.298215        72.82228       292.82905         53.7441       29.388586        85.78179      0.08734965        0.13592493        0.57861349       0.2012433        0.70015403       2.4296274    2.117695e-09       147.10739      0.82936118      0.28822405       0.8129207       8.7270459       2803.8266       3.8545715        1.8368451         2.0177264       2822.3871                 26.286864                 396.57729                           2371.8941                      9.0683367               0.19585583               3.208701                          5.322489       9.8334605
              1       1415.0982       3.0529133      0.95827767       69.778732      0.02239913       0.1179392     0.056495893           0.43633532   0.00029771276       0.66388988       1.0027389      0.99901196      0.99850886       72.952464     0.045284117       2.9999711       4.4543745       7.2682098       10.871091        13.197261       72.761404       289.52741       53.804151       29.543123       86.128199     0.077779312        0.12518984        0.55111556      0.17933086        0.69485685       2.4751835    2.117695e-09       147.10739      0.82936118      0.28822405       0.8129207       8.7270459       2804.6994       3.4682077        1.4473038         2.0209039       2823.2599                 26.286864                 396.57729                           2372.7669                      9.0683367               0.19585583               3.208701                          5.322489       9.8334605
              1       1414.0451       3.0529133      0.95827767       69.778732      0.02239913       0.1179392     0.056495893           0.43633532   0.00029771276       0.66388988       1.0027389      0.99879474      0.99836447       72.280354     0.077694357       2.9422185       3.9323853       6.5853985       9.8912597        13.190152       72.231742       290.80932       53.675058       29.547593       86.910983      0.11617092        0.13180913          0.458609      0.18127401        0.69250721       2.2220458    2.117695e-09       147.10739      0.82936118      0.28822405       0.8129207       8.7270459       2804.1132       2.7082513       0.64960541         2.0586459       2822.6737                 26.286864                 396.57729                           2372.1807                      9.0683367               0.19585583               3.208701                          5.322489       9.8334605
              1       1413.5217       3.0529133      0.95827767       69.778732      0.02239913       0.1179392     0.056495893           0.43633532   0.00029771276       0.66388988       1.0027389       0.9990134      0.99847897        72.24719     0.042341177       2.8559178       4.0368349       6.3846062       10.079162        13.369061       71.995405       293.80724       55.514925       29.812394       87.046463      0.11970593        0.12842976        0.45407831      0.18160351         0.6459838       2.1677252    2.117695e-09       147.10739      0.82936118      0.28822405       0.8129207       8.7270459        2803.793        2.344934       0.28301132         2.0619227       2822.3535                 26.286864                 396.57729                           2371.8606                      9.0683367               0.19585583               3.208701                          5.322489       9.8334605
              5       1415.2353       3.0529133      0.95827767       69.778732      0.02239913       0.1179392     0.056495893           0.43633532   0.00029771276       0.66388988       1.0015797       0.9990134      0.99847897        72.24719     0.042341177       2.8559178       4.0368349       6.3846062       10.079162        13.369061       71.995405       293.80724       55.514925       29.812394       87.046463      0.11970593        0.12842976        0.45407831      0.18160351         0.6459838       2.1677252    2.117695e-09       147.10739      0.82936118      0.28822405       0.8129207       8.7270459       2808.0213       1.9444399      -0.11748276         2.0619227       2826.5818                 26.522065                 396.57199                           2375.5898                      9.3374744               0.19585583               3.208701                          5.322489       9.8334605
              2       1415.3639       3.0529133      0.95827767       69.778732      0.02239913       0.1179392     0.056495893           0.43633532   0.00029771276       0.66388988       1.0015797      0.99898942      0.99851114       72.226105     0.051876154        2.811197       4.0573355       6.2797145       10.049605        13.286203       71.903534       294.53304       55.439768       29.647406       87.005429      0.12733593        0.13102523        0.44991173      0.18700732        0.65526094       2.1799216    2.117695e-09       147.10739      0.82936118      0.28822405       0.8129207       8.7270459       2808.0903       2.0385301     -0.028606893          2.067137       2826.6508                 26.522065                 396.57199                           2375.6587                      9.3374744               0.19585583               3.208701                          5.322489       9.8334605
              2       1415.5942       3.0529133      0.95827767       69.737125      0.02239913       0.1179392     0.056495893           0.43633532   0.00029771276       0.66388988       1.0015797      0.99898942      0.99851114       72.226105     0.051876154        2.811197       4.0573355       6.2797145       10.049605        13.286203       71.903534       294.53304       55.439768       29.647406       87.005429      0.12733593        0.13102523        0.44991173      0.18700732        0.65526094       2.1799216    2.117695e-09       147.10738      0.82925811      0.28856807      0.81330462       8.5298732       2808.4954       2.0385301     -0.028606893          2.067137       2827.1113                 26.509295                 396.58143                            2376.026                      9.3787083               0.18470255              3.1631265                         5.1820442       10.085969
              1       1419.4488       3.0529133      0.95827767       69.737125      0.02239913       0.1179392     0.056495893           0.43633532   0.00029771276       0.66388988       1.0015797      0.99867076      0.99831548       72.887248      0.12630482       2.9304361       4.0294971       7.1291946       9.7744537        12.207684       69.975913       286.65851       56.368289       30.949395       85.313631      0.18252584        0.11932799        0.52090859      0.20314222        0.60583358       2.3224718    2.117695e-09       147.10738      0.82925811      0.28856807      0.81330462       8.5298732        2811.928       4.1768843        2.1253769         2.0515074       2830.5438                 26.509295                 396.58143                           2379.4586                      9.3787083               0.18470255              3.1631265                         5.1820442       10.085969
              1       1418.5552       3.0529133      0.95827767       69.737125      0.02239913       0.1179392     0.056495893           0.43633532   0.00029771276       0.66388988       1.0015797      0.99891788       0.9983651        73.10641      0.12503681       2.9681828        4.553978       6.8315371       9.5313228        12.153323        69.60216       277.58677       55.403378       30.921269        84.20494        0.159186       0.093962663        0.52801103      0.15421404        0.62984864       2.3371485    2.117695e-09       147.10738      0.82925811      0.28856807      0.81330462       8.5298732       2811.0473       3.7236407        1.7039353         2.0197053       2829.6632                 26.509295                 396.58143                           2378.5779                      9.3787083               0.18470255              3.1631265                         5.1820442       10.085969
              2       1417.4013       3.0529133      0.95827767       69.737125      0.02239913       0.1179392     0.056495893           0.43633532   0.00029771276       0.66388988       1.0015797      0.99891462      0.99843214       73.059527      0.10560938       2.6456938       4.5688162       6.9775144       9.7311715        12.094586       69.926388       282.46722       55.456486       31.207086        83.83973      0.14675842        0.12197238        0.52847713       0.1335698        0.64881172       2.3163187    2.117695e-09       147.10738      0.82925811      0.28856807      0.81330462       8.5298732       2809.8582       3.1643049        1.1196814         2.0446234       2828.4741                 26.509295                 396.58143                           2377.3888                      9.3787083               0.18470255              3.1631265                         5.1820442       10.085969
              2       1417.4098       3.0529133      0.95827767       69.737125      0.02239913       0.1179392     0.056495893           0.43633532   0.00029771276       0.66388988       1.0015797      0.99892999      0.99841131       73.048044      0.10639255       2.6080955       4.7578141       7.0510032       9.6293897        12.104692       69.816564        283.8308       55.008383       31.096972       83.690868      0.15278334        0.12222816        0.52785313      0.13773539         0.6437408       2.3199902    2.117695e-09       147.10738      0.82925811      0.28856807      0.81330462       8.5298732       2809.9416       3.1310681        1.0955158         2.0355523       2828.5574                 26.509295                 396.58143                           2377.4721                      9.3787083               0.18470255              3.1631265                         5.1820442       10.085969
              3       1417.2158       3.0529133      0.95827767       69.737125      0.02239913       0.1179392     0.056495893           0.43633532   0.00029771276       0.66388988       1.0015797      0.99875016      0.99834331       73.235163      0.11142611         2.50335       4.8606384       7.2583416       9.4240458        11.437631       70.135115       280.84669        54.54827       31.544067       84.253944      0.11424435        0.10088012        0.51857324      0.14307763        0.67360261       2.3713969    2.117695e-09       147.10738      0.82925811      0.28856807      0.81330462       8.5298732       2808.4253       3.6952321        1.6553503         2.0398818       2827.0411                 26.509295                 396.58143                           2375.9559                      9.3787083               0.18470255              3.1631265                         5.1820442       10.085969
              2       1417.5215       3.0529133      0.95827767       69.737125      0.02239913       0.1179392     0.056495893           0.43633532   0.00029771276       0.66388988       1.0015797      0.99874203      0.99832673        73.08819     0.095887247       2.4914531       4.7401624       7.3979055       9.5230431        11.219908       69.729549       280.74652       54.468298       31.612005       84.325319      0.11501631        0.10115353        0.51433929      0.12968499        0.64967447        2.405415    2.117695e-09       147.10738      0.82925811      0.28856807      0.81330462       8.5298732       2808.4627       3.9821956        1.9314047         2.0507909       2827.0786                 26.509295                 396.58143                           2375.9933                      9.3787083               0.18470255              3.1631265                         5.1820442       10.085969
              1       1417.5307       3.0529133      0.95827767       69.737125      0.02239913       0.1179392     0.056495893           0.43633532   0.00029771276       0.66388988       1.0015797      0.99873981      0.99832439       73.093231     0.095758592        2.493569       4.7413748       7.3973818       9.5294136        11.220897       69.727666       280.71518       54.455803       31.610317       84.326789      0.11488663        0.10116078         0.5143237      0.12973179         0.6495391       2.4051861    2.117695e-09       147.10738      0.82925811      0.28856807      0.81330462       8.5298732       2808.4741       3.9857312        1.9353342         2.0503969       2827.0899                 26.509295                 396.58143                           2376.0047                      9.3787083               0.18470255              3.1631265                         5.1820442       10.085969
              2       1417.5753       3.0529133      0.95827767       69.737125      0.02239913       0.1179392     0.056495893           0.43633532   0.00029771276       0.66388988       1.0015797      0.99873942      0.99837172       73.139082     0.089124667       2.4696931       4.7803586       7.4708107       9.5869545        11.224408       69.730785       281.19967       54.469929       31.594377       84.208109      0.10887219        0.10508574        0.50919355      0.12953426        0.65309731       2.4029436    2.117695e-09       147.10738      0.82925811      0.28856807      0.81330462       8.5298732       2808.7088         3.91301        1.8626799         2.0503301       2827.3247                 26.509295                 396.58143                           2376.2394                      9.3787083               0.18470255              3.1631265                         5.1820442       10.085969
              1       1415.4938       3.0529133      0.95827767       69.737125      0.02239913       0.1179392     0.056495893           0.43633532   0.00029771276       0.66388988        1.002206      0.99877189      0.99837124       73.218899     0.088534337       2.4521461       4.7462461       7.4683328       9.6015287        11.298602       69.730176       281.28366       54.547729       31.538539        84.11393      0.10976028       0.099279043        0.51080398       0.1413642        0.64753822        2.399764    2.117695e-09       147.10738      0.82925811      0.28856807      0.81330462       8.5298732       2804.4123       3.9797023        1.9238497         2.0558526       2823.0281                 26.381908                 396.58313                             2372.23                       9.217251               0.18470255              3.1631265                         5.1820442       10.085969
              2       1415.3909       3.0529133      0.95827767       69.737125      0.02239913       0.1179392     0.056495893           0.43633532   0.00029771276       0.66388988       1.0022769      0.99877189      0.99837124       73.218899     0.088534337       2.4521461       4.7462461       7.4683328       9.6015287        11.298602       69.730176       281.28366       54.547729       31.538539        84.11393      0.10976028       0.099279043        0.51080398       0.1413642        0.64753822        2.399764    2.117695e-09       147.10738      0.82925811      0.28856807      0.81330462       8.5298732       2804.1557       4.0051223        1.9492697         2.0558526       2822.7716                  26.36757                 396.58313                           2372.0046                      9.2003996               0.18470255              3.1631265                         5.1820442       10.085969
              2       1417.2335       3.0529133      0.95827767       69.737125      0.02239913       0.1179392     0.056495893           0.43633532   0.00029771276       0.66388988       1.0022769      0.99869061       0.9982319       73.124413      0.11047984       2.3458296       4.5172528       8.0393061       9.5730509        11.447791       69.495867       289.62979       54.626592        31.33323       83.892978     0.090917292       0.097924377        0.53404475      0.11051143        0.60619874       2.3737899    2.117695e-09       147.10738      0.82925811      0.28856807      0.81330462       8.5298732       2805.0924       5.3793503        3.2778287         2.1015216       2823.7083                  26.36757                 396.58313                           2372.9413                      9.2003996               0.18470255              3.1631265                         5.1820442       10.085969
              2        1416.059       3.0529133      0.95827767       69.737125      0.02239913       0.1179392     0.056495893           0.43633532   0.00029771276       0.66388988       1.0022769      0.99871295      0.99808528       72.769862     0.096278382       2.3676528       4.0064305       7.8243139       9.3089693        11.343708       68.956742       290.88265       54.225761       31.472983       84.602419      0.10264132       0.098807051           0.54463      0.16946339        0.62869332       2.3422991    2.117695e-09       147.10738      0.82925811      0.28856807      0.81330462       8.5298732       2804.7745       4.3637965        2.1846827         2.1791138       2823.3903                  26.36757                 396.58313                           2372.6234                      9.2003996               0.18470255              3.1631265                         5.1820442       10.085969
              3       1414.5092       3.0529133      0.95827767       69.737125      0.02239913       0.1179392     0.056495893           0.43633532   0.00029771276       0.66388988       1.0022769      0.99875774      0.99802511       73.206499      0.08786883       2.4931854       3.9952264       7.5842867       9.5830731        11.673954         69.7128       287.40895       53.649352         31.3254       84.887459      0.10769462        0.10608369         0.5390722       0.1786477         0.6402537       2.2632183    2.117695e-09       147.10738      0.82925811      0.28856807      0.81330462       8.5298732       2803.2947       3.5539055        1.4087282         2.1451773       2821.9106                  26.36757                 396.58313                           2371.1436                      9.2003996               0.18470255              3.1631265                         5.1820442       10.085969
              2       1414.8711       3.0529133      0.95827767       69.737125      0.02239913       0.1179392     0.056495893           0.43633532   0.00029771276       0.66388988       1.0022769      0.99878628       0.9981598         73.1718     0.079652993       2.6905331       3.6977958       7.6255931        9.671817        11.818392       70.037664        295.8783       52.844374       31.285387       84.402517      0.10799755        0.10445618        0.51880496      0.18881555        0.61505115       2.2924534    2.117695e-09       147.10738      0.82925811      0.28856807      0.81330462       8.5298732        2804.236       3.4451475        1.3030377         2.1421098       2822.8518                  26.36757                 396.58313                           2372.0849                      9.2003996               0.18470255              3.1631265                         5.1820442       10.085969
              1       1414.7167       3.0529133      0.95827767       69.737125      0.02239913       0.1179392     0.056495893           0.43633532   0.00029771276       0.66388988       1.0022769      0.99901453      0.99815194       73.608018     0.052697004       2.6630748       3.4618815       8.0525497       9.3545399        11.300315       69.772737       294.16505       54.540386       31.207035       85.015557      0.11819403        0.15136974        0.54077761      0.19771947        0.62012899       2.2997279    2.117695e-09       147.10738      0.82925811      0.28856807      0.81330462       8.5298732       2804.9177       2.9498964       0.75687692         2.1930195       2823.5335                  26.36757                 396.58313                           2372.7666                      9.2003996               0.18470255              3.1631265                         5.1820442       10.085969
              1       1414.7955       3.0529133      0.95827767       69.737125      0.02239913       0.1179392     0.056495893           0.43633532   0.00029771276       0.66388988       1.0022769      0.99900602      0.99819901       73.593222     0.039764439       2.6375111       3.4482338       8.0637875         9.43235        11.260906       69.584138       292.22336       54.380922       31.428326       85.024887      0.10407795        0.15254484        0.54367539      0.19288913        0.62443599       2.2921044    2.117695e-09       147.10738      0.82925811      0.28856807      0.81330462       8.5298732       2804.6683       3.1534437        0.9494872         2.2039565       2823.2842                  26.36757                 396.58313                           2372.5172                      9.2003996               0.18470255              3.1631265                         5.1820442       10.085969
              1       1414.9182       3.0529133      0.95827767       69.737125      0.02239913       0.1179392     0.056495893           0.43633532   0.00029771276       0.66388988       1.0022769      0.99900208      0.99819946       73.637558     0.040833518       2.6393551       3.4515117       8.0982602       9.4769806        11.306802       69.593039       292.39277       54.417128       31.422495       84.973206      0.10486389        0.15400525        0.54216773      0.18873899        0.62851232       2.2976045    2.117695e-09       147.10738      0.82925811      0.28856807      0.81330462       8.5298732       2804.9733       3.1235924       0.92090139         2.2026911       2823.5891                  26.36757                 396.58313                           2372.8222                      9.2003996               0.18470255              3.1631265                         5.1820442       10.085969
              1       1417.9777       3.0529133      0.95827767       69.737125      0.02239913       0.1179392     0.056495893           0.43633532   0.00029771276       0.66388988       1.0022769       0.9992779      0.99788803       72.905968     0.090143028       1.7209834       3.0880562       8.5693833       10.391417        10.451464       69.057607       302.51366       55.077867       31.516668       83.077609       0.1023154        0.10670423        0.58891555       0.2348555        0.65242495       2.2181011    2.117695e-09       147.10738      0.82925811      0.28856807      0.81330462       8.5298732       2810.2805        3.529554       0.76846578         2.7610882       2828.8963                  26.36757                 396.58313                           2378.1294                      9.2003996               0.18470255              3.1631265                         5.1820442       10.085969
              2       1418.4551       3.0529133      0.95827767       69.737125      0.02239913       0.1179392     0.056495893           0.43633532   0.00029771276       0.66388988       1.0022769      0.99924395      0.99795766        72.84894     0.084991477       1.6878775       3.0587199       8.8393718       10.246192        10.534428       69.154982       304.43542       55.030184       31.519414       82.992748     0.090496773       0.098565253        0.57098381      0.24617028        0.64894974       2.2258834    2.117695e-09       147.10738      0.82925811      0.28856807      0.81330462       8.5298732       2810.6279       3.8332522        1.0383315         2.7949207       2829.2438                  26.36757                 396.58313                           2378.4768                      9.2003996               0.18470255              3.1631265                         5.1820442       10.085969
              2       1417.9732       3.0529133      0.95827767       69.737125      0.02239913       0.1179392     0.056495893           0.43633532   0.00029771276       0.66388988       1.0022769      0.99927236       0.9979391       72.796406     0.081451999       1.6707208       3.1459734       8.8476285       10.236911        10.667889       69.139636       304.69738        54.95822       31.346104       83.103844     0.084470302        0.10298725        0.57392388      0.24699724        0.65253022       2.2235389    2.117695e-09       147.10738      0.82925811      0.28856807      0.81330462       8.5298732        2809.711       3.8098339        1.0395703         2.7702635       2828.3268                  26.36757                 396.58313                           2377.5599                      9.2003996               0.18470255              3.1631265                         5.1820442       10.085969
              1        1418.336       3.0529133      0.95827767       69.737125      0.02239913       0.1179392     0.056495893           0.43633532   0.00029771276       0.66388988       1.0022769      0.99925705        0.997925       72.673571       0.0795463       1.6729703       3.0776174       8.8670182       10.201395        10.605962       69.111449       305.52981       54.981014        31.33602        83.22062     0.086616822        0.10166729        0.56844059      0.25220388        0.65502248       2.2273493    2.117695e-09       147.10738      0.82925811      0.28856807      0.81330462       8.5298732       2810.4138       3.8211925        1.0242114         2.7969811       2829.0296                  26.36757                 396.58313                           2378.2627                      9.2003996               0.18470255              3.1631265                         5.1820442       10.085969
              5       1418.3384       3.0529133      0.95827767       69.737125      0.02239913       0.1179392     0.056495893           0.43633532   0.00029771276       0.66388988       1.0022769      0.99925565      0.99792526       72.678885     0.079530793       1.6721505       3.0818772       8.8695024       10.203743        10.603275        69.10964       305.49956        54.99668         31.3392       83.224079     0.086781538        0.10117425         0.5679347       0.2523168        0.65555268       2.2278274    2.117695e-09       147.10738      0.82925811      0.28856807      0.81330462       8.5298732       2810.4162       3.8223711        1.0266165         2.7957546        2829.032                  26.36757                 396.58313                           2378.2651                      9.2003996               0.18470255              3.1631265                         5.1820442       10.085969
              1       1417.9388       3.0529133      0.95827767       69.737125      0.02239913       0.1179392     0.056495893           0.43633532   0.00029771276       0.66388988       1.0022769      0.99951522      0.99797104       72.759495     0.089626344       1.3731632        3.426414       8.7244317       9.5771572        10.194216       69.814922       302.79194       52.795779       31.951548       84.758028      0.13460953       0.094140995        0.53926068      0.21587913        0.65640273       2.2810232    2.117695e-09       147.10738      0.82925811      0.28856807      0.81330462       8.5298732       2811.7426       2.7595639     -0.092845017         2.8524089       2830.3584                  26.36757                 396.58313                           2379.5915                      9.2003996               0.18470255              3.1631265                         5.1820442       10.085969
              2       1417.3823       3.0529133      0.95827767       69.737125      0.02239913       0.1179392     0.056495893           0.43633532   0.00029771276       0.66388988       1.0022769      0.99951381      0.99790335       72.631488      0.10156118       1.3590953       3.4753502        8.616361       9.6408225        9.8578675       69.828156       303.29318       53.087656       32.387061       84.686824      0.12478967        0.10059066        0.54354273      0.19997624        0.66372406       2.2609115    2.117695e-09       147.10738      0.82925811      0.28856807      0.81330462       8.5298732       2810.8647       2.6420149      -0.19904976         2.8410647       2829.4806                  26.36757                 396.58313                           2378.7136                      9.2003996               0.18470255              3.1631265                         5.1820442       10.085969
              1       1417.0261       3.0529133      0.95827767       69.737125      0.02239913       0.1179392     0.056495893           0.43633532   0.00029771276       0.66388988       1.0022769      0.99947586      0.99796522       72.179513     0.061880077       1.6450019       3.4364521        8.863462        10.14087        9.5421219       70.123821       297.88423        54.13719       33.429919       85.481446      0.16760481        0.14774692        0.55796319      0.20280021        0.70957069       2.2045864    2.117695e-09       147.10738      0.82925811      0.28856807      0.81330462       8.5298732       2809.9604       2.7380112      0.066265901         2.6717453       2828.5763                  26.36757                 396.58313                           2377.8093                      9.2003996               0.18470255              3.1631265                         5.1820442       10.085969
              2       1417.3816       3.0529133      0.95827767       69.737125      0.02239913       0.1179392     0.056495893           0.43633532   0.00029771276       0.66388988       1.0022769      0.99952677      0.99796779       72.123755     0.079572957       1.6818782       3.4958827       8.9347132       10.085864        9.5901807       70.182305       298.40074       54.183209       33.527744       85.380161      0.17321523        0.16182186        0.56727697      0.20921586        0.69992742        2.222061    2.117695e-09       147.10738      0.82925811      0.28856807      0.81330462       8.5298732       2809.8804       3.1335087       0.50614051         2.6273682       2828.4962                  26.36757                 396.58313                           2377.7293                      9.2003996               0.18470255              3.1631265                         5.1820442       10.085969
              1       1418.0346       3.0529133      0.95827767       69.737125      0.02239913       0.1179392     0.056495893           0.43633532   0.00029771276       0.66388988       1.0020592      0.99995555      0.99801169       72.460374     0.048746095       1.6364156       3.8478361       8.9284365       11.003469        10.068538       69.884315       302.19831       54.136128        32.81638       87.372924        0.129989        0.18167849        0.54017969      0.23406476        0.72447203       2.4075264    2.117695e-09       147.10738      0.82925811      0.28856807      0.81330462       8.5298732       2812.1769       2.6382125       0.10929816         2.5289143       2830.7927                 26.411644                 396.58313                           2379.9291                      9.2530578               0.18470255              3.1631265                         5.1820442       10.085969
              1       1417.0273       3.0529133      0.95827767       69.737125      0.02239913       0.1179392     0.056495893           0.43633532   0.00029771276       0.66388988       1.0020592      0.99989514      0.99829696        73.16514      0.03916293       1.7122615       3.8189421       8.9031546       11.457456        10.052199       69.033536       306.94493       53.050871       33.707217       85.870126      0.14285021        0.16521196        0.57955418      0.26202825         0.7326426       2.4241999    2.117695e-09       147.10738      0.82925811      0.28856807      0.81330462       8.5298732       2809.2386        3.100041       0.60181985         2.4982212       2827.8545                 26.411644                 396.58313                           2376.9908                      9.2530578               0.18470255              3.1631265                         5.1820442       10.085969
              2       1417.0726       3.0529133      0.95827767       69.737125      0.02239913       0.1179392     0.056495893           0.43633532   0.00029771276       0.66388988       1.0020592      0.99985957      0.99832358       73.146403       0.0364921       1.6442524        4.535822       8.5513957       11.573941        10.480459       69.303428       305.22199       53.153936       34.172031       85.969147      0.13113039        0.16299773        0.58741546      0.25618523        0.71323466       2.3644593    2.117695e-09       147.10738      0.82925811      0.28856807      0.81330462       8.5298732       2810.1946       2.6673611       0.34733059         2.3200305       2828.8104                 26.411644                 396.58313                           2377.9467                      9.2530578               0.18470255              3.1631265                         5.1820442       10.085969
              2       1417.0102       3.0529133      0.95827767       69.737125      0.02239913       0.1179392     0.056495893           0.43633532   0.00029771276       0.66388988       1.0020592       0.9998395      0.99832678       73.151306     0.038053646       1.6528548       4.4601464       8.5254053       11.617158        10.414094       69.280848       305.02677       53.112886       34.177225       85.965557      0.13178655          0.165175        0.58630933      0.25378664        0.71053449       2.3494614    2.117695e-09       147.10738      0.82925811      0.28856807      0.81330462       8.5298732       2809.9767        2.713917       0.37762205         2.3362949       2828.5926                 26.411644                 396.58313                           2377.7289                      9.2530578               0.18470255              3.1631265                         5.1820442       10.085969
              1       1418.1996       3.0529133      0.95827767       69.737125      0.02239913       0.1179392     0.056495893           0.43633532   0.00029771276       0.66388988       1.0020592       0.9996038      0.99854845       72.486017     0.084726389       1.2258972       4.3022424       8.5818197       11.767515        10.102908       70.520212       306.70884       52.751035       34.622027       84.978057      0.10797427        0.16766379        0.56725462      0.26200415        0.70223782       2.4528121    2.117695e-09       147.10738      0.82925811      0.28856807      0.81330462       8.5298732       2810.5841        3.599658        1.0002305         2.5994275       2829.1999                 26.411644                 396.58313                           2378.3362                      9.2530578               0.18470255              3.1631265                         5.1820442       10.085969
              2        1418.339       3.0529133      0.95827767       69.737125      0.02239913       0.1179392     0.056495893           0.43633532   0.00029771276       0.66388988       1.0020592       0.9995823      0.99842887       72.281326      0.11685498       1.4204534       4.4856935       8.1775126       11.694605        10.073989       71.082431       311.16546       53.150355       34.794442       85.673118     0.066056558        0.14350954        0.58099655      0.27463266        0.67319854       2.4277308    2.117695e-09       147.10738      0.82925811      0.28856807      0.81330462       8.5298732       2809.7268       4.1677305        1.7326093         2.4351212       2828.3426                 26.411644                 396.58313                           2377.4789                      9.2530578               0.18470255              3.1631265                         5.1820442       10.085969
              3       1418.2055       3.0529133      0.95827767       69.737125      0.02239913       0.1179392     0.056495893           0.43633532   0.00029771276       0.66388988       1.0020592      0.99963567      0.99846337       72.081987      0.11195751       1.3341623       4.4506623       8.0264258       11.480476        9.8090316       71.132416       309.14204       52.915216        34.61313       86.313264     0.084093534        0.14069245        0.58739991      0.27323575        0.66762016       2.4305229    2.117695e-09       147.10738      0.82925811      0.28856807      0.81330462       8.5298732       2810.3681       3.7135854        1.2240708         2.4895146       2828.9839                 26.411644                 396.58313                           2378.1202                      9.2530578               0.18470255              3.1631265                         5.1820442       10.085969
              2       1417.9063       3.0529133      0.95827767       69.737125      0.02239913       0.1179392     0.056495893           0.43633532   0.00029771276       0.66388988       1.0020592      0.99954193      0.99854803       71.705067      0.13168637        1.334715       4.4597537       8.1143739       11.559006        10.077837       70.930232       305.62364       52.833483       35.049096       86.457572     0.080946152        0.14180295        0.60810145      0.27730665         0.6628432       2.4343548    2.117695e-09       147.10738      0.82925811      0.28856807      0.81330462       8.5298732       2808.3842       4.4062573        1.9199678         2.4862895            2827                 26.411644                 396.58313                           2376.1363                      9.2530578               0.18470255              3.1631265                         5.1820442       10.085969
              1       1418.5565       3.0529133      0.95827767       69.737125      0.02239913       0.1179392     0.056495893           0.43633532   0.00029771276       0.66388988       1.0020592      0.99956113      0.99858983       71.523826      0.13281261       1.1038771       4.4998288       8.0378723       11.420916        9.5984768       69.852635       310.13972        53.58535       35.228915       87.425181      0.10351873        0.17679692        0.59978731      0.31875503         0.6750375       2.3612395    2.117695e-09       147.10738      0.82925811      0.28856807      0.81330462       8.5298732       2807.6705       5.4133085        2.8147272         2.5985813       2826.2863                 26.411644                 396.58313                           2375.4226                      9.2530578               0.18470255              3.1631265                         5.1820442       10.085969
              4        1418.416       3.0529133      0.95827767       69.737125      0.02239913       0.1179392     0.056495893           0.43633532   0.00029771276       0.66388988       1.0025265      0.99956113      0.99858983       71.523826      0.13281261       1.1038771       4.4998288       8.0378723       11.420916        9.5984768       69.852635       310.13972        53.58535       35.228915       87.425181      0.10351873        0.17679692        0.59978731      0.31875503         0.6750375       2.3612395    2.117695e-09       147.10738      0.82925811      0.28856807      0.81330462       8.5298732       2807.0467       5.5847112        2.9861299         2.5985813       2825.6625                 26.317207                 396.57729                           2375.0088                      9.1433567               0.18470255              3.1631265                         5.1820442       10.085969
              2       1419.8846       3.0529133      0.95827767       69.737125      0.02239913       0.1179392     0.056495893           0.43633532   0.00029771276       0.66388988       1.0025265      0.99953798      0.99851712       72.015356     0.090154286       0.9371378       4.2792647       7.7887969       10.927984        9.0600711       70.105437        307.0749       53.766645       34.929221       87.051796      0.10540439        0.15298323        0.60357619        0.337464        0.67362504       2.3233633    2.117695e-09       147.10738      0.82925811      0.28856807      0.81330462       8.5298732       2810.0214       5.5660086        2.7791142         2.7868944       2828.6373                 26.317207                 396.57729                           2377.9836                      9.1433567               0.18470255              3.1631265                         5.1820442       10.085969
              5       1419.9044       3.0529133      0.95827767       69.737125      0.02239913       0.1179392     0.056495893           0.43633532   0.00029771276       0.66388988       1.0025265      0.99970287      0.99822671       71.610987     0.060969733      0.96189467       4.6197965       7.7804814       10.862793        8.7685503       70.430515       306.79499       52.556656       35.002065        87.08775      0.12271275        0.13745508        0.62446329      0.28349884        0.65026785       2.3392802    2.117695e-09       147.10738      0.82925811      0.28856807      0.81330462       8.5298732       2812.9484       4.1222236        1.4844822         2.6377414       2831.5643                 26.317207                 396.57729                           2380.9106                      9.1433567               0.18470255              3.1631265                         5.1820442       10.085969
              1       1420.5235       3.0529133      0.95827767       69.737125      0.02239913       0.1179392     0.056495893           0.43633532   0.00029771276       0.66388988       1.0025265      0.99966352      0.99826986       71.282866     0.072914565      0.95734901       4.6692579        7.406688       10.834811         8.572289       70.276385        304.8267       52.366766       35.140442       87.296331      0.13271434        0.13700726        0.59751505      0.29355351        0.62573928       2.3104404    2.117695e-09       147.10738      0.82925811      0.28856807      0.81330462       8.5298732       2814.2935        4.068828        1.4466497         2.6221782       2832.9094                 26.317207                 396.57729                           2382.2557                      9.1433567               0.18470255              3.1631265                         5.1820442       10.085969
              2        1419.654       3.0529133      0.95827767       69.737125      0.02239913       0.1179392     0.056495893           0.43633532   0.00029771276       0.66388988       1.0025265      0.99913852      0.99868445       70.269399     0.059186359       1.2789412       4.3529093        6.890663       10.428644        8.5052066        70.34646        314.7913       51.354088       36.127435       87.848202      0.11453019        0.12824623         0.6025684      0.18233001        0.67962703       2.4802164    2.117695e-09       147.10738      0.82925811      0.28856807      0.81330462       8.5298732       2810.7778       4.9571814        2.4054713         2.5517101       2829.3936                 26.317207                 396.57729                           2378.7399                      9.1433567               0.18470255              3.1631265                         5.1820442       10.085969
              1       1418.9888       3.0529133      0.95827767       69.737125      0.02239913       0.1179392     0.056495893           0.43633532   0.00029771276       0.66388988       1.0025265      0.99911206      0.99872784        70.20986     0.085139487       1.2896052       4.6874305       7.2220081       10.710884        8.6469021       70.208972       315.99677       51.225207       35.686097       87.567054     0.098864118        0.10748862        0.57779107      0.17142311        0.70105915       2.4946953    2.117695e-09       147.10738      0.82925811      0.28856807      0.81330462       8.5298732       2809.5395       4.9111327         2.473687         2.4374457       2828.1553                 26.317207                 396.57729                           2377.5016                      9.1433567               0.18470255              3.1631265                         5.1820442       10.085969
              3       1418.7858       3.0529133      0.95827767       69.737125      0.02239913       0.1179392     0.056495893           0.43633532   0.00029771276       0.66388988       1.0025265      0.99898184      0.99868636       70.295579     0.088333783       1.2731934       4.6550536       7.1587004       10.594951        8.6592119       70.893403       312.71174       51.325405        35.51645       87.659385     0.074326603        0.11186971         0.5534059      0.17206569        0.69845673       2.4767968    2.117695e-09       147.10738      0.82925811      0.28856807      0.81330462       8.5298732       2808.2979       5.3289177        2.8733698         2.4555479       2826.9137                 26.317207                 396.57729                             2376.26                      9.1433567               0.18470255              3.1631265                         5.1820442       10.085969
              2       1418.8155       3.0529133      0.95827767       69.737125      0.02239913       0.1179392     0.056495893           0.43633532   0.00029771276       0.66388988       1.0025265      0.99891782      0.99868811       70.442636     0.099621809       1.4205673       4.7551837       6.7592191       10.782209         8.752385       70.479318       313.05881       51.365553       34.939961       88.214184     0.073814365        0.15123594        0.55117046      0.20996396        0.72372848       2.5162516    2.117695e-09       147.10738      0.82925811      0.28856807      0.81330462       8.5298732       2807.7556       5.6297309        3.2727172         2.3570137       2826.3715                 26.317207                 396.57729                           2375.7178                      9.1433567               0.18470255              3.1631265                         5.1820442       10.085969
              2       1418.8468       3.0529133      0.95827767       69.737125      0.02239913       0.1179392     0.056495893           0.43633532   0.00029771276       0.66388988       1.0025265      0.99885082      0.99869486       70.768274     0.080309223       1.3542106       4.9397692        6.523164       10.908876        8.7948208       70.345193       312.58594       50.927117       35.476498       88.502337     0.075986571        0.15539585         0.5340919      0.21970473        0.71341444       2.4872691    2.117695e-09       147.10738      0.82925811      0.28856807      0.81330462       8.5298732       2807.7265       5.6756697        3.3398515         2.3358182       2826.3423                 26.317207                 396.57729                           2375.6886                      9.1433567               0.18470255              3.1631265                         5.1820442       10.085969
              1       1418.4961       3.0529133      0.95827767       69.737125      0.02239913       0.1179392     0.056495893           0.43633532   0.00029771276       0.66388988       1.0025265      0.99886267      0.99866784       70.667839     0.077601866       1.2847867       4.8906513       6.5975863        10.92706        8.6760298       70.237323       312.05775       51.168409       35.371678       88.989645     0.072365229        0.15309759        0.52595184      0.23124044        0.70296544       2.4874683    2.117695e-09       147.10738      0.82925811      0.28856807      0.81330462       8.5298732       2807.0569       5.6596943        3.2798472         2.3798471       2825.6727                 26.317207                 396.57729                            2375.019                      9.1433567               0.18470255              3.1631265                         5.1820442       10.085969
              3       1418.8599       3.0529133      0.95827767       69.737125      0.02239913       0.1179392     0.056495893           0.43633532   0.00029771276       0.66388988       1.0025265      0.99893575      0.99873782       70.770633     0.081229568       1.0282632       4.9061491       6.6319962       10.742693        8.3037646       70.204285       318.65854       51.030366       35.283982       88.539794      0.10826269        0.15269161        0.51701354      0.20279949        0.67351639       2.4878612    2.117695e-09       147.10738      0.82925811      0.28856807      0.81330462       8.5298732       2809.4732       4.8153169        2.3147428          2.500574       2828.0891                 26.317207                 396.57729                           2377.4354                      9.1433567               0.18470255              3.1631265                         5.1820442       10.085969
              1       1418.9884       3.0529133      0.95827767       69.737125      0.02239913       0.1179392     0.056495893           0.43633532   0.00029771276       0.66388988       1.0025265      0.99893538      0.99877155       70.360141     0.072929625       1.0339005       5.0888872       6.8874114       10.546731        8.1567639       70.332871       320.97098       51.549402       35.511927       88.063613      0.14413357        0.14876911        0.53039936      0.21769404        0.68057799       2.5496431    2.117695e-09       147.10738      0.82925811      0.28856807      0.81330462       8.5298732        2809.756       4.8024815        2.3626895         2.4397921       2828.3718                 26.317207                 396.57729                           2377.7181                      9.1433567               0.18470255              3.1631265                         5.1820442       10.085969
              2       1419.1944       3.0529133      0.95827767       69.737125      0.02239913       0.1179392     0.056495893           0.43633532   0.00029771276       0.66388988       1.0021554      0.99893538      0.99877155       70.360141     0.072929625       1.0339005       5.0888872       6.8874114       10.546731        8.1567639       70.332871       320.97098       51.549402       35.511927       88.063613      0.14413357        0.14876911        0.53039936      0.21769404        0.68057799       2.5496431    2.117695e-09       147.10738      0.82925811      0.28856807      0.81330462       8.5298732       2810.4459       4.6635086        2.2237165         2.4397921       2829.0617                 26.392147                 396.58313                           2378.2412                      9.2294503               0.18470255              3.1631265                         5.1820442       10.085969
              1       1419.0364       3.0529133      0.95827767       69.737125      0.02239913       0.1179392     0.056495893           0.43633532   0.00029771276       0.66388988       1.0021554      0.99894543      0.99868215        70.03675     0.078543432       1.1133631       4.7474808       6.2665438        10.08114         8.507854       70.485341       312.90317       51.715492       36.178118       89.783163      0.14818822         0.1373192        0.54194584      0.21980143        0.70841526       2.6499021    2.117695e-09       147.10738      0.82925811      0.28856807      0.81330462       8.5298732       2809.2443       5.1062739        2.5982974         2.5079765       2827.8602                 26.392147                 396.58313                           2377.0396                      9.2294503               0.18470255              3.1631265                         5.1820442       10.085969
              1       1418.5989       3.0521446      0.95799353       69.737125     0.022408657      0.11772351     0.056533288           0.44382524   0.00029706433       0.65771509       1.0021554      0.99894543      0.99868215        70.03675     0.078543432       1.1133631       4.7474808       6.2665438        10.08114         8.507854       70.485341       312.90317       51.715492       36.178118       89.783163      0.14818822         0.1373192        0.54194584      0.21980143        0.70841526       2.6499021   2.1160678e-09       147.15546      0.82789052        0.288144       0.8113665       8.6152197       2808.2841       5.1062739        2.5982974         2.5079765       2826.9853                 26.532965                 396.58857                           2376.1176                      9.0449459               0.19027239              3.1851259                         5.2398214       10.085969
              1       1418.8373       3.0521446      0.95799353       69.737125     0.022408657      0.11772351     0.056533288           0.44382524   0.00029706433       0.65771509       1.0017537      0.99894543      0.99868215        70.03675     0.078543432       1.1133631       4.7474808       6.2665438        10.08114         8.507854       70.485341       312.90317       51.715492       36.178118       89.783163      0.14818822         0.1373192        0.54194584      0.21980143        0.70841526       2.6499021   2.1160678e-09       147.15546      0.82789052        0.288144       0.8113665       8.6152197       2809.0121       4.9806555         2.472679         2.5079765       2827.7133                 26.615459                 396.57836                           2376.6855                      9.1327525               0.19027239              3.1851259                         5.2398214       10.085969
              2       1418.6529       3.0490501      0.95737439       69.737125     0.022419173      0.11768422     0.055611004            0.4347075    0.0002920394       0.65176822       1.0017537      0.99894543      0.99868215        70.03675     0.078543432       1.1133631       4.7474808       6.2665438        10.08114         8.507854       70.485341       312.90317       51.715492       36.178118       89.783163      0.14818822         0.1373192        0.54194584      0.21980143        0.70841526       2.6499021   2.1095297e-09       147.15217      0.82608424      0.28808503      0.80951343       8.6012626       2808.6572       4.9806555         2.472679         2.5079765       2827.3444                 26.506802                   396.382                           2376.9384                      8.8300158               0.18970194              3.1825122                         5.2290484       10.085969
              5       1418.6428       3.0490501      0.95737439       69.737125     0.022419173      0.11768422     0.055611004            0.4347075    0.0002920394       0.65176822       1.0017537      0.99894989      0.99868313       70.047518     0.079604128       1.1187046       4.7568561        6.268067       10.074924        8.5068751        70.49785       312.83835       51.708904       36.175123       89.795482      0.14887338        0.13748041        0.54324402      0.21956585        0.70685798       2.6498849   2.1095297e-09       147.15217      0.82608424      0.28808503      0.80951343       8.6012626       2808.6351       4.9816284        2.4795505         2.5020779       2827.3224                 26.506802                   396.382                           2376.9163                      8.8300158               0.18970194              3.1825122                         5.2290484       10.085969
              1        1419.705       3.0490501      0.95737439       69.737125     0.022419173      0.11768422     0.055611004            0.4347075    0.0002920394       0.65176822       1.0017537      0.99871707       0.9986242       69.693427     0.053708351       1.2225836       4.8721003       5.8431221       9.9143094         8.177399       71.176118       311.37292       52.495294        36.63376       89.949672      0.16639851        0.13027845        0.49692097      0.22817599        0.68587346       2.5625885   2.1095297e-09       147.15217      0.82608424      0.28808503      0.80951343       8.6012626       2809.7074       5.5076805        3.0935556         2.4141249       2828.3947                 26.506802                   396.382                           2377.9886                      8.8300158               0.18970194              3.1825122                         5.2290484       10.085969
              3       1419.9212       3.0490501      0.95737439       69.737125     0.022419173      0.11768422     0.055611004            0.4347075    0.0002920394       0.65176822       1.0017537      0.99861614      0.99833059       70.391037      0.04585533       1.0960127       4.2813418       6.3053973       10.472443        7.9365152       70.607897       307.32606       53.112933       37.142858       90.459139      0.14351371         0.1441169        0.48089493      0.23810106        0.66017935       2.4674139   2.1095297e-09       147.15217      0.82608424      0.28808503      0.80951343       8.6012626        2810.873       5.1411021        2.4565242         2.6845779       2829.5603                 26.506802                   396.382                           2379.1542                      8.8300158               0.18970194              3.1825122                         5.2290484       10.085969
              1       1419.7138       3.0490501      0.95737439       69.737125     0.022419173      0.11768422     0.055611004            0.4347075    0.0002920394       0.65176822       1.0017537       0.9986647      0.99819117         70.4106     0.011608198      0.98409668       4.1132829       6.3294074        10.43051        8.1325561       70.554418       310.57428       53.730411       37.166098       90.217226      0.12997254        0.16801869        0.46825183      0.24463739        0.66459083       2.4172119   2.1095297e-09       147.15217      0.82608424      0.28808503      0.80951343       8.6012626       2810.0328       5.3537693        2.5288527         2.8249165         2828.72                 26.506802                   396.382                            2378.314                      8.8300158               0.18970194              3.1825122                         5.2290484       10.085969
              5       1419.7277       3.0490501      0.95737439       69.737125     0.022419173      0.11768422     0.055611004            0.4347075    0.0002920394       0.65176822       1.0017537      0.99867433      0.99820175       70.409132    0.0091308986      0.99212951        4.138379       6.3859249       10.356912        8.0638217       70.501505         310.778       53.839687       37.305319       90.192635      0.12715154        0.16634988        0.46175243      0.24482982        0.66272812       2.4297853   2.1095297e-09       147.15217      0.82608424      0.28808503      0.80951343       8.6012626       2810.2087       5.2797576        2.4708351         2.8089225        2828.896                 26.506802                   396.382                           2378.4899                      8.8300158               0.18970194              3.1825122                         5.2290484       10.085969
              1       1421.0287       3.0490501      0.95737439       69.737125     0.022419173      0.11768422     0.055611004            0.4347075    0.0002920394       0.65176822       1.0017537      0.99878256      0.99780817       71.491607     0.025277964      0.90741352       4.0773524       7.0748573       10.771056        8.5693099       69.954319       305.29117       54.356056       37.454455       90.353408      0.15724824        0.16071229        0.48509754      0.21743332        0.68207235       2.5591245   2.1095297e-09       147.15217      0.82608424      0.28808503      0.80951343       8.6012626       2813.6559       4.8571676        1.9636645         2.8935031       2832.3431                 26.506802                   396.382                           2381.9371                      8.8300158               0.18970194              3.1825122                         5.2290484       10.085969
              1       1421.3499       3.0490501      0.95737439       69.737125     0.022419173      0.11768422     0.055611004            0.4347075    0.0002920394       0.65176822       1.0014971      0.99878256      0.99780817       71.491607     0.025277964      0.90741352       4.0773524       7.0748573       10.771056        8.5693099       69.954319       305.29117       54.356056       37.454455       90.353408      0.15724824        0.16071229        0.48509754      0.21743332        0.68207235       2.5591245   2.1095297e-09       147.15217      0.82608424      0.28808503      0.80951343       8.6012626       2814.4318         4.79042        1.8969169         2.8935031       2833.1191                 26.559357                 396.37878                           2382.6205                      8.8732113               0.18970194              3.1825122                         5.2290484       10.085969
              3       1422.0242       3.0490501      0.95737439       69.737125     0.022419173      0.11768422     0.055611004            0.4347075    0.0002920394       0.65176822       1.0014971      0.99872473      0.99782946       71.788763     0.018837835      0.89866031       4.3256449       6.8216153       10.879838        8.4067855        70.01275       304.75026        54.04771       37.292378       90.015484      0.12551929        0.16156632        0.48207333      0.23198149        0.69281874       2.5249513   2.1095297e-09       147.15217      0.82608424      0.28808503      0.80951343       8.6012626       2815.8154       4.7729064        1.9797211         2.7931854       2834.5027                 26.559357                 396.37878                           2384.0041                      8.8732113               0.18970194              3.1825122                         5.2290484       10.085969
              2       1422.0379       3.0490501      0.95737439       69.737125     0.022419173      0.11768422     0.055611004            0.4347075    0.0002920394       0.65176822       1.0014971      0.99871368      0.99784552       71.786667     0.023324231      0.89802745       4.3491044        6.804187       10.820072          8.41067       70.006816       305.39513       54.069767       37.342445       90.039999      0.12484709        0.16466442        0.48611893      0.23121809        0.69372934       2.5246161   2.1095297e-09       147.15217      0.82608424      0.28808503      0.80951343       8.6012626       2815.6254       4.8816098        2.0977157         2.7838941       2834.3126                 26.559357                 396.37878                            2383.814                      8.8732113               0.18970194              3.1825122                         5.2290484       10.085969
              1       1422.9715       3.0490501      0.95737439       69.737125     0.022419173      0.11768422     0.055611004            0.4347075    0.0002920394       0.65176822       1.0014971      0.99881983      0.99785173       72.159298    0.0015607578      0.85413857       4.4732495       6.5205624        10.76507        8.2653015        69.60939         307.013       55.022161       36.757567       89.618181      0.16832773        0.16549436        0.50872398      0.21686886        0.67686107       2.5204399   2.1095297e-09       147.15217      0.82608424      0.28808503      0.80951343       8.6012626       2816.8092       5.2232749        2.4614717         2.7618032       2835.4964                 26.559357                 396.37878                           2384.9979                      8.8732113               0.18970194              3.1825122                         5.2290484       10.085969
              4       1422.9534       3.0490501      0.95737439       69.737125     0.022419173      0.11768422     0.055611004            0.4347075    0.0002920394       0.65176822       1.0014971      0.99881156      0.99783142       72.140709    0.0015728792      0.81275386       4.4635101        6.510405       10.768542        8.3917372       69.743508       306.68997       55.099808       36.724482        89.52622      0.16988671        0.16751025        0.51382526      0.22250686         0.6792846       2.5197969   2.1095297e-09       147.15217      0.82608424      0.28808503      0.80951343       8.6012626       2816.4358       5.3918721        2.5988589         2.7930131        2835.123                 26.559357                 396.37878                           2384.6244                      8.8732113               0.18970194              3.1825122                         5.2290484       10.085969
              3       1420.6099       3.0490501      0.95737439       69.737125     0.022419173      0.11768422     0.055611004            0.4347075    0.0002920394       0.65176822       1.0021022      0.99852722      0.99760037       72.252726     0.050524275       1.1258343       4.0844359       7.1156088        10.66118        8.7512399       67.607804       306.22661       53.357706       35.805927         89.0758      0.18179279        0.17691493        0.44603568      0.25282211        0.61572841       2.3240642   2.1095297e-09       147.15217      0.82608424      0.28808503      0.80951343       8.6012626        2808.532       7.0003375        4.2570838         2.7432538       2827.2192                 26.435787                 396.37265                           2376.9461                      8.7774094               0.18970194              3.1825122                         5.2290484       10.085969
              2       1421.1268       3.0490501      0.95737439       69.737125     0.022419173      0.11768422     0.055611004            0.4347075    0.0002920394       0.65176822       1.0021022       0.9986275      0.99770672       72.768685     0.057175986        1.115851       4.5165113       7.3725362       10.797777        8.4401917       67.893379        306.0506       53.804284       34.614591       89.936439      0.15773588        0.17802479        0.41867065      0.26536643        0.61969886        2.308255   2.1095297e-09       147.15217      0.82608424      0.28808503      0.80951343       8.6012626       2811.4921        6.037136         3.451362          2.585774       2830.1793                 26.435787                 396.37265                           2379.9062                      8.7774094               0.18970194              3.1825122                         5.2290484       10.085969
              1       1420.6376       3.0490501      0.95737439       69.737125     0.022419173      0.11768422     0.055611004            0.4347075    0.0002920394       0.65176822       1.0021022       0.9986705      0.99770448       72.794398     0.058547183       1.1012182       4.4229966       7.2037931       10.932968        8.4971716       67.681914       305.92217       53.668414       34.318582        89.99639      0.15331421        0.17123561        0.42431335      0.26884331        0.62540523       2.3032305   2.1095297e-09       147.15217      0.82608424      0.28808503      0.80951343       8.6012626       2811.2435       5.6721987        3.0441153         2.6280833       2829.9307                 26.435787                 396.37265                           2379.6576                      8.7774094               0.18970194              3.1825122                         5.2290484       10.085969
              2       1419.6669       3.0490501      0.95737439       69.903591     0.022419173      0.11768422     0.055611004            0.4347075    0.0002920394       0.65176822       1.0021022      0.99900575      0.99807166       72.883111     0.036306758       1.2523512       4.4110406       7.4693186       11.041008         8.319766       68.152743       309.47896       54.478122       34.558899       90.203923      0.13473287        0.16081894        0.42687656      0.27779008        0.64075957       2.2022748   2.1095297e-09       147.15217       0.8264923       0.2867146      0.80798461       9.4322363       2813.0011        3.902805        1.3564518         2.5463532       2831.5282                 26.476681                 396.36583                           2381.4475                      8.7110237               0.23689834              3.3655847                         5.8297532       9.0949164
              1       1422.1705       3.0490501      0.95737439       69.903591     0.022419173      0.11768422     0.055611004            0.4347075    0.0002920394       0.65176822       1.0021022      0.99904526      0.99797805       73.155362     0.039436093       1.2845101       4.3913514       7.7450695       11.093558        8.3241554       68.216629       308.84445       54.236516        34.43465        90.04133       0.1581125        0.12964911        0.41925381      0.28033529        0.65870741       2.2021178   2.1095297e-09       147.15217       0.8264923       0.2867146      0.80798461       9.4322363       2818.6782        3.567872        1.0323518         2.5355202       2837.2053                 26.476681                 396.36583                           2387.1247                      8.7110237               0.23689834              3.3655847                         5.8297532       9.0949164
              1       1422.2051       3.0490501      0.95737439       69.903591     0.022419173      0.11768422     0.055611004            0.4347075    0.0002920394       0.65176822       1.0021022      0.99900707      0.99801261        72.57364     0.019269497       1.4471374       4.0429961       7.6054505        11.15284        8.2089789       68.299276       307.93021       53.417335       35.020795       89.466147      0.15628206        0.10773806        0.38634281      0.27652669          0.680637       2.2212783   2.1095297e-09       147.15217       0.8264923       0.2867146      0.80798461       9.4322363       2817.7821       4.0504742        1.4846151         2.5658592       2836.3093                 26.476681                 396.36583                           2386.2286                      8.7110237               0.23689834              3.3655847                         5.8297532       9.0949164
              1       1422.2208       3.0490501      0.95737439       69.903591     0.022419173      0.11768422     0.055611004            0.4347075    0.0002920394       0.65176822       1.0021022      0.99901476      0.99802325        72.64517      0.01170528       1.4395352       4.0101009       7.6011235       11.159121        8.2987438        68.37775       306.99879       53.356751       35.081713       89.571298      0.15514414        0.10781379        0.38544861      0.28137966        0.67677774       2.2357514   2.1095297e-09       147.15217       0.8264923       0.2867146      0.80798461       9.4322363        2817.709       4.1026867        1.5209863         2.5817004       2836.2362                 26.476681                 396.36583                           2386.1555                      8.7110237               0.23689834              3.3655847                         5.8297532       9.0949164
              2        1422.121       3.0490501      0.95737439       69.903591     0.022419173      0.11768422     0.055611004            0.4347075    0.0002920394       0.65176822       1.0021022      0.99901041      0.99802235       72.635032    0.0036609692       1.4498713       4.0543666       7.6141695       11.191678        8.2628057       68.203392       306.74515       53.507861       35.177611       89.410179      0.15573859        0.10342859        0.39571562      0.28185504        0.67523961       2.2429823   2.1095297e-09       147.15217       0.8264923       0.2867146      0.80798461       9.4322363       2817.4522       4.1313147        1.5709377          2.560377       2835.9794                 26.476681                 396.36583                           2385.8987                      8.7110237               0.23689834              3.3655847                         5.8297532       9.0949164
              1       1421.2172       3.0490501      0.95737439       69.903591     0.022419173      0.11768422     0.055611004            0.4347075    0.0002920394       0.65176822       1.0021022      0.99895917      0.99799914       72.710966     0.040630184       1.4747903       3.8240357       6.8816262       11.202538        9.0285136       68.929251       306.38042       51.925406       35.163645       89.233321      0.19054169         0.1260493        0.45592308      0.25191024        0.67085969       2.2309064   2.1095297e-09       147.15217       0.8264923       0.2867146      0.80798461       9.4322363       2815.1877       4.3597648        1.7312226         2.6285422       2833.7148                 26.476681                 396.36583                           2383.6341                      8.7110237               0.23689834              3.3655847                         5.8297532       9.0949164
              1       1419.4136       3.0490501      0.95737439       69.903591     0.022419173      0.11768422     0.055611004            0.4347075    0.0002920394       0.65176822       1.0021022      0.99900049      0.99812296       71.933691     0.012633433       1.4066295       4.4192902       7.0303775       10.851983        10.008079       69.712131       317.61129       51.235142       35.791573       90.128206      0.16555052        0.11475666        0.46303668      0.26758393        0.66696133       2.3009117   2.1095297e-09       147.15217       0.8264923       0.2867146      0.80798461       9.4322363       2813.4748       3.4125823       0.95006031          2.462522        2832.002                 26.476681                 396.36583                           2381.9213                      8.7110237               0.23689834              3.3655847                         5.8297532       9.0949164
              2       1418.0828       3.0490501      0.95737439       69.903591     0.022419173      0.11768422     0.055611004            0.4347075    0.0002920394       0.65176822       1.0021022      0.99918253      0.99834071       71.742764     0.051838326       1.3276145       3.8780845       6.8828274       10.907916        10.107032       69.946853       315.98212       51.909799       36.061951        90.69694       0.1224986        0.12122371        0.44953345      0.27958326        0.65448458       2.3039506   2.1095297e-09       147.15217       0.8264923       0.2867146      0.80798461       9.4322363       2811.2997       3.1693638         0.472139         2.6972248       2829.8268                 26.476681                 396.36583                           2379.7461                      8.7110237               0.23689834              3.3655847                         5.8297532       9.0949164
              4       1415.4523       3.0490501      0.95737439       69.903591     0.022419173      0.11768422     0.055611004            0.4347075    0.0002920394       0.65176822       1.0021022      0.99882786      0.99842158       71.846781      0.02606482       1.5149136       3.8906514       6.9006588       11.062353        10.628037       70.727676       307.44591       53.315371       35.974038       91.547969     0.088668045        0.10866932        0.44058928      0.21797002        0.67600194       2.3304938   2.1095297e-09       147.15217       0.8264923       0.2867146      0.80798461       9.4322363       2804.4676       3.9549065        1.3736153         2.5812911       2822.9947                 26.476681                 396.36583                            2372.914                      8.7110237               0.23689834              3.3655847                         5.8297532       9.0949164
              1       1415.2523       3.0490501      0.95737439       69.903591     0.022419173      0.11768422     0.055611004            0.4347075    0.0002920394       0.65176822       1.0021022      0.99884135      0.99842551       71.835726     0.027207855       1.5256289       3.9194908       6.9371487       11.050867        10.651886        70.69687        307.2854       53.399829        35.94507       91.631659     0.090201351        0.10797243        0.44107679       0.2179402        0.67401527       2.3251561   2.1095297e-09       147.15217       0.8264923       0.2867146      0.80798461       9.4322363       2804.2633       3.8571046        1.2919716          2.565133       2822.7904                 26.476681                 396.36583                           2372.7098                      8.7110237               0.23689834              3.3655847                         5.8297532       9.0949164
              5       1416.2341       3.0490501      0.95737439       69.903591     0.022419173      0.11768422     0.055611004            0.4347075    0.0002920394       0.65176822       1.0021022      0.99894198       0.9984802       72.149005     0.021825151       1.6935525       4.0741973       6.9854687       10.670883        10.407157       70.590187       312.38692       53.286758       35.841397       92.355288     0.065989853        0.10098308        0.41273942      0.22326604        0.71078165       2.4128532   2.1095297e-09       147.15217       0.8264923       0.2867146      0.80798461       9.4322363       2804.6847       4.6281461        2.2007452         2.4274009       2823.2119                 26.476681                 396.36583                           2373.1312                      8.7110237               0.23689834              3.3655847                         5.8297532       9.0949164
              4       1417.9338       3.0490501      0.95737439       69.903591     0.022419173      0.11768422     0.055611004            0.4347075    0.0002920394       0.65176822       1.0021022      0.99904554       0.9980533       72.509571     0.026360718       1.7403796       4.1547459       6.6911402       11.004323        11.006249       70.903273       314.44458       55.345598       35.131829        92.12265     0.056037947       0.096800064        0.40732531      0.19009589        0.68498876       2.5150516   2.1095297e-09       147.15217       0.8264923       0.2867146      0.80798461       9.4322363       2807.7009       4.8197094        2.4378857         2.3818237       2826.2281                 26.476681                 396.36583                           2376.1474                      8.7110237               0.23689834              3.3655847                         5.8297532       9.0949164
              2       1418.9302       3.0490501      0.95737439       69.903591     0.022419173      0.11768422     0.055611004            0.4347075    0.0002920394       0.65176822       1.0021022      0.99909338      0.99798145       72.611924     0.030041277       1.7839986       3.9507504       6.6753465       11.151471        10.990893       71.272404       313.83495       55.316029       35.024724       92.104569     0.058106838       0.099823397        0.41485209      0.17617392        0.67232741       2.4476218   2.1095297e-09       147.15217       0.8264923       0.2867146      0.80798461       9.4322363       2810.3053       4.5139358         2.092928         2.4210079       2828.8324                 26.476681                 396.36583                           2378.7518                      8.7110237               0.23689834              3.3655847                         5.8297532       9.0949164
              1       1419.0959       3.0490501      0.95737439       69.903591     0.022419173      0.11768422     0.055611004            0.4347075    0.0002920394       0.65176822       1.0021022      0.99909419      0.99801754       72.560956     0.034804651       1.8099976       3.9215599       6.6586503       11.183629        11.060172       71.222108       313.70608       55.403822       35.121737       92.002886     0.045782125       0.097734347        0.41599584       0.1692179        0.66984787       2.4506364   2.1095297e-09       147.15217       0.8264923       0.2867146      0.80798461       9.4322363       2809.3571       5.1538261         2.736525         2.4173011       2827.8842                 26.476681                 396.36583                           2377.8036                      8.7110237               0.23689834              3.3655847                         5.8297532       9.0949164
              1       1419.8632       3.0490501      0.95737439       69.903591     0.022419173      0.11768422     0.055611004            0.4347075    0.0002920394       0.65176822       1.0021022      0.99905435      0.99797767       72.535412     0.030141092       1.7924245       3.9084187       6.6964559       11.075875        10.998577       71.299038       312.04141       55.296645       35.092976       91.893425     0.034485474       0.088805552        0.41668484      0.16890953        0.67473383       2.4426865   2.1095297e-09       147.15217       0.8264923       0.2867146      0.80798461       9.4322363       2809.1204       6.0394689        3.6097762         2.4296927       2827.6475                 26.476681                 396.36583                           2377.5668                      8.7110237               0.23689834              3.3655847                         5.8297532       9.0949164
              1       1420.0066       3.0490501      0.95737439       69.903591     0.022419173      0.11768422     0.055611004            0.4347075    0.0002920394       0.65176822       1.0021022      0.99905515      0.99803757       72.532648     0.038605885       1.8128695       3.9120093       6.9010649       11.119136        10.982921       70.977028       312.72156       55.365203       34.898055       92.091005     0.032799983       0.074279473        0.40117374      0.18380716        0.66095036       2.4553816   2.1095297e-09       147.15217       0.8264923       0.2867146      0.80798461       9.4322363       2808.1696       6.6582503        4.2394708         2.4187795       2826.6967                 26.476681                 396.36583                            2376.616                      8.7110237               0.23689834              3.3655847                         5.8297532       9.0949164
              2        1419.046       3.0490501      0.95737439       69.903591     0.022419173      0.11768422     0.055611004            0.4347075    0.0002920394       0.65176822       1.0021022      0.99904321      0.99790848       72.381994     0.047013435       1.8707871       3.9659733       7.0362201       11.032545        10.819302       70.719152       317.15391       55.178623       34.730583       91.112786     0.033476236       0.088726178        0.40427199      0.18683957        0.65406438       2.4551479   2.1095297e-09       147.15217       0.8264923       0.2867146      0.80798461       9.4322363       2807.4472       6.0587707        3.6825811         2.3761896       2825.9744                 26.476681                 396.36583                           2375.8937                      8.7110237               0.23689834              3.3655847                         5.8297532       9.0949164
              1       1419.4284       3.0490501      0.95737439       69.903591     0.022419173      0.11768422     0.055611004            0.4347075    0.0002920394       0.65176822       1.0021022      0.99904816      0.99795099       72.555879     0.041125239        1.899739       3.8409221       7.0732969       10.949917        10.662031       70.742559       317.03686        55.02083       34.933865       90.937192     0.037312215        0.08852772        0.40247789      0.17867157        0.64250008       2.4596806   2.1095297e-09       147.15217       0.8264923       0.2867146      0.80798461       9.4322363       2808.3682       5.9806873        3.5819278         2.3987595       2826.8953                 26.476681                 396.36583                           2376.8146                      8.7110237               0.23689834              3.3655847                         5.8297532       9.0949164
              2       1420.8509       3.0490501      0.95737439       69.903591     0.022419173      0.11768422     0.055611004            0.4347075    0.0002920394       0.65176822       1.0021022      0.99901503      0.99793116       72.775818     0.057846328       2.1711521         4.03608        6.961095       10.755806        10.938411       71.404406       317.73407       55.275413       34.784445       91.025981     0.038150986       0.091347238        0.38123456      0.18536734        0.63287207       2.4468907   2.1095297e-09       147.15217       0.8264923       0.2867146      0.80798461       9.4322363       2811.3592       5.9077063        3.6701329         2.2375733       2829.8863                 26.476681                 396.36583                           2379.8056                      8.7110237               0.23689834              3.3655847                         5.8297532       9.0949164
              1       1426.4098       3.0490501      0.95737439       69.903591     0.022419173      0.11768422     0.055611004            0.4347075    0.0002920394       0.65176822       1.0021022      0.99865018      0.99770265       73.236512     0.045253101       2.3615896       3.8793484       7.3593948       10.369749        10.316321       70.199655        310.4312       56.120712       34.760635        92.43968    0.0055737558        0.12589373        0.40447712       0.2023104        0.66207641       2.2948679   2.1095297e-09       147.15217       0.8264923       0.2867146      0.80798461       9.4322363       2818.5574       7.8675114        5.6614404          2.206071       2837.0845                 26.476681                 396.36583                           2387.0039                      8.7110237               0.23689834              3.3655847                         5.8297532       9.0949164
              1       1417.3872       3.0490501      0.95737439       69.903591     0.022419173      0.11768422     0.055611004            0.4347075    0.0002920394       0.65176822       1.0021022       0.9983992      0.99834536       71.694391     0.062045897       2.9728879       4.1504396       7.1220661       10.210723        10.263621       69.254655       312.74907       56.368945       35.409284       92.427788     0.059312597       0.099111423        0.48680596      0.14881944         0.6547663       2.1846823   2.1095297e-09       147.15217       0.8264923       0.2867146      0.80798461       9.4322363       2803.9381       6.1545556        4.1174727         2.0370829       2822.4653                 26.476681                 396.36583                           2372.3846                      8.7110237               0.23689834              3.3655847                         5.8297532       9.0949164
              1       1417.4277       3.0490501      0.95737439       69.903591     0.022419173      0.11768422     0.055611004            0.4347075    0.0002920394       0.65176822       1.0021022       0.9982676      0.99823108       71.534396     0.059941671       3.0448301       4.1086734       6.9880532       10.354495        10.273377       69.118134        310.6419       57.292853       35.402246       92.485943     0.086045825       0.086314653        0.50395657       0.1602415        0.67955356       2.1455211   2.1095297e-09       147.15217       0.8264923       0.2867146      0.80798461       9.4322363       2804.3451       5.9916332        3.9590833         2.0325498       2822.8722                 26.476681                 396.36583                           2372.7915                      8.7110237               0.23689834              3.3655847                         5.8297532       9.0949164
              2       1418.5751       3.0490501      0.95737439       69.903591     0.022419173      0.11768422     0.055611004            0.4347075    0.0002920394       0.65176822       1.0021022      0.99840709      0.99857237       71.769018    0.0056595093       3.0539692       3.3611046       8.0067007       10.906397        11.733624       69.595542       306.67468       56.040014       36.911021       91.851559     0.079928159       0.082975561        0.62725525      0.18304269        0.75594403       2.1745019   2.1095297e-09       147.15217       0.8264923       0.2867146      0.80798461       9.4322363       2804.0685       7.2772857        5.1725755         2.1047102       2822.5956                 26.476681                 396.36583                           2372.5149                      8.7110237               0.23689834              3.3655847                         5.8297532       9.0949164
              2       1418.4887       3.0490501      0.95737439       69.903591     0.022419173      0.11768422     0.055611004            0.4347075    0.0002920394       0.65176822       1.0020266      0.99840709      0.99857237       71.769018    0.0056595093       3.0539692       3.3611046       8.0067007       10.906397        11.733624       69.595542       306.67468       56.040014       36.911021       91.851559     0.079928159       0.082975561        0.62725525      0.18304269        0.75594403       2.1745019   2.1095297e-09       147.15217       0.8264923       0.2867146      0.80798461       9.4322363       2803.9456       7.2523306        5.1476204         2.1047102       2822.4727                 26.492093                 396.37078                            2372.364                      8.7187159               0.23689834              3.3655847                         5.8297532       9.0949164
              1       1418.6471       3.0490501      0.95737439       69.903591     0.022419173      0.11768422     0.055611004            0.4347075    0.0002920394       0.65176822       1.0020266      0.99843247      0.99857651       71.601118    0.0078577081       3.1420801       3.4533454       7.9615945       11.059015        10.535941       70.528145       298.15104       54.345741       38.154722       92.692733     0.064182209       0.072139131        0.60880296      0.16288211        0.79518724       2.0885892   2.1095297e-09       147.15217       0.8264923       0.2867146      0.80798461       9.4322363       2801.9729       8.3970678        6.3217933         2.0752745          2820.5                 26.492093                 396.37078                           2370.3913                      8.7187159               0.23689834              3.3655847                         5.8297532       9.0949164
              2       1418.7418       3.0490501      0.95737439       69.903591     0.022419173      0.11768422     0.055611004            0.4347075    0.0002920394       0.65176822       1.0018561      0.99845607      0.99852174       71.624826     0.010995372       3.1398468       3.4865405       7.9320106       11.046808        10.549465       70.580859       298.35129       54.497833       38.287033       92.845033     0.059604048       0.074658863        0.61665047      0.15727741        0.79666172        2.107527   2.1095297e-09       147.15217       0.8264923       0.2867146      0.80798461       9.4322363       2801.9869        8.484806        6.4128376         2.0719683        2820.514                 26.526939                 396.38683                           2370.3358                      8.7372679               0.23689834              3.3655847                         5.8297532       9.0949164
              2       1419.5197       3.0490501      0.95737439       69.903591     0.022419173      0.11768422     0.055611004            0.4347075    0.0002920394       0.65176822       1.0018561      0.99845105      0.99852977       71.516978     0.013610508        3.019727       3.4583292       7.7317943       10.871843        10.522942       70.496881       298.71801       54.849203        38.64952       92.934997     0.048914205       0.075662647        0.62519309      0.15116869        0.80248702       2.1394036   2.1095297e-09       147.15217       0.8264923       0.2867146      0.80798461       9.4322363       2801.8761       9.3181435        7.2192393         2.0989042       2820.4032                 26.526939                 396.38683                            2370.225                      8.7372679               0.23689834              3.3655847                         5.8297532       9.0949164
              4       1420.0362       3.0490501      0.95737439       69.903591     0.022419173      0.11768422     0.055611004            0.4347075    0.0002920394       0.65176822       1.0018561      0.99837677      0.99842686       71.159304      0.01109043       3.2716756       3.5698319       7.5829739       10.335043        11.138365       69.813137       286.61467       54.011827       38.492475        93.30806     0.053082992       0.093191251        0.64061041      0.16534049        0.80899703       2.1185555   2.1095297e-09       147.15217       0.8264923       0.2867146      0.80798461       9.4322363        2803.813       8.8660999        6.8216767         2.0444232       2822.3401                 26.526939                 396.38683                           2372.1619                      8.7372679               0.23689834              3.3655847                         5.8297532       9.0949164
              1       1418.7794       3.0490501      0.95737439       69.903591     0.022419173      0.11768422     0.055611004            0.4347075    0.0002920394       0.65176822       1.0018561      0.99825244       0.9983236       71.551231     0.040832631       3.1037734       3.7641911       7.4659696       9.8688485        10.533516       69.757023       288.48631       53.735563       37.961946       92.531659     0.056342878        0.13288719        0.62106091      0.18412988        0.79933013       2.0677721   2.1095297e-09       147.15217       0.8264923       0.2867146      0.80798461       9.4322363       2802.7946        8.118505        6.0680349         2.0504702       2821.3217                 26.526939                 396.38683                           2371.1436                      8.7372679               0.23689834              3.3655847                         5.8297532       9.0949164
              2       1419.8539       3.0490501      0.95737439       69.903591     0.022419173      0.11768422     0.055611004            0.4347075    0.0002920394       0.65176822       1.0018561      0.99824857      0.99854974       71.304705      0.02792288       3.4613968       4.0655517       7.6037868       9.3411779        9.7861983       69.582761       293.27402       53.590379       37.295016       92.187815     0.019560448       0.083102192        0.62267836       0.1933883         0.7654711        2.171741   2.1095297e-09       147.15217       0.8264923       0.2867146      0.80798461       9.4322363        2799.193       10.993758         8.975609         2.0181492       2817.7202                 26.526939                 396.38683                            2367.542                      8.7372679               0.23689834              3.3655847                         5.8297532       9.0949164
              1       1419.9888       3.0490501      0.95737439       69.903591     0.022419173      0.11768422     0.055611004            0.4347075    0.0002920394       0.65176822       1.0018561      0.99822547      0.99862132       71.650514     0.015707054        3.265742       3.8773547       7.8963111       9.3600213        10.245135       69.562364       292.56971       54.540118       37.480043       93.067703     0.022950014       0.084271841        0.63814859      0.19041159        0.76887488       2.1623868   2.1095297e-09       147.15217       0.8264923       0.2867146      0.80798461       9.4322363       2799.1683       11.141116        9.1147893         2.0263271       2817.6954                 26.526939                 396.38683                           2367.5172                      8.7372679               0.23689834              3.3655847                         5.8297532       9.0949164
              1       1422.2216       3.0490501      0.95737439       69.903591     0.022419173      0.11768422     0.055611004            0.4347075    0.0002920394       0.65176822       1.0018561      0.99804882      0.99828749       72.008421      0.01140586       3.2654281       4.3560877       8.2709026       9.3005938        10.245897       69.490035       281.09504       54.937425       36.413667       92.428208     0.055488415       0.070455283        0.64239891      0.12449925         0.8258556        2.233043   2.1095297e-09       147.15217       0.8264923       0.2867146      0.80798461       9.4322363       2801.9948       11.960631        9.9427179         2.0179133        2820.522                 26.526939                 396.38683                           2370.3438                      8.7372679               0.23689834              3.3655847                         5.8297532       9.0949164
              2       1422.2855       3.0490501      0.95737439       69.903591     0.022419173      0.11768422     0.055611004            0.4347075    0.0002920394       0.65176822       1.0018561       0.9980445      0.99827623       72.007155     0.019259836        3.265951       4.3432843       8.2779135       9.2799982        10.249657       69.507786       281.65753       55.015451       36.453264       92.441247     0.057806006       0.067949486        0.64122573      0.12745519        0.82917363       2.2381706   2.1095297e-09       147.15217       0.8264923       0.2867146      0.80798461       9.4322363       2802.0678       11.988041        9.9702268         2.0178138       2820.5949                 26.526939                 396.38683                           2370.4167                      8.7372679               0.23689834              3.3655847                         5.8297532       9.0949164
              3       1420.8177       3.0490501      0.95737439       69.903591     0.022419173      0.11768422     0.055611004            0.4347075    0.0002920394       0.65176822       1.0018561      0.99792854      0.99820872       71.578804    0.0091308713          3.0887        4.635904       7.8618992       10.174171        10.069031       69.341943       283.37817       58.384858        36.81911        91.77922      0.11076331        0.10755763        0.56528059      0.11728275        0.81825897        2.156094   2.1095297e-09       147.15217       0.8264923       0.2867146      0.80798461       9.4322363        2806.528       8.2900992        6.2722119         2.0178873       2825.0551                 26.526939                 396.38683                           2374.8769                      8.7372679               0.23689834              3.3655847                         5.8297532       9.0949164
              3       1420.5445       3.0490501      0.95737439       69.903591     0.022419173      0.11768422     0.055611004            0.4347075    0.0002920394       0.65176822       1.0018561       0.9977158      0.99819029       71.346476    0.0028168182        2.535069       4.1091742       7.8378317       10.623735        10.754429       68.992266       289.23789        58.57043       36.689452       91.975004      0.13692366        0.10615611        0.47087464     0.068494321        0.71057739       2.2481956   2.1095297e-09       147.15217       0.8264923       0.2867146      0.80798461       9.4322363       2805.1277       8.7171064        6.6005852         2.1165211       2823.6548                 26.526939                 396.38683                           2373.4766                      8.7372679               0.23689834              3.3655847                         5.8297532       9.0949164
              1        1420.526       3.0490501      0.95737439       69.903591     0.022419173      0.11768422     0.055611004            0.4347075    0.0002920394       0.65176822       1.0018561      0.99769927      0.99818456       71.403668    0.0075140309       2.5320381       4.0806342       7.8359479       10.658919        10.779563        68.88338       289.85535       58.551299       36.709039       91.899341      0.13811292        0.10749337        0.47073238     0.072544765        0.71441973       2.2450342   2.1095297e-09       147.15217       0.8264923       0.2867146      0.80798461       9.4322363       2805.1478       8.6885476        6.5670129         2.1215348       2823.6749                 26.526939                 396.38683                           2373.4967                      8.7372679               0.23689834              3.3655847                         5.8297532       9.0949164
              2       1422.0074       3.0490501      0.95737439       69.903591     0.022419173      0.11768422     0.055611004            0.4347075    0.0002920394       0.65176822       1.0018561      0.99774961      0.99806406       70.869205    0.0081229143       2.9956317       4.0939391       8.2972632       10.720343        10.389082       67.220752       290.64138       55.644968       37.334903       93.386621      0.14993711       0.093310578        0.42964689     0.067072811         0.6811172       2.1741305   2.1095297e-09       147.15217       0.8264923       0.2867146      0.80798461       9.4322363       2807.5812       8.9532384        6.9148081         2.0384303       2826.1083                 26.526939                 396.38683                           2375.9301                      8.7372679               0.23689834              3.3655847                         5.8297532       9.0949164
              3       1423.6163       3.0490501      0.95737439       69.903591     0.022419173      0.11768422     0.055611004            0.4347075    0.0002920394       0.65176822       1.0018561      0.99742607      0.99820302       70.564742     0.011350159       3.1948164       3.7985116       8.0246616        10.64457        10.189483       67.982207       295.48055       55.533201       37.069075       93.664215      0.17680444       0.086770625        0.44725895     0.075853359        0.66777466       2.1196343   2.1095297e-09       147.15217       0.8264923       0.2867146      0.80798461       9.4322363       2806.4202       11.142611        9.1057353         2.0368754       2824.9474                 26.526939                 396.38683                           2374.7692                      8.7372679               0.23689834              3.3655847                         5.8297532       9.0949164
              2       1423.6995       3.0490501      0.95737439       69.903591     0.022419173      0.11768422     0.055611004            0.4347075    0.0002920394       0.65176822       1.0018561      0.99740724      0.99823156       70.504566    0.0042982414       3.1498553       3.8007717       8.0776402       10.731415        10.099419       68.064072       295.02729        55.41522       37.002777       93.683045      0.16909481       0.081132914        0.44725769     0.073784239        0.67378044       2.1244842   2.1095297e-09       147.15217       0.8264923       0.2867146      0.80798461       9.4322363       2806.2193        11.32625        9.2845389         2.0417112       2824.7465                 26.526939                 396.38683                           2374.5683                      8.7372679               0.23689834              3.3655847                         5.8297532       9.0949164
              7       1424.1821       3.0490501      0.95737439       69.903591     0.022419173      0.11768422     0.055611004            0.4347075    0.0002920394       0.65176822       1.0018561       0.9974209      0.99823224       70.460008    0.0083933963       3.1178825       3.8684913       8.0872824       10.698744        9.7694531       68.046648       295.85779       55.437378       37.898503       94.142238      0.16633515       0.071247824         0.4404138     0.072942646        0.67357311       2.0800279   2.1095297e-09       147.15217       0.8264923       0.2867146      0.80798461       9.4322363       2806.4958       11.670622        9.6301089         2.0405128        2825.023                 26.526939                 396.38683                           2374.8448                      8.7372679               0.23689834              3.3655847                         5.8297532       9.0949164
              2        1423.905       3.0490501      0.95737439       69.903591     0.022419173      0.11768422     0.055611004            0.4347075    0.0002920394       0.65176822       1.0018561      0.99741944      0.99821779       70.391514     0.016762518       3.1571073        3.837481       8.1321852       10.647205        9.6833783       67.884759       295.33068       55.451636       37.868845       94.063814      0.16124304       0.074980635        0.43632659     0.073439749        0.66738721        2.094669   2.1095297e-09       147.15217       0.8264923       0.2867146      0.80798461       9.4322363       2806.3839       11.449468        9.4111671         2.0383009        2824.911                 26.526939                 396.38683                           2374.7328                      8.7372679               0.23689834              3.3655847                         5.8297532       9.0949164
              2       1424.8933       3.0490501      0.95737439       69.903591     0.022419173      0.11768422     0.055611004            0.4347075    0.0002920394       0.65176822        1.002047      0.99747796      0.99834902       70.106491     0.048470807       3.2757322       4.0659199       8.6659546        11.22211         9.803842       67.748515       298.36752       56.023047       38.158297       94.733496      0.13127642       0.049989358        0.47997659     0.095251514        0.71351348       2.1528338   2.1095297e-09       147.15217       0.8264923       0.2867146      0.80798461       9.4322363       2807.6992       11.780115        9.7604963         2.0196183       2826.2264                  26.48794                 396.37078                           2376.1239                       8.716612               0.23689834              3.3655847                         5.8297532       9.0949164
              2       1425.5327       3.0490501      0.95737439       69.903591     0.022419173      0.11768422     0.055611004            0.4347075    0.0002920394       0.65176822        1.002047      0.99728073      0.99830685       70.212598     0.026000923       3.4485535       3.9170756       8.6799681       11.107824        10.115073       67.828737       298.87579       55.486111       38.813932         94.4566      0.10126013       0.090627626        0.47241557      0.10394321        0.75867357       2.1598659   2.1095297e-09       147.15217       0.8264923       0.2867146      0.80798461       9.4322363       2810.0665       11.235881        9.2180934         2.0177873       2828.5937                  26.48794                 396.37078                           2378.4912                       8.716612               0.23689834              3.3655847                         5.8297532       9.0949164
              2       1425.1888       3.0490501      0.95737439       69.903591     0.022419173      0.11768422     0.055611004            0.4347075    0.0002920394       0.65176822        1.002047       0.9973118      0.99830888       70.285526     0.027505636       3.4893377       3.9092801       8.6441966       10.999955        10.150394       67.950542       299.26166        55.52106        38.80085       94.301273      0.10306306        0.09284853        0.46753873      0.10285479        0.75596977       2.1660518   2.1095297e-09       147.15217       0.8264923       0.2867146      0.80798461       9.4322363       2809.9901       10.930139        8.9125845         2.0175542       2828.5173                  26.48794                 396.37078                           2378.4148                       8.716612               0.23689834              3.3655847                         5.8297532       9.0949164
              3       1421.2592       3.0490501      0.95737439       69.903591     0.022419173      0.11768422     0.055611004            0.4347075    0.0002920394       0.65176822        1.002047      0.99789314      0.99853126       69.536986     0.067196886       3.7324459       3.7350114       8.6479676        11.85451        10.289575       69.538646       293.12322       54.090945         38.6663       93.895743      0.17745144        0.10448604        0.53011514      0.10896681         0.7304211       2.0513613   2.1095297e-09       147.15217       0.8264923       0.2867146      0.80798461       9.4322363       2807.5875        8.201856        6.1819264         2.0199296       2826.1147                  26.48794                 396.37078                           2376.0122                       8.716612               0.23689834              3.3655847                         5.8297532       9.0949164
              1       1421.9915       3.0490501      0.95737439       69.903591     0.022419173      0.11768422     0.055611004            0.4347075    0.0002920394       0.65176822        1.002047      0.99792411      0.99850656       69.366442     0.057412642       3.7281007       3.8039842       8.6183498       11.760598        9.9656828       69.588161       293.86746        53.94225       38.535661       93.781762      0.17575385        0.08987907        0.52961001      0.10425964        0.73132261       2.0464185   2.1095297e-09       147.15217       0.8264923       0.2867146      0.80798461       9.4322363       2808.5072       8.4743233        6.4527541         2.0215692       2827.0343                  26.48794                 396.37078                           2376.9318                       8.716612               0.23689834              3.3655847                         5.8297532       9.0949164
              1       1419.9396       3.0490501      0.95737439       69.903591     0.022419173      0.11768422     0.055611004            0.4347075    0.0002920394       0.65176822        1.002047      0.99826145      0.99790708       69.911875     0.043427079        3.707071       4.2299068       8.7740667        11.85582        9.4763573       69.115924        290.1287       54.479921       37.856286        93.92771      0.19441559        0.13476629        0.57983186      0.21449248        0.74594869       2.1268522   2.1095297e-09       147.15217       0.8264923       0.2867146      0.80798461       9.4322363       2808.0565       6.6477414         4.605901         2.0418404       2826.5837                  26.48794                 396.37078                           2376.4812                       8.716612               0.23689834              3.3655847                         5.8297532       9.0949164
              1       1419.2575       3.0490501      0.95737439       69.903591     0.022419173      0.11768422     0.055611004            0.4347075    0.0002920394       0.65176822        1.002047      0.99808982      0.99773003       69.394656     0.022186729       3.6518615       4.4865399       9.0776366        11.30408        11.317242       69.394701       290.45654       54.823354       38.837745       95.686668      0.16577924        0.17086187        0.64122494      0.19580222        0.77053522       2.2886875   2.1095297e-09       147.15217       0.8264923       0.2867146      0.80798461       9.4322363       2803.3193       8.3342745        6.2784959         2.0557786       2821.8465                  26.48794                 396.37078                            2371.744                       8.716612               0.23689834              3.3655847                         5.8297532       9.0949164
              1       1419.5991       3.0490501      0.95737439       69.903591     0.022419173      0.11768422     0.055611004            0.4347075    0.0002920394       0.65176822       1.0018216      0.99808982      0.99773003       69.394656     0.022186729       3.6518615       4.4865399       9.0776366        11.30408        11.317242       69.394701       290.45654       54.823354       38.837745       95.686668      0.16577924        0.17086187        0.64122494      0.19580222        0.77053522       2.2886875   2.1095297e-09       147.15217       0.8264923       0.2867146      0.80798461       9.4322363        2804.142       8.2645158        6.2087372         2.0557786       2822.6691                 26.534014                 396.39282                           2372.4739                      8.7412303               0.23689834              3.3655847                         5.8297532       9.0949164
              1       1420.4477       3.0490501      0.95737439       69.903591     0.022419173      0.11768422     0.055611004            0.4347075    0.0002920394       0.65176822       1.0018216      0.99799874       0.9976513        69.47911      0.05699095       3.3221146       4.8982304       8.6048629       11.458852        11.648724        69.29002       295.02129       54.544801       37.525527       96.539441      0.17783462        0.19267909        0.65747916      0.21487672        0.72813252       2.2585492   2.1095297e-09       147.15217       0.8264923       0.2867146      0.80798461       9.4322363       2802.6472       9.8605114        7.8146692         2.0458422       2821.1743                 26.534014                 396.39282                           2370.9791                      8.7412303               0.23689834              3.3655847                         5.8297532       9.0949164
              2       1421.1269       3.0490501      0.95737439       69.903591     0.022419173      0.11768422     0.055611004            0.4347075    0.0002920394       0.65176822       1.0018216      0.99799086      0.99763196       68.687426     0.041950839       3.1688726       5.3676147       9.4963515       10.249593        11.642802       68.691384         283.771       52.293324       36.777496        97.22556      0.17096948        0.16447672         0.5993517      0.28198058        0.72236967       2.0848114   2.1095297e-09       147.15217       0.8264923       0.2867146      0.80798461       9.4322363       2807.8716       7.9275418        5.8611304         2.0664113       2826.3987                 26.534014                 396.39282                           2376.2035                      8.7412303               0.23689834              3.3655847                         5.8297532       9.0949164
              2       1419.9719       3.0490501      0.95737439       69.903591     0.022419173      0.11768422     0.055611004            0.4347075    0.0002920394       0.65176822       1.0018216      0.99823924      0.99741842       68.421789      0.06654918       3.3404555       5.5818225       9.6356003       10.092236        10.639588       69.590774       287.21123       52.003534       36.087732        97.70124      0.16245063        0.15777763        0.66218892      0.29748498        0.75642553       2.1288748   2.1095297e-09       147.15217       0.8264923       0.2867146      0.80798461       9.4322363         2803.74       8.8383084        6.7076993         2.1306091       2822.2671                 26.534014                 396.39282                           2372.0719                      8.7412303               0.23689834              3.3655847                         5.8297532       9.0949164
              1       1420.0452       3.0490501      0.95737439       69.903591     0.022419173      0.11768422     0.055611004            0.4347075    0.0002920394       0.65176822       1.0018216       0.9982378      0.99741084       68.430777     0.065232496       3.3290089       5.5958797       9.6056364       10.104219        10.634026       69.609403       287.04637       51.951873       36.073761       97.692372      0.16217156        0.15702317        0.66188672      0.29876263        0.75712208       2.1287993   2.1095297e-09       147.15217       0.8264923       0.2867146      0.80798461       9.4322363        2803.873       8.8451257        6.7151904         2.1299353       2822.4001                 26.534014                 396.39282                           2372.2049                      8.7412303               0.23689834              3.3655847                         5.8297532       9.0949164
              1        1421.346       3.0506841      0.95771055       69.903591      0.02241689      0.11767277     0.056142495           0.43612643   0.00029476507       0.65204847       1.0018216       0.9985163      0.99767952       68.309596     0.047546056       2.8336212       5.3044102       9.8563459       10.336599        11.295147       68.989035       293.77428       51.752198       34.640952       93.588035      0.16965699        0.17389785        0.66615724      0.25454592        0.82525735       2.0521802   2.1129795e-09       147.15808      0.82725228      0.28668645      0.80868786       9.4465038       2807.5709       8.2898451        6.2659398         2.0239054       2826.1123                 26.538928                 396.49399                           2375.6962                      8.8418015               0.23772786              3.3686146                         5.8401614       9.0949164
              4        1421.584       3.0506841      0.95771055       69.903591      0.02241689      0.11767277     0.056142495           0.43612643   0.00029476507       0.65204847       1.0018216      0.99852174      0.99766124       68.215813     0.033171906       2.8615025       5.2842649       9.7267265       10.369478        11.344377       68.980606       298.00704       52.115672       34.597555       93.541962      0.16274228        0.17412612         0.6721698      0.25764883        0.81275594       2.0591257   2.1129795e-09       147.15808      0.82725228      0.28668645      0.80868786       9.4465038       2808.4379       8.0943029         6.069445          2.024858       2826.9794                 26.538928                 396.49399                           2376.5632                      8.8418015               0.23772786              3.3686146                         5.8401614       9.0949164
              1       1421.4933       3.0506841      0.95771055       69.903591      0.02241689      0.11767277     0.056142495           0.43612643   0.00029476507       0.65204847       1.0018216      0.99855479      0.99767509       68.221059     0.027087432       2.8367861       5.3081047       9.7609453       10.384022        11.324445       68.910056        298.0378       52.124235       34.466656       93.758633      0.16788637        0.17647904         0.6714697      0.25791822        0.81250995       2.0674308   2.1129795e-09       147.15808      0.82725228      0.28668645      0.80868786       9.4465038       2808.1355       8.1548687        6.1306299         2.0242388        2826.677                 26.538928                 396.49399                           2376.2608                      8.8418015               0.23772786              3.3686146                         5.8401614       9.0949164
              3       1421.6583       3.0506841      0.95771055       69.903591      0.02241689      0.11767277     0.056142495           0.43612643   0.00029476507       0.65204847       1.0018216      0.99872547      0.99769323       68.839293     0.065638872       3.1357694       5.3146716       9.9604076       10.485804        10.200498       70.423742       308.51876        50.93917       32.963317       93.800351      0.16204346        0.12875587        0.67251373      0.24027559        0.80545816       2.0212914   2.1129795e-09       147.15808      0.82725228      0.28668645      0.80868786       9.4465038       2811.5448       6.6152341        4.5592354         2.0559987       2830.0862                 26.538928                 396.49399                             2379.67                      8.8418015               0.23772786              3.3686146                         5.8401614       9.0949164
              2       1420.2117       3.0506841      0.95771055       69.903591      0.02241689      0.11767277     0.056142495           0.43612643   0.00029476507       0.65204847       1.0018216      0.99893951      0.99784278       68.510059     0.066403534       2.6525285       4.2585251       9.7483482       10.856357           9.9188       69.995948       300.56943       50.981119       32.980068        94.09034     0.098932356        0.12921035        0.69590696      0.30060772        0.82816968       2.1038218   2.1129795e-09       147.15808      0.82725228      0.28668645      0.80868786       9.4465038       2806.4632       7.7094363        5.6366152         2.0728211       2825.0046                 26.538928                 396.49399                           2374.5885                      8.8418015               0.23772786              3.3686146                         5.8401614       9.0949164
              4       1419.9709       3.0506841      0.95771055       69.903591      0.02241689      0.11767277     0.056142495           0.43612643   0.00029476507       0.65204847       1.0015612      0.99890657      0.99785567       68.439865     0.062927726       2.5910115        4.369337       9.7203947       10.811157        9.9406696        69.95754       301.69429       51.299251        33.16267       93.949877      0.10185126        0.13056702        0.69791924      0.30828879        0.82447224       2.1326824   2.1129795e-09       147.15808      0.82725228      0.28668645      0.80868786       9.4465038       2805.7712       7.8145274        5.7430703         2.0714571       2824.3126                 26.592373                 396.50301                           2373.7925                      8.8833283               0.23772786              3.3686146                         5.8401614       9.0949164
              1       1419.3504       3.0506841      0.95771055       69.903591      0.02241689      0.11767277     0.056142495           0.43612643   0.00029476507       0.65204847       1.0015612      0.99892548      0.99845387       68.657539      0.20835231       2.3095867       4.5910859        10.72558       10.615966        11.159727       71.934201       284.18708       51.184622       35.506375       94.975013      0.12959862        0.20888909        0.67157306      0.30897874        0.81639183       2.0742844   2.1129795e-09       147.15808      0.82725228      0.28668645      0.80868786       9.4465038       2801.5252        9.317096        7.2177249         2.0993711       2820.0666                 26.592373                 396.50301                           2369.5464                      8.8833283               0.23772786              3.3686146                         5.8401614       9.0949164
              1       1419.2782       3.0506841      0.95771055       69.903591      0.02241689      0.11767277     0.056142495           0.43612643   0.00029476507       0.65204847       1.0015612        0.998955      0.99848796       68.566982      0.20136169        2.268513       4.5695663       10.752349       10.692103        11.107601       72.041654       285.54168       51.020257       35.643281        95.05124      0.12456242        0.20906689        0.67164833       0.3152536        0.81496772       2.0793945   2.1129795e-09       147.15808      0.82725228      0.28668645      0.80868786       9.4465038        2801.145       9.4349849        7.3234277         2.1115572       2819.6864                 26.592373                 396.50301                           2369.1662                      8.8833283               0.23772786              3.3686146                         5.8401614       9.0949164
              1       1415.2402       3.0506841      0.95771055       69.903591      0.02241689      0.11767277     0.056142495           0.43612643   0.00029476507       0.65204847       1.0015612      0.99886758      0.99858776       68.562874      0.18461883       2.0939814       5.0825014       10.948025       10.413101        10.686892       71.256166        290.8876       50.357402       36.359934       92.612553      0.11374667        0.16436539        0.55964467      0.26550922        0.78569807       2.0365014   2.1129795e-09       147.15808      0.82725228      0.28668645      0.80868786       9.4465038       2802.5039       4.7175144         2.636699         2.0808154       2821.0453                 26.592373                 396.50301                           2370.5252                      8.8833283               0.23772786              3.3686146                         5.8401614       9.0949164
              1       1414.8002       3.0506841      0.95771055       69.903591      0.02241689      0.11767277     0.056142495           0.43612643   0.00029476507       0.65204847       1.0015612      0.99889166      0.99869297       68.453068      0.16430414       2.3838723       5.0119515       10.791075       10.613475        10.192338       70.866549       285.61024       50.944805       36.654462       91.989603       0.1051897        0.15885952         0.5653921      0.26234947        0.78900886       2.1334998   2.1129795e-09       147.15808      0.82725228      0.28668645      0.80868786       9.4465038       2801.3191       4.8699246        2.8271472         2.0427774       2819.8605                 26.592373                 396.50301                           2369.3404                      8.8833283               0.23772786              3.3686146                         5.8401614       9.0949164
              1        1416.446       3.0506841      0.95771055       69.903591      0.02241689      0.11767277     0.056142495           0.43612643   0.00029476507       0.65204847       1.0015612      0.99895581      0.99885758       68.987075        0.151876       2.5101973       5.1319176       10.995695       10.656426        10.462108       70.843329       290.10796       51.744523       37.496298       93.833113      0.15070542       0.092672856        0.57000498      0.21185985        0.75993159       2.1634081   2.1129795e-09       147.15808      0.82725228      0.28668645      0.80868786       9.4465038       2804.9775       4.6865621        2.6621368         2.0244253        2823.519                 26.592373                 396.50301                           2372.9988                      8.8833283               0.23772786              3.3686146                         5.8401614       9.0949164
              1        1416.788       3.0506841      0.95771055       69.903591      0.02241689      0.11767277     0.056142495           0.43612643   0.00029476507       0.65204847       1.0015612      0.99908653       0.9988804       69.123408      0.15962385       2.5041484       5.1952678        10.96156       10.725423        10.375666       71.025526       285.80267        51.19407       37.693871       93.762863      0.16423875       0.093833015        0.56566998      0.21177008        0.76636333       2.1391419   2.1129795e-09       147.15808      0.82725228      0.28668645      0.80868786       9.4465038       2805.9104       4.5621336        2.5396461         2.0224875       2824.4518                 26.592373                 396.50301                           2373.9317                      8.8833283               0.23772786              3.3686146                         5.8401614       9.0949164
              1       1416.7043       3.0506215      0.95803821       69.903591      0.02241831      0.11774637      0.05650136           0.43137272   0.00029841556       0.64663057       1.0015612      0.99908653       0.9988804       69.123408      0.15962385       2.5041484       5.1952678        10.96156       10.725423        10.375666       71.025526       285.80267        51.19407       37.693871       93.762863      0.16423875       0.093833015        0.56566998      0.21177008        0.76636333       2.1391419   2.1128471e-09       147.13606       0.8276083       0.2868401      0.80925267       9.3990857       2805.7904       4.5621336        2.5396461         2.0224875       2824.2844                 26.360458                 396.57203                           2374.0211                      8.8368003               0.23476114              3.3579488                         5.8063757       9.0949164
              3       1416.1553       3.0506215      0.95803821       69.903591      0.02241831      0.11774637      0.05650136           0.43137272   0.00029841556       0.64663057       1.0015612      0.99904134      0.99891603       69.218595       0.1633874       2.5047366       5.1501294       10.940113       10.702118        10.399044       71.017747       285.60303       50.797667       37.793631       93.754257      0.15598788       0.097622426        0.57230617      0.20582774        0.76246507       2.1436523   2.1128471e-09       147.13606       0.8276083       0.2868401      0.80925267       9.3990857       2804.7437       4.5364129         2.512353         2.0240599       2823.2377                 26.360458                 396.57203                           2372.9744                      8.8368003               0.23476114              3.3579488                         5.8063757       9.0949164
              1       1416.6077       3.0506215      0.95803821       69.903591      0.02241831      0.11774637      0.05650136           0.43137272   0.00029841556       0.64663057       1.0015612      0.99920305      0.99863239       69.325861      0.13186175       2.3407085       5.5970015        10.63649        11.21338        9.4166503       71.225942       280.50993        51.33925       37.783678       93.900187      0.15942346        0.14579835        0.59143028      0.25445446        0.75849195       2.1304304   2.1128471e-09       147.13606       0.8276083       0.2868401      0.80925267       9.3990857       2806.8212        3.950055        1.9311197         2.0189353       2825.3152                 26.360458                 396.57203                           2375.0519                      8.8368003               0.23476114              3.3579488                         5.8063757       9.0949164
              2       1415.9751       3.0506215      0.95803821       69.903591      0.02241831      0.11774637      0.05650136           0.43137272   0.00029841556       0.64663057       1.0015612      0.99922639      0.99870172       69.417253      0.14183649       2.3137348       5.7305807       10.652442       11.189706        9.7486073       70.667359       277.71948       50.853178       37.779946       94.236215      0.14584985        0.15788589        0.60744162      0.27567221        0.76839456       2.1426499   2.1128471e-09       147.13606       0.8276083       0.2868401      0.80925267       9.3990857       2804.2281       4.6140558        2.5962523         2.0178035       2822.7221                 26.360458                 396.57203                           2372.4588                      8.8368003               0.23476114              3.3579488                         5.8063757       9.0949164
              2       1415.7995       3.0506215      0.95803821       69.903591      0.02241831      0.11774637      0.05650136           0.43137272   0.00029841556       0.64663057       1.0015612      0.99925875      0.99867694       69.175805      0.14298245       2.2843479       5.7401854       10.689063       11.140637        9.8092668       70.653237        278.0699       50.778418       37.923208       93.912393      0.14536401        0.15354907        0.60516608      0.28901013        0.76250865       2.1574627   2.1128471e-09       147.13606       0.8276083       0.2868401      0.80925267       9.3990857       2804.0384       4.5332805        2.5151188         2.0181617       2822.5324                 26.360458                 396.57203                           2372.2691                      8.8368003               0.23476114              3.3579488                         5.8063757       9.0949164
              1       1415.2362       3.0506215      0.95803821       69.903591      0.02241831      0.11774637      0.05650136           0.43137272   0.00029841556       0.64663057       1.0015612      0.99929409      0.99852893        69.07572      0.12621664        2.483449        5.419755       10.156527       11.750207        9.2891189       69.478403       281.74653       50.420487       36.120403       95.465574      0.12993395        0.12993903        0.57853722      0.23483308        0.68754731       2.1189757   2.1128471e-09       147.13606       0.8276083       0.2868401      0.80925267       9.3990857       2806.6089       2.6848113       0.66662768         2.0181836       2825.1029                 26.360458                 396.57203                           2374.8396                      8.8368003               0.23476114              3.3579488                         5.8063757       9.0949164
              4       1414.4517       3.0506215      0.95803821       69.903591      0.02241831      0.11774637      0.05650136           0.43137272   0.00029841556       0.64663057       1.0015612      0.99936724      0.99851763       68.944477      0.11219489       2.2639059       5.4180257       9.9824297       11.487715        9.3630832       69.209984       280.76539       49.683261       36.120025       95.850973     0.095324458        0.15111786        0.59600996      0.21721681         0.6984243       2.1260411   2.1128471e-09       147.13606       0.8276083       0.2868401      0.80925267       9.3990857       2804.1003       3.1545329        1.1252406         2.0292923       2822.5943                 26.360458                 396.57203                            2372.331                      8.8368003               0.23476114              3.3579488                         5.8063757       9.0949164
              2       1414.9156       3.0506215      0.95803821       69.903591      0.02241831      0.11774637      0.05650136           0.43137272   0.00029841556       0.64663057       1.0015612      0.99928435      0.99866296       68.784355     0.073036752       2.1440389       5.0325759       10.279669        11.29511        8.9379667       69.595571       285.48394       49.913421       36.534621       96.775235      0.11614955        0.12803737        0.61793075      0.21013047        0.67847641       2.1168765   2.1128471e-09       147.13606       0.8276083       0.2868401      0.80925267       9.3990857       2804.1285       3.6043332        1.5270441         2.0772892       2822.6225                 26.360458                 396.57203                           2372.3592                      8.8368003               0.23476114              3.3579488                         5.8063757       9.0949164
              3       1415.2449       3.0506215      0.95803821       69.903591      0.02241831      0.11774637      0.05650136           0.43137272   0.00029841556       0.64663057       1.0015612      0.99934861      0.99866983       68.753622     0.076586868       2.1269833       5.0326089       10.413604       11.444735        9.0371832       69.948632       286.97084        49.95036       36.772241       96.799318     0.098453929        0.13991514        0.60455027      0.20055834        0.66606477       2.0972664   2.1128471e-09       147.13606       0.8276083       0.2868401      0.80925267       9.3990857       2804.8305       3.5826511        1.5021803         2.0804708       2823.3245                 26.360458                 396.57203                           2373.0612                      8.8368003               0.23476114              3.3579488                         5.8063757       9.0949164
              2       1414.3688       3.0506215      0.95803821       69.903591      0.02241831      0.11774637      0.05650136           0.43137272   0.00029841556       0.64663057       1.0015612       0.9990167      0.99824139       69.737994      0.05978316       2.2778571       4.3290661       10.353546       11.151256        9.7441118       68.760131       290.19347       48.885712       36.681335       93.527016      0.11705757         0.1560252        0.53209547      0.23590744        0.65577521       1.9472883   2.1128471e-09       147.13606       0.8276083       0.2868401      0.80925267       9.3990857       2804.5078        2.867939       0.72095583         2.1469832       2823.0018                 26.360458                 396.57203                           2372.7385                      8.8368003               0.23476114              3.3579488                         5.8063757       9.0949164
              2       1414.0645       3.0506215      0.95803821       69.903591      0.02241831      0.11774637      0.05650136           0.43137272   0.00029841556       0.64663057       1.0015612      0.99891392      0.99833531       69.732994     0.019124094       2.4502685       4.0498536       10.263046       11.456562        9.4678657       69.094614       287.66661       49.854363       36.701654       93.352612     0.093424435        0.14741354        0.52768325      0.23698257        0.64576327       1.9406385   2.1128471e-09       147.13606       0.8276083       0.2868401      0.80925267       9.3990857       2802.7686       3.4332422        1.2856895         2.1475527       2821.2626                 26.360458                 396.57203                           2370.9993                      8.8368003               0.23476114              3.3579488                         5.8063757       9.0949164
              4        1413.917       3.0506215      0.95803821       69.903591      0.02241831      0.11774637      0.05650136           0.43137272   0.00029841556       0.64663057       1.0015612      0.99895603      0.99835348       69.827799     0.022905895       2.4460103       3.9154406       10.295227       11.554459        9.7343172       69.323327       289.77678       49.825341       36.416256       93.813138     0.092666259        0.14440051        0.53462003      0.26628146        0.64181174       1.9120279   2.1128471e-09       147.13606       0.8276083       0.2868401      0.80925267       9.3990857       2802.0409       3.6495099        1.4768452         2.1726647       2820.5349                 26.360458                 396.57203                           2370.2717                      8.8368003               0.23476114              3.3579488                         5.8063757       9.0949164
              7       1413.5799       3.0506215      0.95803821       69.903591      0.02241831      0.11774637      0.05650136           0.43137272   0.00029841556       0.64663057       1.0015612      0.99898627      0.99837298       69.827399     0.015831402         2.60956       4.1679249       10.382705       11.124498         10.04013       69.307728        288.7552       50.332449        36.36744       93.167431      0.10790631        0.12601965        0.52183454      0.24252834        0.66726322       1.8654332   2.1128471e-09       147.13606       0.8276083       0.2868401      0.80925267       9.3990857       2803.3656       2.6500865       0.55819469         2.0918918       2821.8596                 26.360458                 396.57203                           2371.5963                      8.8368003               0.23476114              3.3579488                         5.8063757       9.0949164
              1       1413.4951       3.0506215      0.95803821       69.903591      0.02241831      0.11774637      0.05650136           0.43137272   0.00029841556       0.64663057       1.0015612      0.99912205      0.99836438       70.067112     0.012984272       2.5199004       4.6233668       10.005153       11.513422        10.338909       69.260587        294.2898       50.338333       36.634678       93.649711     0.086843767        0.13295331        0.52485965      0.23636901        0.64598826       1.9160139   2.1128471e-09       147.13606       0.8276083       0.2868401      0.80925267       9.3990857       2803.2765        2.609858       0.55265855         2.0571994       2821.7705                 26.360458                 396.57203                           2371.5073                      8.8368003               0.23476114              3.3579488                         5.8063757       9.0949164
              2       1416.0566       3.0506215      0.95803821       69.903591      0.02241831      0.11774637      0.05650136           0.43137272   0.00029841556       0.64663057       1.0015612      0.99905071      0.99831142        69.90013     0.018921232       2.4473411       4.5309408       9.8396268       11.629278        10.166497       69.040588        295.0895       49.091706       37.152887       93.865606      0.11041777       0.094821484        0.49362048      0.24075711        0.62855952       1.9069718   2.1128471e-09       147.13606       0.8276083       0.2868401      0.80925267       9.3990857       2808.0565       2.7813756       0.70218757          2.079188       2826.5505                 26.360458                 396.57203                           2376.2872                      8.8368003               0.23476114              3.3579488                         5.8063757       9.0949164
              2        1416.276       3.0506215      0.95803821       69.903591      0.02241831      0.11774637      0.05650136           0.43137272   0.00029841556       0.64663057       1.0015612      0.99898028      0.99829417       69.748096     0.022960004       2.4846798       4.7742673       9.8473606       11.620807         9.762397       69.535016        299.7105       49.224758       38.183452        93.21299      0.11341455       0.098618866        0.50413823      0.20244011        0.66705173       1.8911584   2.1128471e-09       147.13606       0.8276083       0.2868401      0.80925267       9.3990857       2808.9083       2.5748545       0.52603323         2.0488212       2827.4023                 26.360458                 396.57203                            2377.139                      8.8368003               0.23476114              3.3579488                         5.8063757       9.0949164
              3        1416.968       3.0506215      0.95803821       69.903591      0.02241831      0.11774637      0.05650136           0.43137272   0.00029841556       0.64663057       1.0013586       0.9989719      0.99823128       69.798718     0.014282927       2.4160987       4.8670427       10.012046       11.614305         9.749067       69.551459       298.25795       49.341305       38.471856       92.898714      0.10859452        0.10864078        0.49465442      0.21367701         0.6524674       1.8857923   2.1128471e-09       147.13606       0.8276083       0.2868401      0.80925267       9.3990857       2810.5772        2.432463       0.38221246         2.0502505       2829.0712                 26.401485                  396.5716                           2378.7365                      8.8675617               0.23476114              3.3579488                         5.8063757       9.0949164
              2       1416.6188       3.0506215      0.95803821       69.903591      0.02241831      0.11774637      0.05650136           0.43137272   0.00029841556       0.64663057       1.0013586      0.99892187      0.99808778       69.811013    0.0027503686       2.4818993       4.8941518       10.351956       11.518584        9.3567674       69.458494       298.99629       49.627237       38.113636       92.760732     0.081283442        0.11638238         0.4912762      0.19479425        0.66523367       1.8961248   2.1128471e-09       147.13606       0.8276083       0.2868401      0.80925267       9.3990857       2808.5654       3.0890681        1.0491294         2.0399388       2827.0594                 26.401485                  396.5716                           2376.7248                      8.8675617               0.23476114              3.3579488                         5.8063757       9.0949164
              1       1416.5132       3.0506215      0.95803821       69.903591      0.02241831      0.11774637      0.05650136           0.43137272   0.00029841556       0.64663057       1.0013586      0.99890545      0.99807617       69.989406     0.043877247       2.5269554       4.8494033       10.189203       11.433236        9.4287575       69.470945       303.82102       50.506241       38.057092       92.612082     0.083841826        0.12873484        0.48392775      0.17656677         0.6762475       1.8450101   2.1128471e-09       147.13606       0.8276083       0.2868401      0.80925267       9.3990857       2808.6847       2.9238167       0.88576493         2.0380518       2827.1787                 26.401485                  396.5716                            2376.844                      8.8675617               0.23476114              3.3579488                         5.8063757       9.0949164
              1       1416.3616       3.0506215      0.95803821       69.903591      0.02241831      0.11774637      0.05650136           0.43137272   0.00029841556       0.64663057       1.0013586      0.99885462      0.99810308       69.940585     0.045840773       2.6169058       5.1221596        10.16598       11.504582        9.4350244       69.403534       304.17615        50.66903       37.881758       93.409821     0.092311122        0.11387447        0.47031112      0.16920689        0.68133211       1.8598905   2.1128471e-09       147.13606       0.8276083       0.2868401      0.80925267       9.3990857       2808.3085       2.9603652       0.94079212         2.0195731       2826.8025                 26.401485                  396.5716                           2376.4678                      8.8675617               0.23476114              3.3579488                         5.8063757       9.0949164
              1       1415.4627       3.0506215      0.95803821       69.903591      0.02241831      0.11774637      0.05650136           0.43137272   0.00029841556       0.64663057       1.0019325      0.99889807      0.99816331       69.991139     0.019590307       2.5405178       5.0071804       9.9214132        11.54679        9.0300628       68.490309       296.18408       52.184641       37.643755        93.51852     0.084454172         0.1042256        0.45292845      0.15527895        0.64306998       1.7864172   2.1128471e-09       147.13606       0.8276083       0.2868401      0.80925267       9.3990857       2805.0586       3.6863363        1.6586091         2.0277273       2823.5526                 26.285564                 396.57508                           2373.4115                      8.7865058               0.23476114              3.3579488                         5.8063757       9.0949164
              1       1419.1646       3.0506215      0.95803821       69.903591      0.02241831      0.11774637      0.05650136           0.43137272   0.00029841556       0.64663057       1.0019325      0.99881511      0.99827106       70.252382     0.013123519       2.0757286       4.8507596       10.098701       12.010669        9.7705234       68.628038       292.68106       54.565916       37.349672       95.290748     0.025907947        0.15319478        0.49385081      0.21075637        0.72038295        1.822638   2.1128471e-09       147.13606       0.8276083       0.2868401      0.80925267       9.3990857       2807.3535       6.2408204        4.1252817         2.1155387       2825.8475                 26.285564                 396.57508                           2375.7064                      8.7865058               0.23476114              3.3579488                         5.8063757       9.0949164
              1       1418.1362       3.0506215      0.95803821       69.903591      0.02241831      0.11774637      0.05650136           0.43137272   0.00029841556       0.64663057       1.0019325      0.99876341      0.99852791       69.562518     0.077957487       1.8042999       5.4730202        10.26848       11.654565        10.102262       69.228352       290.28192       53.703419        36.83453       97.805552     0.033171776        0.13480225        0.47568223      0.19898045         0.7121595       1.8299224   2.1128471e-09       147.13606       0.8276083       0.2868401      0.80925267       9.3990857       2806.2894       5.7445521        3.6547886         2.0897635       2824.7834                 26.285564                 396.57508                           2374.6422                      8.7865058               0.23476114              3.3579488                         5.8063757       9.0949164
              2       1418.1143       3.0506215      0.95803821       69.903591      0.02241831      0.11774637      0.05650136           0.43137272   0.00029841556       0.64663057       1.0019325      0.99855911      0.99835428       68.641465     0.041104475       1.9951306        4.755392       9.4513984       10.666272        10.362369        68.87196       288.07414       51.447785        37.40405       97.981032     0.049422774        0.11033363        0.46317423       0.2316131        0.59728579       1.6039586   2.1128471e-09       147.13606       0.8276083       0.2868401      0.80925267       9.3990857       2805.9421       5.8962354        3.7447988         2.1514365       2824.4361                 26.285564                 396.57508                            2374.295                      8.7865058               0.23476114              3.3579488                         5.8063757       9.0949164
              1       1419.6343       3.0506215      0.95803821       69.903591      0.02241831      0.11774637      0.05650136           0.43137272   0.00029841556       0.64663057       1.0019325      0.99907193      0.99817423       68.713043     0.051275397       2.0890688       4.7398955       9.5367958       10.669268        10.327114        69.46318       280.44269       52.071516        36.55021       98.383344     0.077093797        0.18188554         0.4819897      0.17148786        0.53464303       1.5536112   2.1128471e-09       147.13606       0.8276083       0.2868401      0.80925267       9.3990857       2810.2109       5.2818542        3.1526604         2.1291938       2828.7049                 26.285564                 396.57508                           2378.5637                      8.7865058               0.23476114              3.3579488                         5.8063757       9.0949164
              1       1419.0881       3.0506215      0.95803821       69.903591      0.02241831      0.11774637      0.05650136           0.43137272   0.00029841556       0.64663057       1.0019325      0.99930875      0.99826276       68.017421     0.079139094       1.9525322       4.1430904        9.643252       10.503981        9.8820024       68.846919       279.18638       51.496006       36.976486         97.6726      0.12306613        0.18589495        0.45468804       0.1687663         0.5647041       1.6354614   2.1128471e-09       147.13606       0.8276083       0.2868401      0.80925267       9.3990857       2811.8821       3.9000092        1.6054776         2.2945316       2830.3761                 26.285564                 396.57508                            2380.235                      8.7865058               0.23476114              3.3579488                         5.8063757       9.0949164
              1       1419.4663       3.0505261      0.95801934       69.903591     0.022418183       0.1177671     0.056558155           0.43070895   0.00029880195        0.6463704       1.0019325      0.99930875      0.99826276       68.017421     0.079139094       1.9525322       4.1430904        9.643252       10.503981        9.8820024       68.846919       279.18638       51.496006       36.976486         97.6726      0.12306613        0.18589495        0.45468804       0.1687663         0.5647041       1.6354614   2.1126455e-09       147.13058      0.82765046      0.28688229      0.80935341       9.3877707       2812.6499       3.9000092        1.6054776         2.2945316       2831.1326                 26.264516                 396.57721                           2381.0318                      8.7763658               0.23403501              3.3553444                         5.7983913       9.0949164
              2       1419.5457       3.0505261      0.95801934       69.903591     0.022418183       0.1177671     0.056558155           0.43070895   0.00029880195        0.6463704       1.0019325      0.99935555      0.99857755       67.829447      0.14671742       1.8600438       3.6714296       8.7892481       10.288034         9.416327       71.024184         273.502       56.145058       36.614775       96.590738     0.095952362        0.15312245        0.43469027       0.2219938        0.58348012       1.5261844   2.1126455e-09       147.13058      0.82765046      0.28688229      0.80935341       9.3877707       2814.1754       3.2166833       0.74709037          2.469593       2832.6581                 26.264516                 396.57721                           2382.5573                      8.7763658               0.23403501              3.3553444                         5.7983913       9.0949164
              3       1419.2525       3.0505261      0.95801934       69.903591     0.022418183       0.1177671     0.056558155           0.43070895   0.00029880195        0.6463704       1.0019325      0.99930833      0.99852664       67.851855      0.15462163       1.8458953       3.6468763       8.7461746       10.322411        9.3842213       70.908895       275.13996       56.144155       36.637076       96.786663      0.10206199        0.15036878        0.44230043      0.22677466        0.59552706       1.5375945   2.1126455e-09       147.13058      0.82765046      0.28688229      0.80935341       9.3877707       2814.1428       2.9398001       0.45512651         2.4846735       2832.6255                 26.264516                 396.57721                           2382.5247                      8.7763658               0.23403501              3.3553444                         5.7983913       9.0949164
              1       1418.4906       3.0505261      0.95801934       69.903591     0.022418183       0.1177671     0.056558155           0.43070895   0.00029880195        0.6463704       1.0019325      0.99936995      0.99853009       67.734241      0.15694465       1.8853684       3.7262959        8.764223        10.39436        9.5342808        70.85897       273.78183       55.983567       36.550546        96.72874      0.10323797        0.14176008        0.44284343      0.23372637        0.60755748       1.5498722   2.1126455e-09       147.13058      0.82765046      0.28688229      0.80935341       9.3877707       2813.4634       2.5175545      0.077688107         2.4398664       2831.9461                 26.264516                 396.57721                           2381.8453                      8.7763658               0.23403501              3.3553444                         5.7983913       9.0949164
              1       1418.6482       3.0505261      0.95801934       69.903591     0.022418183       0.1177671     0.056558155           0.43070895   0.00029880195        0.6463704       1.0019325      0.99911176      0.99863271       68.021401      0.18857521       1.6351629       4.3448896       8.4667655       11.040791        9.7679673       71.316754       283.84426       57.326554       36.034627       93.661367     0.079881772       0.097382864        0.39887476      0.21442409        0.60760576       1.6071086   2.1126455e-09       147.13058      0.82765046      0.28688229      0.80935341       9.3877707       2810.8519       3.9809055        1.6052569         2.3756485       2829.3346                 26.264516                 396.57721                           2379.2338                      8.7763658               0.23403501              3.3553444                         5.7983913       9.0949164
              1       1418.5504       3.0505261      0.95801934       69.903591     0.022418183       0.1177671     0.056558155           0.43070895   0.00029880195        0.6463704       1.0019325      0.99911509      0.99863562        68.01795      0.19017156       1.6315124       4.3551784       8.4700187       11.040307         9.768072       71.331971       283.88102       57.319081       36.063105       93.666591     0.080272061       0.098593266        0.39929784      0.21404478        0.60739298       1.6084988   2.1126455e-09       147.13058      0.82765046      0.28688229      0.80935341       9.3877707       2810.7555       3.9312746        1.5568798         2.3743948       2829.2382                 26.264516                 396.57721                           2379.1374                      8.7763658               0.23403501              3.3553444                         5.7983913       9.0949164
              1       1417.7782       3.0505261      0.95801934       69.903591     0.022418183       0.1177671     0.056558155           0.43070895   0.00029880195        0.6463704       1.0014655      0.99911509      0.99863562        68.01795      0.19017156       1.6315124       4.3551784       8.4700187       11.040307         9.768072       71.331971       283.88102       57.319081       36.063105       93.666591     0.080272061       0.098593266        0.39929784      0.21404478        0.60739298       1.6084988   2.1126455e-09       147.13058      0.82765046      0.28688229      0.80935341       9.3877707        2809.465       3.8043255        1.4299307         2.3743948       2827.9477                 26.358695                 396.57199                           2377.6966                      8.8377295               0.23403501              3.3553444                         5.7983913       9.0949164
              2       1417.8705       3.0505261      0.95801934       69.903591     0.022418183       0.1177671     0.056558155           0.43070895   0.00029880195        0.6463704       1.0009703      0.99911509      0.99863562        68.01795      0.19017156       1.6315124       4.3551784       8.4700187       11.040307         9.768072       71.331971       283.88102       57.319081       36.063105       93.666591     0.080272061       0.098593266        0.39929784      0.21404478        0.60739298       1.6084988   2.1126455e-09       147.13058      0.82765046      0.28688229      0.80935341       9.3877707       2809.8426       3.7078194        1.3334246         2.3743948       2828.3253                 26.459302                 396.57193                           2377.8949                      8.9164235               0.23403501              3.3553444                         5.7983913       9.0949164
              1         1418.14       3.0505261      0.95801934       69.903591     0.022418183       0.1177671     0.056558155           0.43070895   0.00029880195        0.6463704       1.0009703      0.99915574      0.99857564       68.123116      0.17944187        1.611978       4.3000803       8.5214471       11.066676        9.7360455       71.283814       284.33128       57.351959       35.775852       93.903071     0.086352833        0.10270296        0.39587509      0.20427129        0.59019292       1.6099373   2.1126455e-09       147.13058      0.82765046      0.28688229      0.80935341       9.3877707       2810.7254       3.5359106        1.1367844         2.3991262       2829.2081                 26.459302                 396.57193                           2378.7778                      8.9164235               0.23403501              3.3553444                         5.7983913       9.0949164
