#        weight    minuslogpost            logA             n_s              H0         omega_b       omega_cdm        tau_reio          beta_s           a_tSZ           a_kSZ             a_p          beta_p             a_c          beta_c             a_s           a_gtt              xi       alpha_tSZ           a_gte          a_pste           a_gee          a_psee        A_planck bandint_shift_dr6_pa4_f220 bandint_shift_dr6_pa5_f090 bandint_shift_dr6_pa5_f150 bandint_shift_dr6_pa6_f090 bandint_shift_dr6_pa6_f150        calG_all calE_dr6_pa5_f090 calE_dr6_pa5_f150 calE_dr6_pa6_f090 calE_dr6_pa6_f150 cal_dr6_pa4_f220 cal_dr6_pa5_f090 cal_dr6_pa5_f150 cal_dr6_pa6_f090 cal_dr6_pa6_f150             A_s         Omega_m          sigma8              S8         rs_drag       chi2__BAO       chi2__CMB        chi2__SN   minuslogprior minuslogprior__0            chi2 chi2__planck_2018_lowl.TT chi2__planck_2018_lowl.EE chi2__planck_2018_lensing.clik chi2__act_dr6_mflike.ACTDR6MFLike chi2__bao.sixdf_2011_bao chi2__bao.sdss_dr7_mgs chi2__bao.sdss_dr12_consensus_bao chi2__likelihoods.desi_y1_bao.DESI_Y1_BAO chi2__sn.pantheonplus
              1        5649.179       3.0477832      0.96873629       69.316477     0.022865485      0.11375607     0.041996026      -3.1966972       2.2512216       4.5412579       9.9304198       2.9681018       5.8805015       3.9157088       2.0022485       6.5242333     0.043350036      -1.8866973       2.6946323     0.029899222       4.7279597     0.074501673      0.99668332                 -25.373693                  2.0742872                 -3.0606796                 -1.7594357                 -3.0015333       1.0299292         1.0069027         1.0632916         1.0056395         1.0492969        1.0345458        1.0061847        1.0008395        1.0086371        1.0065798   2.1068587e-09      0.28434523      0.73962902      0.72007261       148.00206        8.217037       426.71172        1410.081       87.364274        87.364274       11123.629                 19.709007                 396.69429                      10.308418                          9265.289                0.1762647              3.1112914                         4.9294809                                 13.330554              1410.081
              1       5644.6935       3.0477832      0.96873629       69.316477     0.022865485      0.11375607     0.041996026      -3.1966972       2.2512216       4.5412579       9.9304198       2.9681018       5.8805015       3.9157088       2.0022485       6.5242333     0.043350036      -1.8866973       2.6946323     0.029899222       4.7279597     0.074501673      0.99668332                 -25.373693                  2.0742872                 -3.0606796                 -1.7594357                 -3.0015333       1.0286095          1.007248         1.0618715         1.0033196         1.0467971        1.0329064        1.0059765        1.0011102        1.0091987        1.0060946   2.1068587e-09      0.28434523      0.73962902      0.72007261       148.00206        8.217037       426.71172        1410.081       83.328759        83.328759        11122.73                 19.709007                 396.69429                      10.308418                         9264.3892                0.1762647              3.1112914                         4.9294809                                 13.330554              1410.081
              2       5644.4315       3.0477832      0.96873629       69.316477     0.022865485      0.11375607     0.041996026      -3.1966972       2.2512216       4.5412579       9.9304198       2.9681018       5.8805015       3.9157088       2.0022485       6.5242333     0.043350036      -1.8866973       2.6946323     0.029899222       4.7279597     0.074501673      0.99772061                 -25.373693                  2.0742872                 -3.0606796                 -1.7594357                 -3.0015333       1.0286095          1.007248         1.0618715         1.0033196         1.0467971        1.0329064        1.0059765        1.0011102        1.0091987        1.0060946   2.1068587e-09      0.28434523      0.73962902      0.72007261       148.00206        8.217037       427.11644        1410.081       82.864379        82.864379       11123.134                 19.652776                 396.68098                      10.782685                         9264.3892                0.1762647              3.1112914                         4.9294809                                 13.330554              1410.081
              2       5642.8555       3.0477832      0.96873629       69.316477     0.022865485      0.11375607     0.041996026      -3.1966972       2.2512216       4.5412579       9.9304198       2.9681018       5.8805015       3.9157088       2.0022485       6.5242333     0.043350036      -1.8866973       2.6946323     0.029899222       4.7279597     0.074501673      0.99772061                 -25.373693                  2.0742872                 -3.0606796                 -1.7594357                 -3.0015333       1.0285255         1.0079391         1.0624452         1.0059876         1.0484096        1.0343729        1.0057513        1.0017139        1.0093267        1.0059501   2.1068587e-09      0.28434523      0.73962902      0.72007261       148.00206        8.217037       427.11644        1410.081        82.80158         82.80158       11120.108                 19.652776                 396.68098                      10.782685                         9261.3628                0.1762647              3.1112914                         4.9294809                                 13.330554              1410.081
              1       5642.8249       3.0477832      0.96873629       69.316477     0.022865485      0.11375607     0.041996026      -3.1966972       2.2512216       4.5412579       9.9304198       2.9681018       5.8805015       3.9157088       2.0022485       6.5242333     0.043350036      -1.8866973       2.6946323     0.029899222       4.7279597     0.074501673      0.99797327                 -25.373693                  2.0742872                 -3.0606796                 -1.7594357                 -3.0015333       1.0285255         1.0079391         1.0624452         1.0059876         1.0484096        1.0343729        1.0057513        1.0017139        1.0093267        1.0059501   2.1068587e-09      0.28434523      0.73962902      0.72007261       148.00206        8.217037       427.22939        1410.081       82.714542        82.714542       11120.221                 19.639626                 396.68098                       10.90878                         9261.3628                0.1762647              3.1112914                         4.9294809                                 13.330554              1410.081
              2       5548.9578       3.0477832      0.96873629       69.316477     0.022865485      0.11375607     0.041996026      -3.1925568       2.2475111       4.5053823       9.9550369       2.9735751       5.8628756       3.9103397       2.0029483       6.5212778     0.014202124      -1.8623451       2.6971645    0.0080547141       4.7281638     0.074174493      0.99797327                 -26.010847                  1.7894605                 -3.0626898                 -1.8752221                 -3.0710963       1.0292382          1.006263         1.0598188         1.0075835          1.048242        1.0353451         1.005527         1.001694        1.0093072        1.0058734   2.1068587e-09      0.28434523      0.73962902      0.72007261       148.00206        8.217037       427.22939        1410.081       85.601841        85.601841       10926.712                 19.639626                 396.68098                       10.90878                          9067.854                0.1762647              3.1112914                         4.9294809                                 13.330554              1410.081
              1       5545.2813       3.0477832      0.96873629       69.316477     0.022865485      0.11375607     0.041996026      -3.1925568       2.2475111       4.5053823       9.9550369       2.9735751       5.8628756       3.9103397       2.0029483       6.5212778     0.014202124      -1.8623451       2.6971645    0.0080547141       4.7281638     0.074174493      0.99911078                 -26.010847                  1.7894605                 -3.0626898                 -1.8752221                 -3.0710963       1.0285428        0.99725008         1.0634133          1.007834         1.0527527        1.0296053        1.0052775        1.0004196        1.0092701        1.0052462   2.1068587e-09      0.28434523      0.73962902      0.72007261       148.00206        8.217037        427.7599        1410.081         80.4266          80.4266       10929.709                 19.582708                 396.64978                      11.527414                          9070.321                0.1762647              3.1112914                         4.9294809                                 13.330554              1410.081
              1       5543.9474       3.0477832      0.96873629       69.316477     0.022865485      0.11375607     0.041996026      -3.1925568       2.2475111       4.5053823       9.9550369       2.9735751       5.8628756       3.9103397       2.0029483       6.5212778     0.014202124      -1.8623451       2.6971645    0.0080547141       4.7281638     0.074174493      0.99873462                 -26.010847                  1.7894605                 -3.0626898                 -1.8752221                 -3.0710963       1.0283136        0.99832244         1.0630818         1.0055805         1.0516285        1.0304329        1.0053996        1.0002137        1.0092095        1.0051303   2.1068587e-09      0.28434523      0.73962902      0.72007261       148.00206        8.217037       427.56728        1410.081       79.875445        79.875445       10928.144                 19.601122                 396.65251                      11.313646                          9068.948                0.1762647              3.1112914                         4.9294809                                 13.330554              1410.081
              2       5543.9586       3.0477832      0.96873629       69.316477     0.022865485      0.11375607     0.041996026      -3.1925568       2.2475111       4.5053823       9.9550369       2.9735751       5.8628756       3.9103397       2.0029483       6.5212778     0.014202124      -1.8623451       2.6971645    0.0080547141       4.7281638     0.074174493      0.99827538                 -26.010847                  1.7894605                 -3.0626898                 -1.8752221                 -3.0710963       1.0283136        0.99832244         1.0630818         1.0055805         1.0516285        1.0304329        1.0053996        1.0002137        1.0092095        1.0051303   2.1068587e-09      0.28434523      0.73962902      0.72007261       148.00206        8.217037        427.3701        1410.081       79.985295        79.985295       10927.947                 19.624151                 396.68098                      11.064968                          9068.948                0.1762647              3.1112914                         4.9294809                                 13.330554              1410.081
              1       5543.9978       3.0477832      0.96873629       69.316477     0.022865485      0.11375607     0.041996026      -3.1925568       2.2475111       4.5053823       9.9550369       2.9735751       5.8628756       3.9103397       2.0029483       6.5212778     0.014202124      -1.8623451       2.6971645    0.0080547141       4.7281638     0.074174493      0.99780612                 -26.010847                  1.7894605                 -3.0626898                 -1.8752221                 -3.0710963       1.0283136        0.99832244         1.0630818         1.0055805         1.0516285        1.0304329        1.0053996        1.0002137        1.0092095        1.0051303   2.1068587e-09      0.28434523      0.73962902      0.72007261       148.00206        8.217037       427.15418        1410.081       80.132399        80.132399       10927.731                 19.648303                 396.68098                      10.824899                          9068.948                0.1762647              3.1112914                         4.9294809                                 13.330554              1410.081
              1       5540.4699       3.0477832      0.96873629       69.316477     0.022865485      0.11375607     0.041996026      -3.1925568       2.2475111       4.5053823       9.9550369       2.9735751       5.8628756       3.9103397       2.0029483       6.5212778     0.014202124      -1.8623451       2.6971645    0.0080547141       4.7281638     0.074174493      0.99871743                 -26.010847                  1.7894605                 -3.0626898                 -1.8752221                 -3.0710963       1.0282662        0.99880861         1.0553409         1.0041799         1.0495495        1.0310284         1.005306           1.0005        1.0090622        1.0052764   2.1068587e-09      0.28434523      0.73962902      0.72007261       148.00206        8.217037       427.55857        1410.081       79.384896        79.384896        10922.17                 19.601973                 396.65251                      11.304091                         9062.9828                0.1762647              3.1112914                         4.9294809                                 13.330554              1410.081
              1       5539.9205       3.0477832      0.96873629       69.316477     0.022865485      0.11375607     0.041996026      -3.1925568       2.2475111       4.5053823       9.9550369       2.9735751       5.8628756       3.9103397       2.0029483       6.5212778     0.014202124      -1.8623451       2.6971645    0.0080547141       4.7281638     0.074174493      0.99871743                 -26.010847                  1.7894605                 -3.0626898                 -1.8752221                 -3.0710963       1.0282973        0.99917289         1.0557377         1.0056068         1.0497943        1.0322319        1.0053278        1.0006106        1.0090346         1.005371   2.1068587e-09      0.28434523      0.73962902      0.72007261       148.00206        8.217037       427.55857        1410.081       79.778568        79.778568       10920.284                 19.601973                 396.65251                      11.304091                         9061.0966                0.1762647              3.1112914                         4.9294809                                 13.330554              1410.081
              1       5404.7879       3.0477832      0.96873629       69.316477     0.022865485      0.11375607     0.041996026      -3.0963878       2.2250573       4.6648761       9.9932592       3.0163678       5.8853761         3.93763       2.0023272       6.4574282     0.014518587      -1.8309219       2.6933709     0.012140911       4.7274731     0.049826056      0.99871743                 -30.481001                  1.9367445                  -4.091158                 -2.1607058                 -3.1826134       1.0287708         0.9991429         1.0514288         1.0132665         1.0514952        1.0258727        1.0055549        1.0010233        1.0089211        1.0059453   2.1068587e-09      0.28434523      0.73962902      0.72007261       148.00206        8.217037       427.55857        1410.081       93.885622        93.885622       10621.805                 19.601973                 396.65251                      11.304091                         8762.6174                0.1762647              3.1112914                         4.9294809                                 13.330554              1410.081
              1        5282.586       3.0477832      0.96873629       69.316477     0.022865485      0.11375607     0.041996026      -3.1755461       2.1737153       4.6927837       9.9683921       3.0104472        5.887283        3.945986       2.0003642       6.4254672     0.028926137      -1.8281714       2.6950172     0.018059151        4.727614     0.049016408      0.99871743                 -30.398513                    1.97949                 -4.6074769                  -2.048132                 -3.3355327       1.0289096        0.99433206         1.0522797         1.0053895         1.0520986        1.0175717        1.0055339        1.0009502        1.0088019        1.0061066   2.1068587e-09      0.28434523      0.73962902      0.72007261       148.00206        8.217037       427.55857        1410.081       94.508787        94.508787       10376.154                 19.601973                 396.65251                      11.304091                         8516.9672                0.1762647              3.1112914                         4.9294809                                 13.330554              1410.081
              1        5235.305       3.0477832      0.96873629       69.316477     0.022865485      0.11375607     0.041996026      -3.1755461       2.1737153       4.6927837       9.9683921       3.0104472        5.887283        3.945986       2.0003642       6.4254672     0.028926137      -1.8281714       2.6950172     0.018059151        4.727614     0.049016408       1.0014784                 -30.398513                    1.97949                 -4.6074769                  -2.048132                 -3.3355327       1.0281142         1.0043229          1.057428         1.0081194         1.0495038        1.0093182        1.0054958        1.0006522        1.0085096        1.0049246   2.1068587e-09      0.28434523      0.73962902      0.72007261       148.00206        8.217037       429.26641        1410.081       89.320979        89.320979       10291.968                 19.477089                 396.71002                      13.079307                         8431.0731                0.1762647              3.1112914                         4.9294809                                 13.330554              1410.081
              2       5193.6947       3.0477832      0.96873629       69.316477     0.022865485      0.11375607     0.041996026      -3.1734261       2.1738869       4.6925066       9.9677848       3.0101457       5.8872852       3.9460129       2.0003693        6.424504     0.028628671      -1.8290711       2.6950298     0.018531171        4.727608     0.048865128       1.0011964                 -30.410594                  1.9914176                 -4.6093701                 -2.0449126                 -3.3350893       1.0214615        0.99544116         1.0605039        0.99985471         1.0511839        0.9880665        1.0043643        1.0005596        1.0065348        1.0060467   2.1068587e-09      0.28434523      0.73962902      0.72007261       148.00206        8.217037       429.08905        1410.081       65.444169        65.444169       10256.501                 19.488783                 396.72437                      12.875898                         8395.7835                0.1762647              3.1112914                         4.9294809                                 13.330554              1410.081
              1       5192.1354       3.0477832      0.96873629       69.316477     0.022865485      0.11375607     0.041996026      -3.1734261       2.1738869       4.6925066       9.9677848       3.0101457       5.8872852       3.9460129       2.0003693        6.424504     0.028628671      -1.8290711       2.6950298     0.018531171        4.727608     0.048865128       1.0011964                 -30.410594                  1.9914176                 -4.6093701                 -2.0449126                 -3.3350893       1.0221213        0.99386788         1.0579982         1.0114021         1.0506743       0.99438655          1.00468        1.0005755        1.0057054        1.0055724   2.1068587e-09      0.28434523      0.73962902      0.72007261       148.00206        8.217037       429.08905        1410.081       65.228718        65.228718       10253.813                 19.488783                 396.72437                      12.875898                         8393.0957                0.1762647              3.1112914                         4.9294809                                 13.330554              1410.081
              1       5177.3082       3.0477832      0.96873629       69.316477     0.022865485      0.11375607     0.041996026      -3.1734261       2.1738869       4.6925066       9.9677848       3.0101457       5.8872852       3.9460129       2.0003693        6.424504     0.028628671      -1.8290711       2.6950298     0.018531171        4.727608     0.048865128       1.0011964                 -30.410594                  1.9914176                 -4.6093701                 -2.0449126                 -3.3350893       1.0241754         1.0030421         1.0548746         1.0007194         1.0470859       0.98099973        1.0045417       0.99991162        1.0056656        1.0053247   2.1068587e-09      0.28434523      0.73962902      0.72007261       148.00206        8.217037       429.08905        1410.081       70.892934        70.892934       10212.831                 19.488783                 396.72437                      12.875898                          8352.113                0.1762647              3.1112914                         4.9294809                                 13.330554              1410.081
              1       5179.0992       3.0477832      0.96873629       69.316477     0.022865485      0.11375607     0.041996026      -3.1734261       2.1738869       4.6925066       9.9677848       3.0101457       5.8872852       3.9460129       2.0003693        6.424504     0.028628671      -1.8290711       2.6950298     0.018531171        4.727608     0.048865128       1.0011964                 -30.410594                  1.9914176                 -4.6093701                 -2.0449126                 -3.3350893       1.0244944         1.0101805         1.0552085         1.0011366          1.051783       0.98391816        1.0051593         1.000308        1.0054763        1.0052879   2.1068587e-09      0.28434523      0.73962902      0.72007261       148.00206        8.217037       429.08905        1410.081       72.274259        72.274259        10213.65                 19.488783                 396.72437                      12.875898                         8352.9322                0.1762647              3.1112914                         4.9294809                                 13.330554              1410.081
              1       5180.1041       3.0477832      0.96873629       69.316477     0.022865485      0.11375607     0.041996026      -3.1642473       2.1743034       4.7018629       9.9705471       3.0111067        5.882218       3.9461889       2.0000285       6.4255855     0.028927504       -1.826447       2.6943722     0.019756962       4.7276157     0.049062584       1.0011964                 -30.171018                  2.0252381                 -4.5980024                 -2.0250419                  -3.380297       1.0244944         1.0101805         1.0552085         1.0011366          1.051783       0.98391816        1.0051593         1.000308        1.0054763        1.0052879   2.1068587e-09      0.28434523      0.73962902      0.72007261       148.00206        8.217037       429.08905        1410.081       71.848634        71.848634       10216.511                 19.488783                 396.72437                      12.875898                         8355.7932                0.1762647              3.1112914                         4.9294809                                 13.330554              1410.081
              1       5169.2908       3.0477832      0.96873629       69.316477     0.022865485      0.11375607     0.041996026      -3.1642473       2.1743034       4.7018629       9.9705471       3.0111067        5.882218       3.9461889       2.0000285       6.4255855     0.028927504       -1.826447       2.6943722     0.019756962       4.7276157     0.049062584       1.0011964                 -30.171018                  2.0252381                 -4.5980024                 -2.0250419                  -3.380297       1.0255031         1.0044696         1.0605519         1.0172675         1.0514152        0.9842134         1.004919        1.0015521        1.0067497        1.0043727   2.1068587e-09      0.28434523      0.73962902      0.72007261       148.00206        8.217037       429.08905        1410.081        76.07393         76.07393       10186.434                 19.488783                 396.72437                      12.875898                         8325.7161                0.1762647              3.1112914                         4.9294809                                 13.330554              1410.081
              1       5167.2982       3.0477832      0.96873629       69.316477     0.022865485      0.11375607     0.041996026      -3.1642473       2.1743034       4.7018629       9.9705471       3.0111067        5.882218       3.9461889       2.0000285       6.4255855     0.028927504       -1.826447       2.6943722     0.019756962       4.7276157     0.049062584       1.0003592                 -30.171018                  2.0252381                 -4.5980024                 -2.0250419                  -3.380297       1.0253162         1.0073682         1.0611241         1.0143258         1.0543794       0.98048721        1.0048452        1.0010327        1.0063924        1.0038572   2.1068587e-09      0.28434523      0.73962902      0.72007261       148.00206        8.217037       428.54726        1410.081       74.429723        74.429723       10185.737                 19.524795                 396.72093                      12.301531                          8325.561                0.1762647              3.1112914                         4.9294809                                 13.330554              1410.081
              1        5161.415       3.0477832      0.96873629       69.316477     0.022865485      0.11375607     0.041996026      -3.1447754        2.170043       4.6993192       9.9343626       3.0120081       5.8851656       3.9362786       2.0027393        6.447767     0.050880718      -1.8451053       2.6977867     0.030769345       4.7273377     0.053646664       1.0006396                  -30.04172                  1.9065177                 -4.6377884                 -1.6325774                 -3.3882106       1.0253162         1.0073682         1.0611241         1.0143258         1.0543794       0.98048721        1.0048452        1.0010327        1.0063924        1.0038572   2.1068587e-09      0.28434523      0.73962902      0.72007261       148.00206        8.217037       428.72242        1410.081       73.550789        73.550789       10175.728                 19.512517                 396.72093                      12.488975                         8315.3774                0.1762647              3.1112914                         4.9294809                                 13.330554              1410.081
              1       5153.9922       3.0477832      0.96873629       69.316477     0.022865485      0.11375607     0.041996026      -3.1388694       2.1658195       4.7060968       9.9411857       3.0126275        5.881126       3.9343547       2.0030004       6.4477529     0.051926353      -1.8425681        2.697985     0.030698775       4.7273525     0.052805854       1.0006396                 -30.011091                  1.8800306                 -4.7463956                 -1.6522062                 -3.3838391       1.0253162         1.0073682         1.0611241         1.0143258         1.0543794       0.98048721        1.0048452        1.0010327        1.0063924        1.0038572   2.1068587e-09      0.28434523      0.73962902      0.72007261       148.00206        8.217037       428.72242        1410.081       73.741371        73.741371       10160.502                 19.512517                 396.72093                      12.488975                         8300.1506                0.1762647              3.1112914                         4.9294809                                 13.330554              1410.081
              2        5155.163       3.0477832      0.96873629       69.316477     0.022865485      0.11375607     0.041996026      -3.1388694       2.1658195       4.7060968       9.9411857       3.0126275        5.881126       3.9343547       2.0030004       6.4477529     0.051926353      -1.8425681        2.697985     0.030698775       4.7273525     0.052805854      0.99970421                 -30.011091                  1.8800306                 -4.7463956                 -1.6522062                 -3.3838391       1.0242552        0.99898754          1.059119         1.0107047         1.0552742        0.9790014        1.0054782         1.000836        1.0060345         1.004692   2.1068587e-09      0.28434523      0.73962902      0.72007261       148.00206        8.217037       428.14976        1410.081       72.135333        72.135333       10166.055                 19.554515                 396.71221                      11.883035                          8306.277                0.1762647              3.1112914                         4.9294809                                 13.330554              1410.081
              1       5105.4707       3.0489298      0.96799338       69.248623     0.022908146      0.11558611     0.041745033      -3.1388694       2.1658195       4.7060968       9.9411857       3.0126275        5.881126       3.9343547       2.0030004       6.4477529     0.051926353      -1.8425681        2.697985     0.030698775       4.7273525     0.052805854       1.0000985                 -30.011091                  1.8800306                 -4.7463956                 -1.6522062                 -3.3838391       1.0250415          1.001089         1.0614541         1.0144165         1.0557717       0.98428075        1.0041741       0.99994076         1.006208        1.0039302   2.1092759e-09      0.28880778      0.74708661      0.73301822       147.46201       7.1272007       427.82108       1408.7494       70.921331        70.921331       10069.099                 19.562526                 396.72842                      11.530131                         8212.3077               0.10568633              2.7843081                         4.2372063                                 13.093317             1408.7494
              1       5105.9899       3.0489298      0.96799338       69.248623     0.022908146      0.11558611     0.041745033      -3.1388694       2.1658195       4.7060968       9.9411857       3.0126275        5.881126       3.9343547       2.0030004       6.4477529     0.051926353      -1.8425681        2.697985     0.030698775       4.7273525     0.052805854       1.0000985                 -30.011091                  1.8800306                 -4.7463956                 -1.6522062                 -3.3838391       1.0230837         1.0003739         1.0568768         1.0128524         1.0539577       0.98839907        1.0044029       0.99941413        1.0063674        1.0033328   2.1092759e-09      0.28880778      0.74708661      0.73301822       147.46201       7.1272007       427.82108       1408.7494       65.712308        65.712308       10080.555                 19.562526                 396.72842                      11.530131                         8223.7641               0.10568633              2.7843081                         4.2372063                                 13.093317             1408.7494
              1       5108.6025       3.0489298      0.96799338       69.248623     0.022908146      0.11558611     0.041745033      -3.1388694       2.1658195       4.7060968       9.9411857       3.0126275        5.881126       3.9343547       2.0030004       6.4477529     0.051926353      -1.8425681        2.697985     0.030698775       4.7273525     0.052805854       1.0005474                 -30.011091                  1.8800306                 -4.7463956                 -1.6522062                 -3.3838391       1.0248497         1.0051585          1.053497         1.0058664         1.0483797       0.98431599        1.0045153       0.99921355        1.0061843        1.0037629   2.1092759e-09      0.28880778      0.74708661      0.73301822       147.46201       7.1272007       428.07233       1408.7494       70.908323        70.908323       10075.388                 19.541512                 396.72415                      11.806675                          8218.346               0.10568633              2.7843081                         4.2372063                                 13.093317             1408.7494
              1       5111.8756       3.0489298      0.96799338       69.248623     0.022908146      0.11558611     0.041745033      -3.1388694       2.1658195       4.7060968       9.9411857       3.0126275        5.881126       3.9343547       2.0030004       6.4477529     0.051926353      -1.8425681        2.697985     0.030698775       4.7273525     0.052805854       1.0005474                 -30.011091                  1.8800306                 -4.7463956                 -1.6522062                 -3.3838391       1.0251755         1.0007154         1.0559708        0.99773385         1.0514751       0.98883324        1.0047505       0.99902205        1.0058353        1.0036049   2.1092759e-09      0.28880778      0.74708661      0.73301822       147.46201       7.1272007       428.07233       1408.7494       71.174489        71.174489       10081.402                 19.541512                 396.72415                      11.806675                           8224.36               0.10568633              2.7843081                         4.2372063                                 13.093317             1408.7494
              1        5108.937       3.0489298      0.96799338       69.248623     0.022908146      0.11558611     0.041745033      -3.1388694       2.1658195       4.7060968       9.9411857       3.0126275        5.881126       3.9343547       2.0030004       6.4477529     0.051926353      -1.8425681        2.697985     0.030698775       4.7273525     0.052805854       1.0005474                 -30.011091                  1.8800306                 -4.7463956                 -1.6522062                 -3.3838391       1.0258813         1.0010074         1.0578676        0.99728434         1.0527233       0.98365586        1.0042023       0.99944847        1.0051882        1.0035589   2.1092759e-09      0.28880778      0.74708661      0.73301822       147.46201       7.1272007       428.07233       1408.7494       71.428257        71.428257       10075.017                 19.541512                 396.72415                      11.806675                         8217.9752               0.10568633              2.7843081                         4.2372063                                 13.093317             1408.7494
              1       5107.5424       3.0489298      0.96799338       69.248623     0.022908146      0.11558611     0.041745033      -3.1388694       2.1658195       4.7060968       9.9411857       3.0126275        5.881126       3.9343547       2.0030004       6.4477529     0.051926353      -1.8425681        2.697985     0.030698775       4.7273525     0.052805854       1.0005474                 -30.011091                  1.8800306                 -4.7463956                 -1.6522062                 -3.3838391        1.025649         1.0000541         1.0575826         1.0000372         1.0537993       0.98400637         1.004545       0.99917651        1.0049773        1.0036338   2.1092759e-09      0.28880778      0.74708661      0.73301822       147.46201       7.1272007       428.07233       1408.7494       71.077957        71.077957       10072.929                 19.541512                 396.72415                      11.806675                         8215.8866               0.10568633              2.7843081                         4.2372063                                 13.093317             1408.7494
              1        5107.181       3.0489298      0.96799338       69.248623     0.022908146      0.11558611     0.041745033      -3.1388694       2.1658195       4.7060968       9.9411857       3.0126275        5.881126       3.9343547       2.0030004       6.4477529     0.051926353      -1.8425681        2.697985     0.030698775       4.7273525     0.052805854       1.0005474                 -30.011091                  1.8800306                 -4.7463956                 -1.6522062                 -3.3838391         1.02583        0.99665601         1.0531159         1.0029702         1.0525502       0.98470116        1.0045937       0.99922666         1.004993        1.0036154   2.1092759e-09      0.28880778      0.74708661      0.73301822       147.46201       7.1272007       428.07233       1408.7494       71.620639        71.620639       10071.121                 19.541512                 396.72415                      11.806675                         8214.0784               0.10568633              2.7843081                         4.2372063                                 13.093317             1408.7494
              1       5028.0157       3.0489298      0.96799338       69.248623     0.022908146      0.11558611     0.041745033      -3.2513538       2.1555352       4.6425865       10.036112       3.0426299       5.8894258       3.9585129       2.0044829       6.4834192     0.053365341      -1.8493256       2.6967157      0.02137525       4.7276449     0.021818573       1.0005474                 -28.373274                  1.3125281                 -6.6261062                 -1.4055652                  -3.873761         1.02583        0.99665601         1.0531159         1.0029702         1.0525502       0.98470116        1.0045937       0.99922666         1.004993        1.0036154   2.1092759e-09      0.28880778      0.74708661      0.73301822       147.46201       7.1272007       428.07233       1408.7494       74.557565        74.557565       9906.9163                 19.541512                 396.72415                      11.806675                         8049.8741               0.10568633              2.7843081                         4.2372063                                 13.093317             1408.7494
              1       4887.9714       3.0489298      0.96799338       69.248623     0.022908146      0.11558611     0.041745033      -3.3284988       2.1232853         4.75433        10.04245       3.0542717       5.9208421       3.9676925       2.0251321       6.5960283     0.039155954      -1.7587309       2.6920597    -0.039142824       4.7278142     0.066771174       1.0005474                 -31.256447                  1.2542135                 -6.4986189                -0.67841607                 -4.2604754         1.02583        0.99665601         1.0531159         1.0029702         1.0525502       0.98470116        1.0045937       0.99922666         1.004993        1.0036154   2.1092759e-09      0.28880778      0.74708661      0.73301822       147.46201       7.1272007       428.07233       1408.7494       81.394188        81.394188       9613.1544                 19.541512                 396.72415                      11.806675                         7756.1122               0.10568633              2.7843081                         4.2372063                                 13.093317             1408.7494
              1       4888.0018       3.0489298      0.96799338       69.248623     0.022908146      0.11558611     0.041745033      -3.3284988       2.1232853         4.75433        10.04245       3.0542717       5.9208421       3.9676925       2.0251321       6.5960283     0.039155954      -1.7587309       2.6920597    -0.039142824       4.7278142     0.066771174       1.0005474                 -31.256447                  1.2542135                 -6.4986189                -0.67841607                 -4.2604754       1.0258389        0.99680124         1.0530302         1.0030224         1.0525342        0.9847375        1.0046001       0.99923014        1.0049835        1.0036252   2.1092759e-09      0.28880778      0.74708661      0.73301822       147.46201       7.1272007       428.07233       1408.7494       81.418999        81.418999       9613.1655                 19.541512                 396.72415                      11.806675                         7756.1232               0.10568633              2.7843081                         4.2372063                                 13.093317             1408.7494
              1       4887.5294       3.0489298      0.96799338       69.248623     0.022908146      0.11558611     0.041745033      -3.3284988       2.1232853         4.75433        10.04245       3.0542717       5.9208421       3.9676925       2.0251321       6.5960283     0.039155954      -1.7587309       2.6920597    -0.039142824       4.7278142     0.066771174       1.0005474                 -31.256447                  1.2542135                 -6.4986189                -0.67841607                 -4.2604754       1.0259604        0.99912033         1.0531609         1.0039835         1.0505948       0.98615928         1.004623       0.99904364        1.0052325        1.0035555   2.1092759e-09      0.28880778      0.74708661      0.73301822       147.46201       7.1272007       428.07233       1408.7494       82.076756        82.076756       9610.9053                 19.541512                 396.72415                      11.806675                          7753.863               0.10568633              2.7843081                         4.2372063                                 13.093317             1408.7494
              1       4859.5739       3.0489298      0.96799338       69.248623     0.022908146      0.11558611     0.041745033      -3.3015264       2.1192608       4.7434049       10.050181        3.057969       5.9115838       3.9674206        2.024714       6.5726354     0.044599405      -1.7457516       2.6924703    -0.047234796       4.7277192     0.076831953       1.0005474                 -30.995777                  1.2670908                 -6.4406893                -0.65405572                  -4.337084       1.0258852        0.99933746          1.052393         1.0038223         1.0504576       0.98598806        1.0046504       0.99897725        1.0051859        1.0035561   2.1092759e-09      0.28880778      0.74708661      0.73301822       147.46201       7.1272007       428.07233       1408.7494       81.295194        81.295194       9556.5573                 19.541512                 396.72415                      11.806675                         7699.5151               0.10568633              2.7843081                         4.2372063                                 13.093317             1408.7494
              1       4838.2873       3.0489298      0.96799338       69.248623     0.022908146      0.11558611     0.041745033      -3.3583972       2.1929424        4.742829       10.039491       3.0480555       5.8894686       3.9109432        2.022023       6.5347482      0.03810079        -1.63298       2.6911548    -0.051932249       4.7284032     0.095786015       1.0004055                  -30.74759                  2.1783658                 -7.1372654                 -0.3795768                  -4.739524       1.0258852        0.99933746          1.052393         1.0038223         1.0504576       0.98598806        1.0046504       0.99897725        1.0051859        1.0035561   2.1092759e-09      0.28880778      0.74708661      0.73301822       147.46201       7.1272007       427.98663       1408.7494       86.472205        86.472205       9503.6302                 19.548083                 396.72068                      11.717868                         7646.6736               0.10568633              2.7843081                         4.2372063                                 13.093317             1408.7494
              1       4814.9542       3.0489298      0.96799338       69.248623     0.022908146      0.11558611     0.041745033      -3.2956292       2.1499596       4.6857593       10.079737       3.0407765       5.7501517       3.9087283       2.0266747       6.4191103     0.083083703      -1.6324876       2.6875466    -0.081427089        4.728256     0.074375711       1.0004055                 -29.871388                  1.6220476                 -7.6013502                -0.41378504                 -4.8137582       1.0261486        0.99887968         1.0505111         1.0020861         1.0495268        0.9811044        1.0044023       0.99925843        1.0048887        1.0039898   2.1092759e-09      0.28880778      0.74708661      0.73301822       147.46201       7.1272007       427.98663       1408.7494       86.250103        86.250103       9457.4082                 19.548083                 396.72068                      11.717868                         7600.4516               0.10568633              2.7843081                         4.2372063                                 13.093317             1408.7494
              1       4815.2289       3.0489298      0.96799338       69.248623     0.022908146      0.11558611     0.041745033      -3.2956292       2.1499596       4.6857593       10.079737       3.0407765       5.7501517       3.9087283       2.0266747       6.4191103     0.083083703      -1.6324876       2.6875466    -0.081427089        4.728256     0.074375711       1.0004055                 -29.871388                  1.6220476                 -7.6013502                -0.41378504                 -4.8137582       1.0261588        0.99887032         1.0504887         1.0019851         1.0499504       0.98097951        1.0044241       0.99925654         1.004914         1.004008   2.1092759e-09      0.28880778      0.74708661      0.73301822       147.46201       7.1272007       427.98663       1408.7494       86.382602        86.382602       9457.6926                 19.548083                 396.72068                      11.717868                          7600.736               0.10568633              2.7843081                         4.2372063                                 13.093317             1408.7494
              2       4801.4391       3.0489298      0.96799338       69.248623     0.022908146      0.11558611     0.041745033      -3.2956292       2.1499596       4.6857593       10.079737       3.0407765       5.7501517       3.9087283       2.0266747       6.4191103     0.083083703      -1.6324876       2.6875466    -0.081427089        4.728256     0.074375711       1.0004055                 -29.871388                  1.6220476                 -7.6013502                -0.41378504                 -4.8137582       1.0241981         1.0002832         1.0540476          1.012696         1.0478599       0.98101349        1.0059416       0.99937833        1.0059716        1.0035288   2.1092759e-09      0.28880778      0.74708661      0.73301822       147.46201       7.1272007       427.98663       1408.7494       85.408198        85.408198       9432.0617                 19.548083                 396.72068                      11.717868                         7575.1051               0.10568633              2.7843081                         4.2372063                                 13.093317             1408.7494
              1        4675.955       3.0489298      0.96799338       69.248623     0.022908146      0.11558611     0.041745033      -3.2022325       2.1980023         4.82791       9.7910274       3.0644793       5.6944543       3.8012383       2.0324169       6.2372059     0.053921518      -1.3451985       2.6747084    -0.049611083       4.7266587     0.053474926       1.0004055                  -27.57568                  1.5404333                  -7.428687               -0.020535315                 -5.3739684       1.0241981         1.0002832         1.0540476          1.012696         1.0478599       0.98101349        1.0059416       0.99937833        1.0059716        1.0035288   2.1092759e-09      0.28880778      0.74708661      0.73301822       147.46201       7.1272007       427.98663       1408.7494       81.722399        81.722399       9188.4651                 19.548083                 396.72068                      11.717868                         7331.5085               0.10568633              2.7843081                         4.2372063                                 13.093317             1408.7494
              1       4641.2536       3.0489298      0.96799338       69.248623     0.022908146      0.11558611     0.041745033      -3.2563592       2.1921883       4.8335739       9.7594607       3.0507175        5.644711       3.8209216       2.0345377       6.1646269      0.05009877      -1.3281078       2.6728635    -0.047960011       4.7267029     0.054379818       1.0004055                 -28.469235                  1.7252696                 -7.2249201                -0.11003441                 -5.4468039       1.0241981         1.0002832         1.0540476          1.012696         1.0478599       0.98101349        1.0059416       0.99937833        1.0059716        1.0035288   2.1092759e-09      0.28880778      0.74708661      0.73301822       147.46201       7.1272007       427.98663       1408.7494       83.402603        83.402603        9115.702                 19.548083                 396.72068                      11.717868                         7258.7454               0.10568633              2.7843081                         4.2372063                                 13.093317             1408.7494
              1       4641.0782       3.0489298      0.96799338       69.248623     0.022908146      0.11558611     0.041745033      -3.2563592       2.1921883       4.8335739       9.7594607       3.0507175        5.644711       3.8209216       2.0345377       6.1646269      0.05009877      -1.3281078       2.6728635    -0.047960011       4.7267029     0.054379818      0.99980165                 -28.469235                  1.7252696                 -7.2249201                -0.11003441                 -5.4468039       1.0241981         1.0002832         1.0540476          1.012696         1.0478599       0.98101349        1.0059416       0.99937833        1.0059716        1.0035288   2.1092759e-09      0.28880778      0.74708661      0.73301822       147.46201       7.1272007        427.6559       1408.7494       83.392599        83.392599       9115.3713                 19.576782                 396.72486                      11.354259                         7258.7454               0.10568633              2.7843081                         4.2372063                                 13.093317             1408.7494
              1       4641.1997       3.0489298      0.96799338       69.248623     0.022908146      0.11558611     0.041745033      -3.2563592       2.1921883       4.8335739       9.7594607       3.0507175        5.644711       3.8209216       2.0345377       6.1646269      0.05009877      -1.3281078       2.6728635    -0.047960011       4.7267029     0.054379818       1.0002334                 -28.469235                  1.7252696                 -7.2249201                -0.11003441                 -5.4468039       1.0241981         1.0002832         1.0540476          1.012696         1.0478599       0.98101349        1.0059416       0.99937833        1.0059716        1.0035288   2.1092759e-09      0.28880778      0.74708661      0.73301822       147.46201       7.1272007       427.89649       1408.7494        83.39381         83.39381       9115.6119                 19.556139                 396.72842                       11.61193                         7258.7454               0.10568633              2.7843081                         4.2372063                                 13.093317             1408.7494
              1       4622.1975       3.0489298      0.96799338       69.248623     0.022908146      0.11558611     0.041745033      -3.2389367        2.194595       4.8366442        9.765125       3.0483616        5.652251       3.8236813       2.0339961       6.1649706      0.04617985      -1.3168566       2.6731464    -0.051567457       4.7265873     0.051744217       1.0002334                 -28.659686                  1.6993887                 -7.2751324                -0.10574711                 -5.4324007       1.0241926         1.0002664         1.0539794         1.0126817         1.0478745        0.9809777        1.0059529       0.99937337        1.0059532        1.0035339   2.1092759e-09      0.28880778      0.74708661      0.73301822       147.46201       7.1272007       427.89649       1408.7494       83.905037        83.905037       9076.5849                 19.556139                 396.72842                       11.61193                         7219.7184               0.10568633              2.7843081                         4.2372063                                 13.093317             1408.7494
              1       4621.9479       3.0489298      0.96799338       69.248623     0.022908146      0.11558611     0.041745033      -3.2389367        2.194595       4.8366442        9.765125       3.0483616        5.652251       3.8236813       2.0339961       6.1649706      0.04617985      -1.3168566       2.6731464    -0.051567457       4.7265873     0.051744217      0.99886807                 -28.659686                  1.6993887                 -7.2751324                -0.10574711                 -5.4324007       1.0241926         1.0002664         1.0539794         1.0126817         1.0478745        0.9809777        1.0059529       0.99937337        1.0059532        1.0035339   2.1092759e-09      0.28880778      0.74708661      0.73301822       147.46201       7.1272007       427.20115       1408.7494        84.00318         84.00318       9075.8895                 19.623274                 396.74061                      10.837261                         7219.7184               0.10568633              2.7843081                         4.2372063                                 13.093317             1408.7494
              1       4620.9478       3.0489298      0.96799338       69.248623     0.022908146      0.11558611     0.041745033      -3.2354664       2.1953311        4.826949       9.7679775       3.0477554       5.6514893       3.8230045       2.0340187       6.1572006     0.049795903      -1.3123955       2.6726787    -0.047197658       4.7266133     0.047874587        0.999411                 -28.651303                  1.7404568                 -7.2661789                -0.05227644                 -5.4567799       1.0241926         1.0002664         1.0539794         1.0126817         1.0478745        0.9809777        1.0059529       0.99937337        1.0059532        1.0035339   2.1092759e-09      0.28880778      0.74708661      0.73301822       147.46201       7.1272007       427.44681       1408.7494       84.048775        84.048775        9073.798                 19.595944                 396.71964                      11.131225                         7217.3813               0.10568633              2.7843081                         4.2372063                                 13.093317             1408.7494
              1       4620.6165       3.0489298      0.96799338       69.248623     0.022908146      0.11558611     0.041745033       -3.253269       2.2386607       4.6099507       9.7632154       3.0570542       5.7625426       3.8617774       2.0354862       6.1838244     0.038624238      -1.2485504       2.6774818    -0.085171985       4.7262629      0.02619386        0.999411                  -29.53909                  1.3764459                 -7.2824517                 0.11301924                 -4.9844164       1.0243669        0.99983856          1.056223         1.0093873         1.0462787       0.97591415        1.0054161       0.99921778        1.0057033        1.0035787   2.1092759e-09      0.28880778      0.74708661      0.73301822       147.46201       7.1272007       427.44681       1408.7494       83.039606        83.039606       9075.1538                 19.595944                 396.71964                      11.131225                         7218.7371               0.10568633              2.7843081                         4.2372063                                 13.093317             1408.7494
              1        4617.261       3.0489298      0.96799338       69.248623     0.022908146      0.11558611     0.041745033      -3.2367003       2.2258626       4.5964739       9.7574347       3.0602896       5.7858976       3.8541899        2.033767       6.1626998     0.035333798      -1.2518059       2.6763397    -0.089696372       4.7261878      0.01577175        0.999411                 -29.547141                  1.2853627                 -7.1812781              -0.0045581113                 -5.0433415       1.0243669        0.99983856          1.056223         1.0093873         1.0462787       0.97591415        1.0054161       0.99921778        1.0057033        1.0035787   2.1092759e-09      0.28880778      0.74708661      0.73301822       147.46201       7.1272007       427.44681       1408.7494       82.743533        82.743533       9069.0349                 19.595944                 396.71964                      11.131225                         7212.6181               0.10568633              2.7843081                         4.2372063                                 13.093317             1408.7494
              2       4616.2641       3.0489298      0.96799338       69.248623     0.022908146      0.11558611     0.041745033      -3.2367003       2.2258626       4.5964739       9.7574347       3.0602896       5.7858976       3.8541899        2.033767       6.1626998     0.035333798      -1.2518059       2.6763397    -0.089696372       4.7261878      0.01577175        0.999411                 -29.547141                  1.2853627                 -7.1812781              -0.0045581113                 -5.0433415       1.0242376        0.99901168          1.057704         1.0098186         1.0503323       0.97707538         1.005595       0.99905573        1.0058447        1.0035136   2.1092759e-09      0.28880778      0.74708661      0.73301822       147.46201       7.1272007       427.44681       1408.7494       82.864483        82.864483       9066.7992                 19.595944                 396.71964                      11.131225                         7210.3824               0.10568633              2.7843081                         4.2372063                                 13.093317             1408.7494
              1       4600.4042       3.0489298      0.96799338       69.248623     0.022908146      0.11558611     0.041745033      -3.2286324       2.2240443        4.604073       9.7590263       3.0598956       5.7960892        3.855221       2.0346256       6.1584308     0.035586895      -1.2573655       2.6765968    -0.090393586       4.7261617     0.013174593        0.999411                 -29.566857                  1.2785144                 -7.1572777                0.057028759                 -5.0524452       1.0230839        0.99544335         1.0602307         1.0138232         1.0528121       0.97935629        1.0053247       0.99954213        1.0032468        1.0023856   2.1092759e-09      0.28880778      0.74708661      0.73301822       147.46201       7.1272007       427.44681       1408.7494       74.626809        74.626809       9051.5548                 19.595944                 396.71964                      11.131225                         7195.1381               0.10568633              2.7843081                         4.2372063                                 13.093317             1408.7494
              1       4600.3633       3.0489298      0.96799338       69.248623     0.022908146      0.11558611     0.041745033      -3.2286324       2.2240443        4.604073       9.7590263       3.0598956       5.7960892        3.855221       2.0346256       6.1584308     0.035586895      -1.2573655       2.6765968    -0.090393586       4.7261617     0.013174593      0.99897687                 -29.566857                  1.2785144                 -7.1572777                0.057028759                 -5.0524452       1.0230839        0.99544335         1.0602307         1.0138232         1.0528121       0.97935629        1.0053247       0.99954213        1.0032468        1.0023856   2.1092759e-09      0.28880778      0.74708661      0.73301822       147.46201       7.1272007       427.25302       1408.7494       74.682799        74.682799       9051.3611                 19.617733                 396.74061                      10.894676                         7195.1381               0.10568633              2.7843081                         4.2372063                                 13.093317             1408.7494
              1        4593.221       3.0489298      0.96799338       69.248623     0.022908146      0.11558611     0.041745033      -3.2286324       2.2240443        4.604073       9.7590263       3.0598956       5.7960892        3.855221       2.0346256       6.1584308     0.035586895      -1.2573655       2.6765968    -0.090393586       4.7261617     0.013174593      0.99897687                 -29.566857                  1.2785144                 -7.1572777                0.057028759                 -5.0524452       1.0207442        0.99868378         1.0548814          1.026724         1.0527297        0.9839904        1.0036109        1.0007361         1.002677        1.0016748   2.1092759e-09      0.28880778      0.74708661      0.73301822       147.46201       7.1272007       427.25302       1408.7494       64.762291        64.762291       9056.9173                 19.617733                 396.74061                      10.894676                         7200.6944               0.10568633              2.7843081                         4.2372063                                 13.093317             1408.7494
              1       4586.3496       3.0489298      0.96799338       69.248623     0.022908146      0.11558611     0.041745033      -3.2286324       2.2240443        4.604073       9.7590263       3.0598956       5.7960892        3.855221       2.0346256       6.1584308     0.035586895      -1.2573655       2.6765968    -0.090393586       4.7261617     0.013174593      0.99897687                 -29.566857                  1.2785144                 -7.1572777                0.057028759                 -5.0524452       1.0197181         1.0059758         1.0592092         1.0197932          1.057593       0.98843933        1.0044258        1.0009224        1.0024435        1.0007443   2.1092759e-09      0.28880778      0.74708661      0.73301822       147.46201       7.1272007       427.25302       1408.7494       63.030785        63.030785       9046.6377                 19.617733                 396.74061                      10.894676                         7190.4147               0.10568633              2.7843081                         4.2372063                                 13.093317             1408.7494
              1       4583.6061       3.0489298      0.96799338       69.248623     0.022908146      0.11558611     0.041745033      -3.2286324       2.2240443        4.604073       9.7590263       3.0598956       5.7960892        3.855221       2.0346256       6.1584308     0.035586895      -1.2573655       2.6765968    -0.090393586       4.7261617     0.013174593      0.99897687                 -29.566857                  1.2785144                 -7.1572777                0.057028759                 -5.0524452       1.0198678          1.002835         1.0586407         1.0179333         1.0609911       0.98651403        1.0044645        1.0007698        1.0025181        1.0009151   2.1092759e-09      0.28880778      0.74708661      0.73301822       147.46201       7.1272007       427.25302       1408.7494       63.619359        63.619359       9039.9735                 19.617733                 396.74061                      10.894676                         7183.7506               0.10568633              2.7843081                         4.2372063                                 13.093317             1408.7494
              3       4582.8747       3.0489298      0.96799338       69.248623     0.022908146      0.11558611     0.041745033      -3.2286324       2.2240443        4.604073       9.7590263       3.0598956       5.7960892        3.855221       2.0346256       6.1584308     0.035586895      -1.2573655       2.6765968    -0.090393586       4.7261617     0.013174593       1.0005213                 -29.566857                  1.2785144                 -7.1572777                0.057028759                 -5.0524452       1.0198607         1.0025838         1.0584928         1.0166299         1.0576586       0.98636934        1.0045724        1.0005178        1.0025143        1.0011236   2.1092759e-09      0.28880778      0.74708661      0.73301822       147.46201       7.1272007       428.05708       1408.7494        63.73707         63.73707       9038.2753                 19.542718                 396.72415                       11.79021                         7181.2483               0.10568633              2.7843081                         4.2372063                                 13.093317             1408.7494
              2       4582.4317       3.0489298      0.96799338       69.248623     0.022908146      0.11558611     0.041745033      -3.2286324       2.2240443        4.604073       9.7590263       3.0598956       5.7960892        3.855221       2.0346256       6.1584308     0.035586895      -1.2573655       2.6765968    -0.090393586       4.7261617     0.013174593       1.0005213                 -29.566857                  1.2785144                 -7.1572777                0.057028759                 -5.0524452       1.0198774         1.0045022         1.0565215         1.0131883          1.056691       0.98747548        1.0046787        1.0005646        1.0027867        1.0013244   2.1092759e-09      0.28880778      0.74708661      0.73301822       147.46201       7.1272007       428.05708       1408.7494       64.152254        64.152254       9036.5589                 19.542718                 396.72415                       11.79021                         7179.5319               0.10568633              2.7843081                         4.2372063                                 13.093317             1408.7494
              2       4582.4414       3.0489298      0.96799338       69.248623     0.022908146      0.11558611     0.041745033      -3.2286324       2.2240443        4.604073       9.7590263       3.0598956       5.7960892        3.855221       2.0346256       6.1584308     0.035586895      -1.2573655       2.6765968    -0.090393586       4.7261617     0.013174593       1.0005468                 -29.566857                  1.2785144                 -7.1572777                0.057028759                 -5.0524452       1.0198774         1.0045022         1.0565215         1.0131883          1.056691       0.98747548        1.0046787        1.0005646        1.0027867        1.0013244   2.1092759e-09      0.28880778      0.74708661      0.73301822       147.46201       7.1272007       428.07196       1408.7494       64.154436        64.154436       9036.5738                 19.541541                 396.72415                      11.806276                         7179.5319               0.10568633              2.7843081                         4.2372063                                 13.093317             1408.7494
              1       4579.9851       3.0489298      0.96799338       69.248623     0.022908146      0.11558611     0.041745033      -3.2286324       2.2240443        4.604073       9.7590263       3.0598956       5.7960892        3.855221       2.0346256       6.1584308     0.035586895      -1.2573655       2.6765968    -0.090393586       4.7261617     0.013174593       1.0005468                 -29.566857                  1.2785144                 -7.1572777                0.057028759                 -5.0524452        1.020615         1.0057449         1.0555258         1.0123094         1.0595668       0.98764692        1.0037162        1.0009905        1.0030498        1.0017079   2.1092759e-09      0.28880778      0.74708661      0.73301822       147.46201       7.1272007       428.07196       1408.7494       64.643724        64.643724       9030.6827                 19.541541                 396.72415                      11.806276                         7173.6408               0.10568633              2.7843081                         4.2372063                                 13.093317             1408.7494
              1       4578.9998       3.0489298      0.96799338       69.248623     0.022908146      0.11558611     0.041745033      -3.2286324       2.2240443        4.604073       9.7590263       3.0598956       5.7960892        3.855221       2.0346256       6.1584308     0.035586895      -1.2573655       2.6765968    -0.090393586       4.7261617     0.013174593       1.0005468                 -29.566857                  1.2785144                 -7.1572777                0.057028759                 -5.0524452       1.0205157         1.0055684           1.05454          1.014104         1.0579098       0.98777543         1.003774        1.0010267        1.0031954        1.0019426   2.1092759e-09      0.28880778      0.74708661      0.73301822       147.46201       7.1272007       428.07196       1408.7494       64.715864        64.715864       9028.5678                 19.541541                 396.72415                      11.806276                         7171.5259               0.10568633              2.7843081                         4.2372063                                 13.093317             1408.7494
              1       4579.0218       3.0489298      0.96799338       69.248623     0.022908146      0.11558611     0.041745033      -3.2286324       2.2240443        4.604073       9.7590263       3.0598956       5.7960892        3.855221       2.0346256       6.1584308     0.035586895      -1.2573655       2.6765968    -0.090393586       4.7261617     0.013174593       1.0005468                 -29.566857                  1.2785144                 -7.1572777                0.057028759                 -5.0524452       1.0205136         1.0055908         1.0545724         1.0140672         1.0579239        0.9877916        1.0037762        1.0010306        1.0031984        1.0019375   2.1092759e-09      0.28880778      0.74708661      0.73301822       147.46201       7.1272007       428.07196       1408.7494       64.715266        64.715266        9028.613                 19.541541                 396.72415                      11.806276                         7171.5711               0.10568633              2.7843081                         4.2372063                                 13.093317             1408.7494
              1       4580.7474       3.0489298      0.96799338       69.248623     0.022908146      0.11558611     0.041745033      -3.2286324       2.2240443        4.604073       9.7590263       3.0598956       5.7960892        3.855221       2.0346256       6.1584308     0.035586895      -1.2573655       2.6765968    -0.090393586       4.7261617     0.013174593       1.0000254                 -29.566857                  1.2785144                 -7.1572777                0.057028759                 -5.0524452       1.0203904         1.0073282         1.0552487         1.0171216         1.0577084       0.98868646         1.003822        1.0009776        1.0032217         1.001875   2.1092759e-09      0.28880778      0.74708661      0.73301822       147.46201       7.1272007       427.78077       1408.7494       64.406221        64.406221       9032.6824                 19.566008                 396.72842                      11.486335                         7175.9317               0.10568633              2.7843081                         4.2372063                                 13.093317             1408.7494
              1       4579.7655       3.0489298      0.96799338       69.248623     0.022908146      0.11558611     0.041745033      -3.2286324       2.2240443        4.604073       9.7590263       3.0598956       5.7960892        3.855221       2.0346256       6.1584308     0.035586895      -1.2573655       2.6765968    -0.090393586       4.7261617     0.013174593      0.99954299                 -29.566857                  1.2785144                 -7.1572777                0.057028759                 -5.0524452       1.0202145         1.0053413         1.0567074         1.0178464         1.0554131       0.98816813         1.003693        1.0011449        1.0031106        1.0018532   2.1092759e-09      0.28880778      0.74708661      0.73301822       147.46201       7.1272007       427.52743       1408.7494       63.801037        63.801037       9031.9289                 19.589421                  396.7325                      11.205507                         7175.4316               0.10568633              2.7843081                         4.2372063                                 13.093317             1408.7494
              1       4576.7993       3.0489298      0.96799338       69.248623     0.022908146      0.11558611     0.041745033      -3.2286324       2.2240443        4.604073       9.7590263       3.0598956       5.7960892        3.855221       2.0346256       6.1584308     0.035586895      -1.2573655       2.6765968    -0.090393586       4.7261617     0.013174593      0.99954299                 -29.566857                  1.2785144                 -7.1572777                0.057028759                 -5.0524452         1.02051         1.0040032         1.0563225         1.0176119         1.0582898       0.98336179          1.00341        1.0011989        1.0031298        1.0017834   2.1092759e-09      0.28880778      0.74708661      0.73301822       147.46201       7.1272007       427.52743       1408.7494       64.494165        64.494165       9024.6103                 19.589421                  396.7325                      11.205507                         7168.1129               0.10568633              2.7843081                         4.2372063                                 13.093317             1408.7494
              2       4578.3807       3.0489298      0.96799338       69.248623     0.022908146      0.11558611     0.041745033       -3.227581       2.2244564       4.6025985       9.7594808       3.0599533        5.796227       3.8555082       2.0346263       6.1594763     0.036356491      -1.2570594       2.6766396    -0.090594048       4.7261649     0.013974085      0.99954299                 -29.558968                  1.2793274                 -7.1558677                0.051602827                 -5.0585795         1.02051         1.0040032         1.0563225         1.0176119         1.0582898       0.98336179          1.00341        1.0011989        1.0031298        1.0017834   2.1092759e-09      0.28880778      0.74708661      0.73301822       147.46201       7.1272007       427.52743       1408.7494       64.496664        64.496664        9027.768                 19.589421                  396.7325                      11.205507                         7171.2706               0.10568633              2.7843081                         4.2372063                                 13.093317             1408.7494
              2       4578.7998       3.0489298      0.96799338       69.248623     0.022908146      0.11558611     0.041745033       -3.227581       2.2244564       4.6025985       9.7594808       3.0599533        5.796227       3.8555082       2.0346263       6.1594763     0.036356491      -1.2570594       2.6766396    -0.090594048       4.7261649     0.013974085      0.99954299                 -29.558968                  1.2793274                 -7.1558677                0.051602827                 -5.0585795        1.019757         1.0035911         1.0588975            1.0159         1.0598751       0.98457519        1.0038632        1.0007367        1.0026225        1.0018412   2.1092759e-09      0.28880778      0.74708661      0.73301822       147.46201       7.1272007       427.52743       1408.7494       62.796856        62.796856       9032.0058                 19.589421                  396.7325                      11.205507                         7175.5085               0.10568633              2.7843081                         4.2372063                                 13.093317             1408.7494
              2       4554.5127       3.0489298      0.96799338       69.248623     0.022908146      0.11558611     0.041745033      -3.2180656         2.22165       4.5742745       9.7884854       3.0577145       5.7383008       3.8567787       2.0368252       6.1914531     0.025574074      -1.2549416       2.6786539     -0.10978801       4.7261935     0.015080721      0.99954299                 -29.672746                  1.3104942                 -7.1806684                 0.42295595                 -5.0906468        1.019739          1.003277         1.0588217         1.0162868         1.0602277       0.98420191         1.003856        1.0007248        1.0026503        1.0018068   2.1092759e-09      0.28880778      0.74708661      0.73301822       147.46201       7.1272007       427.52743       1408.7494       63.391802        63.391802       8982.2419                 19.589421                  396.7325                      11.205507                         7125.7445               0.10568633              2.7843081                         4.2372063                                 13.093317             1408.7494
              1       4555.6832       3.0489298      0.96799338       69.248623     0.022908146      0.11558611     0.041745033      -3.2180656         2.22165       4.5742745       9.7884854       3.0577145       5.7383008       3.8567787       2.0368252       6.1914531     0.025574074      -1.2549416       2.6786539     -0.10978801       4.7261935     0.015080721       1.0022088                 -29.672746                  1.3104942                 -7.1806684                 0.42295595                 -5.0906468        1.019739          1.003277         1.0588217         1.0162868         1.0602277       0.98420191         1.003856        1.0007248        1.0026503        1.0018068   2.1092759e-09      0.28880778      0.74708661      0.73301822       147.46201       7.1272007        429.1212       1408.7494       63.765393        63.765393       8983.8357                 19.469392                 396.71268                      12.939125                         7125.7445               0.10568633              2.7843081                         4.2372063                                 13.093317             1408.7494
              1       4555.2637       3.0489298      0.96799338       69.248623     0.022908146      0.11558611     0.041745033      -3.2035307       2.2364335       4.5640529       9.7952295       3.0557599       5.7519642       3.8486258       2.0391788       6.2312689     0.022670683      -1.2386233       2.6787624     -0.10781946       4.7263247     0.020151924       1.0018987                 -29.684195                  1.2999073                 -7.1735976                 0.30165243                 -5.1167554       1.0198862           1.00581         1.0555289         1.0166545         1.0613243       0.98508152        1.0038543        1.0008584        1.0027355        1.0016604   2.1092759e-09      0.28880778      0.74708661      0.73301822       147.46201       7.1272007        428.9097       1408.7494        64.02008         64.02008       8982.4873                 19.482242                 396.71268                      12.714771                         7124.6076               0.10568633              2.7843081                         4.2372063                                 13.093317             1408.7494
              1       4549.6376       3.0489298      0.96799338       69.248623     0.022908146      0.11558611     0.041745033      -3.2314114       2.2422214       4.5624021       9.7864161       3.0609658       5.6975303       3.8349677       2.0378543       6.2376787     0.027940096       -1.249181       2.6785761    -0.087162083       4.7262548     0.025206705       1.0018987                 -29.343162                  1.2483093                 -7.2922761                 0.39414146                 -5.0828593       1.0198862           1.00581         1.0555289         1.0166545         1.0613243       0.98508152        1.0038543        1.0008584        1.0027355        1.0016604   2.1092759e-09      0.28880778      0.74708661      0.73301822       147.46201       7.1272007        428.9097       1408.7494       63.565115        63.565115       8972.1451                 19.482242                 396.71268                      12.714771                         7114.2654               0.10568633              2.7843081                         4.2372063                                 13.093317             1408.7494
              1        4549.454       3.0489298      0.96799338       69.248623     0.022908146      0.11558611     0.041745033      -3.2314114       2.2422214       4.5624021       9.7864161       3.0609658       5.6975303       3.8349677       2.0378543       6.2376787     0.027940096       -1.249181       2.6785761    -0.087162083       4.7262548     0.025206705       1.0015935                 -29.343162                  1.2483093                 -7.2922761                 0.39414146                 -5.0828593       1.0198862           1.00581         1.0555289         1.0166545         1.0613243       0.98508152        1.0038543        1.0008584        1.0027355        1.0016604   2.1092759e-09      0.28880778      0.74708661      0.73301822       147.46201       7.1272007       428.71296       1408.7494       63.479848        63.479848       8971.9483                  19.49516                 396.71805                      12.499757                         7114.2654               0.10568633              2.7843081                         4.2372063                                 13.093317             1408.7494
              1       4534.6029       3.0489298      0.96799338       69.248623     0.022908146      0.11558611     0.041745033      -3.2401873       2.2242562       4.5539345       9.7703516       3.0887764       5.6107899       3.8292689       2.0392036       6.1917059     0.011151724      -1.2606898       2.6768515    -0.073024127       4.7259194     0.013523687       1.0015935                 -30.484482                  1.3240291                 -7.3604874                 0.52944872                 -4.9609586       1.0198216         1.0055154         1.0547638         1.0151842         1.0596312       0.98481586        1.0041041        1.0009393        1.0027454        1.0013733   2.1092759e-09      0.28880778      0.74708661      0.73301822       147.46201       7.1272007       428.71296       1408.7494       66.265231        66.265231       8936.6753                  19.49516                 396.71805                      12.499757                         7078.9924               0.10568633              2.7843081                         4.2372063                                 13.093317             1408.7494
              2       4525.9904       3.0489298      0.96799338       69.248623     0.022908146      0.11558611     0.041745033       -3.219738       2.2564213        4.528806       9.7673213        3.091754       5.5783683       3.8173826       2.0407953        6.178532      0.01019937      -1.2468159       2.6776418    -0.090877037       4.7259333    0.0032816616       1.0005933                 -30.493248                  1.1525064                 -7.3951251                 0.56910812                 -5.1532225       1.0197706         1.0024074         1.0565602         1.0156036         1.0575308       0.98467125        1.0040277        1.0009043        1.0026375        1.0013861   2.1092759e-09      0.28880778      0.74708661      0.73301822       147.46201       7.1272007       428.09922       1408.7494       66.553138        66.553138       8918.8744                 19.539401                 396.72415                       11.83567                         7061.8053               0.10568633              2.7843081                         4.2372063                                 13.093317             1408.7494
              1       4525.6132       3.0489298      0.96799338       69.248623     0.022908146      0.11558611     0.041745033       -3.219738       2.2564213        4.528806       9.7673213        3.091754       5.5783683       3.8173826       2.0407953        6.178532      0.01019937      -1.2468159       2.6776418    -0.090877037       4.7259333    0.0032816616       1.0005933                 -30.493248                  1.1525064                 -7.3951251                 0.56910812                 -5.1532225       1.0193507         1.0077289         1.0539064         1.0120633         1.0561574       0.98435377        1.0040939        1.0007366        1.0031197        1.0014152   2.1092759e-09      0.28880778      0.74708661      0.73301822       147.46201       7.1272007       428.09922       1408.7494       66.175947        66.175947       8918.8746                 19.539401                 396.72415                       11.83567                         7061.8054               0.10568633              2.7843081                         4.2372063                                 13.093317             1408.7494
              1       4518.0128       3.0489298      0.96799338       69.248623     0.022908146      0.11558611     0.041745033      -3.2195929       2.2566072       4.5299646       9.7669435       3.0917927       5.5776833       3.8174577       2.0407055       6.1786552     0.010499303      -1.2460507       2.6776334    -0.091114306       4.7259306     0.003307813       1.0005933                 -30.483665                  1.1553871                  -7.402179                 0.57136174                  -5.153151       1.0190895         1.0046875         1.0564151         1.0140775         1.0575382       0.98128071        1.0041287        1.0006206        1.0029164        1.0013112   2.1092759e-09      0.28880778      0.74708661      0.73301822       147.46201       7.1272007       428.09922       1408.7494       65.764985        65.764985       8904.4957                 19.539401                 396.72415                       11.83567                         7047.4265               0.10568633              2.7843081                         4.2372063                                 13.093317             1408.7494
              1       4508.7165       3.0489298      0.96799338       69.248623     0.022908146      0.11558611     0.041745033      -3.2530453       2.2516241       4.5551279       9.8318769       3.0955461        5.575709       3.8092279       2.0450245       6.0683392    0.0078901221      -1.2415977        2.680307    -0.080879778       4.7260103     0.022619748         1.00104                 -29.610339                  1.0604925                 -7.7661541                 0.75103337                  -4.991795       1.0190895         1.0046875         1.0564151         1.0140775         1.0575382       0.98128071        1.0041287        1.0006206        1.0029164        1.0013112   2.1092759e-09      0.28880778      0.74708661      0.73301822       147.46201       7.1272007       428.36798       1408.7494       64.732936        64.732936        8887.967                 19.519251                 396.72415                      12.124582                         7030.6291               0.10568633              2.7843081                         4.2372063                                 13.093317             1408.7494
              1         4508.24       3.0489298      0.96799338       69.248623     0.022908146      0.11558611     0.041745033      -3.2530453       2.2516241       4.5551279       9.8318769       3.0955461        5.575709       3.8092279       2.0450245       6.0683392    0.0078901221      -1.2415977        2.680307    -0.080879778       4.7260103     0.022619748      0.99962293                 -29.610339                  1.0604925                 -7.7661541                 0.75103337                  -4.991795       1.0190895         1.0046875         1.0564151         1.0140775         1.0575382       0.98128071        1.0041287        1.0006206        1.0029164        1.0013112   2.1092759e-09      0.28880778      0.74708661      0.73301822       147.46201       7.1272007        427.5653       1408.7494       64.657777        64.657777       8887.1644                 19.585494                 396.72878                      11.251029                         7030.6291               0.10568633              2.7843081                         4.2372063                                 13.093317             1408.7494
              1       4508.3917       3.0489298      0.96799338       69.248623     0.022908146      0.11558611     0.041745033      -3.2530453       2.2516241       4.5551279       9.8318769       3.0955461        5.575709       3.8092279       2.0450245       6.0683392    0.0078901221      -1.2415977        2.680307    -0.080879778       4.7260103     0.022619748      0.99962293                 -29.610339                  1.0604925                 -7.7661541                 0.75103337                  -4.991795       1.0192235         1.0039367          1.056597         1.0145311         1.0581215       0.98203534        1.0042313        1.0006488        1.0029016        1.0013835   2.1092759e-09      0.28880778      0.74708661      0.73301822       147.46201       7.1272007        427.5653       1408.7494       65.036699        65.036699       8886.7101                 19.585494                 396.72878                      11.251029                         7030.1749               0.10568633              2.7843081                         4.2372063                                 13.093317             1408.7494
              1       4508.3646       3.0489298      0.96799338       69.248623     0.022908146      0.11558611     0.041745033      -3.2530453       2.2516241       4.5551279       9.8318769       3.0955461        5.575709       3.8092279       2.0450245       6.0683392    0.0078901221      -1.2415977        2.680307    -0.080879778       4.7260103     0.022619748       0.9999358                 -29.610339                  1.0604925                 -7.7661541                 0.75103337                  -4.991795        1.018598         1.0028171         1.0587912         1.0157503         1.0582996       0.98359584        1.0032952        1.0006198        1.0026372        1.0015664   2.1092759e-09      0.28880778      0.74708661      0.73301822       147.46201       7.1272007       427.73179       1408.7494       61.992853        61.992853       8892.7435                 19.570304                 396.72842                      11.433064                         7036.0417               0.10568633              2.7843081                         4.2372063                                 13.093317             1408.7494
              1        4507.302       3.0489298      0.96799338       69.248623     0.022908146      0.11558611     0.041745033      -3.2530453       2.2516241       4.5551279       9.8318769       3.0955461        5.575709       3.8092279       2.0450245       6.0683392    0.0078901221      -1.2415977        2.680307    -0.080879778       4.7260103     0.022619748       0.9999358                 -29.610339                  1.0604925                 -7.7661541                 0.75103337                  -4.991795       1.0187898         1.0034506         1.0570611         1.0173128         1.0548544       0.98281224        1.0032903        1.0004021        1.0025169        1.0021539   2.1092759e-09      0.28880778      0.74708661      0.73301822       147.46201       7.1272007       427.73179       1408.7494       62.529028        62.529028       8889.5459                 19.570304                 396.72842                      11.433064                         7032.8442               0.10568633              2.7843081                         4.2372063                                 13.093317             1408.7494
              2        4507.132       3.0489298      0.96799338       69.248623     0.022908146      0.11558611     0.041745033      -3.2530453       2.2516241       4.5551279       9.8318769       3.0955461        5.575709       3.8092279       2.0450245       6.0683392    0.0078901221      -1.2415977        2.680307    -0.080879778       4.7260103     0.022619748        0.998523                 -29.610339                  1.0604925                 -7.7661541                 0.75103337                  -4.991795       1.0187898         1.0034506         1.0570611         1.0173128         1.0548544       0.98281224        1.0032903        1.0004021        1.0025169        1.0021539   2.1092759e-09      0.28880778      0.74708661      0.73301822       147.46201       7.1272007       427.04343       1408.7494       62.703221        62.703221       8888.8576                 19.641084                  396.7422                      10.660144                         7032.8442               0.10568633              2.7843081                         4.2372063                                 13.093317             1408.7494
              2        4506.961       3.0489298      0.96799338       69.248623     0.022908146      0.11558611     0.041745033      -3.2530453       2.2516241       4.5551279       9.8318769       3.0955461        5.575709       3.8092279       2.0450245       6.0683392    0.0078901221      -1.2415977        2.680307    -0.080879778       4.7260103     0.022619748        0.998523                 -29.610339                  1.0604925                 -7.7661541                 0.75103337                  -4.991795       1.0192968         1.0046874         1.0597454         1.0148967         1.0571856       0.98463663        1.0030542        1.0004208        1.0025124        1.0023181   2.1092759e-09      0.28880778      0.74708661      0.73301822       147.46201       7.1272007       427.04343       1408.7494       63.369987        63.369987       8887.1821                 19.641084                  396.7422                      10.660144                         7031.1687               0.10568633              2.7843081                         4.2372063                                 13.093317             1408.7494
              2       4508.4277       3.0489298      0.96799338       69.248623     0.022908146      0.11558611     0.041745033      -3.2530453       2.2516241       4.5551279       9.8318769       3.0955461        5.575709       3.8092279       2.0450245       6.0683392    0.0078901221      -1.2415977        2.680307    -0.080879778       4.7260103     0.022619748      0.99622584                 -29.610339                  1.0604925                 -7.7661541                 0.75103337                  -4.991795       1.0195479         1.0035682         1.0611674          1.015423         1.0573282       0.98187562        1.0029173        1.0003529        1.0023989         1.002451   2.1092759e-09      0.28880778      0.74708661      0.73301822       147.46201       7.1272007       426.13921       1408.7494       64.953228        64.953228       8886.9489                 19.770123                 396.69369                      9.6753982                         7031.8398               0.10568633              2.7843081                         4.2372063                                 13.093317             1408.7494
              1       4498.7904       3.0489298      0.96799338       69.248623     0.022908146      0.11558611     0.041745033      -3.2070322       2.2464953       4.5951594       9.7884913       3.1087593       5.5268586       3.8072526       2.0503231        6.043009    0.0092675055      -1.2147966        2.682336    -0.059369479       4.7257885      0.02438818      0.99497787                 -29.774044                  1.2646754                 -8.1352301                 0.96481302                 -5.0010568       1.0195479         1.0035682         1.0611674          1.015423         1.0573282       0.98187562        1.0029173        1.0003529        1.0023989         1.002451   2.1092759e-09      0.28880778      0.74708661      0.73301822       147.46201       7.1272007       425.83264       1408.7494       68.345814        68.345814       8860.8892                 19.846807                 396.70207                      9.2837594                         7006.0866               0.10568633              2.7843081                         4.2372063                                 13.093317             1408.7494
              4       4496.4201       3.0489298      0.96799338       69.248623     0.022908146      0.11558611     0.041745033      -3.2070322       2.2464953       4.5951594       9.7884913       3.1087593       5.5268586       3.8072526       2.0503231        6.043009    0.0092675055      -1.2147966        2.682336    -0.059369479       4.7257885      0.02438818      0.99732303                 -29.774044                  1.2646754                 -8.1352301                 0.96481302                 -5.0010568       1.0192682         1.0050995         1.0614624         1.0148141         1.0564367       0.98084601        1.0028474        1.0003621        1.0024793        1.0025837   2.1092759e-09      0.28880778      0.74708661      0.73301822       147.46201       7.1272007        426.4988       1408.7494       66.452357        66.452357       8859.9355                 19.706145                 396.68927                      10.103386                         7004.4667               0.10568633              2.7843081                         4.2372063                                 13.093317             1408.7494
              1       4498.1874       3.0489298      0.96799338       69.248623     0.022908146      0.11558611     0.041745033      -3.2070322       2.2464953       4.5951594       9.7884913       3.1087593       5.5268586       3.8072526       2.0503231        6.043009    0.0092675055      -1.2147966        2.682336    -0.059369479       4.7257885      0.02438818      0.99732303                 -29.774044                  1.2646754                 -8.1352301                 0.96481302                 -5.0010568       1.0193018          1.004439          1.062904         1.0148111         1.0601484       0.98026019        1.0029803        1.0001292        1.0026487        1.0029222   2.1092759e-09      0.28880778      0.74708661      0.73301822       147.46201       7.1272007        426.4988       1408.7494       67.024642        67.024642       8862.3256                 19.706145                 396.68927                      10.103386                         7006.8568               0.10568633              2.7843081                         4.2372063                                 13.093317             1408.7494
              2       4498.0764       3.0489298      0.96799338       69.248623     0.022908146      0.11558611     0.041745033      -3.2070322       2.2464953       4.5951594       9.7884913       3.1087593       5.5268586       3.8072526       2.0503231        6.043009    0.0092675055      -1.2147966        2.682336    -0.059369479       4.7257885      0.02438818      0.99732303                 -29.774044                  1.2646754                 -8.1352301                 0.96481302                 -5.0010568       1.0177403         1.0066679         1.0555741         1.0185649         1.0630403       0.97853136        1.0040781        1.0001617        1.0028363        1.0028408   2.1092759e-09      0.28880778      0.74708661      0.73301822       147.46201       7.1272007        426.4988       1408.7494       65.654686        65.654686       8864.8434                 19.706145                 396.68927                      10.103386                         7009.3747               0.10568633              2.7843081                         4.2372063                                 13.093317             1408.7494
              2       4498.2168       3.0489298      0.96799338       69.248623     0.022908146      0.11558611     0.041745033      -3.2070322       2.2464953       4.5951594       9.7884913       3.1087593       5.5268586       3.8072526       2.0503231        6.043009    0.0092675055      -1.2147966        2.682336    -0.059369479       4.7257885      0.02438818      0.99683991                 -29.774044                  1.2646754                 -8.1352301                 0.96481302                 -5.0010568       1.0177403         1.0066679         1.0555741         1.0185649         1.0630403       0.97853136        1.0040781        1.0001617        1.0028363        1.0028408   2.1092759e-09      0.28880778      0.74708661      0.73301822       147.46201       7.1272007       426.32851       1408.7494       65.880287        65.880287       8864.6731                 19.733904                 396.68927                      9.9053384                         7009.3747               0.10568633              2.7843081                         4.2372063                                 13.093317             1408.7494
              3       4498.6936       3.0488424      0.96791268       69.248608     0.022908491      0.11559092     0.041652172      -3.2070322       2.2464953       4.5951594       9.7884913       3.1087593       5.5268586       3.8072526       2.0503231        6.043009    0.0092675055      -1.2147966        2.682336    -0.059369479       4.7257885      0.02438818       1.0013892                 -29.774044                  1.2646754                 -8.1352301                 0.96481302                 -5.0010568       1.0177403         1.0066679         1.0555741         1.0185649         1.0630403       0.97853136        1.0040781        1.0001617        1.0028363        1.0028408   2.1090914e-09      0.28881865       0.7470487      0.73299481       147.46034       7.1247715       428.62932       1408.7464       65.235785        65.235785       8866.9157                 19.509838                 396.76863                      12.350854                         7009.3221               0.10553274              2.7834999                         4.2357389                                 13.093155             1408.7464
              1       4492.7748       3.0488424      0.96791268       69.248608     0.022908491      0.11559092     0.041652172      -3.2161806       2.2439173       4.5970357       9.7916641       3.1109259       5.5314115       3.8103573        2.050887       6.0470108    0.0040892835      -1.2187415       2.6821778    -0.061214784       4.7258569     0.027512806        1.000623                 -29.951418                  1.2476933                 -8.1314134                 0.98637505                 -4.9670254       1.0177403         1.0066679         1.0555741         1.0185649         1.0630403       0.97853136        1.0040781        1.0001617        1.0028363        1.0028408   2.1090914e-09      0.28881865       0.7470487      0.73299481       147.46034       7.1247715       428.15967       1408.7464       65.355877        65.355877       8854.8379                  19.54429                 396.76863                      11.846749                          6997.714               0.10553274              2.7834999                         4.2357389                                 13.093155             1408.7464
              1       4493.7578       3.0488424      0.96791268       69.248608     0.022908491      0.11559092     0.041652172      -3.2161806       2.2439173       4.5970357       9.7916641       3.1109259       5.5314115       3.8103573        2.050887       6.0470108    0.0040892835      -1.2187415       2.6821778    -0.061214784       4.7258569     0.027512806        1.000623                 -29.951418                  1.2476933                 -8.1314134                 0.98637505                 -4.9670254       1.0173865         1.0057796         1.0544394         1.0140018         1.0612758       0.97944849        1.0039213        1.0000278        1.0027144         1.002834   2.1090914e-09      0.28881865       0.7470487      0.73299481       147.46034       7.1247715       428.15967       1408.7464       64.195538        64.195538       8859.1244                  19.54429                 396.76863                      11.846749                         7002.0005               0.10553274              2.7834999                         4.2357389                                 13.093155             1408.7464
              1       4493.3658       3.0488424      0.96791268       69.248608     0.022908491      0.11559092     0.041652172      -3.2161806       2.2439173       4.5970357       9.7916641       3.1109259       5.5314115       3.8103573        2.050887       6.0470108    0.0040892835      -1.2187415       2.6821778    -0.061214784       4.7258569     0.027512806      0.99843721                 -29.951418                  1.2476933                 -8.1314134                 0.98637505                 -4.9670254       1.0173961         1.0057006         1.0544851         1.0139424         1.0613449       0.97948395        1.0039231        1.0000333        1.0027103        1.0028322   2.1090914e-09      0.28881865       0.7470487      0.73299481       147.46034       7.1247715       426.98257       1408.7464       64.372546        64.372546       8857.9866                 19.652747                 396.71867                      10.611153                         7002.0397               0.10553274              2.7834999                         4.2357389                                 13.093155             1408.7464
              1       4492.3793       3.0488424      0.96791268       69.248608     0.022908491      0.11559092     0.041652172      -3.2161806       2.2439173       4.5970357       9.7916641       3.1109259       5.5314115       3.8103573        2.050887       6.0470108    0.0040892835      -1.2187415       2.6821778    -0.061214784       4.7258569     0.027512806       0.9980431                 -29.951418                  1.2476933                 -8.1314134                 0.98637505                 -4.9670254       1.0175401         1.0039592          1.054578         1.0151168         1.0568839       0.97961151        1.0039486        1.0002114        1.0026424        1.0026129   2.1090914e-09      0.28881865       0.7470487      0.73299481       147.46034       7.1247715        426.8424       1408.7464       64.632512        64.632512       8855.4935                 19.673846                 396.74797                       10.42058                         6999.6868               0.10553274              2.7834999                         4.2357389                                 13.093155             1408.7464
              2       4491.0682       3.0488424      0.96791268       69.248608     0.022908491      0.11559092     0.041652172      -3.2133947       2.2389956       4.6044782       9.7950434       3.1125697       5.5177583       3.8108227       2.0517387       6.0579403    0.0050152128      -1.2065225       2.6827818    -0.055260056       4.7258876     0.023335803       1.0011842                 -29.801971                  1.2398773                 -8.1386419                  1.0152508                 -4.9454565       1.0175401         1.0039592          1.054578         1.0151168         1.0568839       0.97961151        1.0039486        1.0002114        1.0026424        1.0026129   2.1090914e-09      0.28881865       0.7470487      0.73299481       147.46034       7.1247715       428.49989       1408.7464       64.050616        64.050616       8854.0351                 19.518865                 396.76863                      12.212393                         6996.5709               0.10553274              2.7834999                         4.2357389                                 13.093155             1408.7464
              1       4481.3413       3.0488424      0.96791268       69.248608     0.022908491      0.11559092     0.041652172      -3.2688747       2.1946476        4.585074       9.7991386       3.1142398        5.564904       3.8113461       2.0527322       6.0745978    0.0012990067      -1.1245807       2.6823493    -0.058481316       4.7255829    0.0092235138       1.0010849                 -30.195625                   1.522096                 -8.5770421                 0.94358542                   -5.00429       1.0175401         1.0039592          1.054578         1.0151168         1.0568839       0.97961151        1.0039486        1.0002114        1.0026424        1.0026129   2.1090914e-09      0.28881865       0.7470487      0.73299481       147.46034       7.1247715       428.43823       1408.7464       67.694784        67.694784        8827.293                 19.523283                 396.76863                       12.14631                         6969.8905               0.10553274              2.7834999                         4.2357389                                 13.093155             1408.7464
              1       4481.4954       3.0488424      0.96791268       69.248608     0.022908491      0.11559092     0.041652172      -3.2688747       2.1946476        4.585074       9.7991386       3.1142398        5.564904       3.8113461       2.0527322       6.0745978    0.0012990067      -1.1245807       2.6823493    -0.058481316       4.7255829    0.0092235138       1.0010849                 -30.195625                   1.522096                 -8.5770421                 0.94358542                   -5.00429       1.0176915          1.004217          1.054172         1.0148644         1.0576404       0.97989013        1.0039944         1.000159        1.0026254        1.0026221   2.1090914e-09      0.28881865       0.7470487      0.73299481       147.46034       7.1247715       428.43823       1408.7464       68.016647        68.016647       8826.9576                 19.523283                 396.76863                       12.14631                         6969.5551               0.10553274              2.7834999                         4.2357389                                 13.093155             1408.7464
              2       4481.1479       3.0488424      0.96791268       69.248608     0.022908491      0.11559092     0.041652172      -3.2688747       2.1946476        4.585074       9.7991386       3.1142398        5.564904       3.8113461       2.0527322       6.0745978    0.0012990067      -1.1245807       2.6823493    -0.058481316       4.7255829    0.0092235138      0.99690905                 -30.195625                   1.522096                 -8.5770421                 0.94358542                   -5.00429       1.0176915          1.004217          1.054172         1.0148644         1.0576404       0.97989013        1.0039944         1.000159        1.0026254        1.0026221   2.1090914e-09      0.28881865       0.7470487      0.73299481       147.46034       7.1247715       426.40284       1408.7464       68.686797        68.686797       8824.9222                  19.73786                 396.73725                      9.9277261                         6969.5551               0.10553274              2.7834999                         4.2357389                                 13.093155             1408.7464
              2        4481.148       3.0488424      0.96791268       69.248608     0.022908491      0.11559092     0.041652172      -3.2676924       2.1947461       4.5835055       9.7996894       3.1140594       5.5637136       3.8115437       2.0527957       6.0730339   0.00063001619      -1.1248859       2.6824322    -0.058508876       4.7255856    0.0098440248      0.99690905                 -30.209524                  1.5265348                 -8.5821814                 0.93685239                 -5.0009365       1.0176915          1.004217          1.054172         1.0148644         1.0576404       0.97989013        1.0039944         1.000159        1.0026254        1.0026221   2.1090914e-09      0.28881865       0.7470487      0.73299481       147.46034       7.1247715       426.40284       1408.7464       68.733784        68.733784       8824.8284                  19.73786                 396.73725                      9.9277261                         6969.4613               0.10553274              2.7834999                         4.2357389                                 13.093155             1408.7464
              2        4479.193       3.0488424      0.96791268       69.248608     0.022908491      0.11559092     0.041652172      -3.2676924       2.1947461       4.5835055       9.7996894       3.1140594       5.5637136       3.8115437       2.0527957       6.0730339   0.00063001619      -1.1248859       2.6824322    -0.058508876       4.7255856    0.0098440248      0.99766033                 -30.209524                  1.5265348                 -8.5821814                 0.93685239                 -5.0009365       1.0179614         1.0077022         1.0538207         1.0140652          1.056737       0.97458787        1.0036174        1.0003885          1.00258        1.0027244   2.1090914e-09      0.28881865       0.7470487      0.73299481       147.46034       7.1247715       426.68175       1408.7464       69.122225        69.122225       8820.1415                  19.69489                 396.74186                      10.244993                         6964.4955               0.10553274              2.7834999                         4.2357389                                 13.093155             1408.7464
              3       4477.4315       3.0488424      0.96791268       69.248608     0.022908491      0.11559092     0.041652172      -3.2676924       2.1947461       4.5835055       9.7996894       3.1140594       5.5637136       3.8115437       2.0527957       6.0730339   0.00063001619      -1.1248859       2.6824322    -0.058508876       4.7255856    0.0098440248       1.0009005                 -30.209524                  1.5265348                 -8.5821814                 0.93685239                 -5.0009365       1.0182384         1.0049102         1.0542041         1.0121299         1.0584344       0.97461605        1.0030817        1.0002154        1.0028936        1.0025469   2.1090914e-09      0.28881865       0.7470487      0.73299481       147.46034       7.1247715       428.32532       1408.7464       68.771944        68.771944        8817.319                 19.531581                 396.76863                      12.025112                         6960.0294               0.10553274              2.7834999                         4.2357389                                 13.093155             1408.7464
              1       4478.6788       3.0488424      0.96791268       69.248608     0.022908491      0.11559092     0.041652172      -3.2693661       2.1980804       4.5917888       9.8033038       3.1099069       5.5739552       3.8142787       2.0520789       6.0712296    0.0071103739      -1.1230371       2.6826023    -0.062246457       4.7255512    0.0049240434       1.0009005                 -30.276043                   1.452189                 -8.6691645                  1.0072432                  -5.014741       1.0182384         1.0049102         1.0542041         1.0121299         1.0584344       0.97461605        1.0030817        1.0002154        1.0028936        1.0025469   2.1090914e-09      0.28881865       0.7470487      0.73299481       147.46034       7.1247715       428.32532       1408.7464       69.365047        69.365047       8818.6275                 19.531581                 396.76863                      12.025112                         6961.3379               0.10553274              2.7834999                         4.2357389                                 13.093155             1408.7464
              1       4478.6002       3.0488424      0.96791268       69.248608     0.022908491      0.11559092     0.041652172      -3.2693661       2.1980804       4.5917888       9.8033038       3.1099069       5.5739552       3.8142787       2.0520789       6.0712296    0.0071103739      -1.1230371       2.6826023    -0.062246457       4.7255512    0.0049240434       1.0007174                 -30.276043                   1.452189                 -8.6691645                  1.0072432                  -5.014741       1.0182384         1.0049102         1.0542041         1.0121299         1.0584344       0.97461605        1.0030817        1.0002154        1.0028936        1.0025469   2.1090914e-09      0.28881865       0.7470487      0.73299481       147.46034       7.1247715       428.21549       1408.7464       69.341353        69.341353       8818.5177                 19.539934                 396.76863                      11.906925                         6961.3379               0.10553274              2.7834999                         4.2357389                                 13.093155             1408.7464
              1       4478.2588       3.0488424      0.96791268       69.248608     0.022908491      0.11559092     0.041652172      -3.2693661       2.1980804       4.5917888       9.8033038       3.1099069       5.5739552       3.8142787       2.0520789       6.0712296    0.0071103739      -1.1230371       2.6826023    -0.062246457       4.7255512    0.0049240434       1.0007174                 -30.276043                   1.452189                 -8.6691645                  1.0072432                  -5.014741        1.018427         1.0030417         1.0548015         1.0135178         1.0562418       0.97496584        1.0031292        1.0002502        1.0030299         1.002974   2.1090914e-09      0.28881865       0.7470487      0.73299481       147.46034       7.1247715       428.21549       1408.7464       70.062177        70.062177       8816.3932                 19.539934                 396.76863                      11.906925                         6959.2134               0.10553274              2.7834999                         4.2357389                                 13.093155             1408.7464
              1       4478.9422       3.0488424      0.96791268       69.248608     0.022908491      0.11559092     0.041652172      -3.2693661       2.1980804       4.5917888       9.8033038       3.1099069       5.5739552       3.8142787       2.0520789       6.0712296    0.0071103739      -1.1230371       2.6826023    -0.062246457       4.7255512    0.0049240434       1.0007174                 -30.276043                   1.452189                 -8.6691645                  1.0072432                  -5.014741       1.0181159          1.003396         1.0568024         1.0138463          1.057198       0.97359918        1.0033508        1.0001655        1.0029005        1.0029566   2.1090914e-09      0.28881865       0.7470487      0.73299481       147.46034       7.1247715       428.21549       1408.7464       69.787134        69.787134         8818.31                 19.539934                 396.76863                      11.906925                         6961.1303               0.10553274              2.7834999                         4.2357389                                 13.093155             1408.7464
              2       4479.1127       3.0488424      0.96791268       69.248608     0.022908491      0.11559092     0.041652172      -3.2693661       2.1980804       4.5917888       9.8033038       3.1099069       5.5739552       3.8142787       2.0520789       6.0712296    0.0071103739      -1.1230371       2.6826023    -0.062246457       4.7255512    0.0049240434       1.0005221                 -30.276043                   1.452189                 -8.6691645                  1.0072432                  -5.014741       1.0181345         1.0032467         1.0571438         1.0136651          1.057221       0.97333142        1.0033601        1.0001634        1.0029159        1.0029727   2.1090914e-09      0.28881865       0.7470487      0.73299481       147.46034       7.1247715       428.10969       1408.7464       69.881475        69.881475       8818.4625                 19.548972                 396.77757                      11.783151                         6961.3886               0.10553274              2.7834999                         4.2357389                                 13.093155             1408.7464
              1       4478.7523       3.0488424      0.96791268       69.248608     0.022908491      0.11559092     0.041652172      -3.2693661       2.1980804       4.5917888       9.8033038       3.1099069       5.5739552       3.8142787       2.0520789       6.0712296    0.0071103739      -1.1230371       2.6826023    -0.062246457       4.7255512    0.0049240434      0.99901352                 -30.276043                   1.452189                 -8.6691645                  1.0072432                  -5.014741        1.018143         1.0031698         1.0570681         1.0137005         1.0573374       0.97331719        1.0033602        1.0001595        1.0029101        1.0029821   2.1090914e-09      0.28881865       0.7470487      0.73299481       147.46034       7.1247715       427.24755       1408.7464       69.956671        69.956671       8817.5913                 19.622803                  396.7171                      10.907643                         6961.3794               0.10553274              2.7834999                         4.2357389                                 13.093155             1408.7464
              1       4480.1395       3.0488424      0.96791268       69.248608     0.022908491      0.11559092     0.041652172      -3.2693661       2.1980804       4.5917888       9.8033038       3.1099069       5.5739552       3.8142787       2.0520789       6.0712296    0.0071103739      -1.1230371       2.6826023    -0.062246457       4.7255512    0.0049240434      0.99901352                 -30.276043                   1.452189                 -8.6691645                  1.0072432                  -5.014741       1.0184588         1.0014346         1.0580941         1.0120727         1.0557714       0.97488776        1.0032543       0.99972078        1.0032265        1.0024634   2.1090914e-09      0.28881865       0.7470487      0.73299481       147.46034       7.1247715       427.24755       1408.7464        70.28226         70.28226       8819.7145                 19.622803                  396.7171                      10.907643                         6963.5027               0.10553274              2.7834999                         4.2357389                                 13.093155             1408.7464
              1        4478.476       3.0488424      0.96791268       69.248608     0.022908491      0.11559092     0.041652172      -3.2685444       2.2034048       4.5910929       9.8084198       3.1074031       5.5712298       3.8144952        2.051104       6.0668215     0.005969844      -1.1154423        2.683361     -0.06154864       4.7255449    0.0036422518      0.99901352                 -30.126035                  1.4931669                 -8.6463401                 0.95125681                 -5.0214185       1.0184588         1.0014346         1.0580941         1.0120727         1.0557714       0.97488776        1.0032543       0.99972078        1.0032265        1.0024634   2.1090914e-09      0.28881865       0.7470487      0.73299481       147.46034       7.1247715       427.24755       1408.7464       69.865733        69.865733       8817.2204                 19.622803                  396.7171                      10.907643                         6961.0086               0.10553274              2.7834999                         4.2357389                                 13.093155             1408.7464
              1       4478.6632       3.0488424      0.96791268       69.248608     0.022908491      0.11559092     0.041652172      -3.2685444       2.2034048       4.5910929       9.8084198       3.1074031       5.5712298       3.8144952        2.051104       6.0668215     0.005969844      -1.1154423        2.683361     -0.06154864       4.7255449    0.0036422518      0.99990844                 -30.126035                  1.4931669                 -8.6463401                 0.95125681                 -5.0214185       1.0184588         1.0014346         1.0580941         1.0120727         1.0557714       0.97488776        1.0032543       0.99972078        1.0032265        1.0024634   2.1090914e-09      0.28881865       0.7470487      0.73299481       147.46034       7.1247715       427.77635       1408.7464       69.788553        69.788553       8817.7492                 19.578197                 396.78843                      11.409722                         6961.0086               0.10553274              2.7834999                         4.2357389                                 13.093155             1408.7464
              2       4477.7712       3.0488424      0.96791268       69.248608     0.022908491      0.11559092     0.041652172      -3.2685444       2.2034048       4.5910929       9.8084198       3.1074031       5.5712298       3.8144952        2.051104       6.0668215     0.005969844      -1.1154423        2.683361     -0.06154864       4.7255449    0.0036422518      0.99954326                 -30.126035                  1.4931669                 -8.6463401                 0.95125681                 -5.0214185       1.0192135         1.0066325         1.0545382          1.009487         1.0561665        0.9755076        1.0032111        1.0000798        1.0033559        1.0024729   2.1090914e-09      0.28881865       0.7470487      0.73299481       147.46034       7.1247715       427.56243       1408.7464       71.365079        71.365079       8812.8123                 19.596133                 396.76756                      11.198738                         6956.2856               0.10553274              2.7834999                         4.2357389                                 13.093155             1408.7464
