#        weight    minuslogpost            logA             n_s              H0         omega_b       omega_cdm        tau_reio  theta_i_ridder     beta_ridder        A_planck      calib_100T      calib_217T       A_cib_217       xi_sz_cib            A_sz        ksz_norm    gal545_A_100    gal545_A_143 gal545_A_143_217    gal545_A_217    ps_A_100_100    ps_A_143_143    ps_A_143_217    ps_A_217_217   galf_TE_A_100 galf_TE_A_100_143 galf_TE_A_100_217   galf_TE_A_143 galf_TE_A_143_217   galf_TE_A_217             A_s       chi2__BAO       chi2__CMB        chi2__SN   minuslogprior minuslogprior__0 minuslogprior__SZ            chi2 chi2__planck_2018_lowl.TT chi2__planck_2018_lowl.EE chi2__planck_2018_highl_plik.TTTEEE chi2__planck_2018_lensing.clik chi2__bao.sixdf_2011_bao chi2__bao.sdss_dr7_mgs chi2__bao.sdss_dr12_consensus_bao chi2__sn.pantheon  chi2__sh0es_h0
              1       2385.0184       3.0661354      0.96640187              73     0.022381834      0.11882157     0.065496276       1.7693244     0.010718426       1.0027064       1.0006783      0.99751282         70.0233      0.20223161       7.6041928       3.6058734       5.3092879       8.8710826        26.589877        62.62901       289.44718       62.269646       48.020932       114.23658      0.11845924       0.080315725        0.14412662      0.17092432        0.59326155       1.8831651   2.1458813e-09       24.111956       3666.1666       1037.2639        21.24649         17.04309         4.2033998       4727.5439                 21.884422                 397.45316                           3230.2487                      16.580271                1.1660766              5.4382399                         17.507639         1037.2639    0.0014792899
              2       2314.9881       3.0661354      0.96640187       73.261935     0.022381834      0.11882157     0.065496276       1.7693244     0.010718426       1.0027064       1.0010057      0.99731005       67.270393      0.71720348       9.3544961       3.9392194       7.5031104       9.2852598        29.626103        66.46805       240.98518       62.195861       58.310007       120.15814      0.14629819       0.074081177         0.1909886      0.19415975        0.49125324       1.9298261   2.1458813e-09       27.043093       3518.0696       1037.5627       23.627615        16.694474         6.9331401       4582.7209                 21.840913                 397.45489                           3081.3426                      17.431148                1.3440322              5.7024191                         19.996642         1037.5627     0.045539324
              1       2302.0621        3.079617      0.96680975       73.261935     0.022450178      0.11905107     0.071830802       1.7744897    0.0088679557       1.0027245       1.0008593      0.99738274       66.843802      0.80552039       8.7780503       3.7505495       6.9162372       9.1254958        29.909719       67.241983       238.16204       64.720839       59.045151       120.35516      0.14855433       0.072628859        0.24784438      0.20195162        0.49501119       1.9587258   2.1750071e-09       26.077008       3499.0651       1037.4733       20.731674        14.891114         5.8405596       4562.6609                 21.590858                 399.70891                           3063.3075                      14.457802                1.2860827               5.619286                         19.171639         1037.4733     0.045539324
              6       2271.1142        3.077104      0.96809585       73.261935      0.02246148       0.1187908     0.070871398       1.7582752    0.0081122626       1.0027876       1.0008242      0.99725025       65.253123      0.83140523       7.5934299       4.1482012       5.3262205       10.590665        29.963315       69.064089       267.68774       65.677678        56.19685       121.32478      0.13653158       0.093958833        0.29846951       0.2546095        0.49396061       1.9386704   2.1695481e-09       26.768449       3440.8332        1037.548       18.516627        13.931933         4.5846939       4505.1952                 21.583266                 399.29482                           3004.9261                      15.029026                1.3284925              5.6801985                         19.759758          1037.548     0.045539324
              2       2243.2636       3.0811934        0.971434       73.261935     0.022624475      0.11838101     0.074165676       1.7053803    0.0092593648       1.0019363       1.0006818      0.99718957       62.077869      0.89430945       7.7601109       4.3522295        5.808931       10.606516        30.252011       70.824504       257.99017         60.3347        54.09636       121.65271      0.13046748       0.085178776        0.27741784      0.23289461          0.459584       1.8275307   2.1784384e-09       27.621737       3382.1047        1037.623       19.566094        14.613558         4.9525364       4447.3951                 21.236869                  400.6731                           2946.0271                      14.167639                1.3793692              5.7517234                         20.490644          1037.623     0.045539324
              3       2234.0898       3.0835522      0.97153743       73.261935     0.022619491      0.11840369     0.075086358       1.7016223    0.0090936915       1.0021712       1.0010869      0.99712557        66.47757      0.82155699       9.9117777       3.0658941       6.1744975       11.871324        30.846589       68.028312       242.42745       53.415945       53.438922       118.36097      0.14303124       0.086285794        0.31763699      0.19388386        0.39289959       1.8341652   2.1835829e-09       27.722135       3355.0997       1037.6176       23.847266        16.894955         6.9523116        4420.485                 21.164648                 401.15166                            2919.017                      13.766421                1.3840775              5.7585177                          20.57954         1037.6176     0.045539324
              2       2202.3608       3.0799068      0.97154239       73.261935     0.022638138      0.11717041     0.072937962        1.650367    0.0081132514       1.0025786       1.0007808      0.99714669       64.695178      0.84893752       9.6756744       4.4625802       6.5257253       11.617924         29.63513       68.196674       229.50261       47.637519        50.52667       117.06414      0.14866498        0.10670897        0.35775386      0.19218727        0.41208152       2.0689454   2.1756374e-09       30.546154       3291.1657       1038.0021       22.481046         14.40405         8.0769963       4359.7595                 20.581108                 400.26633                           2856.2709                      14.047317                1.5652553              5.9962732                         22.984625         1038.0021     0.045539324
              1       2185.7127       3.0530251      0.96455384       73.261935     0.022705227       0.1161568     0.063939744        1.528553     0.007853406      0.99887389       1.0019665      0.99781988       67.900249      0.72182848       5.6972788        9.003821       6.7573449       12.106993        28.376214        67.25249       279.14472       48.150332       36.931227       106.64708      0.17280266        0.11324815        0.35691114      0.16547948         0.5073221       2.2812722   2.1179318e-09       34.589093       3258.4756       1038.3194       19.997859        13.852796         6.1450626       4331.4297                 19.698439                 397.27858                           2821.8131                      19.685524                1.8044541              6.2826906                         26.501948         1038.3194     0.045539324
              9       2155.5035       3.0632475      0.96587957       73.261935      0.02285654      0.11598305     0.069958828       1.5154228      0.00710339      0.99797812       1.0020406      0.99822571       54.683486      0.96722042       6.8021982       9.3900311       8.3185868       10.367566        33.107673       84.714624       254.37773       53.186176       44.232307       121.95706      0.20021398        0.12116052         0.3300607      0.10743174        0.44634016       2.0166268   2.1396931e-09       33.823683       3188.2748       1038.3271       25.267941        16.802094         8.4658476       4260.4712                 19.678557                 399.35223                           2752.0996                      17.144458                1.7655856              6.2373168                          25.82078         1038.3271     0.045539324
              1       2145.2914       3.0632475      0.96587957       72.984725      0.02285654      0.11598305     0.069958828       1.5154228      0.00710339      0.99797812       1.0015104      0.99817751       57.922507      0.82984232       6.1155305        6.068393        6.442338       12.109747        33.542051       83.918153       275.13894       59.467358       43.164606       122.84433      0.20638719        0.11834563        0.42009123     0.029920591        0.53154841       1.9669995   2.1396931e-09       30.254155       3183.2658       1037.9733       19.543344        15.283367         4.2599776       4251.4961                  19.67624                 399.40433                           2748.0436                      16.141674                1.5474747              5.9736067                         22.733074         1037.9733    0.0028247707
              5       2128.4607       3.0409463      0.96591177       72.984725     0.022667757      0.11613027      0.05615282       1.4842665    0.0013936741       1.0006657       1.0010363      0.99781872       63.138202      0.89261975       7.1436693       4.7022012       5.2286469        12.51509        34.490223       84.143487       288.77628       67.533471       52.131375       116.15628      0.17777001        0.12473779        0.27502325    -0.013340215        0.56149117       2.0610362   2.0925035e-09       32.167108        3143.321       1037.9869       21.721824        17.260696         4.4611275       4213.4778                  19.74728                  395.8439                           2706.7132                      21.016563                1.6475691              6.1009741                         24.418565         1037.9869    0.0028247707
              8       2104.7104        3.060296      0.96752946       72.984725     0.022636114      0.11613311     0.065961068       1.4797725    0.0031006006       1.0007617       1.0009843      0.99688001       60.242365      0.95964518       8.3812871       3.3272895       5.7954611       12.510171        33.297134       83.323304       273.55579       66.452654       55.738225       120.81618      0.14974066        0.13334724        0.31043966     0.024322693        0.58248027       2.1150599   2.1333871e-09       32.583922       3098.7197       1037.9964       20.058951        15.131444         4.9275073       4169.3029                 19.706752                 397.96068                           2663.9061                      17.146233                1.6699088              6.1283664                         24.785647         1037.9964    0.0028247707
              6       2096.9325        3.067653      0.96831997       72.984725     0.022681556      0.11592884     0.068388401       1.4897761     0.002392111       1.0020741       1.0006675      0.99707385       60.817974      0.85760152       7.7553328       5.1351358       5.9070884       13.660098        35.767825       89.221263       279.79481       59.647437       43.659513       111.84262     0.086816875        0.14576083         0.2559409     0.065391245        0.58048433       2.0589394   2.1491403e-09       32.184209       3080.6511       1038.0489       21.488987        15.876958         5.6120285        4150.887                 19.710409                 398.77842                           2646.5728                      15.589476                1.6543647               6.108207                         24.421637         1038.0489    0.0028247707
              7       2079.9747       3.0676624      0.96834046       72.984725     0.022681646       0.1159267     0.068403438       1.4895964    0.0023852708       1.0020682       1.0007384      0.99734589       57.199961      0.52947979       7.6302845       3.1506194       6.8793482       13.811825        37.992824       100.25788       285.98662       67.220629       36.491422       114.93675     0.052613208        0.11771887        0.29793433     0.029165209        0.58323592       2.3828816   2.1491605e-09       32.210542       3047.7256       1038.0496       20.980404          17.0557         3.9247039       4117.9885                 19.709499                 398.77847                           2613.6476                      15.590013                1.6557879              6.1099538                           24.4448         1038.0496    0.0028247707
              1       2069.4284        3.069813      0.96722037       72.984725     0.022760949      0.11591488       0.0689187       1.4982577    0.0023828913       1.0015703       1.0009204      0.99740214       59.355163      0.60459852       7.4220097        2.268481       7.3462066       12.861644        35.325962       95.154554       282.07248       68.485149       40.102995       114.26726     0.050780603        0.11219055        0.28837461     0.030812494        0.55815813       2.2250319   2.1537875e-09       31.501589        3030.637       1038.0272       19.344054        16.128507         3.2155462       4100.1686                 19.693684                 399.03981                           2597.6919                      14.211544                1.6170651              6.0620604                         23.822463         1038.0272    0.0028247707
              1       2067.5719       3.0625792      0.96489974       72.984725     0.022717352      0.11603047     0.065799662       1.4854686     0.002279869       1.0009204       1.0012126      0.99797878        67.66799      0.39110763       5.6466688       1.5403706       6.7851654       12.160275        33.714097       90.909685       295.12474       74.102761       34.665154       103.06478     0.064207167       0.080664716         0.3541951    0.0075283774        0.59344314       2.2076926   2.1382635e-09       31.885406       3030.8594       1038.0034       17.196392        15.114635         2.0817571        4100.751                 19.718496                 397.95235                           2597.7188                      15.469733                1.6346378              6.0845607                         24.166208         1038.0034    0.0028247707
              2       2046.5102       3.0625801      0.96320943       72.984725      0.02284341      0.11592422     0.066009897       1.4666649    0.0027278669       1.0004161       1.0007863      0.99696536       67.826172      0.35716986       5.3580443        1.184959       8.8040346       8.9519398        26.326162       80.060076       277.10662       81.644323       40.232574       104.79439     0.083806767        0.12386906         0.5503897      0.10011353        0.56728254       2.6045104   2.1382655e-09       31.416224       2996.7431       1037.9969       13.430614        11.409371         2.0212439       4066.1591                 19.798581                 398.06483                           2563.8048                      15.074915                1.6098122              6.0534866                         23.752926         1037.9969    0.0028247707
              5        2046.047       3.0653233      0.96292028       72.984725     0.022830075      0.11618654     0.067928043       1.4651124    0.0028442103      0.99966004       1.0008993      0.99710253       67.547245        0.389068       5.7078121        1.253988       8.9168103       8.6463621         26.82986        80.97249       274.34559       81.654566       40.986778       104.44248     0.085804333        0.12135928        0.55630671     0.097045287        0.57034655       2.5985997   2.1441392e-09       31.300883       2995.9529       1037.9155       13.460998        11.399789         2.0612097       4065.1721                 19.834777                 398.85274                           2562.7581                       14.50726                1.5961842              6.0377697                         23.666929         1037.9155    0.0028247707
              7         2046.23       3.0649649      0.96284801       72.984725     0.022828344      0.11620836     0.067728301       1.4652288    0.0028618345      0.99965446       1.0010169        0.997388       65.095211      0.40183952       6.4013534       1.0648653       9.2428857       9.2561343        29.137979       85.873354       269.17684       80.826625       41.480231       106.60736     0.078511859        0.12630402        0.53992988      0.12522194        0.55412905       2.6226023    2.143371e-09       31.285659       2997.5616        1037.909        12.85054         10.65158         2.1989597        4066.759                 19.836169                 398.79466                           2564.3802                      14.550546                1.5947821              6.0361103                         23.654767          1037.909    0.0028247707
              9        2044.699       3.0654284      0.96416772       72.984725     0.022807287      0.11594253     0.065345357       1.4599022    0.0025312932       1.0024608        1.000791      0.99742638       65.993183      0.43456041       6.9118764      0.78867062       9.3713763       9.4834562        29.538941       86.131189         260.231       80.450268       41.990665       105.85639     0.074598066        0.14496907         0.5316534       0.1312655        0.57777665       2.5074844   2.1443647e-09       31.882032       2994.5714       1038.0028       12.469503        10.145754          2.323749       4064.4591                 19.792082                 397.81703                           2562.4236                      14.538738                1.6344016              6.0842783                         24.163352         1038.0028    0.0028247707
              1       2033.9528       3.0632051      0.96401509       72.984725     0.022834083      0.11602601     0.064814499       1.4456556    0.0031153053       1.0017667        1.000768      0.99730574       69.606443      0.48159171       5.8395558       4.2972198       6.9931992       11.488074        30.076709       86.426749       277.45254       71.992541       33.809298       89.527211     0.047004702        0.14076513        0.43759325      0.18764193         0.6091457       2.5279502   2.1396024e-09       31.909495       2971.6516       1037.9666        13.18754        10.217555          2.969985       4041.5305                 19.832608                 397.67723                           2539.2977                      14.844097                1.6323659              6.0824337                         24.194695         1037.9666    0.0028247707
              4       2029.0635       3.0607018       0.9637138       72.984725     0.022833015      0.11616023     0.063512809       1.4474676    0.0028076963         1.00165       1.0004185      0.99663805       66.204198      0.24774571       5.4047649       4.6011311       6.0620653       10.758518        24.349792       80.328681       275.93441        64.76913       35.137353       101.11474     0.074505568        0.15355683        0.40100033       0.1593753        0.59519639       2.8965783    2.134253e-09       31.608134       2958.1608       1037.9231       15.216138        12.417856         2.7982822       4027.6948                 19.820486                 397.29352                           2525.8585                      15.188294                1.6127146              6.0585911                         23.936828         1037.9231    0.0028247707
              6        2013.054         3.07296      0.96153007       72.984725     0.023085529      0.11620492     0.066101437       1.4251819     0.002765061       1.0040872       1.0005273      0.99698525       69.662668      0.13785939       5.8158596       4.5641073       6.9225776       11.257036        22.748065       79.050366       279.23767       56.340862       31.935026       93.327909     0.088619085        0.14339976        0.34698343      0.13871792        0.57739685       2.8761156   2.1605761e-09       30.009226       2926.8158       1037.8272       15.726443        12.648205         3.0782386       3994.6551                 20.091684                 398.17018                           2496.4347                      12.119254                1.5213575              5.9420184                          22.54585         1037.8272    0.0028247707
              2       2013.3569       3.0874291      0.95978288       72.984725     0.023142003      0.11621583     0.070068451       1.4344158    0.0016732673       1.0068121       1.0003872      0.99761981       71.716425      0.19978858       5.0727389       4.5779899       8.3792792       12.370423        22.703428        79.60552       276.95282       62.146556       34.742419       91.301997      0.11644198        0.15223649        0.33877868      0.12244506        0.58317042        2.984382    2.192065e-09       29.465739       2925.9903       1037.8057       16.724562        14.140121         2.5844405       3993.2646                  20.31915                 399.91871                           2495.7049                      10.047593                1.4913101              5.9023231                         22.072106         1037.8057    0.0028247707
              6       2000.9028       3.0853996      0.95997829       72.984725     0.023205043      0.11593268     0.069635469       1.3579497   0.00032179602       1.0064374       1.0012252      0.99817537       75.728687      0.52517297       1.2505521       8.6802981       11.618446       11.566477        18.188222       72.265175       313.62817       64.730741       29.728981       81.475737      0.11925821        0.14817386        0.46124836       0.1884298        0.66096215       2.6127856   2.1876207e-09       30.742386       2903.9424       1037.8763       14.620833        12.525772         2.0950614       3972.5639                 20.774742                 399.78336                            2473.111                      10.273283                1.5637262              5.9967708                         23.181889         1037.8763    0.0028247707
              1        1992.263       3.0853996      0.95997829       72.792686     0.023205043      0.11593268     0.069635469       1.3579497   0.00032179602       1.0064374       1.0007049      0.99720402       72.454073      0.53591007       5.3107913       4.2160479       10.200779        13.73349        21.272595       78.219534       311.53423       61.670851       42.006294       88.723312      0.07651702        0.17819925        0.35502213      0.24027001        0.57834333       2.4194863   2.1876207e-09       28.368144       2883.1557       1037.6437       17.650961        15.059778         2.5911834       3949.2241                 20.753336                 399.80724                           2452.7002                      9.8949472                1.4198024              5.8081377                         21.140204         1037.6437     0.056549853
              1       1990.9371       3.0872662      0.96005654       72.792686     0.023218006      0.11602319     0.070349977       1.3696871   0.00036572021       1.0065203       1.0000812      0.99738412       71.307219       0.4735491       5.5696162       3.2606792       11.299781        14.23006        21.752584       80.996608       298.90574       65.759178       44.391462       91.478364     0.063599523        0.17278171        0.36312726      0.24454872        0.57099056       2.3743474   2.1917079e-09          27.929       2880.0478       1037.6115       18.114697        15.700484         2.4142137       3945.6448                 20.676726                  400.1076                           2449.5984                      9.6650393                1.3942187               5.772982                         20.761799         1037.6115     0.056549853
              1        1981.786       3.0872509      0.95834282       72.792686     0.023342053      0.11629423     0.075827349       1.3341492    0.0023989125       1.0008194       1.0001682      0.99829316       57.787006      0.50592561       6.4923378       3.9959805       9.1862931       12.846935        24.910504        96.26788       272.39192       63.061608        47.28689       100.14676     0.040099704        0.15620668        0.43931566      0.22295945         0.6913037       1.9395975   2.1916744e-09       27.272885       2874.8595       1037.4906       11.946239        8.6036478         3.3425914       3939.6796                 21.227484                  403.1692                           2440.8683                      9.5945271                1.3494265              5.7117694                         20.211689         1037.4906     0.056549853
              7       1976.1698       3.0928073      0.96130608       72.792686     0.023308648      0.11619752     0.079570428       1.3213869    0.0022743742       1.0003443      0.99985809      0.99893619        57.40154       0.5033825       7.8871219        3.244832       7.6672178       12.995394        25.686992       98.785237       252.24608        56.54386       47.806876       101.12242     0.078021692        0.15070369        0.47335076      0.20161376        0.69146133       1.7797791    2.203886e-09       27.833395       2862.1342       1037.5301       12.392649        8.1249098         4.2677389       3927.5542                 20.988611                 405.21468                           2426.6219                      9.3090199                1.3818786              5.7572814                         20.694235         1037.5301     0.056549853
              7        1977.353       3.0928073      0.96130608       72.787105     0.023308648      0.11619752     0.079570428       1.3213869    0.0022743742       1.0003443      0.99978778      0.99868741       58.730118      0.48646665       8.4159678       2.1090419       6.4699865       13.167708        26.776722       100.05181        255.6746       56.919294       48.039081        100.0993     0.057784425        0.13475319        0.45808072      0.22396553        0.66392838       1.7034521    2.203886e-09       27.766907       2863.1735       1037.5236       13.091473        9.0238865         4.0675869       3928.5231                 20.987543                 405.21468                            2427.672                      9.2992788                1.3778615              5.7517206                         20.637325         1037.5236     0.059130624
             12       1975.1287       3.0810908      0.96310778       72.787105     0.023329816      0.11644991     0.075114479       1.3433399   0.00020087789      0.99886926      0.99881228      0.99856017       55.745404      0.36836522       8.0814406        1.843908       7.5121955       13.057965         25.70727       98.364181        253.6914       53.646525       45.456244       103.68785     0.043452785        0.12090224         0.3589023      0.23647265        0.65913835       1.5929218    2.178215e-09       26.969144       2855.3473       1037.4409       15.220493        11.657535         3.5629576       3919.8165                  20.55132                 402.46113                           2422.0371                      10.297812                1.3292884              5.6837065                         19.956149         1037.4409     0.059130624
              8       1976.0447       3.0840995      0.96337913       72.787105     0.023326905      0.11641573     0.076826817       1.3422441   0.00020449537      0.99938938      0.99899412      0.99880037       50.396814      0.47142309       5.4095688       5.5187896       8.2111028       11.654819        21.619424        96.81532       249.23013       54.936116       41.135799       105.92107     0.043008267         0.1227198        0.29497675      0.26198233        0.60589256       1.3834527   2.1847784e-09       27.026222       2855.7793        1037.452       15.886319        12.655035         3.2312846       3920.3167                 20.517364                 403.37575                           2421.5447                      10.341473                1.3332341              5.6891978                          20.00379          1037.452     0.059130624
              2       1975.1942       3.0840995      0.96337913       72.726166     0.023326905      0.11641573     0.076826817       1.3422441   0.00020449537      0.99938938        0.998939      0.99841402       51.880307      0.43104466       4.6585597       6.0033143       9.3211949       12.809628        20.630442        92.90088       256.89295       53.733222       36.563482       103.80769     0.035182141        0.12352357        0.30210695       0.2939175        0.62536464       1.4155446   2.1847784e-09       26.320689       2854.2975       1037.3821       16.148549        13.261113         2.8874356       3918.0913                 20.511824                 403.36752                           2420.2058                      10.212315                1.2906047              5.6280727                         19.402012         1037.3821     0.091061161
              1       1974.2662       3.0839086      0.96361352       72.726166     0.023331301      0.11639672     0.076738454       1.3377016    0.0001332902      0.99940911        0.998681       0.9983896       52.793844      0.40558857        5.196309       5.3896412       8.7098062       12.638183        21.012403       93.655033       249.53066       56.074798       41.307695        104.5061     0.060971124        0.12396077        0.29966916      0.26784258        0.63167094       1.3563125   2.1843615e-09       26.461948       2853.9037       1037.3864       15.344685         12.34539         2.9992949       3917.8431                 20.540411                 403.32778                           2419.7944                      10.241073                1.2982673              5.6393596                         19.524321         1037.3864     0.091061161
              2         1974.05       3.0742266      0.96620064       72.726166     0.023396798      0.11668785      0.07106227       1.3804497    0.0014887347      0.99988792      0.99846626      0.99775218       48.137144      0.36495174       5.5353175       3.2083948        9.143659       13.682666        22.223045       96.551574       256.45269       56.323009       43.079775       113.33428     0.066453603        0.15212827        0.34557702      0.26359758        0.59403585       1.3625667   2.1633144e-09       24.979256       2854.6149       1037.2816       15.566591        13.183555         2.3830356       3916.9668                 20.018419                 400.11241                           2423.4103                      11.073738                1.2125306              5.5112664                         18.255459         1037.2816     0.091061161
              1       1968.4302        3.082543      0.96520811       72.726166     0.023405441      0.11666789     0.070613163       1.3618663    0.0026375533       1.0036288      0.99863758      0.99853137       50.651118      0.35896666       5.0890176       2.8073098       8.1915896       12.334601         20.28162       95.223951       269.62802       54.340925        39.99636       110.86595     0.083715314        0.16022197        0.49276442      0.26696176        0.57840392        1.921853   2.1813803e-09       25.292414       2846.7168       1037.2849        13.73761        11.603295         2.1343142       3909.3852                 20.204167                  400.0511                           2416.6627                      9.7988313                1.2289812              5.5367528                          18.52668         1037.2849     0.091061161
              6       1968.9597       3.0832557      0.96539602       72.726166      0.02338504      0.11671649     0.071013809       1.3605388    0.0027724709       1.0036013      0.99965593      0.99800977       48.545286      0.36819058       6.8967379      0.67599439       8.8098704       11.446447        20.113971        93.71478       243.54363        51.57532       46.293051       118.93926      0.13823428        0.16362604        0.45357307      0.26117424         0.5773888       2.0022144   2.1829356e-09       25.374494       2854.1763       1037.2767       10.500398        8.2113177         2.2890801       3916.9185                 20.180064                  400.2067                           2424.0263                      9.7632062                1.2324865              5.5423604                         18.599647         1037.2767     0.091061161
              3       1969.7263       3.0856266      0.96534832       72.726166       0.0233991      0.11656048     0.073331581       1.3581568    0.0025186872       1.0026976      0.99964775      0.99759446       51.535915      0.47085403       6.0473124       2.1464194       9.0736509       10.744797        17.057814       86.743523       249.68554       51.102323       45.319969       113.34971      0.10228487        0.14322191        0.45424712      0.26524028        0.54003984       1.9807207   2.1881172e-09       25.484716       2854.6124       1037.3181       10.973189        8.6560697         2.3171196       3917.5062                 20.228213                 401.32789                           2423.4362                      9.6200606                1.2418268               5.555777                         18.687112         1037.3181     0.091061161
              6       1969.5167       3.0921028      0.96720148       72.726166     0.023363927      0.11656652     0.076791819        1.358475    0.0024828291       1.0027171      0.99976476      0.99802472       53.672255      0.25012251       6.5753955       3.4295132       10.029149       9.5206953        18.418757        90.54784       238.02447       44.022475       35.325284       104.31759      0.14872186        0.12634461        0.53468182      0.29060005        0.53134986       1.7426189    2.202334e-09       25.665997       2851.1763       1037.3266       12.386693        9.2689308         3.1177619         3914.26                  20.11033                 403.06933                           2418.7749                      9.2217809                1.2519306              5.5710437                         18.843023         1037.3266     0.091061161
              1       1969.0947       3.0921028      0.96720148       72.574218     0.023363927      0.11656652     0.076791819        1.358475    0.0024828291       1.0027171       1.0000439         0.99795       47.220096      0.37807706       6.1092861       3.8757278       10.704368       9.9279623        18.876722       93.929483       239.85293       45.656056       38.017286       112.23823       0.1329504        0.10883538        0.53325554      0.26485826        0.56002958       1.7300236    2.202334e-09       23.983024       2853.9051       1037.1574       11.471667        8.4970406         2.9746264        3915.246                 20.101268                 403.06369                           2421.7309                      9.0091914                 1.150296              5.4153691                         17.417359         1037.1574      0.20058496
              1       1970.3613       3.0887269      0.96474769       72.574218     0.023276449      0.11703558     0.073125463        1.348914    0.0034285227        1.002861       1.0004543      0.99804229        46.72587      0.39509609       6.7267951        1.852423       10.905479       8.7951657        18.735029       94.023257       248.47557       49.172986       42.949216       116.77931      0.14254953        0.11841265        0.55574592      0.25905174        0.58357529       1.7473774   2.1949116e-09       24.287042         2856.47       1037.0501       11.357424        8.8007032         2.5567211       3918.0077                 20.377085                 401.42715                           2425.8687                      8.7971058                 1.156529              5.4280596                         17.702453         1037.0501      0.20058496
             15       1970.7605       3.0872498      0.96436922       72.574218     0.023273349      0.11686424     0.072958434       1.3387161    0.0034086905       1.0024957       1.0000081      0.99724786       61.157827      0.71281505       5.1454942       4.3796657        8.669966       9.0581772        17.245475       80.288721       279.71404       56.622625       42.156126       95.904846      0.17453662         0.1190449        0.50435531      0.18516991        0.57013137       1.7341662    2.191672e-09       24.557576        2856.695       1037.0988       11.484531        8.9287924         2.5557389       3918.5519                 20.421546                 401.34138                           2426.0057                      8.9263621                1.1747261              5.4560198                          17.92683         1037.0988      0.20058496
              2       1968.8486       3.0862528      0.96448401       72.574218     0.023281991      0.11673938     0.072267987       1.3438676    0.0034494501       1.0027867       0.9991303      0.99814811       62.904153      0.58101708        4.417102        2.751478       7.2663172       10.171318        19.333944       85.336921       284.15001        59.30702       40.766133       96.299716      0.15504293        0.14365856        0.36809066      0.23135337        0.55849482       1.5469572    2.189488e-09       24.629954       2852.6128       1037.1316       11.561176        9.5379774         2.0231986       3914.5749                 20.399144                 400.96424                           2422.2626                      8.9869015                1.1813504              5.4657588                         17.982845         1037.1316      0.20058496
              2       1973.8401       3.0945283      0.96536677       72.574218     0.023319482      0.11659467     0.075787156       1.3443112    0.0049595394       1.0034876      0.99984774       0.9987278       65.452461      0.83010323       6.1046719       1.4997615       6.9340408       10.702491        23.114395       88.002077        286.2015       65.441053        50.50997       95.612068      0.11066739        0.13671033        0.37559927      0.20415666         0.6087347       1.4528164   2.2076822e-09       24.499035       2864.3422        1037.162       10.738177        8.5471191         2.1910578       3926.2038                 20.347499                 402.74033                           2432.7151                      8.5392561                1.1773069              5.4585988                          17.86313          1037.162      0.20058496
             12       1972.3167       3.0974504      0.97059683       72.574218     0.023095452      0.11636435     0.076785086        1.317705    0.0033471253       1.0050682      0.99982419      0.99834828       55.563341      0.85188393       5.4641877       4.7550111       7.0724521        8.365895        19.712915       88.608497        261.2375        63.09428       50.852914       107.81832      0.17118455        0.20090399        0.47802166       0.2859982        0.57058861       1.6856705   2.2141428e-09       26.723131       2849.5561       1037.2932       15.430187        12.524764         2.9054228        3913.773                 20.041116                 403.16079                           2417.6057                      8.7484379                 1.303169              5.6487317                          19.77123         1037.2932      0.20058496
              8       1971.6963       3.0832622       0.9707781       72.574218     0.023079802      0.11639523     0.070327663        1.322279    0.0024562506       1.0044866      0.99985501      0.99832793       55.769737      0.80909446       5.4796879       4.9166156       7.0648925       8.2444865        19.489936       88.184109       259.52721       61.739008       49.556133       107.01822      0.17275269        0.19956631        0.47906953      0.28720743        0.57201524       1.6682524     2.18295e-09       26.747083       2848.9511       1037.2887       15.102552        12.112399         2.9901524       3913.1875                 19.951862                 399.81324                           2419.4169                      9.7690942                1.3039811              5.6500334                         19.793069         1037.2887      0.20058496
              1       1967.2198        3.087073      0.97123443       72.574218     0.023161718      0.11616415     0.075300605       1.2758933   0.00036527546       1.0024361      0.99977138      0.99878623       55.144179      0.59394897       6.5162322       5.0636407       6.8734648       9.1595437        21.556851       92.080918       269.29634       53.292503       43.043622        106.7092      0.11473204        0.19083529        0.43595128      0.29570366        0.58667344       1.6741364   2.1912844e-09       27.072708       2841.4341       1037.3326       14.199764        10.189132         4.0106316         3906.04                 20.101545                 402.34763                             2409.22                      9.7649662                1.3246791              5.6794159                         20.068613         1037.3326      0.20058496
              6       1967.1798       3.0877473      0.97079396       72.574218     0.023163191      0.11618195      0.07573773       1.2827369   0.00037185842       1.0022917      0.99905941      0.99832072       50.028979      0.62058672       4.2006002       6.7748758        8.370246       11.432134        22.608337       94.732317       273.11033       48.221083       37.583693       112.78616      0.11798197         0.1549861        0.49032075      0.27199644        0.67362212       1.8488682   2.1927627e-09       26.951471       2848.3121       1037.3269       10.784224        7.8796338           2.90459       3912.7911                 20.110736                 402.59593                           2415.9192                      9.6862088                1.3179543              5.6697137                         19.963803         1037.3269      0.20058496
              5       1969.8191       3.0901159      0.97165718       72.574218     0.023085459      0.11590837     0.074657223       1.3200502    0.0020287718       1.0048913      0.99960639      0.99841085       44.734619      0.51151189       2.9541183       6.3561466        10.23151       11.162255        21.763844       97.905581       290.53372       49.731791       34.131138       120.47984     0.080672833        0.13438239        0.50850945      0.26819072        0.70314692       1.8367357   2.1979626e-09        27.26362       2851.9131       1037.4316       11.414626        9.2579055         2.1567204       3916.8089                 19.910464                 401.85905                           2420.5252                      9.6184488                1.3435762              5.7046308                         20.215413         1037.4316      0.20058496
              1       1965.3255       3.0834354      0.97065195       72.574218     0.023130301      0.11581909     0.073460933       1.3075101    0.0011309412       1.0028405      0.99948364      0.99815144       45.143797      0.65969822       4.0312174       7.2253664       9.3313758       10.537773        19.914702       97.412752        276.1078        47.11954       39.613061       116.17973      0.13163957         0.1318478        0.51428502      0.30421521        0.67384411       1.9649532    2.183328e-09       27.245417       2844.4904        1037.445       10.634883        7.6488185         2.9860646       3909.3813                  20.00001                 401.29541                           2412.9724                      10.222523                1.3438658              5.7047526                         20.196799          1037.445      0.20058496
              6       1966.5301       3.0831278       0.9700441       72.574218     0.023160102      0.11587687     0.072753738       1.3005555    0.0015258898       1.0031691      0.99954353      0.99760035       45.779745      0.83504727       3.0192668       9.0409819       9.1204172       10.669809        18.133435       93.817394       282.64491       48.399027        40.26147       113.35143     0.097313277        0.12885475        0.47268362      0.32150588        0.64854389       1.7777726   2.1826564e-09        27.04372       2845.0202       1037.4186       11.688556        8.6091881         3.0793682       3909.6831                  20.04741                 400.94693                           2413.8784                      10.147395                1.3310972              5.6868334                         20.025789         1037.4186      0.20058496
              5        1966.595       3.0827593      0.96843939       72.574218     0.023090621      0.11610753     0.072844933       1.2811015    0.0022087145        1.002726      0.99959595      0.99800701       40.439913      0.88347957       2.2393713       9.3923312       8.7061374       12.187116        20.225563         101.002       297.15993       49.846599       40.264563       117.88818      0.09501172        0.14807681        0.49453452      0.31879976        0.69080658       1.9694354   2.1818524e-09         27.6217       2845.8656       1037.3704       11.065892         8.377348         2.6885445       3911.0583                 20.242578                 401.24011                           2414.1359                      10.246959                1.3562506              5.7242397                          20.54121         1037.3704      0.20058496
             12       1966.8743       3.0833595      0.96834802       72.574218     0.023109313      0.11590387     0.072272475       1.2677628    0.0021997172       1.0036824      0.99956149      0.99825877       43.718755      0.81570432        3.552804       9.5484748       9.9805349       11.932274        19.269775       97.038563       266.30996       42.814725       38.614826       113.88613     0.082017549        0.17211582        0.48470927      0.35878293        0.66481019       1.8384396   2.1831623e-09       27.884923       2838.5855       1037.4257       14.825965        10.982478         3.8434866       3904.0967                 20.281922                 400.91637                           2407.2079                      10.179258                1.3748718              5.7496134                         20.760438         1037.4257      0.20058496
              2       1969.5668        3.088673      0.96975137       72.574218     0.023024886      0.11589163     0.071863815       1.2935179    0.0019572456       1.0067998      0.99960837      0.99846816       44.304908       0.6646125        2.633844       9.5445442       8.9778612       10.981642        16.245343       94.446942       275.47802        40.88622       34.986114       114.36513     0.088194411        0.18233658        0.43250849      0.34796642        0.66505783        1.810819   2.1947935e-09        28.12866       2840.4725       1037.4549       16.438469        13.413336          3.025133       3906.2566                 20.069673                 400.66016                           2409.9982                      9.7443919                1.3900608              5.7705038                         20.968096         1037.4549      0.20058496
              3       1969.8286        3.075362      0.96728699       72.574218     0.023074321      0.11715825     0.063861274       1.3735019    0.0020680155        1.006396      0.99960465      0.99841907       43.388542      0.70713596       2.9055803       8.8165727       8.8697125       11.130596        16.116317       94.415646       274.47747       41.623547       38.412081       117.88217     0.098917118        0.18165957        0.41672288      0.33792261        0.65111933       1.7831653    2.165772e-09       25.016416       2846.4013       1037.0722       15.483369        12.592196          2.891173       3908.6905                 19.915351                 397.37514                           2418.7795                      10.331327                1.1957846              5.4900193                         18.330612         1037.0722      0.20058496
              2       1971.1501       3.0784861      0.96738065       72.574218     0.023064602       0.1172927     0.065485948       1.3729935     0.002358339       1.0062337      0.99984504      0.99844648       52.153449      0.37305701       2.6409721       8.2402532       10.081817       10.319422        14.133224       86.719856       296.92621       41.906431       32.490411       108.43478     0.062372505        0.14221468         0.4171337      0.30398797        0.55946131       1.6999816   2.1725487e-09       25.015962       2848.9691       1037.0375       15.538552        13.032333         2.5062186       3911.2232                 19.928255                 397.93554                           2421.0565                      10.048869                1.1925909              5.4858389                         18.337532         1037.0375      0.20058496
              1       1972.7375       3.0696717      0.97111262       72.574218     0.023052794       0.1172817     0.066840137       1.3574154    0.0040098227       1.0012828      0.99964996      0.99836726       50.441038      0.48563221       3.0151492       7.5817609       10.219208        10.34509        13.752017        86.02224        284.3648       39.945512       35.165887       110.25194      0.06844171        0.14075217        0.41962092      0.28189381         0.5400812       1.6287926   2.1534831e-09       25.385935        2857.735       1037.0438       12.554868         10.06816         2.4867083       3920.3653                  19.79934                 398.37707                           2428.0703                      11.488328                1.2119775              5.5160993                         18.657858         1037.0438      0.20058496
              1       1967.2592       3.0696717      0.97111262       71.810993     0.023052794       0.1172817     0.066840137       1.3574154    0.0040098227       1.0012828      0.99955378      0.99821095       51.104458      0.88704245       2.9311927       6.8141993        10.19699       11.496244        17.900038       89.835022       286.18549       48.070201       40.924707       105.63697     0.069872534        0.15007467        0.52828254      0.27854158        0.55127608        1.525408   2.1534831e-09       17.682847       2855.0043       1036.2897       12.072538         9.831851         2.2406868       3910.3733                 19.793402                 398.42232                           2426.9608                      9.8278032               0.75316793              4.7133827                         12.216296         1036.2897       1.3965046
              5       1956.7504         3.07429      0.97088833       71.810993     0.023067951      0.11822993     0.068060118       1.3406137    0.0027008059        1.001245      0.99936985      0.99881022       54.672973      0.79274307       3.5743428       5.6906415       11.318442       11.028486         17.44747       88.905995       265.73146       42.346457        40.80595       101.94912     0.054141064        0.15445116         0.4652975      0.32497007        0.52474285        1.695752   2.1634515e-09       16.934792       2828.9029        1036.076       15.095289        12.875153         2.2201361       3883.3102                 19.843999                 398.95902                           2400.8657                      9.2341751                0.6976049               4.601901                         11.635287          1036.076       1.3965046
             11       1960.8758       3.0946918       0.9741812       71.810993     0.023051845      0.11769216     0.077794577       1.3375008    0.0034622816        1.002536      0.99924008      0.99876711       53.151787      0.76373225       3.7224379       5.1072632       11.303482         10.3843        16.955916       89.138011       258.41069       40.790659       40.517084       104.74203     0.054572904        0.15455979        0.44908254      0.32353638        0.53124199       1.6898787   2.2080433e-09       17.568768       2835.7372       1036.1968       15.426212        13.272912         2.1532998       3890.8993                 19.770207                 403.63367                           2403.8329                      8.5004123               0.73984509              4.6883861                         12.140537         1036.1968       1.3965046
              3       1962.6426       3.0675565      0.97128464       71.810993     0.023055804      0.11803458     0.062381476       1.3649124    0.0032628866       1.0036034      0.99928645      0.99870391       51.723225       0.7131123       3.3294035       5.8408022       9.6734255        9.243927        12.785345       83.578109       281.15663       41.190354       41.628286       109.06937     0.082403071        0.14270352        0.52616372      0.28259218         0.4470923       1.9152166    2.148933e-09       16.866802       2838.5959       1036.1206       16.152692        13.980601         2.1720906       3892.9798                 19.789169                 396.96725                           2412.1491                      9.6903835               0.69773192              4.6006754                         11.568394         1036.1206       1.3965046
              3       1963.2587       3.0678549      0.97105148       71.810993     0.023064884      0.11806332     0.062632361       1.3683094    0.0030601396       1.0034426      0.99921816      0.99860238       51.093599       0.6683529       4.6901558       5.3208645       9.5867851       9.1533118        14.242486       87.332115        278.8991       40.178491       43.428716       107.76039     0.068149972        0.12327056        0.52088061      0.28072424         0.4760939       1.7712513   2.1495743e-09       16.743709       2840.6358       1036.1124       15.814502        13.182708         2.6317942       3894.8884                 19.791277                 397.01996                           2414.1941                      9.6304533               0.69076014              4.5857598                         11.467189         1036.1124       1.3965046
              5       1955.5247       3.0744321      0.96507696       71.810993     0.023153069      0.11803576     0.067058717       1.2926174     0.004022988       1.0017968       0.9999301      0.99932461       52.120574      0.55643508       4.3099808       6.3943769        6.035563       7.9417958        15.216904       89.704351       291.56801       45.399803        41.04045       108.66834     0.087402944        0.13218512        0.36623272      0.26744864        0.54882929       1.7046753    2.163759e-09       17.178269       2826.0706       1036.0993       15.152345        12.336643         2.8157022       3880.7448                   20.3519                 398.83705                           2397.9138                       8.967855               0.71193169              4.6320969                          11.83424         1036.0993       1.3965046
              4       1957.6108       3.0755955      0.96564766       71.810993     0.023163592      0.11805493     0.067857728       1.2845272    0.0039234707       1.0012431      0.99995504      0.99879995       46.978245      0.58227346       4.1879633       6.8364375       4.6647892       6.9230599        13.597699       89.915166       294.90437       45.285521       41.877126       113.82514      0.10155062          0.124685        0.38046756      0.27895704        0.53928971       1.5733529   2.1662778e-09       17.186345       2828.5392        1036.093       16.003319        13.080279         2.9230404        3883.215                 20.366163                 399.17119                           2400.1805                      8.8213541               0.71181736              4.6320659                         11.842462          1036.093       1.3965046
              2        1956.477       3.0755955      0.96564766       71.683611     0.023163592      0.11805493     0.067857728       1.2845272    0.0039234707       1.0012431       1.0001532      0.99907144       46.497231       0.6802417        2.338143       8.5554709       5.1889658       8.6276904        15.619406       93.675015       321.33045       45.584068       36.491674       109.57368     0.076852442       0.081395909        0.39273805      0.24224932        0.55247281       1.8896058   2.1662778e-09       16.100827       2829.9048       1035.9873       14.630013        12.177995          2.452018       3883.6939                 20.351177                 399.18132                           2401.6905                      8.6818046               0.64785121              4.4945708                         10.958405         1035.9873       1.7009892
              9       1960.1333       3.0763039      0.96576622       71.683611     0.023174634      0.11802238     0.068581345       1.2865073    0.0038322502       1.0009236      0.99998774      0.99761001       43.716821      0.77961093       4.7873654       6.6633054       5.2115327       8.2903313        15.401049        94.80257       299.13218       46.361227       46.269264        114.2477     0.090663328       0.085212259         0.4713698      0.21868489        0.46376359       1.9501425   2.1678129e-09       16.056648       2834.9705       1035.9917       15.773406        12.463511         3.3098951       3888.7199                 20.351918                  399.4578                           2406.5114                      8.6494256               0.64594407              4.4900827                         10.920621         1035.9917       1.7009892
              5       1959.9565       3.0916522      0.96622859       71.683611     0.023180902      0.11781255     0.075772891       1.2710234    0.0021739904       1.0018669      0.99993964      0.99812375       38.499416      0.89905902       6.3547722       7.0466383       5.9134079       9.6054917        19.500105       104.30974       275.48087       41.732975       50.145049       119.58589      0.10379131         0.1168901        0.51688949      0.22416547        0.44594616       1.9805222   2.2013418e-09       16.349638       2833.1551       1036.0342       16.336522        11.012859         5.3236631         3887.24                 20.502723                 403.13309                           2401.2661                      8.2532454                0.6643262              4.5300324                          11.15528         1036.0342       1.7009892
              4       1964.3391       3.0834272      0.96581778       71.683611     0.023008024      0.11799527     0.072870831       1.2907639    0.0010964626       1.0009437       0.9990585      0.99762227       45.075305        0.431733       6.2644292        6.474682       8.6975269       9.6372865        21.300999       104.16738       248.32871       40.924891       36.310158       107.46373     0.039352987        0.11766052        0.51380054      0.17563183        0.40296429       1.4116451     2.18331e-09       16.898118       2833.8939       1036.0321       20.076582        15.338544         4.7380379       3888.5251                 20.376494                 401.64207                           2403.2943                      8.5809983               0.69213345              4.5914849                         11.614499         1036.0321       1.7009892
              4       1963.5798       3.0839386      0.96580055       71.683611     0.023017474      0.11811609     0.073294556       1.3012784   0.00093078886       1.0001803      0.99886926      0.99831913       52.858089      0.38702289       4.8903163       6.6079687        8.925999       9.1428621        15.445734       92.311852       212.24462       38.603614       39.698721       104.33387     0.080453874        0.10854784        0.64431389      0.16445692        0.52093002       2.1269657   2.1844269e-09       16.621737       2840.5853       1036.0049       16.123346        12.754167          3.369179       3894.9129                 20.369185                 401.87499                           2409.8639                      8.4772725               0.67583831              4.5566419                         11.389256         1036.0049       1.7009892
              2       1963.1931       3.0839516      0.96585108       71.683611     0.023020817      0.11811523     0.073273616       1.3019391   0.00087177351        1.000202      0.99909494       0.9985254        58.20941      0.24558209       4.9969339       6.1575583       6.2797964       8.8274735        14.672103       86.548354       230.60203       36.717383         36.3579       95.943997       0.1023735         0.1276566        0.59045357      0.12520643        0.47005987       2.2554037   2.1844553e-09       16.620923       2838.8376       1036.0044       16.611119        13.390947         3.2201717       3893.1639                  20.38045                 401.87272                           2408.1095                      8.4749682               0.67575446              4.5564745                         11.388694         1036.0044       1.7009892
             10       1960.3931       3.0868494      0.96710368       71.683611     0.023041313      0.11782678     0.075455469       1.2975334   0.00088776219       1.0014789        0.999426      0.99904511       64.658016      0.35038616         5.39106        6.230711        8.096552       9.9425103        14.802963       83.125867       249.68178       42.909437       39.885533       88.010303      0.11273564         0.1065277        0.48932064     0.098174667        0.50015482       2.2815997   2.1907945e-09       16.811029       2835.5033       1036.0608        15.35501         11.74351         3.6115006       3890.0761                  20.22156                 402.90399                           2403.7087                      8.6690616               0.69005048              4.5859545                         11.535024         1036.0608       1.7009892
              1       1961.8103       3.0793726      0.96536841       71.683611     0.023072871      0.11751114      0.07198588       1.2694085    0.0017575234       1.0013493      0.99944422        0.999048       65.766792      0.32366779       5.2436683       6.6312298       8.0461392       10.108757        15.019531       82.912411       254.46799       44.000296       39.324296       86.538709      0.11322181        0.10563625        0.48868431     0.097391834        0.49761235       2.2713857   2.1744754e-09       17.164492       2837.7544       1036.1219       15.439457        11.728432         3.7110249       3892.7418                 20.404891                  401.1513                            2407.149                      9.0491402               0.71307791              4.6338061                         11.817608         1036.1219       1.7009892
              3       1961.6779       3.0781024      0.96569417       71.683611     0.023070963      0.11749147     0.071374981        1.267838    0.0017525821       1.0013742      0.99951646      0.99869172        64.23582     0.053402382       5.8903391       7.6561895       8.9500115       10.881367        14.588738       82.493565       246.75197       34.378777       29.958556       84.845014      0.10794706       0.097758492         0.5114933      0.11613087        0.46863078       2.1823777   2.1717152e-09       17.211004       2834.7224       1036.1266       16.797452        11.587263         5.2101897        3889.761                  20.37482                 400.80764                           2404.3939                      9.1460408               0.71583691              4.6395787                         11.855588         1036.1266       1.7009892
              1       1957.9933       3.0693818      0.96434168       71.683611      0.02309037      0.11780722      0.06721013       1.2745504    0.0025421824       1.0006562       0.9984828      0.99858519       66.487725      0.14023273      0.61010665        9.435248       8.8729204       9.8210334        9.4473846       72.586372       293.09138       42.596353       22.744145       81.922188      0.13856212        0.10700643        0.51551867      0.15440176        0.43581266       2.0417842    2.152859e-09       16.826282       2826.9785       1036.0545       17.213166        15.149467         2.0636999       3881.5602                 20.427177                 398.93622                           2397.9545                       9.660583                0.6903169              4.5867508                         11.549214         1036.0545       1.7009892
              1       1960.7285        3.067849      0.96520476       71.683611     0.023103259      0.11804405     0.066054782       1.2974992     0.001773672        1.001275      0.99820904      0.99876683       69.692211      0.31746423       0.8067303       8.1890072       8.0417658       11.616278        11.552033       74.089815       276.83798       44.130158        25.69345       77.758825       0.1497907        0.10224867        0.55863856      0.12992163        0.49253482       2.0412673   2.1495616e-09       16.294041       2832.4192        1036.002       17.520365        15.502791         2.0175735       3886.4162                 20.209196                 398.40685                           2403.9068                      9.8962925               0.65890702               4.519011                         11.116123          1036.002       1.7009892
              3        1959.089       3.0620201      0.96698384       71.683611     0.023064959      0.11776931     0.064988087       1.2978747    0.0019224698       1.0000893      0.99831075      0.99837744       57.563334      0.15662579       5.1547418       7.2110225        8.156302       11.461428        16.947498       87.522987       214.95785        33.86845       25.774035       93.148513       0.2109225        0.14266837        0.54136753      0.12955043        0.51860048       2.1381564   2.1370685e-09       16.716346       2827.4009        1036.068       18.145922        14.155869         3.9900523       3881.8862                  20.04665                 397.93042                           2398.6531                      10.770773               0.68579886               4.576401                         11.454146          1036.068       1.7009892
              2       1956.4108       3.0643702      0.97020711       71.683611     0.023190859      0.11749675     0.065886604       1.2559524    0.0025156587       1.0005638      0.99870847      0.99806013       53.211695     0.092559878       5.5477034       5.3544733       9.2150186       10.405979        14.443687       86.806377       216.69198       33.636747       30.176291       101.89197      0.19466967        0.13224512         0.5750849      0.13646628        0.49736873       2.1544784   2.1420967e-09       16.743936       2825.8281       1036.0994       16.224573        12.963664         3.2609096       3880.3724                 20.005136                 398.17189                           2397.1754                      10.475616               0.68973925              4.5839635                         11.470233         1036.0994       1.7009892
              8       1955.5404       3.0671807      0.97099899       71.683611     0.023190547      0.11754582     0.068066296       1.2531011    0.0023296641      0.99986733      0.99899457      0.99836403       50.920206     0.065595096        6.216776       4.1543267       8.9970935       9.5537385        13.897033       87.240819       198.75017       32.311297       31.674288       107.56125      0.19209841        0.13832615        0.55670743      0.16300019        0.58673898       2.0084656   2.1481255e-09         16.7082       2829.9282       1036.0889       13.327268        10.133564         3.1937036       3884.4263                 19.976776                  398.9908                             2400.72                       10.24058               0.68706707              4.5784696                         11.442663         1036.0889       1.7009892
              3       1955.5501        3.069741      0.97383331       71.683611     0.023195673      0.11703755     0.070338615       1.2143812    0.0015616246      0.99968939      0.99884856      0.99826558       50.193229     0.027690548       6.5174797       3.6146231       8.7861022        9.719059         13.46978       86.418093       194.19648       30.116387       31.597858       108.58437      0.18331328        0.13392884        0.56959869      0.15543568        0.58022995       1.9488394   2.1536324e-09       17.518781       2828.4024       1036.1994        13.63933        10.475384         3.1639469       3883.8216                 19.945184                 399.90814                           2398.2599                      10.289193               0.73749823              4.6833441                         12.097939         1036.1994       1.7009892
              3       1956.8811       3.0707336      0.97369492       71.683611     0.023190668      0.11716235       0.0705611       1.2160954    0.0011244369      0.99981255      0.99900531      0.99770847       43.778599      0.23430637       7.2340203       4.0273198       8.2165784       8.9681234        12.340561       87.508449       198.79207       27.056404       37.435114        118.3647      0.17605629        0.13093075        0.50914492      0.16744341         0.5968811       1.8151816   2.1557712e-09       17.402738       2831.3988       1036.1727       13.543476        9.4575148         4.0859609       3886.6752                 19.948678                 400.01434                           2401.2845                      10.151305               0.72938962              4.6670207                         12.006328         1036.1727       1.7009892
              4       1957.5266        3.075617      0.97306505       71.683611      0.02309924      0.11718883     0.074113377       1.2227145    0.0012597575      0.99895104       0.9989456      0.99778365       46.529336      0.24143821       7.5093134        4.560716       6.7469298       8.7990097        11.875248       85.072068        204.1953       28.977032        37.13869       113.49205      0.17445815          0.136392        0.52499859      0.18144114        0.61907393       1.8402641   2.1663243e-09       17.833072       2829.7485       1036.1872       14.791733        9.9928283         4.7989043       3885.4697                 19.980948                 401.88916                           2397.9775                      9.9008245                0.7525483              4.7153667                         12.365157         1036.1872       1.7009892
              1       1959.1378       3.0728816      0.97218751       71.683611     0.023124104      0.11694022     0.072972371       1.1950013    0.0013007445      0.99887547      0.99965584      0.99783802       43.497705      0.40710959       5.9263792        7.187925        7.852483        9.310939        13.736233       90.297982       204.30424       32.151614        35.00343       110.98439      0.18806076        0.19481848         0.5640236      0.26941295        0.55154918       1.7214783   2.1604068e-09       18.146623       2829.5608       1036.2375       16.314811        11.441105         4.8737057        3885.646                 20.085513                  401.3002                           2398.0187                      10.156404               0.77271822              4.7555081                         12.618397         1036.2375       1.7009892
              8       1957.7462        3.075505      0.97146476       71.683611     0.023138716      0.11720246     0.073584792       1.1876725    0.0014931116      0.99915657      0.99960609      0.99754964       42.440673      0.56074446       6.4737312       6.8200708       6.7248372       9.4646774        14.633951       90.711547       206.30333       34.482469       39.845539       114.42304      0.16822477        0.19542756        0.53688033      0.27792367        0.58775321       1.6801618   2.1660818e-09       17.896246       2827.7446       1036.1753       15.987598        10.694919         5.2926791       3883.5172                 20.178019                 401.70042                           2396.0781                      9.7881273               0.75477822              4.7204036                         12.421064         1036.1753       1.7009892
              3       1953.7396        3.075505      0.97146476       71.416116     0.023138716      0.11720246     0.073584792       1.1876725    0.0014931116      0.99915657      0.99939443      0.99743811       43.458779      0.39518295       5.0574121       9.3465344       7.5942058       9.6147363        12.995708       87.780375       216.08768       29.682886       30.572145       108.10533      0.15110818        0.18968754         0.5279964      0.25809013        0.63144937       1.6151614   2.1660818e-09       15.643254       2822.8429       1035.9511       15.301959         9.783403         5.5185561       3876.8753                 20.173811                 401.78594                           2391.5409                      9.3422273               0.62155843              4.4354806                         10.586215         1035.9511       2.4380541
              2       1954.0514       3.0754328      0.97145667       71.416116     0.023137585      0.11721682     0.073524333       1.1874533    0.0014652712      0.99867637      0.99944649      0.99744476       44.132713      0.37992578       5.2107008       9.0337518       7.8659906       8.9282281        11.834826       86.005861       208.98498       28.834024       30.681706         107.147      0.14174499        0.18830429        0.51799118      0.26778175        0.62856595       1.6170679   2.1659253e-09       15.622915       2823.0963       1035.9484       15.498568        10.039315         5.4592532       3877.1056                 20.192644                 401.72544                           2391.9929                      9.1852657               0.62030325              4.4326595                         10.569952         1035.9484       2.4380541
              5       1951.6937       3.0710802      0.97109748       71.416116     0.023119847      0.11739199     0.070870592       1.1903989    0.0012751994      0.99893952      0.99919406      0.99783684       50.894556      0.39355736       4.6375493       7.1596177       9.3133438       11.105551        12.502513       82.139608       217.20638       25.763566       28.397122        101.6321      0.12177136        0.17319954        0.50964671      0.25293177        0.62506192        1.527005   2.1565184e-09       15.517815        2824.547       1035.9164       12.484119        9.0330508         3.4510685       3878.4192                   20.1745                 400.41924                           2394.4888                      9.4644987               0.61240954              4.4153888                         10.490016         1035.9164       2.4380541
              5       1950.2805       3.0722171       0.9702899       71.416116     0.023043884      0.11748636     0.069380661       1.1661548    0.0042801191       1.0008408      0.99928475      0.99752431       54.990888      0.22685102       5.0723484       6.3256934       8.0788556       10.135332        10.942888       77.639149       227.46397       28.986093       29.855561       101.45624     0.083844378        0.16043114        0.51304516      0.23408135        0.58778329       1.5378821   2.1589717e-09       16.072405       2819.5295       1035.9126       13.304221        9.9301178         3.3741029       3873.9526                 20.290908                 399.83363                           2389.9573                      9.4476402               0.64036629              4.4802057                         10.951833         1035.9126       2.4380541
              1       1947.5393       3.0722171       0.9702899       71.046022     0.023043884      0.11748636     0.069380661       1.1661548    0.0042801191       1.0008408      0.99922769      0.99726254       46.731985      0.10033976       4.9043533       3.9469049       9.9508603       10.814671        12.428088       84.944207        250.3102       35.553827       33.897801       115.47149     0.098413756        0.16872635        0.41742158      0.22276909        0.60529543       1.7079357   2.1589717e-09        13.20118       2818.7679       1035.6357       11.898947        9.5890721         2.3098753       3871.2808                 20.259272                 399.86167                           2389.7123                      8.9346271               0.47208954              4.0747536                         8.6543366         1035.6357        3.675986
              6       1944.8876       3.0769234      0.97036195       71.046022     0.023048766       0.1178507     0.072755463       1.1565967    0.0035216097      0.99953159      0.99991002      0.99746476       42.128979      0.20329822        5.607646       2.8476869       10.020777        11.32418        15.586647       93.052415       256.72642        36.48975       39.676296       122.11067      0.11496172        0.18003031        0.47241652      0.20379007        0.62558366       1.6019113   2.1691564e-09        12.97656       2817.0939       1035.5715        10.22862        7.9120677         2.3165525       3869.3179                 20.340801                 401.58427                           2386.4645                      8.7042982               0.45581195              4.0334082                         8.4873398         1035.5715        3.675986
              2       1945.0959        3.078007      0.97000954       71.046022       0.0230724      0.11785114     0.072799869       1.1686185    0.0032976866       1.0002893      0.99944633      0.99785576       43.545098      0.19158849       5.8521043       1.7412494       9.7793229       11.922987        17.521903       96.045263       250.11951       40.169837       41.188202       121.28407     0.089379655        0.17729511        0.51087427      0.21008325        0.63424173       1.9049482   2.1715081e-09       12.780441        2817.571       1035.5674       10.298484        8.1378894         2.1605949       3869.5948                 20.310831                 401.58236                           2386.9984                      8.6793799               0.44541491              4.0049885                         8.3300372         1035.5674        3.675986
             21        1944.224       3.0774154      0.96860173       71.046022     0.022958827      0.11819814     0.072651137       1.1895234    0.0025960771       0.9999613      0.99890325       0.9983579       44.829221       0.2511913       6.1094915        2.945735       7.4289625       11.991051        20.494406       99.257282       259.27618       40.376811       40.394324        117.7495      0.10034771        0.17515635        0.58166365      0.23702047        0.65287979       2.1046064   2.1702238e-09        12.84078        2811.813       1035.5281       12.295121        9.7012181         2.5939027       3863.8578                 20.337892                 401.60536                           2381.0934                      8.7763187               0.44562929              4.0073181                         8.3878322         1035.5281        3.675986
              2       1945.7903        3.067049      0.96848992       71.046022     0.022940937      0.11826698     0.066964597       1.1915343    0.0016420381      0.99996371      0.99896695      0.99856894       37.761595    0.0080564405       6.4784615       4.2208163       7.7609093       12.633627        22.293127       106.33854       252.19316         33.1904       31.548936       122.56236     0.063222499        0.17527673        0.58204473      0.24719579         0.6329982       1.8830474   2.1478427e-09       12.865229       2810.1259       1035.5197       14.696943        11.242114         3.4548288       3862.1868                 20.294238                 398.94376                            2381.664                      9.2239104               0.44624467              4.0093988                         8.4095851         1035.5197        3.675986
              9       1946.1643       3.0719315      0.97091678       71.046022       0.0229261        0.118418     0.069202378       1.1905649   0.00094425747      0.99938815      0.99902583      0.99854355        35.21469     0.066965559       6.6605956       3.0351591       7.6636675       12.105136        21.717975       106.45345       242.22329       31.804618       33.525564       126.65798      0.06176483        0.17560894        0.58289661      0.24702633        0.63385026       1.8915166    2.158355e-09       12.831213       2812.3916       1035.4973       13.966211        10.972338         2.9938732       3864.3961                 20.187118                 399.85819                            2383.479                      8.8673244               0.44281569              4.0009137                         8.3874832         1035.4973        3.675986
              4       1946.8406       3.0762471      0.97170113       71.046022     0.022972816      0.11826239     0.071413359       1.1841377    0.0010091893       0.9994535      0.99905283      0.99847418       36.246712     0.019953299        7.978497       2.3282579       7.8047859       11.676409        22.344391       106.70795       229.57678       29.218994       33.848528       125.34718     0.072173189        0.18566161        0.58358134      0.23167273        0.62967924       1.9133456   2.1676897e-09        12.76289       2812.9803       1035.5152       14.373435        10.617485         3.7559504       3864.9343                 20.170547                 400.87755                            2383.252                      8.6802278               0.44067758              3.9941626                         8.3280495         1035.5152        3.675986
              2       1946.8524       3.0757492      0.97199675       71.046022     0.022987649      0.11810319     0.070552803       1.1869178    0.0010902086      0.99997839      0.99914213      0.99857176       38.201963     0.067970043        8.337393      0.82680069       7.7869594       11.739512        21.932618        105.0702       226.08945        30.01293       36.602848       125.46646     0.091723368        0.18961434        0.58288144      0.20367962        0.62978978       1.8007743   2.1666108e-09       12.802605       2815.0746       1035.5391       13.306272        10.078864         3.2274081       3867.0924                 20.144603                 400.41612                           2385.8761                      8.6378003               0.44449274              4.0036801                         8.3544323         1035.5391        3.675986
              2       1946.2567       3.0764762      0.97188849       71.046022     0.022972933      0.11815323     0.070461318       1.1862339   0.00074012686       1.0003692      0.99898203      0.99868687       41.696348     0.066564253       7.9117428      0.53410973       7.5514344       11.171184        21.576012       103.21075       226.87966       33.455606       36.003346       120.97161     0.082035699        0.20409677        0.57822889      0.23015637        0.62411081       1.7667413   2.1681865e-09       12.835689       2811.8543       1035.5332       14.307049        11.531859         2.7751896       3863.8992                  20.15817                 400.39693                           2382.6708                      8.6284484               0.44575124              4.0074263                         8.3825114         1035.5332        3.675986
              5       1945.6338       3.0779402      0.97183572       71.046022      0.02297807      0.11830426     0.071002912       1.1834618   0.00081744482       1.0003719      0.99894263      0.99859195       41.751021     0.066989036        7.841561      0.55938496        7.560556       11.082279        21.287552       102.72343       225.54512       32.956314       35.635988       120.50709     0.082689497        0.20180581        0.57458261      0.23142956        0.62690762       1.7563388   2.1713631e-09       12.751217       2811.3118       1035.5074       14.010585        11.270679         2.7399058       3863.2464                 20.188262                 400.68683                           2381.8333                      8.6034413               0.43950101              3.9912374                         8.3204784         1035.5074        3.675986
             15       1945.0054       3.0800083      0.97076589       71.046022     0.022953681      0.11825029     0.071686592       1.1619867   0.00071418192       1.0007299      0.99927449      0.99892335       42.430603     0.078206601       7.4447196       2.8063314       7.9739712       11.276038        21.014261       103.19702       237.49316       28.544376       30.058875        115.5171     0.063197867        0.18975943          0.545761      0.28866759        0.59777538       1.7069354   2.1758582e-09       13.011386       2807.4538       1035.5203       15.174732        11.644609          3.530123       3859.6614                 20.340143                 401.11509                            2377.446                      8.5525352               0.45374184              4.0300063                         8.5276382         1035.5203        3.675986
              2       1944.2999       3.0804264       0.9705303       71.046022     0.022954353      0.11820623     0.071898379       1.1705778   0.00079627051       1.0007549      0.99911882      0.99882975        42.65989       0.1227297       6.8102901       3.4528832       8.3680997       11.187983        20.782251       101.93149       241.47837       30.141478       28.743177       114.36438     0.064485407        0.17949183        0.56007274      0.28063896        0.57304605       1.7492317   2.1767682e-09       12.982366       2806.6591       1035.5275       14.877395         11.55339         3.3240047        3858.845                   20.3365                 401.25438                            2376.543                      8.5252278               0.45281367              4.0271384                         8.5024142         1035.5275        3.675986
              1       1944.0668       3.0826374      0.97157865       71.046022     0.022955756      0.11822118     0.072788119       1.1643838     0.001310812       1.0010125      0.99934837      0.99917637        37.58014     0.057534407       7.1044235       3.2051793       9.9103227       11.141717        23.274177        110.3776       228.10981       30.385126       28.983697       118.63777     0.088713308          0.164914        0.58725843       0.2557819        0.63439981       2.0632974   2.1815863e-09       13.027908       2807.8859       1035.5248       14.009562        10.562689         3.4468725       3860.1146                 20.288691                 401.62756                           2377.4409                      8.5287456                0.4549257              4.0330478                         8.5399345         1035.5248        3.675986
              4       1945.1064       3.0854163      0.97132053       71.046022     0.022944749      0.11801662     0.074466368       1.1556445    0.0017123466       1.0009728      0.99919975      0.99875506       38.249165     0.096914302        7.758133       2.1687694       10.413791       11.513675        23.231047       110.18874       229.75499       32.594295       31.674631       119.10412      0.11487218        0.15106571        0.61004842      0.26725724        0.57349243       1.8112884   2.1876572e-09       13.300504        2809.529       1035.5609       14.073208        10.620962         3.4522458       3862.0664                 20.360002                 402.56391                           2378.1337                      8.4713384               0.47157692              4.0765835                         8.7523434         1035.5609        3.675986
              6       1948.3013       3.0903039      0.97149552       71.046022     0.023060536      0.11780375     0.075861655       1.1279625    0.0012190836       1.0018936      0.99948614      0.99844556       37.375371      0.35390076       7.8792258      0.62793453       10.802897       12.666768        25.443123       113.90707       241.56035       43.698016       41.158876       125.23958      0.15432128        0.15477659        0.59990023      0.22129561        0.56877346       1.9384036   2.1983757e-09       13.133346        2817.703       1035.5775       13.256403        10.463966         2.7924371       3870.0898                 20.495771                 403.34278                           2385.4672                      8.3972383               0.46430221               4.056248                         8.6127958         1035.5775        3.675986
              1        1951.557       3.0894648      0.97182039       71.046022     0.023052208      0.11762137     0.076032907       1.1218883    0.0013706328       1.0015869      0.99950828      0.99817966       34.180631      0.60607574       8.9419727      0.95854832        13.48342       12.877007        25.806847       113.02361       197.07492       44.075539       48.143932       129.87311      0.19567537        0.15680936         0.6077476      0.16533228        0.57584881       1.8639694   2.1965319e-09       13.348857       2814.9054       1035.6105       17.786606        13.922202         3.8644036       3867.5407                 20.477665                 403.39261                           2382.6697                      8.3654243               0.47782069              4.0911462                         8.7798901         1035.6105        3.675986
              5       1950.3686       3.0873919      0.97130669       71.046022     0.023047762      0.11768791     0.074789248       1.1142022    0.0011537859       1.0022289      0.99943618      0.99787204       38.033543      0.56154813       9.3495987       1.2603652       12.529977       10.879857        23.682764        108.4559       197.93463        44.61831       48.913028       125.23774      0.21386669        0.16074515        0.64883638      0.17564601        0.56917338       1.8346865   2.1919835e-09       13.369262       2810.9446       1035.5997       18.573814         14.04767          4.526144       3863.5895                 20.498856                 402.73119                            2379.327                      8.3875128               0.47804823              4.0922141                         8.7989998         1035.5997        3.675986
             11       1950.4214       3.0876199      0.97133281       71.046022      0.02305057      0.11761242     0.075217224       1.1176458    0.0011232646       1.0020167      0.99976142      0.99769534       42.474719      0.52532843       8.8170161       2.0151651       13.092897       10.120552         21.84175        102.2007       205.17834       43.758536       45.124758       117.77652      0.19250195        0.16569206        0.69672498      0.17599872        0.56349109       1.8664077   2.1924832e-09       13.380215       2809.9025       1035.6123       19.135872        14.681874         4.4539986        3862.571                 20.484075                 402.97823                            2378.068                      8.3721271               0.47956669              4.0957163                         8.8049324         1035.6123        3.675986
              1       1948.9726       3.0879986      0.97088529       71.046022     0.022963065      0.11810134     0.076387992       1.1515582    0.0010471202       1.0007905       1.0003914      0.99777984       43.566736      0.64397035       6.4817733       3.4399422       13.597332       9.8494929        22.123659       102.00024       255.88999       47.940897       40.176708       108.83768      0.15336503        0.14650707        0.54896878      0.13326308        0.54893136       1.9201357   2.1933138e-09       13.176367       2817.1121       1035.5436       14.218607        11.168678         3.0499297       3869.5081                 20.415075                 403.68669                           2384.5407                      8.4697026                0.4639213              4.0567047                         8.6557409         1035.5436        3.675986
              5       1950.1343       3.0912144      0.97117026       71.046022     0.022964604       0.1179747     0.077903493         1.15288   0.00016739966       1.0010278       1.0007549      0.99846197        52.25525      0.37915526       7.2612678       2.8082607       12.837668       9.2707192         20.32462       95.234166       280.72268       44.919923       37.752862       104.65734      0.13901127        0.14780232        0.48091053      0.13951955        0.44004307       2.0913654   2.2003783e-09       13.251242       2815.4098       1035.5647        16.18349        12.817699          3.365791       3867.9017                 20.412862                  404.5507                            2382.004                      8.4422491                0.4693564              4.0704504                         8.7114353         1035.5647        3.675986
             11       1950.7243       3.0954452      0.97065035       71.046022     0.022990963      0.11808476     0.078203868       1.1592258    0.0015787418       1.0032053       1.0006148      0.99845105       53.666783      0.35691915       8.6846066       2.6813759       12.090355       10.987217        23.574085       99.131112       258.06109       39.895043       37.044954       102.17726      0.11858673        0.12372185        0.53850419      0.12023619        0.42098239       2.2680277   2.2097075e-09       13.027659        2812.068       1035.5417       18.567635        13.767843         4.7997919       3864.3133                 20.410946                 404.73757                           2378.4782                      8.4412266               0.45619897              4.0357773                          8.535683         1035.5417        3.675986
              6       1954.9461        3.063476      0.97180356       71.046022      0.02301242      0.11902048     0.063105504        1.196885    0.0033102174       1.0014148       1.0013179      0.99807952       48.415239      0.25824998       7.8545388       2.8963275       11.473967        9.931095         22.74382       100.37528       283.94509       38.228192       31.917181       105.02919      0.13236937         0.1235147        0.56509042      0.16418404        0.41379151       2.1274151   2.1401821e-09       12.036773       2823.9512       1035.3894       17.419421         13.42607         3.9933508       3875.0534                 20.025942                 397.41087                           2397.0519                      9.4624434                0.3942204              3.8671937                         7.7753584         1035.3894        3.675986
              3       1954.5829       3.0519341      0.97303437       71.046022      0.02308273      0.11893415     0.057567178       1.1831951    0.0030189168       1.0011991       1.0011638      0.99807114       49.237433      0.24707307       7.9159793       3.5402467       10.869128       10.391925        22.558953       99.439241       288.48409       33.926251       28.325846       101.93624       0.1510377        0.13818387        0.55701555      0.17263437        0.41491789       2.1128593   2.1156223e-09       11.892264        2824.135       1035.3919       17.035338        12.519568         4.5157695       3875.0951                 19.973711                 396.03472                           2397.8597                      10.266853               0.38702542              3.8457755                         7.6594634         1035.3919        3.675986
              6       1954.6723       3.0511383       0.9727326       71.046022     0.023085026      0.11862418     0.056740222       1.1875597     0.002821404       1.0016891       1.0012297      0.99799586       50.273018      0.13810251       6.9805109       2.7013464       10.967698       12.312779        23.263454       99.542153       304.61475       37.297225       27.996305       102.29415      0.14905247        0.14936175        0.54641477      0.16223515         0.3802667       2.1167966   2.1139395e-09       12.051785       2823.0342       1035.4391       17.571813        14.493244         3.0785693       3874.2011                 19.974727                 395.94714                           2396.8631                      10.249267               0.39863262               3.877746                         7.7754059         1035.4391        3.675986
              3       1952.4635       3.0562939      0.97007219       71.046022      0.02309573      0.11857299     0.058535152       1.1254387    0.0040199457        1.002243       1.0010253      0.99815119       51.780641      0.16748266       5.6894085        3.342413       10.823743       11.894793         21.16744       96.015158       321.34177       43.417145       31.043971       102.64011      0.15323043        0.15258051        0.56927519      0.16342076        0.40083438        2.235521   2.1248662e-09       12.447687       2820.8791       1035.4454       16.239354        13.739815         2.4995382       3872.4482                 20.294194                 396.25538                           2394.5638                      9.7657095               0.41935254              3.9373106                         8.0910236         1035.4454        3.675986
              1       1950.9623       3.0558361      0.97010454       71.046022     0.023104612      0.11851341     0.058413207       1.1308162    0.0040191479        1.001983       1.0014263      0.99851651        48.51205      0.53970853       4.8300348       2.9477929       9.6736491       10.070171        23.954786       102.92677       331.04806       56.894002       38.866177       106.00247      0.13305525        0.12274329        0.54142476      0.17545192        0.50176057       2.3359857   2.1238937e-09       12.418316       2825.0146       1035.4534       12.681138        10.586775          2.094363       3876.5623                  20.28536                 396.22834                           2398.7961                       9.704775               0.41845658              3.9343767                         8.0654826         1035.4534        3.675986
              3       1949.9405       3.0744692      0.97208462       71.046022     0.023075163      0.11836227     0.066581308       1.1757641    0.0050242739       1.0034275       1.0010345      0.99927257       54.738009      0.55754593       5.8071005       2.1904469       10.330398       9.9577408        24.455298       100.47248       314.72508       53.595811       39.688347       99.910808      0.11887013        0.14092997        0.53942878      0.18352949         0.5410344       2.2059485   2.1638394e-09       12.370904       2821.6396       1035.4822       13.356136        11.120388         2.2357487       3873.1687                 20.096718                 398.64198                            2394.182                      8.7189304               0.41815552               3.932175                         8.0205739         1035.4822        3.675986
              6       1949.4135       3.0726877      0.97325535       71.046022     0.022914431      0.11795632     0.070848752       1.1810938    0.0044521491      0.99961311      0.99978132       1.0002331       60.276048      0.63508531       5.4618286       1.4842302       7.8890428       8.8314453        19.935097       90.974225       275.87585       55.403066       45.786117       94.315794      0.13513453          0.131695        0.53567721      0.21325682        0.68117321       2.3967292   2.1599879e-09       13.282215       2817.6674       1035.5764       14.312498        12.265894         2.0466039        3870.202                 20.000031                 400.48488                             2388.04                       9.142524               0.47182993              4.0765891                          8.733796         1035.5764        3.675986
              6       1953.0242       3.0593942      0.96989387       71.046022     0.022899045      0.11760333      0.06359197       1.1553095     0.003108705       1.0010829      0.99917261      0.99938819       68.700293      0.12227596        4.427103       3.4573293       7.3328402       9.2139298        16.116602       79.422521        278.1585       52.918107       33.494955       84.287108     0.088391836        0.13529586        0.40515342      0.17916318        0.67733121       2.2190829   2.1314641e-09       13.814853       2828.0203       1035.6407       12.448279        10.370559         2.0777199       3881.1518                 20.199011                 397.56306                           2399.8643                      10.394012               0.50393852              4.1584897                          9.152425         1035.6407        3.675986
              3       1951.1233       3.0555679      0.96935834       71.046022     0.022894873      0.11791612     0.060672065       1.1630889    0.0030383515       1.0016411      0.99940893      0.99915988       65.645089     0.038618121       5.0262706       4.5648836       7.4443519       8.8791887        16.104191       81.062939       265.78324       47.732921       29.829945       86.238839      0.10538486        0.13512484        0.37327982      0.16612339        0.67841178        2.243376    2.123324e-09       13.531307       2825.3249       1035.5866       12.063881         9.510056         2.5538247       3878.1188                  20.18937                 396.74702                            2397.743                      10.645475               0.48530771              4.1120347                         8.9339643         1035.5866        3.675986
              2       1947.2352       3.0606249      0.96846905       71.046022     0.022972595      0.11820997     0.062612177        1.129318    0.0019880455       1.0004236      0.99929862       0.9991082       60.959682     0.051911749       5.4311972       3.0512092       6.9565549       8.8091467        16.494633       84.448991       252.07631       47.048728       31.260534       92.026563      0.10790232        0.14103961        0.39020764      0.17945749        0.66730193       2.2632992   2.1340889e-09       13.198277       2818.9811       1035.5239       11.545615        9.2490284         2.2965864       3871.3792                 20.502585                 397.37889                           2391.6409                      9.4587086               0.46350443              4.0564539                         8.6783188         1035.5239        3.675986
              6       1944.3751       3.0606249      0.96846905        70.67676     0.022972595      0.11820997     0.062612177        1.129318    0.0019880455       1.0004236      0.99941529      0.99913011        59.88564      0.46928043       4.4108589       3.8187314        5.624964       8.8447298        16.800398       86.007257       265.42772       50.601868        36.78116       90.177139     0.077392936        0.14969958        0.44839961      0.23391416        0.68025413       2.2301093   2.1340889e-09       10.781942       2812.8736       1035.2982       12.316459        10.193705         2.1227545       3864.1173                 20.482262                 397.38442                           2386.0665                      8.9403833               0.32328097              3.6517411                         6.8069203         1035.2982       5.1635589
              3       1944.9995       3.0581079      0.96789918        70.67676     0.022954929      0.11825368     0.061171825       1.1285058    0.0023237473       1.0005408      0.99872498      0.99918091       58.280541      0.45692222       4.2148263       3.1930173       5.2924313       10.668027         19.25954       93.105472       266.49197        52.51595       37.505911       91.180686      0.10381406        0.15459025         0.4991899      0.22678607        0.77245124       2.3279809   2.1287242e-09       10.828151       2811.3516       1035.2945       13.680534        11.652387         2.0281476       3862.6378                 20.519217                 396.98345                           2384.7678                      9.0811714               0.32543822              3.6589512                         6.8437614         1035.2945       5.1635589
              5       1946.1046       3.0632724      0.96968214        70.67676     0.022841587      0.11865624     0.062370929       1.1015264    0.0028701883       1.0017906      0.99844621      0.99882927       50.166059      0.52088329       6.1313531       1.6173833        6.779919       11.353846        21.893196       102.09477       243.42068       54.553596       44.344256       102.06099      0.12997498        0.16098214        0.47115278      0.22219969        0.78689119       2.1724528   2.1397463e-09       11.115707       2814.2653       1035.2547       13.204973        10.981009         2.2239643       3865.7992                 20.443979                 397.37367                           2387.4194                      9.0282607               0.33739263              3.6996763                         7.0786379         1035.2547       5.1635589
              3       1944.9228       3.0770047      0.96957781        70.67676      0.02287201      0.11864208     0.070364068       1.0643242    0.0046310684       1.0007173      0.99850735      0.99913616       49.339726      0.80619341       5.6397818       1.4970236        6.981157       11.840267        22.296804       100.98006       265.66063       60.241219       53.908224       108.11612      0.09353767         0.1528727        0.48023953      0.23848537        0.74537813        2.403148   2.1693327e-09       11.216847       2811.2337       1035.2525       13.489482        11.414054         2.0754273       3862.8666                  20.71726                 400.78238                           2381.1158                      8.6182638               0.34235278              3.7156236                         7.1588702         1035.2525       5.1635589
              5       1946.3191       3.0871648      0.97299223        70.67676     0.023050957      0.11908395      0.07191749       1.0403059    0.0035712902       1.0033109      0.99859852      0.99888072       44.106492      0.90695415       6.2395737      0.62600404       6.7352223       11.278515        22.076569       103.70834       252.18104       55.788542       55.633464       114.00821     0.085659779        0.14891739        0.48006972      0.24434372        0.71538693       2.3342926   2.1914856e-09       10.420684        2815.079       1035.1722       13.401316        11.315398         2.0859172       3865.8355                 20.529837                  401.3668                           2384.3155                      8.8668929               0.29603512              3.5685236                         6.5561252         1035.1722       5.1635589
              8       1949.0036        3.087809      0.97295524        70.67676     0.023050323      0.11906418     0.072028702       1.0388676    0.0033923561       1.0035233      0.99854248      0.99877477       43.681464      0.56445725       6.3360775     0.075521919       7.3662469       10.282326        21.946942       105.51558       240.12103       53.961222       47.523426       113.67184     0.079761302        0.14178075        0.57735174      0.26108635        0.75670954       2.6651939   2.1928978e-09        10.44315        2816.909       1035.1748       15.158318        13.112505          2.045813       3867.6905                 20.545341                 401.47786                           2386.0044                      8.8814813               0.29736188              3.5728523                         6.5729362         1035.1748       5.1635589
              5       1949.5612       3.0920617      0.97235927        70.67676     0.023036521      0.11868532     0.074864625       1.0337178    0.0038122697       1.0032652      0.99784571       0.9988878       44.977533      0.47963394       5.3994531       1.4152974       7.8719913       11.604801        21.159909       103.90346       255.36282       53.167637       43.416985       110.75599     0.082884736        0.16750354        0.62761271      0.28044606        0.71825057       2.4374592   2.2022435e-09       10.750786       2810.2869       1035.2249       18.848139        16.813511         2.0346277       3861.4261                 20.670205                  402.9951                           2377.7785                      8.8431162               0.31664589              3.6340794                          6.800061         1035.2249       5.1635589
              7       1948.5463       3.0924436      0.97183478        70.67676     0.023036317      0.11889053     0.075474374       1.0366891    0.0037175772       1.0026331      0.99866072      0.99874782       38.347956       0.4274227       7.2711636      0.49813474       5.2291406       10.879915        23.345256       108.97898       238.70582       55.071091       45.962392       124.31987     0.067494954        0.14586402        0.56806558      0.23785342        0.71497624       2.3425082   2.2030848e-09       10.621403       2815.6241       1035.1984       15.242601        12.840195         2.4024067       3866.6074                 20.741051                 403.41194                           2382.5532                      8.9178868               0.30814419              3.6075384                         6.7057207         1035.1984       5.1635589
              2       1948.9743         3.09233      0.97190576        70.67676     0.023038345      0.11888111     0.075426581       1.0411449    0.0037866953       1.0026349      0.99886116       0.9985134       41.710815      0.32972831       8.0547372      0.56119391       8.6623741       13.782585        24.583126       109.85413       242.38358       43.607355        40.01421       115.76977      0.14343088         0.1788845        0.55878292      0.29958502        0.84286088        2.067443   2.2028345e-09       10.580614       2814.5376       1035.1993        16.23376        13.349942         2.8838182       3865.4811                 20.696145                 403.35973                           2381.5746                      8.9071145               0.30612981              3.6007855                         6.6736989         1035.1993       5.1635589
              2        1951.788       3.0921075         0.97182        70.67676     0.023036808      0.11889877     0.075290305       1.0412936    0.0037702944       1.0033081      0.99988749      0.99831684       39.835898      0.39364314       6.7624966        1.685317       9.8208011       14.837575        24.235818       108.78859       274.12366       47.338567       38.355982       115.23939      0.14751455        0.17926385        0.49929982      0.26979091        0.85839836       1.9990475   2.2023443e-09       10.579764       2823.0634       1035.1973       14.786042        12.266719         2.5193229        3874.004                 20.656343                 403.27369                           2390.3278                      8.8055353               0.30594002              3.6002733                         6.6735509         1035.1973       5.1635589
             16        1951.214       3.0702432      0.97057436        70.67676     0.023177291      0.11878515     0.070506761       1.0165528    0.0050572182      0.99736646       1.0002187        0.998467       51.866943     0.091328851       3.4067036       5.7323521       7.6877125       14.062263         17.61382       92.617752       293.80667       41.811322       23.029846       95.020588      0.13969526        0.16789323        0.51816218      0.27552598        0.81465612       2.2310285   2.1547141e-09       10.287195       2827.2076       1035.1938       12.287915        10.112989         2.1749259       3877.8522                 20.779207                 400.71172                           2397.0354                      8.6812102               0.29067826              3.5490595                         6.4474574         1035.1938       5.1635589
              9       1951.1646       3.0695827      0.97139908        70.67676     0.023154822       0.1185513     0.070276355       1.0014536    0.0052826086      0.99763111       1.0006943      0.99902352       54.523796      0.16758168       3.2195955       6.1615626       6.3242347       11.711255        15.819442       87.719285        324.2423       41.310216       24.468065       95.917035     0.096157993        0.13438613        0.46977951      0.25093225        0.90393906       2.0935973   2.1532915e-09       10.571527       2823.7611       1035.2269        13.80308        11.602936         2.2001432       3874.7231                 20.726267                 400.52362                           2393.7715                      8.7396636               0.30759414              3.6040687                         6.6598641         1035.2269       5.1635589
              1       1949.8144       3.0605893      0.97142373        70.67676     0.023137773      0.11866883     0.065896677       1.0268009    0.0037111474      0.99743224       1.0004455      0.99912241       55.405541        0.124582       2.9556966       6.2413798       7.5695207        12.41906          16.4349       88.241055       321.27619       39.989617        21.48641       94.168913     0.063784833        0.12646495        0.48856693      0.23296229        0.86984085       2.0834321   2.1340129e-09       10.428225       2821.7186       1035.2138        13.55229        11.414608         2.1376816       3872.5243                 20.551806                 398.53131                           2393.4979                      9.1376258               0.29930976              3.5771268                         6.5517884         1035.2138       5.1635589
             22        1948.352       3.0548291      0.97181553        70.67676     0.023067324      0.11831426     0.063274812       1.0001787    0.0037780021      0.99775319       1.0002262      0.99941948       54.947057      0.08986313       3.1533239       7.1684146         6.85253       12.256792        17.344169       90.595771       318.25872        37.52265       20.552834       92.972233     0.053711239        0.11322777        0.46588679      0.21724831        0.87120218       2.2109866   2.1217559e-09       11.023356       2814.9959       1035.2705       15.125342        12.698661         2.4266811       3866.4533                  20.54178                 397.57682                            2387.177                      9.7002735               0.33383457              3.6873868                         7.0021347         1035.2705       5.1635589
             13        1946.575       3.0589659      0.97121187        70.67676     0.023117056      0.11823769     0.064926798       1.0010046    0.0035751864      0.99805555       1.0002815      0.99936496       54.350378      0.11392407       3.3770751       6.6841081       6.9223134        11.84883         18.28288       92.445344       319.31313        39.62112       22.125423       94.605046     0.059226011        0.11661107        0.48064494      0.22094413        0.83961936       2.1356568   2.1305513e-09       10.893562       2814.5711       1035.2742       13.623726        11.234243         2.3894833       3865.9025                 20.643977                 398.15633                            2386.481                      9.2898594               0.32743505              3.6665252                         6.8996017         1035.2742       5.1635589
              3        1947.484       3.0869866      0.97155701        70.67676      0.02295976       0.1187616     0.076358287        1.048226    0.0063088974       1.0003004       1.0005517      0.99916423       52.304289     0.018210465        7.271947       2.4005478        10.62415       12.851747        19.272191        94.50176       286.34212       36.647929       33.330308       105.40512     0.091256428       0.049248692        0.47719446       0.1245228        0.72576332        2.069899   2.1910951e-09       10.903197       2813.8245       1035.2249       14.925934        11.765481          3.160453       3865.1162                 20.616986                 403.86055                           2380.7099                      8.6370621               0.32441337              3.6594609                         6.9193231         1035.2249       5.1635589
              1       1945.9201       3.0921032      0.97150633        70.67676     0.022963318       0.1187074     0.078706328       1.0345653    0.0056351946       1.0005432        1.000539      0.99865804       54.025613      0.13338264        7.082559       1.8582339       10.310326       12.957131        18.276725       90.334584       295.59015       39.018161       36.192633       106.20999     0.091996761        0.06258531        0.54869526      0.12877693         0.7403396        2.095187   2.2023348e-09       10.997964       2814.0427       1035.2316       13.202211        10.428076         2.7741355       3865.4358                  20.74274                 405.34951                           2379.2566                      8.6937755               0.32971253              3.6762676                         6.9919843         1035.2316       5.1635589
             12       1946.0589       3.0946694      0.97339449        70.67676     0.023042457       0.1186264     0.077258372       1.1240489    0.0027550458       1.0030699       1.0005098      0.99872318       53.546653      0.11510059       7.1281462       1.3522535       10.499758       12.736807        17.996173       91.007166       290.25123       37.083149       35.251901       106.75371     0.091887844       0.063815626        0.57137177      0.12334269        0.74963698       2.0857593   2.2079938e-09       10.333396       2813.0143       1035.2319        14.18733        11.580339         2.6069909       3863.7431                 20.262198                 404.11699                           2379.8538                      8.7812602               0.29558125                3.56353                         6.4742844         1035.2319       5.1635589
              1       1944.6341       3.0955655      0.97309194        70.67676     0.022937356      0.11860344     0.075847099       1.1093417    0.0030615995       1.0050174      0.99970237      0.99921287       57.307072    0.0061082826       4.0689039       3.1199295       9.4244938       9.8898683        12.786962       80.689768        282.7034       37.883892       24.972869       97.444114      0.10988986        0.09487284        0.52620452      0.15448547        0.66132182        2.138781   2.2099732e-09       10.768269       2811.3028       1035.2489       13.392282        11.373789         2.0184923       3862.4836                 20.295766                 403.40078                           2378.7907                      8.8156061               0.31923474              3.6412133                          6.807821         1035.2489       5.1635589
             12       1945.5549       3.0998595      0.97250384        70.67676     0.022927325      0.11876728     0.077712198       1.1129651      0.00318036       1.0050911       1.0000055      0.99910328       59.264739     0.078608234        3.615606       3.2944162       9.3429918       9.3940269        12.266081       78.776633        288.6066       41.570773       26.749383       95.152289      0.11041458       0.096203185        0.48689615      0.16334634        0.64868976       2.1157655   2.2194833e-09       10.691185       2814.2472       1035.2285       12.889636        10.862257         2.0273795       3865.3304                 20.368476                 404.52125                           2380.3218                      9.0357216               0.31384855              3.6246756                         6.7526613         1035.2285       5.1635589
              1       1947.6225       3.0997317      0.97442683        70.67676     0.022947704      0.11833528      0.07747614       1.1039922    0.0035075178       1.0057885       1.0002176      0.99928986       61.752528      0.09785464       3.6030961       2.8231779       9.4387318       8.4000703        10.488655       74.349341       291.96573       43.218794       27.672968       96.126221      0.11055554        0.09957169         0.5000572      0.19294744        0.66213559       2.2260456   2.2191997e-09       10.914224       2814.3903       1035.2842       14.746367        12.682622         2.0637455       3865.7522                 20.207026                 404.20958                           2381.0806                      8.8931533               0.32918454              3.6716507                         6.9133893         1035.2842       5.1635589
              2       1948.8247       3.0995738      0.97440483        70.67676     0.022870731      0.11818053     0.077768908       1.1227928     0.003264884       1.0057916       1.0002046       0.9993008       62.182541      0.12091467       3.6208125       3.0326106       9.2065131       8.4258756        10.574539       74.407078       293.76782       44.508066       28.693361        95.55055      0.11201188          0.102465        0.49034126      0.19598763        0.66418196       2.2171197   2.2188492e-09       11.192158       2816.8947       1035.3168       14.541059        12.498264         2.0427951       3868.5673                 20.147863                 404.39932                           2383.5496                      8.7979354               0.34576054              3.7229479                         7.1234499         1035.3168       5.1635589
              1       1945.6288       3.0958007      0.97357622        70.67676     0.022858231      0.11825881     0.075790927       1.1197288     0.003352225       1.0057576      0.99975519      0.99925884       59.898536      0.14817184       3.7511474       3.9288617       7.6344131       8.4610529        11.485614       76.875816       287.35268       44.263303       31.478821       99.820573      0.11008934        0.10579564        0.46076241      0.19110526        0.66097665       2.2031496   2.2104932e-09       11.197975        2811.036       1035.3075        14.27628        12.248424         2.0278564        3862.705                 20.184066                 403.29139                            2378.863                      8.6975098               0.34539958              3.7223009                         7.1302748         1035.3075       5.1635589
              3       1944.2542       3.0955814       0.9736444        70.67676     0.022892155      0.11821999      0.07572386       1.1167363    0.0033389817        1.005683      0.99975902      0.99917839        60.22942      0.22727862       4.4031226       4.0319641       7.4387772       8.5303815         12.65226       78.240058       251.21448        43.37909       31.405683       98.469451     0.098321694        0.11238808        0.52011233      0.20500272        0.65037198       1.9946058   2.2100083e-09       11.145178       2808.7182       1035.3082       14.086623        11.930916         2.1557066       3860.3351                 20.213757                 403.27457                           2376.5434                      8.6865012               0.34273769              3.7138213                         7.0886185         1035.3082       5.1635589
              2       1944.3907       3.0945964      0.97390361        70.67676     0.022896959      0.11826172     0.074515544        1.121325    0.0032185796       1.0062983      0.99996133      0.99918442       57.566746     0.081169433        5.880276       2.3137921       8.6086623       10.182238        17.444047       88.366897       281.98315       42.078796       30.225742       100.15745     0.080927219       0.098942622        0.56871432      0.17691111        0.55280827       2.1302031   2.2078325e-09       11.075544       2806.0512       1035.3016       15.594783        13.302881         2.2919021       3857.5918                 20.168885                 402.56991                            2374.622                      8.6903374               0.33869696              3.7012964                         7.0355502         1035.3016       5.1635589
              1       1943.9916        3.094595      0.97395165        70.67676     0.022883169      0.11840199     0.074326844       1.1009779    0.0028614223       1.0063603      0.99964468      0.99876926       53.405125     0.015157404       4.4703686       1.6072009       10.151045       10.344784        16.322434       88.695079       285.38943        47.60052        29.99068       108.85172      0.10074073        0.10227027        0.58686201      0.13313306        0.53101429       2.2255337   2.2078295e-09       11.127352       2804.7868       1035.2838       15.810812        13.762822         2.0479903       3856.3615                 20.215238                 402.48996                           2373.3289                      8.7526923               0.34010324              3.7067372                         7.0805118         1035.2838       5.1635589
              6       1942.8845       3.0921426      0.97358999        70.67676     0.022874892      0.11863835     0.073477519       1.1106385    0.0023695669       1.0057612      0.99984953      0.99861879       54.861657     0.028123892       5.0166728       1.5935112       10.140834       10.296317        17.242298       88.284986       279.16916        47.08079       28.949125       104.67836      0.10659187        0.10156611        0.54296769      0.14172138         0.5150533       2.0836289   2.2024216e-09       10.949698       2806.0698       1035.2526       14.166679        12.148325         2.0183533       3857.4357                 20.204113                 402.06242                           2375.0374                      8.7659438               0.32878984              3.6721016                         6.9488066         1035.2526       5.1635589
              1       1941.3379       3.0959367      0.97412567        70.67676     0.022877006      0.11893522     0.076174949       1.1244134    0.0019052971       1.0040478      0.99976129       0.9983411       51.398482      0.37092292       5.4428269      0.58785047       10.343665       10.346368        15.670079       85.325781       264.10815        48.59834        40.47067         113.469      0.11294257        0.11230219        0.51056578      0.16536044        0.56858408       2.0607108   2.2107937e-09         10.6775       2809.3851       1035.2131       11.118265        9.0984105         2.0198544       3860.4393                 20.194818                 403.57828                           2376.5053                      9.1067225               0.31206143               3.619657                         6.7457814         1035.2131       5.1635589
              1       1943.7992       3.0959602      0.97482252        70.67676     0.022856145      0.11911637     0.075381576         1.13922    0.0031688412       1.0046941      0.99972227      0.99807486       53.447298      0.39531912       4.9320485     0.066490625       10.566716       10.548437        16.136493       84.683965       266.99519       52.543984        40.77543       111.66928       0.1227184        0.10991414        0.50442749       0.1546998        0.59461103       2.0843526   2.2108456e-09       10.569151       2813.9025       1035.1926       11.385359        9.2356703         2.1496885       3864.8278                 20.087046                 403.05925                           2381.5545                      9.2016908               0.30506294              3.5976251                         6.6664634         1035.1926       5.1635589
              6       1942.9623       3.0959353      0.97482055        70.67676     0.022856035      0.11911263      0.07538788       1.1395287    0.0031744117        1.004681      0.99955477      0.99775339       48.865141      0.45702632       3.9580754      0.34606222        9.198897       10.277427        15.308461       86.596922        276.0554       54.246292       43.224124       118.23411      0.13638911        0.10960046        0.55591643      0.17608692        0.63705569       2.1064439   2.2107906e-09       10.563844       2811.9779       1035.1931       11.513145        9.0534757         2.4596696       3862.8983                 20.084025                 403.05333                           2379.6429                      9.1975796               0.30482703              3.5968096                          6.662207         1035.1931       5.1635589
              3       1946.3649       3.0959041      0.97481288        70.67676      0.02285649      0.11909469     0.075416833       1.1376256    0.0031835487       1.0044139      0.99942283      0.99777955       50.778342     0.090941481       4.4585887       1.3644489       10.629687       10.583657        11.843614       81.181535       247.57814       42.344497       34.146495       113.03604      0.13746651         0.1097745        0.62709274      0.16278994        0.67413539       2.2442735   2.2107216e-09       10.591593       2815.0673       1035.1953       13.356025        11.282718         2.0733076       3866.0177                 20.109065                 403.09226                           2382.6297                      9.2362968               0.30640166              3.6019265                          6.683265         1035.1953       5.1635589
              1       1938.7833       3.0757518       0.9716061        70.67676     0.022865274       0.1185188     0.068574678       1.1041576    0.0042920617       1.0020142      0.99906542      0.99793637       52.161405     0.035886063       5.1146648       1.7492371       9.9871396       11.512945        13.855823        82.98537       247.44881       44.294101       35.118941       112.15373      0.12885668        0.12432308        0.61486628      0.18403719        0.67335746       2.2595717   2.1666164e-09       11.112567       2802.6845       1035.2702       11.667938        9.6399858         2.0279525       3854.2308                   20.3398                  399.7147                           2373.9811                      8.6488575               0.33836501              3.7019314                         7.0722709         1035.2702       5.1635589
              4       1937.0853       3.0632345        0.970447        70.67676     0.022926636      0.11897925     0.063264092         1.15314    0.0020383402       1.0004239      0.99918999      0.99812829       51.588147      0.34758492       5.0520627       2.4087546       8.8102514       11.956895        15.023006        85.04438       254.84946       45.639263       40.329152       110.43141      0.12794261        0.15260949        0.60854847      0.19393182        0.67905667       2.2147223   2.1396652e-09       10.339782        2801.861        1035.201       10.802598        8.7303712         2.0722271       3852.5654                 20.238075                 397.56185                            2375.137                      8.9240379               0.29387922              3.5595246                         6.4863777          1035.201       5.1635589
             12       1939.4363       3.0673417      0.97065252        70.67676     0.023011971      0.11904298      0.06542246       1.0997254    0.0009879961         1.00008      0.99924837      0.99822771       47.527115      0.37884596       3.8633639       2.7345096       9.6530882       11.786997        14.518338       86.514509       257.95091       46.530345       39.162085       114.56398      0.14318388        0.15723915        0.62814477      0.19195277        0.70509393       2.3083284   2.1484714e-09       10.297787       2805.3892       1035.1822       11.419921        9.3834158         2.0365054       3856.0328                 20.455198                 398.42055                           2377.7567                      8.7568284               0.29043371              3.5489116                         6.4584418         1035.1822       5.1635589
              2       1938.5074       3.0668202      0.97204179        70.67676     0.023106762      0.11887824     0.064482819       1.1085269    0.0019188841       1.0007452      0.99994654      0.99783693       45.271101      0.91628491       5.4153536       1.4002214       7.6110946       9.4825265        15.778332       88.158642       253.11132        58.15304       56.421925       120.50104      0.13892721        0.13776064         0.5493667      0.21610935        0.75968828       2.4867825   2.1473513e-09       10.032156       2807.7665        1035.191       9.4307985        7.3955263         2.0352722       3858.1532                 20.296966                 397.94764                            2380.837                      8.6849231               0.27724401              3.5028979                         6.2520142          1035.191       5.1635589
              2       1938.3171       3.0573214      0.97289819        70.67676     0.023052877      0.11892814     0.058078454       1.1004327    0.0011507679       1.0023793       1.0000355      0.99785877       44.199426      0.92944505        4.856696      0.76860555       7.4008782       9.3350215        16.557724       91.181066       263.82619       60.513978       55.808688        121.6421      0.14024035        0.14726198        0.51345836      0.20739629        0.74123042       2.4261115   2.1270506e-09       10.206468       2807.3555       1035.1915       9.3585531        7.2897296         2.0688235        3857.917                 20.192363                 396.23274                           2381.8372                      9.0932063               0.28634475              3.5343698                         6.3857538         1035.1915       5.1635589
              2       1939.8264       3.0578792      0.97740304        70.67676     0.023064366      0.11851517     0.061080478       1.0831617   0.00089193049        1.000629      0.99997488      0.99786768       42.667723      0.94127729       5.1596467     0.093590262       7.4912142       9.2479191        16.493319       91.513674       255.75941        58.08692       55.705066       122.68103      0.13828655        0.14730116        0.51401084      0.20654103        0.74109369       2.4321478   2.1282373e-09       10.491679       2810.7714       1035.2437       8.9912219        6.9000742         2.0911477       3861.6704                 19.993969                 396.78132                            2384.712                      9.2841055               0.30459377              3.5931377                          6.593947         1035.2437       5.1635589
              6       1941.0277       3.0589804      0.97751825        70.67676      0.02305811      0.11847534     0.061529354       1.0810094    0.0010723468       1.0007879      0.99992985      0.99792553       40.933285       0.8209745       4.2804952      0.78498087       6.9857565        9.319256        16.052369       92.275587       252.04192       56.146671        50.66396       124.83174      0.15004841        0.14958312        0.48506599      0.19442165        0.67570689       2.4062472   2.1305822e-09       10.566218       2812.8093       1035.2499       9.1331601        6.9221202         2.2110399        3863.789                 19.995103                 396.87967                           2386.6912                      9.2433021               0.30887225              3.6070258                         6.6503197         1035.2499       5.1635589
              3       1941.7859       3.0581289      0.97910589        70.67676     0.022995016      0.11851818     0.062290761       1.0255656    0.0011050384      0.99992644      0.99888082       0.9979728       33.068242      0.82403742       4.3243748       2.8950393       8.1079467       8.9840206        17.968742        100.2527       226.17812       50.444371       45.631906       130.52127       0.1491499        0.15334259        0.47931524      0.23014097        0.63880231       2.0115738   2.1287688e-09       11.015579       2811.7756       1035.2526       10.182187        8.1591576         2.0230297       3863.2074                 19.998987                 397.09872                           2385.1301                      9.5478223               0.33214979              3.6829519                         7.0004772         1035.2526       5.1635589
              5        1944.655       3.0624584      0.97978557        70.67676     0.023014656      0.11840032     0.063824186       1.0410596   1.8984029e-05       1.0006332      0.99923143      0.99708814       37.121931      0.95688237       6.3858862      0.23816436       6.8841628       10.144885        18.650675       95.150804       241.75466        56.05209       55.568025       133.19626      0.17032163        0.18484631        0.54682315      0.25284631        0.66042687       2.0643987   2.1380054e-09        10.96563       2813.4078        1035.266       12.253543        10.185262         2.0682807       3864.8029                 19.969006                 397.56869                           2386.5964                      9.2737031               0.33055552              3.6770716                         6.9580033          1035.266       5.1635589
             15       1945.5625       3.0623929      0.97981988        70.67676     0.023032699      0.11844268     0.063310188       1.0468479   0.00033354322       1.0017684      0.99916719      0.99708964       38.077861      0.93334619        6.491391      0.64412861       7.0820742        10.44722        19.097781       95.535495       244.81591       56.081587       54.563651       131.83067      0.16726466        0.18428163        0.55041072      0.25572319        0.65716452        2.074597   2.1378652e-09       10.835162       2814.7843       1035.2577       12.542173        10.394512          2.147661       3866.0408                 19.938411                 397.36763                           2388.0391                      9.4391243               0.32328669              3.6539518                         6.8579231         1035.2577       5.1635589
              7        1946.259       3.0522779      0.98061525        70.67676     0.022988001      0.11844353     0.057778919       1.0364595   0.00026174056       1.0023497        0.999134      0.99713753       39.776656       0.9007101       5.9309983       1.0159165       7.9983365       10.821223        19.430796       95.948996       243.55308       54.732405       51.223359       127.73256      0.15970891        0.18352145        0.55966576      0.25156977        0.63956714       1.9991887   2.1163497e-09       11.046179       2816.3833       1035.2637       12.330615        10.256894         2.0737207       3867.8567                 19.927582                 396.05706                            2390.162                      10.236622               0.33451064              3.6899353                         7.0217334         1035.2637       5.1635589
              3        1948.781       3.0467634      0.97738841        70.67676     0.023000536      0.11805106     0.060335981       1.0656877     0.002795318      0.99821426      0.99930832      0.99711184       39.808013       0.6541252       5.9786791       1.6132603       7.8399515       11.539472        19.427072       97.954908       268.95305       54.089493       46.988352       124.21111      0.15063544        0.19481602        0.57349273      0.29391426        0.65095552       2.0917677   2.1047113e-09       11.100896       2819.6096       1035.3168       13.185587        11.011395         2.1741916       3871.1909                 19.947522                 396.57821                           2391.9775                      11.106351               0.34105677              3.7080181                         7.0518209         1035.3168       5.1635589
              8       1948.9522       3.0456172      0.97760078        70.67676     0.022983661      0.11799652     0.059986099       1.0656435    0.0027159331      0.99808277      0.99922543       0.9965312       37.103672      0.75486666       6.4782945       1.0223542       8.7286008       12.129738        20.266571       98.592534       255.64576         55.0405       52.910986       131.62331      0.16631947        0.19033744        0.58103751      0.27143457        0.61613186       2.0401048   2.1023003e-09       11.189468       2815.7647       1035.3271       15.229822        13.014319         2.2155025       3867.4448                 19.938343                 396.47821                           2388.0559                      11.292242               0.34633332              3.7242241                         7.1189103         1035.3271       5.1635589
              5       1944.9289       3.0528314      0.97618399        70.67676     0.022962028      0.11826595     0.062760134       1.0492183    0.0021698559      0.99852017       0.9992253      0.99638844       39.732206      0.78620926       5.5179444       2.3680766       8.2972205       10.845685        17.762912       92.486856       263.89768       54.061791        51.07162       127.45959       0.1601257        0.19887537        0.57435384      0.27410851        0.63643505        2.178281   2.1175214e-09       11.186388        2807.012       1035.2918       15.601981        13.424481         2.1775002       3858.6537                  20.02974                 397.26861                           2379.2415                      10.472089               0.34369243              3.7177253                         7.1249703         1035.2918       5.1635589
              3       1945.3163       3.0649376      0.97684034        70.67676     0.022973325      0.11845798     0.066741248       1.0456624    0.0016838566       1.0002472      0.99983711      0.99665781       41.022024      0.56845389       3.2599401       2.8177096       10.071669       12.459315         17.97291       92.961492       278.78652       47.499777        38.24544       121.99577       0.1362244        0.17600378        0.63243408      0.23797439        0.68410557       2.5498757   2.1433124e-09       11.040869       2811.0733       1035.2637       14.045543        11.908532         2.1370113       3862.5414                 20.039708                 398.71776                           2382.8339                      9.4819095               0.33424193              3.6890701                         7.0175569         1035.2637       5.1635589
              1       1945.8353       3.0656598       0.9770677        70.67676     0.022969593      0.11838957      0.06721602       1.0428796    0.0017511143      0.99936153      0.99951765      0.99694535       38.977442      0.53306359       2.9081834        1.146428       11.382447       10.953025        17.828355       94.238269       263.91008       52.747679       40.973051       128.83491      0.13576246        0.17547696        0.66008499      0.19663942        0.61555183       2.4238008    2.144861e-09       11.109175       2809.8464       1035.2736       15.138937        12.360633         2.7783031       3861.3927                 20.071349                  398.9287                           2381.6231                      9.2232052               0.33843946               3.701982                         7.0687533         1035.2736       5.1635589
              3       1947.3183       3.0626849       0.9793261        70.67676     0.023010467      0.11826203     0.065822739       1.0436888    0.0018905957      0.99947189      0.99953281      0.99711438       39.283402      0.46268956       2.4419124      0.10754381       11.721602       11.897737        17.507577       92.864236       272.09363       50.486324       38.923962       129.09002      0.13950676        0.15573388        0.67675988      0.16832595        0.62743855       2.4004845   2.1384897e-09       11.042655       2811.1962       1035.2856       15.974318        12.285124         3.6891938        3862.688                 19.958458                 398.26619                           2383.5722                      9.3993386               0.33589068              3.6931696                          7.013595         1035.2856       5.1635589
              1       1947.8611       3.0617941      0.97906671        70.67676     0.023013035      0.11829084     0.065304456       1.0437159    0.0019512999       0.9994821      0.99921616      0.99728056       36.835713      0.54353004       2.0424663      0.71665405       11.854496        11.89316        17.891749       94.599914       273.37973       48.985528       38.185854       130.07068      0.15361789        0.15628725        0.64005229      0.17166316        0.59117831       2.3784188   2.1365856e-09       11.023778       2812.6152       1035.2813       15.819174        12.111643         3.7075306       3864.0838                 19.969615                 398.08821                            2385.123                       9.434375               0.33461552              3.6893127                         6.9998494         1035.2813       5.1635589
              3       1949.2925       3.0607325      0.97943231        70.67676     0.023017606      0.11818297      0.06500551       1.0474841    0.0020580662      0.99939714      0.99937727      0.99719894       37.573678      0.55195592       2.3424837      0.83733139       12.003649       11.820856        17.838113       93.787331       273.69998       49.270422       39.307283        129.8408      0.17837327        0.16634901        0.68266681      0.16769765        0.58671687        2.304543   2.1343185e-09       11.067851       2812.6002       1035.2957       17.228835        13.869383         3.3594521       3864.1273                 19.954627                 397.92222                           2385.2166                      9.5067538               0.33788981              3.6990314                         7.0309302         1035.2957       5.1635589
              1       1943.7987       3.0660271      0.97914336        70.67676     0.023011609      0.11812016     0.066416035       1.0703712    0.0024976813       1.0005901      0.99914063      0.99814246       40.222159      0.28262602       3.9684838       1.4483208       12.159942       10.850754        16.190826       92.364029       245.02564        39.45419       34.687581       125.15825      0.14116419         0.1954413        0.51676869      0.24479198        0.53273324       1.9056504   2.1456488e-09        11.01544       2808.0395       1035.3054       14.036756        11.858251         2.1785043       3859.5239                 19.936615                 398.43682                           2380.4976                      9.1684967               0.33586265              3.6920215                         6.9875555         1035.3054       5.1635589
              1       1944.0894        3.066384      0.97860585        70.67676     0.022992647      0.11814016     0.067137063       1.0738469    0.0026324712      0.99964596      0.99914428      0.99795552       42.057855      0.26351723       3.2604199       1.1040479       12.155376       11.035434        14.745192       88.729899       253.07643       40.861218       33.711005       122.62015      0.13575459        0.19929997        0.51052321      0.25124214        0.55152514       1.8517912   2.1464148e-09        11.04606       2807.7658       1035.3052       14.449081        11.869984         2.5790966       3859.2807                  19.95903                 398.81881                            2379.917                      9.0709684               0.33743207              3.6970571                         7.0115707         1035.3052       5.1635589
              6       1944.8793        3.066384      0.97860585       70.730632     0.022992647      0.11814016     0.067137063       1.0738469    0.0026324712      0.99964596      0.99883637      0.99818229       40.112725      0.33288521       3.6145991      0.46495683       12.135014        12.23057        17.229467       93.543357       250.29063       42.288084       34.571804       123.90394      0.12082084        0.17818464        0.45433818      0.24961254        0.48732907       1.7613463   2.1464148e-09       11.381688       2807.0117       1035.3361       15.549144        12.944179         2.6049649       3858.6603                 19.962935                 398.81252                           2379.1064                      9.1297871               0.35685378              3.7567606                         7.2680734         1035.3361       4.9308237
              2       1943.8816       3.0657985      0.97769177       70.730632     0.022963412      0.11815751      0.06603011       1.0759612    0.0023888234       1.0006811      0.99883407      0.99811289       40.464353      0.28428072       3.3521638       0.4284225       10.996134       11.733408         16.57376       93.790943       259.74223       45.160622       35.601375       123.23328      0.13421509         0.1908198        0.43094973      0.27131149        0.50231807       1.7741027   2.1451585e-09        11.47526       2805.6078       1035.3378       15.205738        12.424291         2.7814464       3857.3518                 19.985495                 398.34754                           2378.0611                      9.2136679               0.36177294              3.7719274                         7.3415599         1035.3378       4.9308237
              3        1942.511       3.0713789      0.97653225       70.730632     0.023012845      0.11844053     0.067229901       1.0743115    0.0029166007       1.0012033       0.9989029      0.99774691       37.333005      0.31020652       2.4553259      0.48334698       10.225463       10.808955        16.576338       97.777456       271.38859       48.148162       36.601923        124.9313      0.12785047        0.17003861        0.47731832      0.23578885         0.5249369       1.9111037   2.1571627e-09       11.120741        2806.341       1035.2904       13.669519        10.213686         3.4558332        3857.683                 20.087215                 398.89284                           2378.5444                      8.8165414               0.34023471              3.7068007                         7.0737052         1035.2904       4.9308237
              5        1944.559       3.0751564      0.97649964       70.730632     0.022989094       0.1185524     0.068713072       1.0941888    0.0022244066       1.0015161      0.99900504      0.99802654       38.126961      0.38160471       1.5134651      0.40238347       10.825771       11.168913        15.390661       95.481102        266.1127        52.98694       39.547114       127.67235      0.14198142        0.16648998        0.47186386      0.22244047        0.50972318       1.6529502   2.1653268e-09       11.004989       2807.5879       1035.2782       15.158047        10.664389         4.4936587       3858.8019                 20.048112                  399.5408                           2379.2447                      8.7543442               0.33343754              3.6856911                         6.9858606         1035.2782       4.9308237
              1       1943.7617       3.0742566      0.97256574       70.730632     0.023080681      0.11804862     0.068008284       1.0683053    0.0013989724       1.0017648      0.99904035      0.99806581       39.914493      0.34645161       1.1433052       1.3602703       10.651094       11.368748        15.637758       95.185061       276.23474       55.124027        38.31856        124.9511      0.14388474        0.16596463        0.47120037       0.2212315        0.50669952        1.642615   2.1633793e-09       11.151045       2806.3899       1035.3366        14.85751        10.627644         4.2298658       3857.8084                 20.437245                 399.36969                           2378.0771                      8.5058609               0.34500488               3.719524                         7.0865157         1035.3366       4.9308237
              2       1943.4708       3.0738548      0.97261116       70.730632     0.023060672      0.11792799     0.066890777       1.0529405    0.0026357009       1.0027757      0.99903329      0.99799304       39.749298      0.34894456       1.6538213      0.43822574        10.27659       10.962957        16.322824       96.635023       274.30898       57.694173       41.508639       127.71143      0.13312045        0.15775017        0.49025913      0.22498781        0.49103066       1.6312919   2.1625102e-09       11.367711       2804.8481       1035.3573       15.218814        10.914558         4.3042561       3856.5039                 20.441278                 398.87999                           2377.0128                      8.5140133               0.35761738              3.7580521                         7.2520419         1035.3573       4.9308237
              7       1945.2336       3.0745978      0.97307535       70.730632     0.023064435      0.11784251     0.067208943       1.0467582    0.0023988084       1.0029392      0.99876587      0.99753105       40.128246      0.43603975       2.2303487      0.91384574       10.314549       11.722733        14.538648       89.683267       262.06834       54.768885       44.268734       130.02043      0.13607198        0.15730611        0.47754327      0.22440732        0.53842374       1.4658264   2.1641177e-09       11.434286        2808.895       1035.3694       14.918892         11.50266         3.4162326       3860.6295                 20.418658                 398.97507                           2381.0008                      8.5004892               0.36189622              3.7706993                         7.3016909         1035.3694       4.9308237
              4       1943.8012       3.0714086      0.97230438       70.730632     0.023055937      0.11795947     0.065744117       1.0460257    0.0026155177       1.0026588      0.99925416      0.99794924        41.68589      0.41990043       5.8489104      0.59242332       7.9000794       13.960547        18.720219       93.966348       254.09683       41.785544       46.405931       129.97748     0.088506577        0.12831881        0.41051336      0.22551167        0.46769861       1.1996813   2.1572268e-09       11.396485       2805.9728       1035.3533       14.974489        12.945654         2.0288348       3857.6534                 20.472994                 398.44877                           2378.4794                      8.5716137               0.35882547              3.7620062                          7.275653         1035.3533       4.9308237
              2        1946.127       3.0676857      0.97049608       70.730632     0.022985223      0.11805828      0.06346536       1.0960146   0.00076378802       1.0034419       0.9994003      0.99742992       41.433627      0.35796278       5.1121122       2.0147137       8.0192563       11.488137        17.181459       91.083022        292.9116       43.991322       45.916141       131.56937      0.13544939        0.11952197        0.38795638      0.17388277        0.51206807       1.3972643   2.1492105e-09        11.33903       2815.4138       1035.3492       12.610536         10.56622         2.0443156       3867.0329                 20.422266                 397.65488                           2388.5845                      8.7521377               0.35557652              3.7521092                         7.2313443         1035.3492       4.9308237
              3       1944.7528       3.0668113      0.96998621       70.730632     0.022975321      0.11825705     0.063326306       1.0929914   0.00041246715       1.0029489      0.99928804      0.99741517       41.347192      0.22731857       5.5540503       1.5498551       8.3009762       11.847066        17.729236        92.51135       286.26161       42.326531       44.026763       131.13688       0.1430391        0.12653846        0.38868132      0.18036305        0.50605773       1.3316621   2.1473321e-09       11.247523       2812.3284       1035.3217       12.838557        10.772299         2.0662577       3863.8285                 20.476248                 397.60009                           2385.4601                      8.7919881                0.3489488              3.7327566                         7.1658173         1035.3217       4.9308237
              2       1941.6855       3.0665605      0.96988341       70.730632     0.022982788      0.11818489       0.0634827       1.0961224   0.00040106932       1.0027414      0.99897507      0.99755946       50.283077      0.28096611       4.0801377       2.4230165       9.9104204       11.373979        17.756338        88.76491       252.16321       45.330074       37.753926       114.93474      0.12448329        0.10245721        0.48962543      0.13363343         0.4977533       1.5081909   2.1467937e-09       11.247919        2804.632       1035.3311       13.614627        11.580346         2.0342809       3856.1418                 20.471584                 397.64053                           2377.7297                      8.7901676               0.34962174              3.7343885                         7.1639089         1035.3311       4.9308237
              1       1944.6604       3.0791304      0.97244637       70.730632     0.022860174      0.11842535     0.073363355       1.1375359    0.0035593132      0.99971111      0.99893928      0.99754398       45.687057      0.25448181       4.4084633       1.4784895       10.108735       11.822118         20.00617       94.281983       254.24605       45.530079       37.927973       119.99015      0.12330984       0.098606351        0.54714569      0.10985468        0.49682844        1.532465    2.173949e-09       11.330879       2809.5817       1035.3141        14.08166        12.012056         2.0696044       3861.1576                 20.200385                 402.01177                           2378.7065                      8.6630923               0.35268059              3.7448782                         7.2333199         1035.3141       4.9308237
              4       1947.8743       3.0791304      0.97244637        70.55592     0.022860174      0.11842535     0.073363355       1.1375359    0.0035593132      0.99971111      0.99895342      0.99796271       41.838839        0.266759       2.8138618        2.149168       12.811935       11.177484        20.068867       99.999882       242.70525       50.102792       35.806432       121.83808      0.13595118        0.10392014        0.60145643      0.11947123        0.47713242        1.767848    2.173949e-09       10.273121       2811.0596       1035.2186       16.746117        14.277742         2.4683744       3862.2564                 20.174519                 402.01528                           2380.2877                      8.5820366               0.29158038              3.5507061                         6.4308349         1035.2186       5.7051137
              2       1947.2336       3.0791304      0.97244637       70.773549     0.022860174      0.11842535     0.073363355       1.1375359    0.0035593132      0.99971111       1.0004689      0.99895367       47.575867      0.40528484       3.3867427       3.8826238       11.790271       8.0389609        19.449836       97.370394       239.04318       51.992325       36.525592       110.01591      0.13643671        0.13758563        0.64590678      0.14824361        0.58926863       1.7445976    2.173949e-09       11.604156       2815.4534       1035.3388       13.660809        11.641067         2.0197418       3867.1456                 20.202965                 402.01177                           2384.5498                      8.6888629               0.36842897              3.7923408                         7.4433866         1035.3388       4.7492603
              2       1947.2471       3.0750787      0.97254069       70.773549     0.022858185      0.11861835     0.070668828         1.13877    0.0035956798       1.0001261      0.99985979       0.9992314       43.925511      0.54299085        2.916036       2.7720944       11.361548       8.8615379        20.373406       100.75909       247.28834       57.487216       42.734188       117.89637      0.14406441          0.123794        0.57306781      0.13525284        0.52781708       1.6788515   2.1651585e-09       11.496313       2815.3823       1035.3114       13.777477        11.523655         2.2538212       3866.9393                 20.170961                 400.62229                           2385.7682                      8.8208483               0.36091301               3.770652                         7.3647482         1035.3114       4.7492603
              4       1946.8179       3.0736516      0.97256515       70.773549     0.022886658      0.11855918     0.070348081       1.1590495    0.0036379326      0.99976165      0.99946661      0.99933745        49.77624      0.20065914       4.3918726       1.6175404       8.9652454       9.4937431        18.616637       96.682596       260.89583        44.60254       40.114012       111.08206      0.12404362           0.15767        0.48217296      0.12651289         0.5484514       1.9154279   2.1620709e-09       11.304657        2817.676       1035.3157       12.295073        10.236866         2.0582074       3869.0457                 20.111172                 400.43295                           2388.3206                      8.8113751               0.35145401              3.7409479                         7.2122551         1035.3157       4.7492603
              7       1946.0117       3.0736516      0.97256515       70.823725     0.022886658      0.11855918     0.070348081       1.1590495    0.0036379326      0.99976165      0.99951932      0.99934025       53.365751       0.1315122       5.1948454      0.83404043        9.544649       10.068982        16.693326       91.964906       256.16937       39.630352        38.86635       107.09092       0.1726058        0.16083884          0.500928      0.13511597        0.57341905       1.9588063   2.1620709e-09       11.596919       2815.6952       1035.3447        12.42269        10.398169          2.024521       3867.1781                 20.103155                 400.41943                           2386.3203                      8.8522871               0.36848799              3.7922202                         7.4362106         1035.3447       4.5413041
              1       1944.6669       3.0700376      0.97237974       70.823725      0.02292321      0.11838053     0.068352287       1.1520896    0.0039800455       1.0000137      0.99943247      0.99934212       53.145637      0.16348184       5.1203395      0.83746015       9.5352086       10.378238        16.797867       92.169028       255.88216       40.064521       39.198832       107.27067      0.17396752        0.16097767         0.4961528      0.13427862        0.57564592       1.9376117   2.1542712e-09       11.613253       2812.7943       1035.3656       12.509701        10.479879         2.0298229       3864.3145                 20.115846                 399.44843                           2384.3002                       8.929801               0.37083725              3.7983291                         7.4440866         1035.3656       4.5413041
              4        1946.331        3.071782      0.97240749       70.823725     0.022973304      0.11897236      0.06791694        1.165261    0.0055277585       1.0004762      0.99919649       0.9994587       56.196883      0.27102258       6.1846647      0.13363425       10.389687       9.9629089        17.361161       90.977872       225.98709       38.901954       41.441525       102.79028      0.14950935        0.13793618         0.4879739      0.15115072        0.56971184       1.9149949   2.1580324e-09       10.993666       2816.5011       1035.2739          12.676        10.642897         2.0331033         3867.31                 20.086403                 399.27356                            2388.312                      8.8291541               0.33255496              3.6830835                         6.9780273         1035.2739       4.5413041
              3       1943.5785       3.0721208      0.97262772       70.823725      0.02297688      0.11891032      0.06825759       1.1673024    0.0056108696       1.0003927      0.99915553      0.99898608       53.089369      0.53740206       6.7016234      0.14972238       9.4406386       12.456924        22.194755       98.371847        217.7627       39.864958       42.196545       103.38004      0.11634264        0.17211566         0.4261621      0.22577734        0.72860173       2.1776176   2.1587638e-09       10.999933       2814.2122        1035.282       11.060826        8.9386497         2.1221765       3865.0354                 20.065018                 399.40171                           2385.9307                      8.8147935               0.33344238              3.6855026                         6.9809883          1035.282       4.5413041
              6        1944.276       3.0711501      0.97271685       70.823725     0.022967668      0.11893071      0.06761843       1.1743193    0.0053111921       1.0005387      0.99927865      0.99898732       49.877792      0.50746477       6.6490241       1.4314305       10.093339       12.641338        22.285839       100.83911       208.42396        35.98138       38.995843       105.25599       0.1056049        0.17525633        0.44410385      0.24471203        0.74097328       2.1336754   2.1566693e-09          10.985       2814.3026       1035.2804       11.721367        9.3369143         2.3844523       3865.1093                 20.039401                 399.14142                           2386.2691                      8.8526624               0.33256754              3.6827702                         6.9696621         1035.2804       4.5413041
              2       1943.7907       3.0699667      0.97353626       70.823725     0.022959559      0.11875809     0.067157063       1.1558217    0.0050090184       1.0006767      0.99953502      0.99847384       52.494243      0.71578702       3.1732597       3.3488111       10.112183       11.033074        17.183319       89.545995       248.98588       42.438723       35.023978       102.44717      0.10367066        0.19397648        0.36917233      0.27982919        0.71730322       2.1550306   2.1541186e-09       11.232745       2813.5857       1035.3057       11.457964        9.3763346         2.0816296       3864.6654                 20.034059                   398.894                           2385.7217                      8.9359429               0.34705247               3.727624                         7.1580686         1035.3057       4.5413041
              5       1943.2984       3.0701001      0.97351353       70.823725      0.02295932       0.1187543     0.067243311       1.1551737    0.0050409548       1.0006619      0.99946839      0.99824029       52.269478      0.74424975        4.133417        4.422032       8.6158631       10.512337        17.423048       88.079769       243.53762       41.729724       35.260661       102.03026      0.10666297         0.2089648        0.36289602      0.33629481        0.69141758       1.9477462   2.1544059e-09        11.23351       2809.5907       1035.3062       12.962523        10.813986         2.1485374       3860.6717                 20.034963                 398.92078                           2381.7053                      8.9295886                0.3471322              3.7278456                         7.1585318         1035.3062       4.5413041
              2       1940.3887       3.0701001      0.97351353       70.703671      0.02295932       0.1187543     0.067243311       1.1551737    0.0050409548       1.0006619       1.0001025      0.99803541       47.871158      0.92905132       4.1876997       4.6631511       9.3852326        10.69698        15.700382       87.765544       274.93273       43.460311       41.484772       109.45609       0.1361374        0.19420976         0.4537077      0.31694869        0.61851342       1.7655142   2.1544059e-09       10.515845       2807.8294       1035.2402        11.07262        8.8621515         2.2104688       3858.6321                 20.032489                 398.94045                           2380.0298                      8.8266643               0.30561576              3.5967396                           6.61349         1035.2402       5.0466264
              1       1940.3731        3.069618      0.97105746       70.703671     0.023029439       0.1185307     0.065968865       1.1449683    0.0051775128       1.0014889       1.0003784       0.9979569       49.679246      0.85956886       3.6265244       6.1325461       9.9156753       10.536379        14.902321       84.250647       290.53307       42.119548       38.222628       108.01565      0.13562608        0.18503316        0.45718496      0.30240064         0.6098616       1.7338383   2.1533676e-09        10.47576       2807.8576       1035.2609       11.052631        8.7056826         2.3469482       3858.6408                 20.231671                 398.50766                           2380.4529                       8.665406               0.30488413              3.5931602                         6.5777156         1035.2609       5.0466264
              4       1938.0131       3.0622447      0.97148407       70.703671     0.023009289      0.11856071     0.062861197       1.0708915    0.0042212614       1.0009989       1.0003654      0.99795315       49.554212      0.86061489       3.6605835       6.0815617       9.9414156       10.543881        14.931953       84.269334       289.45316       42.011917       38.338443       108.09499      0.13540054        0.18504692        0.45550531      0.30215137        0.60922978       1.7308169   2.1375484e-09       10.899287        2802.898       1035.2595       10.961358        8.6134598         2.3478986       3854.1034                 20.382256                 397.45237                           2376.0066                      9.0567032               0.32670233              3.6649552                         6.9076299         1035.2595       5.0466264
              1       1938.5757       3.0622447      0.97148407       70.402502     0.023009289      0.11856071     0.062861197       1.0708915    0.0042212614       1.0009989       1.0002844      0.99798892       49.936319      0.88156917       3.7470895       5.9636589       9.8359282       10.435427        14.892532       84.205477       288.38905       42.076986       38.720816       107.50721      0.13843901        0.18265896        0.46742736      0.30282202        0.61014068         1.76193   2.1375484e-09       9.2325734       2804.7548       1035.1079       10.812232        8.4587539         2.3534781       3855.5269                 20.364919                 397.45529                           2378.1805                      8.7541824               0.23019264              3.3360127                         5.6663681         1035.1079        6.431578
              6       1940.4202        3.056615      0.97063075       70.402502     0.022991214      0.11869046     0.060908508       1.0765933    0.0042968099       1.0000511       1.0007447      0.99788012       49.031572      0.83429839       5.3529374       5.1522163       10.480273       9.0085649        14.685463       84.937577       279.18492        41.81028       44.704293        113.6518      0.14186725        0.17937915        0.48278206      0.23555531        0.56212994       1.7075452   2.1255485e-09       9.2003396       2806.0105       1035.0952       12.051388        9.0459267         3.0054609       3856.7376                 20.396017                 396.87524                           2379.7433                      8.9959445                 0.227763              3.3275006                         5.6450759         1035.0952        6.431578
              3       1938.2929       3.0585603      0.96963322       70.402502      0.02291334      0.11893706     0.063230972       1.0543103    0.0045831612      0.99867988       1.0006818      0.99774588       47.165969      0.93401897       4.9515807       5.8437825       10.639726       8.8060658        13.893352        84.33395       278.46561        44.83664       47.782922        116.2775      0.14812657        0.17252986        0.51262262       0.2412024        0.58466992        1.784581   2.1296874e-09       9.3864822       2801.4767       1035.0764       12.107308         9.078568         3.0287405       3852.3712                 20.575217                 397.72815                            2374.143                      9.0303555               0.23637827              3.3616728                         5.7884311         1035.0764        6.431578
              4       1935.3992       3.0585603      0.96963322       70.238008      0.02291334      0.11893706     0.063230972       1.0543103    0.0045831612      0.99843664       1.0004868      0.99778385       42.806451      0.92995524       4.3415993       6.0740712       9.9607244       8.4415065        14.375051       87.847052       276.33095       46.839652        46.84949       119.96361      0.14466934        0.17184256        0.48821098      0.24314212        0.57170948       1.7270698   2.1296874e-09       8.5801644       2796.9681       1035.0072        11.49201        8.7858571         2.7061528       3847.8143                 20.579798                 397.71682                           2369.8555                      8.8160315               0.19004575              3.1819241                         5.2081945         1035.0072       7.2588401
              1        1937.543       3.0658776      0.97055971       70.238008     0.022965864      0.11921744      0.06483462       1.0398957    0.0041425885      0.99997149       1.0002995      0.99783054       40.790989      0.95502943       3.1190056       7.1472493       9.9649591       8.4011046         12.00009       86.260916       287.75447       40.245192       40.345938       119.16782      0.17212299        0.15919609        0.47012427       0.2029292        0.52909622       1.6003232   2.1453281e-09       8.3484219       2800.3889       1034.9754       12.057218        9.6531537         2.4040642       3850.9716                 20.579887                 398.28209                           2372.8623                      8.6646743               0.17606443              3.1245575                         5.0477999         1034.9754       7.2588401
