#        weight    minuslogpost            logA             n_s              H0         omega_b       omega_cdm        tau_reio  theta_i_ridder     beta_ridder        A_planck      calib_100T      calib_217T       A_cib_217       xi_sz_cib            A_sz        ksz_norm    gal545_A_100    gal545_A_143 gal545_A_143_217    gal545_A_217    ps_A_100_100    ps_A_143_143    ps_A_143_217    ps_A_217_217   galf_TE_A_100 galf_TE_A_100_143 galf_TE_A_100_217   galf_TE_A_143 galf_TE_A_143_217   galf_TE_A_217             A_s       chi2__BAO       chi2__CMB        chi2__SN   minuslogprior minuslogprior__0 minuslogprior__SZ            chi2 chi2__planck_2018_lowl.TT chi2__planck_2018_lowl.EE chi2__planck_2018_highl_plik.TTTEEE chi2__planck_2018_lensing.clik chi2__bao.sixdf_2011_bao chi2__bao.sdss_dr7_mgs chi2__bao.sdss_dr12_consensus_bao chi2__sn.pantheon  chi2__sh0es_h0
              1       3005.7356       3.0418625      0.96457906              73     0.022353828      0.12013344     0.052629496       1.7833587    0.0091084918       0.9989882       1.0014514      0.99892117       67.327362    0.0051641095       4.4308002       4.4937753       4.1538478       7.5283052         30.93978         77.0483       309.67027       56.932232       45.287773       71.153111     0.059799241       -0.10740343        0.51961249      0.16319233        0.60628414       1.6639257   2.0944216e-09       22.347007       4875.3879       1036.9088       38.413016        36.154403         2.2586131       5934.6452                 21.945787                 396.06558                           4440.2355                      17.141087                1.0445776              5.2457337                         16.056696         1036.9088    0.0014792899
              1       2895.2076       3.0419665      0.96515479              73     0.022362386      0.12001715     0.052802038        1.782021    0.0090635433      0.99884592       1.0012195       0.9992892       59.987109       0.2326193       4.0461945       3.4432235       3.3969941       5.1083241        31.192965        83.90985       308.25068       67.796234       49.550345       80.241797     0.065751287       -0.14101836        0.43103993      0.18637483        0.44148188       1.5711997   2.0946394e-09       22.539565       4628.0194       1036.9375        51.45861        49.431392         2.0272176       5687.4979                 21.944795                 396.05566                           4192.9952                      17.023762                 1.056955              5.2660337                         16.216577         1036.9375    0.0014792899
              1       2882.7361       3.0419665      0.96515479       72.912834     0.022362386      0.12001715     0.052802038        1.782021    0.0090635433      0.99884592       1.0011599      0.99917468       55.148824     0.063486827       3.9263777       6.8494939       3.3854924       5.7909288        27.629925       82.000443       316.58419       55.457585       43.882493       82.531459     0.050648821       -0.13210919         0.4152011      0.23830135        0.37553238       1.6960513   2.0946394e-09       21.652386       4603.5623       1036.8473       51.697587        48.947301         2.7502859        5662.077                 21.966683                 396.05566                            4168.796                      16.743945                 1.003537              5.1764031                         15.472446         1036.8473     0.014951105
              1       2710.8779        3.038465      0.96530568       72.912834     0.022520192      0.12084584     0.047456123       1.7474297    0.0090183932        1.000893       1.0006828      0.99792825       47.531594     0.069977132       1.2013752       7.1264013       2.5998683       6.2566479        23.961657       80.687896       328.46501       53.128229       42.900849       98.969055    0.0071502514       -0.12003927        0.29157164       0.2465444        0.53161429       1.8391419   2.0873179e-09       20.878422       4271.4843       1036.5969       46.390621         44.36175         2.0288708       5328.9746                 21.390452                 396.72753                            3837.616                      15.750386               0.94250938              5.0740018                         14.861911         1036.5969     0.014951105
              3       2711.6777       3.0382941      0.96531718       72.912834     0.022513161      0.12084211     0.047036924       1.7512125    0.0090765397       1.0012184       1.0006857      0.99792742       47.542286     0.071246883       1.1912648       7.1167968       2.5957502        6.243086        23.951155       80.725618       328.65873       53.246434        43.00594        99.13691    0.0070987005       -0.12005941        0.29154202      0.24658161        0.53153559       1.8400537   2.0869611e-09       20.829008       4272.9531       1036.5995        46.47939        44.449189         2.0302008       5330.3965                  21.46684                 396.82675                           3838.8714                      15.788041               0.94021323              5.0697315                         14.819063         1036.5995     0.014951105
              4       2689.8295       3.0382941      0.96531718       72.619849     0.022513161      0.12084211     0.047036924       1.7512125    0.0090765397       1.0012184       1.0009922      0.99815244       49.015324    0.0003948135       2.0867922       5.7326857       2.2124726       6.4496501        24.999507       85.119977       336.66272       52.921509       45.606908       96.691017   -0.0012410703       -0.12372475        0.30307739      0.25534391        0.49981743       1.9693485   2.0869611e-09        18.07807       4227.1229       1036.3259       48.984421        46.956672          2.027749       5281.6901                  21.53013                 396.83178                            3793.955                      14.805971               0.77642983              4.7603459                         12.541294         1036.3259      0.16320903
              1       2682.5167       3.0362439      0.96527715       72.619849     0.022519139      0.12072892     0.045425737       1.7455979      0.00907964       1.0018501       1.0008838      0.99819534       47.715155     0.047630443       2.0920871       5.6989764       2.5060745       6.5277821        25.088291       85.877692       330.66738       54.183762       47.078941       99.242207   -0.0025160505       -0.12327034        0.29965655      0.25000135        0.49320069       1.9158555   2.0826868e-09       18.207837       4213.0619       1036.3505       48.624975        46.595989         2.0289858       5267.7835                 21.539697                 397.19766                             3779.17                      15.154622               0.78508643              4.7772666                         12.645484         1036.3505      0.16320903
              4       2658.4325       3.0367313      0.96775335       72.619849     0.022642313      0.12017265     0.048509037       1.6497314    0.0098293032      0.99972838       1.0007681      0.99818939       46.796968     0.094830503       2.1110978       5.3207075       2.1521958        6.692242        25.020679       85.623154       331.64853         51.8106       46.106422       98.498697       0.0115021       -0.11753692        0.32357817      0.23620422        0.48478845       1.9027961   2.0837022e-09       20.185482       4167.6741       1036.4516       46.195291        44.142048          2.053243       5224.4743                 20.649334                 396.40508                           3735.3773                      15.242301               0.89465691              4.9893936                         14.301431         1036.4516      0.16320903
              9       2635.8188       3.0367313      0.96775335       72.395873     0.022642313      0.12017265     0.048509037       1.6497314    0.0098293032      0.99972838       1.0006068      0.99818854       46.960243    0.0048495889       0.9802341       5.0450801       1.8134563       6.7544776        22.809359       83.640783       346.14208       53.600484        46.17416       98.274955     0.029669934       -0.11910012        0.34951038      0.23866794        0.48902432       1.8235833   2.0837022e-09       18.148925       4125.4746       1036.2483        45.69111        43.210663         2.4804477       5180.2554                 20.654548                 396.42021                            3693.926                      14.473882               0.77372278              4.7572313                         12.617971         1036.2483       0.3835984
              1       2622.0483       3.0367313      0.96775335       72.256261     0.022642313      0.12017265     0.048509037       1.6497314    0.0098293032      0.99972838       1.0005978      0.99819637        47.12724     0.006078659      0.81401858       5.0579343       2.0284706       6.3401922         21.40512        81.46549       341.43437        53.24844        47.52659       100.50734     0.036781143       -0.11573715        0.35293515      0.24059245        0.50836034        1.892296   2.0837022e-09        16.86957       4101.7954       1036.1274       44.368161        41.802981         2.5651794       5155.3602                 20.709639                 396.41678                           3670.6383                      14.030733               0.69841025              4.6019257                         11.569234         1036.1274      0.56790629
             14        2588.929       3.0422275       0.9691036       72.256261     0.022754184      0.11893208     0.050970251       1.5572118    0.0080795439       1.0011182       1.0007609      0.99829155          46.112     0.047141282      0.16547039       5.2754743       2.3030094       6.5170291        21.692085       82.687796       350.91429       55.123885       47.102262       102.10932     0.038927832        -0.1118336        0.33319799      0.24574091        0.49935529       1.8300897   2.0951861e-09       18.938864       4033.9245       1036.3809       44.022962        41.134311          2.888651       5089.8121                 20.129175                 396.00467                           3604.3333                      13.457299               0.82510561              4.8567497                         13.257009         1036.3809      0.56790629
              9       2559.1724       3.0407747      0.96839528       72.256261     0.022742689      0.11855641     0.051368116       1.5170185    0.0079461404        1.000457       1.0005994      0.99839803       45.099085    0.0070938767      0.20799306       5.9135421       2.2596665       6.4760146        22.959848       85.520195       344.00023       55.808307       45.141179       102.03399     0.037337457       -0.11170584        0.34011246      0.23883532        0.45918745       1.8075962   2.0921444e-09       20.149124       3972.0182       1036.4729       44.568327        41.962645         2.6056821       5029.2081                 19.909193                 395.91486                           3542.2092                      13.984965               0.89465187              4.9887556                         14.265716         1036.4729      0.56790629
             11       2551.7892       3.0484765      0.96734201       72.256261     0.022850995      0.11853175     0.054461264       1.4985343    0.0081492318       1.0008494       1.0006274      0.99839818        45.16584    0.0092646421      0.19712953       5.9970798        2.216495       6.4650882         22.91144       85.443426       345.02262       55.446468       44.706011       101.57344     0.038147473       -0.11176968        0.34229399      0.23877365        0.45850727       1.7984577   2.1083199e-09       19.859386       3957.3948       1036.4528       44.651774        42.069766         2.5820085       5014.2749                 19.786707                 395.80158                           3529.3478                      12.458682               0.87817025               4.958025                         14.023191         1036.4528      0.56790629
              2       2552.8756       3.0445342      0.96651643       72.256261     0.022835642      0.11873146     0.052464684       1.4995189    0.0085533843       1.0006359       1.0006278      0.99839761       45.364048    0.0048623217      0.15820768       6.1067567       2.2172451       6.4959377        22.941568       85.366252        345.9131       55.786171       44.702275       101.34157     0.038297128       -0.11173149         0.3416576      0.23923521         0.4585268        1.797643   2.1000248e-09        19.65471       3959.9703       1036.4089       44.574704        42.009359         2.5653451       5016.6019                 19.793715                 395.84664                           3531.3904                      12.939623               0.86399647              4.9320797                         13.858634         1036.4089      0.56790629
              7       2553.3724        3.041575      0.96657581       72.256261     0.022835002      0.11870313     0.051513773       1.4875499    0.0086869258       1.0001852       1.0006217      0.99839818       45.388307    0.0022418839      0.16615031       6.1344108       2.2249006       6.5203963        22.977742       85.335219       345.74154       55.735496        44.60762       101.11993     0.038337043       -0.11171474        0.34095654      0.23900681        0.45822383       1.7950075   2.0938194e-09       19.875276         3960.88       1036.4158       44.502953          41.9516         2.5513532       5017.7389                 19.793467                 395.87905                           3531.7686                       13.43884               0.87579895               4.954589                         14.044888         1036.4158      0.56790629
              4       2551.8321       3.0409707      0.96680031       72.256261     0.022857728      0.11853544     0.051070375       1.4889324    0.0086701671       1.0004495        1.000627      0.99839774       45.377549    0.0036974712      0.17069529       6.1280914       2.2136724       6.5097477        22.981905       85.388513       345.80651       55.654256       44.566115        101.1274     0.038451164       -0.11177281        0.34078298      0.23847447         0.4573729       1.7907597   2.0925545e-09       19.902716       3957.5855       1036.4503        44.57884        42.027814         2.5510251       5014.5065                 19.803276                 395.91438                           3528.3517                      13.516169               0.88016437              4.9619105                         14.060641         1036.4503      0.56790629
             18       2548.5821       3.0443973      0.96726569       72.256261     0.022922737      0.11817449     0.053478316       1.4800868    0.0087204974       1.0000754         1.00063      0.99840231        45.34803    0.0017568743      0.20337103       6.1467023       2.1981774       6.5290678        23.011762       85.372985       345.56851       55.144841       44.117372       100.61918     0.038823608       -0.11181713        0.34133659      0.23739847         0.4565287       1.7830038   2.0997373e-09       20.082498       3950.8854       1036.5219       44.553268        42.026373         2.5268954       5008.0577                 19.780771                 395.78688                           3522.2451                      13.072617               0.89543898              4.9888116                         14.198247         1036.5219      0.56790629
              3       2549.7051       3.0444664      0.96719523       72.256261     0.022925859      0.11812371      0.05347547       1.4789642    0.0087603413       1.0000463       1.0006421      0.99840205       45.241706    0.0043475448      0.18878571        6.103459       2.1707698       6.4879942        22.975279       85.360665       345.41927       55.210834       44.237136       100.84504     0.038880045       -0.11178596        0.34132866      0.23722693        0.45636036       1.7822409   2.0998823e-09       20.074385       3952.8978       1036.5336        44.66825        42.118708         2.5495414       5010.0737                 19.780279                 395.76925                             3524.37                      12.978235               0.89601051              4.9895525                         14.188822         1036.5336      0.56790629
             65       2548.8112       3.0445075      0.96719833       72.256261     0.022925474      0.11812784     0.053484201       1.4789104    0.0087775717        1.000054       1.0006319      0.99841855       45.311727    0.0016971697      0.18304353        6.116245       2.1621251       6.5160035        23.006241       85.418111       345.38926       55.068417       44.072594        100.6456     0.039129176       -0.11170581         0.3399446      0.23715114        0.45371097       1.7798582   2.0999686e-09       20.075198       3950.9938       1036.5327       44.726395        42.178091         2.5483048       5008.1696                 19.779969                 395.76925                            3522.471                      12.973554               0.89597457              4.9895112                         14.189712         1036.5327      0.56790629
              3        2531.067       3.0714957      0.96985932       72.256261     0.022862007      0.11740387      0.06473333       1.4425165    0.0070825925       1.0032349       1.0005208      0.99867817       48.909938     0.038374162       1.0035347       6.0425434       1.6214287       4.7976501        22.812262       84.625904       325.68018       55.619872       44.563687       98.735399     0.041169097        -0.1238263        0.35351343      0.19470087        0.29038339       1.5046029   2.1574147e-09       21.781807       3888.7924       1036.7314       57.130235        54.922174         2.2080601       4947.8736                 19.732346                 397.60925                           3461.2636                      10.187291                1.0003115              5.1738222                         15.607673         1036.7314      0.56790629
             11       2527.9323       3.0714957      0.96985932       72.176996     0.022862007      0.11740387      0.06473333       1.4425165    0.0070825925       1.0036892       1.0004775      0.99868431       49.683815      0.02082881       1.0122512       6.3730262       1.7117436       5.0043277        23.021208       84.685463       328.03876        55.67013       43.853585        97.39455     0.041275779        -0.1240121        0.35352962      0.19495857        0.29048669       1.5049251   2.1574147e-09       20.955317       3883.8258       1036.6523       56.871264        54.727482         2.1437825        4942.122                 19.737773                 397.58291                            3456.261                      10.244125               0.95119675              5.0882702                          14.91585         1036.6523      0.68858666
              3       2525.7856       3.0857001      0.97122483       72.176996     0.022866525      0.11716345     0.072706395       1.4243526    0.0061964579        1.003254       1.0004512      0.99868564       49.295464     0.021033659       1.0510495       6.2283455       1.7843481       4.9831661        22.940265       84.701479       326.26267       55.028416        43.59315       97.511605     0.041977395       -0.12325222        0.35778864      0.19649287        0.29313888       1.5100386   2.1882781e-09       21.472302       3880.3832       1036.7128       56.157163        53.999166         2.1579965       4939.2569                  19.71594                 400.89114                           3450.5573                      9.2187741               0.98286072              5.1435037                         15.345938         1036.7128      0.68858666
              2       2515.9534        3.070216      0.96590417       72.176996     0.023156428      0.11748068     0.060786724        1.320926    0.0061405096       1.0054108       1.0001731      0.99880524       48.983336     0.029292844       1.9104398       5.9250999       1.9186054       6.2406662        24.597158       88.169524       312.93419       52.468447       45.820508       99.225501     0.047483474       -0.11163283        0.29527423      0.18656601        0.28416727       1.5058971   2.1546556e-09       20.774088       3864.1857       1036.5591       54.849705        52.817236          2.032469       4922.2075                 20.144068                 396.63742                           3437.9034                      9.5008657                0.9339254              5.0593536                         14.780809         1036.5591      0.68858666
              9       2497.7603       3.0699866      0.96582759       72.176996     0.023152388      0.11750084     0.060582502       1.3212936    0.0061510181       1.0054751       1.0001176      0.99876977       44.945625      0.12643013     0.081747926       7.1642564       1.6755245       5.8501903        20.710115       86.226723       323.49243       52.865094       47.075891       103.04228     0.064383778      -0.081386848         0.3117782       0.2065276         0.2651181       1.4471513   2.1541614e-09       20.771008        3836.013       1036.5551       50.746443        48.458793         2.2876503       4894.0276                 20.145162                 396.60047                           3409.7436                      9.5237553               0.93342226              5.0585436                         14.779042         1036.5551      0.68858666
              4        2479.227       3.0596067      0.96907979       72.176996     0.023056323      0.11680355     0.057547493       1.2791371     0.002492544       1.0046868      0.99977984      0.99895175       44.537816     0.022429884      0.10128775       5.8776021      0.82251956       6.0738337        20.364863       84.742423       342.19953       53.605903       47.640943       108.40466   -0.0039300837       -0.11004844        0.30347801      0.19551818        0.26640534       1.3869477    2.131917e-09       22.604435       3775.5357       1036.7571         61.4341         58.75133         2.6827695       4835.5858                 20.047077                 396.00838                            3348.389                      11.091283                1.0445386              5.2496256                         16.310271         1036.7571      0.68858666
              1       2477.7906       3.0597063      0.96915975       72.176996      0.02305473      0.11667561     0.057733764       1.2815564    0.0023828391       1.0047051      0.99978018      0.99895466       44.646192     0.019309306     0.084855383       5.9235767      0.81446309         6.08849        20.392606       84.748868       342.70825       53.720275       47.562891       108.26011   -0.0038577992       -0.11006046        0.30336518       0.1952278         0.2662553       1.3865829   2.1321295e-09       22.744645       3772.4527       1036.7911       61.452106        58.776883         2.6752233        4832.677                 20.043494                  396.0127                           3345.2584                      11.138056                1.0547126              5.2660217                         16.423911         1036.7911      0.68858666
              2       2475.1426       3.0608587      0.96890199       72.176996     0.023034156      0.11665794     0.059304537       1.2695817    0.0026573979       1.0038486      0.99977001       0.9989626       44.887972    0.0084671363     0.057357132       6.0554959      0.81835599       6.1578463        20.463192       84.620072       343.47012       53.893791       47.271951       107.64149   -0.0037398021       -0.10997307        0.30341487      0.19531657        0.26719379       1.3896873   2.1345878e-09       23.019244       3768.3927       1036.8012       60.691691         58.04965         2.6420406       4828.9018                 20.093918                 396.29272                           3340.8766                      11.129506                 1.069596              5.2908926                         16.658755         1036.8012      0.68858666
              2       2475.0681       3.0639136      0.96879988       72.176996     0.023028548      0.11672335     0.060676774       1.2679759    0.0020747091       1.0039323      0.99977104      0.99896347       44.880923    0.0087861153     0.052626625       6.0456036      0.81768899       6.1517893         20.44171       84.605119       343.54223       53.915437       47.293592       107.70723   -0.0037880457       -0.10995327        0.30410202      0.19564568        0.26785025       1.3932913   2.1411188e-09       22.984754       3768.2664       1036.7854        60.70549        58.056928         2.6485623       4828.7252                 20.113493                 396.58798                           3340.8093                      10.755668                1.0664225              5.2859639                         16.632367         1036.7854      0.68858666
              2       2474.8333       3.0638399      0.96874082       72.176996     0.023029289      0.11672962     0.060648434        1.268416    0.0020696042       1.0039119      0.99977133      0.99896362       44.897371    0.0083678615     0.049946955       6.0553461      0.81698768       6.1546256         20.44427       84.598049       343.62101       53.929868        47.27947       107.67438   -0.0037637834       -0.10995129         0.3040991      0.19566035        0.26784733       1.3931091   2.1409609e-09       22.968998        3767.851       1036.7836       60.687221        58.040699         2.6465212       4828.2922                 20.119214                 396.59425                           3340.3741                       10.76344                1.0654555              5.2843824                          16.61916         1036.7836      0.68858666
              1       2438.8115       3.0636188      0.96856275       72.176996     0.023022971      0.11674401     0.060598077       1.2707438    0.0019740031       1.0038438       1.0000676      0.99885795       48.592128     0.060281913      0.72943551       2.5464893     -0.80086477       5.1082578        21.529211       81.503704       365.24841       63.660218        50.86429       114.19776    -0.005758245      -0.099979422        0.28252012      0.23079968        0.29506018       1.3363323   2.1404878e-09        23.03076       3689.3889       1036.7814       63.866673        59.988978         3.8776945       4749.8897                 20.135541                 396.60128                           3261.8649                      10.787195                 1.068402              5.2894033                         16.672955         1036.7814      0.68858666
              2        2434.477         3.07146      0.96880323       72.176996     0.023026426      0.11618778     0.069189123       1.2137776    0.0023909646       1.0001849       1.0000284      0.99889044       49.238804      0.02230255      0.70967729       2.9508664     -0.79254906       5.3651064        21.807228       81.063236       366.62878       63.405783       49.337381       111.54386   -0.0050871218      -0.099723947        0.28314392      0.22958099        0.29731525       1.3380486   2.1573376e-09        24.32001       3683.1305       1036.9297       61.942624        58.296873         3.6457512       4745.0688                 20.399717                 399.63271                           3252.6735                      10.424595                1.1473345              5.4162205                         17.756454         1036.9297      0.68858666
              6       2422.7465       3.0683272      0.96723333       72.176996     0.022987939      0.11610037     0.066197071       1.1709064    0.0016443593       1.0015474       1.0002199       0.9990368       49.501485     0.013968214      0.17959523        3.597861     -0.79781969       3.8369928        23.350489       84.418726       372.16618       69.480004       47.493879       110.96248    0.0097325594       -0.11243266        0.31290338      0.19076976        0.31475648       1.2454826   2.1505897e-09       25.132601       3653.2056       1036.9642       64.751019        60.982033         3.7689858       4715.9909                 20.673206                 398.47145                            3223.252                      10.808894                1.1917172              5.4862832                         18.454601         1036.9642      0.68858666
              6       2421.0627       3.0755103       0.9674994       72.176996     0.022962589        0.115846     0.070332499       1.1451449   9.7204153e-05       1.0014055       1.0002158      0.99904881       49.766876    0.0040027036      0.13631933       3.6975693     -0.81279876       3.8801081        23.399154       84.382686       373.39723       69.759369       47.257019       110.59258     0.009748257       -0.11239439         0.3139893       0.1905753        0.31606903       1.2535564   2.1660932e-09       25.944376        3649.285       1037.0419        64.58275         60.83272         3.7500301       4712.9598                 20.867444                 400.35212                           3217.8508                       10.21463                1.2400954              5.5596839                         19.144596         1037.0419      0.68858666
             13       2421.3736       3.0758044      0.96773313       72.176996     0.022973349      0.11582911     0.070303405       1.1415807    9.160886e-05       1.0015755       1.0002174      0.99904646       49.639261    0.0079701736      0.15783987       3.6344933     -0.81113465       3.8569073        23.373794       84.422571       372.85493       69.589596       47.320417       110.78182    0.0096867237       -0.11241876        0.31407908      0.19047597         0.3158231       1.2525091   2.1667305e-09       25.908107       3649.7242       1037.0436       64.691324        60.923476         3.7678482       4713.3645                  20.84421                 400.31883                           3218.3887                      10.172427                 1.238423              5.5570723                         19.112611         1037.0436      0.68858666
              7       2420.0279       3.0789097      0.96857497       72.176996     0.022976033      0.11577013     0.071945999       1.1535737   0.00041063434       1.0016143        1.000212      0.99904471       49.336461      0.01437955       0.2142657       3.4776053     -0.79723055       3.8190157        23.326503       84.486478       371.34212       69.174249        47.42465       111.15451    0.0093754216       -0.11242596        0.31459809      0.19034597        0.31615621       1.2551026   2.1734693e-09       25.777378        3647.008       1037.0594       64.761198        60.951563         3.8096348       4710.5334                 20.698458                 401.03999                           3215.3628                      9.9067764                 1.233291              5.5487844                         18.995303         1037.0594      0.68858666
             29       2416.3223       3.0789097      0.96857497       72.062014     0.022976033      0.11577013     0.071945999       1.1535737   0.00041063434       1.0016143        1.000212      0.99904471       49.336461      0.01437955       0.2142657       3.4776053     -0.79723055       3.8190157        23.326503       84.486478       371.34212       69.174249        47.42465       111.15451    0.0093754216       -0.11242596        0.31459809      0.19034597        0.31615621       1.2551026   2.1734693e-09       24.546228       3640.7554       1036.9364       64.761198        60.951563         3.8096348       4703.1223                  20.71085                 401.07371                           3209.2873                      9.6834686                1.1594336              5.4355794                         17.951215         1036.9364      0.88429746
             15       2415.6971       3.0719003      0.96890057       72.062014     0.023012319      0.11517371     0.069286034       1.1093643    0.0013588712       1.0013913       1.0002148      0.99905163       49.707935    0.0036360807      0.17777209       3.6719512     -0.82802471       3.8854201        23.470386       84.521074       372.87299        69.35418       46.989045       110.35262    0.0099300736       -0.11252769        0.31268774      0.18844501        0.31364687       1.2411698   2.1582878e-09       25.404983       3638.4715       1037.0929       64.770187        61.045322         3.7248647       4701.8537                 20.758706                 399.75397                           3207.4048                      10.554095                1.2174827              5.5234782                         18.664022         1037.0929      0.88429746
              9       2414.9478       3.0719484      0.96904617       72.062014     0.023011108      0.11512654     0.069412894       1.1078152    0.0013030559       1.0013602       1.0002133      0.99905589       49.736846    0.0008559974      0.18099783        3.662944     -0.83955832       3.8953961        23.488192       84.551194       372.95523       69.315488       46.915072       110.27406    0.0097667142       -0.11263659        0.31182943       0.1885654        0.31416629        1.240662   2.1583915e-09       25.529801       3636.7557       1037.1067       64.809516        61.082282         3.7272345       4700.2765                 20.780204                 399.81931                           3205.5843                      10.571797                1.2251061              5.5349823                         18.769712         1037.1067      0.88429746
             15       2414.9201        3.071965      0.96905693       72.062014     0.023011232      0.11512269     0.069424114       1.1077518    0.0013070891       1.0013621       1.0002133      0.99905592        49.73589   0.00086814899      0.18127085        3.662279     -0.83962461       3.8952588        23.488327       84.552246       372.95017       69.313207       46.914469       110.27493    0.0097657644       -0.11263724        0.31182895      0.18855532        0.31416018       1.2406466   2.1584275e-09       25.530182       3636.6957       1037.1078       64.811055         61.08368         3.7273752        4700.218                 20.774701                 399.81931                           3205.5197                      10.581981                1.2252235              5.5351385                          18.76982         1037.1078      0.88429746
              7       2414.8636       3.0740586      0.96920133       72.062014     0.022982786      0.11524659     0.070289177       1.1140806    0.0013429777       1.0014802       1.0002092      0.99905517       49.642813    0.0031672777      0.18742304       3.5971061     -0.82857023       3.8763366        23.454156       84.566428       372.52977       69.355696       47.099787        110.5889    0.0094778995       -0.11260523        0.31225526      0.18905213        0.31508678       1.2470951    2.162951e-09       25.511609       3636.6074       1037.0806       64.821584        61.059933         3.7616508       4700.0839                 20.742493                 400.25732                           3205.2471                      10.360453                1.2217725              5.5304454                         18.759391         1037.0806      0.88429746
              3       2414.1041       3.0740586      0.96920133       71.870477     0.022982786      0.11524659     0.070289177       1.1140806    0.0013429777       1.0014802       1.0002092      0.99905517       49.642813    0.0031672777      0.18742304       3.5971061     -0.82857023       3.8763366        23.454156       84.566428       372.52977       69.355696       47.099787        110.5889    0.0094778995       -0.11260523        0.31225526      0.18905213        0.31508678       1.2470951    2.162951e-09       23.384691       3637.0397       1036.8761       64.821584        61.059933         3.7616508       4698.5651                 20.713972                 400.26699                           3206.0933                      9.9654223                1.0949202              5.3313346                         16.958436         1036.8761       1.2645939
             28       2413.1789       3.0735695      0.96863116       71.870477     0.022994239      0.11559795     0.069413901       1.1098949    0.0013941971       1.0016206       1.0002143       0.9990476       49.459643     0.010342317      0.20782937       3.5269255     -0.81802296        3.841214        23.384882       84.540596       371.84212       69.197734       47.280225       110.89218    0.0094411573       -0.11258802        0.31260892      0.18986901         0.3152684       1.2467348   2.1618933e-09       22.987192       3635.5685       1036.7787       64.879457        61.094363          3.785094       4696.5989                 20.805354                 399.88694                           3205.0304                      9.8457598                1.0659402              5.2853282                         16.635923         1036.7787       1.2645939
             26       2412.8464       3.0715672      0.96734991       71.870477     0.023006234      0.11594231     0.068499458       1.1177073    0.0016042209       1.0010591       1.0002829      0.99905347       50.073423    0.0038297571      0.17371564       3.7380244     -0.77730404       3.7518306        23.064238       83.665859        374.5122       69.188542       47.189703       109.97401     0.013424441       -0.10947715        0.31593297      0.19180013        0.31318826       1.2407797   2.1575689e-09        22.41286       3637.4175       1036.6853        63.95625        60.267889         3.6883614       4697.7802                 20.898374                  399.5483                           3207.0932                      9.8775717                1.0283681              5.2238451                         16.160647         1036.6853       1.2645939
              5       2412.2629       3.0715672      0.96734991       71.843961     0.023006234      0.11594231     0.068499458       1.1177073    0.0016042209       1.0010591       1.0002829      0.99905347       50.073423    0.0038297571      0.17371564       3.7380244     -0.77730404       3.7518306        23.064238       83.665859        374.5122       69.188542       47.189703       109.97401     0.013424441       -0.10947715        0.31593297      0.19180013        0.31318826       1.2407797   2.1575689e-09       22.136188       3636.4958       1036.6588        63.95625        60.267889         3.6883614       4696.6133                 20.893985                  399.5483                           3206.2226                      9.8308577                1.0119561              5.1961502                         15.928081         1036.6588       1.3225864
              1       2384.4808       3.0715672      0.96734991       71.628879     0.023006234      0.11594231     0.068499458       1.1177073    0.0016042209       1.0010591       1.0005709      0.99974501       45.229053     0.037663598        1.572749       2.6052045     -0.62298443       6.5305482        27.160142       93.307394       347.99505       69.174066        49.10642       118.06255     0.061153846       -0.15119875        0.26633588      0.13639553        0.28036781      0.56035311   2.1575689e-09        19.98928       3564.8224         1036.45       72.929444        69.846873         3.0825708       4623.1027                 20.874977                 399.56146                           3134.9489                      9.4370821               0.88454579              4.9702722                         14.134462           1036.45       1.8410337
              4         2382.31       3.0743664      0.96671864       71.628879     0.022880668      0.11628734     0.072005253        1.089319   0.00099189441      0.99903762       1.0002455       1.0001088       42.735385     0.072181112        1.957199       2.5369933     -0.15223716       7.2424253        29.150718         97.4717       337.71456       66.827226       49.535022       122.17662     0.058741235       -0.13305914        0.24117197      0.18131058        0.28538916      0.37510625   2.1636168e-09       20.673906       3566.1471       1036.3969       69.780472        66.947349         2.8331232        4625.059                 21.158001                 401.44799                           3134.1075                      9.4335698               0.91451091              5.0282145                         14.731181         1036.3969       1.8410337
             11       2379.7562       3.0754138      0.96674065       71.628879     0.022905552      0.11628591     0.072291993        1.099435   0.00088385355      0.99919895       1.0000623       1.0001292       42.374371     0.067535333       2.9811569       1.0412714     -0.36034197       8.0638399        29.699793       98.449269       327.13882       67.382184       52.662917       124.68693     0.073778513       -0.14547882        0.27101083      0.16581628        0.29387835       0.2970563   2.1658842e-09       20.391953       3558.6367       1036.3913       71.125721        68.352181         2.7735407        4617.261                  21.10287                 401.55405                           3126.6841                      9.2956977               0.89980242               5.000882                         14.491269         1036.3913       1.8410337
              3        2379.667       3.0864823      0.96870122       71.628879     0.023079024       0.1161197     0.075392165       1.0900848    0.0026392826       1.0013362       1.0000953       1.0001052       41.002462      0.11224783       3.2085354      0.38417341     -0.36711149       7.7988514        29.375904       98.830423        321.8013       65.315557       53.114145       126.55023     0.073502444       -0.14576202        0.27396052      0.16495073        0.29149381      0.28426729   2.1899905e-09       19.648078        3558.286       1036.3896       71.584638        68.686105         2.8985329       4616.1647                 21.022011                 403.05897                           3125.7497                      8.4552824               0.86200289              4.9288054                          13.85727         1036.3896       1.8410337
              5       2356.2567       3.0864823      0.96870122       71.738523     0.023079024       0.1161197     0.075392165       1.0900848    0.0026392826       1.0013362       1.0002007      0.99979199       43.383486      0.25341722       2.1211973        4.484293      -0.2211478       6.6034752        25.606397        93.44688       352.46456       60.831453       46.131614       111.63892     0.073634222       -0.10419847        0.23466435      0.26781622        0.36541404      0.31384694   2.1899905e-09       20.729076       3534.9376        1036.493       59.393836        57.230162         2.1636734       4593.7256                 21.049126                 403.06722                           3102.2615                      8.5596942               0.92586329              5.0464144                         14.756798          1036.493       1.5660537
              1       2350.2751       3.0873241      0.96879559       71.738523     0.022990702      0.11589483     0.076695473       1.0722608    0.0028121079       1.0009836       1.0001509       0.9993529        50.94381      0.02828052       2.4614471        3.520699      0.29502648       7.2972997        23.752683        84.03837        356.9136       58.269604       40.858785       105.29355     0.093337213       -0.13283673        0.21724205      0.25193667        0.33438911      0.26649258   2.1918349e-09       21.677055       3514.6888       1036.5709       63.023632        60.774658         2.2489743       4574.5028                 21.108359                 403.84324                           3081.0635                      8.6737133               0.98080629              5.1437772                         15.552471         1036.5709       1.5660537
              1       2259.0419       3.0870724      0.96896913       71.738523     0.023001254      0.11576805     0.075977017        1.068308    0.0031889089       1.0026552       1.0004829      0.99898639       50.491607      0.42168789       1.1803896       2.5565025       4.1528383       10.181621        19.856347       81.570835       369.51176       59.679323       50.971095        113.0838     0.017380484       -0.15897261        0.35450046      0.27126904        0.44133764        0.679373   2.1912831e-09       21.742201       3345.3149       1036.6003       56.430125        52.993033         3.4370927       4405.2235                 20.972429                 403.38261                           2912.0063                      8.9536114               0.98674191              5.1534903                         15.601969         1036.6003       1.5660537
              2       2202.3193       3.0870724      0.96896913       71.328472     0.023001254      0.11576805     0.075977017        1.068308    0.0031889089       1.0026552       1.0001845      0.99985341       51.600977       0.0795184      0.62669046       3.4356738       4.1169481       12.342625         23.16236       89.428853       380.31794       50.564499        32.18616       99.715667    -0.055983887       -0.15732425        0.41272318      0.33970015        0.47611862      0.82328244   2.1912831e-09       17.781047       3219.2125       1036.2169       64.359884        60.918999         3.4408848       4275.9188                 20.921456                 403.43504                           2786.3687                      8.4872274               0.75234928              4.7139861                         12.314712         1036.2169       2.7083277
             11       2192.0279       3.0883958      0.96846702       71.328472     0.023051926       0.1161587     0.076896965       1.0085946    0.0033036204       1.0022549       1.0002729       1.0000355       50.609671      0.04753708      0.99148289       3.1929011       4.1124617       11.903855        23.849574       91.335918       383.07307       50.193062       32.214496       101.65239    -0.058028034       -0.15523254        0.40686479      0.35070952        0.50476921      0.92842203    2.194185e-09       17.615792       3200.2823       1036.1182       63.665589        60.409968         3.2556206       4256.7246                 21.282423                 404.10032                           2766.4556                      8.4439452               0.73574479              4.6823096                         12.197738         1036.1182       2.7083277
             28       2190.6542       3.0891058      0.96855591       71.328472     0.023042196      0.11615422     0.077123211       1.0046604     0.003342642       1.0024076       1.0001816       1.0000591       49.206961    0.0090392813       1.2574609       2.9228405       4.2021046       12.224403        25.167646       93.543779       377.86954       48.705667       31.147952       104.09643    -0.066208132       -0.14691347        0.37108922      0.36334005        0.49372663      0.91871092   2.1957434e-09       17.689349       3197.0948       1036.1213        63.84735        60.671952         3.1753982       4253.6138                 21.282207                 404.23397                            2763.153                      8.4256099               0.73973831              4.6906453                         12.258965         1036.1213       2.7083277
             25       2190.4473       3.0889085      0.96853607       71.328472     0.023044753      0.11615644     0.077027161       1.0047259    0.0033752442       1.0024483       1.0001781       1.0000601       49.302948    0.0064276227       1.2579336       2.9651469       4.2141171       12.250815        25.183029        93.53591       378.16827       48.677651       31.038266        103.9075    -0.066102772       -0.14703622        0.37132402      0.36322287         0.4935729      0.91866621   2.1953103e-09       17.702081       3196.6506       1036.1203       63.856683        60.703025         3.1536578       4253.1812                 21.300575                  404.1818                           2762.7265                      8.4416657               0.74029507               4.691855                         12.269931         1036.1203       2.7083277
              2       2180.5117       3.0889085      0.96853607       71.312378     0.023044753      0.11615644     0.077027161       1.0047259    0.0033752442       1.0024483       1.0004783       1.0002729        53.97314     0.069163183      0.46690327       3.4965358       6.4494375       12.180333        22.702357       87.534836       380.69183       50.897908       31.207436       98.058179    -0.063298388       -0.15678234        0.34545673      0.31892424        0.45981954       1.1326936   2.1953103e-09       17.555746       3175.0829       1036.1065       64.759369        61.206821         3.5525475       4231.5046                  21.29297                 404.18073                           2741.1813                      8.4278937               0.73171495              4.6741587                         12.149873         1036.1065       2.7595015
              2       2181.5805       3.0897921      0.96803181       71.312378     0.023040688       0.1161899     0.077228201       1.0012561    0.0033917244        1.002607       1.0004297       1.0002677       54.969226     0.061609427      0.32133983       3.3475481       6.2341592       12.389258        22.801844       87.025215       383.85403       51.959159       31.385472         97.4645    -0.054935486       -0.15706494        0.33288352      0.30985902        0.44356758       1.0970242   2.1972509e-09       17.556218       3176.8235       1036.1001       64.960887        61.177197         3.7836908       4233.2393                 21.384704                  404.3439                           2742.7139                      8.3809631                0.7311984              4.6732777                         12.151742         1036.1001       2.7595015
              2       2178.4076       3.0878199      0.96698329       71.312378     0.023024914      0.11635135     0.076005074       1.0263343    0.0033597866       1.0026135       1.0005401       1.0002792       55.638237     0.028462904      0.34802856       3.2581783       6.1572114       12.268462        22.836997       86.902675       389.62834       52.139453       30.792621       96.802178    -0.058408257       -0.15720411        0.33549958      0.30956401        0.44627947       1.0993199   2.1929218e-09       17.311368       3169.9239       1036.0685        65.37602        61.562972         3.8130482       4226.0632                 21.388762                 403.65163                           2736.4538                      8.4296956               0.71613139              4.6421697                         11.953067         1036.0685       2.7595015
              5       2178.5675       3.0731496       0.9657641       71.312378      0.02306878      0.11623254     0.068892355       1.0098454    0.0028091664       1.0023202       1.0005532       1.0002839       56.137609     0.024215936      0.28019184       3.5452345       6.1620429       12.351879        23.013342       86.868531       391.70305       52.712394       30.558673       95.925902    -0.057525584        -0.1570533         0.3334376      0.30850769        0.44217704       1.0816832   2.1609858e-09       17.301108       3170.4405       1036.0847       65.274577        61.572522         3.7020556       4226.5858                 21.465852                 399.92154                           2739.8616                      9.1914643               0.71696725              4.6434131                         11.940728         1036.0847       2.7595015
              6       2168.7367       3.0762798      0.96585806       71.312378     0.023079719      0.11612568     0.070404135       1.0003396     0.003374922        1.002465       1.0007774      0.99970456       59.272661     0.022909494      0.66621365       3.7890634       6.3292001        12.50455        22.052647        82.40618       388.53652       50.972709       28.539905       89.335576    -0.032399288        -0.1426782        0.26819908      0.25029412        0.43491987       1.1790785   2.1677608e-09       17.410487       3166.6288       1036.1056       57.284553        54.068337         3.2162162       4222.9044                 21.538523                 400.70146                           2735.4084                      8.9804604               0.72426468              4.6583269                         12.027895         1036.1056       2.7595015
              1       2167.9406       3.0791666      0.96417666       71.312378     0.022956308      0.11624607     0.070802056       1.0047555    0.0039121352       1.0034674       1.0007734      0.99971769       59.815154     0.013178156      0.34190918        4.207538       6.1913766       12.616391        22.241701       82.814211       396.41692       53.376805       28.800345       89.440566    -0.028317195       -0.14074189        0.27158447      0.24843533        0.43161824       1.1849982   2.1740277e-09       17.938638       3164.6775       1036.1062       57.199714        53.931113         3.2686003       4221.4819                 21.771981                 400.99601                           2733.0298                      8.8797168               0.75106159              4.7149324                         12.472644         1036.1062       2.7595015
             37       2167.4521       3.0792032      0.96401209       71.312378     0.022963608      0.11619941     0.070923807       1.0060533    0.0040625401       1.0033922       1.0007752       0.9997195       59.911572     0.010526959      0.32816552        4.260535       6.1843987       12.632382        22.261828       82.790816       396.88113       53.436191       28.692281       89.239705     -0.02817303       -0.14074354        0.27158589      0.24831414        0.43148284       1.1836085   2.1741072e-09       17.927315       3163.7863       1036.1149       57.158172        53.905867         3.2523047        4220.588                 21.790187                 401.08587                           2732.0334                      8.8768498               0.75123102              4.7149978                         12.461086         1036.1149       2.7595015
              3       2167.0271       3.0789025      0.96380538       71.312378     0.022945377      0.11610027     0.070519592       1.0092119    0.0038505974       1.0037544       1.0007796      0.99972304       60.156528    0.0058380222      0.27566257       4.3546521       6.1674434       12.647482        22.293962        82.81066       398.22511       53.877684       28.704017       89.158635    -0.028087761       -0.14076371        0.27141655       0.2482149          0.431424       1.1852039   2.1734536e-09       18.096343       3162.2704       1036.1408       57.393577        54.146564         3.2470132        4219.267                 21.790927                 400.87537                           2730.6846                      8.9195663               0.76199268              4.7365267                         12.597823         1036.1408       2.7595015
             13       2165.9141       3.0789025      0.96380538       71.254038     0.022945377      0.11610027     0.070519592       1.0092119    0.0038505974       1.0037544       1.0007796      0.99972304       60.156528    0.0058380222      0.27566257       4.3546521       6.1674434       12.647482        22.293962        82.81066       398.22511       53.877684       28.704017       89.158635    -0.028087761       -0.14076371        0.27141655       0.2482149          0.431424       1.1852039   2.1734536e-09       17.569051       3160.4322       1036.0907       57.393577        54.146564         3.2470132        4217.041                 21.781796                 400.89046                           2728.9239                      8.8360385               0.73105798              4.6732951                         12.164698         1036.0907       2.9490187
              7       2166.1332       3.0831097      0.96553512       71.254038     0.022943077      0.11626647     0.073352595       1.0389947    0.0045551201       1.0030548        1.000756       0.9997148       59.286512     0.022249168      0.44575362       3.9446081       6.2306136       12.570429        22.174183       82.868803       393.50336       52.658521        28.97282         89.9821    -0.028945036       -0.14069937        0.27217616      0.24849563        0.43266358       1.1911656   2.1826169e-09       17.244198       3162.1313       1036.0552       56.943322        53.623173          3.320149       4218.3798                 21.439877                 402.29068                           2729.7673                      8.6334431               0.71161782              4.6329164                         11.899664         1036.0552       2.9490187
             18       2166.0797        3.083994      0.96549302       71.254038     0.022944719      0.11625546      0.07376298       1.0384792      0.00454741       1.0030895       1.0007572      0.99971555       59.309485     0.021754528       0.4409029       3.9545815       6.2275484       12.571754        22.173675       82.864431       393.65599        52.67731       28.949601       89.953711    -0.028916147        -0.1406994        0.27236336      0.24850942        0.43275314       1.1915889   2.1845478e-09       17.243953       3161.9987       1036.0573       56.955267        53.636308          3.318959       4218.2489                 21.466355                 402.49488                           2729.4545                      8.5829138               0.71177456               4.633185                         11.898994         1036.0573       2.9490187
              1        2163.839       3.0822918      0.96563721       71.254038     0.022922634      0.11628524     0.073106454        1.037718    0.0044210446       1.0029419       1.0007472      0.99983339       59.829458     0.017002066      0.25317917       3.9115542       6.6383882       12.467167        21.699325       81.915863       394.74175       53.236558       29.050827       90.155313    -0.032022518       -0.13920692         0.2527123      0.25407549        0.42184773       1.2219807   2.1808326e-09       17.340517        3155.171       1036.0556       58.080873          54.5707         3.5101737       4211.5162                  21.41318                 402.14269                            2722.912                      8.7032002               0.71652417              4.6434519                         11.980541         1036.0556       2.9490187
              1       2155.9847       3.0822918      0.96563721       70.969581     0.022922634      0.11628524     0.073106454        1.037718    0.0044210446       1.0029419       1.0007366      0.99978102       58.015446    0.0015112127        0.768557       3.7604158       6.7885426       12.646067        22.046378       83.545136       382.20076       51.873859       29.082612       92.058285    -0.030799705       -0.13962005        0.26309178      0.25328148        0.42373183       1.3156534   2.1808326e-09       14.947705         3143.45       1035.8265       56.890949        53.743446         3.1475028       4198.1874                 21.370876                 402.14537                           2711.5175                      8.4162613               0.57620397              4.3324517                         10.039049         1035.8265       3.9632338
              6       2154.3895       3.0846361      0.96628638       70.969581     0.022956559      0.11649238      0.07376968       1.0247862    0.0031544072       1.0031607       1.0007367      0.99976971       57.386151     0.018713768       0.8764478       3.4697371       6.8149212       12.555136        21.916029        83.62423       379.29796       51.033028       29.363432        92.83546    -0.031166704       -0.13964238        0.26388182      0.25361616        0.42371924        1.314834    2.185951e-09        14.69813       3140.3789       1035.7797       56.979507        53.772074         3.2074335       4194.8199                 21.381259                  402.5088                           2708.1854                      8.3033597               0.55979964              4.2941663                          9.844164         1035.7797       3.9632338
              9       2140.5545       3.0836387       0.9662169       70.969581     0.022960644      0.11654847     0.073222081        1.018627    0.0028619604       1.0031309       1.0007202      0.99942696        60.80139     0.013473873         1.59877       1.5993771       5.6634137       10.012726        17.551821       74.478013       372.96973       54.924179       33.427998       95.066882    -0.058432556       -0.15236975        0.32412227      0.23545153        0.43468926       1.5339851    2.183772e-09       14.675857       3106.3821       1035.7682       60.159834        56.556545         3.6032885       4160.7893                  21.42234                 402.23218                           2674.3978                      8.3297119               0.55776161               4.289591                         9.8285047         1035.7682       3.9632338
              8       2141.8825       3.0838194      0.96615497       70.969581     0.022959776      0.11661217     0.073286643       1.0188065    0.0027669735       1.0037598       1.0007114      0.99945112       62.058973     0.036991928       1.7067994       2.2438076       5.7315668       10.158531        17.910523       74.391399       373.71657       54.787542       32.952942       92.749863    -0.064648668       -0.14951259        0.32057521       0.2435213          0.444498       1.5693099   2.1841665e-09       14.627579       3109.7141       1035.7562       59.851959        56.696716         3.1552431       4164.0611                 21.365964                 402.29034                           2677.6263                       8.431418               0.55436233              4.2816565                         9.7915603         1035.7562       3.9632338
              2       2141.9406       3.0853169      0.96554273       70.969581     0.022944407      0.11682103     0.074389375       1.0041114     0.002153559       1.0032142       1.0007068      0.99945376        62.17618     0.031913308       1.6880675       2.3181397       5.7391608       10.194267        17.924118       74.268385       374.11847       54.905084       32.837778       92.442177    -0.064586573       -0.14942592        0.32100575       0.2441884        0.44559038       1.5731122   2.1874397e-09        14.62677       3110.6545       1035.7199        59.45843        56.325383         3.1330471       4164.9643                 21.576809                 403.00739                           2677.6888                      8.3815379               0.55143492              4.2758433                         9.7994917         1035.7199       3.9632338
              5       2131.0342       3.0847578      0.96581968       70.969581     0.022944188      0.11685585     0.074129642       1.0047469    0.0021043194         1.00318       1.0004049      0.99940851       60.451353     0.050750164       1.7272226       2.9458016       5.7793898       10.368711        18.441883       75.702538       358.76205       54.499838       30.544682         92.9989    -0.078132509       -0.14276842        0.33013851      0.27416459        0.42609599       1.4532786    2.186217e-09         14.5854        3088.447       1035.7134       59.679691        56.863864         2.8158268        4142.709                 21.520626                 402.82725                           2655.6943                      8.4047879               0.54882304              4.2696065                          9.766971         1035.7134       3.9632338
              3       2112.6726       3.0847578      0.96581968       70.699738     0.022944188      0.11685585     0.074129642       1.0047469    0.0021043194         1.00318       1.0003959      0.99928392       65.046772      0.11205331      0.84343214       2.1048657       4.5019028       10.086226        16.908011       72.159125       370.08414       55.888603       29.055421       86.805053    -0.077445033       -0.13594865        0.40152783      0.25491572        0.41040685       1.5544341    2.186217e-09        12.59669       3052.6119       1035.5253        59.77378        55.725685         4.0480951       4105.7976                 21.463078                  402.8174                           2620.0959                      8.2355182               0.43290272              3.9719748                         8.1918124         1035.5253       5.0636325
             10       2099.5275       3.0841155      0.96576882       70.699738     0.022923352      0.11675272     0.073392843       1.0065145     0.002358166       1.0037108       1.0008998      0.99933622       61.835484     0.083698319       1.0827763       1.1247283       5.8605543       10.050723        16.767616       73.983477       380.46325       60.502714       32.969429       94.691004    -0.078324853       -0.11861826        0.45356026      0.25865961         0.4302026       1.6374522   2.1848134e-09       12.757002       3034.4708       1035.5462       55.608684        51.139623         4.4690611       4087.8376                 21.445271                 402.43267                           2602.3363                      8.2565263               0.44267384              3.9983198                         8.3160086         1035.5462       5.0636325
             10       2092.3713       3.0805358      0.96681927       70.699738     0.022914596      0.11685301      0.07309305       1.0034774     0.003043387       1.0023413       1.0009376      0.99912587       62.115279     0.028321444       1.1062582      0.92221534       5.3262008       10.427195        16.727636       72.401355       374.83507       59.508803       30.145691       94.164992    -0.082743602        -0.1065094        0.46591695      0.27931027        0.39729928       1.6389359   2.1770065e-09       12.726408       3022.2019       1035.5308       54.609882        50.017567         4.5923149       4075.5227                 21.254599                 402.19734                           2590.3308                      8.4191443               0.43996821              3.9914854                         8.2949544         1035.5308       5.0636325
              7       2083.3982       3.0818427      0.96715592       70.699738     0.022904412      0.11707293     0.073223656       1.0109553    0.0027097753       1.0026401       1.0007977      0.99924059       59.387824     0.010723087       1.9048739       1.2840422       5.8744715        11.10589        17.097459       74.727816       355.35464       54.700172       31.533779       98.044862    -0.044389425       -0.10451061        0.42002678      0.24696223        0.37175429       1.5412913   2.1798533e-09       12.586225       3014.6783       1035.4959       49.486163         45.98473         3.5014326       4067.8241                 21.209529                 402.29359                           2582.7896                      8.3855564               0.43020806              3.9657293                         8.1902881         1035.4959       5.0636325
             27       2083.6882       3.0863136      0.96763011       70.699738     0.022868266      0.11722306     0.075342867       1.0125819    0.0030675559       1.0027171        1.000794      0.99928742       59.662197    0.0055351002       2.0883231      0.86697648       6.1501853       10.809042        16.872208       74.574959       353.25989       55.303058       32.548974       98.155787    -0.045463955       -0.10186907         0.4091353      0.24817625        0.36389512        1.538718    2.189621e-09       12.612655        3015.101       1035.4773       49.560902        45.987676         3.5732263       4068.2547                  21.17965                 403.48019                           2582.1178                      8.3233628               0.43016784              3.9664716                         8.2160159         1035.4773       5.0636325
              4       2085.8943        3.085973      0.97158779       70.699738     0.022870863      0.11696231     0.074127617       1.0371889    0.0052713779       1.0042229       1.0007832      0.99926991       58.192593     0.044453054       2.3230235     0.064872018       6.1969552       10.540527        16.610944       75.080499       346.52027       53.813488        33.64333       100.74359    -0.047585728       -0.10269871        0.40902021      0.24666842        0.36292293       1.5463697   2.1888753e-09       12.662948       3016.6577       1035.5198       50.942222        47.108069         3.8341533       4069.9041                 20.536691                  402.4733                           2585.2502                      8.3975479                0.4359031              3.9806321                         8.2464128         1035.5198       5.0636325
              7        2085.712       3.0893118      0.97022009       70.699738     0.022839529      0.11694749     0.074864669       1.0329618    0.0059486425       1.0050334       1.0008043      0.99927862       58.812947     0.033210591       2.1724707      0.32696525       6.1416958        10.56914         16.64532        75.02678       350.23905       54.935317       33.626066       100.47202    -0.047176408       -0.10268991        0.40979462      0.24716078        0.36361133       1.5523952   2.1961959e-09       12.834318       3014.9336       1035.5275       51.532501        47.711798          3.820703       4068.3591                 20.725794                 403.00753                           2582.8935                      8.3067271               0.44525668               4.006312                         8.3827489         1035.5275       5.0636325
              2       2085.8633       3.0920248      0.97088603       70.699738     0.022855365      0.11690853     0.075935789       1.0226619      0.00529569       1.0053488       1.0008051      0.99927481       58.502865     0.041759421       2.2249181      0.16788884       6.1486821       10.517174        16.582305       75.110051       348.87444        54.52667       33.767138       100.92426    -0.047403801       -0.10272556         0.4103601      0.24703986        0.36356266       1.5529542   2.2021623e-09       12.835945       3014.5811       1035.5314       51.857268        47.988674         3.8685942       4068.0121                 20.704616                  403.6027                           2581.9918                      8.2819626               0.44562989              4.0071709                         8.3831438         1035.5314       5.0636325
              4       2077.5646       3.0865096       0.9702159       70.699738     0.022829012      0.11715474     0.072446243       1.0114399    0.0052809034       1.0057663       1.0012749      0.99929002       54.261976     0.026735995        1.025378       1.8112327       8.2942553       9.5145248        15.509756        77.38219       354.24476       55.783102       32.032542       103.90823    -0.041165082       -0.11574928        0.38657652      0.21809421        0.39094764       1.6151111   2.1900503e-09       12.818216       2994.9906       1035.4949       53.380984        49.331196          4.049788       4048.3673                 20.748831                 401.73547                           2564.1233                      8.3829689               0.44196919              3.9986738                         8.3775733         1035.4949       5.0636325
              1       2079.7027       3.0866865       0.9702606       70.699738     0.022836595      0.11714061     0.072506317       1.0098935    0.0051951925       1.0047731       1.0013218      0.99932046       52.543172     0.084861516      0.53687242       1.5675445       7.9516774       8.9254591        14.724358       76.922755       348.10402       55.628815       32.422123       105.83426    -0.040292734       -0.11581903        0.38573797      0.21811545        0.38181006       1.5941832   2.1904378e-09       12.815149       2997.7474        1035.496        54.14163        49.344421         4.7972081       4051.1221                 20.844211                 401.79691                           2566.7873                      8.3189246                0.4418952              3.9984191                         8.3748346          1035.496       5.0636325
             10       2079.1479        3.083551      0.97008796       70.699738     0.022834115      0.11713401     0.071323127       1.0058257     0.005188183       1.0044183       1.0013184      0.99932143       52.645064     0.081058856      0.52730146       1.6309823       7.9540095       8.9545975        14.765392       76.882646       348.38458       55.709718       32.325723       105.56823    -0.040185812        -0.1158037        0.38504756      0.21797719        0.38150177       1.5916131   2.1835803e-09        12.84369       2997.2313       1035.4974       53.829874         49.07036          4.759514       4050.6361                 20.851909                 401.18806                           2566.8427                      8.3486694               0.44346136              4.0026982                         8.3975305         1035.4974       5.0636325
             22        2077.939        3.083552      0.97010885       70.699738     0.022833927      0.11713082     0.071321912       1.0055428    0.0051981409       1.0044252       1.0012015      0.99929403       52.302001      0.09850505      0.18612763       1.8340374       8.4422588       9.1501066        14.669781       77.041085        350.0398       55.496255       31.332242       104.53872    -0.026787689       -0.10528756        0.38133947      0.22292842        0.37691071       1.6363531   2.1835826e-09       12.866061       3001.1778        1035.498        50.63626        45.602611         5.0336485       4054.6055                 20.863908                 401.19561                           2570.7677                       8.350628               0.44464164              4.0059439                         8.4154758          1035.498       5.0636325
              6        2076.097       3.0840697      0.96998818       70.699738     0.022829381      0.11722742     0.071432616        1.018673    0.0052760913       1.0044626       1.0008971       0.9985862       44.803777      0.18378394       0.6737367       1.8376554       9.9461858       11.480144        16.512645       84.436543       353.59559       57.860663       38.929592       116.17296     -0.07204827       -0.13518934        0.43329505      0.24859336        0.47080804       1.8668482   2.1847133e-09       12.729156       2989.6484       1035.4829       54.634991        50.208892         4.4260994       4042.9241                 20.813564                 401.24977                           2559.2363                       8.348783               0.43652695              3.9840558                         8.3085734         1035.4829       5.0636325
             10       2071.4383       3.0861281      0.97009266       70.699738     0.022814401      0.11732302     0.071768075       1.0169571    0.0059911464       1.0078316       1.0007326      0.99831419       46.364065     0.026446949      0.58666119       2.9546883       11.988699       13.361304        19.804646       89.371516        367.3145       57.332547        33.17865       112.91777    -0.063900833       -0.13578747        0.46141488      0.24348252        0.46951793       1.7880255    2.189215e-09       12.733135        2974.064       1035.4699        57.77295        54.009034         3.7639156       4027.3307                 20.598037                 401.34296                           2543.4735                      8.6494854               0.43572842              3.9824276                         8.3149793         1035.4699       5.0636325
              6       2071.6203       3.0846934      0.96738172       70.699738      0.02299813      0.11707427     0.071648976       1.0285791    0.0056728833       1.0069074       1.0007688      0.99832288       47.146794    0.0076538183      0.49332038       3.4859837       11.908439         13.5024        19.954431       89.048702       371.35594       57.259723       31.819956       110.59213    -0.061784163       -0.13585127         0.4618241      0.24230242        0.46648187       1.7579869   2.1860764e-09       12.121267       2977.7738       1035.4804       56.400728        52.866647         3.5340802       4030.4391                 20.929926                 401.29934                           2547.1048                      8.4397805               0.40515761              3.8948311                         7.8212783         1035.4804       5.0636325
              3       2070.4232       3.0853867      0.96748453       70.699738     0.022980588      0.11709146     0.071566284       1.0181825    0.0063349989        1.007331         1.00071      0.99821173       46.336895     0.021558102      0.26059624         3.82271       11.825717       13.541547        19.444569       88.607979       373.06885       56.698016       31.485329       111.53834    -0.064910441       -0.13750066        0.45934536      0.23990521        0.46837433       1.7922301   2.1875924e-09       12.230513       2973.3349       1035.4805       57.368435        53.813599         3.5548361       4026.1095                 20.948657                 401.28542                           2542.6692                      8.4315469               0.41080461               3.911162                         7.9085466         1035.4805       5.0636325
             29       2069.0896       3.0853764      0.96747665       70.699738      0.02298062      0.11709215     0.071560379       1.0181131    0.0063347946       1.0073303       1.0007106      0.99826736        45.81966     0.011278035      0.15615194       3.9721991       11.949663       13.524723        19.378393       88.898898       372.50296       56.437811       30.976352        112.0196    -0.065324013       -0.13711789        0.46487517      0.23933168        0.46950308       1.7860516   2.1875699e-09       12.230283       2970.5421       1035.4803       57.431401        53.866248         3.5651529       4023.3164                 20.950452                 401.28331                           2539.8771                      8.4312723               0.41078429              3.9111089                         7.9083902         1035.4803       5.0636325
              2       2063.1508       3.0798963      0.96671952       70.699738     0.022973633      0.11726666     0.068409385       1.0148998    0.0070193014       1.0074773       1.0006454      0.99873273        46.73388     0.073367622      0.19354898       4.2345353       12.230857       14.318309        20.552667       90.637566        361.5596       54.148079       28.555379       108.30776    -0.064922878       -0.11893104        0.47146182      0.24609582        0.50565722       1.7330158   2.1756147e-09        12.13904       2965.2272       1035.4534        54.20915        50.827165         3.3819852       4017.8833                 20.983001                 399.78179                           2535.8286                      8.6338296               0.40415043              3.8931649                         7.8417251         1035.4534       5.0636325
              5        2063.619       3.0857925      0.96660523       70.699738     0.023006133      0.11704783     0.071301131       1.0015585    0.0077509159       1.0065969       1.0007583      0.99872417       45.052721      0.11132095      0.14722883       3.5262451       11.988151       13.839939        20.066916       90.478622       356.99078       54.032169       29.965679        111.1645    -0.064847516       -0.11851857        0.47260723      0.24511391        0.50545618       1.7314559   2.1884803e-09       12.239928       2968.2708       1035.4834       53.090091        49.243273          3.846818       4021.0577                 21.229327                 401.24365                            2537.557                      8.2407821               0.41150031              3.9130306                         7.9153975         1035.4834       5.0636325
              5       2062.2552        3.083158      0.96653759       70.699738      0.02298839      0.11723305     0.070069497       1.0053684    0.0072459545       1.0063602        1.000793      0.99877187       44.943393      0.13253731     0.094971913       3.0872343       11.441727       13.938138        20.470856       91.197558       362.48305       54.391097       30.762202       111.96077    -0.056015376       -0.10970043        0.49616894      0.25137047        0.50439587       1.7267859   2.1827223e-09       12.160783       2970.8661       1035.4564       50.481796        46.286593         4.1952036       4023.5469                   21.1998                 400.59682                           2540.7513                      8.3181835               0.40548562              3.8969009                         7.8583967         1035.4564       5.0636325
             11       2059.3695       3.0824785      0.96669787       70.699738     0.022979145      0.11726374     0.069144984       1.0056306    0.0073685669        1.006894       1.0005357      0.99888397       47.688173      0.26328982       1.4639414        2.070198       12.393974       13.902119        23.629017       94.504373       337.68457       54.992666       32.197157       107.02068    -0.052527848      -0.092368716        0.47587498      0.27617342        0.49297305        1.753428   2.1812397e-09       12.177095       2970.0867        1035.453       47.979305        44.523832         3.4554738       4022.7804                 21.154955                 400.15987                           2540.4275                      8.3443694                0.4060767              3.8987762                         7.8722423          1035.453       5.0636325
              8       2053.4316       3.0814237      0.97120727       70.699738     0.022973534      0.11743045     0.070442484       1.0230227    0.0052706398       1.0053993       1.0005159      0.99911181       45.259497      0.35506241       2.2393268       1.0879555       12.597162       13.913396        24.450468       96.931327       320.55912       52.831976       34.838127       109.89405    -0.045563496      -0.093901238        0.49263067      0.26461877         0.5461138        1.941366   2.1789403e-09       11.994266       2963.5966       1035.4275       45.390603        42.077473         3.3131295        4016.082                 20.565351                 400.56949                           2533.9361                      8.5256746               0.39484538                3.86718                         7.7322403         1035.4275       5.0636325
              1       2042.6523       3.0815432      0.97110582       70.699738     0.022977667      0.11743026     0.070538248        1.024451    0.0052414813       1.0053496      0.99987611      0.99836618       34.973077      0.46840605       1.8956625       3.8311712        13.64988       15.323902        21.673362       95.868292       294.81289       47.195584       34.967403       121.87151    -0.041433538      -0.051796669        0.32797719      0.28236911        0.65416132       2.1759263   2.1792005e-09       11.968892       2954.8854       1035.4269       38.979825        36.576315         2.4035106       4007.3449                 20.571686                 400.61351                            2525.187                      8.5132474                0.3934969              3.8632374                          7.712158         1035.4269       5.0636325
              1       2032.8626       3.0815432      0.97110582       70.585659     0.022977667      0.11743026     0.070538248        1.024451    0.0052414813       1.0053496      0.99977332      0.99853039        43.09557      0.13702196       2.3654777       2.3960073       13.474654       15.671451        18.977972       87.316744       295.90785       40.682755       29.235607        114.5586    -0.044763232      -0.057038845        0.32079833      0.25028777        0.67536921       2.3666939   2.1792005e-09       11.237313       2932.0603       1035.3577       40.750328        38.120706         2.6296217       3984.2246                 20.558778                 400.61574                           2502.4451                      8.4406036               0.35090515              3.7370526                         7.1493557         1035.3577       5.5693319
              5       2030.5832       3.0731465       0.9719214       70.585659      0.02304906      0.11767856     0.065693435       1.0133858    0.0038442832       1.0055591      0.99967532      0.99885629       35.498049      0.23831991       2.3167249       3.6263989       11.269444       16.842118        21.356024       95.263226       299.47732       35.198325       26.594005       120.14777    0.0027312497      -0.071856502        0.36697081      0.16410677        0.70172793       2.5197523    2.160979e-09        10.86101       2932.6648       1035.3111       38.380014        36.101619         2.2783953       3984.4063                 20.463392                  398.4214                           2505.1142                      8.6658411               0.32824848              3.6671836                         6.8655784         1035.3111       5.5693319
              7       2012.4638       3.0611374       0.9709271       70.585659     0.022984775      0.11795399     0.061304404       1.0221391    0.0040147645       1.0025714      0.99938664      0.99948014       39.844836      0.14514062       3.2539638       3.6705987       8.8040232        17.17336        23.554684       98.869157       300.82242       27.063393       21.299117       109.11529     0.031916826      -0.051809737         0.4010129      0.15478195        0.65471179       2.5862662   2.1351829e-09       10.885143       2907.1003       1035.2814       33.045743        31.006626         2.0391176       3958.8361                 20.544986                 397.00548                           2480.5497                      9.0000999               0.32749446              3.6663295                          6.891319         1035.2814       5.5693319
              6       2001.8388       3.0472915       0.9680729       70.585659     0.023004141      0.11793942     0.054276984       1.0123933     0.002157966       1.0024077       1.0000748      0.99874477       31.192842     0.078941513      0.75792701       6.3211487       8.1342763       15.258344        18.408987       96.786787       344.97622        30.01775       21.643205       122.56572     0.026368607      -0.039919672        0.32324028      0.13073603         0.6846646       2.3323546   2.1058231e-09       10.875933       2896.8322       1035.2807       27.559693        25.327374         2.2323184       3948.5582                 20.799274                 395.80572                           2470.4182                      9.8090154               0.32697378              3.6646777                         6.8842819         1035.2807       5.5693319
              5       2001.7743       3.0455268      0.96828041       70.585659     0.022975522      0.11795604     0.053559673       1.0115746    0.0021278641       1.0023208       1.0001928      0.99876025       31.377877     0.042651359       1.2400556       6.5595891       8.5437537        15.50069        18.149319       96.306261        338.5171       28.377849       21.273284       121.79375     0.010188948      -0.044451875        0.33725916      0.12416879        0.68883636       2.2939002   2.1021102e-09       10.968744        2893.527       1035.2824       29.100621        27.032262         2.0683592       3945.3475                 20.757981                 395.72146                           2467.0246                      10.022928               0.33186858              3.6804123                         6.9564632         1035.2824       5.5693319
             17        2001.614        3.052458      0.96814942       70.585659     0.023000176      0.11784831     0.055131177       1.0090251    0.0026393004       1.0041796       1.0002121      0.99875932       31.523159     0.047688849       1.2024986       6.5698518       8.5176049       15.457176        18.094452       96.471878       340.04233       28.616364       21.396138       122.18857     0.010291281       -0.04461085        0.33892896      0.12428692        0.68858105       2.2962673    2.116731e-09       10.966817       2891.3679        1035.294       30.014953        27.941162         2.0737919        3943.198                 20.818878                 395.83991                           2465.3057                       9.403419               0.33257335              3.6820573                         6.9521865          1035.294       5.5693319
              2       2002.5754       3.0491236      0.96747268       70.585659     0.022975638      0.11796383     0.055253582       1.0269349    0.0016765289       1.0020358       1.0002094      0.99893608       31.064432      0.04309815       1.1152161        6.457233       8.3819893       15.365499        19.310242       98.387146       334.42695       29.707063       20.563356        121.1426    0.0099448446      -0.046079069        0.32280174      0.11998385        0.66837046       2.2613732   2.1096846e-09       10.877018       2894.0379       1035.2813       29.692665        27.587136         2.1055299       3945.7655                 20.837219                 395.83467                           2467.8199                      9.5461122               0.32706874              3.6649548                         6.8849947         1035.2813       5.5693319
             11        1999.969       3.0512537      0.96809691       70.585659     0.022923623      0.11766945     0.056365317        1.021026    0.0011504281       1.0024713       1.0002073      0.99911636       31.655761     0.071342618      0.95667065       6.3843358       8.8171505       15.097633        19.299494        98.73843       336.40086       31.155557       21.670497       121.62414     0.013331007      -0.043117996        0.32368911      0.13920628        0.66800144       2.2970127   2.1141834e-09       11.272307       2889.5086       1035.3305       29.128611        26.971493         2.1571173       3941.6807                 20.776787                 395.99479                           2463.1971                      9.5399093               0.35083886              3.7382431                         7.1832247         1035.3305       5.5693319
              6       2002.1926       3.0587528      0.97097069       70.585659     0.022851925      0.11775155     0.057716088       1.0357099   0.00094475551       1.0049634       1.0002307      0.99916285       29.926362      0.10578986       1.2630474       5.4608646       8.7080644       14.310095         18.40706       98.683687       330.08328       31.051911       24.916691       126.89605    0.0065526755      -0.036006097        0.32096547      0.15616783        0.67719414       2.3079944   2.1300973e-09       11.411249       2893.1966        1035.329       29.439479         27.19563         2.2438492       3945.5062                 20.452282                 396.20617                           2467.3723                      9.1659207               0.35786109              3.7602629                         7.2931248          1035.329       5.5693319
              3       1999.5407       3.0686617      0.97157282       70.585659     0.022911336      0.11742692     0.063511507       1.0431318    0.0018750572       1.0044505      0.99956869      0.99874781       30.388362       0.3017122       1.3775214        8.776127       6.8441702       15.895826        19.862974       99.429446       299.16229       25.975339       17.913828       115.88293     0.010473252       -0.02527317        0.30573344      0.12135241        0.64518538       2.1087307   2.1513092e-09       11.367148       2887.5323       1035.3681       29.622237        27.482971         2.1392662       3939.8369                  20.44643                 397.65767                           2460.7772                      8.6510074               0.35833762              3.7597405                         7.2490698         1035.3681       5.5693319
              3       1997.5362       3.0673229      0.96768348       70.585659     0.022758762      0.11841508     0.062494538       1.1160457   0.00043148488       1.0040802      0.99955431      0.99880475       33.965658      0.23970927        1.623052       9.2953135       7.0609847       15.838682        19.923334        97.82662        299.4969       27.640679       17.945845       111.77755     0.011294278      -0.021636327        0.31421736       0.1275556         0.6649149       2.1152003    2.148431e-09       10.918177       2886.0065       1035.2492       28.664585        26.329111         2.3354733       3937.7432                 20.557798                 397.48344                           2459.1806                      8.7846124                 0.326935               3.666283                         6.9249585         1035.2492       5.5693319
              4       1996.7077       3.0811801      0.96913943       70.585659     0.022743589       0.1183028     0.070531314       1.1245019    0.0018062345       1.0033486      0.99942101      0.99869196       33.142745     0.081504725       1.4110915       9.2531422       6.4679362        15.12837        18.293155       96.056647       299.10036       24.405872       14.721805       112.55584     0.022143287      -0.024109126         0.3182641      0.13783215        0.66497212        2.143742   2.1784096e-09       11.010019       2887.5294       1035.2665       27.020036        24.777836         2.2421993       3939.3753                 20.489882                 400.83736                           2457.6841                      8.5180881               0.33286641              3.6844917                         6.9926608         1035.2665       5.5693319
             20       1994.3331       3.0769851      0.96715709       70.585659     0.022773794      0.11796232     0.071699242       1.1182294    0.0017774901       1.0005033      0.99940987      0.99871852       34.357548     0.038520664       1.2677558       9.9569744       6.4329828       15.413767        18.626974       95.575743        303.8124       25.078313       13.217044       109.50979     0.023640654       -0.02394217        0.31704455       0.1368252        0.66478585        2.131542   2.1692901e-09       11.132267       2883.5322       1035.3099       26.561268        24.200543         2.3607248       3935.5438                 20.719169                 401.46201                           2452.8749                      8.4761546               0.34219646              3.7120079                          7.078063         1035.3099       5.5693319
              2       1994.8423       3.0790684      0.96764438       70.585659     0.022757792      0.11788248     0.072712687       1.1244326    0.0017809848       1.0006885       0.9994069      0.99871966       34.288856     0.039875868       1.2762339       9.8999703       6.4357044       15.398256        18.613651       95.626697       303.49913       25.067676       13.312923       109.73477     0.023425565       -0.02394756        0.31730508      0.13675245        0.66517056        2.135444   2.1738142e-09       11.228625       2884.4303       1035.3237        26.56634        24.217506         2.3488338        3936.552                 20.669222                 401.98134                           2453.3301                      8.4496971               0.34811359              3.7300225                         7.1504888         1035.3237       5.5693319
              5       1994.1732        3.072469      0.96861401       70.585659     0.022757092      0.11777611     0.068801598       1.1247891    0.0011152904       1.0014196      0.99952915      0.99875639        34.36313     0.060344186       1.2264875       9.4554986       6.6035562       15.495849        18.824979       96.121823       304.55512       26.445725       15.115225       110.97986     0.033163701      -0.025502034        0.30733401      0.13349021        0.67630412       2.1426353   2.1595155e-09       11.292263       2883.5627       1035.3392       26.291423        24.069524         2.2218985       3935.7635                 20.490099                 399.93804                            2454.483                       8.651601                0.3524756              3.7429256                         7.1968614         1035.3392       5.5693319
              4       1990.8905       3.0723661      0.96846992       70.585659     0.022752546      0.11779953     0.068730821       1.1255735    0.0010764592        1.001413       0.9994785      0.99900495        32.20441     0.067794654       2.6953304       8.8272197       6.9727482       16.540776        22.651741       103.68827       285.36513       24.989784       14.872209       111.74965     0.051844843    -0.00091374363        0.29061342      0.15202478        0.66260363       2.1846604   2.1592934e-09       11.277431       2879.2738       1035.3365       25.161953        22.408415         2.7535379        3931.457                  20.49112                 399.90442                           2450.2238                      8.6544601                0.3515195              3.7400702                          7.185841         1035.3365       5.5693319
             17       1989.5589       3.0751263      0.96940636       70.585659     0.022727934      0.11799454     0.067182602       1.1232096   0.00041371801       1.0040103      0.99978717      0.99888312       34.082474     0.030508638      0.91479668       9.1131465       6.2961707       15.755051        19.098545       97.287456       302.29686       25.624532       14.977149       115.18807      0.11891931      -0.014076027        0.25277036       0.1149653        0.59370983       1.9927362   2.1652617e-09       11.261434       2875.4384       1035.3119       25.768439        23.686469         2.0819699        3927.581                 20.415527                  399.2127                           2447.2176                      8.5925449               0.34896457              3.7333253                          7.179144         1035.3119       5.5693319
              2       1983.3877        3.072261       0.9722191       70.585659     0.022828343      0.11766965     0.067291261       1.0878222    0.0019853808       1.0029057      0.99994717      0.99833797       31.291368     0.024947205       1.2056784       9.3318197       6.7685572       14.601663        17.237232       94.700549        290.3104       23.072725       13.871918       117.77107      0.13606681      0.0042154835        0.26537021     0.061737569        0.56294599       1.9743409   2.1590665e-09       11.294967       2869.8108       1035.3444       22.377952        20.188135         2.1898168       3922.0195                 20.274186                 399.08668                           2441.7515                      8.6984799               0.35297388              3.7442203                         7.1977731         1035.3444       5.5693319
              3       1983.5876       3.0731149      0.97278846       70.585659     0.022808084      0.11769542     0.067750831       1.0894111    0.0020667968       1.0029402      0.99994025      0.99833624       31.095578     0.029054994       1.2376347       9.2198731       6.7845455       14.575846        17.206604       94.749368       289.27461       22.924276       14.052261       118.13493      0.13572192      0.0042269195         0.2654323      0.06185116        0.56341536       1.9784239   2.1609108e-09       11.348083        2870.232       1035.3436       22.341062        20.162938         2.1781231        3922.493                 20.227436                 399.27952                           2442.0163                       8.708765               0.35565395              3.7526365                         7.2397928         1035.3436       5.5693319
              1       1983.7922       3.0692609      0.97318881       70.585659      0.02280327      0.11759675     0.065711456       1.0815601    0.0019669671       1.0031804      0.99993939      0.99833361       31.035173     0.031633319       1.2476576       9.1781316       6.7866486        14.55948        17.213028       94.830049       288.95481       22.937921       14.189711       118.35309      0.13561104      0.0041801007        0.26451573     0.061439623        0.56257768       1.9757419   2.1525986e-09       11.473345        2870.211       1035.3589       22.485953        20.312649         2.1733042       3922.6125                 20.192308                 398.42491                           2442.7165                      8.8772821               0.36317385              3.7751739                         7.3349976         1035.3589       5.5693319
             36       1983.1477        3.067907      0.97169451       70.585659     0.022776969      0.11767434     0.063770335       1.0748263    0.0054874891       1.0042035      0.99994441      0.99833723       31.316282     0.047056557      0.94970592       9.5709898       6.7376789       14.320925        16.986943       94.814559       294.91553       24.634618       14.437494       118.16126       0.1346817      0.0069693875        0.25836252     0.063380483        0.55744087       1.9722315   2.1496862e-09       11.564775       2868.2171       1035.3513       22.796446        20.638354         2.1580926       3920.7025                 20.288181                 397.78789                           2441.2272                      8.9138459               0.36732322               3.788316                         7.4091354         1035.3513       5.5693319
              4       1983.1003       3.0636254      0.97072397       70.585659     0.022750811      0.11801445     0.061905684       1.0764355    0.0049975144       1.0035839      0.99986302      0.99832923       31.897884      0.10450104      0.99489431        9.927013       6.7797402       14.359304         16.89056       93.883484       292.50165       25.496819       15.687303       117.47288      0.13303785       0.011213761        0.26681403     0.067210118        0.55548829       1.9892936   2.1405018e-09       11.426448       2870.1306       1035.3058       21.884262        19.640281         2.2439803       3922.4321                 20.348386                 397.21619                           2443.4313                      9.1347264               0.35694695              3.7586413                         7.3108596         1035.3058       5.5693319
              8       1983.1293        3.062145      0.97203357       70.585659       0.0227278      0.11790847     0.062308737       1.0682408    0.0052334065       1.0028004       0.9992344        0.998238       27.163931     0.040190664       2.4768295       9.3692165       7.7280116       13.756753        16.828516       95.504602       299.73965       29.798262       19.104109       125.99516      0.17115666       0.039712516        0.25908296       0.1193417        0.68486506       1.9304655   2.1373353e-09       11.631258       2877.4555       1035.3242       18.139129        15.305727         2.8334022       3929.9803                 20.253606                 397.32188                            2450.528                      9.3520465               0.36872795              3.7940114                         7.4685187         1035.3242       5.5693319
             19       1982.2595       3.0467915      0.97093199       70.585659     0.022836028      0.11725912     0.054100774       1.0114384    0.0058769258       1.0035994      0.99926929       0.9982388       27.882617     0.029828393       2.3659935       9.7588418       7.6463374       13.819335        16.999118       95.576538       303.65208       30.396523       18.582814       124.91222      0.17256905       0.039454538        0.25598006      0.11688417        0.67926899        1.898773   2.1047703e-09       11.948386       2873.9826       1035.4051       18.806787         15.88049         2.9262967       3926.9054                 20.419592                 395.75146                           2447.3539                      10.457667               0.39086623               3.856522                         7.7009979         1035.4051       5.5693319
              1       1981.4042       3.0477343      0.97068419       70.585659     0.022773182      0.11733411     0.056900424       1.0174241    0.0053550004       1.0015322      0.99884808      0.99789716       26.901061     0.049311039       2.0478558       9.8445442       6.9126559       14.060556        16.060916       93.458928       299.97157       30.379383       18.754694       127.03214      0.16698688       0.055099407        0.24051926       0.1208645        0.67233171       1.8686389   2.1067557e-09       12.101584       2872.7453       1035.4032       18.494504        15.748483          2.746021       3925.8195                 20.428714                 396.05061                           2445.6837                      10.582326               0.39855384              3.8792416                         7.8237889         1035.4032       5.5693319
              1       1972.5787       3.0493596       0.9703427       70.585659     0.022781174      0.11722459     0.057871715       1.0094502    0.0056597364       1.0014597        0.998304      0.99845337       33.951901     0.089683411       1.9262708       9.9419984       6.2310698       13.302519        16.295463       91.594802       297.54666       32.350979        16.14065       116.72825       0.1925846        0.07279731        0.37856484      0.12247104        0.65686277        1.683291   2.1101827e-09       12.204728       2856.9184        1035.419       17.522943        14.815459         2.7074841       3910.1115                 20.502116                 396.22909                           2429.7615                      10.425753               0.40498738              3.8972354                         7.9025056          1035.419       5.5693319
              6       1972.6405       3.0493596       0.9703427       70.587377     0.022781174      0.11722459     0.057871715       1.0094502    0.0056597364       1.0014597      0.99823029      0.99847399       34.194856     0.085602019       1.9616433       9.8862312       6.2329153       13.228825        16.623412         91.9189       296.91748       32.319601       15.815391       116.42552      0.18943416       0.071485548         0.3687018      0.12554354        0.65524414       1.6592739   2.1101827e-09       12.212656       2856.5142         1035.42       17.786259        15.078451         2.7078087       3909.7085                 20.499798                 396.22909                           2429.3574                      10.427984               0.40547105               3.898588                         7.9085969           1035.42       5.5615386
              4       1972.9241       3.0497281      0.97060375       70.587377     0.022759145      0.11727898      0.05761186       1.0122935    0.0053605115       1.0018799      0.99822996       0.9984715       34.088663     0.089854638       1.9670929       9.8076239       6.2383952       13.195685        16.587085       91.986198       296.54146       32.387862       16.067678       116.86417      0.18916138       0.071474091        0.36876123      0.12577904        0.65552605       1.6632357   2.1109603e-09       12.230145       2856.9796        1035.415        17.83091        15.150202         2.6807083       3910.1863                 20.450883                 396.18381                           2429.9191                      10.425817               0.40598354               3.900318                          7.923844          1035.415       5.5615386
              7       1964.0403       3.0536311      0.97170454       70.587377     0.022835883      0.11761864     0.059883875       1.0297634    0.0046396686       1.0011386      0.99851812      0.99910712       32.851381      0.13000077       2.1246676       9.3414976       6.9067511       12.288293         16.77588       95.346459       271.03866       33.331078       18.924395       116.94923      0.18525606       0.095561914        0.40080347      0.16724083        0.70830974        1.749161   2.1192155e-09        11.61004       2845.7769       1035.3518       14.890123        12.289025         2.6010985       3898.3003                  20.36145                  396.6268                           2418.9059                      9.8826824               0.36967783              3.7954913                         7.4448714         1035.3518       5.5615386
              2       1962.1489       3.0595602      0.96868128       70.587377     0.022919605      0.11824023     0.060153551       1.0209863    0.0043602049       1.0025374      0.99872556       0.9988309       35.162425     0.063372722       1.6476876       9.6352125       5.0754546       12.815903        17.404569       95.543939       292.38917       33.332487        13.67537       113.94296        0.228693        0.10018868        0.42561555      0.15932062        0.69734798       1.8874041   2.1318179e-09       10.949536       2838.7273        1035.252       16.903727        14.459439         2.4442887       3890.4904                 20.767083                 396.76071                           2412.1219                      9.0776269               0.32873834              3.6719684                          6.948829          1035.252       5.5615386
              3       1963.1878       3.0598197      0.96857847       70.587377     0.022913344      0.11825328     0.060255958       1.0218882    0.0042590207       1.0025565      0.99867301      0.99884041       34.146514      0.04247153       1.5778979       9.7877324       5.0703166       12.653773        17.254043       96.204115        290.0639       32.860034       13.098713       114.90196      0.22683117       0.099200364        0.41213951      0.15648831        0.69428933       1.8398554   2.1323711e-09       10.958224       2840.4741       1035.2511       17.065311        14.608348          2.456963        3892.245                 20.774845                 396.78049                           2413.8498                      9.0690137               0.32911585              3.6732409                         6.9558668         1035.2511       5.5615386
              3       1959.6499       3.0614903      0.96936038       70.587377     0.022922195      0.11842461     0.060065139       1.0271477    0.0033023358       1.0033523      0.99888445      0.99867223       37.016538      0.18570158       2.7477373       6.6806026       5.5272708       12.482098        17.306589       95.659008       302.24383       41.169405       25.017823       114.44689      0.19122328       0.089357371        0.42544673      0.11574579        0.68654596       1.7194514   2.1359366e-09       10.799243       2837.7026       1035.2271       15.004667        12.848957         2.1557104       3889.2904                 20.689354                 396.71117                           2411.3326                       8.969451               0.31927674              3.6425789                         6.8373878         1035.2271       5.5615386
              3       1957.9693       3.0677777      0.97040418       70.587377     0.022940415      0.11831778     0.064487518       1.0112084    0.0029499726       1.0027082      0.99889153      0.99867319       36.728549      0.14434388       2.9754836       6.6923039       5.7774312        13.30817        18.293707       97.273579       302.28227       38.495903       22.920502       113.64168      0.19686248       0.089865849        0.43038187       0.1112003        0.69269659       1.8001859   2.1494084e-09       10.879595       2833.8978       1035.2388        15.18049        12.951022         2.2294682       3885.5777                 20.678888                 398.13081                            2406.263                      8.8250198               0.32422041              3.6580465                         6.8973276         1035.2388       5.5615386
              2       1956.4541       3.0700188       0.9734274       70.587377      0.02290775      0.11791036     0.066335846        1.034798    0.0037008285       1.0027698      0.99963164       0.9988569       37.761595      0.64746796       3.1207187       5.4215459          7.6993       12.352686        20.460586       99.666237       317.54571       45.632543       34.540976       115.53062      0.17469084       0.057916784        0.44866536     0.038452967        0.70289309       1.9257632   2.1542309e-09       11.130806       2831.1323       1035.2992       14.892189        12.828156         2.0640324       3883.1239                  20.29769                 398.67598                           2403.3082                      8.8504134               0.34137382              3.7099575                         7.0794744         1035.2992       5.5615386
             23       1954.7962       3.0683084      0.97683637       70.587377     0.022910496      0.11815187     0.065273605       1.0439529    0.0019472763       1.0029481       1.0002368      0.99893134        38.46125      0.44931735       2.9304586       1.9091825       7.5010349        11.64001        19.922124        100.0135         331.921        49.36832       36.188727       121.68735      0.19416896       0.074594497        0.45560193     0.069472986        0.82346754       2.1518504   2.1505492e-09        10.91904       2827.6992       1035.2653       15.073682        12.588237         2.4854447        3879.445                 20.051838                 398.15873                           2400.4437                      9.0448703               0.32811959              3.6692323                         6.9216885         1035.2653       5.5615386
              6       1953.5883       3.0690667      0.97686013       70.587377     0.022923451      0.11825833     0.065614282       1.0378781    0.0020867963       1.0028446       1.0004938      0.99858539       44.380983      0.47788565       5.6113451       1.8166999       8.2185878       9.0796386         17.22167       91.694291       285.60344       39.766269       38.078205       115.60845      0.26147868       0.089758839        0.54074679      0.11788548        0.83772508       2.3179957   2.1521807e-09       10.830541       2821.1088       1035.2491       17.213326        15.102629         2.1106976       3872.7499                 20.067882                 398.30709                           2393.7225                      9.0113698                0.3224409              3.6516773                         6.8564226         1035.2491       5.5615386
              3       1947.2983       3.0683774      0.97772944       70.587377     0.022975559      0.11837887     0.064244307       1.0538341   0.00049484533       1.0035926      0.99924425      0.99706584       33.294294      0.43771817       5.1337389      0.62832419       10.398646       9.9881422        18.971063       100.84387       226.90714       43.920228       39.629732       127.75977     0.073977205       0.068631301        0.54771027      0.23387659        0.72549263       1.8453026   2.1506976e-09       10.507895         2815.33       1035.2261       13.985599        11.944017          2.041582       3866.6255                 20.007547                 397.77013                           2388.5686                      8.9836517               0.30425235              3.5929893                         6.6106539         1035.2261       5.5615386
             11       1947.0867       3.0715416      0.97773486       70.587377      0.02299423      0.11844431      0.06617753       1.0529299   0.00059839169        1.003165      0.99923798      0.99714731        32.54908      0.42780321       4.9942054      0.51681359       10.030603       9.9856136        19.172863       101.93579       230.66775       43.522972       39.074585       128.23956     0.083114424       0.070724858        0.56638935      0.22317917        0.72124886       1.8133972   2.1575137e-09       10.406943       2816.4085       1035.2151        13.29067        11.218399         2.0722715        3867.592                 20.020205                 398.43894                           2389.0735                      8.8758975               0.29829281               3.573634                         6.5350165         1035.2151       5.5615386
             10       1945.9756        3.071905      0.97774367       70.587377     0.022994732      0.11844858     0.066315731       1.0524594   0.00060160515       1.0032002      0.99915946      0.99769888       31.969684        0.269483       4.0963123       1.0358866        10.16127        11.54935         19.45079       103.81717       253.78288        41.99835       34.677151        127.6679     0.080810093       0.061781626         0.5795189      0.19483647        0.70244531       1.9470436    2.158298e-09        10.40484       2813.6784       1035.2144       13.545992        11.325766          2.220226       3864.8593                  20.02014                   398.506                           2386.2848                      8.8675496               0.29814242              3.5731629                         6.5335352         1035.2144       5.5615386
              1       1946.0714       3.0757779      0.97688157       70.587377     0.022968499      0.11829327     0.068099794       1.0660965    0.0011026096       1.0035051       0.9994858      0.99769884       33.116935      0.18121917       5.0152145       1.5677398         10.2638       11.410683        20.345707       102.97186       241.02812       38.210343       30.407475       125.01166     0.091561033       0.061262649        0.56066637      0.20025591        0.71831947       2.0897368   2.1666729e-09       10.533536       2815.9324       1035.2383       12.438495        10.420473         2.0180219       3867.2658                 20.047645                 399.27435                           2387.8683                      8.7421532                0.3064057              3.5994754                         6.6276549         1035.2383       5.5615386
              4       1946.4994       3.0792533      0.97684007       70.587377     0.023017476      0.11831731     0.070634966       1.0703831    0.0014079107        1.001313      0.99888392      0.99750786       31.924767      0.12773483       5.2976866       1.6446283       8.9706522       11.725935        18.537804       100.18668       244.31685        32.10639       30.293748       128.21933     0.096857322       0.065640086        0.59288236      0.12610367        0.60485522        1.806939   2.1742161e-09       10.338072       2813.8866       1035.2286       13.991919        11.952948         2.0389703       3865.0149                 20.129099                 400.47292                           2384.6355                      8.6491426               0.29561756              3.5638328                         6.4786216         1035.2286       5.5615386
              1       1945.8612       3.0777006      0.97648933       70.587377     0.023002944      0.11839641      0.06982015        1.073404     0.001593031       1.0012727      0.99888375      0.99750831       32.042423      0.12509405       5.2729756       1.7005867       8.9700341       11.740952        18.554367       100.15786       244.86773       32.334911       30.313899       128.13616     0.096893397       0.065658822        0.59260342      0.12633348        0.60498272       1.8077598   2.1708429e-09       10.320896       2812.6686       1035.2202       13.975623        11.935505         2.0401182       3863.7712                 20.132672                 400.07271                            2383.809                      8.6542536               0.29417045              3.5594135                         6.4673121         1035.2202       5.5615386
              3        1944.472       3.0773465      0.97631964       70.587377     0.022982465      0.11844103     0.069552017       1.0647704    0.0014583371       1.0013452      0.99924962      0.99684397       28.289629      0.37249133       3.7952203        3.976952       7.8791908        10.78412        16.234098       99.789407       269.11982       30.927794       31.349399       131.86069      0.16364586        0.13290663        0.57281297      0.20717606        0.69365609        2.032601   2.1700743e-09       10.393764       2814.5303        1035.217       11.620644        9.5863298         2.0343139       3865.7026                 20.152407                 399.97347                           2385.7311                      8.6733438               0.29774227              3.5716669                         6.5243547          1035.217       5.5615386
              4       1941.9347       3.0790988      0.97088833       70.587377     0.023010225      0.11862171     0.072747877       1.0474017    0.0010991638      0.99875666      0.99893411      0.99696921       34.286401      0.20487711       4.0853414       4.9823237       10.267748       12.423017        16.479676       97.752622        267.2387       32.980889       32.761192       126.37241      0.16393149        0.11846853        0.50671884      0.18362528        0.64593875       1.9796467   2.1738802e-09       10.289158       2808.0675       1035.1902       12.380435        10.136449         2.2439861       3859.1085                 20.762129                 401.92688                           2376.8185                      8.5599913               0.29053592               3.548786                         6.4498357         1035.1902       5.5615386
              1       1940.1224       3.0778622      0.97077808       70.587377     0.022962655      0.11858256     0.073126977       1.0717169    0.0020424702      0.99799164      0.99878752      0.99773471       37.837774      0.37642031       5.0035337       3.7802891       9.2168031        13.80858         20.27067       100.97478       263.26349       38.275551       38.003489       124.33365      0.14073363        0.10649829        0.54652777      0.17832547        0.60180555       1.8207523   2.1711937e-09        10.36504       2803.6273       1035.2013        12.74484        10.436982         2.3078583       3854.7552                 20.671752                 402.10479                           2372.3075                      8.5433209               0.29519887              3.5639821                         6.5058594         1035.2013       5.5615386
              5       1942.6599       3.0816539      0.97033328       70.587377     0.022983919      0.11879836     0.074018757       1.0745815    0.0028051681       1.0004756      0.99803682      0.99795676        44.25989      0.14940764       5.6178855       3.7280726       9.8567541       14.979151        22.540229       102.82068       272.75829        40.02488       31.956446       115.50258      0.14196262        0.14421613        0.47237523      0.22899195        0.63385505       1.9379948   2.1794419e-09       10.152665       2803.0839       1035.1714       15.675219        13.082829         2.5923892       3853.9695                 20.588032                 402.55409                           2371.3567                      8.5850062               0.28222294              3.5213559                          6.349086         1035.1714       5.5615386
             13       1943.1065       3.0872215      0.97070091       70.587377     0.022996788      0.11872807      0.07647084       1.0742803     0.002564493       1.0008549      0.99801751      0.99776212        46.02483      0.19106941       6.4223334       2.7492391        9.361131       15.370152        22.852135       101.64227        269.0737       39.820012       35.390071        115.7764      0.13510006        0.14088079          0.485543      0.23944021        0.61867467       1.9339972   2.1916099e-09       10.158024       2802.4502       1035.1785        16.43239        13.724537         2.7078526       3853.3483                 20.609784                 403.93962                             2369.33                      8.5708301               0.28297757              3.5235376                         6.3515091         1035.1785       5.5615386
              3       1944.0215       3.0862675      0.97082974       70.587377     0.023002847      0.11875048     0.076244322        1.071549    0.0023402591       1.0005971      0.99783967      0.99805268       49.168651      0.10759404       6.4798921       2.4687975       8.8391248       14.736108        22.709308       100.62189       252.22036       43.200981       33.881283       110.83603      0.16430787        0.14946838         0.5439738      0.23187113        0.59670524       1.8995926   2.1895202e-09       10.133875       2802.6338        1035.175       17.269392        14.633338         2.6360545       3853.5042                 20.600035                 403.78917                           2369.6703                      8.5743221                0.2814923              3.5186122                           6.33377          1035.175       5.5615386
              1       1942.2991       3.0806833      0.96968557       70.587377     0.022965364      0.11910369     0.073068328       1.0793462     0.002622025       1.0005779      0.99831085      0.99835056        48.69991      0.40998673       7.0935499       1.4479518       7.4556859        14.42151        24.440947       102.74987       266.48498       49.245518       43.026663       112.66173       0.1338349        0.12381824        0.54701634      0.21254807        0.56454729       1.8361101   2.1773274e-09       9.9983912       2803.5447       1035.1366       15.178443         12.55676         2.6216828       3854.2412                 20.608463                 402.12019                           2372.1733                      8.6427567                0.2719246               3.487534                         6.2389326         1035.1366       5.5615386
             10       1941.0388       3.0802306      0.96980277       70.587377     0.022968529      0.11905433     0.072901425       1.0782997    0.0027795533       1.0005754      0.99855653      0.99818048       51.538379      0.44191882       8.2095808      0.95469417       7.8321409       13.775977        24.454831       101.01811       252.66507       48.195361       46.888787       110.64463      0.10000237        0.12492409        0.51139145      0.25047864        0.58148486       2.2223909    2.176342e-09       10.016645       2803.2135       1035.1421       14.071848        10.883835         3.1880128       3853.9338                 20.594353                 402.01385                           2371.9695                      8.6358599               0.27323718              3.4918113                         6.2515962         1035.1421       5.5615386
              1       1939.8396       3.0758369      0.97112254       70.587377     0.023039918      0.11888156       0.0703963       1.0597057    0.0025252686       1.0009563      0.99855963      0.99816712       50.881274      0.46066108       8.3389552      0.65817531       7.8474784       13.681133        24.373052       101.20882       249.52844       47.173683       47.085901       111.33981     0.099821777        0.12478584        0.51055178       0.2493888        0.57908892       2.2093802   2.1668008e-09       9.9951653       2800.9789       1035.1543       13.994631        10.851829         3.1428027       3851.6899                    20.521                 400.61425                           2371.1738                      8.6698894               0.27294747              3.4900398                         6.2321781         1035.1543       5.5615386
              4        1940.095       3.0599165      0.97005284       70.587377     0.022961323      0.11864025     0.062884362       1.0689797    0.0030025429       1.0008848      0.99855573      0.99798869        51.43463      0.41995962       7.1020909       2.1174911        8.259416       13.562921        24.048278       99.599083       261.04151       48.024751       43.000838       111.48671      0.12799108         0.1187669        0.48829366      0.26554157        0.58834547       2.1302164   2.1325776e-09       10.324658       2802.7031       1035.1941       13.203252        10.305309          2.897943       3853.7834                 20.429868                 397.51847                           2375.3804                      9.3744083               0.29262801              3.5556823                         6.4763472         1035.1941       5.5615386
              5       1940.3654       3.0559168      0.97060701       70.587377     0.022934525      0.11855973     0.061525083       1.0741784     0.002745989       1.0004833      0.99857057      0.99798764       51.340533       0.4179839        7.079725       2.1569016       8.3347223       13.574797        24.040938        99.62934       260.68886       47.841323       42.904325       111.44341      0.12785939        0.11917418        0.48425396       0.2664151        0.58662199       2.1316372    2.124065e-09       10.437981       2803.2607       1035.2078       13.131399        10.231852         2.8995471        3854.468                 20.336415                 397.04884                           2376.1434                      9.7320549               0.29940588              3.5777945                         6.5607808         1035.2078       5.5615386
              3       1948.2926       3.0523826      0.97125337       70.587377     0.022941616      0.11895446      0.05890031       1.0336211    0.0015634933       0.9997708      0.99799064      0.99815996       43.844231      0.47959401       9.0026197      0.51466018       8.1657681       12.760021         27.46898       107.68133       212.89083       48.842899       47.851845        122.8187     0.074816892        0.10610142        0.50987178      0.17902049        0.50396553       2.1100663   2.1165714e-09        10.36471       2808.8306       1035.1574       18.335417        14.686536         3.6488815       3859.9143                 20.457988                 396.41791                           2382.3454                      9.6093562               0.29211995              3.5561447                         6.5164459         1035.1574       5.5615386
              6       1949.0705       3.0701157      0.96801489       70.587377     0.022811079      0.11798934     0.069830061       1.0196128    0.0034871303      0.99899079       0.9982594      0.99809512       45.156829      0.57728506       7.2699431       2.6707012       7.5125973        12.59525        28.023229       108.26682       239.42902       56.898721       47.062385       118.16686     0.065819633       0.085442468        0.50257702      0.15454864        0.47576658       2.0822924   2.1544396e-09       11.537945        2808.365       1035.3017       18.687387        15.388443         3.2989433       3860.7662                 21.004439                  400.5802                            2378.004                      8.7763417               0.36230747              3.7754713                         7.4001666         1035.3017       5.5615386
              1       1948.1041       3.0785256      0.96956767       70.587377     0.022800018      0.11782255     0.072629093       1.0450652    0.0037345168        1.000669      0.99828433      0.99926122       48.749676      0.42854056       7.5467481      0.75306843       6.6382661       12.879179        29.563716       112.99649        257.2469       54.130734       44.179176       112.98067      0.11245707        0.11693057        0.53907431      0.12898285        0.57201426       2.2259584   2.1726345e-09       11.562239       2808.9999       1035.3272       17.378651        14.745839         2.6328113       3861.4509                 20.755686                 401.92385                           2377.7911                      8.5292087               0.36543956              3.7837764                         7.4130231         1035.3272       5.5615386
              2       1942.5135       3.0791043      0.96968298       70.587377     0.022792913      0.11786574     0.072614073       1.0328548    0.0038802862       1.0009277      0.99912419      0.99881625       47.803821      0.27333094       5.7277237       1.1107011       6.7890634       10.537158        25.424185       106.40111       286.00948       54.724851       34.979816       112.37879      0.13311052        0.14058001        0.50297632       0.1519541         0.5808765       2.0168344   2.1738922e-09       11.602189       2810.4358        1035.322       11.052788        9.0018639          2.050924       3862.9215                 20.774786                 401.93053                           2379.1981                      8.5323313               0.36708437              3.7890967                         7.4460075          1035.322       5.5615386
             11       1940.1877        3.079805      0.96965623       70.587377      0.02286363        0.118018     0.073596639       1.0143079    0.0025549622       1.0000243      0.99938113      0.99863979       46.234025      0.19548058       5.6360581      0.72379837       6.9364999       10.424823        25.233669       106.85496       285.68017       53.953678       34.066808        113.8487      0.13360356        0.12961958        0.47373635      0.14440651        0.59502809       2.0011957   2.1754161e-09        11.32696       2808.4284       1035.2903       9.8840763        7.8632856         2.0207907       3860.6072                 20.907837                 402.46023                           2376.5591                      8.5012449               0.35074869              3.7400872                         7.2361236         1035.2903       5.5615386
              2       1941.5173       3.0799371       0.9705683       70.587377     0.022825432      0.11818445     0.073850996       1.0193378    0.0023061131      0.99983755      0.99936537      0.99863461       45.816541      0.20386834        5.707671      0.50401007       6.9761251       10.379868        25.172478       106.91348       283.37641       53.596445       34.414692       114.50838      0.13294109        0.12966553        0.47364466      0.14483203        0.59596422       2.0081233   2.1757034e-09       11.349913       2811.1024       1035.2725       9.8741793        7.8555966         2.0185827       3863.2863                 20.790754                 402.60709                           2379.1175                      8.5869884               0.35058567              3.7405433                         7.2587837         1035.2725       5.5615386
             10        1941.857       3.0817097      0.96879373       70.587377     0.022776892      0.11828671     0.075740966        1.094694     0.003525798      0.99880479      0.99884955      0.99787779       46.169458    0.0041280942       5.1894952        4.266853       7.6993548        11.87463        19.988198       95.132267       262.38731       41.730235       25.220348       111.26813      0.17387895        0.15152877        0.33774415       0.1679169        0.66658183       2.0196163   2.1795634e-09       11.070993       2807.9072       1035.2651       11.954524        9.4133522         2.5411719       3859.8049                 20.702283                 403.67873                            2375.011                      8.5152032                0.3358775              3.6942457                         7.0408695         1035.2651       5.5615386
              4       1942.0739       3.0817428      0.96889738       70.587377     0.022786275      0.11830756     0.075658619       1.0945904    0.0034814466       0.9988586      0.99893764      0.99788702       47.417918     0.019505842       5.4259402       4.6089397       6.8913881       11.955191        20.437332       94.507106       266.44806       40.484871       24.969405       110.67111      0.16767951        0.13815013        0.32630124      0.15058017        0.67617426       2.1144317   2.1796357e-09       11.022455        2807.684        1035.261       12.309405        9.4936614         2.8157434        3859.529                  20.69383                 403.64571                           2374.8296                       8.514905               0.33310387              3.6855617                         7.0037895          1035.261       5.5615386
              7       1943.0939       3.0805985      0.97064036       70.587377     0.022833338      0.11779887     0.077542601       1.0279409    0.0027015673      0.99716212      0.99919533      0.99811875       42.564708      0.18728332       4.3782504       3.6675945        7.103314        11.63108         21.47322        99.94801        279.0124       47.723354        29.01146       116.53219      0.15583252         0.1336796        0.34666112      0.14942717        0.66330034       2.1087545    2.177143e-09        11.52976       2812.0558       1035.3258       10.857479        8.7635141         2.0939646       3864.4729                 20.788877                 404.66535                           2378.0691                      8.5324619               0.36368263              3.7784432                          7.387634         1035.3258       5.5615386
              3       1943.0957       3.0793768      0.97074532       70.587377     0.022843404      0.11817486     0.076451211       1.0174596    0.0026562624      0.99719172      0.99916215      0.99792922       44.656282      0.16362366       4.5172503       2.5742672       6.8320972       11.839286        20.197819       94.033152        279.0951        49.27205       32.224307       119.75424      0.14704564        0.15030221        0.31634395      0.18740705        0.66143891       2.0181539   2.1744846e-09       11.289646       2811.6534       1035.2713        11.20776         9.185147         2.0226133       3863.7759                 20.803704                 404.06699                           2378.1716                      8.6110684                0.3474478              3.7307243                         7.2114735         1035.2713       5.5615386
              1       1943.5734       3.0707977      0.97139807       70.587377     0.022848817      0.11799716     0.071904704       1.0075479    0.0040693623      0.99763334      0.99935639      0.99886295       43.778276      0.38738412       6.0560688       2.6062405       10.017789       11.677226        23.951967       101.90544       257.64349       46.634607       37.448273       117.58848      0.17405285        0.14481102        0.24399298      0.13507133        0.63701355       2.1379159   2.1559094e-09       11.426259       2806.1691       1035.2953       14.347232        11.895384         2.4518475       3858.4522                 20.651013                 401.47463                           2375.1697                      8.8737924               0.35616361              3.7567594                         7.3133363         1035.2953       5.5615386
              1       1941.0211       3.0714007      0.97119951       70.587377     0.022928613      0.11784033     0.071598241       1.0122133    0.0038681867      0.99814679       0.9993697      0.99884593        40.76428      0.34905686       5.6702273       3.4411963       10.657875       11.010104        23.870396       106.16569       258.87054       45.382918       35.673358       118.52707      0.16760925        0.14525582        0.30843499      0.16285239        0.70401033       2.2187743   2.1572098e-09       11.219066       2805.0351       1035.3062       12.460113        9.9380324          2.522081       3857.1219                 20.676873                 401.27494                           2374.3579                       8.725417               0.34639233              3.7255077                         7.1471663         1035.3062       5.5615386
              2       1942.5996       3.0665829      0.97179059       70.587377     0.022948381      0.11793972     0.068445822       1.0373846    0.0039549292      0.99776996      0.99944691      0.99864973       43.171153      0.32084851       6.1128306       2.9273414       10.603789       10.239598        22.054294         100.863       240.63619       42.542518       37.752736       119.05916      0.18321549        0.14186519        0.40549989      0.13308763        0.68949653       2.1615738   2.1468417e-09       10.974716       2810.4978       1035.2894       11.437835        8.8485937         2.5892415       3862.3234                 20.562719                 399.70468                           2381.5247                      8.7056839               0.33266333              3.6825939                         6.9594592         1035.2894       5.5615386
              3       1943.0665       3.0608547       0.9720873       70.587377     0.022787533      0.11806494     0.065496622       1.0360139    0.0031623784       0.9981138      0.99968787      0.99820205       44.309078       0.3016419        7.947267       3.0770557       10.385099       11.631306        24.274215       101.79517       233.80039       36.971008       37.626353        115.7391      0.19645342        0.13596707        0.46704281       0.2071637         0.6859563       2.2196475   2.1345793e-09       11.491455        2809.744       1035.2944       12.020765        7.8033333         4.2174318       3862.0914                 20.456397                 398.45364                           2381.6338                      9.2001585               0.35939983              3.7668677                         7.3651872         1035.2944       5.5615386
              2       1944.8792       3.0618595      0.97231827       70.587377     0.022793688      0.11790142     0.066116013       1.0408346    0.0030842608      0.99907459       1.0000937      0.99854303       49.012266      0.32471682       6.5846973       5.0338799       12.032344       12.141723        22.462751       98.138837       257.42183       38.289135       33.970557       105.24864      0.23360948        0.14720282        0.47194644      0.25204651        0.71600489       2.1580187   2.1367254e-09       11.549717        2807.522       1035.3168       14.904227        10.840145         4.0640821         3859.95                 20.365431                 398.66474                           2379.0904                      9.4014178                0.3640283              3.7799825                         7.4057065         1035.3168       5.5615386
              4       1945.7872       3.0728435      0.97271703       70.587377     0.022748234      0.11790908     0.069827186       1.0481039    0.0052723435       1.0008423      0.99978434      0.99862948       48.447922      0.24707206       6.1299182       4.0794408       11.580425       12.514705        22.078697       98.436844        261.9325       40.044996       34.687431       109.31023      0.24641312        0.15548592        0.44923031      0.26209101        0.69448919       1.9976609   2.1603245e-09       11.662905       2809.2021       1035.3222       14.912848        11.825936         3.0869113       3861.7487                 20.337199                 400.35818                           2379.6372                      8.8695217               0.37017985              3.7985532                         7.4941722         1035.3222       5.5615386
             14        1945.866        3.071395      0.97293116       70.587377     0.022743681      0.11788082     0.069367225       1.0467553    0.0056242964       1.0006552      0.99968719      0.99874034       49.359959      0.18405223       5.8381929       3.8545038       11.797734        12.30115        21.176737       97.036361        264.3563       41.007262       33.993611       109.26047      0.24942733        0.15988283         0.4517743      0.26394522        0.69207832       2.0177743   2.1571975e-09       11.732382        2808.653       1035.3269       15.229007        12.452704         2.7763036       3861.2739                 20.323106                 400.11547                           2379.2612                      8.9532762                0.3740586              3.8101057                         7.5482174         1035.3269       5.5615386
             12       1943.0074       3.0688477      0.97284121       70.587377     0.022765586      0.11801664     0.068857799       1.0450465    0.0060383939      0.99975543      0.99981171      0.99805473        51.87578      0.27970469       4.4245997        5.057046       13.326827       11.524841        19.358504       90.971649       262.93673       39.723602       30.608424       106.07846      0.20334913        0.16264829        0.42149563      0.24039814        0.70624975       1.9674922   2.1517095e-09        11.55143       2807.8067       1035.3043        12.89537        10.491673         2.4036972        3860.224                  20.32322                 399.89544                            2378.528                      9.0600478               0.36318483              3.7780409                         7.4102044         1035.3043       5.5615386
              7       1941.3223       3.0797191       0.9733235       70.587377      0.02282945      0.11809521     0.073636349       1.0483548    0.0035845259       1.0001713      0.99942466      0.99804553       49.452499      0.61119051       1.8607987       7.0026512       12.805106       10.514895        13.911443       84.354101       270.97433        44.56927       33.164143       108.82592      0.18796355         0.1607844         0.4042884      0.21659528        0.74866133       2.1052196    2.175229e-09        11.24548       2805.5453       1035.2843       12.503977         10.47363          2.030347       3857.6366                 20.375657                 402.28708                           2374.2429                        8.63965               0.34616191              3.7259549                         7.1733631         1035.2843       5.5615386
              2       1939.5932       3.0801115      0.97331516       70.587377     0.022823599      0.11807827     0.073848318       1.0494344    0.0036044088       1.0001883      0.99940684      0.99793805       45.683005      0.43102935        6.276494       5.8367354       11.056971       11.205267         16.52754        87.76243       232.92114       33.687198       34.438494       116.61253      0.15068451        0.12415397        0.40607446       0.1741668        0.60656448       1.8868456   2.1760828e-09       11.272057       2802.8481       1035.2875       12.108628        7.8303415         4.2782868       3854.9692                 20.373856                 402.38054                             2371.46                      8.6337478               0.34774752              3.7307915                         7.1935185         1035.2875       5.5615386
             10       1939.4313        3.076255      0.97352863       70.587377     0.022819445      0.11804808     0.071675282        1.061088     0.003793807       1.0004629      0.99936903      0.99752281       43.544735      0.76480999       6.4004609        5.039395       11.267507       11.298973        18.007335       89.215241       240.52818       41.954346       44.642664        120.4484      0.11089433        0.11730453        0.41769889      0.26787889        0.60010109       1.8058075    2.167707e-09       11.244198       2801.9337       1035.2923       12.415407        8.5417484         3.8736581       3854.0318                 20.285821                 401.18011                           2371.7568                      8.7109978                0.3466779              3.7271547                         7.1703653         1035.2923       5.5615386
              1       1940.5586       3.0767778       0.9734498       70.587377     0.022823934      0.11803326     0.071963727       1.0603557    0.0036239951        1.000438      0.99959717      0.99767465       42.463098      0.86255058       5.5900179       6.3128314       10.701081       11.544016        17.645886       90.514841        274.7568       42.490949        45.55665       120.09954     0.096722775        0.10678293        0.39567711      0.24186972        0.59105043       1.7486453   2.1688405e-09       11.249582        2804.942       1035.2937       12.035158        8.1764162         3.8587418       3857.0468                 20.304927                 401.32955                           2374.6158                      8.6917064               0.34705774              3.7282766                         7.1742477         1035.2937       5.5615386
              5       1944.6762       3.0770561      0.97346107       70.587377      0.02282212      0.11802224     0.072049864       1.0593935    0.0036271347       1.0010839      0.99962875      0.99768233       51.215688      0.82147624       6.8172477       6.2877371       11.721857       12.229214        19.268703       87.404025       278.28023       43.665304        45.51266       108.36148      0.10362082       0.098033188        0.44021492      0.21286899        0.57487159       1.9285448   2.1694442e-09       11.267753        2808.845       1035.2955       14.191282         8.883834         5.3074484       3860.9698                 20.271986                 401.40257                           2378.4048                      8.7656445               0.34811561              3.7315183                         7.1881193         1035.2955       5.5615386
              3       1944.0818        3.077051      0.97345899       70.587377     0.022822061      0.11802245      0.07204555       1.0594378    0.0036264119       1.0010853      0.99956498      0.99771131        50.86511      0.77877786       6.5699603       6.1532612       11.790291       12.203597        19.022278       87.601009       277.61124       43.697532       44.457065       108.43716     0.099377877       0.089624121        0.42967933       0.2104934        0.57136205       1.9337131   2.1694331e-09        11.26871       2807.5405       1035.2955       14.248655        9.3788791         4.8697762       3859.6663                  20.27161                 401.39708                           2377.1063                      8.7654862               0.34816287              3.7316685                         7.1888789         1035.2955       5.5615386
              1       1944.6925       3.0879039      0.97423301       70.587377      0.02284676      0.11824736     0.076844463       1.0125592    0.0011283003       1.0014367      0.99960974      0.99769852       49.814364      0.78771191        6.966594       5.6239869       11.658103       12.043638        18.883488       87.787064       273.01148       42.485683       45.224096       110.63247     0.096429306       0.087669682         0.4309468      0.21122981        0.57233185       1.9305472    2.193106e-09       11.263937       2808.7007       1035.2609       14.298957        9.3447001          4.954257       3860.7871                 20.447254                 404.12632                           2375.4508                      8.6763402               0.34536797              3.7247218                         7.1938468         1035.2609       5.5615386
              4       1945.0832       3.0874151      0.97565145       70.587377      0.02288376      0.11797921     0.077449358       1.0246899   0.00071439437       1.0009561      0.99964143      0.99777505       50.224536      0.74823247       7.1665739       5.4305141       11.803871       12.210859        18.810534       87.714369       267.59158       41.047024       43.690826       110.06426     0.088413808       0.087557395        0.42995134      0.20215397        0.58300642       1.9527729   2.1920343e-09       11.236946       2809.2143       1035.2929       14.430394        9.3730609         5.0573334       3861.3057                 20.284173                 404.29147                           2376.0103                      8.6283628               0.34635419              3.7260971                         7.1644943         1035.2929       5.5615386
             12       1947.8205       3.0874151      0.97565145       70.518841      0.02288376      0.11797921     0.077449358       1.0246899   0.00071439437       1.0009561      0.99927618      0.99803269       51.982112      0.72401607       8.7636604       5.0759281       11.591173        13.29687         21.84831       92.035031       247.26546       37.512396       43.924907       104.26891      0.06738109       0.076480109        0.41067371      0.17758186        0.62828113        1.937522   2.1920343e-09       10.814688       2807.7512       1035.2551       17.971636        10.836448         7.1351881       3859.6977                 20.278656                 404.31378                           2374.5443                      8.6144267               0.32205114              3.6500706                         6.8425662         1035.2551       5.8767056
              1       1946.1018       3.0752704      0.97404647       70.518841     0.022909119      0.11843966     0.072759515       1.0472269    0.0014532624      0.99902341      0.99909499       0.9975278       51.136799      0.64904899       8.6432082       6.0530934       11.801089       13.245301        22.154281       92.368128       241.86586       35.065833       39.127509       102.05696     0.088299955        0.09973654        0.43131724      0.17812944        0.63262795        1.995915   2.1655737e-09       10.345911       2804.4579       1035.1913       18.165983        10.160064          8.005919       3855.8717                 20.300873                 401.73946                            2373.644                      8.7735441               0.29353126               3.558915                         6.4934652         1035.1913       5.8767056
              8       1946.2977       3.0833582      0.97122352       70.518841     0.022808437      0.11902204     0.075494957       1.0762133    0.0028393735      0.99900044       0.9999664      0.99731624       54.820041      0.92515218       7.0104375       3.2663492       11.940556       10.053085        17.076557       81.637583       238.63743       56.229976       56.772129       112.14755      0.11533089        0.12017919        0.47193193       0.1983378         0.5939078       2.3975187   2.1831595e-09       10.188123       2816.9464       1035.1322       12.225955        8.8289169         3.3970386       3868.1434                 20.536754                 403.50147                           2384.1654                       8.742782               0.28131833              3.5206317                         6.3861732         1035.1322       5.8767056
              1       1946.5169       3.0872244      0.97215915       70.518841     0.022795405      0.11903612     0.077554793       1.0954699    0.0039667922       0.9995218      0.99994826      0.99805244       55.028778      0.90160776       6.9476026       3.5558093       12.388872       10.510007        19.027947       86.018995         238.944       54.825222       54.493464        111.1052      0.11401459        0.10714276        0.51346981      0.19202639        0.61724324       2.4325128   2.1916163e-09       10.147511        2817.993        1035.132       11.942225        8.4386015         3.5036236       3869.1493                  20.36915                 404.59398                           2384.2477                      8.7821487               0.27924101              3.5134298                         6.3548405          1035.132       5.8767056
              8       1946.0943       3.0786474      0.97078432       70.518841      0.02289121      0.11890138     0.075053084       1.1464005    0.0040550185      0.99769284      0.99990479      0.99806918       54.518435      0.87105575       7.1836186       3.8005838       12.567231       10.316359        19.431184       86.979127       239.27319       54.789893        54.29559       110.56564       0.1157465        0.10685911         0.5035604      0.19489762        0.61153565       2.3696678   2.1728991e-09       9.6593205       2815.9647       1035.1367       12.775633        8.8928173         3.8828156       3866.6373                 20.288171                 403.02918                           2384.0332                       8.614154               0.25435698              3.4245472                         5.9804164         1035.1367       5.8767056
              1       1946.7343        3.079433      0.97069688       70.518841     0.022886928       0.1186465      0.07641588       1.1350934     0.003646194      0.99707832      0.99922401       0.9974896       54.409983      0.84068669       4.7136002       6.7201147       11.379966       10.316192        14.805056       78.097134       235.96582        46.01201       42.926457       107.54054     0.073557791        0.11647032        0.56279421      0.20990805        0.52770583       2.1545295   2.1746069e-09       9.8725906        2811.482       1035.1681       15.534618        12.257319         3.2772982       3862.3994                 20.350434                 403.81948                             2378.74                      8.5721112               0.26746483              3.4698162                         6.1353097         1035.1681       5.8767056
              1       1944.0736       3.0768132      0.96804303       70.518841     0.022808665      0.11892241     0.074691006       1.1447469    0.0042578314       0.9971585      0.99940359      0.99776622       57.324128      0.64553142       4.4757463       6.6916329       11.623112       10.027283        13.829539       76.708887       239.87304       46.105154       41.068734       104.66647     0.090198478        0.12911543        0.60401864      0.20815892        0.53289788       2.0482307   2.1689173e-09        9.929261       2807.1728        1035.144       15.012174        11.942006         3.0701677       3858.1228                 20.540874                 403.05077                           2374.9597                      8.6214454               0.26885905              3.4762362                         6.1841658          1035.144       5.8767056
              1        1942.593        3.083187        0.966459       70.518841     0.022958423      0.11878176     0.077065783       1.1004835    0.0063464216      0.99758156      0.99987126      0.99733379       55.429903      0.63805192       6.3525534       4.9515627       13.000312       11.551059        17.454809       83.022145       248.48974        49.69045       46.411372       106.48677      0.10821141        0.12615869        0.48837595      0.23907451        0.57533094       2.0882116   2.1827857e-09       9.7535542       2806.1338       1035.1429       14.139497        10.369974         3.7695233        3856.907                  21.01308                 404.54735                           2372.1405                      8.4328751               0.25966764              3.4434262                         6.0504604         1035.1429       5.8767056
              4         1943.29       3.0563734      0.96565666       70.518841     0.022987008      0.11900683     0.065703879       1.0960551    0.0067223837      0.99532013      0.99979468      0.99738794       58.171636      0.66507437       5.6661986       5.0510465       12.396941        11.17136        16.007665       79.986677       254.93027       51.128686         46.1165        102.2337      0.11967611         0.1322857        0.45126848      0.26472034        0.56545124       1.9766983    2.125035e-09       9.5437876       2806.9909       1035.1131       14.527799        11.326006          3.201793       3857.5245                 20.844873                 398.66088                           2378.2884                      9.1967904               0.24686013              3.3984912                         5.8984362         1035.1131       5.8767056
              1         1943.92       3.0563734      0.96565666       70.381843     0.022987008      0.11900683     0.065703879       1.0960551    0.0067223837      0.99532013       0.9996845      0.99729299       57.375699      0.67788521       5.1563593       4.7757862       12.165256       11.629041        16.389711       80.785126       262.24047       55.614889       46.974818       103.76049      0.10098098        0.13338716        0.40676138      0.25168866        0.56270716       1.9043998    2.125035e-09       8.8619914       2808.5764       1035.0519       14.408429        11.700189         2.7082398        3859.023                 20.839637                 398.70237                            2380.015                      9.0193989               0.20742171              3.2501867                          5.404383         1035.0519       6.5327267
